TradDt,BizDt,Sgmt,Src,FinInstrmTp,FinInstrmId,ISIN,TckrSymb,SctySrs,XpryDt,FininstrmActlXpryDt,StrkPric,OptnTp,FinInstrmNm,OpnPric,HghPric,LwPric,ClsPric,LastPric,PrvsClsgPric,UndrlygPric,SttlmPric,OpnIntrst,ChngInOpnIntrst,TtlTradgVol,TtlTrfVal,TtlNbOfTxsExctd,SsnId,NewBrdLotQty,Rmks,Rsvd1,Rsvd2,Rsvd3,Rsvd4
2026-09-24,2026-09-24,CM,NSE,STK,19078,IN0020200104,SGBJUN28,GB,,,,,2.5%GOLDBONDS2028SR-III,15298.00,15298.00,14900.00,14925.83,14900.00,15059.00,,14923.81,,,210,3147752.45,58,F1,1,,,,,
2026-09-24,2026-09-24,CM,NSE,STK,1342,IN0020200286,SGBN28VIII,GB,,,,,2.5%GOLDBONDS2028SR-VIII,15002.00,15003.00,14941.00,14949.98,14950.00,15120.00,,14949.98,,,90,1346803.94,15,F1,1,,,,,
2026-09-24,2026-09-24,CM,NSE,STK,3742,IN0020210053,SGBMAY29I,GB,,,,,2.5%GOLDBONDS2029SR-I,15050.00,15050.00,14921.00,14936.00,14921.00,15099.99,,14936.00,,,508,7619378.12,72,F1,1,,,,,
2026-09-24,2026-09-24,CM,NSE,STK,3743,IN0020210061,SGBJUN29II,GB,,,,,2.5%GOLDBONDS2029SR-II,15090.00,15090.00,14965.00,14965.00,14965.00,15097.50,,14980.00,,,54,813329.96,15,F1,1,,,,,
2026-09-24,2026-09-24,CM,NSE,STK,3800,IN0020210087,SGBJU29III,GB,,,,,2.5%GOLDBONDS2029SR-III,15045.00,15045.00,14920.00,14922.32,14947.90,15125.00,,14922.32,,,61,911300.98,22,F1,1,,,,,
2026-09-24,2026-09-24,CM,NSE,STK,5575,IN0020210145,SGBSEP29VI,GB,,,,,2.5%GOLDBONDS2029SR-VI,15074.00,15094.54,14926.00,14942.72,14930.00,15094.54,,14923.73,,,331,4962763.96,121,F1,1,,,,,
2026-09-24,2026-09-24,CM,NSE,STK,6518,IN0020210178,SGBNV29VII,GB,,,,,2.5%GOLDBONDS2029SR-VII,15105.00,15105.00,14951.00,14961.48,14959.00,15106.63,,14961.48,,,58,870445.98,23,F1,1,,,,,
2026-09-24,2026-09-24,CM,NSE,STK,7654,IN0020180389,SGBDEC26,GB,,,,,2.50%GOLDBONDS2026SR-IV,15099.98,15100.00,15099.98,15100.00,15100.00,15100.00,,15100.00,,,6,90599.95,4,F1,1,,,,,
2026-09-24,2026-09-24,CM,NSE,STK,11154,IN0020190081,SGBJUL27,GB,,,,,2.50%GOLDBONDS2027SR-II,15050.00,15050.00,15050.00,15050.00,15050.00,15050.00,,15045.00,,,5,75250.00,3,F1,1,,,,,
2026-09-24,2026-09-24,CM,NSE,STK,12904,IN0020190107,SGBAUG27,GB,,,,,2.50%GOLDBONDS2027SR-III,15070.00,15070.00,14861.00,14928.00,14928.00,15070.00,,14928.00,,,33,492859.03,16,F1,1,,,,,
2026-09-24,2026-09-24,CM,NSE,STK,13209,IN0020190115,SGBSEP27,GB,,,,,2.50%GOLDBONDS2027SR-IV,15000.00,15000.00,15000.00,15000.00,15000.00,15049.90,,15000.00,,,1,15000.00,1,F1,1,,,,,
2026-09-24,2026-09-24,CM,NSE,STK,13981,IN0020190370,SGBOCT27,GB,,,,,2.50%GOLDBONDS2027SR-V,15000.00,15000.00,14901.00,14950.50,14901.00,15105.00,,14950.50,,,2,29901.00,2,F1,1,,,,,
2026-09-24,2026-09-24,CM,NSE,STK,8766,IN0020180561,SGBFEB27,GB,,,,,2.50%GOLDBONDS2027SR-VI,14842.00,14930.00,14842.00,14899.90,14899.90,15145.35,,14899.90,,,17,252903.37,8,F1,1,,,,,
2026-09-24,2026-09-24,CM,NSE,STK,14252,IN0020190388,SGBOCT27VI,GB,,,,,2.50%GOLDBONDS2027SR-VI,14963.85,14963.85,14963.85,14963.85,14963.85,15115.00,,14963.85,,,1,14963.85,1,F1,1,,,,,
2026-09-24,2026-09-24,CM,NSE,STK,15432,IN0020190461,SGBDC27VII,GB,,,,,2.50%GOLDBONDS2027SR-VII,14901.00,15150.00,14901.00,14990.00,14990.00,15090.00,,14990.00,,,25,375254.51,13,F1,1,,,,,
2026-09-24,2026-09-24,CM,NSE,STK,18862,IN0020200062,SGBAPR28I,GB,,,,,2.50%GOLDBONDS2028SR-I,15030.00,15130.00,14995.01,15010.90,15010.00,15150.04,,15010.90,,,808,12140132.33,41,F1,1,,,,,
2026-09-24,2026-09-24,CM,NSE,STK,18972,IN0020200088,SGBMAY28,GB,,,,,2.50%GOLDBONDS2028SR-II,14925.61,15085.00,14910.00,14920.00,14920.00,15091.14,,14920.00,,,8,119685.63,5,F1,1,,,,,
2026-09-24,2026-09-24,CM,NSE,STK,22242,IN0020200146,SGBJUL28IV,GB,,,,,2.50%GOLDBONDS2028SR-IV,14910.01,14985.00,14831.00,14895.90,14865.03,15035.88,,14896.11,,,205,3060734.41,46,F1,1,,,,,
2026-09-24,2026-09-24,CM,NSE,STK,22385,IN0020200161,SGBAUG28V,GB,,,,,2.50%GOLDBONDS2028SR-V,15100.00,15100.00,14915.00,14938.06,14930.00,15044.13,,14937.10,,,386,5777255.24,95,F1,1,,,,,
2026-09-24,2026-09-24,CM,NSE,STK,149,IN0020200195,SGBSEP28VI,GB,,,,,2.50%GOLDBONDS2028SR-VI,14990.00,14998.99,14855.01,14899.06,14899.00,15051.66,,14897.32,,,58,866938.49,37,F1,1,,,,,
2026-09-24,2026-09-24,CM,NSE,STK,834,IN0020200203,SGBOC28VII,GB,,,,,2.50%GOLDBONDS2028SR-VII,15040.20,15050.00,14951.00,14951.00,14951.00,15180.00,,14951.00,,,145,2173740.03,14,F1,1,,,,,
2026-09-24,2026-09-24,CM,NSE,STK,17110,IN0020190537,SGBJ28VIII,GB,,,,,2.50%GOLDBONDS2028SR-VIII,15000.01,15049.98,15000.01,15049.98,15049.98,15078.99,,15049.98,,,6,90050.03,2,F1,1,,,,,
2026-09-24,2026-09-24,CM,NSE,STK,18451,IN0020190552,SGBMAR28X,GB,,,,,2.50%GOLDBONDS2028SR-X,15500.00,15500.00,14836.11,14899.90,14899.90,15990.00,,14899.90,,,19,283160.24,4,F1,1,,,,,
2026-09-24,2026-09-24,CM,NSE,STK,5113,IN0020210111,SGBJUL29IV,GB,,,,,2.50%GOLDBONDS2029SR-IV,15000.00,15000.01,14942.00,14999.89,14999.89,15133.09,,14999.89,,,73,1092572.96,19,F1,1,,,,,
2026-09-24,2026-09-24,CM,NSE,STK,1920,IN0020200377,SGBJAN29IX,GB,,,,,2.50%GOLDBONDS2029SR-IX,15070.00,15070.00,14915.00,14915.60,14915.01,15070.00,,14915.60,,,71,1062038.20,21,F1,1,,,,,
2026-09-24,2026-09-24,CM,NSE,STK,5455,IN0020210129,SGBAUG29V,GB,,,,,2.50%GOLDBONDS2029SR-V,15138.00,15144.99,14961.01,15020.05,15049.87,15107.06,,15020.05,,,64,961677.79,23,F1,1,,,,,
2026-09-24,2026-09-24,CM,NSE,STK,7098,IN0020210228,SGBD29VIII,GB,,,,,2.50%GOLDBONDS2029SR-VIII,15140.00,15250.00,15000.00,15000.00,15000.00,15138.49,,15007.07,,,141,2124773.04,43,F1,1,,,,,
2026-09-24,2026-09-24,CM,NSE,STK,2003,IN0020200385,SGBJAN29X,GB,,,,,2.50%GOLDBONDS2029SR-X,14975.00,14980.00,14916.00,14916.80,14916.00,15076.25,,14916.80,,,31,463924.00,14,F1,1,,,,,
2026-09-24,2026-09-24,CM,NSE,STK,2200,IN0020200393,SGBFEB29XI,GB,,,,,2.50%GOLDBONDS2029SR-XI,14911.00,14936.40,14910.01,14935.17,14935.00,15100.00,,14935.17,,,16,238777.47,6,F1,1,,,,,
2026-09-24,2026-09-24,CM,NSE,STK,2810,IN0020200427,SGBMR29XII,GB,,,,,2.50%GOLDBONDS2029SR-XII,15099.00,15099.00,14921.00,14995.48,14999.00,15098.36,,14995.48,,,308,4616786.82,90,F1,1,,,,,
2026-09-24,2026-09-24,CM,NSE,STK,10232,IN0020220045,SGBJUN30,GB,,,,,2.50%GOLDBONDS2030SR-I,15299.00,15299.00,15045.00,15200.00,15200.00,15292.17,,15200.00,,,83,1262106.20,23,F1,1,,,,,
2026-09-24,2026-09-24,CM,NSE,STK,11192,IN0020220078,SGBAUG30,GB,,,,,2.50%GOLDBONDS2030SR-II,15206.00,15375.00,15200.00,15210.00,15200.00,15380.00,,15214.00,,,150,2294179.47,60,F1,1,,,,,
2026-09-24,2026-09-24,CM,NSE,STK,13642,IN0020220110,SGBDE30III,GB,,,,,2.50%GOLDBONDS2030SR-III,15200.00,15350.00,15180.03,15204.11,15200.00,15298.00,,15204.11,,,150,2286306.01,57,F1,1,,,,,
2026-09-24,2026-09-24,CM,NSE,STK,7879,IN0020210236,SGBJAN30IX,GB,,,,,2.50%GOLDBONDS2030SR-IX,15100.00,15170.00,15001.01,15145.00,15145.00,15190.10,,15145.83,,,48,724230.20,23,F1,1,,,,,
2026-09-24,2026-09-24,CM,NSE,STK,8401,IN0020210319,SGBMAR30X,GB,,,,,2.50%GOLDBONDS2030SR-X,15100.00,15298.00,14970.00,15003.93,14972.00,15136.00,,15003.93,,,29,437525.10,18,F1,1,,,,,
2026-09-24,2026-09-24,CM,NSE,STK,17202,IN0020230069,SGBJUN31I,GB,,,,,2.50%GOLDBONDS2031SR-I,15325.00,15374.99,15285.10,15325.92,15347.50,15376.18,,15325.92,,,323,4950328.66,70,F1,1,,,,,
2026-09-24,2026-09-24,CM,NSE,STK,19456,IN0020230093,SGBSEP31II,GB,,,,,2.50%GOLDBONDS2031SR-II,15350.00,15369.00,15287.53,15292.88,15338.00,15356.78,,15292.88,,,598,9171915.21,115,F1,1,,,,,
2026-09-24,2026-09-24,CM,NSE,STK,22476,IN0020230168,SGBDE31III,GB,,,,,2.50%GOLDBONDS2031SR-III,15429.00,15470.00,15386.00,15400.56,15401.02,15481.36,,15400.56,,,438,6755467.20,147,F1,1,,,,,
2026-09-24,2026-09-24,CM,NSE,STK,14598,IN0020220169,SGBMAR31IV,GB,,,,,2.50%GOLDBONDS2031SR-IV,15240.01,15379.88,15156.36,15229.35,15299.00,15350.00,,15229.35,,,173,2642864.79,61,F1,1,,,,,
2026-09-24,2026-09-24,CM,NSE,STK,22886,IN0020230184,SGBFEB32IV,GB,,,,,2.50%GOLDBONDS2032SR-IV,15511.00,15723.99,15511.00,15592.55,15640.00,15713.26,,15595.95,,,735,11501857.39,169,F1,1,,,,,
2026-09-24,2026-09-24,CM,NSE,STK,16921,INE144J01027,20MICRONS,EQ,,,,,20 MICRONS LTD,217.70,217.80,212.16,213.87,216.00,219.21,,213.86,,,65908,14168994.10,2566,F1,1,,,,,
2026-09-24,2026-09-24,CM,NSE,STK,4,INE253B01015,21STCENMGM,EQ,,,,,21ST CENTURY MGMT SERVICE,40.00,40.00,39.16,39.77,40.00,39.92,,39.78,,,3133,124827.64,37,F1,1,,,,,
2026-09-24,2026-09-24,CM,NSE,STK,13061,INE466L01038,360ONE,EQ,,,,,360 ONE WAM LIMITED,1099.50,1103.00,1066.90,1080.80,1080.80,1108.00,,1080.79,,,1356395,1463916226.50,42931,F1,1,,,,,
2026-09-24,2026-09-24,CM,NSE,STK,30105,INF579M01BB5,GOLD360,EQ,,,,,360ONEAMC - GOLD360,147.00,147.00,145.35,145.85,145.35,147.35,,145.86,,,8851,1293327.60,277,F1,1,,,,,
2026-09-24,2026-09-24,CM,NSE,STK,763602,INF579M01BP5,MSCI360,EQ,,,,,360ONEAMC - MSCI360,10.17,10.19,9.74,9.88,10.05,10.25,,9.88,,,55811,548835.67,1033,F1,1,,,,,
2026-09-24,2026-09-24,CM,NSE,STK,756150,INF579M01BC3,SILVER360,EQ,,,,,360ONEAMC - SILVER360,225.99,225.99,222.00,222.40,222.48,226.75,,222.40,,,17624,3931481.17,407,F1,1,,,,,
2026-09-24,2026-09-24,CM,NSE,STK,762518,INE994E01018,3BBLACKBIO,EQ,,,,,3B BLACKBIO DX LTD.,1425.00,1425.00,1391.00,1406.00,1400.90,1431.60,,1406.31,,,6962,9802880.90,776,F1,1,,,,,
2026-09-24,2026-09-24,CM,NSE,STK,6240,INE748C01038,3IINFOLTD,BE,,,,,3I INFOTECH LIMITED,26.03,26.03,24.80,24.96,24.90,25.74,,24.96,,,270182,6782631.87,678,F1,1,,,,,
2026-09-24,2026-09-24,CM,NSE,STK,474,INE470A01017,3MINDIA,EQ,,,,,3M INDIA LIMITED,34600.00,34790.00,34285.00,34590.00,34700.00,34615.00,,34589.41,,,1608,55614305.00,984,F1,1,,,,,
2026-09-24,2026-09-24,CM,NSE,STK,2595,INE105C01023,3PLAND,EQ,,,,,3P LAND HOLDINGS LIMITED,31.50,31.50,30.51,30.52,30.51,30.91,,30.52,,,302,9344.62,22,F1,1,,,,,
2026-09-24,2026-09-24,CM,NSE,STK,445,INE618L01018,5PAISA,EQ,,,,,5PAISA CAPITAL LIMITED,318.15,318.15,305.15,308.40,309.00,318.15,,307.93,,,26049,8092154.30,1150,F1,1,,,,,
2026-09-24,2026-09-24,CM,NSE,STK,11868,INE111B01023,63MOONS,EQ,,,,,63 MOONS TECHNOLOGIES LTD,849.15,891.90,840.20,862.90,862.00,852.95,,862.98,,,561321,489072608.80,25983,F1,1,,,,,
2026-09-24,2026-09-24,CM,NSE,STK,19972,INE134E07570,735PFCL35,N1,,,,,7.35% TAX FREE NCD,1206.00,1206.00,1206.00,1206.00,1206.00,1206.00,,1206.00,,,200,241200.00,2,F1,1,,,,,
2026-09-24,2026-09-24,CM,NSE,STK,19976,INE134E07588,760PFCL35,N3,,,,,7.60% TAX FREE NCD,1215.00,1246.00,1215.00,1215.10,1215.10,1230.00,,1227.55,,,8,9751.60,3,F1,1,,,,,
2026-09-24,2026-09-24,CM,NSE,STK,20034,INE261F07032,764NABAR31,N2,,,,,7.64% TAX FREE TRI SRIIB,1116.60,1117.00,1114.00,1114.18,1114.00,1116.53,,1114.18,,,744,829250.60,23,F1,1,,,,,
2026-09-24,2026-09-24,CM,NSE,STK,19928,INE031A07AO5,764HUDCO31,N8,,,,,7.64% TAX FREETRI SR2B,1130.00,1130.00,1130.00,1130.00,1130.00,1132.00,,1130.00,,,1,1130.00,1,F1,1,,,,,
2026-09-24,2026-09-24,CM,NSE,STK,19930,INE031A07AT4,769HUDCO31,N9,,,,,7.69% TAX FREETRII SR2B,1138.10,1138.10,1136.35,1136.52,1136.35,1138.00,,1136.38,,,966,1098315.82,15,F1,1,,,,,
2026-09-24,2026-09-24,CM,NSE,STK,20030,INE202E07229,774IREDA31,N7,,,,,7.74% TAX FREE NCD,1127.50,1127.50,1127.50,1127.50,1127.50,1127.50,,1127.50,,,2,2255.00,1,F1,1,,,,,
2026-09-24,2026-09-24,CM,NSE,STK,19924,INE020B07GH7,812REC27,NI,,,,,8.12/8.32% TAX FREE NCD,1029.80,1029.80,1029.50,1029.50,1029.50,1030.79,,1029.50,,,88,90611.00,3,F1,1,,,,,
2026-09-24,2026-09-24,CM,NSE,STK,20022,INE134E07208,830PFCL27,N5,,,,,8.30% TAX FREE NCD,1085.00,1087.00,1085.00,1087.00,1087.00,1082.32,,1087.00,,,199,216115.37,6,F1,1,,,,,
2026-09-24,2026-09-24,CM,NSE,STK,192,INE906B07DF8,875NHAI29,N6,,,,,8.75% TAX FREE TR I S IIB,1116.75,1118.00,1116.35,1118.00,1118.00,1118.05,,1118.00,,,751,838991.35,7,F1,1,,,,,
2026-09-24,2026-09-24,CM,NSE,STK,19968,INE031A07949,876HUDCO28,ND,,,,,8.76% TAX FREETRI SR2B,1140.06,1142.01,1140.05,1142.00,1142.00,1139.06,,1142.00,,,850,970214.10,5,F1,1,,,,,
2026-09-24,2026-09-24,CM,NSE,STK,31768,INE733E07JJ9,891NTPC33,N6,,,,,8.91%S-R-NCD SERIES 3B,1276.05,1285.00,1276.05,1277.05,1277.05,1277.10,,1277.05,,,737,941222.15,7,F1,1,,,,,
2026-09-24,2026-09-24,CM,NSE,STK,31487,INE848E07567,892NHPC33,N6,,,,,8.92% SEC RED BOND S3B,1260.00,1260.00,1260.00,1260.00,1260.00,1260.00,,1260.00,,,20,25200.00,1,F1,1,,,,,
2026-09-24,2026-09-24,CM,NSE,STK,20028,INE134E07463,892PFCL33,N8,,,,,8.92% TAX FREE NCD,1282.13,1282.51,1280.25,1280.48,1280.25,1282.13,,1281.20,,,111,142152.27,4,F1,1,,,,,
2026-09-24,2026-09-24,CM,NSE,STK,19970,INE031A07AB2,901HUDCO34,NE,,,,,9.01% TAX FREETRII SR3B,1287.70,1287.70,1287.70,1287.70,1287.70,1287.89,,1287.70,,,1,1287.70,1,F1,1,,,,,
2026-09-24,2026-09-24,CM,NSE,STK,759130,INE08PH01015,ABCOTS,EQ,,,,,A B COTSPIN INDIA LIMITED,202.00,207.90,200.98,201.58,202.50,203.57,,200.80,,,5289,1065328.28,130,F1,1,,,,,
2026-09-24,2026-09-24,CM,NSE,STK,27016,INE00YB01025,ABINFRA,BE,,,,,A B INFRABUILD LIMITED,12.32,12.80,12.06,12.31,12.49,12.57,,12.30,,,202741,2505750.48,290,F1,1,,,,,
2026-09-24,2026-09-24,CM,NSE,STK,762528,INE850B01026,ABMKNO,EQ,,,,,A B M KNOWLEDGEWARE LTD.,172.01,174.99,167.20,170.80,170.80,171.41,,170.80,,,1253,211464.76,54,F1,1,,,,,
2026-09-24,2026-09-24,CM,NSE,STK,762536,INE366C01021,ACSTECH,BE,,,,,A C S TECHNOLOGIES LTD.,75.49,80.38,72.80,80.37,80.38,76.56,,80.42,,,875467,67763827.70,1534,F1,1,,,,,
2026-09-24,2026-09-24,CM,NSE,STK,762538,INE701G01012,AKCAPIT,EQ,,,,,A K CAPITAL SERVICES LTD.,1746.20,1760.00,1698.20,1729.20,1753.00,1753.90,,1736.07,,,1647,2862962.90,248,F1,1,,,,,
2026-09-24,2026-09-24,CM,NSE,STK,20906,INE619I01012,A2ZINFRA,EQ,,,,,A2Z INFRA ENGINEERING LTD,14.90,15.15,14.71,14.74,14.71,14.79,,14.73,,,236843,3519081.06,821,F1,1,,,,,
2026-09-24,2026-09-24,CM,NSE,STK,12533,INE0D0U01013,AAATECH,EQ,,,,,AAA TECHNOLOGIES LIMITED,94.16,95.98,90.25,91.84,92.77,93.56,,91.82,,,128773,12103487.54,893,F1,1,,,,,
2026-09-24,2026-09-24,CM,NSE,STK,23729,INE883F01010,AADHARHFC,EQ,,,,,AADHAR HOUSING FINANCE L,454.20,454.20,444.30,446.70,446.90,454.55,,446.76,,,183120,81938380.70,9756,F1,1,,,,,
2026-09-24,2026-09-24,CM,NSE,STK,757579,INE1GYP01013,AAKAAR,SM,,,,,AAKAAR MEDICAL TECHNO LTD,73.40,73.40,68.15,68.15,68.15,70.00,,68.15,,,3200,226480.00,2,F1,1600,,,,,
2026-09-24,2026-09-24,CM,NSE,STK,235,INE087Z01024,AAKASH,EQ,,,,,AAKASH EXPLORATION SER L,9.12,9.50,8.91,9.09,9.19,9.13,,9.09,,,288598,2659203.99,590,F1,1,,,,,
2026-09-24,2026-09-24,CM,NSE,STK,758216,INE124401014,AARADHYA,ST,,,,,AARADHYA DISPOSAL INDUS L,138.00,138.00,135.05,138.00,138.00,138.05,,138.00,,,7200,983220.00,6,F1,1200,,,,,
2026-09-24,2026-09-24,CM,NSE,STK,5245,INE198H01019,AAREYDRUGS,EQ,,,,,AAREY DRUGS & PHARM LTD,101.75,101.78,99.50,100.26,101.00,102.63,,100.26,,,350999,35223714.66,1015,F1,1,,,,,
2026-09-24,2026-09-24,CM,NSE,STK,761824,INE750R01016,AARNAV,BE,,,,,AARNAV FASHIONS LIMITED,33.00,35.09,32.35,35.00,35.08,33.42,,35.00,,,63958,2230779.88,188,F1,1,,,,,
2026-09-24,2026-09-24,CM,NSE,STK,1030,INE721Z01010,AARON,EQ,,,,,AARON INDUSTRIES LIMITED,122.60,125.00,115.50,116.68,117.41,122.60,,116.68,,,48639,5763524.33,959,F1,1,,,,,
2026-09-24,2026-09-24,CM,NSE,STK,17164,INE01C001026,AARTECH,BE,,,,,AARTECH SOLONICS LIMITED,50.98,51.00,49.15,50.41,50.80,50.70,,50.41,,,36408,1823701.25,170,F1,1,,,,,
2026-09-24,2026-09-24,CM,NSE,STK,4481,INE767A01016,AARTIDRUGS,EQ,,,,,AARTI DRUGS LTD.,436.35,450.20,434.60,437.25,438.00,436.25,,437.26,,,387992,172026617.80,13267,F1,1,,,,,
2026-09-24,2026-09-24,CM,NSE,STK,7,INE769A01020,AARTIIND,EQ,,,,,AARTI INDUSTRIES LTD,487.65,492.20,484.05,489.45,490.80,491.35,,489.42,,,291316,142110039.90,11580,F1,1,,,,,
2026-09-24,2026-09-24,CM,NSE,STK,13868,INE0LRU01027,AARTIPHARM,EQ,,,,,AARTI PHARMALABS LIMITED,934.50,957.00,923.35,934.25,930.00,940.10,,934.26,,,800441,754620907.80,41353,F1,1,,,,,
2026-09-24,2026-09-24,CM,NSE,STK,19263,INE09EO01013,AARTISURF,BE,,,,,AARTI SURFACTANTS LIMITED,530.95,540.95,511.00,516.75,523.70,530.95,,518.42,,,10403,5418273.10,293,F1,1,,,,,
2026-09-24,2026-09-24,CM,NSE,STK,19073,INE754X01016,AARVI,EQ,,,,,AARVI ENCON LIMITED,137.16,138.48,135.25,135.85,137.99,136.48,,135.82,,,8657,1180670.37,97,F1,1,,,,,
2026-09-24,2026-09-24,CM,NSE,STK,763800,INE2FMX01012,AASTHA,EQ,,,,,AASTHA SPINTEX LIMITED,96.00,96.00,80.80,80.80,80.80,89.77,,80.80,,,3696534,304893873.66,14159,F1,1,,,,,
2026-09-24,2026-09-24,CM,NSE,STK,5385,INE216P01012,AAVAS,EQ,,,,,AAVAS FINANCIERS LIMITED,1270.00,1270.00,1243.00,1256.40,1256.60,1285.80,,1256.53,,,88763,111567951.60,13280,F1,1,,,,,
2026-09-24,2026-09-24,CM,NSE,STK,7759,INE421A01028,ABAN,BE,,,,,ABAN OFFSHORE LTD.,14.00,14.30,13.75,13.95,13.80,14.02,,13.95,,,19590,274886.95,115,F1,1,,,,,
2026-09-24,2026-09-24,CM,NSE,STK,762523,INE365O01028,ABANSENT,EQ,,,,,ABANS ENTERPRISES LTD.,27.34,27.34,26.35,27.25,27.28,26.86,,27.08,,,2166,58475.86,92,F1,1,,,,,
2026-09-24,2026-09-24,CM,NSE,STK,13288,INE00ZE01026,AFSL,EQ,,,,,ABANS FINANCIAL SRVCS LTD,207.40,207.40,201.20,203.47,203.99,204.56,,203.47,,,1319,267966.48,88,F1,1,,,,,
2026-09-24,2026-09-24,CM,NSE,STK,13,INE117A01022,ABB,EQ,,,,,ABB INDIA LIMITED,7080.00,7144.50,7062.50,7129.00,7129.00,7120.00,,7128.35,,,141360,1005958045.00,17896,F1,1,,,,,
2026-09-24,2026-09-24,CM,NSE,STK,17903,INE358A01014,ABBOTINDIA,EQ,,,,,ABBOTT INDIA LIMITED,26910.00,27225.00,26780.00,26860.00,26930.00,26935.00,,26867.62,,,4496,121316660.00,2467,F1,1,,,,,
2026-09-24,2026-09-24,CM,NSE,STK,765463,INE1R2M01019,ABH,SM,,,,,ABH HEALTHCARE LIMITED,47.75,47.75,47.75,47.75,47.75,50.25,,47.75,,,10800,515700.00,9,F1,1200,,,,,
2026-09-24,2026-09-24,CM,NSE,STK,27284,INE0UYG01015,ABHAPOWER,SM,,,,,ABHA POWER N STEEL LTD,24.30,24.30,23.45,23.45,23.45,24.30,,23.45,,,3200,76400.00,2,F1,1600,,,,,
2026-09-24,2026-09-24,CM,NSE,STK,5551,INE251C01025,ABMINTLLTD,BE,,,,,ABM INTERNATIONAL LTD,46.83,46.83,46.12,46.12,46.12,47.06,,46.12,,,1083,49949.38,5,F1,1,,,,,
2026-09-24,2026-09-24,CM,NSE,STK,23783,INE0QRV01016,ABSMARINE,SM,,,,,ABS MARINE SERVICES LTD,302.25,328.00,295.50,309.60,311.95,302.25,,309.60,,,76500,23938425.00,139,F1,500,,,,,
2026-09-24,2026-09-24,CM,NSE,STK,22,INE012A01025,ACC,EQ,,,,,ACC LIMITED,1247.00,1247.10,1230.50,1236.10,1236.70,1251.40,,1236.11,,,89640,110896031.40,6694,F1,1,,,,,
2026-09-24,2026-09-24,CM,NSE,STK,7053,INE793A01012,ACCELYA,EQ,,,,,ACCELYA SOLN INDIA LTD,1124.60,1124.60,1115.00,1120.90,1123.00,1124.60,,1121.00,,,5200,5824724.80,364,F1,1,,,,,
2026-09-24,2026-09-24,CM,NSE,STK,20488,INE0Q5D01013,ACCENTMIC,SM,,,,,ACCENT MICROCELL LIMITED,665.00,688.50,665.00,674.25,675.00,670.35,,674.25,,,94500,63973100.00,143,F1,500,,,,,
2026-09-24,2026-09-24,CM,NSE,STK,757024,INE0T8T01010,ACCPL,ST,,,,,ACCRETION PHARMA LIMITED,205.00,206.40,201.20,205.00,205.00,204.95,,205.00,,,12000,2450340.00,8,F1,1200,,,,,
2026-09-24,2026-09-24,CM,NSE,STK,1472,INE648Z01023,ACCURACY,BE,,,,,ACCURACY SHIPPING LIMITED,4.20,4.51,4.20,4.30,4.37,4.30,,4.30,,,105093,459293.88,198,F1,1,,,,,
2026-09-24,2026-09-24,CM,NSE,STK,11779,INE543V01017,ACEINTEG,EQ,,,,,ACE INTEGRATED SOLU. LTD.,17.78,17.87,17.49,17.71,17.74,17.43,,17.71,,,920,16342.22,16,F1,1,,,,,
2026-09-24,2026-09-24,CM,NSE,STK,761112,INE1J6M01010,ACETEC,SM,,,,,ACETECH E-COMMERCE LTD,157.50,157.50,148.00,148.00,148.00,153.00,,148.00,,,4800,737400.00,4,F1,1200,,,,,
2026-09-24,2026-09-24,CM,NSE,STK,27061,INE622W01025,ACMESOLAR,EQ,,,,,ACME SOLAR HOLDINGS LTD,454.80,459.45,444.15,446.65,447.00,452.30,,446.65,,,1545806,698124645.50,40898,F1,1,,,,,
2026-09-24,2026-09-24,CM,NSE,STK,13587,INE731H01025,ACE,EQ,,,,,ACTION CONST EQUIP LTD,1250.00,1254.40,1234.00,1241.00,1244.60,1253.90,,1241.06,,,270648,336437805.40,19867,F1,1,,,,,
2026-09-24,2026-09-24,CM,NSE,STK,5578,INE00FF01025,ACUTAAS,EQ,,,,,ACUTAAS CHEMICALS LIMITED,3232.00,3366.60,3232.00,3283.70,3295.00,3265.20,,3283.90,,,321801,1066606910.80,39072,F1,1,,,,,
2026-09-24,2026-09-24,CM,NSE,STK,10217,INE931S01010,ADANIENSOL,EQ,,,,,ADANI ENERGY SOLUTION LTD,1367.00,1371.40,1335.10,1340.50,1340.50,1380.00,,1340.53,,,1837547,2479879139.90,61657,F1,1,,,,,
2026-09-24,2026-09-24,CM,NSE,STK,25,INE423A01024,ADANIENT,EQ,,,,,ADANI ENTERPRISES LIMITED,2978.00,2978.00,2898.20,2900.00,2900.00,2993.20,,2900.18,,,1082462,3172619624.40,53908,F1,1,,,,,
2026-09-24,2026-09-24,CM,NSE,STK,3563,INE364U01010,ADANIGREEN,EQ,,,,,ADANI GREEN ENERGY LTD,1295.00,1309.80,1277.80,1280.10,1280.10,1300.90,,1280.09,,,2379526,3081027345.30,44329,F1,1,,,,,
2026-09-24,2026-09-24,CM,NSE,STK,15083,INE742F01042,ADANIPORTS,EQ,,,,,ADANI PORT & SEZ LTD,1802.40,1802.40,1775.00,1785.30,1785.30,1807.30,,1785.28,,,1589739,2840734463.30,76347,F1,1,,,,,
2026-09-24,2026-09-24,CM,NSE,STK,17388,INE814H01029,ADANIPOWER,EQ,,,,,ADANI POWER LTD,203.80,203.80,198.80,199.48,199.48,204.80,,199.49,,,20283670,4084346433.17,96066,F1,1,,,,,
2026-09-24,2026-09-24,CM,NSE,STK,6066,INE399L01023,ATGL,EQ,,,,,ADANI TOTAL GAS LIMITED,623.90,623.90,611.10,612.40,612.80,625.25,,612.40,,,634187,391514151.80,18041,F1,1,,,,,
2026-09-24,2026-09-24,CM,NSE,STK,764563,INE757C01021,ADDIND,EQ,,,,,ADDI INDUSTRIES LTD.,74.05,80.00,73.55,76.99,77.00,74.05,,76.99,,,128,10100.21,22,F1,1,,,,,
2026-09-24,2026-09-24,CM,NSE,STK,22468,INE0RDH01021,ADDICTIVE,SM,,,,,ADDICTIVE LEARNING TECH L,44.40,44.55,44.00,44.10,44.10,45.55,,44.10,,,14500,641675.00,7,F1,500,,,,,
2026-09-24,2026-09-24,CM,NSE,STK,19761,INE982B01027,ADFFOODS,EQ,,,,,ADF FOODS LIMITED,266.80,273.90,264.20,271.65,272.00,268.05,,271.63,,,85764,23226111.05,4028,F1,1,,,,,
2026-09-24,2026-09-24,CM,NSE,STK,763156,INE20PL01012,ADISOFT,SM,,,,,ADISOFT TECHNOLOGIES LTD,255.00,262.40,246.00,251.05,253.95,258.35,,251.05,,,157600,39952880.00,171,F1,800,,,,,
2026-09-24,2026-09-24,CM,NSE,STK,6018,INE404A01024,ABSLAMC,EQ,,,,,ADIT BIRL SUN LIF AMC LTD,1020.00,1030.30,1013.70,1024.20,1027.00,1026.60,,1024.17,,,67545,68974411.90,9326,F1,1,,,,,
2026-09-24,2026-09-24,CM,NSE,STK,21614,INE674K01013,ABCAPITAL,EQ,,,,,ADITYA BIRLA CAPITAL LTD.,394.60,401.70,388.50,390.10,390.10,402.45,,390.10,,,4053381,1595884567.15,38319,F1,1,,,,,
2026-09-24,2026-09-24,CM,NSE,STK,30108,INE647O01011,ABFRL,EQ,,,,,ADITYA BIRLA FASHION & RT,49.00,49.00,47.94,48.06,48.02,49.09,,48.06,,,5072424,244752051.23,22393,F1,1,,,,,
2026-09-24,2026-09-24,CM,NSE,STK,756843,INE14LE01019,ABLBL,EQ,,,,,ADITYA BIRLA LIFES BRAN L,80.00,80.08,77.78,78.59,78.73,79.81,,78.59,,,942973,74255622.54,9704,F1,1,,,,,
2026-09-24,2026-09-24,CM,NSE,STK,15239,INE865C01022,BIRLAMONEY,EQ,,,,,ADITYA BIRLA MONEY LTD,120.34,120.50,117.60,118.66,120.47,120.34,,118.63,,,16031,1901877.20,646,F1,1,,,,,
2026-09-24,2026-09-24,CM,NSE,STK,625,INE055A01016,ABREL,EQ,,,,,ADITYA BIRLA REAL EST LTD,1200.00,1262.90,1189.60,1211.80,1209.20,1206.40,,1211.83,,,500792,618135113.50,36941,F1,1,,,,,
2026-09-24,2026-09-24,CM,NSE,STK,758858,INE819V01029,CPPLUS,EQ,,,,,ADITYA INFOTECH LIMITED,3819.80,3874.60,3752.00,3800.10,3801.00,3831.90,,3800.07,,,318527,1214395109.00,29371,F1,1,,,,,
2026-09-24,2026-09-24,CM,NSE,STK,25248,INE01YQ01013,AUSL,SM,,,,,ADITYA ULTRA STEEL LTD,21.90,24.15,21.85,24.15,24.15,23.00,,24.15,,,18000,411500.00,8,F1,2000,,,,,
2026-09-24,2026-09-24,CM,NSE,STK,25984,INE679V01027,AVL,EQ,,,,,ADITYA VISION LIMITED,624.10,630.00,617.00,628.05,628.00,624.40,,628.04,,,83082,51939807.30,6917,F1,1,,,,,
2026-09-24,2026-09-24,CM,NSE,STK,23804,INF209KB18D3,BSLGOLDETF,EQ,,,,,ADITYBIRLA SL GOLD ETF-GR,131.60,132.41,131.36,131.48,131.57,132.90,,131.48,,,2075169,273274417.11,2250,F1,1,,,,,
2026-09-24,2026-09-24,CM,NSE,STK,24781,INF209KB19D1,BSLNIFTY,EQ,,,,,ADITYBIRLA SL NIF ETF-GR,28.24,28.24,26.90,27.15,27.20,27.56,,27.15,,,909838,24746547.68,5239,F1,1,,,,,
2026-09-24,2026-09-24,CM,NSE,STK,34,INE045A01017,ADOR,EQ,,,,,ADOR WELDING LTD,1597.00,1655.00,1590.00,1612.90,1610.10,1598.00,,1612.90,,,33616,54857618.40,4444,F1,1,,,,,
2026-09-24,2026-09-24,CM,NSE,STK,4953,INE737B01033,ADROITINFO,EQ,,,,,ADROIT INFOTECH LIMITED,13.88,13.91,12.61,12.73,12.79,13.53,,12.72,,,170767,2260948.91,1225,F1,1,,,,,
2026-09-24,2026-09-24,CM,NSE,STK,760657,INE0ALI01010,ADVAIT,EQ,,,,,ADVAIT ENRGY TRANSITION L,1975.00,1980.90,1915.30,1922.40,1936.50,1976.80,,1922.27,,,34484,67056387.90,5154,F1,1,,,,,
2026-09-24,2026-09-24,CM,NSE,STK,759402,INE1B0W01010,ADVANCE,EQ,,,,,ADVANCE AGROLIFE LIMITED,118.00,122.49,118.00,118.67,118.69,119.37,,118.64,,,197531,23703135.08,3233,F1,1,,,,,
2026-09-24,2026-09-24,CM,NSE,STK,18039,INE837H01020,ADVENZYMES,EQ,,,,,ADVANCED ENZYME TECH LTD,295.00,300.05,291.85,292.75,293.00,297.00,,292.75,,,205547,60970150.95,5960,F1,1,,,,,
2026-09-24,2026-09-24,CM,NSE,STK,14745,INE199C01026,ADVANIHOTR,EQ,,,,,ADVANI HOT.& RES.(I) LTD,47.57,48.48,47.55,47.75,47.99,47.57,,47.75,,,15922,760007.15,292,F1,1,,,,,
2026-09-24,2026-09-24,CM,NSE,STK,759769,INE28GN01010,ADVENTHTL,EQ,,,,,ADVENT HOTELS INTERNATI L,128.57,128.78,126.00,127.04,127.04,130.36,,127.04,,,133111,16922513.37,1728,F1,1,,,,,
2026-09-24,2026-09-24,CM,NSE,STK,765015,INE178T01024,ADVIKCA,EQ,,,,,ADVIK CAPITAL LTD.,1.01,1.03,0.96,0.99,1.00,1.01,,0.99,,,177622,177523.38,250,F1,1,,,,,
2026-09-24,2026-09-24,CM,NSE,STK,762227,INE1SJO01012,RAMBHAJO,EQ,,,,,ADVIT JEWELS LIMITED,284.90,285.45,275.00,275.76,276.00,286.10,,275.76,,,240258,66919771.03,3978,F1,1,,,,,
2026-09-24,2026-09-24,CM,NSE,STK,40,INE208C01025,AEGISLOG,EQ,,,,,AEGIS LOGISTICS LIMITED,1405.80,1405.80,1348.40,1369.70,1370.00,1404.50,,1369.68,,,547668,749220427.30,32659,F1,1,,,,,
2026-09-24,2026-09-24,CM,NSE,STK,757336,INE0INX01018,AEGISVOPAK,EQ,,,,,AEGIS VOPAK TERMINALS LTD,300.80,300.80,283.60,289.10,290.00,302.80,,289.12,,,2451978,709068876.00,48438,F1,1,,,,,
2026-09-24,2026-09-24,CM,NSE,STK,761342,INE423A07492,848AEL29,NJ,,,,,AEL 8.48% 2029 SR III,1014.95,1014.95,1014.95,1014.95,1014.95,1015.00,,1014.95,,,5,5074.75,1,F1,1,,,,,
2026-09-24,2026-09-24,CM,NSE,STK,761345,INE423A07518,862AEL31,NM,,,,,AEL 8.62% 2031 SR VI,1037.00,1037.00,1037.00,1037.00,1037.00,1020.99,,1037.00,,,18,18666.00,1,F1,1,,,,,
2026-09-24,2026-09-24,CM,NSE,STK,761346,INE423A07526,890AEL31,NN,,,,,AEL 8.90% 2031 SR VII,1062.00,1062.00,1062.00,1062.00,1062.00,1058.79,,1062.00,,,103,109386.00,3,F1,1,,,,,
2026-09-24,2026-09-24,CM,NSE,STK,757872,INE423A07435,915AEL28,NC,,,,,AEL 9.15% 2028 SR IV,1018.00,1018.00,1018.00,1018.00,1018.00,1025.00,,1014.00,,,6,6108.00,1,F1,1,,,,,
2026-09-24,2026-09-24,CM,NSE,STK,757875,INE423A07393,930AEL30,NF,,,,,AEL 9.3% 2030 SR VII,1042.10,1042.10,1042.00,1042.02,1042.00,1042.15,,1042.02,,,30,31260.70,4,F1,1,,,,,
2026-09-24,2026-09-24,CM,NSE,STK,760234,INE947N01017,AEQUS,EQ,,,,,AEQUS LIMITED,241.51,247.00,239.52,242.79,243.00,243.94,,242.79,,,1907443,464139367.89,41212,F1,1,,,,,
2026-09-24,2026-09-24,CM,NSE,STK,12015,INE065D01027,AEROENTER,EQ,,,,,AEROFLEX ENTERPRISES LTD,125.90,129.67,120.00,126.86,127.80,126.51,,126.85,,,501763,63653899.31,5875,F1,1,,,,,
2026-09-24,2026-09-24,CM,NSE,STK,18268,INE024001021,AEROFLEX,EQ,,,,,AEROFLEX INDUSTRIES LTD,515.00,546.00,515.00,527.20,527.55,520.80,,527.24,,,1258585,671659891.30,32267,F1,1,,,,,
2026-09-24,2026-09-24,CM,NSE,STK,13689,INE035801013,AERONEU,EQ,,,,,AEROFLEX NEU LIMITED,68.20,80.64,68.00,80.64,80.64,67.20,,80.64,,,88367,6833037.21,482,F1,1,,,,,
2026-09-24,2026-09-24,CM,NSE,STK,25065,INE0WL801011,AERON,SM,,,,,AERON COMPOSITE LIMITED,81.25,85.00,81.00,82.00,81.50,81.00,,82.00,,,17000,1409350.00,17,F1,1000,,,,,
2026-09-24,2026-09-24,CM,NSE,STK,9810,INE0BWX01014,AETHER,EQ,,,,,AETHER INDUSTRIES LIMITED,1648.00,1659.00,1629.00,1646.20,1648.00,1648.20,,1646.20,,,112531,184905525.30,16340,F1,1,,,,,
2026-09-24,2026-09-24,CM,NSE,STK,25977,INE101I01011,AFCONS,EQ,,,,,AFCONS INFRASTRUCTURE LTD,254.00,262.50,252.95,253.75,254.00,258.30,,253.75,,,845057,217160784.35,18241,F1,1,,,,,
2026-09-24,2026-09-24,CM,NSE,STK,11343,INE00WC01027,AFFLE,EQ,,,,,AFFLE 3I LIMITED,1574.30,1598.50,1555.70,1588.10,1588.30,1584.30,,1588.11,,,99024,155777876.50,13610,F1,1,,,,,
2026-09-24,2026-09-24,CM,NSE,STK,25855,INE692Z01013,AFFORDABLE,EQ,,,,,AFFORD ROBO & AUTO LTD,174.65,183.38,169.47,177.35,177.10,174.65,,177.23,,,60546,10834606.88,2236,F1,1,,,,,
2026-09-24,2026-09-24,CM,NSE,STK,759283,INE916Y07057,12AFIL28,N0,,,,,AFIL 12% 2028,10026.99,10026.99,10026.99,10026.99,10026.99,10023.94,,10026.99,,,48,481295.52,3,F1,1,,,,,
2026-09-24,2026-09-24,CM,NSE,STK,14263,INE0MLA01012,AGARWALFT,SM,,,,,AGARWAL FLOAT GLASS I LTD,27.30,27.30,27.30,27.30,27.30,28.65,,27.30,,,1500,40950.00,1,F1,1500,,,,,
2026-09-24,2026-09-24,CM,NSE,STK,3389,INE204E01012,AGARIND,EQ,,,,,AGARWAL INDS CORP LTD.,408.70,410.00,396.10,400.05,410.00,408.65,,400.23,,,28830,11574765.15,1684,F1,1,,,,,
2026-09-24,2026-09-24,CM,NSE,STK,27309,INE0P8X01016,AGARWALTUF,SM,,,,,AGARWAL TOUGH GLASS IND L,156.30,157.05,154.80,155.10,155.10,158.05,,155.10,,,8400,1305900.00,7,F1,1200,,,,,
2026-09-24,2026-09-24,CM,NSE,STK,1412,INE415A01038,AGI,EQ,,,,,AGI GREENPAC LIMITED,837.00,837.00,819.00,821.35,821.00,837.20,,821.27,,,93291,77173652.25,7750,F1,1,,,,,
2026-09-24,2026-09-24,CM,NSE,STK,24445,INE976R01033,AGIIL,EQ,,,,,AGI INFRA LIMITED,268.00,273.30,267.05,271.45,272.00,268.80,,271.46,,,1792301,482803687.00,7298,F1,1,,,,,
2026-09-24,2026-09-24,CM,NSE,STK,10491,INE0LF301013,AGNI,SM,,,,,AGNI GREEN POWER LTD,15.10,15.95,15.10,15.95,15.95,15.35,,15.95,,,25000,384625.00,10,F1,2500,,,,,
2026-09-24,2026-09-24,CM,NSE,STK,11072,INE449G01018,AGRITECH,EQ,,,,,AGRI-TECH (INDIA) LIMITED,93.00,98.50,93.00,95.76,96.00,97.83,,95.78,,,2897,278844.51,135,F1,1,,,,,
2026-09-24,2026-09-24,CM,NSE,STK,9046,INE740V01019,AGROPHOS,EQ,,,,,AGRO PHOS INDIA LIMITED,24.25,24.30,23.10,24.27,24.19,24.25,,24.27,,,13144,310105.05,152,F1,1,,,,,
2026-09-24,2026-09-24,CM,NSE,STK,759202,INE583L01014,AGSTRA,BZ,,,,,AGS TRANSACT TECH LTD,2.29,2.29,2.28,2.29,2.29,2.19,,2.29,,,64312,147250.21,107,F1,1,,,,,
2026-09-24,2026-09-24,CM,NSE,STK,2004,INE00PV01013,AHLADA,EQ,,,,,AHLADA ENGINEERS LIMITED,39.15,39.89,37.20,38.76,38.95,39.15,,38.76,,,4123,160425.07,113,F1,1,,,,,
2026-09-24,2026-09-24,CM,NSE,STK,17833,INE758C01029,AHLUCONT,EQ,,,,,AHLUWALIA CONT IND LTD,578.00,590.00,571.30,582.75,582.55,580.60,,582.75,,,46626,27178728.45,2999,F1,1,,,,,
2026-09-24,2026-09-24,CM,NSE,STK,13086,INE212H01026,AIAENG,EQ,,,,,AIA ENGINEERING LIMITED,3955.00,4033.60,3912.40,3953.40,3965.00,3970.00,,3953.35,,,311377,1233366546.00,12175,F1,1,,,,,
2026-09-24,2026-09-24,CM,NSE,STK,23984,INE0RUV01018,AIMTRON,SM,,,,,AIMTRON ELECTRONICS LTD,1800.60,1868.95,1775.00,1797.55,1796.30,1813.60,,1797.55,,,49800,90427870.00,227,F1,200,,,,,
2026-09-24,2026-09-24,CM,NSE,STK,9878,INE805A01014,GOLDTECH,BE,,,,,AION-TECH SOLUTIONS LTD,45.44,46.28,44.90,46.28,46.28,44.08,,46.28,,,9493,433912.96,45,F1,1,,,,,
2026-09-24,2026-09-24,CM,NSE,STK,9897,INE645W01026,AIRAN,EQ,,,,,AIRAN LIMITED,16.45,17.50,16.38,16.58,16.55,16.78,,16.58,,,30585,512088.93,432,F1,1,,,,,
2026-09-24,2026-09-24,CM,NSE,STK,6068,INE801L01010,AIROLAM,EQ,,,,,AIRO LAM LIMITED,91.24,91.24,87.01,88.34,88.10,90.79,,88.34,,,2630,237536.89,79,F1,1,,,,,
2026-09-24,2026-09-24,CM,NSE,STK,8124,INE031B01049,AJANTPHARM,EQ,,,,,AJANTA PHARMA LIMITED,3521.10,3594.00,3521.10,3539.50,3549.20,3568.10,,3539.43,,,37012,131599806.40,8872,F1,1,,,,,
2026-09-24,2026-09-24,CM,NSE,STK,29624,INE274Y01021,AJAXENGG,EQ,,,,,AJAX ENGINEERING LIMITED,555.00,588.00,555.00,575.20,572.10,569.15,,575.22,,,1346962,775052522.00,26160,F1,1,,,,,
2026-09-24,2026-09-24,CM,NSE,STK,17307,INE298G01035,AJMERA,EQ,,,,,AJMERA REALTY & INF I LTD,119.01,121.78,116.82,120.51,120.51,120.63,,120.52,,,338485,40573361.63,4122,F1,1,,,,,
2026-09-24,2026-09-24,CM,NSE,STK,3403,INE820Y01021,AJOONI,EQ,,,,,AJOONI BIOTECH LIMITED,3.30,3.32,3.18,3.18,3.19,3.28,,3.18,,,340761,1100942.96,512,F1,1,,,,,
2026-09-24,2026-09-24,CM,NSE,STK,21121,INE0PCY01014,AKANKSHA,SM,,,,,AKANKSHA POWER N INFRA L,158.65,158.65,156.00,158.65,158.65,151.10,,158.65,,,45000,7134000.00,39,F1,1000,,,,,
2026-09-24,2026-09-24,CM,NSE,STK,13510,INE737W01013,AKASH,EQ,,,,,AKASH INFRA-PROJECTS LTD,24.65,25.40,24.50,24.51,24.51,24.76,,24.51,,,589,14553.83,28,F1,1,,,,,
2026-09-24,2026-09-24,CM,NSE,STK,2176,INE00Y801016,AKG,EQ,,,,,AKG EXIM LIMITED,10.00,10.33,9.60,9.76,9.61,9.97,,9.76,,,36898,365018.44,116,F1,1,,,,,
2026-09-24,2026-09-24,CM,NSE,STK,14895,INE642Z01026,AKI,BE,,,,,AKI INDIA LIMITED,7.00,7.00,6.70,6.85,6.80,6.74,,6.82,,,200378,1369462.92,519,F1,1,,,,,
2026-09-24,2026-09-24,CM,NSE,STK,24304,INE0PMR01017,AKIKO,SM,,,,,AKIKO GLOBAL SERVICES L,441.95,441.95,420.00,420.05,420.10,438.00,,420.05,,,12000,5151200.00,14,F1,800,,,,,
2026-09-24,2026-09-24,CM,NSE,STK,24159,INE916Y01027,AFIL,EQ,,,,,AKME FINTRADE (INDIA) LTD,8.45,8.45,8.00,8.04,8.07,8.22,,8.04,,,510964,4130360.48,758,F1,1,,,,,
2026-09-24,2026-09-24,CM,NSE,STK,8595,INE523B01011,AKSHOPTFBR,BE,,,,,AKSH OPTIFIBRE  LTD,6.86,7.32,6.82,7.21,7.30,6.98,,7.21,,,509773,3673046.60,648,F1,1,,,,,
2026-09-24,2026-09-24,CM,NSE,STK,9558,INE256Z01025,AKSHAR,EQ,,,,,AKSHAR SPINTEX LIMITED,0.41,0.42,0.40,0.41,0.41,0.41,,0.41,,,1589240,651554.70,270,F1,1,,,,,
2026-09-24,2026-09-24,CM,NSE,STK,20194,INE542B01011,AKSHARCHEM,BE,,,,,AKSHARCHEM INDIA LIMITED,389.95,390.00,375.00,379.30,380.00,389.95,,379.01,,,12423,4738588.65,176,F1,1,,,,,
2026-09-24,2026-09-24,CM,NSE,STK,24715,INE09XN01023,AKUMS,EQ,,,,,AKUMS DRUGS AND PHARMA L,824.00,836.80,813.30,817.60,819.95,823.30,,817.62,,,218858,180479934.95,14484,F1,1,,,,,
2026-09-24,2026-09-24,CM,NSE,STK,9921,INE914E01040,ALANKIT,EQ,,,,,ALANKIT LIMITED,8.04,8.10,7.80,7.91,7.94,8.04,,7.91,,,80891,642853.20,447,F1,1,,,,,
2026-09-24,2026-09-24,CM,NSE,STK,17256,INE155C01010,ALBERTDAVD,EQ,,,,,ALBERT DAVID LIMITED,863.60,886.00,863.60,871.10,879.40,878.55,,870.89,,,2557,2240615.85,337,F1,1,,,,,
2026-09-24,2026-09-24,CM,NSE,STK,79,INE426A01027,ALEMBICLTD,EQ,,,,,ALEMBIC LIMITED,105.00,107.85,104.50,107.18,107.06,106.04,,107.19,,,1227728,130520276.67,10655,F1,1,,,,,
2026-09-24,2026-09-24,CM,NSE,STK,25328,INE901L01018,APLLTD,EQ,,,,,ALEMBIC PHARMA LTD,840.00,858.40,834.95,850.00,848.00,844.40,,849.95,,,354230,301396814.20,30166,F1,1,,,,,
2026-09-24,2026-09-24,CM,NSE,STK,764573,INE782D01027,ALFREDHE,EQ,,,,,ALFRED HERBERT INDIA L,2796.90,2830.00,2780.00,2786.80,2780.00,2796.90,,2786.80,,,20,55935.90,7,F1,1,,,,,
2026-09-24,2026-09-24,CM,NSE,STK,761270,INE598D01035,ALGOQUANT,EQ,,,,,ALGOQUANT FINTECH LIMITED,72.00,75.35,71.72,73.37,73.48,72.10,,73.38,,,1563012,114846285.50,8877,F1,1,,,,,
2026-09-24,2026-09-24,CM,NSE,STK,13656,INE062D01024,ALICON,EQ,,,,,ALICON CASTALLOY LIMITED,735.65,741.85,714.45,737.80,735.50,739.05,,737.81,,,46506,33972144.60,2838,F1,1,,,,,
2026-09-24,2026-09-24,CM,NSE,STK,5265,INE03Q201024,ALIVUS,EQ,,,,,ALIVUS LIFE SCIENCES LTD,1390.00,1396.70,1357.30,1370.00,1374.00,1383.10,,1369.79,,,39065,53731883.40,5802,F1,1,,,,,
2026-09-24,2026-09-24,CM,NSE,STK,16959,INE773I01017,ALKALI,EQ,,,,,ALKALI METALS LTD,99.96,99.96,96.00,96.37,96.58,101.63,,96.39,,,55361,5433063.51,975,F1,1,,,,,
2026-09-24,2026-09-24,CM,NSE,STK,11703,INE540L01014,ALKEM,EQ,,,,,ALKEM LABORATORIES LTD.,5372.00,5447.00,5261.50,5326.00,5326.00,5417.50,,5326.02,,,165474,884472953.50,33662,F1,1,,,,,
2026-09-24,2026-09-24,CM,NSE,STK,4487,INE150B01039,ALKYLAMINE,EQ,,,,,ALKYL AMINES CHEM. LTD,1879.00,1895.70,1841.10,1862.50,1855.10,1883.00,,1862.54,,,25203,47030589.10,5274,F1,1,,,,,
2026-09-24,2026-09-24,CM,NSE,STK,13203,INE0M2X01012,ALLETEC,SM,,,,,ALL E TECHNOLOGIES LTD,127.00,130.00,125.05,128.25,129.00,129.10,,128.25,,,8800,1121460.00,21,F1,400,,,,,
2026-09-24,2026-09-24,CM,NSE,STK,758448,INE0GV601021,ALLTIME,EQ,,,,,ALL TIME PLASTICS LIMITED,205.25,207.10,198.25,201.03,200.00,205.36,,201.05,,,150765,30229847.66,2874,F1,1,,,,,
2026-09-24,2026-09-24,CM,NSE,STK,763784,INE1YPB01014,AGL,EQ,,,,,ALLCARGO GLOBAL LIMITED,14.49,14.60,13.61,13.68,13.74,14.22,,13.68,,,1874610,26073328.74,3614,F1,1,,,,,
2026-09-24,2026-09-24,CM,NSE,STK,13501,INE418H01029,ALLCARGO,EQ,,,,,ALLCARGO LOGISTICS LTD,11.40,11.42,10.88,10.95,10.94,11.38,,10.95,,,6441937,71186174.37,8285,F1,1,,,,,
2026-09-24,2026-09-24,CM,NSE,STK,17778,INE0NN701020,ATL,EQ,,,,,ALLCARGO TERMINALS LTD,25.99,26.17,24.91,25.18,25.21,25.93,,25.18,,,294106,7448194.98,1741,F1,1,,,,,
2026-09-24,2026-09-24,CM,NSE,STK,11798,INE835G01018,ALLDIGI,EQ,,,,,ALLDIGI TECH LIMITED,780.25,784.10,762.00,771.65,766.95,780.25,,771.73,,,4525,3504587.00,602,F1,1,,,,,
2026-09-24,2026-09-24,CM,NSE,STK,24308,INE552Z01027,ABDL,EQ,,,,,ALLIED BLEND N DISTILS L,660.00,722.00,650.00,712.15,722.00,656.40,,712.22,,,6590774,4570840688.15,154282,F1,1,,,,,
2026-09-24,2026-09-24,CM,NSE,STK,14813,INE102I01027,ADSL,EQ,,,,,ALLIED DIGITAL SERV. LTD,97.10,98.69,95.62,96.27,96.00,97.78,,96.27,,,123273,11916053.47,2521,F1,1,,,,,
2026-09-24,2026-09-24,CM,NSE,STK,16719,INE326B01035,ALMONDZ,EQ,,,,,ALMONDZ GLOBAL SEC LTD,19.24,20.35,19.24,19.86,20.05,19.55,,19.87,,,448919,8947243.35,1223,F1,1,,,,,
2026-09-24,2026-09-24,CM,NSE,STK,17675,INE270A01029,ALOKINDS,EQ,,,,,ALOK INDUSTRIES LIMITED,7.60,7.60,7.40,7.48,7.53,7.64,,7.48,,,13073959,97896570.94,9987,F1,1,,,,,
2026-09-24,2026-09-24,CM,NSE,STK,14848,INE385I01010,ALPA,EQ,,,,,ALPA LABORATORIES LTD,60.69,61.60,58.61,59.07,59.00,60.39,,59.07,,,87569,5256807.51,986,F1,1,,,,,
2026-09-24,2026-09-24,CM,NSE,STK,22688,INE0R4701017,ALPEXSOLAR,SM,,,,,ALPEX SOLAR LIMITED,846.00,858.80,828.00,847.00,856.00,846.00,,847.00,,,35000,29369200.00,232,F1,100,,,,,
2026-09-24,2026-09-24,CM,NSE,STK,14601,INE137C01018,ALPHAGEO,BE,,,,,ALPHAGEO (INDIA) LIMITED,298.80,298.80,283.20,285.45,289.00,292.50,,285.45,,,5339,1545079.20,148,F1,1,,,,,
2026-09-24,2026-09-24,CM,NSE,STK,764186,INE1JCQ01037,ALPINETEX,EQ,,,,,ALPINE TEXWORLD LIMITED,52.46,52.46,50.00,50.65,50.51,52.44,,50.67,,,290128,14836046.43,3323,F1,1,,,,,
2026-09-24,2026-09-24,CM,NSE,STK,764578,INE058F01019,ALUFLUOR,EQ,,,,,ALUFLUORIDE LTD.,577.55,577.55,562.55,565.80,568.90,577.55,,565.85,,,4903,2775791.50,410,F1,1,,,,,
2026-09-24,2026-09-24,CM,NSE,STK,23474,INE0STM01017,ALUWIND,SM,,,,,ALUWIND INFRA-TECH LTD,52.60,52.60,49.80,50.60,49.80,52.40,,50.60,,,34500,1771275.00,19,F1,1500,,,,,
2026-09-24,2026-09-24,CM,NSE,STK,760740,INE121R01077,AMAGI,EQ,,,,,AMAGI MEDIA LABS LIMITED,576.50,581.45,560.15,562.15,562.40,578.70,,562.15,,,155822,88270506.25,8230,F1,1,,,,,
2026-09-24,2026-09-24,CM,NSE,STK,764583,INE841D01013,AMAL,EQ,,,,,AMAL LTD.,700.05,714.35,685.00,687.65,689.80,704.30,,687.84,,,14729,10225689.60,1106,F1,1,,,,,
2026-09-24,2026-09-24,CM,NSE,STK,758910,INE084K01015,AMANTA,BE,,,,,AMANTA HEALTHCARE LIMITED,192.00,192.00,189.21,189.21,189.21,189.21,,186.00,,,21865,4169980.04,134,F1,1,,,,,
2026-09-24,2026-09-24,CM,NSE,STK,100,INE885A01032,ARE&M,EQ,,,,,AMARA RAJA ENERGY MOB LTD,809.00,809.05,793.00,795.40,795.00,812.85,,795.40,,,302626,242122781.50,20478,F1,1,,,,,
2026-09-24,2026-09-24,CM,NSE,STK,764588,INE484D01012,AMARJOTHI,EQ,,,,,AMARJOTHI SPINNING MILL L,148.12,148.55,147.00,147.00,147.00,148.12,,147.00,,,1266,186358.54,17,F1,1,,,,,
2026-09-24,2026-09-24,CM,NSE,STK,763256,INE293601014,AMBAAUTO,SM,,,,,AMBA AUTO SALES AND SER L,96.00,100.00,96.00,98.00,98.00,95.90,,98.00,,,11000,1071700.00,11,F1,1000,,,,,
2026-09-24,2026-09-24,CM,NSE,STK,762546,INE432A01017,AMBALALSA,BE,,,,,AMBALAL SARABHAI ENT L,41.94,42.49,40.10,41.27,41.49,40.47,,41.24,,,55275,2312046.66,224,F1,1,,,,,
2026-09-24,2026-09-24,CM,NSE,STK,4083,INE00C501018,AMBANIORGO,SM,,,,,AMBANI ORGOCHEM LIMITED,117.00,117.85,112.00,115.25,117.00,112.25,,115.25,,,100000,11524350.00,13,F1,1000,,,,,
2026-09-24,2026-09-24,CM,NSE,STK,1185,INE371P01015,AMBER,EQ,,,,,AMBER ENTERPRISES (I) LTD,7025.50,7050.00,6911.00,6911.00,6911.00,7064.50,,6910.97,,,86469,603806708.00,13748,F1,1,,,,,
2026-09-24,2026-09-24,CM,NSE,STK,11496,INE792B01012,AMBICAAGAR,EQ,,,,,AMBICA AGAR & AROMAINDLTD,25.57,25.87,24.32,25.39,25.50,25.45,,25.39,,,140237,3517765.40,518,F1,1,,,,,
2026-09-24,2026-09-24,CM,NSE,STK,15234,INE540G01014,AMBIKCO,EQ,,,,,AMBIKA COTTON MILL LTD.,1569.90,1578.00,1551.60,1556.50,1553.30,1582.70,,1556.46,,,3932,6142414.20,663,F1,1,,,,,
2026-09-24,2026-09-24,CM,NSE,STK,1270,INE079A01024,AMBUJACEM,EQ,,,,,AMBUJA CEMENTS LTD,390.00,390.90,382.65,384.10,384.10,392.75,,384.12,,,912389,352373845.55,22069,F1,1,,,,,
2026-09-24,2026-09-24,CM,NSE,STK,14402,INE005I01014,AMDIND,BE,,,,,AMD INDUSTRIES LIMITED,57.53,57.53,55.50,56.09,56.10,57.58,,56.10,,,28678,1611923.87,258,F1,1,,,,,
2026-09-24,2026-09-24,CM,NSE,STK,10898,INE0KT901015,AMEYA,SM,,,,,AMEYA PRECISION ENG LTD,164.50,164.50,153.85,153.85,153.85,161.90,,153.85,,,16000,2537100.00,16,F1,1000,,,,,
2026-09-24,2026-09-24,CM,NSE,STK,19867,INE275D01022,AMNPLST,EQ,,,,,AMINES & PLASTICIZERS LTD,170.00,171.00,160.80,164.09,164.00,169.00,,164.05,,,7235,1185490.13,288,F1,1,,,,,
2026-09-24,2026-09-24,CM,NSE,STK,761670,INE05TO01019,AEROPLANE,EQ,,,,,AMIR CHAND JAG KUM (E) L,202.80,207.47,201.34,201.98,201.55,205.74,,201.98,,,177483,36134191.92,3895,F1,1,,,,,
2026-09-24,2026-09-24,CM,NSE,STK,2598,INE606A01024,AMJLAND,EQ,,,,,AMJ LAND HOLDINGS LIMITED,37.60,38.50,37.23,37.32,37.90,37.97,,37.53,,,1615,60669.09,92,F1,1,,,,,
2026-09-24,2026-09-24,CM,NSE,STK,17547,INE098F01031,AMRUTANJAN,EQ,,,,,AMRUTAJAN HEALTH LTD,507.25,525.60,505.00,510.20,512.80,510.05,,510.24,,,75103,38797642.00,3679,F1,1,,,,,
2026-09-24,2026-09-24,CM,NSE,STK,759956,INE549H01021,ARSSBL,EQ,,,,,ANAND RATHI SH N STK BR L,508.80,509.00,495.00,497.45,496.10,510.80,,497.45,,,139770,69851093.50,4185,F1,1,,,,,
2026-09-24,2026-09-24,CM,NSE,STK,7145,INE463V01026,ANANDRATHI,EQ,,,,,ANAND RATHI WEALTH LTD,2168.00,2185.00,2161.50,2167.40,2168.00,2169.20,,2167.54,,,212941,462046465.30,15034,F1,1,,,,,
2026-09-24,2026-09-24,CM,NSE,STK,13620,INE242C01024,ANANTRAJ,EQ,,,,,ANANT RAJ LIMITED,625.00,636.00,621.05,624.10,622.55,631.80,,624.08,,,1717068,1078633655.55,31257,F1,1,,,,,
2026-09-24,2026-09-24,CM,NSE,STK,759363,INE1UA823019,ANANTAM,IV,,,,,ANANTAM HIGHWAYS TRUST,105.99,106.00,104.90,105.30,105.32,105.49,,105.30,,,383665,40409778.17,132,F1,1,,,,,
2026-09-24,2026-09-24,CM,NSE,STK,764446,INE1J5V01013,ANAWIL,SM,,,,,ANAWIL WIRE AND ENGIN LTD,438.00,445.30,420.20,428.90,428.65,440.30,,428.90,,,95200,41257860.00,222,F1,400,,,,,
2026-09-24,2026-09-24,CM,NSE,STK,758427,INE0VG001016,AMCL,SM,,,,,ANB METAL CAST LIMITED,354.25,365.00,349.00,349.70,349.70,355.75,,349.70,,,20800,7351180.00,32,F1,400,,,,,
2026-09-24,2026-09-24,CM,NSE,STK,15420,INE666E01020,ACL,EQ,,,,,ANDHRA CEMENTS LIMITED,42.58,42.79,42.10,42.56,42.60,42.58,,42.56,,,4530,192206.87,169,F1,1,,,,,
2026-09-24,2026-09-24,CM,NSE,STK,166,INE435A01051,ANDHRAPAP,EQ,,,,,ANDHRA PAPER LIMITED,70.53,74.48,70.16,73.62,73.15,71.19,,73.63,,,812860,59159050.54,9070,F1,1,,,,,
2026-09-24,2026-09-24,CM,NSE,STK,136,INE715B01021,ANDHRSUGAR,EQ,,,,,ANDHRA SUGARS LTD,95.00,95.14,92.51,92.98,93.32,95.20,,92.98,,,192709,18057268.10,7130,F1,1,,,,,
2026-09-24,2026-09-24,CM,NSE,STK,5206,INE449C01025,ANDREWYU,EQ,,,,,ANDREW YULE & CO. LTD.,28.25,28.28,26.30,26.85,27.00,28.09,,26.84,,,181022,4910070.49,1384,F1,1,,,,,
2026-09-24,2026-09-24,CM,NSE,STK,324,INE732I01021,ANGELONE,EQ,,,,,ANGEL ONE LIMITED,296.00,297.75,289.80,290.70,290.70,300.00,,290.71,,,3663688,1073778735.85,34905,F1,1,,,,,
2026-09-24,2026-09-24,CM,NSE,STK,482,INE635Y01015,AISL,SM,,,,,ANI INTEGRATED SERV LTD.,54.00,54.10,53.35,54.00,54.00,56.00,,54.00,,,11400,615270.00,6,F1,600,,,,,
2026-09-24,2026-09-24,CM,NSE,STK,16657,INE087B01017,ANIKINDS,EQ,,,,,ANIK INDUSTRIES LTD,44.98,44.98,42.91,43.00,43.00,44.98,,43.15,,,4476,194751.73,128,F1,1,,,,,
2026-09-24,2026-09-24,CM,NSE,STK,20453,INE071F01012,APCL,EQ,,,,,ANJANI PORTLAND CEM LTD,96.99,96.99,93.63,95.27,94.35,95.93,,95.27,,,6625,625213.22,167,F1,1,,,,,
2026-09-24,2026-09-24,CM,NSE,STK,25878,INE106I01010,ANKITMETAL,BZ,,,,,ANKIT MET & POW LTD,1.82,1.85,1.82,1.85,1.85,1.82,,1.88,,,3511,6495.32,13,F1,1,,,,,
2026-09-24,2026-09-24,CM,NSE,STK,758968,INE0Y8W01025,AHCL,EQ,,,,,ANLON HEALTHCARE LIMITED,29.68,30.68,28.18,28.65,28.35,29.68,,28.66,,,49040894,1434221508.44,88604,F1,1,,,,,
2026-09-24,2026-09-24,CM,NSE,STK,13657,INE0LR101013,ANLON,SM,,,,,ANLON TECHNOLOGY SOL LTD,755.00,817.95,755.00,809.00,812.00,769.95,,809.00,,,10800,8628240.00,25,F1,400,,,,,
2026-09-24,2026-09-24,CM,NSE,STK,3732,INE02AR01019,ANMOL,BE,,,,,ANMOL INDIA LIMITED,14.00,14.00,13.20,13.45,13.40,13.85,,13.45,,,53722,722299.21,433,F1,1,,,,,
2026-09-24,2026-09-24,CM,NSE,STK,764471,INE0MGM01017,ANNAPURNA,EQ,,,,,ANNAPURNA SWADISHT LTD,132.40,132.40,128.42,131.17,129.50,130.68,,131.17,,,34805,4523776.62,829,F1,1,,,,,
2026-09-24,2026-09-24,CM,NSE,STK,765502,INE103001017,ANNU,EQ,,,,,ANNU PROJECTS LIMITED,51.80,52.35,49.52,49.80,49.85,53.04,,49.80,,,1047458,52940271.21,10223,F1,1,,,,,
2026-09-24,2026-09-24,CM,NSE,STK,758740,INE0VTV01012,ANONDITA,SM,,,,,ANONDITA MEDICARE LIMITED,1090.00,1116.00,1056.05,1089.70,1109.00,1094.60,,1089.70,,,92000,99798650.00,349,F1,200,,,,,
2026-09-24,2026-09-24,CM,NSE,STK,765020,INE030C01015,ANSALBU,EQ,,,,,ANSAL BUILDWELL LTD.,103.30,103.30,93.00,94.90,94.60,100.14,,95.03,,,12729,1217846.87,489,F1,1,,,,,
2026-09-24,2026-09-24,CM,NSE,STK,19677,INE436A01026,ANSALAPI,BZ,,,,,ANSAL PROP & INFRA LTD,3.86,3.86,3.72,3.86,3.86,3.79,,3.86,,,36067,139215.40,50,F1,1,,,,,
2026-09-24,2026-09-24,CM,NSE,STK,5194,INE414B01021,ANTGRAPHIC,EQ,,,,,ANTARCTICA LTD,0.72,0.73,0.71,0.71,0.72,0.73,,0.71,,,107802,77124.02,146,F1,1,,,,,
2026-09-24,2026-09-24,CM,NSE,STK,13598,INE818A01017,ANTELOPUS,EQ,,,,,ANTELOPUS SELAN ENRGY LTD,1161.20,1177.00,1119.10,1130.95,1132.00,1161.20,,1130.92,,,379382,432058348.55,15403,F1,1,,,,,
2026-09-24,2026-09-24,CM,NSE,STK,757885,INE0CZ201020,ANTHEM,EQ,,,,,ANTHEM BIOSCIENCES LTD,877.00,898.55,876.20,885.60,885.75,881.90,,885.57,,,404794,360048965.50,26714,F1,1,,,,,
2026-09-24,2026-09-24,CM,NSE,STK,1797,INE01BK01022,AWHCL,EQ,,,,,ANTONY WASTE HDG CELL LTD,383.05,387.80,377.95,381.05,380.20,387.95,,381.07,,,96746,37062392.85,5220,F1,1,,,,,
2026-09-24,2026-09-24,CM,NSE,STK,28314,INE489G01022,ANUHPHR,EQ,,,,,ANUH PHARMA LIMITED,92.11,93.60,90.20,90.78,91.19,93.39,,90.79,,,72865,6665058.72,1241,F1,1,,,,,
2026-09-24,2026-09-24,CM,NSE,STK,2829,INE930P01018,ANURAS,EQ,,,,,ANUPAM RASAYAN INDIA LTD,1189.50,1199.00,1172.00,1177.20,1172.20,1193.40,,1177.23,,,215684,255644307.70,14458,F1,1,,,,,
2026-09-24,2026-09-24,CM,NSE,STK,28983,INE0SI601032,ANYA,SM,,,,,ANYA POLYTECH & FERTI LTD,17.55,20.70,17.55,18.30,20.70,17.60,,18.30,,,25000,457250.00,5,F1,5000,,,,,
2026-09-24,2026-09-24,CM,NSE,STK,758904,INF1J2R01114,AONEGOLD,EQ,,,,,AONEAMC - AONEGOLD,14.15,14.15,13.95,13.95,13.97,14.09,,13.95,,,363524,5091907.44,1710,F1,1,,,,,
2026-09-24,2026-09-24,CM,NSE,STK,30472,INF1J2R01056,AONELIQUID,EQ,,,,,AONEAMC - AONELIQUID,1078.15,1078.17,1078.14,1078.16,1078.17,1078.01,,1078.16,,,50840,54813402.07,101,F1,1,,,,,
2026-09-24,2026-09-24,CM,NSE,STK,757096,INF1J2R01064,AONENIFTY,EQ,,,,,AONEAMC - AONENIFTY,9.44,9.79,9.44,9.59,9.59,9.69,,9.59,,,159547,1529973.40,1386,F1,1,,,,,
2026-09-24,2026-09-24,CM,NSE,STK,760193,INF1J2R01171,AONESILVER,EQ,,,,,AONEAMC - AONESILVER,8.80,8.90,8.63,8.64,8.65,8.80,,8.64,,,455481,3954173.99,1328,F1,1,,,,,
2026-09-24,2026-09-24,CM,NSE,STK,759992,INF1J2R01148,AONETMMQ50,EQ,,,,,AONEAMC - AONETMMQ50,10.26,10.26,10.07,10.11,10.13,10.21,,10.11,,,133465,1359437.42,230,F1,1,,,,,
2026-09-24,2026-09-24,CM,NSE,STK,29975,INF1J2R01015,AONETOTAL,EQ,,,,,AONEAMC - AONETOTAL,11.98,11.98,11.54,11.57,11.55,11.72,,11.57,,,182637,2120493.47,1070,F1,1,,,,,
2026-09-24,2026-09-24,CM,NSE,STK,11491,INE372A01015,APARINDS,EQ,,,,,APAR INDUSTRIES LTD.,17876.00,18143.00,17705.00,17804.00,17882.00,17876.00,,17804.09,,,78141,1398845984.00,24886,F1,1,,,,,
2026-09-24,2026-09-24,CM,NSE,STK,154,INE116A01032,APCOTEXIND,EQ,,,,,APCOTEX INDUSTRIES LIMITE,610.00,626.00,600.35,602.85,602.15,609.80,,602.86,,,107799,66115828.45,5748,F1,1,,,,,
2026-09-24,2026-09-24,CM,NSE,STK,27291,INE0T4V01015,APEXECO,ST,,,,,APEX ECOTECH LIMITED,268.00,268.00,255.40,255.40,255.40,268.80,,255.40,,,15200,3943200.00,19,F1,800,,,,,
2026-09-24,2026-09-24,CM,NSE,STK,21623,INE346W01013,APEX,EQ,,,,,APEX FROZEN FOODS LIMITED,361.00,361.05,347.25,348.90,349.50,362.50,,348.94,,,64058,22600438.05,4032,F1,1,,,,,
2026-09-24,2026-09-24,CM,NSE,STK,25780,INE702C01027,APLAPOLLO,EQ,,,,,APL APOLLO TUBES LTD,2177.00,2204.90,2158.20,2184.80,2184.80,2195.00,,2184.80,,,469774,1025949015.80,28227,F1,1,,,,,
2026-09-24,2026-09-24,CM,NSE,STK,757172,INE0TLC07028,930APMD33,N0,,,,,APMD 9.30% 2033 STRPP G,105164.21,105164.21,105164.21,105164.21,105164.21,105800.00,,105164.21,,,2,210328.42,1,F1,1,,,,,
2026-09-24,2026-09-24,CM,NSE,STK,757176,INE0TLC07036,930APMD35,N0,,,,,APMD 9.30% 2035 STRPP I,107250.00,107500.00,107250.00,107500.00,107500.00,107000.00,,107500.00,,,6,644250.00,2,F1,1,,,,,
2026-09-24,2026-09-24,CM,NSE,STK,157,INE437A01024,APOLLOHOSP,EQ,,,,,APOLLO HOSPITALS ENTER. L,9069.00,9069.00,8888.50,8888.50,8888.50,9069.00,,8888.56,,,383106,3438489434.50,38984,F1,1,,,,,
2026-09-24,2026-09-24,CM,NSE,STK,1134,INE713T01028,APOLLO,EQ,,,,,APOLLO MICRO SYSTEMS LTD,401.00,407.80,396.80,399.05,399.90,404.60,,399.04,,,5160852,2073188541.40,53814,F1,1,,,,,
2026-09-24,2026-09-24,CM,NSE,STK,14361,INE126J01016,APOLLOPIPE,EQ,,,,,APOLLO PIPES LIMITED,519.85,524.35,503.25,510.50,511.80,522.45,,510.49,,,71129,36347162.25,3063,F1,1,,,,,
2026-09-24,2026-09-24,CM,NSE,STK,6302,INE451F01024,APOLSINHOT,EQ,,,,,APOLLO SINDOORI HOTEL LTD,1214.00,1233.90,1214.00,1217.10,1217.10,1214.00,,1217.10,,,406,495619.00,34,F1,1,,,,,
2026-09-24,2026-09-24,CM,NSE,STK,163,INE438A01022,APOLLOTYRE,EQ,,,,,APOLLO TYRES LTD,405.50,405.50,396.20,397.95,397.00,405.70,,397.96,,,432811,173194473.00,16297,F1,1,,,,,
2026-09-24,2026-09-24,CM,NSE,STK,764593,INE217S01014,APOORVA,EQ,,,,,APOORVA LEAS F & INV C L,35.58,35.58,32.61,33.70,33.70,34.32,,33.70,,,2496,83121.80,40,F1,1,,,,,
2026-09-24,2026-09-24,CM,NSE,STK,24638,INE0LQG01010,APRAMEYA,SM,,,,,APRAMEYA ENGINEERING LTD,100.00,103.50,98.00,99.20,98.00,101.85,,99.20,,,8500,849750.00,14,F1,500,,,,,
2026-09-24,2026-09-24,CM,NSE,STK,760372,INE0M2307388,915APSBC31,N0,,,,,APSBC 9.15% 2031 STRPP F,105000.00,105000.00,105000.00,105000.00,105000.00,104000.00,,105000.00,,,1,105000.00,1,F1,1,,,,,
2026-09-24,2026-09-24,CM,NSE,STK,761435,INE1OOJ01011,APSISAERO,ST,,,,,APSIS AEROCOM LIMITED,599.75,599.75,599.75,599.75,599.75,588.00,,599.75,,,7200,4318200.00,6,F1,1200,,,,,
2026-09-24,2026-09-24,CM,NSE,STK,10755,INE266F01018,APTECHT,EQ,,,,,APTECH LIMITED,92.49,93.80,91.15,92.10,92.25,92.06,,92.10,,,109778,10155564.57,1295,F1,1,,,,,
2026-09-24,2026-09-24,CM,NSE,STK,5435,INE852O01025,APTUS,EQ,,,,,APTUS VALUE HSG FIN I LTD,248.00,248.00,238.81,240.92,240.50,251.33,,240.93,,,2030314,490230666.94,39006,F1,1,,,,,
2026-09-24,2026-09-24,CM,NSE,STK,23365,INE416A01051,AQYLON,EQ,,,,,AQYLON NEXUS LIMITED,18.30,19.50,18.05,18.99,19.19,18.81,,18.97,,,489420,9227123.63,2123,F1,1,,,,,
2026-09-24,2026-09-24,CM,NSE,STK,19253,INE08NJ01024,ARABIAN,SM,,,,,ARABIAN PETROLEUM LIMITED,88.50,88.50,86.00,87.00,88.00,88.50,,87.00,,,8000,697000.00,4,F1,2000,,,,,
2026-09-24,2026-09-24,CM,NSE,STK,758670,INE0YDV01010,ARCIIL,SM,,,,,ARC INSULATION & INSU LTD,35.00,35.00,31.60,33.20,33.20,34.65,,33.20,,,30000,989050.00,18,F1,1000,,,,,
2026-09-24,2026-09-24,CM,NSE,STK,12024,INE128X01021,ACI,EQ,,,,,ARCHEAN CHEMICAL IND LTD,470.00,496.00,470.00,491.40,493.85,474.60,,491.30,,,435141,210930119.80,19172,F1,1,,,,,
2026-09-24,2026-09-24,CM,NSE,STK,245,INE0CHO01012,ADL,EQ,,,,,ARCHIDPLY DECOR LIMITED,78.90,78.90,68.00,69.82,73.50,69.87,,69.85,,,1669,119673.89,66,F1,1,,,,,
2026-09-24,2026-09-24,CM,NSE,STK,16795,INE877I01016,ARCHIDPLY,EQ,,,,,ARCHIDPLY IND. LTD,109.96,109.96,106.21,106.47,107.00,109.77,,106.47,,,5897,634711.20,223,F1,1,,,,,
2026-09-24,2026-09-24,CM,NSE,STK,5688,INE731A01020,ARCHIES,EQ,,,,,ARCHIES LTD,12.99,13.15,12.60,12.66,12.67,12.93,,12.66,,,3236,41665.11,111,F1,1,,,,,
2026-09-24,2026-09-24,CM,NSE,STK,764598,INE372M01010,ARCL,EQ,,,,,ARCL ORGANICS LTD.,268.50,268.50,245.45,256.85,256.85,255.79,,255.90,,,5963,1508268.45,169,F1,1,,,,,
2026-09-24,2026-09-24,CM,NSE,STK,764480,INE0XNF01022,ARDEE,EQ,,,,,ARDEE INDUSTRIES LIMITED,51.30,51.35,49.11,49.62,49.90,52.25,,49.63,,,3091839,155286355.53,15564,F1,1,,,,,
2026-09-24,2026-09-24,CM,NSE,STK,758700,INE784R01023,ARFIN,EQ,,,,,ARFIN INDIA LIMITED,88.71,92.00,88.51,89.42,89.12,91.42,,89.42,,,1135122,102213656.48,4210,F1,1,,,,,
2026-09-24,2026-09-24,CM,NSE,STK,13092,INE0L2Y01011,ARHAM,SM,,,,,ARHAM TECHNOLOGIES LTD,213.00,213.80,210.70,213.20,213.80,214.35,,213.20,,,7000,1489400.00,7,F1,1000,,,,,
2026-09-24,2026-09-24,CM,NSE,STK,15208,INE298I01015,ARIES,BE,,,,,ARIES AGRO LTD.,470.00,472.00,465.00,466.90,469.30,466.95,,466.91,,,26734,12553548.20,167,F1,1,,,,,
2026-09-24,2026-09-24,CM,NSE,STK,13340,INE0NCC01015,ARIHANTACA,SM,,,,,ARIHANT ACADEMY LIMITED,499.95,499.95,470.05,470.05,470.05,500.00,,470.05,,,1600,780000.00,4,F1,400,,,,,
2026-09-24,2026-09-24,CM,NSE,STK,3813,INE420B01036,ARIHANTCAP,EQ,,,,,ARIHANT CAPITAL MKTS LTD,95.00,95.39,91.22,91.95,91.87,94.06,,91.95,,,779218,72490802.39,7822,F1,1,,,,,
2026-09-24,2026-09-24,CM,NSE,STK,13885,INE413D01011,ARIHANT,EQ,,,,,ARIHANT FOUN & HOU LTD,889.40,895.00,871.40,890.40,894.90,900.80,,890.53,,,5086,4504860.40,251,F1,1,,,,,
2026-09-24,2026-09-24,CM,NSE,STK,20159,INE643K01018,ARIHANTSUP,EQ,,,,,ARIHANT SUPERSTRUCT LTD,239.85,247.85,239.85,243.10,243.05,239.95,,243.10,,,6222,1511359.95,126,F1,1,,,,,
2026-09-24,2026-09-24,CM,NSE,STK,757614,INE0H9P01028,ARIS,EQ,,,,,ARISINFRA SOLUTIONS LTD,143.90,143.90,139.00,141.92,141.65,143.72,,141.91,,,767528,108444245.98,12439,F1,1,,,,,
2026-09-24,2026-09-24,CM,NSE,STK,25398,INE0QRL01017,ARKADE,EQ,,,,,ARKADE DEVELOPERS LIMITED,127.47,128.89,123.20,124.73,125.31,127.73,,124.74,,,186335,23421132.72,2682,F1,1,,,,,
2026-09-24,2026-09-24,CM,NSE,STK,17263,INE109C01017,ARMANFIN,EQ,,,,,ARMAN FIN SERV LTD,1958.00,1959.90,1869.00,1897.50,1901.00,1968.90,,1897.57,,,39659,75406832.10,6959,F1,1,,,,,
2026-09-24,2026-09-24,CM,NSE,STK,760752,INE0TZX01019,ARMOUR,ST,,,,,ARMOUR SECURITY (INDIA) L,19.15,19.15,19.00,19.15,19.15,18.25,,19.15,,,12000,229400.00,6,F1,2000,,,,,
2026-09-24,2026-09-24,CM,NSE,STK,14557,INE210C01013,AROGRANITE,EQ,,,,,ARO GRANITE IND. LTD.,24.13,24.13,23.70,23.97,23.70,24.23,,23.97,,,1397,33333.87,36,F1,1,,,,,
2026-09-24,2026-09-24,CM,NSE,STK,9260,INE570D01018,ARROWGREEN,EQ,,,,,ARROW GREENTECH LIMITED,900.00,915.05,886.00,895.95,895.50,900.00,,896.05,,,30653,27602345.85,2962,F1,1,,,,,
2026-09-24,2026-09-24,CM,NSE,STK,29015,INE968D01022,ARSHIYA,BZ,,,,,ARSHIYA LIMITED,0.73,0.74,0.70,0.72,0.72,0.71,,0.72,,,196619,141630.21,75,F1,1,,,,,
2026-09-24,2026-09-24,CM,NSE,STK,6156,INE738V01013,ARTNIRMAN,EQ,,,,,ART NIRMAN LIMITED,40.21,40.21,38.60,39.97,39.99,40.01,,39.97,,,316,12362.86,15,F1,1,,,,,
2026-09-24,2026-09-24,CM,NSE,STK,761330,INE757T01025,AEPL,EQ,,,,,ARTEMIS ELECTRICALS & P L,16.49,16.56,16.00,16.13,16.28,16.49,,16.13,,,12427,200250.92,147,F1,1,,,,,
2026-09-24,2026-09-24,CM,NSE,STK,16913,INE025R01021,ARTEMISMED,EQ,,,,,ARTEMIS MED SERVICE LTD,339.00,342.65,331.10,332.70,333.50,341.90,,332.70,,,212640,71459154.35,7759,F1,1,,,,,
2026-09-24,2026-09-24,CM,NSE,STK,756896,INE0TTG01017,ARUNAYA,SM,,,,,ARUNAYA ORGANICS LIMITED,14.15,14.15,14.00,14.00,14.00,14.15,,14.00,,,4000,56300.00,2,F1,2000,,,,,
2026-09-24,2026-09-24,CM,NSE,STK,2814,INE006Z01016,ARVEE,EQ,,,,,ARVEE LABORATORIES I LTD,237.80,237.80,219.27,224.25,223.05,242.18,,224.25,,,27441,6193721.42,804,F1,1,,,,,
2026-09-24,2026-09-24,CM,NSE,STK,9111,INE955V01021,ARVINDFASN,EQ,,,,,ARVIND FASHIONS LIMITED,422.00,422.05,413.20,414.25,415.90,425.45,,414.23,,,112586,46963245.60,9710,F1,1,,,,,
2026-09-24,2026-09-24,CM,NSE,STK,193,INE034A01011,ARVIND,EQ,,,,,ARVIND LIMITED,541.10,571.90,541.10,565.70,566.00,548.25,,565.71,,,1035806,583109031.30,38554,F1,1,,,,,
2026-09-24,2026-09-24,CM,NSE,STK,19579,INE0P4T01013,ARVINDPORT,SM,,,,,ARVIND PORT AND INFRA LTD,36.05,36.05,34.50,34.50,34.50,36.05,,34.50,,,9000,315900.00,6,F1,1500,,,,,
2026-09-24,2026-09-24,CM,NSE,STK,10457,INE034S01021,ARVSMART,EQ,,,,,ARVIND SMARTSPACES LTD,630.00,637.90,618.55,622.75,627.00,634.05,,622.75,,,168728,105828771.15,6906,F1,1,,,,,
2026-09-24,2026-09-24,CM,NSE,STK,764603,INE032E01017,ARYAMAN,EQ,,,,,ARYAMAN FINANCIAL SERV L,611.05,615.00,610.00,615.00,615.00,611.05,,634.00,,,885,544262.10,4,F1,1,,,,,
2026-09-24,2026-09-24,CM,NSE,STK,5378,INE439A01020,ASAHIINDIA,EQ,,,,,ASAHI INDIA GLASS LIMITED,965.00,994.90,960.00,965.40,964.15,971.30,,965.36,,,181631,178079601.35,15649,F1,1,,,,,
2026-09-24,2026-09-24,CM,NSE,STK,25092,INE228I01012,ASAHISONG,BE,,,,,ASAHI SONGWON COLOR LTD,382.90,393.00,376.00,388.00,389.90,382.90,,388.34,,,12997,4987956.95,211,F1,1,,,,,
2026-09-24,2026-09-24,CM,NSE,STK,24711,INE0LAA01017,ASHALOG,SM,,,,,ASHAPURA LOGISTICS LTD,61.50,61.50,60.00,60.50,60.50,60.00,,60.50,,,4000,242000.00,3,F1,1000,,,,,
2026-09-24,2026-09-24,CM,NSE,STK,203,INE348A01023,ASHAPURMIN,EQ,,,,,ASHAPURA MINECHEM LTD,530.85,531.65,509.00,510.75,512.00,532.85,,510.78,,,441922,227963346.40,16178,F1,1,,,,,
2026-09-24,2026-09-24,CM,NSE,STK,24403,INE365D01021,ASHIANA,EQ,,,,,ASHIANA HOUSING LTD,387.00,395.90,386.00,388.50,387.70,391.05,,388.50,,,30140,11782815.25,1603,F1,1,,,,,
2026-09-24,2026-09-24,CM,NSE,STK,762551,INE094B01013,ASHIKAG,BE,,,,,ASHIKA GLOBAL SEC LTD,407.60,408.90,398.05,402.45,407.80,403.85,,402.43,,,5424,2177428.25,136,F1,1,,,,,
2026-09-24,2026-09-24,CM,NSE,STK,206,INE440A01010,ASHIMASYN,EQ,,,,,ASHIMA LTD,15.99,16.25,15.70,15.80,15.83,15.81,,15.81,,,52805,839562.73,250,F1,1,,,,,
2026-09-24,2026-09-24,CM,NSE,STK,212,INE208A01029,ASHOKLEY,EQ,,,,,ASHOK LEYLAND LTD,160.00,160.60,157.00,157.30,157.30,162.89,,157.31,,,8138134,1293424632.81,102700,F1,1,,,,,
2026-09-24,2026-09-24,CM,NSE,STK,20182,INE442H01029,ASHOKA,EQ,,,,,ASHOKA BUILDCON LTD,112.10,115.00,111.10,113.05,114.00,112.80,,113.05,,,391179,43867997.05,4753,F1,1,,,,,
2026-09-24,2026-09-24,CM,NSE,STK,16943,INE760Y01011,ASHOKAMET,EQ,,,,,ASHOKA METCAST LIMITED,15.75,16.10,14.71,15.68,15.69,15.54,,15.68,,,143518,2224857.06,696,F1,1,,,,,
2026-09-24,2026-09-24,CM,NSE,STK,765573,INE19FR01012,ASHUTOSH,SM,,,,,ASHUTOSH FIBRE LIMITED,160.55,164.85,156.30,161.10,161.85,161.45,,161.10,,,99600,16053300.00,82,F1,1200,,,,,
2026-09-24,2026-09-24,CM,NSE,STK,760418,INE1A6Q01010,ASHWINI,SM,,,,,ASHWINI CONTAINER MOVER L,160.00,160.00,160.00,160.00,160.00,160.95,,160.00,,,1000,160000.00,1,F1,1000,,,,,
2026-09-24,2026-09-24,CM,NSE,STK,7030,INE276G01015,ASIANENE,EQ,,,,,ASIAN ENERGY SERVICES LTD,490.00,496.00,470.05,474.65,477.00,489.70,,474.62,,,252857,121382065.75,9357,F1,1,,,,,
2026-09-24,2026-09-24,CM,NSE,STK,14889,INE022I01019,ASIANTILES,EQ,,,,,ASIAN GRANITO IND. LTD.,50.90,50.90,49.32,50.35,50.63,51.16,,50.35,,,2851492,142755268.90,6261,F1,1,,,,,
2026-09-24,2026-09-24,CM,NSE,STK,19438,INE926K01017,AHLEAST,EQ,,,,,ASIAN HOTELS (EAST) LTD,135.57,143.00,135.55,136.41,136.10,136.36,,136.41,,,3028,420776.73,79,F1,1,,,,,
2026-09-24,2026-09-24,CM,NSE,STK,18422,INE363A01022,ASIANHOTNR,EQ,,,,,ASIAN HOTELS (NORTH) LTD,392.65,398.25,381.05,389.50,383.80,390.45,,389.60,,,5722,2208295.10,323,F1,1,,,,,
2026-09-24,2026-09-24,CM,NSE,STK,19370,INE915K01010,AHLWEST,BE,,,,,ASIAN HOTELS (WEST) LTD,534.00,534.00,521.05,521.05,521.05,530.00,,521.05,,,185,97689.25,3,F1,1,,,,,
2026-09-24,2026-09-24,CM,NSE,STK,236,INE021A01026,ASIANPAINT,EQ,,,,,ASIAN PAINTS LIMITED,2430.00,2437.80,2391.00,2392.70,2392.70,2455.00,,2393.00,,,259577,626416484.00,35870,F1,1,,,,,
2026-09-24,2026-09-24,CM,NSE,STK,762553,INE194D01017,ASTAR,EQ,,,,,ASIAN STAR CO. LTD.,695.00,726.25,663.00,679.25,670.00,708.95,,679.24,,,713,495104.05,103,F1,1,,,,,
2026-09-24,2026-09-24,CM,NSE,STK,765025,INE822B01017,ASIANTNE,EQ,,,,,ASIAN TEA & EXPORTS LTD.,9.75,9.75,9.02,9.19,9.20,9.24,,9.19,,,3593,33200.91,59,F1,1,,,,,
2026-09-24,2026-09-24,CM,NSE,STK,20152,INE491J01022,ASKAUTOLTD,EQ,,,,,ASK AUTOMOTIVE LIMITED,650.50,654.95,637.70,642.75,646.95,651.25,,642.77,,,201541,130118719.80,12671,F1,1,,,,,
2026-09-24,2026-09-24,CM,NSE,STK,17270,INE991I01015,ASPINWALL,EQ,,,,,ASPINWALL & CO LTD,257.00,260.05,252.15,258.95,252.55,255.55,,258.95,,,6938,1777030.20,73,F1,1,,,,,
2026-09-24,2026-09-24,CM,NSE,STK,766072,INE148G01016,ARCIL,EQ,,,,,ASSET RECONSTRUC CO (I) L,145.00,157.00,145.00,148.62,148.50,149.76,,148.67,,,9331667,1420390959.72,103055,F1,1,,,,,
2026-09-24,2026-09-24,CM,NSE,STK,17598,INE073G01016,ASALCBR,EQ,,,,,ASSO ALCOHOLS & BREW LTD,657.90,664.40,647.10,651.00,649.10,657.90,,651.00,,,20912,13650736.30,2967,F1,1,,,,,
2026-09-24,2026-09-24,CM,NSE,STK,17728,INE563J01010,ASTEC,EQ,,,,,ASTEC LIFESCIENCES LTD,747.70,756.80,721.00,728.80,731.00,757.45,,728.77,,,67021,49370260.40,4232,F1,1,,,,,
2026-09-24,2026-09-24,CM,NSE,STK,1508,INE914M01019,ASTERDM,EQ,,,,,ASTER DM QUALITY CARE LTD,752.00,780.00,752.00,768.65,763.20,760.05,,768.64,,,1555012,1198768852.50,58922,F1,1,,,,,
2026-09-24,2026-09-24,CM,NSE,STK,11618,INE386C01029,ASTRAMICRO,EQ,,,,,ASTRA MICROWAVE LTD,1604.10,1609.00,1591.00,1596.20,1598.80,1602.10,,1596.04,,,225496,360812711.40,11263,F1,1,,,,,
2026-09-24,2026-09-24,CM,NSE,STK,14418,INE006I01046,ASTRAL,EQ,,,,,ASTRAL LIMITED,1387.80,1402.30,1384.00,1392.00,1392.00,1394.80,,1392.00,,,539189,752092097.40,35939,F1,1,,,,,
2026-09-24,2026-09-24,CM,NSE,STK,5610,INE203A01020,ASTRAZEN,EQ,,,,,ASTRAZENECA PHARMA IND LT,6706.00,6706.00,6543.00,6591.00,6600.00,6706.00,,6590.88,,,4758,31482194.50,1399,F1,1,,,,,
2026-09-24,2026-09-24,CM,NSE,STK,764445,INE646X01014,ASTRON,BZ,,,,,ASTRON PAPER BORD MIL LTD,2.97,3.04,2.84,2.95,2.98,2.97,,2.95,,,23515,68664.59,93,F1,1,,,,,
2026-09-24,2026-09-24,CM,NSE,STK,15649,INE0ALR01029,ATALREAL,EQ,,,,,ATAL REALTECH LIMITED,14.30,14.83,14.30,14.60,14.61,14.36,,14.60,,,5678874,82821991.15,3008,F1,1,,,,,
2026-09-24,2026-09-24,CM,NSE,STK,15404,INE09KD01013,ATAM,EQ,,,,,ATAM VALVES LIMITED,59.24,60.42,57.00,58.08,58.90,59.24,,57.88,,,7448,432121.35,308,F1,1,,,,,
2026-09-24,2026-09-24,CM,NSE,STK,757645,INE0LEZ01016,ATHERENERG,EQ,,,,,ATHER ENERGY LIMITED,1489.00,1524.50,1481.00,1499.00,1499.00,1499.40,,1499.03,,,3276318,4932425160.40,83694,F1,1,,,,,
2026-09-24,2026-09-24,CM,NSE,STK,760953,IN90NN701011,ATLPP,E1,,,,,ATL RE.0.50 PPD UP,9.21,9.21,8.82,8.82,8.82,9.10,,8.97,,,569,5158.33,10,F1,1,,,,,
2026-09-24,2026-09-24,CM,NSE,STK,759007,INE0Z4F01028,ATLANTAELE,EQ,,,,,ATLANTA ELECTRICALS LTD,1676.00,1676.00,1577.00,1587.20,1590.00,1656.30,,1587.23,,,107385,172268408.40,8831,F1,1,,,,,
2026-09-24,2026-09-24,CM,NSE,STK,13585,INE285H01022,ATLANTAA,EQ,,,,,ATLANTAA LIMITED,35.65,35.83,35.06,35.65,35.82,35.83,,35.63,,,6973,247694.01,201,F1,1,,,,,
2026-09-24,2026-09-24,CM,NSE,STK,4568,INE446A01025,ATLASCYCLE,EQ,,,,,ATLAS CYCLE (HARYANA) LTD,100.00,101.55,96.32,97.89,97.86,100.46,,97.93,,,8923,880980.50,256,F1,1,,,,,
2026-09-24,2026-09-24,CM,NSE,STK,22785,INE05DH01017,ATMASTCO,SM,,,,,ATMASTCO LIMITED,123.65,127.65,115.55,115.60,115.60,121.60,,115.60,,,173600,20355300.00,234,F1,400,,,,,
2026-09-24,2026-09-24,CM,NSE,STK,30023,INE951D01028,ATULAUTO,EQ,,,,,ATUL AUTO LIMITED,457.75,457.75,445.00,447.55,448.75,457.75,,447.54,,,48768,21982432.05,3004,F1,1,,,,,
2026-09-24,2026-09-24,CM,NSE,STK,263,INE100A01010,ATUL,EQ,,,,,ATUL LTD,6100.00,6208.50,6098.50,6135.50,6195.00,6118.00,,6135.19,,,22896,140762989.50,7084,F1,1,,,,,
2026-09-24,2026-09-24,CM,NSE,STK,21238,INE949L01017,AUBANK,EQ,,,,,AU SMALL FINANCE BANK LTD,1034.10,1034.10,999.20,1000.10,1000.10,1053.00,,1000.10,,,3448868,3478959697.10,85022,F1,1,,,,,
2026-09-24,2026-09-24,CM,NSE,STK,765451,INE16W401027,AUGMONT,EQ,,,,,AUGMONT ENTERPRISES LTD,879.95,895.00,858.60,864.10,860.35,886.30,,864.14,,,448654,392699226.60,21756,F1,1,,,,,
2026-09-24,2026-09-24,CM,NSE,STK,12022,INE132H01018,AURIONPRO,EQ,,,,,AURIONPRO SOLN LTD,680.00,704.00,675.25,682.55,682.00,689.40,,682.55,,,115289,79601127.35,6713,F1,1,,,,,
2026-09-24,2026-09-24,CM,NSE,STK,15869,INE0NUL01018,AUROIMPEX,SM,,,,,AURO IMPEX & CHEMICALS L,40.95,40.95,39.00,40.95,40.95,39.00,,40.95,,,152000,6198880.00,81,F1,1600,,,,,
2026-09-24,2026-09-24,CM,NSE,STK,275,INE406A01037,AUROPHARMA,EQ,,,,,AUROBINDO PHARMA LTD,1719.70,1740.00,1710.00,1716.00,1716.00,1721.50,,1716.05,,,819753,1415696549.70,37170,F1,1,,,,,
2026-09-24,2026-09-24,CM,NSE,STK,10310,INE898S01029,AURUM,EQ,,,,,AURUM PROPTECH LIMITED,223.00,223.00,219.90,220.22,220.00,223.19,,220.20,,,67430,14876894.23,1263,F1,1,,,,,
2026-09-24,2026-09-24,CM,NSE,STK,31468,INE142K01011,AURUS,EQ,,,,,AURUS GEM CORP LIMITED,4.85,4.85,4.51,4.63,4.63,4.67,,4.63,,,17035,79430.64,117,F1,1,,,,,
2026-09-24,2026-09-24,CM,NSE,STK,4037,INE218C01016,AUSOMENT,EQ,,,,,AUSOM ENTERPRISE LIMITED,147.63,149.00,140.30,145.66,146.88,147.63,,145.60,,,8104,1173851.74,352,F1,1,,,,,
2026-09-24,2026-09-24,CM,NSE,STK,764608,INE759F01012,AUSTENG,EQ,,,,,AUSTIN ENGINEERING CO. L,164.40,171.97,164.19,169.04,169.50,164.19,,169.05,,,33265,5590867.39,607,F1,1,,,,,
2026-09-24,2026-09-24,CM,NSE,STK,21451,INE0P0001010,APS,SM,,,,,AUSTRALIAN PREM SOLAR I L,236.00,239.90,235.00,237.00,237.00,235.70,,237.00,,,6500,1540712.50,23,F1,250,,,,,
2026-09-24,2026-09-24,CM,NSE,STK,23553,INE206F01022,AIIL,EQ,,,,,AUTHUM INVEST & INFRA LTD,562.60,562.60,548.75,551.60,554.35,561.45,,551.57,,,147739,81773738.25,12583,F1,1,,,,,
2026-09-24,2026-09-24,CM,NSE,STK,14106,INE718H01014,AUTOIND,EQ,,,,,AUTOLINE INDUSTRIES LTD,87.50,89.54,84.00,84.32,84.30,87.79,,84.32,,,768484,66196560.18,5127,F1,1,,,,,
2026-09-24,2026-09-24,CM,NSE,STK,764558,INE451C01013,ACGL,EQ,,,,,AUTOMOBILE CORPN OF GOA L,1731.80,1760.00,1700.00,1716.50,1700.00,1731.80,,1716.64,,,781,1347155.80,115,F1,1,,,,,
2026-09-24,2026-09-24,CM,NSE,STK,278,INE449A01011,AUTOAXLES,EQ,,,,,AUTOMOTIVE AXLES LIMITED,1687.80,1700.00,1668.60,1683.60,1685.00,1682.00,,1683.84,,,4622,7799486.90,513,F1,1,,,,,
2026-09-24,2026-09-24,CM,NSE,STK,10634,INE900C01027,ASAL,EQ,,,,,AUTOMOTIVE STAMPINGS & AS,451.00,454.80,439.00,441.70,443.90,452.00,,441.73,,,8394,3732262.30,545,F1,1,,,,,
2026-09-24,2026-09-24,CM,NSE,STK,21406,INE349W01017,AVADHSUGAR,EQ,,,,,AVADH SUG & ENERGY LTD,731.05,737.00,719.95,724.10,728.40,730.80,,724.20,,,33701,24527459.15,2879,F1,1,,,,,
2026-09-24,2026-09-24,CM,NSE,STK,15058,INE0LCL01028,AVALON,EQ,,,,,AVALON TECHNOLOGIES LTD,2427.90,2470.00,2280.00,2316.10,2358.00,2445.60,,2316.46,,,373474,881841780.20,37572,F1,1,,,,,
2026-09-24,2026-09-24,CM,NSE,STK,760736,INE1KU201016,AVANA,ST,,,,,AVANA ELECTROSYSTEMS LTD,139.00,139.00,134.20,135.90,138.55,138.00,,135.90,,,18000,2450800.00,9,F1,2000,,,,,
2026-09-24,2026-09-24,CM,NSE,STK,765030,INE758A01072,AVANCE,EQ,,,,,AVANCE TECHNOLOGIES LTD.,0.84,0.84,0.80,0.80,0.81,0.83,,0.80,,,4330582,3544998.52,1295,F1,1,,,,,
2026-09-24,2026-09-24,CM,NSE,STK,24610,INE005B01027,AVANTEL,EQ,,,,,AVANTEL LIMITED,153.00,160.00,151.38,155.34,155.19,146.17,,155.34,,,19469119,3048226462.33,149839,F1,1,,,,,
2026-09-24,2026-09-24,CM,NSE,STK,7936,INE871C01038,AVANTIFEED,EQ,,,,,AVANTI FEEDS LIMITED,762.00,764.15,747.20,749.75,750.85,767.20,,749.76,,,161012,121402443.75,11162,F1,1,,,,,
2026-09-24,2026-09-24,CM,NSE,STK,20503,INE617I01024,AVATAR,ST,,,,,AVATAR INDUSTRIES LIMITED,197.20,197.20,178.55,178.55,178.55,187.90,,178.55,,,8000,1465700.00,4,F1,2000,,,,,
2026-09-24,2026-09-24,CM,NSE,STK,19913,INE192R01011,DMART,EQ,,,,,AVENUE SUPERMARTS LIMITED,3818.00,3832.10,3780.10,3787.50,3787.50,3834.80,,3787.49,,,429727,1634969457.30,21457,F1,1,,,,,
2026-09-24,2026-09-24,CM,NSE,STK,16249,INE483S01020,CCAVENUE,EQ,,,,,AVENUESAI LIMITED,16.00,16.26,15.82,15.99,16.03,16.09,,15.99,,,9133232,146384566.92,12187,F1,1,,,,,
2026-09-24,2026-09-24,CM,NSE,STK,15638,INE680Z01018,AVG,BE,,,,,AVG LOGISTICS LIMITED,168.00,168.00,162.30,162.99,163.00,167.05,,162.99,,,6982,1144062.58,89,F1,1,,,,,
2026-09-24,2026-09-24,CM,NSE,STK,25520,INE0TFB01017,AVIANSH,SM,,,,,AVI ANSH TEXTILE LIMITED,101.00,101.50,101.00,101.50,101.50,100.00,,101.50,,,2000,202500.00,2,F1,1000,,,,,
2026-09-24,2026-09-24,CM,NSE,STK,755092,INE0V9I01017,AVIENCE,SM,,,,,AVIENCE BIOMEDICALS LTD,350.00,350.00,334.40,338.20,340.00,354.45,,338.20,,,79800,27283800.00,122,F1,600,,,,,
2026-09-24,2026-09-24,CM,NSE,STK,14064,INE855F01042,ASMS,EQ,,,,,AVIO SMART MRKT STACK LTD,6.45,6.55,6.34,6.41,6.40,6.47,,6.42,,,201114,1298118.47,703,F1,1,,,,,
2026-09-24,2026-09-24,CM,NSE,STK,13557,INE323B01024,AVONMORE,EQ,,,,,AVONMORE CAP&MGT SERV LTD,13.64,13.64,13.01,13.10,13.06,13.48,,13.10,,,174612,2312816.96,575,F1,1,,,,,
2026-09-24,2026-09-24,CM,NSE,STK,23159,INE0R9401019,AVPINFRA,SM,,,,,AVP INFRACON LIMITED,57.00,57.50,56.45,56.45,56.45,57.40,,56.45,,,9600,547560.00,11,F1,800,,,,,
2026-09-24,2026-09-24,CM,NSE,STK,8827,INE652Z01025,AVROIND,EQ,,,,,AVRO INDIA LIMITED,7.24,7.24,6.99,7.08,7.12,7.13,,7.07,,,132690,941258.33,559,F1,1,,,,,
2026-09-24,2026-09-24,CM,NSE,STK,14008,INE488D01021,AVTNPL,EQ,,,,,AVT NATURAL PRODUCTS LTD,95.30,96.70,91.91,92.93,93.47,96.88,,92.91,,,418880,39328591.04,4752,F1,1,,,,,
2026-09-24,2026-09-24,CM,NSE,STK,23864,INE108V01019,AWFIS,EQ,,,,,AWFIS SPACE SOLUTIONS LTD,269.25,269.90,257.80,262.40,262.65,269.05,,262.38,,,717703,188010089.25,13843,F1,1,,,,,
2026-09-24,2026-09-24,CM,NSE,STK,8110,INE699H01024,AWL,EQ,,,,,AWL AGRI BUSINESS LIMITED,188.49,189.33,183.70,184.69,184.37,186.18,,184.69,,,3163547,587274724.38,36792,F1,1,,,,,
2026-09-24,2026-09-24,CM,NSE,STK,5900,INE238A01034,AXISBANK,EQ,,,,,AXIS BANK LIMITED,1225.20,1225.20,1175.00,1186.50,1186.50,1243.20,,1186.50,,,10890660,12978114327.60,206284,F1,1,,,,,
2026-09-24,2026-09-24,CM,NSE,STK,765499,INF846KA1598,ENERGYAXIS,EQ,,,,,AXISAMC - ENERGYAXIS,18.84,19.00,18.72,18.77,19.00,18.92,,18.77,,,13067,245291.16,86,F1,1,,,,,
2026-09-24,2026-09-24,CM,NSE,STK,1044,INF846K01X63,BNKETFAXIS,EQ,,,,,AXISAMC-BNKETFAXIS,575.60,575.60,572.01,573.80,574.18,584.85,,573.80,,,1115,639823.35,55,F1,1,,,,,
2026-09-24,2026-09-24,CM,NSE,STK,5732,INF846K016C7,CONSUMAXIS,EQ,,,,,AXISAMC-CONSUMAXIS,118.50,118.50,116.96,117.33,117.33,118.44,,117.33,,,829,97415.06,25,F1,1,,,,,
2026-09-24,2026-09-24,CM,NSE,STK,20532,INF846K01W80,GOLDAXIS,EQ,,,,,AXISAMC-GOLDAXIS,124.60,125.14,124.17,124.24,124.25,125.69,,124.24,,,2469888,307955483.01,3091,F1,1,,,,,
2026-09-24,2026-09-24,CM,NSE,STK,3608,INF846K01Z12,HEALTHAXIS,EQ,,,,,AXISAMC-HEALTHAXIS,173.60,173.60,170.50,172.51,173.60,173.88,,172.51,,,15664,2687660.52,139,F1,1,,,,,
2026-09-24,2026-09-24,CM,NSE,STK,3010,INF846K01Y96,ITAXIS,EQ,,,,,AXISAMC-ITAXIS,316.48,316.48,308.00,308.61,308.00,313.65,,307.93,,,2557,795592.08,97,F1,1,,,,,
2026-09-24,2026-09-24,CM,NSE,STK,21252,INF846K01W98,NIFTYAXIS,EQ,,,,,AXISAMC-NIFTYAXIS,260.08,261.50,255.84,257.37,261.50,260.08,,257.37,,,17929,4609617.16,260,F1,1,,,,,
2026-09-24,2026-09-24,CM,NSE,STK,14742,INF846K010Q0,SENSEXAXIS,EQ,,,,,AXISAMC-SENSEXAXIS,78.28,78.28,76.50,76.71,76.70,77.86,,76.71,,,6723,517542.63,100,F1,1,,,,,
2026-09-24,2026-09-24,CM,NSE,STK,11193,INF846K011K1,SILVERAXIS,EQ,,,,,AXISAMC-SILVERAXIS,227.00,227.00,224.30,224.63,224.99,229.19,,224.63,,,978031,220173738.27,2554,F1,1,,,,,
2026-09-24,2026-09-24,CM,NSE,STK,30155,INF846KA1119,VALUEAXIS,EQ,,,,,AXISAMC-VALUEAXIS,32.48,32.64,32.04,32.18,32.33,32.48,,32.18,,,42653,1374288.94,370,F1,1,,,,,
2026-09-24,2026-09-24,CM,NSE,STK,9436,INE555B01013,AXISCADES,EQ,,,,,AXISCADES TECH LTD,1930.00,1959.00,1905.20,1923.10,1926.00,1940.20,,1923.14,,,118651,229107630.90,12283,F1,1,,,,,
2026-09-24,2026-09-24,CM,NSE,STK,9902,INE02EZ01022,AXITA,EQ,,,,,AXITA COTTON LIMITED,8.11,8.12,7.95,8.00,8.00,8.00,,8.00,,,1313832,10526749.62,1022,F1,1,,,,,
2026-09-24,2026-09-24,CM,NSE,STK,764613,INE767C01012,AXTEL,EQ,,,,,AXTEL INDUSTRIES LTD.,449.50,459.90,435.00,442.30,444.95,450.35,,442.08,,,1962,876697.55,239,F1,1,,,,,
2026-09-24,2026-09-24,CM,NSE,STK,760981,INE501X01029,AYE,EQ,,,,,AYE FINANCE LIMITED,181.99,181.99,170.60,171.99,172.50,180.66,,171.95,,,1306567,227510231.95,22831,F1,1,,,,,
2026-09-24,2026-09-24,CM,NSE,STK,10285,INE193B01039,AYMSYNTEX,EQ,,,,,AYM SYNTEX LIMITED,296.95,296.95,283.15,285.40,285.00,292.80,,285.47,,,47064,13466626.45,3242,F1,1,,,,,
2026-09-24,2026-09-24,CM,NSE,STK,20905,INE02IJ01035,AZAD,EQ,,,,,AZAD ENGINEERING LIMITED,2705.00,2739.30,2667.90,2678.30,2690.00,2713.20,,2678.32,,,194120,525128456.20,19434,F1,1,,,,,
2026-09-24,2026-09-24,CM,NSE,STK,765035,INE566M01017,AZADIND,EQ,,,,,AZAD INDIA MOBILITY LTD.,84.00,88.90,81.06,83.77,85.00,80.93,,84.00,,,39928,3356827.33,1630,F1,1,,,,,
2026-09-24,2026-09-24,CM,NSE,STK,12153,INE01EE01011,BBTCL,EQ,,,,,B&B TRIPLEWALL CONT LTD,232.69,234.02,223.52,229.17,231.80,231.30,,229.25,,,5451,1249282.10,372,F1,1,,,,,
2026-09-24,2026-09-24,CM,NSE,STK,11226,INE116D01028,BAGFILMS,EQ,,,,,B.A.G FILMS AND MEDIA LTD,4.35,4.38,4.25,4.29,4.29,4.34,,4.28,,,43213,185092.80,129,F1,1,,,,,
2026-09-24,2026-09-24,CM,NSE,STK,759420,INE17CQ01015,BAGDIGITAL,SM,,,,,B.A.G.CONVERGENCE LIMITED,102.90,104.50,100.00,103.75,104.30,105.00,,103.75,,,40000,4124240.00,21,F1,1600,,,,,
2026-09-24,2026-09-24,CM,NSE,STK,13290,INE350H01032,BLKASHYAP,EQ,,,,,B.L.KASHYAP & SON LTD,53.21,53.39,52.40,52.85,52.80,53.97,,52.85,,,162477,8589457.46,1468,F1,1,,,,,
2026-09-24,2026-09-24,CM,NSE,STK,25114,INE01FR01028,STYLEBAAZA,EQ,,,,,BAAZAR STYLE RETAIL LTD,379.00,381.30,367.00,370.40,371.50,378.05,,370.40,,,554142,206873078.75,8629,F1,1,,,,,
2026-09-24,2026-09-24,CM,NSE,STK,17735,INE878I01022,BAFNAPH,BE,,,,,BAFNA PHARMACEUTICALS LTD,343.20,343.20,343.20,343.20,343.20,336.50,,349.00,,,740,253968.00,15,F1,1,,,,,
2026-09-24,2026-09-24,CM,NSE,STK,763363,INE2OVN25015,BAGMANE,RR,,,,,BAGMANE PRIME OFFICE REIT,110.29,110.89,109.12,109.72,109.30,110.29,,109.72,,,494732,54523925.13,7078,F1,1,,,,,
2026-09-24,2026-09-24,CM,NSE,STK,12989,INE029Q01017,BAHETI,SM,,,,,BAHETI RECYCLING IND LTD,783.00,783.00,740.00,750.20,745.00,761.25,,750.20,,,13125,10005731.25,25,F1,375,,,,,
2026-09-24,2026-09-24,CM,NSE,STK,13794,INE020D01022,BAIDFIN,EQ,,,,,BAID FINSERV LIMITED,10.55,10.63,10.29,10.45,10.45,10.55,,10.45,,,40141,416924.81,322,F1,1,,,,,
2026-09-24,2026-09-24,CM,NSE,STK,16669,INE917I01010,BAJAJ-AUTO,EQ,,,,,BAJAJ AUTO LIMITED,11341.00,11383.00,11201.00,11208.00,11208.00,11400.00,,11207.99,,,106766,1202512863.00,18532,F1,1,,,,,
2026-09-24,2026-09-24,CM,NSE,STK,19531,INE933K01021,BAJAJCON,EQ,,,,,BAJAJ CONSUMER CARE LTD,504.00,514.10,499.50,501.70,502.55,505.85,,501.71,,,542706,273644235.55,19304,F1,1,,,,,
2026-09-24,2026-09-24,CM,NSE,STK,15034,INE193E01025,BAJAJELEC,EQ,,,,,BAJAJ ELECT.LTD,326.15,328.00,320.15,321.45,322.25,329.40,,321.45,,,85820,27755612.00,3521,F1,1,,,,,
2026-09-24,2026-09-24,CM,NSE,STK,317,INE296A01032,BAJFINANCE,EQ,,,,,BAJAJ FINANCE LIMITED,1005.00,1015.00,974.00,982.00,982.00,1043.20,,982.05,,,13385656,13237303283.40,226906,F1,1,,,,,
2026-09-24,2026-09-24,CM,NSE,STK,16675,INE918I01026,BAJAJFINSV,EQ,,,,,BAJAJ FINSERV LTD.,1818.00,1818.00,1760.90,1762.30,1762.30,1846.50,,1762.81,,,1520045,2704253753.10,87450,F1,1,,,,,
2026-09-24,2026-09-24,CM,NSE,STK,6863,INE411U01027,BAJAJHCARE,EQ,,,,,BAJAJ HEALTHCARE LIMITED,354.00,364.40,348.30,350.15,350.90,352.70,,350.17,,,310385,110765051.85,10570,F1,1,,,,,
2026-09-24,2026-09-24,CM,NSE,STK,308,INE306A01021,BAJAJHIND,EQ,,,,,BAJAJ HINDUSTHAN SUGAR LT,20.48,20.48,19.70,19.90,20.06,20.52,,19.90,,,9500176,190201824.64,13849,F1,1,,,,,
2026-09-24,2026-09-24,CM,NSE,STK,305,INE118A01012,BAJAJHLDNG,EQ,,,,,BAJAJ HOLDINGS & INVS LTD,11390.00,11390.00,10898.00,10917.00,10917.00,11449.00,,10916.95,,,43678,486310968.00,11998,F1,1,,,,,
2026-09-24,2026-09-24,CM,NSE,STK,25270,INE377Y01014,BAJAJHFL,EQ,,,,,BAJAJ HOUSING FINANCE LTD,83.28,83.39,82.08,82.96,83.00,83.52,,82.96,,,4579123,378421679.66,28771,F1,1,,,,,
2026-09-24,2026-09-24,CM,NSE,STK,762563,INE704G01024,BAJAJST,EQ,,,,,BAJAJ STEEL INDS. LTD.,347.00,349.10,345.00,347.00,347.00,349.80,,346.99,,,3155,1092969.70,234,F1,1,,,,,
2026-09-24,2026-09-24,CM,NSE,STK,20531,INE0KQN01018,BAJEL,EQ,,,,,BAJEL PROJECTS LIMITED,174.02,174.02,168.00,172.11,171.50,174.06,,172.12,,,114747,19601287.72,2868,F1,1,,,,,
2026-09-24,2026-09-24,CM,NSE,STK,13441,INE083D01012,BALPHARMA,EQ,,,,,BAL PHARMA LTD.,106.25,108.99,103.00,105.02,103.81,108.28,,104.98,,,37460,3990011.08,959,F1,1,,,,,
2026-09-24,2026-09-24,CM,NSE,STK,14501,INE050E01027,BALAMINES,EQ,,,,,BALAJI AMINES LIMITED,2259.10,2308.40,2209.10,2226.00,2220.00,2271.20,,2225.48,,,182755,411484335.70,19094,F1,1,,,,,
2026-09-24,2026-09-24,CM,NSE,STK,30030,INE0PQ601019,BALAJIPHOS,SM,,,,,BALAJI PHOSPHATES LIMITED,116.50,116.50,110.05,110.05,110.05,112.60,,110.05,,,6000,673200.00,3,F1,1000,,,,,
2026-09-24,2026-09-24,CM,NSE,STK,9158,INE794B01026,BALAJITELE,EQ,,,,,BALAJI TELEFILMS LIMITED.,93.00,97.30,92.76,93.82,94.49,94.18,,93.83,,,173922,16545552.50,2515,F1,1,,,,,
2026-09-24,2026-09-24,CM,NSE,STK,11309,INE618N01022,BALAXI,EQ,,,,,BALAXI PHARMA LTD,22.50,23.25,22.50,22.73,22.78,22.94,,22.73,,,20375,464236.46,183,F1,1,,,,,
2026-09-24,2026-09-24,CM,NSE,STK,335,INE787D01026,BALKRISIND,EQ,,,,,BALKRISHNA IND. LTD,2185.00,2201.70,2161.10,2167.80,2161.10,2199.60,,2167.82,,,49847,108765636.50,9483,F1,1,,,,,
2026-09-24,2026-09-24,CM,NSE,STK,10181,INE875R01011,BALKRISHNA,EQ,,,,,BALKRISHNA PAPER MILLS L,16.15,16.40,15.50,15.90,15.80,16.15,,15.89,,,4835,76923.97,153,F1,1,,,,,
2026-09-24,2026-09-24,CM,NSE,STK,338,INE164A01016,BALMLAWRIE,EQ,,,,,BALMER LAWRIE & CO LTD,167.00,167.00,161.05,164.25,164.72,167.43,,164.25,,,123861,20364831.34,2480,F1,1,,,,,
2026-09-24,2026-09-24,CM,NSE,STK,762603,INE525F01025,BLIL,EQ,,,,,BALMER LAWRIE INVSTS. L,67.30,67.30,66.66,66.73,66.77,67.28,,66.73,,,49766,3326539.97,1739,F1,1,,,,,
2026-09-24,2026-09-24,CM,NSE,STK,341,INE119A01028,BALRAMCHIN,EQ,,,,,BALRAMPUR CHINI MILLS LTD,674.80,677.50,657.00,659.40,663.00,676.40,,659.35,,,578395,384545656.10,15573,F1,1,,,,,
2026-09-24,2026-09-24,CM,NSE,STK,23607,INE011E01029,BALUFORGE,EQ,,,,,BALU FORGE INDUSTRIES LTD,502.55,506.95,495.15,498.10,500.50,506.25,,498.09,,,319506,159948080.95,11038,F1,1,,,,,
2026-09-24,2026-09-24,CM,NSE,STK,347,INE655B01011,BANARBEADS,EQ,,,,,BANARAS BEADS LTD,116.99,119.64,113.10,115.86,116.39,113.28,,115.86,,,7965,929396.14,197,F1,1,,,,,
2026-09-24,2026-09-24,CM,NSE,STK,13880,INE213C01025,BANCOINDIA,EQ,,,,,BANCO PRODUCTS (I) LTD,608.00,612.35,600.20,602.35,604.95,611.75,,602.48,,,54525,33047918.20,6621,F1,1,,,,,
2026-09-24,2026-09-24,CM,NSE,STK,2263,INE545U01014,BANDHANBNK,EQ,,,,,BANDHAN BANK LIMITED,186.00,189.28,182.62,182.90,182.90,191.38,,182.90,,,19300035,3587171521.17,81476,F1,1,,,,,
2026-09-24,2026-09-24,CM,NSE,STK,760325,INF194KB1KJ7,GOLDBND,EQ,,,,,BANDHANAMC - GOLDBND,149.47,150.70,148.96,149.24,149.61,150.95,,149.52,,,13781,2060542.30,116,F1,1,,,,,
2026-09-24,2026-09-24,CM,NSE,STK,18783,INF194KA1U07,IDFNIFTYET,EQ,,,,,BANDHANAMC - IDFNIFTYET,257.70,262.90,255.05,262.64,262.00,259.52,,262.64,,,934,240455.73,56,F1,1,,,,,
2026-09-24,2026-09-24,CM,NSE,STK,760328,INF194KB1KI9,SILVERBND,EQ,,,,,BANDHANAMC - SILVERBND,227.90,230.09,226.11,226.46,226.11,231.23,,226.46,,,7790,1771081.98,133,F1,1,,,,,
2026-09-24,2026-09-24,CM,NSE,STK,15303,INE863I01016,BANG,EQ,,,,,BANG OVERSEAS LTD.,32.38,32.40,31.45,31.61,31.61,31.78,,31.61,,,10834,342850.78,146,F1,1,,,,,
2026-09-24,2026-09-24,CM,NSE,STK,4668,INE028A01039,BANKBARODA,EQ,,,,,BANK OF BARODA,234.50,236.22,233.77,234.30,234.30,236.87,,234.31,,,3751372,880610936.10,30881,F1,1,,,,,
2026-09-24,2026-09-24,CM,NSE,STK,4745,INE084A01016,BANKINDIA,EQ,,,,,BANK OF INDIA,138.26,138.75,137.11,137.76,137.76,139.65,,137.76,,,3672188,505541674.17,22847,F1,1,,,,,
2026-09-24,2026-09-24,CM,NSE,STK,11377,INE457A01014,MAHABANK,EQ,,,,,BANK OF MAHARASHTRA,83.70,83.90,81.80,82.38,82.38,84.11,,82.38,,,7964442,658895403.88,36069,F1,1,,,,,
2026-09-24,2026-09-24,CM,NSE,STK,822,INE862Y01015,BANKA,EQ,,,,,BANKA BIOLOO LIMITED,76.50,76.50,76.50,76.50,76.50,76.50,,76.50,,,51,3901.50,5,F1,1,,,,,
2026-09-24,2026-09-24,CM,NSE,STK,12037,INE186H01022,BASML,BE,,,,,BANNARI AM SPIN MILL LTD.,24.60,25.40,24.25,24.26,24.27,25.04,,24.26,,,69285,1696401.92,126,F1,1,,,,,
2026-09-24,2026-09-24,CM,NSE,STK,350,INE459A01010,BANARISUG,EQ,,,,,BANNARI AMMAN SUGARS LTD,3334.60,3334.60,3300.00,3306.50,3300.00,3342.80,,3306.50,,,550,1820124.00,106,F1,1,,,,,
2026-09-24,2026-09-24,CM,NSE,STK,24386,INE0B9K01025,BANSALWIRE,EQ,,,,,BANSAL WIRE INDUSTRIES L,316.10,330.00,316.10,323.35,322.00,315.90,,323.30,,,223728,72529515.55,6301,F1,1,,,,,
2026-09-24,2026-09-24,CM,NSE,STK,14511,INE629D01020,BANSWRAS,EQ,,,,,BANSWARA SYNTEX LIMITED,111.85,114.62,108.62,109.34,110.74,111.28,,109.34,,,102020,11310294.90,1547,F1,1,,,,,
2026-09-24,2026-09-24,CM,NSE,STK,15073,INE139I01011,BVCL,EQ,,,,,BARAK VALLEY CEM. LTD.,41.75,42.14,41.00,41.18,41.79,42.12,,41.18,,,3050,126198.65,100,F1,1,,,,,
2026-09-24,2026-09-24,CM,NSE,STK,29176,INE0QX401014,BARFLEX,SM,,,,,BARFLEX POLYFILMS LIMITED,59.50,60.00,59.50,60.00,60.00,60.00,,60.00,,,22000,1317800.00,8,F1,2000,,,,,
2026-09-24,2026-09-24,CM,NSE,STK,24117,INF251K01TL6,BBNPNBETF,EQ,,,,,BARODABNP - BBNPNBETF,56.46,57.04,55.87,55.87,56.04,57.19,,55.87,,,1140,63748.92,32,F1,1,,,,,
2026-09-24,2026-09-24,CM,NSE,STK,20547,INF251K01SU9,BBNPPGOLD,EQ,,,,,BARODABNP - BBNPPGOLD,147.10,147.20,143.15,144.90,145.00,146.40,,144.90,,,19352,2811471.65,73,F1,1,,,,,
2026-09-24,2026-09-24,CM,NSE,STK,368,INE373A01013,BASF,EQ,,,,,BASF INDIA LTD,3570.00,3579.90,3509.70,3523.90,3510.00,3580.40,,3523.85,,,13349,47140284.20,3045,F1,1,,,,,
2026-09-24,2026-09-24,CM,NSE,STK,18442,INE0OCC01013,BASILIC,SM,,,,,BASILIC FLY STUDIO LTD,172.25,172.25,164.20,165.90,167.30,172.50,,165.90,,,36600,6108315.00,113,F1,300,,,,,
2026-09-24,2026-09-24,CM,NSE,STK,371,INE176A01028,BATAINDIA,EQ,,,,,BATA INDIA LTD,637.20,638.95,626.00,627.00,627.25,637.20,,627.00,,,89666,56479139.15,8087,F1,1,,,,,
2026-09-24,2026-09-24,CM,NSE,STK,762568,INE177C01022,BATLIBOI,EQ,,,,,BATLIBOI LTD.,82.50,84.50,81.50,83.77,83.00,84.28,,83.62,,,18593,1551687.06,713,F1,1,,,,,
2026-09-24,2026-09-24,CM,NSE,STK,22571,INE0JFJ01011,BAWEJA,SM,,,,,BAWEJA STUDIOS LIMITED,25.65,25.90,25.65,25.85,25.85,25.90,,25.85,,,7200,185560.00,7,F1,800,,,,,
2026-09-24,2026-09-24,CM,NSE,STK,17927,INE462A01022,BAYERCROP,EQ,,,,,BAYER CROPSCIENCE LTD,3762.60,3764.90,3725.00,3736.30,3725.00,3762.60,,3736.72,,,20014,74867005.90,5980,F1,1,,,,,
2026-09-24,2026-09-24,CM,NSE,STK,2513,INE412G01024,BCLIND,EQ,,,,,BCL INDUSTRIES LIMITED,33.99,34.09,33.14,33.48,33.33,34.14,,33.51,,,428082,14385528.27,2399,F1,1,,,,,
2026-09-24,2026-09-24,CM,NSE,STK,761494,INE00SW01015,BCPL,EQ,,,,,BCPL RAILWAY INFRA LTD,70.80,72.99,67.71,68.40,68.60,69.47,,68.42,,,26282,1825320.90,470,F1,1,,,,,
2026-09-24,2026-09-24,CM,NSE,STK,23922,INE639X01027,BEACON,SM,,,,,BEACON TRUSTEESHIP LTD,87.30,87.30,83.50,85.90,85.90,87.15,,85.90,,,4000,340400.00,4,F1,1000,,,,,
2026-09-24,2026-09-24,CM,NSE,STK,17933,INE520H01022,BEARDSELL,EQ,,,,,BEARDSELL LIMITED,25.25,25.25,23.89,24.11,24.01,24.75,,24.11,,,18314,443039.83,222,F1,1,,,,,
2026-09-24,2026-09-24,CM,NSE,STK,20196,INE844K01012,BEDMUTHA,EQ,,,,,BEDMUTHA INDUST LTD,104.96,108.00,102.10,103.05,106.00,104.89,,103.05,,,527,55090.59,29,F1,1,,,,,
2026-09-24,2026-09-24,CM,NSE,STK,762573,INE213D01015,BEEKAY,EQ,,,,,BEEKAY STEEL INDS. LTD.,427.50,427.50,423.00,426.40,425.05,423.25,,426.26,,,745,317260.05,64,F1,1,,,,,
2026-09-24,2026-09-24,CM,NSE,STK,765291,INE1EEM01017,BLEL,EQ,,,,,BEHARI LAL ENGINEERING L,464.00,464.35,442.20,447.30,448.00,469.60,,447.30,,,611687,275397465.25,17736,F1,1,,,,,
2026-09-24,2026-09-24,CM,NSE,STK,757938,INE344T01014,BELLACASA,EQ,,,,,BELLA CASA FASH AND RET L,284.00,284.00,268.02,272.34,268.02,284.12,,272.35,,,14031,3891879.44,1151,F1,1,,,,,
2026-09-24,2026-09-24,CM,NSE,STK,757102,INE894V01022,BELRISE,EQ,,,,,BELRISE INDUSTRIES LTD,246.00,250.61,242.21,243.63,245.00,249.78,,243.65,,,2808239,694837140.53,38629,F1,1,,,,,
2026-09-24,2026-09-24,CM,NSE,STK,15067,INE0N7W01012,BLAL,EQ,,,,,BEML LAND ASSETS LIMITED,165.33,167.80,162.05,162.83,163.00,165.33,,162.83,,,16847,2751564.51,651,F1,1,,,,,
2026-09-24,2026-09-24,CM,NSE,STK,395,INE258A01024,BEML,EQ,,,,,BEML LIMITED,2078.20,2089.00,2030.00,2044.40,2049.00,2095.40,,2044.41,,,193556,398302410.60,15937,F1,1,,,,,
2026-09-24,2026-09-24,CM,NSE,STK,764618,INE664D01019,BENARAS,EQ,,,,,BENARES HOTELS LTD.,10470.00,10550.00,10215.00,10299.00,10299.00,10470.00,,10250.00,,,83,857579.00,26,F1,1,,,,,
2026-09-24,2026-09-24,CM,NSE,STK,762578,INE083K01017,BENGALASM,EQ,,,,,BENGAL & ASSAM CO. LTD.,6153.00,6179.50,6120.50,6126.00,6122.50,6182.50,,6128.90,,,142,872140.00,31,F1,1,,,,,
2026-09-24,2026-09-24,CM,NSE,STK,404,INE463A01038,BERGEPAINT,EQ,,,,,BERGER PAINTS (I) LTD,457.85,457.85,444.35,449.40,450.80,459.75,,449.42,,,671583,301176331.85,19615,F1,1,,,,,
2026-09-24,2026-09-24,CM,NSE,STK,2306,INE052T01021,BESTAGRO,EQ,,,,,BEST AGROLIFE LIMITED,18.48,18.75,18.01,18.19,18.10,18.59,,18.19,,,400243,7326025.60,1422,F1,1,,,,,
2026-09-24,2026-09-24,CM,NSE,STK,759842,INE351Y01019,BETA,EQ,,,,,BETA DRUGS LIMITED,2190.50,2197.90,2080.00,2093.40,2110.00,2187.80,,2093.40,,,16148,34125790.50,2701,F1,1,,,,,
2026-09-24,2026-09-24,CM,NSE,STK,5662,INE0HQI01014,BEWLTD,SM,,,,,BEW ENGINEERING LIMITED,72.00,78.00,70.00,74.30,73.95,72.90,,74.30,,,131000,9835450.00,155,F1,500,,,,,
2026-09-24,2026-09-24,CM,NSE,STK,21113,INE878K01010,BFINVEST,EQ,,,,,BF INVESTMENT LIMITED,446.70,447.40,436.20,439.55,440.70,446.70,,439.54,,,13440,5943684.65,750,F1,1,,,,,
2026-09-24,2026-09-24,CM,NSE,STK,14567,INE243D01012,BFUTILITIE,EQ,,,,,BF UTILITIES LIMITED,525.00,529.00,518.00,525.45,527.65,530.50,,525.59,,,32590,17081257.85,1473,F1,1,,,,,
2026-09-24,2026-09-24,CM,NSE,STK,764183,INF0QA701CI0,BANK10BETF,EQ,,,,,BFAM - BANK10BETF,20.32,20.32,20.05,20.17,20.17,20.46,,20.15,,,6777,136837.56,47,F1,1,,,,,
2026-09-24,2026-09-24,CM,NSE,STK,21986,INF0QA701714,BANKBETF,EQ,,,,,BFAM - BANKBETF,57.64,57.64,56.31,56.52,56.64,57.64,,56.53,,,22513,1274611.88,320,F1,1,,,,,
2026-09-24,2026-09-24,CM,NSE,STK,23915,INF0QA701854,LIQUIDBETF,EQ,,,,,BFAM - LIQUIDBETF,1100.04,1100.06,1100.04,1100.05,1100.05,1099.90,,1100.05,,,232382,255632390.21,70,F1,1,,,,,
2026-09-24,2026-09-24,CM,NSE,STK,21959,INF0QA701722,NIFTYBETF,EQ,,,,,BFAM - NIFTYBETF,241.85,241.85,237.12,238.03,238.69,241.75,,238.07,,,3781,902874.90,124,F1,1,,,,,
2026-09-24,2026-09-24,CM,NSE,STK,15193,INE661I01014,BGRENERGY,BE,,,,,BGR ENERGY SYSTEMS LTD,259.99,265.00,247.57,251.53,250.00,260.60,,251.72,,,63121,15878499.41,631,F1,1,,,,,
2026-09-24,2026-09-24,CM,NSE,STK,758228,INE0ZRC01017,BHADORA,ST,,,,,BHADORA INDUSTRIES LTD,127.00,129.55,126.00,126.50,126.00,127.00,,126.50,,,12000,1531320.00,10,F1,1200,,,,,
2026-09-24,2026-09-24,CM,NSE,STK,13400,INE354C01027,BHAGERIA,EQ,,,,,BHAGERIA INDUSTRIES LTD,340.00,361.95,335.25,359.65,360.00,351.75,,359.62,,,243343,85470451.15,4949,F1,1,,,,,
2026-09-24,2026-09-24,CM,NSE,STK,6164,INE414D01027,BHAGCHEM,EQ,,,,,BHAGIRADHA CHEM & INDS L,244.50,247.40,243.25,244.85,245.00,247.00,,244.84,,,104144,25449540.65,1448,F1,1,,,,,
2026-09-24,2026-09-24,CM,NSE,STK,20776,INE458B01036,BHAGYANGR,EQ,,,,,BHAGYANAGAR INDIA LIMITED,448.90,453.40,429.35,432.30,434.45,444.65,,432.29,,,137809,60889874.40,6007,F1,1,,,,,
2026-09-24,2026-09-24,CM,NSE,STK,19556,INE474E01029,BHANDARI,EQ,,,,,BHANDARI HOSIERY EXP LTD,2.97,2.97,2.91,2.93,2.95,2.95,,2.93,,,61014,179189.05,187,F1,1,,,,,
2026-09-24,2026-09-24,CM,NSE,STK,419,INE922A01025,BEPL,EQ,,,,,BHANSALI ENG. POLYMERS LT,130.20,131.04,126.00,127.09,127.30,130.49,,127.09,,,995288,127390689.00,8858,F1,1,,,,,
2026-09-24,2026-09-24,CM,NSE,STK,13761,INE464A01036,BBL,EQ,,,,,BHARAT BIJLEE LTD,2215.00,2242.00,2185.00,2203.10,2219.00,2231.10,,2201.38,,,14261,31412487.70,2487,F1,1,,,,,
2026-09-24,2026-09-24,CM,NSE,STK,760726,INE05XR01022,BHARATCOAL,EQ,,,,,BHARAT COKING COAL LTD,32.49,32.49,32.00,32.13,32.12,32.62,,32.13,,,3636614,117161134.78,13702,F1,1,,,,,
2026-09-24,2026-09-24,CM,NSE,STK,2144,INE171Z01026,BDL,EQ,,,,,BHARAT DYNAMICS LIMITED,1170.00,1183.00,1152.10,1155.00,1155.00,1161.00,,1155.00,,,2015425,2359664930.50,52373,F1,1,,,,,
2026-09-24,2026-09-24,CM,NSE,STK,383,INE263A01024,BEL,EQ,,,,,BHARAT ELECTRONICS LTD,394.00,398.05,392.00,392.00,392.00,396.05,,392.06,,,5841116,2311621260.40,81361,F1,1,,,,,
2026-09-24,2026-09-24,CM,NSE,STK,422,INE465A01025,BHARATFORG,EQ,,,,,BHARAT FORGE LTD,1965.00,2023.20,1965.00,1998.90,1998.90,2004.00,,1998.90,,,1248669,2498391269.70,57656,F1,1,,,,,
2026-09-24,2026-09-24,CM,NSE,STK,9397,INE561C01019,BHARATGEAR,BE,,,,,BHARAT GEARS LTD,101.25,101.30,100.02,100.33,100.10,101.42,,100.35,,,5711,573074.67,87,F1,1,,,,,
2026-09-24,2026-09-24,CM,NSE,STK,764623,INE365Y01019,BPLPHARMA,EQ,,,,,BHARAT PARENTERALS LTD.,1539.90,1590.20,1539.90,1581.70,1587.80,1545.50,,1581.31,,,2856,4473554.10,307,F1,1,,,,,
2026-09-24,2026-09-24,CM,NSE,STK,526,INE029A01011,BPCL,EQ,,,,,BHARAT PETROLEUM CORP  LT,312.40,313.95,306.70,307.10,307.10,315.75,,307.11,,,3225066,998680107.85,25125,F1,1,,,,,
2026-09-24,2026-09-24,CM,NSE,STK,3834,INE838B01021,BHARATRAS,EQ,,,,,BHARAT RASAYAN LTD,1136.40,1136.40,1105.00,1114.00,1111.00,1134.00,,1114.01,,,11034,12359405.70,1271,F1,1,,,,,
2026-09-24,2026-09-24,CM,NSE,STK,21683,INE727S01012,BRNL,EQ,,,,,BHARAT ROAD NETWORK LTD,16.66,16.92,16.12,16.71,16.92,16.66,,16.74,,,10532,173787.60,174,F1,1,,,,,
2026-09-24,2026-09-24,CM,NSE,STK,30244,INE415D01024,BHARATSE,EQ,,,,,BHARAT SEATS LIMITED,220.05,220.06,214.44,217.55,218.98,220.05,,217.60,,,75195,16319297.18,3886,F1,1,,,,,
2026-09-24,2026-09-24,CM,NSE,STK,16123,INE316L01019,BHARATWIRE,EQ,,,,,BHARAT WIRE ROPES LTD.,170.10,170.11,164.10,165.34,165.39,170.10,,165.33,,,119874,20044865.97,3039,F1,1,,,,,
2026-09-24,2026-09-24,CM,NSE,STK,10604,INE397D01024,BHARTIARTL,EQ,,,,,BHARTI AIRTEL LIMITED,1829.70,1829.90,1795.80,1795.80,1795.80,1833.20,,1794.91,,,4567379,8255932060.20,113401,F1,1,,,,,
2026-09-24,2026-09-24,CM,NSE,STK,23489,INE343G01021,BHARTIHEXA,EQ,,,,,BHARTI HEXACOM LIMITED,1511.00,1519.90,1496.80,1507.20,1505.00,1525.20,,1507.21,,,27837,41907853.10,6153,F1,1,,,,,
2026-09-24,2026-09-24,CM,NSE,STK,7848,INE828A01016,BIL,EQ,,,,,BHARTIYA INTERNATIONAL,1036.55,1043.95,1001.00,1010.25,1022.95,1034.95,,1010.26,,,8544,8728668.60,600,F1,1,,,,,
2026-09-24,2026-09-24,CM,NSE,STK,438,INE257A01026,BHEL,EQ,,,,,BHEL,421.40,422.65,415.35,415.35,415.35,423.10,,415.40,,,5474876,2293054571.85,54114,F1,1,,,,,
2026-09-24,2026-09-24,CM,NSE,STK,762621,INE274K01012,BTTL,BE,,,,,BHILWARA TECHNICAL TEXT L,40.00,40.00,38.41,39.00,39.00,40.00,,39.00,,,542,20974.69,8,F1,1,,,,,
2026-09-24,2026-09-24,CM,NSE,STK,18431,INE412U01025,BIGBLOC,EQ,,,,,BIGBLOC CONSTRUCTION LTD,40.40,40.95,39.52,40.56,40.94,39.97,,40.55,,,22890,923389.32,390,F1,1,,,,,
2026-09-24,2026-09-24,CM,NSE,STK,11966,INE00E101023,BIKAJI,EQ,,,,,BIKAJI FOODS INTERN LTD,591.10,591.90,570.95,575.20,579.30,591.10,,575.25,,,146636,85309742.30,9250,F1,1,,,,,
2026-09-24,2026-09-24,CM,NSE,STK,25527,INE0SQH01013,BIKEWO,ST,,,,,BIKEWO GREEN TECH LIMITED,122.90,122.90,122.80,122.80,122.80,125.30,,122.80,,,56000,6880000.00,23,F1,2000,,,,,
2026-09-24,2026-09-24,CM,NSE,STK,13622,INE071A01013,BILVYAPAR,BE,,,,,BIL VYAPAR LIMITED,4.29,4.44,4.29,4.29,4.29,4.29,,4.29,,,4175,18198.41,20,F1,1,,,,,
2026-09-24,2026-09-24,CM,NSE,STK,762586,INE986A01012,BI,BE,,,,,BILCARE LTD.,103.00,103.00,102.77,102.77,102.77,104.86,,104.65,,,10765,1107153.49,29,F1,1,,,,,
2026-09-24,2026-09-24,CM,NSE,STK,759806,INE0HOQ01053,GROWW,EQ,,,,,BILLIONBRAINS GARAGE VN L,188.88,189.87,184.25,186.55,186.56,188.63,,186.55,,,20205654,3765504732.32,134247,F1,1,,,,,
2026-09-24,2026-09-24,CM,NSE,STK,762588,INE469A01019,BIMETAL,EQ,,,,,BIMETAL BEARINGS LTD.,661.00,661.00,645.00,659.10,661.00,660.65,,658.98,,,137,89854.60,18,F1,1,,,,,
2026-09-24,2026-09-24,CM,NSE,STK,763598,INE1BKA01015,BMLL,SM,,,,,BIO MEDICA LABORATORIES L,165.00,168.65,165.00,168.50,168.50,165.95,,168.50,,,22000,3681150.00,11,F1,1000,,,,,
2026-09-24,2026-09-24,CM,NSE,STK,11373,INE376G01013,BIOCON,EQ,,,,,BIOCON LIMITED.,390.90,394.80,384.90,387.00,387.00,395.00,,387.00,,,1708424,665842175.10,32800,F1,1,,,,,
2026-09-24,2026-09-24,CM,NSE,STK,4136,INE829A01014,BIOFILCHEM,EQ,,,,,BIOFIL CHEM & PHARMA LTD,32.05,32.63,32.05,32.33,32.13,32.29,,32.27,,,9891,319692.96,165,F1,1,,,,,
2026-09-24,2026-09-24,CM,NSE,STK,760942,INE0XW001014,BIOPOL,SM,,,,,BIOPOL CHEMICALS LIMITED,47.50,48.35,47.50,47.60,47.60,48.65,,47.60,,,15600,744660.00,13,F1,1200,,,,,
2026-09-24,2026-09-24,CM,NSE,STK,477,INE800A01015,BIRLACABLE,EQ,,,,,BIRLA CABLE LIMITED,361.05,364.75,343.95,345.20,345.00,361.90,,345.22,,,371183,130067077.65,7719,F1,1,,,,,
2026-09-24,2026-09-24,CM,NSE,STK,480,INE340A01012,BIRLACORPN,EQ,,,,,BIRLA CORPORATION LTD,831.00,849.75,828.85,840.90,843.40,839.95,,840.89,,,60283,50745444.55,5490,F1,1,,,,,
2026-09-24,2026-09-24,CM,NSE,STK,762596,INE372E01025,BIRLAPREC,BE,,,,,BIRLA PRECISION TECH L,58.00,58.95,55.32,56.47,57.00,56.67,,56.49,,,128209,7375127.08,528,F1,1,,,,,
2026-09-24,2026-09-24,CM,NSE,STK,1455,INE557A01011,BIRLANU,EQ,,,,,BIRLANU LIMITED,1407.30,1445.90,1385.20,1421.30,1410.00,1407.30,,1420.59,,,9067,12725629.60,1264,F1,1,,,,,
2026-09-24,2026-09-24,CM,NSE,STK,24404,INF209KC1134,ABGSEC,EQ,,,,,BIRLASLAMC - ABGSEC,113.62,114.10,113.56,113.95,113.95,114.39,,113.95,,,1465,166850.07,8,F1,1,,,,,
2026-09-24,2026-09-24,CM,NSE,STK,760247,INF209KC1670,ABSL10BANK,EQ,,,,,BIRLASLAMC - ABSL10BANK,162.16,164.51,162.16,164.16,164.07,166.32,,164.16,,,292,47884.64,28,F1,1,,,,,
2026-09-24,2026-09-24,CM,NSE,STK,13987,INF209KB17D5,ABSLBANETF,EQ,,,,,BIRLASLAMC - ABSLBANETF,59.11,59.11,56.81,57.26,57.49,57.95,,57.26,,,153368,8761064.38,403,F1,1,,,,,
2026-09-24,2026-09-24,CM,NSE,STK,14518,INF209KB18T9,ABSLLIQUID,EQ,,,,,BIRLASLAMC - ABSLLIQUID,1000.00,1000.01,999.99,1000.01,1000.01,1000.00,,1000.01,,,5882,5881997.42,58,F1,1,,,,,
2026-09-24,2026-09-24,CM,NSE,STK,761066,INF209KC1662,ABSLMSCIN,EQ,,,,,BIRLASLAMC - ABSLMSCIN,28.81,28.81,28.45,28.51,28.79,29.03,,28.51,,,539,15434.28,19,F1,1,,,,,
2026-09-24,2026-09-24,CM,NSE,STK,7339,INF209KB16D7,ABSLNN50ET,EQ,,,,,BIRLASLAMC - ABSLNN50ET,75.00,76.13,75.00,75.26,75.40,76.24,,75.28,,,4562,344691.72,185,F1,1,,,,,
2026-09-24,2026-09-24,CM,NSE,STK,5957,INF209KB10E8,BSLSENETFG,EQ,,,,,BIRLASLAMC - BSLSENETFG,75.32,75.75,74.36,74.42,74.50,75.32,,74.43,,,9258,691264.30,118,F1,1,,,,,
2026-09-24,2026-09-24,CM,NSE,STK,6297,INF209KB10C2,HEALTHY,EQ,,,,,BIRLASLAMC - HEALTHY,17.79,17.79,17.10,17.22,17.21,17.36,,17.22,,,734744,12770271.51,1110,F1,1,,,,,
2026-09-24,2026-09-24,CM,NSE,STK,10693,INF209KB14K7,MOMENTUM,EQ,,,,,BIRLASLAMC - MOMENTUM,30.94,30.96,30.50,30.67,30.91,30.94,,30.71,,,33664,1036530.06,187,F1,1,,,,,
2026-09-24,2026-09-24,CM,NSE,STK,10690,INF209KB15K4,NIFTYQLITY,EQ,,,,,BIRLASLAMC - NIFTYQLITY,20.56,20.59,20.31,20.34,20.38,20.56,,20.34,,,9794,199807.80,212,F1,1,,,,,
2026-09-24,2026-09-24,CM,NSE,STK,8003,INF209KB19F6,SILVER,EQ,,,,,BIRLASLAMC - SILVER,226.63,228.17,225.34,225.73,225.73,230.26,,225.73,,,967902,219323301.49,7174,F1,1,,,,,
2026-09-24,2026-09-24,CM,NSE,STK,6462,INF209KB11D8,TECH,EQ,,,,,BIRLASLAMC - TECH,32.45,32.45,30.80,30.95,31.09,31.05,,30.96,,,38691,1197820.91,301,F1,1,,,,,
2026-09-24,2026-09-24,CM,NSE,STK,23806,INF209KB19Z4,ABSLPSE,EQ,,,,,BIRLASLAMC-ABSLPSE,10.02,10.22,9.89,9.97,10.06,10.02,,9.97,,,123310,1232365.83,438,F1,1,,,,,
2026-09-24,2026-09-24,CM,NSE,STK,6994,INE836A01035,BSOFT,EQ,,,,,BIRLASOFT LIMITED,280.00,280.35,276.00,277.70,277.30,281.10,,277.70,,,673742,187261582.75,18108,F1,1,,,,,
2026-09-24,2026-09-24,CM,NSE,STK,3435,INE676A01027,BBOX,EQ,,,,,BLACK BOX LIMITED,803.00,809.70,791.75,795.40,799.00,809.85,,795.43,,,282103,225645944.35,17746,F1,1,,,,,
2026-09-24,2026-09-24,CM,NSE,STK,762601,INE761G01016,BLACKROSE,BE,,,,,BLACK ROSE INDS. LTD.,112.61,115.00,110.20,112.86,112.80,114.91,,112.89,,,13522,1528793.70,191,F1,1,,,,,
2026-09-24,2026-09-24,CM,NSE,STK,27144,INE0UIZ01018,BLACKBUCK,EQ,,,,,BLACKBUCK LIMITED,610.00,610.00,588.00,592.95,593.00,616.05,,592.94,,,482807,288301289.95,24675,F1,1,,,,,
2026-09-24,2026-09-24,CM,NSE,STK,8132,INE791A01024,BLBLIMITED,EQ,,,,,BLB LIMITED,17.26,17.50,16.84,17.12,17.13,17.33,,17.12,,,159672,2749618.93,610,F1,1,,,,,
2026-09-24,2026-09-24,CM,NSE,STK,19269,INE416D01022,BLISSGVS,BE,,,,,BLISS GVS PHARMA LTD,707.75,707.75,680.00,687.05,685.10,699.20,,687.05,,,159514,109470938.10,1670,F1,1,,,,,
2026-09-24,2026-09-24,CM,NSE,STK,22566,INE0NLT01010,BLSE,EQ,,,,,BLS E-SERVICES LIMITED,321.75,328.00,320.35,326.70,328.00,322.45,,326.70,,,346574,112587187.55,7879,F1,1,,,,,
2026-09-24,2026-09-24,CM,NSE,STK,17279,INE153T01027,BLS,EQ,,,,,BLS INTL SERVS LTD,229.80,229.80,220.96,223.90,224.53,230.07,,223.85,,,979443,220289777.64,16752,F1,1,,,,,
2026-09-24,2026-09-24,CM,NSE,STK,765040,INE373T01047,BLUECLOUDS,EQ,,,,,BLUE CLOUD SOFTECH SOLU L,19.66,20.41,19.50,20.06,20.08,19.73,,20.06,,,2344649,47090621.27,6131,F1,1,,,,,
2026-09-24,2026-09-24,CM,NSE,STK,7480,INE472B01011,BLUECOAST,EQ,,,,,BLUE COAST HOTELS LIMITED,20.82,21.79,20.69,20.72,20.72,20.82,,20.72,,,724,15015.40,28,F1,1,,,,,
2026-09-24,2026-09-24,CM,NSE,STK,495,INE233B01017,BLUEDART,EQ,,,,,BLUE DART EXPRESS LTD,4785.00,4839.00,4740.00,4793.00,4781.70,4799.50,,4793.37,,,4436,21153753.80,1630,F1,1,,,,,
2026-09-24,2026-09-24,CM,NSE,STK,19686,INE0KBH01020,BLUEJET,EQ,,,,,BLUE JET HEALTHCARE LTD,582.00,592.00,571.85,573.45,573.75,585.75,,573.46,,,392347,228589863.90,16804,F1,1,,,,,
2026-09-24,2026-09-24,CM,NSE,STK,23413,INE0SAK01011,BLUEPEBBLE,ST,,,,,BLUE PEBBLE LIMITED,72.00,72.00,71.25,71.25,71.25,75.00,,71.25,,,1600,114400.00,4,F1,400,,,,,
2026-09-24,2026-09-24,CM,NSE,STK,8311,INE472A01039,BLUESTARCO,EQ,,,,,BLUE STAR LIMITED,1522.60,1545.60,1514.10,1525.00,1525.00,1532.60,,1525.00,,,204703,313154230.10,18001,F1,1,,,,,
2026-09-24,2026-09-24,CM,NSE,STK,758185,INE0X3M01010,BLUEWATER,ST,,,,,BLUE WATER LOGISTICS LTD,500.00,515.00,480.30,509.35,510.00,500.00,,509.35,,,161000,81354650.00,65,F1,1000,,,,,
2026-09-24,2026-09-24,CM,NSE,STK,759291,INE304W01038,BLUESTONE,EQ,,,,,BLUESTONE JEWEL LFSTL LTD,862.45,862.55,790.05,807.15,799.00,855.50,,807.03,,,6798097,5609277474.45,87771,F1,1,,,,,
2026-09-24,2026-09-24,CM,NSE,STK,757520,INE0U4101014,BLUSPRING,EQ,,,,,BLUSPRING ENTERPRISES LTD,132.59,142.75,131.32,140.56,139.20,132.59,,140.56,,,1598336,222264793.57,18985,F1,1,,,,,
2026-09-24,2026-09-24,CM,NSE,STK,759256,INE965W01036,BMWVENTLTD,EQ,,,,,BMW VENTURES LIMITED,51.49,52.90,50.01,52.23,52.48,51.20,,52.22,,,112493,5791523.24,1593,F1,1,,,,,
2026-09-24,2026-09-24,CM,NSE,STK,762608,INE00HZ01011,BNAGROCHEM,EQ,,,,,BN AGROCHEM LTD.,207.00,215.00,200.00,207.99,207.99,206.88,,207.99,,,646,130919.20,48,F1,1,,,,,
2026-09-24,2026-09-24,CM,NSE,STK,25017,INE338D01028,BODALCHEM,EQ,,,,,BODAL CHEMICALS LTD,197.53,202.79,189.56,195.08,194.10,199.53,,195.08,,,2298596,447158403.07,15566,F1,1,,,,,
2026-09-24,2026-09-24,CM,NSE,STK,14150,INE0EEJ01023,BTML,EQ,,,,,BODHI TREE MULTIMEDIA LTD,7.30,7.30,6.95,6.97,6.97,7.15,,6.97,,,123057,869062.25,478,F1,1,,,,,
2026-09-24,2026-09-24,CM,NSE,STK,11640,INE802W01023,BOHRAIND,EQ,,,,,BOHRA INDUSTRIES LIMITED,13.11,15.00,13.11,14.93,14.95,13.64,,14.93,,,36086,523973.65,112,F1,1,,,,,
2026-09-24,2026-09-24,CM,NSE,STK,380,INE050A01025,BBTC,EQ,,,,,BOMBAY BURMAH TRADING COR,1450.20,1450.20,1429.10,1437.40,1432.50,1450.20,,1437.47,,,36159,52042013.80,3726,F1,1,,,,,
2026-09-24,2026-09-24,CM,NSE,STK,513,INE032A01023,BOMDYEING,EQ,,,,,BOMBAY DYEING & MFG. CO L,111.04,111.97,109.00,109.63,109.39,111.52,,109.64,,,395572,43583624.61,3914,F1,1,,,,,
2026-09-24,2026-09-24,CM,NSE,STK,6052,INE0I3Y01014,BMETRICS,SM,,,,,BOMBAY METRICS S C LTD,34.80,34.85,34.50,34.50,34.50,34.90,,34.50,,,5600,194680.00,6,F1,800,,,,,
2026-09-24,2026-09-24,CM,NSE,STK,809,INE032Z01020,BSHSL,EQ,,,,,BOMBAY SUPER HYBRID SEEDS,86.64,87.80,85.21,87.16,87.60,85.57,,87.13,,,2701,234517.42,128,F1,1,,,,,
2026-09-24,2026-09-24,CM,NSE,STK,31128,INE053F07538,810IRFC27,N2,,,,,BOND 8.10% PA TAX FREE S2,1087.00,1087.00,1087.00,1087.00,1087.00,1089.44,,1087.00,,,799,868513.00,4,F1,1,,,,,
2026-09-24,2026-09-24,CM,NSE,STK,31040,INE906B07CB9,830NHAI27,N2,,,,,BOND 8.30% PA TAX FREE S2,1004.65,1005.00,1003.60,1004.60,1004.90,1004.60,,1004.61,,,3564,3578734.96,47,F1,1,,,,,
2026-09-24,2026-09-24,CM,NSE,STK,603,INE053F07686,865IRFC29,NA,,,,,BOND 8.65% PA TF TI-SIIB,1107.00,1111.00,1102.10,1107.40,1107.40,1107.00,,1105.25,,,972,1073469.73,14,F1,1,,,,,
2026-09-24,2026-09-24,CM,NSE,STK,30990,INE020B07HS2,871REC28,N9,,,,,BOND 8.71% TAX FREE S2B,1126.01,1126.01,1125.01,1125.50,1126.00,1126.26,,1125.50,,,1000,1125505.05,5,F1,1,,,,,
2026-09-24,2026-09-24,CM,NSE,STK,31970,INE557F07132,901NHB34,N6,,,,,BOND 9.01%PA TF TR-I S 3B,6400.00,6400.00,6390.00,6390.00,6390.00,6397.11,,6390.00,,,47,300730.00,4,F1,1,,,,,
2026-09-24,2026-09-24,CM,NSE,STK,2947,INE020B07IG5,888REC29,NF,,,,,BOND8.88% PA TF TR II S2B,1144.00,1144.00,1144.00,1144.00,1144.00,1155.49,,1148.44,,,400,457600.00,1,F1,1,,,,,
2026-09-24,2026-09-24,CM,NSE,STK,761056,INE0B9A01018,BONLON,EQ,,,,,BONLON INDUSTRIES LIMITED,40.91,42.49,39.50,41.32,40.50,40.93,,41.33,,,43963,1818803.51,355,F1,1,,,,,
2026-09-24,2026-09-24,CM,NSE,STK,757919,INE16SF01016,BORANA,EQ,,,,,BORANA WEAVES LIMITED,296.00,298.95,289.35,291.00,292.00,295.50,,291.02,,,53011,15474720.70,1147,F1,1,,,,,
2026-09-24,2026-09-24,CM,NSE,STK,19401,INE02PY01013,BOROLTD,EQ,,,,,BOROSIL LIMITED,263.00,267.90,258.00,259.31,259.00,267.50,,259.32,,,268071,70356584.26,4941,F1,1,,,,,
2026-09-24,2026-09-24,CM,NSE,STK,3149,INE666D01022,BORORENEW,EQ,,,,,BOROSIL RENEWABLES LTD,472.95,472.95,458.00,459.75,460.00,475.00,,459.76,,,247809,115249811.75,10951,F1,1,,,,,
2026-09-24,2026-09-24,CM,NSE,STK,24014,INE02L001032,BOROSCI,EQ,,,,,BOROSIL SCIENTIFIC LTD,116.30,118.00,114.08,115.77,115.50,117.74,,115.77,,,136780,15861514.67,1640,F1,1,,,,,
2026-09-24,2026-09-24,CM,NSE,STK,4491,INE782A01015,BOSCH-HCIL,EQ,,,,,BOSCH HOME COMFRT IND LTD,1755.00,1795.00,1725.00,1730.00,1728.10,1769.80,,1730.18,,,18011,31627048.10,2184,F1,1,,,,,
2026-09-24,2026-09-24,CM,NSE,STK,2181,INE323A01026,BOSCHLTD,EQ,,,,,BOSCH LIMITED,47890.00,48080.00,47145.00,47750.00,47750.00,47955.00,,47750.00,,,14604,697913815.00,7038,F1,1,,,,,
2026-09-24,2026-09-24,CM,NSE,STK,25122,INE0QNI01012,BOSS,ST,,,,,BOSS PACKAGING SOLU LTD,57.20,57.20,57.20,57.20,57.20,56.65,,57.20,,,2000,114400.00,1,F1,2000,,,,,
2026-09-24,2026-09-24,CM,NSE,STK,530,INE110A01019,BPL,EQ,,,,,BPL LTD,45.90,45.90,44.11,44.85,45.49,45.09,,44.86,,,39207,1751040.77,683,F1,1,,,,,
2026-09-24,2026-09-24,CM,NSE,STK,764628,INE320I01017,BRAHMINFRA,EQ,,,,,BRAHMAPUTRA INFRA L,157.00,157.00,151.50,153.13,155.37,154.55,,153.67,,,18627,2859750.37,171,F1,1,,,,,
2026-09-24,2026-09-24,CM,NSE,STK,24814,INE02RE01045,FIRSTCRY,EQ,,,,,BRAINBEES SOLUTIONS LTD,180.05,190.80,173.30,179.63,178.82,180.41,,179.62,,,31265673,5634092423.67,173097,F1,1,,,,,
2026-09-24,2026-09-24,CM,NSE,STK,7780,INE977Y01011,BCONCEPTS,EQ,,,,,BRAND CONCEPTS LIMITED,153.99,154.00,150.05,151.32,150.70,153.06,,151.34,,,5900,899123.99,230,F1,1,,,,,
2026-09-24,2026-09-24,CM,NSE,STK,760972,INE0XUD01014,BRANDMAN,SM,,,,,BRANDMAN RETAIL LIMITED,160.00,163.15,159.50,160.60,160.60,164.00,,160.60,,,8000,1286560.00,10,F1,800,,,,,
2026-09-24,2026-09-24,CM,NSE,STK,15184,INE791I01019,BRIGADE,EQ,,,,,BRIGADE ENTER. LTD,616.00,616.00,598.80,606.20,604.00,616.45,,606.19,,,181473,110098021.95,11673,F1,1,,,,,
2026-09-24,2026-09-24,CM,NSE,STK,757794,INE03NU01014,BRIGHOTEL,EQ,,,,,BRIGADE HOTEL VENTURE LTD,57.00,57.44,55.49,56.11,56.08,57.05,,56.14,,,159327,9002585.23,3408,F1,1,,,,,
2026-09-24,2026-09-24,CM,NSE,STK,764633,INE630D01010,BRIGHTBR,EQ,,,,,BRIGHT BROTHERS LTD.,249.85,249.85,235.10,240.50,241.95,251.10,,241.05,,,6586,1584185.95,124,F1,1,,,,,
2026-09-24,2026-09-24,CM,NSE,STK,8833,INE425B01027,BCG,EQ,,,,,BRIGHTCOM GROUP LIMITED,9.54,9.61,9.40,9.46,9.47,9.59,,9.46,,,4054174,38510991.80,6024,F1,1,,,,,
2026-09-24,2026-09-24,CM,NSE,STK,547,INE216A01030,BRITANNIA,EQ,,,,,BRITANNIA INDUSTRIES LTD,4935.00,4959.50,4885.00,4895.00,4895.00,4929.00,,4895.15,,,184523,909493845.50,15766,F1,1,,,,,
2026-09-24,2026-09-24,CM,NSE,STK,2203,INE0FDU25010,BIRET,RR,,,,,BROOKFIELD INDIA RET,338.50,339.00,334.56,336.98,337.00,338.89,,336.98,,,316319,106733670.48,10481,F1,1,,,,,
2026-09-24,2026-09-24,CM,NSE,STK,25136,INE650L01011,BROOKS,EQ,,,,,BROOKS LAB LIMITED,61.00,61.35,58.67,59.40,59.00,61.00,,59.41,,,26893,1620088.33,400,F1,1,,,,,
2026-09-24,2026-09-24,CM,NSE,STK,19585,INE118H01025,BSE,EQ,,,,,BSE LIMITED,3235.00,3308.00,3175.00,3183.80,3183.80,3270.70,,3183.80,,,5659943,18350386597.40,217553,F1,1,,,,,
2026-09-24,2026-09-24,CM,NSE,STK,559,INE594B01012,BSL,EQ,,,,,BSL LTD,123.62,124.24,120.55,120.90,121.00,124.24,,120.94,,,3988,486581.17,114,F1,1,,,,,
2026-09-24,2026-09-24,CM,NSE,STK,2716,INE295F01017,BUTTERFLY,EQ,,,,,BTRFLY GANDHI APPL LTD,566.00,573.10,562.50,568.30,565.00,566.00,,568.28,,,13853,7867515.45,783,F1,1,,,,,
2026-09-24,2026-09-24,CM,NSE,STK,15198,INE817H01022,BURNPUR,BE,,,,,BURNPUR CEMENT LIMITED,15.05,16.39,15.05,15.62,15.60,15.77,,15.65,,,36574,578438.69,318,F1,1,,,,,
2026-09-24,2026-09-24,CM,NSE,STK,764643,INE084D01010,CGVAK,EQ,,,,,C G V A K SOFTWARE & EX L,151.00,151.00,141.81,148.11,148.25,148.67,,148.10,,,2570,373860.86,121,F1,1,,,,,
2026-09-24,2026-09-24,CM,NSE,STK,760854,INE0SMX01019,CKKRETAIL,SM,,,,,C K K RETAIL MART LIMITED,184.00,184.00,174.10,178.35,178.80,173.00,,178.35,,,7200,1281720.00,8,F1,800,,,,,
2026-09-24,2026-09-24,CM,NSE,STK,7227,INE0BV301023,MAPMYINDIA,EQ,,,,,C.E. INFO SYSTEMS LIMITED,900.00,910.00,878.60,882.80,887.40,906.80,,882.91,,,114146,101545640.50,7462,F1,1,,,,,
2026-09-24,2026-09-24,CM,NSE,STK,27274,INE0U7V01015,C2C,SM,,,,,C2C ADVANCED SYSTEMS LTD,182.40,184.40,170.00,173.30,173.90,181.35,,173.30,,,229350,40754775.00,1098,F1,150,,,,,
2026-09-24,2026-09-24,CM,NSE,STK,21823,INE090Y01013,CADSYS,SM,,,,,CADSYS (INDIA) LIMITED,46.00,46.00,46.00,46.00,46.00,46.05,,46.00,,,500,23000.00,1,F1,500,,,,,
2026-09-24,2026-09-24,CM,NSE,STK,764255,INE11XY01018,CMLL,EQ,,,,,CALIBER MINING AND LOG L,509.00,523.00,502.50,506.25,506.20,504.65,,506.25,,,600592,307317483.85,24034,F1,1,,,,,
2026-09-24,2026-09-24,CM,NSE,STK,8400,INE526B01014,CALSOFT,BE,,,,,CALIFORNIA SOFTWARE CO LT,39.60,39.99,38.02,38.02,38.02,40.02,,38.02,,,139801,5364051.35,1109,F1,1,,,,,
2026-09-24,2026-09-24,CM,NSE,STK,14222,INE627H01017,CTE,BE,,,,,CAMBRIDGE TECH ENTER LTD,42.15,44.70,42.15,43.79,43.79,43.95,,43.79,,,6322,272816.35,53,F1,1,,,,,
2026-09-24,2026-09-24,CM,NSE,STK,6216,INE052I01032,CAMLINFINE,EQ,,,,,CAMLIN FINE SCIENCES LTD,98.10,98.34,96.60,97.25,97.29,98.69,,97.25,,,330848,32277597.21,4071,F1,1,,,,,
2026-09-24,2026-09-24,CM,NSE,STK,9362,INE278Y01022,CAMPUS,EQ,,,,,CAMPUS ACTIVEWEAR LIMITED,211.00,211.40,207.78,210.95,211.40,211.05,,210.95,,,372182,78105147.48,12292,F1,1,,,,,
2026-09-24,2026-09-24,CM,NSE,STK,583,INE477A01020,CANFINHOME,EQ,,,,,CAN FIN HOMES LTD,757.95,759.90,740.05,743.15,741.60,757.95,,743.16,,,224170,167350542.60,15269,F1,1,,,,,
2026-09-24,2026-09-24,CM,NSE,STK,10794,INE476A01022,CANBK,EQ,,,,,CANARA BANK,124.95,126.20,124.57,125.90,125.90,126.00,,125.90,,,9112129,1142279636.33,46491,F1,1,,,,,
2026-09-24,2026-09-24,CM,NSE,STK,759477,INE01TY01017,CANHLIFE,EQ,,,,,CANARA HSBC LIFE INS CO L,143.00,154.88,135.68,151.51,151.50,151.63,,151.51,,,4556970,668043432.26,65833,F1,1,,,,,
2026-09-24,2026-09-24,CM,NSE,STK,759311,INE218I01013,CRAMC,EQ,,,,,CANARA ROBECO AMC LIMITED,230.00,232.30,227.45,228.80,229.10,230.35,,228.79,,,322477,74014169.90,6332,F1,1,,,,,
2026-09-24,2026-09-24,CM,NSE,STK,19368,INE0QG301017,CANARYS,SM,,,,,CANARYS AUTOMATIONS LTD,31.70,31.95,29.25,30.80,31.20,31.95,,30.80,,,268000,8299600.00,62,F1,4000,,,,,
2026-09-24,2026-09-24,CM,NSE,STK,20160,INE068L01024,CANTABIL,EQ,,,,,CANTABIL RETAIL LTD,238.73,239.80,236.20,238.52,238.00,238.55,,238.52,,,104044,24789233.45,1392,F1,1,,,,,
2026-09-24,2026-09-24,CM,NSE,STK,21749,INE264T01014,CAPACITE,EQ,,,,,CAPACITE INFRAPROJECT LTD,195.30,196.88,191.30,192.57,192.92,198.25,,192.59,,,202408,39296099.87,3450,F1,1,,,,,
2026-09-24,2026-09-24,CM,NSE,STK,759867,INE0ILV01024,CAPILLARY,EQ,,,,,CAPILLARY TECHNO INDIA L,544.45,574.90,523.15,567.55,565.00,545.55,,567.53,,,780150,440634834.10,25440,F1,1,,,,,
2026-09-24,2026-09-24,CM,NSE,STK,756015,INE345H01024,CIFL,EQ,,,,,CAPITAL INDIA FINANCE LTD,21.90,22.50,21.16,21.76,21.85,21.34,,21.77,,,224279,4896494.07,1674,F1,1,,,,,
2026-09-24,2026-09-24,CM,NSE,STK,29157,INE0Z8Z23013,CAPINVIT,IV,,,,,CAPITAL INFRA TRUST,77.22,77.22,76.11,76.48,76.50,77.04,,76.48,,,252751,19398135.22,3528,F1,1,,,,,
2026-09-24,2026-09-24,CM,NSE,STK,22675,INE646H01017,CAPITALSFB,EQ,,,,,CAPITAL SMALL FIN BANK L,284.60,287.40,279.60,280.55,280.00,284.60,,280.55,,,47408,13430670.80,1171,F1,1,,,,,
2026-09-24,2026-09-24,CM,NSE,STK,19451,INE707C01018,CAPTRUST,BE,,,,,CAPITAL TRUST LIMITED,19.50,19.70,18.60,19.00,19.00,19.35,,19.07,,,27351,521248.99,78,F1,1,,,,,
2026-09-24,2026-09-24,CM,NSE,STK,3906,INE475E01026,CAPLIPOINT,EQ,,,,,CAPLIN POINT LAB LTD.,2775.00,2990.00,2770.00,2867.40,2856.00,2793.80,,2867.36,,,1241321,3632194917.20,111301,F1,1,,,,,
2026-09-24,2026-09-24,CM,NSE,STK,20329,INE180C01042,CGCL,EQ,,,,,CAPRI GLOBAL CAPITAL LTD,268.00,269.50,256.25,259.40,259.40,268.60,,259.39,,,1779349,463605626.90,23059,F1,1,,,,,
2026-09-24,2026-09-24,CM,NSE,STK,764203,INE536P01021,CPL,EQ,,,,,CAPTAIN POLYPLAST LIMITED,62.80,62.99,61.96,62.54,62.35,62.46,,62.54,,,23312,1460742.88,232,F1,1,,,,,
2026-09-24,2026-09-24,CM,NSE,STK,595,INE120A01034,CARBORUNIV,EQ,,,,,CARBORUNDUM UNIVERSAL LTD,1264.00,1368.90,1257.10,1296.50,1285.00,1264.50,,1296.38,,,3529279,4682065757.90,166670,F1,1,,,,,
2026-09-24,2026-09-24,CM,NSE,STK,29113,INE752H01013,CARERATING,EQ,,,,,CARE RATINGS LIMITED,1638.30,1638.30,1610.00,1616.80,1620.00,1639.60,,1616.78,,,22146,35846653.10,4556,F1,1,,,,,
2026-09-24,2026-09-24,CM,NSE,STK,758941,INE0P6P01016,CPEDU,EQ,,,,,CAREER POINT EDUTECH LTD,180.00,182.89,175.00,179.17,180.00,179.52,,179.17,,,1697,300150.16,46,F1,1,,,,,
2026-09-24,2026-09-24,CM,NSE,STK,28879,INE0V7W01012,CARRARO,EQ,,,,,CARRARO INDIA LIMITED,549.85,554.00,541.20,550.05,549.10,554.60,,550.05,,,82085,45002184.90,5205,F1,1,,,,,
2026-09-24,2026-09-24,CM,NSE,STK,5407,INE290S01011,CARTRADE,EQ,,,,,CARTRADE TECH LIMITED,2989.10,3099.00,2963.60,3004.80,3015.00,3001.80,,3004.67,,,374113,1137454903.50,39363,F1,1,,,,,
2026-09-24,2026-09-24,CM,NSE,STK,1879,INE482D01024,CARYSIL,EQ,,,,,CARYSIL LIMITED,1083.70,1084.40,1040.10,1047.90,1042.00,1085.10,,1047.92,,,78532,82985778.20,6092,F1,1,,,,,
2026-09-24,2026-09-24,CM,NSE,STK,758129,INE0WL201014,CUDML,SM,,,,,CASH UR DRIVE MARKETING L,100.10,101.20,100.10,101.15,101.10,100.55,,101.15,,,17000,1712700.00,7,F1,1000,,,,,
2026-09-24,2026-09-24,CM,NSE,STK,1250,INE172A01027,CASTROLIND,EQ,,,,,CASTROL INDIA LIMITED,193.20,195.90,192.11,194.80,194.74,193.23,,194.79,,,2326661,453060133.25,31416,F1,1,,,,,
2026-09-24,2026-09-24,CM,NSE,STK,11452,INE421D01022,CCL,EQ,,,,,CCL PRODUCTS (I) LTD,1045.00,1050.10,1029.80,1039.50,1037.50,1043.20,,1039.49,,,114687,118878741.70,16234,F1,1,,,,,
2026-09-24,2026-09-24,CM,NSE,STK,15254,INE482A01020,CEATLTD,EQ,,,,,CEAT LIMITED,3408.90,3429.80,3335.00,3353.80,3355.00,3432.20,,3353.98,,,30034,101513797.80,6340,F1,1,,,,,
2026-09-24,2026-09-24,CM,NSE,STK,757690,INE11J101017,CEDAAR,ST,,,,,CEDAAR TEXTILE LIMITED,11.30,12.05,11.00,11.10,11.00,11.50,,11.10,,,37000,427950.00,25,F1,1000,,,,,
2026-09-24,2026-09-24,CM,NSE,STK,24742,INE0AG901020,CEIGALL,EQ,,,,,CEIGALL INDIA LIMITED,387.00,390.00,379.65,382.55,382.25,388.85,,382.54,,,154717,59444067.45,4726,F1,1,,,,,
2026-09-24,2026-09-24,CM,NSE,STK,761037,INE016Q01014,CEINSYS,EQ,,,,,CEINSYS TECH LIMITED,701.40,713.65,688.35,695.50,704.00,712.05,,695.46,,,49272,34595604.40,3136,F1,1,,,,,
2026-09-24,2026-09-24,CM,NSE,STK,13162,INE185H01016,CELEBRITY,EQ,,,,,CELEBRITY FASHIONS LTD,6.36,6.85,6.21,6.56,6.53,6.65,,6.56,,,61846,400710.11,312,F1,1,,,,,
2026-09-24,2026-09-24,CM,NSE,STK,18806,INE0OMO01025,CELLECOR,SM,,,,,CELLECOR GADGETS LIMITED,30.00,30.75,29.75,30.50,30.50,30.00,,30.50,,,405000,12339600.00,44,F1,3000,,,,,
2026-09-24,2026-09-24,CM,NSE,STK,19795,INE0LMW01024,CELLO,EQ,,,,,CELLO WORLD LIMITED,324.00,344.00,320.15,339.80,338.00,324.10,,339.83,,,2264566,765327687.05,58143,F1,1,,,,,
2026-09-24,2026-09-24,CM,NSE,STK,5622,INE686A01026,CEMPRO,EQ,,,,,CEMINDIA PROJECTS LIMITED,1305.00,1305.00,1254.50,1268.50,1265.10,1311.20,,1268.54,,,173946,221782566.10,11555,F1,1,,,,,
2026-09-24,2026-09-24,CM,NSE,STK,14894,INE483A01010,CENTRALBK,EQ,,,,,CENTRAL BANK OF INDIA,31.50,31.52,31.08,31.19,31.24,31.63,,31.19,,,2898783,90570809.55,10418,F1,1,,,,,
2026-09-24,2026-09-24,CM,NSE,STK,21174,INE736A01011,CDSL,EQ,,,,,CENTRAL DEPO SER (I) LTD,1339.00,1347.30,1318.10,1320.00,1320.00,1351.10,,1320.00,,,1232299,1642645712.90,41854,F1,1,,,,,
2026-09-24,2026-09-24,CM,NSE,STK,761581,INE05HV01027,CMPDI,EQ,,,,,CENTRAL MINE P N D INST L,210.00,211.76,205.10,206.71,206.98,213.53,,206.72,,,927444,193059311.01,12229,F1,1,,,,,
2026-09-24,2026-09-24,CM,NSE,STK,2454,INE660C01027,CENTRUM,EQ,,,,,CENTRUM CAPITAL LIMITED,21.35,21.50,21.00,21.06,21.07,21.21,,21.06,,,257403,5443188.58,508,F1,1,,,,,
2026-09-24,2026-09-24,CM,NSE,STK,14982,INE320B01020,CENTUM,EQ,,,,,CENTUM ELECTRONICS LTD,4822.30,4959.00,4766.80,4837.60,4840.00,4826.10,,4837.14,,,91384,442747085.40,17695,F1,1,,,,,
2026-09-24,2026-09-24,CM,NSE,STK,619,INE485A01015,CENTENKA,EQ,,,,,CENTURY ENKA LTD,581.95,581.95,565.00,567.55,565.00,580.55,,567.62,,,18962,10823401.45,1666,F1,1,,,,,
2026-09-24,2026-09-24,CM,NSE,STK,11511,INE281A01026,CENTEXT,EQ,,,,,CENTURY EXTRUSIONS LTD,19.00,19.10,18.61,18.82,18.88,18.79,,18.82,,,95536,1799543.85,464,F1,1,,,,,
2026-09-24,2026-09-24,CM,NSE,STK,766164,INE281A20018,CENTEXT-RE,BE,,,,,CENTURY EXTRUSIONS LTD,2.00,3.06,1.35,1.92,2.00,2.19,,1.95,,,317229,634046.57,590,F1,1,,,,,
2026-09-24,2026-09-24,CM,NSE,STK,13305,INE348B01021,CENTURYPLY,EQ,,,,,CENTURY PLYBOARDS (I) LTD,711.90,722.15,689.55,694.25,698.00,711.90,,694.21,,,132522,92332294.10,9357,F1,1,,,,,
2026-09-24,2026-09-24,CM,NSE,STK,15039,INE739E01017,CERA,EQ,,,,,CERA SANITARYWARE LTD,5480.00,5521.50,5475.00,5492.50,5486.50,5520.00,,5492.76,,,2719,14956298.50,978,F1,1,,,,,
2026-09-24,2026-09-24,CM,NSE,STK,628,INE486A01021,CESC,EQ,,,,,CESC LTD,142.44,142.44,139.60,139.89,140.01,142.56,,139.89,,,1219300,171674457.57,21126,F1,1,,,,,
2026-09-24,2026-09-24,CM,NSE,STK,760,INE067A01029,CGPOWER,EQ,,,,,CG POWER AND IND SOL LTD,877.10,896.40,877.10,886.70,886.70,895.00,,886.69,,,1340393,1191112850.65,33370,F1,1,,,,,
2026-09-24,2026-09-24,CM,NSE,STK,8546,INE427F01016,CHALET,EQ,,,,,CHALET HOTELS LIMITED,884.00,897.00,866.60,894.90,896.00,884.05,,894.91,,,129562,114749452.80,15734,F1,1,,,,,
2026-09-24,2026-09-24,CM,NSE,STK,3482,INE419D01026,CLSEL,EQ,,,,,CHAMAN LAL SETIA EXP LTD,292.80,298.85,290.30,292.40,296.40,296.25,,292.41,,,34504,10147578.15,1466,F1,1,,,,,
2026-09-24,2026-09-24,CM,NSE,STK,13731,INE06PV01010,CMNL,SM,,,,,CHAMAN METALLICS LIMITED,110.00,113.95,110.00,111.50,111.50,113.45,,111.50,,,8250,923250.00,11,F1,750,,,,,
2026-09-24,2026-09-24,CM,NSE,STK,637,INE085A01013,CHAMBLFERT,EQ,,,,,CHAMBAL FERTILIZERS LTD,419.60,421.50,415.45,418.20,419.10,419.60,,418.20,,,269494,112792317.30,11248,F1,1,,,,,
2026-09-24,2026-09-24,CM,NSE,STK,29541,INE11HG01018,CHAMUNDA,SM,,,,,CHAMUNDA ELECTRICAL LTD,41.15,41.15,40.55,40.55,40.55,41.45,,40.55,,,12000,491400.00,4,F1,3000,,,,,
2026-09-24,2026-09-24,CM,NSE,STK,29633,INE0B2N01016,CHANDAN,SM,,,,,CHANDAN HEALTHCARE LTD,222.55,248.00,222.55,231.30,231.20,222.55,,231.30,,,144000,34257440.00,169,F1,800,,,,,
2026-09-24,2026-09-24,CM,NSE,STK,18654,INE0PT101017,CHAVDA,SM,,,,,CHAVDA INFRA LIMITED,74.00,84.00,70.00,70.30,70.00,140.00,,70.30,,,654000,49960600.00,245,F1,2000,,,,,
2026-09-24,2026-09-24,CM,NSE,STK,757991,INE0TGX01019,CHEMBONDCH,BE,,,,,CHEMBOND CHEMICAL LIMITED,252.00,260.00,248.10,249.60,248.10,259.50,,249.69,,,6764,1700313.65,152,F1,1,,,,,
2026-09-24,2026-09-24,CM,NSE,STK,14618,INE995D01025,CHEMBOND,EQ,,,,,CHEMBOND MATERIALTECH LTD,197.83,197.83,191.00,191.59,195.00,193.68,,191.65,,,6927,1334660.06,371,F1,1,,,,,
2026-09-24,2026-09-24,CM,NSE,STK,276,INE03YM01018,CHEMCON,BE,,,,,CHEMCON SPECIAL CHEM LTD,225.10,235.00,225.10,228.08,226.25,228.66,,228.08,,,38636,8869622.41,535,F1,1,,,,,
2026-09-24,2026-09-24,CM,NSE,STK,765045,INE298W01016,CHEMCRUX,EQ,,,,,CHEMCRUX ENTERPRISES LTD.,78.00,79.90,77.77,78.61,79.00,78.16,,78.55,,,3216,254339.96,107,F1,1,,,,,
2026-09-24,2026-09-24,CM,NSE,STK,2799,INE783X01023,CHEMFAB,EQ,,,,,CHEMFAB ALKALIS LIMITED,352.00,375.00,350.00,358.20,358.50,351.60,,357.91,,,5232,1887031.05,278,F1,1,,,,,
2026-09-24,2026-09-24,CM,NSE,STK,5449,INE488A01050,CHEMPLASTS,EQ,,,,,CHEMPLAST SANMAR LIMITED,198.00,198.00,187.93,192.65,192.90,199.40,,192.65,,,231387,44715001.24,5292,F1,1,,,,,
2026-09-24,2026-09-24,CM,NSE,STK,2049,INE178A01016,CHENNPETRO,EQ,,,,,CHENNAI PETROLEUM CORP LT,1385.70,1398.20,1360.80,1372.70,1371.00,1388.60,,1372.72,,,873065,1200695593.40,41730,F1,1,,,,,
2026-09-24,2026-09-24,CM,NSE,STK,9879,INE974B01016,CHEVIOT,EQ,,,,,CHEVIOT COMPANY LIMITED,1190.00,1194.00,1165.00,1166.60,1165.00,1176.70,,1166.65,,,588,693770.90,99,F1,1,,,,,
2026-09-24,2026-09-24,CM,NSE,STK,8866,INE102B01014,CHOICEIN,EQ,,,,,CHOICE INTERNATIONAL LTD,749.00,759.00,745.75,749.50,750.00,751.85,,749.47,,,178798,134442767.65,5460,F1,1,,,,,
2026-09-24,2026-09-24,CM,NSE,STK,759610,INF2KCX01012,CHOICEGOLD,EQ,,,,,CHOICEAMC - CHOICEGOLD,149.90,149.98,147.23,148.10,148.73,149.87,,148.10,,,32937,4904957.79,241,F1,1,,,,,
2026-09-24,2026-09-24,CM,NSE,STK,21740,INE149A01033,CHOLAHLDNG,EQ,,,,,CHOLAMANDALAM FIN HOL LTD,1451.00,1456.40,1405.40,1432.60,1426.10,1472.40,,1432.61,,,415789,593122525.10,35328,F1,1,,,,,
2026-09-24,2026-09-24,CM,NSE,STK,685,INE121A01024,CHOLAFIN,EQ,,,,,CHOLAMANDALAM IN & FIN CO,1630.00,1712.00,1629.90,1681.70,1681.70,1774.00,,1681.70,,,4152387,6977770926.50,95022,F1,1,,,,,
2026-09-24,2026-09-24,CM,NSE,STK,14937,INE536H01010,CIEINDIA,EQ,,,,,CIE AUTOMOTIVE INDIA LTD,384.35,391.95,382.10,388.95,389.00,384.20,,388.97,,,203748,79287395.80,12837,F1,1,,,,,
2026-09-24,2026-09-24,CM,NSE,STK,27161,INE704H01022,CINELINE,EQ,,,,,CINELINE INDIA LIMITED,88.23,90.25,88.23,89.17,89.14,90.01,,89.26,,,17998,1607040.18,441,F1,1,,,,,
2026-09-24,2026-09-24,CM,NSE,STK,8024,INE039B01026,CINEVISTA,EQ,,,,,CINEVISTA LIMITED,14.21,14.40,14.00,14.11,14.05,14.10,,14.11,,,21066,297117.72,95,F1,1,,,,,
2026-09-24,2026-09-24,CM,NSE,STK,694,INE059A01026,CIPLA,EQ,,,,,CIPLA LTD,1375.00,1419.00,1364.60,1399.00,1399.00,1383.00,,1399.01,,,1580784,2210580630.80,52856,F1,1,,,,,
2026-09-24,2026-09-24,CM,NSE,STK,763149,INE2Q7823014,CITIUSINVT,IV,,,,,CITIUS TRANSNET INV TRUST,119.00,119.18,116.31,117.04,117.54,118.00,,117.04,,,34993,4112074.08,131,F1,1,,,,,
2026-09-24,2026-09-24,CM,NSE,STK,5701,INE491A01021,CUB,EQ,,,,,CITY UNION BANK LTD,225.00,228.37,218.95,220.52,224.40,225.34,,220.53,,,3679351,821957613.98,45327,F1,1,,,,,
2026-09-24,2026-09-24,CM,NSE,STK,20223,INE201M01029,CLEDUCATE,EQ,,,,,CL EDUCATE LIMITED,56.28,56.28,54.50,55.07,56.18,56.31,,55.06,,,5647,309968.24,77,F1,1,,,,,
2026-09-24,2026-09-24,CM,NSE,STK,758736,INE0UQ601012,CLASSICEIL,SM,,,,,CLASSIC ELECTRODE (IND) L,53.00,53.95,53.00,53.00,53.00,52.15,,53.00,,,20800,1104240.00,10,F1,1600,,,,,
2026-09-24,2026-09-24,CM,NSE,STK,754695,INE1QGM01024,CLAYCRAFT,SM,,,,,CLAY CRAFT INDIA LIMITED,161.20,162.00,158.00,159.80,159.15,164.95,,159.80,,,40200,6458190.00,56,F1,600,,,,,
2026-09-24,2026-09-24,CM,NSE,STK,760183,INE647U01026,CLEANMAX,EQ,,,,,CLEAN MAX ENVIRO EN SOL L,1453.00,1453.00,1373.80,1385.20,1384.10,1457.50,,1385.19,,,285889,403197265.10,25232,F1,1,,,,,
2026-09-24,2026-09-24,CM,NSE,STK,5049,INE227W01023,CLEAN,EQ,,,,,CLEAN SCIENCE & TECH LTD,831.30,831.30,811.35,815.45,815.00,836.60,,815.35,,,221209,181325521.70,11637,F1,1,,,,,
2026-09-24,2026-09-24,CM,NSE,STK,760143,INE1EF801010,CSSL,SM,,,,,CLEAR SECURED SERVICES L,88.00,88.00,75.50,77.20,78.60,88.00,,77.20,,,121000,9582600.00,89,F1,1000,,,,,
2026-09-24,2026-09-24,CM,NSE,STK,30893,INE00WV01027,CMRGREEN,EQ,,,,,CMR GREEN TECHNOLOGIES L,227.73,227.73,219.91,220.72,221.00,227.73,,220.72,,,411849,91992247.17,12952,F1,1,,,,,
2026-09-24,2026-09-24,CM,NSE,STK,7603,INE925R01014,CMSINFO,EQ,,,,,CMS INFO SYSTEMS LIMITED,234.00,234.00,230.10,232.32,232.15,234.12,,232.32,,,516478,119497202.96,9131,F1,1,,,,,
2026-09-24,2026-09-24,CM,NSE,STK,20374,INE522F01014,COALINDIA,EQ,,,,,COAL INDIA LTD,422.00,423.85,418.80,422.00,422.00,424.55,,422.00,,,3565762,1502116002.05,51623,F1,1,,,,,
2026-09-24,2026-09-24,CM,NSE,STK,6006,INE377E01024,COASTCORP,EQ,,,,,COASTAL CORPORATION LTD,38.00,38.48,37.20,37.68,37.60,38.04,,37.68,,,26291,994006.83,365,F1,1,,,,,
2026-09-24,2026-09-24,CM,NSE,STK,21508,INE704P01025,COCHINSHIP,EQ,,,,,COCHIN SHIPYARD LIMITED,1365.00,1385.00,1358.10,1370.00,1370.00,1370.00,,1369.35,,,557426,766159544.30,21904,F1,1,,,,,
2026-09-24,2026-09-24,CM,NSE,STK,11165,INE335K01011,COFFEEDAY,EQ,,,,,COFFEE DAY ENTERPRISE LTD,30.99,31.35,30.60,30.70,30.75,31.00,,30.70,,,401197,12376031.52,1478,F1,1,,,,,
2026-09-24,2026-09-24,CM,NSE,STK,11543,INE591G01025,COFORGE,EQ,,,,,COFORGE LIMITED,1762.00,1803.40,1758.10,1785.90,1785.90,1782.40,,1785.91,,,1123720,2005661846.40,52686,F1,1,,,,,
2026-09-24,2026-09-24,CM,NSE,STK,17945,INE03QK01018,COHANCE,EQ,,,,,COHANCE LIFESCIENCES LTD,459.00,464.45,451.10,454.15,453.55,461.45,,454.14,,,349978,159897025.45,14504,F1,1,,,,,
2026-09-24,2026-09-24,CM,NSE,STK,15141,INE259A01022,COLPAL,EQ,,,,,COLGATE PALMOLIVE LTD.,1875.00,1885.70,1852.20,1854.80,1854.80,1886.70,,1854.80,,,374034,697639803.30,20862,F1,1,,,,,
2026-09-24,2026-09-24,CM,NSE,STK,762628,INE819A01049,COMFINTE,EQ,,,,,COMFORT INTECH LTD.,5.75,5.83,5.60,5.69,5.63,5.73,,5.69,,,139714,793935.15,364,F1,1,,,,,
2026-09-24,2026-09-24,CM,NSE,STK,21578,INE073V01015,COMSYN,EQ,,,,,COMMERCIAL SYN BAGS LTD,299.70,308.00,290.00,292.50,292.00,299.30,,292.55,,,326769,97896726.20,6272,F1,1,,,,,
2026-09-24,2026-09-24,CM,NSE,STK,764648,INE823B01015,COMPEAU,EQ,,,,,COMPETENT AUTOMOB CO. L,373.00,375.00,365.00,365.00,365.00,364.40,,364.35,,,276,102654.00,12,F1,1,,,,,
2026-09-24,2026-09-24,CM,NSE,STK,19670,INE070C01037,COMPINFO,BZ,,,,,COMPUAGE INFOCOM LTD,1.10,1.13,1.05,1.07,1.06,1.10,,1.08,,,27408,29298.92,32,F1,1,,,,,
2026-09-24,2026-09-24,CM,NSE,STK,31138,INE453B01029,COMPUSOFT,EQ,,,,,COMPUCOM SOFTWARE LTD,13.48,13.59,13.20,13.30,13.40,13.35,,13.30,,,29910,401736.63,186,F1,1,,,,,
2026-09-24,2026-09-24,CM,NSE,STK,342,INE596I01020,CAMS,EQ,,,,,COMPUTER AGE MNGT SER LTD,718.45,725.00,705.00,710.60,710.60,723.90,,710.60,,,989945,709378333.15,57003,F1,1,,,,,
2026-09-24,2026-09-24,CM,NSE,STK,18060,INE338H01029,CONCORDBIO,EQ,,,,,CONCORD BIOTECH LIMITED,1548.50,1548.50,1472.70,1478.80,1480.00,1560.30,,1478.72,,,317814,475487314.30,38984,F1,1,,,,,
2026-09-24,2026-09-24,CM,NSE,STK,28764,INE037Z01029,CEWATER,EQ,,,,,CONCORD ENVIRO SYSTEMS L,273.00,275.80,266.25,268.75,270.10,274.40,,268.75,,,44723,12154078.00,2126,F1,1,,,,,
2026-09-24,2026-09-24,CM,NSE,STK,764641,INE700F01024,CFEL,BE,,,,,CONFIDENCE FUTURIST ENE L,47.51,47.90,46.00,46.53,46.53,47.51,,46.46,,,16686,778841.02,103,F1,1,,,,,
2026-09-24,2026-09-24,CM,NSE,STK,10238,INE552D01024,CONFIPET,EQ,,,,,CONFIDENCE PETRO IND LTD.,88.80,90.43,85.41,86.29,87.30,89.12,,86.30,,,2532139,222366218.53,27428,F1,1,,,,,
2026-09-24,2026-09-24,CM,NSE,STK,758453,INE0EAS01014,CONNPLEX,SM,,,,,CONNPLEX CINEMAS LIMITED,262.75,267.25,258.55,260.25,259.00,264.10,,260.25,,,37600,9894120.00,45,F1,800,,,,,
2026-09-24,2026-09-24,CM,NSE,STK,14992,INE429I01024,CCCL,EQ,,,,,CONS. CONST. CONSORT LTD,13.26,13.48,13.03,13.31,13.48,13.26,,13.33,,,125757,1658591.54,580,F1,1,,,,,
2026-09-24,2026-09-24,CM,NSE,STK,11732,INE025A01027,CONSOFINVT,BE,,,,,CONSO. FIN. & HOLD. LTD.,300.40,300.40,288.10,289.70,289.00,302.50,,289.70,,,23155,6839780.05,109,F1,1,,,,,
2026-09-24,2026-09-24,CM,NSE,STK,4749,INE111A01025,CONCOR,EQ,,,,,CONTAINER CORP OF IND LTD,462.90,472.90,457.55,466.30,466.30,464.65,,466.29,,,2952951,1378423387.80,30509,F1,1,,,,,
2026-09-24,2026-09-24,CM,NSE,STK,17477,INE663B01015,CONTROLPR,EQ,,,,,CONTROL PRINT LIMITED,585.05,588.20,578.35,584.65,582.00,584.55,,584.62,,,14635,8534440.20,1017,F1,1,,,,,
2026-09-24,2026-09-24,CM,NSE,STK,8560,INE0HS001028,COOLCAPS,SM,,,,,COOL CAPS INDUSTRIES LTD,25.70,25.70,23.80,24.45,24.50,24.95,,24.45,,,72500,1770312.50,43,F1,1250,,,,,
2026-09-24,2026-09-24,CM,NSE,STK,4007,INE558D01021,CORALFINAC,EQ,,,,,CORAL INDIA FIN & HOUS LT,32.25,32.25,31.20,31.29,31.75,31.90,,31.29,,,15514,487934.06,104,F1,1,,,,,
2026-09-24,2026-09-24,CM,NSE,STK,15271,INE792I01017,CORDSCABLE,EQ,,,,,CORDS CABLE INDUS LTD.,365.00,373.90,360.95,366.75,364.00,369.65,,366.77,,,92945,34076970.35,5488,F1,1,,,,,
2026-09-24,2026-09-24,CM,NSE,STK,739,INE169A01031,COROMANDEL,EQ,,,,,COROMANDEL INTERNTL. LTD,1943.00,1957.40,1922.20,1942.50,1946.00,1956.00,,1942.47,,,368429,714714950.00,9865,F1,1,,,,,
2026-09-24,2026-09-24,CM,NSE,STK,760254,INE02ZQ01018,CORONA,EQ,,,,,CORONA REMEDIES LIMITED,2163.40,2163.40,2101.00,2111.00,2118.00,2163.40,,2110.95,,,45427,97368336.60,2747,F1,1,,,,,
2026-09-24,2026-09-24,CM,NSE,STK,742,INE757A01017,COSMOFIRST,EQ,,,,,COSMO FIRST LIMITED,867.20,871.65,850.00,857.25,859.60,867.20,,857.28,,,29882,25736386.40,2267,F1,1,,,,,
2026-09-24,2026-09-24,CM,NSE,STK,6385,INE652F01027,CCHHL,EQ,,,,,COUNTRY CLUB HOSP HOL LTD,13.39,13.85,13.10,13.49,13.15,13.42,,13.48,,,57882,783214.47,483,F1,1,,,,,
2026-09-24,2026-09-24,CM,NSE,STK,16989,INE695B01025,COUNCODOS,BE,,,,,COUNTRY CONDO S LIMITED,6.52,6.52,6.23,6.38,6.40,6.38,,6.38,,,16220,103926.73,92,F1,1,,,,,
2026-09-24,2026-09-24,CM,NSE,STK,20086,INE521J01018,CPCAP,EQ,,,,,CP CAPITAL LIMITED,153.50,157.78,152.50,154.60,154.00,152.95,,154.60,,,24807,3833291.32,1276,F1,1,,,,,
2026-09-24,2026-09-24,CM,NSE,STK,2328,INF457M01133,CPSEETF,EQ,,,,,CPSE ETF,95.53,95.53,91.90,92.72,92.64,93.20,,92.72,,,766534,71163540.14,5459,F1,1,,,,,
2026-09-24,2026-09-24,CM,NSE,STK,2854,INE00LO01017,CRAFTSMAN,EQ,,,,,CRAFTSMAN AUTOMATION LTD,10720.00,11005.00,10640.00,10710.00,10659.00,10904.00,,10709.79,,,50498,546839957.00,19003,F1,1,,,,,
2026-09-24,2026-09-24,CM,NSE,STK,764653,INE145E01017,CRAVATEX,EQ,,,,,CRAVATEX LTD.,341.70,410.00,340.95,361.45,365.00,341.70,,360.57,,,14410,5623647.15,637,F1,1,,,,,
2026-09-24,2026-09-24,CM,NSE,STK,9384,INE230B01021,CREATIVEYE,EQ,,,,,CREATIVE EYE LIMITED,6.25,6.35,5.66,6.26,6.27,6.19,,6.26,,,37615,218212.57,242,F1,1,,,,,
2026-09-24,2026-09-24,CM,NSE,STK,23468,INE0R7401011,CGRAPHICS,SM,,,,,CREATIVE GRAPHICS S IND L,133.60,136.50,133.00,134.50,134.50,135.15,,134.50,,,23200,3121440.00,29,F1,800,,,,,
2026-09-24,2026-09-24,CM,NSE,STK,11155,INE985W01018,CNL,EQ,,,,,CREATIVE NEWTECH LIMITED,1156.90,1156.90,1101.00,1106.90,1102.00,1146.10,,1106.91,,,10193,11459853.30,1405,F1,1,,,,,
2026-09-24,2026-09-24,CM,NSE,STK,765303,INE1KPX01025,CREDENT,SM,,,,,CREDENT CONNECT N CARE L,401.00,402.00,374.00,385.05,388.00,401.70,,385.05,,,59400,23133090.00,84,F1,600,,,,,
2026-09-24,2026-09-24,CM,NSE,STK,4421,INE741K01010,CREDITACC,EQ,,,,,CREDITACCESS GRAMEEN LTD,1345.80,1345.90,1311.20,1315.10,1315.00,1349.60,,1315.09,,,153580,202925388.00,13538,F1,1,,,,,
2026-09-24,2026-09-24,CM,NSE,STK,20878,INE220Q01020,MUFTI,EQ,,,,,CREDO BRANDS MARKETING L,73.20,73.72,72.00,72.54,72.99,73.20,,72.54,,,29602,2147970.66,553,F1,1,,,,,
2026-09-24,2026-09-24,CM,NSE,STK,765053,INE716D01033,CRSL,BE,,,,,CRESSANDA RAILWAY SOLUT L,2.53,2.58,2.45,2.50,2.50,2.53,,2.50,,,224860,562288.83,720,F1,1,,,,,
2026-09-24,2026-09-24,CM,NSE,STK,13900,INE559D01011,CREST,EQ,,,,,CREST VENTURES LIMITED,362.60,364.95,360.00,364.15,360.00,366.00,,364.15,,,1486,535830.20,48,F1,1,,,,,
2026-09-24,2026-09-24,CM,NSE,STK,19097,INE203Y01012,CRESTO,EQ,,,,,CRESTO TECHNO LIMITED,21.80,24.16,20.50,24.13,24.16,20.14,,24.13,,,495249,11687569.12,1759,F1,1,,,,,
2026-09-24,2026-09-24,CM,NSE,STK,757,INE007A01025,CRISIL,EQ,,,,,CRISIL LTD,4588.90,4599.00,4489.00,4503.50,4495.00,4605.80,,4503.33,,,14052,63741023.00,4380,F1,1,,,,,
2026-09-24,2026-09-24,CM,NSE,STK,757850,INE0S4R01014,CRIZAC,EQ,,,,,CRIZAC LIMITED,176.50,192.89,174.35,186.10,185.10,176.50,,186.11,,,1104991,205605473.38,14988,F1,1,,,,,
2026-09-24,2026-09-24,CM,NSE,STK,17094,INE299U01018,CROMPTON,EQ,,,,,CROMPT GREA CON ELEC LTD,222.78,223.30,218.65,219.80,219.80,223.43,,219.81,,,1694754,374358238.44,21276,F1,1,,,,,
2026-09-24,2026-09-24,CM,NSE,STK,8083,INE491V01019,CROWN,EQ,,,,,CROWN LIFTERS LIMITED,124.50,125.99,113.60,117.94,118.49,122.53,,117.94,,,49383,5838242.70,1128,F1,1,,,,,
2026-09-24,2026-09-24,CM,NSE,STK,14966,INE679A01013,CSBBANK,EQ,,,,,CSB BANK LIMITED,336.00,336.00,325.30,333.75,334.85,336.40,,333.73,,,347821,115200916.05,14321,F1,1,,,,,
2026-09-24,2026-09-24,CM,NSE,STK,10350,INE718F01018,CSLFINANCE,EQ,,,,,CSL FINANCE LIMITED,216.95,220.18,210.99,211.73,211.20,216.95,,211.83,,,66295,14119875.08,1368,F1,1,,,,,
2026-09-24,2026-09-24,CM,NSE,STK,763753,INE0ZK601013,CSM,EQ,,,,,CSM TECHNOLOGIES LIMITED,103.00,104.40,101.00,101.57,101.50,103.93,,101.55,,,242909,24959824.30,2419,F1,1,,,,,
2026-09-24,2026-09-24,CM,NSE,STK,15078,INE0NR623014,CUBEINVIT,IV,,,,,CUBE HIGHWAYS TRUST,155.40,156.55,155.11,155.99,155.99,156.01,,155.99,,,1415339,220954912.79,10657,F1,1,,,,,
2026-09-24,2026-09-24,CM,NSE,STK,4064,INE144D01012,CUBEXTUB,EQ,,,,,CUBEX TUBINGS LTD,138.40,138.40,125.82,138.40,138.40,125.82,,138.40,,,807577,111202136.39,2801,F1,1,,,,,
2026-09-24,2026-09-24,CM,NSE,STK,1901,INE298A01020,CUMMINSIND,EQ,,,,,CUMMINS INDIA LTD,5003.50,5011.50,4958.00,4973.00,4973.00,5010.00,,4972.99,,,164357,818948245.50,18224,F1,1,,,,,
2026-09-24,2026-09-24,CM,NSE,STK,18520,INE509F01029,CUPID,EQ,,,,,CUPID LIMITED,274.90,276.95,263.50,266.30,266.00,273.85,,266.31,,,30961528,8306049610.80,178082,F1,1,,,,,
2026-09-24,2026-09-24,CM,NSE,STK,30191,INE117B01020,CURAA,BE,,,,,CURA TECHNOLOGIES LIMITED,68.40,75.40,68.40,74.40,74.40,72.00,,74.40,,,462,32322.32,16,F1,1,,,,,
2026-09-24,2026-09-24,CM,NSE,STK,759828,INE1BZN01016,CURIS,ST,,,,,CURIS LIFESCIENCES LTD,222.95,222.95,213.00,213.00,213.00,222.95,,213.00,,,12000,2610750.00,11,F1,1000,,,,,
2026-09-24,2026-09-24,CM,NSE,STK,758964,INE1CRQ01014,CURRENT,SM,,,,,CURRENT INFRAPROJECTS LTD,88.30,92.65,88.30,92.65,92.65,91.00,,92.65,,,6400,581520.00,4,F1,1600,,,,,
2026-09-24,2026-09-24,CM,NSE,STK,11845,INE278G01037,CYBERMEDIA,BE,,,,,CYBER MEDIA (INDIA) LTD.,21.16,21.16,20.09,20.64,20.70,20.67,,20.65,,,13460,274666.69,103,F1,1,,,,,
2026-09-24,2026-09-24,CM,NSE,STK,11447,INE075Z01011,CMRSL,SM,,,,,CYBER MEDIA RES & SER LTD,74.20,74.35,74.20,74.35,74.35,70.85,,74.35,,,4800,356760.00,6,F1,800,,,,,
2026-09-24,2026-09-24,CM,NSE,STK,6054,INE214A01019,CYBERTECH,BE,,,,,CYBERTECH SYSTEMS & SOFTW,135.50,139.00,135.50,137.01,137.00,137.33,,137.01,,,10109,1391171.59,107,F1,1,,,,,
2026-09-24,2026-09-24,CM,NSE,STK,17187,INE055S01018,CYIENTDLM,EQ,,,,,CYIENT DLM LIMITED,952.10,968.00,905.60,912.70,919.10,963.50,,912.85,,,311196,289956948.35,23257,F1,1,,,,,
2026-09-24,2026-09-24,CM,NSE,STK,5748,INE136B01020,CYIENT,EQ,,,,,CYIENT LIMITED,1064.10,1085.00,1044.00,1057.80,1054.90,1072.20,,1057.83,,,225594,240030042.10,23956,F1,1,,,,,
2026-09-24,2026-09-24,CM,NSE,STK,16902,INE864X01013,DPWIRES,BE,,,,,D P WIRES LIMITED,163.56,170.03,163.56,170.02,170.01,161.94,,170.02,,,25119,4258841.53,419,F1,1,,,,,
2026-09-24,2026-09-24,CM,NSE,STK,17851,INE250K01012,DLINKINDIA,EQ,,,,,D-LINK INDIA LTD,424.00,426.70,414.45,418.90,419.00,426.10,,418.89,,,52544,22064030.60,2579,F1,1,,,,,
2026-09-24,2026-09-24,CM,NSE,STK,936,INE266Y01019,DPABHUSHAN,EQ,,,,,D. P. ABHUSHAN LIMITED,1450.00,1461.40,1395.00,1405.60,1409.00,1455.90,,1405.56,,,22814,32563425.30,1866,F1,1,,,,,
2026-09-24,2026-09-24,CM,NSE,STK,17881,INE950I01011,DBCORP,EQ,,,,,D.B.CORP LTD,182.00,182.79,179.20,180.31,179.56,182.22,,180.32,,,51129,9242269.31,2168,F1,1,,,,,
2026-09-24,2026-09-24,CM,NSE,STK,772,INE016A01026,DABUR,EQ,,,,,DABUR INDIA LTD,387.20,388.90,383.45,385.70,385.70,387.40,,385.67,,,836163,322678944.75,25185,F1,1,,,,,
2026-09-24,2026-09-24,CM,NSE,STK,762636,INE928C01010,DAICHI,BE,,,,,DAI-ICHI KARKARIA LTD.,328.00,328.00,315.00,326.30,326.30,328.00,,326.30,,,1333,425690.95,20,F1,1,,,,,
2026-09-24,2026-09-24,CM,NSE,STK,8075,INE00R701025,DALBHARAT,EQ,,,,,DALMIA BHARAT LIMITED,1748.00,1750.00,1711.20,1721.20,1719.00,1744.00,,1721.19,,,18355,31690053.70,3884,F1,1,,,,,
2026-09-24,2026-09-24,CM,NSE,STK,781,INE495A01022,DALMIASUG,EQ,,,,,DALMIA BHARAT SUG IN LTD,402.75,409.35,396.95,399.50,399.35,407.75,,399.50,,,110048,44292056.55,4885,F1,1,,,,,
2026-09-24,2026-09-24,CM,NSE,STK,28662,INE284H01025,DAMCAPITAL,EQ,,,,,DAM CAPITAL ADVISORS LTD,140.11,140.30,136.75,137.20,137.69,140.39,,137.16,,,157626,21762578.87,2966,F1,1,,,,,
2026-09-24,2026-09-24,CM,NSE,STK,17569,INE497D01022,DAMODARIND,BE,,,,,DAMODAR INDUSTRIES LTD,29.70,29.70,28.10,28.61,28.61,29.49,,28.61,,,1863,55174.08,23,F1,1,,,,,
2026-09-24,2026-09-24,CM,NSE,STK,1110,INE688Y01022,DANGEE,EQ,,,,,DANGEE DUMS LIMITED,2.75,2.97,2.74,2.97,2.97,2.70,,2.97,,,7561092,21350876.67,305,F1,1,,,,,
2026-09-24,2026-09-24,CM,NSE,STK,25927,INE0YU901016,DANISH,SM,,,,,DANISH POWER LIMITED,1025.00,1037.00,945.00,950.45,953.80,1003.20,,950.45,,,55800,55403767.50,270,F1,150,,,,,
2026-09-24,2026-09-24,CM,NSE,STK,7358,INE0IX101010,DATAPATTNS,EQ,,,,,DATA PATTERNS INDIA LTD,4390.00,4464.00,4370.80,4395.50,4394.00,4422.40,,4395.47,,,291150,1283724333.10,31422,F1,1,,,,,
2026-09-24,2026-09-24,CM,NSE,STK,11423,INE365B01017,DATAMATICS,EQ,,,,,DATAMATICS GLOBAL SER LTD,784.90,788.50,772.55,783.95,777.70,789.85,,783.94,,,47138,36867122.60,1922,F1,1,,,,,
2026-09-24,2026-09-24,CM,NSE,STK,21794,INE179G01029,DAVANGERE,EQ,,,,,DAVANGERE SUGAR COMPANY L,2.18,2.23,2.16,2.19,2.20,2.20,,2.19,,,5520097,12057466.92,1899,F1,1,,,,,
2026-09-24,2026-09-24,CM,NSE,STK,31111,INE921B01025,DBSTOCKBRO,BE,,,,,DB (INT) STOCK BROKERS,29.60,30.29,29.60,30.28,30.28,30.00,,30.28,,,618,18371.73,36,F1,1,,,,,
2026-09-24,2026-09-24,CM,NSE,STK,11566,INE0A1101019,DCI,EQ,,,,,DC INFOTECH AND COMUN LTD,265.00,318.90,264.30,302.40,301.20,268.60,,302.40,,,1477566,449032020.45,32547,F1,1,,,,,
2026-09-24,2026-09-24,CM,NSE,STK,13725,INE503A01015,DCBBANK,EQ,,,,,DCB BANK LIMITED,218.40,218.99,206.69,213.35,213.25,223.69,,213.35,,,2863570,609142356.62,34466,F1,1,,,,,
2026-09-24,2026-09-24,CM,NSE,STK,760956,INE04Q907108,1225DCCL27,N0,,,,,DCCL 12.25% 2027 SR IIA,99526.46,99526.46,99526.46,99526.46,99526.46,99526.46,,99526.46,,,1,99526.46,1,F1,1,,,,,
2026-09-24,2026-09-24,CM,NSE,STK,23524,INE0S8401018,DCG,ST,,,,,DCG CABLES & WIRES LTD,72.00,76.00,70.40,71.05,70.60,74.10,,71.05,,,24000,1726980.00,20,F1,1200,,,,,
2026-09-24,2026-09-24,CM,NSE,STK,4775,INE891B01012,DCMFINSERV,EQ,,,,,DCM FINANCIAL SERVICES LT,5.01,5.16,4.91,4.99,4.96,5.01,,4.99,,,2209,11075.91,57,F1,1,,,,,
2026-09-24,2026-09-24,CM,NSE,STK,805,INE498A01018,DCM,EQ,,,,,DCM LTD,76.85,76.85,74.30,75.07,75.00,75.34,,75.07,,,14020,1053077.06,102,F1,1,,,,,
2026-09-24,2026-09-24,CM,NSE,STK,11039,INE08KP01019,DCMNVL,EQ,,,,,DCM NOUVELLE LIMITED,177.94,179.00,176.27,178.64,178.00,179.43,,178.64,,,2461,438829.95,85,F1,1,,,,,
2026-09-24,2026-09-24,CM,NSE,STK,760891,INE0OFM01015,DSFCL,EQ,,,,,DCM SHRIRAM FINE CHEM LTD,31.25,31.76,30.25,31.58,31.71,30.25,,31.62,,,164659,5157942.93,1024,F1,1,,,,,
2026-09-24,2026-09-24,CM,NSE,STK,7325,INE843D01027,DCMSRIND,EQ,,,,,DCM SHRIRAM IND LTD,38.00,38.20,37.55,37.88,37.99,38.01,,37.88,,,63506,2401902.26,812,F1,1,,,,,
2026-09-24,2026-09-24,CM,NSE,STK,760896,INE0OU201013,DCMSIL,EQ,,,,,DCM SHRIRAM INTERNATNL L,79.45,85.20,74.10,85.20,85.20,77.46,,85.21,,,396594,31995957.37,2510,F1,1,,,,,
2026-09-24,2026-09-24,CM,NSE,STK,811,INE499A01024,DCMSHRIRAM,EQ,,,,,DCM SHRIRAM LIMITED,978.00,982.50,969.00,975.60,976.00,980.00,,975.66,,,30872,30108943.80,5267,F1,1,,,,,
2026-09-24,2026-09-24,CM,NSE,STK,817,INE500A01029,DCW,EQ,,,,,DCW LTD,50.02,50.47,48.11,48.36,48.11,50.02,,48.36,,,1887262,93048028.36,12053,F1,1,,,,,
2026-09-24,2026-09-24,CM,NSE,STK,11895,INE0KL801015,DCXINDIA,EQ,,,,,DCX SYSTEMS LIMITED,164.00,165.00,161.10,162.28,162.51,164.73,,162.30,,,254929,41562589.06,5114,F1,1,,,,,
2026-09-24,2026-09-24,CM,NSE,STK,29098,INE0HR601026,DDEVPLSTIK,EQ,,,,,DDEV PLASTIKS IND LTD,264.00,264.00,255.15,257.75,257.00,262.60,,257.75,,,45580,11797385.90,1939,F1,1,,,,,
2026-09-24,2026-09-24,CM,NSE,STK,15449,INE0JWV01011,DENEERS,SM,,,,,DE NEERS TOOLS LIMITED,172.00,173.60,170.00,172.95,172.95,175.45,,172.95,,,7200,1237920.00,11,F1,600,,,,,
2026-09-24,2026-09-24,CM,NSE,STK,4279,INE244A01016,DENORA,EQ,,,,,DE NORA INDIA LIMITED,791.00,800.00,782.00,783.90,783.80,795.65,,783.86,,,1375,1087091.70,293,F1,1,,,,,
2026-09-24,2026-09-24,CM,NSE,STK,14838,INE583C01021,DECCANCE,EQ,,,,,DECCAN CEMENTS LIMITED,560.00,569.45,555.10,555.95,555.10,560.45,,555.96,,,9295,5198170.65,796,F1,1,,,,,
2026-09-24,2026-09-24,CM,NSE,STK,762638,INE945F01025,DECNGOLD,EQ,,,,,DECCAN GOLD MINES LTD.,220.35,220.75,213.00,214.51,214.90,222.44,,214.51,,,1062301,229427819.94,16657,F1,1,,,,,
2026-09-24,2026-09-24,CM,NSE,STK,24154,INE841L01016,DEEDEV,EQ,,,,,DEE DEVELOPMENT ENG LTD,714.60,719.80,675.60,675.60,675.60,711.15,,675.60,,,126760,87378706.50,6814,F1,1,,,,,
2026-09-24,2026-09-24,CM,NSE,STK,22802,INE586O01011,DEEM,ST,,,,,DEEM ROLL TECH LIMITED,49.65,49.65,47.40,47.40,47.40,47.30,,47.40,,,11000,541650.00,11,F1,1000,,,,,
2026-09-24,2026-09-24,CM,NSE,STK,3292,INE0FHS01024,DEEPINDS,EQ,,,,,DEEP INDUSTRIES LIMITED,772.90,784.90,746.50,766.00,768.90,772.90,,766.04,,,320720,244274589.60,15850,F1,1,,,,,
2026-09-24,2026-09-24,CM,NSE,STK,765058,INE00IY01012,DEEP,BE,,,,,DEEP POLYMERS LTD.,46.00,46.00,43.80,45.10,45.94,46.10,,44.54,,,6933,307999.86,98,F1,1,,,,,
2026-09-24,2026-09-24,CM,NSE,STK,765931,INE1M2N01020,DEEPA,EQ,,,,,DEEPA JEWELLERS LIMITED,193.95,198.30,190.10,194.18,193.35,196.40,,194.19,,,2050357,397393556.34,22399,F1,1,,,,,
2026-09-24,2026-09-24,CM,NSE,STK,25892,INE0OPA01027,DBEIL,EQ,,,,,DEEPAK BUILDERS & ENG I L,6.78,6.81,6.43,6.64,6.64,6.80,,6.64,,,203483,1350793.37,949,F1,1,,,,,
2026-09-24,2026-09-24,CM,NSE,STK,827,INE501A01019,DEEPAKFERT,EQ,,,,,DEEPAK FERTILIZERS & PETR,1385.00,1393.80,1351.90,1361.40,1360.00,1386.20,,1361.37,,,150002,205594161.40,13758,F1,1,,,,,
2026-09-24,2026-09-24,CM,NSE,STK,19943,INE288B01029,DEEPAKNTR,EQ,,,,,DEEPAK NITRITE LTD,1634.00,1634.00,1596.10,1600.90,1599.00,1635.80,,1600.94,,,90646,146018848.80,12049,F1,1,,,,,
2026-09-24,2026-09-24,CM,NSE,STK,22527,INE0SK801018,DELAPLEX,SM,,,,,DELAPLEX LIMITED,92.00,95.70,90.35,91.90,91.90,90.00,,91.90,,,15000,1394250.00,25,F1,600,,,,,
2026-09-24,2026-09-24,CM,NSE,STK,9599,INE148O01028,DELHIVERY,EQ,,,,,DELHIVERY LIMITED,430.00,432.15,424.15,426.30,426.30,435.00,,426.30,,,4190544,1790718580.35,34042,F1,1,,,,,
2026-09-24,2026-09-24,CM,NSE,STK,24395,INE726L01027,DELPHIFX,BE,,,,,DELPHI WORLD MONEY LTD,5.91,5.91,5.91,5.91,5.91,5.63,,5.89,,,34332,202902.12,30,F1,1,,,,,
2026-09-24,2026-09-24,CM,NSE,STK,29092,INE0XRN01019,DELTIC,SM,,,,,DELTA AUTOCORP LIMITED,34.95,34.95,33.50,34.45,34.45,34.60,,34.45,,,8000,273250.00,8,F1,1000,,,,,
2026-09-24,2026-09-24,CM,NSE,STK,15044,INE124G01033,DELTACORP,EQ,,,,,DELTA CORP LIMITED,68.85,74.80,68.85,72.68,72.20,68.65,,72.68,,,28302261,2065033156.63,112720,F1,1,,,,,
2026-09-24,2026-09-24,CM,NSE,STK,1214,INE393A01011,DELTAMAGNT,EQ,,,,,DELTA MANUFACTURING LTD,54.40,56.37,53.40,54.45,55.99,56.57,,54.48,,,3290,179195.06,93,F1,1,,,,,
2026-09-24,2026-09-24,CM,NSE,STK,17722,INE947J01015,DEN,EQ,,,,,DEN NETWORKS LTD,26.99,26.99,26.40,26.52,26.65,26.84,,26.52,,,269872,7180687.70,1312,F1,1,,,,,
2026-09-24,2026-09-24,CM,NSE,STK,29256,INE0R4L01018,DENTA,EQ,,,,,DENTA WATER N INFRA SOL L,275.80,276.40,268.85,270.10,270.70,274.80,,270.13,,,83961,22817159.25,2176,F1,1,,,,,
2026-09-24,2026-09-24,CM,NSE,STK,759079,INE0VOV01021,DEVX,EQ,,,,,DEV ACCELERATOR LIMITED,34.10,36.60,34.10,36.13,36.30,35.00,,36.13,,,160466,5696968.87,759,F1,1,,,,,
2026-09-24,2026-09-24,CM,NSE,STK,8146,INE060X01034,DEVIT,EQ,,,,,DEV INFO TECHNOLOGY LTD,23.71,23.71,22.25,22.59,22.60,23.24,,22.59,,,101583,2303403.90,677,F1,1,,,,,
2026-09-24,2026-09-24,CM,NSE,STK,5373,INE872J01023,DEVYANI,EQ,,,,,DEVYANI INTERNATIONAL LTD,137.66,139.32,135.81,137.50,137.50,140.11,,137.49,,,963555,132691738.24,11195,F1,1,,,,,
2026-09-24,2026-09-24,CM,NSE,STK,764661,INE260R01016,DHABRIYA,BE,,,,,DHABRIYA POLYWOOD LTD.,494.70,500.00,482.15,486.30,490.80,494.70,,486.30,,,2511,1234902.10,140,F1,1,,,,,
2026-09-24,2026-09-24,CM,NSE,STK,10893,INE0I3401014,DBOL,EQ,,,,,DHAMPUR BIO ORGANICS LTD,116.00,116.05,112.00,113.20,113.38,115.63,,113.23,,,103725,11847294.12,2029,F1,1,,,,,
2026-09-24,2026-09-24,CM,NSE,STK,857,INE041A01016,DHAMPURSUG,EQ,,,,,DHAMPUR SUGAR MILLS LTD.,166.50,167.81,163.37,164.64,164.72,168.39,,164.64,,,278678,46034185.46,6719,F1,1,,,,,
2026-09-24,2026-09-24,CM,NSE,STK,11359,INE680A01011,DHANBANK,EQ,,,,,DHANLAXMI BANK LIMITED,30.00,30.00,29.22,29.68,29.80,30.01,,29.69,,,361353,10678212.58,1678,F1,1,,,,,
2026-09-24,2026-09-24,CM,NSE,STK,24418,INE0M3I01029,DHANSA,ST,,,,,DHANSA LABS LIMITED,27.75,27.75,27.75,27.75,27.75,29.00,,27.75,,,4000,111000.00,2,F1,2000,,,,,
2026-09-24,2026-09-24,CM,NSE,STK,24409,INE435G01025,DHANUKA,EQ,,,,,DHANUKA AGRITECH LTD,985.50,985.50,960.00,967.60,961.65,982.65,,967.63,,,14336,13905183.60,1399,F1,1,,,,,
2026-09-24,2026-09-24,CM,NSE,STK,760492,INE2HJL01019,DHARARAIL,ST,,,,,DHARA RAIL PROJECTS LTD,142.90,143.00,142.90,143.00,143.00,142.35,,143.00,,,9000,1286900.00,9,F1,1000,,,,,
2026-09-24,2026-09-24,CM,NSE,STK,759203,INE278R01034,DHARAN,BZ,,,,,DHARAN INFRA-EPC LIMITED,0.14,0.15,0.14,0.14,0.15,0.14,,0.14,,,7503654,1083330.29,1150,F1,1,,,,,
2026-09-24,2026-09-24,CM,NSE,STK,24747,INE0YRN01025,DHARIWAL,SM,,,,,DHARIWALCORP LIMITED,25.30,26.25,24.40,25.85,25.75,25.00,,25.85,,,219000,5656950.00,59,F1,3000,,,,,
2026-09-24,2026-09-24,CM,NSE,STK,13001,INE00OQ01016,DHARMAJ,EQ,,,,,DHARMAJ CROP GUARD LTD,299.50,304.00,292.00,300.55,299.90,299.10,,300.55,,,51334,15340229.35,1838,F1,1,,,,,
2026-09-24,2026-09-24,CM,NSE,STK,765060,INE715T01031,DHATRE,EQ,,,,,DHATRE UDYOG LTD.,4.12,4.39,4.10,4.23,4.13,4.15,,4.22,,,23807,99837.02,116,F1,1,,,,,
2026-09-24,2026-09-24,CM,NSE,STK,764553,INE01NH01023,DHOOTTRANS,EQ,,,,,DHOOT TRANSMISSION LTD,1608.00,1629.60,1553.00,1587.60,1589.00,1615.40,,1587.77,,,1317047,2095326242.10,60780,F1,1,,,,,
2026-09-24,2026-09-24,CM,NSE,STK,6858,INE506Z01015,DHRUV,EQ,,,,,DHRUV CONSULTANCY SER LTD,21.40,22.00,20.87,20.94,20.87,21.07,,20.94,,,4787,101053.23,64,F1,1,,,,,
2026-09-24,2026-09-24,CM,NSE,STK,22233,INE320L01011,DHUNINV,EQ,,,,,DHUNSERI INVESTMENTS LTD,1014.40,1014.40,975.30,991.20,1002.00,1001.75,,991.54,,,710,698912.45,89,F1,1,,,,,
2026-09-24,2026-09-24,CM,NSE,STK,6239,INE341R01014,DTIL,BE,,,,,DHUNSERI TEA & IND. LTD.,141.22,144.22,138.43,142.00,142.00,141.22,,143.70,,,2767,389431.66,53,F1,1,,,,,
2026-09-24,2026-09-24,CM,NSE,STK,15214,INE477B01010,DVL,EQ,,,,,DHUNSERI VENTURES LIMITED,292.20,299.95,284.30,293.80,292.50,292.20,,293.80,,,17896,5272108.25,634,F1,1,,,,,
2026-09-24,2026-09-24,CM,NSE,STK,18644,INE591D01014,DIAMINESQ,EQ,,,,,DIAMINES & CHEMICALS LTD,253.65,253.65,243.49,246.84,244.00,249.38,,246.78,,,2830,701140.68,141,F1,1,,,,,
2026-09-24,2026-09-24,CM,NSE,STK,18545,INE989C01038,DIACABS,BE,,,,,DIAMOND POWER INFRA LTD,374.00,374.00,359.00,360.45,365.90,377.85,,360.57,,,744191,271458016.45,6034,F1,1,,,,,
2026-09-24,2026-09-24,CM,NSE,STK,703,INE303A01010,DICIND,EQ,,,,,DIC INDIA LIMITED,660.00,675.00,642.00,647.75,646.00,665.65,,647.75,,,4423,2919445.95,263,F1,1,,,,,
2026-09-24,2026-09-24,CM,NSE,STK,25672,INE184O01015,DIFFNKG,EQ,,,,,DIFFUSION ENGINEERS LTD,437.00,440.95,425.10,427.25,427.10,439.30,,427.27,,,87483,37792025.20,4161,F1,1,,,,,
2026-09-24,2026-09-24,CM,NSE,STK,10346,INE03JI01017,DGCONTENT,EQ,,,,,DIGICONTENT LIMITED,25.00,25.15,22.55,23.77,23.79,24.90,,23.77,,,23265,549572.64,228,F1,1,,,,,
2026-09-24,2026-09-24,CM,NSE,STK,21247,INE0PSC01024,DIGIDRIVE,EQ,,,,,DIGIDRIVE DISTRIBUTORS L,17.90,18.30,17.81,17.88,18.10,17.90,,17.88,,,12856,231112.18,145,F1,1,,,,,
2026-09-24,2026-09-24,CM,NSE,STK,19138,INE0QJ901011,DIGIKORE,SM,,,,,DIGIKORE STUDIOS LIMITED,38.00,38.00,35.05,35.70,36.10,37.50,,35.70,,,33600,1207560.00,58,F1,400,,,,,
2026-09-24,2026-09-24,CM,NSE,STK,16683,INE927C01020,DIGISPICE,EQ,,,,,DIGISPICE TECHNOLOGIES LT,16.25,16.94,16.10,16.21,16.20,16.50,,16.21,,,65448,1065811.96,259,F1,1,,,,,
2026-09-24,2026-09-24,CM,NSE,STK,757515,INE0U4701011,DIGITIDE,EQ,,,,,DIGITIDE SOLUTIONS LTD,81.50,81.50,79.04,79.76,80.20,81.13,,79.76,,,152820,12247165.28,2305,F1,1,,,,,
2026-09-24,2026-09-24,CM,NSE,STK,6136,INE731U01028,DIGJAMLMTD,BE,,,,,DIGJAM LTD,53.50,55.00,51.90,54.28,51.90,53.99,,54.28,,,4690,253113.43,45,F1,1,,,,,
2026-09-24,2026-09-24,CM,NSE,STK,641,INE016M01021,DNAMEDIA,EQ,,,,,DILIGENT MEDIA CORP LTD.,2.50,2.51,2.46,2.48,2.48,2.50,,2.48,,,23613,58778.10,70,F1,1,,,,,
2026-09-24,2026-09-24,CM,NSE,STK,18086,INE917M01012,DBL,EQ,,,,,DILIP BUILDCON LIMITED,412.40,416.30,411.25,412.60,413.50,413.55,,412.59,,,80854,33364297.90,3569,F1,1,,,,,
2026-09-24,2026-09-24,CM,NSE,STK,762643,INE131C01011,DISAQ,EQ,,,,,DISA INDIA LTD.,11999.00,12100.00,11846.00,12008.00,11999.00,12088.00,,12008.00,,,67,799586.00,41,F1,1,,,,,
2026-09-24,2026-09-24,CM,NSE,STK,14537,INE836F01026,DISHTV,EQ,,,,,DISH TV INDIA LTD.,2.47,2.47,2.42,2.43,2.46,2.46,,2.43,,,1510220,3686001.23,1415,F1,1,,,,,
2026-09-24,2026-09-24,CM,NSE,STK,21704,INE385W01011,DCAL,EQ,,,,,DISHMAN CARBO AMCIS LTD,172.20,174.00,167.22,168.19,169.32,173.33,,168.21,,,120226,20435520.77,2942,F1,1,,,,,
2026-09-24,2026-09-24,CM,NSE,STK,14479,INE753U01022,DIVGIITTS,EQ,,,,,DIVGI TORQTRANSFER SYST L,1175.00,1185.00,1148.90,1156.60,1165.80,1177.10,,1156.66,,,58655,68346704.20,6193,F1,1,,,,,
2026-09-24,2026-09-24,CM,NSE,STK,10940,INE361B01024,DIVISLAB,EQ,,,,,DIVI S LABORATORIES LTD,9540.50,9740.00,9540.00,9602.00,9602.00,9624.00,,9602.02,,,666667,6425770785.00,70605,F1,1,,,,,
2026-09-24,2026-09-24,CM,NSE,STK,30262,INE0NA501011,DIVINEHIRA,ST,,,,,DIVINE HIRA JEWELLERS LTD,96.05,98.95,95.00,98.50,98.50,100.00,,98.50,,,44400,4260660.00,35,F1,1200,,,,,
2026-09-24,2026-09-24,CM,NSE,STK,24286,INE0SCO01019,DPEL,SM,,,,,DIVINE POWER ENERGY LTD,640.00,646.85,628.00,633.80,632.00,640.15,,633.80,,,29000,18395000.00,49,F1,500,,,,,
2026-09-24,2026-09-24,CM,NSE,STK,21690,INE935N01020,DIXON,EQ,,,,,DIXON TECHNO (INDIA) LTD,13100.00,13315.00,13091.00,13299.00,13299.00,13200.00,,13298.32,,,185172,2449829152.00,31814,F1,1,,,,,
2026-09-24,2026-09-24,CM,NSE,STK,12749,INE0B1K01014,DJML,EQ,,,,,DJ MEDIAPRINT & LOG LTD,70.70,76.19,70.70,74.44,74.99,72.70,,74.44,,,85690,6349999.71,937,F1,1,,,,,
2026-09-24,2026-09-24,CM,NSE,STK,14732,INE271C01023,DLF,EQ,,,,,DLF LIMITED,666.75,681.00,666.55,670.40,670.40,675.00,,670.40,,,5074007,3428580143.65,51326,F1,1,,,,,
2026-09-24,2026-09-24,CM,NSE,STK,6973,INE505A01010,DMCC,EQ,,,,,DMCC SPECIALITY CHEMICALS,299.00,306.90,289.90,295.05,293.40,296.30,,295.06,,,246754,74176032.80,6653,F1,1,,,,,
2026-09-24,2026-09-24,CM,NSE,STK,4822,INE021O01019,DODLA,EQ,,,,,DODLA DAIRY LIMITED,1049.50,1058.00,1038.70,1045.70,1050.60,1048.60,,1045.70,,,12559,13162893.30,1847,F1,1,,,,,
2026-09-24,2026-09-24,CM,NSE,STK,12124,INE966A01022,DOLATALGO,EQ,,,,,DOLAT ALGOTECH LIMITED,68.76,69.00,66.42,66.70,66.80,68.72,,66.63,,,120296,8102802.54,1698,F1,1,,,,,
2026-09-24,2026-09-24,CM,NSE,STK,20560,INE325C01035,DOLLAR,EQ,,,,,DOLLAR INDUSTRIES LIMITED,273.20,274.70,265.35,269.50,269.00,274.45,,269.51,,,50023,13519308.55,2092,F1,1,,,,,
2026-09-24,2026-09-24,CM,NSE,STK,765977,INE0JHH01011,DOLLEX,EQ,,,,,DOLLEX AGROTECH LIMITED,38.00,38.00,35.50,37.00,37.45,37.75,,37.00,,,37243,1356132.20,198,F1,1,,,,,
2026-09-24,2026-09-24,CM,NSE,STK,18139,INE920A01037,DOLPHIN,EQ,,,,,DOLPHIN OFF ENT (IND) L,729.90,729.90,680.40,685.30,684.00,723.55,,685.27,,,60219,41918038.55,4237,F1,1,,,,,
2026-09-24,2026-09-24,CM,NSE,STK,20551,INE321T01012,DOMS,EQ,,,,,DOMS INDUSTRIES LIMITED,2130.00,2133.90,2100.00,2109.00,2107.90,2141.50,,2109.03,,,13316,28166582.40,3132,F1,1,,,,,
2026-09-24,2026-09-24,CM,NSE,STK,13839,INE668D01028,DONEAR,EQ,,,,,DONEAR IND. LIMITED,83.79,83.79,81.90,82.22,82.70,83.13,,82.24,,,15332,1264532.80,256,F1,1,,,,,
2026-09-24,2026-09-24,CM,NSE,STK,15423,INE360C01024,DPSCLTD,BE,,,,,DPSC LIMITED,7.19,7.19,6.74,7.06,6.98,7.09,,7.06,,,121370,847680.06,473,F1,1,,,,,
2026-09-24,2026-09-24,CM,NSE,STK,29452,INE943P01029,AGARWALEYE,EQ,,,,,DR AGARWALS HEALTH CARE L,492.15,506.25,491.00,502.10,503.75,494.80,,502.09,,,355015,178032222.45,20414,F1,1,,,,,
2026-09-24,2026-09-24,CM,NSE,STK,762648,INE934C01018,DRAGARWQ,EQ,,,,,DR. AGARWAL'S EYE HOSP L,5180.00,5300.00,5115.00,5159.00,5199.00,5202.00,,5160.63,,,5598,29148670.50,681,F1,1,,,,,
2026-09-24,2026-09-24,CM,NSE,STK,11654,INE600L01024,LALPATHLAB,EQ,,,,,DR. LAL PATH LABS LTD.,1940.00,1976.20,1911.70,1961.30,1957.00,1924.30,,1961.32,,,430163,840296476.80,57589,F1,1,,,,,
2026-09-24,2026-09-24,CM,NSE,STK,881,INE089A01031,DRREDDY,EQ,,,,,DR. REDDY S LABORATORIES,1210.90,1213.90,1197.00,1200.40,1200.40,1211.20,,1200.40,,,1667696,2009634451.50,48822,F1,1,,,,,
2026-09-24,2026-09-24,CM,NSE,STK,2645,INE03RS01027,DRCSYSTEMS,EQ,,,,,DRC SYSTEMS INDIA LIMITED,12.80,12.80,12.18,12.55,12.42,12.67,,12.55,,,61393,767812.22,478,F1,1,,,,,
2026-09-24,2026-09-24,CM,NSE,STK,10859,INE0JS101016,DREAMFOLKS,EQ,,,,,DREAMFOLKS SERVICES LTD,63.90,64.50,62.94,64.13,64.01,63.91,,64.12,,,39635,2541285.12,980,F1,1,,,,,
2026-09-24,2026-09-24,CM,NSE,STK,11271,INE506A01018,DREDGECORP,EQ,,,,,DREDGING CORP OF INDIA,1015.00,1016.40,989.20,996.50,990.00,1017.50,,996.61,,,44839,44808445.10,3331,F1,1,,,,,
2026-09-24,2026-09-24,CM,NSE,STK,17372,INE0P7201019,DRONE,SM,,,,,DRONE DESTINATION LIMITED,33.50,34.30,33.40,33.60,33.60,33.50,,33.60,,,19500,660625.00,33,F1,500,,,,,
2026-09-24,2026-09-24,CM,NSE,STK,8772,INE891A01022,DSKULKARNI,BE,,,,,DS KULKARNI DEVELOPERS L,23.62,23.62,23.62,23.62,23.62,23.16,,23.62,,,73,1724.26,1,F1,1,,,,,
2026-09-24,2026-09-24,CM,NSE,STK,778,INE055C01020,KEEPLEARN,EQ,,,,,DSJ KEEP LEARNING LTD,1.88,1.94,1.81,1.82,1.83,1.84,,1.82,,,32956,61412.80,96,F1,1,,,,,
2026-09-24,2026-09-24,CM,NSE,STK,1927,INF740KA1EU7,LIQUIDETF,EQ,,,,,DSP LIQUID ETF,1000.00,1000.01,999.99,1000.00,1000.00,999.99,,1000.00,,,152036,152036015.09,218,F1,1,,,,,
2026-09-24,2026-09-24,CM,NSE,STK,761364,INF740KA1YH2,BANK10ADD,EQ,,,,,DSPAMC - BANK10ADD,16.54,16.89,16.36,16.53,16.89,16.59,,16.58,,,116459,1913975.75,296,F1,1,,,,,
2026-09-24,2026-09-24,CM,NSE,STK,13644,INF740KA1RX3,BANKADD,EQ,,,,,DSPAMC - DSPBANK,57.78,57.78,56.78,56.90,56.89,58.01,,56.90,,,33277,1896081.12,186,F1,1,,,,,
2026-09-24,2026-09-24,CM,NSE,STK,15356,INF740KA1ZP2,GOLDADD,EQ,,,,,DSPAMC - DSPGOLD,14.60,14.61,14.48,14.50,14.51,14.65,,14.50,,,6431488,93607375.62,5361,F1,1,,,,,
2026-09-24,2026-09-24,CM,NSE,STK,17207,INF740KA1SX1,ITADD,EQ,,,,,DSPAMC - DSPIT,30.32,30.32,29.85,29.95,30.02,30.17,,29.96,,,36337,1089930.10,99,F1,1,,,,,
2026-09-24,2026-09-24,CM,NSE,STK,6606,INF740KA1QK2,EQUAL50ADD,EQ,,,,,DSPAMC - DSPNEWETF,333.00,334.29,330.54,331.12,331.99,334.44,,331.12,,,19683,6540066.17,387,F1,1,,,,,
2026-09-24,2026-09-24,CM,NSE,STK,7451,INF740KA1CL0,NIFTYADD,EQ,,,,,DSPAMC - DSPNIFTY,245.73,245.83,243.20,243.80,243.26,246.62,,243.86,,,5276,1289499.15,174,F1,1,,,,,
2026-09-24,2026-09-24,CM,NSE,STK,17616,INF740KA1SY9,PSUBANKADD,EQ,,,,,DSPAMC - DSPPSBKETF,84.44,84.44,83.40,83.81,83.40,84.44,,83.81,,,23742,1989552.03,299,F1,1,,,,,
2026-09-24,2026-09-24,CM,NSE,STK,17576,INF740KA1TA7,PVTBANKADD,EQ,,,,,DSPAMC - DSPPVBKETF,27.60,27.60,27.22,27.33,27.34,27.77,,27.33,,,92971,2538792.53,309,F1,1,,,,,
2026-09-24,2026-09-24,CM,NSE,STK,7456,INF740KA1ZF3,MIDQ50ADD,EQ,,,,,DSPAMC - DSPQ50ETF,24.39,24.41,24.09,24.22,24.26,24.28,,24.23,,,28869,700834.28,175,F1,1,,,,,
2026-09-24,2026-09-24,CM,NSE,STK,17613,INF740KA1SZ6,SENSEXADD,EQ,,,,,DSPAMC - DSPSENXETF,76.74,76.85,76.11,76.33,76.49,77.06,,76.32,,,19345,1474968.12,265,F1,1,,,,,
2026-09-24,2026-09-24,CM,NSE,STK,10761,INF740KA1ZQ0,SILVERADD,EQ,,,,,DSPAMC - DSPSILVETF,22.00,22.03,21.73,21.74,21.79,22.20,,21.74,,,2739872,59879794.54,4091,F1,1,,,,,
2026-09-24,2026-09-24,CM,NSE,STK,759368,INF740KA1WU9,FLEXIADD,EQ,,,,,DSPAMC - FLEXIADD,9.73,9.89,9.63,9.68,9.70,9.74,,9.69,,,61962,601390.38,491,F1,1,,,,,
2026-09-24,2026-09-24,CM,NSE,STK,763530,INF740KA1ZA4,FMCGADD,EQ,,,,,DSPAMC - FMCGADD,46.23,46.47,45.92,46.00,46.00,45.86,,46.00,,,20150,930651.91,191,F1,1,,,,,
2026-09-24,2026-09-24,CM,NSE,STK,765310,INF740KA1ZI7,GSEC10ADD,EQ,,,,,DSPAMC - GSEC10ADD,26.71,26.77,26.70,26.73,26.77,26.35,,26.73,,,75,2002.68,10,F1,1,,,,,
2026-09-24,2026-09-24,CM,NSE,STK,22592,INF740KA1ZG1,HEALTHADD,EQ,,,,,DSPAMC - HEALTHADD,16.96,17.09,16.90,16.96,16.91,16.90,,16.96,,,60251,1021112.76,224,F1,1,,,,,
2026-09-24,2026-09-24,CM,NSE,STK,23407,INF740KA1UM0,LIQUIDADD,EQ,,,,,DSPAMC - LIQUIDADD,1146.07,1146.37,1146.07,1146.08,1146.09,1145.93,,1146.08,,,658390,754569896.94,272,F1,1,,,,,
2026-09-24,2026-09-24,CM,NSE,STK,764428,INF740KA1ZH9,MIDBANKADD,EQ,,,,,DSPAMC - MIDBANKADD,17.00,17.00,16.84,16.86,16.89,17.25,,16.86,,,253272,4281816.24,123,F1,1,,,,,
2026-09-24,2026-09-24,CM,NSE,STK,760356,INF740KA1WW5,MIDCAPADD,EQ,,,,,DSPAMC - MIDCAPADD,22.86,22.86,22.52,22.59,22.63,22.86,,22.59,,,32287,729601.95,150,F1,1,,,,,
2026-09-24,2026-09-24,CM,NSE,STK,759978,INF740KA1WV7,MSCIADD,EQ,,,,,DSPAMC - MSCIADD,28.75,28.75,28.50,28.55,28.74,28.88,,28.55,,,368,10528.91,106,F1,1,,,,,
2026-09-24,2026-09-24,CM,NSE,STK,29464,INF740KA1VE5,NEXT30ADD,EQ,,,,,DSPAMC - NEXT30ADD,42.13,42.18,41.74,41.85,41.97,42.25,,41.85,,,2175,91114.69,106,F1,1,,,,,
2026-09-24,2026-09-24,CM,NSE,STK,760599,INF740KA1XU7,NEXT50ADD,EQ,,,,,DSPAMC - NEXT50ADD,72.48,72.62,71.85,71.86,71.91,72.88,,71.86,,,2314,167007.37,44,F1,1,,,,,
2026-09-24,2026-09-24,CM,NSE,STK,760359,INF740KA1WX3,SMALLADD,EQ,,,,,DSPAMC - SMALLADD,18.62,18.62,18.23,18.27,18.26,18.56,,18.27,,,11221,205858.03,196,F1,1,,,,,
2026-09-24,2026-09-24,CM,NSE,STK,25171,INF740KA1UR9,TOP10ADD,EQ,,,,,DSPAMC - TOP10ADD,86.69,86.69,83.47,83.79,83.96,84.58,,83.79,,,414184,34773151.08,1012,F1,1,,,,,
2026-09-24,2026-09-24,CM,NSE,STK,13766,INE0LZO01015,DUCOL,SM,,,,,DUCOL ORGS AND COLOURS LT,123.50,128.80,123.50,128.75,128.75,124.00,,128.75,,,16800,2091640.00,8,F1,800,,,,,
2026-09-24,2026-09-24,CM,NSE,STK,28952,INE741L01018,DUCON,EQ,,,,,DUCON INFRATECHNOLOGIES L,1.64,1.68,1.54,1.64,1.66,1.60,,1.64,,,9358405,15488910.93,1944,F1,1,,,,,
2026-09-24,2026-09-24,CM,NSE,STK,5457,INE0HPK01020,DUGLOBAL,SM,,,,,DUDIGITAL GLOBAL LIMITED,19.25,20.20,19.25,20.05,20.00,19.00,,20.05,,,35000,692125.00,14,F1,2500,,,,,
2026-09-24,2026-09-24,CM,NSE,STK,24164,INE0OUW01013,DURLAX,SM,,,,,DURLAX TOP SURFACE LTD,60.00,60.95,59.55,60.55,60.95,60.05,,60.55,,,98000,5946300.00,45,F1,2000,,,,,
2026-09-24,2026-09-24,CM,NSE,STK,11667,INE366A01041,DWARKESH,EQ,,,,,DWARIKESH SUGAR IND LTD,41.65,41.80,40.47,40.74,40.98,41.86,,40.74,,,929163,38017213.55,5144,F1,1,,,,,
2026-09-24,2026-09-24,CM,NSE,STK,25690,INE417B01040,DSSL,EQ,,,,,DYNACONS SYS & SOLN LTD,1038.00,1046.70,1011.90,1022.10,1020.70,1030.40,,1022.11,,,22654,23292250.40,1808,F1,1,,,,,
2026-09-24,2026-09-24,CM,NSE,STK,4525,INE221B01012,DYNAMATECH,EQ,,,,,DYNAMATIC TECHNOLOGIES,12516.00,12630.00,12350.00,12551.00,12541.00,12561.00,,12550.87,,,23951,298924093.00,9990,F1,1,,,,,
2026-09-24,2026-09-24,CM,NSE,STK,10417,INE600Y01019,DYCL,EQ,,,,,DYNAMIC CABLES LIMITED,476.50,483.70,465.00,473.20,474.00,476.90,,473.21,,,626764,297548184.70,21170,F1,1,,,,,
2026-09-24,2026-09-24,CM,NSE,STK,6079,INE0DZ701010,DYNAMIC,SM,,,,,DYNAMIC SRVCS & SEC LTD,153.25,167.40,144.00,149.00,149.00,147.65,,149.00,,,29000,4603100.00,30,F1,500,,,,,
2026-09-24,2026-09-24,CM,NSE,STK,21314,INE256H01015,DYNPRO,EQ,,,,,DYNEMIC PRODUCTS LIMITED,235.13,236.93,232.00,232.85,233.17,234.58,,232.86,,,7401,1722853.10,205,F1,1,,,,,
2026-09-24,2026-09-24,CM,NSE,STK,19267,INE0KFF01017,EFACTOR,SM,,,,,E FACTOR EXPERIENCES LTD,155.00,161.95,155.00,161.95,161.95,151.05,,161.95,,,27200,4347760.00,26,F1,400,,,,,
2026-09-24,2026-09-24,CM,NSE,STK,760531,INE1CEJ01017,E2ERAIL,SM,,,,,E TO E TRANS INFRA LTD,319.95,344.80,313.20,331.55,320.00,320.75,,331.55,,,261600,85704320.00,208,F1,800,,,,,
2026-09-24,2026-09-24,CM,NSE,STK,8940,INE255Z01027,E2E,BE,,,,,E2E NETWORKS LIMITED,620.00,666.90,615.00,646.70,645.90,635.15,,646.77,,,1060105,685229964.25,17198,F1,1,,,,,
2026-09-24,2026-09-24,CM,NSE,STK,765065,INE595R01023,EASTWEST,EQ,,,,,EAST WEST FREIGHT CARRI L,2.41,2.42,2.34,2.36,2.40,2.39,,2.37,,,32844,78121.86,130,F1,1,,,,,
2026-09-24,2026-09-24,CM,NSE,STK,9769,INE962C01035,EASTSILK,BE,,,,,EASTERN SILK INDUSTRIES L,71.25,71.93,68.00,71.80,71.93,68.51,,71.80,,,4679,334837.68,46,F1,1,,,,,
2026-09-24,2026-09-24,CM,NSE,STK,2792,INE07O001026,EASEMYTRIP,EQ,,,,,EASY TRIP PLANNERS LTD,5.84,5.86,5.77,5.80,5.80,5.87,,5.80,,,9371481,54337419.17,5910,F1,1,,,,,
2026-09-24,2026-09-24,CM,NSE,STK,765073,INE432F01032,EBIX,BE,,,,,EBIX LIMITED,19.20,19.20,17.80,17.89,18.00,18.64,,17.84,,,110608,1991999.86,187,F1,1,,,,,
2026-09-24,2026-09-24,CM,NSE,STK,759974,INE528S07110,888ECL28,N1,,,,,ECL 8.88% 2028 SR V,987.00,988.75,987.00,988.75,988.75,987.00,,988.75,,,144,142373.00,5,F1,1,,,,,
2026-09-24,2026-09-24,CM,NSE,STK,15179,INE738I01010,ECLERX,EQ,,,,,ECLERX SERVICES LTD,1910.00,1920.80,1880.00,1890.10,1886.40,1924.20,,1890.16,,,63177,119922837.10,9952,F1,1,,,,,
2026-09-24,2026-09-24,CM,NSE,STK,764663,INE316A01038,ECORECO,EQ,,,,,ECO RECYCLING LTD.,425.00,425.00,417.00,419.25,420.90,419.55,,419.49,,,7233,3044334.95,766,F1,1,,,,,
2026-09-24,2026-09-24,CM,NSE,STK,759961,INE0VBS01016,ECOLINE,SM,,,,,ECOLINE EXIM LIMITED,195.00,195.00,185.05,190.40,190.40,195.50,,190.40,,,8000,1511900.00,8,F1,1000,,,,,
2026-09-24,2026-09-24,CM,NSE,STK,25060,INE06HJ01020,ECOSMOBLTY,EQ,,,,,ECOS (INDIA) MOB & HOSP L,109.00,110.74,107.00,108.04,107.50,109.11,,108.01,,,33055,3572705.34,957,F1,1,,,,,
2026-09-24,2026-09-24,CM,NSE,STK,7196,INF754K01OB1,BBETF0432,EQ,,,,,EDELAMC - BBETF0432,1335.36,1342.94,1335.00,1335.53,1335.20,1340.66,,1335.53,,,621,830650.58,38,F1,1,,,,,
2026-09-24,2026-09-24,CM,NSE,STK,764378,INF754K01XH9,EBANK10,EQ,,,,,EDELAMC - EBANK10,16.64,16.64,16.30,16.58,16.58,16.64,,16.58,,,583,9550.60,24,F1,1,,,,,
2026-09-24,2026-09-24,CM,NSE,STK,25258,INF754K01TE4,EBANKNIFTY,EQ,,,,,EDELAMC - EBANKNIFTY,56.64,56.64,55.89,55.89,56.13,57.21,,55.89,,,10879,610525.53,61,F1,1,,,,,
2026-09-24,2026-09-24,CM,NSE,STK,16253,INF754K01KO2,EBBETF0430,EQ,,,,,EDELAMC - EBBETF0430,1612.97,1612.97,1602.26,1603.95,1602.26,1609.69,,1603.90,,,14910,23928552.37,249,F1,1,,,,,
2026-09-24,2026-09-24,CM,NSE,STK,22239,INF754K01LE1,EBBETF0431,EQ,,,,,EDELAMC - EBBETF0431,1428.00,1433.58,1427.48,1430.10,1430.10,1431.06,,1430.10,,,3485,4985553.65,61,F1,1,,,,,
2026-09-24,2026-09-24,CM,NSE,STK,13139,INF754K01QX0,EBBETF0433,EQ,,,,,EDELAMC - EBBETF0433,1306.92,1311.69,1300.00,1301.38,1300.00,1309.84,,1301.38,,,3112,4065128.00,133,F1,1,,,,,
2026-09-24,2026-09-24,CM,NSE,STK,29019,INF754K01TX4,ECAPINSURE,EQ,,,,,EDELAMC - ECAPINSURE,23.54,23.60,23.24,23.43,23.46,23.71,,23.43,,,123588,2884874.99,403,F1,1,,,,,
2026-09-24,2026-09-24,CM,NSE,STK,19933,INF754K01SE6,EGOLD,EQ,,,,,EDELAMC - EGOLD,150.50,150.50,149.10,149.30,149.30,150.90,,149.30,,,32162,4806174.20,750,F1,1,,,,,
2026-09-24,2026-09-24,CM,NSE,STK,759466,INF754K01VW2,ELIQUID,EQ,,,,,EDELAMC - ELIQUID,1044.65,1048.98,1044.60,1048.98,1048.98,1048.83,,1048.98,,,51098,53578857.34,25,F1,1,,,,,
2026-09-24,2026-09-24,CM,NSE,STK,758952,INF754K01VV4,ELM250,EQ,,,,,EDELAMC - ELM250,15.88,16.30,15.88,16.11,16.00,16.20,,16.11,,,292300,4734826.55,240,F1,1,,,,,
2026-09-24,2026-09-24,CM,NSE,STK,764367,INF754K01XI7,ELMDIV,EQ,,,,,EDELAMC - ELMDIV,35.48,35.49,35.19,35.25,35.25,35.76,,35.25,,,870,30716.33,38,F1,1,,,,,
2026-09-24,2026-09-24,CM,NSE,STK,764288,INF754K01XG1,EMETAL,EQ,,,,,EDELAMC - EMETAL,12.89,13.99,12.83,12.92,12.83,13.23,,12.92,,,7559,97981.87,50,F1,1,,,,,
2026-09-24,2026-09-24,CM,NSE,STK,25996,INF754K01TF1,EMULTIMQ,EQ,,,,,EDELAMC - EMULTIMQ,41.12,41.58,41.02,41.30,41.54,41.32,,41.30,,,71774,2967478.85,145,F1,1,,,,,
2026-09-24,2026-09-24,CM,NSE,STK,763540,INF754K01XF3,ENEXT50,EQ,,,,,EDELAMC - ENEXT50,72.16,72.52,70.77,71.53,71.46,72.16,,71.53,,,1833,130775.09,31,F1,1,,,,,
2026-09-24,2026-09-24,CM,NSE,STK,759998,INF754K01VX0,ENIFTY,EQ,,,,,EDELAMC - ENIFTY,24.24,24.24,23.28,23.37,23.37,23.65,,23.37,,,7421,173411.38,69,F1,1,,,,,
2026-09-24,2026-09-24,CM,NSE,STK,759995,INF754K01VY8,ESENSEX,EQ,,,,,EDELAMC - ESENSEX,75.21,75.21,74.33,74.47,74.47,75.54,,74.47,,,318,23762.55,39,F1,1,,,,,
2026-09-24,2026-09-24,CM,NSE,STK,20257,INF754K01SF3,ESILVER,EQ,,,,,EDELAMC - ESILVER,225.90,228.52,225.42,225.69,225.50,229.58,,225.69,,,16246,3682032.68,855,F1,1,,,,,
2026-09-24,2026-09-24,CM,NSE,STK,15119,INE532F01054,EDELWEISS,EQ,,,,,EDELWEISS FIN SERV LTD,140.60,142.80,138.00,139.01,138.50,142.03,,139.01,,,5585348,783631762.38,33723,F1,1,,,,,
2026-09-24,2026-09-24,CM,NSE,STK,758675,INE886D01026,EFCIL,EQ,,,,,EFC (I) LIMITED,182.80,184.00,178.00,181.20,181.85,183.08,,181.19,,,167623,30252515.47,3694,F1,1,,,,,
2026-09-24,2026-09-24,CM,NSE,STK,24435,INE0U9101019,EFFWA,SM,,,,,EFFWA INFRA & RESEARCH L,374.95,375.00,355.00,361.75,355.00,365.70,,361.75,,,17200,6266420.00,26,F1,400,,,,,
2026-09-24,2026-09-24,CM,NSE,STK,910,INE066A01021,EICHERMOT,EQ,,,,,EICHER MOTORS LTD,7437.00,7460.00,7333.00,7338.50,7338.50,7470.00,,7338.57,,,258170,1904907195.00,29096,F1,1,,,,,
2026-09-24,2026-09-24,CM,NSE,STK,916,INE126A01031,EIDPARRY,EQ,,,,,EID PARRY INDIA LTD,701.05,703.15,687.65,689.55,695.50,701.40,,689.55,,,184152,127891576.45,13998,F1,1,,,,,
2026-09-24,2026-09-24,CM,NSE,STK,15399,INE276C01014,EIHAHOTELS,EQ,,,,,EIH ASSOCIATED HOTELS LTD,296.85,296.85,285.60,288.60,285.60,296.85,,288.56,,,16256,4754233.75,574,F1,1,,,,,
2026-09-24,2026-09-24,CM,NSE,STK,919,INE230A01023,EIHOTEL,EQ,,,,,EIH LIMITED,299.00,301.15,295.25,296.90,297.50,301.15,,296.86,,,85796,25581265.90,6840,F1,1,,,,,
2026-09-24,2026-09-24,CM,NSE,STK,4040,INE158B01016,EIMCOELECO,EQ,,,,,EIMCO ELECON (INDIA) LTD,2270.00,2329.80,2250.50,2304.40,2312.00,2297.80,,2304.50,,,29400,67583854.30,3187,F1,1,,,,,
2026-09-24,2026-09-24,CM,NSE,STK,764668,INE0CPR01018,EKI,EQ,,,,,EKI ENERGY SERVICES LTD,83.98,99.04,83.50,99.04,99.04,82.54,,99.23,,,665973,64266998.32,4442,F1,1,,,,,
2026-09-24,2026-09-24,CM,NSE,STK,762653,INE280B01018,ELANTAS,EQ,,,,,ELANTAS BECK INDIA LTD.,14499.00,14499.00,13623.00,13849.00,13990.00,14308.00,,13842.80,,,2753,38351675.00,1428,F1,1,,,,,
2026-09-24,2026-09-24,CM,NSE,STK,762658,INE927X01018,ELCIDIN,EQ,,,,,ELCID INVESTMENTS LTD.,104850.00,104850.00,104810.00,104830.00,104810.00,105800.00,,104887.33,,,3,314510.00,3,F1,1,,,,,
2026-09-24,2026-09-24,CM,NSE,STK,8953,INE668G01021,ELDEHSG,EQ,,,,,ELDECO HSG & IND LTD.,789.25,789.25,733.00,760.00,760.00,779.75,,760.00,,,873,661082.40,120,F1,1,,,,,
2026-09-24,2026-09-24,CM,NSE,STK,13643,INE205B01031,ELECON,EQ,,,,,ELECON ENG. CO. LTD,463.00,468.50,450.15,459.10,457.50,466.60,,459.11,,,1947203,896007161.85,47298,F1,1,,,,,
2026-09-24,2026-09-24,CM,NSE,STK,20899,INE0Q1W01012,EFORCE,SM,,,,,ELECTRO FORCE (INDIA) LTD,17.85,18.85,17.85,18.80,18.85,19.10,,18.80,,,4800,88440.00,4,F1,1200,,,,,
2026-09-24,2026-09-24,CM,NSE,STK,11530,INE02YR01019,EMIL,EQ,,,,,ELECTRONICS MART IND LTD,191.62,194.40,188.11,189.16,189.00,191.32,,189.16,,,2792300,534478539.08,40314,F1,1,,,,,
2026-09-24,2026-09-24,CM,NSE,STK,928,INE086A01029,ELECTCAST,EQ,,,,,ELECTROSTEEL CASTINGS LTD,73.30,73.31,71.44,72.56,72.50,74.22,,72.56,,,1426253,103411324.06,10889,F1,1,,,,,
2026-09-24,2026-09-24,CM,NSE,STK,4469,INE822G01016,ELECTHERM,EQ,,,,,ELECTROTHERM (I) LTD.,909.20,920.00,875.00,887.70,880.60,904.65,,887.65,,,5994,5359326.80,364,F1,1,,,,,
2026-09-24,2026-09-24,CM,NSE,STK,29595,INE0R9101015,ELGNZ,SM,,,,,ELEGANZ INTERIORS LIMITED,87.00,88.50,83.50,84.80,83.50,85.85,,84.80,,,20000,1725750.00,11,F1,1000,,,,,
2026-09-24,2026-09-24,CM,NSE,STK,937,INE285A01027,ELGIEQUIP,EQ,,,,,ELGI EQUIPMENTS LTD,608.55,617.50,604.45,608.80,612.00,614.70,,608.76,,,188186,115096305.20,16834,F1,1,,,,,
2026-09-24,2026-09-24,CM,NSE,STK,24924,INE819L01012,ELGIRUBCO,EQ,,,,,ELGI RUBBER CO. LTD,59.90,59.94,57.00,57.15,57.06,59.35,,57.15,,,39799,2309037.05,983,F1,1,,,,,
2026-09-24,2026-09-24,CM,NSE,STK,13423,INE050401020,ELIN,EQ,,,,,ELIN ELECTRONICS LIMITED,89.96,89.99,88.20,89.50,89.99,89.95,,89.49,,,58154,5168907.59,1126,F1,1,,,,,
2026-09-24,2026-09-24,CM,NSE,STK,762663,INE669R01026,ELITECON,EQ,,,,,ELITECON INTERNATIONAL L,9.20,9.58,9.20,9.55,9.58,9.13,,9.55,,,14696070,140235614.36,10034,F1,1,,,,,
2026-09-24,2026-09-24,CM,NSE,STK,758563,INE236E01022,ELLEN,EQ,,,,,ELLENBARRIE INDUS GASES L,368.00,370.00,353.10,357.70,358.45,371.30,,357.72,,,1000879,361617253.50,15280,F1,1,,,,,
2026-09-24,2026-09-24,CM,NSE,STK,4471,INE579B01039,ELPROINTL,EQ,,,,,ELPRO INTERNATIONAL LTD,171.50,174.40,170.45,172.01,172.00,171.50,,172.02,,,3141,539786.23,161,F1,1,,,,,
2026-09-24,2026-09-24,CM,NSE,STK,29229,INE0ZOL01023,EMAPARTNER,SM,,,,,EMA PARTNERS INDIA LTD,84.80,84.80,80.45,82.00,82.00,82.10,,82.00,,,10000,822000.00,10,F1,1000,,,,,
2026-09-24,2026-09-24,CM,NSE,STK,13517,INE548C01032,EMAMILTD,EQ,,,,,EMAMI LIMITED,390.00,397.30,388.00,390.50,390.00,391.45,,390.51,,,1756668,688962560.50,37125,F1,1,,,,,
2026-09-24,2026-09-24,CM,NSE,STK,10084,INE830C01026,EMAMIPAP,BE,,,,,EMAMI PAPER MILLS LIMITED,115.99,117.00,112.90,115.54,115.15,115.60,,115.54,,,15572,1791761.68,129,F1,1,,,,,
2026-09-24,2026-09-24,CM,NSE,STK,19277,INE778K01012,EMAMIREAL,EQ,,,,,EMAMI REALTY LIMITED,69.75,69.90,68.00,69.03,69.00,69.58,,69.03,,,6575,452529.49,109,F1,1,,,,,
2026-09-24,2026-09-24,CM,NSE,STK,14450,INE069I01010,EMBDL,EQ,,,,,EMBASSY DEVELOPMENTS LTD,60.40,60.99,58.20,58.81,58.65,61.22,,58.80,,,2396537,142658874.05,15723,F1,1,,,,,
2026-09-24,2026-09-24,CM,NSE,STK,9383,INE041025011,EMBASSY,RR,,,,,EMBASSY OFFICE PARKS REIT,437.80,440.00,436.40,439.77,439.50,437.44,,439.77,,,594992,261184661.88,16488,F1,1,,,,,
2026-09-24,2026-09-24,CM,NSE,STK,24398,INE168P01015,EMCURE,EQ,,,,,EMCURE PHARMACEUTICALS L,1980.00,1991.40,1943.50,1952.10,1953.10,1981.70,,1952.12,,,47459,93163749.70,7623,F1,1,,,,,
2026-09-24,2026-09-24,CM,NSE,STK,27629,INE0RHD01013,ETML,SM,,,,,EMERALD TYRE MANUF LTD,80.00,80.00,78.40,79.85,79.85,80.10,,79.85,,,7200,568620.00,6,F1,1200,,,,,
2026-09-24,2026-09-24,CM,NSE,STK,13421,INE296H01011,EMKAY,EQ,,,,,EMKAY GLOBAL FIN SERV LTD,267.15,276.00,266.05,272.55,271.00,270.60,,272.55,,,39396,10686567.65,1062,F1,1,,,,,
2026-09-24,2026-09-24,CM,NSE,STK,10253,INE332S01011,EMKAYTOOLS,SM,,,,,EMKAY TAP & CUT. TOOL LTD,96.00,96.00,93.50,93.50,93.50,95.00,,93.50,,,1050,99382.50,6,F1,150,,,,,
2026-09-24,2026-09-24,CM,NSE,STK,758591,INE0PXC01024,ETL,SM,,,,,EMKAY TOOLS LIMITED,1130.00,1145.00,1130.00,1145.00,1145.00,1118.00,,1145.00,,,1500,1706047.50,9,F1,150,,,,,
2026-09-24,2026-09-24,CM,NSE,STK,18146,INE753K01015,EMMBI,BE,,,,,EMMBI INDUSTRIES LIMITED,90.19,90.45,88.10,88.49,88.90,88.71,,88.49,,,5432,484630.36,53,F1,1,,,,,
2026-09-24,2026-09-24,CM,NSE,STK,759728,INE1C6T01020,EMMVEE,EQ,,,,,EMMVEE PHOTOVOLTAIC PWR L,329.55,331.15,316.05,317.60,317.65,333.10,,317.60,,,3608599,1160424259.05,61011,F1,1,,,,,
2026-09-24,2026-09-24,CM,NSE,STK,764673,INE515H01014,EMPIND,EQ,,,,,EMPIRE INDUSTRIES LTD.,1046.00,1063.90,1046.00,1051.60,1052.00,1074.80,,1051.61,,,1192,1252065.20,219,F1,1,,,,,
2026-09-24,2026-09-24,CM,NSE,STK,762670,INE507F01023,EMPOWER,EQ,,,,,EMPOWER INDIA LTD.,1.96,2.13,1.96,1.96,1.96,2.06,,1.96,,,20949300,41204355.18,2604,F1,1,,,,,
2026-09-24,2026-09-24,CM,NSE,STK,18593,INE0OV601013,EMSLIMITED,EQ,,,,,EMS LIMITED,366.70,366.70,357.20,358.60,359.00,366.35,,358.58,,,98178,35360860.20,3001,F1,1,,,,,
2026-09-24,2026-09-24,CM,NSE,STK,9756,INE01QM01018,EMUDHRA,EQ,,,,,EMUDHRA LIMITED,640.10,667.00,638.75,659.40,657.00,637.80,,659.43,,,1009718,659762511.20,38881,F1,1,,,,,
2026-09-24,2026-09-24,CM,NSE,STK,760321,INE433T01015,ENCOMPAS,SM,,,,,ENCOMPASS DESIGN INDIA L,255.25,255.25,239.95,240.00,240.00,255.00,,240.00,,,7200,1769080.00,14,F1,400,,,,,
2026-09-24,2026-09-24,CM,NSE,STK,18822,INE913H01037,ENDURANCE,EQ,,,,,ENDURANCE TECHNO. LTD.,2645.00,2698.90,2636.00,2663.20,2659.20,2669.60,,2663.13,,,92156,246439231.60,19807,F1,1,,,,,
2026-09-24,2026-09-24,CM,NSE,STK,15049,INE306C01019,ENERGYDEV,EQ,,,,,ENERGY DEVE. CO.LTD,14.69,14.95,14.64,14.91,14.94,14.71,,14.91,,,17824,264483.33,188,F1,1,,,,,
2026-09-24,2026-09-24,CM,NSE,STK,23745,INE0S1L01013,EMMIL,SM,,,,,ENERGY MISSION MACH IND L,124.00,127.50,122.00,123.30,125.95,127.65,,123.30,,,2750,343325.00,9,F1,250,,,,,
2026-09-24,2026-09-24,CM,NSE,STK,4907,INE510A01028,ENGINERSIN,EQ,,,,,ENGINEERS INDIA LTD,303.50,305.65,295.00,296.65,297.00,306.20,,296.65,,,4627761,1386919444.55,64293,F1,1,,,,,
2026-09-24,2026-09-24,CM,NSE,STK,764678,INE130L01014,ENKEIWHEL,EQ,,,,,ENKEI WHEELS (INDIA) LTD.,399.00,405.35,381.50,385.75,387.00,399.45,,386.33,,,2549,998024.75,105,F1,1,,,,,
2026-09-24,2026-09-24,CM,NSE,STK,23230,INE0R9I01021,ENSER,SM,,,,,ENSER COMMUNICATIONS LTD,15.45,15.45,14.30,14.70,14.30,15.25,,14.70,,,40000,602000.00,8,F1,5000,,,,,
2026-09-24,2026-09-24,CM,NSE,STK,22717,INE010601016,ENTERO,EQ,,,,,ENTERO HEALTHCARE SOLU L,1835.00,1875.00,1780.00,1852.20,1845.20,1842.50,,1852.26,,,247589,458268025.40,18737,F1,1,,,,,
2026-09-24,2026-09-24,CM,NSE,STK,13192,INE265F01028,ENIL,EQ,,,,,ENTERTAIN NET. IND. LTD.,100.02,101.46,99.65,99.66,99.65,100.17,,99.66,,,4809,481535.90,109,F1,1,,,,,
2026-09-24,2026-09-24,CM,NSE,STK,27213,INE0LLY01014,EIEL,EQ,,,,,ENVIRO INFRA ENGINEERS L,202.49,202.49,199.41,201.63,201.98,203.32,,201.58,,,353347,71056936.26,7240,F1,1,,,,,
2026-09-24,2026-09-24,CM,NSE,STK,25412,INE0SUH01015,ENVIRO,SM,,,,,ENVIROTECH SYSTEMS LTD,75.00,75.00,69.20,70.10,70.10,73.55,,70.10,,,32000,2260850.00,28,F1,1000,,,,,
2026-09-24,2026-09-24,CM,NSE,STK,22463,INE0G5901015,EPACK,EQ,,,,,EPACK DURABLE LIMITED,184.00,185.88,179.10,180.12,180.85,184.82,,180.14,,,287195,52114639.22,5265,F1,1,,,,,
2026-09-24,2026-09-24,CM,NSE,STK,759251,INE0MLS01022,EPACKPEB,EQ,,,,,EPACK PREFAB TECHN LTD,253.01,258.97,241.30,246.29,248.49,253.95,,246.29,,,815923,205148474.87,17266,F1,1,,,,,
2026-09-24,2026-09-24,CM,NSE,STK,5382,INE071N01016,EPIGRAL,EQ,,,,,EPIGRAL LIMITED,1091.00,1099.00,1065.00,1071.00,1067.00,1093.60,,1071.01,,,32669,35301157.30,3141,F1,1,,,,,
2026-09-24,2026-09-24,CM,NSE,STK,981,INE255A01020,EPL,EQ,,,,,EPL LIMITED,238.00,240.25,234.30,238.05,237.00,239.10,,238.05,,,1071636,254590870.40,20951,F1,1,,,,,
2026-09-24,2026-09-24,CM,NSE,STK,758349,INE11HF01010,EEPL,ST,,,,,EPPELTONE ENGINEERS LTD,138.00,138.00,131.00,131.05,131.00,134.90,,131.05,,,4000,535050.00,4,F1,1000,,,,,
2026-09-24,2026-09-24,CM,NSE,STK,3553,INE217G01035,EQUIPPP,BE,,,,,EQUIPPP SOC IMP TECH LTD,21.80,22.97,21.80,22.88,22.97,22.63,,22.82,,,318,7096.51,7,F1,1,,,,,
2026-09-24,2026-09-24,CM,NSE,STK,913,INE063P01018,EQUITASBNK,EQ,,,,,EQUITAS SMALL FIN BNK LTD,69.00,70.77,68.52,70.21,70.77,72.27,,70.21,,,2416236,168927224.70,15746,F1,1,,,,,
2026-09-24,2026-09-24,CM,NSE,STK,21154,INE406M01024,ERIS,EQ,,,,,ERIS LIFESCIENCES LIMITED,1266.00,1284.10,1264.50,1274.60,1275.00,1269.90,,1274.60,,,47023,59875601.90,6140,F1,1,,,,,
2026-09-24,2026-09-24,CM,NSE,STK,955,INE284A01012,ESABINDIA,EQ,,,,,ESAB INDIA LTD,5604.50,5656.50,5476.00,5528.00,5518.00,5604.50,,5528.27,,,3824,21166577.00,1316,F1,1,,,,,
2026-09-24,2026-09-24,CM,NSE,STK,19884,INE818W01011,ESAFSFB,BE,,,,,ESAF SMALL FINANCE BANK L,40.51,42.40,39.57,40.82,40.66,40.69,,40.81,,,1751479,72493470.43,2641,F1,1,,,,,
2026-09-24,2026-09-24,CM,NSE,STK,22767,INE0RQZ01017,ESCONET,ST,,,,,ESCONET TECHNOLOGIES LTD,216.15,216.15,208.00,209.95,211.95,216.20,,209.95,,,10000,2099440.00,24,F1,400,,,,,
2026-09-24,2026-09-24,CM,NSE,STK,958,INE042A01014,ESCORTS,EQ,,,,,ESCORTS KUBOTA LIMITED,2804.00,2861.90,2789.10,2822.90,2831.00,2796.90,,2822.99,,,321127,906699209.00,38822,F1,1,,,,,
2026-09-24,2026-09-24,CM,NSE,STK,765553,INE0DRI01029,ESDS,EQ,,,,,ESDS SOFTWARE SOLUTION L,1724.00,1859.20,1704.05,1853.15,1858.00,1770.70,,1852.78,,,2468558,4503062822.65,98848,F1,1,,,,,
2026-09-24,2026-09-24,CM,NSE,STK,25634,INE122M01019,ESSARSHPNG,EQ,,,,,ESSAR SHIPPING LTD,16.37,16.43,16.08,16.18,16.24,16.38,,16.18,,,82898,1345633.45,444,F1,1,,,,,
2026-09-24,2026-09-24,CM,NSE,STK,17084,INE0ITO01014,ESFL,SM,,,,,ESSEN SPECIALITY FILMS L,121.10,121.10,118.10,119.05,118.10,123.20,,119.05,,,8640,1036476.00,16,F1,360,,,,,
2026-09-24,2026-09-24,CM,NSE,STK,24265,INE778B01029,ESTER,EQ,,,,,ESTER INDUSTRIES LTD,88.00,88.51,84.91,86.89,86.10,88.32,,86.89,,,100440,8720591.56,1378,F1,1,,,,,
2026-09-24,2026-09-24,CM,NSE,STK,5097,INE758T01015,ETERNAL,EQ,,,,,ETERNAL LIMITED,338.70,343.60,333.55,335.50,335.50,342.65,,335.52,,,14989187,5080825641.70,217489,F1,1,,,,,
2026-09-24,2026-09-24,CM,NSE,STK,9750,INE04TZ01018,ETHOSLTD,EQ,,,,,ETHOS LIMITED,2675.20,2697.00,2575.00,2605.70,2576.00,2660.20,,2604.78,,,91793,240083807.50,13170,F1,1,,,,,
2026-09-24,2026-09-24,CM,NSE,STK,25162,INE0KCE01017,EUREKAFORB,EQ,,,,,EUREKA FORBES LIMITED,379.90,379.90,368.60,375.10,375.00,378.45,,375.08,,,223143,83342728.10,10877,F1,1,,,,,
2026-09-24,2026-09-24,CM,NSE,STK,6042,INE546V01010,EIFFL,BE,,,,,EURO (I) FRESH FOODS LTD,266.45,266.45,266.40,266.40,266.40,261.25,,266.40,,,660,175848.20,13,F1,1,,,,,
2026-09-24,2026-09-24,CM,NSE,STK,757953,INE505V01016,EUROBOND,EQ,,,,,EURO PANEL PRODUCTS LTD,151.00,152.90,148.50,148.57,152.00,152.22,,148.57,,,704,106306.95,35,F1,1,,,,,
2026-09-24,2026-09-24,CM,NSE,STK,759797,INE198501012,EUROPRATIK,EQ,,,,,EURO PRATIK SALES LIMITED,220.00,220.45,211.00,211.65,211.15,220.15,,211.65,,,192201,41394100.45,4969,F1,1,,,,,
2026-09-24,2026-09-24,CM,NSE,STK,8886,INE022C01012,EUROTEXIND,BE,,,,,EUROTEX IND & EXPORTS LTD,11.20,12.23,11.07,12.21,12.21,11.65,,12.21,,,10861,125645.29,69,F1,1,,,,,
2026-09-24,2026-09-24,CM,NSE,STK,11782,INE128A01029,EVEREADY,EQ,,,,,EVEREADY INDS. IND.  LTD.,325.00,328.10,324.50,326.05,328.10,328.50,,326.04,,,25369,8266969.60,1195,F1,1,,,,,
2026-09-24,2026-09-24,CM,NSE,STK,6017,INE295A01018,EVERESTIND,BE,,,,,EVEREST INDUSTRIES LTD,449.90,449.90,425.60,431.75,430.00,445.65,,431.74,,,5495,2386002.00,121,F1,1,,,,,
2026-09-24,2026-09-24,CM,NSE,STK,13091,INE184H01027,EKC,EQ,,,,,EVEREST KANTO CYLINDERLTD,111.00,115.00,110.37,111.50,111.90,113.66,,111.50,,,1474664,165993830.18,16329,F1,1,,,,,
2026-09-24,2026-09-24,CM,NSE,STK,11471,INE369A01029,EXCELINDUS,EQ,,,,,EXCEL INDUSTRIES LTD,968.00,969.90,943.00,950.00,965.00,963.30,,949.99,,,8092,7724658.80,984,F1,1,,,,,
2026-09-24,2026-09-24,CM,NSE,STK,25327,INE0Y4801011,EXCELLENT,ST,,,,,EXCELLENT WIRES N PACK L,194.00,203.00,190.55,190.55,190.55,195.00,,190.55,,,16000,3202880.00,10,F1,1600,,,,,
2026-09-24,2026-09-24,CM,NSE,STK,760007,INE606N01019,EXCELSOFT,EQ,,,,,EXCELSOFT TECHNOLOGIES L,80.20,85.00,80.18,81.69,81.75,80.94,,81.70,,,1877150,156453799.26,17021,F1,1,,,,,
2026-09-24,2026-09-24,CM,NSE,STK,22947,INE777F01014,EXICOM,EQ,,,,,EXICOM TELE SYSTEMS LTD,166.95,166.95,163.00,164.64,164.00,168.09,,164.63,,,700884,115331102.10,8473,F1,1,,,,,
2026-09-24,2026-09-24,CM,NSE,STK,676,INE302A01020,EXIDEIND,EQ,,,,,EXIDE INDUSTRIES LTD,426.00,436.80,421.90,426.55,426.00,425.95,,426.54,,,3273879,1406663357.85,59403,F1,1,,,,,
2026-09-24,2026-09-24,CM,NSE,STK,760422,INE19I001020,EXIMROUTES,SM,,,,,EXIM ROUTES LIMITED,88.00,97.10,88.00,90.10,97.10,90.60,,90.10,,,217600,19817680.00,23,F1,800,,,,,
2026-09-24,2026-09-24,CM,NSE,STK,17486,INE201K01015,EXPLEOSOL,EQ,,,,,EXPLEO SOLUTIONS LIMITED,872.45,884.70,862.00,871.55,873.00,872.45,,871.55,,,10007,8743345.80,1241,F1,1,,,,,
2026-09-24,2026-09-24,CM,NSE,STK,5352,INE0GFE01026,EXXARO,EQ,,,,,EXXARO TILES LIMITED,6.30,6.30,6.16,6.24,6.25,6.27,,6.24,,,102930,641937.20,267,F1,1,,,,,
2026-09-24,2026-09-24,CM,NSE,STK,760125,INE0HF201011,FABTECH,EQ,,,,,FABTECH TECHNOLOGIES LTD,146.64,148.50,145.02,146.47,146.90,148.64,,146.47,,,41003,6006514.32,609,F1,1,,,,,
2026-09-24,2026-09-24,CM,NSE,STK,1008,INE188A01015,FACT,EQ,,,,,FACT LTD,795.00,795.00,775.85,777.80,778.50,796.70,,777.80,,,86883,68052673.15,5627,F1,1,,,,,
2026-09-24,2026-09-24,CM,NSE,STK,1619,INE0DNW01011,FAIRCHEMOR,BE,,,,,FAIRCHEM ORGANICS LIMITED,630.00,657.95,630.00,657.95,657.95,626.65,,657.95,,,11704,7644351.40,666,F1,1,,,,,
2026-09-24,2026-09-24,CM,NSE,STK,765368,INE1Q2D01019,FASCINATE,SM,,,,,FASCINATE TEXTILES LTD,57.95,58.05,54.15,58.05,58.05,55.30,,58.05,,,423200,24437920.00,328,F1,800,,,,,
2026-09-24,2026-09-24,CM,NSE,STK,12000,INE963C01033,FAZE3Q,EQ,,,,,FAZE THREE LIMITED,444.00,444.00,421.00,422.00,422.10,438.05,,422.14,,,16274,6976737.10,754,F1,1,,,,,
2026-09-24,2026-09-24,CM,NSE,STK,11999,INE512B01022,FCSSOFT,EQ,,,,,FCS SOFTWARE SOLN. LTD.,1.36,1.37,1.33,1.33,1.34,1.36,,1.33,,,2041112,2753725.03,1228,F1,1,,,,,
2026-09-24,2026-09-24,CM,NSE,STK,4898,INE258B01022,FDC,EQ,,,,,FDC LIMITED,348.90,353.15,343.50,345.70,345.25,349.95,,345.70,,,159649,55262877.75,6716,F1,1,,,,,
2026-09-24,2026-09-24,CM,NSE,STK,20322,INE007N01010,FEDFINA,EQ,,,,,FEDBANK FINANCIAL SER L,151.01,154.48,150.25,152.71,152.40,153.42,,152.71,,,956440,145836140.43,14086,F1,1,,,,,
2026-09-24,2026-09-24,CM,NSE,STK,762675,INE417D01020,FEDDERSHOL,EQ,,,,,FEDDERS HOLDING LTD.,68.01,69.75,63.50,64.71,64.45,67.22,,64.72,,,9579140,632697116.71,37792,F1,1,,,,,
2026-09-24,2026-09-24,CM,NSE,STK,1023,INE171A01029,FEDERALBNK,EQ,,,,,FEDERAL BANK LTD,328.00,332.70,325.95,329.50,329.50,331.30,,329.50,,,6031916,1986405301.20,78222,F1,1,,,,,
2026-09-24,2026-09-24,CM,NSE,STK,1190,INE529A01010,FMGOETZE,EQ,,,,,FEDERAL-MOGUL GOETZE (IND,452.95,472.20,448.25,468.45,467.00,453.55,,468.49,,,295065,135946314.55,8183,F1,1,,,,,
2026-09-24,2026-09-24,CM,NSE,STK,573,INE901X01013,FELIX,SM,,,,,FELIX INDUSTRIES LTD.,208.50,208.50,201.60,202.15,201.60,204.30,,202.15,,,47500,9730775.00,43,F1,500,,,,,
2026-09-24,2026-09-24,CM,NSE,STK,762680,INE225B01021,FERMENTA,EQ,,,,,FERMENTA BIOTECH LTD.,482.20,511.65,460.00,478.05,471.30,475.50,,478.36,,,580390,286239300.25,19638,F1,1,,,,,
2026-09-24,2026-09-24,CM,NSE,STK,8159,INE296C01020,FIBERWEB,EQ,,,,,FIBERWEB INDIA LIMITED,26.69,28.68,25.90,26.57,26.51,26.48,,26.57,,,40274,1085609.68,406,F1,1,,,,,
2026-09-24,2026-09-24,CM,NSE,STK,9858,INE0LQQ01019,FIDEL,SM,,,,,FIDEL SOFTECH LIMITED,175.00,175.25,175.00,175.00,175.00,175.25,,175.00,,,3000,525250.00,3,F1,1000,,,,,
2026-09-24,2026-09-24,CM,NSE,STK,13710,INE737H01014,FIEMIND,EQ,,,,,FIEM INDUSTRIES LIMITED,1929.70,1935.00,1903.50,1917.20,1916.10,1924.50,,1917.16,,,53114,101815886.40,9327,F1,1,,,,,
2026-09-24,2026-09-24,CM,NSE,STK,23647,INE185E01021,FILATFASH,EQ,,,,,FILATEX FASHIONS LIMITED,0.19,0.19,0.18,0.18,0.18,0.18,,0.18,,,47083777,8944670.33,1454,F1,1,,,,,
2026-09-24,2026-09-24,CM,NSE,STK,24532,INE816B01035,FILATEX,EQ,,,,,FILATEX INDIA LTD,107.42,108.75,104.41,105.32,105.50,108.72,,105.32,,,4644101,493278549.85,25559,F1,1,,,,,
2026-09-24,2026-09-24,CM,NSE,STK,759776,INE0EDU01014,FINBUD,SM,,,,,FINBUD FINANCIAL SERV LTD,113.00,123.45,113.00,121.70,121.30,114.50,,121.70,,,35000,4225800.00,31,F1,1000,,,,,
2026-09-24,2026-09-24,CM,NSE,STK,3744,INE686Y01026,FINEORG,EQ,,,,,FINE ORGANIC IND. LTD.,5059.00,5124.00,4968.00,5062.50,5076.00,5096.50,,5062.53,,,21083,106742367.50,6597,F1,1,,,,,
2026-09-24,2026-09-24,CM,NSE,STK,6198,INE045J01034,FCL,EQ,,,,,FINEOTEX CHEMICAL LIMITED,56.55,58.42,55.13,56.07,56.28,56.81,,56.07,,,19880015,1127340351.26,64395,F1,1,,,,,
2026-09-24,2026-09-24,CM,NSE,STK,759239,INE734I01027,FINKURVE,EQ,,,,,FINKURVE FINANCIAL SERV L,69.20,71.00,69.10,70.18,70.50,70.12,,70.17,,,15875,1108608.73,407,F1,1,,,,,
2026-09-24,2026-09-24,CM,NSE,STK,6579,INE02NC01014,FINOPB,EQ,,,,,FINO PAYMENTS BANK LTD,132.10,132.68,129.00,129.28,129.21,132.68,,129.28,,,213176,27737451.64,2720,F1,1,,,,,
2026-09-24,2026-09-24,CM,NSE,STK,1038,INE235A01022,FINCABLES,EQ,,,,,FINOLEX CABLES LTD,1465.00,1490.90,1450.10,1480.00,1480.00,1470.20,,1479.92,,,791508,1170476759.10,41256,F1,1,,,,,
2026-09-24,2026-09-24,CM,NSE,STK,1041,INE183A01024,FINPIPE,EQ,,,,,FINOLEX INDUSTRIES LTD,154.00,155.20,151.88,154.04,154.15,154.16,,154.01,,,343672,52685566.08,6770,F1,1,,,,,
2026-09-24,2026-09-24,CM,NSE,STK,14304,INE684F01012,FSL,EQ,,,,,FIRSTSOURCE SOLU. LTD.,267.85,267.95,261.00,262.15,261.25,267.85,,262.19,,,468349,123507609.15,14192,F1,1,,,,,
2026-09-24,2026-09-24,CM,NSE,STK,757658,INE771F01041,FISCHER,EQ,,,,,FISCHER MEDICAL VENTURE L,34.98,35.01,33.86,34.23,34.40,35.03,,34.23,,,505113,17353538.21,3210,F1,1,,,,,
2026-09-24,2026-09-24,CM,NSE,STK,12032,INE128S01021,FIVESTAR,EQ,,,,,FIVE-STAR BUS FIN LTD,540.00,540.00,516.35,524.85,525.00,549.70,,524.86,,,1610174,848831416.45,56388,F1,1,,,,,
2026-09-24,2026-09-24,CM,NSE,STK,20372,INE00Y201027,FLAIR,EQ,,,,,FLAIR WRITING INDUST LTD,238.99,248.00,237.26,242.96,243.95,240.79,,242.96,,,132147,32127350.58,4239,F1,1,,,,,
2026-09-24,2026-09-24,CM,NSE,STK,25516,INE060J01017,FLEXITUFF,BE,,,,,FLEXITUFF VENTURES INT L,2.73,2.78,2.73,2.77,2.77,2.73,,2.79,,,10204,27905.12,13,F1,1,,,,,
2026-09-24,2026-09-24,CM,NSE,STK,758208,INE0VCK01011,FLYSBS,SM,,,,,FLYSBS AVIATION LIMITED,669.00,669.00,650.10,654.40,659.00,667.20,,654.40,,,30000,19652750.00,99,F1,200,,,,,
2026-09-24,2026-09-24,CM,NSE,STK,760331,INE0SQZ01015,FWSTC,SM,,,,,FLYWINGS SIMULAT T C LTD,162.00,170.00,161.00,162.00,162.00,170.00,,162.00,,,51000,8225700.00,11,F1,600,,,,,
2026-09-24,2026-09-24,CM,NSE,STK,6839,INE593W01028,FOCUS,BE,,,,,FOCUS LIGHTG & FIXTRS LTD,59.61,60.74,57.90,58.24,58.79,60.10,,58.24,,,54024,3182670.17,373,F1,1,,,,,
2026-09-24,2026-09-24,CM,NSE,STK,22520,INE0Q4701019,FONEBOX,ST,,,,,FONEBOX RETAIL LIMITED,159.70,159.70,152.10,159.70,159.70,152.10,,159.70,,,69000,11001200.00,50,F1,1000,,,,,
2026-09-24,2026-09-24,CM,NSE,STK,6673,INE976E01023,FOODSIN,EQ,,,,,FOODS & INNS LIMITED,53.15,53.50,52.60,52.98,52.96,53.41,,52.99,,,69602,3696435.33,391,F1,1,,,,,
2026-09-24,2026-09-24,CM,NSE,STK,24917,INE0U2501017,FORCAS,ST,,,,,FORCAS STUDIO LIMITED,220.00,228.00,218.00,220.05,220.00,220.00,,220.05,,,38400,8573520.00,24,F1,1600,,,,,
2026-09-24,2026-09-24,CM,NSE,STK,11573,INE451A01017,FORCEMOT,EQ,,,,,FORCE MOTORS LIMITED,17300.00,17456.00,17112.00,17142.00,17142.00,17352.00,,17148.73,,,56971,982229122.00,14688,F1,1,,,,,
2026-09-24,2026-09-24,CM,NSE,STK,25664,INE0YKW01013,FORGEAUTO,SM,,,,,FORGE AUTO INTERNATION L,101.95,102.00,101.00,101.00,101.00,103.00,,101.00,,,4800,488340.00,4,F1,1200,,,,,
2026-09-24,2026-09-24,CM,NSE,STK,14592,INE061F01013,FORTIS,EQ,,,,,FORTIS HEALTHCARE LTD,891.60,897.15,877.35,877.35,877.35,894.00,,877.35,,,906861,805479552.80,34122,F1,1,,,,,
2026-09-24,2026-09-24,CM,NSE,STK,1073,INE519A01011,FOSECOIND,EQ,,,,,FOSECO INDIA LTD,6555.00,6648.00,6440.00,6477.00,6475.00,6555.00,,6476.90,,,9084,59310063.00,3009,F1,1,,,,,
2026-09-24,2026-09-24,CM,NSE,STK,760961,INE212S01015,FRACTAL,EQ,,,,,FRACTAL ANALYTICS LIMITED,758.00,758.95,745.40,749.25,746.40,761.65,,749.16,,,173105,130144371.90,14659,F1,1,,,,,
2026-09-24,2026-09-24,CM,NSE,STK,764683,INE194R01017,FREDUN,EQ,,,,,FREDUN PHARMACEUTICALS L,1394.00,1400.80,1352.70,1360.30,1367.00,1394.00,,1360.29,,,30132,41396276.40,3277,F1,1,,,,,
2026-09-24,2026-09-24,CM,NSE,STK,25871,INE0SFW01015,FRESHARA,ST,,,,,FRESHARA AGRO EXPORTS LTD,405.00,409.00,398.00,404.35,407.85,406.00,,404.35,,,13200,5325420.00,20,F1,600,,,,,
2026-09-24,2026-09-24,CM,NSE,STK,11501,INE385O01018,FROG,SM,,,,,FROG INNOVATIONS LIMITED,266.95,277.95,261.10,268.95,271.40,267.10,,268.95,,,29200,7884780.00,67,F1,400,,,,,
2026-09-24,2026-09-24,CM,NSE,STK,762685,INE572D01014,FRONTSP,EQ,,,,,FRONTIER SPRINGS LTD.,1451.80,1569.80,1451.80,1510.40,1490.10,1394.60,,1510.45,,,1615746,2453990351.20,110705,F1,1,,,,,
2026-09-24,2026-09-24,CM,NSE,STK,6545,INE388Y01029,NYKAA,EQ,,,,,FSN E COMMERCE VENTURES,337.35,343.90,333.05,335.30,335.30,340.85,,335.28,,,3775285,1281055620.20,37978,F1,1,,,,,
2026-09-24,2026-09-24,CM,NSE,STK,759876,INE12UR01024,UTLSOLAR,EQ,,,,,FUJIYAMA POWER SYSTEMS L,443.85,443.85,428.30,433.40,434.50,446.10,,433.42,,,205916,89361737.50,10713,F1,1,,,,,
2026-09-24,2026-09-24,CM,NSE,STK,11932,INE139R01012,FUSION,EQ,,,,,FUSION FINANCE LIMITED,184.00,184.00,176.01,176.80,176.78,184.20,,176.81,,,456966,81646390.44,8262,F1,1,,,,,
2026-09-24,2026-09-24,CM,NSE,STK,14868,INE452O01016,FLFL,BZ,,,,,FUT LIFESTYLE FASH LTD,1.13,1.16,1.12,1.14,1.15,1.13,,1.14,,,5239,5966.36,46,F1,1,,,,,
2026-09-24,2026-09-24,CM,NSE,STK,13812,INE623B01027,FEL,BZ,,,,,FUTURE ENTERPRISES LTD,0.36,0.37,0.36,0.36,0.37,0.36,,0.38,,,119323,43292.68,100,F1,1,,,,,
2026-09-24,2026-09-24,CM,NSE,STK,30491,IN9623B01058,FELDVR,BZ,,,,,FUTURE ENTERPRISES LTD,2.13,2.13,1.99,2.07,2.07,2.09,,2.07,,,3806,7866.54,15,F1,1,,,,,
2026-09-24,2026-09-24,CM,NSE,STK,21017,INE360L01017,FMNL,EQ,,,,,FUTURE MKT NETWORKS LTD,8.12,8.36,7.70,8.09,8.10,8.10,,8.09,,,76249,608876.17,176,F1,1,,,,,
2026-09-24,2026-09-24,CM,NSE,STK,1168,INE075D01018,GMBREW,EQ,,,,,G M BREWERIES LTD,968.00,978.30,952.00,967.25,967.00,968.30,,967.36,,,51293,49607613.05,4024,F1,1,,,,,
2026-09-24,2026-09-24,CM,NSE,STK,5054,INE201P01022,GRINFRA,EQ,,,,,G R INFRAPROJECTS LIMITED,820.05,822.95,798.30,810.30,812.95,825.65,,810.24,,,26306,21295118.70,3942,F1,1,,,,,
2026-09-24,2026-09-24,CM,NSE,STK,1129,INE586X01012,GTECJAINX,EQ,,,,,G-TEC JAINX EDUCATION LTD,27.18,27.99,26.11,26.48,26.14,28.07,,26.48,,,5666,152623.58,109,F1,1,,,,,
2026-09-24,2026-09-24,CM,NSE,STK,1085,INE524A01029,GABRIEL,EQ,,,,,GABRIEL INDIA LTD,1415.00,1436.60,1389.20,1397.30,1401.00,1428.10,,1397.31,,,329569,465390975.40,17834,F1,1,,,,,
2026-09-24,2026-09-24,CM,NSE,STK,18018,INE224E01028,GATECH,BE,,,,,GACM TECHNOLOGIES LIMITED,0.73,0.73,0.73,0.73,0.73,0.76,,0.73,,,5313371,3878760.83,3429,F1,1,,,,,
2026-09-24,2026-09-24,CM,NSE,STK,27,INE224E01036,GATECHDVR,BE,,,,,GACM TECHNOLOGIES LIMITED,0.49,0.49,0.47,0.47,0.48,0.48,,0.47,,,156220,74976.76,151,F1,1,,,,,
2026-09-24,2026-09-24,CM,NSE,STK,4717,INE129A01019,GAIL,EQ,,,,,GAIL (INDIA) LTD,172.10,173.85,171.84,173.85,173.85,172.95,,173.85,,,6183667,1068670958.87,37105,F1,1,,,,,
2026-09-24,2026-09-24,CM,NSE,STK,765396,INE18UN01038,GAJA,EQ,,,,,GAJA ALT ASSET MGT LTD,148.80,148.80,145.15,145.94,146.00,150.04,,145.93,,,448375,65892927.50,7790,F1,1,,,,,
2026-09-24,2026-09-24,CM,NSE,STK,25134,INE0RE001014,GALAPREC,EQ,,,,,GALA PRECISION ENG LTD,1164.20,1179.50,1111.00,1117.10,1114.20,1164.20,,1115.95,,,74133,84631948.90,7573,F1,1,,,,,
2026-09-24,2026-09-24,CM,NSE,STK,759089,INE09A801015,GML,SM,,,,,GALAXY MEDICARE LIMITED,17.80,17.80,16.95,16.95,16.95,17.80,,16.95,,,8000,139100.00,4,F1,2000,,,,,
2026-09-24,2026-09-24,CM,NSE,STK,1315,INE600K01018,GALAXYSURF,EQ,,,,,GALAXY SURFACTANTS LTD,2205.00,2267.70,2194.70,2246.60,2247.90,2222.00,,2246.54,,,35010,78529527.50,7313,F1,1,,,,,
2026-09-24,2026-09-24,CM,NSE,STK,13337,INE297H01019,GALLANTT,EQ,,,,,GALLANTT ISPAT LIMITED,550.00,556.40,542.55,545.25,545.00,556.45,,545.26,,,40560,22276440.45,2876,F1,1,,,,,
2026-09-24,2026-09-24,CM,NSE,STK,20303,INE717W01049,GANDHAR,EQ,,,,,GANDHAR OIL REFINE IND L,266.00,267.85,261.70,262.70,263.20,268.40,,262.69,,,311752,82430459.80,4784,F1,1,,,,,
2026-09-24,2026-09-24,CM,NSE,STK,14116,INE524B01027,GANDHITUBE,EQ,,,,,GANDHI SPL. TUBES LTD,994.75,994.75,967.40,979.10,980.60,995.05,,979.01,,,14867,14568050.55,1433,F1,1,,,,,
2026-09-24,2026-09-24,CM,NSE,STK,5617,INE388A01029,GANESHBE,BE,,,,,GANESH BENZOPLAST LIMITED,128.50,132.00,125.00,126.49,126.55,131.08,,126.49,,,196757,25006072.99,692,F1,1,,,,,
2026-09-24,2026-09-24,CM,NSE,STK,759012,INE652V01016,GANESHCP,EQ,,,,,GANESH CONSUMER PRODUCT L,164.97,166.13,161.49,161.92,162.00,164.48,,161.92,,,179057,29156486.04,2702,F1,1,,,,,
2026-09-24,2026-09-24,CM,NSE,STK,24439,INE0R8C01018,GGBL,SM,,,,,GANESH GREEN BHARAT LTD,220.00,224.00,215.60,218.30,219.10,224.70,,218.30,,,17400,3798630.00,51,F1,300,,,,,
2026-09-24,2026-09-24,CM,NSE,STK,14339,INE460C01014,GANESHHOU,EQ,,,,,GANESH HOUSING LIMITED,746.10,746.10,725.00,736.85,736.90,746.10,,736.85,,,50131,36943761.10,1688,F1,1,,,,,
2026-09-24,2026-09-24,CM,NSE,STK,27339,INE0TVT01024,GANESHIN,SM,,,,,GANESH INFRAWORLD LIMITED,91.00,93.85,90.85,91.00,91.00,92.65,,91.00,,,57600,5287920.00,56,F1,800,,,,,
2026-09-24,2026-09-24,CM,NSE,STK,6944,INE845D01014,GANECOS,EQ,,,,,GANESHA ECOSPHERE LIMITED,1035.00,1048.40,1000.00,1014.00,1009.00,1036.60,,1014.00,,,83366,85491697.40,5507,F1,1,,,,,
2026-09-24,2026-09-24,CM,NSE,STK,4957,INE691Z01023,GANGAFORGE,EQ,,,,,GANGA FORGING LIMITED,1.56,1.57,1.51,1.52,1.53,1.55,,1.52,,,2658153,4090525.13,1304,F1,1,,,,,
2026-09-24,2026-09-24,CM,NSE,STK,21399,INE335W01016,GANGESSECU,EQ,,,,,GANGES SECURITIES LIMITED,114.50,116.98,112.00,112.10,112.10,115.63,,111.98,,,2357,266848.41,61,F1,1,,,,,
2026-09-24,2026-09-24,CM,NSE,STK,5475,INE382Z01011,GRSE,EQ,,,,,GARDEN REACH SHIP&ENG LTD,2365.00,2369.30,2333.50,2344.00,2353.90,2380.60,,2343.90,,,197066,463549863.30,16281,F1,1,,,,,
2026-09-24,2026-09-24,CM,NSE,STK,25800,INE0JVO01026,GARUDA,EQ,,,,,GARUDA CONSTRUCT N ENG L,183.39,183.90,176.97,178.21,177.90,184.48,,178.21,,,333762,59962156.58,6321,F1,1,,,,,
2026-09-24,2026-09-24,CM,NSE,STK,7982,INE291A01017,GRWRHITECH,EQ,,,,,GARWARE HI-TECH FILMS LTD,6484.50,6484.50,6260.00,6342.50,6450.00,6537.50,,6343.99,,,58487,371046878.50,13233,F1,1,,,,,
2026-09-24,2026-09-24,CM,NSE,STK,1100,INE276A01018,GARFIBRES,EQ,,,,,GARWARE TECH FIBRES LTD,783.00,799.90,764.05,781.95,785.00,787.15,,781.94,,,36667,28647863.50,5837,F1,1,,,,,
2026-09-24,2026-09-24,CM,NSE,STK,8510,INE079J01017,GATEWAY,EQ,,,,,GATEWAY DISTRIPARKS LTD,52.50,52.98,52.20,52.37,52.33,52.67,,52.37,,,421697,22142544.88,3846,F1,1,,,,,
2026-09-24,2026-09-24,CM,NSE,STK,760178,INE0P8B01020,GAUDIUMIVF,EQ,,,,,GAUDIUM IVF N WOMEN H L,119.70,123.00,114.61,115.85,115.80,117.69,,115.86,,,292066,34356188.82,4697,F1,1,,,,,
2026-09-24,2026-09-24,CM,NSE,STK,3693,INE287Z01012,GAYAHWS,EQ,,,,,GAYATRI HIGHWAYS LIMITED,1.87,1.90,1.85,1.85,1.85,1.88,,1.85,,,188295,352360.57,267,F1,1,,,,,
2026-09-24,2026-09-24,CM,NSE,STK,25023,INE336H01023,GAYAPROJ,EQ,,,,,GAYATRI PROJECTS LTD,24.00,24.47,22.97,23.01,23.09,24.17,,23.01,,,1415515,33421728.01,3322,F1,1,,,,,
2026-09-24,2026-09-24,CM,NSE,STK,14052,INE0LVM01018,GRCL,SM,,,,,GAYATRI RUBB AND CHEM LTD,572.00,572.10,572.00,572.00,572.00,546.00,,572.00,,,1000,572025.00,4,F1,250,,,,,
2026-09-24,2026-09-24,CM,NSE,STK,7862,INE878A01011,GVPIL,EQ,,,,,GE POWER INDIA LIMITED,685.00,688.00,653.00,659.40,661.90,686.30,,659.38,,,156642,104253087.70,6771,F1,1,,,,,
2026-09-24,2026-09-24,CM,NSE,STK,16783,INE200A01026,GVT&D,EQ,,,,,GE VERNOVA T&D INDIA LTD,4372.10,4405.00,4286.30,4286.30,4286.30,4417.00,,4286.38,,,337791,1470239481.90,49389,F1,1,,,,,
2026-09-24,2026-09-24,CM,NSE,STK,13662,INE916G01016,GEECEE,BE,,,,,GEECEE VENTURES LIMITED,375.50,377.75,360.00,371.95,371.95,377.95,,378.55,,,3987,1444101.70,78,F1,1,,,,,
2026-09-24,2026-09-24,CM,NSE,STK,17922,INE669X01032,GEEKAYWIRE,EQ,,,,,GEEKAY WIRES LIMITED,33.41,33.66,33.20,33.41,33.50,33.25,,33.41,,,152650,5092818.54,877,F1,1,,,,,
2026-09-24,2026-09-24,CM,NSE,STK,759461,INE06XZ01023,GEMAROMA,EQ,,,,,GEM AROMATICS LIMITED,154.20,157.60,150.25,155.18,155.99,154.94,,155.18,,,47069,7227046.44,1312,F1,1,,,,,
2026-09-24,2026-09-24,CM,NSE,STK,277,INE481Y01014,GICRE,EQ,,,,,GENERAL INS CORP OF INDIA,341.95,344.05,338.05,339.25,339.40,344.15,,339.25,,,334321,113812345.10,9349,F1,1,,,,,
2026-09-24,2026-09-24,CM,NSE,STK,2188,INE854S01022,GENCON,EQ,,,,,GENERIC ENG CONS PROJ LTD,39.65,40.10,38.15,38.65,38.18,39.31,,38.65,,,408402,16025263.21,1002,F1,1,,,,,
2026-09-24,2026-09-24,CM,NSE,STK,10905,INE727B01026,GENESYS,EQ,,,,,GENESYS INTL CORPN LTD,280.79,302.00,276.26,283.18,283.00,281.62,,283.18,,,1214456,353291934.86,24246,F1,1,,,,,
2026-09-24,2026-09-24,CM,NSE,STK,758842,INE06H201014,GENSOL,BZ,,,,,GENSOL ENGINEERING LTD,16.95,17.20,16.40,17.04,17.12,16.77,,16.89,,,48447,812109.30,384,F1,1,,,,,
2026-09-24,2026-09-24,CM,NSE,STK,6600,INE949P01018,GENUSPAPER,EQ,,,,,GENUS P&B LIMITED,11.21,11.48,11.07,11.20,11.16,11.34,,11.20,,,50058,561783.19,228,F1,1,,,,,
2026-09-24,2026-09-24,CM,NSE,STK,11905,INE955D01029,GENUSPOWER,EQ,,,,,GENUS POWER INFRASTRU LTD,308.00,321.30,304.75,306.60,307.95,308.35,,306.60,,,2744915,857831072.40,41748,F1,1,,,,,
2026-09-24,2026-09-24,CM,NSE,STK,31942,INE1W0N01014,GENXAI,SM,,,,,GENXAI ANALYTICS LIMITED,75.00,75.70,72.00,72.15,72.15,75.40,,72.15,,,20400,1508460.00,13,F1,1200,,,,,
2026-09-24,2026-09-24,CM,NSE,STK,11896,INE007B01023,GEOJITFSL,EQ,,,,,GEOJIT FINANCIAL SER L,80.80,80.80,78.50,79.17,78.52,81.98,,79.17,,,478340,37856235.20,5433,F1,1,,,,,
2026-09-24,2026-09-24,CM,NSE,STK,1289,INE538A01037,GFLLIMITED,EQ,,,,,GFL LIMITED,56.74,57.00,53.57,54.93,55.30,56.74,,54.93,,,70943,3896357.11,1017,F1,1,,,,,
2026-09-24,2026-09-24,CM,NSE,STK,1127,INE539A01019,GHCL,EQ,,,,,GHCL LIMITED,430.00,430.00,419.00,421.30,421.00,424.00,,421.31,,,167377,71031857.70,4779,F1,1,,,,,
2026-09-24,2026-09-24,CM,NSE,STK,16696,INE0PA801013,GHCLTEXTIL,EQ,,,,,GHCL TEXTILES LIMITED,134.49,138.82,132.21,135.34,135.00,134.61,,135.34,,,563475,76687810.71,13487,F1,1,,,,,
2026-09-24,2026-09-24,CM,NSE,STK,1139,INE289B01019,GICHSGFIN,EQ,,,,,GIC HOUSING FINANCE LTD,138.98,139.90,137.02,137.96,137.50,139.48,,137.96,,,76031,10497899.34,997,F1,1,,,,,
2026-09-24,2026-09-24,CM,NSE,STK,17839,INE047B01011,GILLANDERS,EQ,,,,,GILLANDERS ARBUTHNOT LTD,105.96,106.49,101.00,103.76,103.00,104.91,,103.44,,,2856,294509.63,93,F1,1,,,,,
2026-09-24,2026-09-24,CM,NSE,STK,1576,INE322A01010,GILLETTE,EQ,,,,,GILLETTE INDIA LTD,7094.00,7145.00,7032.50,7118.50,7113.00,7094.00,,7118.53,,,16115,114523035.50,4636,F1,1,,,,,
2026-09-24,2026-09-24,CM,NSE,STK,9294,INE424C01010,GINNIFILA,BE,,,,,GINNIFILAMENTS LTD.,42.60,43.40,41.75,42.39,42.80,42.95,,42.48,,,2644,112787.43,32,F1,1,,,,,
2026-09-24,2026-09-24,CM,NSE,STK,2365,INE614Z01017,GIRIRAJ,SM,,,,,GIRIRAJ CIVIL DEVP LTD,78.00,78.10,70.75,70.75,70.75,74.45,,70.75,,,5000,368650.00,15,F1,250,,,,,
2026-09-24,2026-09-24,CM,NSE,STK,759048,INE1AG301022,GKENERGY,EQ,,,,,GK ENERGY LIMITED,126.50,126.90,124.00,124.69,124.28,127.14,,124.67,,,211202,26385608.27,2585,F1,1,,,,,
2026-09-24,2026-09-24,CM,NSE,STK,764688,INE265D01015,GKB,EQ,,,,,GKB OPHTHALMICS LTD.,74.00,74.00,66.71,67.68,67.20,69.73,,67.26,,,2440,166107.81,93,F1,1,,,,,
2026-09-24,2026-09-24,CM,NSE,STK,17357,INE528A01020,GKWLIMITED,EQ,,,,,GKW LIMITED,1602.90,1605.00,1561.40,1561.40,1561.40,1605.00,,1561.40,,,224,358678.10,11,F1,1,,,,,
2026-09-24,2026-09-24,CM,NSE,STK,1186,INE068V01023,GLAND,EQ,,,,,GLAND PHARMA LIMITED,2896.00,2933.20,2875.10,2897.40,2886.00,2910.20,,2897.41,,,327302,953370840.00,28363,F1,1,,,,,
2026-09-24,2026-09-24,CM,NSE,STK,766005,INE644Q01039,GLASSWALL,EQ,,,,,GLASS WALL SYSTEM (I) LTD,287.00,287.00,260.27,272.07,274.50,286.41,,272.10,,,12703984,3473741340.99,115717,F1,1,,,,,
2026-09-24,2026-09-24,CM,NSE,STK,1153,INE159A01016,GLAXO,EQ,,,,,GLAXOSMITHKLINE PHARMA LT,2874.00,2880.00,2815.00,2829.20,2829.60,2876.90,,2829.09,,,17953,51123030.20,3561,F1,1,,,,,
2026-09-24,2026-09-24,CM,NSE,STK,7406,INE935A01035,GLENMARK,EQ,,,,,GLENMARK PHARMACEUTICALS,2460.00,2470.00,2422.00,2430.40,2430.40,2475.00,,2430.43,,,453221,1108929756.10,29669,F1,1,,,,,
2026-09-24,2026-09-24,CM,NSE,STK,1415,INE291W01037,GLOBAL,EQ,,,,,GLOBAL EDUCATION LIMITED,134.45,143.00,134.01,141.00,140.99,134.45,,141.00,,,873103,121752894.05,9573,F1,1,,,,,
2026-09-24,2026-09-24,CM,NSE,STK,11956,INE474Q01031,MEDANTA,EQ,,,,,GLOBAL HEALTH LIMITED,1490.00,1513.00,1479.10,1506.20,1503.00,1496.10,,1506.21,,,171482,257374572.00,12148,F1,1,,,,,
2026-09-24,2026-09-24,CM,NSE,STK,14599,INE0JSX01015,GSLSU,EQ,,,,,GLOBAL SURFACES LIMITED,32.50,33.00,30.81,31.98,32.00,32.43,,31.98,,,138130,4407210.88,1252,F1,1,,,,,
2026-09-24,2026-09-24,CM,NSE,STK,13735,INE792H01019,GLOBALVECT,EQ,,,,,GLOBAL VEC HELICORP LTD,139.50,139.50,133.30,135.89,137.00,137.46,,135.85,,,6163,846280.72,200,F1,1,,,,,
2026-09-24,2026-09-24,CM,NSE,STK,24932,INE0URU01010,GLOBALE,EQ,,,,,GLOBALE TESSILE LIMITED,11.39,11.64,10.78,10.80,10.80,11.34,,10.80,,,4654,50673.72,24,F1,1,,,,,
2026-09-24,2026-09-24,CM,NSE,STK,758572,INE0V3U01015,GLOBECIVIL,EQ,,,,,GLOBE CIVIL PROJECTS LTD,44.00,44.99,42.62,43.18,43.01,44.18,,43.19,,,9764,425885.88,248,F1,1,,,,,
2026-09-24,2026-09-24,CM,NSE,STK,393,INE581X01021,GLOBE,EQ,,,,,GLOBE ENTERPRISE (I) LTD,2.28,2.33,2.21,2.26,2.27,2.24,,2.26,,,764992,1736965.89,394,F1,1,,,,,
2026-09-24,2026-09-24,CM,NSE,STK,761021,INE947T01022,GICL,BE,,,,,GLOBE INTL CARRIERS LTD,22.50,23.99,22.35,23.50,23.98,23.33,,23.50,,,160774,3664776.10,168,F1,1,,,,,
2026-09-24,2026-09-24,CM,NSE,STK,9764,INE00WS01056,GSTL,SM,,,,,GLOBESECURE TECHNO LTD,11.45,11.95,11.45,11.95,11.95,12.05,,11.95,,,8000,92100.00,7,F1,1000,,,,,
2026-09-24,2026-09-24,CM,NSE,STK,17424,INE615I01010,GLOBUSSPR,EQ,,,,,GLOBUS SPIRITS LTD,828.00,856.80,824.05,836.50,837.00,829.10,,836.53,,,99347,83615190.30,6564,F1,1,,,,,
2026-09-24,2026-09-24,CM,NSE,STK,23590,INE350Z01018,GLOSTERLTD,EQ,,,,,GLOSTER LIMITED,578.00,579.80,570.10,572.00,572.00,578.00,,572.00,,,420,241245.85,56,F1,1,,,,,
2026-09-24,2026-09-24,CM,NSE,STK,760116,INE0TQE01026,GLOTTIS,EQ,,,,,GLOTTIS LIMITED,58.48,69.72,57.51,63.36,63.30,58.10,,63.36,,,791242,51503532.62,7344,F1,1,,,,,
2026-09-24,2026-09-24,CM,NSE,STK,1570,INE541A01023,GMMPFAUDLR,EQ,,,,,GMM PFAUDLER LIMITED,1415.00,1491.10,1415.00,1475.40,1478.00,1432.60,,1475.58,,,403019,593427971.70,29003,F1,1,,,,,
2026-09-24,2026-09-24,CM,NSE,STK,13528,INE776C01039,GMRAIRPORT,EQ,,,,,GMR AIRPORTS LIMITED,98.58,99.59,97.11,97.35,97.35,99.14,,97.36,,,10723487,1057002863.35,30361,F1,1,,,,,
2026-09-24,2026-09-24,CM,NSE,STK,8529,INE0CU601026,GMRP&UI,EQ,,,,,GMR POW AND URBAN INFRA L,97.00,103.00,96.34,101.41,101.10,98.13,,101.41,,,3555672,355219396.70,23457,F1,1,,,,,
2026-09-24,2026-09-24,CM,NSE,STK,18571,INE934S01014,GNA,EQ,,,,,GNA AXLES LIMITED,601.50,648.00,590.00,620.45,617.30,596.65,,620.41,,,7316206,4585862051.20,165697,F1,1,,,,,
2026-09-24,2026-09-24,CM,NSE,STK,757862,INE18JU01028,EBGNG,EQ,,,,,GNG ELECTRONICS LIMITED,711.60,712.05,674.10,676.65,679.90,715.15,,676.69,,,778533,535337460.35,35510,F1,1,,,,,
2026-09-24,2026-09-24,CM,NSE,STK,23799,INE03JT01014,GODIGIT,EQ,,,,,GO DIGIT GENERAL INS LTD,240.00,253.45,236.15,250.30,252.00,245.00,,250.30,,,4077269,1004759751.70,64822,F1,1,,,,,
2026-09-24,2026-09-24,CM,NSE,STK,6964,INE0BJS01011,GOCOLORS,EQ,,,,,GO FASHION INDIA LTD,315.05,323.90,311.60,318.35,317.35,317.55,,318.34,,,85831,27266073.30,3247,F1,1,,,,,
2026-09-24,2026-09-24,CM,NSE,STK,14687,INE426D01013,GOACARBON,EQ,,,,,GOA CARBON LIMITED,399.05,409.80,399.00,404.75,406.25,402.35,,404.74,,,18901,7648387.50,1133,F1,1,,,,,
2026-09-24,2026-09-24,CM,NSE,STK,3963,INE077F01035,GOCLCORP,EQ,,,,,GOCL CORPORATION LIMITED,385.95,398.20,377.00,380.25,384.95,392.75,,380.26,,,198301,76507446.55,6921,F1,1,,,,,
2026-09-24,2026-09-24,CM,NSE,STK,25941,INE497S01012,GODAVARIB,EQ,,,,,GODAVARI BIOREFINERIES L,238.90,242.00,234.50,238.65,241.83,239.43,,238.66,,,69191,16406570.85,1778,F1,1,,,,,
2026-09-24,2026-09-24,CM,NSE,STK,13409,INE177H01039,GPIL,EQ,,,,,GODAWARI POW & ISP LTD,234.00,234.88,228.10,229.78,229.00,234.68,,229.81,,,836832,193832098.19,10626,F1,1,,,,,
2026-09-24,2026-09-24,CM,NSE,STK,1181,INE260B01028,GODFRYPHLP,EQ,,,,,GODFREY PHILLIPS INDIA LT,1999.90,1999.90,1965.50,1974.00,1974.00,2003.00,,1974.00,,,91758,181940093.20,7872,F1,1,,,,,
2026-09-24,2026-09-24,CM,NSE,STK,144,INE850D01014,GODREJAGRO,EQ,,,,,GODREJ AGROVET LIMITED,671.00,698.40,666.55,676.05,675.60,670.05,,676.01,,,851491,584066703.70,38022,F1,1,,,,,
2026-09-24,2026-09-24,CM,NSE,STK,10099,INE102D01028,GODREJCP,EQ,,,,,GODREJ CONSUMER PRODUCTS,875.50,884.70,871.20,875.00,875.00,879.75,,875.00,,,692739,607579291.90,14960,F1,1,,,,,
2026-09-24,2026-09-24,CM,NSE,STK,10925,INE233A01035,GODREJIND,EQ,,,,,GODREJ INDUSTRIES LTD,1102.00,1109.10,1085.30,1099.00,1091.00,1106.00,,1098.91,,,38073,41850914.10,4465,F1,1,,,,,
2026-09-24,2026-09-24,CM,NSE,STK,17875,INE484J01027,GODREJPROP,EQ,,,,,GODREJ PROPERTIES LTD,1680.00,1707.90,1665.70,1671.20,1671.20,1707.60,,1671.20,,,481036,810069228.00,27738,F1,1,,,,,
2026-09-24,2026-09-24,CM,NSE,STK,765280,IN0020260058,620GS2029,GS,,,,,GOI LOAN   6.20% 2029,99.01,99.01,99.01,99.01,99.01,99.00,,99.01,,,100,9901.00,1,F1,1,,,,,
2026-09-24,2026-09-24,CM,NSE,STK,27405,IN0020240167,664GS2027,GS,,,,,GOI LOAN   6.64% 2027,101.60,101.60,101.60,101.60,101.60,101.50,,101.60,,,100,10160.00,1,F1,1,,,,,
2026-09-24,2026-09-24,CM,NSE,STK,27273,IN0020240159,679GS2034A,GS,,,,,GOI LOAN   6.79% 2034,99.70,99.70,98.00,99.01,99.70,100.02,,99.01,,,498,49310.60,3,F1,1,,,,,
2026-09-24,2026-09-24,CM,NSE,STK,27127,IN0020240134,692GS2039,GS,,,,,GOI LOAN   6.92% 2039,99.00,99.00,99.00,99.00,99.00,99.00,,99.00,,,100,9900.00,1,F1,1,,,,,
2026-09-24,2026-09-24,CM,NSE,STK,27170,IN0020240142,709GS2074,GS,,,,,GOI LOAN   7.09% 2074,95.50,95.50,94.75,94.95,94.81,95.25,,94.95,,,7010,666520.39,21,F1,1,,,,,
2026-09-24,2026-09-24,CM,NSE,STK,6695,IN0020210186,574GS2026,GS,,,,,GOI LOAN  5.74% 2026,102.05,102.05,102.05,102.05,102.05,101.20,,102.05,,,472,48167.60,5,F1,1,,,,,
2026-09-24,2026-09-24,CM,NSE,STK,5012,IN0020210095,610GS2031,GS,,,,,GOI LOAN  6.10% 2031,99.99,99.99,99.99,99.99,99.99,99.99,,99.99,,,1,99.99,1,F1,1,,,,,
2026-09-24,2026-09-24,CM,NSE,STK,953,IN0020200245,622GS2035,GS,,,,,GOI LOAN  6.22% 2035,93.63,93.63,93.63,93.63,93.63,93.43,,93.63,,,4,374.52,1,F1,1,,,,,
2026-09-24,2026-09-24,CM,NSE,STK,761020,IN0020250141,636GS2031,GS,,,,,GOI LOAN  6.36% 2031,99.50,99.50,98.00,99.20,99.20,99.00,,99.20,,,1658,164354.96,8,F1,1,,,,,
2026-09-24,2026-09-24,CM,NSE,STK,759396,IN0020250091,648GS2035,GS,,,,,GOI LOAN  6.48% 2035,98.00,98.00,97.90,97.90,97.90,98.00,,97.90,,,550,53845.30,2,F1,1,,,,,
2026-09-24,2026-09-24,CM,NSE,STK,7843,IN0020210244,654GS2032,GS,,,,,GOI LOAN  6.54% 2032,99.00,99.00,99.00,99.00,99.00,99.50,,99.00,,,1,99.00,1,F1,1,,,,,
2026-09-24,2026-09-24,CM,NSE,STK,3204,IN0020210020,664GS2035,GS,,,,,GOI LOAN  6.64% 2035,99.20,99.20,99.20,99.20,99.20,98.00,,99.20,,,1,99.20,1,F1,1,,,,,
2026-09-24,2026-09-24,CM,NSE,STK,956,IN0020200252,667GS2050,GS,,,,,GOI LOAN  6.67% 2050,93.51,93.51,93.51,93.51,93.51,93.00,,93.51,,,100,9351.00,1,F1,1,,,,,
2026-09-24,2026-09-24,CM,NSE,STK,757847,IN0020250042,668GS2040,GS,,,,,GOI LOAN  6.68% 2040,97.95,97.95,97.10,97.10,97.10,97.40,,97.10,,,70,6829.60,8,F1,1,,,,,
2026-09-24,2026-09-24,CM,NSE,STK,2317,IN0020200401,676GS2061,GS,,,,,GOI LOAN  6.76% 2061,89.75,89.75,89.55,89.74,89.74,89.54,,89.82,,,18410,1651321.83,34,F1,1,,,,,
2026-09-24,2026-09-24,CM,NSE,STK,22438,IN0020200187,68GS2060,GS,,,,,GOI LOAN  6.8% 2060,92.20,92.20,91.30,91.50,91.60,91.80,,91.50,,,305,27890.46,20,F1,1,,,,,
2026-09-24,2026-09-24,CM,NSE,STK,756014,IN0020250018,690GS2065,GS,,,,,GOI LOAN  6.90% 2065,93.95,93.95,93.32,93.33,93.33,93.97,,93.33,,,8829,825552.53,18,F1,1,,,,,
2026-09-24,2026-09-24,CM,NSE,STK,763340,IN0020260025,694GS2036,GS,,,,,GOI LOAN  6.94% 2036,101.09,101.09,101.09,101.09,101.09,102.71,,101.09,,,100,10109.00,1,F1,1,,,,,
2026-09-24,2026-09-24,CM,NSE,STK,6817,IN0020210202,695GS2061,GS,,,,,GOI LOAN  6.95% 2061,93.30,93.30,93.24,93.25,93.25,93.00,,93.25,,,9,839.33,6,F1,1,,,,,
2026-09-24,2026-09-24,CM,NSE,STK,6696,IN0020210194,699GS2051,GS,,,,,GOI LOAN  6.99% 2051,95.60,95.60,93.87,93.87,93.87,95.50,,93.87,,,502,47987.74,2,F1,1,,,,,
2026-09-24,2026-09-24,CM,NSE,STK,23854,IN0020240043,702GS2027,GS,,,,,GOI LOAN  7.02% 2027,102.21,102.21,102.21,102.21,102.21,102.21,,102.21,,,1000,102210.00,1,F1,1,,,,,
2026-09-24,2026-09-24,CM,NSE,STK,23919,IN0020240050,704GS2029,GS,,,,,GOI LOAN  7.04% 2029,102.66,102.66,102.66,102.66,102.66,102.23,,102.66,,,1000,102660.00,1,F1,1,,,,,
2026-09-24,2026-09-24,CM,NSE,STK,14970,IN0020230010,706GS2028,GS,,,,,GOI LOAN  7.06% 2028,103.75,103.75,103.75,103.75,103.75,104.30,,103.75,,,700,72625.00,1,F1,1,,,,,
2026-09-24,2026-09-24,CM,NSE,STK,24949,IN0020240118,709GS2054,GS,,,,,GOI LOAN  7.09% 2054,93.50,96.25,93.50,95.50,95.50,95.66,,95.58,,,26305,2516498.28,21,F1,1,,,,,
2026-09-24,2026-09-24,CM,NSE,STK,18025,IN0020230085,718GS2033,GS,,,,,GOI LOAN  7.18% 2033,104.00,104.00,103.40,103.40,103.40,102.50,,103.40,,,300,31080.00,2,F1,1,,,,,
2026-09-24,2026-09-24,CM,NSE,STK,17398,IN0020230077,718GS2037,GS,,,,,GOI LOAN  7.18% 2037,101.70,102.78,101.70,101.72,101.70,103.20,,101.72,,,17100,1741754.46,17,F1,1,,,,,
2026-09-24,2026-09-24,CM,NSE,STK,758674,IN0020250075,724GS2055,GS,,,,,GOI LOAN  7.24% 2055,97.10,97.10,96.75,96.75,96.75,97.70,,96.94,,,10688,1037307.97,15,F1,1,,,,,
2026-09-24,2026-09-24,CM,NSE,STK,16733,IN0020230044,725GS2063,GS,,,,,GOI LOAN  7.25% 2063,97.30,97.30,96.75,96.82,96.84,97.14,,96.82,,,25576,2477847.38,64,F1,1,,,,,
2026-09-24,2026-09-24,CM,NSE,STK,10722,IN0020220060,726GS2032,GS,,,,,GOI LOAN  7.26% 2032,107.10,107.10,107.10,107.10,107.10,102.00,,107.10,,,1,107.10,1,F1,1,,,,,
2026-09-24,2026-09-24,CM,NSE,STK,14051,IN0020220151,726GS2033,GS,,,,,GOI LOAN  7.26% 2033,102.50,102.50,101.48,101.99,101.99,102.00,,101.99,,,3211,326398.50,6,F1,1,,,,,
2026-09-24,2026-09-24,CM,NSE,STK,16865,IN0020230051,73GS2053,GS,,,,,GOI LOAN  7.3% 2053,98.60,98.69,98.00,98.60,98.60,98.74,,98.60,,,22649,2233979.14,14,F1,1,,,,,
2026-09-24,2026-09-24,CM,NSE,STK,20136,IN0020230135,732GS2030,GS,,,,,GOI LOAN  7.32% 2030,103.55,103.55,103.55,103.55,103.55,103.55,,103.55,,,1050,108727.50,2,F1,1,,,,,
2026-09-24,2026-09-24,CM,NSE,STK,19685,IN0020230119,733GS2026,GS,,,,,GOI LOAN  7.33% 2026,102.40,102.40,102.04,102.40,102.40,102.50,,102.35,,,700,71644.00,4,F1,1,,,,,
2026-09-24,2026-09-24,CM,NSE,STK,23558,IN0020240035,734GS2064,GS,,,,,GOI LOAN  7.34% 2064,99.24,99.24,98.91,98.95,99.00,99.40,,98.95,,,69141,6846687.85,36,F1,1,,,,,
2026-09-24,2026-09-24,CM,NSE,STK,10931,IN0020220086,736GS2052,GS,,,,,GOI LOAN  7.36% 2052,95.51,99.25,95.51,96.60,96.60,99.25,,96.60,,,5121,489175.85,4,F1,1,,,,,
2026-09-24,2026-09-24,CM,NSE,STK,19566,IN0020230101,737GS2028,GS,,,,,GOI LOAN  7.37% 2028,103.75,105.98,103.75,104.10,104.10,105.10,,104.10,,,1752,183309.70,10,F1,1,,,,,
2026-09-24,2026-09-24,CM,NSE,STK,10981,IN0020220094,74GS2062,GS,,,,,GOI LOAN  7.4% 2062,99.90,99.90,97.10,98.00,98.00,99.50,,98.00,,,1336,132024.65,19,F1,1,,,,,
2026-09-24,2026-09-24,CM,NSE,STK,13194,IN0020220102,741GS2036,GS,,,,,GOI LOAN  7.41% 2036,104.43,104.43,103.35,103.50,103.50,103.15,,103.50,,,12323,1275865.93,17,F1,1,,,,,
2026-09-24,2026-09-24,CM,NSE,STK,760649,IN0020250117,743GS2076,GS,,,,,GOI LOAN  7.43% 2076,98.20,99.39,98.11,98.25,98.75,98.90,,98.25,,,45029,4440675.24,61,F1,1,,,,,
2026-09-24,2026-09-24,CM,NSE,STK,19808,IN0020230127,746GS2073,GS,,,,,GOI LOAN  7.46% 2073,103.99,103.99,103.99,103.99,103.99,102.99,,103.99,,,1,103.99,1,F1,1,,,,,
2026-09-24,2026-09-24,CM,NSE,STK,763146,IN0020260017,750GS2056,GS,,,,,GOI LOAN  7.50% 2056,101.93,102.00,101.93,102.00,102.00,101.92,,102.00,,,600,61193.00,2,F1,1,,,,,
2026-09-24,2026-09-24,CM,NSE,STK,9585,IN0020220029,754GS2036,GS,,,,,GOI LOAN  7.54% 2036,105.75,105.75,104.80,105.10,105.10,105.68,,105.10,,,243971,25695054.48,253,F1,1,,,,,
2026-09-24,2026-09-24,CM,NSE,STK,766043,IN0020260082,763GS2056,GS,,,,,GOI LOAN  7.63% 2056,98.32,100.00,98.32,100.00,100.00,100.00,,100.00,,,1600,158320.00,3,F1,1,,,,,
2026-09-24,2026-09-24,CM,NSE,STK,763489,IN0020260033,771GS2066,GS,,,,,GOI LOAN  7.71% 2066,104.75,104.80,104.75,104.80,104.80,104.40,,104.50,,,1100,115255.00,3,F1,1,,,,,
2026-09-24,2026-09-24,CM,NSE,STK,9047,IN0020220011,710GS2029,GS,,,,,GOI LOAN 7.10% 2029,102.21,103.50,102.21,103.50,103.50,104.84,,103.50,,,100,10285.50,3,F1,1,,,,,
2026-09-24,2026-09-24,CM,NSE,STK,18474,IN0020200039,719GS2060,GS,,,,,GOI LOAN 7.19% 2060,95.20,95.20,95.20,95.20,95.20,95.20,,95.20,,,5000,476000.00,8,F1,1,,,,,
2026-09-24,2026-09-24,CM,NSE,STK,9913,IN0020220037,738GS2027,GS,,,,,GOI LOAN 7.38% 2027,102.90,102.90,102.41,102.60,102.60,102.70,,102.60,,,48793,5006073.81,24,F1,1,,,,,
2026-09-24,2026-09-24,CM,NSE,STK,6874,IN0020050012,74GS2035,GS,,,,,GOI LOAN 7.40% 2035,101.01,103.00,101.01,103.00,103.00,102.50,,103.00,,,200,20401.00,2,F1,1,,,,,
2026-09-24,2026-09-24,CM,NSE,STK,10046,IN0020190065,757GS2033,GS,,,,,GOI LOAN 7.57% 2033,103.70,103.70,103.70,103.70,103.70,105.45,,103.70,,,1000,103700.00,2,F1,1,,,,,
2026-09-24,2026-09-24,CM,NSE,STK,7136,IN0020150077,772GS2055,GS,,,,,GOI LOAN 7.72% 2055,103.50,103.50,103.50,103.50,103.50,103.50,,103.50,,,100,10350.00,1,F1,1,,,,,
2026-09-24,2026-09-24,CM,NSE,STK,6835,IN0020020106,795GS2032,GS,,,,,GOI LOAN 7.95% 2032,105.70,105.70,104.17,105.00,105.00,104.14,,105.00,,,2000,210390.70,9,F1,1,,,,,
2026-09-24,2026-09-24,CM,NSE,STK,6884,IN0020060078,824GS2027,GS,,,,,GOI LOAN 8.24%2027,101.65,101.65,101.65,101.65,101.65,101.70,,101.65,,,500,50825.00,3,F1,1,,,,,
2026-09-24,2026-09-24,CM,NSE,STK,7039,IN0020130053,92GS2030,GS,,,,,GOI LOAN 9.20% 2030,115.10,115.10,113.01,113.19,113.10,114.50,,112.50,,,10657,1215613.82,12,F1,1,,,,,
2026-09-24,2026-09-24,CM,NSE,STK,761686,IN002026Y014,182D081026,TB,,,,,GOI TBILL 182D-08/10/26,99.21,99.50,99.21,99.50,99.50,98.97,,99.50,,,200,19871.00,2,F1,100,,,,,
2026-09-24,2026-09-24,CM,NSE,STK,764153,IN002026Y154,182D140127,TB,,,,,GOI TBILL 182D-14/01/27,98.00,98.00,98.00,98.00,98.00,98.12,,98.00,,,100,9800.00,1,F1,100,,,,,
2026-09-24,2026-09-24,CM,NSE,STK,31784,IN002026Z102,364D100627,TB,,,,,GOI TBILL 364D-10/06/27,95.07,95.07,95.07,95.07,95.07,94.83,,95.07,,,4700,446829.00,3,F1,100,,,,,
2026-09-24,2026-09-24,CM,NSE,STK,759831,IN002025Z336,364D121126,TB,,,,,GOI TBILL 364D-12/11/26,99.00,99.00,99.00,99.00,99.00,98.76,,99.00,,,500,49500.00,1,F1,100,,,,,
2026-09-24,2026-09-24,CM,NSE,STK,765550,IN002026X222,91D031226,TB,,,,,GOI TBILL 91D-03/12/26,98.91,98.91,98.91,98.91,98.91,98.91,,98.91,,,100,9891.00,1,F1,100,,,,,
2026-09-24,2026-09-24,CM,NSE,STK,764328,IN002026X172,91D291026,TB,,,,,GOI TBILL 91D-29/10/26,99.32,99.32,99.32,99.32,99.32,99.32,,99.32,,,400,39728.00,4,F1,100,,,,,
2026-09-24,2026-09-24,CM,NSE,STK,11778,INE887G01027,GOKEX,EQ,,,,,GOKALDAS EXPORTS LTD.,701.10,726.00,688.00,692.85,711.00,710.25,,692.15,,,240932,168714194.30,14170,F1,1,,,,,
2026-09-24,2026-09-24,CM,NSE,STK,14480,INE314T01033,GOKULAGRO,EQ,,,,,GOKUL AGRO RESOURCES LTD,226.77,236.50,222.70,224.98,223.65,225.81,,224.99,,,1505364,341758898.36,20478,F1,1,,,,,
2026-09-24,2026-09-24,CM,NSE,STK,16705,INE020J01029,GOKUL,EQ,,,,,GOKUL REFOILS & SOLV LTD,40.42,40.60,39.40,39.92,39.56,40.42,,39.79,,,137327,5550546.44,436,F1,1,,,,,
2026-09-24,2026-09-24,CM,NSE,STK,11619,INE973A01010,GOLDENTOBC,BZ,,,,,GOLDEN TOBACCO LIMITED,23.26,24.24,22.42,24.24,24.24,23.50,,24.24,,,1146,26800.77,59,F1,1,,,,,
2026-09-24,2026-09-24,CM,NSE,STK,11971,INE025B01025,GOLDIAM,EQ,,,,,GOLDIAM INTERNATIONAL LTD,328.95,328.95,320.00,321.70,321.10,332.60,,321.71,,,306994,99435291.95,6433,F1,1,,,,,
2026-09-24,2026-09-24,CM,NSE,STK,1,INE405Y01021,GOLDSTAR,SM,,,,,GOLDSTAR POWER LIMITED,10.15,10.15,9.50,10.15,10.15,9.70,,10.15,,,911250,9165375.00,77,F1,11250,,,,,
2026-09-24,2026-09-24,CM,NSE,STK,6125,INE127I01024,GOODLUCK,EQ,,,,,GOODLUCK INDIA LIMITED,534.90,541.60,528.00,530.45,530.00,537.10,,530.46,,,378269,201902188.50,17477,F1,1,,,,,
2026-09-24,2026-09-24,CM,NSE,STK,1205,INE533A01012,GOODYEAR,EQ,,,,,GOODYEAR INDIA LIMITED,709.70,722.00,704.05,707.15,709.60,709.70,,706.73,,,3213,2290073.95,580,F1,1,,,,,
2026-09-24,2026-09-24,CM,NSE,STK,23066,INE0L9R01028,GOPAL,EQ,,,,,GOPAL SNACKS LIMITED,263.15,265.00,254.10,262.55,262.00,262.45,,262.56,,,225147,58423415.25,9527,F1,1,,,,,
2026-09-24,2026-09-24,CM,NSE,STK,11787,INE705X01026,GOYALALUM,EQ,,,,,GOYAL ALUMINIUMS LIMITED,6.08,6.08,5.84,5.93,5.93,5.92,,5.93,,,30595,180941.59,337,F1,1,,,,,
2026-09-24,2026-09-24,CM,NSE,STK,24108,INE0S7E01015,GPECO,SM,,,,,GP ECO SOLUTIONS INDIA L,398.10,398.10,385.55,389.65,390.00,401.70,,389.65,,,34600,13533680.00,128,F1,200,,,,,
2026-09-24,2026-09-24,CM,NSE,STK,11584,INE586G01017,GULFPETRO,BE,,,,,GP PETROLEUMS LIMITED,64.00,65.45,63.07,63.55,64.00,66.38,,63.55,,,54277,3459701.97,350,F1,1,,,,,
2026-09-24,2026-09-24,CM,NSE,STK,22846,INE486R01017,GPTHEALTH,EQ,,,,,GPT HEALTHCARE LIMITED,159.25,166.80,159.25,161.73,162.50,161.50,,161.72,,,115656,18943594.50,3744,F1,1,,,,,
2026-09-24,2026-09-24,CM,NSE,STK,17685,INE390G01014,GPTINFRA,EQ,,,,,GPT INFRAPROJECTS LTD,116.15,116.41,113.00,113.52,113.99,116.29,,113.53,,,109085,12488921.00,2059,F1,1,,,,,
2026-09-24,2026-09-24,CM,NSE,STK,763301,INE361K01017,GRADIENTE,BE,,,,,GRADIENTE INFOTAINMENT L,2.26,2.26,2.15,2.15,2.15,2.26,,2.15,,,757135,1645288.66,300,F1,1,,,,,
2026-09-24,2026-09-24,CM,NSE,STK,30289,INE12E301017,GCHOTELS,ST,,,,,GRAND CONTINENT HOTELS L,129.80,135.50,129.80,130.00,130.00,130.00,,130.00,,,52200,6807870.00,58,F1,600,,,,,
2026-09-24,2026-09-24,CM,NSE,STK,11079,INE534A01028,GFSTEELS,BE,,,,,GRAND FOUNDRY LTD,30.91,30.91,30.91,30.91,30.91,29.44,,30.91,,,12229,377998.39,31,F1,1,,,,,
2026-09-24,2026-09-24,CM,NSE,STK,762695,INE926B01016,GRANDOAK,EQ,,,,,GRAND OAK CANYONS DIST L,35.19,36.00,33.60,33.82,34.00,35.06,,33.82,,,4199,143969.20,135,F1,1,,,,,
2026-09-24,2026-09-24,CM,NSE,STK,11872,INE101D01020,GRANULES,EQ,,,,,GRANULES INDIA LIMITED,857.00,867.00,850.55,853.00,852.00,860.25,,853.00,,,327434,280453864.90,15281,F1,1,,,,,
2026-09-24,2026-09-24,CM,NSE,STK,20454,INE0POU01017,GRAPHISAD,SM,,,,,GRAPHISADS LIMITED,24.00,24.00,24.00,24.00,24.00,24.50,,24.00,,,1200,28800.00,1,F1,1200,,,,,
2026-09-24,2026-09-24,CM,NSE,STK,592,INE371A01025,GRAPHITE,EQ,,,,,GRAPHITE INDIA LTD,817.25,824.55,803.50,814.70,816.00,821.00,,814.68,,,1120162,913500558.10,45187,F1,1,,,,,
2026-09-24,2026-09-24,CM,NSE,STK,1232,INE047A01021,GRASIM,EQ,,,,,GRASIM INDUSTRIES LTD,3151.00,3203.70,3150.60,3166.50,3166.50,3188.50,,3166.51,,,471338,1498088213.20,22588,F1,1,,,,,
2026-09-24,2026-09-24,CM,NSE,STK,5200,INE266D01021,GRAUWEIL,EQ,,,,,GRAUER & WEIL IND LTD,84.95,87.18,84.00,86.69,87.10,86.18,,86.68,,,725531,62157511.92,6514,F1,1,,,,,
2026-09-24,2026-09-24,CM,NSE,STK,762703,INE214F01026,GRAVISSHO,BE,,,,,GRAVISS HOSPITALITY LTD.,32.40,32.40,31.17,32.35,32.35,32.81,,31.32,,,11821,369395.83,70,F1,1,,,,,
2026-09-24,2026-09-24,CM,NSE,STK,20534,INE024L01027,GRAVITA,EQ,,,,,GRAVITA INDIA LIMITED,1558.00,1560.80,1510.00,1515.40,1520.00,1561.10,,1515.47,,,229386,351876272.40,19988,F1,1,,,,,
2026-09-24,2026-09-24,CM,NSE,STK,1235,INE224A01026,GREAVESCOT,EQ,,,,,GREAVES COTTON LTD.,206.17,223.50,202.22,221.83,222.25,206.01,,221.83,,,15910393,3476707983.50,161835,F1,1,,,,,
2026-09-24,2026-09-24,CM,NSE,STK,17092,INE0O7P01015,GREENCHEF,SM,,,,,GREENCHEF APPLIANCES LTD,74.00,74.00,72.00,73.40,73.40,74.35,,73.40,,,7200,525920.00,9,F1,800,,,,,
2026-09-24,2026-09-24,CM,NSE,STK,6848,INE544R01021,GREENLAM,EQ,,,,,GREENLAM INDUSTRIES LTD.,227.83,228.88,225.02,227.00,226.00,227.83,,227.03,,,14418,3277773.62,833,F1,1,,,,,
2026-09-24,2026-09-24,CM,NSE,STK,759427,INE0PLX01017,GREENLEAF,ST,,,,,GREENLEAF ENVIROTECH LTD,106.00,106.00,106.00,106.00,106.00,104.95,,106.00,,,1000,106000.00,1,F1,1000,,,,,
2026-09-24,2026-09-24,CM,NSE,STK,13810,INE08ZM01014,GREENPANEL,EQ,,,,,GREENPANEL INDUSTRIES LTD,168.00,170.04,165.48,166.61,166.99,169.08,,166.61,,,216447,36348737.65,5340,F1,1,,,,,
2026-09-24,2026-09-24,CM,NSE,STK,3987,INE461C01038,GREENPLY,EQ,,,,,GREENPLY INDUSTRIES LTD,296.35,302.00,294.00,294.30,294.55,298.40,,294.30,,,219169,65183451.95,8841,F1,1,,,,,
2026-09-24,2026-09-24,CM,NSE,STK,758986,INE199P01028,GCSL,EQ,,,,,GRETEX CORPORATE SERVICES,640.00,648.00,631.10,633.30,631.60,642.70,,633.29,,,336550,214545986.95,3437,F1,1,,,,,
2026-09-24,2026-09-24,CM,NSE,STK,13560,INE536A01023,GRINDWELL,EQ,,,,,GRINDWELL NORTON LIMITED,1966.00,2038.00,1957.00,1981.00,1994.90,1977.60,,1981.06,,,31249,62653785.00,7339,F1,1,,,,,
2026-09-24,2026-09-24,CM,NSE,STK,10871,INE192H01020,GRMOVER,EQ,,,,,GRM OVERSEAS LIMITED,81.91,81.91,78.74,79.87,79.80,81.54,,79.87,,,1104269,87893932.17,20377,F1,1,,,,,
2026-09-24,2026-09-24,CM,NSE,STK,760971,INE1TY801010,GJL,ST,,,,,GROVER JEWELLS LIMITED,368.00,368.55,367.00,368.55,368.55,351.00,,368.55,,,6400,2356560.00,8,F1,800,,,,,
2026-09-24,2026-09-24,CM,NSE,STK,764285,INF666M01PH7,CEMNTGROWW,EQ,,,,,GROWWAMC - CEMNTGROWW,14.39,14.39,14.10,14.14,14.20,14.28,,14.14,,,55125,782608.37,320,F1,1,,,,,
2026-09-24,2026-09-24,CM,NSE,STK,760051,INF666M01MM4,GROWWCAPM,EQ,,,,,GROWWAMC - GROWWCAPM,11.34,11.34,11.13,11.20,11.18,11.29,,11.20,,,561389,6299163.52,1184,F1,1,,,,,
2026-09-24,2026-09-24,CM,NSE,STK,760673,INF666M01NP5,GROWWCHEM,EQ,,,,,GROWWAMC - GROWWCHEM,29.46,29.58,29.01,29.26,29.44,29.60,,29.26,,,53263,1558816.70,265,F1,1,,,,,
2026-09-24,2026-09-24,CM,NSE,STK,25758,INF666M01IO8,GROWWDEFNC,EQ,,,,,GROWWAMC - GROWWDEFNC,94.33,94.60,92.66,93.65,93.01,94.32,,93.64,,,169368,15908920.34,2032,F1,1,,,,,
2026-09-24,2026-09-24,CM,NSE,STK,24798,INF666M01IH2,GROWWEV,EQ,,,,,GROWWAMC - GROWWEV,31.88,31.88,31.00,31.17,31.03,31.50,,31.17,,,381693,11988577.37,1738,F1,1,,,,,
2026-09-24,2026-09-24,CM,NSE,STK,25872,INF666M01OE7,GROWWGOLD,EQ,,,,,GROWWAMC - GROWWGOLD,14.70,14.70,14.58,14.60,14.60,14.74,,14.60,,,1393465,20390192.85,3058,F1,1,,,,,
2026-09-24,2026-09-24,CM,NSE,STK,760874,INF666M01OD9,GROWWHOSPI,EQ,,,,,GROWWAMC - GROWWHOSPI,53.00,53.20,52.46,52.80,52.94,53.20,,52.80,,,178478,9433779.00,910,F1,1,,,,,
2026-09-24,2026-09-24,CM,NSE,STK,25447,INF666M01IP5,GROWWLIQID,EQ,,,,,GROWWAMC - GROWWLIQID,110.88,110.88,110.51,110.87,110.88,110.86,,110.87,,,886909,98331402.13,246,F1,1,,,,,
2026-09-24,2026-09-24,CM,NSE,STK,758300,INF666M01LB9,GROWWLOVOL,EQ,,,,,GROWWAMC - GROWWLOVOL,10.19,10.29,9.94,10.18,10.29,10.19,,10.18,,,5013,50584.57,122,F1,1,,,,,
2026-09-24,2026-09-24,CM,NSE,STK,759719,INF666M01MV5,GROWWMC150,EQ,,,,,GROWWAMC - GROWWMC150,229.24,231.99,225.30,225.99,231.99,230.65,,225.99,,,1334,304706.72,41,F1,1,,,,,
2026-09-24,2026-09-24,CM,NSE,STK,760438,INF666M01NI0,GROWWMETAL,EQ,,,,,GROWWAMC - GROWWMETAL,12.91,12.91,12.27,12.37,12.45,12.60,,12.37,,,434696,5431406.02,1254,F1,1,,,,,
2026-09-24,2026-09-24,CM,NSE,STK,756086,INF666M01KJ4,GROWWMOM50,EQ,,,,,GROWWAMC - GROWWMOM50,10.95,10.97,10.81,10.83,10.85,10.92,,10.83,,,618257,6720881.57,584,F1,1,,,,,
2026-09-24,2026-09-24,CM,NSE,STK,29872,INF666M01JV1,GROWWN200,EQ,,,,,GROWWAMC - GROWWN200,11.15,11.25,10.92,10.97,10.97,11.15,,10.97,,,91298,1004471.24,354,F1,1,,,,,
2026-09-24,2026-09-24,CM,NSE,STK,757814,INF666M01LI4,GROWWNET,EQ,,,,,GROWWAMC - GROWWNET,10.95,11.15,10.43,10.47,10.50,11.15,,10.47,,,1693767,17990610.42,2446,F1,1,,,,,
2026-09-24,2026-09-24,CM,NSE,STK,758697,INF666M01LL8,GROWWNIFTY,EQ,,,,,GROWWAMC - GROWWNIFTY,9.74,9.74,9.34,9.38,9.36,9.51,,9.38,,,1867295,17533567.15,5147,F1,1,,,,,
2026-09-24,2026-09-24,CM,NSE,STK,759458,INF666M01LZ8,GROWWNXT50,EQ,,,,,GROWWAMC - GROWWNXT50,71.00,72.50,71.00,71.76,72.39,72.02,,71.76,,,10276,739766.73,165,F1,1,,,,,
2026-09-24,2026-09-24,CM,NSE,STK,758165,INF666M01LM6,GROWWPOWER,EQ,,,,,GROWWAMC - GROWWPOWER,11.13,11.19,11.00,11.05,11.01,11.16,,11.05,,,1471791,16291173.42,2657,F1,1,,,,,
2026-09-24,2026-09-24,CM,NSE,STK,760976,INF666M01NQ3,GROWWPSE,EQ,,,,,GROWWAMC - GROWWPSE,98.00,98.00,95.85,96.61,97.46,96.84,,96.61,,,4157,401381.57,168,F1,1,,,,,
2026-09-24,2026-09-24,CM,NSE,STK,761514,INF666M01OG2,GROWWPSUBK,EQ,,,,,GROWWAMC - GROWWPSUBK,83.60,84.29,81.93,82.72,82.70,83.60,,82.72,,,6178,513974.88,114,F1,1,,,,,
2026-09-24,2026-09-24,CM,NSE,STK,29527,INF666M01JJ6,GROWWRAIL,EQ,,,,,GROWWAMC - GROWWRAIL,27.06,27.11,26.81,26.88,26.91,27.07,,26.88,,,330298,8887621.63,2345,F1,1,,,,,
2026-09-24,2026-09-24,CM,NSE,STK,759428,INF666M01MN2,GROWWRLTY,EQ,,,,,GROWWAMC - GROWWRLTY,9.68,9.86,9.52,9.59,9.60,9.74,,9.59,,,211017,2051060.30,531,F1,1,,,,,
2026-09-24,2026-09-24,CM,NSE,STK,759522,INF666M01MO0,GROWWSC250,EQ,,,,,GROWWAMC - GROWWSC250,10.66,10.66,10.45,10.50,10.53,10.62,,10.50,,,129244,1362725.67,560,F1,1,,,,,
2026-09-24,2026-09-24,CM,NSE,STK,756827,INF666M01OF4,GROWWSLVR,EQ,,,,,GROWWAMC - GROWWSLVR,22.38,22.38,22.11,22.14,22.16,22.57,,22.14,,,1491233,33201376.27,2248,F1,1,,,,,
2026-09-24,2026-09-24,CM,NSE,STK,763572,INF666M01OT5,PVTBKGROWW,EQ,,,,,GROWWAMC - PVTBKGROWW,27.89,27.89,26.90,27.01,27.05,28.03,,27.01,,,76198,2062339.59,246,F1,1,,,,,
2026-09-24,2026-09-24,CM,NSE,STK,751745,INF666M01PG9,SMALLGROWW,EQ,,,,,GROWWAMC - SMALLGROWW,48.99,49.19,48.02,48.32,48.20,49.47,,48.32,,,7761,377970.19,142,F1,1,,,,,
2026-09-24,2026-09-24,CM,NSE,STK,6543,INE137I01015,GRPLTD,EQ,,,,,GRP LIMITED,1951.00,2019.00,1951.00,1987.80,2000.00,2001.20,,1987.80,,,1031,2056111.30,244,F1,1,,,,,
2026-09-24,2026-09-24,CM,NSE,STK,23888,INE0SQY01018,GSMFOILS,SM,,,,,GSM FOILS LIMITED,76.00,77.85,73.75,73.90,74.10,77.60,,73.90,,,367500,27585575.00,416,F1,500,,,,,
2026-09-24,2026-09-24,CM,NSE,STK,762239,INE713R01022,GSPCROP,EQ,,,,,GSP CROP SCIENCE LIMITED,485.75,493.95,482.05,490.40,490.20,488.85,,490.42,,,234623,114687881.45,2331,F1,1,,,,,
2026-09-24,2026-09-24,CM,NSE,STK,15347,INE871H01011,GSS,EQ,,,,,GSS INFOTECH LIMITED,10.52,10.86,10.06,10.48,10.45,10.51,,10.47,,,34851,365438.90,309,F1,1,,,,,
2026-09-24,2026-09-24,CM,NSE,STK,13745,INE221H01019,GTLINFRA,EQ,,,,,GTL INFRA.LTD,1.15,1.15,1.10,1.11,1.12,1.14,,1.11,,,56159609,62870558.81,12374,F1,1,,,,,
2026-09-24,2026-09-24,CM,NSE,STK,1162,INE043A01012,GTL,EQ,,,,,GTL LTD,7.03,7.19,6.95,6.99,7.02,7.03,,6.99,,,130935,920651.19,559,F1,1,,,,,
2026-09-24,2026-09-24,CM,NSE,STK,21195,INE869I01013,GTPL,EQ,,,,,GTPL HATHWAY LIMITED,56.07,56.88,54.60,55.07,54.61,56.07,,55.09,,,20897,1157534.20,414,F1,1,,,,,
2026-09-24,2026-09-24,CM,NSE,STK,11606,INE742B01025,GUFICBIO,EQ,,,,,GUFIC BIOSCIENCES LTD.,437.45,441.95,417.60,422.00,424.00,437.45,,421.94,,,70169,30007228.85,3206,F1,1,,,,,
2026-09-24,2026-09-24,CM,NSE,STK,1145,INE162A01010,GIPCL,EQ,,,,,GUJ IND POW CO. LTD,190.00,192.28,185.05,186.42,186.01,191.64,,186.42,,,245732,46116422.50,6200,F1,1,,,,,
2026-09-24,2026-09-24,CM,NSE,STK,1174,INE113A01013,GNFC,EQ,,,,,GUJ NAR VAL FER & CHEM L,620.00,635.00,616.00,625.10,626.00,623.05,,625.10,,,1155725,722885219.30,33959,F1,1,,,,,
2026-09-24,2026-09-24,CM,NSE,STK,1247,INE026A01025,GSFC,EQ,,,,,GUJ STATE FERT & CHEM LTD,154.40,155.92,153.62,155.35,155.40,155.34,,155.34,,,657583,101890330.21,8298,F1,1,,,,,
2026-09-24,2026-09-24,CM,NSE,STK,14677,INE826C01016,GUJAPOLLO,EQ,,,,,GUJ. APOLLO IND. LTD.,336.20,341.00,326.10,327.40,326.10,336.95,,327.31,,,7272,2403885.80,460,F1,1,,,,,
2026-09-24,2026-09-24,CM,NSE,STK,1267,INE186A01019,GUJALKALI,EQ,,,,,GUJARAT ALKALIES & CHEM,630.10,633.90,617.00,620.80,618.00,633.00,,620.69,,,31043,19394017.95,2462,F1,1,,,,,
2026-09-24,2026-09-24,CM,NSE,STK,8828,INE036B01030,GAEL,EQ,,,,,GUJARAT AMBUJA EXPORTS LT,163.00,164.80,159.48,162.59,161.91,163.19,,162.59,,,652362,106348090.38,17649,F1,1,,,,,
2026-09-24,2026-09-24,CM,NSE,STK,10599,INE844O01030,GUJENERGY,EQ,,,,,GUJARAT ENERGY LIMITED,236.60,236.88,234.00,235.72,236.00,237.32,,235.73,,,539851,127165597.98,17073,F1,1,,,,,
2026-09-24,2026-09-24,CM,NSE,STK,13750,INE09N301011,FLUOROCHEM,EQ,,,,,GUJARAT FLUOROCHEM LTD,4476.40,4532.80,4430.30,4475.90,4471.00,4476.40,,4476.14,,,66948,300379517.20,10217,F1,1,,,,,
2026-09-24,2026-09-24,CM,NSE,STK,761197,INE0V0W01025,GKSL,EQ,,,,,GUJARAT KIDNEY N SUP SP L,177.71,179.95,170.00,170.85,170.80,177.71,,170.85,,,352319,61087561.08,5020,F1,1,,,,,
2026-09-24,2026-09-24,CM,NSE,STK,1156,INE540A01017,GLFL,EQ,,,,,GUJARAT LEASE FINANCING L,5.09,5.33,4.85,5.02,5.33,5.09,,5.02,,,6547,32867.56,26,F1,1,,,,,
2026-09-24,2026-09-24,CM,NSE,STK,5204,INE131A01031,GMDCLTD,EQ,,,,,GUJARAT MINERAL DEV CORP,551.00,552.70,541.00,542.50,543.00,556.70,,542.51,,,461347,252066985.35,13033,F1,1,,,,,
2026-09-24,2026-09-24,CM,NSE,STK,762690,INE207H01018,GNRL,EQ,,,,,GUJARAT NATURAL RES L,98.60,100.70,97.75,98.11,98.00,98.07,,98.11,,,338664,33261077.30,4315,F1,1,,,,,
2026-09-24,2026-09-24,CM,NSE,STK,19731,INE517F01014,GPPL,EQ,,,,,GUJARAT PIPAVAV PORT LTD,163.50,165.89,162.00,163.27,163.15,164.12,,163.27,,,1245571,204003017.89,16829,F1,1,,,,,
2026-09-24,2026-09-24,CM,NSE,STK,4548,INE610B01024,GUJRAFFIA,EQ,,,,,GUJARAT RAFFIA INDUST LTD,39.60,40.99,39.00,39.75,39.75,40.00,,39.75,,,5693,225539.39,106,F1,1,,,,,
2026-09-24,2026-09-24,CM,NSE,STK,29731,INE942C01045,GUJTHEM,EQ,,,,,GUJARAT THEMIS BIOSYN LTD,413.40,423.90,406.05,410.45,412.00,410.75,,410.31,,,232115,96235565.00,7586,F1,1,,,,,
2026-09-24,2026-09-24,CM,NSE,STK,4391,INE635Q01029,GULFOILLUB,EQ,,,,,GULF OIL LUB. IND. LTD.,1093.90,1100.00,1074.40,1090.80,1088.00,1098.70,,1090.76,,,38837,42159093.10,4380,F1,1,,,,,
2026-09-24,2026-09-24,CM,NSE,STK,6286,INE255D01024,GULPOLY,EQ,,,,,GULSHAN POLYOLS LIMITED,174.80,174.80,168.90,169.40,169.00,174.22,,169.40,,,72219,12302840.78,1919,F1,1,,,,,
2026-09-24,2026-09-24,CM,NSE,STK,13229,INE251H01024,GVKPIL,BE,,,,,GVK POW. & INFRA LTD.,2.58,2.58,2.58,2.58,2.58,2.53,,2.58,,,988960,2551516.80,291,F1,1,,,,,
2026-09-24,2026-09-24,CM,NSE,STK,10866,INE382T01030,GVPTECH,BE,,,,,GVP INFOTECH LIMITED,7.50,7.89,7.50,7.81,7.85,7.55,,7.81,,,108819,848620.15,262,F1,1,,,,,
2026-09-24,2026-09-24,CM,NSE,STK,764050,INE724A01017,GYFTR,EQ,,,,,GYFTR LIMITED,172.41,172.41,166.78,169.67,170.00,168.03,,169.80,,,46047,7791676.92,3255,F1,1,,,,,
2026-09-24,2026-09-24,CM,NSE,STK,762712,INE640B01021,HBESD,EQ,,,,,H B ESTATE DEVELOPERS L,71.00,71.00,70.50,70.51,70.51,70.65,,70.51,,,72,5079.87,5,F1,1,,,,,
2026-09-24,2026-09-24,CM,NSE,STK,1672,INE926X01010,HGINFRA,EQ,,,,,H.G.INFRA ENGINEERING LTD,448.85,513.50,445.45,468.05,459.00,450.70,,468.12,,,13068436,6355600266.75,239020,F1,1,,,,,
2026-09-24,2026-09-24,CM,NSE,STK,760715,INE115S01010,HALDER,EQ,,,,,HALDER VENTURE LIMITED,263.90,285.00,244.00,248.75,244.15,266.15,,248.78,,,51353,13452071.95,2983,F1,1,,,,,
2026-09-24,2026-09-24,CM,NSE,STK,762708,INE506D01020,HALDYNGL,BE,,,,,HALDYN GLASS LTD.,149.70,151.50,144.00,144.68,144.10,147.83,,144.77,,,68600,10189121.43,871,F1,1,,,,,
2026-09-24,2026-09-24,CM,NSE,STK,21551,INE320X01016,HALEOSLABS,EQ,,,,,HALEOS LABS LIMITED,1510.00,1530.00,1490.00,1503.40,1530.00,1510.70,,1503.40,,,1264,1890446.50,70,F1,1,,,,,
2026-09-24,2026-09-24,CM,NSE,STK,765075,INE299D01022,HAMPTON,EQ,,,,,HAMPTON SKY REALTY LTD.,8.09,8.16,7.02,7.87,7.87,8.09,,7.94,,,17570,139932.99,92,F1,1,,,,,
2026-09-24,2026-09-24,CM,NSE,STK,13592,INE596H01014,HGM,EQ,,,,,HANDSON GBL MNGMNT LTD,42.70,43.97,42.20,42.74,43.29,42.64,,42.75,,,9113,394855.62,112,F1,1,,,,,
2026-09-24,2026-09-24,CM,NSE,STK,48,INE419U01012,HAPPSTMNDS,EQ,,,,,HAPPIEST MINDS TECHNO LTD,316.65,316.65,310.50,311.60,310.50,317.70,,311.61,,,452183,141598665.50,14303,F1,1,,,,,
2026-09-24,2026-09-24,CM,NSE,STK,20854,INE330T01021,HAPPYFORGE,EQ,,,,,HAPPY FORGINGS LIMITED,2089.30,2114.20,2045.40,2084.80,2080.00,2099.80,,2084.71,,,49345,103319662.40,10670,F1,1,,,,,
2026-09-24,2026-09-24,CM,NSE,STK,764131,INE1GFG01011,HAPPY,SM,,,,,HAPPY STEELS LIMITED,76.00,79.00,74.00,78.85,79.00,75.40,,78.85,,,60000,4635800.00,29,F1,2000,,,,,
2026-09-24,2026-09-24,CM,NSE,STK,8962,INE626Z01029,HARDWYN,EQ,,,,,HARDWYN INDIA LIMITED,9.26,9.40,9.18,9.25,9.20,9.22,,9.25,,,562340,5217113.21,891,F1,1,,,,,
2026-09-24,2026-09-24,CM,NSE,STK,8968,INE00EV01017,HARIOMPIPE,EQ,,,,,HARIOM PIPE INDUSTRIES L,356.00,357.00,350.00,350.70,351.40,357.20,,350.65,,,74089,26113193.20,2179,F1,1,,,,,
2026-09-24,2026-09-24,CM,NSE,STK,764703,INE400G01011,HRYNSHP,EQ,,,,,HARIYANA SHIP BREAKERS L,99.50,99.50,98.01,98.02,98.02,99.52,,98.02,,,199,19660.69,24,F1,1,,,,,
2026-09-24,2026-09-24,CM,NSE,STK,1313,INE544A01019,HARRMALAYA,EQ,,,,,HARRISON MALAYALAM LTD,178.78,178.78,174.10,174.88,174.10,178.03,,174.91,,,7716,1361640.53,374,F1,1,,,,,
2026-09-24,2026-09-24,CM,NSE,STK,11162,INE0JUS01029,HARSHA,EQ,,,,,HARSHA ENGINEERS INT LTD,461.95,473.60,454.40,457.55,455.60,464.50,,457.56,,,311042,144854240.05,12841,F1,1,,,,,
2026-09-24,2026-09-24,CM,NSE,STK,18154,INE982F01036,HATHWAY,EQ,,,,,HATHWAY CABLE & DATACOM,10.10,10.10,9.92,9.96,9.97,10.10,,9.96,,,1724774,17233674.07,2526,F1,1,,,,,
2026-09-24,2026-09-24,CM,NSE,STK,3892,INE473B01035,HATSUN,EQ,,,,,HATSUN AGRO PRODUCT LTD.,1147.10,1159.10,1131.00,1134.40,1138.60,1155.70,,1134.44,,,13360,15256100.50,1812,F1,1,,,,,
2026-09-24,2026-09-24,CM,NSE,STK,9819,INE176B01034,HAVELLS,EQ,,,,,HAVELLS INDIA LIMITED,1092.00,1102.90,1087.00,1090.00,1090.00,1096.50,,1090.09,,,374085,409787952.80,23056,F1,1,,,,,
2026-09-24,2026-09-24,CM,NSE,STK,4444,INE979B01015,HAWKINCOOK,EQ,,,,,HAWKINS COOKERS LTD,8098.00,8135.00,7996.00,8063.50,8025.00,7992.00,,8063.13,,,1556,12509709.50,453,F1,1,,,,,
2026-09-24,2026-09-24,CM,NSE,STK,764693,INE550F01049,HAZOOR,EQ,,,,,HAZOOR MULTI PROJECTS LTD,18.99,19.40,18.14,18.53,18.85,19.05,,18.57,,,294880,5505411.66,1215,F1,1,,,,,
2026-09-24,2026-09-24,CM,NSE,STK,765080,INE638B01025,HBPOR,EQ,,,,,HB PORTFOLIO LTD.,61.50,61.50,60.00,61.39,61.39,62.00,,60.88,,,98,5939.90,17,F1,1,,,,,
2026-09-24,2026-09-24,CM,NSE,STK,4116,INE550B01022,HBSL,EQ,,,,,HB STOCKHOLDINGS LIMITED,57.00,57.00,55.00,55.02,55.90,55.68,,55.02,,,2513,139278.06,76,F1,1,,,,,
2026-09-24,2026-09-24,CM,NSE,STK,13966,INE292B01021,HBLENGINE,EQ,,,,,HBL ENGINEERING LTD,758.00,777.85,747.50,775.30,775.10,764.35,,775.30,,,1559409,1197571034.80,41297,F1,1,,,,,
2026-09-24,2026-09-24,CM,NSE,STK,1327,INE236A01020,HCL-INSYS,EQ,,,,,HCL INFOSYSTEMS LTD,10.93,10.95,10.17,10.42,10.40,10.93,,10.44,,,299474,3168568.28,1156,F1,1,,,,,
2026-09-24,2026-09-24,CM,NSE,STK,7229,INE860A01027,HCLTECH,EQ,,,,,HCL TECHNOLOGIES LTD,1251.00,1263.30,1242.80,1243.60,1243.60,1256.70,,1243.64,,,822109,1028387983.20,34362,F1,1,,,,,
2026-09-24,2026-09-24,CM,NSE,STK,757772,INE756I01012,HDBFS,EQ,,,,,HDB FINANCIAL SERVICES L,669.00,670.75,658.00,661.00,661.60,670.80,,661.01,,,344057,227733067.00,18792,F1,1,,,,,
2026-09-24,2026-09-24,CM,NSE,STK,4244,INE127D01025,HDFCAMC,EQ,,,,,HDFC AMC LIMITED,2427.80,2432.00,2380.30,2380.30,2380.30,2448.30,,2380.34,,,680651,1635552775.20,37742,F1,1,,,,,
2026-09-24,2026-09-24,CM,NSE,STK,1333,INE040A01034,HDFCBANK,EQ,,,,,HDFC BANK LTD,725.00,734.85,722.70,728.90,728.90,737.25,,729.17,,,29575194,21588697572.30,281991,F1,1,,,,,
2026-09-24,2026-09-24,CM,NSE,STK,19543,INF179KC1981,HDFCGOLD,EQ,,,,,HDFC GOLD ETF,128.45,128.45,127.59,127.64,127.69,128.94,,127.64,,,11149352,1427540216.41,11371,F1,1,,,,,
2026-09-24,2026-09-24,CM,NSE,STK,467,INE795G01014,HDFCLIFE,EQ,,,,,HDFC LIFE INS CO LTD,531.00,535.35,514.00,526.90,526.90,561.50,,526.94,,,17905953,9444999289.05,172153,F1,1,,,,,
2026-09-24,2026-09-24,CM,NSE,STK,14230,INF179KC1EZ4,HDFCBSE500,EQ,,,,,HDFCAMC - HDFCBSE500,36.96,36.96,36.31,36.46,36.88,36.92,,36.46,,,1143323,41676944.53,298,F1,1,,,,,
2026-09-24,2026-09-24,CM,NSE,STK,11241,INF179KC1DJ0,HDFCGROWTH,EQ,,,,,HDFCAMC - HDFCGROWTH,113.01,114.15,111.26,113.14,113.18,114.12,,113.14,,,8501,964837.25,216,F1,1,,,,,
2026-09-24,2026-09-24,CM,NSE,STK,18279,INF179KC1JG3,HDFCLIQUID,EQ,,,,,HDFCAMC - HDFCLIQUID,1079.21,1079.21,1079.19,1079.20,1079.19,1079.06,,1079.20,,,69142,74618517.14,67,F1,1,,,,,
2026-09-24,2026-09-24,CM,NSE,STK,11547,INF179KC1HU8,HDFCLOWVOL,EQ,,,,,HDFCAMC - HDFCLOWVOL,19.92,19.94,19.71,19.81,19.85,19.93,,19.99,,,255306,5058659.60,68,F1,1,,,,,
2026-09-24,2026-09-24,CM,NSE,STK,14236,INF179KC1HT0,HDFCMID150,EQ,,,,,HDFCAMC - HDFCMID150,23.25,23.25,22.75,22.83,22.87,23.25,,22.83,,,712472,16329890.05,2233,F1,1,,,,,
2026-09-24,2026-09-24,CM,NSE,STK,11538,INF179KC1HV6,HDFCMOMENT,EQ,,,,,HDFCAMC - HDFCMOMENT,30.87,30.87,30.56,30.62,30.67,30.87,,30.62,,,902796,27829676.41,718,F1,1,,,,,
2026-09-24,2026-09-24,CM,NSE,STK,10619,INF179KC1HS2,HDFCNEXT50,EQ,,,,,HDFCAMC - HDFCNEXT50,73.63,73.81,73.00,73.20,73.40,74.12,,73.20,,,176717,12984035.54,777,F1,1,,,,,
2026-09-24,2026-09-24,CM,NSE,STK,10633,INF179KC1HR4,HDFCNIF100,EQ,,,,,HDFCAMC - HDFCNIF100,25.45,25.45,25.05,25.15,25.22,25.45,,25.16,,,81685,2059905.30,375,F1,1,,,,,
2026-09-24,2026-09-24,CM,NSE,STK,22433,INF179KC1HY0,HDFCNIFBAN,EQ,,,,,HDFCAMC - HDFCNIFBAN,59.59,59.59,57.03,57.22,57.33,58.14,,57.22,,,180088,10310805.23,639,F1,1,,,,,
2026-09-24,2026-09-24,CM,NSE,STK,12101,INF179KC1IA8,HDFCNIFIT,EQ,,,,,HDFCAMC - HDFCNIFIT,30.27,30.44,30.05,30.14,30.25,30.26,,30.14,,,70506,2131895.41,397,F1,1,,,,,
2026-09-24,2026-09-24,CM,NSE,STK,11591,INF179KC1965,HDFCNIFTY,EQ,,,,,HDFCAMC - HDFCNIFTY,263.61,263.61,260.50,261.05,261.65,264.65,,261.05,,,371359,97312399.91,1509,F1,1,,,,,
2026-09-24,2026-09-24,CM,NSE,STK,764336,INF179KC1KT4,HDFCNIMEG,EQ,,,,,HDFCAMC - HDFCNIMEG,132.45,132.45,130.16,130.38,130.54,132.45,,130.38,,,4647,608977.23,97,F1,1,,,,,
2026-09-24,2026-09-24,CM,NSE,STK,12108,INF179KC1HZ7,HDFCPVTBAN,EQ,,,,,HDFCAMC - HDFCPVTBAN,27.88,27.88,27.31,27.43,27.49,27.95,,27.43,,,209055,5735325.04,1023,F1,1,,,,,
2026-09-24,2026-09-24,CM,NSE,STK,11255,INF179KC1DL6,HDFCQUAL,EQ,,,,,HDFCAMC - HDFCQUAL,55.79,57.43,55.79,56.43,56.73,56.93,,56.43,,,4239,239493.15,98,F1,1,,,,,
2026-09-24,2026-09-24,CM,NSE,STK,11593,INF179KC1HX2,HDFCSENSEX,EQ,,,,,HDFCAMC - HDFCSENSEX,87.12,87.12,83.61,83.93,84.13,85.00,,83.95,,,105623,8865982.38,1030,F1,1,,,,,
2026-09-24,2026-09-24,CM,NSE,STK,10876,INF179KC1DI2,HDFCSILVER,EQ,,,,,HDFCAMC - HDFCSILVER,217.90,218.24,215.52,215.69,215.78,220.13,,215.69,,,3155092,684365196.41,11581,F1,1,,,,,
2026-09-24,2026-09-24,CM,NSE,STK,14233,INF179KC1FB2,HDFCSML250,EQ,,,,,HDFCAMC - HDFCSML250,185.99,186.03,182.82,183.30,183.49,185.99,,183.31,,,1751528,321725211.58,15612,F1,1,,,,,
2026-09-24,2026-09-24,CM,NSE,STK,11260,INF179KC1DK8,HDFCVALUE,EQ,,,,,HDFCAMC - HDFCVALUE,121.24,121.51,119.86,120.01,121.07,122.17,,120.01,,,22769,2750233.43,215,F1,1,,,,,
2026-09-24,2026-09-24,CM,NSE,STK,22595,INF179KC1HW4,HDFCPSUBK,EQ,,,,,HDFCAMC HDFCPSUBK,84.05,84.31,83.20,83.47,83.20,84.34,,83.31,,,21540,1805261.49,216,F1,1,,,,,
2026-09-24,2026-09-24,CM,NSE,STK,19205,INE759V01019,HEADSUP,EQ,,,,,HEADS UP VENTURES LIMITED,6.77,6.88,6.61,6.85,6.88,6.77,,6.86,,,6559,44107.45,84,F1,1,,,,,
2026-09-24,2026-09-24,CM,NSE,STK,20063,INE019J01013,HEALTHX,EQ,,,,,HEALTH X PLATFORM LIMITED,296.35,296.35,287.90,290.65,290.95,293.30,,290.65,,,1859,539898.90,110,F1,1,,,,,
2026-09-24,2026-09-24,CM,NSE,STK,15555,INE075I01017,HCG,EQ,,,,,HEALTHCARE GLOB. ENT. LTD,714.40,714.40,698.00,701.05,702.00,712.70,,701.03,,,28731,20264604.25,3131,F1,1,,,,,
2026-09-24,2026-09-24,CM,NSE,STK,7425,INE558R01013,HECPROJECT,EQ,,,,,HEC INFRA PROJECTS LTD,115.35,117.25,114.30,115.66,117.25,115.42,,115.66,,,3768,435249.03,110,F1,1,,,,,
2026-09-24,2026-09-24,CM,NSE,STK,1336,INE545A01024,HEGAM,EQ,,,,,HEG ADVANCED MATERIAL LTD,239.90,243.45,231.70,235.25,236.05,237.30,,235.28,,,1352882,320793770.25,24522,F1,1,,,,,
2026-09-24,2026-09-24,CM,NSE,STK,2316,INE578A01017,HEIDELBERG,EQ,,,,,HEIDELBERGCEMENT (I) LTD,140.98,141.50,139.00,139.49,139.60,141.58,,139.49,,,141046,19777346.66,2346,F1,1,,,,,
2026-09-24,2026-09-24,CM,NSE,STK,701,INE0AJG01018,HEMIPROP,EQ,,,,,HEMISPHERE PROP IND LTD,120.00,120.37,118.41,118.83,118.55,120.91,,118.85,,,157275,18769866.11,2526,F1,1,,,,,
2026-09-24,2026-09-24,CM,NSE,STK,2614,INE694N01015,HERANBA,EQ,,,,,HERANBA INDUSTRIES LTD,171.00,174.99,168.40,172.27,172.90,171.49,,172.28,,,38960,6682224.35,1426,F1,1,,,,,
2026-09-24,2026-09-24,CM,NSE,STK,4598,INE978A01027,HERITGFOOD,EQ,,,,,HERITAGE FOODS LTD,425.45,425.45,412.00,414.10,417.00,424.05,,414.09,,,191411,80021189.05,7834,F1,1,,,,,
2026-09-24,2026-09-24,CM,NSE,STK,1348,INE158A01026,HEROMOTOCO,EQ,,,,,HERO MOTOCORP LIMITED,5331.50,5368.00,5294.00,5296.00,5296.00,5394.00,,5295.04,,,360294,1919506901.00,33972,F1,1,,,,,
2026-09-24,2026-09-24,CM,NSE,STK,766171,INE012G01022,HEROMOTORS,EQ,,,,,HERO MOTORS LIMITED,103.00,118.08,103.00,118.08,118.08,98.40,,118.14,,,147638382,16828200953.55,581966,F1,1,,,,,
2026-09-24,2026-09-24,CM,NSE,STK,7048,INE782E01017,HESTERBIO,EQ,,,,,HESTER BIOSCIENCES LTD,2237.80,2237.90,2187.10,2201.20,2196.00,2241.80,,2201.19,,,1381,3048923.20,245,F1,1,,,,,
2026-09-24,2026-09-24,CM,NSE,STK,27008,INE750M01017,HEXATRADEX,EQ,,,,,HEXA TRADEX LIMITED,159.99,159.99,155.60,156.98,155.60,158.95,,156.98,,,2011,316003.35,73,F1,1,,,,,
2026-09-24,2026-09-24,CM,NSE,STK,750116,INE0JUI01012,HEXAGON,BE,,,,,HEXAGON NUTRITION LIMITED,64.70,66.70,64.70,64.80,65.00,65.68,,64.79,,,93318,6079782.19,412,F1,1,,,,,
2026-09-24,2026-09-24,CM,NSE,STK,29666,INE093A01041,HEXT,EQ,,,,,HEXAWARE TECHNOLOGIES LTD,500.00,503.40,490.05,499.35,498.50,500.00,,499.35,,,129020,64040213.20,9944,F1,1,,,,,
2026-09-24,2026-09-24,CM,NSE,STK,21954,INE548A01028,HFCL,BE,,,,,HFCL LIMITED,214.50,218.88,209.10,210.69,212.00,217.37,,210.78,,,4152139,883180709.52,30009,F1,1,,,,,
2026-09-24,2026-09-24,CM,NSE,STK,25622,INE957N08151,920HFL30,N0,,,,,HFL 9.20% 2030 SR 67,104609.00,104609.00,104609.00,104609.00,104609.00,104545.00,,104609.00,,,2,209218.00,1,F1,1,,,,,
2026-09-24,2026-09-24,CM,NSE,STK,18794,INE0PIC01017,HIGREEN,SM,,,,,HI GREEN CARBON LIMITED,108.10,129.00,108.10,127.90,127.00,107.75,,127.90,,,66400,8075360.00,78,F1,800,,,,,
2026-09-24,2026-09-24,CM,NSE,STK,2868,INE106T01025,HITECH,EQ,,,,,HI-TECH PIPES LIMITED,75.01,75.79,74.40,74.84,74.60,75.86,,74.83,,,384829,28852506.69,3094,F1,1,,,,,
2026-09-24,2026-09-24,CM,NSE,STK,759103,INE00RL01028,HILINFRA,EQ,,,,,HIGHWAY INFRASTRUCTURE L,43.56,43.79,43.00,43.17,43.28,43.56,,43.17,,,44392,1917825.68,487,F1,1,,,,,
2026-09-24,2026-09-24,CM,NSE,STK,9668,INE475B01022,HIKAL,EQ,,,,,HIKAL LIMITED,230.45,233.10,212.41,214.15,215.13,232.43,,214.15,,,1623096,355443591.59,34169,F1,1,,,,,
2026-09-24,2026-09-24,CM,NSE,STK,14627,INE788H01017,HILTON,EQ,,,,,HILTON METAL FORGING LTD,16.57,17.09,16.57,16.99,17.00,16.73,,16.99,,,111251,1880321.16,439,F1,1,,,,,
2026-09-24,2026-09-24,CM,NSE,STK,14334,INE019C01026,HSCL,EQ,,,,,HIMADRI SPECIALITY CHEM L,664.45,682.50,660.00,674.90,677.50,667.75,,674.92,,,1849598,1249597793.90,32132,F1,1,,,,,
2026-09-24,2026-09-24,CM,NSE,STK,1360,INE049A01027,HIMATSEIDE,EQ,,,,,HIMATSINGKA SEIDE LTD,68.28,70.50,67.36,69.47,70.45,67.87,,69.48,,,1816349,125406448.31,15979,F1,1,,,,,
2026-09-24,2026-09-24,CM,NSE,STK,765085,INE227B01019,HINDALUMI,EQ,,,,,HIND ALUMINIUM INDS. LTD.,94.44,95.00,92.50,93.15,93.93,93.78,,92.78,,,807,75826.90,64,F1,1,,,,,
2026-09-24,2026-09-24,CM,NSE,STK,1363,INE038A01020,HINDALCO,EQ,,,,,HINDALCO  INDUSTRIES  LTD,983.50,991.90,976.50,982.00,982.00,1003.80,,982.00,,,4331000,4256127713.50,68623,F1,1,,,,,
2026-09-24,2026-09-24,CM,NSE,STK,4920,INE642Y01029,HINDCON,EQ,,,,,HINDCON CHEMICALS LIMITED,24.65,25.85,24.55,25.12,25.30,25.21,,25.12,,,36583,925124.86,340,F1,1,,,,,
2026-09-24,2026-09-24,CM,NSE,STK,11796,INE05X901010,HPIL,EQ,,,,,HINDPRAKASH INDUSTRY LTD,115.10,118.02,115.10,115.38,115.22,116.49,,115.43,,,1947,227506.76,96,F1,1,,,,,
2026-09-24,2026-09-24,CM,NSE,STK,14712,INE170I01016,HGS,EQ,,,,,HINDUJA GLOBAL SOLS. LTD.,380.00,380.95,373.00,374.55,375.20,378.50,,374.57,,,7542,2841972.60,623,F1,1,,,,,
2026-09-24,2026-09-24,CM,NSE,STK,764698,INE074C01013,HINDADH,EQ,,,,,HINDUSTAN ADHESIVES LTD.,387.90,393.50,365.10,389.30,393.50,380.40,,389.30,,,2664,1023079.70,89,F1,1,,,,,
2026-09-24,2026-09-24,CM,NSE,STK,2303,INE066F01020,HAL,EQ,,,,,HINDUSTAN AERONAUTICS LTD,4810.00,4846.70,4770.00,4774.20,4774.20,4836.00,,4774.23,,,357585,1721033585.10,25827,F1,1,,,,,
2026-09-24,2026-09-24,CM,NSE,STK,1372,INE310C01029,HINDCOMPOS,EQ,,,,,HINDUSTAN COMPOSITES LTD.,394.50,394.50,378.50,381.80,380.25,389.10,,381.80,,,673,257678.10,169,F1,1,,,,,
2026-09-24,2026-09-24,CM,NSE,STK,1375,INE549A01026,HCC,EQ,,,,,HINDUSTAN CONSTRUCTION CO,21.93,21.93,21.50,21.62,21.68,22.17,,21.62,,,9196586,199487413.38,16639,F1,1,,,,,
2026-09-24,2026-09-24,CM,NSE,STK,17939,INE531E01026,HINDCOPPER,EQ,,,,,HINDUSTAN COPPER LTD,504.10,507.40,493.60,495.70,495.20,513.00,,495.71,,,5874882,2944089301.90,83924,F1,1,,,,,
2026-09-24,2026-09-24,CM,NSE,STK,12173,INE254N01026,HNDFDS,EQ,,,,,HINDUSTAN FOODS LIMITED,616.00,622.95,608.00,618.25,618.00,621.10,,618.28,,,38201,23639601.55,2779,F1,1,,,,,
2026-09-24,2026-09-24,CM,NSE,STK,19215,INE871K01015,HMVL,BE,,,,,HINDUSTAN MEDIA VENT LTD,78.15,78.15,74.65,75.10,74.65,78.57,,75.11,,,34806,2616166.48,296,F1,1,,,,,
2026-09-24,2026-09-24,CM,NSE,STK,1403,INE345A01011,HINDOILEXP,EQ,,,,,HINDUSTAN OIL EXPLORATION,174.78,175.86,170.01,172.81,174.03,173.58,,172.84,,,462300,79683500.91,6165,F1,1,,,,,
2026-09-24,2026-09-24,CM,NSE,STK,1406,INE094A01015,HINDPETRO,EQ,,,,,HINDUSTAN PETROLEUM CORP,356.05,358.00,349.30,350.40,350.40,360.00,,350.42,,,3088358,1090415310.60,31695,F1,1,,,,,
2026-09-24,2026-09-24,CM,NSE,STK,1394,INE030A01027,HINDUNILVR,EQ,,,,,HINDUSTAN UNILEVER LTD.,1940.00,1953.00,1925.50,1933.50,1933.50,1950.00,,1933.34,,,1257687,2431196815.80,49784,F1,1,,,,,
2026-09-24,2026-09-24,CM,NSE,STK,1424,INE267A01025,HINDZINC,EQ,,,,,HINDUSTAN ZINC LIMITED,585.85,594.90,581.00,587.15,587.15,595.45,,587.15,,,3299611,1946312642.70,38013,F1,1,,,,,
2026-09-24,2026-09-24,CM,NSE,STK,15883,INE05AN01011,HINDWAREAP,EQ,,,,,HINDWARE HME INOVATON LTD,174.00,179.50,169.05,170.31,170.60,177.02,,170.31,,,200038,34416535.06,5678,F1,1,,,,,
2026-09-24,2026-09-24,CM,NSE,STK,13890,INE835D01023,HIRECT,EQ,,,,,HIRECT LIMITED,1239.00,1239.90,1210.10,1219.00,1215.10,1239.90,,1219.10,,,25662,31389254.40,2671,F1,1,,,,,
2026-09-24,2026-09-24,CM,NSE,STK,19322,INE598C01011,HISARMETAL,EQ,,,,,HISAR METAL IND. LIMITED,155.00,158.80,151.50,152.75,151.50,156.13,,152.77,,,1621,249784.32,65,F1,1,,,,,
2026-09-24,2026-09-24,CM,NSE,STK,18457,INE07Y701011,POWERINDIA,EQ,,,,,HITACHI ENERGY INDIA LTD,31110.00,31245.00,30625.00,30715.00,30715.00,31150.00,,30716.48,,,65076,2011128460.00,21004,F1,1,,,,,
2026-09-24,2026-09-24,CM,NSE,STK,15165,INE120D01012,HITECHCORP,BE,,,,,HITECH CORPORATION LTD,328.45,334.90,328.45,331.55,333.00,334.00,,331.55,,,2563,849139.35,32,F1,1,,,,,
2026-09-24,2026-09-24,CM,NSE,STK,2289,INE461D01028,HLEGLAS,EQ,,,,,HLE GLASCOAT LIMITED,446.75,448.20,425.00,428.75,429.00,446.85,,428.76,,,138846,60399093.25,6264,F1,1,,,,,
2026-09-24,2026-09-24,CM,NSE,STK,1448,INE102A01024,HLVLTD,EQ,,,,,HLV LIMITED,6.69,6.69,6.45,6.50,6.51,6.59,,6.50,,,118080,772439.69,493,F1,1,,,,,
2026-09-24,2026-09-24,CM,NSE,STK,17053,INE0ECP01024,HMAAGRO,EQ,,,,,HMA AGRO INDUSTRIES LTD,23.50,23.58,23.05,23.22,23.32,23.61,,23.22,,,1239989,28764649.74,3058,F1,1,,,,,
2026-09-24,2026-09-24,CM,NSE,STK,19698,INE262A01018,HMT,BZ,,,,,HMT LTD -,64.25,64.25,61.53,61.72,61.72,63.73,,61.86,,,6007,374182.30,67,F1,1,,,,,
2026-09-24,2026-09-24,CM,NSE,STK,23826,INE0S6S01017,HOACFOODS,ST,,,,,HOAC FOODS INDIA LIMITED,841.80,841.80,841.80,841.80,841.80,825.30,,841.80,,,750,631350.00,2,F1,375,,,,,
2026-09-24,2026-09-24,CM,NSE,STK,18649,INE0LXA01019,HOLMARC,SM,,,,,HOLMARC OPTO MECHATRO L,116.60,116.60,116.60,116.60,116.60,120.00,,116.60,,,750,87450.00,1,F1,750,,,,,
2026-09-24,2026-09-24,CM,NSE,STK,2056,INE481N01025,HOMEFIRST,EQ,,,,,HOME FIRST FIN CO IND LTD,1207.20,1207.20,1153.30,1157.50,1158.90,1205.80,,1157.53,,,89649,104860404.40,8793,F1,1,,,,,
2026-09-24,2026-09-24,CM,NSE,STK,19813,INE0J5401028,HONASA,EQ,,,,,HONASA CONSUMER LIMITED,483.60,492.00,470.10,472.95,475.00,484.90,,472.97,,,677532,325076391.95,22208,F1,1,,,,,
2026-09-24,2026-09-24,CM,NSE,STK,3138,INE634A01018,HONDAPOWER,EQ,,,,,HONDA I POWER PRODUCT LTD,1930.00,1947.50,1900.20,1905.60,1901.00,1931.70,,1905.57,,,2468,4723494.20,573,F1,1,,,,,
2026-09-24,2026-09-24,CM,NSE,STK,3417,INE671A01010,HONAUT,EQ,,,,,HONEYWELL AUTOMATION IND,34275.00,34275.00,33200.00,33625.00,33375.00,34275.00,,33622.34,,,2109,71278195.00,1252,F1,1,,,,,
2026-09-24,2026-09-24,CM,NSE,STK,765356,INE685T01010,HORIZONIND,EQ,,,,,HORIZON INDUSTRIAL PRKS L,52.32,53.54,51.52,51.81,51.56,53.28,,51.81,,,3423391,179059287.68,16126,F1,1,,,,,
2026-09-24,2026-09-24,CM,NSE,STK,17920,INE191I01012,HDIL,BZ,,,,,HOUSING DEV & INFRA LTD,1.47,1.49,1.45,1.47,1.46,1.47,,1.47,,,58528,85934.20,161,F1,1,,,,,
2026-09-24,2026-09-24,CM,NSE,STK,7376,INE0GSL01024,HPAL,EQ,,,,,HP ADHESIVES LIMITED,36.19,36.58,35.02,35.60,35.22,35.65,,35.59,,,27216,968579.81,330,F1,1,,,,,
2026-09-24,2026-09-24,CM,NSE,STK,29875,INE0VA601019,HPTL,SM,,,,,HP TELECOM INDIA LIMITED,490.00,491.70,456.00,456.25,456.00,468.30,,456.25,,,12000,5746500.00,19,F1,600,,,,,
2026-09-24,2026-09-24,CM,NSE,STK,18679,INE495S01016,HPL,EQ,,,,,HPL ELECTRIC & POWER LTD,283.90,283.90,271.05,274.35,274.60,280.55,,274.32,,,141655,39038698.10,4266,F1,1,,,,,
2026-09-24,2026-09-24,CM,NSE,STK,21107,INE0R3501012,HRHNEXT,SM,,,,,HRH NEXT SERVICES LIMITED,22.85,23.95,22.80,23.20,23.20,24.00,,23.20,,,22500,515850.00,12,F1,1500,,,,,
2026-09-24,2026-09-24,CM,NSE,STK,761506,INF336L01RX2,HSBCGOLD,EQ,,,,,HSBCAMC - HSBCGOLD,131.00,131.56,129.37,130.30,130.27,131.04,,130.30,,,34977,4567700.15,56,F1,1,,,,,
2026-09-24,2026-09-24,CM,NSE,STK,20825,INE031A01017,HUDCO,EQ,,,,,HSG & URBAN DEV CORPN LTD,176.00,176.40,171.15,174.32,174.75,177.92,,174.33,,,2632690,457083886.39,26032,F1,1,,,,,
2026-09-24,2026-09-24,CM,NSE,STK,11979,INE501G01024,HTMEDIA,EQ,,,,,HT MEDIA LIMITED,24.80,25.00,24.01,24.36,24.55,24.86,,24.36,,,76333,1862420.26,434,F1,1,,,,,
2026-09-24,2026-09-24,CM,NSE,STK,14203,INE703H01016,HUBTOWN,EQ,,,,,HUBTOWN LIMITED,175.50,176.89,172.20,173.38,172.40,177.35,,173.39,,,90456,15771613.20,1997,F1,1,,,,,
2026-09-24,2026-09-24,CM,NSE,STK,2562,INE275B01026,HUHTAMAKI,EQ,,,,,HUHTAMAKI INDIA LIMITED,249.60,251.90,241.15,242.45,242.00,250.00,,242.44,,,159453,38976137.85,4683,F1,1,,,,,
2026-09-24,2026-09-24,CM,NSE,STK,25708,INE0TO501019,HVAX,SM,,,,,HVAX TECHNOLOGIES LIMITED,747.70,747.70,679.40,683.90,679.40,715.15,,683.90,,,2100,1483852.50,12,F1,150,,,,,
2026-09-24,2026-09-24,CM,NSE,STK,765467,INE0LEG01024,HTEL,EQ,,,,,HY-TECH ENGINEERS LIMITED,70.10,71.32,69.00,69.37,69.25,71.27,,69.38,,,1153090,80394750.11,9987,F1,1,,,,,
2026-09-24,2026-09-24,CM,NSE,STK,12814,INE965B01022,HYBRIDFIN,BE,,,,,HYBRID FINANCIAL SERVICE,16.79,17.17,16.40,17.07,17.07,16.79,,16.86,,,4777,80140.00,22,F1,1,,,,,
2026-09-24,2026-09-24,CM,NSE,STK,25844,INE0V6F01027,HYUNDAI,EQ,,,,,HYUNDAI MOTOR INDIA LTD,2077.20,2109.50,2060.00,2060.60,2060.60,2095.00,,2060.61,,,388850,810605681.40,27686,F1,1,,,,,
2026-09-24,2026-09-24,CM,NSE,STK,14086,INE204A01010,IGPL,EQ,,,,,I G PETROCHEMICALS LTD,590.00,604.70,577.50,586.40,583.05,588.95,,586.40,,,186698,110866849.25,6872,F1,1,,,,,
2026-09-24,2026-09-24,CM,NSE,STK,764718,INE684B01029,ISTLTD,EQ,,,,,I S T LTD.,656.00,668.00,650.00,657.95,658.00,655.00,,657.95,,,242,159662.40,23,F1,1,,,,,
2026-09-24,2026-09-24,CM,NSE,STK,21348,INE0O7401018,IBLFL,SM,,,,,IBL FINANCE LIMITED,61.00,62.00,61.00,62.00,62.00,61.00,,62.00,,,4000,246000.00,2,F1,2000,,,,,
2026-09-24,2026-09-24,CM,NSE,STK,764064,INE0XE501015,ICELCO,SM,,,,,IC ELECTRICALS COMPANY L,131.10,134.55,128.65,129.35,128.70,134.75,,129.35,,,21600,2831940.00,18,F1,1200,,,,,
2026-09-24,2026-09-24,CM,NSE,STK,9610,INE613B01010,ICDSLTD,BE,,,,,ICDSLTD,61.40,61.40,58.75,59.01,58.80,59.58,,58.80,,,1057,62822.79,29,F1,1,,,,,
2026-09-24,2026-09-24,CM,NSE,STK,489,INE520Y01019,ICEMAKE,EQ,,,,,ICE MAKE REFRIGERAT LTD,695.20,704.65,674.00,677.20,675.20,699.45,,677.20,,,45798,31460549.20,4127,F1,1,,,,,
2026-09-24,2026-09-24,CM,NSE,STK,4963,INE090A01021,ICICIBANK,EQ,,,,,ICICI BANK LTD.,1333.10,1347.80,1330.10,1334.50,1334.50,1340.00,,1333.40,,,8653920,11558390704.10,156949,F1,1,,,,,
2026-09-24,2026-09-24,CM,NSE,STK,21770,INE765G01017,ICICIGI,EQ,,,,,ICICI LOMBARD GIC LIMITED,1471.90,1583.90,1465.60,1577.00,1577.00,1500.60,,1576.93,,,2743847,4283424555.70,101880,F1,1,,,,,
2026-09-24,2026-09-24,CM,NSE,STK,21254,INF109KC19U5,LOWVOLIETF,EQ,,,,,ICICI PR NIF LW VL 30 ETF,21.58,21.58,21.10,21.20,21.31,21.40,,21.21,,,628332,13353183.74,11925,F1,1,,,,,
2026-09-24,2026-09-24,CM,NSE,STK,18652,INE726G01019,ICICIPRULI,EQ,,,,,ICICI PRU LIFE INS CO LTD,452.00,472.85,445.35,464.50,464.50,484.50,,464.50,,,7763087,3579726421.95,164302,F1,1,,,,,
2026-09-24,2026-09-24,CM,NSE,STK,17702,INF109KC10W0,MIDSELIETF,EQ,,,,,ICICI PRUD MIDCAP SEL ETF,19.70,19.99,19.11,19.19,19.24,19.79,,19.19,,,672031,12972186.58,1552,F1,1,,,,,
2026-09-24,2026-09-24,CM,NSE,STK,30392,INF109KC16V9,NIF100IETF,EQ,,,,,ICICI PRUD NIFTY 100 ETF,27.35,27.35,27.08,27.15,27.21,27.43,,27.15,,,79317,2156176.10,1267,F1,1,,,,,
2026-09-24,2026-09-24,CM,NSE,STK,29553,INF109K012R6,NIFTYIETF,EQ,,,,,ICICI PRUD NIFTY ETF,266.65,266.65,261.98,262.34,262.90,266.29,,262.35,,,896997,236055895.59,12791,F1,1,,,,,
2026-09-24,2026-09-24,CM,NSE,STK,4378,INF346A01034,SENSEXIETF,EQ,,,,,ICICI PRUD SENSEX ETF,855.01,856.68,847.88,850.20,852.70,861.59,,850.26,,,16831,14338665.59,733,F1,1,,,,,
2026-09-24,2026-09-24,CM,NSE,STK,760407,INE346A01027,ICICIAMC,EQ,,,,,ICICI PRUDENTIAL AMC LTD,3145.00,3189.50,3132.40,3169.20,3165.50,3179.00,,3169.29,,,160187,507068259.70,18302,F1,1,,,,,
2026-09-24,2026-09-24,CM,NSE,STK,19679,INF109KC1NT3,GOLDIETF,EQ,,,,,ICICI PRUDENTIAL GOLD ETF,128.72,128.72,127.79,127.88,127.94,129.21,,127.88,,,5216625,669159713.28,27734,F1,1,,,,,
2026-09-24,2026-09-24,CM,NSE,STK,17475,INF109KC11V0,NV20IETF,EQ,,,,,ICICI PRUDENTIAL NV20 ETF,13.20,13.20,13.04,13.09,13.10,13.21,,13.09,,,694370,9091598.78,2099,F1,1,,,,,
2026-09-24,2026-09-24,CM,NSE,STK,522,INF109KB15Y7,ICICIB22,EQ,,,,,ICICIPRAMC - BHARATIWIN,111.10,113.55,111.10,112.03,112.14,113.36,,112.03,,,272514,30528218.44,3002,F1,1,,,,,
2026-09-24,2026-09-24,CM,NSE,STK,30139,INF109K1A021,CASHIETF,EQ,,,,,ICICIPRAMC - CASHIETF,1080.83,1080.85,1080.83,1080.84,1080.85,1080.68,,1080.84,,,272120,294120155.10,128,F1,1,,,,,
2026-09-24,2026-09-24,CM,NSE,STK,755881,INF109K1A153,EVIETF,EQ,,,,,ICICIPRAMC - EVIETF,31.75,32.47,31.19,31.42,31.52,31.76,,31.45,,,625125,19624689.60,874,F1,1,,,,,
2026-09-24,2026-09-24,CM,NSE,STK,13143,INF109KC18O0,GSEC10IETF,EQ,,,,,ICICIPRAMC - ICICI10GS,264.41,264.69,260.49,264.69,264.69,261.97,,264.69,,,13,3429.53,6,F1,1,,,,,
2026-09-24,2026-09-24,CM,NSE,STK,3001,INF109KC1V59,BSE500IETF,EQ,,,,,ICICIPRAMC - ICICI500,38.72,38.72,38.13,38.29,38.28,38.72,,38.29,,,1552777,59281466.33,1086,F1,1,,,,,
2026-09-24,2026-09-24,CM,NSE,STK,8342,INF109KC14A8,GSEC5IETF,EQ,,,,,ICICIPRAMC - ICICI5GSEC,65.95,66.33,65.65,65.69,65.65,66.10,,65.69,,,49706,3282626.00,59,F1,1,,,,,
2026-09-24,2026-09-24,CM,NSE,STK,22344,INF109KC17V7,ALPL30IETF,EQ,,,,,ICICIPRAMC - ICICIALPLV,27.13,27.13,26.69,26.80,26.97,27.23,,26.80,,,154939,4170003.04,905,F1,1,,,,,
2026-09-24,2026-09-24,CM,NSE,STK,7844,INF109KC10V2,AUTOIETF,EQ,,,,,ICICIPRAMC - ICICIAUTO,28.06,28.20,27.61,27.70,27.84,28.20,,27.70,,,1031747,28676368.16,2648,F1,1,,,,,
2026-09-24,2026-09-24,CM,NSE,STK,11386,INF109KC18U7,PVTBANIETF,EQ,,,,,ICICIPRAMC - ICICIBANKP,27.65,27.65,27.07,27.25,27.45,27.65,,27.25,,,5328625,144942345.78,2990,F1,1,,,,,
2026-09-24,2026-09-24,CM,NSE,STK,13198,INF109KC19O8,COMMOIETF,EQ,,,,,ICICIPRAMC - ICICICOMMO,98.01,98.88,96.80,96.98,97.00,98.01,,96.95,,,49039,4767843.01,1801,F1,1,,,,,
2026-09-24,2026-09-24,CM,NSE,STK,6446,INF109KC1V42,CONSUMIETF,EQ,,,,,ICICIPRAMC - ICICICONSU,119.25,119.25,117.85,118.21,118.53,119.51,,118.22,,,9801,1162762.45,272,F1,1,,,,,
2026-09-24,2026-09-24,CM,NSE,STK,5306,INF109KC19V3,FMCGIETF,EQ,,,,,ICICIPRAMC - ICICIFMCG,49.71,49.71,49.03,49.20,49.31,49.71,,49.20,,,1127021,55636167.34,4130,F1,1,,,,,
2026-09-24,2026-09-24,CM,NSE,STK,10723,INF109KC16E5,INFRAIETF,EQ,,,,,ICICIPRAMC - ICICIINFRA,92.33,93.12,91.77,92.08,91.78,93.36,,92.06,,,102501,9471718.88,3555,F1,1,,,,,
2026-09-24,2026-09-24,CM,NSE,STK,4838,INF109KC1KT9,LIQUIDIETF,EQ,,,,,ICICIPRAMC - ICICILIQ,994.95,1000.01,994.95,999.99,1000.00,999.95,,1000.00,,,298668,298652641.73,183,F1,1,,,,,
2026-09-24,2026-09-24,CM,NSE,STK,17152,INF109KC11W8,MIDCAPIETF,EQ,,,,,ICICIPRAMC - ICICIM150,23.49,23.71,23.29,23.35,23.50,23.74,,23.35,,,891504,20876557.64,2824,F1,1,,,,,
2026-09-24,2026-09-24,CM,NSE,STK,10585,INF109KC17C7,MOM30IETF,EQ,,,,,ICICIPRAMC - ICICIMOM30,31.02,31.19,30.75,30.80,30.94,31.12,,30.80,,,406652,12569939.74,1831,F1,1,,,,,
2026-09-24,2026-09-24,CM,NSE,STK,4529,INF109KC1NS5,NEXT50IETF,EQ,,,,,ICICIPRAMC - ICICINXT50,76.48,76.48,75.50,75.59,75.78,76.47,,75.59,,,706871,53583740.82,6413,F1,1,,,,,
2026-09-24,2026-09-24,CM,NSE,STK,3626,INF109KC1Q72,HEALTHIETF,EQ,,,,,ICICIPRAMC - ICICIPHARM,172.89,173.50,170.33,172.12,172.29,172.89,,172.12,,,81276,14047210.75,1542,F1,1,,,,,
2026-09-24,2026-09-24,CM,NSE,STK,17808,INF109KC18V5,QUAL30IETF,EQ,,,,,ICICIPRAMC - ICICIQTY30,20.31,20.33,20.11,20.17,20.21,20.33,,20.17,,,45071,910037.28,291,F1,1,,,,,
2026-09-24,2026-09-24,CM,NSE,STK,7942,INF109KC1Y56,SILVERIETF,EQ,,,,,ICICIPRAMC - ICICISILVE,226.57,228.10,225.38,225.62,225.84,230.09,,225.62,,,2445772,554694932.94,14483,F1,1,,,,,
2026-09-24,2026-09-24,CM,NSE,STK,22365,INF109KC16I6,ITIETF,EQ,,,,,ICICIPRAMC - ICICITECH,32.26,32.26,30.85,31.37,31.60,31.48,,31.37,,,500721,15766740.92,1383,F1,1,,,,,
2026-09-24,2026-09-24,CM,NSE,STK,764364,INF109K1A567,INSUREIETF,EQ,,,,,ICICIPRAMC - INSUREIETF,14.58,14.94,14.57,14.89,14.94,15.21,,14.89,,,1142256,16917023.93,683,F1,1,,,,,
2026-09-24,2026-09-24,CM,NSE,STK,11037,INF109KC15I8,BANKIETF,EQ,,,,,ICICIPRAMC - IPRU5008,57.41,57.65,56.97,57.06,57.18,58.02,,57.07,,,463705,26529895.47,2758,F1,1,,,,,
2026-09-24,2026-09-24,CM,NSE,STK,24861,INF109KC19W1,METALIETF,EQ,,,,,ICICIPRAMC - METALIETF,13.67,13.67,13.10,13.11,13.14,13.34,,13.11,,,4539278,59946217.99,9059,F1,1,,,,,
2026-09-24,2026-09-24,CM,NSE,STK,24533,INF109KC18W3,OILIETF,EQ,,,,,ICICIPRAMC - OILIETF,11.15,11.15,11.01,11.02,11.05,11.15,,11.02,,,481405,5324685.11,2592,F1,1,,,,,
2026-09-24,2026-09-24,CM,NSE,STK,14584,INF109KC10S8,PSUBNKIETF,EQ,,,,,ICICIPRAMC - PSUBANKICI,84.41,84.42,83.41,83.77,84.17,84.54,,83.78,,,66563,5589355.47,844,F1,1,,,,,
2026-09-24,2026-09-24,CM,NSE,STK,754612,INF109K1A476,SMALLIETF,EQ,,,,,ICICIPRAMC - SMALLIETF,18.95,18.95,18.13,18.20,18.30,18.49,,18.20,,,101315,1858060.93,219,F1,1,,,,,
2026-09-24,2026-09-24,CM,NSE,STK,757781,INF109K1A344,TOP15IETF,EQ,,,,,ICICIPRAMC - TOP15IETF,9.43,9.50,9.29,9.34,9.35,9.48,,9.34,,,559755,5232215.26,657,F1,1,,,,,
2026-09-24,2026-09-24,CM,NSE,STK,25851,INF109KC16X5,VAL30IETF,EQ,,,,,ICICIPRAMC - VAL30IETF,14.91,14.96,14.81,14.87,14.84,15.00,,14.87,,,128483,1910853.68,657,F1,1,,,,,
2026-09-24,2026-09-24,CM,NSE,STK,12578,INF109KC17L8,FINIETF,EQ,,,,,ICICIPRAMC-ICICIFIN,33.17,33.17,31.08,31.25,31.26,32.37,,31.25,,,969293,30443019.77,4167,F1,1,,,,,
2026-09-24,2026-09-24,CM,NSE,STK,14523,INE725G01011,ICRA,EQ,,,,,ICRA LIMITED,4529.00,4568.70,4421.00,4442.70,4421.00,4533.30,,4442.87,,,42485,190756813.00,5257,F1,1,,,,,
2026-09-24,2026-09-24,CM,NSE,STK,1476,INE008A01015,IDBI,EQ,,,,,IDBI BANK LIMITED,83.00,83.25,81.35,82.60,82.66,83.39,,82.53,,,9378785,771343193.83,27683,F1,1,,,,,
2026-09-24,2026-09-24,CM,NSE,STK,17140,INE349Y01013,IDEAFORGE,EQ,,,,,IDEAFORGE TECHNO LTD,713.00,732.05,704.00,726.35,727.00,720.45,,726.41,,,304604,218899160.85,17331,F1,1,,,,,
2026-09-24,2026-09-24,CM,NSE,STK,24950,INE0T9I01011,IDEALTECHO,SM,,,,,IDEAL TECHNOPLAST IND LTD,85.05,92.00,85.05,92.00,92.00,95.00,,92.00,,,2000,177050.00,2,F1,1000,,,,,
2026-09-24,2026-09-24,CM,NSE,STK,28574,INE0TD101011,IDENTICAL,SM,,,,,IDENTICAL BRAINS STUDIO L,17.15,17.15,17.15,17.15,17.15,17.50,,17.15,,,2000,34300.00,1,F1,2000,,,,,
2026-09-24,2026-09-24,CM,NSE,STK,11184,INE092T01019,IDFCFIRSTB,EQ,,,,,IDFC FIRST BANK LIMITED,84.50,85.49,83.30,83.76,83.76,87.90,,83.76,,,40583451,3424858591.54,114158,F1,1,,,,,
2026-09-24,2026-09-24,CM,NSE,STK,1482,INE076C01018,IFBAGRO,EQ,,,,,IFB AGRO INDUSTRIES LTD,874.95,874.95,852.60,857.70,867.00,864.80,,857.80,,,1923,1657826.70,201,F1,1,,,,,
2026-09-24,2026-09-24,CM,NSE,STK,1485,INE559A01017,IFBIND,EQ,,,,,IFB INDUSTRIES LTD,1251.00,1251.00,1215.00,1222.30,1228.00,1258.70,,1222.29,,,26050,32059451.40,3530,F1,1,,,,,
2026-09-24,2026-09-24,CM,NSE,STK,1491,INE039A01010,IFCI,EQ,,,,,IFCI LTD,78.39,78.86,74.67,75.19,75.25,79.49,,75.19,,,70782804,5394954541.88,150634,F1,1,,,,,
2026-09-24,2026-09-24,CM,NSE,STK,436,INE133Y01011,IFGLEXPOR,EQ,,,,,IFGL REFRACTORIES LIMITED,197.74,199.55,192.00,194.27,195.00,197.16,,194.23,,,15647,3051977.50,656,F1,1,,,,,
2026-09-24,2026-09-24,CM,NSE,STK,759897,INE01XO07017,1225IFL27,N0,,,,,IFL 12.25% 2027,6162.00,6162.00,6162.00,6162.00,6162.00,6171.00,,6162.00,,,1,6162.00,1,F1,1,,,,,
2026-09-24,2026-09-24,CM,NSE,STK,760656,INE01XO07025,1225IFL28,N0,,,,,IFL 12.25% 2028,7500.00,7537.50,7401.00,7401.00,7401.00,7500.00,,7401.00,,,7,52438.50,4,F1,1,,,,,
2026-09-24,2026-09-24,CM,NSE,STK,634,INE188B01013,IGARASHI,EQ,,,,,IGARASHI MOTORS INDIA LTD,431.00,431.00,415.10,418.35,421.00,431.80,,418.35,,,42460,17889320.20,1763,F1,1,,,,,
2026-09-24,2026-09-24,CM,NSE,STK,761117,INE530B07591,852IIFL29,Y5,,,,,IIFL 8.52% TR I SR II,986.00,990.00,985.00,990.00,990.00,975.00,,990.00,,,105,103455.00,3,F1,1,,,,,
2026-09-24,2026-09-24,CM,NSE,STK,761120,INE530B07575,885IIFL29,Y8,,,,,IIFL 8.85% TR I SR V,1020.00,1020.00,1020.00,1020.00,1020.00,1028.00,,1020.00,,,50,51000.00,1,F1,1,,,,,
2026-09-24,2026-09-24,CM,NSE,STK,756144,INE530B07476,975IIFL28,Y0,,,,,IIFL 9.75% TR I SR VI,1040.20,1040.20,1040.20,1040.20,1040.20,1025.20,,1040.20,,,60,62412.00,1,F1,1,,,,,
2026-09-24,2026-09-24,CM,NSE,STK,13072,INE489L01022,IIFLCAPS,EQ,,,,,IIFL CAPITAL SERVICES LTD,352.40,356.00,347.10,347.70,348.50,353.05,,347.70,,,660308,230997753.40,11996,F1,1,,,,,
2026-09-24,2026-09-24,CM,NSE,STK,11809,INE530B01024,IIFL,EQ,,,,,IIFL FINANCE LIMITED,624.20,631.45,615.30,617.55,618.70,633.30,,617.56,,,929076,579423333.00,26102,F1,1,,,,,
2026-09-24,2026-09-24,CM,NSE,STK,761124,INE530B07641,IIFL06326,YC,,,,,IIFL TR I SR IX,1004.99,1004.99,1004.99,1004.99,1004.99,1004.99,,1004.99,,,200,200998.00,2,F1,1,,,,,
2026-09-24,2026-09-24,CM,NSE,STK,761122,INE530B07583,IIFL060326,YA,,,,,IIFL TR I SR VII,1022.00,1022.00,1021.50,1021.54,1022.00,1022.00,,1021.54,,,160,163470.00,3,F1,1,,,,,
2026-09-24,2026-09-24,CM,NSE,STK,761123,INE530B07625,IIFL60326,YB,,,,,IIFL TR I SR VIII,1019.80,1019.80,1019.80,1019.80,1019.80,1006.20,,1019.80,,,124,126455.20,2,F1,1,,,,,
2026-09-24,2026-09-24,CM,NSE,STK,16822,INE0LOJ01019,IKIO,EQ,,,,,IKIO TECHNOLOGIES LIMITED,207.89,208.00,202.75,205.03,205.00,207.89,,205.01,,,115942,23742016.16,3192,F1,1,,,,,
2026-09-24,2026-09-24,CM,NSE,STK,9380,INE369I01014,IL&FSENGG,BZ,,,,,IL&FS ENG AND CONS CO LTD,42.00,42.40,41.50,41.52,42.00,42.00,,41.52,,,6502,271819.87,32,F1,1,,,,,
2026-09-24,2026-09-24,CM,NSE,STK,6711,INE050B01023,IVC,EQ,,,,,IL&FS INVESTMENT MANAGERS,7.87,7.87,7.64,7.70,7.70,7.83,,7.70,,,209287,1626198.80,1046,F1,1,,,,,
2026-09-24,2026-09-24,CM,NSE,STK,9381,INE975G01012,IL&FSTRANS,BZ,,,,,IL&FS TRANS NET LTD,1.88,1.89,1.84,1.87,1.88,1.83,,1.87,,,24875,46429.25,58,F1,1,,,,,
2026-09-24,2026-09-24,CM,NSE,STK,7672,INE172N01012,IMAGICAA,EQ,,,,,IMAGICAAWORLD ENT LTD,52.84,52.84,50.70,51.48,51.80,52.84,,51.46,,,595864,30706855.14,2648,F1,1,,,,,
2026-09-24,2026-09-24,CM,NSE,STK,25881,INE691G01015,IMPEXFERRO,BZ,,,,,IMPEX FERRO TECH LIMITED,6.02,6.02,6.02,6.02,6.02,5.91,,6.02,,,279672,1683625.44,271,F1,1,,,,,
2026-09-24,2026-09-24,CM,NSE,STK,17507,INE452L01012,INCREDIBLE,EQ,,,,,INCREDIBLE INDUSTRIES LTD,32.11,32.91,30.53,32.38,32.28,32.08,,32.38,,,3055,97694.65,54,F1,1,,,,,
2026-09-24,2026-09-24,CM,NSE,STK,12009,INE547E01014,IMPAL,EQ,,,,,IND MOTOR PART & ACC LTD,1063.00,1086.00,1041.00,1056.00,1063.90,1059.50,,1056.00,,,2370,2505437.40,349,F1,1,,,,,
2026-09-24,2026-09-24,CM,NSE,STK,4870,INE915B01019,INDSWFTLAB,EQ,,,,,IND SWIFT LABORATORIES LT,403.00,419.80,393.60,401.25,397.30,405.05,,401.23,,,641089,261028519.40,15307,F1,1,,,,,
2026-09-24,2026-09-24,CM,NSE,STK,21957,INE611L01021,INDTERRAIN,EQ,,,,,IND TERRAIN FASHIONS LTD,29.10,30.74,28.60,29.89,29.86,29.37,,29.89,,,21209,635728.48,249,F1,1,,,,,
2026-09-24,2026-09-24,CM,NSE,STK,16933,INE841B01017,INDBANK,EQ,,,,,INDBANK MERCH BANK,26.15,27.20,25.86,26.23,26.35,26.14,,26.23,,,55645,1462168.29,750,F1,1,,,,,
2026-09-24,2026-09-24,CM,NSE,STK,29678,INE0O9T01021,BAJAJINDEF,EQ,,,,,INDEF MANUFACTURING LTD,220.05,223.59,217.83,218.37,217.92,221.90,,217.74,,,11131,2443942.93,392,F1,1,,,,,
2026-09-24,2026-09-24,CM,NSE,STK,23693,INE065X01017,INDGN,EQ,,,,,INDEGENE LIMITED,597.40,609.90,591.20,594.10,592.95,598.40,,594.06,,,434449,261602639.50,21649,F1,1,,,,,
2026-09-24,2026-09-24,CM,NSE,STK,1521,INE560A01023,INDIAGLYCO,EQ,,,,,INDIA GLYCOLS LTD,256.90,309.20,255.40,306.00,309.20,257.70,,306.52,,,4841031,1445299934.50,81593,F1,1,,,,,
2026-09-24,2026-09-24,CM,NSE,STK,4747,INE092B01025,INDNIPPON,EQ,,,,,INDIA NIPPON ELECT  LTD,1250.00,1329.00,1250.00,1315.90,1317.00,1260.70,,1315.78,,,98115,126751897.90,9528,F1,1,,,,,
2026-09-24,2026-09-24,CM,NSE,STK,4934,INE0D6701023,IPL,EQ,,,,,INDIA PESTICIDES LIMITED,133.52,133.74,131.60,132.09,132.50,133.52,,132.09,,,124508,16506500.51,1715,F1,1,,,,,
2026-09-24,2026-09-24,CM,NSE,STK,20556,INE922K01024,INDIASHLTR,EQ,,,,,INDIA SHELTER FIN CORP L,661.40,662.00,642.70,653.05,650.00,667.15,,652.95,,,98186,63969362.05,6519,F1,1,,,,,
2026-09-24,2026-09-24,CM,NSE,STK,19299,INE353K01014,ITDC,EQ,,,,,INDIA TOUR. DEV. CO. LTD.,697.50,697.50,681.00,685.75,686.75,702.65,,685.85,,,82927,57042230.75,5703,F1,1,,,,,
2026-09-24,2026-09-24,CM,NSE,STK,24999,INE126M01010,IBULLSLTD,EQ,,,,,INDIABULLS LIMITED,29.00,29.05,28.12,28.41,28.90,29.12,,28.41,,,17487540,498413159.02,17198,F1,1,,,,,
2026-09-24,2026-09-24,CM,NSE,STK,10726,INE933S01016,INDIAMART,EQ,,,,,INDIAMART INTERMESH LTD,1657.50,1657.50,1619.00,1635.90,1638.90,1652.40,,1635.91,,,92462,151040004.40,9909,F1,1,,,,,
2026-09-24,2026-09-24,CM,NSE,STK,14309,INE562A01011,INDIANB,EQ,,,,,INDIAN BANK,836.25,840.20,824.10,830.00,830.00,842.00,,829.97,,,693067,575105966.15,24388,F1,1,,,,,
2026-09-24,2026-09-24,CM,NSE,STK,4422,INE061A01014,INDIANCARD,EQ,,,,,INDIAN CARD CLOTHING CO.,210.00,213.94,206.21,209.21,213.90,208.64,,212.18,,,212,44258.65,38,F1,1,,,,,
2026-09-24,2026-09-24,CM,NSE,STK,23792,INE0RRU01016,IEML,ST,,,,,INDIAN EMULSIFIERS LTD,48.65,48.65,48.25,48.65,48.65,46.35,,48.65,,,97500,4739525.00,99,F1,500,,,,,
2026-09-24,2026-09-24,CM,NSE,STK,220,INE022Q01020,IEX,EQ,,,,,INDIAN ENERGY EXC LTD,112.32,112.50,111.04,111.20,111.20,113.16,,111.31,,,2660046,297218894.71,24504,F1,1,,,,,
2026-09-24,2026-09-24,CM,NSE,STK,1530,INE323C01030,INDIANHUME,EQ,,,,,INDIAN HUME PIPE CO. LTD.,366.25,372.50,359.00,361.50,360.45,366.25,,361.47,,,218801,79782879.95,2675,F1,1,,,,,
2026-09-24,2026-09-24,CM,NSE,STK,19235,INE919H01018,IMFA,EQ,,,,,INDIAN METALS & FERRO,1260.00,1267.50,1229.60,1241.00,1243.80,1266.10,,1241.01,,,64545,80619824.30,8010,F1,1,,,,,
2026-09-24,2026-09-24,CM,NSE,STK,1624,INE242A01010,IOC,EQ,,,,,INDIAN OIL CORP LTD,136.50,137.50,135.51,136.27,136.27,138.15,,136.26,,,7245913,989099596.33,45982,F1,1,,,,,
2026-09-24,2026-09-24,CM,NSE,STK,9348,INE565A01014,IOB,EQ,,,,,INDIAN OVERSEAS BANK,32.09,32.13,31.81,31.92,31.91,32.13,,31.92,,,1870230,59714132.81,10044,F1,1,,,,,
2026-09-24,2026-09-24,CM,NSE,STK,25033,INE0DHF01018,IPHL,SM,,,,,INDIAN PHOSPHATE LIMITED,72.40,72.40,72.35,72.35,72.35,71.40,,72.35,,,2400,173700.00,2,F1,1200,,,,,
2026-09-24,2026-09-24,CM,NSE,STK,13611,INE335Y01020,IRCTC,EQ,,,,,INDIAN RAIL TOUR CORP LTD,463.80,464.55,460.05,461.20,461.50,463.80,,461.21,,,467961,215972990.60,17897,F1,1,,,,,
2026-09-24,2026-09-24,CM,NSE,STK,2029,INE053F01010,IRFC,EQ,,,,,INDIAN RAILWAY FIN CORP L,80.50,80.50,79.41,79.86,79.86,81.00,,79.87,,,5332621,425792960.39,34982,F1,1,,,,,
2026-09-24,2026-09-24,CM,NSE,STK,20261,INE202E01016,IREDA,EQ,,,,,INDIAN RENEWABLE ENERGY,110.00,110.60,109.06,110.11,110.11,111.00,,110.07,,,2509085,276016199.03,21238,F1,1,,,,,
2026-09-24,2026-09-24,CM,NSE,STK,762727,INE586E01020,IWP,EQ,,,,,INDIAN WOOD PRODUCTS CO L,35.51,36.00,34.20,34.29,34.20,35.34,,34.20,,,4088,141454.51,53,F1,1,,,,,
2026-09-24,2026-09-24,CM,NSE,STK,2048,INE09VQ01012,INDIGOPNTS,EQ,,,,,INDIGO PAINTS LIMITED,1128.00,1145.00,1109.00,1117.80,1115.00,1140.00,,1117.76,,,40553,45825706.50,5937,F1,1,,,,,
2026-09-24,2026-09-24,CM,NSE,STK,20988,INE219X23014,INDIGRID,IV,,,,,INDIGRID INFRASTRUCT TRST,173.80,173.80,171.30,171.98,171.50,173.47,,171.98,,,1014345,174874387.95,9836,F1,1,,,,,
2026-09-24,2026-09-24,CM,NSE,STK,757845,INE06ST01018,INDIQUBE,EQ,,,,,INDIQUBE SPACES LIMITED,192.06,201.00,183.01,194.06,193.34,192.46,,194.06,,,55539,10744790.85,1962,F1,1,,,,,
2026-09-24,2026-09-24,CM,NSE,STK,9120,INE760F01028,INDOAMIN,BE,,,,,INDO AMINES LIMITED,137.00,137.00,132.55,134.48,135.00,137.07,,134.52,,,40745,5500712.75,336,F1,1,,,,,
2026-09-24,2026-09-24,CM,NSE,STK,8614,INE803D01021,INDOBORAX,EQ,,,,,INDO BORAX & CHEMICAL LTD,457.00,466.50,447.50,452.45,453.00,462.55,,452.47,,,53425,24380699.25,3258,F1,1,,,,,
2026-09-24,2026-09-24,CM,NSE,STK,11987,INE483B01026,ICIL,EQ,,,,,INDO COUNT INDUSTRIES LTD,474.50,474.50,446.50,450.95,453.80,476.55,,450.95,,,486239,222834885.60,18721,F1,1,,,,,
2026-09-24,2026-09-24,CM,NSE,STK,29025,INE622H01018,INDOFARM,EQ,,,,,INDO FARM EQUIPMENT LTD,142.60,142.60,137.42,139.17,139.99,144.03,,139.17,,,94234,13198386.78,1950,F1,1,,,,,
2026-09-24,2026-09-24,CM,NSE,STK,10993,INE156A01020,INDORAMA,EQ,,,,,INDO RAMA SYNTHETICS LTD,99.19,107.44,98.00,101.72,102.17,100.00,,101.73,,,2652171,275538925.16,30172,F1,1,,,,,
2026-09-24,2026-09-24,CM,NSE,STK,13275,INE332H01014,INDOTECH,EQ,,,,,INDO TECH TRANSFORM LTD.,3200.00,3316.60,3180.00,3190.10,3185.00,3286.80,,3190.10,,,12871,41645373.10,2871,F1,1,,,,,
2026-09-24,2026-09-24,CM,NSE,STK,25608,INE337M01021,INDOTHAI,EQ,,,,,INDO THAI SEC LTD,30.80,32.30,30.11,32.29,32.30,30.77,,32.32,,,2149890,68514386.36,5590,F1,1,,,,,
2026-09-24,2026-09-24,CM,NSE,STK,25503,INE250Z01010,INDOUS,EQ,,,,,INDO US BIOTECH LTD,81.68,81.68,77.57,78.06,78.01,78.10,,78.06,,,2897,226795.56,153,F1,1,,,,,
2026-09-24,2026-09-24,CM,NSE,STK,764301,INE084101034,INDOMIM,EQ,,,,,INDO-MIM LIMITED,1245.00,1314.45,1233.85,1311.15,1314.45,1251.90,,1310.96,,,1984666,2564798151.55,87868,F1,1,,,,,
2026-09-24,2026-09-24,CM,NSE,STK,6782,INE567A01028,NIPPOBATRY,EQ,,,,,INDO-NATIONAL LIMITED,332.90,332.90,323.45,324.55,325.40,329.60,,324.53,,,1010,328906.60,95,F1,1,,,,,
2026-09-24,2026-09-24,CM,NSE,STK,11677,INE873D01024,INDOCO,EQ,,,,,INDOCO REMEDIES LTD.,250.99,256.79,247.00,250.29,249.00,251.16,,250.31,,,119939,30173333.26,3980,F1,1,,,,,
2026-09-24,2026-09-24,CM,NSE,STK,757801,INE05J901018,IGCL,EQ,,,,,INDOGULF CROPSCIENCES LTD,63.00,63.27,61.52,62.10,62.74,63.55,,62.10,,,68708,4290397.71,750,F1,1,,,,,
2026-09-24,2026-09-24,CM,NSE,STK,764708,INE716F01012,INDOKEM,EQ,,,,,INDOKEM LTD.,619.85,634.80,565.25,614.00,630.00,614.90,,613.63,,,13353,7921901.35,841,F1,1,,,,,
2026-09-24,2026-09-24,CM,NSE,STK,19955,INE866K01023,WAAREEINDO,EQ,,,,,INDOSOLAR LIMITED,242.95,242.95,242.95,242.95,242.95,255.70,,242.44,,,32007,7776100.65,548,F1,1,,,,,
2026-09-24,2026-09-24,CM,NSE,STK,3088,INE896L01010,INDOSTAR,EQ,,,,,INDOSTAR CAPITAL FIN LTD,227.09,227.19,216.72,217.95,218.88,227.26,,217.95,,,101952,22575613.53,2478,F1,1,,,,,
2026-09-24,2026-09-24,CM,NSE,STK,14952,INE227G01018,INDOWIND,EQ,,,,,INDOWIND ENERGY LTD,8.94,9.07,8.80,8.82,8.84,8.94,,8.82,,,87052,774137.80,343,F1,1,,,,,
2026-09-24,2026-09-24,CM,NSE,STK,11262,INE203G01027,IGL,EQ,,,,,INDRAPRASTHA GAS LTD,146.50,146.62,145.10,145.74,145.73,147.09,,145.74,,,1180776,172230261.70,23340,F1,1,,,,,
2026-09-24,2026-09-24,CM,NSE,STK,4751,INE681B01017,INDRAMEDCO,EQ,,,,,INDRAPRASTHA MEDICAL CORP,374.90,378.80,368.05,370.50,369.85,374.60,,370.52,,,318831,118993778.25,9610,F1,1,,,,,
2026-09-24,2026-09-24,CM,NSE,STK,23036,INE0NHL23019,INDUSINVIT,IV,,,,,INDUS INFRA TRUST,133.65,133.69,131.61,131.95,131.94,133.69,,131.96,,,149019,19745754.55,6554,F1,1,,,,,
2026-09-24,2026-09-24,CM,NSE,STK,29135,INE121J01017,INDUSTOWER,EQ,,,,,INDUS TOWERS LIMITED,382.00,384.85,376.55,379.85,379.85,384.80,,379.85,,,3016883,1147173755.75,37135,F1,1,,,,,
2026-09-24,2026-09-24,CM,NSE,STK,5258,INE095A01012,INDUSINDBK,EQ,,,,,INDUSIND BANK LIMITED,918.00,928.90,909.30,919.50,919.50,959.30,,919.51,,,5861520,5388683149.60,105228,F1,1,,,,,
2026-09-24,2026-09-24,CM,NSE,STK,762717,INE620D01011,INDPRUD,EQ,,,,,INDUSTRIAL & PRU INV CO L,6348.00,6348.00,6180.00,6200.00,6200.00,6225.00,,6200.00,,,62,384478.50,10,F1,1,,,,,
2026-09-24,2026-09-24,CM,NSE,STK,19525,INE886A01014,IITL,EQ,,,,,INDUSTRIAL INV TRUST LTD,138.50,145.94,136.99,143.27,140.31,140.39,,143.27,,,121783,17050104.21,2036,F1,1,,,,,
2026-09-24,2026-09-24,CM,NSE,STK,15036,INE0MRE01011,INFINIUM,SM,,,,,INFINIUM PHARMACHEM LTD,274.50,274.50,255.00,256.60,257.25,266.90,,256.60,,,2500,651375.00,5,F1,500,,,,,
2026-09-24,2026-09-24,CM,NSE,STK,757602,INE0MYZ01012,INFLUX,SM,,,,,INFLUX HEALTHTECH LIMITED,280.00,285.00,280.00,280.50,280.00,283.00,,280.50,,,18600,5222160.00,23,F1,600,,,,,
2026-09-24,2026-09-24,CM,NSE,STK,13751,INE663F01032,NAUKRI,EQ,,,,,INFO EDGE (I) LTD,1232.00,1257.60,1202.30,1224.00,1224.00,1297.00,,1223.99,,,3155710,3874238947.50,116226,F1,1,,,,,
2026-09-24,2026-09-24,CM,NSE,STK,11027,INE344S01016,INFOBEAN,EQ,,,,,INFOBEANS TECHNO. LTD.,151.00,151.90,150.00,150.24,150.55,151.81,,150.24,,,83242,12526243.61,1323,F1,1,,,,,
2026-09-24,2026-09-24,CM,NSE,STK,16588,INE0NNZ01013,INFOLLION,SM,,,,,INFOLLION RESEARCH SER L,152.35,155.05,148.50,154.85,154.85,152.15,,154.85,,,10800,1635120.00,25,F1,400,,,,,
2026-09-24,2026-09-24,CM,NSE,STK,13693,INE669A01022,INFOMEDIA,EQ,,,,,INFOMEDIA PRESS LIMITED,5.47,5.48,5.14,5.44,5.44,5.48,,5.44,,,24243,131875.26,76,F1,1,,,,,
2026-09-24,2026-09-24,CM,NSE,STK,1594,INE009A01021,INFY,EQ,,,,,INFOSYS LIMITED,1015.00,1022.80,1005.20,1014.50,1014.50,1020.50,,1013.08,,,6891893,6978951534.60,168191,F1,1,,,,,
2026-09-24,2026-09-24,CM,NSE,STK,1597,INE177A01018,INGERRAND,EQ,,,,,INGERSOLL-RAND INDIA LTD,4227.10,4248.80,4199.70,4234.40,4238.00,4228.40,,4234.49,,,13267,56079454.20,3005,F1,1,,,,,
2026-09-24,2026-09-24,CM,NSE,STK,25323,INE0S1D01010,INNOMET,ST,,,,,INNOMET ADVANCED MATERI L,280.85,280.85,280.85,280.85,280.85,286.55,,280.85,,,18000,5055300.00,12,F1,600,,,,,
2026-09-24,2026-09-24,CM,NSE,STK,21062,INE0DUT01020,INNOVACAP,EQ,,,,,INNOVA CAPTAB LIMITED,1297.60,1322.90,1272.20,1295.30,1296.00,1297.60,,1295.35,,,100699,131264699.60,13814,F1,1,,,,,
2026-09-24,2026-09-24,CM,NSE,STK,27754,INE403Y01018,INNOVANA,EQ,,,,,INNOVANA THINKLABS LTD,301.00,301.00,295.10,298.85,300.00,299.10,,298.90,,,63451,18908901.60,1036,F1,1,,,,,
2026-09-24,2026-09-24,CM,NSE,STK,761528,INE0ADB01012,INNOVISION,EQ,,,,,INNOVISION LIMITED,254.40,257.90,254.00,254.20,254.00,257.05,,254.19,,,7569,1931591.20,386,F1,1,,,,,
2026-09-24,2026-09-24,CM,NSE,STK,12188,INE510W01014,INOXGREEN,EQ,,,,,INOX GREEN ENERGY SER LTD,172.00,175.39,172.00,174.64,173.48,174.81,,174.63,,,883157,153807744.87,6704,F1,1,,,,,
2026-09-24,2026-09-24,CM,NSE,STK,20607,INE616N01034,INOXINDIA,EQ,,,,,INOX INDIA LIMITED,2160.00,2165.90,2055.00,2064.80,2072.00,2168.90,,2064.81,,,166493,349813795.40,21533,F1,1,,,,,
2026-09-24,2026-09-24,CM,NSE,STK,7852,INE066P01011,INOXWIND,EQ,,,,,INOX WIND LIMITED,74.36,75.06,72.81,73.09,73.09,75.02,,73.08,,,9666599,714102929.62,33560,F1,1,,,,,
2026-09-24,2026-09-24,CM,NSE,STK,14657,INE070I01018,INSECTICID,EQ,,,,,INSECTICIDES (I) LTD,604.70,608.00,592.45,603.65,604.00,608.90,,603.61,,,17869,10762420.25,1093,F1,1,,,,,
2026-09-24,2026-09-24,CM,NSE,STK,761099,INE0LGX01024,INA,EQ,,,,,INSOLATION ENERGY LIMITED,91.40,93.80,90.16,92.33,92.05,91.47,,92.33,,,422040,38930260.49,3489,F1,1,,,,,
2026-09-24,2026-09-24,CM,NSE,STK,13730,INE020G01017,INSPIRISYS,EQ,,,,,INSPIRISYS SOLUTIONS LTD,92.00,92.00,88.00,89.00,90.00,91.69,,88.81,,,4198,374842.13,116,F1,1,,,,,
2026-09-24,2026-09-24,CM,NSE,STK,30323,INE418N01035,ESSENTIA,EQ,,,,,INTEGRA ESSENTIA LIMITED,1.04,1.05,1.02,1.03,1.03,1.03,,1.03,,,1416593,1468285.12,782,F1,1,,,,,
2026-09-24,2026-09-24,CM,NSE,STK,757902,INE0YSH01017,INTEGRITY,SM,,,,,INTEGRITY INFRABUILD DE L,170.00,170.00,170.00,170.00,170.00,170.70,,170.00,,,27600,4692000.00,1,F1,1200,,,,,
2026-09-24,2026-09-24,CM,NSE,STK,5926,INE306R01017,INTELLECT,EQ,,,,,INTELLECT DESIGN ARENA,664.00,664.00,635.00,638.70,637.50,668.05,,638.71,,,266408,172035436.95,15718,F1,1,,,,,
2026-09-24,2026-09-24,CM,NSE,STK,20071,INE781A01025,INTENTECH,EQ,,,,,INTENSE TECHNOLOGIES LTD,83.69,85.40,80.80,82.86,82.75,83.69,,82.86,,,21951,1811594.04,275,F1,1,,,,,
2026-09-24,2026-09-24,CM,NSE,STK,24909,INE00M901018,INTERARCH,EQ,,,,,INTERARCH BLDNG SOLTN LTD,1696.00,1696.00,1668.90,1678.60,1685.00,1693.10,,1678.58,,,36634,61630854.70,4190,F1,1,,,,,
2026-09-24,2026-09-24,CM,NSE,STK,11195,INE646L01027,INDIGO,EQ,,,,,INTERGLOBE AVIATION LTD,4975.00,4975.00,4874.50,4890.00,4890.00,5028.50,,4890.00,,,570454,2808143096.00,63168,F1,1,,,,,
2026-09-24,2026-09-24,CM,NSE,STK,22770,INE0OPC01015,INM,SM,,,,,INTERIORS & MORE LIMITED,143.00,143.00,143.00,143.00,143.00,143.00,,143.00,,,600,85800.00,1,F1,600,,,,,
2026-09-24,2026-09-24,CM,NSE,STK,5606,INE575C01027,INTLCONV,EQ,,,,,INTL CONVEYORS LIMITED,81.26,84.00,80.00,80.04,80.13,80.99,,80.04,,,97825,7996147.75,1182,F1,1,,,,,
2026-09-24,2026-09-24,CM,NSE,STK,28378,INE0Q9301021,IGIL,EQ,,,,,INTL GEMOLOGICAL INST LTD,327.00,332.45,324.10,325.25,324.80,331.65,,325.23,,,375940,122964933.65,13109,F1,1,,,,,
2026-09-24,2026-09-24,CM,NSE,STK,18479,INE566K01011,ISFT,EQ,,,,,INTRASOFT TECH. LTD,105.32,106.70,98.00,102.14,102.00,107.63,,102.14,,,195972,20219783.79,2351,F1,1,,,,,
2026-09-24,2026-09-24,CM,NSE,STK,24870,INE878H01024,INVENTURE,EQ,,,,,INVENTURE GRO & SEC LTD,0.91,0.91,0.87,0.87,0.89,0.90,,0.87,,,1164211,1030291.84,409,F1,1,,,,,
2026-09-24,2026-09-24,CM,NSE,STK,28125,INE115Q01022,IKS,EQ,,,,,INVENTURUS KNOWLEDGE SO L,1920.00,1940.00,1849.00,1868.30,1853.10,1937.80,,1868.22,,,366105,696141012.40,30541,F1,1,,,,,
2026-09-24,2026-09-24,CM,NSE,STK,18292,INF205KA1BP1,IVZINGOLD,EQ,,,,,INVESCO INDIA GOLD ETF,131.00,131.00,129.50,130.05,130.40,131.25,,130.05,,,37867,4930069.20,415,F1,1,,,,,
2026-09-24,2026-09-24,CM,NSE,STK,24217,INF205KA1CC7,IVZINNIFTY,EQ,,,,,INVESCO INDIA NIFTY ETF,276.20,276.20,262.73,265.80,265.80,269.47,,265.80,,,1986,530094.27,38,F1,1,,,,,
2026-09-24,2026-09-24,CM,NSE,STK,762725,INE155E01016,INVPRECQ,BE,,,,,INVESTMENT & PREC CAST L,1451.60,1451.60,1451.60,1451.60,1451.60,1423.20,,1451.35,,,8247,11971345.20,64,F1,1,,,,,
2026-09-24,2026-09-24,CM,NSE,STK,760139,INE0XJ501010,INVICTA,SM,,,,,INVICTA DIAGNOSTIC LTD,70.00,70.00,70.00,70.00,70.00,69.00,,70.00,,,1600,112000.00,1,F1,1600,,,,,
2026-09-24,2026-09-24,CM,NSE,STK,20413,INE485C01029,IOLCP,EQ,,,,,IOL CHEM AND PHARMA LTD,205.00,212.99,201.32,203.22,201.90,206.60,,203.25,,,3583698,742157014.33,39375,F1,1,,,,,
2026-09-24,2026-09-24,CM,NSE,STK,1630,INE570A01022,IONEXCHANG,EQ,,,,,ION EXCHANGE (INDIA) LTD,427.10,427.45,417.25,420.55,422.30,430.10,,420.55,,,141310,59620359.20,10311,F1,1,,,,,
2026-09-24,2026-09-24,CM,NSE,STK,764713,INE558A01019,IPRINGLTD,EQ,,,,,IP RINGS LTD.,133.01,149.00,133.00,144.31,141.01,136.89,,144.25,,,7350,1042895.63,213,F1,1,,,,,
2026-09-24,2026-09-24,CM,NSE,STK,1633,INE571A01038,IPCALAB,EQ,,,,,IPCA LABORATORIES LTD,1968.90,2006.90,1962.60,1997.10,1995.00,1962.60,,1997.06,,,272964,544989874.60,35765,F1,1,,,,,
2026-09-24,2026-09-24,CM,NSE,STK,15313,INE821I01022,IRB,EQ,,,,,IRB INFRA DEV LTD.,17.80,17.95,17.74,17.88,17.88,18.03,,17.88,,,9762664,174316912.53,19854,F1,1,,,,,
2026-09-24,2026-09-24,CM,NSE,STK,20817,INE183W23014,IRBINVIT,IV,,,,,IRB INVIT FUND,64.40,65.25,64.20,65.04,64.75,64.43,,65.03,,,585063,37911058.54,3632,F1,1,,,,,
2026-09-24,2026-09-24,CM,NSE,STK,4986,INE962Y01021,IRCON,EQ,,,,,IRCON INTERNATIONAL LTD,109.00,109.00,106.06,106.60,106.50,110.13,,106.60,,,2596498,277757575.78,32007,F1,1,,,,,
2026-09-24,2026-09-24,CM,NSE,STK,1391,INE202E07138,880IREDA29,N5,,,,,IREDA 8.80NCDTR I SR II B,1134.00,1134.00,1134.00,1134.00,1134.00,1134.00,,1129.50,,,15,17010.00,1,F1,1,,,,,
2026-09-24,2026-09-24,CM,NSE,STK,2275,INE01GN01025,IRISDOREME,EQ,,,,,IRIS CLOTHINGS LIMITED,66.20,67.50,65.10,65.85,65.72,66.26,,65.85,,,194217,12806823.82,2559,F1,1,,,,,
2026-09-24,2026-09-24,CM,NSE,STK,6489,INE864K01010,IRIS,EQ,,,,,IRIS REGTECH SOLUTION LTD,235.21,238.50,230.01,231.58,231.01,234.87,,231.58,,,16400,3819738.49,613,F1,1,,,,,
2026-09-24,2026-09-24,CM,NSE,STK,19597,INE07U701015,IRMENERGY,EQ,,,,,IRM ENERGY LIMITED,266.65,271.40,262.00,267.60,269.40,272.90,,267.62,,,42249,11307195.30,1800,F1,1,,,,,
2026-09-24,2026-09-24,CM,NSE,STK,763789,INE413U07475,920ISF28,N0,,,,,ISF 9.20% 2028,9751.00,9832.00,9607.01,9623.00,9625.02,9832.00,,9623.00,,,24,234802.04,8,F1,1,,,,,
2026-09-24,2026-09-24,CM,NSE,STK,761208,INE413U07442,925ISF28,N0,,,,,ISF 9.25% 2028,9872.00,9872.00,9872.00,9872.00,9872.00,9831.00,,9872.00,,,7,69104.00,1,F1,1,,,,,
2026-09-24,2026-09-24,CM,NSE,STK,760991,INE413U07467,925ISF29,N0,,,,,ISF 9.25% 2029 SR B,9837.00,9837.00,9792.00,9792.00,9792.00,9791.10,,9792.00,,,11,107802.00,2,F1,1,,,,,
2026-09-24,2026-09-24,CM,NSE,STK,757708,INE413U07426,950ISF27C,N0,,,,,ISF 9.50% 2027,9900.25,9999.00,9900.25,9946.00,9946.00,9900.25,,9946.00,,,36,358429.65,5,F1,1,,,,,
2026-09-24,2026-09-24,CM,NSE,STK,757890,INE413U07418,975ISF28,N0,,,,,ISF 9.75% NCD 2028,99999.00,99999.00,99999.00,99999.00,99999.00,99001.00,,99999.00,,,1,99999.00,1,F1,1,,,,,
2026-09-24,2026-09-24,CM,NSE,STK,3329,INE858B01029,ISGEC,EQ,,,,,ISGEC HEAVY ENG LTD,856.10,879.85,826.95,850.10,848.00,867.85,,850.12,,,129248,109206155.75,8689,F1,1,,,,,
2026-09-24,2026-09-24,CM,NSE,STK,30249,INE561M01018,ISHANCH,EQ,,,,,ISHAN DYES N CHEMICALS L,49.87,50.90,48.80,49.90,50.80,49.87,,49.82,,,6350,314770.33,163,F1,1,,,,,
2026-09-24,2026-09-24,CM,NSE,STK,10995,INE0LCW01025,ISHAN,SM,,,,,ISHAN INTERNATIONAL LTD,0.50,0.50,0.50,0.50,0.50,0.50,,0.50,,,48000,24000.00,1,F1,48000,,,,,
2026-09-24,2026-09-24,CM,NSE,STK,29251,INE379A01028,ITCHOTELS,EQ,,,,,ITC HOTELS LIMITED,160.00,165.40,158.84,164.01,163.52,161.23,,164.01,,,3509055,574554815.01,50048,F1,1,,,,,
2026-09-24,2026-09-24,CM,NSE,STK,1660,INE154A01025,ITC,EQ,,,,,ITC LTD,268.70,270.30,266.70,268.00,268.00,270.15,,267.97,,,7398276,1985143199.60,90922,F1,1,,,,,
2026-09-24,2026-09-24,CM,NSE,STK,1675,INE248A01017,ITI,EQ,,,,,ITI LTD,256.55,256.55,250.40,251.05,251.55,257.20,,251.05,,,148833,37523683.05,4528,F1,1,,,,,
2026-09-24,2026-09-24,CM,NSE,STK,764723,INE478D01014,ITL,EQ,,,,,ITL INDUSTRIES LTD.,369.00,369.00,356.10,361.00,362.30,364.75,,360.43,,,896,323818.90,129,F1,1,,,,,
2026-09-24,2026-09-24,CM,NSE,STK,759041,INE056801025,IVALUE,EQ,,,,,IVALUE INFOSOLUTIONS LTD,230.29,242.50,230.29,234.43,233.00,233.07,,234.43,,,310427,73708285.84,6680,F1,1,,,,,
2026-09-24,2026-09-24,CM,NSE,STK,8857,INE043C01018,IVP,BE,,,,,IVP LIMITED,227.96,230.00,222.00,228.57,229.90,227.96,,228.48,,,12881,2919964.92,155,F1,1,,,,,
2026-09-24,2026-09-24,CM,NSE,STK,757644,INE1AII01014,IWARE,ST,,,,,IWARE SUPPLYCHAIN SER LTD,399.70,400.00,385.00,391.95,387.00,400.25,,391.95,,,16800,6555930.00,26,F1,600,,,,,
2026-09-24,2026-09-24,CM,NSE,STK,14174,INE848A01014,IZMO,EQ,,,,,IZMO LIMITED,930.10,930.10,902.00,904.45,906.00,931.15,,904.47,,,54182,49392741.50,3587,F1,1,,,,,
2026-09-24,2026-09-24,CM,NSE,STK,5633,INE168A01041,J&KBANK,EQ,,,,,J & K BANK LTD.,148.70,149.00,146.70,147.07,147.39,149.25,,147.07,,,897539,132658687.49,15385,F1,1,,,,,
2026-09-24,2026-09-24,CM,NSE,STK,23056,INE0MB501011,JGCHEM,EQ,,,,,J.G.CHEMICALS LIMITED,622.75,644.85,595.95,601.75,605.00,621.55,,601.76,,,504302,312811947.10,23237,F1,1,,,,,
2026-09-24,2026-09-24,CM,NSE,STK,13211,INE199G01027,JAGRAN,EQ,,,,,JAGRAN PRAKASHAN LIMITED,63.00,63.40,62.50,62.89,63.20,63.41,,62.84,,,133071,8374435.04,1679,F1,1,,,,,
2026-09-24,2026-09-24,CM,NSE,STK,4410,INE048B01035,JAGSNPHARM,EQ,,,,,JAGSONPAL PHARMACEUTICALS,227.90,249.84,226.76,243.97,247.00,225.63,,243.97,,,9252736,2233857374.36,101843,F1,1,,,,,
2026-09-24,2026-09-24,CM,NSE,STK,11256,INE091G01026,JAIBALAJI,EQ,,,,,JAI BALAJI INDUSTRIES LTD,65.20,67.90,65.20,65.50,65.40,66.78,,65.50,,,538884,35788336.78,3886,F1,1,,,,,
2026-09-24,2026-09-24,CM,NSE,STK,5143,INE070D01027,JAICORPLTD,EQ,,,,,JAI CORP LIMITED,96.10,96.10,93.63,94.46,95.30,96.73,,94.46,,,322845,30638874.01,4870,F1,1,,,,,
2026-09-24,2026-09-24,CM,NSE,STK,25684,IN9175A01010,JISLDVREQS,EQ,,,,,JAIN DVR EQUITY SHARES,21.00,21.00,20.02,20.14,20.32,20.36,,20.14,,,22456,452520.23,226,F1,1,,,,,
2026-09-24,2026-09-24,CM,NSE,STK,10397,INE175A01038,JISLJALEQS,EQ,,,,,JAIN IRRIGATION SYSTEMS,28.79,28.79,28.41,28.58,28.56,28.90,,28.58,,,1294531,37002820.12,4385,F1,1,,,,,
2026-09-24,2026-09-24,CM,NSE,STK,759244,INE0YD401026,JAINREC,EQ,,,,,JAIN RESOURCE RECYCLING L,300.00,300.00,290.10,291.35,291.30,302.95,,291.35,,,1114138,327225423.35,20087,F1,1,,,,,
2026-09-24,2026-09-24,CM,NSE,STK,6012,INE02KC01010,JAINAM,SM,,,,,JAINAM FER ALLOYS (I) LTD,200.00,200.00,200.00,200.00,200.00,197.00,,200.00,,,500,100000.00,1,F1,500,,,,,
2026-09-24,2026-09-24,CM,NSE,STK,758306,INE0XIL01012,JAINIK,ST,,,,,JAINIK POWER CABLES LTD,201.80,202.85,198.05,201.30,202.85,193.20,,201.30,,,32400,6547140.00,24,F1,1200,,,,,
2026-09-24,2026-09-24,CM,NSE,STK,11763,INE351F01018,JPPOWER,EQ,,,,,JAIPRAKASH POWER VEN. LTD,15.97,15.99,15.78,15.84,15.86,16.04,,15.84,,,33648899,533876774.11,1038399,F1,1,,,,,
2026-09-24,2026-09-24,CM,NSE,STK,20930,INE349X01015,JALAN,ST,,,,,JALAN TRANSOLU. INDIA LTD,1.70,1.70,1.70,1.70,1.70,1.65,,1.70,,,3000,5100.00,1,F1,3000,,,,,
2026-09-24,2026-09-24,CM,NSE,STK,20778,INE039C01032,JAMNAAUTO,EQ,,,,,JAMNA AUTO IND LTD,129.00,140.08,128.32,138.39,138.01,129.55,,138.39,,,14203329,1952347773.22,115344,F1,1,,,,,
2026-09-24,2026-09-24,CM,NSE,STK,22663,INE953L01027,JSFB,EQ,,,,,JANA SMALL FIN BANK LTD,543.00,544.25,519.65,522.70,528.00,546.60,,522.66,,,631956,334169132.40,17700,F1,1,,,,,
2026-09-24,2026-09-24,CM,NSE,STK,759951,INE00YJ01010,JARO,EQ,,,,,JARO INS OF TEC MG N RE L,462.50,462.95,455.10,457.70,456.50,462.50,,457.67,,,71823,33050771.90,1829,F1,1,,,,,
2026-09-24,2026-09-24,CM,NSE,STK,13982,INE039O01029,JASH,EQ,,,,,JASH ENGINEERING LIMITED,592.00,592.00,572.15,577.15,577.00,588.95,,577.12,,,232284,135238164.80,10717,F1,1,,,,,
2026-09-24,2026-09-24,CM,NSE,STK,25037,INE0SMY01017,JAYBEE,SM,,,,,JAY BEE LAMINATIONS LTD,96.40,103.80,92.50,98.05,95.20,95.05,,98.05,,,143500,14116100.00,231,F1,500,,,,,
2026-09-24,2026-09-24,CM,NSE,STK,1708,INE571B01036,JAYBARMARU,EQ,,,,,JAY BHARAT MARUTI LTD,119.00,121.90,117.69,121.90,121.90,116.10,,121.96,,,262106,31592786.21,1142,F1,1,,,,,
2026-09-24,2026-09-24,CM,NSE,STK,10892,INE0J6801010,KORE,ST,,,,,JAY JALARAM TECHNO LTD,180.30,180.90,164.10,171.60,164.10,172.30,,171.60,,,21750,3850887.50,47,F1,250,,,,,
2026-09-24,2026-09-24,CM,NSE,STK,4041,INE785A01026,JAYAGROGN,EQ,,,,,JAYANT AGRO ORGANICS LTD,235.40,236.00,228.10,230.91,230.95,237.12,,230.93,,,35664,8235746.88,993,F1,1,,,,,
2026-09-24,2026-09-24,CM,NSE,STK,2331,INE854B01010,JAYNECOIND,EQ,,,,,JAYASWAL NECO INDUSTR LTD,91.77,91.77,89.10,89.53,89.32,91.36,,89.53,,,1528484,137653770.56,12568,F1,1,,,,,
2026-09-24,2026-09-24,CM,NSE,STK,760073,INE903A01025,JAYKAY,EQ,,,,,JAYKAY ENTERPRISES LTD,210.00,213.80,200.78,202.53,202.50,212.76,,202.50,,,1010193,208730341.67,16571,F1,1,,,,,
2026-09-24,2026-09-24,CM,NSE,STK,1720,INE364A01020,JAYSREETEA,EQ,,,,,JAYSHREE TEA & INDUSTRIES,89.20,90.01,86.00,87.92,88.15,89.55,,87.94,,,52622,4602405.07,824,F1,1,,,,,
2026-09-24,2026-09-24,CM,NSE,STK,11655,INE927D01051,JBMA,EQ,,,,,JBM AUTO LIMITED,599.70,599.70,590.40,593.05,593.00,601.80,,593.04,,,133875,79548173.15,6481,F1,1,,,,,
2026-09-24,2026-09-24,CM,NSE,STK,758115,INE0J5801029,JSLL,EQ,,,,,JEENA SIKHO LIFECARE LTD,522.00,529.55,510.00,511.15,511.00,524.30,,511.16,,,212822,110074671.40,11769,F1,1,,,,,
2026-09-24,2026-09-24,CM,NSE,STK,764728,INE354A01013,JENBURPH,EQ,,,,,JENBURKT PHARMACEUTICAL L,950.20,959.90,946.40,954.00,956.00,952.00,,954.18,,,1281,1222385.60,101,F1,1,,,,,
2026-09-24,2026-09-24,CM,NSE,STK,7211,INE982V01025,JETFREIGHT,EQ,,,,,JET FREIGHT LOGISTICS LTD,21.28,21.94,21.10,21.21,21.25,21.67,,21.21,,,125891,2700147.35,1704,F1,1,,,,,
2026-09-24,2026-09-24,CM,NSE,STK,25147,INE0RXB01022,JEYYAM,SM,,,,,JEYYAM GLOBAL FOODS LTD,21.00,21.00,20.60,21.00,21.00,21.05,,21.00,,,58000,1206500.00,27,F1,2000,,,,,
2026-09-24,2026-09-24,CM,NSE,STK,10885,INE0LA901015,JFLLIFE,SM,,,,,JFL LIFE SCIENCES LIMITED,9.90,9.90,9.90,9.90,9.90,9.95,,9.90,,,6000,59400.00,1,F1,6000,,,,,
2026-09-24,2026-09-24,CM,NSE,STK,13720,INE544H01014,JHS,EQ,,,,,JHS SVEND. LAB. LTD,8.40,8.79,8.02,8.18,8.40,8.47,,8.18,,,100866,834586.78,344,F1,1,,,,,
2026-09-24,2026-09-24,CM,NSE,STK,24145,INE03DD01011,RETAIL,EQ,,,,,JHS SVENDGAARD RETAIL V L,17.00,17.00,16.66,16.72,16.67,17.25,,16.72,,,1209,20436.93,37,F1,1,,,,,
2026-09-24,2026-09-24,CM,NSE,STK,31507,INE147P01019,JPOLYINVST,EQ,,,,,JIND POL INV & FIN CO LTD,971.00,978.95,955.00,964.80,968.10,978.95,,964.88,,,2769,2679164.30,364,F1,1,,,,,
2026-09-24,2026-09-24,CM,NSE,STK,13875,INE742C01031,JINDRILL,EQ,,,,,JINDAL DRILLING IND. LTD,606.70,606.70,588.60,591.95,589.00,606.80,,591.91,,,134469,79932337.55,5298,F1,1,,,,,
2026-09-24,2026-09-24,CM,NSE,STK,11743,INE796G01012,JINDALPHOT,EQ,,,,,JINDAL PHOTO LIMITED,1084.80,1085.00,1060.00,1063.20,1060.10,1084.80,,1063.20,,,1196,1275710.30,218,F1,1,,,,,
2026-09-24,2026-09-24,CM,NSE,STK,1756,INE197D01010,JINDALPOLY,EQ,,,,,JINDAL POLY FILMS LIMITED,705.00,713.95,695.00,699.80,695.15,715.20,,699.79,,,12636,8886217.70,954,F1,1,,,,,
2026-09-24,2026-09-24,CM,NSE,STK,3024,INE324A01032,JINDALSAW,EQ,,,,,JINDAL SAW LIMITED,290.95,294.55,281.95,283.10,283.70,292.60,,283.09,,,860596,246846479.45,26766,F1,1,,,,,
2026-09-24,2026-09-24,CM,NSE,STK,11236,INE220G01021,JSL,EQ,,,,,JINDAL STAINLESS LIMITED,752.00,763.85,737.00,738.95,738.30,758.55,,738.96,,,741423,555145124.85,37688,F1,1,,,,,
2026-09-24,2026-09-24,CM,NSE,STK,6733,INE749A01030,JINDALSTEL,EQ,,,,,JINDAL STEEL LIMITED,1157.30,1174.70,1152.30,1157.80,1157.80,1175.30,,1157.80,,,598786,694955971.80,18860,F1,1,,,,,
2026-09-24,2026-09-24,CM,NSE,STK,766187,INE1DLO01028,JSIPL,BE,,,,,JINDAL SUPREME (INDIA) L,132.30,132.30,132.30,132.30,132.30,126.00,,133.97,,,158039,20908559.70,1503,F1,1,,,,,
2026-09-24,2026-09-24,CM,NSE,STK,20642,INE247D01039,JINDWORLD,EQ,,,,,JINDAL WORLDWIDE LTD,51.78,51.78,48.41,49.17,49.06,52.20,,49.18,,,5928392,293321109.81,19139,F1,1,,,,,
2026-09-24,2026-09-24,CM,NSE,STK,759205,INE1FF001016,JKIPL,EQ,,,,,JINKUSHAL INDUSTRIES LTD,102.00,102.00,96.15,98.15,98.15,100.25,,98.15,,,4895,483417.44,160,F1,1,,,,,
2026-09-24,2026-09-24,CM,NSE,STK,18143,INE758E01017,JIOFIN,EQ,,,,,JIO FIN SERVICES LTD,229.83,230.60,226.70,227.20,227.20,232.15,,227.31,,,11460271,2619313070.60,90064,F1,1,,,,,
2026-09-24,2026-09-24,CM,NSE,STK,765307,INF22M001184,NIFTYJBLK,EQ,,,,,JIOBLACKROCKAMC-NIFTYJBLK,11.71,12.47,11.71,11.84,11.98,12.02,,11.84,,,158750,1886632.18,818,F1,1,,,,,
2026-09-24,2026-09-24,CM,NSE,STK,19691,INE863T01013,JITFINFRA,EQ,,,,,JITF INFRALOGISTICS LTD,284.00,284.95,275.10,278.30,276.10,280.45,,278.27,,,20767,5814132.85,673,F1,1,,,,,
2026-09-24,2026-09-24,CM,NSE,STK,18558,INE0N5H01017,JIWANRAM,SM,,,,,JIWANRAM SHEODUTTRA IND L,4.20,4.20,4.00,4.00,4.00,4.40,,4.00,,,12000,49200.00,2,F1,6000,,,,,
2026-09-24,2026-09-24,CM,NSE,STK,13270,INE823G01014,JKCEMENT,EQ,,,,,JK CEMENT LIMITED,5025.00,5229.00,4981.00,5184.50,5190.00,5085.00,,5184.44,,,42384,217703393.50,12383,F1,1,,,,,
2026-09-24,2026-09-24,CM,NSE,STK,13491,INE786A01032,JKLAKSHMI,EQ,,,,,JK LAKSHMI CEMENT LTD,512.80,513.95,507.00,509.45,509.00,511.20,,509.46,,,66329,33850650.50,4457,F1,1,,,,,
2026-09-24,2026-09-24,CM,NSE,STK,11860,INE789E01012,JKPAPER,EQ,,,,,JK PAPER LIMITED,414.70,414.85,408.10,411.15,410.45,415.25,,411.20,,,222048,91246192.90,7794,F1,1,,,,,
2026-09-24,2026-09-24,CM,NSE,STK,14435,INE573A01042,JKTYRE,EQ,,,,,JK TYRE & INDUSTRIES LTD,350.00,353.35,346.00,347.20,346.90,355.35,,347.19,,,408047,142403222.30,14926,F1,1,,,,,
2026-09-24,2026-09-24,CM,NSE,STK,15266,INE576I01022,JKIL,EQ,,,,,JKUMAR INFR.LTD.,479.35,481.90,473.00,478.10,481.90,479.60,,478.09,,,37906,18021399.35,1482,F1,1,,,,,
2026-09-24,2026-09-24,CM,NSE,STK,13637,INE780C01023,JMFINANCIL,EQ,,,,,JM FINANCIAL LIMITED,127.65,127.65,125.34,127.03,127.25,127.51,,127.03,,,3399939,429831433.62,23391,F1,1,,,,,
2026-09-24,2026-09-24,CM,NSE,STK,23621,INE0OAF01028,JNKINDIA,EQ,,,,,JNK INDIA LIMITED,418.40,435.00,413.50,422.45,425.00,418.40,,422.45,,,255676,109112375.05,11215,F1,1,,,,,
2026-09-24,2026-09-24,CM,NSE,STK,16927,INE839G01010,JOCIL,EQ,,,,,JOCIL LIMITED,148.72,149.00,144.01,146.75,146.75,148.71,,146.75,,,1650,243309.98,50,F1,1,,,,,
2026-09-24,2026-09-24,CM,NSE,STK,762623,INE515A01019,COCKERILL,EQ,,,,,JOHN COCKERILL INDIA LTD.,8176.00,8176.00,7922.00,7955.50,7938.00,8144.00,,7954.93,,,4221,33686475.00,1167,F1,1,,,,,
2026-09-24,2026-09-24,CM,NSE,STK,758460,INE718I01012,JSWCEMENT,EQ,,,,,JSW CEMENT LIMITED,118.00,118.00,115.25,115.71,115.57,118.18,,115.71,,,1180047,137279104.32,35455,F1,1,,,,,
2026-09-24,2026-09-24,CM,NSE,STK,1467,INE133A01011,JSWDULUX,EQ,,,,,JSW DULUX LIMITED,3164.60,3165.80,3106.00,3132.30,3130.00,3160.90,,3132.36,,,27787,86894574.80,6067,F1,1,,,,,
2026-09-24,2026-09-24,CM,NSE,STK,17869,INE121E01018,JSWENERGY,EQ,,,,,JSW ENERGY LIMITED,520.00,520.00,508.10,510.00,510.00,521.00,,510.01,,,1303485,667211548.75,30426,F1,1,,,,,
2026-09-24,2026-09-24,CM,NSE,STK,11880,INE824G01012,JSWHL,EQ,,,,,JSW HOLDINGS LIMITED,11300.00,11300.00,11051.00,11116.00,11060.00,11333.00,,11104.77,,,1304,14547463.00,625,F1,1,,,,,
2026-09-24,2026-09-24,CM,NSE,STK,19020,INE880J01026,JSWINFRA,EQ,,,,,JSW INFRASTRUCTURE LTD,361.95,369.95,358.00,360.70,358.00,363.60,,360.67,,,4464796,1625589132.05,73218,F1,1,,,,,
2026-09-24,2026-09-24,CM,NSE,STK,11723,INE019A01038,JSWSTEEL,EQ,,,,,JSW STEEL LIMITED,1289.00,1298.40,1272.20,1273.20,1273.20,1297.80,,1273.25,,,836579,1071847112.90,53182,F1,1,,,,,
2026-09-24,2026-09-24,CM,NSE,STK,3237,INE643A01035,JTEKTINDIA,EQ,,,,,JTEKT INDIA LIMITED,119.89,119.89,117.65,118.28,118.48,119.99,,118.29,,,72743,8624342.18,1268,F1,1,,,,,
2026-09-24,2026-09-24,CM,NSE,STK,7287,INE391J01032,JTLIND,EQ,,,,,JTL INDUSTRIES LIMITED,90.35,92.20,89.24,90.10,90.46,91.31,,90.10,,,1853584,168049900.50,15014,F1,1,,,,,
2026-09-24,2026-09-24,CM,NSE,STK,29590,INE03CC01015,JUBLCPL,EQ,,,,,JUBILANT AGRI N CON PRO L,2225.00,2245.00,2130.20,2160.30,2140.00,2202.40,,2160.35,,,6373,13819763.70,969,F1,1,,,,,
2026-09-24,2026-09-24,CM,NSE,STK,18096,INE797F01020,JUBLFOOD,EQ,,,,,JUBILANT FOODWORKS LTD,484.65,484.75,476.05,478.90,478.90,483.30,,478.82,,,339592,163339875.75,13547,F1,1,,,,,
2026-09-24,2026-09-24,CM,NSE,STK,2783,INE0BY001018,JUBLINGREA,EQ,,,,,JUBILANT INGREVIA LIMITED,640.95,649.00,631.80,635.35,634.00,640.95,,635.35,,,284101,182150814.50,18135,F1,1,,,,,
2026-09-24,2026-09-24,CM,NSE,STK,3637,INE700A01033,JUBLPHARMA,EQ,,,,,JUBILANT PHARMOVA LTD,1059.00,1066.25,1038.10,1063.85,1060.00,1058.00,,1063.83,,,114741,121139176.75,8994,F1,1,,,,,
2026-09-24,2026-09-24,CM,NSE,STK,7109,INE412C01023,JMA,EQ,,,,,JULLUNDUR MOT AGENCY LTD,90.40,90.40,86.50,87.92,87.50,89.89,,87.92,,,15096,1332705.64,391,F1,1,,,,,
2026-09-24,2026-09-24,CM,NSE,STK,764408,INE05C901015,JNPR,EQ,,,,,JUNIPER GREEN ENERGY LTD,265.75,265.75,254.30,257.70,257.40,267.30,,257.69,,,807227,208311125.05,50374,F1,1,,,,,
2026-09-24,2026-09-24,CM,NSE,STK,22824,INE696F01016,JUNIPER,EQ,,,,,JUNIPER HOTELS LIMITED,221.00,221.99,217.51,218.41,218.50,221.77,,218.41,,,69636,15260844.90,1613,F1,1,,,,,
2026-09-24,2026-09-24,CM,NSE,STK,18553,INE682M01020,JLHL,EQ,,,,,JUPITER LIFE LINE HOSP L,274.00,275.00,266.10,267.80,266.20,274.05,,267.81,,,197581,53212302.30,8444,F1,1,,,,,
2026-09-24,2026-09-24,CM,NSE,STK,20224,INE209L01016,JWL,EQ,,,,,JUPITER WAGONS LIMITED,230.00,230.59,226.81,228.07,228.37,233.16,,228.07,,,616463,140638815.73,15109,F1,1,,,,,
2026-09-24,2026-09-24,CM,NSE,STK,29962,INE599M01018,JUSTDIAL,EQ,,,,,JUSTDIAL LTD.,693.55,697.55,666.00,672.35,672.00,693.55,,672.41,,,80570,54672678.80,4077,F1,1,,,,,
2026-09-24,2026-09-24,CM,NSE,STK,15146,INE668F01031,JYOTHYLAB,EQ,,,,,JYOTHY LABS LIMITED,194.30,194.44,191.80,192.86,192.90,194.11,,192.85,,,207081,39992119.81,8432,F1,1,,,,,
2026-09-24,2026-09-24,CM,NSE,STK,21334,INE980O01024,JYOTICNC,EQ,,,,,JYOTI CNC AUTOMATION LTD,1098.00,1100.00,1067.00,1072.55,1067.55,1100.80,,1072.53,,,504405,546973691.85,22343,F1,1,,,,,
2026-09-24,2026-09-24,CM,NSE,STK,758221,INE1M3T01017,JYOTIGLOBL,SM,,,,,JYOTI GLOBAL PLAST LTD,43.70,45.65,42.15,42.70,42.15,43.50,,42.70,,,62000,2698500.00,30,F1,2000,,,,,
2026-09-24,2026-09-24,CM,NSE,STK,764733,INE577D01013,JYOTIRES,EQ,,,,,JYOTI RESINS & ADHESIVE L,852.30,861.95,830.05,833.00,830.50,848.45,,833.48,,,5158,4322349.50,571,F1,1,,,,,
2026-09-24,2026-09-24,CM,NSE,STK,1802,INE197A01024,JYOTISTRUC,EQ,,,,,JYOTI STRUCTURES LTD,9.28,9.28,9.03,9.08,9.11,9.33,,9.08,,,2781040,25386779.04,3078,F1,1,,,,,
2026-09-24,2026-09-24,CM,NSE,STK,764743,INE533C01018,KJMCFIN,EQ,,,,,K J M C FINANCIAL SERV L,62.11,62.11,58.45,59.84,59.00,61.50,,59.84,,,304,18299.67,14,F1,1,,,,,
2026-09-24,2026-09-24,CM,NSE,STK,764748,INE879K01018,KMCSHIL,EQ,,,,,K M C SPECIALITY HOSP I L,162.00,162.16,155.11,157.92,157.50,162.20,,157.92,,,211733,33499177.88,4284,F1,1,,,,,
2026-09-24,2026-09-24,CM,NSE,STK,14667,INE157H01023,KMSUGAR,EQ,,,,,K M SUGAR MILLS LTD,29.40,29.40,28.78,29.06,29.15,29.50,,29.07,,,84745,2470172.39,941,F1,1,,,,,
2026-09-24,2026-09-24,CM,NSE,STK,27079,INE127T01021,KPEL,EQ,,,,,K.P. ENERGY LIMITED,226.00,227.24,218.00,221.55,220.40,228.80,,221.54,,,329639,73205540.59,8173,F1,1,,,,,
2026-09-24,2026-09-24,CM,NSE,STK,23459,INE0DEZ01013,K2INFRA,SM,,,,,K2 INFRAGEN LIMITED,43.00,43.00,41.10,41.75,41.45,42.70,,41.75,,,10200,431310.00,17,F1,600,,,,,
2026-09-24,2026-09-24,CM,NSE,STK,1805,INE900B01029,KABRAEXTRU,EQ,,,,,KABRA EXTRUSION TECHNIK L,739.80,806.10,737.00,806.10,806.10,732.85,,806.10,,,520858,414521137.05,9920,F1,1,,,,,
2026-09-24,2026-09-24,CM,NSE,STK,29192,INE0XOW01017,KKJEWELS,SM,,,,,KABRA JEWELS LIMITED,100.00,100.00,96.15,96.15,96.15,99.55,,96.15,,,7000,683850.00,7,F1,1000,,,,,
2026-09-24,2026-09-24,CM,NSE,STK,1808,INE217B01036,KAJARIACER,EQ,,,,,KAJARIA CERAMICS LTD,1214.00,1239.10,1204.00,1221.80,1221.40,1216.40,,1221.82,,,282539,345174742.30,30078,F1,1,,,,,
2026-09-24,2026-09-24,CM,NSE,STK,1811,INE437B01014,KAKATCEM,EQ,,,,,KAKATIYA CEM SUGAR &IND L,107.99,109.59,105.90,105.99,105.90,107.97,,105.99,,,656,69970.02,24,F1,1,,,,,
2026-09-24,2026-09-24,CM,NSE,STK,758558,INE227J01012,KALPATARU,EQ,,,,,KALPATARU LIMITED,278.00,289.45,270.60,277.80,281.55,272.55,,277.83,,,282261,79119419.30,5033,F1,1,,,,,
2026-09-24,2026-09-24,CM,NSE,STK,1814,INE220B01022,KPIL,EQ,,,,,KALPATARU PROJECT INT LTD,1414.90,1427.00,1381.20,1399.60,1401.30,1411.80,,1399.51,,,157152,220989256.50,15937,F1,1,,,,,
2026-09-24,2026-09-24,CM,NSE,STK,2955,INE303R01014,KALYANKJIL,EQ,,,,,KALYAN JEWELLERS IND LTD,583.10,588.60,570.35,573.60,573.60,584.25,,573.60,,,3630749,2102455386.80,44349,F1,1,,,,,
2026-09-24,2026-09-24,CM,NSE,STK,15160,INE314G01014,KALYANIFRG,BE,,,,,KALYANI FORGE LIMITED,950.00,968.90,921.55,936.95,939.00,957.60,,932.97,,,1042,987807.50,95,F1,1,,,,,
2026-09-24,2026-09-24,CM,NSE,STK,21119,INE029L01018,KICL,EQ,,,,,KALYANI INVEST CO LTD,4950.00,5018.50,4920.50,4940.50,4930.00,5000.00,,4937.49,,,831,4124238.00,198,F1,1,,,,,
2026-09-24,2026-09-24,CM,NSE,STK,18889,INE907A01026,KSL,EQ,,,,,KALYANI STEELS LIMITED,995.15,997.65,972.50,974.20,974.50,998.25,,974.21,,,110396,108503494.05,4907,F1,1,,,,,
2026-09-24,2026-09-24,CM,NSE,STK,762732,INE411F01010,KAMAHOLD,EQ,,,,,KAMA HOLDINGS LTD.,2230.10,2348.70,2172.30,2199.60,2206.00,2239.20,,2200.45,,,20376,45675537.90,3851,F1,1,,,,,
2026-09-24,2026-09-24,CM,NSE,STK,764738,INE344D01018,KAMANWALA,EQ,,,,,KAMANWALA HOUSING CONST L,16.02,17.40,16.02,16.99,17.00,16.50,,16.98,,,2709,45149.19,30,F1,1,,,,,
2026-09-24,2026-09-24,CM,NSE,STK,1826,INE967C01018,KAMATHOTEL,EQ,,,,,KAMAT HOTELS (I) LTD,238.60,240.30,231.25,235.69,235.99,240.35,,235.67,,,38921,9183067.75,1659,F1,1,,,,,
2026-09-24,2026-09-24,CM,NSE,STK,13457,INE390H01020,KAMDHENU,EQ,,,,,KAMDHENU LIMITED,41.30,41.30,39.00,40.34,40.50,40.77,,40.34,,,748522,30118934.01,3803,F1,1,,,,,
2026-09-24,2026-09-24,CM,NSE,STK,13814,INE0BTI01037,KAMOPAINTS,EQ,,,,,KAMDHENU VENTURES LIMITED,4.24,4.34,4.17,4.21,4.21,4.27,,4.21,,,268131,1130837.53,687,F1,1,,,,,
2026-09-24,2026-09-24,CM,NSE,STK,25786,INE879E01037,KANANIIND,EQ,,,,,KANANI INDUSTRIES LTD,1.42,1.44,1.40,1.41,1.40,1.42,,1.40,,,108081,153846.30,129,F1,1,,,,,
2026-09-24,2026-09-24,CM,NSE,STK,762737,INE081G01019,KANCHI,EQ,,,,,KANCHI KARPOORAM LTD.,382.70,395.05,382.50,393.85,395.05,390.30,,393.56,,,1215,472098.20,46,F1,1,,,,,
2026-09-24,2026-09-24,CM,NSE,STK,765090,INE398L01017,KANCOTEA,EQ,,,,,KANCO TEA & INDS. LTD.,52.50,54.90,52.50,52.66,54.59,54.72,,52.31,,,104,5472.31,24,F1,1,,,,,
2026-09-24,2026-09-24,CM,NSE,STK,11208,INE0MOT01016,KANDARP,SM,,,,,KANDARP DG SMART BPO LTD,77.95,78.10,71.00,76.95,78.10,74.40,,76.95,,,46000,3494750.00,39,F1,1000,,,,,
2026-09-24,2026-09-24,CM,NSE,STK,766021,INE877D01025,KANOHAR,EQ,,,,,KANOHAR ELECTRICALS LTD,873.90,908.40,852.45,863.30,863.00,907.00,,863.44,,,2625443,2311172726.00,80889,F1,1,,,,,
2026-09-24,2026-09-24,CM,NSE,STK,9805,INE138C01024,KANORICHEM,BE,,,,,KANORIACHEMICALS-,182.50,191.35,178.59,191.33,191.00,182.24,,191.32,,,100474,19119556.34,679,F1,1,,,,,
2026-09-24,2026-09-24,CM,NSE,STK,1782,INE694E01014,KANPRPLA,EQ,,,,,KANPUR PLASTIPACK LIMITED,256.45,274.95,256.30,262.50,265.50,257.05,,262.50,,,63305,16828739.60,1817,F1,1,,,,,
2026-09-24,2026-09-24,CM,NSE,STK,1196,INE531A01024,KANSAINER,EQ,,,,,KANSAI NEROLAC PAINTS LTD,182.58,182.91,179.01,179.41,179.75,182.58,,179.43,,,146681,26464416.94,4620,F1,1,,,,,
2026-09-24,2026-09-24,CM,NSE,STK,18967,INE542Z01028,KAPSTON,EQ,,,,,KAPSTON SERVICES LIMITED,585.90,586.95,575.05,578.10,577.00,585.90,,578.10,,,34980,20283761.00,1561,F1,1,,,,,
2026-09-24,2026-09-24,CM,NSE,STK,766056,INE590T01012,KARAMTARA,EQ,,,,,KARAMTARA ENGINEERING L,361.00,382.95,355.60,369.05,368.90,361.95,,369.18,,,6731277,2495544104.90,104808,F1,1,,,,,
2026-09-24,2026-09-24,CM,NSE,STK,24385,INE725L01011,KARMAENG,EQ,,,,,KARMA ENERGY LIMITED,39.71,40.80,39.02,39.43,39.02,40.18,,39.44,,,7821,312290.23,201,F1,1,,,,,
2026-09-24,2026-09-24,CM,NSE,STK,8054,INE614B01018,KTKBANK,EQ,,,,,KARNATAKA BANK LIMITED,339.00,345.40,336.55,338.15,339.90,343.05,,338.00,,,2049219,698561820.70,34634,F1,1,,,,,
2026-09-24,2026-09-24,CM,NSE,STK,19465,INE0MGA01012,KARNIKA,SM,,,,,KARNIKA INDUSTRIES LTD,121.00,123.00,121.00,122.55,123.00,120.90,,122.55,,,22000,2675150.00,12,F1,1000,,,,,
2026-09-24,2026-09-24,CM,NSE,STK,1838,INE036D01028,KARURVYSYA,EQ,,,,,KARUR VYSYA BANK LTD,323.15,327.55,321.00,325.00,323.80,324.45,,324.96,,,1136510,369039271.15,37733,F1,1,,,,,
2026-09-24,2026-09-24,CM,NSE,STK,24528,INE0SVY01018,KATARIA,SM,,,,,KATARIA INDUSTRIES LTD,150.75,150.75,148.00,149.00,149.00,149.90,,149.00,,,3000,447450.00,5,F1,600,,,,,
2026-09-24,2026-09-24,CM,NSE,STK,15140,INE234I01028,KAUSHALYA,BE,,,,,KAUSHALYA INFRA DEV LTD.,831.00,859.90,831.00,859.90,859.90,862.40,,861.35,,,62,51801.30,15,F1,1,,,,,
2026-09-24,2026-09-24,CM,NSE,STK,21186,INE0Q2V01012,KLL,SM,,,,,KAUSHALYA LOGISTICS LTD,44.90,46.05,42.20,46.00,46.05,41.90,,46.00,,,353600,16065920.00,257,F1,800,,,,,
2026-09-24,2026-09-24,CM,NSE,STK,14972,INE455I01029,KSCL,EQ,,,,,KAVERI SEED CO. LTD.,712.85,819.95,704.40,783.85,777.00,710.70,,783.87,,,19332004,15398616194.15,398896,F1,1,,,,,
2026-09-24,2026-09-24,CM,NSE,STK,15248,INE641C01019,KAVDEFENCE,BE,,,,,KAVVERI DFS & WIR TEC LTD,81.90,86.46,79.00,83.00,83.70,82.35,,83.26,,,572713,48503073.17,2708,F1,1,,,,,
2026-09-24,2026-09-24,CM,NSE,STK,21173,INE0RCG01017,KCEIL,SM,,,,,KAY CEE ENERGY & INFRA L,78.40,82.65,78.40,82.40,82.50,80.45,,82.40,,,20500,1673125.00,37,F1,500,,,,,
2026-09-24,2026-09-24,CM,NSE,STK,10282,INE587G01015,KAYA,BE,,,,,KAYA LIMITED,325.00,325.00,311.00,313.05,320.00,327.20,,313.08,,,9571,3017923.60,145,F1,1,,,,,
2026-09-24,2026-09-24,CM,NSE,STK,12092,INE918Z01012,KAYNES,EQ,,,,,KAYNES TECHNOLOGY IND LTD,3430.00,3576.00,3415.30,3509.50,3509.50,3458.00,,3509.32,,,1525539,5369212984.60,95023,F1,1,,,,,
2026-09-24,2026-09-24,CM,NSE,STK,758868,INE13ZD01013,KAYTEX,SM,,,,,KAYTEX FABRICS LIMITED,57.50,57.50,55.50,57.05,57.05,57.95,,57.05,,,5600,317440.00,6,F1,800,,,,,
2026-09-24,2026-09-24,CM,NSE,STK,10296,INE0J1E01027,KCK,ST,,,,,KCK INDUSTRIES LTD,13.45,13.65,13.30,13.65,13.65,13.00,,13.65,,,105000,1427125.00,28,F1,2500,,,,,
2026-09-24,2026-09-24,CM,NSE,STK,1841,INE805C01028,KCP,EQ,,,,,KCP LTD,157.05,160.98,156.00,159.18,158.15,157.05,,159.16,,,111803,17727549.44,2044,F1,1,,,,,
2026-09-24,2026-09-24,CM,NSE,STK,8849,INE790B01024,KCPSUGIND,BE,,,,,KCPSUGARINDUS,28.81,29.85,28.81,29.01,29.29,29.56,,29.01,,,35694,1047923.49,178,F1,1,,,,,
2026-09-24,2026-09-24,CM,NSE,STK,765105,INE348N01042,KDGREEN,EQ,,,,,KD GREEN INDUSTRIES LTD,51.69,51.69,49.61,50.22,50.40,50.03,,50.23,,,16908,844785.95,226,F1,1,,,,,
2026-09-24,2026-09-24,CM,NSE,STK,14908,INE291D01011,KDDL,EQ,,,,,KDDL LIMITED,4237.20,4237.20,4066.50,4119.80,4120.00,4251.90,,4119.63,,,67371,278476459.20,12760,F1,1,,,,,
2026-09-24,2026-09-24,CM,NSE,STK,13260,INE389H01022,KEC,EQ,,,,,KEC INTL. LIMITED,398.00,399.50,394.00,395.40,396.00,402.40,,395.40,,,378577,150119468.35,13665,F1,1,,,,,
2026-09-24,2026-09-24,CM,NSE,STK,13310,INE878B01027,KEI,EQ,,,,,KEI INDUSTRIES LTD.,4700.00,4706.50,4627.00,4636.50,4636.50,4722.50,,4636.66,,,224864,1049755801.50,19838,F1,1,,,,,
2026-09-24,2026-09-24,CM,NSE,STK,13430,INE164B01030,KELLTONTEC,EQ,,,,,KELLTON TECH SOL LTD,13.80,13.80,13.40,13.48,13.50,13.76,,13.48,,,1468588,19860729.97,2739,F1,1,,,,,
2026-09-24,2026-09-24,CM,NSE,STK,29547,INE15DO01012,KEN,SM,,,,,KEN ENTERPRISES LIMITED,43.75,43.75,43.75,43.75,43.75,43.95,,43.75,,,1200,52500.00,1,F1,1200,,,,,
2026-09-24,2026-09-24,CM,NSE,STK,11841,INE717A01029,KENNAMET,EQ,,,,,KENNAMETAL INDIA LIMITED,4254.00,4355.10,4250.00,4266.40,4270.00,4316.70,,4266.29,,,11487,49155042.90,2573,F1,1,,,,,
2026-09-24,2026-09-24,CM,NSE,STK,13121,INE202H01019,KERNEX,EQ,,,,,KERNEX MICROSYS(I) LTD,1727.30,1749.90,1692.50,1700.80,1701.60,1731.00,,1700.93,,,83450,143295430.50,10139,F1,1,,,,,
2026-09-24,2026-09-24,CM,NSE,STK,4981,INE087A01019,KESORAMIND,BE,,,,,KESORAM INDUSTRIES LTD,11.70,11.89,11.21,11.39,11.30,11.57,,11.39,,,232726,2696549.50,474,F1,1,,,,,
2026-09-24,2026-09-24,CM,NSE,STK,13381,INE401H01017,KKCL,EQ,,,,,KEWAL KIRAN CLOTHING LTD,478.00,478.65,465.05,469.30,466.00,477.55,,469.25,,,13783,6503475.70,971,F1,1,,,,,
2026-09-24,2026-09-24,CM,NSE,STK,4157,INE681C01015,KEYFINSERV,EQ,,,,,KEYNOTE FIN SERV LTD.,243.90,243.90,226.35,231.65,229.05,244.05,,231.81,,,1614,377525.85,81,F1,1,,,,,
2026-09-24,2026-09-24,CM,NSE,STK,12219,INE263M01029,RUSTOMJEE,EQ,,,,,KEYSTONE REALTORS LIMITED,365.75,367.65,355.20,364.00,362.50,365.75,,364.01,,,43140,15692432.20,1107,F1,1,,,,,
2026-09-24,2026-09-24,CM,NSE,STK,13359,INE138Y01010,KFINTECH,EQ,,,,,KFIN TECHNOLOGIES LIMITED,902.20,911.00,893.05,897.95,897.95,911.95,,897.95,,,432496,389612829.85,22827,F1,1,,,,,
2026-09-24,2026-09-24,CM,NSE,STK,433,INE834I01025,KHADIM,BE,,,,,KHADIM INDIA LIMITED,125.39,125.39,120.49,120.49,120.49,122.94,,121.72,,,42491,5308012.57,66,F1,1,,,,,
2026-09-24,2026-09-24,CM,NSE,STK,3912,INE731C01018,KHAITANLTD,EQ,,,,,KHAITAN (INDIA)LTD.,153.14,153.14,148.10,150.34,150.00,153.14,,150.33,,,774,116622.04,41,F1,1,,,,,
2026-09-24,2026-09-24,CM,NSE,STK,896,INE745B01028,KHAICHEM,EQ,,,,,KHAITAN CHEM & FERT LTD,50.29,50.65,49.00,49.41,49.28,50.13,,49.41,,,113281,5629400.45,1342,F1,1,,,,,
2026-09-24,2026-09-24,CM,NSE,STK,9641,INE060B01014,KHANDSE,EQ,,,,,KHANDWALA SECURITIES LTD,18.32,18.48,17.50,18.07,18.14,18.00,,18.03,,,729,13069.70,43,F1,1,,,,,
2026-09-24,2026-09-24,CM,NSE,STK,766214,INE0HOL01013,KHERIAAUTO,ST,,,,,KHERIA AUTOCOMP LIMITED,104.90,106.50,101.10,103.05,102.45,101.00,,103.05,,,1188000,123888480.00,659,F1,1200,,,,,
2026-09-24,2026-09-24,CM,NSE,STK,762747,INE338F01015,KLBRENG-B,EQ,,,,,KILBURN ENGINEERING LTD.,513.50,524.45,508.45,517.90,519.20,518.60,,517.53,,,189495,97946855.55,5118,F1,1,,,,,
2026-09-24,2026-09-24,CM,NSE,STK,19941,INE729D01010,KILITCH,BE,,,,,KILITCH DRUGS INDIA LTD,232.50,232.50,211.00,217.23,215.75,221.62,,217.23,,,85945,19235160.00,805,F1,1,,,,,
2026-09-24,2026-09-24,CM,NSE,STK,18944,INE473D01015,KINGFA,EQ,,,,,KINGFA SCI & TEC IND LTD.,6239.00,6435.00,6185.50,6228.50,6320.00,6240.50,,6229.25,,,14512,91353095.50,4126,F1,1,,,,,
2026-09-24,2026-09-24,CM,NSE,STK,19126,INE880L01014,KIOCL,EQ,,,,,KIOCL LIMITED,349.35,353.00,339.30,340.65,340.05,349.35,,340.64,,,42480,14587992.20,1902,F1,1,,,,,
2026-09-24,2026-09-24,CM,NSE,STK,762742,INE555P01013,KIRANVYPAR,EQ,,,,,KIRAN VYAPAR LTD.,218.65,218.65,196.04,203.41,202.00,215.10,,203.59,,,1329,272739.05,164,F1,1,,,,,
2026-09-24,2026-09-24,CM,NSE,STK,16639,INE415I01015,KIRIINDUS,EQ,,,,,KIRI INDUSTRIES LIMITED,564.00,583.95,552.00,559.90,561.00,572.75,,559.96,,,1422251,809187565.40,27596,F1,1,,,,,
2026-09-24,2026-09-24,CM,NSE,STK,18581,INE732A01036,KIRLOSBROS,EQ,,,,,KIRLOSKAR BROTHERS LTD,1790.00,1793.60,1752.10,1768.40,1768.00,1794.30,,1768.42,,,16227,28785253.00,3136,F1,1,,,,,
2026-09-24,2026-09-24,CM,NSE,STK,18220,INE134B01017,KECL,EQ,,,,,KIRLOSKAR ELECTRIC CO LTD,121.00,126.80,120.24,122.75,123.50,120.24,,122.78,,,261030,32403332.40,5586,F1,1,,,,,
2026-09-24,2026-09-24,CM,NSE,STK,14466,INE884B01025,KIRLFER,EQ,,,,,KIRLOSKAR FERROUS IND LTD,475.10,485.85,473.20,478.20,479.75,478.10,,478.20,,,109335,52494400.85,6051,F1,1,,,,,
2026-09-24,2026-09-24,CM,NSE,STK,19025,INE250A01039,KIRLOSIND,EQ,,,,,KIRLOSKAR INDUSTRIES LTD,3681.00,3681.00,3616.10,3635.00,3620.00,3681.00,,3635.02,,,4437,16160399.60,1055,F1,1,,,,,
2026-09-24,2026-09-24,CM,NSE,STK,20936,INE146L01010,KIRLOSENG,EQ,,,,,KIRLOSKAR OIL ENG LTD,2195.00,2254.00,2156.80,2164.50,2171.60,2219.50,,2164.52,,,278809,613445557.70,25441,F1,1,,,,,
2026-09-24,2026-09-24,CM,NSE,STK,15180,INE811A01038,KIRLPNU,EQ,,,,,KIRLOSKAR PNEUMATIC COM L,705.00,710.10,692.10,697.75,699.80,711.95,,697.75,,,71227,49944979.00,6728,F1,1,,,,,
2026-09-24,2026-09-24,CM,NSE,STK,28899,INE602G01020,KITEX,EQ,,,,,KITEX GARMENTS LTD,120.99,121.90,117.75,118.65,119.00,121.33,,118.65,,,265979,31710094.47,3499,F1,1,,,,,
2026-09-24,2026-09-24,CM,NSE,STK,17781,INE239T01016,KKVAPOW,SM,,,,,KKV AGRO POWERS LTD.,326.80,326.80,326.80,326.80,326.80,344.00,,326.80,,,171,55882.80,1,F1,171,,,,,
2026-09-24,2026-09-24,CM,NSE,STK,760923,INE0KNW01016,KNAGRI,EQ,,,,,KN AGRI RESOURCES LIMITED,214.90,215.00,208.04,213.63,209.99,211.63,,213.63,,,8248,1755111.74,229,F1,1,,,,,
2026-09-24,2026-09-24,CM,NSE,STK,763839,INE17QZ01016,KNACK,EQ,,,,,KNACK PACKAGING LIMITED,182.90,184.77,179.25,182.25,181.42,184.25,,182.25,,,805858,146702211.69,9983,F1,1,,,,,
2026-09-24,2026-09-24,CM,NSE,STK,27084,INE0CJD01029,KMEW,EQ,,,,,KNOWLEDGE MARINE & EN W L,2950.00,3009.90,2876.00,2890.60,2905.00,2996.60,,2890.61,,,62583,183194491.60,11339,F1,1,,,,,
2026-09-24,2026-09-24,CM,NSE,STK,758431,INE1JAR25012,KRT,RR,,,,,KNOWLEDGE REALTY TRUST,113.90,114.05,113.40,113.87,113.53,113.70,,113.87,,,1962445,223423339.24,7524,F1,1,,,,,
2026-09-24,2026-09-24,CM,NSE,STK,15283,INE634I01029,KNRCON,EQ,,,,,KNR CONSTRU LTD.,120.49,123.10,119.50,120.03,120.45,121.77,,120.04,,,1488078,180552070.94,15704,F1,1,,,,,
2026-09-24,2026-09-24,CM,NSE,STK,18754,INE0Q7P01013,KODYTECH,ST,,,,,KODY TECHNOLAB LIMITED,1533.00,1555.00,1525.00,1527.25,1527.00,1533.00,,1527.25,,,5500,8457365.00,46,F1,100,,,,,
2026-09-24,2026-09-24,CM,NSE,STK,3009,INE080B01012,KOHINOOR,EQ,,,,,KOHINOOR FOODS LIMITED,31.74,32.59,30.60,30.82,30.60,31.75,,30.82,,,127383,3986988.84,2175,F1,1,,,,,
2026-09-24,2026-09-24,CM,NSE,STK,16827,INE760A01029,KOKUYOCMLN,EQ,,,,,KOKUYO CAMLIN LIMITED,76.35,77.81,76.15,76.64,76.35,76.35,,76.64,,,35121,2702118.88,381,F1,1,,,,,
2026-09-24,2026-09-24,CM,NSE,STK,15124,INE094I01018,KOLTEPATIL,EQ,,,,,KOLTE PATIL DEV. LTD.,441.45,441.45,429.95,432.05,433.25,440.05,,432.01,,,35712,15533771.70,2501,F1,1,,,,,
2026-09-24,2026-09-24,CM,NSE,STK,22475,INE0QEI01011,KONSTELEC,ST,,,,,KONSTELEC ENGINEERS LTD,61.00,61.00,58.85,58.85,58.85,61.90,,58.85,,,9000,532600.00,9,F1,1000,,,,,
2026-09-24,2026-09-24,CM,NSE,STK,1919,INE082A01010,KOPRAN,EQ,,,,,KOPRAN LTD,279.42,284.84,267.30,270.81,272.30,279.42,,270.82,,,379629,105110039.18,6933,F1,1,,,,,
2026-09-24,2026-09-24,CM,NSE,STK,16758,INE0O4R01018,KDL,SM,,,,,KORE DIGITAL LIMITED,60.85,60.85,60.85,60.85,60.85,64.05,,60.85,,,7500,456375.00,33,F1,150,,,,,
2026-09-24,2026-09-24,CM,NSE,STK,14858,INF174KA1HJ8,GOLD1,EQ,,,,,KOTAK GOLD ETF,125.01,125.48,124.58,124.65,124.65,125.96,,124.65,,,1257237,157115550.18,6766,F1,1,,,,,
2026-09-24,2026-09-24,CM,NSE,STK,1922,INE237A01036,KOTAKBANK,EQ,,,,,KOTAK MAHINDRA BANK LTD,407.00,410.00,404.30,405.00,405.00,413.25,,405.07,,,12799846,5204793173.90,153559,F1,1,,,,,
2026-09-24,2026-09-24,CM,NSE,STK,18102,INF174K014P6,NIFTY1,EQ,,,,,KOTAK NIFTY ETF,266.64,266.64,256.12,257.16,257.31,260.14,,257.17,,,119958,30898982.13,1732,F1,1,,,,,
2026-09-24,2026-09-24,CM,NSE,STK,15061,INF174KA1A86,PSUBANK,EQ,,,,,KOTAK PSU BANK,83.39,83.82,82.51,82.92,82.94,83.41,,82.92,,,87881,7287045.01,700,F1,1,,,,,
2026-09-24,2026-09-24,CM,NSE,STK,759885,INF174KA1XV0,CHEMICAL,EQ,,,,,KOTAKMAMC - CHEMICAL,29.56,29.68,29.10,29.13,29.18,29.56,,29.13,,,153885,4506746.82,1256,F1,1,,,,,
2026-09-24,2026-09-24,CM,NSE,STK,7412,INF174KA1IA5,ALPHA,EQ,,,,,KOTAKMAMC - KOTAKALPHA,53.35,53.40,52.52,52.82,52.65,53.42,,52.83,,,870366,46180231.86,3406,F1,1,,,,,
2026-09-24,2026-09-24,CM,NSE,STK,10512,INF174KA1ZF8,CONS,EQ,,,,,KOTAKMAMC - KOTAKCONS,11.71,11.98,11.62,11.73,11.78,11.86,,11.73,,,13268,156479.16,166,F1,1,,,,,
2026-09-24,2026-09-24,CM,NSE,STK,2627,INF174KA1GC5,IT,EQ,,,,,KOTAKMAMC - KOTAKIT,30.64,31.61,30.64,31.42,31.44,31.43,,31.42,,,322846,10140856.69,953,F1,1,,,,,
2026-09-24,2026-09-24,CM,NSE,STK,13950,INF174KA1LV5,LIQUID1,EQ,,,,,KOTAKMAMC - KOTAKLIQ,1118.19,1130.00,1118.19,1123.96,1123.95,1123.81,,1123.96,,,700510,787346134.52,576,F1,1,,,,,
2026-09-24,2026-09-24,CM,NSE,STK,8632,INF174KA1IY5,LOWVOL1,EQ,,,,,KOTAKMAMC - KOTAKLOVOL,20.49,20.49,20.12,20.16,20.12,20.39,,20.16,,,302634,6126879.09,11090,F1,1,,,,,
2026-09-24,2026-09-24,CM,NSE,STK,8077,INF174KA1ZC5,MIDCAP,EQ,,,,,KOTAKMAMC - KOTAKMID50,18.21,18.50,17.89,17.93,17.98,18.31,,17.93,,,602076,10844178.40,1695,F1,1,,,,,
2026-09-24,2026-09-24,CM,NSE,STK,10676,INF174KA1JF2,MNC,EQ,,,,,KOTAKMAMC - KOTAKMNC,32.48,32.53,32.22,32.27,32.34,32.49,,32.27,,,24812,801759.41,391,F1,1,,,,,
2026-09-24,2026-09-24,CM,NSE,STK,13082,INF174KA1ZD3,SILVER1,EQ,,,,,KOTAKMAMC - KOTAKSILVE,22.13,22.17,21.90,21.91,21.91,22.36,,21.91,,,4869469,107343125.52,6004,F1,1,,,,,
2026-09-24,2026-09-24,CM,NSE,STK,11457,INF174KA1ZE1,NV20,EQ,,,,,KOTAKMAMC - KTKNV20ETF,13.55,13.55,13.36,13.43,13.45,13.56,,13.43,,,45583,612034.75,354,F1,1,,,,,
2026-09-24,2026-09-24,CM,NSE,STK,30469,INF174KA1VW2,MID150,EQ,,,,,KOTAKMAMC - MID150,23.47,23.47,22.82,22.90,22.96,23.33,,22.90,,,102632,2363426.76,403,F1,1,,,,,
2026-09-24,2026-09-24,CM,NSE,STK,759488,INF174KA1XS6,MOMENTUM30,EQ,,,,,KOTAKMAMC - MOMENTUM30,31.14,31.14,30.07,30.26,30.25,30.53,,30.26,,,11940,362622.96,151,F1,1,,,,,
2026-09-24,2026-09-24,CM,NSE,STK,29758,INF174KA1VD2,MSCIINDIA,EQ,,,,,KOTAKMAMC - MSCIINDIA,29.15,29.15,28.63,28.83,28.92,29.29,,28.83,,,8334,240695.56,228,F1,1,,,,,
2026-09-24,2026-09-24,CM,NSE,STK,760709,INF174KA1YO3,NEXT50ETF,EQ,,,,,KOTAKMAMC - NEXT50ETF,73.56,73.56,72.11,72.12,72.14,73.20,,72.12,,,20324,1473424.62,248,F1,1,,,,,
2026-09-24,2026-09-24,CM,NSE,STK,29944,INF174KA1UW4,NIFTY100EW,EQ,,,,,KOTAKMAMC - NIFTY100EW,34.35,34.42,34.07,34.19,34.21,34.48,,34.19,,,57305,1960623.45,267,F1,1,,,,,
2026-09-24,2026-09-24,CM,NSE,STK,764195,INF174KA1A94,PVTBANK,EQ,,,,,KOTAKMAMC - PVTBANK,27.31,27.31,26.85,26.96,27.02,27.39,,26.96,,,450586,12184936.34,105,F1,1,,,,,
2026-09-24,2026-09-24,CM,NSE,STK,757946,INF174KA1WT6,QUALITY30,EQ,,,,,KOTAKMAMC - QUALITY30,20.14,20.14,19.77,19.80,19.83,19.95,,19.80,,,5657,112253.06,155,F1,1,,,,,
2026-09-24,2026-09-24,CM,NSE,STK,5851,INF174KA1ZB7,BANKNIFTY1,EQ,,,,,KOTAKMAMC-KOTAKBKETF,60.14,60.14,57.21,57.55,57.55,58.68,,57.55,,,1004664,57930847.72,2126,F1,1,,,,,
2026-09-24,2026-09-24,CM,NSE,STK,762752,INE972A01020,KOTIC,EQ,,,,,KOTHARI INDUSTRIAL CORP L,147.82,154.78,141.30,143.82,145.65,147.11,,143.83,,,29000,4260733.26,718,F1,1,,,,,
2026-09-24,2026-09-24,CM,NSE,STK,4594,INE720A01015,KOTHARIPET,EQ,,,,,KOTHARI PETROCHEM LTD,137.58,137.58,132.76,134.01,134.99,136.81,,134.01,,,28073,3776768.64,696,F1,1,,,,,
2026-09-24,2026-09-24,CM,NSE,STK,5528,INE823A01017,KOTHARIPRO,EQ,,,,,KOTHARI PRODUCTS LTD,68.02,69.86,66.30,67.13,67.00,69.64,,67.12,,,15513,1058610.50,371,F1,1,,,,,
2026-09-24,2026-09-24,CM,NSE,STK,11648,INE419A01022,KOTARISUG,BE,,,,,KOTHARI SUG & CHEM LTD.,26.53,27.30,26.53,26.83,27.00,27.35,,26.83,,,15202,408894.82,142,F1,1,,,,,
2026-09-24,2026-09-24,CM,NSE,STK,761337,INE0J0B01017,KOTYARK,BE,,,,,KOTYARK INDUSTRIES LTD,32.05,32.05,31.00,31.30,31.48,32.05,,31.30,,,106225,3329142.63,309,F1,1,,,,,
2026-09-24,2026-09-24,CM,NSE,STK,5192,INE177F01017,KOVAI,EQ,,,,,KOVAI MEDICAL CENTER & HO,6199.00,6199.00,6036.50,6101.00,6117.00,6160.50,,6101.44,,,3104,18935025.00,813,F1,1,,,,,
2026-09-24,2026-09-24,CM,NSE,STK,5108,INE542W01025,KPIGREEN,EQ,,,,,KPI GREEN ENERGY LIMITED,344.90,344.90,330.10,333.20,334.00,350.05,,333.21,,,2039670,685443741.15,39848,F1,1,,,,,
2026-09-24,2026-09-24,CM,NSE,STK,9683,INE04I401011,KPITTECH,EQ,,,,,KPIT TECHNOLOGIES LIMITED,526.00,527.80,514.00,516.85,516.85,527.00,,516.85,,,1561197,813780262.50,33497,F1,1,,,,,
2026-09-24,2026-09-24,CM,NSE,STK,14912,INE930H01031,KPRMILL,EQ,,,,,KPR MILL LTD.,1130.00,1141.90,1109.90,1113.80,1118.00,1136.70,,1113.82,,,158616,178328823.90,18661,F1,1,,,,,
2026-09-24,2026-09-24,CM,NSE,STK,10577,INE001B01026,KRBL,EQ,,,,,KRBL LIMITED,404.75,410.95,396.20,398.20,398.70,404.85,,398.23,,,360627,145332284.30,15393,F1,1,,,,,
2026-09-24,2026-09-24,CM,NSE,STK,1937,INE268B01013,KREBSBIO,EQ,,,,,KREBS BIOCHEMICALS & IND,57.54,57.89,55.51,57.66,57.77,57.54,,57.66,,,3409,194558.75,63,F1,1,,,,,
2026-09-24,2026-09-24,CM,NSE,STK,11480,INE524L01026,KRIDHANINF,EQ,,,,,KRIDHAN INFRA LIMITED,1.86,1.87,1.81,1.85,1.85,1.84,,1.85,,,16428,30304.78,65,F1,1,,,,,
2026-09-24,2026-09-24,CM,NSE,STK,12847,INE506W01020,KRISHANA,EQ,,,,,KRISHANA PHOSCHEM LIMITED,190.98,191.80,183.20,184.51,183.50,188.15,,184.51,,,631052,118116081.04,6937,F1,1,,,,,
2026-09-24,2026-09-24,CM,NSE,STK,16133,INE0NR701018,KRISHCA,SM,,,,,KRISHCA STRAPPING SLTN L,192.50,230.80,191.00,216.70,218.60,192.35,,216.70,,,451000,98213975.00,629,F1,500,,,,,
2026-09-24,2026-09-24,CM,NSE,STK,756782,INE0GGO01015,KRISHIVAL,EQ,,,,,KRISHIVAL FOODS LIMITED,418.15,419.00,410.00,411.30,415.50,417.35,,411.37,,,8216,3399235.60,330,F1,1,,,,,
2026-09-24,2026-09-24,CM,NSE,STK,761192,INE0J5601015,KRISHNADEF,EQ,,,,,KRISHNA DEF AND ALD IND L,1034.90,1038.00,1012.00,1015.50,1018.00,1032.90,,1015.50,,,45530,46516190.30,3777,F1,1,,,,,
2026-09-24,2026-09-24,CM,NSE,STK,4847,INE967H01025,KIMS,EQ,,,,,KRISHNA INST OF MED SCI L,795.00,811.20,795.00,800.45,802.00,798.05,,800.45,,,260151,208948752.90,16988,F1,1,,,,,
2026-09-24,2026-09-24,CM,NSE,STK,6417,INE479D01038,KRITI,EQ,,,,,KRITI INDUSTRIES IND LTD,61.35,64.00,61.35,61.65,61.40,63.19,,61.68,,,8298,514382.15,213,F1,1,,,,,
2026-09-24,2026-09-24,CM,NSE,STK,11432,INE798K01010,KRITINUT,EQ,,,,,KRITI NUTRIENTS LIMITED,81.00,81.00,77.60,77.81,78.48,80.21,,77.81,,,15010,1188535.08,214,F1,1,,,,,
2026-09-24,2026-09-24,CM,NSE,STK,9288,INE00Z501029,KRITIKA,EQ,,,,,KRITIKA WIRES LIMITED,5.00,5.10,4.99,5.02,5.04,5.00,,5.02,,,99913,504288.10,443,F1,1,,,,,
2026-09-24,2026-09-24,CM,NSE,STK,760624,INE1MTV01019,KRMAYURVED,SM,,,,,KRM AYURVEDA LIMITED,306.45,307.90,300.00,300.30,300.00,302.95,,300.30,,,57000,17259300.00,47,F1,1000,,,,,
2026-09-24,2026-09-24,CM,NSE,STK,25643,INE0Q3J01015,KRN,EQ,,,,,KRN HEAT EXCHANGE N REF L,1411.80,1424.90,1394.20,1401.60,1400.00,1412.60,,1401.50,,,107810,152061507.20,12651,F1,1,,,,,
2026-09-24,2026-09-24,CM,NSE,STK,24026,INE0ATZ01017,KRONOX,BE,,,,,KRONOX LAB SCIENCES LTD,191.00,196.75,191.00,196.75,196.75,187.39,,196.75,,,174809,34272065.38,716,F1,1,,,,,
2026-09-24,2026-09-24,CM,NSE,STK,25252,INE0O6601022,KROSS,EQ,,,,,KROSS LIMITED,276.00,279.34,268.11,272.90,274.00,278.56,,272.89,,,1470381,402155381.39,31661,F1,1,,,,,
2026-09-24,2026-09-24,CM,NSE,STK,5359,INE08LI01020,KRSNAA,EQ,,,,,KRSNAA DIAGNOSTICS LTD,565.00,565.00,549.30,551.25,551.00,560.05,,551.13,,,43526,24119191.10,2035,F1,1,,,,,
2026-09-24,2026-09-24,CM,NSE,STK,23175,INE0QN801017,KRYSTAL,EQ,,,,,KRYSTAL INTEGRATED SER L,635.05,646.95,631.00,637.50,639.90,643.65,,637.50,,,3949,2529473.25,316,F1,1,,,,,
2026-09-24,2026-09-24,CM,NSE,STK,1949,INE999A01023,KSB,EQ,,,,,KSB LIMITED,822.95,822.95,797.30,802.15,804.90,823.20,,802.18,,,90671,72891656.25,7952,F1,1,,,,,
2026-09-24,2026-09-24,CM,NSE,STK,764753,INE953E01022,KSE,EQ,,,,,KSE LTD.,184.00,184.00,178.81,181.11,181.00,178.79,,180.89,,,6832,1236131.44,313,F1,1,,,,,
2026-09-24,2026-09-24,CM,NSE,STK,760433,INE987S01020,KSHINTL,EQ,,,,,KSH INTERNATIONAL LIMITED,1048.00,1069.00,1023.00,1036.00,1044.90,1046.80,,1035.96,,,248567,259586221.75,16225,F1,1,,,,,
2026-09-24,2026-09-24,CM,NSE,STK,10407,INE013801027,KSHITIJPOL,EQ,,,,,KSHITIJ POLYLINE LIMITED,5.06,5.07,5.06,5.06,5.07,4.83,,5.06,,,12906313,65390664.58,5818,F1,1,,,,,
2026-09-24,2026-09-24,CM,NSE,STK,11060,INE0D6I01023,KSOLVES,EQ,,,,,KSOLVES INDIA LIMITED,257.55,258.35,247.35,249.15,249.05,259.05,,249.15,,,54728,13765639.15,2214,F1,1,,,,,
2026-09-24,2026-09-24,CM,NSE,STK,759989,INE1SPP01016,KSR,BE,,,,,KSR FOOTWEAR LIMITED,39.28,40.50,37.60,37.80,38.00,39.28,,37.73,,,24003,912635.66,98,F1,1,,,,,
2026-09-24,2026-09-24,CM,NSE,STK,13870,INE529I01021,KUANTUM,EQ,,,,,KUANTUM PAPERS LIMITED,83.00,83.99,79.10,80.17,80.00,82.87,,80.17,,,87226,7062804.28,1453,F1,1,,,,,
2026-09-24,2026-09-24,CM,NSE,STK,764116,INE0ISX01025,KUSUMGAR,EQ,,,,,KUSUMGAR LIMITED,634.90,634.90,610.55,620.10,620.00,635.10,,620.07,,,261170,161603139.20,13781,F1,1,,,,,
2026-09-24,2026-09-24,CM,NSE,STK,762757,INE552U01010,KPL,EQ,,,,,KWALITY PHARMACEUTICALS L,3743.00,3777.40,3602.00,3642.10,3668.00,3724.50,,3640.75,,,34399,126878521.30,6710,F1,1,,,,,
2026-09-24,2026-09-24,CM,NSE,STK,760946,INE2KCE01013,KWIL,EQ,,,,,KWALITY WALL'S (INDIA) L,41.88,41.88,40.54,40.81,40.75,41.92,,40.81,,,5527010,227293329.53,20593,F1,1,,,,,
2026-09-24,2026-09-24,CM,NSE,STK,765100,INE341H01023,LKPSEC,EQ,,,,,L K P SECURITIES LTD.,15.58,15.58,15.00,15.02,15.02,15.27,,15.06,,,2398,36053.49,43,F1,1,,,,,
2026-09-24,2026-09-24,CM,NSE,STK,24948,INE498L01015,LTF,EQ,,,,,L&T FINANCE LIMITED,279.00,290.60,279.00,282.00,282.00,310.00,,282.03,,,36077849,10275617301.70,218575,F1,1,,,,,
2026-09-24,2026-09-24,CM,NSE,STK,18564,INE010V01017,LTTS,EQ,,,,,L&T TECHNOLOGY SER. LTD.,3233.70,3238.80,3190.00,3209.10,3205.80,3231.30,,3209.07,,,27363,87949604.70,7036,F1,1,,,,,
2026-09-24,2026-09-24,CM,NSE,STK,14423,INE059D01020,LAOPALA,EQ,,,,,LA OPALA RG LIMITED,162.30,163.00,159.45,160.21,159.60,163.06,,160.21,,,98696,15922815.75,2463,F1,1,,,,,
2026-09-24,2026-09-24,CM,NSE,STK,764761,INE519D01015,LADDERUP,BE,,,,,LADDERUP FINANCE LTD.,55.99,56.89,53.19,53.63,53.55,55.95,,53.63,,,3407,185645.53,48,F1,1,,,,,
2026-09-24,2026-09-24,CM,NSE,STK,5865,INE548Z01017,LAGNAM,EQ,,,,,LAGNAM SPINTEX LIMITED,74.00,75.00,72.81,74.99,75.00,75.00,,74.99,,,2832,211311.60,76,F1,1,,,,,
2026-09-24,2026-09-24,CM,NSE,STK,762762,INE515C01023,LAHOTIOV,EQ,,,,,LAHOTI OVERSEAS LTD.,41.00,41.00,37.00,38.28,38.40,40.77,,38.29,,,14264,552962.31,109,F1,1,,,,,
2026-09-24,2026-09-24,CM,NSE,STK,7902,INE850E01012,LFIC,EQ,,,,,LAKSHMI FIN IND CORP LTD,136.50,136.99,131.00,136.36,136.99,136.14,,136.36,,,1564,206948.01,61,F1,1,,,,,
2026-09-24,2026-09-24,CM,NSE,STK,764763,INE938C01019,LAKSHMIMIL,EQ,,,,,LAKSHMI MILLS CO. LTD.,8066.00,8066.00,7721.00,7780.50,7721.00,7716.50,,7780.50,,,20,160046.50,8,F1,1,,,,,
2026-09-24,2026-09-24,CM,NSE,STK,4774,INE651C01018,LAKPRE,BZ,,,,,LAKSHMI PRE SCRE LTD,5.30,5.30,5.00,5.09,5.09,5.05,,5.09,,,45,234.12,5,F1,1,,,,,
2026-09-24,2026-09-24,CM,NSE,STK,25860,INE0VZS01015,LAKSHYA,SM,,,,,LAKSHYA POWERTECH LIMITED,102.00,107.80,101.90,107.80,107.80,98.00,,107.80,,,40800,4294080.00,50,F1,800,,,,,
2026-09-24,2026-09-24,CM,NSE,STK,765361,INE0K9O01026,LALITHAA,EQ,,,,,LALITHAA JEWELLERY MART L,359.00,370.50,356.40,370.50,370.50,352.90,,370.50,,,10872334,3991349806.80,58417,F1,1,,,,,
2026-09-24,2026-09-24,CM,NSE,STK,6407,INE112F01022,LAMBODHARA,EQ,,,,,LAMBODHARA TEXTILES LTD.,120.90,141.50,119.42,139.46,141.50,119.93,,139.44,,,393605,53753060.55,7361,F1,1,,,,,
2026-09-24,2026-09-24,CM,NSE,STK,27225,INE0R0201012,LAMOSAIC,ST,,,,,LAMOSAIC INDIA LIMITED,50.00,51.20,47.65,51.00,51.00,50.15,,51.00,,,322800,16137900.00,154,F1,600,,,,,
2026-09-24,2026-09-24,CM,NSE,STK,9392,INE359U01028,LANCER,EQ,,,,,LANCER CONTAINER LINES L,11.85,11.85,11.11,11.59,11.80,11.78,,11.61,,,340911,3951563.46,965,F1,1,,,,,
2026-09-24,2026-09-24,CM,NSE,STK,23030,INE572G01025,LANCORHOL,BE,,,,,LANCOR HOLDINGS LIMITED,35.48,36.70,33.56,34.03,34.95,34.97,,34.09,,,104968,3745890.56,267,F1,1,,,,,
2026-09-24,2026-09-24,CM,NSE,STK,13276,INE559R01029,LANDMARK,EQ,,,,,LANDMARK CARS LIMITED,500.90,511.15,485.25,489.05,486.10,506.40,,489.07,,,51104,25216203.45,2446,F1,1,,,,,
2026-09-24,2026-09-24,CM,NSE,STK,16863,INE197J01017,LPDC,EQ,,,,,LANDMARK PR.DEV.CO.LTD,6.77,6.77,6.43,6.63,6.65,6.66,,6.63,,,17312,115255.07,132,F1,1,,,,,
2026-09-24,2026-09-24,CM,NSE,STK,17376,INE688J01023,LANDSMILL,EQ,,,,,LANDSMILL GREEN LIMITED,0.55,0.55,0.52,0.52,0.54,0.54,,0.52,,,3840492,2046313.72,1105,F1,1,,,,,
2026-09-24,2026-09-24,CM,NSE,STK,11483,INE018A01030,LT,EQ,,,,,LARSEN & TOUBRO LTD.,3887.30,3907.00,3849.00,3858.40,3858.40,3929.90,,3851.03,,,1649308,6385085057.40,78162,F1,1,,,,,
2026-09-24,2026-09-24,CM,NSE,STK,764126,INE17IR01028,LASERPOWER,EQ,,,,,LASER POWER & INFRA LTD,284.75,285.40,270.40,274.50,273.60,287.40,,274.50,,,834811,230404074.15,15542,F1,1,,,,,
2026-09-24,2026-09-24,CM,NSE,STK,6818,INE0I7C01011,LATENTVIEW,EQ,,,,,LATENT VIEW ANALYTICS LTD,252.90,252.90,245.00,245.40,245.65,253.40,,245.40,,,335304,83087388.05,11554,F1,1,,,,,
2026-09-24,2026-09-24,CM,NSE,STK,15840,INE262Z01023,LATTEYS,EQ,,,,,LATTEYS INDUSTRIES LTD,20.00,20.75,20.00,20.08,20.25,20.35,,20.08,,,42119,846868.40,232,F1,1,,,,,
2026-09-24,2026-09-24,CM,NSE,STK,19234,INE947Q01028,LAURUSLABS,EQ,,,,,LAURUS LABS LIMITED,2021.10,2055.30,2020.00,2026.20,2026.20,2034.00,,2026.20,,,1388039,2832855476.50,56843,F1,1,,,,,
2026-09-24,2026-09-24,CM,NSE,STK,6568,INE801V01019,LAXMICOT,EQ,,,,,LAXMI COTSPIN LIMITED,13.20,14.18,13.01,13.23,13.50,13.40,,13.23,,,3757,50442.09,82,F1,1,,,,,
2026-09-24,2026-09-24,CM,NSE,STK,29171,INE0WO601020,LAXMIDENTL,EQ,,,,,LAXMI DENTAL LIMITED,193.99,201.59,193.56,197.05,196.26,195.09,,197.05,,,95949,18964721.33,2638,F1,1,,,,,
2026-09-24,2026-09-24,CM,NSE,STK,19876,INE258Y01016,LGHL,EQ,,,,,LAXMI GOLDORNA HOUSE LTD,171.30,192.00,171.30,181.48,185.00,176.62,,181.48,,,38541,7115725.35,390,F1,1,,,,,
2026-09-24,2026-09-24,CM,NSE,STK,758863,INE06WU01026,LAXMIINDIA,EQ,,,,,LAXMI INDIA FINANCE LTD,126.40,126.40,119.40,120.66,121.00,126.12,,120.62,,,152816,18612154.92,2811,F1,1,,,,,
2026-09-24,2026-09-24,CM,NSE,STK,2841,INE576O01020,LXCHEM,EQ,,,,,LAXMI ORGANIC INDUS LTD,186.05,187.00,179.92,180.61,180.69,188.44,,180.61,,,1098678,201352177.44,17477,F1,1,,,,,
2026-09-24,2026-09-24,CM,NSE,STK,7529,INE938A01021,LCCINFOTEC,EQ,,,,,LCC INFOTECH LTD,4.03,4.03,3.99,4.03,4.03,3.84,,4.03,,,120873,487101.86,85,F1,1,,,,,
2026-09-24,2026-09-24,CM,NSE,STK,766044,INE1FPN01026,LCCPROJECT,EQ,,,,,LCC PROJECTS LIMITED,146.35,146.35,141.87,144.22,143.80,146.59,,144.18,,,1209866,173704662.06,18258,F1,1,,,,,
2026-09-24,2026-09-24,CM,NSE,STK,760300,INE0G1L01025,LEMERITE,EQ,,,,,LE MERITE EXPORTS LIMITED,20.45,20.85,19.50,20.59,19.83,19.88,,20.59,,,220522,4492650.11,637,F1,1,,,,,
2026-09-24,2026-09-24,CM,NSE,STK,24067,INE0HV901016,IXIGO,EQ,,,,,LE TRAVENUES TECHNOLOGY L,163.90,163.91,158.80,159.31,159.30,163.90,,159.31,,,576315,92356499.40,7814,F1,1,,,,,
2026-09-24,2026-09-24,CM,NSE,STK,14204,INE0H4B01011,LRRPL,SM,,,,,LEAD REC AND RUB PROD LTD,97.00,98.00,97.00,98.00,98.00,95.55,,98.00,,,4500,438000.00,3,F1,1500,,,,,
2026-09-24,2026-09-24,CM,NSE,STK,764523,INE00GO01025,LEAPIND,EQ,,,,,LEAP INDIA LIMITED,146.45,148.16,142.11,143.09,142.70,148.62,,143.08,,,1423067,206497943.58,16418,F1,1,,,,,
2026-09-24,2026-09-24,CM,NSE,STK,765098,INE791B01014,LEENEE,BE,,,,,LEE & NEE SOFTWARES (E) L,7.89,8.21,7.51,7.80,7.80,7.90,,7.80,,,16954,132119.54,44,F1,1,,,,,
2026-09-24,2026-09-24,CM,NSE,STK,757014,INE0AQ201015,THELEELA,EQ,,,,,LEELA PALACES HOTEL LTD,540.05,545.65,530.50,533.20,537.40,544.95,,533.17,,,137918,74183325.05,11079,F1,1,,,,,
2026-09-24,2026-09-24,CM,NSE,STK,2606,INE970X01018,LEMONTREE,EQ,,,,,LEMON TREE HOTELS LTD,107.00,107.70,106.20,106.72,106.80,107.92,,106.72,,,1819035,194140798.58,21486,F1,1,,,,,
2026-09-24,2026-09-24,CM,NSE,STK,759605,INE956O01016,LENSKART,EQ,,,,,LENSKART SOLUTIONS LTD,681.50,691.90,673.55,676.00,679.60,686.70,,676.00,,,3191467,2182614271.90,101558,F1,1,,,,,
2026-09-24,2026-09-24,CM,NSE,STK,14459,INE500X01013,LEXUS,EQ,,,,,LEXUS GRANITO (INDIA) LTD,12.90,12.90,12.12,12.19,12.17,12.50,,12.19,,,14276,179148.58,149,F1,1,,,,,
2026-09-24,2026-09-24,CM,NSE,STK,18321,INE337A01034,LGBBROSLTD,EQ,,,,,LG BALAKRISHNAN & BROS,1720.00,1764.90,1710.10,1745.30,1735.40,1734.50,,1744.39,,,25762,44783613.10,3647,F1,1,,,,,
2026-09-24,2026-09-24,CM,NSE,STK,760213,INE324D01010,LGEINDIA,EQ,,,,,LG ELECTRONICS INDIA LTD,1685.00,1719.90,1669.90,1697.70,1695.80,1694.20,,1697.70,,,527914,898273877.60,58428,F1,1,,,,,
2026-09-24,2026-09-24,CM,NSE,STK,11082,INE908V01012,LIBAS,EQ,,,,,LIBAS CONSU PRODUCTS LTD,12.00,12.56,11.15,12.02,12.56,12.09,,12.02,,,241544,2801851.29,752,F1,1,,,,,
2026-09-24,2026-09-24,CM,NSE,STK,1994,INE557B01019,LIBERTSHOE,EQ,,,,,LIBERTY SHOES LTD,241.40,242.34,235.00,237.84,239.25,235.48,,237.80,,,45513,10841777.80,2073,F1,1,,,,,
2026-09-24,2026-09-24,CM,NSE,STK,1997,INE115A01026,LICHSGFIN,EQ,,,,,LIC HOUSING FINANCE LTD,569.80,571.90,563.80,564.25,564.25,572.50,,564.25,,,1297709,736609911.65,17530,F1,1,,,,,
2026-09-24,2026-09-24,CM,NSE,STK,25640,INF767K01SM1,LICMFGOLD,EQ,,,,,LIC MF - LIC GOLD ETF,135.70,135.70,134.20,134.50,134.70,135.90,,134.50,,,24030,3241434.45,487,F1,1,,,,,
2026-09-24,2026-09-24,CM,NSE,STK,11319,INF767K01OS7,LICNETFN50,EQ,,,,,LICNAMC - LICNFENGP,262.23,262.42,259.94,260.13,260.13,263.90,,260.13,,,806,210723.44,29,F1,1,,,,,
2026-09-24,2026-09-24,CM,NSE,STK,11441,INF767K01OT5,LICNETFSEN,EQ,,,,,LICNAMC - LICNFESGP,840.54,840.54,834.79,835.18,835.18,844.27,,835.18,,,9,7525.15,5,F1,1,,,,,
2026-09-24,2026-09-24,CM,NSE,STK,15229,INF767K01PC8,LICNFNHGP,EQ,,,,,LICNAMC - LICNFNHGP,274.19,276.93,267.20,275.99,275.99,274.19,,275.99,,,85,23101.31,28,F1,1,,,,,
2026-09-24,2026-09-24,CM,NSE,STK,6062,INF767K01MV5,LICNETFGSC,EQ,,,,,LICNAMC - LICNMFET,29.48,29.48,29.07,29.16,29.19,29.27,,29.16,,,7011,204177.77,61,F1,1,,,,,
2026-09-24,2026-09-24,CM,NSE,STK,22722,INF767K01RN1,LICNMID100,EQ,,,,,LICNAMC - LICNMID100,62.98,62.98,61.22,61.29,61.30,62.75,,61.29,,,6888,424698.57,144,F1,1,,,,,
2026-09-24,2026-09-24,CM,NSE,STK,9480,INE0J1Y01017,LICI,EQ,,,,,LIFE INSURA CORP OF INDIA,400.90,417.80,398.50,406.00,406.00,407.50,,406.00,,,14741490,6021172772.80,132216,F1,1,,,,,
2026-09-24,2026-09-24,CM,NSE,STK,578,INE060901027,LIKHITHA,EQ,,,,,LIKHITHA INFRASTRUC LTD,230.35,236.50,227.00,227.38,227.18,229.21,,227.43,,,34331,7862639.90,842,F1,1,,,,,
2026-09-24,2026-09-24,CM,NSE,STK,6951,INE802B01027,LINC,EQ,,,,,LINC LIMITED,94.89,94.89,91.62,92.24,91.82,93.85,,92.24,,,39577,3645160.03,432,F1,1,,,,,
2026-09-24,2026-09-24,CM,NSE,STK,11596,INE405C01035,LINCOLN,EQ,,,,,LINCOLN PHARMA LTD,603.00,604.35,590.10,594.65,595.00,603.55,,594.66,,,16062,9580478.85,1361,F1,1,,,,,
2026-09-24,2026-09-24,CM,NSE,STK,1627,INE473A01011,LINDEINDIA,EQ,,,,,LINDE INDIA LIMITED,6270.00,6333.50,6166.50,6196.50,6200.00,6286.00,,6196.52,,,11679,72670433.50,3252,F1,1,,,,,
2026-09-24,2026-09-24,CM,NSE,STK,17801,INE093R01011,LLOYDSENGG,EQ,,,,,LLOYDS ENGG WORK LIMITED,90.25,93.00,90.10,90.91,90.80,91.52,,90.91,,,10861920,994657347.09,50470,F1,1,,,,,
2026-09-24,2026-09-24,CM,NSE,STK,25807,INE080I01025,LLOYDSENT,EQ,,,,,LLOYDS ENTERPRISES LTD,72.71,77.15,72.71,75.58,75.29,74.15,,75.58,,,4465318,338261114.71,25651,F1,1,,,,,
2026-09-24,2026-09-24,CM,NSE,STK,11472,INE0DTQ01028,LLOYDS,SM,,,,,LLOYDS LUXURIES LIMITED,61.70,61.70,61.70,61.70,61.70,62.00,,61.70,,,1000,61700.00,1,F1,1000,,,,,
2026-09-24,2026-09-24,CM,NSE,STK,17313,INE281B01032,LLOYDSME,EQ,,,,,LLOYDS METALS N ENERGY L,1870.00,1881.50,1816.00,1821.90,1821.20,1890.90,,1821.95,,,278524,514890053.10,22881,F1,1,,,,,
2026-09-24,2026-09-24,CM,NSE,STK,1979,INE269B01029,LMW,EQ,,,,,LMW LIMITED,17145.00,17339.00,17049.00,17136.00,17151.00,17126.00,,17136.03,,,2245,38577170.00,1026,F1,1,,,,,
2026-09-24,2026-09-24,CM,NSE,STK,3220,INE670K01029,LODHA,EQ,,,,,LODHA DEVELOPERS LIMITED,1153.00,1177.00,1148.90,1158.00,1158.00,1162.50,,1157.99,,,1243527,1448426629.50,33598,F1,1,,,,,
2026-09-24,2026-09-24,CM,NSE,STK,764296,INE0QJW01029,LCL,EQ,,,,,LOHIA CORP LIMITED,572.60,589.00,571.80,575.55,573.70,577.55,,575.38,,,218144,126581756.60,15519,F1,1,,,,,
2026-09-24,2026-09-24,CM,NSE,STK,13436,INE397H01017,LOKESHMACH,EQ,,,,,LOKESH MACHINES LTD,360.15,362.75,342.00,342.90,342.25,359.25,,342.89,,,43467,15224706.55,2140,F1,1,,,,,
2026-09-24,2026-09-24,CM,NSE,STK,18232,INE846D01012,LORDSCHLO,EQ,,,,,LORDS CHLORO ALKALI LTD,140.00,140.00,132.20,134.50,134.57,137.38,,134.50,,,12002,1617838.56,406,F1,1,,,,,
2026-09-24,2026-09-24,CM,NSE,STK,14924,INE740X01023,LAL,EQ,,,,,LORENZINI APPARELS LTD,8.72,9.49,8.47,9.07,8.80,8.57,,9.07,,,163991,1487272.50,383,F1,1,,,,,
2026-09-24,2026-09-24,CM,NSE,STK,764768,INE026D01011,LOTUSCHO,EQ,,,,,LOTUS CHOCOLATE CO. LTD.,578.70,578.70,560.00,566.15,567.50,562.40,,566.75,,,1318,748115.35,188,F1,1,,,,,
2026-09-24,2026-09-24,CM,NSE,STK,16807,INE947I01017,LOTUSEYE,EQ,,,,,LOTUS EYE HOSP & INST L,115.00,115.86,112.50,113.23,113.11,115.24,,113.26,,,3217,365751.54,84,F1,1,,,,,
2026-09-24,2026-09-24,CM,NSE,STK,22415,INE597L01014,LOVABLE,EQ,,,,,LOVABLE LINGERIE LTD,71.00,71.50,69.00,69.70,69.94,71.38,,69.72,,,8216,573420.15,341,F1,1,,,,,
2026-09-24,2026-09-24,CM,NSE,STK,10590,INE970D01010,LOYALTEX,EQ,,,,,LOYAL TEXTILE MILLS LTD,240.90,240.90,221.27,223.98,221.60,231.23,,223.37,,,6531,1531737.33,245,F1,1,,,,,
2026-09-24,2026-09-24,CM,NSE,STK,13816,INE818H01020,LTFOODS,EQ,,,,,LT FOODS LIMITED,426.95,433.85,423.00,424.50,427.30,430.00,,424.48,,,257102,110087021.80,15707,F1,1,,,,,
2026-09-24,2026-09-24,CM,NSE,STK,17818,INE214T01019,LTM,EQ,,,,,LTM LIMITED,4031.00,4089.00,4011.00,4038.00,4038.00,4085.00,,4038.00,,,350005,1419913301.30,28623,F1,1,,,,,
2026-09-24,2026-09-24,CM,NSE,STK,14014,INE872H01027,LUMAXTECH,EQ,,,,,LUMAX AUTO TECH LTD,2049.40,2099.80,2026.90,2068.80,2060.00,2044.90,,2068.22,,,122712,254852270.80,23425,F1,1,,,,,
2026-09-24,2026-09-24,CM,NSE,STK,2018,INE162B01018,LUMAXIND,EQ,,,,,LUMAX INDUSTRIES LTD,5808.00,5808.00,5710.00,5732.50,5765.00,5788.00,,5732.47,,,5160,29692659.50,1867,F1,1,,,,,
2026-09-24,2026-09-24,CM,NSE,STK,765524,INE185Q01025,LUMINO,EQ,,,,,LUMINO INDUSTRIES LIMITED,108.53,110.44,106.50,107.22,107.50,109.90,,107.22,,,5968222,644989327.02,28405,F1,1,,,,,
2026-09-24,2026-09-24,CM,NSE,STK,10440,INE326A01037,LUPIN,EQ,,,,,LUPIN LIMITED,2099.90,2114.80,2084.50,2100.70,2100.70,2102.80,,2100.70,,,533164,1118527029.80,37101,F1,1,,,,,
2026-09-24,2026-09-24,CM,NSE,STK,11301,INE150G01020,LUXIND,EQ,,,,,LUX INDUSTRIES LIMITED,1180.00,1190.00,1155.40,1167.80,1170.00,1186.50,,1167.60,,,18229,21405505.80,1545,F1,1,,,,,
2026-09-24,2026-09-24,CM,NSE,STK,7248,INE933A01014,LYKALABS,BE,,,,,LYKA LABS LTD.,88.00,88.00,87.00,87.00,87.00,87.10,,87.10,,,65274,5708572.80,95,F1,1,,,,,
2026-09-24,2026-09-24,CM,NSE,STK,758150,INE08N601015,MBEL,EQ,,,,,M AND B ENGINEERING LTD,259.90,270.40,256.00,263.95,265.00,261.00,,263.94,,,109451,28860925.65,6321,F1,1,,,,,
2026-09-24,2026-09-24,CM,NSE,STK,765120,INE227F01010,MKEXIM,EQ,,,,,M K EXIM (INDIA) LTD.,68.90,68.90,67.50,68.64,68.88,68.13,,69.07,,,20858,1419259.27,207,F1,1,,,,,
2026-09-24,2026-09-24,CM,NSE,STK,16736,INE964W01021,MKPL,EQ,,,,,M K PROTEINS LIMITED,4.04,4.07,4.00,4.01,4.01,4.04,,4.02,,,45022,181336.07,216,F1,1,,,,,
2026-09-24,2026-09-24,CM,NSE,STK,22360,INE813V01022,MCL,EQ,,,,,M TEK COPPER LIMITED,61.00,63.00,60.00,61.61,61.00,60.75,,61.61,,,143738,8841200.21,2016,F1,1,,,,,
2026-09-24,2026-09-24,CM,NSE,STK,13285,INE774D01024,M&MFIN,EQ,,,,,M&M FIN. SERVICES LTD,343.35,343.35,334.45,339.90,339.00,348.60,,339.90,,,1834421,623276161.90,59986,F1,1,,,,,
2026-09-24,2026-09-24,CM,NSE,STK,22976,INE0SGC01015,MVKAGRO,SM,,,,,M.V.K. AGRO FOOD PROD LTD,199.05,219.95,199.05,219.95,219.95,209.50,,219.95,,,195600,40635945.00,163,F1,300,,,,,
2026-09-24,2026-09-24,CM,NSE,STK,15017,INE215I01027,MAANALU,EQ,,,,,MAAN ALUMINIUM LIMITED,105.00,105.00,102.25,102.62,102.65,103.93,,102.62,,,37559,3887453.60,957,F1,1,,,,,
2026-09-24,2026-09-24,CM,NSE,STK,762782,INE435D01014,MCCHRLS-B,EQ,,,,,MAC CHARLES (INDIA) LTD.,679.80,679.80,645.00,677.85,679.80,657.10,,677.85,,,297,198468.25,51,F1,1,,,,,
2026-09-24,2026-09-24,CM,NSE,STK,24545,INE0R0J01010,MACOBSTECH,SM,,,,,MACOBS TECHNOLOGIES LTD,204.00,206.00,204.00,206.00,206.00,202.00,,206.00,,,34400,7019200.00,3,F1,800,,,,,
2026-09-24,2026-09-24,CM,NSE,STK,22347,INE155Z01011,MACPOWER,EQ,,,,,MACPOWER CNC MACHINES LTD,2059.50,2170.00,2018.10,2061.10,2059.90,2059.50,,2061.10,,,57329,120185249.30,8450,F1,1,,,,,
2026-09-24,2026-09-24,CM,NSE,STK,762767,INE631R01026,MADHAVIPL,EQ,,,,,MADHAV INFRA PROJECTS L,7.84,7.90,7.18,7.59,7.61,7.67,,7.58,,,189234,1420718.31,589,F1,1,,,,,
2026-09-24,2026-09-24,CM,NSE,STK,15151,INE925C01016,MADHAV,EQ,,,,,MADHAV MARBLE & GRANITE,35.45,35.82,33.72,34.46,34.46,34.57,,34.48,,,2431,84220.78,95,F1,1,,,,,
2026-09-24,2026-09-24,CM,NSE,STK,13671,INE378D01032,MADHUCON,EQ,,,,,MADHUCON PROJECTS LTD.,4.06,4.30,3.94,4.25,4.25,4.14,,4.26,,,21341,87606.21,70,F1,1,,,,,
2026-09-24,2026-09-24,CM,NSE,STK,765476,INE1P5601010,MADHURKNIT,SM,,,,,MADHUR KNIT CRAFTS LTD,46.00,46.80,44.60,45.90,45.15,45.55,,45.90,,,43200,1970580.00,31,F1,1200,,,,,
2026-09-24,2026-09-24,CM,NSE,STK,18738,INE0P6701019,MADHUSUDAN,ST,,,,,MADHUSUDAN MASALA LIMITED,225.00,225.00,217.80,224.30,225.00,225.55,,224.30,,,12000,2669500.00,12,F1,1000,,,,,
2026-09-24,2026-09-24,CM,NSE,STK,12686,INE900L01028,MBAPL,EQ,,,,,MADHYA BHARAT AGRO P. LTD,169.00,169.00,162.91,164.07,163.88,167.51,,164.07,,,459173,75779774.82,5092,F1,1,,,,,
2026-09-24,2026-09-24,CM,NSE,STK,4911,INE414A01015,MADRASFERT,EQ,,,,,MADRAS FERTILISERS LTD,61.89,61.89,60.50,60.72,60.55,61.47,,60.72,,,19924,1217198.60,482,F1,1,,,,,
2026-09-24,2026-09-24,CM,NSE,STK,762772,INE270B01035,MAFATIND,EQ,,,,,MAFATLAL INDUSTRIES LTD.,120.50,122.00,119.41,119.81,119.60,121.05,,119.83,,,23718,2856269.71,918,F1,1,,,,,
2026-09-24,2026-09-24,CM,NSE,STK,21392,INE347W01011,MAGADSUGAR,EQ,,,,,MAGADH SUGAR & ENERGY LTD,502.20,506.45,499.90,503.00,501.40,509.20,,503.00,,,9365,4718214.00,647,F1,1,,,,,
2026-09-24,2026-09-24,CM,NSE,STK,29482,INE613C01026,MCLOUD,EQ,,,,,MAGELLANIC CLOUD LIMITED,25.30,25.30,24.56,24.90,24.97,25.41,,24.90,,,710919,17808898.54,2623,F1,1,,,,,
2026-09-24,2026-09-24,CM,NSE,STK,14957,INE387I01016,MAGNUM,EQ,,,,,MAGNUM VENTURES LTD.,19.00,19.10,18.56,18.65,18.58,19.00,,18.65,,,12019,226819.60,82,F1,1,,,,,
2026-09-24,2026-09-24,CM,NSE,STK,17088,INE0O1S01012,MAGSON,SM,,,,,MAGSON RETAIL AND DIST L,180.00,180.00,179.60,180.00,180.00,180.00,,180.00,,,215000,38699600.00,67,F1,1000,,,,,
2026-09-24,2026-09-24,CM,NSE,STK,5239,INE843B01013,MAHAPEXLTD,EQ,,,,,MAHA RASHTRA APEX COPR. L,53.00,54.80,51.00,51.74,51.86,53.00,,51.66,,,16177,839679.89,282,F1,1,,,,,
2026-09-24,2026-09-24,CM,NSE,STK,24937,INE0US801024,MFML,EQ,,,,,MAHALAXMI FABRIC MILLS LT,18.84,19.48,17.05,19.16,19.47,18.22,,19.19,,,21958,410678.85,234,F1,1,,,,,
2026-09-24,2026-09-24,CM,NSE,STK,7889,INE112D01035,MHLXMIRU,BE,,,,,MAHALAXMI RUBTECH LIMITED,156.45,164.81,150.00,162.68,162.10,156.97,,164.28,,,16516,2624834.56,175,F1,1,,,,,
2026-09-24,2026-09-24,CM,NSE,STK,17531,INE451L01014,MAHASTEEL,BE,,,,,MAHAMAYA STEEL INDS LTD,1179.80,1214.60,1164.00,1211.90,1214.00,1156.80,,1212.08,,,5126,6173723.60,518,F1,1,,,,,
2026-09-24,2026-09-24,CM,NSE,STK,17534,INE002S01010,MGL,EQ,,,,,MAHANAGAR GAS LTD.,1083.70,1092.00,1077.40,1079.60,1079.00,1092.80,,1079.59,,,51860,56231467.90,6783,F1,1,,,,,
2026-09-24,2026-09-24,CM,NSE,STK,2294,INE153A01019,MTNL,EQ,,,,,MAHANAGAR TELEPHONE NIGAM,24.30,24.30,23.67,23.81,23.84,24.36,,23.81,,,588746,14050214.39,2903,F1,1,,,,,
2026-09-24,2026-09-24,CM,NSE,STK,2085,INE288A01013,MAHSCOOTER,EQ,,,,,MAHARASHTRA SCOOTERS LTD,13121.00,13300.00,13080.00,13255.00,13298.00,13269.00,,13249.97,,,3227,42682331.00,1183,F1,1,,,,,
2026-09-24,2026-09-24,CM,NSE,STK,2088,INE271B01025,MAHSEAMLES,EQ,,,,,MAHARASHTRA SEAMLESS LTD,698.70,723.90,696.05,708.55,710.00,702.75,,708.54,,,232935,165849527.30,16866,F1,1,,,,,
2026-09-24,2026-09-24,CM,NSE,STK,758688,INE632Q01018,MRIL,ST,,,,,MAHENDRA REALTO & INFRA L,79.95,83.00,79.95,81.15,83.00,80.85,,81.15,,,16000,1298240.00,6,F1,1600,,,,,
2026-09-24,2026-09-24,CM,NSE,STK,9576,INE263W01010,MAHESHWARI,EQ,,,,,MAHESHWARI LOGISTICS LTD.,72.75,73.20,72.70,72.70,72.70,72.83,,72.70,,,7920,576271.00,22,F1,1,,,,,
2026-09-24,2026-09-24,CM,NSE,STK,2839,INE961Y01015,MAHICKRA,SM,,,,,MAHICKRA CHEMICAL LIMITED,297.00,297.00,297.00,297.00,297.00,297.00,,297.00,,,750,222750.00,1,F1,750,,,,,
2026-09-24,2026-09-24,CM,NSE,STK,2031,INE101A01026,M&M,EQ,,,,,MAHINDRA & MAHINDRA LTD,3028.80,3039.00,2982.70,2982.70,2982.70,3035.00,,2976.18,,,1903721,5723520447.10,87552,F1,1,,,,,
2026-09-24,2026-09-24,CM,NSE,STK,17603,INE215D01010,MAHEPC,EQ,,,,,MAHINDRA EPC IRRIG LTD,99.02,100.98,98.00,98.19,98.02,100.45,,98.19,,,18772,1855766.00,630,F1,1,,,,,
2026-09-24,2026-09-24,CM,NSE,STK,17333,INE998I01010,MHRIL,EQ,,,,,MAHINDRA HOLIDAYS LTD,201.39,201.99,198.00,199.71,200.00,201.39,,199.67,,,54816,10953432.98,2820,F1,1,,,,,
2026-09-24,2026-09-24,CM,NSE,STK,8050,INE813A01018,MAHLIFE,EQ,,,,,MAHINDRA LIFESPACE DEVLTD,356.60,360.55,347.85,353.90,352.35,356.60,,353.77,,,68743,24208119.15,4868,F1,1,,,,,
2026-09-24,2026-09-24,CM,NSE,STK,385,INE766P01016,MAHLOG,EQ,,,,,MAHINDRA LOGISTIC LIMITED,415.90,429.20,411.55,420.05,420.00,416.55,,420.03,,,499911,211659809.50,16553,F1,1,,,,,
2026-09-24,2026-09-24,CM,NSE,STK,24538,INE683C01011,MAITHANALL,EQ,,,,,MAITHAN ALLOYS LTD,996.05,1004.85,975.00,977.10,977.95,1009.90,,976.78,,,65584,64725541.10,4518,F1,1,,,,,
2026-09-24,2026-09-24,CM,NSE,STK,19809,INE0PLQ01011,MAITREYA,SM,,,,,MAITREYA MEDICARE LIMITED,116.45,116.50,116.45,116.50,116.50,116.60,,116.50,,,800,93180.00,2,F1,400,,,,,
2026-09-24,2026-09-24,CM,NSE,STK,762780,INE201B01022,MAJESAUT,BE,,,,,MAJESTIC AUTO LTD.,372.80,372.80,366.00,369.55,369.00,371.50,,373.56,,,1516,559865.50,82,F1,1,,,,,
2026-09-24,2026-09-24,CM,NSE,STK,764773,INE987A01010,MAKERSL,EQ,,,,,MAKERS LABORATORIES LTD.,184.50,191.00,184.00,189.42,184.60,182.88,,187.76,,,2038,378970.08,48,F1,1,,,,,
2026-09-24,2026-09-24,CM,NSE,STK,11218,INE0CDK01019,MAKS,SM,,,,,MAKS ENERGY SOL INDIA LTD,15.00,15.00,15.00,15.00,15.00,14.35,,15.00,,,1500,22500.00,1,F1,1500,,,,,
2026-09-24,2026-09-24,CM,NSE,STK,7965,INE389C01015,MALLCOM,EQ,,,,,MALLCOM (INDIA) LIMITED,970.10,972.00,950.00,950.80,950.60,975.35,,950.80,,,6604,6354393.00,234,F1,1,,,,,
2026-09-24,2026-09-24,CM,NSE,STK,13352,INE383H01017,MALUPAPER,EQ,,,,,MALU PAPER MILLS LIMITED,32.63,33.39,31.71,31.79,31.95,31.99,,31.79,,,3983,127083.50,71,F1,1,,,,,
2026-09-24,2026-09-24,CM,NSE,STK,28687,INE0TO701015,MAMATA,EQ,,,,,MAMATA MACHINERY LIMITED,422.70,422.70,397.35,403.80,401.65,423.35,,403.78,,,144579,58498134.55,7014,F1,1,,,,,
2026-09-24,2026-09-24,CM,NSE,STK,7413,INE830Q01018,MANAKCOAT,EQ,,,,,MAN COAT METAL & IND LTD,131.99,134.16,130.00,131.16,131.91,131.99,,131.15,,,224387,29571784.72,2924,F1,1,,,,,
2026-09-24,2026-09-24,CM,NSE,STK,11884,INE993A01026,MANINDS,EQ,,,,,MAN INDUSTRIES (I) LTD.,990.75,990.90,956.55,962.85,962.95,986.70,,962.78,,,1416561,1374677898.75,49669,F1,1,,,,,
2026-09-24,2026-09-24,CM,NSE,STK,18226,INE949H01023,MANINFRA,EQ,,,,,MAN INFRA LTD,123.90,125.45,123.45,124.17,124.25,124.75,,124.16,,,1221376,151999438.77,8363,F1,1,,,,,
2026-09-24,2026-09-24,CM,NSE,STK,7420,INE859Q01017,MANAKALUCO,EQ,,,,,MANAK ALUMINIUM CO. LTD.,36.48,36.48,35.00,35.31,35.69,35.96,,35.31,,,30719,1087390.41,543,F1,1,,,,,
2026-09-24,2026-09-24,CM,NSE,STK,15199,INE015D01022,MANAKSIA,EQ,,,,,MANAKSIA LTD.,65.98,66.45,63.71,64.03,64.20,66.80,,64.04,,,73292,4727740.53,992,F1,1,,,,,
2026-09-24,2026-09-24,CM,NSE,STK,7482,INE824Q01011,MANAKSTEEL,BE,,,,,MANAKSIA STEELS LTD,106.05,107.25,101.29,102.14,102.40,106.62,,102.52,,,63951,6553936.12,235,F1,1,,,,,
2026-09-24,2026-09-24,CM,NSE,STK,13796,INE201A01024,MANALIPETC,EQ,,,,,MANALI PETROCHEMICALS LT,87.10,87.10,82.62,83.28,83.30,87.69,,83.28,,,1080286,91411972.95,7148,F1,1,,,,,
2026-09-24,2026-09-24,CM,NSE,STK,19061,INE522D01027,MANAPPURAM,EQ,,,,,MANAPPURAM FINANCE LTD,314.40,327.00,313.15,324.95,324.95,320.40,,324.96,,,4674648,1498750825.50,37107,F1,1,,,,,
2026-09-24,2026-09-24,CM,NSE,STK,759351,INE0U4H01011,MPEL,SM,,,,,MANAS POLYMER N ENERGIE L,24.25,24.25,23.25,24.25,24.25,23.10,,24.25,,,30400,735280.00,18,F1,1600,,,,,
2026-09-24,2026-09-24,CM,NSE,STK,25597,INE939X01013,MANBA,EQ,,,,,MANBA FINANCE LIMITED,139.00,145.40,138.88,140.35,139.90,139.19,,140.35,,,243633,34615240.13,3840,F1,1,,,,,
2026-09-24,2026-09-24,CM,NSE,STK,23779,INE0R3T01013,MANDEEP,SM,,,,,MANDEEP AUTO INDUSTRIES L,18.30,18.30,17.75,17.75,17.75,18.40,,17.75,,,18000,322800.00,6,F1,2000,,,,,
2026-09-24,2026-09-24,CM,NSE,STK,24823,INE545L01039,MANCREDIT,EQ,,,,,MANGAL CREDIT N FINCORP L,222.02,227.50,221.00,222.52,221.01,225.17,,222.52,,,118659,26717331.07,1776,F1,1,,,,,
2026-09-24,2026-09-24,CM,NSE,STK,758748,INE0PKD01011,MEIL,EQ,,,,,MANGAL ELECTRICAL IND L,270.45,275.00,269.00,272.70,273.75,274.25,,272.70,,,27992,7632346.90,1516,F1,1,,,,,
2026-09-24,2026-09-24,CM,NSE,STK,19137,INE00C401011,MAL,ST,,,,,MANGALAM ALLOYS LIMITED,42.00,42.50,41.50,41.75,41.75,43.55,,41.75,,,14400,604560.00,8,F1,1600,,,,,
2026-09-24,2026-09-24,CM,NSE,STK,2106,INE347A01017,MANGLMCEM,EQ,,,,,MANGALAM CEMENT LTD,1029.00,1049.00,1014.80,1031.50,1032.00,1033.30,,1031.61,,,57124,58947589.60,2971,F1,1,,,,,
2026-09-24,2026-09-24,CM,NSE,STK,11817,INE584F01014,MANGALAM,EQ,,,,,MANGALAM DRUG & CHEM LTD,32.64,32.64,31.42,31.65,31.51,32.32,,31.66,,,33768,1072321.05,394,F1,1,,,,,
2026-09-24,2026-09-24,CM,NSE,STK,1593,INE0APB01032,MGEL,EQ,,,,,MANGALAM GLOBAL ENT LTD,15.70,15.90,15.30,15.63,15.51,15.49,,15.62,,,3566425,55304667.66,1214,F1,1,,,,,
2026-09-24,2026-09-24,CM,NSE,STK,6422,INE370D01013,MANORG,EQ,,,,,MANGALAM ORGANICS LIMITED,457.90,462.70,452.00,453.15,456.00,458.15,,453.11,,,2268,1033911.60,177,F1,1,,,,,
2026-09-24,2026-09-24,CM,NSE,STK,759169,INE0JYY01029,MWL,EQ,,,,,MANGALAM WORLDWIDE LTD,44.60,44.86,43.50,43.86,44.38,44.63,,43.85,,,391087,17232966.82,2695,F1,1,,,,,
2026-09-24,2026-09-24,CM,NSE,STK,24629,INE0R3101011,MIEL,SM,,,,,MANGLAM INFRA & ENG LTD,12.65,12.90,12.65,12.90,12.90,12.30,,12.90,,,6000,76900.00,3,F1,2000,,,,,
2026-09-24,2026-09-24,CM,NSE,STK,766140,INE0KWF01020,MANIKA,BE,,,,,MANIKA PLASTECH LIMITED,42.00,42.57,41.10,41.46,41.14,42.58,,41.48,,,559031,23475990.06,2544,F1,1,,,,,
2026-09-24,2026-09-24,CM,NSE,STK,764357,INE459N01021,MANIPALHOS,EQ,,,,,MANIPAL HEALTH ENTERPRI L,760.60,763.20,736.25,742.50,740.00,760.95,,742.57,,,952691,714336104.70,36505,F1,1,,,,,
2026-09-24,2026-09-24,CM,NSE,STK,766051,INE241U01028,MPIMANIPAL,EQ,,,,,MANIPAL PAYMENT & IDE S L,364.00,375.80,357.10,359.95,359.40,372.60,,359.93,,,1210487,443420723.80,34757,F1,1,,,,,
2026-09-24,2026-09-24,CM,NSE,STK,15380,INE634S01028,MANKIND,EQ,,,,,MANKIND PHARMA LIMITED,2442.60,2504.30,2442.60,2500.00,2500.00,2465.00,,2499.81,,,447288,1112163909.70,38596,F1,1,,,,,
2026-09-24,2026-09-24,CM,NSE,STK,19015,INE0KNT01012,MVGJL,EQ,,,,,MANOJ VAIBHAV GEM N JEW L,219.46,220.55,213.36,214.80,214.00,221.29,,214.77,,,228762,49587892.51,4665,F1,1,,,,,
2026-09-24,2026-09-24,CM,NSE,STK,13753,INE784W01015,MANOMAY,EQ,,,,,MANOMAY TEX INDIA LTD,228.48,235.35,224.50,233.21,233.00,224.48,,233.16,,,382971,88532844.51,11933,F1,1,,,,,
2026-09-24,2026-09-24,CM,NSE,STK,10227,INE00VM01036,MANORAMA,EQ,,,,,MANORAMA INDUSTRIES LTD,1921.70,1931.40,1868.20,1882.70,1870.00,1929.40,,1882.71,,,133580,253044148.50,20600,F1,1,,,,,
2026-09-24,2026-09-24,CM,NSE,STK,13572,INE867A01022,MANUGRAPH,EQ,,,,,MANUGRAPH INDIA LIMITED,24.26,24.26,21.56,22.02,22.30,23.52,,22.02,,,466712,10694912.86,2800,F1,1,,,,,
2026-09-24,2026-09-24,CM,NSE,STK,2112,INE882A01013,MARALOVER,EQ,,,,,MARAL OVERSEAS LTD,60.50,61.00,58.00,58.93,58.61,61.11,,58.93,,,19526,1159270.27,236,F1,1,,,,,
2026-09-24,2026-09-24,CM,NSE,STK,18659,INE182D01020,MARATHON,EQ,,,,,MARATHON NXTGEN REALT LTD,421.90,421.90,406.65,410.80,410.00,419.40,,410.81,,,35268,14594031.90,1511,F1,1,,,,,
2026-09-24,2026-09-24,CM,NSE,STK,760456,INE0TD401015,MARC,ST,,,,,MARC TECHNOCRATS LIMITED,155.40,155.40,143.05,150.95,150.95,148.05,,150.95,,,4800,715680.00,4,F1,1200,,,,,
2026-09-24,2026-09-24,CM,NSE,STK,18773,INE0QP001012,MARCO,SM,,,,,MARCO CABLE & CONDUCTOR L,29.45,29.70,29.40,29.70,29.70,29.35,,29.70,,,4500,132825.00,3,F1,1500,,,,,
2026-09-24,2026-09-24,CM,NSE,STK,4067,INE196A01026,MARICO,EQ,,,,,MARICO LIMITED,830.00,831.65,820.05,824.55,824.55,832.30,,824.55,,,919851,759944761.65,33901,F1,1,,,,,
2026-09-24,2026-09-24,CM,NSE,STK,1328,INE01JE01028,MARINE,EQ,,,,,MARINE ELECTRICAL (I) LTD,415.00,421.10,396.00,401.50,401.65,425.80,,401.50,,,2132733,867365543.60,51936,F1,1,,,,,
2026-09-24,2026-09-24,CM,NSE,STK,760204,INE0FW001016,MARKOLINES,EQ,,,,,MARKOLINES PAVEMENT TEC L,170.01,170.01,165.95,167.42,166.60,169.90,,167.40,,,62571,10468482.32,994,F1,1,,,,,
2026-09-24,2026-09-24,CM,NSE,STK,10579,INE750C01026,MARKSANS,EQ,,,,,MARKSANS PHARMA LIMITED,345.80,350.95,336.15,337.40,336.90,347.60,,337.41,,,2858544,981083612.40,56948,F1,1,,,,,
2026-09-24,2026-09-24,CM,NSE,STK,761386,INE415B01044,MARSONS,EQ,,,,,MARSONS LIMITED,127.36,129.99,124.00,124.37,124.40,128.05,,124.37,,,4536331,580118603.73,10930,F1,1,,,,,
2026-09-24,2026-09-24,CM,NSE,STK,761042,INE0X7G01013,MARUSHIKA,SM,,,,,MARUSHIKA TECHNOLOGY LTD,114.25,117.00,114.25,117.00,117.00,116.65,,117.00,,,2400,277500.00,2,F1,1200,,,,,
2026-09-24,2026-09-24,CM,NSE,STK,10999,INE585B01010,MARUTI,EQ,,,,,MARUTI SUZUKI INDIA LTD.,12180.00,12184.00,11975.00,11990.00,11990.00,12230.00,,11991.40,,,393665,4754205667.00,48739,F1,1,,,,,
2026-09-24,2026-09-24,CM,NSE,STK,2132,INE575Z01010,MDL,SM,,,,,MARVEL DECOR LIMITED,69.95,69.95,64.95,64.95,64.95,60.00,,64.95,,,2000,134900.00,2,F1,1000,,,,,
2026-09-24,2026-09-24,CM,NSE,STK,199,INE348L01012,MASFIN,EQ,,,,,MAS FINANCIAL SERV LTD,284.50,285.90,276.00,280.35,279.35,284.50,,280.36,,,134842,37784995.60,4435,F1,1,,,,,
2026-09-24,2026-09-24,CM,NSE,STK,18727,INE885F01015,MASKINVEST,EQ,,,,,MASK INVESTMENTS LIMITED,145.94,152.00,139.50,140.81,140.00,146.67,,140.81,,,125,17811.73,17,F1,1,,,,,
2026-09-24,2026-09-24,CM,NSE,STK,24278,INE0SH001010,MASON,SM,,,,,MASON INFRATECH LIMITED,111.50,111.50,110.00,110.00,110.00,111.00,,110.00,,,1500,166500.00,3,F1,500,,,,,
2026-09-24,2026-09-24,CM,NSE,STK,2124,INE759A01021,MASTEK,EQ,,,,,MASTEK LTD,1570.00,1579.00,1538.00,1543.60,1540.00,1573.30,,1543.70,,,64792,100729855.60,9819,F1,1,,,,,
2026-09-24,2026-09-24,CM,NSE,STK,19011,INE0OJM01017,MASTER,SM,,,,,MASTER COMPONENTS LIMITED,392.00,395.10,392.00,395.05,395.05,400.00,,395.05,,,1500,591075.00,3,F1,500,,,,,
2026-09-24,2026-09-24,CM,NSE,STK,27047,INE677D01037,MASTERTR,EQ,,,,,MASTER TRUST LIMITED,87.70,87.72,84.35,85.21,85.45,88.14,,85.21,,,134087,11517779.81,1328,F1,1,,,,,
2026-09-24,2026-09-24,CM,NSE,STK,21726,INE866R01028,MATRIMONY,EQ,,,,,MATRIMONY.COM LIMITED,535.00,541.30,525.00,538.55,534.20,544.95,,538.55,,,7656,4106756.80,412,F1,1,,,,,
2026-09-24,2026-09-24,CM,NSE,STK,759945,INE132901013,MGSL,SM,,,,,MATRIX GEO SOLUTIONS LTD,68.00,70.70,66.00,66.65,66.00,69.45,,66.65,,,15600,1063800.00,13,F1,1200,,,,,
2026-09-24,2026-09-24,CM,NSE,STK,17022,INE636A01039,MAWANASUG,EQ,,,,,MAWANA SUGARS LIMITED,133.07,135.38,130.00,130.70,131.99,133.07,,130.74,,,138444,18310020.60,2233,F1,1,,,,,
2026-09-24,2026-09-24,CM,NSE,STK,19646,INE03EI01018,MAXESTATES,EQ,,,,,MAX ESTATES LIMITED,620.35,652.80,605.30,616.80,612.55,603.20,,616.76,,,1371303,868859917.05,59524,F1,1,,,,,
2026-09-24,2026-09-24,CM,NSE,STK,2142,INE180A01020,MFSL,EQ,,,,,MAX FINANCIAL SERV LTD,1406.70,1429.80,1360.10,1410.00,1410.00,1562.90,,1409.95,,,11421840,15924784955.40,284662,F1,1,,,,,
2026-09-24,2026-09-24,CM,NSE,STK,22377,INE027H01010,MAXHEALTH,EQ,,,,,MAX HEALTHCARE INS LTD,1035.00,1055.80,1029.00,1046.00,1046.00,1059.90,,1046.00,,,2505137,2616952294.30,48388,F1,1,,,,,
2026-09-24,2026-09-24,CM,NSE,STK,22428,INE0CG601016,MAXIND,EQ,,,,,MAX INDIA LIMITED,151.00,151.00,148.02,149.22,149.92,149.82,,149.22,,,18417,2750498.58,685,F1,1,,,,,
2026-09-24,2026-09-24,CM,NSE,STK,29645,INE10A501018,MAXVOLT,SM,,,,,MAXVOLT ENERGY INDUS L,429.00,432.40,418.00,432.40,432.40,411.85,,432.40,,,134000,57725600.00,260,F1,400,,,,,
2026-09-24,2026-09-24,CM,NSE,STK,757587,INE0ZTO01018,MAYASHEEL,SM,,,,,MAYASHEEL VENTURES LTD,35.00,35.00,33.30,33.35,33.30,34.50,,33.35,,,18000,613800.00,6,F1,3000,,,,,
2026-09-24,2026-09-24,CM,NSE,STK,28906,INE040D01038,MAYURUNIQ,EQ,,,,,MAYUR UNIQUOTERS LTD,722.90,738.15,718.00,733.10,732.00,722.90,,733.14,,,71013,51824785.30,4258,F1,1,,,,,
2026-09-24,2026-09-24,CM,NSE,STK,509,INE249Z01020,MAZDOCK,EQ,,,,,MAZAGON DOCK SHIPBUIL LTD,2205.00,2221.80,2189.20,2202.00,2202.00,2211.50,,2202.12,,,463672,1021295643.20,26398,F1,1,,,,,
2026-09-24,2026-09-24,CM,NSE,STK,18870,INE885E01042,MAZDA,BE,,,,,MAZDA LIMITED,262.80,267.55,261.00,267.55,267.55,254.85,,269.66,,,15619,4166002.00,150,F1,1,,,,,
2026-09-24,2026-09-24,CM,NSE,STK,18029,INE912H01013,MBLINFRA,EQ,,,,,MBL INFRASTRUCTURE LTD,22.30,22.30,20.64,20.90,20.64,21.72,,20.90,,,91520,1939095.32,308,F1,1,,,,,
2026-09-24,2026-09-24,CM,NSE,STK,11943,INE942G01012,MCLEODRUSS,EQ,,,,,MCLEOD RUSSEL INDIA LTD.,46.10,47.80,44.84,44.84,44.84,47.20,,44.84,,,445980,20379573.30,1918,F1,1,,,,,
2026-09-24,2026-09-24,CM,NSE,STK,13687,INE748A01024,MBECL,BE,,,,,MCNALLY BHARAT ENGIN CO L,447.46,447.46,447.46,447.46,447.46,438.69,,447.46,,,4906,2195238.76,76,F1,1,,,,,
2026-09-24,2026-09-24,CM,NSE,STK,14574,INE0O4M01019,MCON,SM,,,,,MCON RASAYAN INDIA LTD,41.00,41.00,41.00,41.00,41.00,41.00,,41.00,,,1000,41000.00,1,F1,1000,,,,,
2026-09-24,2026-09-24,CM,NSE,STK,21705,INE456Z01021,MEDIASSIST,EQ,,,,,MEDI ASSIST HEALTH SER L,330.00,332.65,318.10,320.30,320.10,334.60,,320.30,,,424095,137963631.30,15609,F1,1,,,,,
2026-09-24,2026-09-24,CM,NSE,STK,765113,INE442D01010,MEDICAPQ,BE,,,,,MEDI CAPS LTD.,25.05,25.09,24.39,24.99,24.99,25.09,,24.60,,,460,11338.99,10,F1,1,,,,,
2026-09-24,2026-09-24,CM,NSE,STK,762802,INE200D01020,MMWL,EQ,,,,,MEDIA MATRIX WORLDWIDE L,13.70,14.38,13.35,14.38,14.38,13.70,,14.38,,,82026,1165904.32,195,F1,1,,,,,
2026-09-24,2026-09-24,CM,NSE,STK,6281,INE646B01010,MEDICAMEQ,BE,,,,,MEDICAMEN BIOTECH LIMITED,320.00,326.75,304.00,306.50,307.15,319.95,,306.78,,,16732,5237281.20,323,F1,1,,,,,
2026-09-24,2026-09-24,CM,NSE,STK,24239,INE0PE401018,MEDIORG,SM,,,,,MEDICAMEN ORGANICS LTD,24.15,24.15,24.15,24.15,24.15,23.00,,24.15,,,10000,241500.00,3,F1,2000,,,,,
2026-09-24,2026-09-24,CM,NSE,STK,9667,INE630Y01024,MEDICO,EQ,,,,,MEDICO REMEDIES LIMITED,32.90,33.25,32.20,32.50,32.79,32.65,,32.52,,,133117,4331674.95,1313,F1,1,,,,,
2026-09-24,2026-09-24,CM,NSE,STK,758423,INE0UOY01019,MEDISTEP,SM,,,,,MEDISTEP HEALTHCARE LTD,18.45,19.00,18.45,19.00,19.00,18.30,,19.00,,,12000,224850.00,4,F1,3000,,,,,
2026-09-24,2026-09-24,CM,NSE,STK,7254,INE804L01022,MEDPLUS,EQ,,,,,MEDPLUS HEALTH SERV LTD,661.75,661.75,653.00,654.25,656.00,662.00,,654.18,,,52368,34314599.95,5271,F1,1,,,,,
2026-09-24,2026-09-24,CM,NSE,STK,760229,INE0VDM01015,MEESHO,EQ,,,,,MEESHO LIMITED,235.01,239.66,232.00,232.84,232.00,236.37,,232.84,,,13461160,3169910035.07,95313,F1,1,,,,,
2026-09-24,2026-09-24,CM,NSE,STK,8153,INE00EM01016,MEGASTAR,EQ,,,,,MEGASTAR FOODS LIMITED,277.50,277.50,254.55,260.90,258.60,277.60,,261.47,,,8559,2258360.65,405,F1,1,,,,,
2026-09-24,2026-09-24,CM,NSE,STK,22560,INE531R01010,MEGATHERM,SM,,,,,MEGATHERM INDUCTION LTD,263.05,269.25,249.00,251.60,251.00,263.05,,251.60,,,13200,3398480.00,31,F1,400,,,,,
2026-09-24,2026-09-24,CM,NSE,STK,5394,INE0CT101020,MOL,EQ,,,,,MEGHMANI ORGANICS LIMITED,61.30,61.31,58.90,59.56,59.88,61.63,,59.56,,,643537,38578474.09,4851,F1,1,,,,,
2026-09-24,2026-09-24,CM,NSE,STK,764778,INE898Q01015,MIIL,EQ,,,,,MEGHNA INFRACON INFRA L,699.00,706.85,694.10,703.90,705.25,698.10,,703.94,,,47887,33600868.90,1166,F1,1,,,,,
2026-09-24,2026-09-24,CM,NSE,STK,6971,INE071D01033,MENONBE,BE,,,,,MENON BEARINGS LIMITED,303.00,305.00,288.10,293.25,296.00,301.25,,293.39,,,41494,12307130.85,683,F1,1,,,,,
2026-09-24,2026-09-24,CM,NSE,STK,762790,INE650G01029,MENNPIS,BE,,,,,MENON PISTONS LTD.,73.69,74.10,72.50,72.88,72.62,73.99,,72.96,,,15961,1168660.59,134,F1,1,,,,,
2026-09-24,2026-09-24,CM,NSE,STK,25882,INE776I01010,MEP,BZ,,,,,MEP INFRA. DEVELOPERS LTD,0.65,0.65,0.63,0.65,0.65,0.64,,0.65,,,5070,3256.99,20,F1,1,,,,,
2026-09-24,2026-09-24,CM,NSE,STK,762792,INE689O01013,MERCANTILE,EQ,,,,,MERCANTILE VENTURES LTD.,22.98,22.98,21.95,22.59,22.55,22.01,,22.28,,,1336,29734.84,35,F1,1,,,,,
2026-09-24,2026-09-24,CM,NSE,STK,763663,INE763M01028,MERCURYEV,EQ,,,,,MERCURY EV-TECH LIMITED,38.24,39.13,37.82,38.87,39.09,38.72,,38.87,,,345992,13346230.86,2142,F1,1,,,,,
2026-09-24,2026-09-24,CM,NSE,STK,764278,INE1II801013,METALIC,ST,,,,,METALIC TECHNOFORGE LTD,171.70,171.70,171.70,171.70,171.70,163.55,,171.70,,,32000,5494400.00,13,F1,1600,,,,,
2026-09-24,2026-09-24,CM,NSE,STK,7242,INE317I01021,METROBRAND,EQ,,,,,METRO BRANDS LIMITED,911.10,911.15,878.00,884.55,880.05,911.10,,884.54,,,63891,56984523.00,10519,F1,1,,,,,
2026-09-24,2026-09-24,CM,NSE,STK,762797,INE085D01033,METROGLOBL,EQ,,,,,METROGLOBAL LTD.,128.40,128.40,128.40,128.40,128.40,130.38,,124.40,,,200,25680.00,12,F1,1,,,,,
2026-09-24,2026-09-24,CM,NSE,STK,9581,INE112L01020,METROPOLIS,EQ,,,,,METROPOLIS HEALTHCARE LTD,583.95,589.90,578.45,582.95,582.55,585.50,,582.97,,,143495,83640038.25,11618,F1,1,,,,,
2026-09-24,2026-09-24,CM,NSE,STK,7165,INE287C01037,MICEL,BE,,,,,MIC ELECTRONICS LTD,35.40,35.40,35.40,35.40,35.40,34.71,,35.54,,,53721,1901723.40,88,F1,1,,,,,
2026-09-24,2026-09-24,CM,NSE,STK,19887,INE0PZK01014,MICROPRO,SM,,,,,MICROPRO SOFTWARE SOL L,17.10,18.25,17.10,18.25,18.25,17.45,,18.25,,,3200,56560.00,2,F1,1600,,,,,
2026-09-24,2026-09-24,CM,NSE,STK,759517,INE0XAD01024,MIDWESTLTD,EQ,,,,,MIDWEST LIMITED,1004.70,1004.70,931.20,942.60,943.00,993.40,,942.69,,,57422,54992538.80,4519,F1,1,,,,,
2026-09-24,2026-09-24,CM,NSE,STK,765125,INE588G01021,MLKFOOD,EQ,,,,,MILKFOOD LTD.,83.29,84.00,80.54,83.12,84.00,82.88,,83.26,,,5173,429362.14,99,F1,1,,,,,
2026-09-24,2026-09-24,CM,NSE,STK,765272,INE00IT01020,MILKYMIST,EQ,,,,,MILKY MIST DAIRY FOOD L,323.00,333.11,305.10,309.16,310.90,317.25,,309.22,,,9525794,3086993840.17,95751,F1,1,,,,,
2026-09-24,2026-09-24,CM,NSE,STK,159,INE376Y01016,MILTON,SM,,,,,MILTON INDUSTRIES LIMITED,37.00,38.00,34.40,34.40,34.40,36.20,,34.40,,,8800,322080.00,3,F1,2200,,,,,
2026-09-24,2026-09-24,CM,NSE,STK,765118,INE097E01028,MINALIND,BE,,,,,MINAL INDUSTRIES LTD.,4.77,4.77,4.77,4.77,4.77,4.86,,4.78,,,3261,15554.97,19,F1,1,,,,,
2026-09-24,2026-09-24,CM,NSE,STK,25897,INE842C01021,MINDACORP,EQ,,,,,MINDA CORPORATION LTD,683.90,687.90,675.05,680.30,679.10,689.05,,680.29,,,91801,62657894.30,10400,F1,1,,,,,
2026-09-24,2026-09-24,CM,NSE,STK,22308,INE0CCU25019,MINDSPACE,RR,,,,,MINDSPACE BUSINESS P REIT,503.90,506.98,500.22,504.59,504.50,502.25,,504.59,,,291548,147207047.30,4377,F1,1,,,,,
2026-09-24,2026-09-24,CM,NSE,STK,18049,INE110B01017,MINDTECK,EQ,,,,,MINDTECK (INDIA) LIMITED,159.65,159.99,154.95,155.37,156.40,159.65,,155.42,,,17903,2805607.19,746,F1,1,,,,,
2026-09-24,2026-09-24,CM,NSE,STK,19640,INF769K01KU7,ALPHAETF,EQ,,,,,MIRAEAMC - ALPHAETF,26.56,26.56,26.00,26.03,26.07,26.50,,26.03,,,573387,15026412.15,1478,F1,1,,,,,
2026-09-24,2026-09-24,CM,NSE,STK,17419,INF769K01KR3,BANKETF,EQ,,,,,MIRAEAMC - BANKETF,570.73,570.96,565.21,566.53,566.44,576.92,,566.53,,,36849,20920376.59,564,F1,1,,,,,
2026-09-24,2026-09-24,CM,NSE,STK,25725,INF769K01LZ4,BANKPSU,EQ,,,,,MIRAEAMC - BANKPSU,84.00,84.14,83.25,83.44,83.48,84.16,,83.44,,,4131,345119.22,98,F1,1,,,,,
2026-09-24,2026-09-24,CM,NSE,STK,28969,INF769K01NS5,CONSUMER,EQ,,,,,MIRAEAMC - CONSUMER,12.07,12.11,11.58,11.63,11.61,11.91,,11.63,,,167936,1964985.17,705,F1,1,,,,,
2026-09-24,2026-09-24,CM,NSE,STK,761046,INF769K01QC2,DEFENCE,EQ,,,,,MIRAEAMC - DEFENCE,80.68,80.68,78.10,78.32,78.19,79.10,,78.32,,,136239,10693761.65,986,F1,1,,,,,
2026-09-24,2026-09-24,CM,NSE,STK,760412,INF769K01PY8,DIVIDEND,EQ,,,,,MIRAEAMC - DIVIDEND,35.00,35.00,34.67,34.71,34.71,35.00,,34.71,,,6313,219784.49,68,F1,1,,,,,
2026-09-24,2026-09-24,CM,NSE,STK,759780,INF769K01PR2,ENERGY,EQ,,,,,MIRAEAMC - ENERGY,38.89,38.89,37.59,37.64,37.73,38.13,,37.64,,,142872,5392094.66,1382,F1,1,,,,,
2026-09-24,2026-09-24,CM,NSE,STK,30121,INF769K01OA1,EQUAL200,EQ,,,,,MIRAEAMC - EQUAL200,13.98,13.98,13.42,13.42,13.43,13.64,,13.42,,,37157,500882.80,97,F1,1,,,,,
2026-09-24,2026-09-24,CM,NSE,STK,757142,INF769K01OO2,EQUAL50,EQ,,,,,MIRAEAMC - EQUAL50,317.03,331.66,317.03,320.14,320.05,325.16,,320.14,,,4296,1379212.72,78,F1,1,,,,,
2026-09-24,2026-09-24,CM,NSE,STK,24461,INF769K01LQ3,EVINDIA,EQ,,,,,MIRAEAMC - EVINDIA,32.35,32.35,31.30,31.35,31.42,31.72,,31.35,,,849271,26662540.95,1580,F1,1,,,,,
2026-09-24,2026-09-24,CM,NSE,STK,760986,INF769K01QA6,HEALTHCARE,EQ,,,,,MIRAEAMC - HEALTHCARE,22.53,22.53,21.75,21.99,21.99,22.09,,21.99,,,41755,921781.21,227,F1,1,,,,,
2026-09-24,2026-09-24,CM,NSE,STK,764333,INF769K01RJ5,HYBRIDETF,EQ,,,,,MIRAEAMC - HYBRIDETF,10.02,10.02,9.94,9.94,9.95,10.02,,9.94,,,23475,234219.51,86,F1,1,,,,,
2026-09-24,2026-09-24,CM,NSE,STK,761030,INF769K01QB4,INFRA,EQ,,,,,MIRAEAMC - INFRA,11.87,11.87,11.70,11.71,11.71,11.87,,11.72,,,23762,279877.99,275,F1,1,,,,,
2026-09-24,2026-09-24,CM,NSE,STK,758595,INF769K01PB6,INTERNET,EQ,,,,,MIRAEAMC - INTERNET,15.25,15.25,13.93,14.14,14.09,15.03,,14.14,,,1864942,26539038.91,1425,F1,1,,,,,
2026-09-24,2026-09-24,CM,NSE,STK,19633,INF769K01KV5,ITETF,EQ,,,,,MIRAEAMC - ITETF,30.60,30.60,29.81,29.87,29.97,30.00,,29.87,,,364066,10899349.69,848,F1,1,,,,,
2026-09-24,2026-09-24,CM,NSE,STK,765313,INF769K01RK3,LARGEMID50,EQ,,,,,MIRAEAMC - LARGEMID50,35.33,35.35,35.05,35.10,35.10,35.61,,35.10,,,889,31276.46,29,F1,1,,,,,
2026-09-24,2026-09-24,CM,NSE,STK,17572,INF769K01KS1,LIQUID,EQ,,,,,MIRAEAMC - LIQUID,999.99,1000.00,999.99,999.99,999.99,999.99,,999.99,,,297034,297031218.58,174,F1,1,,,,,
2026-09-24,2026-09-24,CM,NSE,STK,27075,INF769K01MY5,LIQUIDPLUS,EQ,,,,,MIRAEAMC - LIQUIDPLUS,1104.36,1104.51,1104.36,1104.49,1104.49,1104.36,,1104.49,,,1037533,1145946217.87,258,F1,1,,,,,
2026-09-24,2026-09-24,CM,NSE,STK,1200,INF769K01GS9,ESG,EQ,,,,,MIRAEAMC - MAESGETF,39.93,40.02,39.60,39.67,39.61,40.29,,39.67,,,7060,280630.34,97,F1,1,,,,,
2026-09-24,2026-09-24,CM,NSE,STK,3507,INF769K01HF4,MAFANG,EQ,,,,,MIRAEAMC - MAFANG,238.88,238.88,228.28,231.32,232.90,234.14,,231.40,,,515916,119421636.95,13322,F1,1,,,,,
2026-09-24,2026-09-24,CM,NSE,STK,5220,INF769K01HI8,BFSI,EQ,,,,,MIRAEAMC - MAFSETF,26.58,26.75,25.94,26.04,26.01,26.58,,26.04,,,682471,17794170.73,1707,F1,1,,,,,
2026-09-24,2026-09-24,CM,NSE,STK,14286,INF769K01JP9,GOLDETF,EQ,,,,,MIRAEAMC - MAGOLDETF,145.82,146.14,145.16,145.32,145.35,146.79,,145.32,,,675967,98424557.63,5598,F1,1,,,,,
2026-09-24,2026-09-24,CM,NSE,STK,14938,INF769K01KF8,GSEC10YEAR,EQ,,,,,MIRAEAMC - MAGS813ETF,30.47,30.47,29.91,29.99,29.91,30.44,,29.99,,,12692,382152.97,46,F1,1,,,,,
2026-09-24,2026-09-24,CM,NSE,STK,7074,INF769K01HS7,MAHKTECH,EQ,,,,,MIRAEAMC - MAHKTECH,22.22,22.22,21.60,21.78,21.89,21.86,,21.78,,,396306,8680031.63,4104,F1,1,,,,,
2026-09-24,2026-09-24,CM,NSE,STK,8413,INF769K01IC9,MIDCAPETF,EQ,,,,,MIRAEAMC - MAM150ETF,23.42,23.42,22.98,23.00,23.02,23.43,,23.00,,,4666905,108053593.89,10639,F1,1,,,,,
2026-09-24,2026-09-24,CM,NSE,STK,7979,INF769K01IB1,MAKEINDIA,EQ,,,,,MIRAEAMC - MAMFGETF,167.08,167.08,160.68,160.93,160.70,163.01,,160.93,,,19729,3191798.71,515,F1,1,,,,,
2026-09-24,2026-09-24,CM,NSE,STK,6353,INF769K01EG9,NIFTYETF,EQ,,,,,MIRAEAMC - MAN50ETF,253.94,253.94,251.27,251.57,251.52,255.42,,251.57,,,330384,83459378.89,1483,F1,1,,,,,
2026-09-24,2026-09-24,CM,NSE,STK,14786,INF769K01JU9,LOWVOL,EQ,,,,,MIRAEAMC - MANV30F,204.09,204.09,197.73,198.01,198.01,200.09,,198.01,,,1661,330608.43,20,F1,1,,,,,
2026-09-24,2026-09-24,CM,NSE,STK,17181,INF769K01FN2,NEXT50,EQ,,,,,MIRAEAMC - MANXT50,742.72,746.08,737.76,738.93,738.94,748.46,,738.93,,,30769,22809135.38,2903,F1,1,,,,,
2026-09-24,2026-09-24,CM,NSE,STK,16777,INF769K01KG6,SILVERAG,EQ,,,,,MIRAEAMC - MASILVER,220.85,222.34,219.63,219.94,219.84,224.40,,219.94,,,287976,63575435.63,2707,F1,1,,,,,
2026-09-24,2026-09-24,CM,NSE,STK,5782,INF769K01HP3,MASPTOP50,EQ,,,,,MIRAEAMC - MASPTOP50,99.99,107.31,93.01,96.78,96.20,97.56,,96.81,,,3529466,355399756.17,27623,F1,1,,,,,
2026-09-24,2026-09-24,CM,NSE,STK,25744,INF769K01LY7,METAL,EQ,,,,,MIRAEAMC - METAL,13.57,13.57,13.15,13.18,13.19,13.40,,13.18,,,1750256,23173060.13,4653,F1,1,,,,,
2026-09-24,2026-09-24,CM,NSE,STK,23855,INF769K01LJ8,MIDSMALL,EQ,,,,,MIRAEAMC - MIDSMALL,51.31,51.53,50.90,50.98,51.09,51.56,,50.98,,,719033,36852375.79,1196,F1,1,,,,,
2026-09-24,2026-09-24,CM,NSE,STK,764198,INF769K01RC0,MOMMIDCAP,EQ,,,,,MIRAEAMC - MOMMIDCAP,12.98,12.98,12.76,12.79,12.79,12.98,,12.79,,,2176041,27922032.61,688,F1,1,,,,,
2026-09-24,2026-09-24,CM,NSE,STK,25080,INF769K01LX9,MULTICAP,EQ,,,,,MIRAEAMC - MULTICAP,16.86,16.86,16.29,16.31,16.31,16.53,,16.31,,,598600,9834172.14,670,F1,1,,,,,
2026-09-24,2026-09-24,CM,NSE,STK,30109,INF769K01ON4,SELECTIPO,EQ,,,,,MIRAEAMC - SELECTIPO,48.49,48.65,47.46,47.51,47.49,48.93,,47.51,,,67314,3232613.60,222,F1,1,,,,,
2026-09-24,2026-09-24,CM,NSE,STK,19224,INF769K01KT9,SENSEXETF,EQ,,,,,MIRAEAMC - SENSEXETF,77.40,77.40,76.00,76.18,76.16,77.37,,76.19,,,200011,15318113.90,630,F1,1,,,,,
2026-09-24,2026-09-24,CM,NSE,STK,759814,INF769K01PQ4,SMALL250,EQ,,,,,MIRAEAMC - SMALL250,18.70,18.70,18.20,18.23,18.26,18.50,,18.23,,,466744,8525809.65,1083,F1,1,,,,,
2026-09-24,2026-09-24,CM,NSE,STK,22832,INF769K01LC3,SMALLCAP,EQ,,,,,MIRAEAMC - SMALLCAP,49.02,49.13,48.36,48.51,48.58,49.12,,48.51,,,2008823,97839791.86,4667,F1,1,,,,,
2026-09-24,2026-09-24,CM,NSE,STK,760415,INF769K01PZ5,TOP20,EQ,,,,,MIRAEAMC - TOP20,8.85,8.85,8.50,8.50,8.52,8.65,,8.50,,,99666,851166.96,422,F1,1,,,,,
2026-09-24,2026-09-24,CM,NSE,STK,761511,INF769K01QV2,VALUE,EQ,,,,,MIRAEAMC - VALUE,16.14,16.14,15.75,15.78,15.80,15.94,,15.78,,,15227,240807.46,103,F1,1,,,,,
2026-09-24,2026-09-24,CM,NSE,STK,4394,INE771A01026,MIRZAINT,EQ,,,,,MIRZA INTERNATIONAL LIMIT,29.05,29.69,28.80,28.90,28.81,29.35,,28.90,,,124507,3626103.96,1145,F1,1,,,,,
2026-09-24,2026-09-24,CM,NSE,STK,2463,INE099Z01011,MIDHANI,EQ,,,,,MISHRA DHATU NIGAM LTD,415.00,415.70,403.70,406.90,406.80,416.20,,406.90,,,437136,178836805.10,13802,F1,1,,,,,
2026-09-24,2026-09-24,CM,NSE,STK,8469,INE828O01033,MITCON,EQ,,,,,MITCON CON & ENG SER LTD,88.50,91.98,84.17,89.25,87.15,82.62,,89.25,,,106676,9456407.78,1092,F1,1,,,,,
2026-09-24,2026-09-24,CM,NSE,STK,18562,INE997Y01027,MITTAL,EQ,,,,,MITTAL LIFE STYLE LIMITED,0.75,0.75,0.74,0.74,0.75,0.74,,0.74,,,653559,488476.68,290,F1,1,,,,,
2026-09-24,2026-09-24,CM,NSE,STK,13844,INE227C01017,MMFL,EQ,,,,,MM FORGINGS LTD,610.80,623.20,609.10,612.75,613.00,614.65,,612.78,,,36723,22579173.30,3206,F1,1,,,,,
2026-09-24,2026-09-24,CM,NSE,STK,16395,INE511Y01018,MMP,EQ,,,,,MMP INDUSTRIES LIMITED,465.00,470.40,446.00,453.95,463.00,464.80,,453.95,,,55173,25084644.25,2927,F1,1,,,,,
2026-09-24,2026-09-24,CM,NSE,STK,17957,INE123F01029,MMTC,EQ,,,,,MMTC LIMITED,60.54,60.60,57.45,57.97,58.00,60.47,,57.97,,,2102337,123473626.47,11334,F1,1,,,,,
2026-09-24,2026-09-24,CM,NSE,STK,2241,INE794W01014,MODTHREAD,EQ,,,,,MODERN THREADS INDIA LTD,47.00,47.98,46.21,47.24,47.79,45.92,,47.24,,,5968,281145.47,59,F1,1,,,,,
2026-09-24,2026-09-24,CM,NSE,STK,760277,INE537F01012,MODINATUR,EQ,,,,,MODI NATURALS LIMITED,356.20,359.00,331.30,338.50,343.85,352.65,,338.66,,,8750,3005053.15,422,F1,1,,,,,
2026-09-24,2026-09-24,CM,NSE,STK,2229,INE832A01018,MODIRUBBER,EQ,,,,,MODI RUBBER LTD,121.51,122.80,119.10,119.99,119.20,121.51,,119.89,,,2354,283009.57,58,F1,1,,,,,
2026-09-24,2026-09-24,CM,NSE,STK,759752,INE0L0L01012,MODIS,EQ,,,,,MODIS NAVNIRMAN LTD,356.05,368.00,355.55,363.20,363.60,356.35,,363.27,,,40714,14770026.80,1383,F1,1,,,,,
2026-09-24,2026-09-24,CM,NSE,STK,3325,INE737D01021,MODISONLTD,BE,,,,,MODISON LIMITED,477.00,477.00,455.20,457.35,457.00,472.80,,457.43,,,73843,34177473.65,1049,F1,1,,,,,
2026-09-24,2026-09-24,CM,NSE,STK,29423,INE954E01012,MOHITIND,EQ,,,,,MOHIT INDUSTRIES LTD,23.90,23.90,23.21,23.67,23.70,23.50,,23.66,,,6977,165071.74,84,F1,1,,,,,
2026-09-24,2026-09-24,CM,NSE,STK,765130,INE154B01023,MOHITE,EQ,,,,,MOHITE INDUSTRIES LTD.,2.42,2.51,2.36,2.41,2.42,2.45,,2.40,,,88251,213065.12,122,F1,1,,,,,
2026-09-24,2026-09-24,CM,NSE,STK,20830,INE490G01020,MOIL,EQ,,,,,MOIL LIMITED,246.00,250.90,243.75,245.38,246.03,248.70,,245.37,,,423535,104611067.55,12252,F1,1,,,,,
2026-09-24,2026-09-24,CM,NSE,STK,3586,INE514Y01020,MOKSH,EQ,,,,,MOKSH ORNAMENTS LIMITED,10.06,10.18,9.90,9.92,9.95,10.13,,9.92,,,52068,520052.90,244,F1,1,,,,,
2026-09-24,2026-09-24,CM,NSE,STK,764548,INE869T01028,MOLBIO,EQ,,,,,MOLBIO DIAGNOSTICS LTD,1304.20,1321.60,1230.00,1246.20,1244.90,1313.20,,1246.20,,,727312,928997745.00,31581,F1,1,,,,,
2026-09-24,2026-09-24,CM,NSE,STK,6713,INE893J01029,MOLDTKPAC,EQ,,,,,MOLD-TEK PACKAGING LTD,681.00,686.00,668.10,672.95,674.55,679.95,,672.93,,,41100,27806413.60,3409,F1,1,,,,,
2026-09-24,2026-09-24,CM,NSE,STK,17629,INE835B01035,MOLDTECH,BE,,,,,MOLD-TEK TECHNOLOGIES LTD,204.90,205.00,195.20,199.20,199.35,199.88,,198.87,,,32494,6522496.89,328,F1,1,,,,,
2026-09-24,2026-09-24,CM,NSE,STK,7679,INE903D01011,MONARCH,EQ,,,,,MONARCH NETWORTH CAP LTD,358.35,369.90,358.35,365.60,365.90,363.45,,365.60,,,55606,20363819.55,1270,F1,1,,,,,
2026-09-24,2026-09-24,CM,NSE,STK,759381,INE296Q01012,MONEYBOXX,EQ,,,,,MONEYBOXX FINANCE LIMITED,54.96,55.84,52.31,53.90,53.90,54.96,,53.90,,,35634,1905171.99,233,F1,1,,,,,
2026-09-24,2026-09-24,CM,NSE,STK,756958,INE1DV401010,MONOLITH,SM,,,,,MONOLITHISCH INDIA LTD,1200.00,1227.90,1160.10,1179.55,1182.00,1208.20,,1179.55,,,62750,74833062.50,219,F1,250,,,,,
2026-09-24,2026-09-24,CM,NSE,STK,5938,INE950M01013,MONTECARLO,EQ,,,,,MONTE CARLO FASHIONS LTD.,528.80,528.80,515.15,516.50,516.05,527.60,,516.51,,,61524,32001535.85,2152,F1,1,,,,,
2026-09-24,2026-09-24,CM,NSE,STK,2259,INE083A01026,MOREPENLAB,EQ,,,,,MOREPEN LAB. LTD,121.94,122.57,115.56,116.60,116.80,122.35,,116.60,,,9209711,1093373270.80,37844,F1,1,,,,,
2026-09-24,2026-09-24,CM,NSE,STK,15051,INE0N7S01028,MOS,SM,,,,,MOS UTILITY LIMITED,7.35,7.65,7.35,7.65,7.65,7.30,,7.65,,,328000,2495600.00,57,F1,4000,,,,,
2026-09-24,2026-09-24,CM,NSE,STK,29459,INE935B01025,MOSCHIP,EQ,,,,,MOSCHIP TECHNOLOGIES LTD,204.90,206.28,202.05,203.24,202.95,207.32,,203.24,,,855867,174844341.83,13779,F1,1,,,,,
2026-09-24,2026-09-24,CM,NSE,STK,8596,INE0FS801015,MSUMI,EQ,,,,,MOTHERSON SUMI WRNG IND L,34.75,35.35,34.63,34.70,34.84,34.98,,34.70,,,13661765,476710155.66,45922,F1,1,,,,,
2026-09-24,2026-09-24,CM,NSE,STK,21423,INF247L01023,MOM100,EQ,,,,,MOTILAL OS MIDCAP100 ETF,68.97,68.97,65.50,65.89,66.15,67.29,,65.90,,,395664,26215607.66,3889,F1,1,,,,,
2026-09-24,2026-09-24,CM,NSE,STK,22739,INF247L01AP3,MON100,EQ,,,,,MOTILAL OS NASDAQ100 ETF,328.00,328.39,320.00,322.80,322.70,327.37,,322.81,,,729468,235828502.35,20788,F1,1,,,,,
2026-09-24,2026-09-24,CM,NSE,STK,14947,INE338I01027,MOTILALOFS,EQ,,,,,MOTILAL OSWAL FIN LTD,1039.10,1044.90,1014.00,1022.00,1022.00,1042.50,,1021.98,,,869276,895132512.80,29687,F1,1,,,,,
2026-09-24,2026-09-24,CM,NSE,STK,19289,INF247L01536,MOM50,EQ,,,,,MOTILAL OSWAL M50 ETF,245.00,245.00,240.77,242.03,243.20,244.51,,242.06,,,3609,876766.30,144,F1,1,,,,,
2026-09-24,2026-09-24,CM,NSE,STK,1507,INF247L01AK4,MOGSEC,EQ,,,,,MOTILALAMC - G5,65.30,65.40,64.51,64.72,64.67,65.44,,64.54,,,3023,195969.28,698,F1,1,,,,,
2026-09-24,2026-09-24,CM,NSE,STK,757669,INF247L01FR8,MOALPHA50,EQ,,,,,MOTILALAMC - MOALPHA50,55.69,56.49,54.57,55.01,55.03,55.69,,55.01,,,7125,392738.35,131,F1,1,,,,,
2026-09-24,2026-09-24,CM,NSE,STK,761693,INF247L01GV8,MOBANK10,EQ,,,,,MOTILALAMC - MOBANK10,16.28,16.70,16.25,16.35,16.35,16.70,,16.35,,,30346,498805.84,126,F1,1,,,,,
2026-09-24,2026-09-24,CM,NSE,STK,30065,INF247L01EV3,MOCAPITAL,EQ,,,,,MOTILALAMC - MOCAPITAL,53.98,54.00,52.88,53.18,53.38,53.88,,53.18,,,791936,42375879.69,3468,F1,1,,,,,
2026-09-24,2026-09-24,CM,NSE,STK,24944,INF247L01DJ0,MODEFENCE,EQ,,,,,MOTILALAMC - MODEFENCE,103.50,105.00,102.60,102.77,102.88,103.76,,102.76,,,1300097,134361317.59,6721,F1,1,,,,,
2026-09-24,2026-09-24,CM,NSE,STK,759374,INF247L01GH7,MOENERGY,EQ,,,,,MOTILALAMC - MOENERGY,38.03,38.03,37.16,37.50,37.75,38.02,,37.50,,,155453,5834629.92,767,F1,1,,,,,
2026-09-24,2026-09-24,CM,NSE,STK,757791,INF247L01FY4,MOGOLD,EQ,,,,,MOTILALAMC - MOGOLD,148.85,148.85,147.30,147.60,147.30,149.10,,148.20,,,13760,2039630.80,397,F1,1,,,,,
2026-09-24,2026-09-24,CM,NSE,STK,10508,INF247L01BB1,MOHEALTH,EQ,,,,,MOTILALAMC - MOHEALTH,53.50,53.50,52.23,52.55,52.69,52.80,,52.56,,,73646,3876821.00,545,F1,1,,,,,
2026-09-24,2026-09-24,CM,NSE,STK,757031,INF247L01FL1,MOINFRA,EQ,,,,,MOTILALAMC - MOINFRA,58.14,58.20,57.47,58.00,58.00,58.32,,58.00,,,1408,81439.38,75,F1,1,,,,,
2026-09-24,2026-09-24,CM,NSE,STK,759891,INF247L01GI5,MOIPO,EQ,,,,,MOTILALAMC - MOIPO,48.74,48.76,47.37,47.62,47.50,48.97,,47.62,,,14716,704248.46,80,F1,1,,,,,
2026-09-24,2026-09-24,CM,NSE,STK,8654,INF247L01BL0,MOLOWVOL,EQ,,,,,MOTILALAMC - MOLOWVOL,35.35,35.35,34.89,35.13,35.13,35.25,,36.07,,,5203,183016.96,42,F1,1,,,,,
2026-09-24,2026-09-24,CM,NSE,STK,25606,INF247L01DK8,MOMENTUM50,EQ,,,,,MOTILALAMC - MOMENTUM50,54.00,54.00,53.26,53.46,53.60,54.00,,53.43,,,354763,19056536.84,12891,F1,1,,,,,
2026-09-24,2026-09-24,CM,NSE,STK,764402,INF247L01HG7,MOMETAL,EQ,,,,,MOTILALAMC - MOMETAL,13.34,14.55,13.07,13.95,14.39,13.36,,13.95,,,15247,200867.42,54,F1,1,,,,,
2026-09-24,2026-09-24,CM,NSE,STK,757099,INF247L01FK3,MOMGF,EQ,,,,,MOTILALAMC - MOMGF,160.80,160.85,158.14,159.40,158.63,159.93,,159.40,,,310,49419.52,31,F1,1,,,,,
2026-09-24,2026-09-24,CM,NSE,STK,757817,INF247L01FQ0,MOMIDMTM,EQ,,,,,MOTILALAMC - MOMIDMTM,64.25,64.25,63.04,63.67,63.71,64.22,,63.67,,,55321,3521655.80,303,F1,1,,,,,
2026-09-24,2026-09-24,CM,NSE,STK,760054,INF247L01GK1,MOMNC,EQ,,,,,MOTILALAMC - MOMNC,31.00,31.61,31.00,31.05,31.09,31.61,,31.05,,,1346,42101.44,31,F1,1,,,,,
2026-09-24,2026-09-24,CM,NSE,STK,8182,INF247L01BK2,MOMOMENTUM,EQ,,,,,MOTILALAMC - MOMOMENTUM,61.52,61.90,60.90,61.13,60.90,61.77,,61.13,,,105178,6473115.41,416,F1,1,,,,,
2026-09-24,2026-09-24,CM,NSE,STK,756900,INF247L01FC0,MON50EQUAL,EQ,,,,,MOTILALAMC - MON50EQUAL,33.05,33.70,32.05,32.28,32.24,33.90,,32.28,,,322366,10402157.36,386,F1,1,,,,,
2026-09-24,2026-09-24,CM,NSE,STK,757167,INF247L01FD8,MONEXT50,EQ,,,,,MOTILALAMC - MONEXT50,74.14,74.14,71.34,71.55,71.71,72.69,,71.55,,,23374,1683351.74,112,F1,1,,,,,
2026-09-24,2026-09-24,CM,NSE,STK,759371,INF247L01GG9,MONIFTY100,EQ,,,,,MOTILALAMC - MONIFTY100,24.67,24.67,24.40,24.45,24.45,24.67,,24.45,,,20188,494994.96,87,F1,1,,,,,
2026-09-24,2026-09-24,CM,NSE,STK,19237,INF247L01BU1,MONIFTY500,EQ,,,,,MOTILALAMC - MONIFTY500,24.10,24.10,23.04,23.18,23.20,23.52,,23.18,,,891865,20733552.15,2343,F1,1,,,,,
2026-09-24,2026-09-24,CM,NSE,STK,7422,INF247L01AU3,MONQ50,EQ,,,,,MOTILALAMC - MONQ50,182.63,241.52,164.01,209.44,216.10,202.92,,209.28,,,5727244,1202478122.89,89662,F1,1,,,,,
2026-09-24,2026-09-24,CM,NSE,STK,764405,INF247L01HH5,MOOILGAS,EQ,,,,,MOTILALAMC - MOOILGAS,11.17,11.17,10.87,10.89,10.92,11.06,,10.89,,,34446,376692.80,88,F1,1,,,,,
2026-09-24,2026-09-24,CM,NSE,STK,757431,INF247L01FO5,MOPSE,EQ,,,,,MOTILALAMC - MOPSE,98.00,98.18,97.56,97.57,97.57,98.42,,97.57,,,1016,99579.98,17,F1,1,,,,,
2026-09-24,2026-09-24,CM,NSE,STK,10822,INF247L01BH8,MOQUALITY,EQ,,,,,MOTILALAMC - MOQUALITY,194.00,194.26,192.50,193.41,193.49,195.28,,193.41,,,1308,252914.72,36,F1,1,,,,,
2026-09-24,2026-09-24,CM,NSE,STK,23184,INF247L01CI4,MOREALTY,EQ,,,,,MOTILALAMC - MOREALTY,87.14,88.06,86.21,86.57,86.51,87.24,,86.57,,,376495,32810190.33,1750,F1,1,,,,,
2026-09-24,2026-09-24,CM,NSE,STK,760001,INF247L01GJ3,MOSERVICE,EQ,,,,,MOTILALAMC - MOSERVICE,29.82,30.01,29.65,29.72,29.70,30.38,,29.72,,,7848,233255.55,112,F1,1,,,,,
2026-09-24,2026-09-24,CM,NSE,STK,758457,INF247L01FZ1,MOSILVER,EQ,,,,,MOTILALAMC - MOSILVER,224.99,225.75,223.15,223.45,223.81,227.74,,223.45,,,29471,6603233.38,602,F1,1,,,,,
2026-09-24,2026-09-24,CM,NSE,STK,23181,INF247L01CH6,MOSMALL250,EQ,,,,,MOTILALAMC - MOSMALL250,18.38,18.48,18.20,18.25,18.30,18.48,,18.25,,,2054119,37672849.09,2858,F1,1,,,,,
2026-09-24,2026-09-24,CM,NSE,STK,757443,INF247L01FP2,MOTOUR,EQ,,,,,MOTILALAMC - MOTOUR,77.91,78.25,77.04,77.14,77.06,78.33,,77.14,,,11220,870075.75,170,F1,1,,,,,
2026-09-24,2026-09-24,CM,NSE,STK,10825,INF247L01BE5,MOVALUE,EQ,,,,,MOTILALAMC - MOVALUE,112.28,112.28,110.41,110.69,111.12,111.73,,110.69,,,61307,6810963.44,851,F1,1,,,,,
2026-09-24,2026-09-24,CM,NSE,STK,20788,INE0FRK01020,MOTISONS,EQ,,,,,MOTISONS JEWELLERS LTD,18.89,19.78,18.60,18.79,18.79,18.89,,18.79,,,150224923,2872400431.97,268394,F1,1,,,,,
2026-09-24,2026-09-24,CM,NSE,STK,2268,INE861B01023,MOTOGENFIN,EQ,,,,,MOTOR & GENERAL FINANCE L,26.00,26.39,25.65,25.70,25.90,26.09,,25.81,,,13416,346743.33,54,F1,1,,,,,
2026-09-24,2026-09-24,CM,NSE,STK,757810,INE0XM301010,MMEL,SM,,,,,MOVING MEDIA ENTER LTD,29.35,29.80,29.35,29.80,29.80,29.35,,29.80,,,6000,177800.00,3,F1,2000,,,,,
2026-09-24,2026-09-24,CM,NSE,STK,13502,INE0N6D01014,MOXSH,SM,,,,,MOXSH OVERSEAS EDUCON LTD,90.15,95.00,90.15,95.00,95.00,94.00,,95.00,,,3200,296240.00,2,F1,1600,,,,,
2026-09-24,2026-09-24,CM,NSE,STK,765138,INE493H01014,MPDL,BE,,,,,MPDL LTD.,27.11,28.05,27.11,28.05,28.05,28.51,,28.43,,,264,7353.50,3,F1,1,,,,,
2026-09-24,2026-09-24,CM,NSE,STK,4503,INE356A01018,MPHASIS,EQ,,,,,MPHASIS LIMITED,2230.00,2277.00,2230.00,2248.20,2248.20,2259.00,,2248.20,,,151071,341358042.70,15046,F1,1,,,,,
2026-09-24,2026-09-24,CM,NSE,STK,10578,INE943D01017,MPSLTD,EQ,,,,,MPS LIMITED,2694.00,2700.10,2610.10,2617.00,2618.00,2691.20,,2617.05,,,8543,22589832.20,1878,F1,1,,,,,
2026-09-24,2026-09-24,CM,NSE,STK,2277,INE883A01011,MRF,EQ,,,,,MRF LTD,124300.00,124480.00,123520.00,123985.00,123980.00,124580.00,,123985.62,,,3125,387624430.00,2130,F1,1,,,,,
2026-09-24,2026-09-24,CM,NSE,STK,2283,INE103A01014,MRPL,EQ,,,,,MRPL,165.70,166.90,163.61,164.49,164.30,166.32,,164.48,,,2717313,447107472.63,22791,F1,1,,,,,
2026-09-24,2026-09-24,CM,NSE,STK,1628,INE495P01020,BECTORFOOD,EQ,,,,,MRS BECTORS FOOD SPE LTD,220.77,221.00,215.00,215.68,216.00,219.30,,215.68,,,540566,117515349.24,15327,F1,1,,,,,
2026-09-24,2026-09-24,CM,NSE,STK,11919,INE752G01015,MSPL,EQ,,,,,MSP STEEL & POWER LTD.,35.10,35.29,34.60,34.92,35.05,35.57,,34.94,,,413570,14432728.97,2343,F1,1,,,,,
2026-09-24,2026-09-24,CM,NSE,STK,9356,INE255X01014,MSTCLTD,EQ,,,,,MSTC LIMITED,742.05,757.95,735.00,738.05,741.35,752.25,,738.07,,,292006,217983259.85,11381,F1,1,,,,,
2026-09-24,2026-09-24,CM,NSE,STK,31413,INE472M01018,MTEDUCARE,BE,,,,,MT EDUCARE LTD,1.66,1.74,1.58,1.69,1.65,1.66,,1.69,,,53463,91248.15,35,F1,1,,,,,
2026-09-24,2026-09-24,CM,NSE,STK,2715,INE864I01014,MTARTECH,BE,,,,,MTAR TECHNOLOGIES LIMITED,7164.50,7260.00,6960.00,7050.00,7095.00,7286.50,,7050.23,,,77908,555137136.50,14578,F1,1,,,,,
2026-09-24,2026-09-24,CM,NSE,STK,19783,INE08KJ01020,MUFIN,EQ,,,,,MUFIN GREEN FINANCE LTD,132.75,132.97,130.40,131.82,131.00,133.11,,131.82,,,515045,67858577.00,3527,F1,1,,,,,
2026-09-24,2026-09-24,CM,NSE,STK,11325,INE304A01026,MUKANDLTD,EQ,,,,,MUKAND LTD.,157.00,161.40,154.10,155.26,154.46,157.11,,155.24,,,1025053,161473259.82,14329,F1,1,,,,,
2026-09-24,2026-09-24,CM,NSE,STK,764788,INE596B01017,MUKESHB,EQ,,,,,MUKESH BABU FINANC SER L,126.50,127.00,126.50,127.00,127.00,132.98,,127.00,,,40,5070.00,3,F1,1,,,,,
2026-09-24,2026-09-24,CM,NSE,STK,22981,INE0CG401037,MUKKA,BE,,,,,MUKKA PROTEINS LIMITED,26.70,27.65,26.11,27.04,27.28,27.10,,27.04,,,202056,5470762.50,915,F1,1,,,,,
2026-09-24,2026-09-24,CM,NSE,STK,8691,INE374B01019,MUKTAARTS,BE,,,,,MUKTA ARTS LIMITED,57.89,57.89,57.40,57.40,57.40,57.89,,58.08,,,17,976.29,2,F1,1,,,,,
2026-09-24,2026-09-24,CM,NSE,STK,31181,INE745G01043,MCX,EQ,,,,,MULTI COMMODITY EXCHANGE,3365.00,3477.00,3351.10,3427.70,3427.70,3374.00,,3427.69,,,4133428,14176844356.20,167893,F1,1,,,,,
2026-09-24,2026-09-24,CM,NSE,STK,759416,INE1K8Y01018,MUNISH,SM,,,,,MUNISH FORGE LIMITED,94.95,94.95,89.70,89.95,89.85,94.95,,89.95,,,21600,1971780.00,17,F1,1200,,,,,
2026-09-24,2026-09-24,CM,NSE,STK,13511,INE672B01032,MUNJALAU,EQ,,,,,MUNJAL AUTO IND. LTD.,106.45,106.99,104.32,105.34,106.02,107.27,,105.34,,,237491,25038458.90,7929,F1,1,,,,,
2026-09-24,2026-09-24,CM,NSE,STK,2307,INE577A01027,MUNJALSHOW,EQ,,,,,MUNJAL SHOWA LTD,132.50,132.90,128.30,128.90,128.50,133.44,,128.89,,,39135,5103084.86,540,F1,1,,,,,
2026-09-24,2026-09-24,CM,NSE,STK,2313,INE692B01014,MURUDCERA,EQ,,,,,MURUDESHWAR CERAMICS LTD,29.90,29.90,28.50,28.57,28.52,29.06,,28.51,,,8117,232689.95,161,F1,1,,,,,
2026-09-24,2026-09-24,CM,NSE,STK,19877,INE919I01024,RADIOCITY,EQ,,,,,MUSIC BROADCAST LIMITED,6.14,6.14,5.92,5.98,5.98,6.04,,5.98,,,40424,242944.93,155,F1,1,,,,,
2026-09-24,2026-09-24,CM,NSE,STK,10415,INE296G01013,MUTHOOTCAP,EQ,,,,,MUTHOOT CAP SERV LTD,228.37,233.49,225.00,231.03,231.75,227.71,,231.04,,,12323,2825044.80,483,F1,1,,,,,
2026-09-24,2026-09-24,CM,NSE,STK,23650,INE414G01012,MUTHOOTFIN,EQ,,,,,MUTHOOT FINANCE LIMITED,2825.00,2855.00,2808.10,2825.30,2825.30,2856.50,,2825.51,,,460320,1302706009.50,58890,F1,1,,,,,
2026-09-24,2026-09-24,CM,NSE,STK,20831,INE046W01019,MUTHOOTMF,EQ,,,,,MUTHOOT MICROFIN LIMITED,189.00,189.00,182.50,183.40,183.30,189.19,,183.41,,,137330,25384128.02,3487,F1,1,,,,,
2026-09-24,2026-09-24,CM,NSE,STK,764397,INE0OWZ01020,MVELECTRO,EQ,,,,,MV ELECTROSYSTEMS LIMITED,867.00,867.00,811.55,818.50,819.00,871.60,,818.47,,,903917,756262302.25,22312,F1,1,,,,,
2026-09-24,2026-09-24,CM,NSE,STK,8220,INE741A01011,MYSORPETRO,BE,,,,,MYSORE PETRO CHEMICALS L,131.49,131.49,125.25,127.20,129.80,129.89,,132.13,,,435,55699.50,15,F1,1,,,,,
2026-09-24,2026-09-24,CM,NSE,STK,20314,INE740D01017,NRAIL,EQ,,,,,N R AGARWAL INDS LTD,659.25,674.95,630.15,637.75,649.80,657.90,,637.71,,,13942,9150790.90,1362,F1,1,,,,,
2026-09-24,2026-09-24,CM,NSE,STK,757489,INE104101014,NRVANDANA,SM,,,,,N R VANDANA TEX IND LTD,71.70,71.70,71.70,71.70,71.70,71.60,,71.70,,,9000,645300.00,1,F1,3000,,,,,
2026-09-24,2026-09-24,CM,NSE,STK,764798,INE920C01017,NTCIND,EQ,,,,,N T C INDUSTRIES LTD.,140.00,144.10,137.00,139.02,139.20,141.63,,139.02,,,193,26861.05,27,F1,1,,,,,
2026-09-24,2026-09-24,CM,NSE,STK,19111,INE365I01020,NBIFIN,EQ,,,,,N.B.I. IND. FIN. CO. LTD,1959.30,1959.30,1920.10,1923.70,1921.90,1948.90,,1923.70,,,166,319873.60,69,F1,1,,,,,
2026-09-24,2026-09-24,CM,NSE,STK,20425,INE295D01020,NACLIND,EQ,,,,,NACL INDUSTRIES LIMITED,139.00,143.20,137.50,139.33,139.48,139.23,,139.31,,,488457,68422508.07,9955,F1,1,,,,,
2026-09-24,2026-09-24,CM,NSE,STK,18371,INE756C01015,NDGL,EQ,,,,,NAGA DHUNSERI GROUP LTD,2639.90,2645.00,2572.00,2576.00,2575.50,2579.00,,2576.00,,,100,263402.10,22,F1,1,,,,,
2026-09-24,2026-09-24,CM,NSE,STK,14942,INE245I01016,NAGREEKCAP,EQ,,,,,NAGREEKA CAP & INFR.LTD,29.80,30.00,28.21,29.55,29.21,30.20,,29.47,,,25722,753413.12,402,F1,1,,,,,
2026-09-24,2026-09-24,CM,NSE,STK,14702,INE123B01028,NAGREEKEXP,EQ,,,,,NAGREEKA EXPORTS LTD.,25.35,27.00,23.90,24.02,24.00,24.21,,24.02,,,381260,9732039.51,1555,F1,1,,,,,
2026-09-24,2026-09-24,CM,NSE,STK,15360,INE049I01012,NAHARCAP,EQ,,,,,NAHAR CAP & FIN.,253.55,253.55,242.55,248.00,243.05,252.30,,247.97,,,10097,2522088.70,70,F1,1,,,,,
2026-09-24,2026-09-24,CM,NSE,STK,13106,INE289A01011,NAHARINDUS,EQ,,,,,NAHAR INDS ENT LTD,130.09,132.10,128.10,128.71,129.80,131.86,,128.69,,,17158,2221984.88,331,F1,1,,,,,
2026-09-24,2026-09-24,CM,NSE,STK,14445,INE308A01027,NAHARPOLY,EQ,,,,,NAHAR POLY FILMS LIMITED,231.00,235.35,225.00,226.47,226.00,228.81,,226.47,,,5141,1173222.74,291,F1,1,,,,,
2026-09-24,2026-09-24,CM,NSE,STK,14440,INE290A01027,NAHARSPING,EQ,,,,,NAHAR SPINNING MILLS LTD.,282.00,283.80,267.80,270.60,270.10,277.45,,270.60,,,21449,5846389.25,584,F1,1,,,,,
2026-09-24,2026-09-24,CM,NSE,STK,5401,INE236Y01012,NGIL,EQ,,,,,NAKODA GROUP OF IND. LTD,40.17,40.50,39.00,39.33,39.19,39.78,,39.26,,,1694,66546.12,32,F1,1,,,,,
2026-09-24,2026-09-24,CM,NSE,STK,11239,INE023A01030,NSIL,EQ,,,,,NALWA SONS INVESTMENT LTD,5575.00,5621.50,5480.00,5502.00,5481.50,5624.00,,5503.04,,,1918,10642633.00,432,F1,1,,,,,
2026-09-24,2026-09-24,CM,NSE,STK,23379,INE0RJM01010,NAMAN,SM,,,,,NAMAN INDUSTRE PRXIMA LTD,44.50,46.30,44.50,46.30,46.30,44.10,,46.30,,,72000,3331200.00,25,F1,800,,,,,
2026-09-24,2026-09-24,CM,NSE,STK,25167,INE08NZ01012,NAMOEWASTE,SM,,,,,NAMO EWASTE MANAGEMENT L,305.00,305.00,288.80,295.25,299.00,311.75,,295.25,,,68800,20531640.00,86,F1,800,,,,,
2026-09-24,2026-09-24,CM,NSE,STK,31258,INE875G01048,NDL,EQ,,,,,NANDAN DENIM LIMITED,2.77,2.80,2.68,2.69,2.70,2.76,,2.69,,,1208977,3301575.87,1192,F1,1,,,,,
2026-09-24,2026-09-24,CM,NSE,STK,5516,INE696V01013,JAIPURKURT,EQ,,,,,NANDANI CREATION LIMITED,24.95,25.30,24.31,25.26,25.30,24.95,,25.26,,,7243,181722.75,58,F1,1,,,,,
2026-09-24,2026-09-24,CM,NSE,STK,11840,INE410P01011,NH,EQ,,,,,NARAYANA HRUDAYALAYA LTD.,1908.90,1909.90,1870.00,1877.70,1875.00,1919.30,,1877.71,,,68468,129490486.80,11316,F1,1,,,,,
2026-09-24,2026-09-24,CM,NSE,STK,11627,INE117Z01029,NARMADA,EQ,,,,,NARMADA AGROBASE LIMITED,13.25,13.45,13.06,13.24,13.17,13.34,,13.24,,,582800,7679421.95,483,F1,1,,,,,
2026-09-24,2026-09-24,CM,NSE,STK,3918,INE987B01026,NATCOPHARM,EQ,,,,,NATCO PHARMA LTD.,835.00,855.00,832.25,842.00,842.10,837.60,,841.99,,,524314,443891416.00,28502,F1,1,,,,,
2026-09-24,2026-09-24,CM,NSE,STK,11065,INE448G01010,NATHBIOGEN,EQ,,,,,NATH BIO-GENES (I) LTD,149.50,151.49,148.30,150.21,150.80,148.02,,150.22,,,8860,1327340.79,389,F1,1,,,,,
2026-09-24,2026-09-24,CM,NSE,STK,6364,INE139A01034,NATIONALUM,EQ,,,,,NATIONAL ALUMINIUM CO LTD,355.95,361.65,354.40,358.40,358.40,363.45,,358.37,,,3247810,1164969086.75,42838,F1,1,,,,,
2026-09-24,2026-09-24,CM,NSE,STK,13925,INE870D01012,NFL,EQ,,,,,NATIONAL FERT. LTD,67.40,67.40,66.52,66.72,66.70,67.84,,66.71,,,317524,21241908.24,2400,F1,1,,,,,
2026-09-24,2026-09-24,CM,NSE,STK,762807,INE166R01015,NATIONSTD,EQ,,,,,NATIONAL STAND (INDIA) L,116.00,116.00,109.57,115.11,115.18,113.38,,115.13,,,20720,2352127.36,572,F1,1,,,,,
2026-09-24,2026-09-24,CM,NSE,STK,29588,INE936B01015,NATCAPSUQ,BE,,,,,NATURAL CAPSULES LIMITED,174.73,174.73,167.00,168.90,167.00,172.67,,168.90,,,4726,804428.83,63,F1,1,,,,,
2026-09-24,2026-09-24,CM,NSE,STK,4014,INE725A01030,NAVA,EQ,,,,,NAVA LIMITED,547.05,561.00,546.55,557.00,557.80,553.65,,556.99,,,276326,153269778.00,15629,F1,1,,,,,
2026-09-24,2026-09-24,CM,NSE,STK,14672,INE048G01026,NAVINFLUOR,EQ,,,,,NAVIN FLUORINE INT. LTD,8400.00,8559.50,8400.00,8461.00,8446.00,8457.50,,8461.40,,,58189,492911774.50,13946,F1,1,,,,,
2026-09-24,2026-09-24,CM,NSE,STK,10557,INE278M01019,NAVKARCORP,EQ,,,,,NAVKAR CORPORATION LTD.,87.95,88.94,86.93,87.82,88.00,87.94,,87.82,,,434942,38303357.86,5707,F1,1,,,,,
2026-09-24,2026-09-24,CM,NSE,STK,29146,INE268H01044,NAVKARURB,EQ,,,,,NAVKAR URBANSTRUCTURE LTD,0.94,0.94,0.91,0.91,0.92,0.93,,0.91,,,461734,422140.92,231,F1,1,,,,,
2026-09-24,2026-09-24,CM,NSE,STK,2385,INE060A01024,NAVNETEDUL,EQ,,,,,NAVNEET EDUCATION LTD,123.50,124.71,121.91,123.40,122.31,123.75,,123.41,,,137001,16894746.98,1418,F1,1,,,,,
2026-09-24,2026-09-24,CM,NSE,STK,2987,INE418L01047,NAZARA,EQ,,,,,NAZARA TECHNOLOGIES LTD,367.00,380.00,367.00,374.55,374.10,372.70,,374.55,,,1869672,702415639.70,27375,F1,1,,,,,
2026-09-24,2026-09-24,CM,NSE,STK,31415,INE095N01031,NBCC,EQ,,,,,NBCC (INDIA) LIMITED,83.30,83.68,81.83,82.34,82.34,83.99,,82.37,,,4925562,407797698.04,27966,F1,1,,,,,
2026-09-24,2026-09-24,CM,NSE,STK,2319,INE868B01028,NCC,EQ,,,,,NCC LIMITED,135.10,135.89,133.00,133.42,133.59,136.05,,133.42,,,1311315,175667521.75,16896,F1,1,,,,,
2026-09-24,2026-09-24,CM,NSE,STK,14490,INE732C01016,NCLIND,EQ,,,,,NCL INDUSTRIES LIMITED,176.96,178.00,171.90,176.07,176.00,176.22,,176.06,,,22175,3906466.78,750,F1,1,,,,,
2026-09-24,2026-09-24,CM,NSE,STK,14547,INE353A01023,NDLVENTURE,EQ,,,,,NDL VENTURES LIMITED,124.06,124.06,121.16,122.25,122.00,124.06,,122.25,,,1217,148633.46,64,F1,1,,,,,
2026-09-24,2026-09-24,CM,NSE,STK,22255,INE07OG01012,NDRAUTO,EQ,,,,,NDR AUTO COMPONENTS LTD,752.50,780.00,748.50,754.20,756.00,763.15,,754.06,,,35359,27161740.90,1762,F1,1,,,,,
2026-09-24,2026-09-24,CM,NSE,STK,11427,INE155G01029,NDTV,EQ,,,,,NDTV LTD,71.96,72.08,69.12,69.93,69.51,71.11,,69.94,,,65162,4587620.41,1441,F1,1,,,,,
2026-09-24,2026-09-24,CM,NSE,STK,11927,INE023H01027,NECLIFE,EQ,,,,,NECTAR LIFESCIENCES LTD.,11.18,11.18,10.85,10.88,10.85,11.06,,10.88,,,94617,1039549.35,423,F1,1,,,,,
2026-09-24,2026-09-24,CM,NSE,STK,14761,INE189I01024,NELCAST,EQ,,,,,NELCAST LIMITED,105.39,110.75,105.39,108.89,110.75,106.98,,108.78,,,67799,7332466.76,1417,F1,1,,,,,
2026-09-24,2026-09-24,CM,NSE,STK,2388,INE045B01015,NELCO,EQ,,,,,NELCO LTD,1020.00,1030.40,986.50,993.05,993.95,1020.75,,993.06,,,180049,181859536.25,7596,F1,1,,,,,
2026-09-24,2026-09-24,CM,NSE,STK,760928,INE21UM01018,NEOCHEM,SM,,,,,NEOCHEM BIO SOLUTIONS LTD,101.05,104.95,101.05,104.75,104.75,105.85,,104.75,,,12000,1237920.00,10,F1,1200,,,,,
2026-09-24,2026-09-24,CM,NSE,STK,9917,INE136S01016,NEOGEN,EQ,,,,,NEOGEN CHEMICALS LIMITED,2390.20,2411.50,2296.70,2326.10,2326.00,2392.10,,2326.49,,,231587,545149760.30,31329,F1,1,,,,,
2026-09-24,2026-09-24,CM,NSE,STK,24350,INE0SUN01013,NEPHROCARE,SM,,,,,NEPHRO CARE INDIA LIMITED,98.40,101.00,92.65,96.45,96.10,98.45,,96.45,,,41600,4034220.00,85,F1,400,,,,,
2026-09-24,2026-09-24,CM,NSE,STK,760346,INE428V01029,NEPHROPLUS,EQ,,,,,NEPHROCARE HEALTH SERV L,718.40,718.40,701.00,709.50,709.85,741.90,,709.50,,,9381845,6637817606.85,65879,F1,1,,,,,
2026-09-24,2026-09-24,CM,NSE,STK,757493,INE156901014,NEPTUNE,SM,,,,,NEPTUNE PETROCHEMICALS L,185.00,185.00,183.10,183.10,183.10,184.90,,183.10,,,2000,368100.00,4,F1,500,,,,,
2026-09-24,2026-09-24,CM,NSE,STK,15409,INE317F01035,NESCO,EQ,,,,,NESCO LTD.,1062.00,1088.20,1062.00,1073.50,1078.00,1078.50,,1073.46,,,23461,25293541.30,3900,F1,1,,,,,
2026-09-24,2026-09-24,CM,NSE,STK,17963,INE239A01024,NESTLEIND,EQ,,,,,NESTLE INDIA LIMITED,1355.70,1386.00,1350.20,1351.00,1351.00,1387.20,,1351.00,,,800885,1090859928.60,38759,F1,1,,,,,
2026-09-24,2026-09-24,CM,NSE,STK,17433,INE0NT901020,NETWEB,EQ,,,,,NETWEB TECH INDIA LTD,4685.00,4719.50,4633.00,4661.50,4680.00,4736.00,,4660.86,,,501756,2348387672.00,40765,F1,1,,,,,
2026-09-24,2026-09-24,CM,NSE,STK,756324,INE0FFK01017,NPST,EQ,,,,,NETWORK PEOPLE SRV TECH L,1835.40,1852.20,1775.00,1782.30,1786.00,1844.70,,1782.28,,,54106,97751292.80,6262,F1,1,,,,,
2026-09-24,2026-09-24,CM,NSE,STK,14111,INE870H01013,NETWORK18,EQ,,,,,NETWORK18 MEDIA & INV LTD,26.90,27.29,26.62,26.97,26.90,27.14,,26.97,,,2143083,57785003.56,5510,F1,1,,,,,
2026-09-24,2026-09-24,CM,NSE,STK,30554,INE333I01044,NEUEON,BE,,,,,NEUEON CORPORATION LTD,13.71,13.71,13.71,13.71,13.71,13.06,,14.18,,,4288,58788.48,12,F1,1,,,,,
2026-09-24,2026-09-24,CM,NSE,STK,2406,INE794A01010,NEULANDLAB,EQ,,,,,NEULAND LAB LTD.,22450.00,22595.00,21800.00,21905.00,21940.00,22490.00,,21905.13,,,81922,1810104725.00,22180,F1,1,,,,,
2026-09-24,2026-09-24,CM,NSE,STK,1164,INE619B01017,NEWGEN,EQ,,,,,NEWGEN SOFTWARE TECH LTD,498.10,505.10,490.05,493.60,493.00,504.15,,493.58,,,338272,168373549.40,13123,F1,1,,,,,
2026-09-24,2026-09-24,CM,NSE,STK,19161,INE0PW501021,NEWJAISA,ST,,,,,NEWJAISA TECHNOLOGIES LTD,16.40,17.60,16.35,17.45,17.60,17.15,,17.45,,,40500,678225.00,13,F1,1500,,,,,
2026-09-24,2026-09-24,CM,NSE,STK,28801,INE0TP801012,NMSTEEL,SM,,,,,NEWMALAYALAM STEEL LTD,23.45,23.45,20.00,21.45,21.45,22.00,,21.45,,,27200,580560.00,16,F1,1600,,,,,
2026-09-24,2026-09-24,CM,NSE,STK,9867,INE747B01016,NEXTMEDIA,EQ,,,,,NEXT MEDIAWORKS LIMITED,3.79,3.79,3.61,3.62,3.68,3.79,,3.62,,,45315,166097.09,81,F1,1,,,,,
2026-09-24,2026-09-24,CM,NSE,STK,15815,INE0NDH25011,NXST,RR,,,,,NEXUS SELECT TRUST,166.49,166.90,164.40,166.42,166.90,166.21,,166.42,,,2402560,399344526.51,9873,F1,1,,,,,
2026-09-24,2026-09-24,CM,NSE,STK,763536,INE0T1501010,NFPSAMPOOR,SM,,,,,NFP SAMPOORNA FOODS LTD,22.95,22.95,22.50,22.50,22.50,22.75,,22.50,,,8000,181200.00,4,F1,2000,,,,,
2026-09-24,2026-09-24,CM,NSE,STK,10277,INE887E01022,NGLFINE,EQ,,,,,NGL FINE CHEM LIMITED,2801.00,2965.00,2760.10,2894.90,2900.00,2830.40,,2894.99,,,24655,71502955.90,3779,F1,1,,,,,
2026-09-24,2026-09-24,CM,NSE,STK,17400,INE848E01016,NHPC,EQ,,,,,NHPC LTD,76.17,76.77,75.77,76.25,76.25,76.74,,76.25,,,8150246,621792425.58,34289,F1,1,,,,,
2026-09-24,2026-09-24,CM,NSE,STK,29487,INE149O01018,NIBE,EQ,,,,,NIBE LIMITED,1348.70,1348.70,1290.00,1297.20,1302.00,1346.90,,1297.24,,,47737,62452921.10,4223,F1,1,,,,,
2026-09-24,2026-09-24,CM,NSE,STK,764793,INE653C01022,NICCOPAR,EQ,,,,,NICCO PARKS & RESORTS LTD,77.10,80.89,77.10,80.49,80.49,80.00,,80.49,,,363,28777.74,30,F1,1,,,,,
2026-09-24,2026-09-24,CM,NSE,STK,6592,INE0J6L01013,NIDAN,SM,,,,,NIDAN LABS AND HEALTH LTD,13.50,13.95,12.90,13.15,13.20,13.70,,13.15,,,19000,253500.00,15,F1,1000,,,,,
2026-09-24,2026-09-24,CM,NSE,STK,17747,INE342G01023,NIITMTS,EQ,,,,,NIIT LEARNING SYSTEMS LTD,217.70,221.50,215.00,217.57,217.38,220.27,,217.58,,,85624,18587540.00,6581,F1,1,,,,,
2026-09-24,2026-09-24,CM,NSE,STK,11522,INE161A01038,NIITLTD,EQ,,,,,NIIT LIMITED,90.41,91.23,89.17,89.90,89.52,91.67,,89.90,,,115883,10444291.81,1936,F1,1,,,,,
2026-09-24,2026-09-24,CM,NSE,STK,758178,INE0FLF01015,NIKITA,SM,,,,,NIKITA GRENTEC RECYCL LTD,67.00,67.95,66.10,66.10,66.10,65.00,,66.10,,,16800,1127880.00,14,F1,1200,,,,,
2026-09-24,2026-09-24,CM,NSE,STK,9253,INE937C01029,NILAINFRA,EQ,,,,,NILA INFRASTRUCTURES LTD,7.00,7.39,6.83,7.06,7.10,6.82,,7.04,,,528500,3786329.12,1200,F1,1,,,,,
2026-09-24,2026-09-24,CM,NSE,STK,7411,INE00S901012,NILASPACES,EQ,,,,,NILA SPACES LIMITED,11.81,11.81,11.38,11.43,11.48,11.81,,11.44,,,867119,10023507.43,2022,F1,1,,,,,
2026-09-24,2026-09-24,CM,NSE,STK,762817,INE445D01013,NILE,EQ,,,,,NILE LTD.,1430.00,1445.90,1360.00,1388.00,1383.00,1436.60,,1388.13,,,6441,9014470.00,994,F1,1,,,,,
2026-09-24,2026-09-24,CM,NSE,STK,2421,INE310A01015,NILKAMAL,EQ,,,,,NILKAMAL LIMITED,1865.00,1918.40,1865.00,1883.70,1891.00,1880.20,,1883.89,,,25578,48370740.20,3490,F1,1,,,,,
2026-09-24,2026-09-24,CM,NSE,STK,761720,INE875B01015,NIMBSPROJ,EQ,,,,,NIMBUS PROJECTS LIMITED,193.96,203.60,187.73,199.44,195.25,194.79,,199.44,,,36190,7006736.58,600,F1,1,,,,,
2026-09-24,2026-09-24,CM,NSE,STK,14194,INE395U01014,NINSYS,EQ,,,,,NINTEC SYSTEMS LIMITED,710.00,714.80,703.95,713.05,713.00,710.30,,713.05,,,1685,1198466.65,216,F1,1,,,,,
2026-09-24,2026-09-24,CM,NSE,STK,11439,INF204KB15I9,BANKBEES,EQ,,,,,NIP IND ETF BANK BEES,586.00,586.00,570.93,575.88,577.51,585.57,,575.88,,,806404,465116555.16,15203,F1,1,,,,,
2026-09-24,2026-09-24,CM,NSE,STK,2435,INF204KA1LD7,CONSUMBEES,EQ,,,,,NIP IND ETF CONSUMPTION,129.78,129.78,126.67,127.10,127.41,128.81,,127.10,,,40878,5209403.85,1112,F1,1,,,,,
2026-09-24,2026-09-24,CM,NSE,STK,2636,INF204KA1MS3,DIVOPPBEES,EQ,,,,,NIP IND ETF DIV OPP,75.48,75.48,74.00,74.43,74.60,74.86,,74.43,,,38679,2873849.13,772,F1,1,,,,,
2026-09-24,2026-09-24,CM,NSE,STK,9847,INF204KB18I3,NV20BEES,EQ,,,,,NIP IND ETF ETF NV20,135.00,135.18,133.73,134.21,134.58,135.55,,134.21,,,31301,4204756.57,414,F1,1,,,,,
2026-09-24,2026-09-24,CM,NSE,STK,14428,INF204KB17I5,GOLDBEES,EQ,,,,,NIP IND ETF GOLD BEES,124.00,124.28,123.22,123.43,123.47,124.73,,123.43,,,20039975,2481352562.82,93111,F1,1,,,,,
2026-09-24,2026-09-24,CM,NSE,STK,18284,INF204KB19I1,HNGSNGBEES,EQ,,,,,NIP IND ETF HANGSENG BEES,461.52,462.00,458.05,460.02,461.00,461.52,,460.02,,,105194,48385206.37,3667,F1,1,,,,,
2026-09-24,2026-09-24,CM,NSE,STK,20072,INF732E01268,INFRABEES,EQ,,,,,NIP IND ETF INFRA BEES,937.79,938.81,924.00,926.98,931.27,937.79,,926.98,,,12622,11723270.03,608,F1,1,,,,,
2026-09-24,2026-09-24,CM,NSE,STK,19084,INF204KB15V2,ITBEES,EQ,,,,,NIP IND ETF IT,32.25,32.25,31.20,31.32,31.35,31.47,,31.32,,,6899204,216952119.64,15482,F1,1,,,,,
2026-09-24,2026-09-24,CM,NSE,STK,10939,INF732E01045,JUNIORBEES,EQ,,,,,NIP IND ETF JUNIOR BEES,780.62,781.54,772.08,773.76,773.10,784.54,,773.78,,,322504,250573178.80,10800,F1,1,,,,,
2026-09-24,2026-09-24,CM,NSE,STK,11006,INF732E01037,LIQUIDBEES,EQ,,,,,NIP IND ETF LIQUID BEES,999.99,1000.01,999.99,999.99,1000.00,1000.00,,999.99,,,2147668,2147663211.98,4055,F1,1,,,,,
2026-09-24,2026-09-24,CM,NSE,STK,17700,INF204KB1882,LTGILTBEES,EQ,,,,,NIP IND ETF LONGTERM GILT,30.00,30.00,29.61,29.62,29.64,29.79,,29.62,,,1537754,45625599.35,850,F1,1,,,,,
2026-09-24,2026-09-24,CM,NSE,STK,8506,INF204KB1V68,MID150BEES,EQ,,,,,NIP IND ETF MIDCAP 150,236.90,236.90,232.42,233.02,233.48,237.36,,233.03,,,856091,200477133.79,15511,F1,1,,,,,
2026-09-24,2026-09-24,CM,NSE,STK,29577,INF204K014N5,NIF100BEES,EQ,,,,,NIP IND ETF NIFTY 100,261.00,261.00,256.01,257.89,258.50,261.00,,257.90,,,29815,7705673.58,761,F1,1,,,,,
2026-09-24,2026-09-24,CM,NSE,STK,10576,INF204KB14I2,NIFTYBEES,EQ,,,,,NIP IND ETF NIFTY BEES,274.00,274.00,263.30,263.99,264.98,267.59,,263.98,,,8101315,2143059243.84,131054,F1,1,,,,,
2026-09-24,2026-09-24,CM,NSE,STK,15032,INF204KB16I7,PSUBNKBEES,EQ,,,,,NIP IND ETF PSU BANK BEES,95.51,95.51,92.10,92.45,92.47,93.19,,92.44,,,1171527,108366692.54,5272,F1,1,,,,,
2026-09-24,2026-09-24,CM,NSE,STK,17044,INF732E01128,SHARIABEES,EQ,,,,,NIP IND ETF SHARIAH BEES,437.41,441.80,432.23,433.87,440.90,437.41,,433.88,,,6880,2989438.49,466,F1,1,,,,,
2026-09-24,2026-09-24,CM,NSE,STK,357,INE298J01013,NAM-INDIA,EQ,,,,,NIPPON L I A M LTD,1159.00,1170.60,1130.90,1144.90,1144.90,1165.00,,1144.91,,,985413,1132155504.60,33111,F1,1,,,,,
2026-09-24,2026-09-24,CM,NSE,STK,757725,INF204KC1FU1,LIQGRWBEES,EQ,,,,,NIPPONAMC - LIQGRWBEES,1056.70,1056.72,1056.70,1056.71,1056.71,1056.58,,1056.71,,,45129,47688005.01,185,F1,1,,,,,
2026-09-24,2026-09-24,CM,NSE,STK,758667,INF204KC1GH6,MANUFGBEES,EQ,,,,,NIPPONAMC - MANUFGBEES,157.20,160.77,157.20,159.00,159.72,160.41,,159.35,,,39814,6380869.97,131,F1,1,,,,,
2026-09-24,2026-09-24,CM,NSE,STK,7880,INF204KC1337,AUTOBEES,EQ,,,,,NIPPONAMC - NETFAUTO,280.00,281.29,277.00,277.20,277.40,280.54,,277.20,,,179921,50083147.26,3203,F1,1,,,,,
2026-09-24,2026-09-24,CM,NSE,STK,4973,INF204KC1089,PHARMABEES,EQ,,,,,NIPPONAMC - NETFPHARMA,28.58,28.58,27.71,27.80,27.79,27.89,,27.80,,,4033114,112549511.70,9397,F1,1,,,,,
2026-09-24,2026-09-24,CM,NSE,STK,8080,INF204KC1402,SILVERBEES,EQ,,,,,NIPPONAMC - NETFSILVER,217.89,218.43,215.75,215.95,216.24,220.26,,215.95,,,17227623,3739568644.31,74817,F1,1,,,,,
2026-09-24,2026-09-24,CM,NSE,STK,757455,INF204KC1EZ3,SNXT30BEES,EQ,,,,,NIPPONAMC - SNXT30BEES,41.98,42.05,41.70,41.75,41.85,42.28,,41.74,,,3757,157218.82,86,F1,1,,,,,
2026-09-24,2026-09-24,CM,NSE,STK,255,INE368I01016,NIRAJ,EQ,,,,,NIRAJ CEMENT STRUC LTD,28.55,29.51,27.80,29.13,29.15,27.99,,29.13,,,58167,1679908.51,202,F1,1,,,,,
2026-09-24,2026-09-24,CM,NSE,STK,18844,INE326T01011,NIRAJISPAT,BE,,,,,NIRAJ ISPAT IND LTD,273.00,285.60,273.00,278.00,278.00,274.80,,278.00,,,300,83138.55,19,F1,1,,,,,
2026-09-24,2026-09-24,CM,NSE,STK,2433,INE910A01012,NIRLON,EQ,,,,,NIRLON LTD,612.80,615.00,605.00,607.15,609.75,610.05,,607.15,,,6139,3742949.90,255,F1,1,,,,,
2026-09-24,2026-09-24,CM,NSE,STK,14722,INE0OK701014,NIRMAN,SM,,,,,NIRMAN AGRI GENTICS LTD,27.10,27.25,26.25,26.60,26.60,27.10,,26.60,,,9600,256995.00,30,F1,300,,,,,
2026-09-24,2026-09-24,CM,NSE,STK,13300,INE858F01012,NITCO,EQ,,,,,NITCO LIMITED,91.10,92.38,89.30,90.03,89.91,92.38,,90.05,,,228235,20743008.33,2548,F1,1,,,,,
2026-09-24,2026-09-24,CM,NSE,STK,13175,INE229H01012,NITINSPIN,EQ,,,,,NITIN SPINNERS LIMITED,613.00,621.50,599.50,605.55,608.00,617.80,,605.57,,,59443,36141915.20,3668,F1,1,,,,,
2026-09-24,2026-09-24,CM,NSE,STK,3247,INE439T01012,NITIRAJ,EQ,,,,,NITIRAJ ENGINEERS LTD,224.27,228.38,216.02,226.25,227.99,228.34,,226.25,,,1530,343864.01,81,F1,1,,,,,
2026-09-24,2026-09-24,CM,NSE,STK,762824,INE265B01019,NITTAGELA,EQ,,,,,NITTA GELATIN INDIA LTD.,1729.50,1739.90,1691.20,1699.50,1696.80,1730.20,,1701.00,,,1116,1904453.60,198,F1,1,,,,,
2026-09-24,2026-09-24,CM,NSE,STK,27097,INE995S01015,NIVABUPA,EQ,,,,,NIVA BUPA HEALTH INS CO L,78.00,78.69,75.97,76.13,76.10,80.23,,76.13,,,1747075,134470971.75,31384,F1,1,,,,,
2026-09-24,2026-09-24,CM,NSE,STK,2439,INE542C01019,NKIND,EQ,,,,,NK INDUSTRIES LTD,56.78,60.00,56.78,59.34,59.99,56.78,,59.34,,,297,16983.56,15,F1,1,,,,,
2026-09-24,2026-09-24,CM,NSE,STK,8585,INE589A01014,NLCINDIA,EQ,,,,,NLC INDIA LIMITED,267.00,267.05,261.75,263.25,264.00,267.10,,263.24,,,1007201,265525278.65,20100,F1,1,,,,,
2026-09-24,2026-09-24,CM,NSE,STK,15332,INE584A01023,NMDC,EQ,,,,,NMDC LTD.,81.10,82.09,80.80,80.82,80.82,82.00,,80.82,,,5166455,420336177.97,35442,F1,1,,,,,
2026-09-24,2026-09-24,CM,NSE,STK,14180,INE0NNS01018,NSLNISP,EQ,,,,,NMDC STEEL LIMITED,43.80,44.18,42.43,42.54,42.62,43.95,,42.54,,,3626151,156486130.71,18248,F1,1,,,,,
2026-09-24,2026-09-24,CM,NSE,STK,2442,INE163A01018,NOCIL,EQ,,,,,NOCIL LIMITED,204.91,204.91,187.00,191.40,192.01,206.30,,191.40,,,4920382,949287090.56,53847,F1,1,,,,,
2026-09-24,2026-09-24,CM,NSE,STK,10786,INE781B01015,NOIDATOLL,EQ,,,,,NOIDA TOLL BRIDGE CO LTD,3.98,4.01,3.87,3.92,3.96,3.93,,3.92,,,67357,266846.22,252,F1,1,,,,,
2026-09-24,2026-09-24,CM,NSE,STK,4160,INE369C01017,NORBTEAEXP,EQ,,,,,NORBEN TEA & EXPORTS LTD,65.55,68.60,65.55,67.88,68.00,65.55,,67.88,,,989,66311.79,27,F1,1,,,,,
2026-09-24,2026-09-24,CM,NSE,STK,13533,INE553C01016,NECCLTD,BE,,,,,NORTH EAST CARRY CORP LTD,19.31,19.59,18.61,19.39,19.05,19.54,,19.39,,,65054,1243287.28,164,F1,1,,,,,
2026-09-24,2026-09-24,CM,NSE,STK,25426,INE850M01015,NORTHARC,EQ,,,,,NORTHERN ARC CAPITAL LTD,307.00,309.95,301.50,303.00,303.00,313.80,,302.99,,,825722,251330225.90,20532,F1,1,,,,,
2026-09-24,2026-09-24,CM,NSE,STK,22477,INE02H701025,NOVAAGRI,EQ,,,,,NOVA AGRITECH LIMITED,23.40,23.40,22.85,23.01,23.25,23.11,,23.00,,,45976,1059166.30,365,F1,1,,,,,
2026-09-24,2026-09-24,CM,NSE,STK,9007,INE234A01025,NOVARTIND,EQ,,,,,NOVARTIS INDIA LIMITED,2027.40,2034.80,1955.00,1971.40,1977.00,2027.40,,1971.35,,,30262,60375590.70,3122,F1,1,,,,,
2026-09-24,2026-09-24,CM,NSE,STK,7553,INE349A01021,NRBBEARING,EQ,,,,,NRB BEARING LIMITED,538.00,540.60,526.20,528.90,532.00,541.05,,528.90,,,342989,183312477.95,15821,F1,1,,,,,
2026-09-24,2026-09-24,CM,NSE,STK,29733,INE047O01014,NIBL,EQ,,,,,NRB INDUS. BEARINGS LTD.,33.98,34.20,32.10,32.61,32.50,33.52,,32.60,,,47316,1566753.68,281,F1,1,,,,,
2026-09-24,2026-09-24,CM,NSE,STK,27176,INE0ONG01011,NTPCGREEN,EQ,,,,,NTPC GREEN ENERGY LIMITED,94.60,95.98,93.36,95.43,95.21,95.42,,95.43,,,5272785,502306855.38,41775,F1,1,,,,,
2026-09-24,2026-09-24,CM,NSE,STK,11630,INE733E01010,NTPC,EQ,,,,,NTPC LTD,326.95,327.70,324.40,326.60,326.60,326.00,,326.59,,,7662580,2500370084.50,86371,F1,1,,,,,
2026-09-24,2026-09-24,CM,NSE,STK,10791,INE096B01018,NUCLEUS,EQ,,,,,NUCLEUS SOFTWARE EXPORTS,681.05,687.95,673.20,675.15,674.00,685.00,,675.19,,,9954,6773863.15,1020,F1,1,,,,,
2026-09-24,2026-09-24,CM,NSE,STK,13680,INE0JM501013,NRL,BE,,,,,NUPUR RECYCLERS LIMITED,167.26,167.26,165.00,165.00,165.00,166.26,,165.00,,,147046,24486355.81,400,F1,1,,,,,
2026-09-24,2026-09-24,CM,NSE,STK,2353,INE0DSF01015,NURECA,BE,,,,,NURECA LIMITED,341.00,346.00,336.00,342.35,346.00,335.60,,342.46,,,8362,2859110.90,138,F1,1,,,,,
2026-09-24,2026-09-24,CM,NSE,STK,18721,INE531F01023,NUVAMA,EQ,,,,,NUVAMA WEALTH MANAGE LTD,1685.00,1719.90,1671.10,1695.40,1698.70,1688.20,,1695.42,,,256618,436117323.30,23565,F1,1,,,,,
2026-09-24,2026-09-24,CM,NSE,STK,5426,INE118D01016,NUVOCO,EQ,,,,,NUVOCO VISTAS CORP LTD,342.95,343.40,333.60,335.00,338.00,344.75,,335.00,,,259668,87629280.85,14434,F1,1,,,,,
2026-09-24,2026-09-24,CM,NSE,STK,24298,INE0SF023016,NXT-INFRA,IV,,,,,NXT-INFRA TRUST,99.80,99.80,97.50,97.50,97.50,99.80,,97.50,,,575000,56120000.00,4,F1,25000,,,,,
2026-09-24,2026-09-24,CM,NSE,STK,8797,INE426Z01016,OBCL,EQ,,,,,OBCL LIMITED,60.27,60.49,58.10,59.42,59.40,60.27,,59.42,,,16912,1017058.34,138,F1,1,,,,,
2026-09-24,2026-09-24,CM,NSE,STK,20242,INE093I01010,OBEROIRLTY,EQ,,,,,OBEROI REALTY LIMITED,1815.00,1874.70,1815.00,1837.50,1837.50,1850.00,,1837.49,,,468799,869711857.20,31416,F1,1,,,,,
2026-09-24,2026-09-24,CM,NSE,STK,25923,INE0YHV01011,OBSCP,SM,,,,,OBSC PERFECTION LIMITED,955.00,972.00,920.00,931.25,945.00,952.60,,931.25,,,42000,39942540.00,102,F1,400,,,,,
2026-09-24,2026-09-24,CM,NSE,STK,25920,INE0PK601023,OCCLLTD,BE,,,,,OCCL LIMITED,156.50,160.30,152.40,159.69,160.00,155.17,,159.60,,,59420,9438000.79,346,F1,1,,,,,
2026-09-24,2026-09-24,CM,NSE,STK,27571,INE054301028,ODIGMA,EQ,,,,,ODIGMA CONSULTANCY SOL L,21.10,21.11,20.75,20.96,21.00,21.10,,21.05,,,6093,127335.75,207,F1,1,,,,,
2026-09-24,2026-09-24,CM,NSE,STK,764803,INE839E01023,ODYCORP,EQ,,,,,ODYSSEY CORPORATION LTD.,7.27,7.27,6.90,7.02,7.22,7.13,,7.06,,,11794,81786.12,85,F1,1,,,,,
2026-09-24,2026-09-24,CM,NSE,STK,2475,INE213A01029,ONGC,EQ,,,,,OIL AND NATURAL GAS CORP.,235.50,239.00,235.23,239.00,239.00,236.90,,238.97,,,8493746,2008232699.26,76677,F1,1,,,,,
2026-09-24,2026-09-24,CM,NSE,STK,8109,INE591A01010,OILCOUNTUB,BE,,,,,OIL COUNTRY TUBULAR LTD.,69.50,70.89,69.10,70.89,70.89,69.50,,70.69,,,39504,2793752.07,103,F1,1,,,,,
2026-09-24,2026-09-24,CM,NSE,STK,17438,INE274J01014,OIL,EQ,,,,,OIL INDIA LTD,470.55,479.00,469.15,479.00,479.00,470.00,,479.00,,,1490649,705725901.30,26606,F1,1,,,,,
2026-09-24,2026-09-24,CM,NSE,STK,24777,INE0LXG01040,OLAELEC,EQ,,,,,OLA ELECTRIC MOBILITY LTD,41.05,44.55,40.91,42.52,42.10,41.87,,42.52,,,376053325,16053629403.36,547117,F1,1,,,,,
2026-09-24,2026-09-24,CM,NSE,STK,10637,INE260D01016,OLECTRA,EQ,,,,,OLECTRA GREENTECH LIMITED,1270.30,1272.70,1240.00,1244.00,1245.80,1275.90,,1244.00,,,349647,437943391.20,20628,F1,1,,,,,
2026-09-24,2026-09-24,CM,NSE,STK,759412,INE1BZC01019,OMFREIGHT,BE,,,,,OM FREIGHT FORWARDERS LTD,90.65,92.95,88.26,91.83,92.00,92.26,,91.88,,,13595,1240720.79,86,F1,1,,,,,
2026-09-24,2026-09-24,CM,NSE,STK,24231,INE239D01028,OMINFRAL,EQ,,,,,OM INFRA LIMITED,78.50,79.59,78.05,78.45,78.20,78.34,,78.49,,,33406,2624369.47,678,F1,1,,,,,
2026-09-24,2026-09-24,CM,NSE,STK,762432,INE25E901019,OMPOWER,EQ,,,,,OM POWER TRANSMISSION LTD,171.01,171.01,165.05,166.03,165.50,170.39,,166.03,,,28076,4696274.15,808,F1,1,,,,,
2026-09-24,2026-09-24,CM,NSE,STK,10922,INE090B01011,OMAXAUTO,EQ,,,,,OMAX AUTOS LTD,214.69,217.20,196.34,201.62,199.90,209.94,,201.65,,,279300,57380452.96,4787,F1,1,,,,,
2026-09-24,2026-09-24,CM,NSE,STK,14853,INE800H01010,OMAXE,EQ,,,,,OMAXE LIMITED,122.70,123.77,116.91,117.67,117.11,123.13,,117.67,,,596007,71129157.62,7235,F1,1,,,,,
2026-09-24,2026-09-24,CM,NSE,STK,117,INE338Y01016,OMFURN,SM,,,,,OMFURN INDIA LIMITED,52.95,53.00,52.95,52.95,53.00,53.95,,52.95,,,2400,127140.00,2,F1,1200,,,,,
2026-09-24,2026-09-24,CM,NSE,STK,760865,INE0UH301010,OMNI,EQ,,,,,OMNITECH ENGINEERING LTD,550.00,556.15,545.10,547.85,547.50,553.70,,547.67,,,356073,196023981.30,12220,F1,1,,,,,
2026-09-24,2026-09-24,CM,NSE,STK,19692,INE00ER01015,ONDOOR,SM,,,,,ON DOOR CONCEPTS LIMITED,269.95,272.00,265.40,271.00,271.00,268.00,,271.00,,,3000,810105.00,7,F1,300,,,,,
2026-09-24,2026-09-24,CM,NSE,STK,6705,INE982J01020,PAYTM,EQ,,,,,ONE 97 COMMUNICATIONS LTD,1768.00,1784.70,1730.30,1735.50,1735.50,1775.00,,1735.38,,,3538274,6217438465.90,93411,F1,1,,,,,
2026-09-24,2026-09-24,CM,NSE,STK,765242,INE670O01013,ONEGLOBAL,EQ,,,,,ONE GLOBAL SERVICE PROV L,552.00,552.00,528.05,530.90,529.95,543.35,,530.85,,,8979,4833676.70,637,F1,1,,,,,
2026-09-24,2026-09-24,CM,NSE,STK,28046,INE0HLU01028,MOBIKWIK,EQ,,,,,ONE MOBIKWIK SYSTEMS LTD,202.00,206.60,198.26,203.80,203.85,202.93,,203.80,,,1821686,370496550.26,21676,F1,1,,,,,
2026-09-24,2026-09-24,CM,NSE,STK,9939,INE840Y01029,ONEPOINT,EQ,,,,,ONE POINT ONE SOL LTD,70.50,72.40,68.41,69.31,69.54,68.41,,69.31,,,5430134,379902181.98,37671,F1,1,,,,,
2026-09-24,2026-09-24,CM,NSE,STK,19386,INE0OPS01011,OLIL,SM,,,,,ONECLICK LOGISTICS IND L,429.30,433.90,421.00,422.75,421.00,434.60,,422.75,,,75200,32064740.00,55,F1,400,,,,,
2026-09-24,2026-09-24,CM,NSE,STK,25496,INE912L01015,ONELIFECAP,BE,,,,,ONELIFE CAP ADVISORS LTD,35.69,36.00,34.50,35.81,34.85,35.09,,35.82,,,87253,3079219.16,150,F1,1,,,,,
2026-09-24,2026-09-24,CM,NSE,STK,763294,INE12F801023,KISSHT,EQ,,,,,ONEMI TECHNOLOGY SOL LTD,351.00,351.00,335.10,337.30,337.75,355.15,,337.29,,,1679730,574227461.95,37085,F1,1,,,,,
2026-09-24,2026-09-24,CM,NSE,STK,29224,INE013P01021,ONESOURCE,EQ,,,,,ONESOURCE SPECL PHARMA L,1596.50,1605.00,1579.20,1594.60,1603.00,1596.70,,1594.01,,,104912,166924840.80,12715,F1,1,,,,,
2026-09-24,2026-09-24,CM,NSE,STK,2202,INE831A01028,ONIDA,EQ,,,,,ONIDA ELECTRONICS LIMITED,34.00,34.63,33.16,33.28,33.50,34.30,,33.28,,,209547,7046618.90,804,F1,1,,,,,
2026-09-24,2026-09-24,CM,NSE,STK,764808,INE173M01012,ONIXSOLAR,EQ,,,,,ONIX SOLAR ENERGY LTD.,291.20,321.80,291.20,321.80,321.80,306.50,,321.80,,,455503,141457652.15,4845,F1,1,,,,,
2026-09-24,2026-09-24,CM,NSE,STK,15282,INE809I01019,ONMOBILE,BE,,,,,ONMOBILE GLOBAL LTD.,52.80,53.80,50.50,52.42,52.90,52.09,,52.58,,,47576,2500584.75,363,F1,1,,,,,
2026-09-24,2026-09-24,CM,NSE,STK,2481,INE229A01017,ONWARDTEC,EQ,,,,,ONWARD TECHNOLOGIES LTD,288.10,291.35,284.90,287.25,287.10,294.00,,287.21,,,15168,4370680.50,394,F1,1,,,,,
2026-09-24,2026-09-24,CM,NSE,STK,27143,INE0WVU01018,ONYX,ST,,,,,ONYX BIOTEC LIMITED,36.00,36.00,36.00,36.00,36.00,36.10,,36.00,,,4000,144000.00,1,F1,2000,,,,,
2026-09-24,2026-09-24,CM,NSE,STK,21469,INE350C01017,OPTIEMUS,EQ,,,,,OPTIEMUS INFRACOM LTD,820.00,820.00,771.00,781.50,777.65,828.35,,781.51,,,1597081,1279721781.70,50012,F1,1,,,,,
2026-09-24,2026-09-24,CM,NSE,STK,764813,INE031G01022,OPTIFIN,EQ,,,,,OPTIMUS FINANCE LTD.,15.41,15.98,14.51,14.98,15.10,15.46,,14.96,,,166891,2503013.19,431,F1,1,,,,,
2026-09-24,2026-09-24,CM,NSE,STK,764528,INE1JZB01022,OPTIMYSTIX,SM,,,,,OPTIMYSTIX ENT INDIA LTD,137.50,137.50,130.00,133.15,132.90,136.65,,133.15,,,136800,18078040.00,76,F1,800,,,,,
2026-09-24,2026-09-24,CM,NSE,STK,758903,INE15B101011,OPTIVALUE,ST,,,,,OPTIVALUE TEK CONSULT LTD,230.00,234.60,224.60,229.55,230.00,223.45,,229.55,,,416000,96915600.00,141,F1,1600,,,,,
2026-09-24,2026-09-24,CM,NSE,STK,10738,INE881D01027,OFSS,EQ,,,,,ORACLE FIN SERV SOFT LTD.,10600.00,10995.00,10600.00,10925.00,10925.00,10849.00,,10924.99,,,142508,1553385516.00,27793,F1,1,,,,,
2026-09-24,2026-09-24,CM,NSE,STK,31479,INE231G01010,ORBTEXP,BE,,,,,ORBIT EXPORTS LIMITED,228.00,234.90,225.50,227.00,227.00,228.36,,230.13,,,234,53010.75,10,F1,1,,,,,
2026-09-24,2026-09-24,CM,NSE,STK,29492,INE215B01022,ORCHASP,EQ,,,,,ORCHASP LIMITED,1.39,1.40,1.35,1.35,1.37,1.37,,1.36,,,80865,110612.97,180,F1,1,,,,,
2026-09-24,2026-09-24,CM,NSE,STK,926,INE191A01027,ORCHPHARMA,EQ,,,,,ORCHID PHARMA LIMITED,1100.00,1141.00,1088.05,1096.15,1092.10,1102.05,,1096.17,,,139255,155417018.55,12603,F1,1,,,,,
2026-09-24,2026-09-24,CM,NSE,STK,17882,INE0OUT01027,ORIANA,SM,,,,,ORIANA POWER LIMITED,315.00,315.00,301.00,303.70,303.00,308.30,,303.70,,,329625,100911618.75,759,F1,375,,,,,
2026-09-24,2026-09-24,CM,NSE,STK,10159,INE730A01022,ORICONENT,EQ,,,,,ORICON ENTERPRISES LTD,54.37,54.37,51.20,51.77,52.38,53.84,,51.77,,,21083,1105798.90,593,F1,1,,,,,
2026-09-24,2026-09-24,CM,NSE,STK,14278,INE607D01018,ORIENTBELL,EQ,,,,,ORIENT BELL LIMITED,393.70,393.70,387.55,391.05,390.80,391.50,,391.01,,,8776,3423308.70,576,F1,1,,,,,
2026-09-24,2026-09-24,CM,NSE,STK,30089,INE876N01018,ORIENTCEM,EQ,,,,,ORIENT CEMENT LTD.,124.70,124.70,122.02,122.32,122.30,124.89,,122.32,,,330197,40624618.08,2345,F1,1,,,,,
2026-09-24,2026-09-24,CM,NSE,STK,13111,INE569C01020,ORIENTCER,EQ,,,,,ORIENT CERATECH LIMITED,47.70,47.99,45.50,46.83,47.38,47.70,,46.84,,,81986,3842972.23,1146,F1,1,,,,,
2026-09-24,2026-09-24,CM,NSE,STK,2972,INE142Z01019,ORIENTELEC,EQ,,,,,ORIENT ELECTRIC LIMITED,168.00,168.00,163.30,163.98,163.50,168.08,,163.98,,,132569,21860490.07,3046,F1,1,,,,,
2026-09-24,2026-09-24,CM,NSE,STK,20110,INE999K01014,GREENPOWER,EQ,,,,,ORIENT GREEN POWER CO LTD,9.10,9.11,8.98,9.00,9.00,9.08,,9.00,,,1935904,17455623.05,2991,F1,1,,,,,
2026-09-24,2026-09-24,CM,NSE,STK,2493,INE750A01020,ORIENTHOT,EQ,,,,,ORIENT HOTELS LTD,144.30,144.30,139.15,140.41,140.50,143.58,,140.41,,,422911,60056248.53,2709,F1,1,,,,,
2026-09-24,2026-09-24,CM,NSE,STK,2496,INE592A01026,ORIENTPPR,EQ,,,,,ORIENT PAPER AND INDS LTD,16.94,17.04,16.70,16.80,16.90,16.90,,16.80,,,136291,2289538.82,1239,F1,1,,,,,
2026-09-24,2026-09-24,CM,NSE,STK,18211,INE609C01024,ORIENTLTD,BE,,,,,ORIENT PRESS LIMITED,79.10,79.50,79.10,79.50,79.50,80.19,,79.50,,,152,12036.00,3,F1,1,,,,,
2026-09-24,2026-09-24,CM,NSE,STK,24961,INE0PPK01015,ORIENTTECH,EQ,,,,,ORIENT TECHNOLOGIES LTD,241.95,243.97,234.10,235.20,235.70,238.06,,235.20,,,130674,30837180.63,2676,F1,1,,,,,
2026-09-24,2026-09-24,CM,NSE,STK,10768,INE959C01023,OAL,EQ,,,,,ORIENTAL AROMATICS LTD,555.60,555.60,531.00,532.30,533.00,558.35,,532.31,,,26526,14365336.90,1489,F1,1,,,,,
2026-09-24,2026-09-24,CM,NSE,STK,764818,INE457G01029,ORIRAIL,EQ,,,,,ORIENTAL RAIL INFRA L,127.80,127.95,124.04,125.17,124.40,126.81,,125.13,,,52651,6615723.73,1336,F1,1,,,,,
2026-09-24,2026-09-24,CM,NSE,STK,14346,INE998H01012,ORIENTALTL,EQ,,,,,ORIENTAL TRIMEX LTD,4.94,5.04,4.92,4.96,4.93,4.96,,4.96,,,56769,282396.30,212,F1,1,,,,,
2026-09-24,2026-09-24,CM,NSE,STK,19931,INE725E01024,ORISSAMINE,EQ,,,,,ORISSA MIN DEV CO LTD,3780.50,3830.00,3701.10,3716.90,3711.00,3841.20,,3717.11,,,9457,35448014.40,1948,F1,1,,,,,
2026-09-24,2026-09-24,CM,NSE,STK,759569,INE16NZ01023,ORKLAINDIA,EQ,,,,,ORKLA INDIA LIMITED,562.80,562.80,543.00,545.95,544.00,557.45,,545.95,,,91120,50084465.85,9455,F1,1,,,,,
2026-09-24,2026-09-24,CM,NSE,STK,2979,INE749B01020,ORTINGLOBE,EQ,,,,,ORTIN GLOBAL LIMITED,15.29,15.30,14.63,14.75,14.75,15.10,,14.75,,,6081,92125.15,24,F1,1,,,,,
2026-09-24,2026-09-24,CM,NSE,STK,25386,INE0RMF01018,OSELDEVICE,SM,,,,,OSEL DEVICES LIMITED,410.95,411.00,386.00,390.85,394.80,404.65,,390.85,,,36200,14282020.00,127,F1,200,,,,,
2026-09-24,2026-09-24,CM,NSE,STK,12643,INE06IR01021,OSIAHYPER,BE,,,,,OSIA HYPER RETAIL LIMITED,2.22,2.24,2.15,2.21,2.20,2.20,,2.21,,,178849,395163.00,306,F1,1,,,,,
2026-09-24,2026-09-24,CM,NSE,STK,2514,INE142A01012,OSWALAGRO,EQ,,,,,OSWAL AGRO MILLS LTD,34.55,34.99,33.81,33.88,34.31,34.96,,33.88,,,21272,726156.32,244,F1,1,,,,,
2026-09-24,2026-09-24,CM,NSE,STK,471,INE143A01010,OSWALGREEN,EQ,,,,,OSWAL GREENTECH LIMITED,20.08,20.26,19.86,19.90,19.90,20.20,,19.90,,,37809,754689.35,438,F1,1,,,,,
2026-09-24,2026-09-24,CM,NSE,STK,756802,INE0BYP01024,OSWALPUMPS,EQ,,,,,OSWAL PUMPS LIMITED,285.95,285.95,278.00,280.25,279.25,284.25,,280.25,,,384808,107763297.10,8261,F1,1,,,,,
2026-09-24,2026-09-24,CM,NSE,STK,22914,INE0R8M01017,OWAIS,ST,,,,,OWAIS METAL & MINERAL,75.70,77.10,74.10,74.10,74.10,75.60,,74.10,,,5700,432010.00,34,F1,100,,,,,
2026-09-24,2026-09-24,CM,NSE,STK,765145,INE501F01018,PBMPOLY,EQ,,,,,P B M POLYTEX LTD.,63.68,63.68,63.68,63.68,63.68,63.68,,58.21,,,151,9615.68,6,F1,1,,,,,
2026-09-24,2026-09-24,CM,NSE,STK,25312,INE953R01016,PNGJL,EQ,,,,,P N GADGIL JEWELLERS LTD,604.95,604.95,586.55,591.20,591.00,605.00,,591.20,,,317687,189315904.20,16697,F1,1,,,,,
2026-09-24,2026-09-24,CM,NSE,STK,764845,INE035S01028,POEL,EQ,,,,,P O C L ENTERPRISES LTD.,140.56,153.00,138.61,146.70,147.00,140.57,,146.53,,,53141,7820952.59,1700,F1,1,,,,,
2026-09-24,2026-09-24,CM,NSE,STK,2535,INE179A01014,PGHH,EQ,,,,,P&G HYGIENE & HEALTH CARE,7193.50,7199.00,7068.50,7093.00,7086.00,7193.50,,7092.96,,,17683,125908194.50,5164,F1,1,,,,,
2026-09-24,2026-09-24,CM,NSE,STK,759342,INE0S3G01027,PACEDIGITK,EQ,,,,,PACE DIGITEK LIMITED,167.00,169.00,164.00,167.36,167.01,169.39,,167.33,,,673951,111800220.82,10108,F1,1,,,,,
2026-09-24,2026-09-24,CM,NSE,STK,764823,INE883C01025,PACIFICI,EQ,,,,,PACIFIC INDUSTRIES LTD.,136.00,140.00,129.99,136.14,136.99,142.34,,136.13,,,963,128040.09,70,F1,1,,,,,
2026-09-24,2026-09-24,CM,NSE,STK,14413,INE761H01022,PAGEIND,EQ,,,,,PAGE INDUSTRIES LTD,37015.00,37705.00,37010.00,37500.00,37500.00,37340.00,,37499.55,,,16407,614749765.00,8521,F1,1,,,,,
2026-09-24,2026-09-24,CM,NSE,STK,25468,INE420C01059,PAISALO,EQ,,,,,PAISALO DIGITAL LIMITED,89.94,92.90,87.80,89.45,89.00,90.39,,89.46,,,11349620,1021875381.50,32965,F1,1,,,,,
2026-09-24,2026-09-24,CM,NSE,STK,17197,INE551D01018,PAKKA,EQ,,,,,PAKKA LIMITED,77.00,77.49,75.26,76.25,76.50,77.15,,76.31,,,90009,6866986.00,1897,F1,1,,,,,
2026-09-24,2026-09-24,CM,NSE,STK,21383,INE471W01019,PALASHSECU,EQ,,,,,PALASH SECURITIES LTD,87.99,87.99,84.05,84.11,84.11,85.69,,84.11,,,2652,226468.65,60,F1,1,,,,,
2026-09-24,2026-09-24,CM,NSE,STK,17062,INE218G01033,PALREDTEC,EQ,,,,,PALRED TECHNOLOGIES LTD,45.20,49.00,45.20,46.09,47.88,46.73,,46.12,,,1880,88185.84,31,F1,1,,,,,
2026-09-24,2026-09-24,CM,NSE,STK,4055,INE922B01023,PANACEABIO,EQ,,,,,PANACEA BIOTEC LTD,380.00,383.20,372.25,374.75,376.75,381.75,,374.80,,,42969,16252257.50,1446,F1,1,,,,,
2026-09-24,2026-09-24,CM,NSE,STK,16355,INE895W01019,PANACHE,BE,,,,,PANACHE DIGILIFE LIMITED,518.00,518.00,514.90,514.90,514.90,519.75,,514.90,,,1558,804544.70,22,F1,1,,,,,
2026-09-24,2026-09-24,CM,NSE,STK,25392,INE305C01029,PANAMAPET,EQ,,,,,PANAMA PETROCHEM LTD,478.00,485.35,475.20,480.60,483.00,480.70,,480.57,,,110951,53249054.00,4072,F1,1,,,,,
2026-09-24,2026-09-24,CM,NSE,STK,764828,INE798F01010,PANCHMAHQ,EQ,,,,,PANCHMAHAL STEEL LTD.,324.40,324.40,290.00,305.00,305.00,290.95,,304.00,,,510,157654.05,69,F1,1,,,,,
2026-09-24,2026-09-24,CM,NSE,STK,765140,INE258R01028,PANORAMA,EQ,,,,,PANORAMA STUDIOS INTL. L,56.80,59.90,55.81,59.15,59.47,56.87,,59.15,,,759790,44557579.97,4672,F1,1,,,,,
2026-09-24,2026-09-24,CM,NSE,STK,6141,INE697V01011,PANSARI,EQ,,,,,PANSARI DEVELOPERS LTD,276.00,288.00,276.00,286.90,288.00,277.00,,286.90,,,23,6589.00,5,F1,1,,,,,
2026-09-24,2026-09-24,CM,NSE,STK,5637,INE04LG01015,PAR,BE,,,,,PAR DRUGS AND CHEM LTD,127.65,134.90,127.65,131.31,133.50,131.92,,131.31,,,11310,1488776.36,198,F1,1,,,,,
2026-09-24,2026-09-24,CM,NSE,STK,9741,INE088F01024,PARADEEP,EQ,,,,,PARADEEP PHOSPHATES LTD,153.26,156.08,152.52,154.50,154.57,154.26,,154.49,,,1395578,215955009.40,27212,F1,1,,,,,
2026-09-24,2026-09-24,CM,NSE,STK,17130,INE883N01014,PARAGMILK,EQ,,,,,PARAG MILK FOODS LTD.,267.90,267.90,256.55,258.40,258.00,268.90,,258.39,,,1619666,420644946.70,25511,F1,1,,,,,
2026-09-24,2026-09-24,CM,NSE,STK,19779,INE0N4G01012,PARAGON,SM,,,,,PARAGON FINE S.C. LTD.,51.10,53.00,51.10,53.00,53.00,53.20,,53.00,,,7200,375540.00,6,F1,1200,,,,,
2026-09-24,2026-09-24,CM,NSE,STK,25069,INE0S2W01018,PARAMATRIX,SM,,,,,PARAMATRIX TECHNOLOGIES L,59.00,59.00,59.00,59.00,59.00,60.00,,59.00,,,1200,70800.00,1,F1,1200,,,,,
2026-09-24,2026-09-24,CM,NSE,STK,13951,INE074B01023,PARACABLES,EQ,,,,,PARAMOUNT COMM LTD,61.10,62.77,59.60,60.15,60.25,62.29,,60.14,,,1840758,111701676.11,9490,F1,1,,,,,
2026-09-24,2026-09-24,CM,NSE,STK,5911,INE045601023,PARAS,EQ,,,,,PARAS DEF AND SPCE TECH L,1370.00,1378.40,1331.00,1343.40,1346.90,1381.20,,1343.25,,,451551,611701196.90,27462,F1,1,,,,,
2026-09-24,2026-09-24,CM,NSE,STK,3972,INE162C01024,PARASPETRO,EQ,,,,,PARAS PETROFILS LTD.,2.08,2.13,2.07,2.08,2.08,2.08,,2.08,,,67041,140712.17,216,F1,1,,,,,
2026-09-24,2026-09-24,CM,NSE,STK,5460,INE00U801010,PARIN,SM,,,,,PARIN ENTERPRISES LIMITED,710.00,719.80,701.15,715.00,715.00,701.20,,715.00,,,22000,15626412.50,77,F1,250,,,,,
2026-09-24,2026-09-24,CM,NSE,STK,760351,INE119201023,PARKHOSPS,EQ,,,,,PARK MEDI WORLD LIMITED,286.55,287.75,284.20,285.00,285.90,286.55,,285.01,,,300078,85632568.05,6142,F1,1,,,,,
2026-09-24,2026-09-24,CM,NSE,STK,22649,INE988S01028,PARKHOTELS,EQ,,,,,PARKHOTELS,106.29,107.11,104.70,105.23,105.55,106.29,,105.24,,,105567,11154759.33,1565,F1,1,,,,,
2026-09-24,2026-09-24,CM,NSE,STK,764833,INE383L01019,PARNAXLAB,EQ,,,,,PARNAX LAB LTD.,121.23,125.22,119.40,123.86,123.88,128.73,,122.74,,,1984,241206.78,49,F1,1,,,,,
2026-09-24,2026-09-24,CM,NSE,STK,13795,INE561H01026,PARSVNATH,BE,,,,,PARSVNATH DEVELOPER LTD,1.96,1.96,1.93,1.95,1.96,1.93,,1.95,,,4202471,8235737.69,432,F1,1,,,,,
2026-09-24,2026-09-24,CM,NSE,STK,758217,INE1H7V01011,PARTH,SM,,,,,PARTH ELEC & ENG LTD,515.00,532.95,515.00,520.00,520.00,524.00,,520.00,,,4800,2501960.00,10,F1,400,,,,,
2026-09-24,2026-09-24,CM,NSE,STK,2599,INE06ZX01015,PARTYCRUS,SM,,,,,PARTY CRUISERS LIMITED,92.00,98.95,92.00,98.95,98.95,98.90,,98.95,,,7000,675900.00,7,F1,1000,,,,,
2026-09-24,2026-09-24,CM,NSE,STK,757955,INE124Y01028,PASHUPATI,EQ,,,,,PASHUPATI COTSPIN LIMITED,80.69,80.75,78.56,78.94,78.93,80.39,,78.90,,,78056,6203710.83,1629,F1,1,,,,,
2026-09-24,2026-09-24,CM,NSE,STK,6045,INE818B01023,PASUPTAC,EQ,,,,,PASUPATI ACRYLON LIMITED,80.49,80.49,75.25,76.25,76.50,79.82,,76.23,,,435657,33586620.10,5351,F1,1,,,,,
2026-09-24,2026-09-24,CM,NSE,STK,17029,INE619A01035,PATANJALI,EQ,,,,,PATANJALI FOODS LIMITED,405.00,409.90,402.60,404.85,404.85,409.45,,404.89,,,3161150,1283840351.45,53373,F1,1,,,,,
2026-09-24,2026-09-24,CM,NSE,STK,11699,INE244B01030,PATELENG,EQ,,,,,PATEL ENGINEERING LTD.,27.15,28.07,26.82,27.68,27.66,27.27,,27.68,,,4700126,129702858.72,14213,F1,1,,,,,
2026-09-24,2026-09-24,CM,NSE,STK,15219,INE529D01014,PATINTLOG,EQ,,,,,PATEL INT. LOG. LTD,14.42,14.47,13.80,14.01,14.09,14.42,,14.01,,,80517,1130927.33,415,F1,1,,,,,
2026-09-24,2026-09-24,CM,NSE,STK,759439,INE0R8B01010,PATELRMART,EQ,,,,,PATEL RETAIL LIMITED,210.10,210.10,203.12,207.03,208.00,210.33,,207.03,,,117165,24206883.85,2395,F1,1,,,,,
2026-09-24,2026-09-24,CM,NSE,STK,756963,INE17GV01016,PATILAUTOM,SM,,,,,PATIL AUTOMATION LIMITED,343.10,354.90,332.50,335.65,336.00,350.15,,335.65,,,87000,29535690.00,119,F1,600,,,,,
2026-09-24,2026-09-24,CM,NSE,STK,762834,INE291E01019,PML,EQ,,,,,PAUL MERCHANTS LTD.,490.85,490.85,471.10,483.85,484.00,486.00,,483.88,,,753,358092.40,75,F1,1,,,,,
2026-09-24,2026-09-24,CM,NSE,STK,759969,INE111F01024,PAUSHAKLTD,EQ,,,,,PAUSHAK LIMITED,688.00,695.00,661.65,669.85,671.00,687.20,,669.77,,,51906,34837983.40,2453,F1,1,,,,,
2026-09-24,2026-09-24,CM,NSE,STK,16192,INE07S101038,PAVNAIND,EQ,,,,,PAVNA INDUSTRIES LIMITED,15.12,15.79,15.00,15.29,15.30,15.50,,15.28,,,54956,847214.69,280,F1,1,,,,,
2026-09-24,2026-09-24,CM,NSE,STK,6656,INE417T01026,POLICYBZR,EQ,,,,,PB FINTECH LIMITED,1697.70,1697.70,1207.20,1207.20,1207.20,1886.30,,1207.23,,,27348784,35097376195.00,182400,F1,1,,,,,
2026-09-24,2026-09-24,CM,NSE,STK,29124,INE785M01021,PCJEWELLER,EQ,,,,,PC JEWELLER LTD,14.61,14.65,14.01,14.25,14.26,14.47,,14.25,,,473639166,6771965247.80,244293,F1,1,,,,,
2026-09-24,2026-09-24,CM,NSE,STK,2649,INE602A01031,PCBL,EQ,,,,,PCBL CHEMICAL LIMITED,341.00,346.70,337.00,338.60,338.00,345.45,,338.60,,,957134,326754459.75,24271,F1,1,,,,,
2026-09-24,2026-09-24,CM,NSE,STK,761819,INE389Z07104,9PCPL28A,N0,,,,,PCPL 9% 2028,9460.01,9460.01,9460.01,9460.01,9460.01,9460.01,,9460.01,,,1,9460.01,1,F1,1,,,,,
2026-09-24,2026-09-24,CM,NSE,STK,5264,INE111Q01021,PDSL,EQ,,,,,PDS LIMITED,358.55,361.25,354.90,359.65,356.10,361.40,,359.59,,,54408,19521027.25,4694,F1,1,,,,,
2026-09-24,2026-09-24,CM,NSE,STK,14260,INE940H01022,PGIL,EQ,,,,,PEARL GLOBAL IND LIMITED,1294.90,1328.70,1264.90,1273.60,1270.30,1300.80,,1273.65,,,292394,380358891.30,25482,F1,1,,,,,
2026-09-24,2026-09-24,CM,NSE,STK,2610,INE844A01013,PEARLPOLY,EQ,,,,,PEARL POLYMERS LTD,19.31,19.31,18.72,18.72,18.72,19.70,,18.72,,,8216,155432.43,89,F1,1,,,,,
2026-09-24,2026-09-24,CM,NSE,STK,25408,INE0VG601013,PELATRO,SM,,,,,PELATRO LIMITED,394.50,395.00,375.00,375.10,375.00,394.50,,375.10,,,4500,1731555.00,14,F1,300,,,,,
2026-09-24,2026-09-24,CM,NSE,STK,2256,INE138A01028,PENINLAND,EQ,,,,,PENINSULA LAND LIMITED,17.45,17.45,16.51,16.58,16.64,17.38,,16.59,,,230786,3906306.49,810,F1,1,,,,,
2026-09-24,2026-09-24,CM,NSE,STK,20621,INE932A01024,PENIND,EQ,,,,,PENNAR INDUSTRIES LTD,183.31,184.90,177.40,178.75,179.30,183.31,,178.75,,,606333,109792733.39,10216,F1,1,,,,,
2026-09-24,2026-09-24,CM,NSE,STK,17139,INE0ORS01017,PENTAGON,ST,,,,,PENTAGON RUBBER LIMITED,90.25,90.25,90.25,90.25,90.25,95.00,,90.25,,,1000,90250.00,1,F1,1000,,,,,
2026-09-24,2026-09-24,CM,NSE,STK,758121,INE925S01012,PERFECT,SZ,,,,,PERFECT INFRAENGINEER LTD,1.65,1.65,1.65,1.65,1.65,1.60,,1.65,,,3000,4950.00,1,F1,3000,,,,,
2026-09-24,2026-09-24,CM,NSE,STK,764838,INE418E01018,PERMAGN,EQ,,,,,PERMANENT MAGNETS LTD.,840.85,849.15,829.85,847.70,848.00,832.50,,847.90,,,2167,1822077.00,275,F1,1,,,,,
2026-09-24,2026-09-24,CM,NSE,STK,18365,INE262H01021,PERSISTENT,EQ,,,,,PERSISTENT SYSTEMS LTD,5188.00,5345.00,5188.00,5277.00,5277.00,5240.00,,5277.00,,,411640,2183141031.50,30886,F1,1,,,,,
2026-09-24,2026-09-24,CM,NSE,STK,24290,INE998U01015,PCCL,SM,,,,,PETRO CARBON AND CHEMI L,441.00,450.00,430.10,445.00,445.00,453.05,,445.00,,,22400,9972660.00,35,F1,400,,,,,
2026-09-24,2026-09-24,CM,NSE,STK,11351,INE347G01014,PETRONET,EQ,,,,,PETRONET LNG LIMITED,285.00,288.10,283.30,286.60,286.60,285.85,,286.60,,,1049770,300700633.55,22246,F1,1,,,,,
2026-09-24,2026-09-24,CM,NSE,STK,760824,INE134E07DJ3,PFCL41A,NE,,,,,PFCL 0% 2041 SR V,1000.00,1000.00,1000.00,1000.00,1000.00,900.00,,1000.00,,,11,11000.00,1,F1,1,,,,,
2026-09-24,2026-09-24,CM,NSE,STK,760801,INE134E07DP0,7PFCL31,N3,,,,,PFCL 7.00% 2031 SR I,1000.16,1000.21,1000.16,1000.21,1000.21,995.05,,1000.21,,,103,103016.63,2,F1,1,,,,,
2026-09-24,2026-09-24,CM,NSE,STK,760808,INE134E07DS4,705PFCL41,NA,,,,,PFCL 7.05% 2041 SR IV,1004.99,1004.99,1004.99,1004.99,1004.99,1000.00,,1004.99,,,2,2009.98,1,F1,1,,,,,
2026-09-24,2026-09-24,CM,NSE,STK,2643,INE182A01018,PFIZER,EQ,,,,,PFIZER LTD,4029.90,4060.00,3998.90,4046.20,4054.40,4025.50,,4046.22,,,18668,75478428.80,4296,F1,1,,,,,
2026-09-24,2026-09-24,CM,NSE,STK,25358,INE457L01029,PGEL,EQ,,,,,PG ELECTROPLAST LTD,519.70,524.75,512.00,514.45,514.45,521.15,,514.56,,,732431,379268103.55,14808,F1,1,,,,,
2026-09-24,2026-09-24,CM,NSE,STK,11612,INE0MLZ01019,PHANTOMFX,SM,,,,,PHANTOM DIGITAL EFF LTD,90.70,95.45,89.25,90.60,89.25,91.65,,90.60,,,7500,680625.00,24,F1,300,,,,,
2026-09-24,2026-09-24,CM,NSE,STK,2658,INE245B01011,PHOENXINTL,EQ,,,,,PHOENIX INTERNATIONAL LTD,28.50,28.90,27.81,28.33,28.03,28.16,,28.33,,,3567,100698.08,68,F1,1,,,,,
2026-09-24,2026-09-24,CM,NSE,STK,25513,INE0FPO01018,PHOGLOBAL,SM,,,,,PHOENIX OVERSEAS LIMITED,16.00,16.00,16.00,16.00,16.00,16.30,,16.00,,,2000,32000.00,1,F1,2000,,,,,
2026-09-24,2026-09-24,CM,NSE,STK,759723,INE0LP301011,PWL,EQ,,,,,PHYSICSWALLAH LIMITED,135.00,135.50,131.64,132.64,133.00,136.11,,132.64,,,3851869,512280407.17,41447,F1,1,,,,,
2026-09-24,2026-09-24,CM,NSE,STK,24184,INE603J01030,PIIND,EQ,,,,,PI INDUSTRIES LTD,2386.00,2410.00,2365.30,2393.50,2393.50,2386.00,,2393.48,,,115568,276005991.50,15638,F1,1,,,,,
2026-09-24,2026-09-24,CM,NSE,STK,757754,INE546C01010,PICCADIL,EQ,,,,,PICCADILY AGRO INDUSTRI L,621.50,621.50,599.00,601.55,603.10,621.60,,601.47,,,128361,78070835.45,6850,F1,1,,,,,
2026-09-24,2026-09-24,CM,NSE,STK,24785,INE0YAL01017,PPSL,SM,,,,,PICTUREPOST STUDIOS LTD,2.90,2.90,2.85,2.85,2.85,2.90,,2.85,,,27000,77700.00,7,F1,3000,,,,,
2026-09-24,2026-09-24,CM,NSE,STK,2664,INE318A01026,PIDILITIND,EQ,,,,,PIDILITE INDUSTRIES LTD,1561.00,1579.00,1517.50,1522.00,1522.00,1588.10,,1522.01,,,1259222,1932855570.70,41926,F1,1,,,,,
2026-09-24,2026-09-24,CM,NSE,STK,30835,INE600A01035,PILITA,EQ,,,,,PIL ITALICA LIFESTYLE LTD,7.53,7.79,7.35,7.47,7.50,7.43,,7.47,,,19377,146436.61,134,F1,1,,,,,
2026-09-24,2026-09-24,CM,NSE,STK,11445,INE417C01014,PILANIINVS,EQ,,,,,PILANI INV & IND COR LTD,4007.30,4065.00,3992.10,4007.10,4016.60,4041.80,,4007.15,,,1420,5701463.40,283,F1,1,,,,,
2026-09-24,2026-09-24,CM,NSE,STK,759820,INE15B701018,PINELABS,EQ,,,,,PINE LABS LIMITED,187.05,187.30,177.65,179.31,180.00,188.30,,179.30,,,32802728,5947336561.16,170426,F1,1,,,,,
2026-09-24,2026-09-24,CM,NSE,STK,13463,INE156C01018,PIONEEREMB,EQ,,,,,PIONEER EMBROIDERIES LTD,21.85,22.90,21.60,21.70,21.61,22.24,,21.70,,,3471,76902.11,82,F1,1,,,,,
2026-09-24,2026-09-24,CM,NSE,STK,762832,INE746D01014,PIONRINV,BE,,,,,PIONEER INVESTCORP LTD.,81.69,81.69,78.57,78.57,78.57,78.51,,78.57,,,6,474.54,3,F1,1,,,,,
2026-09-24,2026-09-24,CM,NSE,STK,759551,INE202B01038,PIRAMALFIN,EQ,,,,,PIRAMAL FINANCE LIMITED,1781.20,2200.80,1781.20,2104.30,2114.00,2226.50,,2104.28,,,879880,1851359211.30,62560,F1,1,,,,,
2026-09-24,2026-09-24,CM,NSE,STK,11571,INE0DK501011,PPLPHARMA,EQ,,,,,PIRAMAL PHARMA LIMITED,210.65,214.89,207.10,208.12,207.94,210.74,,208.12,,,4373651,922674005.03,63637,F1,1,,,,,
2026-09-24,2026-09-24,CM,NSE,STK,14134,INE450D01021,PITTIENG,EQ,,,,,PITTI ENGINEERING LIMITED,1168.00,1179.00,1140.00,1161.00,1163.00,1167.10,,1160.86,,,101695,118100599.50,9970,F1,1,,,,,
2026-09-24,2026-09-24,CM,NSE,STK,9087,INE751B01018,PIXTRANS,EQ,,,,,PIX TRANSMISSIONS LIMITED,1737.00,1768.00,1721.60,1745.80,1755.00,1758.70,,1745.85,,,8779,15280761.30,1322,F1,1,,,,,
2026-09-24,2026-09-24,CM,NSE,STK,13920,INE083C01022,PLASTIBLEN,EQ,,,,,PLASTIBLENDS INDIA LTD,187.00,194.27,187.00,189.71,190.20,187.50,,189.72,,,29339,5623907.14,942,F1,1,,,,,
2026-09-24,2026-09-24,CM,NSE,STK,22930,INE0PT501018,PLATIND,EQ,,,,,PLATINUM INDUSTRIES LTD,217.00,217.00,211.00,213.33,212.20,216.58,,213.29,,,54033,11513638.70,4156,F1,1,,,,,
2026-09-24,2026-09-24,CM,NSE,STK,19458,INE0INJ01017,PLAZACABLE,EQ,,,,,PLAZA WIRES LIMITED,63.00,63.00,60.50,60.69,60.90,62.84,,60.68,,,63063,3872479.21,998,F1,1,,,,,
2026-09-24,2026-09-24,CM,NSE,STK,8736,INE859A01011,PNBGILTS,EQ,,,,,PNB GILTS LIMITED,76.20,76.49,75.01,75.35,75.39,76.33,,75.35,,,249579,18877924.93,2719,F1,1,,,,,
2026-09-24,2026-09-24,CM,NSE,STK,18908,INE572E01012,PNBHOUSING,EQ,,,,,PNB HOUSING FIN LTD.,1130.00,1135.10,1085.70,1094.50,1094.50,1138.50,,1094.56,,,598730,659232593.00,23865,F1,1,,,,,
2026-09-24,2026-09-24,CM,NSE,STK,9385,INE195J01029,PNCINFRA,EQ,,,,,PNC INFRATECH LTD.,139.00,139.17,135.25,136.72,135.61,139.17,,136.74,,,1211443,166494026.38,13837,F1,1,,,,,
2026-09-24,2026-09-24,CM,NSE,STK,9342,INE392B01011,PNC,EQ,,,,,PNC MEDIA AND ENT LTD,17.05,17.33,16.40,16.62,16.76,17.33,,16.62,,,6240,103856.05,161,F1,1,,,,,
2026-09-24,2026-09-24,CM,NSE,STK,760242,INE1RDG01013,PNGSREVA,EQ,,,,,PNGS REVA DIAMOND JEWEL L,525.00,527.10,511.00,523.85,524.00,525.95,,523.84,,,80424,41705746.55,3627,F1,1,,,,,
2026-09-24,2026-09-24,CM,NSE,STK,19036,INE371C01013,PODDARMENT,EQ,,,,,PODDAR PIGMENTS LIMITED,278.60,288.95,274.00,275.15,274.80,281.80,,275.15,,,4006,1109969.80,146,F1,1,,,,,
2026-09-24,2026-09-24,CM,NSE,STK,17651,INE637C01025,POKARNA,EQ,,,,,POKARNA LIMITED,736.00,739.95,724.60,729.05,729.75,741.05,,729.05,,,39133,28627480.50,2516,F1,1,,,,,
2026-09-24,2026-09-24,CM,NSE,STK,25718,INE205C01021,POLYMED,EQ,,,,,POLY MEDICURE LIMITED,1720.10,1772.00,1710.10,1716.00,1715.00,1726.60,,1715.92,,,114079,197947483.90,16376,F1,1,,,,,
2026-09-24,2026-09-24,CM,NSE,STK,9590,INE455K01017,POLYCAB,EQ,,,,,POLYCAB INDIA LIMITED,8371.00,8420.00,8324.00,8366.50,8366.50,8417.00,,8366.54,,,237772,1991502023.50,24092,F1,1,,,,,
2026-09-24,2026-09-24,CM,NSE,STK,2687,INE633B01018,POLYPLEX,EQ,,,,,POLYPLEX CORPORATION LTD,1117.10,1117.10,1092.70,1097.40,1096.00,1117.10,,1097.41,,,17239,18978280.60,2314,F1,1,,,,,
2026-09-24,2026-09-24,CM,NSE,STK,22711,INE517M01028,POLYSIL,SM,,,,,POLYSIL IRRIGATION SYST L,54.00,59.60,54.00,59.60,59.60,56.80,,59.60,,,175000,9944875.00,206,F1,500,,,,,
2026-09-24,2026-09-24,CM,NSE,STK,765150,INE914G01029,POLYSPIN,EQ,,,,,POLYSPIN EXPORTS LTD.,36.49,36.49,29.33,30.35,29.33,30.78,,31.61,,,13108,427594.49,276,F1,1,,,,,
2026-09-24,2026-09-24,CM,NSE,STK,14385,INE063E01061,POCL,EQ,,,,,PONDY OXIDES & CHEM LTD,487.00,487.00,463.50,468.85,470.00,487.40,,468.85,,,459994,218936489.25,14400,F1,1,,,,,
2026-09-24,2026-09-24,CM,NSE,STK,10661,INE838E01017,PONNIERODE,EQ,,,,,PONNIE SUGARS (ERODE) LTD,375.00,390.45,374.00,380.60,376.60,375.25,,380.63,,,46615,17767366.85,2166,F1,1,,,,,
2026-09-24,2026-09-24,CM,NSE,STK,11403,INE511C01022,POONAWALLA,EQ,,,,,POONAWALLA FINCORP LTD,470.10,474.30,463.45,466.80,467.00,478.85,,466.80,,,1114308,521358683.70,44112,F1,1,,,,,
2026-09-24,2026-09-24,CM,NSE,STK,23142,INE772T01024,PVSL,EQ,,,,,POPULAR VEHICLES N SER L,98.00,99.70,98.00,98.62,98.40,98.71,,98.62,,,15179,1499284.36,362,F1,1,,,,,
2026-09-24,2026-09-24,CM,NSE,STK,24864,INE0S3H01017,POSITRON,SM,,,,,POSITRON ENERGY LIMITED,238.45,239.85,230.50,238.25,239.20,233.10,,238.25,,,22800,5370060.00,69,F1,300,,,,,
2026-09-24,2026-09-24,CM,NSE,STK,14299,INE134E01011,PFC,EQ,,,,,POWER FIN CORP LTD.,343.85,345.10,338.00,339.35,339.35,346.00,,339.35,,,7953489,2713574050.15,61372,F1,1,,,,,
2026-09-24,2026-09-24,CM,NSE,STK,14977,INE752E01010,POWERGRID,EQ,,,,,POWER GRID CORP. LTD.,270.40,270.90,265.75,266.40,266.40,270.20,,266.54,,,8968993,2399984402.65,59103,F1,1,,,,,
2026-09-24,2026-09-24,CM,NSE,STK,15716,INE557Z01018,PIGL,EQ,,,,,POWER INSTRUMENT (G) LTD,99.70,104.50,98.01,102.63,101.30,99.92,,102.63,,,99510,10126982.83,892,F1,1,,,,,
2026-09-24,2026-09-24,CM,NSE,STK,10473,INE211R01019,POWERMECH,EQ,,,,,POWER MECH PROJECTS LTD.,2440.00,2460.00,2415.10,2429.50,2421.00,2453.50,,2429.42,,,22575,55038369.90,4571,F1,1,,,,,
2026-09-24,2026-09-24,CM,NSE,STK,3494,INE0GGX23010,PGINVIT,IV,,,,,POWERGRID INFRA. INVITS,101.10,102.00,101.10,101.94,101.91,101.47,,101.94,,,1093115,110996893.71,5073,F1,1,,,,,
2026-09-24,2026-09-24,CM,NSE,STK,761680,INE921L01032,POWERICA,EQ,,,,,POWERICA LIMITED,565.25,580.00,554.95,562.85,566.90,570.85,,562.89,,,121712,69072614.80,5657,F1,1,,,,,
2026-09-24,2026-09-24,CM,NSE,STK,15213,INE095I01015,PPAP,BE,,,,,PPAP AUTOMOTIVE LIMITED,244.20,256.40,244.20,253.50,253.00,244.20,,253.85,,,19283,4861551.70,300,F1,1,,,,,
2026-09-24,2026-09-24,CM,NSE,STK,30134,INE0I0M01023,PRABHA,EQ,,,,,PRABHA ENERGY LIMITED,234.71,234.71,223.40,225.76,228.00,234.80,,225.79,,,63514,14524022.79,1569,F1,1,,,,,
2026-09-24,2026-09-24,CM,NSE,STK,762842,INE770A01010,PRADPME,BE,,,,,PRADEEP METALS LTD.,507.50,522.90,504.00,505.50,506.00,509.30,,505.37,,,5440,2763746.15,123,F1,1,,,,,
2026-09-24,2026-09-24,CM,NSE,STK,2705,INE074A01025,PRAJIND,EQ,,,,,PRAJ INDUSTRIES LTD,316.00,319.90,314.55,316.10,316.15,320.15,,316.10,,,328703,103942430.40,9997,F1,1,,,,,
2026-09-24,2026-09-24,CM,NSE,STK,13941,INE505C01016,PRAENG,EQ,,,,,PRAJAY ENG. SYN. LTD.,21.00,24.13,20.70,22.86,22.94,21.38,,22.85,,,127589,2911004.18,535,F1,1,,,,,
2026-09-24,2026-09-24,CM,NSE,STK,2708,INE603A01013,PRAKASH,EQ,,,,,PRAKASH INDUSTRIES LTD,118.52,119.59,116.00,117.68,119.50,119.79,,117.70,,,1135105,133496640.05,7687,F1,1,,,,,
2026-09-24,2026-09-24,CM,NSE,STK,10299,INE050001010,PPL,BE,,,,,PRAKASH PIPES LIMITED,277.95,277.95,265.20,265.95,267.40,272.25,,266.35,,,21551,5820065.55,263,F1,1,,,,,
2026-09-24,2026-09-24,CM,NSE,STK,19599,INE696K01024,PRAKASHSTL,EQ,,,,,PRAKASH STEELAGE LTD,3.79,3.80,3.65,3.68,3.65,3.72,,3.68,,,50041,185308.67,301,F1,1,,,,,
2026-09-24,2026-09-24,CM,NSE,STK,18514,INE0O7A01017,PRAMARA,SM,,,,,PRAMARA PROMOTIONS LTD,96.90,97.75,96.90,97.75,97.75,93.10,,97.75,,,18500,1804950.00,22,F1,500,,,,,
2026-09-24,2026-09-24,CM,NSE,STK,765287,INE2JG601017,PRAMODINI,SM,,,,,PRAMODINI MEDICARE LTD,115.00,117.00,112.15,114.55,114.20,116.20,,114.55,,,88800,10187760.00,72,F1,1200,,,,,
2026-09-24,2026-09-24,CM,NSE,STK,766000,INE0H4201019,PRANAV,EQ,,,,,PRANAV CONSTRUCTIONS LTD,104.00,105.00,99.55,100.19,100.17,105.85,,100.21,,,2925323,297565709.85,29536,F1,1,,,,,
2026-09-24,2026-09-24,CM,NSE,STK,25818,INE0VJG01014,PRANIK,SM,,,,,PRANIK LOGISTICS LIMITED,40.00,40.00,37.15,39.40,39.40,41.65,,39.40,,,8000,311360.00,5,F1,1600,,,,,
2026-09-24,2026-09-24,CM,NSE,STK,766016,INE455U01024,PRASOLCHEM,EQ,,,,,PRASOL CHEMICALS LIMITED,737.00,750.90,713.10,720.70,724.00,740.90,,720.84,,,250318,183102540.10,18224,F1,1,,,,,
2026-09-24,2026-09-24,CM,NSE,STK,21840,INE393P01035,DIAMONDYD,EQ,,,,,PRATAAP SNACKS LIMITED,1100.60,1100.60,1053.10,1065.30,1061.00,1088.00,,1065.12,,,8496,9128271.80,798,F1,1,,,,,
2026-09-24,2026-09-24,CM,NSE,STK,23113,INE0QA601016,PRATHAM,SM,,,,,PRATHAM EPC PROJECTS LTD,121.05,122.30,121.05,121.70,121.70,125.10,,121.70,,,4800,582580.00,12,F1,400,,,,,
2026-09-24,2026-09-24,CM,NSE,STK,762844,INE722B01019,PRAVEG,EQ,,,,,PRAVEG LTD.,259.15,263.40,255.05,259.30,260.00,261.05,,259.73,,,33460,8656006.05,627,F1,1,,,,,
2026-09-24,2026-09-24,CM,NSE,STK,1204,INE546Y01022,PRAXIS,EQ,,,,,PRAXIS HOME RETAIL LTD,4.42,4.49,4.10,4.45,4.49,4.28,,4.45,,,64541,286146.80,189,F1,1,,,,,
2026-09-24,2026-09-24,CM,NSE,STK,12603,INE484I01029,PRECAM,EQ,,,,,PRECISION CAMSHAFTS LTD.,121.60,125.00,119.01,119.99,120.28,122.11,,120.00,,,146953,17719070.66,2575,F1,1,,,,,
2026-09-24,2026-09-24,CM,NSE,STK,2717,INE372C01037,PRECWIRE,EQ,,,,,PRECISION WIRES INDIA LTD,494.00,503.00,485.10,488.90,488.00,498.85,,488.73,,,316420,156589790.00,20328,F1,1,,,,,
2026-09-24,2026-09-24,CM,NSE,STK,2711,INE283A01014,PRECOT,EQ,,,,,PRECOT LIMITED,647.85,647.85,632.05,634.45,633.00,646.90,,634.45,,,3735,2376810.05,188,F1,1,,,,,
2026-09-24,2026-09-24,CM,NSE,STK,762849,INE001E01012,PREMCO,EQ,,,,,PREMCO GLOBAL LTD.,400.75,409.90,400.05,402.30,402.00,400.75,,402.30,,,528,212696.10,77,F1,1,,,,,
2026-09-24,2026-09-24,CM,NSE,STK,25049,INE0BS701011,PREMIERENE,EQ,,,,,PREMIER ENERGIES LIMITED,901.50,910.00,885.00,898.00,898.00,915.00,,898.00,,,1038026,928240961.80,21452,F1,1,,,,,
2026-09-24,2026-09-24,CM,NSE,STK,17397,INE863B01029,PREMEXPLN,EQ,,,,,PREMIER EXPLOSIVES LTD,675.00,686.00,675.00,680.50,681.00,675.15,,680.53,,,405163,275552974.75,6661,F1,1,,,,,
2026-09-24,2026-09-24,CM,NSE,STK,6248,INE342A01018,PREMIER,BE,,,,,PREMIER LIMITED,2.98,2.98,2.71,2.93,2.93,2.85,,2.93,,,72701,204680.36,73,F1,1,,,,,
2026-09-24,2026-09-24,CM,NSE,STK,3908,INE309M01020,PREMIERPOL,EQ,,,,,PREMIER POLYFILM LTD,98.00,106.00,93.20,100.51,99.30,96.72,,100.52,,,6670334,675811665.53,74672,F1,1,,,,,
2026-09-24,2026-09-24,CM,NSE,STK,23764,INE0CFG01012,PRLIND,SM,,,,,PREMIER ROADLINES LIMITED,47.90,48.90,45.00,48.45,48.45,47.90,,48.45,,,30000,1408900.00,25,F1,1000,,,,,
2026-09-24,2026-09-24,CM,NSE,STK,25898,INE0M1F01011,PREMIUM,SM,,,,,PREMIUM PLAST LIMITED,43.00,43.00,42.00,42.45,42.45,41.95,,42.45,,,12000,509700.00,4,F1,3000,,,,,
2026-09-24,2026-09-24,CM,NSE,STK,20498,INE0R1601012,PRESSTONIC,SM,,,,,PRESSTONIC ENGINEERING L,39.20,47.80,35.50,47.75,47.80,39.85,,47.75,,,295200,13399920.00,243,F1,800,,,,,
2026-09-24,2026-09-24,CM,NSE,STK,20302,INE811K01011,PRESTIGE,EQ,,,,,PRESTIGE ESTATE LTD,1469.10,1495.80,1463.10,1475.00,1475.00,1490.00,,1475.01,,,286757,422796263.60,9866,F1,1,,,,,
2026-09-24,2026-09-24,CM,NSE,STK,19631,INE726V01018,PRICOLLTD,EQ,,,,,PRICOL LIMITED,762.00,772.75,748.05,763.80,765.05,763.65,,763.80,,,322125,245687472.60,15724,F1,1,,,,,
2026-09-24,2026-09-24,CM,NSE,STK,759075,INE0CQA01020,PRIMECAB,ST,,,,,PRIME CABLE INDUSTRIES L,172.00,172.00,167.00,168.50,168.50,169.10,,168.50,,,25600,4357760.00,16,F1,1600,,,,,
2026-09-24,2026-09-24,CM,NSE,STK,13496,INE367G01038,PFOCUS,EQ,,,,,PRIME FOCUS LIMITED,329.00,335.00,315.00,318.75,320.30,337.15,,318.75,,,4097678,1351418816.95,34422,F1,1,,,,,
2026-09-24,2026-09-24,CM,NSE,STK,11864,INE032B01021,PRIMESECU,EQ,,,,,PRIME SECURITIES LIMITED,294.50,300.10,294.50,299.70,299.80,296.35,,299.70,,,50758,15194710.15,658,F1,1,,,,,
2026-09-24,2026-09-24,CM,NSE,STK,756925,INE607A01022,PRIMO,EQ,,,,,PRIMO CHEMICALS LIMITED,23.05,23.05,22.10,22.29,22.51,22.92,,22.29,,,85789,1911372.60,437,F1,1,,,,,
2026-09-24,2026-09-24,CM,NSE,STK,16045,INE689W01016,PRINCEPIPE,EQ,,,,,PRINCE PIPES FITTINGS LTD,263.50,266.05,258.75,259.80,260.50,265.75,,259.80,,,81141,21220320.75,3272,F1,1,,,,,
2026-09-24,2026-09-24,CM,NSE,STK,765558,INE15EH01014,PRIORITY,EQ,,,,,PRIORITY JEWELS LIMITED,270.60,312.90,265.05,303.99,298.60,263.35,,304.00,,,2319891,689636153.66,53354,F1,1,,,,,
2026-09-24,2026-09-24,CM,NSE,STK,2739,INE010A01011,PRSMJOHNSN,EQ,,,,,PRISM JOHNSON LIMITED,115.50,116.43,114.75,115.24,115.00,116.43,,115.27,,,186625,21520829.08,2885,F1,1,,,,,
2026-09-24,2026-09-24,CM,NSE,STK,765155,INE286N01028,PRISMX,EQ,,,,,PRISMX GLOBAL VENTURES L,0.53,0.53,0.51,0.51,0.52,0.53,,0.51,,,187552,97497.32,132,F1,1,,,,,
2026-09-24,2026-09-24,CM,NSE,STK,8304,INE974Z01015,PRITI,EQ,,,,,PRITI INTERNATIONAL LTD,33.99,33.99,32.27,32.61,32.60,33.17,,32.61,,,2736,90349.03,108,F1,1,,,,,
2026-09-24,2026-09-24,CM,NSE,STK,5296,INE583R01029,PRITIKAUTO,BE,,,,,PRITIKA AUTO INDUS LTD,16.50,17.14,16.50,17.13,17.14,16.33,,17.12,,,297255,5063676.52,587,F1,1,,,,,
2026-09-24,2026-09-24,CM,NSE,STK,12971,INE0MJQ01020,PRITIKA,SM,,,,,PRITIKA ENG COMPO LTD,63.00,63.00,62.50,63.00,63.00,63.00,,63.00,,,20000,1255000.00,9,F1,2000,,,,,
2026-09-24,2026-09-24,CM,NSE,STK,8825,INE959A01019,PRIVISCL,EQ,,,,,PRIVI SPECIALITY CHE LTD,3476.90,3553.00,3461.90,3537.90,3524.20,3483.80,,3537.88,,,125259,441682170.80,20091,F1,1,,,,,
2026-09-24,2026-09-24,CM,NSE,STK,24511,INE0V9N01017,PRIZOR,ST,,,,,PRIZOR VIZTECH LIMITED,1128.55,1128.55,1106.00,1106.00,1106.00,1128.55,,1106.00,,,14800,16465980.00,35,F1,400,,,,,
2026-09-24,2026-09-24,CM,NSE,STK,940,INE199A01012,PGHL,EQ,,,,,PROCTER & GAMBLE HEALTH L,5434.50,5514.00,5405.00,5416.50,5408.00,5452.00,,5416.58,,,7525,40997689.00,2093,F1,1,,,,,
2026-09-24,2026-09-24,CM,NSE,STK,19352,INE994V01012,PROLIFE,SM,,,,,PROLIFE INDUSTRIES LTD,80.00,80.05,79.00,80.00,80.00,79.00,,80.00,,,2500,199525.00,5,F1,500,,,,,
2026-09-24,2026-09-24,CM,NSE,STK,764345,INE1FFX01018,PROPSHOP,SM,,,,,PROPSHOP EVENTS AND EXH L,73.00,73.00,71.65,71.65,71.65,73.00,,71.65,,,22000,1598900.00,6,F1,2000,,,,,
2026-09-24,2026-09-24,CM,NSE,STK,758173,INE0BX301013,PROSTARM,EQ,,,,,PROSTARM INFO SYSTEMS LTD,134.60,144.80,134.60,139.26,138.75,138.08,,139.26,,,1007492,142408810.74,15634,F1,1,,,,,
2026-09-24,2026-09-24,CM,NSE,STK,29472,INE004A01022,PROTEAN,EQ,,,,,PROTEAN EGOV TECHNO LTD,634.75,670.35,622.20,641.95,640.00,636.20,,641.95,,,2739934,1788240184.25,68706,F1,1,,,,,
2026-09-24,2026-09-24,CM,NSE,STK,16483,INE0ONE01016,PROV,SM,,,,,PROVENTUS AGROCOM LIMITED,1940.00,1940.00,1920.00,1920.50,1921.00,1940.00,,1920.50,,,400,772880.00,5,F1,80,,,,,
2026-09-24,2026-09-24,CM,NSE,STK,28859,INE195N01013,PROZONER,EQ,,,,,PROZONE REALTY LIMITED,51.47,55.87,51.47,54.16,53.91,52.19,,54.16,,,667907,36027045.05,5470,F1,1,,,,,
2026-09-24,2026-09-24,CM,NSE,STK,9553,INE00F201020,PRUDENT,EQ,,,,,PRUDENT CORP ADV SER LTD,3290.00,3292.50,3211.00,3219.60,3225.00,3352.70,,3219.44,,,27031,87821072.90,5086,F1,1,,,,,
2026-09-24,2026-09-24,CM,NSE,STK,20527,INE024D01016,PRUDMOULI,EQ,,,,,PRUDENTIAL SUGAR CORPORAT,14.40,14.40,13.21,13.67,13.70,13.80,,13.74,,,1726,23383.11,45,F1,1,,,,,
2026-09-24,2026-09-24,CM,NSE,STK,20877,INE488V01015,PSPPROJECT,EQ,,,,,PSP PROJECTS LIMITED,829.90,829.90,800.00,802.60,801.50,832.55,,802.72,,,85398,69180507.15,4663,F1,1,,,,,
2026-09-24,2026-09-24,CM,NSE,STK,22602,INE560K01014,PFS,EQ,,,,,PTC INDIA FIN SERV LTD,26.70,27.09,26.37,26.93,26.95,26.72,,26.92,,,857717,23135085.53,3718,F1,1,,,,,
2026-09-24,2026-09-24,CM,NSE,STK,11355,INE877F01012,PTC,EQ,,,,,PTC INDIA LIMITED,156.90,157.79,155.26,155.89,156.35,157.08,,155.83,,,1398404,219311719.59,16767,F1,1,,,,,
2026-09-24,2026-09-24,CM,NSE,STK,16682,INE596F01018,PTCIL,EQ,,,,,PTC INDUSTRIES LIMITED,22300.00,22375.00,21630.00,21820.00,21870.00,22355.00,,21819.35,,,11033,242076870.00,4531,F1,1,,,,,
2026-09-24,2026-09-24,CM,NSE,STK,14101,INE034D01049,PTL,EQ,,,,,PTL ENTERPRISES LTD,38.24,38.40,38.05,38.19,38.24,38.18,,38.19,,,22131,846098.61,530,F1,1,,,,,
2026-09-24,2026-09-24,CM,NSE,STK,15377,INE865T01018,PDMJEPAPER,EQ,,,,,PUDUMJEE PAPER PRO. LTD,98.00,98.00,94.76,95.45,95.00,98.27,,95.49,,,184459,17693676.38,3145,F1,1,,,,,
2026-09-24,2026-09-24,CM,NSE,STK,507,INE335X01014,PULZ,SM,,,,,PULZ ELECTRONICS LIMITED,20.45,20.45,20.45,20.45,20.45,20.45,,20.45,,,4000,81800.00,2,F1,2000,,,,,
2026-09-24,2026-09-24,CM,NSE,STK,21001,INE608A01012,PSB,EQ,,,,,PUNJAB & SIND BANK,22.00,22.00,21.70,21.78,21.82,22.10,,21.78,,,748966,16348050.59,2683,F1,1,,,,,
2026-09-24,2026-09-24,CM,NSE,STK,4344,INE277B01014,PUNJABCHEM,EQ,,,,,PUNJAB CHEM & CROP PROT L,1065.00,1065.00,1043.80,1054.10,1051.40,1064.90,,1054.10,,,1979,2089041.70,310,F1,1,,,,,
2026-09-24,2026-09-24,CM,NSE,STK,10666,INE160A01022,PNB,EQ,,,,,PUNJAB NATIONAL BANK,117.25,118.67,117.06,117.12,117.12,118.30,,117.12,,,10755825,1266236148.35,32225,F1,1,,,,,
2026-09-24,2026-09-24,CM,NSE,STK,14922,INE323I01011,PURVA,EQ,,,,,PURAVANKARA LIMITED,213.52,217.34,211.70,215.06,216.70,216.82,,214.98,,,149647,31992310.96,3232,F1,1,,,,,
2026-09-24,2026-09-24,CM,NSE,STK,765568,INE0I1B01016,PERNIASPOP,EQ,,,,,PURPLE STYLE LABS LIMITED,543.00,545.25,527.10,530.40,527.25,549.05,,530.47,,,28951,15555445.15,2361,F1,1,,,,,
2026-09-24,2026-09-24,CM,NSE,STK,28044,INE0P5R01014,PURPLEUTED,ST,,,,,PURPLE UNITED SALES LTD,465.20,507.00,459.35,482.05,470.00,483.50,,482.05,,,36500,17535937.50,116,F1,250,,,,,
2026-09-24,2026-09-24,CM,NSE,STK,22938,INE0R6C01012,PURVFLEXI,SM,,,,,PURV FLEXIPACK LIMITED,45.60,45.60,45.60,45.60,45.60,48.00,,45.60,,,800,36480.00,1,F1,800,,,,,
2026-09-24,2026-09-24,CM,NSE,STK,757683,INE154801018,PUSHPA,SM,,,,,PUSHPA JEWELLERS LIMITED,104.00,107.00,103.00,106.35,107.00,103.00,,106.35,,,81000,8497650.00,71,F1,1000,,,,,
2026-09-24,2026-09-24,CM,NSE,STK,4010,INE362A01016,PVP,EQ,,,,,PVP VENTURES LIMITED,68.21,72.04,65.18,65.20,65.29,68.61,,65.20,,,4027491,278934874.60,13531,F1,1,,,,,
2026-09-24,2026-09-24,CM,NSE,STK,13147,INE191H01014,PVRINOX,EQ,,,,,PVR INOX LIMITED,1295.10,1310.00,1251.00,1256.70,1262.00,1317.50,,1256.64,,,673506,862212410.00,32155,F1,1,,,,,
2026-09-24,2026-09-24,CM,NSE,STK,18250,INE0MIS01010,PYRAMID,EQ,,,,,PYRAMID TECHNOPLAST LTD,160.50,165.00,156.92,161.52,162.24,159.33,,161.52,,,66073,10616698.43,1636,F1,1,,,,,
2026-09-24,2026-09-24,CM,NSE,STK,763594,INE1G2W01011,QLINE,SM,,,,,Q-LINE BIOTECH LIMITED,699.60,707.00,662.00,674.85,670.00,699.55,,674.85,,,39200,26724680.00,93,F1,400,,,,,
2026-09-24,2026-09-24,CM,NSE,STK,751653,INE0FMW01018,QMSMEDI,BE,,,,,QMS MEDICAL ALLIED S LTD,195.10,195.90,188.30,192.54,192.00,195.10,,192.54,,,55427,10583218.67,304,F1,1,,,,,
2026-09-24,2026-09-24,CM,NSE,STK,5875,INE0GOJ01027,QUADPRO,ST,,,,,QUADPRO ITES LIMITED,3.85,3.85,3.85,3.85,3.85,3.70,,3.85,,,48000,184800.00,4,F1,12000,,,,,
2026-09-24,2026-09-24,CM,NSE,STK,29087,INE0LRY01011,QUADFUTURE,EQ,,,,,QUADRANT FUTURE TEK LTD,521.00,521.95,497.05,500.40,502.90,526.55,,500.40,,,327499,166346928.40,10072,F1,1,,,,,
2026-09-24,2026-09-24,CM,NSE,STK,765988,INE1XJ401012,QUALIANCE,ST,,,,,QUALIANCE INTERNATIONAL L,185.00,191.60,181.10,191.60,191.60,182.50,,191.60,,,169000,32161600.00,117,F1,1000,,,,,
2026-09-24,2026-09-24,CM,NSE,STK,14613,INE0O1M01015,QFIL,SM,,,,,QUALITY FOILS (INDIA) LTD,55.10,55.10,55.10,55.10,55.10,58.00,,55.10,,,1000,55100.00,1,F1,1000,,,,,
2026-09-24,2026-09-24,CM,NSE,STK,29711,INE0SII01026,QPOWER,EQ,,,,,QUALITY POWER ELEC EQUP L,1548.20,1560.00,1492.00,1500.10,1504.50,1555.60,,1500.17,,,304777,461454236.00,20518,F1,1,,,,,
2026-09-24,2026-09-24,CM,NSE,STK,15330,INF082J01408,QGOLDHALF,EQ,,,,,QUANTUM GOLD ETF,124.89,124.89,123.57,123.65,123.70,124.98,,123.65,,,90015,11189869.04,945,F1,1,,,,,
2026-09-24,2026-09-24,CM,NSE,STK,16819,INF082J01499,QNIFTY,EQ,,,,,QUANTUM NIFTY 50 ETF,256.40,257.03,254.40,254.69,254.80,258.62,,254.69,,,3315,847398.01,148,F1,1,,,,,
2026-09-24,2026-09-24,CM,NSE,STK,765392,INF966L01EI5,SILVER001,EQ,,,,,QUANT_AMC - SILVER001,23.55,23.55,22.76,22.82,22.85,23.19,,22.82,,,80732,1846172.92,136,F1,1,,,,,
2026-09-24,2026-09-24,CM,NSE,STK,17704,INE615P01015,QUESS,EQ,,,,,QUESS CORP LIMITED,355.00,361.00,345.05,353.40,355.00,359.00,,353.38,,,330356,117169157.05,17858,F1,1,,,,,
2026-09-24,2026-09-24,CM,NSE,STK,23793,INE0TNW01017,QUESTLAB,SM,,,,,QUEST LABORATORIES LTD,74.05,90.10,73.00,90.10,90.10,75.10,,90.10,,,212400,18145320.00,142,F1,1200,,,,,
2026-09-24,2026-09-24,CM,NSE,STK,13116,INE306L01010,QUICKHEAL,EQ,,,,,QUICK HEAL TECH LTD,151.80,152.49,146.01,147.90,148.28,151.57,,147.91,,,149055,22151635.59,3124,F1,1,,,,,
2026-09-24,2026-09-24,CM,NSE,STK,15285,INE0K4D01020,QUICKTOUCH,SM,,,,,QUICKTOUCH TECHNOLOGIES L,15.45,16.00,15.45,16.00,16.00,16.25,,16.00,,,1500,23450.00,3,F1,500,,,,,
2026-09-24,2026-09-24,CM,NSE,STK,762857,INE641R01017,QUINT,BE,,,,,QUINT DIGITAL LTD.,88.80,88.80,88.01,88.80,88.80,84.58,,88.80,,,242233,21509205.37,313,F1,1,,,,,
2026-09-24,2026-09-24,CM,NSE,STK,23043,INE0NQ801033,RKSWAMY,EQ,,,,,R K SWAMY LIMITED,93.95,94.39,91.01,91.72,91.85,92.45,,91.80,,,46656,4330283.16,574,F1,1,,,,,
2026-09-24,2026-09-24,CM,NSE,STK,757836,INE219Y01026,RMDRIP,BE,,,,,R M DRIP & SPRINK SYS LTD,23.61,24.05,23.50,23.50,23.55,23.61,,23.45,,,371800,8779584.01,461,F1,1,,,,,
2026-09-24,2026-09-24,CM,NSE,STK,762864,INE951M01037,RRIL,EQ,,,,,R R I L LTD.,16.10,16.26,15.75,16.17,16.18,16.04,,16.17,,,10313,165208.47,102,F1,1,,,,,
2026-09-24,2026-09-24,CM,NSE,STK,18566,INE777K01022,RRKABEL,EQ,,,,,R R KABEL LIMITED,2462.70,2545.10,2460.00,2529.80,2542.40,2476.70,,2529.90,,,356342,895125876.20,38821,F1,1,,,,,
2026-09-24,2026-09-24,CM,NSE,STK,762872,INE616F01022,RSDFIN,BE,,,,,R S D FINANCE LTD.,90.00,90.00,90.00,90.00,90.00,88.07,,90.00,,,1,90.00,1,F1,1,,,,,
2026-09-24,2026-09-24,CM,NSE,STK,13414,INE411H01032,RSYSTEMS,EQ,,,,,R SYS INTERNATIONAL LTD,239.17,241.51,236.13,237.43,238.00,239.60,,237.46,,,145166,34674886.24,2818,F1,1,,,,,
2026-09-24,2026-09-24,CM,NSE,STK,764855,INE005C01017,RTSPOWR,EQ,,,,,R T S POWER CORPN. LTD.,85.05,91.85,85.05,87.16,87.00,89.00,,87.17,,,757,66070.18,36,F1,1,,,,,
2026-09-24,2026-09-24,CM,NSE,STK,758984,INE012Q01039,RNBDENIMS,BE,,,,,R&B DENIMS LIMITED,9.37,9.37,9.10,9.14,9.10,9.13,,9.13,,,100887,930429.39,365,F1,1,,,,,
2026-09-24,2026-09-24,CM,NSE,STK,6429,INE165B01029,RSSOFTWARE,EQ,,,,,R. S. SOFTWARE (INDIA) LI,32.39,33.50,31.05,31.24,31.75,32.39,,31.07,,,27801,903833.34,175,F1,1,,,,,
2026-09-24,2026-09-24,CM,NSE,STK,20760,INE324L01013,RPPINFRA,EQ,,,,,R.P.P INFRA PROJECTS LTD,54.30,55.00,54.00,54.41,54.06,55.05,,54.41,,,22062,1199201.30,411,F1,1,,,,,
2026-09-24,2026-09-24,CM,NSE,STK,762244,INE2PB023011,RIIT,IV,,,,,RAAJMARG INFRA INVEST T,119.10,119.62,118.90,118.91,118.90,119.62,,118.95,,,154686,18412678.52,4784,F1,1,,,,,
2026-09-24,2026-09-24,CM,NSE,STK,15391,INE084Q01012,RACE,EQ,,,,,RACE ECO CHAIN LIMITED,120.20,122.89,114.00,115.98,116.00,122.91,,116.03,,,76549,9116317.25,1801,F1,1,,,,,
2026-09-24,2026-09-24,CM,NSE,STK,9854,INE02OY01016,RILINFRA,SM,,,,,RACHANA INFRA LTD,33.05,33.55,32.55,33.20,33.25,33.05,,33.20,,,4800,159235.00,27,F1,100,,,,,
2026-09-24,2026-09-24,CM,NSE,STK,27171,INE704B01017,RACLGEAR,EQ,,,,,RACL GEARTECH LIMITED,1683.00,1710.00,1651.20,1679.80,1679.00,1689.60,,1679.72,,,29143,48934330.10,4089,F1,1,,,,,
2026-09-24,2026-09-24,CM,NSE,STK,10932,INE874F01027,RADAAN,EQ,,,,,RADAAN MEDIAWORKS (I) LTD,3.13,3.49,3.02,3.10,3.05,3.13,,3.11,,,317163,1033498.20,458,F1,1,,,,,
2026-09-24,2026-09-24,CM,NSE,STK,10347,INE583V01021,RADHIKAJWE,BE,,,,,RADHIKA JEWELTECH LIMITED,71.99,72.70,69.00,70.64,71.20,71.92,,70.55,,,148191,10454694.22,1020,F1,1,,,,,
2026-09-24,2026-09-24,CM,NSE,STK,13580,INE855R01021,RADIANTCMS,EQ,,,,,RADIANT CASH MGMT SER LTD,35.50,35.90,35.00,35.61,35.53,35.54,,35.61,,,139012,4929210.14,1119,F1,1,,,,,
2026-09-24,2026-09-24,CM,NSE,STK,10990,INE944F01028,RADICO,EQ,,,,,RADICO KHAITAN LTD,4589.10,4598.10,4475.00,4481.30,4481.30,4601.90,,4481.27,,,227909,1036548138.80,37717,F1,1,,,,,
2026-09-24,2026-09-24,CM,NSE,STK,23445,INE430U01019,RADIOWALLA,ST,,,,,RADIOWALLA NETWORK LTD,29.10,29.10,29.10,29.10,29.10,27.75,,29.10,,,3200,93120.00,2,F1,1600,,,,,
2026-09-24,2026-09-24,CM,NSE,STK,24735,INE912T01018,RPEL,EQ,,,,,RAGHAV PRODUCTIVITY ENH L,1694.50,1745.90,1669.60,1698.40,1681.00,1711.70,,1698.50,,,49456,84247184.60,7580,F1,1,,,,,
2026-09-24,2026-09-24,CM,NSE,STK,9552,INE415G01027,RVNL,EQ,,,,,RAIL VIKAS NIGAM LIMITED,209.75,210.10,205.26,206.00,206.00,211.77,,206.08,,,2862163,594817973.06,31087,F1,1,,,,,
2026-09-24,2026-09-24,CM,NSE,STK,2431,INE0DD101019,RAILTEL,EQ,,,,,RAILTEL CORP OF IND LTD,265.00,266.55,260.10,261.55,261.50,268.75,,261.54,,,365253,95985877.25,9029,F1,1,,,,,
2026-09-24,2026-09-24,CM,NSE,STK,15337,INE855B01025,RAIN,EQ,,,,,RAIN INDUSTRIES LIMITED,218.25,224.09,216.42,218.23,218.56,221.86,,218.23,,,4226826,931313628.98,31910,F1,1,,,,,
2026-09-24,2026-09-24,CM,NSE,STK,9408,INE961O01016,RAINBOW,EQ,,,,,RAINBOW CHILDRENS MED LTD,1401.00,1415.00,1372.30,1412.60,1414.90,1406.50,,1412.58,,,239564,333559559.90,36576,F1,1,,,,,
2026-09-24,2026-09-24,CM,NSE,STK,359,INE294G01026,ROML,EQ,,,,,RAJ OIL MILLS LIMITED,41.55,42.00,41.21,41.87,41.50,41.87,,41.87,,,1600,66612.79,47,F1,1,,,,,
2026-09-24,2026-09-24,CM,NSE,STK,8428,INE533D01032,RAJRILTD,BE,,,,,RAJ RAYON INDUSTRIES LTD,20.39,20.57,20.20,20.57,20.57,20.17,,20.57,,,5648,116021.15,79,F1,1,,,,,
2026-09-24,2026-09-24,CM,NSE,STK,14403,INE952H01027,RAJTV,EQ,,,,,RAJ TV NETWORK LTD,9.77,10.25,9.77,10.25,10.25,9.77,,10.25,,,137056,1390610.34,549,F1,1,,,,,
2026-09-24,2026-09-24,CM,NSE,STK,762859,INE296E01026,RAJPALAYAM,EQ,,,,,RAJAPALAYAM MILLS LTD.,760.00,777.95,758.00,767.90,768.00,790.45,,767.71,,,508,387515.85,48,F1,1,,,,,
2026-09-24,2026-09-24,CM,NSE,STK,181,INE610C01014,ARENTERP,EQ,,,,,RAJDARSHAN INDUSTRIES LTD,34.50,34.80,33.10,34.77,34.50,34.98,,34.77,,,282,9693.92,17,F1,1,,,,,
2026-09-24,2026-09-24,CM,NSE,STK,760461,INE343B01030,RAJESHEXPO,BZ,,,,,RAJESH EXPORTS LTD,68.50,70.00,67.00,68.07,68.00,68.53,,68.08,,,138444,9430913.85,1632,F1,1,,,,,
2026-09-24,2026-09-24,CM,NSE,STK,19681,INE0BZQ01011,RCDL,SM,,,,,RAJGOR CASTOR DERIVATI L,16.25,16.25,16.25,16.25,16.25,15.50,,16.25,,,18000,292500.00,5,F1,3000,,,,,
2026-09-24,2026-09-24,CM,NSE,STK,2168,INE00KV01022,RAJMET,EQ,,,,,RAJNANDINI METAL LIMITED,3.13,3.18,3.09,3.12,3.12,3.12,,3.12,,,235422,738127.65,589,F1,1,,,,,
2026-09-24,2026-09-24,CM,NSE,STK,757052,INE535F01024,RAJOOENG,BE,,,,,RAJOO ENGINEERS LIMITED,55.70,55.70,53.20,54.81,54.21,55.25,,54.80,,,214508,11676127.19,733,F1,1,,,,,
2026-09-24,2026-09-24,CM,NSE,STK,24707,INE0PCU01012,RAJINDLTD,SM,,,,,RAJPUTANA INDUSTRIES LTD,66.50,66.50,66.50,66.50,66.50,67.00,,66.50,,,1500,99750.00,1,F1,1500,,,,,
2026-09-24,2026-09-24,CM,NSE,STK,761439,INE313L01016,RSL,EQ,,,,,RAJPUTANA STAINLESS LTD,184.00,187.50,180.72,181.92,183.00,184.02,,181.93,,,228791,42081078.66,6375,F1,1,,,,,
2026-09-24,2026-09-24,CM,NSE,STK,18962,INE451D01029,RAJRATAN,EQ,,,,,RAJRATAN GLOBAL WIRE LTD,478.00,480.50,469.05,472.05,473.25,483.20,,472.05,,,65143,30929340.95,3678,F1,1,,,,,
2026-09-24,2026-09-24,CM,NSE,STK,6915,INE760W01023,RPPL,BE,,,,,RAJSHREE POLYPACK LTD,20.46,20.46,19.50,19.70,19.84,20.46,,19.70,,,82758,1638307.12,89,F1,1,,,,,
2026-09-24,2026-09-24,CM,NSE,STK,2809,INE562B01019,RAJSREESUG,EQ,,,,,RAJSHREE SUGAR & CHEMICAL,32.00,33.25,31.30,31.57,31.50,32.00,,31.56,,,20368,645827.30,224,F1,1,,,,,
2026-09-24,2026-09-24,CM,NSE,STK,2816,INE613A01020,RALLIS,EQ,,,,,RALLIS INDIA LTD,202.00,202.00,199.60,200.36,200.20,202.62,,200.37,,,548828,109973496.99,12792,F1,1,,,,,
2026-09-24,2026-09-24,CM,NSE,STK,10485,INE207E01023,RAMRAT,EQ,,,,,RAM RATNA WIRES LIMITED,559.75,559.75,538.30,548.40,547.10,558.65,,548.46,,,133797,73186972.95,7737,F1,1,,,,,
2026-09-24,2026-09-24,CM,NSE,STK,10568,INE809A01032,RAMAPHO,EQ,,,,,RAMA PHOSPHATES LIMITED,124.90,124.90,121.10,122.49,123.37,123.21,,122.49,,,11509,1421325.88,299,F1,1,,,,,
2026-09-24,2026-09-24,CM,NSE,STK,10304,INE230R01035,RAMASTEEL,BE,,,,,RAMA STEEL TUBES LIMITED,4.57,4.57,4.57,4.57,4.57,4.66,,4.58,,,403947,1846037.79,1009,F1,1,,,,,
2026-09-24,2026-09-24,CM,NSE,STK,4587,INE614A01028,RAMCOIND,EQ,,,,,RAMCO INDUSTRIES LIMITED,326.00,326.00,317.55,321.80,322.00,325.95,,321.81,,,36329,11651719.70,1480,F1,1,,,,,
2026-09-24,2026-09-24,CM,NSE,STK,7851,INE246B01019,RAMCOSYS,EQ,,,,,RAMCO SYSTEMS LTD.,594.00,597.45,575.55,581.35,583.50,598.00,,581.39,,,48525,28350779.65,2649,F1,1,,,,,
2026-09-24,2026-09-24,CM,NSE,STK,23565,INE0RJH01010,RBS,SM,,,,,RAMDEVBABA SOLVENT LTD,83.00,83.00,83.00,83.00,83.00,83.80,,83.00,,,800,66400.00,1,F1,800,,,,,
2026-09-24,2026-09-24,CM,NSE,STK,11411,INE399G01023,RKFORGE,EQ,,,,,RAMKRISHNA FORGINGS LTD,705.50,720.85,701.00,709.55,709.00,710.20,,709.57,,,397737,282620111.05,14587,F1,1,,,,,
2026-09-24,2026-09-24,CM,NSE,STK,20134,INE874I01013,RAMKY,EQ,,,,,RAMKY INFRA LTD,324.05,324.05,308.85,310.15,310.05,325.15,,310.18,,,90295,28375668.90,2284,F1,1,,,,,
2026-09-24,2026-09-24,CM,NSE,STK,2837,INE625B01014,RANASUG,EQ,,,,,RANA SUGARS LTD.,14.14,14.14,13.77,13.86,13.94,14.06,,13.86,,,644335,8968278.64,594,F1,1,,,,,
2026-09-24,2026-09-24,CM,NSE,STK,11975,INE050H01012,RML,EQ,,,,,RANE (MADRAS) LIMITED,1356.70,1395.00,1337.10,1362.80,1365.00,1356.70,,1362.88,,,112125,154249125.00,9910,F1,1,,,,,
2026-09-24,2026-09-24,CM,NSE,STK,2844,INE384A01010,RANEHOLDIN,EQ,,,,,RANE HOLDINGS LIMITED,1596.00,1596.00,1560.60,1590.70,1592.00,1591.90,,1590.65,,,6742,10649025.20,1005,F1,1,,,,,
2026-09-24,2026-09-24,CM,NSE,STK,30460,INE0QX901013,RAPIDFLEET,SM,,,,,RAPID FLEET MGT SERVICE L,198.00,202.00,198.00,202.00,202.00,200.00,,202.00,,,6600,1311090.00,10,F1,600,,,,,
2026-09-24,2026-09-24,CM,NSE,STK,25610,INE0MVO01012,RAPPID,SM,,,,,RAPPID VALVES (INDIA) LTD,353.00,357.95,342.20,352.00,352.00,361.70,,352.00,,,7200,2528250.00,12,F1,600,,,,,
2026-09-24,2026-09-24,CM,NSE,STK,22670,INE0J1F01024,RPTECH,EQ,,,,,RASHI PERIPHERALS LIMITED,881.80,896.70,873.00,883.50,882.60,898.70,,883.49,,,177454,157223608.15,11366,F1,1,,,,,
2026-09-24,2026-09-24,CM,NSE,STK,2866,INE027A01015,RCF,EQ,,,,,RASHTRIYA CHEMICALS & FER,108.90,109.15,108.00,108.40,108.51,109.63,,108.40,,,649262,70543009.74,6019,F1,1,,,,,
2026-09-24,2026-09-24,CM,NSE,STK,7177,INE0CLI01024,RATEGAIN,EQ,,,,,RATEGAIN TRAVEL TECHN LTD,848.00,853.00,820.00,824.00,825.65,851.80,,824.00,,,229457,191479398.40,14840,F1,1,,,,,
2026-09-24,2026-09-24,CM,NSE,STK,13451,INE703B01027,RATNAMANI,EQ,,,,,RATNAMANI MET & TUB LTD.,2798.00,2838.00,2771.00,2824.20,2815.50,2800.80,,2824.24,,,25738,72428380.70,6512,F1,1,,,,,
2026-09-24,2026-09-24,CM,NSE,STK,18423,INE05CZ01011,RATNAVEER,EQ,,,,,RATNAVEER PRECISION ENG L,333.60,335.95,322.35,323.95,324.80,331.40,,323.95,,,2762101,903653124.15,22156,F1,1,,,,,
2026-09-24,2026-09-24,CM,NSE,STK,27297,INE834M01019,RTNINDIA,EQ,,,,,RATTANINDIA ENT LIMITED,27.50,27.51,26.24,26.57,26.80,27.45,,26.57,,,1099558,29461128.90,6010,F1,1,,,,,
2026-09-24,2026-09-24,CM,NSE,STK,17520,INE399K01017,RTNPOWER,EQ,,,,,RATTANINDIA POWER LIMITED,7.11,7.12,7.00,7.02,7.06,7.11,,7.02,,,13603465,95684676.67,11936,F1,1,,,,,
2026-09-24,2026-09-24,CM,NSE,STK,20950,INE722J01012,RKDL,EQ,,,,,RAVI KUMAR DIST. LTD.,18.77,18.77,18.26,18.66,18.66,18.49,,18.66,,,7008,128788.47,58,F1,1,,,,,
2026-09-24,2026-09-24,CM,NSE,STK,1565,INE09E501017,RVHL,EQ,,,,,RAVINDER HEIGHTS LIMITED,39.69,39.69,37.53,38.83,39.24,39.48,,38.92,,,27826,1073797.84,191,F1,1,,,,,
2026-09-24,2026-09-24,CM,NSE,STK,24596,INE206N01018,RELTD,EQ,,,,,RAVINDRA ENERGY LIMITED,155.40,158.90,145.80,146.32,147.90,149.36,,146.32,,,417879,63128800.17,6618,F1,1,,,,,
2026-09-24,2026-09-24,CM,NSE,STK,25073,INE02ID01020,RAYMONDLSL,EQ,,,,,RAYMOND LIFESTYLE LIMITED,674.05,720.00,670.75,688.85,688.00,677.45,,688.77,,,832796,582613710.55,40271,F1,1,,,,,
2026-09-24,2026-09-24,CM,NSE,STK,2859,INE301A01014,RAYMOND,EQ,,,,,RAYMOND LTD,1114.65,1221.00,1100.00,1203.85,1200.05,1114.65,,1203.90,,,7466499,8744833278.70,225905,F1,1,,,,,
2026-09-24,2026-09-24,CM,NSE,STK,758551,INE1SY401010,RAYMONDREL,EQ,,,,,RAYMOND REALTY LIMITED,664.60,717.00,662.50,708.30,705.00,671.45,,708.28,,,18194912,12791015184.10,311422,F1,1,,,,,
2026-09-24,2026-09-24,CM,NSE,STK,765936,INE1FCO01014,MOMSBELIEF,EQ,,,,,RAYS OF BELIEF LIMITED,224.00,234.98,221.00,222.44,223.75,227.70,,222.53,,,114208,26074144.51,2580,F1,1,,,,,
2026-09-24,2026-09-24,CM,NSE,STK,18391,INE976G01028,RBLBANK,EQ,,,,,RBL BANK LIMITED,416.50,423.20,409.10,412.75,412.75,428.00,,412.72,,,7315903,3033573878.45,90061,F1,1,,,,,
2026-09-24,2026-09-24,CM,NSE,STK,13570,INE0NA301016,RBMINFRA,SM,,,,,RBM INFRACON LIMITED,270.00,270.00,265.00,267.90,268.10,270.90,,267.90,,,11400,3041800.00,53,F1,200,,,,,
2026-09-24,2026-09-24,CM,NSE,STK,20893,INE0PEQ01016,RBZJEWEL,BE,,,,,RBZ JEWELLERS LIMITED,177.80,178.00,171.00,172.26,171.54,178.05,,172.26,,,52127,9048591.70,611,F1,1,,,,,
2026-09-24,2026-09-24,CM,NSE,STK,764850,INE0AK901016,RRECL,EQ,,,,,RDB REAL ESTATE CONS L,130.00,136.90,124.00,133.12,136.90,137.00,,132.49,,,298,39443.43,27,F1,1,,,,,
2026-09-24,2026-09-24,CM,NSE,STK,29561,INE10QL01011,READYMIX,SM,,,,,READYMIX CONSTRU MACHI L,67.90,67.95,63.00,63.00,63.00,67.90,,63.00,,,14000,923050.00,13,F1,1000,,,,,
2026-09-24,2026-09-24,CM,NSE,STK,15355,INE020B01018,RECLTD,EQ,,,,,REC LIMITED,309.85,310.85,307.20,308.25,308.25,311.50,,308.25,,,5871620,1814763582.75,36869,F1,1,,,,,
2026-09-24,2026-09-24,CM,NSE,STK,14255,INE891D01026,REDINGTON,EQ,,,,,REDINGTON LIMITED,396.90,409.80,395.60,406.40,408.00,400.75,,406.40,,,4726104,1909209372.50,76384,F1,1,,,,,
2026-09-24,2026-09-24,CM,NSE,STK,17859,INE0LXT01019,REDTAPE,EQ,,,,,REDTAPE LIMITED,120.00,122.99,118.33,122.13,122.00,121.10,,122.13,,,829244,100710373.24,15274,F1,1,,,,,
2026-09-24,2026-09-24,CM,NSE,STK,17764,INE056I01025,REFEX,EQ,,,,,REFEX INDUSTRIES LIMITED,285.00,287.70,282.00,283.35,283.10,286.65,,283.36,,,192387,54631914.80,3273,F1,1,,,,,
2026-09-24,2026-09-24,CM,NSE,STK,23718,INE0TNX01015,REFRACTORY,SM,,,,,REFRACTORY SHAPES LIMITED,38.00,38.35,38.00,38.35,38.35,36.55,,38.35,,,8000,306450.00,8,F1,1000,,,,,
2026-09-24,2026-09-24,CM,NSE,STK,758680,INE0MHO01029,REGAAL,EQ,,,,,REGAAL RESOURCES LIMITED,94.56,96.50,89.02,90.61,89.02,94.56,,90.63,,,1558224,144974465.56,12409,F1,1,,,,,
2026-09-24,2026-09-24,CM,NSE,STK,4130,INE277C01012,REGENCERAM,EQ,,,,,REGENCY CERAMICS LTD.,35.00,35.00,33.22,34.78,34.00,34.89,,34.78,,,1189,41103.84,51,F1,1,,,,,
2026-09-24,2026-09-24,CM,NSE,STK,24225,INE131B01039,RELAXO,EQ,,,,,RELAXO FOOT LTD.,298.30,298.30,290.50,291.70,292.50,298.30,,291.72,,,142551,41897335.40,8359,F1,1,,,,,
2026-09-24,2026-09-24,CM,NSE,STK,3172,INF204KC1030,GILT5YBEES,EQ,,,,,RELCAPAMC - NETFGILT5Y,66.05,66.05,65.65,65.84,65.87,66.05,,65.84,,,383916,25296841.28,557,F1,1,,,,,
2026-09-24,2026-09-24,CM,NSE,STK,24378,INE375Y01018,RELIABLE,EQ,,,,,RELIABLE DATA SERVICE LTD,147.50,149.50,144.01,147.95,147.80,145.70,,147.95,,,15260,2252164.84,559,F1,1,,,,,
2026-09-24,2026-09-24,CM,NSE,STK,9652,INE750D01016,RELCHEMQ,EQ,,,,,RELIANCE CHEMOTEX IND LTD,117.71,119.00,115.10,118.41,116.66,117.71,,118.33,,,1306,153084.98,83,F1,1,,,,,
2026-09-24,2026-09-24,CM,NSE,STK,13188,INE330H01018,RCOM,BE,,,,,RELIANCE COMMUNICATIONS L,0.93,0.97,0.93,0.93,0.94,0.93,,0.93,,,2828600,2677018.77,2381,F1,1,,,,,
2026-09-24,2026-09-24,CM,NSE,STK,759204,INE217K01011,RHFL,BZ,,,,,RELIANCE HOME FINANCE LTD,1.69,1.73,1.65,1.68,1.69,1.69,,1.68,,,552488,926850.60,876,F1,1,,,,,
2026-09-24,2026-09-24,CM,NSE,STK,2912,INE046A01015,RIIL,EQ,,,,,RELIANCE INDUSTRIAL INFRA,719.00,719.00,700.60,703.45,704.90,719.95,,703.43,,,41538,29341115.55,2043,F1,1,,,,,
2026-09-24,2026-09-24,CM,NSE,STK,2885,INE002A01018,RELIANCE,EQ,,,,,RELIANCE INDUSTRIES LTD,1236.60,1241.60,1219.20,1219.20,1219.20,1248.00,,1219.12,,,13923795,17117676524.30,238449,F1,1,,,,,
2026-09-24,2026-09-24,CM,NSE,STK,4791,INE036A01016,RELINFRA,BE,,,,,RELIANCE INFRASTRUCTU LTD,46.12,46.12,46.12,46.12,46.12,47.06,,46.12,,,133336,6149456.32,418,F1,1,,,,,
2026-09-24,2026-09-24,CM,NSE,STK,15259,INE614G01033,RPOWER,EQ,,,,,RELIANCE POWER LTD.,21.00,21.01,20.58,20.67,20.70,21.03,,20.67,,,12599620,261243373.63,24379,F1,1,,,,,
2026-09-24,2026-09-24,CM,NSE,STK,765330,INF205KA1CB9,IVZBANKNF,EQ,,,,,RELIGARAMC - IVZBANKNF,55.71,55.80,55.35,55.43,55.40,56.53,,55.43,,,4530,251576.05,41,F1,1,,,,,
2026-09-24,2026-09-24,CM,NSE,STK,765327,INF205KA1CA1,IVZSENSEX,EQ,,,,,RELIGARAMC - IVZSENSEX,76.51,76.51,73.83,73.96,73.97,75.11,,73.96,,,586,43462.64,37,F1,1,,,,,
2026-09-24,2026-09-24,CM,NSE,STK,15068,INE621H01010,RELIGARE,EQ,,,,,RELIGARE ENTER. LTD.,246.75,251.00,240.10,240.32,240.50,251.77,,240.32,,,861682,209835508.20,19977,F1,1,,,,,
2026-09-24,2026-09-24,CM,NSE,STK,3965,INE474C01023,REMSONSIND,EQ,,,,,REMSONS INDUSTRIES LTD,102.50,113.39,101.52,111.12,111.59,99.87,,111.11,,,1520482,166080827.21,17784,F1,1,,,,,
2026-09-24,2026-09-24,CM,NSE,STK,16154,INE0O5T01011,REMUS,SM,,,,,REMUS PHARMACEUTICALS L,951.00,969.95,935.00,942.20,935.00,977.25,,942.20,,,4200,4022920.00,37,F1,100,,,,,
2026-09-24,2026-09-24,CM,NSE,STK,15129,INE722H01024,RGL,EQ,,,,,RENAISSANCE GLOBAL LTD,170.49,173.00,164.12,166.30,165.80,170.48,,166.29,,,1450286,242596882.22,17236,F1,1,,,,,
2026-09-24,2026-09-24,CM,NSE,STK,758157,INE0VZX01015,RNPL,SM,,,,,RENOL POLYCHEM LIMITED,55.00,56.85,55.00,56.85,56.85,54.15,,56.85,,,4800,269040.00,4,F1,1200,,,,,
2026-09-24,2026-09-24,CM,NSE,STK,766077,INE08T701025,RENTOMOJO,EQ,,,,,RENTOMOJO LIMITED,517.60,523.15,496.00,501.90,502.00,521.35,,501.90,,,2577386,1309804433.70,55462,F1,1,,,,,
2026-09-24,2026-09-24,CM,NSE,STK,29598,INE612J01015,REPCOHOME,EQ,,,,,REPCO HOME FINANCE LTD,354.30,357.75,350.00,352.45,351.90,355.85,,352.48,,,44419,15657332.40,1332,F1,1,,,,,
2026-09-24,2026-09-24,CM,NSE,STK,13126,INE461B01014,REPRO,EQ,,,,,REPRO INDIA LIMITED,302.85,306.00,299.00,302.20,299.05,301.35,,302.18,,,3630,1099384.35,596,F1,1,,,,,
2026-09-24,2026-09-24,CM,NSE,STK,20323,INE688D01026,RESPONIND,EQ,,,,,RESPONSIVE INDUSTRIES LTD,162.00,163.80,156.35,158.02,156.45,162.24,,157.92,,,176568,28148266.73,2851,F1,1,,,,,
2026-09-24,2026-09-24,CM,NSE,STK,1494,INE07T201019,RBA,EQ,,,,,RESTAURANT BRAND ASIA LTD,94.50,94.74,89.73,90.65,90.15,94.86,,90.65,,,2714662,248486113.53,15959,F1,1,,,,,
2026-09-24,2026-09-24,CM,NSE,STK,25157,INE0DAB01012,RVTH,EQ,,,,,REVATHI EQUIPMENT INDIA L,642.05,696.80,641.95,661.00,661.00,641.15,,661.00,,,754,500128.65,58,F1,1,,,,,
2026-09-24,2026-09-24,CM,NSE,STK,29270,INE113601012,REXPRO,SM,,,,,REXPRO ENTERPRISES LTD,34.85,34.85,34.85,34.85,34.85,36.00,,34.85,,,2000,69700.00,2,F1,1000,,,,,
2026-09-24,2026-09-24,CM,NSE,STK,763468,INE0V2V01015,RFBL,ST,,,,,RFBL FLEXI PACK LIMITED,102.30,102.35,98.00,101.00,101.00,97.50,,101.00,,,225000,22642200.00,16,F1,3000,,,,,
2026-09-24,2026-09-24,CM,NSE,STK,759062,INE0KKN01029,RHETAN,EQ,,,,,RHETAN TMT LIMITED,15.96,15.96,15.96,15.96,15.96,16.79,,15.96,,,738428,11785310.88,1138,F1,1,,,,,
2026-09-24,2026-09-24,CM,NSE,STK,31163,INE743M01012,RHIM,EQ,,,,,RHI MAGNESITA INDIA LTD,385.00,386.75,380.00,383.80,382.25,388.85,,383.80,,,551183,211401860.70,19313,F1,1,,,,,
2026-09-24,2026-09-24,CM,NSE,STK,2909,INE209B01025,RICOAUTO,EQ,,,,,RICO AUTO INDUSTRIES LTD,129.00,133.74,127.29,130.67,130.70,129.23,,130.67,,,1542883,202143959.61,15989,F1,1,,,,,
2026-09-24,2026-09-24,CM,NSE,STK,764121,INE302D01024,RIR,EQ,,,,,RIR POWER ELECTRONICS L,187.99,191.21,182.22,184.03,183.01,189.75,,184.03,,,636443,118637380.13,10471,F1,1,,,,,
2026-09-24,2026-09-24,CM,NSE,STK,18417,INE0N2P01017,RISHABH,EQ,,,,,RISHABH INSTRUMENTS LTD,735.00,746.90,697.10,704.55,700.00,738.95,,704.60,,,128028,91778015.20,5296,F1,1,,,,,
2026-09-24,2026-09-24,CM,NSE,STK,8944,INE01EG01016,RITCO,EQ,,,,,RITCO LOGISTICS LIMITED,292.50,298.70,285.00,286.10,285.60,289.75,,286.10,,,114579,33279514.15,3108,F1,1,,,,,
2026-09-24,2026-09-24,CM,NSE,STK,11910,INE0MRA01019,RITEZONE,SM,,,,,RITE ZONE CHEMCON IND LTD,18.50,18.50,18.50,18.50,18.50,19.40,,18.50,,,1600,29600.00,1,F1,1600,,,,,
2026-09-24,2026-09-24,CM,NSE,STK,3761,INE320J01015,RITES,EQ,,,,,RITES LIMITED,203.03,203.69,201.00,201.74,201.82,204.05,,201.75,,,329723,66628568.80,9069,F1,1,,,,,
2026-09-24,2026-09-24,CM,NSE,STK,1547,INE786W01010,RKEC,EQ,,,,,RKEC PROJECTS LIMITED,19.67,22.84,18.80,22.84,22.84,19.04,,22.84,,,234560,5092510.04,694,F1,1,,,,,
2026-09-24,2026-09-24,CM,NSE,STK,762346,INE655V01019,RMC,EQ,,,,,RMC SWITCHGEARS LIMITED,221.93,223.15,215.00,216.75,218.25,221.94,,216.71,,,13798,3006655.89,706,F1,1,,,,,
2026-09-24,2026-09-24,CM,NSE,STK,24589,INE0SA001017,RNFI,SM,,,,,RNFI SERVICES LIMITED,311.00,322.20,309.05,318.30,318.30,311.00,,318.30,,,19800,6273420.00,30,F1,600,,,,,
2026-09-24,2026-09-24,CM,NSE,STK,15157,INE508K01013,RHL,EQ,,,,,ROBUST HOTELS LIMITED,173.00,179.00,170.25,177.76,177.90,173.10,,177.76,,,462,79729.91,21,F1,1,,,,,
2026-09-24,2026-09-24,CM,NSE,STK,20289,INE0PTR01012,ROCKINGDCE,SM,,,,,ROCKINGDEALS CIRCU ECO L,210.00,226.00,210.00,218.50,213.00,217.00,,218.50,,,16000,3473062.50,41,F1,250,,,,,
2026-09-24,2026-09-24,CM,NSE,STK,5279,INE645S01024,ROLEXRINGS,EQ,,,,,ROLEX RINGS LIMITED,183.58,184.34,178.91,181.41,182.54,183.58,,181.41,,,1604576,291783675.23,22266,F1,1,,,,,
2026-09-24,2026-09-24,CM,NSE,STK,19108,INE927A01040,ROLLT,BE,,,,,ROLLATAINERS LIMITED,6.39,6.39,6.09,6.09,6.09,6.41,,6.07,,,174023,1065652.10,318,F1,1,,,,,
2026-09-24,2026-09-24,CM,NSE,STK,19410,INE02A801020,ROSSARI,EQ,,,,,ROSSARI BIOTECH LIMITED,451.30,451.40,441.50,446.50,445.00,454.80,,446.44,,,46736,20863111.50,4013,F1,1,,,,,
2026-09-24,2026-09-24,CM,NSE,STK,28913,INE847C01020,ROSSELLIND,EQ,,,,,ROSSELL INDIA LIMITED,51.25,52.29,51.07,51.73,51.45,52.03,,51.75,,,21996,1138753.57,400,F1,1,,,,,
2026-09-24,2026-09-24,CM,NSE,STK,27353,INE0OJW01016,ROSSTECH,EQ,,,,,ROSSELL TECHSYS LIMITED,1440.10,1473.50,1409.30,1418.90,1415.00,1449.80,,1417.56,,,111226,159403832.00,14502,F1,1,,,,,
2026-09-24,2026-09-24,CM,NSE,STK,9049,INE535D01037,ROTO,EQ,,,,,ROTO PUMPS LIMITED,62.98,66.23,62.32,63.77,63.50,63.13,,63.77,,,1667390,108093382.60,10537,F1,1,,,,,
2026-09-24,2026-09-24,CM,NSE,STK,128,INE450U01017,ROUTE,EQ,,,,,ROUTE MOBILE LIMITED,470.90,471.45,463.00,464.30,463.70,473.25,,464.31,,,110981,51793045.05,5201,F1,1,,,,,
2026-09-24,2026-09-24,CM,NSE,STK,20167,INE0PDJ01013,ROXHITECH,SM,,,,,ROX HI TECH LIMITED,48.00,48.00,47.00,47.35,47.00,46.65,,47.35,,,17600,837600.00,11,F1,1600,,,,,
2026-09-24,2026-09-24,CM,NSE,STK,29727,INE0EO401019,ROYALARC,SM,,,,,ROYAL ARC ELECTRODES LTD,156.00,156.00,156.00,156.00,156.00,160.00,,156.00,,,1200,187200.00,1,F1,1200,,,,,
2026-09-24,2026-09-24,CM,NSE,STK,13182,INE283H01019,ROHLTD,EQ,,,,,ROYAL ORCHID HOTELS LTD,309.75,309.75,302.00,304.00,303.90,309.75,,303.69,,,11622,3545788.35,855,F1,1,,,,,
2026-09-24,2026-09-24,CM,NSE,STK,16725,INE105J01010,RPGLIFE,EQ,,,,,RPG LIFE SCIENCES LTD,3040.00,3040.60,2880.60,2899.90,2935.50,3025.40,,2899.89,,,62443,183805736.50,10587,F1,1,,,,,
2026-09-24,2026-09-24,CM,NSE,STK,8119,INE425Y01011,RPSGVENT,EQ,,,,,RPSG VENTURES LIMITED,869.00,869.00,839.20,844.45,846.00,851.75,,844.40,,,22823,19333228.30,1241,F1,1,,,,,
2026-09-24,2026-09-24,CM,NSE,STK,2794,INE611A01016,RSWM,EQ,,,,,RSWM LIMITED,224.16,225.62,216.10,220.51,222.82,225.28,,220.57,,,85731,18846252.03,1670,F1,1,,,,,
2026-09-24,2026-09-24,CM,NSE,STK,24730,INE642C01025,RUBFILA,EQ,,,,,RUBFILA INTERNATIONAL LTD,66.04,66.99,63.25,63.79,63.99,66.04,,63.80,,,67396,4371255.79,832,F1,1,,,,,
2026-09-24,2026-09-24,CM,NSE,STK,759316,INE506V01022,RUBICON,EQ,,,,,RUBICON RESEARCH LIMITED,1665.00,1693.20,1641.00,1676.10,1685.00,1674.80,,1676.14,,,265569,442381572.70,33682,F1,1,,,,,
2026-09-24,2026-09-24,CM,NSE,STK,4566,INE413B01023,RUCHINFRA,EQ,,,,,RUCHI INFRASTRUCTURE LTD,5.46,5.46,5.01,5.13,5.16,5.25,,5.14,,,45578,233573.99,252,F1,1,,,,,
2026-09-24,2026-09-24,CM,NSE,STK,13821,INE803H01014,RUCHIRA,EQ,,,,,RUCHIRA PAPERS LIMITED,105.00,105.40,103.92,104.53,104.20,105.77,,104.54,,,21423,2242029.60,483,F1,1,,,,,
2026-09-24,2026-09-24,CM,NSE,STK,760392,INE027T01023,RUDRA,EQ,,,,,RUDRA GLOBAL INFRA PROD L,19.55,19.90,18.86,19.26,19.25,19.81,,19.28,,,42631,825405.65,197,F1,1,,,,,
2026-09-24,2026-09-24,CM,NSE,STK,1480,INE364Z01019,REPL,EQ,,,,,RUDRABHISHEK ENTERP LTD,57.70,64.05,57.00,60.62,64.05,58.23,,60.62,,,4259,251859.71,109,F1,1,,,,,
2026-09-24,2026-09-24,CM,NSE,STK,23830,INE0R7301013,RULKA,SM,,,,,RULKA ELECTRICALS LIMITED,105.20,106.95,105.20,106.95,106.95,105.20,,106.95,,,900,95580.00,3,F1,300,,,,,
2026-09-24,2026-09-24,CM,NSE,STK,25724,INE895B01021,RUPA,EQ,,,,,RUPA & COMPANY LTD,140.00,140.00,135.40,136.00,136.04,140.63,,136.00,,,211159,28909458.09,4279,F1,1,,,,,
2026-09-24,2026-09-24,CM,NSE,STK,24595,INE573K01025,RUSHIL,EQ,,,,,RUSHIL DECOR LIMITED,16.86,17.10,16.42,16.63,16.80,16.78,,16.65,,,179384,2996895.82,449,F1,1,,,,,
2026-09-24,2026-09-24,CM,NSE,STK,764860,INE137M01017,SAB,EQ,,,,,S A B INDUSTRIES LTD.,170.00,170.00,170.00,170.00,170.00,170.00,,170.00,,,46,7820.00,2,F1,1,,,,,
2026-09-24,2026-09-24,CM,NSE,STK,24674,INE0BSN01013,SATECH,SM,,,,,S A TECH SOFTWARE INDIA L,37.50,37.50,36.10,36.10,36.10,37.50,,36.10,,,13000,476000.00,13,F1,1000,,,,,
2026-09-24,2026-09-24,CM,NSE,STK,20698,INE807K01035,SCHAND,EQ,,,,,S CHAND AND COMPANY LTD,136.01,138.40,135.10,137.13,136.90,137.86,,137.13,,,22847,3133043.17,816,F1,1,,,,,
2026-09-24,2026-09-24,CM,NSE,STK,11212,INE500L01026,SHK,EQ,,,,,S H KELKAR AND CO. LTD.,144.44,144.44,140.40,140.96,141.00,144.45,,140.96,,,167596,23733958.45,2736,F1,1,,,,,
2026-09-24,2026-09-24,CM,NSE,STK,20542,INE0F3301020,SJLOGISTIC,SM,,,,,S J LOGISTICS (INDIA) LTD,318.70,320.00,317.00,319.25,319.15,321.90,,319.25,,,7750,2470125.00,29,F1,250,,,,,
2026-09-24,2026-09-24,CM,NSE,STK,764940,INE159L01013,SVGLOBAL,EQ,,,,,S V GLOBAL MILL LTD.,155.00,155.82,148.00,148.32,148.30,151.93,,148.73,,,1964,294081.65,72,F1,1,,,,,
2026-09-24,2026-09-24,CM,NSE,STK,2951,INE902B01017,S&SPOWER,EQ,,,,,S&S POWER SWITCHGEARS LTD,319.60,326.40,310.00,315.35,320.00,318.05,,315.35,,,1797,569229.15,134,F1,1,,,,,
2026-09-24,2026-09-24,CM,NSE,STK,18252,INE212I01016,SPAL,EQ,,,,,S. P. APPARELS LIMITED,980.00,993.20,960.20,979.00,990.00,989.50,,978.63,,,28092,27354830.70,2572,F1,1,,,,,
2026-09-24,2026-09-24,CM,NSE,STK,11634,INE658G01014,SALSTEEL,EQ,,,,,S.A.L. STEEL LTD.,86.80,89.27,85.21,89.27,89.27,85.02,,89.11,,,974201,86277609.00,2588,F1,1,,,,,
2026-09-24,2026-09-24,CM,NSE,STK,19112,INE0PSK01027,SAAKSHI,ST,,,,,SAAKSHI MEDTEC N PANELS L,380.00,380.00,373.15,373.15,373.15,380.75,,373.15,,,4200,1582290.00,6,F1,600,,,,,
2026-09-24,2026-09-24,CM,NSE,STK,759057,INE13B501022,SAATVIKGL,EQ,,,,,SAATVIK GREEN ENERGY LTD,446.80,449.90,435.50,437.95,436.85,447.60,,437.95,,,114648,50687816.40,3443,F1,1,,,,,
2026-09-24,2026-09-24,CM,NSE,STK,757409,INE1ARD01016,SACHEEROME,SM,,,,,SACHEEROME LIMITED,499.00,504.95,477.20,480.85,480.00,498.55,,480.85,,,16500,8066565.00,54,F1,300,,,,,
2026-09-24,2026-09-24,CM,NSE,STK,13236,INE226H01026,SADBHAV,EQ,,,,,SADBHAV ENGINEERING LTD,7.72,7.72,7.50,7.54,7.60,7.71,,7.54,,,174570,1319645.58,291,F1,1,,,,,
2026-09-24,2026-09-24,CM,NSE,STK,10618,INE764L01010,SADBHIN,EQ,,,,,SADBHAV INFRA PROJ LTD.,2.59,2.63,2.56,2.59,2.61,2.59,,2.59,,,65283,170159.18,132,F1,1,,,,,
2026-09-24,2026-09-24,CM,NSE,STK,15349,INE888C01040,SADHNANIQ,BE,,,,,SADHANA NITROCHEM LIMITED,2.75,2.88,2.63,2.82,2.84,2.75,,2.82,,,2972259,8153809.74,1099,F1,1,,,,,
2026-09-24,2026-09-24,CM,NSE,STK,22897,INE0K5H01010,SADHAV,SM,,,,,SADHAV SHIPPING LIMITED,103.00,105.00,103.00,105.00,105.00,105.00,,105.00,,,3000,311400.00,5,F1,600,,,,,
2026-09-24,2026-09-24,CM,NSE,STK,13035,INE429E01023,SAFARI,EQ,,,,,SAFARI IND (INDIA) LTD,1482.10,1495.00,1475.90,1481.20,1481.00,1491.60,,1481.20,,,14060,20839256.00,3554,F1,1,,,,,
2026-09-24,2026-09-24,CM,NSE,STK,757583,INE17D601016,SAFEENTP,SM,,,,,SAFE ENTER RETAIL FIX LTD,247.65,249.70,242.50,244.65,242.50,250.05,,244.65,,,22000,5424975.00,41,F1,500,,,,,
2026-09-24,2026-09-24,CM,NSE,STK,14068,INE229C01021,SAGCEM,EQ,,,,,SAGAR CEMENTS LIMITED,152.99,153.49,151.00,151.76,151.00,152.68,,151.74,,,26975,4103718.43,626,F1,1,,,,,
2026-09-24,2026-09-24,CM,NSE,STK,8175,INE976T01013,SAGARDEEP,EQ,,,,,SAGARDEEP ALLOYS LIMITED,24.38,24.38,23.52,23.70,23.90,24.36,,23.70,,,3152,75184.89,89,F1,1,,,,,
2026-09-24,2026-09-24,CM,NSE,STK,27052,INE0W2G01015,SAGILITY,EQ,,,,,SAGILITY LIMITED,45.50,45.71,44.82,45.00,45.00,45.99,,45.00,,,10874146,491362461.31,21931,F1,1,,,,,
2026-09-24,2026-09-24,CM,NSE,STK,24478,INE0P4701011,SAHAJSOLAR,SM,,,,,SAHAJ SOLAR LIMITED,89.50,89.95,88.05,89.35,89.10,89.85,,89.35,,,7200,640180.00,18,F1,400,,,,,
2026-09-24,2026-09-24,CM,NSE,STK,16711,INE0LEX01011,SAHANA,SM,,,,,SAHANA SYSTEM LIMITED,840.00,870.00,840.00,851.15,855.00,863.05,,851.15,,,15150,12939015.00,78,F1,150,,,,,
2026-09-24,2026-09-24,CM,NSE,STK,25668,INE0RBQ01018,SAHASRA,SM,,,,,SAHASRA ELECTRONIC SOLU L,408.45,408.45,408.45,408.45,408.45,389.00,,408.45,,,32000,13070400.00,39,F1,400,,,,,
2026-09-24,2026-09-24,CM,NSE,STK,14900,INE280H01015,SAHYADRI,EQ,,,,,SAHYADRI INDUSTRIES LTD,360.00,383.00,356.60,366.85,369.00,369.60,,366.86,,,14940,5583511.95,870,F1,1,,,,,
2026-09-24,2026-09-24,CM,NSE,STK,764865,INE531X01018,SAICAPI,EQ,,,,,SAI CAPITAL LTD.,157.25,157.25,142.15,146.03,146.03,155.69,,148.25,,,488,71934.76,27,F1,1,,,,,
2026-09-24,2026-09-24,CM,NSE,STK,27839,INE570L01029,SAILIFE,EQ,,,,,SAI LIFE SCIENCES LIMITED,1601.00,1649.80,1589.00,1594.90,1602.00,1609.60,,1594.89,,,518814,840405490.00,32097,F1,1,,,,,
2026-09-24,2026-09-24,CM,NSE,STK,761675,INE0H9F01037,SAIPARENT,EQ,,,,,SAI PARENTERALS LIMITED,509.30,524.00,501.25,506.40,507.90,509.30,,506.42,,,84888,43600414.80,3300,F1,1,,,,,
2026-09-24,2026-09-24,CM,NSE,STK,18755,INE438K01021,KALAMANDIR,EQ,,,,,SAI SILKS (KALAMANDIR) L,78.79,79.80,78.01,78.47,78.25,79.99,,78.47,,,255927,20201118.20,3354,F1,1,,,,,
2026-09-24,2026-09-24,CM,NSE,STK,764880,INE068B01017,SEKURITIND,EQ,,,,,SAINT GOBAIN SEKUR IND L,114.80,114.80,111.05,111.52,111.20,113.82,,111.51,,,12064,1358136.61,281,F1,1,,,,,
2026-09-24,2026-09-24,CM,NSE,STK,25715,INE00MT01022,SAJHOTELS,ST,,,,,SAJ HOTELS LIMITED,32.80,32.80,32.70,32.70,32.70,34.40,,32.70,,,14000,458000.00,7,F1,2000,,,,,
2026-09-24,2026-09-24,CM,NSE,STK,9539,INE732S01012,SAKAR,EQ,,,,,SAKAR HEALTHCARE LIMITED,1158.00,1189.90,1109.95,1128.55,1130.95,1162.65,,1128.55,,,121571,139572984.90,11009,F1,1,,,,,
2026-09-24,2026-09-24,CM,NSE,STK,11794,INE667G01023,SAKSOFT,EQ,,,,,SAKSOFT LIMITED,145.61,148.55,142.90,143.53,143.50,147.79,,143.53,,,188469,27205096.39,3092,F1,1,,,,,
2026-09-24,2026-09-24,CM,NSE,STK,2969,INE623A01011,SAKHTISUG,EQ,,,,,SAKTHI SUGARS LTD,18.20,18.23,17.86,17.96,17.99,18.23,,17.96,,,79745,1438865.10,518,F1,1,,,,,
2026-09-24,2026-09-24,CM,NSE,STK,13251,INE190H01024,SAKUMA,EQ,,,,,SAKUMA EXPORTS LIMITED,1.67,1.75,1.60,1.66,1.65,1.67,,1.66,,,2472729,4086144.28,1693,F1,1,,,,,
2026-09-24,2026-09-24,CM,NSE,STK,21362,INE170V01027,SALASAR,EQ,,,,,SALASAR TECHNO ENGG. LTD.,4.92,4.94,4.86,4.91,4.93,4.94,,4.91,,,2533913,12394344.03,2818,F1,1,,,,,
2026-09-24,2026-09-24,CM,NSE,STK,17351,INE498E01010,SALONA,EQ,,,,,SALONA COTSPIN LTD.,266.00,279.95,256.60,274.25,273.75,270.65,,274.27,,,3076,822236.55,242,F1,1,,,,,
2026-09-24,2026-09-24,CM,NSE,STK,11399,INE457F01013,SALZERELEC,EQ,,,,,SALZER ELECTRONICS LTD,551.10,551.10,532.00,538.65,539.50,549.05,,538.58,,,22627,12221609.95,1916,F1,1,,,,,
2026-09-24,2026-09-24,CM,NSE,STK,764870,INE304D01012,SAMBANDAM,EQ,,,,,SAMBANDAM SPINNING MILL L,103.00,107.00,103.00,107.00,107.00,102.50,,107.00,,,11,1137.00,3,F1,1,,,,,
2026-09-24,2026-09-24,CM,NSE,STK,4127,INE699B01027,SAMBHAAV,EQ,,,,,SAMBHAAV MEDIA LTD,6.10,6.10,5.64,5.89,5.96,5.98,,5.88,,,5858,34678.24,81,F1,1,,,,,
2026-09-24,2026-09-24,CM,NSE,STK,757767,INE12NJ01018,SAMBHV,EQ,,,,,SAMBHV STEEL TUBES LTD,157.00,157.14,151.53,152.36,152.40,158.22,,152.35,,,2398819,369843282.79,25057,F1,1,,,,,
2026-09-24,2026-09-24,CM,NSE,STK,21096,INE0PZA01015,SAIFL,SM,,,,,SAMEERA AGRO AND INFRA L,4.30,4.30,4.20,4.30,4.30,4.25,,4.30,,,68000,290200.00,16,F1,4000,,,,,
2026-09-24,2026-09-24,CM,NSE,STK,18614,INE08U801020,SAMHI,EQ,,,,,SAMHI HOTELS LIMITED,160.64,161.70,157.76,158.94,159.27,160.01,,158.95,,,618453,98564903.79,10249,F1,1,,,,,
2026-09-24,2026-09-24,CM,NSE,STK,30125,INE148I01020,SAMMAANCAP,EQ,,,,,SAMMAAN CAPITAL LIMITED,143.55,144.42,140.00,140.55,140.85,144.48,,140.55,,,3981880,563693825.07,23102,F1,1,,,,,
2026-09-24,2026-09-24,CM,NSE,STK,27303,INE735M01018,SAMPANN,EQ,,,,,SAMPANN UTPADAN INDIA LTD,24.34,24.45,23.81,24.08,24.09,24.34,,24.08,,,8544,206167.42,143,F1,1,,,,,
2026-09-24,2026-09-24,CM,NSE,STK,4204,INE775A01035,MOTHERSON,EQ,,,,,SAMVRDHNA MTHRSN INTL LTD,163.75,164.80,162.50,162.50,162.50,164.40,,162.50,,,22050862,3619469115.97,41215,F1,1,,,,,
2026-09-24,2026-09-24,CM,NSE,STK,28805,INE0JPD01013,SANATHAN,EQ,,,,,SANATHAN TEXTILES LIMITED,504.35,544.30,504.35,529.25,526.00,506.35,,529.27,,,786460,416608041.75,31440,F1,1,,,,,
2026-09-24,2026-09-24,CM,NSE,STK,2988,INE583B01015,SANDESH,EQ,,,,,SANDESH LTD,1027.00,1038.00,1006.00,1014.30,1023.50,1027.00,,1013.86,,,216,219618.10,63,F1,1,,,,,
2026-09-24,2026-09-24,CM,NSE,STK,2397,INE278H01035,SANDHAR,EQ,,,,,SANDHAR TECHNOLOGIES LTD,580.80,585.90,561.35,575.65,573.80,591.75,,575.62,,,179293,103484761.30,11662,F1,1,,,,,
2026-09-24,2026-09-24,CM,NSE,STK,18359,INE149K01016,SANDUMA,EQ,,,,,SANDUR MANG & IRON ORES L,186.40,186.40,182.66,183.11,183.40,188.06,,183.10,,,365304,67183957.78,7285,F1,1,,,,,
2026-09-24,2026-09-24,CM,NSE,STK,4184,INE495C01010,SANGAMIND,EQ,,,,,SANGAM (INDIA) LTD,565.00,594.55,563.10,579.70,579.90,570.85,,579.76,,,38862,22640285.30,2254,F1,1,,,,,
2026-09-24,2026-09-24,CM,NSE,STK,14058,INE989A01032,SANGHVIMOV,EQ,,,,,SANGHVI MOVERS LTD,439.40,460.65,430.55,446.45,445.50,441.75,,446.44,,,406457,182787733.75,14863,F1,1,,,,,
2026-09-24,2026-09-24,CM,NSE,STK,11033,INE753W01010,SANGINITA,BE,,,,,SANGINITA CHEMICALS LTD,76.89,76.89,73.89,73.89,73.89,75.39,,73.89,,,296633,22653102.31,306,F1,1,,,,,
2026-09-24,2026-09-24,CM,NSE,STK,25222,INE0UOS01011,SANOFICONR,EQ,,,,,SANOFI CONS HEALTHC IND L,3999.00,4068.40,3955.00,3971.30,3980.00,4005.40,,3971.32,,,4134,16520421.70,1631,F1,1,,,,,
2026-09-24,2026-09-24,CM,NSE,STK,12230,INE058A01010,SANOFI,BL,,,,,SANOFI INDIA LIMITED,3052.00,3052.00,3052.00,3052.00,3052.00,10072.65,,3052.00,,,3500000,10682000000.00,1,F1,999999999,,,,,
2026-09-24,2026-09-24,CM,NSE,STK,1442,INE058A01010,SANOFI,EQ,,,,,SANOFI INDIA LIMITED,3075.00,3220.90,3075.00,3132.70,3138.00,3052.40,,3132.99,,,112839,356025529.00,16500,F1,1,,,,,
2026-09-24,2026-09-24,CM,NSE,STK,5751,INE953O01021,SANSERA,EQ,,,,,SANSERA ENGINEERING LTD,4600.00,4725.00,4535.80,4605.60,4680.00,4621.40,,4605.34,,,268650,1248881647.30,41919,F1,1,,,,,
2026-09-24,2026-09-24,CM,NSE,STK,24582,INE08NE01025,SANSTAR,EQ,,,,,SANSTAR LIMITED,110.50,110.85,108.70,109.40,109.42,111.15,,109.38,,,138568,15209320.23,7357,F1,1,,,,,
2026-09-24,2026-09-24,CM,NSE,STK,46,INE890C01046,SANWARIA,BZ,,,,,SANWARIA CONSUMER LIMITED,0.19,0.20,0.19,0.19,0.19,0.19,,0.19,,,380152,74139.43,134,F1,1,,,,,
2026-09-24,2026-09-24,CM,NSE,STK,6718,INE806T01020,SAPPHIRE,EQ,,,,,SAPPHIRE FOODS INDIA LTD,229.69,231.00,222.68,225.70,226.00,231.48,,225.68,,,411301,92930457.77,11407,F1,1,,,,,
2026-09-24,2026-09-24,CM,NSE,STK,19863,INE0PUC01020,SARTELE,SM,,,,,SAR TELEVENTURE LIMITED,82.00,99.40,82.00,98.40,98.95,83.05,,98.40,,,287500,27138775.00,443,F1,500,,,,,
2026-09-24,2026-09-24,CM,NSE,STK,762985,INE967G01019,ZSARACOM,EQ,,,,,SARASWATI COMM (INDIA) L,10188.00,10188.00,9906.00,9948.00,10138.00,10294.00,,9948.56,,,51,509684.00,42,F1,1,,,,,
2026-09-24,2026-09-24,CM,NSE,STK,24856,INE0PQ101010,SSDL,EQ,,,,,SARASWATI SAREE DEPOT LTD,65.62,68.43,64.10,66.30,66.02,65.62,,66.29,,,58214,3894273.28,1350,F1,1,,,,,
2026-09-24,2026-09-24,CM,NSE,STK,17758,INE385C01021,SARDAEN,EQ,,,,,SARDA ENERGY & MIN LTD,505.00,508.35,496.80,499.45,497.95,505.95,,499.42,,,204170,102643581.65,10748,F1,1,,,,,
2026-09-24,2026-09-24,CM,NSE,STK,4892,INE979A01025,SAREGAMA,EQ,,,,,SAREGAMA INDIA LIMITED,502.00,507.00,495.20,498.45,499.00,507.00,,498.45,,,202297,101158045.95,10633,F1,1,,,,,
2026-09-24,2026-09-24,CM,NSE,STK,14043,INE453D01025,SARLAPOLY,EQ,,,,,SARLA PERF. FIBERS LTD,101.59,101.59,99.00,99.99,100.00,100.03,,99.94,,,27669,2759900.54,569,F1,1,,,,,
2026-09-24,2026-09-24,CM,NSE,STK,6843,INE017W01010,SMLT,EQ,,,,,SARTHAK METALS LIMITED,62.62,62.62,60.00,60.74,60.92,60.61,,60.75,,,2408,146351.62,80,F1,1,,,,,
2026-09-24,2026-09-24,CM,NSE,STK,12913,INE324X01026,SARVESHWAR,EQ,,,,,SARVESHWAR FOODS LIMITED,3.70,3.70,3.63,3.63,3.63,3.66,,3.63,,,798944,2916416.99,1513,F1,1,,,,,
2026-09-24,2026-09-24,CM,NSE,STK,11983,INE231F01020,SASKEN,EQ,,,,,SASKEN TECHNOLOGIES LTD,1809.90,1809.90,1730.50,1736.80,1732.50,1780.60,,1736.92,,,13119,23047789.70,2049,F1,1,,,,,
2026-09-24,2026-09-24,CM,NSE,STK,29151,INE0NB801022,SATKARTAR,SM,,,,,SAT KARTAR LIFE LIMITED,168.00,182.50,167.00,179.45,177.20,164.55,,179.45,,,199200,35260480.00,208,F1,800,,,,,
2026-09-24,2026-09-24,CM,NSE,STK,24697,INE0RFP01011,SSEGL,SM,,,,,SATHLOKHAR SYN E&C GLOB L,384.00,404.00,384.00,400.20,402.75,386.05,,400.20,,,112000,44602330.00,228,F1,200,,,,,
2026-09-24,2026-09-24,CM,NSE,STK,24504,INE0RPM01017,SATIPOLY,SM,,,,,SATI POLY PLAST LIMITED,36.10,36.10,33.50,33.50,33.50,34.40,,33.50,,,3000,102300.00,3,F1,500,,,,,
2026-09-24,2026-09-24,CM,NSE,STK,11045,INE170E01023,SATIA,EQ,,,,,SATIA INDUSTRIES LIMITED,66.85,68.18,66.45,67.67,68.00,67.24,,67.57,,,68295,4596067.41,1060,F1,1,,,,,
2026-09-24,2026-09-24,CM,NSE,STK,10453,INE836B01017,SATIN,EQ,,,,,SATIN CREDIT NET LTD,224.95,227.38,220.04,226.15,226.00,225.30,,226.15,,,243175,54653386.38,3905,F1,1,,,,,
2026-09-24,2026-09-24,CM,NSE,STK,758960,INE14DW01018,SATTVAENGG,SM,,,,,SATTVA ENGINEERING CSTN L,59.90,59.90,52.95,57.30,57.10,58.00,,57.30,,,57600,3198640.00,32,F1,1600,,,,,
2026-09-24,2026-09-24,CM,NSE,STK,3018,INE626A01014,SAURASHCEM,EQ,,,,,SAURASHTRA CEMENT LIMITED,53.80,54.20,52.50,52.76,52.51,53.86,,52.76,,,47022,2511871.20,856,F1,1,,,,,
2026-09-24,2026-09-24,CM,NSE,STK,3021,INE035D01020,SOTL,EQ,,,,,SAVITA OIL TECHNOLO. LTD,715.00,737.00,707.70,726.50,726.00,715.60,,726.50,,,358641,260186538.85,12763,F1,1,,,,,
2026-09-24,2026-09-24,CM,NSE,STK,758444,INE10VS01016,SAWALIYA,SM,,,,,SAWALIYA FOOD PRODUCTS L,161.00,162.00,158.50,158.95,158.95,159.60,,158.95,,,11400,1819080.00,13,F1,600,,,,,
2026-09-24,2026-09-24,CM,NSE,STK,762879,INE318C01014,SAYAJIHOTL,EQ,,,,,SAYAJI HOTELS LTD.,325.00,329.00,325.00,327.00,327.00,327.00,,327.00,,,17,5574.00,4,F1,1,,,,,
2026-09-24,2026-09-24,CM,NSE,STK,764875,INE327G01032,SAYAJIIND,EQ,,,,,SAYAJI INDUSTRIES LTD.,116.00,122.00,116.00,122.00,122.00,122.00,,116.15,,,641,77191.30,54,F1,1,,,,,
2026-09-24,2026-09-24,CM,NSE,STK,6792,INE04AK01028,SBC,EQ,,,,,SBC EXPORTS LIMITED,49.03,49.65,47.90,48.01,48.00,48.78,,48.01,,,8735953,425343928.25,6643,F1,1,,,,,
2026-09-24,2026-09-24,CM,NSE,STK,18026,INE423Y01016,SBFC,EQ,,,,,SBFC FINANCE LIMITED,90.99,91.35,88.74,89.14,89.00,91.21,,89.14,,,962702,86304447.82,9637,F1,1,,,,,
2026-09-24,2026-09-24,CM,NSE,STK,17971,INE018E01016,SBICARD,EQ,,,,,SBI CARDS & PAY SER LTD,632.00,642.30,616.20,618.40,618.40,635.00,,618.47,,,1184379,741752888.95,33735,F1,1,,,,,
2026-09-24,2026-09-24,CM,NSE,STK,764173,INE640G01020,SBIFUNDS,EQ,,,,,SBI FUNDS MANAGEMENT LTD,548.00,548.35,536.00,537.60,536.55,551.35,,537.60,,,852645,460523016.30,40059,F1,1,,,,,
2026-09-24,2026-09-24,CM,NSE,STK,21808,INE123W01016,SBILIFE,EQ,,,,,SBI LIFE INSURANCE CO LTD,1710.00,1791.40,1699.90,1755.00,1755.00,1760.00,,1755.00,,,3449627,6082114689.30,127769,F1,1,,,,,
2026-09-24,2026-09-24,CM,NSE,STK,17272,INF200KA16D8,SETFGOLD,EQ,,,,,SBI-ETF GOLD,128.22,128.22,127.25,127.35,127.35,128.64,,127.35,,,4102003,523318338.36,10243,F1,1,,,,,
2026-09-24,2026-09-24,CM,NSE,STK,10176,INF200KA1FS1,SETFNIF50,EQ,,,,,SBI-ETF NIFTY 50,258.97,258.97,248.70,249.39,249.69,252.66,,249.39,,,1650846,412683479.68,7783,F1,1,,,,,
2026-09-24,2026-09-24,CM,NSE,STK,7361,INF200KA1580,SETFNIFBK,EQ,,,,,SBI-ETF NIFTY BANK,578.47,578.47,569.60,571.57,571.98,580.67,,571.57,,,96046,54953561.66,1515,F1,1,,,,,
2026-09-24,2026-09-24,CM,NSE,STK,7353,INF200KA1598,SETFNN50,EQ,,,,,SBI-ETF NIFTY NEXT 50,774.99,775.00,766.42,769.51,772.00,776.31,,769.51,,,31794,24476943.95,1056,F1,1,,,,,
2026-09-24,2026-09-24,CM,NSE,STK,19705,INF200KA13Z8,LIQUIDSBI,EQ,,,,,SBIAMC - LIQUIDSBI,1000.00,1000.01,999.99,1000.01,1000.01,999.99,,1000.01,,,2977,2976987.96,28,F1,1,,,,,
2026-09-24,2026-09-24,CM,NSE,STK,30290,INF200KB1712,SBIBPB,EQ,,,,,SBIAMC - SBIBPB,48.75,48.75,47.82,48.03,48.31,48.41,,48.03,,,26580,1279670.71,324,F1,1,,,,,
2026-09-24,2026-09-24,CM,NSE,STK,5168,INF200KA1X17,SBIETFCON,EQ,,,,,SBIAMC - SBIETFCON,120.53,120.53,117.28,117.45,118.08,119.33,,117.45,,,3128,369938.59,102,F1,1,,,,,
2026-09-24,2026-09-24,CM,NSE,STK,740,INF200KA1S14,SBIETFIT,EQ,,,,,SBIAMC - SBIETFIT,316.99,316.99,312.06,312.82,312.80,314.58,,312.82,,,5296,1660838.35,217,F1,1,,,,,
2026-09-24,2026-09-24,CM,NSE,STK,722,INF200KA1S22,SBIETFPB,EQ,,,,,SBIAMC - SBIETFPB,274.86,280.01,273.19,275.05,274.15,280.47,,275.05,,,1329913,365718574.24,812,F1,1,,,,,
2026-09-24,2026-09-24,CM,NSE,STK,7218,INF200KA1WX6,SBIETFQLTY,EQ,,,,,SBIAMC - SBIETFQLTY,214.01,214.01,211.18,211.29,211.65,214.20,,211.29,,,1544,327857.51,69,F1,1,,,,,
2026-09-24,2026-09-24,CM,NSE,STK,758496,INF200KB1969,SBILIQETF,EQ,,,,,SBIAMC - SBILIQETF,1057.18,1057.20,1057.18,1057.19,1057.20,1057.04,,1057.19,,,70404,74431063.20,53,F1,1,,,,,
2026-09-24,2026-09-24,CM,NSE,STK,761095,INF200KB1AJ0,SBIMIDMOM,EQ,,,,,SBIAMC - SBIMIDMOM,63.50,63.50,62.40,62.44,62.71,63.65,,62.45,,,31346,1966156.16,183,F1,1,,,,,
2026-09-24,2026-09-24,CM,NSE,STK,24524,INF200KB1282,SBINEQWETF,EQ,,,,,SBIAMC - SBINEQWETF,32.59,32.59,32.12,32.17,32.30,32.64,,32.17,,,66640,2148757.90,321,F1,1,,,,,
2026-09-24,2026-09-24,CM,NSE,STK,761741,INF200KB1AK8,SBINMID150,EQ,,,,,SBIAMC - SBINMID150,23.01,23.01,22.49,22.61,22.63,23.01,,22.62,,,45366,1022171.98,185,F1,1,,,,,
2026-09-24,2026-09-24,CM,NSE,STK,24366,INF200KB1217,SBISILVER,EQ,,,,,SBIAMC - SBISILVER,223.81,223.82,221.04,221.28,221.45,225.79,,221.28,,,1118425,248956886.58,6380,F1,1,,,,,
2026-09-24,2026-09-24,CM,NSE,STK,763543,INF200KB1AY9,SBISMLETF,EQ,,,,,SBIAMC - SBISMLETF,18.49,18.57,18.10,18.20,18.28,18.40,,18.20,,,47840,873869.97,242,F1,1,,,,,
2026-09-24,2026-09-24,CM,NSE,STK,763546,INF200KB1AX1,SBIVALETF,EQ,,,,,SBIAMC - SBIVALETF,14.65,14.65,14.30,14.43,14.47,14.58,,14.44,,,31178,450078.93,65,F1,1,,,,,
2026-09-24,2026-09-24,CM,NSE,STK,17395,INF200KA1JT1,SETF10GILT,EQ,,,,,SBIAMC - SETF10GILT,263.00,263.80,261.85,263.36,263.53,263.59,,263.36,,,4119,1085013.86,56,F1,1,,,,,
2026-09-24,2026-09-24,CM,NSE,STK,762887,INE099G01011,SCANSTL,BE,,,,,SCAN STEELS LTD.,51.38,52.00,50.00,50.99,51.99,51.79,,51.21,,,48547,2480982.44,155,F1,1,,,,,
2026-09-24,2026-09-24,CM,NSE,STK,1011,INE513A01022,SCHAEFFLER,EQ,,,,,SCHAEFFLER INDIA LIMITED,4062.00,4093.00,4000.00,4024.20,4009.00,4085.70,,4024.24,,,47083,191099651.10,5551,F1,1,,,,,
2026-09-24,2026-09-24,CM,NSE,STK,31234,INE839M01018,SCHNEIDER,EQ,,,,,SCHNEIDER ELECTRIC INFRA,1243.40,1243.40,1215.00,1218.80,1217.10,1243.40,,1218.79,,,84376,103310401.10,9389,F1,1,,,,,
2026-09-24,2026-09-24,CM,NSE,STK,757462,INE148I07XX3,SCL01825,N6,,,,,SCL 0% 2027 SR III,1094.09,1094.09,1094.09,1094.09,1094.09,1092.00,,1092.00,,,10,10940.90,1,F1,1,,,,,
2026-09-24,2026-09-24,CM,NSE,STK,28925,INE148I07VO6,1015SCL29T,N1,,,,,SCL 10.15% 2029 SR VII,1058.48,1058.48,1058.48,1058.48,1058.48,1044.41,,1051.74,,,16,16935.68,2,F1,1,,,,,
2026-09-24,2026-09-24,CM,NSE,STK,757460,INE148I07XG8,865SCL27,N4,,,,,SCL 8.65% 2027 SR II,985.00,985.00,985.00,985.00,985.00,981.20,,985.00,,,30,29550.00,2,F1,1,,,,,
2026-09-24,2026-09-24,CM,NSE,STK,757458,INE148I07YA9,9SCL27,N2,,,,,SCL 9.00% 2027 SR I,999.00,1000.00,999.00,1000.00,1000.00,1001.00,,1000.00,,,110,109990.00,3,F1,1,,,,,
2026-09-24,2026-09-24,CM,NSE,STK,757473,INE148I07XS3,925SCL30A,NH,,,,,SCL 9.25% 2030 SR IX,999.00,999.00,999.00,999.00,999.00,999.00,,999.00,,,15,14985.00,2,F1,1,,,,,
2026-09-24,2026-09-24,CM,NSE,STK,30220,INE148I07WH8,925SCL27B,N1,,,,,SCL 9.25% SR II,1000.00,1000.00,1000.00,1000.00,1000.00,1003.00,,1000.00,,,127,127000.00,2,F1,1,,,,,
2026-09-24,2026-09-24,CM,NSE,STK,30240,INE148I07WV9,948SCL28,N1,,,,,SCL 9.48% SR V,1000.00,1000.00,1000.00,1000.00,1000.00,1000.00,,1000.00,,,25,25000.00,1,F1,1,,,,,
2026-09-24,2026-09-24,CM,NSE,STK,757497,INE148I07XY1,995SCL2035,NM,,,,,SCL 9.95% 2035 SR XII,1013.00,1013.00,1010.00,1010.00,1010.00,1015.00,,1010.00,,,40,40418.00,3,F1,1,,,,,
2026-09-24,2026-09-24,CM,NSE,STK,757478,INE090501011,SCODATUBES,EQ,,,,,SCODA TUBES LIMITED,137.74,138.14,131.01,133.79,134.90,137.74,,133.78,,,556368,74589746.19,5806,F1,1,,,,,
2026-09-24,2026-09-24,CM,NSE,STK,763775,IN1020260080,756AP39,SG,,,,,SDL AP 7.56% 2039,94.43,94.43,94.43,94.43,94.43,95.00,,94.43,,,100,9443.00,1,F1,100,,,,,
2026-09-24,2026-09-24,CM,NSE,STK,9830,IN1020220183,807AP36,SG,,,,,SDL AP 8.07% 2036,99.50,99.50,99.49,99.49,99.49,100.00,,99.49,,,2000,198984.00,3,F1,100,,,,,
2026-09-24,2026-09-24,CM,NSE,STK,21849,IN3520230118,767CG31,SG,,,,,SDL CG 7.67% 2031,99.13,99.13,99.13,99.13,99.13,100.00,,99.13,,,100,9913.00,1,F1,100,,,,,
2026-09-24,2026-09-24,CM,NSE,STK,20367,IN1520230104,758GJ26,SG,,,,,SDL GJ 7.58% 2026,101.00,101.00,101.00,101.00,101.00,101.50,,101.00,,,100,10100.00,1,F1,100,,,,,
2026-09-24,2026-09-24,CM,NSE,STK,23547,IN1620240011,748HR34,SG,,,,,SDL HR 7.48% 2034,98.91,98.91,98.90,98.90,98.90,98.91,,98.90,,,1400,138464.00,2,F1,100,,,,,
2026-09-24,2026-09-24,CM,NSE,STK,21166,IN2820230232,779PN38,SG,,,,,SDL PN 7.79% 2038,99.00,99.00,99.00,99.00,99.00,97.71,,99.00,,,100,9900.00,1,F1,100,,,,,
2026-09-24,2026-09-24,CM,NSE,STK,21842,IN2920230389,766RJ31,SG,,,,,SDL RJ 7.66% 2031,99.09,99.09,99.09,99.09,99.09,100.00,,99.09,,,100,9909.00,1,F1,100,,,,,
2026-09-24,2026-09-24,CM,NSE,STK,20643,INE027E07972,935LTF29,N5,,,,,SE RE NCD 9.35% SR.V OP2,1090.01,1090.01,1090.01,1090.01,1090.01,1090.30,,1096.01,,,10,10900.10,1,F1,1,,,,,
2026-09-24,2026-09-24,CM,NSE,STK,2616,INE497B01018,SEAMECLTD,EQ,,,,,SEAMEC LIMITED,1730.20,1764.50,1719.60,1730.10,1735.00,1752.70,,1730.05,,,27330,47486395.00,3908,F1,1,,,,,
2026-09-24,2026-09-24,CM,NSE,STK,13858,INE530B07278,IIFLZC28A,NU,,,,,SEC RE NCD 0% SR.VII,1390.00,1390.00,1390.00,1390.00,1390.00,1350.00,,1390.00,,,20,27800.00,1,F1,1,,,,,
2026-09-24,2026-09-24,CM,NSE,STK,20779,INE413U07269,1003ISFL28,N4,,,,,SEC RE NCD 10.03% SR 5,1005.50,1005.50,1005.50,1005.50,1005.50,1005.00,,1005.50,,,10,10055.00,1,F1,1,,,,,
2026-09-24,2026-09-24,CM,NSE,STK,24141,INE413U07301,1003IIFL29,NC,,,,,SEC RE NCD 10.03% SR V,1000.01,1023.99,1000.01,1012.01,1000.03,1015.00,,1012.01,,,3,3024.03,3,F1,1,,,,,
2026-09-24,2026-09-24,CM,NSE,STK,23303,INE148I07SS3,1015SCFL29,YY,,,,,SEC RE NCD 10.15% SR VII,1017.99,1019.11,1017.99,1019.11,1019.11,1010.00,,1022.06,,,107,108932.77,7,F1,1,,,,,
2026-09-24,2026-09-24,CM,NSE,STK,17542,INE148I07OW4,1015SCL28B,AZ,,,,,SEC RE NCD 10.15% SR VII,820.80,820.80,820.80,820.80,820.80,840.80,,650.40,,,2,1641.60,1,F1,1,,,,,
2026-09-24,2026-09-24,CM,NSE,STK,14710,INE148I07OH5,1015SCL28A,AL,,,,,SEC RE NCD 10.15% SR.VII,499.50,499.50,410.00,410.00,410.00,511.56,,410.00,,,7,3407.00,2,F1,1,,,,,
2026-09-24,2026-09-24,CM,NSE,STK,25914,INE583D07521,1025UCL26A,N1,,,,,SEC RE NCD 10.25% SR II,995.00,995.00,995.00,995.00,995.00,995.00,,995.00,,,1,995.00,1,F1,1,,,,,
2026-09-24,2026-09-24,CM,NSE,STK,23323,INE148I07SQ7,1025SCL34,Z8,,,,,SEC RE NCD 10.25% SR XII,1022.41,1022.41,1022.41,1022.41,1022.41,1010.00,,1022.41,,,20,20448.20,1,F1,1,,,,,
2026-09-24,2026-09-24,CM,NSE,STK,23974,INE148I07TN2,1025SCL34A,ZT,,,,,SEC RE NCD 10.25% SR XII,1011.50,1011.50,1011.50,1011.50,1011.50,1005.00,,1010.25,,,1000,1011500.00,1,F1,1,,,,,
2026-09-24,2026-09-24,CM,NSE,STK,21056,INE148I07RZ0,835SCL23B,YM,,,,,SEC RE NCD 10.25% SR XII,1009.00,1009.00,1007.00,1007.00,1007.00,1009.00,,1007.00,,,136,137192.00,3,F1,1,,,,,
2026-09-24,2026-09-24,CM,NSE,STK,18906,INE148I07PV3,888SCL25E,N4,,,,,SEC RE NCD 10.25% SR XII,1035.00,1035.00,700.20,864.00,864.00,864.00,,864.00,,,43,38876.40,4,F1,1,,,,,
2026-09-24,2026-09-24,CM,NSE,STK,20130,INE148I07RB1,965SCL25F,NZ,,,,,SEC RE NCD 10.25% SR XII,840.00,840.00,815.02,815.02,815.02,820.00,,793.06,,,356,298965.06,3,F1,1,,,,,
2026-09-24,2026-09-24,CM,NSE,STK,20784,INE413U07251,1050ISFL28,N5,,,,,SEC RE NCD 10.50% SR 6,1078.80,1078.80,1078.80,1078.80,1078.80,1070.00,,1078.80,,,153,165056.40,3,F1,1,,,,,
2026-09-24,2026-09-24,CM,NSE,STK,15249,INE244L07556,1003SFIL28,NX,,,,,SEC RE NCD 10.50% SR.VII,498.00,498.00,498.00,498.00,498.00,415.00,,567.50,,,6,2988.00,1,F1,1,,,,,
2026-09-24,2026-09-24,CM,NSE,STK,23123,INE342T07460,1065NFL27,NC,,,,,SEC RE NCD 10.65% SR.IV,1015.00,1015.00,1015.00,1015.00,1015.00,1015.99,,1015.00,,,20,20300.00,2,F1,1,,,,,
2026-09-24,2026-09-24,CM,NSE,STK,18902,INE148I07PT7,1075SCL33A,N2,,,,,SEC RE NCD 10.75% SR XI,810.00,945.00,810.00,945.00,945.00,860.00,,945.00,,,56,47385.00,2,F1,1,,,,,
2026-09-24,2026-09-24,CM,NSE,STK,11658,INE0H7R07017,79NHIT35,N1,,,,,SEC RE NCD 7.90% STRPP A,309.10,311.00,309.10,309.69,309.66,310.10,,309.69,,,2176,673306.00,17,F1,1,,,,,
2026-09-24,2026-09-24,CM,NSE,STK,11665,INE0H7R07025,79NHIT40,N2,,,,,SEC RE NCD 7.90% STRPP B,314.00,314.00,314.00,314.00,314.00,310.00,,314.00,,,300,94200.00,1,F1,1,,,,,
2026-09-24,2026-09-24,CM,NSE,STK,11669,INE0H7R07033,79NHIT47,N3,,,,,SEC RE NCD 7.90% STRPP C,420.00,420.00,419.50,419.50,419.50,421.85,,416.70,,,26,10910.00,2,F1,1,,,,,
2026-09-24,2026-09-24,CM,NSE,STK,3476,INE219X07280,797IGT31,NL,,,,,SEC RE NCD 7.97% SR.VI,1017.90,1017.90,1017.90,1017.90,1017.90,1010.00,,1017.90,,,30,30537.00,1,F1,1,,,,,
2026-09-24,2026-09-24,CM,NSE,STK,3464,INE219X07264,82IGT31,NJ,,,,,SEC RE NCD 8.20% SR.V,1040.00,1044.00,1034.75,1034.81,1034.81,1035.11,,1034.81,,,852,882986.26,9,F1,1,,,,,
2026-09-24,2026-09-24,CM,NSE,STK,6197,INE530B07161,842IIFL26,NL,,,,,SEC RE NCD 8.42% SR.V,997.00,997.00,996.00,996.00,996.00,996.99,,996.88,,,208,207237.00,9,F1,1,,,,,
2026-09-24,2026-09-24,CM,NSE,STK,7668,INE477L07AQ2,843IHFL29,NC,,,,,SEC RE NCD 8.43% SR.VI,993.98,993.98,993.98,993.98,993.98,984.01,,993.98,,,10,9939.80,1,F1,1,,,,,
2026-09-24,2026-09-24,CM,NSE,STK,13852,INE530B07310,865IIFL28,NS,,,,,SEC RE NCD 8.65% SR.V,985.00,992.46,983.50,985.01,985.01,988.50,,985.01,,,2072,2039867.96,11,F1,1,,,,,
2026-09-24,2026-09-24,CM,NSE,STK,28869,INE477L07BG1,89IHFL29,N1,,,,,SEC RE NCD 8.90% SR VI,985.00,985.00,982.00,984.80,984.80,985.00,,984.80,,,118,115964.00,4,F1,1,,,,,
2026-09-24,2026-09-24,CM,NSE,STK,23710,INE338I07115,93MOFSL34,N6,,,,,SEC RE NCD 9.30% SR VII,1070.00,1070.00,1061.00,1061.00,1061.00,1070.00,,1061.00,,,65,69415.00,2,F1,1,,,,,
2026-09-24,2026-09-24,CM,NSE,STK,23708,INE338I07107,935MOFSL29,N5,,,,,SEC RE NCD 9.35% SR VI,1049.99,1051.00,1049.99,1051.00,1051.00,1049.99,,1051.00,,,160,168046.88,3,F1,1,,,,,
2026-09-24,2026-09-24,CM,NSE,STK,13497,INE148I07ND6,965SCL25C,N0,,,,,SEC RE NCD 9.39% SR.VIII,402.20,402.20,402.20,402.20,402.20,404.20,,402.20,,,10,4022.00,1,F1,1,,,,,
2026-09-24,2026-09-24,CM,NSE,STK,25552,INE148I07UC3,948SCL27D,N1,,,,,SEC RE NCD 9.48% SR V,1005.00,1005.00,1005.00,1005.00,1005.00,990.50,,1005.00,,,2,2010.00,1,F1,1,,,,,
2026-09-24,2026-09-24,CM,NSE,STK,20769,INE413U07236,957ISFL26,N2,,,,,SEC RE NCD 9.57% SR 3,995.00,995.00,995.00,995.00,995.00,995.00,,995.00,,,10,9950.00,2,F1,1,,,,,
2026-09-24,2026-09-24,CM,NSE,STK,25287,INE423A07328,965AEL27,N4,,,,,SEC RE NCD 9.65% SR IV,1014.90,1014.90,1014.00,1014.00,1014.00,1011.55,,1014.02,,,345,350017.70,7,F1,1,,,,,
2026-09-24,2026-09-24,CM,NSE,STK,28854,INE477L07BA4,IHFL261224,N1,,,,,SEC RE NCD SR II,1150.80,1150.80,1150.80,1150.80,1150.80,1150.80,,1145.50,,,37,42579.60,2,F1,1,,,,,
2026-09-24,2026-09-24,CM,NSE,STK,20088,INE148I07QO6,SCLZC26E,NP,,,,,SEC RE NCD SR VI,1290.03,1290.03,1290.03,1290.03,1290.03,1290.00,,1290.03,,,5,6450.15,1,F1,1,,,,,
2026-09-24,2026-09-24,CM,NSE,STK,14219,INE00QS24043,IMC1,N1,,,,,SEC RE NCGB 8.25% STRPP B,251.00,251.00,251.00,251.00,251.00,251.67,,251.00,,,79,19829.00,3,F1,1,,,,,
2026-09-24,2026-09-24,CM,NSE,STK,14228,INE00QS24035,IMC1,N3,,,,,SEC RE NCGB 8.25% STRPP D,251.00,251.00,251.00,251.00,251.00,251.70,,251.00,,,290,72790.00,2,F1,1,,,,,
2026-09-24,2026-09-24,CM,NSE,STK,7986,INE804IA7022,1060ECL29,NS,,,,,SEC RED NCD 10.6% SR. VII,1080.00,1080.00,1080.00,1080.00,1080.00,1080.00,,1080.00,,,37,39960.00,2,F1,1,,,,,
2026-09-24,2026-09-24,CM,NSE,STK,16874,INE033L07GU2,84TCHF28,NA,,,,,SEC RED NCD 8.40% SR.V,1069.00,1069.00,1068.00,1068.00,1068.00,1065.60,,1068.00,,,16,17100.00,2,F1,1,,,,,
2026-09-24,2026-09-24,CM,NSE,STK,498,INE721A07NU1,903SFL28,YI,,,,,SEC RED NCD 9.03% SR. II,1027.00,1027.01,1027.00,1027.00,1027.00,1027.01,,1027.00,,,250,256750.50,4,F1,1,,,,,
2026-09-24,2026-09-24,CM,NSE,STK,6149,INE721A07OC7,930SFL28,YP,,,,,SEC RED NCD 9.30% SR. II,1035.00,1035.00,1035.00,1035.00,1035.00,1040.00,,1035.00,,,3,3105.00,1,F1,1,,,,,
2026-09-24,2026-09-24,CM,NSE,STK,1001,INE721A07NX5,94SFL28,YL,,,,,SEC RED NCD 9.40% SR. V,1040.02,1040.05,1040.00,1040.00,1040.00,1040.01,,1040.00,,,255,265205.95,12,F1,1,,,,,
2026-09-24,2026-09-24,CM,NSE,STK,4288,INE804I078Y8,943ECL28,NJ,,,,,SEC RED NCD 9.43% SR. VI,1010.00,1010.00,1001.50,1001.56,1001.50,1006.00,,1001.56,,,1389,1392606.65,15,F1,1,,,,,
2026-09-24,2026-09-24,CM,NSE,STK,6168,INE721A07OF0,97SFL28,YS,,,,,SEC RED NCD 9.70% SR. V,1100.00,1100.00,1100.00,1100.00,1100.00,1100.00,,1100.00,,,3,3300.00,1,F1,1,,,,,
2026-09-24,2026-09-24,CM,NSE,STK,4292,INE804I079Y6,985ECL28,NK,,,,,SEC RED NCD 9.85% SR. VII,1009.99,1009.99,1007.00,1008.62,1007.00,1008.84,,1008.62,,,46,46396.75,2,F1,1,,,,,
2026-09-24,2026-09-24,CM,NSE,STK,19496,INE0BTM01013,SECMARK,EQ,,,,,SECMARK CONSULTANCY LTD,143.35,143.35,140.00,142.50,142.50,141.03,,142.50,,,3193,448300.05,22,F1,1,,,,,
2026-09-24,2026-09-24,CM,NSE,STK,11058,INE650K01021,SECURKLOUD,EQ,,,,,SECUREKLOUD TECH LIMITED,16.69,17.08,16.43,16.72,16.90,16.61,,16.72,,,28849,481503.33,171,F1,1,,,,,
2026-09-24,2026-09-24,CM,NSE,STK,761156,INE00XB01019,SEDEMAC,BL,,,,,SEDEMAC MECHATRONICS LTD,3010.00,3010.00,3010.00,3010.00,3010.00,1352.00,,3010.00,,,4879838,14688312380.00,18,F1,999999999,,,,,
2026-09-24,2026-09-24,CM,NSE,STK,761153,INE00XB01019,SEDEMAC,EQ,,,,,SEDEMAC MECHATRONICS LTD,2998.00,3350.00,2998.00,3313.60,3328.00,3035.20,,3312.67,,,1058936,3408762220.30,96711,F1,1,,,,,
2026-09-24,2026-09-24,CM,NSE,STK,7091,INE955I01044,SEJALLTD,EQ,,,,,SEJAL GLASS LIMITED,702.00,724.50,669.30,683.05,688.00,699.60,,682.86,,,13503,9367956.75,795,F1,1,,,,,
2026-09-24,2026-09-24,CM,NSE,STK,757982,INE0IJF01013,SELLOWRAP,SM,,,,,SELLOWRAP INDUSTRIES LTD,64.35,65.35,64.35,64.70,65.35,67.50,,64.70,,,4800,310480.00,3,F1,1600,,,,,
2026-09-24,2026-09-24,CM,NSE,STK,11961,INE617A01013,SEMAC,EQ,,,,,SEMAC CONSTRUCTION LTD,260.05,271.80,260.05,268.40,266.00,265.65,,268.40,,,170,45381.30,40,F1,1,,,,,
2026-09-24,2026-09-24,CM,NSE,STK,17271,INE602W01027,SENCO,EQ,,,,,SENCO GOLD LIMITED,338.50,339.60,333.65,336.00,335.00,342.25,,336.00,,,507270,170537979.45,17023,F1,1,,,,,
2026-09-24,2026-09-24,CM,NSE,STK,28888,INE0RB801010,SENORES,EQ,,,,,SENORES PHARMACEUTICALS L,1384.50,1398.00,1341.00,1344.30,1345.00,1383.40,,1344.30,,,217301,295547351.10,16740,F1,1,,,,,
2026-09-24,2026-09-24,CM,NSE,STK,15308,INE964H01014,SEPC,EQ,,,,,SEPC LIMITED,5.06,5.18,5.06,5.12,5.14,5.22,,5.12,,,5340821,27344571.19,3745,F1,1,,,,,
2026-09-24,2026-09-24,CM,NSE,STK,21197,INE306N07LM5,865TCAPS27,N8,,,,,SERENCD8.65%SR.IIICIII&IV,1020.00,1020.00,1012.00,1012.20,1012.20,1010.69,,1012.20,,,21,21337.20,4,F1,1,,,,,
2026-09-24,2026-09-24,CM,NSE,STK,5507,INE782X01033,SERVOTECH,EQ,,,,,SERVOTECH REN POW SYS LTD,71.00,71.19,70.20,70.29,70.50,71.67,,70.29,,,329681,23239504.03,3745,F1,1,,,,,
2026-09-24,2026-09-24,CM,NSE,STK,759934,INE04VU01023,STYL,EQ,,,,,SESHAASAI TECHNOLOGIES L,356.50,391.00,351.45,370.35,375.40,359.80,,370.39,,,113636,41469253.00,3594,F1,1,,,,,
2026-09-24,2026-09-24,CM,NSE,STK,3066,INE630A01024,SESHAPAPER,EQ,,,,,SESHASAYEE PAPER & BOARDS,245.73,250.00,244.00,244.74,244.00,247.95,,244.74,,,23085,5695760.05,570,F1,1,,,,,
2026-09-24,2026-09-24,CM,NSE,STK,17518,INE878E01021,SETCO,BE,,,,,SETCO AUTOMOTIVE LTD,16.51,17.89,16.51,17.89,17.89,17.04,,18.09,,,135183,2388256.10,186,F1,1,,,,,
2026-09-24,2026-09-24,CM,NSE,STK,18024,INE023M01027,SETUINFRA,BZ,,,,,SETUBANDHAN INFRA LTD,0.56,0.56,0.56,0.56,0.56,0.57,,0.56,,,1498,838.88,10,F1,1,,,,,
2026-09-24,2026-09-24,CM,NSE,STK,10836,INE573R01012,SEYAIND,BE,,,,,SEYA INDUSTRIES LIMITED,13.91,14.16,13.63,14.05,14.05,13.90,,14.05,,,11376,160385.60,52,F1,1,,,,,
2026-09-24,2026-09-24,CM,NSE,STK,758853,INE618R01015,SGFIN,EQ,,,,,SG FINSERVE LIMITED,622.75,622.75,591.95,601.55,600.40,622.15,,601.54,,,266998,161814956.45,10967,F1,1,,,,,
2026-09-24,2026-09-24,CM,NSE,STK,758889,INE385F01024,SGMART,EQ,,,,,SG MART LIMITED,731.00,732.30,710.05,717.15,722.45,731.45,,717.14,,,157780,113569662.75,8564,F1,1,,,,,
2026-09-24,2026-09-24,CM,NSE,STK,765247,INE967B01028,SGLRES,EQ,,,,,SGL RESOURCES LIMITED,2.54,2.54,2.32,2.32,2.32,2.44,,2.33,,,64861,152992.26,140,F1,1,,,,,
2026-09-24,2026-09-24,CM,NSE,STK,761469,INE12UN01015,SHADOWFAX,EQ,,,,,SHADOWFAX TECHNOLOGIES L,285.00,292.20,278.80,285.80,285.55,285.75,,285.80,,,5612297,1610801703.70,98798,F1,1,,,,,
2026-09-24,2026-09-24,CM,NSE,STK,11859,INE640C01011,SHAHALLOYS,BE,,,,,SHAH ALLOYS LIMITED,91.45,92.99,90.00,92.01,92.00,91.45,,92.00,,,93988,8642952.06,151,F1,1,,,,,
2026-09-24,2026-09-24,CM,NSE,STK,20296,INE482J01021,SHAH,EQ,,,,,SHAH METACORP LIMITED,3.22,3.26,3.19,3.20,3.22,3.25,,3.20,,,1595392,5157141.13,626,F1,1,,,,,
2026-09-24,2026-09-24,CM,NSE,STK,8727,INE151G01028,SHAILY,EQ,,,,,SHAILY ENG PLASTICS LTD,3210.30,3210.30,3100.00,3112.10,3120.00,3211.00,,3112.19,,,101352,319502287.60,15652,F1,1,,,,,
2026-09-24,2026-09-24,CM,NSE,STK,25574,INE908D01010,SHAKTIPUMP,EQ,,,,,SHAKTI PUMPS (I) LTD,471.90,475.05,463.65,472.15,471.50,476.80,,472.22,,,302418,141977224.50,13180,F1,1,,,,,
2026-09-24,2026-09-24,CM,NSE,STK,714,INE597J01018,SHALBY,EQ,,,,,SHALBY LIMITED,145.50,149.29,142.81,143.77,144.50,145.67,,143.74,,,118942,17388457.30,3088,F1,1,,,,,
2026-09-24,2026-09-24,CM,NSE,STK,761688,INE861D01011,SAHLIBHFI,EQ,,,,,SHALIBHADRA FINANCE LTD,77.00,81.78,76.50,78.24,79.49,76.03,,78.24,,,15818,1252309.59,637,F1,1,,,,,
2026-09-24,2026-09-24,CM,NSE,STK,15346,INE849C01026,SHALPAINTS,BE,,,,,SHALIM PAINTS LTD,78.80,80.70,76.30,76.65,77.79,79.09,,76.70,,,69597,5406681.46,360,F1,1,,,,,
2026-09-24,2026-09-24,CM,NSE,STK,25737,INE01NE01012,SRD,EQ,,,,,SHANKAR LAL RAMPAL LTD,40.49,40.49,39.15,39.45,39.37,40.88,,39.43,,,42571,1693919.24,237,F1,1,,,,,
2026-09-24,2026-09-24,CM,NSE,STK,20321,INE274V01019,SHANKARA,EQ,,,,,SHANKARA BLDG PRODUCT LTD,142.90,142.90,137.01,137.18,137.16,143.39,,137.18,,,45295,6306253.94,1108,F1,1,,,,,
2026-09-24,2026-09-24,CM,NSE,STK,760594,INE24OJ01011,BUILDPRO,EQ,,,,,SHANKARA BUILDPRO LIMITED,1292.30,1300.50,1255.00,1272.60,1289.70,1292.30,,1272.59,,,194395,248948053.90,5509,F1,1,,,,,
2026-09-24,2026-09-24,CM,NSE,STK,765382,INE1WFC01025,SHANKESH,EQ,,,,,SHANKESH JEWELLERS LTD,93.60,94.06,90.60,91.51,91.50,94.32,,91.51,,,1871422,172195898.97,13856,F1,1,,,,,
2026-09-24,2026-09-24,CM,NSE,STK,3078,INE631A01022,SHANTIGEAR,EQ,,,,,SHANTHI GEARS LTD,660.00,701.45,659.25,666.25,665.50,668.05,,666.30,,,151787,103531985.95,4302,F1,1,,,,,
2026-09-24,2026-09-24,CM,NSE,STK,762889,INE440T01028,SEIL,EQ,,,,,SHANTI EDU INITIATIVES L,199.00,200.00,192.78,194.69,194.96,197.86,,194.69,,,217128,42500170.21,2354,F1,1,,,,,
2026-09-24,2026-09-24,CM,NSE,STK,758002,INE06ZD01017,SHANTIGOLD,EQ,,,,,SHANTI GOLD INTERNATION L,287.34,291.25,281.10,283.62,285.70,288.07,,283.63,,,4189312,1199244777.64,48749,F1,1,,,,,
2026-09-24,2026-09-24,CM,NSE,STK,765577,INE1ZEE01019,SHANTIINOR,SM,,,,,SHANTI INORGANICS LIMITED,180.05,184.45,170.25,175.95,175.10,181.10,,175.95,,,152000,27148720.00,90,F1,1600,,,,,
2026-09-24,2026-09-24,CM,NSE,STK,5650,INE933X01016,SHANTI,EQ,,,,,SHANTI OVERSEAS INDIA LTD,5.90,5.90,5.50,5.62,5.60,5.70,,5.62,,,12131,68887.43,73,F1,1,,,,,
2026-09-24,2026-09-24,CM,NSE,STK,762904,INE220Z01013,SHINDL,EQ,,,,,SHARAT INDUSTRIES LTD.,165.73,165.73,159.00,162.78,162.02,164.13,,162.70,,,392824,63340784.87,3413,F1,1,,,,,
2026-09-24,2026-09-24,CM,NSE,STK,4992,INE221J01015,SHARDACROP,EQ,,,,,SHARDA CROPCHEM LTD.,760.25,760.25,738.60,740.90,740.00,758.05,,740.90,,,101457,75555683.30,8701,F1,1,,,,,
2026-09-24,2026-09-24,CM,NSE,STK,10530,INE597I01028,SHARDAMOTR,EQ,,,,,SHARDA MOTOR INDS LTD,970.80,976.90,955.20,961.85,966.00,971.85,,961.76,,,52212,50486378.05,5390,F1,1,,,,,
2026-09-24,2026-09-24,CM,NSE,STK,762897,INE037B01020,SHARDUL,BE,,,,,SHARDUL SECURITIES LTD.,54.45,55.59,54.45,55.28,55.59,54.80,,55.27,,,23283,1281456.90,75,F1,1,,,,,
2026-09-24,2026-09-24,CM,NSE,STK,104,INE932X01026,SHAREINDIA,EQ,,,,,SHARE IND. SECURITIES LTD,215.57,219.88,209.09,211.85,211.11,219.98,,211.86,,,1855459,394909903.10,21494,F1,1,,,,,
2026-09-24,2026-09-24,CM,NSE,STK,19469,INE460Q01014,SCML,SM,,,,,SHARP CHUCKS N MACHINES L,76.00,76.00,75.00,75.00,75.00,77.00,,75.00,,,2000,151000.00,2,F1,1000,,,,,
2026-09-24,2026-09-24,CM,NSE,STK,759410,INE0YJV01017,SHEEL,ST,,,,,SHEEL BIOTECH LIMITED,58.00,60.90,58.00,60.60,60.60,58.00,,60.60,,,10000,601200.00,5,F1,2000,,,,,
2026-09-24,2026-09-24,CM,NSE,STK,19184,INE916U01025,SFL,EQ,,,,,SHEELA FOAM LIMITED,644.60,651.30,638.10,642.40,642.20,643.10,,642.43,,,124707,80298761.30,11397,F1,1,,,,,
2026-09-24,2026-09-24,CM,NSE,STK,12081,INE501Y01019,SCPL,BE,,,,,SHEETAL COOL PRODUCTS LTD,663.95,663.95,624.00,630.55,624.00,650.00,,631.36,,,7631,4850385.45,240,F1,1,,,,,
2026-09-24,2026-09-24,CM,NSE,STK,20415,INE04VX01019,SHEETAL,SM,,,,,SHEETAL UNIVERSAL LIMITED,354.95,357.90,354.95,357.90,357.90,354.95,,357.90,,,1000,356425.00,2,F1,500,,,,,
2026-09-24,2026-09-24,CM,NSE,STK,21099,INE268L01046,SHEKHAWATI,BE,,,,,SHEKHAWATI INDUSTRIES LTD,25.60,26.09,23.65,26.09,26.09,24.85,,26.55,,,114960,2899040.98,287,F1,1,,,,,
2026-09-24,2026-09-24,CM,NSE,STK,5072,INE363M01019,SHEMAROO,BE,,,,,SHEMAROO ENTER. LTD.,123.75,124.00,121.51,122.91,121.62,123.79,,122.91,,,8590,1057669.52,44,F1,1,,,,,
2026-09-24,2026-09-24,CM,NSE,STK,14172,INE0MM001019,SHERA,SM,,,,,SHERA ENERGY LIMITED,180.00,181.00,176.00,176.00,176.00,181.65,,176.00,,,25000,4442550.00,24,F1,1000,,,,,
2026-09-24,2026-09-24,CM,NSE,STK,764890,INE011D01013,SHERVANI,EQ,,,,,SHERVANI INDUSTRIAL SYN L,325.00,325.00,325.00,325.00,325.00,320.10,,325.00,,,3,975.00,1,F1,1,,,,,
2026-09-24,2026-09-24,CM,NSE,STK,8394,INE03KJ01013,SHIGAN,SM,,,,,SHIGAN QUANTUM TECH LTD,54.25,60.00,54.00,58.55,58.50,62.00,,58.55,,,31500,1786950.00,15,F1,1500,,,,,
2026-09-24,2026-09-24,CM,NSE,STK,759847,INE024F01011,SHILCTECH,EQ,,,,,SHILCHAR TECHNOLOGIES LTD,4147.00,4170.00,4046.00,4079.10,4096.00,4147.60,,4079.18,,,20213,83175777.10,4915,F1,1,,,,,
2026-09-24,2026-09-24,CM,NSE,STK,764895,INE960A01017,SHILGRAVQ,EQ,,,,,SHILP GRAVURES LTD.,144.20,152.00,142.00,144.95,147.99,147.67,,144.68,,,23252,3368695.81,406,F1,1,,,,,
2026-09-24,2026-09-24,CM,NSE,STK,17752,INE790G01031,SHILPAMED,EQ,,,,,SHILPA MEDICARE LTD,1035.80,1055.00,992.00,1007.30,1021.00,1037.70,,1007.32,,,622161,637947169.55,34408,F1,1,,,,,
2026-09-24,2026-09-24,CM,NSE,STK,23127,INE0PB301013,SCILAL,EQ,,,,,SHIPPING CORP OF ILA LTD,38.38,38.38,37.00,37.29,37.35,38.20,,37.30,,,375079,14068541.92,1693,F1,1,,,,,
2026-09-24,2026-09-24,CM,NSE,STK,3048,INE109A01011,SCI,EQ,,,,,SHIPPING CORP OF INDIA LT,276.00,280.30,274.10,276.60,277.50,279.05,,276.60,,,1057549,292165283.85,20693,F1,1,,,,,
2026-09-24,2026-09-24,CM,NSE,STK,765282,INE0FOO01011,SHIPROCKET,EQ,,,,,SHIPROCKET LIMITED,126.00,126.80,119.52,120.46,120.50,127.23,,120.47,,,2928780,358617045.67,28624,F1,1,,,,,
2026-09-24,2026-09-24,CM,NSE,STK,759747,INE719F01016,SHIVAUM,EQ,,,,,SHIV AUM STEELS LIMITED,513.00,519.50,513.00,513.20,513.00,513.20,,513.20,,,2864,1471066.25,97,F1,1,,,,,
2026-09-24,2026-09-24,CM,NSE,STK,765160,INE555C01029,SHIVACEM,EQ,,,,,SHIVA CEMENT LTD.,15.61,15.80,15.30,15.65,15.71,15.60,,15.65,,,28331,441496.34,156,F1,1,,,,,
2026-09-24,2026-09-24,CM,NSE,STK,764900,INE960E01019,SHIVAAGRO,EQ,,,,,SHIVA GLOBAL AGRO INDS. L,39.74,42.58,37.24,38.99,38.49,39.74,,38.92,,,3883,154131.94,57,F1,1,,,,,
2026-09-24,2026-09-24,CM,NSE,STK,1497,INE644Y01017,SHIVAMILLS,EQ,,,,,SHIVA MILLS LIMITED,62.91,62.91,60.00,60.93,61.68,59.92,,60.93,,,816,49269.86,29,F1,1,,,,,
2026-09-24,2026-09-24,CM,NSE,STK,804,INE705C01020,SHIVATEX,EQ,,,,,SHIVA TEXYARN LIMITED,170.05,172.00,170.01,170.93,172.00,172.00,,170.93,,,548,93464.65,29,F1,1,,,,,
2026-09-24,2026-09-24,CM,NSE,STK,24249,INE0T7B01010,SPCL,SM,,,,,SHIVALIC POWER CONTROL L,67.50,67.50,65.10,65.10,65.10,67.60,,65.10,,,13800,914820.00,22,F1,600,,,,,
2026-09-24,2026-09-24,CM,NSE,STK,4656,INE386D01027,SBCL,EQ,,,,,SHIVALIK BIMETAL CON. LTD,1153.20,1184.90,1137.00,1143.20,1147.60,1156.00,,1143.18,,,198267,229740715.60,13802,F1,1,,,,,
2026-09-24,2026-09-24,CM,NSE,STK,7016,INE788J01021,SHIVALIK,EQ,,,,,SHIVALIK RASAYAN LIMITED,435.00,435.10,407.55,410.70,419.00,431.65,,410.62,,,94146,39494633.10,5024,F1,1,,,,,
2026-09-24,2026-09-24,CM,NSE,STK,13756,INE637H01024,SHIVAMAUTO,EQ,,,,,SHIVAM AUTO.LTD,18.21,18.21,17.12,17.44,17.44,18.21,,17.44,,,95578,1678927.30,405,F1,1,,,,,
2026-09-24,2026-09-24,CM,NSE,STK,758744,INE1DLF01018,SHIVASHRIT,SM,,,,,SHIVASHRIT FOODS LIMITED,116.25,119.00,111.00,112.60,111.00,113.65,,112.60,,,81000,9213050.00,70,F1,1000,,,,,
2026-09-24,2026-09-24,CM,NSE,STK,11813,INE498B01024,SHOPERSTOP,EQ,,,,,SHOPPERS STOP LIMITED,386.20,390.20,379.05,385.05,385.00,391.10,,385.05,,,38955,15001693.15,2519,F1,1,,,,,
2026-09-24,2026-09-24,CM,NSE,STK,764905,INE311M01018,SHRADDHA,EQ,,,,,SHRADDHA PRIME PROJECTS L,148.84,151.80,144.05,150.49,150.50,149.58,,150.50,,,1357,202800.89,87,F1,1,,,,,
2026-09-24,2026-09-24,CM,NSE,STK,708,INE715Y01031,SHRADHA,EQ,,,,,SHRADHA REALTY LIMITED,30.30,31.40,29.36,30.51,31.40,30.45,,30.51,,,16232,486992.25,148,F1,1,,,,,
2026-09-24,2026-09-24,CM,NSE,STK,10588,INE712K01011,SHREEPUSHK,EQ,,,,,SHRE PUSH CHEM & FERT LTD,490.00,498.75,476.55,492.15,493.00,495.80,,492.13,,,93203,45370569.35,3645,F1,1,,,,,
2026-09-24,2026-09-24,CM,NSE,STK,762874,INE185C01017,SAPPL,EQ,,,,,SHREE AJIT PULP & PAPER L,271.45,284.30,270.00,278.15,279.00,273.10,,278.15,,,794,218585.60,35,F1,1,,,,,
2026-09-24,2026-09-24,CM,NSE,STK,3103,INE070A01015,SHREECEM,EQ,,,,,SHREE CEMENT LIMITED,22300.00,22725.00,22170.00,22350.00,22350.00,22500.00,,22350.00,,,17131,385546975.00,8645,F1,1,,,,,
2026-09-24,2026-09-24,CM,NSE,STK,3099,INE232A01011,SHREDIGCEM,EQ,,,,,SHREE DIGVIJAY CEM CO LTD,69.25,69.25,65.50,67.52,67.91,68.80,,67.52,,,90814,6121405.06,1264,F1,1,,,,,
2026-09-24,2026-09-24,CM,NSE,STK,764885,INE414Y01015,SGRL,EQ,,,,,SHREE GANESH REMEDIES LTD,731.50,739.45,654.00,677.15,684.15,735.55,,677.34,,,45846,32147751.45,2529,F1,1,,,,,
2026-09-24,2026-09-24,CM,NSE,STK,23074,INE0S4Y01010,SHREEKARNI,SM,,,,,SHREE KARNI FABCOM LTD,385.00,385.00,380.00,380.85,380.00,387.90,,380.85,,,900,342750.00,3,F1,150,,,,,
2026-09-24,2026-09-24,CM,NSE,STK,20603,INE02S501018,SHREEOSFM,SM,,,,,SHREE OSFM E-MOBILITY LTD,51.90,52.80,51.90,51.90,51.90,51.80,,51.90,,,6000,314200.00,6,F1,1000,,,,,
2026-09-24,2026-09-24,CM,NSE,STK,760188,INE19GK01015,SRTL,EQ,,,,,SHREE RAM TWISTEX LIMITED,38.62,39.29,38.00,38.38,38.65,38.90,,38.37,,,16603,642060.07,284,F1,1,,,,,
2026-09-24,2026-09-24,CM,NSE,STK,7627,INE879A01019,SHREERAMA,EQ,,,,,SHREE RAMA MULTI TECH LTD,45.00,46.27,43.49,43.87,43.66,45.79,,43.88,,,69801,3148513.70,843,F1,1,,,,,
2026-09-24,2026-09-24,CM,NSE,STK,13565,INE278B01020,RAMANEWS,EQ,,,,,SHREE RAMA NEWSPRINT LTD,31.66,32.60,30.81,31.21,31.35,31.81,,31.31,,,15382,481661.01,196,F1,1,,,,,
2026-09-24,2026-09-24,CM,NSE,STK,12026,INE087H01022,RENUKA,EQ,,,,,SHREE RENUKA SUGARS LTD,22.89,23.13,22.45,22.92,22.90,23.04,,22.92,,,8155853,186029623.20,13711,F1,1,,,,,
2026-09-24,2026-09-24,CM,NSE,STK,25203,INE0S2G01011,BALAJEE,EQ,,,,,SHREE TIRUPATI BALAJEE L,24.95,26.40,24.95,25.38,25.02,25.68,,25.38,,,38348,976578.71,269,F1,1,,,,,
2026-09-24,2026-09-24,CM,NSE,STK,15121,INE00CE01017,SVLL,EQ,,,,,SHREE VASU LOGISTICS LTD,860.30,865.60,801.10,820.40,815.15,861.30,,820.40,,,3176,2641311.70,149,F1,1,,,,,
2026-09-24,2026-09-24,CM,NSE,STK,762159,INE0K3301012,SHREEDHAR,ST,,,,,SHREEDHAR SPINNERS LTD,173.90,180.70,163.50,170.05,170.05,172.10,,170.05,,,30000,5144200.00,15,F1,2000,,,,,
2026-09-24,2026-09-24,CM,NSE,STK,759802,INE1FL101016,SHETHJI,SM,,,,,SHREEJI GLOBAL FMCG LTD,183.15,187.80,182.10,185.50,182.10,189.25,,185.50,,,25000,4656150.00,11,F1,1000,,,,,
2026-09-24,2026-09-24,CM,NSE,STK,759448,INE1B6101010,SHREEJISPG,EQ,,,,,SHREEJI SHIPPING GLOBAL L,719.80,729.00,714.35,724.85,724.35,723.75,,724.84,,,344972,248835926.25,4970,F1,1,,,,,
2026-09-24,2026-09-24,CM,NSE,STK,14305,INE00IK01029,OSWALSEEDS,EQ,,,,,SHREEOSWAL S AND CHE LTD,13.40,13.75,12.55,12.68,12.73,13.57,,12.68,,,445150,5733691.43,1374,F1,1,,,,,
2026-09-24,2026-09-24,CM,NSE,STK,5718,INE0GTI23014,SHREMINVIT,IV,,,,,SHREM INVIT,102.00,102.00,102.00,102.00,102.00,102.00,,102.00,,,125000,12750000.00,2,F1,25000,,,,,
2026-09-24,2026-09-24,CM,NSE,STK,760252,INE632X01030,SHRENIK,BZ,,,,,SHRENIK LIMITED,0.28,0.29,0.28,0.28,0.29,0.28,,0.28,,,451768,128966.59,172,F1,1,,,,,
2026-09-24,2026-09-24,CM,NSE,STK,3126,INE231C01019,SHREYANIND,EQ,,,,,SHREYANS INDUSTRIES LTD,129.74,131.50,129.00,130.41,131.50,129.10,,130.41,,,1573,203568.33,31,F1,1,,,,,
2026-09-24,2026-09-24,CM,NSE,STK,756406,INE0DM401012,SHRIAHIMSA,SM,,,,,SHRI AHIMSA NATURALS LTD,468.95,468.95,449.50,453.55,458.00,466.10,,453.55,,,30000,13746030.00,43,F1,600,,,,,
2026-09-24,2026-09-24,CM,NSE,STK,762899,INE402H01015,SHBAJRG,EQ,,,,,SHRI BAJRANG ALLIANCE L,163.75,163.75,157.01,161.00,161.00,161.24,,161.01,,,1921,307726.86,77,F1,1,,,,,
2026-09-24,2026-09-24,CM,NSE,STK,758568,INE0NON01025,SHKSIL,SM,,,,,SHRI HARE-KRI SPO IRON L,34.80,34.95,34.80,34.85,34.95,33.90,,34.85,,,4000,139500.00,2,F1,2000,,,,,
2026-09-24,2026-09-24,CM,NSE,STK,764910,INE564J01026,SHRJAGP,EQ,,,,,SHRI JAGDAMBA POLYMERS L,625.50,690.00,615.20,654.70,654.75,632.25,,656.07,,,875,558127.20,79,F1,1,,,,,
2026-09-24,2026-09-24,CM,NSE,STK,760202,INE1V4601019,SHRIKANHA,SM,,,,,SHRI KANHA STAINLESS LTD,22.10,22.10,22.10,22.10,22.10,21.05,,22.10,,,30400,671840.00,13,F1,1600,,,,,
2026-09-24,2026-09-24,CM,NSE,STK,762909,INE997I01012,SHRIKRISH,EQ,,,,,SHRI KRISHNA DEVCON LTD.,37.00,37.00,37.00,37.00,37.00,35.45,,37.00,,,19,703.00,5,F1,1,,,,,
2026-09-24,2026-09-24,CM,NSE,STK,17684,INE0OMF01015,SHRITECH,SM,,,,,SHRI TECHTEX LIMITED,60.05,60.05,60.05,60.05,60.05,61.10,,60.05,,,2000,120100.00,1,F1,2000,,,,,
2026-09-24,2026-09-24,CM,NSE,STK,765210,INE574G01013,VASUPRADA,EQ,,,,,SHRI VASUPRADA PLANTATI L,99.00,99.00,95.30,95.30,95.30,95.05,,102.98,,,212,20906.60,3,F1,1,,,,,
2026-09-24,2026-09-24,CM,NSE,STK,759093,INE1B3L01017,SHRINGARMS,EQ,,,,,SHRINGAR HOU OF MANGALS L,210.50,215.80,208.71,210.25,210.00,210.22,,210.25,,,344700,73073333.51,2604,F1,1,,,,,
2026-09-24,2026-09-24,CM,NSE,STK,24374,INF680P01422,LIQUIDSHRI,EQ,,,,,SHRIRAM - LIQUIDSHRI,1122.70,1122.72,1122.70,1122.71,1122.72,1122.57,,1122.71,,,24624,27645800.60,45,F1,1,,,,,
2026-09-24,2026-09-24,CM,NSE,STK,4306,INE721A01047,SHRIRAMFIN,EQ,,,,,SHRIRAM FINANCE LIMITED,999.00,1008.60,983.40,990.00,990.00,1010.80,,990.01,,,4096126,4077946859.70,105452,F1,1,,,,,
2026-09-24,2026-09-24,CM,NSE,STK,7200,INE217L01019,SHRIRAMPPS,EQ,,,,,SHRIRAM PROPERTIES LTD,72.05,72.84,70.52,70.85,70.93,72.69,,70.85,,,327512,23394415.71,2843,F1,1,,,,,
2026-09-24,2026-09-24,CM,NSE,STK,6451,INE01Z401013,SHUBHLAXMI,SM,,,,,SHUBHLAXMI JEWEL ART LTD,19.85,20.10,18.25,19.70,20.10,19.20,,19.70,,,29000,572050.00,11,F1,1000,,,,,
2026-09-24,2026-09-24,CM,NSE,STK,25240,INE0UL701015,SHUBHSHREE,SM,,,,,SHUBHSHREE BIOFUELS ENE L,350.00,350.00,350.00,350.00,350.00,350.00,,350.00,,,300,105000.00,1,F1,300,,,,,
2026-09-24,2026-09-24,CM,NSE,STK,764537,INE551C01044,SHUKRAPHAR,EQ,,,,,SHUKRA PHARMACEUTICALS L,56.40,57.28,55.13,55.76,56.00,56.79,,55.76,,,1524285,85362694.78,7419,F1,1,,,,,
2026-09-24,2026-09-24,CM,NSE,STK,10192,INE979R01011,SHYAMCENT,BE,,,,,SHYAM CENTURY FERROUS LTD,5.09,5.10,4.92,5.00,5.00,5.02,,5.01,,,26951,135514.98,73,F1,1,,,,,
2026-09-24,2026-09-24,CM,NSE,STK,761210,INE1CRP01016,SHYAMDHANI,SM,,,,,SHYAM DHANI INDUSTRIES L,55.55,55.60,55.50,55.55,55.55,54.50,,55.55,,,8000,444400.00,4,F1,2000,,,,,
2026-09-24,2026-09-24,CM,NSE,STK,4693,INE810G01011,SHYAMMETL,EQ,,,,,SHYAM METALICS AND ENGY L,1103.50,1148.00,1086.80,1097.90,1104.00,1105.80,,1097.91,,,1377316,1538274017.70,54967,F1,1,,,,,
2026-09-24,2026-09-24,CM,NSE,STK,13740,INE635A01023,SHYAMTEL,EQ,,,,,SHYAM TELECOM LIMITED,11.50,11.50,10.85,10.91,11.18,11.14,,10.91,,,5847,64221.68,39,F1,1,,,,,
2026-09-24,2026-09-24,CM,NSE,STK,16875,INE176J01011,SICAGEN,EQ,,,,,SICAGEN INDIA LIMITED,53.00,53.00,52.11,52.36,52.30,52.98,,52.36,,,10193,534549.83,123,F1,1,,,,,
2026-09-24,2026-09-24,CM,NSE,STK,19440,INE075B01020,SICALLOG,BE,,,,,SICAL LOGISTICS LIMITED,94.00,95.99,92.81,93.44,94.00,94.36,,93.75,,,13486,1269932.20,58,F1,1,,,,,
2026-09-24,2026-09-24,CM,NSE,STK,759053,INE0SVO01019,SIDDHICOTS,SM,,,,,SIDDHI COTSPIN LIMITED,26.55,26.60,26.55,26.60,26.60,26.50,,26.60,,,2400,63780.00,2,F1,1200,,,,,
2026-09-24,2026-09-24,CM,NSE,STK,3148,INE0A1E01018,SIDDHIKA,SM,,,,,SIDDHIKA COATINGS LIMITED,211.20,220.00,209.00,213.20,220.00,219.00,,213.20,,,6000,1279250.00,12,F1,500,,,,,
2026-09-24,2026-09-24,CM,NSE,STK,756871,INE1NPP01017,ENRIN,EQ,,,,,SIEMENS ENERGY INDIA LTD,3191.70,3281.70,3158.50,3215.40,3216.00,3214.40,,3215.44,,,372166,1201961042.50,37688,F1,1,,,,,
2026-09-24,2026-09-24,CM,NSE,STK,3150,INE003A01024,SIEMENS,EQ,,,,,SIEMENS LTD,3852.00,3878.30,3825.00,3841.80,3841.80,3886.00,,3841.83,,,199507,768914450.90,21091,F1,1,,,,,
2026-09-24,2026-09-24,CM,NSE,STK,6663,INE0D0K01022,SIGACHI,EQ,,,,,SIGACHI INDUSTRIES LTD,31.34,31.49,30.11,30.30,30.39,31.34,,30.30,,,2313647,70550217.35,6696,F1,1,,,,,
2026-09-24,2026-09-24,CM,NSE,STK,14797,INE933B01012,SIGMAADV,BE,,,,,SIGMA ADVANCED SYSTEM LTD,930.00,980.00,897.00,949.65,958.00,936.70,,949.75,,,279428,266768990.90,6149,F1,1,,,,,
2026-09-24,2026-09-24,CM,NSE,STK,16658,INE0A0S01028,SIGMA,EQ,,,,,SIGMA SOLVE LIMITED,46.05,46.05,44.06,44.53,45.10,46.04,,44.51,,,78932,3552241.30,1153,F1,1,,,,,
2026-09-24,2026-09-24,CM,NSE,STK,18743,INE903U01023,SIGNATURE,EQ,,,,,SIGNATUREGLOBAL INDIA LTD,765.00,801.85,763.00,784.60,784.50,768.75,,784.67,,,575895,452494341.45,27777,F1,1,,,,,
2026-09-24,2026-09-24,CM,NSE,STK,4517,INE529F01035,SIGIND,BE,,,,,SIGNET INDUSTRIES LIMITED,71.40,74.95,69.70,70.56,71.94,71.80,,70.50,,,21254,1530755.05,198,F1,1,,,,,
2026-09-24,2026-09-24,CM,NSE,STK,22656,INE0KGZ01021,SIGNPOST,EQ,,,,,SIGNPOST INDIA LIMITED,278.20,281.35,272.00,272.80,272.30,273.90,,272.79,,,86371,23873845.65,2596,F1,1,,,,,
2026-09-24,2026-09-24,CM,NSE,STK,762914,INE438E01032,SIKA,EQ,,,,,SIKA INTERPLANT SYSTEMS L,1057.05,1073.85,1031.65,1038.70,1040.00,1059.75,,1038.80,,,29215,30615833.45,2928,F1,1,,,,,
2026-09-24,2026-09-24,CM,NSE,STK,6226,INE112X01025,SIKKO,BE,,,,,SIKKO INDUSTRIES LIMITED,6.11,6.42,5.94,6.42,6.42,6.12,,6.42,,,1886697,11962516.47,782,F1,1,,,,,
2026-09-24,2026-09-24,CM,NSE,STK,4105,INE923A01015,SILINV,EQ,,,,,SIL INVESTMENTS LIMITED,444.55,459.00,441.00,451.60,459.00,452.80,,451.55,,,1317,589118.90,78,F1,1,,,,,
2026-09-24,2026-09-24,CM,NSE,STK,2492,INE01II01013,SILGO,EQ,,,,,SILGO RETAIL LIMITED,69.02,71.00,69.00,70.47,70.35,70.43,,70.47,,,20318,1419036.13,279,F1,1,,,,,
2026-09-24,2026-09-24,CM,NSE,STK,23736,INE0STN01015,SILKFLEX,SM,,,,,SILKFLEX POLYMERS INDIA L,281.15,281.15,272.05,272.05,272.05,286.35,,272.05,,,10000,2742000.00,10,F1,1000,,,,,
2026-09-24,2026-09-24,CM,NSE,STK,757679,INE0SN801015,SILKY,SM,,,,,SILKY OVERSEAS LIMITED,80.90,80.90,66.00,68.85,68.85,67.85,,68.85,,,8800,606560.00,11,F1,800,,,,,
2026-09-24,2026-09-24,CM,NSE,STK,9422,INE625X01026,SILVERTUC,EQ,,,,,SILVER TOUCH TECHNO LTD,153.00,154.40,146.00,147.51,147.04,152.99,,147.52,,,700732,103766174.46,6470,F1,1,,,,,
2026-09-24,2026-09-24,CM,NSE,STK,758836,INE748T01016,SIMBHALS,BZ,,,,,SIMBHAOLI SUGARS LTD.,6.29,6.29,6.19,6.19,6.19,6.31,,6.20,,,7319,45608.80,30,F1,1,,,,,
2026-09-24,2026-09-24,CM,NSE,STK,763378,INE1K4J01018,SIMCA,ST,,,,,SIMCA ADVERTISING LIMITED,272.00,287.95,272.00,279.80,287.95,277.25,,279.80,,,30600,8357220.00,18,F1,600,,,,,
2026-09-24,2026-09-24,CM,NSE,STK,3162,INE059B01024,SIMPLEXINF,EQ,,,,,SIMPLEX INFRASTRUCTURES L,254.05,255.20,251.10,251.75,252.00,256.40,,251.76,,,67543,17091862.50,1048,F1,1,,,,,
2026-09-24,2026-09-24,CM,NSE,STK,764915,INE167H01014,SIMPLXREA,EQ,,,,,SIMPLEX REALTY LTD.,132.00,132.00,126.00,131.99,132.00,126.00,,131.99,,,303,39389.80,8,F1,1,,,,,
2026-09-24,2026-09-24,CM,NSE,STK,23480,INE985A01022,SINCLAIR,EQ,,,,,SINCLAIRS HOTELS LIMITED,82.06,83.64,78.03,79.61,78.70,82.04,,79.49,,,44862,3582799.81,1030,F1,1,,,,,
2026-09-24,2026-09-24,CM,NSE,STK,16859,INE325D01025,SINDHUTRAD,EQ,,,,,SINDHU TRADE LINKS LTD,24.01,24.48,23.53,23.66,23.80,23.96,,23.66,,,279264,6642998.30,823,F1,1,,,,,
2026-09-24,2026-09-24,CM,NSE,STK,761420,INE638A01035,SINGERIND,EQ,,,,,SINGER INDIA LIMITED,79.12,82.60,77.50,77.95,78.00,79.13,,77.95,,,113651,9096860.30,1179,F1,1,,,,,
2026-09-24,2026-09-24,CM,NSE,STK,381,INE129Z01016,SINTERCOM,EQ,,,,,SINTERCOM INDIA LIMITED,78.75,81.34,76.10,77.01,77.90,78.75,,77.01,,,1195,93236.57,111,F1,1,,,,,
2026-09-24,2026-09-24,CM,NSE,STK,11050,INE792Z01011,SIRCA,EQ,,,,,SIRCA PAINT INDIA LIMITED,415.80,424.55,406.20,410.70,410.00,414.40,,410.69,,,306940,127982524.10,5164,F1,1,,,,,
2026-09-24,2026-09-24,CM,NSE,STK,21501,INE285J01028,SIS,EQ,,,,,SIS LIMITED,420.00,426.65,415.20,418.45,415.50,421.45,,418.47,,,118643,50199832.35,7964,F1,1,,,,,
2026-09-24,2026-09-24,CM,NSE,STK,29210,INE965H01011,SITINET,BZ,,,,,SITI NETWORKS LIMITED,0.29,0.29,0.27,0.28,0.29,0.28,,0.28,,,392771,111485.68,252,F1,1,,,,,
2026-09-24,2026-09-24,CM,NSE,STK,14096,INE076B01028,SIYSIL,EQ,,,,,SIYARAM SILK MILLS LTD,540.55,544.80,532.20,539.60,543.00,540.55,,539.32,,,21521,11615008.85,1720,F1,1,,,,,
2026-09-24,2026-09-24,CM,NSE,STK,6643,INE284S01014,SJS,EQ,,,,,SJS ENTERPRISES LIMITED,2290.10,2328.00,2255.00,2261.40,2290.00,2334.10,,2261.39,,,101698,231917297.50,12861,F1,1,,,,,
2026-09-24,2026-09-24,CM,NSE,STK,18883,INE002L01015,SJVN,EQ,,,,,SJVN LTD,63.20,63.20,62.01,62.24,62.29,63.25,,62.24,,,2315850,144308438.46,28606,F1,1,,,,,
2026-09-24,2026-09-24,CM,NSE,STK,760101,INE2J8701016,SKFINDUS,EQ,,,,,SKF IND (INDUSTRIAL) LTD,2900.00,2981.20,2836.10,2939.70,2922.30,2885.90,,2939.77,,,45151,131685394.70,10240,F1,1,,,,,
2026-09-24,2026-09-24,CM,NSE,STK,3186,INE640A01023,SKFINDIA,EQ,,,,,SKF INDIA LTD,1526.20,1549.70,1508.00,1542.00,1543.90,1519.80,,1541.96,,,54183,83375273.00,7227,F1,1,,,,,
2026-09-24,2026-09-24,CM,NSE,STK,9428,INE439E01022,SKIPPER,EQ,,,,,SKIPPER LIMITED,568.10,574.00,546.75,552.35,553.00,567.50,,552.32,,,688572,385760989.60,23489,F1,1,,,,,
2026-09-24,2026-09-24,CM,NSE,STK,4732,INE411D01023,SKMEGGPROD,EQ,,,,,SKM EGG PROD EXPORT(I) LT,228.00,229.50,221.95,223.20,222.50,229.75,,223.21,,,152496,34247187.85,2365,F1,1,,,,,
2026-09-24,2026-09-24,CM,NSE,STK,10325,INE0KZA01016,SKP,SM,,,,,SKP BEARING INDUSTRI. LTD,163.00,174.00,163.00,167.50,167.50,163.90,,167.50,,,21000,3579025.00,35,F1,500,,,,,
2026-09-24,2026-09-24,CM,NSE,STK,13631,INE01IU01018,SKYGOLD,EQ,,,,,SKY GOLD AND DIAMONDS LTD,791.00,801.90,775.10,782.70,784.70,794.10,,782.70,,,537578,425558756.90,24366,F1,1,,,,,
2026-09-24,2026-09-24,CM,NSE,STK,765333,INE0VFE01017,SKYTECH,SM,,,,,SKYTECH INFINITE PLATFM L,30.55,30.55,30.55,30.55,30.55,29.10,,30.55,,,11200,342160.00,6,F1,1600,,,,,
2026-09-24,2026-09-24,CM,NSE,STK,765480,INE0PX301025,SKYWAYS,EQ,,,,,SKYWAYS AIR SERVICES LTD,130.00,135.53,128.07,131.00,131.35,129.57,,131.02,,,11545591,1520456068.27,75674,F1,1,,,,,
2026-09-24,2026-09-24,CM,NSE,STK,23692,INE0SMA01017,SLONE,ST,,,,,SLONE INFOSYSTEMS LIMITED,169.65,176.95,161.50,173.20,176.95,169.65,,173.20,,,6400,1090040.00,16,F1,400,,,,,
2026-09-24,2026-09-24,CM,NSE,STK,757619,INE14GK01016,SMARTEN,SM,,,,,SMARTEN POWER SYSTEMS LTD,64.90,64.90,61.00,62.95,63.70,62.25,,62.95,,,27600,1709340.00,20,F1,1200,,,,,
2026-09-24,2026-09-24,CM,NSE,STK,9893,INE178C01020,SMARTLINK,BE,,,,,SMARTLINK HOLDINGS LTD,216.00,224.40,214.05,217.82,221.31,218.48,,218.37,,,680,146889.11,19,F1,1,,,,,
2026-09-24,2026-09-24,CM,NSE,STK,757965,INE0NAZ01010,SMARTWORKS,EQ,,,,,SMARTWORKS COWORKING SP L,532.65,548.60,532.15,538.95,538.50,541.05,,538.94,,,25763,13892361.75,1084,F1,1,,,,,
2026-09-24,2026-09-24,CM,NSE,STK,2320,INE103C01036,SMCGLOBAL,EQ,,,,,SMC GLOBAL SECURITIES LTD,87.00,87.40,83.35,85.07,85.40,87.14,,85.08,,,820006,70102113.16,8815,F1,1,,,,,
2026-09-24,2026-09-24,CM,NSE,STK,3387,INE294B01019,SMLMAH,EQ,,,,,SML MAHINDRA LIMITED,6703.00,6849.50,6555.00,6603.00,6620.00,6794.00,,6602.99,,,33865,226597694.50,5980,F1,1,,,,,
2026-09-24,2026-09-24,CM,NSE,STK,14329,INE812G01025,SMSPHARMA,EQ,,,,,SMS PHARMACEUTICALS LTD.,474.55,491.00,471.00,474.05,474.70,482.95,,474.07,,,510891,245332677.85,15200,F1,1,,,,,
2026-09-24,2026-09-24,CM,NSE,STK,4843,INE734N01019,SNOWMAN,EQ,,,,,SNOWMAN LOGISTICS LTD.,35.20,35.35,34.25,34.39,34.25,35.18,,34.40,,,123221,4262574.45,934,F1,1,,,,,
2026-09-24,2026-09-24,CM,NSE,STK,13826,INE671H01015,SOBHA,EQ,,,,,SOBHA LIMITED,1248.40,1248.40,1221.80,1227.70,1244.90,1243.80,,1227.77,,,46367,57346683.30,5223,F1,1,,,,,
2026-09-24,2026-09-24,CM,NSE,STK,8266,INE728Z01015,SOFTTECH,EQ,,,,,SOFTTECH ENGINEERS LTD,513.00,513.00,484.35,486.20,485.05,491.85,,486.20,,,2497,1229349.95,153,F1,1,,,,,
2026-09-24,2026-09-24,CM,NSE,STK,13332,INE343H01029,SOLARINDS,EQ,,,,,SOLAR INDUSTRIES (I) LTD,19600.00,19860.00,19450.00,19480.00,19480.00,19730.00,,19481.09,,,120513,2372452045.00,26795,F1,1,,,,,
2026-09-24,2026-09-24,CM,NSE,STK,3672,INE624Z01016,SOLARA,EQ,,,,,SOLARA ACTIVE PHA SCI LTD,726.00,752.90,715.00,727.35,734.00,722.90,,727.39,,,322402,238083576.50,16698,F1,1,,,,,
2026-09-24,2026-09-24,CM,NSE,STK,759929,INE0TY101024,SOLARWORLD,EQ,,,,,SOLARWORLD ENERGY SOL LTD,137.00,137.97,132.20,133.89,133.25,138.52,,133.89,,,176321,23649174.27,3073,F1,1,,,,,
2026-09-24,2026-09-24,CM,NSE,STK,759397,INE880Y01017,SOLEX,EQ,,,,,SOLEX ENERGY LIMITED,739.45,755.00,713.15,731.50,740.00,735.20,,731.08,,,65750,47757972.50,4689,F1,1,,,,,
2026-09-24,2026-09-24,CM,NSE,STK,24879,INE0U0201016,BALCO,SM,,,,,SOLVE PLASTIC PRODUCTS L,20.85,20.85,20.85,20.85,20.85,19.90,,20.85,,,1200,25020.00,1,F1,1200,,,,,
2026-09-24,2026-09-24,CM,NSE,STK,1338,INE480C01038,SDBL,EQ,,,,,SOM DIST & BREW LTD,67.89,67.89,66.80,67.24,67.38,67.89,,67.23,,,207968,13993832.26,2488,F1,1,,,,,
2026-09-24,2026-09-24,CM,NSE,STK,4201,INE314C01013,SOMATEX,EQ,,,,,SOMA TEXTILES & INDUST LT,82.00,82.69,79.00,79.94,79.95,82.35,,79.94,,,4922,394876.00,142,F1,1,,,,,
2026-09-24,2026-09-24,CM,NSE,STK,3880,INE355A01028,SOMANYCERA,EQ,,,,,SOMANY CERAMICS LIMITED,597.95,608.45,590.50,601.85,597.00,596.30,,601.84,,,122260,73655335.10,6272,F1,1,,,,,
2026-09-24,2026-09-24,CM,NSE,STK,17794,INE323J01019,SOMICONVEY,EQ,,,,,SOMI CONVEYOR BELT. LTD.,91.02,91.98,89.00,89.60,89.00,91.51,,89.71,,,19824,1784175.03,504,F1,1,,,,,
2026-09-24,2026-09-24,CM,NSE,STK,4684,INE073K01018,SONACOMS,EQ,,,,,SONA BLW PRECISION FRGS L,828.55,837.00,814.70,816.30,816.30,833.00,,816.30,,,2572412,2125700303.15,86962,F1,1,,,,,
2026-09-24,2026-09-24,CM,NSE,STK,23052,INE0Q6H01012,SONAMAC,SM,,,,,SONA MACHINERY LIMITED,31.50,31.50,30.50,30.50,30.50,31.50,,30.50,,,4000,124100.00,4,F1,1000,,,,,
2026-09-24,2026-09-24,CM,NSE,STK,762919,INE321M01017,SONAL,EQ,,,,,SONAL MERCANTILE LTD.,87.50,87.70,87.50,87.70,87.70,83.55,,87.70,,,203,17783.10,8,F1,1,,,,,
2026-09-24,2026-09-24,CM,NSE,STK,8817,INE00LM01029,SONAMLTD,BE,,,,,SONAM LIMITED,69.99,69.99,66.00,66.50,66.50,68.02,,66.50,,,21146,1425889.61,187,F1,1,,,,,
2026-09-24,2026-09-24,CM,NSE,STK,766203,INE0LLZ01011,SONA,BE,,,,,SONASELECTION INDIA LTD,102.31,107.42,102.31,107.42,107.42,99.00,,107.39,,,2223139,235598245.71,16741,F1,1,,,,,
2026-09-24,2026-09-24,CM,NSE,STK,6596,INE269A01021,SONATSOFTW,EQ,,,,,SONATA SOFTWARE LTD,280.10,280.95,274.00,274.70,276.00,282.00,,274.70,,,380843,105516663.10,8513,F1,1,,,,,
2026-09-24,2026-09-24,CM,NSE,STK,9463,INE0JZA01018,SONUINFRA,ST,,,,,SONU INFRATECH LIMITED,43.00,43.00,42.75,42.75,42.75,45.00,,42.75,,,22500,962250.00,11,F1,1500,,,,,
2026-09-24,2026-09-24,CM,NSE,STK,9678,INE980Y01015,SOUTHWEST,EQ,,,,,SOUTH WEST PINNACLE LTD,190.20,194.20,187.47,188.76,188.30,194.64,,188.79,,,80269,15272245.04,1901,F1,1,,,,,
2026-09-24,2026-09-24,CM,NSE,STK,8521,INE0JW501011,SPRL,SM,,,,,SP REFRACTORIES LIMITED,120.35,120.35,120.35,120.35,120.35,114.65,,120.35,,,2400,288840.00,3,F1,800,,,,,
2026-09-24,2026-09-24,CM,NSE,STK,19372,INE970N01027,SPCENET,EQ,,,,,SPACENET ENTERS IND LTD,3.44,3.44,3.35,3.36,3.37,3.39,,3.36,,,229800,778188.51,378,F1,1,,,,,
2026-09-24,2026-09-24,CM,NSE,STK,11435,INE572J01011,SPANDANA,EQ,,,,,SPANDANA SPHOORTY FIN LTD,230.00,231.44,224.31,225.61,225.25,232.18,,225.60,,,95230,21609788.55,3848,F1,1,,,,,
2026-09-24,2026-09-24,CM,NSE,STK,760135,INE1CW901027,SPEB,SM,,,,,SPEB ADHESIVES LIMITED,91.00,93.00,91.00,93.00,93.00,91.00,,93.00,,,6000,552000.00,3,F1,2000,,,,,
2026-09-24,2026-09-24,CM,NSE,STK,27111,INE247M01014,SPECIALITY,BE,,,,,SPECIALITY REST LTD,151.69,155.00,147.00,151.37,150.50,152.45,,151.37,,,42007,6349767.18,245,F1,1,,,,,
2026-09-24,2026-09-24,CM,NSE,STK,766218,INE0GAN01010,SPECTRAA,ST,,,,,SPECTRAA TECH SOLUTIONS L,224.20,235.40,224.20,235.40,235.40,118.00,,235.40,,,1680000,386183700.00,868,F1,1200,,,,,
2026-09-24,2026-09-24,CM,NSE,STK,30457,INE01EO01010,SPECTRUM,BE,,,,,SPECTRUM ELECTRIC IND LTD,3150.00,3379.00,3080.00,3356.30,3325.10,3241.60,,3354.81,,,17675,57380990.90,966,F1,1,,,,,
2026-09-24,2026-09-24,CM,NSE,STK,16876,INE0OL001018,SPECTSTM,SM,,,,,SPECTRUM TALENT MGMT LTD,56.55,56.55,56.55,56.55,56.55,56.55,,56.55,,,800,45240.00,1,F1,800,,,,,
2026-09-24,2026-09-24,CM,NSE,STK,8163,INE020801028,SPENCERS,EQ,,,,,SPENCER S RETAIL LIMITED,29.73,29.73,28.56,28.92,29.00,29.44,,28.92,,,30208,874322.96,200,F1,1,,,,,
2026-09-24,2026-09-24,CM,NSE,STK,3252,INE147A01011,SPIC,EQ,,,,,SPIC LTD,66.70,67.39,65.10,65.86,65.90,67.00,,65.86,,,263877,17452044.64,2681,F1,1,,,,,
2026-09-24,2026-09-24,CM,NSE,STK,11935,INE978G01016,SPLIL,EQ,,,,,SPL INDUSTRIES LIMITED,30.21,30.59,29.60,29.61,29.75,30.19,,29.61,,,1459,43711.36,31,F1,1,,,,,
2026-09-24,2026-09-24,CM,NSE,STK,3321,INE937A01023,SPMLINFRA,EQ,,,,,SPML INFRA LIMITED,167.30,167.89,164.00,165.36,165.01,168.58,,165.36,,,130233,21622262.68,2101,F1,1,,,,,
2026-09-24,2026-09-24,CM,NSE,STK,10733,INE885H01029,SPORTKING,EQ,,,,,SPORTKING INDIA LIMITED,210.00,213.40,208.00,210.85,212.10,211.26,,210.86,,,135379,28522948.98,5146,F1,1,,,,,
2026-09-24,2026-09-24,CM,NSE,STK,25306,INE0QR801013,SPPPOLY,SM,,,,,SPP POLYMER LIMITED,11.75,12.00,11.75,12.00,12.00,11.80,,12.00,,,6000,71000.00,3,F1,2000,,,,,
2026-09-24,2026-09-24,CM,NSE,STK,17186,INE526E01018,SHRIPISTON,EQ,,,,,SPR AUTO TECHNOLOGIES LTD,4481.50,4678.90,4458.20,4526.70,4565.00,4489.80,,4526.73,,,116305,534135678.80,27580,F1,1,,,,,
2026-09-24,2026-09-24,CM,NSE,STK,757865,INE19QH01010,SPUNWEB,SM,,,,,SPUNWEB NONWOVEN LIMITED,102.00,103.00,100.00,100.00,100.00,101.05,,100.00,,,8400,856800.00,7,F1,1200,,,,,
2026-09-24,2026-09-24,CM,NSE,STK,14582,INE917H01012,SRHHYPOLTD,EQ,,,,,SREE RAYALSEEMA HHP LTD.,587.50,631.40,580.55,605.75,605.00,587.50,,605.75,,,72755,44282768.40,5337,F1,1,,,,,
2026-09-24,2026-09-24,CM,NSE,STK,31841,INE099F01013,SREEL,BE,,,,,SREELEATHERS LIMITED,293.89,308.50,290.00,299.57,300.00,293.89,,299.04,,,22108,6699603.78,569,F1,1,,,,,
2026-09-24,2026-09-24,CM,NSE,STK,3273,INE647A01010,SRF,EQ,,,,,SRF LTD,2540.00,2558.80,2515.20,2533.80,2533.80,2550.00,,2533.80,,,110060,279290340.70,11680,F1,1,,,,,
2026-09-24,2026-09-24,CM,NSE,STK,18119,INE559N01010,SRGHFL,EQ,,,,,SRG HOUSING FINANCE L,158.10,159.65,150.20,154.50,153.05,158.10,,154.48,,,30079,4616176.75,410,F1,1,,,,,
2026-09-24,2026-09-24,CM,NSE,STK,7457,INE293B01029,HAVISHA,EQ,,,,,SRI HAVISHA HOSP & INFR L,1.34,1.39,1.33,1.36,1.39,1.38,,1.36,,,63845,86712.68,82,F1,1,,,,,
2026-09-24,2026-09-24,CM,NSE,STK,765168,INE009C01019,SRIKPRIND,BE,,,,,SRI KPR INDUSTRIES LTD.,27.20,28.40,27.16,27.84,27.16,28.58,,27.91,,,5987,164577.05,50,F1,1,,,,,
2026-09-24,2026-09-24,CM,NSE,STK,758147,INE0V9Q01010,LOTUSDEV,BE,,,,,SRI LOTUS DEVLPRS N RTY L,220.90,226.00,215.85,219.05,218.50,224.46,,218.99,,,450172,99087960.50,2917,F1,1,,,,,
2026-09-24,2026-09-24,CM,NSE,STK,761393,INE0TPJ01019,SPCON,SM,,,,,SRINIBAS PRADHAN CONST L,182.50,183.00,165.00,166.60,165.00,165.00,,166.60,,,26400,4398720.00,5,F1,1200,,,,,
2026-09-24,2026-09-24,CM,NSE,STK,18059,INE0ON201012,SSFL,ST,,,,,SRIVARI SPICES N FOODS L,280.20,281.00,269.00,274.40,274.40,280.20,,274.40,,,3000,824375.00,6,F1,500,,,,,
2026-09-24,2026-09-24,CM,NSE,STK,14416,INE0NPI01014,SRIVASAVI,ST,,,,,SRIVASAVI ADHESIVE TAPE L,81.55,85.60,81.55,82.40,82.40,81.55,,82.40,,,8000,673500.00,7,F1,1000,,,,,
2026-09-24,2026-09-24,CM,NSE,STK,23402,INE0R6Z01013,SRM,EQ,,,,,SRM CONTRACTORS LIMITED,420.50,423.95,414.45,419.00,420.00,422.45,,418.97,,,22818,9569452.25,1125,F1,1,,,,,
2026-09-24,2026-09-24,CM,NSE,STK,766176,INE1EQW01028,SSRETAIL,EQ,,,,,SS RETAIL LIMITED,771.95,888.00,767.55,811.80,797.00,748.80,,811.84,,,30540990,25720719642.80,755533,F1,1,,,,,
2026-09-24,2026-09-24,CM,NSE,STK,29205,INE0RYC01010,STALLION,BE,,,,,STALLION IND FLUOROCHEM L,224.00,224.00,217.35,219.50,219.90,224.26,,219.49,,,174531,38504429.89,1652,F1,1,,,,,
2026-09-24,2026-09-24,CM,NSE,STK,29075,INE0M4D01010,SETL,EQ,,,,,STANDARD ENGNG TCNLGY LTD,406.95,420.00,398.05,402.80,400.00,407.00,,402.81,,,589754,241342208.75,10019,F1,1,,,,,
2026-09-24,2026-09-24,CM,NSE,STK,11297,INE173A01025,SIL,EQ,,,,,STANDARD INDUSTRIES LTD.,17.35,17.43,16.62,16.89,16.99,17.13,,16.87,,,61696,1045849.65,497,F1,1,,,,,
2026-09-24,2026-09-24,CM,NSE,STK,24226,INE01A001028,STANLEY,EQ,,,,,STANLEY LIFESTYLES LTD,137.00,137.43,134.70,135.22,135.02,137.43,,135.26,,,36775,4990337.76,785,F1,1,,,,,
2026-09-24,2026-09-24,CM,NSE,STK,21091,INE460H01021,STARCEMENT,EQ,,,,,STAR CEMENT LIMITED,188.00,189.00,186.05,187.24,187.93,189.23,,187.20,,,63388,11883627.92,1881,F1,1,,,,,
2026-09-24,2026-09-24,CM,NSE,STK,7083,INE575P01011,STARHEALTH,EQ,,,,,STAR HEALTH & AL INS CO L,513.00,555.00,513.00,550.40,547.00,549.20,,550.39,,,9649635,5301212637.20,63366,F1,1,,,,,
2026-09-24,2026-09-24,CM,NSE,STK,3291,INE733A01018,STARPAPER,EQ,,,,,STAR PAPER MILLS LTD,156.00,161.99,155.00,155.27,155.00,156.27,,155.27,,,12814,2018089.30,282,F1,1,,,,,
2026-09-24,2026-09-24,CM,NSE,STK,9305,INE992I01013,STARTECK,EQ,,,,,STARTECK FINANCE LIMITED,256.00,256.00,240.40,240.40,240.40,253.85,,240.40,,,227,55087.30,19,F1,1,,,,,
2026-09-24,2026-09-24,CM,NSE,STK,3045,INE062A01020,SBIN,EQ,,,,,STATE BANK OF INDIA,982.30,992.00,975.80,978.50,978.50,994.10,,978.50,,,13724672,13468490332.60,123600,F1,1,,,,,
2026-09-24,2026-09-24,CM,NSE,STK,766065,INE0FRO01022,STEAMHOUSE,EQ,,,,,STEAMHOUSE INDIA LIMITED,108.75,115.63,106.89,113.71,114.66,110.73,,113.72,,,9348134,1042475834.62,61221,F1,1,,,,,
2026-09-24,2026-09-24,CM,NSE,STK,2963,INE114A01011,SAIL,EQ,,,,,STEEL AUTHORITY OF INDIA,182.70,191.36,182.15,184.00,184.00,185.44,,184.00,,,24815644,4658315190.30,101689,F1,1,,,,,
2026-09-24,2026-09-24,CM,NSE,STK,10406,INE395H01011,STEELCITY,EQ,,,,,STEEL CITY SECURITIES LTD,84.94,85.89,82.30,83.19,83.00,84.82,,83.19,,,7921,659903.61,176,F1,1,,,,,
2026-09-24,2026-09-24,CM,NSE,STK,21339,INE503B01021,STEELXIND,EQ,,,,,STEEL EXCHANGE INDIA LTD,12.25,12.45,11.30,11.43,11.50,12.01,,11.43,,,13813428,164486770.64,14367,F1,1,,,,,
2026-09-24,2026-09-24,CM,NSE,STK,765170,INE205F01016,STLSTRINF,EQ,,,,,STEEL STRIPS INFRA L,24.05,24.05,22.59,23.15,23.88,24.01,,23.12,,,14778,341552.92,114,F1,1,,,,,
2026-09-24,2026-09-24,CM,NSE,STK,11829,INE802C01033,SSWL,EQ,,,,,STEEL STRIPS WHEELS LTD.,368.00,386.55,365.50,376.10,378.80,371.95,,376.23,,,1355247,514287459.65,43310,F1,1,,,,,
2026-09-24,2026-09-24,CM,NSE,STK,6803,INE124E01038,STEELCAS,EQ,,,,,STEELCAST LIMITED,352.00,359.80,346.95,357.80,355.50,359.70,,357.78,,,173791,61741668.65,4642,F1,1,,,,,
2026-09-24,2026-09-24,CM,NSE,STK,21484,INE577L01016,STEL,EQ,,,,,STEL HOLDINGS LIMITED,667.00,669.00,622.05,625.85,629.95,640.60,,626.30,,,7774,5023418.80,928,F1,1,,,,,
2026-09-24,2026-09-24,CM,NSE,STK,6188,INE334A01023,STERTOOLS,BE,,,,,STERLING TOOLS LIMITED,224.98,233.05,224.98,233.05,233.05,221.96,,234.48,,,79881,18411978.84,754,F1,1,,,,,
2026-09-24,2026-09-24,CM,NSE,STK,9313,INE089C01029,STLTECH,BE,,,,,STERLITE TECHNOLOGIES LTD,856.60,862.00,823.75,823.75,823.75,867.10,,823.76,,,1029835,858525829.95,29917,F1,1,,,,,
2026-09-24,2026-09-24,CM,NSE,STK,13367,INE353H01010,SGL,EQ,,,,,STL GLOBAL LIMITED,8.93,9.82,8.88,9.81,9.82,8.93,,9.83,,,54123,523105.24,256,F1,1,,,,,
2026-09-24,2026-09-24,CM,NSE,STK,758958,INE1VXE01018,STLNETWORK,EQ,,,,,STL NETWORKS LIMITED,52.18,52.18,49.00,52.01,52.18,49.70,,52.01,,,27090526,1398568296.85,46790,F1,1,,,,,
2026-09-24,2026-09-24,CM,NSE,STK,2107,INE00IN01015,STOVEKRAFT,EQ,,,,,STOVE KRAFT LIMITED,829.10,834.50,812.50,818.35,821.80,829.10,,818.31,,,82310,67573136.55,4899,F1,1,,,,,
2026-09-24,2026-09-24,CM,NSE,STK,761091,INE1XWN01017,STRIDERS,SM,,,,,STRIDERS IMPEX LIMITED,52.80,52.80,51.20,51.20,51.20,51.35,,51.20,,,11200,585040.00,6,F1,1600,,,,,
2026-09-24,2026-09-24,CM,NSE,STK,7374,INE939A01011,STAR,EQ,,,,,STRIDES PHARMA SCI LTD,1222.20,1233.10,1199.30,1202.80,1211.10,1223.30,,1202.79,,,126615,153787465.50,13429,F1,1,,,,,
2026-09-24,2026-09-24,CM,NSE,STK,12489,INE00M201021,SWSOLAR,EQ,,,,,STRLNG & WIL REN ENE LTD,179.01,179.21,176.51,177.34,176.55,180.76,,177.34,,,656330,116712934.86,8521,F1,1,,,,,
2026-09-24,2026-09-24,CM,NSE,STK,759587,INE00Q601028,STUDDS,EQ,,,,,STUDDS ACCESSORIES LTD,414.20,418.70,406.05,412.25,410.30,415.75,,412.27,,,42948,17662663.10,2668,F1,1,,,,,
2026-09-24,2026-09-24,CM,NSE,STK,758527,INE17VO01028,STUDIOLSD,SM,,,,,STUDIO LSD LIMITED,8.80,9.05,8.80,9.05,9.05,8.80,,9.05,,,18000,160900.00,8,F1,2000,,,,,
2026-09-24,2026-09-24,CM,NSE,STK,5186,INE239C01020,STYLAMIND,EQ,,,,,STYLAM INDUSTRIES LIMITED,3355.00,3425.00,3290.90,3319.20,3355.00,3355.60,,3317.67,,,61387,205637075.10,17434,F1,1,,,,,
2026-09-24,2026-09-24,CM,NSE,STK,19,INE189B01011,STYRENIX,EQ,,,,,STYRENIX PERFORMANCE LTD,2115.60,2128.70,2080.10,2088.20,2088.50,2130.10,,2088.15,,,12894,27086132.50,2008,F1,1,,,,,
2026-09-24,2026-09-24,CM,NSE,STK,760112,INE0RYR01018,SUBAHOTELS,SM,,,,,SUBA HOTELS LIMITED,92.00,92.00,90.00,90.50,90.50,92.00,,90.50,,,9600,872940.00,8,F1,1200,,,,,
2026-09-24,2026-09-24,CM,NSE,STK,967,INE754A01055,SUBEXLTD,EQ,,,,,SUBEX LTD,21.90,22.22,20.31,20.71,20.75,22.08,,20.71,,,19515256,413020355.76,47426,F1,1,,,,,
2026-09-24,2026-09-24,CM,NSE,STK,3324,INE287B01021,SUBROS,EQ,,,,,SUBROS LIMITED,725.00,729.95,708.05,720.10,719.00,731.50,,720.09,,,27699,19924871.45,2220,F1,1,,,,,
2026-09-24,2026-09-24,CM,NSE,STK,3327,INE659A01023,SUDARSCHEM,EQ,,,,,SUDARSHAN CHEMICAL INDS L,1225.00,1248.90,1206.60,1218.00,1220.00,1236.90,,1218.00,,,114610,140961900.90,10075,F1,1,,,,,
2026-09-24,2026-09-24,CM,NSE,STK,715,INE492A01029,SUDARCOLOR,EQ,,,,,SUDARSHAN COLORNT IND LTD,399.00,399.00,381.10,382.20,382.50,390.70,,382.20,,,4473,1734091.20,367,F1,1,,,,,
2026-09-24,2026-09-24,CM,NSE,STK,760039,INE0QPI01025,SUDEEPPHRM,EQ,,,,,SUDEEP PHARMA LIMITED,1180.10,1193.00,1139.70,1143.40,1146.00,1199.60,,1143.40,,,144322,166774702.90,9129,F1,1,,,,,
2026-09-24,2026-09-24,CM,NSE,STK,11804,INE450E01029,SUKHJITS,EQ,,,,,SUKHJIT STARCH & CHEM LTD,162.55,163.41,159.00,161.13,161.99,162.58,,161.13,,,16679,2683129.95,358,F1,1,,,,,
2026-09-24,2026-09-24,CM,NSE,STK,13218,INE142Q01026,SULA,EQ,,,,,SULA VINEYARDS LIMITED,137.73,137.73,135.00,135.78,135.85,137.76,,135.79,,,147857,20084453.50,3685,F1,1,,,,,
2026-09-24,2026-09-24,CM,NSE,STK,765507,INE11Z001019,SUMAX,SM,,,,,SUMAX ENGINEERING LIMITED,107.60,118.00,107.60,108.50,109.10,106.60,,108.50,,,178800,20080740.00,140,F1,1200,,,,,
2026-09-24,2026-09-24,CM,NSE,STK,765175,INE886B01012,SUMEDHA,EQ,,,,,SUMEDHA FISCAL SERVICES L,43.50,43.50,43.50,43.50,43.50,44.08,,44.09,,,602,26187.00,5,F1,1,,,,,
2026-09-24,2026-09-24,CM,NSE,STK,20790,INE235C01036,SUMEETINDS,EQ,,,,,SUMEET IND LIMITED,11.60,11.60,11.60,11.60,11.60,11.05,,11.60,,,332514,3857162.40,116,F1,1,,,,,
2026-09-24,2026-09-24,CM,NSE,STK,11140,INE748Z01013,SUMIT,EQ,,,,,SUMIT WOODS LIMITED,50.26,50.26,48.36,49.59,49.00,49.91,,49.59,,,4190,207421.10,81,F1,1,,,,,
2026-09-24,2026-09-24,CM,NSE,STK,17105,INE258G01013,SUMICHEM,EQ,,,,,SUMITOMO CHEM INDIA LTD,458.00,462.20,447.10,449.70,452.00,464.20,,449.72,,,200137,90760992.40,9417,F1,1,,,,,
2026-09-24,2026-09-24,CM,NSE,STK,21275,INE519C01017,SUMMITSEC,EQ,,,,,SUMMIT SECURITIES LTD,1395.00,1395.00,1380.00,1383.20,1382.50,1403.70,,1383.20,,,2653,3676800.80,346,F1,1,,,,,
2026-09-24,2026-09-24,CM,NSE,STK,14788,INE232I01014,SPARC,EQ,,,,,SUN PHARMA ADV.RES.CO.LTD,205.28,206.78,200.32,203.98,204.00,205.65,,203.97,,,907336,184488445.50,18375,F1,1,,,,,
2026-09-24,2026-09-24,CM,NSE,STK,3351,INE044A01036,SUNPHARMA,EQ,,,,,SUN PHARMACEUTICAL IND L,1859.00,1880.00,1848.40,1849.90,1849.90,1865.00,,1850.02,,,1742885,3239127000.20,79309,F1,1,,,,,
2026-09-24,2026-09-24,CM,NSE,STK,13404,INE424H01027,SUNTV,EQ,,,,,SUN TV NETWORK LIMITED,485.00,522.00,483.00,512.70,511.35,490.20,,512.69,,,3364719,1728125606.20,79456,F1,1,,,,,
2026-09-24,2026-09-24,CM,NSE,STK,20956,INE0Q3R01026,SUNCLAY,EQ,,,,,SUNDARAM CLAYTON LIMITED,1254.00,1269.80,1231.00,1249.40,1240.10,1253.90,,1249.40,,,4263,5307766.00,380,F1,1,,,,,
2026-09-24,2026-09-24,CM,NSE,STK,3339,INE660A01013,SUNDARMFIN,EQ,,,,,SUNDARAM FINANCE LTD,4664.90,4674.00,4550.00,4592.00,4560.00,4654.90,,4592.10,,,40423,185230021.80,8229,F1,1,,,,,
2026-09-24,2026-09-24,CM,NSE,STK,18931,INE108E01023,SUNDARAM,EQ,,,,,SUNDARAM MULTI PAP LTD,1.19,1.19,1.02,1.16,1.16,1.17,,1.16,,,872800,1007878.46,366,F1,1,,,,,
2026-09-24,2026-09-24,CM,NSE,STK,9848,INE073D01013,SUNDRMBRAK,BE,,,,,SUNDARAMBRAKE LININGS LTD,679.90,695.85,671.60,693.55,686.10,676.55,,702.13,,,782,534894.30,45,F1,1,,,,,
2026-09-24,2026-09-24,CM,NSE,STK,3345,INE387A01021,SUNDRMFAST,EQ,,,,,SUNDRAM FASTENERS LTD,1170.00,1203.70,1166.00,1172.30,1170.40,1185.40,,1172.20,,,153739,181937764.90,17238,F1,1,,,,,
2026-09-24,2026-09-24,CM,NSE,STK,761202,INE0CTB01014,SOCL,SM,,,,,SUNDREX OIL COMPANY LTD,26.80,28.90,26.80,28.60,28.90,28.20,,28.60,,,75200,2136320.00,11,F1,1600,,,,,
2026-09-24,2026-09-24,CM,NSE,STK,1663,INE209A01019,SUNDROP,EQ,,,,,SUNDROP BRANDS LIMITED,746.55,765.00,740.00,756.20,750.00,744.30,,756.29,,,27010,20337007.90,1273,F1,1,,,,,
2026-09-24,2026-09-24,CM,NSE,STK,3348,INE947A01014,SUNFLAG,EQ,,,,,SUNFLAG IRON AND STEEL CO,395.00,408.90,390.20,396.80,396.00,390.55,,396.79,,,1545083,616715300.50,34913,F1,1,,,,,
2026-09-24,2026-09-24,CM,NSE,STK,18264,INE0O3O01017,SEL,SM,,,,,SUNGARNER ENERGIES LTD,336.25,371.30,336.20,356.35,371.30,353.75,,356.35,,,1800,633390.00,9,F1,200,,,,,
2026-09-24,2026-09-24,CM,NSE,STK,765180,INE671C01016,SUNLOC,EQ,,,,,SUNIL HEALTHCARE LTD.,75.70,75.70,71.64,72.00,72.00,75.80,,70.22,,,290,21116.90,25,F1,1,,,,,
2026-09-24,2026-09-24,CM,NSE,STK,24868,INE0U2N01013,SUNLITE,SM,,,,,SUNLITE RECYCLING IND LTD,618.00,625.00,596.05,608.75,605.05,613.95,,608.75,,,28200,17309355.00,76,F1,300,,,,,
2026-09-24,2026-09-24,CM,NSE,STK,764925,INE671K01027,SUNRAKSHAK,EQ,,,,,SUNRAKSHAKK INDUS IND L,367.50,371.70,357.05,367.75,370.00,366.60,,367.55,,,7604,2768292.50,303,F1,1,,,,,
2026-09-24,2026-09-24,CM,NSE,STK,20213,INE0PLZ01012,SUNREST,SM,,,,,SUNREST LIFESCIENCE LTD,38.40,39.90,38.40,39.90,39.90,38.45,,39.90,,,12800,502160.00,7,F1,1600,,,,,
2026-09-24,2026-09-24,CM,NSE,STK,764930,INE199E01014,SUNSHIEL,EQ,,,,,SUNSHIELD CHEMICALS LTD.,1160.00,1188.90,1145.00,1149.80,1147.60,1164.30,,1149.93,,,2612,3023160.40,340,F1,1,,,,,
2026-09-24,2026-09-24,CM,NSE,STK,765387,INE1B3O01011,SUNSHINE,EQ,,,,,SUNSHINE PICTURES LIMITED,442.00,446.45,432.60,436.90,435.15,441.45,,436.88,,,382361,167899211.20,4791,F1,1,,,,,
2026-09-24,2026-09-24,CM,NSE,STK,757763,INE0SGZ01016,SUNTECH,SM,,,,,SUNTECH INFRA SOLUTIONS L,37.90,38.75,37.40,38.50,38.50,37.90,,38.50,,,11200,427280.00,7,F1,1600,,,,,
2026-09-24,2026-09-24,CM,NSE,STK,17641,INE805D01034,SUNTECK,EQ,,,,,SUNTECK REALTY LIMITED,288.95,289.80,283.05,284.05,284.35,290.10,,284.05,,,79719,22808234.55,2874,F1,1,,,,,
2026-09-24,2026-09-24,CM,NSE,STK,8931,INE662A01027,SUPERSPIN,BE,,,,,SUPER SPINNING MILLS LTD,7.72,7.72,7.32,7.65,7.65,7.57,,7.60,,,4558,34594.86,23,F1,1,,,,,
2026-09-24,2026-09-24,CM,NSE,STK,764938,INE460D01038,SUPTANERY,BE,,,,,SUPER TANNERY LTD.,11.14,11.18,10.12,10.12,10.12,10.65,,10.12,,,258938,2692617.33,644,F1,1,,,,,
2026-09-24,2026-09-24,CM,NSE,STK,20616,INE712B01010,SUPERHOUSE,EQ,,,,,SUPERHOUSE LIMITED,170.00,170.00,164.00,165.45,165.10,168.47,,165.45,,,3063,508508.13,118,F1,1,,,,,
2026-09-24,2026-09-24,CM,NSE,STK,3147,INE843L01012,SIEL,EQ,,,,,SUPERIOR INDUSTRIAL ENT L,30.48,30.48,29.05,29.05,29.05,30.48,,30.19,,,54,1595.49,3,F1,1,,,,,
2026-09-24,2026-09-24,CM,NSE,STK,11689,INE399C01030,SUPRAJIT,EQ,,,,,SUPRAJIT ENGINEERING LTD,480.00,494.40,480.00,486.65,492.85,485.05,,486.89,,,61664,29923745.60,4383,F1,1,,,,,
2026-09-24,2026-09-24,CM,NSE,STK,758997,INE319Z01021,SUPREMEENG,BZ,,,,,SUPREME ENGINEERING LTD,3.86,3.86,3.86,3.86,3.86,3.79,,3.86,,,190666,735970.76,101,F1,1,,,,,
2026-09-24,2026-09-24,CM,NSE,STK,28069,INE0U6N01014,SFML,SM,,,,,SUPREME FACILITY MGMT LTD,20.75,21.00,20.55,20.90,21.00,20.80,,20.90,,,6400,132960.00,4,F1,1600,,,,,
2026-09-24,2026-09-24,CM,NSE,STK,29439,INE822E01011,SUPREME,EQ,,,,,SUPREME HOLDIN N HOSP I L,32.12,32.39,30.90,31.29,31.99,31.97,,31.29,,,11722,370266.21,164,F1,1,,,,,
2026-09-24,2026-09-24,CM,NSE,STK,3363,INE195A01028,SUPREMEIND,EQ,,,,,SUPREME INDUSTRIES LTD,3472.60,3495.30,3429.00,3434.00,3434.00,3497.10,,3434.00,,,64745,223953689.20,11683,F1,1,,,,,
2026-09-24,2026-09-24,CM,NSE,STK,15002,INE550H01011,SUPREMEINF,EQ,,,,,SUPREME INFRA. LTD.,81.00,82.79,79.80,80.39,79.82,81.00,,80.39,,,11926,959497.60,184,F1,1,,,,,
2026-09-24,2026-09-24,CM,NSE,STK,9617,INE663A01033,SPLPETRO,EQ,,,,,SUPREME PETROCHEM LIMITED,880.00,887.95,870.10,879.90,882.25,882.20,,879.84,,,148875,130939423.55,14130,F1,1,,,,,
2026-09-24,2026-09-24,CM,NSE,STK,21067,INE0QHG01026,SUPREMEPWR,SM,,,,,SUPREME POWER EQUIPMENT L,205.35,208.00,201.40,202.60,203.80,205.35,,202.60,,,53000,10801425.00,95,F1,500,,,,,
2026-09-24,2026-09-24,CM,NSE,STK,7390,INE07RO01027,SUPRIYA,EQ,,,,,SUPRIYA LIFESCIENCE LTD,998.60,1009.70,955.05,961.75,962.00,1000.90,,961.80,,,246987,242084003.95,14963,F1,1,,,,,
2026-09-24,2026-09-24,CM,NSE,STK,20822,INE843S01025,SURAJEST,EQ,,,,,SURAJ ESTATE DEVELOPERS L,220.41,228.60,214.10,219.42,221.98,220.41,,219.45,,,345285,76955553.70,5914,F1,1,,,,,
2026-09-24,2026-09-24,CM,NSE,STK,24966,INE713C01016,SURAJLTD,EQ,,,,,SURAJ LIMITED,204.89,204.89,199.00,200.50,202.00,197.01,,200.26,,,154,31502.40,11,F1,1,,,,,
2026-09-24,2026-09-24,CM,NSE,STK,27334,INE877V01027,SURAKSHA,EQ,,,,,SURAKSHA DIAGNOSTIC LTD,350.00,357.95,348.00,356.00,356.00,355.35,,355.96,,,61147,21683681.00,2562,F1,1,,,,,
2026-09-24,2026-09-24,CM,NSE,STK,21077,INE272L01022,SURANASOL,EQ,,,,,SURANA SOLAR LIMITED,25.51,25.85,25.43,25.65,25.77,25.86,,25.65,,,13041,333962.53,290,F1,1,,,,,
2026-09-24,2026-09-24,CM,NSE,STK,10700,INE130B01031,SURANAT&P,EQ,,,,,SURANA TELECOM AND POW LT,16.29,16.29,15.86,15.89,15.90,16.04,,15.89,,,86919,1381224.27,429,F1,1,,,,,
2026-09-24,2026-09-24,CM,NSE,STK,8513,INE01ZJ01015,SURANI,SM,,,,,SURANI STEEL TUBES LTD.,92.00,99.80,90.15,93.00,93.00,96.05,,93.00,,,8000,743780.00,25,F1,200,,,,,
2026-09-24,2026-09-24,CM,NSE,STK,14139,INE05ST01028,SBGLP,EQ,,,,,SURATWWALA BUS GROUP LTD,23.64,25.45,22.10,22.89,23.30,24.31,,22.92,,,202878,4772579.11,1163,F1,1,,,,,
2026-09-24,2026-09-24,CM,NSE,STK,3375,INE335A01020,SURYAROSNI,EQ,,,,,SURYA ROSHNI LTD,212.20,219.90,212.20,217.50,218.01,214.64,,217.51,,,386944,83400915.90,6860,F1,1,,,,,
2026-09-24,2026-09-24,CM,NSE,STK,11852,INE713B01026,SURYALAXMI,EQ,,,,,SURYALAKSHMI COT MIL LTD,58.00,59.39,56.50,57.50,57.50,58.82,,57.50,,,4529,262372.53,128,F1,1,,,,,
2026-09-24,2026-09-24,CM,NSE,STK,762924,INE132C01027,SURYALA,EQ,,,,,SURYALATA SPINNING MILL L,390.05,390.05,385.15,390.05,390.05,400.05,,390.05,,,2631,1024318.30,26,F1,1,,,,,
2026-09-24,2026-09-24,CM,NSE,STK,2970,INE428Q01011,SURYODAY,EQ,,,,,SURYODAY SMALL FIN BK LTD,149.64,149.64,143.09,145.34,144.84,149.30,,145.29,,,398726,57843993.73,5972,F1,1,,,,,
2026-09-24,2026-09-24,CM,NSE,STK,13804,INE645H01027,SUTLEJTEX,BE,,,,,SUTLEJ TEXT & INDUS LTD,38.50,38.79,37.52,38.00,38.00,38.95,,38.00,,,14630,557735.37,76,F1,1,,,,,
2026-09-24,2026-09-24,CM,NSE,STK,11233,INE495B01038,SUVEN,EQ,,,,,SUVEN LIFE SCIENCES LTD,338.50,339.15,333.00,335.05,333.00,341.85,,335.06,,,211218,70962793.80,5596,F1,1,,,,,
2026-09-24,2026-09-24,CM,NSE,STK,2998,INE018401013,SUVIDHAA,EQ,,,,,SUVIDHAA INFOSERVE LTD,2.18,2.25,2.16,2.21,2.24,2.19,,2.22,,,116093,258273.19,187,F1,1,,,,,
2026-09-24,2026-09-24,CM,NSE,STK,24851,INE442P01014,SUYOG,EQ,,,,,SUYOG TELEMATICS LIMITED,680.00,680.05,656.00,660.15,669.95,671.55,,660.11,,,9010,5998458.35,804,F1,1,,,,,
2026-09-24,2026-09-24,CM,NSE,STK,12018,INE040H01021,SUZLON,EQ,,,,,SUZLON ENERGY LIMITED,42.12,42.24,40.55,40.74,40.74,42.39,,40.74,,,131241030,5389118873.57,192643,F1,1,,,,,
2026-09-24,2026-09-24,CM,NSE,STK,5020,INE308E01029,SVPGLOB,EQ,,,,,SVP GLOBAL TEXTILES LTD,3.48,3.48,3.26,3.28,3.35,3.35,,3.35,,,9421,31176.32,71,F1,1,,,,,
2026-09-24,2026-09-24,CM,NSE,STK,27095,INE665A01038,SWANCORP,EQ,,,,,SWAN CORP LIMITED,297.70,299.65,293.40,294.70,295.50,300.05,,294.70,,,628548,185862067.15,11072,F1,1,,,,,
2026-09-24,2026-09-24,CM,NSE,STK,29164,INE542F01020,SWANDEF,BE,,,,,SWAN DEFENCE N HEVY IND L,2763.50,2790.00,2637.40,2716.60,2715.00,2776.20,,2714.83,,,15105,41565171.30,1350,F1,1,,,,,
2026-09-24,2026-09-24,CM,NSE,STK,3384,INE277A01016,SWARAJENG,EQ,,,,,SWARAJ ENGINES LTD,3558.70,3565.60,3528.00,3548.60,3555.00,3559.30,,3548.59,,,7958,28218022.00,2335,F1,1,,,,,
2026-09-24,2026-09-24,CM,NSE,STK,764496,INE0GMR01016,SWARAJ,BE,,,,,SWARAJ SUITING LIMITED,322.50,322.50,308.10,322.50,322.50,307.15,,327.03,,,115951,37357985.95,122,F1,1,,,,,
2026-09-24,2026-09-24,CM,NSE,STK,765185,INE967A01012,SWARNSAR,EQ,,,,,SWARNSARITA JEWELS IND L,42.04,44.15,41.00,42.04,43.00,42.04,,42.02,,,45191,1918470.28,290,F1,1,,,,,
2026-09-24,2026-09-24,CM,NSE,STK,11909,INE409B01013,SWELECTES,EQ,,,,,SWELECT ENERGY SYS LTD,575.90,587.00,555.00,561.65,563.00,581.85,,561.55,,,15162,8662470.00,846,F1,1,,,,,
2026-09-24,2026-09-24,CM,NSE,STK,27066,INE00H001014,SWIGGY,EQ,,,,,SWIGGY LIMITED,275.70,276.60,265.60,267.45,267.45,278.50,,267.48,,,15664085,4255660177.75,103638,F1,1,,,,,
2026-09-24,2026-09-24,CM,NSE,STK,765193,INE010C01025,SWISSMLTRY,BE,,,,,SWISS MILITARY CON GOOD L,14.40,14.45,13.90,14.06,14.03,14.03,,14.13,,,90007,1273319.74,336,F1,1,,,,,
2026-09-24,2026-09-24,CM,NSE,STK,765485,INE899I01028,SYMBIOTEC,EQ,,,,,SYMBIOTEC PHARMALAB LTD,1061.05,1078.20,1015.10,1024.05,1020.10,1062.00,,1024.17,,,546818,568236368.85,33632,F1,1,,,,,
2026-09-24,2026-09-24,CM,NSE,STK,24190,INE225D01027,SYMPHONY,EQ,,,,,SYMPHONY LIMITED,584.25,589.10,570.00,576.70,575.05,592.60,,576.73,,,57959,33662433.70,3196,F1,1,,,,,
2026-09-24,2026-09-24,CM,NSE,STK,11992,INE312C01025,SYNCOMF,EQ,,,,,SYNCOM FORMU (I) LTD,20.01,20.75,19.80,20.03,19.96,20.01,,20.04,,,12034163,243252524.45,25964,F1,1,,,,,
2026-09-24,2026-09-24,CM,NSE,STK,5114,INE00QT01015,SGIL,EQ,,,,,SYNERGY GREEN IND. LTD,664.40,666.35,633.35,646.60,646.80,668.50,,646.21,,,11360,7386074.30,891,F1,1,,,,,
2026-09-24,2026-09-24,CM,NSE,STK,10243,INE398R01022,SYNGENE,EQ,,,,,SYNGENE INTERNATIONAL LTD,380.00,384.90,378.10,380.35,380.00,381.85,,380.35,,,230354,87836378.35,11706,F1,1,,,,,
2026-09-24,2026-09-24,CM,NSE,STK,17206,INE0BTR01012,SYNOPTICS,ST,,,,,SYNOPTICS TECHNOLOGIES L,47.00,47.10,47.00,47.10,47.10,44.90,,47.10,,,1800,84720.00,3,F1,600,,,,,
2026-09-24,2026-09-24,CM,NSE,STK,10793,INE0DYJ01015,SYRMA,EQ,,,,,SYRMA SGS TECHNOLOGY LTD,1699.90,1737.20,1686.10,1698.60,1707.00,1719.40,,1698.31,,,841054,1437911796.80,41796,F1,1,,,,,
2026-09-24,2026-09-24,CM,NSE,STK,14506,INE0O7R01011,SYSTANGO,SM,,,,,SYSTANGO TECHNOLOGIES LTD,223.70,230.00,223.70,224.65,224.00,221.10,,224.65,,,22000,4976660.00,54,F1,400,,,,,
2026-09-24,2026-09-24,CM,NSE,STK,759358,INE356B01024,SYSTMTXC,BE,,,,,SYSTEMATIX CORP SERVICE L,78.00,79.05,78.00,79.05,79.05,77.50,,79.00,,,10602,831455.25,60,F1,1,,,,,
2026-09-24,2026-09-24,CM,NSE,STK,764955,INE284B01028,TGVSL,EQ,,,,,T G V SRAAC LTD.,108.55,111.90,107.54,109.31,110.00,108.55,,109.32,,,488751,53853622.89,4601,F1,1,,,,,
2026-09-24,2026-09-24,CM,NSE,STK,14314,INE592B01024,TTL,EQ,,,,,T T LIMITED,7.20,7.50,7.11,7.25,7.34,7.26,,7.25,,,591416,4300126.03,606,F1,1,,,,,
2026-09-24,2026-09-24,CM,NSE,STK,762929,INE524T01029,TAALTECH,EQ,,,,,TAAL TECH LTD.,1082.10,1122.80,1022.50,1050.50,1022.50,1094.80,,1050.41,,,60717,65354372.80,6459,F1,1,,,,,
2026-09-24,2026-09-24,CM,NSE,STK,23441,INE0SOY01013,TAC,ST,,,,,TAC INFOSEC LIMITED,484.00,488.00,469.50,469.50,469.50,494.20,,469.50,,,28200,13448680.00,119,F1,200,,,,,
2026-09-24,2026-09-24,CM,NSE,STK,3396,INE123C01018,TAINWALCHM,EQ,,,,,TAINWALA CHEMICAL AND PLA,217.00,219.70,212.15,216.79,214.00,214.31,,216.79,,,3740,810273.04,74,F1,1,,,,,
2026-09-24,2026-09-24,CM,NSE,STK,9354,INE586B01026,TAJGVK,EQ,,,,,TAJ GVK HOTELS & RESORTS,329.00,329.05,321.65,323.20,322.45,329.90,,323.20,,,48019,15598747.00,1990,F1,1,,,,,
2026-09-24,2026-09-24,CM,NSE,STK,14917,INE142I01023,TAKE,EQ,,,,,TAKE LIMITED,15.98,15.98,15.15,15.40,15.48,15.86,,15.40,,,136493,2110648.68,516,F1,1,,,,,
2026-09-24,2026-09-24,CM,NSE,STK,13648,INE187D01029,TALBROAUTO,EQ,,,,,TALBROS AUTO. COMP. LTD,460.00,483.20,456.30,466.00,468.90,466.90,,465.98,,,265580,124181217.35,9849,F1,1,,,,,
2026-09-24,2026-09-24,CM,NSE,STK,762937,INE864J01012,TAMBOLIIN,BE,,,,,TAMBOLI INDUSTRIES LTD.,282.10,300.00,282.10,294.95,294.95,296.60,,294.95,,,4551,1320427.95,42,F1,1,,,,,
2026-09-24,2026-09-24,CM,NSE,STK,10945,INE668A01016,TMB,EQ,,,,,TAMILNAD MERCA BANK LTD,920.00,920.00,891.50,893.55,902.50,921.40,,893.50,,,167289,150873704.15,13849,F1,1,,,,,
2026-09-24,2026-09-24,CM,NSE,STK,3980,INE107A01015,TNPL,EQ,,,,,TAMILNADU NEWSPRT & PAPER,142.70,151.40,142.50,148.94,151.34,144.37,,149.02,,,403094,59176910.94,5258,F1,1,,,,,
2026-09-24,2026-09-24,CM,NSE,STK,3509,INE148A01019,TNPETRO,EQ,,,,,TAMILNADU PETROPRODUCTS L,129.00,133.49,125.50,126.98,126.37,128.98,,126.98,,,863308,111839220.97,12293,F1,1,,,,,
2026-09-24,2026-09-24,CM,NSE,STK,3512,INE141D01018,TNTELE,EQ,,,,,TAMILNADU TELECOMMUNICATI,9.15,9.48,8.52,9.31,9.40,9.06,,9.31,,,75331,685227.75,347,F1,1,,,,,
2026-09-24,2026-09-24,CM,NSE,STK,764945,INE692C01020,TANAA,EQ,,,,,TANEJA AEROSPACE & AVIA L,349.50,349.60,314.25,331.80,330.05,352.45,,331.23,,,97808,32649461.40,3430,F1,1,,,,,
2026-09-24,2026-09-24,CM,NSE,STK,756338,INE0Z7N01017,TANKUP,ST,,,,,TANKUP ENGINEERS LIMITED,1620.00,1620.00,1619.95,1619.95,1619.95,1614.00,,1619.95,,,1000,1619962.50,3,F1,250,,,,,
2026-09-24,2026-09-24,CM,NSE,STK,13976,INE483C01032,TANLA,EQ,,,,,TANLA PLATFORMS LIMITED,496.55,496.55,486.50,489.60,491.00,500.40,,489.59,,,213003,104531747.75,8718,F1,1,,,,,
2026-09-24,2026-09-24,CM,NSE,STK,10986,INE0M7001010,TAPIFRUIT,SM,,,,,TAPI FRUIT PROCESSING LTD,43.35,43.50,43.35,43.50,43.50,44.25,,43.50,,,2250,97762.50,3,F1,750,,,,,
2026-09-24,2026-09-24,CM,NSE,STK,23512,INE555Z01020,TARACHAND,EQ,,,,,TARA CHAND INFRA SOLN LTD,45.50,47.15,45.43,46.11,46.45,45.97,,46.11,,,65029,2987903.66,542,F1,1,,,,,
2026-09-24,2026-09-24,CM,NSE,STK,18827,INE747K01017,TARAPUR,EQ,,,,,TARAPUR TRANSFORMERS LTD,12.14,12.24,11.85,12.22,12.24,12.16,,12.22,,,21986,267821.34,138,F1,1,,,,,
2026-09-24,2026-09-24,CM,NSE,STK,1581,INE0EK901012,TARC,EQ,,,,,TARC LIMITED,128.00,129.90,127.01,129.35,129.51,129.65,,129.35,,,300094,38602925.30,4427,F1,1,,,,,
2026-09-24,2026-09-24,CM,NSE,STK,14771,INE924H01018,TARMAT,EQ,,,,,TARMAT LIMITED,54.11,54.99,53.89,54.05,54.01,54.73,,54.04,,,6404,347651.81,242,F1,1,,,,,
2026-09-24,2026-09-24,CM,NSE,STK,6943,INE144Z01023,TARSONS,EQ,,,,,TARSONS PRODUCTS LIMITED,336.85,339.85,330.35,335.45,335.95,335.45,,335.45,,,102908,34593534.70,3224,F1,1,,,,,
2026-09-24,2026-09-24,CM,NSE,STK,20092,INE488B01017,TASTYBITE,EQ,,,,,TASTY BITE EATABLES LTD,10161.00,10324.00,9866.00,9903.00,9882.00,10180.00,,9903.32,,,2802,28424184.00,1003,F1,1,,,,,
2026-09-24,2026-09-24,CM,NSE,STK,759265,INE976I01016,TATACAP,EQ,,,,,TATA CAPITAL LIMITED,347.80,347.80,333.00,336.25,336.15,350.05,,336.26,,,2156796,729321421.15,49775,F1,1,,,,,
2026-09-24,2026-09-24,CM,NSE,STK,3405,INE092A01019,TATACHEM,EQ,,,,,TATA CHEMICALS LTD,669.90,670.00,649.95,652.20,650.00,669.90,,652.19,,,765531,505141956.70,21748,F1,1,,,,,
2026-09-24,2026-09-24,CM,NSE,STK,3721,INE151A01013,TATACOMM,EQ,,,,,TATA COMMUNICATIONS LTD,1696.00,1701.00,1666.60,1670.00,1670.00,1700.60,,1670.04,,,111964,189050483.20,8714,F1,1,,,,,
2026-09-24,2026-09-24,CM,NSE,STK,11536,INE467B01029,TCS,EQ,,,,,TATA CONSULTANCY SERV LT,2076.00,2096.90,2067.10,2087.00,2087.00,2089.60,,2086.61,,,1760662,3667760430.70,82859,F1,1,,,,,
2026-09-24,2026-09-24,CM,NSE,STK,3432,INE192A01025,TATACONSUM,EQ,,,,,TATA CONSUMER PRODUCT LTD,989.00,992.00,983.00,986.30,986.30,994.30,,986.30,,,1002889,989484321.60,47254,F1,1,,,,,
2026-09-24,2026-09-24,CM,NSE,STK,3411,INE670A01012,TATAELXSI,EQ,,,,,TATA ELXSI LIMITED,3212.00,3235.00,3169.00,3183.80,3183.80,3212.00,,3183.80,,,220867,706415278.80,26471,F1,1,,,,,
2026-09-24,2026-09-24,CM,NSE,STK,1621,INE672A01026,TATAINVEST,EQ,,,,,TATA INVESTMENT CORP LTD,671.00,672.15,655.70,658.35,660.95,674.30,,658.33,,,325712,215922888.95,14729,F1,1,,,,,
2026-09-24,2026-09-24,CM,NSE,STK,759782,INE1TAE01010,TMCV,EQ,,,,,TATA MOTORS LIMITED,447.35,456.05,431.55,437.15,437.60,450.20,,437.15,,,4805833,2130579564.80,98415,F1,1,,,,,
2026-09-24,2026-09-24,CM,NSE,STK,3456,INE155A01022,TMPV,EQ,,,,,TATA MOTORS PASS VEH LTD,299.80,300.95,295.00,295.00,295.00,300.50,,295.02,,,9126313,2723748538.85,108949,F1,1,,,,,
2026-09-24,2026-09-24,CM,NSE,STK,3426,INE245A01021,TATAPOWER,EQ,,,,,TATA POWER CO LTD,366.50,367.50,362.95,363.45,363.45,369.00,,363.46,,,2708315,990367864.15,31290,F1,1,,,,,
2026-09-24,2026-09-24,CM,NSE,STK,3499,INE081A01020,TATASTEEL,EQ,,,,,TATA STEEL LIMITED,188.21,191.80,187.72,188.02,188.02,190.82,,188.04,,,15701549,2973355044.33,105599,F1,1,,,,,
2026-09-24,2026-09-24,CM,NSE,STK,20293,INE142M01025,TATATECH,EQ,,,,,TATA TECHNOLOGIES LIMITED,716.45,732.65,712.25,717.75,717.00,716.45,,717.76,,,1085643,786615428.55,53714,F1,1,,,,,
2026-09-24,2026-09-24,CM,NSE,STK,8954,INE517B01013,TTML,EQ,,,,,TATA TELESERV(MAHARASTRA),35.48,35.50,34.90,35.02,35.10,35.63,,35.02,,,976514,34287889.06,5470,F1,1,,,,,
2026-09-24,2026-09-24,CM,NSE,STK,7838,INF277K015R5,NETF,EQ,,,,,TATAAML - NETF,248.79,255.99,248.79,255.10,255.99,255.17,,256.95,,,3310,840626.03,153,F1,1,,,,,
2026-09-24,2026-09-24,CM,NSE,STK,12978,INF277K010X4,NPBET,EQ,,,,,TATAAML - NPBET,276.90,280.37,276.90,278.70,278.70,284.00,,278.70,,,1961,546617.54,45,F1,1,,,,,
2026-09-24,2026-09-24,CM,NSE,STK,8882,INF277KA1364,TNIDETF,EQ,,,,,TATAAML - TNIDETF,89.79,89.79,85.71,86.30,85.89,88.80,,86.30,,,110546,9552345.95,1079,F1,1,,,,,
2026-09-24,2026-09-24,CM,NSE,STK,21401,INF277KA1976,TATAGOLD,EQ,,,,,TATAAML-TATAGOLD,14.61,14.61,14.51,14.52,14.52,14.67,,14.52,,,35682468,519576508.75,60859,F1,1,,,,,
2026-09-24,2026-09-24,CM,NSE,STK,21428,INF277KA1984,TATSILV,EQ,,,,,TATAAML-TATSILV,22.10,22.18,21.89,21.92,21.95,22.37,,21.92,,,42029593,926069810.83,49706,F1,1,,,,,
2026-09-24,2026-09-24,CM,NSE,STK,5162,INE0GK401011,TATVA,EQ,,,,,TATVA CHIN PHARM CHEM LTD,1778.00,1798.80,1717.30,1728.60,1746.00,1778.10,,1728.66,,,51972,91085381.90,6540,F1,1,,,,,
2026-09-24,2026-09-24,CM,NSE,STK,759759,INE0XWS01018,TAURIAN,ST,,,,,TAURIAN MPS LIMITED,597.85,611.10,578.05,608.40,609.00,582.00,,608.40,,,54400,32691520.00,65,F1,800,,,,,
2026-09-24,2026-09-24,CM,NSE,STK,11754,INE053F07835,753IRFC30,NJ,,,,,TAX FREE  7.53% SR. 103 A,1140.01,1140.50,1140.01,1140.50,1140.50,1140.00,,1140.50,,,532,606658.17,7,F1,1,,,,,
2026-09-24,2026-09-24,CM,NSE,STK,15168,INE053F07900,764IRFC31,NO,,,,,TAX FREE  7.64% SR. 108A,1153.00,1154.99,1152.10,1154.99,1154.99,1152.50,,1154.99,,,860,990896.00,5,F1,1,,,,,
2026-09-24,2026-09-24,CM,NSE,STK,14529,INE906B07EP5,769NHAI31,NE,,,,,TAX FREE 7.69% SR. IIB,1088.00,1088.00,1086.00,1086.90,1086.90,1085.44,,1086.90,,,31,33687.90,8,F1,1,,,,,
2026-09-24,2026-09-24,CM,NSE,STK,11757,INE053F07843,750IRFC35,NK,,,,,TAX FREE7.50% SR.104 A,1220.20,1220.20,1216.10,1220.00,1220.00,1233.99,,1220.00,,,739,900087.70,8,F1,1,,,,,
2026-09-24,2026-09-24,CM,NSE,STK,12003,INE906B07EJ8,76NHAI31,NA,,,,,TAX FREE7.60% SR.IIB,1119.73,1120.00,1110.00,1111.06,1112.00,1119.73,,1111.06,,,3665,4076188.03,43,F1,1,,,,,
2026-09-24,2026-09-24,CM,NSE,STK,24019,INE0N2D01013,TBI,SM,,,,,TBI CORN LIMITED,74.00,75.75,71.25,74.70,75.40,74.00,,74.70,,,14400,1057380.00,24,F1,600,,,,,
2026-09-24,2026-09-24,CM,NSE,STK,23740,INE673O01025,TBOTEK,EQ,,,,,TBO TEK LIMITED,1704.50,1715.50,1681.10,1687.20,1689.00,1704.50,,1687.23,,,189060,321537240.30,10682,F1,1,,,,,
2026-09-24,2026-09-24,CM,NSE,STK,761814,INE887D01024,TCC,EQ,,,,,TCC CONCEPT LIMITED,53.30,53.79,51.00,51.63,52.50,53.89,,51.64,,,569671,29851180.29,4750,F1,1,,,,,
2026-09-24,2026-09-24,CM,NSE,STK,19223,INE586V01016,TCIEXP,EQ,,,,,TCI EXPRESS LIMITED,505.75,513.60,490.00,492.75,495.00,505.60,,492.93,,,13017,6474871.90,1350,F1,1,,,,,
2026-09-24,2026-09-24,CM,NSE,STK,4771,INE911B01018,TCIFINANCE,EQ,,,,,TCI FINANCE LTD,15.12,15.29,14.73,14.86,14.87,15.19,,14.85,,,8216,122334.68,96,F1,1,,,,,
2026-09-24,2026-09-24,CM,NSE,STK,184,INE822C01015,TCPLPACK,EQ,,,,,TCPL PACKAGING LIMITED,4009.90,4138.80,3951.30,4058.80,4065.90,4003.00,,4058.62,,,11836,48292499.40,2636,F1,1,,,,,
2026-09-24,2026-09-24,CM,NSE,STK,25178,INE419M01035,TDPOWERSYS,EQ,,,,,TD POWER SYSTEMS LTD.,758.00,765.40,738.15,742.00,747.85,765.50,,741.98,,,1289189,968177392.00,44265,F1,1,,,,,
2026-09-24,2026-09-24,CM,NSE,STK,10717,INE289C01025,TEAMGTY,EQ,,,,,TEAM INDIA GUARANTY LTD,239.96,242.95,235.01,241.71,241.98,239.95,,241.71,,,75,18033.33,12,F1,1,,,,,
2026-09-24,2026-09-24,CM,NSE,STK,12716,INE985S01024,TEAMLEASE,EQ,,,,,TEAMLEASE SERVICES LTD.,1201.90,1215.90,1183.10,1192.00,1201.00,1196.00,,1192.02,,,11262,13479775.40,4361,F1,1,,,,,
2026-09-24,2026-09-24,CM,NSE,STK,17000,INE065J01024,TPHQ,BE,,,,,TEAMO PRODUCTIONS HQ LTD,0.52,0.53,0.50,0.51,0.52,0.52,,0.51,,,1834710,941066.72,332,F1,1,,,,,
2026-09-24,2026-09-24,CM,NSE,STK,763571,INE2OL601013,TEAMTECH,ST,,,,,TEAMTECH FORMWORK SOL LTD,137.90,139.45,136.75,138.35,138.35,136.00,,138.35,,,26000,3584100.00,13,F1,2000,,,,,
2026-09-24,2026-09-24,CM,NSE,STK,13538,INE669C01036,TECHM,EQ,,,,,TECH MAHINDRA LIMITED,1549.90,1576.20,1543.00,1543.00,1543.00,1557.00,,1543.07,,,1707105,2657833241.60,48979,F1,1,,,,,
2026-09-24,2026-09-24,CM,NSE,STK,759138,INE0Y5H01014,TECHD,SM,,,,,TECHD CYBERSECURITY LTD,562.00,571.70,550.40,558.00,558.95,565.00,,558.00,,,15600,8777640.00,47,F1,300,,,,,
2026-09-24,2026-09-24,CM,NSE,STK,25652,INE0JQS01019,TECHERA,SM,,,,,TECHERA ENGINEER (IND) L,158.50,158.50,150.80,152.35,152.25,158.70,,152.35,,,80800,12314400.00,95,F1,800,,,,,
2026-09-24,2026-09-24,CM,NSE,STK,6445,INE285K01026,TECHNOE,EQ,,,,,TECHNO ELEC & ENG CO. LTD,1002.95,1006.40,984.60,991.65,990.00,1012.05,,991.62,,,59392,59033168.45,8358,F1,1,,,,,
2026-09-24,2026-09-24,CM,NSE,STK,14223,INE545H01011,TIIL,EQ,,,,,TECHNOCRAFT IND LTD,3040.00,3112.70,2990.10,3033.10,3060.00,3019.90,,3033.22,,,26986,82377646.40,6316,F1,1,,,,,
2026-09-24,2026-09-24,CM,NSE,STK,764532,INE1D0W01018,TECHNOCRAF,EQ,,,,,TECHNOCRAFT VENTURES LTD,472.00,482.00,462.40,475.05,474.05,475.65,,475.06,,,1197482,567701033.30,22493,F1,1,,,,,
2026-09-24,2026-09-24,CM,NSE,STK,762939,INE314H01012,TECHNVISN,EQ,,,,,TECHNVISION VENTURES LTD.,4300.00,4388.00,4071.00,4130.00,4130.00,4181.50,,4138.04,,,659,2780290.00,135,F1,1,,,,,
2026-09-24,2026-09-24,CM,NSE,STK,3453,INE014B01011,TECILCHEM,EQ,,,,,TECIL CHEMICALS,9.60,9.61,9.16,9.25,9.21,9.50,,9.25,,,10562,97630.89,77,F1,1,,,,,
2026-09-24,2026-09-24,CM,NSE,STK,23530,INE0K6601012,TGL,ST,,,,,TEERTH GOPICON LIMITED,14.50,14.50,14.45,14.45,14.45,14.70,,14.45,,,3600,52050.00,11,F1,200,,,,,
2026-09-24,2026-09-24,CM,NSE,STK,7105,INE011K01018,TEGA,EQ,,,,,TEGA INDUSTRIES LIMITED,2070.00,2106.10,2040.00,2062.00,2042.50,2078.80,,2062.05,,,382732,794100141.60,24976,F1,1,,,,,
2026-09-24,2026-09-24,CM,NSE,STK,763825,INE0R1301019,TEJA,SM,,,,,TEJA ENGINEERING IND L,210.05,217.50,210.05,215.75,217.50,208.15,,215.75,,,3600,769800.00,6,F1,600,,,,,
2026-09-24,2026-09-24,CM,NSE,STK,29723,INE17WC01013,TEJASCARGO,SM,,,,,TEJAS CARGO INDIA LIMITED,425.00,425.00,419.00,419.00,419.00,420.00,,419.00,,,800,337600.00,2,F1,400,,,,,
2026-09-24,2026-09-24,CM,NSE,STK,21131,INE010J01012,TEJASNET,EQ,,,,,TEJAS NETWORKS LIMITED,517.10,519.60,507.20,511.30,512.50,521.55,,511.30,,,1162117,594698612.15,27635,F1,1,,,,,
2026-09-24,2026-09-24,CM,NSE,STK,3275,INE869Y01028,TEMBO,EQ,,,,,TEMBO GLOBAL IND LTD,59.00,63.00,58.55,59.26,59.84,59.31,,59.26,,,4699220,284918697.25,22512,F1,1,,,,,
2026-09-24,2026-09-24,CM,NSE,STK,765426,INE1KZI01025,TEMPSENS,EQ,,,,,TEMPSENS INST (INDIA) LTD,561.10,563.45,540.00,543.40,545.40,565.65,,543.40,,,1781856,981202524.60,41960,F1,1,,,,,
2026-09-24,2026-09-24,CM,NSE,STK,759880,INE19RI01016,TENNIND,EQ,,,,,TENNECO CLEAN AIR INDIA L,514.20,522.25,509.60,511.25,511.80,518.60,,511.25,,,332762,171225477.75,17149,F1,1,,,,,
2026-09-24,2026-09-24,CM,NSE,STK,19292,INE482B01010,TERASOFT,EQ,,,,,TERA SOFTWARE LIMITED,230.80,234.25,211.05,220.65,219.00,230.80,,220.71,,,69488,15221392.65,1998,F1,1,,,,,
2026-09-24,2026-09-24,CM,NSE,STK,764950,INE390D01011,TERAI,EQ,,,,,TERAI TEA CO. LTD.,113.00,115.00,110.00,111.55,115.00,111.36,,111.81,,,258,28923.58,16,F1,1,,,,,
2026-09-24,2026-09-24,CM,NSE,STK,11549,INE435C01024,TEXINFRA,EQ,,,,,TEXMACO INFRA & HOLDG LTD,125.00,125.00,118.11,118.90,119.00,123.47,,118.89,,,328844,39821071.46,5500,F1,1,,,,,
2026-09-24,2026-09-24,CM,NSE,STK,21828,INE621L01012,TEXRAIL,EQ,,,,,TEXMACO RAIL & ENG. LTD.,124.75,127.14,121.55,126.77,126.90,124.75,,126.77,,,7694285,962422203.15,65848,F1,1,,,,,
2026-09-24,2026-09-24,CM,NSE,STK,18214,INE141K01013,TEXMOPIPES,EQ,,,,,TEXMO PIPE & PRODUCTS LTD,59.70,59.70,57.90,58.05,57.90,59.63,,58.04,,,116010,6792098.18,1292,F1,1,,,,,
2026-09-24,2026-09-24,CM,NSE,STK,10749,INE733E07JV4,753NTPC30E,NC,,,,,TFB 7.53% 2030 SR. 2B,1069.90,1069.90,1069.90,1069.90,1069.90,1106.00,,1069.90,,,100,106990.00,6,F1,1,,,,,
2026-09-24,2026-09-24,CM,NSE,STK,10751,INE733E07JW2,762NTPC35F,ND,,,,,TFB 7.62% 2035 SR. 3B,1150.00,1150.00,1150.00,1150.00,1150.00,1138.01,,1150.00,,,113,129950.00,1,F1,1,,,,,
2026-09-24,2026-09-24,CM,NSE,STK,14607,INE797H01018,TGBHOTELS,EQ,,,,,TGB BANQUETS&HOTELS LTD,10.14,10.14,9.23,9.50,9.50,9.43,,9.50,,,20766,196445.84,101,F1,1,,,,,
2026-09-24,2026-09-24,CM,NSE,STK,22777,INE0QJL01014,TCL,SM,,,,,THAAI CASTING LIMITED,130.00,131.00,127.50,130.95,131.00,130.10,,130.95,,,37600,4868880.00,20,F1,800,,,,,
2026-09-24,2026-09-24,CM,NSE,STK,762949,INE403F01017,THAKDEV,EQ,,,,,THAKKERS DEVELOPERS LTD.,143.90,143.90,127.61,131.44,127.94,133.78,,132.28,,,256,34047.07,93,F1,1,,,,,
2026-09-24,2026-09-24,CM,NSE,STK,18118,INE085J01014,THANGAMAYL,EQ,,,,,THANGAMAYIL JEWELLERY LTD,5317.00,5333.50,5080.00,5097.00,5093.00,5317.00,,5097.19,,,50396,260628494.00,10855,F1,1,,,,,
2026-09-24,2026-09-24,CM,NSE,STK,9014,INE294Z01018,ANUP,EQ,,,,,THE ANUP ENGINEERING LTD,1695.50,1715.00,1665.00,1670.10,1670.00,1698.40,,1670.09,,,29114,49133691.20,3332,F1,1,,,,,
2026-09-24,2026-09-24,CM,NSE,STK,7919,INE319B01014,BYKE,EQ,,,,,THE BYKE HOSPITALITY LTD,30.92,30.92,29.60,30.05,30.00,30.35,,30.05,,,17342,522525.93,204,F1,1,,,,,
2026-09-24,2026-09-24,CM,NSE,STK,13776,INE017A01032,GESHIP,EQ,,,,,THE GE SHPG.LTD,1478.00,1498.50,1466.00,1482.60,1480.00,1483.80,,1482.73,,,606281,900354358.70,34353,F1,1,,,,,
2026-09-24,2026-09-24,CM,NSE,STK,17770,INE646C01018,GROBTEA,EQ,,,,,THE GROB TEA COMPANY LTD,900.00,900.00,873.30,895.00,895.00,919.35,,895.00,,,409,360870.95,65,F1,1,,,,,
2026-09-24,2026-09-24,CM,NSE,STK,8568,INE127B01011,HITECHGEAR,BE,,,,,THE HI-TECH GEARS LIMITED,584.00,588.95,570.00,588.95,588.95,560.95,,589.07,,,6416,3759795.05,109,F1,1,,,,,
2026-09-24,2026-09-24,CM,NSE,STK,1515,INE383A01012,INDIACEM,EQ,,,,,THE INDIA CEMENTS LIMITED,337.20,339.70,329.00,330.10,329.90,340.05,,330.12,,,144709,48202549.10,11098,F1,1,,,,,
2026-09-24,2026-09-24,CM,NSE,STK,1512,INE053A01029,INDHOTEL,EQ,,,,,THE INDIAN HOTELS CO. LTD,739.00,740.10,727.40,728.80,728.80,743.70,,728.80,,,1140542,837300901.75,27006,F1,1,,,,,
2026-09-24,2026-09-24,CM,NSE,STK,21427,INE924D01017,THEINVEST,EQ,,,,,THE INVEST TRUST OF IND L,94.00,95.45,92.25,92.63,92.25,94.06,,92.63,,,7483,697352.70,145,F1,1,,,,,
2026-09-24,2026-09-24,CM,NSE,STK,399,INE470Y01017,NIACL,EQ,,,,,THE NEW INDIA ASSU CO LTD,187.00,188.45,179.50,180.40,180.36,191.16,,180.41,,,4044014,740315866.13,41582,F1,1,,,,,
2026-09-24,2026-09-24,CM,NSE,STK,10318,INE431F01018,PKTEA,BE,,,,,THE P K TEA PROD CO LTD,990.00,1020.00,959.00,998.35,1010.00,988.15,,998.35,,,1326,1322155.70,117,F1,1,,,,,
2026-09-24,2026-09-24,CM,NSE,STK,14552,INE211B01039,PHOENIXLTD,EQ,,,,,THE PHOENIX MILLS LTD,1985.30,2035.60,1948.00,1955.00,1955.00,1993.20,,1955.00,,,558988,1115116839.00,33905,F1,1,,,,,
2026-09-24,2026-09-24,CM,NSE,STK,2043,INE331A01037,RAMCOCEM,EQ,,,,,THE RAMCO CEMENTS LIMITED,884.90,888.80,866.95,872.10,870.00,885.05,,872.10,,,91368,80260545.45,6723,F1,1,,,,,
2026-09-24,2026-09-24,CM,NSE,STK,2939,INE301D01026,RUBYMILLS,EQ,,,,,THE RUBY MILLS LTD,490.20,510.00,465.65,494.60,487.25,490.20,,494.53,,,31875,15869735.15,2009,F1,1,,,,,
2026-09-24,2026-09-24,CM,NSE,STK,5948,INE683A01023,SOUTHBANK,EQ,,,,,THE SOUTH INDIAN BANK LTD,47.00,50.17,46.72,49.90,49.95,47.08,,49.90,,,57683718,2840861897.01,148611,F1,1,,,,,
2026-09-24,2026-09-24,CM,NSE,STK,10948,INE655A01013,STCINDIA,EQ,,,,,THE STATE TRADING CORPN,112.30,112.30,109.00,109.85,110.00,111.98,,109.85,,,18503,2042541.65,544,F1,1,,,,,
2026-09-24,2026-09-24,CM,NSE,STK,19578,INE071E01023,UGARSUGAR,EQ,,,,,THE UGAR SUGAR WORKS LTD,56.42,57.11,55.51,55.77,55.62,57.22,,55.77,,,262893,14721672.18,2361,F1,1,,,,,
2026-09-24,2026-09-24,CM,NSE,STK,20481,INE215F01023,WIPL,EQ,,,,,THE WESTERN INDIA PLY LTD,160.91,173.85,160.01,166.60,165.10,160.91,,166.60,,,1451,241266.83,65,F1,1,,,,,
2026-09-24,2026-09-24,CM,NSE,STK,19279,INE121N01019,THEJO,EQ,,,,,THEJO ENGINEERING LIMITED,2179.90,2200.00,2132.40,2168.80,2200.00,2173.50,,2168.80,,,3841,8293758.50,502,F1,1,,,,,
2026-09-24,2026-09-24,CM,NSE,STK,14485,INE083B01024,THEMISMED,EQ,,,,,THEMIS MEDICARE LTD.,121.98,122.99,117.21,118.10,117.53,121.97,,118.13,,,32113,3836050.45,947,F1,1,,,,,
2026-09-24,2026-09-24,CM,NSE,STK,3475,INE152A01029,THERMAX,EQ,,,,,THERMAX LTD,3468.00,3470.00,3400.00,3406.10,3407.00,3464.90,,3406.13,,,84227,289486105.40,17191,F1,1,,,,,
2026-09-24,2026-09-24,CM,NSE,STK,25651,INE0SHE01019,THESL,ST,,,,,THINKING HATS ENTER SOL L,15.25,15.25,13.85,13.85,13.85,14.55,,13.85,,,15000,224550.00,5,F1,3000,,,,,
2026-09-24,2026-09-24,CM,NSE,STK,3496,INE338A01024,TIRUMALCHM,EQ,,,,,THIRUMALAI CHEMICALS LTD,164.15,166.54,161.26,162.95,162.22,165.22,,162.95,,,488664,80035049.96,10811,F1,1,,,,,
2026-09-24,2026-09-24,CM,NSE,STK,3481,INE332A01027,THOMASCOOK,EQ,,,,,THOMAS COOK (INDIA) LTD,104.00,104.50,103.25,103.97,104.50,105.12,,103.97,,,403771,41934345.05,4006,F1,1,,,,,
2026-09-24,2026-09-24,CM,NSE,STK,31017,INE480M01011,THOMASCOTT,EQ,,,,,THOMAS SCOTT (INDIA) LTD,235.00,236.50,228.60,235.00,235.00,235.15,,234.98,,,29547,6901323.65,726,F1,1,,,,,
2026-09-24,2026-09-24,CM,NSE,STK,17032,INE594H01019,THYROCARE,EQ,,,,,THYROCARE TECH LTD,571.50,576.75,565.00,566.75,565.20,573.75,,566.73,,,87557,49927240.35,8543,F1,1,,,,,
2026-09-24,2026-09-24,CM,NSE,STK,759176,INE906O01029,TIGERLOGS,EQ,,,,,TIGER LOGISTICS (INDIA) L,27.65,27.65,26.00,26.36,26.50,26.87,,26.36,,,170542,4512777.31,1217,F1,1,,,,,
2026-09-24,2026-09-24,CM,NSE,STK,25486,INE440L01017,TIJARIA,BE,,,,,TIJARIA POLYPIPES LTD,6.59,6.85,6.27,6.72,6.70,6.53,,6.76,,,72897,487533.18,140,F1,1,,,,,
2026-09-24,2026-09-24,CM,NSE,STK,9802,INE806C01018,TIL,BE,,,,,TIL LTD,255.00,260.00,250.02,256.16,254.00,259.09,,256.17,,,60699,15497091.34,352,F1,1,,,,,
2026-09-24,2026-09-24,CM,NSE,STK,19196,INE133E01013,TI,EQ,,,,,TILAKNAGAR INDUSTRIES LTD,595.00,603.25,583.80,587.55,589.00,601.50,,587.54,,,506431,298995845.75,20030,F1,1,,,,,
2026-09-24,2026-09-24,CM,NSE,STK,14707,INE508G01029,TIMETECHNO,EQ,,,,,TIME TECHNOPLAST LTD.,181.70,181.70,178.01,179.31,180.81,181.96,,179.31,,,1714746,308217675.75,17423,F1,1,,,,,
2026-09-24,2026-09-24,CM,NSE,STK,762954,INE064A01026,TIMEX,EQ,,,,,TIMEX GROUP INDIA LTD.,724.00,734.05,705.00,710.80,713.50,725.75,,710.77,,,288835,207988681.70,18639,F1,1,,,,,
2026-09-24,2026-09-24,CM,NSE,STK,14198,INE325A01013,TIMKEN,EQ,,,,,TIMKEN INDIA LTD.,3285.10,3315.00,3242.90,3256.90,3246.80,3287.90,,3256.83,,,42287,138653289.10,9123,F1,1,,,,,
2026-09-24,2026-09-24,CM,NSE,STK,756020,INE015C01016,TINNARUBR,EQ,,,,,TINNA RUBBER AND INFR LTD,1007.15,1007.20,970.00,982.80,993.00,1007.25,,982.92,,,33002,32674595.30,2703,F1,1,,,,,
2026-09-24,2026-09-24,CM,NSE,STK,11374,INE0LQS01015,TIPSFILMS,EQ,,,,,TIPS FILMS LIMITED,320.50,320.50,310.05,311.50,310.65,314.75,,310.09,,,1398,438417.75,111,F1,1,,,,,
2026-09-24,2026-09-24,CM,NSE,STK,9117,INE716B01029,TIPSMUSIC,EQ,,,,,TIPS MUSIC LIMITED,668.00,676.75,657.00,662.05,662.05,670.50,,662.15,,,266188,177762059.95,11312,F1,1,,,,,
2026-09-24,2026-09-24,CM,NSE,STK,22284,INE319Y01024,TIRUPATIFL,BE,,,,,TIRUPATI FORGE LIMITED,81.50,82.25,76.65,79.87,79.80,78.34,,79.87,,,1212481,96858046.01,2963,F1,1,,,,,
2026-09-24,2026-09-24,CM,NSE,STK,15414,INE615H01020,TITAGARH,EQ,,,,,TITAGARH RAIL SYSTEMS LTD,830.00,837.40,818.00,819.25,820.00,842.05,,819.24,,,326786,269745504.55,22225,F1,1,,,,,
2026-09-24,2026-09-24,CM,NSE,STK,3506,INE280A01028,TITAN,EQ,,,,,TITAN COMPANY LIMITED,4868.00,4912.00,4830.00,4832.50,4832.50,4880.00,,4832.34,,,504126,2451012042.00,40952,F1,1,,,,,
2026-09-24,2026-09-24,CM,NSE,STK,3837,INE932C01012,TOKYOPLAST,EQ,,,,,TOKYO PLAST INTL LTD,76.05,78.80,75.50,75.62,78.00,79.40,,75.65,,,1039,79721.15,61,F1,1,,,,,
2026-09-24,2026-09-24,CM,NSE,STK,25262,INE0RWQ01014,TOLINS,EQ,,,,,TOLINS TYRES LIMITED,91.55,92.90,89.78,90.14,90.00,91.58,,90.18,,,31227,2855523.35,1063,F1,1,,,,,
2026-09-24,2026-09-24,CM,NSE,STK,3518,INE685A01028,TORNTPHARM,EQ,,,,,TORRENT PHARMACEUTICALS L,4976.00,5010.00,4902.00,4928.50,4928.50,4985.00,,4928.51,,,255716,1265870563.50,23692,F1,1,,,,,
2026-09-24,2026-09-24,CM,NSE,STK,13786,INE813H01021,TORNTPOWER,EQ,,,,,TORRENT POWER LTD,1238.00,1254.00,1235.10,1244.20,1245.00,1259.40,,1244.29,,,67834,84482384.40,9026,F1,1,,,,,
2026-09-24,2026-09-24,CM,NSE,STK,22425,INE336X01012,TOTAL,BE,,,,,TOTAL TRANSPORT SYS LTD,71.00,72.00,69.50,71.93,71.94,71.50,,71.93,,,2371,167839.55,31,F1,1,,,,,
2026-09-24,2026-09-24,CM,NSE,STK,16908,INE486Y01013,TOUCHWOOD,EQ,,,,,TOUCHWOOD ENTERTAIN LTD.,61.78,61.78,61.78,61.78,61.78,61.85,,61.78,,,62,3830.36,3,F1,1,,,,,
2026-09-24,2026-09-24,CM,NSE,STK,3466,INE305A01023,TFCILTD,EQ,,,,,TOURISM FINANCE CORP. OF,140.90,144.39,140.50,143.46,143.51,141.55,,143.46,,,18259746,2605141401.96,42135,F1,1,,,,,
2026-09-24,2026-09-24,CM,NSE,STK,765195,INE457P01020,TOYAMSL,EQ,,,,,TOYAM SPORTS LTD.,0.92,0.92,0.84,0.84,0.84,0.88,,0.84,,,4080574,3497610.94,639,F1,1,,,,,
2026-09-24,2026-09-24,CM,NSE,STK,9219,INE413G01022,TPLPLASTEH,EQ,,,,,TPL PLASTECH LIMITED,67.17,67.69,64.80,65.06,64.80,67.15,,65.09,,,98176,6487701.51,976,F1,1,,,,,
2026-09-24,2026-09-24,CM,NSE,STK,11582,INE0HMF01019,TRACXN,EQ,,,,,TRACXN TECHNOLOGIES LTD,32.99,33.04,31.62,31.83,31.91,32.95,,31.83,,,113250,3670995.20,999,F1,1,,,,,
2026-09-24,2026-09-24,CM,NSE,STK,15174,INE763I01026,TARIL,EQ,,,,,TRANS & RECTI. LTD,287.00,287.45,279.75,280.40,280.40,289.00,,280.40,,,673240,190403555.25,15366,F1,1,,,,,
2026-09-24,2026-09-24,CM,NSE,STK,765200,INE330E01023,TRANSCOR,EQ,,,,,TRANSCORP INTERNATIONAL L,24.28,25.25,24.28,24.41,24.90,24.28,,24.41,,,4604,113627.92,51,F1,1,,,,,
2026-09-24,2026-09-24,CM,NSE,STK,17795,INE0O3901029,TREL,EQ,,,,,TRANSINDIA REAL ESTATE L,28.20,28.58,27.00,27.80,28.14,27.78,,27.80,,,108843,3020982.00,4234,F1,1,,,,,
2026-09-24,2026-09-24,CM,NSE,STK,7669,INE687A01016,TRANSPEK,BE,,,,,TRANSPEK INDUSTRIES LTD,1344.10,1375.00,1331.00,1358.60,1375.00,1350.90,,1358.60,,,699,941473.40,46,F1,1,,,,,
2026-09-24,2026-09-24,CM,NSE,STK,10580,INE688A01022,TCI,EQ,,,,,TRANSPORT CORPN OF INDIA,830.65,844.80,815.05,833.45,830.20,829.75,,833.45,,,27766,23192605.60,4530,F1,1,,,,,
2026-09-24,2026-09-24,CM,NSE,STK,28714,INE454P01035,TRANSRAILL,EQ,,,,,TRANSRAIL LIGHTING LTD,487.00,487.90,463.00,464.00,464.90,488.90,,464.01,,,1282611,605887157.10,35968,F1,1,,,,,
2026-09-24,2026-09-24,CM,NSE,STK,19801,INE0NVI01020,TRANSTEEL,SM,,,,,TRANSTEEL SEATING TECH L,84.30,88.00,84.20,85.95,85.95,86.65,,85.95,,,37000,3160950.00,25,F1,1000,,,,,
2026-09-24,2026-09-24,CM,NSE,STK,14319,INE804H01012,TFL,EQ,,,,,TRANSWARRANTY FIN. LTD.,11.17,12.00,11.17,11.73,11.87,11.77,,11.73,,,20237,237088.70,93,F1,1,,,,,
2026-09-24,2026-09-24,CM,NSE,STK,8619,INE757B01015,TRANSWORLD,BE,,,,,TRANSWORLD SHIP LINES LTD,166.00,166.00,165.97,165.97,165.97,166.70,,165.14,,,5124,850567.62,22,F1,1,,,,,
2026-09-24,2026-09-24,CM,NSE,STK,757545,INE103V01028,TRAVELFOOD,EQ,,,,,TRAVEL FOOD SERVICES LTD,1214.00,1224.00,1199.90,1214.20,1219.00,1214.50,,1214.01,,,12316,14855958.00,3015,F1,1,,,,,
2026-09-24,2026-09-24,CM,NSE,STK,25082,INE040M01013,TREEHOUSE,EQ,,,,,TREE HOUSE EDU LTD,5.94,6.13,5.84,6.07,6.12,5.93,,6.06,,,14428,87006.91,59,F1,1,,,,,
2026-09-24,2026-09-24,CM,NSE,STK,7518,INE00CA01015,TREJHARA,EQ,,,,,TREJHARA SOLUTIONS LTD,135.22,137.00,131.00,135.31,133.40,135.22,,135.38,,,7294,978869.44,295,F1,1,,,,,
2026-09-24,2026-09-24,CM,NSE,STK,1964,INE849A01020,TRENT,EQ,,,,,TRENT LTD,2765.00,2767.50,2699.90,2700.00,2700.00,2774.00,,2700.21,,,556839,1522704012.70,43924,F1,1,,,,,
2026-09-24,2026-09-24,CM,NSE,STK,17987,INE391D01019,TRF,EQ,,,,,TRF LIMITED,217.40,219.00,212.30,215.13,214.15,216.31,,215.10,,,11662,2505883.17,257,F1,1,,,,,
2026-09-24,2026-09-24,CM,NSE,STK,27041,INE760L01018,TBZ,BE,,,,,TRIB BHIMJI ZAVERI LTD,687.70,695.00,657.85,674.85,674.00,692.45,,674.83,,,626801,429602259.65,5284,F1,1,,,,,
2026-09-24,2026-09-24,CM,NSE,STK,9685,INE064C01022,TRIDENT,EQ,,,,,TRIDENT LIMITED,23.30,23.40,23.02,23.15,23.20,23.42,,23.15,,,2398291,55549038.66,11403,F1,1,,,,,
2026-09-24,2026-09-24,CM,NSE,STK,21078,INE0QD201012,TECHLABS,SM,,,,,TRIDENT TECHLABS LIMITED,115.95,117.10,112.55,114.90,116.75,115.95,,114.90,,,23500,2711631.25,121,F1,125,,,,,
2026-09-24,2026-09-24,CM,NSE,STK,5428,INE948A01012,TRIGYN,EQ,,,,,TRIGYN TECHNOLOGIES LTD,56.25,56.39,54.21,54.95,55.84,56.14,,54.95,,,15610,864609.10,305,F1,1,,,,,
2026-09-24,2026-09-24,CM,NSE,STK,764960,INE440G01017,TRITONV,EQ,,,,,TRITON VALVES LTD.,1154.00,1154.00,1101.10,1109.40,1117.00,1133.80,,1109.93,,,1610,1798487.10,286,F1,1,,,,,
2026-09-24,2026-09-24,CM,NSE,STK,13081,INE256C01024,TRIVENI,EQ,,,,,TRIVENI ENGG. & INDS. LTD,244.00,244.00,239.45,240.20,240.05,242.35,,240.20,,,380043,91305543.45,7698,F1,1,,,,,
2026-09-24,2026-09-24,CM,NSE,STK,25584,INE152M01016,TRITURBINE,EQ,,,,,TRIVENI TURBINE LIMITED,559.50,561.45,549.40,551.80,554.00,562.10,,551.78,,,219693,121887667.90,30308,F1,1,,,,,
2026-09-24,2026-09-24,CM,NSE,STK,24642,INE0SYV01018,TROM,SM,,,,,TROM INDUSTRIES LIMITED,53.00,54.90,53.00,53.40,53.25,54.10,,53.40,,,7800,419160.00,13,F1,600,,,,,
2026-09-24,2026-09-24,CM,NSE,STK,759210,INE0MWH01014,TRUALT,EQ,,,,,TRUALT BIOENERGY LIMITED,435.00,441.80,420.35,429.00,430.00,438.90,,429.00,,,389804,167676617.65,9748,F1,1,,,,,
2026-09-24,2026-09-24,CM,NSE,STK,9378,INE615R01029,TRU,EQ,,,,,TRUCAP FINANCE LIMITED,4.04,4.40,4.04,4.21,4.29,4.23,,4.22,,,47849,203321.85,144,F1,1,,,,,
2026-09-24,2026-09-24,CM,NSE,STK,23417,INE0SWN01019,TRUST,SM,,,,,TRUST FINTECH LIMITED,26.50,26.90,26.15,26.15,26.15,26.50,,26.15,,,7800,205650.00,13,F1,600,,,,,
2026-09-24,2026-09-24,CM,NSE,STK,757861,INE16VK01010,TSC,ST,,,,,TSC INDIA LIMITED,50.00,51.00,50.00,51.00,51.00,52.05,,51.00,,,16000,810000.00,6,F1,2000,,,,,
2026-09-24,2026-09-24,CM,NSE,STK,2183,INE202Z01029,TSFINV,EQ,,,,,TSF INVESTMENTS LIMITED,456.50,459.75,451.55,456.90,458.00,462.05,,456.90,,,88605,40458125.75,6806,F1,1,,,,,
2026-09-24,2026-09-24,CM,NSE,STK,27448,INE1C3207065,935TSI30,N0,,,,,TSI 9.35% 30 SR I-D,104321.92,104657.53,104321.92,104657.53,104657.53,104526.30,,104657.53,,,12,1252534.26,2,F1,1,,,,,
2026-09-24,2026-09-24,CM,NSE,STK,27431,INE1C3207032,935TSI32,N0,,,,,TSI 9.35% 32 SR I-F,105000.00,105000.00,105000.00,105000.00,105000.00,106375.80,,105000.00,,,9,945000.00,2,F1,1,,,,,
2026-09-24,2026-09-24,CM,NSE,STK,11369,INE910C01018,TTKHLTCARE,EQ,,,,,TTK HEALTHCARE LIMITED,1053.60,1066.80,1040.00,1045.40,1048.70,1051.20,,1045.55,,,11744,12359297.50,1515,F1,1,,,,,
2026-09-24,2026-09-24,CM,NSE,STK,3546,INE690A01028,TTKPRESTIG,EQ,,,,,TTK PRESTIGE LTD,524.00,527.30,509.50,515.30,514.00,525.80,,515.37,,,38754,20199054.15,2721,F1,1,,,,,
2026-09-24,2026-09-24,CM,NSE,STK,312,INE974X01010,TIINDIA,EQ,,,,,TUBE INVEST OF INDIA LTD,2558.00,2585.50,2540.50,2540.50,2540.50,2578.60,,2540.50,,,70640,181008993.40,9935,F1,1,,,,,
2026-09-24,2026-09-24,CM,NSE,STK,24520,INE0OXV01027,TUNWAL,SM,,,,,TUNWAL E-MOTORS LIMITED,25.10,25.70,25.10,25.45,25.65,25.65,,25.45,,,42000,1069600.00,21,F1,2000,,,,,
2026-09-24,2026-09-24,CM,NSE,STK,756090,INE0OC301013,TURTLEMINT,EQ,,,,,TURTLEMINT FINTECH SOLS L,109.04,109.04,109.04,109.04,109.04,136.30,,109.04,,,1011837,110330706.48,6104,F1,1,,,,,
2026-09-24,2026-09-24,CM,NSE,STK,765205,INE400A01014,TUTIALKA,EQ,,,,,TUTICORIN ALKAL CH & FE L,56.25,56.89,53.25,55.53,56.00,55.64,,55.55,,,11871,659628.20,158,F1,1,,,,,
2026-09-24,2026-09-24,CM,NSE,STK,11275,INE038F01029,TVTODAY,EQ,,,,,TV TODAY NETWORK LTD,107.70,109.40,106.00,107.77,109.17,107.70,,107.78,,,8880,955457.44,310,F1,1,,,,,
2026-09-24,2026-09-24,CM,NSE,STK,18508,INE871L01013,TVVISION,BE,,,,,TV VISION LIMITED,3.05,3.05,2.96,3.05,3.05,2.91,,3.05,,,125043,380333.77,174,F1,1,,,,,
2026-09-24,2026-09-24,CM,NSE,STK,11265,INE236G01019,TVSELECT,EQ,,,,,TVS ELECTRONICS LTD,394.70,394.70,380.30,381.70,383.00,391.80,,381.70,,,34653,13325945.70,1848,F1,1,,,,,
2026-09-24,2026-09-24,CM,NSE,STK,29008,INE105A01035,TVSHLTD,EQ,,,,,TVS HOLDINGS LIMITED,12452.00,12549.00,12185.00,12501.00,12500.00,12591.00,,12500.92,,,7441,92226426.00,2928,F1,1,,,,,
2026-09-24,2026-09-24,CM,NSE,STK,8479,INE494B01023,TVSMOTOR,EQ,,,,,TVS MOTOR COMPANY  LTD,4093.40,4123.00,4057.00,4091.00,4091.00,4135.00,,4091.00,,,933899,3818572461.50,43886,F1,1,,,,,
2026-09-24,2026-09-24,CM,NSE,STK,14245,INE421C01016,TVSSRICHAK,EQ,,,,,TVS SRICHAKRA LIMITED,4650.50,4684.50,4386.00,4412.00,4403.00,4651.00,,4412.15,,,16193,72593305.50,3109,F1,1,,,,,
2026-09-24,2026-09-24,CM,NSE,STK,18151,INE395N01027,TVSSCS,EQ,,,,,TVS SUPPLY CHAIN SOL L,131.00,133.46,130.00,130.47,130.69,132.48,,130.47,,,524473,68797198.94,11763,F1,1,,,,,
2026-09-24,2026-09-24,CM,NSE,STK,19503,INE388G01026,TICL,BE,,,,,TWAMEV CONS AND INFRA LTD,6.12,6.12,6.12,6.12,6.12,5.83,,6.12,,,1221318,7474466.16,322,F1,1,,,,,
2026-09-24,2026-09-24,CM,NSE,STK,25629,INE152C01025,UYFINCORP,BE,,,,,U. Y. FINCORP LIMITED,19.12,19.60,19.11,19.26,19.39,19.51,,19.26,,,85744,1657134.47,183,F1,1,,,,,
2026-09-24,2026-09-24,CM,NSE,STK,7739,INE139B01016,UCAL,BE,,,,,UCAL LIMITED,142.00,143.20,140.20,141.45,141.20,143.56,,141.45,,,2413,340819.70,36,F1,1,,,,,
2026-09-24,2026-09-24,CM,NSE,STK,755996,INE583D07562,10UCL26,ND,,,,,UCL 10.00% SR I,996.01,1010.00,996.00,1010.00,1010.00,1010.00,,1010.00,,,151,150411.00,3,F1,1,,,,,
2026-09-24,2026-09-24,CM,NSE,STK,756004,INE583D07596,1050UCL28,NH,,,,,UCL 10.50% SR V,1009.00,1009.00,1009.00,1009.00,1009.00,1009.00,,1009.00,,,175,176575.00,4,F1,1,,,,,
2026-09-24,2026-09-24,CM,NSE,STK,11223,INE691A01018,UCOBANK,EQ,,,,,UCO BANK,23.99,23.99,23.65,23.74,23.75,24.04,,23.74,,,2411463,57335772.46,9967,F1,1,,,,,
2026-09-24,2026-09-24,CM,NSE,STK,764965,INE551B01012,UDAYJEW,EQ,,,,,UDAY JEWELLERY INDS. LTD.,153.87,162.95,152.06,162.33,161.00,153.87,,162.62,,,71597,11406536.72,2127,F1,1,,,,,
2026-09-24,2026-09-24,CM,NSE,STK,14871,INE0N0Y01013,USK,EQ,,,,,UDAYSHIVAKUMAR INFRA LTD,19.60,20.30,19.51,19.61,19.60,19.85,,19.60,,,21157,417937.76,207,F1,1,,,,,
2026-09-24,2026-09-24,CM,NSE,STK,1053,INE516A01017,UFLEX,EQ,,,,,UFLEX LIMITED,669.65,685.00,657.85,661.55,660.00,670.45,,661.52,,,119810,80632721.70,5430,F1,1,,,,,
2026-09-24,2026-09-24,CM,NSE,STK,9039,INE527H01019,UFO,EQ,,,,,UFO MOVIEZ INDIA LTD.,61.70,61.70,59.25,59.53,59.32,60.64,,59.56,,,19495,1172442.87,309,F1,1,,,,,
2026-09-24,2026-09-24,CM,NSE,STK,5313,INE583D01011,UGROCAP,EQ,,,,,UGRO CAPITAL LIMITED,83.89,84.89,81.20,82.23,82.10,84.29,,82.23,,,155699,12834228.73,3109,F1,1,,,,,
2026-09-24,2026-09-24,CM,NSE,STK,23507,INE899L01030,UEL,EQ,,,,,UJAAS ENERGY LIMITED,195.00,197.90,184.67,188.09,189.90,191.86,,188.18,,,18430,3469833.44,834,F1,1,,,,,
2026-09-24,2026-09-24,CM,NSE,STK,15228,INE551W01018,UJJIVANSFB,EQ,,,,,UJJIVAN SMALL FINANC BANK,64.52,64.70,61.25,62.69,63.00,66.01,,62.69,,,33045929,2074965488.86,148970,F1,1,,,,,
2026-09-24,2026-09-24,CM,NSE,STK,762961,INE405A01021,ULTRAMAR,EQ,,,,,ULTRAMARINE & PIGMENTS L,438.00,442.00,426.95,429.05,429.00,439.15,,429.04,,,42929,18725557.05,1840,F1,1,,,,,
2026-09-24,2026-09-24,CM,NSE,STK,11532,INE481G01011,ULTRACEMCO,EQ,,,,,ULTRATECH CEMENT LIMITED,11098.00,11192.00,11056.00,11056.00,11056.00,11155.00,,11061.58,,,304695,3391605340.00,36403,F1,1,,,,,
2026-09-24,2026-09-24,CM,NSE,STK,13349,INE067901012,UMA,SM,,,,,UMA CONVERTER LIMITED,17.50,17.50,17.50,17.50,17.50,17.50,,17.50,,,4000,70000.00,1,F1,4000,,,,,
2026-09-24,2026-09-24,CM,NSE,STK,8845,INE0GIU01018,UMAEXPORTS,BE,,,,,UMA EXPORTS LIMITED,20.81,20.81,20.81,20.81,20.81,20.41,,21.21,,,488,10155.28,7,F1,1,,,,,
2026-09-24,2026-09-24,CM,NSE,STK,8998,INE398B01018,UMIYA-MRO,EQ,,,,,UMIYA BUILDCON LIMITED,95.00,106.00,93.50,96.42,96.94,95.10,,96.49,,,74800,7562420.88,1372,F1,1,,,,,
2026-09-24,2026-09-24,CM,NSE,STK,3579,INE351A01035,UNICHEMLAB,EQ,,,,,UNICHEM LABORATORIES LTD,573.00,582.00,549.80,552.65,552.60,573.20,,552.71,,,156065,88317294.85,7266,F1,1,,,,,
2026-09-24,2026-09-24,CM,NSE,STK,24809,INE00U401027,UNIECOM,EQ,,,,,UNICOMMERCE ESOLUTIONS L,83.00,83.80,82.30,82.76,82.53,83.26,,82.75,,,191326,15869104.89,2269,F1,1,,,,,
2026-09-24,2026-09-24,CM,NSE,STK,18582,INE0PRF01011,UNIHEALTH,SM,,,,,UNIHEALTH HOSPITALS LTD,626.85,660.00,626.85,656.00,660.00,626.85,,656.00,,,7500,4827350.00,15,F1,500,,,,,
2026-09-24,2026-09-24,CM,NSE,STK,7791,INE481Z01011,UNIINFO,EQ,,,,,UNIINFO TELECOM SERVI LTD,11.02,11.40,11.02,11.29,11.40,11.40,,11.29,,,183,2058.92,11,F1,1,,,,,
2026-09-24,2026-09-24,CM,NSE,STK,25633,INE0B2801011,UNILEX,SM,,,,,UNILEX COLOURS AND CHEM L,30.30,31.00,29.00,31.00,31.00,30.30,,31.00,,,8000,240320.00,5,F1,1600,,,,,
2026-09-24,2026-09-24,CM,NSE,STK,28960,INE0U3I01011,UNIMECH,EQ,,,,,UNIMECH AEROSPACE N MFG L,1712.00,1758.80,1673.20,1692.30,1698.50,1716.10,,1692.23,,,179298,308144214.60,22411,F1,1,,,,,
2026-09-24,2026-09-24,CM,NSE,STK,10753,INE692A01016,UNIONBANK,EQ,,,,,UNION BANK OF INDIA,178.90,180.20,175.86,179.45,179.45,180.00,,179.45,,,4484417,801020183.83,37474,F1,1,,,,,
2026-09-24,2026-09-24,CM,NSE,STK,29687,INF582M01KS4,UNIONGOLD,EQ,,,,,UNIONAMC - UNIONGOLD,147.45,147.60,146.00,146.45,146.60,147.40,,146.45,,,2328,341778.80,273,F1,1,,,,,
2026-09-24,2026-09-24,CM,NSE,STK,13057,INE244O01017,UNIPARTS,EQ,,,,,UNIPARTS INDIA LIMITED,861.00,865.60,840.15,850.35,855.10,861.20,,850.38,,,54719,46807885.25,7055,F1,1,,,,,
2026-09-24,2026-09-24,CM,NSE,STK,11293,INE037A01022,UNIENTER,EQ,,,,,UNIPHOS ENTERPRISES LTD,91.05,92.57,89.57,90.50,90.50,91.09,,90.50,,,1617,146692.09,34,F1,1,,,,,
2026-09-24,2026-09-24,CM,NSE,STK,3594,INE694A01020,UNITECH,EQ,,,,,UNITECH LTD,4.11,4.16,4.03,4.05,4.05,4.17,,4.04,,,4096221,16726034.74,2254,F1,1,,,,,
2026-09-24,2026-09-24,CM,NSE,STK,16713,INE686F01025,UBL,EQ,,,,,UNITED BREWERIES LTD,1240.00,1289.70,1227.10,1270.20,1282.60,1242.30,,1270.40,,,133103,167127652.90,12874,F1,1,,,,,
2026-09-24,2026-09-24,CM,NSE,STK,201,INE961D01019,UNIDT,EQ,,,,,UNITED DRILLING TOOLS LTD,231.00,272.00,231.00,259.76,256.30,235.24,,259.79,,,645371,166286951.12,14331,F1,1,,,,,
2026-09-24,2026-09-24,CM,NSE,STK,3133,INE382M01027,UFBL,BE,,,,,UNITED FOODBRANDS LIMITED,722.10,740.00,710.05,723.00,722.40,722.10,,723.22,,,32428,23674250.45,1694,F1,1,,,,,
2026-09-24,2026-09-24,CM,NSE,STK,25938,INE0SMR01011,UHTL,ST,,,,,UNITED HEAT TRANSFER LTD,203.65,203.65,195.75,195.75,195.75,199.70,,195.75,,,368000,73705200.00,65,F1,2000,,,,,
2026-09-24,2026-09-24,CM,NSE,STK,17999,INE458F01011,UNITEDTEA,EQ,,,,,UNITED NILGIRI TEA LTD,428.00,435.00,425.35,428.25,431.00,428.00,,428.25,,,1821,782917.20,104,F1,1,,,,,
2026-09-24,2026-09-24,CM,NSE,STK,7560,INE368U01029,UNITEDPOLY,EQ,,,,,UNITED POLYFAB GUJ. LTD.,46.50,46.75,45.00,45.27,45.70,45.94,,45.27,,,170870,7755349.79,505,F1,1,,,,,
2026-09-24,2026-09-24,CM,NSE,STK,10447,INE854D01024,UNITDSPR,EQ,,,,,UNITED SPIRITS LIMITED,1434.00,1442.00,1421.20,1423.30,1423.30,1441.00,,1423.30,,,219089,313650303.70,18007,F1,1,,,,,
2026-09-24,2026-09-24,CM,NSE,STK,18979,INE562X01013,UNIVASTU,BE,,,,,UNIVASTU INDIA LIMITED,142.00,144.96,139.00,140.54,140.00,145.71,,140.54,,,44569,6274815.22,471,F1,1,,,,,
2026-09-24,2026-09-24,CM,NSE,STK,3607,INE279A01012,UNIVCABLES,EQ,,,,,UNIVERSAL CABLES LTD,1508.80,1539.80,1490.00,1517.00,1520.00,1508.80,,1517.02,,,128146,194321867.00,10584,F1,1,,,,,
2026-09-24,2026-09-24,CM,NSE,STK,17661,INE03V001013,UNIVPHOTO,BE,,,,,UNIVERSUS IMAGINGS LTD,565.20,565.20,548.20,549.85,548.20,577.05,,549.85,,,1245,690254.90,81,F1,1,,,,,
2026-09-24,2026-09-24,CM,NSE,STK,14154,INE405E01023,UNOMINDA,EQ,,,,,UNO MINDA LIMITED,1216.30,1252.90,1212.30,1224.40,1224.40,1223.10,,1224.41,,,445754,551780232.40,28796,F1,1,,,,,
2026-09-24,2026-09-24,CM,NSE,STK,2883,INE530B08110,IIFLZC28,NG,,,,,UNSE RE NCD 0% SR.III,1656.20,1671.80,1656.20,1671.80,1671.80,1671.80,,1671.80,,,87,145399.80,3,F1,1,,,,,
2026-09-24,2026-09-24,CM,NSE,STK,2871,INE530B08094,10IIFL28A,NE,,,,,UNSE RE NCD 10% SR.I,1048.95,1048.95,1047.00,1048.12,1047.00,1048.96,,1048.12,,,51,53469.15,3,F1,1,,,,,
2026-09-24,2026-09-24,CM,NSE,STK,5863,INE148I08348,850SCL25A,NW,,,,,UNSE RE NCD 9.35% SR.X,990.00,990.00,990.00,990.00,990.00,991.00,,990.00,,,34,33660.00,1,F1,1,,,,,
2026-09-24,2026-09-24,CM,NSE,STK,2877,INE530B08102,96IIFL28A,NF,,,,,UNSE RE NCD 9.6% SR.II,996.00,1000.00,996.00,998.76,999.00,999.95,,999.19,,,223,222776.51,32,F1,1,,,,,
2026-09-24,2026-09-24,CM,NSE,STK,5217,INE477L08162,IIFLZC28C,N6,,,,,UNSEC RE NCD 0% SR.III,1600.20,1600.20,1600.20,1600.20,1600.20,1615.00,,1600.20,,,1,1600.20,1,F1,1,,,,,
2026-09-24,2026-09-24,CM,NSE,STK,5212,INE477L08147,10IIFL28,N4,,,,,UNSEC RE NCD 10% SR.I,1002.00,1006.80,1000.55,1005.99,1005.99,1000.00,,1005.99,,,523,525163.49,11,F1,1,,,,,
2026-09-24,2026-09-24,CM,NSE,STK,5214,INE477L08154,96IIFL28,N5,,,,,UNSEC RE NCD 9.60% SR.II,1000.79,1000.79,995.00,996.54,998.00,1000.79,,996.82,,,1641,1637216.80,33,F1,1,,,,,
2026-09-24,2026-09-24,CM,NSE,STK,21229,INE306N08342,885TCAPS29,NC,,,,,UNSERENCD8.85%SRIVCIII&IV,1045.00,1045.00,1045.00,1045.00,1045.00,1054.99,,1045.00,,,15,15675.00,1,F1,1,,,,,
2026-09-24,2026-09-24,CM,NSE,STK,21225,INE306N08292,910TCAP28,NA,,,,,UNSERENCD9.1%SRIIICIII&IV,1038.00,1038.00,1035.00,1035.00,1035.00,1042.00,,1035.00,,,60,62130.00,2,F1,1,,,,,
2026-09-24,2026-09-24,CM,NSE,STK,19113,INE851I01011,UDS,EQ,,,,,UPDATER SERVICES LIMITED,203.91,203.91,200.11,201.90,201.10,205.27,,201.90,,,56075,11341575.54,1644,F1,1,,,,,
2026-09-24,2026-09-24,CM,NSE,STK,11287,INE628A01036,UPL,EQ,,,,,UPL LIMITED,550.70,553.65,546.50,549.60,549.60,553.15,,549.50,,,1278779,704636041.65,28987,F1,1,,,,,
2026-09-24,2026-09-24,CM,NSE,STK,10610,INE0CBM01019,USASEEDS,SM,,,,,UPSURGE SEEDS OF AGRI LTD,85.50,89.50,85.50,89.50,89.50,90.00,,89.50,,,2140,186394.00,5,F1,428,,,,,
2026-09-24,2026-09-24,CM,NSE,STK,17081,INE568Z01015,URAVIDEF,BE,,,,,URAVI DEFENCE &TECH LTD,104.00,104.00,103.00,103.00,103.00,104.15,,104.00,,,1274,131795.50,36,F1,1,,,,,
2026-09-24,2026-09-24,CM,NSE,STK,759084,INE0CAZ01013,URBANCO,EQ,,,,,URBAN COMPANY LIMITED,172.21,174.26,168.50,171.26,170.70,172.73,,171.26,,,4162727,715200215.06,37079,F1,1,,,,,
2026-09-24,2026-09-24,CM,NSE,STK,16888,INE0O0201019,URBAN,SM,,,,,URBAN ENVIRO WASTE MGMT L,118.95,119.90,118.00,119.00,119.00,117.05,,119.00,,,8000,950160.00,10,F1,800,,,,,
2026-09-24,2026-09-24,CM,NSE,STK,20203,INE550C01020,URJA,EQ,,,,,URJA GLOBAL LIMITED,9.06,9.10,8.95,9.00,9.00,9.05,,9.00,,,403236,3628724.64,1986,F1,1,,,,,
2026-09-24,2026-09-24,CM,NSE,STK,25952,INE0LS001014,USHAFIN,SM,,,,,USHA FINANCIAL SERVICES L,55.90,56.00,55.80,55.80,55.80,54.15,,55.80,,,9600,537120.00,4,F1,1600,,,,,
2026-09-24,2026-09-24,CM,NSE,STK,19142,INE240C01028,UMESLTD,EQ,,,,,USHA MARTIN EDU & SOL LTD,4.51,4.85,4.49,4.51,4.50,4.60,,4.51,,,39599,182227.33,119,F1,1,,,,,
2026-09-24,2026-09-24,CM,NSE,STK,8840,INE228A01035,USHAMART,EQ,,,,,USHA MARTIN LTD.,534.00,534.15,515.00,523.20,525.90,535.05,,523.20,,,607143,318165577.05,19360,F1,1,,,,,
2026-09-24,2026-09-24,CM,NSE,STK,527,INE094J01016,UTIAMC,EQ,,,,,UTI ASSET MNGMT CO LTD,905.30,914.40,903.20,907.90,905.00,909.95,,907.96,,,47119,42753040.75,5233,F1,1,,,,,
2026-09-24,2026-09-24,CM,NSE,STK,764180,INF789F1AG68,LIQUIDBETA,EQ,,,,,UTIAMC - LIQUIDBETA,1009.22,1009.22,1009.22,1009.22,1009.22,1009.10,,1009.22,,,99,99912.78,1,F1,1,,,,,
2026-09-24,2026-09-24,CM,NSE,STK,765431,INF789F1AG76,NIF500BETA,EQ,,,,,UTIAMC - NIF500BETA,37.69,37.69,36.24,36.24,36.24,36.78,,36.24,,,5561,202309.49,18,F1,1,,,,,
2026-09-24,2026-09-24,CM,NSE,STK,766104,INF789F1AH42,SECLEDBETA,EQ,,,,,UTIAMC - SECLEDBETA,14.36,14.80,14.20,14.25,14.25,14.36,,14.25,,,222461,3202285.76,95,F1,1,,,,,
2026-09-24,2026-09-24,CM,NSE,STK,22440,INF789F1AUV1,BANKBETA,EQ,,,,,UTIAMC-BANKBETA,59.88,59.88,57.36,57.50,57.60,58.42,,57.50,,,151910,8756124.10,706,F1,1,,,,,
2026-09-24,2026-09-24,CM,NSE,STK,22524,INF789F1AZF3,GILT10BETA,EQ,,,,,UTIAMC-GILT10BETA,26.58,26.63,26.33,26.63,26.63,26.58,,26.63,,,18,477.25,12,F1,1,,,,,
2026-09-24,2026-09-24,CM,NSE,STK,22521,INF789F1AZE6,GILT5BETA,EQ,,,,,UTIAMC-GILT5BETA,66.60,66.60,65.76,66.49,66.28,66.25,,66.49,,,962,63545.20,15,F1,1,,,,,
2026-09-24,2026-09-24,CM,NSE,STK,22488,INF789F1AZD8,ITBETA,EQ,,,,,UTIAMC-ITBETA,299.52,303.80,296.00,300.34,303.80,299.00,,300.34,,,609,181230.72,35,F1,1,,,,,
2026-09-24,2026-09-24,CM,NSE,STK,18347,INF789F1AYX9,MIDCAPBETA,EQ,,,,,UTIAMC-MIDCAPBETA,229.65,235.08,227.17,232.81,232.00,230.80,,232.81,,,2128,486819.50,44,F1,1,,,,,
2026-09-24,2026-09-24,CM,NSE,STK,21478,INF789F1AUW9,NEXT50BETA,EQ,,,,,UTIAMC-NEXT50BETA,78.00,78.06,77.01,77.47,77.01,78.10,,77.47,,,135563,10509738.69,624,F1,1,,,,,
2026-09-24,2026-09-24,CM,NSE,STK,10511,INF789F1AZC0,NIFTYBETA,EQ,,,,,UTIAMC-NIFTYBETA,259.97,259.97,256.22,256.77,257.14,259.97,,256.77,,,234676,60317712.31,617,F1,1,,,,,
2026-09-24,2026-09-24,CM,NSE,STK,10515,INF789FB1X58,SENSEXBETA,EQ,,,,,UTIAMC-SENSEXBETA,830.89,830.89,817.10,821.01,817.25,828.72,,821.01,,,1992,1633653.68,162,F1,1,,,,,
2026-09-24,2026-09-24,CM,NSE,STK,15085,INF789F1AYK6,SILVERBETA,EQ,,,,,UTIAMC-SILVERBETA,221.41,221.41,217.75,217.96,218.31,222.41,,217.95,,,535801,117577161.28,3693,F1,1,,,,,
2026-09-24,2026-09-24,CM,NSE,STK,9168,INF789F1AUU3,SNXT50BETA,EQ,,,,,UTIAMC-SNXT50BETA,93.45,94.27,91.51,92.27,94.26,93.45,,92.52,,,5851,545231.93,99,F1,1,,,,,
2026-09-24,2026-09-24,CM,NSE,STK,14535,INF789F1AUX7,GOLDBETA,EQ,,,,,UTIAMC-UTIGOLDBETA,126.60,126.60,125.70,125.80,125.80,127.10,,125.80,,,346933,43738340.60,2502,F1,1,,,,,
2026-09-24,2026-09-24,CM,NSE,STK,751580,INE1V1R01014,UTKAL,SM,,,,,UTKAL SPEC INDUS INDIA L,51.00,51.00,50.50,50.80,50.80,50.25,,50.80,,,8000,406400.00,4,F1,2000,,,,,
2026-09-24,2026-09-24,CM,NSE,STK,17358,INE735W01017,UTKARSHBNK,EQ,,,,,UTKARSH SMALL FIN BANK L,13.94,14.00,13.70,13.86,13.89,14.07,,13.86,,,4749458,65708823.74,9886,F1,1,,,,,
2026-09-24,2026-09-24,CM,NSE,STK,24726,INE06IJ01010,UTSSAV,SM,,,,,UTSSAV CZ GOLD JEWELS LTD,640.00,659.00,640.00,652.20,653.00,653.25,,652.20,,,51000,33069030.00,56,F1,600,,,,,
2026-09-24,2026-09-24,CM,NSE,STK,13376,INE786F01031,UTTAMSUGAR,EQ,,,,,UTTAM SUGAR MILLS LTD.,265.50,266.20,258.45,260.00,263.00,266.35,,260.01,,,64541,16903389.85,1861,F1,1,,,,,
2026-09-24,2026-09-24,CM,NSE,STK,3188,INE0GXK01018,VMARCIND,SM,,,,,V MARC INDIA LIMITED,337.00,337.00,325.00,329.20,328.20,338.40,,329.20,,,132000,43399275.00,82,F1,1500,,,,,
2026-09-24,2026-09-24,CM,NSE,STK,765220,INE222F01029,VTMLTD,EQ,,,,,V T M LTD.,45.68,45.68,41.50,42.13,42.22,44.50,,42.27,,,91863,3881344.61,1332,F1,1,,,,,
2026-09-24,2026-09-24,CM,NSE,STK,15362,INE951I01027,VGUARD,EQ,,,,,V-GUARD IND LTD.,315.50,315.60,307.60,308.60,309.10,316.40,,308.62,,,198837,61827245.60,10492,F1,1,,,,,
2026-09-24,2026-09-24,CM,NSE,STK,24606,INE0QXL01015,VLINFRA,SM,,,,,V.L.INFRAPROJECTS LIMITED,25.00,25.00,25.00,25.00,25.00,25.45,,25.00,,,1500,37500.00,1,F1,1500,,,,,
2026-09-24,2026-09-24,CM,NSE,STK,14766,INE945H01021,V2RETAIL,EQ,,,,,V2 RETAIL LIMITED,213.11,216.00,211.21,214.47,214.75,215.63,,214.47,,,556422,119259852.13,10889,F1,1,,,,,
2026-09-24,2026-09-24,CM,NSE,STK,20188,INE956G01038,WABAG,EQ,,,,,VA TECH WABAG LTD,2038.00,2073.00,2019.70,2029.20,2028.00,2048.70,,2029.16,,,690358,1406946960.20,31144,F1,1,,,,,
2026-09-24,2026-09-24,CM,NSE,STK,764975,INE693D01018,VADILENT,EQ,,,,,VADILAL ENTERPRISES LTD.,10310.00,10310.00,10250.00,10303.00,10250.00,10370.00,,10328.41,,,11,113328.00,8,F1,1,,,,,
2026-09-24,2026-09-24,CM,NSE,STK,24196,INE694D01016,VADILALIND,EQ,,,,,VADILAL INDUSTRIES LTD,7450.00,7529.00,7322.00,7413.50,7385.00,7492.00,,7413.88,,,9796,72759987.50,3192,F1,1,,,,,
2026-09-24,2026-09-24,CM,NSE,STK,11364,INE884A01027,VAIBHAVGBL,EQ,,,,,VAIBHAV GLOBAL LIMITED,208.81,209.93,204.00,205.25,205.49,209.49,,205.26,,,153843,31754337.92,4275,F1,1,,,,,
2026-09-24,2026-09-24,CM,NSE,STK,8262,INE0JR301013,MADHAVBAUG,ST,,,,,VAIDYA SANE AYUR LAB LTD,164.20,168.00,163.00,168.00,168.00,171.50,,168.00,,,2400,394260.00,6,F1,400,,,,,
2026-09-24,2026-09-24,CM,NSE,STK,16589,INE972X01022,VAISHALI,EQ,,,,,VAISHALI PHARMA LIMITED,8.32,8.79,8.32,8.53,8.49,8.45,,8.53,,,171784,1471406.23,346,F1,1,,,,,
2026-09-24,2026-09-24,CM,NSE,STK,13342,INE051B01021,VAKRANGEE,EQ,,,,,VAKRANGEE LIMITED,5.37,5.45,5.20,5.30,5.29,5.35,,5.30,,,1008105,5318022.24,1738,F1,1,,,,,
2026-09-24,2026-09-24,CM,NSE,STK,19220,INE0JWS01017,VALIANTLAB,BE,,,,,VALIANT LABORATORIES LTD,121.24,125.99,117.30,123.15,123.85,121.24,,123.14,,,77365,9402545.03,522,F1,1,,,,,
2026-09-24,2026-09-24,CM,NSE,STK,330,INE565V01010,VALIANTORG,EQ,,,,,VALIANT ORGANICS LIMITED,420.00,420.00,406.50,411.35,412.00,420.80,,411.35,,,59473,24464763.35,1514,F1,1,,,,,
2026-09-24,2026-09-24,CM,NSE,STK,18124,INE879I01012,DBREALTY,EQ,,,,,VALOR ESTATE LIMITED,100.30,104.27,97.40,100.22,99.90,101.48,,100.23,,,2505139,252954489.46,13894,F1,1,,,,,
2026-09-24,2026-09-24,CM,NSE,STK,763304,INE1E7Y01018,VALUE360,SM,,,,,VALUE 360 COMMUNICATION L,60.00,60.00,56.00,56.35,56.05,62.05,,56.35,,,20400,1170600.00,16,F1,1200,,,,,
2026-09-24,2026-09-24,CM,NSE,STK,13403,INE116G01013,VARDHACRLC,BE,,,,,VARDHAMAN ACRYLICS LTD,44.60,44.60,43.00,43.95,43.95,44.48,,43.95,,,34631,1513634.00,156,F1,1,,,,,
2026-09-24,2026-09-24,CM,NSE,STK,11892,INE701A01023,VHL,EQ,,,,,VARDHMAN HOLDINGS LIMITED,3341.00,3409.40,3341.00,3368.10,3380.00,3383.80,,3368.10,,,416,1405534.80,42,F1,1,,,,,
2026-09-24,2026-09-24,CM,NSE,STK,3646,INE835A01029,VARDMNPOLY,EQ,,,,,VARDHMAN POLYTEX LTD.,5.96,6.00,5.78,5.81,5.81,5.91,,5.81,,,128283,752461.39,281,F1,1,,,,,
2026-09-24,2026-09-24,CM,NSE,STK,27067,INE050M01012,VSSL,EQ,,,,,VARDHMAN SPC STEEL LTD,410.70,418.35,390.05,405.00,405.00,413.60,,405.13,,,115559,47407854.65,5149,F1,1,,,,,
2026-09-24,2026-09-24,CM,NSE,STK,2073,INE825A01020,VTL,EQ,,,,,VARDHMAN TEXTILES LIMITED,559.10,596.60,556.65,563.60,560.20,561.45,,563.62,,,2304091,1322998367.20,66153,F1,1,,,,,
2026-09-24,2026-09-24,CM,NSE,STK,3857,INE665L01035,VARROC,EQ,,,,,VARROC ENGINEERING LTD.,837.00,844.60,825.00,833.40,836.80,836.50,,833.23,,,129764,108465719.60,10454,F1,1,,,,,
2026-09-24,2026-09-24,CM,NSE,STK,18921,INE200M01039,VBL,EQ,,,,,VARUN BEVERAGES LIMITED,432.15,436.85,428.30,431.25,431.25,436.15,,431.27,,,5016972,2170913318.25,50013,F1,1,,,,,
2026-09-24,2026-09-24,CM,NSE,STK,13771,INE273D01027,VGL,EQ,,,,,VARVEE GLOBAL LIMITED,69.00,70.06,66.22,66.52,66.45,70.63,,66.54,,,117211,7994666.28,896,F1,1,,,,,
2026-09-24,2026-09-24,CM,NSE,STK,16454,INE0N5801013,DENTALKART,SM,,,,,VASA DENTICITY LIMITED,410.05,415.00,410.00,413.25,415.00,413.80,,413.25,,,4250,1748362.50,14,F1,250,,,,,
2026-09-24,2026-09-24,CM,NSE,STK,18110,INE893I01013,VASCONEQ,EQ,,,,,VASCON ENGINEERS LTD,32.50,34.90,32.25,33.29,33.31,32.99,,33.30,,,1975613,66859492.77,7865,F1,1,,,,,
2026-09-24,2026-09-24,CM,NSE,STK,25340,INE590L01019,VASWANI,EQ,,,,,VASWANI IND LTD,45.50,45.92,44.57,45.08,44.90,45.68,,45.08,,,26319,1196410.98,222,F1,1,,,,,
2026-09-24,2026-09-24,CM,NSE,STK,9027,INE098201036,VCL,BE,,,,,VAXTEX COTFAB LIMITED,1.45,1.45,1.45,1.45,1.45,1.52,,1.45,,,227569,329975.05,170,F1,1,,,,,
2026-09-24,2026-09-24,CM,NSE,STK,757719,INE04HY07286,115VCCL27,N0,,,,,VCCL 11.5% 2027 SR II,99995.55,99995.55,99995.55,99995.55,99995.55,99995.55,,99995.55,,,1,99995.55,1,F1,1,,,,,
2026-09-24,2026-09-24,CM,NSE,STK,760049,INE04HY07377,115VCCL28,N0,,,,,VCCL 11.5% 2028 SR C,99990.00,99990.00,99990.00,99990.00,99990.00,98100.00,,99990.00,,,2,199980.00,2,F1,1,,,,,
2026-09-24,2026-09-24,CM,NSE,STK,759394,INE04HY07336,118VCCL27B,N0,,,,,VCCL 11.8% 2027 SR B,100205.85,100205.85,100205.85,100205.85,100205.85,100205.85,,100205.85,,,1,100205.85,1,F1,1,,,,,
2026-09-24,2026-09-24,CM,NSE,STK,25812,INE04HY07179,12VCCL27A,N0,,,,,VCCL 12% 2027 SR C,100020.00,100020.00,100020.00,100020.00,100020.00,100000.00,,100020.00,,,1,100020.00,1,F1,1,,,,,
2026-09-24,2026-09-24,CM,NSE,STK,756916,INE04HY07229,12VCCL29B,N0,,,,,VCCL 12% 2029,99998.99,99998.99,99998.99,99998.99,99998.99,99500.00,,99998.99,,,1,99998.99,1,F1,1,,,,,
2026-09-24,2026-09-24,CM,NSE,STK,763380,INE04HY07401,115VCCL31A,N0,,,,,VCCL31A 11.5% 2031,9999.00,9999.00,9999.00,9999.00,9999.00,9999.00,,9999.00,,,2,19998.00,1,F1,1,,,,,
2026-09-24,2026-09-24,CM,NSE,STK,25054,INE0U2M01015,VDEAL,SM,,,,,VDEAL SYSTEM LIMITED,122.00,122.00,118.25,118.25,118.25,121.60,,118.25,,,6000,724260.00,9,F1,600,,,,,
2026-09-24,2026-09-24,CM,NSE,STK,8167,INE825V01034,MANYAVAR,EQ,,,,,VEDANT FASHIONS LIMITED,530.10,530.10,511.60,524.45,527.60,531.15,,524.45,,,178569,93096060.75,10416,F1,1,,,,,
2026-09-24,2026-09-24,CM,NSE,STK,750174,INE1CDF01017,VAML,EQ,,,,,VEDANTA ALUMINIUM METAL L,430.90,438.90,428.25,429.40,428.25,436.30,,429.37,,,4520000,1957299771.00,73128,F1,1,,,,,
2026-09-24,2026-09-24,CM,NSE,STK,750290,INE1CLE01013,VISL,EQ,,,,,VEDANTA IRON AND STEEL L,33.92,34.25,32.13,32.13,32.13,33.82,,32.13,,,31103791,1020043003.72,53737,F1,1,,,,,
2026-09-24,2026-09-24,CM,NSE,STK,3063,INE205A01025,VEDL,EQ,,,,,VEDANTA LIMITED,267.90,269.40,264.20,267.50,267.50,271.00,,267.50,,,5685750,1515062439.15,62020,F1,1,,,,,
2026-09-24,2026-09-24,CM,NSE,STK,750368,INE704J01044,VOGL,EQ,,,,,VEDANTA OIL AND GAS LTD,35.50,35.68,34.41,34.53,34.59,35.86,,34.53,,,14402274,502417897.67,36925,F1,1,,,,,
2026-09-24,2026-09-24,CM,NSE,STK,750518,INE694L01019,VEDPOWER,EQ,,,,,VEDANTA POWER LIMITED,32.85,32.85,31.90,32.10,32.10,32.98,,32.10,,,9200935,296655210.24,38103,F1,1,,,,,
2026-09-24,2026-09-24,CM,NSE,STK,764980,INE359B01010,VEDAVAAG,EQ,,,,,VEDAVAAG SYSTEMS LTD.,22.27,22.30,21.13,21.31,21.18,22.16,,21.27,,,20903,453157.52,182,F1,1,,,,,
2026-09-24,2026-09-24,CM,NSE,STK,14019,INE484C01030,VEEDOL,EQ,,,,,VEEDOL CORPORATION LTD,1358.00,1374.80,1354.50,1364.30,1367.70,1365.80,,1364.22,,,5343,7290418.60,836,F1,1,,,,,
2026-09-24,2026-09-24,CM,NSE,STK,766098,INE1JTV01015,VEEGALAND,BE,,,,,VEEGALAND DEVELOPERS LTD,141.50,145.80,140.90,142.38,142.04,142.87,,142.38,,,866388,124051466.82,3161,F1,1,,,,,
2026-09-24,2026-09-24,CM,NSE,STK,10710,INE0KTW01013,VEEKAYEM,SM,,,,,VEEKAYEM FASH & APP LTD,97.20,97.20,97.15,97.15,97.15,102.25,,97.15,,,1500,145775.00,2,F1,500,,,,,
2026-09-24,2026-09-24,CM,NSE,STK,762969,INE232E01013,VELJAN,BE,,,,,VELJAN DENISON LTD.,2051.20,2081.50,1991.10,2067.90,2080.00,2051.20,,2071.71,,,436,885957.80,43,F1,1,,,,,
2026-09-24,2026-09-24,CM,NSE,STK,3757,INE398A01010,VENKEYS,EQ,,,,,VENKY S (INDIA) LIMITED,1697.90,1703.60,1645.00,1664.10,1667.00,1692.20,,1664.08,,,34737,58007434.00,3667,F1,1,,,,,
2026-09-24,2026-09-24,CM,NSE,STK,28847,INE781S01027,VENTIVE,EQ,,,,,VENTIVE HOSPITALITY LTD,586.90,586.90,565.55,572.75,574.95,578.35,,572.75,,,10555,6044134.20,891,F1,1,,,,,
2026-09-24,2026-09-24,CM,NSE,STK,9592,INE0JA001018,VENUSPIPES,EQ,,,,,VENUS PIPES & TUBES LTD,2230.00,2258.20,2190.00,2206.30,2200.00,2235.50,,2206.20,,,95848,213673916.60,9544,F1,1,,,,,
2026-09-24,2026-09-24,CM,NSE,STK,13859,INE411B01019,VENUSREM,EQ,,,,,VENUS REMEDIES LIMITED,1628.90,1674.80,1582.20,1624.80,1630.00,1643.70,,1625.08,,,31456,51377788.90,3122,F1,1,,,,,
2026-09-24,2026-09-24,CM,NSE,STK,8890,INE0IQ001011,VERANDA,EQ,,,,,VERANDA LEARNING SOL LTD,230.50,237.50,226.16,232.46,231.30,231.50,,232.46,,,466617,107953329.24,7467,F1,1,,,,,
2026-09-24,2026-09-24,CM,NSE,STK,23775,INE0SRI01019,VERITAAS,SM,,,,,VERITAAS ADVERTISING LTD,25.35,25.45,25.35,25.45,25.45,24.25,,25.45,,,2400,60960.00,2,F1,1200,,,,,
2026-09-24,2026-09-24,CM,NSE,STK,10757,INE0KXY23015,VERTIS,IV,,,,,VERTIS INFRASTRUCTURE TST,115.75,115.75,115.75,115.75,115.75,115.75,,115.75,,,75000,8681250.00,3,F1,25000,,,,,
2026-09-24,2026-09-24,CM,NSE,STK,18863,INE188Y01031,VERTOZ,EQ,,,,,VERTOZ LIMITED,35.60,38.24,35.60,36.73,36.52,36.84,,36.73,,,41283,1522714.26,393,F1,1,,,,,
2026-09-24,2026-09-24,CM,NSE,STK,3676,INE386A01023,VESUVIUS,EQ,,,,,VESUVIUS INDIA LTD,395.00,396.00,391.00,391.85,391.80,396.10,,392.00,,,45504,17878861.40,2808,F1,1,,,,,
2026-09-24,2026-09-24,CM,NSE,STK,8652,INE918N01018,VETO,EQ,,,,,VETO SWITCHGEAR CABLE LTD,147.00,147.02,142.51,143.04,143.11,145.57,,143.06,,,81284,11682140.32,2086,F1,1,,,,,
2026-09-24,2026-09-24,CM,NSE,STK,14316,INE0MO401019,VIAZ,SM,,,,,VIAZ TYRES LIMITED,82.90,82.90,75.05,78.85,81.50,79.00,,78.85,,,22000,1721700.00,10,F1,2000,,,,,
2026-09-24,2026-09-24,CM,NSE,STK,22730,INE0QTF01015,VSTL,EQ,,,,,VIBHOR STEEL TUBES LTD,113.00,114.83,111.55,112.87,113.94,113.48,,112.87,,,5459,618942.41,254,F1,1,,,,,
2026-09-24,2026-09-24,CM,NSE,STK,765252,INE761Q01015,VGCL,EQ,,,,,VIBRANT GLOBAL CAPITAL L,48.89,48.89,45.12,47.20,47.28,47.18,,47.20,,,3116,143439.82,34,F1,1,,,,,
2026-09-24,2026-09-24,CM,NSE,STK,23386,INE048C01025,VHLTD,BE,,,,,VICEROY HOTELS LIMITED,129.90,129.90,125.50,129.16,129.35,126.49,,129.16,,,23968,3080533.31,136,F1,1,,,,,
2026-09-24,2026-09-24,CM,NSE,STK,760691,INE0F8901022,VICTORYEV,SM,,,,,VICTORY ELEC VEHICL INT L,13.60,13.95,13.55,13.85,13.85,13.75,,13.85,,,15000,206250.00,5,F1,3000,,,,,
2026-09-24,2026-09-24,CM,NSE,STK,13536,INE632C01026,VIDHIING,EQ,,,,,VIDHI SPCLTY F INGRDNTS L,355.15,362.45,345.10,352.45,350.05,359.85,,352.45,,,37289,13148071.25,1162,F1,1,,,,,
2026-09-24,2026-09-24,CM,NSE,STK,760224,INE14UN01029,VIDYAWIRES,EQ,,,,,VIDYA WIRES LIMITED,86.57,87.33,84.40,86.23,86.25,88.71,,86.24,,,1387256,118806801.34,8849,F1,1,,,,,
2026-09-24,2026-09-24,CM,NSE,STK,758898,INE1DM601016,VIGOR,SM,,,,,VIGOR PLAST INDIA LIMITED,102.70,102.70,100.00,101.00,101.00,102.85,,101.00,,,20800,2100240.00,9,F1,1600,,,,,
2026-09-24,2026-09-24,CM,NSE,STK,764985,INE362D01010,VIJSOLX,EQ,,,,,VIJAY SOLVEX LTD.,634.00,636.05,634.00,636.05,636.05,632.30,,640.00,,,7,4442.10,2,F1,1,,,,,
2026-09-24,2026-09-24,CM,NSE,STK,5585,INE043W01024,VIJAYA,EQ,,,,,VIJAYA DIAGNOSTIC CEN LTD,1571.40,1571.40,1520.50,1526.50,1522.80,1570.70,,1526.56,,,101780,157121254.40,13559,F1,1,,,,,
2026-09-24,2026-09-24,CM,NSE,STK,760121,INE0WL901019,VIJAYPD,SM,,,,,VIJAYPD CEUTICAL LIMITED,66.60,73.90,64.75,71.15,73.00,65.00,,71.15,,,40000,2800900.00,20,F1,2000,,,,,
2026-09-24,2026-09-24,CM,NSE,STK,17695,INE159N01027,VIJIFIN,BE,,,,,VIJI FINANCE LIMITED,16.21,16.22,15.60,16.22,16.22,15.91,,16.33,,,2422961,38673048.88,531,F1,1,,,,,
2026-09-24,2026-09-24,CM,NSE,STK,25756,INE806A01020,VIKASECO,EQ,,,,,VIKAS ECOTECH LIMITED,1.04,1.05,1.03,1.03,1.04,1.04,,1.03,,,1701614,1767273.61,1045,F1,1,,,,,
2026-09-24,2026-09-24,CM,NSE,STK,9931,INE161L01027,VIKASLIFE,EQ,,,,,VIKAS LIFECARE LIMITED,1.28,1.28,1.24,1.24,1.25,1.28,,1.24,,,2276172,2860467.22,8454,F1,1,,,,,
2026-09-24,2026-09-24,CM,NSE,STK,759453,INE078V01014,VIKRAMSOLR,EQ,,,,,VIKRAM SOLAR LIMITED,163.34,163.55,160.30,160.42,160.45,163.34,,160.42,,,974428,157042015.15,11057,F1,1,,,,,
2026-09-24,2026-09-24,CM,NSE,STK,758973,INE01R501028,VIKRAN,EQ,,,,,VIKRAN ENGINEERING LTD,58.50,62.62,57.53,60.99,61.21,56.14,,60.99,,,34848858,2130808582.80,142260,F1,1,,,,,
2026-09-24,2026-09-24,CM,NSE,STK,23909,INE0AZY01017,VILAS,SM,,,,,VILAS TRANSCORE LIMITED,402.60,419.50,361.00,399.35,388.50,403.85,,399.35,,,61000,24746175.00,193,F1,250,,,,,
2026-09-24,2026-09-24,CM,NSE,STK,16960,INE0L4V01013,VILINBIO,ST,,,,,VILIN BIO MED LIMITED,52.30,52.30,52.30,52.30,52.30,52.30,,52.30,,,4000,209200.00,1,F1,4000,,,,,
2026-09-24,2026-09-24,CM,NSE,STK,13101,INE579C01029,VIMTALABS,EQ,,,,,VIMTA LABS LIMITED,606.00,616.00,595.00,597.50,600.00,610.70,,597.50,,,140540,84826736.10,9592,F1,1,,,,,
2026-09-24,2026-09-24,CM,NSE,STK,17364,INE410B01037,VINATIORGA,EQ,,,,,VINATI ORGANICS LTD,1220.10,1225.60,1190.00,1195.00,1194.00,1222.80,,1195.10,,,68223,82075984.00,9194,F1,1,,,,,
2026-09-24,2026-09-24,CM,NSE,STK,3694,INE707A01012,VINDHYATEL,EQ,,,,,VINDHYA TELELINKS LTD,2830.00,2874.00,2748.90,2767.50,2775.00,2864.60,,2767.51,,,52006,145025128.20,6289,F1,1,,,,,
2026-09-24,2026-09-24,CM,NSE,STK,3807,INE505Y01010,VINEETLAB,EQ,,,,,VINEET LABORATORIES LTD,35.75,35.75,34.10,34.93,35.00,34.82,,34.93,,,52687,1837152.56,571,F1,1,,,,,
2026-09-24,2026-09-24,CM,NSE,STK,763821,INE27V201011,VMOBILE,SM,,,,,VINIT MOBILE LIMITED,58.90,58.90,57.20,57.20,57.20,56.60,,57.20,,,3200,186280.00,4,F1,800,,,,,
2026-09-24,2026-09-24,CM,NSE,STK,12490,INE01KI01027,VINNY,EQ,,,,,VINNY OVERSEAS LIMITED,0.92,0.93,0.92,0.92,0.93,0.92,,0.92,,,309005,287125.30,179,F1,1,,,,,
2026-09-24,2026-09-24,CM,NSE,STK,766064,INE1A5U01014,VINOD,ST,,,,,VINOD TEXWORLD LIMITED,69.25,69.25,69.25,69.25,69.25,72.85,,69.25,,,2400,166200.00,2,F1,1200,,,,,
2026-09-24,2026-09-24,CM,NSE,STK,17905,INE0OSJ01014,VINSYS,ST,,,,,VINSYS IT SERVICES IND LT,587.00,587.00,560.00,573.80,584.00,587.65,,573.80,,,7750,4492050.00,22,F1,250,,,,,
2026-09-24,2026-09-24,CM,NSE,STK,25835,INE498Q01014,VINCOFE,EQ,,,,,VINTAGE COFFEE N BVRGS L,184.37,191.35,182.69,183.75,183.40,183.79,,183.75,,,3693467,693151692.39,46470,F1,1,,,,,
2026-09-24,2026-09-24,CM,NSE,STK,19206,INE0OLS01010,VINYAS,SM,,,,,VINYAS INNOVATIVE TECH L,1582.00,1582.00,1543.00,1543.50,1543.00,1599.30,,1543.50,,,3000,4672745.00,28,F1,100,,,,,
2026-09-24,2026-09-24,CM,NSE,STK,16821,INE250B01029,VINYLINDIA,EQ,,,,,VINYL CHEMICALS (I) LTD.,221.54,224.20,218.10,220.32,219.41,221.54,,219.55,,,7702,1703347.73,741,F1,1,,,,,
2026-09-24,2026-09-24,CM,NSE,STK,14843,INE450G01024,VIPCLOTHNG,EQ,,,,,VIP CLOTHING LIMITED,21.99,22.00,21.50,21.70,21.74,21.72,,21.71,,,39989,867294.94,208,F1,1,,,,,
2026-09-24,2026-09-24,CM,NSE,STK,3703,INE054A01027,VIPIND,EQ,,,,,VIP INDUSTRIES LTD,298.00,303.95,295.10,300.95,301.00,298.90,,301.04,,,321535,96418766.85,4259,F1,1,,,,,
2026-09-24,2026-09-24,CM,NSE,STK,8437,INE946H01037,VIPULLTD,BE,,,,,VIPUL LIMITED,10.99,11.08,10.54,10.56,10.54,11.09,,10.56,,,834651,8836444.88,356,F1,1,,,,,
2026-09-24,2026-09-24,CM,NSE,STK,764990,INE467D01017,VIRAT,EQ,,,,,VIRAT INDUSTRIES LTD.,377.00,389.90,356.10,361.55,367.85,371.20,,362.58,,,7756,2867334.45,589,F1,1,,,,,
2026-09-24,2026-09-24,CM,NSE,STK,15295,INE539B01017,VIRINCHI,EQ,,,,,VIRINCHI LIMITED,14.17,14.17,13.80,13.81,13.80,14.03,,13.81,,,39412,548413.88,214,F1,1,,,,,
2026-09-24,2026-09-24,CM,NSE,STK,757060,INE0VRH01015,VGINFOTECH,SM,,,,,VIRTUAL GALAXY INFOTECH L,140.00,142.00,138.00,141.10,140.95,140.05,,141.10,,,64000,8988600.00,33,F1,1000,,,,,
2026-09-24,2026-09-24,CM,NSE,STK,765218,INE247C01023,VIRTUALG,BE,,,,,VIRTUAL GLOBAL EDU LTD,0.46,0.47,0.45,0.45,0.45,0.45,,0.45,,,102248,46342.23,110,F1,1,,,,,
2026-09-24,2026-09-24,CM,NSE,STK,761916,INE0I0T01010,VOEPL,EQ,,,,,VIRTUOSO OPTOELECTRONIC L,525.00,527.95,495.00,497.65,496.25,515.10,,497.64,,,66741,33928241.20,3430,F1,1,,,,,
2026-09-24,2026-09-24,CM,NSE,STK,13295,INE286H01012,VISACHROME,EQ,,,,,VISA CHROME LIMITED,36.48,36.55,33.40,36.34,36.32,34.81,,36.34,,,47827,1709376.47,383,F1,1,,,,,
2026-09-24,2026-09-24,CM,NSE,STK,29877,INE370E01029,VIVIDHA,EQ,,,,,VISAGAR POLYTEX LTD,0.52,0.55,0.52,0.53,0.54,0.52,,0.53,,,395032,211970.82,168,F1,1,,,,,
2026-09-24,2026-09-24,CM,NSE,STK,4221,INE392A01021,VISAKAIND,EQ,,,,,VISAKA INDUSTRIES LIMITED,96.08,102.40,94.01,94.79,94.01,96.08,,94.79,,,1406348,137586557.14,13025,F1,1,,,,,
2026-09-24,2026-09-24,CM,NSE,STK,24274,INE0BHK01012,VISAMAN,SM,,,,,VISAMAN GLOBAL SALES LTD,31.75,31.75,31.75,31.75,31.75,33.40,,31.75,,,12000,381000.00,5,F1,1000,,,,,
2026-09-24,2026-09-24,CM,NSE,STK,11773,INE755Q01025,VISHAL,EQ,,,,,VISHAL FABRICS LTD.,18.10,18.25,17.55,18.06,18.07,18.18,,18.05,,,27608,496295.21,256,F1,1,,,,,
2026-09-24,2026-09-24,CM,NSE,STK,27969,INE01EA01019,VMM,EQ,,,,,VISHAL MEGA MART LIMITED,106.45,108.23,104.84,105.46,105.46,106.00,,105.43,,,17613951,1874959770.00,72865,F1,1,,,,,
2026-09-24,2026-09-24,CM,NSE,STK,6908,INE270I01022,VISHNU,EQ,,,,,VISHNU CHEMICALS LIMITED,723.90,725.85,701.05,703.25,703.40,723.95,,703.29,,,59548,42485015.15,4581,F1,1,,,,,
2026-09-24,2026-09-24,CM,NSE,STK,18341,INE0AE001013,VPRPL,EQ,,,,,VISHNU PRAKASH R PUNGLI L,32.64,33.15,32.26,32.90,32.98,32.83,,32.90,,,252747,8260039.65,1267,F1,1,,,,,
2026-09-24,2026-09-24,CM,NSE,STK,19300,INE0PQ001012,VISHNUINFR,SM,,,,,VISHNUSURYA PROJ N INFR L,150.00,150.00,150.00,150.00,150.00,150.50,,150.00,,,500,75000.00,1,F1,500,,,,,
2026-09-24,2026-09-24,CM,NSE,STK,13702,INE430N01022,VISHWARAJ,EQ,,,,,VISHWARAJ SUGAR IND LTD,5.34,5.43,5.25,5.28,5.30,5.35,,5.29,,,162085,864667.86,570,F1,1,,,,,
2026-09-24,2026-09-24,CM,NSE,STK,23373,INE0S2E01016,VISHWAS,ST,,,,,VISHWAS AGRI SEEDS LTD,37.10,40.40,37.10,40.40,40.40,38.50,,40.40,,,4800,188640.00,3,F1,1600,,,,,
2026-09-24,2026-09-24,CM,NSE,STK,25231,INE0TR001017,VIESL,SM,,,,,VISION INFRA EQUIP SOL L,371.10,371.10,365.10,369.05,365.10,370.40,,369.05,,,5600,2068320.00,7,F1,800,,,,,
2026-09-24,2026-09-24,CM,NSE,STK,761148,INE0L4K01016,VITAL,EQ,,,,,VITAL CHEMTECH LIMITED,55.67,57.33,53.60,54.37,56.94,55.66,,54.37,,,6134,340580.57,153,F1,1,,,,,
2026-09-24,2026-09-24,CM,NSE,STK,763636,INE0MEG01014,VIVIANA,EQ,,,,,VIVIANA POWER TECH LTD,728.00,728.00,700.00,706.25,706.50,724.55,,706.25,,,13420,9579422.25,749,F1,1,,,,,
2026-09-24,2026-09-24,CM,NSE,STK,761768,INE24H301028,VIVIDEL,SM,,,,,VIVID ELECTROMECH LIMITED,1784.95,1847.45,1750.00,1790.00,1799.80,1763.00,,1790.00,,,19680,35220468.00,72,F1,240,,,,,
2026-09-24,2026-09-24,CM,NSE,STK,11968,INE526G01021,VIVIMEDLAB,BE,,,,,VIVIMED LABS LIMITED,5.34,5.46,5.34,5.45,5.45,5.36,,5.45,,,44391,241523.96,38,F1,1,,,,,
2026-09-24,2026-09-24,CM,NSE,STK,764995,INE380K01017,VIVOBIOT,EQ,,,,,VIVO BIO TECH LTD.,16.58,16.98,15.51,16.08,16.00,16.67,,16.22,,,16987,276374.49,181,F1,1,,,,,
2026-09-24,2026-09-24,CM,NSE,STK,14296,INE807F01027,VIYASH,EQ,,,,,VIYASH SCIENTIFIC LIMITED,252.95,252.95,244.85,246.00,246.40,253.75,,246.00,,,1767338,439324268.10,28580,F1,1,,,,,
2026-09-24,2026-09-24,CM,NSE,STK,18012,INE03HW01020,VLEGOV,EQ,,,,,VL E GOV AND IT SOL LTD,10.63,10.63,10.05,10.25,10.37,10.42,,10.26,,,44465,459004.19,328,F1,1,,,,,
2026-09-24,2026-09-24,CM,NSE,STK,3715,INE709A01018,VLSFINANCE,EQ,,,,,VLS FINANCE LTD,241.15,242.16,236.35,239.58,242.00,241.15,,239.68,,,6473,1552725.81,260,F1,1,,,,,
2026-09-24,2026-09-24,CM,NSE,STK,29284,INE665J01013,VMART,EQ,,,,,VMART RETAIL LTD,782.00,784.45,760.15,773.70,773.00,786.60,,773.70,,,142108,109560017.75,10453,F1,1,,,,,
2026-09-24,2026-09-24,CM,NSE,STK,759152,INE0SJA01013,VMSTMT,EQ,,,,,VMS TMT LIMITED,45.60,47.09,45.60,46.13,46.21,45.92,,46.09,,,32492,1507020.21,474,F1,1,,,,,
2026-09-24,2026-09-24,CM,NSE,STK,14366,INE669E01016,IDEA,EQ,,,,,VODAFONE IDEA LIMITED,14.42,14.50,14.04,14.12,14.12,14.52,,14.12,,,364050771,5188438798.52,507473,F1,1,,,,,
2026-09-24,2026-09-24,CM,NSE,STK,765000,INE285C01015,VOITHPAPR,EQ,,,,,VOITH PAPER FABRICS IND L,1445.00,1454.90,1400.30,1416.70,1415.00,1440.00,,1415.75,,,876,1253119.30,47,F1,1,,,,,
2026-09-24,2026-09-24,CM,NSE,STK,29658,INE241X01014,VOLERCAR,SM,,,,,VOLER CAR LIMITED,229.50,237.00,220.00,229.50,229.50,226.90,,229.50,,,8800,2011400.00,11,F1,800,,,,,
2026-09-24,2026-09-24,CM,NSE,STK,13577,INE540H01012,VOLTAMP,EQ,,,,,VOLTAMP TRANSFORMERS LTD,10723.00,10729.00,10550.00,10587.00,10603.00,10799.00,,10586.80,,,9565,101725630.00,3609,F1,1,,,,,
2026-09-24,2026-09-24,CM,NSE,STK,3718,INE226A01021,VOLTAS,EQ,,,,,VOLTAS LTD,1119.10,1126.40,1106.90,1113.40,1113.40,1130.00,,1113.43,,,530213,592206856.00,20385,F1,1,,,,,
2026-09-24,2026-09-24,CM,NSE,STK,763575,INE0MEG07029,12VPT28,N0,,,,,VPT 12% 2028,9900.00,9900.00,9900.00,9900.00,9900.00,9998.00,,9900.00,,,5,49500.00,1,F1,1,,,,,
2026-09-24,2026-09-24,CM,NSE,STK,24321,INE0S2V01010,VRAJ,EQ,,,,,VRAJ IRON AND STEEL LTD,128.86,128.97,125.21,126.19,126.40,127.90,,126.15,,,8792,1115060.97,516,F1,1,,,,,
2026-09-24,2026-09-24,CM,NSE,STK,8696,INE366I01010,VRLLOG,EQ,,,,,VRL LOGISTICS LIMITED,291.30,293.45,289.50,291.65,292.35,291.75,,291.65,,,121565,35437607.35,4472,F1,1,,,,,
2026-09-24,2026-09-24,CM,NSE,STK,3724,INE710A01016,VSTIND,EQ,,,,,VST INDUSTRIES LTD,209.35,209.35,205.40,206.69,205.94,208.80,,206.69,,,100738,20841975.13,3197,F1,1,,,,,
2026-09-24,2026-09-24,CM,NSE,STK,24292,INE764D01017,VSTTILLERS,EQ,,,,,VST TILLERS TRACTORS LTD,4400.20,4631.80,4371.30,4516.70,4436.00,4425.00,,4518.29,,,17167,76918603.80,3094,F1,1,,,,,
2026-09-24,2026-09-24,CM,NSE,STK,765005,INE855A01019,WHBRADY,EQ,,,,,W H BRADY & CO. LTD.,421.00,498.95,421.00,498.95,498.95,502.60,,494.50,,,40,17822.85,17,F1,1,,,,,
2026-09-24,2026-09-24,CM,NSE,STK,762978,INE765D01022,WPIL,EQ,,,,,W P I L LTD.,440.00,446.00,431.55,435.80,434.00,440.00,,435.73,,,31249,13706540.05,1839,F1,1,,,,,
2026-09-24,2026-09-24,CM,NSE,STK,14828,INE100D01014,WSI,EQ,,,,,W.S.INDUSTRIES (I) LTD.,58.13,58.13,56.50,56.96,56.50,58.13,,56.94,,,9922,569365.15,255,F1,1,,,,,
2026-09-24,2026-09-24,CM,NSE,STK,25907,INE377N01017,WAAREEENER,EQ,,,,,WAAREE ENERGIES LIMITED,2502.00,2511.90,2470.00,2482.00,2482.00,2512.00,,2482.03,,,389057,968343123.60,39334,F1,1,,,,,
2026-09-24,2026-09-24,CM,NSE,STK,756038,INE299N01021,WAAREERTL,EQ,,,,,WAAREE RENEWABLE TECH LTD,838.00,848.00,827.25,832.30,832.00,848.00,,832.48,,,133525,111720052.35,12445,F1,1,,,,,
2026-09-24,2026-09-24,CM,NSE,STK,760259,INE0E7301029,WAKEFIT,EQ,,,,,WAKEFIT INNOVATIONS LTD,146.78,148.00,142.40,142.83,143.00,146.78,,142.77,,,161388,23265636.84,2529,F1,1,,,,,
2026-09-24,2026-09-24,CM,NSE,STK,3736,INE711A01022,WALCHANNAG,EQ,,,,,WALCHANDNAGAR INDUSTRIES,211.09,212.00,207.00,208.07,209.10,212.63,,208.06,,,434910,91005571.66,6809,F1,1,,,,,
2026-09-24,2026-09-24,CM,NSE,STK,5013,INE0G2G01015,WALPAR,SM,,,,,WALPAR NUTRITIONS LIMITED,26.65,26.65,26.65,26.65,26.65,25.40,,26.65,,,2000,53300.00,1,F1,2000,,,,,
2026-09-24,2026-09-24,CM,NSE,STK,14063,INE107F01022,WANBURY,EQ,,,,,WANBURY LIMITED,230.00,238.40,223.65,225.15,226.20,233.10,,225.15,,,190580,43638447.55,4898,F1,1,,,,,
2026-09-24,2026-09-24,CM,NSE,STK,765225,INE945P01024,WARDINMOBI,EQ,,,,,WARDWIZARD INNO & MOB L,5.70,5.74,5.60,5.62,5.61,5.66,,5.62,,,248149,1398109.92,759,F1,1,,,,,
2026-09-24,2026-09-24,CM,NSE,STK,3745,INE054C01015,WATERBASE,EQ,,,,,WATERBASE LTD.,46.66,46.66,45.00,45.36,45.35,46.66,,45.40,,,17346,787731.75,311,F1,1,,,,,
2026-09-24,2026-09-24,CM,NSE,STK,762163,INE0LZF01039,CORDELIA,EQ,,,,,WATERWAYS LEISURE TOUR L,112.00,112.50,107.33,107.97,108.20,112.97,,107.98,,,945738,103414615.74,8991,F1,1,,,,,
2026-09-24,2026-09-24,CM,NSE,STK,9862,INE082W01014,WEWIN,EQ,,,,,WE WIN LIMITED,46.85,50.00,46.85,49.01,49.48,46.76,,49.01,,,15434,742004.12,120,F1,1,,,,,
2026-09-24,2026-09-24,CM,NSE,STK,760482,INF2F0001370,TWCGOLDETF,EQ,,,,,WEALTH - TWCGOLDETF,150.60,150.60,147.65,149.01,149.03,150.51,,149.01,,,22184,3310902.08,144,F1,1,,,,,
2026-09-24,2026-09-24,CM,NSE,STK,1923,INE658T01017,WEALTH,EQ,,,,,WEALTH FRST PORT. MG. LTD,833.00,850.90,827.00,839.25,844.00,840.45,,837.83,,,1405,1173758.40,118,F1,1,,,,,
2026-09-24,2026-09-24,CM,NSE,STK,14602,INE855C01023,WEBELSOLAR,EQ,,,,,WEBSOL ENERGY SYSTEM LTD,74.52,76.78,72.20,74.07,73.80,73.93,,74.06,,,2342303,174527692.00,17193,F1,1,,,,,
2026-09-24,2026-09-24,CM,NSE,STK,3748,INE080A01014,WEIZMANIND,EQ,,,,,WEIZMANN LTD,71.75,73.69,71.60,71.67,71.65,71.57,,71.67,,,158,11327.60,13,F1,1,,,,,
2026-09-24,2026-09-24,CM,NSE,STK,11821,INE191B01025,WELCORP,EQ,,,,,WELSPUN CORP LIMITED,2786.00,2800.00,2675.00,2692.20,2701.50,2796.80,,2692.26,,,1002471,2751419492.50,59183,F1,1,,,,,
2026-09-24,2026-09-24,CM,NSE,STK,11626,INE625G01013,WELENT,EQ,,,,,WELSPUN ENTERPRISES LTD.,773.40,775.00,744.50,749.15,759.00,774.00,,749.13,,,226253,171898502.65,10806,F1,1,,,,,
2026-09-24,2026-09-24,CM,NSE,STK,19804,INE389K01018,WELINV,BE,,,,,WELSPUN INV & COMM LTD,2457.00,2457.00,2457.00,2457.00,2457.00,2457.00,,2457.00,,,16,39312.00,9,F1,1,,,,,
2026-09-24,2026-09-24,CM,NSE,STK,11253,INE192B01031,WELSPUNLIV,EQ,,,,,WELSPUN LIVING LIMITED,221.56,228.80,217.19,222.32,223.25,223.77,,222.35,,,4797903,1074017626.86,46500,F1,1,,,,,
2026-09-24,2026-09-24,CM,NSE,STK,762971,INE731F01037,WELSPLSOL,EQ,,,,,WELSPUN SPECIALTY SOL L,52.91,55.59,52.90,53.46,54.85,53.59,,53.47,,,524720,28480383.69,4558,F1,1,,,,,
2026-09-24,2026-09-24,CM,NSE,STK,4235,INE274C01019,WENDT,EQ,,,,,WENDT (INDIA) LIMITED,8625.00,8654.50,8478.00,8525.50,8530.00,8678.50,,8526.33,,,6775,58031421.50,1864,F1,1,,,,,
2026-09-24,2026-09-24,CM,NSE,STK,3799,INE976A01021,WSTCSTPAPR,EQ,,,,,WEST COAST PAPER MILLS LT,746.00,753.80,734.10,737.95,734.40,747.25,,737.98,,,164772,122666275.55,10457,F1,1,,,,,
2026-09-24,2026-09-24,CM,NSE,STK,25403,INE0CJF01024,WCIL,EQ,,,,,WESTERN CARRIERS (IND) L,99.99,99.99,95.10,95.78,96.40,97.33,,95.78,,,165817,16095553.78,1786,F1,1,,,,,
2026-09-24,2026-09-24,CM,NSE,STK,11580,INE274F01020,WESTLIFE,EQ,,,,,WESTLIFE FOODWORLD LTD,585.00,593.00,564.45,569.25,569.75,598.70,,569.29,,,132688,76562351.75,8210,F1,1,,,,,
2026-09-24,2026-09-24,CM,NSE,STK,759434,INE085001019,WEWORK,EQ,,,,,WEWORK INDIA MANAGEMENT L,665.00,665.20,648.15,651.70,650.65,668.50,,651.69,,,73586,48082731.60,4911,F1,1,,,,,
2026-09-24,2026-09-24,CM,NSE,STK,3766,INE715A01015,WHEELS,EQ,,,,,WHEELS INDIA LTD,2210.00,2300.00,2161.10,2180.80,2176.00,2240.30,,2180.94,,,188804,423479609.50,14504,F1,1,,,,,
2026-09-24,2026-09-24,CM,NSE,STK,18011,INE716A01013,WHIRLPOOL,EQ,,,,,WHIRLPOOL OF INDIA LTD,810.00,878.00,810.00,853.45,860.10,865.25,,853.61,,,7497954,6238317394.40,205329,F1,1,,,,,
2026-09-24,2026-09-24,CM,NSE,STK,3772,INE210A01017,WILLAMAGOR,EQ,,,,,WILLIAMSON MAGOR,24.00,24.00,22.50,23.40,23.40,22.78,,23.40,,,2759,64733.08,46,F1,1,,,,,
2026-09-24,2026-09-24,CM,NSE,STK,5366,INE0H5O01029,WINDLAS,EQ,,,,,WINDLAS BIOTECH LIMITED,1070.20,1099.00,1065.45,1093.80,1095.00,1077.45,,1093.83,,,53563,58308337.20,5094,F1,1,,,,,
2026-09-24,2026-09-24,CM,NSE,STK,24969,INE052A01021,WINDMACHIN,EQ,,,,,WINDSOR MACHINES LIMITED,294.00,304.90,293.00,300.90,300.00,295.40,,300.90,,,120512,36188145.80,1670,F1,1,,,,,
2026-09-24,2026-09-24,CM,NSE,STK,23714,INE0S3D01016,WINSOL,SM,,,,,WINSOL ENGINEERS LIMITED,108.00,108.00,107.65,107.65,107.65,111.70,,107.65,,,1200,129340.00,3,F1,400,,,,,
2026-09-24,2026-09-24,CM,NSE,STK,3787,INE075A01022,WIPRO,EQ,,,,,WIPRO LTD,164.16,165.67,163.36,163.64,163.64,164.90,,163.64,,,7033397,1156039370.72,65135,F1,1,,,,,
2026-09-24,2026-09-24,CM,NSE,STK,22725,INE623Y01011,WTICAB,SM,,,,,WISE TRAVEL INDIA LIMITED,98.00,98.00,96.00,96.45,96.65,98.00,,96.45,,,18500,1789450.00,30,F1,500,,,,,
2026-09-24,2026-09-24,CM,NSE,STK,7506,INE049B01025,WOCKPHARMA,EQ,,,,,WOCKHARDT LIMITED,2310.00,2334.50,2265.00,2287.70,2273.00,2329.70,,2287.84,,,824745,1896648287.60,44365,F1,1,,,,,
2026-09-24,2026-09-24,CM,NSE,STK,19632,INE0Q9601016,WOMANCART,ST,,,,,WOMANCART LIMITED,101.00,104.00,98.15,100.65,101.90,102.50,,100.65,,,17200,1725580.00,39,F1,400,,,,,
2026-09-24,2026-09-24,CM,NSE,STK,7835,INE02WG01024,WEL,EQ,,,,,WONDER ELECTRICALS LTD,77.25,77.50,74.01,74.18,74.01,76.93,,74.18,,,434603,32646926.72,2929,F1,1,,,,,
2026-09-24,2026-09-24,CM,NSE,STK,3002,INE066O01014,WONDERLA,EQ,,,,,WONDERLA HOLIDAYS LTD.,508.00,511.70,506.05,509.95,508.70,510.75,,509.95,,,62008,31595450.95,1822,F1,1,,,,,
2026-09-24,2026-09-24,CM,NSE,STK,22277,INE196Y01018,WORTHPERI,EQ,,,,,WORTH PERIPHERALS LIMITED,146.98,149.99,145.03,147.26,147.00,149.21,,147.26,,,2003,294068.42,62,F1,1,,,,,
2026-09-24,2026-09-24,CM,NSE,STK,11705,INE692G01013,XCHANGING,EQ,,,,,XCHANGING SOLUTIONS LTD,61.60,61.60,59.81,60.35,60.31,61.79,,60.35,,,56011,3393472.13,1020,F1,1,,,,,
2026-09-24,2026-09-24,CM,NSE,STK,8477,INE01P501012,XELPMOC,EQ,,,,,XELPMOC DESIGN & TECH LTD,74.40,74.78,72.63,74.59,74.78,74.03,,74.59,,,3454,255352.75,147,F1,1,,,,,
2026-09-24,2026-09-24,CM,NSE,STK,11407,INE445C01015,XPROINDIA,EQ,,,,,XPRO INDIA LIMITED,1219.00,1263.50,1184.30,1207.00,1198.80,1223.50,,1206.83,,,68439,83708301.00,5300,F1,1,,,,,
2026-09-24,2026-09-24,CM,NSE,STK,25235,INE547B01028,XTGLOBAL,EQ,,,,,XTGLOBAL INFOTECH LIMITED,31.00,31.00,28.93,29.26,29.80,29.93,,29.31,,,51819,1551214.21,552,F1,1,,,,,
2026-09-24,2026-09-24,CM,NSE,STK,764312,INE0NG701011,XTRANET,EQ,,,,,XTRANET TECHNOLOGIES LTD,312.99,317.97,301.77,313.71,315.00,317.65,,313.43,,,1073441,329745185.46,14185,F1,1,,,,,
2026-09-24,2026-09-24,CM,NSE,STK,760870,INE0U0J01015,YAAP,SM,,,,,YAAP DIGITAL LIMITED,132.00,132.00,122.50,122.50,122.50,126.60,,122.50,,,7000,896450.00,7,F1,1000,,,,,
2026-09-24,2026-09-24,CM,NSE,STK,23451,INE0TO601017,YASHOPTICS,SM,,,,,YASH OPTICS & LENS LTD,134.00,136.00,131.00,131.35,131.00,134.65,,131.35,,,18400,2444560.00,19,F1,800,,,,,
2026-09-24,2026-09-24,CM,NSE,STK,18131,INE616Z01012,YASHO,EQ,,,,,YASHO INDUSTRIES LIMITED,4100.00,4249.00,4012.70,4043.70,4028.40,4144.70,,4043.66,,,41712,172651893.80,9113,F1,1,,,,,
2026-09-24,2026-09-24,CM,NSE,STK,17627,INE08S201019,YCCL,SM,,,,,YASONS CHEMEX CARE LTD,8.25,8.25,8.25,8.25,8.25,8.25,,8.25,,,3000,24750.00,1,F1,3000,,,,,
2026-09-24,2026-09-24,CM,NSE,STK,17738,INE0JO301016,YATHARTH,EQ,,,,,YATHARTH HOSP & TRA C S L,1163.00,1172.50,1145.00,1157.00,1157.00,1162.20,,1157.06,,,489737,567730369.30,25331,F1,1,,,,,
2026-09-24,2026-09-24,CM,NSE,STK,18760,INE0JR601024,YATRA,EQ,,,,,YATRA ONLINE LIMITED,109.15,109.21,104.31,105.20,105.48,108.74,,105.21,,,575540,61156802.07,5462,F1,1,,,,,
2026-09-24,2026-09-24,CM,NSE,STK,11915,INE528G01035,YESBANK,EQ,,,,,YES BANK LIMITED,23.08,23.08,22.38,22.44,22.44,23.24,,22.44,,,102237435,2304479650.00,160857,F1,1,,,,,
2026-09-24,2026-09-24,CM,NSE,STK,765010,INE290E01011,YOGI,EQ,,,,,YOGI LTD.,162.90,164.00,158.00,164.00,164.00,161.95,,162.85,,,596,95912.40,8,F1,1,,,,,
2026-09-24,2026-09-24,CM,NSE,STK,18040,INE09FA01019,YUDIZ,SM,,,,,YUDIZ SOLUTIONS LIMITED,23.00,24.00,23.00,24.00,24.00,23.00,,24.00,,,3200,74400.00,4,F1,800,,,,,
2026-09-24,2026-09-24,CM,NSE,STK,5501,INE384C01016,YUKEN,EQ,,,,,YUKEN INDIA LIMITED,1146.00,1146.00,1109.70,1127.75,1127.10,1138.90,,1127.72,,,7863,8863351.15,941,F1,1,,,,,
2026-09-24,2026-09-24,CM,NSE,STK,4229,INE116C01012,ZFSTEERING,EQ,,,,,Z F STEERING GEAR (I) LTD,710.00,760.00,709.85,746.10,748.45,703.65,,745.95,,,11028,8167081.20,1044,F1,1,,,,,
2026-09-24,2026-09-24,CM,NSE,STK,23976,INE0ISZ01012,ZTECH,SM,,,,,Z-TECH (INDIA) LIMITED,427.05,435.00,419.00,429.15,429.00,429.55,,429.15,,,16500,7097535.00,46,F1,300,,,,,
2026-09-24,2026-09-24,CM,NSE,STK,18608,INE07K301024,ZAGGLE,EQ,,,,,ZAGGLE PREPA OCEAN SER L,178.90,179.30,176.62,178.22,178.20,179.86,,178.21,,,676984,120610357.89,8266,F1,1,,,,,
2026-09-24,2026-09-24,CM,NSE,STK,17766,INE0PPS01018,ZEAL,SM,,,,,ZEAL GLOBAL SERVICES LTD,78.50,83.00,78.50,82.30,83.00,76.00,,82.30,,,7200,582360.00,11,F1,600,,,,,
2026-09-24,2026-09-24,CM,NSE,STK,3812,INE256A01028,ZEEL,EQ,,,,,ZEE ENTERTAINMENT ENT LTD,77.18,79.45,76.85,78.17,78.50,77.28,,78.17,,,14869768,1166231784.34,53583,F1,1,,,,,
2026-09-24,2026-09-24,CM,NSE,STK,20852,INE565L01011,ZEELEARN,EQ,,,,,ZEE LEARN LIMITED,6.84,6.89,6.70,6.77,6.75,6.84,,6.77,,,107560,729777.25,338,F1,1,,,,,
2026-09-24,2026-09-24,CM,NSE,STK,14003,INE966H01019,ZEEMEDIA,EQ,,,,,ZEE MEDIA CORPORATION LTD,7.51,7.59,7.37,7.40,7.41,7.51,,7.39,,,848644,6319519.64,1408,F1,1,,,,,
2026-09-24,2026-09-24,CM,NSE,STK,7508,INE251B01027,ZENTEC,EQ,,,,,ZEN TECHNOLOGIES LIMITED,1664.60,1681.60,1640.70,1645.70,1644.90,1672.30,,1645.65,,,168806,279980372.60,14784,F1,1,,,,,
2026-09-24,2026-09-24,CM,NSE,STK,22803,INE0QWN01013,ZENITHDRUG,SM,,,,,ZENITH DRUGS LIMITED,46.55,46.55,44.40,44.40,44.40,48.95,,44.40,,,5600,253920.00,7,F1,800,,,,,
2026-09-24,2026-09-24,CM,NSE,STK,4176,INE058B01018,ZENITHEXPO,EQ,,,,,ZENITH EXPORTS LTD,196.02,199.00,194.20,195.53,195.53,197.00,,195.94,,,231,45256.81,62,F1,1,,,,,
2026-09-24,2026-09-24,CM,NSE,STK,14562,INE318D01020,ZENITHSTL,EQ,,,,,ZENITH STEEL PIP IND LTD,5.47,5.47,5.22,5.27,5.33,5.34,,5.28,,,41752,221646.20,286,F1,1,,,,,
2026-09-24,2026-09-24,CM,NSE,STK,1076,INE520A01027,ZENSARTECH,EQ,,,,,ZENSAR TECHNOLOGIES  LTD,430.00,430.00,418.50,422.55,422.00,430.75,,422.55,,,1163001,491992843.65,32582,F1,1,,,,,
2026-09-24,2026-09-24,CM,NSE,STK,22901,INF0R8F01042,GOLDCASE,EQ,,,,,ZERODHAAMC - GOLDCASE,23.70,23.70,23.47,23.50,23.53,23.76,,23.50,,,7324812,172708092.34,11560,F1,1,,,,,
2026-09-24,2026-09-24,CM,NSE,STK,21750,INF0R8F01034,LIQUIDCASE,EQ,,,,,ZERODHAAMC - LIQUIDCASE,116.05,116.07,116.05,116.06,116.06,116.04,,116.06,,,17169903,1992710442.70,11436,F1,1,,,,,
2026-09-24,2026-09-24,CM,NSE,STK,758705,INF0R8F01133,LTGILTCASE,EQ,,,,,ZERODHAAMC - LTGILTCASE,30.38,30.38,30.22,30.22,30.22,30.37,,30.22,,,275925,8347068.65,192,F1,1,,,,,
2026-09-24,2026-09-24,CM,NSE,STK,24077,INF0R8F01059,MID150CASE,EQ,,,,,ZERODHAAMC - MID150CASE,11.60,11.66,11.30,11.33,11.38,11.56,,11.33,,,2268030,25825893.92,4581,F1,1,,,,,
2026-09-24,2026-09-24,CM,NSE,STK,759302,INF0R8F01166,NIFTYCASE,EQ,,,,,ZERODHAAMC - NIFTYCASE,9.63,9.63,9.27,9.31,9.33,9.40,,9.31,,,1329048,12381887.64,3239,F1,1,,,,,
2026-09-24,2026-09-24,CM,NSE,STK,30274,INF0R8F01091,SILVERCASE,EQ,,,,,ZERODHAAMC - SILVERCASE,23.01,23.15,22.88,22.91,22.93,23.37,,22.91,,,5000866,115126158.27,7359,F1,1,,,,,
2026-09-24,2026-09-24,CM,NSE,STK,758955,INF0R8F01141,SML100CASE,EQ,,,,,ZERODHAAMC - SML100CASE,11.28,11.53,11.17,11.20,11.24,11.38,,11.20,,,1896869,21362609.05,2117,F1,1,,,,,
2026-09-24,2026-09-24,CM,NSE,STK,24081,INF0R8F01067,TOP100CASE,EQ,,,,,ZERODHAAMC - TOP100CASE,10.32,10.36,10.19,10.21,10.24,10.35,,10.21,,,848441,8683905.42,1832,F1,1,,,,,
2026-09-24,2026-09-24,CM,NSE,STK,16915,INE342J01019,ZFCVINDIA,EQ,,,,,ZF COM VE CTR SYS IND LTD,2356.90,2375.80,2325.20,2345.50,2340.00,2357.20,,2345.67,,,164020,384696242.60,23874,F1,1,,,,,
2026-09-24,2026-09-24,CM,NSE,STK,12384,INE518E01015,ZIMLAB,EQ,,,,,ZIM LABORATORIES LIMITED,132.09,143.88,131.50,137.82,139.00,133.56,,138.27,,,90235,12293854.58,830,F1,1,,,,,
2026-09-24,2026-09-24,CM,NSE,STK,3821,INE206B01013,ZODIACLOTH,EQ,,,,,ZODIAC CLOTHING CO. LTD.,70.09,70.09,69.23,69.23,69.23,69.71,,69.23,,,1807,126019.80,28,F1,1,,,,,
2026-09-24,2026-09-24,CM,NSE,STK,7129,INE761Y01019,ZODIAC,EQ,,,,,ZODIAC ENERGY LIMITED,229.94,229.94,220.00,227.44,227.75,229.94,,227.48,,,9943,2247923.41,536,F1,1,,,,,
2026-09-24,2026-09-24,CM,NSE,STK,11394,INE358U01012,ZOTA,EQ,,,,,ZOTA HEALTH CARE LIMITED,1370.30,1405.80,1325.50,1345.70,1333.50,1390.60,,1345.70,,,92659,126451851.30,7601,F1,1,,,,,
2026-09-24,2026-09-24,CM,NSE,STK,29050,INE840M01016,ZUARI,EQ,,,,,ZUARI AGRO CHEMICALS LTD,222.55,225.75,217.06,218.41,218.00,224.09,,218.41,,,85550,18946256.88,2783,F1,1,,,,,
2026-09-24,2026-09-24,CM,NSE,STK,3827,INE217A01012,ZUARIIND,EQ,,,,,ZUARI INDUSTRIES LIMITED,283.65,289.00,278.20,282.85,285.00,278.90,,282.84,,,133311,37893103.25,4036,F1,1,,,,,
2026-09-24,2026-09-24,CM,NSE,STK,7929,INE010B01027,ZYDUSLIFE,EQ,,,,,ZYDUS LIFESCIENCES LTD,1169.80,1190.60,1161.60,1180.30,1180.30,1170.10,,1180.29,,,1965875,2322558035.60,39301,F1,1,,,,,
2026-09-24,2026-09-24,CM,NSE,STK,17635,INE768C01028,ZYDUSWELL,EQ,,,,,ZYDUS WELLNESS LIMITED,529.00,529.45,518.60,520.15,520.10,531.00,,520.14,,,66218,34631024.75,5302,F1,1,,,,,
