TradDt,BizDt,Sgmt,Src,FinInstrmTp,FinInstrmId,ISIN,TckrSymb,SctySrs,XpryDt,FininstrmActlXpryDt,StrkPric,OptnTp,FinInstrmNm,OpnPric,HghPric,LwPric,ClsPric,LastPric,PrvsClsgPric,UndrlygPric,SttlmPric,OpnIntrst,ChngInOpnIntrst,TtlTradgVol,TtlTrfVal,TtlNbOfTxsExctd,SsnId,NewBrdLotQty,Rmks,Rsvd1,Rsvd2,Rsvd3,Rsvd4
2026-09-18,2026-09-18,CM,NSE,STK,19078,IN0020200104,SGBJUN28,GB,,,,,2.5%GOLDBONDS2028SR-III,14935.00,15200.00,14851.00,15168.14,15151.00,14930.00,,15168.14,,,544,8197835.11,95,F1,1,,,,,
2026-09-18,2026-09-18,CM,NSE,STK,1342,IN0020200286,SGBN28VIII,GB,,,,,2.5%GOLDBONDS2028SR-VIII,15062.00,15207.00,15062.00,15202.00,15202.00,14980.00,,15202.00,,,67,1013714.08,13,F1,1,,,,,
2026-09-18,2026-09-18,CM,NSE,STK,3742,IN0020210053,SGBMAY29I,GB,,,,,2.5%GOLDBONDS2029SR-I,15000.00,15270.00,15000.00,15243.18,15170.01,14967.66,,15243.18,,,442,6716899.87,76,F1,1,,,,,
2026-09-18,2026-09-18,CM,NSE,STK,3743,IN0020210061,SGBJUN29II,GB,,,,,2.5%GOLDBONDS2029SR-II,15094.00,15218.54,15035.00,15160.82,15161.00,14991.00,,15160.65,,,203,3076200.95,27,F1,1,,,,,
2026-09-18,2026-09-18,CM,NSE,STK,3800,IN0020210087,SGBJU29III,GB,,,,,2.5%GOLDBONDS2029SR-III,14906.00,15225.00,14906.00,15214.29,15210.00,14955.00,,15214.29,,,175,2651161.83,22,F1,1,,,,,
2026-09-18,2026-09-18,CM,NSE,STK,5575,IN0020210145,SGBSEP29VI,GB,,,,,2.5%GOLDBONDS2029SR-VI,15160.00,15229.99,15121.00,15171.22,15165.00,15142.77,,15171.22,,,211,3199587.24,76,F1,1,,,,,
2026-09-18,2026-09-18,CM,NSE,STK,6518,IN0020210178,SGBNV29VII,GB,,,,,2.5%GOLDBONDS2029SR-VII,15101.00,15280.00,15101.00,15250.25,15250.00,15000.00,,15250.25,,,406,6173989.00,45,F1,1,,,,,
2026-09-18,2026-09-18,CM,NSE,STK,5960,IN0020180249,SGBOCT26,GB,,,,,2.50%GOLDBONDS2026SR-II,15250.00,15250.00,15250.00,15250.00,15250.00,15130.00,,15259.11,,,12,183000.00,1,F1,1,,,,,
2026-09-18,2026-09-18,CM,NSE,STK,6355,IN0020180314,SGBNOV26,GB,,,,,2.50%GOLDBONDS2026SR-III,15025.00,15025.00,15025.00,15025.00,15025.00,14950.00,,15025.00,,,4,60100.00,1,F1,1,,,,,
2026-09-18,2026-09-18,CM,NSE,STK,10261,IN0020190073,SGBJUN27,GB,,,,,2.50%GOLDBONDS2027SR-I,15192.34,15192.34,15192.34,15192.34,15192.34,14924.00,,15198.67,,,1,15192.34,1,F1,1,,,,,
2026-09-18,2026-09-18,CM,NSE,STK,12904,IN0020190107,SGBAUG27,GB,,,,,2.50%GOLDBONDS2027SR-III,15020.00,15250.00,15020.00,15178.16,15150.00,14961.00,,15187.84,,,43,651130.10,27,F1,1,,,,,
2026-09-18,2026-09-18,CM,NSE,STK,13209,IN0020190115,SGBSEP27,GB,,,,,2.50%GOLDBONDS2027SR-IV,15099.00,15199.99,15099.00,15199.98,15199.98,14949.90,,15199.98,,,12,182142.88,4,F1,1,,,,,
2026-09-18,2026-09-18,CM,NSE,STK,8308,IN0020180462,SGBJAN27,GB,,,,,2.50%GOLDBONDS2027SR-V,15100.00,15100.00,15100.00,15100.00,15100.00,14900.21,,15100.00,,,2,30200.00,2,F1,1,,,,,
2026-09-18,2026-09-18,CM,NSE,STK,13981,IN0020190370,SGBOCT27,GB,,,,,2.50%GOLDBONDS2027SR-V,15195.00,15300.00,15195.00,15300.00,15300.00,15000.00,,15300.00,,,22,335250.00,6,F1,1,,,,,
2026-09-18,2026-09-18,CM,NSE,STK,14252,IN0020190388,SGBOCT27VI,GB,,,,,2.50%GOLDBONDS2027SR-VI,15115.01,15249.00,15115.01,15249.00,15249.00,15050.00,,15249.00,,,4,60728.02,2,F1,1,,,,,
2026-09-18,2026-09-18,CM,NSE,STK,15432,IN0020190461,SGBDC27VII,GB,,,,,2.50%GOLDBONDS2027SR-VII,15100.00,15200.00,15061.11,15160.00,15160.00,15100.00,,15160.00,,,101,1529219.95,15,F1,1,,,,,
2026-09-18,2026-09-18,CM,NSE,STK,18862,IN0020200062,SGBAPR28I,GB,,,,,2.50%GOLDBONDS2028SR-I,15048.98,15330.00,15001.00,15300.00,15300.01,15048.98,,15300.00,,,712,10826568.48,75,F1,1,,,,,
2026-09-18,2026-09-18,CM,NSE,STK,18972,IN0020200088,SGBMAY28,GB,,,,,2.50%GOLDBONDS2028SR-II,15020.00,15250.00,15020.00,15237.62,15202.00,14990.40,,15237.62,,,66,1001233.56,16,F1,1,,,,,
2026-09-18,2026-09-18,CM,NSE,STK,22242,IN0020200146,SGBJUL28IV,GB,,,,,2.50%GOLDBONDS2028SR-IV,15175.00,15190.00,14936.46,15132.89,15131.02,14914.46,,15151.93,,,299,4520255.88,56,F1,1,,,,,
2026-09-18,2026-09-18,CM,NSE,STK,17664,IN0020190545,SGBFEB28IX,GB,,,,,2.50%GOLDBONDS2028SR-IX,15200.00,15200.00,15050.00,15050.00,15050.00,14999.99,,15070.00,,,30,453450.00,10,F1,1,,,,,
2026-09-18,2026-09-18,CM,NSE,STK,22385,IN0020200161,SGBAUG28V,GB,,,,,2.50%GOLDBONDS2028SR-V,15006.56,15200.01,15006.56,15193.70,15188.86,14941.61,,15193.86,,,1171,17733667.96,208,F1,1,,,,,
2026-09-18,2026-09-18,CM,NSE,STK,149,IN0020200195,SGBSEP28VI,GB,,,,,2.50%GOLDBONDS2028SR-VI,15198.00,15198.00,15015.00,15165.93,15189.99,14940.84,,15166.35,,,232,3507333.41,59,F1,1,,,,,
2026-09-18,2026-09-18,CM,NSE,STK,834,IN0020200203,SGBOC28VII,GB,,,,,2.50%GOLDBONDS2028SR-VII,15200.00,15375.00,15200.00,15358.88,15350.00,15090.19,,15358.88,,,1401,21529104.93,30,F1,1,,,,,
2026-09-18,2026-09-18,CM,NSE,STK,5113,IN0020210111,SGBJUL29IV,GB,,,,,2.50%GOLDBONDS2029SR-IV,15208.00,15208.00,15111.01,15162.44,15150.01,15204.64,,15162.44,,,45,681583.73,14,F1,1,,,,,
2026-09-18,2026-09-18,CM,NSE,STK,1920,IN0020200377,SGBJAN29IX,GB,,,,,2.50%GOLDBONDS2029SR-IX,14926.00,15225.00,14926.00,15225.00,15225.00,14946.00,,15230.00,,,298,4519653.56,39,F1,1,,,,,
2026-09-18,2026-09-18,CM,NSE,STK,5455,IN0020210129,SGBAUG29V,GB,,,,,2.50%GOLDBONDS2029SR-V,15083.49,15287.99,15083.49,15229.06,15159.82,14959.85,,15224.12,,,138,2090576.22,48,F1,1,,,,,
2026-09-18,2026-09-18,CM,NSE,STK,7098,IN0020210228,SGBD29VIII,GB,,,,,2.50%GOLDBONDS2029SR-VIII,15200.00,15374.99,15150.00,15258.49,15268.00,14989.61,,15256.72,,,71,1083511.32,29,F1,1,,,,,
2026-09-18,2026-09-18,CM,NSE,STK,2003,IN0020200385,SGBJAN29X,GB,,,,,2.50%GOLDBONDS2029SR-X,14936.01,15225.00,14936.01,15177.00,15205.00,14926.50,,15171.50,,,134,2027896.46,40,F1,1,,,,,
2026-09-18,2026-09-18,CM,NSE,STK,2200,IN0020200393,SGBFEB29XI,GB,,,,,2.50%GOLDBONDS2029SR-XI,15110.00,15225.00,15015.80,15189.47,15220.34,14905.50,,15183.57,,,39,591077.59,19,F1,1,,,,,
2026-09-18,2026-09-18,CM,NSE,STK,2810,IN0020200427,SGBMR29XII,GB,,,,,2.50%GOLDBONDS2029SR-XII,15100.00,15217.00,15100.00,15217.00,15217.00,14965.00,,15213.50,,,102,1546426.74,40,F1,1,,,,,
2026-09-18,2026-09-18,CM,NSE,STK,10232,IN0020220045,SGBJUN30,GB,,,,,2.50%GOLDBONDS2030SR-I,15171.00,15350.00,15171.00,15300.00,15300.00,15118.33,,15300.00,,,40,611067.00,7,F1,1,,,,,
2026-09-18,2026-09-18,CM,NSE,STK,11192,IN0020220078,SGBAUG30,GB,,,,,2.50%GOLDBONDS2030SR-II,15198.53,15374.90,15121.00,15300.38,15350.52,15098.53,,15303.95,,,89,1356160.75,51,F1,1,,,,,
2026-09-18,2026-09-18,CM,NSE,STK,13642,IN0020220110,SGBDE30III,GB,,,,,2.50%GOLDBONDS2030SR-III,15130.08,15355.99,15130.08,15330.08,15344.99,15130.08,,15330.08,,,208,3180079.52,92,F1,1,,,,,
2026-09-18,2026-09-18,CM,NSE,STK,7879,IN0020210236,SGBJAN30IX,GB,,,,,2.50%GOLDBONDS2030SR-IX,15076.02,15349.99,15076.02,15329.40,15345.00,15066.66,,15335.00,,,131,1993015.49,31,F1,1,,,,,
2026-09-18,2026-09-18,CM,NSE,STK,8401,IN0020210319,SGBMAR30X,GB,,,,,2.50%GOLDBONDS2030SR-X,15201.00,15390.00,15201.00,15329.66,15389.00,15044.91,,15322.25,,,11,168121.95,10,F1,1,,,,,
2026-09-18,2026-09-18,CM,NSE,STK,17202,IN0020230069,SGBJUN31I,GB,,,,,2.50%GOLDBONDS2031SR-I,15306.56,15401.00,15283.55,15400.29,15400.00,15276.30,,15400.29,,,398,6104890.07,120,F1,1,,,,,
2026-09-18,2026-09-18,CM,NSE,STK,19456,IN0020230093,SGBSEP31II,GB,,,,,2.50%GOLDBONDS2031SR-II,15256.56,15599.00,15256.56,15430.84,15431.00,15234.22,,15430.74,,,1412,21735593.39,223,F1,1,,,,,
2026-09-18,2026-09-18,CM,NSE,STK,22476,IN0020230168,SGBDE31III,GB,,,,,2.50%GOLDBONDS2031SR-III,15406.56,15579.96,15406.56,15550.07,15550.00,15365.79,,15549.98,,,1295,20056998.95,213,F1,1,,,,,
2026-09-18,2026-09-18,CM,NSE,STK,14598,IN0020220169,SGBMAR31IV,GB,,,,,2.50%GOLDBONDS2031SR-IV,15300.00,15350.00,15300.00,15342.00,15342.00,15184.28,,15342.00,,,72,1103883.99,35,F1,1,,,,,
2026-09-18,2026-09-18,CM,NSE,STK,22886,IN0020230184,SGBFEB32IV,GB,,,,,2.50%GOLDBONDS2032SR-IV,15607.84,15819.99,15607.84,15782.16,15711.01,15607.84,,15781.86,,,1196,18800967.90,227,F1,1,,,,,
2026-09-18,2026-09-18,CM,NSE,STK,16921,INE144J01027,20MICRONS,EQ,,,,,20 MICRONS LTD,207.77,209.00,204.62,208.28,206.50,205.71,,208.26,,,45744,9469881.14,1711,F1,1,,,,,
2026-09-18,2026-09-18,CM,NSE,STK,4,INE253B01015,21STCENMGM,EQ,,,,,21ST CENTURY MGMT SERVICE,38.81,39.29,38.81,38.98,38.81,38.62,,38.98,,,135,5281.35,10,F1,1,,,,,
2026-09-18,2026-09-18,CM,NSE,STK,13061,INE466L01038,360ONE,EQ,,,,,360 ONE WAM LIMITED,1060.50,1086.10,1060.50,1073.10,1073.10,1061.30,,1073.10,,,519067,559494770.60,25530,F1,1,,,,,
2026-09-18,2026-09-18,CM,NSE,STK,30105,INF579M01BB5,GOLD360,EQ,,,,,360ONEAMC - GOLD360,148.45,149.85,147.95,149.10,149.05,147.25,,148.99,,,6821,1016378.95,215,F1,1,,,,,
2026-09-18,2026-09-18,CM,NSE,STK,763602,INF579M01BP5,MSCI360,EQ,,,,,360ONEAMC - MSCI360,9.88,10.06,9.80,9.96,9.95,9.86,,9.96,,,3868,37982.25,30,F1,1,,,,,
2026-09-18,2026-09-18,CM,NSE,STK,756150,INF579M01BC3,SILVER360,EQ,,,,,360ONEAMC - SILVER360,225.50,230.94,225.50,229.98,230.04,223.42,,229.98,,,22855,5236851.70,581,F1,1,,,,,
2026-09-18,2026-09-18,CM,NSE,STK,762518,INE994E01018,3BBLACKBIO,EQ,,,,,3B BLACKBIO DX LTD.,1313.50,1328.70,1289.80,1319.30,1327.00,1290.80,,1320.16,,,6766,8792121.30,592,F1,1,,,,,
2026-09-18,2026-09-18,CM,NSE,STK,6240,INE748C01038,3IINFOLTD,BE,,,,,3I INFOTECH LIMITED,25.67,26.00,24.56,25.50,25.50,25.76,,25.50,,,419639,10784832.23,863,F1,1,,,,,
2026-09-18,2026-09-18,CM,NSE,STK,474,INE470A01017,3MINDIA,EQ,,,,,3M INDIA LIMITED,32530.00,34450.00,32380.00,34095.00,34275.00,32530.00,,34100.70,,,8040,270674015.00,3757,F1,1,,,,,
2026-09-18,2026-09-18,CM,NSE,STK,2595,INE105C01023,3PLAND,EQ,,,,,3P LAND HOLDINGS LIMITED,31.50,31.50,30.50,31.09,31.00,31.40,,31.09,,,721,22395.04,74,F1,1,,,,,
2026-09-18,2026-09-18,CM,NSE,STK,445,INE618L01018,5PAISA,EQ,,,,,5PAISA CAPITAL LIMITED,314.10,323.00,314.10,321.35,320.60,315.40,,321.29,,,21347,6825423.40,1417,F1,1,,,,,
2026-09-18,2026-09-18,CM,NSE,STK,11868,INE111B01023,63MOONS,EQ,,,,,63 MOONS TECHNOLOGIES LTD,872.65,890.15,864.45,884.75,883.00,872.65,,884.75,,,231331,203673379.50,12047,F1,1,,,,,
2026-09-18,2026-09-18,CM,NSE,STK,29312,INE031A07865,751HUDCO28,N5,,,,,7.51 NCD 16FEB28 TR1 SR2,1072.09,1072.75,1072.09,1072.75,1072.75,1072.09,,1072.75,,,332,355964.90,3,F1,1,,,,,
2026-09-18,2026-09-18,CM,NSE,STK,20034,INE261F07032,764NABAR31,N2,,,,,7.64% TAX FREE TRI SRIIB,1118.99,1119.80,1115.05,1119.52,1119.74,1118.99,,1119.52,,,793,885496.91,11,F1,1,,,,,
2026-09-18,2026-09-18,CM,NSE,STK,19928,INE031A07AO5,764HUDCO31,N8,,,,,7.64% TAX FREETRI SR2B,1123.00,1123.00,1117.25,1117.25,1117.25,1123.00,,1118.13,,,300,335648.50,4,F1,1,,,,,
2026-09-18,2026-09-18,CM,NSE,STK,19930,INE031A07AT4,769HUDCO31,N9,,,,,7.69% TAX FREETRII SR2B,1139.99,1139.99,1136.00,1136.00,1136.00,1135.86,,1135.26,,,35,39799.90,3,F1,1,,,,,
2026-09-18,2026-09-18,CM,NSE,STK,19924,INE020B07GH7,812REC27,NI,,,,,8.12/8.32% TAX FREE NCD,1028.00,1028.40,1028.00,1028.40,1028.40,1027.50,,1028.40,,,350,359920.00,4,F1,1,,,,,
2026-09-18,2026-09-18,CM,NSE,STK,31240,INE031A07840,82HUDCO27,N2,,,,,8.20 NCD05MAR27 FV 1000,1050.70,1056.90,1050.70,1051.95,1051.75,1058.99,,1052.05,,,1157,1216377.50,16,F1,1,,,,,
2026-09-18,2026-09-18,CM,NSE,STK,20022,INE134E07208,830PFCL27,N5,,,,,8.30% TAX FREE NCD,1084.02,1086.00,1084.01,1085.99,1085.99,1083.50,,1085.13,,,660,716650.80,7,F1,1,,,,,
2026-09-18,2026-09-18,CM,NSE,STK,192,INE906B07DF8,875NHAI29,N6,,,,,8.75% TAX FREE TR I S IIB,1115.30,1120.00,1115.30,1120.00,1120.00,1123.00,,1120.00,,,201,224650.00,5,F1,1,,,,,
2026-09-18,2026-09-18,CM,NSE,STK,20058,INE787H07370,891IIFCL34,N4,,,,,8.91% TAX FREE NCD,1264.00,1265.00,1264.00,1265.00,1265.00,1261.55,,1265.06,,,1194,1510310.00,6,F1,1,,,,,
2026-09-18,2026-09-18,CM,NSE,STK,31768,INE733E07JJ9,891NTPC33,N6,,,,,8.91%S-R-NCD SERIES 3B,1275.05,1285.00,1275.05,1280.00,1280.00,1277.25,,1280.00,,,791,1012037.70,17,F1,1,,,,,
2026-09-18,2026-09-18,CM,NSE,STK,20028,INE134E07463,892PFCL33,N8,,,,,8.92% TAX FREE NCD,1282.55,1282.55,1282.00,1282.00,1282.00,1281.00,,1282.00,,,811,1039714.21,9,F1,1,,,,,
2026-09-18,2026-09-18,CM,NSE,STK,19970,INE031A07AB2,901HUDCO34,NE,,,,,9.01% TAX FREETRII SR3B,1281.00,1290.00,1280.01,1284.00,1284.00,1281.00,,1284.00,,,1784,2290338.30,35,F1,1,,,,,
2026-09-18,2026-09-18,CM,NSE,STK,759130,INE08PH01015,ABCOTS,EQ,,,,,A B COTSPIN INDIA LIMITED,221.00,222.01,206.05,209.85,209.00,210.83,,209.94,,,219982,47393933.54,613,F1,1,,,,,
2026-09-18,2026-09-18,CM,NSE,STK,27016,INE00YB01025,ABINFRA,BE,,,,,A B INFRABUILD LIMITED,11.08,11.57,11.00,11.57,11.57,11.02,,11.57,,,395493,4533878.59,238,F1,1,,,,,
2026-09-18,2026-09-18,CM,NSE,STK,762528,INE850B01026,ABMKNO,EQ,,,,,A B M KNOWLEDGEWARE LTD.,178.00,187.90,170.05,170.50,170.05,174.37,,170.83,,,1382,237295.14,75,F1,1,,,,,
2026-09-18,2026-09-18,CM,NSE,STK,762536,INE366C01021,ACSTECH,BE,,,,,A C S TECHNOLOGIES LTD.,64.99,66.15,64.99,66.15,66.15,63.00,,66.32,,,430625,28440028.88,625,F1,1,,,,,
2026-09-18,2026-09-18,CM,NSE,STK,762538,INE701G01012,AKCAPIT,EQ,,,,,A K CAPITAL SERVICES LTD.,1731.40,1755.00,1701.30,1746.40,1745.00,1748.40,,1746.40,,,1185,2059210.90,185,F1,1,,,,,
2026-09-18,2026-09-18,CM,NSE,STK,20906,INE619I01012,A2ZINFRA,EQ,,,,,A2Z INFRA ENGINEERING LTD,15.31,15.31,14.87,14.89,14.87,15.01,,14.89,,,43624,652048.47,189,F1,1,,,,,
2026-09-18,2026-09-18,CM,NSE,STK,12533,INE0D0U01013,AAATECH,EQ,,,,,AAA TECHNOLOGIES LIMITED,88.00,88.00,84.05,86.95,87.88,84.57,,86.95,,,107337,9275545.37,499,F1,1,,,,,
2026-09-18,2026-09-18,CM,NSE,STK,23729,INE883F01010,AADHARHFC,EQ,,,,,AADHAR HOUSING FINANCE L,467.00,470.70,453.70,461.65,460.80,469.35,,461.66,,,2175228,1004929298.95,35941,F1,1,,,,,
2026-09-18,2026-09-18,CM,NSE,STK,757579,INE1GYP01013,AAKAAR,SM,,,,,AAKAAR MEDICAL TECHNO LTD,63.00,66.15,61.05,64.50,65.00,63.00,,64.50,,,28800,1793200.00,8,F1,1600,,,,,
2026-09-18,2026-09-18,CM,NSE,STK,235,INE087Z01024,AAKASH,EQ,,,,,AAKASH EXPLORATION SER L,8.92,9.18,8.80,8.88,8.85,8.92,,8.88,,,78109,701856.40,284,F1,1,,,,,
2026-09-18,2026-09-18,CM,NSE,STK,758216,INE124401014,AARADHYA,ST,,,,,AARADHYA DISPOSAL INDUS L,139.00,146.95,139.00,141.00,141.00,140.30,,141.00,,,21600,3093000.00,18,F1,1200,,,,,
2026-09-18,2026-09-18,CM,NSE,STK,5245,INE198H01019,AAREYDRUGS,EQ,,,,,AAREY DRUGS & PHARM LTD,103.00,103.50,98.81,102.13,101.00,101.72,,102.22,,,289834,29542729.05,1903,F1,1,,,,,
2026-09-18,2026-09-18,CM,NSE,STK,761824,INE750R01016,AARNAV,BE,,,,,AARNAV FASHIONS LIMITED,30.50,31.90,30.50,31.20,31.20,31.40,,31.20,,,3120,96763.18,39,F1,1,,,,,
2026-09-18,2026-09-18,CM,NSE,STK,1030,INE721Z01010,AARON,EQ,,,,,AARON INDUSTRIES LIMITED,124.42,126.99,115.00,119.92,119.78,124.42,,119.92,,,38147,4547539.41,986,F1,1,,,,,
2026-09-18,2026-09-18,CM,NSE,STK,17164,INE01C001026,AARTECH,BE,,,,,AARTECH SOLONICS LIMITED,51.45,51.82,49.77,51.33,51.70,51.40,,51.28,,,17042,867904.46,89,F1,1,,,,,
2026-09-18,2026-09-18,CM,NSE,STK,4481,INE767A01016,AARTIDRUGS,EQ,,,,,AARTI DRUGS LTD.,428.35,435.20,426.00,431.80,432.70,428.35,,431.80,,,88332,38104319.55,3735,F1,1,,,,,
2026-09-18,2026-09-18,CM,NSE,STK,7,INE769A01020,AARTIIND,EQ,,,,,AARTI INDUSTRIES LTD,476.65,493.45,476.25,491.15,485.10,476.60,,491.13,,,541708,264375204.25,16336,F1,1,,,,,
2026-09-18,2026-09-18,CM,NSE,STK,13868,INE0LRU01027,AARTIPHARM,EQ,,,,,AARTI PHARMALABS LIMITED,827.00,845.70,812.40,820.40,822.05,826.95,,820.43,,,1901494,1563253137.65,22382,F1,1,,,,,
2026-09-18,2026-09-18,CM,NSE,STK,19263,INE09EO01013,AARTISURF,BE,,,,,AARTI SURFACTANTS LIMITED,530.00,545.00,530.00,535.95,538.00,525.45,,531.43,,,9675,5226985.90,297,F1,1,,,,,
2026-09-18,2026-09-18,CM,NSE,STK,19073,INE754X01016,AARVI,EQ,,,,,AARVI ENCON LIMITED,141.90,141.90,138.12,139.95,139.99,140.82,,139.95,,,3984,555973.60,115,F1,1,,,,,
2026-09-18,2026-09-18,CM,NSE,STK,763800,INE2FMX01012,AASTHA,EQ,,,,,AASTHA SPINTEX LIMITED,77.99,77.99,74.24,76.25,76.20,76.78,,76.25,,,240248,18217595.80,2115,F1,1,,,,,
2026-09-18,2026-09-18,CM,NSE,STK,5385,INE216P01012,AAVAS,EQ,,,,,AAVAS FINANCIERS LIMITED,1296.00,1304.90,1273.80,1284.60,1300.00,1291.80,,1284.49,,,164549,212169030.30,12930,F1,1,,,,,
2026-09-18,2026-09-18,CM,NSE,STK,7759,INE421A01028,ABAN,BE,,,,,ABAN OFFSHORE LTD.,14.32,14.60,14.04,14.54,14.50,14.32,,14.53,,,11942,172207.82,90,F1,1,,,,,
2026-09-18,2026-09-18,CM,NSE,STK,762523,INE365O01028,ABANSENT,EQ,,,,,ABANS ENTERPRISES LTD.,26.61,27.46,26.00,26.07,26.07,26.61,,25.89,,,7320,193507.14,127,F1,1,,,,,
2026-09-18,2026-09-18,CM,NSE,STK,13288,INE00ZE01026,AFSL,EQ,,,,,ABANS FINANCIAL SRVCS LTD,202.45,202.45,201.00,201.00,201.00,201.00,,201.00,,,7974,1603061.73,50,F1,1,,,,,
2026-09-18,2026-09-18,CM,NSE,STK,13,INE117A01022,ABB,EQ,,,,,ABB INDIA LIMITED,7185.50,7307.00,7151.00,7270.50,7270.50,7130.50,,7270.50,,,383030,2767162282.50,31908,F1,1,,,,,
2026-09-18,2026-09-18,CM,NSE,STK,17903,INE358A01014,ABBOTINDIA,EQ,,,,,ABBOTT INDIA LIMITED,26035.00,27490.00,26035.00,27270.00,27200.00,25910.00,,27270.20,,,38339,1038121980.00,14454,F1,1,,,,,
2026-09-18,2026-09-18,CM,NSE,STK,765463,INE1R2M01019,ABH,SM,,,,,ABH HEALTHCARE LIMITED,39.00,43.75,39.00,43.75,43.75,39.80,,43.75,,,123600,5219520.00,94,F1,1200,,,,,
2026-09-18,2026-09-18,CM,NSE,STK,27284,INE0UYG01015,ABHAPOWER,SM,,,,,ABHA POWER N STEEL LTD,23.00,24.65,23.00,24.65,24.65,23.70,,24.65,,,6400,151520.00,4,F1,1600,,,,,
2026-09-18,2026-09-18,CM,NSE,STK,4626,INE0CAJ01017,AILIMITED,SM,,,,,ABHISHEK INTEGRATIONS LTD,17.30,17.30,17.25,17.25,17.25,18.15,,17.25,,,6000,103650.00,2,F1,3000,,,,,
2026-09-18,2026-09-18,CM,NSE,STK,5551,INE251C01025,ABMINTLLTD,BE,,,,,ABM INTERNATIONAL LTD,49.98,49.98,49.98,49.98,49.98,51.00,,49.98,,,28,1399.44,2,F1,1,,,,,
2026-09-18,2026-09-18,CM,NSE,STK,23783,INE0QRV01016,ABSMARINE,SM,,,,,ABS MARINE SERVICES LTD,304.60,304.60,275.10,286.20,288.00,304.60,,286.20,,,90500,26284725.00,160,F1,500,,,,,
2026-09-18,2026-09-18,CM,NSE,STK,22,INE012A01025,ACC,EQ,,,,,ACC LIMITED,1236.60,1279.90,1236.60,1259.70,1272.00,1232.50,,1259.80,,,386560,485295987.10,18583,F1,1,,,,,
2026-09-18,2026-09-18,CM,NSE,STK,7053,INE793A01012,ACCELYA,EQ,,,,,ACCELYA SOLN INDIA LTD,1131.80,1132.00,1117.00,1123.00,1125.00,1122.00,,1123.08,,,3559,3993392.70,422,F1,1,,,,,
2026-09-18,2026-09-18,CM,NSE,STK,20488,INE0Q5D01013,ACCENTMIC,SM,,,,,ACCENT MICROCELL LIMITED,682.45,698.90,676.55,681.75,677.60,679.05,,681.75,,,23000,15693025.00,45,F1,500,,,,,
2026-09-18,2026-09-18,CM,NSE,STK,757024,INE0T8T01010,ACCPL,ST,,,,,ACCRETION PHARMA LIMITED,204.05,210.00,204.05,210.00,210.00,210.85,,210.00,,,2400,496860.00,2,F1,1200,,,,,
2026-09-18,2026-09-18,CM,NSE,STK,1472,INE648Z01023,ACCURACY,BE,,,,,ACCURACY SHIPPING LIMITED,4.65,4.73,4.54,4.65,4.64,4.65,,4.65,,,37927,176783.21,158,F1,1,,,,,
2026-09-18,2026-09-18,CM,NSE,STK,11779,INE543V01017,ACEINTEG,EQ,,,,,ACE INTEGRATED SOLU. LTD.,17.80,17.81,17.11,17.37,17.25,18.00,,17.37,,,2419,42009.74,117,F1,1,,,,,
2026-09-18,2026-09-18,CM,NSE,STK,27061,INE622W01025,ACMESOLAR,EQ,,,,,ACME SOLAR HOLDINGS LTD,411.50,440.70,411.50,435.25,438.65,411.30,,435.22,,,12038412,5200825815.95,140266,F1,1,,,,,
2026-09-18,2026-09-18,CM,NSE,STK,13587,INE731H01025,ACE,EQ,,,,,ACTION CONST EQUIP LTD,1212.30,1241.50,1202.00,1229.20,1229.10,1205.60,,1229.20,,,881443,1080864356.50,53542,F1,1,,,,,
2026-09-18,2026-09-18,CM,NSE,STK,30464,INE0KLO01025,ACTIVEINFR,SM,,,,,ACTIVE INFRASTRUCTURES L,173.50,186.25,173.50,182.05,182.05,171.00,,182.05,,,27600,5004960.00,10,F1,600,,,,,
2026-09-18,2026-09-18,CM,NSE,STK,5578,INE00FF01025,ACUTAAS,EQ,,,,,ACUTAAS CHEMICALS LIMITED,3334.00,3462.00,3302.50,3440.30,3425.20,3315.10,,3440.17,,,521496,1772301510.00,57381,F1,1,,,,,
2026-09-18,2026-09-18,CM,NSE,STK,10217,INE931S01010,ADANIENSOL,EQ,,,,,ADANI ENERGY SOLUTION LTD,1380.90,1436.50,1380.90,1436.10,1436.10,1386.80,,1436.07,,,2145921,3051123276.60,56528,F1,1,,,,,
2026-09-18,2026-09-18,CM,NSE,STK,25,INE423A01024,ADANIENT,EQ,,,,,ADANI ENTERPRISES LIMITED,2933.00,3020.00,2924.60,3020.00,3020.00,2923.20,,3019.97,,,1628125,4868780176.20,45436,F1,1,,,,,
2026-09-18,2026-09-18,CM,NSE,STK,3563,INE364U01010,ADANIGREEN,EQ,,,,,ADANI GREEN ENERGY LTD,1274.20,1337.90,1274.20,1334.50,1334.50,1274.20,,1334.41,,,2597171,3414211307.90,55633,F1,1,,,,,
2026-09-18,2026-09-18,CM,NSE,STK,15083,INE742F01042,ADANIPORTS,EQ,,,,,ADANI PORT & SEZ LTD,1748.00,1824.00,1744.00,1824.00,1824.00,1738.30,,1823.75,,,4148803,7413905199.30,70921,F1,1,,,,,
2026-09-18,2026-09-18,CM,NSE,STK,17388,INE814H01029,ADANIPOWER,EQ,,,,,ADANI POWER LTD,206.05,209.60,205.64,206.60,206.60,205.92,,206.61,,,18185888,3775945326.52,67512,F1,1,,,,,
2026-09-18,2026-09-18,CM,NSE,STK,6066,INE399L01023,ATGL,EQ,,,,,ADANI TOTAL GAS LIMITED,587.40,674.80,587.40,660.70,657.60,587.00,,660.69,,,39305845,25651252411.75,586365,F1,1,,,,,
2026-09-18,2026-09-18,CM,NSE,STK,764563,INE757C01021,ADDIND,EQ,,,,,ADDI INDUSTRIES LTD.,83.00,83.00,82.65,82.65,82.65,78.45,,82.07,,,3,248.54,3,F1,1,,,,,
2026-09-18,2026-09-18,CM,NSE,STK,22468,INE0RDH01021,ADDICTIVE,SM,,,,,ADDICTIVE LEARNING TECH L,43.40,43.40,43.40,43.40,43.40,45.00,,43.40,,,500,21700.00,1,F1,500,,,,,
2026-09-18,2026-09-18,CM,NSE,STK,19761,INE982B01027,ADFFOODS,EQ,,,,,ADF FOODS LIMITED,265.10,265.90,260.20,261.45,261.20,267.75,,261.46,,,88038,23129650.65,2286,F1,1,,,,,
2026-09-18,2026-09-18,CM,NSE,STK,763156,INE20PL01012,ADISOFT,SM,,,,,ADISOFT TECHNOLOGIES LTD,226.50,234.80,226.50,231.50,232.00,228.85,,231.50,,,32000,7422840.00,40,F1,800,,,,,
2026-09-18,2026-09-18,CM,NSE,STK,6018,INE404A01024,ABSLAMC,EQ,,,,,ADIT BIRL SUN LIF AMC LTD,1083.00,1107.90,1053.40,1060.40,1065.00,1090.10,,1060.43,,,378189,409840728.60,30534,F1,1,,,,,
2026-09-18,2026-09-18,CM,NSE,STK,21614,INE674K01013,ABCAPITAL,EQ,,,,,ADITYA BIRLA CAPITAL LTD.,390.50,410.05,390.50,410.05,410.05,390.00,,410.04,,,4888619,1971198774.80,37728,F1,1,,,,,
2026-09-18,2026-09-18,CM,NSE,STK,30108,INE647O01011,ABFRL,EQ,,,,,ADITYA BIRLA FASHION & RT,50.60,50.77,49.80,50.16,50.13,50.45,,50.16,,,3238057,162697036.49,16162,F1,1,,,,,
2026-09-18,2026-09-18,CM,NSE,STK,756843,INE14LE01019,ABLBL,EQ,,,,,ADITYA BIRLA LIFES BRAN L,82.75,82.75,80.81,81.17,81.25,82.41,,81.16,,,1106286,90107232.55,10515,F1,1,,,,,
2026-09-18,2026-09-18,CM,NSE,STK,15239,INE865C01022,BIRLAMONEY,EQ,,,,,ADITYA BIRLA MONEY LTD,120.65,121.80,118.41,120.49,121.80,120.63,,120.49,,,18286,2200205.86,708,F1,1,,,,,
2026-09-18,2026-09-18,CM,NSE,STK,625,INE055A01016,ABREL,EQ,,,,,ADITYA BIRLA REAL EST LTD,1264.00,1279.00,1249.20,1266.20,1276.00,1257.40,,1266.44,,,171318,216766887.60,16151,F1,1,,,,,
2026-09-18,2026-09-18,CM,NSE,STK,758858,INE819V01029,CPPLUS,EQ,,,,,ADITYA INFOTECH LIMITED,3378.40,3500.00,3321.00,3355.10,3352.30,3378.40,,3355.00,,,880079,2983432566.20,62031,F1,1,,,,,
2026-09-18,2026-09-18,CM,NSE,STK,25248,INE01YQ01013,AUSL,SM,,,,,ADITYA ULTRA STEEL LTD,23.05,23.05,22.20,22.20,22.20,23.05,,22.20,,,4000,90500.00,2,F1,2000,,,,,
2026-09-18,2026-09-18,CM,NSE,STK,25984,INE679V01027,AVL,EQ,,,,,ADITYA VISION LIMITED,638.00,642.00,630.60,636.95,639.95,633.25,,636.96,,,147990,94201740.30,9352,F1,1,,,,,
2026-09-18,2026-09-18,CM,NSE,STK,23804,INF209KB18D3,BSLGOLDETF,EQ,,,,,ADITYBIRLA SL GOLD ETF-GR,134.30,134.80,133.48,134.53,134.51,132.57,,134.53,,,327089,43976511.22,2733,F1,1,,,,,
2026-09-18,2026-09-18,CM,NSE,STK,24781,INF209KB19D1,BSLNIFTY,EQ,,,,,ADITYBIRLA SL NIF ETF-GR,27.38,28.62,27.36,27.46,27.47,27.38,,27.46,,,690033,18947124.90,4143,F1,1,,,,,
2026-09-18,2026-09-18,CM,NSE,STK,34,INE045A01017,ADOR,EQ,,,,,ADOR WELDING LTD,1570.10,1613.00,1568.90,1592.10,1599.90,1564.30,,1592.04,,,19186,30371845.10,2124,F1,1,,,,,
2026-09-18,2026-09-18,CM,NSE,STK,4953,INE737B01033,ADROITINFO,EQ,,,,,ADROIT INFOTECH LIMITED,10.82,11.70,10.82,11.14,11.17,11.22,,11.18,,,39432,446456.10,366,F1,1,,,,,
2026-09-18,2026-09-18,CM,NSE,STK,760657,INE0ALI01010,ADVAIT,EQ,,,,,ADVAIT ENRGY TRANSITION L,2030.00,2030.40,1985.00,2003.60,1996.90,1990.40,,2003.56,,,19625,39340780.40,3171,F1,1,,,,,
2026-09-18,2026-09-18,CM,NSE,STK,759402,INE1B0W01010,ADVANCE,EQ,,,,,ADVANCE AGROLIFE LIMITED,112.75,112.75,110.00,110.48,110.25,111.67,,110.46,,,87868,9737198.26,1238,F1,1,,,,,
2026-09-18,2026-09-18,CM,NSE,STK,18039,INE837H01020,ADVENZYMES,EQ,,,,,ADVANCED ENZYME TECH LTD,291.00,291.85,286.45,287.80,289.30,288.10,,287.82,,,243137,70155706.20,4048,F1,1,,,,,
2026-09-18,2026-09-18,CM,NSE,STK,14745,INE199C01026,ADVANIHOTR,EQ,,,,,ADVANI HOT.& RES.(I) LTD,48.35,49.34,47.62,47.89,47.85,47.62,,47.87,,,13516,651610.32,308,F1,1,,,,,
2026-09-18,2026-09-18,CM,NSE,STK,759769,INE28GN01010,ADVENTHTL,EQ,,,,,ADVENT HOTELS INTERNATI L,128.11,132.90,125.46,129.15,128.30,127.04,,129.15,,,174166,22235809.91,2432,F1,1,,,,,
2026-09-18,2026-09-18,CM,NSE,STK,765015,INE178T01024,ADVIKCA,EQ,,,,,ADVIK CAPITAL LTD.,0.97,1.00,0.95,0.98,0.98,0.97,,0.98,,,216964,210918.42,256,F1,1,,,,,
2026-09-18,2026-09-18,CM,NSE,STK,762227,INE1SJO01012,RAMBHAJO,EQ,,,,,ADVIT JEWELS LIMITED,272.18,292.78,265.01,290.85,290.50,266.17,,290.88,,,1439325,409549554.39,12589,F1,1,,,,,
2026-09-18,2026-09-18,CM,NSE,STK,40,INE208C01025,AEGISLOG,EQ,,,,,AEGIS LOGISTICS LIMITED,1362.90,1429.70,1360.00,1415.40,1420.90,1353.80,,1415.46,,,1333662,1871035144.30,52649,F1,1,,,,,
2026-09-18,2026-09-18,CM,NSE,STK,757336,INE0INX01018,AEGISVOPAK,EQ,,,,,AEGIS VOPAK TERMINALS LTD,313.00,317.00,300.65,314.95,316.00,310.70,,314.98,,,2342046,726072002.95,43805,F1,1,,,,,
2026-09-18,2026-09-18,CM,NSE,STK,757870,INE423A07401,AEL17725,NA,,,,,AEL 0% 2027 SR II,1105.00,1105.00,1105.00,1105.00,1105.00,1105.17,,1105.00,,,4,4420.00,1,F1,1,,,,,
2026-09-18,2026-09-18,CM,NSE,STK,761341,INE423A07500,AEL12126,NI,,,,,AEL 0% 2028 SR II,1040.20,1050.38,1040.20,1050.38,1050.38,1040.20,,1050.38,,,316,329910.08,6,F1,1,,,,,
2026-09-18,2026-09-18,CM,NSE,STK,761344,INE423A07559,AEL120126,NL,,,,,AEL 0% 2029 SR V,1044.14,1044.14,1041.00,1041.00,1041.00,1044.14,,1041.00,,,165,172088.02,10,F1,1,,,,,
2026-09-18,2026-09-18,CM,NSE,STK,757876,INE423A07468,AEL170725A,NG,,,,,AEL 0% 2030 SR VIII,1109.00,1109.00,1109.00,1109.00,1109.00,1108.00,,1109.00,,,7,7763.00,1,F1,1,,,,,
2026-09-18,2026-09-18,CM,NSE,STK,761347,INE423A07542,AEL1212026,NO,,,,,AEL 0% 2031 SR VIII,1008.50,1052.50,1008.50,1052.50,1052.50,1053.00,,1052.50,,,112,117352.00,2,F1,1,,,,,
2026-09-18,2026-09-18,CM,NSE,STK,761342,INE423A07492,848AEL29,NJ,,,,,AEL 8.48% 2029 SR III,1011.00,1011.00,1011.00,1011.00,1011.00,1006.08,,1011.00,,,70,70770.00,4,F1,1,,,,,
2026-09-18,2026-09-18,CM,NSE,STK,761345,INE423A07518,862AEL31,NM,,,,,AEL 8.62% 2031 SR VI,1015.00,1029.99,1015.00,1029.99,1029.99,1015.00,,1029.99,,,1740,1766876.67,10,F1,1,,,,,
2026-09-18,2026-09-18,CM,NSE,STK,761346,INE423A07526,890AEL31,NN,,,,,AEL 8.90% 2031 SR VII,1063.50,1063.88,1058.00,1058.14,1063.88,1058.10,,1058.28,,,100,105811.38,6,F1,1,,,,,
2026-09-18,2026-09-18,CM,NSE,STK,757872,INE423A07435,915AEL28,NC,,,,,AEL 9.15% 2028 SR IV,1032.00,1032.00,1030.00,1030.00,1030.00,1018.06,,1030.00,,,2,2062.00,2,F1,1,,,,,
2026-09-18,2026-09-18,CM,NSE,STK,757875,INE423A07393,930AEL30,NF,,,,,AEL 9.3% 2030 SR VII,1038.10,1045.00,1038.02,1042.00,1042.00,1038.02,,1043.50,,,501,522014.80,7,F1,1,,,,,
2026-09-18,2026-09-18,CM,NSE,STK,760234,INE947N01017,AEQUS,EQ,,,,,AEQUS LIMITED,228.98,233.47,227.00,231.67,230.80,229.33,,231.73,,,859211,197692524.80,15225,F1,1,,,,,
2026-09-18,2026-09-18,CM,NSE,STK,12015,INE065D01027,AEROENTER,EQ,,,,,AEROFLEX ENTERPRISES LTD,122.94,126.90,120.90,125.49,125.55,122.94,,125.48,,,751302,93097356.03,9087,F1,1,,,,,
2026-09-18,2026-09-18,CM,NSE,STK,18268,INE024001021,AEROFLEX,EQ,,,,,AEROFLEX INDUSTRIES LTD,510.00,514.00,497.10,510.90,510.95,497.60,,510.90,,,890374,451417876.35,23080,F1,1,,,,,
2026-09-18,2026-09-18,CM,NSE,STK,13689,INE035801013,AERONEU,EQ,,,,,AEROFLEX NEU LIMITED,66.28,68.00,66.28,67.09,66.93,66.61,,67.09,,,28643,1921019.92,314,F1,1,,,,,
2026-09-18,2026-09-18,CM,NSE,STK,25065,INE0WL801011,AERON,SM,,,,,AERON COMPOSITE LIMITED,79.05,80.95,79.05,80.95,80.95,80.00,,80.95,,,3000,239050.00,3,F1,1000,,,,,
2026-09-18,2026-09-18,CM,NSE,STK,9810,INE0BWX01014,AETHER,EQ,,,,,AETHER INDUSTRIES LIMITED,1624.30,1651.30,1618.10,1630.00,1625.20,1623.30,,1629.95,,,94450,154727289.50,16936,F1,1,,,,,
2026-09-18,2026-09-18,CM,NSE,STK,25977,INE101I01011,AFCONS,EQ,,,,,AFCONS INFRASTRUCTURE LTD,264.00,264.40,255.80,263.40,262.95,267.30,,263.40,,,3352350,873305509.30,51037,F1,1,,,,,
2026-09-18,2026-09-18,CM,NSE,STK,11343,INE00WC01027,AFFLE,EQ,,,,,AFFLE 3I LIMITED,1545.60,1623.50,1535.00,1603.50,1587.00,1545.60,,1603.44,,,434146,688803831.80,28087,F1,1,,,,,
2026-09-18,2026-09-18,CM,NSE,STK,25855,INE692Z01013,AFFORDABLE,EQ,,,,,AFFORD ROBO & AUTO LTD,164.00,175.00,162.93,172.31,173.00,167.31,,172.31,,,29285,4966499.25,748,F1,1,,,,,
2026-09-18,2026-09-18,CM,NSE,STK,763044,INE916Y07081,1125AFIL29,N0,,,,,AFIL 11.25% 2029,9855.00,9855.00,9855.00,9855.00,9855.00,9838.00,,9855.00,,,40,394200.00,2,F1,1,,,,,
2026-09-18,2026-09-18,CM,NSE,STK,760641,INE916Y07073,1150AFIL29,N0,,,,,AFIL 11.50% 2029,9903.00,9903.00,9903.00,9903.00,9903.00,9903.00,,9903.00,,,2,19806.00,1,F1,1,,,,,
2026-09-18,2026-09-18,CM,NSE,STK,759446,INE916Y07032,12AFIL27,N0,,,,,AFIL 12% 2027 SR 1,9900.00,9900.00,9900.00,9900.00,9900.00,9950.69,,9900.00,,,2,19800.00,1,F1,1,,,,,
2026-09-18,2026-09-18,CM,NSE,STK,759283,INE916Y07057,12AFIL28,N0,,,,,AFIL 12% 2028,10014.00,10134.76,10014.00,10134.76,10134.76,9923.03,,10134.76,,,89,895351.84,3,F1,1,,,,,
2026-09-18,2026-09-18,CM,NSE,STK,14263,INE0MLA01012,AGARWALFT,SM,,,,,AGARWAL FLOAT GLASS I LTD,25.40,26.00,25.40,26.00,26.00,26.70,,26.00,,,18000,467100.00,2,F1,1500,,,,,
2026-09-18,2026-09-18,CM,NSE,STK,3389,INE204E01012,AGARIND,EQ,,,,,AGARWAL INDS CORP LTD.,407.80,417.90,405.60,412.65,413.50,407.75,,412.61,,,17291,7077378.45,1148,F1,1,,,,,
2026-09-18,2026-09-18,CM,NSE,STK,27309,INE0P8X01016,AGARWALTUF,SM,,,,,AGARWAL TOUGH GLASS IND L,158.00,162.00,155.25,159.45,156.10,159.70,,159.45,,,164400,26285940.00,78,F1,1200,,,,,
2026-09-18,2026-09-18,CM,NSE,STK,1412,INE415A01038,AGI,EQ,,,,,AGI GREENPAC LIMITED,740.00,756.00,723.00,745.05,745.00,733.75,,745.07,,,155939,115038057.65,7688,F1,1,,,,,
2026-09-18,2026-09-18,CM,NSE,STK,24445,INE976R01033,AGIIL,EQ,,,,,AGI INFRA LIMITED,266.15,274.00,266.00,270.45,270.45,266.15,,270.47,,,660624,178537083.95,6964,F1,1,,,,,
2026-09-18,2026-09-18,CM,NSE,STK,10491,INE0LF301013,AGNI,SM,,,,,AGNI GREEN POWER LTD,15.50,15.50,15.25,15.30,15.25,15.50,,15.30,,,7500,115250.00,3,F1,2500,,,,,
2026-09-18,2026-09-18,CM,NSE,STK,11072,INE449G01018,AGRITECH,EQ,,,,,AGRI-TECH (INDIA) LIMITED,97.80,99.48,97.55,98.33,98.50,96.42,,98.32,,,1770,174025.36,60,F1,1,,,,,
2026-09-18,2026-09-18,CM,NSE,STK,9046,INE740V01019,AGROPHOS,EQ,,,,,AGRO PHOS INDIA LIMITED,24.38,24.38,22.51,23.64,23.51,23.44,,23.64,,,5479,128526.06,143,F1,1,,,,,
2026-09-18,2026-09-18,CM,NSE,STK,759202,INE583L01014,AGSTRA,BZ,,,,,AGS TRANSACT TECH LTD,1.96,1.98,1.91,1.93,1.95,1.95,,1.92,,,89160,173392.30,162,F1,1,,,,,
2026-09-18,2026-09-18,CM,NSE,STK,2004,INE00PV01013,AHLADA,EQ,,,,,AHLADA ENGINEERS LIMITED,38.90,39.64,37.20,37.33,38.39,39.33,,37.33,,,8224,310391.58,172,F1,1,,,,,
2026-09-18,2026-09-18,CM,NSE,STK,17833,INE758C01029,AHLUCONT,EQ,,,,,AHLUWALIA CONT IND LTD,568.00,590.00,564.00,584.70,586.15,567.60,,584.76,,,63766,36647967.55,4071,F1,1,,,,,
2026-09-18,2026-09-18,CM,NSE,STK,13086,INE212H01026,AIAENG,EQ,,,,,AIA ENGINEERING LIMITED,3967.50,4039.80,3900.00,3973.30,4000.00,3983.40,,3973.27,,,75514,298507791.80,18044,F1,1,,,,,
2026-09-18,2026-09-18,CM,NSE,STK,23984,INE0RUV01018,AIMTRON,SM,,,,,AIMTRON ELECTRONICS LTD,1650.00,1675.00,1591.15,1662.25,1667.00,1616.45,,1662.25,,,42000,68141880.00,193,F1,200,,,,,
2026-09-18,2026-09-18,CM,NSE,STK,9878,INE805A01014,GOLDTECH,BE,,,,,AION-TECH SOLUTIONS LTD,41.95,41.95,39.65,41.32,41.39,41.41,,41.32,,,12021,487895.40,79,F1,1,,,,,
2026-09-18,2026-09-18,CM,NSE,STK,9897,INE645W01026,AIRAN,EQ,,,,,AIRAN LIMITED,16.59,16.90,16.20,16.69,16.75,16.70,,16.69,,,56051,929948.65,512,F1,1,,,,,
2026-09-18,2026-09-18,CM,NSE,STK,6068,INE801L01010,AIROLAM,EQ,,,,,AIRO LAM LIMITED,89.80,92.00,85.50,89.00,89.00,86.15,,89.00,,,12571,1124723.78,115,F1,1,,,,,
2026-09-18,2026-09-18,CM,NSE,STK,8124,INE031B01049,AJANTPHARM,EQ,,,,,AJANTA PHARMA LIMITED,3535.00,3630.00,3531.50,3563.60,3568.00,3500.50,,3563.71,,,201322,719782103.00,37503,F1,1,,,,,
2026-09-18,2026-09-18,CM,NSE,STK,29624,INE274Y01021,AJAXENGG,EQ,,,,,AJAX ENGINEERING LIMITED,563.00,570.20,554.00,559.75,559.00,566.60,,559.76,,,86718,48716195.05,10311,F1,1,,,,,
2026-09-18,2026-09-18,CM,NSE,STK,17307,INE298G01035,AJMERA,EQ,,,,,AJMERA REALTY & INF I LTD,114.37,116.90,112.73,115.60,115.50,113.80,,115.60,,,307767,35311725.75,3728,F1,1,,,,,
2026-09-18,2026-09-18,CM,NSE,STK,3403,INE820Y01021,AJOONI,EQ,,,,,AJOONI BIOTECH LIMITED,3.24,3.39,3.24,3.28,3.31,3.27,,3.28,,,714622,2367556.37,638,F1,1,,,,,
2026-09-18,2026-09-18,CM,NSE,STK,21121,INE0PCY01014,AKANKSHA,SM,,,,,AKANKSHA POWER N INFRA L,138.90,139.65,133.05,139.65,139.65,133.00,,139.65,,,75000,10381950.00,71,F1,1000,,,,,
2026-09-18,2026-09-18,CM,NSE,STK,13510,INE737W01013,AKASH,EQ,,,,,AKASH INFRA-PROJECTS LTD,24.70,24.72,24.27,24.29,24.29,24.26,,24.29,,,2440,59900.60,28,F1,1,,,,,
2026-09-18,2026-09-18,CM,NSE,STK,2176,INE00Y801016,AKG,EQ,,,,,AKG EXIM LIMITED,10.48,10.68,10.02,10.37,10.26,10.32,,10.37,,,8242,85379.69,66,F1,1,,,,,
2026-09-18,2026-09-18,CM,NSE,STK,14895,INE642Z01026,AKI,BE,,,,,AKI INDIA LIMITED,6.11,6.11,6.11,6.11,6.11,5.82,,6.11,,,43619,266512.09,69,F1,1,,,,,
2026-09-18,2026-09-18,CM,NSE,STK,24304,INE0PMR01017,AKIKO,SM,,,,,AKIKO GLOBAL SERVICES L,410.00,420.45,409.10,416.10,416.10,421.05,,416.10,,,16000,6619880.00,19,F1,800,,,,,
2026-09-18,2026-09-18,CM,NSE,STK,24159,INE916Y01027,AFIL,EQ,,,,,AKME FINTRADE (INDIA) LTD,8.96,8.96,8.34,8.61,8.65,8.37,,8.61,,,302606,2572412.62,446,F1,1,,,,,
2026-09-18,2026-09-18,CM,NSE,STK,8595,INE523B01011,AKSHOPTFBR,BE,,,,,AKSH OPTIFIBRE  LTD,8.00,8.34,7.72,7.84,7.80,8.02,,7.82,,,346118,2783895.51,555,F1,1,,,,,
2026-09-18,2026-09-18,CM,NSE,STK,9558,INE256Z01025,AKSHAR,EQ,,,,,AKSHAR SPINTEX LIMITED,0.42,0.42,0.41,0.41,0.42,0.41,,0.41,,,990838,412628.04,202,F1,1,,,,,
2026-09-18,2026-09-18,CM,NSE,STK,20194,INE542B01011,AKSHARCHEM,BE,,,,,AKSHARCHEM INDIA LIMITED,373.50,392.15,373.50,392.15,392.15,373.50,,396.60,,,5797,2250362.45,101,F1,1,,,,,
2026-09-18,2026-09-18,CM,NSE,STK,24715,INE09XN01023,AKUMS,EQ,,,,,AKUMS DRUGS AND PHARMA L,767.10,790.00,767.10,783.70,779.05,766.70,,783.71,,,330477,257385129.15,24523,F1,1,,,,,
2026-09-18,2026-09-18,CM,NSE,STK,9921,INE914E01040,ALANKIT,EQ,,,,,ALANKIT LIMITED,7.95,7.95,7.60,7.74,7.78,7.67,,7.74,,,109982,851940.22,391,F1,1,,,,,
2026-09-18,2026-09-18,CM,NSE,STK,17256,INE155C01010,ALBERTDAVD,EQ,,,,,ALBERT DAVID LIMITED,835.15,841.45,831.00,833.60,831.10,838.45,,833.86,,,1809,1509773.45,148,F1,1,,,,,
2026-09-18,2026-09-18,CM,NSE,STK,18762,INE448V01019,ALCODIS,SM,,,,,ALCOKRAFT DISTILLERIE LTD,66.30,66.30,62.60,65.00,65.00,66.90,,65.00,,,4375,281875.00,7,F1,625,,,,,
2026-09-18,2026-09-18,CM,NSE,STK,79,INE426A01027,ALEMBICLTD,EQ,,,,,ALEMBIC LIMITED,102.10,106.00,102.10,102.63,102.73,102.72,,102.63,,,829029,85791956.65,7966,F1,1,,,,,
2026-09-18,2026-09-18,CM,NSE,STK,25328,INE901L01018,APLLTD,EQ,,,,,ALEMBIC PHARMA LTD,828.00,860.00,828.00,845.75,845.00,826.00,,845.75,,,634938,538703121.50,36030,F1,1,,,,,
2026-09-18,2026-09-18,CM,NSE,STK,764573,INE782D01027,ALFREDHE,EQ,,,,,ALFRED HERBERT INDIA L,2830.00,2830.00,2815.00,2830.00,2830.00,2820.00,,2824.25,,,52,147035.00,11,F1,1,,,,,
2026-09-18,2026-09-18,CM,NSE,STK,761270,INE598D01035,ALGOQUANT,EQ,,,,,ALGOQUANT FINTECH LIMITED,70.84,76.20,70.13,72.27,72.67,70.13,,72.26,,,3786684,277454955.79,20834,F1,1,,,,,
2026-09-18,2026-09-18,CM,NSE,STK,13656,INE062D01024,ALICON,EQ,,,,,ALICON CASTALLOY LIMITED,710.00,735.00,687.40,729.35,726.00,695.15,,729.35,,,33801,24146970.70,2636,F1,1,,,,,
2026-09-18,2026-09-18,CM,NSE,STK,5265,INE03Q201024,ALIVUS,EQ,,,,,ALIVUS LIFE SCIENCES LTD,1395.10,1443.00,1387.00,1430.80,1429.80,1387.80,,1430.81,,,304330,433172754.60,22186,F1,1,,,,,
2026-09-18,2026-09-18,CM,NSE,STK,16959,INE773I01017,ALKALI,EQ,,,,,ALKALI METALS LTD,73.06,87.66,72.05,87.66,87.66,73.05,,87.66,,,133798,11264708.36,2217,F1,1,,,,,
2026-09-18,2026-09-18,CM,NSE,STK,11703,INE540L01014,ALKEM,EQ,,,,,ALKEM LABORATORIES LTD.,5378.50,5466.50,5310.50,5466.50,5466.50,5348.50,,5467.79,,,320770,1721164621.00,21119,F1,1,,,,,
2026-09-18,2026-09-18,CM,NSE,STK,4487,INE150B01039,ALKYLAMINE,EQ,,,,,ALKYL AMINES CHEM. LTD,1846.50,1878.00,1838.90,1863.00,1878.00,1843.80,,1863.26,,,55371,102931228.60,6365,F1,1,,,,,
2026-09-18,2026-09-18,CM,NSE,STK,13203,INE0M2X01012,ALLETEC,SM,,,,,ALL E TECHNOLOGIES LTD,122.25,124.90,121.90,124.05,124.05,125.55,,124.05,,,18800,2311540.00,40,F1,400,,,,,
2026-09-18,2026-09-18,CM,NSE,STK,758448,INE0GV601021,ALLTIME,EQ,,,,,ALL TIME PLASTICS LIMITED,207.94,218.00,207.00,208.40,207.51,208.01,,208.40,,,65171,13693640.28,2019,F1,1,,,,,
2026-09-18,2026-09-18,CM,NSE,STK,763784,INE1YPB01014,AGL,EQ,,,,,ALLCARGO GLOBAL LIMITED,13.94,14.11,13.56,13.80,13.87,13.88,,13.80,,,1221013,16833778.02,2944,F1,1,,,,,
2026-09-18,2026-09-18,CM,NSE,STK,13501,INE418H01029,ALLCARGO,EQ,,,,,ALLCARGO LOGISTICS LTD,11.00,11.32,10.84,11.11,11.12,11.03,,11.11,,,7521321,83112467.62,8263,F1,1,,,,,
2026-09-18,2026-09-18,CM,NSE,STK,17778,INE0NN701020,ATL,EQ,,,,,ALLCARGO TERMINALS LTD,24.21,24.81,24.20,24.24,24.26,24.50,,24.24,,,95340,2330619.66,812,F1,1,,,,,
2026-09-18,2026-09-18,CM,NSE,STK,11798,INE835G01018,ALLDIGI,EQ,,,,,ALLDIGI TECH LIMITED,788.50,805.65,767.50,776.30,773.15,784.55,,776.45,,,12122,9430864.95,802,F1,1,,,,,
2026-09-18,2026-09-18,CM,NSE,STK,24308,INE552Z01027,ABDL,EQ,,,,,ALLIED BLEND N DISTILS L,649.90,659.55,641.00,647.60,650.00,653.10,,650.13,,,437696,284631044.05,20826,F1,1,,,,,
2026-09-18,2026-09-18,CM,NSE,STK,14813,INE102I01027,ADSL,EQ,,,,,ALLIED DIGITAL SERV. LTD,96.98,97.46,95.50,96.29,96.38,96.99,,96.28,,,57062,5482491.76,1250,F1,1,,,,,
2026-09-18,2026-09-18,CM,NSE,STK,16719,INE326B01035,ALMONDZ,EQ,,,,,ALMONDZ GLOBAL SEC LTD,19.24,19.24,17.92,18.52,18.87,18.41,,18.56,,,264761,4906516.33,837,F1,1,,,,,
2026-09-18,2026-09-18,CM,NSE,STK,17675,INE270A01029,ALOKINDS,EQ,,,,,ALOK INDUSTRIES LIMITED,7.05,7.15,6.98,7.05,7.07,7.05,,7.05,,,21523794,152175292.08,13334,F1,1,,,,,
2026-09-18,2026-09-18,CM,NSE,STK,14848,INE385I01010,ALPA,EQ,,,,,ALPA LABORATORIES LTD,60.85,60.85,58.51,59.35,60.35,59.64,,59.46,,,17399,1031122.05,211,F1,1,,,,,
2026-09-18,2026-09-18,CM,NSE,STK,22688,INE0R4701017,ALPEXSOLAR,SM,,,,,ALPEX SOLAR LIMITED,912.00,921.00,904.00,916.65,913.00,911.60,,916.65,,,32500,29728125.00,224,F1,100,,,,,
2026-09-18,2026-09-18,CM,NSE,STK,14601,INE137C01018,ALPHAGEO,BE,,,,,ALPHAGEO (INDIA) LIMITED,306.95,306.95,290.00,292.10,292.50,294.95,,292.10,,,4155,1224339.40,130,F1,1,,,,,
2026-09-18,2026-09-18,CM,NSE,STK,764186,INE1JCQ01037,ALPINETEX,EQ,,,,,ALPINE TEXWORLD LIMITED,52.05,54.00,52.05,52.66,52.12,52.90,,52.69,,,133099,7052695.80,2003,F1,1,,,,,
2026-09-18,2026-09-18,CM,NSE,STK,764578,INE058F01019,ALUFLUOR,EQ,,,,,ALUFLUORIDE LTD.,494.85,542.50,494.85,537.15,538.00,492.20,,537.15,,,28768,15214706.15,1472,F1,1,,,,,
2026-09-18,2026-09-18,CM,NSE,STK,23474,INE0STM01017,ALUWIND,SM,,,,,ALUWIND INFRA-TECH LTD,49.95,51.05,49.50,49.85,49.85,49.20,,49.85,,,16500,831450.00,11,F1,1500,,,,,
2026-09-18,2026-09-18,CM,NSE,STK,760740,INE121R01077,AMAGI,EQ,,,,,AMAGI MEDIA LABS LIMITED,574.35,575.45,559.20,569.50,571.00,574.35,,569.50,,,232661,131942044.75,9301,F1,1,,,,,
2026-09-18,2026-09-18,CM,NSE,STK,764583,INE841D01013,AMAL,EQ,,,,,AMAL LTD.,735.00,749.00,707.00,722.40,716.00,723.00,,722.05,,,25482,18388293.45,1278,F1,1,,,,,
2026-09-18,2026-09-18,CM,NSE,STK,758910,INE084K01015,AMANTA,BE,,,,,AMANTA HEALTHCARE LIMITED,189.00,189.95,186.16,189.95,189.95,189.95,,189.15,,,51926,9829247.41,160,F1,1,,,,,
2026-09-18,2026-09-18,CM,NSE,STK,100,INE885A01032,ARE&M,EQ,,,,,AMARA RAJA ENERGY MOB LTD,795.30,804.90,790.30,796.00,796.00,795.30,,795.98,,,760908,606933075.40,41968,F1,1,,,,,
2026-09-18,2026-09-18,CM,NSE,STK,764588,INE484D01012,AMARJOTHI,EQ,,,,,AMARJOTHI SPINNING MILL L,148.95,149.95,146.00,147.07,148.84,148.88,,147.02,,,1260,184329.63,38,F1,1,,,,,
2026-09-18,2026-09-18,CM,NSE,STK,763256,INE293601014,AMBAAUTO,SM,,,,,AMBA AUTO SALES AND SER L,98.00,98.00,96.00,96.00,96.00,98.35,,96.00,,,3000,291000.00,3,F1,1000,,,,,
2026-09-18,2026-09-18,CM,NSE,STK,762546,INE432A01017,AMBALALSA,BE,,,,,AMBALAL SARABHAI ENT L,41.48,41.48,39.22,39.97,39.60,41.28,,40.07,,,84610,3360281.08,174,F1,1,,,,,
2026-09-18,2026-09-18,CM,NSE,STK,1185,INE371P01015,AMBER,EQ,,,,,AMBER ENTERPRISES (I) LTD,7080.50,7164.50,7075.00,7125.00,7125.00,7046.00,,7125.01,,,75972,541618342.50,14601,F1,1,,,,,
2026-09-18,2026-09-18,CM,NSE,STK,11496,INE792B01012,AMBICAAGAR,EQ,,,,,AMBICA AGAR & AROMAINDLTD,25.14,25.62,24.70,24.89,24.80,25.14,,24.92,,,5850,145615.90,58,F1,1,,,,,
2026-09-18,2026-09-18,CM,NSE,STK,15234,INE540G01014,AMBIKCO,EQ,,,,,AMBIKA COTTON MILL LTD.,1585.00,1609.00,1570.00,1602.00,1604.00,1568.80,,1601.80,,,8106,12916110.60,1421,F1,1,,,,,
2026-09-18,2026-09-18,CM,NSE,STK,1270,INE079A01024,AMBUJACEM,EQ,,,,,AMBUJA CEMENTS LTD,384.55,396.00,383.90,388.30,388.30,383.25,,388.31,,,2583375,1008007703.30,29542,F1,1,,,,,
2026-09-18,2026-09-18,CM,NSE,STK,14402,INE005I01014,AMDIND,BE,,,,,AMD INDUSTRIES LIMITED,66.00,66.00,63.26,63.26,63.26,66.58,,63.27,,,18035,1144048.20,126,F1,1,,,,,
2026-09-18,2026-09-18,CM,NSE,STK,10898,INE0KT901015,AMEYA,SM,,,,,AMEYA PRECISION ENG LTD,135.80,142.55,135.80,142.55,142.55,135.80,,142.55,,,20000,2803750.00,17,F1,1000,,,,,
2026-09-18,2026-09-18,CM,NSE,STK,19867,INE275D01022,AMNPLST,EQ,,,,,AMINES & PLASTICIZERS LTD,164.95,190.00,164.95,171.51,170.99,163.00,,171.21,,,9478,1655646.11,643,F1,1,,,,,
2026-09-18,2026-09-18,CM,NSE,STK,761670,INE05TO01019,AEROPLANE,EQ,,,,,AMIR CHAND JAG KUM (E) L,193.00,203.25,192.12,201.49,202.01,193.70,,201.46,,,778122,155808700.52,5213,F1,1,,,,,
2026-09-18,2026-09-18,CM,NSE,STK,2598,INE606A01024,AMJLAND,EQ,,,,,AMJ LAND HOLDINGS LIMITED,36.44,37.69,36.30,37.18,37.29,36.48,,37.98,,,691,25624.40,47,F1,1,,,,,
2026-09-18,2026-09-18,CM,NSE,STK,17547,INE098F01031,AMRUTANJAN,EQ,,,,,AMRUTAJAN HEALTH LTD,490.25,497.00,489.35,493.80,495.00,491.00,,493.79,,,19221,9482349.40,1254,F1,1,,,,,
2026-09-18,2026-09-18,CM,NSE,STK,759956,INE549H01021,ARSSBL,EQ,,,,,ANAND RATHI SH N STK BR L,503.60,503.60,497.95,502.05,502.00,500.55,,502.06,,,65352,32737711.30,2332,F1,1,,,,,
2026-09-18,2026-09-18,CM,NSE,STK,7145,INE463V01026,ANANDRATHI,EQ,,,,,ANAND RATHI WEALTH LTD,2201.10,2268.40,2201.10,2229.40,2225.00,2207.40,,2229.42,,,880377,1969331008.60,65784,F1,1,,,,,
2026-09-18,2026-09-18,CM,NSE,STK,13620,INE242C01024,ANANTRAJ,EQ,,,,,ANANT RAJ LIMITED,595.00,607.50,595.00,606.15,606.00,596.90,,606.15,,,1464027,881961412.35,23819,F1,1,,,,,
2026-09-18,2026-09-18,CM,NSE,STK,759363,INE1UA823019,ANANTAM,IV,,,,,ANANTAM HIGHWAYS TRUST,107.50,107.50,106.07,106.44,106.49,106.49,,106.40,,,24430,2601565.60,58,F1,1,,,,,
2026-09-18,2026-09-18,CM,NSE,STK,764446,INE1J5V01013,ANAWIL,SM,,,,,ANAWIL WIRE AND ENGIN LTD,430.00,450.00,430.00,445.40,445.10,430.40,,445.40,,,158800,70547340.00,328,F1,400,,,,,
2026-09-18,2026-09-18,CM,NSE,STK,758427,INE0VG001016,AMCL,SM,,,,,ANB METAL CAST LIMITED,395.00,443.00,380.00,384.40,380.00,380.00,,384.40,,,36000,14249840.00,79,F1,400,,,,,
2026-09-18,2026-09-18,CM,NSE,STK,15420,INE666E01020,ACL,EQ,,,,,ANDHRA CEMENTS LIMITED,42.80,42.99,41.52,42.66,42.90,41.98,,42.77,,,6820,289714.60,340,F1,1,,,,,
2026-09-18,2026-09-18,CM,NSE,STK,166,INE435A01051,ANDHRAPAP,EQ,,,,,ANDHRA PAPER LIMITED,71.60,74.99,71.38,74.62,74.48,71.88,,74.62,,,950746,70128682.47,10316,F1,1,,,,,
2026-09-18,2026-09-18,CM,NSE,STK,136,INE715B01021,ANDHRSUGAR,EQ,,,,,ANDHRA SUGARS LTD,93.59,94.53,91.75,94.10,94.04,93.59,,94.10,,,257513,23951175.82,9304,F1,1,,,,,
2026-09-18,2026-09-18,CM,NSE,STK,5206,INE449C01025,ANDREWYU,EQ,,,,,ANDREW YULE & CO. LTD.,25.98,26.66,25.75,26.27,26.01,26.08,,26.25,,,49555,1303547.54,410,F1,1,,,,,
2026-09-18,2026-09-18,CM,NSE,STK,324,INE732I01021,ANGELONE,EQ,,,,,ANGEL ONE LIMITED,295.00,301.75,295.00,299.10,299.10,295.00,,299.11,,,3531096,1058091057.35,31620,F1,1,,,,,
2026-09-18,2026-09-18,CM,NSE,STK,482,INE635Y01015,AISL,SM,,,,,ANI INTEGRATED SERV LTD.,54.10,55.00,54.10,55.00,55.00,54.10,,55.00,,,1800,97920.00,2,F1,600,,,,,
2026-09-18,2026-09-18,CM,NSE,STK,16657,INE087B01017,ANIKINDS,EQ,,,,,ANIK INDUSTRIES LTD,42.25,44.98,42.25,44.59,44.59,44.10,,44.59,,,6672,295513.11,54,F1,1,,,,,
2026-09-18,2026-09-18,CM,NSE,STK,20453,INE071F01012,APCL,EQ,,,,,ANJANI PORTLAND CEM LTD,99.50,99.50,96.94,97.85,98.00,96.37,,97.89,,,14530,1428445.69,112,F1,1,,,,,
2026-09-18,2026-09-18,CM,NSE,STK,25878,INE106I01010,ANKITMETAL,BZ,,,,,ANKIT MET & POW LTD,1.73,1.73,1.73,1.73,1.73,1.70,,1.77,,,6003,10385.19,9,F1,1,,,,,
2026-09-18,2026-09-18,CM,NSE,STK,758968,INE0Y8W01025,AHCL,EQ,,,,,ANLON HEALTHCARE LIMITED,22.68,24.78,22.11,22.90,23.10,21.84,,22.90,,,145565213,3429870539.41,576160,F1,1,,,,,
2026-09-18,2026-09-18,CM,NSE,STK,13657,INE0LR101013,ANLON,SM,,,,,ANLON TECHNOLOGY SOL LTD,717.00,763.90,714.00,742.20,736.00,696.90,,742.20,,,21600,16025000.00,50,F1,400,,,,,
2026-09-18,2026-09-18,CM,NSE,STK,3732,INE02AR01019,ANMOL,BE,,,,,ANMOL INDIA LIMITED,14.77,15.10,14.04,14.23,14.49,14.77,,14.27,,,67425,975972.08,171,F1,1,,,,,
2026-09-18,2026-09-18,CM,NSE,STK,764471,INE0MGM01017,ANNAPURNA,EQ,,,,,ANNAPURNA SWADISHT LTD,137.65,138.06,130.00,132.55,132.00,136.08,,132.55,,,45381,6028287.40,1062,F1,1,,,,,
2026-09-18,2026-09-18,CM,NSE,STK,765502,INE103001017,ANNU,EQ,,,,,ANNU PROJECTS LIMITED,49.05,52.40,49.05,50.46,50.50,49.28,,50.46,,,1339255,68291390.83,11172,F1,1,,,,,
2026-09-18,2026-09-18,CM,NSE,STK,758740,INE0VTV01012,ANONDITA,SM,,,,,ANONDITA MEDICARE LIMITED,1125.00,1125.05,1082.00,1090.55,1096.00,1124.00,,1090.55,,,82200,91333440.00,274,F1,200,,,,,
2026-09-18,2026-09-18,CM,NSE,STK,765020,INE030C01015,ANSALBU,EQ,,,,,ANSAL BUILDWELL LTD.,82.99,82.99,78.00,78.97,82.90,83.00,,78.58,,,110,8828.14,5,F1,1,,,,,
2026-09-18,2026-09-18,CM,NSE,STK,19677,INE436A01026,ANSALAPI,BZ,,,,,ANSAL PROP & INFRA LTD,3.59,3.59,3.55,3.59,3.59,3.52,,3.52,,,18299,65671.29,19,F1,1,,,,,
2026-09-18,2026-09-18,CM,NSE,STK,5194,INE414B01021,ANTGRAPHIC,EQ,,,,,ANTARCTICA LTD,0.72,0.74,0.70,0.71,0.71,0.71,,0.71,,,304156,217187.45,184,F1,1,,,,,
2026-09-18,2026-09-18,CM,NSE,STK,13598,INE818A01017,ANTELOPUS,EQ,,,,,ANTELOPUS SELAN ENRGY LTD,1131.55,1142.15,1090.25,1104.85,1112.00,1130.85,,1104.77,,,555265,614361835.05,26445,F1,1,,,,,
2026-09-18,2026-09-18,CM,NSE,STK,757885,INE0CZ201020,ANTHEM,EQ,,,,,ANTHEM BIOSCIENCES LTD,934.00,952.90,916.55,928.50,941.00,927.40,,928.81,,,5490000,5098565353.05,75546,F1,1,,,,,
2026-09-18,2026-09-18,CM,NSE,STK,1797,INE01BK01022,AWHCL,EQ,,,,,ANTONY WASTE HDG CELL LTD,385.00,385.30,362.30,364.90,366.00,379.60,,364.88,,,403982,149495397.80,17820,F1,1,,,,,
2026-09-18,2026-09-18,CM,NSE,STK,28314,INE489G01022,ANUHPHR,EQ,,,,,ANUH PHARMA LIMITED,94.14,95.07,92.00,93.48,93.00,93.68,,93.48,,,95805,8938410.30,2405,F1,1,,,,,
2026-09-18,2026-09-18,CM,NSE,STK,2829,INE930P01018,ANURAS,EQ,,,,,ANUPAM RASAYAN INDIA LTD,1179.10,1219.00,1179.10,1207.70,1208.00,1181.30,,1207.69,,,465185,559772903.70,14336,F1,1,,,,,
2026-09-18,2026-09-18,CM,NSE,STK,28983,INE0SI601032,ANYA,SM,,,,,ANYA POLYTECH & FERTI LTD,15.00,18.30,15.00,17.85,18.30,15.25,,17.85,,,155000,2579750.00,27,F1,5000,,,,,
2026-09-18,2026-09-18,CM,NSE,STK,758904,INF1J2R01114,AONEGOLD,EQ,,,,,AONEAMC - AONEGOLD,14.28,14.33,14.15,14.30,14.27,14.04,,14.30,,,691851,9885296.28,1765,F1,1,,,,,
2026-09-18,2026-09-18,CM,NSE,STK,30472,INF1J2R01056,AONELIQUID,EQ,,,,,AONEAMC - AONELIQUID,1077.55,1077.59,1077.55,1077.58,1077.57,1077.17,,1077.58,,,55374,59670317.62,73,F1,1,,,,,
2026-09-18,2026-09-18,CM,NSE,STK,757096,INF1J2R01064,AONENIFTY,EQ,,,,,AONEAMC - AONENIFTY,9.38,9.82,9.38,9.65,9.66,9.63,,9.65,,,163521,1577192.43,1002,F1,1,,,,,
2026-09-18,2026-09-18,CM,NSE,STK,760193,INF1J2R01171,AONESILVER,EQ,,,,,AONEAMC - AONESILVER,8.95,8.99,8.79,8.96,8.97,8.66,,8.96,,,807684,7181551.78,1222,F1,1,,,,,
2026-09-18,2026-09-18,CM,NSE,STK,759992,INF1J2R01148,AONETMMQ50,EQ,,,,,AONEAMC - AONETMMQ50,9.92,10.24,9.92,10.19,10.15,10.12,,10.19,,,109369,1113839.23,264,F1,1,,,,,
2026-09-18,2026-09-18,CM,NSE,STK,29975,INF1J2R01015,AONETOTAL,EQ,,,,,AONEAMC - AONETOTAL,11.39,11.83,11.39,11.68,11.65,11.62,,11.68,,,71974,839361.27,823,F1,1,,,,,
2026-09-18,2026-09-18,CM,NSE,STK,11491,INE372A01015,APARINDS,EQ,,,,,APAR INDUSTRIES LTD.,17800.00,19080.00,17745.00,18858.00,18791.00,17801.00,,18858.93,,,271798,5027847551.00,72422,F1,1,,,,,
2026-09-18,2026-09-18,CM,NSE,STK,154,INE116A01032,APCOTEXIND,EQ,,,,,APCOTEX INDUSTRIES LIMITE,598.40,612.85,596.10,604.85,609.00,599.40,,604.87,,,77596,47078881.75,4293,F1,1,,,,,
2026-09-18,2026-09-18,CM,NSE,STK,27291,INE0T4V01015,APEXECO,ST,,,,,APEX ECOTECH LIMITED,257.00,262.50,252.50,262.50,262.50,250.00,,262.50,,,17600,4588840.00,20,F1,800,,,,,
2026-09-18,2026-09-18,CM,NSE,STK,21623,INE346W01013,APEX,EQ,,,,,APEX FROZEN FOODS LIMITED,351.20,354.10,342.00,345.35,345.75,350.95,,345.37,,,103075,35647363.75,4301,F1,1,,,,,
2026-09-18,2026-09-18,CM,NSE,STK,25780,INE702C01027,APLAPOLLO,EQ,,,,,APL APOLLO TUBES LTD,2154.90,2270.10,2146.30,2270.10,2270.10,2148.50,,2270.10,,,1115754,2462755690.30,40097,F1,1,,,,,
2026-09-18,2026-09-18,CM,NSE,STK,757182,INE0TLC07069,930APMD29,N0,,,,,APMD 9.30% 2029 STRPP C,103500.00,103600.00,103400.00,103600.00,103600.00,103500.00,,103600.00,,,35,3620600.00,8,F1,1,,,,,
2026-09-18,2026-09-18,CM,NSE,STK,157,INE437A01024,APOLLOHOSP,EQ,,,,,APOLLO HOSPITALS ENTER. L,8800.00,8944.50,8798.00,8944.50,8944.50,8768.50,,8944.38,,,344265,3050091016.50,32846,F1,1,,,,,
2026-09-18,2026-09-18,CM,NSE,STK,1134,INE713T01028,APOLLO,EQ,,,,,APOLLO MICRO SYSTEMS LTD,380.20,391.80,368.50,370.70,370.70,378.25,,370.69,,,9146349,3468387130.45,91156,F1,1,,,,,
2026-09-18,2026-09-18,CM,NSE,STK,14361,INE126J01016,APOLLOPIPE,EQ,,,,,APOLLO PIPES LIMITED,525.05,549.50,522.35,543.60,541.00,525.85,,543.60,,,313076,167267411.20,7727,F1,1,,,,,
2026-09-18,2026-09-18,CM,NSE,STK,6302,INE451F01024,APOLSINHOT,EQ,,,,,APOLLO SINDOORI HOTEL LTD,1212.10,1240.00,1211.00,1214.90,1213.10,1211.10,,1214.90,,,374,455298.70,46,F1,1,,,,,
2026-09-18,2026-09-18,CM,NSE,STK,163,INE438A01022,APOLLOTYRE,EQ,,,,,APOLLO TYRES LTD,414.75,418.75,407.90,409.30,408.15,412.15,,409.33,,,2365364,969542692.35,46689,F1,1,,,,,
2026-09-18,2026-09-18,CM,NSE,STK,764593,INE217S01014,APOORVA,EQ,,,,,APOORVA LEAS F & INV C L,31.20,31.20,29.00,31.05,31.10,29.75,,31.05,,,1516,47027.75,41,F1,1,,,,,
2026-09-18,2026-09-18,CM,NSE,STK,24638,INE0LQG01010,APRAMEYA,SM,,,,,APRAMEYA ENGINEERING LTD,113.95,113.95,113.95,113.95,113.95,113.45,,113.95,,,500,56975.00,1,F1,500,,,,,
2026-09-18,2026-09-18,CM,NSE,STK,760372,INE0M2307388,915APSBC31,N0,,,,,APSBC 9.15% 2031 STRPP F,104000.00,104000.00,104000.00,104000.00,104000.00,104000.00,,104000.00,,,1,104000.00,1,F1,1,,,,,
2026-09-18,2026-09-18,CM,NSE,STK,761435,INE1OOJ01011,APSISAERO,ST,,,,,APSIS AEROCOM LIMITED,564.85,564.85,564.85,564.85,564.85,576.35,,564.85,,,13200,7456020.00,9,F1,1200,,,,,
2026-09-18,2026-09-18,CM,NSE,STK,14074,INE266F01018,APTECHT,BE,,,,,APTECH LIMITED,87.67,92.05,87.01,92.05,92.05,87.67,,92.22,,,85360,7751996.11,536,F1,1,,,,,
2026-09-18,2026-09-18,CM,NSE,STK,5435,INE852O01025,APTUS,EQ,,,,,APTUS VALUE HSG FIN I LTD,239.20,243.60,233.12,237.68,236.69,239.16,,237.68,,,3101354,734940951.99,38600,F1,1,,,,,
2026-09-18,2026-09-18,CM,NSE,STK,23365,INE416A01051,AQYLON,EQ,,,,,AQYLON NEXUS LIMITED,19.18,19.18,17.94,17.98,18.07,18.88,,17.98,,,38267346,688048654.60,2528,F1,1,,,,,
2026-09-18,2026-09-18,CM,NSE,STK,19253,INE08NJ01024,ARABIAN,SM,,,,,ARABIAN PETROLEUM LIMITED,85.00,89.50,85.00,85.50,85.50,82.00,,85.50,,,6000,520000.00,3,F1,2000,,,,,
2026-09-18,2026-09-18,CM,NSE,STK,758670,INE0YDV01010,ARCIIL,SM,,,,,ARC INSULATION & INSU LTD,34.95,36.75,34.50,34.50,34.50,34.95,,34.50,,,8000,280300.00,5,F1,1000,,,,,
2026-09-18,2026-09-18,CM,NSE,STK,12024,INE128X01021,ACI,EQ,,,,,ARCHEAN CHEMICAL IND LTD,463.65,473.00,458.00,467.15,465.15,462.40,,467.13,,,327739,152851729.00,18379,F1,1,,,,,
2026-09-18,2026-09-18,CM,NSE,STK,245,INE0CHO01012,ADL,EQ,,,,,ARCHIDPLY DECOR LIMITED,75.40,75.40,70.00,70.06,70.00,72.03,,70.11,,,261,18380.28,26,F1,1,,,,,
2026-09-18,2026-09-18,CM,NSE,STK,16795,INE877I01016,ARCHIDPLY,EQ,,,,,ARCHIDPLY IND. LTD,102.24,105.50,102.21,104.80,105.00,101.48,,104.80,,,14610,1527990.00,243,F1,1,,,,,
2026-09-18,2026-09-18,CM,NSE,STK,5688,INE731A01020,ARCHIES,EQ,,,,,ARCHIES LTD,12.40,12.40,12.01,12.29,12.21,12.25,,12.36,,,10999,134719.79,138,F1,1,,,,,
2026-09-18,2026-09-18,CM,NSE,STK,764598,INE372M01010,ARCL,EQ,,,,,ARCL ORGANICS LTD.,260.46,272.98,250.00,262.00,262.00,260.57,,262.00,,,3408,877388.12,70,F1,1,,,,,
2026-09-18,2026-09-18,CM,NSE,STK,764480,INE0XNF01022,ARDEE,EQ,,,,,ARDEE INDUSTRIES LIMITED,49.00,49.52,48.36,49.28,49.10,48.97,,49.29,,,1819919,89188168.02,8273,F1,1,,,,,
2026-09-18,2026-09-18,CM,NSE,STK,758700,INE784R01023,ARFIN,EQ,,,,,ARFIN INDIA LIMITED,87.91,94.23,87.88,89.62,89.50,87.88,,89.62,,,2628465,240908238.70,16915,F1,1,,,,,
2026-09-18,2026-09-18,CM,NSE,STK,13092,INE0L2Y01011,ARHAM,SM,,,,,ARHAM TECHNOLOGIES LTD,206.05,209.95,205.55,208.00,207.00,209.35,,208.00,,,11000,2278550.00,11,F1,1000,,,,,
2026-09-18,2026-09-18,CM,NSE,STK,15208,INE298I01015,ARIES,BE,,,,,ARIES AGRO LTD.,471.65,488.05,465.15,472.05,473.50,477.60,,472.04,,,7855,3742510.10,171,F1,1,,,,,
2026-09-18,2026-09-18,CM,NSE,STK,13340,INE0NCC01015,ARIHANTACA,SM,,,,,ARIHANT ACADEMY LIMITED,500.00,500.00,500.00,500.00,500.00,500.00,,500.00,,,3200,1600000.00,5,F1,400,,,,,
2026-09-18,2026-09-18,CM,NSE,STK,3813,INE420B01036,ARIHANTCAP,EQ,,,,,ARIHANT CAPITAL MKTS LTD,80.71,81.99,79.31,80.29,80.60,81.21,,80.29,,,109582,8780456.16,1386,F1,1,,,,,
2026-09-18,2026-09-18,CM,NSE,STK,13885,INE413D01011,ARIHANT,EQ,,,,,ARIHANT FOUN & HOU LTD,900.00,947.40,900.00,936.35,903.10,896.70,,934.86,,,2240,2074967.90,434,F1,1,,,,,
2026-09-18,2026-09-18,CM,NSE,STK,20159,INE643K01018,ARIHANTSUP,EQ,,,,,ARIHANT SUPERSTRUCT LTD,231.00,231.00,222.00,227.20,229.80,228.95,,227.20,,,4595,1036098.00,113,F1,1,,,,,
2026-09-18,2026-09-18,CM,NSE,STK,757614,INE0H9P01028,ARIS,EQ,,,,,ARISINFRA SOLUTIONS LTD,129.60,136.50,129.10,133.33,133.30,127.27,,133.33,,,3619098,485959106.70,28219,F1,1,,,,,
2026-09-18,2026-09-18,CM,NSE,STK,25398,INE0QRL01017,ARKADE,EQ,,,,,ARKADE DEVELOPERS LIMITED,117.00,122.00,117.00,118.85,118.50,117.22,,118.84,,,162908,19420175.69,2479,F1,1,,,,,
2026-09-18,2026-09-18,CM,NSE,STK,17263,INE109C01017,ARMANFIN,EQ,,,,,ARMAN FIN SERV LTD,1939.70,1976.00,1938.90,1961.00,1960.00,1956.40,,1961.06,,,11273,22109809.50,2414,F1,1,,,,,
2026-09-18,2026-09-18,CM,NSE,STK,760752,INE0TZX01019,ARMOUR,ST,,,,,ARMOUR SECURITY (INDIA) L,16.20,16.20,15.80,15.85,15.85,16.60,,15.85,,,16000,254600.00,8,F1,2000,,,,,
2026-09-18,2026-09-18,CM,NSE,STK,14557,INE210C01013,AROGRANITE,EQ,,,,,ARO GRANITE IND. LTD.,23.22,23.69,23.15,23.15,23.15,23.10,,23.15,,,673,15611.55,18,F1,1,,,,,
2026-09-18,2026-09-18,CM,NSE,STK,9260,INE570D01018,ARROWGREEN,EQ,,,,,ARROW GREENTECH LIMITED,899.00,924.00,877.90,889.25,887.00,902.50,,889.22,,,50512,45492818.05,3043,F1,1,,,,,
2026-09-18,2026-09-18,CM,NSE,STK,29015,INE968D01022,ARSHIYA,BZ,,,,,ARSHIYA LIMITED,0.74,0.74,0.71,0.71,0.72,0.74,,0.71,,,315671,224371.14,97,F1,1,,,,,
2026-09-18,2026-09-18,CM,NSE,STK,6156,INE738V01013,ARTNIRMAN,EQ,,,,,ART NIRMAN LIMITED,40.78,40.78,39.00,39.00,39.00,40.57,,39.00,,,14,561.97,5,F1,1,,,,,
2026-09-18,2026-09-18,CM,NSE,STK,761330,INE757T01025,AEPL,EQ,,,,,ARTEMIS ELECTRICALS & P L,15.70,16.50,15.70,15.92,15.91,15.78,,15.95,,,15668,252252.55,147,F1,1,,,,,
2026-09-18,2026-09-18,CM,NSE,STK,16913,INE025R01021,ARTEMISMED,EQ,,,,,ARTEMIS MED SERVICE LTD,334.15,344.95,332.50,338.50,338.60,330.85,,338.50,,,335686,114159221.90,11217,F1,1,,,,,
2026-09-18,2026-09-18,CM,NSE,STK,2814,INE006Z01016,ARVEE,EQ,,,,,ARVEE LABORATORIES I LTD,168.10,176.50,168.10,174.06,173.42,172.08,,174.06,,,791,138371.45,28,F1,1,,,,,
2026-09-18,2026-09-18,CM,NSE,STK,9111,INE955V01021,ARVINDFASN,EQ,,,,,ARVIND FASHIONS LIMITED,429.00,433.35,422.00,428.10,430.30,425.05,,428.15,,,132261,56568226.20,8713,F1,1,,,,,
2026-09-18,2026-09-18,CM,NSE,STK,193,INE034A01011,ARVIND,EQ,,,,,ARVIND LIMITED,543.20,554.80,542.40,552.60,548.35,541.60,,552.60,,,627060,344875895.00,24969,F1,1,,,,,
2026-09-18,2026-09-18,CM,NSE,STK,19579,INE0P4T01013,ARVINDPORT,SM,,,,,ARVIND PORT AND INFRA LTD,37.80,37.80,36.40,37.00,36.50,39.60,,37.00,,,12000,444975.00,8,F1,1500,,,,,
2026-09-18,2026-09-18,CM,NSE,STK,10457,INE034S01021,ARVSMART,EQ,,,,,ARVIND SMARTSPACES LTD,553.45,562.80,540.35,550.10,560.00,553.45,,550.14,,,118593,65341103.85,3688,F1,1,,,,,
2026-09-18,2026-09-18,CM,NSE,STK,764603,INE032E01017,ARYAMAN,EQ,,,,,ARYAMAN FINANCIAL SERV L,634.00,634.00,625.00,629.25,633.50,610.00,,624.47,,,138,87444.50,78,F1,1,,,,,
2026-09-18,2026-09-18,CM,NSE,STK,5378,INE439A01020,ASAHIINDIA,EQ,,,,,ASAHI INDIA GLASS LIMITED,950.70,968.00,950.70,961.05,960.00,950.70,,961.06,,,98471,94605387.85,10504,F1,1,,,,,
2026-09-18,2026-09-18,CM,NSE,STK,25092,INE228I01012,ASAHISONG,BE,,,,,ASAHI SONGWON COLOR LTD,365.30,380.00,362.05,372.80,373.00,365.15,,372.79,,,9338,3491783.95,187,F1,1,,,,,
2026-09-18,2026-09-18,CM,NSE,STK,203,INE348A01023,ASHAPURMIN,EQ,,,,,ASHAPURA MINECHEM LTD,522.00,527.25,517.00,525.35,525.00,517.60,,525.37,,,170804,89364445.20,6928,F1,1,,,,,
2026-09-18,2026-09-18,CM,NSE,STK,24403,INE365D01021,ASHIANA,EQ,,,,,ASHIANA HOUSING LTD,351.00,366.70,350.00,354.75,357.30,351.45,,354.77,,,53770,19222534.45,1228,F1,1,,,,,
2026-09-18,2026-09-18,CM,NSE,STK,762551,INE094B01013,ASHIKAG,BE,,,,,ASHIKA GLOBAL SEC LTD,409.70,418.00,401.15,409.65,402.00,408.30,,409.64,,,12384,5027975.45,139,F1,1,,,,,
2026-09-18,2026-09-18,CM,NSE,STK,206,INE440A01010,ASHIMASYN,EQ,,,,,ASHIMA LTD,16.25,16.40,15.40,15.65,15.57,16.12,,15.67,,,194419,3059827.71,646,F1,1,,,,,
2026-09-18,2026-09-18,CM,NSE,STK,212,INE208A01029,ASHOKLEY,EQ,,,,,ASHOK LEYLAND LTD,159.10,163.12,158.51,163.00,163.00,158.62,,163.00,,,17546400,2843599602.19,56501,F1,1,,,,,
2026-09-18,2026-09-18,CM,NSE,STK,20182,INE442H01029,ASHOKA,EQ,,,,,ASHOKA BUILDCON LTD,108.80,114.54,108.20,113.43,114.35,108.80,,113.40,,,780308,87374887.31,7885,F1,1,,,,,
2026-09-18,2026-09-18,CM,NSE,STK,16943,INE760Y01011,ASHOKAMET,EQ,,,,,ASHOKA METCAST LIMITED,14.81,15.25,14.54,15.10,15.10,14.60,,15.10,,,58651,879070.76,400,F1,1,,,,,
2026-09-18,2026-09-18,CM,NSE,STK,765576,INE19FR01012,ASHUTOSH,ST,,,,,ASHUTOSH FIBRE LIMITED,146.70,156.00,146.70,156.00,156.00,148.60,,156.00,,,160800,24907260.00,120,F1,1200,,,,,
2026-09-18,2026-09-18,CM,NSE,STK,760418,INE1A6Q01010,ASHWINI,SM,,,,,ASHWINI CONTAINER MOVER L,167.50,168.00,162.00,163.60,162.50,167.50,,163.60,,,7000,1153500.00,7,F1,1000,,,,,
2026-09-18,2026-09-18,CM,NSE,STK,7030,INE276G01015,ASIANENE,EQ,,,,,ASIAN ENERGY SERVICES LTD,490.10,502.00,478.50,492.25,490.10,486.20,,492.24,,,232493,113794188.70,9260,F1,1,,,,,
2026-09-18,2026-09-18,CM,NSE,STK,14889,INE022I01019,ASIANTILES,EQ,,,,,ASIAN GRANITO IND. LTD.,49.97,51.29,49.21,50.65,50.80,49.97,,50.65,,,2493341,125286881.11,7043,F1,1,,,,,
2026-09-18,2026-09-18,CM,NSE,STK,19438,INE926K01017,AHLEAST,EQ,,,,,ASIAN HOTELS (EAST) LTD,135.12,139.71,132.01,135.59,135.85,134.97,,135.59,,,5283,705446.53,52,F1,1,,,,,
2026-09-18,2026-09-18,CM,NSE,STK,18422,INE363A01022,ASIANHOTNR,EQ,,,,,ASIAN HOTELS (NORTH) LTD,376.90,385.00,371.00,374.90,375.00,375.80,,374.90,,,25728,9671554.20,434,F1,1,,,,,
2026-09-18,2026-09-18,CM,NSE,STK,19370,INE915K01010,AHLWEST,BE,,,,,ASIAN HOTELS (WEST) LTD,551.95,551.95,542.30,544.25,544.25,551.95,,544.25,,,511,279408.25,13,F1,1,,,,,
2026-09-18,2026-09-18,CM,NSE,STK,236,INE021A01026,ASIANPAINT,EQ,,,,,ASIAN PAINTS LIMITED,2455.70,2474.00,2438.00,2451.30,2451.30,2454.00,,2450.62,,,1000730,2454984278.00,50142,F1,1,,,,,
2026-09-18,2026-09-18,CM,NSE,STK,762553,INE194D01017,ASTAR,EQ,,,,,ASIAN STAR CO. LTD.,807.30,807.35,760.35,807.35,807.35,672.80,,825.02,,,13851,11126141.65,699,F1,1,,,,,
2026-09-18,2026-09-18,CM,NSE,STK,765025,INE822B01017,ASIANTNE,EQ,,,,,ASIAN TEA & EXPORTS LTD.,9.53,9.78,9.20,9.28,9.28,9.34,,9.28,,,8933,82933.73,52,F1,1,,,,,
2026-09-18,2026-09-18,CM,NSE,STK,20152,INE491J01022,ASKAUTOLTD,EQ,,,,,ASK AUTOMOTIVE LIMITED,620.00,659.80,620.00,656.25,657.00,618.90,,656.21,,,515555,333597795.35,26418,F1,1,,,,,
2026-09-18,2026-09-18,CM,NSE,STK,17270,INE991I01015,ASPINWALL,EQ,,,,,ASPINWALL & CO LTD,253.50,255.00,250.10,251.55,251.55,255.00,,251.55,,,636,160331.25,29,F1,1,,,,,
2026-09-18,2026-09-18,CM,NSE,STK,23396,INE0S7801010,ASPIRE,SM,,,,,ASPIRE & INNOVATIVE ADV L,12.45,12.45,12.45,12.45,12.45,12.45,,12.45,,,2000,24900.00,1,F1,2000,,,,,
2026-09-18,2026-09-18,CM,NSE,STK,765989,INE961U07010,1050ASPL27,N0,,,,,ASPL 10.50% 2027,6501.00,6501.00,6501.00,6501.00,6501.00,8000.00,,6501.00,,,1,6501.00,1,F1,1,,,,,
2026-09-18,2026-09-18,CM,NSE,STK,765237,INE165G01010,ASSAMENT,EQ,,,,,ASSAM ENTRADE LIMITED,780.00,780.00,780.00,780.00,780.00,780.00,,780.00,,,1,780.00,1,F1,1,,,,,
2026-09-18,2026-09-18,CM,NSE,STK,766072,INE148G01016,ARCIL,EQ,,,,,ASSET RECONSTRUC CO (I) L,135.55,138.70,124.50,136.37,136.00,137.02,,136.36,,,6345147,844756426.65,76369,F1,1,,,,,
2026-09-18,2026-09-18,CM,NSE,STK,17598,INE073G01016,ASALCBR,EQ,,,,,ASSO ALCOHOLS & BREW LTD,658.05,666.00,649.05,659.55,656.00,656.95,,659.50,,,20148,13199565.55,2443,F1,1,,,,,
2026-09-18,2026-09-18,CM,NSE,STK,17728,INE563J01010,ASTEC,EQ,,,,,ASTEC LIFESCIENCES LTD,760.00,767.60,717.45,726.70,720.50,755.15,,726.73,,,101375,74085102.05,5696,F1,1,,,,,
2026-09-18,2026-09-18,CM,NSE,STK,1508,INE914M01019,ASTERDM,EQ,,,,,ASTER DM QUALITY CARE LTD,761.10,769.60,747.00,755.05,753.20,760.65,,755.07,,,1616337,1222871139.15,29348,F1,1,,,,,
2026-09-18,2026-09-18,CM,NSE,STK,11618,INE386C01029,ASTRAMICRO,EQ,,,,,ASTRA MICROWAVE LTD,1611.00,1650.60,1611.00,1631.20,1641.00,1607.80,,1631.26,,,199551,324690244.70,17381,F1,1,,,,,
2026-09-18,2026-09-18,CM,NSE,STK,14418,INE006I01046,ASTRAL,EQ,,,,,ASTRAL LIMITED,1400.00,1427.70,1397.50,1427.70,1427.70,1398.90,,1427.70,,,1389183,1960852747.30,46516,F1,1,,,,,
2026-09-18,2026-09-18,CM,NSE,STK,5610,INE203A01020,ASTRAZEN,EQ,,,,,ASTRAZENECA PHARMA IND LT,6678.00,6769.00,6678.00,6751.50,6720.00,6669.00,,6751.50,,,4635,31227801.00,1152,F1,1,,,,,
2026-09-18,2026-09-18,CM,NSE,STK,764445,INE646X01014,ASTRON,BZ,,,,,ASTRON PAPER BORD MIL LTD,2.99,3.00,2.89,2.96,2.98,2.97,,2.96,,,6523,19424.33,33,F1,1,,,,,
2026-09-18,2026-09-18,CM,NSE,STK,15649,INE0ALR01029,ATALREAL,EQ,,,,,ATAL REALTECH LIMITED,14.29,16.02,14.29,14.36,14.29,15.87,,14.35,,,18623657,277011625.33,25139,F1,1,,,,,
2026-09-18,2026-09-18,CM,NSE,STK,15404,INE09KD01013,ATAM,EQ,,,,,ATAM VALVES LIMITED,60.00,60.00,56.20,57.58,57.02,59.29,,57.58,,,15055,869368.13,366,F1,1,,,,,
2026-09-18,2026-09-18,CM,NSE,STK,756405,INE0V0Q01019,ATCENERGY,ST,,,,,ATC ENERGIES SYSTEM LTD,20.75,21.50,20.65,21.50,21.50,21.00,,21.50,,,8400,177120.00,5,F1,1200,,,,,
2026-09-18,2026-09-18,CM,NSE,STK,757645,INE0LEZ01016,ATHERENERG,EQ,,,,,ATHER ENERGY LIMITED,1550.00,1640.00,1548.10,1640.00,1640.00,1550.00,,1639.93,,,5010015,8030179830.40,101482,F1,1,,,,,
2026-09-18,2026-09-18,CM,NSE,STK,760953,IN90NN701011,ATLPP,E1,,,,,ATL RE.0.50 PPD UP,8.91,9.45,8.80,9.06,8.84,8.95,,9.11,,,1412,12592.05,18,F1,1,,,,,
2026-09-18,2026-09-18,CM,NSE,STK,759007,INE0Z4F01028,ATLANTAELE,EQ,,,,,ATLANTA ELECTRICALS LTD,1641.80,1699.90,1637.90,1666.10,1677.00,1633.30,,1666.12,,,104958,174986703.30,12187,F1,1,,,,,
2026-09-18,2026-09-18,CM,NSE,STK,13585,INE285H01022,ATLANTAA,EQ,,,,,ATLANTAA LIMITED,36.21,37.60,35.40,36.04,35.92,36.21,,36.02,,,24208,875419.52,846,F1,1,,,,,
2026-09-18,2026-09-18,CM,NSE,STK,4568,INE446A01025,ATLASCYCLE,EQ,,,,,ATLAS CYCLE (HARYANA) LTD,89.05,89.14,87.60,88.19,88.80,89.76,,88.18,,,16554,1462048.47,1075,F1,1,,,,,
2026-09-18,2026-09-18,CM,NSE,STK,22785,INE05DH01017,ATMASTCO,SM,,,,,ATMASTCO LIMITED,130.00,131.90,128.00,128.35,128.00,128.50,,128.35,,,7600,988560.00,15,F1,400,,,,,
2026-09-18,2026-09-18,CM,NSE,STK,30023,INE951D01028,ATULAUTO,EQ,,,,,ATUL AUTO LIMITED,441.65,453.00,441.65,446.45,447.50,441.40,,446.45,,,52416,23386132.75,2887,F1,1,,,,,
2026-09-18,2026-09-18,CM,NSE,STK,263,INE100A01010,ATUL,EQ,,,,,ATUL LTD,6133.50,6201.00,6110.50,6170.50,6146.00,6133.50,,6171.30,,,21266,131022009.00,4263,F1,1,,,,,
2026-09-18,2026-09-18,CM,NSE,STK,21238,INE949L01017,AUBANK,EQ,,,,,AU SMALL FINANCE BANK LTD,1040.50,1058.60,1033.30,1058.60,1058.60,1039.30,,1058.60,,,1251837,1306893139.80,28229,F1,1,,,,,
2026-09-18,2026-09-18,CM,NSE,STK,765451,INE16W401027,AUGMONT,EQ,,,,,AUGMONT ENTERPRISES LTD,815.00,884.00,813.00,874.35,875.00,811.10,,874.48,,,898791,771656462.35,33798,F1,1,,,,,
2026-09-18,2026-09-18,CM,NSE,STK,12022,INE132H01018,AURIONPRO,EQ,,,,,AURIONPRO SOLN LTD,702.00,704.40,680.70,685.60,688.00,705.00,,685.58,,,183275,126293379.30,9511,F1,1,,,,,
2026-09-18,2026-09-18,CM,NSE,STK,15869,INE0NUL01018,AUROIMPEX,SM,,,,,AURO IMPEX & CHEMICALS L,33.75,33.75,33.75,33.75,33.75,32.15,,33.75,,,8000,270000.00,5,F1,1600,,,,,
2026-09-18,2026-09-18,CM,NSE,STK,275,INE406A01037,AUROPHARMA,EQ,,,,,AUROBINDO PHARMA LTD,1683.20,1734.00,1676.10,1734.00,1734.00,1690.00,,1734.01,,,1209478,2053085900.80,30644,F1,1,,,,,
2026-09-18,2026-09-18,CM,NSE,STK,10310,INE898S01029,AURUM,EQ,,,,,AURUM PROPTECH LIMITED,222.50,222.50,218.47,219.78,221.00,221.11,,219.78,,,149650,32912237.19,1180,F1,1,,,,,
2026-09-18,2026-09-18,CM,NSE,STK,31468,INE142K01011,AURUS,EQ,,,,,AURUS GEM CORP LIMITED,4.72,4.96,4.72,4.87,4.78,4.72,,4.87,,,15310,74753.12,70,F1,1,,,,,
2026-09-18,2026-09-18,CM,NSE,STK,4037,INE218C01016,AUSOMENT,EQ,,,,,AUSOM ENTERPRISE LIMITED,148.11,154.00,146.95,152.15,148.19,149.23,,152.32,,,9808,1481667.66,161,F1,1,,,,,
2026-09-18,2026-09-18,CM,NSE,STK,764608,INE759F01012,AUSTENG,EQ,,,,,AUSTIN ENGINEERING CO. L,130.00,137.00,130.00,131.41,131.60,127.71,,131.41,,,2596,342938.92,105,F1,1,,,,,
2026-09-18,2026-09-18,CM,NSE,STK,21451,INE0P0001010,APS,SM,,,,,AUSTRALIAN PREM SOLAR I L,225.10,234.60,225.10,230.50,230.50,230.05,,230.50,,,10250,2375112.50,34,F1,250,,,,,
2026-09-18,2026-09-18,CM,NSE,STK,23553,INE206F01022,AIIL,EQ,,,,,AUTHUM INVEST & INFRA LTD,531.95,562.00,527.50,559.00,561.00,527.20,,559.01,,,762508,421392813.65,25530,F1,1,,,,,
2026-09-18,2026-09-18,CM,NSE,STK,14106,INE718H01014,AUTOIND,EQ,,,,,AUTOLINE INDUSTRIES LTD,79.40,79.41,77.37,78.34,78.10,78.10,,78.35,,,88494,6935657.65,1090,F1,1,,,,,
2026-09-18,2026-09-18,CM,NSE,STK,764558,INE451C01013,ACGL,EQ,,,,,AUTOMOBILE CORPN OF GOA L,1798.00,1836.90,1725.10,1737.20,1750.00,1774.00,,1739.36,,,1004,1774024.50,215,F1,1,,,,,
2026-09-18,2026-09-18,CM,NSE,STK,278,INE449A01011,AUTOAXLES,EQ,,,,,AUTOMOTIVE AXLES LIMITED,1687.30,1712.90,1661.40,1701.20,1705.00,1679.40,,1699.87,,,4894,8293731.00,515,F1,1,,,,,
2026-09-18,2026-09-18,CM,NSE,STK,10634,INE900C01027,ASAL,EQ,,,,,AUTOMOTIVE STAMPINGS & AS,446.80,452.50,444.60,449.70,447.50,445.85,,449.72,,,7762,3476706.35,335,F1,1,,,,,
2026-09-18,2026-09-18,CM,NSE,STK,21406,INE349W01017,AVADHSUGAR,EQ,,,,,AVADH SUG & ENERGY LTD,721.00,739.60,708.00,730.45,735.95,721.00,,730.46,,,74170,53523138.90,3919,F1,1,,,,,
2026-09-18,2026-09-18,CM,NSE,STK,15058,INE0LCL01028,AVALON,EQ,,,,,AVALON TECHNOLOGIES LTD,2236.20,2618.00,2218.30,2537.70,2602.00,2230.00,,2537.65,,,4310981,10671810791.20,245026,F1,1,,,,,
2026-09-18,2026-09-18,CM,NSE,STK,760736,INE1KU201016,AVANA,ST,,,,,AVANA ELECTROSYSTEMS LTD,140.00,140.00,139.00,140.00,140.00,137.00,,140.00,,,10000,1397900.00,5,F1,2000,,,,,
2026-09-18,2026-09-18,CM,NSE,STK,765030,INE758A01072,AVANCE,EQ,,,,,AVANCE TECHNOLOGIES LTD.,0.78,0.83,0.77,0.80,0.81,0.78,,0.80,,,2535570,2032094.89,1469,F1,1,,,,,
2026-09-18,2026-09-18,CM,NSE,STK,24610,INE005B01027,AVANTEL,EQ,,,,,AVANTEL LIMITED,146.37,148.53,146.30,147.23,147.60,146.37,,147.23,,,619077,91192916.00,8865,F1,1,,,,,
2026-09-18,2026-09-18,CM,NSE,STK,7936,INE871C01038,AVANTIFEED,EQ,,,,,AVANTI FEEDS LIMITED,772.00,778.35,754.00,774.45,773.00,770.85,,774.43,,,318512,244346347.70,21382,F1,1,,,,,
2026-09-18,2026-09-18,CM,NSE,STK,20503,INE617I01024,AVATAR,ST,,,,,AVATAR INDUSTRIES LIMITED,207.55,229.35,207.55,208.15,207.55,218.45,,208.15,,,26000,5486900.00,13,F1,2000,,,,,
2026-09-18,2026-09-18,CM,NSE,STK,19913,INE192R01011,DMART,EQ,,,,,AVENUE SUPERMARTS LIMITED,3711.10,3755.80,3680.00,3749.90,3749.90,3711.20,,3749.88,,,881497,3275303215.80,31216,F1,1,,,,,
2026-09-18,2026-09-18,CM,NSE,STK,16249,INE483S01020,CCAVENUE,EQ,,,,,AVENUESAI LIMITED,16.39,16.64,15.99,16.08,16.09,16.32,,16.08,,,15304318,248638319.45,24196,F1,1,,,,,
2026-09-18,2026-09-18,CM,NSE,STK,15638,INE680Z01018,AVG,BE,,,,,AVG LOGISTICS LIMITED,170.50,173.90,168.30,170.11,170.00,170.50,,170.00,,,2793,479601.30,49,F1,1,,,,,
2026-09-18,2026-09-18,CM,NSE,STK,25520,INE0TFB01017,AVIANSH,SM,,,,,AVI ANSH TEXTILE LIMITED,103.00,103.00,103.00,103.00,103.00,102.50,,103.00,,,1000,103000.00,1,F1,1000,,,,,
2026-09-18,2026-09-18,CM,NSE,STK,755092,INE0V9I01017,AVIENCE,SM,,,,,AVIENCE BIOMEDICALS LTD,334.00,343.00,331.50,342.40,343.00,334.80,,342.40,,,13800,4667820.00,21,F1,600,,,,,
2026-09-18,2026-09-18,CM,NSE,STK,14069,INE855F01042,ASMS,BE,,,,,AVIO SMART MRKT STACK LTD,6.79,6.80,6.62,6.66,6.69,6.70,,6.66,,,166356,1112009.30,295,F1,1,,,,,
2026-09-18,2026-09-18,CM,NSE,STK,13557,INE323B01024,AVONMORE,EQ,,,,,AVONMORE CAP&MGT SERV LTD,12.20,12.50,12.09,12.46,12.35,12.02,,12.46,,,98361,1210170.85,1100,F1,1,,,,,
2026-09-18,2026-09-18,CM,NSE,STK,23159,INE0R9401019,AVPINFRA,SM,,,,,AVP INFRACON LIMITED,60.00,60.00,57.25,57.50,57.35,57.80,,57.50,,,13600,788120.00,15,F1,800,,,,,
2026-09-18,2026-09-18,CM,NSE,STK,8827,INE652Z01025,AVROIND,EQ,,,,,AVRO INDIA LIMITED,7.90,8.10,7.66,7.94,7.96,7.84,,7.95,,,153863,1212065.52,519,F1,1,,,,,
2026-09-18,2026-09-18,CM,NSE,STK,14008,INE488D01021,AVTNPL,EQ,,,,,AVT NATURAL PRODUCTS LTD,85.50,86.78,85.50,85.70,85.99,85.45,,85.71,,,59925,5152079.04,927,F1,1,,,,,
2026-09-18,2026-09-18,CM,NSE,STK,23864,INE108V01019,AWFIS,EQ,,,,,AWFIS SPACE SOLUTIONS LTD,264.70,279.00,263.50,275.75,277.50,264.70,,275.79,,,539359,146272788.50,11735,F1,1,,,,,
2026-09-18,2026-09-18,CM,NSE,STK,8110,INE699H01024,AWL,EQ,,,,,AWL AGRI BUSINESS LIMITED,184.04,187.55,183.49,186.98,187.05,184.04,,186.98,,,2593357,483175925.75,23194,F1,1,,,,,
2026-09-18,2026-09-18,CM,NSE,STK,5900,INE238A01034,AXISBANK,EQ,,,,,AXIS BANK LIMITED,1244.00,1257.00,1240.50,1257.00,1257.00,1240.00,,1256.98,,,5693016,7113514130.80,106154,F1,1,,,,,
2026-09-18,2026-09-18,CM,NSE,STK,765499,INF846KA1598,ENERGYAXIS,EQ,,,,,AXISAMC - ENERGYAXIS,18.94,19.19,18.75,18.96,19.14,18.76,,19.00,,,10923,206172.88,46,F1,1,,,,,
2026-09-18,2026-09-18,CM,NSE,STK,1044,INF846K01X63,BNKETFAXIS,EQ,,,,,AXISAMC-BNKETFAXIS,580.87,582.38,578.96,581.87,582.38,580.22,,581.87,,,772,448295.10,25,F1,1,,,,,
2026-09-18,2026-09-18,CM,NSE,STK,5732,INF846K016C7,CONSUMAXIS,EQ,,,,,AXISAMC-CONSUMAXIS,118.43,118.60,117.73,118.57,118.57,118.06,,118.57,,,851,100435.16,17,F1,1,,,,,
2026-09-18,2026-09-18,CM,NSE,STK,20532,INF846K01W80,GOLDAXIS,EQ,,,,,AXISAMC-GOLDAXIS,126.60,128.16,126.42,127.67,127.65,125.24,,127.67,,,2006311,255826401.66,3615,F1,1,,,,,
2026-09-18,2026-09-18,CM,NSE,STK,3608,INF846K01Z12,HEALTHAXIS,EQ,,,,,AXISAMC-HEALTHAXIS,168.49,169.90,168.36,169.67,169.44,167.94,,169.67,,,1483,250466.99,68,F1,1,,,,,
2026-09-18,2026-09-18,CM,NSE,STK,3010,INF846K01Y96,ITAXIS,EQ,,,,,AXISAMC-ITAXIS,323.98,323.98,315.39,316.58,315.50,320.02,,316.58,,,2163,684683.87,66,F1,1,,,,,
2026-09-18,2026-09-18,CM,NSE,STK,21252,INF846K01W98,NIFTYAXIS,EQ,,,,,AXISAMC-NIFTYAXIS,258.96,259.39,258.09,259.23,259.33,258.41,,259.23,,,8771,2270227.09,152,F1,1,,,,,
2026-09-18,2026-09-18,CM,NSE,STK,14742,INF846K010Q0,SENSEXAXIS,EQ,,,,,AXISAMC-SENSEXAXIS,76.38,77.68,76.38,77.23,76.70,77.44,,77.23,,,3257,251845.34,51,F1,1,,,,,
2026-09-18,2026-09-18,CM,NSE,STK,11193,INF846K011K1,SILVERAXIS,EQ,,,,,AXISAMC-SILVERAXIS,230.05,233.79,230.03,232.82,232.62,225.27,,232.82,,,1004472,233244432.78,4363,F1,1,,,,,
2026-09-18,2026-09-18,CM,NSE,STK,30155,INF846KA1119,VALUEAXIS,EQ,,,,,AXISAMC-VALUEAXIS,32.10,32.25,32.00,32.13,32.25,32.03,,32.13,,,39037,1254146.85,214,F1,1,,,,,
2026-09-18,2026-09-18,CM,NSE,STK,9436,INE555B01013,AXISCADES,EQ,,,,,AXISCADES TECH LTD,1872.00,1879.00,1785.70,1811.20,1807.00,1852.30,,1811.15,,,286095,525651354.40,21747,F1,1,,,,,
2026-09-18,2026-09-18,CM,NSE,STK,9902,INE02EZ01022,AXITA,EQ,,,,,AXITA COTTON LIMITED,8.02,8.02,7.96,7.99,8.01,7.99,,7.99,,,327258,2617341.32,569,F1,1,,,,,
2026-09-18,2026-09-18,CM,NSE,STK,764613,INE767C01012,AXTEL,EQ,,,,,AXTEL INDUSTRIES LTD.,444.25,444.25,431.50,440.05,440.00,443.65,,440.09,,,7910,3481103.00,190,F1,1,,,,,
2026-09-18,2026-09-18,CM,NSE,STK,760981,INE501X01029,AYE,EQ,,,,,AYE FINANCE LIMITED,181.64,188.52,180.00,185.72,186.15,180.98,,185.73,,,854592,158586643.61,19876,F1,1,,,,,
2026-09-18,2026-09-18,CM,NSE,STK,10285,INE193B01039,AYMSYNTEX,EQ,,,,,AYM SYNTEX LIMITED,280.05,286.80,278.40,283.15,279.90,281.95,,283.19,,,33688,9490915.90,1233,F1,1,,,,,
2026-09-18,2026-09-18,CM,NSE,STK,20905,INE02IJ01035,AZAD,EQ,,,,,AZAD ENGINEERING LIMITED,2605.30,2816.00,2605.30,2790.30,2777.00,2605.30,,2789.84,,,700873,1924648809.20,51866,F1,1,,,,,
2026-09-18,2026-09-18,CM,NSE,STK,765035,INE566M01017,AZADIND,EQ,,,,,AZAD INDIA MOBILITY LTD.,85.04,88.49,80.34,82.18,82.54,85.07,,81.98,,,36707,3119285.80,708,F1,1,,,,,
2026-09-18,2026-09-18,CM,NSE,STK,762616,INE489D01011,BNALTD,BE,,,,,B & A LTD.,365.00,365.00,365.00,365.00,365.00,370.00,,365.00,,,1,365.00,1,F1,1,,,,,
2026-09-18,2026-09-18,CM,NSE,STK,12153,INE01EE01011,BBTCL,EQ,,,,,B&B TRIPLEWALL CONT LTD,235.89,235.89,227.00,230.53,231.98,230.63,,230.60,,,509,118331.43,33,F1,1,,,,,
2026-09-18,2026-09-18,CM,NSE,STK,11226,INE116D01028,BAGFILMS,EQ,,,,,B.A.G FILMS AND MEDIA LTD,4.40,4.56,4.30,4.35,4.43,4.32,,4.35,,,58850,257923.69,129,F1,1,,,,,
2026-09-18,2026-09-18,CM,NSE,STK,13290,INE350H01032,BLKASHYAP,EQ,,,,,B.L.KASHYAP & SON LTD,52.55,54.00,52.10,52.74,52.68,52.87,,52.73,,,424616,22544421.18,2355,F1,1,,,,,
2026-09-18,2026-09-18,CM,NSE,STK,25114,INE01FR01028,STYLEBAAZA,EQ,,,,,BAAZAR STYLE RETAIL LTD,385.00,394.00,380.35,386.75,387.55,388.05,,386.67,,,591675,229228219.70,11305,F1,1,,,,,
2026-09-18,2026-09-18,CM,NSE,STK,20141,INE0QW501012,BABAFP,SM,,,,,BABA FOOD PROCESSING,22.75,23.10,22.75,23.10,23.10,23.95,,23.10,,,3200,73360.00,2,F1,1600,,,,,
2026-09-18,2026-09-18,CM,NSE,STK,17735,INE878I01022,BAFNAPH,BE,,,,,BAFNA PHARMACEUTICALS LTD,317.20,317.20,317.20,317.20,317.20,311.00,,322.50,,,6714,2129680.80,19,F1,1,,,,,
2026-09-18,2026-09-18,CM,NSE,STK,763363,INE2OVN25015,BAGMANE,RR,,,,,BAGMANE PRIME OFFICE REIT,110.29,110.69,106.98,107.49,108.30,109.89,,107.49,,,5292708,571228160.86,21568,F1,1,,,,,
2026-09-18,2026-09-18,CM,NSE,STK,12989,INE029Q01017,BAHETI,SM,,,,,BAHETI RECYCLING IND LTD,750.00,783.00,750.00,776.10,773.25,743.80,,776.10,,,22500,17139187.50,47,F1,375,,,,,
2026-09-18,2026-09-18,CM,NSE,STK,13794,INE020D01022,BAIDFIN,EQ,,,,,BAID FINSERV LIMITED,10.69,11.43,10.45,10.89,10.86,10.55,,10.89,,,238710,2635455.52,823,F1,1,,,,,
2026-09-18,2026-09-18,CM,NSE,STK,16669,INE917I01010,BAJAJ-AUTO,EQ,,,,,BAJAJ AUTO LIMITED,11501.00,11540.00,11406.00,11414.00,11414.00,11500.00,,11414.05,,,296757,3397066117.00,32564,F1,1,,,,,
2026-09-18,2026-09-18,CM,NSE,STK,19531,INE933K01021,BAJAJCON,EQ,,,,,BAJAJ CONSUMER CARE LTD,500.00,524.95,495.45,512.15,515.00,502.45,,512.16,,,942030,484593929.55,27335,F1,1,,,,,
2026-09-18,2026-09-18,CM,NSE,STK,15034,INE193E01025,BAJAJELEC,EQ,,,,,BAJAJ ELECT.LTD,323.30,329.25,321.00,323.05,323.70,325.30,,323.05,,,113896,36831429.95,3841,F1,1,,,,,
2026-09-18,2026-09-18,CM,NSE,STK,317,INE296A01032,BAJFINANCE,EQ,,,,,BAJAJ FINANCE LIMITED,1025.90,1040.30,1019.10,1040.30,1040.30,1015.00,,1040.20,,,8201656,8451481033.30,121018,F1,1,,,,,
2026-09-18,2026-09-18,CM,NSE,STK,16675,INE918I01026,BAJAJFINSV,EQ,,,,,BAJAJ FINSERV LTD.,1857.20,1872.60,1852.50,1852.50,1852.50,1859.20,,1852.49,,,719520,1338028274.70,33704,F1,1,,,,,
2026-09-18,2026-09-18,CM,NSE,STK,6863,INE411U01027,BAJAJHCARE,EQ,,,,,BAJAJ HEALTHCARE LIMITED,329.00,332.65,326.50,330.55,330.00,328.35,,330.18,,,42148,13876927.95,1700,F1,1,,,,,
2026-09-18,2026-09-18,CM,NSE,STK,308,INE306A01021,BAJAJHIND,EQ,,,,,BAJAJ HINDUSTHAN SUGAR LT,19.38,19.80,19.01,19.53,19.60,19.38,,19.53,,,14869475,286432354.04,15961,F1,1,,,,,
2026-09-18,2026-09-18,CM,NSE,STK,305,INE118A01012,BAJAJHLDNG,EQ,,,,,BAJAJ HOLDINGS & INVS LTD,11094.00,11363.00,11070.00,11282.00,11282.00,11010.00,,11282.00,,,56100,631248532.00,12744,F1,1,,,,,
2026-09-18,2026-09-18,CM,NSE,STK,25270,INE377Y01014,BAJAJHFL,EQ,,,,,BAJAJ HOUSING FINANCE LTD,82.83,86.45,82.71,85.58,85.65,82.70,,85.57,,,5168608,437512607.81,28378,F1,1,,,,,
2026-09-18,2026-09-18,CM,NSE,STK,762563,INE704G01024,BAJAJST,EQ,,,,,BAJAJ STEEL INDS. LTD.,358.65,358.80,348.80,352.20,352.80,353.45,,352.19,,,4283,1508863.25,393,F1,1,,,,,
2026-09-18,2026-09-18,CM,NSE,STK,20531,INE0KQN01018,BAJEL,EQ,,,,,BAJEL PROJECTS LIMITED,173.00,175.89,170.10,171.91,170.65,173.08,,171.89,,,153833,26589860.28,2157,F1,1,,,,,
2026-09-18,2026-09-18,CM,NSE,STK,13441,INE083D01012,BALPHARMA,EQ,,,,,BAL PHARMA LTD.,102.88,103.94,100.10,100.67,100.21,102.46,,100.66,,,24581,2495765.24,444,F1,1,,,,,
2026-09-18,2026-09-18,CM,NSE,STK,14501,INE050E01027,BALAMINES,EQ,,,,,BALAJI AMINES LIMITED,2155.00,2196.80,2142.10,2171.50,2169.00,2148.90,,2171.47,,,97030,210956024.90,10157,F1,1,,,,,
2026-09-18,2026-09-18,CM,NSE,STK,30030,INE0PQ601019,BALAJIPHOS,SM,,,,,BALAJI PHOSPHATES LIMITED,116.95,116.95,116.95,116.95,116.95,116.95,,116.95,,,1000,116950.00,1,F1,1000,,,,,
2026-09-18,2026-09-18,CM,NSE,STK,9158,INE794B01026,BALAJITELE,EQ,,,,,BALAJI TELEFILMS LIMITED.,95.33,96.99,93.60,95.25,96.80,95.97,,95.25,,,146529,14000458.54,1908,F1,1,,,,,
2026-09-18,2026-09-18,CM,NSE,STK,11309,INE618N01022,BALAXI,EQ,,,,,BALAXI PHARMA LTD,22.70,23.60,22.70,23.55,23.41,23.04,,23.55,,,17900,419545.40,130,F1,1,,,,,
2026-09-18,2026-09-18,CM,NSE,STK,335,INE787D01026,BALKRISIND,EQ,,,,,BALKRISHNA IND. LTD,2170.70,2296.00,2166.00,2265.30,2276.90,2170.80,,2265.35,,,616772,1386028178.50,53578,F1,1,,,,,
2026-09-18,2026-09-18,CM,NSE,STK,10181,INE875R01011,BALKRISHNA,EQ,,,,,BALKRISHNA PAPER MILLS L,16.66,16.93,16.31,16.43,16.74,16.66,,16.43,,,8085,133286.69,85,F1,1,,,,,
2026-09-18,2026-09-18,CM,NSE,STK,338,INE164A01016,BALMLAWRIE,EQ,,,,,BALMER LAWRIE & CO LTD,163.50,169.00,162.84,167.41,168.01,162.47,,167.47,,,149297,24691927.39,1842,F1,1,,,,,
2026-09-18,2026-09-18,CM,NSE,STK,762603,INE525F01025,BLIL,EQ,,,,,BALMER LAWRIE INVSTS. L,67.70,68.48,66.97,67.10,67.33,67.62,,67.10,,,110370,7446672.60,1631,F1,1,,,,,
2026-09-18,2026-09-18,CM,NSE,STK,341,INE119A01028,BALRAMCHIN,EQ,,,,,BALRAMPUR CHINI MILLS LTD,676.60,679.90,662.00,672.60,677.00,675.70,,672.58,,,1086980,728164187.85,24381,F1,1,,,,,
2026-09-18,2026-09-18,CM,NSE,STK,23607,INE011E01029,BALUFORGE,EQ,,,,,BALU FORGE INDUSTRIES LTD,504.00,525.80,504.00,522.15,523.75,501.60,,522.15,,,1043655,541052444.85,27152,F1,1,,,,,
2026-09-18,2026-09-18,CM,NSE,STK,347,INE655B01011,BANARBEADS,EQ,,,,,BANARAS BEADS LTD,110.85,114.20,110.85,113.05,113.50,110.54,,112.93,,,790,88988.69,51,F1,1,,,,,
2026-09-18,2026-09-18,CM,NSE,STK,13880,INE213C01025,BANCOINDIA,EQ,,,,,BANCO PRODUCTS (I) LTD,596.00,608.65,596.00,604.00,603.90,593.05,,604.01,,,92889,56102720.20,5902,F1,1,,,,,
2026-09-18,2026-09-18,CM,NSE,STK,2263,INE545U01014,BANDHANBNK,EQ,,,,,BANDHAN BANK LIMITED,173.00,178.30,172.50,175.00,175.00,171.50,,175.00,,,20360613,3594877836.51,69527,F1,1,,,,,
2026-09-18,2026-09-18,CM,NSE,STK,760325,INF194KB1KJ7,GOLDBND,EQ,,,,,BANDHANAMC - GOLDBND,153.56,154.00,150.71,153.21,153.09,150.55,,153.18,,,44050,6723609.25,308,F1,1,,,,,
2026-09-18,2026-09-18,CM,NSE,STK,18783,INF194KA1U07,IDFNIFTYET,EQ,,,,,BANDHANAMC - IDFNIFTYET,258.31,259.00,255.75,259.00,259.00,257.03,,259.00,,,363,93493.70,25,F1,1,,,,,
2026-09-18,2026-09-18,CM,NSE,STK,760328,INF194KB1KI9,SILVERBND,EQ,,,,,BANDHANAMC - SILVERBND,232.19,236.00,231.56,235.48,236.00,227.01,,235.48,,,25507,5978711.38,193,F1,1,,,,,
2026-09-18,2026-09-18,CM,NSE,STK,15303,INE863I01016,BANG,EQ,,,,,BANG OVERSEAS LTD.,33.85,34.85,33.26,33.50,33.40,33.19,,33.48,,,35579,1205130.08,236,F1,1,,,,,
2026-09-18,2026-09-18,CM,NSE,STK,4668,INE028A01039,BANKBARODA,EQ,,,,,BANK OF BARODA,233.56,234.94,231.92,234.94,234.94,232.30,,234.94,,,7110561,1660468672.45,37155,F1,1,,,,,
2026-09-18,2026-09-18,CM,NSE,STK,4745,INE084A01016,BANKINDIA,EQ,,,,,BANK OF INDIA,138.78,140.00,138.02,140.00,140.00,138.17,,140.00,,,4269930,594297753.49,22262,F1,1,,,,,
2026-09-18,2026-09-18,CM,NSE,STK,11377,INE457A01014,MAHABANK,EQ,,,,,BANK OF MAHARASHTRA,81.60,83.54,81.13,83.54,83.54,80.80,,83.53,,,18030197,1491342127.53,41670,F1,1,,,,,
2026-09-18,2026-09-18,CM,NSE,STK,822,INE862Y01015,BANKA,EQ,,,,,BANKA BIOLOO LIMITED,77.20,81.00,75.60,79.96,81.00,77.20,,79.96,,,1630,126147.04,28,F1,1,,,,,
2026-09-18,2026-09-18,CM,NSE,STK,12037,INE186H01022,BASML,BE,,,,,BANNARI AM SPIN MILL LTD.,24.15,24.15,23.25,23.47,23.35,23.78,,23.54,,,18457,436636.23,95,F1,1,,,,,
2026-09-18,2026-09-18,CM,NSE,STK,350,INE459A01010,BANARISUG,EQ,,,,,BANNARI AMMAN SUGARS LTD,3290.90,3329.40,3290.90,3316.70,3315.00,3302.80,,3316.80,,,629,2086395.40,127,F1,1,,,,,
2026-09-18,2026-09-18,CM,NSE,STK,24386,INE0B9K01025,BANSALWIRE,EQ,,,,,BANSAL WIRE INDUSTRIES L,310.40,320.00,306.30,310.60,315.00,313.25,,310.54,,,81678,25529702.45,3678,F1,1,,,,,
2026-09-18,2026-09-18,CM,NSE,STK,14511,INE629D01020,BANSWRAS,EQ,,,,,BANSWARA SYNTEX LIMITED,111.95,112.10,105.99,108.49,110.50,110.32,,108.51,,,57722,6254390.23,1165,F1,1,,,,,
2026-09-18,2026-09-18,CM,NSE,STK,15073,INE139I01011,BVCL,EQ,,,,,BARAK VALLEY CEM. LTD.,40.69,41.30,40.50,40.76,40.76,40.89,,40.76,,,7122,290451.43,128,F1,1,,,,,
2026-09-18,2026-09-18,CM,NSE,STK,29176,INE0QX401014,BARFLEX,SM,,,,,BARFLEX POLYFILMS LIMITED,60.90,62.00,60.00,62.00,62.00,59.85,,62.00,,,12000,729700.00,6,F1,2000,,,,,
2026-09-18,2026-09-18,CM,NSE,STK,24117,INF251K01TL6,BBNPNBETF,EQ,,,,,BARODABNP - BBNPNBETF,55.49,57.02,55.49,56.75,56.75,56.62,,56.75,,,372,20968.45,21,F1,1,,,,,
2026-09-18,2026-09-18,CM,NSE,STK,20547,INF251K01SU9,BBNPPGOLD,EQ,,,,,BARODABNP - BBNPPGOLD,148.70,148.70,145.00,147.95,147.85,145.45,,147.95,,,5669,831909.90,56,F1,1,,,,,
2026-09-18,2026-09-18,CM,NSE,STK,368,INE373A01013,BASF,EQ,,,,,BASF INDIA LTD,3617.00,3641.60,3566.50,3605.70,3608.00,3601.60,,3605.78,,,35931,129181639.70,4647,F1,1,,,,,
2026-09-18,2026-09-18,CM,NSE,STK,18442,INE0OCC01013,BASILIC,SM,,,,,BASILIC FLY STUDIO LTD,179.00,188.00,173.65,178.10,174.00,179.35,,178.10,,,14100,2541300.00,33,F1,300,,,,,
2026-09-18,2026-09-18,CM,NSE,STK,371,INE176A01028,BATAINDIA,EQ,,,,,BATA INDIA LTD,639.95,656.00,624.90,638.30,646.10,636.65,,638.33,,,1089830,693472947.00,25782,F1,1,,,,,
2026-09-18,2026-09-18,CM,NSE,STK,762568,INE177C01022,BATLIBOI,EQ,,,,,BATLIBOI LTD.,81.80,81.89,78.11,81.09,81.40,78.73,,81.13,,,54989,4381493.14,1797,F1,1,,,,,
2026-09-18,2026-09-18,CM,NSE,STK,22571,INE0JFJ01011,BAWEJA,SM,,,,,BAWEJA STUDIOS LIMITED,23.50,23.95,22.00,22.10,22.10,23.00,,22.10,,,11200,252600.00,14,F1,800,,,,,
2026-09-18,2026-09-18,CM,NSE,STK,17927,INE462A01022,BAYERCROP,EQ,,,,,BAYER CROPSCIENCE LTD,3891.00,3899.10,3761.10,3779.50,3771.00,3893.40,,3779.76,,,87483,333910525.30,14367,F1,1,,,,,
2026-09-18,2026-09-18,CM,NSE,STK,2513,INE412G01024,BCLIND,EQ,,,,,BCL INDUSTRIES LIMITED,33.12,33.39,32.63,33.06,33.00,33.17,,33.06,,,347328,11456882.54,2459,F1,1,,,,,
2026-09-18,2026-09-18,CM,NSE,STK,761494,INE00SW01015,BCPL,EQ,,,,,BCPL RAILWAY INFRA LTD,68.95,68.95,65.81,66.92,67.34,67.63,,66.88,,,10426,694149.25,344,F1,1,,,,,
2026-09-18,2026-09-18,CM,NSE,STK,23922,INE639X01027,BEACON,SM,,,,,BEACON TRUSTEESHIP LTD,78.00,81.00,78.00,81.00,81.00,78.00,,81.00,,,4000,315100.00,4,F1,1000,,,,,
2026-09-18,2026-09-18,CM,NSE,STK,17933,INE520H01022,BEARDSELL,EQ,,,,,BEARDSELL LIMITED,24.95,24.95,23.56,23.87,24.50,24.23,,23.87,,,11453,276706.72,277,F1,1,,,,,
2026-09-18,2026-09-18,CM,NSE,STK,20196,INE844K01012,BEDMUTHA,EQ,,,,,BEDMUTHA INDUST LTD,104.98,106.00,102.50,104.74,104.40,104.98,,104.72,,,2278,239938.82,31,F1,1,,,,,
2026-09-18,2026-09-18,CM,NSE,STK,762573,INE213D01015,BEEKAY,EQ,,,,,BEEKAY STEEL INDS. LTD.,421.25,439.35,420.30,430.05,430.00,426.55,,430.06,,,1478,633970.25,101,F1,1,,,,,
2026-09-18,2026-09-18,CM,NSE,STK,765291,INE1EEM01017,BLEL,EQ,,,,,BEHARI LAL ENGINEERING L,437.90,444.30,434.20,440.40,441.00,436.10,,440.38,,,370777,162435652.50,7821,F1,1,,,,,
2026-09-18,2026-09-18,CM,NSE,STK,757938,INE344T01014,BELLACASA,EQ,,,,,BELLA CASA FASH AND RET L,259.00,263.23,250.35,262.53,262.50,255.25,,262.23,,,9510,2455132.19,738,F1,1,,,,,
2026-09-18,2026-09-18,CM,NSE,STK,757102,INE894V01022,BELRISE,EQ,,,,,BELRISE INDUSTRIES LTD,230.15,242.89,229.62,240.18,242.50,229.37,,240.19,,,10829670,2581026993.60,71874,F1,1,,,,,
2026-09-18,2026-09-18,CM,NSE,STK,15067,INE0N7W01012,BLAL,EQ,,,,,BEML LAND ASSETS LIMITED,162.47,164.99,160.01,162.99,163.30,162.37,,162.99,,,20633,3348480.36,510,F1,1,,,,,
2026-09-18,2026-09-18,CM,NSE,STK,395,INE258A01024,BEML,EQ,,,,,BEML LIMITED,2030.40,2155.00,2030.40,2135.00,2134.50,2013.30,,2134.96,,,1380251,2894856554.40,89759,F1,1,,,,,
2026-09-18,2026-09-18,CM,NSE,STK,764618,INE664D01019,BENARAS,EQ,,,,,BENARES HOTELS LTD.,10612.00,10700.00,10551.00,10588.00,10625.00,10800.00,,10588.00,,,37,394875.00,8,F1,1,,,,,
2026-09-18,2026-09-18,CM,NSE,STK,762578,INE083K01017,BENGALASM,EQ,,,,,BENGAL & ASSAM CO. LTD.,6213.00,6241.50,6195.00,6199.50,6196.00,6212.50,,6219.92,,,151,938205.50,79,F1,1,,,,,
2026-09-18,2026-09-18,CM,NSE,STK,404,INE463A01038,BERGEPAINT,EQ,,,,,BERGER PAINTS (I) LTD,449.95,461.80,448.60,458.65,458.00,448.60,,458.65,,,1220340,557435283.00,41012,F1,1,,,,,
2026-09-18,2026-09-18,CM,NSE,STK,2306,INE052T01021,BESTAGRO,EQ,,,,,BEST AGROLIFE LIMITED,18.61,18.70,18.25,18.51,18.50,18.42,,18.51,,,285469,5292532.51,1548,F1,1,,,,,
2026-09-18,2026-09-18,CM,NSE,STK,759842,INE351Y01019,BETA,EQ,,,,,BETA DRUGS LIMITED,2095.20,2147.90,2025.00,2055.20,2065.00,2095.00,,2055.20,,,14462,30146986.50,1961,F1,1,,,,,
2026-09-18,2026-09-18,CM,NSE,STK,5662,INE0HQI01014,BEWLTD,SM,,,,,BEW ENGINEERING LIMITED,49.00,50.50,49.00,49.15,50.00,48.60,,49.15,,,56000,2781400.00,63,F1,500,,,,,
2026-09-18,2026-09-18,CM,NSE,STK,21113,INE878K01010,BFINVEST,EQ,,,,,BF INVESTMENT LIMITED,437.35,452.40,436.35,445.25,445.70,438.95,,445.24,,,25663,11424716.85,1391,F1,1,,,,,
2026-09-18,2026-09-18,CM,NSE,STK,14567,INE243D01012,BFUTILITIE,EQ,,,,,BF UTILITIES LIMITED,523.95,564.75,523.95,542.00,537.00,521.05,,541.98,,,206053,112509750.35,8008,F1,1,,,,,
2026-09-18,2026-09-18,CM,NSE,STK,764183,INF0QA701CI0,BANK10BETF,EQ,,,,,BFAM - BANK10BETF,20.22,20.52,20.22,20.47,20.44,20.27,,20.47,,,6250,127511.60,19,F1,1,,,,,
2026-09-18,2026-09-18,CM,NSE,STK,21986,INF0QA701714,BANKBETF,EQ,,,,,BFAM - BANKBETF,55.96,57.50,55.96,57.30,57.15,57.10,,57.31,,,6890,393574.01,218,F1,1,,,,,
2026-09-18,2026-09-18,CM,NSE,STK,23915,INF0QA701854,LIQUIDBETF,EQ,,,,,BFAM - LIQUIDBETF,1099.50,1099.50,1099.48,1099.49,1099.49,1099.06,,1099.49,,,477228,524707534.22,163,F1,1,,,,,
2026-09-18,2026-09-18,CM,NSE,STK,21959,INF0QA701722,NIFTYBETF,EQ,,,,,BFAM - NIFTYBETF,240.70,241.19,239.23,240.79,240.95,240.35,,240.79,,,3374,810934.05,104,F1,1,,,,,
2026-09-18,2026-09-18,CM,NSE,STK,15193,INE661I01014,BGRENERGY,BE,,,,,BGR ENERGY SYSTEMS LTD,251.00,255.62,251.00,255.62,255.62,243.45,,255.62,,,60331,15361727.92,378,F1,1,,,,,
2026-09-18,2026-09-18,CM,NSE,STK,758228,INE0ZRC01017,BHADORA,ST,,,,,BHADORA INDUSTRIES LTD,115.00,123.55,115.00,122.90,122.90,117.70,,122.90,,,19200,2315040.00,16,F1,1200,,,,,
2026-09-18,2026-09-18,CM,NSE,STK,13427,INE354C01027,BHAGERIA,BE,,,,,BHAGERIA INDUSTRIES LTD,334.75,334.75,325.00,334.75,334.75,318.85,,340.31,,,62603,20928094.70,385,F1,1,,,,,
2026-09-18,2026-09-18,CM,NSE,STK,6164,INE414D01027,BHAGCHEM,EQ,,,,,BHAGIRADHA CHEM & INDS L,246.80,251.95,245.10,246.85,246.00,247.95,,246.85,,,146748,36533086.75,1250,F1,1,,,,,
2026-09-18,2026-09-18,CM,NSE,STK,20776,INE458B01036,BHAGYANGR,EQ,,,,,BHAGYANAGAR INDIA LIMITED,465.00,467.90,438.00,446.70,447.00,446.50,,446.68,,,329482,149328647.35,11031,F1,1,,,,,
2026-09-18,2026-09-18,CM,NSE,STK,19556,INE474E01029,BHANDARI,EQ,,,,,BHANDARI HOSIERY EXP LTD,2.96,3.03,2.96,2.99,2.98,2.98,,2.98,,,92258,275382.44,241,F1,1,,,,,
2026-09-18,2026-09-18,CM,NSE,STK,419,INE922A01025,BEPL,EQ,,,,,BHANSALI ENG. POLYMERS LT,127.56,130.30,126.62,128.95,128.36,127.47,,128.96,,,834218,107250558.68,6728,F1,1,,,,,
2026-09-18,2026-09-18,CM,NSE,STK,13761,INE464A01036,BBL,EQ,,,,,BHARAT BIJLEE LTD,2180.30,2219.00,2180.30,2207.90,2219.00,2203.40,,2207.97,,,15471,34053820.50,3285,F1,1,,,,,
2026-09-18,2026-09-18,CM,NSE,STK,760726,INE05XR01022,BHARATCOAL,EQ,,,,,BHARAT COKING COAL LTD,32.24,32.95,32.20,32.69,32.85,32.14,,32.69,,,3195446,103748597.42,13133,F1,1,,,,,
2026-09-18,2026-09-18,CM,NSE,STK,2144,INE171Z01026,BDL,EQ,,,,,BHARAT DYNAMICS LIMITED,1151.90,1196.60,1151.00,1196.60,1196.60,1151.90,,1196.56,,,741593,868669119.60,25146,F1,1,,,,,
2026-09-18,2026-09-18,CM,NSE,STK,383,INE263A01024,BEL,EQ,,,,,BHARAT ELECTRONICS LTD,397.40,399.20,393.30,393.30,393.30,395.45,,393.30,,,11862641,4707723128.95,99011,F1,1,,,,,
2026-09-18,2026-09-18,CM,NSE,STK,422,INE465A01025,BHARATFORG,EQ,,,,,BHARAT FORGE LTD,1940.10,1994.90,1940.10,1962.10,1962.10,1918.70,,1962.11,,,1602315,3168274166.80,59994,F1,1,,,,,
2026-09-18,2026-09-18,CM,NSE,STK,9397,INE561C01019,BHARATGEAR,BE,,,,,BHARAT GEARS LTD,100.20,102.40,100.15,100.51,100.46,101.30,,100.58,,,6382,642930.62,109,F1,1,,,,,
2026-09-18,2026-09-18,CM,NSE,STK,764623,INE365Y01019,BPLPHARMA,EQ,,,,,BHARAT PARENTERALS LTD.,1541.20,1564.00,1499.90,1509.70,1500.00,1534.00,,1508.11,,,843,1292749.20,141,F1,1,,,,,
2026-09-18,2026-09-18,CM,NSE,STK,526,INE029A01011,BPCL,EQ,,,,,BHARAT PETROLEUM CORP  LT,308.55,314.20,308.25,314.00,314.00,307.00,,313.97,,,9439555,2948502892.70,59458,F1,1,,,,,
2026-09-18,2026-09-18,CM,NSE,STK,3834,INE838B01021,BHARATRAS,EQ,,,,,BHARAT RASAYAN LTD,1169.50,1182.10,1155.00,1168.80,1164.40,1164.00,,1168.70,,,11371,13321172.80,1529,F1,1,,,,,
2026-09-18,2026-09-18,CM,NSE,STK,21683,INE727S01012,BRNL,EQ,,,,,BHARAT ROAD NETWORK LTD,16.41,16.75,16.03,16.25,16.62,16.41,,16.25,,,29263,477592.92,302,F1,1,,,,,
2026-09-18,2026-09-18,CM,NSE,STK,30244,INE415D01024,BHARATSE,EQ,,,,,BHARAT SEATS LIMITED,210.72,215.82,210.26,214.02,214.00,209.22,,214.02,,,96601,20603262.45,4512,F1,1,,,,,
2026-09-18,2026-09-18,CM,NSE,STK,16123,INE316L01019,BHARATWIRE,EQ,,,,,BHARAT WIRE ROPES LTD.,173.06,174.18,169.97,173.05,172.00,171.69,,173.02,,,72882,12538752.40,1927,F1,1,,,,,
2026-09-18,2026-09-18,CM,NSE,STK,10604,INE397D01024,BHARTIARTL,EQ,,,,,BHARTI AIRTEL LIMITED,1843.00,1893.30,1835.30,1893.30,1893.30,1836.00,,1892.87,,,14189780,26593041077.60,75788,F1,1,,,,,
2026-09-18,2026-09-18,CM,NSE,STK,23489,INE343G01021,BHARTIHEXA,EQ,,,,,BHARTI HEXACOM LIMITED,1482.00,1558.90,1477.80,1540.10,1540.00,1481.10,,1540.24,,,307475,468605180.80,28580,F1,1,,,,,
2026-09-18,2026-09-18,CM,NSE,STK,7848,INE828A01016,BIL,EQ,,,,,BHARTIYA INTERNATIONAL,1044.40,1079.90,1012.30,1040.85,1057.00,1023.45,,1040.97,,,9486,9950185.35,892,F1,1,,,,,
2026-09-18,2026-09-18,CM,NSE,STK,438,INE257A01026,BHEL,EQ,,,,,BHEL,428.40,439.90,427.25,439.90,439.90,429.20,,439.88,,,7669374,3329523518.15,56329,F1,1,,,,,
2026-09-18,2026-09-18,CM,NSE,STK,762621,INE274K01012,BTTL,BE,,,,,BHILWARA TECHNICAL TEXT L,41.50,41.50,39.10,39.64,39.29,41.15,,39.64,,,2293,91770.69,32,F1,1,,,,,
2026-09-18,2026-09-18,CM,NSE,STK,18431,INE412U01025,BIGBLOC,EQ,,,,,BIGBLOC CONSTRUCTION LTD,39.80,40.92,39.80,40.40,40.50,39.45,,40.40,,,25873,1040330.90,341,F1,1,,,,,
2026-09-18,2026-09-18,CM,NSE,STK,11966,INE00E101023,BIKAJI,EQ,,,,,BIKAJI FOODS INTERN LTD,553.00,592.00,550.40,580.25,576.20,552.65,,580.21,,,153843,88437769.55,7876,F1,1,,,,,
2026-09-18,2026-09-18,CM,NSE,STK,25527,INE0SQH01013,BIKEWO,ST,,,,,BIKEWO GREEN TECH LIMITED,114.00,116.60,112.00,116.00,116.60,112.20,,116.00,,,86000,9866100.00,40,F1,2000,,,,,
2026-09-18,2026-09-18,CM,NSE,STK,13622,INE071A01013,BILVYAPAR,BE,,,,,BIL VYAPAR LIMITED,4.15,4.33,4.02,4.29,4.29,4.15,,4.29,,,14009,59985.54,25,F1,1,,,,,
2026-09-18,2026-09-18,CM,NSE,STK,762586,INE986A01012,BI,BE,,,,,BILCARE LTD.,107.62,107.62,104.20,107.62,107.62,102.50,,109.14,,,75195,8082760.81,223,F1,1,,,,,
2026-09-18,2026-09-18,CM,NSE,STK,759806,INE0HOQ01053,GROWW,EQ,,,,,BILLIONBRAINS GARAGE VN L,189.00,195.50,185.70,191.76,193.00,187.44,,191.79,,,73111303,13939144333.92,280736,F1,1,,,,,
2026-09-18,2026-09-18,CM,NSE,STK,762588,INE469A01019,BIMETAL,EQ,,,,,BIMETAL BEARINGS LTD.,654.00,654.00,640.00,640.20,640.00,641.30,,640.20,,,332,214141.85,21,F1,1,,,,,
2026-09-18,2026-09-18,CM,NSE,STK,763598,INE1BKA01015,BMLL,SM,,,,,BIO MEDICA LABORATORIES L,155.50,157.00,155.50,157.00,157.00,152.05,,157.00,,,20000,3125800.00,4,F1,1000,,,,,
2026-09-18,2026-09-18,CM,NSE,STK,11373,INE376G01013,BIOCON,EQ,,,,,BIOCON LIMITED.,380.05,388.00,379.30,385.00,385.00,380.00,,385.00,,,7901211,3038598344.90,26851,F1,1,,,,,
2026-09-18,2026-09-18,CM,NSE,STK,4136,INE829A01014,BIOFILCHEM,EQ,,,,,BIOFIL CHEM & PHARMA LTD,32.70,33.49,32.00,32.83,32.76,32.86,,32.83,,,16681,547295.11,473,F1,1,,,,,
2026-09-18,2026-09-18,CM,NSE,STK,760942,INE0XW001014,BIOPOL,SM,,,,,BIOPOL CHEMICALS LIMITED,46.90,46.90,45.50,45.75,45.50,46.90,,45.75,,,10800,496440.00,9,F1,1200,,,,,
2026-09-18,2026-09-18,CM,NSE,STK,477,INE800A01015,BIRLACABLE,EQ,,,,,BIRLA CABLE LIMITED,414.85,418.80,390.00,409.50,408.40,401.65,,409.40,,,573898,234521702.15,15848,F1,1,,,,,
2026-09-18,2026-09-18,CM,NSE,STK,480,INE340A01012,BIRLACORPN,EQ,,,,,BIRLA CORPORATION LTD,815.00,842.15,804.80,823.60,821.00,811.15,,823.56,,,124135,101844999.95,12615,F1,1,,,,,
2026-09-18,2026-09-18,CM,NSE,STK,762596,INE372E01025,BIRLAPREC,BE,,,,,BIRLA PRECISION TECH L,58.49,58.60,56.16,57.08,57.00,58.60,,57.12,,,71985,4128805.05,525,F1,1,,,,,
2026-09-18,2026-09-18,CM,NSE,STK,1455,INE557A01011,BIRLANU,EQ,,,,,BIRLANU LIMITED,1395.00,1400.00,1365.10,1380.10,1399.90,1381.10,,1380.08,,,5947,8192913.50,831,F1,1,,,,,
2026-09-18,2026-09-18,CM,NSE,STK,24404,INF209KC1134,ABGSEC,EQ,,,,,BIRLASLAMC - ABGSEC,114.20,114.20,113.19,114.20,114.20,113.07,,114.20,,,8,911.58,5,F1,1,,,,,
2026-09-18,2026-09-18,CM,NSE,STK,760247,INF209KC1670,ABSL10BANK,EQ,,,,,BIRLASLAMC - ABSL10BANK,165.50,166.30,165.00,166.04,166.30,164.39,,166.04,,,281,46518.44,9,F1,1,,,,,
2026-09-18,2026-09-18,CM,NSE,STK,13987,INF209KB17D5,ABSLBANETF,EQ,,,,,BIRLASLAMC - ABSLBANETF,57.65,57.92,57.53,57.72,57.91,57.61,,57.72,,,10671,615983.99,148,F1,1,,,,,
2026-09-18,2026-09-18,CM,NSE,STK,14518,INF209KB18T9,ABSLLIQUID,EQ,,,,,BIRLASLAMC - ABSLLIQUID,995.00,1004.94,995.00,1000.00,1000.01,1000.00,,1000.00,,,8812,8812066.52,56,F1,1,,,,,
2026-09-18,2026-09-18,CM,NSE,STK,761066,INF209KC1662,ABSLMSCIN,EQ,,,,,BIRLASLAMC - ABSLMSCIN,28.82,28.93,28.68,28.69,28.93,28.72,,28.69,,,608,17459.32,11,F1,1,,,,,
2026-09-18,2026-09-18,CM,NSE,STK,7339,INF209KB16D7,ABSLNN50ET,EQ,,,,,BIRLASLAMC - ABSLNN50ET,74.81,75.99,73.87,75.87,75.99,74.81,,75.87,,,7289,550129.32,187,F1,1,,,,,
2026-09-18,2026-09-18,CM,NSE,STK,5957,INF209KB10E8,BSLSENETFG,EQ,,,,,BIRLASLAMC - BSLSENETFG,75.96,75.96,74.88,75.15,75.05,75.21,,75.15,,,4943,370993.79,69,F1,1,,,,,
2026-09-18,2026-09-18,CM,NSE,STK,6297,INF209KB10C2,HEALTHY,EQ,,,,,BIRLASLAMC - HEALTHY,17.43,17.43,17.01,17.14,17.15,17.01,,17.14,,,168153,2877983.56,730,F1,1,,,,,
2026-09-18,2026-09-18,CM,NSE,STK,10693,INF209KB14K7,MOMENTUM,EQ,,,,,BIRLASLAMC - MOMENTUM,30.80,30.87,30.50,30.79,30.70,30.58,,30.78,,,22891,704629.98,144,F1,1,,,,,
2026-09-18,2026-09-18,CM,NSE,STK,10690,INF209KB15K4,NIFTYQLITY,EQ,,,,,BIRLASLAMC - NIFTYQLITY,20.88,20.88,20.50,20.61,20.63,20.60,,20.61,,,10693,220422.26,186,F1,1,,,,,
2026-09-18,2026-09-18,CM,NSE,STK,8003,INF209KB19F6,SILVER,EQ,,,,,BIRLASLAMC - SILVER,231.24,234.88,231.05,233.88,233.95,226.36,,233.88,,,1124622,262114216.87,9392,F1,1,,,,,
2026-09-18,2026-09-18,CM,NSE,STK,6462,INF209KB11D8,TECH,EQ,,,,,BIRLASLAMC - TECH,31.85,32.39,31.30,31.55,31.49,31.99,,31.55,,,144353,4545599.16,678,F1,1,,,,,
2026-09-18,2026-09-18,CM,NSE,STK,23806,INF209KB19Z4,ABSLPSE,EQ,,,,,BIRLASLAMC-ABSLPSE,10.10,10.10,9.97,10.05,10.08,9.93,,10.05,,,46993,470985.42,250,F1,1,,,,,
2026-09-18,2026-09-18,CM,NSE,STK,6994,INE836A01035,BSOFT,EQ,,,,,BIRLASOFT LIMITED,285.00,285.05,278.45,280.40,281.00,283.80,,280.39,,,1305483,365864299.75,26401,F1,1,,,,,
2026-09-18,2026-09-18,CM,NSE,STK,3435,INE676A01027,BBOX,EQ,,,,,BLACK BOX LIMITED,770.00,804.00,764.55,801.15,801.00,766.40,,801.12,,,640804,507672358.45,31981,F1,1,,,,,
2026-09-18,2026-09-18,CM,NSE,STK,762601,INE761G01016,BLACKROSE,BE,,,,,BLACK ROSE INDS. LTD.,103.20,107.65,102.80,106.41,107.40,103.21,,106.39,,,14457,1505289.47,207,F1,1,,,,,
2026-09-18,2026-09-18,CM,NSE,STK,27144,INE0UIZ01018,BLACKBUCK,EQ,,,,,BLACKBUCK LIMITED,616.00,645.00,609.00,632.40,629.00,611.50,,632.40,,,1667349,1055356312.85,55103,F1,1,,,,,
2026-09-18,2026-09-18,CM,NSE,STK,8132,INE791A01024,BLBLIMITED,EQ,,,,,BLB LIMITED,16.29,16.29,15.86,16.00,15.86,15.99,,16.00,,,122807,1966570.86,281,F1,1,,,,,
2026-09-18,2026-09-18,CM,NSE,STK,19269,INE416D01022,BLISSGVS,BE,,,,,BLISS GVS PHARMA LTD,690.75,701.00,675.00,681.85,684.85,690.65,,681.82,,,168694,115959306.55,2418,F1,1,,,,,
2026-09-18,2026-09-18,CM,NSE,STK,22566,INE0NLT01010,BLSE,EQ,,,,,BLS E-SERVICES LIMITED,313.95,322.00,313.55,316.50,318.00,314.50,,316.38,,,224022,71036610.30,4075,F1,1,,,,,
2026-09-18,2026-09-18,CM,NSE,STK,17279,INE153T01027,BLS,EQ,,,,,BLS INTL SERVS LTD,227.89,230.80,226.00,226.50,227.00,227.74,,226.50,,,748096,170274260.45,12039,F1,1,,,,,
2026-09-18,2026-09-18,CM,NSE,STK,765040,INE373T01047,BLUECLOUDS,EQ,,,,,BLUE CLOUD SOFTECH SOLU L,19.65,19.65,19.25,19.34,19.40,19.57,,19.35,,,493433,9569611.38,1896,F1,1,,,,,
2026-09-18,2026-09-18,CM,NSE,STK,7480,INE472B01011,BLUECOAST,EQ,,,,,BLUE COAST HOTELS LIMITED,22.60,22.60,20.99,20.99,20.99,21.68,,21.28,,,963,20727.39,19,F1,1,,,,,
2026-09-18,2026-09-18,CM,NSE,STK,495,INE233B01017,BLUEDART,EQ,,,,,BLUE DART EXPRESS LTD,4810.50,4851.00,4770.00,4821.00,4811.00,4811.30,,4820.92,,,10165,48957592.00,3128,F1,1,,,,,
2026-09-18,2026-09-18,CM,NSE,STK,19686,INE0KBH01020,BLUEJET,EQ,,,,,BLUE JET HEALTHCARE LTD,570.45,577.85,567.00,575.25,574.30,568.20,,575.25,,,207881,119049217.30,11766,F1,1,,,,,
2026-09-18,2026-09-18,CM,NSE,STK,23413,INE0SAK01011,BLUEPEBBLE,ST,,,,,BLUE PEBBLE LIMITED,80.00,80.00,80.00,80.00,80.00,78.90,,80.00,,,400,32000.00,1,F1,400,,,,,
2026-09-18,2026-09-18,CM,NSE,STK,8311,INE472A01039,BLUESTARCO,EQ,,,,,BLUE STAR LIMITED,1551.20,1571.50,1531.80,1531.80,1531.80,1553.00,,1531.80,,,798646,1242078494.00,47644,F1,1,,,,,
2026-09-18,2026-09-18,CM,NSE,STK,758185,INE0X3M01010,BLUEWATER,ST,,,,,BLUE WATER LOGISTICS LTD,483.00,483.00,472.00,475.00,475.00,464.25,,475.00,,,6000,2865000.00,6,F1,1000,,,,,
2026-09-18,2026-09-18,CM,NSE,STK,759291,INE304W01038,BLUESTONE,EQ,,,,,BLUESTONE JEWEL LFSTL LTD,838.70,863.00,821.00,827.50,832.45,831.20,,827.52,,,1018859,855723363.70,43281,F1,1,,,,,
2026-09-18,2026-09-18,CM,NSE,STK,757520,INE0U4101014,BLUSPRING,EQ,,,,,BLUSPRING ENTERPRISES LTD,123.06,127.14,122.66,123.34,123.16,123.72,,123.36,,,141114,17444260.64,1713,F1,1,,,,,
2026-09-18,2026-09-18,CM,NSE,STK,759256,INE965W01036,BMWVENTLTD,EQ,,,,,BMW VENTURES LIMITED,50.77,53.40,50.32,51.90,51.00,50.22,,51.95,,,185490,9592515.10,1698,F1,1,,,,,
2026-09-18,2026-09-18,CM,NSE,STK,762608,INE00HZ01011,BNAGROCHEM,EQ,,,,,BN AGROCHEM LTD.,207.00,207.00,200.00,207.00,207.00,207.86,,206.00,,,944,194029.90,23,F1,1,,,,,
2026-09-18,2026-09-18,CM,NSE,STK,25017,INE338D01028,BODALCHEM,EQ,,,,,BODAL CHEMICALS LTD,184.99,191.23,184.05,191.23,191.23,182.13,,191.23,,,1686113,319810081.38,9499,F1,1,,,,,
2026-09-18,2026-09-18,CM,NSE,STK,14150,INE0EEJ01023,BTML,EQ,,,,,BODHI TREE MULTIMEDIA LTD,7.49,7.49,7.14,7.25,7.23,7.25,,7.25,,,704020,5200139.20,490,F1,1,,,,,
2026-09-18,2026-09-18,CM,NSE,STK,11640,INE802W01023,BOHRAIND,EQ,,,,,BOHRA INDUSTRIES LIMITED,13.00,13.88,12.41,12.71,12.71,13.34,,12.71,,,36792,469261.03,47,F1,1,,,,,
2026-09-18,2026-09-18,CM,NSE,STK,380,INE050A01025,BBTC,EQ,,,,,BOMBAY BURMAH TRADING COR,1409.70,1534.20,1409.70,1512.10,1512.50,1399.40,,1512.03,,,2468226,3687137894.20,127160,F1,1,,,,,
2026-09-18,2026-09-18,CM,NSE,STK,513,INE032A01023,BOMDYEING,EQ,,,,,BOMBAY DYEING & MFG. CO L,108.00,112.90,108.00,111.30,110.98,107.55,,111.30,,,1069497,118505007.84,10633,F1,1,,,,,
2026-09-18,2026-09-18,CM,NSE,STK,6052,INE0I3Y01014,BMETRICS,SM,,,,,BOMBAY METRICS S C LTD,32.85,34.00,32.85,34.00,34.00,32.85,,34.00,,,1600,53480.00,2,F1,800,,,,,
2026-09-18,2026-09-18,CM,NSE,STK,809,INE032Z01020,BSHSL,EQ,,,,,BOMBAY SUPER HYBRID SEEDS,89.25,93.00,86.20,87.87,88.56,88.25,,87.89,,,3480,306522.20,165,F1,1,,,,,
2026-09-18,2026-09-18,CM,NSE,STK,31040,INE906B07CB9,830NHAI27,N2,,,,,BOND 8.30% PA TAX FREE S2,1003.75,1003.90,1002.60,1003.80,1003.80,1003.75,,1003.80,,,12094,12133389.81,88,F1,1,,,,,
2026-09-18,2026-09-18,CM,NSE,STK,30984,INE020B07HP8,846REC28,N6,,,,,BOND 8.46% TAX FREE S2A,1135.00,1135.00,1135.00,1135.00,1135.00,1125.00,,1135.00,,,150,170250.00,4,F1,1,,,,,
2026-09-18,2026-09-18,CM,NSE,STK,1991,INE053F07728,863IRFC29,NC,,,,,BOND 8.63% PA TF TII-SIIA,1115.00,1115.00,1115.00,1115.00,1115.00,1113.80,,1115.00,,,33,36795.00,3,F1,1,,,,,
2026-09-18,2026-09-18,CM,NSE,STK,603,INE053F07686,865IRFC29,NA,,,,,BOND 8.65% PA TF TI-SIIB,1110.00,1110.00,1104.00,1104.00,1104.00,1102.65,,1104.00,,,39,43170.00,5,F1,1,,,,,
2026-09-18,2026-09-18,CM,NSE,STK,30990,INE020B07HS2,871REC28,N9,,,,,BOND 8.71% TAX FREE S2B,1127.00,1127.00,1127.00,1127.00,1127.00,1125.67,,1127.00,,,250,281750.00,1,F1,1,,,,,
2026-09-18,2026-09-18,CM,NSE,STK,1999,INE053F07744,888IRFC29,NE,,,,,BOND 8.88% PA TF TII-SIIB,1130.00,1130.00,1130.00,1130.00,1130.00,1130.00,,1130.00,,,3,3390.00,1,F1,1,,,,,
2026-09-18,2026-09-18,CM,NSE,STK,31970,INE557F07132,901NHB34,N6,,,,,BOND 9.01%PA TF TR-I S 3B,6397.00,6400.00,6397.00,6400.00,6400.00,6400.00,,6400.00,,,55,351955.00,4,F1,1,,,,,
2026-09-18,2026-09-18,CM,NSE,STK,2947,INE020B07IG5,888REC29,NF,,,,,BOND8.88% PA TF TR II S2B,1157.00,1157.00,1150.00,1150.00,1150.00,1146.01,,1141.19,,,165,189885.00,5,F1,1,,,,,
2026-09-18,2026-09-18,CM,NSE,STK,761056,INE0B9A01018,BONLON,EQ,,,,,BONLON INDUSTRIES LIMITED,37.82,39.85,37.82,39.13,39.36,37.07,,39.13,,,2577,100530.29,86,F1,1,,,,,
2026-09-18,2026-09-18,CM,NSE,STK,757919,INE16SF01016,BORANA,EQ,,,,,BORANA WEAVES LIMITED,298.15,304.00,296.00,297.10,296.50,299.50,,296.85,,,25153,7519871.45,758,F1,1,,,,,
2026-09-18,2026-09-18,CM,NSE,STK,19401,INE02PY01013,BOROLTD,EQ,,,,,BOROSIL LIMITED,256.25,263.10,252.60,259.21,260.00,253.40,,259.29,,,133921,34425082.14,2717,F1,1,,,,,
2026-09-18,2026-09-18,CM,NSE,STK,3149,INE666D01022,BORORENEW,EQ,,,,,BOROSIL RENEWABLES LTD,455.00,461.40,447.95,459.50,460.50,449.35,,459.51,,,460974,209576395.70,16901,F1,1,,,,,
2026-09-18,2026-09-18,CM,NSE,STK,24014,INE02L001032,BOROSCI,EQ,,,,,BOROSIL SCIENTIFIC LTD,118.29,121.80,117.00,119.56,120.00,118.29,,119.56,,,21927,2609518.32,799,F1,1,,,,,
2026-09-18,2026-09-18,CM,NSE,STK,4491,INE782A01015,BOSCH-HCIL,EQ,,,,,BOSCH HOME COMFRT IND LTD,1668.30,1705.00,1660.00,1694.00,1699.90,1668.30,,1694.17,,,36229,61347996.50,3123,F1,1,,,,,
2026-09-18,2026-09-18,CM,NSE,STK,2181,INE323A01026,BOSCHLTD,EQ,,,,,BOSCH LIMITED,47850.00,48650.00,47000.00,47000.00,47000.00,47735.00,,47000.34,,,27389,1308818590.00,11767,F1,1,,,,,
2026-09-18,2026-09-18,CM,NSE,STK,530,INE110A01019,BPL,EQ,,,,,BPL LTD,46.50,46.80,45.50,45.79,45.75,45.85,,45.79,,,13947,639081.37,379,F1,1,,,,,
2026-09-18,2026-09-18,CM,NSE,STK,24905,INE0R4Z01018,BRACEPORT,SM,,,,,BRACE PORT LOGISTICS LTD,56.85,56.85,52.00,52.00,52.00,52.00,,52.00,,,3200,174160.00,2,F1,1600,,,,,
2026-09-18,2026-09-18,CM,NSE,STK,764628,INE320I01017,BRAHMINFRA,EQ,,,,,BRAHMAPUTRA INFRA L,163.01,163.01,158.60,162.36,163.00,159.63,,162.32,,,20632,3329017.98,250,F1,1,,,,,
2026-09-18,2026-09-18,CM,NSE,STK,24814,INE02RE01045,FIRSTCRY,EQ,,,,,BRAINBEES SOLUTIONS LTD,169.80,173.00,163.37,172.15,171.51,169.25,,172.15,,,6662007,1118535780.67,59111,F1,1,,,,,
2026-09-18,2026-09-18,CM,NSE,STK,7780,INE977Y01011,BCONCEPTS,EQ,,,,,BRAND CONCEPTS LIMITED,157.01,157.03,150.30,153.10,155.00,154.23,,153.55,,,5600,852955.65,331,F1,1,,,,,
2026-09-18,2026-09-18,CM,NSE,STK,760972,INE0XUD01014,BRANDMAN,SM,,,,,BRANDMAN RETAIL LIMITED,166.00,166.00,162.20,162.20,162.20,164.00,,162.20,,,2400,395360.00,3,F1,800,,,,,
2026-09-18,2026-09-18,CM,NSE,STK,15184,INE791I01019,BRIGADE,EQ,,,,,BRIGADE ENTER. LTD,621.00,629.30,616.25,621.70,624.90,620.90,,621.70,,,666470,415446522.50,19711,F1,1,,,,,
2026-09-18,2026-09-18,CM,NSE,STK,757794,INE03NU01014,BRIGHOTEL,EQ,,,,,BRIGADE HOTEL VENTURE LTD,56.52,56.59,56.15,56.23,56.20,56.52,,56.25,,,35906,2021369.08,1437,F1,1,,,,,
2026-09-18,2026-09-18,CM,NSE,STK,764633,INE630D01010,BRIGHTBR,EQ,,,,,BRIGHT BROTHERS LTD.,240.05,254.15,240.00,248.45,250.00,245.00,,249.16,,,836,205649.65,32,F1,1,,,,,
2026-09-18,2026-09-18,CM,NSE,STK,8833,INE425B01027,BCG,EQ,,,,,BRIGHTCOM GROUP LIMITED,9.90,10.39,9.87,10.26,10.33,9.86,,10.26,,,9727064,98491843.46,6564,F1,1,,,,,
2026-09-18,2026-09-18,CM,NSE,STK,547,INE216A01030,BRITANNIA,EQ,,,,,BRITANNIA INDUSTRIES LTD,4982.00,5026.50,4968.00,4998.00,4998.00,4982.00,,4998.04,,,346885,1737048256.50,27865,F1,1,,,,,
2026-09-18,2026-09-18,CM,NSE,STK,2203,INE0FDU25010,BIRET,RR,,,,,BROOKFIELD INDIA RET,339.75,340.24,338.40,338.57,338.95,338.66,,338.57,,,752548,254916596.04,16120,F1,1,,,,,
2026-09-18,2026-09-18,CM,NSE,STK,25136,INE650L01011,BROOKS,EQ,,,,,BROOKS LAB LIMITED,61.24,63.89,61.02,61.53,61.02,61.23,,61.46,,,38012,2352124.86,411,F1,1,,,,,
2026-09-18,2026-09-18,CM,NSE,STK,19585,INE118H01025,BSE,EQ,,,,,BSE LIMITED,3259.00,3296.00,3241.00,3266.40,3266.40,3259.00,,3266.40,,,2075360,6763424072.70,85963,F1,1,,,,,
2026-09-18,2026-09-18,CM,NSE,STK,559,INE594B01012,BSL,EQ,,,,,BSL LTD,116.80,119.49,116.80,118.26,118.26,117.32,,118.26,,,3489,413494.86,70,F1,1,,,,,
2026-09-18,2026-09-18,CM,NSE,STK,2716,INE295F01017,BUTTERFLY,EQ,,,,,BTRFLY GANDHI APPL LTD,577.90,589.00,566.75,585.80,589.00,578.85,,585.79,,,26618,15340866.90,1348,F1,1,,,,,
2026-09-18,2026-09-18,CM,NSE,STK,24704,INE0SZ301012,BULKCORP,ST,,,,,BULKCORP INTERNATIONAL L,81.95,81.95,81.70,81.70,81.70,86.00,,81.70,,,7200,589140.00,6,F1,1200,,,,,
2026-09-18,2026-09-18,CM,NSE,STK,15198,INE817H01022,BURNPUR,BE,,,,,BURNPUR CEMENT LIMITED,18.37,18.37,16.80,17.85,17.98,17.50,,17.86,,,120881,2166043.76,592,F1,1,,,,,
2026-09-18,2026-09-18,CM,NSE,STK,764643,INE084D01010,CGVAK,EQ,,,,,C G V A K SOFTWARE & EX L,147.00,152.00,144.00,149.80,149.80,146.50,,147.83,,,2553,376902.42,81,F1,1,,,,,
2026-09-18,2026-09-18,CM,NSE,STK,760854,INE0SMX01019,CKKRETAIL,SM,,,,,C K K RETAIL MART LIMITED,170.00,177.00,170.00,170.60,170.00,170.20,,170.60,,,88800,15219360.00,68,F1,800,,,,,
2026-09-18,2026-09-18,CM,NSE,STK,18372,INE0QBU01012,CPS,SM,,,,,C P S SHAPERS LIMITED,1205.00,1205.00,1125.00,1185.00,1185.00,1152.00,,1185.00,,,900,1033500.00,5,F1,150,,,,,
2026-09-18,2026-09-18,CM,NSE,STK,7227,INE0BV301023,MAPMYINDIA,EQ,,,,,C.E. INFO SYSTEMS LIMITED,889.80,905.20,885.60,899.40,900.00,889.80,,899.35,,,120929,108343583.70,7195,F1,1,,,,,
2026-09-18,2026-09-18,CM,NSE,STK,27274,INE0U7V01015,C2C,SM,,,,,C2C ADVANCED SYSTEMS LTD,212.75,212.75,199.00,204.20,204.00,210.65,,204.20,,,85500,17557882.50,395,F1,150,,,,,
2026-09-18,2026-09-18,CM,NSE,STK,764255,INE11XY01018,CMLL,EQ,,,,,CALIBER MINING AND LOG L,483.00,484.70,471.00,477.70,475.50,482.70,,478.04,,,165073,78512476.15,5416,F1,1,,,,,
2026-09-18,2026-09-18,CM,NSE,STK,8400,INE526B01014,CALSOFT,BE,,,,,CALIFORNIA SOFTWARE CO LT,36.90,39.56,36.80,39.19,39.42,37.69,,39.19,,,171438,6634294.42,871,F1,1,,,,,
2026-09-18,2026-09-18,CM,NSE,STK,14222,INE627H01017,CTE,BE,,,,,CAMBRIDGE TECH ENTER LTD,38.59,40.70,38.59,40.70,40.70,38.77,,41.04,,,14992,607752.42,45,F1,1,,,,,
2026-09-18,2026-09-18,CM,NSE,STK,6216,INE052I01032,CAMLINFINE,EQ,,,,,CAMLIN FINE SCIENCES LTD,100.55,101.47,95.65,97.28,97.00,99.63,,97.29,,,1375944,134841604.48,9167,F1,1,,,,,
2026-09-18,2026-09-18,CM,NSE,STK,9362,INE278Y01022,CAMPUS,EQ,,,,,CAMPUS ACTIVEWEAR LIMITED,212.00,212.95,210.51,212.12,212.25,211.98,,212.12,,,306540,65016339.21,9696,F1,1,,,,,
2026-09-18,2026-09-18,CM,NSE,STK,583,INE477A01020,CANFINHOME,EQ,,,,,CAN FIN HOMES LTD,777.60,787.60,769.00,778.50,781.00,774.40,,778.52,,,539763,419750130.60,17059,F1,1,,,,,
2026-09-18,2026-09-18,CM,NSE,STK,10794,INE476A01022,CANBK,EQ,,,,,CANARA BANK,123.81,123.89,123.01,123.78,123.78,123.90,,123.78,,,11489793,1418262646.98,53655,F1,1,,,,,
2026-09-18,2026-09-18,CM,NSE,STK,759477,INE01TY01017,CANHLIFE,EQ,,,,,CANARA HSBC LIFE INS CO L,155.33,156.25,151.79,153.59,152.51,155.36,,153.66,,,807851,124051464.26,13878,F1,1,,,,,
2026-09-18,2026-09-18,CM,NSE,STK,759311,INE218I01013,CRAMC,EQ,,,,,CANARA ROBECO AMC LIMITED,236.00,237.60,232.60,234.00,234.90,234.35,,234.01,,,275239,64583297.75,5189,F1,1,,,,,
2026-09-18,2026-09-18,CM,NSE,STK,19368,INE0QG301017,CANARYS,SM,,,,,CANARYS AUTOMATIONS LTD,24.00,26.10,24.00,24.90,25.15,23.75,,24.90,,,288000,7275800.00,66,F1,4000,,,,,
2026-09-18,2026-09-18,CM,NSE,STK,20160,INE068L01024,CANTABIL,EQ,,,,,CANTABIL RETAIL LTD,242.40,246.00,240.20,242.63,243.60,243.00,,242.63,,,143791,34998526.34,2430,F1,1,,,,,
2026-09-18,2026-09-18,CM,NSE,STK,21749,INE264T01014,CAPACITE,EQ,,,,,CAPACITE INFRAPROJECT LTD,191.90,199.02,191.90,195.71,195.80,192.73,,195.71,,,235892,46357718.70,4594,F1,1,,,,,
2026-09-18,2026-09-18,CM,NSE,STK,759867,INE0ILV01024,CAPILLARY,EQ,,,,,CAPILLARY TECHNO INDIA L,448.95,489.00,443.10,484.05,485.00,448.95,,484.05,,,532692,250655248.35,17791,F1,1,,,,,
2026-09-18,2026-09-18,CM,NSE,STK,756015,INE345H01024,CIFL,EQ,,,,,CAPITAL INDIA FINANCE LTD,19.86,20.49,19.86,19.98,20.00,20.03,,19.98,,,45611,912919.82,353,F1,1,,,,,
2026-09-18,2026-09-18,CM,NSE,STK,29157,INE0Z8Z23013,CAPINVIT,IV,,,,,CAPITAL INFRA TRUST,76.97,77.49,76.81,76.94,76.93,76.81,,76.94,,,179280,13801768.56,2822,F1,1,,,,,
2026-09-18,2026-09-18,CM,NSE,STK,22675,INE646H01017,CAPITALSFB,EQ,,,,,CAPITAL SMALL FIN BANK L,276.10,283.40,274.15,278.90,277.45,279.90,,278.90,,,8706,2437888.30,543,F1,1,,,,,
2026-09-18,2026-09-18,CM,NSE,STK,19451,INE707C01018,CAPTRUST,BE,,,,,CAPITAL TRUST LIMITED,18.60,19.40,18.60,19.39,19.40,18.48,,19.39,,,64785,1252673.55,119,F1,1,,,,,
2026-09-18,2026-09-18,CM,NSE,STK,3906,INE475E01026,CAPLIPOINT,EQ,,,,,CAPLIN POINT LAB LTD.,2596.50,2780.00,2596.00,2748.60,2770.00,2596.60,,2748.57,,,308471,838827182.00,31973,F1,1,,,,,
2026-09-18,2026-09-18,CM,NSE,STK,20329,INE180C01042,CGCL,EQ,,,,,CAPRI GLOBAL CAPITAL LTD,263.00,273.65,262.00,270.65,271.00,262.35,,270.65,,,6367147,1718625116.90,61310,F1,1,,,,,
2026-09-18,2026-09-18,CM,NSE,STK,764203,INE536P01021,CPL,EQ,,,,,CAPTAIN POLYPLAST LIMITED,67.30,68.24,63.50,64.49,63.80,65.39,,64.43,,,41073,2715113.58,588,F1,1,,,,,
2026-09-18,2026-09-18,CM,NSE,STK,595,INE120A01034,CARBORUNIV,EQ,,,,,CARBORUNDUM UNIVERSAL LTD,1084.00,1141.30,1078.40,1124.40,1117.00,1083.60,,1124.46,,,533148,597895215.90,47505,F1,1,,,,,
2026-09-18,2026-09-18,CM,NSE,STK,29113,INE752H01013,CARERATING,EQ,,,,,CARE RATINGS LIMITED,1645.50,1674.70,1614.80,1668.60,1674.70,1643.70,,1668.57,,,46640,76959985.00,6959,F1,1,,,,,
2026-09-18,2026-09-18,CM,NSE,STK,758941,INE0P6P01016,CPEDU,EQ,,,,,CAREER POINT EDUTECH LTD,174.01,175.90,171.00,171.66,174.75,173.30,,171.66,,,5691,982888.71,78,F1,1,,,,,
2026-09-18,2026-09-18,CM,NSE,STK,28879,INE0V7W01012,CARRARO,EQ,,,,,CARRARO INDIA LIMITED,522.10,533.00,517.60,524.65,526.70,515.05,,524.67,,,169514,89258572.35,8268,F1,1,,,,,
2026-09-18,2026-09-18,CM,NSE,STK,5407,INE290S01011,CARTRADE,EQ,,,,,CARTRADE TECH LIMITED,2949.90,3127.70,2946.70,2988.90,2980.00,2938.00,,2988.93,,,650048,1977698323.20,62496,F1,1,,,,,
2026-09-18,2026-09-18,CM,NSE,STK,1879,INE482D01024,CARYSIL,EQ,,,,,CARYSIL LIMITED,1111.20,1138.70,1106.00,1131.30,1130.00,1111.10,,1131.30,,,62416,70102937.20,6052,F1,1,,,,,
2026-09-18,2026-09-18,CM,NSE,STK,758129,INE0WL201014,CUDML,SM,,,,,CASH UR DRIVE MARKETING L,105.10,108.00,105.10,108.00,108.00,107.45,,108.00,,,4000,427100.00,3,F1,1000,,,,,
2026-09-18,2026-09-18,CM,NSE,STK,1250,INE172A01027,CASTROLIND,EQ,,,,,CASTROL INDIA LIMITED,192.34,197.85,192.00,197.14,196.07,191.72,,197.13,,,9615337,1879846216.76,69925,F1,1,,,,,
2026-09-18,2026-09-18,CM,NSE,STK,11452,INE421D01022,CCL,EQ,,,,,CCL PRODUCTS (I) LTD,1065.70,1076.30,1058.20,1065.60,1064.10,1062.30,,1065.58,,,92827,99108115.10,13371,F1,1,,,,,
2026-09-18,2026-09-18,CM,NSE,STK,15254,INE482A01020,CEATLTD,EQ,,,,,CEAT LIMITED,3430.00,3529.00,3418.10,3468.90,3465.00,3431.10,,3468.85,,,113245,394733001.90,17724,F1,1,,,,,
2026-09-18,2026-09-18,CM,NSE,STK,757690,INE11J101017,CEDAAR,ST,,,,,CEDAAR TEXTILE LIMITED,10.90,11.20,10.85,11.10,11.20,10.90,,11.10,,,20000,219500.00,13,F1,1000,,,,,
2026-09-18,2026-09-18,CM,NSE,STK,24742,INE0AG901020,CEIGALL,EQ,,,,,CEIGALL INDIA LIMITED,391.60,391.80,372.05,373.75,374.35,390.00,,373.75,,,307512,116719677.85,6666,F1,1,,,,,
2026-09-18,2026-09-18,CM,NSE,STK,761037,INE016Q01014,CEINSYS,EQ,,,,,CEINSYS TECH LIMITED,692.40,715.00,672.05,675.35,675.90,684.30,,675.35,,,73862,50981605.30,4885,F1,1,,,,,
2026-09-18,2026-09-18,CM,NSE,STK,13162,INE185H01016,CELEBRITY,EQ,,,,,CELEBRITY FASHIONS LTD,6.90,6.90,6.69,6.83,6.84,6.79,,6.83,,,7755,52265.63,45,F1,1,,,,,
2026-09-18,2026-09-18,CM,NSE,STK,16950,INE0O0001013,CELLPOINT,SM,,,,,CELL POINT (INDIA) LTD,14.45,14.75,14.10,14.65,14.65,14.45,,14.65,,,20400,293760.00,17,F1,1200,,,,,
2026-09-18,2026-09-18,CM,NSE,STK,18806,INE0OMO01025,CELLECOR,SM,,,,,CELLECOR GADGETS LIMITED,30.00,30.30,29.70,30.00,30.00,30.65,,30.00,,,207000,6206550.00,40,F1,3000,,,,,
2026-09-18,2026-09-18,CM,NSE,STK,19795,INE0LMW01024,CELLO,EQ,,,,,CELLO WORLD LIMITED,328.00,330.00,320.00,322.45,322.00,327.60,,322.45,,,240397,77833683.90,8314,F1,1,,,,,
2026-09-18,2026-09-18,CM,NSE,STK,5622,INE686A01026,CEMPRO,EQ,,,,,CEMINDIA PROJECTS LIMITED,1265.00,1287.40,1246.60,1263.50,1270.00,1255.10,,1263.50,,,233345,296365573.00,12658,F1,1,,,,,
2026-09-18,2026-09-18,CM,NSE,STK,14894,INE483A01010,CENTRALBK,EQ,,,,,CENTRAL BANK OF INDIA,30.42,32.40,30.41,31.73,32.15,30.40,,31.73,,,56472458,1782133959.95,47655,F1,1,,,,,
2026-09-18,2026-09-18,CM,NSE,STK,21174,INE736A01011,CDSL,EQ,,,,,CENTRAL DEPO SER (I) LTD,1348.00,1390.00,1346.50,1390.00,1390.00,1349.40,,1390.00,,,1694146,2332778788.10,44771,F1,1,,,,,
2026-09-18,2026-09-18,CM,NSE,STK,761581,INE05HV01027,CMPDI,EQ,,,,,CENTRAL MINE P N D INST L,207.85,217.23,204.69,214.58,215.20,205.69,,214.57,,,2923381,615154922.65,42359,F1,1,,,,,
2026-09-18,2026-09-18,CM,NSE,STK,2454,INE660C01027,CENTRUM,EQ,,,,,CENTRUM CAPITAL LIMITED,22.69,22.69,21.65,21.94,22.15,22.25,,21.94,,,41442,918638.73,336,F1,1,,,,,
2026-09-18,2026-09-18,CM,NSE,STK,14982,INE320B01020,CENTUM,EQ,,,,,CENTUM ELECTRONICS LTD,4398.00,4421.00,4300.00,4333.30,4330.00,4343.40,,4333.31,,,41693,182693663.50,9036,F1,1,,,,,
2026-09-18,2026-09-18,CM,NSE,STK,619,INE485A01015,CENTENKA,EQ,,,,,CENTURY ENKA LTD,570.75,570.75,551.85,561.45,557.00,564.40,,561.47,,,33970,19064809.70,2375,F1,1,,,,,
2026-09-18,2026-09-18,CM,NSE,STK,11511,INE281A01026,CENTEXT,EQ,,,,,CENTURY EXTRUSIONS LTD,19.00,19.55,19.00,19.16,19.14,19.05,,19.16,,,123725,2376797.64,665,F1,1,,,,,
2026-09-18,2026-09-18,CM,NSE,STK,13305,INE348B01021,CENTURYPLY,EQ,,,,,CENTURY PLYBOARDS (I) LTD,725.00,735.00,714.05,722.65,723.00,718.95,,722.66,,,83789,60764360.20,4804,F1,1,,,,,
2026-09-18,2026-09-18,CM,NSE,STK,15039,INE739E01017,CERA,EQ,,,,,CERA SANITARYWARE LTD,5592.00,5785.00,5592.00,5645.00,5646.50,5592.00,,5644.98,,,14398,81497850.50,3384,F1,1,,,,,
2026-09-18,2026-09-18,CM,NSE,STK,628,INE486A01021,CESC,EQ,,,,,CESC LTD,141.99,142.93,140.71,141.53,141.45,141.56,,141.53,,,3878798,548078018.60,24453,F1,1,,,,,
2026-09-18,2026-09-18,CM,NSE,STK,760,INE067A01029,CGPOWER,EQ,,,,,CG POWER AND IND SOL LTD,883.65,911.00,881.30,892.00,892.00,880.00,,892.03,,,3114673,2808227861.30,51681,F1,1,,,,,
2026-09-18,2026-09-18,CM,NSE,STK,8546,INE427F01016,CHALET,EQ,,,,,CHALET HOTELS LIMITED,845.00,874.25,839.55,865.65,865.00,842.30,,865.68,,,566679,489165045.15,22231,F1,1,,,,,
2026-09-18,2026-09-18,CM,NSE,STK,3482,INE419D01026,CLSEL,EQ,,,,,CHAMAN LAL SETIA EXP LTD,296.45,299.15,292.25,294.90,297.20,295.55,,294.87,,,32143,9486179.80,1436,F1,1,,,,,
2026-09-18,2026-09-18,CM,NSE,STK,13731,INE06PV01010,CMNL,SM,,,,,CHAMAN METALLICS LIMITED,114.90,114.90,111.00,111.25,111.00,114.90,,111.25,,,4500,504862.50,6,F1,750,,,,,
2026-09-18,2026-09-18,CM,NSE,STK,637,INE085A01013,CHAMBLFERT,EQ,,,,,CHAMBAL FERTILIZERS LTD,414.70,420.00,410.90,414.90,419.00,413.90,,414.92,,,470769,195039624.90,13436,F1,1,,,,,
2026-09-18,2026-09-18,CM,NSE,STK,29541,INE11HG01018,CHAMUNDA,SM,,,,,CHAMUNDA ELECTRICAL LTD,44.00,44.00,44.00,44.00,44.00,43.00,,44.00,,,3000,132000.00,1,F1,3000,,,,,
2026-09-18,2026-09-18,CM,NSE,STK,29633,INE0B2N01016,CHANDAN,SM,,,,,CHANDAN HEALTHCARE LTD,200.00,203.00,196.50,202.45,202.45,197.85,,202.45,,,32800,6562120.00,40,F1,800,,,,,
2026-09-18,2026-09-18,CM,NSE,STK,18654,INE0PT101017,CHAVDA,SM,,,,,CHAVDA INFRA LIMITED,120.00,122.50,120.00,120.00,120.00,120.50,,120.00,,,7000,843500.00,6,F1,1000,,,,,
2026-09-18,2026-09-18,CM,NSE,STK,757991,INE0TGX01019,CHEMBONDCH,BE,,,,,CHEMBOND CHEMICAL LIMITED,275.35,279.50,261.45,272.55,265.00,274.00,,272.77,,,8833,2371678.80,179,F1,1,,,,,
2026-09-18,2026-09-18,CM,NSE,STK,14618,INE995D01025,CHEMBOND,EQ,,,,,CHEMBOND MATERIALTECH LTD,197.03,203.45,185.60,192.77,192.01,196.18,,192.77,,,12271,2352606.25,718,F1,1,,,,,
2026-09-18,2026-09-18,CM,NSE,STK,276,INE03YM01018,CHEMCON,BE,,,,,CHEMCON SPECIAL CHEM LTD,217.00,222.04,214.00,216.36,217.00,214.77,,216.22,,,40049,8731972.64,575,F1,1,,,,,
2026-09-18,2026-09-18,CM,NSE,STK,765045,INE298W01016,CHEMCRUX,EQ,,,,,CHEMCRUX ENTERPRISES LTD.,82.00,84.19,78.00,80.78,81.20,82.70,,80.75,,,4816,386899.55,176,F1,1,,,,,
2026-09-18,2026-09-18,CM,NSE,STK,2799,INE783X01023,CHEMFAB,EQ,,,,,CHEMFAB ALKALIS LIMITED,355.00,373.50,355.00,369.40,370.00,356.15,,369.40,,,2010,738339.00,163,F1,1,,,,,
2026-09-18,2026-09-18,CM,NSE,STK,5449,INE488A01050,CHEMPLASTS,EQ,,,,,CHEMPLAST SANMAR LIMITED,167.80,175.10,167.09,171.48,172.99,167.80,,171.49,,,443500,76069242.88,5907,F1,1,,,,,
2026-09-18,2026-09-18,CM,NSE,STK,2049,INE178A01016,CHENNPETRO,EQ,,,,,CHENNAI PETROLEUM CORP LT,1414.00,1437.10,1390.10,1416.60,1415.00,1414.10,,1416.53,,,1081342,1522188716.80,42868,F1,1,,,,,
2026-09-18,2026-09-18,CM,NSE,STK,24625,INE0U1T01012,CHETANA,SM,,,,,CHETANA EDUCATION LIMITED,41.00,41.00,40.00,40.00,40.00,41.00,,40.00,,,4800,193600.00,3,F1,1600,,,,,
2026-09-18,2026-09-18,CM,NSE,STK,9879,INE974B01016,CHEVIOT,EQ,,,,,CHEVIOT COMPANY LIMITED,1174.90,1179.90,1161.80,1174.70,1179.90,1161.50,,1174.67,,,820,960673.70,119,F1,1,,,,,
2026-09-18,2026-09-18,CM,NSE,STK,8866,INE102B01014,CHOICEIN,EQ,,,,,CHOICE INTERNATIONAL LTD,739.95,775.70,738.45,763.85,760.00,738.00,,763.86,,,989378,755415628.30,20855,F1,1,,,,,
2026-09-18,2026-09-18,CM,NSE,STK,759610,INF2KCX01012,CHOICEGOLD,EQ,,,,,CHOICEAMC - CHOICEGOLD,149.50,152.21,149.50,151.99,151.54,149.30,,151.99,,,2964,449213.51,85,F1,1,,,,,
2026-09-18,2026-09-18,CM,NSE,STK,21740,INE149A01033,CHOLAHLDNG,EQ,,,,,CHOLAMANDALAM FIN HOL LTD,1510.00,1541.00,1482.00,1507.70,1491.50,1499.20,,1507.71,,,395533,594355067.30,39918,F1,1,,,,,
2026-09-18,2026-09-18,CM,NSE,STK,685,INE121A01024,CHOLAFIN,EQ,,,,,CHOLAMANDALAM IN & FIN CO,1769.30,1804.40,1766.00,1800.00,1800.00,1764.50,,1799.99,,,1509978,2698268172.30,38127,F1,1,,,,,
2026-09-18,2026-09-18,CM,NSE,STK,14937,INE536H01010,CIEINDIA,EQ,,,,,CIE AUTOMOTIVE INDIA LTD,388.00,391.50,382.90,387.15,385.50,385.70,,387.14,,,376545,145478609.30,16747,F1,1,,,,,
2026-09-18,2026-09-18,CM,NSE,STK,27161,INE704H01022,CINELINE,EQ,,,,,CINELINE INDIA LIMITED,91.10,93.60,90.00,90.36,90.00,92.95,,90.34,,,6895,629383.40,177,F1,1,,,,,
2026-09-18,2026-09-18,CM,NSE,STK,8024,INE039B01026,CINEVISTA,EQ,,,,,CINEVISTA LIMITED,13.80,14.74,13.80,14.13,14.04,13.94,,14.14,,,6423,92446.79,75,F1,1,,,,,
2026-09-18,2026-09-18,CM,NSE,STK,694,INE059A01026,CIPLA,EQ,,,,,CIPLA LTD,1371.70,1394.50,1371.70,1394.50,1394.50,1376.30,,1394.45,,,1386584,1920252386.40,31702,F1,1,,,,,
2026-09-18,2026-09-18,CM,NSE,STK,763149,INE2Q7823014,CITIUSINVT,IV,,,,,CITIUS TRANSNET INV TRUST,115.90,117.00,115.21,115.83,115.96,115.50,,115.71,,,21756,2525549.55,140,F1,1,,,,,
2026-09-18,2026-09-18,CM,NSE,STK,5701,INE491A01021,CUB,EQ,,,,,CITY UNION BANK LTD,231.60,238.95,231.60,235.79,235.89,231.82,,235.79,,,2196738,520005208.04,36593,F1,1,,,,,
2026-09-18,2026-09-18,CM,NSE,STK,20223,INE201M01029,CLEDUCATE,EQ,,,,,CL EDUCATE LIMITED,54.99,56.18,54.51,54.81,54.70,54.63,,54.81,,,7979,439708.27,181,F1,1,,,,,
2026-09-18,2026-09-18,CM,NSE,STK,758736,INE0UQ601012,CLASSICEIL,SM,,,,,CLASSIC ELECTRODE (IND) L,49.75,51.95,48.85,51.00,51.00,51.00,,51.00,,,24000,1201760.00,14,F1,1600,,,,,
2026-09-18,2026-09-18,CM,NSE,STK,754695,INE1QGM01024,CLAYCRAFT,SM,,,,,CLAY CRAFT INDIA LIMITED,147.05,169.00,144.50,166.70,168.90,147.60,,166.70,,,116400,18422820.00,159,F1,600,,,,,
2026-09-18,2026-09-18,CM,NSE,STK,760183,INE647U01026,CLEANMAX,EQ,,,,,CLEAN MAX ENVIRO EN SOL L,1296.40,1299.40,1272.00,1279.40,1283.00,1291.10,,1279.42,,,102176,130936156.60,9948,F1,1,,,,,
2026-09-18,2026-09-18,CM,NSE,STK,5049,INE227W01023,CLEAN,EQ,,,,,CLEAN SCIENCE & TECH LTD,831.00,872.85,826.70,851.90,852.00,828.15,,851.87,,,891352,764630314.15,30830,F1,1,,,,,
2026-09-18,2026-09-18,CM,NSE,STK,760143,INE1EF801010,CSSL,SM,,,,,CLEAR SECURED SERVICES L,87.00,87.00,86.00,86.00,86.00,87.00,,86.00,,,2000,173000.00,2,F1,1000,,,,,
2026-09-18,2026-09-18,CM,NSE,STK,30893,INE00WV01027,CMRGREEN,EQ,,,,,CMR GREEN TECHNOLOGIES L,214.79,234.58,214.79,231.87,232.50,213.26,,231.88,,,1840718,424250818.93,30666,F1,1,,,,,
2026-09-18,2026-09-18,CM,NSE,STK,7603,INE925R01014,CMSINFO,EQ,,,,,CMS INFO SYSTEMS LIMITED,231.15,232.72,228.52,230.93,230.40,231.04,,230.92,,,952449,219670353.94,17354,F1,1,,,,,
2026-09-18,2026-09-18,CM,NSE,STK,20374,INE522F01014,COALINDIA,EQ,,,,,COAL INDIA LTD,418.00,419.95,409.65,409.90,409.90,418.00,,409.91,,,7700870,3171867519.90,84630,F1,1,,,,,
2026-09-18,2026-09-18,CM,NSE,STK,6006,INE377E01024,COASTCORP,EQ,,,,,COASTAL CORPORATION LTD,36.17,39.10,36.01,38.84,38.89,35.46,,38.84,,,131467,4970875.76,1571,F1,1,,,,,
2026-09-18,2026-09-18,CM,NSE,STK,21508,INE704P01025,COCHINSHIP,EQ,,,,,COCHIN SHIPYARD LIMITED,1335.00,1398.00,1333.00,1398.00,1398.00,1334.30,,1397.90,,,1456165,2000190740.70,34268,F1,1,,,,,
2026-09-18,2026-09-18,CM,NSE,STK,11165,INE335K01011,COFFEEDAY,EQ,,,,,COFFEE DAY ENTERPRISE LTD,30.86,31.33,30.07,30.52,30.46,30.86,,30.52,,,346468,10581254.60,1640,F1,1,,,,,
2026-09-18,2026-09-18,CM,NSE,STK,11543,INE591G01025,COFORGE,EQ,,,,,COFORGE LIMITED,1793.00,1841.00,1754.20,1841.00,1841.00,1793.00,,1840.91,,,2489460,4446235495.50,82143,F1,1,,,,,
2026-09-18,2026-09-18,CM,NSE,STK,17945,INE03QK01018,COHANCE,EQ,,,,,COHANCE LIFESCIENCES LTD,439.95,446.65,429.25,438.00,436.40,439.95,,438.00,,,699254,305540663.00,22131,F1,1,,,,,
2026-09-18,2026-09-18,CM,NSE,STK,15141,INE259A01022,COLPAL,EQ,,,,,COLGATE PALMOLIVE LTD.,1841.50,1917.80,1836.90,1917.80,1917.80,1840.30,,1917.77,,,601910,1134137821.00,25550,F1,1,,,,,
2026-09-18,2026-09-18,CM,NSE,STK,762628,INE819A01049,COMFINTE,EQ,,,,,COMFORT INTECH LTD.,6.18,6.18,5.86,5.98,6.00,5.99,,5.98,,,71837,428820.17,254,F1,1,,,,,
2026-09-18,2026-09-18,CM,NSE,STK,21578,INE073V01015,COMSYN,EQ,,,,,COMMERCIAL SYN BAGS LTD,294.00,314.45,293.55,306.55,305.35,293.00,,306.56,,,869871,266918102.95,9385,F1,1,,,,,
2026-09-18,2026-09-18,CM,NSE,STK,19513,INE597Z01014,COMMITTED,SM,,,,,COMMITTED CARGO CARE LTD,331.00,331.00,330.00,330.50,330.00,340.00,,330.50,,,1600,528800.00,2,F1,800,,,,,
2026-09-18,2026-09-18,CM,NSE,STK,764648,INE823B01015,COMPEAU,EQ,,,,,COMPETENT AUTOMOB CO. L,360.00,369.90,360.00,365.00,365.00,360.00,,366.65,,,714,258070.80,9,F1,1,,,,,
2026-09-18,2026-09-18,CM,NSE,STK,19670,INE070C01037,COMPINFO,BZ,,,,,COMPUAGE INFOCOM LTD,1.12,1.15,1.05,1.10,1.10,1.10,,1.11,,,6048,6565.77,22,F1,1,,,,,
2026-09-18,2026-09-18,CM,NSE,STK,31138,INE453B01029,COMPUSOFT,EQ,,,,,COMPUCOM SOFTWARE LTD,12.98,14.60,12.95,13.63,13.52,12.94,,13.69,,,299192,4177616.22,1120,F1,1,,,,,
2026-09-18,2026-09-18,CM,NSE,STK,342,INE596I01020,CAMS,EQ,,,,,COMPUTER AGE MNGT SER LTD,712.65,723.60,708.05,708.05,708.05,714.95,,708.05,,,1128255,806856824.20,39176,F1,1,,,,,
2026-09-18,2026-09-18,CM,NSE,STK,18060,INE338H01029,CONCORDBIO,EQ,,,,,CONCORD BIOTECH LIMITED,1459.50,1519.90,1459.40,1494.40,1500.00,1461.10,,1494.36,,,170417,255225084.00,13596,F1,1,,,,,
2026-09-18,2026-09-18,CM,NSE,STK,28764,INE037Z01029,CEWATER,EQ,,,,,CONCORD ENVIRO SYSTEMS L,252.80,286.00,252.80,279.25,279.20,256.50,,279.25,,,750844,208393409.45,17403,F1,1,,,,,
2026-09-18,2026-09-18,CM,NSE,STK,764641,INE700F01024,CFEL,BE,,,,,CONFIDENCE FUTURIST ENE L,46.99,47.00,44.00,46.95,47.00,46.22,,46.95,,,32553,1474768.77,124,F1,1,,,,,
2026-09-18,2026-09-18,CM,NSE,STK,10238,INE552D01024,CONFIPET,EQ,,,,,CONFIDENCE PETRO IND LTD.,87.25,92.61,86.71,91.95,91.80,86.76,,91.95,,,5542393,505829319.96,37991,F1,1,,,,,
2026-09-18,2026-09-18,CM,NSE,STK,758453,INE0EAS01014,CONNPLEX,SM,,,,,CONNPLEX CINEMAS LIMITED,250.30,254.40,249.00,251.00,251.00,250.30,,251.00,,,33600,8448640.00,38,F1,800,,,,,
2026-09-18,2026-09-18,CM,NSE,STK,14992,INE429I01024,CCCL,EQ,,,,,CONS. CONST. CONSORT LTD,13.69,13.95,13.69,13.76,13.78,13.69,,13.76,,,57075,788022.93,280,F1,1,,,,,
2026-09-18,2026-09-18,CM,NSE,STK,11732,INE025A01027,CONSOFINVT,BE,,,,,CONSO. FIN. & HOLD. LTD.,300.60,307.60,300.05,302.20,304.00,300.60,,302.20,,,3184,957902.70,41,F1,1,,,,,
2026-09-18,2026-09-18,CM,NSE,STK,4749,INE111A01025,CONCOR,EQ,,,,,CONTAINER CORP OF IND LTD,489.00,504.55,485.10,504.55,504.55,488.15,,504.53,,,2242132,1114733774.65,20131,F1,1,,,,,
2026-09-18,2026-09-18,CM,NSE,STK,2531,INE340Z01019,CONTI,SM,,,,,CONTINENTAL SEED CHEM LTD,10.15,10.15,10.05,10.05,10.05,10.55,,10.05,,,9999,100823.25,3,F1,3333,,,,,
2026-09-18,2026-09-18,CM,NSE,STK,17477,INE663B01015,CONTROLPR,EQ,,,,,CONTROL PRINT LIMITED,610.00,613.70,598.00,600.90,603.00,603.50,,600.88,,,28633,17309899.05,1323,F1,1,,,,,
2026-09-18,2026-09-18,CM,NSE,STK,8560,INE0HS001028,COOLCAPS,SM,,,,,COOL CAPS INDUSTRIES LTD,27.40,27.40,24.10,26.70,26.80,26.00,,26.70,,,228750,5927312.50,140,F1,1250,,,,,
2026-09-18,2026-09-18,CM,NSE,STK,4007,INE558D01021,CORALFINAC,EQ,,,,,CORAL INDIA FIN & HOUS LT,33.28,33.28,32.13,32.56,33.00,32.35,,32.56,,,23368,760031.14,110,F1,1,,,,,
2026-09-18,2026-09-18,CM,NSE,STK,15271,INE792I01017,CORDSCABLE,EQ,,,,,CORDS CABLE INDUS LTD.,360.00,381.40,355.80,364.15,365.00,355.30,,364.15,,,176486,64861756.65,5689,F1,1,,,,,
2026-09-18,2026-09-18,CM,NSE,STK,739,INE169A01031,COROMANDEL,EQ,,,,,COROMANDEL INTERNTL. LTD,1929.80,2019.90,1919.50,1999.50,1972.00,1929.80,,1999.43,,,302340,600362664.10,34371,F1,1,,,,,
2026-09-18,2026-09-18,CM,NSE,STK,760254,INE02ZQ01018,CORONA,EQ,,,,,CORONA REMEDIES LIMITED,2175.00,2208.00,2166.60,2201.80,2205.90,2169.60,,2201.65,,,12123,26562602.70,2230,F1,1,,,,,
2026-09-18,2026-09-18,CM,NSE,STK,742,INE757A01017,COSMOFIRST,EQ,,,,,COSMO FIRST LIMITED,883.00,884.45,866.05,871.25,874.30,879.90,,871.16,,,34649,30267068.90,2572,F1,1,,,,,
2026-09-18,2026-09-18,CM,NSE,STK,6385,INE652F01027,CCHHL,EQ,,,,,COUNTRY CLUB HOSP HOL LTD,12.80,13.10,12.60,13.01,13.05,12.86,,13.01,,,25484,328845.70,162,F1,1,,,,,
2026-09-18,2026-09-18,CM,NSE,STK,16989,INE695B01025,COUNCODOS,BE,,,,,COUNTRY CONDO S LIMITED,6.45,6.45,6.05,6.32,6.20,6.33,,6.32,,,47880,297851.24,140,F1,1,,,,,
2026-09-18,2026-09-18,CM,NSE,STK,20086,INE521J01018,CPCAP,EQ,,,,,CP CAPITAL LIMITED,142.46,152.00,141.01,145.19,145.50,141.05,,145.22,,,107712,15753153.66,1871,F1,1,,,,,
2026-09-18,2026-09-18,CM,NSE,STK,2328,INF457M01133,CPSEETF,EQ,,,,,CPSE ETF,92.36,92.99,92.10,92.58,92.60,92.29,,92.58,,,392825,36336653.89,4483,F1,1,,,,,
2026-09-18,2026-09-18,CM,NSE,STK,2854,INE00LO01017,CRAFTSMAN,EQ,,,,,CRAFTSMAN AUTOMATION LTD,10890.00,11300.00,10871.00,11138.00,11235.00,10937.00,,11138.55,,,207605,2314122099.00,26719,F1,1,,,,,
2026-09-18,2026-09-18,CM,NSE,STK,764653,INE145E01017,CRAVATEX,EQ,,,,,CRAVATEX LTD.,333.00,339.90,320.00,324.55,323.00,337.25,,324.55,,,1798,605952.60,47,F1,1,,,,,
2026-09-18,2026-09-18,CM,NSE,STK,16419,INE0OFK01019,CRAYONS,SM,,,,,CRAYONS ADVERTISING LTD,23.05,24.20,23.05,23.50,23.50,23.05,,23.50,,,4000,94950.00,4,F1,1000,,,,,
2026-09-18,2026-09-18,CM,NSE,STK,9384,INE230B01021,CREATIVEYE,EQ,,,,,CREATIVE EYE LIMITED,5.88,5.88,5.50,5.70,5.69,5.59,,5.70,,,11299,64911.43,97,F1,1,,,,,
2026-09-18,2026-09-18,CM,NSE,STK,23468,INE0R7401011,CGRAPHICS,SM,,,,,CREATIVE GRAPHICS S IND L,136.50,136.50,133.20,135.40,135.95,137.65,,135.40,,,24800,3353160.00,29,F1,800,,,,,
2026-09-18,2026-09-18,CM,NSE,STK,11155,INE985W01018,CNL,EQ,,,,,CREATIVE NEWTECH LIMITED,1078.90,1140.10,1077.50,1127.10,1120.90,1078.90,,1126.84,,,17388,19444957.40,1806,F1,1,,,,,
2026-09-18,2026-09-18,CM,NSE,STK,765303,INE1KPX01025,CREDENT,SM,,,,,CREDENT CONNECT N CARE L,336.00,362.00,335.00,357.70,359.70,333.00,,357.70,,,133200,46542630.00,202,F1,600,,,,,
2026-09-18,2026-09-18,CM,NSE,STK,4421,INE741K01010,CREDITACC,EQ,,,,,CREDITACCESS GRAMEEN LTD,1370.00,1394.90,1360.00,1387.60,1388.00,1370.80,,1387.57,,,149069,204966770.00,20731,F1,1,,,,,
2026-09-18,2026-09-18,CM,NSE,STK,20878,INE220Q01020,MUFTI,EQ,,,,,CREDO BRANDS MARKETING L,75.02,75.02,73.00,73.63,73.99,73.37,,73.64,,,39771,2933203.96,709,F1,1,,,,,
2026-09-18,2026-09-18,CM,NSE,STK,765053,INE716D01033,CRSL,BE,,,,,CRESSANDA RAILWAY SOLUT L,2.52,2.52,2.41,2.44,2.47,2.47,,2.45,,,184630,455466.94,487,F1,1,,,,,
2026-09-18,2026-09-18,CM,NSE,STK,13900,INE559D01011,CREST,EQ,,,,,CREST VENTURES LIMITED,374.00,385.00,356.35,365.75,365.00,371.00,,365.75,,,2310,844260.80,137,F1,1,,,,,
2026-09-18,2026-09-18,CM,NSE,STK,19097,INE203Y01012,CRESTO,EQ,,,,,CRESTO TECHNO LIMITED,16.35,16.43,15.93,16.39,16.36,15.88,,16.39,,,6035,98596.20,61,F1,1,,,,,
2026-09-18,2026-09-18,CM,NSE,STK,757,INE007A01025,CRISIL,EQ,,,,,CRISIL LTD,4560.00,4615.00,4540.00,4577.50,4540.00,4560.00,,4577.49,,,81962,375076854.60,12384,F1,1,,,,,
2026-09-18,2026-09-18,CM,NSE,STK,757850,INE0S4R01014,CRIZAC,EQ,,,,,CRIZAC LIMITED,176.55,177.63,172.00,173.73,173.30,176.56,,173.74,,,149317,26072898.91,3834,F1,1,,,,,
2026-09-18,2026-09-18,CM,NSE,STK,17094,INE299U01018,CROMPTON,EQ,,,,,CROMPT GREA CON ELEC LTD,226.00,227.12,225.11,227.12,227.12,225.10,,227.12,,,1405047,318256946.13,10315,F1,1,,,,,
2026-09-18,2026-09-18,CM,NSE,STK,18263,INE00NH01017,CLSL,ST,,,,,CROP LIFE SCIENCE LIMITED,78.65,78.65,71.55,71.55,71.55,74.95,,71.55,,,8000,608300.00,4,F1,2000,,,,,
2026-09-18,2026-09-18,CM,NSE,STK,8083,INE491V01019,CROWN,EQ,,,,,CROWN LIFTERS LIMITED,109.99,111.99,108.11,108.48,109.80,108.95,,108.48,,,8079,889853.45,129,F1,1,,,,,
2026-09-18,2026-09-18,CM,NSE,STK,14966,INE679A01013,CSBBANK,EQ,,,,,CSB BANK LIMITED,323.40,340.00,319.95,336.15,336.05,328.35,,336.17,,,1075560,360233271.50,27069,F1,1,,,,,
2026-09-18,2026-09-18,CM,NSE,STK,10350,INE718F01018,CSLFINANCE,EQ,,,,,CSL FINANCE LIMITED,216.14,220.31,214.81,218.24,218.50,216.92,,218.28,,,12818,2795272.76,467,F1,1,,,,,
2026-09-18,2026-09-18,CM,NSE,STK,763753,INE0ZK601013,CSM,EQ,,,,,CSM TECHNOLOGIES LIMITED,104.00,114.90,101.50,109.85,111.50,102.64,,109.88,,,9116969,992456200.54,65166,F1,1,,,,,
2026-09-18,2026-09-18,CM,NSE,STK,15078,INE0NR623014,CUBEINVIT,IV,,,,,CUBE HIGHWAYS TRUST,156.99,156.99,155.80,156.36,156.20,156.49,,156.36,,,530408,82867549.94,13065,F1,1,,,,,
2026-09-18,2026-09-18,CM,NSE,STK,4064,INE144D01012,CUBEXTUB,EQ,,,,,CUBEX TUBINGS LTD,86.00,87.00,80.26,85.32,84.81,81.63,,85.32,,,247242,20816584.82,3343,F1,1,,,,,
2026-09-18,2026-09-18,CM,NSE,STK,1901,INE298A01020,CUMMINSIND,EQ,,,,,CUMMINS INDIA LTD,5000.00,5119.00,5000.00,5099.50,5099.50,5020.00,,5099.50,,,502366,2559465927.50,40645,F1,1,,,,,
2026-09-18,2026-09-18,CM,NSE,STK,18520,INE509F01029,CUPID,EQ,,,,,CUPID LIMITED,280.30,282.00,251.10,265.00,262.90,279.15,,265.00,,,27287571,7302894016.95,129748,F1,1,,,,,
2026-09-18,2026-09-18,CM,NSE,STK,30191,INE117B01020,CURAA,BE,,,,,CURA TECHNOLOGIES LIMITED,69.94,76.00,69.94,76.00,76.00,72.94,,76.00,,,168,11755.98,6,F1,1,,,,,
2026-09-18,2026-09-18,CM,NSE,STK,759828,INE1BZN01016,CURIS,ST,,,,,CURIS LIFESCIENCES LTD,207.00,207.05,200.05,200.05,200.05,207.05,,200.05,,,9000,1842350.00,7,F1,1000,,,,,
2026-09-18,2026-09-18,CM,NSE,STK,758964,INE1CRQ01014,CURRENT,SM,,,,,CURRENT INFRAPROJECTS LTD,81.30,81.30,81.30,81.30,81.30,81.40,,81.30,,,1600,130080.00,1,F1,1600,,,,,
2026-09-18,2026-09-18,CM,NSE,STK,11845,INE278G01037,CYBERMEDIA,BE,,,,,CYBER MEDIA (INDIA) LTD.,22.03,23.00,20.93,21.16,21.30,22.03,,21.17,,,33593,719382.98,196,F1,1,,,,,
2026-09-18,2026-09-18,CM,NSE,STK,11447,INE075Z01011,CMRSL,SM,,,,,CYBER MEDIA RES & SER LTD,68.00,68.00,67.50,67.50,67.50,70.40,,67.50,,,1600,108400.00,2,F1,800,,,,,
2026-09-18,2026-09-18,CM,NSE,STK,6054,INE214A01019,CYBERTECH,BE,,,,,CYBERTECH SYSTEMS & SOFTW,142.55,144.40,139.00,142.82,143.75,141.22,,142.65,,,32580,4652598.19,320,F1,1,,,,,
2026-09-18,2026-09-18,CM,NSE,STK,17187,INE055S01018,CYIENTDLM,EQ,,,,,CYIENT DLM LIMITED,893.45,945.00,890.00,940.70,939.00,893.50,,940.39,,,469640,436656914.80,28241,F1,1,,,,,
2026-09-18,2026-09-18,CM,NSE,STK,5748,INE136B01020,CYIENT,EQ,,,,,CYIENT LIMITED,1064.80,1079.50,1047.60,1073.30,1079.00,1064.00,,1073.30,,,668011,713990474.80,30650,F1,1,,,,,
2026-09-18,2026-09-18,CM,NSE,STK,6249,INE0GN101014,DKEGL,SM,,,,,D K ENTERPRISES GLOBAL L,70.00,70.00,70.00,70.00,70.00,63.30,,70.00,,,1500,105000.00,1,F1,1500,,,,,
2026-09-18,2026-09-18,CM,NSE,STK,16902,INE864X01013,DPWIRES,BE,,,,,D P WIRES LIMITED,146.95,149.77,145.11,146.44,147.20,146.95,,146.44,,,3010,444982.69,107,F1,1,,,,,
2026-09-18,2026-09-18,CM,NSE,STK,17851,INE250K01012,DLINKINDIA,EQ,,,,,D-LINK INDIA LTD,427.80,434.80,424.10,430.05,433.90,424.60,,430.05,,,46171,19770521.40,2024,F1,1,,,,,
2026-09-18,2026-09-18,CM,NSE,STK,936,INE266Y01019,DPABHUSHAN,EQ,,,,,D. P. ABHUSHAN LIMITED,1330.00,1482.00,1330.00,1448.30,1475.00,1337.00,,1448.12,,,37904,53627720.00,3119,F1,1,,,,,
2026-09-18,2026-09-18,CM,NSE,STK,17881,INE950I01011,DBCORP,EQ,,,,,D.B.CORP LTD,187.82,189.56,183.60,184.06,184.50,187.82,,184.05,,,107079,19893692.35,3110,F1,1,,,,,
2026-09-18,2026-09-18,CM,NSE,STK,772,INE016A01026,DABUR,EQ,,,,,DABUR INDIA LTD,384.60,395.25,382.95,395.25,395.25,384.55,,394.98,,,2455500,955620888.50,28526,F1,1,,,,,
2026-09-18,2026-09-18,CM,NSE,STK,762636,INE928C01010,DAICHI,BE,,,,,DAI-ICHI KARKARIA LTD.,330.00,339.00,323.00,327.95,328.00,328.65,,327.95,,,489,160973.75,10,F1,1,,,,,
2026-09-18,2026-09-18,CM,NSE,STK,8075,INE00R701025,DALBHARAT,EQ,,,,,DALMIA BHARAT LIMITED,1695.00,1805.00,1685.10,1761.40,1804.90,1693.30,,1761.46,,,374184,650879108.90,26846,F1,1,,,,,
2026-09-18,2026-09-18,CM,NSE,STK,781,INE495A01022,DALMIASUG,EQ,,,,,DALMIA BHARAT SUG IN LTD,394.00,398.20,382.40,390.50,389.40,390.50,,390.49,,,148278,57639893.95,5974,F1,1,,,,,
2026-09-18,2026-09-18,CM,NSE,STK,28662,INE284H01025,DAMCAPITAL,EQ,,,,,DAM CAPITAL ADVISORS LTD,137.00,139.00,136.52,137.92,138.10,136.73,,137.90,,,176661,24309790.63,2089,F1,1,,,,,
2026-09-18,2026-09-18,CM,NSE,STK,17569,INE497D01022,DAMODARIND,BE,,,,,DAMODAR INDUSTRIES LTD,28.14,28.19,27.75,28.12,28.19,27.54,,28.11,,,1916,53846.50,11,F1,1,,,,,
2026-09-18,2026-09-18,CM,NSE,STK,1110,INE688Y01022,DANGEE,EQ,,,,,DANGEE DUMS LIMITED,2.71,2.75,2.69,2.73,2.74,2.72,,2.73,,,22988,62368.88,115,F1,1,,,,,
2026-09-18,2026-09-18,CM,NSE,STK,25927,INE0YU901016,DANISH,SM,,,,,DANISH POWER LIMITED,940.50,1039.90,940.50,1021.35,1019.40,940.25,,1021.35,,,76050,76003545.00,378,F1,150,,,,,
2026-09-18,2026-09-18,CM,NSE,STK,757107,INE04Q901010,DCCL,SM,,,,,DAR CREDIT & CAPITAL LTD,40.50,40.50,40.50,40.50,40.50,40.00,,40.50,,,2000,81000.00,1,F1,2000,,,,,
2026-09-18,2026-09-18,CM,NSE,STK,7358,INE0IX101010,DATAPATTNS,EQ,,,,,DATA PATTERNS INDIA LTD,4429.70,4550.00,4415.60,4513.30,4540.00,4411.10,,4513.30,,,606762,2723731036.60,65257,F1,1,,,,,
2026-09-18,2026-09-18,CM,NSE,STK,11423,INE365B01017,DATAMATICS,EQ,,,,,DATAMATICS GLOBAL SER LTD,763.90,772.00,753.00,765.95,762.25,758.35,,765.91,,,43182,32890305.95,2606,F1,1,,,,,
2026-09-18,2026-09-18,CM,NSE,STK,21794,INE179G01029,DAVANGERE,EQ,,,,,DAVANGERE SUGAR COMPANY L,2.08,2.10,2.03,2.06,2.09,2.06,,2.06,,,6216386,12852776.99,2306,F1,1,,,,,
2026-09-18,2026-09-18,CM,NSE,STK,31111,INE921B01025,DBSTOCKBRO,BE,,,,,DB (INT) STOCK BROKERS,29.22,30.50,29.22,30.35,30.50,29.22,,30.35,,,6932,209325.06,52,F1,1,,,,,
2026-09-18,2026-09-18,CM,NSE,STK,11566,INE0A1101019,DCI,EQ,,,,,DC INFOTECH AND COMUN LTD,287.80,288.90,277.25,278.95,278.00,282.75,,278.96,,,78388,22087922.40,2180,F1,1,,,,,
2026-09-18,2026-09-18,CM,NSE,STK,13725,INE503A01015,DCBBANK,EQ,,,,,DCB BANK LIMITED,218.99,223.02,217.00,218.35,219.00,218.51,,218.32,,,1445096,317504225.15,21933,F1,1,,,,,
2026-09-18,2026-09-18,CM,NSE,STK,23524,INE0S8401018,DCG,ST,,,,,DCG CABLES & WIRES LTD,75.90,78.90,75.85,78.50,78.85,79.80,,78.50,,,28800,2206440.00,24,F1,1200,,,,,
2026-09-18,2026-09-18,CM,NSE,STK,4775,INE891B01012,DCMFINSERV,EQ,,,,,DCM FINANCIAL SERVICES LT,5.26,5.26,4.78,5.18,5.22,5.13,,5.14,,,5895,30534.79,92,F1,1,,,,,
2026-09-18,2026-09-18,CM,NSE,STK,805,INE498A01018,DCM,EQ,,,,,DCM LTD,78.00,79.79,77.01,77.21,77.30,76.36,,77.21,,,4286,335893.67,84,F1,1,,,,,
2026-09-18,2026-09-18,CM,NSE,STK,11039,INE08KP01019,DCMNVL,EQ,,,,,DCM NOUVELLE LIMITED,175.02,182.79,172.52,180.20,181.00,174.84,,180.20,,,8381,1500182.86,221,F1,1,,,,,
2026-09-18,2026-09-18,CM,NSE,STK,760893,INE0OFM01015,DSFCL,BE,,,,,DCM SHRIRAM FINE CHEM LTD,25.00,26.20,24.31,26.14,25.90,24.98,,26.29,,,92554,2337941.18,186,F1,1,,,,,
2026-09-18,2026-09-18,CM,NSE,STK,7325,INE843D01027,DCMSRIND,EQ,,,,,DCM SHRIRAM IND LTD,38.81,39.68,38.00,38.24,38.52,38.39,,38.24,,,225676,8642334.12,1872,F1,1,,,,,
2026-09-18,2026-09-18,CM,NSE,STK,760896,INE0OU201013,DCMSIL,EQ,,,,,DCM SHRIRAM INTERNATNL L,70.64,72.00,67.99,70.26,70.21,70.29,,70.25,,,110121,7685577.55,1420,F1,1,,,,,
2026-09-18,2026-09-18,CM,NSE,STK,811,INE499A01024,DCMSHRIRAM,EQ,,,,,DCM SHRIRAM LIMITED,990.00,1005.00,982.40,995.00,1003.00,984.00,,995.22,,,69400,68952093.30,4595,F1,1,,,,,
2026-09-18,2026-09-18,CM,NSE,STK,817,INE500A01029,DCW,EQ,,,,,DCW LTD,45.18,45.64,45.05,45.18,45.15,45.42,,45.18,,,560676,25398972.21,3122,F1,1,,,,,
2026-09-18,2026-09-18,CM,NSE,STK,11895,INE0KL801015,DCXINDIA,EQ,,,,,DCX SYSTEMS LIMITED,165.29,167.08,161.97,163.10,163.20,164.32,,163.08,,,307226,50266263.89,5664,F1,1,,,,,
2026-09-18,2026-09-18,CM,NSE,STK,29098,INE0HR601026,DDEVPLSTIK,EQ,,,,,DDEV PLASTIKS IND LTD,255.80,257.55,252.80,254.95,254.95,255.15,,254.99,,,71638,18235139.10,2583,F1,1,,,,,
2026-09-18,2026-09-18,CM,NSE,STK,15449,INE0JWV01011,DENEERS,SM,,,,,DE NEERS TOOLS LIMITED,166.75,177.75,166.75,172.25,172.25,163.75,,172.25,,,10200,1765740.00,16,F1,600,,,,,
2026-09-18,2026-09-18,CM,NSE,STK,4279,INE244A01016,DENORA,EQ,,,,,DE NORA INDIA LIMITED,787.85,790.55,770.00,782.25,789.00,784.85,,782.25,,,1861,1450158.35,291,F1,1,,,,,
2026-09-18,2026-09-18,CM,NSE,STK,14838,INE583C01021,DECCANCE,EQ,,,,,DECCAN CEMENTS LIMITED,567.30,572.45,562.50,567.45,564.10,569.20,,567.42,,,36914,20878231.55,964,F1,1,,,,,
2026-09-18,2026-09-18,CM,NSE,STK,762638,INE945F01025,DECNGOLD,EQ,,,,,DECCAN GOLD MINES LTD.,219.47,220.74,216.00,217.21,218.00,217.85,,217.21,,,714192,155638407.22,10029,F1,1,,,,,
2026-09-18,2026-09-18,CM,NSE,STK,25421,INE0S7C01019,DECCANTRAN,SM,,,,,DECCAN TRANSCON LEASING L,19.80,20.05,19.80,20.00,20.00,19.80,,20.00,,,3600,71820.00,3,F1,1200,,,,,
2026-09-18,2026-09-18,CM,NSE,STK,24154,INE841L01016,DEEDEV,EQ,,,,,DEE DEVELOPMENT ENG LTD,636.95,668.75,636.80,668.75,668.75,636.95,,668.75,,,288664,192321123.15,5731,F1,1,,,,,
2026-09-18,2026-09-18,CM,NSE,STK,22802,INE586O01011,DEEM,ST,,,,,DEEM ROLL TECH LIMITED,38.10,40.95,38.10,40.95,40.95,39.00,,40.95,,,6000,242850.00,6,F1,1000,,,,,
2026-09-18,2026-09-18,CM,NSE,STK,3292,INE0FHS01024,DEEPINDS,EQ,,,,,DEEP INDUSTRIES LIMITED,734.70,747.60,732.55,743.35,747.00,734.70,,743.48,,,137404,101845609.80,6480,F1,1,,,,,
2026-09-18,2026-09-18,CM,NSE,STK,765055,INE00IY01012,DEEP,EQ,,,,,DEEP POLYMERS LTD.,49.00,49.00,46.11,46.72,47.65,47.23,,46.74,,,24429,1164288.34,452,F1,1,,,,,
2026-09-18,2026-09-18,CM,NSE,STK,765931,INE1M2N01020,DEEPA,EQ,,,,,DEEPA JEWELLERS LIMITED,175.30,191.49,171.38,188.31,188.50,173.34,,188.33,,,7608515,1407556957.01,75067,F1,1,,,,,
2026-09-18,2026-09-18,CM,NSE,STK,25892,INE0OPA01027,DBEIL,EQ,,,,,DEEPAK BUILDERS & ENG I L,7.30,7.30,6.95,7.12,7.19,7.05,,7.12,,,686235,4839210.96,445,F1,1,,,,,
2026-09-18,2026-09-18,CM,NSE,STK,827,INE501A01019,DEEPAKFERT,EQ,,,,,DEEPAK FERTILIZERS & PETR,1324.10,1350.00,1313.20,1343.20,1343.00,1324.60,,1343.21,,,209549,279872653.50,15172,F1,1,,,,,
2026-09-18,2026-09-18,CM,NSE,STK,19943,INE288B01029,DEEPAKNTR,EQ,,,,,DEEPAK NITRITE LTD,1606.90,1623.50,1577.20,1586.30,1582.70,1604.80,,1592.65,,,426779,679919643.70,26484,F1,1,,,,,
2026-09-18,2026-09-18,CM,NSE,STK,22527,INE0SK801018,DELAPLEX,SM,,,,,DELAPLEX LIMITED,98.20,98.25,90.00,90.60,91.45,98.25,,90.60,,,22800,2103000.00,36,F1,600,,,,,
2026-09-18,2026-09-18,CM,NSE,STK,9599,INE148O01028,DELHIVERY,EQ,,,,,DELHIVERY LIMITED,426.10,433.55,425.85,428.00,428.00,425.95,,428.00,,,1686221,724313920.30,31130,F1,1,,,,,
2026-09-18,2026-09-18,CM,NSE,STK,24395,INE726L01027,DELPHIFX,BE,,,,,DELPHI WORLD MONEY LTD,5.29,5.29,4.96,4.96,4.96,5.22,,4.96,,,300320,1507130.94,389,F1,1,,,,,
2026-09-18,2026-09-18,CM,NSE,STK,29092,INE0XRN01019,DELTIC,SM,,,,,DELTA AUTOCORP LIMITED,33.10,34.00,33.00,33.20,33.05,34.25,,33.20,,,12000,399300.00,11,F1,1000,,,,,
2026-09-18,2026-09-18,CM,NSE,STK,15044,INE124G01033,DELTACORP,EQ,,,,,DELTA CORP LIMITED,56.50,58.85,56.03,58.34,58.50,56.15,,58.34,,,1668878,96344539.08,10523,F1,1,,,,,
2026-09-18,2026-09-18,CM,NSE,STK,1214,INE393A01011,DELTAMAGNT,EQ,,,,,DELTA MANUFACTURING LTD,56.90,56.90,53.50,54.95,55.90,55.20,,54.95,,,898,49795.10,94,F1,1,,,,,
2026-09-18,2026-09-18,CM,NSE,STK,17722,INE947J01015,DEN,EQ,,,,,DEN NETWORKS LTD,26.45,26.75,26.31,26.62,26.75,26.45,,26.62,,,72184,1915417.64,715,F1,1,,,,,
2026-09-18,2026-09-18,CM,NSE,STK,29256,INE0R4L01018,DENTA,EQ,,,,,DENTA WATER N INFRA SOL L,279.30,281.95,276.55,279.35,280.65,278.40,,279.30,,,61071,17065070.95,2549,F1,1,,,,,
2026-09-18,2026-09-18,CM,NSE,STK,759079,INE0VOV01021,DEVX,EQ,,,,,DEV ACCELERATOR LIMITED,33.00,33.69,31.21,32.21,32.01,33.31,,32.22,,,103136,3338085.15,1223,F1,1,,,,,
2026-09-18,2026-09-18,CM,NSE,STK,8146,INE060X01034,DEVIT,EQ,,,,,DEV INFO TECHNOLOGY LTD,23.31,23.90,23.05,23.13,23.07,23.43,,23.14,,,15846,368784.25,214,F1,1,,,,,
2026-09-18,2026-09-18,CM,NSE,STK,5373,INE872J01023,DEVYANI,EQ,,,,,DEVYANI INTERNATIONAL LTD,139.43,141.49,138.19,140.62,140.75,138.51,,140.62,,,2466888,345298131.69,31750,F1,1,,,,,
2026-09-18,2026-09-18,CM,NSE,STK,764661,INE260R01016,DHABRIYA,BE,,,,,DHABRIYA POLYWOOD LTD.,470.00,490.65,460.00,488.75,490.65,467.30,,489.80,,,6986,3313054.25,152,F1,1,,,,,
2026-09-18,2026-09-18,CM,NSE,STK,10893,INE0I3401014,DBOL,EQ,,,,,DHAMPUR BIO ORGANICS LTD,115.22,117.30,109.74,116.27,116.00,115.81,,116.30,,,181653,20547321.98,3727,F1,1,,,,,
2026-09-18,2026-09-18,CM,NSE,STK,857,INE041A01016,DHAMPURSUG,EQ,,,,,DHAMPUR SUGAR MILLS LTD.,152.45,160.00,148.61,156.22,157.12,151.72,,156.20,,,762354,116970169.45,10680,F1,1,,,,,
2026-09-18,2026-09-18,CM,NSE,STK,11359,INE680A01011,DHANBANK,EQ,,,,,DHANLAXMI BANK LIMITED,28.88,29.75,28.85,29.47,29.74,28.88,,29.47,,,262185,7666572.81,1493,F1,1,,,,,
2026-09-18,2026-09-18,CM,NSE,STK,27723,INE0V9V01010,DHANLAXMI,SM,,,,,DHANLAXMI CROP SCIENCE L,24.00,24.00,24.00,24.00,24.00,24.50,,24.00,,,2000,48000.00,1,F1,2000,,,,,
2026-09-18,2026-09-18,CM,NSE,STK,24418,INE0M3I01029,DHANSA,ST,,,,,DHANSA LABS LIMITED,29.20,31.15,29.20,30.20,30.25,30.70,,30.20,,,8000,239600.00,4,F1,2000,,,,,
2026-09-18,2026-09-18,CM,NSE,STK,24409,INE435G01025,DHANUKA,EQ,,,,,DHANUKA AGRITECH LTD,980.05,990.00,970.05,973.30,970.05,982.25,,973.21,,,13511,13254986.95,1478,F1,1,,,,,
2026-09-18,2026-09-18,CM,NSE,STK,760492,INE2HJL01019,DHARARAIL,ST,,,,,DHARA RAIL PROJECTS LTD,140.25,142.00,140.25,142.00,142.00,143.55,,142.00,,,7000,983850.00,6,F1,1000,,,,,
2026-09-18,2026-09-18,CM,NSE,STK,759203,INE278R01034,DHARAN,BZ,,,,,DHARAN INFRA-EPC LIMITED,0.14,0.14,0.13,0.14,0.14,0.13,,0.15,,,4858146,679984.42,587,F1,1,,,,,
2026-09-18,2026-09-18,CM,NSE,STK,24747,INE0YRN01025,DHARIWAL,SM,,,,,DHARIWALCORP LIMITED,23.65,24.90,23.15,24.35,24.70,24.35,,24.35,,,264000,6196650.00,68,F1,3000,,,,,
2026-09-18,2026-09-18,CM,NSE,STK,13001,INE00OQ01016,DHARMAJ,EQ,,,,,DHARMAJ CROP GUARD LTD,274.00,286.90,272.00,276.15,277.00,271.10,,276.15,,,40591,11303878.30,2154,F1,1,,,,,
2026-09-18,2026-09-18,CM,NSE,STK,765060,INE715T01031,DHATRE,EQ,,,,,DHATRE UDYOG LTD.,4.40,4.40,4.08,4.18,4.19,4.12,,4.18,,,31872,135567.31,173,F1,1,,,,,
2026-09-18,2026-09-18,CM,NSE,STK,764553,INE01NH01023,DHOOTTRANS,EQ,,,,,DHOOT TRANSMISSION LTD,1575.00,1603.80,1558.00,1590.70,1595.10,1579.80,,1590.70,,,1187578,1883190153.60,55142,F1,1,,,,,
2026-09-18,2026-09-18,CM,NSE,STK,6858,INE506Z01015,DHRUV,EQ,,,,,DHRUV CONSULTANCY SER LTD,21.00,22.77,21.00,21.40,21.35,21.69,,21.39,,,14049,310546.01,89,F1,1,,,,,
2026-09-18,2026-09-18,CM,NSE,STK,22233,INE320L01011,DHUNINV,EQ,,,,,DHUNSERI INVESTMENTS LTD,998.80,1008.00,980.00,1001.95,1002.00,981.75,,1001.95,,,799,794203.20,92,F1,1,,,,,
2026-09-18,2026-09-18,CM,NSE,STK,6239,INE341R01014,DTIL,BE,,,,,DHUNSERI TEA & IND. LTD.,141.00,141.00,137.90,138.42,138.00,138.98,,138.40,,,3024,419274.16,26,F1,1,,,,,
2026-09-18,2026-09-18,CM,NSE,STK,15214,INE477B01010,DVL,EQ,,,,,DHUNSERI VENTURES LIMITED,280.45,293.25,280.45,290.00,291.55,278.80,,290.01,,,11439,3309770.85,452,F1,1,,,,,
2026-09-18,2026-09-18,CM,NSE,STK,18644,INE591D01014,DIAMINESQ,EQ,,,,,DIAMINES & CHEMICALS LTD,258.00,259.86,252.03,256.77,259.80,255.04,,256.72,,,2884,738575.89,88,F1,1,,,,,
2026-09-18,2026-09-18,CM,NSE,STK,18545,INE989C01038,DIACABS,BE,,,,,DIAMOND POWER INFRA LTD,375.00,375.00,362.10,366.80,366.25,376.05,,366.81,,,759461,279165448.45,9714,F1,1,,,,,
2026-09-18,2026-09-18,CM,NSE,STK,703,INE303A01010,DICIND,EQ,,,,,DIC INDIA LIMITED,630.50,642.00,618.00,632.50,628.30,628.45,,632.57,,,7309,4616807.55,362,F1,1,,,,,
2026-09-18,2026-09-18,CM,NSE,STK,25672,INE184O01015,DIFFNKG,EQ,,,,,DIFFUSION ENGINEERS LTD,438.00,452.00,436.20,445.80,448.00,435.85,,445.75,,,86835,38571188.40,4741,F1,1,,,,,
2026-09-18,2026-09-18,CM,NSE,STK,10346,INE03JI01017,DGCONTENT,EQ,,,,,DIGICONTENT LIMITED,23.80,24.55,23.71,24.49,24.50,24.00,,24.49,,,19907,485930.67,67,F1,1,,,,,
2026-09-18,2026-09-18,CM,NSE,STK,21247,INE0PSC01024,DIGIDRIVE,EQ,,,,,DIGIDRIVE DISTRIBUTORS L,17.24,17.78,17.11,17.43,17.30,17.48,,17.43,,,22287,387256.98,136,F1,1,,,,,
2026-09-18,2026-09-18,CM,NSE,STK,19138,INE0QJ901011,DIGIKORE,SM,,,,,DIGIKORE STUDIOS LIMITED,38.50,39.60,36.30,37.35,37.95,39.45,,37.35,,,68400,2566500.00,75,F1,400,,,,,
2026-09-18,2026-09-18,CM,NSE,STK,16683,INE927C01020,DIGISPICE,EQ,,,,,DIGISPICE TECHNOLOGIES LT,16.26,17.09,16.15,16.99,16.91,16.28,,16.99,,,300569,5058823.81,627,F1,1,,,,,
2026-09-18,2026-09-18,CM,NSE,STK,757515,INE0U4701011,DIGITIDE,EQ,,,,,DIGITIDE SOLUTIONS LTD,85.00,85.94,83.00,83.45,83.00,84.82,,83.45,,,146398,12300359.11,1732,F1,1,,,,,
2026-09-18,2026-09-18,CM,NSE,STK,6136,INE731U01028,DIGJAMLMTD,BE,,,,,DIGJAM LTD,58.50,61.60,58.50,61.60,61.60,58.67,,61.97,,,18535,1104690.51,104,F1,1,,,,,
2026-09-18,2026-09-18,CM,NSE,STK,641,INE016M01021,DNAMEDIA,EQ,,,,,DILIGENT MEDIA CORP LTD.,2.44,2.50,2.25,2.47,2.38,2.31,,2.47,,,39981,96246.34,149,F1,1,,,,,
2026-09-18,2026-09-18,CM,NSE,STK,18086,INE917M01012,DBL,EQ,,,,,DILIP BUILDCON LIMITED,408.35,428.50,408.35,425.50,424.25,408.35,,425.49,,,638580,270298696.40,16524,F1,1,,,,,
2026-09-18,2026-09-18,CM,NSE,STK,762643,INE131C01011,DISAQ,EQ,,,,,DISA INDIA LTD.,12165.00,12165.00,11716.00,12062.00,12062.00,11923.00,,12062.69,,,137,1642920.00,84,F1,1,,,,,
2026-09-18,2026-09-18,CM,NSE,STK,14537,INE836F01026,DISHTV,EQ,,,,,DISH TV INDIA LTD.,2.62,2.65,2.52,2.56,2.55,2.59,,2.56,,,2364283,6136761.57,1721,F1,1,,,,,
2026-09-18,2026-09-18,CM,NSE,STK,21704,INE385W01011,DCAL,EQ,,,,,DISHMAN CARBO AMCIS LTD,162.00,171.69,157.60,170.52,170.75,162.11,,170.52,,,727114,120166242.63,12243,F1,1,,,,,
2026-09-18,2026-09-18,CM,NSE,STK,14479,INE753U01022,DIVGIITTS,EQ,,,,,DIVGI TORQTRANSFER SYST L,1122.20,1141.70,1118.70,1130.20,1124.00,1122.20,,1130.15,,,45303,51120566.10,4352,F1,1,,,,,
2026-09-18,2026-09-18,CM,NSE,STK,10940,INE361B01024,DIVISLAB,EQ,,,,,DIVI S LABORATORIES LTD,9346.50,9445.00,9328.50,9375.00,9375.00,9323.00,,9375.00,,,691534,6484478304.00,96421,F1,1,,,,,
2026-09-18,2026-09-18,CM,NSE,STK,30262,INE0NA501011,DIVINEHIRA,ST,,,,,DIVINE HIRA JEWELLERS LTD,105.00,107.00,100.60,102.50,104.85,104.95,,102.50,,,8400,869340.00,6,F1,1200,,,,,
2026-09-18,2026-09-18,CM,NSE,STK,24286,INE0SCO01019,DPEL,SM,,,,,DIVINE POWER ENERGY LTD,643.10,650.00,638.00,648.50,647.10,642.65,,648.50,,,37000,23874700.00,65,F1,500,,,,,
2026-09-18,2026-09-18,CM,NSE,STK,21690,INE935N01020,DIXON,EQ,,,,,DIXON TECHNO (INDIA) LTD,13290.00,13383.00,13005.00,13005.00,13005.00,13290.00,,13005.26,,,371296,4890560779.00,38430,F1,1,,,,,
2026-09-18,2026-09-18,CM,NSE,STK,12749,INE0B1K01014,DJML,EQ,,,,,DJ MEDIAPRINT & LOG LTD,79.09,81.30,77.01,77.65,77.50,78.28,,77.65,,,19162,1490255.77,485,F1,1,,,,,
2026-09-18,2026-09-18,CM,NSE,STK,14732,INE271C01023,DLF,EQ,,,,,DLF LIMITED,640.00,653.70,640.00,644.35,644.35,640.00,,644.28,,,2890331,1876181855.70,62039,F1,1,,,,,
2026-09-18,2026-09-18,CM,NSE,STK,6973,INE505A01010,DMCC,EQ,,,,,DMCC SPECIALITY CHEMICALS,263.00,284.00,261.30,280.65,279.15,261.70,,280.65,,,122609,33922231.10,4432,F1,1,,,,,
2026-09-18,2026-09-18,CM,NSE,STK,22533,INE0OGG01015,DHTL,SM,,,,,DOCMODE HEALTH TECH LTD,28.00,28.00,27.95,27.95,27.95,29.40,,27.95,,,12800,357840.00,6,F1,800,,,,,
2026-09-18,2026-09-18,CM,NSE,STK,4822,INE021O01019,DODLA,EQ,,,,,DODLA DAIRY LIMITED,1054.00,1095.00,1048.50,1083.60,1095.00,1049.60,,1083.79,,,28490,30406508.40,4073,F1,1,,,,,
2026-09-18,2026-09-18,CM,NSE,STK,12124,INE966A01022,DOLATALGO,EQ,,,,,DOLAT ALGOTECH LIMITED,67.99,68.38,67.05,67.32,68.34,67.86,,67.32,,,98529,6652669.60,976,F1,1,,,,,
2026-09-18,2026-09-18,CM,NSE,STK,20560,INE325C01035,DOLLAR,EQ,,,,,DOLLAR INDUSTRIES LIMITED,268.00,278.00,266.85,273.25,274.00,267.00,,273.26,,,161698,44279963.00,4387,F1,1,,,,,
2026-09-18,2026-09-18,CM,NSE,STK,765977,INE0JHH01011,DOLLEX,EQ,,,,,DOLLEX AGROTECH LIMITED,37.95,38.50,36.85,37.20,37.00,37.05,,37.21,,,14860,559903.20,98,F1,1,,,,,
2026-09-18,2026-09-18,CM,NSE,STK,18139,INE920A01037,DOLPHIN,EQ,,,,,DOLPHIN OFF ENT (IND) L,678.00,684.75,659.00,665.50,669.00,673.70,,665.34,,,27025,18090355.95,1331,F1,1,,,,,
2026-09-18,2026-09-18,CM,NSE,STK,20551,INE321T01012,DOMS,EQ,,,,,DOMS INDUSTRIES LIMITED,2121.60,2122.90,2097.40,2105.30,2113.00,2121.60,,2105.30,,,20153,42452862.20,3495,F1,1,,,,,
2026-09-18,2026-09-18,CM,NSE,STK,13839,INE668D01028,DONEAR,EQ,,,,,DONEAR IND. LIMITED,82.00,84.18,82.00,83.79,83.99,82.81,,83.69,,,7103,590793.47,135,F1,1,,,,,
2026-09-18,2026-09-18,CM,NSE,STK,15423,INE360C01024,DPSCLTD,BE,,,,,DPSC LIMITED,7.10,7.18,6.85,7.16,7.18,7.10,,7.16,,,84580,596308.61,331,F1,1,,,,,
2026-09-18,2026-09-18,CM,NSE,STK,29452,INE943P01029,AGARWALEYE,EQ,,,,,DR AGARWALS HEALTH CARE L,500.25,503.00,495.20,500.45,502.90,500.15,,500.45,,,105331,52553862.85,9809,F1,1,,,,,
2026-09-18,2026-09-18,CM,NSE,STK,762648,INE934C01018,DRAGARWQ,EQ,,,,,DR. AGARWAL'S EYE HOSP L,5339.50,5380.00,5251.00,5371.50,5379.00,5255.00,,5371.77,,,708,3762050.00,276,F1,1,,,,,
2026-09-18,2026-09-18,CM,NSE,STK,11654,INE600L01024,LALPATHLAB,EQ,,,,,DR. LAL PATH LABS LTD.,1930.10,1959.40,1885.00,1896.90,1892.50,1924.70,,1896.86,,,477275,911592169.30,55242,F1,1,,,,,
2026-09-18,2026-09-18,CM,NSE,STK,881,INE089A01031,DRREDDY,EQ,,,,,DR. REDDY S LABORATORIES,1182.60,1207.50,1182.10,1185.00,1185.00,1175.00,,1184.87,,,3002566,3579322394.60,81367,F1,1,,,,,
2026-09-18,2026-09-18,CM,NSE,STK,2645,INE03RS01027,DRCSYSTEMS,EQ,,,,,DRC SYSTEMS INDIA LIMITED,12.81,12.81,12.31,12.63,12.64,12.59,,12.63,,,12957,162998.80,217,F1,1,,,,,
2026-09-18,2026-09-18,CM,NSE,STK,10859,INE0JS101016,DREAMFOLKS,EQ,,,,,DREAMFOLKS SERVICES LTD,65.98,65.98,64.32,64.76,64.80,65.17,,64.76,,,30395,1970956.57,782,F1,1,,,,,
2026-09-18,2026-09-18,CM,NSE,STK,11271,INE506A01018,DREDGECORP,EQ,,,,,DREDGING CORP OF INDIA,985.60,1006.00,985.00,992.30,991.60,988.00,,992.30,,,36676,36483893.50,3220,F1,1,,,,,
2026-09-18,2026-09-18,CM,NSE,STK,17372,INE0P7201019,DRONE,SM,,,,,DRONE DESTINATION LIMITED,32.80,33.50,32.80,32.95,32.95,32.75,,32.95,,,14000,465275.00,16,F1,500,,,,,
2026-09-18,2026-09-18,CM,NSE,STK,8772,INE891A01022,DSKULKARNI,BE,,,,,DS KULKARNI DEVELOPERS L,22.71,22.71,22.71,22.71,22.71,22.27,,22.71,,,161,3656.31,5,F1,1,,,,,
2026-09-18,2026-09-18,CM,NSE,STK,778,INE055C01020,KEEPLEARN,EQ,,,,,DSJ KEEP LEARNING LTD,1.95,1.95,1.84,1.86,1.84,1.84,,1.86,,,16221,30305.80,79,F1,1,,,,,
2026-09-18,2026-09-18,CM,NSE,STK,1927,INF740KA1EU7,LIQUIDETF,EQ,,,,,DSP LIQUID ETF,999.99,1000.01,999.99,1000.00,999.99,999.99,,1000.00,,,89967,89966985.87,155,F1,1,,,,,
2026-09-18,2026-09-18,CM,NSE,STK,761364,INF740KA1YH2,BANK10ADD,EQ,,,,,DSPAMC - BANK10ADD,16.54,16.66,16.52,16.62,16.65,16.52,,16.62,,,3296,54734.05,69,F1,1,,,,,
2026-09-18,2026-09-18,CM,NSE,STK,13644,INF740KA1RX3,BANKADD,EQ,,,,,DSPAMC - DSPBANK,57.53,57.88,57.42,57.63,57.62,57.45,,57.63,,,10688,615407.75,51,F1,1,,,,,
2026-09-18,2026-09-18,CM,NSE,STK,15356,INF740KA1ZP2,GOLDADD,EQ,,,,,DSPAMC - DSPGOLD,14.73,14.93,14.72,14.86,14.87,14.63,,14.86,,,7975560,118632426.73,3749,F1,1,,,,,
2026-09-18,2026-09-18,CM,NSE,STK,17207,INF740KA1SX1,ITADD,EQ,,,,,DSPAMC - DSPIT,30.60,30.65,30.36,30.50,30.63,30.93,,30.49,,,25542,778993.15,173,F1,1,,,,,
2026-09-18,2026-09-18,CM,NSE,STK,6606,INF740KA1QK2,EQUAL50ADD,EQ,,,,,DSPAMC - DSPNEWETF,333.64,334.50,333.05,334.35,334.00,333.34,,334.35,,,6164,2059384.67,182,F1,1,,,,,
2026-09-18,2026-09-18,CM,NSE,STK,7451,INF740KA1CL0,NIFTYADD,EQ,,,,,DSPAMC - DSPNIFTY,246.45,247.02,245.30,246.79,246.60,245.65,,246.79,,,4027,992334.40,75,F1,1,,,,,
2026-09-18,2026-09-18,CM,NSE,STK,17616,INF740KA1SY9,PSUBANKADD,EQ,,,,,DSPAMC - DSPPSBKETF,83.39,84.44,83.39,84.28,84.44,83.39,,84.77,,,13145,1105320.77,174,F1,1,,,,,
2026-09-18,2026-09-18,CM,NSE,STK,17576,INF740KA1TA7,PVTBANKADD,EQ,,,,,DSPAMC - DSPPVBKETF,27.73,27.99,27.68,27.86,27.74,27.72,,27.86,,,106460,2956640.23,127,F1,1,,,,,
2026-09-18,2026-09-18,CM,NSE,STK,7456,INF740KA1ZF3,MIDQ50ADD,EQ,,,,,DSPAMC - DSPQ50ETF,24.25,24.56,24.23,24.46,24.56,24.19,,24.46,,,38319,932593.21,94,F1,1,,,,,
2026-09-18,2026-09-18,CM,NSE,STK,17613,INF740KA1SZ6,SENSEXADD,EQ,,,,,DSPAMC - DSPSENXETF,76.18,77.30,75.91,77.29,77.29,76.96,,77.29,,,737,56648.27,30,F1,1,,,,,
2026-09-18,2026-09-18,CM,NSE,STK,10761,INF740KA1ZQ0,SILVERADD,EQ,,,,,DSPAMC - DSPSILVETF,22.10,22.71,22.10,22.60,22.59,21.84,,22.60,,,4445826,100271967.12,6420,F1,1,,,,,
2026-09-18,2026-09-18,CM,NSE,STK,759368,INF740KA1WU9,FLEXIADD,EQ,,,,,DSPAMC - FLEXIADD,9.72,9.85,9.71,9.79,9.81,9.73,,9.79,,,103179,1006353.19,311,F1,1,,,,,
2026-09-18,2026-09-18,CM,NSE,STK,763530,INF740KA1ZA4,FMCGADD,EQ,,,,,DSPAMC - FMCGADD,46.18,46.18,45.75,46.02,46.09,45.96,,46.02,,,16877,775994.40,88,F1,1,,,,,
2026-09-18,2026-09-18,CM,NSE,STK,22592,INF740KA1ZG1,HEALTHADD,EQ,,,,,DSPAMC - HEALTHADD,16.80,16.86,16.72,16.80,16.86,16.65,,16.80,,,37211,625070.43,74,F1,1,,,,,
2026-09-18,2026-09-18,CM,NSE,STK,23407,INF740KA1UM0,LIQUIDADD,EQ,,,,,DSPAMC - LIQUIDADD,1145.45,1145.85,1145.21,1145.47,1145.48,1145.02,,1145.47,,,335850,384705640.62,304,F1,1,,,,,
2026-09-18,2026-09-18,CM,NSE,STK,764428,INF740KA1ZH9,MIDBANKADD,EQ,,,,,DSPAMC - MIDBANKADD,17.22,17.75,17.15,17.24,17.26,17.14,,17.24,,,12233,210841.03,20,F1,1,,,,,
2026-09-18,2026-09-18,CM,NSE,STK,760356,INF740KA1WW5,MIDCAPADD,EQ,,,,,DSPAMC - MIDCAPADD,22.77,24.93,22.77,23.75,24.00,22.67,,23.75,,,1040,24463.95,24,F1,1,,,,,
2026-09-18,2026-09-18,CM,NSE,STK,759978,INF740KA1WV7,MSCIADD,EQ,,,,,DSPAMC - MSCIADD,28.74,28.80,28.74,28.80,28.80,28.63,,28.80,,,758,21790.92,3,F1,1,,,,,
2026-09-18,2026-09-18,CM,NSE,STK,29464,INF740KA1VE5,NEXT30ADD,EQ,,,,,DSPAMC - NEXT30ADD,42.17,42.36,42.06,42.36,42.36,41.97,,42.36,,,7416,313455.33,56,F1,1,,,,,
2026-09-18,2026-09-18,CM,NSE,STK,760599,INF740KA1XU7,NEXT50ADD,EQ,,,,,DSPAMC - NEXT50ADD,72.14,72.57,71.98,72.45,72.45,71.41,,72.45,,,13052,944716.00,39,F1,1,,,,,
2026-09-18,2026-09-18,CM,NSE,STK,760359,INF740KA1WX3,SMALLADD,EQ,,,,,DSPAMC - SMALLADD,18.45,18.49,18.11,18.32,18.29,18.11,,18.29,,,36311,665585.95,83,F1,1,,,,,
2026-09-18,2026-09-18,CM,NSE,STK,25171,INF740KA1UR9,TOP10ADD,EQ,,,,,DSPAMC - TOP10ADD,84.90,85.12,84.60,84.80,84.89,85.42,,84.80,,,953150,80929299.05,846,F1,1,,,,,
2026-09-18,2026-09-18,CM,NSE,STK,13766,INE0LZO01015,DUCOL,SM,,,,,DUCOL ORGS AND COLOURS LT,126.00,130.45,126.00,130.20,130.40,127.35,,130.20,,,17600,2274480.00,18,F1,800,,,,,
2026-09-18,2026-09-18,CM,NSE,STK,28952,INE741L01018,DUCON,EQ,,,,,DUCON INFRATECHNOLOGIES L,1.22,1.29,1.15,1.23,1.24,1.27,,1.23,,,6489613,7971627.85,1756,F1,1,,,,,
2026-09-18,2026-09-18,CM,NSE,STK,5457,INE0HPK01020,DUGLOBAL,SM,,,,,DUDIGITAL GLOBAL LIMITED,21.50,24.70,21.50,21.95,21.80,23.45,,21.95,,,65000,1460250.00,25,F1,2500,,,,,
2026-09-18,2026-09-18,CM,NSE,STK,24164,INE0OUW01013,DURLAX,SM,,,,,DURLAX TOP SURFACE LTD,57.95,64.00,57.00,63.30,62.50,57.15,,63.30,,,284000,16888400.00,100,F1,2000,,,,,
2026-09-18,2026-09-18,CM,NSE,STK,11667,INE366A01041,DWARKESH,EQ,,,,,DWARIKESH SUGAR IND LTD,40.52,41.51,39.86,41.15,41.32,40.53,,41.15,,,1861792,75675274.92,7316,F1,1,,,,,
2026-09-18,2026-09-18,CM,NSE,STK,25690,INE417B01040,DSSL,EQ,,,,,DYNACONS SYS & SOLN LTD,1042.40,1042.40,1010.50,1013.40,1012.90,1008.60,,1013.44,,,13842,14062619.30,1939,F1,1,,,,,
2026-09-18,2026-09-18,CM,NSE,STK,4525,INE221B01012,DYNAMATECH,EQ,,,,,DYNAMATIC TECHNOLOGIES,11819.00,12215.00,11743.00,12061.00,12056.00,11819.00,,12060.89,,,12437,150201619.00,4409,F1,1,,,,,
2026-09-18,2026-09-18,CM,NSE,STK,10417,INE600Y01019,DYCL,EQ,,,,,DYNAMIC CABLES LIMITED,443.90,464.00,443.55,457.40,457.60,442.35,,457.40,,,419341,191004486.30,13915,F1,1,,,,,
2026-09-18,2026-09-18,CM,NSE,STK,6082,INE0DZ701010,DYNAMIC,ST,,,,,DYNAMIC SRVCS & SEC LTD,143.40,146.85,139.10,142.60,143.00,139.90,,142.60,,,24000,3466750.00,47,F1,500,,,,,
2026-09-18,2026-09-18,CM,NSE,STK,21314,INE256H01015,DYNPRO,EQ,,,,,DYNEMIC PRODUCTS LIMITED,230.05,232.00,228.00,229.89,231.00,227.85,,229.89,,,4824,1107329.56,150,F1,1,,,,,
2026-09-18,2026-09-18,CM,NSE,STK,19267,INE0KFF01017,EFACTOR,SM,,,,,E FACTOR EXPERIENCES LTD,164.95,165.00,164.95,165.00,165.00,162.30,,165.00,,,3200,527980.00,8,F1,400,,,,,
2026-09-18,2026-09-18,CM,NSE,STK,760531,INE1CEJ01017,E2ERAIL,SM,,,,,E TO E TRANS INFRA LTD,350.00,362.00,337.10,344.65,337.10,346.45,,344.65,,,136800,48363920.00,144,F1,800,,,,,
2026-09-18,2026-09-18,CM,NSE,STK,8940,INE255Z01027,E2E,BE,,,,,E2E NETWORKS LIMITED,607.05,620.00,599.00,607.65,608.90,604.40,,607.76,,,595972,362671568.75,7146,F1,1,,,,,
2026-09-18,2026-09-18,CM,NSE,STK,765065,INE595R01023,EASTWEST,EQ,,,,,EAST WEST FREIGHT CARRI L,2.23,2.27,2.10,2.25,2.26,2.21,,2.24,,,56253,123132.46,174,F1,1,,,,,
2026-09-18,2026-09-18,CM,NSE,STK,9769,INE962C01035,EASTSILK,BE,,,,,EASTERN SILK INDUSTRIES L,61.50,64.11,61.50,64.07,64.00,61.06,,64.07,,,1041,66477.65,14,F1,1,,,,,
2026-09-18,2026-09-18,CM,NSE,STK,2792,INE07O001026,EASEMYTRIP,EQ,,,,,EASY TRIP PLANNERS LTD,5.81,5.81,5.71,5.76,5.75,5.79,,5.76,,,13670746,78668800.82,8187,F1,1,,,,,
2026-09-18,2026-09-18,CM,NSE,STK,765073,INE432F01032,EBIX,BE,,,,,EBIX LIMITED,19.24,19.30,18.66,19.03,19.20,19.24,,19.04,,,5798,110906.48,64,F1,1,,,,,
2026-09-18,2026-09-18,CM,NSE,STK,759974,INE528S07110,888ECL28,N1,,,,,ECL 8.88% 2028 SR V,987.00,989.97,986.15,986.17,986.15,987.10,,986.17,,,96,94713.47,5,F1,1,,,,,
2026-09-18,2026-09-18,CM,NSE,STK,759975,INE528S07128,925ECL28,N2,,,,,ECL 9.25% 2028 SR VI,1029.90,1029.90,1025.00,1025.37,1029.90,1014.10,,1025.37,,,125,128443.50,4,F1,1,,,,,
2026-09-18,2026-09-18,CM,NSE,STK,15179,INE738I01010,ECLERX,EQ,,,,,ECLERX SERVICES LTD,1919.40,1938.80,1898.70,1915.60,1920.00,1923.00,,1915.64,,,177527,340156681.80,16588,F1,1,,,,,
2026-09-18,2026-09-18,CM,NSE,STK,764663,INE316A01038,ECORECO,EQ,,,,,ECO RECYCLING LTD.,442.80,445.95,424.00,432.10,430.00,435.85,,432.22,,,8812,3828405.00,796,F1,1,,,,,
2026-09-18,2026-09-18,CM,NSE,STK,759964,INE0VBS01016,ECOLINE,ST,,,,,ECOLINE EXIM LIMITED,166.00,173.30,166.00,173.30,173.30,166.15,,173.30,,,15000,2544300.00,15,F1,1000,,,,,
2026-09-18,2026-09-18,CM,NSE,STK,25060,INE06HJ01020,ECOSMOBLTY,EQ,,,,,ECOS (INDIA) MOB & HOSP L,107.45,108.50,106.50,108.12,108.00,106.89,,108.12,,,30641,3293557.49,955,F1,1,,,,,
2026-09-18,2026-09-18,CM,NSE,STK,7196,INF754K01OB1,BBETF0432,EQ,,,,,EDELAMC - BBETF0432,1340.79,1343.44,1335.89,1337.80,1336.70,1340.89,,1337.80,,,437,585232.77,42,F1,1,,,,,
2026-09-18,2026-09-18,CM,NSE,STK,764378,INF754K01XH9,EBANK10,EQ,,,,,EDELAMC - EBANK10,16.59,16.59,16.57,16.57,16.57,16.28,,16.57,,,109,1808.13,2,F1,1,,,,,
2026-09-18,2026-09-18,CM,NSE,STK,25258,INF754K01TE4,EBANKNIFTY,EQ,,,,,EDELAMC - EBANKNIFTY,56.83,56.98,56.53,56.96,56.96,56.74,,56.96,,,1676,95090.18,17,F1,1,,,,,
2026-09-18,2026-09-18,CM,NSE,STK,16253,INF754K01KO2,EBBETF0430,EQ,,,,,EDELAMC - EBBETF0430,1639.40,1639.40,1604.01,1610.90,1613.10,1607.25,,1610.77,,,3456,5559808.01,265,F1,1,,,,,
2026-09-18,2026-09-18,CM,NSE,STK,22239,INF754K01LE1,EBBETF0431,EQ,,,,,EDELAMC - EBBETF0431,1438.47,1439.97,1429.21,1431.44,1431.15,1432.11,,1431.44,,,2826,4049369.38,68,F1,1,,,,,
2026-09-18,2026-09-18,CM,NSE,STK,13139,INF754K01QX0,EBBETF0433,EQ,,,,,EDELAMC - EBBETF0433,1304.20,1309.00,1301.08,1303.19,1303.05,1304.44,,1303.19,,,2911,3800237.95,130,F1,1,,,,,
2026-09-18,2026-09-18,CM,NSE,STK,29019,INF754K01TX4,ECAPINSURE,EQ,,,,,EDELAMC - ECAPINSURE,23.78,24.01,23.48,23.61,23.53,23.54,,23.61,,,24238,571092.43,161,F1,1,,,,,
2026-09-18,2026-09-18,CM,NSE,STK,19933,INF754K01SE6,EGOLD,EQ,,,,,EDELAMC - EGOLD,151.65,153.15,151.65,152.80,152.50,150.45,,152.80,,,71864,10963108.10,853,F1,1,,,,,
2026-09-18,2026-09-18,CM,NSE,STK,759466,INF754K01VW2,ELIQUID,EQ,,,,,EDELAMC - ELIQUID,1048.39,1048.40,1048.39,1048.40,1048.40,1047.99,,1048.40,,,9883,10361304.37,10,F1,1,,,,,
2026-09-18,2026-09-18,CM,NSE,STK,758952,INF754K01VV4,ELM250,EQ,,,,,EDELAMC - ELM250,16.36,16.45,16.01,16.15,16.14,16.27,,16.15,,,73569,1193502.18,281,F1,1,,,,,
2026-09-18,2026-09-18,CM,NSE,STK,764367,INF754K01XI7,ELMDIV,EQ,,,,,EDELAMC - ELMDIV,35.39,35.50,35.39,35.50,35.50,35.22,,35.58,,,4,141.89,2,F1,1,,,,,
2026-09-18,2026-09-18,CM,NSE,STK,764288,INF754K01XG1,EMETAL,EQ,,,,,EDELAMC - EMETAL,12.99,13.10,12.87,13.05,13.10,12.99,,13.05,,,6609,85492.42,39,F1,1,,,,,
2026-09-18,2026-09-18,CM,NSE,STK,25996,INF754K01TF1,EMULTIMQ,EQ,,,,,EDELAMC - EMULTIMQ,41.28,41.55,40.94,41.35,41.44,41.29,,41.35,,,9268,383602.86,169,F1,1,,,,,
2026-09-18,2026-09-18,CM,NSE,STK,763540,INF754K01XF3,ENEXT50,EQ,,,,,EDELAMC - ENEXT50,70.89,72.41,70.89,71.60,71.60,70.89,,71.60,,,406,28908.64,10,F1,1,,,,,
2026-09-18,2026-09-18,CM,NSE,STK,759998,INF754K01VX0,ENIFTY,EQ,,,,,EDELAMC - ENIFTY,24.07,24.07,23.45,23.60,23.61,23.49,,23.60,,,4415,103662.05,69,F1,1,,,,,
2026-09-18,2026-09-18,CM,NSE,STK,759995,INF754K01VY8,ESENSEX,EQ,,,,,EDELAMC - ESENSEX,75.39,75.51,74.84,75.51,75.51,75.15,,75.51,,,1311,98205.72,11,F1,1,,,,,
2026-09-18,2026-09-18,CM,NSE,STK,20257,INF754K01SF3,ESILVER,EQ,,,,,EDELAMC - ESILVER,228.98,235.10,228.98,234.30,233.47,226.68,,234.30,,,255075,59715569.43,2677,F1,1,,,,,
2026-09-18,2026-09-18,CM,NSE,STK,15119,INE532F01054,EDELWEISS,EQ,,,,,EDELWEISS FIN SERV LTD,128.42,136.90,128.42,136.25,136.00,128.34,,136.25,,,9148549,1227441594.17,48024,F1,1,,,,,
2026-09-18,2026-09-18,CM,NSE,STK,758675,INE886D01026,EFCIL,EQ,,,,,EFC (I) LIMITED,179.89,180.50,176.85,178.67,179.50,177.95,,178.64,,,216644,38591235.52,2480,F1,1,,,,,
2026-09-18,2026-09-18,CM,NSE,STK,24435,INE0U9101019,EFFWA,SM,,,,,EFFWA INFRA & RESEARCH L,360.40,368.95,345.00,362.10,362.10,360.40,,362.10,,,28800,10343720.00,43,F1,400,,,,,
2026-09-18,2026-09-18,CM,NSE,STK,910,INE066A01021,EICHERMOT,EQ,,,,,EICHER MOTORS LTD,7523.50,7569.00,7477.00,7516.00,7516.00,7493.50,,7515.99,,,419526,3154428334.00,28876,F1,1,,,,,
2026-09-18,2026-09-18,CM,NSE,STK,916,INE126A01031,EIDPARRY,EQ,,,,,EID PARRY INDIA LTD,694.65,708.15,682.75,700.70,700.40,703.10,,700.70,,,854169,594063905.25,41072,F1,1,,,,,
2026-09-18,2026-09-18,CM,NSE,STK,15399,INE276C01014,EIHAHOTELS,EQ,,,,,EIH ASSOCIATED HOTELS LTD,294.95,307.80,294.05,303.50,302.00,294.95,,303.48,,,37838,11415085.75,1499,F1,1,,,,,
2026-09-18,2026-09-18,CM,NSE,STK,919,INE230A01023,EIHOTEL,EQ,,,,,EIH LIMITED,304.00,321.15,299.95,317.90,317.20,299.90,,317.90,,,1308371,411507743.85,32093,F1,1,,,,,
2026-09-18,2026-09-18,CM,NSE,STK,4040,INE158B01016,EIMCOELECO,EQ,,,,,EIMCO ELECON (INDIA) LTD,2247.00,2292.80,2240.00,2248.40,2240.00,2247.40,,2248.24,,,15042,33941225.90,1931,F1,1,,,,,
2026-09-18,2026-09-18,CM,NSE,STK,764668,INE0CPR01018,EKI,EQ,,,,,EKI ENERGY SERVICES LTD,67.51,69.89,67.50,68.34,68.30,68.36,,68.33,,,6068,415217.72,253,F1,1,,,,,
2026-09-18,2026-09-18,CM,NSE,STK,762653,INE280B01018,ELANTAS,EQ,,,,,ELANTAS BECK INDIA LTD.,13747.00,14400.00,13561.00,14228.00,14171.00,13686.00,,14246.01,,,3136,44105519.00,1607,F1,1,,,,,
2026-09-18,2026-09-18,CM,NSE,STK,762658,INE927X01018,ELCIDIN,EQ,,,,,ELCID INVESTMENTS LTD.,109735.00,109735.00,103820.00,105130.00,103820.00,106270.00,,105130.00,,,13,1386355.00,13,F1,1,,,,,
2026-09-18,2026-09-18,CM,NSE,STK,8953,INE668G01021,ELDEHSG,EQ,,,,,ELDECO HSG & IND LTD.,788.00,789.95,770.25,781.70,780.00,767.10,,776.43,,,209,163779.85,41,F1,1,,,,,
2026-09-18,2026-09-18,CM,NSE,STK,13643,INE205B01031,ELECON,EQ,,,,,ELECON ENG. CO. LTD,414.60,424.95,414.00,421.20,417.50,414.60,,421.20,,,301790,126634240.20,14095,F1,1,,,,,
2026-09-18,2026-09-18,CM,NSE,STK,20899,INE0Q1W01012,EFORCE,SM,,,,,ELECTRO FORCE (INDIA) LTD,18.80,19.45,18.30,18.30,18.30,18.80,,18.30,,,6000,112380.00,5,F1,1200,,,,,
2026-09-18,2026-09-18,CM,NSE,STK,11530,INE02YR01019,EMIL,EQ,,,,,ELECTRONICS MART IND LTD,186.85,202.86,185.10,196.28,195.90,185.07,,196.28,,,15751870,3109581343.04,153469,F1,1,,,,,
2026-09-18,2026-09-18,CM,NSE,STK,928,INE086A01029,ELECTCAST,EQ,,,,,ELECTROSTEEL CASTINGS LTD,74.25,75.30,72.90,73.38,73.40,74.07,,73.38,,,1797787,132254044.04,15307,F1,1,,,,,
2026-09-18,2026-09-18,CM,NSE,STK,4469,INE822G01016,ELECTHERM,EQ,,,,,ELECTROTHERM (I) LTD.,932.00,947.00,920.00,925.50,933.00,932.65,,925.52,,,12959,12014390.30,310,F1,1,,,,,
2026-09-18,2026-09-18,CM,NSE,STK,29595,INE0R9101015,ELGNZ,SM,,,,,ELEGANZ INTERIORS LIMITED,83.05,86.70,82.75,85.85,83.05,85.50,,85.85,,,23000,1952950.00,15,F1,1000,,,,,
2026-09-18,2026-09-18,CM,NSE,STK,937,INE285A01027,ELGIEQUIP,EQ,,,,,ELGI EQUIPMENTS LTD,593.90,613.30,593.30,609.55,606.55,593.30,,609.51,,,398074,241287640.20,20986,F1,1,,,,,
2026-09-18,2026-09-18,CM,NSE,STK,24924,INE819L01012,ELGIRUBCO,EQ,,,,,ELGI RUBBER CO. LTD,60.81,62.38,60.81,61.60,61.75,60.81,,61.60,,,74237,4579396.23,632,F1,1,,,,,
2026-09-18,2026-09-18,CM,NSE,STK,13423,INE050401020,ELIN,EQ,,,,,ELIN ELECTRONICS LIMITED,89.51,90.29,87.90,88.53,88.50,89.88,,88.53,,,71187,6308835.16,1260,F1,1,,,,,
2026-09-18,2026-09-18,CM,NSE,STK,762663,INE669R01026,ELITECON,EQ,,,,,ELITECON INTERNATIONAL L,7.37,8.13,7.37,7.99,8.00,7.75,,7.99,,,15604333,122569974.81,15798,F1,1,,,,,
2026-09-18,2026-09-18,CM,NSE,STK,758563,INE236E01022,ELLEN,EQ,,,,,ELLENBARRIE INDUS GASES L,371.00,387.00,370.70,373.10,374.00,371.00,,373.10,,,733301,276866155.70,15591,F1,1,,,,,
2026-09-18,2026-09-18,CM,NSE,STK,4471,INE579B01039,ELPROINTL,EQ,,,,,ELPRO INTERNATIONAL LTD,172.86,174.58,170.97,172.53,172.05,173.26,,172.53,,,15621,2689677.09,1881,F1,1,,,,,
2026-09-18,2026-09-18,CM,NSE,STK,29229,INE0ZOL01023,EMAPARTNER,SM,,,,,EMA PARTNERS INDIA LTD,82.00,84.50,82.00,84.50,84.50,82.00,,84.50,,,20000,1656550.00,9,F1,1000,,,,,
2026-09-18,2026-09-18,CM,NSE,STK,13517,INE548C01032,EMAMILTD,EQ,,,,,EMAMI LIMITED,380.00,380.05,366.55,368.45,368.90,376.10,,368.45,,,3703471,1374355000.00,74331,F1,1,,,,,
2026-09-18,2026-09-18,CM,NSE,STK,10084,INE830C01026,EMAMIPAP,BE,,,,,EMAMI PAPER MILLS LIMITED,111.97,117.56,106.38,116.70,117.10,111.97,,116.71,,,59907,6753983.59,324,F1,1,,,,,
2026-09-18,2026-09-18,CM,NSE,STK,19277,INE778K01012,EMAMIREAL,EQ,,,,,EMAMI REALTY LIMITED,69.40,69.40,66.15,67.18,66.42,67.87,,67.28,,,3888,260307.08,87,F1,1,,,,,
2026-09-18,2026-09-18,CM,NSE,STK,14450,INE069I01010,EMBDL,EQ,,,,,EMBASSY DEVELOPMENTS LTD,55.00,55.00,53.50,53.88,53.70,54.91,,53.88,,,2229839,120309801.96,8889,F1,1,,,,,
2026-09-18,2026-09-18,CM,NSE,STK,9383,INE041025011,EMBASSY,RR,,,,,EMBASSY OFFICE PARKS REIT,439.46,446.60,437.50,441.07,439.26,439.46,,441.11,,,5129525,2257471895.16,28060,F1,1,,,,,
2026-09-18,2026-09-18,CM,NSE,STK,24398,INE168P01015,EMCURE,EQ,,,,,EMCURE PHARMACEUTICALS L,1915.90,2100.70,1915.10,2003.80,2083.00,1909.80,,2004.37,,,1744754,3490805014.80,51792,F1,1,,,,,
2026-09-18,2026-09-18,CM,NSE,STK,27629,INE0RHD01013,ETML,SM,,,,,EMERALD TYRE MANUF LTD,80.00,82.00,80.00,81.60,81.60,80.00,,81.60,,,3600,292320.00,3,F1,1200,,,,,
2026-09-18,2026-09-18,CM,NSE,STK,13421,INE296H01011,EMKAY,EQ,,,,,EMKAY GLOBAL FIN SERV LTD,248.95,253.75,244.95,248.90,249.00,248.95,,248.90,,,11664,2899625.80,358,F1,1,,,,,
2026-09-18,2026-09-18,CM,NSE,STK,758591,INE0PXC01024,ETL,SM,,,,,EMKAY TOOLS LIMITED,1050.00,1057.50,1050.00,1057.25,1057.00,1040.00,,1057.25,,,750,789675.00,5,F1,150,,,,,
2026-09-18,2026-09-18,CM,NSE,STK,18146,INE753K01015,EMMBI,BE,,,,,EMMBI INDUSTRIES LIMITED,87.25,89.76,86.10,88.91,89.00,87.91,,89.01,,,2806,245801.17,58,F1,1,,,,,
2026-09-18,2026-09-18,CM,NSE,STK,759728,INE1C6T01020,EMMVEE,EQ,,,,,EMMVEE PHOTOVOLTAIC PWR L,328.65,333.00,326.60,328.00,329.00,325.50,,328.00,,,974170,320927556.00,26528,F1,1,,,,,
2026-09-18,2026-09-18,CM,NSE,STK,764673,INE515H01014,EMPIND,EQ,,,,,EMPIRE INDUSTRIES LTD.,1043.80,1064.80,1043.40,1057.10,1056.00,1065.30,,1057.09,,,968,1022832.80,104,F1,1,,,,,
2026-09-18,2026-09-18,CM,NSE,STK,762670,INE507F01023,EMPOWER,EQ,,,,,EMPOWER INDIA LTD.,2.38,2.38,2.38,2.38,2.38,2.50,,2.38,,,1202346,2861583.48,1105,F1,1,,,,,
2026-09-18,2026-09-18,CM,NSE,STK,18593,INE0OV601013,EMSLIMITED,EQ,,,,,EMS LIMITED,364.50,371.25,362.00,366.65,365.20,364.50,,366.61,,,104833,38334421.20,3238,F1,1,,,,,
2026-09-18,2026-09-18,CM,NSE,STK,9756,INE01QM01018,EMUDHRA,EQ,,,,,EMUDHRA LIMITED,633.25,638.10,601.10,613.45,620.00,633.35,,613.57,,,1272884,781594015.90,35360,F1,1,,,,,
2026-09-18,2026-09-18,CM,NSE,STK,760321,INE433T01015,ENCOMPAS,SM,,,,,ENCOMPASS DESIGN INDIA L,260.00,260.00,227.00,238.85,234.50,259.90,,238.85,,,56400,13721060.00,66,F1,400,,,,,
2026-09-18,2026-09-18,CM,NSE,STK,18822,INE913H01037,ENDURANCE,EQ,,,,,ENDURANCE TECHNO. LTD.,2680.80,2743.60,2680.80,2732.00,2741.00,2690.80,,2732.02,,,88695,241635409.40,17705,F1,1,,,,,
2026-09-18,2026-09-18,CM,NSE,STK,15049,INE306C01019,ENERGYDEV,EQ,,,,,ENERGY DEVE. CO.LTD,14.66,15.01,14.50,14.68,14.51,14.66,,14.76,,,18897,279861.23,266,F1,1,,,,,
2026-09-18,2026-09-18,CM,NSE,STK,23745,INE0S1L01013,EMMIL,SM,,,,,ENERGY MISSION MACH IND L,117.50,117.50,113.75,114.90,115.50,115.00,,114.90,,,6250,719262.50,20,F1,250,,,,,
2026-09-18,2026-09-18,CM,NSE,STK,23224,INE0S3X01014,ENFUSE,SM,,,,,ENFUSE SOLUTIONS LIMITED,142.00,142.00,142.00,142.00,142.00,142.00,,142.00,,,1800,255600.00,3,F1,600,,,,,
2026-09-18,2026-09-18,CM,NSE,STK,4907,INE510A01028,ENGINERSIN,EQ,,,,,ENGINEERS INDIA LTD,265.00,268.50,263.50,266.35,267.00,263.75,,266.35,,,1732303,461245106.70,27786,F1,1,,,,,
2026-09-18,2026-09-18,CM,NSE,STK,764678,INE130L01014,ENKEIWHEL,EQ,,,,,ENKEI WHEELS (INDIA) LTD.,388.00,404.90,385.40,395.10,392.15,392.60,,395.40,,,827,324421.65,83,F1,1,,,,,
2026-09-18,2026-09-18,CM,NSE,STK,23230,INE0R9I01021,ENSER,SM,,,,,ENSER COMMUNICATIONS LTD,15.20,15.20,14.05,14.10,14.10,15.00,,14.10,,,35000,509750.00,7,F1,5000,,,,,
2026-09-18,2026-09-18,CM,NSE,STK,22720,INE010601016,ENTERO,BL,,,,,ENTERO HEALTHCARE SOLU L,1695.00,1695.00,1695.00,1695.00,1695.00,1258.00,,1695.00,,,1390000,2356050000.00,2,F1,999999999,,,,,
2026-09-18,2026-09-18,CM,NSE,STK,22717,INE010601016,ENTERO,EQ,,,,,ENTERO HEALTHCARE SOLU L,1669.90,1737.80,1669.90,1732.30,1729.80,1666.60,,1732.31,,,244661,418123025.40,22667,F1,1,,,,,
2026-09-18,2026-09-18,CM,NSE,STK,13192,INE265F01028,ENIL,EQ,,,,,ENTERTAIN NET. IND. LTD.,100.00,102.80,99.50,101.90,100.40,100.85,,101.90,,,13770,1385278.25,300,F1,1,,,,,
2026-09-18,2026-09-18,CM,NSE,STK,27213,INE0LLY01014,EIEL,EQ,,,,,ENVIRO INFRA ENGINEERS L,201.00,202.00,196.06,200.01,201.80,199.64,,200.01,,,574560,114227221.94,9796,F1,1,,,,,
2026-09-18,2026-09-18,CM,NSE,STK,25412,INE0SUH01015,ENVIRO,SM,,,,,ENVIROTECH SYSTEMS LTD,69.00,69.00,65.05,66.00,65.05,67.65,,66.00,,,28000,1889850.00,20,F1,1000,,,,,
2026-09-18,2026-09-18,CM,NSE,STK,22463,INE0G5901015,EPACK,EQ,,,,,EPACK DURABLE LIMITED,181.01,183.01,178.40,178.84,178.77,180.82,,178.84,,,161343,28937552.95,3132,F1,1,,,,,
2026-09-18,2026-09-18,CM,NSE,STK,759251,INE0MLS01022,EPACKPEB,EQ,,,,,EPACK PREFAB TECHN LTD,225.00,231.61,224.41,226.26,226.50,222.26,,226.26,,,315915,72030602.04,6805,F1,1,,,,,
2026-09-18,2026-09-18,CM,NSE,STK,5382,INE071N01016,EPIGRAL,EQ,,,,,EPIGRAL LIMITED,1101.90,1119.40,1093.10,1105.30,1108.00,1101.40,,1105.39,,,25007,27607142.90,2774,F1,1,,,,,
2026-09-18,2026-09-18,CM,NSE,STK,981,INE255A01020,EPL,EQ,,,,,EPL LIMITED,234.00,241.10,233.75,239.35,240.00,231.40,,239.34,,,2325889,555641147.60,30272,F1,1,,,,,
2026-09-18,2026-09-18,CM,NSE,STK,758349,INE11HF01010,EEPL,ST,,,,,EPPELTONE ENGINEERS LTD,138.00,138.00,133.00,133.00,133.00,136.00,,133.00,,,10000,1356600.00,10,F1,1000,,,,,
2026-09-18,2026-09-18,CM,NSE,STK,761217,INE1KEC01023,EPWINDIA,ST,,,,,EPW INDIA LIMITED,242.00,252.00,240.00,240.15,240.00,240.00,,240.15,,,18000,4454760.00,13,F1,1200,,,,,
2026-09-18,2026-09-18,CM,NSE,STK,3553,INE217G01035,EQUIPPP,BE,,,,,EQUIPPP SOC IMP TECH LTD,24.00,24.60,23.26,24.51,24.60,24.39,,24.50,,,53053,1299482.83,27,F1,1,,,,,
2026-09-18,2026-09-18,CM,NSE,STK,913,INE063P01018,EQUITASBNK,EQ,,,,,EQUITAS SMALL FIN BNK LTD,72.05,74.90,71.89,74.09,73.99,72.13,,74.05,,,2395159,176267023.81,9514,F1,1,,,,,
2026-09-18,2026-09-18,CM,NSE,STK,21154,INE406M01024,ERIS,EQ,,,,,ERIS LIFESCIENCES LIMITED,1315.10,1355.10,1303.10,1321.30,1312.60,1310.70,,1321.30,,,143139,189539443.70,12093,F1,1,,,,,
2026-09-18,2026-09-18,CM,NSE,STK,955,INE284A01012,ESABINDIA,EQ,,,,,ESAB INDIA LTD,5618.50,5659.50,5600.50,5627.50,5601.00,5618.50,,5626.83,,,3207,18053097.50,1268,F1,1,,,,,
2026-09-18,2026-09-18,CM,NSE,STK,19884,INE818W01011,ESAFSFB,BE,,,,,ESAF SMALL FINANCE BANK L,38.27,39.50,38.27,39.19,38.93,38.44,,39.16,,,206115,8043236.32,1227,F1,1,,,,,
2026-09-18,2026-09-18,CM,NSE,STK,22767,INE0RQZ01017,ESCONET,ST,,,,,ESCONET TECHNOLOGIES LTD,203.30,224.00,203.30,214.50,214.00,213.95,,214.50,,,43200,9011940.00,80,F1,400,,,,,
2026-09-18,2026-09-18,CM,NSE,STK,958,INE042A01014,ESCORTS,EQ,,,,,ESCORTS KUBOTA LIMITED,2830.00,2836.80,2769.40,2798.20,2799.90,2830.00,,2798.16,,,81690,228957566.70,10890,F1,1,,,,,
2026-09-18,2026-09-18,CM,NSE,STK,765553,INE0DRI01029,ESDS,EQ,,,,,ESDS SOFTWARE SOLUTION L,1565.00,1594.00,1564.55,1564.55,1564.55,1646.85,,1551.93,,,582208,913528264.90,9293,F1,1,,,,,
2026-09-18,2026-09-18,CM,NSE,STK,759296,INE818W08149,113ESFB31,N0,,,,,ESFB 11.3% 2031 SR 2,100050.00,100050.00,100050.00,100050.00,100050.00,100050.00,,100050.00,,,5,500250.00,1,F1,1,,,,,
2026-09-18,2026-09-18,CM,NSE,STK,761461,INE818W08164,1165ESFB32,N0,,,,,ESFB 11.65% 2032 SR 4,102500.00,102500.00,102500.00,102500.00,102500.00,99001.00,,102500.00,,,2,205000.00,2,F1,1,,,,,
2026-09-18,2026-09-18,CM,NSE,STK,24678,INE0SBP01018,ESPRIT,SM,,,,,ESPRIT STONES LIMITED,62.25,64.25,62.25,64.10,64.25,60.50,,64.10,,,11200,710080.00,7,F1,1600,,,,,
2026-09-18,2026-09-18,CM,NSE,STK,25634,INE122M01019,ESSARSHPNG,EQ,,,,,ESSAR SHIPPING LTD,16.46,16.53,16.06,16.19,16.25,16.14,,16.18,,,112302,1827096.24,545,F1,1,,,,,
2026-09-18,2026-09-18,CM,NSE,STK,17084,INE0ITO01014,ESFL,SM,,,,,ESSEN SPECIALITY FILMS L,123.50,125.00,123.50,124.85,125.00,124.25,,124.85,,,7200,894006.00,16,F1,360,,,,,
2026-09-18,2026-09-18,CM,NSE,STK,24265,INE778B01029,ESTER,EQ,,,,,ESTER INDUSTRIES LTD,87.56,88.90,86.60,87.67,88.90,86.76,,87.70,,,36137,3155853.26,691,F1,1,,,,,
2026-09-18,2026-09-18,CM,NSE,STK,5097,INE758T01015,ETERNAL,EQ,,,,,ETERNAL LIMITED,328.50,329.75,325.70,326.85,326.85,322.35,,326.85,,,17696853,5798400032.10,98817,F1,1,,,,,
2026-09-18,2026-09-18,CM,NSE,STK,9750,INE04TZ01018,ETHOSLTD,EQ,,,,,ETHOS LIMITED,2655.00,2682.60,2612.60,2661.50,2662.00,2651.00,,2660.78,,,27302,72470536.60,6994,F1,1,,,,,
2026-09-18,2026-09-18,CM,NSE,STK,25162,INE0KCE01017,EUREKAFORB,EQ,,,,,EUREKA FORBES LIMITED,393.40,395.25,383.00,385.30,385.95,391.10,,385.31,,,438600,169228090.75,19601,F1,1,,,,,
2026-09-18,2026-09-18,CM,NSE,STK,6042,INE546V01010,EIFFL,BE,,,,,EURO (I) FRESH FOODS LTD,259.45,262.10,259.45,262.10,262.10,264.70,,262.10,,,7949,2065949.05,23,F1,1,,,,,
2026-09-18,2026-09-18,CM,NSE,STK,757953,INE505V01016,EUROBOND,EQ,,,,,EURO PANEL PRODUCTS LTD,150.00,154.00,147.03,148.05,148.01,148.49,,148.05,,,4198,625244.37,92,F1,1,,,,,
2026-09-18,2026-09-18,CM,NSE,STK,759797,INE198501012,EUROPRATIK,EQ,,,,,EURO PRATIK SALES LIMITED,232.00,235.70,229.10,231.75,231.00,234.85,,231.76,,,211870,49188797.30,4387,F1,1,,,,,
2026-09-18,2026-09-18,CM,NSE,STK,8886,INE022C01012,EUROTEXIND,BE,,,,,EUROTEX IND & EXPORTS LTD,11.74,11.74,11.74,11.74,11.74,11.74,,11.75,,,975,11446.50,2,F1,1,,,,,
2026-09-18,2026-09-18,CM,NSE,STK,11782,INE128A01029,EVEREADY,EQ,,,,,EVEREADY INDS. IND.  LTD.,334.10,341.50,328.50,331.00,331.10,334.10,,331.01,,,178458,59360558.75,4210,F1,1,,,,,
2026-09-18,2026-09-18,CM,NSE,STK,6017,INE295A01018,EVERESTIND,BE,,,,,EVEREST INDUSTRIES LTD,400.00,420.00,395.00,412.50,410.50,400.00,,412.50,,,5429,2217078.85,122,F1,1,,,,,
2026-09-18,2026-09-18,CM,NSE,STK,13091,INE184H01027,EKC,EQ,,,,,EVEREST KANTO CYLINDERLTD,100.10,101.88,99.21,101.07,100.91,101.01,,101.08,,,92899,9336794.44,1766,F1,1,,,,,
2026-09-18,2026-09-18,CM,NSE,STK,11471,INE369A01029,EXCELINDUS,EQ,,,,,EXCEL INDUSTRIES LTD,963.80,979.90,945.10,958.20,961.00,963.80,,958.14,,,12412,11872095.80,1047,F1,1,,,,,
2026-09-18,2026-09-18,CM,NSE,STK,25327,INE0Y4801011,EXCELLENT,ST,,,,,EXCELLENT WIRES N PACK L,195.00,195.00,195.00,195.00,195.00,205.00,,195.00,,,3200,624000.00,2,F1,1600,,,,,
2026-09-18,2026-09-18,CM,NSE,STK,760007,INE606N01019,EXCELSOFT,EQ,,,,,EXCELSOFT TECHNOLOGIES L,80.00,80.19,77.24,78.08,78.45,79.80,,78.09,,,372636,29278771.28,3235,F1,1,,,,,
2026-09-18,2026-09-18,CM,NSE,STK,22947,INE777F01014,EXICOM,EQ,,,,,EXICOM TELE SYSTEMS LTD,160.00,165.20,160.00,163.68,164.25,160.09,,163.68,,,730474,119205674.38,8853,F1,1,,,,,
2026-09-18,2026-09-18,CM,NSE,STK,676,INE302A01020,EXIDEIND,EQ,,,,,EXIDE INDUSTRIES LTD,419.35,444.70,419.35,435.85,433.35,418.60,,435.86,,,5570954,2422763789.90,87157,F1,1,,,,,
2026-09-18,2026-09-18,CM,NSE,STK,760422,INE19I001020,EXIMROUTES,SM,,,,,EXIM ROUTES LIMITED,102.00,106.05,94.05,94.75,94.30,103.00,,94.75,,,12800,1228840.00,15,F1,800,,,,,
2026-09-18,2026-09-18,CM,NSE,STK,17486,INE201K01015,EXPLEOSOL,EQ,,,,,EXPLEO SOLUTIONS LIMITED,898.05,900.90,875.00,881.95,877.65,898.05,,881.91,,,20658,18349125.80,1548,F1,1,,,,,
2026-09-18,2026-09-18,CM,NSE,STK,5352,INE0GFE01026,EXXARO,EQ,,,,,EXXARO TILES LIMITED,6.20,6.39,6.20,6.25,6.25,6.26,,6.25,,,115668,724263.31,345,F1,1,,,,,
2026-09-18,2026-09-18,CM,NSE,STK,760125,INE0HF201011,FABTECH,EQ,,,,,FABTECH TECHNOLOGIES LTD,147.40,148.98,146.92,147.93,148.10,146.92,,147.93,,,41486,6134262.89,492,F1,1,,,,,
2026-09-18,2026-09-18,CM,NSE,STK,1008,INE188A01015,FACT,EQ,,,,,FACT LTD,764.95,767.65,753.05,764.20,764.00,759.80,,764.18,,,66764,50802089.80,4702,F1,1,,,,,
2026-09-18,2026-09-18,CM,NSE,STK,1619,INE0DNW01011,FAIRCHEMOR,BE,,,,,FAIRCHEM ORGANICS LIMITED,624.00,640.00,601.30,634.00,624.85,622.90,,634.04,,,7851,4892280.55,500,F1,1,,,,,
2026-09-18,2026-09-18,CM,NSE,STK,24150,INE0PQK01013,FALCONTECH,SM,,,,,FALCON TECHNOPROJ IND LTD,11.95,13.75,11.70,13.05,13.00,11.50,,13.05,,,13200,162840.00,11,F1,1200,,,,,
2026-09-18,2026-09-18,CM,NSE,STK,765368,INE1Q2D01019,FASCINATE,SM,,,,,FASCINATE TEXTILES LTD,43.70,47.85,43.45,47.85,47.85,45.60,,47.85,,,270400,12647960.00,206,F1,800,,,,,
2026-09-18,2026-09-18,CM,NSE,STK,12000,INE963C01033,FAZE3Q,EQ,,,,,FAZE THREE LIMITED,442.00,448.00,438.00,442.95,439.00,442.15,,442.93,,,11314,5004455.30,678,F1,1,,,,,
2026-09-18,2026-09-18,CM,NSE,STK,11999,INE512B01022,FCSSOFT,EQ,,,,,FCS SOFTWARE SOLN. LTD.,1.42,1.43,1.41,1.41,1.41,1.42,,1.41,,,856983,1212826.31,899,F1,1,,,,,
2026-09-18,2026-09-18,CM,NSE,STK,4898,INE258B01022,FDC,EQ,,,,,FDC LIMITED,353.15,354.15,347.70,352.50,354.15,352.15,,352.51,,,115044,40395802.90,3947,F1,1,,,,,
2026-09-18,2026-09-18,CM,NSE,STK,20322,INE007N01010,FEDFINA,EQ,,,,,FEDBANK FINANCIAL SER L,152.27,156.00,151.82,155.25,155.00,152.27,,155.25,,,792266,122157687.19,13741,F1,1,,,,,
2026-09-18,2026-09-18,CM,NSE,STK,762675,INE417D01020,FEDDERSHOL,EQ,,,,,FEDDERS HOLDING LTD.,52.80,53.39,52.70,52.90,52.70,52.29,,52.90,,,4766815,252698317.84,19372,F1,1,,,,,
2026-09-18,2026-09-18,CM,NSE,STK,1023,INE171A01029,FEDERALBNK,EQ,,,,,FEDERAL BANK LTD,332.80,335.40,325.40,332.75,332.75,332.75,,332.75,,,14568034,4813960296.30,130568,F1,1,,,,,
2026-09-18,2026-09-18,CM,NSE,STK,1190,INE529A01010,FMGOETZE,EQ,,,,,FEDERAL-MOGUL GOETZE (IND,447.50,455.00,444.45,446.15,444.60,447.50,,446.18,,,117700,52895498.35,4058,F1,1,,,,,
2026-09-18,2026-09-18,CM,NSE,STK,573,INE901X01013,FELIX,SM,,,,,FELIX INDUSTRIES LTD.,203.50,207.75,201.00,206.15,207.50,203.95,,206.15,,,21500,4384775.00,40,F1,500,,,,,
2026-09-18,2026-09-18,CM,NSE,STK,762680,INE225B01021,FERMENTA,EQ,,,,,FERMENTA BIOTECH LTD.,465.70,478.90,465.70,474.15,473.50,465.70,,474.23,,,26096,12314071.35,1441,F1,1,,,,,
2026-09-18,2026-09-18,CM,NSE,STK,8159,INE296C01020,FIBERWEB,EQ,,,,,FIBERWEB INDIA LIMITED,26.49,26.57,25.80,26.10,26.45,26.40,,26.09,,,9330,243788.21,148,F1,1,,,,,
2026-09-18,2026-09-18,CM,NSE,STK,9858,INE0LQQ01019,FIDEL,SM,,,,,FIDEL SOFTECH LIMITED,155.85,165.30,155.85,161.55,163.00,157.40,,161.55,,,39000,6270350.00,35,F1,1000,,,,,
2026-09-18,2026-09-18,CM,NSE,STK,13710,INE737H01014,FIEMIND,EQ,,,,,FIEM INDUSTRIES LIMITED,1907.00,1963.90,1907.00,1937.30,1931.00,1900.90,,1937.31,,,71600,139213484.50,10107,F1,1,,,,,
2026-09-18,2026-09-18,CM,NSE,STK,23647,INE185E01021,FILATFASH,EQ,,,,,FILATEX FASHIONS LIMITED,0.19,0.19,0.17,0.17,0.18,0.18,,0.17,,,16682906,3013503.16,2044,F1,1,,,,,
2026-09-18,2026-09-18,CM,NSE,STK,24532,INE816B01035,FILATEX,EQ,,,,,FILATEX INDIA LTD,90.32,94.50,87.73,93.83,93.42,90.35,,93.85,,,6299414,579753932.68,40939,F1,1,,,,,
2026-09-18,2026-09-18,CM,NSE,STK,759776,INE0EDU01014,FINBUD,SM,,,,,FINBUD FINANCIAL SERV LTD,124.85,125.00,122.10,122.30,122.20,124.90,,122.30,,,15000,1851550.00,14,F1,1000,,,,,
2026-09-18,2026-09-18,CM,NSE,STK,3744,INE686Y01026,FINEORG,EQ,,,,,FINE ORGANIC IND. LTD.,5219.50,5271.00,5160.00,5199.00,5175.00,5202.00,,5199.02,,,45907,238864083.50,10012,F1,1,,,,,
2026-09-18,2026-09-18,CM,NSE,STK,6198,INE045J01034,FCL,EQ,,,,,FINEOTEX CHEMICAL LIMITED,53.31,57.75,52.90,57.02,57.18,52.99,,57.02,,,26160940,1456098995.77,78801,F1,1,,,,,
2026-09-18,2026-09-18,CM,NSE,STK,759239,INE734I01027,FINKURVE,EQ,,,,,FINKURVE FINANCIAL SERV L,74.93,76.90,72.14,73.10,72.88,75.05,,73.10,,,35407,2607781.61,609,F1,1,,,,,
2026-09-18,2026-09-18,CM,NSE,STK,6579,INE02NC01014,FINOPB,EQ,,,,,FINO PAYMENTS BANK LTD,135.87,137.70,135.00,135.48,135.10,136.43,,135.50,,,82685,11244878.09,1519,F1,1,,,,,
2026-09-18,2026-09-18,CM,NSE,STK,1038,INE235A01022,FINCABLES,EQ,,,,,FINOLEX CABLES LTD,1399.00,1434.70,1390.20,1411.20,1413.90,1395.80,,1411.19,,,1061919,1499017072.80,53814,F1,1,,,,,
2026-09-18,2026-09-18,CM,NSE,STK,1041,INE183A01024,FINPIPE,EQ,,,,,FINOLEX INDUSTRIES LTD,154.00,156.00,153.03,154.63,154.00,154.43,,154.63,,,484153,74901053.52,13954,F1,1,,,,,
2026-09-18,2026-09-18,CM,NSE,STK,14304,INE684F01012,FSL,EQ,,,,,FIRSTSOURCE SOLU. LTD.,272.00,275.50,269.40,273.45,272.00,273.10,,273.46,,,1243136,339817778.25,24556,F1,1,,,,,
2026-09-18,2026-09-18,CM,NSE,STK,757658,INE771F01041,FISCHER,EQ,,,,,FISCHER MEDICAL VENTURE L,33.31,33.76,32.71,33.15,33.41,33.30,,33.15,,,361136,11960669.57,2290,F1,1,,,,,
2026-09-18,2026-09-18,CM,NSE,STK,12032,INE128S01021,FIVESTAR,EQ,,,,,FIVE-STAR BUS FIN LTD,527.50,545.90,524.00,538.45,534.70,530.95,,538.50,,,741259,396026802.90,34441,F1,1,,,,,
2026-09-18,2026-09-18,CM,NSE,STK,20372,INE00Y201027,FLAIR,EQ,,,,,FLAIR WRITING INDUST LTD,239.99,240.00,232.20,235.23,235.90,237.13,,235.22,,,44067,10375992.16,1451,F1,1,,,,,
2026-09-18,2026-09-18,CM,NSE,STK,25516,INE060J01017,FLEXITUFF,BE,,,,,FLEXITUFF VENTURES INT L,2.58,2.58,2.58,2.58,2.58,2.46,,2.59,,,3818,9850.44,12,F1,1,,,,,
2026-09-18,2026-09-18,CM,NSE,STK,758208,INE0VCK01011,FLYSBS,SM,,,,,FLYSBS AVIATION LIMITED,666.60,685.00,663.00,670.40,668.00,651.30,,670.40,,,53800,36311400.00,227,F1,200,,,,,
2026-09-18,2026-09-18,CM,NSE,STK,760331,INE0SQZ01015,FWSTC,SM,,,,,FLYWINGS SIMULAT T C LTD,160.95,169.50,154.00,161.45,161.80,152.40,,161.45,,,63600,10280250.00,75,F1,600,,,,,
2026-09-18,2026-09-18,CM,NSE,STK,6839,INE593W01028,FOCUS,BE,,,,,FOCUS LIGHTG & FIXTRS LTD,59.60,61.72,58.61,60.64,61.00,59.31,,60.64,,,33288,2002854.05,170,F1,1,,,,,
2026-09-18,2026-09-18,CM,NSE,STK,22517,INE0Q4701019,FONEBOX,SM,,,,,FONEBOX RETAIL LIMITED,132.20,132.20,132.00,132.20,132.20,125.95,,132.20,,,33000,4362350.00,26,F1,1000,,,,,
2026-09-18,2026-09-18,CM,NSE,STK,6673,INE976E01023,FOODSIN,EQ,,,,,FOODS & INNS LIMITED,53.55,55.29,53.12,54.57,54.45,54.79,,54.57,,,62580,3388366.92,839,F1,1,,,,,
2026-09-18,2026-09-18,CM,NSE,STK,24917,INE0U2501017,FORCAS,ST,,,,,FORCAS STUDIO LIMITED,218.50,218.50,205.00,213.95,213.95,209.30,,213.95,,,9600,2017520.00,5,F1,1600,,,,,
2026-09-18,2026-09-18,CM,NSE,STK,11573,INE451A01017,FORCEMOT,EQ,,,,,FORCE MOTORS LIMITED,17622.00,17882.00,17488.00,17488.00,17488.00,17650.00,,17488.37,,,63130,1118962342.00,15422,F1,1,,,,,
2026-09-18,2026-09-18,CM,NSE,STK,25664,INE0YKW01013,FORGEAUTO,SM,,,,,FORGE AUTO INTERNATION L,100.00,100.00,95.65,99.95,100.00,100.00,,99.95,,,8400,834720.00,6,F1,1200,,,,,
2026-09-18,2026-09-18,CM,NSE,STK,14592,INE061F01013,FORTIS,EQ,,,,,FORTIS HEALTHCARE LTD,884.70,899.70,884.70,886.00,886.00,886.10,,885.97,,,1928099,1720131096.20,32005,F1,1,,,,,
2026-09-18,2026-09-18,CM,NSE,STK,1073,INE519A01011,FOSECOIND,EQ,,,,,FOSECO INDIA LTD,6787.50,6974.50,6622.50,6677.50,6725.00,6765.50,,6677.43,,,44756,303071493.50,12932,F1,1,,,,,
2026-09-18,2026-09-18,CM,NSE,STK,760961,INE212S01015,FRACTAL,EQ,,,,,FRACTAL ANALYTICS LIMITED,755.00,768.00,744.90,764.35,763.90,750.75,,764.37,,,203930,154626965.10,15306,F1,1,,,,,
2026-09-18,2026-09-18,CM,NSE,STK,764683,INE194R01017,FREDUN,EQ,,,,,FREDUN PHARMACEUTICALS L,1300.20,1324.00,1288.10,1303.50,1304.90,1278.20,,1303.97,,,65181,85033694.30,4708,F1,1,,,,,
2026-09-18,2026-09-18,CM,NSE,STK,25871,INE0SFW01015,FRESHARA,ST,,,,,FRESHARA AGRO EXPORTS LTD,448.40,452.00,437.20,450.95,450.95,443.95,,450.95,,,10800,4806480.00,17,F1,600,,,,,
2026-09-18,2026-09-18,CM,NSE,STK,11501,INE385O01018,FROG,SM,,,,,FROG INNOVATIONS LIMITED,303.00,303.00,268.00,281.70,280.00,299.40,,281.70,,,35600,10008400.00,69,F1,400,,,,,
2026-09-18,2026-09-18,CM,NSE,STK,762685,INE572D01014,FRONTSP,EQ,,,,,FRONTIER SPRINGS LTD.,1199.00,1226.90,1178.00,1198.40,1204.00,1197.40,,1199.00,,,15604,18717873.40,1931,F1,1,,,,,
2026-09-18,2026-09-18,CM,NSE,STK,6545,INE388Y01029,NYKAA,EQ,,,,,FSN E COMMERCE VENTURES,324.15,332.15,322.70,332.15,332.15,323.75,,332.14,,,4424240,1443104619.90,79300,F1,1,,,,,
2026-09-18,2026-09-18,CM,NSE,STK,759876,INE12UR01024,UTLSOLAR,EQ,,,,,FUJIYAMA POWER SYSTEMS L,413.00,422.00,412.60,418.65,418.00,408.95,,418.84,,,120238,50036969.55,6289,F1,1,,,,,
2026-09-18,2026-09-18,CM,NSE,STK,11932,INE139R01012,FUSION,EQ,,,,,FUSION FINANCE LIMITED,184.02,186.02,181.82,185.12,185.00,184.45,,185.13,,,511372,94079421.01,8611,F1,1,,,,,
2026-09-18,2026-09-18,CM,NSE,STK,14868,INE452O01016,FLFL,BZ,,,,,FUT LIFESTYLE FASH LTD,1.08,1.16,1.08,1.15,1.16,1.11,,1.15,,,78664,89747.76,92,F1,1,,,,,
2026-09-18,2026-09-18,CM,NSE,STK,13812,INE623B01027,FEL,BZ,,,,,FUTURE ENTERPRISES LTD,0.36,0.37,0.36,0.36,0.37,0.36,,0.36,,,458221,168266.49,83,F1,1,,,,,
2026-09-18,2026-09-18,CM,NSE,STK,30491,IN9623B01058,FELDVR,BZ,,,,,FUTURE ENTERPRISES LTD,1.96,2.05,1.96,2.05,2.05,1.96,,2.00,,,1748,3482.46,12,F1,1,,,,,
2026-09-18,2026-09-18,CM,NSE,STK,21017,INE360L01017,FMNL,EQ,,,,,FUTURE MKT NETWORKS LTD,8.75,9.35,8.53,9.24,9.34,8.91,,9.24,,,103859,927535.88,298,F1,1,,,,,
2026-09-18,2026-09-18,CM,NSE,STK,1168,INE075D01018,GMBREW,EQ,,,,,G M BREWERIES LTD,937.05,964.95,934.00,953.95,951.00,937.05,,953.92,,,70274,67018834.60,4061,F1,1,,,,,
2026-09-18,2026-09-18,CM,NSE,STK,5054,INE201P01022,GRINFRA,EQ,,,,,G R INFRAPROJECTS LIMITED,823.15,837.80,815.10,825.90,823.40,829.05,,825.84,,,47000,38839717.40,2892,F1,1,,,,,
2026-09-18,2026-09-18,CM,NSE,STK,1129,INE586X01012,GTECJAINX,EQ,,,,,G-TEC JAINX EDUCATION LTD,26.78,28.38,26.00,26.86,26.85,27.33,,26.86,,,8169,225592.87,70,F1,1,,,,,
2026-09-18,2026-09-18,CM,NSE,STK,1085,INE524A01029,GABRIEL,EQ,,,,,GABRIEL INDIA LTD,1290.10,1336.00,1290.00,1321.80,1329.40,1283.70,,1321.78,,,293065,387137469.90,25624,F1,1,,,,,
2026-09-18,2026-09-18,CM,NSE,STK,18018,INE224E01028,GATECH,BE,,,,,GACM TECHNOLOGIES LIMITED,0.73,0.73,0.73,0.73,0.73,0.70,,0.74,,,5680142,4146503.66,1255,F1,1,,,,,
2026-09-18,2026-09-18,CM,NSE,STK,27,INE224E01036,GATECHDVR,BE,,,,,GACM TECHNOLOGIES LIMITED,0.50,0.50,0.48,0.48,0.49,0.48,,0.48,,,334623,163938.04,173,F1,1,,,,,
2026-09-18,2026-09-18,CM,NSE,STK,4717,INE129A01019,GAIL,EQ,,,,,GAIL (INDIA) LTD,172.00,174.65,172.00,173.90,173.90,172.00,,173.89,,,8527161,1479932716.03,65543,F1,1,,,,,
2026-09-18,2026-09-18,CM,NSE,STK,765396,INE18UN01038,GAJA,EQ,,,,,GAJA ALT ASSET MGT LTD,145.84,145.84,142.00,142.50,143.00,145.03,,142.51,,,198526,28393907.35,2969,F1,1,,,,,
2026-09-18,2026-09-18,CM,NSE,STK,25244,INE0QTE01018,GAJANAND,SM,,,,,GAJANAND INTERNATIONAL L,7.80,7.80,7.80,7.80,7.80,7.75,,7.80,,,3000,23400.00,1,F1,3000,,,,,
2026-09-18,2026-09-18,CM,NSE,STK,25134,INE0RE001014,GALAPREC,EQ,,,,,GALA PRECISION ENG LTD,1005.90,1024.90,1001.50,1011.20,1002.00,998.90,,1011.18,,,12068,12220542.80,1394,F1,1,,,,,
2026-09-18,2026-09-18,CM,NSE,STK,1315,INE600K01018,GALAXYSURF,EQ,,,,,GALAXY SURFACTANTS LTD,2271.00,2271.10,2201.00,2215.20,2221.50,2257.00,,2215.03,,,22064,49136806.90,4167,F1,1,,,,,
2026-09-18,2026-09-18,CM,NSE,STK,13337,INE297H01019,GALLANTT,EQ,,,,,GALLANTT ISPAT LIMITED,545.85,553.95,541.00,547.15,545.60,537.70,,547.19,,,73721,40433156.60,5324,F1,1,,,,,
2026-09-18,2026-09-18,CM,NSE,STK,20303,INE717W01049,GANDHAR,EQ,,,,,GANDHAR OIL REFINE IND L,268.20,277.20,268.00,276.20,275.00,269.40,,276.21,,,670870,183492001.65,10761,F1,1,,,,,
2026-09-18,2026-09-18,CM,NSE,STK,14116,INE524B01027,GANDHITUBE,EQ,,,,,GANDHI SPL. TUBES LTD,897.00,904.00,865.00,899.20,895.00,894.00,,899.16,,,7643,6777396.95,496,F1,1,,,,,
2026-09-18,2026-09-18,CM,NSE,STK,5617,INE388A01029,GANESHBE,BE,,,,,GANESH BENZOPLAST LIMITED,126.40,130.89,125.21,126.86,127.10,125.20,,126.86,,,164083,21121391.94,664,F1,1,,,,,
2026-09-18,2026-09-18,CM,NSE,STK,759012,INE652V01016,GANESHCP,EQ,,,,,GANESH CONSUMER PRODUCT L,165.97,171.24,163.51,169.20,169.98,164.47,,169.21,,,98944,16547859.07,2366,F1,1,,,,,
2026-09-18,2026-09-18,CM,NSE,STK,24439,INE0R8C01018,GGBL,SM,,,,,GANESH GREEN BHARAT LTD,206.55,209.50,204.00,205.40,204.70,207.90,,205.40,,,27000,5567130.00,85,F1,300,,,,,
2026-09-18,2026-09-18,CM,NSE,STK,14339,INE460C01014,GANESHHOU,EQ,,,,,GANESH HOUSING LIMITED,758.00,758.00,735.25,741.45,735.25,751.65,,741.39,,,25397,18879500.00,1442,F1,1,,,,,
2026-09-18,2026-09-18,CM,NSE,STK,27351,INE0TVT01024,GANESHIN,ST,,,,,GANESH INFRAWORLD LIMITED,93.05,94.50,93.00,93.10,93.10,92.25,,93.10,,,41600,3895240.00,19,F1,800,,,,,
2026-09-18,2026-09-18,CM,NSE,STK,6944,INE845D01014,GANECOS,EQ,,,,,GANESHA ECOSPHERE LIMITED,992.00,1015.00,982.20,1002.00,1000.00,990.60,,1001.82,,,99501,99548960.40,8802,F1,1,,,,,
2026-09-18,2026-09-18,CM,NSE,STK,757525,INE0ZI101018,GANGABATH,SM,,,,,GANGA BATH FITTINGS LTD,19.80,20.55,19.25,20.55,20.55,20.05,,20.55,,,12000,238950.00,4,F1,3000,,,,,
2026-09-18,2026-09-18,CM,NSE,STK,4957,INE691Z01023,GANGAFORGE,EQ,,,,,GANGA FORGING LIMITED,1.57,1.58,1.55,1.55,1.57,1.57,,1.55,,,1827820,2862408.97,942,F1,1,,,,,
2026-09-18,2026-09-18,CM,NSE,STK,21399,INE335W01016,GANGESSECU,EQ,,,,,GANGES SECURITIES LIMITED,116.79,117.00,114.15,114.15,114.15,113.05,,114.15,,,669,77401.05,19,F1,1,,,,,
2026-09-18,2026-09-18,CM,NSE,STK,5475,INE382Z01011,GRSE,EQ,,,,,GARDEN REACH SHIP&ENG LTD,2349.00,2430.00,2345.00,2411.80,2402.00,2339.80,,2411.76,,,531793,1276389611.90,42232,F1,1,,,,,
2026-09-18,2026-09-18,CM,NSE,STK,25800,INE0JVO01026,GARUDA,EQ,,,,,GARUDA CONSTRUCT N ENG L,175.80,176.84,174.16,175.53,175.30,174.82,,175.54,,,180277,31647275.48,3289,F1,1,,,,,
2026-09-18,2026-09-18,CM,NSE,STK,7982,INE291A01017,GRWRHITECH,EQ,,,,,GARWARE HI-TECH FILMS LTD,6520.00,6761.50,6520.00,6724.50,6757.50,6502.50,,6724.39,,,29770,198878261.50,7578,F1,1,,,,,
2026-09-18,2026-09-18,CM,NSE,STK,1100,INE276A01018,GARFIBRES,EQ,,,,,GARWARE TECH FIBRES LTD,799.70,840.00,791.30,819.00,835.00,799.70,,819.10,,,56698,46114980.05,3341,F1,1,,,,,
2026-09-18,2026-09-18,CM,NSE,STK,8510,INE079J01017,GATEWAY,EQ,,,,,GATEWAY DISTRIPARKS LTD,53.33,53.33,52.65,52.87,52.99,52.75,,52.87,,,660523,34942469.63,3695,F1,1,,,,,
2026-09-18,2026-09-18,CM,NSE,STK,760178,INE0P8B01020,GAUDIUMIVF,EQ,,,,,GAUDIUM IVF N WOMEN H L,118.96,118.96,114.23,116.22,116.15,114.79,,116.20,,,155323,18077642.34,1601,F1,1,,,,,
2026-09-18,2026-09-18,CM,NSE,STK,3693,INE287Z01012,GAYAHWS,EQ,,,,,GAYATRI HIGHWAYS LIMITED,1.87,1.95,1.82,1.90,1.94,1.89,,1.90,,,253808,482358.36,403,F1,1,,,,,
2026-09-18,2026-09-18,CM,NSE,STK,25023,INE336H01023,GAYAPROJ,EQ,,,,,GAYATRI PROJECTS LTD,23.78,24.80,23.57,24.72,24.60,23.62,,24.72,,,1572098,38689811.77,3070,F1,1,,,,,
2026-09-18,2026-09-18,CM,NSE,STK,14052,INE0LVM01018,GRCL,SM,,,,,GAYATRI RUBB AND CHEM LTD,572.50,572.50,572.50,572.50,572.50,572.50,,572.50,,,500,286250.00,1,F1,250,,,,,
2026-09-18,2026-09-18,CM,NSE,STK,7862,INE878A01011,GVPIL,EQ,,,,,GE POWER INDIA LIMITED,631.00,656.10,628.85,656.10,656.10,624.90,,656.79,,,128144,83310866.85,3551,F1,1,,,,,
2026-09-18,2026-09-18,CM,NSE,STK,16783,INE200A01026,GVT&D,EQ,,,,,GE VERNOVA T&D INDIA LTD,4389.80,4433.90,4357.50,4385.00,4385.00,4341.00,,4385.02,,,809572,3552376124.20,54674,F1,1,,,,,
2026-09-18,2026-09-18,CM,NSE,STK,13662,INE916G01016,GEECEE,BE,,,,,GEECEE VENTURES LIMITED,373.00,373.00,360.30,371.85,371.85,370.95,,371.85,,,727,264535.15,21,F1,1,,,,,
2026-09-18,2026-09-18,CM,NSE,STK,17922,INE669X01032,GEEKAYWIRE,EQ,,,,,GEEKAY WIRES LIMITED,34.00,35.00,33.06,33.25,33.36,33.46,,33.25,,,814069,27796408.49,4380,F1,1,,,,,
2026-09-18,2026-09-18,CM,NSE,STK,759461,INE06XZ01023,GEMAROMA,EQ,,,,,GEM AROMATICS LIMITED,152.40,155.30,147.65,149.10,149.26,151.90,,149.10,,,145529,21766742.41,1857,F1,1,,,,,
2026-09-18,2026-09-18,CM,NSE,STK,277,INE481Y01014,GICRE,EQ,,,,,GENERAL INS CORP OF INDIA,340.75,353.25,340.55,351.00,350.20,339.80,,350.98,,,1183930,413000548.45,19599,F1,1,,,,,
2026-09-18,2026-09-18,CM,NSE,STK,2188,INE854S01022,GENCON,EQ,,,,,GENERIC ENG CONS PROJ LTD,39.81,41.50,39.12,40.01,39.52,39.56,,40.01,,,237077,9533763.34,584,F1,1,,,,,
2026-09-18,2026-09-18,CM,NSE,STK,10905,INE727B01026,GENESYS,EQ,,,,,GENESYS INTL CORPN LTD,286.00,296.00,281.25,285.19,285.90,284.42,,285.24,,,496070,143395740.21,10293,F1,1,,,,,
2026-09-18,2026-09-18,CM,NSE,STK,758842,INE06H201014,GENSOL,BZ,,,,,GENSOL ENGINEERING LTD,16.44,17.30,16.44,17.10,17.01,16.69,,17.09,,,30824,524818.62,380,F1,1,,,,,
2026-09-18,2026-09-18,CM,NSE,STK,6600,INE949P01018,GENUSPAPER,EQ,,,,,GENUS P&B LIMITED,11.18,11.45,11.18,11.41,11.45,11.18,,11.40,,,40231,454388.03,197,F1,1,,,,,
2026-09-18,2026-09-18,CM,NSE,STK,11905,INE955D01029,GENUSPOWER,EQ,,,,,GENUS POWER INFRASTRU LTD,305.00,315.65,304.60,310.75,310.40,303.15,,310.74,,,3184194,989679841.95,34829,F1,1,,,,,
2026-09-18,2026-09-18,CM,NSE,STK,31942,INE1W0N01014,GENXAI,SM,,,,,GENXAI ANALYTICS LIMITED,76.00,76.60,76.00,76.50,76.50,75.30,,76.50,,,6000,458520.00,5,F1,1200,,,,,
2026-09-18,2026-09-18,CM,NSE,STK,11896,INE007B01023,GEOJITFSL,EQ,,,,,GEOJIT FINANCIAL SER L,80.12,83.50,79.56,81.99,81.43,80.12,,81.99,,,713593,58690074.41,5414,F1,1,,,,,
2026-09-18,2026-09-18,CM,NSE,STK,1289,INE538A01037,GFLLIMITED,EQ,,,,,GFL LIMITED,56.02,56.98,55.16,56.43,56.60,55.70,,56.43,,,23959,1345088.33,271,F1,1,,,,,
2026-09-18,2026-09-18,CM,NSE,STK,1127,INE539A01019,GHCL,EQ,,,,,GHCL LIMITED,422.00,428.00,418.30,421.70,419.80,420.10,,421.73,,,157583,66510363.05,4930,F1,1,,,,,
2026-09-18,2026-09-18,CM,NSE,STK,16696,INE0PA801013,GHCLTEXTIL,EQ,,,,,GHCL TEXTILES LIMITED,125.40,125.60,122.50,124.51,124.25,124.33,,124.51,,,222126,27530192.38,6704,F1,1,,,,,
2026-09-18,2026-09-18,CM,NSE,STK,1139,INE289B01019,GICHSGFIN,EQ,,,,,GIC HOUSING FINANCE LTD,136.30,141.00,135.62,139.35,139.74,135.97,,139.32,,,89007,12271847.12,1008,F1,1,,,,,
2026-09-18,2026-09-18,CM,NSE,STK,17839,INE047B01011,GILLANDERS,EQ,,,,,GILLANDERS ARBUTHNOT LTD,103.00,106.00,98.60,104.52,106.00,103.87,,104.51,,,1721,178352.28,52,F1,1,,,,,
2026-09-18,2026-09-18,CM,NSE,STK,1576,INE322A01010,GILLETTE,EQ,,,,,GILLETTE INDIA LTD,7340.00,7340.00,7031.50,7073.00,7052.00,7307.00,,7073.18,,,52262,372220832.00,12190,F1,1,,,,,
2026-09-18,2026-09-18,CM,NSE,STK,9294,INE424C01010,GINNIFILA,BE,,,,,GINNIFILAMENTS LTD.,41.70,42.50,41.00,42.35,42.48,41.65,,42.40,,,15490,646245.68,66,F1,1,,,,,
2026-09-18,2026-09-18,CM,NSE,STK,2365,INE614Z01017,GIRIRAJ,SM,,,,,GIRIRAJ CIVIL DEVP LTD,85.00,85.05,77.30,77.30,77.30,81.00,,77.30,,,2250,184450.00,7,F1,250,,,,,
2026-09-18,2026-09-18,CM,NSE,STK,759048,INE1AG301022,GKENERGY,EQ,,,,,GK ENERGY LIMITED,119.92,123.00,118.22,119.77,120.00,118.98,,119.77,,,561130,67299060.15,6120,F1,1,,,,,
2026-09-18,2026-09-18,CM,NSE,STK,764688,INE265D01015,GKB,EQ,,,,,GKB OPHTHALMICS LTD.,62.60,69.89,62.60,67.44,67.60,65.13,,67.44,,,10541,695094.56,59,F1,1,,,,,
2026-09-18,2026-09-18,CM,NSE,STK,17357,INE528A01020,GKWLIMITED,EQ,,,,,GKW LIMITED,1604.90,1604.90,1566.00,1587.10,1598.60,1604.90,,1587.10,,,208,329799.60,30,F1,1,,,,,
2026-09-18,2026-09-18,CM,NSE,STK,1186,INE068V01023,GLAND,EQ,,,,,GLAND PHARMA LIMITED,2907.20,2978.00,2904.00,2961.90,2950.00,2907.80,,2961.90,,,492452,1456289749.30,44319,F1,1,,,,,
2026-09-18,2026-09-18,CM,NSE,STK,766005,INE644Q01039,GLASSWALL,EQ,,,,,GLASS WALL SYSTEM (I) LTD,267.98,304.20,258.35,269.51,273.60,257.82,,269.55,,,73819973,20744894148.35,707345,F1,1,,,,,
2026-09-18,2026-09-18,CM,NSE,STK,1153,INE159A01016,GLAXO,EQ,,,,,GLAXOSMITHKLINE PHARMA LT,2800.00,2900.00,2800.00,2838.80,2899.00,2799.90,,2839.28,,,125265,354763654.60,13872,F1,1,,,,,
2026-09-18,2026-09-18,CM,NSE,STK,7406,INE935A01035,GLENMARK,EQ,,,,,GLENMARK PHARMACEUTICALS,2409.80,2447.40,2396.80,2447.40,2447.40,2416.00,,2447.32,,,545520,1320067761.90,27902,F1,1,,,,,
2026-09-18,2026-09-18,CM,NSE,STK,1415,INE291W01037,GLOBAL,EQ,,,,,GLOBAL EDUCATION LIMITED,127.80,131.00,125.06,130.16,130.50,127.17,,130.16,,,143869,18530909.01,1846,F1,1,,,,,
2026-09-18,2026-09-18,CM,NSE,STK,11956,INE474Q01031,MEDANTA,EQ,,,,,GLOBAL HEALTH LIMITED,1448.70,1520.00,1430.00,1499.40,1507.00,1424.00,,1499.61,,,703445,1046280160.30,87992,F1,1,,,,,
2026-09-18,2026-09-18,CM,NSE,STK,17167,INE0PS501019,GLOBALPET,SM,,,,,GLOBAL PET INDUSTRIES LTD,163.00,163.00,163.00,163.00,163.00,163.00,,163.00,,,750,122250.00,1,F1,750,,,,,
2026-09-18,2026-09-18,CM,NSE,STK,14599,INE0JSX01015,GSLSU,EQ,,,,,GLOBAL SURFACES LIMITED,27.27,28.78,27.27,28.04,28.11,28.17,,28.04,,,24429,682845.32,259,F1,1,,,,,
2026-09-18,2026-09-18,CM,NSE,STK,13735,INE792H01019,GLOBALVECT,EQ,,,,,GLOBAL VEC HELICORP LTD,127.70,132.78,125.00,131.58,131.99,125.52,,131.59,,,6742,869791.83,257,F1,1,,,,,
2026-09-18,2026-09-18,CM,NSE,STK,24932,INE0URU01010,GLOBALE,EQ,,,,,GLOBALE TESSILE LIMITED,10.95,11.85,10.93,11.00,11.00,11.50,,11.00,,,8037,90671.86,31,F1,1,,,,,
2026-09-18,2026-09-18,CM,NSE,STK,758572,INE0V3U01015,GLOBECIVIL,EQ,,,,,GLOBE CIVIL PROJECTS LTD,43.80,43.80,42.00,42.26,42.20,42.46,,42.28,,,21470,906096.58,344,F1,1,,,,,
2026-09-18,2026-09-18,CM,NSE,STK,393,INE581X01021,GLOBE,EQ,,,,,GLOBE ENTERPRISE (I) LTD,1.79,2.10,1.75,2.07,2.04,1.78,,2.07,,,2740470,5353553.18,1072,F1,1,,,,,
2026-09-18,2026-09-18,CM,NSE,STK,761021,INE947T01022,GICL,BE,,,,,GLOBE INTL CARRIERS LTD,25.14,25.14,23.60,24.58,24.00,24.64,,24.58,,,144572,3539101.82,193,F1,1,,,,,
2026-09-18,2026-09-18,CM,NSE,STK,9764,INE00WS01056,GSTL,SM,,,,,GLOBESECURE TECHNO LTD,11.20,11.90,11.20,11.90,11.90,11.45,,11.90,,,3000,34300.00,3,F1,1000,,,,,
2026-09-18,2026-09-18,CM,NSE,STK,17424,INE615I01010,GLOBUSSPR,EQ,,,,,GLOBUS SPIRITS LTD,837.45,841.35,815.30,819.75,817.05,830.75,,819.69,,,68570,56356399.50,3930,F1,1,,,,,
2026-09-18,2026-09-18,CM,NSE,STK,23590,INE350Z01018,GLOSTERLTD,EQ,,,,,GLOSTER LIMITED,578.50,587.00,578.20,586.20,587.00,578.00,,586.09,,,325,189517.60,34,F1,1,,,,,
2026-09-18,2026-09-18,CM,NSE,STK,760116,INE0TQE01026,GLOTTIS,EQ,,,,,GLOTTIS LIMITED,57.71,59.70,57.71,59.48,59.50,58.00,,59.48,,,24282,1437836.11,422,F1,1,,,,,
2026-09-18,2026-09-18,CM,NSE,STK,1570,INE541A01023,GMMPFAUDLR,EQ,,,,,GMM PFAUDLER LIMITED,1370.00,1475.00,1370.00,1467.00,1458.00,1363.40,,1467.11,,,1207844,1744558950.70,77124,F1,1,,,,,
2026-09-18,2026-09-18,CM,NSE,STK,13528,INE776C01039,GMRAIRPORT,EQ,,,,,GMR AIRPORTS LIMITED,95.51,99.30,95.41,99.30,99.30,95.04,,99.29,,,21945461,2141954813.63,61411,F1,1,,,,,
2026-09-18,2026-09-18,CM,NSE,STK,8529,INE0CU601026,GMRP&UI,EQ,,,,,GMR POW AND URBAN INFRA L,92.11,94.88,91.00,92.31,91.80,92.13,,92.30,,,1263129,117084622.36,10354,F1,1,,,,,
2026-09-18,2026-09-18,CM,NSE,STK,18571,INE934S01014,GNA,EQ,,,,,GNA AXLES LIMITED,539.95,588.80,539.95,558.55,560.00,536.55,,558.55,,,2062341,1166429167.90,50701,F1,1,,,,,
2026-09-18,2026-09-18,CM,NSE,STK,757862,INE18JU01028,EBGNG,EQ,,,,,GNG ELECTRONICS LIMITED,668.25,711.25,664.55,703.05,705.20,661.65,,703.03,,,1067215,742306184.30,43981,F1,1,,,,,
2026-09-18,2026-09-18,CM,NSE,STK,23799,INE03JT01014,GODIGIT,EQ,,,,,GO DIGIT GENERAL INS LTD,255.50,255.90,235.80,239.00,236.70,255.50,,239.00,,,3424067,826982883.00,65691,F1,1,,,,,
2026-09-18,2026-09-18,CM,NSE,STK,6964,INE0BJS01011,GOCOLORS,EQ,,,,,GO FASHION INDIA LTD,309.80,310.75,304.10,306.00,308.90,308.10,,305.98,,,44609,13704259.10,1320,F1,1,,,,,
2026-09-18,2026-09-18,CM,NSE,STK,14687,INE426D01013,GOACARBON,EQ,,,,,GOA CARBON LIMITED,387.00,387.00,375.00,377.60,376.10,378.30,,377.66,,,21751,8289892.55,1305,F1,1,,,,,
2026-09-18,2026-09-18,CM,NSE,STK,3963,INE077F01035,GOCLCORP,EQ,,,,,GOCL CORPORATION LIMITED,458.15,461.40,442.15,446.10,448.00,456.15,,446.08,,,522016,235044890.65,18067,F1,1,,,,,
2026-09-18,2026-09-18,CM,NSE,STK,25941,INE497S01012,GODAVARIB,EQ,,,,,GODAVARI BIOREFINERIES L,242.41,243.00,238.55,241.01,242.98,243.31,,241.00,,,80755,19440537.66,2357,F1,1,,,,,
2026-09-18,2026-09-18,CM,NSE,STK,13409,INE177H01039,GPIL,EQ,,,,,GODAWARI POW & ISP LTD,238.39,239.42,232.30,233.47,234.55,238.39,,233.47,,,1620482,380195797.73,16039,F1,1,,,,,
2026-09-18,2026-09-18,CM,NSE,STK,1181,INE260B01028,GODFRYPHLP,EQ,,,,,GODFREY PHILLIPS INDIA LT,1948.00,2018.00,1943.70,2018.00,2018.00,1943.00,,2017.98,,,404029,805384962.10,26408,F1,1,,,,,
2026-09-18,2026-09-18,CM,NSE,STK,144,INE850D01014,GODREJAGRO,EQ,,,,,GODREJ AGROVET LIMITED,656.30,670.00,645.70,661.60,665.20,653.60,,661.58,,,161090,106027403.90,7008,F1,1,,,,,
2026-09-18,2026-09-18,CM,NSE,STK,10099,INE102D01028,GODREJCP,EQ,,,,,GODREJ CONSUMER PRODUCTS,875.30,886.00,870.45,880.00,880.00,873.00,,880.02,,,1410736,1241702262.60,20456,F1,1,,,,,
2026-09-18,2026-09-18,CM,NSE,STK,10925,INE233A01035,GODREJIND,EQ,,,,,GODREJ INDUSTRIES LTD,1127.30,1132.40,1095.10,1107.40,1108.00,1127.30,,1107.40,,,114004,125942864.00,9700,F1,1,,,,,
2026-09-18,2026-09-18,CM,NSE,STK,17875,INE484J01027,GODREJPROP,EQ,,,,,GODREJ PROPERTIES LTD,1686.90,1721.30,1686.60,1691.10,1691.10,1678.20,,1691.10,,,659676,1121483467.50,31213,F1,1,,,,,
2026-09-18,2026-09-18,CM,NSE,STK,765280,IN0020260058,620GS2029,GS,,,,,GOI LOAN   6.20% 2029,99.85,99.85,99.85,99.85,99.85,99.85,,99.85,,,1,99.85,1,F1,1,,,,,
2026-09-18,2026-09-18,CM,NSE,STK,765281,IN0020260066,657GS2033A,GS,,,,,GOI LOAN   6.57% 2033,99.90,100.00,99.90,100.00,100.00,97.60,,100.00,,,3000,299990.00,3,F1,1,,,,,
2026-09-18,2026-09-18,CM,NSE,STK,28530,IN0020240183,675GS2029,GS,,,,,GOI LOAN   6.75% 2029,101.75,101.75,101.75,101.75,101.75,101.20,,101.75,,,99,10073.25,1,F1,1,,,,,
2026-09-18,2026-09-18,CM,NSE,STK,24705,IN0020240100,697GR2034,GS,,,,,GOI LOAN   6.97% 2034,98.00,98.00,98.00,98.00,98.00,98.00,,98.00,,,1,98.00,1,F1,1,,,,,
2026-09-18,2026-09-18,CM,NSE,STK,27170,IN0020240142,709GS2074,GS,,,,,GOI LOAN   7.09% 2074,95.00,95.40,94.50,95.40,95.40,94.53,,95.20,,,6672,634872.15,22,F1,1,,,,,
2026-09-18,2026-09-18,CM,NSE,STK,6695,IN0020210186,574GS2026,GS,,,,,GOI LOAN  5.74% 2026,101.95,101.95,101.95,101.95,101.95,101.95,,101.95,,,1,101.95,1,F1,1,,,,,
2026-09-18,2026-09-18,CM,NSE,STK,1341,IN0020200294,585GS2030,GS,,,,,GOI LOAN  5.85% 2030,97.56,97.56,97.56,97.56,97.56,97.55,,97.56,,,1000000,97560000.00,1,F1,1,,,,,
2026-09-18,2026-09-18,CM,NSE,STK,757983,IN0020250067,601GS2030,GS,,,,,GOI LOAN  6.01% 2030,98.40,98.40,98.40,98.40,98.40,98.40,,98.40,,,100,9840.00,2,F1,1,,,,,
2026-09-18,2026-09-18,CM,NSE,STK,5012,IN0020210095,610GS2031,GS,,,,,GOI LOAN  6.10% 2031,99.99,99.99,99.99,99.99,99.99,99.99,,99.99,,,1,99.99,1,F1,1,,,,,
2026-09-18,2026-09-18,CM,NSE,STK,953,IN0020200245,622GS2035,GS,,,,,GOI LOAN  6.22% 2035,93.43,95.07,93.43,95.07,95.07,94.20,,95.07,,,52,4875.89,4,F1,1,,,,,
2026-09-18,2026-09-18,CM,NSE,STK,761020,IN0020250141,636GS2031,GS,,,,,GOI LOAN  6.36% 2031,98.50,99.30,98.50,99.30,99.30,99.09,,99.30,,,1602,157878.60,5,F1,1,,,,,
2026-09-18,2026-09-18,CM,NSE,STK,759396,IN0020250091,648GS2035,GS,,,,,GOI LOAN  6.48% 2035,97.71,99.50,97.71,99.00,99.00,98.30,,99.00,,,3640,361881.00,4,F1,1,,,,,
2026-09-18,2026-09-18,CM,NSE,STK,765941,IN0020260074,653GS2031,GS,,,,,GOI LOAN  6.53% 2031,97.83,99.00,97.83,99.00,99.00,100.98,,99.00,,,302,29547.00,3,F1,1,,,,,
2026-09-18,2026-09-18,CM,NSE,STK,5577,IN0020210152,667GS2035,GS,,,,,GOI LOAN  6.67% 2035,107.62,107.62,105.00,106.85,106.85,105.00,,106.85,,,1000006,106850640.48,5,F1,1,,,,,
2026-09-18,2026-09-18,CM,NSE,STK,757847,IN0020250042,668GS2040,GS,,,,,GOI LOAN  6.68% 2040,97.00,97.90,94.57,97.90,97.90,96.50,,97.90,,,1498,144524.26,15,F1,1,,,,,
2026-09-18,2026-09-18,CM,NSE,STK,2317,IN0020200401,676GS2061,GS,,,,,GOI LOAN  6.76% 2061,90.00,90.00,89.09,89.15,89.15,89.49,,89.17,,,24608,2193669.55,46,F1,1,,,,,
2026-09-18,2026-09-18,CM,NSE,STK,756014,IN0020250018,690GS2065,GS,,,,,GOI LOAN  6.90% 2065,93.63,93.63,92.91,93.59,93.59,92.70,,93.59,,,236,22068.37,5,F1,1,,,,,
2026-09-18,2026-09-18,CM,NSE,STK,763340,IN0020260025,694GS2036,GS,,,,,GOI LOAN  6.94% 2036,101.00,101.99,101.00,101.99,101.99,101.03,,101.99,,,2040,207923.40,3,F1,1,,,,,
2026-09-18,2026-09-18,CM,NSE,STK,6817,IN0020210202,695GS2061,GS,,,,,GOI LOAN  6.95% 2061,93.00,93.00,92.00,92.00,92.00,92.90,,92.00,,,1627,151212.55,8,F1,1,,,,,
2026-09-18,2026-09-18,CM,NSE,STK,6696,IN0020210194,699GS2051,GS,,,,,GOI LOAN  6.99% 2051,96.00,96.00,95.85,95.85,95.85,95.90,,95.85,,,13,1246.75,6,F1,1,,,,,
2026-09-18,2026-09-18,CM,NSE,STK,23854,IN0020240043,702GS2027,GS,,,,,GOI LOAN  7.02% 2027,102.50,102.50,102.50,102.50,102.50,102.23,,102.50,,,1,102.50,1,F1,1,,,,,
2026-09-18,2026-09-18,CM,NSE,STK,24072,IN0020240076,702GS2031,GS,,,,,GOI LOAN  7.02% 2031,103.65,103.65,103.65,103.65,103.65,103.64,,103.65,,,1000,103650.00,1,F1,1,,,,,
2026-09-18,2026-09-18,CM,NSE,STK,23919,IN0020240050,704GS2029,GS,,,,,GOI LOAN  7.04% 2029,102.90,103.49,102.23,103.47,103.49,102.57,,103.47,,,6900,712156.00,4,F1,1,,,,,
2026-09-18,2026-09-18,CM,NSE,STK,14970,IN0020230010,706GS2028,GS,,,,,GOI LOAN  7.06% 2028,108.05,108.05,103.41,103.41,103.41,104.10,,103.41,,,101,10449.05,2,F1,1,,,,,
2026-09-18,2026-09-18,CM,NSE,STK,764295,IN0020260041,706GS2041,GS,,,,,GOI LOAN  7.06% 2041,101.45,101.45,100.85,100.85,100.85,101.95,,100.85,,,5,506.05,4,F1,1,,,,,
2026-09-18,2026-09-18,CM,NSE,STK,24949,IN0020240118,709GS2054,GS,,,,,GOI LOAN  7.09% 2054,96.00,96.00,94.00,95.38,95.38,94.70,,95.38,,,16267,1535372.29,13,F1,1,,,,,
2026-09-18,2026-09-18,CM,NSE,STK,23463,IN0020240019,71GS2034,GS,,,,,GOI LOAN  7.1% 2034,104.60,104.60,103.00,104.47,104.47,102.89,,104.47,,,10103,1050811.62,7,F1,1,,,,,
2026-09-18,2026-09-18,CM,NSE,STK,15050,IN0020230036,717GS2030,GS,,,,,GOI LOAN  7.17% 2030,104.80,104.80,104.30,104.80,104.80,104.79,,104.80,,,45270,4739648.50,9,F1,1,,,,,
2026-09-18,2026-09-18,CM,NSE,STK,18025,IN0020230085,718GS2033,GS,,,,,GOI LOAN  7.18% 2033,102.00,103.00,101.60,102.95,103.00,102.00,,102.95,,,55902,5708639.00,45,F1,1,,,,,
2026-09-18,2026-09-18,CM,NSE,STK,17398,IN0020230077,718GS2037,GS,,,,,GOI LOAN  7.18% 2037,102.50,103.47,102.00,102.39,102.39,102.00,,102.32,,,29704,3041780.87,12,F1,1,,,,,
2026-09-18,2026-09-18,CM,NSE,STK,758674,IN0020250075,724GS2055,GS,,,,,GOI LOAN  7.24% 2055,96.97,96.97,96.60,96.60,96.60,96.55,,96.80,,,4575,443617.00,5,F1,1,,,,,
2026-09-18,2026-09-18,CM,NSE,STK,16733,IN0020230044,725GS2063,GS,,,,,GOI LOAN  7.25% 2063,96.50,96.80,96.26,96.50,96.50,96.49,,96.64,,,8866,855095.04,18,F1,1,,,,,
2026-09-18,2026-09-18,CM,NSE,STK,10722,IN0020220060,726GS2032,GS,,,,,GOI LOAN  7.26% 2032,103.40,103.40,103.40,103.40,103.40,101.80,,103.40,,,100,10340.00,1,F1,1,,,,,
2026-09-18,2026-09-18,CM,NSE,STK,14051,IN0020220151,726GS2033,GS,,,,,GOI LOAN  7.26% 2033,101.48,102.00,101.48,102.00,102.00,102.50,,102.00,,,1048,106883.52,4,F1,1,,,,,
2026-09-18,2026-09-18,CM,NSE,STK,16865,IN0020230051,73GS2053,GS,,,,,GOI LOAN  7.3% 2053,98.00,98.60,98.00,98.55,98.50,98.00,,98.55,,,194888,19123808.00,81,F1,1,,,,,
2026-09-18,2026-09-18,CM,NSE,STK,20136,IN0020230135,732GS2030,GS,,,,,GOI LOAN  7.32% 2030,103.55,104.00,103.55,104.00,104.00,103.61,,104.00,,,2100,218355.00,3,F1,1,,,,,
2026-09-18,2026-09-18,CM,NSE,STK,23558,IN0020240035,734GS2064,GS,,,,,GOI LOAN  7.34% 2064,98.90,98.90,98.40,98.84,98.87,98.48,,98.84,,,24664,2436368.31,45,F1,1,,,,,
2026-09-18,2026-09-18,CM,NSE,STK,10931,IN0020220086,736GS2052,GS,,,,,GOI LOAN  7.36% 2052,98.75,98.75,96.00,98.69,98.69,99.25,,98.69,,,6086,598981.10,24,F1,1,,,,,
2026-09-18,2026-09-18,CM,NSE,STK,19566,IN0020230101,737GS2028,GS,,,,,GOI LOAN  7.37% 2028,104.30,104.30,104.30,104.30,104.30,104.01,,104.30,,,100,10430.00,1,F1,1,,,,,
2026-09-18,2026-09-18,CM,NSE,STK,10981,IN0020220094,74GS2062,GS,,,,,GOI LOAN  7.4% 2062,99.00,101.50,98.00,98.21,98.40,101.99,,98.21,,,2823,278882.50,11,F1,1,,,,,
2026-09-18,2026-09-18,CM,NSE,STK,13194,IN0020220102,741GS2036,GS,,,,,GOI LOAN  7.41% 2036,104.49,104.49,104.49,104.49,104.49,104.10,,104.45,,,100,10449.00,1,F1,1,,,,,
2026-09-18,2026-09-18,CM,NSE,STK,760649,IN0020250117,743GS2076,GS,,,,,GOI LOAN  7.43% 2076,98.90,99.24,98.60,99.20,99.20,98.45,,99.20,,,23389,2318831.99,31,F1,1,,,,,
2026-09-18,2026-09-18,CM,NSE,STK,19808,IN0020230127,746GS2073,GS,,,,,GOI LOAN  7.46% 2073,102.50,102.50,101.34,101.34,101.34,101.99,,101.34,,,3,305.33,3,F1,1,,,,,
2026-09-18,2026-09-18,CM,NSE,STK,763146,IN0020260017,750GS2056,GS,,,,,GOI LOAN  7.50% 2056,102.50,102.95,102.50,102.95,102.95,102.95,,102.95,,,101,10352.95,2,F1,1,,,,,
2026-09-18,2026-09-18,CM,NSE,STK,9585,IN0020220029,754GS2036,GS,,,,,GOI LOAN  7.54% 2036,105.01,105.61,105.01,105.53,105.55,105.30,,105.53,,,305760,32241999.64,121,F1,1,,,,,
2026-09-18,2026-09-18,CM,NSE,STK,766043,IN0020260082,763GS2056,GS,,,,,GOI LOAN  7.63% 2056,99.15,100.50,99.15,100.40,100.40,100.15,,100.40,,,3109,311625.20,11,F1,1,,,,,
2026-09-18,2026-09-18,CM,NSE,STK,763489,IN0020260033,771GS2066,GS,,,,,GOI LOAN  7.71% 2066,103.00,103.50,102.50,103.49,103.49,103.50,,103.49,,,15969,1652212.50,20,F1,1,,,,,
2026-09-18,2026-09-18,CM,NSE,STK,22292,IN0020200153,577GS2030,GS,,,,,GOI LOAN 5.77% 2030,96.50,96.50,96.50,96.50,96.50,96.94,,96.50,,,100,9650.00,2,F1,1,,,,,
2026-09-18,2026-09-18,CM,NSE,STK,18561,IN0020200054,716GS2050,GS,,,,,GOI LOAN 7.16% 2050,102.34,102.34,98.76,99.70,98.76,101.23,,99.70,,,5000,498507.40,6,F1,1,,,,,
2026-09-18,2026-09-18,CM,NSE,STK,9913,IN0020220037,738GS2027,GS,,,,,GOI LOAN 7.38% 2027,102.41,102.80,102.41,102.53,102.77,102.40,,102.53,,,28707,2942302.53,14,F1,1,,,,,
2026-09-18,2026-09-18,CM,NSE,STK,6874,IN0020050012,74GS2035,GS,,,,,GOI LOAN 7.40% 2035,101.01,102.50,101.00,102.50,102.50,103.40,,102.50,,,1300,132280.00,4,F1,1,,,,,
2026-09-18,2026-09-18,CM,NSE,STK,9538,IN0020190024,762GS2039,GS,,,,,GOI LOAN 7.62% 2039,101.90,102.00,101.90,102.00,102.00,107.25,,102.00,,,100,10195.00,2,F1,1,,,,,
2026-09-18,2026-09-18,CM,NSE,STK,7136,IN0020150077,772GS2055,GS,,,,,GOI LOAN 7.72% 2055,102.31,103.50,102.31,103.50,103.50,102.50,,103.50,,,822,84587.91,2,F1,1,,,,,
2026-09-18,2026-09-18,CM,NSE,STK,6835,IN0020020106,795GS2032,GS,,,,,GOI LOAN 7.95% 2032,107.80,107.80,107.80,107.80,107.80,105.45,,107.80,,,2,215.60,2,F1,1,,,,,
2026-09-18,2026-09-18,CM,NSE,STK,7106,IN0020140052,824GS2033,GS,,,,,GOI LOAN 8.24% 2033,110.35,110.35,110.35,110.35,110.35,111.35,,110.35,,,1,110.35,1,F1,1,,,,,
2026-09-18,2026-09-18,CM,NSE,STK,6884,IN0020060078,824GS2027,GS,,,,,GOI LOAN 8.24%2027,102.00,102.00,101.60,101.70,101.70,101.70,,101.70,,,3658,371754.80,4,F1,1,,,,,
2026-09-18,2026-09-18,CM,NSE,STK,6981,IN0020100031,83GS2040,GS,,,,,GOI LOAN 8.30% 2040,109.50,110.25,108.93,109.75,109.75,110.84,,109.75,,,1490,163213.27,8,F1,1,,,,,
2026-09-18,2026-09-18,CM,NSE,STK,7013,IN0020110063,883GS2041,GS,,,,,GOI LOAN 8.83% 2041,111.20,111.20,111.20,111.20,111.20,115.25,,111.20,,,111,12343.20,1,F1,1,,,,,
2026-09-18,2026-09-18,CM,NSE,STK,7011,IN0020110055,897GS2030,GS,,,,,GOI LOAN 8.97% 2030,113.00,113.00,113.00,113.00,113.00,111.60,,113.00,,,1,113.00,1,F1,1,,,,,
2026-09-18,2026-09-18,CM,NSE,STK,7039,IN0020130053,92GS2030,GS,,,,,GOI LOAN 9.20% 2030,113.99,114.50,113.21,114.25,114.25,114.00,,114.63,,,14818,1692756.27,21,F1,1,,,,,
2026-09-18,2026-09-18,CM,NSE,STK,764048,IN002026Y147,182D070127,TB,,,,,GOI TBILL 182D-07/01/27,98.50,98.50,98.50,98.50,98.50,97.90,,98.50,,,100,9850.00,1,F1,100,,,,,
2026-09-18,2026-09-18,CM,NSE,STK,764512,IN002026Z193,364D120827,TB,,,,,GOI TBILL 364D-12/08/27,94.63,94.63,94.63,94.63,94.63,94.63,,94.63,,,100,9463.00,1,F1,100,,,,,
2026-09-18,2026-09-18,CM,NSE,STK,763781,IN002026X131,91D011026,TB,,,,,GOI TBILL 91D-01/10/26,99.80,99.84,99.80,99.84,99.84,99.80,,99.84,,,21500,2146060.00,8,F1,100,,,,,
2026-09-18,2026-09-18,CM,NSE,STK,765550,IN002026X222,91D031226,TB,,,,,GOI TBILL 91D-03/12/26,98.45,99.50,98.45,98.50,98.50,98.85,,98.50,,,500,49338.00,5,F1,100,,,,,
2026-09-18,2026-09-18,CM,NSE,STK,764152,IN002026X156,91D151026,TB,,,,,GOI TBILL 91D-15/10/26,99.50,99.50,99.50,99.50,99.50,99.50,,99.50,,,500,49750.00,5,F1,100,,,,,
2026-09-18,2026-09-18,CM,NSE,STK,765324,IN002026X206,91D191126,TB,,,,,GOI TBILL 91D-19/11/26,98.90,98.90,98.90,98.90,98.90,98.92,,98.90,,,2300,227470.00,1,F1,100,,,,,
2026-09-18,2026-09-18,CM,NSE,STK,11778,INE887G01027,GOKEX,EQ,,,,,GOKALDAS EXPORTS LTD.,732.10,743.90,723.10,727.75,728.00,727.55,,727.73,,,166162,121481653.80,10230,F1,1,,,,,
2026-09-18,2026-09-18,CM,NSE,STK,14480,INE314T01033,GOKULAGRO,EQ,,,,,GOKUL AGRO RESOURCES LTD,219.00,226.98,219.00,224.24,223.35,218.17,,224.24,,,245236,54584624.82,8186,F1,1,,,,,
2026-09-18,2026-09-18,CM,NSE,STK,16705,INE020J01029,GOKUL,EQ,,,,,GOKUL REFOILS & SOLV LTD,40.48,40.90,39.69,40.43,40.00,39.74,,40.43,,,137161,5490526.34,550,F1,1,,,,,
2026-09-18,2026-09-18,CM,NSE,STK,11619,INE973A01010,GOLDENTOBC,BZ,,,,,GOLDEN TOBACCO LIMITED,24.00,24.99,24.00,24.61,24.61,24.07,,24.61,,,982,24045.00,50,F1,1,,,,,
2026-09-18,2026-09-18,CM,NSE,STK,11971,INE025B01025,GOLDIAM,EQ,,,,,GOLDIAM INTERNATIONAL LTD,325.90,329.20,322.10,326.75,326.70,325.60,,326.75,,,282706,92075326.45,6488,F1,1,,,,,
2026-09-18,2026-09-18,CM,NSE,STK,1,INE405Y01021,GOLDSTAR,SM,,,,,GOLDSTAR POWER LIMITED,9.20,9.45,9.15,9.15,9.15,9.00,,9.15,,,438750,4138875.00,17,F1,11250,,,,,
2026-09-18,2026-09-18,CM,NSE,STK,6125,INE127I01024,GOODLUCK,EQ,,,,,GOODLUCK INDIA LIMITED,509.90,523.50,509.90,517.25,517.00,509.75,,517.24,,,363708,188724348.30,10306,F1,1,,,,,
2026-09-18,2026-09-18,CM,NSE,STK,1205,INE533A01012,GOODYEAR,EQ,,,,,GOODYEAR INDIA LIMITED,704.60,716.55,702.00,704.85,706.50,706.15,,704.89,,,5290,3735608.90,602,F1,1,,,,,
2026-09-18,2026-09-18,CM,NSE,STK,23066,INE0L9R01028,GOPAL,EQ,,,,,GOPAL SNACKS LIMITED,252.25,257.40,248.25,256.75,257.40,252.25,,256.74,,,121271,30546695.25,3528,F1,1,,,,,
2026-09-18,2026-09-18,CM,NSE,STK,11787,INE705X01026,GOYALALUM,EQ,,,,,GOYAL ALUMINIUMS LIMITED,5.85,5.99,5.30,5.77,5.80,5.90,,5.77,,,189846,1076493.97,1082,F1,1,,,,,
2026-09-18,2026-09-18,CM,NSE,STK,19356,INE0QFE01017,GOYALSALT,SM,,,,,GOYAL SALT LIMITED,102.00,102.00,100.05,100.05,100.05,103.00,,100.05,,,4800,482130.00,8,F1,600,,,,,
2026-09-18,2026-09-18,CM,NSE,STK,24108,INE0S7E01015,GPECO,SM,,,,,GP ECO SOLUTIONS INDIA L,400.15,408.00,394.00,396.65,399.00,400.15,,396.65,,,8200,3283850.00,36,F1,200,,,,,
2026-09-18,2026-09-18,CM,NSE,STK,11584,INE586G01017,GULFPETRO,BE,,,,,GP PETROLEUMS LIMITED,60.60,64.00,60.15,61.89,62.50,61.77,,61.90,,,62023,3846670.05,348,F1,1,,,,,
2026-09-18,2026-09-18,CM,NSE,STK,22846,INE486R01017,GPTHEALTH,EQ,,,,,GPT HEALTHCARE LIMITED,164.30,170.40,163.61,166.21,165.10,163.61,,166.20,,,319398,53549327.96,8351,F1,1,,,,,
2026-09-18,2026-09-18,CM,NSE,STK,17685,INE390G01014,GPTINFRA,EQ,,,,,GPT INFRAPROJECTS LTD,119.17,123.32,116.35,118.96,119.20,113.56,,118.96,,,3008060,360210246.94,21726,F1,1,,,,,
2026-09-18,2026-09-18,CM,NSE,STK,763301,INE361K01017,GRADIENTE,BE,,,,,GRADIENTE INFOTAINMENT L,2.36,2.40,2.25,2.38,2.38,2.36,,2.38,,,414891,955670.19,309,F1,1,,,,,
2026-09-18,2026-09-18,CM,NSE,STK,30289,INE12E301017,GCHOTELS,ST,,,,,GRAND CONTINENT HOTELS L,113.40,115.05,113.00,115.05,115.05,109.60,,115.05,,,35400,4062960.00,33,F1,600,,,,,
2026-09-18,2026-09-18,CM,NSE,STK,11079,INE534A01028,GFSTEELS,BE,,,,,GRAND FOUNDRY LTD,25.44,25.44,25.44,25.44,25.44,24.23,,24.02,,,4818,122569.92,24,F1,1,,,,,
2026-09-18,2026-09-18,CM,NSE,STK,762695,INE926B01016,GRANDOAK,EQ,,,,,GRAND OAK CANYONS DIST L,35.48,35.48,33.55,34.23,34.95,34.07,,34.23,,,2900,99569.85,113,F1,1,,,,,
2026-09-18,2026-09-18,CM,NSE,STK,11872,INE101D01020,GRANULES,EQ,,,,,GRANULES INDIA LIMITED,874.00,890.40,865.90,875.50,870.10,870.40,,875.50,,,1200729,1054166951.10,41555,F1,1,,,,,
2026-09-18,2026-09-18,CM,NSE,STK,592,INE371A01025,GRAPHITE,EQ,,,,,GRAPHITE INDIA LTD,815.00,838.00,810.00,830.85,830.00,814.10,,830.73,,,2312208,1916247994.90,57695,F1,1,,,,,
2026-09-18,2026-09-18,CM,NSE,STK,1232,INE047A01021,GRASIM,EQ,,,,,GRASIM INDUSTRIES LTD,3175.00,3209.20,3174.50,3209.20,3209.20,3173.10,,3209.00,,,682793,2181249956.40,28832,F1,1,,,,,
2026-09-18,2026-09-18,CM,NSE,STK,5200,INE266D01021,GRAUWEIL,EQ,,,,,GRAUER & WEIL IND LTD,83.00,88.53,82.25,86.62,86.70,79.09,,86.61,,,14617872,1269894440.28,89051,F1,1,,,,,
2026-09-18,2026-09-18,CM,NSE,STK,762703,INE214F01026,GRAVISSHO,BE,,,,,GRAVISS HOSPITALITY LTD.,38.25,38.25,38.25,38.25,38.25,40.26,,38.25,,,3609,138044.25,30,F1,1,,,,,
2026-09-18,2026-09-18,CM,NSE,STK,20534,INE024L01027,GRAVITA,EQ,,,,,GRAVITA INDIA LIMITED,1611.60,1636.00,1585.70,1598.40,1604.00,1611.60,,1598.40,,,377745,605889626.40,26438,F1,1,,,,,
2026-09-18,2026-09-18,CM,NSE,STK,1235,INE224A01026,GREAVESCOT,EQ,,,,,GREAVES COTTON LTD.,192.10,200.13,192.10,197.35,197.49,191.72,,197.35,,,1549231,305918015.52,23234,F1,1,,,,,
2026-09-18,2026-09-18,CM,NSE,STK,17092,INE0O7P01015,GREENCHEF,SM,,,,,GREENCHEF APPLIANCES LTD,70.00,74.00,70.00,73.50,74.00,71.70,,73.50,,,22400,1621920.00,25,F1,800,,,,,
2026-09-18,2026-09-18,CM,NSE,STK,6848,INE544R01021,GREENLAM,EQ,,,,,GREENLAM INDUSTRIES LTD.,236.00,238.19,228.96,231.51,232.00,236.73,,231.51,,,75198,17416586.69,2039,F1,1,,,,,
2026-09-18,2026-09-18,CM,NSE,STK,13810,INE08ZM01014,GREENPANEL,EQ,,,,,GREENPANEL INDUSTRIES LTD,158.50,159.90,154.48,157.83,156.33,158.40,,157.81,,,701624,109677963.46,8812,F1,1,,,,,
2026-09-18,2026-09-18,CM,NSE,STK,3987,INE461C01038,GREENPLY,EQ,,,,,GREENPLY INDUSTRIES LTD,291.25,296.95,288.55,292.85,291.00,293.20,,292.84,,,221495,64854450.65,3890,F1,1,,,,,
2026-09-18,2026-09-18,CM,NSE,STK,758986,INE199P01028,GCSL,EQ,,,,,GRETEX CORPORATE SERVICES,588.60,620.50,588.60,618.55,617.20,594.35,,618.55,,,622465,380067079.20,7554,F1,1,,,,,
2026-09-18,2026-09-18,CM,NSE,STK,13560,INE536A01023,GRINDWELL,EQ,,,,,GRINDWELL NORTON LIMITED,1862.00,1914.00,1862.00,1895.60,1910.00,1862.20,,1895.40,,,41705,79031348.80,8004,F1,1,,,,,
2026-09-18,2026-09-18,CM,NSE,STK,10871,INE192H01020,GRMOVER,EQ,,,,,GRM OVERSEAS LIMITED,80.00,82.38,79.76,81.64,81.50,80.13,,81.64,,,1123465,91546858.38,5557,F1,1,,,,,
2026-09-18,2026-09-18,CM,NSE,STK,760971,INE1TY801010,GJL,ST,,,,,GROVER JEWELLS LIMITED,277.50,306.65,277.50,303.40,306.65,292.05,,303.40,,,8800,2649560.00,11,F1,800,,,,,
2026-09-18,2026-09-18,CM,NSE,STK,764285,INF666M01PH7,CEMNTGROWW,EQ,,,,,GROWWAMC - CEMNTGROWW,14.09,14.30,14.01,14.22,14.15,13.99,,14.22,,,45103,639567.74,267,F1,1,,,,,
2026-09-18,2026-09-18,CM,NSE,STK,760051,INF666M01MM4,GROWWCAPM,EQ,,,,,GROWWAMC - GROWWCAPM,11.29,11.29,11.10,11.24,11.26,11.12,,11.24,,,516604,5792577.72,648,F1,1,,,,,
2026-09-18,2026-09-18,CM,NSE,STK,760673,INF666M01NP5,GROWWCHEM,EQ,,,,,GROWWAMC - GROWWCHEM,29.37,29.37,28.76,29.30,29.34,29.06,,29.30,,,29833,872746.37,246,F1,1,,,,,
2026-09-18,2026-09-18,CM,NSE,STK,25758,INF666M01IO8,GROWWDEFNC,EQ,,,,,GROWWAMC - GROWWDEFNC,93.38,94.35,92.31,93.86,94.18,92.31,,93.94,,,167199,15665781.26,2464,F1,1,,,,,
2026-09-18,2026-09-18,CM,NSE,STK,24798,INF666M01IH2,GROWWEV,EQ,,,,,GROWWAMC - GROWWEV,32.18,32.18,31.69,31.94,32.00,31.69,,31.94,,,137774,4384725.77,1388,F1,1,,,,,
2026-09-18,2026-09-18,CM,NSE,STK,25872,INF666M01OE7,GROWWGOLD,EQ,,,,,GROWWAMC - GROWWGOLD,14.81,14.99,14.81,14.94,14.94,14.69,,14.94,,,1882882,28084620.90,2798,F1,1,,,,,
2026-09-18,2026-09-18,CM,NSE,STK,760874,INF666M01OD9,GROWWHOSPI,EQ,,,,,GROWWAMC - GROWWHOSPI,52.22,53.16,52.14,53.01,53.00,52.22,,53.01,,,266394,14088600.97,911,F1,1,,,,,
2026-09-18,2026-09-18,CM,NSE,STK,25447,INF666M01IP5,GROWWLIQID,EQ,,,,,GROWWAMC - GROWWLIQID,110.81,110.82,110.81,110.81,110.82,110.77,,110.81,,,102618,11371333.66,137,F1,1,,,,,
2026-09-18,2026-09-18,CM,NSE,STK,758300,INF666M01LB9,GROWWLOVOL,EQ,,,,,GROWWAMC - GROWWLOVOL,10.08,10.24,10.08,10.12,10.13,10.08,,10.12,,,13538,137007.55,99,F1,1,,,,,
2026-09-18,2026-09-18,CM,NSE,STK,759719,INF666M01MV5,GROWWMC150,EQ,,,,,GROWWAMC - GROWWMC150,226.64,228.98,226.44,228.50,228.50,226.57,,228.50,,,165,37541.85,11,F1,1,,,,,
2026-09-18,2026-09-18,CM,NSE,STK,760438,INF666M01NI0,GROWWMETAL,EQ,,,,,GROWWAMC - GROWWMETAL,12.20,12.44,12.20,12.37,12.38,12.20,,12.37,,,443476,5482985.83,1346,F1,1,,,,,
2026-09-18,2026-09-18,CM,NSE,STK,756086,INF666M01KJ4,GROWWMOM50,EQ,,,,,GROWWAMC - GROWWMOM50,10.80,10.96,10.77,10.88,10.94,10.77,,10.88,,,144864,1573356.82,410,F1,1,,,,,
2026-09-18,2026-09-18,CM,NSE,STK,29872,INF666M01JV1,GROWWN200,EQ,,,,,GROWWAMC - GROWWN200,11.04,11.22,10.91,11.12,11.15,11.04,,11.12,,,14116,156069.49,203,F1,1,,,,,
2026-09-18,2026-09-18,CM,NSE,STK,757814,INF666M01LI4,GROWWNET,EQ,,,,,GROWWAMC - GROWWNET,10.68,11.05,10.68,10.92,11.02,10.73,,10.92,,,446972,4865671.41,598,F1,1,,,,,
2026-09-18,2026-09-18,CM,NSE,STK,758697,INF666M01LL8,GROWWNIFTY,EQ,,,,,GROWWAMC - GROWWNIFTY,9.65,9.65,9.40,9.48,9.53,9.42,,9.48,,,375003,3544158.38,3052,F1,1,,,,,
2026-09-18,2026-09-18,CM,NSE,STK,759458,INF666M01LZ8,GROWWNXT50,EQ,,,,,GROWWAMC - GROWWNXT50,71.46,72.75,71.46,72.64,72.75,71.56,,72.64,,,1327,95840.22,69,F1,1,,,,,
2026-09-18,2026-09-18,CM,NSE,STK,758165,INF666M01LM6,GROWWPOWER,EQ,,,,,GROWWAMC - GROWWPOWER,11.06,11.26,10.98,11.21,11.24,11.07,,11.21,,,1720753,19239069.17,1794,F1,1,,,,,
2026-09-18,2026-09-18,CM,NSE,STK,760976,INF666M01NQ3,GROWWPSE,EQ,,,,,GROWWAMC - GROWWPSE,96.57,98.80,94.60,98.36,98.79,96.57,,98.36,,,2729,265287.17,136,F1,1,,,,,
2026-09-18,2026-09-18,CM,NSE,STK,761514,INF666M01OG2,GROWWPSUBK,EQ,,,,,GROWWAMC - GROWWPSUBK,81.11,84.60,81.11,83.61,84.00,82.61,,83.61,,,12152,1011940.23,120,F1,1,,,,,
2026-09-18,2026-09-18,CM,NSE,STK,29527,INF666M01JJ6,GROWWRAIL,EQ,,,,,GROWWAMC - GROWWRAIL,27.12,27.59,26.95,27.44,27.59,26.99,,27.44,,,641865,17541655.40,2348,F1,1,,,,,
2026-09-18,2026-09-18,CM,NSE,STK,759428,INF666M01MN2,GROWWRLTY,EQ,,,,,GROWWAMC - GROWWRLTY,9.49,9.56,9.39,9.54,9.55,9.39,,9.54,,,2189718,20829243.83,433,F1,1,,,,,
2026-09-18,2026-09-18,CM,NSE,STK,759522,INF666M01MO0,GROWWSC250,EQ,,,,,GROWWAMC - GROWWSC250,10.69,10.69,10.38,10.54,10.58,10.38,,10.54,,,183371,1925056.46,1029,F1,1,,,,,
2026-09-18,2026-09-18,CM,NSE,STK,756827,INF666M01OF4,GROWWSLVR,EQ,,,,,GROWWAMC - GROWWSLVR,22.50,23.06,22.50,22.92,23.00,22.17,,22.92,,,2841992,65012241.99,4083,F1,1,,,,,
2026-09-18,2026-09-18,CM,NSE,STK,763572,INF666M01OT5,PVTBKGROWW,EQ,,,,,GROWWAMC - PVTBKGROWW,27.11,27.70,27.11,27.70,27.70,27.33,,27.70,,,4283,117212.40,55,F1,1,,,,,
2026-09-18,2026-09-18,CM,NSE,STK,751745,INF666M01PG9,SMALLGROWW,EQ,,,,,GROWWAMC - SMALLGROWW,47.10,49.21,47.10,48.51,48.50,48.11,,48.51,,,17667,863335.54,104,F1,1,,,,,
2026-09-18,2026-09-18,CM,NSE,STK,6543,INE137I01015,GRPLTD,EQ,,,,,GRP LIMITED,2018.30,2021.50,1974.20,2008.20,2007.90,1971.90,,2009.99,,,1162,2324263.60,151,F1,1,,,,,
2026-09-18,2026-09-18,CM,NSE,STK,23888,INE0SQY01018,GSMFOILS,SM,,,,,GSM FOILS LIMITED,94.60,94.60,85.60,85.60,85.60,90.10,,85.60,,,539500,49056425.00,668,F1,500,,,,,
2026-09-18,2026-09-18,CM,NSE,STK,762239,INE713R01022,GSPCROP,EQ,,,,,GSP CROP SCIENCE LIMITED,482.00,493.85,479.00,482.10,480.00,484.05,,482.10,,,277176,134293146.20,5230,F1,1,,,,,
2026-09-18,2026-09-18,CM,NSE,STK,15347,INE871H01011,GSS,EQ,,,,,GSS INFOTECH LIMITED,10.28,10.60,10.08,10.37,10.43,10.02,,10.37,,,31000,321049.54,208,F1,1,,,,,
2026-09-18,2026-09-18,CM,NSE,STK,13745,INE221H01019,GTLINFRA,EQ,,,,,GTL INFRA.LTD,1.14,1.17,1.13,1.15,1.16,1.14,,1.15,,,29685116,34131319.57,9732,F1,1,,,,,
2026-09-18,2026-09-18,CM,NSE,STK,1162,INE043A01012,GTL,EQ,,,,,GTL LTD,7.02,7.15,7.02,7.09,7.12,7.06,,7.10,,,57543,406406.73,324,F1,1,,,,,
2026-09-18,2026-09-18,CM,NSE,STK,21195,INE869I01013,GTPL,EQ,,,,,GTPL HATHWAY LIMITED,57.68,57.90,56.80,56.96,56.80,56.62,,56.96,,,73098,4175926.24,938,F1,1,,,,,
2026-09-18,2026-09-18,CM,NSE,STK,11606,INE742B01025,GUFICBIO,EQ,,,,,GUFIC BIOSCIENCES LTD.,422.30,439.90,422.30,436.00,439.90,425.50,,435.98,,,58865,25598439.85,3045,F1,1,,,,,
2026-09-18,2026-09-18,CM,NSE,STK,1145,INE162A01010,GIPCL,EQ,,,,,GUJ IND POW CO. LTD,186.00,189.06,185.26,188.35,188.46,186.12,,188.39,,,253911,47643506.86,5004,F1,1,,,,,
2026-09-18,2026-09-18,CM,NSE,STK,1174,INE113A01013,GNFC,EQ,,,,,GUJ NAR VAL FER & CHEM L,578.85,594.35,574.00,588.90,587.10,584.85,,588.93,,,1359872,796832456.10,32647,F1,1,,,,,
2026-09-18,2026-09-18,CM,NSE,STK,1247,INE026A01025,GSFC,EQ,,,,,GUJ STATE FERT & CHEM LTD,153.05,153.72,150.35,151.92,152.44,152.27,,151.92,,,1280620,194315622.19,10337,F1,1,,,,,
2026-09-18,2026-09-18,CM,NSE,STK,14677,INE826C01016,GUJAPOLLO,EQ,,,,,GUJ. APOLLO IND. LTD.,333.95,354.95,324.00,350.10,352.55,324.00,,350.10,,,36321,12340359.30,1199,F1,1,,,,,
2026-09-18,2026-09-18,CM,NSE,STK,1267,INE186A01019,GUJALKALI,EQ,,,,,GUJARAT ALKALIES & CHEM,661.55,668.80,631.10,638.70,640.00,673.75,,638.69,,,217900,139851685.70,10852,F1,1,,,,,
2026-09-18,2026-09-18,CM,NSE,STK,8828,INE036B01030,GAEL,EQ,,,,,GUJARAT AMBUJA EXPORTS LT,160.10,160.60,156.25,156.95,156.40,159.41,,156.95,,,962051,152330484.78,23022,F1,1,,,,,
2026-09-18,2026-09-18,CM,NSE,STK,10599,INE844O01030,GUJENERGY,EQ,,,,,GUJARAT ENERGY LIMITED,239.95,251.00,238.40,244.64,244.00,239.43,,244.66,,,6160841,1507315683.14,62578,F1,1,,,,,
2026-09-18,2026-09-18,CM,NSE,STK,13750,INE09N301011,FLUOROCHEM,EQ,,,,,GUJARAT FLUOROCHEM LTD,4490.00,4613.90,4490.00,4586.70,4599.00,4471.80,,4586.65,,,225937,1031545593.30,17132,F1,1,,,,,
2026-09-18,2026-09-18,CM,NSE,STK,761197,INE0V0W01025,GKSL,EQ,,,,,GUJARAT KIDNEY N SUP SP L,178.14,186.00,178.13,181.25,182.00,177.82,,181.26,,,273151,50001116.14,6196,F1,1,,,,,
2026-09-18,2026-09-18,CM,NSE,STK,1156,INE540A01017,GLFL,EQ,,,,,GUJARAT LEASE FINANCING L,5.35,5.35,5.03,5.06,5.18,5.11,,5.06,,,320,1634.01,10,F1,1,,,,,
2026-09-18,2026-09-18,CM,NSE,STK,5204,INE131A01031,GMDCLTD,EQ,,,,,GUJARAT MINERAL DEV CORP,551.00,559.80,551.00,556.45,557.50,549.15,,556.45,,,635840,353087899.45,21302,F1,1,,,,,
2026-09-18,2026-09-18,CM,NSE,STK,762690,INE207H01018,GNRL,EQ,,,,,GUJARAT NATURAL RES L,101.60,103.99,96.69,98.43,97.98,101.05,,98.47,,,205527,20463203.42,6526,F1,1,,,,,
2026-09-18,2026-09-18,CM,NSE,STK,19731,INE517F01014,GPPL,EQ,,,,,GUJARAT PIPAVAV PORT LTD,162.90,163.20,158.35,160.35,160.50,162.59,,160.36,,,1713766,273742222.79,20461,F1,1,,,,,
2026-09-18,2026-09-18,CM,NSE,STK,4548,INE610B01024,GUJRAFFIA,EQ,,,,,GUJARAT RAFFIA INDUST LTD,40.91,41.80,40.05,40.25,40.20,40.91,,40.36,,,3547,143629.23,67,F1,1,,,,,
2026-09-18,2026-09-18,CM,NSE,STK,29731,INE942C01045,GUJTHEM,EQ,,,,,GUJARAT THEMIS BIOSYN LTD,420.15,440.00,418.50,427.40,429.10,420.15,,427.41,,,580582,251433087.15,16778,F1,1,,,,,
2026-09-18,2026-09-18,CM,NSE,STK,4391,INE635Q01029,GULFOILLUB,EQ,,,,,GULF OIL LUB. IND. LTD.,1070.90,1073.10,1061.30,1070.10,1073.00,1064.00,,1069.88,,,30222,32317506.50,3972,F1,1,,,,,
2026-09-18,2026-09-18,CM,NSE,STK,6286,INE255D01024,GULPOLY,EQ,,,,,GULSHAN POLYOLS LIMITED,171.25,172.00,168.17,169.99,171.00,171.05,,169.99,,,99834,16956678.19,2287,F1,1,,,,,
2026-09-18,2026-09-18,CM,NSE,STK,759261,INE1CCX01012,GURUNANAK,SM,,,,,GURUNANAK AGRICULTUR IN L,36.15,36.15,36.15,36.15,36.15,37.00,,36.15,,,1600,57840.00,1,F1,1600,,,,,
2026-09-18,2026-09-18,CM,NSE,STK,13229,INE251H01024,GVKPIL,BE,,,,,GVK POW. & INFRA LTD.,2.41,2.41,2.41,2.41,2.41,2.37,,2.41,,,321527,774880.07,173,F1,1,,,,,
2026-09-18,2026-09-18,CM,NSE,STK,10866,INE382T01030,GVPTECH,BE,,,,,GVP INFOTECH LIMITED,7.50,7.50,7.25,7.34,7.45,7.40,,7.34,,,44713,329131.15,227,F1,1,,,,,
2026-09-18,2026-09-18,CM,NSE,STK,764050,INE724A01017,GYFTR,EQ,,,,,GYFTR LIMITED,177.51,182.49,168.18,171.05,169.00,176.12,,171.09,,,223375,38268025.63,2821,F1,1,,,,,
2026-09-18,2026-09-18,CM,NSE,STK,762712,INE640B01021,HBESD,EQ,,,,,H B ESTATE DEVELOPERS L,70.00,74.50,69.30,73.57,73.59,71.61,,73.57,,,1323,94975.16,33,F1,1,,,,,
2026-09-18,2026-09-18,CM,NSE,STK,1672,INE926X01010,HGINFRA,EQ,,,,,H.G.INFRA ENGINEERING LTD,460.65,466.30,441.20,442.45,444.10,460.65,,442.49,,,172786,77706252.15,10566,F1,1,,,,,
2026-09-18,2026-09-18,CM,NSE,STK,760715,INE115S01010,HALDER,EQ,,,,,HALDER VENTURE LIMITED,286.20,293.10,277.00,280.95,279.85,297.15,,293.39,,,482,137675.75,64,F1,1,,,,,
2026-09-18,2026-09-18,CM,NSE,STK,762708,INE506D01020,HALDYNGL,BE,,,,,HALDYN GLASS LTD.,143.50,143.50,141.05,142.58,143.00,140.41,,142.44,,,28774,4090252.86,169,F1,1,,,,,
2026-09-18,2026-09-18,CM,NSE,STK,21551,INE320X01016,HALEOSLABS,EQ,,,,,HALEOS LABS LIMITED,1493.50,1524.90,1470.00,1497.60,1499.00,1493.00,,1497.45,,,777,1160704.80,90,F1,1,,,,,
2026-09-18,2026-09-18,CM,NSE,STK,765075,INE299D01022,HAMPTON,EQ,,,,,HAMPTON SKY REALTY LTD.,8.99,8.99,7.93,8.22,8.15,8.26,,8.22,,,115275,947454.43,140,F1,1,,,,,
2026-09-18,2026-09-18,CM,NSE,STK,13592,INE596H01014,HGM,EQ,,,,,HANDSON GBL MNGMNT LTD,49.33,49.33,47.40,48.51,48.70,47.79,,48.51,,,546,26546.47,22,F1,1,,,,,
2026-09-18,2026-09-18,CM,NSE,STK,48,INE419U01012,HAPPSTMNDS,EQ,,,,,HAPPIEST MINDS TECHNO LTD,329.00,329.80,319.00,321.55,321.15,327.90,,321.58,,,860696,278237797.60,17204,F1,1,,,,,
2026-09-18,2026-09-18,CM,NSE,STK,20854,INE330T01021,HAPPYFORGE,EQ,,,,,HAPPY FORGINGS LIMITED,2177.80,2180.90,2140.00,2148.30,2140.00,2143.20,,2148.25,,,61172,131999844.20,9926,F1,1,,,,,
2026-09-18,2026-09-18,CM,NSE,STK,764131,INE1GFG01011,HAPPY,SM,,,,,HAPPY STEELS LIMITED,76.00,82.00,76.00,79.90,79.90,77.70,,79.90,,,42000,3341300.00,21,F1,2000,,,,,
2026-09-18,2026-09-18,CM,NSE,STK,8962,INE626Z01029,HARDWYN,EQ,,,,,HARDWYN INDIA LIMITED,9.12,9.24,9.02,9.16,9.23,9.07,,9.16,,,693563,6328363.70,627,F1,1,,,,,
2026-09-18,2026-09-18,CM,NSE,STK,8968,INE00EV01017,HARIOMPIPE,EQ,,,,,HARIOM PIPE INDUSTRIES L,354.95,369.95,348.90,362.90,363.90,349.65,,362.85,,,170163,61625035.90,6899,F1,1,,,,,
2026-09-18,2026-09-18,CM,NSE,STK,764703,INE400G01011,HRYNSHP,EQ,,,,,HARIYANA SHIP BREAKERS L,97.55,101.25,96.10,97.19,96.30,97.50,,97.20,,,1604,155490.34,78,F1,1,,,,,
2026-09-18,2026-09-18,CM,NSE,STK,1313,INE544A01019,HARRMALAYA,EQ,,,,,HARRISON MALAYALAM LTD,183.45,183.45,178.00,178.49,178.18,180.71,,178.54,,,10216,1838249.32,353,F1,1,,,,,
2026-09-18,2026-09-18,CM,NSE,STK,11162,INE0JUS01029,HARSHA,EQ,,,,,HARSHA ENGINEERS INT LTD,435.25,451.00,435.25,440.45,442.70,433.85,,440.44,,,92889,41192353.85,4359,F1,1,,,,,
2026-09-18,2026-09-18,CM,NSE,STK,18154,INE982F01036,HATHWAY,EQ,,,,,HATHWAY CABLE & DATACOM,10.02,10.10,9.91,9.98,10.04,10.02,,9.98,,,1165234,11658942.55,1812,F1,1,,,,,
2026-09-18,2026-09-18,CM,NSE,STK,3892,INE473B01035,HATSUN,EQ,,,,,HATSUN AGRO PRODUCT LTD.,1186.90,1186.90,1125.10,1139.10,1139.90,1181.60,,1139.11,,,78526,89957833.90,10386,F1,1,,,,,
2026-09-18,2026-09-18,CM,NSE,STK,9819,INE176B01034,HAVELLS,EQ,,,,,HAVELLS INDIA LIMITED,1086.00,1132.40,1086.00,1132.40,1132.40,1092.00,,1132.32,,,745375,825560776.60,26029,F1,1,,,,,
2026-09-18,2026-09-18,CM,NSE,STK,4444,INE979B01015,HAWKINCOOK,EQ,,,,,HAWKINS COOKERS LTD,8364.50,8364.50,8250.00,8286.00,8250.00,8251.50,,8286.00,,,937,7775030.50,478,F1,1,,,,,
2026-09-18,2026-09-18,CM,NSE,STK,764693,INE550F01049,HAZOOR,EQ,,,,,HAZOOR MULTI PROJECTS LTD,18.55,19.90,17.75,19.30,19.49,18.55,,19.30,,,2904804,55635282.10,7086,F1,1,,,,,
2026-09-18,2026-09-18,CM,NSE,STK,765080,INE638B01025,HBPOR,EQ,,,,,HB PORTFOLIO LTD.,61.50,62.93,60.68,61.00,61.00,61.49,,60.91,,,788,48367.15,34,F1,1,,,,,
2026-09-18,2026-09-18,CM,NSE,STK,4116,INE550B01022,HBSL,EQ,,,,,HB STOCKHOLDINGS LIMITED,53.33,53.33,52.00,52.68,53.00,53.33,,52.68,,,1597,83763.55,36,F1,1,,,,,
2026-09-18,2026-09-18,CM,NSE,STK,13966,INE292B01021,HBLENGINE,EQ,,,,,HBL ENGINEERING LTD,754.00,768.00,751.00,760.00,757.95,756.75,,760.01,,,1898943,1443078746.30,45457,F1,1,,,,,
2026-09-18,2026-09-18,CM,NSE,STK,1327,INE236A01020,HCL-INSYS,EQ,,,,,HCL INFOSYSTEMS LTD,10.20,10.60,10.05,10.47,10.55,10.08,,10.47,,,494275,5123390.79,1247,F1,1,,,,,
2026-09-18,2026-09-18,CM,NSE,STK,7229,INE860A01027,HCLTECH,EQ,,,,,HCL TECHNOLOGIES LTD,1258.30,1260.80,1235.60,1249.30,1249.30,1258.30,,1249.25,,,2886447,3593799548.90,68284,F1,1,,,,,
2026-09-18,2026-09-18,CM,NSE,STK,757772,INE756I01012,HDBFS,EQ,,,,,HDB FINANCIAL SERVICES L,678.00,701.55,674.15,698.40,697.00,681.45,,698.36,,,780230,539824432.00,25117,F1,1,,,,,
2026-09-18,2026-09-18,CM,NSE,STK,4244,INE127D01025,HDFCAMC,EQ,,,,,HDFC AMC LIMITED,2405.60,2439.00,2401.20,2425.00,2425.00,2387.70,,2425.00,,,1040790,2523946181.20,60151,F1,1,,,,,
2026-09-18,2026-09-18,CM,NSE,STK,1333,INE040A01034,HDFCBANK,EQ,,,,,HDFC BANK LTD,715.25,733.80,715.25,731.00,731.00,713.00,,730.99,,,39400710,28683851493.85,281343,F1,1,,,,,
2026-09-18,2026-09-18,CM,NSE,STK,19543,INF179KC1981,HDFCGOLD,EQ,,,,,HDFC GOLD ETF,130.00,131.06,129.67,130.64,130.60,128.68,,130.64,,,3837028,500884779.42,8616,F1,1,,,,,
2026-09-18,2026-09-18,CM,NSE,STK,467,INE795G01014,HDFCLIFE,EQ,,,,,HDFC LIFE INS CO LTD,557.10,564.95,550.95,550.95,550.95,557.00,,550.95,,,5599030,3126717366.20,70994,F1,1,,,,,
2026-09-18,2026-09-18,CM,NSE,STK,14230,INF179KC1EZ4,HDFCBSE500,EQ,,,,,HDFCAMC - HDFCBSE500,36.31,37.61,36.31,36.91,36.80,36.67,,36.91,,,202980,7483504.71,259,F1,1,,,,,
2026-09-18,2026-09-18,CM,NSE,STK,11241,INF179KC1DJ0,HDFCGROWTH,EQ,,,,,HDFCAMC - HDFCGROWTH,115.60,115.64,114.30,114.77,115.06,115.60,,114.77,,,17188,1971136.83,195,F1,1,,,,,
2026-09-18,2026-09-18,CM,NSE,STK,18279,INF179KC1JG3,HDFCLIQUID,EQ,,,,,HDFCAMC - HDFCLIQUID,1078.61,1078.63,1078.61,1078.63,1078.63,1078.18,,1078.63,,,10808,11657662.90,62,F1,1,,,,,
2026-09-18,2026-09-18,CM,NSE,STK,11547,INF179KC1HU8,HDFCLOWVOL,EQ,,,,,HDFCAMC - HDFCLOWVOL,19.60,20.29,19.60,19.90,19.90,20.00,,19.90,,,5708,113708.81,90,F1,1,,,,,
2026-09-18,2026-09-18,CM,NSE,STK,14236,INF179KC1HT0,HDFCMID150,EQ,,,,,HDFCAMC - HDFCMID150,23.30,23.30,22.92,23.12,23.15,22.84,,23.12,,,361504,8332153.34,1126,F1,1,,,,,
2026-09-18,2026-09-18,CM,NSE,STK,11538,INF179KC1HV6,HDFCMOMENT,EQ,,,,,HDFCAMC - HDFCMOMENT,30.40,30.83,30.40,30.72,30.70,30.36,,30.73,,,113697,3489689.00,474,F1,1,,,,,
2026-09-18,2026-09-18,CM,NSE,STK,10619,INF179KC1HS2,HDFCNEXT50,EQ,,,,,HDFCAMC - HDFCNEXT50,73.05,73.99,73.05,73.88,73.99,73.05,,73.90,,,38062,2800584.60,410,F1,1,,,,,
2026-09-18,2026-09-18,CM,NSE,STK,10633,INF179KC1HR4,HDFCNIF100,EQ,,,,,HDFCAMC - HDFCNIF100,25.34,25.40,25.26,25.35,25.32,25.29,,25.35,,,50524,1280098.47,221,F1,1,,,,,
2026-09-18,2026-09-18,CM,NSE,STK,22433,INF179KC1HY0,HDFCNIFBAN,EQ,,,,,HDFCAMC - HDFCNIFBAN,57.86,58.15,57.81,57.99,58.08,57.81,,57.99,,,31923,1850480.65,350,F1,1,,,,,
2026-09-18,2026-09-18,CM,NSE,STK,12101,INF179KC1IA8,HDFCNIFIT,EQ,,,,,HDFCAMC - HDFCNIFIT,31.27,31.27,30.60,30.69,30.76,31.12,,30.69,,,256307,7873823.73,476,F1,1,,,,,
2026-09-18,2026-09-18,CM,NSE,STK,11591,INF179KC1965,HDFCNIFTY,EQ,,,,,HDFCAMC - HDFCNIFTY,264.61,264.62,262.62,263.56,263.75,263.02,,263.56,,,1788313,470346598.73,3285,F1,1,,,,,
2026-09-18,2026-09-18,CM,NSE,STK,764336,INF179KC1KT4,HDFCNIMEG,EQ,,,,,HDFCAMC - HDFCNIMEG,128.33,130.05,128.33,129.90,129.39,128.33,,129.90,,,15389,1997788.06,84,F1,1,,,,,
2026-09-18,2026-09-18,CM,NSE,STK,12108,INF179KC1HZ7,HDFCPVTBAN,EQ,,,,,HDFCAMC - HDFCPVTBAN,28.01,28.01,27.74,27.83,27.80,27.74,,27.83,,,50848,1415526.48,258,F1,1,,,,,
2026-09-18,2026-09-18,CM,NSE,STK,11255,INF179KC1DL6,HDFCQUAL,EQ,,,,,HDFCAMC - HDFCQUAL,56.55,57.05,56.55,56.72,57.00,56.92,,56.72,,,11934,677989.44,77,F1,1,,,,,
2026-09-18,2026-09-18,CM,NSE,STK,11593,INF179KC1HX2,HDFCSENSEX,EQ,,,,,HDFCAMC - HDFCSENSEX,84.77,85.20,84.35,84.78,85.00,84.77,,84.78,,,51347,4341990.80,537,F1,1,,,,,
2026-09-18,2026-09-18,CM,NSE,STK,10876,INF179KC1DI2,HDFCSILVER,EQ,,,,,HDFCAMC - HDFCSILVER,221.28,225.17,221.10,223.95,224.25,216.47,,223.95,,,3863924,862353781.07,14553,F1,1,,,,,
2026-09-18,2026-09-18,CM,NSE,STK,14233,INF179KC1FB2,HDFCSML250,EQ,,,,,HDFCAMC - HDFCSML250,182.87,184.95,181.90,184.55,184.85,181.90,,184.55,,,1274357,234494021.43,19415,F1,1,,,,,
2026-09-18,2026-09-18,CM,NSE,STK,11260,INF179KC1DK8,HDFCVALUE,EQ,,,,,HDFCAMC - HDFCVALUE,121.91,124.50,121.52,121.96,121.95,121.91,,121.97,,,7148,873573.01,93,F1,1,,,,,
2026-09-18,2026-09-18,CM,NSE,STK,22595,INF179KC1HW4,HDFCPSUBK,EQ,,,,,HDFCAMC HDFCPSUBK,83.75,84.18,83.47,84.13,83.80,83.64,,84.12,,,41351,3462351.61,215,F1,1,,,,,
2026-09-18,2026-09-18,CM,NSE,STK,19205,INE759V01019,HEADSUP,EQ,,,,,HEADS UP VENTURES LIMITED,7.24,7.24,6.61,6.71,6.90,6.97,,6.71,,,14036,94433.76,220,F1,1,,,,,
2026-09-18,2026-09-18,CM,NSE,STK,20063,INE019J01013,HEALTHX,EQ,,,,,HEALTH X PLATFORM LIMITED,319.00,319.00,294.00,300.00,305.00,300.00,,299.20,,,1400,419377.20,105,F1,1,,,,,
2026-09-18,2026-09-18,CM,NSE,STK,15555,INE075I01017,HCG,EQ,,,,,HEALTHCARE GLOB. ENT. LTD,693.45,715.00,693.20,708.25,705.50,687.15,,708.29,,,82273,58257324.50,8721,F1,1,,,,,
2026-09-18,2026-09-18,CM,NSE,STK,7425,INE558R01013,HECPROJECT,EQ,,,,,HEC INFRA PROJECTS LTD,116.84,121.42,114.31,119.77,120.98,116.84,,119.77,,,8152,971684.35,153,F1,1,,,,,
2026-09-18,2026-09-18,CM,NSE,STK,7368,INE545A01024,HEG,BE,,,,,HEG LIMITED,226.30,237.05,226.25,237.05,237.05,225.80,,237.70,,,930482,219822009.60,3895,F1,1,,,,,
2026-09-18,2026-09-18,CM,NSE,STK,2316,INE578A01017,HEIDELBERG,EQ,,,,,HEIDELBERGCEMENT (I) LTD,141.83,149.00,141.16,145.92,147.84,141.57,,146.08,,,145888,21045554.90,2329,F1,1,,,,,
2026-09-18,2026-09-18,CM,NSE,STK,701,INE0AJG01018,HEMIPROP,EQ,,,,,HEMISPHERE PROP IND LTD,120.15,122.29,120.00,120.77,120.05,120.81,,120.77,,,245577,29736014.36,2402,F1,1,,,,,
2026-09-18,2026-09-18,CM,NSE,STK,2614,INE694N01015,HERANBA,EQ,,,,,HERANBA INDUSTRIES LTD,166.95,168.88,163.79,167.02,166.60,165.78,,167.05,,,35651,5912341.96,1230,F1,1,,,,,
2026-09-18,2026-09-18,CM,NSE,STK,4598,INE978A01027,HERITGFOOD,EQ,,,,,HERITAGE FOODS LTD,406.25,421.00,402.50,418.10,420.80,405.45,,418.06,,,567662,233495575.85,12022,F1,1,,,,,
2026-09-18,2026-09-18,CM,NSE,STK,1348,INE158A01026,HEROMOTOCO,EQ,,,,,HERO MOTOCORP LIMITED,5325.00,5362.50,5285.50,5285.50,5285.50,5325.00,,5285.51,,,688654,3654932065.50,42269,F1,1,,,,,
2026-09-18,2026-09-18,CM,NSE,STK,7048,INE782E01017,HESTERBIO,EQ,,,,,HESTER BIOSCIENCES LTD,2245.00,2275.50,2162.80,2195.60,2182.00,2245.80,,2194.80,,,5041,11125936.80,748,F1,1,,,,,
2026-09-18,2026-09-18,CM,NSE,STK,27008,INE750M01017,HEXATRADEX,EQ,,,,,HEXA TRADEX LIMITED,158.70,172.00,155.31,158.29,157.30,156.61,,158.29,,,2261,365570.55,79,F1,1,,,,,
2026-09-18,2026-09-18,CM,NSE,STK,750116,INE0JUI01012,HEXAGON,BE,,,,,HEXAGON NUTRITION LIMITED,64.42,67.00,63.50,66.26,66.45,64.29,,66.27,,,200000,12986469.32,714,F1,1,,,,,
2026-09-18,2026-09-18,CM,NSE,STK,29666,INE093A01041,HEXT,EQ,,,,,HEXAWARE TECHNOLOGIES LTD,525.25,527.20,516.45,524.55,521.00,526.45,,524.55,,,191368,100252049.30,11116,F1,1,,,,,
2026-09-18,2026-09-18,CM,NSE,STK,21954,INE548A01028,HFCL,BE,,,,,HFCL LIMITED,213.90,219.40,208.50,215.71,214.70,209.45,,215.67,,,6279766,1351642356.42,33133,F1,1,,,,,
2026-09-18,2026-09-18,CM,NSE,STK,25622,INE957N08151,920HFL30,N0,,,,,HFL 9.20% 2030 SR 67,104599.05,104599.05,104599.05,104599.05,104599.05,104524.00,,104599.05,,,1,104599.05,1,F1,1,,,,,
2026-09-18,2026-09-18,CM,NSE,STK,18794,INE0PIC01017,HIGREEN,SM,,,,,HI GREEN CARBON LIMITED,119.90,119.90,114.00,116.90,116.00,117.70,,116.90,,,36000,4199600.00,38,F1,800,,,,,
2026-09-18,2026-09-18,CM,NSE,STK,2868,INE106T01025,HITECH,EQ,,,,,HI-TECH PIPES LIMITED,74.20,76.70,73.66,76.14,75.91,73.74,,76.14,,,751081,56489123.60,4939,F1,1,,,,,
2026-09-18,2026-09-18,CM,NSE,STK,759103,INE00RL01028,HILINFRA,EQ,,,,,HIGHWAY INFRASTRUCTURE L,43.07,46.74,43.07,43.92,43.87,43.07,,43.92,,,415937,18729019.24,2802,F1,1,,,,,
2026-09-18,2026-09-18,CM,NSE,STK,9668,INE475B01022,HIKAL,EQ,,,,,HIKAL LIMITED,225.29,232.34,224.60,226.04,227.50,225.29,,226.05,,,382596,87376608.33,7854,F1,1,,,,,
2026-09-18,2026-09-18,CM,NSE,STK,14627,INE788H01017,HILTON,EQ,,,,,HILTON METAL FORGING LTD,16.81,17.73,16.16,16.38,16.35,17.01,,16.29,,,395977,6593852.80,2438,F1,1,,,,,
2026-09-18,2026-09-18,CM,NSE,STK,14334,INE019C01026,HSCL,EQ,,,,,HIMADRI SPECIALITY CHEM L,656.50,678.85,654.10,675.35,678.00,653.35,,675.27,,,2687060,1799787102.65,43156,F1,1,,,,,
2026-09-18,2026-09-18,CM,NSE,STK,1360,INE049A01027,HIMATSEIDE,EQ,,,,,HIMATSINGKA SEIDE LTD,63.70,65.44,62.94,64.66,64.06,63.65,,64.66,,,578349,37143712.62,5968,F1,1,,,,,
2026-09-18,2026-09-18,CM,NSE,STK,765085,INE227B01019,HINDALUMI,EQ,,,,,HIND ALUMINIUM INDS. LTD.,95.50,96.00,92.05,94.27,93.00,93.70,,93.13,,,1778,167206.91,97,F1,1,,,,,
2026-09-18,2026-09-18,CM,NSE,STK,1363,INE038A01020,HINDALCO,EQ,,,,,HINDALCO  INDUSTRIES  LTD,982.90,999.30,979.40,986.50,986.50,980.50,,986.38,,,8310236,8206664716.50,77966,F1,1,,,,,
2026-09-18,2026-09-18,CM,NSE,STK,4920,INE642Y01029,HINDCON,EQ,,,,,HINDCON CHEMICALS LIMITED,23.73,24.64,23.40,23.81,24.21,23.73,,23.81,,,32398,776453.67,177,F1,1,,,,,
2026-09-18,2026-09-18,CM,NSE,STK,11796,INE05X901010,HPIL,EQ,,,,,HINDPRAKASH INDUSTRY LTD,118.01,123.99,118.00,118.99,119.00,117.86,,119.13,,,737,88921.53,32,F1,1,,,,,
2026-09-18,2026-09-18,CM,NSE,STK,14712,INE170I01016,HGS,EQ,,,,,HINDUJA GLOBAL SOLS. LTD.,383.00,383.00,378.05,379.40,378.90,386.35,,379.42,,,19544,7432911.15,842,F1,1,,,,,
2026-09-18,2026-09-18,CM,NSE,STK,764698,INE074C01013,HINDADH,EQ,,,,,HINDUSTAN ADHESIVES LTD.,376.00,379.70,372.00,374.90,377.50,376.80,,374.90,,,2455,920349.65,38,F1,1,,,,,
2026-09-18,2026-09-18,CM,NSE,STK,2303,INE066F01020,HAL,EQ,,,,,HINDUSTAN AERONAUTICS LTD,4804.90,4890.00,4780.00,4800.30,4800.30,4788.00,,4800.30,,,972849,4705232063.30,53601,F1,1,,,,,
2026-09-18,2026-09-18,CM,NSE,STK,1372,INE310C01029,HINDCOMPOS,EQ,,,,,HINDUSTAN COMPOSITES LTD.,371.95,390.00,365.65,378.65,375.20,369.90,,378.62,,,7703,2911805.70,511,F1,1,,,,,
2026-09-18,2026-09-18,CM,NSE,STK,1375,INE549A01026,HCC,EQ,,,,,HINDUSTAN CONSTRUCTION CO,21.72,21.90,21.37,21.77,21.78,21.56,,21.77,,,16759566,362666811.04,19314,F1,1,,,,,
2026-09-18,2026-09-18,CM,NSE,STK,17939,INE531E01026,HINDCOPPER,EQ,,,,,HINDUSTAN COPPER LTD,490.70,499.25,487.05,497.40,496.25,485.50,,497.41,,,9888264,4889742024.05,103229,F1,1,,,,,
2026-09-18,2026-09-18,CM,NSE,STK,12173,INE254N01026,HNDFDS,EQ,,,,,HINDUSTAN FOODS LIMITED,620.00,629.00,613.00,625.70,626.00,620.35,,625.71,,,57146,35679074.90,3861,F1,1,,,,,
2026-09-18,2026-09-18,CM,NSE,STK,19215,INE871K01015,HMVL,BE,,,,,HINDUSTAN MEDIA VENT LTD,77.01,81.20,73.48,81.09,81.20,77.34,,81.09,,,129194,9819525.30,430,F1,1,,,,,
2026-09-18,2026-09-18,CM,NSE,STK,1403,INE345A01011,HINDOILEXP,EQ,,,,,HINDUSTAN OIL EXPLORATION,182.30,182.78,178.35,180.29,179.19,180.95,,180.27,,,525134,95005791.81,9735,F1,1,,,,,
2026-09-18,2026-09-18,CM,NSE,STK,1406,INE094A01015,HINDPETRO,EQ,,,,,HINDUSTAN PETROLEUM CORP,352.40,359.00,350.50,359.00,359.00,350.60,,358.93,,,6539998,2320277235.70,35412,F1,1,,,,,
2026-09-18,2026-09-18,CM,NSE,STK,1394,INE030A01027,HINDUNILVR,EQ,,,,,HINDUSTAN UNILEVER LTD.,1950.00,1959.60,1932.00,1932.00,1932.00,1942.20,,1932.02,,,1994635,3883927606.80,50307,F1,1,,,,,
2026-09-18,2026-09-18,CM,NSE,STK,1424,INE267A01025,HINDZINC,EQ,,,,,HINDUSTAN ZINC LIMITED,578.30,596.00,578.30,596.00,596.00,572.30,,595.85,,,7197021,4223343438.30,62424,F1,1,,,,,
2026-09-18,2026-09-18,CM,NSE,STK,15883,INE05AN01011,HINDWAREAP,EQ,,,,,HINDWARE HME INOVATON LTD,176.58,178.84,171.00,172.08,172.00,176.95,,172.08,,,124952,21678804.36,3225,F1,1,,,,,
2026-09-18,2026-09-18,CM,NSE,STK,13890,INE835D01023,HIRECT,EQ,,,,,HIRECT LIMITED,1225.00,1279.00,1214.20,1242.80,1237.30,1211.90,,1242.83,,,50557,63379134.90,4332,F1,1,,,,,
2026-09-18,2026-09-18,CM,NSE,STK,19322,INE598C01011,HISARMETAL,EQ,,,,,HISAR METAL IND. LIMITED,153.10,158.00,153.10,154.53,154.23,155.38,,154.53,,,148,22912.07,33,F1,1,,,,,
2026-09-18,2026-09-18,CM,NSE,STK,18457,INE07Y701011,POWERINDIA,EQ,,,,,HITACHI ENERGY INDIA LTD,31490.00,32700.00,31450.00,32700.00,32700.00,31230.00,,32699.19,,,125521,4026772205.00,30037,F1,1,,,,,
2026-09-18,2026-09-18,CM,NSE,STK,15165,INE120D01012,HITECHCORP,BE,,,,,HITECH CORPORATION LTD,334.00,334.00,325.00,328.40,328.95,331.80,,327.64,,,1007,328940.35,36,F1,1,,,,,
2026-09-18,2026-09-18,CM,NSE,STK,2289,INE461D01028,HLEGLAS,EQ,,,,,HLE GLASCOAT LIMITED,415.95,457.20,413.00,446.90,447.00,415.65,,446.79,,,1020903,454599689.30,25295,F1,1,,,,,
2026-09-18,2026-09-18,CM,NSE,STK,1448,INE102A01024,HLVLTD,EQ,,,,,HLV LIMITED,6.78,6.85,6.65,6.75,6.74,6.66,,6.76,,,114147,771116.85,462,F1,1,,,,,
2026-09-18,2026-09-18,CM,NSE,STK,17053,INE0ECP01024,HMAAGRO,EQ,,,,,HMA AGRO INDUSTRIES LTD,23.00,24.36,22.86,23.77,23.86,23.08,,23.77,,,3564052,84297130.09,10216,F1,1,,,,,
2026-09-18,2026-09-18,CM,NSE,STK,19698,INE262A01018,HMT,BZ,,,,,HMT LTD -,61.49,61.50,60.60,61.32,61.50,60.82,,61.32,,,9036,554468.82,64,F1,1,,,,,
2026-09-18,2026-09-18,CM,NSE,STK,23826,INE0S6S01017,HOACFOODS,ST,,,,,HOAC FOODS INDIA LIMITED,842.45,842.45,842.45,842.45,842.45,859.60,,842.45,,,10125,8529806.25,20,F1,375,,,,,
2026-09-18,2026-09-18,CM,NSE,STK,18649,INE0LXA01019,HOLMARC,SM,,,,,HOLMARC OPTO MECHATRO L,110.00,110.00,110.00,110.00,110.00,110.00,,110.00,,,1500,165000.00,2,F1,750,,,,,
2026-09-18,2026-09-18,CM,NSE,STK,2056,INE481N01025,HOMEFIRST,EQ,,,,,HOME FIRST FIN CO IND LTD,1165.00,1265.00,1158.20,1241.30,1246.60,1173.30,,1241.41,,,873253,1067548331.80,42163,F1,1,,,,,
2026-09-18,2026-09-18,CM,NSE,STK,13526,INE0N7F01017,HOMESFY,SM,,,,,HOMESFY REALTY LIMITED,116.00,116.00,116.00,116.00,116.00,111.30,,116.00,,,1800,208800.00,2,F1,300,,,,,
2026-09-18,2026-09-18,CM,NSE,STK,19813,INE0J5401028,HONASA,EQ,,,,,HONASA CONSUMER LIMITED,458.10,481.50,458.10,479.55,476.00,460.10,,479.55,,,1065010,506605759.25,28643,F1,1,,,,,
2026-09-18,2026-09-18,CM,NSE,STK,3138,INE634A01018,HONDAPOWER,EQ,,,,,HONDA I POWER PRODUCT LTD,1959.90,1975.00,1902.00,1930.30,1905.10,1934.10,,1929.23,,,4755,9221417.80,602,F1,1,,,,,
2026-09-18,2026-09-18,CM,NSE,STK,3417,INE671A01010,HONAUT,EQ,,,,,HONEYWELL AUTOMATION IND,33915.00,36485.00,33885.00,35445.00,35260.00,33915.00,,35448.87,,,15555,551310670.00,8171,F1,1,,,,,
2026-09-18,2026-09-18,CM,NSE,STK,765356,INE685T01010,HORIZONIND,EQ,,,,,HORIZON INDUSTRIAL PRKS L,51.90,54.50,51.89,54.23,54.25,52.17,,54.23,,,2786457,149675841.82,12343,F1,1,,,,,
2026-09-18,2026-09-18,CM,NSE,STK,17920,INE191I01012,HDIL,BZ,,,,,HOUSING DEV & INFRA LTD,1.47,1.48,1.44,1.45,1.45,1.47,,1.45,,,182234,265884.10,179,F1,1,,,,,
2026-09-18,2026-09-18,CM,NSE,STK,7376,INE0GSL01024,HPAL,EQ,,,,,HP ADHESIVES LIMITED,34.83,35.40,34.61,34.76,34.61,34.83,,34.76,,,28109,981504.61,320,F1,1,,,,,
2026-09-18,2026-09-18,CM,NSE,STK,29875,INE0VA601019,HPTL,SM,,,,,HP TELECOM INDIA LIMITED,434.05,434.05,425.00,428.05,434.05,413.40,,428.05,,,15600,6712830.00,18,F1,600,,,,,
2026-09-18,2026-09-18,CM,NSE,STK,18679,INE495S01016,HPL,EQ,,,,,HPL ELECTRIC & POWER LTD,280.35,286.85,279.40,284.30,284.00,280.40,,284.30,,,113357,32105411.55,4232,F1,1,,,,,
2026-09-18,2026-09-18,CM,NSE,STK,21107,INE0R3501012,HRHNEXT,SM,,,,,HRH NEXT SERVICES LIMITED,25.00,26.55,25.00,26.55,26.55,25.55,,26.55,,,10500,271800.00,3,F1,1500,,,,,
2026-09-18,2026-09-18,CM,NSE,STK,761506,INF336L01RX2,HSBCGOLD,EQ,,,,,HSBCAMC - HSBCGOLD,131.01,133.50,130.94,132.91,132.79,130.65,,132.91,,,13418,1771053.26,77,F1,1,,,,,
2026-09-18,2026-09-18,CM,NSE,STK,20825,INE031A01017,HUDCO,EQ,,,,,HSG & URBAN DEV CORPN LTD,170.20,176.50,169.71,174.92,176.24,169.55,,174.93,,,3438429,598498373.88,43245,F1,1,,,,,
2026-09-18,2026-09-18,CM,NSE,STK,11979,INE501G01024,HTMEDIA,EQ,,,,,HT MEDIA LIMITED,24.12,24.70,23.26,23.69,23.90,24.00,,23.75,,,100997,2404607.42,537,F1,1,,,,,
2026-09-18,2026-09-18,CM,NSE,STK,14203,INE703H01016,HUBTOWN,EQ,,,,,HUBTOWN LIMITED,175.00,180.00,174.66,177.69,178.03,173.76,,177.68,,,745087,131748010.93,7409,F1,1,,,,,
2026-09-18,2026-09-18,CM,NSE,STK,2562,INE275B01026,HUHTAMAKI,EQ,,,,,HUHTAMAKI INDIA LIMITED,247.10,248.00,241.00,245.00,247.40,243.60,,244.98,,,136211,33173898.75,4801,F1,1,,,,,
2026-09-18,2026-09-18,CM,NSE,STK,25708,INE0TO501019,HVAX,SM,,,,,HVAX TECHNOLOGIES LIMITED,694.15,707.85,677.50,680.85,677.50,674.15,,680.85,,,7950,5573617.50,27,F1,150,,,,,
2026-09-18,2026-09-18,CM,NSE,STK,765467,INE0LEG01024,HTEL,EQ,,,,,HY-TECH ENGINEERS LIMITED,73.75,79.38,71.26,76.77,77.00,72.05,,76.76,,,3939738,299595361.08,36584,F1,1,,,,,
2026-09-18,2026-09-18,CM,NSE,STK,12814,INE965B01022,HYBRIDFIN,BE,,,,,HYBRID FINANCIAL SERVICE,16.21,16.81,16.21,16.29,16.29,16.23,,16.95,,,7980,132555.40,35,F1,1,,,,,
2026-09-18,2026-09-18,CM,NSE,STK,25844,INE0V6F01027,HYUNDAI,EQ,,,,,HYUNDAI MOTOR INDIA LTD,2176.00,2208.80,2155.50,2208.80,2208.80,2160.00,,2208.78,,,764325,1667978543.90,40796,F1,1,,,,,
2026-09-18,2026-09-18,CM,NSE,STK,14086,INE204A01010,IGPL,EQ,,,,,I G PETROCHEMICALS LTD,554.55,562.15,542.00,550.15,542.00,554.55,,550.16,,,52110,28933966.40,1799,F1,1,,,,,
2026-09-18,2026-09-18,CM,NSE,STK,764718,INE684B01029,ISTLTD,EQ,,,,,I S T LTD.,661.05,687.80,655.50,663.85,667.00,683.90,,663.74,,,583,388342.35,77,F1,1,,,,,
2026-09-18,2026-09-18,CM,NSE,STK,764064,INE0XE501015,ICELCO,SM,,,,,IC ELECTRICALS COMPANY L,125.95,125.95,122.00,124.20,124.90,121.50,,124.20,,,39600,4893180.00,28,F1,1200,,,,,
2026-09-18,2026-09-18,CM,NSE,STK,9610,INE613B01010,ICDSLTD,BE,,,,,ICDSLTD,58.80,58.80,55.86,56.16,57.04,58.80,,57.86,,,5950,336420.04,66,F1,1,,,,,
2026-09-18,2026-09-18,CM,NSE,STK,489,INE520Y01019,ICEMAKE,EQ,,,,,ICE MAKE REFRIGERAT LTD,668.00,694.00,668.00,685.60,682.00,668.90,,685.60,,,53006,36123281.00,2403,F1,1,,,,,
2026-09-18,2026-09-18,CM,NSE,STK,4963,INE090A01021,ICICIBANK,EQ,,,,,ICICI BANK LTD.,1351.90,1359.80,1338.90,1338.90,1338.90,1347.60,,1338.89,,,7509409,10085608639.00,140838,F1,1,,,,,
2026-09-18,2026-09-18,CM,NSE,STK,21770,INE765G01017,ICICIGI,EQ,,,,,ICICI LOMBARD GIC LIMITED,1485.70,1486.80,1458.10,1458.10,1458.10,1486.70,,1458.12,,,925599,1363321699.50,26992,F1,1,,,,,
2026-09-18,2026-09-18,CM,NSE,STK,21254,INF109KC19U5,LOWVOLIETF,EQ,,,,,ICICI PR NIF LW VL 30 ETF,21.59,21.59,21.32,21.41,21.54,21.36,,21.41,,,4231155,90372021.62,13533,F1,1,,,,,
2026-09-18,2026-09-18,CM,NSE,STK,18652,INE726G01019,ICICIPRULI,EQ,,,,,ICICI PRU LIFE INS CO LTD,494.00,501.45,491.10,492.00,492.00,490.50,,492.00,,,2240637,1112606694.90,48255,F1,1,,,,,
2026-09-18,2026-09-18,CM,NSE,STK,17702,INF109KC10W0,MIDSELIETF,EQ,,,,,ICICI PRUD MIDCAP SEL ETF,19.80,19.80,19.44,19.63,19.75,19.43,,19.63,,,169980,3327014.42,602,F1,1,,,,,
2026-09-18,2026-09-18,CM,NSE,STK,30392,INF109KC16V9,NIF100IETF,EQ,,,,,ICICI PRUD NIFTY 100 ETF,27.30,27.52,27.26,27.40,27.50,27.30,,27.36,,,41367,1131684.73,1041,F1,1,,,,,
2026-09-18,2026-09-18,CM,NSE,STK,29553,INF109K012R6,NIFTYIETF,EQ,,,,,ICICI PRUD NIFTY ETF,268.50,268.50,264.37,265.13,265.01,264.67,,265.13,,,397456,105272247.68,13076,F1,1,,,,,
2026-09-18,2026-09-18,CM,NSE,STK,4378,INF346A01034,SENSEXIETF,EQ,,,,,ICICI PRUD SENSEX ETF,854.94,862.49,854.93,858.70,857.00,855.42,,858.83,,,5572,4780565.01,317,F1,1,,,,,
2026-09-18,2026-09-18,CM,NSE,STK,760407,INE346A01027,ICICIAMC,EQ,,,,,ICICI PRUDENTIAL AMC LTD,3085.20,3286.00,3073.70,3206.70,3274.70,3098.00,,3206.81,,,1632087,5200072612.80,66799,F1,1,,,,,
2026-09-18,2026-09-18,CM,NSE,STK,19679,INF109KC1NT3,GOLDIETF,EQ,,,,,ICICI PRUDENTIAL GOLD ETF,129.82,131.62,129.82,131.16,130.94,128.97,,131.16,,,4606964,603251090.52,23463,F1,1,,,,,
2026-09-18,2026-09-18,CM,NSE,STK,17475,INF109KC11V0,NV20IETF,EQ,,,,,ICICI PRUDENTIAL NV20 ETF,13.22,13.29,13.14,13.20,13.24,13.22,,13.20,,,328699,4328935.07,1656,F1,1,,,,,
2026-09-18,2026-09-18,CM,NSE,STK,522,INF109KB15Y7,ICICIB22,EQ,,,,,ICICIPRAMC - BHARATIWIN,113.12,113.12,111.97,112.46,112.12,112.00,,112.51,,,154083,17311074.18,2156,F1,1,,,,,
2026-09-18,2026-09-18,CM,NSE,STK,30139,INF109K1A021,CASHIETF,EQ,,,,,ICICIPRAMC - CASHIETF,1079.83,1080.28,1078.82,1080.26,1080.26,1079.83,,1080.26,,,122070,131868809.27,101,F1,1,,,,,
2026-09-18,2026-09-18,CM,NSE,STK,755881,INF109K1A153,EVIETF,EQ,,,,,ICICIPRAMC - EVIETF,31.92,32.95,31.73,32.04,32.95,31.71,,32.04,,,133816,4278157.52,502,F1,1,,,,,
2026-09-18,2026-09-18,CM,NSE,STK,13143,INF109KC18O0,GSEC10IETF,EQ,,,,,ICICIPRAMC - ICICI10GS,263.97,263.97,263.97,263.97,263.97,263.89,,265.03,,,2,527.94,2,F1,1,,,,,
2026-09-18,2026-09-18,CM,NSE,STK,3001,INF109KC1V59,BSE500IETF,EQ,,,,,ICICIPRAMC - ICICI500,38.40,38.84,38.26,38.76,38.62,38.45,,38.76,,,58159,2246028.87,948,F1,1,,,,,
2026-09-18,2026-09-18,CM,NSE,STK,8342,INF109KC14A8,GSEC5IETF,EQ,,,,,ICICIPRAMC - ICICI5GSEC,65.64,66.40,65.64,66.40,66.40,66.14,,66.40,,,563,37227.62,25,F1,1,,,,,
2026-09-18,2026-09-18,CM,NSE,STK,22344,INF109KC17V7,ALPL30IETF,EQ,,,,,ICICIPRAMC - ICICIALPLV,27.01,27.19,26.98,27.04,27.19,27.01,,27.04,,,241054,6522573.49,724,F1,1,,,,,
2026-09-18,2026-09-18,CM,NSE,STK,7844,INF109KC10V2,AUTOIETF,EQ,,,,,ICICIPRAMC - ICICIAUTO,28.30,28.40,28.22,28.35,28.36,28.30,,28.35,,,993774,28133042.74,1483,F1,1,,,,,
2026-09-18,2026-09-18,CM,NSE,STK,11386,INF109KC18U7,PVTBANIETF,EQ,,,,,ICICIPRAMC - ICICIBANKP,27.58,27.83,27.55,27.70,27.83,27.58,,27.70,,,2501679,69091207.21,1224,F1,1,,,,,
2026-09-18,2026-09-18,CM,NSE,STK,13198,INF109KC19O8,COMMOIETF,EQ,,,,,ICICIPRAMC - ICICICOMMO,97.15,97.93,97.15,97.50,97.42,97.15,,97.46,,,21581,2105114.50,1213,F1,1,,,,,
2026-09-18,2026-09-18,CM,NSE,STK,6446,INF109KC1V42,CONSUMIETF,EQ,,,,,ICICIPRAMC - ICICICONSU,119.00,119.70,118.68,119.09,119.62,119.86,,119.09,,,4906,583565.23,160,F1,1,,,,,
2026-09-18,2026-09-18,CM,NSE,STK,5306,INF109KC19V3,FMCGIETF,EQ,,,,,ICICIPRAMC - ICICIFMCG,49.49,49.49,48.87,49.28,49.49,49.12,,49.28,,,1479012,72627449.88,3295,F1,1,,,,,
2026-09-18,2026-09-18,CM,NSE,STK,10723,INF109KC16E5,INFRAIETF,EQ,,,,,ICICIPRAMC - ICICIINFRA,92.74,93.30,92.60,92.96,92.85,92.30,,92.97,,,203080,18849872.11,2413,F1,1,,,,,
2026-09-18,2026-09-18,CM,NSE,STK,4838,INF109KC1KT9,LIQUIDIETF,EQ,,,,,ICICIPRAMC - ICICILIQ,1000.00,1000.01,999.99,999.99,1000.00,999.99,,999.99,,,841690,841689143.04,183,F1,1,,,,,
2026-09-18,2026-09-18,CM,NSE,STK,17152,INF109KC11W8,MIDCAPIETF,EQ,,,,,ICICIPRAMC - ICICIM150,23.55,23.81,23.45,23.70,23.78,23.41,,23.70,,,934043,22039958.76,1857,F1,1,,,,,
2026-09-18,2026-09-18,CM,NSE,STK,10585,INF109KC17C7,MOM30IETF,EQ,,,,,ICICIPRAMC - ICICIMOM30,30.95,31.19,30.79,31.08,31.15,30.75,,31.08,,,375419,11654724.16,1232,F1,1,,,,,
2026-09-18,2026-09-18,CM,NSE,STK,4529,INF109KC1NS5,NEXT50IETF,EQ,,,,,ICICIPRAMC - ICICINXT50,76.81,76.81,74.82,76.39,76.50,75.30,,76.39,,,466182,35411282.15,3561,F1,1,,,,,
2026-09-18,2026-09-18,CM,NSE,STK,3626,INF109KC1Q72,HEALTHIETF,EQ,,,,,ICICIPRAMC - ICICIPHARM,170.00,171.44,169.81,170.91,171.44,170.03,,170.87,,,124667,21269405.25,980,F1,1,,,,,
2026-09-18,2026-09-18,CM,NSE,STK,17808,INF109KC18V5,QUAL30IETF,EQ,,,,,ICICIPRAMC - ICICIQTY30,20.33,20.79,20.30,20.35,20.48,20.38,,20.35,,,136727,2779984.39,208,F1,1,,,,,
2026-09-18,2026-09-18,CM,NSE,STK,7942,INF109KC1Y56,SILVERIETF,EQ,,,,,ICICIPRAMC - ICICISILVE,231.22,234.96,230.97,233.89,234.00,226.19,,233.89,,,3751667,874397911.62,16593,F1,1,,,,,
2026-09-18,2026-09-18,CM,NSE,STK,22365,INF109KC16I6,ITIETF,EQ,,,,,ICICIPRAMC - ICICITECH,32.46,32.46,31.83,32.00,32.05,32.46,,32.00,,,825230,26429479.29,1974,F1,1,,,,,
2026-09-18,2026-09-18,CM,NSE,STK,764364,INF109K1A567,INSUREIETF,EQ,,,,,ICICIPRAMC - INSUREIETF,15.13,15.21,15.09,15.11,15.20,15.09,,15.11,,,308060,4670400.20,128,F1,1,,,,,
2026-09-18,2026-09-18,CM,NSE,STK,11037,INF109KC15I8,BANKIETF,EQ,,,,,ICICIPRAMC - IPRU5008,58.00,58.03,57.68,57.90,57.80,57.80,,57.90,,,95206,5510984.65,952,F1,1,,,,,
2026-09-18,2026-09-18,CM,NSE,STK,24861,INF109KC19W1,METALIETF,EQ,,,,,ICICIPRAMC - METALIETF,13.29,13.29,12.97,13.08,13.08,12.97,,13.08,,,3650778,47725360.69,7253,F1,1,,,,,
2026-09-18,2026-09-18,CM,NSE,STK,24533,INF109KC18W3,OILIETF,EQ,,,,,ICICIPRAMC - OILIETF,11.03,11.19,11.01,11.14,11.14,11.02,,11.14,,,690859,7682197.62,1485,F1,1,,,,,
2026-09-18,2026-09-18,CM,NSE,STK,14584,INF109KC10S8,PSUBNKIETF,EQ,,,,,ICICIPRAMC - PSUBANKICI,84.00,84.69,83.75,84.34,84.69,83.83,,84.34,,,111967,9431301.01,674,F1,1,,,,,
2026-09-18,2026-09-18,CM,NSE,STK,754612,INF109K1A476,SMALLIETF,EQ,,,,,ICICIPRAMC - SMALLIETF,18.17,18.38,18.17,18.35,18.35,18.09,,18.35,,,36738,670405.09,84,F1,1,,,,,
2026-09-18,2026-09-18,CM,NSE,STK,757781,INF109K1A344,TOP15IETF,EQ,,,,,ICICIPRAMC - TOP15IETF,9.53,9.60,9.46,9.49,9.54,9.56,,9.49,,,237198,2246656.66,391,F1,1,,,,,
2026-09-18,2026-09-18,CM,NSE,STK,25851,INF109KC16X5,VAL30IETF,EQ,,,,,ICICIPRAMC - VAL30IETF,14.81,14.92,14.77,14.88,14.80,14.88,,14.88,,,91576,1360801.25,365,F1,1,,,,,
2026-09-18,2026-09-18,CM,NSE,STK,12578,INF109KC17L8,FINIETF,EQ,,,,,ICICIPRAMC-ICICIFIN,32.17,32.46,32.06,32.28,32.40,31.93,,32.28,,,140103,4510322.31,836,F1,1,,,,,
2026-09-18,2026-09-18,CM,NSE,STK,14523,INE725G01011,ICRA,EQ,,,,,ICRA LIMITED,4642.60,4642.60,4525.10,4544.70,4539.90,4584.60,,4544.80,,,33473,152408413.00,10275,F1,1,,,,,
2026-09-18,2026-09-18,CM,NSE,STK,1476,INE008A01015,IDBI,EQ,,,,,IDBI BANK LIMITED,82.30,84.89,81.80,83.06,83.17,81.89,,83.06,,,20869049,1738485342.66,55592,F1,1,,,,,
2026-09-18,2026-09-18,CM,NSE,STK,17140,INE349Y01013,IDEAFORGE,EQ,,,,,IDEAFORGE TECHNO LTD,721.00,734.80,713.55,729.60,731.60,717.95,,729.48,,,103895,75095625.45,7799,F1,1,,,,,
2026-09-18,2026-09-18,CM,NSE,STK,24950,INE0T9I01011,IDEALTECHO,SM,,,,,IDEAL TECHNOPLAST IND LTD,104.90,104.90,95.00,95.00,95.00,92.80,,95.00,,,6000,587950.00,6,F1,1000,,,,,
2026-09-18,2026-09-18,CM,NSE,STK,11184,INE092T01019,IDFCFIRSTB,EQ,,,,,IDFC FIRST BANK LIMITED,86.00,87.17,85.92,85.92,85.92,86.33,,85.92,,,27340008,2367379249.45,71701,F1,1,,,,,
2026-09-18,2026-09-18,CM,NSE,STK,1482,INE076C01018,IFBAGRO,EQ,,,,,IFB AGRO INDUSTRIES LTD,867.70,899.00,855.10,888.00,883.00,865.15,,887.43,,,3866,3402002.85,489,F1,1,,,,,
2026-09-18,2026-09-18,CM,NSE,STK,1485,INE559A01017,IFBIND,EQ,,,,,IFB INDUSTRIES LTD,1208.10,1234.90,1208.10,1225.10,1234.80,1217.90,,1225.24,,,22497,27469346.70,2266,F1,1,,,,,
2026-09-18,2026-09-18,CM,NSE,STK,1491,INE039A01010,IFCI,EQ,,,,,IFCI LTD,77.56,77.97,75.40,76.51,76.46,77.09,,76.51,,,60473703,4615748681.72,137547,F1,1,,,,,
2026-09-18,2026-09-18,CM,NSE,STK,436,INE133Y01011,IFGLEXPOR,EQ,,,,,IFGL REFRACTORIES LIMITED,198.62,205.49,197.42,199.03,200.00,197.64,,199.01,,,28261,5660199.62,1017,F1,1,,,,,
2026-09-18,2026-09-18,CM,NSE,STK,759897,INE01XO07017,1225IFL27,N0,,,,,IFL 12.25% 2027,6239.90,6240.00,6239.90,6240.00,6240.00,6100.00,,6240.00,,,5,31199.80,4,F1,1,,,,,
2026-09-18,2026-09-18,CM,NSE,STK,760656,INE01XO07025,1225IFL28,N0,,,,,IFL 12.25% 2028,7500.00,7500.00,7500.00,7500.00,7500.00,7056.00,,7500.00,,,4,30000.00,2,F1,1,,,,,
2026-09-18,2026-09-18,CM,NSE,STK,634,INE188B01013,IGARASHI,EQ,,,,,IGARASHI MOTORS INDIA LTD,433.70,439.90,428.60,432.35,431.65,428.80,,432.34,,,77496,33517305.25,2778,F1,1,,,,,
2026-09-18,2026-09-18,CM,NSE,STK,761118,INE530B07633,865IIFL31,Y6,,,,,IIFL 8.65% TR I SR III,979.99,979.99,979.99,979.99,979.99,971.01,,979.99,,,240,235197.60,1,F1,1,,,,,
2026-09-18,2026-09-18,CM,NSE,STK,761119,INE530B07617,870IIFL28,Y7,,,,,IIFL 8.70% TR I SR IV,1041.03,1041.03,1041.03,1041.03,1041.03,1020.20,,1041.03,,,94,97856.82,1,F1,1,,,,,
2026-09-18,2026-09-18,CM,NSE,STK,761121,INE530B07609,9IIFL31,Y9,,,,,IIFL 9.00% TR I SR VI,1010.00,1030.00,1010.00,1010.10,1010.10,1010.00,,1007.10,,,333,338347.60,28,F1,1,,,,,
2026-09-18,2026-09-18,CM,NSE,STK,756141,INE530B07534,930IIFL27,NX,,,,,IIFL 9:30% TR I SR III,1022.00,1022.00,1022.00,1022.00,1022.00,1115.00,,1016.91,,,1,1022.00,1,F1,1,,,,,
2026-09-18,2026-09-18,CM,NSE,STK,13072,INE489L01022,IIFLCAPS,EQ,,,,,IIFL CAPITAL SERVICES LTD,336.90,346.85,336.80,345.10,345.45,336.95,,345.11,,,1665584,571554888.20,13438,F1,1,,,,,
2026-09-18,2026-09-18,CM,NSE,STK,11809,INE530B01024,IIFL,EQ,,,,,IIFL FINANCE LIMITED,602.00,614.25,598.50,600.20,600.00,596.55,,600.20,,,2243955,1358963327.00,46070,F1,1,,,,,
2026-09-18,2026-09-18,CM,NSE,STK,761123,INE530B07625,IIFL60326,YB,,,,,IIFL TR I SR VIII,1006.20,1006.20,1006.20,1006.20,1006.20,1005.00,,1006.20,,,100,100620.00,1,F1,1,,,,,
2026-09-18,2026-09-18,CM,NSE,STK,16822,INE0LOJ01019,IKIO,EQ,,,,,IKIO TECHNOLOGIES LIMITED,206.62,217.90,205.68,210.25,210.45,205.83,,210.26,,,516858,109750903.58,11992,F1,1,,,,,
2026-09-18,2026-09-18,CM,NSE,STK,9380,INE369I01014,IL&FSENGG,BZ,,,,,IL&FS ENG AND CONS CO LTD,39.00,40.95,38.60,40.56,40.95,39.00,,40.56,,,77426,3089439.17,105,F1,1,,,,,
2026-09-18,2026-09-18,CM,NSE,STK,6711,INE050B01023,IVC,EQ,,,,,IL&FS INVESTMENT MANAGERS,7.79,8.00,7.79,7.90,7.92,7.85,,7.90,,,144297,1138486.82,713,F1,1,,,,,
2026-09-18,2026-09-18,CM,NSE,STK,9381,INE975G01012,IL&FSTRANS,BZ,,,,,IL&FS TRANS NET LTD,1.95,1.95,1.86,1.91,1.92,1.91,,1.91,,,25002,47855.52,57,F1,1,,,,,
2026-09-18,2026-09-18,CM,NSE,STK,7672,INE172N01012,IMAGICAA,EQ,,,,,IMAGICAAWORLD ENT LTD,51.43,54.79,51.19,52.82,53.30,51.18,,52.81,,,1607686,86079612.51,8130,F1,1,,,,,
2026-09-18,2026-09-18,CM,NSE,STK,25881,INE691G01015,IMPEXFERRO,BZ,,,,,IMPEX FERRO TECH LIMITED,5.58,5.58,5.58,5.58,5.58,5.48,,5.49,,,29142,162612.36,37,F1,1,,,,,
2026-09-18,2026-09-18,CM,NSE,STK,17507,INE452L01012,INCREDIBLE,EQ,,,,,INCREDIBLE INDUSTRIES LTD,34.45,34.45,32.12,32.37,33.39,33.31,,33.31,,,3415,111455.11,105,F1,1,,,,,
2026-09-18,2026-09-18,CM,NSE,STK,12009,INE547E01014,IMPAL,EQ,,,,,IND MOTOR PART & ACC LTD,1084.00,1112.80,1058.50,1065.60,1065.00,1077.70,,1066.08,,,1932,2070146.60,198,F1,1,,,,,
2026-09-18,2026-09-18,CM,NSE,STK,4870,INE915B01019,INDSWFTLAB,EQ,,,,,IND SWIFT LABORATORIES LT,377.55,385.15,368.00,373.25,372.90,378.25,,373.24,,,399757,150057370.05,9177,F1,1,,,,,
2026-09-18,2026-09-18,CM,NSE,STK,21957,INE611L01021,INDTERRAIN,EQ,,,,,IND TERRAIN FASHIONS LTD,28.86,29.98,28.12,28.91,29.00,28.90,,28.91,,,57089,1656984.77,320,F1,1,,,,,
2026-09-18,2026-09-18,CM,NSE,STK,16933,INE841B01017,INDBANK,EQ,,,,,INDBANK MERCH BANK,25.70,26.26,25.35,25.56,25.45,25.66,,25.57,,,27153,697330.11,559,F1,1,,,,,
2026-09-18,2026-09-18,CM,NSE,STK,29678,INE0O9T01021,BAJAJINDEF,EQ,,,,,INDEF MANUFACTURING LTD,220.24,221.59,214.60,214.94,214.60,221.00,,215.00,,,29344,6331342.50,795,F1,1,,,,,
2026-09-18,2026-09-18,CM,NSE,STK,23693,INE065X01017,INDGN,EQ,,,,,INDEGENE LIMITED,595.55,611.70,590.50,600.10,593.00,591.75,,599.81,,,469267,280129022.05,18885,F1,1,,,,,
2026-09-18,2026-09-18,CM,NSE,STK,1521,INE560A01023,INDIAGLYCO,EQ,,,,,INDIA GLYCOLS LTD,250.10,282.00,250.10,263.70,263.50,248.70,,263.73,,,1678037,451526248.70,41091,F1,1,,,,,
2026-09-18,2026-09-18,CM,NSE,STK,4747,INE092B01025,INDNIPPON,EQ,,,,,INDIA NIPPON ELECT  LTD,1272.00,1279.60,1250.00,1260.00,1250.00,1262.10,,1259.78,,,32358,40917840.40,3862,F1,1,,,,,
2026-09-18,2026-09-18,CM,NSE,STK,4934,INE0D6701023,IPL,EQ,,,,,INDIA PESTICIDES LIMITED,139.38,140.04,134.10,134.67,134.90,138.69,,134.66,,,496519,67552844.32,5756,F1,1,,,,,
2026-09-18,2026-09-18,CM,NSE,STK,20556,INE922K01024,INDIASHLTR,EQ,,,,,INDIA SHELTER FIN CORP L,673.00,685.00,668.90,681.85,681.70,670.20,,681.83,,,62948,42663900.20,3381,F1,1,,,,,
2026-09-18,2026-09-18,CM,NSE,STK,19299,INE353K01014,ITDC,EQ,,,,,INDIA TOUR. DEV. CO. LTD.,662.70,667.40,655.60,658.30,659.00,662.70,,658.28,,,46546,30655517.35,3521,F1,1,,,,,
2026-09-18,2026-09-18,CM,NSE,STK,24999,INE126M01010,IBULLSLTD,EQ,,,,,INDIABULLS LIMITED,30.00,31.00,29.51,30.39,30.60,29.65,,30.39,,,34084914,1035824076.89,25529,F1,1,,,,,
2026-09-18,2026-09-18,CM,NSE,STK,10726,INE933S01016,INDIAMART,EQ,,,,,INDIAMART INTERMESH LTD,1651.40,1667.00,1622.40,1646.30,1650.00,1662.70,,1646.27,,,709316,1165553360.80,33856,F1,1,,,,,
2026-09-18,2026-09-18,CM,NSE,STK,14309,INE562A01011,INDIANB,EQ,,,,,INDIAN BANK,845.00,848.85,835.00,839.80,839.80,840.50,,839.80,,,1400080,1177442356.40,29330,F1,1,,,,,
2026-09-18,2026-09-18,CM,NSE,STK,4422,INE061A01014,INDIANCARD,EQ,,,,,INDIAN CARD CLOTHING CO.,209.00,214.00,209.00,210.00,210.00,209.00,,210.00,,,144,30235.53,12,F1,1,,,,,
2026-09-18,2026-09-18,CM,NSE,STK,23792,INE0RRU01016,IEML,ST,,,,,INDIAN EMULSIFIERS LTD,40.55,43.40,40.00,42.95,43.40,41.35,,42.95,,,70000,2950975.00,110,F1,500,,,,,
2026-09-18,2026-09-18,CM,NSE,STK,220,INE022Q01020,IEX,EQ,,,,,INDIAN ENERGY EXC LTD,113.00,115.46,113.00,115.46,115.46,113.40,,115.46,,,2248423,257206765.68,16066,F1,1,,,,,
2026-09-18,2026-09-18,CM,NSE,STK,1530,INE323C01030,INDIANHUME,EQ,,,,,INDIAN HUME PIPE CO. LTD.,356.30,370.00,355.25,365.30,364.50,354.85,,365.31,,,81339,29600266.40,3043,F1,1,,,,,
2026-09-18,2026-09-18,CM,NSE,STK,19235,INE919H01018,IMFA,EQ,,,,,INDIAN METALS & FERRO,1264.10,1290.50,1249.00,1252.20,1249.00,1273.70,,1252.18,,,49098,61938623.80,4929,F1,1,,,,,
2026-09-18,2026-09-18,CM,NSE,STK,1624,INE242A01010,IOC,EQ,,,,,INDIAN OIL CORP LTD,135.02,137.00,134.60,137.00,137.00,134.27,,137.00,,,11505787,1566116028.58,45169,F1,1,,,,,
2026-09-18,2026-09-18,CM,NSE,STK,9348,INE565A01014,IOB,EQ,,,,,INDIAN OVERSEAS BANK,32.18,32.32,32.00,32.17,32.25,32.10,,32.17,,,1954679,62839767.54,12843,F1,1,,,,,
2026-09-18,2026-09-18,CM,NSE,STK,25033,INE0DHF01018,IPHL,SM,,,,,INDIAN PHOSPHATE LIMITED,70.50,71.05,70.50,71.05,71.05,71.05,,71.05,,,4800,339120.00,4,F1,1200,,,,,
2026-09-18,2026-09-18,CM,NSE,STK,13611,INE335Y01020,IRCTC,EQ,,,,,INDIAN RAIL TOUR CORP LTD,458.00,480.00,457.15,476.75,477.00,457.00,,476.73,,,1670118,787226441.85,46146,F1,1,,,,,
2026-09-18,2026-09-18,CM,NSE,STK,2029,INE053F01010,IRFC,EQ,,,,,INDIAN RAILWAY FIN CORP L,79.32,81.50,79.32,81.50,81.50,79.31,,81.50,,,14377921,1159119354.53,49309,F1,1,,,,,
2026-09-18,2026-09-18,CM,NSE,STK,20261,INE202E01016,IREDA,EQ,,,,,INDIAN RENEWABLE ENERGY,109.79,114.32,109.21,114.32,114.32,108.99,,114.31,,,5072770,566212304.07,28813,F1,1,,,,,
2026-09-18,2026-09-18,CM,NSE,STK,762727,INE586E01020,IWP,EQ,,,,,INDIAN WOOD PRODUCTS CO L,35.95,35.95,33.62,34.73,34.72,34.71,,34.73,,,9946,343942.25,206,F1,1,,,,,
2026-09-18,2026-09-18,CM,NSE,STK,2048,INE09VQ01012,INDIGOPNTS,EQ,,,,,INDIGO PAINTS LIMITED,1108.90,1108.90,1080.00,1099.70,1104.50,1098.90,,1099.76,,,43988,48097117.40,5701,F1,1,,,,,
2026-09-18,2026-09-18,CM,NSE,STK,20988,INE219X23014,INDIGRID,IV,,,,,INDIGRID INFRASTRUCT TRST,173.12,174.30,173.00,173.49,173.45,173.12,,173.49,,,1489506,258403683.13,19907,F1,1,,,,,
2026-09-18,2026-09-18,CM,NSE,STK,757845,INE06ST01018,INDIQUBE,EQ,,,,,INDIQUBE SPACES LIMITED,200.00,202.87,190.90,192.85,191.25,202.45,,192.86,,,81977,16012849.58,2435,F1,1,,,,,
2026-09-18,2026-09-18,CM,NSE,STK,9120,INE760F01028,INDOAMIN,BE,,,,,INDO AMINES LIMITED,124.50,128.50,121.70,126.55,126.00,123.57,,126.56,,,36333,4567089.87,277,F1,1,,,,,
2026-09-18,2026-09-18,CM,NSE,STK,8614,INE803D01021,INDOBORAX,EQ,,,,,INDO BORAX & CHEMICAL LTD,466.75,481.65,466.75,472.60,472.25,466.75,,472.05,,,40484,19125778.60,2386,F1,1,,,,,
2026-09-18,2026-09-18,CM,NSE,STK,11987,INE483B01026,ICIL,EQ,,,,,INDO COUNT INDUSTRIES LTD,436.70,449.00,435.00,447.35,443.85,435.50,,447.37,,,300607,133708004.70,11785,F1,1,,,,,
2026-09-18,2026-09-18,CM,NSE,STK,29025,INE622H01018,INDOFARM,EQ,,,,,INDO FARM EQUIPMENT LTD,135.90,137.74,135.02,136.78,136.51,135.07,,136.78,,,92008,12523715.52,1168,F1,1,,,,,
2026-09-18,2026-09-18,CM,NSE,STK,10993,INE156A01020,INDORAMA,EQ,,,,,INDO RAMA SYNTHETICS LTD,89.87,93.49,87.43,91.05,91.60,89.19,,91.05,,,1163975,106297476.75,11322,F1,1,,,,,
2026-09-18,2026-09-18,CM,NSE,STK,13275,INE332H01014,INDOTECH,EQ,,,,,INDO TECH TRANSFORM LTD.,3429.00,3459.00,3350.00,3394.70,3355.00,3411.40,,3394.67,,,8364,28578174.80,1591,F1,1,,,,,
2026-09-18,2026-09-18,CM,NSE,STK,25608,INE337M01021,INDOTHAI,EQ,,,,,INDO THAI SEC LTD,33.56,36.50,33.56,33.56,33.56,35.32,,33.56,,,3760631,129133670.27,8454,F1,1,,,,,
2026-09-18,2026-09-18,CM,NSE,STK,25503,INE250Z01010,INDOUS,EQ,,,,,INDO US BIOTECH LTD,78.92,81.20,76.50,78.00,78.00,79.34,,77.99,,,5215,409990.37,309,F1,1,,,,,
2026-09-18,2026-09-18,CM,NSE,STK,764301,INE084101034,INDOMIM,EQ,,,,,INDO-MIM LIMITED,999.00,1064.00,990.50,1055.90,1062.00,993.20,,1056.00,,,3925761,4069794029.60,136840,F1,1,,,,,
2026-09-18,2026-09-18,CM,NSE,STK,6782,INE567A01028,NIPPOBATRY,EQ,,,,,INDO-NATIONAL LIMITED,327.00,327.00,315.20,319.80,320.00,315.20,,319.80,,,1463,467188.45,110,F1,1,,,,,
2026-09-18,2026-09-18,CM,NSE,STK,11677,INE873D01024,INDOCO,EQ,,,,,INDOCO REMEDIES LTD.,254.44,259.65,247.00,249.01,248.99,254.44,,249.03,,,205516,52265535.55,5672,F1,1,,,,,
2026-09-18,2026-09-18,CM,NSE,STK,757801,INE05J901018,IGCL,EQ,,,,,INDOGULF CROPSCIENCES LTD,66.22,68.75,65.15,67.05,67.50,66.22,,67.03,,,121706,8096483.49,1943,F1,1,,,,,
2026-09-18,2026-09-18,CM,NSE,STK,764708,INE716F01012,INDOKEM,EQ,,,,,INDOKEM LTD.,643.15,668.00,602.00,620.00,615.05,643.15,,621.86,,,13991,8887938.00,838,F1,1,,,,,
2026-09-18,2026-09-18,CM,NSE,STK,19955,INE866K01023,WAAREEINDO,EQ,,,,,INDOSOLAR LIMITED,260.10,271.70,253.30,267.95,268.00,258.80,,268.06,,,293556,78840971.40,3946,F1,1,,,,,
2026-09-18,2026-09-18,CM,NSE,STK,3088,INE896L01010,INDOSTAR,EQ,,,,,INDOSTAR CAPITAL FIN LTD,232.69,244.90,227.59,241.05,240.55,229.49,,241.12,,,121475,28960367.03,2439,F1,1,,,,,
2026-09-18,2026-09-18,CM,NSE,STK,14952,INE227G01018,INDOWIND,EQ,,,,,INDOWIND ENERGY LTD,9.15,9.15,8.82,8.92,8.82,8.93,,8.94,,,72495,653031.02,364,F1,1,,,,,
2026-09-18,2026-09-18,CM,NSE,STK,11262,INE203G01027,IGL,EQ,,,,,INDRAPRASTHA GAS LTD,148.50,151.79,148.10,148.56,148.25,148.67,,148.57,,,4539547,675867533.06,47438,F1,1,,,,,
2026-09-18,2026-09-18,CM,NSE,STK,4751,INE681B01017,INDRAMEDCO,EQ,,,,,INDRAPRASTHA MEDICAL CORP,360.55,366.90,360.05,362.90,361.70,363.65,,362.89,,,134873,49100090.00,4687,F1,1,,,,,
2026-09-18,2026-09-18,CM,NSE,STK,23036,INE0NHL23019,INDUSINVIT,IV,,,,,INDUS INFRA TRUST,131.94,132.37,131.52,132.05,131.98,131.94,,132.05,,,66874,8835327.45,3818,F1,1,,,,,
2026-09-18,2026-09-18,CM,NSE,STK,29135,INE121J01017,INDUSTOWER,EQ,,,,,INDUS TOWERS LIMITED,380.90,382.50,375.90,375.90,375.90,381.35,,375.91,,,4696284,1773670936.30,41285,F1,1,,,,,
2026-09-18,2026-09-18,CM,NSE,STK,5258,INE095A01012,INDUSINDBK,EQ,,,,,INDUSIND BANK LIMITED,963.80,969.30,955.30,966.30,966.30,958.20,,966.27,,,6250679,6028003899.50,41220,F1,1,,,,,
2026-09-18,2026-09-18,CM,NSE,STK,762717,INE620D01011,INDPRUD,EQ,,,,,INDUSTRIAL & PRU INV CO L,6304.50,6304.50,6150.00,6227.50,6210.50,6273.50,,6227.50,,,64,394956.50,13,F1,1,,,,,
2026-09-18,2026-09-18,CM,NSE,STK,19525,INE886A01014,IITL,EQ,,,,,INDUSTRIAL INV TRUST LTD,149.90,149.96,142.00,143.37,143.00,148.03,,143.38,,,110592,16306148.96,893,F1,1,,,,,
2026-09-18,2026-09-18,CM,NSE,STK,15036,INE0MRE01011,INFINIUM,SM,,,,,INFINIUM PHARMACHEM LTD,276.90,276.90,265.00,265.00,265.00,278.50,,265.00,,,3000,801850.00,6,F1,500,,,,,
2026-09-18,2026-09-18,CM,NSE,STK,757602,INE0MYZ01012,INFLUX,SM,,,,,INFLUX HEALTHTECH LIMITED,286.75,290.00,271.00,273.70,274.00,283.95,,273.70,,,29400,8233230.00,49,F1,600,,,,,
2026-09-18,2026-09-18,CM,NSE,STK,13751,INE663F01032,NAUKRI,EQ,,,,,INFO EDGE (I) LTD,1265.00,1284.00,1251.20,1251.20,1251.20,1265.00,,1251.20,,,1486135,1883581536.30,40888,F1,1,,,,,
2026-09-18,2026-09-18,CM,NSE,STK,11027,INE344S01016,INFOBEAN,EQ,,,,,INFOBEANS TECHNO. LTD.,151.16,152.40,150.01,151.27,151.02,150.41,,151.23,,,99135,14965815.72,1834,F1,1,,,,,
2026-09-18,2026-09-18,CM,NSE,STK,16588,INE0NNZ01013,INFOLLION,SM,,,,,INFOLLION RESEARCH SER L,156.50,159.95,155.00,156.50,156.00,156.50,,156.50,,,2800,439380.00,7,F1,400,,,,,
2026-09-18,2026-09-18,CM,NSE,STK,13693,INE669A01022,INFOMEDIA,EQ,,,,,INFOMEDIA PRESS LIMITED,5.56,5.56,4.91,5.28,5.40,5.29,,5.28,,,35771,184575.85,80,F1,1,,,,,
2026-09-18,2026-09-18,CM,NSE,STK,1594,INE009A01021,INFY,EQ,,,,,INFOSYS LIMITED,1061.90,1061.90,1038.00,1051.40,1051.40,1058.60,,1051.40,,,22124953,23185450968.90,133181,F1,1,,,,,
2026-09-18,2026-09-18,CM,NSE,STK,1597,INE177A01018,INGERRAND,EQ,,,,,INGERSOLL-RAND INDIA LTD,4226.00,4275.90,4135.00,4155.70,4150.00,4225.20,,4155.90,,,41603,174527390.10,7246,F1,1,,,,,
2026-09-18,2026-09-18,CM,NSE,STK,25323,INE0S1D01010,INNOMET,ST,,,,,INNOMET ADVANCED MATERI L,284.00,284.00,280.00,281.05,281.05,283.75,,281.05,,,28800,8147610.00,32,F1,600,,,,,
2026-09-18,2026-09-18,CM,NSE,STK,21062,INE0DUT01020,INNOVACAP,EQ,,,,,INNOVA CAPTAB LIMITED,1150.00,1183.60,1150.00,1179.80,1172.50,1149.50,,1179.86,,,32076,37548305.90,4402,F1,1,,,,,
2026-09-18,2026-09-18,CM,NSE,STK,27754,INE403Y01018,INNOVANA,EQ,,,,,INNOVANA THINKLABS LTD,300.20,306.00,297.30,303.25,306.00,298.95,,303.25,,,35756,10779059.55,526,F1,1,,,,,
2026-09-18,2026-09-18,CM,NSE,STK,761528,INE0ADB01012,INNOVISION,EQ,,,,,INNOVISION LIMITED,254.35,254.80,251.60,253.10,252.45,254.45,,253.14,,,8009,2025730.85,431,F1,1,,,,,
2026-09-18,2026-09-18,CM,NSE,STK,12188,INE510W01014,INOXGREEN,EQ,,,,,INOX GREEN ENERGY SER LTD,174.64,175.93,170.07,171.32,171.00,174.64,,171.32,,,536646,92338921.62,4979,F1,1,,,,,
2026-09-18,2026-09-18,CM,NSE,STK,20607,INE616N01034,INOXINDIA,EQ,,,,,INOX INDIA LIMITED,2030.00,2104.60,2016.00,2098.80,2099.70,2014.80,,2098.76,,,229005,476283112.50,24799,F1,1,,,,,
2026-09-18,2026-09-18,CM,NSE,STK,7852,INE066P01011,INOXWIND,EQ,,,,,INOX WIND LIMITED,74.33,76.80,74.29,76.80,76.80,74.10,,76.79,,,10976663,828971968.37,23509,F1,1,,,,,
2026-09-18,2026-09-18,CM,NSE,STK,14657,INE070I01018,INSECTICID,EQ,,,,,INSECTICIDES (I) LTD,597.55,608.25,597.35,605.60,608.00,598.85,,605.61,,,5335,3213916.80,449,F1,1,,,,,
2026-09-18,2026-09-18,CM,NSE,STK,761099,INE0LGX01024,INA,EQ,,,,,INSOLATION ENERGY LIMITED,88.66,93.50,87.81,91.70,92.90,87.38,,91.64,,,561788,50813798.05,3556,F1,1,,,,,
2026-09-18,2026-09-18,CM,NSE,STK,19154,INE0NDX01019,INSPIRE,SM,,,,,INSPIRE FILMS LIMITED,9.70,9.70,9.00,9.00,9.00,9.25,,9.00,,,4000,37400.00,2,F1,2000,,,,,
2026-09-18,2026-09-18,CM,NSE,STK,13730,INE020G01017,INSPIRISYS,EQ,,,,,INSPIRISYS SOLUTIONS LTD,85.79,85.79,82.05,83.16,84.00,84.44,,83.27,,,2161,181634.67,51,F1,1,,,,,
2026-09-18,2026-09-18,CM,NSE,STK,30323,INE418N01035,ESSENTIA,EQ,,,,,INTEGRA ESSENTIA LIMITED,1.03,1.04,1.02,1.03,1.04,1.02,,1.03,,,1591457,1638675.42,678,F1,1,,,,,
2026-09-18,2026-09-18,CM,NSE,STK,5926,INE306R01017,INTELLECT,EQ,,,,,INTELLECT DESIGN ARENA,651.70,656.90,641.40,647.45,646.40,651.30,,647.44,,,290091,188090692.20,14097,F1,1,,,,,
2026-09-18,2026-09-18,CM,NSE,STK,20071,INE781A01025,INTENTECH,EQ,,,,,INTENSE TECHNOLOGIES LTD,77.46,80.00,76.92,78.14,78.35,77.45,,78.14,,,11763,915537.41,217,F1,1,,,,,
2026-09-18,2026-09-18,CM,NSE,STK,24909,INE00M901018,INTERARCH,EQ,,,,,INTERARCH BLDNG SOLTN LTD,1701.00,1719.90,1684.10,1705.80,1705.00,1692.20,,1705.54,,,35940,61172586.20,3353,F1,1,,,,,
2026-09-18,2026-09-18,CM,NSE,STK,11195,INE646L01027,INDIGO,EQ,,,,,INTERGLOBE AVIATION LTD,4925.00,4970.00,4881.00,4920.00,4920.00,4845.00,,4919.83,,,732347,3612183364.00,49212,F1,1,,,,,
2026-09-18,2026-09-18,CM,NSE,STK,22770,INE0OPC01015,INM,SM,,,,,INTERIORS & MORE LIMITED,162.90,162.90,162.90,162.90,162.90,152.05,,162.90,,,600,97740.00,1,F1,600,,,,,
2026-09-18,2026-09-18,CM,NSE,STK,5606,INE575C01027,INTLCONV,EQ,,,,,INTL CONVEYORS LIMITED,76.49,77.48,76.26,76.60,76.27,76.49,,76.60,,,17876,1374292.60,745,F1,1,,,,,
2026-09-18,2026-09-18,CM,NSE,STK,28378,INE0Q9301021,IGIL,EQ,,,,,INTL GEMOLOGICAL INST LTD,318.80,337.90,316.95,330.95,330.45,314.90,,330.95,,,2435441,797835723.40,62142,F1,1,,,,,
2026-09-18,2026-09-18,CM,NSE,STK,18479,INE566K01011,ISFT,EQ,,,,,INTRASOFT TECH. LTD,98.97,98.97,88.53,95.16,93.65,90.26,,95.15,,,414668,39191669.97,7216,F1,1,,,,,
2026-09-18,2026-09-18,CM,NSE,STK,24870,INE878H01024,INVENTURE,EQ,,,,,INVENTURE GRO & SEC LTD,0.89,0.90,0.89,0.89,0.89,0.89,,0.89,,,358172,320253.47,294,F1,1,,,,,
2026-09-18,2026-09-18,CM,NSE,STK,28125,INE115Q01022,IKS,EQ,,,,,INVENTURUS KNOWLEDGE SO L,1721.00,1795.50,1721.00,1779.90,1794.00,1728.90,,1779.91,,,451923,804344724.10,25285,F1,1,,,,,
2026-09-18,2026-09-18,CM,NSE,STK,18292,INF205KA1BP1,IVZINGOLD,EQ,,,,,INVESCO INDIA GOLD ETF,132.55,134.00,131.90,133.75,133.95,131.10,,133.75,,,33465,4469444.20,443,F1,1,,,,,
2026-09-18,2026-09-18,CM,NSE,STK,24217,INF205KA1CC7,IVZINNIFTY,EQ,,,,,INVESCO INDIA NIFTY ETF,274.20,274.20,266.90,267.76,267.76,267.52,,267.76,,,209,55884.69,21,F1,1,,,,,
2026-09-18,2026-09-18,CM,NSE,STK,762725,INE155E01016,INVPRECQ,BE,,,,,INVESTMENT & PREC CAST L,1375.00,1375.90,1350.00,1357.00,1357.00,1349.00,,1372.00,,,1269,1735828.00,43,F1,1,,,,,
2026-09-18,2026-09-18,CM,NSE,STK,760139,INE0XJ501010,INVICTA,SM,,,,,INVICTA DIAGNOSTIC LTD,64.40,68.10,64.40,68.10,68.10,66.00,,68.10,,,6400,427920.00,4,F1,1600,,,,,
2026-09-18,2026-09-18,CM,NSE,STK,20413,INE485C01029,IOLCP,EQ,,,,,IOL CHEM AND PHARMA LTD,198.50,206.00,195.70,203.15,203.14,197.49,,203.14,,,4695376,945062571.65,52561,F1,1,,,,,
2026-09-18,2026-09-18,CM,NSE,STK,1630,INE570A01022,IONEXCHANG,EQ,,,,,ION EXCHANGE (INDIA) LTD,424.35,446.80,423.25,442.30,441.15,424.35,,442.30,,,491666,215320936.95,17145,F1,1,,,,,
2026-09-18,2026-09-18,CM,NSE,STK,764713,INE558A01019,IPRINGLTD,EQ,,,,,IP RINGS LTD.,138.50,141.99,137.10,139.95,140.00,137.00,,139.95,,,2570,358027.37,79,F1,1,,,,,
2026-09-18,2026-09-18,CM,NSE,STK,1633,INE571A01038,IPCALAB,EQ,,,,,IPCA LABORATORIES LTD,1972.30,2038.00,1964.00,2009.60,1999.00,1970.30,,2009.69,,,527501,1056837264.90,35647,F1,1,,,,,
2026-09-18,2026-09-18,CM,NSE,STK,15313,INE821I01022,IRB,EQ,,,,,IRB INFRA DEV LTD.,18.99,18.99,18.38,18.48,18.43,18.85,,18.48,,,21372707,397280075.44,33159,F1,1,,,,,
2026-09-18,2026-09-18,CM,NSE,STK,20817,INE183W23014,IRBINVIT,IV,,,,,IRB INVIT FUND,63.85,65.25,63.85,65.12,64.80,63.85,,65.12,,,1394444,90383018.54,5839,F1,1,,,,,
2026-09-18,2026-09-18,CM,NSE,STK,4986,INE962Y01021,IRCON,EQ,,,,,IRCON INTERNATIONAL LTD,107.90,110.75,107.00,109.85,109.97,107.86,,109.85,,,2642536,288790214.91,32436,F1,1,,,,,
2026-09-18,2026-09-18,CM,NSE,STK,2275,INE01GN01025,IRISDOREME,EQ,,,,,IRIS CLOTHINGS LIMITED,62.85,66.30,61.00,64.58,64.98,62.55,,64.58,,,2408240,152755487.05,6183,F1,1,,,,,
2026-09-18,2026-09-18,CM,NSE,STK,6489,INE864K01010,IRIS,EQ,,,,,IRIS REGTECH SOLUTION LTD,240.10,241.80,235.91,238.09,237.05,237.13,,238.09,,,5209,1240717.32,353,F1,1,,,,,
2026-09-18,2026-09-18,CM,NSE,STK,19597,INE07U701015,IRMENERGY,EQ,,,,,IRM ENERGY LIMITED,278.15,278.15,268.00,270.20,270.25,269.10,,270.20,,,69769,18831212.40,2516,F1,1,,,,,
2026-09-18,2026-09-18,CM,NSE,STK,763789,INE413U07475,920ISF28,N0,,,,,ISF 9.20% 2028,9579.50,9775.00,9500.00,9500.09,9500.09,9775.00,,9500.09,,,98,940580.64,15,F1,1,,,,,
2026-09-18,2026-09-18,CM,NSE,STK,761208,INE413U07442,925ISF28,N0,,,,,ISF 9.25% 2028,9800.00,9812.00,9800.00,9812.00,9812.00,9800.00,,9812.00,,,23,225604.00,4,F1,1,,,,,
2026-09-18,2026-09-18,CM,NSE,STK,757708,INE413U07426,950ISF27C,N0,,,,,ISF 9.50% 2027,9950.00,9950.00,9950.00,9950.00,9950.00,9929.10,,9950.00,,,2,19900.00,1,F1,1,,,,,
2026-09-18,2026-09-18,CM,NSE,STK,3329,INE858B01029,ISGEC,EQ,,,,,ISGEC HEAVY ENG LTD,773.45,790.00,769.15,786.25,790.00,769.60,,786.20,,,50228,39239136.85,4347,F1,1,,,,,
2026-09-18,2026-09-18,CM,NSE,STK,30249,INE561M01018,ISHANCH,EQ,,,,,ISHAN DYES N CHEMICALS L,50.00,53.25,49.50,51.04,50.50,49.43,,51.06,,,41286,2126499.85,555,F1,1,,,,,
2026-09-18,2026-09-18,CM,NSE,STK,22645,INE0R7R01018,ITALIANE,SM,,,,,ITALIAN EDIBLES LIMITED,29.60,29.75,29.60,29.75,29.75,31.00,,29.75,,,4000,118700.00,2,F1,2000,,,,,
2026-09-18,2026-09-18,CM,NSE,STK,29251,INE379A01028,ITCHOTELS,EQ,,,,,ITC HOTELS LIMITED,154.99,159.50,154.40,158.80,158.90,154.33,,158.80,,,2982731,471945859.76,33775,F1,1,,,,,
2026-09-18,2026-09-18,CM,NSE,STK,1660,INE154A01025,ITC,EQ,,,,,ITC LTD,266.60,266.60,262.30,262.30,262.30,266.20,,262.30,,,14399150,3805581978.00,103894,F1,1,,,,,
2026-09-18,2026-09-18,CM,NSE,STK,1675,INE248A01017,ITI,EQ,,,,,ITI LTD,254.80,257.45,252.00,256.30,256.00,255.30,,256.30,,,79274,20273303.00,3023,F1,1,,,,,
2026-09-18,2026-09-18,CM,NSE,STK,764723,INE478D01014,ITL,EQ,,,,,ITL INDUSTRIES LTD.,358.00,371.70,355.00,356.85,361.95,362.50,,356.92,,,1046,375639.55,103,F1,1,,,,,
2026-09-18,2026-09-18,CM,NSE,STK,759041,INE056801025,IVALUE,EQ,,,,,IVALUE INFOSOLUTIONS LTD,229.00,229.16,218.10,222.03,221.70,228.08,,222.04,,,132240,29594548.67,2857,F1,1,,,,,
2026-09-18,2026-09-18,CM,NSE,STK,8857,INE043C01018,IVP,BE,,,,,IVP LIMITED,210.71,219.50,210.71,215.04,216.00,214.71,,214.27,,,9157,1991587.87,95,F1,1,,,,,
2026-09-18,2026-09-18,CM,NSE,STK,757644,INE1AII01014,IWARE,ST,,,,,IWARE SUPPLYCHAIN SER LTD,405.00,405.00,390.00,390.60,390.00,409.75,,390.60,,,20400,8063610.00,31,F1,600,,,,,
2026-09-18,2026-09-18,CM,NSE,STK,14174,INE848A01014,IZMO,EQ,,,,,IZMO LIMITED,923.00,944.60,913.60,934.35,936.00,913.25,,934.39,,,130243,121236980.80,8369,F1,1,,,,,
2026-09-18,2026-09-18,CM,NSE,STK,5633,INE168A01041,J&KBANK,EQ,,,,,J & K BANK LTD.,147.60,149.70,145.00,146.58,146.25,147.28,,146.59,,,3653479,539953532.16,36501,F1,1,,,,,
2026-09-18,2026-09-18,CM,NSE,STK,23056,INE0MB501011,JGCHEM,EQ,,,,,J.G.CHEMICALS LIMITED,593.25,619.95,592.20,612.40,613.10,588.15,,612.40,,,346503,211681710.20,14280,F1,1,,,,,
2026-09-18,2026-09-18,CM,NSE,STK,13211,INE199G01027,JAGRAN,EQ,,,,,JAGRAN PRAKASHAN LIMITED,62.50,62.50,61.50,62.36,62.50,61.96,,62.36,,,110739,6872820.17,1380,F1,1,,,,,
2026-09-18,2026-09-18,CM,NSE,STK,4410,INE048B01035,JAGSNPHARM,EQ,,,,,JAGSONPAL PHARMACEUTICALS,228.78,230.49,226.00,228.42,227.95,227.24,,228.41,,,48985,11159915.57,1670,F1,1,,,,,
2026-09-18,2026-09-18,CM,NSE,STK,11256,INE091G01026,JAIBALAJI,EQ,,,,,JAI BALAJI INDUSTRIES LTD,63.55,65.24,63.20,64.48,65.09,63.81,,64.46,,,524099,33780915.75,3484,F1,1,,,,,
2026-09-18,2026-09-18,CM,NSE,STK,5143,INE070D01027,JAICORPLTD,EQ,,,,,JAI CORP LIMITED,93.20,94.80,93.20,94.42,94.25,93.17,,94.42,,,148952,13994982.25,2280,F1,1,,,,,
2026-09-18,2026-09-18,CM,NSE,STK,25684,IN9175A01010,JISLDVREQS,EQ,,,,,JAIN DVR EQUITY SHARES,21.29,21.97,20.55,20.94,21.15,21.18,,21.00,,,12202,254252.90,190,F1,1,,,,,
2026-09-18,2026-09-18,CM,NSE,STK,10397,INE175A01038,JISLJALEQS,EQ,,,,,JAIN IRRIGATION SYSTEMS,31.00,31.90,29.24,30.42,30.50,30.20,,30.43,,,5621238,171796215.29,18818,F1,1,,,,,
2026-09-18,2026-09-18,CM,NSE,STK,759244,INE0YD401026,JAINREC,EQ,,,,,JAIN RESOURCE RECYCLING L,275.00,278.55,272.00,276.25,276.35,274.05,,276.26,,,555155,152768067.35,11386,F1,1,,,,,
2026-09-18,2026-09-18,CM,NSE,STK,6012,INE02KC01010,JAINAM,SM,,,,,JAINAM FER ALLOYS (I) LTD,216.00,216.00,216.00,216.00,216.00,216.00,,216.00,,,1000,216000.00,2,F1,500,,,,,
2026-09-18,2026-09-18,CM,NSE,STK,758306,INE0XIL01012,JAINIK,ST,,,,,JAINIK POWER CABLES LTD,199.00,199.00,199.00,199.00,199.00,199.50,,199.00,,,2400,477600.00,2,F1,1200,,,,,
2026-09-18,2026-09-18,CM,NSE,STK,11763,INE351F01018,JPPOWER,EQ,,,,,JAIPRAKASH POWER VEN. LTD,15.25,15.49,15.17,15.37,15.35,15.26,,15.37,,,37304111,572526100.55,964557,F1,1,,,,,
2026-09-18,2026-09-18,CM,NSE,STK,20930,INE349X01015,JALAN,ST,,,,,JALAN TRANSOLU. INDIA LTD,1.70,1.70,1.70,1.70,1.70,1.75,,1.70,,,6000,10200.00,2,F1,3000,,,,,
2026-09-18,2026-09-18,CM,NSE,STK,20778,INE039C01032,JAMNAAUTO,EQ,,,,,JAMNA AUTO IND LTD,126.60,128.00,122.40,125.03,125.60,126.96,,125.03,,,2670217,331158605.36,25285,F1,1,,,,,
2026-09-18,2026-09-18,CM,NSE,STK,22663,INE953L01027,JSFB,EQ,,,,,JANA SMALL FIN BANK LTD,516.70,534.10,514.40,527.30,529.95,520.10,,527.30,,,1405254,741358004.55,23760,F1,1,,,,,
2026-09-18,2026-09-18,CM,NSE,STK,759951,INE00YJ01010,JARO,EQ,,,,,JARO INS OF TEC MG N RE L,476.55,477.00,462.15,465.40,465.60,471.05,,465.44,,,98491,46019816.40,2605,F1,1,,,,,
2026-09-18,2026-09-18,CM,NSE,STK,13982,INE039O01029,JASH,EQ,,,,,JASH ENGINEERING LIMITED,514.00,527.50,508.90,521.15,524.00,514.00,,521.20,,,166601,86364513.30,7173,F1,1,,,,,
2026-09-18,2026-09-18,CM,NSE,STK,25037,INE0SMY01017,JAYBEE,SM,,,,,JAY BEE LAMINATIONS LTD,83.95,85.35,82.05,82.30,82.10,81.35,,82.30,,,10500,876450.00,20,F1,500,,,,,
2026-09-18,2026-09-18,CM,NSE,STK,1708,INE571B01036,JAYBARMARU,EQ,,,,,JAY BHARAT MARUTI LTD,114.70,114.70,109.90,111.15,110.51,113.40,,111.16,,,160918,17979715.92,5595,F1,1,,,,,
2026-09-18,2026-09-18,CM,NSE,STK,10892,INE0J6801010,KORE,ST,,,,,JAY JALARAM TECHNO LTD,165.00,172.00,164.50,169.85,170.00,172.90,,169.85,,,11500,1940362.50,18,F1,250,,,,,
2026-09-18,2026-09-18,CM,NSE,STK,4041,INE785A01026,JAYAGROGN,EQ,,,,,JAYANT AGRO ORGANICS LTD,228.30,229.50,225.02,227.39,227.27,225.41,,227.63,,,6086,1383129.44,312,F1,1,,,,,
2026-09-18,2026-09-18,CM,NSE,STK,2331,INE854B01010,JAYNECOIND,EQ,,,,,JAYASWAL NECO INDUSTR LTD,89.08,89.75,88.60,89.26,89.70,88.94,,89.27,,,1630439,145247540.71,10171,F1,1,,,,,
2026-09-18,2026-09-18,CM,NSE,STK,759159,INE1AE401014,JAYESH,SM,,,,,JAYESH LOGISTICS LIMITED,127.00,127.00,127.00,127.00,127.00,130.85,,127.00,,,1000,127000.00,1,F1,1000,,,,,
2026-09-18,2026-09-18,CM,NSE,STK,760073,INE903A01025,JAYKAY,EQ,,,,,JAYKAY ENTERPRISES LTD,158.32,169.75,153.55,167.18,168.00,157.06,,167.21,,,966066,157503987.81,17388,F1,1,,,,,
2026-09-18,2026-09-18,CM,NSE,STK,1720,INE364A01020,JAYSREETEA,EQ,,,,,JAYSHREE TEA & INDUSTRIES,90.90,91.79,88.50,89.38,89.60,89.74,,89.38,,,31481,2832626.43,484,F1,1,,,,,
2026-09-18,2026-09-18,CM,NSE,STK,11655,INE927D01051,JBMA,EQ,,,,,JBM AUTO LIMITED,593.65,605.00,593.65,599.10,601.00,593.60,,599.07,,,200524,120313980.60,10167,F1,1,,,,,
2026-09-18,2026-09-18,CM,NSE,STK,758115,INE0J5801029,JSLL,EQ,,,,,JEENA SIKHO LIFECARE LTD,494.40,513.00,494.00,510.40,509.10,490.75,,510.37,,,341598,172312507.85,10414,F1,1,,,,,
2026-09-18,2026-09-18,CM,NSE,STK,764728,INE354A01013,JENBURPH,EQ,,,,,JENBURKT PHARMACEUTICAL L,985.00,997.00,972.60,979.90,983.60,983.40,,978.17,,,1916,1876668.50,71,F1,1,,,,,
2026-09-18,2026-09-18,CM,NSE,STK,7211,INE982V01025,JETFREIGHT,EQ,,,,,JET FREIGHT LOGISTICS LTD,19.40,22.50,18.40,22.14,22.22,19.43,,22.14,,,1486253,31359105.88,5306,F1,1,,,,,
2026-09-18,2026-09-18,CM,NSE,STK,25150,INE0RXB01022,JEYYAM,ST,,,,,JEYYAM GLOBAL FOODS LTD,21.50,21.50,21.00,21.05,21.15,20.75,,21.05,,,24000,508200.00,10,F1,2000,,,,,
2026-09-18,2026-09-18,CM,NSE,STK,10885,INE0LA901015,JFLLIFE,SM,,,,,JFL LIFE SCIENCES LIMITED,10.45,10.45,10.45,10.45,10.45,10.15,,10.45,,,6000,62700.00,1,F1,6000,,,,,
2026-09-18,2026-09-18,CM,NSE,STK,13720,INE544H01014,JHS,EQ,,,,,JHS SVEND. LAB. LTD,8.84,8.84,8.41,8.54,8.70,8.59,,8.52,,,41482,358654.10,187,F1,1,,,,,
2026-09-18,2026-09-18,CM,NSE,STK,24145,INE03DD01011,RETAIL,EQ,,,,,JHS SVENDGAARD RETAIL V L,16.66,18.38,16.66,17.69,17.70,16.83,,17.69,,,18976,333611.34,186,F1,1,,,,,
2026-09-18,2026-09-18,CM,NSE,STK,31507,INE147P01019,JPOLYINVST,EQ,,,,,JIND POL INV & FIN CO LTD,987.80,988.50,977.00,980.75,977.00,982.25,,980.94,,,1447,1422725.65,322,F1,1,,,,,
2026-09-18,2026-09-18,CM,NSE,STK,13875,INE742C01031,JINDRILL,EQ,,,,,JINDAL DRILLING IND. LTD,584.00,599.95,575.25,594.85,595.95,582.70,,594.83,,,269661,158591892.25,11069,F1,1,,,,,
2026-09-18,2026-09-18,CM,NSE,STK,11743,INE796G01012,JINDALPHOT,EQ,,,,,JINDAL PHOTO LIMITED,1129.70,1135.00,1109.80,1125.60,1134.90,1129.40,,1125.59,,,7243,8139023.90,409,F1,1,,,,,
2026-09-18,2026-09-18,CM,NSE,STK,1756,INE197D01010,JINDALPOLY,EQ,,,,,JINDAL POLY FILMS LIMITED,726.95,735.95,708.90,718.45,725.00,726.00,,718.83,,,16484,11833736.10,1154,F1,1,,,,,
2026-09-18,2026-09-18,CM,NSE,STK,3024,INE324A01032,JINDALSAW,EQ,,,,,JINDAL SAW LIMITED,293.00,294.80,288.05,289.50,290.40,291.20,,289.50,,,2085677,605696855.10,29449,F1,1,,,,,
2026-09-18,2026-09-18,CM,NSE,STK,11236,INE220G01021,JSL,EQ,,,,,JINDAL STAINLESS LIMITED,724.50,754.95,724.50,750.95,753.00,724.45,,750.95,,,2671236,1993355631.25,95087,F1,1,,,,,
2026-09-18,2026-09-18,CM,NSE,STK,6733,INE749A01030,JINDALSTEL,EQ,,,,,JINDAL STEEL LIMITED,1128.90,1140.20,1119.50,1119.50,1119.50,1128.40,,1119.50,,,1056818,1191235318.10,44507,F1,1,,,,,
2026-09-18,2026-09-18,CM,NSE,STK,20642,INE247D01039,JINDWORLD,EQ,,,,,JINDAL WORLDWIDE LTD,49.40,51.50,47.78,49.70,49.89,49.00,,49.68,,,11061999,557097192.41,28016,F1,1,,,,,
2026-09-18,2026-09-18,CM,NSE,STK,759205,INE1FF001016,JKIPL,EQ,,,,,JINKUSHAL INDUSTRIES LTD,96.17,99.78,95.10,98.60,97.04,96.20,,98.65,,,4652,452247.70,178,F1,1,,,,,
2026-09-18,2026-09-18,CM,NSE,STK,18143,INE758E01017,JIOFIN,EQ,,,,,JIO FIN SERVICES LTD,230.00,232.00,229.89,229.89,229.89,229.30,,229.90,,,11847025,2734591597.58,61484,F1,1,,,,,
2026-09-18,2026-09-18,CM,NSE,STK,765307,INF22M001184,NIFTYJBLK,EQ,,,,,JIOBLACKROCKAMC-NIFTYJBLK,12.23,12.23,11.94,11.98,12.05,11.94,,11.98,,,100363,1200857.63,617,F1,1,,,,,
2026-09-18,2026-09-18,CM,NSE,STK,19691,INE863T01013,JITFINFRA,EQ,,,,,JITF INFRALOGISTICS LTD,292.00,293.65,280.40,284.75,280.40,286.40,,284.78,,,18410,5275446.10,660,F1,1,,,,,
2026-09-18,2026-09-18,CM,NSE,STK,18558,INE0N5H01017,JIWANRAM,SM,,,,,JIWANRAM SHEODUTTRA IND L,4.00,4.05,4.00,4.05,4.05,4.00,,4.05,,,24000,96300.00,4,F1,6000,,,,,
2026-09-18,2026-09-18,CM,NSE,STK,13270,INE823G01014,JKCEMENT,EQ,,,,,JK CEMENT LIMITED,5010.00,5139.00,4990.00,5064.50,5084.50,5027.00,,5064.48,,,60794,308023784.00,13301,F1,1,,,,,
2026-09-18,2026-09-18,CM,NSE,STK,13491,INE786A01032,JKLAKSHMI,EQ,,,,,JK LAKSHMI CEMENT LTD,510.40,535.00,510.10,530.20,533.10,510.40,,530.24,,,278231,145669012.80,12044,F1,1,,,,,
2026-09-18,2026-09-18,CM,NSE,STK,11860,INE789E01012,JKPAPER,EQ,,,,,JK PAPER LIMITED,417.00,433.00,416.95,430.60,429.00,418.05,,430.60,,,572207,244624860.35,15697,F1,1,,,,,
2026-09-18,2026-09-18,CM,NSE,STK,14435,INE573A01042,JKTYRE,EQ,,,,,JK TYRE & INDUSTRIES LTD,352.25,352.30,344.40,349.35,349.50,348.55,,349.36,,,621396,216122776.10,15324,F1,1,,,,,
2026-09-18,2026-09-18,CM,NSE,STK,15266,INE576I01022,JKIL,EQ,,,,,JKUMAR INFR.LTD.,477.60,488.30,474.80,486.55,486.45,475.55,,486.56,,,65328,31600500.45,2943,F1,1,,,,,
2026-09-18,2026-09-18,CM,NSE,STK,13637,INE780C01023,JMFINANCIL,EQ,,,,,JM FINANCIAL LIMITED,122.75,126.79,122.40,126.30,126.00,122.51,,126.30,,,5637377,706472347.62,50393,F1,1,,,,,
2026-09-18,2026-09-18,CM,NSE,STK,23621,INE0OAF01028,JNKINDIA,EQ,,,,,JNK INDIA LIMITED,412.20,424.00,410.40,413.90,411.20,411.95,,413.91,,,58911,24588133.00,2669,F1,1,,,,,
2026-09-18,2026-09-18,CM,NSE,STK,16927,INE839G01010,JOCIL,EQ,,,,,JOCIL LIMITED,147.41,152.35,141.05,145.95,144.16,147.04,,145.95,,,6159,893681.11,226,F1,1,,,,,
2026-09-18,2026-09-18,CM,NSE,STK,762623,INE515A01019,COCKERILL,EQ,,,,,JOHN COCKERILL INDIA LTD.,8029.00,8220.00,8006.50,8164.00,8145.00,8029.00,,8166.71,,,3914,31744717.50,1243,F1,1,,,,,
2026-09-18,2026-09-18,CM,NSE,STK,758460,INE718I01012,JSWCEMENT,EQ,,,,,JSW CEMENT LIMITED,117.20,118.10,116.23,117.44,117.35,116.64,,117.44,,,1513300,177522261.94,50852,F1,1,,,,,
2026-09-18,2026-09-18,CM,NSE,STK,1467,INE133A01011,JSWDULUX,EQ,,,,,JSW DULUX LIMITED,3099.90,3235.90,3057.10,3188.80,3175.60,3074.00,,3189.30,,,21480,67582701.80,5316,F1,1,,,,,
2026-09-18,2026-09-18,CM,NSE,STK,17869,INE121E01018,JSWENERGY,EQ,,,,,JSW ENERGY LIMITED,512.00,526.00,509.00,526.00,526.00,512.00,,526.00,,,3397652,1755760215.20,21587,F1,1,,,,,
2026-09-18,2026-09-18,CM,NSE,STK,11880,INE824G01012,JSWHL,EQ,,,,,JSW HOLDINGS LIMITED,11146.00,11504.00,10931.00,11282.00,11498.00,11146.00,,11283.38,,,3808,42463223.00,1320,F1,1,,,,,
2026-09-18,2026-09-18,CM,NSE,STK,19020,INE880J01026,JSWINFRA,EQ,,,,,JSW INFRASTRUCTURE LTD,329.90,356.95,326.10,348.25,349.65,326.65,,348.25,,,25470641,8836628918.80,116853,F1,1,,,,,
2026-09-18,2026-09-18,CM,NSE,STK,11723,INE019A01038,JSWSTEEL,EQ,,,,,JSW STEEL LIMITED,1270.10,1278.70,1262.70,1275.60,1275.60,1253.40,,1275.59,,,2378010,3026014842.80,41729,F1,1,,,,,
2026-09-18,2026-09-18,CM,NSE,STK,3237,INE643A01035,JTEKTINDIA,EQ,,,,,JTEKT INDIA LIMITED,118.90,121.94,117.15,117.77,117.70,118.87,,117.77,,,217543,25823629.20,2703,F1,1,,,,,
2026-09-18,2026-09-18,CM,NSE,STK,7287,INE391J01032,JTLIND,EQ,,,,,JTL INDUSTRIES LIMITED,88.01,92.25,86.15,87.67,88.00,87.32,,87.68,,,2943629,260932056.58,16955,F1,1,,,,,
2026-09-18,2026-09-18,CM,NSE,STK,29590,INE03CC01015,JUBLCPL,EQ,,,,,JUBILANT AGRI N CON PRO L,2013.30,2043.20,1980.00,2000.10,2020.00,2020.40,,2000.54,,,6169,12346090.90,958,F1,1,,,,,
2026-09-18,2026-09-18,CM,NSE,STK,18096,INE797F01020,JUBLFOOD,EQ,,,,,JUBILANT FOODWORKS LTD,483.95,502.00,480.30,500.00,500.00,480.20,,500.00,,,2900829,1437728291.60,44981,F1,1,,,,,
2026-09-18,2026-09-18,CM,NSE,STK,2783,INE0BY001018,JUBLINGREA,EQ,,,,,JUBILANT INGREVIA LIMITED,638.50,642.60,612.00,624.90,626.00,633.25,,624.90,,,923659,572891149.50,29775,F1,1,,,,,
2026-09-18,2026-09-18,CM,NSE,STK,3637,INE700A01033,JUBLPHARMA,EQ,,,,,JUBILANT PHARMOVA LTD,1012.10,1086.00,1012.10,1065.40,1075.00,1012.10,,1065.47,,,308313,323074307.25,18021,F1,1,,,,,
2026-09-18,2026-09-18,CM,NSE,STK,7109,INE412C01023,JMA,EQ,,,,,JULLUNDUR MOT AGENCY LTD,89.55,93.00,89.55,90.21,90.01,90.29,,90.21,,,11223,1022285.69,237,F1,1,,,,,
2026-09-18,2026-09-18,CM,NSE,STK,764408,INE05C901015,JNPR,EQ,,,,,JUNIPER GREEN ENERGY LTD,259.80,267.00,256.50,265.15,265.00,257.20,,265.15,,,720178,190301325.50,25538,F1,1,,,,,
2026-09-18,2026-09-18,CM,NSE,STK,22824,INE696F01016,JUNIPER,EQ,,,,,JUNIPER HOTELS LIMITED,217.00,226.48,215.46,224.33,225.30,215.44,,224.32,,,274539,60969279.54,5137,F1,1,,,,,
2026-09-18,2026-09-18,CM,NSE,STK,18553,INE682M01020,JLHL,EQ,,,,,JUPITER LIFE LINE HOSP L,279.00,285.65,276.20,280.05,277.35,277.75,,280.05,,,240514,67444937.45,5412,F1,1,,,,,
2026-09-18,2026-09-18,CM,NSE,STK,20224,INE209L01016,JWL,EQ,,,,,JUPITER WAGONS LIMITED,232.50,233.99,228.16,230.13,230.30,231.23,,230.12,,,1093397,252137391.83,19626,F1,1,,,,,
2026-09-18,2026-09-18,CM,NSE,STK,29962,INE599M01018,JUSTDIAL,EQ,,,,,JUSTDIAL LTD.,674.05,684.40,660.20,669.00,667.50,674.05,,669.01,,,174274,116858282.55,6941,F1,1,,,,,
2026-09-18,2026-09-18,CM,NSE,STK,15146,INE668F01031,JYOTHYLAB,EQ,,,,,JYOTHY LABS LIMITED,193.50,196.60,192.69,195.07,195.55,193.84,,195.07,,,713471,139046563.07,13332,F1,1,,,,,
2026-09-18,2026-09-18,CM,NSE,STK,21334,INE980O01024,JYOTICNC,EQ,,,,,JYOTI CNC AUTOMATION LTD,980.85,1065.00,979.00,1049.70,1053.55,980.85,,1049.72,,,3979254,4142490970.10,147814,F1,1,,,,,
2026-09-18,2026-09-18,CM,NSE,STK,758221,INE1M3T01017,JYOTIGLOBL,SM,,,,,JYOTI GLOBAL PLAST LTD,46.10,47.95,46.00,46.00,46.00,48.00,,46.00,,,24000,1127000.00,11,F1,2000,,,,,
2026-09-18,2026-09-18,CM,NSE,STK,764733,INE577D01013,JYOTIRES,EQ,,,,,JYOTI RESINS & ADHESIVE L,837.90,856.45,832.70,841.00,841.00,837.90,,841.98,,,2378,1997256.00,364,F1,1,,,,,
2026-09-18,2026-09-18,CM,NSE,STK,1802,INE197A01024,JYOTISTRUC,EQ,,,,,JYOTI STRUCTURES LTD,9.18,9.42,9.09,9.29,9.35,9.11,,9.29,,,4504436,41533749.81,3554,F1,1,,,,,
2026-09-18,2026-09-18,CM,NSE,STK,764743,INE533C01018,KJMCFIN,EQ,,,,,K J M C FINANCIAL SERV L,62.00,63.49,60.51,63.20,60.55,61.02,,63.20,,,620,38891.42,27,F1,1,,,,,
2026-09-18,2026-09-18,CM,NSE,STK,764748,INE879K01018,KMCSHIL,EQ,,,,,K M C SPECIALITY HOSP I L,157.00,158.33,148.00,150.26,153.49,156.74,,150.29,,,467949,71852178.23,7797,F1,1,,,,,
2026-09-18,2026-09-18,CM,NSE,STK,14667,INE157H01023,KMSUGAR,EQ,,,,,K M SUGAR MILLS LTD,28.99,29.28,28.16,28.62,28.60,28.44,,28.62,,,136758,3908384.80,921,F1,1,,,,,
2026-09-18,2026-09-18,CM,NSE,STK,27079,INE127T01021,KPEL,EQ,,,,,K.P. ENERGY LIMITED,212.70,220.99,212.70,216.88,216.91,212.48,,216.86,,,216598,47000456.07,5591,F1,1,,,,,
2026-09-18,2026-09-18,CM,NSE,STK,23462,INE0DEZ01013,K2INFRA,ST,,,,,K2 INFRAGEN LIMITED,43.65,44.70,43.25,43.30,43.30,43.65,,43.30,,,16200,707310.00,25,F1,600,,,,,
2026-09-18,2026-09-18,CM,NSE,STK,1805,INE900B01029,KABRAEXTRU,EQ,,,,,KABRA EXTRUSION TECHNIK L,640.25,690.00,639.70,681.60,685.00,632.75,,681.65,,,233883,157236763.55,10156,F1,1,,,,,
2026-09-18,2026-09-18,CM,NSE,STK,29192,INE0XOW01017,KKJEWELS,SM,,,,,KABRA JEWELS LIMITED,100.90,101.50,100.90,101.50,101.50,98.15,,101.50,,,3000,303350.00,3,F1,1000,,,,,
2026-09-18,2026-09-18,CM,NSE,STK,1808,INE217B01036,KAJARIACER,EQ,,,,,KAJARIA CERAMICS LTD,1211.10,1216.90,1197.00,1202.70,1204.90,1217.20,,1202.71,,,194896,234414347.80,14235,F1,1,,,,,
2026-09-18,2026-09-18,CM,NSE,STK,1811,INE437B01014,KAKATCEM,EQ,,,,,KAKATIYA CEM SUGAR &IND L,107.40,109.90,107.00,107.33,107.00,108.23,,107.33,,,1116,119812.35,38,F1,1,,,,,
2026-09-18,2026-09-18,CM,NSE,STK,25443,INE0T0L01014,KALANA,SM,,,,,KALANA ISPAT LIMITED,18.50,18.50,18.50,18.50,18.50,18.50,,18.50,,,2000,37000.00,1,F1,2000,,,,,
2026-09-18,2026-09-18,CM,NSE,STK,758558,INE227J01012,KALPATARU,EQ,,,,,KALPATARU LIMITED,259.75,279.95,257.20,274.45,279.70,257.20,,274.14,,,59103,15864805.45,1143,F1,1,,,,,
2026-09-18,2026-09-18,CM,NSE,STK,1814,INE220B01022,KPIL,EQ,,,,,KALPATARU PROJECT INT LTD,1404.90,1457.00,1402.00,1445.50,1450.10,1399.30,,1445.58,,,224766,322880886.50,18983,F1,1,,,,,
2026-09-18,2026-09-18,CM,NSE,STK,2955,INE303R01014,KALYANKJIL,EQ,,,,,KALYAN JEWELLERS IND LTD,585.00,588.50,580.00,581.85,581.85,581.45,,581.85,,,5379085,3145480117.60,54728,F1,1,,,,,
2026-09-18,2026-09-18,CM,NSE,STK,15160,INE314G01014,KALYANIFRG,BE,,,,,KALYANI FORGE LIMITED,1010.45,1010.45,964.75,975.25,967.00,1015.50,,975.37,,,3446,3357866.45,290,F1,1,,,,,
2026-09-18,2026-09-18,CM,NSE,STK,21119,INE029L01018,KICL,EQ,,,,,KALYANI INVEST CO LTD,4825.00,5028.00,4825.00,5009.50,4971.00,4822.00,,5008.54,,,2638,13123505.00,377,F1,1,,,,,
2026-09-18,2026-09-18,CM,NSE,STK,18889,INE907A01026,KSL,EQ,,,,,KALYANI STEELS LIMITED,975.00,983.40,951.55,955.05,951.55,970.55,,955.04,,,67867,65314182.55,4950,F1,1,,,,,
2026-09-18,2026-09-18,CM,NSE,STK,762732,INE411F01010,KAMAHOLD,EQ,,,,,KAMA HOLDINGS LTD.,2288.70,2288.70,2244.10,2249.90,2250.00,2278.80,,2249.90,,,5489,12353529.20,726,F1,1,,,,,
2026-09-18,2026-09-18,CM,NSE,STK,764738,INE344D01018,KAMANWALA,EQ,,,,,KAMANWALA HOUSING CONST L,17.80,17.80,16.51,16.51,16.51,16.50,,16.51,,,414,6851.36,9,F1,1,,,,,
2026-09-18,2026-09-18,CM,NSE,STK,1826,INE967C01018,KAMATHOTEL,EQ,,,,,KAMAT HOTELS (I) LTD,220.10,232.38,220.10,229.30,230.00,219.45,,229.27,,,48978,11092640.33,1176,F1,1,,,,,
2026-09-18,2026-09-18,CM,NSE,STK,13461,INE390H01020,KAMDHENU,BE,,,,,KAMDHENU LIMITED,39.00,41.05,39.00,41.05,41.05,39.50,,41.14,,,947462,38351917.14,1381,F1,1,,,,,
2026-09-18,2026-09-18,CM,NSE,STK,13814,INE0BTI01037,KAMOPAINTS,EQ,,,,,KAMDHENU VENTURES LIMITED,4.45,4.45,4.25,4.39,4.39,4.35,,4.39,,,124231,543857.52,454,F1,1,,,,,
2026-09-18,2026-09-18,CM,NSE,STK,25786,INE879E01037,KANANIIND,EQ,,,,,KANANI INDUSTRIES LTD,1.43,1.44,1.40,1.42,1.42,1.41,,1.42,,,132727,188177.90,263,F1,1,,,,,
2026-09-18,2026-09-18,CM,NSE,STK,762737,INE081G01019,KANCHI,EQ,,,,,KANCHI KARPOORAM LTD.,389.00,394.50,383.10,386.65,389.95,389.00,,388.21,,,439,170100.35,71,F1,1,,,,,
2026-09-18,2026-09-18,CM,NSE,STK,765090,INE398L01017,KANCOTEA,EQ,,,,,KANCO TEA & INDS. LTD.,55.62,55.62,55.62,55.62,55.62,55.62,,55.62,,,1,55.62,1,F1,1,,,,,
2026-09-18,2026-09-18,CM,NSE,STK,766021,INE877D01025,KANOHAR,EQ,,,,,KANOHAR ELECTRICALS LTD,825.00,855.00,780.10,786.80,784.00,817.00,,786.87,,,7345005,5977693885.65,215510,F1,1,,,,,
2026-09-18,2026-09-18,CM,NSE,STK,9805,INE138C01024,KANORICHEM,BE,,,,,KANORIACHEMICALS-,180.25,188.00,176.46,184.11,186.00,185.74,,184.11,,,60692,11067871.46,552,F1,1,,,,,
2026-09-18,2026-09-18,CM,NSE,STK,1782,INE694E01014,KANPRPLA,EQ,,,,,KANPUR PLASTIPACK LIMITED,262.35,262.35,243.90,246.10,245.00,259.75,,246.00,,,26773,6687251.45,1005,F1,1,,,,,
2026-09-18,2026-09-18,CM,NSE,STK,1196,INE531A01024,KANSAINER,EQ,,,,,KANSAI NEROLAC PAINTS LTD,183.73,185.10,181.60,183.96,182.65,184.20,,183.95,,,672383,123643514.47,10651,F1,1,,,,,
2026-09-18,2026-09-18,CM,NSE,STK,18967,INE542Z01028,KAPSTON,EQ,,,,,KAPSTON SERVICES LIMITED,583.80,589.95,575.85,584.30,589.95,577.30,,584.30,,,40257,23521708.00,1732,F1,1,,,,,
2026-09-18,2026-09-18,CM,NSE,STK,766056,INE590T01012,KARAMTARA,EQ,,,,,KARAMTARA ENGINEERING L,369.00,377.90,331.30,355.55,350.00,352.00,,355.58,,,29625649,10468499995.65,335456,F1,1,,,,,
2026-09-18,2026-09-18,CM,NSE,STK,24385,INE725L01011,KARMAENG,EQ,,,,,KARMA ENERGY LIMITED,40.20,43.00,39.96,41.27,40.97,39.91,,41.19,,,18883,771858.06,412,F1,1,,,,,
2026-09-18,2026-09-18,CM,NSE,STK,8054,INE614B01018,KTKBANK,EQ,,,,,KARNATAKA BANK LIMITED,315.05,317.75,312.20,313.80,314.65,313.90,,313.80,,,1649339,519690259.00,35133,F1,1,,,,,
2026-09-18,2026-09-18,CM,NSE,STK,19465,INE0MGA01012,KARNIKA,SM,,,,,KARNIKA INDUSTRIES LTD,120.45,120.50,118.60,120.00,120.00,120.45,,120.00,,,13000,1558150.00,12,F1,1000,,,,,
2026-09-18,2026-09-18,CM,NSE,STK,1838,INE036D01028,KARURVYSYA,EQ,,,,,KARUR VYSYA BANK LTD,334.35,339.85,329.50,332.15,332.80,331.50,,332.15,,,3218547,1075729253.65,53736,F1,1,,,,,
2026-09-18,2026-09-18,CM,NSE,STK,24528,INE0SVY01018,KATARIA,SM,,,,,KATARIA INDUSTRIES LTD,150.00,150.00,148.00,148.85,149.85,149.25,,148.85,,,7800,1163310.00,12,F1,600,,,,,
2026-09-18,2026-09-18,CM,NSE,STK,15140,INE234I01028,KAUSHALYA,BE,,,,,KAUSHALYA INFRA DEV LTD.,831.00,854.00,831.00,833.10,833.10,847.00,,833.10,,,126,105899.75,23,F1,1,,,,,
2026-09-18,2026-09-18,CM,NSE,STK,21186,INE0Q2V01012,KLL,SM,,,,,KAUSHALYA LOGISTICS LTD,27.50,32.45,26.75,32.40,32.45,27.05,,32.40,,,264800,8357800.00,146,F1,800,,,,,
2026-09-18,2026-09-18,CM,NSE,STK,14972,INE455I01029,KSCL,EQ,,,,,KAVERI SEED CO. LTD.,703.35,709.70,685.00,696.35,693.90,703.35,,696.38,,,71585,50021938.85,3909,F1,1,,,,,
2026-09-18,2026-09-18,CM,NSE,STK,15248,INE641C01019,KAVDEFENCE,BE,,,,,KAVVERI DFS & WIR TEC LTD,70.70,74.98,68.06,72.71,73.25,71.64,,72.75,,,225971,16262424.26,1403,F1,1,,,,,
2026-09-18,2026-09-18,CM,NSE,STK,21173,INE0RCG01017,KCEIL,SM,,,,,KAY CEE ENERGY & INFRA L,76.00,76.00,74.30,74.30,74.30,76.50,,74.30,,,11500,867150.00,23,F1,500,,,,,
2026-09-18,2026-09-18,CM,NSE,STK,10282,INE587G01015,KAYA,BE,,,,,KAYA LIMITED,326.00,341.00,326.00,341.00,341.00,324.80,,341.00,,,13887,4712742.80,156,F1,1,,,,,
2026-09-18,2026-09-18,CM,NSE,STK,12092,INE918Z01012,KAYNES,EQ,,,,,KAYNES TECHNOLOGY IND LTD,3528.00,3605.90,3475.00,3515.00,3515.00,3520.00,,3514.96,,,1266788,4485326280.80,87489,F1,1,,,,,
2026-09-18,2026-09-18,CM,NSE,STK,758868,INE13ZD01013,KAYTEX,SM,,,,,KAYTEX FABRICS LIMITED,56.90,57.00,56.65,56.70,56.70,55.40,,56.70,,,4000,227320.00,5,F1,800,,,,,
2026-09-18,2026-09-18,CM,NSE,STK,10296,INE0J1E01027,KCK,ST,,,,,KCK INDUSTRIES LTD,14.35,14.50,14.30,14.50,14.50,14.45,,14.50,,,32500,469500.00,11,F1,2500,,,,,
2026-09-18,2026-09-18,CM,NSE,STK,1841,INE805C01028,KCP,EQ,,,,,KCP LTD,158.12,166.00,156.29,161.95,164.00,157.92,,162.10,,,136817,21903629.05,1826,F1,1,,,,,
2026-09-18,2026-09-18,CM,NSE,STK,8849,INE790B01024,KCPSUGIND,BE,,,,,KCPSUGARINDUS,29.44,29.85,28.50,29.30,29.50,28.89,,29.28,,,53094,1542921.81,238,F1,1,,,,,
2026-09-18,2026-09-18,CM,NSE,STK,765105,INE348N01042,KDGREEN,EQ,,,,,KD GREEN INDUSTRIES LTD,48.47,50.00,48.01,49.35,49.94,49.46,,49.35,,,44221,2183629.49,536,F1,1,,,,,
2026-09-18,2026-09-18,CM,NSE,STK,14908,INE291D01011,KDDL,EQ,,,,,KDDL LIMITED,3851.00,3875.00,3820.00,3858.40,3870.20,3837.60,,3858.34,,,7233,27855339.80,1938,F1,1,,,,,
2026-09-18,2026-09-18,CM,NSE,STK,13260,INE389H01022,KEC,EQ,,,,,KEC INTL. LIMITED,404.00,409.15,396.65,404.25,407.90,401.95,,404.10,,,1338287,537369748.60,38522,F1,1,,,,,
2026-09-18,2026-09-18,CM,NSE,STK,13310,INE878B01027,KEI,EQ,,,,,KEI INDUSTRIES LTD.,4560.00,4650.00,4532.00,4650.00,4650.00,4560.00,,4650.00,,,573397,2629888237.50,35095,F1,1,,,,,
2026-09-18,2026-09-18,CM,NSE,STK,13430,INE164B01030,KELLTONTEC,EQ,,,,,KELLTON TECH SOL LTD,13.99,13.99,13.40,13.61,13.60,13.57,,13.61,,,1105458,15125285.31,2317,F1,1,,,,,
2026-09-18,2026-09-18,CM,NSE,STK,29547,INE15DO01012,KEN,SM,,,,,KEN ENTERPRISES LIMITED,44.00,50.15,43.70,43.95,44.15,41.80,,43.95,,,102000,4789260.00,76,F1,1200,,,,,
2026-09-18,2026-09-18,CM,NSE,STK,11841,INE717A01029,KENNAMET,EQ,,,,,KENNAMETAL INDIA LIMITED,4321.60,4399.00,4231.00,4281.50,4290.00,4321.60,,4281.38,,,23629,101401221.10,6454,F1,1,,,,,
2026-09-18,2026-09-18,CM,NSE,STK,13121,INE202H01019,KERNEX,EQ,,,,,KERNEX MICROSYS(I) LTD,1731.90,1743.50,1700.00,1732.50,1734.00,1722.60,,1732.52,,,104121,179371230.50,9536,F1,1,,,,,
2026-09-18,2026-09-18,CM,NSE,STK,4981,INE087A01019,KESORAMIND,BE,,,,,KESORAM INDUSTRIES LTD,12.30,12.50,11.88,11.94,12.05,12.34,,11.94,,,423814,5142073.73,636,F1,1,,,,,
2026-09-18,2026-09-18,CM,NSE,STK,13381,INE401H01017,KKCL,EQ,,,,,KEWAL KIRAN CLOTHING LTD,489.65,490.90,481.60,485.60,486.00,489.65,,485.67,,,9200,4469654.60,894,F1,1,,,,,
2026-09-18,2026-09-18,CM,NSE,STK,4157,INE681C01015,KEYFINSERV,EQ,,,,,KEYNOTE FIN SERV LTD.,247.95,247.95,240.00,245.95,246.00,246.25,,245.95,,,123,30123.75,27,F1,1,,,,,
2026-09-18,2026-09-18,CM,NSE,STK,12219,INE263M01029,RUSTOMJEE,EQ,,,,,KEYSTONE REALTORS LIMITED,343.00,356.20,341.70,353.75,356.00,340.95,,353.70,,,78181,27553913.90,3017,F1,1,,,,,
2026-09-18,2026-09-18,CM,NSE,STK,13359,INE138Y01010,KFINTECH,EQ,,,,,KFIN TECHNOLOGIES LIMITED,900.00,930.00,894.95,930.00,930.00,897.00,,929.92,,,539201,492486084.30,17834,F1,1,,,,,
2026-09-18,2026-09-18,CM,NSE,STK,433,INE834I01025,KHADIM,BE,,,,,KHADIM INDIA LIMITED,125.84,125.84,125.20,125.84,125.84,123.38,,125.50,,,43755,5505911.04,113,F1,1,,,,,
2026-09-18,2026-09-18,CM,NSE,STK,3912,INE731C01018,KHAITANLTD,EQ,,,,,KHAITAN (INDIA)LTD.,153.40,156.00,149.00,152.13,152.95,154.95,,152.13,,,3145,475198.04,155,F1,1,,,,,
2026-09-18,2026-09-18,CM,NSE,STK,896,INE745B01028,KHAICHEM,EQ,,,,,KHAITAN CHEM & FERT LTD,50.52,51.50,49.36,49.94,49.70,49.97,,49.95,,,135895,6833481.36,1401,F1,1,,,,,
2026-09-18,2026-09-18,CM,NSE,STK,9641,INE060B01014,KHANDSE,EQ,,,,,KHANDWALA SECURITIES LTD,18.35,18.35,17.89,18.09,18.22,17.58,,18.09,,,894,16178.33,18,F1,1,,,,,
2026-09-18,2026-09-18,CM,NSE,STK,762747,INE338F01015,KLBRENG-B,EQ,,,,,KILBURN ENGINEERING LTD.,462.35,474.50,455.00,471.00,467.90,460.10,,471.13,,,93229,43318547.10,3241,F1,1,,,,,
2026-09-18,2026-09-18,CM,NSE,STK,19941,INE729D01010,KILITCH,BE,,,,,KILITCH DRUGS INDIA LTD,189.90,192.00,189.90,191.45,192.00,188.67,,191.58,,,13725,2621362.81,151,F1,1,,,,,
2026-09-18,2026-09-18,CM,NSE,STK,18944,INE473D01015,KINGFA,EQ,,,,,KINGFA SCI & TEC IND LTD.,5907.00,5950.00,5799.00,5828.00,5821.00,5855.50,,5825.79,,,6576,38524192.00,2583,F1,1,,,,,
2026-09-18,2026-09-18,CM,NSE,STK,19126,INE880L01014,KIOCL,EQ,,,,,KIOCL LIMITED,337.70,344.75,336.00,340.65,341.50,337.70,,340.59,,,77819,26475057.45,3538,F1,1,,,,,
2026-09-18,2026-09-18,CM,NSE,STK,762742,INE555P01013,KIRANVYPAR,EQ,,,,,KIRAN VYAPAR LTD.,218.00,218.00,202.50,207.34,208.99,207.00,,207.43,,,1367,283303.15,102,F1,1,,,,,
2026-09-18,2026-09-18,CM,NSE,STK,16639,INE415I01015,KIRIINDUS,EQ,,,,,KIRI INDUSTRIES LIMITED,539.00,541.90,528.20,531.75,530.00,535.45,,531.75,,,384478,205410133.10,8529,F1,1,,,,,
2026-09-18,2026-09-18,CM,NSE,STK,18581,INE732A01036,KIRLOSBROS,EQ,,,,,KIRLOSKAR BROTHERS LTD,1757.10,1838.60,1757.10,1811.40,1806.10,1770.80,,1811.41,,,50634,91633600.70,7110,F1,1,,,,,
2026-09-18,2026-09-18,CM,NSE,STK,18220,INE134B01017,KECL,EQ,,,,,KIRLOSKAR ELECTRIC CO LTD,119.40,123.54,118.88,122.78,122.25,119.42,,122.78,,,66064,8047598.24,1509,F1,1,,,,,
2026-09-18,2026-09-18,CM,NSE,STK,14466,INE884B01025,KIRLFER,EQ,,,,,KIRLOSKAR FERROUS IND LTD,479.75,489.00,474.00,480.65,483.50,474.35,,480.64,,,201207,97099476.00,8350,F1,1,,,,,
2026-09-18,2026-09-18,CM,NSE,STK,19025,INE250A01039,KIRLOSIND,EQ,,,,,KIRLOSKAR INDUSTRIES LTD,3780.60,3845.90,3680.00,3699.80,3698.10,3780.60,,3699.70,,,21797,81007115.20,3528,F1,1,,,,,
2026-09-18,2026-09-18,CM,NSE,STK,20936,INE146L01010,KIRLOSENG,EQ,,,,,KIRLOSKAR OIL ENG LTD,2106.80,2169.90,2106.70,2160.10,2155.00,2120.60,,2160.10,,,473818,1016222040.80,38813,F1,1,,,,,
2026-09-18,2026-09-18,CM,NSE,STK,15180,INE811A01038,KIRLPNU,EQ,,,,,KIRLOSKAR PNEUMATIC COM L,695.00,701.85,686.30,698.65,700.00,693.85,,698.64,,,252323,175861985.15,13592,F1,1,,,,,
2026-09-18,2026-09-18,CM,NSE,STK,28899,INE602G01020,KITEX,EQ,,,,,KITEX GARMENTS LTD,121.30,121.30,119.20,119.50,119.35,120.58,,119.50,,,262500,31428926.64,3172,F1,1,,,,,
2026-09-18,2026-09-18,CM,NSE,STK,760923,INE0KNW01016,KNAGRI,EQ,,,,,KN AGRI RESOURCES LIMITED,204.00,205.78,192.81,196.06,198.72,202.24,,196.06,,,10201,2025665.54,266,F1,1,,,,,
2026-09-18,2026-09-18,CM,NSE,STK,763839,INE17QZ01016,KNACK,EQ,,,,,KNACK PACKAGING LIMITED,184.90,187.97,182.00,182.60,182.10,184.16,,182.61,,,753950,139058137.89,5636,F1,1,,,,,
2026-09-18,2026-09-18,CM,NSE,STK,27084,INE0CJD01029,KMEW,EQ,,,,,KNOWLEDGE MARINE & EN W L,2842.30,2920.50,2830.00,2885.60,2882.00,2828.10,,2885.70,,,56943,163687398.40,9120,F1,1,,,,,
2026-09-18,2026-09-18,CM,NSE,STK,758431,INE1JAR25012,KRT,RR,,,,,KNOWLEDGE REALTY TRUST,113.75,114.00,112.70,113.61,113.73,113.55,,113.61,,,4321212,490532088.41,10015,F1,1,,,,,
2026-09-18,2026-09-18,CM,NSE,STK,15283,INE634I01029,KNRCON,EQ,,,,,KNR CONSTRU LTD.,122.00,125.80,121.11,124.80,124.50,120.86,,124.80,,,3109057,384352549.38,26136,F1,1,,,,,
2026-09-18,2026-09-18,CM,NSE,STK,18754,INE0Q7P01013,KODYTECH,ST,,,,,KODY TECHNOLAB LIMITED,1520.85,1527.00,1500.00,1516.80,1517.00,1491.00,,1516.80,,,5700,8585510.00,46,F1,100,,,,,
2026-09-18,2026-09-18,CM,NSE,STK,3009,INE080B01012,KOHINOOR,EQ,,,,,KOHINOOR FOODS LIMITED,31.20,33.00,30.43,30.55,30.79,31.20,,30.55,,,72393,2264832.73,1309,F1,1,,,,,
2026-09-18,2026-09-18,CM,NSE,STK,16827,INE760A01029,KOKUYOCMLN,EQ,,,,,KOKUYO CAMLIN LIMITED,76.23,78.20,76.11,77.79,78.15,76.21,,77.80,,,18695,1445152.95,385,F1,1,,,,,
2026-09-18,2026-09-18,CM,NSE,STK,15124,INE094I01018,KOLTEPATIL,EQ,,,,,KOLTE PATIL DEV. LTD.,433.10,438.05,423.00,431.75,432.00,433.10,,431.65,,,117469,50637363.75,5288,F1,1,,,,,
2026-09-18,2026-09-18,CM,NSE,STK,22475,INE0QEI01011,KONSTELEC,ST,,,,,KONSTELEC ENGINEERS LTD,58.15,59.55,58.10,59.05,58.55,60.40,,59.05,,,4000,234350.00,4,F1,1000,,,,,
2026-09-18,2026-09-18,CM,NSE,STK,19287,INE0KZ301010,KONTOR,SM,,,,,KONTOR SPACE LIMITED,53.85,55.00,53.85,54.25,55.00,51.00,,54.25,,,1800,97680.00,3,F1,600,,,,,
2026-09-18,2026-09-18,CM,NSE,STK,1919,INE082A01010,KOPRAN,EQ,,,,,KOPRAN LTD,267.59,282.10,261.10,277.60,276.00,268.59,,277.61,,,2434887,667269174.49,40599,F1,1,,,,,
2026-09-18,2026-09-18,CM,NSE,STK,16758,INE0O4R01018,KDL,SM,,,,,KORE DIGITAL LIMITED,78.75,78.75,78.75,78.75,78.75,87.50,,78.75,,,28650,2256187.50,115,F1,150,,,,,
2026-09-18,2026-09-18,CM,NSE,STK,14858,INF174KA1HJ8,GOLD1,EQ,,,,,KOTAK GOLD ETF,126.80,128.17,126.64,127.68,127.52,125.62,,127.68,,,1925096,245559548.52,9631,F1,1,,,,,
2026-09-18,2026-09-18,CM,NSE,STK,1922,INE237A01036,KOTAKBANK,EQ,,,,,KOTAK MAHINDRA BANK LTD,415.50,419.20,412.50,412.50,412.50,416.50,,412.50,,,15461137,6432887442.05,112998,F1,1,,,,,
2026-09-18,2026-09-18,CM,NSE,STK,18102,INF174K014P6,NIFTY1,EQ,,,,,KOTAK NIFTY ETF,261.71,261.71,258.81,259.67,259.36,259.12,,259.67,,,68356,17738994.22,1138,F1,1,,,,,
2026-09-18,2026-09-18,CM,NSE,STK,15061,INF174KA1A86,PSUBANK,EQ,,,,,KOTAK PSU BANK,82.90,83.49,82.61,83.00,83.46,82.63,,83.01,,,73566,6097205.33,467,F1,1,,,,,
2026-09-18,2026-09-18,CM,NSE,STK,759885,INF174KA1XV0,CHEMICAL,EQ,,,,,KOTAKMAMC - CHEMICAL,28.55,29.58,28.55,29.43,29.42,29.13,,29.43,,,279002,8169750.61,799,F1,1,,,,,
2026-09-18,2026-09-18,CM,NSE,STK,7412,INF174KA1IA5,ALPHA,EQ,,,,,KOTAKMAMC - KOTAKALPHA,54.18,54.18,52.86,53.72,53.79,52.86,,53.72,,,2753171,147554613.56,3802,F1,1,,,,,
2026-09-18,2026-09-18,CM,NSE,STK,10512,INF174KA1ZF8,CONS,EQ,,,,,KOTAKMAMC - KOTAKCONS,11.86,11.89,11.78,11.88,11.89,11.81,,11.88,,,3928,46483.74,109,F1,1,,,,,
2026-09-18,2026-09-18,CM,NSE,STK,2627,INF174KA1GC5,IT,EQ,,,,,KOTAKMAMC - KOTAKIT,31.67,32.80,31.67,31.94,31.98,32.49,,31.94,,,639140,20420963.25,1433,F1,1,,,,,
2026-09-18,2026-09-18,CM,NSE,STK,13950,INF174KA1LV5,LIQUID1,EQ,,,,,KOTAKMAMC - KOTAKLIQ,1122.94,1125.10,1122.94,1123.38,1123.39,1122.94,,1123.38,,,588053,660608272.94,519,F1,1,,,,,
2026-09-18,2026-09-18,CM,NSE,STK,8632,INF174KA1IY5,LOWVOL1,EQ,,,,,KOTAKMAMC - KOTAKLOVOL,20.14,20.50,20.14,20.37,20.45,20.34,,20.37,,,30084,614594.93,9968,F1,1,,,,,
2026-09-18,2026-09-18,CM,NSE,STK,8077,INF174KA1ZC5,MIDCAP,EQ,,,,,KOTAKMAMC - KOTAKMID50,18.39,18.39,18.10,18.29,18.25,18.13,,18.29,,,96964,1767661.36,700,F1,1,,,,,
2026-09-18,2026-09-18,CM,NSE,STK,10676,INF174KA1JF2,MNC,EQ,,,,,KOTAKMAMC - KOTAKMNC,32.29,32.75,31.89,32.69,32.50,32.29,,32.69,,,79748,2598588.21,305,F1,1,,,,,
2026-09-18,2026-09-18,CM,NSE,STK,13082,INF174KA1ZD3,SILVER1,EQ,,,,,KOTAKMAMC - KOTAKSILVE,22.37,22.89,22.37,22.79,22.82,21.98,,22.79,,,10493440,238255856.33,7028,F1,1,,,,,
2026-09-18,2026-09-18,CM,NSE,STK,11457,INF174KA1ZE1,NV20,EQ,,,,,KOTAKMAMC - KTKNV20ETF,13.84,13.84,13.46,13.58,13.59,13.51,,13.58,,,58601,791431.54,187,F1,1,,,,,
2026-09-18,2026-09-18,CM,NSE,STK,30469,INF174KA1VW2,MID150,EQ,,,,,KOTAKMAMC - MID150,23.20,23.22,22.93,23.18,23.18,22.93,,23.18,,,222934,5152508.62,193,F1,1,,,,,
2026-09-18,2026-09-18,CM,NSE,STK,759488,INF174KA1XS6,MOMENTUM30,EQ,,,,,KOTAKMAMC - MOMENTUM30,30.42,30.63,30.31,30.50,30.63,30.06,,30.50,,,14003,427035.81,52,F1,1,,,,,
2026-09-18,2026-09-18,CM,NSE,STK,29758,INF174KA1VD2,MSCIINDIA,EQ,,,,,KOTAKMAMC - MSCIINDIA,29.11,29.58,29.03,29.27,29.32,28.96,,29.27,,,9841,287485.30,99,F1,1,,,,,
2026-09-18,2026-09-18,CM,NSE,STK,760709,INF174KA1YO3,NEXT50ETF,EQ,,,,,KOTAKMAMC - NEXT50ETF,72.03,73.00,72.03,72.85,72.95,71.69,,72.85,,,4546,329592.66,85,F1,1,,,,,
2026-09-18,2026-09-18,CM,NSE,STK,29944,INF174KA1UW4,NIFTY100EW,EQ,,,,,KOTAKMAMC - NIFTY100EW,34.78,34.80,34.19,34.31,34.20,34.13,,34.31,,,68217,2339574.74,179,F1,1,,,,,
2026-09-18,2026-09-18,CM,NSE,STK,764195,INF174KA1A94,PVTBANK,EQ,,,,,KOTAKMAMC - PVTBANK,27.30,27.43,27.30,27.32,27.32,27.23,,27.32,,,2060,56289.63,15,F1,1,,,,,
2026-09-18,2026-09-18,CM,NSE,STK,757946,INF174KA1WT6,QUALITY30,EQ,,,,,KOTAKMAMC - QUALITY30,20.01,20.04,19.91,19.92,19.92,19.96,,19.92,,,11801,235971.26,58,F1,1,,,,,
2026-09-18,2026-09-18,CM,NSE,STK,5851,INF174KA1ZB7,BANKNIFTY1,EQ,,,,,KOTAKMAMC-KOTAKBKETF,58.29,58.64,58.29,58.54,58.56,58.29,,58.54,,,106721,6243802.34,556,F1,1,,,,,
2026-09-18,2026-09-18,CM,NSE,STK,762752,INE972A01020,KOTIC,EQ,,,,,KOTHARI INDUSTRIAL CORP L,135.69,152.00,131.60,144.41,143.51,135.69,,144.41,,,87682,12798705.04,2013,F1,1,,,,,
2026-09-18,2026-09-18,CM,NSE,STK,4594,INE720A01015,KOTHARIPET,EQ,,,,,KOTHARI PETROCHEM LTD,132.64,137.98,132.63,136.47,135.56,132.64,,136.47,,,101963,13840281.86,1590,F1,1,,,,,
2026-09-18,2026-09-18,CM,NSE,STK,5528,INE823A01017,KOTHARIPRO,EQ,,,,,KOTHARI PRODUCTS LTD,64.44,64.99,62.20,63.11,64.00,64.09,,63.10,,,4933,312890.85,396,F1,1,,,,,
2026-09-18,2026-09-18,CM,NSE,STK,11648,INE419A01022,KOTARISUG,BE,,,,,KOTHARI SUG & CHEM LTD.,27.00,28.14,26.02,26.97,26.95,27.38,,26.97,,,88916,2343255.99,374,F1,1,,,,,
2026-09-18,2026-09-18,CM,NSE,STK,761337,INE0J0B01017,KOTYARK,BE,,,,,KOTYARK INDUSTRIES LTD,31.30,31.74,30.75,31.17,31.30,31.28,,31.03,,,80587,2513207.20,262,F1,1,,,,,
2026-09-18,2026-09-18,CM,NSE,STK,5192,INE177F01017,KOVAI,EQ,,,,,KOVAI MEDICAL CENTER & HO,6071.50,6290.00,6071.50,6226.00,6290.00,6112.00,,6228.36,,,3229,19947293.00,1109,F1,1,,,,,
2026-09-18,2026-09-18,CM,NSE,STK,5108,INE542W01025,KPIGREEN,EQ,,,,,KPI GREEN ENERGY LIMITED,280.00,287.00,276.65,284.45,285.80,278.75,,284.45,,,1041400,294440849.75,20370,F1,1,,,,,
2026-09-18,2026-09-18,CM,NSE,STK,9683,INE04I401011,KPITTECH,EQ,,,,,KPIT TECHNOLOGIES LIMITED,559.30,559.50,532.00,532.00,532.00,559.30,,532.04,,,3944020,2143954116.10,57117,F1,1,,,,,
2026-09-18,2026-09-18,CM,NSE,STK,14912,INE930H01031,KPRMILL,EQ,,,,,KPR MILL LTD.,1090.00,1154.40,1086.40,1141.40,1145.00,1095.40,,1141.40,,,265730,299538899.40,22217,F1,1,,,,,
2026-09-18,2026-09-18,CM,NSE,STK,10577,INE001B01026,KRBL,EQ,,,,,KRBL LIMITED,393.45,398.00,390.30,392.45,394.30,395.40,,392.45,,,358622,140924284.65,8195,F1,1,,,,,
2026-09-18,2026-09-18,CM,NSE,STK,1937,INE268B01013,KREBSBIO,EQ,,,,,KREBS BIOCHEMICALS & IND,56.94,62.80,55.80,57.31,56.54,55.48,,57.30,,,54497,3193094.32,763,F1,1,,,,,
2026-09-18,2026-09-18,CM,NSE,STK,11480,INE524L01026,KRIDHANINF,EQ,,,,,KRIDHAN INFRA LIMITED,1.88,1.89,1.82,1.83,1.82,1.82,,1.83,,,6829,12636.17,62,F1,1,,,,,
2026-09-18,2026-09-18,CM,NSE,STK,12847,INE506W01020,KRISHANA,EQ,,,,,KRISHANA PHOSCHEM LIMITED,183.00,185.00,178.34,179.89,179.38,182.04,,179.89,,,358867,65124766.60,5817,F1,1,,,,,
2026-09-18,2026-09-18,CM,NSE,STK,16133,INE0NR701018,KRISHCA,SM,,,,,KRISHCA STRAPPING SLTN L,162.00,164.00,160.00,164.00,164.00,161.85,,164.00,,,8500,1380450.00,16,F1,500,,,,,
2026-09-18,2026-09-18,CM,NSE,STK,756782,INE0GGO01015,KRISHIVAL,EQ,,,,,KRISHIVAL FOODS LIMITED,417.50,420.75,411.55,419.30,420.75,409.45,,419.30,,,7573,3147598.90,361,F1,1,,,,,
2026-09-18,2026-09-18,CM,NSE,STK,761192,INE0J5601015,KRISHNADEF,EQ,,,,,KRISHNA DEF AND ALD IND L,1018.60,1033.00,1005.30,1030.00,1030.40,1010.30,,1030.00,,,49863,50915777.50,4892,F1,1,,,,,
2026-09-18,2026-09-18,CM,NSE,STK,4847,INE967H01025,KIMS,EQ,,,,,KRISHNA INST OF MED SCI L,793.40,819.00,784.00,809.85,809.65,791.85,,809.88,,,1242321,999545080.75,57725,F1,1,,,,,
2026-09-18,2026-09-18,CM,NSE,STK,6417,INE479D01038,KRITI,EQ,,,,,KRITI INDUSTRIES IND LTD,62.99,62.99,58.91,59.44,60.47,59.95,,59.44,,,30068,1805136.61,220,F1,1,,,,,
2026-09-18,2026-09-18,CM,NSE,STK,11432,INE798K01010,KRITINUT,EQ,,,,,KRITI NUTRIENTS LIMITED,84.47,84.47,80.61,81.34,82.75,80.45,,81.34,,,6156,508351.77,145,F1,1,,,,,
2026-09-18,2026-09-18,CM,NSE,STK,9288,INE00Z501029,KRITIKA,EQ,,,,,KRITIKA WIRES LIMITED,5.13,5.25,5.13,5.20,5.21,5.17,,5.20,,,65954,342322.25,332,F1,1,,,,,
2026-09-18,2026-09-18,CM,NSE,STK,760624,INE1MTV01019,KRMAYURVED,SM,,,,,KRM AYURVEDA LIMITED,321.80,323.90,311.55,312.20,312.80,317.30,,312.20,,,93000,29640150.00,77,F1,1000,,,,,
2026-09-18,2026-09-18,CM,NSE,STK,25643,INE0Q3J01015,KRN,EQ,,,,,KRN HEAT EXCHANGE N REF L,1434.00,1455.00,1404.80,1446.20,1444.00,1392.80,,1446.26,,,245619,351716919.70,18287,F1,1,,,,,
2026-09-18,2026-09-18,CM,NSE,STK,24026,INE0ATZ01017,KRONOX,BE,,,,,KRONOX LAB SCIENCES LTD,173.45,175.18,171.70,172.79,173.95,173.57,,172.85,,,26861,4650754.40,344,F1,1,,,,,
2026-09-18,2026-09-18,CM,NSE,STK,25252,INE0O6601022,KROSS,EQ,,,,,KROSS LIMITED,244.77,248.77,237.36,239.19,238.80,242.05,,239.19,,,1324987,322236460.61,30196,F1,1,,,,,
2026-09-18,2026-09-18,CM,NSE,STK,5359,INE08LI01020,KRSNAA,EQ,,,,,KRSNAA DIAGNOSTICS LTD,541.05,547.70,533.00,541.15,545.00,541.05,,541.20,,,121588,65397978.80,4851,F1,1,,,,,
2026-09-18,2026-09-18,CM,NSE,STK,23175,INE0QN801017,KRYSTAL,EQ,,,,,KRYSTAL INTEGRATED SER L,675.95,685.00,640.25,646.35,651.40,674.90,,646.15,,,46393,30839066.55,2120,F1,1,,,,,
2026-09-18,2026-09-18,CM,NSE,STK,1949,INE999A01023,KSB,EQ,,,,,KSB LIMITED,780.00,819.60,778.35,813.10,818.00,777.80,,813.07,,,277580,223413170.10,23049,F1,1,,,,,
2026-09-18,2026-09-18,CM,NSE,STK,764753,INE953E01022,KSE,EQ,,,,,KSE LTD.,179.60,180.00,176.00,178.37,178.70,177.33,,178.38,,,5194,928270.63,325,F1,1,,,,,
2026-09-18,2026-09-18,CM,NSE,STK,760433,INE987S01020,KSHINTL,EQ,,,,,KSH INTERNATIONAL LIMITED,1044.40,1076.00,1034.15,1046.95,1054.65,1045.55,,1047.11,,,274277,287288546.65,27300,F1,1,,,,,
2026-09-18,2026-09-18,CM,NSE,STK,10407,INE013801027,KSHITIJPOL,EQ,,,,,KSHITIJ POLYLINE LIMITED,4.20,4.21,4.20,4.20,4.21,4.01,,4.20,,,6675034,28081428.46,2979,F1,1,,,,,
2026-09-18,2026-09-18,CM,NSE,STK,11060,INE0D6I01023,KSOLVES,EQ,,,,,KSOLVES INDIA LIMITED,260.00,262.80,250.40,251.60,251.10,259.75,,251.69,,,55291,13992898.90,2441,F1,1,,,,,
2026-09-18,2026-09-18,CM,NSE,STK,759989,INE1SPP01016,KSR,BE,,,,,KSR FOOTWEAR LIMITED,44.30,44.50,42.09,43.20,43.00,44.30,,43.19,,,26765,1148292.08,115,F1,1,,,,,
2026-09-18,2026-09-18,CM,NSE,STK,13870,INE529I01021,KUANTUM,EQ,,,,,KUANTUM PAPERS LIMITED,76.75,79.68,76.00,78.77,79.00,76.07,,78.77,,,286124,22092891.31,2473,F1,1,,,,,
2026-09-18,2026-09-18,CM,NSE,STK,764116,INE0ISX01025,KUSUMGAR,EQ,,,,,KUSUMGAR LIMITED,551.95,594.00,551.95,591.20,591.00,551.50,,591.19,,,504398,294108165.25,22116,F1,1,,,,,
2026-09-18,2026-09-18,CM,NSE,STK,762757,INE552U01010,KPL,EQ,,,,,KWALITY PHARMACEUTICALS L,3471.20,3564.90,3430.10,3471.20,3480.00,3452.10,,3471.42,,,28652,99681015.10,5429,F1,1,,,,,
2026-09-18,2026-09-18,CM,NSE,STK,760946,INE2KCE01013,KWIL,EQ,,,,,KWALITY WALL'S (INDIA) L,40.15,41.45,39.48,41.22,41.25,39.91,,41.22,,,11630941,471605577.53,42188,F1,1,,,,,
2026-09-18,2026-09-18,CM,NSE,STK,765100,INE341H01023,LKPSEC,EQ,,,,,L K P SECURITIES LTD.,15.65,15.65,14.75,15.01,15.01,15.06,,15.08,,,9134,136098.90,114,F1,1,,,,,
2026-09-18,2026-09-18,CM,NSE,STK,24948,INE498L01015,LTF,EQ,,,,,L&T FINANCE LIMITED,303.00,314.30,302.50,312.80,312.80,302.30,,312.79,,,4647669,1439221834.60,32961,F1,1,,,,,
2026-09-18,2026-09-18,CM,NSE,STK,18564,INE010V01017,LTTS,EQ,,,,,L&T TECHNOLOGY SER. LTD.,3340.90,3367.90,3286.80,3347.50,3337.00,3324.30,,3347.50,,,103280,344257960.00,17588,F1,1,,,,,
2026-09-18,2026-09-18,CM,NSE,STK,14423,INE059D01020,LAOPALA,EQ,,,,,LA OPALA RG LIMITED,157.59,164.98,157.12,162.60,163.50,156.13,,162.62,,,310800,50290876.26,6482,F1,1,,,,,
2026-09-18,2026-09-18,CM,NSE,STK,764761,INE519D01015,LADDERUP,BE,,,,,LADDERUP FINANCE LTD.,60.05,63.24,59.84,59.84,59.84,62.98,,60.03,,,3727,225178.11,63,F1,1,,,,,
2026-09-18,2026-09-18,CM,NSE,STK,5865,INE548Z01017,LAGNAM,EQ,,,,,LAGNAM SPINTEX LIMITED,73.00,73.00,68.10,72.34,72.48,70.24,,72.34,,,15924,1132899.42,245,F1,1,,,,,
2026-09-18,2026-09-18,CM,NSE,STK,762762,INE515C01023,LAHOTIOV,EQ,,,,,LAHOTI OVERSEAS LTD.,39.32,40.48,39.20,39.26,39.25,39.31,,39.30,,,5598,220418.36,54,F1,1,,,,,
2026-09-18,2026-09-18,CM,NSE,STK,7902,INE850E01012,LFIC,EQ,,,,,LAKSHMI FIN IND CORP LTD,135.40,136.02,130.21,132.74,136.00,135.41,,132.74,,,2724,359522.85,114,F1,1,,,,,
2026-09-18,2026-09-18,CM,NSE,STK,764763,INE938C01019,LAKSHMIMIL,EQ,,,,,LAKSHMI MILLS CO. LTD.,7654.00,7654.00,7654.00,7654.00,7654.00,7968.50,,7654.00,,,1,7654.00,1,F1,1,,,,,
2026-09-18,2026-09-18,CM,NSE,STK,4774,INE651C01018,LAKPRE,BZ,,,,,LAKSHMI PRE SCRE LTD,5.15,5.15,4.90,4.90,4.90,5.15,,4.90,,,7141,35019.14,19,F1,1,,,,,
2026-09-18,2026-09-18,CM,NSE,STK,25860,INE0VZS01015,LAKSHYA,SM,,,,,LAKSHYA POWERTECH LIMITED,86.50,93.25,86.50,93.25,93.25,84.80,,93.25,,,35200,3198560.00,31,F1,800,,,,,
2026-09-18,2026-09-18,CM,NSE,STK,765361,INE0K9O01026,LALITHAA,EQ,,,,,LALITHAA JEWELLERY MART L,280.00,304.90,277.00,304.90,304.90,290.40,,304.90,,,8505145,2500177194.85,65823,F1,1,,,,,
2026-09-18,2026-09-18,CM,NSE,STK,6407,INE112F01022,LAMBODHARA,EQ,,,,,LAMBODHARA TEXTILES LTD.,120.00,121.20,118.60,120.21,120.87,118.74,,120.20,,,6550,784616.00,217,F1,1,,,,,
2026-09-18,2026-09-18,CM,NSE,STK,27225,INE0R0201012,LAMOSAIC,ST,,,,,LAMOSAIC INDIA LIMITED,52.80,52.80,49.70,50.20,51.85,52.30,,50.20,,,45000,2307630.00,38,F1,600,,,,,
2026-09-18,2026-09-18,CM,NSE,STK,9392,INE359U01028,LANCER,EQ,,,,,LANCER CONTAINER LINES L,12.60,12.60,12.00,12.11,12.15,12.39,,12.10,,,346283,4222017.10,997,F1,1,,,,,
2026-09-18,2026-09-18,CM,NSE,STK,23030,INE572G01025,LANCORHOL,BE,,,,,LANCOR HOLDINGS LIMITED,36.19,36.96,33.62,35.00,36.90,35.20,,35.06,,,149561,5494902.87,176,F1,1,,,,,
2026-09-18,2026-09-18,CM,NSE,STK,13276,INE559R01029,LANDMARK,EQ,,,,,LANDMARK CARS LIMITED,488.75,515.00,482.90,504.50,503.40,492.10,,504.62,,,67669,33638340.35,2945,F1,1,,,,,
2026-09-18,2026-09-18,CM,NSE,STK,16863,INE197J01017,LPDC,EQ,,,,,LANDMARK PR.DEV.CO.LTD,6.30,7.32,6.14,7.07,7.24,6.10,,7.07,,,456816,3167028.37,717,F1,1,,,,,
2026-09-18,2026-09-18,CM,NSE,STK,17376,INE688J01023,LANDSMILL,EQ,,,,,LANDSMILL GREEN LIMITED,0.57,0.58,0.56,0.56,0.57,0.56,,0.56,,,1697340,955366.27,886,F1,1,,,,,
2026-09-18,2026-09-18,CM,NSE,STK,11483,INE018A01030,LT,EQ,,,,,LARSEN & TOUBRO LTD.,3846.00,3898.00,3846.00,3885.00,3885.00,3836.20,,3884.60,,,1547690,6002333556.70,67258,F1,1,,,,,
2026-09-18,2026-09-18,CM,NSE,STK,764126,INE17IR01028,LASERPOWER,EQ,,,,,LASER POWER & INFRA LTD,270.50,284.00,270.40,280.75,278.60,269.00,,280.80,,,1116298,310863330.10,20403,F1,1,,,,,
2026-09-18,2026-09-18,CM,NSE,STK,6818,INE0I7C01011,LATENTVIEW,EQ,,,,,LATENT VIEW ANALYTICS LTD,256.05,256.50,253.60,255.35,255.95,255.00,,255.35,,,254240,64864189.05,5820,F1,1,,,,,
2026-09-18,2026-09-18,CM,NSE,STK,15840,INE262Z01023,LATTEYS,EQ,,,,,LATTEYS INDUSTRIES LTD,20.34,21.20,20.34,20.69,20.70,20.76,,20.69,,,40204,829023.29,188,F1,1,,,,,
2026-09-18,2026-09-18,CM,NSE,STK,19234,INE947Q01028,LAURUSLABS,EQ,,,,,LAURUS LABS LIMITED,1962.00,1982.00,1954.00,1954.00,1954.00,1948.10,,1954.00,,,2655873,5225295182.50,42063,F1,1,,,,,
2026-09-18,2026-09-18,CM,NSE,STK,6568,INE801V01019,LAXMICOT,EQ,,,,,LAXMI COTSPIN LIMITED,13.00,13.28,12.60,12.72,12.85,13.08,,12.72,,,5476,70334.59,131,F1,1,,,,,
2026-09-18,2026-09-18,CM,NSE,STK,29171,INE0WO601020,LAXMIDENTL,EQ,,,,,LAXMI DENTAL LIMITED,199.49,202.00,197.00,197.95,200.02,198.23,,197.88,,,29411,5849620.07,1670,F1,1,,,,,
2026-09-18,2026-09-18,CM,NSE,STK,19876,INE258Y01016,LGHL,EQ,,,,,LAXMI GOLDORNA HOUSE LTD,188.95,188.95,180.00,181.12,182.68,185.56,,181.12,,,25458,4698454.41,320,F1,1,,,,,
2026-09-18,2026-09-18,CM,NSE,STK,758863,INE06WU01026,LAXMIINDIA,EQ,,,,,LAXMI INDIA FINANCE LTD,124.96,127.50,123.50,126.98,127.40,123.61,,126.98,,,133652,16855014.42,2192,F1,1,,,,,
2026-09-18,2026-09-18,CM,NSE,STK,2841,INE576O01020,LXCHEM,EQ,,,,,LAXMI ORGANIC INDUS LTD,180.00,182.84,177.22,178.24,178.28,179.23,,178.25,,,922831,165787405.72,13691,F1,1,,,,,
2026-09-18,2026-09-18,CM,NSE,STK,7529,INE938A01021,LCCINFOTEC,EQ,,,,,LCC INFOTECH LTD,3.44,3.44,3.44,3.44,3.44,3.28,,3.44,,,47268,162601.92,24,F1,1,,,,,
2026-09-18,2026-09-18,CM,NSE,STK,766044,INE1FPN01026,LCCPROJECT,EQ,,,,,LCC PROJECTS LIMITED,159.63,163.70,153.09,155.78,156.60,170.10,,155.75,,,11654009,1810169808.57,69636,F1,1,,,,,
2026-09-18,2026-09-18,CM,NSE,STK,760300,INE0G1L01025,LEMERITE,EQ,,,,,LE MERITE EXPORTS LIMITED,18.35,19.54,17.81,18.35,18.25,18.74,,18.35,,,249153,4633994.13,569,F1,1,,,,,
2026-09-18,2026-09-18,CM,NSE,STK,24067,INE0HV901016,IXIGO,EQ,,,,,LE TRAVENUES TECHNOLOGY L,159.60,167.84,159.60,165.65,165.10,160.06,,165.66,,,3132025,520709732.72,28034,F1,1,,,,,
2026-09-18,2026-09-18,CM,NSE,STK,14204,INE0H4B01011,LRRPL,SM,,,,,LEAD REC AND RUB PROD LTD,90.00,90.00,90.00,90.00,90.00,90.00,,90.00,,,1500,135000.00,1,F1,1500,,,,,
2026-09-18,2026-09-18,CM,NSE,STK,764523,INE00GO01025,LEAPIND,EQ,,,,,LEAP INDIA LIMITED,137.25,143.02,135.34,140.47,140.90,136.31,,140.46,,,2759097,384020062.46,34617,F1,1,,,,,
2026-09-18,2026-09-18,CM,NSE,STK,765098,INE791B01014,LEENEE,BE,,,,,LEE & NEE SOFTWARES (E) L,7.92,8.20,7.60,7.80,7.80,7.92,,7.96,,,2347,18329.56,27,F1,1,,,,,
2026-09-18,2026-09-18,CM,NSE,STK,757014,INE0AQ201015,THELEELA,EQ,,,,,LEELA PALACES HOTEL LTD,530.00,549.70,527.05,540.55,537.25,530.00,,540.55,,,124085,66934806.15,9408,F1,1,,,,,
2026-09-18,2026-09-18,CM,NSE,STK,2606,INE970X01018,LEMONTREE,EQ,,,,,LEMON TREE HOTELS LTD,104.12,106.90,104.12,106.47,106.90,104.06,,106.47,,,2070198,218616787.89,20084,F1,1,,,,,
2026-09-18,2026-09-18,CM,NSE,STK,759605,INE956O01016,LENSKART,EQ,,,,,LENSKART SOLUTIONS LTD,683.00,725.00,677.55,707.20,721.40,679.95,,707.19,,,25690503,18102428547.90,188825,F1,1,,,,,
2026-09-18,2026-09-18,CM,NSE,STK,14459,INE500X01013,LEXUS,EQ,,,,,LEXUS GRANITO (INDIA) LTD,13.75,13.90,12.36,13.00,13.24,13.27,,13.00,,,39290,512973.53,214,F1,1,,,,,
2026-09-18,2026-09-18,CM,NSE,STK,18321,INE337A01034,LGBBROSLTD,EQ,,,,,LG BALAKRISHNAN & BROS,1718.10,1764.90,1698.60,1730.40,1715.90,1718.50,,1728.50,,,25696,44255607.90,3438,F1,1,,,,,
2026-09-18,2026-09-18,CM,NSE,STK,760213,INE324D01010,LGEINDIA,EQ,,,,,LG ELECTRONICS INDIA LTD,1660.00,1706.90,1658.90,1696.90,1694.70,1652.90,,1696.86,,,1337344,2263286081.60,60479,F1,1,,,,,
2026-09-18,2026-09-18,CM,NSE,STK,11082,INE908V01012,LIBAS,EQ,,,,,LIBAS CONSU PRODUCTS LTD,12.25,12.90,11.30,12.10,11.68,12.00,,12.10,,,272411,3362499.47,572,F1,1,,,,,
2026-09-18,2026-09-18,CM,NSE,STK,1994,INE557B01019,LIBERTSHOE,EQ,,,,,LIBERTY SHOES LTD,215.98,224.00,215.98,221.28,221.85,216.00,,221.27,,,20763,4565881.56,648,F1,1,,,,,
2026-09-18,2026-09-18,CM,NSE,STK,1997,INE115A01026,LICHSGFIN,EQ,,,,,LIC HOUSING FINANCE LTD,548.60,552.00,543.60,548.15,548.15,545.90,,548.15,,,2234836,1223439124.50,25303,F1,1,,,,,
2026-09-18,2026-09-18,CM,NSE,STK,25640,INF767K01SM1,LICMFGOLD,EQ,,,,,LIC MF - LIC GOLD ETF,137.25,138.10,136.45,137.65,137.60,135.30,,137.65,,,332691,45658411.20,886,F1,1,,,,,
2026-09-18,2026-09-18,CM,NSE,STK,11319,INF767K01OS7,LICNETFN50,EQ,,,,,LICNAMC - LICNFENGP,260.84,263.39,260.84,263.39,263.39,261.77,,263.11,,,69,18119.23,17,F1,1,,,,,
2026-09-18,2026-09-18,CM,NSE,STK,11441,INF767K01OT5,LICNETFSEN,EQ,,,,,LICNAMC - LICNFESGP,838.75,849.90,833.11,838.84,838.84,841.79,,837.76,,,52,43599.14,7,F1,1,,,,,
2026-09-18,2026-09-18,CM,NSE,STK,15229,INF767K01PC8,LICNFNHGP,EQ,,,,,LICNAMC - LICNFNHGP,274.18,274.18,268.00,268.00,268.00,271.47,,268.00,,,361,97306.94,12,F1,1,,,,,
2026-09-18,2026-09-18,CM,NSE,STK,6062,INF767K01MV5,LICNETFGSC,EQ,,,,,LICNAMC - LICNMFET,29.49,29.49,29.02,29.28,29.29,29.26,,29.28,,,6406,187607.52,77,F1,1,,,,,
2026-09-18,2026-09-18,CM,NSE,STK,22722,INF767K01RN1,LICNMID100,EQ,,,,,LICNAMC - LICNMID100,61.69,63.70,61.69,63.34,63.70,62.00,,63.34,,,17461,1087798.54,114,F1,1,,,,,
2026-09-18,2026-09-18,CM,NSE,STK,9480,INE0J1Y01017,LICI,EQ,,,,,LIFE INSURA CORP OF INDIA,400.00,407.70,398.80,407.70,407.70,400.00,,407.76,,,6937082,2784021694.40,64504,F1,1,,,,,
2026-09-18,2026-09-18,CM,NSE,STK,578,INE060901027,LIKHITHA,EQ,,,,,LIKHITHA INFRASTRUC LTD,222.00,230.39,219.00,220.78,221.50,222.63,,220.81,,,62548,13973422.92,1157,F1,1,,,,,
2026-09-18,2026-09-18,CM,NSE,STK,6951,INE802B01027,LINC,EQ,,,,,LINC LIMITED,91.95,93.38,91.00,91.81,93.00,91.26,,91.80,,,5818,533472.65,336,F1,1,,,,,
2026-09-18,2026-09-18,CM,NSE,STK,11596,INE405C01035,LINCOLN,EQ,,,,,LINCOLN PHARMA LTD,597.05,612.35,597.05,604.85,601.05,600.70,,604.95,,,18250,11032468.10,1568,F1,1,,,,,
2026-09-18,2026-09-18,CM,NSE,STK,1627,INE473A01011,LINDEINDIA,EQ,,,,,LINDE INDIA LIMITED,6139.00,6250.00,6116.00,6241.50,6250.00,6094.50,,6241.53,,,20753,128926572.00,5603,F1,1,,,,,
2026-09-18,2026-09-18,CM,NSE,STK,17801,INE093R01011,LLOYDSENGG,EQ,,,,,LLOYDS ENGG WORK LIMITED,80.20,82.63,80.20,82.43,82.55,80.20,,82.43,,,2821471,230937276.30,16260,F1,1,,,,,
2026-09-18,2026-09-18,CM,NSE,STK,25807,INE080I01025,LLOYDSENT,EQ,,,,,LLOYDS ENTERPRISES LTD,66.75,69.79,66.75,68.84,68.69,67.00,,68.84,,,1584258,108711897.76,9085,F1,1,,,,,
2026-09-18,2026-09-18,CM,NSE,STK,11472,INE0DTQ01028,LLOYDS,SM,,,,,LLOYDS LUXURIES LIMITED,56.00,57.90,55.50,57.90,57.90,57.95,,57.90,,,15000,843750.00,8,F1,1000,,,,,
2026-09-18,2026-09-18,CM,NSE,STK,17313,INE281B01032,LLOYDSME,EQ,,,,,LLOYDS METALS N ENERGY L,1807.80,1831.50,1799.50,1826.70,1828.00,1799.30,,1826.73,,,342148,623598541.60,21354,F1,1,,,,,
2026-09-18,2026-09-18,CM,NSE,STK,1979,INE269B01029,LMW,EQ,,,,,LMW LIMITED,18249.00,18509.00,17605.00,17759.00,17609.00,18170.00,,17760.12,,,8747,156625378.00,3577,F1,1,,,,,
2026-09-18,2026-09-18,CM,NSE,STK,3220,INE670K01029,LODHA,EQ,,,,,LODHA DEVELOPERS LIMITED,1110.20,1148.80,1108.60,1144.70,1144.70,1103.10,,1144.47,,,4727259,5344997093.60,65424,F1,1,,,,,
2026-09-18,2026-09-18,CM,NSE,STK,764296,INE0QJW01029,LCL,EQ,,,,,LOHIA CORP LIMITED,527.45,547.05,527.35,538.60,537.10,524.95,,538.59,,,322072,173697475.40,16497,F1,1,,,,,
2026-09-18,2026-09-18,CM,NSE,STK,13436,INE397H01017,LOKESHMACH,EQ,,,,,LOKESH MACHINES LTD,333.20,352.20,332.90,344.80,343.00,343.30,,344.80,,,15887,5490962.85,911,F1,1,,,,,
2026-09-18,2026-09-18,CM,NSE,STK,18232,INE846D01012,LORDSCHLO,EQ,,,,,LORDS CHLORO ALKALI LTD,134.00,137.49,132.10,136.06,136.42,132.78,,136.06,,,10327,1404439.83,369,F1,1,,,,,
2026-09-18,2026-09-18,CM,NSE,STK,14924,INE740X01023,LAL,EQ,,,,,LORENZINI APPARELS LTD,8.96,8.96,8.65,8.86,8.94,8.54,,8.86,,,223610,1940107.37,134,F1,1,,,,,
2026-09-18,2026-09-18,CM,NSE,STK,764768,INE026D01011,LOTUSCHO,EQ,,,,,LOTUS CHOCOLATE CO. LTD.,564.35,580.00,560.00,575.10,567.00,568.85,,575.62,,,1912,1086116.30,389,F1,1,,,,,
2026-09-18,2026-09-18,CM,NSE,STK,16807,INE947I01017,LOTUSEYE,EQ,,,,,LOTUS EYE HOSP & INST L,113.12,115.20,113.00,115.10,115.10,113.12,,115.10,,,7112,815715.81,71,F1,1,,,,,
2026-09-18,2026-09-18,CM,NSE,STK,22415,INE597L01014,LOVABLE,EQ,,,,,LOVABLE LINGERIE LTD,71.50,71.50,69.00,69.67,70.40,70.38,,69.66,,,3538,247227.14,178,F1,1,,,,,
2026-09-18,2026-09-18,CM,NSE,STK,10590,INE970D01010,LOYALTEX,EQ,,,,,LOYAL TEXTILE MILLS LTD,207.00,210.80,197.09,201.35,201.35,207.00,,203.00,,,447,92007.51,49,F1,1,,,,,
2026-09-18,2026-09-18,CM,NSE,STK,13816,INE818H01020,LTFOODS,EQ,,,,,LT FOODS LIMITED,420.90,426.45,416.10,423.20,421.65,421.90,,423.19,,,459122,193521668.10,14573,F1,1,,,,,
2026-09-18,2026-09-18,CM,NSE,STK,17818,INE214T01019,LTM,EQ,,,,,LTM LIMITED,4245.00,4300.00,4155.00,4275.10,4275.10,4265.30,,4275.09,,,500645,2124112232.00,32519,F1,1,,,,,
2026-09-18,2026-09-18,CM,NSE,STK,14014,INE872H01027,LUMAXTECH,EQ,,,,,LUMAX AUTO TECH LTD,2011.30,2118.40,2003.60,2102.70,2106.00,2018.00,,2102.67,,,190451,398748882.40,27196,F1,1,,,,,
2026-09-18,2026-09-18,CM,NSE,STK,2018,INE162B01018,LUMAXIND,EQ,,,,,LUMAX INDUSTRIES LTD,5740.00,5917.00,5738.50,5851.00,5865.00,5724.00,,5851.07,,,10193,59713353.00,3423,F1,1,,,,,
2026-09-18,2026-09-18,CM,NSE,STK,765524,INE185Q01025,LUMINO,EQ,,,,,LUMINO INDUSTRIES LIMITED,109.40,112.90,107.20,111.52,110.45,107.14,,111.54,,,21880189,2423782289.50,98774,F1,1,,,,,
2026-09-18,2026-09-18,CM,NSE,STK,10440,INE326A01037,LUPIN,EQ,,,,,LUPIN LIMITED,2088.10,2114.70,2075.00,2083.00,2083.00,2098.10,,2083.44,,,1194290,2495000402.40,43537,F1,1,,,,,
2026-09-18,2026-09-18,CM,NSE,STK,11301,INE150G01020,LUXIND,EQ,,,,,LUX INDUSTRIES LIMITED,1049.50,1169.90,1049.50,1139.20,1126.00,1042.50,,1139.06,,,279753,314973576.90,18842,F1,1,,,,,
2026-09-18,2026-09-18,CM,NSE,STK,7248,INE933A01014,LYKALABS,BE,,,,,LYKA LABS LTD.,83.34,83.34,83.34,83.34,83.34,81.71,,83.40,,,23845,1987242.30,55,F1,1,,,,,
2026-09-18,2026-09-18,CM,NSE,STK,758150,INE08N601015,MBEL,EQ,,,,,M AND B ENGINEERING LTD,252.85,257.40,251.10,252.25,252.30,251.40,,252.25,,,88783,22498146.60,4409,F1,1,,,,,
2026-09-18,2026-09-18,CM,NSE,STK,765120,INE227F01010,MKEXIM,EQ,,,,,M K EXIM (INDIA) LTD.,67.90,69.87,65.75,67.43,69.00,67.23,,68.41,,,49723,3387159.78,600,F1,1,,,,,
2026-09-18,2026-09-18,CM,NSE,STK,16736,INE964W01021,MKPL,EQ,,,,,M K PROTEINS LIMITED,4.07,4.17,3.96,3.97,4.00,4.07,,3.98,,,125960,506659.94,529,F1,1,,,,,
2026-09-18,2026-09-18,CM,NSE,STK,22360,INE813V01022,MCL,EQ,,,,,M TEK COPPER LIMITED,55.00,56.24,55.00,55.94,55.40,54.74,,55.94,,,39011,2166150.05,688,F1,1,,,,,
2026-09-18,2026-09-18,CM,NSE,STK,13285,INE774D01024,M&MFIN,EQ,,,,,M&M FIN. SERVICES LTD,349.85,356.95,347.10,353.30,350.10,345.70,,353.31,,,3129493,1103340294.00,70916,F1,1,,,,,
2026-09-18,2026-09-18,CM,NSE,STK,22976,INE0SGC01015,MVKAGRO,SM,,,,,M.V.K. AGRO FOOD PROD LTD,245.50,245.50,244.30,244.30,244.30,257.15,,244.30,,,69300,16948950.00,122,F1,300,,,,,
2026-09-18,2026-09-18,CM,NSE,STK,15017,INE215I01027,MAANALU,EQ,,,,,MAAN ALUMINIUM LIMITED,105.85,105.94,103.61,104.77,104.05,102.89,,104.77,,,32914,3451803.29,683,F1,1,,,,,
2026-09-18,2026-09-18,CM,NSE,STK,762782,INE435D01014,MCCHRLS-B,EQ,,,,,MAC CHARLES (INDIA) LTD.,680.00,680.00,648.00,655.00,655.00,659.75,,657.03,,,6059,3982733.60,48,F1,1,,,,,
2026-09-18,2026-09-18,CM,NSE,STK,22347,INE155Z01011,MACPOWER,EQ,,,,,MACPOWER CNC MACHINES LTD,1930.10,2149.00,1930.10,2104.50,2100.00,1921.60,,2104.50,,,237776,496235264.10,21662,F1,1,,,,,
2026-09-18,2026-09-18,CM,NSE,STK,762767,INE631R01026,MADHAVIPL,EQ,,,,,MADHAV INFRA PROJECTS L,7.59,8.15,7.59,7.80,7.81,7.59,,7.80,,,146481,1151636.70,472,F1,1,,,,,
2026-09-18,2026-09-18,CM,NSE,STK,15151,INE925C01016,MADHAV,EQ,,,,,MADHAV MARBLE & GRANITE,35.90,37.79,35.10,35.46,35.40,34.50,,35.52,,,25672,940955.26,253,F1,1,,,,,
2026-09-18,2026-09-18,CM,NSE,STK,13668,INE378D01032,MADHUCON,BE,,,,,MADHUCON PROJECTS LTD.,3.87,4.07,3.69,4.07,4.07,3.88,,4.07,,,49270,193346.34,80,F1,1,,,,,
2026-09-18,2026-09-18,CM,NSE,STK,765476,INE1P5601010,MADHURKNIT,SM,,,,,MADHUR KNIT CRAFTS LTD,46.30,51.55,45.50,51.10,51.30,46.90,,51.10,,,285600,14190660.00,187,F1,1200,,,,,
2026-09-18,2026-09-18,CM,NSE,STK,18738,INE0P6701019,MADHUSUDAN,ST,,,,,MADHUSUDAN MASALA LIMITED,236.95,236.95,229.05,233.45,233.45,237.00,,233.45,,,17000,3963250.00,15,F1,1000,,,,,
2026-09-18,2026-09-18,CM,NSE,STK,12686,INE900L01028,MBAPL,EQ,,,,,MADHYA BHARAT AGRO P. LTD,164.60,165.77,158.50,159.82,159.89,163.90,,159.82,,,852099,138018471.66,7707,F1,1,,,,,
2026-09-18,2026-09-18,CM,NSE,STK,4911,INE414A01015,MADRASFERT,EQ,,,,,MADRAS FERTILISERS LTD,61.40,61.64,60.80,61.28,61.64,61.16,,61.27,,,22335,1367623.65,381,F1,1,,,,,
2026-09-18,2026-09-18,CM,NSE,STK,762772,INE270B01035,MAFATIND,EQ,,,,,MAFATLAL INDUSTRIES LTD.,120.90,122.39,119.20,119.56,119.45,120.90,,119.66,,,45441,5451259.38,1111,F1,1,,,,,
2026-09-18,2026-09-18,CM,NSE,STK,21392,INE347W01011,MAGADSUGAR,EQ,,,,,MAGADH SUGAR & ENERGY LTD,509.85,512.70,497.60,504.75,503.00,508.15,,504.74,,,25380,12747022.55,1396,F1,1,,,,,
2026-09-18,2026-09-18,CM,NSE,STK,29482,INE613C01026,MCLOUD,EQ,,,,,MAGELLANIC CLOUD LIMITED,25.19,25.50,25.06,25.30,25.39,25.19,,25.29,,,881659,22295261.30,2827,F1,1,,,,,
2026-09-18,2026-09-18,CM,NSE,STK,14957,INE387I01016,MAGNUM,EQ,,,,,MAGNUM VENTURES LTD.,19.53,19.98,18.81,19.19,19.35,19.53,,19.20,,,75187,1450477.00,341,F1,1,,,,,
2026-09-18,2026-09-18,CM,NSE,STK,17088,INE0O1S01012,MAGSON,SM,,,,,MAGSON RETAIL AND DIST L,179.00,180.00,179.00,180.00,180.00,179.00,,180.00,,,43000,7739000.00,5,F1,1000,,,,,
2026-09-18,2026-09-18,CM,NSE,STK,5239,INE843B01013,MAHAPEXLTD,EQ,,,,,MAHA RASHTRA APEX COPR. L,54.20,58.80,54.02,54.72,54.50,55.26,,54.72,,,2016,110878.64,67,F1,1,,,,,
2026-09-18,2026-09-18,CM,NSE,STK,24937,INE0US801024,MFML,EQ,,,,,MAHALAXMI FABRIC MILLS LT,18.66,19.49,18.21,18.83,18.61,18.66,,18.83,,,2179,41698.94,54,F1,1,,,,,
2026-09-18,2026-09-18,CM,NSE,STK,7889,INE112D01035,MHLXMIRU,BE,,,,,MAHALAXMI RUBTECH LIMITED,153.90,154.00,146.31,153.97,154.00,152.88,,153.97,,,11934,1821100.94,81,F1,1,,,,,
2026-09-18,2026-09-18,CM,NSE,STK,17531,INE451L01014,MAHASTEEL,BE,,,,,MAHAMAYA STEEL INDS LTD,1180.00,1199.90,1141.90,1141.90,1141.90,1201.90,,1133.38,,,2857,3275905.00,233,F1,1,,,,,
2026-09-18,2026-09-18,CM,NSE,STK,17534,INE002S01010,MGL,EQ,,,,,MAHANAGAR GAS LTD.,1067.10,1087.50,1066.20,1081.70,1078.50,1071.20,,1081.75,,,196402,211958543.30,12066,F1,1,,,,,
2026-09-18,2026-09-18,CM,NSE,STK,2294,INE153A01019,MTNL,EQ,,,,,MAHANAGAR TELEPHONE NIGAM,23.78,24.15,23.52,23.80,23.65,23.77,,23.80,,,778801,18566893.29,2977,F1,1,,,,,
2026-09-18,2026-09-18,CM,NSE,STK,2085,INE288A01013,MAHSCOOTER,EQ,,,,,MAHARASHTRA SCOOTERS LTD,13217.00,13850.00,13151.00,13729.00,13750.00,13151.00,,13729.67,,,8261,112205637.00,3246,F1,1,,,,,
2026-09-18,2026-09-18,CM,NSE,STK,2088,INE271B01025,MAHSEAMLES,EQ,,,,,MAHARASHTRA SEAMLESS LTD,724.00,725.90,712.15,717.55,717.00,720.20,,717.51,,,177765,127772285.70,10724,F1,1,,,,,
2026-09-18,2026-09-18,CM,NSE,STK,758688,INE632Q01018,MRIL,ST,,,,,MAHENDRA REALTO & INFRA L,82.80,85.30,78.40,84.20,85.30,81.25,,84.20,,,169600,14188480.00,82,F1,1600,,,,,
2026-09-18,2026-09-18,CM,NSE,STK,9576,INE263W01010,MAHESHWARI,EQ,,,,,MAHESHWARI LOGISTICS LTD.,68.30,71.49,68.28,68.70,68.28,70.00,,68.70,,,2620,183331.16,42,F1,1,,,,,
2026-09-18,2026-09-18,CM,NSE,STK,2031,INE101A01026,M&M,EQ,,,,,MAHINDRA & MAHINDRA LTD,3082.00,3098.20,3052.00,3052.00,3052.00,3076.50,,3052.00,,,2973119,9120610734.40,80912,F1,1,,,,,
2026-09-18,2026-09-18,CM,NSE,STK,17603,INE215D01010,MAHEPC,EQ,,,,,MAHINDRA EPC IRRIG LTD,103.38,103.80,101.55,102.64,102.87,101.99,,102.54,,,11732,1204742.19,220,F1,1,,,,,
2026-09-18,2026-09-18,CM,NSE,STK,17333,INE998I01010,MHRIL,EQ,,,,,MAHINDRA HOLIDAYS LTD,195.00,201.00,194.81,199.29,199.50,195.17,,199.25,,,169999,33776624.75,2885,F1,1,,,,,
2026-09-18,2026-09-18,CM,NSE,STK,8050,INE813A01018,MAHLIFE,EQ,,,,,MAHINDRA LIFESPACE DEVLTD,364.00,371.00,356.85,366.40,368.50,363.70,,366.45,,,140424,51212961.80,8113,F1,1,,,,,
2026-09-18,2026-09-18,CM,NSE,STK,385,INE766P01016,MAHLOG,EQ,,,,,MAHINDRA LOGISTIC LIMITED,393.95,394.75,387.40,392.75,391.00,389.55,,392.74,,,101788,39884384.65,4540,F1,1,,,,,
2026-09-18,2026-09-18,CM,NSE,STK,24538,INE683C01011,MAITHANALL,EQ,,,,,MAITHAN ALLOYS LTD,1034.70,1040.60,1006.10,1009.10,1009.20,1027.45,,1009.07,,,55436,56341455.95,3435,F1,1,,,,,
2026-09-18,2026-09-18,CM,NSE,STK,762780,INE201B01022,MAJESAUT,BE,,,,,MAJESTIC AUTO LTD.,366.80,366.80,360.00,363.10,366.50,359.60,,363.08,,,1399,509732.65,76,F1,1,,,,,
2026-09-18,2026-09-18,CM,NSE,STK,764773,INE987A01010,MAKERSL,EQ,,,,,MAKERS LABORATORIES LTD.,182.00,195.13,178.20,190.88,190.98,185.13,,190.88,,,1211,226513.75,76,F1,1,,,,,
2026-09-18,2026-09-18,CM,NSE,STK,7965,INE389C01015,MALLCOM,EQ,,,,,MALLCOM (INDIA) LIMITED,954.70,974.00,954.70,968.90,973.90,949.95,,968.90,,,1230,1187635.00,193,F1,1,,,,,
2026-09-18,2026-09-18,CM,NSE,STK,13352,INE383H01017,MALUPAPER,EQ,,,,,MALU PAPER MILLS LIMITED,31.90,33.08,31.60,32.16,32.20,31.97,,32.17,,,17439,566806.78,397,F1,1,,,,,
2026-09-18,2026-09-18,CM,NSE,STK,28687,INE0TO701015,MAMATA,EQ,,,,,MAMATA MACHINERY LIMITED,392.20,405.20,392.20,403.75,402.00,393.90,,403.74,,,39826,16059296.55,1642,F1,1,,,,,
2026-09-18,2026-09-18,CM,NSE,STK,7413,INE830Q01018,MANAKCOAT,EQ,,,,,MAN COAT METAL & IND LTD,129.70,130.60,127.50,129.22,128.02,129.69,,129.22,,,281064,36315809.45,3277,F1,1,,,,,
2026-09-18,2026-09-18,CM,NSE,STK,11884,INE993A01026,MANINDS,EQ,,,,,MAN INDUSTRIES (I) LTD.,825.00,860.50,822.35,851.55,860.50,823.00,,851.56,,,1165509,981817924.25,40394,F1,1,,,,,
2026-09-18,2026-09-18,CM,NSE,STK,18226,INE949H01023,MANINFRA,EQ,,,,,MAN INFRA LTD,126.00,127.64,124.80,125.64,126.00,125.71,,125.61,,,2921365,369380444.60,9535,F1,1,,,,,
2026-09-18,2026-09-18,CM,NSE,STK,7420,INE859Q01017,MANAKALUCO,EQ,,,,,MANAK ALUMINIUM CO. LTD.,36.30,36.70,35.57,35.87,36.65,35.81,,35.87,,,30354,1088485.57,363,F1,1,,,,,
2026-09-18,2026-09-18,CM,NSE,STK,15199,INE015D01022,MANAKSIA,EQ,,,,,MANAKSIA LTD.,63.57,65.28,62.81,64.26,64.60,64.05,,64.26,,,42702,2742493.65,751,F1,1,,,,,
2026-09-18,2026-09-18,CM,NSE,STK,7482,INE824Q01011,MANAKSTEEL,BE,,,,,MANAKSIA STEELS LTD,104.46,108.00,104.46,107.58,108.00,104.46,,107.55,,,16755,1796505.47,188,F1,1,,,,,
2026-09-18,2026-09-18,CM,NSE,STK,13796,INE201A01024,MANALIPETC,EQ,,,,,MANALI PETROCHEMICALS LT,82.30,83.47,80.95,82.92,83.44,82.30,,82.92,,,884970,73015789.29,7275,F1,1,,,,,
2026-09-18,2026-09-18,CM,NSE,STK,19061,INE522D01027,MANAPPURAM,EQ,,,,,MANAPPURAM FINANCE LTD,319.00,319.90,310.00,319.15,319.15,316.05,,319.15,,,3822669,1213361451.60,34723,F1,1,,,,,
2026-09-18,2026-09-18,CM,NSE,STK,765927,INE0U4H20011,MPEL-RE,ST,,,,,MANAS POLY N ENERG LTD,1.80,1.80,1.80,1.80,1.80,1.65,,1.80,,,41600,74880.00,5,F1,3200,,,,,
2026-09-18,2026-09-18,CM,NSE,STK,759354,INE0U4H01011,MPEL,ST,,,,,MANAS POLYMER N ENERGIE L,22.25,22.25,22.20,22.25,22.25,21.20,,22.25,,,19200,426720.00,12,F1,1600,,,,,
2026-09-18,2026-09-18,CM,NSE,STK,25597,INE939X01013,MANBA,EQ,,,,,MANBA FINANCE LIMITED,135.10,136.90,132.10,133.76,134.98,133.76,,133.77,,,78068,10472443.37,726,F1,1,,,,,
2026-09-18,2026-09-18,CM,NSE,STK,23779,INE0R3T01013,MANDEEP,SM,,,,,MANDEEP AUTO INDUSTRIES L,17.80,17.80,17.80,17.80,17.80,17.85,,17.80,,,2000,35600.00,1,F1,2000,,,,,
2026-09-18,2026-09-18,CM,NSE,STK,24823,INE545L01039,MANCREDIT,EQ,,,,,MANGAL CREDIT N FINCORP L,219.50,224.90,217.44,223.39,224.90,218.00,,223.44,,,137124,30331100.27,2054,F1,1,,,,,
2026-09-18,2026-09-18,CM,NSE,STK,758748,INE0PKD01011,MEIL,EQ,,,,,MANGAL ELECTRICAL IND L,272.55,274.75,270.00,271.85,271.50,270.30,,271.93,,,23180,6302768.55,605,F1,1,,,,,
2026-09-18,2026-09-18,CM,NSE,STK,19137,INE00C401011,MAL,ST,,,,,MANGALAM ALLOYS LIMITED,41.80,42.25,39.90,42.25,42.25,41.80,,42.25,,,25600,1046640.00,14,F1,1600,,,,,
2026-09-18,2026-09-18,CM,NSE,STK,2106,INE347A01017,MANGLMCEM,EQ,,,,,MANGALAM CEMENT LTD,1036.60,1041.00,1024.00,1030.80,1034.50,1035.20,,1030.76,,,36083,37236566.60,1454,F1,1,,,,,
2026-09-18,2026-09-18,CM,NSE,STK,11817,INE584F01014,MANGALAM,EQ,,,,,MANGALAM DRUG & CHEM LTD,34.40,34.95,32.50,34.26,34.45,31.97,,34.26,,,167646,5738942.13,1459,F1,1,,,,,
2026-09-18,2026-09-18,CM,NSE,STK,1593,INE0APB01032,MGEL,EQ,,,,,MANGALAM GLOBAL ENT LTD,15.60,15.99,15.47,15.64,15.61,15.52,,15.64,,,241973,3780276.34,489,F1,1,,,,,
2026-09-18,2026-09-18,CM,NSE,STK,6422,INE370D01013,MANORG,EQ,,,,,MANGALAM ORGANICS LIMITED,450.00,458.85,450.00,456.95,457.70,448.90,,456.96,,,8980,4090819.70,446,F1,1,,,,,
2026-09-18,2026-09-18,CM,NSE,STK,764783,INE829S01016,MSL,EQ,,,,,MANGALAM SEEDS LTD.,137.10,145.00,136.22,141.43,136.22,136.22,,144.40,,,649,92106.04,49,F1,1,,,,,
2026-09-18,2026-09-18,CM,NSE,STK,759169,INE0JYY01029,MWL,EQ,,,,,MANGALAM WORLDWIDE LTD,40.17,44.00,40.12,42.52,42.04,40.18,,42.52,,,3022051,129269594.73,14018,F1,1,,,,,
2026-09-18,2026-09-18,CM,NSE,STK,760174,INE1ERK01013,MANILAM,SM,,,,,MANILAM INDUSTRIES IND L,40.00,40.00,40.00,40.00,40.00,39.90,,40.00,,,2000,80000.00,1,F1,2000,,,,,
2026-09-18,2026-09-18,CM,NSE,STK,764357,INE459N01021,MANIPALHOS,EQ,,,,,MANIPAL HEALTH ENTERPRI L,725.00,742.50,725.00,738.95,736.55,721.55,,738.93,,,838917,618415767.25,24461,F1,1,,,,,
2026-09-18,2026-09-18,CM,NSE,STK,766051,INE241U01028,MPIMANIPAL,EQ,,,,,MANIPAL PAYMENT & IDE S L,348.90,349.95,329.00,341.35,345.00,345.15,,341.33,,,1721733,583080728.50,35353,F1,1,,,,,
2026-09-18,2026-09-18,CM,NSE,STK,15380,INE634S01028,MANKIND,EQ,,,,,MANKIND PHARMA LIMITED,2300.00,2329.50,2287.70,2300.70,2300.70,2300.00,,2300.72,,,484552,1120840629.80,27649,F1,1,,,,,
2026-09-18,2026-09-18,CM,NSE,STK,19015,INE0KNT01012,MVGJL,EQ,,,,,MANOJ VAIBHAV GEM N JEW L,217.00,224.36,212.20,214.47,214.80,215.37,,214.51,,,509506,111615871.99,12280,F1,1,,,,,
2026-09-18,2026-09-18,CM,NSE,STK,13753,INE784W01015,MANOMAY,EQ,,,,,MANOMAY TEX INDIA LTD,225.00,231.00,224.29,229.68,230.10,223.55,,229.68,,,182888,41817741.85,5213,F1,1,,,,,
2026-09-18,2026-09-18,CM,NSE,STK,10227,INE00VM01036,MANORAMA,EQ,,,,,MANORAMA INDUSTRIES LTD,1953.90,1984.00,1924.10,1966.90,1962.50,1939.10,,1966.94,,,97087,191117150.70,11829,F1,1,,,,,
2026-09-18,2026-09-18,CM,NSE,STK,13572,INE867A01022,MANUGRAPH,EQ,,,,,MANUGRAPH INDIA LIMITED,15.04,18.22,15.04,18.09,17.81,15.19,,18.12,,,591694,10604893.07,2217,F1,1,,,,,
2026-09-18,2026-09-18,CM,NSE,STK,2112,INE882A01013,MARALOVER,EQ,,,,,MARAL OVERSEAS LTD,60.70,60.70,58.38,59.36,59.05,59.59,,59.36,,,3430,203609.52,78,F1,1,,,,,
2026-09-18,2026-09-18,CM,NSE,STK,18659,INE182D01020,MARATHON,EQ,,,,,MARATHON NXTGEN REALT LTD,414.15,419.80,405.25,409.00,412.00,414.15,,408.99,,,86215,35408764.25,2549,F1,1,,,,,
2026-09-18,2026-09-18,CM,NSE,STK,760453,INE0TD401015,MARC,SM,,,,,MARC TECHNOCRATS LIMITED,155.25,156.00,155.25,155.90,155.90,156.00,,155.90,,,10800,1682520.00,6,F1,1200,,,,,
2026-09-18,2026-09-18,CM,NSE,STK,18773,INE0QP001012,MARCO,SM,,,,,MARCO CABLE & CONDUCTOR L,29.70,29.70,29.50,29.70,29.70,29.45,,29.70,,,7500,222150.00,5,F1,1500,,,,,
2026-09-18,2026-09-18,CM,NSE,STK,4067,INE196A01026,MARICO,EQ,,,,,MARICO LIMITED,820.05,822.45,803.90,803.90,803.90,817.00,,803.90,,,2848872,2312650814.60,41994,F1,1,,,,,
2026-09-18,2026-09-18,CM,NSE,STK,1328,INE01JE01028,MARINE,EQ,,,,,MARINE ELECTRICAL (I) LTD,373.15,382.00,372.95,379.20,379.40,373.15,,379.20,,,395698,149604964.15,16355,F1,1,,,,,
2026-09-18,2026-09-18,CM,NSE,STK,760204,INE0FW001016,MARKOLINES,EQ,,,,,MARKOLINES PAVEMENT TEC L,172.85,173.98,169.00,169.71,169.10,172.84,,169.79,,,68615,11669899.27,734,F1,1,,,,,
2026-09-18,2026-09-18,CM,NSE,STK,10579,INE750C01026,MARKSANS,EQ,,,,,MARKSANS PHARMA LIMITED,321.35,325.85,318.65,320.15,321.45,319.70,,320.13,,,975318,313174317.50,22161,F1,1,,,,,
2026-09-18,2026-09-18,CM,NSE,STK,761386,INE415B01044,MARSONS,EQ,,,,,MARSONS LIMITED,122.45,132.58,121.76,128.62,128.90,121.67,,128.61,,,5689077,734565135.39,41074,F1,1,,,,,
2026-09-18,2026-09-18,CM,NSE,STK,761042,INE0X7G01013,MARUSHIKA,SM,,,,,MARUSHIKA TECHNOLOGY LTD,119.95,119.95,117.00,117.00,117.00,119.30,,117.00,,,10800,1271940.00,9,F1,1200,,,,,
2026-09-18,2026-09-18,CM,NSE,STK,10999,INE585B01010,MARUTI,EQ,,,,,MARUTI SUZUKI INDIA LTD.,12350.00,12458.00,12103.00,12103.00,12103.00,12338.00,,12103.54,,,659773,8053400911.00,56186,F1,1,,,,,
2026-09-18,2026-09-18,CM,NSE,STK,2132,INE575Z01010,MDL,SM,,,,,MARVEL DECOR LIMITED,60.00,60.00,60.00,60.00,60.00,60.00,,60.00,,,22000,1320000.00,13,F1,1000,,,,,
2026-09-18,2026-09-18,CM,NSE,STK,199,INE348L01012,MASFIN,EQ,,,,,MAS FINANCIAL SERV LTD,287.40,290.10,281.00,288.95,287.10,286.90,,288.95,,,360227,103207964.40,10963,F1,1,,,,,
2026-09-18,2026-09-18,CM,NSE,STK,18727,INE885F01015,MASKINVEST,EQ,,,,,MASK INVESTMENTS LIMITED,143.85,143.85,140.01,143.55,143.85,137.00,,143.55,,,345,49586.01,17,F1,1,,,,,
2026-09-18,2026-09-18,CM,NSE,STK,24278,INE0SH001010,MASON,SM,,,,,MASON INFRATECH LIMITED,118.50,121.55,109.25,110.65,110.40,119.00,,110.65,,,69500,7912600.00,111,F1,500,,,,,
2026-09-18,2026-09-18,CM,NSE,STK,2124,INE759A01021,MASTEK,EQ,,,,,MASTEK LTD,1642.90,1642.90,1575.10,1588.20,1588.00,1630.10,,1588.20,,,200770,320510552.70,27729,F1,1,,,,,
2026-09-18,2026-09-18,CM,NSE,STK,19011,INE0OJM01017,MASTER,SM,,,,,MASTER COMPONENTS LIMITED,395.00,400.00,395.00,400.00,400.00,400.00,,400.00,,,1000,397500.00,2,F1,500,,,,,
2026-09-18,2026-09-18,CM,NSE,STK,27047,INE677D01037,MASTERTR,EQ,,,,,MASTER TRUST LIMITED,87.20,90.30,87.20,89.74,89.41,87.47,,89.67,,,309406,27574456.66,2425,F1,1,,,,,
2026-09-18,2026-09-18,CM,NSE,STK,21726,INE866R01028,MATRIMONY,EQ,,,,,MATRIMONY.COM LIMITED,533.00,538.10,528.45,535.55,535.00,530.80,,535.70,,,5229,2792661.35,365,F1,1,,,,,
2026-09-18,2026-09-18,CM,NSE,STK,759945,INE132901013,MGSL,SM,,,,,MATRIX GEO SOLUTIONS LTD,67.55,70.00,63.75,65.45,65.95,69.25,,65.45,,,43200,2847900.00,36,F1,1200,,,,,
2026-09-18,2026-09-18,CM,NSE,STK,17022,INE636A01039,MAWANASUG,EQ,,,,,MAWANA SUGARS LIMITED,126.91,130.44,123.50,128.21,128.30,125.54,,128.22,,,108075,13660982.01,2173,F1,1,,,,,
2026-09-18,2026-09-18,CM,NSE,STK,19646,INE03EI01018,MAXESTATES,EQ,,,,,MAX ESTATES LIMITED,575.00,595.00,575.00,594.00,594.00,577.60,,594.00,,,201561,118674621.30,3937,F1,1,,,,,
2026-09-18,2026-09-18,CM,NSE,STK,2142,INE180A01020,MFSL,EQ,,,,,MAX FINANCIAL SERV LTD,1538.60,1573.60,1538.00,1559.00,1559.00,1554.00,,1559.02,,,898566,1404260982.30,52959,F1,1,,,,,
2026-09-18,2026-09-18,CM,NSE,STK,22377,INE027H01010,MAXHEALTH,EQ,,,,,MAX HEALTHCARE INS LTD,1037.00,1059.90,1034.90,1049.30,1049.30,1037.00,,1049.30,,,2098416,2205015479.50,36056,F1,1,,,,,
2026-09-18,2026-09-18,CM,NSE,STK,22428,INE0CG601016,MAXIND,EQ,,,,,MAX INDIA LIMITED,142.62,155.00,141.00,152.69,151.20,140.19,,152.74,,,216930,32511934.86,3715,F1,1,,,,,
2026-09-18,2026-09-18,CM,NSE,STK,21691,INE0ECC01022,MAXPOSURE,SM,,,,,MAXPOSURE LIMITED,40.50,40.50,39.70,39.95,39.95,38.60,,39.95,,,5000,200150.00,5,F1,1000,,,,,
2026-09-18,2026-09-18,CM,NSE,STK,29645,INE10A501018,MAXVOLT,SM,,,,,MAXVOLT ENERGY INDUS L,379.50,386.40,363.00,377.00,375.00,374.15,,377.00,,,19200,7235960.00,47,F1,400,,,,,
2026-09-18,2026-09-18,CM,NSE,STK,757587,INE0ZTO01018,MAYASHEEL,SM,,,,,MAYASHEEL VENTURES LTD,35.00,36.00,34.00,35.35,36.00,36.65,,35.35,,,66000,2333700.00,7,F1,3000,,,,,
2026-09-18,2026-09-18,CM,NSE,STK,28906,INE040D01038,MAYURUNIQ,EQ,,,,,MAYUR UNIQUOTERS LTD,757.40,757.40,740.00,743.40,744.95,750.00,,743.43,,,37518,28045547.45,2662,F1,1,,,,,
2026-09-18,2026-09-18,CM,NSE,STK,509,INE249Z01020,MAZDOCK,EQ,,,,,MAZAGON DOCK SHIPBUIL LTD,2209.00,2280.00,2205.10,2280.00,2280.00,2210.00,,2279.82,,,850778,1911591766.40,35660,F1,1,,,,,
2026-09-18,2026-09-18,CM,NSE,STK,18870,INE885E01042,MAZDA,BE,,,,,MAZDA LIMITED,260.00,276.00,258.00,266.25,268.00,263.45,,266.62,,,166595,43637829.25,329,F1,1,,,,,
2026-09-18,2026-09-18,CM,NSE,STK,18029,INE912H01013,MBLINFRA,EQ,,,,,MBL INFRASTRUCTURE LTD,22.19,22.35,21.80,22.29,22.31,22.19,,22.29,,,22105,486684.21,100,F1,1,,,,,
2026-09-18,2026-09-18,CM,NSE,STK,11943,INE942G01012,MCLEODRUSS,EQ,,,,,MCLEOD RUSSEL INDIA LTD.,42.22,44.33,42.22,44.33,44.33,42.22,,44.54,,,84730,3704034.95,537,F1,1,,,,,
2026-09-18,2026-09-18,CM,NSE,STK,13687,INE748A01024,MBECL,BE,,,,,MCNALLY BHARAT ENGIN CO L,401.59,401.59,401.59,401.59,401.59,382.47,,401.59,,,1893,760209.87,71,F1,1,,,,,
2026-09-18,2026-09-18,CM,NSE,STK,21705,INE456Z01021,MEDIASSIST,EQ,,,,,MEDI ASSIST HEALTH SER L,323.00,326.55,317.75,324.85,325.80,321.15,,324.83,,,105999,34313569.40,3583,F1,1,,,,,
2026-09-18,2026-09-18,CM,NSE,STK,765113,INE442D01010,MEDICAPQ,BE,,,,,MEDI CAPS LTD.,24.25,25.82,24.00,25.82,25.82,24.81,,25.82,,,3778,95029.42,38,F1,1,,,,,
2026-09-18,2026-09-18,CM,NSE,STK,762802,INE200D01020,MMWL,EQ,,,,,MEDIA MATRIX WORLDWIDE L,13.39,13.39,12.76,12.89,12.90,13.04,,12.89,,,11336,147591.16,97,F1,1,,,,,
2026-09-18,2026-09-18,CM,NSE,STK,6281,INE646B01010,MEDICAMEQ,BE,,,,,MEDICAMEN BIOTECH LIMITED,344.70,344.70,328.05,328.05,328.05,346.30,,328.46,,,29506,9746860.00,503,F1,1,,,,,
2026-09-18,2026-09-18,CM,NSE,STK,24239,INE0PE401018,MEDIORG,SM,,,,,MEDICAMEN ORGANICS LTD,21.65,21.65,21.65,21.65,21.65,22.75,,21.65,,,2000,43300.00,1,F1,2000,,,,,
2026-09-18,2026-09-18,CM,NSE,STK,9667,INE630Y01024,MEDICO,EQ,,,,,MEDICO REMEDIES LIMITED,36.36,36.57,34.71,34.89,34.84,36.34,,34.89,,,312783,10969255.84,1596,F1,1,,,,,
2026-09-18,2026-09-18,CM,NSE,STK,7254,INE804L01022,MEDPLUS,EQ,,,,,MEDPLUS HEALTH SERV LTD,655.00,665.20,654.00,659.65,656.35,654.00,,659.63,,,87557,57615471.40,5035,F1,1,,,,,
2026-09-18,2026-09-18,CM,NSE,STK,760229,INE0VDM01015,MEESHO,EQ,,,,,MEESHO LIMITED,208.48,220.00,208.16,214.44,219.63,207.31,,214.49,,,83376786,17846317033.71,212582,F1,1,,,,,
2026-09-18,2026-09-18,CM,NSE,STK,10971,INE0G1D01014,MEGAFLEX,SM,,,,,MEGA FLEX PLASTICS LTD,94.10,95.00,94.10,94.55,95.00,96.25,,94.55,,,2000,189100.00,2,F1,1000,,,,,
2026-09-18,2026-09-18,CM,NSE,STK,8153,INE00EM01016,MEGASTAR,EQ,,,,,MEGASTAR FOODS LIMITED,280.00,283.90,280.00,281.80,280.05,278.75,,281.80,,,17638,4958489.70,60,F1,1,,,,,
2026-09-18,2026-09-18,CM,NSE,STK,22560,INE531R01010,MEGATHERM,SM,,,,,MEGATHERM INDUCTION LTD,261.00,261.00,251.00,253.75,254.80,261.00,,253.75,,,15600,3965960.00,28,F1,400,,,,,
2026-09-18,2026-09-18,CM,NSE,STK,5394,INE0CT101020,MOL,EQ,,,,,MEGHMANI ORGANICS LIMITED,60.00,63.80,59.60,63.05,63.30,59.93,,63.05,,,1434815,89379294.35,12560,F1,1,,,,,
2026-09-18,2026-09-18,CM,NSE,STK,764778,INE898Q01015,MIIL,EQ,,,,,MEGHNA INFRACON INFRA L,699.50,714.85,689.95,711.35,714.75,689.00,,710.96,,,83235,58635167.75,2313,F1,1,,,,,
2026-09-18,2026-09-18,CM,NSE,STK,6971,INE071D01033,MENONBE,BE,,,,,MENON BEARINGS LIMITED,311.75,320.00,310.00,316.85,319.40,305.05,,316.67,,,88392,27957162.60,943,F1,1,,,,,
2026-09-18,2026-09-18,CM,NSE,STK,762790,INE650G01029,MENNPIS,BE,,,,,MENON PISTONS LTD.,74.78,75.00,72.03,73.79,73.31,74.59,,73.85,,,26549,1952148.36,192,F1,1,,,,,
2026-09-18,2026-09-18,CM,NSE,STK,25882,INE776I01010,MEP,BZ,,,,,MEP INFRA. DEVELOPERS LTD,0.65,0.65,0.63,0.63,0.63,0.64,,0.65,,,69757,44003.93,56,F1,1,,,,,
2026-09-18,2026-09-18,CM,NSE,STK,762792,INE689O01013,MERCANTILE,EQ,,,,,MERCANTILE VENTURES LTD.,23.48,23.96,22.17,22.70,23.02,22.47,,22.73,,,2852,64751.49,66,F1,1,,,,,
2026-09-18,2026-09-18,CM,NSE,STK,763663,INE763M01028,MERCURYEV,EQ,,,,,MERCURY EV-TECH LIMITED,41.74,41.74,39.11,39.91,39.70,40.84,,39.91,,,456747,18373109.99,3485,F1,1,,,,,
2026-09-18,2026-09-18,CM,NSE,STK,764278,INE1II801013,METALIC,ST,,,,,METALIC TECHNOFORGE LTD,139.95,143.65,139.95,143.65,143.65,136.85,,143.65,,,56000,8006560.00,31,F1,1600,,,,,
2026-09-18,2026-09-18,CM,NSE,STK,7242,INE317I01021,METROBRAND,EQ,,,,,METRO BRANDS LIMITED,955.00,955.00,927.00,940.85,950.90,950.45,,940.76,,,918435,864149130.20,46652,F1,1,,,,,
2026-09-18,2026-09-18,CM,NSE,STK,762797,INE085D01033,METROGLOBL,EQ,,,,,METROGLOBAL LTD.,134.50,134.50,132.01,132.01,132.01,134.50,,132.01,,,59,7818.47,3,F1,1,,,,,
2026-09-18,2026-09-18,CM,NSE,STK,9581,INE112L01020,METROPOLIS,EQ,,,,,METROPOLIS HEALTHCARE LTD,589.90,602.05,582.00,597.45,596.00,586.30,,597.45,,,223299,133080239.35,12531,F1,1,,,,,
2026-09-18,2026-09-18,CM,NSE,STK,7165,INE287C01037,MICEL,BE,,,,,MIC ELECTRONICS LTD,33.39,33.39,33.37,33.37,33.37,34.05,,33.35,,,94790,3163347.64,820,F1,1,,,,,
2026-09-18,2026-09-18,CM,NSE,STK,19887,INE0PZK01014,MICROPRO,SM,,,,,MICROPRO SOFTWARE SOL L,18.35,18.35,18.35,18.35,18.35,18.40,,18.35,,,1600,29360.00,1,F1,1600,,,,,
2026-09-18,2026-09-18,CM,NSE,STK,759517,INE0XAD01024,MIDWESTLTD,EQ,,,,,MIDWEST LIMITED,980.00,990.80,973.10,980.80,981.60,976.20,,980.81,,,10017,9823566.20,918,F1,1,,,,,
2026-09-18,2026-09-18,CM,NSE,STK,765125,INE588G01021,MLKFOOD,EQ,,,,,MILKFOOD LTD.,83.00,86.00,77.11,79.82,79.50,79.12,,80.24,,,3524,283036.07,202,F1,1,,,,,
2026-09-18,2026-09-18,CM,NSE,STK,765272,INE00IT01020,MILKYMIST,EQ,,,,,MILKY MIST DAIRY FOOD L,276.13,283.98,271.50,274.07,275.30,274.76,,274.07,,,5036730,1399202522.01,50902,F1,1,,,,,
2026-09-18,2026-09-18,CM,NSE,STK,765118,INE097E01028,MINALIND,BE,,,,,MINAL INDUSTRIES LTD.,5.15,5.15,5.15,5.15,5.15,5.25,,5.15,,,7728,39799.20,50,F1,1,,,,,
2026-09-18,2026-09-18,CM,NSE,STK,25897,INE842C01021,MINDACORP,EQ,,,,,MINDA CORPORATION LTD,685.00,696.35,681.40,691.45,693.25,681.25,,691.44,,,90197,62369632.55,10617,F1,1,,,,,
2026-09-18,2026-09-18,CM,NSE,STK,22308,INE0CCU25019,MINDSPACE,RR,,,,,MINDSPACE BUSINESS P REIT,499.00,508.40,497.49,505.58,504.57,499.08,,505.58,,,902294,455969515.70,20604,F1,1,,,,,
2026-09-18,2026-09-18,CM,NSE,STK,18049,INE110B01017,MINDTECK,EQ,,,,,MINDTECK (INDIA) LIMITED,160.36,160.36,156.81,158.33,157.00,156.84,,158.33,,,19042,3012745.31,645,F1,1,,,,,
2026-09-18,2026-09-18,CM,NSE,STK,19640,INF769K01KU7,ALPHAETF,EQ,,,,,MIRAEAMC - ALPHAETF,26.20,26.46,26.16,26.33,26.39,26.02,,26.33,,,696150,18328691.17,603,F1,1,,,,,
2026-09-18,2026-09-18,CM,NSE,STK,17419,INF769K01KR3,BANKETF,EQ,,,,,MIRAEAMC - BANKETF,571.20,576.40,571.20,574.99,574.25,572.55,,574.99,,,12315,7070798.63,1271,F1,1,,,,,
2026-09-18,2026-09-18,CM,NSE,STK,25725,INF769K01LZ4,BANKPSU,EQ,,,,,MIRAEAMC - BANKPSU,83.49,83.96,83.35,83.89,83.82,83.41,,83.89,,,13954,1167267.64,64,F1,1,,,,,
2026-09-18,2026-09-18,CM,NSE,STK,28969,INF769K01NS5,CONSUMER,EQ,,,,,MIRAEAMC - CONSUMER,11.74,11.83,11.74,11.80,11.79,11.73,,11.80,,,73605,867210.35,249,F1,1,,,,,
2026-09-18,2026-09-18,CM,NSE,STK,761046,INF769K01QC2,DEFENCE,EQ,,,,,MIRAEAMC - DEFENCE,78.09,78.96,78.00,78.72,78.49,77.67,,78.68,,,216860,17049276.95,705,F1,1,,,,,
2026-09-18,2026-09-18,CM,NSE,STK,760412,INF769K01PY8,DIVIDEND,EQ,,,,,MIRAEAMC - DIVIDEND,34.77,34.89,34.69,34.85,34.83,34.81,,34.85,,,2339,81253.61,71,F1,1,,,,,
2026-09-18,2026-09-18,CM,NSE,STK,759780,INF769K01PR2,ENERGY,EQ,,,,,MIRAEAMC - ENERGY,38.08,38.20,37.21,38.14,38.14,37.60,,38.14,,,124531,4734212.55,683,F1,1,,,,,
2026-09-18,2026-09-18,CM,NSE,STK,30121,INF769K01OA1,EQUAL200,EQ,,,,,MIRAEAMC - EQUAL200,13.48,13.60,13.48,13.60,13.60,13.43,,13.60,,,2868,38829.72,44,F1,1,,,,,
2026-09-18,2026-09-18,CM,NSE,STK,757142,INF769K01OO2,EQUAL50,EQ,,,,,MIRAEAMC - EQUAL50,323.08,323.77,322.59,323.77,323.77,323.05,,323.77,,,2038,658655.34,12,F1,1,,,,,
2026-09-18,2026-09-18,CM,NSE,STK,24461,INF769K01LQ3,EVINDIA,EQ,,,,,MIRAEAMC - EVINDIA,32.48,32.48,31.78,32.00,31.93,31.84,,32.00,,,100432,3207805.95,1133,F1,1,,,,,
2026-09-18,2026-09-18,CM,NSE,STK,760986,INF769K01QA6,HEALTHCARE,EQ,,,,,MIRAEAMC - HEALTHCARE,21.98,22.03,21.70,21.84,21.87,21.60,,21.83,,,22617,494273.60,146,F1,1,,,,,
2026-09-18,2026-09-18,CM,NSE,STK,764333,INF769K01RJ5,HYBRIDETF,EQ,,,,,MIRAEAMC - HYBRIDETF,9.94,10.00,9.94,10.00,10.00,9.94,,10.00,,,38244,381480.29,36,F1,1,,,,,
2026-09-18,2026-09-18,CM,NSE,STK,761030,INF769K01QB4,INFRA,EQ,,,,,MIRAEAMC - INFRA,11.90,11.90,11.72,11.85,11.85,11.67,,11.85,,,16540,195148.72,120,F1,1,,,,,
2026-09-18,2026-09-18,CM,NSE,STK,758595,INF769K01PB6,INTERNET,EQ,,,,,MIRAEAMC - INTERNET,14.56,14.74,14.56,14.72,14.68,14.45,,14.72,,,297012,4347331.30,250,F1,1,,,,,
2026-09-18,2026-09-18,CM,NSE,STK,19633,INF769K01KV5,ITETF,EQ,,,,,MIRAEAMC - ITETF,30.95,31.00,30.35,30.47,30.60,30.84,,30.47,,,500010,15246043.84,1002,F1,1,,,,,
2026-09-18,2026-09-18,CM,NSE,STK,765313,INF769K01RK3,LARGEMID50,EQ,,,,,MIRAEAMC - LARGEMID50,35.53,35.56,35.36,35.55,35.55,35.31,,35.52,,,1014,36044.75,11,F1,1,,,,,
2026-09-18,2026-09-18,CM,NSE,STK,17572,INF769K01KS1,LIQUID,EQ,,,,,MIRAEAMC - LIQUID,999.99,1000.00,999.99,999.99,1000.00,999.99,,999.99,,,107563,107562558.92,175,F1,1,,,,,
2026-09-18,2026-09-18,CM,NSE,STK,27075,INF769K01MY5,LIQUIDPLUS,EQ,,,,,MIRAEAMC - LIQUIDPLUS,1103.90,1103.92,1103.90,1103.91,1103.92,1103.47,,1103.91,,,480177,530070179.18,303,F1,1,,,,,
2026-09-18,2026-09-18,CM,NSE,STK,1200,INF769K01GS9,ESG,EQ,,,,,MIRAEAMC - MAESGETF,40.11,40.29,40.01,40.24,40.22,39.92,,40.24,,,5616,225498.30,62,F1,1,,,,,
2026-09-18,2026-09-18,CM,NSE,STK,3507,INF769K01HF4,MAFANG,EQ,,,,,MIRAEAMC - MAFANG,238.66,254.00,238.66,248.07,249.89,237.77,,248.08,,,1209212,300862249.13,20249,F1,1,,,,,
2026-09-18,2026-09-18,CM,NSE,STK,5220,INF769K01HI8,BFSI,EQ,,,,,MIRAEAMC - MAFSETF,27.03,27.03,26.38,26.58,26.59,26.38,,26.58,,,75368,1998953.80,503,F1,1,,,,,
2026-09-18,2026-09-18,CM,NSE,STK,14286,INF769K01JP9,GOLDETF,EQ,,,,,MIRAEAMC - MAGOLDETF,147.29,149.02,147.29,148.57,148.43,146.44,,148.57,,,2707257,401796319.04,6195,F1,1,,,,,
2026-09-18,2026-09-18,CM,NSE,STK,14938,INF769K01KF8,GSEC10YEAR,EQ,,,,,MIRAEAMC - MAGS813ETF,30.35,30.35,30.19,30.31,30.31,30.35,,30.31,,,279,8439.81,11,F1,1,,,,,
2026-09-18,2026-09-18,CM,NSE,STK,7074,INF769K01HS7,MAHKTECH,EQ,,,,,MIRAEAMC - MAHKTECH,21.75,22.90,21.70,21.80,21.93,21.84,,21.80,,,1637716,35938921.37,7434,F1,1,,,,,
2026-09-18,2026-09-18,CM,NSE,STK,8413,INF769K01IC9,MIDCAPETF,EQ,,,,,MIRAEAMC - MAM150ETF,23.13,23.43,23.10,23.37,23.43,23.10,,23.37,,,1444353,33656030.69,4084,F1,1,,,,,
2026-09-18,2026-09-18,CM,NSE,STK,7979,INF769K01IB1,MAKEINDIA,EQ,,,,,MIRAEAMC - MAMFGETF,161.95,162.78,161.75,162.62,162.35,161.14,,162.62,,,56042,9085800.26,339,F1,1,,,,,
2026-09-18,2026-09-18,CM,NSE,STK,6353,INF769K01EG9,NIFTYETF,EQ,,,,,MIRAEAMC - MAN50ETF,254.80,255.02,253.61,254.51,254.61,253.40,,254.51,,,142854,36331140.37,598,F1,1,,,,,
2026-09-18,2026-09-18,CM,NSE,STK,14786,INF769K01JU9,LOWVOL,EQ,,,,,MIRAEAMC - MANV30F,199.50,199.96,199.50,199.64,199.64,199.88,,199.64,,,1007,201127.96,5,F1,1,,,,,
2026-09-18,2026-09-18,CM,NSE,STK,17181,INF769K01FN2,NEXT50,EQ,,,,,MIRAEAMC - MANXT50,739.38,748.53,736.14,745.60,745.45,735.76,,745.62,,,22861,17003450.46,2378,F1,1,,,,,
2026-09-18,2026-09-18,CM,NSE,STK,16777,INF769K01KG6,SILVERAG,EQ,,,,,MIRAEAMC - MASILVER,224.00,229.08,224.00,228.18,227.86,220.74,,228.18,,,239735,54506940.14,3110,F1,1,,,,,
2026-09-18,2026-09-18,CM,NSE,STK,5782,INF769K01HP3,MASPTOP50,EQ,,,,,MIRAEAMC - MASPTOP50,108.00,124.59,106.42,124.48,124.59,103.83,,124.56,,,4373919,519678257.62,29229,F1,1,,,,,
2026-09-18,2026-09-18,CM,NSE,STK,25744,INF769K01LY7,METAL,EQ,,,,,MIRAEAMC - METAL,13.32,13.32,13.00,13.15,13.18,13.00,,13.15,,,3215331,42250390.25,5716,F1,1,,,,,
2026-09-18,2026-09-18,CM,NSE,STK,23855,INF769K01LJ8,MIDSMALL,EQ,,,,,MIRAEAMC - MIDSMALL,51.87,51.87,50.73,51.40,51.50,50.85,,51.40,,,137961,7080318.94,3205,F1,1,,,,,
2026-09-18,2026-09-18,CM,NSE,STK,764198,INF769K01RC0,MOMMIDCAP,EQ,,,,,MIRAEAMC - MOMMIDCAP,12.78,12.93,12.78,12.90,12.90,12.74,,12.90,,,1400681,18046621.60,962,F1,1,,,,,
2026-09-18,2026-09-18,CM,NSE,STK,25080,INF769K01LX9,MULTICAP,EQ,,,,,MIRAEAMC - MULTICAP,16.00,16.53,16.00,16.48,16.48,16.33,,16.49,,,43331,711942.25,334,F1,1,,,,,
2026-09-18,2026-09-18,CM,NSE,STK,30109,INF769K01ON4,SELECTIPO,EQ,,,,,MIRAEAMC - SELECTIPO,48.66,48.66,47.67,48.44,48.65,47.48,,48.45,,,24458,1178482.05,78,F1,1,,,,,
2026-09-18,2026-09-18,CM,NSE,STK,19224,INF769K01KT9,SENSEXETF,EQ,,,,,MIRAEAMC - SENSEXETF,77.29,77.50,76.85,77.16,77.15,76.91,,77.16,,,10598,816275.86,175,F1,1,,,,,
2026-09-18,2026-09-18,CM,NSE,STK,759814,INF769K01PQ4,SMALL250,EQ,,,,,MIRAEAMC - SMALL250,18.15,18.45,18.12,18.38,18.38,18.10,,18.38,,,280548,5135760.58,530,F1,1,,,,,
2026-09-18,2026-09-18,CM,NSE,STK,22832,INF769K01LC3,SMALLCAP,EQ,,,,,MIRAEAMC - SMALLCAP,49.17,50.37,48.19,49.09,49.06,48.18,,49.09,,,1265660,61893138.41,2857,F1,1,,,,,
2026-09-18,2026-09-18,CM,NSE,STK,760415,INF769K01PZ5,TOP20,EQ,,,,,MIRAEAMC - TOP20,8.64,8.65,8.60,8.62,8.62,8.64,,8.62,,,220953,1904528.95,163,F1,1,,,,,
2026-09-18,2026-09-18,CM,NSE,STK,761511,INF769K01QV2,VALUE,EQ,,,,,MIRAEAMC - VALUE,15.84,15.85,15.75,15.80,15.80,15.76,,15.80,,,8366,132229.94,56,F1,1,,,,,
2026-09-18,2026-09-18,CM,NSE,STK,4394,INE771A01026,MIRZAINT,EQ,,,,,MIRZA INTERNATIONAL LIMIT,29.60,29.98,28.71,29.14,29.00,29.54,,29.15,,,204304,5934841.68,2038,F1,1,,,,,
2026-09-18,2026-09-18,CM,NSE,STK,2463,INE099Z01011,MIDHANI,EQ,,,,,MISHRA DHATU NIGAM LTD,411.00,421.50,408.85,417.30,418.00,407.85,,417.30,,,1297036,541157208.75,35704,F1,1,,,,,
2026-09-18,2026-09-18,CM,NSE,STK,8469,INE828O01033,MITCON,EQ,,,,,MITCON CON & ENG SER LTD,79.03,81.59,79.00,80.01,80.05,80.23,,80.01,,,386,30906.49,38,F1,1,,,,,
2026-09-18,2026-09-18,CM,NSE,STK,18562,INE997Y01027,MITTAL,EQ,,,,,MITTAL LIFE STYLE LIMITED,0.76,0.84,0.74,0.77,0.77,0.76,,0.77,,,4600938,3537425.65,724,F1,1,,,,,
2026-09-18,2026-09-18,CM,NSE,STK,13844,INE227C01017,MMFL,EQ,,,,,MM FORGINGS LTD,618.90,632.95,618.90,628.55,627.30,618.60,,628.55,,,41604,26135293.20,2432,F1,1,,,,,
2026-09-18,2026-09-18,CM,NSE,STK,16395,INE511Y01018,MMP,EQ,,,,,MMP INDUSTRIES LIMITED,472.70,482.80,461.50,466.85,467.00,465.70,,466.85,,,94696,44750377.55,3417,F1,1,,,,,
2026-09-18,2026-09-18,CM,NSE,STK,17957,INE123F01029,MMTC,EQ,,,,,MMTC LIMITED,60.14,60.99,60.02,60.27,60.30,60.14,,60.26,,,733798,44269989.71,5300,F1,1,,,,,
2026-09-18,2026-09-18,CM,NSE,STK,760196,INE1YNB01019,MOBILISE,SM,,,,,MOBILISE APP LAB LIMITED,108.95,108.95,108.95,108.95,108.95,113.60,,108.95,,,3200,348640.00,2,F1,1600,,,,,
2026-09-18,2026-09-18,CM,NSE,STK,2241,INE794W01014,MODTHREAD,EQ,,,,,MODERN THREADS INDIA LTD,49.21,50.35,47.00,47.99,47.99,50.35,,47.99,,,5222,250054.62,90,F1,1,,,,,
2026-09-18,2026-09-18,CM,NSE,STK,760277,INE537F01012,MODINATUR,EQ,,,,,MODI NATURALS LIMITED,339.95,374.00,339.95,359.05,355.00,337.95,,359.06,,,10638,3865486.90,555,F1,1,,,,,
2026-09-18,2026-09-18,CM,NSE,STK,2229,INE832A01018,MODIRUBBER,EQ,,,,,MODI RUBBER LTD,123.00,123.40,119.16,120.24,120.05,123.90,,120.24,,,577,69337.61,41,F1,1,,,,,
2026-09-18,2026-09-18,CM,NSE,STK,759752,INE0L0L01012,MODIS,EQ,,,,,MODIS NAVNIRMAN LTD,351.10,353.85,342.00,352.40,350.00,349.05,,352.40,,,19609,6832205.55,510,F1,1,,,,,
2026-09-18,2026-09-18,CM,NSE,STK,3325,INE737D01021,MODISONLTD,BE,,,,,MODISON LIMITED,445.00,467.20,442.00,457.60,450.00,449.50,,457.90,,,46210,21180332.70,1160,F1,1,,,,,
2026-09-18,2026-09-18,CM,NSE,STK,1426,INE450S01011,MHHL,SM,,,,,MOHINI HEALTH&HYGIENE LTD,30.60,30.60,30.60,30.60,30.60,32.20,,30.60,,,1500,45900.00,1,F1,1500,,,,,
2026-09-18,2026-09-18,CM,NSE,STK,29423,INE954E01012,MOHITIND,EQ,,,,,MOHIT INDUSTRIES LTD,23.99,23.99,23.00,23.62,23.65,23.20,,23.62,,,21043,493031.68,80,F1,1,,,,,
2026-09-18,2026-09-18,CM,NSE,STK,765130,INE154B01023,MOHITE,EQ,,,,,MOHITE INDUSTRIES LTD.,2.44,2.54,2.40,2.45,2.43,2.44,,2.45,,,64284,158329.69,143,F1,1,,,,,
2026-09-18,2026-09-18,CM,NSE,STK,20830,INE490G01020,MOIL,EQ,,,,,MOIL LIMITED,244.00,245.10,240.98,243.88,244.00,243.06,,243.88,,,344649,83800174.25,7032,F1,1,,,,,
2026-09-18,2026-09-18,CM,NSE,STK,3586,INE514Y01020,MOKSH,EQ,,,,,MOKSH ORNAMENTS LIMITED,9.99,10.30,9.95,10.17,10.17,9.95,,10.17,,,406146,4109816.03,247,F1,1,,,,,
2026-09-18,2026-09-18,CM,NSE,STK,764548,INE869T01028,MOLBIO,EQ,,,,,MOLBIO DIAGNOSTICS LTD,1297.10,1314.80,1262.20,1288.30,1287.90,1285.30,,1288.32,,,1435104,1848263893.00,56261,F1,1,,,,,
2026-09-18,2026-09-18,CM,NSE,STK,6713,INE893J01029,MOLDTKPAC,EQ,,,,,MOLD-TEK PACKAGING LTD,661.85,666.05,655.50,658.30,658.20,661.85,,658.22,,,42442,28009300.30,2831,F1,1,,,,,
2026-09-18,2026-09-18,CM,NSE,STK,17629,INE835B01035,MOLDTECH,BE,,,,,MOLD-TEK TECHNOLOGIES LTD,193.90,196.84,188.51,192.75,193.60,194.15,,192.83,,,42547,8201220.26,371,F1,1,,,,,
2026-09-18,2026-09-18,CM,NSE,STK,7679,INE903D01011,MONARCH,EQ,,,,,MONARCH NETWORTH CAP LTD,369.50,370.00,363.20,366.15,365.90,367.80,,366.16,,,96830,35430708.30,2325,F1,1,,,,,
2026-09-18,2026-09-18,CM,NSE,STK,759381,INE296Q01012,MONEYBOXX,EQ,,,,,MONEYBOXX FINANCE LIMITED,54.49,54.49,54.49,54.49,54.49,51.90,,54.50,,,24084,1312337.16,38,F1,1,,,,,
2026-09-18,2026-09-18,CM,NSE,STK,756958,INE1DV401010,MONOLITH,SM,,,,,MONOLITHISCH INDIA LTD,1310.00,1349.00,1264.00,1295.00,1295.00,1296.10,,1295.00,,,26750,34790750.00,96,F1,250,,,,,
2026-09-18,2026-09-18,CM,NSE,STK,5938,INE950M01013,MONTECARLO,EQ,,,,,MONTE CARLO FASHIONS LTD.,558.70,561.80,547.50,553.05,553.00,554.70,,553.05,,,129704,71651325.85,4674,F1,1,,,,,
2026-09-18,2026-09-18,CM,NSE,STK,2259,INE083A01026,MOREPENLAB,EQ,,,,,MOREPEN LAB. LTD,120.60,123.45,118.14,120.90,120.80,120.56,,120.90,,,16816327,2028617945.31,66306,F1,1,,,,,
2026-09-18,2026-09-18,CM,NSE,STK,15057,INE0N7S01028,MOS,ST,,,,,MOS UTILITY LIMITED,5.45,5.60,5.10,5.50,5.60,5.35,,5.50,,,19316000,103126200.00,849,F1,4000,,,,,
2026-09-18,2026-09-18,CM,NSE,STK,29459,INE935B01025,MOSCHIP,EQ,,,,,MOSCHIP TECHNOLOGIES LTD,210.00,211.15,207.91,208.89,209.30,208.06,,208.89,,,1271753,265965102.76,18765,F1,1,,,,,
2026-09-18,2026-09-18,CM,NSE,STK,8596,INE0FS801015,MSUMI,EQ,,,,,MOTHERSON SUMI WRNG IND L,36.10,36.20,35.38,35.67,35.95,36.07,,35.67,,,31085866,1110403929.02,76641,F1,1,,,,,
2026-09-18,2026-09-18,CM,NSE,STK,21423,INF247L01023,MOM100,EQ,,,,,MOTILAL OS MIDCAP100 ETF,66.99,67.30,66.41,66.95,66.75,66.41,,66.96,,,152423,10189084.11,1896,F1,1,,,,,
2026-09-18,2026-09-18,CM,NSE,STK,22739,INF247L01AP3,MON100,EQ,,,,,MOTILAL OS NASDAQ100 ETF,328.44,330.99,325.01,330.33,330.34,322.43,,330.34,,,750532,247065849.27,17015,F1,1,,,,,
2026-09-18,2026-09-18,CM,NSE,STK,14947,INE338I01027,MOTILALOFS,EQ,,,,,MOTILAL OSWAL FIN LTD,988.70,1010.00,988.70,1010.00,1010.00,988.70,,1010.00,,,739629,744170707.90,13569,F1,1,,,,,
2026-09-18,2026-09-18,CM,NSE,STK,19289,INF247L01536,MOM50,EQ,,,,,MOTILAL OSWAL M50 ETF,243.85,252.85,243.82,247.42,246.24,243.83,,247.41,,,1236,302744.59,81,F1,1,,,,,
2026-09-18,2026-09-18,CM,NSE,STK,1507,INF247L01AK4,MOGSEC,EQ,,,,,MOTILALAMC - G5,63.74,65.42,63.74,65.12,65.42,65.38,,65.12,,,764,49716.95,44,F1,1,,,,,
2026-09-18,2026-09-18,CM,NSE,STK,757669,INF247L01FR8,MOALPHA50,EQ,,,,,MOTILALAMC - MOALPHA50,55.45,55.88,55.29,55.74,55.60,55.06,,55.74,,,4637,257457.15,46,F1,1,,,,,
2026-09-18,2026-09-18,CM,NSE,STK,761693,INF247L01GV8,MOBANK10,EQ,,,,,MOTILALAMC - MOBANK10,16.55,16.66,16.49,16.66,16.66,16.57,,16.66,,,1608,26639.73,34,F1,1,,,,,
2026-09-18,2026-09-18,CM,NSE,STK,30065,INF247L01EV3,MOCAPITAL,EQ,,,,,MOTILALAMC - MOCAPITAL,53.64,53.69,53.05,53.58,53.68,53.10,,53.58,,,811785,43397305.69,3025,F1,1,,,,,
2026-09-18,2026-09-18,CM,NSE,STK,24944,INF247L01DJ0,MODEFENCE,EQ,,,,,MOTILALAMC - MODEFENCE,103.05,103.60,102.21,103.28,103.10,101.87,,103.28,,,1229387,126764031.33,7319,F1,1,,,,,
2026-09-18,2026-09-18,CM,NSE,STK,759374,INF247L01GH7,MOENERGY,EQ,,,,,MOTILALAMC - MOENERGY,37.25,38.15,36.78,38.00,37.99,37.53,,38.00,,,38962,1475826.42,435,F1,1,,,,,
2026-09-18,2026-09-18,CM,NSE,STK,757791,INF247L01FY4,MOGOLD,EQ,,,,,MOTILALAMC - MOGOLD,150.95,151.70,149.85,151.35,151.50,148.95,,151.81,,,22815,3444811.90,534,F1,1,,,,,
2026-09-18,2026-09-18,CM,NSE,STK,10508,INF247L01BB1,MOHEALTH,EQ,,,,,MOTILALAMC - MOHEALTH,52.31,52.43,51.66,52.09,52.36,51.88,,52.09,,,230100,11992939.21,628,F1,1,,,,,
2026-09-18,2026-09-18,CM,NSE,STK,757031,INF247L01FL1,MOINFRA,EQ,,,,,MOTILALAMC - MOINFRA,57.88,58.47,57.88,58.26,58.26,57.60,,58.26,,,772,44888.46,27,F1,1,,,,,
2026-09-18,2026-09-18,CM,NSE,STK,759891,INF247L01GI5,MOIPO,EQ,,,,,MOTILALAMC - MOIPO,48.97,49.65,47.92,48.99,48.58,49.84,,48.99,,,22647,1095193.29,140,F1,1,,,,,
2026-09-18,2026-09-18,CM,NSE,STK,8654,INF247L01BL0,MOLOWVOL,EQ,,,,,MOTILALAMC - MOLOWVOL,36.52,36.52,35.31,35.58,35.61,35.63,,35.58,,,1878,66731.34,40,F1,1,,,,,
2026-09-18,2026-09-18,CM,NSE,STK,25606,INF247L01DK8,MOMENTUM50,EQ,,,,,MOTILALAMC - MOMENTUM50,53.20,54.10,53.16,53.97,54.03,53.14,,53.97,,,348067,18738676.65,12630,F1,1,,,,,
2026-09-18,2026-09-18,CM,NSE,STK,764402,INF247L01HG7,MOMETAL,EQ,,,,,MOTILALAMC - MOMETAL,12.95,13.08,12.94,13.04,13.08,12.81,,13.04,,,4082,53193.07,30,F1,1,,,,,
2026-09-18,2026-09-18,CM,NSE,STK,757099,INF247L01FK3,MOMGF,EQ,,,,,MOTILALAMC - MOMGF,159.12,159.64,159.12,159.63,159.63,158.77,,159.63,,,599,95539.47,20,F1,1,,,,,
2026-09-18,2026-09-18,CM,NSE,STK,757817,INF247L01FQ0,MOMIDMTM,EQ,,,,,MOTILALAMC - MOMIDMTM,64.40,64.40,63.41,63.90,63.70,63.14,,63.90,,,51049,3256391.39,339,F1,1,,,,,
2026-09-18,2026-09-18,CM,NSE,STK,760054,INF247L01GK1,MOMNC,EQ,,,,,MOTILALAMC - MOMNC,31.56,31.61,31.43,31.54,31.44,31.46,,31.54,,,55646,1753148.47,22,F1,1,,,,,
2026-09-18,2026-09-18,CM,NSE,STK,8182,INF247L01BK2,MOMOMENTUM,EQ,,,,,MOTILALAMC - MOMOMENTUM,60.84,61.83,60.84,61.55,61.83,60.84,,61.55,,,70539,4336990.40,271,F1,1,,,,,
2026-09-18,2026-09-18,CM,NSE,STK,756900,INF247L01FC0,MON50EQUAL,EQ,,,,,MOTILALAMC - MON50EQUAL,32.45,32.50,32.29,32.37,32.50,32.40,,32.37,,,2913,94372.74,46,F1,1,,,,,
2026-09-18,2026-09-18,CM,NSE,STK,757167,INF247L01FD8,MONEXT50,EQ,,,,,MOTILALAMC - MONEXT50,71.73,72.46,71.60,72.35,72.46,71.27,,72.35,,,2915,209844.20,48,F1,1,,,,,
2026-09-18,2026-09-18,CM,NSE,STK,759371,INF247L01GG9,MONIFTY100,EQ,,,,,MOTILALAMC - MONIFTY100,24.54,25.40,24.54,24.83,24.83,24.54,,24.83,,,5007,123611.29,64,F1,1,,,,,
2026-09-18,2026-09-18,CM,NSE,STK,19237,INF247L01BU1,MONIFTY500,EQ,,,,,MOTILALAMC - MONIFTY500,23.79,23.79,23.28,23.45,23.50,23.32,,23.45,,,206084,4816666.11,1059,F1,1,,,,,
2026-09-18,2026-09-18,CM,NSE,STK,7422,INF247L01AU3,MONQ50,EQ,,,,,MOTILALAMC - MONQ50,349.99,396.30,330.26,396.30,396.30,330.25,,396.30,,,2229451,869696756.09,24329,F1,1,,,,,
2026-09-18,2026-09-18,CM,NSE,STK,764405,INF247L01HH5,MOOILGAS,EQ,,,,,MOTILALAMC - MOOILGAS,11.00,11.04,10.90,10.98,10.95,10.90,,10.98,,,3726,40965.52,37,F1,1,,,,,
2026-09-18,2026-09-18,CM,NSE,STK,757431,INF247L01FO5,MOPSE,EQ,,,,,MOTILALAMC - MOPSE,100.87,100.87,97.92,98.73,98.69,101.10,,98.73,,,4247,417051.55,69,F1,1,,,,,
2026-09-18,2026-09-18,CM,NSE,STK,10822,INF247L01BH8,MOQUALITY,EQ,,,,,MOTILALAMC - MOQUALITY,193.44,195.06,193.05,194.50,195.06,193.52,,194.50,,,690,133866.93,21,F1,1,,,,,
2026-09-18,2026-09-18,CM,NSE,STK,23184,INF247L01CI4,MOREALTY,EQ,,,,,MOTILALAMC - MOREALTY,84.26,85.47,83.90,85.27,85.40,83.85,,85.28,,,283299,24110656.72,1659,F1,1,,,,,
2026-09-18,2026-09-18,CM,NSE,STK,760001,INF247L01GJ3,MOSERVICE,EQ,,,,,MOTILALAMC - MOSERVICE,30.12,30.35,30.05,30.35,30.35,30.00,,30.35,,,490,14798.68,18,F1,1,,,,,
2026-09-18,2026-09-18,CM,NSE,STK,758457,INF247L01FZ1,MOSILVER,EQ,,,,,MOTILALAMC - MOSILVER,229.57,232.30,228.63,231.30,231.80,223.98,,231.30,,,54487,12541394.09,1582,F1,1,,,,,
2026-09-18,2026-09-18,CM,NSE,STK,23181,INF247L01CH6,MOSMALL250,EQ,,,,,MOTILALAMC - MOSMALL250,17.94,18.60,17.71,18.41,18.45,18.17,,18.41,,,921766,16870361.77,1756,F1,1,,,,,
2026-09-18,2026-09-18,CM,NSE,STK,757443,INF247L01FP2,MOTOUR,EQ,,,,,MOTILALAMC - MOTOUR,77.98,78.34,76.18,77.95,78.34,76.53,,77.95,,,34945,2701289.43,150,F1,1,,,,,
2026-09-18,2026-09-18,CM,NSE,STK,10825,INF247L01BE5,MOVALUE,EQ,,,,,MOTILALAMC - MOVALUE,110.36,111.48,109.04,110.91,110.95,110.36,,110.91,,,33264,3676826.49,454,F1,1,,,,,
2026-09-18,2026-09-18,CM,NSE,STK,20788,INE0FRK01020,MOTISONS,EQ,,,,,MOTISONS JEWELLERS LTD,18.25,19.12,17.95,18.30,18.19,17.94,,18.30,,,114189016,2105908272.96,189115,F1,1,,,,,
2026-09-18,2026-09-18,CM,NSE,STK,2268,INE861B01023,MOTOGENFIN,EQ,,,,,MOTOR & GENERAL FINANCE L,24.84,27.84,24.84,26.19,26.15,24.96,,26.24,,,68884,1813868.80,492,F1,1,,,,,
2026-09-18,2026-09-18,CM,NSE,STK,765138,INE493H01014,MPDL,BE,,,,,MPDL LTD.,28.69,30.00,28.69,30.00,30.00,30.18,,30.00,,,349,10052.11,3,F1,1,,,,,
2026-09-18,2026-09-18,CM,NSE,STK,4503,INE356A01018,MPHASIS,EQ,,,,,MPHASIS LIMITED,2322.90,2327.90,2275.00,2300.40,2300.40,2320.00,,2300.40,,,650262,1490188252.10,32409,F1,1,,,,,
2026-09-18,2026-09-18,CM,NSE,STK,10578,INE943D01017,MPSLTD,EQ,,,,,MPS LIMITED,2583.00,2689.90,2560.10,2667.30,2658.10,2571.50,,2667.33,,,8970,23521067.90,1707,F1,1,,,,,
2026-09-18,2026-09-18,CM,NSE,STK,2277,INE883A01011,MRF,EQ,,,,,MRF LTD,124900.00,126500.00,123815.00,125670.00,124890.00,124585.00,,125667.68,,,8232,1028719420.00,5588,F1,1,,,,,
2026-09-18,2026-09-18,CM,NSE,STK,2283,INE103A01014,MRPL,EQ,,,,,MRPL,164.36,167.10,162.64,165.38,165.50,163.77,,165.38,,,4824765,794325680.73,37798,F1,1,,,,,
2026-09-18,2026-09-18,CM,NSE,STK,1628,INE495P01020,BECTORFOOD,EQ,,,,,MRS BECTORS FOOD SPE LTD,222.55,224.50,217.34,221.55,223.07,220.81,,221.55,,,1369086,301904121.91,26747,F1,1,,,,,
2026-09-18,2026-09-18,CM,NSE,STK,11919,INE752G01015,MSPL,EQ,,,,,MSP STEEL & POWER LTD.,33.75,34.50,33.36,34.15,34.11,33.75,,34.16,,,596227,20286636.99,2076,F1,1,,,,,
2026-09-18,2026-09-18,CM,NSE,STK,9356,INE255X01014,MSTCLTD,EQ,,,,,MSTC LIMITED,715.20,741.45,701.00,724.05,725.00,715.25,,724.10,,,213012,153635809.60,9357,F1,1,,,,,
2026-09-18,2026-09-18,CM,NSE,STK,31413,INE472M01018,MTEDUCARE,BE,,,,,MT EDUCARE LTD,1.74,1.79,1.63,1.69,1.70,1.71,,1.69,,,94189,165410.13,64,F1,1,,,,,
2026-09-18,2026-09-18,CM,NSE,STK,2715,INE864I01014,MTARTECH,BE,,,,,MTAR TECHNOLOGIES LIMITED,7061.00,7250.00,6900.00,7202.00,7200.00,7060.00,,7201.99,,,88193,633134948.50,14852,F1,1,,,,,
2026-09-18,2026-09-18,CM,NSE,STK,19783,INE08KJ01020,MUFIN,EQ,,,,,MUFIN GREEN FINANCE LTD,132.99,136.00,132.50,133.45,133.00,132.20,,133.45,,,1191673,160217585.80,6752,F1,1,,,,,
2026-09-18,2026-09-18,CM,NSE,STK,11325,INE304A01026,MUKANDLTD,EQ,,,,,MUKAND LTD.,134.20,136.50,133.52,134.78,134.20,134.20,,134.55,,,48572,6546671.00,756,F1,1,,,,,
2026-09-18,2026-09-18,CM,NSE,STK,764788,INE596B01017,MUKESHB,EQ,,,,,MUKESH BABU FINANC SER L,133.00,133.00,133.00,133.00,133.00,133.00,,133.00,,,1,133.00,1,F1,1,,,,,
2026-09-18,2026-09-18,CM,NSE,STK,22981,INE0CG401037,MUKKA,BE,,,,,MUKKA PROTEINS LIMITED,28.56,28.76,26.87,26.93,26.88,28.28,,26.92,,,640411,17471198.75,2197,F1,1,,,,,
2026-09-18,2026-09-18,CM,NSE,STK,8691,INE374B01019,MUKTAARTS,BE,,,,,MUKTA ARTS LIMITED,56.28,57.92,54.31,57.92,57.92,56.00,,58.11,,,605,33232.30,10,F1,1,,,,,
2026-09-18,2026-09-18,CM,NSE,STK,31181,INE745G01043,MCX,EQ,,,,,MULTI COMMODITY EXCHANGE,3257.50,3314.90,3230.10,3260.00,3260.00,3265.20,,3259.99,,,2197423,7170418921.70,101492,F1,1,,,,,
2026-09-18,2026-09-18,CM,NSE,STK,759416,INE1K8Y01018,MUNISH,SM,,,,,MUNISH FORGE LIMITED,95.75,96.75,90.50,92.65,96.75,95.75,,92.65,,,12000,1119480.00,10,F1,1200,,,,,
2026-09-18,2026-09-18,CM,NSE,STK,13511,INE672B01032,MUNJALAU,EQ,,,,,MUNJAL AUTO IND. LTD.,104.24,105.84,103.46,103.99,104.30,104.81,,103.99,,,237389,24769549.84,7345,F1,1,,,,,
2026-09-18,2026-09-18,CM,NSE,STK,2307,INE577A01027,MUNJALSHOW,EQ,,,,,MUNJAL SHOWA LTD,124.00,126.74,123.21,125.80,126.15,123.93,,125.80,,,20341,2553783.94,481,F1,1,,,,,
2026-09-18,2026-09-18,CM,NSE,STK,2313,INE692B01014,MURUDCERA,EQ,,,,,MURUDESHWAR CERAMICS LTD,29.00,29.00,27.82,28.26,28.29,28.65,,28.26,,,14737,416066.47,376,F1,1,,,,,
2026-09-18,2026-09-18,CM,NSE,STK,19877,INE919I01024,RADIOCITY,EQ,,,,,MUSIC BROADCAST LIMITED,6.20,6.20,6.00,6.01,6.06,6.05,,6.01,,,16349,98472.51,91,F1,1,,,,,
2026-09-18,2026-09-18,CM,NSE,STK,10415,INE296G01013,MUTHOOTCAP,EQ,,,,,MUTHOOT CAP SERV LTD,231.62,239.98,231.62,234.28,233.12,235.03,,234.29,,,14019,3328041.69,403,F1,1,,,,,
2026-09-18,2026-09-18,CM,NSE,STK,23650,INE414G01012,MUTHOOTFIN,EQ,,,,,MUTHOOT FINANCE LIMITED,2796.60,2852.00,2784.30,2841.10,2841.10,2770.20,,2841.10,,,654610,1855052061.60,53732,F1,1,,,,,
2026-09-18,2026-09-18,CM,NSE,STK,20831,INE046W01019,MUTHOOTMF,EQ,,,,,MUTHOOT MICROFIN LIMITED,188.30,189.90,187.23,189.28,189.59,188.04,,189.26,,,137823,26005990.11,2477,F1,1,,,,,
2026-09-18,2026-09-18,CM,NSE,STK,764397,INE0OWZ01020,MVELECTRO,EQ,,,,,MV ELECTROSYSTEMS LIMITED,795.00,842.00,776.00,832.75,826.70,796.00,,832.83,,,2320560,1892931824.30,66573,F1,1,,,,,
2026-09-18,2026-09-18,CM,NSE,STK,25208,INE0RVQ01016,MYMUDRA,SM,,,,,MY MUDRA FINCORP LIMITED,64.45,64.50,64.40,64.50,64.50,66.00,,64.50,,,4800,309300.00,4,F1,1200,,,,,
2026-09-18,2026-09-18,CM,NSE,STK,8220,INE741A01011,MYSORPETRO,BE,,,,,MYSORE PETRO CHEMICALS L,129.39,131.79,124.10,129.99,129.98,128.02,,127.61,,,2567,328178.14,52,F1,1,,,,,
2026-09-18,2026-09-18,CM,NSE,STK,20314,INE740D01017,NRAIL,EQ,,,,,N R AGARWAL INDS LTD,620.20,640.80,601.50,625.20,624.00,628.50,,625.80,,,18686,11540990.75,1384,F1,1,,,,,
2026-09-18,2026-09-18,CM,NSE,STK,757489,INE104101014,NRVANDANA,SM,,,,,N R VANDANA TEX IND LTD,71.00,71.00,70.00,70.00,70.00,71.55,,70.00,,,33000,2337000.00,8,F1,3000,,,,,
2026-09-18,2026-09-18,CM,NSE,STK,764798,INE920C01017,NTCIND,EQ,,,,,N T C INDUSTRIES LTD.,132.03,136.00,132.03,132.85,134.00,132.03,,132.56,,,747,99516.92,36,F1,1,,,,,
2026-09-18,2026-09-18,CM,NSE,STK,19111,INE365I01020,NBIFIN,EQ,,,,,N.B.I. IND. FIN. CO. LTD,1960.00,1979.00,1946.00,1970.80,1979.00,1960.10,,1970.80,,,5088,9913305.90,37,F1,1,,,,,
2026-09-18,2026-09-18,CM,NSE,STK,20425,INE295D01020,NACLIND,EQ,,,,,NACL INDUSTRIES LIMITED,148.33,148.88,143.10,146.75,148.05,148.88,,146.75,,,691786,100520149.88,12923,F1,1,,,,,
2026-09-18,2026-09-18,CM,NSE,STK,18371,INE756C01015,NDGL,EQ,,,,,NAGA DHUNSERI GROUP LTD,2664.00,2690.00,2600.00,2649.50,2690.00,2653.40,,2649.50,,,359,946978.70,37,F1,1,,,,,
2026-09-18,2026-09-18,CM,NSE,STK,14942,INE245I01016,NAGREEKCAP,EQ,,,,,NAGREEKA CAP & INFR.LTD,29.00,29.00,27.30,28.19,28.00,27.92,,28.40,,,45262,1286114.04,260,F1,1,,,,,
2026-09-18,2026-09-18,CM,NSE,STK,14702,INE123B01028,NAGREEKEXP,EQ,,,,,NAGREEKA EXPORTS LTD.,21.30,21.95,20.94,21.13,21.22,21.54,,21.13,,,14284,301444.19,231,F1,1,,,,,
2026-09-18,2026-09-18,CM,NSE,STK,15360,INE049I01012,NAHARCAP,EQ,,,,,NAHAR CAP & FIN.,257.95,257.95,245.00,247.50,250.90,250.00,,247.50,,,2151,536092.90,97,F1,1,,,,,
2026-09-18,2026-09-18,CM,NSE,STK,13106,INE289A01011,NAHARINDUS,EQ,,,,,NAHAR INDS ENT LTD,131.50,136.90,130.50,131.29,130.60,133.47,,131.31,,,6308,834667.29,235,F1,1,,,,,
2026-09-18,2026-09-18,CM,NSE,STK,14445,INE308A01027,NAHARPOLY,EQ,,,,,NAHAR POLY FILMS LIMITED,224.00,228.45,223.00,227.02,227.50,222.28,,227.02,,,2119,478052.40,122,F1,1,,,,,
2026-09-18,2026-09-18,CM,NSE,STK,14440,INE290A01027,NAHARSPING,EQ,,,,,NAHAR SPINNING MILLS LTD.,278.85,281.35,268.05,269.20,272.00,275.80,,269.20,,,12712,3448759.00,627,F1,1,,,,,
2026-09-18,2026-09-18,CM,NSE,STK,5401,INE236Y01012,NGIL,EQ,,,,,NAKODA GROUP OF IND. LTD,36.33,38.43,35.94,38.04,38.43,34.94,,38.08,,,33418,1258926.10,245,F1,1,,,,,
2026-09-18,2026-09-18,CM,NSE,STK,11239,INE023A01030,NSIL,EQ,,,,,NALWA SONS INVESTMENT LTD,5400.00,5550.00,5400.00,5507.50,5518.00,5436.00,,5507.25,,,2466,13581589.00,336,F1,1,,,,,
2026-09-18,2026-09-18,CM,NSE,STK,23379,INE0RJM01010,NAMAN,SM,,,,,NAMAN INDUSTRE PRXIMA LTD,38.10,38.10,38.10,38.10,38.10,38.00,,38.10,,,1600,60960.00,2,F1,800,,,,,
2026-09-18,2026-09-18,CM,NSE,STK,25170,INE08NZ01012,NAMOEWASTE,ST,,,,,NAMO EWASTE MANAGEMENT L,267.30,274.00,263.80,270.95,269.00,267.30,,270.95,,,28800,7738720.00,32,F1,800,,,,,
2026-09-18,2026-09-18,CM,NSE,STK,31258,INE875G01048,NDL,EQ,,,,,NANDAN DENIM LIMITED,2.82,2.90,2.75,2.78,2.81,2.82,,2.78,,,967406,2698046.04,1398,F1,1,,,,,
2026-09-18,2026-09-18,CM,NSE,STK,5516,INE696V01013,JAIPURKURT,EQ,,,,,NANDANI CREATION LIMITED,24.70,25.30,24.21,24.85,24.90,24.74,,24.85,,,3279,80827.65,96,F1,1,,,,,
2026-09-18,2026-09-18,CM,NSE,STK,11840,INE410P01011,NH,EQ,,,,,NARAYANA HRUDAYALAYA LTD.,1859.00,1940.00,1859.00,1928.50,1927.00,1868.60,,1928.58,,,271767,520794585.90,29854,F1,1,,,,,
2026-09-18,2026-09-18,CM,NSE,STK,11627,INE117Z01029,NARMADA,EQ,,,,,NARMADA AGROBASE LIMITED,13.86,14.00,13.67,13.72,13.71,13.86,,13.73,,,201618,2775310.02,580,F1,1,,,,,
2026-09-18,2026-09-18,CM,NSE,STK,3918,INE987B01026,NATCOPHARM,EQ,,,,,NATCO PHARMA LTD.,819.00,822.65,806.90,813.40,813.45,818.25,,813.41,,,489351,398057003.95,32884,F1,1,,,,,
2026-09-18,2026-09-18,CM,NSE,STK,11065,INE448G01010,NATHBIOGEN,EQ,,,,,NATH BIO-GENES (I) LTD,148.14,149.00,146.50,147.34,147.01,148.14,,147.38,,,54186,8019636.48,139,F1,1,,,,,
2026-09-18,2026-09-18,CM,NSE,STK,6364,INE139A01034,NATIONALUM,EQ,,,,,NATIONAL ALUMINIUM CO LTD,359.80,363.20,350.50,350.50,350.50,355.70,,350.50,,,5809441,2067005817.55,45661,F1,1,,,,,
2026-09-18,2026-09-18,CM,NSE,STK,13925,INE870D01012,NFL,EQ,,,,,NATIONAL FERT. LTD,66.99,67.41,66.50,66.79,66.99,66.84,,66.79,,,382639,25559689.11,2565,F1,1,,,,,
2026-09-18,2026-09-18,CM,NSE,STK,6531,INE0H7R23014,NHIT,IV,,,,,NATIONAL HIGHW INFRA TRUS,171.00,171.00,171.00,171.00,171.00,171.00,,171.00,,,150000,25650000.00,3,F1,25000,,,,,
2026-09-18,2026-09-18,CM,NSE,STK,762807,INE166R01015,NATIONSTD,EQ,,,,,NATIONAL STAND (INDIA) L,112.35,112.99,109.00,109.94,110.00,111.80,,109.94,,,6114,679089.00,219,F1,1,,,,,
2026-09-18,2026-09-18,CM,NSE,STK,29588,INE936B01015,NATCAPSUQ,BE,,,,,NATURAL CAPSULES LIMITED,176.00,176.00,170.00,171.58,172.70,178.58,,172.04,,,12419,2132668.67,161,F1,1,,,,,
2026-09-18,2026-09-18,CM,NSE,STK,4014,INE725A01030,NAVA,EQ,,,,,NAVA LIMITED,548.05,571.75,548.05,562.30,562.20,546.60,,562.30,,,664236,375985595.30,25503,F1,1,,,,,
2026-09-18,2026-09-18,CM,NSE,STK,14672,INE048G01026,NAVINFLUOR,EQ,,,,,NAVIN FLUORINE INT. LTD,8257.00,8682.50,8231.50,8590.00,8612.00,8220.00,,8589.90,,,298599,2533552790.50,49461,F1,1,,,,,
2026-09-18,2026-09-18,CM,NSE,STK,10557,INE278M01019,NAVKARCORP,EQ,,,,,NAVKAR CORPORATION LTD.,87.80,89.25,87.26,88.91,89.01,87.56,,88.91,,,302437,26690114.95,2987,F1,1,,,,,
2026-09-18,2026-09-18,CM,NSE,STK,29149,INE268H01044,NAVKARURB,BE,,,,,NAVKAR URBANSTRUCTURE LTD,0.83,0.84,0.79,0.83,0.84,0.83,,0.83,,,436782,357902.98,305,F1,1,,,,,
2026-09-18,2026-09-18,CM,NSE,STK,2385,INE060A01024,NAVNETEDUL,EQ,,,,,NAVNEET EDUCATION LTD,124.90,128.44,124.06,126.89,126.80,124.89,,126.88,,,73795,9315926.48,2506,F1,1,,,,,
2026-09-18,2026-09-18,CM,NSE,STK,2987,INE418L01047,NAZARA,EQ,,,,,NAZARA TECHNOLOGIES LTD,364.50,377.00,364.50,369.35,368.65,362.55,,369.34,,,3038750,1126057258.45,31145,F1,1,,,,,
2026-09-18,2026-09-18,CM,NSE,STK,31415,INE095N01031,NBCC,EQ,,,,,NBCC (INDIA) LIMITED,82.40,84.27,82.40,82.40,82.40,82.13,,82.40,,,5214690,433363557.45,23793,F1,1,,,,,
2026-09-18,2026-09-18,CM,NSE,STK,2319,INE868B01028,NCC,EQ,,,,,NCC LIMITED,135.98,138.92,134.84,137.13,136.45,135.60,,137.12,,,2320130,316935372.96,24548,F1,1,,,,,
2026-09-18,2026-09-18,CM,NSE,STK,14490,INE732C01016,NCLIND,EQ,,,,,NCL INDUSTRIES LIMITED,172.46,175.00,172.45,174.66,175.00,172.98,,174.66,,,30414,5286408.68,362,F1,1,,,,,
2026-09-18,2026-09-18,CM,NSE,STK,14547,INE353A01023,NDLVENTURE,EQ,,,,,NDL VENTURES LIMITED,123.00,125.38,116.00,123.00,123.49,120.03,,123.00,,,18292,2258007.63,398,F1,1,,,,,
2026-09-18,2026-09-18,CM,NSE,STK,22255,INE07OG01012,NDRAUTO,EQ,,,,,NDR AUTO COMPONENTS LTD,700.00,729.70,700.00,726.00,727.00,701.00,,725.90,,,29831,21384414.35,2356,F1,1,,,,,
2026-09-18,2026-09-18,CM,NSE,STK,22680,INE0Q7Q23015,NDRINVIT,IV,,,,,NDR INVIT TRUST,145.50,145.50,145.50,145.50,145.50,145.00,,145.50,,,25000,3637500.00,1,F1,25000,,,,,
2026-09-18,2026-09-18,CM,NSE,STK,11427,INE155G01029,NDTV,EQ,,,,,NDTV LTD,71.00,73.38,70.90,71.72,71.95,71.04,,71.70,,,77022,5545637.82,1212,F1,1,,,,,
2026-09-18,2026-09-18,CM,NSE,STK,11927,INE023H01027,NECLIFE,EQ,,,,,NECTAR LIFESCIENCES LTD.,11.19,11.30,10.85,10.98,11.00,11.02,,10.98,,,93255,1023252.49,378,F1,1,,,,,
2026-09-18,2026-09-18,CM,NSE,STK,27123,INE0N1401016,NEELAM,SM,,,,,NEELAM LINENS & GAR (I) L,7.00,7.00,7.00,7.00,7.00,6.75,,7.00,,,6000,42000.00,1,F1,6000,,,,,
2026-09-18,2026-09-18,CM,NSE,STK,762812,INE605D01012,NEAGI,EQ,,,,,NEELAMALAI AGRO INDS. L,3308.00,3308.00,3308.00,3308.00,3308.00,3308.00,,3312.00,,,1,3308.00,1,F1,1,,,,,
2026-09-18,2026-09-18,CM,NSE,STK,14761,INE189I01024,NELCAST,EQ,,,,,NELCAST LIMITED,107.72,110.09,105.75,108.34,107.40,108.04,,108.31,,,86630,9373283.61,1510,F1,1,,,,,
2026-09-18,2026-09-18,CM,NSE,STK,2388,INE045B01015,NELCO,EQ,,,,,NELCO LTD,969.55,1019.50,965.30,1011.85,1005.85,965.25,,1011.76,,,682119,686138440.25,25945,F1,1,,,,,
2026-09-18,2026-09-18,CM,NSE,STK,760928,INE21UM01018,NEOCHEM,SM,,,,,NEOCHEM BIO SOLUTIONS LTD,112.50,112.50,106.10,108.00,108.00,105.45,,108.00,,,14400,1552860.00,12,F1,1200,,,,,
2026-09-18,2026-09-18,CM,NSE,STK,9917,INE136S01016,NEOGEN,EQ,,,,,NEOGEN CHEMICALS LIMITED,2435.00,2498.20,2376.20,2488.40,2477.00,2395.60,,2488.43,,,355984,873839522.50,39806,F1,1,,,,,
2026-09-18,2026-09-18,CM,NSE,STK,24350,INE0SUN01013,NEPHROCARE,SM,,,,,NEPHRO CARE INDIA LIMITED,95.55,95.55,91.65,93.75,93.95,91.65,,93.75,,,13600,1278840.00,29,F1,400,,,,,
2026-09-18,2026-09-18,CM,NSE,STK,760346,INE428V01029,NEPHROPLUS,EQ,,,,,NEPHROCARE HEALTH SERV L,742.00,746.95,735.10,743.35,746.00,735.10,,743.37,,,75741,56239461.00,7981,F1,1,,,,,
2026-09-18,2026-09-18,CM,NSE,STK,757493,INE156901014,NEPTUNE,SM,,,,,NEPTUNE PETROCHEMICALS L,177.00,179.50,176.30,177.90,179.50,176.50,,177.90,,,1500,266400.00,3,F1,500,,,,,
2026-09-18,2026-09-18,CM,NSE,STK,15409,INE317F01035,NESCO,EQ,,,,,NESCO LTD.,1088.30,1124.10,1076.00,1111.30,1122.00,1081.50,,1110.42,,,41377,45361671.80,2886,F1,1,,,,,
2026-09-18,2026-09-18,CM,NSE,STK,17963,INE239A01024,NESTLEIND,EQ,,,,,NESTLE INDIA LIMITED,1372.10,1390.00,1332.80,1372.40,1372.40,1370.60,,1372.38,,,3264904,4456265187.60,70103,F1,1,,,,,
2026-09-18,2026-09-18,CM,NSE,STK,17433,INE0NT901020,NETWEB,EQ,,,,,NETWEB TECH INDIA LTD,4612.00,4703.50,4587.00,4664.50,4652.50,4578.50,,4664.59,,,1136499,5281359123.00,87276,F1,1,,,,,
2026-09-18,2026-09-18,CM,NSE,STK,756324,INE0FFK01017,NPST,EQ,,,,,NETWORK PEOPLE SRV TECH L,1857.10,1899.50,1803.10,1828.50,1820.00,1854.90,,1829.15,,,139085,257529678.20,12093,F1,1,,,,,
2026-09-18,2026-09-18,CM,NSE,STK,14111,INE870H01013,NETWORK18,EQ,,,,,NETWORK18 MEDIA & INV LTD,26.49,27.17,26.39,27.00,26.89,26.46,,27.00,,,5331335,143267622.82,9795,F1,1,,,,,
2026-09-18,2026-09-18,CM,NSE,STK,30554,INE333I01044,NEUEON,BE,,,,,NEUEON CORPORATION LTD,11.62,11.70,11.25,11.29,11.50,11.57,,11.29,,,9328,106409.32,57,F1,1,,,,,
2026-09-18,2026-09-18,CM,NSE,STK,2406,INE794A01010,NEULANDLAB,EQ,,,,,NEULAND LAB LTD.,22700.00,23030.00,22440.00,22840.00,22700.00,22665.00,,22840.61,,,75518,1716497060.00,21626,F1,1,,,,,
2026-09-18,2026-09-18,CM,NSE,STK,1164,INE619B01017,NEWGEN,EQ,,,,,NEWGEN SOFTWARE TECH LTD,493.40,499.30,487.10,497.30,497.00,489.50,,497.30,,,622017,307301675.85,17627,F1,1,,,,,
2026-09-18,2026-09-18,CM,NSE,STK,19161,INE0PW501021,NEWJAISA,ST,,,,,NEWJAISA TECHNOLOGIES LTD,19.10,19.10,17.30,18.00,18.00,18.20,,18.00,,,144000,2551275.00,19,F1,1500,,,,,
2026-09-18,2026-09-18,CM,NSE,STK,9867,INE747B01016,NEXTMEDIA,EQ,,,,,NEXT MEDIAWORKS LIMITED,3.88,3.88,3.79,3.82,3.79,3.88,,3.82,,,1241,4735.63,34,F1,1,,,,,
2026-09-18,2026-09-18,CM,NSE,STK,15815,INE0NDH25011,NXST,RR,,,,,NEXUS SELECT TRUST,166.84,167.55,165.95,166.35,167.55,166.25,,166.35,,,919152,152980861.02,7953,F1,1,,,,,
2026-09-18,2026-09-18,CM,NSE,STK,763536,INE0T1501010,NFPSAMPOOR,SM,,,,,NFP SAMPOORNA FOODS LTD,21.25,22.40,21.25,21.50,22.40,20.40,,21.50,,,62000,1331600.00,11,F1,2000,,,,,
2026-09-18,2026-09-18,CM,NSE,STK,10277,INE887E01022,NGLFINE,EQ,,,,,NGL FINE CHEM LIMITED,2728.80,2780.00,2670.10,2768.20,2765.00,2715.30,,2768.48,,,11325,30910145.80,1203,F1,1,,,,,
2026-09-18,2026-09-18,CM,NSE,STK,1765,INE557F07181,893NHB29,N6,,,,,NHB 8.93 NCD TR II SR 2 B,5578.00,5578.00,5578.00,5578.00,5578.00,5578.00,,5578.00,,,4,22312.00,1,F1,1,,,,,
2026-09-18,2026-09-18,CM,NSE,STK,17400,INE848E01016,NHPC,EQ,,,,,NHPC LTD,75.20,76.95,75.09,76.95,76.95,75.20,,76.95,,,18275311,1392137940.83,35982,F1,1,,,,,
2026-09-18,2026-09-18,CM,NSE,STK,29487,INE149O01018,NIBE,EQ,,,,,NIBE LIMITED,1252.90,1305.00,1228.30,1287.00,1288.00,1250.10,,1286.95,,,46108,58143584.50,3837,F1,1,,,,,
2026-09-18,2026-09-18,CM,NSE,STK,764793,INE653C01022,NICCOPAR,EQ,,,,,NICCO PARKS & RESORTS LTD,82.99,82.99,78.00,80.45,80.45,82.00,,80.50,,,5480,440380.89,39,F1,1,,,,,
2026-09-18,2026-09-18,CM,NSE,STK,6592,INE0J6L01013,NIDAN,SM,,,,,NIDAN LABS AND HEALTH LTD,13.50,13.50,13.40,13.40,13.40,13.00,,13.40,,,5000,67300.00,5,F1,1000,,,,,
2026-09-18,2026-09-18,CM,NSE,STK,17747,INE342G01023,NIITMTS,EQ,,,,,NIIT LEARNING SYSTEMS LTD,225.50,225.66,214.49,217.16,216.98,224.60,,217.16,,,402242,87769501.13,10783,F1,1,,,,,
2026-09-18,2026-09-18,CM,NSE,STK,11522,INE161A01038,NIITLTD,EQ,,,,,NIIT LIMITED,87.88,94.30,86.80,91.57,92.00,87.31,,91.58,,,391257,35419969.65,4484,F1,1,,,,,
2026-09-18,2026-09-18,CM,NSE,STK,9253,INE937C01029,NILAINFRA,EQ,,,,,NILA INFRASTRUCTURES LTD,6.64,6.69,6.41,6.63,6.60,6.56,,6.64,,,201803,1318725.98,539,F1,1,,,,,
2026-09-18,2026-09-18,CM,NSE,STK,7411,INE00S901012,NILASPACES,EQ,,,,,NILA SPACES LIMITED,12.48,12.72,12.13,12.30,12.30,12.48,,12.30,,,1810089,22270905.07,2520,F1,1,,,,,
2026-09-18,2026-09-18,CM,NSE,STK,762817,INE445D01013,NILE,EQ,,,,,NILE LTD.,1493.00,1493.00,1455.00,1462.20,1469.20,1456.00,,1462.16,,,1434,2098568.00,309,F1,1,,,,,
2026-09-18,2026-09-18,CM,NSE,STK,2421,INE310A01015,NILKAMAL,EQ,,,,,NILKAMAL LIMITED,1904.60,1934.00,1844.20,1887.50,1884.00,1917.20,,1887.92,,,25774,48783416.90,3682,F1,1,,,,,
2026-09-18,2026-09-18,CM,NSE,STK,761720,INE875B01015,NIMBSPROJ,EQ,,,,,NIMBUS PROJECTS LIMITED,192.89,192.91,178.02,185.46,192.90,183.73,,185.64,,,10487,1986422.81,172,F1,1,,,,,
2026-09-18,2026-09-18,CM,NSE,STK,14194,INE395U01014,NINSYS,EQ,,,,,NINTEC SYSTEMS LIMITED,714.50,714.50,702.10,707.50,707.00,707.90,,707.75,,,807,572012.25,196,F1,1,,,,,
2026-09-18,2026-09-18,CM,NSE,STK,11439,INF204KB15I9,BANKBEES,EQ,,,,,NIP IND ETF BANK BEES,583.00,584.89,581.78,583.58,584.00,581.64,,583.57,,,369452,215460440.36,4904,F1,1,,,,,
2026-09-18,2026-09-18,CM,NSE,STK,2435,INF204KA1LD7,CONSUMBEES,EQ,,,,,NIP IND ETF CONSUMPTION,128.26,128.66,127.42,128.32,128.66,126.99,,128.32,,,39495,5054170.10,663,F1,1,,,,,
2026-09-18,2026-09-18,CM,NSE,STK,2636,INF204KA1MS3,DIVOPPBEES,EQ,,,,,NIP IND ETF DIV OPP,75.25,75.25,74.44,74.71,74.88,74.88,,74.71,,,25029,1868726.61,882,F1,1,,,,,
2026-09-18,2026-09-18,CM,NSE,STK,9847,INF204KB18I3,NV20BEES,EQ,,,,,NIP IND ETF ETF NV20,135.72,136.11,134.86,135.32,135.35,135.72,,135.32,,,22134,2994328.36,270,F1,1,,,,,
2026-09-18,2026-09-18,CM,NSE,STK,14428,INF204KB17I5,GOLDBEES,EQ,,,,,NIP IND ETF GOLD BEES,125.51,126.95,125.47,126.48,126.40,124.43,,126.48,,,28783409,3636517040.31,80392,F1,1,,,,,
2026-09-18,2026-09-18,CM,NSE,STK,18284,INF204KB19I1,HNGSNGBEES,EQ,,,,,NIP IND ETF HANGSENG BEES,467.60,467.60,461.40,463.30,464.00,462.97,,463.36,,,56641,26238293.03,3270,F1,1,,,,,
2026-09-18,2026-09-18,CM,NSE,STK,20072,INF732E01268,INFRABEES,EQ,,,,,NIP IND ETF INFRA BEES,933.60,938.00,931.37,935.62,938.00,928.63,,935.62,,,5322,4978322.26,378,F1,1,,,,,
2026-09-18,2026-09-18,CM,NSE,STK,19084,INF204KB15V2,ITBEES,EQ,,,,,NIP IND ETF IT,33.10,33.10,31.81,31.94,32.00,32.39,,31.94,,,13607369,434737000.38,22645,F1,1,,,,,
2026-09-18,2026-09-18,CM,NSE,STK,10939,INF732E01045,JUNIORBEES,EQ,,,,,NIP IND ETF JUNIOR BEES,778.30,782.00,766.15,781.11,782.00,771.94,,781.11,,,180919,140886130.76,6249,F1,1,,,,,
2026-09-18,2026-09-18,CM,NSE,STK,11006,INF732E01037,LIQUIDBEES,EQ,,,,,NIP IND ETF LIQUID BEES,999.99,1000.01,999.99,999.99,1000.00,999.99,,999.99,,,6909810,6909781265.71,4044,F1,1,,,,,
2026-09-18,2026-09-18,CM,NSE,STK,17700,INF204KB1882,LTGILTBEES,EQ,,,,,NIP IND ETF LONGTERM GILT,29.68,29.90,29.67,29.78,29.90,29.68,,29.78,,,1009925,30060310.41,676,F1,1,,,,,
2026-09-18,2026-09-18,CM,NSE,STK,8506,INF204KB1V68,MID150BEES,EQ,,,,,NIP IND ETF MIDCAP 150,234.88,236.88,233.43,236.52,236.85,233.43,,236.53,,,453893,106937922.49,5489,F1,1,,,,,
2026-09-18,2026-09-18,CM,NSE,STK,29577,INF204K014N5,NIF100BEES,EQ,,,,,NIP IND ETF NIFTY 100,259.46,261.10,259.45,260.72,261.10,259.43,,260.70,,,7950,2069595.14,558,F1,1,,,,,
2026-09-18,2026-09-18,CM,NSE,STK,10576,INF204KB14I2,NIFTYBEES,EQ,,,,,NIP IND ETF NIFTY BEES,267.89,267.89,265.94,266.53,266.75,266.08,,266.53,,,3645562,970826883.69,43071,F1,1,,,,,
2026-09-18,2026-09-18,CM,NSE,STK,15032,INF204KB16I7,PSUBNKBEES,EQ,,,,,NIP IND ETF PSU BANK BEES,93.30,93.30,92.25,92.65,92.80,92.38,,92.65,,,675075,62438933.46,4325,F1,1,,,,,
2026-09-18,2026-09-18,CM,NSE,STK,17044,INF732E01128,SHARIABEES,EQ,,,,,NIP IND ETF SHARIAH BEES,439.90,443.95,437.25,438.88,442.00,439.90,,438.96,,,4350,1907823.16,377,F1,1,,,,,
2026-09-18,2026-09-18,CM,NSE,STK,357,INE298J01013,NAM-INDIA,EQ,,,,,NIPPON L I A M LTD,1128.30,1156.10,1124.10,1155.00,1155.00,1119.00,,1155.00,,,1528510,1753997129.00,50588,F1,1,,,,,
2026-09-18,2026-09-18,CM,NSE,STK,757725,INF204KC1FU1,LIQGRWBEES,EQ,,,,,NIPPONAMC - LIQGRWBEES,1055.79,1056.19,1055.79,1056.18,1056.19,1055.78,,1056.18,,,101609,107318115.11,203,F1,1,,,,,
2026-09-18,2026-09-18,CM,NSE,STK,758667,INF204KC1GH6,MANUFGBEES,EQ,,,,,NIPPONAMC - MANUFGBEES,160.83,160.83,159.55,160.16,160.65,160.03,,160.16,,,3663,586825.74,72,F1,1,,,,,
2026-09-18,2026-09-18,CM,NSE,STK,7880,INF204KC1337,AUTOBEES,EQ,,,,,NIPPONAMC - NETFAUTO,282.41,283.66,281.55,282.71,282.78,282.40,,282.71,,,85935,24268389.19,1665,F1,1,,,,,
2026-09-18,2026-09-18,CM,NSE,STK,4973,INF204KC1089,PHARMABEES,EQ,,,,,NIPPONAMC - NETFPHARMA,27.88,27.88,27.36,27.50,27.49,27.36,,27.50,,,3520516,96807586.82,7483,F1,1,,,,,
2026-09-18,2026-09-18,CM,NSE,STK,8080,INF204KC1402,SILVERBEES,EQ,,,,,NIPPONAMC - NETFSILVER,221.10,225.00,221.10,224.07,224.25,216.64,,224.07,,,28477957,6357287890.41,81286,F1,1,,,,,
2026-09-18,2026-09-18,CM,NSE,STK,757455,INF204KC1EZ3,SNXT30BEES,EQ,,,,,NIPPONAMC - SNXT30BEES,42.33,42.38,42.02,42.14,42.18,41.91,,42.02,,,494,20825.51,40,F1,1,,,,,
2026-09-18,2026-09-18,CM,NSE,STK,255,INE368I01016,NIRAJ,EQ,,,,,NIRAJ CEMENT STRUC LTD,27.06,28.73,27.06,27.74,27.72,27.92,,27.75,,,7255,201442.90,71,F1,1,,,,,
2026-09-18,2026-09-18,CM,NSE,STK,18844,INE326T01011,NIRAJISPAT,BE,,,,,NIRAJ ISPAT IND LTD,285.00,285.00,285.00,285.00,285.00,285.00,,285.00,,,30,8550.00,2,F1,1,,,,,
2026-09-18,2026-09-18,CM,NSE,STK,2433,INE910A01012,NIRLON,EQ,,,,,NIRLON LTD,600.00,604.95,596.05,600.40,600.50,601.05,,600.24,,,1961,1178119.05,271,F1,1,,,,,
2026-09-18,2026-09-18,CM,NSE,STK,14722,INE0OK701014,NIRMAN,SM,,,,,NIRMAN AGRI GENTICS LTD,26.60,27.00,26.25,26.80,27.00,26.70,,26.80,,,7500,198870.00,21,F1,300,,,,,
2026-09-18,2026-09-18,CM,NSE,STK,13300,INE858F01012,NITCO,EQ,,,,,NITCO LIMITED,85.95,88.46,85.12,87.00,88.05,85.94,,86.99,,,417793,36166487.56,3059,F1,1,,,,,
2026-09-18,2026-09-18,CM,NSE,STK,13175,INE229H01012,NITINSPIN,EQ,,,,,NITIN SPINNERS LIMITED,617.00,634.90,613.05,619.20,620.50,616.85,,619.25,,,58258,36170080.60,3915,F1,1,,,,,
2026-09-18,2026-09-18,CM,NSE,STK,3247,INE439T01012,NITIRAJ,EQ,,,,,NITIRAJ ENGINEERS LTD,233.00,236.70,227.50,232.01,233.49,234.07,,232.01,,,3238,756785.91,101,F1,1,,,,,
2026-09-18,2026-09-18,CM,NSE,STK,762824,INE265B01019,NITTAGELA,EQ,,,,,NITTA GELATIN INDIA LTD.,1794.10,1794.10,1690.20,1711.40,1724.00,1766.10,,1711.75,,,5804,10070437.40,766,F1,1,,,,,
2026-09-18,2026-09-18,CM,NSE,STK,27097,INE995S01015,NIVABUPA,EQ,,,,,NIVA BUPA HEALTH INS CO L,79.85,80.45,79.01,79.59,79.02,79.60,,79.59,,,1273196,101433394.64,8596,F1,1,,,,,
2026-09-18,2026-09-18,CM,NSE,STK,8585,INE589A01014,NLCINDIA,EQ,,,,,NLC INDIA LIMITED,264.20,269.70,262.55,268.80,268.10,262.30,,268.78,,,2578554,690256009.20,41438,F1,1,,,,,
2026-09-18,2026-09-18,CM,NSE,STK,761077,INE579F24032,805NMC31,N3,,,,,NMC 8.05% 2031 SR STRPP C,129.00,129.00,129.00,129.00,129.00,129.00,,129.00,,,7,903.00,1,F1,1,,,,,
2026-09-18,2026-09-18,CM,NSE,STK,15332,INE584A01023,NMDC,EQ,,,,,NMDC LTD.,81.38,81.70,79.15,79.15,79.15,80.80,,79.15,,,18919633,1516381139.54,42430,F1,1,,,,,
2026-09-18,2026-09-18,CM,NSE,STK,14180,INE0NNS01018,NSLNISP,EQ,,,,,NMDC STEEL LIMITED,41.80,43.04,41.33,42.60,42.40,41.64,,42.60,,,6294350,266957221.53,23031,F1,1,,,,,
2026-09-18,2026-09-18,CM,NSE,STK,2442,INE163A01018,NOCIL,EQ,,,,,NOCIL LIMITED,187.30,196.87,186.34,194.56,195.20,186.36,,194.55,,,1732771,331912874.09,16253,F1,1,,,,,
2026-09-18,2026-09-18,CM,NSE,STK,10786,INE781B01015,NOIDATOLL,EQ,,,,,NOIDA TOLL BRIDGE CO LTD,3.94,4.04,3.87,4.00,4.02,3.96,,4.02,,,26530,104942.62,222,F1,1,,,,,
2026-09-18,2026-09-18,CM,NSE,STK,4160,INE369C01017,NORBTEAEXP,EQ,,,,,NORBEN TEA & EXPORTS LTD,64.13,66.90,64.13,65.50,65.50,64.73,,65.50,,,1847,120338.73,46,F1,1,,,,,
2026-09-18,2026-09-18,CM,NSE,STK,13533,INE553C01016,NECCLTD,BE,,,,,NORTH EAST CARRY CORP LTD,19.25,19.35,18.13,18.97,19.33,18.82,,19.04,,,39219,740874.76,175,F1,1,,,,,
2026-09-18,2026-09-18,CM,NSE,STK,25426,INE850M01015,NORTHARC,EQ,,,,,NORTHERN ARC CAPITAL LTD,311.90,315.50,308.55,313.60,313.60,310.55,,313.61,,,1062365,331739200.55,25678,F1,1,,,,,
2026-09-18,2026-09-18,CM,NSE,STK,22477,INE02H701025,NOVAAGRI,EQ,,,,,NOVA AGRITECH LIMITED,22.70,23.39,22.11,22.90,23.08,22.49,,22.91,,,38579,878871.09,292,F1,1,,,,,
2026-09-18,2026-09-18,CM,NSE,STK,9007,INE234A01025,NOVARTIND,EQ,,,,,NOVARTIS INDIA LIMITED,2082.20,2154.90,2006.00,2046.80,2040.00,2082.20,,2047.99,,,76794,159620136.00,7664,F1,1,,,,,
2026-09-18,2026-09-18,CM,NSE,STK,7553,INE349A01021,NRBBEARING,EQ,,,,,NRB BEARING LIMITED,474.00,534.90,472.60,525.50,529.50,472.20,,525.51,,,9738086,5095157064.75,172806,F1,1,,,,,
2026-09-18,2026-09-18,CM,NSE,STK,29733,INE047O01014,NIBL,EQ,,,,,NRB INDUS. BEARINGS LTD.,30.36,31.68,29.50,30.97,31.00,30.65,,30.97,,,10685,331346.23,283,F1,1,,,,,
2026-09-18,2026-09-18,CM,NSE,STK,27176,INE0ONG01011,NTPCGREEN,EQ,,,,,NTPC GREEN ENERGY LIMITED,88.50,88.95,86.91,88.55,88.42,87.58,,88.55,,,4164366,366365884.76,51916,F1,1,,,,,
2026-09-18,2026-09-18,CM,NSE,STK,11630,INE733E01010,NTPC,EQ,,,,,NTPC LTD,329.80,330.85,323.65,323.65,323.65,329.60,,323.65,,,9448827,3086192636.65,71362,F1,1,,,,,
2026-09-18,2026-09-18,CM,NSE,STK,10791,INE096B01018,NUCLEUS,EQ,,,,,NUCLEUS SOFTWARE EXPORTS,700.00,709.00,683.00,686.25,685.00,691.40,,686.07,,,14849,10251574.60,1144,F1,1,,,,,
2026-09-18,2026-09-18,CM,NSE,STK,13680,INE0JM501013,NRL,BE,,,,,NUPUR RECYCLERS LIMITED,136.73,143.98,132.90,143.67,143.98,137.13,,143.67,,,210713,29480274.32,782,F1,1,,,,,
2026-09-18,2026-09-18,CM,NSE,STK,2353,INE0DSF01015,NURECA,BE,,,,,NURECA LIMITED,330.00,348.95,327.15,345.95,348.60,332.35,,345.90,,,28818,9994201.50,471,F1,1,,,,,
2026-09-18,2026-09-18,CM,NSE,STK,18721,INE531F01023,NUVAMA,EQ,,,,,NUVAMA WEALTH MANAGE LTD,1700.00,1720.00,1689.50,1713.70,1710.00,1687.40,,1713.69,,,265082,453045979.50,20056,F1,1,,,,,
2026-09-18,2026-09-18,CM,NSE,STK,5426,INE118D01016,NUVOCO,EQ,,,,,NUVOCO VISTAS CORP LTD,318.05,333.50,318.05,328.60,328.80,319.00,,328.60,,,629989,206083730.40,21754,F1,1,,,,,
2026-09-18,2026-09-18,CM,NSE,STK,24298,INE0SF023016,NXT-INFRA,IV,,,,,NXT-INFRA TRUST,98.00,100.00,98.00,100.00,100.00,95.50,,100.00,,,200000,19950000.00,2,F1,25000,,,,,
2026-09-18,2026-09-18,CM,NSE,STK,8797,INE426Z01016,OBCL,EQ,,,,,OBCL LIMITED,55.82,58.00,55.10,57.02,57.34,55.82,,57.02,,,5689,323609.47,65,F1,1,,,,,
2026-09-18,2026-09-18,CM,NSE,STK,20242,INE093I01010,OBEROIRLTY,EQ,,,,,OBEROI REALTY LIMITED,1730.10,1785.00,1721.00,1785.00,1785.00,1740.70,,1784.98,,,766762,1346652502.50,29849,F1,1,,,,,
2026-09-18,2026-09-18,CM,NSE,STK,25923,INE0YHV01011,OBSCP,SM,,,,,OBSC PERFECTION LIMITED,895.00,935.00,886.20,930.25,925.30,899.25,,930.25,,,33200,30638580.00,79,F1,400,,,,,
2026-09-18,2026-09-18,CM,NSE,STK,25920,INE0PK601023,OCCLLTD,BE,,,,,OCCL LIMITED,156.50,159.00,150.60,154.09,154.50,154.65,,154.17,,,17991,2776544.66,260,F1,1,,,,,
2026-09-18,2026-09-18,CM,NSE,STK,27571,INE054301028,ODIGMA,EQ,,,,,ODIGMA CONSULTANCY SOL L,20.95,21.44,20.95,21.00,21.05,21.00,,21.01,,,20873,439726.49,297,F1,1,,,,,
2026-09-18,2026-09-18,CM,NSE,STK,764803,INE839E01023,ODYCORP,EQ,,,,,ODYSSEY CORPORATION LTD.,7.18,7.18,6.25,7.07,7.13,6.86,,7.07,,,41164,278095.85,106,F1,1,,,,,
2026-09-18,2026-09-18,CM,NSE,STK,2475,INE213A01029,ONGC,EQ,,,,,OIL AND NATURAL GAS CORP.,232.43,234.32,231.75,232.80,232.80,232.43,,232.80,,,11146237,2597488315.17,58575,F1,1,,,,,
2026-09-18,2026-09-18,CM,NSE,STK,8109,INE591A01010,OILCOUNTUB,BE,,,,,OIL COUNTRY TUBULAR LTD.,65.54,65.54,65.54,65.54,65.54,64.26,,65.33,,,44331,2905453.74,50,F1,1,,,,,
2026-09-18,2026-09-18,CM,NSE,STK,17438,INE274J01014,OIL,EQ,,,,,OIL INDIA LTD,479.00,482.80,472.00,475.70,475.70,477.40,,476.05,,,3703547,1769383232.90,32811,F1,1,,,,,
2026-09-18,2026-09-18,CM,NSE,STK,24777,INE0LXG01040,OLAELEC,EQ,,,,,OLA ELECTRIC MOBILITY LTD,36.80,37.00,36.02,36.39,36.49,36.79,,36.39,,,48738061,1770540375.54,94953,F1,1,,,,,
2026-09-18,2026-09-18,CM,NSE,STK,10637,INE260D01016,OLECTRA,EQ,,,,,OLECTRA GREENTECH LIMITED,1183.00,1206.40,1183.00,1198.80,1198.60,1186.20,,1198.81,,,174712,209245602.30,11276,F1,1,,,,,
2026-09-18,2026-09-18,CM,NSE,STK,759412,INE1BZC01019,OMFREIGHT,BE,,,,,OM FREIGHT FORWARDERS LTD,86.00,87.79,84.00,85.16,85.55,85.80,,85.16,,,4094,350422.26,85,F1,1,,,,,
2026-09-18,2026-09-18,CM,NSE,STK,24231,INE239D01028,OMINFRAL,EQ,,,,,OM INFRA LIMITED,80.91,80.91,77.90,78.33,78.88,79.44,,78.33,,,54641,4303812.96,1336,F1,1,,,,,
2026-09-18,2026-09-18,CM,NSE,STK,762432,INE25E901019,OMPOWER,EQ,,,,,OM POWER TRANSMISSION LTD,167.53,175.40,167.11,172.37,172.15,166.70,,172.35,,,71555,12244727.81,1187,F1,1,,,,,
2026-09-18,2026-09-18,CM,NSE,STK,10922,INE090B01011,OMAXAUTO,EQ,,,,,OMAX AUTOS LTD,175.09,185.01,174.04,182.16,183.00,175.79,,182.23,,,85580,15474872.55,1770,F1,1,,,,,
2026-09-18,2026-09-18,CM,NSE,STK,14853,INE800H01010,OMAXE,EQ,,,,,OMAXE LIMITED,120.96,123.00,116.41,117.31,117.60,120.76,,117.31,,,744348,89362032.72,8261,F1,1,,,,,
2026-09-18,2026-09-18,CM,NSE,STK,117,INE338Y01016,OMFURN,SM,,,,,OMFURN INDIA LIMITED,51.05,51.50,51.00,51.50,51.50,53.00,,51.50,,,8400,429120.00,3,F1,1200,,,,,
2026-09-18,2026-09-18,CM,NSE,STK,760865,INE0UH301010,OMNI,EQ,,,,,OMNITECH ENGINEERING LTD,569.95,588.00,544.80,556.15,554.40,568.65,,556.15,,,6045799,3388478710.65,81316,F1,1,,,,,
2026-09-18,2026-09-18,CM,NSE,STK,19692,INE00ER01015,ONDOOR,SM,,,,,ON DOOR CONCEPTS LIMITED,255.50,270.00,255.50,268.70,270.00,267.20,,268.70,,,10200,2725545.00,22,F1,300,,,,,
2026-09-18,2026-09-18,CM,NSE,STK,6705,INE982J01020,PAYTM,EQ,,,,,ONE 97 COMMUNICATIONS LTD,1795.40,1849.90,1765.00,1849.90,1849.90,1763.00,,1849.85,,,4640337,8348515415.20,113705,F1,1,,,,,
2026-09-18,2026-09-18,CM,NSE,STK,765242,INE670O01013,ONEGLOBAL,EQ,,,,,ONE GLOBAL SERVICE PROV L,550.45,550.45,525.05,538.75,539.05,530.45,,538.99,,,3309,1768613.40,302,F1,1,,,,,
2026-09-18,2026-09-18,CM,NSE,STK,28046,INE0HLU01028,MOBIKWIK,EQ,,,,,ONE MOBIKWIK SYSTEMS LTD,200.70,213.75,200.50,212.48,213.00,198.64,,212.47,,,5135376,1068466840.89,53481,F1,1,,,,,
2026-09-18,2026-09-18,CM,NSE,STK,9939,INE840Y01029,ONEPOINT,EQ,,,,,ONE POINT ONE SOL LTD,59.14,60.20,58.66,59.64,59.58,59.14,,59.63,,,579627,34570954.04,2916,F1,1,,,,,
2026-09-18,2026-09-18,CM,NSE,STK,19386,INE0OPS01011,OLIL,SM,,,,,ONECLICK LOGISTICS IND L,443.90,444.50,427.00,443.35,444.50,432.35,,443.35,,,23600,10264560.00,24,F1,400,,,,,
2026-09-18,2026-09-18,CM,NSE,STK,25496,INE912L01015,ONELIFECAP,BE,,,,,ONELIFE CAP ADVISORS LTD,32.91,34.10,32.91,34.02,34.07,32.91,,34.01,,,21388,715681.34,67,F1,1,,,,,
2026-09-18,2026-09-18,CM,NSE,STK,763294,INE12F801023,KISSHT,EQ,,,,,ONEMI TECHNOLOGY SOL LTD,358.00,373.00,347.00,356.05,356.50,359.95,,356.03,,,4153061,1473338402.80,116558,F1,1,,,,,
2026-09-18,2026-09-18,CM,NSE,STK,29224,INE013P01021,ONESOURCE,EQ,,,,,ONESOURCE SPECL PHARMA L,1575.00,1634.80,1575.00,1594.90,1592.40,1580.00,,1594.92,,,335793,538182785.20,29590,F1,1,,,,,
2026-09-18,2026-09-18,CM,NSE,STK,2202,INE831A01028,ONIDA,EQ,,,,,ONIDA ELECTRONICS LIMITED,32.28,33.40,32.23,32.89,32.60,32.29,,32.89,,,453556,14936286.44,1764,F1,1,,,,,
2026-09-18,2026-09-18,CM,NSE,STK,764808,INE173M01012,ONIXSOLAR,EQ,,,,,ONIX SOLAR ENERGY LTD.,357.40,357.40,357.40,357.40,357.40,376.20,,356.81,,,6099,2179782.60,80,F1,1,,,,,
2026-09-18,2026-09-18,CM,NSE,STK,15282,INE809I01019,ONMOBILE,BE,,,,,ONMOBILE GLOBAL LTD.,51.31,51.31,48.75,48.81,48.75,51.31,,48.83,,,98825,4856376.56,699,F1,1,,,,,
2026-09-18,2026-09-18,CM,NSE,STK,2481,INE229A01017,ONWARDTEC,EQ,,,,,ONWARD TECHNOLOGIES LTD,289.90,297.00,286.05,287.20,287.00,291.75,,286.99,,,13769,4004867.50,749,F1,1,,,,,
2026-09-18,2026-09-18,CM,NSE,STK,27143,INE0WVU01018,ONYX,ST,,,,,ONYX BIOTEC LIMITED,38.00,38.00,37.25,37.25,37.25,38.00,,37.25,,,26000,985500.00,4,F1,2000,,,,,
2026-09-18,2026-09-18,CM,NSE,STK,21469,INE350C01017,OPTIEMUS,EQ,,,,,OPTIEMUS INFRACOM LTD,614.00,622.70,585.60,590.10,589.00,610.00,,590.09,,,190406,113624646.20,11867,F1,1,,,,,
2026-09-18,2026-09-18,CM,NSE,STK,764813,INE031G01022,OPTIFIN,EQ,,,,,OPTIMUS FINANCE LTD.,14.99,14.99,13.80,14.01,14.38,15.13,,14.01,,,61040,861083.15,255,F1,1,,,,,
2026-09-18,2026-09-18,CM,NSE,STK,764528,INE1JZB01022,OPTIMYSTIX,SM,,,,,OPTIMYSTIX ENT INDIA LTD,137.00,140.10,134.00,139.45,140.00,139.00,,139.45,,,17600,2430440.00,20,F1,800,,,,,
2026-09-18,2026-09-18,CM,NSE,STK,758903,INE15B101011,OPTIVALUE,ST,,,,,OPTIVALUE TEK CONSULT LTD,180.00,193.10,180.00,193.10,193.10,183.95,,193.10,,,52800,10100880.00,29,F1,1600,,,,,
2026-09-18,2026-09-18,CM,NSE,STK,10738,INE881D01027,OFSS,EQ,,,,,ORACLE FIN SERV SOFT LTD.,11648.00,11896.00,11515.00,11896.00,11896.00,11620.00,,11895.36,,,162844,1903730061.00,19585,F1,1,,,,,
2026-09-18,2026-09-18,CM,NSE,STK,31479,INE231G01010,ORBTEXP,BE,,,,,ORBIT EXPORTS LIMITED,224.00,234.40,224.00,229.82,228.51,224.97,,229.88,,,1710,392224.78,58,F1,1,,,,,
2026-09-18,2026-09-18,CM,NSE,STK,29492,INE215B01022,ORCHASP,EQ,,,,,ORCHASP LIMITED,1.41,1.43,1.37,1.40,1.41,1.37,,1.40,,,375577,523865.98,366,F1,1,,,,,
2026-09-18,2026-09-18,CM,NSE,STK,926,INE191A01027,ORCHPHARMA,EQ,,,,,ORCHID PHARMA LIMITED,958.05,999.00,958.05,989.70,993.60,958.05,,989.62,,,56527,55458659.55,3312,F1,1,,,,,
2026-09-18,2026-09-18,CM,NSE,STK,17882,INE0OUT01027,ORIANA,SM,,,,,ORIANA POWER LIMITED,276.50,281.90,265.00,271.75,272.90,1348.85,,271.75,,,169875,46122431.25,351,F1,375,,,,,
2026-09-18,2026-09-18,CM,NSE,STK,10159,INE730A01022,ORICONENT,EQ,,,,,ORICON ENTERPRISES LTD,51.06,53.88,51.06,52.75,53.01,51.26,,52.74,,,17128,900925.42,334,F1,1,,,,,
2026-09-18,2026-09-18,CM,NSE,STK,14278,INE607D01018,ORIENTBELL,EQ,,,,,ORIENT BELL LIMITED,394.05,396.00,383.00,393.25,395.45,387.25,,393.26,,,10141,3968140.85,739,F1,1,,,,,
2026-09-18,2026-09-18,CM,NSE,STK,30089,INE876N01018,ORIENTCEM,EQ,,,,,ORIENT CEMENT LTD.,122.03,126.20,121.83,124.55,124.15,122.09,,124.55,,,2828940,351603908.75,15931,F1,1,,,,,
2026-09-18,2026-09-18,CM,NSE,STK,13111,INE569C01020,ORIENTCER,EQ,,,,,ORIENT CERATECH LIMITED,46.89,46.90,45.62,46.52,46.80,46.11,,46.50,,,53405,2475252.80,811,F1,1,,,,,
2026-09-18,2026-09-18,CM,NSE,STK,2972,INE142Z01019,ORIENTELEC,EQ,,,,,ORIENT ELECTRIC LIMITED,170.68,170.68,166.25,167.36,166.30,168.83,,167.36,,,123188,20673092.60,3243,F1,1,,,,,
2026-09-18,2026-09-18,CM,NSE,STK,20110,INE999K01014,GREENPOWER,EQ,,,,,ORIENT GREEN POWER CO LTD,9.40,9.40,9.00,9.05,9.13,9.05,,9.05,,,3333043,30405190.84,3833,F1,1,,,,,
2026-09-18,2026-09-18,CM,NSE,STK,2493,INE750A01020,ORIENTHOT,EQ,,,,,ORIENT HOTELS LTD,142.00,144.69,140.15,143.45,143.31,141.01,,143.45,,,1243314,178133025.83,6393,F1,1,,,,,
2026-09-18,2026-09-18,CM,NSE,STK,2496,INE592A01026,ORIENTPPR,EQ,,,,,ORIENT PAPER AND INDS LTD,17.30,17.51,16.99,17.20,17.10,17.25,,17.20,,,191461,3297548.17,857,F1,1,,,,,
2026-09-18,2026-09-18,CM,NSE,STK,18211,INE609C01024,ORIENTLTD,BE,,,,,ORIENT PRESS LIMITED,79.55,84.99,79.55,80.82,81.00,82.99,,80.82,,,1086,88219.32,18,F1,1,,,,,
2026-09-18,2026-09-18,CM,NSE,STK,24961,INE0PPK01015,ORIENTTECH,EQ,,,,,ORIENT TECHNOLOGIES LTD,236.47,239.24,235.01,236.35,236.15,236.47,,236.35,,,156550,37145017.91,2655,F1,1,,,,,
2026-09-18,2026-09-18,CM,NSE,STK,10768,INE959C01023,OAL,EQ,,,,,ORIENTAL AROMATICS LTD,513.80,528.90,510.00,514.15,512.50,513.50,,514.15,,,22259,11552233.80,1282,F1,1,,,,,
2026-09-18,2026-09-18,CM,NSE,STK,764818,INE457G01029,ORIRAIL,EQ,,,,,ORIENTAL RAIL INFRA L,119.23,120.41,116.30,117.09,117.53,117.94,,117.21,,,33351,3923464.58,988,F1,1,,,,,
2026-09-18,2026-09-18,CM,NSE,STK,14346,INE998H01012,ORIENTALTL,EQ,,,,,ORIENTAL TRIMEX LTD,4.98,5.03,4.93,4.96,4.95,4.98,,4.96,,,55364,274774.82,323,F1,1,,,,,
2026-09-18,2026-09-18,CM,NSE,STK,19931,INE725E01024,ORISSAMINE,EQ,,,,,ORISSA MIN DEV CO LTD,4020.00,4051.00,3800.10,3821.20,3824.00,3896.40,,3821.28,,,28276,109762500.90,4922,F1,1,,,,,
2026-09-18,2026-09-18,CM,NSE,STK,759569,INE16NZ01023,ORKLAINDIA,EQ,,,,,ORKLA INDIA LIMITED,576.30,604.25,575.00,595.65,602.00,578.25,,595.63,,,71578,42262561.75,3735,F1,1,,,,,
2026-09-18,2026-09-18,CM,NSE,STK,2979,INE749B01020,ORTINGLOBE,EQ,,,,,ORTIN GLOBAL LIMITED,15.70,16.68,15.67,15.83,16.44,16.45,,15.87,,,8090,128814.08,50,F1,1,,,,,
2026-09-18,2026-09-18,CM,NSE,STK,25386,INE0RMF01018,OSELDEVICE,SM,,,,,OSEL DEVICES LIMITED,369.00,369.00,361.55,363.90,364.00,368.50,,363.90,,,13200,4809270.00,53,F1,200,,,,,
2026-09-18,2026-09-18,CM,NSE,STK,12643,INE06IR01021,OSIAHYPER,BE,,,,,OSIA HYPER RETAIL LIMITED,2.24,2.27,2.16,2.24,2.19,2.22,,2.24,,,225631,505138.00,328,F1,1,,,,,
2026-09-18,2026-09-18,CM,NSE,STK,2514,INE142A01012,OSWALAGRO,EQ,,,,,OSWAL AGRO MILLS LTD,35.99,35.99,33.22,33.88,33.65,33.91,,33.88,,,56597,1924659.25,622,F1,1,,,,,
2026-09-18,2026-09-18,CM,NSE,STK,471,INE143A01010,OSWALGREEN,EQ,,,,,OSWAL GREENTECH LIMITED,19.20,19.95,18.76,19.44,19.37,19.04,,19.43,,,107196,2060718.67,752,F1,1,,,,,
2026-09-18,2026-09-18,CM,NSE,STK,756802,INE0BYP01024,OSWALPUMPS,EQ,,,,,OSWAL PUMPS LIMITED,274.80,280.70,270.45,278.10,279.10,273.30,,278.13,,,271449,74530677.65,5538,F1,1,,,,,
2026-09-18,2026-09-18,CM,NSE,STK,22914,INE0R8M01017,OWAIS,ST,,,,,OWAIS METAL & MINERAL,77.95,79.50,76.40,76.40,76.40,77.95,,76.40,,,22700,1758165.00,46,F1,100,,,,,
2026-09-18,2026-09-18,CM,NSE,STK,765145,INE501F01018,PBMPOLY,EQ,,,,,P B M POLYTEX LTD.,67.00,67.00,60.08,65.00,65.00,60.00,,65.00,,,146,9769.08,6,F1,1,,,,,
2026-09-18,2026-09-18,CM,NSE,STK,25312,INE953R01016,PNGJL,EQ,,,,,P N GADGIL JEWELLERS LTD,606.90,610.00,596.75,604.75,609.30,601.15,,604.80,,,323988,195728914.25,14336,F1,1,,,,,
2026-09-18,2026-09-18,CM,NSE,STK,764845,INE035S01028,POEL,EQ,,,,,P O C L ENTERPRISES LTD.,139.10,142.42,136.50,137.16,138.00,137.82,,137.23,,,20393,2838628.04,746,F1,1,,,,,
2026-09-18,2026-09-18,CM,NSE,STK,29662,INE0XUS01020,PSRAJ,SM,,,,,P S RAJ STEELS LIMITED,99.95,104.00,96.90,100.45,99.35,96.00,,100.45,,,70000,7065625.00,18,F1,2500,,,,,
2026-09-18,2026-09-18,CM,NSE,STK,2535,INE179A01014,PGHH,EQ,,,,,P&G HYGIENE & HEALTH CARE,7673.50,7680.00,7432.00,7486.00,7450.00,7613.00,,7486.16,,,66505,502718987.50,14520,F1,1,,,,,
2026-09-18,2026-09-18,CM,NSE,STK,8735,INE0KN801013,PROPEQUITY,SM,,,,,P. E. ANALYTICS LIMITED,195.00,195.00,191.10,192.00,192.00,196.10,,192.00,,,2400,463860.00,3,F1,600,,,,,
2026-09-18,2026-09-18,CM,NSE,STK,759342,INE0S3G01027,PACEDIGITK,EQ,,,,,PACE DIGITEK LIMITED,155.26,158.38,154.50,156.17,156.37,153.31,,156.18,,,521729,81375901.35,8674,F1,1,,,,,
2026-09-18,2026-09-18,CM,NSE,STK,764823,INE883C01025,PACIFICI,EQ,,,,,PACIFIC INDUSTRIES LTD.,147.99,147.99,147.99,147.99,147.99,148.50,,147.99,,,1,147.99,1,F1,1,,,,,
2026-09-18,2026-09-18,CM,NSE,STK,14413,INE761H01022,PAGEIND,EQ,,,,,PAGE INDUSTRIES LTD,34990.00,36400.00,34900.00,36400.00,36400.00,35020.00,,36399.05,,,32020,1143656470.00,11085,F1,1,,,,,
2026-09-18,2026-09-18,CM,NSE,STK,25468,INE420C01059,PAISALO,EQ,,,,,PAISALO DIGITAL LIMITED,91.00,91.00,88.75,89.51,89.30,88.73,,89.51,,,25898908,2320036208.77,48589,F1,1,,,,,
2026-09-18,2026-09-18,CM,NSE,STK,17197,INE551D01018,PAKKA,EQ,,,,,PAKKA LIMITED,75.55,79.80,75.55,78.56,78.99,77.12,,78.56,,,45964,3611477.41,985,F1,1,,,,,
2026-09-18,2026-09-18,CM,NSE,STK,21383,INE471W01019,PALASHSECU,EQ,,,,,PALASH SECURITIES LTD,86.11,88.50,86.10,86.11,86.11,86.03,,86.11,,,305,26657.03,20,F1,1,,,,,
2026-09-18,2026-09-18,CM,NSE,STK,17062,INE218G01033,PALREDTEC,EQ,,,,,PALRED TECHNOLOGIES LTD,46.01,46.13,46.01,46.10,46.10,46.01,,46.55,,,161,7418.55,6,F1,1,,,,,
2026-09-18,2026-09-18,CM,NSE,STK,4055,INE922B01023,PANACEABIO,EQ,,,,,PANACEA BIOTEC LTD,373.00,375.80,359.90,367.90,368.00,372.00,,367.90,,,119782,43852357.70,4233,F1,1,,,,,
2026-09-18,2026-09-18,CM,NSE,STK,16355,INE895W01019,PANACHE,BE,,,,,PANACHE DIGILIFE LIMITED,515.00,522.20,515.00,522.20,522.20,512.00,,522.20,,,3474,1803757.50,38,F1,1,,,,,
2026-09-18,2026-09-18,CM,NSE,STK,25392,INE305C01029,PANAMAPET,EQ,,,,,PANAMA PETROCHEM LTD,455.70,472.40,455.70,470.20,469.00,459.75,,470.20,,,166705,77759002.25,6040,F1,1,,,,,
2026-09-18,2026-09-18,CM,NSE,STK,764828,INE798F01010,PANCHMAHQ,EQ,,,,,PANCHMAHAL STEEL LTD.,295.00,301.00,295.00,296.40,301.00,295.00,,300.58,,,38,11227.95,10,F1,1,,,,,
2026-09-18,2026-09-18,CM,NSE,STK,765140,INE258R01028,PANORAMA,EQ,,,,,PANORAMA STUDIOS INTL. L,52.30,54.00,52.00,53.26,53.50,52.63,,53.26,,,171382,9077747.76,955,F1,1,,,,,
2026-09-18,2026-09-18,CM,NSE,STK,6141,INE697V01011,PANSARI,EQ,,,,,PANSARI DEVELOPERS LTD,280.00,285.00,262.90,284.95,284.00,290.00,,284.95,,,1081,305331.50,36,F1,1,,,,,
2026-09-18,2026-09-18,CM,NSE,STK,5637,INE04LG01015,PAR,BE,,,,,PAR DRUGS AND CHEM LTD,134.39,139.94,134.00,136.60,138.00,133.54,,136.60,,,29278,4024164.71,349,F1,1,,,,,
2026-09-18,2026-09-18,CM,NSE,STK,9741,INE088F01024,PARADEEP,EQ,,,,,PARADEEP PHOSPHATES LTD,154.00,156.56,153.06,155.62,155.64,153.81,,155.62,,,2314244,358937598.26,26625,F1,1,,,,,
2026-09-18,2026-09-18,CM,NSE,STK,17130,INE883N01014,PARAGMILK,EQ,,,,,PARAG MILK FOODS LTD.,265.50,272.40,263.50,268.50,268.00,264.60,,268.48,,,1521408,407882326.25,17741,F1,1,,,,,
2026-09-18,2026-09-18,CM,NSE,STK,19779,INE0N4G01012,PARAGON,SM,,,,,PARAGON FINE S.C. LTD.,53.10,55.00,53.10,53.65,53.60,55.50,,53.65,,,6000,324420.00,5,F1,1200,,,,,
2026-09-18,2026-09-18,CM,NSE,STK,25069,INE0S2W01018,PARAMATRIX,SM,,,,,PARAMATRIX TECHNOLOGIES L,57.00,57.00,57.00,57.00,57.00,57.50,,57.00,,,1200,68400.00,1,F1,1200,,,,,
2026-09-18,2026-09-18,CM,NSE,STK,13951,INE074B01023,PARACABLES,EQ,,,,,PARAMOUNT COMM LTD,60.75,62.50,60.75,62.02,62.25,60.70,,62.02,,,1236571,76411466.64,6813,F1,1,,,,,
2026-09-18,2026-09-18,CM,NSE,STK,25716,INE0TG801013,PARAMOUNT,SM,,,,,PARAMOUNT DYE TEC LIMITED,40.25,40.30,40.25,40.30,40.30,42.35,,40.30,,,7200,289860.00,6,F1,1200,,,,,
2026-09-18,2026-09-18,CM,NSE,STK,5911,INE045601023,PARAS,EQ,,,,,PARAS DEF AND SPCE TECH L,1375.00,1397.70,1366.40,1372.70,1380.00,1370.90,,1372.71,,,613001,844486905.60,30224,F1,1,,,,,
2026-09-18,2026-09-18,CM,NSE,STK,3972,INE162C01024,PARASPETRO,EQ,,,,,PARAS PETROFILS LTD.,2.16,2.23,2.13,2.14,2.15,2.13,,2.14,,,180581,391533.90,239,F1,1,,,,,
2026-09-18,2026-09-18,CM,NSE,STK,5460,INE00U801010,PARIN,SM,,,,,PARIN ENTERPRISES LIMITED,700.00,704.00,690.00,704.00,704.00,703.95,,704.00,,,3750,2617000.00,15,F1,250,,,,,
2026-09-18,2026-09-18,CM,NSE,STK,760351,INE119201023,PARKHOSPS,EQ,,,,,PARK MEDI WORLD LIMITED,279.40,284.30,271.20,282.05,282.00,277.90,,282.06,,,1071510,299994222.50,19506,F1,1,,,,,
2026-09-18,2026-09-18,CM,NSE,STK,22649,INE988S01028,PARKHOTELS,EQ,,,,,PARKHOTELS,108.00,109.89,106.60,107.38,107.60,107.20,,107.38,,,147877,15955459.06,2409,F1,1,,,,,
2026-09-18,2026-09-18,CM,NSE,STK,764833,INE383L01019,PARNAXLAB,EQ,,,,,PARNAX LAB LTD.,130.00,130.00,124.00,128.20,128.95,123.79,,126.98,,,1756,225985.91,26,F1,1,,,,,
2026-09-18,2026-09-18,CM,NSE,STK,13795,INE561H01026,PARSVNATH,BE,,,,,PARSVNATH DEVELOPER LTD,1.84,1.84,1.84,1.84,1.84,1.81,,1.84,,,20372,37484.48,38,F1,1,,,,,
2026-09-18,2026-09-18,CM,NSE,STK,758217,INE1H7V01011,PARTH,SM,,,,,PARTH ELEC & ENG LTD,490.00,530.00,482.65,522.95,516.50,491.80,,522.95,,,49200,24444380.00,67,F1,400,,,,,
2026-09-18,2026-09-18,CM,NSE,STK,2599,INE06ZX01015,PARTYCRUS,SM,,,,,PARTY CRUISERS LIMITED,96.95,98.00,96.95,97.30,98.00,94.50,,97.30,,,3000,291950.00,3,F1,1000,,,,,
2026-09-18,2026-09-18,CM,NSE,STK,757955,INE124Y01028,PASHUPATI,EQ,,,,,PASHUPATI COTSPIN LIMITED,84.90,84.90,79.50,80.26,80.55,81.37,,80.26,,,350867,28306773.43,4817,F1,1,,,,,
2026-09-18,2026-09-18,CM,NSE,STK,6045,INE818B01023,PASUPTAC,EQ,,,,,PASUPATI ACRYLON LIMITED,70.65,71.89,69.20,69.98,69.77,70.31,,69.99,,,130798,9187224.52,1092,F1,1,,,,,
2026-09-18,2026-09-18,CM,NSE,STK,17029,INE619A01035,PATANJALI,EQ,,,,,PATANJALI FOODS LIMITED,353.05,367.00,353.05,367.00,367.00,354.45,,366.96,,,1999903,723113022.70,86273,F1,1,,,,,
2026-09-18,2026-09-18,CM,NSE,STK,758732,INE244B07243,1025PATE28,N0,,,,,PATE 10.25% 2028,100000.00,100000.00,100000.00,100000.00,100000.00,100000.00,,100000.00,,,1,100000.00,1,F1,1,,,,,
2026-09-18,2026-09-18,CM,NSE,STK,11699,INE244B01030,PATELENG,EQ,,,,,PATEL ENGINEERING LTD.,25.96,26.29,25.48,25.62,25.62,25.96,,25.62,,,2871181,74018735.28,8259,F1,1,,,,,
2026-09-18,2026-09-18,CM,NSE,STK,15223,INE529D01014,PATINTLOG,BE,,,,,PATEL INT. LOG. LTD,14.15,14.25,13.71,14.00,14.08,13.89,,14.00,,,72909,1021872.39,177,F1,1,,,,,
2026-09-18,2026-09-18,CM,NSE,STK,759439,INE0R8B01010,PATELRMART,EQ,,,,,PATEL RETAIL LIMITED,204.89,206.90,203.42,205.77,206.85,202.84,,205.77,,,19068,3915457.28,836,F1,1,,,,,
2026-09-18,2026-09-18,CM,NSE,STK,756963,INE17GV01016,PATILAUTOM,SM,,,,,PATIL AUTOMATION LIMITED,315.00,328.00,314.00,325.90,326.95,315.55,,325.90,,,67800,21863880.00,109,F1,600,,,,,
2026-09-18,2026-09-18,CM,NSE,STK,762834,INE291E01019,PML,EQ,,,,,PAUL MERCHANTS LTD.,494.95,498.95,491.00,496.15,498.75,495.05,,496.15,,,41,20209.50,13,F1,1,,,,,
2026-09-18,2026-09-18,CM,NSE,STK,759969,INE111F01024,PAUSHAKLTD,EQ,,,,,PAUSHAK LIMITED,719.90,730.75,708.00,716.35,719.95,719.95,,716.44,,,16660,12012290.70,1552,F1,1,,,,,
2026-09-18,2026-09-18,CM,NSE,STK,16192,INE07S101038,PAVNAIND,EQ,,,,,PAVNA INDUSTRIES LIMITED,15.00,15.88,14.96,15.67,15.50,14.95,,15.67,,,69294,1069049.83,285,F1,1,,,,,
2026-09-18,2026-09-18,CM,NSE,STK,6656,INE417T01026,POLICYBZR,EQ,,,,,PB FINTECH LIMITED,1770.00,1798.00,1743.00,1743.00,1743.00,1765.00,,1742.98,,,1368411,2425320838.10,62972,F1,1,,,,,
2026-09-18,2026-09-18,CM,NSE,STK,29124,INE785M01021,PCJEWELLER,EQ,,,,,PC JEWELLER LTD,12.51,13.04,12.37,12.72,12.70,12.35,,12.72,,,332313201,4214359296.96,184887,F1,1,,,,,
2026-09-18,2026-09-18,CM,NSE,STK,2649,INE602A01031,PCBL,EQ,,,,,PCBL CHEMICAL LIMITED,332.00,338.00,328.75,336.70,337.00,329.40,,336.70,,,1255857,419458088.15,24641,F1,1,,,,,
2026-09-18,2026-09-18,CM,NSE,STK,5264,INE111Q01021,PDSL,EQ,,,,,PDS LIMITED,346.95,353.30,345.30,351.15,353.00,345.45,,351.14,,,69980,24521967.50,3710,F1,1,,,,,
2026-09-18,2026-09-18,CM,NSE,STK,14260,INE940H01022,PGIL,EQ,,,,,PEARL GLOBAL IND LIMITED,1134.10,1157.20,1122.20,1146.10,1140.90,1143.10,,1146.12,,,101084,115762548.90,10877,F1,1,,,,,
2026-09-18,2026-09-18,CM,NSE,STK,2610,INE844A01013,PEARLPOLY,EQ,,,,,PEARL POLYMERS LTD,17.36,17.36,16.16,17.09,17.14,16.73,,17.09,,,9783,164168.72,60,F1,1,,,,,
2026-09-18,2026-09-18,CM,NSE,STK,25408,INE0VG601013,PELATRO,SM,,,,,PELATRO LIMITED,370.00,384.95,370.00,384.95,384.95,365.15,,384.95,,,2700,1024680.00,9,F1,300,,,,,
2026-09-18,2026-09-18,CM,NSE,STK,2256,INE138A01028,PENINLAND,EQ,,,,,PENINSULA LAND LIMITED,15.86,16.00,15.10,15.36,15.35,15.55,,15.36,,,101308,1559954.36,566,F1,1,,,,,
2026-09-18,2026-09-18,CM,NSE,STK,20621,INE932A01024,PENIND,EQ,,,,,PENNAR INDUSTRIES LTD,170.45,172.40,168.58,171.43,171.91,170.44,,171.44,,,219229,37378235.49,4353,F1,1,,,,,
2026-09-18,2026-09-18,CM,NSE,STK,17139,INE0ORS01017,PENTAGON,ST,,,,,PENTAGON RUBBER LIMITED,91.00,91.35,87.10,91.35,91.35,87.00,,91.35,,,7000,634450.00,6,F1,1000,,,,,
2026-09-18,2026-09-18,CM,NSE,STK,758121,INE925S01012,PERFECT,SZ,,,,,PERFECT INFRAENGINEER LTD,1.70,1.70,1.60,1.60,1.60,1.65,,1.60,,,15000,24900.00,5,F1,3000,,,,,
2026-09-18,2026-09-18,CM,NSE,STK,764838,INE418E01018,PERMAGN,EQ,,,,,PERMANENT MAGNETS LTD.,829.00,855.95,820.00,848.15,851.00,828.70,,847.95,,,6294,5268593.25,453,F1,1,,,,,
2026-09-18,2026-09-18,CM,NSE,STK,18365,INE262H01021,PERSISTENT,EQ,,,,,PERSISTENT SYSTEMS LTD,5476.00,5500.00,5389.00,5416.00,5416.00,5473.00,,5416.01,,,494682,2680064863.50,35687,F1,1,,,,,
2026-09-18,2026-09-18,CM,NSE,STK,24290,INE998U01015,PCCL,SM,,,,,PETRO CARBON AND CHEMI L,439.00,445.00,437.00,445.00,445.00,439.65,,445.00,,,5200,2303600.00,7,F1,400,,,,,
2026-09-18,2026-09-18,CM,NSE,STK,11351,INE347G01014,PETRONET,EQ,,,,,PETRONET LNG LIMITED,284.85,292.60,284.10,292.60,292.60,283.45,,292.59,,,3218273,929601340.40,36040,F1,1,,,,,
2026-09-18,2026-09-18,CM,NSE,STK,2643,INE182A01018,PFIZER,EQ,,,,,PFIZER LTD,4054.90,4054.90,3972.70,4002.40,3995.00,4014.80,,4002.33,,,42189,168808457.20,9571,F1,1,,,,,
2026-09-18,2026-09-18,CM,NSE,STK,25358,INE457L01029,PGEL,EQ,,,,,PG ELECTROPLAST LTD,529.35,541.45,529.15,529.15,529.15,529.35,,529.27,,,570498,304929097.70,11710,F1,1,,,,,
2026-09-18,2026-09-18,CM,NSE,STK,11612,INE0MLZ01019,PHANTOMFX,SM,,,,,PHANTOM DIGITAL EFF LTD,100.00,103.50,94.05,95.50,94.05,99.45,,95.50,,,18300,1806495.00,45,F1,300,,,,,
2026-09-18,2026-09-18,CM,NSE,STK,2658,INE245B01011,PHOENXINTL,EQ,,,,,PHOENIX INTERNATIONAL LTD,28.91,29.48,28.00,29.00,29.00,28.77,,29.40,,,1414,40805.10,38,F1,1,,,,,
2026-09-18,2026-09-18,CM,NSE,STK,25513,INE0FPO01018,PHOGLOBAL,SM,,,,,PHOENIX OVERSEAS LIMITED,15.25,15.25,14.90,14.90,14.90,14.50,,14.90,,,4000,60300.00,2,F1,2000,,,,,
2026-09-18,2026-09-18,CM,NSE,STK,759723,INE0LP301011,PWL,EQ,,,,,PHYSICSWALLAH LIMITED,128.00,137.50,128.00,136.60,136.00,127.80,,136.60,,,20005965,2696352892.08,112263,F1,1,,,,,
2026-09-18,2026-09-18,CM,NSE,STK,24184,INE603J01030,PIIND,EQ,,,,,PI INDUSTRIES LTD,2307.00,2366.80,2302.50,2366.80,2366.80,2307.00,,2366.78,,,558327,1309494875.70,16124,F1,1,,,,,
2026-09-18,2026-09-18,CM,NSE,STK,757754,INE546C01010,PICCADIL,EQ,,,,,PICCADILY AGRO INDUSTRI L,600.55,606.90,585.95,589.40,591.00,600.55,,589.40,,,174176,103332194.75,9053,F1,1,,,,,
2026-09-18,2026-09-18,CM,NSE,STK,24785,INE0YAL01017,PPSL,SM,,,,,PICTUREPOST STUDIOS LTD,2.95,3.00,2.95,3.00,3.00,2.90,,3.00,,,45000,133500.00,10,F1,3000,,,,,
2026-09-18,2026-09-18,CM,NSE,STK,2664,INE318A01026,PIDILITIND,EQ,,,,,PIDILITE INDUSTRIES LTD,1559.90,1598.90,1559.90,1572.10,1572.10,1551.50,,1572.05,,,1142486,1811619190.70,49363,F1,1,,,,,
2026-09-18,2026-09-18,CM,NSE,STK,30835,INE600A01035,PILITA,EQ,,,,,PIL ITALICA LIFESTYLE LTD,7.85,7.85,7.37,7.48,7.50,7.75,,7.48,,,128245,959487.06,558,F1,1,,,,,
2026-09-18,2026-09-18,CM,NSE,STK,11445,INE417C01014,PILANIINVS,EQ,,,,,PILANI INV & IND COR LTD,4086.00,4119.90,4050.00,4067.00,4083.70,4082.20,,4067.00,,,1314,5346964.90,414,F1,1,,,,,
2026-09-18,2026-09-18,CM,NSE,STK,759820,INE15B701018,PINELABS,EQ,,,,,PINE LABS LIMITED,185.00,198.65,183.16,192.04,194.15,184.48,,192.05,,,66808323,12726171244.44,214104,F1,1,,,,,
2026-09-18,2026-09-18,CM,NSE,STK,13463,INE156C01018,PIONEEREMB,EQ,,,,,PIONEER EMBROIDERIES LTD,21.50,22.00,20.25,21.95,21.99,21.39,,21.95,,,13799,297577.18,129,F1,1,,,,,
2026-09-18,2026-09-18,CM,NSE,STK,762832,INE746D01014,PIONRINV,BE,,,,,PIONEER INVESTCORP LTD.,76.11,79.55,76.11,79.55,79.55,78.71,,79.55,,,430,33020.50,7,F1,1,,,,,
2026-09-18,2026-09-18,CM,NSE,STK,759551,INE202B01038,PIRAMALFIN,EQ,,,,,PIRAMAL FINANCE LIMITED,2260.00,2324.50,2246.80,2300.20,2319.00,2253.80,,2299.05,,,529289,1209411374.80,44731,F1,1,,,,,
2026-09-18,2026-09-18,CM,NSE,STK,11571,INE0DK501011,PPLPHARMA,EQ,,,,,PIRAMAL PHARMA LIMITED,204.45,210.10,204.45,208.16,209.00,204.71,,208.16,,,2926602,608876786.45,34004,F1,1,,,,,
2026-09-18,2026-09-18,CM,NSE,STK,14134,INE450D01021,PITTIENG,EQ,,,,,PITTI ENGINEERING LIMITED,1144.00,1178.80,1138.70,1146.10,1165.00,1131.10,,1146.04,,,157561,182072824.30,11797,F1,1,,,,,
2026-09-18,2026-09-18,CM,NSE,STK,9087,INE751B01018,PIXTRANS,EQ,,,,,PIX TRANSMISSIONS LIMITED,1724.60,1749.00,1723.10,1741.10,1742.00,1724.60,,1741.11,,,4141,7192634.70,969,F1,1,,,,,
2026-09-18,2026-09-18,CM,NSE,STK,13920,INE083C01022,PLASTIBLEN,EQ,,,,,PLASTIBLENDS INDIA LTD,187.50,187.92,185.75,186.63,186.00,184.45,,186.63,,,5737,1072016.00,245,F1,1,,,,,
2026-09-18,2026-09-18,CM,NSE,STK,22930,INE0PT501018,PLATIND,EQ,,,,,PLATINUM INDUSTRIES LTD,211.13,215.50,210.24,214.05,213.90,211.11,,214.00,,,53556,11380430.61,1510,F1,1,,,,,
2026-09-18,2026-09-18,CM,NSE,STK,19458,INE0INJ01017,PLAZACABLE,EQ,,,,,PLAZA WIRES LIMITED,62.20,63.00,61.00,61.06,61.00,62.31,,61.06,,,75948,4654099.83,872,F1,1,,,,,
2026-09-18,2026-09-18,CM,NSE,STK,8736,INE859A01011,PNBGILTS,EQ,,,,,PNB GILTS LIMITED,79.30,80.00,77.96,79.18,79.45,78.50,,79.18,,,317177,25023531.56,2580,F1,1,,,,,
2026-09-18,2026-09-18,CM,NSE,STK,18908,INE572E01012,PNBHOUSING,EQ,,,,,PNB HOUSING FIN LTD.,1105.20,1138.30,1103.00,1133.10,1133.10,1103.50,,1133.09,,,1328599,1491949243.70,30992,F1,1,,,,,
2026-09-18,2026-09-18,CM,NSE,STK,9385,INE195J01029,PNCINFRA,EQ,,,,,PNC INFRATECH LTD.,139.66,141.21,135.71,138.87,138.25,139.55,,138.86,,,2445538,338592109.63,27210,F1,1,,,,,
2026-09-18,2026-09-18,CM,NSE,STK,9342,INE392B01011,PNC,EQ,,,,,PNC MEDIA AND ENT LTD,16.02,17.89,16.02,16.86,16.77,16.63,,16.88,,,122675,2106587.08,615,F1,1,,,,,
2026-09-18,2026-09-18,CM,NSE,STK,760242,INE1RDG01013,PNGSREVA,EQ,,,,,PNGS REVA DIAMOND JEWEL L,491.80,507.05,491.10,495.75,495.00,489.40,,495.65,,,49612,24606341.95,2755,F1,1,,,,,
2026-09-18,2026-09-18,CM,NSE,STK,19036,INE371C01013,PODDARMENT,EQ,,,,,PODDAR PIGMENTS LIMITED,270.60,284.40,270.60,284.15,284.40,276.05,,284.15,,,1124,315710.25,65,F1,1,,,,,
2026-09-18,2026-09-18,CM,NSE,STK,17651,INE637C01025,POKARNA,EQ,,,,,POKARNA LIMITED,742.00,760.00,740.00,746.85,757.00,737.50,,746.82,,,86007,64356005.00,5263,F1,1,,,,,
2026-09-18,2026-09-18,CM,NSE,STK,25718,INE205C01021,POLYMED,EQ,,,,,POLY MEDICURE LIMITED,1705.70,1748.00,1704.50,1726.00,1720.10,1712.70,,1726.09,,,150328,259479972.30,14900,F1,1,,,,,
2026-09-18,2026-09-18,CM,NSE,STK,9590,INE455K01017,POLYCAB,EQ,,,,,POLYCAB INDIA LIMITED,8256.00,8400.00,8235.00,8400.00,8400.00,8208.50,,8399.76,,,417221,3475854222.50,36251,F1,1,,,,,
2026-09-18,2026-09-18,CM,NSE,STK,2687,INE633B01018,POLYPLEX,EQ,,,,,POLYPLEX CORPORATION LTD,1091.50,1093.90,1071.20,1079.30,1081.00,1084.90,,1079.30,,,65825,71115370.50,2841,F1,1,,,,,
2026-09-18,2026-09-18,CM,NSE,STK,22711,INE517M01028,POLYSIL,SM,,,,,POLYSIL IRRIGATION SYST L,66.15,66.15,66.15,66.15,66.15,69.60,,66.15,,,4500,297675.00,8,F1,500,,,,,
2026-09-18,2026-09-18,CM,NSE,STK,765150,INE914G01029,POLYSPIN,EQ,,,,,POLYSPIN EXPORTS LTD.,28.25,29.65,28.25,29.60,29.60,29.38,,28.06,,,1363,38910.39,14,F1,1,,,,,
2026-09-18,2026-09-18,CM,NSE,STK,14385,INE063E01061,POCL,EQ,,,,,PONDY OXIDES & CHEM LTD,470.00,476.00,461.10,469.95,476.00,470.25,,469.82,,,298950,139805453.35,9568,F1,1,,,,,
2026-09-18,2026-09-18,CM,NSE,STK,10661,INE838E01017,PONNIERODE,EQ,,,,,PONNIE SUGARS (ERODE) LTD,356.40,361.25,351.60,356.60,354.05,353.15,,356.67,,,9320,3328542.45,751,F1,1,,,,,
2026-09-18,2026-09-18,CM,NSE,STK,11403,INE511C01022,POONAWALLA,EQ,,,,,POONAWALLA FINCORP LTD,434.00,492.00,434.00,479.40,485.00,432.80,,479.48,,,7163603,3355165095.25,142153,F1,1,,,,,
2026-09-18,2026-09-18,CM,NSE,STK,23142,INE772T01024,PVSL,EQ,,,,,POPULAR VEHICLES N SER L,99.50,105.79,98.00,98.77,98.55,98.73,,98.84,,,24445,2431064.90,754,F1,1,,,,,
2026-09-18,2026-09-18,CM,NSE,STK,24864,INE0S3H01017,POSITRON,SM,,,,,POSITRON ENERGY LIMITED,182.10,195.80,182.10,192.55,195.80,185.60,,192.55,,,9900,1877025.00,31,F1,300,,,,,
2026-09-18,2026-09-18,CM,NSE,STK,14299,INE134E01011,PFC,EQ,,,,,POWER FIN CORP LTD.,345.00,347.10,342.55,342.55,342.55,344.95,,342.56,,,11369930,3927782361.70,55268,F1,1,,,,,
2026-09-18,2026-09-18,CM,NSE,STK,14977,INE752E01010,POWERGRID,EQ,,,,,POWER GRID CORP. LTD.,264.60,270.30,263.40,270.30,270.30,263.75,,270.30,,,17896733,4774837717.80,83513,F1,1,,,,,
2026-09-18,2026-09-18,CM,NSE,STK,15716,INE557Z01018,PIGL,EQ,,,,,POWER INSTRUMENT (G) LTD,99.76,102.77,99.11,99.49,99.16,99.76,,99.49,,,20728,2073583.26,371,F1,1,,,,,
2026-09-18,2026-09-18,CM,NSE,STK,10473,INE211R01019,POWERMECH,EQ,,,,,POWER MECH PROJECTS LTD.,2345.20,2392.00,2336.60,2371.40,2374.20,2339.00,,2371.67,,,37848,89673387.80,6093,F1,1,,,,,
2026-09-18,2026-09-18,CM,NSE,STK,3494,INE0GGX23010,PGINVIT,IV,,,,,POWERGRID INFRA. INVITS,101.77,101.99,101.24,101.37,101.35,101.60,,101.38,,,1353682,137285955.44,8338,F1,1,,,,,
2026-09-18,2026-09-18,CM,NSE,STK,761680,INE921L01032,POWERICA,EQ,,,,,POWERICA LIMITED,558.80,581.00,558.80,576.30,575.20,556.70,,576.29,,,141360,81222329.80,5098,F1,1,,,,,
2026-09-18,2026-09-18,CM,NSE,STK,15213,INE095I01015,PPAP,BE,,,,,PPAP AUTOMOTIVE LIMITED,235.00,244.95,233.00,240.60,240.20,235.85,,240.64,,,7134,1718900.90,123,F1,1,,,,,
2026-09-18,2026-09-18,CM,NSE,STK,30134,INE0I0M01023,PRABHA,EQ,,,,,PRABHA ENERGY LIMITED,220.10,236.88,220.10,233.01,233.00,220.77,,233.01,,,262939,60831279.41,5351,F1,1,,,,,
2026-09-18,2026-09-18,CM,NSE,STK,762842,INE770A01010,PRADPME,BE,,,,,PRADEEP METALS LTD.,450.00,464.50,447.75,453.50,462.90,451.00,,453.71,,,3004,1371905.45,37,F1,1,,,,,
2026-09-18,2026-09-18,CM,NSE,STK,2705,INE074A01025,PRAJIND,EQ,,,,,PRAJ INDUSTRIES LTD,317.10,320.00,314.15,316.05,315.15,317.10,,316.05,,,412461,130399051.45,9863,F1,1,,,,,
2026-09-18,2026-09-18,CM,NSE,STK,13941,INE505C01016,PRAENG,EQ,,,,,PRAJAY ENG. SYN. LTD.,22.94,22.94,22.26,22.69,22.75,22.27,,22.68,,,11386,259275.91,142,F1,1,,,,,
2026-09-18,2026-09-18,CM,NSE,STK,2708,INE603A01013,PRAKASH,EQ,,,,,PRAKASH INDUSTRIES LTD,117.60,119.49,116.93,118.51,118.00,116.98,,118.50,,,371984,43940087.75,3897,F1,1,,,,,
2026-09-18,2026-09-18,CM,NSE,STK,10299,INE050001010,PPL,BE,,,,,PRAKASH PIPES LIMITED,271.95,278.00,268.00,268.60,268.00,271.95,,268.68,,,9993,2712679.45,179,F1,1,,,,,
2026-09-18,2026-09-18,CM,NSE,STK,19599,INE696K01024,PRAKASHSTL,EQ,,,,,PRAKASH STEELAGE LTD,3.78,3.84,3.50,3.65,3.66,3.77,,3.66,,,85881,317958.92,323,F1,1,,,,,
2026-09-18,2026-09-18,CM,NSE,STK,18514,INE0O7A01017,PRAMARA,SM,,,,,PRAMARA PROMOTIONS LTD,85.35,86.70,83.50,84.30,84.30,84.50,,84.30,,,29500,2502350.00,38,F1,500,,,,,
2026-09-18,2026-09-18,CM,NSE,STK,765287,INE2JG601017,PRAMODINI,SM,,,,,PRAMODINI MEDICARE LTD,116.80,120.00,116.45,118.20,118.30,115.60,,118.20,,,177600,21024060.00,78,F1,1200,,,,,
2026-09-18,2026-09-18,CM,NSE,STK,766000,INE0H4201019,PRANAV,EQ,,,,,PRANAV CONSTRUCTIONS LTD,110.51,111.59,106.08,107.55,107.41,111.16,,107.55,,,5313844,575614446.23,39659,F1,1,,,,,
2026-09-18,2026-09-18,CM,NSE,STK,766016,INE455U01024,PRASOLCHEM,EQ,,,,,PRASOL CHEMICALS LIMITED,679.00,734.90,675.30,703.40,702.00,678.80,,703.30,,,1150866,817300248.30,53347,F1,1,,,,,
2026-09-18,2026-09-18,CM,NSE,STK,21840,INE393P01035,DIAMONDYD,EQ,,,,,PRATAAP SNACKS LIMITED,1107.00,1122.00,1079.20,1088.10,1084.00,1100.40,,1087.96,,,15018,16460790.30,1204,F1,1,,,,,
2026-09-18,2026-09-18,CM,NSE,STK,23113,INE0QA601016,PRATHAM,SM,,,,,PRATHAM EPC PROJECTS LTD,120.00,121.75,120.00,121.50,121.50,122.00,,121.50,,,5600,680800.00,7,F1,400,,,,,
2026-09-18,2026-09-18,CM,NSE,STK,762844,INE722B01019,PRAVEG,EQ,,,,,PRAVEG LTD.,250.90,253.35,246.00,247.45,246.75,252.05,,247.46,,,37176,9247483.35,1312,F1,1,,,,,
2026-09-18,2026-09-18,CM,NSE,STK,1204,INE546Y01022,PRAXIS,EQ,,,,,PRAXIS HOME RETAIL LTD,4.25,4.29,3.91,4.09,4.07,4.11,,4.09,,,101700,416634.03,290,F1,1,,,,,
2026-09-18,2026-09-18,CM,NSE,STK,12603,INE484I01029,PRECAM,EQ,,,,,PRECISION CAMSHAFTS LTD.,113.83,117.60,113.44,116.41,116.20,113.34,,116.42,,,69491,8007903.10,2049,F1,1,,,,,
2026-09-18,2026-09-18,CM,NSE,STK,7963,INE0HKW01018,PRECISION,ST,,,,,PRECISION METALIKS LTD,6.30,6.30,6.10,6.10,6.10,6.25,,6.10,,,4000,24800.00,2,F1,2000,,,,,
2026-09-18,2026-09-18,CM,NSE,STK,2717,INE372C01037,PRECWIRE,EQ,,,,,PRECISION WIRES INDIA LTD,450.00,488.90,448.55,478.40,481.00,449.25,,478.43,,,1840592,880454666.70,67629,F1,1,,,,,
2026-09-18,2026-09-18,CM,NSE,STK,2711,INE283A01014,PRECOT,EQ,,,,,PRECOT LIMITED,654.90,693.80,654.55,659.65,661.50,655.15,,659.65,,,1317,871446.95,97,F1,1,,,,,
2026-09-18,2026-09-18,CM,NSE,STK,762849,INE001E01012,PREMCO,EQ,,,,,PREMCO GLOBAL LTD.,397.90,404.00,396.25,400.10,400.00,398.85,,400.10,,,209,83908.75,50,F1,1,,,,,
2026-09-18,2026-09-18,CM,NSE,STK,25049,INE0BS701011,PREMIERENE,EQ,,,,,PREMIER ENERGIES LIMITED,880.00,905.80,878.30,902.00,902.00,880.00,,902.00,,,3106714,2781046065.00,54929,F1,1,,,,,
2026-09-18,2026-09-18,CM,NSE,STK,17397,INE863B01029,PREMEXPLN,EQ,,,,,PREMIER EXPLOSIVES LTD,668.40,670.90,668.10,668.25,668.20,668.15,,668.25,,,60147,40228314.70,1424,F1,1,,,,,
2026-09-18,2026-09-18,CM,NSE,STK,6248,INE342A01018,PREMIER,BE,,,,,PREMIER LIMITED,2.68,2.78,2.56,2.78,2.78,2.66,,2.78,,,24991,65597.38,33,F1,1,,,,,
2026-09-18,2026-09-18,CM,NSE,STK,3908,INE309M01020,PREMIERPOL,EQ,,,,,PREMIER POLYFILM LTD,82.55,84.90,80.05,81.43,80.66,82.33,,81.40,,,131946,10789244.25,2311,F1,1,,,,,
2026-09-18,2026-09-18,CM,NSE,STK,23764,INE0CFG01012,PRLIND,SM,,,,,PREMIER ROADLINES LIMITED,41.25,42.20,41.25,41.50,41.50,41.70,,41.50,,,18000,752750.00,14,F1,1000,,,,,
2026-09-18,2026-09-18,CM,NSE,STK,25898,INE0M1F01011,PREMIUM,SM,,,,,PREMIUM PLAST LIMITED,38.60,38.60,38.60,38.60,38.60,39.95,,38.60,,,3000,115800.00,1,F1,3000,,,,,
2026-09-18,2026-09-18,CM,NSE,STK,20498,INE0R1601012,PRESSTONIC,SM,,,,,PRESSTONIC ENGINEERING L,29.95,30.55,29.70,29.95,30.00,29.70,,29.95,,,12800,383600.00,13,F1,800,,,,,
2026-09-18,2026-09-18,CM,NSE,STK,20302,INE811K01011,PRESTIGE,EQ,,,,,PRESTIGE ESTATE LTD,1447.00,1471.60,1435.10,1435.10,1435.10,1440.10,,1435.11,,,562624,818084803.10,22307,F1,1,,,,,
2026-09-18,2026-09-18,CM,NSE,STK,19631,INE726V01018,PRICOLLTD,EQ,,,,,PRICOL LIMITED,752.50,778.00,752.05,767.50,769.80,752.50,,767.54,,,280279,215636380.70,15642,F1,1,,,,,
2026-09-18,2026-09-18,CM,NSE,STK,759075,INE0CQA01020,PRIMECAB,ST,,,,,PRIME CABLE INDUSTRIES L,166.00,170.95,163.00,163.90,163.00,164.85,,163.90,,,32000,5330080.00,19,F1,1600,,,,,
2026-09-18,2026-09-18,CM,NSE,STK,13496,INE367G01038,PFOCUS,EQ,,,,,PRIME FOCUS LIMITED,335.00,347.25,334.90,344.35,344.25,334.95,,344.36,,,5344944,1828499996.85,47963,F1,1,,,,,
2026-09-18,2026-09-18,CM,NSE,STK,11864,INE032B01021,PRIMESECU,EQ,,,,,PRIME SECURITIES LIMITED,296.50,301.00,289.00,296.85,298.90,294.05,,298.05,,,24904,7374135.05,641,F1,1,,,,,
2026-09-18,2026-09-18,CM,NSE,STK,756925,INE607A01022,PRIMO,EQ,,,,,PRIMO CHEMICALS LIMITED,21.46,21.95,21.25,21.35,21.25,21.28,,21.35,,,58854,1261076.68,373,F1,1,,,,,
2026-09-18,2026-09-18,CM,NSE,STK,16045,INE689W01016,PRINCEPIPE,EQ,,,,,PRINCE PIPES FITTINGS LTD,259.70,274.90,257.55,269.80,270.40,258.70,,269.80,,,268881,71905867.15,7278,F1,1,,,,,
2026-09-18,2026-09-18,CM,NSE,STK,765559,INE15EH01014,PRIORITY,BE,,,,,PRIORITY JEWELS LIMITED,219.89,232.22,217.10,232.06,232.22,221.17,,231.95,,,229769,52567152.23,1694,F1,1,,,,,
2026-09-18,2026-09-18,CM,NSE,STK,2739,INE010A01011,PRSMJOHNSN,EQ,,,,,PRISM JOHNSON LIMITED,113.44,118.48,113.18,117.05,116.75,113.44,,117.06,,,685410,80012161.19,11077,F1,1,,,,,
2026-09-18,2026-09-18,CM,NSE,STK,765155,INE286N01028,PRISMX,EQ,,,,,PRISMX GLOBAL VENTURES L,0.55,0.56,0.53,0.55,0.56,0.54,,0.55,,,63127,34636.84,103,F1,1,,,,,
2026-09-18,2026-09-18,CM,NSE,STK,8304,INE974Z01015,PRITI,EQ,,,,,PRITI INTERNATIONAL LTD,34.49,34.49,33.00,33.43,33.00,32.97,,33.43,,,3423,113708.04,140,F1,1,,,,,
2026-09-18,2026-09-18,CM,NSE,STK,5296,INE583R01029,PRITIKAUTO,BE,,,,,PRITIKA AUTO INDUS LTD,14.45,14.99,14.45,14.82,14.85,14.63,,14.83,,,71658,1063381.29,254,F1,1,,,,,
2026-09-18,2026-09-18,CM,NSE,STK,12971,INE0MJQ01020,PRITIKA,SM,,,,,PRITIKA ENG COMPO LTD,71.20,71.80,64.00,65.00,65.00,64.50,,65.00,,,50000,3466800.00,12,F1,2000,,,,,
2026-09-18,2026-09-18,CM,NSE,STK,8825,INE959A01019,PRIVISCL,EQ,,,,,PRIVI SPECIALITY CHE LTD,3474.00,3503.90,3435.40,3444.90,3445.00,3490.80,,3444.91,,,27058,93862056.10,7510,F1,1,,,,,
2026-09-18,2026-09-18,CM,NSE,STK,24511,INE0V9N01017,PRIZOR,ST,,,,,PRIZOR VIZTECH LIMITED,1106.90,1106.90,1106.90,1106.90,1106.90,1129.45,,1106.90,,,6800,7526920.00,17,F1,400,,,,,
2026-09-18,2026-09-18,CM,NSE,STK,757806,INE0VJT01017,PROFX,SM,,,,,PRO FX TECH LIMITED,71.10,71.10,71.10,71.10,71.10,71.10,,71.10,,,1600,113760.00,1,F1,1600,,,,,
2026-09-18,2026-09-18,CM,NSE,STK,940,INE199A01012,PGHL,EQ,,,,,PROCTER & GAMBLE HEALTH L,5455.00,5529.00,5434.00,5503.50,5520.00,5434.50,,5503.49,,,5754,31538048.00,1956,F1,1,,,,,
2026-09-18,2026-09-18,CM,NSE,STK,764345,INE1FFX01018,PROPSHOP,SM,,,,,PROPSHOP EVENTS AND EXH L,73.00,75.00,71.85,74.50,75.00,71.70,,74.50,,,128000,9474400.00,57,F1,2000,,,,,
2026-09-18,2026-09-18,CM,NSE,STK,758173,INE0BX301013,PROSTARM,EQ,,,,,PROSTARM INFO SYSTEMS LTD,130.50,132.33,128.50,129.53,128.50,131.01,,129.52,,,162723,21143977.41,2661,F1,1,,,,,
2026-09-18,2026-09-18,CM,NSE,STK,29472,INE004A01022,PROTEAN,EQ,,,,,PROTEAN EGOV TECHNO LTD,492.00,495.00,487.30,490.30,489.50,488.95,,490.29,,,138117,67746692.75,4805,F1,1,,,,,
2026-09-18,2026-09-18,CM,NSE,STK,16483,INE0ONE01016,PROV,SM,,,,,PROVENTUS AGROCOM LIMITED,1875.00,1954.00,1875.00,1951.35,1954.00,1849.00,,1951.35,,,2560,4934140.00,31,F1,80,,,,,
2026-09-18,2026-09-18,CM,NSE,STK,28859,INE195N01013,PROZONER,EQ,,,,,PROZONE REALTY LIMITED,53.59,53.98,52.10,53.17,53.50,53.60,,53.17,,,159033,8412225.77,1229,F1,1,,,,,
2026-09-18,2026-09-18,CM,NSE,STK,9553,INE00F201020,PRUDENT,EQ,,,,,PRUDENT CORP ADV SER LTD,3309.70,3544.10,3309.70,3501.60,3486.20,3320.20,,3501.57,,,57792,201489082.60,10722,F1,1,,,,,
2026-09-18,2026-09-18,CM,NSE,STK,20528,INE024D01016,PRUDMOULI,BE,,,,,PRUDENTIAL SUGAR CORPORAT,14.68,14.75,14.10,14.27,14.47,14.67,,14.30,,,1006,14348.95,19,F1,1,,,,,
2026-09-18,2026-09-18,CM,NSE,STK,20877,INE488V01015,PSPPROJECT,EQ,,,,,PSP PROJECTS LIMITED,819.20,820.00,799.00,810.10,809.95,812.20,,810.12,,,59163,47834750.90,3008,F1,1,,,,,
2026-09-18,2026-09-18,CM,NSE,STK,22602,INE560K01014,PFS,EQ,,,,,PTC INDIA FIN SERV LTD,26.58,26.79,26.07,26.17,26.12,26.34,,26.17,,,503737,13208015.65,2462,F1,1,,,,,
2026-09-18,2026-09-18,CM,NSE,STK,11355,INE877F01012,PTC,EQ,,,,,PTC INDIA LIMITED,156.45,157.00,153.80,156.23,155.94,155.93,,156.23,,,1628957,252837352.32,22155,F1,1,,,,,
2026-09-18,2026-09-18,CM,NSE,STK,16682,INE596F01018,PTCIL,EQ,,,,,PTC INDUSTRIES LIMITED,22835.00,23395.00,22700.00,22805.00,22750.00,22670.00,,22804.98,,,28545,657903055.00,12588,F1,1,,,,,
2026-09-18,2026-09-18,CM,NSE,STK,14101,INE034D01049,PTL,EQ,,,,,PTL ENTERPRISES LTD,38.49,38.75,38.10,38.33,38.30,38.09,,38.33,,,49373,1891065.35,940,F1,1,,,,,
2026-09-18,2026-09-18,CM,NSE,STK,15377,INE865T01018,PDMJEPAPER,EQ,,,,,PUDUMJEE PAPER PRO. LTD,103.50,103.94,100.43,101.59,101.28,102.41,,101.58,,,236098,24131165.39,3796,F1,1,,,,,
2026-09-18,2026-09-18,CM,NSE,STK,21001,INE608A01012,PSB,EQ,,,,,PUNJAB & SIND BANK,21.90,22.24,21.65,22.10,22.20,21.86,,22.10,,,1335054,29298068.53,5256,F1,1,,,,,
2026-09-18,2026-09-18,CM,NSE,STK,4344,INE277B01014,PUNJABCHEM,EQ,,,,,PUNJAB CHEM & CROP PROT L,1063.40,1090.90,1058.00,1075.70,1073.00,1062.70,,1075.66,,,8955,9615754.40,668,F1,1,,,,,
2026-09-18,2026-09-18,CM,NSE,STK,10666,INE160A01022,PNB,EQ,,,,,PUNJAB NATIONAL BANK,117.00,117.50,116.50,117.27,117.27,116.47,,117.27,,,16061334,1880931611.16,42674,F1,1,,,,,
2026-09-18,2026-09-18,CM,NSE,STK,14922,INE323I01011,PURVA,EQ,,,,,PURAVANKARA LIMITED,218.85,219.32,211.21,213.43,211.70,218.23,,213.44,,,298969,64248003.16,6326,F1,1,,,,,
2026-09-18,2026-09-18,CM,NSE,STK,765568,INE0I1B01016,PERNIASPOP,EQ,,,,,PURPLE STYLE LABS LIMITED,554.40,554.40,537.00,546.45,547.00,554.50,,546.45,,,102495,55707210.00,4434,F1,1,,,,,
2026-09-18,2026-09-18,CM,NSE,STK,28044,INE0P5R01014,PURPLEUTED,ST,,,,,PURPLE UNITED SALES LTD,457.00,459.50,430.05,450.00,450.00,441.95,,450.00,,,22500,10141562.50,70,F1,250,,,,,
2026-09-18,2026-09-18,CM,NSE,STK,22938,INE0R6C01012,PURVFLEXI,SM,,,,,PURV FLEXIPACK LIMITED,43.90,44.40,43.90,44.40,44.40,43.90,,44.40,,,4800,211520.00,5,F1,800,,,,,
2026-09-18,2026-09-18,CM,NSE,STK,757683,INE154801018,PUSHPA,SM,,,,,PUSHPA JEWELLERS LIMITED,104.00,108.00,104.00,108.00,108.00,104.00,,108.00,,,61000,6416700.00,61,F1,1000,,,,,
2026-09-18,2026-09-18,CM,NSE,STK,4010,INE362A01016,PVP,EQ,,,,,PVP VENTURES LIMITED,58.20,59.80,57.70,59.28,59.18,57.05,,59.30,,,618141,36382349.46,3753,F1,1,,,,,
2026-09-18,2026-09-18,CM,NSE,STK,13147,INE191H01014,PVRINOX,EQ,,,,,PVR INOX LIMITED,1277.50,1339.80,1270.00,1324.70,1328.80,1272.70,,1324.85,,,1050636,1378059704.90,42876,F1,1,,,,,
2026-09-18,2026-09-18,CM,NSE,STK,18250,INE0MIS01010,PYRAMID,EQ,,,,,PYRAMID TECHNOPLAST LTD,155.69,157.00,153.64,154.49,153.64,154.56,,154.49,,,17225,2673430.63,394,F1,1,,,,,
2026-09-18,2026-09-18,CM,NSE,STK,763594,INE1G2W01011,QLINE,SM,,,,,Q-LINE BIOTECH LIMITED,727.00,729.95,695.00,696.95,700.00,722.10,,696.95,,,37200,26347600.00,86,F1,400,,,,,
2026-09-18,2026-09-18,CM,NSE,STK,751653,INE0FMW01018,QMSMEDI,BE,,,,,QMS MEDICAL ALLIED S LTD,171.99,177.36,168.92,177.36,177.36,168.92,,177.36,,,86775,15270460.68,276,F1,1,,,,,
2026-09-18,2026-09-18,CM,NSE,STK,5875,INE0GOJ01027,QUADPRO,ST,,,,,QUADPRO ITES LIMITED,3.25,3.25,3.25,3.25,3.25,3.10,,3.25,,,12000,39000.00,1,F1,12000,,,,,
2026-09-18,2026-09-18,CM,NSE,STK,29087,INE0LRY01011,QUADFUTURE,EQ,,,,,QUADRANT FUTURE TEK LTD,519.70,554.40,516.20,528.20,525.50,521.50,,528.24,,,1647848,886266342.30,45515,F1,1,,,,,
2026-09-18,2026-09-18,CM,NSE,STK,765988,INE1XJ401012,QUALIANCE,ST,,,,,QUALIANCE INTERNATIONAL L,192.35,192.35,192.35,192.35,192.35,202.45,,192.35,,,17000,3269950.00,15,F1,1000,,,,,
2026-09-18,2026-09-18,CM,NSE,STK,29711,INE0SII01026,QPOWER,EQ,,,,,QUALITY POWER ELEC EQUP L,1498.00,1544.00,1489.90,1536.10,1535.00,1489.80,,1536.09,,,298373,453755958.00,19548,F1,1,,,,,
2026-09-18,2026-09-18,CM,NSE,STK,15330,INF082J01408,QGOLDHALF,EQ,,,,,QUANTUM GOLD ETF,125.99,127.18,125.75,126.67,126.64,124.65,,126.67,,,110831,14009309.51,773,F1,1,,,,,
2026-09-18,2026-09-18,CM,NSE,STK,16819,INF082J01499,QNIFTY,EQ,,,,,QUANTUM NIFTY 50 ETF,259.90,259.90,255.00,257.62,257.60,257.24,,257.65,,,1691,434953.95,131,F1,1,,,,,
2026-09-18,2026-09-18,CM,NSE,STK,765392,INF966L01EI5,SILVER001,EQ,,,,,QUANT_AMC - SILVER001,23.50,23.79,23.01,23.78,23.79,22.94,,23.78,,,53082,1252935.55,72,F1,1,,,,,
2026-09-18,2026-09-18,CM,NSE,STK,17704,INE615P01015,QUESS,EQ,,,,,QUESS CORP LIMITED,355.00,355.10,345.10,351.65,353.20,353.00,,351.63,,,799867,280533807.05,23556,F1,1,,,,,
2026-09-18,2026-09-18,CM,NSE,STK,23793,INE0TNW01017,QUESTLAB,SM,,,,,QUEST LABORATORIES LTD,75.30,77.90,74.05,74.25,74.50,77.30,,74.25,,,25200,1896780.00,20,F1,1200,,,,,
2026-09-18,2026-09-18,CM,NSE,STK,13116,INE306L01010,QUICKHEAL,EQ,,,,,QUICK HEAL TECH LTD,153.98,158.89,151.20,152.46,152.64,152.37,,152.46,,,136800,21138467.67,3048,F1,1,,,,,
2026-09-18,2026-09-18,CM,NSE,STK,15285,INE0K4D01020,QUICKTOUCH,SM,,,,,QUICKTOUCH TECHNOLOGIES L,17.00,17.00,17.00,17.00,17.00,16.20,,17.00,,,1500,25500.00,3,F1,500,,,,,
2026-09-18,2026-09-18,CM,NSE,STK,762854,INE641R01017,QUINT,EQ,,,,,QUINT DIGITAL LTD.,67.52,70.02,58.56,70.02,70.02,63.66,,70.02,,,668824,46136335.14,3241,F1,1,,,,,
2026-09-18,2026-09-18,CM,NSE,STK,23043,INE0NQ801033,RKSWAMY,EQ,,,,,R K SWAMY LIMITED,90.25,90.69,88.21,89.40,88.63,88.06,,89.41,,,15782,1410881.94,543,F1,1,,,,,
2026-09-18,2026-09-18,CM,NSE,STK,757836,INE219Y01026,RMDRIP,BE,,,,,R M DRIP & SPRINK SYS LTD,23.00,23.44,21.99,22.19,22.50,23.01,,22.21,,,508940,11529883.89,656,F1,1,,,,,
2026-09-18,2026-09-18,CM,NSE,STK,762864,INE951M01037,RRIL,EQ,,,,,R R I L LTD.,16.04,16.28,15.36,15.55,15.58,15.96,,15.54,,,36153,562380.80,254,F1,1,,,,,
2026-09-18,2026-09-18,CM,NSE,STK,18566,INE777K01022,RRKABEL,EQ,,,,,R R KABEL LIMITED,2390.00,2457.00,2382.60,2450.80,2439.60,2390.50,,2450.79,,,373286,908345004.90,34850,F1,1,,,,,
2026-09-18,2026-09-18,CM,NSE,STK,762872,INE616F01022,RSDFIN,BE,,,,,R S D FINANCE LTD.,90.00,97.40,88.42,92.87,92.87,93.00,,89.74,,,596,54400.09,21,F1,1,,,,,
2026-09-18,2026-09-18,CM,NSE,STK,13414,INE411H01032,RSYSTEMS,EQ,,,,,R SYS INTERNATIONAL LTD,246.40,247.00,241.47,242.15,241.95,245.78,,242.14,,,107484,26162710.83,2840,F1,1,,,,,
2026-09-18,2026-09-18,CM,NSE,STK,764855,INE005C01017,RTSPOWR,EQ,,,,,R T S POWER CORPN. LTD.,89.95,89.95,85.05,87.28,87.50,86.79,,87.52,,,1654,144002.03,31,F1,1,,,,,
2026-09-18,2026-09-18,CM,NSE,STK,758984,INE012Q01039,RNBDENIMS,BE,,,,,R&B DENIMS LIMITED,9.40,9.60,8.92,8.96,8.92,9.38,,8.95,,,298753,2696897.81,546,F1,1,,,,,
2026-09-18,2026-09-18,CM,NSE,STK,6429,INE165B01029,RSSOFTWARE,EQ,,,,,R. S. SOFTWARE (INDIA) LI,29.70,30.69,29.70,30.26,30.20,30.00,,30.26,,,5384,162775.28,72,F1,1,,,,,
2026-09-18,2026-09-18,CM,NSE,STK,20760,INE324L01013,RPPINFRA,EQ,,,,,R.P.P INFRA PROJECTS LTD,54.48,54.99,53.45,53.81,53.59,54.79,,53.81,,,44911,2423689.47,925,F1,1,,,,,
2026-09-18,2026-09-18,CM,NSE,STK,762244,INE2PB023011,RIIT,IV,,,,,RAAJMARG INFRA INVEST T,119.99,120.25,119.00,119.99,120.00,119.98,,119.99,,,291718,35000565.76,1862,F1,1,,,,,
2026-09-18,2026-09-18,CM,NSE,STK,15391,INE084Q01012,RACE,EQ,,,,,RACE ECO CHAIN LIMITED,96.92,97.42,96.66,96.80,96.67,96.77,,96.95,,,11689,1134358.83,69,F1,1,,,,,
2026-09-18,2026-09-18,CM,NSE,STK,9854,INE02OY01016,RILINFRA,SM,,,,,RACHANA INFRA LTD,32.95,33.50,32.40,32.45,32.40,32.75,,32.45,,,7300,240275.00,44,F1,100,,,,,
2026-09-18,2026-09-18,CM,NSE,STK,27171,INE704B01017,RACLGEAR,EQ,,,,,RACL GEARTECH LIMITED,1844.00,1844.00,1750.00,1760.90,1763.00,1829.00,,1760.92,,,49043,87709515.60,6644,F1,1,,,,,
2026-09-18,2026-09-18,CM,NSE,STK,10932,INE874F01027,RADAAN,EQ,,,,,RADAAN MEDIAWORKS (I) LTD,2.90,2.90,2.75,2.80,2.80,2.80,,2.80,,,12431,34824.57,43,F1,1,,,,,
2026-09-18,2026-09-18,CM,NSE,STK,10347,INE583V01021,RADHIKAJWE,BE,,,,,RADHIKA JEWELTECH LIMITED,68.75,71.52,66.00,71.24,71.52,68.12,,71.16,,,703327,48398352.48,3981,F1,1,,,,,
2026-09-18,2026-09-18,CM,NSE,STK,13580,INE855R01021,RADIANTCMS,EQ,,,,,RADIANT CASH MGMT SER LTD,36.00,36.69,35.26,35.42,35.42,36.26,,35.42,,,252590,9050372.58,2181,F1,1,,,,,
2026-09-18,2026-09-18,CM,NSE,STK,10990,INE944F01028,RADICO,EQ,,,,,RADICO KHAITAN LTD,4381.00,4535.40,4381.00,4535.40,4535.40,4380.00,,4535.37,,,371544,1668131281.90,24186,F1,1,,,,,
2026-09-18,2026-09-18,CM,NSE,STK,23445,INE430U01019,RADIOWALLA,ST,,,,,RADIOWALLA NETWORK LTD,25.20,26.45,25.20,26.45,26.45,25.20,,26.45,,,3200,82640.00,2,F1,1600,,,,,
2026-09-18,2026-09-18,CM,NSE,STK,24735,INE912T01018,RPEL,EQ,,,,,RAGHAV PRODUCTIVITY ENH L,1646.10,1678.60,1615.10,1652.40,1642.00,1654.30,,1652.26,,,80692,132803501.00,9101,F1,1,,,,,
2026-09-18,2026-09-18,CM,NSE,STK,9552,INE415G01027,RVNL,EQ,,,,,RAIL VIKAS NIGAM LIMITED,201.80,214.29,200.78,214.29,214.29,201.70,,214.26,,,9469057,1967516274.43,59534,F1,1,,,,,
2026-09-18,2026-09-18,CM,NSE,STK,2431,INE0DD101019,RAILTEL,EQ,,,,,RAILTEL CORP OF IND LTD,260.50,266.90,258.30,265.00,266.00,259.25,,264.99,,,631938,166211809.15,14849,F1,1,,,,,
2026-09-18,2026-09-18,CM,NSE,STK,15337,INE855B01025,RAIN,EQ,,,,,RAIN INDUSTRIES LIMITED,203.00,209.00,202.41,206.92,206.70,203.02,,206.92,,,2370944,490799203.82,18207,F1,1,,,,,
2026-09-18,2026-09-18,CM,NSE,STK,9408,INE961O01016,RAINBOW,EQ,,,,,RAINBOW CHILDRENS MED LTD,1473.40,1494.90,1447.40,1454.70,1454.60,1473.40,,1454.68,,,99805,146241294.00,14928,F1,1,,,,,
2026-09-18,2026-09-18,CM,NSE,STK,359,INE294G01026,ROML,EQ,,,,,RAJ OIL MILLS LIMITED,41.00,42.23,41.00,41.35,41.36,41.42,,41.35,,,1373,56619.36,29,F1,1,,,,,
2026-09-18,2026-09-18,CM,NSE,STK,8428,INE533D01032,RAJRILTD,BE,,,,,RAJ RAYON INDUSTRIES LTD,21.00,21.46,20.71,20.82,21.19,21.07,,20.82,,,5414,113175.02,63,F1,1,,,,,
2026-09-18,2026-09-18,CM,NSE,STK,14403,INE952H01027,RAJTV,EQ,,,,,RAJ TV NETWORK LTD,8.73,8.78,8.40,8.60,8.60,8.56,,8.60,,,26834,233565.74,132,F1,1,,,,,
2026-09-18,2026-09-18,CM,NSE,STK,762859,INE296E01026,RAJPALAYAM,EQ,,,,,RAJAPALAYAM MILLS LTD.,787.70,798.85,765.20,790.65,792.00,771.25,,789.46,,,350,275950.40,40,F1,1,,,,,
2026-09-18,2026-09-18,CM,NSE,STK,181,INE610C01014,ARENTERP,EQ,,,,,RAJDARSHAN INDUSTRIES LTD,35.30,35.30,33.02,33.02,33.02,34.20,,33.02,,,287,9956.48,24,F1,1,,,,,
2026-09-18,2026-09-18,CM,NSE,STK,760461,INE343B01030,RAJESHEXPO,BZ,,,,,RAJESH EXPORTS LTD,73.50,76.99,69.76,70.83,69.76,73.43,,70.85,,,1392319,99172610.55,10033,F1,1,,,,,
2026-09-18,2026-09-18,CM,NSE,STK,765445,INE0BZQ20011,RCDL-RE,ST,,,,,RAJGOR CAST DERIVATI LTD,2.20,2.75,2.20,2.45,2.65,2.45,,2.45,,,966000,2333250.00,70,F1,3000,,,,,
2026-09-18,2026-09-18,CM,NSE,STK,19681,INE0BZQ01011,RCDL,SM,,,,,RAJGOR CASTOR DERIVATI L,13.75,13.75,13.40,13.45,13.45,14.10,,13.45,,,33000,445500.00,11,F1,3000,,,,,
2026-09-18,2026-09-18,CM,NSE,STK,2168,INE00KV01022,RAJMET,EQ,,,,,RAJNANDINI METAL LIMITED,3.15,3.16,3.09,3.15,3.12,3.12,,3.15,,,227668,712805.06,595,F1,1,,,,,
2026-09-18,2026-09-18,CM,NSE,STK,757052,INE535F01024,RAJOOENG,BE,,,,,RAJOO ENGINEERS LIMITED,53.98,54.18,51.30,52.99,53.10,53.30,,52.97,,,145991,7708891.21,565,F1,1,,,,,
2026-09-18,2026-09-18,CM,NSE,STK,27269,INE0VHU01019,RAJPUTANA,SM,,,,,RAJPUTANA BIODIESEL LTD,197.00,203.00,195.25,199.35,198.00,200.00,,199.35,,,7000,1388350.00,14,F1,500,,,,,
2026-09-18,2026-09-18,CM,NSE,STK,24707,INE0PCU01012,RAJINDLTD,SM,,,,,RAJPUTANA INDUSTRIES LTD,62.60,62.60,61.05,61.50,61.50,60.35,,61.50,,,18000,1111425.00,12,F1,1500,,,,,
2026-09-18,2026-09-18,CM,NSE,STK,761439,INE313L01016,RSL,EQ,,,,,RAJPUTANA STAINLESS LTD,183.33,185.34,178.75,181.21,183.00,180.63,,181.14,,,149175,27145161.46,4017,F1,1,,,,,
2026-09-18,2026-09-18,CM,NSE,STK,18962,INE451D01029,RAJRATAN,EQ,,,,,RAJRATAN GLOBAL WIRE LTD,440.30,461.25,440.30,452.60,457.55,438.10,,452.68,,,152140,69045391.90,8905,F1,1,,,,,
2026-09-18,2026-09-18,CM,NSE,STK,6915,INE760W01023,RPPL,BE,,,,,RAJSHREE POLYPACK LTD,21.51,21.60,20.24,20.24,20.24,21.30,,20.24,,,68559,1393468.84,139,F1,1,,,,,
2026-09-18,2026-09-18,CM,NSE,STK,2809,INE562B01019,RAJSREESUG,EQ,,,,,RAJSHREE SUGAR & CHEMICAL,31.99,32.24,31.40,31.87,32.00,31.99,,31.87,,,21536,682729.22,309,F1,1,,,,,
2026-09-18,2026-09-18,CM,NSE,STK,2816,INE613A01020,RALLIS,EQ,,,,,RALLIS INDIA LTD,204.00,204.74,202.00,203.80,204.00,204.14,,203.80,,,510589,103825154.11,14743,F1,1,,,,,
2026-09-18,2026-09-18,CM,NSE,STK,10485,INE207E01023,RAMRAT,EQ,,,,,RAM RATNA WIRES LIMITED,561.00,564.80,552.65,554.75,552.85,557.60,,554.74,,,145032,80849850.40,9123,F1,1,,,,,
2026-09-18,2026-09-18,CM,NSE,STK,10568,INE809A01032,RAMAPHO,EQ,,,,,RAMA PHOSPHATES LIMITED,116.70,121.88,116.70,120.87,121.00,116.90,,120.87,,,11362,1368052.35,371,F1,1,,,,,
2026-09-18,2026-09-18,CM,NSE,STK,10304,INE230R01035,RAMASTEEL,BE,,,,,RAMA STEEL TUBES LIMITED,4.19,4.31,4.04,4.28,4.28,4.11,,4.28,,,4510946,19120557.23,4221,F1,1,,,,,
2026-09-18,2026-09-18,CM,NSE,STK,4587,INE614A01028,RAMCOIND,EQ,,,,,RAMCO INDUSTRIES LIMITED,320.90,334.80,316.00,332.10,333.25,320.90,,332.19,,,174010,56657226.75,3823,F1,1,,,,,
2026-09-18,2026-09-18,CM,NSE,STK,7851,INE246B01019,RAMCOSYS,EQ,,,,,RAMCO SYSTEMS LTD.,563.00,570.00,557.00,567.25,567.00,564.85,,567.11,,,51781,29231690.15,2403,F1,1,,,,,
2026-09-18,2026-09-18,CM,NSE,STK,23565,INE0RJH01010,RBS,SM,,,,,RAMDEVBABA SOLVENT LTD,84.50,84.50,83.00,83.00,83.00,83.50,,83.00,,,2400,200400.00,3,F1,800,,,,,
2026-09-18,2026-09-18,CM,NSE,STK,11411,INE399G01023,RKFORGE,EQ,,,,,RAMKRISHNA FORGINGS LTD,709.00,728.00,705.45,724.10,724.75,705.45,,724.07,,,469398,339015476.65,16474,F1,1,,,,,
2026-09-18,2026-09-18,CM,NSE,STK,20134,INE874I01013,RAMKY,EQ,,,,,RAMKY INFRA LTD,319.40,324.80,317.00,319.35,318.00,320.70,,319.30,,,46321,14830996.75,1135,F1,1,,,,,
2026-09-18,2026-09-18,CM,NSE,STK,2837,INE625B01014,RANASUG,EQ,,,,,RANA SUGARS LTD.,14.61,14.74,14.26,14.43,14.36,14.70,,14.43,,,403187,5836213.69,1455,F1,1,,,,,
2026-09-18,2026-09-18,CM,NSE,STK,11975,INE050H01012,RML,EQ,,,,,RANE (MADRAS) LIMITED,1281.80,1340.00,1248.20,1324.50,1330.50,1281.80,,1324.45,,,89211,115631087.40,8436,F1,1,,,,,
2026-09-18,2026-09-18,CM,NSE,STK,2844,INE384A01010,RANEHOLDIN,EQ,,,,,RANE HOLDINGS LIMITED,1618.90,1620.00,1530.90,1598.40,1598.80,1626.30,,1598.37,,,45929,72665495.10,3726,F1,1,,,,,
2026-09-18,2026-09-18,CM,NSE,STK,30460,INE0QX901013,RAPIDFLEET,SM,,,,,RAPID FLEET MGT SERVICE L,215.50,215.65,208.60,209.25,208.60,212.15,,209.25,,,12000,2556630.00,17,F1,600,,,,,
2026-09-18,2026-09-18,CM,NSE,STK,25610,INE0MVO01012,RAPPID,SM,,,,,RAPPID VALVES (INDIA) LTD,368.50,374.00,329.00,365.90,372.00,368.50,,365.90,,,22800,8093790.00,35,F1,600,,,,,
2026-09-18,2026-09-18,CM,NSE,STK,22670,INE0J1F01024,RPTECH,EQ,,,,,RASHI PERIPHERALS LIMITED,806.80,817.00,790.25,798.05,796.50,806.80,,798.04,,,162620,130378675.00,13168,F1,1,,,,,
2026-09-18,2026-09-18,CM,NSE,STK,2866,INE027A01015,RCF,EQ,,,,,RASHTRIYA CHEMICALS & FER,109.90,110.28,107.60,109.08,109.15,109.84,,109.08,,,961339,104360164.37,9521,F1,1,,,,,
2026-09-18,2026-09-18,CM,NSE,STK,7177,INE0CLI01024,RATEGAIN,EQ,,,,,RATEGAIN TRAVEL TECHN LTD,865.80,873.85,850.10,858.40,852.00,865.45,,858.39,,,539083,463121688.70,23894,F1,1,,,,,
2026-09-18,2026-09-18,CM,NSE,STK,13451,INE703B01027,RATNAMANI,EQ,,,,,RATNAMANI MET & TUB LTD.,2702.60,2897.40,2701.60,2859.10,2864.90,2702.60,,2859.37,,,64084,180362020.80,10210,F1,1,,,,,
2026-09-18,2026-09-18,CM,NSE,STK,18423,INE05CZ01011,RATNAVEER,EQ,,,,,RATNAVEER PRECISION ENG L,305.75,331.95,297.80,299.25,300.50,303.85,,299.27,,,9860141,3067080345.00,92768,F1,1,,,,,
2026-09-18,2026-09-18,CM,NSE,STK,27297,INE834M01019,RTNINDIA,EQ,,,,,RATTANINDIA ENT LIMITED,26.40,26.75,26.33,26.54,26.51,26.37,,26.54,,,1216905,32241147.61,5732,F1,1,,,,,
2026-09-18,2026-09-18,CM,NSE,STK,17520,INE399K01017,RTNPOWER,EQ,,,,,RATTANINDIA POWER LIMITED,7.06,7.19,7.01,7.14,7.18,7.06,,7.14,,,19172063,136000389.94,12229,F1,1,,,,,
2026-09-18,2026-09-18,CM,NSE,STK,20950,INE722J01012,RKDL,EQ,,,,,RAVI KUMAR DIST. LTD.,18.21,18.70,18.21,18.49,18.45,18.30,,18.39,,,14459,268149.40,76,F1,1,,,,,
2026-09-18,2026-09-18,CM,NSE,STK,1565,INE09E501017,RVHL,EQ,,,,,RAVINDER HEIGHTS LIMITED,39.66,40.37,38.31,39.48,39.50,38.70,,39.48,,,1514,59601.40,34,F1,1,,,,,
2026-09-18,2026-09-18,CM,NSE,STK,24596,INE206N01018,RELTD,EQ,,,,,RAVINDRA ENERGY LIMITED,148.00,148.92,144.91,147.59,146.00,146.16,,147.47,,,88630,13037065.73,1466,F1,1,,,,,
2026-09-18,2026-09-18,CM,NSE,STK,25073,INE02ID01020,RAYMONDLSL,EQ,,,,,RAYMOND LIFESTYLE LIMITED,659.90,665.95,645.05,648.35,648.00,657.25,,648.33,,,123035,80436196.80,6238,F1,1,,,,,
2026-09-18,2026-09-18,CM,NSE,STK,2859,INE301A01014,RAYMOND,EQ,,,,,RAYMOND LTD,982.00,1008.65,970.00,978.00,973.45,978.20,,978.00,,,2069600,2049480803.60,68707,F1,1,,,,,
2026-09-18,2026-09-18,CM,NSE,STK,758551,INE1SY401010,RAYMONDREL,EQ,,,,,RAYMOND REALTY LIMITED,587.00,602.35,584.80,588.30,588.00,584.55,,588.30,,,381357,226357542.05,11882,F1,1,,,,,
2026-09-18,2026-09-18,CM,NSE,STK,765937,INE1FCO01014,MOMSBELIEF,BE,,,,,RAYS OF BELIEF LIMITED,216.04,226.00,213.72,223.73,225.00,216.04,,223.58,,,90045,19855819.33,710,F1,1,,,,,
2026-09-18,2026-09-18,CM,NSE,STK,18391,INE976G01028,RBLBANK,EQ,,,,,RBL BANK LIMITED,406.15,415.90,405.00,415.90,415.90,404.15,,415.90,,,3792806,1557295512.75,60924,F1,1,,,,,
2026-09-18,2026-09-18,CM,NSE,STK,13570,INE0NA301016,RBMINFRA,SM,,,,,RBM INFRACON LIMITED,289.20,292.00,274.00,275.45,276.00,284.65,,275.45,,,19400,5411250.00,89,F1,200,,,,,
2026-09-18,2026-09-18,CM,NSE,STK,20893,INE0PEQ01016,RBZJEWEL,BE,,,,,RBZ JEWELLERS LIMITED,169.99,175.00,164.00,173.00,174.00,169.40,,172.92,,,55458,9457891.86,691,F1,1,,,,,
2026-09-18,2026-09-18,CM,NSE,STK,764850,INE0AK901016,RRECL,EQ,,,,,RDB REAL ESTATE CONS L,130.01,147.00,130.00,138.89,138.89,144.00,,138.89,,,1174,160961.95,44,F1,1,,,,,
2026-09-18,2026-09-18,CM,NSE,STK,29561,INE10QL01011,READYMIX,SM,,,,,READYMIX CONSTRU MACHI L,70.00,70.00,70.00,70.00,70.00,70.00,,70.00,,,1000,70000.00,1,F1,1000,,,,,
2026-09-18,2026-09-18,CM,NSE,STK,15355,INE020B01018,RECLTD,EQ,,,,,REC LIMITED,311.00,313.40,309.05,312.00,312.00,310.50,,312.00,,,4686436,1460489170.25,32055,F1,1,,,,,
2026-09-18,2026-09-18,CM,NSE,STK,14255,INE891D01026,REDINGTON,EQ,,,,,REDINGTON LIMITED,405.00,413.20,396.25,399.85,399.60,400.10,,399.85,,,10809796,4354392145.05,105223,F1,1,,,,,
2026-09-18,2026-09-18,CM,NSE,STK,17859,INE0LXT01019,REDTAPE,EQ,,,,,REDTAPE LIMITED,118.65,119.49,115.91,117.35,117.90,118.65,,117.38,,,428381,50216970.54,7533,F1,1,,,,,
2026-09-18,2026-09-18,CM,NSE,STK,17764,INE056I01025,REFEX,EQ,,,,,REFEX INDUSTRIES LIMITED,270.00,277.60,269.95,271.85,272.00,271.75,,271.93,,,220185,60148756.45,4626,F1,1,,,,,
2026-09-18,2026-09-18,CM,NSE,STK,23718,INE0TNX01015,REFRACTORY,SM,,,,,REFRACTORY SHAPES LIMITED,31.70,31.70,31.00,31.65,31.65,30.20,,31.65,,,66000,2089950.00,39,F1,1000,,,,,
2026-09-18,2026-09-18,CM,NSE,STK,758680,INE0MHO01029,REGAAL,EQ,,,,,REGAAL RESOURCES LIMITED,79.90,86.16,79.89,84.03,83.40,80.08,,84.03,,,391644,32066114.06,2348,F1,1,,,,,
2026-09-18,2026-09-18,CM,NSE,STK,4130,INE277C01012,REGENCERAM,EQ,,,,,REGENCY CERAMICS LTD.,34.70,34.70,32.00,32.55,33.99,35.13,,33.95,,,3522,117424.97,93,F1,1,,,,,
2026-09-18,2026-09-18,CM,NSE,STK,24225,INE131B01039,RELAXO,EQ,,,,,RELAXO FOOT LTD.,314.25,315.00,289.25,291.25,293.95,313.70,,291.27,,,2052973,603339982.40,53333,F1,1,,,,,
2026-09-18,2026-09-18,CM,NSE,STK,3172,INF204KC1030,GILT5YBEES,EQ,,,,,RELCAPAMC - NETFGILT5Y,65.95,65.96,65.75,65.80,65.84,65.81,,65.80,,,117989,7768416.56,344,F1,1,,,,,
2026-09-18,2026-09-18,CM,NSE,STK,24378,INE375Y01018,RELIABLE,EQ,,,,,RELIABLE DATA SERVICE LTD,137.44,142.00,135.61,140.20,141.95,136.41,,140.20,,,7570,1047415.78,277,F1,1,,,,,
2026-09-18,2026-09-18,CM,NSE,STK,9652,INE750D01016,RELCHEMQ,EQ,,,,,RELIANCE CHEMOTEX IND LTD,120.00,123.80,116.00,119.70,118.00,119.21,,119.65,,,4528,538333.42,189,F1,1,,,,,
2026-09-18,2026-09-18,CM,NSE,STK,13188,INE330H01018,RCOM,BE,,,,,RELIANCE COMMUNICATIONS L,0.92,0.93,0.92,0.92,0.92,0.96,,0.92,,,2091623,1924302.25,1758,F1,1,,,,,
2026-09-18,2026-09-18,CM,NSE,STK,759204,INE217K01011,RHFL,BZ,,,,,RELIANCE HOME FINANCE LTD,1.74,1.78,1.70,1.74,1.75,1.75,,1.74,,,846709,1457326.45,848,F1,1,,,,,
2026-09-18,2026-09-18,CM,NSE,STK,2912,INE046A01015,RIIL,EQ,,,,,RELIANCE INDUSTRIAL INFRA,703.00,709.00,700.05,703.15,701.00,700.25,,703.15,,,22641,15928884.35,1382,F1,1,,,,,
2026-09-18,2026-09-18,CM,NSE,STK,2885,INE002A01018,RELIANCE,EQ,,,,,RELIANCE INDUSTRIES LTD,1245.00,1247.30,1226.40,1226.40,1226.40,1243.90,,1226.47,,,15122715,18672832117.40,162092,F1,1,,,,,
2026-09-18,2026-09-18,CM,NSE,STK,4791,INE036A01016,RELINFRA,BE,,,,,RELIANCE INFRASTRUCTU LTD,51.01,51.50,49.99,49.99,49.99,51.01,,49.97,,,505392,25329244.92,1529,F1,1,,,,,
2026-09-18,2026-09-18,CM,NSE,STK,15259,INE614G01033,RPOWER,EQ,,,,,RELIANCE POWER LTD.,21.05,21.32,20.90,21.13,21.17,21.05,,21.13,,,21881312,462232543.00,31766,F1,1,,,,,
2026-09-18,2026-09-18,CM,NSE,STK,765330,INF205KA1CB9,IVZBANKNF,EQ,,,,,RELIGARAMC - IVZBANKNF,55.99,56.37,55.99,56.06,56.06,55.99,,56.06,,,12191,684250.20,9,F1,1,,,,,
2026-09-18,2026-09-18,CM,NSE,STK,765327,INF205KA1CA1,IVZSENSEX,EQ,,,,,RELIGARAMC - IVZSENSEX,74.50,74.60,74.40,74.56,74.56,74.60,,74.63,,,2023,150655.66,12,F1,1,,,,,
2026-09-18,2026-09-18,CM,NSE,STK,15068,INE621H01010,RELIGARE,EQ,,,,,RELIGARE ENTER. LTD.,250.70,255.00,247.91,253.02,252.95,249.89,,252.92,,,365894,92256836.84,6606,F1,1,,,,,
2026-09-18,2026-09-18,CM,NSE,STK,3965,INE474C01023,REMSONSIND,EQ,,,,,REMSONS INDUSTRIES LTD,95.06,103.00,94.81,98.66,98.15,95.06,,98.71,,,290021,28835074.90,4135,F1,1,,,,,
2026-09-18,2026-09-18,CM,NSE,STK,16154,INE0O5T01011,REMUS,SM,,,,,REMUS PHARMACEUTICALS L,998.00,1007.00,977.00,979.05,981.00,972.10,,979.05,,,8500,8433060.00,71,F1,100,,,,,
2026-09-18,2026-09-18,CM,NSE,STK,15129,INE722H01024,RGL,EQ,,,,,RENAISSANCE GLOBAL LTD,155.70,158.60,152.30,153.40,154.80,156.49,,153.40,,,352268,54565287.82,4881,F1,1,,,,,
2026-09-18,2026-09-18,CM,NSE,STK,758157,INE0VZX01015,RNPL,SM,,,,,RENOL POLYCHEM LIMITED,58.05,58.25,58.05,58.25,58.25,55.50,,58.25,,,4800,279120.00,4,F1,1200,,,,,
2026-09-18,2026-09-18,CM,NSE,STK,766077,INE08T701025,RENTOMOJO,EQ,,,,,RENTOMOJO LIMITED,570.00,581.95,492.10,512.75,512.15,534.25,,512.78,,,35242382,18775412235.10,534821,F1,1,,,,,
2026-09-18,2026-09-18,CM,NSE,STK,29598,INE612J01015,REPCOHOME,EQ,,,,,REPCO HOME FINANCE LTD,348.90,356.90,345.10,354.50,354.00,346.30,,354.56,,,65528,23055432.55,1852,F1,1,,,,,
2026-09-18,2026-09-18,CM,NSE,STK,13126,INE461B01014,REPRO,EQ,,,,,REPRO INDIA LIMITED,297.05,307.50,296.00,305.25,307.00,296.95,,305.25,,,5649,1695273.45,263,F1,1,,,,,
2026-09-18,2026-09-18,CM,NSE,STK,20323,INE688D01026,RESPONIND,EQ,,,,,RESPONSIVE INDUSTRIES LTD,159.08,160.93,157.00,159.18,159.70,163.40,,159.19,,,195728,31207706.15,3502,F1,1,,,,,
2026-09-18,2026-09-18,CM,NSE,STK,1494,INE07T201019,RBA,EQ,,,,,RESTAURANT BRAND ASIA LTD,96.29,96.49,94.00,95.12,95.00,96.12,,95.12,,,9653090,917725593.44,33786,F1,1,,,,,
2026-09-18,2026-09-18,CM,NSE,STK,25157,INE0DAB01012,RVTH,EQ,,,,,REVATHI EQUIPMENT INDIA L,670.05,724.90,670.00,697.30,698.00,666.75,,697.30,,,995,703709.25,151,F1,1,,,,,
2026-09-18,2026-09-18,CM,NSE,STK,763468,INE0V2V01015,RFBL,ST,,,,,RFBL FLEXI PACK LIMITED,76.35,84.30,76.35,84.30,84.30,80.35,,84.30,,,15000,1208700.00,4,F1,3000,,,,,
2026-09-18,2026-09-18,CM,NSE,STK,759062,INE0KKN01029,RHETAN,EQ,,,,,RHETAN TMT LIMITED,19.57,19.57,19.57,19.57,19.57,20.59,,19.57,,,614120,12018328.40,1367,F1,1,,,,,
2026-09-18,2026-09-18,CM,NSE,STK,31163,INE743M01012,RHIM,EQ,,,,,RHI MAGNESITA INDIA LTD,365.95,371.50,365.00,368.70,371.00,365.95,,368.68,,,154535,56940840.55,6659,F1,1,,,,,
2026-09-18,2026-09-18,CM,NSE,STK,2909,INE209B01025,RICOAUTO,EQ,,,,,RICO AUTO INDUSTRIES LTD,128.04,131.19,127.02,130.58,130.45,128.04,,130.58,,,724126,94021520.67,7769,F1,1,,,,,
2026-09-18,2026-09-18,CM,NSE,STK,764121,INE302D01024,RIR,EQ,,,,,RIR POWER ELECTRONICS L,203.00,213.94,196.20,198.93,197.50,197.63,,198.93,,,14823429,3054092785.45,135548,F1,1,,,,,
2026-09-18,2026-09-18,CM,NSE,STK,18417,INE0N2P01017,RISHABH,EQ,,,,,RISHABH INSTRUMENTS LTD,778.35,783.80,759.55,764.70,763.95,778.35,,764.71,,,72318,55820145.00,3795,F1,1,,,,,
2026-09-18,2026-09-18,CM,NSE,STK,8944,INE01EG01016,RITCO,EQ,,,,,RITCO LOGISTICS LIMITED,300.00,300.00,289.65,291.45,289.65,299.30,,291.35,,,43385,12683913.85,1311,F1,1,,,,,
2026-09-18,2026-09-18,CM,NSE,STK,3761,INE320J01015,RITES,EQ,,,,,RITES LIMITED,205.50,211.20,204.30,207.23,206.98,207.93,,207.23,,,523244,108174782.15,13921,F1,1,,,,,
2026-09-18,2026-09-18,CM,NSE,STK,1547,INE786W01010,RKEC,EQ,,,,,RKEC PROJECTS LIMITED,18.53,18.99,18.03,18.13,18.27,18.49,,18.13,,,36623,672723.69,250,F1,1,,,,,
2026-09-18,2026-09-18,CM,NSE,STK,762346,INE655V01019,RMC,EQ,,,,,RMC SWITCHGEARS LIMITED,232.29,234.21,223.21,228.18,227.06,229.16,,228.08,,,36568,8348538.36,1278,F1,1,,,,,
2026-09-18,2026-09-18,CM,NSE,STK,24589,INE0SA001017,RNFI,SM,,,,,RNFI SERVICES LIMITED,319.00,324.00,318.25,319.30,319.20,317.10,,319.30,,,7800,2497470.00,12,F1,600,,,,,
2026-09-18,2026-09-18,CM,NSE,STK,15157,INE508K01013,RHL,EQ,,,,,ROBUST HOTELS LIMITED,178.50,182.75,169.02,179.55,180.00,173.74,,179.52,,,8021,1431097.01,158,F1,1,,,,,
2026-09-18,2026-09-18,CM,NSE,STK,20289,INE0PTR01012,ROCKINGDCE,SM,,,,,ROCKINGDEALS CIRCU ECO L,224.00,234.00,224.00,234.00,234.00,224.75,,234.00,,,1500,343000.00,5,F1,250,,,,,
2026-09-18,2026-09-18,CM,NSE,STK,5279,INE645S01024,ROLEXRINGS,EQ,,,,,ROLEX RINGS LIMITED,170.86,172.99,169.02,172.08,172.50,169.82,,172.08,,,832907,142620559.10,9843,F1,1,,,,,
2026-09-18,2026-09-18,CM,NSE,STK,19108,INE927A01040,ROLLT,BE,,,,,ROLLATAINERS LIMITED,5.55,5.71,5.18,5.71,5.71,5.44,,5.71,,,1509760,8498969.94,938,F1,1,,,,,
2026-09-18,2026-09-18,CM,NSE,STK,19410,INE02A801020,ROSSARI,EQ,,,,,ROSSARI BIOTECH LIMITED,445.00,445.00,434.55,437.95,439.50,440.75,,437.93,,,57950,25367780.00,4771,F1,1,,,,,
2026-09-18,2026-09-18,CM,NSE,STK,28913,INE847C01020,ROSSELLIND,EQ,,,,,ROSSELL INDIA LIMITED,54.38,55.65,50.43,52.64,53.00,54.38,,52.64,,,144635,7611064.21,2009,F1,1,,,,,
2026-09-18,2026-09-18,CM,NSE,STK,27353,INE0OJW01016,ROSSTECH,EQ,,,,,ROSSELL TECHSYS LIMITED,1370.00,1464.90,1350.00,1374.30,1373.00,1357.20,,1374.20,,,911139,1285705602.30,70777,F1,1,,,,,
2026-09-18,2026-09-18,CM,NSE,STK,9049,INE535D01037,ROTO,EQ,,,,,ROTO PUMPS LIMITED,63.45,65.60,62.37,62.68,62.83,63.35,,62.68,,,207373,13097244.43,2375,F1,1,,,,,
2026-09-18,2026-09-18,CM,NSE,STK,128,INE450U01017,ROUTE,EQ,,,,,ROUTE MOBILE LIMITED,490.30,490.70,457.60,464.40,463.00,492.60,,464.41,,,1118251,523664284.10,34777,F1,1,,,,,
2026-09-18,2026-09-18,CM,NSE,STK,20167,INE0PDJ01013,ROXHITECH,SM,,,,,ROX HI TECH LIMITED,44.20,44.20,44.00,44.00,44.00,43.65,,44.00,,,6400,282080.00,3,F1,1600,,,,,
2026-09-18,2026-09-18,CM,NSE,STK,13182,INE283H01019,ROHLTD,EQ,,,,,ROYAL ORCHID HOTELS LTD,303.40,308.15,298.00,304.90,302.30,297.45,,304.92,,,14584,4428815.50,583,F1,1,,,,,
2026-09-18,2026-09-18,CM,NSE,STK,16725,INE105J01010,RPGLIFE,EQ,,,,,RPG LIFE SCIENCES LTD,2824.50,2882.90,2742.20,2802.40,2809.00,2824.50,,2802.44,,,17373,48729138.20,3251,F1,1,,,,,
2026-09-18,2026-09-18,CM,NSE,STK,8119,INE425Y01011,RPSGVENT,EQ,,,,,RPSG VENTURES LIMITED,839.95,854.95,832.75,843.45,846.00,832.50,,843.27,,,24246,20446743.00,1238,F1,1,,,,,
2026-09-18,2026-09-18,CM,NSE,STK,7292,INE611A01016,RSWM,BE,,,,,RSWM LIMITED,215.95,222.95,211.00,220.40,221.00,213.63,,220.43,,,118034,25706260.24,504,F1,1,,,,,
2026-09-18,2026-09-18,CM,NSE,STK,24730,INE642C01025,RUBFILA,EQ,,,,,RUBFILA INTERNATIONAL LTD,65.77,68.30,65.01,67.36,67.80,65.72,,67.37,,,53768,3581104.30,795,F1,1,,,,,
2026-09-18,2026-09-18,CM,NSE,STK,759316,INE506V01022,RUBICON,EQ,,,,,RUBICON RESEARCH LIMITED,1778.90,1827.50,1736.20,1751.10,1742.00,1778.30,,1751.20,,,470413,836292823.60,36179,F1,1,,,,,
2026-09-18,2026-09-18,CM,NSE,STK,4566,INE413B01023,RUCHINFRA,EQ,,,,,RUCHI INFRASTRUCTURE LTD,5.27,5.27,5.10,5.20,5.20,5.14,,5.21,,,58791,303360.97,144,F1,1,,,,,
2026-09-18,2026-09-18,CM,NSE,STK,13821,INE803H01014,RUCHIRA,EQ,,,,,RUCHIRA PAPERS LIMITED,108.90,109.44,108.00,108.84,108.10,107.45,,108.84,,,25087,2728379.16,719,F1,1,,,,,
2026-09-18,2026-09-18,CM,NSE,STK,760392,INE027T01023,RUDRA,EQ,,,,,RUDRA GLOBAL INFRA PROD L,20.90,21.00,20.00,20.68,20.45,20.36,,20.59,,,180289,3706580.45,391,F1,1,,,,,
2026-09-18,2026-09-18,CM,NSE,STK,1486,INE364Z01019,REPL,BE,,,,,RUDRABHISHEK ENTERP LTD,60.33,60.33,57.00,58.12,58.00,57.47,,58.12,,,3161,185896.81,36,F1,1,,,,,
2026-09-18,2026-09-18,CM,NSE,STK,23830,INE0R7301013,RULKA,SM,,,,,RULKA ELECTRICALS LIMITED,109.70,111.10,107.00,108.10,108.10,107.00,,108.10,,,13800,1514820.00,25,F1,300,,,,,
2026-09-18,2026-09-18,CM,NSE,STK,25724,INE895B01021,RUPA,EQ,,,,,RUPA & COMPANY LTD,134.36,138.00,133.72,137.16,137.85,134.97,,137.16,,,129316,17498321.80,4557,F1,1,,,,,
2026-09-18,2026-09-18,CM,NSE,STK,24595,INE573K01025,RUSHIL,EQ,,,,,RUSHIL DECOR LIMITED,15.83,18.30,15.35,17.26,17.06,15.57,,17.26,,,1882573,32071591.93,3318,F1,1,,,,,
2026-09-18,2026-09-18,CM,NSE,STK,764860,INE137M01017,SAB,EQ,,,,,S A B INDUSTRIES LTD.,174.15,174.15,174.15,174.15,174.15,174.18,,174.15,,,29,5050.35,1,F1,1,,,,,
2026-09-18,2026-09-18,CM,NSE,STK,24674,INE0BSN01013,SATECH,SM,,,,,S A TECH SOFTWARE INDIA L,39.75,39.75,37.30,38.90,38.90,40.00,,38.90,,,15000,576250.00,15,F1,1000,,,,,
2026-09-18,2026-09-18,CM,NSE,STK,20698,INE807K01035,SCHAND,EQ,,,,,S CHAND AND COMPANY LTD,136.14,136.68,133.50,133.87,133.50,134.88,,133.99,,,21577,2909957.09,1230,F1,1,,,,,
2026-09-18,2026-09-18,CM,NSE,STK,25528,INE0X6F01017,SDREAMS,SM,,,,,S D RETAIL LIMITED,77.50,79.70,77.50,79.35,79.70,77.55,,79.35,,,5000,391200.00,3,F1,1000,,,,,
2026-09-18,2026-09-18,CM,NSE,STK,11212,INE500L01026,SHK,EQ,,,,,S H KELKAR AND CO. LTD.,138.67,143.12,132.40,137.04,136.30,138.67,,137.03,,,865394,119226023.88,5982,F1,1,,,,,
2026-09-18,2026-09-18,CM,NSE,STK,20542,INE0F3301020,SJLOGISTIC,SM,,,,,S J LOGISTICS (INDIA) LTD,310.00,319.00,307.15,314.00,314.00,311.00,,314.00,,,20500,6469225.00,58,F1,250,,,,,
2026-09-18,2026-09-18,CM,NSE,STK,764940,INE159L01013,SVGLOBAL,EQ,,,,,S V GLOBAL MILL LTD.,127.50,153.91,126.40,147.92,153.90,128.26,,147.93,,,6683,949670.94,142,F1,1,,,,,
2026-09-18,2026-09-18,CM,NSE,STK,2951,INE902B01017,S&SPOWER,EQ,,,,,S&S POWER SWITCHGEARS LTD,325.35,334.60,318.00,319.00,322.00,318.70,,319.00,,,2414,786707.35,96,F1,1,,,,,
2026-09-18,2026-09-18,CM,NSE,STK,18252,INE212I01016,SPAL,EQ,,,,,S. P. APPARELS LIMITED,998.20,1012.90,981.00,994.30,990.00,1003.10,,994.29,,,23776,23676780.20,3117,F1,1,,,,,
2026-09-18,2026-09-18,CM,NSE,STK,11634,INE658G01014,SALSTEEL,EQ,,,,,S.A.L. STEEL LTD.,80.01,82.26,80.01,82.26,82.26,78.35,,82.26,,,251942,20572638.08,1567,F1,1,,,,,
2026-09-18,2026-09-18,CM,NSE,STK,19112,INE0PSK01027,SAAKSHI,ST,,,,,SAAKSHI MEDTEC N PANELS L,357.00,374.90,357.00,372.90,372.35,357.05,,372.90,,,28200,10469970.00,40,F1,600,,,,,
2026-09-18,2026-09-18,CM,NSE,STK,759057,INE13B501022,SAATVIKGL,EQ,,,,,SAATVIK GREEN ENERGY LTD,404.05,413.55,400.00,411.80,412.00,404.50,,411.82,,,95137,38600230.20,2578,F1,1,,,,,
2026-09-18,2026-09-18,CM,NSE,STK,757409,INE1ARD01016,SACHEEROME,SM,,,,,SACHEEROME LIMITED,525.75,542.90,525.00,536.85,528.00,522.20,,536.85,,,20700,11046630.00,60,F1,300,,,,,
2026-09-18,2026-09-18,CM,NSE,STK,13236,INE226H01026,SADBHAV,EQ,,,,,SADBHAV ENGINEERING LTD,7.61,7.89,7.57,7.73,7.72,7.52,,7.73,,,118102,908382.44,285,F1,1,,,,,
2026-09-18,2026-09-18,CM,NSE,STK,10618,INE764L01010,SADBHIN,EQ,,,,,SADBHAV INFRA PROJ LTD.,2.50,2.58,2.45,2.54,2.55,2.48,,2.54,,,75422,190927.67,165,F1,1,,,,,
2026-09-18,2026-09-18,CM,NSE,STK,15349,INE888C01040,SADHNANIQ,BE,,,,,SADHANA NITROCHEM LIMITED,2.80,2.80,2.75,2.75,2.75,2.80,,2.77,,,623198,1718253.80,267,F1,1,,,,,
2026-09-18,2026-09-18,CM,NSE,STK,22897,INE0K5H01010,SADHAV,SM,,,,,SADHAV SHIPPING LIMITED,109.95,109.95,107.30,107.30,107.30,108.50,,107.30,,,3600,390330.00,6,F1,600,,,,,
2026-09-18,2026-09-18,CM,NSE,STK,13035,INE429E01023,SAFARI,EQ,,,,,SAFARI IND (INDIA) LTD,1506.60,1525.60,1465.00,1501.00,1501.00,1511.40,,1501.03,,,111608,166347151.40,18927,F1,1,,,,,
2026-09-18,2026-09-18,CM,NSE,STK,757583,INE17D601016,SAFEENTP,SM,,,,,SAFE ENTER RETAIL FIX LTD,250.75,252.30,249.05,249.40,249.05,252.30,,249.40,,,12000,3004175.00,24,F1,500,,,,,
2026-09-18,2026-09-18,CM,NSE,STK,14068,INE229C01021,SAGCEM,EQ,,,,,SAGAR CEMENTS LIMITED,149.59,154.18,149.59,151.79,153.39,149.41,,151.79,,,55093,8378977.86,932,F1,1,,,,,
2026-09-18,2026-09-18,CM,NSE,STK,8175,INE976T01013,SAGARDEEP,EQ,,,,,SAGARDEEP ALLOYS LIMITED,23.51,24.49,23.51,23.62,23.62,23.50,,23.62,,,2092,50704.24,39,F1,1,,,,,
2026-09-18,2026-09-18,CM,NSE,STK,27052,INE0W2G01015,SAGILITY,EQ,,,,,SAGILITY LIMITED,44.59,46.23,44.59,45.66,45.66,44.56,,45.66,,,17450697,799649000.78,29729,F1,1,,,,,
2026-09-18,2026-09-18,CM,NSE,STK,24478,INE0P4701011,SAHAJSOLAR,SM,,,,,SAHAJ SOLAR LIMITED,92.00,94.10,90.00,91.60,91.60,93.30,,91.60,,,26400,2441700.00,57,F1,400,,,,,
2026-09-18,2026-09-18,CM,NSE,STK,16711,INE0LEX01011,SAHANA,SM,,,,,SAHANA SYSTEM LIMITED,870.00,874.00,835.05,848.75,850.00,849.10,,848.75,,,15150,12935400.00,70,F1,150,,,,,
2026-09-18,2026-09-18,CM,NSE,STK,25668,INE0RBQ01018,SAHASRA,SM,,,,,SAHASRA ELECTRONIC SOLU L,323.00,336.10,318.00,336.10,336.10,320.10,,336.10,,,111200,37025340.00,192,F1,400,,,,,
2026-09-18,2026-09-18,CM,NSE,STK,14900,INE280H01015,SAHYADRI,EQ,,,,,SAHYADRI INDUSTRIES LTD,366.60,369.05,360.45,365.35,368.95,359.25,,365.45,,,3344,1220073.15,230,F1,1,,,,,
2026-09-18,2026-09-18,CM,NSE,STK,764865,INE531X01018,SAICAPI,EQ,,,,,SAI CAPITAL LTD.,155.80,158.40,154.40,158.40,158.40,158.99,,158.38,,,140,21979.57,13,F1,1,,,,,
2026-09-18,2026-09-18,CM,NSE,STK,27839,INE570L01029,SAILIFE,EQ,,,,,SAI LIFE SCIENCES LIMITED,1553.40,1613.90,1550.30,1600.50,1608.50,1545.70,,1600.52,,,867960,1375447610.10,55104,F1,1,,,,,
2026-09-18,2026-09-18,CM,NSE,STK,761675,INE0H9F01037,SAIPARENT,EQ,,,,,SAI PARENTERALS LIMITED,514.20,520.00,510.00,510.75,511.60,510.25,,510.76,,,34306,17631017.35,1968,F1,1,,,,,
2026-09-18,2026-09-18,CM,NSE,STK,18755,INE438K01021,KALAMANDIR,EQ,,,,,SAI SILKS (KALAMANDIR) L,77.06,78.93,76.56,78.26,78.38,76.79,,78.26,,,532981,41375171.92,4196,F1,1,,,,,
2026-09-18,2026-09-18,CM,NSE,STK,764880,INE068B01017,SEKURITIND,EQ,,,,,SAINT GOBAIN SEKUR IND L,109.99,114.00,108.39,113.44,113.90,108.72,,113.46,,,52095,5854389.53,848,F1,1,,,,,
2026-09-18,2026-09-18,CM,NSE,STK,25715,INE00MT01022,SAJHOTELS,ST,,,,,SAJ HOTELS LIMITED,35.20,35.20,35.15,35.15,35.15,35.15,,35.15,,,4000,140700.00,2,F1,2000,,,,,
2026-09-18,2026-09-18,CM,NSE,STK,9539,INE732S01012,SAKAR,EQ,,,,,SAKAR HEALTHCARE LIMITED,1148.00,1190.50,1148.00,1179.80,1187.00,1129.55,,1179.80,,,147455,173657207.75,7987,F1,1,,,,,
2026-09-18,2026-09-18,CM,NSE,STK,11794,INE667G01023,SAKSOFT,EQ,,,,,SAKSOFT LIMITED,143.10,143.65,140.20,141.14,141.00,142.92,,141.13,,,197325,27901864.22,3686,F1,1,,,,,
2026-09-18,2026-09-18,CM,NSE,STK,2969,INE623A01011,SAKHTISUG,EQ,,,,,SAKTHI SUGARS LTD,18.50,18.89,17.84,18.37,18.46,18.44,,18.37,,,134585,2477646.42,742,F1,1,,,,,
2026-09-18,2026-09-18,CM,NSE,STK,13251,INE190H01024,SAKUMA,EQ,,,,,SAKUMA EXPORTS LIMITED,1.56,1.57,1.50,1.51,1.54,1.54,,1.51,,,991276,1518753.26,871,F1,1,,,,,
2026-09-18,2026-09-18,CM,NSE,STK,21362,INE170V01027,SALASAR,EQ,,,,,SALASAR TECHNO ENGG. LTD.,4.89,4.95,4.85,4.89,4.91,4.89,,4.89,,,2915338,14255356.54,2740,F1,1,,,,,
2026-09-18,2026-09-18,CM,NSE,STK,17351,INE498E01010,SALONA,EQ,,,,,SALONA COTSPIN LTD.,266.05,269.00,255.00,263.40,266.00,266.05,,263.39,,,1102,286664.60,60,F1,1,,,,,
2026-09-18,2026-09-18,CM,NSE,STK,11399,INE457F01013,SALZERELEC,EQ,,,,,SALZER ELECTRONICS LTD,551.95,558.45,543.10,550.45,550.00,550.95,,550.35,,,37733,20756963.15,2349,F1,1,,,,,
2026-09-18,2026-09-18,CM,NSE,STK,764870,INE304D01012,SAMBANDAM,EQ,,,,,SAMBANDAM SPINNING MILL L,101.50,106.00,100.00,100.00,100.00,101.51,,100.20,,,1107,113153.50,35,F1,1,,,,,
2026-09-18,2026-09-18,CM,NSE,STK,4127,INE699B01027,SAMBHAAV,EQ,,,,,SAMBHAAV MEDIA LTD,6.13,6.13,5.72,6.09,6.12,6.00,,6.09,,,46601,278875.91,154,F1,1,,,,,
2026-09-18,2026-09-18,CM,NSE,STK,757767,INE12NJ01018,SAMBHV,EQ,,,,,SAMBHV STEEL TUBES LTD,129.08,150.99,129.08,147.57,150.11,129.09,,147.59,,,28285913,4085233547.63,156604,F1,1,,,,,
2026-09-18,2026-09-18,CM,NSE,STK,21096,INE0PZA01015,SAIFL,SM,,,,,SAMEERA AGRO AND INFRA L,4.40,4.40,4.30,4.40,4.40,4.40,,4.40,,,84000,367800.00,17,F1,4000,,,,,
2026-09-18,2026-09-18,CM,NSE,STK,18614,INE08U801020,SAMHI,EQ,,,,,SAMHI HOTELS LIMITED,157.00,163.50,157.00,161.98,162.11,156.67,,161.98,,,928386,149663804.69,22330,F1,1,,,,,
2026-09-18,2026-09-18,CM,NSE,STK,30125,INE148I01020,SAMMAANCAP,EQ,,,,,SAMMAAN CAPITAL LIMITED,142.50,144.50,142.40,143.92,143.50,142.22,,143.92,,,3658484,525505593.08,18608,F1,1,,,,,
2026-09-18,2026-09-18,CM,NSE,STK,27303,INE735M01018,SAMPANN,EQ,,,,,SAMPANN UTPADAN INDIA LTD,24.32,25.38,23.90,24.67,24.95,24.26,,24.67,,,30068,733162.65,187,F1,1,,,,,
2026-09-18,2026-09-18,CM,NSE,STK,4204,INE775A01035,MOTHERSON,EQ,,,,,SAMVRDHNA MTHRSN INTL LTD,161.87,165.37,161.84,162.57,162.57,161.87,,162.57,,,19068300,3120812076.71,53827,F1,1,,,,,
2026-09-18,2026-09-18,CM,NSE,STK,28805,INE0JPD01013,SANATHAN,EQ,,,,,SANATHAN TEXTILES LIMITED,468.95,489.00,467.50,480.85,478.50,461.95,,480.85,,,107246,51534627.45,4148,F1,1,,,,,
2026-09-18,2026-09-18,CM,NSE,STK,2988,INE583B01015,SANDESH,EQ,,,,,SANDESH LTD,1042.60,1042.60,1020.40,1025.80,1022.40,1037.40,,1028.02,,,106,109487.20,39,F1,1,,,,,
2026-09-18,2026-09-18,CM,NSE,STK,2397,INE278H01035,SANDHAR,EQ,,,,,SANDHAR TECHNOLOGIES LTD,594.70,607.50,590.15,601.25,600.50,588.25,,601.23,,,100399,60268032.75,5549,F1,1,,,,,
2026-09-18,2026-09-18,CM,NSE,STK,18359,INE149K01016,SANDUMA,EQ,,,,,SANDUR MANG & IRON ORES L,183.20,186.25,183.00,185.40,185.85,182.53,,185.40,,,462946,85489007.58,8513,F1,1,,,,,
2026-09-18,2026-09-18,CM,NSE,STK,4184,INE495C01010,SANGAMIND,EQ,,,,,SANGAM (INDIA) LTD,581.30,584.95,573.85,580.00,583.50,583.05,,580.05,,,9168,5308294.55,860,F1,1,,,,,
2026-09-18,2026-09-18,CM,NSE,STK,18035,INE0OVI01010,SANGANI,SM,,,,,SANGANI HOSPITALS LIMITED,49.50,49.50,48.00,48.75,48.00,49.90,,48.75,,,3000,146250.00,2,F1,1500,,,,,
2026-09-18,2026-09-18,CM,NSE,STK,14058,INE989A01032,SANGHVIMOV,EQ,,,,,SANGHVI MOVERS LTD,419.65,434.00,412.05,430.70,433.20,419.65,,430.67,,,254315,108316479.60,8369,F1,1,,,,,
2026-09-18,2026-09-18,CM,NSE,STK,11033,INE753W01010,SANGINITA,BE,,,,,SANGINITA CHEMICALS LTD,71.06,71.06,71.06,71.06,71.06,69.67,,71.06,,,31071,2207905.26,85,F1,1,,,,,
2026-09-18,2026-09-18,CM,NSE,STK,25222,INE0UOS01011,SANOFICONR,EQ,,,,,SANOFI CONS HEALTHC IND L,3999.00,4078.00,3992.00,4033.40,4078.00,3989.50,,4031.81,,,4359,17561348.90,1457,F1,1,,,,,
2026-09-18,2026-09-18,CM,NSE,STK,1442,INE058A01010,SANOFI,EQ,,,,,SANOFI INDIA LIMITED,3093.30,3115.00,3080.00,3087.40,3080.00,3085.00,,3087.44,,,12855,39757014.00,2419,F1,1,,,,,
2026-09-18,2026-09-18,CM,NSE,STK,5751,INE953O01021,SANSERA,EQ,,,,,SANSERA ENGINEERING LTD,4042.00,4300.00,4017.50,4259.90,4262.00,4017.50,,4259.56,,,287946,1213353881.40,37283,F1,1,,,,,
2026-09-18,2026-09-18,CM,NSE,STK,24582,INE08NE01025,SANSTAR,EQ,,,,,SANSTAR LIMITED,115.55,117.00,115.00,115.70,116.00,115.54,,115.69,,,168121,19494988.35,2597,F1,1,,,,,
2026-09-18,2026-09-18,CM,NSE,STK,46,INE890C01046,SANWARIA,BZ,,,,,SANWARIA CONSUMER LIMITED,0.19,0.20,0.18,0.18,0.19,0.19,,0.18,,,914603,173568.11,188,F1,1,,,,,
2026-09-18,2026-09-18,CM,NSE,STK,6718,INE806T01020,SAPPHIRE,EQ,,,,,SAPPHIRE FOODS INDIA LTD,233.29,236.25,228.00,230.11,230.00,233.24,,230.11,,,997329,230710884.58,21984,F1,1,,,,,
2026-09-18,2026-09-18,CM,NSE,STK,19863,INE0PUC01020,SARTELE,SM,,,,,SAR TELEVENTURE LIMITED,80.65,81.00,73.00,75.15,75.00,79.05,,75.15,,,69500,5315575.00,107,F1,500,,,,,
2026-09-18,2026-09-18,CM,NSE,STK,762985,INE967G01019,ZSARACOM,EQ,,,,,SARASWATI COMM (INDIA) L,10400.00,10400.00,10400.00,10400.00,10400.00,10338.00,,10400.00,,,4,41600.00,4,F1,1,,,,,
2026-09-18,2026-09-18,CM,NSE,STK,24856,INE0PQ101010,SSDL,EQ,,,,,SARASWATI SAREE DEPOT LTD,62.08,62.85,60.20,61.35,61.36,62.08,,61.35,,,27910,1720574.80,455,F1,1,,,,,
2026-09-18,2026-09-18,CM,NSE,STK,17758,INE385C01021,SARDAEN,EQ,,,,,SARDA ENERGY & MIN LTD,510.00,513.60,503.00,505.95,507.00,506.95,,505.91,,,328485,166613499.95,12795,F1,1,,,,,
2026-09-18,2026-09-18,CM,NSE,STK,4892,INE979A01025,SAREGAMA,EQ,,,,,SAREGAMA INDIA LIMITED,489.25,506.60,489.25,499.90,499.05,489.25,,499.91,,,387575,194299190.25,15681,F1,1,,,,,
2026-09-18,2026-09-18,CM,NSE,STK,14043,INE453D01025,SARLAPOLY,EQ,,,,,SARLA PERF. FIBERS LTD,97.36,98.25,96.47,97.48,97.99,96.49,,97.48,,,23691,2305518.61,346,F1,1,,,,,
2026-09-18,2026-09-18,CM,NSE,STK,6843,INE017W01010,SMLT,EQ,,,,,SARTHAK METALS LIMITED,62.88,62.88,59.98,61.42,61.42,59.98,,61.42,,,3265,199431.00,84,F1,1,,,,,
2026-09-18,2026-09-18,CM,NSE,STK,12913,INE324X01026,SARVESHWAR,EQ,,,,,SARVESHWAR FOODS LIMITED,3.73,3.79,3.67,3.74,3.71,3.72,,3.74,,,983863,3654107.83,1484,F1,1,,,,,
2026-09-18,2026-09-18,CM,NSE,STK,11983,INE231F01020,SASKEN,EQ,,,,,SASKEN TECHNOLOGIES LTD,1704.40,1746.90,1701.10,1719.60,1720.00,1722.10,,1719.59,,,12687,21903066.30,2328,F1,1,,,,,
2026-09-18,2026-09-18,CM,NSE,STK,29151,INE0NB801022,SATKARTAR,SM,,,,,SAT KARTAR LIFE LIMITED,143.00,146.90,142.00,142.90,142.50,139.15,,142.90,,,32800,4724200.00,38,F1,800,,,,,
2026-09-18,2026-09-18,CM,NSE,STK,24697,INE0RFP01011,SSEGL,SM,,,,,SATHLOKHAR SYN E&C GLOB L,423.00,423.00,411.30,413.20,413.00,419.00,,413.20,,,67600,28100500.00,200,F1,200,,,,,
2026-09-18,2026-09-18,CM,NSE,STK,11045,INE170E01023,SATIA,EQ,,,,,SATIA INDUSTRIES LIMITED,67.41,68.98,66.50,68.46,68.00,67.63,,68.47,,,108564,7351005.47,1661,F1,1,,,,,
2026-09-18,2026-09-18,CM,NSE,STK,10453,INE836B01017,SATIN,EQ,,,,,SATIN CREDIT NET LTD,218.47,221.00,217.37,219.32,219.50,219.82,,219.32,,,162662,35699747.94,1695,F1,1,,,,,
2026-09-18,2026-09-18,CM,NSE,STK,758960,INE14DW01018,SATTVAENGG,SM,,,,,SATTVA ENGINEERING CSTN L,58.35,61.15,57.05,61.15,61.15,60.20,,61.15,,,20800,1219200.00,13,F1,1600,,,,,
2026-09-18,2026-09-18,CM,NSE,STK,3018,INE626A01014,SAURASHCEM,EQ,,,,,SAURASHTRA CEMENT LIMITED,51.91,53.99,51.80,53.51,53.76,51.91,,53.43,,,57241,3050929.32,1674,F1,1,,,,,
2026-09-18,2026-09-18,CM,NSE,STK,3021,INE035D01020,SOTL,EQ,,,,,SAVITA OIL TECHNOLO. LTD,693.00,720.00,686.05,708.05,708.00,691.40,,708.03,,,236215,166952250.45,12006,F1,1,,,,,
2026-09-18,2026-09-18,CM,NSE,STK,757704,INE0UCN01017,SAVY,SM,,,,,SAVY INFRA AND LOGI LTD,140.00,140.00,139.65,139.65,139.65,137.70,,139.65,,,2400,335580.00,2,F1,1200,,,,,
2026-09-18,2026-09-18,CM,NSE,STK,758444,INE10VS01016,SAWALIYA,SM,,,,,SAWALIYA FOOD PRODUCTS L,166.00,166.00,161.00,161.85,161.00,164.40,,161.85,,,43200,7044390.00,18,F1,600,,,,,
2026-09-18,2026-09-18,CM,NSE,STK,762879,INE318C01014,SAYAJIHOTL,EQ,,,,,SAYAJI HOTELS LTD.,314.10,319.00,314.10,319.00,319.00,319.10,,331.00,,,52,16338.10,2,F1,1,,,,,
2026-09-18,2026-09-18,CM,NSE,STK,764875,INE327G01032,SAYAJIIND,EQ,,,,,SAYAJI INDUSTRIES LTD.,108.10,116.75,108.00,115.00,115.00,113.00,,112.30,,,510,55871.50,108,F1,1,,,,,
2026-09-18,2026-09-18,CM,NSE,STK,6792,INE04AK01028,SBC,EQ,,,,,SBC EXPORTS LIMITED,48.45,49.80,48.32,49.24,48.99,48.25,,49.26,,,15020726,736985089.07,9590,F1,1,,,,,
2026-09-18,2026-09-18,CM,NSE,STK,18026,INE423Y01016,SBFC,EQ,,,,,SBFC FINANCE LIMITED,93.58,94.19,91.89,92.36,92.49,93.32,,92.36,,,1954335,181160641.22,13838,F1,1,,,,,
2026-09-18,2026-09-18,CM,NSE,STK,17971,INE018E01016,SBICARD,EQ,,,,,SBI CARDS & PAY SER LTD,635.95,651.15,630.70,651.15,651.15,636.95,,651.13,,,3242132,2073695340.70,55472,F1,1,,,,,
2026-09-18,2026-09-18,CM,NSE,STK,764173,INE640G01020,SBIFUNDS,EQ,,,,,SBI FUNDS MANAGEMENT LTD,540.95,567.95,537.25,561.35,558.00,540.95,,561.40,,,1779360,988888525.80,33217,F1,1,,,,,
2026-09-18,2026-09-18,CM,NSE,STK,21808,INE123W01016,SBILIFE,EQ,,,,,SBI LIFE INSURANCE CO LTD,1751.30,1770.00,1731.00,1731.00,1731.00,1766.90,,1731.05,,,929365,1627744031.40,21719,F1,1,,,,,
2026-09-18,2026-09-18,CM,NSE,STK,17272,INF200KA16D8,SETFGOLD,EQ,,,,,SBI-ETF GOLD,129.20,130.84,129.20,130.52,130.29,128.39,,130.52,,,3938423,513478841.78,9546,F1,1,,,,,
2026-09-18,2026-09-18,CM,NSE,STK,10176,INF200KA1FS1,SETFNIF50,EQ,,,,,SBI-ETF NIFTY 50,252.88,252.88,250.92,251.95,252.00,251.29,,251.95,,,842918,212215663.76,6454,F1,1,,,,,
2026-09-18,2026-09-18,CM,NSE,STK,7361,INF200KA1580,SETFNIFBK,EQ,,,,,SBI-ETF NIFTY BANK,577.83,580.29,576.44,579.47,579.84,576.31,,579.40,,,5777,3340809.68,988,F1,1,,,,,
2026-09-18,2026-09-18,CM,NSE,STK,7353,INF200KA1598,SETFNN50,EQ,,,,,SBI-ETF NIFTY NEXT 50,763.08,777.50,762.30,774.62,776.78,765.01,,774.62,,,16704,12890334.08,794,F1,1,,,,,
2026-09-18,2026-09-18,CM,NSE,STK,19705,INF200KA13Z8,LIQUIDSBI,EQ,,,,,SBIAMC - LIQUIDSBI,1000.01,1000.01,999.99,999.99,999.99,1000.01,,999.99,,,2584,2583980.02,15,F1,1,,,,,
2026-09-18,2026-09-18,CM,NSE,STK,30290,INF200KB1712,SBIBPB,EQ,,,,,SBIAMC - SBIBPB,47.50,48.49,47.50,48.21,48.17,47.77,,48.21,,,61295,2950415.03,281,F1,1,,,,,
2026-09-18,2026-09-18,CM,NSE,STK,5168,INF200KA1X17,SBIETFCON,EQ,,,,,SBIAMC - SBIETFCON,119.77,119.77,118.18,118.45,119.00,118.54,,118.45,,,2418,286505.01,89,F1,1,,,,,
2026-09-18,2026-09-18,CM,NSE,STK,740,INF200KA1S14,SBIETFIT,EQ,,,,,SBIAMC - SBIETFIT,325.23,325.23,317.36,319.25,320.16,323.24,,319.25,,,11162,3558086.14,354,F1,1,,,,,
2026-09-18,2026-09-18,CM,NSE,STK,722,INF200KA1S22,SBIETFPB,EQ,,,,,SBIAMC - SBIETFPB,283.60,283.60,277.93,279.97,280.00,278.65,,279.97,,,2346,655631.13,92,F1,1,,,,,
2026-09-18,2026-09-18,CM,NSE,STK,7218,INF200KA1WX6,SBIETFQLTY,EQ,,,,,SBIAMC - SBIETFQLTY,214.38,215.31,213.87,215.27,215.31,214.83,,215.27,,,1393,298960.00,45,F1,1,,,,,
2026-09-18,2026-09-18,CM,NSE,STK,758496,INF200KB1969,SBILIQETF,EQ,,,,,SBIAMC - SBILIQETF,1056.63,1056.63,1056.61,1056.62,1056.63,1056.20,,1056.62,,,725607,766690807.26,293,F1,1,,,,,
2026-09-18,2026-09-18,CM,NSE,STK,761095,INF200KB1AJ0,SBIMIDMOM,EQ,,,,,SBIAMC - SBIMIDMOM,63.07,63.54,62.86,63.33,63.54,62.65,,63.33,,,79500,5034440.96,110,F1,1,,,,,
2026-09-18,2026-09-18,CM,NSE,STK,24524,INF200KB1282,SBINEQWETF,EQ,,,,,SBIAMC - SBINEQWETF,31.92,32.93,31.92,32.20,32.17,32.57,,32.20,,,90497,2918839.10,259,F1,1,,,,,
2026-09-18,2026-09-18,CM,NSE,STK,761741,INF200KB1AK8,SBINMID150,EQ,,,,,SBIAMC - SBINMID150,22.74,23.09,22.65,22.94,23.02,22.74,,22.93,,,17739,404157.32,111,F1,1,,,,,
2026-09-18,2026-09-18,CM,NSE,STK,24366,INF200KB1217,SBISILVER,EQ,,,,,SBIAMC - SBISILVER,226.86,230.64,226.76,229.44,229.70,222.10,,229.44,,,1587770,363243534.77,8793,F1,1,,,,,
2026-09-18,2026-09-18,CM,NSE,STK,763543,INF200KB1AY9,SBISMLETF,EQ,,,,,SBIAMC - SBISMLETF,18.00,18.56,18.00,18.38,18.39,18.16,,18.38,,,15195,277040.84,177,F1,1,,,,,
2026-09-18,2026-09-18,CM,NSE,STK,763546,INF200KB1AX1,SBIVALETF,EQ,,,,,SBIAMC - SBIVALETF,14.51,14.52,14.28,14.41,14.52,14.44,,14.41,,,23970,345328.82,85,F1,1,,,,,
2026-09-18,2026-09-18,CM,NSE,STK,17395,INF200KA1JT1,SETF10GILT,EQ,,,,,SBIAMC - SETF10GILT,263.00,263.00,261.70,262.26,262.99,261.38,,262.26,,,2805,734781.80,32,F1,1,,,,,
2026-09-18,2026-09-18,CM,NSE,STK,762887,INE099G01011,SCANSTL,BE,,,,,SCAN STEELS LTD.,53.95,53.96,51.50,52.97,52.90,53.96,,53.44,,,39615,2073771.67,118,F1,1,,,,,
2026-09-18,2026-09-18,CM,NSE,STK,1011,INE513A01022,SCHAEFFLER,EQ,,,,,SCHAEFFLER INDIA LIMITED,4016.00,4260.00,4010.10,4217.60,4247.00,3991.00,,4218.59,,,171857,716074290.50,29729,F1,1,,,,,
2026-09-18,2026-09-18,CM,NSE,STK,31234,INE839M01018,SCHNEIDER,EQ,,,,,SCHNEIDER ELECTRIC INFRA,1206.60,1244.50,1206.60,1213.50,1217.20,1201.90,,1213.47,,,316226,386911023.30,31593,F1,1,,,,,
2026-09-18,2026-09-18,CM,NSE,STK,757462,INE148I07XX3,SCL01825,N6,,,,,SCL 0% 2027 SR III,1092.00,1092.00,1065.50,1065.50,1065.50,1092.00,,1065.50,,,56,60887.00,2,F1,1,,,,,
2026-09-18,2026-09-18,CM,NSE,STK,757460,INE148I07XG8,865SCL27,N4,,,,,SCL 8.65% 2027 SR II,986.00,996.90,981.20,981.20,981.20,996.90,,981.20,,,94,93081.10,5,F1,1,,,,,
2026-09-18,2026-09-18,CM,NSE,STK,760284,INE148I07YI2,879SCL30,N0,,,,,SCL 8.7923% 2030 SR I,98000.00,98000.00,98000.00,98000.00,98000.00,98000.00,,98000.00,,,4,392000.00,1,F1,1,,,,,
2026-09-18,2026-09-18,CM,NSE,STK,757478,INE090501011,SCODATUBES,EQ,,,,,SCODA TUBES LIMITED,125.33,130.77,125.33,128.51,129.50,123.97,,128.53,,,98767,12679280.84,1915,F1,1,,,,,
2026-09-18,2026-09-18,CM,NSE,STK,11760,IN1020220563,775AP29,SG,,,,,SDL AP 7.75% 2029,101.65,101.65,101.64,101.64,101.64,101.65,,101.64,,,500,50824.00,2,F1,100,,,,,
2026-09-18,2026-09-18,CM,NSE,STK,22991,IN1220230214,742AS34,SG,,,,,SDL AS 7.42% 2034,97.50,97.50,97.50,97.50,97.50,97.50,,97.50,,,100,9750.00,1,F1,100,,,,,
2026-09-18,2026-09-18,CM,NSE,STK,13124,IN1420220098,755GA32,SG,,,,,SDL GA 7.55% 2032,99.00,99.00,99.00,99.00,99.00,100.00,,99.00,,,1900,188100.00,1,F1,100,,,,,
2026-09-18,2026-09-18,CM,NSE,STK,13245,IN1920220119,76KA32,SG,,,,,SDL KA 7.6% 2032,98.99,98.99,98.99,98.99,98.99,99.92,,98.99,,,100,9899.00,1,F1,100,,,,,
2026-09-18,2026-09-18,CM,NSE,STK,20173,IN2220230162,77MH34A,SG,,,,,SDL MH 7.7% 2034,99.47,99.47,99.47,99.47,99.47,97.74,,99.47,,,200,19894.00,2,F1,100,,,,,
2026-09-18,2026-09-18,CM,NSE,STK,11981,IN2820220142,765PN42,SG,,,,,SDL PN 7.65% 2042,95.25,95.25,95.25,95.25,95.25,100.00,,95.25,,,1000,95250.00,2,F1,100,,,,,
2026-09-18,2026-09-18,CM,NSE,STK,22035,IN2920190450,708RJ30,SG,,,,,SDL RJ 7.08% 2030,96.80,96.80,96.80,96.80,96.80,101.00,,96.80,,,100,9680.00,1,F1,100,,,,,
2026-09-18,2026-09-18,CM,NSE,STK,763068,IN2920260048,781RJ49,SG,,,,,SDL RJ 7.81% 2049,98.00,98.00,98.00,98.00,98.00,98.00,,98.00,,,200,19600.00,1,F1,100,,,,,
2026-09-18,2026-09-18,CM,NSE,STK,761660,IN2920260022,806RJ57,SG,,,,,SDL RJ 8.06% 2057,98.89,100.00,98.89,100.00,100.00,95.92,,100.00,,,200,19889.00,2,F1,100,,,,,
2026-09-18,2026-09-18,CM,NSE,STK,13715,IN3120220261,757TN33,SG,,,,,SDL TN 7.57% 2033,98.45,98.45,98.45,98.45,98.45,94.15,,98.45,,,100,9845.00,1,F1,100,,,,,
2026-09-18,2026-09-18,CM,NSE,STK,763071,IN4520260030,754TS33,SG,,,,,SDL TS 7.54% 2033,99.57,99.57,99.57,99.57,99.57,100.00,,99.57,,,400,39828.00,1,F1,100,,,,,
2026-09-18,2026-09-18,CM,NSE,STK,22876,IN3320230276,746UP34,SG,,,,,SDL UP 7.46% 2034,95.00,95.00,95.00,95.00,95.00,94.08,,95.00,,,100,9500.00,1,F1,100,,,,,
2026-09-18,2026-09-18,CM,NSE,STK,31638,IN3320260034,774UP38,SG,,,,,SDL UP 7.74% 2038,96.60,96.60,96.60,96.60,96.60,99.75,,96.60,,,1900,183540.00,1,F1,100,,,,,
2026-09-18,2026-09-18,CM,NSE,STK,2616,INE497B01018,SEAMECLTD,EQ,,,,,SEAMEC LIMITED,1757.00,1757.00,1712.10,1726.30,1725.00,1738.50,,1726.31,,,27243,47051574.20,3565,F1,1,,,,,
2026-09-18,2026-09-18,CM,NSE,STK,7674,INE477L07AS8,IIFLHF29,NE,,,,,SEC RE NCD 0% SR.VIII,1510.00,1513.10,1402.70,1459.54,1402.70,1457.83,,1459.54,,,48,70058.90,15,F1,1,,,,,
2026-09-18,2026-09-18,CM,NSE,STK,20771,INE413U07277,10ISFL26,N3,,,,,SEC RE NCD 10% SR 4,1069.80,1069.80,1069.80,1069.80,1069.80,1061.10,,1069.80,,,70,74886.00,1,F1,1,,,,,
2026-09-18,2026-09-18,CM,NSE,STK,20779,INE413U07269,1003ISFL28,N4,,,,,SEC RE NCD 10.03% SR 5,999.00,1009.99,999.00,1009.77,1009.99,1011.00,,1009.77,,,364,364980.90,11,F1,1,,,,,
2026-09-18,2026-09-18,CM,NSE,STK,23303,INE148I07SS3,1015SCFL29,YY,,,,,SEC RE NCD 10.15% SR VII,1035.00,1045.08,1035.00,1045.08,1045.08,1035.00,,1045.08,,,85,88075.80,2,F1,1,,,,,
2026-09-18,2026-09-18,CM,NSE,STK,23952,INE148I07TR3,1015SCL29,ZL,,,,,SEC RE NCD 10.15% SR VII,1034.75,1034.75,1034.75,1034.75,1034.75,1026.75,,1034.75,,,17,17590.75,1,F1,1,,,,,
2026-09-18,2026-09-18,CM,NSE,STK,14710,INE148I07OH5,1015SCL28A,AL,,,,,SEC RE NCD 10.15% SR.VII,656.00,656.00,499.50,511.56,600.00,547.00,,525.54,,,58,30514.00,5,F1,1,,,,,
2026-09-18,2026-09-18,CM,NSE,STK,25914,INE583D07521,1025UCL26A,N1,,,,,SEC RE NCD 10.25% SR II,997.00,997.00,995.00,995.00,995.00,999.70,,994.93,,,16,15922.00,5,F1,1,,,,,
2026-09-18,2026-09-18,CM,NSE,STK,23323,INE148I07SQ7,1025SCL34,Z8,,,,,SEC RE NCD 10.25% SR XII,1010.00,1010.00,1010.00,1010.00,1010.00,990.00,,1010.00,,,10,10100.00,1,F1,1,,,,,
2026-09-18,2026-09-18,CM,NSE,STK,18906,INE148I07PV3,888SCL25E,N4,,,,,SEC RE NCD 10.25% SR XII,1077.60,1077.60,800.00,800.00,800.00,898.00,,928.00,,,172,142499.60,4,F1,1,,,,,
2026-09-18,2026-09-18,CM,NSE,STK,20130,INE148I07RB1,965SCL25F,NZ,,,,,SEC RE NCD 10.25% SR XII,840.00,840.00,840.00,840.00,840.00,825.00,,840.00,,,117,98280.00,2,F1,1,,,,,
2026-09-18,2026-09-18,CM,NSE,STK,14034,INE244L07283,1030SFIL28,NM,,,,,SEC RE NCD 10.30% SR.VII,547.00,547.00,547.00,547.00,547.00,550.00,,570.50,,,48,26256.00,1,F1,1,,,,,
2026-09-18,2026-09-18,CM,NSE,STK,15249,INE244L07556,1003SFIL28,NX,,,,,SEC RE NCD 10.50% SR.VII,401.01,401.01,401.01,401.01,401.01,401.01,,401.01,,,30,12030.30,1,F1,1,,,,,
2026-09-18,2026-09-18,CM,NSE,STK,23123,INE342T07460,1065NFL27,NC,,,,,SEC RE NCD 10.65% SR.IV,1030.00,1030.00,1030.00,1030.00,1030.00,1015.00,,1030.00,,,10,10300.00,1,F1,1,,,,,
2026-09-18,2026-09-18,CM,NSE,STK,23125,INE342T07445,1119NFL27,ND,,,,,SEC RE NCD 11.19% SR.V,1052.80,1053.10,1052.80,1052.88,1052.88,1052.00,,1052.88,,,287,302190.56,4,F1,1,,,,,
2026-09-18,2026-09-18,CM,NSE,STK,11658,INE0H7R07017,79NHIT35,N1,,,,,SEC RE NCD 7.90% STRPP A,310.75,310.75,310.50,310.50,310.50,310.00,,310.50,,,440,136638.00,13,F1,1,,,,,
2026-09-18,2026-09-18,CM,NSE,STK,11669,INE0H7R07033,79NHIT47,N3,,,,,SEC RE NCD 7.90% STRPP C,421.99,422.00,421.99,422.00,422.00,420.00,,422.00,,,6,2531.97,2,F1,1,,,,,
2026-09-18,2026-09-18,CM,NSE,STK,3476,INE219X07280,797IGT31,NL,,,,,SEC RE NCD 7.97% SR.VI,1000.00,1000.00,1000.00,1000.00,1000.00,1014.50,,1000.00,,,1,1000.00,1,F1,1,,,,,
2026-09-18,2026-09-18,CM,NSE,STK,3464,INE219X07264,82IGT31,NJ,,,,,SEC RE NCD 8.20% SR.V,1035.00,1042.99,1033.65,1042.99,1042.99,1035.00,,1042.99,,,333,346372.40,12,F1,1,,,,,
2026-09-18,2026-09-18,CM,NSE,STK,6197,INE530B07161,842IIFL26,NL,,,,,SEC RE NCD 8.42% SR.V,997.00,997.00,996.60,996.60,996.60,999.25,,995.78,,,566,564225.60,8,F1,1,,,,,
2026-09-18,2026-09-18,CM,NSE,STK,7668,INE477L07AQ2,843IHFL29,NC,,,,,SEC RE NCD 8.43% SR.VI,985.00,985.00,985.00,985.00,985.00,976.00,,985.00,,,122,120170.00,2,F1,1,,,,,
2026-09-18,2026-09-18,CM,NSE,STK,13852,INE530B07310,865IIFL28,NS,,,,,SEC RE NCD 8.65% SR.V,990.00,992.00,990.00,990.00,990.00,990.00,,990.00,,,96,95116.70,7,F1,1,,,,,
2026-09-18,2026-09-18,CM,NSE,STK,23706,INE338I07164,897MOFSL29,N4,,,,,SEC RE NCD 8.97% SR V,1020.00,1030.00,1020.00,1030.00,1030.00,1021.00,,1030.00,,,239,244895.00,9,F1,1,,,,,
2026-09-18,2026-09-18,CM,NSE,STK,5160,INE516Y07428,9PFL31A,NA,,,,,SEC RE NCD 9% SR.V,1035.00,1035.00,1035.00,1035.00,1035.00,1034.00,,1035.00,,,250,258750.00,4,F1,1,,,,,
2026-09-18,2026-09-18,CM,NSE,STK,13854,INE530B07260,9IIFL28A,NT,,,,,SEC RE NCD 9% SR.VI,1041.60,1041.60,1040.00,1040.00,1040.00,1041.25,,1040.00,,,1000,1040685.00,4,F1,1,,,,,
2026-09-18,2026-09-18,CM,NSE,STK,20075,INE148I07QK4,948SCL26A,NN,,,,,SEC RE NCD 9.48% SR V,360.00,360.00,360.00,360.00,360.00,332.00,,360.00,,,1,360.00,1,F1,1,,,,,
2026-09-18,2026-09-18,CM,NSE,STK,21000,INE148I07RJ4,948SCL26B,Y8,,,,,SEC RE NCD 9.48% SR V,996.12,996.12,996.12,996.12,996.12,996.12,,996.12,,,55,54786.60,3,F1,1,,,,,
2026-09-18,2026-09-18,CM,NSE,STK,25552,INE148I07UC3,948SCL27D,N1,,,,,SEC RE NCD 9.48% SR V,999.00,999.00,999.00,999.00,999.00,951.50,,999.00,,,50,49950.00,1,F1,1,,,,,
2026-09-18,2026-09-18,CM,NSE,STK,25294,INE423A07336,956AEL29,N6,,,,,SEC RE NCD 9.56% SR VI,1042.00,1050.00,1040.00,1050.00,1050.00,1044.50,,1050.00,,,109,113620.00,6,F1,1,,,,,
2026-09-18,2026-09-18,CM,NSE,STK,24137,INE413U07327,957IIFLS27,NA,,,,,SEC RE NCD 9.57% SR III,1003.00,1003.00,1003.00,1003.00,1003.00,1005.00,,1003.00,,,9,9027.00,1,F1,1,,,,,
2026-09-18,2026-09-18,CM,NSE,STK,25287,INE423A07328,965AEL27,N4,,,,,SEC RE NCD 9.65% SR IV,1011.99,1011.99,1011.00,1011.00,1011.00,1010.01,,1011.50,,,78,78932.25,3,F1,1,,,,,
2026-09-18,2026-09-18,CM,NSE,STK,18487,INE741K07579,970CAGL28,ND,,,,,SEC RE NCD 9.70% SR VII,1017.00,1020.00,1011.00,1020.00,1020.00,1018.00,,1015.04,,,1253,1266920.20,25,F1,1,,,,,
2026-09-18,2026-09-18,CM,NSE,STK,20995,INE148I07RN6,990SCL26B,Y7,,,,,SEC RE NCD 9.9% SR IV,1072.00,1072.00,1072.00,1072.00,1072.00,1072.00,,1072.00,,,25,26800.00,2,F1,1,,,,,
2026-09-18,2026-09-18,CM,NSE,STK,23293,INE148I07SG8,990SCL27,YT,,,,,SEC RE NCD 9.9% SR IV,1044.20,1044.20,1044.20,1044.20,1044.20,1044.03,,1044.20,,,220,229724.00,4,F1,1,,,,,
2026-09-18,2026-09-18,CM,NSE,STK,25296,INE423A07344,99AEL29,N7,,,,,SEC RE NCD 9.90% SR VII,1048.00,1054.00,1048.00,1052.08,1054.00,1050.00,,1052.08,,,414,435155.62,16,F1,1,,,,,
2026-09-18,2026-09-18,CM,NSE,STK,28854,INE477L07BA4,IHFL261224,N1,,,,,SEC RE NCD SR II,1150.80,1150.80,1150.80,1150.80,1150.80,1132.20,,1150.80,,,14,16111.20,2,F1,1,,,,,
2026-09-18,2026-09-18,CM,NSE,STK,14219,INE00QS24043,IMC1,N1,,,,,SEC RE NCGB 8.25% STRPP B,251.50,251.50,251.00,251.40,251.40,251.90,,251.40,,,116,29155.60,4,F1,1,,,,,
2026-09-18,2026-09-18,CM,NSE,STK,14224,INE00QS24027,IMC1,N2,,,,,SEC RE NCGB 8.25% STRPP C,251.50,251.50,251.50,251.50,251.50,251.50,,251.50,,,21,5281.50,1,F1,1,,,,,
2026-09-18,2026-09-18,CM,NSE,STK,14228,INE00QS24035,IMC1,N3,,,,,SEC RE NCGB 8.25% STRPP D,251.00,251.90,250.00,251.90,251.90,250.75,,251.90,,,370,92966.90,7,F1,1,,,,,
2026-09-18,2026-09-18,CM,NSE,STK,7975,INE804IA7014,1015ECL29,NR,,,,,SEC RED NCD 10.15% SR. VI,1019.00,1019.00,1018.00,1018.99,1018.99,1018.90,,1018.99,,,171,174148.49,7,F1,1,,,,,
2026-09-18,2026-09-18,CM,NSE,STK,7986,INE804IA7022,1060ECL29,NS,,,,,SEC RED NCD 10.6% SR. VII,1051.00,1132.00,1051.00,1132.00,1132.00,1075.00,,1132.00,,,165,181515.00,2,F1,1,,,,,
2026-09-18,2026-09-18,CM,NSE,STK,16874,INE033L07GU2,84TCHF28,NA,,,,,SEC RED NCD 8.40% SR.V,1065.40,1065.45,1065.40,1065.41,1065.45,1062.00,,1065.41,,,150,159812.50,2,F1,1,,,,,
2026-09-18,2026-09-18,CM,NSE,STK,498,INE721A07NU1,903SFL28,YI,,,,,SEC RED NCD 9.03% SR. II,1034.00,1034.00,1034.00,1034.00,1034.00,1030.92,,1034.00,,,50,51700.00,5,F1,1,,,,,
2026-09-18,2026-09-18,CM,NSE,STK,6149,INE721A07OC7,930SFL28,YP,,,,,SEC RED NCD 9.30% SR. II,1045.00,1045.00,1045.00,1045.00,1045.00,1045.00,,1045.00,,,200,209000.00,2,F1,1,,,,,
2026-09-18,2026-09-18,CM,NSE,STK,4288,INE804I078Y8,943ECL28,NJ,,,,,SEC RED NCD 9.43% SR. VI,998.01,1010.00,998.01,1009.94,1010.00,1002.00,,1009.94,,,158,159297.08,7,F1,1,,,,,
2026-09-18,2026-09-18,CM,NSE,STK,6168,INE721A07OF0,97SFL28,YS,,,,,SEC RED NCD 9.70% SR. V,1100.00,1100.00,1100.00,1100.00,1100.00,1100.00,,1100.00,,,10,11000.00,1,F1,1,,,,,
2026-09-18,2026-09-18,CM,NSE,STK,8642,INE721A07OQ7,97SFL29,YZ,,,,,SEC RED NCD 9.70% SR. V,1020.00,1090.00,1020.00,1090.00,1090.00,1090.56,,1090.00,,,2,2110.00,2,F1,1,,,,,
2026-09-18,2026-09-18,CM,NSE,STK,4292,INE804I079Y6,985ECL28,NK,,,,,SEC RED NCD 9.85% SR. VII,1005.50,1008.00,1005.50,1005.54,1005.51,1009.99,,1005.54,,,1189,1195769.97,18,F1,1,,,,,
2026-09-18,2026-09-18,CM,NSE,STK,19496,INE0BTM01013,SECMARK,EQ,,,,,SECMARK CONSULTANCY LTD,145.00,146.40,132.41,144.10,144.90,139.95,,144.10,,,2367,341310.66,35,F1,1,,,,,
2026-09-18,2026-09-18,CM,NSE,STK,11058,INE650K01021,SECURKLOUD,EQ,,,,,SECUREKLOUD TECH LIMITED,17.00,17.20,16.70,16.84,17.00,17.17,,16.85,,,5429,92092.11,94,F1,1,,,,,
2026-09-18,2026-09-18,CM,NSE,STK,761153,INE00XB01019,SEDEMAC,EQ,,,,,SEDEMAC MECHATRONICS LTD,3110.60,3234.10,3110.00,3147.80,3145.00,3110.60,,3147.92,,,190154,604242119.50,23393,F1,1,,,,,
2026-09-18,2026-09-18,CM,NSE,STK,7091,INE955I01044,SEJALLTD,EQ,,,,,SEJAL GLASS LIMITED,690.00,715.75,669.85,714.40,715.75,681.70,,714.75,,,36648,25839980.75,1220,F1,1,,,,,
2026-09-18,2026-09-18,CM,NSE,STK,757982,INE0IJF01013,SELLOWRAP,SM,,,,,SELLOWRAP INDUSTRIES LTD,65.10,65.10,65.00,65.00,65.00,67.50,,65.00,,,3200,208160.00,2,F1,1600,,,,,
2026-09-18,2026-09-18,CM,NSE,STK,11961,INE617A01013,SEMAC,EQ,,,,,SEMAC CONSTRUCTION LTD,270.00,280.00,262.40,273.70,273.70,270.00,,273.70,,,315,85872.95,24,F1,1,,,,,
2026-09-18,2026-09-18,CM,NSE,STK,17271,INE602W01027,SENCO,EQ,,,,,SENCO GOLD LIMITED,344.50,352.80,341.10,348.00,346.30,342.35,,348.01,,,606311,210880570.05,18175,F1,1,,,,,
2026-09-18,2026-09-18,CM,NSE,STK,28888,INE0RB801010,SENORES,EQ,,,,,SENORES PHARMACEUTICALS L,1423.60,1441.90,1391.70,1402.60,1399.90,1402.60,,1402.69,,,325710,458907239.80,22493,F1,1,,,,,
2026-09-18,2026-09-18,CM,NSE,STK,15308,INE964H01014,SEPC,EQ,,,,,SEPC LIMITED,5.26,5.29,5.08,5.23,5.23,5.22,,5.23,,,12309907,63676433.33,5490,F1,1,,,,,
2026-09-18,2026-09-18,CM,NSE,STK,20715,INE027E07BC8,865LTF26,NN,,,,,SERENCD 8.65% SR.VI OP12,1064.50,1072.99,1061.00,1061.00,1061.00,1064.50,,1060.01,,,349,371316.99,15,F1,1,,,,,
2026-09-18,2026-09-18,CM,NSE,STK,20655,INE027E07998,898LTF29,N7,,,,,SERENCD 8.98% SR.VI OP2,1065.00,1067.00,1055.00,1060.00,1060.00,1060.00,,1060.00,,,203,214301.00,25,F1,1,,,,,
2026-09-18,2026-09-18,CM,NSE,STK,20687,INE027E07AL1,905LTF27,NF,,,,,SERENCD 9.05% SR.VI OPII,1055.00,1055.00,1044.00,1049.36,1050.00,1044.70,,1049.36,,,293,307828.05,13,F1,1,,,,,
2026-09-18,2026-09-18,CM,NSE,STK,21197,INE306N07LM5,865TCAPS27,N8,,,,,SERENCD8.65%SR.IIICIII&IV,1015.00,1108.00,1015.00,1108.00,1108.00,1015.00,,1064.00,,,3,3231.00,3,F1,1,,,,,
2026-09-18,2026-09-18,CM,NSE,STK,4942,INE244L07184,92SFIL28,ND,,,,,SERENCD9.20%SRVIICIII&IV,1010.55,1010.55,1010.55,1010.55,1010.55,1000.65,,1010.55,,,131,132382.05,4,F1,1,,,,,
2026-09-18,2026-09-18,CM,NSE,STK,17399,INE0P1Q01015,SERVICE,SM,,,,,SERVICE CARE LIMITED,66.05,66.05,66.05,66.05,66.05,66.00,,66.05,,,4000,264200.00,1,F1,2000,,,,,
2026-09-18,2026-09-18,CM,NSE,STK,5507,INE782X01033,SERVOTECH,EQ,,,,,SERVOTECH REN POW SYS LTD,72.27,73.66,71.91,72.80,72.98,72.27,,72.80,,,396912,28759601.01,3756,F1,1,,,,,
2026-09-18,2026-09-18,CM,NSE,STK,759934,INE04VU01023,STYL,EQ,,,,,SESHAASAI TECHNOLOGIES L,366.00,369.95,355.00,360.35,358.15,365.85,,360.40,,,182909,66375492.85,6743,F1,1,,,,,
2026-09-18,2026-09-18,CM,NSE,STK,3066,INE630A01024,SESHAPAPER,EQ,,,,,SESHASAYEE PAPER & BOARDS,248.00,251.70,245.04,249.77,248.26,247.82,,249.82,,,27629,6864649.11,874,F1,1,,,,,
2026-09-18,2026-09-18,CM,NSE,STK,17518,INE878E01021,SETCO,BE,,,,,SETCO AUTOMOTIVE LTD,17.10,17.10,16.71,17.06,17.07,16.99,,17.06,,,13053,221569.81,112,F1,1,,,,,
2026-09-18,2026-09-18,CM,NSE,STK,18024,INE023M01027,SETUINFRA,BZ,,,,,SETUBANDHAN INFRA LTD,0.61,0.61,0.60,0.60,0.60,0.61,,0.60,,,29424,17803.91,30,F1,1,,,,,
2026-09-18,2026-09-18,CM,NSE,STK,10836,INE573R01012,SEYAIND,BE,,,,,SEYA INDUSTRIES LIMITED,12.93,13.12,12.63,13.12,13.12,12.87,,13.12,,,10679,138411.06,43,F1,1,,,,,
2026-09-18,2026-09-18,CM,NSE,STK,758853,INE618R01015,SGFIN,EQ,,,,,SG FINSERVE LIMITED,624.90,638.05,621.05,630.95,631.00,619.90,,631.10,,,75511,47572666.75,4194,F1,1,,,,,
2026-09-18,2026-09-18,CM,NSE,STK,758889,INE385F01024,SGMART,EQ,,,,,SG MART LIMITED,719.00,747.40,710.00,733.55,730.10,712.25,,733.54,,,192112,140799963.95,12970,F1,1,,,,,
2026-09-18,2026-09-18,CM,NSE,STK,765247,INE967B01028,SGLRES,EQ,,,,,SGL RESOURCES LIMITED,2.49,2.60,2.37,2.43,2.53,2.49,,2.43,,,279185,675220.12,154,F1,1,,,,,
2026-09-18,2026-09-18,CM,NSE,STK,761469,INE12UN01015,SHADOWFAX,EQ,,,,,SHADOWFAX TECHNOLOGIES L,252.50,253.40,247.50,251.55,250.55,251.65,,251.56,,,1172675,293177756.50,25776,F1,1,,,,,
2026-09-18,2026-09-18,CM,NSE,STK,11859,INE640C01011,SHAHALLOYS,BE,,,,,SHAH ALLOYS LIMITED,95.99,95.99,91.00,92.50,92.50,92.47,,92.51,,,11671,1085761.01,98,F1,1,,,,,
2026-09-18,2026-09-18,CM,NSE,STK,20296,INE482J01021,SHAH,EQ,,,,,SHAH METACORP LIMITED,3.32,3.32,3.26,3.28,3.30,3.30,,3.28,,,392673,1290834.51,537,F1,1,,,,,
2026-09-18,2026-09-18,CM,NSE,STK,8727,INE151G01028,SHAILY,EQ,,,,,SHAILY ENG PLASTICS LTD,3119.50,3209.70,3107.30,3149.80,3128.40,3107.20,,3149.78,,,156212,492079918.10,16520,F1,1,,,,,
2026-09-18,2026-09-18,CM,NSE,STK,25574,INE908D01010,SHAKTIPUMP,EQ,,,,,SHAKTI PUMPS (I) LTD,465.70,470.65,458.75,460.95,461.90,464.10,,460.96,,,460443,213491447.75,15720,F1,1,,,,,
2026-09-18,2026-09-18,CM,NSE,STK,714,INE597J01018,SHALBY,EQ,,,,,SHALBY LIMITED,138.00,141.40,133.92,137.66,137.00,138.50,,137.66,,,149630,20510133.05,2587,F1,1,,,,,
2026-09-18,2026-09-18,CM,NSE,STK,761688,INE861D01011,SAHLIBHFI,EQ,,,,,SHALIBHADRA FINANCE LTD,76.40,79.70,75.00,76.56,77.40,78.52,,76.56,,,17392,1350190.33,455,F1,1,,,,,
2026-09-18,2026-09-18,CM,NSE,STK,15346,INE849C01026,SHALPAINTS,BE,,,,,SHALIM PAINTS LTD,81.99,82.31,80.00,80.90,81.19,80.68,,80.90,,,37865,3073403.99,197,F1,1,,,,,
2026-09-18,2026-09-18,CM,NSE,STK,25737,INE01NE01012,SRD,EQ,,,,,SHANKAR LAL RAMPAL LTD,40.29,40.29,39.10,39.15,39.16,39.54,,39.15,,,8341,330758.06,108,F1,1,,,,,
2026-09-18,2026-09-18,CM,NSE,STK,20321,INE274V01019,SHANKARA,EQ,,,,,SHANKARA BLDG PRODUCT LTD,148.30,150.00,148.30,149.26,149.50,149.29,,149.26,,,461337,68796940.73,518,F1,1,,,,,
2026-09-18,2026-09-18,CM,NSE,STK,760594,INE24OJ01011,BUILDPRO,EQ,,,,,SHANKARA BUILDPRO LIMITED,1254.90,1270.00,1198.50,1253.80,1269.40,1244.90,,1253.84,,,123781,152139524.10,5618,F1,1,,,,,
2026-09-18,2026-09-18,CM,NSE,STK,765382,INE1WFC01025,SHANKESH,EQ,,,,,SHANKESH JEWELLERS LTD,90.70,95.25,89.01,93.06,93.05,88.96,,93.06,,,4370436,407155107.10,27312,F1,1,,,,,
2026-09-18,2026-09-18,CM,NSE,STK,19752,INE0Q9Q01017,SHANTHALA,SM,,,,,SHANTHALA FMCG PRODUCTS L,16.10,16.10,15.70,15.70,15.70,15.55,,15.70,,,2400,38160.00,2,F1,1200,,,,,
2026-09-18,2026-09-18,CM,NSE,STK,3078,INE631A01022,SHANTIGEAR,EQ,,,,,SHANTHI GEARS LTD,681.30,705.00,667.35,700.05,701.90,677.60,,700.09,,,90105,61971035.35,4382,F1,1,,,,,
2026-09-18,2026-09-18,CM,NSE,STK,762889,INE440T01028,SEIL,EQ,,,,,SHANTI EDU INITIATIVES L,195.24,195.24,188.05,192.19,188.05,193.07,,192.25,,,257466,49498206.99,1843,F1,1,,,,,
2026-09-18,2026-09-18,CM,NSE,STK,758002,INE06ZD01017,SHANTIGOLD,EQ,,,,,SHANTI GOLD INTERNATION L,242.44,264.11,242.44,251.27,250.40,242.44,,251.28,,,2818320,723498222.14,37509,F1,1,,,,,
2026-09-18,2026-09-18,CM,NSE,STK,765580,INE1ZEE01019,SHANTIINOR,ST,,,,,SHANTI INORGANICS LIMITED,175.80,183.95,170.00,181.30,180.00,176.10,,181.30,,,134400,24149920.00,77,F1,1600,,,,,
2026-09-18,2026-09-18,CM,NSE,STK,5650,INE933X01016,SHANTI,EQ,,,,,SHANTI OVERSEAS INDIA LTD,5.81,6.39,5.81,6.19,6.12,6.29,,6.19,,,7260,45215.08,54,F1,1,,,,,
2026-09-18,2026-09-18,CM,NSE,STK,762904,INE220Z01013,SHINDL,EQ,,,,,SHARAT INDUSTRIES LTD.,164.50,164.50,160.38,161.64,161.16,161.05,,161.64,,,430082,69555386.80,793,F1,1,,,,,
2026-09-18,2026-09-18,CM,NSE,STK,4992,INE221J01015,SHARDACROP,EQ,,,,,SHARDA CROPCHEM LTD.,742.90,753.00,737.15,743.10,742.55,741.70,,743.10,,,119733,89040585.80,7911,F1,1,,,,,
2026-09-18,2026-09-18,CM,NSE,STK,10530,INE597I01028,SHARDAMOTR,EQ,,,,,SHARDA MOTOR INDS LTD,935.00,971.95,930.00,967.05,968.00,948.35,,967.03,,,121973,116884517.05,10060,F1,1,,,,,
2026-09-18,2026-09-18,CM,NSE,STK,762897,INE037B01020,SHARDUL,BE,,,,,SHARDUL SECURITIES LTD.,54.45,55.25,54.45,55.00,55.24,54.17,,55.00,,,11561,635295.14,47,F1,1,,,,,
2026-09-18,2026-09-18,CM,NSE,STK,104,INE932X01026,SHAREINDIA,EQ,,,,,SHARE IND. SECURITIES LTD,221.00,233.35,216.00,228.15,226.23,218.44,,228.17,,,24957936,5656549946.21,218985,F1,1,,,,,
2026-09-18,2026-09-18,CM,NSE,STK,19469,INE460Q01014,SCML,SM,,,,,SHARP CHUCKS N MACHINES L,76.00,78.00,68.65,77.55,78.00,75.75,,77.55,,,138000,9788100.00,91,F1,1000,,,,,
2026-09-18,2026-09-18,CM,NSE,STK,759410,INE0YJV01017,SHEEL,ST,,,,,SHEEL BIOTECH LIMITED,60.00,60.00,60.00,60.00,60.00,60.00,,60.00,,,4000,240000.00,2,F1,2000,,,,,
2026-09-18,2026-09-18,CM,NSE,STK,19184,INE916U01025,SFL,EQ,,,,,SHEELA FOAM LIMITED,679.00,682.00,651.70,657.30,659.50,673.00,,657.26,,,213905,141865582.65,11909,F1,1,,,,,
2026-09-18,2026-09-18,CM,NSE,STK,12081,INE501Y01019,SCPL,BE,,,,,SHEETAL COOL PRODUCTS LTD,638.00,647.95,618.50,622.10,620.00,625.85,,623.97,,,4602,2875809.20,145,F1,1,,,,,
2026-09-18,2026-09-18,CM,NSE,STK,20415,INE04VX01019,SHEETAL,SM,,,,,SHEETAL UNIVERSAL LIMITED,359.00,359.00,359.00,359.00,359.00,359.00,,359.00,,,500,179500.00,1,F1,500,,,,,
2026-09-18,2026-09-18,CM,NSE,STK,21099,INE268L01046,SHEKHAWATI,BE,,,,,SHEKHAWATI INDUSTRIES LTD,20.79,22.07,20.60,21.48,21.85,21.02,,21.48,,,268145,5828806.82,393,F1,1,,,,,
2026-09-18,2026-09-18,CM,NSE,STK,5072,INE363M01019,SHEMAROO,BE,,,,,SHEMAROO ENTER. LTD.,120.00,120.00,115.50,116.39,116.30,115.50,,116.39,,,3624,422689.43,34,F1,1,,,,,
2026-09-18,2026-09-18,CM,NSE,STK,14172,INE0MM001019,SHERA,SM,,,,,SHERA ENERGY LIMITED,184.00,186.00,180.00,186.00,186.00,179.80,,186.00,,,27000,4929500.00,26,F1,1000,,,,,
2026-09-18,2026-09-18,CM,NSE,STK,764890,INE011D01013,SHERVANI,EQ,,,,,SHERVANI INDUSTRIAL SYN L,360.00,360.00,349.95,352.50,352.50,332.00,,351.65,,,54,19369.35,9,F1,1,,,,,
2026-09-18,2026-09-18,CM,NSE,STK,759847,INE024F01011,SHILCTECH,EQ,,,,,SHILCHAR TECHNOLOGIES LTD,4072.60,4172.90,3976.90,4067.90,4082.00,4103.40,,4068.56,,,16065,66080393.30,3863,F1,1,,,,,
2026-09-18,2026-09-18,CM,NSE,STK,764895,INE960A01017,SHILGRAVQ,EQ,,,,,SHILP GRAVURES LTD.,160.00,162.99,154.50,154.69,154.50,158.00,,154.68,,,2494,386946.03,63,F1,1,,,,,
2026-09-18,2026-09-18,CM,NSE,STK,17752,INE790G01031,SHILPAMED,EQ,,,,,SHILPA MEDICARE LTD,958.35,1033.10,951.90,1021.10,1028.00,958.35,,1021.09,,,1766385,1769989511.00,64447,F1,1,,,,,
2026-09-18,2026-09-18,CM,NSE,STK,23127,INE0PB301013,SCILAL,EQ,,,,,SHIPPING CORP OF ILA LTD,38.01,38.38,36.20,36.83,37.04,38.19,,36.83,,,1140340,42193652.84,10363,F1,1,,,,,
2026-09-18,2026-09-18,CM,NSE,STK,3048,INE109A01011,SCI,EQ,,,,,SHIPPING CORP OF INDIA LT,271.00,278.00,269.05,277.05,276.65,270.00,,277.05,,,1560763,426957010.05,27104,F1,1,,,,,
2026-09-18,2026-09-18,CM,NSE,STK,765282,INE0FOO01011,SHIPROCKET,EQ,,,,,SHIPROCKET LIMITED,122.20,122.93,120.50,121.59,121.59,120.93,,121.59,,,2264860,275177865.03,16969,F1,1,,,,,
2026-09-18,2026-09-18,CM,NSE,STK,759747,INE719F01016,SHIVAUM,EQ,,,,,SHIV AUM STEELS LIMITED,470.30,477.00,468.25,468.30,468.25,468.05,,468.30,,,3232,1531260.10,30,F1,1,,,,,
2026-09-18,2026-09-18,CM,NSE,STK,765160,INE555C01029,SHIVACEM,EQ,,,,,SHIVA CEMENT LTD.,15.49,15.69,15.30,15.45,15.45,15.30,,15.46,,,35784,551203.51,373,F1,1,,,,,
2026-09-18,2026-09-18,CM,NSE,STK,764900,INE960E01019,SHIVAAGRO,EQ,,,,,SHIVA GLOBAL AGRO INDS. L,39.89,42.00,37.16,41.79,41.80,38.71,,41.70,,,861,36085.27,36,F1,1,,,,,
2026-09-18,2026-09-18,CM,NSE,STK,1497,INE644Y01017,SHIVAMILLS,EQ,,,,,SHIVA MILLS LIMITED,58.60,61.95,58.10,61.58,61.95,60.20,,61.58,,,1536,92817.32,22,F1,1,,,,,
2026-09-18,2026-09-18,CM,NSE,STK,804,INE705C01020,SHIVATEX,EQ,,,,,SHIVA TEXYARN LIMITED,181.00,181.00,163.21,168.51,165.01,174.17,,168.51,,,4948,839232.54,140,F1,1,,,,,
2026-09-18,2026-09-18,CM,NSE,STK,24249,INE0T7B01010,SPCL,SM,,,,,SHIVALIC POWER CONTROL L,65.00,67.50,64.40,65.55,64.55,64.40,,65.55,,,30600,2018460.00,42,F1,600,,,,,
2026-09-18,2026-09-18,CM,NSE,STK,4656,INE386D01027,SBCL,EQ,,,,,SHIVALIK BIMETAL CON. LTD,1091.80,1109.80,1084.10,1096.20,1091.00,1091.80,,1096.14,,,106816,117135887.00,12993,F1,1,,,,,
2026-09-18,2026-09-18,CM,NSE,STK,7016,INE788J01021,SHIVALIK,EQ,,,,,SHIVALIK RASAYAN LIMITED,368.30,378.90,359.00,372.10,378.90,369.30,,372.04,,,87050,32110233.50,4851,F1,1,,,,,
2026-09-18,2026-09-18,CM,NSE,STK,13756,INE637H01024,SHIVAMAUTO,EQ,,,,,SHIVAM AUTO.LTD,16.70,19.42,16.70,19.42,19.42,16.19,,20.08,,,291980,5616469.60,728,F1,1,,,,,
2026-09-18,2026-09-18,CM,NSE,STK,758744,INE1DLF01018,SHIVASHRIT,SM,,,,,SHIVASHRIT FOODS LIMITED,118.00,119.85,112.60,115.45,115.00,115.20,,115.45,,,85000,9821750.00,55,F1,1000,,,,,
2026-09-18,2026-09-18,CM,NSE,STK,11813,INE498B01024,SHOPERSTOP,EQ,,,,,SHOPPERS STOP LIMITED,405.90,415.00,395.25,399.75,399.00,413.30,,399.82,,,72761,29418735.15,3374,F1,1,,,,,
2026-09-18,2026-09-18,CM,NSE,STK,764905,INE311M01018,SHRADDHA,EQ,,,,,SHRADDHA PRIME PROJECTS L,150.73,153.70,146.70,147.14,147.05,150.73,,147.14,,,11255,1666012.84,179,F1,1,,,,,
2026-09-18,2026-09-18,CM,NSE,STK,708,INE715Y01031,SHRADHA,EQ,,,,,SHRADHA REALTY LIMITED,31.00,32.15,29.81,30.00,30.59,31.15,,30.00,,,21953,666010.22,234,F1,1,,,,,
2026-09-18,2026-09-18,CM,NSE,STK,10588,INE712K01011,SHREEPUSHK,EQ,,,,,SHRE PUSH CHEM & FERT LTD,510.00,518.00,500.10,514.30,515.00,512.50,,514.28,,,44521,22646530.95,2788,F1,1,,,,,
2026-09-18,2026-09-18,CM,NSE,STK,762874,INE185C01017,SAPPL,EQ,,,,,SHREE AJIT PULP & PAPER L,285.00,289.90,265.30,276.15,281.00,278.75,,276.32,,,1212,330344.30,48,F1,1,,,,,
2026-09-18,2026-09-18,CM,NSE,STK,3103,INE070A01015,SHREECEM,EQ,,,,,SHREE CEMENT LIMITED,22200.00,23000.00,22100.00,22600.00,22600.00,21960.00,,22601.68,,,62133,1402790820.00,22013,F1,1,,,,,
2026-09-18,2026-09-18,CM,NSE,STK,3099,INE232A01011,SHREDIGCEM,EQ,,,,,SHREE DIGVIJAY CEM CO LTD,67.42,69.00,67.37,68.51,69.00,67.42,,68.51,,,55328,3765312.22,754,F1,1,,,,,
2026-09-18,2026-09-18,CM,NSE,STK,764885,INE414Y01015,SGRL,EQ,,,,,SHREE GANESH REMEDIES LTD,677.95,722.65,675.00,697.75,702.00,678.20,,697.83,,,18488,13025055.00,1406,F1,1,,,,,
2026-09-18,2026-09-18,CM,NSE,STK,23074,INE0S4Y01010,SHREEKARNI,SM,,,,,SHREE KARNI FABCOM LTD,370.00,370.00,370.00,370.00,370.00,374.95,,370.00,,,150,55500.00,1,F1,150,,,,,
2026-09-18,2026-09-18,CM,NSE,STK,20603,INE02S501018,SHREEOSFM,SM,,,,,SHREE OSFM E-MOBILITY LTD,52.00,52.40,51.30,52.40,52.40,51.00,,52.40,,,4000,207200.00,4,F1,1000,,,,,
2026-09-18,2026-09-18,CM,NSE,STK,760188,INE19GK01015,SRTL,EQ,,,,,SHREE RAM TWISTEX LIMITED,37.90,38.39,36.50,38.02,38.15,37.98,,38.01,,,36125,1362190.05,329,F1,1,,,,,
2026-09-18,2026-09-18,CM,NSE,STK,7627,INE879A01019,SHREERAMA,EQ,,,,,SHREE RAMA MULTI TECH LTD,44.35,46.39,44.15,44.53,44.60,44.36,,44.52,,,43261,1958094.10,923,F1,1,,,,,
2026-09-18,2026-09-18,CM,NSE,STK,13565,INE278B01020,RAMANEWS,EQ,,,,,SHREE RAMA NEWSPRINT LTD,30.40,31.90,30.40,31.33,31.45,30.94,,31.33,,,27396,851562.56,416,F1,1,,,,,
2026-09-18,2026-09-18,CM,NSE,STK,12026,INE087H01022,RENUKA,EQ,,,,,SHREE RENUKA SUGARS LTD,22.85,23.32,22.35,23.06,22.99,22.81,,23.06,,,10903563,247683513.40,16606,F1,1,,,,,
2026-09-18,2026-09-18,CM,NSE,STK,25203,INE0S2G01011,BALAJEE,EQ,,,,,SHREE TIRUPATI BALAJEE L,25.01,25.50,24.82,25.31,25.50,25.03,,25.31,,,22788,573072.73,245,F1,1,,,,,
2026-09-18,2026-09-18,CM,NSE,STK,15121,INE00CE01017,SVLL,EQ,,,,,SHREE VASU LOGISTICS LTD,818.45,825.00,801.00,815.85,814.00,818.35,,815.85,,,1039,844164.10,47,F1,1,,,,,
2026-09-18,2026-09-18,CM,NSE,STK,762159,INE0K3301012,SHREEDHAR,ST,,,,,SHREEDHAR SPINNERS LTD,160.25,161.00,160.00,161.00,161.00,153.35,,161.00,,,14000,2250500.00,7,F1,2000,,,,,
2026-09-18,2026-09-18,CM,NSE,STK,759802,INE1FL101016,SHETHJI,SM,,,,,SHREEJI GLOBAL FMCG LTD,195.10,195.10,190.10,190.85,190.15,195.05,,190.85,,,14000,2676300.00,10,F1,1000,,,,,
2026-09-18,2026-09-18,CM,NSE,STK,759448,INE1B6101010,SHREEJISPG,EQ,,,,,SHREEJI SHIPPING GLOBAL L,689.95,709.80,674.20,708.05,707.30,691.00,,708.05,,,854162,594314931.25,9805,F1,1,,,,,
2026-09-18,2026-09-18,CM,NSE,STK,14305,INE00IK01029,OSWALSEEDS,EQ,,,,,SHREEOSWAL S AND CHE LTD,14.00,14.35,13.55,13.72,13.61,13.87,,13.72,,,109264,1518863.86,458,F1,1,,,,,
2026-09-18,2026-09-18,CM,NSE,STK,760252,INE632X01030,SHRENIK,BZ,,,,,SHRENIK LIMITED,0.29,0.30,0.28,0.29,0.30,0.29,,0.29,,,253750,74030.41,139,F1,1,,,,,
2026-09-18,2026-09-18,CM,NSE,STK,3126,INE231C01019,SHREYANIND,EQ,,,,,SHREYANS INDUSTRIES LTD,128.01,132.00,125.65,131.13,130.10,128.01,,131.13,,,3183,412871.02,113,F1,1,,,,,
2026-09-18,2026-09-18,CM,NSE,STK,756406,INE0DM401012,SHRIAHIMSA,SM,,,,,SHRI AHIMSA NATURALS LTD,462.95,475.00,462.95,468.75,471.00,454.20,,468.75,,,8400,3953970.00,14,F1,600,,,,,
2026-09-18,2026-09-18,CM,NSE,STK,762899,INE402H01015,SHBAJRG,EQ,,,,,SHRI BAJRANG ALLIANCE L,153.99,155.00,152.15,155.00,155.00,152.08,,155.00,,,3122,483373.99,70,F1,1,,,,,
2026-09-18,2026-09-18,CM,NSE,STK,764910,INE564J01026,SHRJAGP,EQ,,,,,SHRI JAGDAMBA POLYMERS L,643.55,657.75,630.00,637.65,638.00,642.50,,637.65,,,176,112944.75,21,F1,1,,,,,
2026-09-18,2026-09-18,CM,NSE,STK,760202,INE1V4601019,SHRIKANHA,SM,,,,,SHRI KANHA STAINLESS LTD,22.45,22.50,22.45,22.50,22.50,21.90,,22.50,,,4800,107920.00,3,F1,1600,,,,,
2026-09-18,2026-09-18,CM,NSE,STK,762909,INE997I01012,SHRIKRISH,EQ,,,,,SHRI KRISHNA DEVCON LTD.,34.02,39.99,34.02,36.98,37.00,34.04,,36.98,,,1595,58790.77,32,F1,1,,,,,
2026-09-18,2026-09-18,CM,NSE,STK,17684,INE0OMF01015,SHRITECH,SM,,,,,SHRI TECHTEX LIMITED,60.50,60.50,60.50,60.50,60.50,60.30,,60.50,,,2000,121000.00,1,F1,2000,,,,,
2026-09-18,2026-09-18,CM,NSE,STK,759093,INE1B3L01017,SHRINGARMS,EQ,,,,,SHRINGAR HOU OF MANGALS L,214.00,216.75,208.75,210.67,208.79,211.74,,210.68,,,569905,121466106.71,3743,F1,1,,,,,
2026-09-18,2026-09-18,CM,NSE,STK,24374,INF680P01422,LIQUIDSHRI,EQ,,,,,SHRIRAM - LIQUIDSHRI,1122.13,1122.15,1122.13,1122.13,1122.15,1121.72,,1122.13,,,5249,5890100.38,22,F1,1,,,,,
2026-09-18,2026-09-18,CM,NSE,STK,4306,INE721A01047,SHRIRAMFIN,EQ,,,,,SHRIRAM FINANCE LIMITED,1004.90,1019.00,1000.50,1010.00,1010.00,995.00,,1009.99,,,4870631,4926141200.90,95650,F1,1,,,,,
2026-09-18,2026-09-18,CM,NSE,STK,7200,INE217L01019,SHRIRAMPPS,EQ,,,,,SHRIRAM PROPERTIES LTD,73.15,73.15,70.81,71.22,71.05,72.91,,71.22,,,365988,26147580.26,3524,F1,1,,,,,
2026-09-18,2026-09-18,CM,NSE,STK,25240,INE0UL701015,SHUBHSHREE,SM,,,,,SHUBHSHREE BIOFUELS ENE L,350.00,350.00,350.00,350.00,350.00,350.00,,350.00,,,3000,1050000.00,10,F1,300,,,,,
2026-09-18,2026-09-18,CM,NSE,STK,764537,INE551C01044,SHUKRAPHAR,EQ,,,,,SHUKRA PHARMACEUTICALS L,54.76,57.89,54.29,55.93,55.74,54.24,,55.93,,,3423614,191670563.09,9607,F1,1,,,,,
2026-09-18,2026-09-18,CM,NSE,STK,10192,INE979R01011,SHYAMCENT,BE,,,,,SHYAM CENTURY FERROUS LTD,4.75,5.12,4.75,5.06,5.12,4.97,,5.05,,,422226,2090219.04,91,F1,1,,,,,
2026-09-18,2026-09-18,CM,NSE,STK,761213,INE1CRP01016,SHYAMDHANI,ST,,,,,SHYAM DHANI INDUSTRIES L,53.40,53.40,52.25,52.50,52.50,53.00,,52.50,,,8000,421400.00,4,F1,2000,,,,,
2026-09-18,2026-09-18,CM,NSE,STK,4693,INE810G01011,SHYAMMETL,EQ,,,,,SHYAM METALICS AND ENGY L,1087.00,1109.00,1079.00,1100.00,1106.60,1077.00,,1100.03,,,1196160,1314338991.10,24578,F1,1,,,,,
2026-09-18,2026-09-18,CM,NSE,STK,13740,INE635A01023,SHYAMTEL,EQ,,,,,SHYAM TELECOM LIMITED,11.14,11.40,11.13,11.40,11.40,11.09,,11.50,,,2221,24722.20,6,F1,1,,,,,
2026-09-18,2026-09-18,CM,NSE,STK,16875,INE176J01011,SICAGEN,EQ,,,,,SICAGEN INDIA LIMITED,52.74,53.69,52.00,52.77,53.60,52.22,,52.74,,,7433,390026.46,117,F1,1,,,,,
2026-09-18,2026-09-18,CM,NSE,STK,19440,INE075B01020,SICALLOG,BE,,,,,SICAL LOGISTICS LIMITED,91.35,94.70,89.05,91.07,90.01,91.65,,91.07,,,16434,1508357.49,98,F1,1,,,,,
2026-09-18,2026-09-18,CM,NSE,STK,759053,INE0SVO01019,SIDDHICOTS,SM,,,,,SIDDHI COTSPIN LIMITED,26.95,27.20,26.95,27.20,27.20,26.50,,27.20,,,7200,194760.00,6,F1,1200,,,,,
2026-09-18,2026-09-18,CM,NSE,STK,3148,INE0A1E01018,SIDDHIKA,SM,,,,,SIDDHIKA COATINGS LIMITED,228.00,228.00,214.70,214.80,215.00,226.00,,214.80,,,20000,4343250.00,26,F1,500,,,,,
2026-09-18,2026-09-18,CM,NSE,STK,756871,INE1NPP01017,ENRIN,EQ,,,,,SIEMENS ENERGY INDIA LTD,3116.00,3250.00,3110.00,3228.00,3245.00,3109.10,,3227.93,,,740325,2368720017.70,61825,F1,1,,,,,
2026-09-18,2026-09-18,CM,NSE,STK,3150,INE003A01024,SIEMENS,EQ,,,,,SIEMENS LTD,3781.40,3913.90,3770.00,3913.90,3913.90,3763.50,,3913.89,,,666502,2553516081.60,35942,F1,1,,,,,
2026-09-18,2026-09-18,CM,NSE,STK,6663,INE0D0K01022,SIGACHI,EQ,,,,,SIGACHI INDUSTRIES LTD,29.35,32.15,29.32,29.60,29.65,29.33,,29.60,,,16377369,497242025.93,55643,F1,1,,,,,
2026-09-18,2026-09-18,CM,NSE,STK,14797,INE933B01012,SIGMAADV,BE,,,,,SIGMA ADVANCED SYSTEM LTD,848.00,888.30,831.10,866.10,867.45,857.40,,866.01,,,255004,219768517.75,5814,F1,1,,,,,
2026-09-18,2026-09-18,CM,NSE,STK,16658,INE0A0S01028,SIGMA,EQ,,,,,SIGMA SOLVE LIMITED,47.00,47.30,46.25,47.03,47.00,46.24,,47.03,,,50131,2354135.59,940,F1,1,,,,,
2026-09-18,2026-09-18,CM,NSE,STK,18743,INE903U01023,SIGNATURE,EQ,,,,,SIGNATUREGLOBAL INDIA LTD,755.00,761.00,744.00,756.95,760.00,755.30,,756.96,,,248406,186821241.40,8171,F1,1,,,,,
2026-09-18,2026-09-18,CM,NSE,STK,4517,INE529F01035,SIGIND,BE,,,,,SIGNET INDUSTRIES LIMITED,71.30,71.30,69.00,69.99,70.00,67.96,,69.98,,,11347,792683.68,182,F1,1,,,,,
2026-09-18,2026-09-18,CM,NSE,STK,23150,INE0RDE01010,SIGNORIA,ST,,,,,SIGNORIA CREATION LIMITED,145.00,145.00,145.00,145.00,145.00,151.00,,145.00,,,1000,145000.00,1,F1,1000,,,,,
2026-09-18,2026-09-18,CM,NSE,STK,22656,INE0KGZ01021,SIGNPOST,EQ,,,,,SIGNPOST INDIA LIMITED,265.05,277.50,260.60,271.50,266.60,262.15,,271.41,,,44887,11971362.05,1853,F1,1,,,,,
2026-09-18,2026-09-18,CM,NSE,STK,762914,INE438E01032,SIKA,EQ,,,,,SIKA INTERPLANT SYSTEMS L,1030.70,1063.70,1010.25,1021.50,1039.00,1027.05,,1021.41,,,36899,38183808.35,3204,F1,1,,,,,
2026-09-18,2026-09-18,CM,NSE,STK,6226,INE112X01025,SIKKO,BE,,,,,SIKKO INDUSTRIES LIMITED,5.80,6.00,5.75,5.92,6.00,5.99,,5.92,,,462737,2713675.33,474,F1,1,,,,,
2026-09-18,2026-09-18,CM,NSE,STK,4105,INE923A01015,SILINV,EQ,,,,,SIL INVESTMENTS LIMITED,437.95,455.00,434.00,446.90,446.80,438.40,,446.70,,,588,262880.55,55,F1,1,,,,,
2026-09-18,2026-09-18,CM,NSE,STK,2492,INE01II01013,SILGO,EQ,,,,,SILGO RETAIL LIMITED,69.46,71.99,69.46,70.80,70.33,70.18,,70.80,,,50168,3525651.52,427,F1,1,,,,,
2026-09-18,2026-09-18,CM,NSE,STK,23736,INE0STN01015,SILKFLEX,SM,,,,,SILKFLEX POLYMERS INDIA L,267.00,280.35,266.30,280.35,280.35,267.00,,280.35,,,23000,6372550.00,20,F1,1000,,,,,
2026-09-18,2026-09-18,CM,NSE,STK,757679,INE0SN801015,SILKY,SM,,,,,SILKY OVERSEAS LIMITED,69.00,71.95,61.00,65.35,66.50,71.90,,65.35,,,24800,1598880.00,20,F1,800,,,,,
2026-09-18,2026-09-18,CM,NSE,STK,9422,INE625X01026,SILVERTUC,EQ,,,,,SILVER TOUCH TECHNO LTD,149.08,149.09,144.40,146.28,147.40,149.08,,146.31,,,310512,45679204.72,5099,F1,1,,,,,
2026-09-18,2026-09-18,CM,NSE,STK,758836,INE748T01016,SIMBHALS,BZ,,,,,SIMBHAOLI SUGARS LTD.,6.67,6.67,6.67,6.67,6.67,6.80,,7.13,,,4036,26920.12,24,F1,1,,,,,
2026-09-18,2026-09-18,CM,NSE,STK,763378,INE1K4J01018,SIMCA,ST,,,,,SIMCA ADVERTISING LIMITED,262.00,275.00,262.00,269.50,275.00,263.90,,269.50,,,33600,8901660.00,16,F1,600,,,,,
2026-09-18,2026-09-18,CM,NSE,STK,3162,INE059B01024,SIMPLEXINF,EQ,,,,,SIMPLEX INFRASTRUCTURES L,253.30,268.00,249.10,251.40,250.30,252.40,,251.40,,,211797,54188739.95,5177,F1,1,,,,,
2026-09-18,2026-09-18,CM,NSE,STK,764915,INE167H01014,SIMPLXREA,EQ,,,,,SIMPLEX REALTY LTD.,132.00,132.00,120.60,124.20,132.00,126.25,,126.47,,,5,628.80,4,F1,1,,,,,
2026-09-18,2026-09-18,CM,NSE,STK,23480,INE985A01022,SINCLAIR,EQ,,,,,SINCLAIRS HOTELS LIMITED,78.87,84.39,78.55,81.93,82.39,77.56,,81.93,,,60387,4893720.13,1006,F1,1,,,,,
2026-09-18,2026-09-18,CM,NSE,STK,16859,INE325D01025,SINDHUTRAD,EQ,,,,,SINDHU TRADE LINKS LTD,23.54,24.94,22.62,24.72,24.51,23.27,,24.72,,,5339301,128048297.61,5141,F1,1,,,,,
2026-09-18,2026-09-18,CM,NSE,STK,761420,INE638A01035,SINGERIND,EQ,,,,,SINGER INDIA LIMITED,76.92,77.99,75.30,76.28,76.07,76.86,,76.36,,,58206,4430357.37,316,F1,1,,,,,
2026-09-18,2026-09-18,CM,NSE,STK,381,INE129Z01016,SINTERCOM,EQ,,,,,SINTERCOM INDIA LIMITED,76.41,78.59,75.00,77.10,78.00,76.03,,77.10,,,403,31019.99,27,F1,1,,,,,
2026-09-18,2026-09-18,CM,NSE,STK,11050,INE792Z01011,SIRCA,EQ,,,,,SIRCA PAINT INDIA LIMITED,410.25,413.00,404.00,406.25,405.00,406.55,,406.25,,,247257,100703388.75,4779,F1,1,,,,,
2026-09-18,2026-09-18,CM,NSE,STK,21501,INE285J01028,SIS,EQ,,,,,SIS LIMITED,419.80,430.95,419.00,428.25,427.70,419.80,,428.37,,,164393,70396434.55,6190,F1,1,,,,,
2026-09-18,2026-09-18,CM,NSE,STK,29210,INE965H01011,SITINET,BZ,,,,,SITI NETWORKS LIMITED,0.27,0.28,0.27,0.28,0.28,0.27,,0.28,,,223470,62485.92,175,F1,1,,,,,
2026-09-18,2026-09-18,CM,NSE,STK,14096,INE076B01028,SIYSIL,EQ,,,,,SIYARAM SILK MILLS LTD,512.55,535.85,512.55,527.40,535.00,514.45,,527.39,,,52367,27401754.00,2909,F1,1,,,,,
2026-09-18,2026-09-18,CM,NSE,STK,6643,INE284S01014,SJS,EQ,,,,,SJS ENTERPRISES LIMITED,2297.20,2460.00,2280.20,2422.80,2450.00,2266.00,,2422.46,,,992502,2395557168.20,38512,F1,1,,,,,
2026-09-18,2026-09-18,CM,NSE,STK,18883,INE002L01015,SJVN,EQ,,,,,SJVN LTD,64.84,65.23,63.70,63.95,63.83,64.75,,63.95,,,4062726,260655512.36,27865,F1,1,,,,,
2026-09-18,2026-09-18,CM,NSE,STK,760101,INE2J8701016,SKFINDUS,EQ,,,,,SKF IND (INDUSTRIAL) LTD,2969.90,3218.70,2942.00,2984.20,2950.00,2940.30,,2981.90,,,1293995,3870460073.50,63743,F1,1,,,,,
2026-09-18,2026-09-18,CM,NSE,STK,3186,INE640A01023,SKFINDIA,EQ,,,,,SKF INDIA LTD,1541.00,1639.80,1515.00,1552.60,1534.90,1541.00,,1552.53,,,324766,509489472.80,29013,F1,1,,,,,
2026-09-18,2026-09-18,CM,NSE,STK,9428,INE439E01022,SKIPPER,EQ,,,,,SKIPPER LIMITED,537.00,570.00,532.10,566.20,563.10,532.55,,566.20,,,1433300,801206863.40,48097,F1,1,,,,,
2026-09-18,2026-09-18,CM,NSE,STK,4732,INE411D01023,SKMEGGPROD,EQ,,,,,SKM EGG PROD EXPORT(I) LT,232.90,235.90,228.10,229.75,229.20,231.90,,229.79,,,106551,24602770.05,2822,F1,1,,,,,
2026-09-18,2026-09-18,CM,NSE,STK,10325,INE0KZA01016,SKP,SM,,,,,SKP BEARING INDUSTRI. LTD,158.50,160.95,157.60,160.95,160.95,157.60,,160.95,,,2500,398275.00,5,F1,500,,,,,
2026-09-18,2026-09-18,CM,NSE,STK,13631,INE01IU01018,SKYGOLD,EQ,,,,,SKY GOLD AND DIAMONDS LTD,794.00,806.75,779.85,783.70,785.30,793.30,,783.70,,,566838,448421406.15,21057,F1,1,,,,,
2026-09-18,2026-09-18,CM,NSE,STK,765333,INE0VFE01017,SKYTECH,SM,,,,,SKYTECH INFINITE PLATFM L,22.80,25.20,22.80,25.20,25.20,24.00,,25.20,,,440000,10551040.00,148,F1,1600,,,,,
2026-09-18,2026-09-18,CM,NSE,STK,765480,INE0PX301025,SKYWAYS,EQ,,,,,SKYWAYS AIR SERVICES LTD,126.90,135.35,122.55,124.43,124.70,117.98,,124.43,,,92941309,12026363621.77,477808,F1,1,,,,,
2026-09-18,2026-09-18,CM,NSE,STK,23692,INE0SMA01017,SLONE,ST,,,,,SLONE INFOSYSTEMS LIMITED,170.00,173.00,164.35,169.65,173.00,173.00,,169.65,,,4400,738260.00,11,F1,400,,,,,
2026-09-18,2026-09-18,CM,NSE,STK,757622,INE14GK01016,SMARTEN,ST,,,,,SMARTEN POWER SYSTEMS LTD,53.00,55.00,52.10,54.00,55.00,53.45,,54.00,,,12000,632160.00,6,F1,1200,,,,,
2026-09-18,2026-09-18,CM,NSE,STK,9893,INE178C01020,SMARTLINK,BE,,,,,SMARTLINK HOLDINGS LTD,213.62,220.45,213.62,220.45,220.45,214.41,,220.45,,,1400,305209.62,45,F1,1,,,,,
2026-09-18,2026-09-18,CM,NSE,STK,757965,INE0NAZ01010,SMARTWORKS,EQ,,,,,SMARTWORKS COWORKING SP L,519.85,560.95,519.85,547.35,558.45,519.90,,547.40,,,274681,150180500.75,4688,F1,1,,,,,
2026-09-18,2026-09-18,CM,NSE,STK,760218,INE05NX24023,8SMC29,N1,,,,,SMC 8% 2029 STRPP A,511.02,513.00,511.02,513.00,513.00,513.00,,514.90,,,190,97440.30,2,F1,1,,,,,
2026-09-18,2026-09-18,CM,NSE,STK,760219,INE05NX24031,8SMC30,N2,,,,,SMC 8% 2030 STRPP B,506.88,509.00,506.88,508.11,508.11,506.88,,514.90,,,232,117615.50,4,F1,1,,,,,
2026-09-18,2026-09-18,CM,NSE,STK,2320,INE103C01036,SMCGLOBAL,EQ,,,,,SMC GLOBAL SECURITIES LTD,82.00,83.70,80.21,80.94,80.70,82.87,,80.94,,,467005,38203946.49,4640,F1,1,,,,,
2026-09-18,2026-09-18,CM,NSE,STK,3387,INE294B01019,SMLMAH,EQ,,,,,SML MAHINDRA LIMITED,6248.00,6484.00,6221.00,6292.50,6310.00,6220.50,,6292.79,,,53178,337312911.00,8311,F1,1,,,,,
2026-09-18,2026-09-18,CM,NSE,STK,14329,INE812G01025,SMSPHARMA,EQ,,,,,SMS PHARMACEUTICALS LTD.,415.80,446.20,415.80,442.95,442.10,413.75,,442.95,,,1745125,762966916.75,54253,F1,1,,,,,
2026-09-18,2026-09-18,CM,NSE,STK,758946,INE1OIC01018,SNEHAA,SM,,,,,SNEHAA ORGANICS LIMITED,44.10,44.50,44.10,44.50,44.50,44.10,,44.50,,,2000,88600.00,2,F1,1000,,,,,
2026-09-18,2026-09-18,CM,NSE,STK,4843,INE734N01019,SNOWMAN,EQ,,,,,SNOWMAN LOGISTICS LTD.,34.90,35.40,34.00,35.25,35.25,34.72,,35.25,,,155817,5418315.55,1488,F1,1,,,,,
2026-09-18,2026-09-18,CM,NSE,STK,13826,INE671H01015,SOBHA,EQ,,,,,SOBHA LIMITED,1192.70,1225.80,1190.50,1215.20,1215.00,1189.40,,1215.20,,,120571,146292232.60,8956,F1,1,,,,,
2026-09-18,2026-09-18,CM,NSE,STK,8266,INE728Z01015,SOFTTECH,EQ,,,,,SOFTTECH ENGINEERS LTD,525.70,525.70,515.00,525.70,525.70,500.70,,524.05,,,35070,18402954.80,393,F1,1,,,,,
2026-09-18,2026-09-18,CM,NSE,STK,13332,INE343H01029,SOLARINDS,EQ,,,,,SOLAR INDUSTRIES (I) LTD,18850.00,19080.00,18555.00,18555.00,18555.00,18815.00,,18556.43,,,202858,3830774775.00,43973,F1,1,,,,,
2026-09-18,2026-09-18,CM,NSE,STK,3672,INE624Z01016,SOLARA,EQ,,,,,SOLARA ACTIVE PHA SCI LTD,741.70,750.40,730.00,742.05,744.00,741.70,,741.92,,,260108,192514798.90,11434,F1,1,,,,,
2026-09-18,2026-09-18,CM,NSE,STK,759929,INE0TY101024,SOLARWORLD,EQ,,,,,SOLARWORLD ENERGY SOL LTD,134.37,136.39,132.20,133.56,135.00,133.78,,133.59,,,125558,16823963.27,3126,F1,1,,,,,
2026-09-18,2026-09-18,CM,NSE,STK,759397,INE880Y01017,SOLEX,EQ,,,,,SOLEX ENERGY LIMITED,681.35,719.00,673.60,695.10,699.00,671.30,,694.99,,,122265,85591390.25,9644,F1,1,,,,,
2026-09-18,2026-09-18,CM,NSE,STK,1338,INE480C01038,SDBL,EQ,,,,,SOM DIST & BREW LTD,68.00,69.14,67.50,68.06,68.50,67.80,,68.06,,,396617,27090752.73,3300,F1,1,,,,,
2026-09-18,2026-09-18,CM,NSE,STK,4201,INE314C01013,SOMATEX,EQ,,,,,SOMA TEXTILES & INDUST LT,82.77,82.99,79.30,80.95,81.40,82.77,,80.95,,,13997,1133095.47,195,F1,1,,,,,
2026-09-18,2026-09-18,CM,NSE,STK,3880,INE355A01028,SOMANYCERA,EQ,,,,,SOMANY CERAMICS LIMITED,560.75,579.25,557.95,572.60,576.85,565.85,,572.56,,,103703,59157516.15,4260,F1,1,,,,,
2026-09-18,2026-09-18,CM,NSE,STK,17794,INE323J01019,SOMICONVEY,EQ,,,,,SOMI CONVEYOR BELT. LTD.,97.59,97.59,94.00,94.25,94.38,94.60,,94.25,,,11529,1096432.39,313,F1,1,,,,,
2026-09-18,2026-09-18,CM,NSE,STK,4684,INE073K01018,SONACOMS,EQ,,,,,SONA BLW PRECISION FRGS L,780.20,812.00,780.20,808.00,808.00,777.90,,808.02,,,4201864,3382346357.80,68185,F1,1,,,,,
2026-09-18,2026-09-18,CM,NSE,STK,23052,INE0Q6H01012,SONAMAC,SM,,,,,SONA MACHINERY LIMITED,31.05,32.50,31.05,31.25,31.25,32.15,,31.25,,,9000,282900.00,6,F1,1000,,,,,
2026-09-18,2026-09-18,CM,NSE,STK,762919,INE321M01017,SONAL,EQ,,,,,SONAL MERCANTILE LTD.,87.25,87.25,84.01,84.07,84.01,83.12,,84.07,,,270,23110.32,27,F1,1,,,,,
2026-09-18,2026-09-18,CM,NSE,STK,8817,INE00LM01029,SONAMLTD,BE,,,,,SONAM LIMITED,68.18,71.10,68.00,70.27,71.00,68.18,,70.27,,,28662,1984106.04,94,F1,1,,,,,
2026-09-18,2026-09-18,CM,NSE,STK,6596,INE269A01021,SONATSOFTW,EQ,,,,,SONATA SOFTWARE LTD,282.00,282.05,272.20,274.00,273.80,281.65,,274.00,,,672020,185328756.00,14199,F1,1,,,,,
2026-09-18,2026-09-18,CM,NSE,STK,9463,INE0JZA01018,SONUINFRA,ST,,,,,SONU INFRATECH LIMITED,47.50,48.85,45.40,47.10,45.40,47.70,,47.10,,,27000,1241325.00,13,F1,1500,,,,,
2026-09-18,2026-09-18,CM,NSE,STK,9678,INE980Y01015,SOUTHWEST,EQ,,,,,SOUTH WEST PINNACLE LTD,199.00,202.50,193.44,196.11,195.40,200.07,,196.12,,,197258,38846323.77,4945,F1,1,,,,,
2026-09-18,2026-09-18,CM,NSE,STK,19372,INE970N01027,SPCENET,EQ,,,,,SPACENET ENTERS IND LTD,3.20,3.26,3.10,3.13,3.16,3.19,,3.13,,,702541,2226914.26,639,F1,1,,,,,
2026-09-18,2026-09-18,CM,NSE,STK,11435,INE572J01011,SPANDANA,EQ,,,,,SPANDANA SPHOORTY FIN LTD,227.02,231.30,227.00,229.25,228.10,227.02,,229.23,,,74230,16997099.16,2099,F1,1,,,,,
2026-09-18,2026-09-18,CM,NSE,STK,760135,INE1CW901027,SPEB,SM,,,,,SPEB ADHESIVES LIMITED,87.00,87.00,87.00,87.00,87.00,89.15,,87.00,,,2000,174000.00,1,F1,2000,,,,,
2026-09-18,2026-09-18,CM,NSE,STK,27111,INE247M01014,SPECIALITY,BE,,,,,SPECIALITY REST LTD,136.00,145.50,136.00,144.89,144.95,139.36,,144.88,,,33415,4794794.10,231,F1,1,,,,,
2026-09-18,2026-09-18,CM,NSE,STK,30457,INE01EO01010,SPECTRUM,BE,,,,,SPECTRUM ELECTRIC IND LTD,2990.00,3145.00,2955.00,3039.60,3065.00,3050.40,,3040.87,,,4924,14938453.20,560,F1,1,,,,,
2026-09-18,2026-09-18,CM,NSE,STK,16876,INE0OL001018,SPECTSTM,SM,,,,,SPECTRUM TALENT MGMT LTD,60.05,60.05,60.00,60.00,60.00,60.00,,60.00,,,2400,144040.00,3,F1,800,,,,,
2026-09-18,2026-09-18,CM,NSE,STK,8163,INE020801028,SPENCERS,EQ,,,,,SPENCER S RETAIL LIMITED,28.50,29.40,27.62,28.38,28.50,28.17,,28.38,,,28173,799249.05,258,F1,1,,,,,
2026-09-18,2026-09-18,CM,NSE,STK,3252,INE147A01011,SPIC,EQ,,,,,SPIC LTD,67.30,69.09,67.25,68.70,69.00,66.92,,68.70,,,616680,42106873.77,3722,F1,1,,,,,
2026-09-18,2026-09-18,CM,NSE,STK,11935,INE978G01016,SPLIL,EQ,,,,,SPL INDUSTRIES LIMITED,29.65,30.79,29.65,30.30,30.30,29.95,,30.30,,,1395,42029.07,26,F1,1,,,,,
2026-09-18,2026-09-18,CM,NSE,STK,3321,INE937A01023,SPMLINFRA,EQ,,,,,SPML INFRA LIMITED,170.00,174.56,167.15,168.23,168.40,170.67,,168.23,,,101537,17256390.70,1583,F1,1,,,,,
2026-09-18,2026-09-18,CM,NSE,STK,10733,INE885H01029,SPORTKING,EQ,,,,,SPORTKING INDIA LIMITED,201.35,204.69,201.00,203.85,204.45,200.53,,203.85,,,135881,27601881.59,5860,F1,1,,,,,
2026-09-18,2026-09-18,CM,NSE,STK,25306,INE0QR801013,SPPPOLY,SM,,,,,SPP POLYMER LIMITED,12.95,12.95,12.80,12.80,12.80,12.50,,12.80,,,4000,51500.00,2,F1,2000,,,,,
2026-09-18,2026-09-18,CM,NSE,STK,17186,INE526E01018,SHRIPISTON,EQ,,,,,SPR AUTO TECHNOLOGIES LTD,4394.00,4598.00,4394.00,4576.60,4587.60,4385.40,,4576.51,,,151917,689674643.50,24280,F1,1,,,,,
2026-09-18,2026-09-18,CM,NSE,STK,757865,INE19QH01010,SPUNWEB,SM,,,,,SPUNWEB NONWOVEN LIMITED,99.00,99.00,99.00,99.00,99.00,100.90,,99.00,,,2400,237600.00,2,F1,1200,,,,,
2026-09-18,2026-09-18,CM,NSE,STK,14582,INE917H01012,SRHHYPOLTD,EQ,,,,,SREE RAYALSEEMA HHP LTD.,521.00,525.05,519.80,523.10,519.80,517.60,,523.10,,,26767,14000002.50,708,F1,1,,,,,
2026-09-18,2026-09-18,CM,NSE,STK,31841,INE099F01013,SREEL,BE,,,,,SREELEATHERS LIMITED,294.03,300.79,282.15,283.47,282.31,294.03,,283.71,,,18201,5230033.41,493,F1,1,,,,,
2026-09-18,2026-09-18,CM,NSE,STK,3273,INE647A01010,SRF,EQ,,,,,SRF LTD,2536.60,2569.90,2512.00,2512.00,2512.00,2536.00,,2512.11,,,401209,1019430256.50,24715,F1,1,,,,,
2026-09-18,2026-09-18,CM,NSE,STK,18119,INE559N01010,SRGHFL,EQ,,,,,SRG HOUSING FINANCE L,132.05,132.85,127.05,128.15,129.00,126.65,,128.11,,,45678,5939720.85,651,F1,1,,,,,
2026-09-18,2026-09-18,CM,NSE,STK,7457,INE293B01029,HAVISHA,EQ,,,,,SRI HAVISHA HOSP & INFR L,1.38,1.38,1.31,1.33,1.34,1.32,,1.33,,,14206,18872.93,71,F1,1,,,,,
2026-09-18,2026-09-18,CM,NSE,STK,765168,INE009C01019,SRIKPRIND,BE,,,,,SRI KPR INDUSTRIES LTD.,27.80,28.90,26.80,27.98,26.81,27.83,,28.00,,,5520,155833.14,48,F1,1,,,,,
2026-09-18,2026-09-18,CM,NSE,STK,758147,INE0V9Q01010,LOTUSDEV,BE,,,,,SRI LOTUS DEVLPRS N RTY L,210.10,216.00,209.05,215.13,214.00,213.39,,215.14,,,557967,119356120.96,3798,F1,1,,,,,
2026-09-18,2026-09-18,CM,NSE,STK,761393,INE0TPJ01019,SPCON,SM,,,,,SRINIBAS PRADHAN CONST L,169.00,198.00,169.00,181.35,198.00,170.00,,181.35,,,6000,1058400.00,5,F1,1200,,,,,
2026-09-18,2026-09-18,CM,NSE,STK,18059,INE0ON201012,SSFL,ST,,,,,SRIVARI SPICES N FOODS L,281.60,303.00,281.25,303.00,303.00,296.05,,303.00,,,6000,1749200.00,12,F1,500,,,,,
2026-09-18,2026-09-18,CM,NSE,STK,14416,INE0NPI01014,SRIVASAVI,ST,,,,,SRIVASAVI ADHESIVE TAPE L,72.75,73.05,71.20,73.05,73.05,72.75,,73.05,,,4000,288300.00,4,F1,1000,,,,,
2026-09-18,2026-09-18,CM,NSE,STK,23402,INE0R6Z01013,SRM,EQ,,,,,SRM CONTRACTORS LIMITED,425.65,429.25,420.65,423.85,424.80,425.75,,423.92,,,14465,6128456.70,1296,F1,1,,,,,
2026-09-18,2026-09-18,CM,NSE,STK,29205,INE0RYC01010,STALLION,BE,,,,,STALLION IND FLUOROCHEM L,220.80,222.00,215.00,220.49,220.89,218.70,,220.44,,,214149,46850820.23,1513,F1,1,,,,,
2026-09-18,2026-09-18,CM,NSE,STK,29075,INE0M4D01010,SETL,EQ,,,,,STANDARD ENGNG TCNLGY LTD,393.25,414.00,393.25,402.35,400.00,401.45,,402.37,,,987119,398043045.50,19204,F1,1,,,,,
2026-09-18,2026-09-18,CM,NSE,STK,11297,INE173A01025,SIL,EQ,,,,,STANDARD INDUSTRIES LTD.,16.21,16.95,16.06,16.13,16.19,16.63,,16.14,,,54990,895072.88,534,F1,1,,,,,
2026-09-18,2026-09-18,CM,NSE,STK,24226,INE01A001028,STANLEY,EQ,,,,,STANLEY LIFESTYLES LTD,137.01,138.99,137.01,137.45,137.13,137.63,,137.46,,,31819,4380900.93,542,F1,1,,,,,
2026-09-18,2026-09-18,CM,NSE,STK,21091,INE460H01021,STARCEMENT,EQ,,,,,STAR CEMENT LIMITED,188.90,195.79,188.90,194.25,193.20,188.33,,194.26,,,271084,52165317.41,5629,F1,1,,,,,
2026-09-18,2026-09-18,CM,NSE,STK,7083,INE575P01011,STARHEALTH,EQ,,,,,STAR HEALTH & AL INS CO L,558.00,559.65,542.10,547.05,545.20,560.55,,547.04,,,2515581,1379221116.65,64945,F1,1,,,,,
2026-09-18,2026-09-18,CM,NSE,STK,3291,INE733A01018,STARPAPER,EQ,,,,,STAR PAPER MILLS LTD,156.01,159.50,155.01,158.82,158.00,155.92,,158.82,,,5933,931334.51,160,F1,1,,,,,
2026-09-18,2026-09-18,CM,NSE,STK,9305,INE992I01013,STARTECK,EQ,,,,,STARTECK FINANCE LIMITED,240.00,261.50,236.10,240.00,240.00,237.45,,240.00,,,201,49564.50,16,F1,1,,,,,
2026-09-18,2026-09-18,CM,NSE,STK,3045,INE062A01020,SBIN,EQ,,,,,STATE BANK OF INDIA,992.00,996.20,985.10,996.20,996.20,988.70,,996.07,,,5699456,5653267297.20,94490,F1,1,,,,,
2026-09-18,2026-09-18,CM,NSE,STK,766065,INE0FRO01022,STEAMHOUSE,EQ,,,,,STEAMHOUSE INDIA LIMITED,100.70,106.00,95.01,97.98,98.40,102.55,,97.92,,,23967427,2410991191.61,119123,F1,1,,,,,
2026-09-18,2026-09-18,CM,NSE,STK,2963,INE114A01011,SAIL,EQ,,,,,STEEL AUTHORITY OF INDIA,176.50,179.80,176.03,177.33,177.33,175.01,,177.36,,,11881802,2113150071.06,43432,F1,1,,,,,
2026-09-18,2026-09-18,CM,NSE,STK,10406,INE395H01011,STEELCITY,EQ,,,,,STEEL CITY SECURITIES LTD,85.50,86.59,85.00,85.39,86.00,85.77,,85.39,,,2941,251879.24,99,F1,1,,,,,
2026-09-18,2026-09-18,CM,NSE,STK,21339,INE503B01021,STEELXIND,EQ,,,,,STEEL EXCHANGE INDIA LTD,11.18,11.90,11.18,11.74,11.64,11.20,,11.74,,,6471920,74603978.23,5982,F1,1,,,,,
2026-09-18,2026-09-18,CM,NSE,STK,765170,INE205F01016,STLSTRINF,EQ,,,,,STEEL STRIPS INFRA L,26.00,26.90,23.12,23.47,23.13,25.15,,23.41,,,28554,696656.77,366,F1,1,,,,,
2026-09-18,2026-09-18,CM,NSE,STK,11829,INE802C01033,SSWL,EQ,,,,,STEEL STRIPS WHEELS LTD.,351.65,378.80,350.15,372.40,371.10,348.25,,372.39,,,1835082,681749756.65,41261,F1,1,,,,,
2026-09-18,2026-09-18,CM,NSE,STK,6803,INE124E01038,STEELCAS,EQ,,,,,STEELCAST LIMITED,306.85,323.00,306.85,319.90,320.80,303.45,,319.95,,,92629,29453998.40,2932,F1,1,,,,,
2026-09-18,2026-09-18,CM,NSE,STK,21484,INE577L01016,STEL,EQ,,,,,STEL HOLDINGS LIMITED,657.00,658.15,631.95,654.20,657.00,631.90,,654.21,,,12670,8214030.55,847,F1,1,,,,,
2026-09-18,2026-09-18,CM,NSE,STK,6188,INE334A01023,STERTOOLS,BE,,,,,STERLING TOOLS LIMITED,210.55,214.99,209.95,213.21,212.00,211.65,,213.15,,,12067,2561391.09,233,F1,1,,,,,
2026-09-18,2026-09-18,CM,NSE,STK,9313,INE089C01029,STLTECH,BE,,,,,STERLITE TECHNOLOGIES LTD,852.00,852.00,805.55,818.80,815.00,827.45,,818.80,,,1735063,1425136231.80,40624,F1,1,,,,,
2026-09-18,2026-09-18,CM,NSE,STK,13367,INE353H01010,SGL,EQ,,,,,STL GLOBAL LIMITED,9.68,9.79,9.17,9.35,9.67,9.68,,9.38,,,7236,68469.08,97,F1,1,,,,,
2026-09-18,2026-09-18,CM,NSE,STK,758958,INE1VXE01018,STLNETWORK,EQ,,,,,STL NETWORKS LIMITED,42.95,42.95,42.95,42.95,42.95,40.91,,42.95,,,1250147,53693813.65,1463,F1,1,,,,,
2026-09-18,2026-09-18,CM,NSE,STK,2107,INE00IN01015,STOVEKRAFT,EQ,,,,,STOVE KRAFT LIMITED,833.65,840.45,825.25,829.30,825.50,833.65,,829.27,,,75158,62529072.45,4675,F1,1,,,,,
2026-09-18,2026-09-18,CM,NSE,STK,761091,INE1XWN01017,STRIDERS,SM,,,,,STRIDERS IMPEX LIMITED,58.00,58.00,49.95,52.15,53.00,58.00,,52.15,,,120000,6195120.00,48,F1,1600,,,,,
2026-09-18,2026-09-18,CM,NSE,STK,7374,INE939A01011,STAR,EQ,,,,,STRIDES PHARMA SCI LTD,1202.60,1229.40,1200.00,1219.80,1220.00,1200.20,,1219.81,,,282913,343657825.20,21652,F1,1,,,,,
2026-09-18,2026-09-18,CM,NSE,STK,12489,INE00M201021,SWSOLAR,EQ,,,,,STRLNG & WIL REN ENE LTD,180.00,180.97,174.40,176.06,174.50,179.22,,176.06,,,1209329,214698690.16,11583,F1,1,,,,,
2026-09-18,2026-09-18,CM,NSE,STK,759587,INE00Q601028,STUDDS,EQ,,,,,STUDDS ACCESSORIES LTD,408.80,410.10,402.75,407.10,409.20,404.35,,407.08,,,21853,8876594.20,1261,F1,1,,,,,
2026-09-18,2026-09-18,CM,NSE,STK,758527,INE17VO01028,STUDIOLSD,SM,,,,,STUDIO LSD LIMITED,8.95,9.20,8.80,9.20,9.20,9.20,,9.20,,,32000,287700.00,10,F1,2000,,,,,
2026-09-18,2026-09-18,CM,NSE,STK,5186,INE239C01020,STYLAMIND,EQ,,,,,STYLAM INDUSTRIES LIMITED,3238.20,3308.00,3236.60,3295.50,3301.00,3238.20,,3295.33,,,12878,42347884.80,3122,F1,1,,,,,
2026-09-18,2026-09-18,CM,NSE,STK,19,INE189B01011,STYRENIX,EQ,,,,,STYRENIX PERFORMANCE LTD,2065.90,2095.40,2050.70,2067.90,2057.10,2065.90,,2067.88,,,22964,47641218.30,2864,F1,1,,,,,
2026-09-18,2026-09-18,CM,NSE,STK,760112,INE0RYR01018,SUBAHOTELS,SM,,,,,SUBA HOTELS LIMITED,92.95,94.00,91.05,92.00,92.00,91.50,,92.00,,,20400,1884960.00,16,F1,1200,,,,,
2026-09-18,2026-09-18,CM,NSE,STK,967,INE754A01055,SUBEXLTD,EQ,,,,,SUBEX LTD,20.09,20.68,19.68,20.11,20.14,19.90,,20.11,,,8841874,178400068.19,18218,F1,1,,,,,
2026-09-18,2026-09-18,CM,NSE,STK,3324,INE287B01021,SUBROS,EQ,,,,,SUBROS LIMITED,685.10,739.00,685.10,720.30,717.95,689.60,,720.56,,,73793,52909000.45,4803,F1,1,,,,,
2026-09-18,2026-09-18,CM,NSE,STK,3327,INE659A01023,SUDARSCHEM,EQ,,,,,SUDARSHAN CHEMICAL INDS L,1203.80,1278.00,1199.40,1263.50,1277.10,1205.40,,1263.40,,,318843,401805918.60,19327,F1,1,,,,,
2026-09-18,2026-09-18,CM,NSE,STK,715,INE492A01029,SUDARCOLOR,EQ,,,,,SUDARSHAN COLORNT IND LTD,379.45,382.90,376.55,379.60,379.00,377.60,,379.60,,,2802,1061840.00,114,F1,1,,,,,
2026-09-18,2026-09-18,CM,NSE,STK,760039,INE0QPI01025,SUDEEPPHRM,EQ,,,,,SUDEEP PHARMA LIMITED,1107.20,1160.60,1107.20,1155.00,1150.00,1105.40,,1155.00,,,217226,249113954.40,15643,F1,1,,,,,
2026-09-18,2026-09-18,CM,NSE,STK,11804,INE450E01029,SUKHJITS,EQ,,,,,SUKHJIT STARCH & CHEM LTD,161.80,162.98,160.36,161.95,160.90,160.71,,161.91,,,16431,2658439.53,405,F1,1,,,,,
2026-09-18,2026-09-18,CM,NSE,STK,13218,INE142Q01026,SULA,EQ,,,,,SULA VINEYARDS LIMITED,135.90,136.99,134.10,134.49,134.70,135.90,,134.49,,,213274,28753249.19,4223,F1,1,,,,,
2026-09-18,2026-09-18,CM,NSE,STK,765507,INE11Z001019,SUMAX,SM,,,,,SUMAX ENGINEERING LIMITED,120.00,122.75,114.00,114.50,114.00,119.50,,114.50,,,79200,9204300.00,65,F1,1200,,,,,
2026-09-18,2026-09-18,CM,NSE,STK,765175,INE886B01012,SUMEDHA,EQ,,,,,SUMEDHA FISCAL SERVICES L,44.16,46.39,42.52,44.40,44.40,44.61,,44.61,,,1646,73094.76,20,F1,1,,,,,
2026-09-18,2026-09-18,CM,NSE,STK,20790,INE235C01036,SUMEETINDS,EQ,,,,,SUMEET IND LIMITED,9.35,9.66,9.30,9.56,9.58,9.35,,9.54,,,1016943,9639009.33,1382,F1,1,,,,,
2026-09-18,2026-09-18,CM,NSE,STK,11140,INE748Z01013,SUMIT,EQ,,,,,SUMIT WOODS LIMITED,50.00,50.00,47.03,49.43,49.88,48.66,,49.43,,,5452,271425.23,99,F1,1,,,,,
2026-09-18,2026-09-18,CM,NSE,STK,17105,INE258G01013,SUMICHEM,EQ,,,,,SUMITOMO CHEM INDIA LTD,456.55,469.00,455.75,460.85,459.90,455.45,,460.84,,,605290,280027911.95,42349,F1,1,,,,,
2026-09-18,2026-09-18,CM,NSE,STK,21275,INE519C01017,SUMMITSEC,EQ,,,,,SUMMIT SECURITIES LTD,1392.00,1419.90,1389.00,1412.00,1415.90,1384.80,,1412.00,,,1257,1763959.90,200,F1,1,,,,,
2026-09-18,2026-09-18,CM,NSE,STK,14788,INE232I01014,SPARC,EQ,,,,,SUN PHARMA ADV.RES.CO.LTD,193.16,198.60,192.39,193.92,194.50,193.16,,193.93,,,682997,133068268.95,10489,F1,1,,,,,
2026-09-18,2026-09-18,CM,NSE,STK,3351,INE044A01036,SUNPHARMA,EQ,,,,,SUN PHARMACEUTICAL IND L,1866.10,1877.20,1837.30,1837.30,1837.30,1867.30,,1837.29,,,2896860,5358855632.90,99771,F1,1,,,,,
2026-09-18,2026-09-18,CM,NSE,STK,13404,INE424H01027,SUNTV,EQ,,,,,SUN TV NETWORK LIMITED,469.80,470.40,449.05,451.70,449.80,468.40,,451.71,,,943160,428755598.95,32202,F1,1,,,,,
2026-09-18,2026-09-18,CM,NSE,STK,20956,INE0Q3R01026,SUNCLAY,EQ,,,,,SUNDARAM CLAYTON LIMITED,1270.90,1279.20,1251.00,1254.60,1266.90,1252.80,,1253.41,,,2172,2732725.40,246,F1,1,,,,,
2026-09-18,2026-09-18,CM,NSE,STK,3339,INE660A01013,SUNDARMFIN,EQ,,,,,SUNDARAM FINANCE LTD,4634.50,4790.00,4630.00,4730.60,4749.00,4662.80,,4730.45,,,179114,844462741.90,29074,F1,1,,,,,
2026-09-18,2026-09-18,CM,NSE,STK,18931,INE108E01023,SUNDARAM,EQ,,,,,SUNDARAM MULTI PAP LTD,1.18,1.21,1.16,1.16,1.16,1.18,,1.16,,,522850,615285.74,288,F1,1,,,,,
2026-09-18,2026-09-18,CM,NSE,STK,9848,INE073D01013,SUNDRMBRAK,BE,,,,,SUNDARAMBRAKE LININGS LTD,685.00,720.00,685.00,696.10,696.10,692.10,,696.10,,,365,258324.45,15,F1,1,,,,,
2026-09-18,2026-09-18,CM,NSE,STK,3345,INE387A01021,SUNDRMFAST,EQ,,,,,SUNDRAM FASTENERS LTD,1229.00,1240.60,1221.50,1228.20,1222.20,1226.70,,1228.20,,,237526,291811418.30,16550,F1,1,,,,,
2026-09-18,2026-09-18,CM,NSE,STK,761202,INE0CTB01014,SOCL,SM,,,,,SUNDREX OIL COMPANY LTD,28.50,28.50,28.50,28.50,28.50,28.50,,28.50,,,1600,45600.00,1,F1,1600,,,,,
2026-09-18,2026-09-18,CM,NSE,STK,1663,INE209A01019,SUNDROP,EQ,,,,,SUNDROP BRANDS LIMITED,671.40,671.50,660.10,663.40,665.95,657.40,,663.63,,,1428,948876.60,255,F1,1,,,,,
2026-09-18,2026-09-18,CM,NSE,STK,3348,INE947A01014,SUNFLAG,EQ,,,,,SUNFLAG IRON AND STEEL CO,346.80,354.00,343.00,345.10,343.50,343.70,,345.09,,,219245,76164970.45,5714,F1,1,,,,,
2026-09-18,2026-09-18,CM,NSE,STK,18264,INE0O3O01017,SEL,SM,,,,,SUNGARNER ENERGIES LTD,350.00,360.00,332.50,354.30,360.00,350.00,,354.30,,,3000,1029200.00,13,F1,200,,,,,
2026-09-18,2026-09-18,CM,NSE,STK,765180,INE671C01016,SUNLOC,EQ,,,,,SUNIL HEALTHCARE LTD.,73.49,73.49,73.49,73.49,73.49,73.49,,73.62,,,1,73.49,1,F1,1,,,,,
2026-09-18,2026-09-18,CM,NSE,STK,24868,INE0U2N01013,SUNLITE,SM,,,,,SUNLITE RECYCLING IND LTD,645.00,665.00,642.05,644.90,645.00,629.65,,644.90,,,12300,8034300.00,40,F1,300,,,,,
2026-09-18,2026-09-18,CM,NSE,STK,764925,INE671K01027,SUNRAKSHAK,EQ,,,,,SUNRAKSHAKK INDUS IND L,369.65,369.95,363.50,368.50,366.00,362.10,,368.50,,,3601,1317987.90,206,F1,1,,,,,
2026-09-18,2026-09-18,CM,NSE,STK,20213,INE0PLZ01012,SUNREST,SM,,,,,SUNREST LIFESCIENCE LTD,37.75,37.75,37.15,37.35,37.15,37.75,,37.35,,,6400,239680.00,4,F1,1600,,,,,
2026-09-18,2026-09-18,CM,NSE,STK,764930,INE199E01014,SUNSHIEL,EQ,,,,,SUNSHIELD CHEMICALS LTD.,1242.00,1242.00,1218.80,1233.30,1236.00,1215.70,,1233.47,,,2481,3052675.50,306,F1,1,,,,,
2026-09-18,2026-09-18,CM,NSE,STK,765387,INE1B3O01011,SUNSHINE,EQ,,,,,SUNSHINE PICTURES LIMITED,399.00,413.50,390.65,398.30,396.50,394.00,,398.36,,,1408607,564432596.25,24977,F1,1,,,,,
2026-09-18,2026-09-18,CM,NSE,STK,757763,INE0SGZ01016,SUNTECH,SM,,,,,SUNTECH INFRA SOLUTIONS L,35.20,36.80,35.20,36.80,36.80,36.80,,36.80,,,8000,290080.00,5,F1,1600,,,,,
2026-09-18,2026-09-18,CM,NSE,STK,17641,INE805D01034,SUNTECK,EQ,,,,,SUNTECK REALTY LIMITED,281.20,298.00,280.80,294.05,296.00,281.25,,294.06,,,126393,36676294.30,3491,F1,1,,,,,
2026-09-18,2026-09-18,CM,NSE,STK,8931,INE662A01027,SUPERSPIN,BE,,,,,SUPER SPINNING MILLS LTD,7.19,7.52,7.12,7.26,7.26,7.19,,7.26,,,17270,127306.62,53,F1,1,,,,,
2026-09-18,2026-09-18,CM,NSE,STK,764938,INE460D01038,SUPTANERY,BE,,,,,SUPER TANNERY LTD.,8.50,9.21,8.35,9.21,9.21,8.78,,9.39,,,157913,1378872.11,332,F1,1,,,,,
2026-09-18,2026-09-18,CM,NSE,STK,20616,INE712B01010,SUPERHOUSE,EQ,,,,,SUPERHOUSE LIMITED,171.95,171.95,160.10,165.10,165.01,167.58,,165.10,,,7472,1238770.56,242,F1,1,,,,,
2026-09-18,2026-09-18,CM,NSE,STK,3147,INE843L01012,SIEL,EQ,,,,,SUPERIOR INDUSTRIAL ENT L,30.08,33.07,30.00,30.00,30.00,31.50,,30.05,,,233,7044.05,10,F1,1,,,,,
2026-09-18,2026-09-18,CM,NSE,STK,11689,INE399C01030,SUPRAJIT,EQ,,,,,SUPRAJIT ENGINEERING LTD,484.75,502.70,482.25,499.05,501.50,484.75,,499.00,,,184177,91481631.40,8872,F1,1,,,,,
2026-09-18,2026-09-18,CM,NSE,STK,758997,INE319Z01021,SUPREMEENG,BZ,,,,,SUPREME ENGINEERING LTD,3.58,3.58,3.58,3.58,3.58,3.51,,3.58,,,420602,1505755.16,113,F1,1,,,,,
2026-09-18,2026-09-18,CM,NSE,STK,29439,INE822E01011,SUPREME,EQ,,,,,SUPREME HOLDIN N HOSP I L,32.22,33.30,31.68,32.00,31.99,32.21,,32.00,,,10410,339360.35,184,F1,1,,,,,
2026-09-18,2026-09-18,CM,NSE,STK,3363,INE195A01028,SUPREMEIND,EQ,,,,,SUPREME INDUSTRIES LTD,3347.40,3580.30,3347.40,3580.30,3580.30,3344.40,,3580.22,,,469754,1630593677.50,32586,F1,1,,,,,
2026-09-18,2026-09-18,CM,NSE,STK,15002,INE550H01011,SUPREMEINF,EQ,,,,,SUPREME INFRA. LTD.,84.49,84.49,79.35,79.88,80.89,82.65,,79.88,,,32459,2600690.61,285,F1,1,,,,,
2026-09-18,2026-09-18,CM,NSE,STK,9617,INE663A01033,SPLPETRO,EQ,,,,,SUPREME PETROCHEM LIMITED,811.40,872.00,804.90,865.70,864.00,807.00,,865.73,,,1234723,1054367602.35,52549,F1,1,,,,,
2026-09-18,2026-09-18,CM,NSE,STK,21067,INE0QHG01026,SUPREMEPWR,SM,,,,,SUPREME POWER EQUIPMENT L,212.95,215.90,205.15,207.35,207.60,210.85,,207.35,,,37500,7930400.00,59,F1,500,,,,,
2026-09-18,2026-09-18,CM,NSE,STK,7390,INE07RO01027,SUPRIYA,EQ,,,,,SUPRIYA LIFESCIENCE LTD,900.65,920.00,895.75,906.30,910.00,900.65,,906.23,,,130367,118330048.35,8911,F1,1,,,,,
2026-09-18,2026-09-18,CM,NSE,STK,20822,INE843S01025,SURAJEST,EQ,,,,,SURAJ ESTATE DEVELOPERS L,178.25,195.62,176.70,192.25,192.79,177.39,,192.34,,,641088,121900997.59,10893,F1,1,,,,,
2026-09-18,2026-09-18,CM,NSE,STK,24966,INE713C01016,SURAJLTD,EQ,,,,,SURAJ LIMITED,201.89,201.89,197.03,200.79,200.79,201.90,,199.17,,,436,87239.65,17,F1,1,,,,,
2026-09-18,2026-09-18,CM,NSE,STK,27334,INE877V01027,SURAKSHA,EQ,,,,,SURAKSHA DIAGNOSTIC LTD,328.95,338.00,327.55,335.10,335.15,328.95,,335.11,,,117799,39443881.85,3463,F1,1,,,,,
2026-09-18,2026-09-18,CM,NSE,STK,21077,INE272L01022,SURANASOL,EQ,,,,,SURANA SOLAR LIMITED,24.90,25.95,24.86,25.50,25.70,25.03,,25.51,,,59455,1515054.68,609,F1,1,,,,,
2026-09-18,2026-09-18,CM,NSE,STK,10700,INE130B01031,SURANAT&P,EQ,,,,,SURANA TELECOM AND POW LT,15.75,17.20,15.75,16.39,16.40,15.85,,16.39,,,133228,2212993.31,683,F1,1,,,,,
2026-09-18,2026-09-18,CM,NSE,STK,14139,INE05ST01028,SBGLP,EQ,,,,,SURATWWALA BUS GROUP LTD,26.52,26.59,21.33,22.23,22.00,25.78,,22.23,,,587657,13979933.18,3377,F1,1,,,,,
2026-09-18,2026-09-18,CM,NSE,STK,3375,INE335A01020,SURYAROSNI,EQ,,,,,SURYA ROSHNI LTD,210.95,212.84,209.05,210.62,210.01,209.97,,210.62,,,604194,127289362.35,8444,F1,1,,,,,
2026-09-18,2026-09-18,CM,NSE,STK,11852,INE713B01026,SURYALAXMI,EQ,,,,,SURYALAKSHMI COT MIL LTD,58.07,58.87,57.00,57.76,57.20,57.79,,57.76,,,2230,128716.62,25,F1,1,,,,,
2026-09-18,2026-09-18,CM,NSE,STK,762924,INE132C01027,SURYALA,EQ,,,,,SURYALATA SPINNING MILL L,405.00,405.00,395.00,395.00,395.00,400.25,,397.50,,,39,15415.00,4,F1,1,,,,,
2026-09-18,2026-09-18,CM,NSE,STK,2970,INE428Q01011,SURYODAY,EQ,,,,,SURYODAY SMALL FIN BK LTD,146.95,147.31,145.30,146.63,145.50,146.51,,146.62,,,147616,21609747.35,2798,F1,1,,,,,
2026-09-18,2026-09-18,CM,NSE,STK,13804,INE645H01027,SUTLEJTEX,BE,,,,,SUTLEJ TEXT & INDUS LTD,38.50,39.00,37.50,38.12,38.80,38.61,,38.30,,,39942,1528153.39,146,F1,1,,,,,
2026-09-18,2026-09-18,CM,NSE,STK,11233,INE495B01038,SUVEN,EQ,,,,,SUVEN LIFE SCIENCES LTD,353.80,353.80,338.00,341.55,344.50,349.85,,341.68,,,261686,90060301.40,9848,F1,1,,,,,
2026-09-18,2026-09-18,CM,NSE,STK,2998,INE018401013,SUVIDHAA,EQ,,,,,SUVIDHAA INFOSERVE LTD,2.20,2.30,2.20,2.22,2.22,2.20,,2.22,,,49615,110233.22,143,F1,1,,,,,
2026-09-18,2026-09-18,CM,NSE,STK,24851,INE442P01014,SUYOG,EQ,,,,,SUYOG TELEMATICS LIMITED,671.50,671.50,645.20,649.40,650.00,664.25,,649.40,,,25191,16465200.35,1758,F1,1,,,,,
2026-09-18,2026-09-18,CM,NSE,STK,12018,INE040H01021,SUZLON,EQ,,,,,SUZLON ENERGY LIMITED,42.90,43.75,42.67,43.14,43.14,42.54,,43.14,,,63471191,2748999979.84,68918,F1,1,,,,,
2026-09-18,2026-09-18,CM,NSE,STK,5020,INE308E01029,SVPGLOB,EQ,,,,,SVP GLOBAL TEXTILES LTD,3.47,3.51,3.27,3.49,3.50,3.35,,3.49,,,18472,63498.62,98,F1,1,,,,,
2026-09-18,2026-09-18,CM,NSE,STK,27095,INE665A01038,SWANCORP,EQ,,,,,SWAN CORP LIMITED,287.80,297.00,287.30,294.95,294.50,289.80,,294.93,,,1412160,413142189.60,17943,F1,1,,,,,
2026-09-18,2026-09-18,CM,NSE,STK,29164,INE542F01020,SWANDEF,BE,,,,,SWAN DEFENCE N HEVY IND L,2720.80,2764.00,2660.00,2746.40,2754.00,2720.80,,2746.24,,,30702,83983512.50,1120,F1,1,,,,,
2026-09-18,2026-09-18,CM,NSE,STK,3384,INE277A01016,SWARAJENG,EQ,,,,,SWARAJ ENGINES LTD,3552.40,3635.00,3542.10,3625.10,3629.00,3552.90,,3625.08,,,6970,24995781.80,1420,F1,1,,,,,
2026-09-18,2026-09-18,CM,NSE,STK,764496,INE0GMR01016,SWARAJ,BE,,,,,SWARAJ SUITING LIMITED,273.05,287.00,273.05,273.05,273.05,287.40,,273.05,,,404231,110548702.10,602,F1,1,,,,,
2026-09-18,2026-09-18,CM,NSE,STK,765185,INE967A01012,SWARNSAR,EQ,,,,,SWARNSARITA JEWELS IND L,38.72,38.98,37.66,38.96,38.97,38.72,,39.16,,,862,32698.73,14,F1,1,,,,,
2026-09-18,2026-09-18,CM,NSE,STK,11497,INE0DGC01025,SWASTIK,ST,,,,,SWASTIK PIPE LIMITED,16.90,16.90,16.55,16.60,16.60,16.40,,16.60,,,6000,99780.00,5,F1,1200,,,,,
2026-09-18,2026-09-18,CM,NSE,STK,11909,INE409B01013,SWELECTES,EQ,,,,,SWELECT ENERGY SYS LTD,560.00,560.00,550.00,556.80,554.00,552.75,,556.80,,,8473,4711801.05,716,F1,1,,,,,
2026-09-18,2026-09-18,CM,NSE,STK,27066,INE00H001014,SWIGGY,EQ,,,,,SWIGGY LIMITED,277.00,280.00,273.05,273.05,273.05,276.50,,273.05,,,20140282,5554789892.30,54307,F1,1,,,,,
2026-09-18,2026-09-18,CM,NSE,STK,765193,INE010C01025,SWISSMLTRY,BE,,,,,SWISS MILITARY CON GOOD L,14.95,15.39,14.51,14.78,14.79,14.76,,14.78,,,58881,878283.31,268,F1,1,,,,,
2026-09-18,2026-09-18,CM,NSE,STK,765485,INE899I01028,SYMBIOTEC,EQ,,,,,SYMBIOTEC PHARMALAB LTD,1050.00,1106.90,1048.00,1095.10,1097.70,1045.60,,1095.03,,,1099366,1187730126.05,59275,F1,1,,,,,
2026-09-18,2026-09-18,CM,NSE,STK,24190,INE225D01027,SYMPHONY,EQ,,,,,SYMPHONY LIMITED,581.80,604.80,580.10,598.65,593.00,584.90,,598.72,,,71400,42332914.20,3258,F1,1,,,,,
2026-09-18,2026-09-18,CM,NSE,STK,11992,INE312C01025,SYNCOMF,EQ,,,,,SYNCOM FORMU (I) LTD,18.80,20.25,18.80,20.04,20.09,18.78,,20.04,,,10260532,203644881.80,18764,F1,1,,,,,
2026-09-18,2026-09-18,CM,NSE,STK,5114,INE00QT01015,SGIL,EQ,,,,,SYNERGY GREEN IND. LTD,582.45,606.35,582.45,589.30,586.00,592.35,,589.17,,,2487,1481510.60,206,F1,1,,,,,
2026-09-18,2026-09-18,CM,NSE,STK,10243,INE398R01022,SYNGENE,EQ,,,,,SYNGENE INTERNATIONAL LTD,379.10,384.00,366.65,369.05,368.05,380.20,,369.06,,,2498133,929435361.80,61803,F1,1,,,,,
2026-09-18,2026-09-18,CM,NSE,STK,17206,INE0BTR01012,SYNOPTICS,ST,,,,,SYNOPTICS TECHNOLOGIES L,46.40,46.40,46.40,46.40,46.40,44.60,,46.40,,,600,27840.00,1,F1,600,,,,,
2026-09-18,2026-09-18,CM,NSE,STK,10793,INE0DYJ01015,SYRMA,EQ,,,,,SYRMA SGS TECHNOLOGY LTD,1614.10,1764.00,1612.00,1728.90,1720.00,1617.70,,1728.90,,,10474149,18063071612.40,322333,F1,1,,,,,
2026-09-18,2026-09-18,CM,NSE,STK,14506,INE0O7R01011,SYSTANGO,SM,,,,,SYSTANGO TECHNOLOGIES LTD,221.00,222.65,216.20,222.65,222.65,220.00,,222.65,,,12800,2800900.00,30,F1,400,,,,,
2026-09-18,2026-09-18,CM,NSE,STK,759358,INE356B01024,SYSTMTXC,BE,,,,,SYSTEMATIX CORP SERVICE L,74.12,74.12,74.12,74.12,74.12,72.67,,74.38,,,3449,255639.88,31,F1,1,,,,,
2026-09-18,2026-09-18,CM,NSE,STK,764955,INE284B01028,TGVSL,EQ,,,,,T G V SRAAC LTD.,103.00,103.50,102.10,102.59,102.90,102.58,,102.61,,,44012,4523198.80,547,F1,1,,,,,
2026-09-18,2026-09-18,CM,NSE,STK,14314,INE592B01024,TTL,EQ,,,,,T T LIMITED,7.25,7.50,7.10,7.24,7.25,7.07,,7.25,,,235464,1736840.46,500,F1,1,,,,,
2026-09-18,2026-09-18,CM,NSE,STK,762929,INE524T01011,TAALTECH,EQ,,,,,TAAL TECH LTD.,5359.90,5483.80,5250.10,5416.30,5409.00,5349.20,,5415.97,,,11685,63159075.70,2775,F1,1,,,,,
2026-09-18,2026-09-18,CM,NSE,STK,23441,INE0SOY01013,TAC,ST,,,,,TAC INFOSEC LIMITED,494.00,508.40,482.05,490.90,493.70,493.95,,490.90,,,21600,10538300.00,85,F1,200,,,,,
2026-09-18,2026-09-18,CM,NSE,STK,3396,INE123C01018,TAINWALCHM,EQ,,,,,TAINWALA CHEMICAL AND PLA,208.00,215.00,208.00,213.11,211.50,210.04,,213.42,,,2239,477741.39,47,F1,1,,,,,
2026-09-18,2026-09-18,CM,NSE,STK,9354,INE586B01026,TAJGVK,EQ,,,,,TAJ GVK HOTELS & RESORTS,335.00,336.05,331.00,334.70,333.80,333.40,,334.69,,,51856,17298306.05,2150,F1,1,,,,,
2026-09-18,2026-09-18,CM,NSE,STK,14917,INE142I01023,TAKE,EQ,,,,,TAKE LIMITED,16.16,16.50,15.96,15.96,15.96,16.79,,15.97,,,236867,3800336.53,563,F1,1,,,,,
2026-09-18,2026-09-18,CM,NSE,STK,13648,INE187D01029,TALBROAUTO,EQ,,,,,TALBROS AUTO. COMP. LTD,442.00,480.80,437.50,476.70,478.00,435.20,,476.64,,,1960823,919000081.45,46426,F1,1,,,,,
2026-09-18,2026-09-18,CM,NSE,STK,762937,INE864J01012,TAMBOLIIN,BE,,,,,TAMBOLI INDUSTRIES LTD.,306.75,306.75,290.00,301.45,302.00,292.45,,301.45,,,5703,1712186.15,54,F1,1,,,,,
2026-09-18,2026-09-18,CM,NSE,STK,10945,INE668A01016,TMB,EQ,,,,,TAMILNAD MERCA BANK LTD,894.50,905.45,889.05,895.75,889.10,891.45,,895.74,,,242023,217141137.45,15832,F1,1,,,,,
2026-09-18,2026-09-18,CM,NSE,STK,3980,INE107A01015,TNPL,EQ,,,,,TAMILNADU NEWSPRT & PAPER,144.64,149.45,144.10,148.34,149.00,144.64,,148.34,,,256191,37747255.06,5079,F1,1,,,,,
2026-09-18,2026-09-18,CM,NSE,STK,3509,INE148A01019,TNPETRO,EQ,,,,,TAMILNADU PETROPRODUCTS L,128.85,129.96,122.84,125.73,125.35,127.34,,125.69,,,848214,106122213.26,12015,F1,1,,,,,
2026-09-18,2026-09-18,CM,NSE,STK,3512,INE141D01018,TNTELE,EQ,,,,,TAMILNADU TELECOMMUNICATI,8.72,9.10,8.71,8.86,8.76,8.84,,8.86,,,7387,65108.71,67,F1,1,,,,,
2026-09-18,2026-09-18,CM,NSE,STK,764945,INE692C01020,TANAA,EQ,,,,,TANEJA AEROSPACE & AVIA L,266.05,274.00,263.25,266.35,267.00,266.05,,266.40,,,9722,2589184.30,550,F1,1,,,,,
2026-09-18,2026-09-18,CM,NSE,STK,756338,INE0Z7N01017,TANKUP,ST,,,,,TANKUP ENGINEERS LIMITED,1647.20,1647.20,1645.00,1645.95,1645.95,1614.95,,1645.95,,,1250,2057825.00,5,F1,250,,,,,
2026-09-18,2026-09-18,CM,NSE,STK,13976,INE483C01032,TANLA,EQ,,,,,TANLA PLATFORMS LIMITED,498.50,499.05,486.80,489.25,488.95,495.15,,489.26,,,400725,196833352.55,11880,F1,1,,,,,
2026-09-18,2026-09-18,CM,NSE,STK,10986,INE0M7001010,TAPIFRUIT,SM,,,,,TAPI FRUIT PROCESSING LTD,44.25,44.25,44.25,44.25,44.25,46.55,,44.25,,,750,33187.50,1,F1,750,,,,,
2026-09-18,2026-09-18,CM,NSE,STK,23512,INE555Z01020,TARACHAND,EQ,,,,,TARA CHAND INFRA SOLN LTD,47.80,48.50,46.51,47.69,48.00,46.80,,47.69,,,34465,1627586.63,330,F1,1,,,,,
2026-09-18,2026-09-18,CM,NSE,STK,18827,INE747K01017,TARAPUR,EQ,,,,,TARAPUR TRANSFORMERS LTD,12.46,12.87,12.10,12.55,12.63,12.46,,12.55,,,25602,318461.05,246,F1,1,,,,,
2026-09-18,2026-09-18,CM,NSE,STK,1581,INE0EK901012,TARC,EQ,,,,,TARC LIMITED,131.18,134.99,129.01,133.09,132.75,130.69,,133.09,,,537993,71290949.09,5215,F1,1,,,,,
2026-09-18,2026-09-18,CM,NSE,STK,14771,INE924H01018,TARMAT,EQ,,,,,TARMAT LIMITED,59.60,59.60,57.24,57.76,57.60,56.56,,57.76,,,3487,201860.02,129,F1,1,,,,,
2026-09-18,2026-09-18,CM,NSE,STK,6943,INE144Z01023,TARSONS,EQ,,,,,TARSONS PRODUCTS LIMITED,311.25,317.80,303.55,306.10,304.15,307.80,,306.11,,,133321,41511041.90,4251,F1,1,,,,,
2026-09-18,2026-09-18,CM,NSE,STK,20092,INE488B01017,TASTYBITE,EQ,,,,,TASTY BITE EATABLES LTD,10049.00,10095.00,9816.00,9901.00,9950.00,9944.00,,9901.08,,,1518,15103614.00,601,F1,1,,,,,
2026-09-18,2026-09-18,CM,NSE,STK,759265,INE976I01016,TATACAP,EQ,,,,,TATA CAPITAL LIMITED,345.00,355.00,344.30,351.35,351.95,343.65,,351.34,,,2404143,840990567.40,89652,F1,1,,,,,
2026-09-18,2026-09-18,CM,NSE,STK,3405,INE092A01019,TATACHEM,EQ,,,,,TATA CHEMICALS LTD,729.00,741.35,687.10,693.25,689.40,779.30,,693.26,,,14086032,9998846605.50,241197,F1,1,,,,,
2026-09-18,2026-09-18,CM,NSE,STK,3721,INE151A01013,TATACOMM,EQ,,,,,TATA COMMUNICATIONS LTD,1794.80,1805.00,1743.30,1780.10,1770.00,1791.60,,1780.03,,,713124,1265730574.10,59784,F1,1,,,,,
2026-09-18,2026-09-18,CM,NSE,STK,11536,INE467B01029,TCS,EQ,,,,,TATA CONSULTANCY SERV LT,2177.20,2177.30,2101.20,2105.00,2105.00,2190.00,,2104.98,,,6875428,14561828863.30,188367,F1,1,,,,,
2026-09-18,2026-09-18,CM,NSE,STK,3432,INE192A01025,TATACONSUM,EQ,,,,,TATA CONSUMER PRODUCT LTD,1016.20,1018.70,996.00,996.00,996.00,1013.70,,996.00,,,2076522,2083107651.90,41806,F1,1,,,,,
2026-09-18,2026-09-18,CM,NSE,STK,3411,INE670A01012,TATAELXSI,EQ,,,,,TATA ELXSI LIMITED,3399.00,3399.00,3266.70,3266.70,3266.70,3381.80,,3267.18,,,297430,989443697.60,25429,F1,1,,,,,
2026-09-18,2026-09-18,CM,NSE,STK,1621,INE672A01026,TATAINVEST,EQ,,,,,TATA INVESTMENT CORP LTD,688.00,707.85,682.55,702.35,700.95,719.30,,702.35,,,2361598,1644782667.90,72355,F1,1,,,,,
2026-09-18,2026-09-18,CM,NSE,STK,759783,INE1TAE01010,TMCV,BL,,,,,TATA MOTORS LIMITED,438.00,438.00,438.00,438.00,438.00,450.00,,438.00,,,706512,309452256.00,1,F1,999999999,,,,,
2026-09-18,2026-09-18,CM,NSE,STK,759782,INE1TAE01010,TMCV,EQ,,,,,TATA MOTORS LIMITED,436.00,445.00,430.20,442.90,440.35,436.10,,442.87,,,13129939,5764126296.65,116435,F1,1,,,,,
2026-09-18,2026-09-18,CM,NSE,STK,3456,INE155A01022,TMPV,EQ,,,,,TATA MOTORS PASS VEH LTD,309.60,310.00,301.50,303.80,303.80,314.50,,303.80,,,18037112,5495202206.50,104010,F1,1,,,,,
2026-09-18,2026-09-18,CM,NSE,STK,3426,INE245A01021,TATAPOWER,EQ,,,,,TATA POWER CO LTD,364.80,374.80,360.90,374.80,374.80,369.00,,374.80,,,5102671,1883191056.95,39748,F1,1,,,,,
2026-09-18,2026-09-18,CM,NSE,STK,3499,INE081A01020,TATASTEEL,EQ,,,,,TATA STEEL LIMITED,186.40,187.96,185.54,185.54,185.54,187.29,,185.54,,,29014128,5406705963.82,107372,F1,1,,,,,
2026-09-18,2026-09-18,CM,NSE,STK,20293,INE142M01025,TATATECH,EQ,,,,,TATA TECHNOLOGIES LIMITED,761.40,761.40,716.10,722.45,719.00,758.75,,722.47,,,2215517,1615119697.50,72102,F1,1,,,,,
2026-09-18,2026-09-18,CM,NSE,STK,8954,INE517B01013,TTML,EQ,,,,,TATA TELESERV(MAHARASTRA),36.20,36.33,35.56,35.73,35.80,36.64,,35.73,,,1516686,54421971.47,7338,F1,1,,,,,
2026-09-18,2026-09-18,CM,NSE,STK,7838,INF277K015R5,NETF,EQ,,,,,TATAAML - NETF,251.55,255.25,251.55,254.15,254.00,254.10,,254.16,,,868,220964.52,109,F1,1,,,,,
2026-09-18,2026-09-18,CM,NSE,STK,12978,INF277K010X4,NPBET,EQ,,,,,TATAAML - NPBET,283.11,283.45,283.00,283.00,283.00,282.79,,283.00,,,8,2266.47,4,F1,1,,,,,
2026-09-18,2026-09-18,CM,NSE,STK,8882,INF277KA1364,TNIDETF,EQ,,,,,TATAAML - TNIDETF,88.38,89.33,87.48,88.34,88.00,88.37,,88.34,,,57856,5095997.42,450,F1,1,,,,,
2026-09-18,2026-09-18,CM,NSE,STK,21401,INF277KA1976,TATAGOLD,EQ,,,,,TATAAML-TATAGOLD,14.73,14.91,14.73,14.85,14.84,14.62,,14.85,,,55967837,829557743.91,59085,F1,1,,,,,
2026-09-18,2026-09-18,CM,NSE,STK,21428,INF277KA1984,TATSILV,EQ,,,,,TATAAML-TATSILV,22.48,22.87,22.47,22.74,22.76,21.99,,22.74,,,58813645,1332447291.75,46662,F1,1,,,,,
2026-09-18,2026-09-18,CM,NSE,STK,5162,INE0GK401011,TATVA,EQ,,,,,TATVA CHIN PHARM CHEM LTD,1712.00,1787.80,1702.50,1770.20,1761.00,1709.60,,1770.17,,,91966,161004196.00,8619,F1,1,,,,,
2026-09-18,2026-09-18,CM,NSE,STK,759759,INE0XWS01018,TAURIAN,ST,,,,,TAURIAN MPS LIMITED,508.00,517.25,503.00,517.25,517.25,492.65,,517.25,,,28800,14760520.00,35,F1,800,,,,,
2026-09-18,2026-09-18,CM,NSE,STK,11754,INE053F07835,753IRFC30,NJ,,,,,TAX FREE  7.53% SR. 103 A,1139.74,1139.74,1137.21,1137.57,1137.21,1139.79,,1137.57,,,7,7963.00,2,F1,1,,,,,
2026-09-18,2026-09-18,CM,NSE,STK,15168,INE053F07900,764IRFC31,NO,,,,,TAX FREE  7.64% SR. 108A,1149.00,1150.95,1149.00,1150.95,1150.95,1146.01,,1150.95,,,235,270161.25,4,F1,1,,,,,
2026-09-18,2026-09-18,CM,NSE,STK,14529,INE906B07EP5,769NHAI31,NE,,,,,TAX FREE 7.69% SR. IIB,1080.02,1080.02,1077.30,1079.42,1079.60,1076.69,,1079.40,,,739,797502.96,16,F1,1,,,,,
2026-09-18,2026-09-18,CM,NSE,STK,12003,INE906B07EJ8,76NHAI31,NA,,,,,TAX FREE7.60% SR.IIB,1112.00,1114.00,1109.15,1110.72,1110.00,1109.08,,1110.72,,,804,892282.43,16,F1,1,,,,,
2026-09-18,2026-09-18,CM,NSE,STK,24019,INE0N2D01013,TBI,SM,,,,,TBI CORN LIMITED,78.00,83.20,78.00,82.45,83.20,77.15,,82.45,,,28800,2359530.00,41,F1,600,,,,,
2026-09-18,2026-09-18,CM,NSE,STK,23740,INE673O01025,TBOTEK,EQ,,,,,TBO TEK LIMITED,1650.00,1728.70,1643.70,1710.60,1715.00,1647.70,,1710.50,,,212106,362346936.60,23751,F1,1,,,,,
2026-09-18,2026-09-18,CM,NSE,STK,761814,INE887D01024,TCC,EQ,,,,,TCC CONCEPT LIMITED,51.36,51.86,49.30,49.85,50.00,51.25,,49.85,,,705212,35282191.59,3718,F1,1,,,,,
2026-09-18,2026-09-18,CM,NSE,STK,19223,INE586V01016,TCIEXP,EQ,,,,,TCI EXPRESS LIMITED,494.90,497.35,481.05,485.35,481.25,490.75,,485.25,,,20352,9939713.05,1200,F1,1,,,,,
2026-09-18,2026-09-18,CM,NSE,STK,4771,INE911B01018,TCIFINANCE,EQ,,,,,TCI FINANCE LTD,15.24,15.80,14.56,15.58,15.73,14.62,,15.56,,,64732,980725.92,276,F1,1,,,,,
2026-09-18,2026-09-18,CM,NSE,STK,184,INE822C01015,TCPLPACK,EQ,,,,,TCPL PACKAGING LIMITED,3860.60,3901.70,3826.00,3844.20,3832.00,3863.40,,3844.78,,,1645,6346602.50,574,F1,1,,,,,
2026-09-18,2026-09-18,CM,NSE,STK,25178,INE419M01035,TDPOWERSYS,EQ,,,,,TD POWER SYSTEMS LTD.,726.00,770.00,725.15,763.75,768.00,722.10,,763.76,,,3139171,2365331800.00,100287,F1,1,,,,,
2026-09-18,2026-09-18,CM,NSE,STK,10717,INE289C01025,TEAMGTY,EQ,,,,,TEAM INDIA GUARANTY LTD,235.00,242.90,235.00,238.50,238.50,235.00,,240.20,,,2034,478188.62,12,F1,1,,,,,
2026-09-18,2026-09-18,CM,NSE,STK,12716,INE985S01024,TEAMLEASE,EQ,,,,,TEAMLEASE SERVICES LTD.,1226.70,1238.50,1200.60,1219.00,1202.40,1226.70,,1218.95,,,21622,26396136.00,2460,F1,1,,,,,
2026-09-18,2026-09-18,CM,NSE,STK,17000,INE065J01024,TPHQ,BE,,,,,TEAMO PRODUCTIONS HQ LTD,0.55,0.55,0.53,0.55,0.55,0.53,,0.55,,,926974,505395.07,258,F1,1,,,,,
2026-09-18,2026-09-18,CM,NSE,STK,763571,INE2OL601013,TEAMTECH,ST,,,,,TEAMTECH FORMWORK SOL LTD,125.65,131.90,125.65,131.90,131.90,125.65,,131.90,,,26000,3399000.00,13,F1,2000,,,,,
2026-09-18,2026-09-18,CM,NSE,STK,13538,INE669C01036,TECHM,EQ,,,,,TECH MAHINDRA LIMITED,1558.30,1561.20,1523.10,1537.10,1537.10,1561.00,,1537.07,,,3113722,4784198014.30,53691,F1,1,,,,,
2026-09-18,2026-09-18,CM,NSE,STK,759138,INE0Y5H01014,TECHD,SM,,,,,TECHD CYBERSECURITY LTD,580.00,590.05,564.50,582.85,580.05,580.65,,582.85,,,13200,7617120.00,43,F1,300,,,,,
2026-09-18,2026-09-18,CM,NSE,STK,25652,INE0JQS01019,TECHERA,SM,,,,,TECHERA ENGINEER (IND) L,160.50,160.50,155.35,159.10,159.10,160.50,,159.10,,,33600,5286040.00,37,F1,800,,,,,
2026-09-18,2026-09-18,CM,NSE,STK,6445,INE285K01026,TECHNOE,EQ,,,,,TECHNO ELEC & ENG CO. LTD,990.30,1039.00,989.60,1030.45,1035.75,984.70,,1030.69,,,286285,291071110.45,20071,F1,1,,,,,
2026-09-18,2026-09-18,CM,NSE,STK,14223,INE545H01011,TIIL,EQ,,,,,TECHNOCRAFT IND LTD,3059.90,3118.00,3025.50,3054.10,3054.10,3049.70,,3054.08,,,34329,105191528.60,7180,F1,1,,,,,
2026-09-18,2026-09-18,CM,NSE,STK,764532,INE1D0W01018,TECHNOCRAF,EQ,,,,,TECHNOCRAFT VENTURES LTD,441.05,459.20,436.00,440.80,439.00,439.15,,440.82,,,859607,380731413.15,13289,F1,1,,,,,
2026-09-18,2026-09-18,CM,NSE,STK,762939,INE314H01012,TECHNVISN,EQ,,,,,TECHNVISION VENTURES LTD.,3941.50,4351.00,3941.00,4349.00,4350.00,4144.00,,4348.16,,,752,3139284.00,133,F1,1,,,,,
2026-09-18,2026-09-18,CM,NSE,STK,3453,INE014B01011,TECILCHEM,EQ,,,,,TECIL CHEMICALS,9.76,10.00,9.23,9.77,9.60,9.76,,9.77,,,3009,29376.50,45,F1,1,,,,,
2026-09-18,2026-09-18,CM,NSE,STK,23530,INE0K6601012,TGL,ST,,,,,TEERTH GOPICON LIMITED,15.25,15.25,15.25,15.25,15.25,15.55,,15.25,,,8200,125050.00,21,F1,200,,,,,
2026-09-18,2026-09-18,CM,NSE,STK,7105,INE011K01018,TEGA,EQ,,,,,TEGA INDUSTRIES LIMITED,1888.20,1970.00,1887.30,1943.00,1948.00,1920.00,,1943.06,,,1144337,2224367341.10,60109,F1,1,,,,,
2026-09-18,2026-09-18,CM,NSE,STK,763825,INE0R1301019,TEJA,SM,,,,,TEJA ENGINEERING IND L,228.00,235.50,228.00,235.00,228.00,224.40,,235.00,,,101400,23728890.00,60,F1,600,,,,,
2026-09-18,2026-09-18,CM,NSE,STK,29723,INE17WC01013,TEJASCARGO,SM,,,,,TEJAS CARGO INDIA LIMITED,406.00,406.00,406.00,406.00,406.00,420.00,,406.00,,,400,162400.00,1,F1,400,,,,,
2026-09-18,2026-09-18,CM,NSE,STK,21131,INE010J01012,TEJASNET,EQ,,,,,TEJAS NETWORKS LIMITED,525.80,527.70,514.80,518.30,520.00,524.25,,518.30,,,1522105,790921239.40,32899,F1,1,,,,,
2026-09-18,2026-09-18,CM,NSE,STK,3275,INE869Y01028,TEMBO,EQ,,,,,TEMBO GLOBAL IND LTD,57.00,57.00,55.90,56.19,56.60,56.57,,56.19,,,302439,17007465.99,1830,F1,1,,,,,
2026-09-18,2026-09-18,CM,NSE,STK,765426,INE1KZI01025,TEMPSENS,EQ,,,,,TEMPSENS INST (INDIA) LTD,542.80,552.40,524.50,531.60,529.80,541.55,,531.63,,,1265503,678901581.35,30384,F1,1,,,,,
2026-09-18,2026-09-18,CM,NSE,STK,759880,INE19RI01016,TENNIND,EQ,,,,,TENNECO CLEAN AIR INDIA L,515.50,524.90,511.95,517.90,518.00,514.05,,517.90,,,1072952,557183281.00,28501,F1,1,,,,,
2026-09-18,2026-09-18,CM,NSE,STK,19292,INE482B01010,TERASOFT,EQ,,,,,TERA SOFTWARE LIMITED,231.95,243.35,226.05,236.60,238.00,225.45,,236.58,,,26937,6332297.00,1829,F1,1,,,,,
2026-09-18,2026-09-18,CM,NSE,STK,11549,INE435C01024,TEXINFRA,EQ,,,,,TEXMACO INFRA & HOLDG LTD,114.88,115.89,112.67,113.54,113.58,115.13,,113.54,,,245506,27844648.07,1625,F1,1,,,,,
2026-09-18,2026-09-18,CM,NSE,STK,21828,INE621L01012,TEXRAIL,EQ,,,,,TEXMACO RAIL & ENG. LTD.,112.00,116.00,111.76,114.66,115.19,111.69,,114.66,,,2196519,251208010.30,14672,F1,1,,,,,
2026-09-18,2026-09-18,CM,NSE,STK,18214,INE141K01013,TEXMOPIPES,EQ,,,,,TEXMO PIPE & PRODUCTS LTD,62.70,64.40,60.82,61.49,61.50,62.24,,61.49,,,315163,19823303.32,2623,F1,1,,,,,
2026-09-18,2026-09-18,CM,NSE,STK,10749,INE733E07JV4,753NTPC30E,NC,,,,,TFB 7.53% 2030 SR. 2B,1111.00,1111.00,1105.00,1106.00,1106.00,1102.13,,1117.00,,,163,180570.00,4,F1,1,,,,,
2026-09-18,2026-09-18,CM,NSE,STK,14607,INE797H01018,TGBHOTELS,EQ,,,,,TGB BANQUETS&HOTELS LTD,9.37,9.89,9.37,9.41,9.41,9.37,,9.41,,,5102,48400.46,67,F1,1,,,,,
2026-09-18,2026-09-18,CM,NSE,STK,22777,INE0QJL01014,TCL,SM,,,,,THAAI CASTING LIMITED,123.80,138.55,122.00,132.30,131.55,125.05,,132.30,,,79200,10596920.00,89,F1,800,,,,,
2026-09-18,2026-09-18,CM,NSE,STK,762944,INE077P01034,THACKER,EQ,,,,,THACKER & CO. LTD.,1030.00,1030.00,1000.00,1030.00,1030.00,949.00,,1030.00,,,21,21180.00,7,F1,1,,,,,
2026-09-18,2026-09-18,CM,NSE,STK,762949,INE403F01017,THAKDEV,EQ,,,,,THAKKERS DEVELOPERS LTD.,127.51,127.51,127.51,127.51,127.51,128.15,,126.05,,,6,765.06,1,F1,1,,,,,
2026-09-18,2026-09-18,CM,NSE,STK,18118,INE085J01014,THANGAMAYL,EQ,,,,,THANGAMAYIL JEWELLERY LTD,4844.00,5051.50,4794.50,5044.50,5051.50,4811.00,,5044.16,,,386791,1945766039.50,19522,F1,1,,,,,
2026-09-18,2026-09-18,CM,NSE,STK,9014,INE294Z01018,ANUP,EQ,,,,,THE ANUP ENGINEERING LTD,1646.60,1683.00,1613.70,1638.30,1637.50,1646.60,,1638.38,,,35387,58391748.80,3993,F1,1,,,,,
2026-09-18,2026-09-18,CM,NSE,STK,7930,INE319B01014,BYKE,BE,,,,,THE BYKE HOSPITALITY LTD,30.99,30.99,29.56,30.25,30.28,29.99,,30.25,,,11206,336554.87,65,F1,1,,,,,
2026-09-18,2026-09-18,CM,NSE,STK,13776,INE017A01032,GESHIP,EQ,,,,,THE GE SHPG.LTD,1425.00,1439.70,1413.70,1432.10,1427.00,1425.10,,1432.00,,,465939,664650580.90,24960,F1,1,,,,,
2026-09-18,2026-09-18,CM,NSE,STK,17770,INE646C01018,GROBTEA,EQ,,,,,THE GROB TEA COMPANY LTD,925.00,925.00,921.00,921.90,921.00,930.00,,921.90,,,139,128224.00,16,F1,1,,,,,
2026-09-18,2026-09-18,CM,NSE,STK,8568,INE127B01011,HITECHGEAR,BE,,,,,THE HI-TECH GEARS LIMITED,540.00,541.00,530.00,540.00,540.00,540.70,,540.00,,,1332,714023.45,54,F1,1,,,,,
2026-09-18,2026-09-18,CM,NSE,STK,1515,INE383A01012,INDIACEM,EQ,,,,,THE INDIA CEMENTS LIMITED,349.45,356.15,342.60,344.80,343.10,351.70,,344.77,,,229613,80097449.70,11125,F1,1,,,,,
2026-09-18,2026-09-18,CM,NSE,STK,1512,INE053A01029,INDHOTEL,EQ,,,,,THE INDIAN HOTELS CO. LTD,725.85,743.00,722.60,732.75,732.75,726.65,,732.75,,,3256156,2396789604.25,51152,F1,1,,,,,
2026-09-18,2026-09-18,CM,NSE,STK,21427,INE924D01017,THEINVEST,EQ,,,,,THE INVEST TRUST OF IND L,95.99,96.00,91.85,94.27,94.05,95.52,,94.25,,,2967,278325.99,93,F1,1,,,,,
2026-09-18,2026-09-18,CM,NSE,STK,399,INE470Y01017,NIACL,EQ,,,,,THE NEW INDIA ASSU CO LTD,196.76,196.76,186.00,187.66,186.99,197.05,,187.65,,,9375719,1770179364.52,72532,F1,1,,,,,
2026-09-18,2026-09-18,CM,NSE,STK,10318,INE431F01018,PKTEA,BE,,,,,THE P K TEA PROD CO LTD,921.25,966.50,904.00,910.00,910.00,921.25,,910.00,,,10797,10028194.60,352,F1,1,,,,,
2026-09-18,2026-09-18,CM,NSE,STK,14552,INE211B01039,PHOENIXLTD,EQ,,,,,THE PHOENIX MILLS LTD,1880.00,1923.20,1877.90,1877.90,1877.90,1872.20,,1877.90,,,421506,800180215.30,15702,F1,1,,,,,
2026-09-18,2026-09-18,CM,NSE,STK,2043,INE331A01037,RAMCOCEM,EQ,,,,,THE RAMCO CEMENTS LIMITED,857.50,881.95,857.50,869.75,868.00,858.95,,869.76,,,212951,185648243.10,15167,F1,1,,,,,
2026-09-18,2026-09-18,CM,NSE,STK,2939,INE301D01026,RUBYMILLS,EQ,,,,,THE RUBY MILLS LTD,458.10,479.00,438.10,467.10,477.00,457.60,,466.76,,,40821,18408060.15,1363,F1,1,,,,,
2026-09-18,2026-09-18,CM,NSE,STK,5948,INE683A01023,SOUTHBANK,EQ,,,,,THE SOUTH INDIAN BANK LTD,46.00,46.54,45.78,46.07,46.09,45.88,,46.07,,,8637328,398938507.54,32025,F1,1,,,,,
2026-09-18,2026-09-18,CM,NSE,STK,10948,INE655A01013,STCINDIA,EQ,,,,,THE STATE TRADING CORPN,112.30,113.15,111.10,111.54,111.40,111.40,,111.58,,,9715,1085345.24,182,F1,1,,,,,
2026-09-18,2026-09-18,CM,NSE,STK,19578,INE071E01023,UGARSUGAR,EQ,,,,,THE UGAR SUGAR WORKS LTD,53.72,58.39,52.85,56.79,56.60,53.41,,56.81,,,1345153,74983351.09,9171,F1,1,,,,,
2026-09-18,2026-09-18,CM,NSE,STK,20481,INE215F01023,WIPL,EQ,,,,,THE WESTERN INDIA PLY LTD,171.39,171.39,164.70,165.21,166.80,167.18,,165.21,,,1593,263288.94,27,F1,1,,,,,
2026-09-18,2026-09-18,CM,NSE,STK,19279,INE121N01019,THEJO,EQ,,,,,THEJO ENGINEERING LIMITED,2183.40,2223.60,2157.10,2199.70,2208.00,2183.40,,2199.70,,,6505,14322075.10,863,F1,1,,,,,
2026-09-18,2026-09-18,CM,NSE,STK,14485,INE083B01024,THEMISMED,EQ,,,,,THEMIS MEDICARE LTD.,118.82,126.58,118.82,123.97,125.99,119.85,,123.97,,,78797,9646725.67,2183,F1,1,,,,,
2026-09-18,2026-09-18,CM,NSE,STK,3475,INE152A01029,THERMAX,EQ,,,,,THERMAX LTD,3569.50,3599.00,3522.40,3551.90,3540.00,3569.50,,3551.85,,,238396,847168325.90,41974,F1,1,,,,,
2026-09-18,2026-09-18,CM,NSE,STK,3496,INE338A01024,TIRUMALCHM,EQ,,,,,THIRUMALAI CHEMICALS LTD,155.56,163.49,155.51,158.54,158.60,155.56,,158.54,,,657447,105151703.93,7745,F1,1,,,,,
2026-09-18,2026-09-18,CM,NSE,STK,3481,INE332A01027,THOMASCOOK,EQ,,,,,THOMAS COOK (INDIA) LTD,103.42,107.38,103.20,106.04,107.20,103.42,,106.04,,,997099,105153135.71,5706,F1,1,,,,,
2026-09-18,2026-09-18,CM,NSE,STK,31017,INE480M01011,THOMASCOTT,EQ,,,,,THOMAS SCOTT (INDIA) LTD,239.00,239.00,230.00,236.55,238.00,234.90,,236.51,,,23906,5581295.15,929,F1,1,,,,,
2026-09-18,2026-09-18,CM,NSE,STK,17032,INE594H01019,THYROCARE,EQ,,,,,THYROCARE TECH LTD,561.00,568.00,553.85,555.80,555.30,559.25,,555.81,,,244576,136965897.30,14018,F1,1,,,,,
2026-09-18,2026-09-18,CM,NSE,STK,759176,INE906O01029,TIGERLOGS,EQ,,,,,TIGER LOGISTICS (INDIA) L,27.19,27.40,25.95,26.13,26.25,26.66,,26.13,,,77418,2047876.50,992,F1,1,,,,,
2026-09-18,2026-09-18,CM,NSE,STK,25486,INE440L01017,TIJARIA,BE,,,,,TIJARIA POLYPIPES LTD,7.74,8.10,7.34,7.40,7.72,7.72,,7.40,,,80102,608655.89,145,F1,1,,,,,
2026-09-18,2026-09-18,CM,NSE,STK,9802,INE806C01018,TIL,BE,,,,,TIL LTD,252.00,261.94,250.00,257.51,257.50,249.94,,257.55,,,145867,37535898.77,699,F1,1,,,,,
2026-09-18,2026-09-18,CM,NSE,STK,19196,INE133E01013,TI,EQ,,,,,TILAKNAGAR INDUSTRIES LTD,551.00,575.60,550.55,568.70,565.00,543.85,,568.77,,,1687493,956355938.45,58572,F1,1,,,,,
2026-09-18,2026-09-18,CM,NSE,STK,14707,INE508G01029,TIMETECHNO,EQ,,,,,TIME TECHNOPLAST LTD.,176.25,180.67,176.05,179.24,179.99,174.54,,179.23,,,3604165,643009464.88,33662,F1,1,,,,,
2026-09-18,2026-09-18,CM,NSE,STK,7800,INE0IJY01014,TIMESCAN,SM,,,,,TIMESCAN LOGISTICS IND L,39.45,39.45,39.45,39.45,39.45,37.60,,39.45,,,2000,78900.00,1,F1,2000,,,,,
2026-09-18,2026-09-18,CM,NSE,STK,762954,INE064A01026,TIMEX,EQ,,,,,TIMEX GROUP INDIA LTD.,613.05,729.00,613.05,714.20,720.00,611.10,,714.28,,,6651306,4639459095.70,169625,F1,1,,,,,
2026-09-18,2026-09-18,CM,NSE,STK,14198,INE325A01013,TIMKEN,EQ,,,,,TIMKEN INDIA LTD.,3172.60,3269.00,3091.00,3124.20,3135.00,3185.10,,3123.34,,,132715,416974105.80,25475,F1,1,,,,,
2026-09-18,2026-09-18,CM,NSE,STK,756020,INE015C01016,TINNARUBR,EQ,,,,,TINNA RUBBER AND INFR LTD,1000.00,1030.00,1000.00,1018.75,1021.80,1000.75,,1018.76,,,22220,22617687.75,2580,F1,1,,,,,
2026-09-18,2026-09-18,CM,NSE,STK,11374,INE0LQS01015,TIPSFILMS,EQ,,,,,TIPS FILMS LIMITED,333.95,334.00,318.10,320.35,319.00,318.50,,320.35,,,1585,508962.40,133,F1,1,,,,,
2026-09-18,2026-09-18,CM,NSE,STK,9117,INE716B01029,TIPSMUSIC,EQ,,,,,TIPS MUSIC LIMITED,656.50,667.00,644.15,657.70,654.15,656.60,,657.71,,,502106,330252462.15,21538,F1,1,,,,,
2026-09-18,2026-09-18,CM,NSE,STK,22284,INE319Y01024,TIRUPATIFL,BE,,,,,TIRUPATI FORGE LIMITED,64.10,67.70,63.80,67.68,67.70,64.48,,67.68,,,328776,22004047.08,938,F1,1,,,,,
2026-09-18,2026-09-18,CM,NSE,STK,15414,INE615H01020,TITAGARH,EQ,,,,,TITAGARH RAIL SYSTEMS LTD,827.15,849.90,827.15,837.65,840.00,827.15,,837.66,,,475698,399124969.00,21220,F1,1,,,,,
2026-09-18,2026-09-18,CM,NSE,STK,3506,INE280A01028,TITAN,EQ,,,,,TITAN COMPANY LIMITED,4851.00,4864.50,4772.00,4798.50,4798.50,4841.00,,4798.09,,,1066023,5126009308.50,53201,F1,1,,,,,
2026-09-18,2026-09-18,CM,NSE,STK,3837,INE932C01012,TOKYOPLAST,EQ,,,,,TOKYO PLAST INTL LTD,77.79,77.79,74.11,75.67,75.83,75.60,,75.67,,,400,29976.42,18,F1,1,,,,,
2026-09-18,2026-09-18,CM,NSE,STK,25262,INE0RWQ01014,TOLINS,EQ,,,,,TOLINS TYRES LIMITED,88.50,88.75,87.52,88.02,88.69,88.22,,88.03,,,21237,1869516.02,905,F1,1,,,,,
2026-09-18,2026-09-18,CM,NSE,STK,3518,INE685A01028,TORNTPHARM,EQ,,,,,TORRENT PHARMACEUTICALS L,4874.50,4928.00,4827.00,4840.00,4840.00,4875.00,,4839.97,,,486733,2363738924.00,32946,F1,1,,,,,
2026-09-18,2026-09-18,CM,NSE,STK,13786,INE813H01021,TORNTPOWER,EQ,,,,,TORRENT POWER LTD,1277.00,1285.70,1232.00,1258.80,1245.20,1276.40,,1258.78,,,462594,583832536.50,27556,F1,1,,,,,
2026-09-18,2026-09-18,CM,NSE,STK,22425,INE336X01012,TOTAL,BE,,,,,TOTAL TRANSPORT SYS LTD,69.57,69.57,69.00,69.33,69.25,71.00,,69.33,,,36948,2567024.15,66,F1,1,,,,,
2026-09-18,2026-09-18,CM,NSE,STK,16908,INE486Y01013,TOUCHWOOD,EQ,,,,,TOUCHWOOD ENTERTAIN LTD.,62.44,63.78,59.60,60.93,61.00,61.52,,60.93,,,403,24737.68,44,F1,1,,,,,
2026-09-18,2026-09-18,CM,NSE,STK,3466,INE305A01023,TFCILTD,EQ,,,,,TOURISM FINANCE CORP. OF,139.70,141.02,139.00,139.62,140.04,139.06,,139.63,,,12165117,1697255043.83,22033,F1,1,,,,,
2026-09-18,2026-09-18,CM,NSE,STK,765195,INE457P01020,TOYAMSL,EQ,,,,,TOYAM SPORTS LTD.,0.77,0.77,0.77,0.77,0.77,0.74,,0.79,,,458115,352748.55,128,F1,1,,,,,
2026-09-18,2026-09-18,CM,NSE,STK,9219,INE413G01022,TPLPLASTEH,EQ,,,,,TPL PLASTECH LIMITED,65.09,65.90,64.14,65.34,65.05,64.49,,65.34,,,111552,7254359.42,953,F1,1,,,,,
2026-09-18,2026-09-18,CM,NSE,STK,11582,INE0HMF01019,TRACXN,EQ,,,,,TRACXN TECHNOLOGIES LTD,30.65,31.49,30.51,31.00,30.85,30.84,,30.98,,,73768,2277172.94,714,F1,1,,,,,
2026-09-18,2026-09-18,CM,NSE,STK,15174,INE763I01026,TARIL,EQ,,,,,TRANS & RECTI. LTD,278.10,285.25,278.10,279.85,280.50,276.00,,279.87,,,1238672,348481893.45,23363,F1,1,,,,,
2026-09-18,2026-09-18,CM,NSE,STK,765200,INE330E01023,TRANSCOR,EQ,,,,,TRANSCORP INTERNATIONAL L,25.04,25.49,23.00,23.79,23.00,25.04,,23.85,,,3513,83854.96,63,F1,1,,,,,
2026-09-18,2026-09-18,CM,NSE,STK,17795,INE0O3901029,TREL,EQ,,,,,TRANSINDIA REAL ESTATE L,30.06,31.51,29.01,29.66,29.50,29.77,,29.67,,,611021,18580429.37,6840,F1,1,,,,,
2026-09-18,2026-09-18,CM,NSE,STK,7669,INE687A01016,TRANSPEK,BE,,,,,TRANSPEK INDUSTRIES LTD,1350.20,1370.00,1325.10,1359.40,1369.90,1350.10,,1359.40,,,864,1172296.80,35,F1,1,,,,,
2026-09-18,2026-09-18,CM,NSE,STK,10580,INE688A01022,TCI,EQ,,,,,TRANSPORT CORPN OF INDIA,826.55,838.80,821.55,829.80,829.50,826.55,,829.80,,,20300,16818001.05,4256,F1,1,,,,,
2026-09-18,2026-09-18,CM,NSE,STK,28714,INE454P01035,TRANSRAILL,EQ,,,,,TRANSRAIL LIGHTING LTD,411.90,413.50,407.45,408.75,409.45,410.20,,408.76,,,228722,93740174.65,8358,F1,1,,,,,
2026-09-18,2026-09-18,CM,NSE,STK,19801,INE0NVI01020,TRANSTEEL,SM,,,,,TRANSTEEL SEATING TECH L,84.00,85.00,79.95,80.20,80.00,85.00,,80.20,,,72000,5889750.00,56,F1,1000,,,,,
2026-09-18,2026-09-18,CM,NSE,STK,14319,INE804H01012,TFL,EQ,,,,,TRANSWARRANTY FIN. LTD.,11.83,12.09,11.83,11.99,12.00,11.81,,11.99,,,56,671.69,6,F1,1,,,,,
2026-09-18,2026-09-18,CM,NSE,STK,8619,INE757B01015,TRANSWORLD,BE,,,,,TRANSWORLD SHIP LINES LTD,166.00,166.99,165.99,166.39,166.39,164.20,,165.20,,,3282,545448.97,21,F1,1,,,,,
2026-09-18,2026-09-18,CM,NSE,STK,757545,INE103V01028,TRAVELFOOD,EQ,,,,,TRAVEL FOOD SERVICES LTD,1232.00,1276.80,1217.40,1256.10,1247.00,1232.00,,1256.27,,,42342,52616278.60,4972,F1,1,,,,,
2026-09-18,2026-09-18,CM,NSE,STK,25082,INE040M01013,TREEHOUSE,EQ,,,,,TREE HOUSE EDU LTD,5.99,6.17,5.87,5.87,5.87,5.87,,5.87,,,37165,219750.75,107,F1,1,,,,,
2026-09-18,2026-09-18,CM,NSE,STK,7518,INE00CA01015,TREJHARA,EQ,,,,,TREJHARA SOLUTIONS LTD,136.90,136.90,131.00,132.37,133.00,135.75,,132.37,,,19780,2650764.28,434,F1,1,,,,,
2026-09-18,2026-09-18,CM,NSE,STK,1964,INE849A01020,TRENT,EQ,,,,,TRENT LTD,2789.30,2824.00,2776.10,2824.00,2824.00,2789.00,,2823.78,,,925467,2595173060.00,34022,F1,1,,,,,
2026-09-18,2026-09-18,CM,NSE,STK,17987,INE391D01019,TRF,EQ,,,,,TRF LIMITED,221.70,223.70,214.00,215.25,214.00,219.49,,215.25,,,8388,1815693.36,403,F1,1,,,,,
2026-09-18,2026-09-18,CM,NSE,STK,27037,INE760L01018,TBZ,EQ,,,,,TRIB BHIMJI ZAVERI LTD,603.55,603.55,585.10,603.55,603.55,574.85,,603.55,,,1436925,864170239.35,7378,F1,1,,,,,
2026-09-18,2026-09-18,CM,NSE,STK,9685,INE064C01022,TRIDENT,EQ,,,,,TRIDENT LIMITED,23.08,24.01,23.03,23.22,23.15,23.08,,23.22,,,5955453,139001106.29,15401,F1,1,,,,,
2026-09-18,2026-09-18,CM,NSE,STK,21078,INE0QD201012,TECHLABS,SM,,,,,TRIDENT TECHLABS LIMITED,122.15,126.10,121.15,122.65,123.00,127.45,,122.65,,,19375,2394156.25,104,F1,125,,,,,
2026-09-18,2026-09-18,CM,NSE,STK,17215,INE0LWY01029,TRIDHYA,ST,,,,,TRIDHYA TECH LIMITED,7.00,7.00,7.00,7.00,7.00,7.15,,7.00,,,6000,42000.00,2,F1,3000,,,,,
2026-09-18,2026-09-18,CM,NSE,STK,5428,INE948A01012,TRIGYN,EQ,,,,,TRIGYN TECHNOLOGIES LTD,54.60,55.78,52.94,53.56,55.01,55.18,,53.57,,,19459,1049789.11,510,F1,1,,,,,
2026-09-18,2026-09-18,CM,NSE,STK,764960,INE440G01017,TRITONV,EQ,,,,,TRITON VALVES LTD.,1076.00,1114.90,1070.00,1084.30,1070.00,1076.00,,1083.47,,,1647,1797700.10,278,F1,1,,,,,
2026-09-18,2026-09-18,CM,NSE,STK,13081,INE256C01024,TRIVENI,EQ,,,,,TRIVENI ENGG. & INDS. LTD,234.90,241.00,234.90,238.80,241.00,232.45,,238.78,,,661400,157249423.85,12567,F1,1,,,,,
2026-09-18,2026-09-18,CM,NSE,STK,25584,INE152M01016,TRITURBINE,EQ,,,,,TRIVENI TURBINE LIMITED,554.40,572.00,550.35,567.80,570.25,556.80,,567.83,,,501922,282804461.95,51193,F1,1,,,,,
2026-09-18,2026-09-18,CM,NSE,STK,24642,INE0SYV01018,TROM,SM,,,,,TROM INDUSTRIES LIMITED,54.10,54.10,53.50,53.50,53.50,53.50,,53.50,,,1800,96690.00,3,F1,600,,,,,
2026-09-18,2026-09-18,CM,NSE,STK,759210,INE0MWH01014,TRUALT,EQ,,,,,TRUALT BIOENERGY LIMITED,425.00,437.65,420.50,421.70,420.55,423.95,,421.74,,,220451,94510600.45,5360,F1,1,,,,,
2026-09-18,2026-09-18,CM,NSE,STK,9378,INE615R01029,TRU,EQ,,,,,TRUCAP FINANCE LIMITED,4.00,4.30,4.00,4.21,4.29,4.09,,4.21,,,85524,357889.35,157,F1,1,,,,,
2026-09-18,2026-09-18,CM,NSE,STK,23417,INE0SWN01019,TRUST,SM,,,,,TRUST FINTECH LIMITED,27.50,27.50,25.70,26.05,26.05,26.70,,26.05,,,58800,1567560.00,40,F1,600,,,,,
2026-09-18,2026-09-18,CM,NSE,STK,757861,INE16VK01010,TSC,ST,,,,,TSC INDIA LIMITED,48.05,49.00,48.00,49.00,49.00,50.50,,49.00,,,12000,582100.00,5,F1,2000,,,,,
2026-09-18,2026-09-18,CM,NSE,STK,2183,INE202Z01029,TSFINV,EQ,,,,,TSF INVESTMENTS LIMITED,446.80,459.90,445.50,455.65,458.75,445.95,,455.65,,,153537,69793335.50,5990,F1,1,,,,,
2026-09-18,2026-09-18,CM,NSE,STK,27448,INE1C3207065,935TSI30,N0,,,,,TSI 9.35% 30 SR I-D,103690.00,103690.00,103690.00,103690.00,103690.00,103690.00,,103690.00,,,1,103690.00,1,F1,1,,,,,
2026-09-18,2026-09-18,CM,NSE,STK,27421,INE1C3207081,935TSIIC28,N0,,,,,TSIIC 9.35% 2028 SR I- B,102000.00,102000.00,102000.00,102000.00,102000.00,102000.00,,102000.00,,,2,204000.00,2,F1,1,,,,,
2026-09-18,2026-09-18,CM,NSE,STK,11369,INE910C01018,TTKHLTCARE,EQ,,,,,TTK HEALTHCARE LIMITED,1053.00,1089.80,1041.60,1050.00,1063.90,1049.00,,1050.01,,,41244,43512318.40,7876,F1,1,,,,,
2026-09-18,2026-09-18,CM,NSE,STK,3546,INE690A01028,TTKPRESTIG,EQ,,,,,TTK PRESTIGE LTD,545.00,546.50,525.00,530.85,529.00,543.60,,530.85,,,114198,60771990.05,7901,F1,1,,,,,
2026-09-18,2026-09-18,CM,NSE,STK,312,INE974X01010,TIINDIA,EQ,,,,,TUBE INVEST OF INDIA LTD,2598.90,2637.80,2571.50,2600.00,2600.00,2598.80,,2600.01,,,293372,762289011.40,27173,F1,1,,,,,
2026-09-18,2026-09-18,CM,NSE,STK,24520,INE0OXV01027,TUNWAL,SM,,,,,TUNWAL E-MOTORS LIMITED,25.30,25.65,25.30,25.65,25.65,25.45,,25.65,,,18000,457900.00,9,F1,2000,,,,,
2026-09-18,2026-09-18,CM,NSE,STK,756090,INE0OC301013,TURTLEMINT,EQ,,,,,TURTLEMINT FINTECH SOLS L,133.65,137.00,131.15,134.12,133.61,131.67,,134.12,,,832911,111577562.71,14184,F1,1,,,,,
2026-09-18,2026-09-18,CM,NSE,STK,765205,INE400A01014,TUTIALKA,EQ,,,,,TUTICORIN ALKAL CH & FE L,55.68,57.00,55.67,56.56,56.95,56.57,,57.06,,,3984,225997.38,56,F1,1,,,,,
2026-09-18,2026-09-18,CM,NSE,STK,11275,INE038F01029,TVTODAY,EQ,,,,,TV TODAY NETWORK LTD,107.50,110.00,106.68,109.29,109.30,107.72,,109.29,,,47797,5166055.71,890,F1,1,,,,,
2026-09-18,2026-09-18,CM,NSE,STK,18508,INE871L01013,TVVISION,BE,,,,,TV VISION LIMITED,2.59,2.67,2.47,2.53,2.63,2.59,,2.52,,,59660,151409.35,100,F1,1,,,,,
2026-09-18,2026-09-18,CM,NSE,STK,11265,INE236G01019,TVSELECT,EQ,,,,,TVS ELECTRONICS LTD,403.75,408.90,398.50,403.15,405.00,403.75,,403.15,,,26441,10643361.70,1149,F1,1,,,,,
2026-09-18,2026-09-18,CM,NSE,STK,29008,INE105A01035,TVSHLTD,EQ,,,,,TVS HOLDINGS LIMITED,12911.00,13079.00,12540.00,12812.00,12875.00,12884.00,,12812.23,,,45028,575964794.00,11299,F1,1,,,,,
2026-09-18,2026-09-18,CM,NSE,STK,8479,INE494B01023,TVSMOTOR,EQ,,,,,TVS MOTOR COMPANY  LTD,4125.00,4195.00,4122.10,4171.30,4171.30,4101.70,,4171.28,,,1304681,5445299202.30,56060,F1,1,,,,,
2026-09-18,2026-09-18,CM,NSE,STK,14245,INE421C01016,TVSSRICHAK,EQ,,,,,TVS SRICHAKRA LIMITED,4867.00,4959.50,4796.00,4844.50,4850.00,4886.00,,4844.59,,,4438,21616058.50,1323,F1,1,,,,,
2026-09-18,2026-09-18,CM,NSE,STK,18151,INE395N01027,TVSSCS,EQ,,,,,TVS SUPPLY CHAIN SOL L,130.10,138.15,130.10,133.85,134.05,130.09,,133.85,,,2452803,331209182.91,27410,F1,1,,,,,
2026-09-18,2026-09-18,CM,NSE,STK,19503,INE388G01026,TICL,BE,,,,,TWAMEV CONS AND INFRA LTD,6.09,6.10,5.81,5.85,5.87,6.11,,5.85,,,292004,1702813.79,381,F1,1,,,,,
2026-09-18,2026-09-18,CM,NSE,STK,764970,INE726E01014,UPHOT,EQ,,,,,U P HOTELS LTD.,1478.50,1500.00,1478.50,1500.00,1500.00,1480.00,,1500.00,,,121,179049.30,13,F1,1,,,,,
2026-09-18,2026-09-18,CM,NSE,STK,25629,INE152C01025,UYFINCORP,BE,,,,,U. Y. FINCORP LIMITED,19.95,19.95,19.20,19.29,19.22,19.28,,19.29,,,31026,601694.68,133,F1,1,,,,,
2026-09-18,2026-09-18,CM,NSE,STK,7739,INE139B01016,UCAL,BE,,,,,UCAL LIMITED,136.00,142.00,136.00,138.15,139.90,140.06,,138.17,,,3186,440946.36,61,F1,1,,,,,
2026-09-18,2026-09-18,CM,NSE,STK,756002,INE583D07588,1025UCL27A,NG,,,,,UCL 10.25% SR IV,1000.00,1000.00,1000.00,1000.00,1000.00,1002.00,,1000.00,,,48,48000.00,1,F1,1,,,,,
2026-09-18,2026-09-18,CM,NSE,STK,755998,INE583D07570,1039UCL26,NE,,,,,UCL 10.39% SR II,1047.80,1047.80,1047.80,1047.80,1047.80,1049.00,,1047.80,,,46,48198.80,1,F1,1,,,,,
2026-09-18,2026-09-18,CM,NSE,STK,11223,INE691A01018,UCOBANK,EQ,,,,,UCO BANK,23.59,23.94,23.53,23.75,23.85,23.59,,23.75,,,3517779,83189161.22,15953,F1,1,,,,,
2026-09-18,2026-09-18,CM,NSE,STK,764965,INE551B01012,UDAYJEW,EQ,,,,,UDAY JEWELLERY INDS. LTD.,158.70,161.95,151.99,152.20,151.99,158.62,,152.26,,,58089,8953463.44,714,F1,1,,,,,
2026-09-18,2026-09-18,CM,NSE,STK,14871,INE0N0Y01013,USK,EQ,,,,,UDAYSHIVAKUMAR INFRA LTD,19.81,20.87,19.81,20.07,20.24,20.32,,20.07,,,20541,413427.97,178,F1,1,,,,,
2026-09-18,2026-09-18,CM,NSE,STK,1053,INE516A01017,UFLEX,EQ,,,,,UFLEX LIMITED,652.95,669.90,652.00,659.45,657.00,652.95,,659.41,,,69585,45787030.15,2228,F1,1,,,,,
2026-09-18,2026-09-18,CM,NSE,STK,9039,INE527H01019,UFO,EQ,,,,,UFO MOVIEZ INDIA LTD.,62.00,62.00,60.30,60.95,61.25,61.29,,60.95,,,14004,855663.65,286,F1,1,,,,,
2026-09-18,2026-09-18,CM,NSE,STK,5313,INE583D01011,UGROCAP,EQ,,,,,UGRO CAPITAL LIMITED,83.74,84.47,82.96,83.74,83.05,83.49,,83.75,,,98903,8257602.01,1086,F1,1,,,,,
2026-09-18,2026-09-18,CM,NSE,STK,23507,INE899L01030,UEL,EQ,,,,,UJAAS ENERGY LIMITED,199.98,205.00,190.27,203.73,202.90,196.19,,203.54,,,52048,10457976.76,1531,F1,1,,,,,
2026-09-18,2026-09-18,CM,NSE,STK,15228,INE551W01018,UJJIVANSFB,EQ,,,,,UJJIVAN SMALL FINANC BANK,64.05,65.30,63.88,65.02,64.95,63.97,,65.02,,,4749884,307758306.63,23120,F1,1,,,,,
2026-09-18,2026-09-18,CM,NSE,STK,762961,INE405A01021,ULTRAMAR,EQ,,,,,ULTRAMARINE & PIGMENTS L,412.10,430.00,412.10,424.40,425.20,412.50,,424.50,,,78947,33240290.85,2506,F1,1,,,,,
2026-09-18,2026-09-18,CM,NSE,STK,11532,INE481G01011,ULTRACEMCO,EQ,,,,,ULTRATECH CEMENT LIMITED,10890.00,11060.00,10819.00,11014.00,11014.00,10764.00,,11007.41,,,458848,5043799996.00,47737,F1,1,,,,,
2026-09-18,2026-09-18,CM,NSE,STK,8845,INE0GIU01018,UMAEXPORTS,BE,,,,,UMA EXPORTS LIMITED,20.25,20.82,20.02,20.02,20.02,20.42,,20.83,,,25019,504500.35,66,F1,1,,,,,
2026-09-18,2026-09-18,CM,NSE,STK,8998,INE398B01018,UMIYA-MRO,EQ,,,,,UMIYA BUILDCON LIMITED,99.00,99.00,96.15,98.01,97.24,97.95,,98.18,,,4684,456990.62,154,F1,1,,,,,
2026-09-18,2026-09-18,CM,NSE,STK,16894,INE033L08270,TCHF30,NB,,,,,UN SE RE NCD 8.55% SR.VI,1092.00,1092.00,1092.00,1092.00,1092.00,1050.00,,1092.00,,,2,2184.00,2,F1,1,,,,,
2026-09-18,2026-09-18,CM,NSE,STK,3579,INE351A01035,UNICHEMLAB,EQ,,,,,UNICHEM LABORATORIES LTD,536.85,547.00,536.85,545.70,545.05,538.45,,545.69,,,26772,14564105.90,2010,F1,1,,,,,
2026-09-18,2026-09-18,CM,NSE,STK,24809,INE00U401027,UNIECOM,EQ,,,,,UNICOMMERCE ESOLUTIONS L,85.00,85.00,82.50,83.21,83.25,84.45,,83.22,,,166409,13912259.58,2694,F1,1,,,,,
2026-09-18,2026-09-18,CM,NSE,STK,18582,INE0PRF01011,UNIHEALTH,SM,,,,,UNIHEALTH HOSPITALS LTD,675.20,695.00,675.20,680.00,680.00,667.55,,680.00,,,10500,7178300.00,19,F1,500,,,,,
2026-09-18,2026-09-18,CM,NSE,STK,7791,INE481Z01011,UNIINFO,EQ,,,,,UNIINFO TELECOM SERVI LTD,11.52,11.52,10.83,11.23,11.23,11.38,,11.23,,,2207,24229.42,24,F1,1,,,,,
2026-09-18,2026-09-18,CM,NSE,STK,25633,INE0B2801011,UNILEX,SM,,,,,UNILEX COLOURS AND CHEM L,27.00,27.00,26.50,27.00,27.00,27.00,,27.00,,,4800,128800.00,3,F1,1600,,,,,
2026-09-18,2026-09-18,CM,NSE,STK,28960,INE0U3I01011,UNIMECH,EQ,,,,,UNIMECH AEROSPACE N MFG L,1578.50,1612.00,1568.40,1591.30,1600.00,1570.60,,1591.30,,,189186,302058342.50,15880,F1,1,,,,,
2026-09-18,2026-09-18,CM,NSE,STK,10753,INE692A01016,UNIONBANK,EQ,,,,,UNION BANK OF INDIA,178.50,178.92,176.56,176.56,176.56,178.09,,176.56,,,6401370,1137867319.01,37548,F1,1,,,,,
2026-09-18,2026-09-18,CM,NSE,STK,29687,INF582M01KS4,UNIONGOLD,EQ,,,,,UNIONAMC - UNIONGOLD,147.00,150.40,146.95,149.65,149.55,146.95,,149.65,,,5577,831854.05,297,F1,1,,,,,
2026-09-18,2026-09-18,CM,NSE,STK,13057,INE244O01017,UNIPARTS,EQ,,,,,UNIPARTS INDIA LIMITED,878.00,885.40,824.95,831.50,831.10,878.05,,831.54,,,220753,187674544.45,18351,F1,1,,,,,
2026-09-18,2026-09-18,CM,NSE,STK,11293,INE037A01022,UNIENTER,EQ,,,,,UNIPHOS ENTERPRISES LTD,91.90,92.48,89.90,90.71,90.02,91.90,,90.71,,,4951,450443.80,78,F1,1,,,,,
2026-09-18,2026-09-18,CM,NSE,STK,3594,INE694A01020,UNITECH,EQ,,,,,UNITECH LTD,4.27,4.36,4.19,4.31,4.31,4.27,,4.31,,,4618701,19735746.90,2858,F1,1,,,,,
2026-09-18,2026-09-18,CM,NSE,STK,16713,INE686F01025,UBL,EQ,,,,,UNITED BREWERIES LTD,1219.90,1258.00,1219.90,1251.50,1251.60,1216.80,,1251.46,,,276273,343339145.70,28351,F1,1,,,,,
2026-09-18,2026-09-18,CM,NSE,STK,201,INE961D01019,UNIDT,EQ,,,,,UNITED DRILLING TOOLS LTD,232.00,232.00,222.98,224.01,224.00,228.07,,224.01,,,13543,3073304.66,405,F1,1,,,,,
2026-09-18,2026-09-18,CM,NSE,STK,3133,INE382M01027,UFBL,BE,,,,,UNITED FOODBRANDS LIMITED,690.90,715.00,685.40,692.45,694.00,690.90,,692.67,,,24810,17320333.50,750,F1,1,,,,,
2026-09-18,2026-09-18,CM,NSE,STK,25938,INE0SMR01011,UHTL,ST,,,,,UNITED HEAT TRANSFER LTD,188.25,188.25,188.25,188.25,188.25,184.60,,188.25,,,6000,1129500.00,3,F1,2000,,,,,
2026-09-18,2026-09-18,CM,NSE,STK,17999,INE458F01011,UNITEDTEA,EQ,,,,,UNITED NILGIRI TEA LTD,437.50,439.30,430.00,431.65,432.00,429.05,,431.65,,,1441,622701.40,75,F1,1,,,,,
2026-09-18,2026-09-18,CM,NSE,STK,7560,INE368U01029,UNITEDPOLY,EQ,,,,,UNITED POLYFAB GUJ. LTD.,45.00,46.05,43.20,45.85,46.00,44.36,,45.85,,,640093,29061366.36,1484,F1,1,,,,,
2026-09-18,2026-09-18,CM,NSE,STK,10447,INE854D01024,UNITDSPR,EQ,,,,,UNITED SPIRITS LIMITED,1382.00,1405.00,1371.00,1371.00,1371.00,1390.00,,1371.00,,,842151,1162925230.90,15153,F1,1,,,,,
2026-09-18,2026-09-18,CM,NSE,STK,18979,INE562X01013,UNIVASTU,BE,,,,,UNIVASTU INDIA LIMITED,152.26,152.26,152.25,152.26,152.26,145.01,,152.26,,,51713,7873811.48,217,F1,1,,,,,
2026-09-18,2026-09-18,CM,NSE,STK,3607,INE279A01012,UNIVCABLES,EQ,,,,,UNIVERSAL CABLES LTD,1450.90,1494.90,1437.40,1477.00,1482.70,1438.80,,1476.99,,,96755,141840065.90,9185,F1,1,,,,,
2026-09-18,2026-09-18,CM,NSE,STK,17661,INE03V001013,UNIVPHOTO,BE,,,,,UNIVERSUS IMAGINGS LTD,624.75,624.75,583.30,584.00,583.50,614.00,,584.00,,,2579,1535169.25,87,F1,1,,,,,
2026-09-18,2026-09-18,CM,NSE,STK,14154,INE405E01023,UNOMINDA,EQ,,,,,UNO MINDA LIMITED,1213.20,1284.00,1206.80,1284.00,1284.00,1205.00,,1283.89,,,1277954,1589968270.10,26289,F1,1,,,,,
2026-09-18,2026-09-18,CM,NSE,STK,2871,INE530B08094,10IIFL28A,NE,,,,,UNSE RE NCD 10% SR.I,1042.00,1042.00,1042.00,1042.00,1042.00,1048.97,,1042.40,,,500,521000.00,9,F1,1,,,,,
2026-09-18,2026-09-18,CM,NSE,STK,2877,INE530B08102,96IIFL28A,NF,,,,,UNSE RE NCD 9.6% SR.II,1000.00,1000.70,997.50,999.12,999.11,1000.43,,999.12,,,1179,1178450.94,22,F1,1,,,,,
2026-09-18,2026-09-18,CM,NSE,STK,5212,INE477L08147,10IIFL28,N4,,,,,UNSEC RE NCD 10% SR.I,1002.30,1005.00,1002.30,1005.00,1005.00,1007.99,,1004.99,,,750,752455.51,19,F1,1,,,,,
2026-09-18,2026-09-18,CM,NSE,STK,5214,INE477L08154,96IIFL28,N5,,,,,UNSEC RE NCD 9.60% SR.II,997.00,1000.00,997.00,999.75,999.75,999.99,,1000.65,,,2672,2668548.17,29,F1,1,,,,,
2026-09-18,2026-09-18,CM,NSE,STK,19045,INE866I08279,10IIFL29,N6,,,,,UNSEC RED NCD 10.0% SR. V,1025.00,1025.00,1025.00,1025.00,1025.00,1015.00,,1025.00,,,199,203975.00,6,F1,1,,,,,
2026-09-18,2026-09-18,CM,NSE,STK,19047,INE866I08295,105IIFL29,N7,,,,,UNSEC RED NCD 10.5% SR.VI,1090.00,1090.00,1090.00,1090.00,1090.00,1184.00,,1090.00,,,20,21800.00,2,F1,1,,,,,
2026-09-18,2026-09-18,CM,NSE,STK,21225,INE306N08292,910TCAP28,NA,,,,,UNSERENCD9.1%SRIIICIII&IV,1040.00,1040.00,1034.99,1034.99,1034.99,1033.71,,1034.99,,,139,144451.65,4,F1,1,,,,,
2026-09-18,2026-09-18,CM,NSE,STK,19113,INE851I01011,UDS,EQ,,,,,UPDATER SERVICES LIMITED,191.00,191.57,187.02,189.82,189.00,188.25,,189.85,,,72939,13770483.10,2083,F1,1,,,,,
2026-09-18,2026-09-18,CM,NSE,STK,11287,INE628A01036,UPL,EQ,,,,,UPL LIMITED,554.00,580.00,553.40,580.00,580.00,554.75,,579.99,,,3779171,2149428729.40,32505,F1,1,,,,,
2026-09-18,2026-09-18,CM,NSE,STK,10610,INE0CBM01019,USASEEDS,SM,,,,,UPSURGE SEEDS OF AGRI LTD,90.00,90.00,90.00,90.00,90.00,91.00,,90.00,,,428,38520.00,1,F1,428,,,,,
2026-09-18,2026-09-18,CM,NSE,STK,17081,INE568Z01015,URAVIDEF,BE,,,,,URAVI DEFENCE &TECH LTD,109.50,109.50,108.00,108.00,108.00,109.90,,108.63,,,292,31566.00,15,F1,1,,,,,
2026-09-18,2026-09-18,CM,NSE,STK,759084,INE0CAZ01013,URBANCO,EQ,,,,,URBAN COMPANY LIMITED,163.89,172.42,162.55,169.11,168.00,162.81,,169.11,,,11152442,1887409758.46,80044,F1,1,,,,,
2026-09-18,2026-09-18,CM,NSE,STK,16888,INE0O0201019,URBAN,SM,,,,,URBAN ENVIRO WASTE MGMT L,120.75,121.30,120.60,120.95,120.60,120.50,,120.95,,,9600,1160760.00,12,F1,800,,,,,
2026-09-18,2026-09-18,CM,NSE,STK,20203,INE550C01020,URJA,EQ,,,,,URJA GLOBAL LIMITED,9.40,9.40,9.02,9.15,9.18,9.10,,9.15,,,538147,4931030.32,1749,F1,1,,,,,
2026-09-18,2026-09-18,CM,NSE,STK,25952,INE0LS001014,USHAFIN,SM,,,,,USHA FINANCIAL SERVICES L,50.00,51.50,49.20,51.00,51.00,48.20,,51.00,,,24000,1203280.00,13,F1,1600,,,,,
2026-09-18,2026-09-18,CM,NSE,STK,19142,INE240C01028,UMESLTD,EQ,,,,,USHA MARTIN EDU & SOL LTD,4.10,4.44,3.76,4.39,4.40,4.08,,4.39,,,63578,264890.53,262,F1,1,,,,,
2026-09-18,2026-09-18,CM,NSE,STK,8840,INE228A01035,USHAMART,EQ,,,,,USHA MARTIN LTD.,496.00,511.00,494.00,507.20,507.40,495.65,,507.19,,,1588391,803035638.05,28255,F1,1,,,,,
2026-09-18,2026-09-18,CM,NSE,STK,527,INE094J01016,UTIAMC,EQ,,,,,UTI ASSET MNGMT CO LTD,908.00,908.00,889.65,895.00,895.00,898.25,,894.98,,,109250,97798740.45,7638,F1,1,,,,,
2026-09-18,2026-09-18,CM,NSE,STK,765431,INF789F1AG76,NIF500BETA,EQ,,,,,UTIAMC - NIF500BETA,36.66,36.70,36.51,36.66,36.70,36.48,,36.66,,,29211,1068828.51,16,F1,1,,,,,
2026-09-18,2026-09-18,CM,NSE,STK,766104,INF789F1AH42,SECLEDBETA,EQ,,,,,UTIAMC - SECLEDBETA,15.00,15.50,14.21,14.25,14.27,14.16,,14.25,,,20683,298525.11,73,F1,1,,,,,
2026-09-18,2026-09-18,CM,NSE,STK,22440,INF789F1AUV1,BANKBETA,EQ,,,,,UTIAMC-BANKBETA,58.17,58.46,58.08,58.37,58.18,58.07,,58.37,,,39047,2276812.84,262,F1,1,,,,,
2026-09-18,2026-09-18,CM,NSE,STK,22524,INF789F1AZF3,GILT10BETA,EQ,,,,,UTIAMC-GILT10BETA,26.14,26.67,26.14,26.66,26.66,26.65,,26.66,,,641,16839.19,13,F1,1,,,,,
2026-09-18,2026-09-18,CM,NSE,STK,22521,INF789F1AZE6,GILT5BETA,EQ,,,,,UTIAMC-GILT5BETA,65.28,66.60,65.28,66.59,66.59,66.59,,66.59,,,117,7672.07,4,F1,1,,,,,
2026-09-18,2026-09-18,CM,NSE,STK,22488,INF789F1AZD8,ITBETA,EQ,,,,,UTIAMC-ITBETA,302.28,310.64,301.55,302.55,310.64,309.39,,302.55,,,798,241322.14,53,F1,1,,,,,
2026-09-18,2026-09-18,CM,NSE,STK,18347,INF789F1AYX9,MIDCAPBETA,EQ,,,,,UTIAMC-MIDCAPBETA,229.24,230.90,228.95,230.90,230.90,227.67,,230.90,,,5959,1366721.39,33,F1,1,,,,,
2026-09-18,2026-09-18,CM,NSE,STK,21478,INF789F1AUW9,NEXT50BETA,EQ,,,,,UTIAMC-NEXT50BETA,77.77,78.09,77.03,77.88,77.43,77.10,,77.89,,,122825,9531815.98,555,F1,1,,,,,
2026-09-18,2026-09-18,CM,NSE,STK,10511,INF789F1AZC0,NIFTYBETA,EQ,,,,,UTIAMC-NIFTYBETA,259.00,261.99,258.35,259.77,261.99,258.92,,259.77,,,2607269,676118302.48,523,F1,1,,,,,
2026-09-18,2026-09-18,CM,NSE,STK,10515,INF789FB1X58,SENSEXBETA,EQ,,,,,UTIAMC-SENSEXBETA,825.01,838.00,821.00,832.87,838.00,830.88,,832.87,,,1251,1032424.47,96,F1,1,,,,,
2026-09-18,2026-09-18,CM,NSE,STK,15085,INF789F1AYK6,SILVERBETA,EQ,,,,,UTIAMC-SILVERBETA,221.68,227.34,221.68,226.15,226.15,218.54,,226.15,,,562410,126797366.44,5294,F1,1,,,,,
2026-09-18,2026-09-18,CM,NSE,STK,9168,INF789F1AUU3,SNXT50BETA,EQ,,,,,UTIAMC-SNXT50BETA,93.36,94.40,91.63,92.86,92.71,92.90,,92.86,,,2181,203070.91,78,F1,1,,,,,
2026-09-18,2026-09-18,CM,NSE,STK,14535,INF789F1AUX7,GOLDBETA,EQ,,,,,UTIAMC-UTIGOLDBETA,127.35,129.05,127.35,128.60,128.45,126.85,,128.60,,,806701,103537303.00,2182,F1,1,,,,,
2026-09-18,2026-09-18,CM,NSE,STK,751580,INE1V1R01014,UTKAL,SM,,,,,UTKAL SPEC INDUS INDIA L,46.50,48.40,46.50,48.10,48.40,46.10,,48.10,,,54000,2593300.00,18,F1,2000,,,,,
2026-09-18,2026-09-18,CM,NSE,STK,17358,INE735W01017,UTKARSHBNK,EQ,,,,,UTKARSH SMALL FIN BANK L,14.11,14.38,13.96,14.17,14.23,14.05,,14.17,,,5303916,74716989.01,4749,F1,1,,,,,
2026-09-18,2026-09-18,CM,NSE,STK,24726,INE06IJ01010,UTSSAV,SM,,,,,UTSSAV CZ GOLD JEWELS LTD,640.05,661.00,621.90,653.25,653.25,649.30,,653.25,,,31200,20209140.00,47,F1,600,,,,,
2026-09-18,2026-09-18,CM,NSE,STK,13376,INE786F01031,UTTAMSUGAR,EQ,,,,,UTTAM SUGAR MILLS LTD.,254.95,261.70,249.70,260.25,261.00,252.40,,260.24,,,127683,32590730.70,3119,F1,1,,,,,
2026-09-18,2026-09-18,CM,NSE,STK,3188,INE0GXK01018,VMARCIND,SM,,,,,V MARC INDIA LIMITED,342.40,349.90,342.40,346.75,347.50,342.35,,346.75,,,124500,43147650.00,82,F1,1500,,,,,
2026-09-18,2026-09-18,CM,NSE,STK,765220,INE222F01029,VTMLTD,EQ,,,,,V T M LTD.,48.44,48.44,46.12,47.50,47.50,48.34,,47.52,,,35040,1677168.01,376,F1,1,,,,,
2026-09-18,2026-09-18,CM,NSE,STK,15362,INE951I01027,VGUARD,EQ,,,,,V-GUARD IND LTD.,330.00,337.65,323.40,325.40,325.10,330.15,,325.39,,,650488,213555462.20,16953,F1,1,,,,,
2026-09-18,2026-09-18,CM,NSE,STK,24606,INE0QXL01015,VLINFRA,SM,,,,,V.L.INFRAPROJECTS LIMITED,25.95,25.95,25.90,25.90,25.90,26.20,,25.90,,,7500,194550.00,4,F1,1500,,,,,
2026-09-18,2026-09-18,CM,NSE,STK,14766,INE945H01021,V2RETAIL,EQ,,,,,V2 RETAIL LIMITED,210.01,215.81,210.00,214.03,213.95,210.40,,214.04,,,643385,137612720.99,16359,F1,1,,,,,
2026-09-18,2026-09-18,CM,NSE,STK,20188,INE956G01038,WABAG,EQ,,,,,VA TECH WABAG LTD,2085.00,2148.80,2065.40,2132.60,2140.70,2074.80,,2132.48,,,535595,1132880663.20,28904,F1,1,,,,,
2026-09-18,2026-09-18,CM,NSE,STK,764975,INE693D01018,VADILENT,EQ,,,,,VADILAL ENTERPRISES LTD.,10400.00,10575.00,10400.00,10540.00,10575.00,10575.00,,10485.03,,,10,104770.00,8,F1,1,,,,,
2026-09-18,2026-09-18,CM,NSE,STK,24196,INE694D01016,VADILALIND,EQ,,,,,VADILAL INDUSTRIES LTD,7065.00,7389.00,7040.00,7362.00,7351.00,7101.00,,7361.99,,,19386,140799067.00,5348,F1,1,,,,,
2026-09-18,2026-09-18,CM,NSE,STK,11364,INE884A01027,VAIBHAVGBL,EQ,,,,,VAIBHAV GLOBAL LIMITED,212.35,213.00,206.92,209.90,211.70,211.35,,209.90,,,254747,53337488.52,5944,F1,1,,,,,
2026-09-18,2026-09-18,CM,NSE,STK,8262,INE0JR301013,MADHAVBAUG,ST,,,,,VAIDYA SANE AYUR LAB LTD,151.40,155.90,151.40,155.90,155.90,159.35,,155.90,,,6000,914980.00,13,F1,400,,,,,
2026-09-18,2026-09-18,CM,NSE,STK,16589,INE972X01022,VAISHALI,EQ,,,,,VAISHALI PHARMA LIMITED,9.00,9.14,8.73,8.79,8.96,8.78,,8.79,,,189226,1692288.61,386,F1,1,,,,,
2026-09-18,2026-09-18,CM,NSE,STK,13342,INE051B01021,VAKRANGEE,EQ,,,,,VAKRANGEE LIMITED,5.25,5.34,5.25,5.30,5.27,5.25,,5.30,,,1102478,5840587.84,1371,F1,1,,,,,
2026-09-18,2026-09-18,CM,NSE,STK,19220,INE0JWS01017,VALIANTLAB,BE,,,,,VALIANT LABORATORIES LTD,127.15,128.88,121.00,123.26,124.36,122.75,,123.85,,,155553,19806488.53,828,F1,1,,,,,
2026-09-18,2026-09-18,CM,NSE,STK,334,INE565V01010,VALIANTORG,BE,,,,,VALIANT ORGANICS LIMITED,420.00,428.85,413.00,426.65,427.60,408.45,,426.65,,,161458,68969078.70,1691,F1,1,,,,,
2026-09-18,2026-09-18,CM,NSE,STK,18124,INE879I01012,DBREALTY,EQ,,,,,VALOR ESTATE LIMITED,95.69,97.30,94.00,95.68,96.34,94.73,,95.68,,,1389676,132504755.00,9511,F1,1,,,,,
2026-09-18,2026-09-18,CM,NSE,STK,763304,INE1E7Y01018,VALUE360,SM,,,,,VALUE 360 COMMUNICATION L,68.50,68.50,65.30,65.55,65.30,69.10,,65.55,,,6000,396780.00,5,F1,1200,,,,,
2026-09-18,2026-09-18,CM,NSE,STK,13403,INE116G01013,VARDHACRLC,BE,,,,,VARDHAMAN ACRYLICS LTD,43.15,45.29,43.15,44.50,44.50,43.14,,44.50,,,112090,5032333.77,339,F1,1,,,,,
2026-09-18,2026-09-18,CM,NSE,STK,11892,INE701A01023,VHL,EQ,,,,,VARDHMAN HOLDINGS LIMITED,3400.00,3426.70,3362.00,3377.10,3366.20,3403.50,,3371.88,,,287,970169.40,94,F1,1,,,,,
2026-09-18,2026-09-18,CM,NSE,STK,3646,INE835A01029,VARDMNPOLY,EQ,,,,,VARDHMAN POLYTEX LTD.,5.99,5.99,5.62,5.69,5.70,5.83,,5.70,,,430537,2470858.99,707,F1,1,,,,,
2026-09-18,2026-09-18,CM,NSE,STK,27067,INE050M01012,VSSL,EQ,,,,,VARDHMAN SPC STEEL LTD,406.95,411.00,397.95,404.70,406.00,406.05,,404.79,,,154256,62296491.85,7788,F1,1,,,,,
2026-09-18,2026-09-18,CM,NSE,STK,2073,INE825A01020,VTL,EQ,,,,,VARDHMAN TEXTILES LIMITED,558.50,580.50,558.20,578.05,578.05,561.30,,578.04,,,361599,205536607.70,17709,F1,1,,,,,
2026-09-18,2026-09-18,CM,NSE,STK,3857,INE665L01035,VARROC,EQ,,,,,VARROC ENGINEERING LTD.,852.25,877.05,840.55,861.55,864.10,846.15,,861.56,,,223364,193529997.75,14409,F1,1,,,,,
2026-09-18,2026-09-18,CM,NSE,STK,18921,INE200M01039,VBL,EQ,,,,,VARUN BEVERAGES LIMITED,416.90,425.40,416.25,421.95,421.95,415.45,,421.95,,,7581873,3196409977.15,48874,F1,1,,,,,
2026-09-18,2026-09-18,CM,NSE,STK,13771,INE273D01027,VGL,EQ,,,,,VARVEE GLOBAL LIMITED,66.35,68.01,66.00,66.27,66.30,65.85,,66.27,,,45684,3038123.70,277,F1,1,,,,,
2026-09-18,2026-09-18,CM,NSE,STK,16454,INE0N5801013,DENTALKART,SM,,,,,VASA DENTICITY LIMITED,395.05,427.50,394.00,420.40,424.00,395.50,,420.40,,,20000,8347550.00,73,F1,250,,,,,
2026-09-18,2026-09-18,CM,NSE,STK,18110,INE893I01013,VASCONEQ,EQ,,,,,VASCON ENGINEERS LTD,30.40,30.94,29.50,30.35,30.30,30.51,,30.34,,,305184,9271244.47,1694,F1,1,,,,,
2026-09-18,2026-09-18,CM,NSE,STK,25340,INE590L01019,VASWANI,EQ,,,,,VASWANI IND LTD,44.70,48.47,44.40,46.47,48.47,44.61,,46.53,,,52340,2370603.74,455,F1,1,,,,,
2026-09-18,2026-09-18,CM,NSE,STK,9027,INE098201036,VCL,BE,,,,,VAXTEX COTFAB LIMITED,1.67,1.68,1.61,1.61,1.65,1.67,,1.61,,,674666,1094537.67,192,F1,1,,,,,
2026-09-18,2026-09-18,CM,NSE,STK,760558,INE04HY08011,125VCCL31,N0,,,,,VCCL 12.5% 2031,98000.00,98000.00,97700.00,97700.00,97700.00,98000.00,,97700.00,,,5,489700.00,5,F1,1,,,,,
2026-09-18,2026-09-18,CM,NSE,STK,25054,INE0U2M01015,VDEAL,SM,,,,,VDEAL SYSTEM LIMITED,115.00,115.00,114.00,115.00,115.00,113.00,,115.00,,,15000,1724340.00,19,F1,600,,,,,
2026-09-18,2026-09-18,CM,NSE,STK,8167,INE825V01034,MANYAVAR,EQ,,,,,VEDANT FASHIONS LIMITED,570.00,570.60,536.00,544.25,548.05,567.60,,544.27,,,2133812,1166380921.85,54334,F1,1,,,,,
2026-09-18,2026-09-18,CM,NSE,STK,750174,INE1CDF01017,VAML,EQ,,,,,VEDANTA ALUMINIUM METAL L,407.40,419.00,407.35,416.50,415.10,404.30,,416.50,,,9307238,3853636680.55,102337,F1,1,,,,,
2026-09-18,2026-09-18,CM,NSE,STK,750290,INE1CLE01013,VISL,EQ,,,,,VEDANTA IRON AND STEEL L,32.37,32.37,30.37,30.91,30.87,31.82,,30.91,,,23212486,725369066.18,62848,F1,1,,,,,
2026-09-18,2026-09-18,CM,NSE,STK,3063,INE205A01025,VEDL,EQ,,,,,VEDANTA LIMITED,258.00,267.60,258.00,267.60,267.60,257.45,,267.59,,,8484152,2233940986.55,55843,F1,1,,,,,
2026-09-18,2026-09-18,CM,NSE,STK,750368,INE704J01044,VOGL,EQ,,,,,VEDANTA OIL AND GAS LTD,35.08,35.16,34.01,34.26,34.25,34.83,,34.26,,,21433547,736686269.44,67275,F1,1,,,,,
2026-09-18,2026-09-18,CM,NSE,STK,750518,INE694L01019,VEDPOWER,EQ,,,,,VEDANTA POWER LIMITED,31.19,31.60,30.44,31.17,31.10,31.01,,31.17,,,12482165,385559723.62,46311,F1,1,,,,,
2026-09-18,2026-09-18,CM,NSE,STK,764980,INE359B01010,VEDAVAAG,EQ,,,,,VEDAVAAG SYSTEMS LTD.,22.00,23.25,20.35,22.21,22.36,21.00,,22.24,,,105589,2361457.89,559,F1,1,,,,,
2026-09-18,2026-09-18,CM,NSE,STK,14019,INE484C01030,VEEDOL,EQ,,,,,VEEDOL CORPORATION LTD,1381.60,1397.00,1371.00,1377.70,1371.60,1385.30,,1377.67,,,9305,12848569.20,835,F1,1,,,,,
2026-09-18,2026-09-18,CM,NSE,STK,766098,INE1JTV01015,VEEGALAND,BE,,,,,VEEGALAND DEVELOPERS LTD,154.00,154.00,146.30,146.30,146.30,140.00,,145.98,,,5227484,789251879.59,28489,F1,1,,,,,
2026-09-18,2026-09-18,CM,NSE,STK,10710,INE0KTW01013,VEEKAYEM,SM,,,,,VEEKAYEM FASH & APP LTD,99.30,102.40,99.10,102.20,102.20,104.30,,102.20,,,9000,911675.00,9,F1,500,,,,,
2026-09-18,2026-09-18,CM,NSE,STK,762969,INE232E01013,VELJAN,BE,,,,,VELJAN DENISON LTD.,1996.80,2009.00,1931.10,1941.40,1935.00,1978.30,,1940.60,,,608,1198670.80,96,F1,1,,,,,
2026-09-18,2026-09-18,CM,NSE,STK,3757,INE398A01010,VENKEYS,EQ,,,,,VENKY S (INDIA) LIMITED,1675.00,1675.00,1616.40,1646.80,1648.00,1655.60,,1646.72,,,50193,82443118.40,4622,F1,1,,,,,
2026-09-18,2026-09-18,CM,NSE,STK,28847,INE781S01027,VENTIVE,EQ,,,,,VENTIVE HOSPITALITY LTD,564.55,564.90,555.00,557.35,556.50,561.75,,557.33,,,25567,14271497.70,1363,F1,1,,,,,
2026-09-18,2026-09-18,CM,NSE,STK,9592,INE0JA001018,VENUSPIPES,EQ,,,,,VENUS PIPES & TUBES LTD,2123.10,2309.10,2120.00,2282.90,2263.40,2131.70,,2282.97,,,1274312,2842338584.60,107748,F1,1,,,,,
2026-09-18,2026-09-18,CM,NSE,STK,13856,INE411B01019,VENUSREM,BE,,,,,VENUS REMEDIES LIMITED,1527.00,1594.90,1527.00,1582.20,1572.10,1549.80,,1582.90,,,11202,17588031.20,480,F1,1,,,,,
2026-09-18,2026-09-18,CM,NSE,STK,8890,INE0IQ001011,VERANDA,EQ,,,,,VERANDA LEARNING SOL LTD,216.98,225.00,212.80,221.76,224.00,214.57,,221.77,,,279852,61222075.30,3107,F1,1,,,,,
2026-09-18,2026-09-18,CM,NSE,STK,10757,INE0KXY23015,VERTIS,IV,,,,,VERTIS INFRASTRUCTURE TST,113.50,114.50,113.50,114.50,114.50,115.00,,114.50,,,50000,5700000.00,2,F1,25000,,,,,
2026-09-18,2026-09-18,CM,NSE,STK,18863,INE188Y01031,VERTOZ,EQ,,,,,VERTOZ LIMITED,36.72,37.95,36.20,37.04,37.18,37.12,,37.04,,,17377,644458.16,370,F1,1,,,,,
2026-09-18,2026-09-18,CM,NSE,STK,3676,INE386A01023,VESUVIUS,EQ,,,,,VESUVIUS INDIA LTD,402.00,414.30,400.90,405.95,405.00,400.00,,405.95,,,129439,52460434.15,5850,F1,1,,,,,
2026-09-18,2026-09-18,CM,NSE,STK,8660,INE918N01018,VETO,BE,,,,,VETO SWITCHGEAR CABLE LTD,133.80,139.15,131.15,139.15,139.15,132.53,,139.15,,,189474,26099209.84,1144,F1,1,,,,,
2026-09-18,2026-09-18,CM,NSE,STK,22730,INE0QTF01015,VSTL,EQ,,,,,VIBHOR STEEL TUBES LTD,114.82,114.82,112.10,113.54,113.60,114.82,,113.25,,,5909,668033.21,186,F1,1,,,,,
2026-09-18,2026-09-18,CM,NSE,STK,765252,INE761Q01015,VGCL,EQ,,,,,VIBRANT GLOBAL CAPITAL L,48.01,50.39,48.00,48.42,48.90,48.01,,47.47,,,2553,124014.30,68,F1,1,,,,,
2026-09-18,2026-09-18,CM,NSE,STK,23386,INE048C01025,VHLTD,BE,,,,,VICEROY HOTELS LIMITED,125.48,127.99,125.48,126.31,125.81,132.08,,126.34,,,90680,11452540.79,219,F1,1,,,,,
2026-09-18,2026-09-18,CM,NSE,STK,760691,INE0F8901022,VICTORYEV,SM,,,,,VICTORY ELEC VEHICL INT L,14.90,14.90,14.90,14.90,14.90,14.60,,14.90,,,3000,44700.00,1,F1,3000,,,,,
2026-09-18,2026-09-18,CM,NSE,STK,13536,INE632C01026,VIDHIING,EQ,,,,,VIDHI SPCLTY F INGRDNTS L,346.00,350.50,340.00,344.55,346.80,348.30,,344.57,,,23643,8198684.10,988,F1,1,,,,,
2026-09-18,2026-09-18,CM,NSE,STK,760224,INE14UN01029,VIDYAWIRES,EQ,,,,,VIDYA WIRES LIMITED,85.34,87.39,85.11,86.87,87.10,85.34,,86.89,,,527832,45518358.28,4902,F1,1,,,,,
2026-09-18,2026-09-18,CM,NSE,STK,758898,INE1DM601016,VIGOR,SM,,,,,VIGOR PLAST INDIA LIMITED,99.05,99.05,99.05,99.05,99.05,99.00,,99.05,,,1600,158480.00,1,F1,1600,,,,,
2026-09-18,2026-09-18,CM,NSE,STK,764985,INE362D01010,VIJSOLX,EQ,,,,,VIJAY SOLVEX LTD.,638.00,647.95,627.05,631.50,630.00,637.85,,631.82,,,282,177609.00,27,F1,1,,,,,
2026-09-18,2026-09-18,CM,NSE,STK,5585,INE043W01024,VIJAYA,EQ,,,,,VIJAYA DIAGNOSTIC CEN LTD,1510.00,1569.00,1491.00,1558.90,1560.00,1506.10,,1558.74,,,278137,430215716.40,29691,F1,1,,,,,
2026-09-18,2026-09-18,CM,NSE,STK,760121,INE0WL901019,VIJAYPD,SM,,,,,VIJAYPD CEUTICAL LIMITED,64.00,64.00,63.00,63.00,63.00,63.00,,63.00,,,4000,254000.00,2,F1,2000,,,,,
2026-09-18,2026-09-18,CM,NSE,STK,17695,INE159N01027,VIJIFIN,BE,,,,,VIJI FINANCE LIMITED,14.45,15.00,14.45,15.00,15.00,14.71,,15.10,,,2801457,41335169.55,1220,F1,1,,,,,
2026-09-18,2026-09-18,CM,NSE,STK,25756,INE806A01020,VIKASECO,EQ,,,,,VIKAS ECOTECH LIMITED,1.05,1.05,1.04,1.04,1.05,1.04,,1.04,,,1026403,1073121.63,757,F1,1,,,,,
2026-09-18,2026-09-18,CM,NSE,STK,9931,INE161L01027,VIKASLIFE,EQ,,,,,VIKAS LIFECARE LIMITED,1.22,1.24,1.21,1.21,1.22,1.22,,1.21,,,1457205,1777201.54,7590,F1,1,,,,,
2026-09-18,2026-09-18,CM,NSE,STK,759453,INE078V01014,VIKRAMSOLR,EQ,,,,,VIKRAM SOLAR LIMITED,164.24,165.91,163.05,165.42,165.68,163.37,,165.41,,,864171,142080487.87,9253,F1,1,,,,,
2026-09-18,2026-09-18,CM,NSE,STK,758973,INE01R501028,VIKRAN,EQ,,,,,VIKRAN ENGINEERING LTD,56.25,56.68,55.79,56.31,56.48,56.00,,56.31,,,526119,29560085.96,2952,F1,1,,,,,
2026-09-18,2026-09-18,CM,NSE,STK,23909,INE0AZY01017,VILAS,SM,,,,,VILAS TRANSCORE LIMITED,341.00,376.75,341.00,372.40,370.00,331.60,,372.40,,,124750,45014225.00,427,F1,250,,,,,
2026-09-18,2026-09-18,CM,NSE,STK,16960,INE0L4V01013,VILINBIO,ST,,,,,VILIN BIO MED LIMITED,59.00,59.00,58.00,58.00,58.00,60.00,,58.00,,,8000,468000.00,2,F1,4000,,,,,
2026-09-18,2026-09-18,CM,NSE,STK,13101,INE579C01029,VIMTALABS,EQ,,,,,VIMTA LABS LIMITED,604.00,610.00,599.05,603.10,604.85,599.60,,603.08,,,91341,55166348.60,5653,F1,1,,,,,
2026-09-18,2026-09-18,CM,NSE,STK,17364,INE410B01037,VINATIORGA,EQ,,,,,VINATI ORGANICS LTD,1254.00,1255.40,1228.30,1234.90,1240.00,1249.70,,1234.97,,,178913,221566319.70,8456,F1,1,,,,,
2026-09-18,2026-09-18,CM,NSE,STK,3694,INE707A01012,VINDHYATEL,EQ,,,,,VINDHYA TELELINKS LTD,2640.00,2687.90,2601.00,2660.00,2674.70,2632.50,,2659.97,,,35119,93275117.40,5271,F1,1,,,,,
2026-09-18,2026-09-18,CM,NSE,STK,3807,INE505Y01010,VINEETLAB,EQ,,,,,VINEET LABORATORIES LTD,36.90,37.37,35.41,36.78,36.92,35.97,,36.75,,,115604,4192916.67,718,F1,1,,,,,
2026-09-18,2026-09-18,CM,NSE,STK,763821,INE27V201011,VMOBILE,SM,,,,,VINIT MOBILE LIMITED,60.15,60.20,57.25,60.20,60.20,59.55,,60.20,,,6400,379240.00,7,F1,800,,,,,
2026-09-18,2026-09-18,CM,NSE,STK,12490,INE01KI01027,VINNY,EQ,,,,,VINNY OVERSEAS LIMITED,0.99,0.99,0.95,0.96,0.97,0.97,,0.96,,,264396,254709.51,198,F1,1,,,,,
2026-09-18,2026-09-18,CM,NSE,STK,766064,INE1A5U01014,VINOD,ST,,,,,VINOD TEXWORLD LIMITED,84.85,84.85,84.85,84.85,84.85,89.30,,84.85,,,1200,101820.00,1,F1,1200,,,,,
2026-09-18,2026-09-18,CM,NSE,STK,17905,INE0OSJ01014,VINSYS,ST,,,,,VINSYS IT SERVICES IND LT,581.00,590.00,577.00,580.00,580.00,582.00,,580.00,,,11250,6610250.00,14,F1,250,,,,,
2026-09-18,2026-09-18,CM,NSE,STK,25835,INE498Q01014,VINCOFE,EQ,,,,,VINTAGE COFFEE N BVRGS L,173.25,177.73,172.70,174.19,174.60,175.96,,174.19,,,1635637,284755055.07,15587,F1,1,,,,,
2026-09-18,2026-09-18,CM,NSE,STK,19206,INE0OLS01010,VINYAS,SM,,,,,VINYAS INNOVATIVE TECH L,1452.50,1471.85,1425.00,1432.35,1430.50,1451.30,,1432.35,,,3900,5623460.00,38,F1,100,,,,,
2026-09-18,2026-09-18,CM,NSE,STK,16821,INE250B01029,VINYLINDIA,EQ,,,,,VINYL CHEMICALS (I) LTD.,218.70,226.00,214.10,222.68,225.00,214.17,,222.86,,,6877,1526872.71,321,F1,1,,,,,
2026-09-18,2026-09-18,CM,NSE,STK,14843,INE450G01024,VIPCLOTHNG,EQ,,,,,VIP CLOTHING LIMITED,20.73,21.35,20.60,20.80,20.85,20.60,,20.80,,,75380,1570621.94,702,F1,1,,,,,
2026-09-18,2026-09-18,CM,NSE,STK,3703,INE054A01027,VIPIND,EQ,,,,,VIP INDUSTRIES LTD,305.00,310.85,292.35,299.10,300.05,304.25,,299.10,,,1206004,359717381.15,20889,F1,1,,,,,
2026-09-18,2026-09-18,CM,NSE,STK,8437,INE946H01037,VIPULLTD,BE,,,,,VIPUL LIMITED,12.47,12.47,12.25,12.25,12.25,12.23,,12.49,,,217274,2704990.87,97,F1,1,,,,,
2026-09-18,2026-09-18,CM,NSE,STK,764990,INE467D01017,VIRAT,EQ,,,,,VIRAT INDUSTRIES LTD.,394.90,404.80,375.35,390.85,398.95,382.25,,390.73,,,11453,4465114.10,773,F1,1,,,,,
2026-09-18,2026-09-18,CM,NSE,STK,15295,INE539B01017,VIRINCHI,EQ,,,,,VIRINCHI LIMITED,13.61,14.50,13.61,14.17,14.23,13.92,,14.20,,,62548,872251.55,305,F1,1,,,,,
2026-09-18,2026-09-18,CM,NSE,STK,757060,INE0VRH01015,VGINFOTECH,SM,,,,,VIRTUAL GALAXY INFOTECH L,136.50,140.80,136.50,140.10,139.50,137.30,,140.10,,,11000,1528150.00,11,F1,1000,,,,,
2026-09-18,2026-09-18,CM,NSE,STK,765218,INE247C01023,VIRTUALG,BE,,,,,VIRTUAL GLOBAL EDU LTD,0.49,0.49,0.47,0.47,0.48,0.49,,0.47,,,200774,95008.54,151,F1,1,,,,,
2026-09-18,2026-09-18,CM,NSE,STK,761916,INE0I0T01010,VOEPL,EQ,,,,,VIRTUOSO OPTOELECTRONIC L,499.00,510.15,491.55,506.75,508.00,491.95,,506.77,,,30038,15163746.45,1504,F1,1,,,,,
2026-09-18,2026-09-18,CM,NSE,STK,13295,INE286H01012,VISACHROME,EQ,,,,,VISA CHROME LIMITED,29.11,31.78,28.80,30.09,30.39,30.27,,30.09,,,54826,1639953.40,411,F1,1,,,,,
2026-09-18,2026-09-18,CM,NSE,STK,29877,INE370E01029,VIVIDHA,EQ,,,,,VISAGAR POLYTEX LTD,0.52,0.53,0.51,0.51,0.52,0.51,,0.51,,,328242,171336.75,145,F1,1,,,,,
2026-09-18,2026-09-18,CM,NSE,STK,4221,INE392A01021,VISAKAIND,EQ,,,,,VISAKA INDUSTRIES LIMITED,91.00,97.95,91.00,97.36,97.09,90.81,,97.35,,,612789,58590569.83,6462,F1,1,,,,,
2026-09-18,2026-09-18,CM,NSE,STK,24274,INE0BHK01012,VISAMAN,SM,,,,,VISAMAN GLOBAL SALES LTD,41.65,41.65,38.85,38.85,38.85,40.85,,38.85,,,2000,80500.00,2,F1,1000,,,,,
2026-09-18,2026-09-18,CM,NSE,STK,18708,INE0OWX01025,VISDEM,SM,,,,,VISDEM TECHNOSYS LIMITED,86.00,94.95,83.00,85.45,85.95,87.60,,85.45,,,24000,2066820.00,20,F1,1200,,,,,
2026-09-18,2026-09-18,CM,NSE,STK,11773,INE755Q01025,VISHAL,EQ,,,,,VISHAL FABRICS LTD.,18.12,18.49,18.05,18.22,18.15,18.12,,18.22,,,14567,266765.90,186,F1,1,,,,,
2026-09-18,2026-09-18,CM,NSE,STK,27969,INE01EA01019,VMM,EQ,,,,,VISHAL MEGA MART LIMITED,101.24,102.65,100.23,102.65,102.65,101.24,,102.65,,,10785733,1093910821.40,46067,F1,1,,,,,
2026-09-18,2026-09-18,CM,NSE,STK,6908,INE270I01022,VISHNU,EQ,,,,,VISHNU CHEMICALS LIMITED,715.50,728.00,709.20,722.15,725.00,709.10,,722.11,,,81466,58799522.90,4719,F1,1,,,,,
2026-09-18,2026-09-18,CM,NSE,STK,18341,INE0AE001013,VPRPL,EQ,,,,,VISHNU PRAKASH R PUNGLI L,33.78,36.00,32.90,34.72,34.71,33.35,,34.72,,,1120320,38737803.50,3603,F1,1,,,,,
2026-09-18,2026-09-18,CM,NSE,STK,19300,INE0PQ001012,VISHNUINFR,SM,,,,,VISHNUSURYA PROJ N INFR L,150.00,158.00,149.90,150.55,149.90,156.85,,150.55,,,12000,1838150.00,14,F1,500,,,,,
2026-09-18,2026-09-18,CM,NSE,STK,13702,INE430N01022,VISHWARAJ,EQ,,,,,VISHWARAJ SUGAR IND LTD,5.25,5.35,5.25,5.31,5.35,5.25,,5.31,,,173856,921492.80,393,F1,1,,,,,
2026-09-18,2026-09-18,CM,NSE,STK,23373,INE0S2E01016,VISHWAS,ST,,,,,VISHWAS AGRI SEEDS LTD,40.00,40.00,39.80,39.80,39.80,41.85,,39.80,,,8000,318720.00,5,F1,1600,,,,,
2026-09-18,2026-09-18,CM,NSE,STK,25231,INE0TR001017,VIESL,SM,,,,,VISION INFRA EQUIP SOL L,395.00,395.00,388.00,393.00,393.00,401.00,,393.00,,,3200,1251200.00,4,F1,800,,,,,
2026-09-18,2026-09-18,CM,NSE,STK,761148,INE0L4K01016,VITAL,EQ,,,,,VITAL CHEMTECH LIMITED,57.25,57.25,55.40,55.40,55.99,55.19,,55.40,,,4769,265751.37,19,F1,1,,,,,
2026-09-18,2026-09-18,CM,NSE,STK,763636,INE0MEG01014,VIVIANA,EQ,,,,,VIVIANA POWER TECH LTD,732.15,743.75,711.45,718.80,719.80,724.70,,718.80,,,13641,9851462.35,775,F1,1,,,,,
2026-09-18,2026-09-18,CM,NSE,STK,761768,INE24H301028,VIVIDEL,SM,,,,,VIVID ELECTROMECH LIMITED,1894.00,1915.00,1861.00,1869.30,1862.15,1892.80,,1869.30,,,12720,24192528.00,52,F1,240,,,,,
2026-09-18,2026-09-18,CM,NSE,STK,11968,INE526G01021,VIVIMEDLAB,BE,,,,,VIVIMED LABS LIMITED,5.71,5.78,5.58,5.58,5.58,5.69,,5.58,,,16758,93581.67,30,F1,1,,,,,
2026-09-18,2026-09-18,CM,NSE,STK,764995,INE380K01017,VIVOBIOT,EQ,,,,,VIVO BIO TECH LTD.,17.19,17.19,16.11,16.77,16.79,16.85,,16.73,,,7955,131766.15,65,F1,1,,,,,
2026-09-18,2026-09-18,CM,NSE,STK,14296,INE807F01027,VIYASH,EQ,,,,,VIYASH SCIENTIFIC LIMITED,245.90,251.15,245.65,249.65,249.90,244.50,,249.66,,,1418518,352613916.55,18125,F1,1,,,,,
2026-09-18,2026-09-18,CM,NSE,STK,18012,INE03HW01020,VLEGOV,EQ,,,,,VL E GOV AND IT SOL LTD,10.25,10.47,10.07,10.19,10.15,10.45,,10.18,,,22497,229780.11,319,F1,1,,,,,
2026-09-18,2026-09-18,CM,NSE,STK,3715,INE709A01018,VLSFINANCE,EQ,,,,,VLS FINANCE LTD,238.00,241.98,237.56,238.20,237.58,239.67,,238.21,,,5611,1340644.94,231,F1,1,,,,,
2026-09-18,2026-09-18,CM,NSE,STK,29284,INE665J01013,VMART,EQ,,,,,VMART RETAIL LTD,789.75,828.00,781.20,808.15,825.00,790.05,,808.12,,,87125,69854345.45,8571,F1,1,,,,,
2026-09-18,2026-09-18,CM,NSE,STK,759152,INE0SJA01013,VMSTMT,EQ,,,,,VMS TMT LIMITED,50.50,50.90,47.51,49.64,49.62,50.30,,49.64,,,133668,6637142.70,802,F1,1,,,,,
2026-09-18,2026-09-18,CM,NSE,STK,14366,INE669E01016,IDEA,EQ,,,,,VODAFONE IDEA LIMITED,14.34,14.37,13.92,13.92,13.92,14.22,,13.92,,,350366817,4961495774.51,545606,F1,1,,,,,
2026-09-18,2026-09-18,CM,NSE,STK,765000,INE285C01015,VOITHPAPR,EQ,,,,,VOITH PAPER FABRICS IND L,1461.20,1475.80,1451.00,1457.50,1457.10,1468.50,,1462.23,,,161,235530.20,16,F1,1,,,,,
2026-09-18,2026-09-18,CM,NSE,STK,29658,INE241X01014,VOLERCAR,SM,,,,,VOLER CAR LIMITED,233.00,233.00,233.00,233.00,233.00,225.00,,233.00,,,800,186400.00,1,F1,800,,,,,
2026-09-18,2026-09-18,CM,NSE,STK,13577,INE540H01012,VOLTAMP,EQ,,,,,VOLTAMP TRANSFORMERS LTD,10798.00,10964.00,10784.00,10879.00,10898.00,10735.00,,10879.29,,,19415,211211339.00,6740,F1,1,,,,,
2026-09-18,2026-09-18,CM,NSE,STK,3718,INE226A01021,VOLTAS,EQ,,,,,VOLTAS LTD,1136.00,1145.30,1110.90,1110.90,1110.90,1135.00,,1110.92,,,597381,671702482.10,21120,F1,1,,,,,
2026-09-18,2026-09-18,CM,NSE,STK,24321,INE0S2V01010,VRAJ,EQ,,,,,VRAJ IRON AND STEEL LTD,124.00,128.10,123.87,127.74,128.00,123.99,,127.95,,,20078,2536823.36,466,F1,1,,,,,
2026-09-18,2026-09-18,CM,NSE,STK,8696,INE366I01010,VRLLOG,EQ,,,,,VRL LOGISTICS LIMITED,286.15,295.00,286.15,293.60,292.05,287.90,,293.54,,,140025,40716271.90,4861,F1,1,,,,,
2026-09-18,2026-09-18,CM,NSE,STK,3724,INE710A01016,VSTIND,EQ,,,,,VST INDUSTRIES LTD,206.00,214.70,202.50,208.92,208.40,204.11,,208.90,,,257715,53481082.37,5877,F1,1,,,,,
2026-09-18,2026-09-18,CM,NSE,STK,24292,INE764D01017,VSTTILLERS,EQ,,,,,VST TILLERS TRACTORS LTD,4248.20,4322.60,4086.80,4240.00,4254.00,4201.10,,4239.88,,,17107,71674435.10,4255,F1,1,,,,,
2026-09-18,2026-09-18,CM,NSE,STK,765005,INE855A01019,WHBRADY,EQ,,,,,W H BRADY & CO. LTD.,489.00,489.00,465.30,476.05,473.00,487.00,,477.87,,,124,59211.90,34,F1,1,,,,,
2026-09-18,2026-09-18,CM,NSE,STK,762978,INE765D01022,WPIL,EQ,,,,,W P I L LTD.,444.60,445.00,430.50,433.70,432.15,442.40,,433.51,,,38917,16889302.35,2095,F1,1,,,,,
2026-09-18,2026-09-18,CM,NSE,STK,14828,INE100D01014,WSI,EQ,,,,,W.S.INDUSTRIES (I) LTD.,58.79,58.79,57.02,58.59,58.67,56.60,,58.59,,,15648,910140.14,270,F1,1,,,,,
2026-09-18,2026-09-18,CM,NSE,STK,25907,INE377N01017,WAAREEENER,EQ,,,,,WAAREE ENERGIES LIMITED,2490.10,2560.70,2486.10,2560.70,2560.70,2473.00,,2560.65,,,1224265,3099786779.40,47013,F1,1,,,,,
2026-09-18,2026-09-18,CM,NSE,STK,756038,INE299N01021,WAAREERTL,EQ,,,,,WAAREE RENEWABLE TECH LTD,811.65,825.95,811.65,819.65,820.50,811.05,,819.69,,,93649,76670031.20,7794,F1,1,,,,,
2026-09-18,2026-09-18,CM,NSE,STK,760259,INE0E7301029,WAKEFIT,EQ,,,,,WAKEFIT INNOVATIONS LTD,146.11,148.90,144.60,146.85,146.50,145.59,,146.87,,,179739,26200828.54,2879,F1,1,,,,,
2026-09-18,2026-09-18,CM,NSE,STK,3736,INE711A01022,WALCHANNAG,EQ,,,,,WALCHANDNAGAR INDUSTRIES,200.00,203.75,198.02,202.71,203.50,199.84,,202.72,,,396972,79992699.91,7005,F1,1,,,,,
2026-09-18,2026-09-18,CM,NSE,STK,5013,INE0G2G01015,WALPAR,SM,,,,,WALPAR NUTRITIONS LIMITED,22.15,22.15,21.30,22.00,22.00,22.40,,22.00,,,22000,476400.00,10,F1,2000,,,,,
2026-09-18,2026-09-18,CM,NSE,STK,14063,INE107F01022,WANBURY,EQ,,,,,WANBURY LIMITED,226.10,228.00,221.25,222.75,223.50,223.65,,222.76,,,113160,25385176.05,2855,F1,1,,,,,
2026-09-18,2026-09-18,CM,NSE,STK,765225,INE945P01024,WARDINMOBI,EQ,,,,,WARDWIZARD INNO & MOB L,5.77,5.79,5.60,5.72,5.74,5.68,,5.73,,,205536,1173961.34,634,F1,1,,,,,
2026-09-18,2026-09-18,CM,NSE,STK,3745,INE054C01015,WATERBASE,EQ,,,,,WATERBASE LTD.,45.67,46.90,45.51,45.96,45.92,45.39,,45.95,,,12534,576431.30,246,F1,1,,,,,
2026-09-18,2026-09-18,CM,NSE,STK,762163,INE0LZF01039,CORDELIA,EQ,,,,,WATERWAYS LEISURE TOUR L,109.68,115.16,109.68,115.15,115.10,109.68,,115.14,,,2435983,279672941.02,10968,F1,1,,,,,
2026-09-18,2026-09-18,CM,NSE,STK,759215,INE0A3007065,1075WCA28,N0,,,,,WCAPL 10.75% 2028,9879.79,9879.79,9879.79,9879.79,9879.79,9801.00,,9879.79,,,7,69158.53,2,F1,1,,,,,
2026-09-18,2026-09-18,CM,NSE,STK,9862,INE082W01014,WEWIN,EQ,,,,,WE WIN LIMITED,43.10,43.10,41.01,43.00,43.10,42.89,,43.00,,,3103,133276.45,53,F1,1,,,,,
2026-09-18,2026-09-18,CM,NSE,STK,760482,INF2F0001370,TWCGOLDETF,EQ,,,,,WEALTH - TWCGOLDETF,151.45,152.93,151.32,152.54,152.55,149.93,,152.54,,,2610,397795.53,301,F1,1,,,,,
2026-09-18,2026-09-18,CM,NSE,STK,1923,INE658T01017,WEALTH,EQ,,,,,WEALTH FRST PORT. MG. LTD,842.10,857.70,830.00,841.55,841.00,842.10,,841.53,,,2275,1920199.15,198,F1,1,,,,,
2026-09-18,2026-09-18,CM,NSE,STK,14602,INE855C01023,WEBELSOLAR,EQ,,,,,WEBSOL ENERGY SYSTEM LTD,72.99,74.49,71.65,72.94,73.05,71.74,,72.94,,,1657255,120856994.20,8870,F1,1,,,,,
2026-09-18,2026-09-18,CM,NSE,STK,3748,INE080A01014,WEIZMANIND,EQ,,,,,WEIZMANN LTD,71.27,71.50,71.27,71.48,71.50,71.24,,71.48,,,282,20103.62,5,F1,1,,,,,
2026-09-18,2026-09-18,CM,NSE,STK,11821,INE191B01025,WELCORP,EQ,,,,,WELSPUN CORP LIMITED,2472.60,2678.70,2472.60,2660.10,2660.00,2460.30,,2660.01,,,4629365,12092947371.50,195502,F1,1,,,,,
2026-09-18,2026-09-18,CM,NSE,STK,11626,INE625G01013,WELENT,EQ,,,,,WELSPUN ENTERPRISES LTD.,783.80,837.75,774.65,823.35,820.00,778.70,,823.40,,,1675361,1331357705.15,18732,F1,1,,,,,
2026-09-18,2026-09-18,CM,NSE,STK,19804,INE389K01018,WELINV,BE,,,,,WELSPUN INV & COMM LTD,2286.30,2320.00,2230.60,2320.00,2320.00,2275.00,,2260.00,,,24,55236.50,7,F1,1,,,,,
2026-09-18,2026-09-18,CM,NSE,STK,11253,INE192B01031,WELSPUNLIV,EQ,,,,,WELSPUN LIVING LIMITED,212.25,216.00,211.46,214.66,214.02,212.25,,214.66,,,3513969,752587965.72,34964,F1,1,,,,,
2026-09-18,2026-09-18,CM,NSE,STK,762971,INE731F01037,WELSPLSOL,EQ,,,,,WELSPUN SPECIALTY SOL L,53.88,56.23,52.99,55.65,55.73,53.93,,55.73,,,558795,30704925.17,5225,F1,1,,,,,
2026-09-18,2026-09-18,CM,NSE,STK,4235,INE274C01019,WENDT,EQ,,,,,WENDT (INDIA) LIMITED,8799.00,8945.00,8622.50,8767.50,8711.00,8765.00,,8767.67,,,16282,142713045.50,4027,F1,1,,,,,
2026-09-18,2026-09-18,CM,NSE,STK,3799,INE976A01021,WSTCSTPAPR,EQ,,,,,WEST COAST PAPER MILLS LT,716.00,772.00,713.95,768.30,768.80,716.45,,768.31,,,592182,443499796.25,27644,F1,1,,,,,
2026-09-18,2026-09-18,CM,NSE,STK,25403,INE0CJF01024,WCIL,EQ,,,,,WESTERN CARRIERS (IND) L,95.80,99.99,93.95,96.86,95.40,95.21,,96.86,,,535857,52375811.76,5019,F1,1,,,,,
2026-09-18,2026-09-18,CM,NSE,STK,11580,INE274F01020,WESTLIFE,EQ,,,,,WESTLIFE FOODWORLD LTD,544.20,566.00,544.20,564.40,564.00,549.05,,564.41,,,64581,36349314.80,3569,F1,1,,,,,
2026-09-18,2026-09-18,CM,NSE,STK,759434,INE085001019,WEWORK,EQ,,,,,WEWORK INDIA MANAGEMENT L,682.00,692.55,676.60,681.20,682.15,682.85,,681.24,,,191510,130591463.90,11267,F1,1,,,,,
2026-09-18,2026-09-18,CM,NSE,STK,3766,INE715A01015,WHEELS,EQ,,,,,WHEELS INDIA LTD,2130.00,2235.00,2116.60,2175.70,2178.00,2124.60,,2175.62,,,311417,676129655.10,24614,F1,1,,,,,
2026-09-18,2026-09-18,CM,NSE,STK,18011,INE716A01013,WHIRLPOOL,EQ,,,,,WHIRLPOOL OF INDIA LTD,727.40,732.10,706.00,717.70,732.00,727.40,,717.73,,,1683148,1206939012.10,40173,F1,1,,,,,
2026-09-18,2026-09-18,CM,NSE,STK,3772,INE210A01017,WILLAMAGOR,EQ,,,,,WILLIAMSON MAGOR,25.25,25.25,23.41,24.36,24.00,24.11,,24.36,,,939,22763.91,68,F1,1,,,,,
2026-09-18,2026-09-18,CM,NSE,STK,5366,INE0H5O01029,WINDLAS,EQ,,,,,WINDLAS BIOTECH LIMITED,1119.85,1136.60,1104.35,1109.45,1110.20,1117.60,,1109.29,,,71125,79452803.60,6540,F1,1,,,,,
2026-09-18,2026-09-18,CM,NSE,STK,24969,INE052A01021,WINDMACHIN,EQ,,,,,WINDSOR MACHINES LIMITED,300.05,303.20,293.70,300.05,301.00,300.05,,300.05,,,137585,41234628.95,1608,F1,1,,,,,
2026-09-18,2026-09-18,CM,NSE,STK,24173,INE0S9101013,WINNY,SM,,,,,WINNY IMMIGRA & EDU SER L,32.45,32.45,32.45,32.45,32.45,30.95,,32.45,,,1000,32450.00,2,F1,500,,,,,
2026-09-18,2026-09-18,CM,NSE,STK,23714,INE0S3D01016,WINSOL,SM,,,,,WINSOL ENGINEERS LIMITED,113.00,113.00,112.75,112.75,112.75,110.70,,112.75,,,800,90300.00,2,F1,400,,,,,
2026-09-18,2026-09-18,CM,NSE,STK,3787,INE075A01022,WIPRO,EQ,,,,,WIPRO LTD,166.90,166.90,163.30,166.83,166.83,166.40,,166.83,,,23606474,3900410009.34,110936,F1,1,,,,,
2026-09-18,2026-09-18,CM,NSE,STK,22725,INE623Y01011,WTICAB,SM,,,,,WISE TRAVEL INDIA LIMITED,102.50,103.95,102.50,103.45,103.30,101.75,,103.45,,,5000,516625.00,9,F1,500,,,,,
2026-09-18,2026-09-18,CM,NSE,STK,7506,INE049B01025,WOCKPHARMA,EQ,,,,,WOCKHARDT LIMITED,2072.30,2109.30,2047.30,2086.10,2087.00,2072.30,,2086.11,,,557349,1160083924.40,34910,F1,1,,,,,
2026-09-18,2026-09-18,CM,NSE,STK,25602,INE0OO201011,WOL3D,SM,,,,,WOL 3D INDIA LIMITED,131.00,133.00,131.00,133.00,133.00,135.00,,133.00,,,3000,395050.00,3,F1,1000,,,,,
2026-09-18,2026-09-18,CM,NSE,STK,19632,INE0Q9601016,WOMANCART,ST,,,,,WOMANCART LIMITED,104.20,106.05,103.80,106.05,106.05,101.00,,106.05,,,24000,2532740.00,56,F1,400,,,,,
2026-09-18,2026-09-18,CM,NSE,STK,7835,INE02WG01024,WEL,EQ,,,,,WONDER ELECTRICALS LTD,70.40,72.94,68.01,72.94,72.94,69.47,,73.04,,,546636,39129355.77,2567,F1,1,,,,,
2026-09-18,2026-09-18,CM,NSE,STK,3002,INE066O01014,WONDERLA,EQ,,,,,WONDERLA HOLIDAYS LTD.,516.65,529.80,516.05,527.85,525.00,516.65,,527.86,,,72202,37954268.85,3225,F1,1,,,,,
2026-09-18,2026-09-18,CM,NSE,STK,22277,INE196Y01018,WORTHPERI,EQ,,,,,WORTH PERIPHERALS LIMITED,144.21,155.00,144.21,147.52,147.10,146.27,,147.53,,,6705,994683.77,134,F1,1,,,,,
2026-09-18,2026-09-18,CM,NSE,STK,11705,INE692G01013,XCHANGING,EQ,,,,,XCHANGING SOLUTIONS LTD,62.40,62.95,61.65,62.16,62.91,61.80,,62.16,,,62678,3884498.58,724,F1,1,,,,,
2026-09-18,2026-09-18,CM,NSE,STK,8477,INE01P501012,XELPMOC,EQ,,,,,XELPMOC DESIGN & TECH LTD,75.99,75.99,73.10,74.39,74.70,74.08,,74.40,,,4134,306569.64,205,F1,1,,,,,
2026-09-18,2026-09-18,CM,NSE,STK,11407,INE445C01015,XPROINDIA,EQ,,,,,XPRO INDIA LIMITED,1231.00,1251.20,1213.00,1223.00,1218.90,1236.10,,1223.00,,,20472,25170167.80,1770,F1,1,,,,,
2026-09-18,2026-09-18,CM,NSE,STK,25235,INE547B01028,XTGLOBAL,EQ,,,,,XTGLOBAL INFOTECH LIMITED,29.45,30.00,28.60,29.54,29.65,29.45,,29.54,,,27319,804816.42,178,F1,1,,,,,
2026-09-18,2026-09-18,CM,NSE,STK,764312,INE0NG701011,XTRANET,EQ,,,,,XTRANET TECHNOLOGIES LTD,305.49,330.00,303.11,312.16,311.00,302.42,,312.17,,,2792260,881977679.28,52894,F1,1,,,,,
2026-09-18,2026-09-18,CM,NSE,STK,760870,INE0U0J01015,YAAP,SM,,,,,YAAP DIGITAL LIMITED,127.60,128.20,125.25,126.30,126.50,125.10,,126.30,,,13000,1651200.00,13,F1,1000,,,,,
2026-09-18,2026-09-18,CM,NSE,STK,23451,INE0TO601017,YASHOPTICS,SM,,,,,YASH OPTICS & LENS LTD,136.00,136.00,129.55,133.90,129.55,132.00,,133.90,,,27200,3636960.00,24,F1,800,,,,,
2026-09-18,2026-09-18,CM,NSE,STK,18131,INE616Z01012,YASHO,EQ,,,,,YASHO INDUSTRIES LIMITED,4003.00,4065.00,3970.00,4002.00,4009.90,4003.00,,4002.00,,,16899,67734396.60,3625,F1,1,,,,,
2026-09-18,2026-09-18,CM,NSE,STK,17627,INE08S201019,YCCL,SM,,,,,YASONS CHEMEX CARE LTD,8.55,8.55,8.55,8.55,8.55,8.40,,8.55,,,3000,25650.00,1,F1,3000,,,,,
2026-09-18,2026-09-18,CM,NSE,STK,17738,INE0JO301016,YATHARTH,EQ,,,,,YATHARTH HOSP & TRA C S L,1098.00,1184.00,1082.40,1139.50,1134.00,1072.40,,1139.54,,,6484052,7388500648.70,238220,F1,1,,,,,
2026-09-18,2026-09-18,CM,NSE,STK,18760,INE0JR601024,YATRA,EQ,,,,,YATRA ONLINE LIMITED,103.70,106.50,103.70,104.83,104.43,104.16,,104.82,,,437182,46013787.16,3851,F1,1,,,,,
2026-09-18,2026-09-18,CM,NSE,STK,11915,INE528G01035,YESBANK,EQ,,,,,YES BANK LIMITED,23.20,23.38,22.72,22.72,22.72,23.13,,22.72,,,73563796,1693928532.32,93303,F1,1,,,,,
2026-09-18,2026-09-18,CM,NSE,STK,765010,INE290E01011,YOGI,EQ,,,,,YOGI LTD.,163.99,164.00,163.90,163.98,164.00,163.00,,163.91,,,15,2459.75,7,F1,1,,,,,
2026-09-18,2026-09-18,CM,NSE,STK,18040,INE09FA01019,YUDIZ,SM,,,,,YUDIZ SOLUTIONS LIMITED,22.00,23.10,22.00,23.10,23.10,22.05,,23.10,,,1600,36080.00,2,F1,800,,,,,
2026-09-18,2026-09-18,CM,NSE,STK,5501,INE384C01016,YUKEN,EQ,,,,,YUKEN INDIA LIMITED,1123.10,1149.00,1078.40,1139.20,1127.00,1123.10,,1139.18,,,26377,29444306.05,3368,F1,1,,,,,
2026-09-18,2026-09-18,CM,NSE,STK,4229,INE116C01012,ZFSTEERING,EQ,,,,,Z F STEERING GEAR (I) LTD,689.00,704.70,685.80,697.85,696.50,694.60,,697.85,,,3521,2453664.10,306,F1,1,,,,,
2026-09-18,2026-09-18,CM,NSE,STK,23976,INE0ISZ01012,ZTECH,SM,,,,,Z-TECH (INDIA) LIMITED,397.00,415.00,393.00,412.25,415.00,406.85,,412.25,,,20100,8137170.00,62,F1,300,,,,,
2026-09-18,2026-09-18,CM,NSE,STK,18608,INE07K301024,ZAGGLE,EQ,,,,,ZAGGLE PREPA OCEAN SER L,181.24,182.24,177.25,178.56,178.50,181.38,,178.55,,,983830,176462462.89,11828,F1,1,,,,,
2026-09-18,2026-09-18,CM,NSE,STK,17766,INE0PPS01018,ZEAL,SM,,,,,ZEAL GLOBAL SERVICES LTD,75.30,82.50,75.30,80.00,80.00,75.00,,80.00,,,7200,584790.00,12,F1,600,,,,,
2026-09-18,2026-09-18,CM,NSE,STK,3812,INE256A01028,ZEEL,EQ,,,,,ZEE ENTERTAINMENT ENT LTD,78.31,79.97,76.76,78.62,78.79,78.31,,78.62,,,21977996,1719635815.15,73084,F1,1,,,,,
2026-09-18,2026-09-18,CM,NSE,STK,20852,INE565L01011,ZEELEARN,EQ,,,,,ZEE LEARN LIMITED,7.30,7.30,6.60,6.86,6.80,6.85,,6.87,,,361589,2458189.88,899,F1,1,,,,,
2026-09-18,2026-09-18,CM,NSE,STK,14003,INE966H01019,ZEEMEDIA,EQ,,,,,ZEE MEDIA CORPORATION LTD,7.30,7.44,7.29,7.32,7.35,7.40,,7.32,,,1273163,9362090.26,1184,F1,1,,,,,
2026-09-18,2026-09-18,CM,NSE,STK,7508,INE251B01027,ZENTEC,EQ,,,,,ZEN TECHNOLOGIES LIMITED,1690.00,1706.00,1680.00,1687.40,1682.00,1681.70,,1687.36,,,196201,331591716.20,15696,F1,1,,,,,
2026-09-18,2026-09-18,CM,NSE,STK,22803,INE0QWN01013,ZENITHDRUG,SM,,,,,ZENITH DRUGS LIMITED,43.50,44.05,43.25,43.25,43.25,43.45,,43.25,,,4000,175040.00,5,F1,800,,,,,
2026-09-18,2026-09-18,CM,NSE,STK,4176,INE058B01018,ZENITHEXPO,EQ,,,,,ZENITH EXPORTS LTD,196.95,203.95,196.95,203.95,203.95,196.95,,203.95,,,2,400.90,2,F1,1,,,,,
2026-09-18,2026-09-18,CM,NSE,STK,14562,INE318D01020,ZENITHSTL,EQ,,,,,ZENITH STEEL PIP IND LTD,5.48,5.69,5.48,5.58,5.63,5.56,,5.60,,,27022,151872.64,218,F1,1,,,,,
2026-09-18,2026-09-18,CM,NSE,STK,1076,INE520A01027,ZENSARTECH,EQ,,,,,ZENSAR TECHNOLOGIES  LTD,442.40,443.85,433.00,436.45,437.00,441.85,,436.45,,,1100244,479908422.70,21028,F1,1,,,,,
2026-09-18,2026-09-18,CM,NSE,STK,22901,INF0R8F01042,GOLDCASE,EQ,,,,,ZERODHAAMC - GOLDCASE,23.86,24.20,23.86,24.07,24.06,23.69,,24.07,,,8804176,211748216.87,7761,F1,1,,,,,
2026-09-18,2026-09-18,CM,NSE,STK,21750,INF0R8F01034,LIQUIDCASE,EQ,,,,,ZERODHAAMC - LIQUIDCASE,116.01,116.01,115.99,116.00,116.00,115.95,,116.00,,,13211859,1532610727.62,13210,F1,1,,,,,
2026-09-18,2026-09-18,CM,NSE,STK,758705,INF0R8F01133,LTGILTCASE,EQ,,,,,ZERODHAAMC - LTGILTCASE,30.88,30.88,30.10,30.29,30.29,30.27,,30.29,,,228742,6931068.07,159,F1,1,,,,,
2026-09-18,2026-09-18,CM,NSE,STK,24077,INF0R8F01059,MID150CASE,EQ,,,,,ZERODHAAMC - MID150CASE,11.60,11.60,11.21,11.51,11.55,11.37,,11.51,,,622348,7135667.98,2930,F1,1,,,,,
2026-09-18,2026-09-18,CM,NSE,STK,759302,INF0R8F01166,NIFTYCASE,EQ,,,,,ZERODHAAMC - NIFTYCASE,9.59,9.59,9.35,9.37,9.40,9.36,,9.37,,,503818,4726539.75,1514,F1,1,,,,,
2026-09-18,2026-09-18,CM,NSE,STK,30274,INF0R8F01091,SILVERCASE,EQ,,,,,ZERODHAAMC - SILVERCASE,23.48,23.82,23.46,23.73,23.75,22.95,,23.73,,,12962915,306729009.38,8305,F1,1,,,,,
2026-09-18,2026-09-18,CM,NSE,STK,758955,INF0R8F01141,SML100CASE,EQ,,,,,ZERODHAAMC - SML100CASE,11.35,11.36,11.14,11.32,11.35,11.13,,11.32,,,1176113,13267290.53,1273,F1,1,,,,,
2026-09-18,2026-09-18,CM,NSE,STK,24081,INF0R8F01067,TOP100CASE,EQ,,,,,ZERODHAAMC - TOP100CASE,10.05,10.47,10.05,10.30,10.27,10.26,,10.30,,,253788,2611314.02,856,F1,1,,,,,
2026-09-18,2026-09-18,CM,NSE,STK,16915,INE342J01019,ZFCVINDIA,EQ,,,,,ZF COM VE CTR SYS IND LTD,2450.00,2451.40,2361.00,2387.00,2378.00,2445.20,,2387.08,,,351520,843274778.70,35683,F1,1,,,,,
2026-09-18,2026-09-18,CM,NSE,STK,12384,INE518E01015,ZIMLAB,EQ,,,,,ZIM LABORATORIES LIMITED,137.77,139.79,130.20,135.51,133.35,137.92,,135.51,,,127424,17097002.17,1991,F1,1,,,,,
2026-09-18,2026-09-18,CM,NSE,STK,3821,INE206B01013,ZODIACLOTH,EQ,,,,,ZODIAC CLOTHING CO. LTD.,69.12,70.88,69.10,69.52,69.52,69.10,,69.52,,,674,46750.57,23,F1,1,,,,,
2026-09-18,2026-09-18,CM,NSE,STK,7129,INE761Y01019,ZODIAC,EQ,,,,,ZODIAC ENERGY LIMITED,226.50,226.50,220.10,222.25,221.85,220.25,,222.24,,,6000,1331650.05,495,F1,1,,,,,
2026-09-18,2026-09-18,CM,NSE,STK,11394,INE358U01012,ZOTA,EQ,,,,,ZOTA HEALTH CARE LIMITED,1124.90,1155.00,1124.90,1144.50,1140.00,1118.80,,1144.50,,,56557,64653280.60,3191,F1,1,,,,,
2026-09-18,2026-09-18,CM,NSE,STK,29050,INE840M01016,ZUARI,EQ,,,,,ZUARI AGRO CHEMICALS LTD,216.05,221.35,215.45,220.77,220.50,216.03,,220.76,,,66310,14496230.90,2326,F1,1,,,,,
2026-09-18,2026-09-18,CM,NSE,STK,3827,INE217A01012,ZUARIIND,EQ,,,,,ZUARI INDUSTRIES LIMITED,262.15,265.00,257.05,262.45,260.35,259.30,,262.45,,,26424,6878947.60,1041,F1,1,,,,,
2026-09-18,2026-09-18,CM,NSE,STK,7929,INE010B01027,ZYDUSLIFE,EQ,,,,,ZYDUS LIFESCIENCES LTD,1150.70,1167.30,1147.70,1160.00,1160.00,1135.10,,1159.99,,,2789186,3228915177.20,56206,F1,1,,,,,
2026-09-18,2026-09-18,CM,NSE,STK,17635,INE768C01028,ZYDUSWELL,EQ,,,,,ZYDUS WELLNESS LIMITED,548.00,552.90,512.00,522.25,528.00,546.15,,522.22,,,723768,381392081.35,43609,F1,1,,,,,
