TradDt,BizDt,Sgmt,Src,FinInstrmTp,FinInstrmId,ISIN,TckrSymb,SctySrs,XpryDt,FininstrmActlXpryDt,StrkPric,OptnTp,FinInstrmNm,OpnPric,HghPric,LwPric,ClsPric,LastPric,PrvsClsgPric,UndrlygPric,SttlmPric,OpnIntrst,ChngInOpnIntrst,TtlTradgVol,TtlTrfVal,TtlNbOfTxsExctd,SsnId,NewBrdLotQty,Rmks,Rsvd1,Rsvd2,Rsvd3,Rsvd4
2026-09-25,2026-09-25,CM,NSE,STK,19078,IN0020200104,SGBJUN28,GB,,,,,2.5%GOLDBONDS2028SR-III,14925.83,15044.00,14925.83,15040.00,15040.00,14925.83,,15040.00,,,46,689144.59,15,F1,1,,,,,
2026-09-25,2026-09-25,CM,NSE,STK,1342,IN0020200286,SGBN28VIII,GB,,,,,2.5%GOLDBONDS2028SR-VIII,14951.00,15045.00,14951.00,15038.64,15045.00,14949.98,,15038.64,,,926,13908194.00,63,F1,1,,,,,
2026-09-25,2026-09-25,CM,NSE,STK,3742,IN0020210053,SGBMAY29I,GB,,,,,2.5%GOLDBONDS2029SR-I,15090.00,15099.99,14940.00,15050.00,15050.00,14936.00,,15050.00,,,625,9390706.10,74,F1,1,,,,,
2026-09-25,2026-09-25,CM,NSE,STK,3743,IN0020210061,SGBJUN29II,GB,,,,,2.5%GOLDBONDS2029SR-II,14965.00,15080.00,14965.00,15000.00,15000.00,14965.00,,15015.00,,,29,435340.00,7,F1,1,,,,,
2026-09-25,2026-09-25,CM,NSE,STK,3800,IN0020210087,SGBJU29III,GB,,,,,2.5%GOLDBONDS2029SR-III,14921.01,15048.00,14921.01,15045.77,15048.00,14922.32,,15045.77,,,592,8896163.67,43,F1,1,,,,,
2026-09-25,2026-09-25,CM,NSE,STK,5575,IN0020210145,SGBSEP29VI,GB,,,,,2.5%GOLDBONDS2029SR-VI,14948.10,15050.00,14948.10,15048.66,15050.00,14942.72,,15048.66,,,175,2625278.14,43,F1,1,,,,,
2026-09-25,2026-09-25,CM,NSE,STK,6518,IN0020210178,SGBNV29VII,GB,,,,,2.5%GOLDBONDS2029SR-VII,15100.00,15100.00,15005.21,15100.00,15100.00,14961.48,,15100.00,,,284,4281846.53,24,F1,1,,,,,
2026-09-25,2026-09-25,CM,NSE,STK,5960,IN0020180249,SGBOCT26,GB,,,,,2.50%GOLDBONDS2026SR-II,15001.00,15100.00,15001.00,15100.00,15100.00,15105.00,,15100.00,,,73,1098857.04,15,F1,1,,,,,
2026-09-25,2026-09-25,CM,NSE,STK,6355,IN0020180314,SGBNOV26,GB,,,,,2.50%GOLDBONDS2026SR-III,14810.01,14900.00,14810.01,14900.00,14900.00,15150.00,,14513.00,,,21,312270.07,3,F1,1,,,,,
2026-09-25,2026-09-25,CM,NSE,STK,10261,IN0020190073,SGBJUN27,GB,,,,,2.50%GOLDBONDS2027SR-I,14808.00,14998.00,14808.00,14998.00,14998.00,15030.00,,14998.00,,,56,835778.15,7,F1,1,,,,,
2026-09-25,2026-09-25,CM,NSE,STK,11154,IN0020190081,SGBJUL27,GB,,,,,2.50%GOLDBONDS2027SR-II,14870.00,15010.01,14870.00,15010.01,15010.01,15050.00,,15010.01,,,38,568980.13,10,F1,1,,,,,
2026-09-25,2026-09-25,CM,NSE,STK,12904,IN0020190107,SGBAUG27,GB,,,,,2.50%GOLDBONDS2027SR-III,15000.00,15000.00,15000.00,15000.00,15000.00,14928.00,,15000.00,,,153,2295000.00,5,F1,1,,,,,
2026-09-25,2026-09-25,CM,NSE,STK,13209,IN0020190115,SGBSEP27,GB,,,,,2.50%GOLDBONDS2027SR-IV,15000.00,15400.00,14751.00,15026.96,15400.00,15000.00,,15026.96,,,100,1495510.19,30,F1,1,,,,,
2026-09-25,2026-09-25,CM,NSE,STK,13981,IN0020190370,SGBOCT27,GB,,,,,2.50%GOLDBONDS2027SR-V,15000.00,15200.00,15000.00,15200.00,15200.00,14950.50,,15200.00,,,3,45200.00,2,F1,1,,,,,
2026-09-25,2026-09-25,CM,NSE,STK,8766,IN0020180561,SGBFEB27,GB,,,,,2.50%GOLDBONDS2027SR-VI,15000.00,15000.00,15000.00,15000.00,15000.00,14899.90,,15000.00,,,3,45000.00,1,F1,1,,,,,
2026-09-25,2026-09-25,CM,NSE,STK,15432,IN0020190461,SGBDC27VII,GB,,,,,2.50%GOLDBONDS2027SR-VII,15190.00,15190.00,15000.00,15139.99,15139.99,14990.00,,15139.99,,,18,271184.92,12,F1,1,,,,,
2026-09-25,2026-09-25,CM,NSE,STK,18862,IN0020200062,SGBAPR28I,GB,,,,,2.50%GOLDBONDS2028SR-I,15021.01,15150.00,15021.01,15150.00,15150.00,15010.90,,15150.00,,,347,5237459.80,87,F1,1,,,,,
2026-09-25,2026-09-25,CM,NSE,STK,18972,IN0020200088,SGBMAY28,GB,,,,,2.50%GOLDBONDS2028SR-II,14932.50,15065.00,14931.00,15030.00,15065.00,14920.00,,15030.00,,,77,1154615.02,15,F1,1,,,,,
2026-09-25,2026-09-25,CM,NSE,STK,22242,IN0020200146,SGBJUL28IV,GB,,,,,2.50%GOLDBONDS2028SR-IV,15189.98,15189.98,14940.00,14962.78,14960.00,14895.90,,14962.78,,,363,5433451.32,49,F1,1,,,,,
2026-09-25,2026-09-25,CM,NSE,STK,17664,IN0020190545,SGBFEB28IX,GB,,,,,2.50%GOLDBONDS2028SR-IX,14893.00,14893.00,14893.00,14893.00,14893.00,15050.00,,14893.00,,,1,14893.00,1,F1,1,,,,,
2026-09-25,2026-09-25,CM,NSE,STK,22385,IN0020200161,SGBAUG28V,GB,,,,,2.50%GOLDBONDS2028SR-V,14940.01,15139.99,14938.07,15055.85,15023.01,14938.06,,15055.85,,,2113,31831901.73,129,F1,1,,,,,
2026-09-25,2026-09-25,CM,NSE,STK,149,IN0020200195,SGBSEP28VI,GB,,,,,2.50%GOLDBONDS2028SR-VI,14912.00,15020.00,14912.00,15004.16,15020.00,14899.06,,15004.16,,,110,1649068.83,25,F1,1,,,,,
2026-09-25,2026-09-25,CM,NSE,STK,834,IN0020200203,SGBOC28VII,GB,,,,,2.50%GOLDBONDS2028SR-VII,14951.00,15100.01,14951.00,15100.01,15100.01,14951.00,,15100.01,,,130,1962511.03,15,F1,1,,,,,
2026-09-25,2026-09-25,CM,NSE,STK,5113,IN0020210111,SGBJUL29IV,GB,,,,,2.50%GOLDBONDS2029SR-IV,15074.89,15150.26,14931.01,15000.06,15000.00,14999.89,,15000.06,,,300,4499710.63,37,F1,1,,,,,
2026-09-25,2026-09-25,CM,NSE,STK,1920,IN0020200377,SGBJAN29IX,GB,,,,,2.50%GOLDBONDS2029SR-IX,14927.50,15050.00,14927.50,15050.00,15050.00,14915.60,,15050.00,,,28,419466.20,14,F1,1,,,,,
2026-09-25,2026-09-25,CM,NSE,STK,5455,IN0020210129,SGBAUG29V,GB,,,,,2.50%GOLDBONDS2029SR-V,15020.00,15289.99,14971.00,15050.00,15050.00,15020.05,,15050.00,,,217,3266548.67,58,F1,1,,,,,
2026-09-25,2026-09-25,CM,NSE,STK,7098,IN0020210228,SGBD29VIII,GB,,,,,2.50%GOLDBONDS2029SR-VIII,15006.00,15120.00,15000.00,15119.99,15120.00,15000.00,,15110.42,,,147,2213086.35,42,F1,1,,,,,
2026-09-25,2026-09-25,CM,NSE,STK,2003,IN0020200385,SGBJAN29X,GB,,,,,2.50%GOLDBONDS2029SR-X,14921.01,15079.00,14921.01,15044.80,15044.80,14916.80,,15044.80,,,9,135001.01,8,F1,1,,,,,
2026-09-25,2026-09-25,CM,NSE,STK,2200,IN0020200393,SGBFEB29XI,GB,,,,,2.50%GOLDBONDS2029SR-XI,14976.00,14976.00,14976.00,14976.00,14976.00,14935.17,,14976.00,,,3,44928.00,3,F1,1,,,,,
2026-09-25,2026-09-25,CM,NSE,STK,2810,IN0020200427,SGBMR29XII,GB,,,,,2.50%GOLDBONDS2029SR-XII,14950.00,15049.97,14950.00,14972.31,14999.99,14995.48,,14972.31,,,263,3938967.67,57,F1,1,,,,,
2026-09-25,2026-09-25,CM,NSE,STK,10232,IN0020220045,SGBJUN30,GB,,,,,2.50%GOLDBONDS2030SR-I,15145.00,15250.00,15101.00,15126.26,15250.00,15200.00,,15142.20,,,147,2224172.87,56,F1,1,,,,,
2026-09-25,2026-09-25,CM,NSE,STK,11192,IN0020220078,SGBAUG30,GB,,,,,2.50%GOLDBONDS2030SR-II,15211.00,15249.98,15128.03,15171.16,15220.00,15210.00,,15171.16,,,135,2050014.70,49,F1,1,,,,,
2026-09-25,2026-09-25,CM,NSE,STK,13642,IN0020220110,SGBDE30III,GB,,,,,2.50%GOLDBONDS2030SR-III,15205.01,15339.99,15185.01,15306.31,15329.97,15204.11,,15275.81,,,61,928285.95,24,F1,1,,,,,
2026-09-25,2026-09-25,CM,NSE,STK,7879,IN0020210236,SGBJAN30IX,GB,,,,,2.50%GOLDBONDS2030SR-IX,15021.01,15156.40,15021.01,15104.93,15156.40,15145.00,,15104.93,,,61,920127.69,24,F1,1,,,,,
2026-09-25,2026-09-25,CM,NSE,STK,8401,IN0020210319,SGBMAR30X,GB,,,,,2.50%GOLDBONDS2030SR-X,15006.00,15111.01,15006.00,15100.20,15100.00,15003.93,,15100.20,,,21,317002.05,10,F1,1,,,,,
2026-09-25,2026-09-25,CM,NSE,STK,17202,IN0020230069,SGBJUN31I,GB,,,,,2.50%GOLDBONDS2031SR-I,15325.93,15399.99,15275.00,15371.39,15354.90,15325.92,,15367.54,,,281,4310593.66,77,F1,1,,,,,
2026-09-25,2026-09-25,CM,NSE,STK,19456,IN0020230093,SGBSEP31II,GB,,,,,2.50%GOLDBONDS2031SR-II,15304.00,15369.99,15299.99,15338.63,15369.99,15292.88,,15357.48,,,650,9957966.18,150,F1,1,,,,,
2026-09-25,2026-09-25,CM,NSE,STK,22476,IN0020230168,SGBDE31III,GB,,,,,2.50%GOLDBONDS2031SR-III,15395.00,15530.00,15395.00,15509.03,15480.00,15400.56,,15509.03,,,820,12672647.27,152,F1,1,,,,,
2026-09-25,2026-09-25,CM,NSE,STK,14598,IN0020220169,SGBMAR31IV,GB,,,,,2.50%GOLDBONDS2031SR-IV,15200.00,15319.99,15110.01,15262.50,15240.00,15229.35,,15263.66,,,46,701032.72,30,F1,1,,,,,
2026-09-25,2026-09-25,CM,NSE,STK,22886,IN0020230184,SGBFEB32IV,GB,,,,,2.50%GOLDBONDS2032SR-IV,15592.56,15819.99,15592.56,15758.98,15799.99,15592.55,,15759.05,,,1622,25542980.19,276,F1,1,,,,,
2026-09-25,2026-09-25,CM,NSE,STK,16921,INE144J01027,20MICRONS,EQ,,,,,20 MICRONS LTD,215.01,219.80,212.78,217.58,217.55,213.87,,217.54,,,101345,21981347.25,2985,F1,1,,,,,
2026-09-25,2026-09-25,CM,NSE,STK,4,INE253B01015,21STCENMGM,EQ,,,,,21ST CENTURY MGMT SERVICE,40.16,40.39,39.00,39.87,39.95,39.77,,39.87,,,4675,185064.74,49,F1,1,,,,,
2026-09-25,2026-09-25,CM,NSE,STK,13061,INE466L01038,360ONE,EQ,,,,,360 ONE WAM LIMITED,1080.00,1087.90,1062.30,1073.00,1073.00,1080.80,,1073.00,,,738050,792218326.30,36597,F1,1,,,,,
2026-09-25,2026-09-25,CM,NSE,STK,30105,INF579M01BB5,GOLD360,EQ,,,,,360ONEAMC - GOLD360,145.85,147.10,145.55,146.50,147.10,145.85,,146.53,,,8107,1186090.40,243,F1,1,,,,,
2026-09-25,2026-09-25,CM,NSE,STK,763602,INF579M01BP5,MSCI360,EQ,,,,,360ONEAMC - MSCI360,9.88,9.88,9.72,9.74,9.83,9.88,,9.74,,,13737,133880.68,47,F1,1,,,,,
2026-09-25,2026-09-25,CM,NSE,STK,756150,INF579M01BC3,SILVER360,EQ,,,,,360ONEAMC - SILVER360,223.00,225.54,221.76,225.19,225.53,222.40,,225.19,,,7141,1597754.19,304,F1,1,,,,,
2026-09-25,2026-09-25,CM,NSE,STK,762518,INE994E01018,3BBLACKBIO,EQ,,,,,3B BLACKBIO DX LTD.,1398.30,1473.90,1381.00,1456.20,1473.00,1406.00,,1457.56,,,8013,11345583.80,1282,F1,1,,,,,
2026-09-25,2026-09-25,CM,NSE,STK,6240,INE748C01038,3IINFOLTD,BE,,,,,3I INFOTECH LIMITED,24.94,25.50,23.90,24.35,24.40,24.96,,24.35,,,233223,5685257.86,818,F1,1,,,,,
2026-09-25,2026-09-25,CM,NSE,STK,474,INE470A01017,3MINDIA,EQ,,,,,3M INDIA LIMITED,34595.00,34595.00,33800.00,33925.00,33800.00,34590.00,,33925.57,,,2731,92937460.00,1239,F1,1,,,,,
2026-09-25,2026-09-25,CM,NSE,STK,2595,INE105C01023,3PLAND,EQ,,,,,3P LAND HOLDINGS LIMITED,29.42,31.20,29.42,30.99,30.99,30.52,,30.99,,,2653,80325.36,98,F1,1,,,,,
2026-09-25,2026-09-25,CM,NSE,STK,445,INE618L01018,5PAISA,EQ,,,,,5PAISA CAPITAL LIMITED,310.00,315.00,305.00,308.90,307.10,308.40,,308.90,,,27267,8426963.25,1181,F1,1,,,,,
2026-09-25,2026-09-25,CM,NSE,STK,11868,INE111B01023,63MOONS,EQ,,,,,63 MOONS TECHNOLOGIES LTD,867.50,877.60,851.35,857.65,856.00,862.90,,857.72,,,180556,155713387.25,8227,F1,1,,,,,
2026-09-25,2026-09-25,CM,NSE,STK,20034,INE261F07032,764NABAR31,N2,,,,,7.64% TAX FREE TRI SRIIB,1114.18,1114.18,1112.10,1114.18,1114.18,1114.18,,1114.18,,,19,21150.70,3,F1,1,,,,,
2026-09-25,2026-09-25,CM,NSE,STK,19928,INE031A07AO5,764HUDCO31,N8,,,,,7.64% TAX FREETRI SR2B,1128.00,1128.00,1128.00,1128.00,1128.00,1130.00,,1130.95,,,1,1128.00,1,F1,1,,,,,
2026-09-25,2026-09-25,CM,NSE,STK,20022,INE134E07208,830PFCL27,N5,,,,,8.30% TAX FREE NCD,1087.00,1093.00,1087.00,1088.00,1088.00,1087.00,,1088.00,,,183,199251.00,8,F1,1,,,,,
2026-09-25,2026-09-25,CM,NSE,STK,192,INE906B07DF8,875NHAI29,N6,,,,,8.75% TAX FREE TR I S IIB,1108.00,1124.49,1108.00,1123.66,1123.99,1118.00,,1122.72,,,2465,2753531.22,25,F1,1,,,,,
2026-09-25,2026-09-25,CM,NSE,STK,19968,INE031A07949,876HUDCO28,ND,,,,,8.76% TAX FREETRI SR2B,1140.03,1141.01,1140.03,1140.11,1140.06,1142.00,,1140.11,,,700,798061.75,6,F1,1,,,,,
2026-09-25,2026-09-25,CM,NSE,STK,31768,INE733E07JJ9,891NTPC33,N6,,,,,8.91%S-R-NCD SERIES 3B,1289.00,1289.00,1289.00,1289.00,1289.00,1277.05,,1289.00,,,1,1289.00,1,F1,1,,,,,
2026-09-25,2026-09-25,CM,NSE,STK,31487,INE848E07567,892NHPC33,N6,,,,,8.92% SEC RED BOND S3B,1265.00,1265.00,1265.00,1265.00,1265.00,1260.00,,1265.00,,,140,177100.00,2,F1,1,,,,,
2026-09-25,2026-09-25,CM,NSE,STK,19970,INE031A07AB2,901HUDCO34,NE,,,,,9.01% TAX FREETRII SR3B,1287.00,1287.00,1282.06,1282.06,1282.06,1287.70,,1282.06,,,29,37248.90,3,F1,1,,,,,
2026-09-25,2026-09-25,CM,NSE,STK,759130,INE08PH01015,ABCOTS,EQ,,,,,A B COTSPIN INDIA LIMITED,203.00,208.00,200.01,203.07,202.45,201.58,,203.07,,,4142,840704.05,134,F1,1,,,,,
2026-09-25,2026-09-25,CM,NSE,STK,27016,INE00YB01025,ABINFRA,BE,,,,,A B INFRABUILD LIMITED,12.70,12.70,12.11,12.58,12.50,12.31,,12.58,,,438034,5445939.76,273,F1,1,,,,,
2026-09-25,2026-09-25,CM,NSE,STK,762528,INE850B01026,ABMKNO,EQ,,,,,A B M KNOWLEDGEWARE LTD.,170.80,189.00,168.00,174.07,178.00,170.80,,174.07,,,7283,1306083.55,231,F1,1,,,,,
2026-09-25,2026-09-25,CM,NSE,STK,762536,INE366C01021,ACSTECH,BE,,,,,A C S TECHNOLOGIES LTD.,80.41,84.38,80.00,84.38,84.38,80.37,,84.49,,,430830,35908897.19,1273,F1,1,,,,,
2026-09-25,2026-09-25,CM,NSE,STK,762538,INE701G01012,AKCAPIT,EQ,,,,,A K CAPITAL SERVICES LTD.,1745.70,1755.00,1745.70,1754.00,1750.00,1729.20,,1750.19,,,204,357060.70,29,F1,1,,,,,
2026-09-25,2026-09-25,CM,NSE,STK,20906,INE619I01012,A2ZINFRA,EQ,,,,,A2Z INFRA ENGINEERING LTD,14.56,15.14,14.56,14.72,14.72,14.74,,14.72,,,167738,2495050.83,382,F1,1,,,,,
2026-09-25,2026-09-25,CM,NSE,STK,12533,INE0D0U01013,AAATECH,EQ,,,,,AAA TECHNOLOGIES LIMITED,93.20,105.90,89.26,101.50,101.75,91.84,,101.52,,,735186,69268123.94,2304,F1,1,,,,,
2026-09-25,2026-09-25,CM,NSE,STK,23729,INE883F01010,AADHARHFC,EQ,,,,,AADHAR HOUSING FINANCE L,446.55,450.60,441.30,444.50,443.10,446.70,,444.50,,,440466,196334829.60,16035,F1,1,,,,,
2026-09-25,2026-09-25,CM,NSE,STK,757579,INE1GYP01013,AAKAAR,SM,,,,,AAKAAR MEDICAL TECHNO LTD,70.00,70.00,70.00,70.00,70.00,68.15,,70.00,,,1600,112000.00,1,F1,1600,,,,,
2026-09-25,2026-09-25,CM,NSE,STK,235,INE087Z01024,AAKASH,EQ,,,,,AAKASH EXPLORATION SER L,9.05,9.34,8.85,8.92,8.93,9.09,,8.92,,,140427,1261001.46,312,F1,1,,,,,
2026-09-25,2026-09-25,CM,NSE,STK,758216,INE124401014,AARADHYA,ST,,,,,AARADHYA DISPOSAL INDUS L,138.00,138.00,134.25,136.00,136.00,138.00,,136.00,,,10800,1464900.00,9,F1,1200,,,,,
2026-09-25,2026-09-25,CM,NSE,STK,5245,INE198H01019,AAREYDRUGS,EQ,,,,,AAREY DRUGS & PHARM LTD,98.50,102.01,98.02,101.57,102.01,100.26,,101.56,,,112885,11285923.01,815,F1,1,,,,,
2026-09-25,2026-09-25,CM,NSE,STK,761824,INE750R01016,AARNAV,BE,,,,,AARNAV FASHIONS LIMITED,34.40,36.48,33.51,36.05,36.00,35.00,,36.05,,,33429,1198533.61,125,F1,1,,,,,
2026-09-25,2026-09-25,CM,NSE,STK,1030,INE721Z01010,AARON,EQ,,,,,AARON INDUSTRIES LIMITED,118.50,125.00,116.71,124.11,123.05,116.68,,124.11,,,28654,3479379.97,636,F1,1,,,,,
2026-09-25,2026-09-25,CM,NSE,STK,17164,INE01C001026,AARTECH,BE,,,,,AARTECH SOLONICS LIMITED,50.20,51.17,49.46,50.11,50.79,50.41,,50.14,,,10014,503955.72,62,F1,1,,,,,
2026-09-25,2026-09-25,CM,NSE,STK,4481,INE767A01016,AARTIDRUGS,EQ,,,,,AARTI DRUGS LTD.,440.00,440.95,425.00,427.40,426.10,437.25,,427.50,,,212626,91334967.10,5656,F1,1,,,,,
2026-09-25,2026-09-25,CM,NSE,STK,7,INE769A01020,AARTIIND,EQ,,,,,AARTI INDUSTRIES LTD,487.85,492.70,484.60,489.25,488.50,489.45,,489.25,,,302323,147881998.15,15198,F1,1,,,,,
2026-09-25,2026-09-25,CM,NSE,STK,13868,INE0LRU01027,AARTIPHARM,EQ,,,,,AARTI PHARMALABS LIMITED,930.00,962.00,915.45,939.55,942.10,934.25,,939.52,,,675198,637306245.45,33528,F1,1,,,,,
2026-09-25,2026-09-25,CM,NSE,STK,19263,INE09EO01013,AARTISURF,BE,,,,,AARTI SURFACTANTS LIMITED,525.00,525.00,500.05,515.70,514.75,516.75,,515.70,,,5605,2871212.25,161,F1,1,,,,,
2026-09-25,2026-09-25,CM,NSE,STK,19073,INE754X01016,AARVI,EQ,,,,,AARVI ENCON LIMITED,135.85,139.94,135.85,136.91,138.00,135.85,,136.93,,,7911,1080802.10,170,F1,1,,,,,
2026-09-25,2026-09-25,CM,NSE,STK,763800,INE2FMX01012,AASTHA,EQ,,,,,AASTHA SPINTEX LIMITED,79.00,79.00,72.72,72.72,72.72,80.80,,72.72,,,4769681,351405226.10,14213,F1,1,,,,,
2026-09-25,2026-09-25,CM,NSE,STK,16961,INE0OB201016,AATMAJ,SM,,,,,AATMAJ HEALTHCARE LIMITED,20.40,20.40,20.35,20.40,20.40,19.90,,20.40,,,6000,122300.00,3,F1,2000,,,,,
2026-09-25,2026-09-25,CM,NSE,STK,5385,INE216P01012,AAVAS,EQ,,,,,AAVAS FINANCIERS LIMITED,1246.10,1277.20,1242.70,1267.70,1261.20,1256.40,,1268.29,,,49117,61682778.80,9625,F1,1,,,,,
2026-09-25,2026-09-25,CM,NSE,STK,7759,INE421A01028,ABAN,BE,,,,,ABAN OFFSHORE LTD.,13.80,14.22,13.68,13.85,14.21,13.95,,13.85,,,25867,362059.11,120,F1,1,,,,,
2026-09-25,2026-09-25,CM,NSE,STK,762523,INE365O01028,ABANSENT,EQ,,,,,ABANS ENTERPRISES LTD.,27.38,27.38,26.36,27.18,27.00,27.25,,27.33,,,3615,97067.99,132,F1,1,,,,,
2026-09-25,2026-09-25,CM,NSE,STK,13288,INE00ZE01026,AFSL,EQ,,,,,ABANS FINANCIAL SRVCS LTD,201.61,204.90,201.00,201.00,201.00,203.47,,201.00,,,4255,855706.40,80,F1,1,,,,,
2026-09-25,2026-09-25,CM,NSE,STK,13,INE117A01022,ABB,EQ,,,,,ABB INDIA LIMITED,7111.00,7201.50,7025.00,7052.50,7052.50,7129.00,,7052.88,,,80574,571083038.50,14255,F1,1,,,,,
2026-09-25,2026-09-25,CM,NSE,STK,17903,INE358A01014,ABBOTINDIA,EQ,,,,,ABBOTT INDIA LIMITED,26860.00,27095.00,26860.00,26955.00,26985.00,26860.00,,26949.46,,,2263,60987595.00,1495,F1,1,,,,,
2026-09-25,2026-09-25,CM,NSE,STK,755940,INE860H07IP2,78ABCL33,N1,,,,,ABCL 7.8% SR V,894.00,1000.00,894.00,990.00,990.00,1020.00,,990.00,,,41,39528.00,9,F1,1,,,,,
2026-09-25,2026-09-25,CM,NSE,STK,755944,INE860H07IT4,805ABCL28,N5,,,,,ABCL 8.05% SR III,1045.00,1047.00,1045.00,1047.00,1047.00,1067.00,,1047.00,,,59,61673.00,3,F1,1,,,,,
2026-09-25,2026-09-25,CM,NSE,STK,765463,INE1R2M01019,ABH,SM,,,,,ABH HEALTHCARE LIMITED,45.45,46.50,45.40,45.40,45.40,47.75,,45.40,,,32400,1474620.00,27,F1,1200,,,,,
2026-09-25,2026-09-25,CM,NSE,STK,5551,INE251C01025,ABMINTLLTD,BE,,,,,ABM INTERNATIONAL LTD,46.12,46.12,45.20,45.20,45.20,46.12,,45.20,,,1136,52285.60,12,F1,1,,,,,
2026-09-25,2026-09-25,CM,NSE,STK,23783,INE0QRV01016,ABSMARINE,SM,,,,,ABS MARINE SERVICES LTD,313.00,320.00,301.50,317.00,320.00,309.60,,317.00,,,56500,17596550.00,96,F1,500,,,,,
2026-09-25,2026-09-25,CM,NSE,STK,22,INE012A01025,ACC,EQ,,,,,ACC LIMITED,1236.10,1239.80,1230.50,1236.40,1235.00,1236.10,,1236.42,,,45301,55993364.50,6393,F1,1,,,,,
2026-09-25,2026-09-25,CM,NSE,STK,7053,INE793A01012,ACCELYA,EQ,,,,,ACCELYA SOLN INDIA LTD,1120.90,1130.90,1108.60,1110.00,1110.00,1120.90,,1110.00,,,10220,11374941.90,891,F1,1,,,,,
2026-09-25,2026-09-25,CM,NSE,STK,20488,INE0Q5D01013,ACCENTMIC,SM,,,,,ACCENT MICROCELL LIMITED,672.50,677.45,660.00,674.85,675.00,674.25,,674.85,,,80000,53674250.00,81,F1,500,,,,,
2026-09-25,2026-09-25,CM,NSE,STK,757024,INE0T8T01010,ACCPL,ST,,,,,ACCRETION PHARMA LIMITED,200.00,205.00,198.00,203.30,203.30,205.00,,203.30,,,18000,3609720.00,11,F1,1200,,,,,
2026-09-25,2026-09-25,CM,NSE,STK,1472,INE648Z01023,ACCURACY,BE,,,,,ACCURACY SHIPPING LIMITED,4.39,4.39,4.09,4.28,4.29,4.30,,4.31,,,85179,358930.83,157,F1,1,,,,,
2026-09-25,2026-09-25,CM,NSE,STK,11779,INE543V01017,ACEINTEG,EQ,,,,,ACE INTEGRATED SOLU. LTD.,17.03,17.99,17.03,17.58,17.60,17.71,,17.58,,,1030,18009.67,86,F1,1,,,,,
2026-09-25,2026-09-25,CM,NSE,STK,761112,INE1J6M01010,ACETEC,SM,,,,,ACETECH E-COMMERCE LTD,151.00,152.00,145.00,145.00,145.00,148.00,,145.00,,,6000,891720.00,5,F1,1200,,,,,
2026-09-25,2026-09-25,CM,NSE,STK,27061,INE622W01025,ACMESOLAR,EQ,,,,,ACME SOLAR HOLDINGS LTD,446.90,449.75,431.50,442.90,439.65,446.65,,442.88,,,3082821,1358250228.00,56589,F1,1,,,,,
2026-09-25,2026-09-25,CM,NSE,STK,13587,INE731H01025,ACE,EQ,,,,,ACTION CONST EQUIP LTD,1242.00,1250.00,1212.10,1226.60,1223.80,1241.00,,1226.71,,,184368,226257309.00,15032,F1,1,,,,,
2026-09-25,2026-09-25,CM,NSE,STK,5578,INE00FF01025,ACUTAAS,EQ,,,,,ACUTAAS CHEMICALS LIMITED,3294.90,3311.40,3232.00,3272.50,3272.70,3283.70,,3272.48,,,153473,501417119.20,25984,F1,1,,,,,
2026-09-25,2026-09-25,CM,NSE,STK,10217,INE931S01010,ADANIENSOL,EQ,,,,,ADANI ENERGY SOLUTION LTD,1341.40,1344.00,1315.00,1338.50,1338.50,1340.50,,1338.51,,,1534753,2041633443.90,34850,F1,1,,,,,
2026-09-25,2026-09-25,CM,NSE,STK,12184,INE423A01024,ADANIENT,BL,,,,,ADANI ENTERPRISES LIMITED,2905.00,2905.00,2905.00,2905.00,2905.00,2913.40,,2905.00,,,8600000,24983000000.00,2,F1,999999999,,,,,
2026-09-25,2026-09-25,CM,NSE,STK,25,INE423A01024,ADANIENT,EQ,,,,,ADANI ENTERPRISES LIMITED,2920.00,2939.90,2902.50,2916.50,2916.50,2900.00,,2916.47,,,570504,1666048960.90,42051,F1,1,,,,,
2026-09-25,2026-09-25,CM,NSE,STK,3563,INE364U01010,ADANIGREEN,EQ,,,,,ADANI GREEN ENERGY LTD,1279.90,1299.60,1270.20,1296.60,1296.60,1280.10,,1296.56,,,972126,1251738859.60,29039,F1,1,,,,,
2026-09-25,2026-09-25,CM,NSE,STK,15083,INE742F01042,ADANIPORTS,EQ,,,,,ADANI PORT & SEZ LTD,1791.80,1800.60,1775.00,1788.00,1788.00,1785.30,,1787.96,,,895306,1601195438.10,37063,F1,1,,,,,
2026-09-25,2026-09-25,CM,NSE,STK,17388,INE814H01029,ADANIPOWER,EQ,,,,,ADANI POWER LTD,200.00,203.60,196.10,202.75,202.75,199.48,,202.76,,,16171228,3245814998.91,81785,F1,1,,,,,
2026-09-25,2026-09-25,CM,NSE,STK,6066,INE399L01023,ATGL,EQ,,,,,ADANI TOTAL GAS LIMITED,615.00,615.00,605.10,611.65,611.00,612.40,,611.60,,,547772,334369107.95,21297,F1,1,,,,,
2026-09-25,2026-09-25,CM,NSE,STK,764563,INE757C01021,ADDIND,EQ,,,,,ADDI INDUSTRIES LTD.,80.90,80.90,75.00,77.20,77.90,76.99,,77.20,,,181,13960.48,22,F1,1,,,,,
2026-09-25,2026-09-25,CM,NSE,STK,22468,INE0RDH01021,ADDICTIVE,SM,,,,,ADDICTIVE LEARNING TECH L,45.15,46.30,45.15,46.30,46.30,44.10,,46.30,,,4500,205975.00,9,F1,500,,,,,
2026-09-25,2026-09-25,CM,NSE,STK,19761,INE982B01027,ADFFOODS,EQ,,,,,ADF FOODS LIMITED,270.00,271.70,264.50,270.60,270.00,271.65,,270.50,,,51882,13923980.05,2429,F1,1,,,,,
2026-09-25,2026-09-25,CM,NSE,STK,763156,INE20PL01012,ADISOFT,SM,,,,,ADISOFT TECHNOLOGIES LTD,252.05,264.00,247.00,259.50,261.10,251.05,,259.50,,,108000,27239760.00,131,F1,800,,,,,
2026-09-25,2026-09-25,CM,NSE,STK,6018,INE404A01024,ABSLAMC,EQ,,,,,ADIT BIRL SUN LIF AMC LTD,1020.00,1023.70,1001.50,1014.50,1016.90,1024.20,,1014.51,,,112917,114307749.70,17021,F1,1,,,,,
2026-09-25,2026-09-25,CM,NSE,STK,21614,INE674K01013,ABCAPITAL,EQ,,,,,ADITYA BIRLA CAPITAL LTD.,390.90,392.20,384.80,390.00,390.00,390.10,,390.00,,,2752305,1066813910.15,28946,F1,1,,,,,
2026-09-25,2026-09-25,CM,NSE,STK,30108,INE647O01011,ABFRL,EQ,,,,,ADITYA BIRLA FASHION & RT,48.02,49.28,47.88,49.14,49.20,48.06,,49.14,,,4619236,224181323.18,16828,F1,1,,,,,
2026-09-25,2026-09-25,CM,NSE,STK,756843,INE14LE01019,ABLBL,EQ,,,,,ADITYA BIRLA LIFES BRAN L,78.17,79.36,78.01,78.72,78.78,78.59,,78.72,,,631342,49695622.35,8009,F1,1,,,,,
2026-09-25,2026-09-25,CM,NSE,STK,15239,INE865C01022,BIRLAMONEY,EQ,,,,,ADITYA BIRLA MONEY LTD,118.66,119.95,117.21,118.87,119.95,118.66,,118.86,,,18043,2131825.57,862,F1,1,,,,,
2026-09-25,2026-09-25,CM,NSE,STK,625,INE055A01016,ABREL,EQ,,,,,ADITYA BIRLA REAL EST LTD,1215.90,1245.00,1208.00,1230.90,1232.00,1211.80,,1230.91,,,164987,202509525.10,15584,F1,1,,,,,
2026-09-25,2026-09-25,CM,NSE,STK,758858,INE819V01029,CPPLUS,EQ,,,,,ADITYA INFOTECH LIMITED,3802.00,3943.00,3663.20,3687.50,3716.00,3800.10,,3687.90,,,165927,628385263.50,25391,F1,1,,,,,
2026-09-25,2026-09-25,CM,NSE,STK,25248,INE01YQ01013,AUSL,SM,,,,,ADITYA ULTRA STEEL LTD,22.95,23.00,22.95,23.00,23.00,24.15,,23.00,,,6000,137900.00,3,F1,2000,,,,,
2026-09-25,2026-09-25,CM,NSE,STK,25984,INE679V01027,AVL,EQ,,,,,ADITYA VISION LIMITED,633.15,633.15,613.00,619.50,620.05,628.05,,619.49,,,109489,67757928.10,7922,F1,1,,,,,
2026-09-25,2026-09-25,CM,NSE,STK,23804,INF209KB18D3,BSLGOLDETF,EQ,,,,,ADITYBIRLA SL GOLD ETF-GR,132.50,132.50,131.43,132.40,132.43,131.48,,132.40,,,1931415,254856332.58,1241,F1,1,,,,,
2026-09-25,2026-09-25,CM,NSE,STK,24781,INF209KB19D1,BSLNIFTY,EQ,,,,,ADITYBIRLA SL NIF ETF-GR,27.82,27.82,26.80,27.16,27.15,27.15,,27.16,,,591858,16070305.30,4190,F1,1,,,,,
2026-09-25,2026-09-25,CM,NSE,STK,34,INE045A01017,ADOR,EQ,,,,,ADOR WELDING LTD,1612.90,1656.90,1598.10,1638.90,1630.60,1612.90,,1638.59,,,39147,63772034.20,3501,F1,1,,,,,
2026-09-25,2026-09-25,CM,NSE,STK,4953,INE737B01033,ADROITINFO,EQ,,,,,ADROIT INFOTECH LIMITED,12.73,13.37,12.60,13.18,13.30,12.73,,13.18,,,181849,2370158.35,771,F1,1,,,,,
2026-09-25,2026-09-25,CM,NSE,STK,760657,INE0ALI01010,ADVAIT,EQ,,,,,ADVAIT ENRGY TRANSITION L,1930.10,1935.90,1875.00,1906.00,1909.70,1922.40,,1906.00,,,40474,76666637.80,6501,F1,1,,,,,
2026-09-25,2026-09-25,CM,NSE,STK,759402,INE1B0W01010,ADVANCE,EQ,,,,,ADVANCE AGROLIFE LIMITED,118.70,124.00,114.92,123.12,123.00,118.67,,123.12,,,383107,46697304.83,4500,F1,1,,,,,
2026-09-25,2026-09-25,CM,NSE,STK,18039,INE837H01020,ADVENZYMES,EQ,,,,,ADVANCED ENZYME TECH LTD,292.75,297.00,290.00,291.15,290.25,292.75,,291.15,,,185804,54551762.50,4697,F1,1,,,,,
2026-09-25,2026-09-25,CM,NSE,STK,14745,INE199C01026,ADVANIHOTR,EQ,,,,,ADVANI HOT.& RES.(I) LTD,47.75,48.36,47.50,47.94,47.84,47.75,,47.95,,,14028,671225.74,294,F1,1,,,,,
2026-09-25,2026-09-25,CM,NSE,STK,759769,INE28GN01010,ADVENTHTL,EQ,,,,,ADVENT HOTELS INTERNATI L,127.30,129.00,124.63,126.95,127.21,127.04,,126.95,,,168717,21345436.25,1678,F1,1,,,,,
2026-09-25,2026-09-25,CM,NSE,STK,765015,INE178T01024,ADVIKCA,EQ,,,,,ADVIK CAPITAL LTD.,0.95,1.01,0.95,0.98,0.99,0.99,,0.98,,,213384,208811.65,256,F1,1,,,,,
2026-09-25,2026-09-25,CM,NSE,STK,762227,INE1SJO01012,RAMBHAJO,EQ,,,,,ADVIT JEWELS LIMITED,279.50,294.65,277.98,286.23,285.25,275.76,,286.23,,,649377,187190702.34,12138,F1,1,,,,,
2026-09-25,2026-09-25,CM,NSE,STK,40,INE208C01025,AEGISLOG,EQ,,,,,AEGIS LOGISTICS LIMITED,1375.60,1404.90,1355.00,1365.40,1366.00,1369.70,,1365.45,,,290729,400747307.10,20140,F1,1,,,,,
2026-09-25,2026-09-25,CM,NSE,STK,757336,INE0INX01018,AEGISVOPAK,EQ,,,,,AEGIS VOPAK TERMINALS LTD,291.15,294.40,286.30,287.50,287.05,289.10,,287.50,,,673754,195163806.75,17295,F1,1,,,,,
2026-09-25,2026-09-25,CM,NSE,STK,757870,INE423A07401,AEL17725,NA,,,,,AEL 0% 2027 SR II,1110.00,1110.00,1110.00,1110.00,1110.00,1110.00,,1110.00,,,2,2220.00,1,F1,1,,,,,
2026-09-25,2026-09-25,CM,NSE,STK,761347,INE423A07542,AEL1212026,NO,,,,,AEL 0% 2031 SR VIII,1052.00,1052.00,1052.00,1052.00,1052.00,1050.00,,1052.00,,,8,8416.00,1,F1,1,,,,,
2026-09-25,2026-09-25,CM,NSE,STK,761340,INE423A07484,860AEL28,NH,,,,,AEL 8.60% 2028 SR I,1041.70,1041.70,1041.20,1041.20,1041.20,1040.20,,1041.10,,,180,187417.50,2,F1,1,,,,,
2026-09-25,2026-09-25,CM,NSE,STK,761345,INE423A07518,862AEL31,NM,,,,,AEL 8.62% 2031 SR VI,1022.00,1022.00,1021.10,1021.10,1021.10,1037.00,,1021.05,,,300,306510.00,2,F1,1,,,,,
2026-09-25,2026-09-25,CM,NSE,STK,761346,INE423A07526,890AEL31,NN,,,,,AEL 8.90% 2031 SR VII,1061.95,1062.00,1058.00,1058.05,1058.05,1062.00,,1058.05,,,127,134773.75,4,F1,1,,,,,
2026-09-25,2026-09-25,CM,NSE,STK,757869,INE423A07450,895AEL27,N9,,,,,AEL 8.95% 2027 SR I,1010.01,1010.01,1010.01,1010.01,1010.01,1003.00,,1010.01,,,48,48480.48,4,F1,1,,,,,
2026-09-25,2026-09-25,CM,NSE,STK,757875,INE423A07393,930AEL30,NF,,,,,AEL 9.3% 2030 SR VII,1042.00,1042.00,1042.00,1042.00,1042.00,1042.02,,1043.00,,,29,30218.00,1,F1,1,,,,,
2026-09-25,2026-09-25,CM,NSE,STK,760234,INE947N01017,AEQUS,EQ,,,,,AEQUS LIMITED,244.20,250.43,244.20,246.05,246.00,242.79,,246.06,,,2044376,505673082.33,52345,F1,1,,,,,
2026-09-25,2026-09-25,CM,NSE,STK,12015,INE065D01027,AEROENTER,EQ,,,,,AEROFLEX ENTERPRISES LTD,126.25,126.51,124.03,125.64,125.53,126.86,,125.64,,,241671,30205230.32,3457,F1,1,,,,,
2026-09-25,2026-09-25,CM,NSE,STK,18268,INE024001021,AEROFLEX,EQ,,,,,AEROFLEX INDUSTRIES LTD,530.95,537.45,518.00,525.70,525.80,527.20,,525.66,,,515468,271300877.80,17473,F1,1,,,,,
2026-09-25,2026-09-25,CM,NSE,STK,13689,INE035801013,AERONEU,EQ,,,,,AEROFLEX NEU LIMITED,93.00,94.00,78.00,80.22,78.00,80.64,,80.29,,,288275,25115924.06,4428,F1,1,,,,,
2026-09-25,2026-09-25,CM,NSE,STK,25065,INE0WL801011,AERON,SM,,,,,AERON COMPOSITE LIMITED,84.00,84.00,82.05,82.05,82.05,82.00,,82.05,,,2000,166050.00,2,F1,1000,,,,,
2026-09-25,2026-09-25,CM,NSE,STK,24830,INE0TSF01011,AESTHETIK,SM,,,,,AESTHETIK ENGINEERS LTD,66.60,67.05,66.60,67.05,67.05,68.75,,67.05,,,2000,133650.00,2,F1,1000,,,,,
2026-09-25,2026-09-25,CM,NSE,STK,9810,INE0BWX01014,AETHER,EQ,,,,,AETHER INDUSTRIES LIMITED,1653.00,1798.00,1640.40,1767.00,1772.00,1646.20,,1767.07,,,1686153,2942649102.00,130587,F1,1,,,,,
2026-09-25,2026-09-25,CM,NSE,STK,25977,INE101I01011,AFCONS,EQ,,,,,AFCONS INFRASTRUCTURE LTD,255.60,255.60,249.75,252.50,252.60,253.75,,252.49,,,434570,109548511.00,10048,F1,1,,,,,
2026-09-25,2026-09-25,CM,NSE,STK,11343,INE00WC01027,AFFLE,EQ,,,,,AFFLE 3I LIMITED,1584.20,1591.80,1547.30,1578.00,1572.50,1588.10,,1577.92,,,113281,177635704.20,17503,F1,1,,,,,
2026-09-25,2026-09-25,CM,NSE,STK,25855,INE692Z01013,AFFORDABLE,EQ,,,,,AFFORD ROBO & AUTO LTD,183.00,183.00,170.00,178.25,179.90,177.35,,178.24,,,27345,4817350.96,866,F1,1,,,,,
2026-09-25,2026-09-25,CM,NSE,STK,759283,INE916Y07057,12AFIL28,N0,,,,,AFIL 12% 2028,9981.00,10049.94,9981.00,10000.00,10000.00,10026.99,,10000.00,,,24,240592.40,4,F1,1,,,,,
2026-09-25,2026-09-25,CM,NSE,STK,14263,INE0MLA01012,AGARWALFT,SM,,,,,AGARWAL FLOAT GLASS I LTD,25.95,25.95,25.95,25.95,25.95,27.30,,25.95,,,1500,38925.00,1,F1,1500,,,,,
2026-09-25,2026-09-25,CM,NSE,STK,3389,INE204E01012,AGARIND,EQ,,,,,AGARWAL INDS CORP LTD.,407.45,407.45,391.25,397.90,397.00,400.05,,397.90,,,35549,14092514.05,2482,F1,1,,,,,
2026-09-25,2026-09-25,CM,NSE,STK,27309,INE0P8X01016,AGARWALTUF,SM,,,,,AGARWAL TOUGH GLASS IND L,155.00,166.00,153.00,164.55,165.00,155.10,,164.55,,,376800,60353160.00,108,F1,1200,,,,,
2026-09-25,2026-09-25,CM,NSE,STK,11033,INE753W01010,AGASTYAEN,BE,,,,,AGASTYA ENE AND INFRA LTD,72.42,72.42,72.42,72.42,72.42,73.89,,72.42,,,85430,6186840.60,113,F1,1,,,,,
2026-09-25,2026-09-25,CM,NSE,STK,1412,INE415A01038,AGI,EQ,,,,,AGI GREENPAC LIMITED,822.00,824.30,796.20,803.35,804.00,821.35,,803.37,,,182324,146845268.90,13628,F1,1,,,,,
2026-09-25,2026-09-25,CM,NSE,STK,24445,INE976R01033,AGIIL,EQ,,,,,AGI INFRA LIMITED,273.00,275.00,262.45,264.55,264.90,271.45,,264.55,,,3237412,870509768.35,17937,F1,1,,,,,
2026-09-25,2026-09-25,CM,NSE,STK,10491,INE0LF301013,AGNI,SM,,,,,AGNI GREEN POWER LTD,16.25,16.35,15.35,16.00,16.00,15.95,,16.00,,,27500,434500.00,11,F1,2500,,,,,
2026-09-25,2026-09-25,CM,NSE,STK,11072,INE449G01018,AGRITECH,EQ,,,,,AGRI-TECH (INDIA) LIMITED,97.25,99.00,95.65,96.03,96.96,95.76,,95.87,,,2349,227359.97,81,F1,1,,,,,
2026-09-25,2026-09-25,CM,NSE,STK,9046,INE740V01019,AGROPHOS,EQ,,,,,AGRO PHOS INDIA LIMITED,24.27,24.30,23.30,24.20,24.30,24.27,,24.20,,,8329,198979.13,144,F1,1,,,,,
2026-09-25,2026-09-25,CM,NSE,STK,759202,INE583L01014,AGSTRA,BZ,,,,,AGS TRANSACT TECH LTD,2.40,2.40,2.18,2.40,2.40,2.29,,2.40,,,579623,1354915.77,481,F1,1,,,,,
2026-09-25,2026-09-25,CM,NSE,STK,2004,INE00PV01013,AHLADA,EQ,,,,,AHLADA ENGINEERS LIMITED,38.95,40.50,37.51,39.16,38.99,38.76,,39.16,,,16684,657319.86,138,F1,1,,,,,
2026-09-25,2026-09-25,CM,NSE,STK,17833,INE758C01029,AHLUCONT,EQ,,,,,AHLUWALIA CONT IND LTD,585.55,588.45,574.15,585.55,584.05,582.75,,585.55,,,29866,17339358.75,2223,F1,1,,,,,
2026-09-25,2026-09-25,CM,NSE,STK,13086,INE212H01026,AIAENG,EQ,,,,,AIA ENGINEERING LIMITED,3954.00,3984.60,3884.00,3919.40,3911.20,3953.40,,3919.42,,,19038,74602130.70,7010,F1,1,,,,,
2026-09-25,2026-09-25,CM,NSE,STK,765495,INE0R9407016,12AIL28,N0,,,,,AIL 12% 2028,9999.00,9999.00,9999.00,9999.00,9999.00,9989.00,,9999.00,,,10,99990.00,1,F1,1,,,,,
2026-09-25,2026-09-25,CM,NSE,STK,23984,INE0RUV01018,AIMTRON,SM,,,,,AIMTRON ELECTRONICS LTD,1789.90,1900.00,1784.00,1890.25,1877.55,1797.55,,1890.25,,,108400,201172310.00,461,F1,200,,,,,
2026-09-25,2026-09-25,CM,NSE,STK,9878,INE805A01014,GOLDTECH,BE,,,,,AION-TECH SOLUTIONS LTD,48.50,48.59,46.40,48.51,48.59,46.28,,48.62,,,50356,2418468.21,242,F1,1,,,,,
2026-09-25,2026-09-25,CM,NSE,STK,9897,INE645W01026,AIRAN,EQ,,,,,AIRAN LIMITED,16.70,17.20,16.51,17.03,17.00,16.58,,17.03,,,101852,1709064.63,319,F1,1,,,,,
2026-09-25,2026-09-25,CM,NSE,STK,6068,INE801L01010,AIROLAM,EQ,,,,,AIRO LAM LIMITED,91.00,94.90,90.00,92.29,94.85,88.34,,92.29,,,5894,545938.37,92,F1,1,,,,,
2026-09-25,2026-09-25,CM,NSE,STK,8124,INE031B01049,AJANTPHARM,EQ,,,,,AJANTA PHARMA LIMITED,3547.00,3554.90,3525.00,3547.80,3540.00,3539.50,,3547.81,,,46112,163339963.20,9936,F1,1,,,,,
2026-09-25,2026-09-25,CM,NSE,STK,29624,INE274Y01021,AJAXENGG,EQ,,,,,AJAX ENGINEERING LIMITED,592.00,619.90,582.55,607.75,606.90,575.20,,607.74,,,695472,422102430.20,33648,F1,1,,,,,
2026-09-25,2026-09-25,CM,NSE,STK,17307,INE298G01035,AJMERA,EQ,,,,,AJMERA REALTY & INF I LTD,119.60,122.68,119.32,120.82,120.50,120.51,,120.82,,,164978,19968505.67,2769,F1,1,,,,,
2026-09-25,2026-09-25,CM,NSE,STK,3403,INE820Y01021,AJOONI,EQ,,,,,AJOONI BIOTECH LIMITED,3.22,3.23,3.13,3.19,3.20,3.18,,3.19,,,140058,445357.54,347,F1,1,,,,,
2026-09-25,2026-09-25,CM,NSE,STK,21121,INE0PCY01014,AKANKSHA,SM,,,,,AKANKSHA POWER N INFRA L,166.55,166.55,150.75,153.10,151.90,158.65,,153.10,,,142000,23223050.00,109,F1,1000,,,,,
2026-09-25,2026-09-25,CM,NSE,STK,13510,INE737W01013,AKASH,EQ,,,,,AKASH INFRA-PROJECTS LTD,24.51,25.26,24.51,25.04,25.04,24.51,,25.04,,,5168,128125.80,33,F1,1,,,,,
2026-09-25,2026-09-25,CM,NSE,STK,2176,INE00Y801016,AKG,EQ,,,,,AKG EXIM LIMITED,9.76,10.25,9.51,9.59,9.55,9.76,,9.59,,,13445,130942.65,130,F1,1,,,,,
2026-09-25,2026-09-25,CM,NSE,STK,14895,INE642Z01026,AKI,BE,,,,,AKI INDIA LIMITED,7.10,7.10,6.51,6.63,6.55,6.85,,6.63,,,125039,827206.20,356,F1,1,,,,,
2026-09-25,2026-09-25,CM,NSE,STK,24304,INE0PMR01017,AKIKO,SM,,,,,AKIKO GLOBAL SERVICES L,419.85,423.00,400.00,421.00,421.00,420.05,,421.00,,,12000,5024960.00,13,F1,800,,,,,
2026-09-25,2026-09-25,CM,NSE,STK,24159,INE916Y01027,AFIL,EQ,,,,,AKME FINTRADE (INDIA) LTD,8.28,8.39,7.65,8.04,8.05,8.04,,8.06,,,1657599,13155059.57,2520,F1,1,,,,,
2026-09-25,2026-09-25,CM,NSE,STK,8595,INE523B01011,AKSHOPTFBR,BE,,,,,AKSH OPTIFIBRE  LTD,7.14,7.29,6.93,7.04,7.12,7.21,,7.04,,,133848,947454.42,291,F1,1,,,,,
2026-09-25,2026-09-25,CM,NSE,STK,9558,INE256Z01025,AKSHAR,EQ,,,,,AKSHAR SPINTEX LIMITED,0.41,0.42,0.40,0.41,0.42,0.41,,0.41,,,818309,336731.76,222,F1,1,,,,,
2026-09-25,2026-09-25,CM,NSE,STK,20194,INE542B01011,AKSHARCHEM,BE,,,,,AKSHARCHEM INDIA LIMITED,375.00,398.00,370.00,394.40,398.00,379.30,,393.54,,,11997,4660161.10,193,F1,1,,,,,
2026-09-25,2026-09-25,CM,NSE,STK,24715,INE09XN01023,AKUMS,EQ,,,,,AKUMS DRUGS AND PHARMA L,817.00,828.65,811.00,819.55,818.00,817.60,,819.53,,,152812,125454803.50,11530,F1,1,,,,,
2026-09-25,2026-09-25,CM,NSE,STK,9921,INE914E01040,ALANKIT,EQ,,,,,ALANKIT LIMITED,7.92,8.10,7.71,7.85,7.98,7.91,,7.85,,,129468,1026397.62,532,F1,1,,,,,
2026-09-25,2026-09-25,CM,NSE,STK,17256,INE155C01010,ALBERTDAVD,EQ,,,,,ALBERT DAVID LIMITED,872.00,886.00,863.00,873.80,870.00,871.10,,873.43,,,4383,3844741.30,243,F1,1,,,,,
2026-09-25,2026-09-25,CM,NSE,STK,79,INE426A01027,ALEMBICLTD,EQ,,,,,ALEMBIC LIMITED,107.18,109.35,105.00,106.53,106.25,107.18,,106.53,,,743150,79353791.88,8103,F1,1,,,,,
2026-09-25,2026-09-25,CM,NSE,STK,25328,INE901L01018,APLLTD,EQ,,,,,ALEMBIC PHARMA LTD,855.00,869.80,840.55,863.75,864.00,850.00,,863.74,,,309225,264379486.25,33011,F1,1,,,,,
2026-09-25,2026-09-25,CM,NSE,STK,764573,INE782D01027,ALFREDHE,EQ,,,,,ALFRED HERBERT INDIA L,2750.50,2750.50,2750.50,2750.50,2750.50,2786.80,,2804.50,,,29,79764.50,16,F1,1,,,,,
2026-09-25,2026-09-25,CM,NSE,STK,761270,INE598D01035,ALGOQUANT,EQ,,,,,ALGOQUANT FINTECH LIMITED,73.69,75.00,71.50,72.28,72.30,73.37,,72.32,,,1131847,82266881.76,4008,F1,1,,,,,
2026-09-25,2026-09-25,CM,NSE,STK,13656,INE062D01024,ALICON,EQ,,,,,ALICON CASTALLOY LIMITED,737.80,738.10,710.00,730.05,728.55,737.80,,730.04,,,24544,17898739.70,2013,F1,1,,,,,
2026-09-25,2026-09-25,CM,NSE,STK,5265,INE03Q201024,ALIVUS,EQ,,,,,ALIVUS LIFE SCIENCES LTD,1370.00,1377.50,1352.50,1365.60,1369.20,1370.00,,1365.58,,,37558,51229253.10,5126,F1,1,,,,,
2026-09-25,2026-09-25,CM,NSE,STK,16963,INE773I01017,ALKALI,BE,,,,,ALKALI METALS LTD,98.99,98.99,92.00,93.93,93.70,96.37,,93.86,,,9233,871221.21,157,F1,1,,,,,
2026-09-25,2026-09-25,CM,NSE,STK,11703,INE540L01014,ALKEM,EQ,,,,,ALKEM LABORATORIES LTD.,5322.50,5325.00,5237.00,5274.00,5274.00,5326.00,,5274.00,,,28742,151451985.50,7139,F1,1,,,,,
2026-09-25,2026-09-25,CM,NSE,STK,4487,INE150B01039,ALKYLAMINE,EQ,,,,,ALKYL AMINES CHEM. LTD,1862.60,1877.80,1834.00,1847.70,1847.80,1862.50,,1847.77,,,15775,29213370.10,3519,F1,1,,,,,
2026-09-25,2026-09-25,CM,NSE,STK,13203,INE0M2X01012,ALLETEC,SM,,,,,ALL E TECHNOLOGIES LTD,129.00,133.75,126.00,129.15,130.00,128.25,,129.15,,,24800,3192840.00,56,F1,400,,,,,
2026-09-25,2026-09-25,CM,NSE,STK,758448,INE0GV601021,ALLTIME,EQ,,,,,ALL TIME PLASTICS LIMITED,202.00,203.90,196.50,201.01,203.90,201.03,,201.02,,,51825,10357519.75,1934,F1,1,,,,,
2026-09-25,2026-09-25,CM,NSE,STK,763784,INE1YPB01014,AGL,EQ,,,,,ALLCARGO GLOBAL LIMITED,13.76,13.82,13.42,13.73,13.70,13.68,,13.73,,,1229115,16778752.30,2484,F1,1,,,,,
2026-09-25,2026-09-25,CM,NSE,STK,13501,INE418H01029,ALLCARGO,EQ,,,,,ALLCARGO LOGISTICS LTD,11.05,11.08,10.60,10.67,10.65,10.95,,10.67,,,8547656,91730185.71,8728,F1,1,,,,,
2026-09-25,2026-09-25,CM,NSE,STK,17778,INE0NN701020,ATL,EQ,,,,,ALLCARGO TERMINALS LTD,25.78,25.90,25.01,25.60,25.35,25.18,,25.60,,,186397,4732580.94,1530,F1,1,,,,,
2026-09-25,2026-09-25,CM,NSE,STK,11798,INE835G01018,ALLDIGI,EQ,,,,,ALLDIGI TECH LIMITED,775.50,782.95,771.00,776.95,772.05,771.65,,776.96,,,2008,1559999.25,318,F1,1,,,,,
2026-09-25,2026-09-25,CM,NSE,STK,24308,INE552Z01027,ABDL,EQ,,,,,ALLIED BLEND N DISTILS L,725.00,753.80,705.80,715.05,714.50,712.15,,715.06,,,4070753,2967586180.85,105908,F1,1,,,,,
2026-09-25,2026-09-25,CM,NSE,STK,14813,INE102I01027,ADSL,EQ,,,,,ALLIED DIGITAL SERV. LTD,97.98,115.52,97.00,115.52,115.52,96.27,,115.52,,,2244060,246569783.07,22578,F1,1,,,,,
2026-09-25,2026-09-25,CM,NSE,STK,16719,INE326B01035,ALMONDZ,EQ,,,,,ALMONDZ GLOBAL SEC LTD,20.04,21.65,19.95,21.38,21.25,19.86,,21.38,,,1151830,24125261.01,3439,F1,1,,,,,
2026-09-25,2026-09-25,CM,NSE,STK,17675,INE270A01029,ALOKINDS,EQ,,,,,ALOK INDUSTRIES LIMITED,7.54,7.75,7.35,7.50,7.47,7.48,,7.50,,,20004287,151452011.07,15991,F1,1,,,,,
2026-09-25,2026-09-25,CM,NSE,STK,14848,INE385I01010,ALPA,EQ,,,,,ALPA LABORATORIES LTD,59.11,60.98,58.30,59.10,58.51,59.07,,59.16,,,125298,7430351.15,776,F1,1,,,,,
2026-09-25,2026-09-25,CM,NSE,STK,22688,INE0R4701017,ALPEXSOLAR,SM,,,,,ALPEX SOLAR LIMITED,857.95,871.95,840.00,862.65,865.00,847.00,,862.65,,,39700,34224765.00,269,F1,100,,,,,
2026-09-25,2026-09-25,CM,NSE,STK,14601,INE137C01018,ALPHAGEO,BE,,,,,ALPHAGEO (INDIA) LIMITED,290.00,290.00,280.00,283.15,282.05,285.45,,283.26,,,5927,1685646.15,100,F1,1,,,,,
2026-09-25,2026-09-25,CM,NSE,STK,764186,INE1JCQ01037,ALPINETEX,EQ,,,,,ALPINE TEXWORLD LIMITED,51.79,51.91,48.45,49.06,48.90,50.65,,49.07,,,466758,23039503.65,3555,F1,1,,,,,
2026-09-25,2026-09-25,CM,NSE,STK,764578,INE058F01019,ALUFLUOR,EQ,,,,,ALUFLUORIDE LTD.,562.50,574.00,541.30,565.40,572.95,565.80,,566.93,,,6912,3842142.45,569,F1,1,,,,,
2026-09-25,2026-09-25,CM,NSE,STK,23474,INE0STM01017,ALUWIND,SM,,,,,ALUWIND INFRA-TECH LTD,51.05,51.10,51.00,51.05,51.00,50.60,,51.05,,,4500,229725.00,3,F1,1500,,,,,
2026-09-25,2026-09-25,CM,NSE,STK,760740,INE121R01077,AMAGI,EQ,,,,,AMAGI MEDIA LABS LIMITED,564.00,579.00,560.65,575.65,572.65,562.15,,575.61,,,193432,110798038.60,15198,F1,1,,,,,
2026-09-25,2026-09-25,CM,NSE,STK,764583,INE841D01013,AMAL,EQ,,,,,AMAL LTD.,688.85,695.90,658.05,674.40,670.30,687.65,,674.13,,,13368,9045011.35,932,F1,1,,,,,
2026-09-25,2026-09-25,CM,NSE,STK,758910,INE084K01015,AMANTA,BE,,,,,AMANTA HEALTHCARE LIMITED,187.95,187.95,185.43,186.00,186.00,189.21,,186.00,,,8587,1597529.65,88,F1,1,,,,,
2026-09-25,2026-09-25,CM,NSE,STK,100,INE885A01032,ARE&M,EQ,,,,,AMARA RAJA ENERGY MOB LTD,795.40,798.80,789.05,791.95,789.80,795.40,,791.96,,,336412,266828737.85,20950,F1,1,,,,,
2026-09-25,2026-09-25,CM,NSE,STK,764588,INE484D01012,AMARJOTHI,EQ,,,,,AMARJOTHI SPINNING MILL L,147.00,150.00,147.00,149.82,150.00,147.00,,149.80,,,656,96749.75,15,F1,1,,,,,
2026-09-25,2026-09-25,CM,NSE,STK,763256,INE293601014,AMBAAUTO,SM,,,,,AMBA AUTO SALES AND SER L,100.00,100.00,93.10,96.55,96.55,98.00,,96.55,,,31000,2946950.00,25,F1,1000,,,,,
2026-09-25,2026-09-25,CM,NSE,STK,762546,INE432A01017,AMBALALSA,BE,,,,,AMBALAL SARABHAI ENT L,42.85,42.85,40.50,41.09,41.25,41.27,,41.02,,,24559,1002604.71,120,F1,1,,,,,
2026-09-25,2026-09-25,CM,NSE,STK,4083,INE00C501018,AMBANIORGO,SM,,,,,AMBANI ORGOCHEM LIMITED,115.00,115.00,115.00,115.00,115.00,115.25,,115.00,,,50000,5750000.00,1,F1,1000,,,,,
2026-09-25,2026-09-25,CM,NSE,STK,1185,INE371P01015,AMBER,EQ,,,,,AMBER ENTERPRISES (I) LTD,6916.00,7010.00,6876.00,6960.00,6960.00,6911.00,,6960.07,,,99885,693872584.00,16656,F1,1,,,,,
2026-09-25,2026-09-25,CM,NSE,STK,11496,INE792B01012,AMBICAAGAR,EQ,,,,,AMBICA AGAR & AROMAINDLTD,25.50,25.80,24.63,25.22,25.23,25.39,,25.22,,,63838,1604384.65,356,F1,1,,,,,
2026-09-25,2026-09-25,CM,NSE,STK,15234,INE540G01014,AMBIKCO,EQ,,,,,AMBIKA COTTON MILL LTD.,1553.00,1565.50,1540.20,1546.10,1547.40,1556.50,,1546.10,,,2720,4215145.40,451,F1,1,,,,,
2026-09-25,2026-09-25,CM,NSE,STK,1270,INE079A01024,AMBUJACEM,EQ,,,,,AMBUJA CEMENTS LTD,382.20,387.20,381.70,383.80,383.80,384.10,,383.82,,,1180134,453816803.05,22249,F1,1,,,,,
2026-09-25,2026-09-25,CM,NSE,STK,14402,INE005I01014,AMDIND,BE,,,,,AMD INDUSTRIES LIMITED,56.20,58.89,55.00,58.80,58.85,56.09,,58.79,,,53354,3082846.37,224,F1,1,,,,,
2026-09-25,2026-09-25,CM,NSE,STK,10898,INE0KT901015,AMEYA,SM,,,,,AMEYA PRECISION ENG LTD,146.20,150.00,146.20,146.20,146.20,153.85,,146.20,,,10000,1470400.00,10,F1,1000,,,,,
2026-09-25,2026-09-25,CM,NSE,STK,19867,INE275D01022,AMNPLST,EQ,,,,,AMINES & PLASTICIZERS LTD,164.09,166.00,163.00,163.15,163.26,164.09,,163.15,,,1067,174946.31,51,F1,1,,,,,
2026-09-25,2026-09-25,CM,NSE,STK,761670,INE05TO01019,AEROPLANE,EQ,,,,,AMIR CHAND JAG KUM (E) L,207.55,211.90,200.71,209.47,211.00,201.98,,209.46,,,709126,147291541.40,6646,F1,1,,,,,
2026-09-25,2026-09-25,CM,NSE,STK,2598,INE606A01024,AMJLAND,EQ,,,,,AMJ LAND HOLDINGS LIMITED,37.32,37.98,36.70,37.70,37.98,37.32,,37.76,,,2920,108579.01,59,F1,1,,,,,
2026-09-25,2026-09-25,CM,NSE,STK,17547,INE098F01031,AMRUTANJAN,EQ,,,,,AMRUTAJAN HEALTH LTD,510.20,514.90,500.60,506.35,507.50,510.20,,506.33,,,16785,8488875.55,1579,F1,1,,,,,
2026-09-25,2026-09-25,CM,NSE,STK,759956,INE549H01021,ARSSBL,EQ,,,,,ANAND RATHI SH N STK BR L,500.00,500.60,489.70,496.90,496.05,497.45,,496.88,,,115512,57185712.05,3794,F1,1,,,,,
2026-09-25,2026-09-25,CM,NSE,STK,7145,INE463V01026,ANANDRATHI,EQ,,,,,ANAND RATHI WEALTH LTD,2169.60,2178.90,2007.00,2126.80,2130.00,2167.40,,2126.51,,,436268,937209735.80,15435,F1,1,,,,,
2026-09-25,2026-09-25,CM,NSE,STK,13620,INE242C01024,ANANTRAJ,EQ,,,,,ANANT RAJ LIMITED,622.55,628.40,613.20,617.40,615.50,624.10,,617.40,,,1198697,742385112.55,24022,F1,1,,,,,
2026-09-25,2026-09-25,CM,NSE,STK,759363,INE1UA823019,ANANTAM,IV,,,,,ANANTAM HIGHWAYS TRUST,105.10,105.90,104.51,104.94,104.95,105.30,,104.94,,,500253,52485352.41,374,F1,1,,,,,
2026-09-25,2026-09-25,CM,NSE,STK,764446,INE1J5V01013,ANAWIL,SM,,,,,ANAWIL WIRE AND ENGIN LTD,437.00,489.15,427.00,482.40,485.50,428.90,,482.40,,,244400,114290680.00,555,F1,400,,,,,
2026-09-25,2026-09-25,CM,NSE,STK,758427,INE0VG001016,AMCL,SM,,,,,ANB METAL CAST LIMITED,349.50,353.00,344.00,347.50,346.00,349.70,,347.50,,,27600,9587240.00,60,F1,400,,,,,
2026-09-25,2026-09-25,CM,NSE,STK,15420,INE666E01020,ACL,EQ,,,,,ANDHRA CEMENTS LIMITED,42.95,42.95,42.13,42.63,42.75,42.56,,42.63,,,9779,416699.81,164,F1,1,,,,,
2026-09-25,2026-09-25,CM,NSE,STK,166,INE435A01051,ANDHRAPAP,EQ,,,,,ANDHRA PAPER LIMITED,73.62,75.10,71.56,74.05,73.35,73.62,,74.04,,,441096,32478058.14,6181,F1,1,,,,,
2026-09-25,2026-09-25,CM,NSE,STK,136,INE715B01021,ANDHRSUGAR,EQ,,,,,ANDHRA SUGARS LTD,93.89,96.94,92.80,95.41,95.90,92.98,,95.41,,,564260,53695545.17,11976,F1,1,,,,,
2026-09-25,2026-09-25,CM,NSE,STK,5206,INE449C01025,ANDREWYU,EQ,,,,,ANDREW YULE & CO. LTD.,27.00,27.49,26.61,27.00,26.85,26.85,,26.94,,,67783,1834372.82,699,F1,1,,,,,
2026-09-25,2026-09-25,CM,NSE,STK,324,INE732I01021,ANGELONE,EQ,,,,,ANGEL ONE LIMITED,290.70,292.20,286.50,288.00,288.00,290.70,,288.00,,,2892227,835119335.90,30425,F1,1,,,,,
2026-09-25,2026-09-25,CM,NSE,STK,482,INE635Y01015,AISL,SM,,,,,ANI INTEGRATED SERV LTD.,56.70,56.70,55.00,55.10,55.10,54.00,,55.10,,,24000,1323810.00,10,F1,600,,,,,
2026-09-25,2026-09-25,CM,NSE,STK,16657,INE087B01017,ANIKINDS,EQ,,,,,ANIK INDUSTRIES LTD,43.75,44.98,42.65,43.28,43.50,43.00,,43.28,,,3918,169182.46,120,F1,1,,,,,
2026-09-25,2026-09-25,CM,NSE,STK,20453,INE071F01012,APCL,EQ,,,,,ANJANI PORTLAND CEM LTD,94.25,97.25,94.25,95.52,96.25,95.27,,95.52,,,3558,341274.48,104,F1,1,,,,,
2026-09-25,2026-09-25,CM,NSE,STK,25878,INE106I01010,ANKITMETAL,BZ,,,,,ANKIT MET & POW LTD,1.88,1.88,1.88,1.88,1.88,1.85,,1.88,,,7700,14476.00,10,F1,1,,,,,
2026-09-25,2026-09-25,CM,NSE,STK,758968,INE0Y8W01025,AHCL,EQ,,,,,ANLON HEALTHCARE LIMITED,28.78,31.51,27.71,31.51,31.51,28.65,,31.56,,,80210539,2429734096.23,149549,F1,1,,,,,
2026-09-25,2026-09-25,CM,NSE,STK,13657,INE0LR101013,ANLON,SM,,,,,ANLON TECHNOLOGY SOL LTD,815.00,815.00,765.05,791.00,791.00,809.00,,791.00,,,9600,7674740.00,24,F1,400,,,,,
2026-09-25,2026-09-25,CM,NSE,STK,3732,INE02AR01019,ANMOL,BE,,,,,ANMOL INDIA LIMITED,13.45,13.94,13.02,13.25,13.22,13.45,,13.25,,,25631,342299.76,285,F1,1,,,,,
2026-09-25,2026-09-25,CM,NSE,STK,764471,INE0MGM01017,ANNAPURNA,EQ,,,,,ANNAPURNA SWADISHT LTD,131.80,133.00,130.21,131.97,131.50,131.17,,131.97,,,9829,1291327.53,227,F1,1,,,,,
2026-09-25,2026-09-25,CM,NSE,STK,765502,INE103001017,ANNU,EQ,,,,,ANNU PROJECTS LIMITED,50.00,51.01,48.55,49.33,49.44,49.80,,49.33,,,691194,34273948.77,7144,F1,1,,,,,
2026-09-25,2026-09-25,CM,NSE,STK,758740,INE0VTV01012,ANONDITA,SM,,,,,ANONDITA MEDICARE LIMITED,1100.00,1165.05,1092.10,1150.25,1150.05,1089.70,,1150.25,,,120000,134478280.00,308,F1,200,,,,,
2026-09-25,2026-09-25,CM,NSE,STK,765020,INE030C01015,ANSALBU,EQ,,,,,ANSAL BUILDWELL LTD.,94.90,98.99,92.00,94.69,94.94,94.90,,93.93,,,4437,413248.71,310,F1,1,,,,,
2026-09-25,2026-09-25,CM,NSE,STK,19677,INE436A01026,ANSALAPI,BZ,,,,,ANSAL PROP & INFRA LTD,3.85,3.93,3.79,3.93,3.93,3.86,,3.93,,,115867,455191.66,72,F1,1,,,,,
2026-09-25,2026-09-25,CM,NSE,STK,5194,INE414B01021,ANTGRAPHIC,EQ,,,,,ANTARCTICA LTD,0.71,0.72,0.70,0.71,0.72,0.71,,0.71,,,270504,191462.87,181,F1,1,,,,,
2026-09-25,2026-09-25,CM,NSE,STK,13598,INE818A01017,ANTELOPUS,EQ,,,,,ANTELOPUS SELAN ENRGY LTD,1135.00,1290.90,1094.40,1261.70,1260.00,1130.95,,1261.76,,,7877531,9743827650.30,264384,F1,1,,,,,
2026-09-25,2026-09-25,CM,NSE,STK,757885,INE0CZ201020,ANTHEM,EQ,,,,,ANTHEM BIOSCIENCES LTD,888.00,890.85,869.40,873.60,875.00,885.60,,873.65,,,373411,327468515.75,20269,F1,1,,,,,
2026-09-25,2026-09-25,CM,NSE,STK,1797,INE01BK01022,AWHCL,EQ,,,,,ANTONY WASTE HDG CELL LTD,377.70,381.80,373.85,378.35,378.00,381.05,,378.38,,,59816,22555233.60,3892,F1,1,,,,,
2026-09-25,2026-09-25,CM,NSE,STK,28314,INE489G01022,ANUHPHR,EQ,,,,,ANUH PHARMA LIMITED,90.00,92.00,89.80,90.42,90.45,90.78,,90.38,,,79711,7223118.92,1701,F1,1,,,,,
2026-09-25,2026-09-25,CM,NSE,STK,2829,INE930P01018,ANURAS,EQ,,,,,ANUPAM RASAYAN INDIA LTD,1177.00,1204.00,1171.40,1192.40,1200.00,1177.20,,1192.36,,,167982,198898270.10,9525,F1,1,,,,,
2026-09-25,2026-09-25,CM,NSE,STK,28983,INE0SI601032,ANYA,SM,,,,,ANYA POLYTECH & FERTI LTD,18.60,18.65,17.05,17.55,17.55,18.30,,17.55,,,45000,817500.00,7,F1,5000,,,,,
2026-09-25,2026-09-25,CM,NSE,STK,11945,INE0MIZ23019,ANZEN,IV,,,,,ANZEN IND ENE YLD PLU TRU,131.00,131.00,131.00,131.00,131.00,130.00,,131.00,,,25000,3275000.00,1,F1,25000,,,,,
2026-09-25,2026-09-25,CM,NSE,STK,758904,INF1J2R01114,AONEGOLD,EQ,,,,,AONEAMC - AONEGOLD,14.14,14.14,13.95,14.02,14.00,13.95,,14.02,,,172512,2417569.19,1428,F1,1,,,,,
2026-09-25,2026-09-25,CM,NSE,STK,30472,INF1J2R01056,AONELIQUID,EQ,,,,,AONEAMC - AONELIQUID,1078.57,1078.59,1078.57,1078.58,1078.59,1078.16,,1078.58,,,32270,34805977.87,109,F1,1,,,,,
2026-09-25,2026-09-25,CM,NSE,STK,757096,INF1J2R01064,AONENIFTY,EQ,,,,,AONEAMC - AONENIFTY,9.82,9.82,9.52,9.60,9.70,9.59,,9.60,,,108791,1039915.63,1228,F1,1,,,,,
2026-09-25,2026-09-25,CM,NSE,STK,760193,INF1J2R01171,AONESILVER,EQ,,,,,AONEAMC - AONESILVER,8.72,8.92,8.63,8.76,8.76,8.64,,8.76,,,256791,2238133.77,1085,F1,1,,,,,
2026-09-25,2026-09-25,CM,NSE,STK,759992,INF1J2R01148,AONETMMQ50,EQ,,,,,AONEAMC - AONETMMQ50,10.47,10.47,10.07,10.20,10.10,10.11,,10.20,,,23930,242082.88,192,F1,1,,,,,
2026-09-25,2026-09-25,CM,NSE,STK,29975,INF1J2R01015,AONETOTAL,EQ,,,,,AONEAMC - AONETOTAL,11.62,11.70,11.51,11.59,11.70,11.57,,11.59,,,76051,878354.61,882,F1,1,,,,,
2026-09-25,2026-09-25,CM,NSE,STK,11491,INE372A01015,APARINDS,EQ,,,,,APAR INDUSTRIES LTD.,18000.00,18305.00,17702.00,17776.00,17790.00,17804.00,,17775.69,,,85829,1541164025.00,26396,F1,1,,,,,
2026-09-25,2026-09-25,CM,NSE,STK,154,INE116A01032,APCOTEXIND,EQ,,,,,APCOTEX INDUSTRIES LIMITE,607.90,609.45,585.00,599.40,599.70,602.85,,599.39,,,86241,51365819.30,4851,F1,1,,,,,
2026-09-25,2026-09-25,CM,NSE,STK,27291,INE0T4V01015,APEXECO,ST,,,,,APEX ECOTECH LIMITED,250.00,268.15,242.65,268.15,268.15,255.40,,268.15,,,43200,10797800.00,48,F1,800,,,,,
2026-09-25,2026-09-25,CM,NSE,STK,21623,INE346W01013,APEX,EQ,,,,,APEX FROZEN FOODS LIMITED,353.00,353.65,337.85,347.60,345.50,348.90,,347.65,,,126426,43685444.25,6302,F1,1,,,,,
2026-09-25,2026-09-25,CM,NSE,STK,25780,INE702C01027,APLAPOLLO,EQ,,,,,APL APOLLO TUBES LTD,2179.10,2219.00,2176.50,2214.70,2214.70,2184.80,,2214.15,,,339098,745786598.60,16983,F1,1,,,,,
2026-09-25,2026-09-25,CM,NSE,STK,757180,INE0TLC07093,930APMD28,N0,,,,,APMD 9.30% 2028 STRPP B,101969.21,102930.00,101969.21,102930.00,102930.00,102757.05,,102930.00,,,6,613307.84,4,F1,1,,,,,
2026-09-25,2026-09-25,CM,NSE,STK,757182,INE0TLC07069,930APMD29,N0,,,,,APMD 9.30% 2029 STRPP C,103900.00,103900.00,103900.00,103900.00,103900.00,103925.72,,103900.00,,,1,103900.00,1,F1,1,,,,,
2026-09-25,2026-09-25,CM,NSE,STK,757176,INE0TLC07036,930APMD35,N0,,,,,APMD 9.30% 2035 STRPP I,108000.00,109700.00,108000.00,109700.00,109700.00,107500.00,,109700.00,,,9,973700.00,2,F1,1,,,,,
2026-09-25,2026-09-25,CM,NSE,STK,157,INE437A01024,APOLLOHOSP,EQ,,,,,APOLLO HOSPITALS ENTER. L,8891.00,8934.50,8821.50,8889.00,8889.00,8888.50,,8889.00,,,438457,3894423275.00,32591,F1,1,,,,,
2026-09-25,2026-09-25,CM,NSE,STK,1134,INE713T01028,APOLLO,EQ,,,,,APOLLO MICRO SYSTEMS LTD,401.30,401.30,393.20,395.60,396.50,399.05,,395.60,,,3929756,1557728104.55,39185,F1,1,,,,,
2026-09-25,2026-09-25,CM,NSE,STK,14361,INE126J01016,APOLLOPIPE,EQ,,,,,APOLLO PIPES LIMITED,507.50,526.05,505.55,511.45,512.00,510.50,,511.41,,,177165,91258241.40,6208,F1,1,,,,,
2026-09-25,2026-09-25,CM,NSE,STK,6302,INE451F01024,APOLSINHOT,EQ,,,,,APOLLO SINDOORI HOTEL LTD,1202.00,1239.00,1195.10,1202.40,1195.10,1217.10,,1202.40,,,1289,1558494.50,95,F1,1,,,,,
2026-09-25,2026-09-25,CM,NSE,STK,163,INE438A01022,APOLLOTYRE,EQ,,,,,APOLLO TYRES LTD,399.50,400.95,395.50,400.10,400.20,397.95,,400.10,,,316665,126019325.05,19925,F1,1,,,,,
2026-09-25,2026-09-25,CM,NSE,STK,764593,INE217S01014,APOORVA,EQ,,,,,APOORVA LEAS F & INV C L,34.30,34.30,32.70,33.45,33.45,33.70,,33.45,,,364,12274.24,15,F1,1,,,,,
2026-09-25,2026-09-25,CM,NSE,STK,24638,INE0LQG01010,APRAMEYA,SM,,,,,APRAMEYA ENGINEERING LTD,102.10,103.50,100.55,102.00,102.00,99.20,,102.00,,,20000,2043800.00,9,F1,500,,,,,
2026-09-25,2026-09-25,CM,NSE,STK,760372,INE0M2307388,915APSBC31,N0,,,,,APSBC 9.15% 2031 STRPP F,103500.00,104000.00,103500.00,104000.00,104000.00,105000.00,,104000.00,,,2,207500.00,2,F1,1,,,,,
2026-09-25,2026-09-25,CM,NSE,STK,761435,INE1OOJ01011,APSISAERO,ST,,,,,APSIS AEROCOM LIMITED,604.10,611.70,604.10,611.70,611.70,599.75,,611.70,,,15600,9496920.00,13,F1,1200,,,,,
2026-09-25,2026-09-25,CM,NSE,STK,10755,INE266F01018,APTECHT,EQ,,,,,APTECH LIMITED,92.25,92.45,90.40,91.22,91.20,92.10,,91.21,,,49412,4502257.12,1042,F1,1,,,,,
2026-09-25,2026-09-25,CM,NSE,STK,5435,INE852O01025,APTUS,EQ,,,,,APTUS VALUE HSG FIN I LTD,240.90,245.00,240.09,244.60,244.00,240.92,,244.60,,,1278151,310134140.90,34431,F1,1,,,,,
2026-09-25,2026-09-25,CM,NSE,STK,23365,INE416A01051,AQYLON,EQ,,,,,AQYLON NEXUS LIMITED,19.50,19.65,18.33,18.56,19.20,18.99,,18.56,,,1354842,25756837.69,1604,F1,1,,,,,
2026-09-25,2026-09-25,CM,NSE,STK,19253,INE08NJ01024,ARABIAN,SM,,,,,ARABIAN PETROLEUM LIMITED,88.00,88.00,88.00,88.00,88.00,87.00,,88.00,,,2000,176000.00,1,F1,2000,,,,,
2026-09-25,2026-09-25,CM,NSE,STK,758670,INE0YDV01010,ARCIIL,SM,,,,,ARC INSULATION & INSU LTD,31.50,32.40,30.00,32.05,32.00,33.20,,32.05,,,53000,1680400.00,52,F1,1000,,,,,
2026-09-25,2026-09-25,CM,NSE,STK,12024,INE128X01021,ACI,EQ,,,,,ARCHEAN CHEMICAL IND LTD,494.00,495.45,480.80,482.55,483.50,491.40,,482.50,,,116822,57003425.70,8921,F1,1,,,,,
2026-09-25,2026-09-25,CM,NSE,STK,245,INE0CHO01012,ADL,EQ,,,,,ARCHIDPLY DECOR LIMITED,69.81,69.81,69.81,69.81,69.81,69.82,,69.81,,,142,9913.02,3,F1,1,,,,,
2026-09-25,2026-09-25,CM,NSE,STK,16795,INE877I01016,ARCHIDPLY,EQ,,,,,ARCHIDPLY IND. LTD,106.47,107.51,103.16,106.26,106.95,106.47,,106.26,,,5592,591708.64,177,F1,1,,,,,
2026-09-25,2026-09-25,CM,NSE,STK,5688,INE731A01020,ARCHIES,EQ,,,,,ARCHIES LTD,12.97,12.97,12.25,12.30,12.25,12.66,,12.30,,,31221,388474.84,172,F1,1,,,,,
2026-09-25,2026-09-25,CM,NSE,STK,764598,INE372M01010,ARCL,EQ,,,,,ARCL ORGANICS LTD.,259.90,259.90,245.50,245.53,245.53,256.85,,248.90,,,1308,327271.33,36,F1,1,,,,,
2026-09-25,2026-09-25,CM,NSE,STK,764480,INE0XNF01022,ARDEE,EQ,,,,,ARDEE INDUSTRIES LIMITED,49.97,51.98,48.72,51.66,51.55,49.62,,51.66,,,4119752,208647876.39,19403,F1,1,,,,,
2026-09-25,2026-09-25,CM,NSE,STK,758700,INE784R01023,ARFIN,EQ,,,,,ARFIN INDIA LIMITED,89.90,91.00,88.10,90.31,90.11,89.42,,90.31,,,1124364,100405415.53,4392,F1,1,,,,,
2026-09-25,2026-09-25,CM,NSE,STK,13092,INE0L2Y01011,ARHAM,SM,,,,,ARHAM TECHNOLOGIES LTD,213.00,214.85,211.10,211.10,211.10,213.20,,211.10,,,8000,1699700.00,8,F1,1000,,,,,
2026-09-25,2026-09-25,CM,NSE,STK,15208,INE298I01015,ARIES,BE,,,,,ARIES AGRO LTD.,476.00,476.05,468.50,473.30,475.00,466.90,,473.23,,,5177,2445149.10,106,F1,1,,,,,
2026-09-25,2026-09-25,CM,NSE,STK,3813,INE420B01036,ARIHANTCAP,EQ,,,,,ARIHANT CAPITAL MKTS LTD,92.64,96.18,91.40,93.34,93.10,91.95,,93.34,,,452181,42353630.12,5749,F1,1,,,,,
2026-09-25,2026-09-25,CM,NSE,STK,13885,INE413D01011,ARIHANT,EQ,,,,,ARIHANT FOUN & HOU LTD,895.00,895.00,882.50,895.00,895.00,890.40,,897.10,,,592,525678.25,56,F1,1,,,,,
2026-09-25,2026-09-25,CM,NSE,STK,20159,INE643K01018,ARIHANTSUP,EQ,,,,,ARIHANT SUPERSTRUCT LTD,244.75,249.70,240.00,242.70,245.00,243.10,,242.70,,,19545,4739469.30,245,F1,1,,,,,
2026-09-25,2026-09-25,CM,NSE,STK,757614,INE0H9P01028,ARIS,EQ,,,,,ARISINFRA SOLUTIONS LTD,141.92,143.30,139.50,140.29,140.54,141.92,,140.29,,,513723,72542204.04,7008,F1,1,,,,,
2026-09-25,2026-09-25,CM,NSE,STK,25398,INE0QRL01017,ARKADE,EQ,,,,,ARKADE DEVELOPERS LIMITED,124.99,126.54,124.10,125.48,125.56,124.73,,125.49,,,102310,12841536.51,1450,F1,1,,,,,
2026-09-25,2026-09-25,CM,NSE,STK,17263,INE109C01017,ARMANFIN,EQ,,,,,ARMAN FIN SERV LTD,1890.00,1918.90,1867.80,1885.60,1871.00,1897.50,,1885.91,,,16327,30853035.00,3352,F1,1,,,,,
2026-09-25,2026-09-25,CM,NSE,STK,760752,INE0TZX01019,ARMOUR,ST,,,,,ARMOUR SECURITY (INDIA) L,19.15,20.10,19.15,20.10,20.10,19.15,,20.10,,,28000,554600.00,13,F1,2000,,,,,
2026-09-25,2026-09-25,CM,NSE,STK,14557,INE210C01013,AROGRANITE,EQ,,,,,ARO GRANITE IND. LTD.,24.00,24.40,23.26,24.14,23.85,23.97,,24.24,,,2286,55131.46,99,F1,1,,,,,
2026-09-25,2026-09-25,CM,NSE,STK,9260,INE570D01018,ARROWGREEN,EQ,,,,,ARROW GREENTECH LIMITED,900.00,918.80,875.00,905.80,904.05,895.95,,905.65,,,43393,38674699.45,3630,F1,1,,,,,
2026-09-25,2026-09-25,CM,NSE,STK,29015,INE968D01022,ARSHIYA,BZ,,,,,ARSHIYA LIMITED,0.73,0.74,0.72,0.74,0.74,0.72,,0.74,,,238665,174337.30,58,F1,1,,,,,
2026-09-25,2026-09-25,CM,NSE,STK,761330,INE757T01025,AEPL,EQ,,,,,ARTEMIS ELECTRICALS & P L,16.13,16.23,15.82,15.90,15.90,16.13,,15.90,,,38932,618742.64,131,F1,1,,,,,
2026-09-25,2026-09-25,CM,NSE,STK,16913,INE025R01021,ARTEMISMED,EQ,,,,,ARTEMIS MED SERVICE LTD,346.00,378.80,346.00,357.70,358.10,332.70,,357.71,,,18980196,6925731162.55,284278,F1,1,,,,,
2026-09-25,2026-09-25,CM,NSE,STK,2814,INE006Z01016,ARVEE,EQ,,,,,ARVEE LABORATORIES I LTD,225.50,226.00,210.20,213.19,212.10,224.25,,213.19,,,9353,2022916.07,346,F1,1,,,,,
2026-09-25,2026-09-25,CM,NSE,STK,9111,INE955V01021,ARVINDFASN,EQ,,,,,ARVIND FASHIONS LIMITED,415.90,421.50,414.00,417.20,416.60,414.25,,417.20,,,253117,105520890.10,18924,F1,1,,,,,
2026-09-25,2026-09-25,CM,NSE,STK,193,INE034A01011,ARVIND,EQ,,,,,ARVIND LIMITED,566.00,566.90,546.65,549.05,550.25,565.70,,549.42,,,338603,187141892.50,24038,F1,1,,,,,
2026-09-25,2026-09-25,CM,NSE,STK,19579,INE0P4T01013,ARVINDPORT,SM,,,,,ARVIND PORT AND INFRA LTD,35.40,36.40,32.00,34.00,32.20,34.50,,34.00,,,94500,3277125.00,49,F1,1500,,,,,
2026-09-25,2026-09-25,CM,NSE,STK,10457,INE034S01021,ARVSMART,EQ,,,,,ARVIND SMARTSPACES LTD,628.80,632.95,609.10,614.05,617.00,622.75,,614.09,,,96516,59750546.25,3927,F1,1,,,,,
2026-09-25,2026-09-25,CM,NSE,STK,764603,INE032E01017,ARYAMAN,EQ,,,,,ARYAMAN FINANCIAL SERV L,633.00,633.00,610.00,610.00,610.00,615.00,,612.00,,,20,12567.05,5,F1,1,,,,,
2026-09-25,2026-09-25,CM,NSE,STK,5378,INE439A01020,ASAHIINDIA,EQ,,,,,ASAHI INDIA GLASS LIMITED,969.95,975.50,952.40,959.95,957.00,965.40,,959.95,,,75822,73025480.10,7848,F1,1,,,,,
2026-09-25,2026-09-25,CM,NSE,STK,25092,INE228I01012,ASAHISONG,BE,,,,,ASAHI SONGWON COLOR LTD,388.00,404.40,382.10,402.75,401.95,388.00,,402.46,,,33093,13183124.45,323,F1,1,,,,,
2026-09-25,2026-09-25,CM,NSE,STK,203,INE348A01023,ASHAPURMIN,EQ,,,,,ASHAPURA MINECHEM LTD,513.00,514.85,505.05,506.50,508.50,510.75,,506.39,,,168617,85789146.80,5468,F1,1,,,,,
2026-09-25,2026-09-25,CM,NSE,STK,24403,INE365D01021,ASHIANA,EQ,,,,,ASHIANA HOUSING LTD,388.50,395.00,383.30,389.70,391.70,388.50,,389.72,,,19421,7523990.25,1068,F1,1,,,,,
2026-09-25,2026-09-25,CM,NSE,STK,762551,INE094B01013,ASHIKAG,BE,,,,,ASHIKA GLOBAL SEC LTD,406.45,406.45,396.00,397.60,404.00,402.45,,397.61,,,6398,2550952.40,103,F1,1,,,,,
2026-09-25,2026-09-25,CM,NSE,STK,206,INE440A01010,ASHIMASYN,EQ,,,,,ASHIMA LTD,15.84,16.25,15.84,15.96,16.06,15.80,,15.96,,,21790,347776.17,198,F1,1,,,,,
2026-09-25,2026-09-25,CM,NSE,STK,212,INE208A01029,ASHOKLEY,EQ,,,,,ASHOK LEYLAND LTD,157.52,159.52,156.10,159.08,159.08,157.30,,159.07,,,10274172,1626595815.03,75366,F1,1,,,,,
2026-09-25,2026-09-25,CM,NSE,STK,20182,INE442H01029,ASHOKA,EQ,,,,,ASHOKA BUILDCON LTD,113.05,113.40,111.40,113.12,113.03,113.05,,113.12,,,295342,33189999.42,3850,F1,1,,,,,
2026-09-25,2026-09-25,CM,NSE,STK,16943,INE760Y01011,ASHOKAMET,EQ,,,,,ASHOKA METCAST LIMITED,15.98,15.99,15.32,15.67,15.56,15.68,,15.59,,,35144,550597.01,173,F1,1,,,,,
2026-09-25,2026-09-25,CM,NSE,STK,765573,INE19FR01012,ASHUTOSH,SM,,,,,ASHUTOSH FIBRE LIMITED,157.05,160.95,156.60,159.45,160.00,161.10,,159.45,,,72000,11429700.00,58,F1,1200,,,,,
2026-09-25,2026-09-25,CM,NSE,STK,760418,INE1A6Q01010,ASHWINI,SM,,,,,ASHWINI CONTAINER MOVER L,162.80,171.50,161.00,170.50,168.50,160.00,,170.50,,,25000,4134650.00,18,F1,1000,,,,,
2026-09-25,2026-09-25,CM,NSE,STK,7030,INE276G01015,ASIANENE,EQ,,,,,ASIAN ENERGY SERVICES LTD,472.90,492.85,471.35,487.75,489.90,474.65,,487.74,,,226490,109417329.50,8115,F1,1,,,,,
2026-09-25,2026-09-25,CM,NSE,STK,14889,INE022I01019,ASIANTILES,EQ,,,,,ASIAN GRANITO IND. LTD.,50.30,50.94,50.01,50.69,50.65,50.35,,50.69,,,788714,39794450.35,2942,F1,1,,,,,
2026-09-25,2026-09-25,CM,NSE,STK,19438,INE926K01017,AHLEAST,EQ,,,,,ASIAN HOTELS (EAST) LTD,140.00,140.00,135.00,137.42,135.80,136.41,,137.66,,,3103,425546.66,83,F1,1,,,,,
2026-09-25,2026-09-25,CM,NSE,STK,18422,INE363A01022,ASIANHOTNR,EQ,,,,,ASIAN HOTELS (NORTH) LTD,386.05,400.00,385.50,394.35,387.55,389.50,,394.35,,,5905,2317813.65,303,F1,1,,,,,
2026-09-25,2026-09-25,CM,NSE,STK,19370,INE915K01010,AHLWEST,BE,,,,,ASIAN HOTELS (WEST) LTD,520.00,547.00,520.00,520.30,520.30,521.05,,525.20,,,1411,770539.00,24,F1,1,,,,,
2026-09-25,2026-09-25,CM,NSE,STK,236,INE021A01026,ASIANPAINT,EQ,,,,,ASIAN PAINTS LIMITED,2401.90,2451.00,2397.00,2444.00,2444.00,2392.70,,2444.00,,,426982,1037167840.30,31581,F1,1,,,,,
2026-09-25,2026-09-25,CM,NSE,STK,762553,INE194D01017,ASTAR,EQ,,,,,ASIAN STAR CO. LTD.,681.00,702.00,653.10,698.70,702.00,679.25,,698.69,,,555,379193.15,80,F1,1,,,,,
2026-09-25,2026-09-25,CM,NSE,STK,765025,INE822B01017,ASIANTNE,EQ,,,,,ASIAN TEA & EXPORTS LTD.,9.70,9.70,9.12,9.26,9.37,9.19,,9.26,,,979,9101.46,27,F1,1,,,,,
2026-09-25,2026-09-25,CM,NSE,STK,20152,INE491J01022,ASKAUTOLTD,EQ,,,,,ASK AUTOMOTIVE LIMITED,642.75,656.85,639.00,645.15,640.50,642.75,,645.15,,,133775,86521655.05,8602,F1,1,,,,,
2026-09-25,2026-09-25,CM,NSE,STK,17270,INE991I01015,ASPINWALL,EQ,,,,,ASPINWALL & CO LTD,259.70,259.90,252.20,253.75,252.20,258.95,,253.75,,,1747,443463.10,55,F1,1,,,,,
2026-09-25,2026-09-25,CM,NSE,STK,23396,INE0S7801010,ASPIRE,SM,,,,,ASPIRE & INNOVATIVE ADV L,12.70,13.95,12.70,13.80,13.95,13.30,,13.80,,,32000,424900.00,16,F1,2000,,,,,
2026-09-25,2026-09-25,CM,NSE,STK,766072,INE148G01016,ARCIL,EQ,,,,,ASSET RECONSTRUC CO (I) L,149.56,152.70,142.10,144.49,143.34,148.62,,144.48,,,2617166,383287139.64,43632,F1,1,,,,,
2026-09-25,2026-09-25,CM,NSE,STK,17598,INE073G01016,ASALCBR,EQ,,,,,ASSO ALCOHOLS & BREW LTD,652.00,655.35,637.15,644.95,647.65,651.00,,644.96,,,81437,52514840.15,3891,F1,1,,,,,
2026-09-25,2026-09-25,CM,NSE,STK,17728,INE563J01010,ASTEC,EQ,,,,,ASTEC LIFESCIENCES LTD,731.00,768.00,717.55,739.00,735.20,728.80,,738.91,,,114860,85815445.15,8844,F1,1,,,,,
2026-09-25,2026-09-25,CM,NSE,STK,1508,INE914M01019,ASTERDM,EQ,,,,,ASTER DM QUALITY CARE LTD,768.65,769.95,753.30,759.40,758.75,768.65,,759.40,,,1251211,951431145.45,36020,F1,1,,,,,
2026-09-25,2026-09-25,CM,NSE,STK,11618,INE386C01029,ASTRAMICRO,EQ,,,,,ASTRA MICROWAVE LTD,1599.20,1647.00,1587.40,1622.40,1617.20,1596.20,,1622.44,,,267279,433820840.20,18093,F1,1,,,,,
2026-09-25,2026-09-25,CM,NSE,STK,14418,INE006I01046,ASTRAL,EQ,,,,,ASTRAL LIMITED,1389.80,1399.00,1385.60,1399.00,1399.00,1392.00,,1398.99,,,358868,499857158.60,23783,F1,1,,,,,
2026-09-25,2026-09-25,CM,NSE,STK,5610,INE203A01020,ASTRAZEN,EQ,,,,,ASTRAZENECA PHARMA IND LT,6600.00,6705.00,6444.00,6505.00,6450.00,6591.00,,6505.97,,,6164,40306453.00,1847,F1,1,,,,,
2026-09-25,2026-09-25,CM,NSE,STK,764445,INE646X01014,ASTRON,BZ,,,,,ASTRON PAPER BORD MIL LTD,2.95,3.00,2.86,2.97,2.98,2.95,,2.97,,,10627,31199.64,67,F1,1,,,,,
2026-09-25,2026-09-25,CM,NSE,STK,15649,INE0ALR01029,ATALREAL,EQ,,,,,ATAL REALTECH LIMITED,15.01,15.01,13.14,13.52,13.14,14.60,,13.52,,,7859696,106405390.17,4767,F1,1,,,,,
2026-09-25,2026-09-25,CM,NSE,STK,15404,INE09KD01013,ATAM,EQ,,,,,ATAM VALVES LIMITED,57.55,58.92,56.66,57.07,57.35,58.08,,57.07,,,5460,313332.52,179,F1,1,,,,,
2026-09-25,2026-09-25,CM,NSE,STK,756405,INE0V0Q01019,ATCENERGY,ST,,,,,ATC ENERGIES SYSTEM LTD,20.80,22.15,20.80,22.10,22.10,21.80,,22.10,,,12000,257160.00,9,F1,1200,,,,,
2026-09-25,2026-09-25,CM,NSE,STK,757645,INE0LEZ01016,ATHERENERG,EQ,,,,,ATHER ENERGY LIMITED,1489.90,1511.80,1484.00,1497.00,1497.00,1499.00,,1497.00,,,1896434,2837824290.90,66005,F1,1,,,,,
2026-09-25,2026-09-25,CM,NSE,STK,760953,IN90NN701011,ATLPP,E1,,,,,ATL RE.0.50 PPD UP,8.87,8.87,8.87,8.87,8.87,8.82,,8.87,,,7,62.09,1,F1,1,,,,,
2026-09-25,2026-09-25,CM,NSE,STK,759007,INE0Z4F01028,ATLANTAELE,EQ,,,,,ATLANTA ELECTRICALS LTD,1617.40,1632.20,1557.70,1625.90,1629.00,1587.20,,1625.90,,,155340,247281309.20,17853,F1,1,,,,,
2026-09-25,2026-09-25,CM,NSE,STK,13585,INE285H01022,ATLANTAA,EQ,,,,,ATLANTAA LIMITED,35.60,36.40,35.12,35.73,35.75,35.65,,35.73,,,13114,469030.42,196,F1,1,,,,,
2026-09-25,2026-09-25,CM,NSE,STK,4568,INE446A01025,ATLASCYCLE,EQ,,,,,ATLAS CYCLE (HARYANA) LTD,96.00,99.95,92.75,94.32,93.86,97.89,,94.33,,,25212,2399065.92,406,F1,1,,,,,
2026-09-25,2026-09-25,CM,NSE,STK,22785,INE05DH01017,ATMASTCO,SM,,,,,ATMASTCO LIMITED,116.00,119.90,116.00,118.20,119.60,115.60,,118.20,,,20800,2469320.00,38,F1,400,,,,,
2026-09-25,2026-09-25,CM,NSE,STK,30023,INE951D01028,ATULAUTO,EQ,,,,,ATUL AUTO LIMITED,449.80,451.75,442.30,448.25,448.45,447.55,,448.23,,,35098,15658671.10,2131,F1,1,,,,,
2026-09-25,2026-09-25,CM,NSE,STK,263,INE100A01010,ATUL,EQ,,,,,ATUL LTD,6164.00,6164.00,6050.00,6070.50,6090.00,6135.50,,6070.64,,,15678,95446156.00,4256,F1,1,,,,,
2026-09-25,2026-09-25,CM,NSE,STK,21238,INE949L01017,AUBANK,EQ,,,,,AU SMALL FINANCE BANK LTD,1001.00,1021.20,997.00,1018.00,1018.00,1000.10,,1018.00,,,2524193,2555339906.90,110746,F1,1,,,,,
2026-09-25,2026-09-25,CM,NSE,STK,765451,INE16W401027,AUGMONT,EQ,,,,,AUGMONT ENTERPRISES LTD,865.00,892.40,860.00,877.90,875.00,864.10,,877.87,,,352381,309344033.90,15044,F1,1,,,,,
2026-09-25,2026-09-25,CM,NSE,STK,12022,INE132H01018,AURIONPRO,EQ,,,,,AURIONPRO SOLN LTD,676.60,683.45,666.20,669.70,667.45,682.55,,669.73,,,102892,69007240.95,6487,F1,1,,,,,
2026-09-25,2026-09-25,CM,NSE,STK,15869,INE0NUL01018,AUROIMPEX,SM,,,,,AURO IMPEX & CHEMICALS L,42.95,42.95,42.90,42.95,42.95,40.95,,42.95,,,44800,1924080.00,25,F1,1600,,,,,
2026-09-25,2026-09-25,CM,NSE,STK,275,INE406A01037,AUROPHARMA,EQ,,,,,AUROBINDO PHARMA LTD,1716.00,1727.90,1699.50,1712.00,1712.00,1716.00,,1712.00,,,624705,1068226426.90,29017,F1,1,,,,,
2026-09-25,2026-09-25,CM,NSE,STK,10310,INE898S01029,AURUM,EQ,,,,,AURUM PROPTECH LIMITED,220.88,224.04,218.96,222.45,221.99,220.22,,222.45,,,103745,22976624.06,2470,F1,1,,,,,
2026-09-25,2026-09-25,CM,NSE,STK,31468,INE142K01011,AURUS,EQ,,,,,AURUS GEM CORP LIMITED,4.63,4.80,4.59,4.65,4.68,4.63,,4.65,,,8547,40030.65,388,F1,1,,,,,
2026-09-25,2026-09-25,CM,NSE,STK,4037,INE218C01016,AUSOMENT,EQ,,,,,AUSOM ENTERPRISE LIMITED,145.66,145.66,142.11,143.12,144.00,145.66,,143.12,,,2777,397322.00,56,F1,1,,,,,
2026-09-25,2026-09-25,CM,NSE,STK,764608,INE759F01012,AUSTENG,EQ,,,,,AUSTIN ENGINEERING CO. L,168.00,170.00,157.60,161.78,161.50,169.04,,161.79,,,10152,1658710.35,278,F1,1,,,,,
2026-09-25,2026-09-25,CM,NSE,STK,21451,INE0P0001010,APS,SM,,,,,AUSTRALIAN PREM SOLAR I L,239.00,245.95,228.00,235.35,235.00,237.00,,235.35,,,21000,5023187.50,69,F1,250,,,,,
2026-09-25,2026-09-25,CM,NSE,STK,23553,INE206F01022,AIIL,EQ,,,,,AUTHUM INVEST & INFRA LTD,551.60,572.00,548.95,559.60,557.00,551.60,,559.59,,,338399,190295594.10,17287,F1,1,,,,,
2026-09-25,2026-09-25,CM,NSE,STK,14106,INE718H01014,AUTOIND,EQ,,,,,AUTOLINE INDUSTRIES LTD,84.50,85.79,80.41,81.73,80.80,84.32,,81.74,,,227265,18801960.20,3134,F1,1,,,,,
2026-09-25,2026-09-25,CM,NSE,STK,764558,INE451C01013,ACGL,EQ,,,,,AUTOMOBILE CORPN OF GOA L,1707.60,1773.90,1700.00,1737.80,1704.00,1716.50,,1743.35,,,457,784923.10,137,F1,1,,,,,
2026-09-25,2026-09-25,CM,NSE,STK,278,INE449A01011,AUTOAXLES,EQ,,,,,AUTOMOTIVE AXLES LIMITED,1695.60,1782.60,1668.00,1709.80,1695.00,1683.60,,1709.75,,,26667,45833266.10,1649,F1,1,,,,,
2026-09-25,2026-09-25,CM,NSE,STK,10634,INE900C01027,ASAL,EQ,,,,,AUTOMOTIVE STAMPINGS & AS,441.95,445.00,430.20,438.50,436.25,441.70,,438.66,,,17737,7756161.95,1235,F1,1,,,,,
2026-09-25,2026-09-25,CM,NSE,STK,21406,INE349W01017,AVADHSUGAR,EQ,,,,,AVADH SUG & ENERGY LTD,724.10,796.50,720.65,796.50,796.50,724.10,,796.56,,,465223,362814521.85,15930,F1,1,,,,,
2026-09-25,2026-09-25,CM,NSE,STK,15058,INE0LCL01028,AVALON,EQ,,,,,AVALON TECHNOLOGIES LTD,2350.00,2458.00,2314.70,2328.50,2340.00,2316.10,,2328.43,,,534906,1275669350.30,57494,F1,1,,,,,
2026-09-25,2026-09-25,CM,NSE,STK,760736,INE1KU201016,AVANA,ST,,,,,AVANA ELECTROSYSTEMS LTD,135.00,135.00,135.00,135.00,135.00,135.90,,135.00,,,8000,1080000.00,4,F1,2000,,,,,
2026-09-25,2026-09-25,CM,NSE,STK,765030,INE758A01072,AVANCE,EQ,,,,,AVANCE TECHNOLOGIES LTD.,0.82,0.82,0.80,0.81,0.81,0.80,,0.81,,,1729168,1405389.62,1064,F1,1,,,,,
2026-09-25,2026-09-25,CM,NSE,STK,24610,INE005B01027,AVANTEL,EQ,,,,,AVANTEL LIMITED,155.75,157.90,151.81,155.94,156.06,155.34,,155.94,,,1850814,287614732.19,22209,F1,1,,,,,
2026-09-25,2026-09-25,CM,NSE,STK,7936,INE871C01038,AVANTIFEED,EQ,,,,,AVANTI FEEDS LIMITED,755.70,774.00,748.00,753.15,753.10,749.75,,753.18,,,277971,210633101.75,23321,F1,1,,,,,
2026-09-25,2026-09-25,CM,NSE,STK,20503,INE617I01024,AVATAR,ST,,,,,AVATAR INDUSTRIES LIMITED,169.65,187.45,169.65,187.45,187.45,178.55,,187.45,,,54000,9666900.00,24,F1,2000,,,,,
2026-09-25,2026-09-25,CM,NSE,STK,19913,INE192R01011,DMART,EQ,,,,,AVENUE SUPERMARTS LIMITED,3789.80,3834.20,3771.60,3834.20,3834.20,3787.50,,3834.14,,,297635,1133349583.20,20877,F1,1,,,,,
2026-09-25,2026-09-25,CM,NSE,STK,16249,INE483S01020,CCAVENUE,EQ,,,,,AVENUESAI LIMITED,16.02,16.14,15.74,15.89,15.90,15.99,,15.89,,,6133145,97703369.77,9946,F1,1,,,,,
2026-09-25,2026-09-25,CM,NSE,STK,15638,INE680Z01018,AVG,BE,,,,,AVG LOGISTICS LIMITED,163.00,164.95,162.20,164.06,164.35,162.99,,164.06,,,13101,2143870.92,82,F1,1,,,,,
2026-09-25,2026-09-25,CM,NSE,STK,25520,INE0TFB01017,AVIANSH,SM,,,,,AVI ANSH TEXTILE LIMITED,102.00,102.50,100.00,100.00,100.00,101.50,,100.00,,,4000,406500.00,4,F1,1000,,,,,
2026-09-25,2026-09-25,CM,NSE,STK,755092,INE0V9I01017,AVIENCE,SM,,,,,AVIENCE BIOMEDICALS LTD,339.95,348.00,333.45,342.05,345.00,338.20,,342.05,,,46800,15999960.00,71,F1,600,,,,,
2026-09-25,2026-09-25,CM,NSE,STK,14064,INE855F01042,ASMS,EQ,,,,,AVIO SMART MRKT STACK LTD,6.49,6.54,6.27,6.38,6.41,6.41,,6.38,,,248422,1586682.38,745,F1,1,,,,,
2026-09-25,2026-09-25,CM,NSE,STK,13557,INE323B01024,AVONMORE,EQ,,,,,AVONMORE CAP&MGT SERV LTD,13.04,13.50,12.94,13.34,13.40,13.10,,13.32,,,266100,3500894.31,658,F1,1,,,,,
2026-09-25,2026-09-25,CM,NSE,STK,23159,INE0R9401019,AVPINFRA,SM,,,,,AVP INFRACON LIMITED,57.45,57.45,55.70,56.10,56.10,56.45,,56.10,,,31200,1759480.00,27,F1,800,,,,,
2026-09-25,2026-09-25,CM,NSE,STK,8827,INE652Z01025,AVROIND,EQ,,,,,AVRO INDIA LIMITED,7.15,7.15,6.83,6.89,6.95,7.08,,6.89,,,133618,930118.43,520,F1,1,,,,,
2026-09-25,2026-09-25,CM,NSE,STK,14008,INE488D01021,AVTNPL,EQ,,,,,AVT NATURAL PRODUCTS LTD,92.93,94.21,91.60,92.58,93.24,92.93,,92.58,,,196705,18256018.70,2338,F1,1,,,,,
2026-09-25,2026-09-25,CM,NSE,STK,23864,INE108V01019,AWFIS,EQ,,,,,AWFIS SPACE SOLUTIONS LTD,260.35,267.40,253.00,257.20,256.00,262.40,,257.27,,,667000,172113279.30,12967,F1,1,,,,,
2026-09-25,2026-09-25,CM,NSE,STK,8110,INE699H01024,AWL,EQ,,,,,AWL AGRI BUSINESS LIMITED,184.39,185.10,181.61,184.34,183.99,184.69,,184.33,,,1439611,264422168.95,21610,F1,1,,,,,
2026-09-25,2026-09-25,CM,NSE,STK,766238,INE16J201028,AXIOMGAS,ST,,,,,AXIOM GAS ENGINEERING LTD,54.75,57.00,54.00,54.05,54.10,54.00,,54.05,,,4834000,264164200.00,946,F1,2000,,,,,
2026-09-25,2026-09-25,CM,NSE,STK,5900,INE238A01034,AXISBANK,EQ,,,,,AXIS BANK LIMITED,1191.50,1225.00,1191.50,1222.40,1222.40,1186.50,,1222.39,,,6923162,8392516535.50,211066,F1,1,,,,,
2026-09-25,2026-09-25,CM,NSE,STK,765499,INF846KA1598,ENERGYAXIS,EQ,,,,,AXISAMC - ENERGYAXIS,18.95,19.43,18.63,19.30,18.68,18.77,,19.50,,,14151,264568.18,65,F1,1,,,,,
2026-09-25,2026-09-25,CM,NSE,STK,1044,INF846K01X63,BNKETFAXIS,EQ,,,,,AXISAMC-BNKETFAXIS,573.25,574.73,572.33,573.18,573.07,573.80,,573.18,,,953,546123.47,30,F1,1,,,,,
2026-09-25,2026-09-25,CM,NSE,STK,5732,INF846K016C7,CONSUMAXIS,EQ,,,,,AXISAMC-CONSUMAXIS,117.35,117.35,116.87,117.27,117.27,117.33,,117.40,,,380,44526.39,20,F1,1,,,,,
2026-09-25,2026-09-25,CM,NSE,STK,20532,INF846K01W80,GOLDAXIS,EQ,,,,,AXISAMC-GOLDAXIS,124.55,125.45,124.51,125.36,125.39,124.24,,125.36,,,449418,56199074.03,1996,F1,1,,,,,
2026-09-25,2026-09-25,CM,NSE,STK,3608,INF846K01Z12,HEALTHAXIS,EQ,,,,,AXISAMC-HEALTHAXIS,170.81,170.97,168.94,169.85,170.00,172.51,,169.85,,,3802,646201.99,119,F1,1,,,,,
2026-09-25,2026-09-25,CM,NSE,STK,3010,INF846K01Y96,ITAXIS,EQ,,,,,AXISAMC-ITAXIS,308.00,312.00,307.00,311.36,312.00,308.61,,311.36,,,6829,2108574.24,38,F1,1,,,,,
2026-09-25,2026-09-25,CM,NSE,STK,21252,INF846K01W98,NIFTYAXIS,EQ,,,,,AXISAMC-NIFTYAXIS,262.52,262.52,255.50,258.99,261.00,257.37,,258.99,,,5460,1400889.81,192,F1,1,,,,,
2026-09-25,2026-09-25,CM,NSE,STK,14742,INF846K010Q0,SENSEXAXIS,EQ,,,,,AXISAMC-SENSEXAXIS,77.47,77.47,76.50,76.80,76.80,76.71,,76.80,,,111922,8588240.75,52,F1,1,,,,,
2026-09-25,2026-09-25,CM,NSE,STK,11193,INF846K011K1,SILVERAXIS,EQ,,,,,AXISAMC-SILVERAXIS,224.90,227.50,224.16,227.30,227.01,224.63,,227.30,,,183082,41285929.05,2387,F1,1,,,,,
2026-09-25,2026-09-25,CM,NSE,STK,30155,INF846KA1119,VALUEAXIS,EQ,,,,,AXISAMC-VALUEAXIS,32.58,32.58,32.00,32.13,32.12,32.18,,32.13,,,45619,1465126.75,259,F1,1,,,,,
2026-09-25,2026-09-25,CM,NSE,STK,9436,INE555B01013,AXISCADES,EQ,,,,,AXISCADES TECH LTD,1928.00,1966.10,1885.10,1892.10,1885.10,1923.10,,1892.14,,,130914,251928114.10,12974,F1,1,,,,,
2026-09-25,2026-09-25,CM,NSE,STK,9902,INE02EZ01022,AXITA,EQ,,,,,AXITA COTTON LIMITED,8.05,8.08,7.88,7.95,7.89,8.00,,7.95,,,815658,6515314.89,1091,F1,1,,,,,
2026-09-25,2026-09-25,CM,NSE,STK,764613,INE767C01012,AXTEL,EQ,,,,,AXTEL INDUSTRIES LTD.,447.00,450.00,432.10,446.10,447.15,442.30,,446.10,,,2653,1170967.25,232,F1,1,,,,,
2026-09-25,2026-09-25,CM,NSE,STK,760981,INE501X01029,AYE,EQ,,,,,AYE FINANCE LIMITED,172.48,173.03,165.10,167.25,168.90,171.99,,167.25,,,1078430,180903744.11,27476,F1,1,,,,,
2026-09-25,2026-09-25,CM,NSE,STK,10285,INE193B01039,AYMSYNTEX,EQ,,,,,AYM SYNTEX LIMITED,284.05,302.00,284.05,293.95,290.00,285.40,,293.94,,,65234,19223354.70,4888,F1,1,,,,,
2026-09-25,2026-09-25,CM,NSE,STK,20905,INE02IJ01035,AZAD,EQ,,,,,AZAD ENGINEERING LIMITED,2680.00,2776.80,2678.30,2728.00,2741.00,2678.30,,2728.06,,,438788,1198984424.30,37888,F1,1,,,,,
2026-09-25,2026-09-25,CM,NSE,STK,765035,INE566M01017,AZADIND,EQ,,,,,AZAD INDIA MOBILITY LTD.,85.00,88.87,83.83,87.03,86.00,83.77,,87.10,,,70203,6101384.75,1955,F1,1,,,,,
2026-09-25,2026-09-25,CM,NSE,STK,12153,INE01EE01011,BBTCL,EQ,,,,,B&B TRIPLEWALL CONT LTD,231.30,234.55,226.17,229.02,231.80,229.17,,229.10,,,6783,1561490.86,283,F1,1,,,,,
2026-09-25,2026-09-25,CM,NSE,STK,11226,INE116D01028,BAGFILMS,EQ,,,,,B.A.G FILMS AND MEDIA LTD,4.34,4.34,4.25,4.28,4.28,4.29,,4.28,,,28683,122905.83,147,F1,1,,,,,
2026-09-25,2026-09-25,CM,NSE,STK,759420,INE17CQ01015,BAGDIGITAL,SM,,,,,B.A.G.CONVERGENCE LIMITED,104.00,104.00,100.00,102.75,102.50,103.75,,102.75,,,68800,7020720.00,29,F1,1600,,,,,
2026-09-25,2026-09-25,CM,NSE,STK,13290,INE350H01032,BLKASHYAP,EQ,,,,,B.L.KASHYAP & SON LTD,52.83,54.95,52.19,54.26,53.60,52.85,,54.26,,,555621,29822314.48,2701,F1,1,,,,,
2026-09-25,2026-09-25,CM,NSE,STK,25114,INE01FR01028,STYLEBAAZA,EQ,,,,,BAAZAR STYLE RETAIL LTD,370.10,380.00,368.10,375.80,374.85,370.40,,375.81,,,625952,234637265.60,8380,F1,1,,,,,
2026-09-25,2026-09-25,CM,NSE,STK,20141,INE0QW501012,BABAFP,SM,,,,,BABA FOOD PROCESSING,23.70,23.70,23.70,23.70,23.70,23.70,,23.70,,,1600,37920.00,1,F1,1600,,,,,
2026-09-25,2026-09-25,CM,NSE,STK,17735,INE878I01022,BAFNAPH,BE,,,,,BAFNA PHARMACEUTICALS LTD,350.05,350.05,350.05,350.05,350.05,343.20,,355.95,,,2166,758208.30,30,F1,1,,,,,
2026-09-25,2026-09-25,CM,NSE,STK,763363,INE2OVN25015,BAGMANE,RR,,,,,BAGMANE PRIME OFFICE REIT,110.34,111.78,109.79,111.20,110.98,109.72,,111.21,,,2605473,288210975.17,15607,F1,1,,,,,
2026-09-25,2026-09-25,CM,NSE,STK,12989,INE029Q01017,BAHETI,SM,,,,,BAHETI RECYCLING IND LTD,743.35,775.00,743.35,761.40,774.00,750.20,,761.40,,,14625,11053912.50,31,F1,375,,,,,
2026-09-25,2026-09-25,CM,NSE,STK,13794,INE020D01022,BAIDFIN,EQ,,,,,BAID FINSERV LIMITED,10.35,12.00,10.16,10.69,10.90,10.45,,10.69,,,103934,1140219.42,429,F1,1,,,,,
2026-09-25,2026-09-25,CM,NSE,STK,16669,INE917I01010,BAJAJ-AUTO,EQ,,,,,BAJAJ AUTO LIMITED,11245.00,11332.00,11212.00,11281.00,11281.00,11208.00,,11281.16,,,121620,1370765241.00,22924,F1,1,,,,,
2026-09-25,2026-09-25,CM,NSE,STK,19531,INE933K01021,BAJAJCON,EQ,,,,,BAJAJ CONSUMER CARE LTD,502.45,506.80,492.70,499.50,500.00,501.70,,499.47,,,305752,152333329.95,17085,F1,1,,,,,
2026-09-25,2026-09-25,CM,NSE,STK,15034,INE193E01025,BAJAJELEC,EQ,,,,,BAJAJ ELECT.LTD,321.00,323.15,318.00,318.95,318.60,321.45,,318.95,,,107647,34416084.35,4692,F1,1,,,,,
2026-09-25,2026-09-25,CM,NSE,STK,317,INE296A01032,BAJFINANCE,EQ,,,,,BAJAJ FINANCE LIMITED,982.00,997.20,980.20,996.90,996.90,982.00,,996.86,,,5467794,5413457995.70,93070,F1,1,,,,,
2026-09-25,2026-09-25,CM,NSE,STK,16675,INE918I01026,BAJAJFINSV,EQ,,,,,BAJAJ FINSERV LTD.,1774.00,1778.10,1755.00,1771.00,1771.00,1762.30,,1770.99,,,1419352,2507589177.70,67796,F1,1,,,,,
2026-09-25,2026-09-25,CM,NSE,STK,6863,INE411U01027,BAJAJHCARE,EQ,,,,,BAJAJ HEALTHCARE LIMITED,350.90,353.15,341.55,344.15,343.40,350.15,,344.17,,,89487,30844023.65,4309,F1,1,,,,,
2026-09-25,2026-09-25,CM,NSE,STK,308,INE306A01021,BAJAJHIND,EQ,,,,,BAJAJ HINDUSTHAN SUGAR LT,20.05,21.09,19.81,20.78,20.79,19.90,,20.78,,,31108504,642046034.56,34875,F1,1,,,,,
2026-09-25,2026-09-25,CM,NSE,STK,305,INE118A01012,BAJAJHLDNG,EQ,,,,,BAJAJ HOLDINGS & INVS LTD,10925.00,11027.00,10738.00,10940.00,10940.00,10917.00,,10940.00,,,41708,452676384.00,10037,F1,1,,,,,
2026-09-25,2026-09-25,CM,NSE,STK,25270,INE377Y01014,BAJAJHFL,EQ,,,,,BAJAJ HOUSING FINANCE LTD,83.03,83.60,81.96,83.14,83.01,82.96,,83.15,,,3121239,258295121.90,24326,F1,1,,,,,
2026-09-25,2026-09-25,CM,NSE,STK,762563,INE704G01024,BAJAJST,EQ,,,,,BAJAJ STEEL INDS. LTD.,355.25,355.25,343.05,347.25,346.15,347.00,,347.34,,,6987,2417842.30,416,F1,1,,,,,
2026-09-25,2026-09-25,CM,NSE,STK,20531,INE0KQN01018,BAJEL,EQ,,,,,BAJEL PROJECTS LIMITED,173.37,174.38,170.25,173.14,173.95,172.11,,173.13,,,76580,13193982.10,2036,F1,1,,,,,
2026-09-25,2026-09-25,CM,NSE,STK,13441,INE083D01012,BALPHARMA,EQ,,,,,BAL PHARMA LTD.,105.50,112.35,105.50,107.71,107.00,105.02,,107.73,,,62694,6826697.88,1670,F1,1,,,,,
2026-09-25,2026-09-25,CM,NSE,STK,14501,INE050E01027,BALAMINES,EQ,,,,,BALAJI AMINES LIMITED,2237.00,2257.70,2165.20,2189.60,2185.00,2226.00,,2189.61,,,164986,364151351.90,20135,F1,1,,,,,
2026-09-25,2026-09-25,CM,NSE,STK,9158,INE794B01026,BALAJITELE,EQ,,,,,BALAJI TELEFILMS LIMITED.,94.69,95.37,93.42,93.85,93.58,93.82,,93.82,,,81715,7719259.19,1106,F1,1,,,,,
2026-09-25,2026-09-25,CM,NSE,STK,11309,INE618N01022,BALAXI,EQ,,,,,BALAXI PHARMA LTD,22.43,23.28,22.43,22.82,22.72,22.73,,22.82,,,11304,256267.62,158,F1,1,,,,,
2026-09-25,2026-09-25,CM,NSE,STK,335,INE787D01026,BALKRISIND,EQ,,,,,BALKRISHNA IND. LTD,2166.50,2192.20,2150.00,2185.30,2180.00,2167.80,,2185.18,,,114990,250119052.80,14623,F1,1,,,,,
2026-09-25,2026-09-25,CM,NSE,STK,10181,INE875R01011,BALKRISHNA,EQ,,,,,BALKRISHNA PAPER MILLS L,15.91,16.75,15.90,16.00,16.00,15.90,,16.00,,,3471,56429.55,47,F1,1,,,,,
2026-09-25,2026-09-25,CM,NSE,STK,338,INE164A01016,BALMLAWRIE,EQ,,,,,BALMER LAWRIE & CO LTD,164.75,165.24,162.26,164.16,163.82,164.25,,164.15,,,89064,14566433.57,2188,F1,1,,,,,
2026-09-25,2026-09-25,CM,NSE,STK,762603,INE525F01025,BLIL,EQ,,,,,BALMER LAWRIE INVSTS. L,67.34,67.34,66.50,66.61,66.73,66.73,,66.61,,,60302,4022918.85,747,F1,1,,,,,
2026-09-25,2026-09-25,CM,NSE,STK,341,INE119A01028,BALRAMCHIN,EQ,,,,,BALRAMPUR CHINI MILLS LTD,663.00,697.00,657.85,685.80,686.00,659.40,,685.81,,,4511284,3077690460.55,100459,F1,1,,,,,
2026-09-25,2026-09-25,CM,NSE,STK,23607,INE011E01029,BALUFORGE,EQ,,,,,BALU FORGE INDUSTRIES LTD,495.60,518.50,494.00,506.80,504.60,498.10,,506.94,,,621775,316272830.65,19175,F1,1,,,,,
2026-09-25,2026-09-25,CM,NSE,STK,347,INE655B01011,BANARBEADS,EQ,,,,,BANARAS BEADS LTD,115.10,128.45,115.10,123.86,123.05,115.86,,123.86,,,36764,4504118.48,473,F1,1,,,,,
2026-09-25,2026-09-25,CM,NSE,STK,13880,INE213C01025,BANCOINDIA,EQ,,,,,BANCO PRODUCTS (I) LTD,601.75,608.45,594.60,599.85,600.80,602.35,,599.82,,,44855,26903046.80,4464,F1,1,,,,,
2026-09-25,2026-09-25,CM,NSE,STK,2263,INE545U01014,BANDHANBNK,EQ,,,,,BANDHAN BANK LIMITED,182.91,188.23,182.91,187.70,187.70,182.90,,187.64,,,10120013,1874849570.30,45777,F1,1,,,,,
2026-09-25,2026-09-25,CM,NSE,STK,760325,INF194KB1KJ7,GOLDBND,EQ,,,,,BANDHANAMC - GOLDBND,150.98,150.98,149.36,150.62,150.65,149.24,,150.47,,,15262,2297173.99,107,F1,1,,,,,
2026-09-25,2026-09-25,CM,NSE,STK,18783,INF194KA1U07,IDFNIFTYET,EQ,,,,,BANDHANAMC - IDFNIFTYET,255.39,257.90,255.13,256.59,255.50,262.64,,256.59,,,1667,426088.84,95,F1,1,,,,,
2026-09-25,2026-09-25,CM,NSE,STK,760328,INF194KB1KI9,SILVERBND,EQ,,,,,BANDHANAMC - SILVERBND,227.59,230.64,226.33,229.78,230.20,226.46,,229.49,,,10283,2354030.94,119,F1,1,,,,,
2026-09-25,2026-09-25,CM,NSE,STK,15303,INE863I01016,BANG,EQ,,,,,BANG OVERSEAS LTD.,32.23,32.70,31.67,32.36,32.67,31.61,,32.36,,,12110,389330.43,286,F1,1,,,,,
2026-09-25,2026-09-25,CM,NSE,STK,4668,INE028A01039,BANKBARODA,EQ,,,,,BANK OF BARODA,234.55,236.03,234.12,235.26,235.26,234.30,,235.26,,,2493756,586308189.38,25850,F1,1,,,,,
2026-09-25,2026-09-25,CM,NSE,STK,4745,INE084A01016,BANKINDIA,EQ,,,,,BANK OF INDIA,137.60,138.30,137.12,137.94,137.94,137.76,,137.94,,,1590019,218810742.83,12493,F1,1,,,,,
2026-09-25,2026-09-25,CM,NSE,STK,11377,INE457A01014,MAHABANK,EQ,,,,,BANK OF MAHARASHTRA,82.30,84.88,81.91,84.88,84.88,82.38,,84.88,,,12167444,1018748986.03,41470,F1,1,,,,,
2026-09-25,2026-09-25,CM,NSE,STK,822,INE862Y01015,BANKA,EQ,,,,,BANKA BIOLOO LIMITED,76.50,76.50,72.70,73.42,73.00,76.50,,73.42,,,9948,731815.06,105,F1,1,,,,,
2026-09-25,2026-09-25,CM,NSE,STK,12037,INE186H01022,BASML,BE,,,,,BANNARI AM SPIN MILL LTD.,24.26,24.65,24.05,24.51,24.60,24.26,,24.42,,,11906,289506.70,55,F1,1,,,,,
2026-09-25,2026-09-25,CM,NSE,STK,350,INE459A01010,BANARISUG,EQ,,,,,BANNARI AMMAN SUGARS LTD,3333.50,3449.80,3333.50,3401.90,3401.00,3306.50,,3401.90,,,3531,12049617.50,717,F1,1,,,,,
2026-09-25,2026-09-25,CM,NSE,STK,24386,INE0B9K01025,BANSALWIRE,EQ,,,,,BANSAL WIRE INDUSTRIES L,324.90,327.00,319.35,321.40,319.90,323.35,,321.27,,,55601,17857875.50,2709,F1,1,,,,,
2026-09-25,2026-09-25,CM,NSE,STK,14511,INE629D01020,BANSWRAS,EQ,,,,,BANSWARA SYNTEX LIMITED,109.10,111.58,108.21,108.73,108.50,109.34,,108.72,,,16084,1760783.86,548,F1,1,,,,,
2026-09-25,2026-09-25,CM,NSE,STK,15073,INE139I01011,BVCL,EQ,,,,,BARAK VALLEY CEM. LTD.,41.99,41.99,40.66,41.26,41.16,41.18,,41.26,,,12620,522106.90,141,F1,1,,,,,
2026-09-25,2026-09-25,CM,NSE,STK,29176,INE0QX401014,BARFLEX,SM,,,,,BARFLEX POLYFILMS LIMITED,58.05,58.05,54.25,54.35,54.30,60.00,,54.35,,,70000,3928800.00,34,F1,2000,,,,,
2026-09-25,2026-09-25,CM,NSE,STK,24117,INF251K01TL6,BBNPNBETF,EQ,,,,,BARODABNP - BBNPNBETF,55.60,57.00,55.18,56.03,56.03,55.87,,56.03,,,908,50854.17,27,F1,1,,,,,
2026-09-25,2026-09-25,CM,NSE,STK,20547,INF251K01SU9,BBNPPGOLD,EQ,,,,,BARODABNP - BBNPPGOLD,145.00,145.80,144.20,145.25,145.05,144.90,,145.25,,,4939,717694.35,50,F1,1,,,,,
2026-09-25,2026-09-25,CM,NSE,STK,368,INE373A01013,BASF,EQ,,,,,BASF INDIA LTD,3523.90,3562.40,3511.00,3539.80,3539.00,3523.90,,3539.79,,,7887,27901388.60,2341,F1,1,,,,,
2026-09-25,2026-09-25,CM,NSE,STK,18442,INE0OCC01013,BASILIC,SM,,,,,BASILIC FLY STUDIO LTD,167.30,170.95,166.20,167.30,168.00,165.90,,167.30,,,12000,2027010.00,37,F1,300,,,,,
2026-09-25,2026-09-25,CM,NSE,STK,371,INE176A01028,BATAINDIA,EQ,,,,,BATA INDIA LTD,627.00,632.40,621.50,629.80,631.35,627.00,,629.77,,,95375,59713198.70,10895,F1,1,,,,,
2026-09-25,2026-09-25,CM,NSE,STK,762568,INE177C01022,BATLIBOI,EQ,,,,,BATLIBOI LTD.,84.57,85.00,83.00,83.59,83.69,83.77,,83.59,,,13429,1126174.57,627,F1,1,,,,,
2026-09-25,2026-09-25,CM,NSE,STK,22571,INE0JFJ01011,BAWEJA,SM,,,,,BAWEJA STUDIOS LIMITED,25.85,26.45,25.85,26.45,26.45,25.85,,26.45,,,2400,62520.00,3,F1,800,,,,,
2026-09-25,2026-09-25,CM,NSE,STK,17927,INE462A01022,BAYERCROP,EQ,,,,,BAYER CROPSCIENCE LTD,3730.30,3759.70,3700.00,3717.60,3710.20,3736.30,,3717.50,,,17650,65577928.70,4940,F1,1,,,,,
2026-09-25,2026-09-25,CM,NSE,STK,2513,INE412G01024,BCLIND,EQ,,,,,BCL INDUSTRIES LIMITED,33.49,34.49,32.99,33.72,33.95,33.48,,33.72,,,786893,26425060.86,4238,F1,1,,,,,
2026-09-25,2026-09-25,CM,NSE,STK,761494,INE00SW01015,BCPL,EQ,,,,,BCPL RAILWAY INFRA LTD,69.60,69.60,67.31,67.70,68.49,68.40,,67.88,,,13828,942930.22,294,F1,1,,,,,
2026-09-25,2026-09-25,CM,NSE,STK,23922,INE639X01027,BEACON,SM,,,,,BEACON TRUSTEESHIP LTD,84.20,88.50,84.20,87.95,88.50,85.90,,87.95,,,5000,436100.00,5,F1,1000,,,,,
2026-09-25,2026-09-25,CM,NSE,STK,17933,INE520H01022,BEARDSELL,EQ,,,,,BEARDSELL LIMITED,24.15,24.68,24.11,24.47,24.50,24.11,,24.47,,,8623,210973.53,91,F1,1,,,,,
2026-09-25,2026-09-25,CM,NSE,STK,20196,INE844K01012,BEDMUTHA,EQ,,,,,BEDMUTHA INDUST LTD,103.01,113.00,102.20,110.71,109.00,103.05,,110.80,,,17660,1898728.80,196,F1,1,,,,,
2026-09-25,2026-09-25,CM,NSE,STK,762573,INE213D01015,BEEKAY,EQ,,,,,BEEKAY STEEL INDS. LTD.,425.00,448.35,425.00,430.15,430.10,426.40,,430.15,,,1342,583119.85,119,F1,1,,,,,
2026-09-25,2026-09-25,CM,NSE,STK,765291,INE1EEM01017,BLEL,EQ,,,,,BEHARI LAL ENGINEERING L,449.10,462.00,435.05,456.75,453.70,447.30,,456.69,,,532067,239906068.05,17516,F1,1,,,,,
2026-09-25,2026-09-25,CM,NSE,STK,757938,INE344T01014,BELLACASA,EQ,,,,,BELLA CASA FASH AND RET L,277.79,283.00,264.78,274.98,271.22,272.34,,275.00,,,14505,3915517.48,766,F1,1,,,,,
2026-09-25,2026-09-25,CM,NSE,STK,757102,INE894V01022,BELRISE,EQ,,,,,BELRISE INDUSTRIES LTD,245.00,249.75,243.43,247.92,247.00,243.63,,247.94,,,3073786,759815514.93,38627,F1,1,,,,,
2026-09-25,2026-09-25,CM,NSE,STK,15067,INE0N7W01012,BLAL,EQ,,,,,BEML LAND ASSETS LIMITED,162.94,167.68,160.01,161.96,161.50,162.83,,161.95,,,41047,6648665.78,753,F1,1,,,,,
2026-09-25,2026-09-25,CM,NSE,STK,395,INE258A01024,BEML,EQ,,,,,BEML LIMITED,2048.50,2057.70,2025.20,2036.50,2035.00,2044.40,,2036.47,,,116211,237049737.40,10362,F1,1,,,,,
2026-09-25,2026-09-25,CM,NSE,STK,764618,INE664D01019,BENARAS,EQ,,,,,BENARES HOTELS LTD.,10299.00,10299.00,10202.00,10224.00,10202.00,10299.00,,10237.86,,,51,521553.00,27,F1,1,,,,,
2026-09-25,2026-09-25,CM,NSE,STK,762578,INE083K01017,BENGALASM,EQ,,,,,BENGAL & ASSAM CO. LTD.,6138.00,6150.00,6003.00,6093.00,6149.50,6126.00,,6000.52,,,106,647505.00,36,F1,1,,,,,
2026-09-25,2026-09-25,CM,NSE,STK,404,INE463A01038,BERGEPAINT,EQ,,,,,BERGER PAINTS (I) LTD,451.90,459.00,449.80,458.35,456.10,449.40,,458.34,,,219110,99915593.75,12062,F1,1,,,,,
2026-09-25,2026-09-25,CM,NSE,STK,2306,INE052T01021,BESTAGRO,EQ,,,,,BEST AGROLIFE LIMITED,18.36,18.74,17.55,18.24,18.20,18.19,,18.24,,,765101,13814765.20,2138,F1,1,,,,,
2026-09-25,2026-09-25,CM,NSE,STK,759842,INE351Y01019,BETA,EQ,,,,,BETA DRUGS LIMITED,2093.40,2117.90,2065.70,2098.70,2100.00,2093.40,,2098.70,,,10464,21855454.10,1461,F1,1,,,,,
2026-09-25,2026-09-25,CM,NSE,STK,5662,INE0HQI01014,BEWLTD,SM,,,,,BEW ENGINEERING LIMITED,74.30,75.50,66.90,67.65,68.35,74.30,,67.65,,,71000,5087200.00,106,F1,500,,,,,
2026-09-25,2026-09-25,CM,NSE,STK,21113,INE878K01010,BFINVEST,EQ,,,,,BF INVESTMENT LIMITED,439.55,444.85,435.60,442.40,441.00,439.55,,442.42,,,14882,6569782.40,762,F1,1,,,,,
2026-09-25,2026-09-25,CM,NSE,STK,14567,INE243D01012,BFUTILITIE,EQ,,,,,BF UTILITIES LIMITED,527.65,536.30,522.00,524.45,523.60,525.45,,524.46,,,52034,27389545.20,2212,F1,1,,,,,
2026-09-25,2026-09-25,CM,NSE,STK,764183,INF0QA701CI0,BANK10BETF,EQ,,,,,BFAM - BANK10BETF,20.14,20.28,20.14,20.25,20.25,20.17,,20.25,,,5108,103229.63,12,F1,1,,,,,
2026-09-25,2026-09-25,CM,NSE,STK,21986,INF0QA701714,BANKBETF,EQ,,,,,BFAM - BANKBETF,56.64,56.75,56.34,56.61,56.61,56.52,,56.61,,,52348,2963409.40,291,F1,1,,,,,
2026-09-25,2026-09-25,CM,NSE,STK,23915,INF0QA701854,LIQUIDBETF,EQ,,,,,BFAM - LIQUIDBETF,1100.49,1100.49,1100.47,1100.48,1100.49,1100.05,,1100.48,,,510890,562224674.71,131,F1,1,,,,,
2026-09-25,2026-09-25,CM,NSE,STK,21959,INF0QA701722,NIFTYBETF,EQ,,,,,BFAM - NIFTYBETF,238.14,239.35,237.24,239.10,239.35,238.03,,239.10,,,1388,330528.00,100,F1,1,,,,,
2026-09-25,2026-09-25,CM,NSE,STK,15193,INE661I01014,BGRENERGY,BE,,,,,BGR ENERGY SYSTEMS LTD,252.98,259.53,248.00,255.81,257.00,251.53,,255.57,,,28236,7167269.46,394,F1,1,,,,,
2026-09-25,2026-09-25,CM,NSE,STK,758228,INE0ZRC01017,BHADORA,ST,,,,,BHADORA INDUSTRIES LTD,126.60,127.00,120.25,126.70,126.80,126.50,,126.70,,,42000,5228280.00,33,F1,1200,,,,,
2026-09-25,2026-09-25,CM,NSE,STK,13400,INE354C01027,BHAGERIA,EQ,,,,,BHAGERIA INDUSTRIES LTD,361.00,395.60,361.00,394.60,394.95,359.65,,394.57,,,933103,364833164.15,12120,F1,1,,,,,
2026-09-25,2026-09-25,CM,NSE,STK,6164,INE414D01027,BHAGCHEM,EQ,,,,,BHAGIRADHA CHEM & INDS L,244.00,246.95,242.85,245.60,245.00,244.85,,245.60,,,65273,15998742.50,852,F1,1,,,,,
2026-09-25,2026-09-25,CM,NSE,STK,20776,INE458B01036,BHAGYANGR,EQ,,,,,BHAGYANAGAR INDIA LIMITED,430.05,437.65,422.30,425.55,423.05,432.30,,425.55,,,91739,39192677.55,5073,F1,1,,,,,
2026-09-25,2026-09-25,CM,NSE,STK,19556,INE474E01029,BHANDARI,EQ,,,,,BHANDARI HOSIERY EXP LTD,2.93,2.97,2.91,2.93,2.93,2.93,,2.93,,,69403,203278.32,169,F1,1,,,,,
2026-09-25,2026-09-25,CM,NSE,STK,419,INE922A01025,BEPL,EQ,,,,,BHANSALI ENG. POLYMERS LT,127.09,129.30,126.02,126.43,126.29,127.09,,126.43,,,872863,110830321.72,7805,F1,1,,,,,
2026-09-25,2026-09-25,CM,NSE,STK,13761,INE464A01036,BBL,EQ,,,,,BHARAT BIJLEE LTD,2202.90,2212.20,2148.00,2162.90,2161.00,2203.10,,2162.92,,,30435,65990732.90,3760,F1,1,,,,,
2026-09-25,2026-09-25,CM,NSE,STK,760726,INE05XR01022,BHARATCOAL,EQ,,,,,BHARAT COKING COAL LTD,32.13,32.26,31.85,32.03,32.00,32.13,,32.03,,,2871997,92099470.54,14648,F1,1,,,,,
2026-09-25,2026-09-25,CM,NSE,STK,2144,INE171Z01026,BDL,EQ,,,,,BHARAT DYNAMICS LIMITED,1155.00,1166.70,1138.30,1140.00,1140.00,1155.00,,1140.08,,,936577,1075856827.70,38846,F1,1,,,,,
2026-09-25,2026-09-25,CM,NSE,STK,383,INE263A01024,BEL,EQ,,,,,BHARAT ELECTRONICS LTD,392.00,394.55,388.60,393.55,393.55,392.00,,393.51,,,6083441,2383327213.10,95863,F1,1,,,,,
2026-09-25,2026-09-25,CM,NSE,STK,422,INE465A01025,BHARATFORG,EQ,,,,,BHARAT FORGE LTD,1991.20,2009.10,1982.00,2008.00,2008.00,1998.90,,2007.99,,,549393,1095203533.10,27151,F1,1,,,,,
2026-09-25,2026-09-25,CM,NSE,STK,9397,INE561C01019,BHARATGEAR,BE,,,,,BHARAT GEARS LTD,100.40,101.99,100.00,101.51,101.50,100.33,,101.50,,,12275,1242508.18,86,F1,1,,,,,
2026-09-25,2026-09-25,CM,NSE,STK,764623,INE365Y01019,BPLPHARMA,EQ,,,,,BHARAT PARENTERALS LTD.,1578.90,1898.00,1570.10,1898.00,1898.00,1581.70,,1897.97,,,35202,64058586.80,2342,F1,1,,,,,
2026-09-25,2026-09-25,CM,NSE,STK,526,INE029A01011,BPCL,EQ,,,,,BHARAT PETROLEUM CORP  LT,308.10,309.40,305.80,308.50,308.50,307.10,,308.46,,,1893466,582486820.45,20754,F1,1,,,,,
2026-09-25,2026-09-25,CM,NSE,STK,3834,INE838B01021,BHARATRAS,EQ,,,,,BHARAT RASAYAN LTD,1122.20,1122.20,1090.10,1096.80,1091.10,1114.00,,1096.69,,,36304,39988609.80,3271,F1,1,,,,,
2026-09-25,2026-09-25,CM,NSE,STK,21683,INE727S01012,BRNL,EQ,,,,,BHARAT ROAD NETWORK LTD,16.42,17.37,16.26,16.69,16.69,16.71,,16.69,,,21702,360615.10,228,F1,1,,,,,
2026-09-25,2026-09-25,CM,NSE,STK,30244,INE415D01024,BHARATSE,EQ,,,,,BHARAT SEATS LIMITED,218.98,218.98,212.42,214.09,214.70,217.55,,214.09,,,68904,14766028.28,3857,F1,1,,,,,
2026-09-25,2026-09-25,CM,NSE,STK,16123,INE316L01019,BHARATWIRE,EQ,,,,,BHARAT WIRE ROPES LTD.,166.00,166.91,163.00,164.97,164.15,165.34,,165.02,,,106706,17621089.89,2565,F1,1,,,,,
2026-09-25,2026-09-25,CM,NSE,STK,10604,INE397D01024,BHARTIARTL,EQ,,,,,BHARTI AIRTEL LIMITED,1794.00,1801.70,1785.00,1785.40,1785.40,1795.80,,1785.40,,,4766200,8541617484.90,206076,F1,1,,,,,
2026-09-25,2026-09-25,CM,NSE,STK,23489,INE343G01021,BHARTIHEXA,EQ,,,,,BHARTI HEXACOM LIMITED,1505.20,1505.20,1477.00,1481.80,1479.90,1507.20,,1481.82,,,76049,112903471.50,9802,F1,1,,,,,
2026-09-25,2026-09-25,CM,NSE,STK,7848,INE828A01016,BIL,EQ,,,,,BHARTIYA INTERNATIONAL,1031.00,1031.00,1001.10,1010.85,1005.00,1010.25,,1010.80,,,4693,4749998.75,601,F1,1,,,,,
2026-09-25,2026-09-25,CM,NSE,STK,438,INE257A01026,BHEL,EQ,,,,,BHEL,417.75,423.00,411.80,418.95,418.95,415.35,,418.95,,,6852409,2858194653.35,61864,F1,1,,,,,
2026-09-25,2026-09-25,CM,NSE,STK,762621,INE274K01012,BTTL,BE,,,,,BHILWARA TECHNICAL TEXT L,39.00,40.88,39.00,40.50,40.50,39.00,,40.03,,,1930,77393.80,13,F1,1,,,,,
2026-09-25,2026-09-25,CM,NSE,STK,18431,INE412U01025,BIGBLOC,EQ,,,,,BIGBLOC CONSTRUCTION LTD,40.90,40.99,39.01,40.01,39.76,40.56,,40.01,,,38486,1543664.89,703,F1,1,,,,,
2026-09-25,2026-09-25,CM,NSE,STK,11966,INE00E101023,BIKAJI,EQ,,,,,BIKAJI FOODS INTERN LTD,575.20,579.75,565.15,573.95,569.45,575.20,,573.89,,,71004,40540892.30,5277,F1,1,,,,,
2026-09-25,2026-09-25,CM,NSE,STK,25527,INE0SQH01013,BIKEWO,ST,,,,,BIKEWO GREEN TECH LIMITED,122.10,122.10,120.35,120.35,120.35,122.80,,120.35,,,74000,8948000.00,23,F1,2000,,,,,
2026-09-25,2026-09-25,CM,NSE,STK,13622,INE071A01013,BILVYAPAR,BE,,,,,BIL VYAPAR LIMITED,4.29,4.40,4.18,4.39,4.40,4.29,,4.39,,,6506,27822.44,26,F1,1,,,,,
2026-09-25,2026-09-25,CM,NSE,STK,762586,INE986A01012,BI,BE,,,,,BILCARE LTD.,100.72,100.72,100.72,100.72,100.72,102.77,,104.39,,,6526,657298.72,21,F1,1,,,,,
2026-09-25,2026-09-25,CM,NSE,STK,759806,INE0HOQ01053,GROWW,EQ,,,,,BILLIONBRAINS GARAGE VN L,186.55,189.40,185.00,187.06,187.25,186.55,,187.07,,,14081481,2630691802.88,127467,F1,1,,,,,
2026-09-25,2026-09-25,CM,NSE,STK,762588,INE469A01019,BIMETAL,EQ,,,,,BIMETAL BEARINGS LTD.,660.00,661.00,648.00,648.00,648.00,659.10,,648.00,,,107,70620.00,7,F1,1,,,,,
2026-09-25,2026-09-25,CM,NSE,STK,763598,INE1BKA01015,BMLL,SM,,,,,BIO MEDICA LABORATORIES L,163.00,166.00,161.95,164.50,163.00,168.50,,164.50,,,35000,5712450.00,24,F1,1000,,,,,
2026-09-25,2026-09-25,CM,NSE,STK,11373,INE376G01013,BIOCON,EQ,,,,,BIOCON LIMITED.,387.50,388.70,380.50,382.15,382.15,387.00,,381.85,,,2694397,1035636000.60,40899,F1,1,,,,,
2026-09-25,2026-09-25,CM,NSE,STK,4136,INE829A01014,BIOFILCHEM,EQ,,,,,BIOFIL CHEM & PHARMA LTD,32.11,32.98,32.11,32.44,32.40,32.33,,32.44,,,5741,186381.20,105,F1,1,,,,,
2026-09-25,2026-09-25,CM,NSE,STK,760942,INE0XW001014,BIOPOL,SM,,,,,BIOPOL CHEMICALS LIMITED,46.60,47.25,46.60,46.70,46.70,47.60,,46.70,,,3600,168660.00,3,F1,1200,,,,,
2026-09-25,2026-09-25,CM,NSE,STK,477,INE800A01015,BIRLACABLE,EQ,,,,,BIRLA CABLE LIMITED,350.90,362.45,331.00,362.45,362.45,345.20,,362.60,,,488468,171559926.40,11372,F1,1,,,,,
2026-09-25,2026-09-25,CM,NSE,STK,480,INE340A01012,BIRLACORPN,EQ,,,,,BIRLA CORPORATION LTD,840.90,855.00,834.20,850.30,852.40,840.90,,850.30,,,35349,29924188.95,3250,F1,1,,,,,
2026-09-25,2026-09-25,CM,NSE,STK,762596,INE372E01025,BIRLAPREC,BE,,,,,BIRLA PRECISION TECH L,56.47,57.47,54.15,55.03,55.45,56.47,,54.94,,,80065,4418004.48,375,F1,1,,,,,
2026-09-25,2026-09-25,CM,NSE,STK,1455,INE557A01011,BIRLANU,EQ,,,,,BIRLANU LIMITED,1414.80,1448.90,1383.10,1438.80,1425.00,1421.30,,1438.81,,,10226,14471724.00,1307,F1,1,,,,,
2026-09-25,2026-09-25,CM,NSE,STK,24404,INF209KC1134,ABGSEC,EQ,,,,,BIRLASLAMC - ABGSEC,113.77,113.77,113.26,113.26,113.26,113.95,,113.26,,,1021,116156.11,6,F1,1,,,,,
2026-09-25,2026-09-25,CM,NSE,STK,760247,INF209KC1670,ABSL10BANK,EQ,,,,,BIRLASLAMC - ABSL10BANK,163.98,164.75,163.71,164.19,164.39,164.16,,164.19,,,174,28577.77,12,F1,1,,,,,
2026-09-25,2026-09-25,CM,NSE,STK,13987,INF209KB17D5,ABSLBANETF,EQ,,,,,BIRLASLAMC - ABSLBANETF,57.26,57.26,56.88,57.05,56.94,57.26,,57.05,,,9293,530101.19,179,F1,1,,,,,
2026-09-25,2026-09-25,CM,NSE,STK,14518,INF209KB18T9,ABSLLIQUID,EQ,,,,,BIRLASLAMC - ABSLLIQUID,1000.01,1000.01,999.99,1000.00,1000.00,1000.01,,1000.00,,,802,801998.26,10,F1,1,,,,,
2026-09-25,2026-09-25,CM,NSE,STK,761066,INF209KC1662,ABSLMSCIN,EQ,,,,,BIRLASLAMC - ABSLMSCIN,28.59,28.59,28.37,28.47,28.47,28.51,,28.47,,,25,712.31,4,F1,1,,,,,
2026-09-25,2026-09-25,CM,NSE,STK,7339,INF209KB16D7,ABSLNN50ET,EQ,,,,,BIRLASLAMC - ABSLNN50ET,75.30,75.70,75.00,75.51,75.60,75.26,,75.53,,,2718,205042.38,155,F1,1,,,,,
2026-09-25,2026-09-25,CM,NSE,STK,5957,INF209KB10E8,BSLSENETFG,EQ,,,,,BIRLASLAMC - BSLSENETFG,74.63,74.83,74.09,74.71,74.83,74.42,,74.82,,,4921,366480.77,83,F1,1,,,,,
2026-09-25,2026-09-25,CM,NSE,STK,24847,INF209KC1142,GSEC10ABSL,EQ,,,,,BIRLASLAMC - GSEC10ABSL,111.63,111.63,111.63,111.63,111.63,112.00,,111.63,,,6,669.78,3,F1,1,,,,,
2026-09-25,2026-09-25,CM,NSE,STK,6297,INF209KB10C2,HEALTHY,EQ,,,,,BIRLASLAMC - HEALTHY,17.22,17.34,17.09,17.17,17.18,17.22,,17.17,,,318507,5476141.06,987,F1,1,,,,,
2026-09-25,2026-09-25,CM,NSE,STK,10693,INF209KB14K7,MOMENTUM,EQ,,,,,BIRLASLAMC - MOMENTUM,31.28,31.28,30.42,30.63,30.62,30.67,,30.63,,,20064,614862.22,189,F1,1,,,,,
2026-09-25,2026-09-25,CM,NSE,STK,10690,INF209KB15K4,NIFTYQLITY,EQ,,,,,BIRLASLAMC - NIFTYQLITY,20.50,20.50,20.27,20.37,20.37,20.34,,20.36,,,17402,354876.63,155,F1,1,,,,,
2026-09-25,2026-09-25,CM,NSE,STK,8003,INF209KB19F6,SILVER,EQ,,,,,BIRLASLAMC - SILVER,227.20,228.65,225.13,228.33,228.65,225.73,,228.33,,,476881,108266598.69,7037,F1,1,,,,,
2026-09-25,2026-09-25,CM,NSE,STK,6462,INF209KB11D8,TECH,EQ,,,,,BIRLASLAMC - TECH,31.24,32.10,30.50,30.92,30.92,30.95,,30.92,,,27693,852963.92,203,F1,1,,,,,
2026-09-25,2026-09-25,CM,NSE,STK,23806,INF209KB19Z4,ABSLPSE,EQ,,,,,BIRLASLAMC-ABSLPSE,10.01,10.17,9.93,9.97,9.99,9.97,,9.98,,,99280,988628.38,383,F1,1,,,,,
2026-09-25,2026-09-25,CM,NSE,STK,6994,INE836A01035,BSOFT,EQ,,,,,BIRLASOFT LIMITED,277.30,278.15,273.30,274.05,274.20,277.70,,274.05,,,874041,240298027.80,20044,F1,1,,,,,
2026-09-25,2026-09-25,CM,NSE,STK,3435,INE676A01027,BBOX,EQ,,,,,BLACK BOX LIMITED,800.00,832.00,786.05,799.75,800.70,795.40,,799.83,,,814657,658880945.60,46599,F1,1,,,,,
2026-09-25,2026-09-25,CM,NSE,STK,762601,INE761G01016,BLACKROSE,BE,,,,,BLACK ROSE INDS. LTD.,114.95,116.50,112.05,115.82,116.00,112.86,,115.73,,,28521,3284456.41,245,F1,1,,,,,
2026-09-25,2026-09-25,CM,NSE,STK,27144,INE0UIZ01018,BLACKBUCK,EQ,,,,,BLACKBUCK LIMITED,587.95,602.80,584.30,598.95,599.70,592.95,,598.95,,,660012,391522051.45,28507,F1,1,,,,,
2026-09-25,2026-09-25,CM,NSE,STK,8132,INE791A01024,BLBLIMITED,EQ,,,,,BLB LIMITED,17.00,17.59,16.92,17.10,17.04,17.12,,17.10,,,75246,1289480.72,326,F1,1,,,,,
2026-09-25,2026-09-25,CM,NSE,STK,19269,INE416D01022,BLISSGVS,BE,,,,,BLISS GVS PHARMA LTD,685.10,715.00,670.00,704.70,710.00,687.05,,704.73,,,433524,305179935.15,3909,F1,1,,,,,
2026-09-25,2026-09-25,CM,NSE,STK,22566,INE0NLT01010,BLSE,EQ,,,,,BLS E-SERVICES LIMITED,328.45,333.00,322.00,324.55,323.90,326.70,,324.56,,,242706,79586148.60,6261,F1,1,,,,,
2026-09-25,2026-09-25,CM,NSE,STK,17279,INE153T01027,BLS,EQ,,,,,BLS INTL SERVS LTD,223.64,224.70,221.70,224.26,224.30,223.90,,224.26,,,429818,96019162.93,12310,F1,1,,,,,
2026-09-25,2026-09-25,CM,NSE,STK,765040,INE373T01047,BLUECLOUDS,EQ,,,,,BLUE CLOUD SOFTECH SOLU L,20.85,23.57,20.67,22.16,22.39,20.06,,22.16,,,69599422,1573284885.32,275753,F1,1,,,,,
2026-09-25,2026-09-25,CM,NSE,STK,7480,INE472B01011,BLUECOAST,EQ,,,,,BLUE COAST HOTELS LIMITED,21.75,21.75,19.91,21.06,21.02,20.72,,21.06,,,6145,127321.97,80,F1,1,,,,,
2026-09-25,2026-09-25,CM,NSE,STK,495,INE233B01017,BLUEDART,EQ,,,,,BLUE DART EXPRESS LTD,4793.00,4804.50,4712.00,4746.50,4730.10,4793.00,,4746.37,,,7306,34583461.80,2878,F1,1,,,,,
2026-09-25,2026-09-25,CM,NSE,STK,19686,INE0KBH01020,BLUEJET,EQ,,,,,BLUE JET HEALTHCARE LTD,573.75,576.60,563.50,570.65,571.55,573.45,,570.64,,,249831,142192738.50,12470,F1,1,,,,,
2026-09-25,2026-09-25,CM,NSE,STK,23413,INE0SAK01011,BLUEPEBBLE,ST,,,,,BLUE PEBBLE LIMITED,71.25,71.25,71.25,71.25,71.25,71.25,,71.25,,,400,28500.00,1,F1,400,,,,,
2026-09-25,2026-09-25,CM,NSE,STK,8311,INE472A01039,BLUESTARCO,EQ,,,,,BLUE STAR LIMITED,1523.80,1570.60,1503.00,1565.00,1565.00,1525.00,,1566.11,,,570933,884020542.40,28603,F1,1,,,,,
2026-09-25,2026-09-25,CM,NSE,STK,758185,INE0X3M01010,BLUEWATER,ST,,,,,BLUE WATER LOGISTICS LTD,515.00,534.80,515.00,534.75,534.75,509.35,,534.75,,,34000,18133700.00,27,F1,1000,,,,,
2026-09-25,2026-09-25,CM,NSE,STK,759291,INE304W01038,BLUESTONE,EQ,,,,,BLUESTONE JEWEL LFSTL LTD,803.00,816.00,776.90,809.30,806.00,807.15,,809.33,,,2086039,1671039273.75,64526,F1,1,,,,,
2026-09-25,2026-09-25,CM,NSE,STK,757520,INE0U4101014,BLUSPRING,EQ,,,,,BLUSPRING ENTERPRISES LTD,141.28,146.50,139.21,145.12,145.00,140.56,,145.11,,,758518,108860963.79,12675,F1,1,,,,,
2026-09-25,2026-09-25,CM,NSE,STK,759256,INE965W01036,BMWVENTLTD,EQ,,,,,BMW VENTURES LIMITED,52.68,52.75,52.00,52.17,52.15,52.23,,52.18,,,43483,2277888.36,661,F1,1,,,,,
2026-09-25,2026-09-25,CM,NSE,STK,762608,INE00HZ01011,BNAGROCHEM,EQ,,,,,BN AGROCHEM LTD.,210.20,210.20,198.00,208.40,209.00,207.99,,208.40,,,1315,274836.00,14,F1,1,,,,,
2026-09-25,2026-09-25,CM,NSE,STK,760821,INE00XL07015,975BNAL28,N0,,,,,BNAL 9.75% 2028 SR TR 1,10135.00,10135.00,10135.00,10135.00,10135.00,9800.00,,10135.00,,,1,10135.00,1,F1,1,,,,,
2026-09-25,2026-09-25,CM,NSE,STK,25017,INE338D01028,BODALCHEM,EQ,,,,,BODAL CHEMICALS LTD,197.03,204.00,192.58,202.02,202.40,195.08,,202.01,,,1397350,278864727.12,13705,F1,1,,,,,
2026-09-25,2026-09-25,CM,NSE,STK,14150,INE0EEJ01023,BTML,EQ,,,,,BODHI TREE MULTIMEDIA LTD,7.00,8.00,6.90,7.46,7.33,6.97,,7.46,,,623099,4553282.21,482,F1,1,,,,,
2026-09-25,2026-09-25,CM,NSE,STK,11640,INE802W01023,BOHRAIND,EQ,,,,,BOHRA INDUSTRIES LIMITED,15.00,16.39,14.15,15.97,15.70,14.93,,15.97,,,75819,1186761.56,336,F1,1,,,,,
2026-09-25,2026-09-25,CM,NSE,STK,380,INE050A01025,BBTC,EQ,,,,,BOMBAY BURMAH TRADING COR,1448.50,1455.80,1426.10,1435.20,1434.70,1437.40,,1435.20,,,31881,45720655.50,2987,F1,1,,,,,
2026-09-25,2026-09-25,CM,NSE,STK,513,INE032A01023,BOMDYEING,EQ,,,,,BOMBAY DYEING & MFG. CO L,109.50,110.87,108.31,109.83,109.68,109.63,,109.83,,,277583,30388462.24,2828,F1,1,,,,,
2026-09-25,2026-09-25,CM,NSE,STK,6052,INE0I3Y01014,BMETRICS,SM,,,,,BOMBAY METRICS S C LTD,38.85,41.40,38.85,41.40,41.40,34.50,,41.40,,,27200,1085840.00,22,F1,800,,,,,
2026-09-25,2026-09-25,CM,NSE,STK,809,INE032Z01020,BSHSL,EQ,,,,,BOMBAY SUPER HYBRID SEEDS,85.00,88.00,85.00,86.90,86.90,87.16,,87.58,,,1808,156840.34,81,F1,1,,,,,
2026-09-25,2026-09-25,CM,NSE,STK,29607,INE053F07595,704IRFC28,N6,,,,,BOND 7.04% PA TAX FREE S2,1143.90,1143.90,1086.01,1086.01,1086.01,1124.99,,1086.01,,,24,26758.92,2,F1,1,,,,,
2026-09-25,2026-09-25,CM,NSE,STK,31128,INE053F07538,810IRFC27,N2,,,,,BOND 8.10% PA TAX FREE S2,1087.00,1087.00,1087.00,1087.00,1087.00,1087.00,,1087.00,,,50,54350.00,2,F1,1,,,,,
2026-09-25,2026-09-25,CM,NSE,STK,31040,INE906B07CB9,830NHAI27,N2,,,,,BOND 8.30% PA TAX FREE S2,1004.90,1006.50,1004.75,1005.68,1005.74,1004.60,,1005.68,,,923,927965.13,25,F1,1,,,,,
2026-09-25,2026-09-25,CM,NSE,STK,603,INE053F07686,865IRFC29,NA,,,,,BOND 8.65% PA TF TI-SIIB,1107.45,1107.45,1107.40,1107.45,1107.45,1107.40,,1107.45,,,126,139533.70,5,F1,1,,,,,
2026-09-25,2026-09-25,CM,NSE,STK,31967,INE557F07108,863NHB34,N3,,,,,BOND 8.76%PA TF TR-I S 3A,6400.00,6400.00,6400.00,6400.00,6400.00,6275.00,,6400.00,,,10,64000.00,1,F1,1,,,,,
2026-09-25,2026-09-25,CM,NSE,STK,31970,INE557F07132,901NHB34,N6,,,,,BOND 9.01%PA TF TR-I S 3B,6405.00,6410.00,6405.00,6410.00,6410.00,6390.00,,6410.00,,,33,211490.00,3,F1,1,,,,,
2026-09-25,2026-09-25,CM,NSE,STK,761056,INE0B9A01018,BONLON,EQ,,,,,BONLON INDUSTRIES LIMITED,41.32,41.90,39.61,41.10,41.55,41.32,,41.08,,,11772,482777.40,269,F1,1,,,,,
2026-09-25,2026-09-25,CM,NSE,STK,757919,INE16SF01016,BORANA,EQ,,,,,BORANA WEAVES LIMITED,291.00,292.45,286.00,288.00,289.50,291.00,,288.07,,,24916,7203786.15,817,F1,1,,,,,
2026-09-25,2026-09-25,CM,NSE,STK,19401,INE02PY01013,BOROLTD,EQ,,,,,BOROSIL LIMITED,260.60,274.60,258.92,264.80,268.39,259.31,,264.79,,,1348123,358304435.86,24723,F1,1,,,,,
2026-09-25,2026-09-25,CM,NSE,STK,3149,INE666D01022,BORORENEW,EQ,,,,,BOROSIL RENEWABLES LTD,460.00,460.25,450.50,455.15,456.10,459.75,,455.15,,,289701,131720611.50,10075,F1,1,,,,,
2026-09-25,2026-09-25,CM,NSE,STK,24014,INE02L001032,BOROSCI,EQ,,,,,BOROSIL SCIENTIFIC LTD,115.88,118.49,115.05,115.55,115.30,115.77,,115.55,,,61474,7127906.34,1097,F1,1,,,,,
2026-09-25,2026-09-25,CM,NSE,STK,4491,INE782A01015,BOSCH-HCIL,EQ,,,,,BOSCH HOME COMFRT IND LTD,1748.00,1843.50,1727.20,1811.60,1823.00,1730.00,,1811.54,,,98241,177012523.40,11366,F1,1,,,,,
2026-09-25,2026-09-25,CM,NSE,STK,2181,INE323A01026,BOSCHLTD,EQ,,,,,BOSCH LIMITED,47700.00,48445.00,47700.00,48250.00,48250.00,47750.00,,48238.07,,,18852,907058045.00,9458,F1,1,,,,,
2026-09-25,2026-09-25,CM,NSE,STK,530,INE110A01019,BPL,EQ,,,,,BPL LTD,45.10,45.49,44.54,44.98,45.00,44.85,,44.98,,,27183,1222061.72,366,F1,1,,,,,
2026-09-25,2026-09-25,CM,NSE,STK,24905,INE0R4Z01018,BRACEPORT,SM,,,,,BRACE PORT LOGISTICS LTD,69.45,69.45,69.45,69.45,69.45,70.50,,69.45,,,1600,111120.00,1,F1,1600,,,,,
2026-09-25,2026-09-25,CM,NSE,STK,764628,INE320I01017,BRAHMINFRA,EQ,,,,,BRAHMAPUTRA INFRA L,157.90,157.90,146.01,147.80,149.40,153.13,,147.89,,,41413,6190296.62,427,F1,1,,,,,
2026-09-25,2026-09-25,CM,NSE,STK,24814,INE02RE01045,FIRSTCRY,EQ,,,,,BRAINBEES SOLUTIONS LTD,179.63,181.33,176.00,180.83,180.52,179.63,,180.83,,,3472092,620705408.16,35616,F1,1,,,,,
2026-09-25,2026-09-25,CM,NSE,STK,7780,INE977Y01011,BCONCEPTS,EQ,,,,,BRAND CONCEPTS LIMITED,151.00,152.74,147.71,148.16,148.01,151.32,,148.17,,,20843,3104200.79,635,F1,1,,,,,
2026-09-25,2026-09-25,CM,NSE,STK,760972,INE0XUD01014,BRANDMAN,SM,,,,,BRANDMAN RETAIL LIMITED,165.50,169.00,161.70,167.10,168.00,160.60,,167.10,,,16000,2664080.00,17,F1,800,,,,,
2026-09-25,2026-09-25,CM,NSE,STK,15184,INE791I01019,BRIGADE,EQ,,,,,BRIGADE ENTER. LTD,606.20,610.00,595.40,597.90,596.90,606.20,,597.91,,,242813,145534591.00,20094,F1,1,,,,,
2026-09-25,2026-09-25,CM,NSE,STK,757794,INE03NU01014,BRIGHOTEL,EQ,,,,,BRIGADE HOTEL VENTURE LTD,56.11,56.94,55.75,56.13,55.80,56.11,,56.12,,,71084,3982565.82,1858,F1,1,,,,,
2026-09-25,2026-09-25,CM,NSE,STK,764633,INE630D01010,BRIGHTBR,EQ,,,,,BRIGHT BROTHERS LTD.,240.50,247.00,237.10,240.35,246.00,240.50,,239.09,,,1236,296857.80,67,F1,1,,,,,
2026-09-25,2026-09-25,CM,NSE,STK,8833,INE425B01027,BCG,EQ,,,,,BRIGHTCOM GROUP LIMITED,9.51,9.62,9.35,9.55,9.57,9.46,,9.55,,,3523610,33399837.24,4268,F1,1,,,,,
2026-09-25,2026-09-25,CM,NSE,STK,547,INE216A01030,BRITANNIA,EQ,,,,,BRITANNIA INDUSTRIES LTD,4900.50,4939.50,4883.00,4937.50,4937.50,4895.00,,4937.51,,,107642,528974912.00,13196,F1,1,,,,,
2026-09-25,2026-09-25,CM,NSE,STK,2203,INE0FDU25010,BIRET,RR,,,,,BROOKFIELD INDIA RET,338.40,338.89,335.56,337.99,338.00,336.98,,337.99,,,331171,111733679.12,7657,F1,1,,,,,
2026-09-25,2026-09-25,CM,NSE,STK,25136,INE650L01011,BROOKS,EQ,,,,,BROOKS LAB LIMITED,61.08,61.10,58.15,59.01,58.99,59.40,,59.01,,,31872,1886743.08,375,F1,1,,,,,
2026-09-25,2026-09-25,CM,NSE,STK,19585,INE118H01025,BSE,EQ,,,,,BSE LIMITED,3206.10,3209.70,3155.30,3191.50,3191.50,3183.80,,3191.50,,,4501619,14316525137.80,155125,F1,1,,,,,
2026-09-25,2026-09-25,CM,NSE,STK,559,INE594B01012,BSL,EQ,,,,,BSL LTD,120.30,122.48,119.10,120.64,120.02,120.90,,120.08,,,2183,261476.24,66,F1,1,,,,,
2026-09-25,2026-09-25,CM,NSE,STK,2716,INE295F01017,BUTTERFLY,EQ,,,,,BTRFLY GANDHI APPL LTD,565.30,572.90,560.25,566.70,565.55,568.30,,566.71,,,11663,6605711.30,599,F1,1,,,,,
2026-09-25,2026-09-25,CM,NSE,STK,24704,INE0SZ301012,BULKCORP,ST,,,,,BULKCORP INTERNATIONAL L,81.80,81.80,81.80,81.80,81.80,78.00,,81.80,,,1200,98160.00,1,F1,1200,,,,,
2026-09-25,2026-09-25,CM,NSE,STK,15198,INE817H01022,BURNPUR,BE,,,,,BURNPUR CEMENT LIMITED,15.60,15.79,15.05,15.32,15.39,15.62,,15.32,,,23802,362575.96,222,F1,1,,,,,
2026-09-25,2026-09-25,CM,NSE,STK,764643,INE084D01010,CGVAK,EQ,,,,,C G V A K SOFTWARE & EX L,148.00,156.21,146.00,153.41,154.00,148.11,,153.65,,,7674,1151036.21,111,F1,1,,,,,
2026-09-25,2026-09-25,CM,NSE,STK,760854,INE0SMX01019,CKKRETAIL,SM,,,,,C K K RETAIL MART LIMITED,178.00,178.00,173.00,176.70,175.10,178.35,,176.70,,,377600,66440120.00,75,F1,800,,,,,
2026-09-25,2026-09-25,CM,NSE,STK,7227,INE0BV301023,MAPMYINDIA,EQ,,,,,C.E. INFO SYSTEMS LIMITED,881.40,894.30,873.60,881.90,884.00,882.80,,881.89,,,76763,67798920.40,5282,F1,1,,,,,
2026-09-25,2026-09-25,CM,NSE,STK,27274,INE0U7V01015,C2C,SM,,,,,C2C ADVANCED SYSTEMS LTD,175.00,179.00,165.00,167.15,166.70,173.30,,167.15,,,145950,24769425.00,661,F1,150,,,,,
2026-09-25,2026-09-25,CM,NSE,STK,21823,INE090Y01013,CADSYS,SM,,,,,CADSYS (INDIA) LIMITED,43.70,43.70,43.70,43.70,43.70,46.00,,43.70,,,500,21850.00,1,F1,500,,,,,
2026-09-25,2026-09-25,CM,NSE,STK,764255,INE11XY01018,CMLL,EQ,,,,,CALIBER MINING AND LOG L,508.70,519.65,500.65,516.85,517.55,506.25,,516.85,,,336329,172638253.55,21033,F1,1,,,,,
2026-09-25,2026-09-25,CM,NSE,STK,8400,INE526B01014,CALSOFT,BE,,,,,CALIFORNIA SOFTWARE CO LT,37.78,37.90,36.12,36.12,36.12,38.02,,36.15,,,227209,8344675.50,1019,F1,1,,,,,
2026-09-25,2026-09-25,CM,NSE,STK,14222,INE627H01017,CTE,BE,,,,,CAMBRIDGE TECH ENTER LTD,43.79,44.00,42.40,43.48,43.40,43.79,,43.51,,,2620,113981.36,36,F1,1,,,,,
2026-09-25,2026-09-25,CM,NSE,STK,6216,INE052I01032,CAMLINFINE,EQ,,,,,CAMLIN FINE SCIENCES LTD,97.90,97.90,96.02,97.30,97.28,97.25,,97.30,,,386533,37478823.85,4315,F1,1,,,,,
2026-09-25,2026-09-25,CM,NSE,STK,9362,INE278Y01022,CAMPUS,EQ,,,,,CAMPUS ACTIVEWEAR LIMITED,210.97,211.07,207.20,209.99,210.80,210.95,,209.99,,,347831,72654963.52,8453,F1,1,,,,,
2026-09-25,2026-09-25,CM,NSE,STK,583,INE477A01020,CANFINHOME,EQ,,,,,CAN FIN HOMES LTD,743.40,758.00,736.35,753.25,753.40,743.15,,753.25,,,352616,264267252.45,18037,F1,1,,,,,
2026-09-25,2026-09-25,CM,NSE,STK,10794,INE476A01022,CANBK,EQ,,,,,CANARA BANK,125.79,126.70,124.80,124.99,124.99,125.90,,124.99,,,8341932,1044698284.51,38624,F1,1,,,,,
2026-09-25,2026-09-25,CM,NSE,STK,759477,INE01TY01017,CANHLIFE,EQ,,,,,CANARA HSBC LIFE INS CO L,150.21,151.70,146.00,150.70,150.90,151.51,,150.71,,,620247,92388763.80,17365,F1,1,,,,,
2026-09-25,2026-09-25,CM,NSE,STK,759311,INE218I01013,CRAMC,EQ,,,,,CANARA ROBECO AMC LIMITED,228.75,231.90,227.60,230.45,230.15,228.80,,230.45,,,153397,35218638.45,3545,F1,1,,,,,
2026-09-25,2026-09-25,CM,NSE,STK,19368,INE0QG301017,CANARYS,SM,,,,,CANARYS AUTOMATIONS LTD,30.15,31.10,30.15,30.35,30.30,30.80,,30.35,,,116000,3551200.00,29,F1,4000,,,,,
2026-09-25,2026-09-25,CM,NSE,STK,20160,INE068L01024,CANTABIL,EQ,,,,,CANTABIL RETAIL LTD,239.20,239.94,235.21,236.75,236.00,238.52,,236.76,,,96663,22930688.66,2045,F1,1,,,,,
2026-09-25,2026-09-25,CM,NSE,STK,21749,INE264T01014,CAPACITE,EQ,,,,,CAPACITE INFRAPROJECT LTD,193.40,193.50,188.80,191.14,191.70,192.57,,191.15,,,162257,30913943.82,3099,F1,1,,,,,
2026-09-25,2026-09-25,CM,NSE,STK,759867,INE0ILV01024,CAPILLARY,EQ,,,,,CAPILLARY TECHNO INDIA L,567.05,608.80,556.80,599.45,607.20,567.55,,599.65,,,1297575,767327628.60,43366,F1,1,,,,,
2026-09-25,2026-09-25,CM,NSE,STK,756015,INE345H01024,CIFL,EQ,,,,,CAPITAL INDIA FINANCE LTD,21.33,22.49,20.81,22.04,22.03,21.76,,22.04,,,84467,1810741.14,580,F1,1,,,,,
2026-09-25,2026-09-25,CM,NSE,STK,29157,INE0Z8Z23013,CAPINVIT,IV,,,,,CAPITAL INFRA TRUST,76.84,77.00,75.50,76.59,76.65,76.48,,76.59,,,300612,22959137.82,2148,F1,1,,,,,
2026-09-25,2026-09-25,CM,NSE,STK,22675,INE646H01017,CAPITALSFB,EQ,,,,,CAPITAL SMALL FIN BANK L,278.10,285.50,278.10,282.75,280.25,280.55,,282.73,,,15817,4457767.60,482,F1,1,,,,,
2026-09-25,2026-09-25,CM,NSE,STK,19451,INE707C01018,CAPTRUST,BE,,,,,CAPITAL TRUST LIMITED,18.80,18.87,18.15,18.72,18.75,19.00,,18.72,,,15533,287991.29,83,F1,1,,,,,
2026-09-25,2026-09-25,CM,NSE,STK,3906,INE475E01026,CAPLIPOINT,EQ,,,,,CAPLIN POINT LAB LTD.,2867.00,2909.60,2785.00,2835.10,2835.00,2867.40,,2835.11,,,181149,514253148.00,21886,F1,1,,,,,
2026-09-25,2026-09-25,CM,NSE,STK,20329,INE180C01042,CGCL,EQ,,,,,CAPRI GLOBAL CAPITAL LTD,259.40,260.15,252.50,253.70,253.75,259.40,,253.70,,,984973,251346844.10,12861,F1,1,,,,,
2026-09-25,2026-09-25,CM,NSE,STK,764203,INE536P01021,CPL,EQ,,,,,CAPTAIN POLYPLAST LIMITED,62.54,63.50,62.50,63.23,63.50,62.54,,63.23,,,26032,1642693.05,1089,F1,1,,,,,
2026-09-25,2026-09-25,CM,NSE,STK,595,INE120A01034,CARBORUNIV,EQ,,,,,CARBORUNDUM UNIVERSAL LTD,1292.00,1294.90,1252.00,1278.50,1279.90,1296.50,,1278.49,,,356177,452550321.20,28929,F1,1,,,,,
2026-09-25,2026-09-25,CM,NSE,STK,29113,INE752H01013,CARERATING,EQ,,,,,CARE RATINGS LIMITED,1629.00,1631.00,1608.00,1627.60,1615.00,1616.80,,1627.45,,,14444,23439723.30,3048,F1,1,,,,,
2026-09-25,2026-09-25,CM,NSE,STK,758941,INE0P6P01016,CPEDU,EQ,,,,,CAREER POINT EDUTECH LTD,179.17,180.90,172.50,177.14,176.00,179.17,,176.07,,,1982,345010.60,61,F1,1,,,,,
2026-09-25,2026-09-25,CM,NSE,STK,28879,INE0V7W01012,CARRARO,EQ,,,,,CARRARO INDIA LIMITED,548.00,548.10,533.05,535.00,539.80,550.05,,535.15,,,86135,46424969.10,5745,F1,1,,,,,
2026-09-25,2026-09-25,CM,NSE,STK,5407,INE290S01011,CARTRADE,EQ,,,,,CARTRADE TECH LIMITED,3070.00,3122.20,2970.00,3002.60,3001.80,3004.80,,3002.56,,,322295,970738768.90,38467,F1,1,,,,,
2026-09-25,2026-09-25,CM,NSE,STK,1879,INE482D01024,CARYSIL,EQ,,,,,CARYSIL LIMITED,1040.80,1070.10,1035.50,1064.40,1064.00,1047.90,,1064.40,,,88707,93547514.10,8615,F1,1,,,,,
2026-09-25,2026-09-25,CM,NSE,STK,1250,INE172A01027,CASTROLIND,EQ,,,,,CASTROL INDIA LIMITED,194.80,202.10,194.23,201.67,201.59,194.80,,201.66,,,13237379,2641706327.28,94341,F1,1,,,,,
2026-09-25,2026-09-25,CM,NSE,STK,11452,INE421D01022,CCL,EQ,,,,,CCL PRODUCTS (I) LTD,1037.00,1053.00,1027.50,1044.40,1052.00,1039.50,,1044.66,,,268782,279499685.00,16573,F1,1,,,,,
2026-09-25,2026-09-25,CM,NSE,STK,15254,INE482A01020,CEATLTD,EQ,,,,,CEAT LIMITED,3369.20,3391.60,3334.00,3352.20,3361.70,3353.80,,3352.34,,,38247,128395376.80,6188,F1,1,,,,,
2026-09-25,2026-09-25,CM,NSE,STK,757690,INE11J101017,CEDAAR,ST,,,,,CEDAAR TEXTILE LIMITED,10.90,10.90,10.90,10.90,10.90,11.10,,10.90,,,1000,10900.00,1,F1,1000,,,,,
2026-09-25,2026-09-25,CM,NSE,STK,24742,INE0AG901020,CEIGALL,EQ,,,,,CEIGALL INDIA LIMITED,382.00,388.10,377.50,384.10,385.30,382.55,,384.12,,,203979,78196683.60,4939,F1,1,,,,,
2026-09-25,2026-09-25,CM,NSE,STK,761037,INE016Q01014,CEINSYS,EQ,,,,,CEINSYS TECH LIMITED,701.15,709.95,678.30,687.45,688.90,695.50,,687.53,,,46454,32048592.55,2580,F1,1,,,,,
2026-09-25,2026-09-25,CM,NSE,STK,13162,INE185H01016,CELEBRITY,EQ,,,,,CELEBRITY FASHIONS LTD,6.43,6.78,6.43,6.63,6.66,6.56,,6.63,,,18954,125069.80,64,F1,1,,,,,
2026-09-25,2026-09-25,CM,NSE,STK,18806,INE0OMO01025,CELLECOR,SM,,,,,CELLECOR GADGETS LIMITED,30.35,30.40,29.50,29.60,29.50,30.50,,29.60,,,156000,4677600.00,41,F1,3000,,,,,
2026-09-25,2026-09-25,CM,NSE,STK,19795,INE0LMW01024,CELLO,EQ,,,,,CELLO WORLD LIMITED,338.00,341.50,331.25,338.50,336.50,339.80,,338.51,,,268152,90147287.20,14870,F1,1,,,,,
2026-09-25,2026-09-25,CM,NSE,STK,5622,INE686A01026,CEMPRO,EQ,,,,,CEMINDIA PROJECTS LIMITED,1271.00,1285.80,1243.00,1257.20,1259.90,1268.50,,1257.22,,,111230,139989272.50,10070,F1,1,,,,,
2026-09-25,2026-09-25,CM,NSE,STK,14894,INE483A01010,CENTRALBK,EQ,,,,,CENTRAL BANK OF INDIA,31.18,31.35,31.06,31.18,31.12,31.19,,31.18,,,3133875,97736031.48,9559,F1,1,,,,,
2026-09-25,2026-09-25,CM,NSE,STK,21174,INE736A01011,CDSL,EQ,,,,,CENTRAL DEPO SER (I) LTD,1320.00,1337.40,1313.00,1318.00,1318.00,1320.00,,1318.00,,,1248040,1651388768.10,44343,F1,1,,,,,
2026-09-25,2026-09-25,CM,NSE,STK,761581,INE05HV01027,CMPDI,EQ,,,,,CENTRAL MINE P N D INST L,207.49,211.45,205.00,210.20,210.50,206.71,,210.18,,,1078380,224618045.73,15023,F1,1,,,,,
2026-09-25,2026-09-25,CM,NSE,STK,2454,INE660C01027,CENTRUM,EQ,,,,,CENTRUM CAPITAL LIMITED,21.25,21.65,20.51,21.24,21.46,21.06,,21.24,,,403133,8457228.90,1412,F1,1,,,,,
2026-09-25,2026-09-25,CM,NSE,STK,14982,INE320B01020,CENTUM,EQ,,,,,CENTUM ELECTRONICS LTD,4874.90,4909.90,4753.50,4802.30,4799.90,4837.60,,4802.10,,,73380,354599432.00,12927,F1,1,,,,,
2026-09-25,2026-09-25,CM,NSE,STK,619,INE485A01015,CENTENKA,EQ,,,,,CENTURY ENKA LTD,570.50,575.05,558.00,570.95,566.50,567.55,,571.21,,,19070,10784394.65,1416,F1,1,,,,,
2026-09-25,2026-09-25,CM,NSE,STK,11511,INE281A01026,CENTEXT,EQ,,,,,CENTURY EXTRUSIONS LTD,19.00,19.00,18.40,18.56,18.46,18.82,,18.56,,,108079,2010373.38,699,F1,1,,,,,
2026-09-25,2026-09-25,CM,NSE,STK,766164,INE281A20018,CENTEXT-RE,BE,,,,,CENTURY EXTRUSIONS LTD,2.25,2.45,1.91,2.08,2.29,1.92,,2.18,,,215876,451670.90,437,F1,1,,,,,
2026-09-25,2026-09-25,CM,NSE,STK,13305,INE348B01021,CENTURYPLY,EQ,,,,,CENTURY PLYBOARDS (I) LTD,700.90,701.80,688.80,694.45,691.05,694.25,,694.45,,,50249,34942202.55,6192,F1,1,,,,,
2026-09-25,2026-09-25,CM,NSE,STK,15039,INE739E01017,CERA,EQ,,,,,CERA SANITARYWARE LTD,5490.00,5511.50,5343.50,5396.50,5390.00,5492.50,,5396.48,,,25221,136160695.50,4841,F1,1,,,,,
2026-09-25,2026-09-25,CM,NSE,STK,628,INE486A01021,CESC,EQ,,,,,CESC LTD,140.24,140.75,137.63,139.86,139.99,139.89,,139.86,,,2429335,338421154.00,47500,F1,1,,,,,
2026-09-25,2026-09-25,CM,NSE,STK,760,INE067A01029,CGPOWER,EQ,,,,,CG POWER AND IND SOL LTD,889.50,895.90,877.50,886.00,886.00,886.70,,886.00,,,964372,853695321.20,27208,F1,1,,,,,
2026-09-25,2026-09-25,CM,NSE,STK,8546,INE427F01016,CHALET,EQ,,,,,CHALET HOTELS LIMITED,894.00,896.10,876.10,881.35,876.50,894.90,,881.31,,,71076,63213037.95,13381,F1,1,,,,,
2026-09-25,2026-09-25,CM,NSE,STK,3482,INE419D01026,CLSEL,EQ,,,,,CHAMAN LAL SETIA EXP LTD,295.40,297.15,290.60,294.70,292.00,292.40,,294.62,,,21698,6361614.65,830,F1,1,,,,,
2026-09-25,2026-09-25,CM,NSE,STK,13731,INE06PV01010,CMNL,SM,,,,,CHAMAN METALLICS LIMITED,110.55,116.95,110.55,116.90,116.95,111.50,,116.90,,,9000,1028550.00,9,F1,750,,,,,
2026-09-25,2026-09-25,CM,NSE,STK,637,INE085A01013,CHAMBLFERT,EQ,,,,,CHAMBAL FERTILIZERS LTD,418.00,423.50,416.00,417.95,418.00,418.20,,417.95,,,551322,231130036.70,12620,F1,1,,,,,
2026-09-25,2026-09-25,CM,NSE,STK,29541,INE11HG01018,CHAMUNDA,SM,,,,,CHAMUNDA ELECTRICAL LTD,41.00,41.85,40.50,41.85,41.85,40.55,,41.85,,,12000,493050.00,4,F1,3000,,,,,
2026-09-25,2026-09-25,CM,NSE,STK,29633,INE0B2N01016,CHANDAN,SM,,,,,CHANDAN HEALTHCARE LTD,231.35,243.80,231.35,241.20,241.00,231.30,,241.20,,,48000,11444160.00,60,F1,800,,,,,
2026-09-25,2026-09-25,CM,NSE,STK,18654,INE0PT101017,CHAVDA,SM,,,,,CHAVDA INFRA LIMITED,72.80,76.05,72.75,73.30,73.35,70.30,,73.30,,,76000,5638600.00,37,F1,2000,,,,,
2026-09-25,2026-09-25,CM,NSE,STK,757991,INE0TGX01019,CHEMBONDCH,BE,,,,,CHEMBOND CHEMICAL LIMITED,257.45,257.45,252.00,254.95,253.60,249.60,,258.77,,,1579,401323.45,61,F1,1,,,,,
2026-09-25,2026-09-25,CM,NSE,STK,14618,INE995D01025,CHEMBOND,EQ,,,,,CHEMBOND MATERIALTECH LTD,196.00,197.00,189.01,191.99,197.00,191.59,,192.18,,,8106,1556237.17,308,F1,1,,,,,
2026-09-25,2026-09-25,CM,NSE,STK,276,INE03YM01018,CHEMCON,BE,,,,,CHEMCON SPECIAL CHEM LTD,226.00,233.00,225.10,227.84,228.10,228.08,,227.90,,,30935,7018389.63,370,F1,1,,,,,
2026-09-25,2026-09-25,CM,NSE,STK,765045,INE298W01016,CHEMCRUX,EQ,,,,,CHEMCRUX ENTERPRISES LTD.,79.75,81.80,79.00,79.87,79.87,78.61,,79.92,,,5371,429833.26,129,F1,1,,,,,
2026-09-25,2026-09-25,CM,NSE,STK,2799,INE783X01023,CHEMFAB,EQ,,,,,CHEMFAB ALKALIS LIMITED,358.20,358.80,335.00,352.65,348.10,358.20,,352.45,,,10927,3782976.05,493,F1,1,,,,,
2026-09-25,2026-09-25,CM,NSE,STK,5449,INE488A01050,CHEMPLASTS,EQ,,,,,CHEMPLAST SANMAR LIMITED,194.01,202.47,191.53,197.47,197.39,192.65,,197.54,,,559516,110646927.99,9380,F1,1,,,,,
2026-09-25,2026-09-25,CM,NSE,STK,2049,INE178A01016,CHENNPETRO,EQ,,,,,CHENNAI PETROLEUM CORP LT,1372.80,1412.00,1368.60,1376.40,1378.00,1372.70,,1376.37,,,1115488,1545809606.20,52408,F1,1,,,,,
2026-09-25,2026-09-25,CM,NSE,STK,9879,INE974B01016,CHEVIOT,EQ,,,,,CHEVIOT COMPANY LIMITED,1165.20,1215.00,1162.30,1182.80,1192.00,1166.60,,1182.76,,,3044,3650956.70,240,F1,1,,,,,
2026-09-25,2026-09-25,CM,NSE,STK,8866,INE102B01014,CHOICEIN,EQ,,,,,CHOICE INTERNATIONAL LTD,749.50,760.95,748.00,751.05,751.00,749.50,,751.11,,,324562,244688224.30,7669,F1,1,,,,,
2026-09-25,2026-09-25,CM,NSE,STK,759610,INF2KCX01012,CHOICEGOLD,EQ,,,,,CHOICEAMC - CHOICEGOLD,148.25,150.88,148.20,149.13,149.64,148.10,,149.13,,,2961,440849.62,107,F1,1,,,,,
2026-09-25,2026-09-25,CM,NSE,STK,21740,INE149A01033,CHOLAHLDNG,EQ,,,,,CHOLAMANDALAM FIN HOL LTD,1424.80,1431.70,1388.00,1400.60,1401.90,1432.60,,1400.61,,,328724,459454222.30,34415,F1,1,,,,,
2026-09-25,2026-09-25,CM,NSE,STK,685,INE121A01024,CHOLAFIN,EQ,,,,,CHOLAMANDALAM IN & FIN CO,1678.10,1681.90,1637.60,1662.70,1662.70,1681.70,,1662.64,,,2878656,4758815023.10,88428,F1,1,,,,,
2026-09-25,2026-09-25,CM,NSE,STK,14937,INE536H01010,CIEINDIA,EQ,,,,,CIE AUTOMOTIVE INDIA LTD,389.00,392.00,384.35,390.80,390.10,388.95,,390.76,,,191799,74536858.00,9806,F1,1,,,,,
2026-09-25,2026-09-25,CM,NSE,STK,27161,INE704H01022,CINELINE,EQ,,,,,CINELINE INDIA LIMITED,88.60,92.30,88.00,89.19,89.00,89.17,,89.19,,,16644,1481431.45,537,F1,1,,,,,
2026-09-25,2026-09-25,CM,NSE,STK,8024,INE039B01026,CINEVISTA,EQ,,,,,CINEVISTA LIMITED,14.48,14.48,13.60,14.04,14.06,14.11,,14.04,,,8262,114323.35,139,F1,1,,,,,
2026-09-25,2026-09-25,CM,NSE,STK,694,INE059A01026,CIPLA,EQ,,,,,CIPLA LTD,1402.90,1421.00,1388.40,1399.70,1399.70,1399.00,,1399.69,,,1166527,1637231280.40,35556,F1,1,,,,,
2026-09-25,2026-09-25,CM,NSE,STK,763149,INE2Q7823014,CITIUSINVT,IV,,,,,CITIUS TRANSNET INV TRUST,117.04,119.85,116.33,116.92,116.46,117.04,,116.92,,,3480,409813.17,106,F1,1,,,,,
2026-09-25,2026-09-25,CM,NSE,STK,5701,INE491A01021,CUB,EQ,,,,,CITY UNION BANK LTD,223.39,227.11,221.79,225.57,223.15,220.52,,225.59,,,1484087,332468604.13,25159,F1,1,,,,,
2026-09-25,2026-09-25,CM,NSE,STK,20223,INE201M01029,CLEDUCATE,EQ,,,,,CL EDUCATE LIMITED,55.00,57.82,54.07,54.84,55.93,55.07,,54.90,,,27607,1556464.64,174,F1,1,,,,,
2026-09-25,2026-09-25,CM,NSE,STK,758736,INE0UQ601012,CLASSICEIL,SM,,,,,CLASSIC ELECTRODE (IND) L,52.00,52.00,52.00,52.00,52.00,53.00,,52.00,,,9600,499200.00,5,F1,1600,,,,,
2026-09-25,2026-09-25,CM,NSE,STK,754695,INE1QGM01024,CLAYCRAFT,SM,,,,,CLAY CRAFT INDIA LIMITED,159.00,175.50,158.00,171.20,172.00,159.80,,171.20,,,102000,17129610.00,118,F1,600,,,,,
2026-09-25,2026-09-25,CM,NSE,STK,760183,INE647U01026,CLEANMAX,EQ,,,,,CLEAN MAX ENVIRO EN SOL L,1387.00,1475.00,1380.00,1393.40,1394.00,1385.20,,1393.38,,,888358,1260807742.70,53590,F1,1,,,,,
2026-09-25,2026-09-25,CM,NSE,STK,5049,INE227W01023,CLEAN,EQ,,,,,CLEAN SCIENCE & TECH LTD,816.40,823.90,805.00,807.25,808.00,815.45,,807.27,,,161379,130642927.30,11345,F1,1,,,,,
2026-09-25,2026-09-25,CM,NSE,STK,760143,INE1EF801010,CSSL,SM,,,,,CLEAR SECURED SERVICES L,79.50,79.50,75.50,75.75,76.00,77.20,,75.75,,,10000,769750.00,10,F1,1000,,,,,
2026-09-25,2026-09-25,CM,NSE,STK,30893,INE00WV01027,CMRGREEN,EQ,,,,,CMR GREEN TECHNOLOGIES L,221.99,227.50,218.57,224.49,224.00,220.72,,224.50,,,591723,132067022.25,20970,F1,1,,,,,
2026-09-25,2026-09-25,CM,NSE,STK,7603,INE925R01014,CMSINFO,EQ,,,,,CMS INFO SYSTEMS LIMITED,232.32,235.50,228.50,233.17,232.89,232.32,,233.20,,,504573,117157326.63,11899,F1,1,,,,,
2026-09-25,2026-09-25,CM,NSE,STK,20374,INE522F01014,COALINDIA,EQ,,,,,COAL INDIA LTD,424.00,426.65,421.35,426.10,426.10,422.00,,426.10,,,4798343,2039755656.50,62601,F1,1,,,,,
2026-09-25,2026-09-25,CM,NSE,STK,6006,INE377E01024,COASTCORP,EQ,,,,,COASTAL CORPORATION LTD,38.47,38.47,35.66,36.13,36.27,37.68,,36.14,,,124729,4582123.72,1697,F1,1,,,,,
2026-09-25,2026-09-25,CM,NSE,STK,21508,INE704P01025,COCHINSHIP,EQ,,,,,COCHIN SHIPYARD LIMITED,1370.00,1385.00,1365.00,1377.00,1377.00,1370.00,,1377.00,,,421803,579442809.40,18229,F1,1,,,,,
2026-09-25,2026-09-25,CM,NSE,STK,11165,INE335K01011,COFFEEDAY,EQ,,,,,COFFEE DAY ENTERPRISE LTD,30.75,31.00,29.81,30.29,30.31,30.70,,30.29,,,497297,15077818.64,2238,F1,1,,,,,
2026-09-25,2026-09-25,CM,NSE,STK,11543,INE591G01025,COFORGE,EQ,,,,,COFORGE LIMITED,1786.90,1793.60,1767.10,1784.00,1784.00,1785.90,,1786.08,,,803153,1429852454.00,55891,F1,1,,,,,
2026-09-25,2026-09-25,CM,NSE,STK,17945,INE03QK01018,COHANCE,EQ,,,,,COHANCE LIFESCIENCES LTD,456.30,460.00,450.05,459.25,458.70,454.15,,459.24,,,557235,252393783.85,10836,F1,1,,,,,
2026-09-25,2026-09-25,CM,NSE,STK,15141,INE259A01022,COLPAL,EQ,,,,,COLGATE PALMOLIVE LTD.,1854.80,1862.20,1835.40,1855.80,1855.80,1854.80,,1855.79,,,359623,663264200.20,19392,F1,1,,,,,
2026-09-25,2026-09-25,CM,NSE,STK,762628,INE819A01049,COMFINTE,EQ,,,,,COMFORT INTECH LTD.,5.88,6.66,5.66,6.51,6.59,5.69,,6.51,,,1363067,8685524.19,1378,F1,1,,,,,
2026-09-25,2026-09-25,CM,NSE,STK,21578,INE073V01015,COMSYN,EQ,,,,,COMMERCIAL SYN BAGS LTD,296.90,307.00,281.10,282.85,281.15,292.50,,282.86,,,2054003,612949233.75,16233,F1,1,,,,,
2026-09-25,2026-09-25,CM,NSE,STK,19513,INE597Z01014,COMMITTED,SM,,,,,COMMITTED CARGO CARE LTD,306.00,325.50,306.00,322.55,324.95,322.80,,322.55,,,4000,1277000.00,5,F1,800,,,,,
2026-09-25,2026-09-25,CM,NSE,STK,764648,INE823B01015,COMPEAU,EQ,,,,,COMPETENT AUTOMOB CO. L,365.00,370.00,365.00,365.00,365.00,365.00,,364.13,,,502,183779.90,12,F1,1,,,,,
2026-09-25,2026-09-25,CM,NSE,STK,19670,INE070C01037,COMPINFO,BZ,,,,,COMPUAGE INFOCOM LTD,1.08,1.12,1.02,1.03,1.03,1.07,,1.03,,,27280,28840.66,42,F1,1,,,,,
2026-09-25,2026-09-25,CM,NSE,STK,31138,INE453B01029,COMPUSOFT,EQ,,,,,COMPUCOM SOFTWARE LTD,13.43,13.64,13.01,13.19,13.40,13.30,,13.19,,,11907,157705.32,122,F1,1,,,,,
2026-09-25,2026-09-25,CM,NSE,STK,342,INE596I01020,CAMS,EQ,,,,,COMPUTER AGE MNGT SER LTD,710.60,714.90,703.50,707.35,707.35,710.60,,707.33,,,763343,540157469.55,45939,F1,1,,,,,
2026-09-25,2026-09-25,CM,NSE,STK,18060,INE338H01029,CONCORDBIO,EQ,,,,,CONCORD BIOTECH LIMITED,1464.80,1479.00,1439.20,1453.60,1453.00,1478.80,,1453.65,,,125029,182240557.00,16189,F1,1,,,,,
2026-09-25,2026-09-25,CM,NSE,STK,28764,INE037Z01029,CEWATER,EQ,,,,,CONCORD ENVIRO SYSTEMS L,270.85,270.85,261.75,264.45,264.00,268.75,,264.42,,,28701,7588837.15,1787,F1,1,,,,,
2026-09-25,2026-09-25,CM,NSE,STK,764641,INE700F01024,CFEL,BE,,,,,CONFIDENCE FUTURIST ENE L,46.00,47.99,44.28,47.03,47.02,46.53,,47.03,,,11996,551988.54,162,F1,1,,,,,
2026-09-25,2026-09-25,CM,NSE,STK,10238,INE552D01024,CONFIPET,EQ,,,,,CONFIDENCE PETRO IND LTD.,87.80,88.60,86.08,88.28,87.83,86.29,,88.29,,,1380621,120746787.68,19539,F1,1,,,,,
2026-09-25,2026-09-25,CM,NSE,STK,758453,INE0EAS01014,CONNPLEX,SM,,,,,CONNPLEX CINEMAS LIMITED,264.00,264.00,254.90,256.50,255.55,260.25,,256.50,,,33600,8634320.00,38,F1,800,,,,,
2026-09-25,2026-09-25,CM,NSE,STK,14992,INE429I01024,CCCL,EQ,,,,,CONS. CONST. CONSORT LTD,13.75,13.75,13.20,13.32,13.40,13.31,,13.32,,,122449,1626536.51,363,F1,1,,,,,
2026-09-25,2026-09-25,CM,NSE,STK,11732,INE025A01027,CONSOFINVT,BE,,,,,CONSO. FIN. & HOLD. LTD.,288.00,293.90,284.00,285.10,290.00,289.70,,285.10,,,4348,1248515.80,43,F1,1,,,,,
2026-09-25,2026-09-25,CM,NSE,STK,4749,INE111A01025,CONCOR,EQ,,,,,CONTAINER CORP OF IND LTD,467.80,468.15,458.55,461.50,461.50,466.30,,461.52,,,704143,325808107.10,16918,F1,1,,,,,
2026-09-25,2026-09-25,CM,NSE,STK,17477,INE663B01015,CONTROLPR,EQ,,,,,CONTROL PRINT LIMITED,582.80,594.25,581.15,591.80,591.00,584.65,,591.58,,,23882,14087742.00,1036,F1,1,,,,,
2026-09-25,2026-09-25,CM,NSE,STK,8560,INE0HS001028,COOLCAPS,SM,,,,,COOL CAPS INDUSTRIES LTD,24.85,24.85,23.10,24.45,24.20,24.45,,24.45,,,61250,1464562.50,48,F1,1250,,,,,
2026-09-25,2026-09-25,CM,NSE,STK,4007,INE558D01021,CORALFINAC,EQ,,,,,CORAL INDIA FIN & HOUS LT,31.98,31.98,31.20,31.77,31.82,31.29,,31.77,,,6235,197088.90,84,F1,1,,,,,
2026-09-25,2026-09-25,CM,NSE,STK,15275,INE792I01017,CORDSCABLE,BE,,,,,CORDS CABLE INDUS LTD.,362.50,363.05,348.45,348.80,348.45,366.75,,348.80,,,65198,22892059.40,1188,F1,1,,,,,
2026-09-25,2026-09-25,CM,NSE,STK,739,INE169A01031,COROMANDEL,EQ,,,,,COROMANDEL INTERNTL. LTD,1942.50,1975.00,1934.00,1963.90,1943.20,1942.50,,1963.96,,,49460,96311337.10,8668,F1,1,,,,,
2026-09-25,2026-09-25,CM,NSE,STK,760254,INE02ZQ01018,CORONA,EQ,,,,,CORONA REMEDIES LIMITED,2125.00,2135.60,2105.00,2117.70,2105.00,2111.00,,2117.62,,,8603,18248374.80,1740,F1,1,,,,,
2026-09-25,2026-09-25,CM,NSE,STK,742,INE757A01017,COSMOFIRST,EQ,,,,,COSMO FIRST LIMITED,857.25,859.95,844.10,849.40,845.20,857.25,,849.43,,,32823,27884972.00,2216,F1,1,,,,,
2026-09-25,2026-09-25,CM,NSE,STK,6385,INE652F01027,CCHHL,EQ,,,,,COUNTRY CLUB HOSP HOL LTD,13.10,13.54,13.10,13.14,13.10,13.49,,13.14,,,25038,332366.32,191,F1,1,,,,,
2026-09-25,2026-09-25,CM,NSE,STK,16989,INE695B01025,COUNCODOS,BE,,,,,COUNTRY CONDO S LIMITED,6.44,6.51,6.15,6.46,6.49,6.38,,6.45,,,18737,118763.92,133,F1,1,,,,,
2026-09-25,2026-09-25,CM,NSE,STK,20086,INE521J01018,CPCAP,EQ,,,,,CP CAPITAL LIMITED,155.37,155.37,153.15,153.93,153.89,154.60,,153.90,,,13613,2098092.11,429,F1,1,,,,,
2026-09-25,2026-09-25,CM,NSE,STK,2328,INF457M01133,CPSEETF,EQ,,,,,CPSE ETF,92.72,93.50,92.46,93.04,93.50,92.72,,93.04,,,435641,40444090.54,8621,F1,1,,,,,
2026-09-25,2026-09-25,CM,NSE,STK,2854,INE00LO01017,CRAFTSMAN,EQ,,,,,CRAFTSMAN AUTOMATION LTD,10671.00,10799.00,10568.00,10735.00,10754.00,10710.00,,10735.11,,,39510,422828638.00,14128,F1,1,,,,,
2026-09-25,2026-09-25,CM,NSE,STK,764653,INE145E01017,CRAVATEX,EQ,,,,,CRAVATEX LTD.,361.50,383.00,347.10,369.75,372.10,361.45,,370.25,,,542,196792.15,89,F1,1,,,,,
2026-09-25,2026-09-25,CM,NSE,STK,16419,INE0OFK01019,CRAYONS,SM,,,,,CRAYONS ADVERTISING LTD,24.50,24.50,24.50,24.50,24.50,24.50,,24.50,,,2000,49000.00,1,F1,1000,,,,,
2026-09-25,2026-09-25,CM,NSE,STK,9384,INE230B01021,CREATIVEYE,EQ,,,,,CREATIVE EYE LIMITED,6.41,6.41,5.92,6.19,5.98,6.26,,6.19,,,5749,35258.25,88,F1,1,,,,,
2026-09-25,2026-09-25,CM,NSE,STK,23468,INE0R7401011,CGRAPHICS,SM,,,,,CREATIVE GRAPHICS S IND L,135.90,136.85,134.00,134.05,134.00,134.50,,134.05,,,10400,1405600.00,13,F1,800,,,,,
2026-09-25,2026-09-25,CM,NSE,STK,11155,INE985W01018,CNL,EQ,,,,,CREATIVE NEWTECH LIMITED,1107.30,1134.40,1090.10,1098.20,1108.40,1106.90,,1098.52,,,7969,8766641.50,1213,F1,1,,,,,
2026-09-25,2026-09-25,CM,NSE,STK,765303,INE1KPX01025,CREDENT,SM,,,,,CREDENT CONNECT N CARE L,380.00,402.00,380.00,397.40,401.00,385.05,,397.40,,,58800,23276040.00,95,F1,600,,,,,
2026-09-25,2026-09-25,CM,NSE,STK,4421,INE741K01010,CREDITACC,EQ,,,,,CREDITACCESS GRAMEEN LTD,1315.10,1321.80,1295.00,1298.80,1297.40,1315.10,,1298.83,,,109014,142217668.00,10425,F1,1,,,,,
2026-09-25,2026-09-25,CM,NSE,STK,20878,INE220Q01020,MUFTI,EQ,,,,,CREDO BRANDS MARKETING L,72.25,73.46,71.72,72.14,72.25,72.54,,72.14,,,31152,2246927.63,541,F1,1,,,,,
2026-09-25,2026-09-25,CM,NSE,STK,765053,INE716D01033,CRSL,BE,,,,,CRESSANDA RAILWAY SOLUT L,2.50,2.54,2.38,2.40,2.38,2.50,,2.39,,,838282,2009527.44,851,F1,1,,,,,
2026-09-25,2026-09-25,CM,NSE,STK,13900,INE559D01011,CREST,EQ,,,,,CREST VENTURES LIMITED,361.00,370.00,354.00,362.90,358.05,364.15,,362.90,,,4329,1568541.10,122,F1,1,,,,,
2026-09-25,2026-09-25,CM,NSE,STK,19097,INE203Y01012,CRESTO,EQ,,,,,CRESTO TECHNO LIMITED,24.16,24.42,21.72,22.03,21.72,24.13,,22.03,,,258969,5809286.52,1563,F1,1,,,,,
2026-09-25,2026-09-25,CM,NSE,STK,757,INE007A01025,CRISIL,EQ,,,,,CRISIL LTD,4488.80,4547.80,4430.00,4520.00,4521.80,4503.50,,4520.10,,,36310,163507962.70,9996,F1,1,,,,,
2026-09-25,2026-09-25,CM,NSE,STK,757850,INE0S4R01014,CRIZAC,EQ,,,,,CRIZAC LIMITED,186.02,187.49,179.81,182.79,182.59,186.10,,182.78,,,197948,36233899.58,6452,F1,1,,,,,
2026-09-25,2026-09-25,CM,NSE,STK,17094,INE299U01018,CROMPTON,EQ,,,,,CROMPT GREA CON ELEC LTD,219.80,221.75,217.50,218.60,218.60,219.80,,218.61,,,1374776,301340886.46,16369,F1,1,,,,,
2026-09-25,2026-09-25,CM,NSE,STK,18263,INE00NH01017,CLSL,ST,,,,,CROP LIFE SCIENCE LIMITED,66.50,66.50,66.50,66.50,66.50,70.00,,66.50,,,2000,133000.00,1,F1,2000,,,,,
2026-09-25,2026-09-25,CM,NSE,STK,8083,INE491V01019,CROWN,EQ,,,,,CROWN LIFTERS LIMITED,119.50,122.00,116.05,119.36,118.97,117.94,,119.36,,,9405,1121655.96,217,F1,1,,,,,
2026-09-25,2026-09-25,CM,NSE,STK,14966,INE679A01013,CSBBANK,EQ,,,,,CSB BANK LIMITED,333.75,334.95,326.80,333.70,334.00,333.75,,333.69,,,186281,61682910.80,9169,F1,1,,,,,
2026-09-25,2026-09-25,CM,NSE,STK,10350,INE718F01018,CSLFINANCE,EQ,,,,,CSL FINANCE LIMITED,210.10,215.74,210.00,215.19,215.25,211.73,,215.19,,,15271,3266866.35,622,F1,1,,,,,
2026-09-25,2026-09-25,CM,NSE,STK,763753,INE0ZK601013,CSM,EQ,,,,,CSM TECHNOLOGIES LIMITED,102.00,104.50,100.10,102.35,102.77,101.57,,102.35,,,586845,60241884.61,2550,F1,1,,,,,
2026-09-25,2026-09-25,CM,NSE,STK,15078,INE0NR623014,CUBEINVIT,IV,,,,,CUBE HIGHWAYS TRUST,156.46,156.46,155.75,155.89,155.95,155.99,,155.89,,,348652,54394522.77,5520,F1,1,,,,,
2026-09-25,2026-09-25,CM,NSE,STK,4064,INE144D01012,CUBEXTUB,EQ,,,,,CUBEX TUBINGS LTD,147.90,152.24,130.05,152.24,152.24,138.40,,152.24,,,2579721,378406402.13,26657,F1,1,,,,,
2026-09-25,2026-09-25,CM,NSE,STK,1901,INE298A01020,CUMMINSIND,EQ,,,,,CUMMINS INDIA LTD,4972.00,4991.50,4922.50,4945.00,4945.00,4973.00,,4945.01,,,337303,1669187392.00,25926,F1,1,,,,,
2026-09-25,2026-09-25,CM,NSE,STK,18520,INE509F01029,CUPID,EQ,,,,,CUPID LIMITED,267.10,274.30,265.05,270.00,270.10,266.30,,269.97,,,13680181,3708730629.15,107650,F1,1,,,,,
2026-09-25,2026-09-25,CM,NSE,STK,30191,INE117B01020,CURAA,BE,,,,,CURA TECHNOLOGIES LIMITED,72.00,72.00,72.00,72.00,72.00,74.40,,72.00,,,28,2016.00,4,F1,1,,,,,
2026-09-25,2026-09-25,CM,NSE,STK,759828,INE1BZN01016,CURIS,ST,,,,,CURIS LIFESCIENCES LTD,222.90,223.65,218.20,223.65,223.65,213.00,,223.65,,,15000,3342500.00,15,F1,1000,,,,,
2026-09-25,2026-09-25,CM,NSE,STK,758964,INE1CRQ01014,CURRENT,SM,,,,,CURRENT INFRAPROJECTS LTD,93.50,94.90,93.00,94.70,94.90,92.65,,94.70,,,12800,1202240.00,8,F1,1600,,,,,
2026-09-25,2026-09-25,CM,NSE,STK,11845,INE278G01037,CYBERMEDIA,BE,,,,,CYBER MEDIA (INDIA) LTD.,20.53,20.53,20.00,20.18,20.19,20.64,,20.22,,,6032,121537.38,66,F1,1,,,,,
2026-09-25,2026-09-25,CM,NSE,STK,6054,INE214A01019,CYBERTECH,BE,,,,,CYBERTECH SYSTEMS & SOFTW,138.38,138.90,132.05,137.88,138.00,137.01,,137.96,,,12819,1739877.80,173,F1,1,,,,,
2026-09-25,2026-09-25,CM,NSE,STK,17187,INE055S01018,CYIENTDLM,EQ,,,,,CYIENT DLM LIMITED,914.00,937.90,913.00,931.40,932.00,912.70,,931.40,,,261221,241700593.10,16751,F1,1,,,,,
2026-09-25,2026-09-25,CM,NSE,STK,5748,INE136B01020,CYIENT,EQ,,,,,CYIENT LIMITED,1057.30,1103.70,1050.30,1094.70,1095.80,1057.80,,1094.71,,,334991,362175162.80,27401,F1,1,,,,,
2026-09-25,2026-09-25,CM,NSE,STK,16902,INE864X01013,DPWIRES,BE,,,,,D P WIRES LIMITED,168.00,168.70,163.10,163.43,163.20,170.02,,163.43,,,14850,2462840.55,295,F1,1,,,,,
2026-09-25,2026-09-25,CM,NSE,STK,17851,INE250K01012,DLINKINDIA,EQ,,,,,D-LINK INDIA LTD,420.20,422.00,415.00,420.90,420.40,418.90,,420.91,,,30140,12627161.70,1750,F1,1,,,,,
2026-09-25,2026-09-25,CM,NSE,STK,936,INE266Y01019,DPABHUSHAN,EQ,,,,,D. P. ABHUSHAN LIMITED,1407.00,1447.90,1398.00,1417.70,1419.00,1405.60,,1417.74,,,19662,27970315.10,2139,F1,1,,,,,
2026-09-25,2026-09-25,CM,NSE,STK,17881,INE950I01011,DBCORP,EQ,,,,,D.B.CORP LTD,180.31,183.00,178.10,181.71,183.00,180.31,,181.69,,,40295,7249150.07,1503,F1,1,,,,,
2026-09-25,2026-09-25,CM,NSE,STK,772,INE016A01026,DABUR,EQ,,,,,DABUR INDIA LTD,384.80,386.00,381.55,385.60,385.60,385.70,,385.61,,,690022,265194839.25,15004,F1,1,,,,,
2026-09-25,2026-09-25,CM,NSE,STK,762636,INE928C01010,DAICHI,BE,,,,,DAI-ICHI KARKARIA LTD.,327.90,330.00,320.00,328.45,330.00,326.30,,328.45,,,385,125922.65,13,F1,1,,,,,
2026-09-25,2026-09-25,CM,NSE,STK,8091,INE00R701025,DALBHARAT,BL,,,,,DALMIA BHARAT LIMITED,1700.00,1700.00,1700.00,1700.00,1700.00,1876.00,,1700.00,,,1084000,1842800000.00,2,F1,999999999,,,,,
2026-09-25,2026-09-25,CM,NSE,STK,8075,INE00R701025,DALBHARAT,EQ,,,,,DALMIA BHARAT LIMITED,1746.20,1746.20,1680.70,1700.20,1703.50,1721.20,,1700.13,,,254282,431579104.00,20652,F1,1,,,,,
2026-09-25,2026-09-25,CM,NSE,STK,781,INE495A01022,DALMIASUG,EQ,,,,,DALMIA BHARAT SUG IN LTD,399.50,434.65,396.05,428.75,429.00,399.50,,428.75,,,1009477,425368883.45,32181,F1,1,,,,,
2026-09-25,2026-09-25,CM,NSE,STK,28662,INE284H01025,DAMCAPITAL,EQ,,,,,DAM CAPITAL ADVISORS LTD,137.20,139.68,135.74,138.18,138.70,137.20,,138.18,,,177289,24318758.25,4657,F1,1,,,,,
2026-09-25,2026-09-25,CM,NSE,STK,17569,INE497D01022,DAMODARIND,BE,,,,,DAMODAR INDUSTRIES LTD,29.47,29.49,28.30,28.45,29.10,28.61,,28.45,,,3496,101072.21,45,F1,1,,,,,
2026-09-25,2026-09-25,CM,NSE,STK,1110,INE688Y01022,DANGEE,EQ,,,,,DANGEE DUMS LIMITED,3.16,3.26,2.98,3.26,3.26,2.97,,3.26,,,909887,2903200.63,715,F1,1,,,,,
2026-09-25,2026-09-25,CM,NSE,STK,25927,INE0YU901016,DANISH,SM,,,,,DANISH POWER LIMITED,955.00,959.70,910.00,947.60,951.00,950.45,,947.60,,,29550,27731902.50,152,F1,150,,,,,
2026-09-25,2026-09-25,CM,NSE,STK,757107,INE04Q901010,DCCL,SM,,,,,DAR CREDIT & CAPITAL LTD,40.90,41.85,40.90,41.85,41.85,40.50,,41.85,,,10000,413200.00,5,F1,2000,,,,,
2026-09-25,2026-09-25,CM,NSE,STK,7358,INE0IX101010,DATAPATTNS,EQ,,,,,DATA PATTERNS INDIA LTD,4415.00,4452.00,4355.00,4418.80,4418.00,4395.50,,4418.85,,,233402,1028283950.60,26676,F1,1,,,,,
2026-09-25,2026-09-25,CM,NSE,STK,11423,INE365B01017,DATAMATICS,EQ,,,,,DATAMATICS GLOBAL SER LTD,777.05,822.45,767.15,807.60,805.00,783.95,,807.62,,,216033,173952903.10,12192,F1,1,,,,,
2026-09-25,2026-09-25,CM,NSE,STK,21794,INE179G01029,DAVANGERE,EQ,,,,,DAVANGERE SUGAR COMPANY L,2.19,2.40,2.15,2.40,2.40,2.19,,2.40,,,28793669,67082261.81,4381,F1,1,,,,,
2026-09-25,2026-09-25,CM,NSE,STK,31111,INE921B01025,DBSTOCKBRO,BE,,,,,DB (INT) STOCK BROKERS,30.28,31.79,30.00,31.13,30.08,30.28,,31.78,,,9892,307401.77,44,F1,1,,,,,
2026-09-25,2026-09-25,CM,NSE,STK,11566,INE0A1101019,DCI,EQ,,,,,DC INFOTECH AND COMUN LTD,299.05,311.60,295.20,302.00,303.00,302.40,,302.00,,,114505,34664445.35,5979,F1,1,,,,,
2026-09-25,2026-09-25,CM,NSE,STK,13725,INE503A01015,DCBBANK,EQ,,,,,DCB BANK LIMITED,215.19,216.37,213.50,214.09,213.60,213.35,,214.09,,,951797,204050139.37,12814,F1,1,,,,,
2026-09-25,2026-09-25,CM,NSE,STK,23524,INE0S8401018,DCG,ST,,,,,DCG CABLES & WIRES LTD,72.50,74.60,72.50,74.60,74.60,71.05,,74.60,,,14400,1059000.00,11,F1,1200,,,,,
2026-09-25,2026-09-25,CM,NSE,STK,4775,INE891B01012,DCMFINSERV,EQ,,,,,DCM FINANCIAL SERVICES LT,5.09,5.09,4.96,5.02,4.98,4.99,,5.02,,,4208,20996.08,155,F1,1,,,,,
2026-09-25,2026-09-25,CM,NSE,STK,805,INE498A01018,DCM,EQ,,,,,DCM LTD,75.01,75.99,74.98,75.00,75.00,75.07,,74.90,,,9883,741227.77,71,F1,1,,,,,
2026-09-25,2026-09-25,CM,NSE,STK,11039,INE08KP01019,DCMNVL,EQ,,,,,DCM NOUVELLE LIMITED,177.98,181.00,177.15,179.15,181.00,178.64,,179.15,,,8893,1588127.11,921,F1,1,,,,,
2026-09-25,2026-09-25,CM,NSE,STK,760891,INE0OFM01015,DSFCL,EQ,,,,,DCM SHRIRAM FINE CHEM LTD,32.21,32.21,30.01,31.09,31.35,31.58,,31.00,,,136185,4162840.46,642,F1,1,,,,,
2026-09-25,2026-09-25,CM,NSE,STK,7325,INE843D01027,DCMSRIND,EQ,,,,,DCM SHRIRAM IND LTD,37.65,41.33,37.56,39.71,39.75,37.88,,39.70,,,2401956,94490755.81,20013,F1,1,,,,,
2026-09-25,2026-09-25,CM,NSE,STK,760896,INE0OU201013,DCMSIL,EQ,,,,,DCM SHRIRAM INTERNATNL L,88.00,88.00,82.01,83.98,83.25,85.20,,83.78,,,261587,22345830.75,3391,F1,1,,,,,
2026-09-25,2026-09-25,CM,NSE,STK,811,INE499A01024,DCMSHRIRAM,EQ,,,,,DCM SHRIRAM LIMITED,975.00,979.40,966.20,974.30,973.60,975.60,,974.28,,,20353,19820356.30,3983,F1,1,,,,,
2026-09-25,2026-09-25,CM,NSE,STK,817,INE500A01029,DCW,EQ,,,,,DCW LTD,48.36,49.29,47.61,48.72,48.64,48.36,,48.72,,,1396410,67755360.36,6994,F1,1,,,,,
2026-09-25,2026-09-25,CM,NSE,STK,11895,INE0KL801015,DCXINDIA,EQ,,,,,DCX SYSTEMS LIMITED,161.50,164.00,158.32,161.99,162.50,162.28,,161.99,,,455756,73436598.40,7166,F1,1,,,,,
2026-09-25,2026-09-25,CM,NSE,STK,29098,INE0HR601026,DDEVPLSTIK,EQ,,,,,DDEV PLASTIKS IND LTD,259.25,262.00,254.00,256.15,255.00,257.75,,256.36,,,81482,20850031.60,2080,F1,1,,,,,
2026-09-25,2026-09-25,CM,NSE,STK,15449,INE0JWV01011,DENEERS,SM,,,,,DE NEERS TOOLS LIMITED,171.25,184.60,171.25,182.80,181.85,172.95,,182.80,,,18600,3338160.00,26,F1,600,,,,,
2026-09-25,2026-09-25,CM,NSE,STK,4279,INE244A01016,DENORA,EQ,,,,,DE NORA INDIA LIMITED,798.75,798.75,765.00,766.50,769.80,783.90,,766.50,,,4443,3428656.85,465,F1,1,,,,,
2026-09-25,2026-09-25,CM,NSE,STK,14838,INE583C01021,DECCANCE,EQ,,,,,DECCAN CEMENTS LIMITED,561.45,561.45,547.05,553.55,559.20,555.95,,553.54,,,13335,7370695.50,536,F1,1,,,,,
2026-09-25,2026-09-25,CM,NSE,STK,762638,INE945F01025,DECNGOLD,EQ,,,,,DECCAN GOLD MINES LTD.,215.00,215.63,209.99,213.00,214.80,214.51,,213.06,,,989554,210426841.67,16045,F1,1,,,,,
2026-09-25,2026-09-25,CM,NSE,STK,25421,INE0S7C01019,DECCANTRAN,SM,,,,,DECCAN TRANSCON LEASING L,21.50,21.75,21.50,21.75,21.75,21.50,,21.75,,,3600,77940.00,3,F1,1200,,,,,
2026-09-25,2026-09-25,CM,NSE,STK,24154,INE841L01016,DEEDEV,EQ,,,,,DEE DEVELOPMENT ENG LTD,675.00,678.55,655.55,666.20,657.15,675.60,,666.14,,,130551,86675320.45,8660,F1,1,,,,,
2026-09-25,2026-09-25,CM,NSE,STK,22802,INE586O01011,DEEM,ST,,,,,DEEM ROLL TECH LIMITED,47.40,47.40,47.40,47.40,47.40,47.40,,47.40,,,1000,47400.00,1,F1,1000,,,,,
2026-09-25,2026-09-25,CM,NSE,STK,3292,INE0FHS01024,DEEPINDS,EQ,,,,,DEEP INDUSTRIES LIMITED,768.90,792.00,764.10,781.10,780.00,766.00,,781.09,,,339780,265345338.40,20023,F1,1,,,,,
2026-09-25,2026-09-25,CM,NSE,STK,765058,INE00IY01012,DEEP,BE,,,,,DEEP POLYMERS LTD.,44.05,45.50,44.05,45.50,45.50,45.10,,45.50,,,3636,163729.94,31,F1,1,,,,,
2026-09-25,2026-09-25,CM,NSE,STK,765931,INE1M2N01020,DEEPA,EQ,,,,,DEEPA JEWELLERS LIMITED,195.00,221.00,195.00,213.12,212.65,194.18,,213.12,,,19215814,4068478486.21,183907,F1,1,,,,,
2026-09-25,2026-09-25,CM,NSE,STK,25892,INE0OPA01027,DBEIL,EQ,,,,,DEEPAK BUILDERS & ENG I L,6.79,6.86,6.50,6.63,6.57,6.64,,6.63,,,121300,807327.43,511,F1,1,,,,,
2026-09-25,2026-09-25,CM,NSE,STK,827,INE501A01019,DEEPAKFERT,EQ,,,,,DEEPAK FERTILIZERS & PETR,1361.00,1397.80,1341.50,1363.80,1362.00,1361.40,,1363.84,,,394991,541026339.20,25546,F1,1,,,,,
2026-09-25,2026-09-25,CM,NSE,STK,19943,INE288B01029,DEEPAKNTR,EQ,,,,,DEEPAK NITRITE LTD,1601.10,1608.30,1575.00,1587.10,1586.00,1600.90,,1587.13,,,69925,110995967.80,8907,F1,1,,,,,
2026-09-25,2026-09-25,CM,NSE,STK,9599,INE148O01028,DELHIVERY,EQ,,,,,DELHIVERY LIMITED,426.30,426.35,418.35,422.70,422.70,426.30,,422.70,,,3334319,1405689141.70,65923,F1,1,,,,,
2026-09-25,2026-09-25,CM,NSE,STK,24395,INE726L01027,DELPHIFX,BE,,,,,DELPHI WORLD MONEY LTD,6.20,6.20,6.20,6.20,6.20,5.91,,6.20,,,30897,191561.40,41,F1,1,,,,,
2026-09-25,2026-09-25,CM,NSE,STK,29092,INE0XRN01019,DELTIC,SM,,,,,DELTA AUTOCORP LIMITED,31.25,34.70,31.15,34.70,34.70,34.45,,34.70,,,8000,261050.00,8,F1,1000,,,,,
2026-09-25,2026-09-25,CM,NSE,STK,15044,INE124G01033,DELTACORP,EQ,,,,,DELTA CORP LIMITED,73.44,77.89,69.31,76.84,76.80,72.68,,76.84,,,26445158,2004785452.51,113071,F1,1,,,,,
2026-09-25,2026-09-25,CM,NSE,STK,1214,INE393A01011,DELTAMAGNT,EQ,,,,,DELTA MANUFACTURING LTD,56.89,60.00,53.91,57.16,58.27,54.45,,57.16,,,9102,521481.38,159,F1,1,,,,,
2026-09-25,2026-09-25,CM,NSE,STK,17722,INE947J01015,DEN,EQ,,,,,DEN NETWORKS LTD,26.52,26.69,26.20,26.38,26.43,26.52,,26.38,,,271603,7151421.41,1379,F1,1,,,,,
2026-09-25,2026-09-25,CM,NSE,STK,29256,INE0R4L01018,DENTA,EQ,,,,,DENTA WATER N INFRA SOL L,278.55,280.20,268.00,276.70,276.10,270.10,,276.69,,,137637,37713250.45,4213,F1,1,,,,,
2026-09-25,2026-09-25,CM,NSE,STK,759079,INE0VOV01021,DEVX,EQ,,,,,DEV ACCELERATOR LIMITED,36.13,36.55,35.20,35.97,35.50,36.13,,35.97,,,179787,6480490.66,707,F1,1,,,,,
2026-09-25,2026-09-25,CM,NSE,STK,8146,INE060X01034,DEVIT,EQ,,,,,DEV INFO TECHNOLOGY LTD,22.61,23.40,21.60,22.28,22.22,22.59,,22.28,,,52336,1176795.01,823,F1,1,,,,,
2026-09-25,2026-09-25,CM,NSE,STK,5373,INE872J01023,DEVYANI,EQ,,,,,DEVYANI INTERNATIONAL LTD,137.50,137.65,133.11,135.02,134.72,137.50,,135.02,,,1070431,144537301.99,16265,F1,1,,,,,
2026-09-25,2026-09-25,CM,NSE,STK,764661,INE260R01016,DHABRIYA,BE,,,,,DHABRIYA POLYWOOD LTD.,489.00,493.00,475.40,484.20,483.00,486.30,,485.63,,,3524,1700647.25,128,F1,1,,,,,
2026-09-25,2026-09-25,CM,NSE,STK,10893,INE0I3401014,DBOL,EQ,,,,,DHAMPUR BIO ORGANICS LTD,112.51,123.00,112.51,122.25,121.70,113.20,,122.23,,,352645,42176961.37,7699,F1,1,,,,,
2026-09-25,2026-09-25,CM,NSE,STK,857,INE041A01016,DHAMPURSUG,EQ,,,,,DHAMPUR SUGAR MILLS LTD.,165.58,176.00,163.00,174.67,174.75,164.64,,174.66,,,2148612,371785150.73,35839,F1,1,,,,,
2026-09-25,2026-09-25,CM,NSE,STK,11359,INE680A01011,DHANBANK,EQ,,,,,DHANLAXMI BANK LIMITED,29.68,30.00,29.11,29.31,29.36,29.68,,29.32,,,239224,7037804.62,1131,F1,1,,,,,
2026-09-25,2026-09-25,CM,NSE,STK,24418,INE0M3I01029,DHANSA,ST,,,,,DHANSA LABS LIMITED,26.55,27.00,26.55,27.00,27.00,27.75,,27.00,,,6000,160300.00,3,F1,2000,,,,,
2026-09-25,2026-09-25,CM,NSE,STK,24409,INE435G01025,DHANUKA,EQ,,,,,DHANUKA AGRITECH LTD,965.90,974.85,960.00,964.35,962.00,967.60,,964.56,,,6793,6550159.80,1089,F1,1,,,,,
2026-09-25,2026-09-25,CM,NSE,STK,760492,INE2HJL01019,DHARARAIL,ST,,,,,DHARA RAIL PROJECTS LTD,140.05,140.40,140.00,140.40,140.40,143.00,,140.40,,,3000,420450.00,3,F1,1000,,,,,
2026-09-25,2026-09-25,CM,NSE,STK,759203,INE278R01034,DHARAN,BZ,,,,,DHARAN INFRA-EPC LIMITED,0.15,0.15,0.14,0.14,0.14,0.14,,0.14,,,5344543,772433.53,931,F1,1,,,,,
2026-09-25,2026-09-25,CM,NSE,STK,24747,INE0YRN01025,DHARIWAL,SM,,,,,DHARIWALCORP LIMITED,26.80,27.10,25.95,27.10,27.10,25.85,,27.10,,,597000,16065150.00,76,F1,3000,,,,,
2026-09-25,2026-09-25,CM,NSE,STK,13001,INE00OQ01016,DHARMAJ,EQ,,,,,DHARMAJ CROP GUARD LTD,299.90,306.00,292.55,295.15,302.00,300.55,,295.15,,,23574,6958857.40,1043,F1,1,,,,,
2026-09-25,2026-09-25,CM,NSE,STK,765060,INE715T01031,DHATRE,EQ,,,,,DHATRE UDYOG LTD.,4.29,4.46,3.86,4.13,4.19,4.23,,4.13,,,85524,357392.60,233,F1,1,,,,,
2026-09-25,2026-09-25,CM,NSE,STK,764553,INE01NH01023,DHOOTTRANS,EQ,,,,,DHOOT TRANSMISSION LTD,1606.00,1614.00,1551.40,1560.50,1564.00,1587.60,,1560.44,,,548949,866579972.10,26542,F1,1,,,,,
2026-09-25,2026-09-25,CM,NSE,STK,6858,INE506Z01015,DHRUV,EQ,,,,,DHRUV CONSULTANCY SER LTD,21.00,21.90,21.00,21.50,21.50,20.94,,21.60,,,5864,126248.01,65,F1,1,,,,,
2026-09-25,2026-09-25,CM,NSE,STK,22233,INE320L01011,DHUNINV,EQ,,,,,DHUNSERI INVESTMENTS LTD,995.00,1002.00,982.00,982.80,983.00,991.20,,982.80,,,166,164368.90,25,F1,1,,,,,
2026-09-25,2026-09-25,CM,NSE,STK,6239,INE341R01014,DTIL,BE,,,,,DHUNSERI TEA & IND. LTD.,142.00,143.00,137.80,140.35,139.46,142.00,,140.66,,,645,90524.11,56,F1,1,,,,,
2026-09-25,2026-09-25,CM,NSE,STK,15214,INE477B01010,DVL,EQ,,,,,DHUNSERI VENTURES LIMITED,294.80,299.40,282.10,289.75,293.90,293.80,,289.68,,,17348,5011375.05,726,F1,1,,,,,
2026-09-25,2026-09-25,CM,NSE,STK,18644,INE591D01014,DIAMINESQ,EQ,,,,,DIAMINES & CHEMICALS LTD,244.70,251.98,244.70,248.25,250.85,246.84,,248.25,,,5139,1272705.46,102,F1,1,,,,,
2026-09-25,2026-09-25,CM,NSE,STK,18545,INE989C01038,DIACABS,BE,,,,,DIAMOND POWER INFRA LTD,360.60,366.00,347.60,354.50,352.00,360.45,,354.51,,,539550,191611658.65,7549,F1,1,,,,,
2026-09-25,2026-09-25,CM,NSE,STK,703,INE303A01010,DICIND,EQ,,,,,DIC INDIA LIMITED,648.05,665.00,642.05,656.50,665.00,647.75,,656.50,,,4187,2728210.85,216,F1,1,,,,,
2026-09-25,2026-09-25,CM,NSE,STK,24313,INE0JRD01019,DTL,SM,,,,,DIENSTEN TECH LIMITED,129.90,130.00,129.00,129.50,130.00,124.15,,129.50,,,10800,1402260.00,5,F1,1200,,,,,
2026-09-25,2026-09-25,CM,NSE,STK,25672,INE184O01015,DIFFNKG,EQ,,,,,DIFFUSION ENGINEERS LTD,430.40,437.15,423.15,430.45,430.00,427.25,,430.46,,,64101,27584432.75,2976,F1,1,,,,,
2026-09-25,2026-09-25,CM,NSE,STK,10346,INE03JI01017,DGCONTENT,EQ,,,,,DIGICONTENT LIMITED,24.00,24.00,22.67,23.90,23.93,23.77,,23.90,,,13399,308798.27,141,F1,1,,,,,
2026-09-25,2026-09-25,CM,NSE,STK,21247,INE0PSC01024,DIGIDRIVE,EQ,,,,,DIGIDRIVE DISTRIBUTORS L,18.00,18.40,17.65,18.39,18.35,17.88,,18.39,,,16637,302931.03,189,F1,1,,,,,
2026-09-25,2026-09-25,CM,NSE,STK,19138,INE0QJ901011,DIGIKORE,SM,,,,,DIGIKORE STUDIOS LIMITED,36.95,37.00,34.60,35.55,34.60,35.70,,35.55,,,28000,1004840.00,59,F1,400,,,,,
2026-09-25,2026-09-25,CM,NSE,STK,16683,INE927C01020,DIGISPICE,EQ,,,,,DIGISPICE TECHNOLOGIES LT,16.49,16.49,15.62,16.08,16.08,16.21,,16.08,,,111103,1787205.91,242,F1,1,,,,,
2026-09-25,2026-09-25,CM,NSE,STK,757515,INE0U4701011,DIGITIDE,EQ,,,,,DIGITIDE SOLUTIONS LTD,81.50,81.50,76.76,78.57,78.50,79.76,,78.56,,,269246,21083766.90,3302,F1,1,,,,,
2026-09-25,2026-09-25,CM,NSE,STK,6136,INE731U01028,DIGJAMLMTD,BE,,,,,DIGJAM LTD,52.00,56.00,51.80,54.40,54.40,54.28,,54.40,,,3820,199661.90,34,F1,1,,,,,
2026-09-25,2026-09-25,CM,NSE,STK,641,INE016M01021,DNAMEDIA,EQ,,,,,DILIGENT MEDIA CORP LTD.,2.47,2.57,2.46,2.53,2.51,2.48,,2.53,,,17225,43365.37,86,F1,1,,,,,
2026-09-25,2026-09-25,CM,NSE,STK,18086,INE917M01012,DBL,EQ,,,,,DILIP BUILDCON LIMITED,413.90,414.00,407.05,412.45,410.15,412.60,,412.45,,,100526,41220220.60,3401,F1,1,,,,,
2026-09-25,2026-09-25,CM,NSE,STK,762643,INE131C01011,DISAQ,EQ,,,,,DISA INDIA LTD.,11953.00,11960.00,11677.00,11773.00,11849.00,12008.00,,11787.14,,,55,648704.00,42,F1,1,,,,,
2026-09-25,2026-09-25,CM,NSE,STK,14537,INE836F01026,DISHTV,EQ,,,,,DISH TV INDIA LTD.,2.43,2.43,2.31,2.37,2.37,2.43,,2.37,,,3533046,8327193.76,2214,F1,1,,,,,
2026-09-25,2026-09-25,CM,NSE,STK,21704,INE385W01011,DCAL,EQ,,,,,DISHMAN CARBO AMCIS LTD,168.00,170.57,165.81,168.19,166.85,168.19,,168.18,,,65506,10985701.14,1944,F1,1,,,,,
2026-09-25,2026-09-25,CM,NSE,STK,14479,INE753U01022,DIVGIITTS,EQ,,,,,DIVGI TORQTRANSFER SYST L,1161.90,1193.00,1140.00,1154.60,1146.60,1156.60,,1154.40,,,67322,78424142.50,6992,F1,1,,,,,
2026-09-25,2026-09-25,CM,NSE,STK,10940,INE361B01024,DIVISLAB,EQ,,,,,DIVI S LABORATORIES LTD,9602.00,9668.50,9530.00,9619.50,9619.50,9602.00,,9619.34,,,388859,3730057744.50,43556,F1,1,,,,,
2026-09-25,2026-09-25,CM,NSE,STK,30262,INE0NA501011,DIVINEHIRA,ST,,,,,DIVINE HIRA JEWELLERS LTD,96.60,100.00,93.60,97.60,99.95,98.50,,97.60,,,62400,5938320.00,48,F1,1200,,,,,
2026-09-25,2026-09-25,CM,NSE,STK,24286,INE0SCO01019,DPEL,SM,,,,,DIVINE POWER ENERGY LTD,635.05,635.15,625.00,626.00,625.00,633.80,,626.00,,,24500,15435825.00,49,F1,500,,,,,
2026-09-25,2026-09-25,CM,NSE,STK,25680,INE0QYI01019,DIVYADHAN,ST,,,,,DIVYADHAN RECYCLING IND L,43.00,43.00,42.45,43.00,43.00,44.35,,43.00,,,12000,514900.00,5,F1,2000,,,,,
2026-09-25,2026-09-25,CM,NSE,STK,21690,INE935N01020,DIXON,EQ,,,,,DIXON TECHNO (INDIA) LTD,13280.00,13514.00,13211.00,13390.00,13390.00,13299.00,,13390.25,,,276046,3692508430.00,37661,F1,1,,,,,
2026-09-25,2026-09-25,CM,NSE,STK,12749,INE0B1K01014,DJML,EQ,,,,,DJ MEDIAPRINT & LOG LTD,74.05,75.99,70.05,71.85,70.52,74.44,,71.94,,,75725,5484471.31,697,F1,1,,,,,
2026-09-25,2026-09-25,CM,NSE,STK,14732,INE271C01023,DLF,EQ,,,,,DLF LIMITED,671.20,683.60,670.60,683.00,683.00,670.40,,682.93,,,3573018,2422714145.15,49070,F1,1,,,,,
2026-09-25,2026-09-25,CM,NSE,STK,6973,INE505A01010,DMCC,EQ,,,,,DMCC SPECIALITY CHEMICALS,296.55,307.65,291.80,305.35,306.00,295.05,,305.35,,,122619,36982929.30,3402,F1,1,,,,,
2026-09-25,2026-09-25,CM,NSE,STK,22533,INE0OGG01015,DHTL,SM,,,,,DOCMODE HEALTH TECH LTD,26.90,27.75,25.65,25.65,25.65,27.00,,25.65,,,19200,524920.00,11,F1,800,,,,,
2026-09-25,2026-09-25,CM,NSE,STK,4822,INE021O01019,DODLA,EQ,,,,,DODLA DAIRY LIMITED,1060.00,1060.00,1031.00,1039.40,1038.80,1045.70,,1039.56,,,14762,15440966.90,1835,F1,1,,,,,
2026-09-25,2026-09-25,CM,NSE,STK,12124,INE966A01022,DOLATALGO,EQ,,,,,DOLAT ALGOTECH LIMITED,66.67,68.00,66.45,67.48,67.15,66.70,,67.48,,,60079,4024262.51,899,F1,1,,,,,
2026-09-25,2026-09-25,CM,NSE,STK,20560,INE325C01035,DOLLAR,EQ,,,,,DOLLAR INDUSTRIES LIMITED,269.50,272.70,266.40,270.45,270.50,269.50,,270.46,,,79148,21299068.10,2305,F1,1,,,,,
2026-09-25,2026-09-25,CM,NSE,STK,765977,INE0JHH01011,DOLLEX,EQ,,,,,DOLLEX AGROTECH LIMITED,37.85,37.85,35.50,36.05,36.95,37.00,,36.07,,,27320,992082.45,243,F1,1,,,,,
2026-09-25,2026-09-25,CM,NSE,STK,18139,INE920A01037,DOLPHIN,EQ,,,,,DOLPHIN OFF ENT (IND) L,685.05,707.50,669.00,687.45,689.00,685.30,,687.47,,,35738,24672185.80,2848,F1,1,,,,,
2026-09-25,2026-09-25,CM,NSE,STK,20551,INE321T01012,DOMS,EQ,,,,,DOMS INDUSTRIES LIMITED,2104.30,2109.00,2077.50,2083.00,2084.30,2109.00,,2083.13,,,13623,28420125.70,3087,F1,1,,,,,
2026-09-25,2026-09-25,CM,NSE,STK,13839,INE668D01028,DONEAR,EQ,,,,,DONEAR IND. LIMITED,82.22,83.30,81.81,82.64,82.30,82.22,,82.64,,,16214,1338803.05,159,F1,1,,,,,
2026-09-25,2026-09-25,CM,NSE,STK,15423,INE360C01024,DPSCLTD,BE,,,,,DPSC LIMITED,7.12,7.12,6.86,6.97,7.00,7.06,,6.97,,,113088,789257.72,407,F1,1,,,,,
2026-09-25,2026-09-25,CM,NSE,STK,29452,INE943P01029,AGARWALEYE,EQ,,,,,DR AGARWALS HEALTH CARE L,503.00,503.05,492.85,500.00,500.00,502.10,,500.00,,,242336,121059017.65,11645,F1,1,,,,,
2026-09-25,2026-09-25,CM,NSE,STK,762648,INE934C01018,DRAGARWQ,EQ,,,,,DR. AGARWAL'S EYE HOSP L,5179.00,5280.00,5171.00,5209.00,5240.00,5159.00,,5211.67,,,1157,6053506.50,989,F1,1,,,,,
2026-09-25,2026-09-25,CM,NSE,STK,11654,INE600L01024,LALPATHLAB,EQ,,,,,DR. LAL PATH LABS LTD.,1980.00,1986.80,1902.70,1952.30,1948.00,1961.30,,1952.28,,,452137,880138665.40,43609,F1,1,,,,,
2026-09-25,2026-09-25,CM,NSE,STK,881,INE089A01031,DRREDDY,EQ,,,,,DR. REDDY S LABORATORIES,1204.50,1207.80,1193.40,1201.00,1201.00,1200.40,,1201.00,,,1001238,1203136436.80,39060,F1,1,,,,,
2026-09-25,2026-09-25,CM,NSE,STK,2645,INE03RS01027,DRCSYSTEMS,EQ,,,,,DRC SYSTEMS INDIA LIMITED,12.55,12.72,12.33,12.69,12.70,12.55,,12.69,,,26678,335878.11,220,F1,1,,,,,
2026-09-25,2026-09-25,CM,NSE,STK,10859,INE0JS101016,DREAMFOLKS,EQ,,,,,DREAMFOLKS SERVICES LTD,64.75,64.75,62.80,63.31,63.30,64.13,,63.31,,,35192,2237667.39,731,F1,1,,,,,
2026-09-25,2026-09-25,CM,NSE,STK,11271,INE506A01018,DREDGECORP,EQ,,,,,DREDGING CORP OF INDIA,997.50,997.50,969.40,984.80,973.20,996.50,,984.97,,,91938,90079603.40,4239,F1,1,,,,,
2026-09-25,2026-09-25,CM,NSE,STK,17372,INE0P7201019,DRONE,SM,,,,,DRONE DESTINATION LIMITED,34.40,34.40,33.40,33.45,33.50,33.60,,33.45,,,7000,235550.00,14,F1,500,,,,,
2026-09-25,2026-09-25,CM,NSE,STK,8772,INE891A01022,DSKULKARNI,BE,,,,,DS KULKARNI DEVELOPERS L,24.09,24.09,24.09,24.09,24.09,23.62,,24.09,,,200,4818.00,1,F1,1,,,,,
2026-09-25,2026-09-25,CM,NSE,STK,778,INE055C01020,KEEPLEARN,EQ,,,,,DSJ KEEP LEARNING LTD,1.82,1.91,1.81,1.85,1.87,1.82,,1.86,,,9589,17849.27,69,F1,1,,,,,
2026-09-25,2026-09-25,CM,NSE,STK,1927,INF740KA1EU7,LIQUIDETF,EQ,,,,,DSP LIQUID ETF,999.99,1000.01,999.99,999.99,1000.00,1000.00,,999.99,,,59439,59438918.20,208,F1,1,,,,,
2026-09-25,2026-09-25,CM,NSE,STK,761364,INF740KA1YH2,BANK10ADD,EQ,,,,,DSPAMC - BANK10ADD,16.42,16.55,16.36,16.44,16.55,16.53,,16.44,,,141956,2334141.15,212,F1,1,,,,,
2026-09-25,2026-09-25,CM,NSE,STK,13644,INF740KA1RX3,BANKADD,EQ,,,,,DSPAMC - DSPBANK,56.91,57.07,56.78,57.02,56.78,56.90,,57.02,,,72486,4131828.47,109,F1,1,,,,,
2026-09-25,2026-09-25,CM,NSE,STK,15356,INF740KA1ZP2,GOLDADD,EQ,,,,,DSPAMC - DSPGOLD,14.61,14.64,14.51,14.62,14.63,14.50,,14.62,,,11357073,165652928.54,6102,F1,1,,,,,
2026-09-25,2026-09-25,CM,NSE,STK,17207,INF740KA1SX1,ITADD,EQ,,,,,DSPAMC - DSPIT,29.75,30.90,29.51,29.90,30.49,29.95,,29.92,,,12897,384530.23,113,F1,1,,,,,
2026-09-25,2026-09-25,CM,NSE,STK,6606,INF740KA1QK2,EQUAL50ADD,EQ,,,,,DSPAMC - DSPNEWETF,331.12,334.89,329.52,332.75,334.89,331.12,,332.75,,,16598,5497996.78,266,F1,1,,,,,
2026-09-25,2026-09-25,CM,NSE,STK,7451,INF740KA1CL0,NIFTYADD,EQ,,,,,DSPAMC - DSPNIFTY,244.37,244.37,243.12,244.21,244.00,243.80,,244.29,,,2689,655831.84,110,F1,1,,,,,
2026-09-25,2026-09-25,CM,NSE,STK,17616,INF740KA1SY9,PSUBANKADD,EQ,,,,,DSPAMC - DSPPSBKETF,84.11,84.20,83.60,83.89,83.90,83.81,,83.97,,,5599,469095.88,266,F1,1,,,,,
2026-09-25,2026-09-25,CM,NSE,STK,17576,INF740KA1TA7,PVTBANKADD,EQ,,,,,DSPAMC - DSPPVBKETF,27.33,27.42,27.20,27.33,27.30,27.33,,27.33,,,170983,4672480.05,127,F1,1,,,,,
2026-09-25,2026-09-25,CM,NSE,STK,7456,INF740KA1ZF3,MIDQ50ADD,EQ,,,,,DSPAMC - DSPQ50ETF,24.16,24.58,24.10,24.23,24.58,24.22,,24.23,,,6389,154448.92,167,F1,1,,,,,
2026-09-25,2026-09-25,CM,NSE,STK,17613,INF740KA1SZ6,SENSEXADD,EQ,,,,,DSPAMC - DSPSENXETF,76.27,77.00,76.00,76.28,76.05,76.33,,76.28,,,4869,371150.28,153,F1,1,,,,,
2026-09-25,2026-09-25,CM,NSE,STK,10761,INF740KA1ZQ0,SILVERADD,EQ,,,,,DSPAMC - DSPSILVETF,21.92,22.12,21.72,22.04,22.12,21.74,,22.04,,,6158711,134984944.68,4823,F1,1,,,,,
2026-09-25,2026-09-25,CM,NSE,STK,759368,INF740KA1WU9,FLEXIADD,EQ,,,,,DSPAMC - FLEXIADD,9.68,9.86,9.63,9.71,9.70,9.68,,9.71,,,58950,570478.07,384,F1,1,,,,,
2026-09-25,2026-09-25,CM,NSE,STK,763530,INF740KA1ZA4,FMCGADD,EQ,,,,,DSPAMC - FMCGADD,46.00,46.15,45.89,46.11,46.10,46.00,,46.11,,,4720,217254.09,153,F1,1,,,,,
2026-09-25,2026-09-25,CM,NSE,STK,765310,INF740KA1ZI7,GSEC10ADD,EQ,,,,,DSPAMC - GSEC10ADD,26.62,26.77,26.24,26.77,26.77,26.73,,26.77,,,414,11076.85,5,F1,1,,,,,
2026-09-25,2026-09-25,CM,NSE,STK,22592,INF740KA1ZG1,HEALTHADD,EQ,,,,,DSPAMC - HEALTHADD,16.96,18.20,16.70,16.99,17.24,16.96,,16.98,,,18113,305478.53,174,F1,1,,,,,
2026-09-25,2026-09-25,CM,NSE,STK,23407,INF740KA1UM0,LIQUIDADD,EQ,,,,,DSPAMC - LIQUIDADD,1146.51,1149.59,1145.41,1146.53,1146.52,1146.08,,1146.53,,,957341,1097626091.98,658,F1,1,,,,,
2026-09-25,2026-09-25,CM,NSE,STK,764428,INF740KA1ZH9,MIDBANKADD,EQ,,,,,DSPAMC - MIDBANKADD,16.86,16.94,16.78,16.84,16.84,16.86,,16.85,,,129418,2180052.53,29,F1,1,,,,,
2026-09-25,2026-09-25,CM,NSE,STK,760356,INF740KA1WW5,MIDCAPADD,EQ,,,,,DSPAMC - MIDCAPADD,23.04,24.84,22.42,23.40,24.30,22.59,,23.40,,,3690,83728.07,82,F1,1,,,,,
2026-09-25,2026-09-25,CM,NSE,STK,759978,INF740KA1WV7,MSCIADD,EQ,,,,,DSPAMC - MSCIADD,28.51,31.38,28.37,28.58,28.40,28.55,,28.58,,,382,10890.10,13,F1,1,,,,,
2026-09-25,2026-09-25,CM,NSE,STK,29464,INF740KA1VE5,NEXT30ADD,EQ,,,,,DSPAMC - NEXT30ADD,41.94,41.95,41.56,41.92,41.75,41.85,,41.92,,,5797,241775.41,150,F1,1,,,,,
2026-09-25,2026-09-25,CM,NSE,STK,760599,INF740KA1XU7,NEXT50ADD,EQ,,,,,DSPAMC - NEXT50ADD,72.09,73.95,71.74,72.22,73.18,71.86,,72.22,,,610,43956.67,27,F1,1,,,,,
2026-09-25,2026-09-25,CM,NSE,STK,760359,INF740KA1WX3,SMALLADD,EQ,,,,,DSPAMC - SMALLADD,18.27,18.34,18.13,18.28,18.30,18.27,,18.28,,,14221,259556.43,99,F1,1,,,,,
2026-09-25,2026-09-25,CM,NSE,STK,25171,INF740KA1UR9,TOP10ADD,EQ,,,,,DSPAMC - TOP10ADD,83.04,84.50,83.04,83.88,84.50,83.79,,83.88,,,173821,14530031.03,2578,F1,1,,,,,
2026-09-25,2026-09-25,CM,NSE,STK,13766,INE0LZO01015,DUCOL,SM,,,,,DUCOL ORGS AND COLOURS LT,126.00,130.70,126.00,130.50,130.50,128.75,,130.50,,,6400,816960.00,7,F1,800,,,,,
2026-09-25,2026-09-25,CM,NSE,STK,28952,INE741L01018,DUCON,EQ,,,,,DUCON INFRATECHNOLOGIES L,1.66,1.67,1.56,1.56,1.56,1.64,,1.57,,,2277545,3635261.61,776,F1,1,,,,,
2026-09-25,2026-09-25,CM,NSE,STK,5457,INE0HPK01020,DUGLOBAL,SM,,,,,DUDIGITAL GLOBAL LIMITED,21.40,21.45,20.10,21.40,21.40,20.05,,21.40,,,55000,1150375.00,19,F1,2500,,,,,
2026-09-25,2026-09-25,CM,NSE,STK,24164,INE0OUW01013,DURLAX,SM,,,,,DURLAX TOP SURFACE LTD,62.70,67.00,62.70,65.75,65.30,60.55,,65.75,,,414000,26915700.00,170,F1,2000,,,,,
2026-09-25,2026-09-25,CM,NSE,STK,11667,INE366A01041,DWARKESH,EQ,,,,,DWARIKESH SUGAR IND LTD,40.72,45.62,40.70,45.01,45.16,40.74,,45.01,,,9515248,417288863.73,37819,F1,1,,,,,
2026-09-25,2026-09-25,CM,NSE,STK,25690,INE417B01040,DSSL,EQ,,,,,DYNACONS SYS & SOLN LTD,1031.00,1031.00,1002.70,1021.20,1026.00,1022.10,,1021.34,,,13959,14183280.90,1235,F1,1,,,,,
2026-09-25,2026-09-25,CM,NSE,STK,4525,INE221B01012,DYNAMATECH,EQ,,,,,DYNAMATIC TECHNOLOGIES,12541.00,13287.00,12490.00,13153.00,13200.00,12551.00,,13152.87,,,38127,497158636.00,14120,F1,1,,,,,
2026-09-25,2026-09-25,CM,NSE,STK,10417,INE600Y01019,DYCL,EQ,,,,,DYNAMIC CABLES LIMITED,474.20,476.70,451.60,456.95,452.30,473.20,,456.87,,,479136,221094375.85,17954,F1,1,,,,,
2026-09-25,2026-09-25,CM,NSE,STK,6079,INE0DZ701010,DYNAMIC,SM,,,,,DYNAMIC SRVCS & SEC LTD,156.70,156.70,136.75,139.95,139.95,149.00,,139.95,,,21500,3170575.00,21,F1,500,,,,,
2026-09-25,2026-09-25,CM,NSE,STK,21314,INE256H01015,DYNPRO,EQ,,,,,DYNEMIC PRODUCTS LIMITED,232.85,234.01,228.91,229.22,229.05,232.85,,229.22,,,6761,1557689.00,351,F1,1,,,,,
2026-09-25,2026-09-25,CM,NSE,STK,19267,INE0KFF01017,EFACTOR,SM,,,,,E FACTOR EXPERIENCES LTD,161.95,175.00,161.45,171.15,170.00,161.95,,171.15,,,29200,4918840.00,62,F1,400,,,,,
2026-09-25,2026-09-25,CM,NSE,STK,760531,INE1CEJ01017,E2ERAIL,SM,,,,,E TO E TRANS INFRA LTD,327.00,328.95,312.00,322.30,322.00,331.55,,322.30,,,236000,75849040.00,178,F1,800,,,,,
2026-09-25,2026-09-25,CM,NSE,STK,8940,INE255Z01027,E2E,BE,,,,,E2E NETWORKS LIMITED,652.00,666.00,626.30,652.15,653.00,646.70,,651.50,,,467742,303088874.50,10387,F1,1,,,,,
2026-09-25,2026-09-25,CM,NSE,STK,765065,INE595R01023,EASTWEST,EQ,,,,,EAST WEST FREIGHT CARRI L,2.35,2.42,2.30,2.40,2.39,2.36,,2.40,,,33828,79344.34,192,F1,1,,,,,
2026-09-25,2026-09-25,CM,NSE,STK,9769,INE962C01035,EASTSILK,BE,,,,,EASTERN SILK INDUSTRIES L,75.39,75.39,69.00,72.00,72.00,71.80,,72.00,,,4345,320886.76,48,F1,1,,,,,
2026-09-25,2026-09-25,CM,NSE,STK,2792,INE07O001026,EASEMYTRIP,EQ,,,,,EASY TRIP PLANNERS LTD,5.82,5.96,5.75,5.92,5.91,5.80,,5.92,,,14957504,87488204.20,7286,F1,1,,,,,
2026-09-25,2026-09-25,CM,NSE,STK,765073,INE432F01032,EBIX,BE,,,,,EBIX LIMITED,17.05,18.00,17.05,17.48,17.50,17.89,,17.48,,,46412,816967.36,176,F1,1,,,,,
2026-09-25,2026-09-25,CM,NSE,STK,759975,INE528S07128,925ECL28,N2,,,,,ECL 9.25% 2028 SR VI,1029.78,1031.00,1029.78,1030.33,1031.00,1020.00,,1030.33,,,200,206066.70,3,F1,1,,,,,
2026-09-25,2026-09-25,CM,NSE,STK,15179,INE738I01010,ECLERX,EQ,,,,,ECLERX SERVICES LTD,1890.00,1908.20,1866.10,1898.80,1895.00,1890.10,,1898.80,,,121985,230318047.30,17047,F1,1,,,,,
2026-09-25,2026-09-25,CM,NSE,STK,764663,INE316A01038,ECORECO,EQ,,,,,ECO RECYCLING LTD.,428.00,428.00,410.00,418.80,424.00,419.25,,418.60,,,10333,4314049.25,1115,F1,1,,,,,
2026-09-25,2026-09-25,CM,NSE,STK,759961,INE0VBS01016,ECOLINE,SM,,,,,ECOLINE EXIM LIMITED,185.00,185.05,176.50,177.50,177.00,190.40,,177.50,,,26000,4705900.00,23,F1,1000,,,,,
2026-09-25,2026-09-25,CM,NSE,STK,25060,INE06HJ01020,ECOSMOBLTY,EQ,,,,,ECOS (INDIA) MOB & HOSP L,108.13,109.42,106.50,108.42,108.01,108.04,,108.42,,,39231,4234737.31,1183,F1,1,,,,,
2026-09-25,2026-09-25,CM,NSE,STK,7196,INF754K01OB1,BBETF0432,EQ,,,,,EDELAMC - BBETF0432,1339.80,1339.80,1335.98,1336.00,1335.98,1335.53,,1336.00,,,729,974168.93,36,F1,1,,,,,
2026-09-25,2026-09-25,CM,NSE,STK,764378,INF754K01XH9,EBANK10,EQ,,,,,EDELAMC - EBANK10,16.33,16.38,16.30,16.37,16.37,16.58,,16.37,,,424,6934.78,10,F1,1,,,,,
2026-09-25,2026-09-25,CM,NSE,STK,25258,INF754K01TE4,EBANKNIFTY,EQ,,,,,EDELAMC - EBANKNIFTY,56.30,56.34,56.05,56.22,56.22,55.89,,56.22,,,11066,622345.09,16,F1,1,,,,,
2026-09-25,2026-09-25,CM,NSE,STK,16253,INF754K01KO2,EBBETF0430,EQ,,,,,EDELAMC - EBBETF0430,1611.79,1611.79,1603.95,1605.88,1605.19,1603.95,,1605.04,,,2421,3888868.22,182,F1,1,,,,,
2026-09-25,2026-09-25,CM,NSE,STK,22239,INF754K01LE1,EBBETF0431,EQ,,,,,EDELAMC - EBBETF0431,1437.99,1437.99,1424.44,1430.19,1430.00,1430.10,,1429.25,,,5210,7434512.13,85,F1,1,,,,,
2026-09-25,2026-09-25,CM,NSE,STK,13139,INF754K01QX0,EBBETF0433,EQ,,,,,EDELAMC - EBBETF0433,1302.48,1307.67,1301.20,1304.87,1305.79,1301.38,,1305.21,,,5266,6873709.46,67,F1,1,,,,,
2026-09-25,2026-09-25,CM,NSE,STK,29019,INF754K01TX4,ECAPINSURE,EQ,,,,,EDELAMC - ECAPINSURE,23.66,23.66,23.21,23.37,23.34,23.43,,23.37,,,74542,1743111.35,282,F1,1,,,,,
2026-09-25,2026-09-25,CM,NSE,STK,19933,INF754K01SE6,EGOLD,EQ,,,,,EDELAMC - EGOLD,149.55,150.85,149.45,150.40,149.75,149.30,,150.40,,,195047,29279865.45,318,F1,1,,,,,
2026-09-25,2026-09-25,CM,NSE,STK,759466,INF754K01VW2,ELIQUID,EQ,,,,,EDELAMC - ELIQUID,1049.38,1049.40,1049.38,1049.39,1049.39,1048.98,,1049.39,,,3002,3150266.72,17,F1,1,,,,,
2026-09-25,2026-09-25,CM,NSE,STK,758952,INF754K01VV4,ELM250,EQ,,,,,EDELAMC - ELM250,16.10,16.29,16.02,16.23,16.25,16.11,,16.23,,,13354,215712.65,152,F1,1,,,,,
2026-09-25,2026-09-25,CM,NSE,STK,764367,INF754K01XI7,ELMDIV,EQ,,,,,EDELAMC - ELMDIV,35.19,35.20,35.05,35.14,35.14,35.25,,35.14,,,184,6463.28,14,F1,1,,,,,
2026-09-25,2026-09-25,CM,NSE,STK,764288,INF754K01XG1,EMETAL,EQ,,,,,EDELAMC - EMETAL,13.03,13.99,12.87,12.96,12.88,12.92,,12.96,,,11120,145780.74,45,F1,1,,,,,
2026-09-25,2026-09-25,CM,NSE,STK,25996,INF754K01TF1,EMULTIMQ,EQ,,,,,EDELAMC - EMULTIMQ,41.50,41.52,41.00,41.29,41.30,41.30,,41.29,,,12231,502462.20,117,F1,1,,,,,
2026-09-25,2026-09-25,CM,NSE,STK,763540,INF754K01XF3,ENEXT50,EQ,,,,,EDELAMC - ENEXT50,71.88,71.88,70.96,71.76,71.76,71.53,,71.76,,,1449,102829.16,7,F1,1,,,,,
2026-09-25,2026-09-25,CM,NSE,STK,759998,INF754K01VX0,ENIFTY,EQ,,,,,EDELAMC - ENIFTY,22.78,23.61,22.78,23.36,23.44,23.37,,23.36,,,768,17903.94,56,F1,1,,,,,
2026-09-25,2026-09-25,CM,NSE,STK,759995,INF754K01VY8,ESENSEX,EQ,,,,,EDELAMC - ESENSEX,74.10,74.67,74.10,74.65,74.65,74.47,,74.65,,,371,27576.25,16,F1,1,,,,,
2026-09-25,2026-09-25,CM,NSE,STK,20257,INF754K01SF3,ESILVER,EQ,,,,,EDELAMC - ESILVER,226.53,229.49,225.12,229.29,228.01,225.69,,229.29,,,278052,63723455.90,1827,F1,1,,,,,
2026-09-25,2026-09-25,CM,NSE,STK,15119,INE532F01054,EDELWEISS,EQ,,,,,EDELWEISS FIN SERV LTD,138.60,139.45,135.20,136.83,136.80,139.01,,136.82,,,4432948,610953330.24,33662,F1,1,,,,,
2026-09-25,2026-09-25,CM,NSE,STK,758675,INE886D01026,EFCIL,EQ,,,,,EFC (I) LIMITED,181.10,181.10,178.20,179.74,181.00,181.20,,179.70,,,62842,11278266.42,1559,F1,1,,,,,
2026-09-25,2026-09-25,CM,NSE,STK,24435,INE0U9101019,EFFWA,SM,,,,,EFFWA INFRA & RESEARCH L,350.00,362.90,346.00,356.20,358.00,361.75,,356.20,,,14000,4943420.00,32,F1,400,,,,,
2026-09-25,2026-09-25,CM,NSE,STK,910,INE066A01021,EICHERMOT,EQ,,,,,EICHER MOTORS LTD,7340.50,7381.00,7305.00,7360.00,7360.00,7338.50,,7359.91,,,201194,1476312278.50,27982,F1,1,,,,,
2026-09-25,2026-09-25,CM,NSE,STK,916,INE126A01031,EIDPARRY,EQ,,,,,EID PARRY INDIA LTD,692.00,710.00,687.30,704.75,704.00,689.55,,704.76,,,341486,239777960.15,20388,F1,1,,,,,
2026-09-25,2026-09-25,CM,NSE,STK,15399,INE276C01014,EIHAHOTELS,EQ,,,,,EIH ASSOCIATED HOTELS LTD,285.60,299.80,284.55,294.30,291.00,288.60,,294.38,,,30841,8964786.45,1251,F1,1,,,,,
2026-09-25,2026-09-25,CM,NSE,STK,919,INE230A01023,EIHOTEL,EQ,,,,,EIH LIMITED,295.15,296.95,292.00,294.70,294.40,296.90,,294.72,,,120396,35399944.35,6255,F1,1,,,,,
2026-09-25,2026-09-25,CM,NSE,STK,4040,INE158B01016,EIMCOELECO,EQ,,,,,EIMCO ELECON (INDIA) LTD,2324.80,2324.80,2272.80,2301.60,2300.00,2304.40,,2301.77,,,16786,38507654.60,1967,F1,1,,,,,
2026-09-25,2026-09-25,CM,NSE,STK,764668,INE0CPR01018,EKI,EQ,,,,,EKI ENERGY SERVICES LTD,104.39,108.94,96.25,100.99,101.22,99.04,,100.96,,,722768,75760258.68,7441,F1,1,,,,,
2026-09-25,2026-09-25,CM,NSE,STK,762653,INE280B01018,ELANTAS,EQ,,,,,ELANTAS BECK INDIA LTD.,13851.00,14267.00,13761.00,13881.00,13850.00,13849.00,,13882.37,,,1128,15693808.00,508,F1,1,,,,,
2026-09-25,2026-09-25,CM,NSE,STK,762658,INE927X01018,ELCIDIN,EQ,,,,,ELCID INVESTMENTS LTD.,103500.00,104830.00,103500.00,103800.00,103800.00,104830.00,,103800.00,,,8,830980.00,7,F1,1,,,,,
2026-09-25,2026-09-25,CM,NSE,STK,8953,INE668G01021,ELDEHSG,EQ,,,,,ELDECO HSG & IND LTD.,769.95,777.80,750.00,765.50,764.00,760.00,,765.50,,,348,264025.15,39,F1,1,,,,,
2026-09-25,2026-09-25,CM,NSE,STK,13643,INE205B01031,ELECON,EQ,,,,,ELECON ENG. CO. LTD,456.85,463.50,448.60,458.25,455.15,459.10,,458.24,,,631253,287900739.75,22055,F1,1,,,,,
2026-09-25,2026-09-25,CM,NSE,STK,20899,INE0Q1W01012,EFORCE,SM,,,,,ELECTRO FORCE (INDIA) LTD,18.05,18.05,18.05,18.05,18.05,18.80,,18.05,,,1200,21660.00,1,F1,1200,,,,,
2026-09-25,2026-09-25,CM,NSE,STK,11530,INE02YR01019,EMIL,EQ,,,,,ELECTRONICS MART IND LTD,189.96,202.40,189.21,200.22,199.00,189.16,,200.22,,,6776165,1332785036.96,73913,F1,1,,,,,
2026-09-25,2026-09-25,CM,NSE,STK,928,INE086A01029,ELECTCAST,EQ,,,,,ELECTROSTEEL CASTINGS LTD,72.50,72.72,71.50,72.34,72.36,72.56,,72.34,,,757352,54624588.18,5552,F1,1,,,,,
2026-09-25,2026-09-25,CM,NSE,STK,4469,INE822G01016,ELECTHERM,EQ,,,,,ELECTROTHERM (I) LTD.,908.00,922.95,856.05,873.35,870.00,887.70,,873.22,,,23940,21167306.15,1720,F1,1,,,,,
2026-09-25,2026-09-25,CM,NSE,STK,29595,INE0R9101015,ELGNZ,SM,,,,,ELEGANZ INTERIORS LIMITED,84.00,86.00,83.00,85.10,86.00,84.80,,85.10,,,12000,1010000.00,11,F1,1000,,,,,
2026-09-25,2026-09-25,CM,NSE,STK,937,INE285A01027,ELGIEQUIP,EQ,,,,,ELGI EQUIPMENTS LTD,610.25,611.60,595.10,603.00,602.05,608.80,,603.00,,,213480,128552114.20,14854,F1,1,,,,,
2026-09-25,2026-09-25,CM,NSE,STK,24924,INE819L01012,ELGIRUBCO,EQ,,,,,ELGI RUBBER CO. LTD,57.15,58.45,54.11,54.96,55.47,57.15,,54.96,,,116560,6486795.28,1033,F1,1,,,,,
2026-09-25,2026-09-25,CM,NSE,STK,13423,INE050401020,ELIN,EQ,,,,,ELIN ELECTRONICS LIMITED,89.50,90.88,85.01,88.57,88.48,89.50,,88.55,,,402933,35410052.59,8029,F1,1,,,,,
2026-09-25,2026-09-25,CM,NSE,STK,762663,INE669R01026,ELITECON,EQ,,,,,ELITECON INTERNATIONAL L,9.89,9.95,9.08,9.08,9.08,9.55,,9.08,,,5040510,46961604.80,6201,F1,1,,,,,
2026-09-25,2026-09-25,CM,NSE,STK,758563,INE236E01022,ELLEN,EQ,,,,,ELLENBARRIE INDUS GASES L,357.70,370.75,352.75,368.50,369.10,357.70,,368.51,,,651892,235709310.65,15865,F1,1,,,,,
2026-09-25,2026-09-25,CM,NSE,STK,4471,INE579B01039,ELPROINTL,EQ,,,,,ELPRO INTERNATIONAL LTD,172.50,172.51,170.40,171.80,171.80,172.01,,171.82,,,2672,458115.49,55,F1,1,,,,,
2026-09-25,2026-09-25,CM,NSE,STK,29229,INE0ZOL01023,EMAPARTNER,SM,,,,,EMA PARTNERS INDIA LTD,82.00,84.50,82.00,82.00,82.00,82.00,,82.00,,,15000,1237350.00,7,F1,1000,,,,,
2026-09-25,2026-09-25,CM,NSE,STK,13517,INE548C01032,EMAMILTD,EQ,,,,,EMAMI LIMITED,390.00,392.10,381.15,389.25,388.00,390.50,,389.25,,,2020121,781187940.25,47136,F1,1,,,,,
2026-09-25,2026-09-25,CM,NSE,STK,10084,INE830C01026,EMAMIPAP,BE,,,,,EMAMI PAPER MILLS LIMITED,115.54,116.68,111.00,111.87,114.00,115.54,,111.87,,,9981,1128019.56,137,F1,1,,,,,
2026-09-25,2026-09-25,CM,NSE,STK,19277,INE778K01012,EMAMIREAL,EQ,,,,,EMAMI REALTY LIMITED,68.69,70.00,67.06,68.40,67.10,69.03,,68.27,,,28025,1924448.06,664,F1,1,,,,,
2026-09-25,2026-09-25,CM,NSE,STK,14450,INE069I01010,EMBDL,EQ,,,,,EMBASSY DEVELOPMENTS LTD,58.80,59.01,57.73,58.07,57.95,58.81,,58.07,,,2595396,150919748.46,25379,F1,1,,,,,
2026-09-25,2026-09-25,CM,NSE,STK,9383,INE041025011,EMBASSY,RR,,,,,EMBASSY OFFICE PARKS REIT,439.77,439.80,436.50,437.66,437.00,439.77,,437.66,,,370503,162324704.90,11508,F1,1,,,,,
2026-09-25,2026-09-25,CM,NSE,STK,24398,INE168P01015,EMCURE,EQ,,,,,EMCURE PHARMACEUTICALS L,1958.70,1976.90,1931.50,1950.60,1935.00,1952.10,,1950.10,,,32384,63096282.20,6720,F1,1,,,,,
2026-09-25,2026-09-25,CM,NSE,STK,13421,INE296H01011,EMKAY,EQ,,,,,EMKAY GLOBAL FIN SERV LTD,272.80,282.00,268.00,270.35,271.45,272.55,,270.33,,,48704,13303906.10,1406,F1,1,,,,,
2026-09-25,2026-09-25,CM,NSE,STK,10253,INE332S01011,EMKAYTOOLS,SM,,,,,EMKAY TAP & CUT. TOOL LTD,95.00,96.00,95.00,95.00,95.00,93.50,,95.00,,,1950,186150.00,8,F1,150,,,,,
2026-09-25,2026-09-25,CM,NSE,STK,758591,INE0PXC01024,ETL,SM,,,,,EMKAY TOOLS LIMITED,1144.95,1297.00,1144.95,1203.00,1200.00,1145.00,,1203.00,,,10350,12507000.00,46,F1,150,,,,,
2026-09-25,2026-09-25,CM,NSE,STK,18146,INE753K01015,EMMBI,BE,,,,,EMMBI INDUSTRIES LIMITED,90.00,90.00,85.10,87.01,88.50,88.49,,87.01,,,19871,1754175.77,125,F1,1,,,,,
2026-09-25,2026-09-25,CM,NSE,STK,759728,INE1C6T01020,EMMVEE,EQ,,,,,EMMVEE PHOTOVOLTAIC PWR L,318.50,323.45,310.50,321.90,322.45,317.60,,321.92,,,2471556,785773064.05,46113,F1,1,,,,,
2026-09-25,2026-09-25,CM,NSE,STK,764673,INE515H01014,EMPIND,EQ,,,,,EMPIRE INDUSTRIES LTD.,1053.00,1064.80,1030.90,1037.40,1036.00,1051.60,,1037.49,,,1360,1421917.50,287,F1,1,,,,,
2026-09-25,2026-09-25,CM,NSE,STK,762670,INE507F01023,EMPOWER,EQ,,,,,EMPOWER INDIA LTD.,1.87,1.87,1.87,1.87,1.87,1.96,,1.87,,,5356437,10016537.19,1819,F1,1,,,,,
2026-09-25,2026-09-25,CM,NSE,STK,18593,INE0OV601013,EMSLIMITED,EQ,,,,,EMS LIMITED,359.00,359.75,351.30,354.90,355.50,358.60,,354.89,,,96500,34168902.40,3673,F1,1,,,,,
2026-09-25,2026-09-25,CM,NSE,STK,9756,INE01QM01018,EMUDHRA,EQ,,,,,EMUDHRA LIMITED,660.00,669.00,644.85,653.45,650.80,659.40,,653.64,,,409910,268462181.15,19639,F1,1,,,,,
2026-09-25,2026-09-25,CM,NSE,STK,760321,INE433T01015,ENCOMPAS,SM,,,,,ENCOMPASS DESIGN INDIA L,244.35,252.95,239.50,239.80,240.00,240.00,,239.80,,,11600,2809560.00,19,F1,400,,,,,
2026-09-25,2026-09-25,CM,NSE,STK,18822,INE913H01037,ENDURANCE,EQ,,,,,ENDURANCE TECHNO. LTD.,2678.40,2678.40,2617.00,2645.90,2626.00,2663.20,,2645.87,,,108756,287263599.30,19824,F1,1,,,,,
2026-09-25,2026-09-25,CM,NSE,STK,15049,INE306C01019,ENERGYDEV,EQ,,,,,ENERGY DEVE. CO.LTD,15.01,15.39,14.70,15.25,14.90,14.91,,15.25,,,16457,245597.94,189,F1,1,,,,,
2026-09-25,2026-09-25,CM,NSE,STK,23745,INE0S1L01013,EMMIL,SM,,,,,ENERGY MISSION MACH IND L,126.95,137.00,122.05,124.95,124.95,123.30,,124.95,,,32500,4182225.00,85,F1,250,,,,,
2026-09-25,2026-09-25,CM,NSE,STK,23224,INE0S3X01014,ENFUSE,SM,,,,,ENFUSE SOLUTIONS LIMITED,145.00,145.00,145.00,145.00,145.00,150.00,,145.00,,,600,87000.00,1,F1,600,,,,,
2026-09-25,2026-09-25,CM,NSE,STK,4907,INE510A01028,ENGINERSIN,EQ,,,,,ENGINEERS INDIA LTD,297.00,318.90,295.05,315.65,313.35,296.65,,315.65,,,19615591,6110407858.30,184294,F1,1,,,,,
2026-09-25,2026-09-25,CM,NSE,STK,764678,INE130L01014,ENKEIWHEL,EQ,,,,,ENKEI WHEELS (INDIA) LTD.,399.00,399.00,388.20,388.20,388.20,385.75,,390.90,,,110,42811.30,4,F1,1,,,,,
2026-09-25,2026-09-25,CM,NSE,STK,23230,INE0R9I01021,ENSER,SM,,,,,ENSER COMMUNICATIONS LTD,14.50,15.15,14.25,15.15,15.15,14.70,,15.15,,,60000,897750.00,12,F1,5000,,,,,
2026-09-25,2026-09-25,CM,NSE,STK,22717,INE010601016,ENTERO,EQ,,,,,ENTERO HEALTHCARE SOLU L,1854.00,1855.20,1809.00,1821.80,1815.00,1852.20,,1821.83,,,110434,202155870.20,12079,F1,1,,,,,
2026-09-25,2026-09-25,CM,NSE,STK,13192,INE265F01028,ENIL,EQ,,,,,ENTERTAIN NET. IND. LTD.,99.00,100.80,97.85,99.07,99.11,99.66,,99.07,,,9298,925201.48,176,F1,1,,,,,
2026-09-25,2026-09-25,CM,NSE,STK,27213,INE0LLY01014,EIEL,EQ,,,,,ENVIRO INFRA ENGINEERS L,200.60,201.33,196.10,198.85,198.60,201.63,,198.85,,,1033739,204498300.77,10059,F1,1,,,,,
2026-09-25,2026-09-25,CM,NSE,STK,25412,INE0SUH01015,ENVIRO,SM,,,,,ENVIROTECH SYSTEMS LTD,72.65,72.65,68.45,71.10,71.40,70.10,,71.10,,,21000,1487150.00,20,F1,1000,,,,,
2026-09-25,2026-09-25,CM,NSE,STK,22463,INE0G5901015,EPACK,EQ,,,,,EPACK DURABLE LIMITED,181.45,181.45,177.81,180.32,181.20,180.12,,180.32,,,151259,27141277.87,3243,F1,1,,,,,
2026-09-25,2026-09-25,CM,NSE,STK,759251,INE0MLS01022,EPACKPEB,EQ,,,,,EPACK PREFAB TECHN LTD,245.93,252.84,239.40,245.38,245.00,246.29,,245.38,,,524207,127918138.17,14858,F1,1,,,,,
2026-09-25,2026-09-25,CM,NSE,STK,5382,INE071N01016,EPIGRAL,EQ,,,,,EPIGRAL LIMITED,1078.50,1080.20,1051.00,1060.60,1055.00,1071.00,,1060.60,,,33156,35153886.10,3440,F1,1,,,,,
2026-09-25,2026-09-25,CM,NSE,STK,981,INE255A01020,EPL,EQ,,,,,EPL LIMITED,238.00,239.70,233.05,238.10,237.55,238.05,,238.12,,,1439511,340224841.90,20057,F1,1,,,,,
2026-09-25,2026-09-25,CM,NSE,STK,758349,INE11HF01010,EEPL,ST,,,,,EPPELTONE ENGINEERS LTD,131.05,135.95,131.05,132.05,132.05,131.05,,132.05,,,3000,399050.00,3,F1,1000,,,,,
2026-09-25,2026-09-25,CM,NSE,STK,3553,INE217G01035,EQUIPPP,BE,,,,,EQUIPPP SOC IMP TECH LTD,22.99,22.99,21.85,22.86,22.94,22.88,,22.86,,,3063,68574.78,29,F1,1,,,,,
2026-09-25,2026-09-25,CM,NSE,STK,913,INE063P01018,EQUITASBNK,EQ,,,,,EQUITAS SMALL FIN BNK LTD,70.55,70.67,66.19,67.03,66.53,70.21,,67.03,,,5440394,367181827.52,32483,F1,1,,,,,
2026-09-25,2026-09-25,CM,NSE,STK,21154,INE406M01024,ERIS,EQ,,,,,ERIS LIFESCIENCES LIMITED,1275.00,1280.90,1255.00,1258.90,1257.80,1274.60,,1258.93,,,30256,38184034.20,4743,F1,1,,,,,
2026-09-25,2026-09-25,CM,NSE,STK,955,INE284A01012,ESABINDIA,EQ,,,,,ESAB INDIA LTD,5556.00,5569.00,5455.00,5527.00,5565.00,5528.00,,5527.02,,,2898,15942175.50,1260,F1,1,,,,,
2026-09-25,2026-09-25,CM,NSE,STK,19884,INE818W01011,ESAFSFB,BE,,,,,ESAF SMALL FINANCE BANK L,40.82,42.86,40.50,42.86,42.86,40.82,,42.86,,,1195142,50113915.14,2325,F1,1,,,,,
2026-09-25,2026-09-25,CM,NSE,STK,22767,INE0RQZ01017,ESCONET,ST,,,,,ESCONET TECHNOLOGIES LTD,209.95,220.00,207.70,218.10,215.70,209.95,,218.10,,,22000,4733960.00,45,F1,400,,,,,
2026-09-25,2026-09-25,CM,NSE,STK,958,INE042A01014,ESCORTS,EQ,,,,,ESCORTS KUBOTA LIMITED,2822.90,2866.30,2817.10,2855.70,2850.00,2822.90,,2855.74,,,42484,120729990.70,7017,F1,1,,,,,
2026-09-25,2026-09-25,CM,NSE,STK,765553,INE0DRI01029,ESDS,EQ,,,,,ESDS SOFTWARE SOLUTION L,1760.50,1760.50,1760.50,1760.50,1760.50,1853.15,,1759.52,,,69023,121514991.50,3380,F1,1,,,,,
2026-09-25,2026-09-25,CM,NSE,STK,24678,INE0SBP01018,ESPRIT,SM,,,,,ESPRIT STONES LIMITED,65.00,65.00,63.75,63.75,63.75,65.00,,63.75,,,4800,308400.00,3,F1,1600,,,,,
2026-09-25,2026-09-25,CM,NSE,STK,25634,INE122M01019,ESSARSHPNG,EQ,,,,,ESSAR SHIPPING LTD,16.20,16.30,16.04,16.12,16.15,16.18,,16.14,,,48806,786531.63,364,F1,1,,,,,
2026-09-25,2026-09-25,CM,NSE,STK,17084,INE0ITO01014,ESFL,SM,,,,,ESSEN SPECIALITY FILMS L,118.30,121.80,118.00,121.80,121.80,119.05,,121.80,,,2520,299880.00,7,F1,360,,,,,
2026-09-25,2026-09-25,CM,NSE,STK,24265,INE778B01029,ESTER,EQ,,,,,ESTER INDUSTRIES LTD,86.80,87.50,85.72,86.14,86.79,86.89,,86.15,,,24329,2102190.90,604,F1,1,,,,,
2026-09-25,2026-09-25,CM,NSE,STK,5097,INE758T01015,ETERNAL,EQ,,,,,ETERNAL LIMITED,335.60,339.90,331.70,335.00,335.00,335.50,,335.00,,,24508361,8193753191.90,116052,F1,1,,,,,
2026-09-25,2026-09-25,CM,NSE,STK,9750,INE04TZ01018,ETHOSLTD,EQ,,,,,ETHOS LIMITED,2605.00,2616.90,2539.90,2552.80,2549.90,2605.70,,2553.03,,,28869,74112666.90,7259,F1,1,,,,,
2026-09-25,2026-09-25,CM,NSE,STK,25162,INE0KCE01017,EUREKAFORB,EQ,,,,,EUREKA FORBES LIMITED,376.00,376.90,366.20,370.85,370.00,375.10,,370.84,,,220304,81568698.50,13051,F1,1,,,,,
2026-09-25,2026-09-25,CM,NSE,STK,6042,INE546V01010,EIFFL,BE,,,,,EURO (I) FRESH FOODS LTD,271.05,271.70,270.95,271.70,271.70,266.40,,271.70,,,525,142461.95,10,F1,1,,,,,
2026-09-25,2026-09-25,CM,NSE,STK,757953,INE505V01016,EUROBOND,EQ,,,,,EURO PANEL PRODUCTS LTD,148.57,153.00,145.25,150.56,151.00,148.57,,150.58,,,2657,395207.51,51,F1,1,,,,,
2026-09-25,2026-09-25,CM,NSE,STK,759797,INE198501012,EUROPRATIK,EQ,,,,,EURO PRATIK SALES LIMITED,213.50,215.45,210.75,213.15,213.80,211.65,,213.16,,,201904,43142975.40,3205,F1,1,,,,,
2026-09-25,2026-09-25,CM,NSE,STK,8886,INE022C01012,EUROTEXIND,BE,,,,,EUROTEX IND & EXPORTS LTD,12.80,12.80,11.62,11.75,11.75,12.21,,11.75,,,18,218.81,5,F1,1,,,,,
2026-09-25,2026-09-25,CM,NSE,STK,11782,INE128A01029,EVEREADY,EQ,,,,,EVEREADY INDS. IND.  LTD.,322.80,327.45,320.15,322.00,320.15,326.05,,322.05,,,48301,15607207.65,1429,F1,1,,,,,
2026-09-25,2026-09-25,CM,NSE,STK,6017,INE295A01018,EVERESTIND,BE,,,,,EVEREST INDUSTRIES LTD,430.00,430.00,420.10,426.30,430.00,431.75,,426.30,,,4610,1966507.35,116,F1,1,,,,,
2026-09-25,2026-09-25,CM,NSE,STK,13091,INE184H01027,EKC,EQ,,,,,EVEREST KANTO CYLINDERLTD,111.40,111.68,109.14,110.28,110.14,111.50,,110.28,,,363550,40063405.24,4757,F1,1,,,,,
2026-09-25,2026-09-25,CM,NSE,STK,11471,INE369A01029,EXCELINDUS,EQ,,,,,EXCEL INDUSTRIES LTD,955.20,955.20,920.50,928.90,933.00,950.00,,928.90,,,8422,7862888.50,1019,F1,1,,,,,
2026-09-25,2026-09-25,CM,NSE,STK,25327,INE0Y4801011,EXCELLENT,ST,,,,,EXCELLENT WIRES N PACK L,192.90,192.90,192.90,192.90,192.90,190.55,,192.90,,,1600,308640.00,1,F1,1600,,,,,
2026-09-25,2026-09-25,CM,NSE,STK,760007,INE606N01019,EXCELSOFT,EQ,,,,,EXCELSOFT TECHNOLOGIES L,82.20,87.80,82.06,86.62,86.80,81.69,,86.63,,,4192133,360243764.49,30469,F1,1,,,,,
2026-09-25,2026-09-25,CM,NSE,STK,22947,INE777F01014,EXICOM,EQ,,,,,EXICOM TELE SYSTEMS LTD,165.45,165.80,160.30,160.99,161.00,164.64,,160.99,,,739666,119572447.12,7710,F1,1,,,,,
2026-09-25,2026-09-25,CM,NSE,STK,676,INE302A01020,EXIDEIND,EQ,,,,,EXIDE INDUSTRIES LTD,426.85,431.70,419.85,423.65,424.10,426.55,,423.65,,,1864971,791452064.85,31443,F1,1,,,,,
2026-09-25,2026-09-25,CM,NSE,STK,760422,INE19I001020,EXIMROUTES,SM,,,,,EXIM ROUTES LIMITED,95.90,95.90,95.90,95.90,95.90,90.10,,95.90,,,800,76720.00,1,F1,800,,,,,
2026-09-25,2026-09-25,CM,NSE,STK,17486,INE201K01015,EXPLEOSOL,EQ,,,,,EXPLEO SOLUTIONS LIMITED,873.00,885.00,865.00,883.25,885.00,871.55,,883.27,,,8559,7486991.30,1016,F1,1,,,,,
2026-09-25,2026-09-25,CM,NSE,STK,5352,INE0GFE01026,EXXARO,EQ,,,,,EXXARO TILES LIMITED,6.24,6.30,6.10,6.21,6.19,6.24,,6.20,,,141227,875131.02,353,F1,1,,,,,
2026-09-25,2026-09-25,CM,NSE,STK,760125,INE0HF201011,FABTECH,EQ,,,,,FABTECH TECHNOLOGIES LTD,146.10,148.54,145.22,145.83,145.60,146.47,,145.83,,,55026,8055025.25,727,F1,1,,,,,
2026-09-25,2026-09-25,CM,NSE,STK,1008,INE188A01015,FACT,EQ,,,,,FACT LTD,777.80,782.95,770.10,777.90,777.00,777.80,,777.90,,,64010,49679716.35,4546,F1,1,,,,,
2026-09-25,2026-09-25,CM,NSE,STK,1619,INE0DNW01011,FAIRCHEMOR,BE,,,,,FAIRCHEM ORGANICS LIMITED,660.00,685.00,659.95,671.55,672.90,657.95,,670.83,,,8980,6078804.55,406,F1,1,,,,,
2026-09-25,2026-09-25,CM,NSE,STK,765368,INE1Q2D01019,FASCINATE,SM,,,,,FASCINATE TEXTILES LTD,59.90,60.95,57.00,60.95,60.95,58.05,,60.95,,,296800,17905600.00,199,F1,800,,,,,
2026-09-25,2026-09-25,CM,NSE,STK,12000,INE963C01033,FAZE3Q,EQ,,,,,FAZE THREE LIMITED,428.20,441.00,423.05,434.05,438.00,422.00,,433.95,,,5839,2510829.15,549,F1,1,,,,,
2026-09-25,2026-09-25,CM,NSE,STK,11999,INE512B01022,FCSSOFT,EQ,,,,,FCS SOFTWARE SOLN. LTD.,1.34,1.46,1.34,1.46,1.46,1.33,,1.46,,,3497198,4981562.26,1257,F1,1,,,,,
2026-09-25,2026-09-25,CM,NSE,STK,4898,INE258B01022,FDC,EQ,,,,,FDC LIMITED,345.25,348.00,339.25,341.00,342.05,345.70,,341.00,,,111248,38151023.70,5127,F1,1,,,,,
2026-09-25,2026-09-25,CM,NSE,STK,20322,INE007N01010,FEDFINA,EQ,,,,,FEDBANK FINANCIAL SER L,153.48,154.21,150.03,151.68,151.06,152.71,,151.67,,,956913,145230084.19,15398,F1,1,,,,,
2026-09-25,2026-09-25,CM,NSE,STK,762675,INE417D01020,FEDDERSHOL,EQ,,,,,FEDDERS HOLDING LTD.,66.14,66.73,60.20,62.31,62.05,64.71,,62.30,,,5634189,360452610.51,24115,F1,1,,,,,
2026-09-25,2026-09-25,CM,NSE,STK,1023,INE171A01029,FEDERALBNK,EQ,,,,,FEDERAL BANK LTD,327.50,332.50,319.50,322.00,322.00,329.50,,322.00,,,6128694,2001100168.95,63699,F1,1,,,,,
2026-09-25,2026-09-25,CM,NSE,STK,1190,INE529A01010,FMGOETZE,EQ,,,,,FEDERAL-MOGUL GOETZE (IND,466.90,484.45,462.10,482.60,481.25,468.45,,482.63,,,222375,105502796.05,8113,F1,1,,,,,
2026-09-25,2026-09-25,CM,NSE,STK,573,INE901X01013,FELIX,SM,,,,,FELIX INDUSTRIES LTD.,200.00,204.70,198.50,202.45,200.60,202.15,,202.45,,,26500,5331450.00,41,F1,500,,,,,
2026-09-25,2026-09-25,CM,NSE,STK,762680,INE225B01021,FERMENTA,EQ,,,,,FERMENTA BIOTECH LTD.,481.95,483.45,466.20,468.40,467.55,478.05,,468.38,,,37736,17896902.20,2406,F1,1,,,,,
2026-09-25,2026-09-25,CM,NSE,STK,8159,INE296C01020,FIBERWEB,EQ,,,,,FIBERWEB INDIA LIMITED,27.10,27.70,26.19,26.54,26.89,26.57,,26.54,,,9370,251018.49,145,F1,1,,,,,
2026-09-25,2026-09-25,CM,NSE,STK,9858,INE0LQQ01019,FIDEL,SM,,,,,FIDEL SOFTECH LIMITED,170.00,170.00,165.00,168.00,168.00,175.00,,168.00,,,18000,3025700.00,11,F1,1000,,,,,
2026-09-25,2026-09-25,CM,NSE,STK,13710,INE737H01014,FIEMIND,EQ,,,,,FIEM INDUSTRIES LIMITED,1926.00,1988.80,1917.00,1965.50,1975.00,1917.20,,1965.41,,,120437,236686994.10,19015,F1,1,,,,,
2026-09-25,2026-09-25,CM,NSE,STK,23647,INE185E01021,FILATFASH,EQ,,,,,FILATEX FASHIONS LIMITED,0.19,0.19,0.18,0.18,0.19,0.18,,0.18,,,45723506,8582334.13,1549,F1,1,,,,,
2026-09-25,2026-09-25,CM,NSE,STK,24532,INE816B01035,FILATEX,EQ,,,,,FILATEX INDIA LTD,106.00,109.30,104.00,106.94,109.30,105.32,,106.96,,,6901260,730089820.37,27339,F1,1,,,,,
2026-09-25,2026-09-25,CM,NSE,STK,759776,INE0EDU01014,FINBUD,SM,,,,,FINBUD FINANCIAL SERV LTD,123.50,123.50,110.00,116.00,116.00,121.70,,116.00,,,57000,6584950.00,50,F1,1000,,,,,
2026-09-25,2026-09-25,CM,NSE,STK,3744,INE686Y01026,FINEORG,EQ,,,,,FINE ORGANIC IND. LTD.,5052.00,5104.50,5039.50,5083.00,5093.00,5062.50,,5082.95,,,6621,33586852.50,2676,F1,1,,,,,
2026-09-25,2026-09-25,CM,NSE,STK,6198,INE045J01034,FCL,EQ,,,,,FINEOTEX CHEMICAL LIMITED,56.50,61.05,55.75,60.48,60.40,56.07,,60.48,,,47041849,2779659517.34,133219,F1,1,,,,,
2026-09-25,2026-09-25,CM,NSE,STK,759239,INE734I01027,FINKURVE,EQ,,,,,FINKURVE FINANCIAL SERV L,70.02,70.48,68.15,69.31,68.22,70.18,,69.31,,,39834,2764735.07,1748,F1,1,,,,,
2026-09-25,2026-09-25,CM,NSE,STK,6579,INE02NC01014,FINOPB,EQ,,,,,FINO PAYMENTS BANK LTD,128.10,129.35,127.21,128.25,129.35,129.28,,128.26,,,171278,21928569.32,2127,F1,1,,,,,
2026-09-25,2026-09-25,CM,NSE,STK,1038,INE235A01022,FINCABLES,EQ,,,,,FINOLEX CABLES LTD,1482.00,1493.90,1426.10,1460.90,1465.00,1480.00,,1460.89,,,501380,731670713.40,25360,F1,1,,,,,
2026-09-25,2026-09-25,CM,NSE,STK,1041,INE183A01024,FINPIPE,EQ,,,,,FINOLEX INDUSTRIES LTD,154.04,154.60,152.45,154.16,153.57,154.04,,154.15,,,346254,53167355.37,12965,F1,1,,,,,
2026-09-25,2026-09-25,CM,NSE,STK,14304,INE684F01012,FSL,EQ,,,,,FIRSTSOURCE SOLU. LTD.,262.15,264.95,257.35,259.45,260.75,262.15,,259.46,,,417268,108442819.65,15933,F1,1,,,,,
2026-09-25,2026-09-25,CM,NSE,STK,757658,INE771F01041,FISCHER,EQ,,,,,FISCHER MEDICAL VENTURE L,34.90,35.99,33.76,34.29,34.24,34.23,,34.29,,,891671,30510809.66,2303,F1,1,,,,,
2026-09-25,2026-09-25,CM,NSE,STK,12032,INE128S01021,FIVESTAR,EQ,,,,,FIVE-STAR BUS FIN LTD,526.85,529.45,514.65,520.95,520.95,524.85,,520.94,,,930721,483597533.10,36730,F1,1,,,,,
2026-09-25,2026-09-25,CM,NSE,STK,20372,INE00Y201027,FLAIR,EQ,,,,,FLAIR WRITING INDUST LTD,242.96,242.96,235.50,237.58,238.30,242.96,,237.59,,,69478,16604812.26,1872,F1,1,,,,,
2026-09-25,2026-09-25,CM,NSE,STK,25516,INE060J01017,FLEXITUFF,BE,,,,,FLEXITUFF VENTURES INT L,2.82,2.82,2.82,2.82,2.82,2.77,,2.83,,,4300,12126.00,7,F1,1,,,,,
2026-09-25,2026-09-25,CM,NSE,STK,758208,INE0VCK01011,FLYSBS,SM,,,,,FLYSBS AVIATION LIMITED,653.00,669.00,621.00,640.30,635.50,654.40,,640.30,,,57600,37169840.00,220,F1,200,,,,,
2026-09-25,2026-09-25,CM,NSE,STK,760331,INE0SQZ01015,FWSTC,SM,,,,,FLYWINGS SIMULAT T C LTD,164.00,185.00,161.30,175.45,180.00,162.00,,175.45,,,11400,1939350.00,13,F1,600,,,,,
2026-09-25,2026-09-25,CM,NSE,STK,6839,INE593W01028,FOCUS,BE,,,,,FOCUS LIGHTG & FIXTRS LTD,58.50,59.79,57.21,59.44,59.63,58.24,,59.44,,,18214,1066580.95,166,F1,1,,,,,
2026-09-25,2026-09-25,CM,NSE,STK,22520,INE0Q4701019,FONEBOX,ST,,,,,FONEBOX RETAIL LIMITED,167.65,167.65,167.60,167.65,167.65,159.70,,167.65,,,36000,6035350.00,27,F1,1000,,,,,
2026-09-25,2026-09-25,CM,NSE,STK,6673,INE976E01023,FOODSIN,EQ,,,,,FOODS & INNS LIMITED,52.51,53.08,52.13,52.97,53.00,52.98,,52.97,,,73902,3893964.19,1249,F1,1,,,,,
2026-09-25,2026-09-25,CM,NSE,STK,24917,INE0U2501017,FORCAS,ST,,,,,FORCAS STUDIO LIMITED,229.25,229.25,221.00,222.00,222.00,220.05,,222.00,,,8000,1797360.00,5,F1,1600,,,,,
2026-09-25,2026-09-25,CM,NSE,STK,11573,INE451A01017,FORCEMOT,EQ,,,,,FORCE MOTORS LIMITED,17188.00,17430.00,17084.00,17388.00,17388.00,17142.00,,17383.29,,,64737,1117633700.00,18543,F1,1,,,,,
2026-09-25,2026-09-25,CM,NSE,STK,14592,INE061F01013,FORTIS,EQ,,,,,FORTIS HEALTHCARE LTD,878.15,880.55,832.00,837.85,837.85,877.35,,837.69,,,2433292,2061296793.40,70634,F1,1,,,,,
2026-09-25,2026-09-25,CM,NSE,STK,1073,INE519A01011,FOSECOIND,EQ,,,,,FOSECO INDIA LTD,6451.50,6535.00,6431.50,6468.00,6441.00,6477.00,,6467.69,,,19496,126619956.00,5326,F1,1,,,,,
2026-09-25,2026-09-25,CM,NSE,STK,760961,INE212S01015,FRACTAL,EQ,,,,,FRACTAL ANALYTICS LIMITED,747.55,753.00,740.80,750.20,751.00,749.25,,750.21,,,163432,122152862.00,10710,F1,1,,,,,
2026-09-25,2026-09-25,CM,NSE,STK,764683,INE194R01017,FREDUN,EQ,,,,,FREDUN PHARMACEUTICALS L,1361.10,1388.00,1338.00,1356.60,1360.00,1360.30,,1356.90,,,64955,88107602.50,4500,F1,1,,,,,
2026-09-25,2026-09-25,CM,NSE,STK,25871,INE0SFW01015,FRESHARA,ST,,,,,FRESHARA AGRO EXPORTS LTD,405.10,410.00,405.10,410.00,410.00,404.35,,410.00,,,6000,2453970.00,9,F1,600,,,,,
2026-09-25,2026-09-25,CM,NSE,STK,11501,INE385O01018,FROG,SM,,,,,FROG INNOVATIONS LIMITED,270.00,275.90,267.00,269.65,267.00,268.95,,269.65,,,12400,3366100.00,27,F1,400,,,,,
2026-09-25,2026-09-25,CM,NSE,STK,762685,INE572D01014,FRONTSP,EQ,,,,,FRONTIER SPRINGS LTD.,1524.20,1542.40,1420.00,1438.80,1445.80,1510.40,,1439.05,,,77261,113142775.70,8787,F1,1,,,,,
2026-09-25,2026-09-25,CM,NSE,STK,6545,INE388Y01029,NYKAA,EQ,,,,,FSN E COMMERCE VENTURES,335.50,336.70,329.70,333.70,333.70,335.30,,333.70,,,3537870,1175950604.00,37126,F1,1,,,,,
2026-09-25,2026-09-25,CM,NSE,STK,759876,INE12UR01024,UTLSOLAR,EQ,,,,,FUJIYAMA POWER SYSTEMS L,439.90,442.20,416.00,422.10,418.00,433.40,,422.06,,,315720,134912366.15,12567,F1,1,,,,,
2026-09-25,2026-09-25,CM,NSE,STK,11932,INE139R01012,FUSION,EQ,,,,,FUSION FINANCE LIMITED,177.78,181.90,173.01,177.14,176.35,176.80,,177.15,,,397315,69800860.84,7071,F1,1,,,,,
2026-09-25,2026-09-25,CM,NSE,STK,14868,INE452O01016,FLFL,BZ,,,,,FUT LIFESTYLE FASH LTD,1.15,1.18,1.09,1.12,1.12,1.14,,1.15,,,16733,18993.84,64,F1,1,,,,,
2026-09-25,2026-09-25,CM,NSE,STK,13812,INE623B01027,FEL,BZ,,,,,FUTURE ENTERPRISES LTD,0.37,0.37,0.36,0.36,0.37,0.36,,0.36,,,254388,93492.42,67,F1,1,,,,,
2026-09-25,2026-09-25,CM,NSE,STK,30491,IN9623B01058,FELDVR,BZ,,,,,FUTURE ENTERPRISES LTD,2.09,2.09,1.97,2.00,2.00,2.07,,2.00,,,1021,2022.20,22,F1,1,,,,,
2026-09-25,2026-09-25,CM,NSE,STK,21017,INE360L01017,FMNL,EQ,,,,,FUTURE MKT NETWORKS LTD,8.25,8.25,7.83,8.00,8.00,8.09,,8.12,,,12957,103447.49,125,F1,1,,,,,
2026-09-25,2026-09-25,CM,NSE,STK,1168,INE075D01018,GMBREW,EQ,,,,,G M BREWERIES LTD,967.25,986.75,960.50,978.80,980.00,967.25,,978.78,,,73282,71618725.60,4385,F1,1,,,,,
2026-09-25,2026-09-25,CM,NSE,STK,5054,INE201P01022,GRINFRA,EQ,,,,,G R INFRAPROJECTS LIMITED,818.40,821.50,806.65,812.40,810.20,810.30,,812.60,,,12680,10295556.95,1595,F1,1,,,,,
2026-09-25,2026-09-25,CM,NSE,STK,1129,INE586X01012,GTECJAINX,EQ,,,,,G-TEC JAINX EDUCATION LTD,26.10,27.49,26.10,26.52,26.26,26.48,,26.52,,,1870,50365.89,23,F1,1,,,,,
2026-09-25,2026-09-25,CM,NSE,STK,1085,INE524A01029,GABRIEL,EQ,,,,,GABRIEL INDIA LTD,1407.60,1407.70,1371.20,1386.70,1387.00,1397.30,,1386.68,,,141245,195751907.60,12730,F1,1,,,,,
2026-09-25,2026-09-25,CM,NSE,STK,18018,INE224E01028,GATECH,BE,,,,,GACM TECHNOLOGIES LIMITED,0.70,0.70,0.70,0.70,0.70,0.73,,0.70,,,12183864,8528704.80,4712,F1,1,,,,,
2026-09-25,2026-09-25,CM,NSE,STK,27,INE224E01036,GATECHDVR,BE,,,,,GACM TECHNOLOGIES LIMITED,0.49,0.49,0.46,0.48,0.49,0.47,,0.49,,,240706,114770.68,185,F1,1,,,,,
2026-09-25,2026-09-25,CM,NSE,STK,4717,INE129A01019,GAIL,EQ,,,,,GAIL (INDIA) LTD,173.90,173.98,171.59,172.70,172.70,173.85,,172.70,,,5454851,941763456.51,31039,F1,1,,,,,
2026-09-25,2026-09-25,CM,NSE,STK,765396,INE18UN01038,GAJA,EQ,,,,,GAJA ALT ASSET MGT LTD,146.00,146.75,140.01,142.26,142.25,145.94,,142.26,,,562904,80313048.02,7990,F1,1,,,,,
2026-09-25,2026-09-25,CM,NSE,STK,25244,INE0QTE01018,GAJANAND,SM,,,,,GAJANAND INTERNATIONAL L,6.65,7.95,6.65,7.35,7.35,7.85,,7.35,,,45000,335850.00,7,F1,3000,,,,,
2026-09-25,2026-09-25,CM,NSE,STK,25134,INE0RE001014,GALAPREC,EQ,,,,,GALA PRECISION ENG LTD,1120.00,1172.60,1095.60,1148.60,1153.80,1117.10,,1148.25,,,75963,86298157.00,8120,F1,1,,,,,
2026-09-25,2026-09-25,CM,NSE,STK,1315,INE600K01018,GALAXYSURF,EQ,,,,,GALAXY SURFACTANTS LTD,2262.00,2321.00,2234.20,2261.30,2259.00,2246.60,,2261.44,,,53147,120940300.30,9700,F1,1,,,,,
2026-09-25,2026-09-25,CM,NSE,STK,13337,INE297H01019,GALLANTT,EQ,,,,,GALLANTT ISPAT LIMITED,553.00,563.00,541.20,545.10,549.80,545.25,,545.09,,,58267,31965146.50,3384,F1,1,,,,,
2026-09-25,2026-09-25,CM,NSE,STK,20303,INE717W01049,GANDHAR,EQ,,,,,GANDHAR OIL REFINE IND L,262.70,264.50,259.70,261.65,262.30,262.70,,261.65,,,300287,78433735.45,5686,F1,1,,,,,
2026-09-25,2026-09-25,CM,NSE,STK,14116,INE524B01027,GANDHITUBE,EQ,,,,,GANDHI SPL. TUBES LTD,979.10,982.95,957.50,966.50,968.00,979.10,,966.50,,,7495,7287441.90,741,F1,1,,,,,
2026-09-25,2026-09-25,CM,NSE,STK,5617,INE388A01029,GANESHBE,BE,,,,,GANESH BENZOPLAST LIMITED,126.79,132.81,125.10,130.84,132.50,126.49,,130.94,,,352767,46355699.97,1208,F1,1,,,,,
2026-09-25,2026-09-25,CM,NSE,STK,759012,INE652V01016,GANESHCP,EQ,,,,,GANESH CONSUMER PRODUCT L,161.92,162.50,159.50,159.94,160.45,161.92,,159.94,,,96333,15458445.43,1824,F1,1,,,,,
2026-09-25,2026-09-25,CM,NSE,STK,24439,INE0R8C01018,GGBL,SM,,,,,GANESH GREEN BHARAT LTD,220.60,220.80,209.00,210.35,210.00,218.30,,210.35,,,30900,6614385.00,87,F1,300,,,,,
2026-09-25,2026-09-25,CM,NSE,STK,14339,INE460C01014,GANESHHOU,EQ,,,,,GANESH HOUSING LIMITED,737.15,742.50,720.00,734.75,739.90,736.85,,734.76,,,18687,13665709.00,2203,F1,1,,,,,
2026-09-25,2026-09-25,CM,NSE,STK,27339,INE0TVT01024,GANESHIN,SM,,,,,GANESH INFRAWORLD LIMITED,91.00,93.45,89.65,91.70,91.40,91.00,,91.70,,,63200,5796680.00,48,F1,800,,,,,
2026-09-25,2026-09-25,CM,NSE,STK,6944,INE845D01014,GANECOS,EQ,,,,,GANESHA ECOSPHERE LIMITED,1009.00,1035.90,1003.70,1028.60,1029.70,1014.00,,1028.61,,,48026,48932836.10,4783,F1,1,,,,,
2026-09-25,2026-09-25,CM,NSE,STK,757525,INE0ZI101018,GANGABATH,SM,,,,,GANGA BATH FITTINGS LTD,22.50,22.50,21.50,22.50,22.50,22.80,,22.50,,,12000,264000.00,4,F1,3000,,,,,
2026-09-25,2026-09-25,CM,NSE,STK,4957,INE691Z01023,GANGAFORGE,EQ,,,,,GANGA FORGING LIMITED,1.52,1.53,1.45,1.46,1.47,1.52,,1.46,,,3359674,4951308.30,1719,F1,1,,,,,
2026-09-25,2026-09-25,CM,NSE,STK,21399,INE335W01016,GANGESSECU,EQ,,,,,GANGES SECURITIES LIMITED,112.22,116.99,112.22,114.61,114.60,112.10,,114.61,,,834,95382.73,13,F1,1,,,,,
2026-09-25,2026-09-25,CM,NSE,STK,5475,INE382Z01011,GRSE,EQ,,,,,GARDEN REACH SHIP&ENG LTD,2344.10,2355.00,2303.00,2319.00,2315.80,2344.00,,2319.01,,,252777,586473812.80,21470,F1,1,,,,,
2026-09-25,2026-09-25,CM,NSE,STK,25800,INE0JVO01026,GARUDA,EQ,,,,,GARUDA CONSTRUCT N ENG L,178.00,179.76,174.51,176.87,176.05,178.21,,176.87,,,407274,71869504.98,6161,F1,1,,,,,
2026-09-25,2026-09-25,CM,NSE,STK,7982,INE291A01017,GRWRHITECH,EQ,,,,,GARWARE HI-TECH FILMS LTD,6321.00,6687.00,6321.00,6640.00,6649.00,6342.50,,6637.57,,,90455,597655675.50,17205,F1,1,,,,,
2026-09-25,2026-09-25,CM,NSE,STK,1100,INE276A01018,GARFIBRES,EQ,,,,,GARWARE TECH FIBRES LTD,778.00,787.00,768.95,773.50,775.00,781.95,,773.54,,,23488,18286492.20,5829,F1,1,,,,,
2026-09-25,2026-09-25,CM,NSE,STK,8510,INE079J01017,GATEWAY,EQ,,,,,GATEWAY DISTRIPARKS LTD,52.37,52.75,52.20,52.50,52.49,52.37,,52.50,,,282280,14798686.82,2691,F1,1,,,,,
2026-09-25,2026-09-25,CM,NSE,STK,760178,INE0P8B01020,GAUDIUMIVF,EQ,,,,,GAUDIUM IVF N WOMEN H L,116.50,118.90,113.58,115.22,115.30,115.85,,115.26,,,251182,28858822.99,3219,F1,1,,,,,
2026-09-25,2026-09-25,CM,NSE,STK,3693,INE287Z01012,GAYAHWS,EQ,,,,,GAYATRI HIGHWAYS LIMITED,1.85,1.88,1.83,1.85,1.85,1.85,,1.85,,,70343,130902.36,194,F1,1,,,,,
2026-09-25,2026-09-25,CM,NSE,STK,25023,INE336H01023,GAYAPROJ,EQ,,,,,GAYATRI PROJECTS LTD,23.00,23.39,22.05,22.91,22.89,23.01,,22.91,,,505264,11563726.64,2396,F1,1,,,,,
2026-09-25,2026-09-25,CM,NSE,STK,14052,INE0LVM01018,GRCL,SM,,,,,GAYATRI RUBB AND CHEM LTD,600.00,600.00,595.00,597.90,597.90,572.00,,597.90,,,1000,597712.50,4,F1,250,,,,,
2026-09-25,2026-09-25,CM,NSE,STK,7862,INE878A01011,GVPIL,EQ,,,,,GE POWER INDIA LIMITED,679.00,683.95,656.15,669.70,670.80,659.40,,669.72,,,103896,69224129.70,6654,F1,1,,,,,
2026-09-25,2026-09-25,CM,NSE,STK,16783,INE200A01026,GVT&D,EQ,,,,,GE VERNOVA T&D INDIA LTD,4292.00,4327.60,4250.00,4280.00,4280.00,4286.30,,4280.00,,,325045,1390017244.80,29946,F1,1,,,,,
2026-09-25,2026-09-25,CM,NSE,STK,13662,INE916G01016,GEECEE,BE,,,,,GEECEE VENTURES LIMITED,363.50,372.50,359.10,360.60,360.10,371.95,,360.69,,,1795,648097.05,61,F1,1,,,,,
2026-09-25,2026-09-25,CM,NSE,STK,17922,INE669X01032,GEEKAYWIRE,EQ,,,,,GEEKAY WIRES LIMITED,33.41,34.00,32.00,32.90,33.28,33.41,,32.90,,,415607,13768480.94,1451,F1,1,,,,,
2026-09-25,2026-09-25,CM,NSE,STK,759461,INE06XZ01023,GEMAROMA,EQ,,,,,GEM AROMATICS LIMITED,156.00,160.00,153.41,158.93,160.00,155.18,,158.92,,,50483,7941833.98,1716,F1,1,,,,,
2026-09-25,2026-09-25,CM,NSE,STK,277,INE481Y01014,GICRE,EQ,,,,,GENERAL INS CORP OF INDIA,339.30,340.80,336.30,337.50,337.70,339.25,,337.49,,,262473,88574120.65,9266,F1,1,,,,,
2026-09-25,2026-09-25,CM,NSE,STK,2188,INE854S01022,GENCON,EQ,,,,,GENERIC ENG CONS PROJ LTD,38.15,39.59,37.75,38.17,37.75,38.65,,38.18,,,268643,10367179.71,1037,F1,1,,,,,
2026-09-25,2026-09-25,CM,NSE,STK,10905,INE727B01026,GENESYS,EQ,,,,,GENESYS INTL CORPN LTD,294.03,294.03,282.66,286.17,285.94,283.18,,286.16,,,754157,217075711.32,12145,F1,1,,,,,
2026-09-25,2026-09-25,CM,NSE,STK,758842,INE06H201014,GENSOL,BZ,,,,,GENSOL ENGINEERING LTD,16.51,16.94,16.40,16.71,16.78,17.04,,16.68,,,61010,1010182.87,588,F1,1,,,,,
2026-09-25,2026-09-25,CM,NSE,STK,6600,INE949P01018,GENUSPAPER,EQ,,,,,GENUS P&B LIMITED,11.32,11.33,10.67,10.83,10.70,11.20,,10.83,,,303009,3320288.81,530,F1,1,,,,,
2026-09-25,2026-09-25,CM,NSE,STK,11905,INE955D01029,GENUSPOWER,EQ,,,,,GENUS POWER INFRASTRU LTD,308.00,309.90,302.90,305.70,306.80,306.60,,305.69,,,866753,265059072.70,15553,F1,1,,,,,
2026-09-25,2026-09-25,CM,NSE,STK,31942,INE1W0N01014,GENXAI,SM,,,,,GENXAI ANALYTICS LIMITED,75.00,75.00,71.00,71.40,71.00,72.15,,71.40,,,31200,2268900.00,25,F1,1200,,,,,
2026-09-25,2026-09-25,CM,NSE,STK,11896,INE007B01023,GEOJITFSL,EQ,,,,,GEOJIT FINANCIAL SER L,79.17,83.24,78.21,81.51,81.26,79.17,,81.50,,,547369,44434402.91,6284,F1,1,,,,,
2026-09-25,2026-09-25,CM,NSE,STK,1289,INE538A01037,GFLLIMITED,EQ,,,,,GFL LIMITED,55.60,58.50,54.30,57.29,58.40,54.93,,57.30,,,59780,3342877.84,1473,F1,1,,,,,
2026-09-25,2026-09-25,CM,NSE,STK,1127,INE539A01019,GHCL,EQ,,,,,GHCL LIMITED,421.00,421.20,415.30,419.80,419.30,421.30,,419.81,,,80239,33542108.40,4248,F1,1,,,,,
2026-09-25,2026-09-25,CM,NSE,STK,16696,INE0PA801013,GHCLTEXTIL,EQ,,,,,GHCL TEXTILES LIMITED,135.00,140.97,133.84,139.12,138.97,135.34,,139.11,,,554170,76808740.94,11054,F1,1,,,,,
2026-09-25,2026-09-25,CM,NSE,STK,1139,INE289B01019,GICHSGFIN,EQ,,,,,GIC HOUSING FINANCE LTD,138.94,138.94,136.60,137.32,137.68,137.96,,137.32,,,36885,5061354.06,1099,F1,1,,,,,
2026-09-25,2026-09-25,CM,NSE,STK,17839,INE047B01011,GILLANDERS,EQ,,,,,GILLANDERS ARBUTHNOT LTD,103.50,109.20,102.50,108.69,106.07,103.76,,108.69,,,20672,2213431.17,140,F1,1,,,,,
2026-09-25,2026-09-25,CM,NSE,STK,1576,INE322A01010,GILLETTE,EQ,,,,,GILLETTE INDIA LTD,7117.00,7117.00,6970.00,7072.00,7097.50,7118.50,,7071.85,,,22019,154784599.00,7119,F1,1,,,,,
2026-09-25,2026-09-25,CM,NSE,STK,9294,INE424C01010,GINNIFILA,BE,,,,,GINNIFILAMENTS LTD.,42.39,43.30,42.00,42.49,42.50,42.39,,42.49,,,182240,7792472.66,69,F1,1,,,,,
2026-09-25,2026-09-25,CM,NSE,STK,2365,INE614Z01017,GIRIRAJ,SM,,,,,GIRIRAJ CIVIL DEVP LTD,73.80,73.80,67.25,67.25,67.25,70.75,,67.25,,,1750,122862.50,7,F1,250,,,,,
2026-09-25,2026-09-25,CM,NSE,STK,759048,INE1AG301022,GKENERGY,EQ,,,,,GK ENERGY LIMITED,124.50,125.93,122.82,123.68,124.00,124.69,,123.68,,,194586,24005407.87,2419,F1,1,,,,,
2026-09-25,2026-09-25,CM,NSE,STK,764688,INE265D01015,GKB,EQ,,,,,GKB OPHTHALMICS LTD.,67.20,69.48,67.20,68.54,67.40,67.68,,68.54,,,873,59207.09,20,F1,1,,,,,
2026-09-25,2026-09-25,CM,NSE,STK,17357,INE528A01020,GKWLIMITED,EQ,,,,,GKW LIMITED,1591.00,1600.00,1552.00,1556.00,1555.50,1561.40,,1556.00,,,1360,2144348.60,31,F1,1,,,,,
2026-09-25,2026-09-25,CM,NSE,STK,1186,INE068V01023,GLAND,EQ,,,,,GLAND PHARMA LIMITED,2885.00,2927.00,2882.00,2917.20,2910.00,2897.40,,2917.06,,,124312,361904440.00,16875,F1,1,,,,,
2026-09-25,2026-09-25,CM,NSE,STK,766005,INE644Q01039,GLASSWALL,EQ,,,,,GLASS WALL SYSTEM (I) LTD,274.78,282.00,262.00,274.19,275.20,272.07,,274.18,,,16111693,4382364996.82,131275,F1,1,,,,,
2026-09-25,2026-09-25,CM,NSE,STK,1153,INE159A01016,GLAXO,EQ,,,,,GLAXOSMITHKLINE PHARMA LT,2829.00,2842.40,2807.40,2815.70,2807.50,2829.20,,2815.72,,,15380,43373682.60,3598,F1,1,,,,,
2026-09-25,2026-09-25,CM,NSE,STK,7406,INE935A01035,GLENMARK,EQ,,,,,GLENMARK PHARMACEUTICALS,2425.00,2435.20,2365.70,2380.00,2380.00,2430.40,,2380.00,,,785299,1876263270.50,61416,F1,1,,,,,
2026-09-25,2026-09-25,CM,NSE,STK,1415,INE291W01037,GLOBAL,EQ,,,,,GLOBAL EDUCATION LIMITED,142.35,142.49,134.11,135.40,135.50,141.00,,135.40,,,227619,31095561.28,3949,F1,1,,,,,
2026-09-25,2026-09-25,CM,NSE,STK,11956,INE474Q01031,MEDANTA,EQ,,,,,GLOBAL HEALTH LIMITED,1506.00,1509.70,1479.90,1495.40,1497.00,1506.20,,1495.39,,,158143,236334149.80,20988,F1,1,,,,,
2026-09-25,2026-09-25,CM,NSE,STK,17167,INE0PS501019,GLOBALPET,SM,,,,,GLOBAL PET INDUSTRIES LTD,160.00,160.00,160.00,160.00,160.00,160.00,,160.00,,,1500,240000.00,2,F1,750,,,,,
2026-09-25,2026-09-25,CM,NSE,STK,14599,INE0JSX01015,GSLSU,EQ,,,,,GLOBAL SURFACES LIMITED,31.08,31.70,30.55,31.13,31.25,31.98,,31.13,,,37609,1169305.35,573,F1,1,,,,,
2026-09-25,2026-09-25,CM,NSE,STK,13735,INE792H01019,GLOBALVECT,EQ,,,,,GLOBAL VEC HELICORP LTD,133.85,138.90,133.65,134.06,135.25,135.89,,134.06,,,4099,551472.25,206,F1,1,,,,,
2026-09-25,2026-09-25,CM,NSE,STK,24932,INE0URU01010,GLOBALE,EQ,,,,,GLOBALE TESSILE LIMITED,10.80,11.25,10.33,10.59,11.09,10.80,,10.59,,,1300,14047.30,24,F1,1,,,,,
2026-09-25,2026-09-25,CM,NSE,STK,758572,INE0V3U01015,GLOBECIVIL,EQ,,,,,GLOBE CIVIL PROJECTS LTD,42.47,43.69,42.35,43.12,43.40,43.18,,43.03,,,9026,386991.35,241,F1,1,,,,,
2026-09-25,2026-09-25,CM,NSE,STK,393,INE581X01021,GLOBE,EQ,,,,,GLOBE ENTERPRISE (I) LTD,2.22,2.31,2.22,2.24,2.25,2.26,,2.24,,,416495,937465.25,267,F1,1,,,,,
2026-09-25,2026-09-25,CM,NSE,STK,761021,INE947T01022,GICL,BE,,,,,GLOBE INTL CARRIERS LTD,22.75,23.50,22.51,23.45,23.48,23.50,,23.45,,,115450,2660418.17,104,F1,1,,,,,
2026-09-25,2026-09-25,CM,NSE,STK,9764,INE00WS01056,GSTL,SM,,,,,GLOBESECURE TECHNO LTD,12.25,12.25,11.40,11.40,11.40,11.95,,11.40,,,10000,116500.00,8,F1,1000,,,,,
2026-09-25,2026-09-25,CM,NSE,STK,17424,INE615I01010,GLOBUSSPR,EQ,,,,,GLOBUS SPIRITS LTD,836.50,840.00,827.95,832.55,830.00,836.50,,832.57,,,35079,29203966.15,3926,F1,1,,,,,
2026-09-25,2026-09-25,CM,NSE,STK,23590,INE350Z01018,GLOSTERLTD,EQ,,,,,GLOSTER LIMITED,566.00,571.00,550.00,552.70,552.00,572.00,,552.81,,,3632,2023472.90,310,F1,1,,,,,
2026-09-25,2026-09-25,CM,NSE,STK,760116,INE0TQE01026,GLOTTIS,EQ,,,,,GLOTTIS LIMITED,63.88,68.29,63.30,65.62,65.30,63.36,,65.62,,,240211,15778521.11,2896,F1,1,,,,,
2026-09-25,2026-09-25,CM,NSE,STK,1570,INE541A01023,GMMPFAUDLR,EQ,,,,,GMM PFAUDLER LIMITED,1479.50,1514.20,1460.00,1505.20,1500.00,1475.40,,1505.14,,,220062,328042799.70,19010,F1,1,,,,,
2026-09-25,2026-09-25,CM,NSE,STK,13528,INE776C01039,GMRAIRPORT,EQ,,,,,GMR AIRPORTS LIMITED,96.64,98.20,96.64,97.95,97.95,97.35,,97.94,,,10108888,985477454.32,41187,F1,1,,,,,
2026-09-25,2026-09-25,CM,NSE,STK,8529,INE0CU601026,GMRP&UI,EQ,,,,,GMR POW AND URBAN INFRA L,101.41,103.62,99.40,102.68,102.19,101.41,,102.68,,,2175028,221845578.29,22274,F1,1,,,,,
2026-09-25,2026-09-25,CM,NSE,STK,18571,INE934S01014,GNA,EQ,,,,,GNA AXLES LIMITED,623.00,627.90,611.10,617.65,616.00,620.45,,617.68,,,623477,386510851.30,17690,F1,1,,,,,
2026-09-25,2026-09-25,CM,NSE,STK,757862,INE18JU01028,EBGNG,EQ,,,,,GNG ELECTRONICS LIMITED,679.40,690.00,659.30,669.00,667.75,676.65,,669.00,,,433643,291288947.95,19379,F1,1,,,,,
2026-09-25,2026-09-25,CM,NSE,STK,23799,INE03JT01014,GODIGIT,EQ,,,,,GO DIGIT GENERAL INS LTD,253.00,254.40,250.25,253.70,254.00,250.30,,253.73,,,365201,92288934.45,20962,F1,1,,,,,
2026-09-25,2026-09-25,CM,NSE,STK,6964,INE0BJS01011,GOCOLORS,EQ,,,,,GO FASHION INDIA LTD,320.70,321.75,313.30,317.35,315.35,318.35,,317.35,,,25771,8188573.70,2139,F1,1,,,,,
2026-09-25,2026-09-25,CM,NSE,STK,14687,INE426D01013,GOACARBON,EQ,,,,,GOA CARBON LIMITED,409.90,410.00,396.25,401.80,398.55,404.75,,401.80,,,14667,5908587.45,864,F1,1,,,,,
2026-09-25,2026-09-25,CM,NSE,STK,3963,INE077F01035,GOCLCORP,EQ,,,,,GOCL CORPORATION LIMITED,380.25,398.00,378.55,384.10,383.80,380.25,,384.05,,,105705,40483970.05,4032,F1,1,,,,,
2026-09-25,2026-09-25,CM,NSE,STK,25941,INE497S01012,GODAVARIB,EQ,,,,,GODAVARI BIOREFINERIES L,239.93,239.93,235.01,236.52,235.60,238.65,,236.56,,,50525,11940584.59,1245,F1,1,,,,,
2026-09-25,2026-09-25,CM,NSE,STK,13409,INE177H01039,GPIL,EQ,,,,,GODAWARI POW & ISP LTD,230.00,232.39,228.13,229.42,229.95,229.78,,229.42,,,863273,198624174.28,16672,F1,1,,,,,
2026-09-25,2026-09-25,CM,NSE,STK,1181,INE260B01028,GODFRYPHLP,EQ,,,,,GODFREY PHILLIPS INDIA LT,1974.00,1987.40,1965.00,1970.40,1970.40,1974.00,,1970.28,,,68917,136007212.90,6828,F1,1,,,,,
2026-09-25,2026-09-25,CM,NSE,STK,144,INE850D01014,GODREJAGRO,EQ,,,,,GODREJ AGROVET LIMITED,676.00,679.95,653.35,657.80,659.45,676.05,,657.83,,,120326,79662447.65,8750,F1,1,,,,,
2026-09-25,2026-09-25,CM,NSE,STK,10099,INE102D01028,GODREJCP,EQ,,,,,GODREJ CONSUMER PRODUCTS,873.35,880.55,871.45,880.00,880.00,875.00,,880.00,,,288234,252688606.35,8758,F1,1,,,,,
2026-09-25,2026-09-25,CM,NSE,STK,10925,INE233A01035,GODREJIND,EQ,,,,,GODREJ INDUSTRIES LTD,1093.00,1146.00,1090.40,1105.30,1100.00,1099.00,,1105.19,,,262360,292406883.80,25346,F1,1,,,,,
2026-09-25,2026-09-25,CM,NSE,STK,17875,INE484J01027,GODREJPROP,EQ,,,,,GODREJ PROPERTIES LTD,1666.00,1700.10,1666.00,1700.10,1700.10,1671.20,,1699.90,,,273610,461888657.60,18451,F1,1,,,,,
2026-09-25,2026-09-25,CM,NSE,STK,27273,IN0020240159,679GS2034A,GS,,,,,GOI LOAN   6.79% 2034,97.03,97.03,97.03,97.03,97.03,99.01,,97.03,,,100,9703.00,1,F1,1,,,,,
2026-09-25,2026-09-25,CM,NSE,STK,27819,IN0020240175,698GR2054,GS,,,,,GOI LOAN   6.98% 2054,91.70,91.75,91.70,91.75,91.75,94.50,,91.75,,,300,27520.00,3,F1,1,,,,,
2026-09-25,2026-09-25,CM,NSE,STK,27170,IN0020240142,709GS2074,GS,,,,,GOI LOAN   7.09% 2074,95.00,95.39,94.85,95.11,95.11,94.95,,95.11,,,3576,340383.07,15,F1,1,,,,,
2026-09-25,2026-09-25,CM,NSE,STK,6695,IN0020210186,574GS2026,GS,,,,,GOI LOAN  5.74% 2026,101.51,102.49,101.51,102.49,102.49,102.05,,102.49,,,404,41209.94,4,F1,1,,,,,
2026-09-25,2026-09-25,CM,NSE,STK,757753,IN0020250034,591GS2028,GS,,,,,GOI LOAN  5.91% 2028,99.55,99.55,99.55,99.55,99.55,99.55,,99.55,,,20,1991.00,1,F1,1,,,,,
2026-09-25,2026-09-25,CM,NSE,STK,760622,IN0020250125,603GS2029,GS,,,,,GOI LOAN  6.03% 2029,99.25,99.25,99.25,99.25,99.25,99.25,,99.25,,,200,19850.00,1,F1,1,,,,,
2026-09-25,2026-09-25,CM,NSE,STK,5012,IN0020210095,610GS2031,GS,,,,,GOI LOAN  6.10% 2031,99.99,99.99,99.99,99.99,99.99,99.99,,99.99,,,1,99.99,1,F1,1,,,,,
2026-09-25,2026-09-25,CM,NSE,STK,759396,IN0020250091,648GS2035,GS,,,,,GOI LOAN  6.48% 2035,97.90,97.90,97.90,97.90,97.90,97.90,,97.90,,,101,9887.90,3,F1,1,,,,,
2026-09-25,2026-09-25,CM,NSE,STK,765941,IN0020260074,653GS2031,GS,,,,,GOI LOAN  6.53% 2031,98.01,98.02,98.01,98.02,98.02,98.01,,98.02,,,200,19603.00,2,F1,1,,,,,
2026-09-25,2026-09-25,CM,NSE,STK,7843,IN0020210244,654GS2032,GS,,,,,GOI LOAN  6.54% 2032,98.28,98.28,98.28,98.28,98.28,99.00,,98.28,,,2542,249827.76,2,F1,1,,,,,
2026-09-25,2026-09-25,CM,NSE,STK,956,IN0020200252,667GS2050,GS,,,,,GOI LOAN  6.67% 2050,93.50,93.50,93.20,93.20,93.20,93.51,,93.76,,,53,4954.60,2,F1,1,,,,,
2026-09-25,2026-09-25,CM,NSE,STK,760623,IN0020250133,668GS2033,GS,,,,,GOI LOAN  6.68% 2033,98.21,99.00,98.21,98.80,98.80,98.50,,98.80,,,1500,147985.00,4,F1,1,,,,,
2026-09-25,2026-09-25,CM,NSE,STK,757847,IN0020250042,668GS2040,GS,,,,,GOI LOAN  6.68% 2040,94.71,98.00,94.71,98.00,98.00,97.10,,98.00,,,86906,8500175.85,9,F1,1,,,,,
2026-09-25,2026-09-25,CM,NSE,STK,2317,IN0020200401,676GS2061,GS,,,,,GOI LOAN  6.76% 2061,90.00,90.00,89.49,89.49,89.49,89.74,,89.02,,,25657,2296284.37,26,F1,1,,,,,
2026-09-25,2026-09-25,CM,NSE,STK,22438,IN0020200187,68GS2060,GS,,,,,GOI LOAN  6.8% 2060,92.20,92.20,91.50,91.60,91.65,91.50,,91.60,,,415,38014.85,12,F1,1,,,,,
2026-09-25,2026-09-25,CM,NSE,STK,756014,IN0020250018,690GS2065,GS,,,,,GOI LOAN  6.90% 2065,93.94,93.94,93.11,93.83,93.83,93.33,,93.83,,,1355,126929.64,11,F1,1,,,,,
2026-09-25,2026-09-25,CM,NSE,STK,763340,IN0020260025,694GS2036,GS,,,,,GOI LOAN  6.94% 2036,101.09,101.09,101.09,101.09,101.09,101.09,,101.09,,,200,20218.00,2,F1,1,,,,,
2026-09-25,2026-09-25,CM,NSE,STK,6817,IN0020210202,695GS2061,GS,,,,,GOI LOAN  6.95% 2061,93.25,93.30,93.25,93.25,93.25,93.25,,93.25,,,3,279.80,3,F1,1,,,,,
2026-09-25,2026-09-25,CM,NSE,STK,6696,IN0020210194,699GS2051,GS,,,,,GOI LOAN  6.99% 2051,96.75,96.75,95.50,95.50,95.50,93.87,,95.50,,,8213,785972.45,7,F1,1,,,,,
2026-09-25,2026-09-25,CM,NSE,STK,23854,IN0020240043,702GS2027,GS,,,,,GOI LOAN  7.02% 2027,102.25,102.25,102.25,102.25,102.25,102.21,,102.25,,,800,81800.00,1,F1,1,,,,,
2026-09-25,2026-09-25,CM,NSE,STK,23919,IN0020240050,704GS2029,GS,,,,,GOI LOAN  7.04% 2029,103.50,103.50,103.50,103.50,103.50,102.66,,103.50,,,4,414.00,1,F1,1,,,,,
2026-09-25,2026-09-25,CM,NSE,STK,14970,IN0020230010,706GS2028,GS,,,,,GOI LOAN  7.06% 2028,103.50,103.50,103.50,103.50,103.50,103.75,,103.50,,,1,103.50,1,F1,1,,,,,
2026-09-25,2026-09-25,CM,NSE,STK,764295,IN0020260041,706GS2041,GS,,,,,GOI LOAN  7.06% 2041,99.10,100.75,99.10,100.70,100.70,99.10,,100.70,,,229,22726.40,4,F1,1,,,,,
2026-09-25,2026-09-25,CM,NSE,STK,24949,IN0020240118,709GS2054,GS,,,,,GOI LOAN  7.09% 2054,95.20,95.20,95.10,95.10,95.10,95.50,,95.30,,,1355,128915.10,4,F1,1,,,,,
2026-09-25,2026-09-25,CM,NSE,STK,23463,IN0020240019,71GS2034,GS,,,,,GOI LOAN  7.1% 2034,104.45,104.45,102.34,103.95,103.95,103.75,,103.95,,,303,31015.26,5,F1,1,,,,,
2026-09-25,2026-09-25,CM,NSE,STK,15050,IN0020230036,717GS2030,GS,,,,,GOI LOAN  7.17% 2030,104.25,104.26,104.25,104.26,104.26,103.26,,104.26,,,6401,667334.26,4,F1,1,,,,,
2026-09-25,2026-09-25,CM,NSE,STK,17398,IN0020230077,718GS2037,GS,,,,,GOI LOAN  7.18% 2037,102.50,102.50,101.75,101.93,101.90,101.72,,101.93,,,25057,2552388.62,27,F1,1,,,,,
2026-09-25,2026-09-25,CM,NSE,STK,758674,IN0020250075,724GS2055,GS,,,,,GOI LOAN  7.24% 2055,96.85,96.97,96.55,96.55,96.55,96.75,,96.75,,,1603,154805.37,10,F1,1,,,,,
2026-09-25,2026-09-25,CM,NSE,STK,16733,IN0020230044,725GS2063,GS,,,,,GOI LOAN  7.25% 2063,97.00,97.00,96.40,96.65,96.65,96.82,,96.65,,,83370,8056881.92,85,F1,1,,,,,
2026-09-25,2026-09-25,CM,NSE,STK,10722,IN0020220060,726GS2032,GS,,,,,GOI LOAN  7.26% 2032,101.75,107.10,101.75,104.04,104.04,107.10,,104.04,,,13,1351.01,5,F1,1,,,,,
2026-09-25,2026-09-25,CM,NSE,STK,16865,IN0020230051,73GS2053,GS,,,,,GOI LOAN  7.3% 2053,98.42,98.42,98.37,98.37,98.38,98.60,,98.37,,,2889,284326.55,17,F1,1,,,,,
2026-09-25,2026-09-25,CM,NSE,STK,20136,IN0020230135,732GS2030,GS,,,,,GOI LOAN  7.32% 2030,103.55,103.55,103.55,103.55,103.55,103.55,,103.55,,,850,88017.50,2,F1,1,,,,,
2026-09-25,2026-09-25,CM,NSE,STK,19685,IN0020230119,733GS2026,GS,,,,,GOI LOAN  7.33% 2026,102.50,102.60,102.40,102.60,102.60,102.40,,102.60,,,4350,446095.70,8,F1,1,,,,,
2026-09-25,2026-09-25,CM,NSE,STK,23558,IN0020240035,734GS2064,GS,,,,,GOI LOAN  7.34% 2064,98.51,99.00,98.51,98.85,98.85,98.95,,98.77,,,177887,17580255.17,43,F1,1,,,,,
2026-09-25,2026-09-25,CM,NSE,STK,10931,IN0020220086,736GS2052,GS,,,,,GOI LOAN  7.36% 2052,98.50,98.50,98.00,98.00,98.00,96.60,,98.00,,,55,5405.00,2,F1,1,,,,,
2026-09-25,2026-09-25,CM,NSE,STK,19566,IN0020230101,737GS2028,GS,,,,,GOI LOAN  7.37% 2028,104.00,105.98,104.00,105.98,105.98,104.10,,105.98,,,797,83674.06,3,F1,1,,,,,
2026-09-25,2026-09-25,CM,NSE,STK,10981,IN0020220094,74GS2062,GS,,,,,GOI LOAN  7.4% 2062,98.00,99.90,98.00,99.80,99.80,98.00,,100.10,,,2149,213684.80,6,F1,1,,,,,
2026-09-25,2026-09-25,CM,NSE,STK,13194,IN0020220102,741GS2036,GS,,,,,GOI LOAN  7.41% 2036,100.91,104.30,100.91,104.10,104.10,103.50,,104.10,,,3203,331910.47,11,F1,1,,,,,
2026-09-25,2026-09-25,CM,NSE,STK,760649,IN0020250117,743GS2076,GS,,,,,GOI LOAN  7.43% 2076,99.20,99.20,98.01,98.17,98.02,98.25,,98.12,,,48997,4807344.92,81,F1,1,,,,,
2026-09-25,2026-09-25,CM,NSE,STK,19808,IN0020230127,746GS2073,GS,,,,,GOI LOAN  7.46% 2073,107.00,107.00,107.00,107.00,107.00,103.99,,107.00,,,1,107.00,1,F1,1,,,,,
2026-09-25,2026-09-25,CM,NSE,STK,763146,IN0020260017,750GS2056,GS,,,,,GOI LOAN  7.50% 2056,102.45,102.45,102.45,102.45,102.45,102.00,,102.45,,,2000,204900.00,3,F1,1,,,,,
2026-09-25,2026-09-25,CM,NSE,STK,9585,IN0020220029,754GS2036,GS,,,,,GOI LOAN  7.54% 2036,105.02,105.50,105.02,105.16,105.20,105.10,,105.16,,,352635,37113533.35,186,F1,1,,,,,
2026-09-25,2026-09-25,CM,NSE,STK,766043,IN0020260082,763GS2056,GS,,,,,GOI LOAN  7.63% 2056,100.21,100.21,100.21,100.21,100.21,100.00,,100.21,,,100,10021.00,1,F1,1,,,,,
2026-09-25,2026-09-25,CM,NSE,STK,763489,IN0020260033,771GS2066,GS,,,,,GOI LOAN  7.71% 2066,104.88,104.88,103.53,104.13,104.19,104.80,,104.13,,,32265,3355649.58,19,F1,1,,,,,
2026-09-25,2026-09-25,CM,NSE,STK,9047,IN0020220011,710GS2029,GS,,,,,GOI LOAN 7.10% 2029,104.01,104.49,104.01,104.49,104.49,103.50,,104.49,,,1501,156579.62,3,F1,1,,,,,
2026-09-25,2026-09-25,CM,NSE,STK,18474,IN0020200039,719GS2060,GS,,,,,GOI LOAN 7.19% 2060,95.20,95.20,95.20,95.20,95.20,95.20,,95.20,,,5000,476000.00,8,F1,1,,,,,
2026-09-25,2026-09-25,CM,NSE,STK,9913,IN0020220037,738GS2027,GS,,,,,GOI LOAN 7.38% 2027,102.25,102.86,102.25,102.54,102.85,102.60,,102.54,,,165751,16989957.01,17,F1,1,,,,,
2026-09-25,2026-09-25,CM,NSE,STK,6835,IN0020020106,795GS2032,GS,,,,,GOI LOAN 7.95% 2032,107.40,107.40,107.40,107.40,107.40,105.00,,107.40,,,1,107.40,1,F1,1,,,,,
2026-09-25,2026-09-25,CM,NSE,STK,7106,IN0020140052,824GS2033,GS,,,,,GOI LOAN 8.24% 2033,111.00,111.00,111.00,111.00,111.00,110.35,,111.00,,,1948,216228.00,1,F1,1,,,,,
2026-09-25,2026-09-25,CM,NSE,STK,6884,IN0020060078,824GS2027,GS,,,,,GOI LOAN 8.24%2027,101.60,101.65,101.50,101.50,101.50,101.65,,101.50,,,1010,102516.40,3,F1,1,,,,,
2026-09-25,2026-09-25,CM,NSE,STK,6898,IN0020070036,826GS2027,GS,,,,,GOI LOAN 8.26% 2027,102.00,102.15,102.00,102.15,102.15,102.14,,102.15,,,4,408.30,2,F1,1,,,,,
2026-09-25,2026-09-25,CM,NSE,STK,6921,IN0020070069,828GS2027,GS,,,,,GOI LOAN 8.28% 2027,166.48,166.48,166.48,166.48,166.48,158.56,,166.48,,,1,166.48,1,F1,1,,,,,
2026-09-25,2026-09-25,CM,NSE,STK,7039,IN0020130053,92GS2030,GS,,,,,GOI LOAN 9.20% 2030,113.21,115.00,113.12,113.81,113.80,113.19,,113.81,,,13306,1528812.45,26,F1,1,,,,,
2026-09-25,2026-09-25,CM,NSE,STK,764426,IN002026Y188,182D040227,TB,,,,,GOI TBILL 182D-04/02/27,98.01,98.01,98.01,98.01,98.01,97.50,,98.01,,,9600,940896.00,1,F1,100,,,,,
2026-09-25,2026-09-25,CM,NSE,STK,765983,IN002026Y238,182D110327,TB,,,,,GOI TBILL 182D-11/03/27,96.55,96.89,96.54,96.89,96.89,96.71,,96.89,,,600,57997.00,3,F1,100,,,,,
2026-09-25,2026-09-25,CM,NSE,STK,765443,IN002026Y212,182D260227,TB,,,,,GOI TBILL 182D-26/02/27,96.77,96.77,96.77,96.77,96.77,96.50,,96.77,,,500,48385.00,2,F1,100,,,,,
2026-09-25,2026-09-25,CM,NSE,STK,763782,IN002026Y139,182D311226,TB,,,,,GOI TBILL 182D-31/12/26,98.59,98.59,98.59,98.59,98.59,97.75,,98.59,,,4800,473232.00,1,F1,100,,,,,
2026-09-25,2026-09-25,CM,NSE,STK,764512,IN002026Z193,364D120827,TB,,,,,GOI TBILL 364D-12/08/27,94.63,94.63,94.63,94.63,94.63,94.63,,94.63,,,500,47315.00,1,F1,100,,,,,
2026-09-25,2026-09-25,CM,NSE,STK,760030,IN002025Z351,364D261126,TB,,,,,GOI TBILL 364D-26/11/26,98.35,98.35,98.35,98.35,98.35,97.60,,98.35,,,4000,393400.00,3,F1,100,,,,,
2026-09-25,2026-09-25,CM,NSE,STK,763626,IN002026Z086,364D280527,TB,,,,,GOI TBILL 364D-28/05/27,95.27,95.36,95.27,95.27,95.27,95.96,,95.27,,,2600,247729.00,4,F1,100,,,,,
2026-09-25,2026-09-25,CM,NSE,STK,759504,IN002025Z310,364D291026,TB,,,,,GOI TBILL 364D-29/10/26,99.00,99.00,99.00,99.00,99.00,99.47,,99.00,,,4000,396000.00,1,F1,100,,,,,
2026-09-25,2026-09-25,CM,NSE,STK,764047,IN002026X149,91D081026,TB,,,,,GOI TBILL 91D-08/10/26,99.75,99.75,99.71,99.72,99.71,99.71,,99.72,,,1000,99726.00,10,F1,100,,,,,
2026-09-25,2026-09-25,CM,NSE,STK,765982,IN002026X230,91D101226,TB,,,,,GOI TBILL 91D-10/12/26,98.70,98.85,98.70,98.85,98.85,98.50,,98.85,,,5100,503835.00,4,F1,100,,,,,
2026-09-25,2026-09-25,CM,NSE,STK,764510,IN002026X198,91D121126,TB,,,,,GOI TBILL 91D-12/11/26,99.50,99.60,99.50,99.60,99.60,99.29,,99.60,,,800,79630.00,2,F1,100,,,,,
2026-09-25,2026-09-25,CM,NSE,STK,764252,IN002026X164,91D221026,TB,,,,,GOI TBILL 91D-22/10/26,99.51,99.51,99.51,99.51,99.51,99.57,,99.51,,,100,9951.00,1,F1,100,,,,,
2026-09-25,2026-09-25,CM,NSE,STK,766232,IN002026X255,91D241226,TB,,,,,GOI TBILL 91D-24/12/26,98.59,98.65,97.90,98.50,98.50,98.68,,98.50,,,2900,285254.00,5,F1,100,,,,,
2026-09-25,2026-09-25,CM,NSE,STK,765442,IN002026X214,91D271126,TB,,,,,GOI TBILL 91D-27/11/26,98.80,98.95,98.80,98.87,98.85,98.80,,98.87,,,2400,237155.00,3,F1,100,,,,,
2026-09-25,2026-09-25,CM,NSE,STK,11778,INE887G01027,GOKEX,EQ,,,,,GOKALDAS EXPORTS LTD.,698.00,700.65,683.10,689.60,687.80,692.85,,689.59,,,158193,109303732.80,9789,F1,1,,,,,
2026-09-25,2026-09-25,CM,NSE,STK,14480,INE314T01033,GOKULAGRO,EQ,,,,,GOKUL AGRO RESOURCES LTD,223.65,227.92,220.61,221.89,221.53,224.98,,221.90,,,174168,38988321.11,6734,F1,1,,,,,
2026-09-25,2026-09-25,CM,NSE,STK,16705,INE020J01029,GOKUL,EQ,,,,,GOKUL REFOILS & SOLV LTD,39.59,40.49,39.41,39.69,39.50,39.92,,39.70,,,145483,5838659.40,1911,F1,1,,,,,
2026-09-25,2026-09-25,CM,NSE,STK,11619,INE973A01010,GOLDENTOBC,BZ,,,,,GOLDEN TOBACCO LIMITED,23.72,24.99,23.05,24.61,23.54,24.24,,24.62,,,1693,40930.99,41,F1,1,,,,,
2026-09-25,2026-09-25,CM,NSE,STK,11971,INE025B01025,GOLDIAM,EQ,,,,,GOLDIAM INTERNATIONAL LTD,322.10,326.95,320.00,325.05,324.25,321.70,,324.97,,,256884,83287707.15,7142,F1,1,,,,,
2026-09-25,2026-09-25,CM,NSE,STK,1,INE405Y01021,GOLDSTAR,SM,,,,,GOLDSTAR POWER LIMITED,10.65,10.65,10.40,10.65,10.65,10.15,,10.65,,,270000,2865375.00,24,F1,11250,,,,,
2026-09-25,2026-09-25,CM,NSE,STK,6125,INE127I01024,GOODLUCK,EQ,,,,,GOODLUCK INDIA LIMITED,530.45,534.05,519.00,525.65,526.40,530.45,,525.76,,,239704,126189431.25,13410,F1,1,,,,,
2026-09-25,2026-09-25,CM,NSE,STK,1205,INE533A01012,GOODYEAR,EQ,,,,,GOODYEAR INDIA LIMITED,707.15,714.95,701.10,707.80,708.75,707.15,,708.24,,,2471,1747756.45,488,F1,1,,,,,
2026-09-25,2026-09-25,CM,NSE,STK,23066,INE0L9R01028,GOPAL,EQ,,,,,GOPAL SNACKS LIMITED,264.00,264.00,257.85,260.95,260.00,262.55,,260.94,,,103108,26930829.25,5370,F1,1,,,,,
2026-09-25,2026-09-25,CM,NSE,STK,11787,INE705X01026,GOYALALUM,EQ,,,,,GOYAL ALUMINIUMS LIMITED,6.10,6.10,5.80,5.91,5.92,5.93,,5.91,,,40513,239711.54,376,F1,1,,,,,
2026-09-25,2026-09-25,CM,NSE,STK,19356,INE0QFE01017,GOYALSALT,SM,,,,,GOYAL SALT LIMITED,106.00,106.00,102.00,102.00,102.00,108.90,,102.00,,,6000,622200.00,10,F1,600,,,,,
2026-09-25,2026-09-25,CM,NSE,STK,24108,INE0S7E01015,GPECO,SM,,,,,GP ECO SOLUTIONS INDIA L,386.65,403.00,386.00,402.05,403.00,389.65,,402.05,,,14000,5518910.00,63,F1,200,,,,,
2026-09-25,2026-09-25,CM,NSE,STK,11584,INE586G01017,GULFPETRO,BE,,,,,GP PETROLEUMS LIMITED,63.55,63.80,60.61,60.88,60.70,63.55,,60.88,,,115393,7052948.44,357,F1,1,,,,,
2026-09-25,2026-09-25,CM,NSE,STK,22846,INE486R01017,GPTHEALTH,EQ,,,,,GPT HEALTHCARE LIMITED,162.00,164.09,160.00,161.27,163.04,161.73,,161.13,,,66898,10821726.19,2240,F1,1,,,,,
2026-09-25,2026-09-25,CM,NSE,STK,17685,INE390G01014,GPTINFRA,EQ,,,,,GPT INFRAPROJECTS LTD,115.99,116.90,112.50,114.43,113.50,113.52,,114.46,,,124954,14313362.33,1583,F1,1,,,,,
2026-09-25,2026-09-25,CM,NSE,STK,763301,INE361K01017,GRADIENTE,BE,,,,,GRADIENTE INFOTAINMENT L,2.19,2.19,2.05,2.05,2.05,2.15,,2.05,,,920446,1905200.93,333,F1,1,,,,,
2026-09-25,2026-09-25,CM,NSE,STK,30289,INE12E301017,GCHOTELS,ST,,,,,GRAND CONTINENT HOTELS L,130.00,131.00,123.50,123.50,123.50,130.00,,123.50,,,63600,7995000.00,75,F1,600,,,,,
2026-09-25,2026-09-25,CM,NSE,STK,11079,INE534A01028,GFSTEELS,BE,,,,,GRAND FOUNDRY LTD,32.45,32.45,32.45,32.45,32.45,30.91,,32.45,,,15795,512547.75,25,F1,1,,,,,
2026-09-25,2026-09-25,CM,NSE,STK,762695,INE926B01016,GRANDOAK,EQ,,,,,GRAND OAK CANYONS DIST L,34.70,35.46,34.05,34.77,35.33,33.82,,34.77,,,2445,84904.32,103,F1,1,,,,,
2026-09-25,2026-09-25,CM,NSE,STK,11872,INE101D01020,GRANULES,EQ,,,,,GRANULES INDIA LIMITED,856.90,875.00,849.05,868.65,869.85,853.00,,868.95,,,597420,514015478.80,24691,F1,1,,,,,
2026-09-25,2026-09-25,CM,NSE,STK,592,INE371A01025,GRAPHITE,EQ,,,,,GRAPHITE INDIA LTD,819.60,838.55,815.30,820.70,820.00,814.70,,820.70,,,1351331,1116639885.40,49787,F1,1,,,,,
2026-09-25,2026-09-25,CM,NSE,STK,1232,INE047A01021,GRASIM,EQ,,,,,GRASIM INDUSTRIES LTD,3175.00,3212.50,3161.00,3191.00,3191.00,3166.50,,3190.99,,,773413,2460765178.30,22488,F1,1,,,,,
2026-09-25,2026-09-25,CM,NSE,STK,5200,INE266D01021,GRAUWEIL,EQ,,,,,GRAUER & WEIL IND LTD,87.20,88.40,85.75,88.02,87.90,86.69,,88.03,,,1099667,96243969.52,8742,F1,1,,,,,
2026-09-25,2026-09-25,CM,NSE,STK,762703,INE214F01026,GRAVISSHO,BE,,,,,GRAVISS HOSPITALITY LTD.,32.35,32.35,30.90,32.35,32.35,32.35,,32.44,,,931,29363.06,23,F1,1,,,,,
2026-09-25,2026-09-25,CM,NSE,STK,20534,INE024L01027,GRAVITA,EQ,,,,,GRAVITA INDIA LIMITED,1520.00,1525.00,1492.30,1495.40,1497.20,1515.40,,1495.27,,,266305,400585435.70,16895,F1,1,,,,,
2026-09-25,2026-09-25,CM,NSE,STK,1235,INE224A01026,GREAVESCOT,EQ,,,,,GREAVES COTTON LTD.,223.50,235.64,218.71,234.78,234.52,221.83,,234.78,,,10729752,2460903910.64,113870,F1,1,,,,,
2026-09-25,2026-09-25,CM,NSE,STK,17092,INE0O7P01015,GREENCHEF,SM,,,,,GREENCHEF APPLIANCES LTD,70.55,73.15,70.55,71.00,71.00,73.40,,71.00,,,19200,1379000.00,20,F1,800,,,,,
2026-09-25,2026-09-25,CM,NSE,STK,6848,INE544R01021,GREENLAM,EQ,,,,,GREENLAM INDUSTRIES LTD.,227.00,229.05,223.21,224.32,225.00,227.00,,224.32,,,82357,18584060.22,1378,F1,1,,,,,
2026-09-25,2026-09-25,CM,NSE,STK,759427,INE0PLX01017,GREENLEAF,ST,,,,,GREENLEAF ENVIROTECH LTD,106.10,106.30,104.00,106.10,106.30,106.00,,106.10,,,6000,634350.00,6,F1,1000,,,,,
2026-09-25,2026-09-25,CM,NSE,STK,13810,INE08ZM01014,GREENPANEL,EQ,,,,,GREENPANEL INDUSTRIES LTD,168.00,168.00,160.50,162.61,162.15,166.61,,162.60,,,194144,31546366.41,4177,F1,1,,,,,
2026-09-25,2026-09-25,CM,NSE,STK,3987,INE461C01038,GREENPLY,EQ,,,,,GREENPLY INDUSTRIES LTD,294.55,294.55,282.20,287.25,286.50,294.30,,287.26,,,357533,102103764.35,5942,F1,1,,,,,
2026-09-25,2026-09-25,CM,NSE,STK,758986,INE199P01028,GCSL,EQ,,,,,GRETEX CORPORATE SERVICES,633.50,655.00,631.00,653.45,654.00,633.30,,653.46,,,444252,286062720.90,3932,F1,1,,,,,
2026-09-25,2026-09-25,CM,NSE,STK,18741,INE985P01012,GRETEX,SM,,,,,GRETEX INDUSTRIES LTD.,214.00,214.00,214.00,214.00,214.00,225.00,,214.00,,,750,160500.00,1,F1,750,,,,,
2026-09-25,2026-09-25,CM,NSE,STK,13560,INE536A01023,GRINDWELL,EQ,,,,,GRINDWELL NORTON LIMITED,2000.80,2000.80,1956.20,1972.70,1975.00,1981.00,,1972.56,,,9040,17842818.20,2417,F1,1,,,,,
2026-09-25,2026-09-25,CM,NSE,STK,10871,INE192H01020,GRMOVER,EQ,,,,,GRM OVERSEAS LIMITED,79.87,81.00,79.02,80.63,80.77,79.87,,80.62,,,997560,79516027.69,3870,F1,1,,,,,
2026-09-25,2026-09-25,CM,NSE,STK,760971,INE1TY801010,GJL,ST,,,,,GROVER JEWELLS LIMITED,386.95,386.95,386.95,386.95,386.95,368.55,,386.95,,,4800,1857360.00,5,F1,800,,,,,
2026-09-25,2026-09-25,CM,NSE,STK,764285,INF666M01PH7,CEMNTGROWW,EQ,,,,,GROWWAMC - CEMNTGROWW,14.14,14.34,14.01,14.13,14.15,14.14,,14.13,,,41703,587807.54,328,F1,1,,,,,
2026-09-25,2026-09-25,CM,NSE,STK,760051,INF666M01MM4,GROWWCAPM,EQ,,,,,GROWWAMC - GROWWCAPM,11.21,11.25,11.07,11.12,11.19,11.20,,11.12,,,2769816,30858103.43,1138,F1,1,,,,,
2026-09-25,2026-09-25,CM,NSE,STK,760673,INF666M01NP5,GROWWCHEM,EQ,,,,,GROWWAMC - GROWWCHEM,29.21,29.85,28.86,29.44,29.84,29.26,,29.44,,,28804,839461.35,246,F1,1,,,,,
2026-09-25,2026-09-25,CM,NSE,STK,25758,INF666M01IO8,GROWWDEFNC,EQ,,,,,GROWWAMC - GROWWDEFNC,94.58,94.58,92.92,93.87,94.37,93.65,,93.87,,,118117,11052172.50,2370,F1,1,,,,,
2026-09-25,2026-09-25,CM,NSE,STK,24798,INF666M01IH2,GROWWEV,EQ,,,,,GROWWAMC - GROWWEV,31.10,31.49,31.00,31.43,31.22,31.17,,31.43,,,483550,15115387.78,1625,F1,1,,,,,
2026-09-25,2026-09-25,CM,NSE,STK,25872,INF666M01OE7,GROWWGOLD,EQ,,,,,GROWWAMC - GROWWGOLD,14.60,14.79,14.60,14.70,14.71,14.60,,14.70,,,843288,12361602.65,2590,F1,1,,,,,
2026-09-25,2026-09-25,CM,NSE,STK,760874,INF666M01OD9,GROWWHOSPI,EQ,,,,,GROWWAMC - GROWWHOSPI,52.80,52.87,51.41,51.64,51.76,52.80,,51.64,,,318735,16506572.70,1680,F1,1,,,,,
2026-09-25,2026-09-25,CM,NSE,STK,25447,INF666M01IP5,GROWWLIQID,EQ,,,,,GROWWAMC - GROWWLIQID,110.91,110.92,110.91,110.91,110.92,110.87,,110.91,,,154736,17162786.84,195,F1,1,,,,,
2026-09-25,2026-09-25,CM,NSE,STK,758300,INF666M01LB9,GROWWLOVOL,EQ,,,,,GROWWAMC - GROWWLOVOL,10.18,10.18,9.96,10.06,10.12,10.18,,10.06,,,6778,68299.24,116,F1,1,,,,,
2026-09-25,2026-09-25,CM,NSE,STK,759719,INF666M01MV5,GROWWMC150,EQ,,,,,GROWWAMC - GROWWMC150,229.74,229.74,223.50,226.09,226.09,225.99,,226.09,,,271,61082.10,26,F1,1,,,,,
2026-09-25,2026-09-25,CM,NSE,STK,760438,INF666M01NI0,GROWWMETAL,EQ,,,,,GROWWAMC - GROWWMETAL,12.59,12.59,12.29,12.53,12.50,12.37,,12.53,,,294393,3678908.24,1482,F1,1,,,,,
2026-09-25,2026-09-25,CM,NSE,STK,756086,INF666M01KJ4,GROWWMOM50,EQ,,,,,GROWWAMC - GROWWMOM50,10.83,10.97,10.77,10.82,10.85,10.83,,10.82,,,416743,4516656.50,407,F1,1,,,,,
2026-09-25,2026-09-25,CM,NSE,STK,29872,INF666M01JV1,GROWWN200,EQ,,,,,GROWWAMC - GROWWN200,11.15,11.15,10.89,10.91,10.99,10.97,,10.91,,,42885,469776.36,292,F1,1,,,,,
2026-09-25,2026-09-25,CM,NSE,STK,757814,INF666M01LI4,GROWWNET,EQ,,,,,GROWWAMC - GROWWNET,10.64,10.64,10.21,10.25,10.33,10.47,,10.25,,,3785444,38857263.95,1417,F1,1,,,,,
2026-09-25,2026-09-25,CM,NSE,STK,758697,INF666M01LL8,GROWWNIFTY,EQ,,,,,GROWWAMC - GROWWNIFTY,9.48,9.48,9.32,9.36,9.40,9.38,,9.36,,,761413,7123415.71,3475,F1,1,,,,,
2026-09-25,2026-09-25,CM,NSE,STK,759458,INF666M01LZ8,GROWWNXT50,EQ,,,,,GROWWAMC - GROWWNXT50,72.48,72.48,71.06,71.77,71.35,71.76,,71.77,,,6545,471303.30,87,F1,1,,,,,
2026-09-25,2026-09-25,CM,NSE,STK,758165,INF666M01LM6,GROWWPOWER,EQ,,,,,GROWWAMC - GROWWPOWER,11.04,11.17,10.82,11.08,11.08,11.05,,11.08,,,895236,9880642.58,2122,F1,1,,,,,
2026-09-25,2026-09-25,CM,NSE,STK,760976,INF666M01NQ3,GROWWPSE,EQ,,,,,GROWWAMC - GROWWPSE,95.77,98.27,95.77,96.62,96.96,96.61,,96.62,,,1962,189023.11,125,F1,1,,,,,
2026-09-25,2026-09-25,CM,NSE,STK,761514,INF666M01OG2,GROWWPSUBK,EQ,,,,,GROWWAMC - GROWWPSUBK,83.58,84.50,81.59,83.75,84.50,82.72,,83.75,,,3367,279928.11,146,F1,1,,,,,
2026-09-25,2026-09-25,CM,NSE,STK,29527,INF666M01JJ6,GROWWRAIL,EQ,,,,,GROWWAMC - GROWWRAIL,26.88,27.10,26.60,26.75,26.90,26.88,,26.75,,,470644,12569827.25,2827,F1,1,,,,,
2026-09-25,2026-09-25,CM,NSE,STK,759428,INF666M01MN2,GROWWRLTY,EQ,,,,,GROWWAMC - GROWWRLTY,9.57,9.77,9.57,9.71,9.70,9.59,,9.71,,,123987,1203874.44,393,F1,1,,,,,
2026-09-25,2026-09-25,CM,NSE,STK,759522,INF666M01MO0,GROWWSC250,EQ,,,,,GROWWAMC - GROWWSC250,10.23,10.66,10.23,10.47,10.49,10.50,,10.47,,,79923,837981.34,464,F1,1,,,,,
2026-09-25,2026-09-25,CM,NSE,STK,756827,INF666M01OF4,GROWWSLVR,EQ,,,,,GROWWAMC - GROWWSLVR,22.35,22.44,22.09,22.40,22.40,22.14,,22.40,,,748536,16651627.59,1626,F1,1,,,,,
2026-09-25,2026-09-25,CM,NSE,STK,763572,INF666M01OT5,PVTBKGROWW,EQ,,,,,GROWWAMC - PVTBKGROWW,27.19,27.19,26.52,27.06,27.09,27.01,,27.06,,,5330,143293.56,70,F1,1,,,,,
2026-09-25,2026-09-25,CM,NSE,STK,751745,INF666M01PG9,SMALLGROWW,EQ,,,,,GROWWAMC - SMALLGROWW,48.48,48.97,48.34,48.59,48.75,48.32,,48.59,,,7475,363174.49,69,F1,1,,,,,
2026-09-25,2026-09-25,CM,NSE,STK,6543,INE137I01015,GRPLTD,EQ,,,,,GRP LIMITED,1999.20,2008.00,1989.00,1999.00,2008.00,1987.80,,1999.00,,,456,910137.60,114,F1,1,,,,,
2026-09-25,2026-09-25,CM,NSE,STK,23888,INE0SQY01018,GSMFOILS,SM,,,,,GSM FOILS LIMITED,74.10,77.55,74.10,77.55,77.55,73.90,,77.55,,,218500,16853725.00,292,F1,500,,,,,
2026-09-25,2026-09-25,CM,NSE,STK,762239,INE713R01022,GSPCROP,EQ,,,,,GSP CROP SCIENCE LIMITED,490.40,503.90,485.30,498.25,497.20,490.40,,498.24,,,261036,128312631.10,3726,F1,1,,,,,
2026-09-25,2026-09-25,CM,NSE,STK,15347,INE871H01011,GSS,EQ,,,,,GSS INFOTECH LIMITED,10.48,10.92,10.32,10.72,10.78,10.48,,10.72,,,36024,383819.49,210,F1,1,,,,,
2026-09-25,2026-09-25,CM,NSE,STK,13745,INE221H01019,GTLINFRA,EQ,,,,,GTL INFRA.LTD,1.11,1.13,1.10,1.12,1.13,1.11,,1.12,,,26743520,29816627.67,10850,F1,1,,,,,
2026-09-25,2026-09-25,CM,NSE,STK,1162,INE043A01012,GTL,EQ,,,,,GTL LTD,7.08,7.19,6.96,7.03,7.04,6.99,,7.04,,,78314,550777.84,392,F1,1,,,,,
2026-09-25,2026-09-25,CM,NSE,STK,21195,INE869I01013,GTPL,EQ,,,,,GTPL HATHWAY LIMITED,55.90,57.00,54.82,56.57,56.50,55.07,,56.57,,,46020,2592911.28,690,F1,1,,,,,
2026-09-25,2026-09-25,CM,NSE,STK,11606,INE742B01025,GUFICBIO,EQ,,,,,GUFIC BIOSCIENCES LTD.,418.95,427.00,416.35,423.75,422.40,422.00,,423.65,,,31206,13160340.05,2160,F1,1,,,,,
2026-09-25,2026-09-25,CM,NSE,STK,1145,INE162A01010,GIPCL,EQ,,,,,GUJ IND POW CO. LTD,186.10,187.09,183.00,185.84,185.37,186.42,,185.81,,,219387,40583928.19,5264,F1,1,,,,,
2026-09-25,2026-09-25,CM,NSE,STK,1174,INE113A01013,GNFC,EQ,,,,,GUJ NAR VAL FER & CHEM L,625.10,636.00,619.00,630.30,632.00,625.10,,630.28,,,1734397,1088061168.35,36832,F1,1,,,,,
2026-09-25,2026-09-25,CM,NSE,STK,1247,INE026A01025,GSFC,EQ,,,,,GUJ STATE FERT & CHEM LTD,154.95,157.52,154.64,156.80,156.55,155.35,,156.80,,,735930,115074482.79,10459,F1,1,,,,,
2026-09-25,2026-09-25,CM,NSE,STK,14677,INE826C01016,GUJAPOLLO,EQ,,,,,GUJ. APOLLO IND. LTD.,328.80,332.00,328.05,329.10,328.05,327.40,,329.10,,,3626,1194189.25,203,F1,1,,,,,
2026-09-25,2026-09-25,CM,NSE,STK,1267,INE186A01019,GUJALKALI,EQ,,,,,GUJARAT ALKALIES & CHEM,624.50,634.00,615.15,630.90,632.00,620.80,,630.90,,,46193,28984956.25,4998,F1,1,,,,,
2026-09-25,2026-09-25,CM,NSE,STK,8828,INE036B01030,GAEL,EQ,,,,,GUJARAT AMBUJA EXPORTS LT,160.96,165.00,160.22,163.87,164.00,162.59,,163.87,,,546758,89095719.52,12910,F1,1,,,,,
2026-09-25,2026-09-25,CM,NSE,STK,10599,INE844O01030,GUJENERGY,EQ,,,,,GUJARAT ENERGY LIMITED,235.00,236.35,231.50,236.02,235.90,235.72,,236.02,,,451419,105855420.09,19989,F1,1,,,,,
2026-09-25,2026-09-25,CM,NSE,STK,13750,INE09N301011,FLUOROCHEM,EQ,,,,,GUJARAT FLUOROCHEM LTD,4475.90,4506.90,4433.00,4441.40,4445.00,4475.90,,4441.35,,,37518,167141656.40,8068,F1,1,,,,,
2026-09-25,2026-09-25,CM,NSE,STK,761197,INE0V0W01025,GKSL,EQ,,,,,GUJARAT KIDNEY N SUP SP L,171.73,185.80,169.93,178.02,177.26,170.85,,178.02,,,1830502,329950303.51,28587,F1,1,,,,,
2026-09-25,2026-09-25,CM,NSE,STK,1156,INE540A01017,GLFL,EQ,,,,,GUJARAT LEASE FINANCING L,5.02,5.25,4.78,5.12,5.13,5.02,,5.12,,,8638,42865.74,28,F1,1,,,,,
2026-09-25,2026-09-25,CM,NSE,STK,5204,INE131A01031,GMDCLTD,EQ,,,,,GUJARAT MINERAL DEV CORP,542.00,544.60,534.00,538.00,537.50,542.50,,537.98,,,694551,373812988.35,20107,F1,1,,,,,
2026-09-25,2026-09-25,CM,NSE,STK,762690,INE207H01018,GNRL,EQ,,,,,GUJARAT NATURAL RES L,99.10,100.71,97.40,100.18,99.80,98.11,,100.17,,,77761,7690566.56,2022,F1,1,,,,,
2026-09-25,2026-09-25,CM,NSE,STK,19731,INE517F01014,GPPL,EQ,,,,,GUJARAT PIPAVAV PORT LTD,162.73,165.00,160.61,163.20,162.50,163.27,,163.22,,,1328565,215825911.31,13121,F1,1,,,,,
2026-09-25,2026-09-25,CM,NSE,STK,4548,INE610B01024,GUJRAFFIA,EQ,,,,,GUJARAT RAFFIA INDUST LTD,40.80,40.80,39.90,40.69,40.69,39.75,,40.69,,,777,31123.04,19,F1,1,,,,,
2026-09-25,2026-09-25,CM,NSE,STK,29731,INE942C01045,GUJTHEM,EQ,,,,,GUJARAT THEMIS BIOSYN LTD,411.00,422.10,410.45,417.00,415.00,410.45,,417.03,,,159525,66306006.95,5995,F1,1,,,,,
2026-09-25,2026-09-25,CM,NSE,STK,4391,INE635Q01029,GULFOILLUB,EQ,,,,,GULF OIL LUB. IND. LTD.,1090.80,1109.80,1074.10,1106.60,1106.30,1090.80,,1106.60,,,59678,65714812.50,4930,F1,1,,,,,
2026-09-25,2026-09-25,CM,NSE,STK,6286,INE255D01024,GULPOLY,EQ,,,,,GULSHAN POLYOLS LIMITED,170.47,171.49,168.20,170.36,170.99,169.40,,170.36,,,80764,13720392.15,2244,F1,1,,,,,
2026-09-25,2026-09-25,CM,NSE,STK,759261,INE1CCX01012,GURUNANAK,SM,,,,,GURUNANAK AGRICULTUR IN L,36.50,36.50,36.50,36.50,36.50,36.50,,36.50,,,1600,58400.00,1,F1,1600,,,,,
2026-09-25,2026-09-25,CM,NSE,STK,13229,INE251H01024,GVKPIL,BE,,,,,GVK POW. & INFRA LTD.,2.53,2.63,2.53,2.63,2.63,2.58,,2.64,,,4398958,11251892.81,1610,F1,1,,,,,
2026-09-25,2026-09-25,CM,NSE,STK,10866,INE382T01030,GVPTECH,BE,,,,,GVP INFOTECH LIMITED,7.92,7.95,7.58,7.94,7.95,7.81,,7.94,,,83520,655937.69,181,F1,1,,,,,
2026-09-25,2026-09-25,CM,NSE,STK,764050,INE724A01017,GYFTR,EQ,,,,,GYFTR LIMITED,167.10,171.79,165.30,166.30,165.30,169.67,,166.28,,,47001,7903255.88,2227,F1,1,,,,,
2026-09-25,2026-09-25,CM,NSE,STK,762712,INE640B01021,HBESD,EQ,,,,,H B ESTATE DEVELOPERS L,71.00,74.00,68.04,68.04,68.04,70.51,,68.04,,,129,9157.70,12,F1,1,,,,,
2026-09-25,2026-09-25,CM,NSE,STK,1672,INE926X01010,HGINFRA,EQ,,,,,H.G.INFRA ENGINEERING LTD,463.00,464.00,450.50,453.10,454.00,468.05,,453.14,,,451893,206833823.20,15999,F1,1,,,,,
2026-09-25,2026-09-25,CM,NSE,STK,760715,INE115S01010,HALDER,EQ,,,,,HALDER VENTURE LIMITED,252.00,252.00,240.05,241.45,243.50,248.75,,241.53,,,3407,830130.45,344,F1,1,,,,,
2026-09-25,2026-09-25,CM,NSE,STK,762708,INE506D01020,HALDYNGL,BE,,,,,HALDYN GLASS LTD.,147.00,148.00,140.20,145.46,145.80,144.68,,145.54,,,22023,3192645.13,144,F1,1,,,,,
2026-09-25,2026-09-25,CM,NSE,STK,21551,INE320X01016,HALEOSLABS,EQ,,,,,HALEOS LABS LIMITED,1503.40,1539.40,1490.40,1501.80,1500.00,1503.40,,1501.80,,,555,838546.30,113,F1,1,,,,,
2026-09-25,2026-09-25,CM,NSE,STK,765075,INE299D01022,HAMPTON,EQ,,,,,HAMPTON SKY REALTY LTD.,8.88,8.88,7.45,8.10,8.10,7.87,,8.12,,,12054,97753.45,131,F1,1,,,,,
2026-09-25,2026-09-25,CM,NSE,STK,13592,INE596H01014,HGM,EQ,,,,,HANDSON GBL MNGMNT LTD,42.74,42.74,42.00,42.18,42.10,42.74,,42.22,,,1370,57713.20,26,F1,1,,,,,
2026-09-25,2026-09-25,CM,NSE,STK,48,INE419U01012,HAPPSTMNDS,EQ,,,,,HAPPIEST MINDS TECHNO LTD,311.60,311.95,308.20,310.50,311.30,311.60,,310.50,,,413053,128010573.15,10364,F1,1,,,,,
2026-09-25,2026-09-25,CM,NSE,STK,20854,INE330T01021,HAPPYFORGE,EQ,,,,,HAPPY FORGINGS LIMITED,2084.80,2115.90,2051.00,2063.50,2055.00,2084.80,,2063.54,,,37247,77510144.40,7878,F1,1,,,,,
2026-09-25,2026-09-25,CM,NSE,STK,757665,INE0TLP01015,WHITEFORCE,SM,,,,,HAPPY SQUARE OUTSOURC S L,39.00,39.00,39.00,39.00,39.00,41.10,,39.00,,,1600,62400.00,1,F1,1600,,,,,
2026-09-25,2026-09-25,CM,NSE,STK,764131,INE1GFG01011,HAPPY,SM,,,,,HAPPY STEELS LIMITED,80.45,81.45,79.90,81.40,81.45,78.85,,81.40,,,24000,1933300.00,12,F1,2000,,,,,
2026-09-25,2026-09-25,CM,NSE,STK,8962,INE626Z01029,HARDWYN,EQ,,,,,HARDWYN INDIA LIMITED,9.37,9.37,9.14,9.27,9.29,9.25,,9.27,,,1356392,12563507.79,763,F1,1,,,,,
2026-09-25,2026-09-25,CM,NSE,STK,8968,INE00EV01017,HARIOMPIPE,EQ,,,,,HARIOM PIPE INDUSTRIES L,350.70,351.00,343.30,344.55,346.00,350.70,,344.55,,,78696,27272702.20,3059,F1,1,,,,,
2026-09-25,2026-09-25,CM,NSE,STK,764703,INE400G01011,HRYNSHP,EQ,,,,,HARIYANA SHIP BREAKERS L,98.00,98.02,92.00,97.01,97.01,98.02,,96.77,,,1559,149758.36,82,F1,1,,,,,
2026-09-25,2026-09-25,CM,NSE,STK,1313,INE544A01019,HARRMALAYA,EQ,,,,,HARRISON MALAYALAM LTD,174.10,178.00,171.00,172.59,172.00,174.88,,172.59,,,9942,1721666.69,325,F1,1,,,,,
2026-09-25,2026-09-25,CM,NSE,STK,11162,INE0JUS01029,HARSHA,EQ,,,,,HARSHA ENGINEERS INT LTD,461.00,467.80,449.45,462.05,460.55,457.55,,462.05,,,150621,69095624.05,7149,F1,1,,,,,
2026-09-25,2026-09-25,CM,NSE,STK,18154,INE982F01036,HATHWAY,EQ,,,,,HATHWAY CABLE & DATACOM,9.99,10.00,9.83,9.93,9.92,9.96,,9.93,,,1071495,10599101.90,2361,F1,1,,,,,
2026-09-25,2026-09-25,CM,NSE,STK,3892,INE473B01035,HATSUN,EQ,,,,,HATSUN AGRO PRODUCT LTD.,1145.70,1181.20,1138.60,1165.30,1167.90,1134.40,,1165.25,,,44714,52111317.90,5621,F1,1,,,,,
2026-09-25,2026-09-25,CM,NSE,STK,9819,INE176B01034,HAVELLS,EQ,,,,,HAVELLS INDIA LIMITED,1085.20,1097.30,1085.20,1096.50,1096.50,1090.00,,1096.47,,,308307,336784250.00,22117,F1,1,,,,,
2026-09-25,2026-09-25,CM,NSE,STK,4444,INE979B01015,HAWKINCOOK,EQ,,,,,HAWKINS COOKERS LTD,8199.50,8199.50,7970.00,8047.50,8015.00,8063.50,,8047.53,,,986,7915379.50,379,F1,1,,,,,
2026-09-25,2026-09-25,CM,NSE,STK,764693,INE550F01049,HAZOOR,EQ,,,,,HAZOOR MULTI PROJECTS LTD,18.53,19.60,17.60,19.36,19.50,18.53,,19.37,,,1533958,28309237.62,3126,F1,1,,,,,
2026-09-25,2026-09-25,CM,NSE,STK,765080,INE638B01025,HBPOR,EQ,,,,,HB PORTFOLIO LTD.,61.39,61.50,59.28,60.60,61.50,61.39,,60.89,,,1223,73813.14,59,F1,1,,,,,
2026-09-25,2026-09-25,CM,NSE,STK,4116,INE550B01022,HBSL,EQ,,,,,HB STOCKHOLDINGS LIMITED,55.75,56.99,55.00,56.08,55.00,55.02,,56.08,,,3326,186505.84,57,F1,1,,,,,
2026-09-25,2026-09-25,CM,NSE,STK,13966,INE292B01021,HBLENGINE,EQ,,,,,HBL ENGINEERING LTD,779.00,811.55,765.95,806.00,810.50,775.30,,806.00,,,5199842,4151165823.90,120054,F1,1,,,,,
2026-09-25,2026-09-25,CM,NSE,STK,1327,INE236A01020,HCL-INSYS,EQ,,,,,HCL INFOSYSTEMS LTD,10.94,10.94,10.50,10.57,10.52,10.42,,10.57,,,150513,1606084.74,681,F1,1,,,,,
2026-09-25,2026-09-25,CM,NSE,STK,7229,INE860A01027,HCLTECH,EQ,,,,,HCL TECHNOLOGIES LTD,1241.00,1266.50,1234.60,1258.00,1258.00,1243.60,,1258.13,,,1568243,1969934210.60,50450,F1,1,,,,,
2026-09-25,2026-09-25,CM,NSE,STK,757772,INE756I01012,HDBFS,EQ,,,,,HDB FINANCIAL SERVICES L,662.00,662.05,647.15,648.15,648.00,661.00,,648.15,,,255839,166692878.45,15013,F1,1,,,,,
2026-09-25,2026-09-25,CM,NSE,STK,4244,INE127D01025,HDFCAMC,EQ,,,,,HDFC AMC LIMITED,2390.00,2395.50,2366.50,2378.00,2378.00,2380.30,,2377.98,,,363424,863830240.20,26129,F1,1,,,,,
2026-09-25,2026-09-25,CM,NSE,STK,1333,INE040A01034,HDFCBANK,EQ,,,,,HDFC BANK LTD,723.00,739.65,723.00,735.60,735.60,728.90,,735.61,,,19853034,14565417781.30,231573,F1,1,,,,,
2026-09-25,2026-09-25,CM,NSE,STK,19543,INF179KC1981,HDFCGOLD,EQ,,,,,HDFC GOLD ETF,127.90,128.69,127.66,128.63,128.50,127.64,,128.63,,,8719548,1117147584.02,9696,F1,1,,,,,
2026-09-25,2026-09-25,CM,NSE,STK,467,INE795G01014,HDFCLIFE,EQ,,,,,HDFC LIFE INS CO LTD,526.90,535.00,516.45,531.00,531.00,526.90,,530.99,,,4285606,2263661335.20,61156,F1,1,,,,,
2026-09-25,2026-09-25,CM,NSE,STK,14230,INF179KC1EZ4,HDFCBSE500,EQ,,,,,HDFCAMC - HDFCBSE500,36.46,36.67,36.21,36.38,36.21,36.46,,36.38,,,1105274,40210770.38,288,F1,1,,,,,
2026-09-25,2026-09-25,CM,NSE,STK,11241,INF179KC1DJ0,HDFCGROWTH,EQ,,,,,HDFCAMC - HDFCGROWTH,113.00,114.99,112.56,113.41,114.99,113.14,,113.41,,,11386,1288531.96,140,F1,1,,,,,
2026-09-25,2026-09-25,CM,NSE,STK,18279,INF179KC1JG3,HDFCLIQUID,EQ,,,,,HDFCAMC - HDFCLIQUID,1079.62,1079.64,1079.62,1079.63,1079.62,1079.20,,1079.63,,,59263,63982541.27,68,F1,1,,,,,
2026-09-25,2026-09-25,CM,NSE,STK,11547,INF179KC1HU8,HDFCLOWVOL,EQ,,,,,HDFCAMC - HDFCLOWVOL,19.78,20.00,19.72,19.81,20.00,19.81,,19.81,,,10088,199344.70,89,F1,1,,,,,
2026-09-25,2026-09-25,CM,NSE,STK,14236,INF179KC1HT0,HDFCMID150,EQ,,,,,HDFCAMC - HDFCMID150,23.29,23.29,22.60,22.70,22.72,22.83,,22.70,,,699608,15913302.44,1664,F1,1,,,,,
2026-09-25,2026-09-25,CM,NSE,STK,11538,INF179KC1HV6,HDFCMOMENT,EQ,,,,,HDFCAMC - HDFCMOMENT,30.62,30.70,30.36,30.51,30.70,30.62,,30.51,,,107340,3277069.46,572,F1,1,,,,,
2026-09-25,2026-09-25,CM,NSE,STK,10619,INF179KC1HS2,HDFCNEXT50,EQ,,,,,HDFCAMC - HDFCNEXT50,73.18,73.43,72.85,73.21,73.43,73.20,,73.20,,,119653,8752273.54,1063,F1,1,,,,,
2026-09-25,2026-09-25,CM,NSE,STK,10633,INF179KC1HR4,HDFCNIF100,EQ,,,,,HDFCAMC - HDFCNIF100,25.15,25.28,25.02,25.18,25.28,25.15,,25.18,,,28496,716055.04,235,F1,1,,,,,
2026-09-25,2026-09-25,CM,NSE,STK,22433,INF179KC1HY0,HDFCNIFBAN,EQ,,,,,HDFCAMC - HDFCNIFBAN,57.59,57.59,57.08,57.29,57.33,57.22,,57.29,,,27898,1598041.44,318,F1,1,,,,,
2026-09-25,2026-09-25,CM,NSE,STK,12101,INF179KC1IA8,HDFCNIFIT,EQ,,,,,HDFCAMC - HDFCNIFIT,30.10,30.49,29.74,30.07,30.15,30.14,,30.07,,,124528,3726604.73,419,F1,1,,,,,
2026-09-25,2026-09-25,CM,NSE,STK,11591,INF179KC1965,HDFCNIFTY,EQ,,,,,HDFCAMC - HDFCNIFTY,267.57,267.57,260.05,261.22,261.57,261.05,,261.22,,,242156,63167085.95,1088,F1,1,,,,,
2026-09-25,2026-09-25,CM,NSE,STK,764336,INF179KC1KT4,HDFCNIMEG,EQ,,,,,HDFCAMC - HDFCNIMEG,131.23,131.23,130.00,130.71,130.00,130.38,,130.71,,,578,75564.00,31,F1,1,,,,,
2026-09-25,2026-09-25,CM,NSE,STK,12108,INF179KC1HZ7,HDFCPVTBAN,EQ,,,,,HDFCAMC - HDFCPVTBAN,27.40,27.60,27.26,27.45,27.60,27.43,,27.45,,,138169,3786198.37,447,F1,1,,,,,
2026-09-25,2026-09-25,CM,NSE,STK,11255,INF179KC1DL6,HDFCQUAL,EQ,,,,,HDFCAMC - HDFCQUAL,56.50,57.00,56.25,56.53,56.95,56.43,,56.53,,,6845,386765.45,81,F1,1,,,,,
2026-09-25,2026-09-25,CM,NSE,STK,11593,INF179KC1HX2,HDFCSENSEX,EQ,,,,,HDFCAMC - HDFCSENSEX,83.75,84.40,83.21,84.03,83.73,83.93,,84.03,,,48210,4039207.41,748,F1,1,,,,,
2026-09-25,2026-09-25,CM,NSE,STK,10876,INF179KC1DI2,HDFCSILVER,EQ,,,,,HDFCAMC - HDFCSILVER,216.89,219.00,215.45,218.66,219.00,215.69,,218.67,,,1940902,422106690.30,10064,F1,1,,,,,
2026-09-25,2026-09-25,CM,NSE,STK,14233,INF179KC1FB2,HDFCSML250,EQ,,,,,HDFCAMC - HDFCSML250,184.86,184.86,181.98,183.33,183.28,183.30,,183.33,,,1110435,203184929.68,14764,F1,1,,,,,
2026-09-25,2026-09-25,CM,NSE,STK,11260,INF179KC1DK8,HDFCVALUE,EQ,,,,,HDFCAMC - HDFCVALUE,120.01,122.00,120.01,121.27,122.00,120.01,,121.26,,,23323,2819246.91,205,F1,1,,,,,
2026-09-25,2026-09-25,CM,NSE,STK,22595,INF179KC1HW4,HDFCPSUBK,EQ,,,,,HDFCAMC HDFCPSUBK,83.47,83.99,83.21,83.61,83.40,83.47,,83.55,,,27288,2282196.93,159,F1,1,,,,,
2026-09-25,2026-09-25,CM,NSE,STK,19205,INE759V01019,HEADSUP,EQ,,,,,HEADS UP VENTURES LIMITED,6.85,6.93,6.60,6.65,6.85,6.85,,6.56,,,8590,58025.11,72,F1,1,,,,,
2026-09-25,2026-09-25,CM,NSE,STK,20063,INE019J01013,HEALTHX,EQ,,,,,HEALTH X PLATFORM LIMITED,287.75,296.40,285.20,288.65,288.00,290.65,,288.65,,,9343,2698570.75,107,F1,1,,,,,
2026-09-25,2026-09-25,CM,NSE,STK,15555,INE075I01017,HCG,EQ,,,,,HEALTHCARE GLOB. ENT. LTD,701.00,711.35,693.15,698.65,711.35,701.05,,698.69,,,62254,43515749.85,11862,F1,1,,,,,
2026-09-25,2026-09-25,CM,NSE,STK,7425,INE558R01013,HECPROJECT,EQ,,,,,HEC INFRA PROJECTS LTD,116.00,118.50,114.10,115.48,116.40,115.66,,115.48,,,1150,132644.50,47,F1,1,,,,,
2026-09-25,2026-09-25,CM,NSE,STK,1336,INE545A01024,HEGAM,EQ,,,,,HEG ADVANCED MATERIAL LTD,237.50,251.95,234.55,244.35,244.30,235.25,,244.33,,,3273043,802843261.15,55670,F1,1,,,,,
2026-09-25,2026-09-25,CM,NSE,STK,2316,INE578A01017,HEIDELBERG,EQ,,,,,HEIDELBERGCEMENT (I) LTD,140.20,140.20,134.49,134.97,135.00,139.49,,134.97,,,429293,58325757.23,5674,F1,1,,,,,
2026-09-25,2026-09-25,CM,NSE,STK,701,INE0AJG01018,HEMIPROP,EQ,,,,,HEMISPHERE PROP IND LTD,118.10,121.10,117.77,120.36,120.49,118.83,,120.33,,,231330,27597612.92,2745,F1,1,,,,,
2026-09-25,2026-09-25,CM,NSE,STK,2614,INE694N01015,HERANBA,EQ,,,,,HERANBA INDUSTRIES LTD,173.95,198.90,171.01,187.60,189.46,172.27,,187.61,,,3333268,642086899.17,41391,F1,1,,,,,
2026-09-25,2026-09-25,CM,NSE,STK,4598,INE978A01027,HERITGFOOD,EQ,,,,,HERITAGE FOODS LTD,414.20,418.00,405.55,407.40,406.55,414.10,,407.38,,,189918,77721135.40,7370,F1,1,,,,,
2026-09-25,2026-09-25,CM,NSE,STK,1348,INE158A01026,HEROMOTOCO,EQ,,,,,HERO MOTOCORP LIMITED,5340.00,5397.00,5304.00,5360.00,5360.00,5296.00,,5359.97,,,299598,1600871818.50,30771,F1,1,,,,,
2026-09-25,2026-09-25,CM,NSE,STK,766171,INE012G01022,HEROMOTORS,EQ,,,,,HERO MOTORS LIMITED,128.00,141.69,126.60,141.69,141.69,118.08,,141.76,,,102618013,14182662357.27,418689,F1,1,,,,,
2026-09-25,2026-09-25,CM,NSE,STK,7048,INE782E01017,HESTERBIO,EQ,,,,,HESTER BIOSCIENCES LTD,2190.20,2230.00,2156.00,2182.90,2228.00,2201.20,,2182.93,,,1571,3437240.30,418,F1,1,,,,,
2026-09-25,2026-09-25,CM,NSE,STK,27008,INE750M01017,HEXATRADEX,EQ,,,,,HEXA TRADEX LIMITED,159.90,162.50,155.26,157.35,159.97,156.98,,157.40,,,986,156085.00,47,F1,1,,,,,
2026-09-25,2026-09-25,CM,NSE,STK,750116,INE0JUI01012,HEXAGON,BE,,,,,HEXAGON NUTRITION LIMITED,64.80,65.81,64.00,65.10,64.91,64.80,,65.08,,,93536,6093700.02,470,F1,1,,,,,
2026-09-25,2026-09-25,CM,NSE,STK,29666,INE093A01041,HEXT,EQ,,,,,HEXAWARE TECHNOLOGIES LTD,496.95,499.50,492.45,496.70,498.00,499.35,,496.76,,,62991,31248970.45,6318,F1,1,,,,,
2026-09-25,2026-09-25,CM,NSE,STK,21954,INE548A01028,HFCL,BE,,,,,HFCL LIMITED,210.50,214.70,207.10,211.27,211.30,210.69,,211.28,,,3201783,676424651.11,20625,F1,1,,,,,
2026-09-25,2026-09-25,CM,NSE,STK,18794,INE0PIC01017,HIGREEN,SM,,,,,HI GREEN CARBON LIMITED,127.00,132.50,122.45,129.50,132.50,127.90,,129.50,,,35200,4435520.00,44,F1,800,,,,,
2026-09-25,2026-09-25,CM,NSE,STK,2868,INE106T01025,HITECH,EQ,,,,,HI-TECH PIPES LIMITED,74.65,74.80,73.15,73.60,73.61,74.84,,73.60,,,479980,35466693.58,4544,F1,1,,,,,
2026-09-25,2026-09-25,CM,NSE,STK,759103,INE00RL01028,HILINFRA,EQ,,,,,HIGHWAY INFRASTRUCTURE L,42.90,43.70,42.11,42.86,43.00,43.17,,42.86,,,86095,3691904.25,1009,F1,1,,,,,
2026-09-25,2026-09-25,CM,NSE,STK,9668,INE475B01022,HIKAL,EQ,,,,,HIKAL LIMITED,215.98,222.00,213.99,217.58,217.52,214.15,,217.61,,,603533,131458528.78,14080,F1,1,,,,,
2026-09-25,2026-09-25,CM,NSE,STK,14627,INE788H01017,HILTON,EQ,,,,,HILTON METAL FORGING LTD,16.60,17.48,16.60,16.85,16.96,16.99,,16.81,,,87300,1479527.33,467,F1,1,,,,,
2026-09-25,2026-09-25,CM,NSE,STK,14334,INE019C01026,HSCL,EQ,,,,,HIMADRI SPECIALITY CHEM L,676.90,684.95,674.30,678.75,679.50,674.90,,678.76,,,1351330,918603807.70,26472,F1,1,,,,,
2026-09-25,2026-09-25,CM,NSE,STK,1360,INE049A01027,HIMATSEIDE,EQ,,,,,HIMATSINGKA SEIDE LTD,69.47,71.40,67.95,68.79,69.10,69.47,,68.81,,,1332162,92486122.59,11267,F1,1,,,,,
2026-09-25,2026-09-25,CM,NSE,STK,765085,INE227B01019,HINDALUMI,EQ,,,,,HIND ALUMINIUM INDS. LTD.,93.15,95.50,92.00,92.43,94.48,93.15,,92.39,,,1210,113148.31,72,F1,1,,,,,
2026-09-25,2026-09-25,CM,NSE,STK,1363,INE038A01020,HINDALCO,EQ,,,,,HINDALCO  INDUSTRIES  LTD,979.20,983.40,971.20,977.00,977.00,982.00,,977.00,,,2469481,2413715616.30,44556,F1,1,,,,,
2026-09-25,2026-09-25,CM,NSE,STK,4920,INE642Y01029,HINDCON,EQ,,,,,HINDCON CHEMICALS LIMITED,25.40,27.63,24.68,27.60,27.63,25.12,,27.60,,,188464,5114754.44,957,F1,1,,,,,
2026-09-25,2026-09-25,CM,NSE,STK,11796,INE05X901010,HPIL,EQ,,,,,HINDPRAKASH INDUSTRY LTD,115.51,118.98,115.38,115.40,115.40,115.38,,117.20,,,21,2427.93,7,F1,1,,,,,
2026-09-25,2026-09-25,CM,NSE,STK,14712,INE170I01016,HGS,EQ,,,,,HINDUJA GLOBAL SOLS. LTD.,374.50,380.00,369.10,376.60,378.00,374.55,,376.58,,,11018,4113025.60,1372,F1,1,,,,,
2026-09-25,2026-09-25,CM,NSE,STK,764698,INE074C01013,HINDADH,EQ,,,,,HINDUSTAN ADHESIVES LTD.,384.00,391.00,375.05,386.30,389.45,389.30,,386.38,,,1621,620637.55,85,F1,1,,,,,
2026-09-25,2026-09-25,CM,NSE,STK,2303,INE066F01020,HAL,EQ,,,,,HINDUSTAN AERONAUTICS LTD,4774.20,4819.50,4760.10,4800.00,4800.00,4774.20,,4800.00,,,384467,1840940142.40,30272,F1,1,,,,,
2026-09-25,2026-09-25,CM,NSE,STK,1372,INE310C01029,HINDCOMPOS,EQ,,,,,HINDUSTAN COMPOSITES LTD.,389.40,390.00,381.00,387.35,387.90,381.80,,387.35,,,2085,810373.45,124,F1,1,,,,,
2026-09-25,2026-09-25,CM,NSE,STK,1375,INE549A01026,HCC,EQ,,,,,HINDUSTAN CONSTRUCTION CO,21.55,21.66,21.05,21.26,21.35,21.62,,21.26,,,9997995,212730893.85,20111,F1,1,,,,,
2026-09-25,2026-09-25,CM,NSE,STK,17939,INE531E01026,HINDCOPPER,EQ,,,,,HINDUSTAN COPPER LTD,496.00,498.65,489.40,494.65,495.40,495.70,,494.65,,,3649150,1801238251.65,60094,F1,1,,,,,
2026-09-25,2026-09-25,CM,NSE,STK,12173,INE254N01026,HNDFDS,EQ,,,,,HINDUSTAN FOODS LIMITED,618.25,620.60,608.05,612.35,611.10,618.25,,612.35,,,24358,14938092.65,2126,F1,1,,,,,
2026-09-25,2026-09-25,CM,NSE,STK,19215,INE871K01015,HMVL,BE,,,,,HINDUSTAN MEDIA VENT LTD,75.00,75.50,71.35,72.24,71.35,75.10,,72.25,,,136819,9912345.47,573,F1,1,,,,,
2026-09-25,2026-09-25,CM,NSE,STK,1403,INE345A01011,HINDOILEXP,EQ,,,,,HINDUSTAN OIL EXPLORATION,173.40,175.69,171.01,173.38,173.09,172.81,,173.38,,,330435,57251574.50,5541,F1,1,,,,,
2026-09-25,2026-09-25,CM,NSE,STK,1406,INE094A01015,HINDPETRO,EQ,,,,,HINDUSTAN PETROLEUM CORP,352.55,353.80,348.65,351.00,351.00,350.40,,351.00,,,4957719,1740818269.85,37560,F1,1,,,,,
2026-09-25,2026-09-25,CM,NSE,STK,1394,INE030A01027,HINDUNILVR,EQ,,,,,HINDUSTAN UNILEVER LTD.,1933.50,1942.90,1915.00,1942.90,1942.90,1933.50,,1942.88,,,732074,1412539495.70,40117,F1,1,,,,,
2026-09-25,2026-09-25,CM,NSE,STK,1424,INE267A01025,HINDZINC,EQ,,,,,HINDUSTAN ZINC LIMITED,591.10,596.40,587.65,588.95,588.95,587.15,,588.94,,,3349241,1978320210.35,39252,F1,1,,,,,
2026-09-25,2026-09-25,CM,NSE,STK,15883,INE05AN01011,HINDWAREAP,EQ,,,,,HINDWARE HME INOVATON LTD,170.52,177.80,167.00,173.68,176.50,170.31,,173.70,,,111443,19099903.32,2582,F1,1,,,,,
2026-09-25,2026-09-25,CM,NSE,STK,13890,INE835D01023,HIRECT,EQ,,,,,HIRECT LIMITED,1205.60,1229.80,1205.60,1212.90,1212.00,1219.00,,1213.48,,,24429,29694165.20,2937,F1,1,,,,,
2026-09-25,2026-09-25,CM,NSE,STK,19322,INE598C01011,HISARMETAL,EQ,,,,,HISAR METAL IND. LIMITED,152.00,155.98,151.50,152.88,152.25,152.75,,152.88,,,414,63416.18,35,F1,1,,,,,
2026-09-25,2026-09-25,CM,NSE,STK,18457,INE07Y701011,POWERINDIA,EQ,,,,,HITACHI ENERGY INDIA LTD,30995.00,31560.00,30825.00,31035.00,31035.00,30715.00,,31035.34,,,130207,4056390555.00,30991,F1,1,,,,,
2026-09-25,2026-09-25,CM,NSE,STK,15165,INE120D01012,HITECHCORP,BE,,,,,HITECH CORPORATION LTD,334.00,334.00,330.15,330.15,330.15,331.55,,328.45,,,363,120315.25,13,F1,1,,,,,
2026-09-25,2026-09-25,CM,NSE,STK,2289,INE461D01028,HLEGLAS,EQ,,,,,HLE GLASCOAT LIMITED,430.10,447.15,416.30,441.10,434.00,428.75,,441.12,,,257150,111361115.35,9535,F1,1,,,,,
2026-09-25,2026-09-25,CM,NSE,STK,1448,INE102A01024,HLVLTD,EQ,,,,,HLV LIMITED,6.50,6.69,6.45,6.53,6.56,6.50,,6.54,,,86809,566275.13,410,F1,1,,,,,
2026-09-25,2026-09-25,CM,NSE,STK,17053,INE0ECP01024,HMAAGRO,EQ,,,,,HMA AGRO INDUSTRIES LTD,23.22,24.15,22.64,23.98,24.00,23.22,,23.98,,,1255633,29463518.31,4230,F1,1,,,,,
2026-09-25,2026-09-25,CM,NSE,STK,19698,INE262A01018,HMT,BZ,,,,,HMT LTD -,61.72,62.50,61.15,61.31,61.30,61.72,,61.31,,,4216,261135.54,55,F1,1,,,,,
2026-09-25,2026-09-25,CM,NSE,STK,23826,INE0S6S01017,HOACFOODS,ST,,,,,HOAC FOODS INDIA LIMITED,858.60,858.60,858.00,858.60,858.60,841.80,,858.60,,,3000,2575350.00,6,F1,375,,,,,
2026-09-25,2026-09-25,CM,NSE,STK,18649,INE0LXA01019,HOLMARC,SM,,,,,HOLMARC OPTO MECHATRO L,120.00,122.40,120.00,122.40,122.40,116.60,,122.40,,,3750,455850.00,5,F1,750,,,,,
2026-09-25,2026-09-25,CM,NSE,STK,2056,INE481N01025,HOMEFIRST,EQ,,,,,HOME FIRST FIN CO IND LTD,1133.50,1133.50,1097.30,1123.10,1113.50,1157.50,,1123.07,,,640771,717085098.60,44056,F1,1,,,,,
2026-09-25,2026-09-25,CM,NSE,STK,19813,INE0J5401028,HONASA,EQ,,,,,HONASA CONSUMER LIMITED,474.95,478.75,462.10,465.50,466.00,472.95,,465.50,,,437409,204883669.75,15331,F1,1,,,,,
2026-09-25,2026-09-25,CM,NSE,STK,3138,INE634A01018,HONDAPOWER,EQ,,,,,HONDA I POWER PRODUCT LTD,1921.30,1935.00,1887.10,1915.20,1903.20,1905.60,,1915.14,,,1948,3705205.10,442,F1,1,,,,,
2026-09-25,2026-09-25,CM,NSE,STK,3417,INE671A01010,HONAUT,EQ,,,,,HONEYWELL AUTOMATION IND,33625.00,33990.00,33315.00,33865.00,33830.00,33625.00,,33866.37,,,1266,42673975.00,927,F1,1,,,,,
2026-09-25,2026-09-25,CM,NSE,STK,765356,INE685T01010,HORIZONIND,EQ,,,,,HORIZON INDUSTRIAL PRKS L,51.81,51.81,50.00,50.52,50.45,51.81,,50.52,,,5295503,266955787.35,19472,F1,1,,,,,
2026-09-25,2026-09-25,CM,NSE,STK,17920,INE191I01012,HDIL,BZ,,,,,HOUSING DEV & INFRA LTD,1.45,1.48,1.45,1.45,1.47,1.47,,1.45,,,133080,194707.50,173,F1,1,,,,,
2026-09-25,2026-09-25,CM,NSE,STK,7376,INE0GSL01024,HPAL,EQ,,,,,HP ADHESIVES LIMITED,35.05,36.00,34.56,34.96,35.45,35.60,,34.96,,,41928,1466492.61,462,F1,1,,,,,
2026-09-25,2026-09-25,CM,NSE,STK,29875,INE0VA601019,HPTL,SM,,,,,HP TELECOM INDIA LIMITED,456.25,468.00,433.45,454.00,454.00,456.25,,454.00,,,40800,18092730.00,46,F1,600,,,,,
2026-09-25,2026-09-25,CM,NSE,STK,18679,INE495S01016,HPL,EQ,,,,,HPL ELECTRIC & POWER LTD,274.35,279.80,271.40,278.15,279.70,274.35,,278.19,,,94501,26011836.95,3619,F1,1,,,,,
2026-09-25,2026-09-25,CM,NSE,STK,21107,INE0R3501012,HRHNEXT,SM,,,,,HRH NEXT SERVICES LIMITED,23.95,24.35,23.95,24.30,24.30,23.20,,24.30,,,19500,473775.00,13,F1,1500,,,,,
2026-09-25,2026-09-25,CM,NSE,STK,761506,INF336L01RX2,HSBCGOLD,EQ,,,,,HSBCAMC - HSBCGOLD,133.75,133.75,129.75,130.64,130.24,130.30,,130.64,,,2156,281286.14,57,F1,1,,,,,
2026-09-25,2026-09-25,CM,NSE,STK,20825,INE031A01017,HUDCO,EQ,,,,,HSG & URBAN DEV CORPN LTD,174.61,175.30,173.24,173.99,173.65,174.32,,174.00,,,836257,145687936.37,17086,F1,1,,,,,
2026-09-25,2026-09-25,CM,NSE,STK,11979,INE501G01024,HTMEDIA,EQ,,,,,HT MEDIA LIMITED,24.12,24.59,23.99,24.06,24.05,24.36,,24.06,,,92225,2226818.05,648,F1,1,,,,,
2026-09-25,2026-09-25,CM,NSE,STK,14203,INE703H01016,HUBTOWN,EQ,,,,,HUBTOWN LIMITED,173.20,173.88,170.55,171.67,171.00,173.38,,171.77,,,150592,25853403.03,2417,F1,1,,,,,
2026-09-25,2026-09-25,CM,NSE,STK,2562,INE275B01026,HUHTAMAKI,EQ,,,,,HUHTAMAKI INDIA LIMITED,242.30,246.20,239.80,243.25,243.50,242.45,,243.25,,,67613,16389508.70,3348,F1,1,,,,,
2026-09-25,2026-09-25,CM,NSE,STK,25708,INE0TO501019,HVAX,SM,,,,,HVAX TECHNOLOGIES LIMITED,685.00,710.00,652.00,676.70,652.05,683.90,,676.70,,,3150,2163675.00,20,F1,150,,,,,
2026-09-25,2026-09-25,CM,NSE,STK,765467,INE0LEG01024,HTEL,EQ,,,,,HY-TECH ENGINEERS LIMITED,69.05,70.27,66.60,67.03,67.13,69.37,,67.02,,,1308035,88661883.46,12590,F1,1,,,,,
2026-09-25,2026-09-25,CM,NSE,STK,12814,INE965B01022,HYBRIDFIN,BE,,,,,HYBRID FINANCIAL SERVICE,17.07,17.14,16.42,16.70,16.98,17.07,,17.07,,,1739,28656.89,21,F1,1,,,,,
2026-09-25,2026-09-25,CM,NSE,STK,25844,INE0V6F01027,HYUNDAI,EQ,,,,,HYUNDAI MOTOR INDIA LTD,2060.10,2135.00,2052.50,2115.00,2115.00,2060.60,,2114.97,,,1546794,3269014795.60,65236,F1,1,,,,,
2026-09-25,2026-09-25,CM,NSE,STK,14086,INE204A01010,IGPL,EQ,,,,,I G PETROCHEMICALS LTD,589.00,596.00,583.00,593.15,590.05,586.40,,593.17,,,62045,36750274.05,3086,F1,1,,,,,
2026-09-25,2026-09-25,CM,NSE,STK,764718,INE684B01029,ISTLTD,EQ,,,,,I S T LTD.,664.00,671.00,660.00,660.00,660.00,657.95,,659.94,,,268,177827.50,29,F1,1,,,,,
2026-09-25,2026-09-25,CM,NSE,STK,21348,INE0O7401018,IBLFL,SM,,,,,IBL FINANCE LIMITED,62.00,62.00,62.00,62.00,62.00,62.00,,62.00,,,4000,248000.00,1,F1,2000,,,,,
2026-09-25,2026-09-25,CM,NSE,STK,764064,INE0XE501015,ICELCO,SM,,,,,IC ELECTRICALS COMPANY L,132.00,133.00,131.05,132.65,133.00,129.35,,132.65,,,30000,3971160.00,19,F1,1200,,,,,
2026-09-25,2026-09-25,CM,NSE,STK,9610,INE613B01010,ICDSLTD,BE,,,,,ICDSLTD,57.83,57.83,56.06,56.99,56.99,59.01,,56.99,,,478,26990.17,15,F1,1,,,,,
2026-09-25,2026-09-25,CM,NSE,STK,489,INE520Y01019,ICEMAKE,EQ,,,,,ICE MAKE REFRIGERAT LTD,666.90,670.00,647.50,663.80,662.00,677.20,,663.80,,,64841,42837501.60,3369,F1,1,,,,,
2026-09-25,2026-09-25,CM,NSE,STK,4963,INE090A01021,ICICIBANK,EQ,,,,,ICICI BANK LTD.,1332.90,1340.80,1312.00,1326.80,1326.80,1334.50,,1326.80,,,10841310,14381450883.80,163043,F1,1,,,,,
2026-09-25,2026-09-25,CM,NSE,STK,21770,INE765G01017,ICICIGI,EQ,,,,,ICICI LOMBARD GIC LIMITED,1577.00,1586.10,1550.00,1553.70,1553.70,1577.00,,1553.70,,,850179,1330947906.90,42097,F1,1,,,,,
2026-09-25,2026-09-25,CM,NSE,STK,21254,INF109KC19U5,LOWVOLIETF,EQ,,,,,ICICI PR NIF LW VL 30 ETF,21.30,21.30,21.14,21.18,21.21,21.20,,21.18,,,568565,12044087.68,16210,F1,1,,,,,
2026-09-25,2026-09-25,CM,NSE,STK,18652,INE726G01019,ICICIPRULI,EQ,,,,,ICICI PRU LIFE INS CO LTD,464.55,469.00,458.15,463.00,463.00,464.50,,462.93,,,1121971,519215916.00,33811,F1,1,,,,,
2026-09-25,2026-09-25,CM,NSE,STK,17702,INF109KC10W0,MIDSELIETF,EQ,,,,,ICICI PRUD MIDCAP SEL ETF,19.21,19.24,19.00,19.03,19.14,19.19,,19.03,,,415830,7951385.16,937,F1,1,,,,,
2026-09-25,2026-09-25,CM,NSE,STK,30392,INF109KC16V9,NIF100IETF,EQ,,,,,ICICI PRUD NIFTY 100 ETF,27.02,27.18,27.00,27.16,27.16,27.15,,27.16,,,65601,1779693.63,1157,F1,1,,,,,
2026-09-25,2026-09-25,CM,NSE,STK,29553,INF109K012R6,NIFTYIETF,EQ,,,,,ICICI PRUD NIFTY ETF,264.00,264.00,261.55,262.67,262.87,262.34,,262.68,,,556853,146051309.07,10450,F1,1,,,,,
2026-09-25,2026-09-25,CM,NSE,STK,4378,INF346A01034,SENSEXIETF,EQ,,,,,ICICI PRUD SENSEX ETF,851.01,862.80,847.10,851.76,852.00,850.20,,851.81,,,12820,10897815.88,483,F1,1,,,,,
2026-09-25,2026-09-25,CM,NSE,STK,760407,INE346A01027,ICICIAMC,EQ,,,,,ICICI PRUDENTIAL AMC LTD,3165.00,3197.00,3153.90,3184.60,3192.00,3169.20,,3184.54,,,186676,593191404.60,16753,F1,1,,,,,
2026-09-25,2026-09-25,CM,NSE,STK,19679,INF109KC1NT3,GOLDIETF,EQ,,,,,ICICI PRUDENTIAL GOLD ETF,128.59,129.15,128.06,129.03,128.96,127.88,,129.03,,,5378475,691818044.29,23284,F1,1,,,,,
2026-09-25,2026-09-25,CM,NSE,STK,17475,INF109KC11V0,NV20IETF,EQ,,,,,ICICI PRUDENTIAL NV20 ETF,13.09,13.25,13.00,13.11,13.24,13.09,,13.11,,,538367,7039545.51,1740,F1,1,,,,,
2026-09-25,2026-09-25,CM,NSE,STK,522,INF109KB15Y7,ICICIB22,EQ,,,,,ICICIPRAMC - BHARATIWIN,112.93,112.93,111.94,112.40,112.12,112.03,,112.40,,,219666,24642303.16,2138,F1,1,,,,,
2026-09-25,2026-09-25,CM,NSE,STK,30139,INF109K1A021,CASHIETF,EQ,,,,,ICICIPRAMC - CASHIETF,1081.27,1081.29,1081.27,1081.27,1081.27,1080.84,,1081.27,,,405110,438038277.18,126,F1,1,,,,,
2026-09-25,2026-09-25,CM,NSE,STK,755881,INF109K1A153,EVIETF,EQ,,,,,ICICIPRAMC - EVIETF,31.42,31.71,31.25,31.52,31.52,31.42,,31.52,,,74778,2346742.56,717,F1,1,,,,,
2026-09-25,2026-09-25,CM,NSE,STK,13143,INF109KC18O0,GSEC10IETF,EQ,,,,,ICICIPRAMC - ICICI10GS,261.00,263.28,261.00,262.05,262.05,264.69,,262.05,,,5,1311.66,4,F1,1,,,,,
2026-09-25,2026-09-25,CM,NSE,STK,3001,INF109KC1V59,BSE500IETF,EQ,,,,,ICICIPRAMC - ICICI500,38.28,38.37,38.08,38.32,38.37,38.29,,38.32,,,86250,3294141.56,992,F1,1,,,,,
2026-09-25,2026-09-25,CM,NSE,STK,8342,INF109KC14A8,GSEC5IETF,EQ,,,,,ICICIPRAMC - ICICI5GSEC,66.15,66.28,65.80,65.85,66.25,65.69,,65.85,,,17513,1157182.90,27,F1,1,,,,,
2026-09-25,2026-09-25,CM,NSE,STK,22344,INF109KC17V7,ALPL30IETF,EQ,,,,,ICICIPRAMC - ICICIALPLV,26.81,27.45,26.78,26.85,26.80,26.80,,26.85,,,451327,12110077.61,753,F1,1,,,,,
2026-09-25,2026-09-25,CM,NSE,STK,7844,INF109KC10V2,AUTOIETF,EQ,,,,,ICICIPRAMC - ICICIAUTO,27.72,28.10,27.70,27.93,28.01,27.70,,27.92,,,429047,11934764.40,1602,F1,1,,,,,
2026-09-25,2026-09-25,CM,NSE,STK,11386,INF109KC18U7,PVTBANIETF,EQ,,,,,ICICIPRAMC - ICICIBANKP,27.02,27.39,27.02,27.24,27.39,27.25,,27.24,,,984660,26781161.34,1893,F1,1,,,,,
2026-09-25,2026-09-25,CM,NSE,STK,13198,INF109KC19O8,COMMOIETF,EQ,,,,,ICICIPRAMC - ICICICOMMO,96.98,97.43,96.60,96.96,97.00,96.98,,96.96,,,20435,1980971.71,425,F1,1,,,,,
2026-09-25,2026-09-25,CM,NSE,STK,6446,INF109KC1V42,CONSUMIETF,EQ,,,,,ICICIPRAMC - ICICICONSU,118.26,121.00,117.66,118.30,118.65,118.21,,118.30,,,9386,1107350.49,160,F1,1,,,,,
2026-09-25,2026-09-25,CM,NSE,STK,5306,INF109KC19V3,FMCGIETF,EQ,,,,,ICICIPRAMC - ICICIFMCG,49.25,49.75,49.03,49.48,49.52,49.20,,49.49,,,720342,35448605.02,2843,F1,1,,,,,
2026-09-25,2026-09-25,CM,NSE,STK,10723,INF109KC16E5,INFRAIETF,EQ,,,,,ICICIPRAMC - ICICIINFRA,92.28,92.91,91.75,92.43,92.91,92.08,,92.43,,,39834,3670274.93,1154,F1,1,,,,,
2026-09-25,2026-09-25,CM,NSE,STK,4838,INF109KC1KT9,LIQUIDIETF,EQ,,,,,ICICIPRAMC - ICICILIQ,999.99,1000.01,999.99,999.99,1000.00,999.99,,999.99,,,912286,912286017.89,213,F1,1,,,,,
2026-09-25,2026-09-25,CM,NSE,STK,17152,INF109KC11W8,MIDCAPIETF,EQ,,,,,ICICIPRAMC - ICICIM150,23.23,23.57,23.16,23.31,23.28,23.35,,23.31,,,798870,18580184.86,2340,F1,1,,,,,
2026-09-25,2026-09-25,CM,NSE,STK,10585,INF109KC17C7,MOM30IETF,EQ,,,,,ICICIPRAMC - ICICIMOM30,30.95,30.97,30.60,30.66,30.61,30.80,,30.66,,,286765,8810550.47,1695,F1,1,,,,,
2026-09-25,2026-09-25,CM,NSE,STK,4529,INF109KC1NS5,NEXT50IETF,EQ,,,,,ICICIPRAMC - ICICINXT50,75.58,76.10,75.24,75.81,76.10,75.59,,75.81,,,1360948,102957660.45,6935,F1,1,,,,,
2026-09-25,2026-09-25,CM,NSE,STK,3626,INF109KC1Q72,HEALTHIETF,EQ,,,,,ICICIPRAMC - ICICIPHARM,172.50,173.40,170.51,172.01,172.56,172.12,,171.99,,,80158,13743227.21,1246,F1,1,,,,,
2026-09-25,2026-09-25,CM,NSE,STK,17808,INF109KC18V5,QUAL30IETF,EQ,,,,,ICICIPRAMC - ICICIQTY30,20.17,20.41,20.10,20.20,20.41,20.17,,20.28,,,40140,809789.53,220,F1,1,,,,,
2026-09-25,2026-09-25,CM,NSE,STK,7942,INF109KC1Y56,SILVERIETF,EQ,,,,,ICICIPRAMC - ICICISILVE,226.10,228.52,225.04,228.35,228.39,225.62,,228.35,,,1950556,442284759.35,13988,F1,1,,,,,
2026-09-25,2026-09-25,CM,NSE,STK,22365,INF109KC16I6,ITIETF,EQ,,,,,ICICIPRAMC - ICICITECH,31.31,31.58,30.94,31.35,31.49,31.37,,31.34,,,952377,29688656.17,1996,F1,1,,,,,
2026-09-25,2026-09-25,CM,NSE,STK,764364,INF109K1A567,INSUREIETF,EQ,,,,,ICICIPRAMC - INSUREIETF,15.00,15.26,14.75,14.92,15.04,14.89,,14.92,,,1186700,17702131.38,339,F1,1,,,,,
2026-09-25,2026-09-25,CM,NSE,STK,11037,INF109KC15I8,BANKIETF,EQ,,,,,ICICIPRAMC - IPRU5008,57.02,57.32,56.96,57.11,57.08,57.06,,57.11,,,107454,6140457.83,1160,F1,1,,,,,
2026-09-25,2026-09-25,CM,NSE,STK,24861,INF109KC19W1,METALIETF,EQ,,,,,ICICIPRAMC - METALIETF,13.26,13.26,12.89,13.18,13.20,13.11,,13.18,,,2698251,35526290.35,7092,F1,1,,,,,
2026-09-25,2026-09-25,CM,NSE,STK,24533,INF109KC18W3,OILIETF,EQ,,,,,ICICIPRAMC - OILIETF,11.29,11.29,10.98,11.01,11.08,11.02,,11.01,,,645500,7110330.57,2144,F1,1,,,,,
2026-09-25,2026-09-25,CM,NSE,STK,14584,INF109KC10S8,PSUBNKIETF,EQ,,,,,ICICIPRAMC - PSUBANKICI,84.25,84.42,83.58,83.85,83.58,83.77,,83.86,,,34414,2888139.39,555,F1,1,,,,,
2026-09-25,2026-09-25,CM,NSE,STK,754612,INF109K1A476,SMALLIETF,EQ,,,,,ICICIPRAMC - SMALLIETF,18.38,18.54,18.07,18.26,18.54,18.20,,18.26,,,22272,405706.25,115,F1,1,,,,,
2026-09-25,2026-09-25,CM,NSE,STK,757781,INF109K1A344,TOP15IETF,EQ,,,,,ICICIPRAMC - TOP15IETF,9.34,9.51,9.30,9.35,9.36,9.34,,9.35,,,693086,6462742.31,281,F1,1,,,,,
2026-09-25,2026-09-25,CM,NSE,STK,25851,INF109KC16X5,VAL30IETF,EQ,,,,,ICICIPRAMC - VAL30IETF,14.87,14.92,14.80,14.85,14.92,14.87,,14.85,,,137283,2036496.86,421,F1,1,,,,,
2026-09-25,2026-09-25,CM,NSE,STK,12578,INF109KC17L8,FINIETF,EQ,,,,,ICICIPRAMC-ICICIFIN,32.03,32.03,30.90,31.10,31.33,31.25,,31.10,,,382407,11864201.00,1810,F1,1,,,,,
2026-09-25,2026-09-25,CM,NSE,STK,14523,INE725G01011,ICRA,EQ,,,,,ICRA LIMITED,4442.70,4476.60,4365.00,4377.90,4395.00,4442.70,,4377.96,,,24469,107384877.60,5973,F1,1,,,,,
2026-09-25,2026-09-25,CM,NSE,STK,1476,INE008A01015,IDBI,EQ,,,,,IDBI BANK LIMITED,82.60,85.30,82.60,84.40,84.60,82.60,,84.40,,,18328262,1542003813.15,58701,F1,1,,,,,
2026-09-25,2026-09-25,CM,NSE,STK,17140,INE349Y01013,IDEAFORGE,EQ,,,,,IDEAFORGE TECHNO LTD,725.00,747.00,722.00,729.85,725.40,726.35,,729.88,,,135969,99699490.75,8113,F1,1,,,,,
2026-09-25,2026-09-25,CM,NSE,STK,24950,INE0T9I01011,IDEALTECHO,SM,,,,,IDEAL TECHNOPLAST IND LTD,91.70,91.70,91.70,91.70,91.70,92.00,,91.70,,,1000,91700.00,1,F1,1000,,,,,
2026-09-25,2026-09-25,CM,NSE,STK,28574,INE0TD101011,IDENTICAL,SM,,,,,IDENTICAL BRAINS STUDIO L,17.15,17.90,17.05,17.90,17.90,17.15,,17.90,,,6000,104200.00,3,F1,2000,,,,,
2026-09-25,2026-09-25,CM,NSE,STK,11184,INE092T01019,IDFCFIRSTB,EQ,,,,,IDFC FIRST BANK LIMITED,83.48,84.25,83.27,83.80,83.80,83.76,,83.80,,,20425204,1709671535.52,61886,F1,1,,,,,
2026-09-25,2026-09-25,CM,NSE,STK,1482,INE076C01018,IFBAGRO,EQ,,,,,IFB AGRO INDUSTRIES LTD,857.95,865.80,853.60,858.60,860.00,857.70,,858.54,,,1248,1073695.35,169,F1,1,,,,,
2026-09-25,2026-09-25,CM,NSE,STK,1485,INE559A01017,IFBIND,EQ,,,,,IFB INDUSTRIES LTD,1231.10,1237.60,1212.10,1225.20,1228.00,1222.30,,1225.17,,,13377,16358852.60,1649,F1,1,,,,,
2026-09-25,2026-09-25,CM,NSE,STK,1491,INE039A01010,IFCI,EQ,,,,,IFCI LTD,75.02,75.62,73.20,73.95,73.85,75.19,,73.95,,,36139840,2675649049.97,87921,F1,1,,,,,
2026-09-25,2026-09-25,CM,NSE,STK,436,INE133Y01011,IFGLEXPOR,EQ,,,,,IFGL REFRACTORIES LIMITED,195.40,199.40,191.47,197.45,199.00,194.27,,197.25,,,18417,3599814.04,716,F1,1,,,,,
2026-09-25,2026-09-25,CM,NSE,STK,759897,INE01XO07017,1225IFL27,N0,,,,,IFL 12.25% 2027,6099.00,6252.00,6099.00,6252.00,6252.00,6162.00,,6252.00,,,14,86107.20,5,F1,1,,,,,
2026-09-25,2026-09-25,CM,NSE,STK,634,INE188B01013,IGARASHI,EQ,,,,,IGARASHI MOTORS INDIA LTD,418.80,438.95,418.50,422.80,421.10,418.35,,422.79,,,55573,23685866.20,2868,F1,1,,,,,
2026-09-25,2026-09-25,CM,NSE,STK,761116,INE530B07658,837IIFL28,Y4,,,,,IIFL 8.37% TR I SR I,981.20,981.20,981.20,981.20,981.20,981.20,,988.80,,,100,98120.00,1,F1,1,,,,,
2026-09-25,2026-09-25,CM,NSE,STK,761118,INE530B07633,865IIFL31,Y6,,,,,IIFL 8.65% TR I SR III,985.00,985.00,985.00,985.00,985.00,985.00,,985.00,,,10,9850.00,1,F1,1,,,,,
2026-09-25,2026-09-25,CM,NSE,STK,756141,INE530B07534,930IIFL27,NX,,,,,IIFL 9:30% TR I SR III,1022.50,1022.50,1022.50,1022.50,1022.50,1022.00,,1022.50,,,2,2045.00,2,F1,1,,,,,
2026-09-25,2026-09-25,CM,NSE,STK,13072,INE489L01022,IIFLCAPS,EQ,,,,,IIFL CAPITAL SERVICES LTD,348.00,348.55,346.00,346.70,347.20,347.70,,346.70,,,263461,91434045.10,9526,F1,1,,,,,
2026-09-25,2026-09-25,CM,NSE,STK,11809,INE530B01024,IIFL,EQ,,,,,IIFL FINANCE LIMITED,616.50,621.85,611.10,616.95,614.95,617.55,,616.88,,,843724,520218728.75,35034,F1,1,,,,,
2026-09-25,2026-09-25,CM,NSE,STK,761124,INE530B07641,IIFL06326,YC,,,,,IIFL TR I SR IX,1002.00,1004.99,1002.00,1003.51,1004.99,1004.99,,1003.51,,,200,200699.00,3,F1,1,,,,,
2026-09-25,2026-09-25,CM,NSE,STK,16822,INE0LOJ01019,IKIO,EQ,,,,,IKIO TECHNOLOGIES LIMITED,205.03,206.50,201.40,205.43,206.00,205.03,,205.44,,,149515,30386600.25,2951,F1,1,,,,,
2026-09-25,2026-09-25,CM,NSE,STK,9380,INE369I01014,IL&FSENGG,BZ,,,,,IL&FS ENG AND CONS CO LTD,41.50,42.50,40.00,40.00,40.00,41.52,,40.00,,,40403,1673275.77,61,F1,1,,,,,
2026-09-25,2026-09-25,CM,NSE,STK,6711,INE050B01023,IVC,EQ,,,,,IL&FS INVESTMENT MANAGERS,7.65,7.88,7.62,7.80,7.83,7.70,,7.80,,,157173,1224825.90,809,F1,1,,,,,
2026-09-25,2026-09-25,CM,NSE,STK,9381,INE975G01012,IL&FSTRANS,BZ,,,,,IL&FS TRANS NET LTD,1.89,1.93,1.84,1.91,1.93,1.87,,1.91,,,38764,73979.31,80,F1,1,,,,,
2026-09-25,2026-09-25,CM,NSE,STK,7672,INE172N01012,IMAGICAA,EQ,,,,,IMAGICAAWORLD ENT LTD,51.69,52.99,50.77,52.29,52.40,51.48,,52.29,,,859001,44909130.78,5275,F1,1,,,,,
2026-09-25,2026-09-25,CM,NSE,STK,25881,INE691G01015,IMPEXFERRO,BZ,,,,,IMPEX FERRO TECH LIMITED,6.14,6.14,5.90,6.14,6.14,6.02,,6.14,,,122513,752066.20,137,F1,1,,,,,
2026-09-25,2026-09-25,CM,NSE,STK,17507,INE452L01012,INCREDIBLE,EQ,,,,,INCREDIBLE INDUSTRIES LTD,32.88,33.65,32.10,32.74,33.60,32.38,,32.79,,,7776,255853.48,86,F1,1,,,,,
2026-09-25,2026-09-25,CM,NSE,STK,12009,INE547E01014,IMPAL,EQ,,,,,IND MOTOR PART & ACC LTD,1065.00,1078.00,1052.20,1064.20,1065.70,1056.00,,1064.02,,,1471,1564711.20,206,F1,1,,,,,
2026-09-25,2026-09-25,CM,NSE,STK,4870,INE915B01019,INDSWFTLAB,EQ,,,,,IND SWIFT LABORATORIES LT,398.00,410.00,395.00,404.35,404.05,401.25,,404.35,,,441614,178851915.65,10179,F1,1,,,,,
2026-09-25,2026-09-25,CM,NSE,STK,21957,INE611L01021,INDTERRAIN,EQ,,,,,IND TERRAIN FASHIONS LTD,29.88,29.97,29.03,29.93,29.93,29.89,,29.94,,,3166,94092.58,63,F1,1,,,,,
2026-09-25,2026-09-25,CM,NSE,STK,16933,INE841B01017,INDBANK,EQ,,,,,INDBANK MERCH BANK,26.03,26.75,25.80,26.15,25.98,26.23,,26.11,,,14918,388243.36,358,F1,1,,,,,
2026-09-25,2026-09-25,CM,NSE,STK,29678,INE0O9T01021,BAJAJINDEF,EQ,,,,,INDEF MANUFACTURING LTD,218.46,219.99,216.97,218.09,217.00,218.37,,218.17,,,10132,2208739.87,320,F1,1,,,,,
2026-09-25,2026-09-25,CM,NSE,STK,23693,INE065X01017,INDGN,EQ,,,,,INDEGENE LIMITED,597.95,621.95,597.35,608.95,608.95,594.10,,608.98,,,2095862,1283922250.95,77108,F1,1,,,,,
2026-09-25,2026-09-25,CM,NSE,STK,1521,INE560A01023,INDIAGLYCO,EQ,,,,,INDIA GLYCOLS LTD,314.40,322.80,297.30,309.90,308.00,306.00,,309.95,,,2054007,636315162.80,47832,F1,1,,,,,
2026-09-25,2026-09-25,CM,NSE,STK,4747,INE092B01025,INDNIPPON,EQ,,,,,INDIA NIPPON ELECT  LTD,1315.90,1330.00,1270.00,1318.20,1316.00,1315.90,,1318.10,,,88704,115427601.90,9670,F1,1,,,,,
2026-09-25,2026-09-25,CM,NSE,STK,4934,INE0D6701023,IPL,EQ,,,,,INDIA PESTICIDES LIMITED,132.00,134.49,131.00,133.92,133.96,132.09,,133.91,,,278960,36992620.46,3087,F1,1,,,,,
2026-09-25,2026-09-25,CM,NSE,STK,20556,INE922K01024,INDIASHLTR,EQ,,,,,INDIA SHELTER FIN CORP L,656.85,659.95,645.00,654.30,653.00,653.05,,654.32,,,51372,33429063.15,4127,F1,1,,,,,
2026-09-25,2026-09-25,CM,NSE,STK,19299,INE353K01014,ITDC,EQ,,,,,INDIA TOUR. DEV. CO. LTD.,685.75,688.45,672.00,679.70,681.00,685.75,,679.68,,,76097,51628407.55,6512,F1,1,,,,,
2026-09-25,2026-09-25,CM,NSE,STK,24999,INE126M01010,IBULLSLTD,EQ,,,,,INDIABULLS LIMITED,28.48,29.83,28.41,29.83,29.83,28.41,,29.87,,,14185546,420585322.55,11914,F1,1,,,,,
2026-09-25,2026-09-25,CM,NSE,STK,10726,INE933S01016,INDIAMART,EQ,,,,,INDIAMART INTERMESH LTD,1637.80,1645.00,1625.90,1642.10,1636.00,1635.90,,1642.12,,,31410,51336024.80,6857,F1,1,,,,,
2026-09-25,2026-09-25,CM,NSE,STK,14309,INE562A01011,INDIANB,EQ,,,,,INDIAN BANK,829.85,835.80,825.30,832.00,832.00,830.00,,832.00,,,1035590,860465661.15,25765,F1,1,,,,,
2026-09-25,2026-09-25,CM,NSE,STK,4422,INE061A01014,INDIANCARD,EQ,,,,,INDIAN CARD CLOTHING CO.,207.01,213.98,197.00,200.59,198.27,209.21,,200.63,,,10799,2182769.09,214,F1,1,,,,,
2026-09-25,2026-09-25,CM,NSE,STK,23792,INE0RRU01016,IEML,ST,,,,,INDIAN EMULSIFIERS LTD,51.05,51.05,50.00,51.05,51.00,48.65,,51.05,,,219500,11121525.00,199,F1,500,,,,,
2026-09-25,2026-09-25,CM,NSE,STK,220,INE022Q01020,IEX,EQ,,,,,INDIAN ENERGY EXC LTD,111.38,112.90,110.89,112.70,112.70,111.20,,112.71,,,2079348,233107966.11,19439,F1,1,,,,,
2026-09-25,2026-09-25,CM,NSE,STK,1530,INE323C01030,INDIANHUME,EQ,,,,,INDIAN HUME PIPE CO. LTD.,363.40,364.35,355.85,357.45,357.75,361.50,,357.62,,,52732,18953735.95,1383,F1,1,,,,,
2026-09-25,2026-09-25,CM,NSE,STK,19235,INE919H01018,IMFA,EQ,,,,,INDIAN METALS & FERRO,1240.00,1243.30,1221.50,1230.40,1233.10,1241.00,,1230.32,,,59887,73634400.40,7879,F1,1,,,,,
2026-09-25,2026-09-25,CM,NSE,STK,1624,INE242A01010,IOC,EQ,,,,,INDIAN OIL CORP LTD,136.50,137.06,135.33,135.70,135.70,136.27,,135.70,,,7769991,1056934314.53,42339,F1,1,,,,,
2026-09-25,2026-09-25,CM,NSE,STK,9348,INE565A01014,IOB,EQ,,,,,INDIAN OVERSEAS BANK,31.92,32.14,31.82,31.98,32.02,31.92,,31.98,,,1104893,35283989.66,6924,F1,1,,,,,
2026-09-25,2026-09-25,CM,NSE,STK,25033,INE0DHF01018,IPHL,SM,,,,,INDIAN PHOSPHATE LIMITED,70.30,70.45,70.30,70.45,70.45,72.35,,70.45,,,4800,337740.00,3,F1,1200,,,,,
2026-09-25,2026-09-25,CM,NSE,STK,13611,INE335Y01020,IRCTC,EQ,,,,,INDIAN RAIL TOUR CORP LTD,461.20,461.90,457.70,458.70,459.00,461.20,,458.71,,,362569,166386333.50,18491,F1,1,,,,,
2026-09-25,2026-09-25,CM,NSE,STK,2029,INE053F01010,IRFC,EQ,,,,,INDIAN RAILWAY FIN CORP L,79.68,79.99,79.20,79.95,79.95,79.86,,79.96,,,4701461,374006218.34,28103,F1,1,,,,,
2026-09-25,2026-09-25,CM,NSE,STK,20261,INE202E01016,IREDA,EQ,,,,,INDIAN RENEWABLE ENERGY,109.75,114.53,109.20,113.22,113.22,110.11,,113.25,,,13343910,1507916808.53,59465,F1,1,,,,,
2026-09-25,2026-09-25,CM,NSE,STK,762727,INE586E01020,IWP,EQ,,,,,INDIAN WOOD PRODUCTS CO L,36.49,36.49,34.30,34.97,35.00,34.29,,34.97,,,2763,96054.57,41,F1,1,,,,,
2026-09-25,2026-09-25,CM,NSE,STK,2048,INE09VQ01012,INDIGOPNTS,EQ,,,,,INDIGO PAINTS LIMITED,1119.00,1144.30,1103.30,1128.60,1129.60,1117.80,,1128.57,,,42663,48256512.90,8926,F1,1,,,,,
2026-09-25,2026-09-25,CM,NSE,STK,20988,INE219X23014,INDIGRID,IV,,,,,INDIGRID INFRASTRUCT TRST,172.50,173.00,171.60,172.97,172.99,171.98,,172.96,,,739541,127378865.70,5845,F1,1,,,,,
2026-09-25,2026-09-25,CM,NSE,STK,757845,INE06ST01018,INDIQUBE,EQ,,,,,INDIQUBE SPACES LIMITED,194.06,201.40,186.42,198.94,199.75,194.06,,198.94,,,42054,8348628.64,1502,F1,1,,,,,
2026-09-25,2026-09-25,CM,NSE,STK,9120,INE760F01028,INDOAMIN,BE,,,,,INDO AMINES LIMITED,134.05,137.80,130.95,136.50,135.70,134.48,,136.45,,,67910,9210729.20,441,F1,1,,,,,
2026-09-25,2026-09-25,CM,NSE,STK,8614,INE803D01021,INDOBORAX,EQ,,,,,INDO BORAX & CHEMICAL LTD,455.80,463.00,447.00,449.95,451.00,452.45,,449.97,,,37260,16800021.15,2027,F1,1,,,,,
2026-09-25,2026-09-25,CM,NSE,STK,11987,INE483B01026,ICIL,EQ,,,,,INDO COUNT INDUSTRIES LTD,453.80,455.80,440.20,445.75,448.10,450.95,,445.71,,,297727,132796014.60,17512,F1,1,,,,,
2026-09-25,2026-09-25,CM,NSE,STK,29025,INE622H01018,INDOFARM,EQ,,,,,INDO FARM EQUIPMENT LTD,138.61,140.40,136.00,138.16,138.13,139.17,,138.16,,,89452,12365955.81,1455,F1,1,,,,,
2026-09-25,2026-09-25,CM,NSE,STK,10993,INE156A01020,INDORAMA,EQ,,,,,INDO RAMA SYNTHETICS LTD,103.58,103.63,97.19,99.36,99.49,101.72,,99.36,,,827174,82646028.14,11315,F1,1,,,,,
2026-09-25,2026-09-25,CM,NSE,STK,13275,INE332H01014,INDOTECH,EQ,,,,,INDO TECH TRANSFORM LTD.,3230.00,3239.90,3050.10,3177.70,3185.00,3190.10,,3177.91,,,25681,80956952.40,5845,F1,1,,,,,
2026-09-25,2026-09-25,CM,NSE,STK,25608,INE337M01021,INDOTHAI,EQ,,,,,INDO THAI SEC LTD,32.29,32.80,30.68,31.86,31.94,32.29,,31.86,,,1205309,37774206.00,4333,F1,1,,,,,
2026-09-25,2026-09-25,CM,NSE,STK,25503,INE250Z01010,INDOUS,EQ,,,,,INDO US BIOTECH LTD,79.90,79.90,77.25,77.60,78.86,78.06,,77.60,,,2473,192907.02,54,F1,1,,,,,
2026-09-25,2026-09-25,CM,NSE,STK,764301,INE084101034,INDOMIM,EQ,,,,,INDO-MIM LIMITED,1349.00,1349.00,1265.00,1275.95,1271.00,1311.15,,1275.92,,,1637687,2120560845.80,119424,F1,1,,,,,
2026-09-25,2026-09-25,CM,NSE,STK,6782,INE567A01028,NIPPOBATRY,EQ,,,,,INDO-NATIONAL LIMITED,320.25,327.70,317.00,320.15,320.00,324.55,,320.16,,,1563,499497.65,113,F1,1,,,,,
2026-09-25,2026-09-25,CM,NSE,STK,11677,INE873D01024,INDOCO,EQ,,,,,INDOCO REMEDIES LTD.,250.55,258.00,244.20,254.46,254.14,250.29,,254.42,,,100085,25096406.80,3499,F1,1,,,,,
2026-09-25,2026-09-25,CM,NSE,STK,757801,INE05J901018,IGCL,EQ,,,,,INDOGULF CROPSCIENCES LTD,62.19,62.82,59.00,59.94,60.34,62.10,,59.94,,,136156,8177143.52,1546,F1,1,,,,,
2026-09-25,2026-09-25,CM,NSE,STK,764708,INE716F01012,INDOKEM,EQ,,,,,INDOKEM LTD.,615.35,623.95,595.35,613.25,605.30,614.00,,613.43,,,3645,2233099.00,379,F1,1,,,,,
2026-09-25,2026-09-25,CM,NSE,STK,19955,INE866K01023,WAAREEINDO,EQ,,,,,INDOSOLAR LIMITED,230.85,237.55,230.85,230.85,230.85,242.95,,230.46,,,196353,45432468.45,1235,F1,1,,,,,
2026-09-25,2026-09-25,CM,NSE,STK,3088,INE896L01010,INDOSTAR,EQ,,,,,INDOSTAR CAPITAL FIN LTD,218.00,222.49,216.00,218.64,216.00,217.95,,218.64,,,67323,14786959.80,1720,F1,1,,,,,
2026-09-25,2026-09-25,CM,NSE,STK,14952,INE227G01018,INDOWIND,EQ,,,,,INDOWIND ENERGY LTD,9.00,9.00,8.80,8.88,8.93,8.82,,8.88,,,81711,724851.39,375,F1,1,,,,,
2026-09-25,2026-09-25,CM,NSE,STK,11262,INE203G01027,IGL,EQ,,,,,INDRAPRASTHA GAS LTD,146.00,146.48,144.22,144.95,144.76,145.74,,144.96,,,975286,141432252.54,26984,F1,1,,,,,
2026-09-25,2026-09-25,CM,NSE,STK,4751,INE681B01017,INDRAMEDCO,EQ,,,,,INDRAPRASTHA MEDICAL CORP,370.50,370.50,361.50,365.70,365.00,370.50,,365.70,,,379626,138591456.10,7343,F1,1,,,,,
2026-09-25,2026-09-25,CM,NSE,STK,23036,INE0NHL23019,INDUSINVIT,IV,,,,,INDUS INFRA TRUST,132.69,132.69,131.60,131.91,131.99,131.95,,131.91,,,98904,13051494.93,4749,F1,1,,,,,
2026-09-25,2026-09-25,CM,NSE,STK,29135,INE121J01017,INDUSTOWER,EQ,,,,,INDUS TOWERS LIMITED,378.00,379.25,373.20,374.65,374.65,379.85,,374.63,,,2952516,1110071699.35,34186,F1,1,,,,,
2026-09-25,2026-09-25,CM,NSE,STK,5258,INE095A01012,INDUSINDBK,EQ,,,,,INDUSIND BANK LIMITED,919.50,923.90,906.90,912.20,912.20,919.50,,912.20,,,1426025,1302764828.90,29579,F1,1,,,,,
2026-09-25,2026-09-25,CM,NSE,STK,762717,INE620D01011,INDPRUD,EQ,,,,,INDUSTRIAL & PRU INV CO L,6200.00,6200.00,6103.00,6200.00,6200.00,6200.00,,6175.50,,,63,390258.50,12,F1,1,,,,,
2026-09-25,2026-09-25,CM,NSE,STK,19525,INE886A01014,IITL,EQ,,,,,INDUSTRIAL INV TRUST LTD,142.52,143.10,136.53,137.27,137.31,143.27,,137.28,,,192851,27351856.37,1232,F1,1,,,,,
2026-09-25,2026-09-25,CM,NSE,STK,15036,INE0MRE01011,INFINIUM,SM,,,,,INFINIUM PHARMACHEM LTD,269.00,269.00,260.00,262.10,262.10,256.60,,262.10,,,4500,1190250.00,9,F1,500,,,,,
2026-09-25,2026-09-25,CM,NSE,STK,757602,INE0MYZ01012,INFLUX,SM,,,,,INFLUX HEALTHTECH LIMITED,285.00,290.00,280.00,281.45,280.00,280.50,,281.45,,,40800,11659110.00,40,F1,600,,,,,
2026-09-25,2026-09-25,CM,NSE,STK,13751,INE663F01032,NAUKRI,EQ,,,,,INFO EDGE (I) LTD,1216.40,1259.00,1215.40,1254.80,1254.80,1224.00,,1254.80,,,1135428,1411697165.60,34388,F1,1,,,,,
2026-09-25,2026-09-25,CM,NSE,STK,11027,INE344S01016,INFOBEAN,EQ,,,,,INFOBEANS TECHNO. LTD.,150.50,150.68,145.20,146.55,147.40,150.24,,146.56,,,171469,25228933.33,2734,F1,1,,,,,
2026-09-25,2026-09-25,CM,NSE,STK,16588,INE0NNZ01013,INFOLLION,SM,,,,,INFOLLION RESEARCH SER L,154.85,154.90,153.00,153.35,153.50,154.85,,153.35,,,6400,987380.00,15,F1,400,,,,,
2026-09-25,2026-09-25,CM,NSE,STK,13693,INE669A01022,INFOMEDIA,EQ,,,,,INFOMEDIA PRESS LIMITED,5.52,5.52,5.22,5.31,5.31,5.44,,5.31,,,20025,106955.21,66,F1,1,,,,,
2026-09-25,2026-09-25,CM,NSE,STK,1594,INE009A01021,INFY,EQ,,,,,INFOSYS LIMITED,999.50,1004.20,991.60,1000.20,1000.20,1014.50,,1000.29,,,10240700,10221349304.30,265153,F1,1,,,,,
2026-09-25,2026-09-25,CM,NSE,STK,1597,INE177A01018,INGERRAND,EQ,,,,,INGERSOLL-RAND INDIA LTD,4234.40,4262.70,4202.60,4233.60,4223.00,4234.40,,4233.77,,,6700,28376724.10,1695,F1,1,,,,,
2026-09-25,2026-09-25,CM,NSE,STK,25323,INE0S1D01010,INNOMET,ST,,,,,INNOMET ADVANCED MATERI L,275.30,286.45,275.30,286.40,286.40,280.85,,286.40,,,57600,16289430.00,67,F1,600,,,,,
2026-09-25,2026-09-25,CM,NSE,STK,21062,INE0DUT01020,INNOVACAP,EQ,,,,,INNOVA CAPTAB LIMITED,1295.30,1304.10,1274.50,1281.00,1283.00,1295.30,,1281.05,,,34476,44323728.70,5653,F1,1,,,,,
2026-09-25,2026-09-25,CM,NSE,STK,27754,INE403Y01018,INNOVANA,EQ,,,,,INNOVANA THINKLABS LTD,302.00,310.00,299.00,301.00,304.00,298.85,,301.00,,,42530,12870244.05,1046,F1,1,,,,,
2026-09-25,2026-09-25,CM,NSE,STK,761528,INE0ADB01012,INNOVISION,EQ,,,,,INNOVISION LIMITED,254.20,255.90,251.05,253.65,253.30,254.20,,253.66,,,9787,2481972.95,410,F1,1,,,,,
2026-09-25,2026-09-25,CM,NSE,STK,12188,INE510W01014,INOXGREEN,EQ,,,,,INOX GREEN ENERGY SER LTD,176.00,176.35,171.41,172.32,171.70,174.64,,172.32,,,975212,169739683.02,13335,F1,1,,,,,
2026-09-25,2026-09-25,CM,NSE,STK,20607,INE616N01034,INOXINDIA,EQ,,,,,INOX INDIA LIMITED,2073.00,2174.30,2059.40,2156.80,2142.20,2064.80,,2156.70,,,377035,806383049.20,33236,F1,1,,,,,
2026-09-25,2026-09-25,CM,NSE,STK,7852,INE066P01011,INOXWIND,EQ,,,,,INOX WIND LIMITED,73.10,75.50,72.86,74.75,74.75,73.09,,74.78,,,11031367,821655727.70,34532,F1,1,,,,,
2026-09-25,2026-09-25,CM,NSE,STK,14657,INE070I01018,INSECTICID,EQ,,,,,INSECTICIDES (I) LTD,597.15,605.00,596.05,602.50,600.05,603.65,,602.64,,,4723,2839580.85,750,F1,1,,,,,
2026-09-25,2026-09-25,CM,NSE,STK,761099,INE0LGX01024,INA,EQ,,,,,INSOLATION ENERGY LIMITED,92.00,93.63,89.65,90.40,90.52,92.33,,90.41,,,306734,28068003.72,3098,F1,1,,,,,
2026-09-25,2026-09-25,CM,NSE,STK,13730,INE020G01017,INSPIRISYS,EQ,,,,,INSPIRISYS SOLUTIONS LTD,91.80,91.80,86.15,88.48,90.00,89.00,,88.67,,,5958,521570.20,76,F1,1,,,,,
2026-09-25,2026-09-25,CM,NSE,STK,30323,INE418N01035,ESSENTIA,EQ,,,,,INTEGRA ESSENTIA LIMITED,1.04,1.04,1.02,1.02,1.03,1.03,,1.02,,,1166081,1205233.85,602,F1,1,,,,,
2026-09-25,2026-09-25,CM,NSE,STK,11903,INE02EE01019,IPSL,SM,,,,,INTEGRATED PERSO SER LTD,186.05,215.00,186.05,215.00,215.00,215.00,,215.00,,,1000,200525.00,2,F1,500,,,,,
2026-09-25,2026-09-25,CM,NSE,STK,757902,INE0YSH01017,INTEGRITY,SM,,,,,INTEGRITY INFRABUILD DE L,167.00,170.00,167.00,169.75,169.75,170.00,,169.75,,,8400,1422900.00,5,F1,1200,,,,,
2026-09-25,2026-09-25,CM,NSE,STK,5926,INE306R01017,INTELLECT,EQ,,,,,INTELLECT DESIGN ARENA,639.00,639.00,628.20,633.05,634.00,638.70,,633.04,,,218132,138005902.75,14088,F1,1,,,,,
2026-09-25,2026-09-25,CM,NSE,STK,20071,INE781A01025,INTENTECH,EQ,,,,,INTENSE TECHNOLOGIES LTD,84.40,86.00,81.25,85.07,84.55,82.86,,85.02,,,26803,2256476.67,234,F1,1,,,,,
2026-09-25,2026-09-25,CM,NSE,STK,24909,INE00M901018,INTERARCH,EQ,,,,,INTERARCH BLDNG SOLTN LTD,1692.30,1745.50,1663.30,1719.70,1711.10,1678.60,,1719.71,,,103195,176398375.50,12013,F1,1,,,,,
2026-09-25,2026-09-25,CM,NSE,STK,11195,INE646L01027,INDIGO,EQ,,,,,INTERGLOBE AVIATION LTD,4890.00,4956.00,4890.00,4940.00,4940.00,4890.00,,4939.96,,,408716,2011809641.00,47935,F1,1,,,,,
2026-09-25,2026-09-25,CM,NSE,STK,22770,INE0OPC01015,INM,SM,,,,,INTERIORS & MORE LIMITED,143.00,143.00,143.00,143.00,143.00,143.00,,143.00,,,600,85800.00,1,F1,600,,,,,
2026-09-25,2026-09-25,CM,NSE,STK,5606,INE575C01027,INTLCONV,EQ,,,,,INTL CONVEYORS LIMITED,80.40,83.00,80.05,81.17,81.00,80.04,,81.18,,,56540,4609120.77,1390,F1,1,,,,,
2026-09-25,2026-09-25,CM,NSE,STK,28378,INE0Q9301021,IGIL,EQ,,,,,INTL GEMOLOGICAL INST LTD,326.05,332.40,321.95,330.55,330.00,325.25,,330.53,,,551729,180864535.90,20840,F1,1,,,,,
2026-09-25,2026-09-25,CM,NSE,STK,18479,INE566K01011,ISFT,EQ,,,,,INTRASOFT TECH. LTD,101.20,103.75,98.05,98.79,98.25,102.14,,98.79,,,145764,14776824.96,1468,F1,1,,,,,
2026-09-25,2026-09-25,CM,NSE,STK,24870,INE878H01024,INVENTURE,EQ,,,,,INVENTURE GRO & SEC LTD,0.89,0.89,0.87,0.87,0.89,0.87,,0.88,,,585864,516085.94,298,F1,1,,,,,
2026-09-25,2026-09-25,CM,NSE,STK,28125,INE115Q01022,IKS,EQ,,,,,INVENTURUS KNOWLEDGE SO L,1867.10,1874.00,1804.60,1815.80,1827.40,1868.30,,1815.85,,,224086,408039875.70,29614,F1,1,,,,,
2026-09-25,2026-09-25,CM,NSE,STK,18292,INF205KA1BP1,IVZINGOLD,EQ,,,,,INVESCO INDIA GOLD ETF,130.55,131.90,130.05,131.40,131.35,130.05,,131.40,,,34807,4565524.40,248,F1,1,,,,,
2026-09-25,2026-09-25,CM,NSE,STK,24217,INF205KA1CC7,IVZINNIFTY,EQ,,,,,INVESCO INDIA NIFTY ETF,263.14,266.75,263.14,266.56,266.75,265.80,,266.56,,,163,43164.50,14,F1,1,,,,,
2026-09-25,2026-09-25,CM,NSE,STK,762725,INE155E01016,INVPRECQ,BE,,,,,INVESTMENT & PREC CAST L,1480.60,1480.60,1474.00,1480.60,1480.60,1451.60,,1480.35,,,5695,8430538.60,98,F1,1,,,,,
2026-09-25,2026-09-25,CM,NSE,STK,20413,INE485C01029,IOLCP,EQ,,,,,IOL CHEM AND PHARMA LTD,203.25,206.50,198.01,204.19,203.60,203.22,,204.19,,,2455948,499141751.16,31109,F1,1,,,,,
2026-09-25,2026-09-25,CM,NSE,STK,1630,INE570A01022,IONEXCHANG,EQ,,,,,ION EXCHANGE (INDIA) LTD,424.50,425.70,416.30,420.15,423.00,420.55,,419.99,,,108351,45550257.40,13497,F1,1,,,,,
2026-09-25,2026-09-25,CM,NSE,STK,764713,INE558A01019,IPRINGLTD,EQ,,,,,IP RINGS LTD.,141.01,145.99,140.01,142.67,142.30,144.31,,142.20,,,2919,415158.54,60,F1,1,,,,,
2026-09-25,2026-09-25,CM,NSE,STK,1633,INE571A01038,IPCALAB,EQ,,,,,IPCA LABORATORIES LTD,2020.00,2020.00,1950.00,1970.80,1958.80,1997.10,,1970.76,,,263825,520198651.70,23274,F1,1,,,,,
2026-09-25,2026-09-25,CM,NSE,STK,15313,INE821I01022,IRB,EQ,,,,,IRB INFRA DEV LTD.,17.82,17.89,17.61,17.68,17.74,17.88,,17.68,,,8219678,145346147.11,17744,F1,1,,,,,
2026-09-25,2026-09-25,CM,NSE,STK,20817,INE183W23014,IRBINVIT,IV,,,,,IRB INVIT FUND,64.50,64.99,64.50,64.62,64.63,65.04,,64.62,,,405546,26281530.34,3397,F1,1,,,,,
2026-09-25,2026-09-25,CM,NSE,STK,4986,INE962Y01021,IRCON,EQ,,,,,IRCON INTERNATIONAL LTD,107.00,107.21,104.76,105.95,105.85,106.60,,105.96,,,2092105,221553902.88,22805,F1,1,,,,,
2026-09-25,2026-09-25,CM,NSE,STK,1391,INE202E07138,880IREDA29,N5,,,,,IREDA 8.80NCDTR I SR II B,1114.00,1114.00,1114.00,1114.00,1114.00,1134.00,,1121.50,,,10,11140.00,1,F1,1,,,,,
2026-09-25,2026-09-25,CM,NSE,STK,2275,INE01GN01025,IRISDOREME,EQ,,,,,IRIS CLOTHINGS LIMITED,66.49,66.99,64.55,66.15,66.25,65.85,,66.15,,,666872,43888130.81,3322,F1,1,,,,,
2026-09-25,2026-09-25,CM,NSE,STK,6489,INE864K01010,IRIS,EQ,,,,,IRIS REGTECH SOLUTION LTD,239.00,244.95,230.10,235.94,234.10,231.58,,236.02,,,26122,6198073.20,1022,F1,1,,,,,
2026-09-25,2026-09-25,CM,NSE,STK,19597,INE07U701015,IRMENERGY,EQ,,,,,IRM ENERGY LIMITED,267.60,269.60,264.05,268.25,269.30,267.60,,268.25,,,28275,7530679.90,1424,F1,1,,,,,
2026-09-25,2026-09-25,CM,NSE,STK,763789,INE413U07475,920ISF28,N0,,,,,ISF 9.20% 2028,9626.01,9843.00,9600.00,9625.00,9625.00,9623.00,,9625.00,,,129,1258950.56,16,F1,1,,,,,
2026-09-25,2026-09-25,CM,NSE,STK,761208,INE413U07442,925ISF28,N0,,,,,ISF 9.25% 2028,9871.00,9995.85,9871.00,9995.85,9995.85,9872.00,,9995.85,,,60,593508.50,2,F1,1,,,,,
2026-09-25,2026-09-25,CM,NSE,STK,756069,INE413U07392,950ISF27A,N0,,,,,ISF 9.50% 2027,99429.00,99429.00,99429.00,99429.00,99429.00,99429.00,,99429.00,,,5,497145.00,2,F1,1,,,,,
2026-09-25,2026-09-25,CM,NSE,STK,757708,INE413U07426,950ISF27C,N0,,,,,ISF 9.50% 2027,9910.00,9946.00,9901.00,9946.00,9946.00,9946.00,,9946.00,,,13,129181.00,3,F1,1,,,,,
2026-09-25,2026-09-25,CM,NSE,STK,757890,INE413U07418,975ISF28,N0,,,,,ISF 9.75% NCD 2028,99700.00,99700.00,98401.00,98401.00,98401.00,99999.00,,98401.00,,,2,198101.00,2,F1,1,,,,,
2026-09-25,2026-09-25,CM,NSE,STK,3329,INE858B01029,ISGEC,EQ,,,,,ISGEC HEAVY ENG LTD,849.10,900.95,844.75,890.55,888.20,850.10,,890.60,,,218727,193327083.20,23274,F1,1,,,,,
2026-09-25,2026-09-25,CM,NSE,STK,30249,INE561M01018,ISHANCH,EQ,,,,,ISHAN DYES N CHEMICALS L,51.40,51.40,48.03,50.22,49.80,49.90,,50.22,,,33410,1689675.75,326,F1,1,,,,,
2026-09-25,2026-09-25,CM,NSE,STK,22645,INE0R7R01018,ITALIANE,SM,,,,,ITALIAN EDIBLES LIMITED,31.00,31.00,31.00,31.00,31.00,31.20,,31.00,,,2000,62000.00,1,F1,2000,,,,,
2026-09-25,2026-09-25,CM,NSE,STK,29251,INE379A01028,ITCHOTELS,EQ,,,,,ITC HOTELS LIMITED,164.80,164.80,161.01,161.90,161.95,164.01,,161.91,,,1253849,203345904.98,19144,F1,1,,,,,
2026-09-25,2026-09-25,CM,NSE,STK,1660,INE154A01025,ITC,EQ,,,,,ITC LTD,268.10,269.00,266.30,269.00,269.00,268.00,,269.00,,,6240148,1671758515.30,87605,F1,1,,,,,
2026-09-25,2026-09-25,CM,NSE,STK,1675,INE248A01017,ITI,EQ,,,,,ITI LTD,250.80,253.90,250.10,252.90,252.30,251.05,,252.91,,,96575,24358307.50,3927,F1,1,,,,,
2026-09-25,2026-09-25,CM,NSE,STK,764723,INE478D01014,ITL,EQ,,,,,ITL INDUSTRIES LTD.,362.00,362.00,358.05,359.00,362.00,361.00,,359.00,,,471,169067.90,28,F1,1,,,,,
2026-09-25,2026-09-25,CM,NSE,STK,759041,INE056801025,IVALUE,EQ,,,,,IVALUE INFOSOLUTIONS LTD,233.90,233.90,224.15,225.22,224.70,234.43,,225.25,,,86508,19719983.50,2436,F1,1,,,,,
2026-09-25,2026-09-25,CM,NSE,STK,8857,INE043C01018,IVP,BE,,,,,IVP LIMITED,222.00,229.90,221.00,228.62,229.00,228.57,,228.63,,,10999,2488235.72,134,F1,1,,,,,
2026-09-25,2026-09-25,CM,NSE,STK,757644,INE1AII01014,IWARE,ST,,,,,IWARE SUPPLYCHAIN SER LTD,387.00,388.00,376.30,382.30,382.30,391.95,,382.30,,,9600,3664440.00,16,F1,600,,,,,
2026-09-25,2026-09-25,CM,NSE,STK,14174,INE848A01014,IZMO,EQ,,,,,IZMO LIMITED,910.15,918.00,895.45,903.95,900.85,904.45,,904.13,,,46289,41903134.00,3702,F1,1,,,,,
2026-09-25,2026-09-25,CM,NSE,STK,5633,INE168A01041,J&KBANK,EQ,,,,,J & K BANK LTD.,146.88,148.38,145.51,146.10,146.00,147.07,,146.10,,,1214432,177463690.19,16200,F1,1,,,,,
2026-09-25,2026-09-25,CM,NSE,STK,23056,INE0MB501011,JGCHEM,EQ,,,,,J.G.CHEMICALS LIMITED,607.00,630.60,600.55,620.10,619.95,601.75,,620.12,,,245613,150395442.15,9912,F1,1,,,,,
2026-09-25,2026-09-25,CM,NSE,STK,13211,INE199G01027,JAGRAN,EQ,,,,,JAGRAN PRAKASHAN LIMITED,62.99,62.99,62.20,62.65,62.45,62.89,,62.65,,,224626,14056638.94,1373,F1,1,,,,,
2026-09-25,2026-09-25,CM,NSE,STK,4410,INE048B01035,JAGSNPHARM,EQ,,,,,JAGSONPAL PHARMACEUTICALS,247.67,251.00,241.06,242.29,241.77,243.97,,242.30,,,565222,137698095.32,12554,F1,1,,,,,
2026-09-25,2026-09-25,CM,NSE,STK,11256,INE091G01026,JAIBALAJI,EQ,,,,,JAI BALAJI INDUSTRIES LTD,64.55,65.52,64.55,64.96,65.00,65.50,,64.96,,,226361,14704501.51,1819,F1,1,,,,,
2026-09-25,2026-09-25,CM,NSE,STK,5143,INE070D01027,JAICORPLTD,EQ,,,,,JAI CORP LIMITED,95.14,95.14,92.74,94.43,94.69,94.46,,94.41,,,254150,23823796.18,4359,F1,1,,,,,
2026-09-25,2026-09-25,CM,NSE,STK,25684,IN9175A01010,JISLDVREQS,EQ,,,,,JAIN DVR EQUITY SHARES,20.69,20.69,19.60,19.85,19.75,20.14,,19.86,,,13264,267006.56,146,F1,1,,,,,
2026-09-25,2026-09-25,CM,NSE,STK,10397,INE175A01038,JISLJALEQS,EQ,,,,,JAIN IRRIGATION SYSTEMS,28.69,28.97,28.47,28.75,28.79,28.58,,28.75,,,1416429,40747552.16,6516,F1,1,,,,,
2026-09-25,2026-09-25,CM,NSE,STK,759244,INE0YD401026,JAINREC,EQ,,,,,JAIN RESOURCE RECYCLING L,290.00,292.95,285.35,286.85,287.35,291.35,,286.85,,,598886,172562014.55,13758,F1,1,,,,,
2026-09-25,2026-09-25,CM,NSE,STK,6012,INE02KC01010,JAINAM,SM,,,,,JAINAM FER ALLOYS (I) LTD,210.00,210.00,209.00,209.00,209.00,200.00,,209.00,,,2500,523500.00,5,F1,500,,,,,
2026-09-25,2026-09-25,CM,NSE,STK,758306,INE0XIL01012,JAINIK,ST,,,,,JAINIK POWER CABLES LTD,202.30,205.00,201.00,205.00,205.00,201.30,,205.00,,,4800,973560.00,4,F1,1200,,,,,
2026-09-25,2026-09-25,CM,NSE,STK,11763,INE351F01018,JPPOWER,EQ,,,,,JAIPRAKASH POWER VEN. LTD,15.84,15.96,15.58,15.87,15.93,15.84,,15.87,,,30626176,483066751.81,392082,F1,1,,,,,
2026-09-25,2026-09-25,CM,NSE,STK,20930,INE349X01015,JALAN,ST,,,,,JALAN TRANSOLU. INDIA LTD,1.70,1.70,1.70,1.70,1.70,1.70,,1.70,,,6000,10200.00,2,F1,3000,,,,,
2026-09-25,2026-09-25,CM,NSE,STK,20778,INE039C01032,JAMNAAUTO,EQ,,,,,JAMNA AUTO IND LTD,138.39,140.50,134.82,138.20,138.00,138.39,,138.20,,,3496903,481363062.44,35401,F1,1,,,,,
2026-09-25,2026-09-25,CM,NSE,STK,22663,INE953L01027,JSFB,EQ,,,,,JANA SMALL FIN BANK LTD,522.70,543.40,509.95,535.25,533.00,522.70,,535.26,,,3086326,1635160620.15,65557,F1,1,,,,,
2026-09-25,2026-09-25,CM,NSE,STK,759951,INE00YJ01010,JARO,EQ,,,,,JARO INS OF TEC MG N RE L,457.70,463.85,439.80,442.95,444.00,457.70,,442.97,,,196929,88617200.50,5155,F1,1,,,,,
2026-09-25,2026-09-25,CM,NSE,STK,13982,INE039O01029,JASH,EQ,,,,,JASH ENGINEERING LIMITED,578.35,599.00,573.70,593.85,595.30,577.15,,593.75,,,322251,188799280.85,10374,F1,1,,,,,
2026-09-25,2026-09-25,CM,NSE,STK,25037,INE0SMY01017,JAYBEE,SM,,,,,JAY BEE LAMINATIONS LTD,101.35,103.90,95.25,99.60,100.00,98.05,,99.60,,,53000,5340425.00,89,F1,500,,,,,
2026-09-25,2026-09-25,CM,NSE,STK,1708,INE571B01036,JAYBARMARU,EQ,,,,,JAY BHARAT MARUTI LTD,125.80,126.80,117.36,121.55,122.62,121.90,,121.56,,,1257855,153111614.18,13684,F1,1,,,,,
2026-09-25,2026-09-25,CM,NSE,STK,10892,INE0J6801010,KORE,ST,,,,,JAY JALARAM TECHNO LTD,163.05,180.15,163.05,180.15,180.15,171.60,,180.15,,,20250,3637362.50,31,F1,250,,,,,
2026-09-25,2026-09-25,CM,NSE,STK,4041,INE785A01026,JAYAGROGN,EQ,,,,,JAYANT AGRO ORGANICS LTD,231.10,235.70,229.93,234.84,235.00,230.91,,234.82,,,13619,3184992.18,420,F1,1,,,,,
2026-09-25,2026-09-25,CM,NSE,STK,2331,INE854B01010,JAYNECOIND,EQ,,,,,JAYASWAL NECO INDUSTR LTD,89.96,90.15,88.31,88.55,88.57,89.53,,88.55,,,1234021,109722451.90,10542,F1,1,,,,,
2026-09-25,2026-09-25,CM,NSE,STK,759159,INE1AE401014,JAYESH,SM,,,,,JAYESH LOGISTICS LIMITED,125.00,125.00,125.00,125.00,125.00,129.50,,125.00,,,1000,125000.00,1,F1,1000,,,,,
2026-09-25,2026-09-25,CM,NSE,STK,760073,INE903A01025,JAYKAY,EQ,,,,,JAYKAY ENTERPRISES LTD,206.38,207.80,195.01,203.75,203.00,202.53,,203.76,,,753223,152420704.53,16687,F1,1,,,,,
2026-09-25,2026-09-25,CM,NSE,STK,1720,INE364A01020,JAYSREETEA,EQ,,,,,JAYSHREE TEA & INDUSTRIES,88.00,89.83,87.65,89.37,89.10,87.92,,89.37,,,17278,1534591.75,415,F1,1,,,,,
2026-09-25,2026-09-25,CM,NSE,STK,11655,INE927D01051,JBMA,EQ,,,,,JBM AUTO LIMITED,592.00,593.00,578.00,586.60,581.10,593.05,,586.59,,,180569,105716965.50,9973,F1,1,,,,,
2026-09-25,2026-09-25,CM,NSE,STK,758115,INE0J5801029,JSLL,EQ,,,,,JEENA SIKHO LIFECARE LTD,507.30,512.80,505.40,508.25,508.00,511.15,,508.25,,,162157,82355879.60,7665,F1,1,,,,,
2026-09-25,2026-09-25,CM,NSE,STK,764728,INE354A01013,JENBURPH,EQ,,,,,JENBURKT PHARMACEUTICAL L,960.00,974.90,935.20,948.00,949.90,954.00,,948.07,,,889,846346.60,108,F1,1,,,,,
2026-09-25,2026-09-25,CM,NSE,STK,7211,INE982V01025,JETFREIGHT,EQ,,,,,JET FREIGHT LOGISTICS LTD,21.25,21.87,21.13,21.43,21.60,21.21,,21.43,,,167163,3584641.42,2564,F1,1,,,,,
2026-09-25,2026-09-25,CM,NSE,STK,25147,INE0RXB01022,JEYYAM,SM,,,,,JEYYAM GLOBAL FOODS LTD,20.60,20.60,20.15,20.45,20.50,21.00,,20.45,,,60000,1226400.00,25,F1,2000,,,,,
2026-09-25,2026-09-25,CM,NSE,STK,10885,INE0LA901015,JFLLIFE,SM,,,,,JFL LIFE SCIENCES LIMITED,9.90,10.35,9.90,10.35,10.35,9.90,,10.35,,,18000,180900.00,2,F1,6000,,,,,
2026-09-25,2026-09-25,CM,NSE,STK,13720,INE544H01014,JHS,EQ,,,,,JHS SVEND. LAB. LTD,8.06,8.58,8.06,8.43,8.53,8.18,,8.44,,,98454,812039.84,361,F1,1,,,,,
2026-09-25,2026-09-25,CM,NSE,STK,24145,INE03DD01011,RETAIL,EQ,,,,,JHS SVENDGAARD RETAIL V L,17.98,20.06,16.36,20.06,20.06,16.72,,20.06,,,111518,2140772.79,419,F1,1,,,,,
2026-09-25,2026-09-25,CM,NSE,STK,31507,INE147P01019,JPOLYINVST,EQ,,,,,JIND POL INV & FIN CO LTD,964.15,987.50,954.00,957.05,955.25,964.80,,957.01,,,2807,2696524.40,300,F1,1,,,,,
2026-09-25,2026-09-25,CM,NSE,STK,13875,INE742C01031,JINDRILL,EQ,,,,,JINDAL DRILLING IND. LTD,591.50,597.45,584.10,592.20,592.15,591.95,,592.21,,,112911,66719583.75,5544,F1,1,,,,,
2026-09-25,2026-09-25,CM,NSE,STK,11743,INE796G01012,JINDALPHOT,EQ,,,,,JINDAL PHOTO LIMITED,1064.00,1082.40,1051.00,1058.40,1051.30,1063.20,,1057.27,,,532,562527.40,105,F1,1,,,,,
2026-09-25,2026-09-25,CM,NSE,STK,1756,INE197D01010,JINDALPOLY,EQ,,,,,JINDAL POLY FILMS LIMITED,699.80,728.95,690.00,694.10,699.90,699.80,,693.98,,,13867,9721542.25,1096,F1,1,,,,,
2026-09-25,2026-09-25,CM,NSE,STK,3024,INE324A01032,JINDALSAW,EQ,,,,,JINDAL SAW LIMITED,283.70,291.30,280.05,285.50,285.60,283.10,,285.50,,,1246596,356076720.15,30898,F1,1,,,,,
2026-09-25,2026-09-25,CM,NSE,STK,11236,INE220G01021,JSL,EQ,,,,,JINDAL STAINLESS LIMITED,738.00,752.85,736.00,748.25,747.00,738.95,,748.22,,,1774357,1323620795.75,81460,F1,1,,,,,
2026-09-25,2026-09-25,CM,NSE,STK,6733,INE749A01030,JINDALSTEL,EQ,,,,,JINDAL STEEL LIMITED,1154.40,1168.90,1137.00,1164.80,1164.80,1157.80,,1164.80,,,423334,490611105.90,17855,F1,1,,,,,
2026-09-25,2026-09-25,CM,NSE,STK,766187,INE1DLO01028,JSIPL,BE,,,,,JINDAL SUPREME (INDIA) L,138.91,138.91,134.95,138.91,138.91,132.30,,140.82,,,1902123,263872865.40,8290,F1,1,,,,,
2026-09-25,2026-09-25,CM,NSE,STK,20642,INE247D01039,JINDWORLD,EQ,,,,,JINDAL WORLDWIDE LTD,49.39,49.39,45.57,46.76,46.90,49.17,,46.76,,,7279293,343076342.51,21848,F1,1,,,,,
2026-09-25,2026-09-25,CM,NSE,STK,759205,INE1FF001016,JKIPL,EQ,,,,,JINKUSHAL INDUSTRIES LTD,96.20,98.30,96.00,96.28,97.30,98.15,,96.28,,,2296,222392.36,95,F1,1,,,,,
2026-09-25,2026-09-25,CM,NSE,STK,18143,INE758E01017,JIOFIN,EQ,,,,,JIO FIN SERVICES LTD,227.20,227.84,225.45,227.00,227.00,227.20,,227.00,,,7741336,1755634954.90,63745,F1,1,,,,,
2026-09-25,2026-09-25,CM,NSE,STK,765307,INF22M001184,NIFTYJBLK,EQ,,,,,JIOBLACKROCKAMC-NIFTYJBLK,12.13,12.13,11.79,11.92,11.98,11.84,,11.92,,,120115,1423807.29,749,F1,1,,,,,
2026-09-25,2026-09-25,CM,NSE,STK,19691,INE863T01013,JITFINFRA,EQ,,,,,JITF INFRALOGISTICS LTD,276.00,281.90,270.10,279.15,278.60,278.30,,279.15,,,15129,4181629.10,927,F1,1,,,,,
2026-09-25,2026-09-25,CM,NSE,STK,18558,INE0N5H01017,JIWANRAM,SM,,,,,JIWANRAM SHEODUTTRA IND L,4.05,4.80,4.05,4.40,4.40,4.00,,4.40,,,72000,317700.00,11,F1,6000,,,,,
2026-09-25,2026-09-25,CM,NSE,STK,13270,INE823G01014,JKCEMENT,EQ,,,,,JK CEMENT LIMITED,5165.00,5165.00,4985.00,5000.00,5000.00,5184.50,,5000.04,,,23835,120014945.00,6511,F1,1,,,,,
2026-09-25,2026-09-25,CM,NSE,STK,13491,INE786A01032,JKLAKSHMI,EQ,,,,,JK LAKSHMI CEMENT LTD,509.45,512.90,506.10,510.35,512.90,509.45,,510.37,,,63165,32184358.75,5254,F1,1,,,,,
2026-09-25,2026-09-25,CM,NSE,STK,11860,INE789E01012,JKPAPER,EQ,,,,,JK PAPER LIMITED,410.50,413.15,405.15,408.45,408.65,411.15,,408.38,,,191915,78508534.55,8064,F1,1,,,,,
2026-09-25,2026-09-25,CM,NSE,STK,14435,INE573A01042,JKTYRE,EQ,,,,,JK TYRE & INDUSTRIES LTD,347.35,348.05,338.55,345.85,344.45,347.20,,345.85,,,744180,254932042.15,25067,F1,1,,,,,
2026-09-25,2026-09-25,CM,NSE,STK,15266,INE576I01022,JKIL,EQ,,,,,JKUMAR INFR.LTD.,479.95,480.00,470.60,473.55,474.00,478.10,,473.55,,,61355,29052320.05,1796,F1,1,,,,,
2026-09-25,2026-09-25,CM,NSE,STK,13637,INE780C01023,JMFINANCIL,EQ,,,,,JM FINANCIAL LIMITED,126.50,128.95,126.20,127.68,127.70,127.03,,127.68,,,1681050,213895646.00,27212,F1,1,,,,,
2026-09-25,2026-09-25,CM,NSE,STK,23621,INE0OAF01028,JNKINDIA,EQ,,,,,JNK INDIA LIMITED,425.85,426.35,410.10,420.40,420.95,422.45,,420.42,,,95931,40016981.55,4370,F1,1,,,,,
2026-09-25,2026-09-25,CM,NSE,STK,16927,INE839G01010,JOCIL,EQ,,,,,JOCIL LIMITED,146.70,148.00,144.30,147.60,147.50,146.75,,147.60,,,1945,286568.95,63,F1,1,,,,,
2026-09-25,2026-09-25,CM,NSE,STK,762623,INE515A01019,COCKERILL,EQ,,,,,JOHN COCKERILL INDIA LTD.,8049.00,8054.00,7925.00,7956.00,7925.00,7955.50,,7956.35,,,2130,17016681.00,740,F1,1,,,,,
2026-09-25,2026-09-25,CM,NSE,STK,758460,INE718I01012,JSWCEMENT,EQ,,,,,JSW CEMENT LIMITED,115.52,116.29,112.83,115.47,115.10,115.71,,115.47,,,2447516,281827982.63,71503,F1,1,,,,,
2026-09-25,2026-09-25,CM,NSE,STK,1467,INE133A01011,JSWDULUX,EQ,,,,,JSW DULUX LIMITED,3128.50,3249.00,3113.90,3199.60,3200.50,3132.30,,3199.61,,,52257,167467933.80,12031,F1,1,,,,,
2026-09-25,2026-09-25,CM,NSE,STK,17869,INE121E01018,JSWENERGY,EQ,,,,,JSW ENERGY LIMITED,510.00,513.10,503.15,506.55,506.55,510.00,,506.56,,,1916836,972003890.25,35180,F1,1,,,,,
2026-09-25,2026-09-25,CM,NSE,STK,11880,INE824G01012,JSWHL,EQ,,,,,JSW HOLDINGS LIMITED,11014.00,11219.00,11000.00,11062.00,11097.00,11116.00,,11064.75,,,1415,15659969.00,648,F1,1,,,,,
2026-09-25,2026-09-25,CM,NSE,STK,19020,INE880J01026,JSWINFRA,EQ,,,,,JSW INFRASTRUCTURE LTD,360.65,366.00,360.25,362.05,362.90,360.70,,362.05,,,3920526,1421993822.00,45086,F1,1,,,,,
2026-09-25,2026-09-25,CM,NSE,STK,11723,INE019A01038,JSWSTEEL,EQ,,,,,JSW STEEL LIMITED,1279.00,1288.60,1266.30,1277.00,1277.00,1273.20,,1277.02,,,1032391,1315960286.80,27890,F1,1,,,,,
2026-09-25,2026-09-25,CM,NSE,STK,3237,INE643A01035,JTEKTINDIA,EQ,,,,,JTEKT INDIA LIMITED,118.55,118.69,116.92,118.07,117.93,118.28,,117.99,,,59407,6997888.25,997,F1,1,,,,,
2026-09-25,2026-09-25,CM,NSE,STK,7287,INE391J01032,JTLIND,EQ,,,,,JTL INDUSTRIES LIMITED,90.79,91.99,89.80,91.16,90.83,90.10,,91.16,,,1548897,140942865.14,13527,F1,1,,,,,
2026-09-25,2026-09-25,CM,NSE,STK,29590,INE03CC01015,JUBLCPL,EQ,,,,,JUBILANT AGRI N CON PRO L,2166.60,2235.00,2120.30,2210.10,2202.80,2160.30,,2209.61,,,4393,9621848.90,788,F1,1,,,,,
2026-09-25,2026-09-25,CM,NSE,STK,18096,INE797F01020,JUBLFOOD,EQ,,,,,JUBILANT FOODWORKS LTD,478.50,490.00,474.10,484.55,484.55,478.90,,484.55,,,945073,458455367.45,36140,F1,1,,,,,
2026-09-25,2026-09-25,CM,NSE,STK,2783,INE0BY001018,JUBLINGREA,EQ,,,,,JUBILANT INGREVIA LIMITED,630.35,660.00,630.35,656.10,660.00,635.35,,656.10,,,372268,242172790.50,18121,F1,1,,,,,
2026-09-25,2026-09-25,CM,NSE,STK,3637,INE700A01033,JUBLPHARMA,EQ,,,,,JUBILANT PHARMOVA LTD,1059.55,1078.00,1049.20,1071.95,1075.70,1063.85,,1072.09,,,156277,167093568.05,12371,F1,1,,,,,
2026-09-25,2026-09-25,CM,NSE,STK,7109,INE412C01023,JMA,EQ,,,,,JULLUNDUR MOT AGENCY LTD,88.79,89.90,87.01,88.19,88.00,87.92,,88.19,,,4528,398858.16,158,F1,1,,,,,
2026-09-25,2026-09-25,CM,NSE,STK,764408,INE05C901015,JNPR,EQ,,,,,JUNIPER GREEN ENERGY LTD,258.95,267.30,254.65,266.05,264.15,257.70,,266.05,,,1025878,271815656.95,33941,F1,1,,,,,
2026-09-25,2026-09-25,CM,NSE,STK,22824,INE696F01016,JUNIPER,EQ,,,,,JUNIPER HOTELS LIMITED,220.29,221.98,214.73,216.29,215.80,218.41,,216.29,,,75553,16313417.79,2412,F1,1,,,,,
2026-09-25,2026-09-25,CM,NSE,STK,18553,INE682M01020,JLHL,EQ,,,,,JUPITER LIFE LINE HOSP L,269.80,269.80,262.35,265.65,264.45,267.80,,265.59,,,58557,15511539.55,4547,F1,1,,,,,
2026-09-25,2026-09-25,CM,NSE,STK,20224,INE209L01016,JWL,EQ,,,,,JUPITER WAGONS LIMITED,230.00,230.00,224.00,226.73,226.50,228.07,,226.73,,,676385,152881995.12,13410,F1,1,,,,,
2026-09-25,2026-09-25,CM,NSE,STK,29962,INE599M01018,JUSTDIAL,EQ,,,,,JUSTDIAL LTD.,670.80,675.00,662.00,672.20,669.10,672.35,,672.19,,,68435,45752362.30,3197,F1,1,,,,,
2026-09-25,2026-09-25,CM,NSE,STK,15146,INE668F01031,JYOTHYLAB,EQ,,,,,JYOTHY LABS LIMITED,192.86,192.86,189.49,191.07,190.98,192.86,,191.07,,,324174,61915791.11,14648,F1,1,,,,,
2026-09-25,2026-09-25,CM,NSE,STK,21334,INE980O01024,JYOTICNC,EQ,,,,,JYOTI CNC AUTOMATION LTD,1072.55,1087.30,1054.55,1065.10,1063.00,1072.55,,1065.12,,,793087,846788982.75,30493,F1,1,,,,,
2026-09-25,2026-09-25,CM,NSE,STK,758221,INE1M3T01017,JYOTIGLOBL,SM,,,,,JYOTI GLOBAL PLAST LTD,44.80,44.80,44.75,44.80,44.80,42.70,,44.80,,,68000,3046300.00,24,F1,2000,,,,,
2026-09-25,2026-09-25,CM,NSE,STK,764733,INE577D01013,JYOTIRES,EQ,,,,,JYOTI RESINS & ADHESIVE L,833.00,863.00,830.50,843.25,863.00,833.00,,843.57,,,6446,5420011.10,689,F1,1,,,,,
2026-09-25,2026-09-25,CM,NSE,STK,1802,INE197A01024,JYOTISTRUC,EQ,,,,,JYOTI STRUCTURES LTD,9.12,9.15,8.95,9.03,9.03,9.08,,9.03,,,6479450,58635053.71,4452,F1,1,,,,,
2026-09-25,2026-09-25,CM,NSE,STK,764743,INE533C01018,KJMCFIN,EQ,,,,,K J M C FINANCIAL SERV L,60.05,60.05,60.05,60.05,60.05,59.84,,60.05,,,56,3362.80,3,F1,1,,,,,
2026-09-25,2026-09-25,CM,NSE,STK,764748,INE879K01018,KMCSHIL,EQ,,,,,K M C SPECIALITY HOSP I L,157.92,159.11,154.01,156.23,157.20,157.92,,156.26,,,138169,21524556.51,3368,F1,1,,,,,
2026-09-25,2026-09-25,CM,NSE,STK,14667,INE157H01023,KMSUGAR,EQ,,,,,K M SUGAR MILLS LTD,29.20,33.02,29.20,32.46,32.55,29.06,,32.46,,,1179803,37741997.66,8320,F1,1,,,,,
2026-09-25,2026-09-25,CM,NSE,STK,27079,INE127T01021,KPEL,EQ,,,,,K.P. ENERGY LIMITED,219.27,226.00,219.21,222.43,223.15,221.55,,222.53,,,284030,63201110.26,5860,F1,1,,,,,
2026-09-25,2026-09-25,CM,NSE,STK,23459,INE0DEZ01013,K2INFRA,SM,,,,,K2 INFRAGEN LIMITED,43.60,43.60,41.60,42.75,42.75,41.75,,42.75,,,16200,693570.00,23,F1,600,,,,,
2026-09-25,2026-09-25,CM,NSE,STK,1805,INE900B01029,KABRAEXTRU,EQ,,,,,KABRA EXTRUSION TECHNIK L,846.40,846.40,807.00,846.40,846.40,806.10,,846.40,,,454583,381766268.80,11278,F1,1,,,,,
2026-09-25,2026-09-25,CM,NSE,STK,29192,INE0XOW01017,KKJEWELS,SM,,,,,KABRA JEWELS LIMITED,94.85,95.85,94.85,95.40,95.00,96.15,,95.40,,,3000,285700.00,3,F1,1000,,,,,
2026-09-25,2026-09-25,CM,NSE,STK,1808,INE217B01036,KAJARIACER,EQ,,,,,KAJARIA CERAMICS LTD,1214.70,1227.00,1213.00,1218.10,1215.00,1221.80,,1218.09,,,251382,306616036.50,18627,F1,1,,,,,
2026-09-25,2026-09-25,CM,NSE,STK,1811,INE437B01014,KAKATCEM,EQ,,,,,KAKATIYA CEM SUGAR &IND L,106.20,109.40,105.99,106.72,106.60,105.99,,106.72,,,1484,159262.74,35,F1,1,,,,,
2026-09-25,2026-09-25,CM,NSE,STK,758558,INE227J01012,KALPATARU,EQ,,,,,KALPATARU LIMITED,282.00,288.10,278.65,281.85,282.80,277.80,,281.90,,,128997,36644680.80,2412,F1,1,,,,,
2026-09-25,2026-09-25,CM,NSE,STK,1814,INE220B01022,KPIL,EQ,,,,,KALPATARU PROJECT INT LTD,1406.60,1418.60,1385.10,1391.20,1386.10,1399.60,,1391.19,,,128530,179476959.10,15424,F1,1,,,,,
2026-09-25,2026-09-25,CM,NSE,STK,2955,INE303R01014,KALYANKJIL,EQ,,,,,KALYAN JEWELLERS IND LTD,574.60,579.10,566.40,573.00,573.00,573.60,,573.01,,,2831344,1620551966.10,38898,F1,1,,,,,
2026-09-25,2026-09-25,CM,NSE,STK,15160,INE314G01014,KALYANIFRG,BE,,,,,KALYANI FORGE LIMITED,936.95,980.00,936.95,974.25,978.00,936.95,,974.22,,,2684,2589795.10,144,F1,1,,,,,
2026-09-25,2026-09-25,CM,NSE,STK,21119,INE029L01018,KICL,EQ,,,,,KALYANI INVEST CO LTD,4998.00,5020.00,4925.00,5009.50,5014.00,4940.50,,5008.72,,,855,4243968.00,214,F1,1,,,,,
2026-09-25,2026-09-25,CM,NSE,STK,18889,INE907A01026,KSL,EQ,,,,,KALYANI STEELS LIMITED,974.20,984.50,957.00,964.70,964.90,974.20,,964.73,,,94739,91546692.10,5297,F1,1,,,,,
2026-09-25,2026-09-25,CM,NSE,STK,762732,INE411F01010,KAMAHOLD,EQ,,,,,KAMA HOLDINGS LTD.,2215.00,2247.40,2210.30,2238.10,2240.00,2199.60,,2238.01,,,2135,4757361.20,403,F1,1,,,,,
2026-09-25,2026-09-25,CM,NSE,STK,1826,INE967C01018,KAMATHOTEL,EQ,,,,,KAMAT HOTELS (I) LTD,240.30,240.30,232.02,237.13,237.01,235.69,,237.09,,,39082,9175676.95,1264,F1,1,,,,,
2026-09-25,2026-09-25,CM,NSE,STK,13457,INE390H01020,KAMDHENU,EQ,,,,,KAMDHENU LIMITED,41.00,41.00,39.60,39.96,39.95,40.34,,39.96,,,483951,19333112.17,2429,F1,1,,,,,
2026-09-25,2026-09-25,CM,NSE,STK,13814,INE0BTI01037,KAMOPAINTS,EQ,,,,,KAMDHENU VENTURES LIMITED,4.30,4.30,4.10,4.19,4.20,4.21,,4.19,,,329674,1370819.01,1012,F1,1,,,,,
2026-09-25,2026-09-25,CM,NSE,STK,25786,INE879E01037,KANANIIND,EQ,,,,,KANANI INDUSTRIES LTD,1.40,1.42,1.40,1.40,1.41,1.41,,1.40,,,83916,118044.14,143,F1,1,,,,,
2026-09-25,2026-09-25,CM,NSE,STK,762737,INE081G01019,KANCHI,EQ,,,,,KANCHI KARPOORAM LTD.,392.00,392.00,382.30,390.50,390.95,393.85,,390.11,,,252,97391.90,36,F1,1,,,,,
2026-09-25,2026-09-25,CM,NSE,STK,765090,INE398L01017,KANCOTEA,EQ,,,,,KANCO TEA & INDS. LTD.,52.66,54.59,52.66,54.00,54.59,52.66,,54.00,,,392,21103.36,5,F1,1,,,,,
2026-09-25,2026-09-25,CM,NSE,STK,11208,INE0MOT01016,KANDARP,SM,,,,,KANDARP DG SMART BPO LTD,79.05,79.50,73.15,73.15,73.15,76.95,,73.15,,,18000,1337950.00,15,F1,1000,,,,,
2026-09-25,2026-09-25,CM,NSE,STK,766021,INE877D01025,KANOHAR,EQ,,,,,KANOHAR ELECTRICALS LTD,877.05,901.40,841.65,862.55,865.40,863.30,,862.63,,,3871540,3376326725.60,124831,F1,1,,,,,
2026-09-25,2026-09-25,CM,NSE,STK,9805,INE138C01024,KANORICHEM,BE,,,,,KANORIACHEMICALS-,191.10,199.90,183.05,198.55,199.00,191.33,,198.59,,,67459,13077051.48,654,F1,1,,,,,
2026-09-25,2026-09-25,CM,NSE,STK,1782,INE694E01014,KANPRPLA,EQ,,,,,KANPUR PLASTIPACK LIMITED,259.60,265.55,251.00,257.45,254.00,262.50,,257.43,,,19717,5092733.75,855,F1,1,,,,,
2026-09-25,2026-09-25,CM,NSE,STK,1196,INE531A01024,KANSAINER,EQ,,,,,KANSAI NEROLAC PAINTS LTD,179.41,181.40,177.35,180.63,181.00,179.41,,180.63,,,153445,27619588.99,6241,F1,1,,,,,
2026-09-25,2026-09-25,CM,NSE,STK,18967,INE542Z01028,KAPSTON,EQ,,,,,KAPSTON SERVICES LIMITED,582.75,616.20,515.00,535.70,540.00,578.10,,535.70,,,1952645,1102689418.60,25579,F1,1,,,,,
2026-09-25,2026-09-25,CM,NSE,STK,766056,INE590T01012,KARAMTARA,EQ,,,,,KARAMTARA ENGINEERING L,371.50,377.70,356.70,358.70,358.30,369.05,,358.70,,,1758524,644305018.70,35084,F1,1,,,,,
2026-09-25,2026-09-25,CM,NSE,STK,24385,INE725L01011,KARMAENG,EQ,,,,,KARMA ENERGY LIMITED,38.67,39.78,38.60,38.97,38.91,39.43,,38.97,,,2146,83743.55,46,F1,1,,,,,
2026-09-25,2026-09-25,CM,NSE,STK,8054,INE614B01018,KTKBANK,EQ,,,,,KARNATAKA BANK LIMITED,338.15,340.70,333.25,335.50,334.50,338.15,,335.50,,,680592,229207015.50,14494,F1,1,,,,,
2026-09-25,2026-09-25,CM,NSE,STK,19465,INE0MGA01012,KARNIKA,SM,,,,,KARNIKA INDUSTRIES LTD,123.90,123.90,121.65,123.00,123.00,122.55,,123.00,,,145000,17721400.00,35,F1,1000,,,,,
2026-09-25,2026-09-25,CM,NSE,STK,1838,INE036D01028,KARURVYSYA,EQ,,,,,KARUR VYSYA BANK LTD,325.00,328.65,322.20,327.95,327.00,325.00,,327.95,,,1233878,402530244.60,27541,F1,1,,,,,
2026-09-25,2026-09-25,CM,NSE,STK,24528,INE0SVY01018,KATARIA,SM,,,,,KATARIA INDUSTRIES LTD,151.20,161.00,148.00,155.80,154.25,149.00,,155.80,,,33000,5160300.00,47,F1,600,,,,,
2026-09-25,2026-09-25,CM,NSE,STK,15140,INE234I01028,KAUSHALYA,BE,,,,,KAUSHALYA INFRA DEV LTD.,826.05,849.90,826.05,835.70,848.90,859.90,,836.78,,,76,64118.20,11,F1,1,,,,,
2026-09-25,2026-09-25,CM,NSE,STK,21189,INE0Q2V01012,KLL,ST,,,,,KAUSHALYA LOGISTICS LTD,46.00,47.30,43.70,44.45,45.50,46.00,,44.45,,,121600,5405200.00,86,F1,800,,,,,
2026-09-25,2026-09-25,CM,NSE,STK,14972,INE455I01029,KSCL,EQ,,,,,KAVERI SEED CO. LTD.,798.90,845.60,777.30,804.55,814.00,783.85,,804.61,,,9425259,7624859776.75,198021,F1,1,,,,,
2026-09-25,2026-09-25,CM,NSE,STK,15248,INE641C01019,KAVDEFENCE,BE,,,,,KAVVERI DFS & WIR TEC LTD,82.30,84.50,79.52,82.34,82.60,83.00,,82.37,,,185913,15248958.08,1402,F1,1,,,,,
2026-09-25,2026-09-25,CM,NSE,STK,21173,INE0RCG01017,KCEIL,SM,,,,,KAY CEE ENERGY & INFRA L,84.25,84.25,75.15,78.75,77.60,82.40,,78.75,,,23500,1892800.00,44,F1,500,,,,,
2026-09-25,2026-09-25,CM,NSE,STK,10282,INE587G01015,KAYA,BE,,,,,KAYA LIMITED,314.55,327.80,310.25,316.80,324.80,313.05,,316.80,,,3460,1108923.05,86,F1,1,,,,,
2026-09-25,2026-09-25,CM,NSE,STK,12092,INE918Z01012,KAYNES,EQ,,,,,KAYNES TECHNOLOGY IND LTD,3530.00,3658.00,3515.00,3650.00,3650.00,3509.50,,3649.97,,,1327893,4797410567.70,74779,F1,1,,,,,
2026-09-25,2026-09-25,CM,NSE,STK,758868,INE13ZD01013,KAYTEX,SM,,,,,KAYTEX FABRICS LIMITED,58.00,58.50,56.50,56.60,56.60,57.05,,56.60,,,4000,230480.00,5,F1,800,,,,,
2026-09-25,2026-09-25,CM,NSE,STK,10296,INE0J1E01027,KCK,ST,,,,,KCK INDUSTRIES LTD,13.80,14.05,13.60,14.00,14.05,13.65,,14.00,,,47500,656250.00,13,F1,2500,,,,,
2026-09-25,2026-09-25,CM,NSE,STK,1841,INE805C01028,KCP,EQ,,,,,KCP LTD,158.45,164.52,156.65,163.29,162.74,159.18,,163.28,,,147091,23735733.76,3144,F1,1,,,,,
2026-09-25,2026-09-25,CM,NSE,STK,8849,INE790B01024,KCPSUGIND,BE,,,,,KCPSUGARINDUS,29.50,30.46,29.21,30.33,30.23,29.01,,30.34,,,101593,3037348.91,390,F1,1,,,,,
2026-09-25,2026-09-25,CM,NSE,STK,765105,INE348N01042,KDGREEN,EQ,,,,,KD GREEN INDUSTRIES LTD,50.43,53.40,49.35,50.10,50.20,50.22,,50.10,,,197677,10162832.40,835,F1,1,,,,,
2026-09-25,2026-09-25,CM,NSE,STK,14908,INE291D01011,KDDL,EQ,,,,,KDDL LIMITED,4200.00,4200.00,4018.00,4033.40,4028.70,4119.80,,4033.09,,,46381,188667217.80,9347,F1,1,,,,,
2026-09-25,2026-09-25,CM,NSE,STK,13260,INE389H01022,KEC,EQ,,,,,KEC INTL. LIMITED,395.40,398.50,391.00,396.95,396.65,395.40,,396.95,,,528148,208219119.50,16577,F1,1,,,,,
2026-09-25,2026-09-25,CM,NSE,STK,13310,INE878B01027,KEI,EQ,,,,,KEI INDUSTRIES LTD.,4636.50,4712.50,4624.00,4673.50,4673.50,4636.50,,4673.56,,,140880,657135001.00,17408,F1,1,,,,,
2026-09-25,2026-09-25,CM,NSE,STK,13430,INE164B01030,KELLTONTEC,EQ,,,,,KELLTON TECH SOL LTD,13.56,13.56,13.25,13.46,13.48,13.48,,13.46,,,1120196,15009897.03,2647,F1,1,,,,,
2026-09-25,2026-09-25,CM,NSE,STK,29547,INE15DO01012,KEN,SM,,,,,KEN ENTERPRISES LIMITED,42.15,42.75,42.15,42.75,42.75,43.75,,42.75,,,2400,101880.00,2,F1,1200,,,,,
2026-09-25,2026-09-25,CM,NSE,STK,11841,INE717A01029,KENNAMET,EQ,,,,,KENNAMETAL INDIA LIMITED,4275.80,4275.80,4129.20,4207.20,4240.00,4266.40,,4207.06,,,26620,111852651.30,5448,F1,1,,,,,
2026-09-25,2026-09-25,CM,NSE,STK,13121,INE202H01019,KERNEX,EQ,,,,,KERNEX MICROSYS(I) LTD,1706.00,1724.00,1684.00,1693.50,1697.00,1700.80,,1693.52,,,93740,159011045.60,9148,F1,1,,,,,
2026-09-25,2026-09-25,CM,NSE,STK,4981,INE087A01019,KESORAMIND,BE,,,,,KESORAM INDUSTRIES LTD,11.39,11.69,10.85,11.57,11.64,11.39,,11.57,,,353967,3973632.57,506,F1,1,,,,,
2026-09-25,2026-09-25,CM,NSE,STK,13381,INE401H01017,KKCL,EQ,,,,,KEWAL KIRAN CLOTHING LTD,472.00,476.55,465.00,467.85,465.80,469.30,,467.85,,,67003,31492893.30,1515,F1,1,,,,,
2026-09-25,2026-09-25,CM,NSE,STK,4157,INE681C01015,KEYFINSERV,EQ,,,,,KEYNOTE FIN SERV LTD.,232.00,238.45,225.20,227.35,227.00,231.65,,227.35,,,1538,350362.25,116,F1,1,,,,,
2026-09-25,2026-09-25,CM,NSE,STK,12219,INE263M01029,RUSTOMJEE,EQ,,,,,KEYSTONE REALTORS LIMITED,364.05,372.90,360.70,366.50,364.00,364.00,,366.48,,,537143,195649242.40,3326,F1,1,,,,,
2026-09-25,2026-09-25,CM,NSE,STK,13359,INE138Y01010,KFINTECH,EQ,,,,,KFIN TECHNOLOGIES LIMITED,897.95,908.70,887.95,888.80,888.80,897.95,,888.56,,,436454,391716647.70,21494,F1,1,,,,,
2026-09-25,2026-09-25,CM,NSE,STK,433,INE834I01025,KHADIM,BE,,,,,KHADIM INDIA LIMITED,120.00,120.00,118.09,118.10,118.10,120.49,,119.30,,,12146,1438451.57,56,F1,1,,,,,
2026-09-25,2026-09-25,CM,NSE,STK,3912,INE731C01018,KHAITANLTD,EQ,,,,,KHAITAN (INDIA)LTD.,148.00,149.50,143.00,146.01,147.99,150.34,,146.05,,,2475,362331.48,86,F1,1,,,,,
2026-09-25,2026-09-25,CM,NSE,STK,896,INE745B01028,KHAICHEM,EQ,,,,,KHAITAN CHEM & FERT LTD,49.41,50.00,49.00,49.59,49.59,49.41,,49.59,,,75324,3721257.02,1403,F1,1,,,,,
2026-09-25,2026-09-25,CM,NSE,STK,9641,INE060B01014,KHANDSE,EQ,,,,,KHANDWALA SECURITIES LTD,18.47,18.47,17.13,17.82,17.82,18.07,,17.82,,,2115,37063.87,84,F1,1,,,,,
2026-09-25,2026-09-25,CM,NSE,STK,766214,INE0HOL01013,KHERIAAUTO,ST,,,,,KHERIA AUTOCOMP LIMITED,102.00,103.90,97.90,99.60,99.05,103.05,,99.60,,,248400,24905100.00,163,F1,1200,,,,,
2026-09-25,2026-09-25,CM,NSE,STK,9570,INE00UG01014,KHFM,SM,,,,,KHFM HOS FAC MANA SER LTD,40.20,43.90,40.20,42.25,43.90,43.45,,42.25,,,23250,962472.50,15,F1,1550,,,,,
2026-09-25,2026-09-25,CM,NSE,STK,762747,INE338F01015,KLBRENG-B,EQ,,,,,KILBURN ENGINEERING LTD.,517.90,527.20,516.10,521.75,519.00,517.90,,521.84,,,87220,45528508.65,3549,F1,1,,,,,
2026-09-25,2026-09-25,CM,NSE,STK,19941,INE729D01010,KILITCH,BE,,,,,KILITCH DRUGS INDIA LTD,217.23,227.00,211.00,224.27,225.95,217.23,,224.23,,,32455,7216159.70,357,F1,1,,,,,
2026-09-25,2026-09-25,CM,NSE,STK,18944,INE473D01015,KINGFA,EQ,,,,,KINGFA SCI & TEC IND LTD.,6279.00,6279.00,6175.00,6237.50,6211.00,6228.50,,6237.48,,,5672,35327913.00,2063,F1,1,,,,,
2026-09-25,2026-09-25,CM,NSE,STK,19126,INE880L01014,KIOCL,EQ,,,,,KIOCL LIMITED,340.00,346.00,338.05,340.75,340.90,340.65,,340.73,,,59387,20274076.10,2603,F1,1,,,,,
2026-09-25,2026-09-25,CM,NSE,STK,762742,INE555P01013,KIRANVYPAR,EQ,,,,,KIRAN VYAPAR LTD.,203.41,208.99,191.00,201.15,199.00,203.41,,200.74,,,3929,786270.56,160,F1,1,,,,,
2026-09-25,2026-09-25,CM,NSE,STK,16639,INE415I01015,KIRIINDUS,EQ,,,,,KIRI INDUSTRIES LIMITED,563.00,570.00,552.15,557.50,559.80,559.90,,557.51,,,631430,353238656.60,13082,F1,1,,,,,
2026-09-25,2026-09-25,CM,NSE,STK,18581,INE732A01036,KIRLOSBROS,EQ,,,,,KIRLOSKAR BROTHERS LTD,1768.40,1790.50,1755.80,1771.90,1774.00,1768.40,,1771.91,,,22399,39649852.40,3889,F1,1,,,,,
2026-09-25,2026-09-25,CM,NSE,STK,18220,INE134B01017,KECL,EQ,,,,,KIRLOSKAR ELECTRIC CO LTD,125.65,127.50,121.21,126.17,127.25,122.75,,126.17,,,93028,11595913.96,1954,F1,1,,,,,
2026-09-25,2026-09-25,CM,NSE,STK,14466,INE884B01025,KIRLFER,EQ,,,,,KIRLOSKAR FERROUS IND LTD,476.45,485.00,476.45,483.20,483.45,478.20,,483.20,,,146189,70606870.10,7737,F1,1,,,,,
2026-09-25,2026-09-25,CM,NSE,STK,19025,INE250A01039,KIRLOSIND,EQ,,,,,KIRLOSKAR INDUSTRIES LTD,3635.00,3649.10,3556.00,3597.50,3601.00,3635.00,,3597.35,,,5403,19431794.50,1366,F1,1,,,,,
2026-09-25,2026-09-25,CM,NSE,STK,20936,INE146L01010,KIRLOSENG,EQ,,,,,KIRLOSKAR OIL ENG LTD,2164.00,2189.20,2125.10,2137.20,2137.20,2164.50,,2137.10,,,166543,358461019.60,18762,F1,1,,,,,
2026-09-25,2026-09-25,CM,NSE,STK,15180,INE811A01038,KIRLPNU,EQ,,,,,KIRLOSKAR PNEUMATIC COM L,699.80,699.80,685.50,691.95,690.05,697.75,,691.97,,,72155,49900029.65,5898,F1,1,,,,,
2026-09-25,2026-09-25,CM,NSE,STK,28899,INE602G01020,KITEX,EQ,,,,,KITEX GARMENTS LTD,116.25,119.06,114.49,117.68,117.65,118.65,,117.66,,,551363,64177193.48,6248,F1,1,,,,,
2026-09-25,2026-09-25,CM,NSE,STK,17781,INE239T01016,KKVAPOW,SM,,,,,KKV AGRO POWERS LTD.,311.25,311.25,310.50,310.85,310.50,326.80,,310.85,,,342,106319.25,2,F1,171,,,,,
2026-09-25,2026-09-25,CM,NSE,STK,760923,INE0KNW01016,KNAGRI,EQ,,,,,KN AGRI RESOURCES LIMITED,218.50,218.50,201.05,204.76,205.00,213.63,,204.76,,,5907,1219769.38,321,F1,1,,,,,
2026-09-25,2026-09-25,CM,NSE,STK,763839,INE17QZ01016,KNACK,EQ,,,,,KNACK PACKAGING LIMITED,181.94,188.00,178.10,181.98,182.00,182.25,,181.93,,,325182,58777819.72,6338,F1,1,,,,,
2026-09-25,2026-09-25,CM,NSE,STK,27084,INE0CJD01029,KMEW,EQ,,,,,KNOWLEDGE MARINE & EN W L,2905.00,2924.70,2852.00,2865.10,2870.00,2890.60,,2864.54,,,31064,89530590.80,6674,F1,1,,,,,
2026-09-25,2026-09-25,CM,NSE,STK,758431,INE1JAR25012,KRT,RR,,,,,KNOWLEDGE REALTY TRUST,113.87,114.00,113.16,113.88,113.90,113.87,,113.88,,,1508192,171585089.20,3019,F1,1,,,,,
2026-09-25,2026-09-25,CM,NSE,STK,15283,INE634I01029,KNRCON,EQ,,,,,KNR CONSTRU LTD.,120.09,121.10,118.75,120.27,119.60,120.03,,120.27,,,800438,96032398.00,8607,F1,1,,,,,
2026-09-25,2026-09-25,CM,NSE,STK,18754,INE0Q7P01013,KODYTECH,ST,,,,,KODY TECHNOLAB LIMITED,1501.00,1539.00,1500.00,1515.00,1515.00,1527.25,,1515.00,,,2600,3924750.00,23,F1,100,,,,,
2026-09-25,2026-09-25,CM,NSE,STK,3009,INE080B01012,KOHINOOR,EQ,,,,,KOHINOOR FOODS LIMITED,31.90,31.90,30.53,31.05,31.35,30.82,,31.05,,,90283,2787951.72,1635,F1,1,,,,,
2026-09-25,2026-09-25,CM,NSE,STK,16827,INE760A01029,KOKUYOCMLN,EQ,,,,,KOKUYO CAMLIN LIMITED,77.49,77.49,76.00,76.03,76.77,76.64,,76.03,,,9366,714686.92,265,F1,1,,,,,
2026-09-25,2026-09-25,CM,NSE,STK,15124,INE094I01018,KOLTEPATIL,EQ,,,,,KOLTE PATIL DEV. LTD.,433.00,437.90,429.40,432.00,432.95,432.05,,432.03,,,33128,14345544.65,1784,F1,1,,,,,
2026-09-25,2026-09-25,CM,NSE,STK,22475,INE0QEI01011,KONSTELEC,ST,,,,,KONSTELEC ENGINEERS LTD,57.30,60.85,57.30,59.85,59.85,58.85,,59.85,,,6000,356050.00,6,F1,1000,,,,,
2026-09-25,2026-09-25,CM,NSE,STK,19287,INE0KZ301010,KONTOR,SM,,,,,KONTOR SPACE LIMITED,57.95,57.95,57.95,57.95,57.95,51.60,,57.95,,,600,34770.00,1,F1,600,,,,,
2026-09-25,2026-09-25,CM,NSE,STK,1919,INE082A01010,KOPRAN,EQ,,,,,KOPRAN LTD,271.80,287.00,270.18,284.53,283.00,270.81,,284.55,,,662546,184903714.86,9510,F1,1,,,,,
2026-09-25,2026-09-25,CM,NSE,STK,16758,INE0O4R01018,KDL,SM,,,,,KORE DIGITAL LIMITED,57.85,57.85,57.85,57.85,57.85,60.85,,57.85,,,10500,607425.00,34,F1,150,,,,,
2026-09-25,2026-09-25,CM,NSE,STK,14858,INF174KA1HJ8,GOLD1,EQ,,,,,KOTAK GOLD ETF,125.29,125.78,124.76,125.72,125.70,124.65,,125.72,,,1608175,201505189.41,5170,F1,1,,,,,
2026-09-25,2026-09-25,CM,NSE,STK,1922,INE237A01036,KOTAKBANK,EQ,,,,,KOTAK MAHINDRA BANK LTD,406.90,407.95,399.30,404.00,404.00,405.00,,404.00,,,18175573,7334446928.00,135524,F1,1,,,,,
2026-09-25,2026-09-25,CM,NSE,STK,18102,INF174K014P6,NIFTY1,EQ,,,,,KOTAK NIFTY ETF,263.58,263.58,250.00,257.49,257.80,257.16,,257.49,,,66135,17004093.58,1265,F1,1,,,,,
2026-09-25,2026-09-25,CM,NSE,STK,15061,INF174KA1A86,PSUBANK,EQ,,,,,KOTAK PSU BANK,82.21,83.69,82.21,82.95,83.44,82.92,,82.95,,,74327,6170010.02,411,F1,1,,,,,
2026-09-25,2026-09-25,CM,NSE,STK,759885,INF174KA1XV0,CHEMICAL,EQ,,,,,KOTAKMAMC - CHEMICAL,29.20,29.32,28.97,29.14,29.23,29.13,,29.14,,,228662,6660701.76,972,F1,1,,,,,
2026-09-25,2026-09-25,CM,NSE,STK,7412,INF174KA1IA5,ALPHA,EQ,,,,,KOTAKMAMC - KOTAKALPHA,52.79,53.19,52.41,52.76,52.80,52.82,,52.76,,,900108,47358849.60,2989,F1,1,,,,,
2026-09-25,2026-09-25,CM,NSE,STK,10512,INF174KA1ZF8,CONS,EQ,,,,,KOTAKMAMC - KOTAKCONS,11.73,11.79,11.68,11.75,11.79,11.73,,11.75,,,24760,290079.53,109,F1,1,,,,,
2026-09-25,2026-09-25,CM,NSE,STK,2627,INF174KA1GC5,IT,EQ,,,,,KOTAKMAMC - KOTAKIT,31.39,31.98,30.92,31.34,31.85,31.42,,31.34,,,403375,12569896.93,1255,F1,1,,,,,
2026-09-25,2026-09-25,CM,NSE,STK,13950,INF174KA1LV5,LIQUID1,EQ,,,,,KOTAKMAMC - KOTAKLIQ,1123.96,1124.42,1123.96,1124.41,1124.42,1123.96,,1124.41,,,1239705,1393939497.82,995,F1,1,,,,,
2026-09-25,2026-09-25,CM,NSE,STK,8632,INF174KA1IY5,LOWVOL1,EQ,,,,,KOTAKMAMC - KOTAKLOVOL,20.16,20.39,20.15,20.17,20.39,20.16,,20.17,,,221497,4476245.01,15542,F1,1,,,,,
2026-09-25,2026-09-25,CM,NSE,STK,8077,INF174KA1ZC5,MIDCAP,EQ,,,,,KOTAKMAMC - KOTAKMID50,18.29,18.29,17.75,17.88,18.02,17.93,,17.88,,,315970,5647718.77,1169,F1,1,,,,,
2026-09-25,2026-09-25,CM,NSE,STK,10676,INF174KA1JF2,MNC,EQ,,,,,KOTAKMAMC - KOTAKMNC,32.25,32.35,32.12,32.20,32.31,32.27,,32.20,,,25150,810204.78,388,F1,1,,,,,
2026-09-25,2026-09-25,CM,NSE,STK,13082,INF174KA1ZD3,SILVER1,EQ,,,,,KOTAKMAMC - KOTAKSILVE,22.09,22.22,21.87,22.19,22.17,21.91,,22.19,,,6897794,151962736.58,3871,F1,1,,,,,
2026-09-25,2026-09-25,CM,NSE,STK,11457,INF174KA1ZE1,NV20,EQ,,,,,KOTAKMAMC - KTKNV20ETF,13.41,13.43,13.34,13.38,13.35,13.43,,13.38,,,107771,1440736.30,330,F1,1,,,,,
2026-09-25,2026-09-25,CM,NSE,STK,30469,INF174KA1VW2,MID150,EQ,,,,,KOTAKMAMC - MID150,22.90,23.49,22.75,23.39,23.25,22.90,,23.39,,,29486,674238.23,265,F1,1,,,,,
2026-09-25,2026-09-25,CM,NSE,STK,759488,INF174KA1XS6,MOMENTUM30,EQ,,,,,KOTAKMAMC - MOMENTUM30,30.26,31.20,30.10,30.69,30.30,30.26,,30.69,,,94863,2860089.39,192,F1,1,,,,,
2026-09-25,2026-09-25,CM,NSE,STK,29758,INF174KA1VD2,MSCIINDIA,EQ,,,,,KOTAKMAMC - MSCIINDIA,28.85,29.08,28.73,28.86,28.76,28.83,,28.86,,,6659,191710.90,180,F1,1,,,,,
2026-09-25,2026-09-25,CM,NSE,STK,760709,INF174KA1YO3,NEXT50ETF,EQ,,,,,KOTAKMAMC - NEXT50ETF,72.01,74.70,71.65,73.76,73.20,72.12,,73.76,,,12521,905310.06,179,F1,1,,,,,
2026-09-25,2026-09-25,CM,NSE,STK,29944,INF174KA1UW4,NIFTY100EW,EQ,,,,,KOTAKMAMC - NIFTY100EW,34.48,34.63,33.83,34.09,34.08,34.19,,34.09,,,49398,1684455.15,382,F1,1,,,,,
2026-09-25,2026-09-25,CM,NSE,STK,764195,INF174KA1A94,PVTBANK,EQ,,,,,KOTAKMAMC - PVTBANK,26.94,29.65,26.85,27.31,27.00,26.96,,27.31,,,18480,504176.10,72,F1,1,,,,,
2026-09-25,2026-09-25,CM,NSE,STK,757946,INF174KA1WT6,QUALITY30,EQ,,,,,KOTAKMAMC - QUALITY30,19.30,20.45,19.30,20.20,19.77,19.80,,20.20,,,3040,60037.88,49,F1,1,,,,,
2026-09-25,2026-09-25,CM,NSE,STK,5851,INF174KA1ZB7,BANKNIFTY1,EQ,,,,,KOTAKMAMC-KOTAKBKETF,57.94,57.94,57.54,57.69,57.69,57.55,,57.69,,,199079,11491360.76,664,F1,1,,,,,
2026-09-25,2026-09-25,CM,NSE,STK,762752,INE972A01020,KOTIC,EQ,,,,,KOTHARI INDUSTRIAL CORP L,143.80,155.00,143.00,150.41,147.80,143.82,,150.18,,,18933,2776818.82,851,F1,1,,,,,
2026-09-25,2026-09-25,CM,NSE,STK,4594,INE720A01015,KOTHARIPET,EQ,,,,,KOTHARI PETROCHEM LTD,134.70,135.78,133.00,133.52,133.82,134.01,,133.52,,,20022,2678903.79,646,F1,1,,,,,
2026-09-25,2026-09-25,CM,NSE,STK,5528,INE823A01017,KOTHARIPRO,EQ,,,,,KOTHARI PRODUCTS LTD,67.13,68.44,66.00,67.97,67.62,67.13,,68.03,,,11027,737274.11,259,F1,1,,,,,
2026-09-25,2026-09-25,CM,NSE,STK,11648,INE419A01022,KOTARISUG,BE,,,,,KOTHARI SUG & CHEM LTD.,27.09,27.80,27.00,27.52,27.51,26.83,,27.52,,,37765,1033798.79,188,F1,1,,,,,
2026-09-25,2026-09-25,CM,NSE,STK,761337,INE0J0B01017,KOTYARK,BE,,,,,KOTYARK INDUSTRIES LTD,31.00,31.49,30.62,31.20,31.39,31.30,,31.20,,,72118,2241082.24,264,F1,1,,,,,
2026-09-25,2026-09-25,CM,NSE,STK,5192,INE177F01017,KOVAI,EQ,,,,,KOVAI MEDICAL CENTER & HO,6101.00,6148.00,6063.00,6090.50,6100.00,6101.00,,6091.63,,,3285,20016193.50,953,F1,1,,,,,
2026-09-25,2026-09-25,CM,NSE,STK,5108,INE542W01025,KPIGREEN,EQ,,,,,KPI GREEN ENERGY LIMITED,334.70,346.25,329.50,339.75,344.90,333.20,,339.71,,,1557582,522152670.50,25566,F1,1,,,,,
2026-09-25,2026-09-25,CM,NSE,STK,9683,INE04I401011,KPITTECH,EQ,,,,,KPIT TECHNOLOGIES LIMITED,517.95,519.50,507.80,519.40,519.40,516.85,,519.52,,,1244484,641050726.65,29752,F1,1,,,,,
2026-09-25,2026-09-25,CM,NSE,STK,14912,INE930H01031,KPRMILL,EQ,,,,,KPR MILL LTD.,1118.00,1120.90,1101.10,1106.40,1107.00,1113.80,,1106.52,,,79073,87705379.90,12563,F1,1,,,,,
2026-09-25,2026-09-25,CM,NSE,STK,10577,INE001B01026,KRBL,EQ,,,,,KRBL LIMITED,396.00,407.30,393.30,398.65,397.95,398.20,,398.66,,,459998,183583024.60,12505,F1,1,,,,,
2026-09-25,2026-09-25,CM,NSE,STK,1937,INE268B01013,KREBSBIO,EQ,,,,,KREBS BIOCHEMICALS & IND,58.23,59.40,55.93,56.94,57.41,57.66,,56.94,,,2532,144074.42,68,F1,1,,,,,
2026-09-25,2026-09-25,CM,NSE,STK,11480,INE524L01026,KRIDHANINF,EQ,,,,,KRIDHAN INFRA LIMITED,1.85,1.88,1.79,1.86,1.84,1.85,,1.85,,,58123,105486.26,125,F1,1,,,,,
2026-09-25,2026-09-25,CM,NSE,STK,12847,INE506W01020,KRISHANA,EQ,,,,,KRISHANA PHOSCHEM LIMITED,186.23,188.00,183.15,187.24,185.65,184.51,,187.24,,,356024,66344564.48,4193,F1,1,,,,,
2026-09-25,2026-09-25,CM,NSE,STK,16133,INE0NR701018,KRISHCA,SM,,,,,KRISHCA STRAPPING SLTN L,219.00,219.00,205.00,206.85,205.00,216.70,,206.85,,,93500,19576400.00,160,F1,500,,,,,
2026-09-25,2026-09-25,CM,NSE,STK,756782,INE0GGO01015,KRISHIVAL,EQ,,,,,KRISHIVAL FOODS LIMITED,415.00,415.00,411.50,413.40,411.50,411.30,,413.40,,,11444,4734829.15,362,F1,1,,,,,
2026-09-25,2026-09-25,CM,NSE,STK,761192,INE0J5601015,KRISHNADEF,EQ,,,,,KRISHNA DEF AND ALD IND L,1023.10,1029.10,995.00,1006.80,1015.00,1015.50,,1006.80,,,60791,61197474.60,4541,F1,1,,,,,
2026-09-25,2026-09-25,CM,NSE,STK,4847,INE967H01025,KIMS,EQ,,,,,KRISHNA INST OF MED SCI L,800.95,801.00,775.95,780.15,778.25,800.45,,780.15,,,346140,271012939.95,23360,F1,1,,,,,
2026-09-25,2026-09-25,CM,NSE,STK,6417,INE479D01038,KRITI,EQ,,,,,KRITI INDUSTRIES IND LTD,63.50,63.50,60.51,61.21,60.52,61.65,,61.25,,,6972,427786.21,173,F1,1,,,,,
2026-09-25,2026-09-25,CM,NSE,STK,11432,INE798K01010,KRITINUT,EQ,,,,,KRITI NUTRIENTS LIMITED,77.90,78.96,76.21,77.49,77.99,77.81,,77.48,,,7037,544398.83,145,F1,1,,,,,
2026-09-25,2026-09-25,CM,NSE,STK,9288,INE00Z501029,KRITIKA,EQ,,,,,KRITIKA WIRES LIMITED,5.02,5.09,5.00,5.04,5.05,5.02,,5.04,,,88017,442971.66,393,F1,1,,,,,
2026-09-25,2026-09-25,CM,NSE,STK,760624,INE1MTV01019,KRMAYURVED,SM,,,,,KRM AYURVEDA LIMITED,300.30,303.00,294.10,298.70,300.00,300.30,,298.70,,,33000,9850150.00,33,F1,1000,,,,,
2026-09-25,2026-09-25,CM,NSE,STK,25643,INE0Q3J01015,KRN,EQ,,,,,KRN HEAT EXCHANGE N REF L,1401.10,1433.40,1373.80,1381.80,1381.40,1401.60,,1381.88,,,180039,251177637.30,19600,F1,1,,,,,
2026-09-25,2026-09-25,CM,NSE,STK,24026,INE0ATZ01017,KRONOX,BE,,,,,KRONOX LAB SCIENCES LTD,205.00,206.58,198.01,206.58,206.58,196.75,,206.21,,,145260,29945712.70,843,F1,1,,,,,
2026-09-25,2026-09-25,CM,NSE,STK,25252,INE0O6601022,KROSS,EQ,,,,,KROSS LIMITED,274.85,274.99,262.22,267.87,267.11,272.90,,267.87,,,812431,218057455.51,20303,F1,1,,,,,
2026-09-25,2026-09-25,CM,NSE,STK,5359,INE08LI01020,KRSNAA,EQ,,,,,KRSNAA DIAGNOSTICS LTD,552.00,552.00,542.10,548.45,547.85,551.25,,548.45,,,23523,12870101.95,2230,F1,1,,,,,
2026-09-25,2026-09-25,CM,NSE,STK,23175,INE0QN801017,KRYSTAL,EQ,,,,,KRYSTAL INTEGRATED SER L,639.35,643.95,629.15,631.55,630.15,637.50,,631.92,,,6661,4226025.55,468,F1,1,,,,,
2026-09-25,2026-09-25,CM,NSE,STK,1949,INE999A01023,KSB,EQ,,,,,KSB LIMITED,802.15,825.45,802.15,819.10,815.25,802.15,,819.09,,,270689,220872040.95,13326,F1,1,,,,,
2026-09-25,2026-09-25,CM,NSE,STK,764753,INE953E01022,KSE,EQ,,,,,KSE LTD.,183.15,183.15,178.00,180.76,180.50,181.11,,180.76,,,6455,1165605.82,295,F1,1,,,,,
2026-09-25,2026-09-25,CM,NSE,STK,760433,INE987S01020,KSHINTL,EQ,,,,,KSH INTERNATIONAL LIMITED,1036.30,1048.00,1024.95,1035.50,1036.00,1036.00,,1035.52,,,131534,136113706.15,11027,F1,1,,,,,
2026-09-25,2026-09-25,CM,NSE,STK,10407,INE013801027,KSHITIJPOL,EQ,,,,,KSHITIJ POLYLINE LIMITED,4.81,4.81,4.81,4.81,4.81,5.06,,4.81,,,497252,2391782.12,824,F1,1,,,,,
2026-09-25,2026-09-25,CM,NSE,STK,11060,INE0D6I01023,KSOLVES,EQ,,,,,KSOLVES INDIA LIMITED,252.00,258.50,243.55,248.50,248.05,249.15,,248.53,,,44119,10932332.75,2236,F1,1,,,,,
2026-09-25,2026-09-25,CM,NSE,STK,759989,INE1SPP01016,KSR,BE,,,,,KSR FOOTWEAR LIMITED,37.20,38.60,36.06,38.49,38.55,37.80,,38.49,,,6536,247432.48,58,F1,1,,,,,
2026-09-25,2026-09-25,CM,NSE,STK,13870,INE529I01021,KUANTUM,EQ,,,,,KUANTUM PAPERS LIMITED,80.18,82.49,79.25,79.59,79.50,80.17,,79.59,,,97440,7826508.25,1468,F1,1,,,,,
2026-09-25,2026-09-25,CM,NSE,STK,764116,INE0ISX01025,KUSUMGAR,EQ,,,,,KUSUMGAR LIMITED,620.95,629.70,611.10,626.70,627.00,620.10,,626.71,,,190712,118531809.20,11380,F1,1,,,,,
2026-09-25,2026-09-25,CM,NSE,STK,762757,INE552U01010,KPL,EQ,,,,,KWALITY PHARMACEUTICALS L,3667.80,3774.40,3639.00,3672.30,3660.00,3642.10,,3672.27,,,32185,119004723.50,6856,F1,1,,,,,
2026-09-25,2026-09-25,CM,NSE,STK,760946,INE2KCE01013,KWIL,EQ,,,,,KWALITY WALL'S (INDIA) L,40.80,41.55,40.45,41.03,41.09,40.81,,41.03,,,5147575,210784718.71,20765,F1,1,,,,,
2026-09-25,2026-09-25,CM,NSE,STK,765100,INE341H01023,LKPSEC,EQ,,,,,L K P SECURITIES LTD.,15.06,15.34,14.76,15.02,15.02,15.02,,15.04,,,12106,181531.85,75,F1,1,,,,,
2026-09-25,2026-09-25,CM,NSE,STK,24948,INE498L01015,LTF,EQ,,,,,L&T FINANCE LIMITED,284.95,285.75,280.05,284.00,284.00,282.00,,284.00,,,6184736,1750501921.85,50982,F1,1,,,,,
2026-09-25,2026-09-25,CM,NSE,STK,18564,INE010V01017,LTTS,EQ,,,,,L&T TECHNOLOGY SER. LTD.,3218.60,3229.00,3178.00,3206.10,3210.00,3209.10,,3206.27,,,23468,75086050.60,7300,F1,1,,,,,
2026-09-25,2026-09-25,CM,NSE,STK,14423,INE059D01020,LAOPALA,EQ,,,,,LA OPALA RG LIMITED,159.63,161.79,159.02,160.78,160.17,160.21,,160.78,,,40051,6427647.59,1295,F1,1,,,,,
2026-09-25,2026-09-25,CM,NSE,STK,764761,INE519D01015,LADDERUP,BE,,,,,LADDERUP FINANCE LTD.,52.06,54.99,52.00,52.00,52.00,53.63,,52.00,,,1072,55883.25,15,F1,1,,,,,
2026-09-25,2026-09-25,CM,NSE,STK,5865,INE548Z01017,LAGNAM,EQ,,,,,LAGNAM SPINTEX LIMITED,76.48,76.48,73.15,74.99,74.99,74.99,,74.99,,,938,70029.62,31,F1,1,,,,,
2026-09-25,2026-09-25,CM,NSE,STK,762762,INE515C01023,LAHOTIOV,EQ,,,,,LAHOTI OVERSEAS LTD.,39.80,40.00,38.90,39.90,39.80,38.28,,39.90,,,3662,144353.33,41,F1,1,,,,,
2026-09-25,2026-09-25,CM,NSE,STK,7902,INE850E01012,LFIC,EQ,,,,,LAKSHMI FIN IND CORP LTD,136.00,136.36,132.30,133.06,132.50,136.36,,133.06,,,655,87304.50,51,F1,1,,,,,
2026-09-25,2026-09-25,CM,NSE,STK,764763,INE938C01019,LAKSHMIMIL,EQ,,,,,LAKSHMI MILLS CO. LTD.,8001.00,8001.00,7600.00,7729.00,7748.00,7780.50,,7729.00,,,87,670274.50,33,F1,1,,,,,
2026-09-25,2026-09-25,CM,NSE,STK,4774,INE651C01018,LAKPRE,BZ,,,,,LAKSHMI PRE SCRE LTD,5.09,5.09,5.09,5.09,5.09,5.09,,5.20,,,610,3104.90,3,F1,1,,,,,
2026-09-25,2026-09-25,CM,NSE,STK,25860,INE0VZS01015,LAKSHYA,SM,,,,,LAKSHYA POWERTECH LIMITED,113.15,113.15,110.00,113.15,113.15,107.80,,113.15,,,17600,1985920.00,19,F1,800,,,,,
2026-09-25,2026-09-25,CM,NSE,STK,765361,INE0K9O01026,LALITHAA,EQ,,,,,LALITHAA JEWELLERY MART L,389.00,389.00,355.20,366.35,366.50,370.50,,366.35,,,11964094,4434065392.25,127391,F1,1,,,,,
2026-09-25,2026-09-25,CM,NSE,STK,6407,INE112F01022,LAMBODHARA,EQ,,,,,LAMBODHARA TEXTILES LTD.,147.00,154.50,141.05,144.57,141.20,139.46,,144.69,,,644953,95758093.12,8239,F1,1,,,,,
2026-09-25,2026-09-25,CM,NSE,STK,27225,INE0R0201012,LAMOSAIC,ST,,,,,LAMOSAIC INDIA LIMITED,51.70,51.70,48.65,48.75,48.75,51.00,,48.75,,,216600,10835610.00,47,F1,600,,,,,
2026-09-25,2026-09-25,CM,NSE,STK,9392,INE359U01028,LANCER,EQ,,,,,LANCER CONTAINER LINES L,11.59,11.77,11.50,11.62,11.62,11.59,,11.62,,,111096,1289048.64,506,F1,1,,,,,
2026-09-25,2026-09-25,CM,NSE,STK,23030,INE572G01025,LANCORHOL,BE,,,,,LANCOR HOLDINGS LIMITED,35.40,35.40,32.45,33.59,33.89,34.03,,33.59,,,60196,2013437.79,182,F1,1,,,,,
2026-09-25,2026-09-25,CM,NSE,STK,13276,INE559R01029,LANDMARK,EQ,,,,,LANDMARK CARS LIMITED,489.05,492.95,482.20,488.55,487.00,489.05,,488.55,,,54874,26689923.55,3374,F1,1,,,,,
2026-09-25,2026-09-25,CM,NSE,STK,16863,INE197J01017,LPDC,EQ,,,,,LANDMARK PR.DEV.CO.LTD,6.60,6.69,6.42,6.51,6.48,6.63,,6.51,,,20129,131303.87,187,F1,1,,,,,
2026-09-25,2026-09-25,CM,NSE,STK,17376,INE688J01023,LANDSMILL,EQ,,,,,LANDSMILL GREEN LIMITED,0.53,0.62,0.52,0.62,0.62,0.52,,0.63,,,6935351,3917366.20,692,F1,1,,,,,
2026-09-25,2026-09-25,CM,NSE,STK,11483,INE018A01030,LT,EQ,,,,,LARSEN & TOUBRO LTD.,3865.00,3887.50,3842.40,3876.20,3876.20,3858.40,,3876.21,,,1230579,4751832101.10,67845,F1,1,,,,,
2026-09-25,2026-09-25,CM,NSE,STK,764126,INE17IR01028,LASERPOWER,EQ,,,,,LASER POWER & INFRA LTD,276.90,276.90,270.50,272.10,272.50,274.50,,272.10,,,364686,99474264.80,8592,F1,1,,,,,
2026-09-25,2026-09-25,CM,NSE,STK,6818,INE0I7C01011,LATENTVIEW,EQ,,,,,LATENT VIEW ANALYTICS LTD,245.00,245.75,240.50,243.75,243.05,245.40,,243.76,,,382848,92946713.40,12173,F1,1,,,,,
2026-09-25,2026-09-25,CM,NSE,STK,15840,INE262Z01023,LATTEYS,EQ,,,,,LATTEYS INDUSTRIES LTD,20.00,20.90,20.00,20.67,20.88,20.08,,20.67,,,77039,1575426.85,160,F1,1,,,,,
2026-09-25,2026-09-25,CM,NSE,STK,19234,INE947Q01028,LAURUSLABS,EQ,,,,,LAURUS LABS LIMITED,2026.00,2040.00,1979.20,2007.00,2007.00,2026.20,,2006.80,,,1442142,2880436225.10,41192,F1,1,,,,,
2026-09-25,2026-09-25,CM,NSE,STK,6568,INE801V01019,LAXMICOT,EQ,,,,,LAXMI COTSPIN LIMITED,13.11,13.50,12.71,13.31,13.33,13.23,,13.31,,,5195,68074.61,66,F1,1,,,,,
2026-09-25,2026-09-25,CM,NSE,STK,29171,INE0WO601020,LAXMIDENTL,EQ,,,,,LAXMI DENTAL LIMITED,197.05,200.84,196.02,199.07,200.50,197.05,,199.10,,,64495,12828271.09,3366,F1,1,,,,,
2026-09-25,2026-09-25,CM,NSE,STK,19876,INE258Y01016,LGHL,EQ,,,,,LAXMI GOLDORNA HOUSE LTD,183.51,183.51,180.31,182.99,183.00,181.48,,182.99,,,27844,5069877.71,119,F1,1,,,,,
2026-09-25,2026-09-25,CM,NSE,STK,758863,INE06WU01026,LAXMIINDIA,EQ,,,,,LAXMI INDIA FINANCE LTD,121.00,123.45,116.99,122.06,121.10,120.66,,122.06,,,280318,33602995.82,2549,F1,1,,,,,
2026-09-25,2026-09-25,CM,NSE,STK,2841,INE576O01020,LXCHEM,EQ,,,,,LAXMI ORGANIC INDUS LTD,180.79,182.99,178.90,181.42,181.98,180.61,,181.42,,,617908,111900333.71,12812,F1,1,,,,,
2026-09-25,2026-09-25,CM,NSE,STK,7529,INE938A01021,LCCINFOTEC,EQ,,,,,LCC INFOTECH LTD,4.23,4.23,4.04,4.23,4.23,4.03,,4.23,,,590793,2483606.33,471,F1,1,,,,,
2026-09-25,2026-09-25,CM,NSE,STK,766044,INE1FPN01026,LCCPROJECT,EQ,,,,,LCC PROJECTS LIMITED,150.50,154.80,146.21,149.14,148.80,144.22,,149.19,,,7022813,1053199248.22,58279,F1,1,,,,,
2026-09-25,2026-09-25,CM,NSE,STK,760300,INE0G1L01025,LEMERITE,EQ,,,,,LE MERITE EXPORTS LIMITED,20.01,21.54,20.01,21.06,21.30,20.59,,21.06,,,219022,4559388.91,628,F1,1,,,,,
2026-09-25,2026-09-25,CM,NSE,STK,24067,INE0HV901016,IXIGO,EQ,,,,,LE TRAVENUES TECHNOLOGY L,159.85,160.29,156.22,156.80,156.70,159.31,,156.81,,,1248580,196136693.30,11339,F1,1,,,,,
2026-09-25,2026-09-25,CM,NSE,STK,14204,INE0H4B01011,LRRPL,SM,,,,,LEAD REC AND RUB PROD LTD,97.00,97.00,93.50,93.50,93.50,98.00,,93.50,,,10500,1008750.00,4,F1,1500,,,,,
2026-09-25,2026-09-25,CM,NSE,STK,764523,INE00GO01025,LEAPIND,EQ,,,,,LEAP INDIA LIMITED,143.00,143.64,138.88,139.92,140.00,143.09,,139.92,,,1105790,155674119.47,15181,F1,1,,,,,
2026-09-25,2026-09-25,CM,NSE,STK,765098,INE791B01014,LEENEE,BE,,,,,LEE & NEE SOFTWARES (E) L,7.99,8.18,7.41,7.61,7.60,7.80,,7.61,,,25593,198143.98,62,F1,1,,,,,
2026-09-25,2026-09-25,CM,NSE,STK,757014,INE0AQ201015,THELEELA,EQ,,,,,LEELA PALACES HOTEL LTD,525.00,551.50,525.00,546.15,544.90,533.20,,546.20,,,144533,78241020.55,13562,F1,1,,,,,
2026-09-25,2026-09-25,CM,NSE,STK,2606,INE970X01018,LEMONTREE,EQ,,,,,LEMON TREE HOTELS LTD,106.80,107.04,104.86,106.15,106.20,106.72,,106.14,,,1851366,196077085.14,15470,F1,1,,,,,
2026-09-25,2026-09-25,CM,NSE,STK,759605,INE956O01016,LENSKART,EQ,,,,,LENSKART SOLUTIONS LTD,676.50,683.60,668.00,680.25,680.25,676.00,,680.25,,,2373847,1602055023.75,76856,F1,1,,,,,
2026-09-25,2026-09-25,CM,NSE,STK,14459,INE500X01013,LEXUS,EQ,,,,,LEXUS GRANITO (INDIA) LTD,12.49,12.70,12.03,12.18,12.19,12.19,,12.18,,,15220,186123.88,148,F1,1,,,,,
2026-09-25,2026-09-25,CM,NSE,STK,18321,INE337A01034,LGBBROSLTD,EQ,,,,,LG BALAKRISHNAN & BROS,1750.00,1778.00,1730.00,1735.30,1730.00,1745.30,,1735.34,,,16354,28676130.20,3183,F1,1,,,,,
2026-09-25,2026-09-25,CM,NSE,STK,760213,INE324D01010,LGEINDIA,EQ,,,,,LG ELECTRONICS INDIA LTD,1711.00,1734.20,1687.20,1725.40,1725.40,1697.70,,1725.42,,,883000,1518968712.80,86078,F1,1,,,,,
2026-09-25,2026-09-25,CM,NSE,STK,11082,INE908V01012,LIBAS,EQ,,,,,LIBAS CONSU PRODUCTS LTD,12.35,12.65,11.87,12.38,12.49,12.02,,12.38,,,54262,665917.49,291,F1,1,,,,,
2026-09-25,2026-09-25,CM,NSE,STK,1994,INE557B01019,LIBERTSHOE,EQ,,,,,LIBERTY SHOES LTD,240.80,242.00,234.50,235.92,237.67,237.84,,235.92,,,21983,5211552.16,986,F1,1,,,,,
2026-09-25,2026-09-25,CM,NSE,STK,1997,INE115A01026,LICHSGFIN,EQ,,,,,LIC HOUSING FINANCE LTD,564.75,569.55,558.60,566.00,566.00,564.25,,566.04,,,1070523,603942775.30,16819,F1,1,,,,,
2026-09-25,2026-09-25,CM,NSE,STK,25640,INF767K01SM1,LICMFGOLD,EQ,,,,,LIC MF - LIC GOLD ETF,135.20,135.85,134.70,135.70,135.75,134.50,,135.68,,,16779,2269763.10,301,F1,1,,,,,
2026-09-25,2026-09-25,CM,NSE,STK,11319,INF767K01OS7,LICNETFN50,EQ,,,,,LICNAMC - LICNFENGP,260.13,261.32,259.13,260.11,259.96,260.13,,260.09,,,356,92771.46,25,F1,1,,,,,
2026-09-25,2026-09-25,CM,NSE,STK,11441,INF767K01OT5,LICNETFSEN,EQ,,,,,LICNAMC - LICNFESGP,840.40,840.40,829.39,829.39,829.39,835.18,,829.39,,,66,54760.71,4,F1,1,,,,,
2026-09-25,2026-09-25,CM,NSE,STK,15229,INF767K01PC8,LICNFNHGP,EQ,,,,,LICNAMC - LICNFNHGP,269.09,275.87,266.01,267.86,268.54,275.99,,267.87,,,2439,649325.56,42,F1,1,,,,,
2026-09-25,2026-09-25,CM,NSE,STK,6062,INF767K01MV5,LICNETFGSC,EQ,,,,,LICNAMC - LICNMFET,29.08,29.32,29.06,29.07,29.07,29.16,,29.07,,,14187,412674.27,77,F1,1,,,,,
2026-09-25,2026-09-25,CM,NSE,STK,22722,INF767K01RN1,LICNMID100,EQ,,,,,LICNAMC - LICNMID100,61.29,62.21,61.03,61.67,61.67,61.29,,61.13,,,2811,172498.72,75,F1,1,,,,,
2026-09-25,2026-09-25,CM,NSE,STK,9480,INE0J1Y01017,LICI,EQ,,,,,LIFE INSURA CORP OF INDIA,404.00,410.05,403.05,409.05,409.05,406.00,,409.05,,,11594970,4722467836.70,85536,F1,1,,,,,
2026-09-25,2026-09-25,CM,NSE,STK,578,INE060901027,LIKHITHA,EQ,,,,,LIKHITHA INFRASTRUC LTD,225.12,234.53,225.00,230.23,231.72,227.38,,230.24,,,35441,8127813.84,1192,F1,1,,,,,
2026-09-25,2026-09-25,CM,NSE,STK,6951,INE802B01027,LINC,EQ,,,,,LINC LIMITED,93.16,94.15,91.23,93.23,93.37,92.24,,93.25,,,5802,539506.29,253,F1,1,,,,,
2026-09-25,2026-09-25,CM,NSE,STK,11596,INE405C01035,LINCOLN,EQ,,,,,LINCOLN PHARMA LTD,595.10,604.80,586.85,591.00,590.50,594.65,,590.94,,,24670,14580614.20,2102,F1,1,,,,,
2026-09-25,2026-09-25,CM,NSE,STK,1627,INE473A01011,LINDEINDIA,EQ,,,,,LINDE INDIA LIMITED,6185.00,6203.50,6102.50,6142.50,6145.00,6196.50,,6143.38,,,9751,59865071.00,4030,F1,1,,,,,
2026-09-25,2026-09-25,CM,NSE,STK,17801,INE093R01011,LLOYDSENGG,EQ,,,,,LLOYDS ENGG WORK LIMITED,91.23,99.65,89.06,98.56,98.62,90.91,,98.56,,,60674433,5882608617.88,223114,F1,1,,,,,
2026-09-25,2026-09-25,CM,NSE,STK,25807,INE080I01025,LLOYDSENT,EQ,,,,,LLOYDS ENTERPRISES LTD,75.58,81.40,74.49,79.67,79.59,75.58,,79.67,,,11961867,945001476.36,67000,F1,1,,,,,
2026-09-25,2026-09-25,CM,NSE,STK,11472,INE0DTQ01028,LLOYDS,SM,,,,,LLOYDS LUXURIES LIMITED,59.00,63.00,58.70,63.00,63.00,61.70,,63.00,,,12000,727200.00,12,F1,1000,,,,,
2026-09-25,2026-09-25,CM,NSE,STK,17313,INE281B01032,LLOYDSME,EQ,,,,,LLOYDS METALS N ENERGY L,1822.00,1851.00,1808.70,1838.00,1832.00,1821.90,,1838.05,,,317553,581463913.40,22721,F1,1,,,,,
2026-09-25,2026-09-25,CM,NSE,STK,1979,INE269B01029,LMW,EQ,,,,,LMW LIMITED,17146.00,17270.00,17051.00,17133.00,17140.00,17136.00,,17133.22,,,2399,41138954.00,1221,F1,1,,,,,
2026-09-25,2026-09-25,CM,NSE,STK,3220,INE670K01029,LODHA,EQ,,,,,LODHA DEVELOPERS LIMITED,1150.00,1170.30,1147.00,1165.00,1165.00,1158.00,,1164.99,,,818279,948385770.00,22506,F1,1,,,,,
2026-09-25,2026-09-25,CM,NSE,STK,764296,INE0QJW01029,LCL,EQ,,,,,LOHIA CORP LIMITED,574.80,609.40,573.25,594.70,590.50,575.55,,594.71,,,1672547,999991065.75,81031,F1,1,,,,,
2026-09-25,2026-09-25,CM,NSE,STK,13436,INE397H01017,LOKESHMACH,EQ,,,,,LOKESH MACHINES LTD,342.25,345.65,335.60,340.20,338.20,342.90,,340.20,,,20313,6923690.50,983,F1,1,,,,,
2026-09-25,2026-09-25,CM,NSE,STK,18232,INE846D01012,LORDSCHLO,EQ,,,,,LORDS CHLORO ALKALI LTD,138.10,153.80,133.12,148.20,148.00,134.50,,148.19,,,302916,43341800.54,2969,F1,1,,,,,
2026-09-25,2026-09-25,CM,NSE,STK,14924,INE740X01023,LAL,EQ,,,,,LORENZINI APPARELS LTD,9.20,9.22,8.63,8.83,8.82,9.07,,8.83,,,15168,135400.85,130,F1,1,,,,,
2026-09-25,2026-09-25,CM,NSE,STK,764768,INE026D01011,LOTUSCHO,EQ,,,,,LOTUS CHOCOLATE CO. LTD.,566.15,578.90,554.60,556.60,555.00,566.15,,556.91,,,3140,1787970.80,339,F1,1,,,,,
2026-09-25,2026-09-25,CM,NSE,STK,16807,INE947I01017,LOTUSEYE,EQ,,,,,LOTUS EYE HOSP & INST L,113.23,115.50,112.20,115.07,114.00,113.23,,115.16,,,6263,718047.35,235,F1,1,,,,,
2026-09-25,2026-09-25,CM,NSE,STK,22415,INE597L01014,LOVABLE,EQ,,,,,LOVABLE LINGERIE LTD,69.83,70.78,69.50,69.68,69.52,69.70,,69.68,,,4906,343073.17,236,F1,1,,,,,
2026-09-25,2026-09-25,CM,NSE,STK,10590,INE970D01010,LOYALTEX,EQ,,,,,LOYAL TEXTILE MILLS LTD,231.80,231.80,215.25,222.19,223.90,223.98,,222.90,,,993,219020.60,78,F1,1,,,,,
2026-09-25,2026-09-25,CM,NSE,STK,13816,INE818H01020,LTFOODS,EQ,,,,,LT FOODS LIMITED,424.00,429.35,418.90,422.35,422.80,424.50,,422.35,,,248790,105186897.85,18246,F1,1,,,,,
2026-09-25,2026-09-25,CM,NSE,STK,17818,INE214T01019,LTM,EQ,,,,,LTM LIMITED,4038.00,4083.00,3996.00,4083.00,4083.00,4038.00,,4082.47,,,302018,1223203211.20,21453,F1,1,,,,,
2026-09-25,2026-09-25,CM,NSE,STK,14014,INE872H01027,LUMAXTECH,EQ,,,,,LUMAX AUTO TECH LTD,2074.80,2091.50,2022.00,2026.80,2025.50,2068.80,,2026.91,,,68866,141013777.80,13457,F1,1,,,,,
2026-09-25,2026-09-25,CM,NSE,STK,2018,INE162B01018,LUMAXIND,EQ,,,,,LUMAX INDUSTRIES LTD,5685.50,5824.50,5663.50,5769.00,5810.00,5732.50,,5768.80,,,4537,26144358.50,2232,F1,1,,,,,
2026-09-25,2026-09-25,CM,NSE,STK,765524,INE185Q01025,LUMINO,EQ,,,,,LUMINO INDUSTRIES LIMITED,107.80,108.51,104.00,105.26,105.35,107.22,,105.26,,,4053465,428337079.54,22738,F1,1,,,,,
2026-09-25,2026-09-25,CM,NSE,STK,10440,INE326A01037,LUPIN,EQ,,,,,LUPIN LIMITED,2091.30,2095.70,2077.50,2092.00,2092.00,2100.70,,2092.00,,,431672,900236835.70,27400,F1,1,,,,,
2026-09-25,2026-09-25,CM,NSE,STK,11301,INE150G01020,LUXIND,EQ,,,,,LUX INDUSTRIES LIMITED,1166.00,1218.00,1156.00,1174.70,1170.00,1167.80,,1174.67,,,50486,60207011.00,4896,F1,1,,,,,
2026-09-25,2026-09-25,CM,NSE,STK,7248,INE933A01014,LYKALABS,BE,,,,,LYKA LABS LTD.,86.50,86.50,85.85,85.85,85.85,87.00,,85.90,,,3962,341205.97,31,F1,1,,,,,
2026-09-25,2026-09-25,CM,NSE,STK,758150,INE08N601015,MBEL,EQ,,,,,M AND B ENGINEERING LTD,265.90,267.25,255.40,257.70,258.60,263.95,,257.72,,,86275,22528984.35,2360,F1,1,,,,,
2026-09-25,2026-09-25,CM,NSE,STK,765120,INE227F01010,MKEXIM,EQ,,,,,M K EXIM (INDIA) LTD.,70.01,70.01,66.36,69.84,70.00,68.64,,70.10,,,30682,2106882.05,402,F1,1,,,,,
2026-09-25,2026-09-25,CM,NSE,STK,16736,INE964W01021,MKPL,EQ,,,,,M K PROTEINS LIMITED,4.06,4.06,3.99,4.03,4.04,4.01,,4.03,,,33897,136354.70,213,F1,1,,,,,
2026-09-25,2026-09-25,CM,NSE,STK,22360,INE813V01022,MCL,EQ,,,,,M TEK COPPER LIMITED,62.60,62.60,57.62,59.36,60.90,61.61,,59.36,,,82072,4918425.16,2242,F1,1,,,,,
2026-09-25,2026-09-25,CM,NSE,STK,13285,INE774D01024,M&MFIN,EQ,,,,,M&M FIN. SERVICES LTD,341.45,341.45,330.20,333.10,333.25,339.90,,333.10,,,1662139,554900108.25,42521,F1,1,,,,,
2026-09-25,2026-09-25,CM,NSE,STK,22976,INE0SGC01015,MVKAGRO,SM,,,,,M.V.K. AGRO FOOD PROD LTD,230.90,230.90,224.50,230.90,230.80,219.95,,230.90,,,1148700,265180965.00,491,F1,300,,,,,
2026-09-25,2026-09-25,CM,NSE,STK,15017,INE215I01027,MAANALU,EQ,,,,,MAAN ALUMINIUM LIMITED,103.64,104.06,99.85,100.18,100.04,102.62,,100.21,,,103573,10452384.32,1633,F1,1,,,,,
2026-09-25,2026-09-25,CM,NSE,STK,762782,INE435D01014,MCCHRLS-B,EQ,,,,,MAC CHARLES (INDIA) LTD.,685.00,685.00,650.00,681.00,682.00,677.85,,676.78,,,145,95780.10,39,F1,1,,,,,
2026-09-25,2026-09-25,CM,NSE,STK,22347,INE155Z01011,MACPOWER,EQ,,,,,MACPOWER CNC MACHINES LTD,2072.00,2084.00,2022.00,2062.50,2084.00,2061.10,,2062.50,,,22980,47075662.60,3252,F1,1,,,,,
2026-09-25,2026-09-25,CM,NSE,STK,762767,INE631R01026,MADHAVIPL,EQ,,,,,MADHAV INFRA PROJECTS L,7.41,7.86,7.36,7.52,7.53,7.59,,7.52,,,80667,609462.47,392,F1,1,,,,,
2026-09-25,2026-09-25,CM,NSE,STK,15151,INE925C01016,MADHAV,EQ,,,,,MADHAV MARBLE & GRANITE,34.12,36.00,34.00,35.77,36.00,34.46,,35.81,,,3191,113689.77,72,F1,1,,,,,
2026-09-25,2026-09-25,CM,NSE,STK,13671,INE378D01032,MADHUCON,EQ,,,,,MADHUCON PROJECTS LTD.,4.26,4.26,4.04,4.19,4.13,4.25,,4.19,,,60505,247889.30,86,F1,1,,,,,
2026-09-25,2026-09-25,CM,NSE,STK,765476,INE1P5601010,MADHURKNIT,SM,,,,,MADHUR KNIT CRAFTS LTD,47.00,47.40,45.00,47.15,47.40,45.90,,47.15,,,56400,2620680.00,34,F1,1200,,,,,
2026-09-25,2026-09-25,CM,NSE,STK,18738,INE0P6701019,MADHUSUDAN,ST,,,,,MADHUSUDAN MASALA LIMITED,229.00,235.50,229.00,235.50,235.50,224.30,,235.50,,,18000,4211950.00,18,F1,1000,,,,,
2026-09-25,2026-09-25,CM,NSE,STK,12686,INE900L01028,MBAPL,EQ,,,,,MADHYA BHARAT AGRO P. LTD,163.60,168.99,163.38,168.47,168.31,164.07,,168.47,,,596290,99893048.46,9824,F1,1,,,,,
2026-09-25,2026-09-25,CM,NSE,STK,4911,INE414A01015,MADRASFERT,EQ,,,,,MADRAS FERTILISERS LTD,60.72,61.29,60.02,60.17,60.07,60.72,,60.17,,,29816,1798498.73,599,F1,1,,,,,
2026-09-25,2026-09-25,CM,NSE,STK,762772,INE270B01035,MAFATIND,EQ,,,,,MAFATLAL INDUSTRIES LTD.,119.82,120.45,113.40,116.92,117.70,119.81,,116.80,,,88400,10336054.00,2060,F1,1,,,,,
2026-09-25,2026-09-25,CM,NSE,STK,21392,INE347W01011,MAGADSUGAR,EQ,,,,,MAGADH SUGAR & ENERGY LTD,505.45,579.00,504.05,551.45,549.20,503.00,,551.46,,,287247,158249017.85,14569,F1,1,,,,,
2026-09-25,2026-09-25,CM,NSE,STK,29482,INE613C01026,MCLOUD,EQ,,,,,MAGELLANIC CLOUD LIMITED,24.90,25.00,24.25,24.44,24.50,24.90,,24.44,,,1108651,27177225.75,3601,F1,1,,,,,
2026-09-25,2026-09-25,CM,NSE,STK,14957,INE387I01016,MAGNUM,EQ,,,,,MAGNUM VENTURES LTD.,18.65,19.90,18.65,19.02,19.32,18.65,,19.02,,,15051,289648.85,102,F1,1,,,,,
2026-09-25,2026-09-25,CM,NSE,STK,17088,INE0O1S01012,MAGSON,SM,,,,,MAGSON RETAIL AND DIST L,185.00,185.00,180.00,180.00,180.00,180.00,,180.00,,,271000,48785000.00,32,F1,1000,,,,,
2026-09-25,2026-09-25,CM,NSE,STK,5239,INE843B01013,MAHAPEXLTD,EQ,,,,,MAHA RASHTRA APEX COPR. L,50.98,52.90,50.56,51.58,51.51,51.74,,51.58,,,9986,514306.47,126,F1,1,,,,,
2026-09-25,2026-09-25,CM,NSE,STK,24937,INE0US801024,MFML,EQ,,,,,MAHALAXMI FABRIC MILLS LT,19.54,19.54,18.32,18.75,19.09,19.16,,18.83,,,2763,51847.89,34,F1,1,,,,,
2026-09-25,2026-09-25,CM,NSE,STK,7889,INE112D01035,MHLXMIRU,BE,,,,,MAHALAXMI RUBTECH LIMITED,162.90,170.81,162.80,170.81,170.81,162.68,,171.31,,,14372,2433928.25,113,F1,1,,,,,
2026-09-25,2026-09-25,CM,NSE,STK,17531,INE451L01014,MAHASTEEL,BE,,,,,MAHAMAYA STEEL INDS LTD,1255.00,1255.00,1160.60,1232.10,1230.00,1211.90,,1232.30,,,3320,3988954.20,260,F1,1,,,,,
2026-09-25,2026-09-25,CM,NSE,STK,17534,INE002S01010,MGL,EQ,,,,,MAHANAGAR GAS LTD.,1076.50,1088.00,1062.90,1071.30,1074.30,1079.60,,1071.29,,,104630,111979439.70,8021,F1,1,,,,,
2026-09-25,2026-09-25,CM,NSE,STK,2294,INE153A01019,MTNL,EQ,,,,,MAHANAGAR TELEPHONE NIGAM,23.99,23.99,23.57,23.61,23.60,23.81,,23.61,,,400259,9475406.92,1984,F1,1,,,,,
2026-09-25,2026-09-25,CM,NSE,STK,2085,INE288A01013,MAHSCOOTER,EQ,,,,,MAHARASHTRA SCOOTERS LTD,13254.00,13255.00,12936.00,13052.00,13060.00,13255.00,,13051.59,,,3959,51700000.00,1191,F1,1,,,,,
2026-09-25,2026-09-25,CM,NSE,STK,2088,INE271B01025,MAHSEAMLES,EQ,,,,,MAHARASHTRA SEAMLESS LTD,708.90,720.85,703.60,715.65,713.00,708.55,,715.60,,,210790,150427943.55,13132,F1,1,,,,,
2026-09-25,2026-09-25,CM,NSE,STK,9576,INE263W01010,MAHESHWARI,EQ,,,,,MAHESHWARI LOGISTICS LTD.,72.50,73.49,70.00,73.40,73.46,72.70,,73.40,,,8472,611473.89,125,F1,1,,,,,
2026-09-25,2026-09-25,CM,NSE,STK,2839,INE961Y01015,MAHICKRA,SM,,,,,MAHICKRA CHEMICAL LIMITED,304.80,304.80,304.80,304.80,304.80,297.00,,304.80,,,750,228600.00,1,F1,750,,,,,
2026-09-25,2026-09-25,CM,NSE,STK,2031,INE101A01026,M&M,EQ,,,,,MAHINDRA & MAHINDRA LTD,2965.00,3045.00,2965.00,3035.00,3035.00,2982.70,,3034.99,,,2080300,6264740873.00,88682,F1,1,,,,,
2026-09-25,2026-09-25,CM,NSE,STK,17603,INE215D01010,MAHEPC,EQ,,,,,MAHINDRA EPC IRRIG LTD,99.98,100.70,97.15,99.02,99.99,98.19,,99.02,,,23032,2286381.58,410,F1,1,,,,,
2026-09-25,2026-09-25,CM,NSE,STK,17333,INE998I01010,MHRIL,EQ,,,,,MAHINDRA HOLIDAYS LTD,200.00,201.15,197.29,200.00,199.00,199.71,,200.00,,,44040,8783671.30,2632,F1,1,,,,,
2026-09-25,2026-09-25,CM,NSE,STK,8050,INE813A01018,MAHLIFE,EQ,,,,,MAHINDRA LIFESPACE DEVLTD,353.00,363.50,352.00,356.85,358.00,353.90,,356.85,,,155801,55915578.40,15498,F1,1,,,,,
2026-09-25,2026-09-25,CM,NSE,STK,385,INE766P01016,MAHLOG,EQ,,,,,MAHINDRA LOGISTIC LIMITED,420.05,425.00,416.95,420.25,419.00,420.05,,420.25,,,447609,188136215.60,7719,F1,1,,,,,
2026-09-25,2026-09-25,CM,NSE,STK,24538,INE683C01011,MAITHANALL,EQ,,,,,MAITHAN ALLOYS LTD,983.35,983.90,945.75,955.15,956.15,977.10,,955.11,,,79988,76821915.20,5816,F1,1,,,,,
2026-09-25,2026-09-25,CM,NSE,STK,19809,INE0PLQ01011,MAITREYA,SM,,,,,MAITREYA MEDICARE LIMITED,116.50,116.50,111.05,112.00,111.15,116.50,,112.00,,,5600,630420.00,13,F1,400,,,,,
2026-09-25,2026-09-25,CM,NSE,STK,762780,INE201B01022,MAJESAUT,BE,,,,,MAJESTIC AUTO LTD.,373.20,373.80,363.00,366.10,366.10,369.55,,365.65,,,998,368143.70,50,F1,1,,,,,
2026-09-25,2026-09-25,CM,NSE,STK,764773,INE987A01010,MAKERSL,EQ,,,,,MAKERS LABORATORIES LTD.,192.50,192.80,188.00,188.40,188.00,189.42,,188.40,,,1595,303776.97,47,F1,1,,,,,
2026-09-25,2026-09-25,CM,NSE,STK,7965,INE389C01015,MALLCOM,EQ,,,,,MALLCOM (INDIA) LIMITED,967.55,967.55,945.00,946.85,955.00,950.80,,946.83,,,2494,2368487.35,171,F1,1,,,,,
2026-09-25,2026-09-25,CM,NSE,STK,13352,INE383H01017,MALUPAPER,EQ,,,,,MALU PAPER MILLS LIMITED,32.35,33.80,31.80,32.59,32.67,31.79,,32.59,,,14634,479770.07,124,F1,1,,,,,
2026-09-25,2026-09-25,CM,NSE,STK,28687,INE0TO701015,MAMATA,EQ,,,,,MAMATA MACHINERY LIMITED,405.00,414.40,403.20,411.90,410.10,403.80,,411.89,,,52767,21624509.35,3053,F1,1,,,,,
2026-09-25,2026-09-25,CM,NSE,STK,7413,INE830Q01018,MANAKCOAT,EQ,,,,,MAN COAT METAL & IND LTD,132.56,132.56,128.13,129.91,129.75,131.16,,129.91,,,165927,21517864.95,2613,F1,1,,,,,
2026-09-25,2026-09-25,CM,NSE,STK,11884,INE993A01026,MANINDS,EQ,,,,,MAN INDUSTRIES (I) LTD.,968.00,1039.70,955.20,1020.35,1020.00,962.85,,1020.40,,,1762428,1761640113.40,66540,F1,1,,,,,
2026-09-25,2026-09-25,CM,NSE,STK,18226,INE949H01023,MANINFRA,EQ,,,,,MAN INFRA LTD,124.17,130.50,123.24,129.95,130.50,124.17,,129.94,,,3830660,489019609.55,18845,F1,1,,,,,
2026-09-25,2026-09-25,CM,NSE,STK,7420,INE859Q01017,MANAKALUCO,EQ,,,,,MANAK ALUMINIUM CO. LTD.,35.94,35.95,35.36,35.63,35.95,35.31,,35.63,,,15840,565946.20,262,F1,1,,,,,
2026-09-25,2026-09-25,CM,NSE,STK,15199,INE015D01022,MANAKSIA,EQ,,,,,MANAKSIA LTD.,64.48,65.00,63.61,64.11,64.51,64.03,,64.11,,,21816,1400758.19,536,F1,1,,,,,
2026-09-25,2026-09-25,CM,NSE,STK,7482,INE824Q01011,MANAKSTEEL,BE,,,,,MANAKSIA STEELS LTD,102.17,107.00,100.00,105.08,105.50,102.14,,105.08,,,37873,3870180.70,238,F1,1,,,,,
2026-09-25,2026-09-25,CM,NSE,STK,13796,INE201A01024,MANALIPETC,EQ,,,,,MANALI PETROCHEMICALS LT,83.75,85.45,82.35,84.65,85.29,83.28,,84.64,,,1065632,89692874.73,8642,F1,1,,,,,
2026-09-25,2026-09-25,CM,NSE,STK,19061,INE522D01027,MANAPPURAM,EQ,,,,,MANAPPURAM FINANCE LTD,324.95,334.25,323.25,334.00,334.00,324.95,,334.00,,,4493331,1482021043.10,39627,F1,1,,,,,
2026-09-25,2026-09-25,CM,NSE,STK,759351,INE0U4H01011,MPEL,SM,,,,,MANAS POLYMER N ENERGIE L,25.40,25.45,24.30,25.25,25.25,24.25,,25.25,,,16000,404320.00,10,F1,1600,,,,,
2026-09-25,2026-09-25,CM,NSE,STK,25597,INE939X01013,MANBA,EQ,,,,,MANBA FINANCE LIMITED,140.65,140.80,138.05,139.35,139.03,140.35,,139.37,,,86634,12089050.47,994,F1,1,,,,,
2026-09-25,2026-09-25,CM,NSE,STK,23779,INE0R3T01013,MANDEEP,SM,,,,,MANDEEP AUTO INDUSTRIES L,18.00,18.05,18.00,18.05,18.05,17.75,,18.05,,,12000,216200.00,4,F1,2000,,,,,
2026-09-25,2026-09-25,CM,NSE,STK,24823,INE545L01039,MANCREDIT,EQ,,,,,MANGAL CREDIT N FINCORP L,220.53,223.90,220.10,221.93,220.10,222.52,,221.93,,,105468,23396624.02,1033,F1,1,,,,,
2026-09-25,2026-09-25,CM,NSE,STK,758748,INE0PKD01011,MEIL,EQ,,,,,MANGAL ELECTRICAL IND L,270.15,274.40,268.05,270.80,272.00,272.70,,270.79,,,28972,7851138.10,1386,F1,1,,,,,
2026-09-25,2026-09-25,CM,NSE,STK,2106,INE347A01017,MANGLMCEM,EQ,,,,,MANGALAM CEMENT LTD,1037.50,1037.50,1016.10,1028.60,1025.00,1031.50,,1028.62,,,27439,28167309.30,2777,F1,1,,,,,
2026-09-25,2026-09-25,CM,NSE,STK,11817,INE584F01014,MANGALAM,EQ,,,,,MANGALAM DRUG & CHEM LTD,31.65,32.48,31.06,31.83,31.65,31.65,,31.83,,,23815,756251.82,509,F1,1,,,,,
2026-09-25,2026-09-25,CM,NSE,STK,1593,INE0APB01032,MGEL,EQ,,,,,MANGALAM GLOBAL ENT LTD,15.79,16.19,15.54,15.99,15.99,15.63,,15.99,,,3205087,51247456.24,3201,F1,1,,,,,
2026-09-25,2026-09-25,CM,NSE,STK,6422,INE370D01013,MANORG,EQ,,,,,MANGALAM ORGANICS LIMITED,456.25,462.20,450.10,458.90,460.00,453.15,,458.89,,,3558,1627310.05,221,F1,1,,,,,
2026-09-25,2026-09-25,CM,NSE,STK,764783,INE829S01016,MSL,EQ,,,,,MANGALAM SEEDS LTD.,136.10,137.00,136.00,136.00,136.00,136.00,,138.95,,,67,9116.80,6,F1,1,,,,,
2026-09-25,2026-09-25,CM,NSE,STK,759169,INE0JYY01029,MWL,EQ,,,,,MANGALAM WORLDWIDE LTD,44.26,44.26,42.50,43.07,43.26,43.86,,43.07,,,269047,11699943.98,2034,F1,1,,,,,
2026-09-25,2026-09-25,CM,NSE,STK,24629,INE0R3101011,MIEL,SM,,,,,MANGLAM INFRA & ENG LTD,12.90,12.90,12.90,12.90,12.90,12.90,,12.90,,,2000,25800.00,1,F1,2000,,,,,
2026-09-25,2026-09-25,CM,NSE,STK,766140,INE0KWF01020,MANIKA,BE,,,,,MANIKA PLASTECH LIMITED,40.46,42.53,40.00,42.32,42.50,41.46,,42.22,,,513169,21298742.06,2230,F1,1,,,,,
2026-09-25,2026-09-25,CM,NSE,STK,760174,INE1ERK01013,MANILAM,SM,,,,,MANILAM INDUSTRIES IND L,38.00,38.00,38.00,38.00,38.00,39.00,,38.00,,,2000,76000.00,1,F1,2000,,,,,
2026-09-25,2026-09-25,CM,NSE,STK,764357,INE459N01021,MANIPALHOS,EQ,,,,,MANIPAL HEALTH ENTERPRI L,739.00,746.55,718.95,727.50,730.00,742.50,,727.47,,,608591,444106260.35,27414,F1,1,,,,,
2026-09-25,2026-09-25,CM,NSE,STK,766051,INE241U01028,MPIMANIPAL,EQ,,,,,MANIPAL PAYMENT & IDE S L,359.95,369.95,347.60,360.40,355.50,359.95,,360.38,,,1047464,375907097.55,30361,F1,1,,,,,
2026-09-25,2026-09-25,CM,NSE,STK,15380,INE634S01028,MANKIND,EQ,,,,,MANKIND PHARMA LIMITED,2488.30,2504.60,2454.40,2474.90,2474.90,2500.00,,2474.90,,,333769,829336703.20,22445,F1,1,,,,,
2026-09-25,2026-09-25,CM,NSE,STK,19015,INE0KNT01012,MVGJL,EQ,,,,,MANOJ VAIBHAV GEM N JEW L,214.70,228.85,212.35,224.38,222.85,214.80,,224.40,,,903282,201070750.49,16751,F1,1,,,,,
2026-09-25,2026-09-25,CM,NSE,STK,13753,INE784W01015,MANOMAY,EQ,,,,,MANOMAY TEX INDIA LTD,238.80,238.80,225.62,229.12,228.00,233.21,,229.00,,,178641,41307363.73,7359,F1,1,,,,,
2026-09-25,2026-09-25,CM,NSE,STK,10227,INE00VM01036,MANORAMA,EQ,,,,,MANORAMA INDUSTRIES LTD,1876.20,1890.00,1860.00,1872.80,1880.00,1882.70,,1872.82,,,117509,220378388.10,15915,F1,1,,,,,
2026-09-25,2026-09-25,CM,NSE,STK,13572,INE867A01022,MANUGRAPH,EQ,,,,,MANUGRAPH INDIA LIMITED,23.00,23.00,19.82,19.82,19.82,22.02,,19.82,,,196400,4107842.82,517,F1,1,,,,,
2026-09-25,2026-09-25,CM,NSE,STK,2112,INE882A01013,MARALOVER,EQ,,,,,MARAL OVERSEAS LTD,59.00,60.65,57.62,58.61,59.94,58.93,,58.61,,,6753,398761.83,147,F1,1,,,,,
2026-09-25,2026-09-25,CM,NSE,STK,18659,INE182D01020,MARATHON,EQ,,,,,MARATHON NXTGEN REALT LTD,408.75,416.40,405.10,411.70,414.50,410.80,,411.72,,,24860,10224227.95,1620,F1,1,,,,,
2026-09-25,2026-09-25,CM,NSE,STK,760456,INE0TD401015,MARC,ST,,,,,MARC TECHNOCRATS LIMITED,149.95,152.00,144.10,148.05,152.00,150.95,,148.05,,,3600,535260.00,3,F1,1200,,,,,
2026-09-25,2026-09-25,CM,NSE,STK,18773,INE0QP001012,MARCO,SM,,,,,MARCO CABLE & CONDUCTOR L,29.20,30.00,29.00,30.00,30.00,29.70,,30.00,,,6000,175800.00,4,F1,1500,,,,,
2026-09-25,2026-09-25,CM,NSE,STK,4067,INE196A01026,MARICO,EQ,,,,,MARICO LIMITED,822.00,824.00,807.05,819.00,819.00,824.55,,819.00,,,459905,374436966.60,15500,F1,1,,,,,
2026-09-25,2026-09-25,CM,NSE,STK,1328,INE01JE01028,MARINE,EQ,,,,,MARINE ELECTRICAL (I) LTD,404.55,418.75,396.00,413.75,414.00,401.50,,413.75,,,1423212,579549152.75,34577,F1,1,,,,,
2026-09-25,2026-09-25,CM,NSE,STK,760204,INE0FW001016,MARKOLINES,EQ,,,,,MARKOLINES PAVEMENT TEC L,168.09,170.50,166.15,169.78,169.90,167.42,,169.76,,,190364,32215611.98,1424,F1,1,,,,,
2026-09-25,2026-09-25,CM,NSE,STK,10579,INE750C01026,MARKSANS,EQ,,,,,MARKSANS PHARMA LIMITED,337.50,341.95,331.85,336.95,337.50,337.40,,336.95,,,1452979,488966070.40,39411,F1,1,,,,,
2026-09-25,2026-09-25,CM,NSE,STK,761386,INE415B01044,MARSONS,EQ,,,,,MARSONS LIMITED,124.70,126.30,122.40,122.87,122.40,124.37,,122.88,,,1463687,181170082.48,9144,F1,1,,,,,
2026-09-25,2026-09-25,CM,NSE,STK,761042,INE0X7G01013,MARUSHIKA,SM,,,,,MARUSHIKA TECHNOLOGY LTD,117.00,117.00,117.00,117.00,117.00,117.00,,117.00,,,3600,421200.00,3,F1,1200,,,,,
2026-09-25,2026-09-25,CM,NSE,STK,10999,INE585B01010,MARUTI,EQ,,,,,MARUTI SUZUKI INDIA LTD.,11997.00,12098.00,11975.00,12065.00,12065.00,11990.00,,12065.09,,,283642,3412876989.00,36473,F1,1,,,,,
2026-09-25,2026-09-25,CM,NSE,STK,2132,INE575Z01010,MDL,SM,,,,,MARVEL DECOR LIMITED,64.90,64.90,64.90,64.90,64.90,64.95,,64.90,,,1000,64900.00,1,F1,1000,,,,,
2026-09-25,2026-09-25,CM,NSE,STK,199,INE348L01012,MASFIN,EQ,,,,,MAS FINANCIAL SERV LTD,280.35,284.15,275.00,282.75,281.85,280.35,,282.73,,,226045,63061631.75,9349,F1,1,,,,,
2026-09-25,2026-09-25,CM,NSE,STK,18727,INE885F01015,MASKINVEST,EQ,,,,,MASK INVESTMENTS LIMITED,140.00,147.00,140.00,145.06,140.05,140.81,,145.06,,,177,25185.80,9,F1,1,,,,,
2026-09-25,2026-09-25,CM,NSE,STK,24278,INE0SH001010,MASON,SM,,,,,MASON INFRATECH LIMITED,107.35,113.00,107.00,113.00,113.00,110.00,,113.00,,,22500,2476625.00,40,F1,500,,,,,
2026-09-25,2026-09-25,CM,NSE,STK,2124,INE759A01021,MASTEK,EQ,,,,,MASTEK LTD,1543.60,1606.30,1515.30,1582.80,1587.00,1543.60,,1582.75,,,197473,308478586.20,21528,F1,1,,,,,
2026-09-25,2026-09-25,CM,NSE,STK,19011,INE0OJM01017,MASTER,SM,,,,,MASTER COMPONENTS LIMITED,404.00,404.00,395.00,395.00,395.00,395.05,,395.00,,,1500,597000.00,3,F1,500,,,,,
2026-09-25,2026-09-25,CM,NSE,STK,27047,INE677D01037,MASTERTR,EQ,,,,,MASTER TRUST LIMITED,85.21,86.65,82.50,84.87,84.48,85.21,,84.86,,,362110,30341242.10,2605,F1,1,,,,,
2026-09-25,2026-09-25,CM,NSE,STK,21726,INE866R01028,MATRIMONY,EQ,,,,,MATRIMONY.COM LIMITED,538.55,540.00,528.05,535.40,533.50,538.55,,535.36,,,2598,1389921.10,218,F1,1,,,,,
2026-09-25,2026-09-25,CM,NSE,STK,759945,INE132901013,MGSL,SM,,,,,MATRIX GEO SOLUTIONS LTD,69.00,71.85,69.00,70.00,70.00,66.65,,70.00,,,12000,844320.00,8,F1,1200,,,,,
2026-09-25,2026-09-25,CM,NSE,STK,17022,INE636A01039,MAWANASUG,EQ,,,,,MAWANA SUGARS LIMITED,130.00,153.51,130.00,149.64,150.50,130.70,,149.65,,,2561542,371518682.90,27053,F1,1,,,,,
2026-09-25,2026-09-25,CM,NSE,STK,19646,INE03EI01018,MAXESTATES,EQ,,,,,MAX ESTATES LIMITED,616.90,625.45,589.10,594.65,594.05,616.80,,594.68,,,156458,94374477.80,7243,F1,1,,,,,
2026-09-25,2026-09-25,CM,NSE,STK,2142,INE180A01020,MFSL,EQ,,,,,MAX FINANCIAL SERV LTD,1390.00,1463.80,1390.00,1458.00,1458.00,1410.00,,1457.94,,,3617694,5224123411.40,145991,F1,1,,,,,
2026-09-25,2026-09-25,CM,NSE,STK,22377,INE027H01010,MAXHEALTH,EQ,,,,,MAX HEALTHCARE INS LTD,1050.00,1052.00,1008.00,1014.00,1014.00,1046.00,,1014.00,,,1900715,1941752871.60,39404,F1,1,,,,,
2026-09-25,2026-09-25,CM,NSE,STK,22428,INE0CG601016,MAXIND,EQ,,,,,MAX INDIA LIMITED,147.73,149.95,146.01,148.45,147.00,149.22,,148.30,,,16908,2495286.57,638,F1,1,,,,,
2026-09-25,2026-09-25,CM,NSE,STK,21691,INE0ECC01022,MAXPOSURE,SM,,,,,MAXPOSURE LIMITED,36.70,39.10,36.70,38.75,39.10,37.05,,38.75,,,8000,305650.00,7,F1,1000,,,,,
2026-09-25,2026-09-25,CM,NSE,STK,29645,INE10A501018,MAXVOLT,SM,,,,,MAXVOLT ENERGY INDUS L,447.00,452.95,414.00,426.10,425.90,432.40,,426.10,,,122000,53234460.00,272,F1,400,,,,,
2026-09-25,2026-09-25,CM,NSE,STK,757587,INE0ZTO01018,MAYASHEEL,SM,,,,,MAYASHEEL VENTURES LTD,34.95,35.00,33.45,33.75,33.50,33.35,,33.75,,,27000,919500.00,9,F1,3000,,,,,
2026-09-25,2026-09-25,CM,NSE,STK,28906,INE040D01038,MAYURUNIQ,EQ,,,,,MAYUR UNIQUOTERS LTD,733.10,735.00,712.50,729.60,732.95,733.10,,729.59,,,122295,88135000.85,4842,F1,1,,,,,
2026-09-25,2026-09-25,CM,NSE,STK,509,INE249Z01020,MAZDOCK,EQ,,,,,MAZAGON DOCK SHIPBUIL LTD,2202.00,2217.00,2185.60,2199.60,2199.60,2202.00,,2199.70,,,426521,937086932.10,21487,F1,1,,,,,
2026-09-25,2026-09-25,CM,NSE,STK,18870,INE885E01042,MAZDA,BE,,,,,MAZDA LIMITED,278.80,280.90,270.05,280.05,280.90,267.55,,280.49,,,68878,19264430.80,548,F1,1,,,,,
2026-09-25,2026-09-25,CM,NSE,STK,18029,INE912H01013,MBLINFRA,EQ,,,,,MBL INFRASTRUCTURE LTD,20.50,21.25,20.50,21.12,21.20,20.90,,21.09,,,87140,1830073.93,264,F1,1,,,,,
2026-09-25,2026-09-25,CM,NSE,STK,11943,INE942G01012,MCLEODRUSS,EQ,,,,,MCLEOD RUSSEL INDIA LTD.,44.55,45.06,42.76,43.08,42.77,44.84,,43.08,,,627661,27250044.46,2762,F1,1,,,,,
2026-09-25,2026-09-25,CM,NSE,STK,13687,INE748A01024,MBECL,BE,,,,,MCNALLY BHARAT ENGIN CO L,456.40,456.40,456.40,456.40,456.40,447.46,,456.40,,,6303,2876689.20,142,F1,1,,,,,
2026-09-25,2026-09-25,CM,NSE,STK,14574,INE0O4M01019,MCON,SM,,,,,MCON RASAYAN INDIA LTD,43.00,43.00,41.30,41.50,41.50,41.00,,41.50,,,10000,417800.00,7,F1,1000,,,,,
2026-09-25,2026-09-25,CM,NSE,STK,21705,INE456Z01021,MEDIASSIST,EQ,,,,,MEDI ASSIST HEALTH SER L,318.30,324.95,315.75,319.85,319.00,320.30,,319.86,,,491837,157394943.90,12994,F1,1,,,,,
2026-09-25,2026-09-25,CM,NSE,STK,765113,INE442D01010,MEDICAPQ,BE,,,,,MEDI CAPS LTD.,25.20,25.30,24.60,25.08,24.75,24.99,,25.08,,,2022,50921.48,22,F1,1,,,,,
2026-09-25,2026-09-25,CM,NSE,STK,762802,INE200D01020,MMWL,EQ,,,,,MEDIA MATRIX WORLDWIDE L,14.98,15.09,14.52,15.09,15.09,14.38,,15.09,,,180905,2727849.89,103,F1,1,,,,,
2026-09-25,2026-09-25,CM,NSE,STK,6281,INE646B01010,MEDICAMEQ,BE,,,,,MEDICAMEN BIOTECH LIMITED,307.95,319.80,292.40,315.30,315.00,306.50,,315.91,,,36614,11253869.40,527,F1,1,,,,,
2026-09-25,2026-09-25,CM,NSE,STK,24239,INE0PE401018,MEDIORG,SM,,,,,MEDICAMEN ORGANICS LTD,24.15,24.15,24.15,24.15,24.15,24.15,,24.15,,,2000,48300.00,1,F1,2000,,,,,
2026-09-25,2026-09-25,CM,NSE,STK,9667,INE630Y01024,MEDICO,EQ,,,,,MEDICO REMEDIES LIMITED,33.15,33.16,26.00,26.00,26.00,32.50,,26.01,,,3539670,96316461.27,8488,F1,1,,,,,
2026-09-25,2026-09-25,CM,NSE,STK,758423,INE0UOY01019,MEDISTEP,SM,,,,,MEDISTEP HEALTHCARE LTD,19.50,19.50,19.50,19.50,19.50,19.00,,19.50,,,9000,175500.00,2,F1,3000,,,,,
2026-09-25,2026-09-25,CM,NSE,STK,7254,INE804L01022,MEDPLUS,EQ,,,,,MEDPLUS HEALTH SERV LTD,658.00,661.10,652.00,654.90,655.00,654.25,,654.89,,,122436,80292187.25,7228,F1,1,,,,,
2026-09-25,2026-09-25,CM,NSE,STK,760229,INE0VDM01015,MEESHO,EQ,,,,,MEESHO LIMITED,228.93,229.58,216.07,217.06,217.29,232.84,,217.05,,,31497166,6930568870.85,229061,F1,1,,,,,
2026-09-25,2026-09-25,CM,NSE,STK,8153,INE00EM01016,MEGASTAR,EQ,,,,,MEGASTAR FOODS LIMITED,270.00,270.00,251.25,253.60,252.55,260.90,,253.60,,,3756,955913.05,191,F1,1,,,,,
2026-09-25,2026-09-25,CM,NSE,STK,22560,INE531R01010,MEGATHERM,SM,,,,,MEGATHERM INDUCTION LTD,246.50,250.00,240.00,244.95,244.95,251.60,,244.95,,,25200,6145920.00,48,F1,400,,,,,
2026-09-25,2026-09-25,CM,NSE,STK,5394,INE0CT101020,MOL,EQ,,,,,MEGHMANI ORGANICS LIMITED,59.90,60.40,57.50,58.52,58.77,59.56,,58.52,,,1117006,65309649.66,7784,F1,1,,,,,
2026-09-25,2026-09-25,CM,NSE,STK,764778,INE898Q01015,MIIL,EQ,,,,,MEGHNA INFRACON INFRA L,706.05,710.00,695.10,704.00,705.00,703.90,,703.96,,,40352,28322600.35,1045,F1,1,,,,,
2026-09-25,2026-09-25,CM,NSE,STK,6971,INE071D01033,MENONBE,BE,,,,,MENON BEARINGS LIMITED,298.85,306.00,286.10,298.25,301.50,293.25,,297.93,,,30108,8982254.65,580,F1,1,,,,,
2026-09-25,2026-09-25,CM,NSE,STK,762790,INE650G01029,MENNPIS,BE,,,,,MENON PISTONS LTD.,72.88,74.77,70.20,71.39,72.99,72.88,,71.62,,,18164,1310638.60,149,F1,1,,,,,
2026-09-25,2026-09-25,CM,NSE,STK,25882,INE776I01010,MEP,BZ,,,,,MEP INFRA. DEVELOPERS LTD,0.66,0.66,0.66,0.66,0.66,0.65,,0.66,,,15952,10528.32,24,F1,1,,,,,
2026-09-25,2026-09-25,CM,NSE,STK,762792,INE689O01013,MERCANTILE,EQ,,,,,MERCANTILE VENTURES LTD.,22.25,22.98,22.01,22.72,22.79,22.59,,22.72,,,524,11793.74,25,F1,1,,,,,
2026-09-25,2026-09-25,CM,NSE,STK,763663,INE763M01028,MERCURYEV,EQ,,,,,MERCURY EV-TECH LIMITED,39.48,40.24,38.36,39.65,39.31,38.87,,39.64,,,236021,9252839.76,1505,F1,1,,,,,
2026-09-25,2026-09-25,CM,NSE,STK,764278,INE1II801013,METALIC,ST,,,,,METALIC TECHNOFORGE LTD,180.25,180.25,180.25,180.25,180.25,171.70,,180.25,,,70400,12689600.00,35,F1,1600,,,,,
2026-09-25,2026-09-25,CM,NSE,STK,7242,INE317I01021,METROBRAND,EQ,,,,,METRO BRANDS LIMITED,884.85,885.35,856.05,882.00,880.50,884.55,,882.07,,,120763,105787381.05,16291,F1,1,,,,,
2026-09-25,2026-09-25,CM,NSE,STK,762797,INE085D01033,METROGLOBL,EQ,,,,,METROGLOBAL LTD.,128.80,132.00,127.00,127.60,127.10,128.40,,127.60,,,962,123381.93,28,F1,1,,,,,
2026-09-25,2026-09-25,CM,NSE,STK,9581,INE112L01020,METROPOLIS,EQ,,,,,METROPOLIS HEALTHCARE LTD,584.95,589.95,572.10,582.60,582.15,582.95,,582.58,,,130509,75611556.90,9184,F1,1,,,,,
2026-09-25,2026-09-25,CM,NSE,STK,7165,INE287C01037,MICEL,BE,,,,,MIC ELECTRONICS LTD,36.10,36.10,36.10,36.10,36.10,35.40,,36.25,,,78757,2843127.70,96,F1,1,,,,,
2026-09-25,2026-09-25,CM,NSE,STK,759517,INE0XAD01024,MIDWESTLTD,EQ,,,,,MIDWEST LIMITED,942.60,956.00,925.80,929.50,927.00,942.60,,929.49,,,45309,42365793.20,5111,F1,1,,,,,
2026-09-25,2026-09-25,CM,NSE,STK,765125,INE588G01021,MLKFOOD,EQ,,,,,MILKFOOD LTD.,83.12,83.12,80.10,82.56,82.10,83.12,,82.41,,,2586,212333.87,56,F1,1,,,,,
2026-09-25,2026-09-25,CM,NSE,STK,765274,INE00IT01020,MILKYMIST,BE,,,,,MILKY MIST DAIRY FOOD L,314.90,323.60,309.70,319.30,319.97,309.16,,319.70,,,1037723,328577432.06,13625,F1,1,,,,,
2026-09-25,2026-09-25,CM,NSE,STK,159,INE376Y01016,MILTON,SM,,,,,MILTON INDUSTRIES LIMITED,34.40,35.10,34.40,35.10,35.10,34.40,,35.10,,,519200,17987420.00,11,F1,2200,,,,,
2026-09-25,2026-09-25,CM,NSE,STK,765118,INE097E01028,MINALIND,BE,,,,,MINAL INDUSTRIES LTD.,4.68,4.68,4.68,4.68,4.68,4.77,,4.69,,,2281,10675.08,23,F1,1,,,,,
2026-09-25,2026-09-25,CM,NSE,STK,25897,INE842C01021,MINDACORP,EQ,,,,,MINDA CORPORATION LTD,680.30,686.30,674.80,678.85,682.00,680.30,,678.85,,,74927,50903775.20,10539,F1,1,,,,,
2026-09-25,2026-09-25,CM,NSE,STK,22308,INE0CCU25019,MINDSPACE,RR,,,,,MINDSPACE BUSINESS P REIT,505.79,525.50,504.59,508.08,508.00,504.59,,508.21,,,150483,76449070.63,4489,F1,1,,,,,
2026-09-25,2026-09-25,CM,NSE,STK,18049,INE110B01017,MINDTECK,EQ,,,,,MINDTECK (INDIA) LIMITED,158.25,159.75,155.00,156.55,157.80,155.37,,156.59,,,10484,1637341.28,539,F1,1,,,,,
2026-09-25,2026-09-25,CM,NSE,STK,19640,INF769K01KU7,ALPHAETF,EQ,,,,,MIRAEAMC - ALPHAETF,25.51,26.18,25.51,25.96,25.95,26.03,,25.96,,,1190528,30894812.24,1155,F1,1,,,,,
2026-09-25,2026-09-25,CM,NSE,STK,17419,INF769K01KR3,BANKETF,EQ,,,,,MIRAEAMC - BANKETF,565.50,568.00,565.27,567.11,567.45,566.53,,567.11,,,20157,11422443.87,987,F1,1,,,,,
2026-09-25,2026-09-25,CM,NSE,STK,25725,INF769K01LZ4,BANKPSU,EQ,,,,,MIRAEAMC - BANKPSU,83.75,83.75,83.31,83.45,83.42,83.44,,83.45,,,5041,420797.39,54,F1,1,,,,,
2026-09-25,2026-09-25,CM,NSE,STK,28969,INF769K01NS5,CONSUMER,EQ,,,,,MIRAEAMC - CONSUMER,11.62,11.64,11.56,11.61,11.64,11.63,,11.61,,,68101,790081.50,354,F1,1,,,,,
2026-09-25,2026-09-25,CM,NSE,STK,761046,INF769K01QC2,DEFENCE,EQ,,,,,MIRAEAMC - DEFENCE,78.33,78.60,77.82,78.48,78.60,78.32,,78.48,,,93808,7338965.02,803,F1,1,,,,,
2026-09-25,2026-09-25,CM,NSE,STK,760412,INF769K01PY8,DIVIDEND,EQ,,,,,MIRAEAMC - DIVIDEND,34.71,34.80,34.54,34.78,34.80,34.71,,34.79,,,2158,74866.26,42,F1,1,,,,,
2026-09-25,2026-09-25,CM,NSE,STK,759780,INF769K01PR2,ENERGY,EQ,,,,,MIRAEAMC - ENERGY,37.97,37.97,37.50,37.67,37.70,37.64,,37.67,,,202880,7629609.83,771,F1,1,,,,,
2026-09-25,2026-09-25,CM,NSE,STK,30121,INF769K01OA1,EQUAL200,EQ,,,,,MIRAEAMC - EQUAL200,13.42,13.46,13.36,13.41,13.45,13.42,,13.41,,,11227,150359.63,57,F1,1,,,,,
2026-09-25,2026-09-25,CM,NSE,STK,757142,INF769K01OO2,EQUAL50,EQ,,,,,MIRAEAMC - EQUAL50,320.14,320.75,318.87,320.63,320.64,320.14,,320.63,,,3279,1049863.02,37,F1,1,,,,,
2026-09-25,2026-09-25,CM,NSE,STK,24461,INF769K01LQ3,EVINDIA,EQ,,,,,MIRAEAMC - EVINDIA,31.74,31.74,31.31,31.50,31.51,31.35,,31.49,,,82558,2595640.14,1216,F1,1,,,,,
2026-09-25,2026-09-25,CM,NSE,STK,760986,INF769K01QA6,HEALTHCARE,EQ,,,,,MIRAEAMC - HEALTHCARE,22.53,22.53,21.75,21.84,21.85,21.99,,21.83,,,39747,872744.79,204,F1,1,,,,,
2026-09-25,2026-09-25,CM,NSE,STK,764333,INF769K01RJ5,HYBRIDETF,EQ,,,,,MIRAEAMC - HYBRIDETF,9.98,9.98,9.90,9.93,9.92,9.94,,9.93,,,2210,21966.52,61,F1,1,,,,,
2026-09-25,2026-09-25,CM,NSE,STK,761030,INF769K01QB4,INFRA,EQ,,,,,MIRAEAMC - INFRA,11.71,11.75,11.66,11.74,11.75,11.71,,11.74,,,10187,119390.36,162,F1,1,,,,,
2026-09-25,2026-09-25,CM,NSE,STK,758595,INF769K01PB6,INTERNET,EQ,,,,,MIRAEAMC - INTERNET,14.21,14.21,13.84,13.93,13.96,14.14,,13.93,,,450393,6283244.85,640,F1,1,,,,,
2026-09-25,2026-09-25,CM,NSE,STK,19633,INF769K01KV5,ITETF,EQ,,,,,MIRAEAMC - ITETF,29.86,29.92,29.47,29.87,29.91,29.87,,29.87,,,281999,8399117.68,822,F1,1,,,,,
2026-09-25,2026-09-25,CM,NSE,STK,765313,INF769K01RK3,LARGEMID50,EQ,,,,,MIRAEAMC - LARGEMID50,35.08,35.18,34.99,35.02,35.13,35.10,,35.02,,,2230,78192.28,16,F1,1,,,,,
2026-09-25,2026-09-25,CM,NSE,STK,17572,INF769K01KS1,LIQUID,EQ,,,,,MIRAEAMC - LIQUID,974.99,1000.00,974.99,999.99,1000.00,999.99,,999.99,,,179303,179301526.28,140,F1,1,,,,,
2026-09-25,2026-09-25,CM,NSE,STK,27075,INF769K01MY5,LIQUIDPLUS,EQ,,,,,MIRAEAMC - LIQUIDPLUS,1104.94,1104.96,1104.94,1104.95,1104.96,1104.49,,1104.95,,,335120,370292771.23,248,F1,1,,,,,
2026-09-25,2026-09-25,CM,NSE,STK,1200,INF769K01GS9,ESG,EQ,,,,,MIRAEAMC - MAESGETF,39.65,39.80,39.51,39.76,39.77,39.67,,39.76,,,6570,260646.64,65,F1,1,,,,,
2026-09-25,2026-09-25,CM,NSE,STK,3507,INF769K01HF4,MAFANG,EQ,,,,,MIRAEAMC - MAFANG,237.10,239.97,230.00,238.42,239.40,231.32,,238.40,,,607693,144042026.10,12739,F1,1,,,,,
2026-09-25,2026-09-25,CM,NSE,STK,5220,INF769K01HI8,BFSI,EQ,,,,,MIRAEAMC - MAFSETF,26.04,26.15,25.95,26.11,26.12,26.04,,26.11,,,227600,5939622.27,619,F1,1,,,,,
2026-09-25,2026-09-25,CM,NSE,STK,14286,INF769K01JP9,GOLDETF,EQ,,,,,MIRAEAMC - MAGOLDETF,145.47,146.38,145.31,146.34,146.36,145.32,,146.34,,,520173,75901773.92,5204,F1,1,,,,,
2026-09-25,2026-09-25,CM,NSE,STK,14938,INF769K01KF8,GSEC10YEAR,EQ,,,,,MIRAEAMC - MAGS813ETF,29.99,30.34,29.94,29.99,29.99,29.99,,29.99,,,449,13486.85,18,F1,1,,,,,
2026-09-25,2026-09-25,CM,NSE,STK,7074,INF769K01HS7,MAHKTECH,EQ,,,,,MIRAEAMC - MAHKTECH,21.95,21.95,21.70,21.78,21.76,21.78,,21.78,,,396128,8653710.52,3797,F1,1,,,,,
2026-09-25,2026-09-25,CM,NSE,STK,8413,INF769K01IC9,MIDCAPETF,EQ,,,,,MIRAEAMC - MAM150ETF,23.00,23.17,22.81,22.96,22.98,23.00,,22.96,,,1975289,45332357.09,5632,F1,1,,,,,
2026-09-25,2026-09-25,CM,NSE,STK,7979,INF769K01IB1,MAKEINDIA,EQ,,,,,MIRAEAMC - MAMFGETF,160.93,161.75,160.47,161.55,161.43,160.93,,161.55,,,11860,1911817.87,359,F1,1,,,,,
2026-09-25,2026-09-25,CM,NSE,STK,6353,INF769K01EG9,NIFTYETF,EQ,,,,,MIRAEAMC - MAN50ETF,251.57,252.55,251.00,252.15,252.36,251.57,,252.15,,,172650,43464557.23,881,F1,1,,,,,
2026-09-25,2026-09-25,CM,NSE,STK,14786,INF769K01JU9,LOWVOL,EQ,,,,,MIRAEAMC - MANV30F,197.64,198.48,197.08,198.45,198.48,198.01,,198.45,,,485,96185.77,11,F1,1,,,,,
2026-09-25,2026-09-25,CM,NSE,STK,17181,INF769K01FN2,NEXT50,EQ,,,,,MIRAEAMC - MANXT50,738.43,743.94,736.41,741.58,742.96,738.93,,741.58,,,61149,45244873.67,6451,F1,1,,,,,
2026-09-25,2026-09-25,CM,NSE,STK,16777,INF769K01KG6,SILVERAG,EQ,,,,,MIRAEAMC - MASILVER,220.10,222.99,219.33,222.76,222.60,219.94,,222.76,,,115426,25573115.93,1974,F1,1,,,,,
2026-09-25,2026-09-25,CM,NSE,STK,5782,INF769K01HP3,MASPTOP50,EQ,,,,,MIRAEAMC - MASPTOP50,98.69,102.50,95.65,98.49,98.50,96.78,,98.49,,,1342201,133207486.19,14643,F1,1,,,,,
2026-09-25,2026-09-25,CM,NSE,STK,25744,INF769K01LY7,METAL,EQ,,,,,MIRAEAMC - METAL,13.24,13.30,13.15,13.22,13.21,13.18,,13.22,,,1601435,21160682.40,4511,F1,1,,,,,
2026-09-25,2026-09-25,CM,NSE,STK,23855,INF769K01LJ8,MIDSMALL,EQ,,,,,MIRAEAMC - MIDSMALL,51.01,51.29,50.79,50.99,51.13,50.98,,50.99,,,130473,6649523.32,1187,F1,1,,,,,
2026-09-25,2026-09-25,CM,NSE,STK,764198,INF769K01RC0,MOMMIDCAP,EQ,,,,,MIRAEAMC - MOMMIDCAP,12.82,12.83,12.70,12.76,12.77,12.79,,12.76,,,740388,9450437.07,537,F1,1,,,,,
2026-09-25,2026-09-25,CM,NSE,STK,25080,INF769K01LX9,MULTICAP,EQ,,,,,MIRAEAMC - MULTICAP,16.31,16.35,16.24,16.29,16.29,16.31,,16.29,,,48576,791374.80,464,F1,1,,,,,
2026-09-25,2026-09-25,CM,NSE,STK,30109,INF769K01ON4,SELECTIPO,EQ,,,,,MIRAEAMC - SELECTIPO,47.50,47.60,46.99,47.20,47.18,47.51,,47.20,,,63354,2989086.52,150,F1,1,,,,,
2026-09-25,2026-09-25,CM,NSE,STK,19224,INF769K01KT9,SENSEXETF,EQ,,,,,MIRAEAMC - SENSEXETF,76.50,76.50,75.95,76.34,76.25,76.18,,76.34,,,43637,3330116.77,271,F1,1,,,,,
2026-09-25,2026-09-25,CM,NSE,STK,759814,INF769K01PQ4,SMALL250,EQ,,,,,MIRAEAMC - SMALL250,18.27,18.59,18.11,18.21,18.20,18.23,,18.22,,,255806,4655837.66,652,F1,1,,,,,
2026-09-25,2026-09-25,CM,NSE,STK,22832,INF769K01LC3,SMALLCAP,EQ,,,,,MIRAEAMC - SMALLCAP,48.69,48.78,48.35,48.69,48.60,48.51,,48.69,,,607893,29536267.97,2543,F1,1,,,,,
2026-09-25,2026-09-25,CM,NSE,STK,760415,INF769K01PZ5,TOP20,EQ,,,,,MIRAEAMC - TOP20,8.50,8.55,8.50,8.55,8.55,8.50,,8.55,,,39948,340436.55,107,F1,1,,,,,
2026-09-25,2026-09-25,CM,NSE,STK,761511,INF769K01QV2,VALUE,EQ,,,,,MIRAEAMC - VALUE,15.79,15.81,15.72,15.76,15.76,15.78,,15.76,,,72466,1141075.01,81,F1,1,,,,,
2026-09-25,2026-09-25,CM,NSE,STK,4394,INE771A01026,MIRZAINT,EQ,,,,,MIRZA INTERNATIONAL LIMIT,28.60,29.29,28.60,28.92,28.90,28.90,,28.92,,,107153,3099670.16,809,F1,1,,,,,
2026-09-25,2026-09-25,CM,NSE,STK,2463,INE099Z01011,MIDHANI,EQ,,,,,MISHRA DHATU NIGAM LTD,407.00,408.80,400.05,405.05,404.70,406.90,,405.03,,,368821,149098700.40,12397,F1,1,,,,,
2026-09-25,2026-09-25,CM,NSE,STK,8469,INE828O01033,MITCON,EQ,,,,,MITCON CON & ENG SER LTD,90.65,92.00,86.00,86.77,86.50,89.25,,86.77,,,31191,2757465.20,337,F1,1,,,,,
2026-09-25,2026-09-25,CM,NSE,STK,18562,INE997Y01027,MITTAL,EQ,,,,,MITTAL LIFE STYLE LIMITED,0.75,0.75,0.70,0.71,0.73,0.74,,0.71,,,4082181,2955449.78,702,F1,1,,,,,
2026-09-25,2026-09-25,CM,NSE,STK,13844,INE227C01017,MMFL,EQ,,,,,MM FORGINGS LTD,605.00,627.90,605.00,616.15,617.50,612.75,,616.13,,,47442,29295749.70,4102,F1,1,,,,,
2026-09-25,2026-09-25,CM,NSE,STK,16395,INE511Y01018,MMP,EQ,,,,,MMP INDUSTRIES LIMITED,456.00,464.60,448.60,460.25,464.00,453.95,,460.25,,,37919,17299659.80,2272,F1,1,,,,,
2026-09-25,2026-09-25,CM,NSE,STK,17957,INE123F01029,MMTC,EQ,,,,,MMTC LIMITED,58.30,58.72,57.51,58.35,58.35,57.97,,58.35,,,961605,55844776.71,7546,F1,1,,,,,
2026-09-25,2026-09-25,CM,NSE,STK,760196,INE1YNB01019,MOBILISE,SM,,,,,MOBILISE APP LAB LIMITED,103.45,103.45,103.45,103.45,103.45,103.45,,103.45,,,1600,165520.00,1,F1,1600,,,,,
2026-09-25,2026-09-25,CM,NSE,STK,2241,INE794W01014,MODTHREAD,EQ,,,,,MODERN THREADS INDIA LTD,47.49,48.49,46.99,47.32,47.80,47.24,,47.32,,,1995,94357.76,68,F1,1,,,,,
2026-09-25,2026-09-25,CM,NSE,STK,760277,INE537F01012,MODINATUR,EQ,,,,,MODI NATURALS LIMITED,349.75,353.00,333.05,338.70,339.00,338.50,,338.70,,,6592,2265168.20,255,F1,1,,,,,
2026-09-25,2026-09-25,CM,NSE,STK,2229,INE832A01018,MODIRUBBER,EQ,,,,,MODI RUBBER LTD,118.00,122.40,117.01,121.62,121.88,119.99,,121.62,,,1008,122137.16,42,F1,1,,,,,
2026-09-25,2026-09-25,CM,NSE,STK,759752,INE0L0L01012,MODIS,EQ,,,,,MODIS NAVNIRMAN LTD,362.15,369.00,357.05,363.10,362.00,363.20,,363.10,,,19718,7148443.20,810,F1,1,,,,,
2026-09-25,2026-09-25,CM,NSE,STK,3325,INE737D01021,MODISONLTD,BE,,,,,MODISON LIMITED,448.00,458.90,436.50,444.05,445.00,457.35,,443.72,,,75555,33452685.75,1274,F1,1,,,,,
2026-09-25,2026-09-25,CM,NSE,STK,29423,INE954E01012,MOHITIND,EQ,,,,,MOHIT INDUSTRIES LTD,23.97,23.97,22.56,23.00,23.00,23.67,,23.00,,,2135,49254.63,56,F1,1,,,,,
2026-09-25,2026-09-25,CM,NSE,STK,765130,INE154B01023,MOHITE,EQ,,,,,MOHITE INDUSTRIES LTD.,2.42,2.46,2.37,2.37,2.42,2.41,,2.39,,,27764,66587.90,126,F1,1,,,,,
2026-09-25,2026-09-25,CM,NSE,STK,20830,INE490G01020,MOIL,EQ,,,,,MOIL LIMITED,245.50,245.97,241.00,241.88,241.98,245.38,,241.88,,,304344,73800441.35,8197,F1,1,,,,,
2026-09-25,2026-09-25,CM,NSE,STK,3586,INE514Y01020,MOKSH,EQ,,,,,MOKSH ORNAMENTS LIMITED,9.88,10.09,9.88,9.92,9.90,9.92,,9.92,,,45888,455864.31,128,F1,1,,,,,
2026-09-25,2026-09-25,CM,NSE,STK,764548,INE869T01028,MOLBIO,EQ,,,,,MOLBIO DIAGNOSTICS LTD,1247.50,1259.60,1216.60,1246.00,1250.00,1246.20,,1246.01,,,538647,667231953.70,29957,F1,1,,,,,
2026-09-25,2026-09-25,CM,NSE,STK,6713,INE893J01029,MOLDTKPAC,EQ,,,,,MOLD-TEK PACKAGING LTD,677.00,684.95,661.05,669.85,675.10,672.95,,669.88,,,25483,17022550.20,2756,F1,1,,,,,
2026-09-25,2026-09-25,CM,NSE,STK,17629,INE835B01035,MOLDTECH,BE,,,,,MOLD-TEK TECHNOLOGIES LTD,201.00,208.88,195.00,200.08,200.00,199.20,,201.21,,,23826,4772837.94,315,F1,1,,,,,
2026-09-25,2026-09-25,CM,NSE,STK,7679,INE903D01011,MONARCH,EQ,,,,,MONARCH NETWORTH CAP LTD,365.15,365.15,358.85,362.75,364.00,365.60,,362.66,,,27569,9980873.20,1014,F1,1,,,,,
2026-09-25,2026-09-25,CM,NSE,STK,759381,INE296Q01012,MONEYBOXX,EQ,,,,,MONEYBOXX FINANCE LIMITED,55.30,55.30,51.21,51.21,51.21,53.90,,51.21,,,27305,1412429.52,221,F1,1,,,,,
2026-09-25,2026-09-25,CM,NSE,STK,18392,INE0OIP01012,MONOPHARMA,SM,,,,,MONO PHARMACARE LIMITED,8.60,8.60,8.60,8.60,8.60,8.20,,8.60,,,10000,86000.00,5,F1,2000,,,,,
2026-09-25,2026-09-25,CM,NSE,STK,756958,INE1DV401010,MONOLITH,SM,,,,,MONOLITHISCH INDIA LTD,1195.00,1279.00,1195.00,1269.65,1279.00,1179.55,,1269.65,,,53500,66554300.00,161,F1,250,,,,,
2026-09-25,2026-09-25,CM,NSE,STK,5938,INE950M01013,MONTECARLO,EQ,,,,,MONTE CARLO FASHIONS LTD.,520.00,525.00,515.80,524.10,524.90,516.50,,524.08,,,28282,14758472.75,1135,F1,1,,,,,
2026-09-25,2026-09-25,CM,NSE,STK,2259,INE083A01026,MOREPENLAB,EQ,,,,,MOREPEN LAB. LTD,117.30,121.00,117.00,120.38,120.60,116.60,,120.38,,,8996779,1073037867.78,36703,F1,1,,,,,
2026-09-25,2026-09-25,CM,NSE,STK,15051,INE0N7S01028,MOS,SM,,,,,MOS UTILITY LIMITED,8.00,8.00,7.70,8.00,8.00,7.65,,8.00,,,2092000,16694400.00,280,F1,4000,,,,,
2026-09-25,2026-09-25,CM,NSE,STK,29459,INE935B01025,MOSCHIP,EQ,,,,,MOSCHIP TECHNOLOGIES LTD,203.00,205.34,201.31,204.07,204.09,203.24,,204.07,,,750714,152696119.88,10837,F1,1,,,,,
2026-09-25,2026-09-25,CM,NSE,STK,8596,INE0FS801015,MSUMI,EQ,,,,,MOTHERSON SUMI WRNG IND L,34.70,34.74,34.22,34.29,34.26,34.70,,34.29,,,11196717,385036277.24,31307,F1,1,,,,,
2026-09-25,2026-09-25,CM,NSE,STK,21423,INF247L01023,MOM100,EQ,,,,,MOTILAL OS MIDCAP100 ETF,65.89,67.50,65.29,66.36,67.39,65.89,,66.34,,,501249,32945281.29,2617,F1,1,,,,,
2026-09-25,2026-09-25,CM,NSE,STK,22739,INF247L01AP3,MON100,EQ,,,,,MOTILAL OS NASDAQ100 ETF,322.80,329.00,322.55,324.11,324.38,322.80,,324.10,,,508774,165027450.56,15649,F1,1,,,,,
2026-09-25,2026-09-25,CM,NSE,STK,14947,INE338I01027,MOTILALOFS,EQ,,,,,MOTILAL OSWAL FIN LTD,1020.00,1047.00,1019.40,1029.00,1029.00,1022.00,,1029.01,,,866039,897550334.00,40322,F1,1,,,,,
2026-09-25,2026-09-25,CM,NSE,STK,19289,INF247L01536,MOM50,EQ,,,,,MOTILAL OSWAL M50 ETF,242.44,242.78,241.59,242.31,242.30,242.03,,242.31,,,5015,1214229.73,99,F1,1,,,,,
2026-09-25,2026-09-25,CM,NSE,STK,1507,INF247L01AK4,MOGSEC,EQ,,,,,MOTILALAMC - G5,64.72,65.54,64.52,65.32,65.34,64.72,,65.37,,,18488,1205855.93,141,F1,1,,,,,
2026-09-25,2026-09-25,CM,NSE,STK,757669,INF247L01FR8,MOALPHA50,EQ,,,,,MOTILALAMC - MOALPHA50,55.00,55.04,54.11,54.59,54.12,55.01,,54.59,,,7364,403105.98,92,F1,1,,,,,
2026-09-25,2026-09-25,CM,NSE,STK,761693,INF247L01GV8,MOBANK10,EQ,,,,,MOTILALAMC - MOBANK10,16.35,16.67,16.35,16.66,16.67,16.35,,16.66,,,16590,272588.54,51,F1,1,,,,,
2026-09-25,2026-09-25,CM,NSE,STK,30065,INF247L01EV3,MOCAPITAL,EQ,,,,,MOTILALAMC - MOCAPITAL,53.58,53.58,52.72,52.97,52.96,53.18,,52.97,,,421273,22317320.11,2399,F1,1,,,,,
2026-09-25,2026-09-25,CM,NSE,STK,24944,INF247L01DJ0,MODEFENCE,EQ,,,,,MOTILALAMC - MODEFENCE,102.78,103.52,101.30,103.08,103.50,102.77,,103.08,,,882029,90697630.98,6078,F1,1,,,,,
2026-09-25,2026-09-25,CM,NSE,STK,759374,INF247L01GH7,MOENERGY,EQ,,,,,MOTILALAMC - MOENERGY,37.67,37.75,37.40,37.64,37.70,37.50,,37.64,,,58932,2216060.88,458,F1,1,,,,,
2026-09-25,2026-09-25,CM,NSE,STK,757791,INF247L01FY4,MOGOLD,EQ,,,,,MOTILALAMC - MOGOLD,148.55,149.10,147.85,148.70,149.00,147.60,,148.67,,,8891,1319646.35,285,F1,1,,,,,
2026-09-25,2026-09-25,CM,NSE,STK,10508,INF247L01BB1,MOHEALTH,EQ,,,,,MOTILALAMC - MOHEALTH,53.00,53.07,52.27,52.40,52.54,52.55,,52.40,,,40177,2110126.78,500,F1,1,,,,,
2026-09-25,2026-09-25,CM,NSE,STK,757031,INF247L01FL1,MOINFRA,EQ,,,,,MOTILALAMC - MOINFRA,56.55,58.58,56.55,57.92,57.71,58.00,,57.92,,,6539,377771.97,47,F1,1,,,,,
2026-09-25,2026-09-25,CM,NSE,STK,759891,INF247L01GI5,MOIPO,EQ,,,,,MOTILALAMC - MOIPO,47.70,47.70,47.00,47.42,47.50,47.62,,47.42,,,2497,118354.20,50,F1,1,,,,,
2026-09-25,2026-09-25,CM,NSE,STK,8654,INF247L01BL0,MOLOWVOL,EQ,,,,,MOTILALAMC - MOLOWVOL,35.03,35.07,34.80,34.92,34.85,35.13,,34.92,,,2153,75081.25,34,F1,1,,,,,
2026-09-25,2026-09-25,CM,NSE,STK,25606,INF247L01DK8,MOMENTUM50,EQ,,,,,MOTILALAMC - MOMENTUM50,53.72,53.89,53.16,53.46,53.80,53.46,,53.46,,,293448,15679916.24,16684,F1,1,,,,,
2026-09-25,2026-09-25,CM,NSE,STK,764402,INF247L01HG7,MOMETAL,EQ,,,,,MOTILALAMC - MOMETAL,13.47,13.97,13.05,13.15,13.14,13.95,,13.15,,,215867,2848963.15,321,F1,1,,,,,
2026-09-25,2026-09-25,CM,NSE,STK,757099,INF247L01FK3,MOMGF,EQ,,,,,MOTILALAMC - MOMGF,158.86,160.40,157.56,159.97,160.40,159.40,,159.97,,,739,117010.94,25,F1,1,,,,,
2026-09-25,2026-09-25,CM,NSE,STK,757817,INF247L01FQ0,MOMIDMTM,EQ,,,,,MOTILALAMC - MOMIDMTM,63.79,63.80,62.90,63.53,63.80,63.67,,63.53,,,64203,4062140.95,333,F1,1,,,,,
2026-09-25,2026-09-25,CM,NSE,STK,760054,INF247L01GK1,MOMNC,EQ,,,,,MOTILALAMC - MOMNC,31.67,31.67,31.11,31.35,31.35,31.05,,31.35,,,7795,242765.07,19,F1,1,,,,,
2026-09-25,2026-09-25,CM,NSE,STK,8182,INF247L01BK2,MOMOMENTUM,EQ,,,,,MOTILALAMC - MOMOMENTUM,61.43,61.85,60.85,61.00,61.00,61.13,,61.00,,,37882,2312506.70,355,F1,1,,,,,
2026-09-25,2026-09-25,CM,NSE,STK,756900,INF247L01FC0,MON50EQUAL,EQ,,,,,MOTILALAMC - MON50EQUAL,32.42,32.95,32.00,32.13,32.05,32.28,,32.13,,,42459,1363913.05,105,F1,1,,,,,
2026-09-25,2026-09-25,CM,NSE,STK,757167,INF247L01FD8,MONEXT50,EQ,,,,,MOTILALAMC - MONEXT50,70.74,72.62,70.69,71.52,71.99,71.55,,71.52,,,3085,220621.84,63,F1,1,,,,,
2026-09-25,2026-09-25,CM,NSE,STK,759371,INF247L01GG9,MONIFTY100,EQ,,,,,MOTILALAMC - MONIFTY100,24.45,25.00,24.19,24.50,25.00,24.45,,24.50,,,94056,2289316.93,81,F1,1,,,,,
2026-09-25,2026-09-25,CM,NSE,STK,19237,INF247L01BU1,MONIFTY500,EQ,,,,,MOTILALAMC - MONIFTY500,23.42,23.42,23.03,23.19,23.21,23.18,,23.19,,,353444,8175341.58,1266,F1,1,,,,,
2026-09-25,2026-09-25,CM,NSE,STK,7422,INF247L01AU3,MONQ50,EQ,,,,,MOTILALAMC - MONQ50,214.67,240.85,209.44,214.61,216.00,209.44,,214.62,,,2101057,471596924.56,39498,F1,1,,,,,
2026-09-25,2026-09-25,CM,NSE,STK,764405,INF247L01HH5,MOOILGAS,EQ,,,,,MOTILALAMC - MOOILGAS,11.15,11.15,10.84,10.89,10.89,10.89,,10.89,,,4833,52500.27,59,F1,1,,,,,
2026-09-25,2026-09-25,CM,NSE,STK,757431,INF247L01FO5,MOPSE,EQ,,,,,MOTILALAMC - MOPSE,95.62,97.57,95.62,97.57,97.57,97.57,,97.57,,,3126,303536.52,26,F1,1,,,,,
2026-09-25,2026-09-25,CM,NSE,STK,10822,INF247L01BH8,MOQUALITY,EQ,,,,,MOTILALAMC - MOQUALITY,195.34,209.00,191.91,207.59,209.00,193.41,,207.59,,,226,44547.93,26,F1,1,,,,,
2026-09-25,2026-09-25,CM,NSE,STK,23184,INF247L01CI4,MOREALTY,EQ,,,,,MOTILALAMC - MOREALTY,86.49,87.50,86.33,87.07,87.47,86.57,,87.05,,,270062,23440165.35,1470,F1,1,,,,,
2026-09-25,2026-09-25,CM,NSE,STK,760001,INF247L01GJ3,MOSERVICE,EQ,,,,,MOTILALAMC - MOSERVICE,29.85,30.00,29.64,29.82,30.00,29.72,,29.82,,,4761,141850.36,33,F1,1,,,,,
2026-09-25,2026-09-25,CM,NSE,STK,758457,INF247L01FZ1,MOSILVER,EQ,,,,,MOTILALAMC - MOSILVER,225.28,226.48,222.86,226.00,225.62,223.45,,226.00,,,37324,8417436.82,1131,F1,1,,,,,
2026-09-25,2026-09-25,CM,NSE,STK,23181,INF247L01CH6,MOSMALL250,EQ,,,,,MOTILALAMC - MOSMALL250,18.34,18.45,18.16,18.33,18.45,18.25,,18.33,,,1573028,28782121.86,1936,F1,1,,,,,
2026-09-25,2026-09-25,CM,NSE,STK,757443,INF247L01FP2,MOTOUR,EQ,,,,,MOTILALAMC - MOTOUR,78.00,78.00,76.34,76.70,77.90,77.14,,76.70,,,7082,544705.91,124,F1,1,,,,,
2026-09-25,2026-09-25,CM,NSE,STK,10825,INF247L01BE5,MOVALUE,EQ,,,,,MOTILALAMC - MOVALUE,110.67,110.84,110.11,110.69,110.40,110.69,,110.70,,,29317,3243042.88,501,F1,1,,,,,
2026-09-25,2026-09-25,CM,NSE,STK,20788,INE0FRK01020,MOTISONS,EQ,,,,,MOTISONS JEWELLERS LTD,18.89,19.48,17.62,17.85,17.87,18.79,,17.85,,,119558121,2215252783.04,167805,F1,1,,,,,
2026-09-25,2026-09-25,CM,NSE,STK,2268,INE861B01023,MOTOGENFIN,EQ,,,,,MOTOR & GENERAL FINANCE L,26.21,27.00,25.60,25.92,26.44,25.70,,25.92,,,40987,1076161.27,315,F1,1,,,,,
2026-09-25,2026-09-25,CM,NSE,STK,757810,INE0XM301010,MMEL,SM,,,,,MOVING MEDIA ENTER LTD,30.00,30.00,28.80,28.80,28.80,29.80,,28.80,,,6000,177000.00,3,F1,2000,,,,,
2026-09-25,2026-09-25,CM,NSE,STK,765138,INE493H01014,MPDL,BE,,,,,MPDL LTD.,28.05,28.05,28.05,28.05,28.05,28.05,,28.05,,,55,1542.75,1,F1,1,,,,,
2026-09-25,2026-09-25,CM,NSE,STK,4503,INE356A01018,MPHASIS,EQ,,,,,MPHASIS LIMITED,2235.00,2240.00,2203.60,2234.00,2234.00,2248.20,,2240.74,,,197680,439955212.10,19367,F1,1,,,,,
2026-09-25,2026-09-25,CM,NSE,STK,10578,INE943D01017,MPSLTD,EQ,,,,,MPS LIMITED,2600.00,2679.00,2596.80,2666.90,2678.00,2617.00,,2666.23,,,5474,14437260.70,1302,F1,1,,,,,
2026-09-25,2026-09-25,CM,NSE,STK,2277,INE883A01011,MRF,EQ,,,,,MRF LTD,124480.00,124480.00,123440.00,124035.00,123885.00,123985.00,,124034.11,,,2338,289791880.00,1284,F1,1,,,,,
2026-09-25,2026-09-25,CM,NSE,STK,2283,INE103A01014,MRPL,EQ,,,,,MRPL,164.45,166.39,162.76,164.60,164.70,164.49,,164.61,,,3244699,532911755.78,30500,F1,1,,,,,
2026-09-25,2026-09-25,CM,NSE,STK,1628,INE495P01020,BECTORFOOD,EQ,,,,,MRS BECTORS FOOD SPE LTD,215.68,217.51,212.81,215.58,216.30,215.68,,215.52,,,428994,92282825.27,11727,F1,1,,,,,
2026-09-25,2026-09-25,CM,NSE,STK,11919,INE752G01015,MSPL,EQ,,,,,MSP STEEL & POWER LTD.,34.80,34.85,33.60,33.73,33.70,34.92,,33.73,,,848940,28849778.45,2653,F1,1,,,,,
2026-09-25,2026-09-25,CM,NSE,STK,9356,INE255X01014,MSTCLTD,EQ,,,,,MSTC LIMITED,740.00,754.00,715.60,740.80,735.05,738.05,,740.84,,,418504,308470219.35,20736,F1,1,,,,,
2026-09-25,2026-09-25,CM,NSE,STK,31413,INE472M01018,MTEDUCARE,BE,,,,,MT EDUCARE LTD,1.77,1.77,1.63,1.70,1.70,1.69,,1.70,,,7597,12519.39,38,F1,1,,,,,
2026-09-25,2026-09-25,CM,NSE,STK,2715,INE864I01014,MTARTECH,BE,,,,,MTAR TECHNOLOGIES LIMITED,6900.00,6998.00,6750.50,6900.00,6900.00,7050.00,,6900.00,,,190986,1311061700.50,37802,F1,1,,,,,
2026-09-25,2026-09-25,CM,NSE,STK,19783,INE08KJ01020,MUFIN,EQ,,,,,MUFIN GREEN FINANCE LTD,132.42,133.45,131.10,133.02,132.46,131.82,,133.05,,,422205,55942967.77,2950,F1,1,,,,,
2026-09-25,2026-09-25,CM,NSE,STK,11325,INE304A01026,MUKANDLTD,EQ,,,,,MUKAND LTD.,154.04,167.95,152.00,167.05,167.20,155.26,,167.05,,,1109036,181013136.85,12583,F1,1,,,,,
2026-09-25,2026-09-25,CM,NSE,STK,764788,INE596B01017,MUKESHB,EQ,,,,,MUKESH BABU FINANC SER L,131.90,131.90,131.50,131.50,131.50,127.00,,131.50,,,600,78940.00,2,F1,1,,,,,
2026-09-25,2026-09-25,CM,NSE,STK,22981,INE0CG401037,MUKKA,BE,,,,,MUKKA PROTEINS LIMITED,26.90,27.75,26.65,27.40,27.30,27.04,,27.41,,,210332,5730189.64,807,F1,1,,,,,
2026-09-25,2026-09-25,CM,NSE,STK,8691,INE374B01019,MUKTAARTS,BE,,,,,MUKTA ARTS LIMITED,58.98,58.98,55.15,56.21,57.49,57.40,,56.21,,,516,28805.20,12,F1,1,,,,,
2026-09-25,2026-09-25,CM,NSE,STK,31181,INE745G01043,MCX,EQ,,,,,MULTI COMMODITY EXCHANGE,3463.60,3481.40,3310.00,3324.90,3324.90,3427.70,,3324.90,,,2386852,8045494788.00,117918,F1,1,,,,,
2026-09-25,2026-09-25,CM,NSE,STK,13511,INE672B01032,MUNJALAU,EQ,,,,,MUNJAL AUTO IND. LTD.,105.70,109.80,104.52,109.02,109.55,105.34,,109.01,,,477592,51425662.91,9666,F1,1,,,,,
2026-09-25,2026-09-25,CM,NSE,STK,2307,INE577A01027,MUNJALSHOW,EQ,,,,,MUNJAL SHOWA LTD,129.07,129.96,127.42,129.20,129.60,128.90,,129.24,,,23637,3046797.55,739,F1,1,,,,,
2026-09-25,2026-09-25,CM,NSE,STK,2313,INE692B01014,MURUDCERA,EQ,,,,,MURUDESHWAR CERAMICS LTD,29.00,29.19,28.56,28.89,28.80,28.57,,28.98,,,4317,124705.07,72,F1,1,,,,,
2026-09-25,2026-09-25,CM,NSE,STK,19877,INE919I01024,RADIOCITY,EQ,,,,,MUSIC BROADCAST LIMITED,5.98,6.08,5.90,6.05,6.07,5.98,,6.05,,,30851,184484.02,138,F1,1,,,,,
2026-09-25,2026-09-25,CM,NSE,STK,10415,INE296G01013,MUTHOOTCAP,EQ,,,,,MUTHOOT CAP SERV LTD,236.00,236.00,223.99,226.16,226.50,231.03,,226.20,,,10162,2299844.64,417,F1,1,,,,,
2026-09-25,2026-09-25,CM,NSE,STK,23650,INE414G01012,MUTHOOTFIN,EQ,,,,,MUTHOOT FINANCE LIMITED,2830.00,2839.60,2808.00,2835.00,2835.00,2825.30,,2834.53,,,312523,882875645.20,38458,F1,1,,,,,
2026-09-25,2026-09-25,CM,NSE,STK,20831,INE046W01019,MUTHOOTMF,EQ,,,,,MUTHOOT MICROFIN LIMITED,184.50,184.50,179.60,181.56,182.00,183.40,,181.57,,,309028,56004085.69,4065,F1,1,,,,,
2026-09-25,2026-09-25,CM,NSE,STK,764397,INE0OWZ01020,MVELECTRO,EQ,,,,,MV ELECTROSYSTEMS LIMITED,819.00,828.00,786.70,813.80,811.00,818.50,,813.81,,,922003,745990682.80,27524,F1,1,,,,,
2026-09-25,2026-09-25,CM,NSE,STK,25208,INE0RVQ01016,MYMUDRA,SM,,,,,MY MUDRA FINCORP LIMITED,68.05,68.20,68.00,68.20,68.20,71.30,,68.20,,,6000,408720.00,4,F1,1200,,,,,
2026-09-25,2026-09-25,CM,NSE,STK,8220,INE741A01011,MYSORPETRO,BE,,,,,MYSORE PETRO CHEMICALS L,129.80,129.80,123.10,128.99,128.99,127.20,,129.81,,,2978,379348.12,42,F1,1,,,,,
2026-09-25,2026-09-25,CM,NSE,STK,20314,INE740D01017,NRAIL,EQ,,,,,N R AGARWAL INDS LTD,650.00,685.00,631.20,677.25,680.05,637.75,,677.38,,,24892,16625078.25,1676,F1,1,,,,,
2026-09-25,2026-09-25,CM,NSE,STK,757489,INE104101014,NRVANDANA,SM,,,,,N R VANDANA TEX IND LTD,70.50,70.50,64.00,69.90,69.90,71.70,,69.90,,,27000,1849350.00,8,F1,3000,,,,,
2026-09-25,2026-09-25,CM,NSE,STK,764798,INE920C01017,NTCIND,EQ,,,,,N T C INDUSTRIES LTD.,130.40,142.00,130.40,139.80,139.80,139.02,,138.30,,,2875,404160.97,31,F1,1,,,,,
2026-09-25,2026-09-25,CM,NSE,STK,19111,INE365I01020,NBIFIN,EQ,,,,,N.B.I. IND. FIN. CO. LTD,1936.20,1964.00,1920.20,1926.40,1920.20,1923.70,,1926.40,,,59,114537.90,19,F1,1,,,,,
2026-09-25,2026-09-25,CM,NSE,STK,20425,INE295D01020,NACLIND,EQ,,,,,NACL INDUSTRIES LIMITED,140.98,141.55,137.40,139.67,140.00,139.33,,139.67,,,386366,53806989.71,6520,F1,1,,,,,
2026-09-25,2026-09-25,CM,NSE,STK,18371,INE756C01015,NDGL,EQ,,,,,NAGA DHUNSERI GROUP LTD,2583.10,2583.10,2570.00,2575.60,2575.60,2576.00,,2575.60,,,41,105655.80,29,F1,1,,,,,
2026-09-25,2026-09-25,CM,NSE,STK,14942,INE245I01016,NAGREEKCAP,EQ,,,,,NAGREEKA CAP & INFR.LTD,30.75,31.35,27.17,28.06,27.61,29.55,,28.05,,,138167,4127121.06,843,F1,1,,,,,
2026-09-25,2026-09-25,CM,NSE,STK,14702,INE123B01028,NAGREEKEXP,EQ,,,,,NAGREEKA EXPORTS LTD.,25.40,25.90,23.15,23.47,23.30,24.02,,23.48,,,57115,1389740.27,541,F1,1,,,,,
2026-09-25,2026-09-25,CM,NSE,STK,15360,INE049I01012,NAHARCAP,EQ,,,,,NAHAR CAP & FIN.,252.00,252.00,246.00,248.70,248.80,248.00,,248.70,,,331,81919.20,26,F1,1,,,,,
2026-09-25,2026-09-25,CM,NSE,STK,13106,INE289A01011,NAHARINDUS,EQ,,,,,NAHAR INDS ENT LTD,130.55,134.00,130.00,132.90,132.05,128.71,,132.90,,,10061,1323991.40,236,F1,1,,,,,
2026-09-25,2026-09-25,CM,NSE,STK,14445,INE308A01027,NAHARPOLY,EQ,,,,,NAHAR POLY FILMS LIMITED,233.00,243.98,226.25,227.68,226.26,226.47,,227.68,,,1599,365813.72,126,F1,1,,,,,
2026-09-25,2026-09-25,CM,NSE,STK,14440,INE290A01027,NAHARSPING,EQ,,,,,NAHAR SPINNING MILLS LTD.,271.15,272.60,264.05,269.95,270.25,270.60,,269.95,,,8044,2159211.45,423,F1,1,,,,,
2026-09-25,2026-09-25,CM,NSE,STK,5401,INE236Y01012,NGIL,EQ,,,,,NAKODA GROUP OF IND. LTD,40.20,41.00,35.55,39.50,41.00,39.33,,39.55,,,95109,3643785.12,443,F1,1,,,,,
2026-09-25,2026-09-25,CM,NSE,STK,11239,INE023A01030,NSIL,EQ,,,,,NALWA SONS INVESTMENT LTD,5510.00,5510.00,5428.00,5468.00,5495.00,5502.00,,5466.66,,,1308,7141456.50,254,F1,1,,,,,
2026-09-25,2026-09-25,CM,NSE,STK,23379,INE0RJM01010,NAMAN,SM,,,,,NAMAN INDUSTRE PRXIMA LTD,48.45,48.60,48.45,48.60,48.60,46.30,,48.60,,,13600,660720.00,15,F1,800,,,,,
2026-09-25,2026-09-25,CM,NSE,STK,25167,INE08NZ01012,NAMOEWASTE,SM,,,,,NAMO EWASTE MANAGEMENT L,299.00,329.50,291.00,328.00,329.00,295.25,,328.00,,,137600,44022840.00,168,F1,800,,,,,
2026-09-25,2026-09-25,CM,NSE,STK,31258,INE875G01048,NDL,EQ,,,,,NANDAN DENIM LIMITED,2.70,2.73,2.51,2.61,2.63,2.69,,2.61,,,1326115,3484690.36,1519,F1,1,,,,,
2026-09-25,2026-09-25,CM,NSE,STK,5516,INE696V01013,JAIPURKURT,EQ,,,,,NANDANI CREATION LIMITED,25.01,26.89,24.72,25.13,25.07,25.26,,25.13,,,34887,899864.21,200,F1,1,,,,,
2026-09-25,2026-09-25,CM,NSE,STK,11840,INE410P01011,NH,EQ,,,,,NARAYANA HRUDAYALAYA LTD.,1884.50,1884.50,1849.60,1861.40,1872.00,1877.70,,1861.41,,,88949,165697906.30,11882,F1,1,,,,,
2026-09-25,2026-09-25,CM,NSE,STK,11627,INE117Z01029,NARMADA,EQ,,,,,NARMADA AGROBASE LIMITED,13.60,14.20,13.10,13.37,13.43,13.24,,13.37,,,1844506,25139231.63,3547,F1,1,,,,,
2026-09-25,2026-09-25,CM,NSE,STK,3918,INE987B01026,NATCOPHARM,EQ,,,,,NATCO PHARMA LTD.,844.00,850.10,834.25,839.30,836.90,842.00,,839.33,,,369981,311412585.25,25419,F1,1,,,,,
2026-09-25,2026-09-25,CM,NSE,STK,11065,INE448G01010,NATHBIOGEN,EQ,,,,,NATH BIO-GENES (I) LTD,151.00,154.90,148.50,149.35,148.56,150.21,,149.47,,,9940,1507865.45,347,F1,1,,,,,
2026-09-25,2026-09-25,CM,NSE,STK,6364,INE139A01034,NATIONALUM,EQ,,,,,NATIONAL ALUMINIUM CO LTD,360.60,362.90,357.05,358.70,358.70,358.40,,358.70,,,1869148,671621269.45,34643,F1,1,,,,,
2026-09-25,2026-09-25,CM,NSE,STK,13925,INE870D01012,NFL,EQ,,,,,NATIONAL FERT. LTD,66.22,66.90,65.91,66.67,66.83,66.72,,66.67,,,440381,29231988.46,3070,F1,1,,,,,
2026-09-25,2026-09-25,CM,NSE,STK,6531,INE0H7R23014,NHIT,IV,,,,,NATIONAL HIGHW INFRA TRUS,169.90,169.90,169.90,169.90,169.90,170.00,,169.90,,,325000,55217500.00,3,F1,25000,,,,,
2026-09-25,2026-09-25,CM,NSE,STK,762807,INE166R01015,NATIONSTD,EQ,,,,,NATIONAL STAND (INDIA) L,118.90,118.90,114.90,116.15,116.80,115.11,,116.15,,,15391,1781144.99,277,F1,1,,,,,
2026-09-25,2026-09-25,CM,NSE,STK,29588,INE936B01015,NATCAPSUQ,BE,,,,,NATURAL CAPSULES LIMITED,169.00,171.98,168.75,169.52,171.98,168.90,,169.52,,,528,89237.93,15,F1,1,,,,,
2026-09-25,2026-09-25,CM,NSE,STK,4014,INE725A01030,NAVA,EQ,,,,,NAVA LIMITED,552.25,563.00,548.20,551.45,549.00,557.00,,551.43,,,450107,249899529.10,17758,F1,1,,,,,
2026-09-25,2026-09-25,CM,NSE,STK,14672,INE048G01026,NAVINFLUOR,EQ,,,,,NAVIN FLUORINE INT. LTD,8488.50,8600.00,8467.00,8584.50,8572.00,8461.00,,8584.35,,,107462,918412278.50,24116,F1,1,,,,,
2026-09-25,2026-09-25,CM,NSE,STK,10557,INE278M01019,NAVKARCORP,EQ,,,,,NAVKAR CORPORATION LTD.,88.25,88.45,86.82,88.21,88.40,87.82,,88.21,,,149406,13093890.78,2313,F1,1,,,,,
2026-09-25,2026-09-25,CM,NSE,STK,29146,INE268H01044,NAVKARURB,EQ,,,,,NAVKAR URBANSTRUCTURE LTD,0.91,0.93,0.88,0.89,0.90,0.91,,0.89,,,622237,566374.44,277,F1,1,,,,,
2026-09-25,2026-09-25,CM,NSE,STK,2385,INE060A01024,NAVNETEDUL,EQ,,,,,NAVNEET EDUCATION LTD,122.75,124.02,122.43,122.76,123.63,123.40,,122.76,,,70780,8702639.36,876,F1,1,,,,,
2026-09-25,2026-09-25,CM,NSE,STK,2987,INE418L01047,NAZARA,EQ,,,,,NAZARA TECHNOLOGIES LTD,376.80,384.50,374.15,376.45,377.90,374.55,,376.66,,,2396562,910524125.60,26234,F1,1,,,,,
2026-09-25,2026-09-25,CM,NSE,STK,31415,INE095N01031,NBCC,EQ,,,,,NBCC (INDIA) LIMITED,82.23,83.11,81.73,82.86,82.86,82.34,,82.79,,,3865127,318549747.71,20907,F1,1,,,,,
2026-09-25,2026-09-25,CM,NSE,STK,2319,INE868B01028,NCC,EQ,,,,,NCC LIMITED,134.13,134.13,131.05,132.82,132.98,133.42,,132.82,,,2118247,280221120.21,24930,F1,1,,,,,
2026-09-25,2026-09-25,CM,NSE,STK,14490,INE732C01016,NCLIND,EQ,,,,,NCL INDUSTRIES LIMITED,176.07,182.00,176.07,179.26,179.76,176.07,,179.26,,,50784,9106814.71,2332,F1,1,,,,,
2026-09-25,2026-09-25,CM,NSE,STK,14547,INE353A01023,NDLVENTURE,EQ,,,,,NDL VENTURES LIMITED,123.75,124.90,116.10,119.69,117.88,122.25,,119.95,,,7489,908168.67,239,F1,1,,,,,
2026-09-25,2026-09-25,CM,NSE,STK,22255,INE07OG01012,NDRAUTO,EQ,,,,,NDR AUTO COMPONENTS LTD,760.05,760.05,743.05,746.60,745.00,754.20,,746.60,,,10850,8102440.25,661,F1,1,,,,,
2026-09-25,2026-09-25,CM,NSE,STK,11427,INE155G01029,NDTV,EQ,,,,,NDTV LTD,69.93,71.90,69.61,70.08,69.80,69.93,,70.06,,,27919,1964252.99,807,F1,1,,,,,
2026-09-25,2026-09-25,CM,NSE,STK,11927,INE023H01027,NECLIFE,EQ,,,,,NECTAR LIFESCIENCES LTD.,10.90,11.00,10.61,10.84,10.85,10.88,,10.84,,,103563,1117012.82,294,F1,1,,,,,
2026-09-25,2026-09-25,CM,NSE,STK,14761,INE189I01024,NELCAST,EQ,,,,,NELCAST LIMITED,110.76,120.30,109.00,118.39,119.99,108.89,,118.40,,,702669,81791650.42,7129,F1,1,,,,,
2026-09-25,2026-09-25,CM,NSE,STK,2388,INE045B01015,NELCO,EQ,,,,,NELCO LTD,996.90,1003.00,972.35,976.50,979.20,993.05,,976.48,,,127194,125273164.60,6216,F1,1,,,,,
2026-09-25,2026-09-25,CM,NSE,STK,760928,INE21UM01018,NEOCHEM,SM,,,,,NEOCHEM BIO SOLUTIONS LTD,108.10,108.10,103.00,106.20,106.60,104.75,,106.20,,,19200,2022600.00,15,F1,1200,,,,,
2026-09-25,2026-09-25,CM,NSE,STK,9917,INE136S01016,NEOGEN,EQ,,,,,NEOGEN CHEMICALS LIMITED,2325.90,2409.00,2325.90,2385.20,2377.00,2326.10,,2385.47,,,163069,387634973.80,25117,F1,1,,,,,
2026-09-25,2026-09-25,CM,NSE,STK,24350,INE0SUN01013,NEPHROCARE,SM,,,,,NEPHRO CARE INDIA LIMITED,96.00,96.00,85.20,93.55,93.80,96.45,,93.55,,,20000,1833060.00,44,F1,400,,,,,
2026-09-25,2026-09-25,CM,NSE,STK,760346,INE428V01029,NEPHROPLUS,EQ,,,,,NEPHROCARE HEALTH SERV L,715.00,719.00,693.70,696.65,696.50,709.50,,696.65,,,592871,414725402.05,15796,F1,1,,,,,
2026-09-25,2026-09-25,CM,NSE,STK,757493,INE156901014,NEPTUNE,SM,,,,,NEPTUNE PETROCHEMICALS L,183.10,190.00,183.10,183.10,183.10,183.10,,183.10,,,6500,1201450.00,10,F1,500,,,,,
2026-09-25,2026-09-25,CM,NSE,STK,15409,INE317F01035,NESCO,EQ,,,,,NESCO LTD.,1073.50,1096.80,1060.30,1070.30,1066.30,1073.50,,1070.26,,,27868,29920033.50,3623,F1,1,,,,,
2026-09-25,2026-09-25,CM,NSE,STK,17963,INE239A01024,NESTLEIND,EQ,,,,,NESTLE INDIA LIMITED,1357.00,1362.60,1348.30,1362.60,1362.60,1351.00,,1362.61,,,382857,519198934.20,21157,F1,1,,,,,
2026-09-25,2026-09-25,CM,NSE,STK,20406,INE518X01015,CBAZAAR,SM,,,,,NET AVENUE TECHNOLOGIES L,5.10,5.10,5.10,5.10,5.10,5.00,,5.10,,,8000,40800.00,1,F1,8000,,,,,
2026-09-25,2026-09-25,CM,NSE,STK,17433,INE0NT901020,NETWEB,EQ,,,,,NETWEB TECH INDIA LTD,4675.00,4710.00,4522.00,4545.00,4559.00,4661.50,,4545.15,,,696170,3205123904.00,63397,F1,1,,,,,
2026-09-25,2026-09-25,CM,NSE,STK,756324,INE0FFK01017,NPST,EQ,,,,,NETWORK PEOPLE SRV TECH L,1799.00,1823.70,1751.60,1796.30,1815.00,1782.30,,1796.31,,,39440,70233925.10,5100,F1,1,,,,,
2026-09-25,2026-09-25,CM,NSE,STK,14111,INE870H01013,NETWORK18,EQ,,,,,NETWORK18 MEDIA & INV LTD,26.96,27.00,26.47,26.75,26.70,26.97,,26.75,,,2897376,77342772.79,7199,F1,1,,,,,
2026-09-25,2026-09-25,CM,NSE,STK,30554,INE333I01044,NEUEON,BE,,,,,NEUEON CORPORATION LTD,14.39,14.39,14.39,14.39,14.39,13.71,,14.64,,,14637,210626.43,31,F1,1,,,,,
2026-09-25,2026-09-25,CM,NSE,STK,2406,INE794A01010,NEULANDLAB,EQ,,,,,NEULAND LAB LTD.,22100.00,22660.00,21800.00,21890.00,21930.00,21905.00,,21890.53,,,41988,930096870.00,16655,F1,1,,,,,
2026-09-25,2026-09-25,CM,NSE,STK,1164,INE619B01017,NEWGEN,EQ,,,,,NEWGEN SOFTWARE TECH LTD,490.75,493.50,483.35,485.30,486.15,493.60,,485.33,,,345857,168412656.80,13822,F1,1,,,,,
2026-09-25,2026-09-25,CM,NSE,STK,19161,INE0PW501021,NEWJAISA,ST,,,,,NEWJAISA TECHNOLOGIES LTD,17.00,17.65,17.00,17.65,17.65,17.45,,17.65,,,7500,131400.00,5,F1,1500,,,,,
2026-09-25,2026-09-25,CM,NSE,STK,28801,INE0TP801012,NMSTEEL,SM,,,,,NEWMALAYALAM STEEL LTD,23.30,23.30,23.30,23.30,23.30,21.45,,23.30,,,1600,37280.00,1,F1,1600,,,,,
2026-09-25,2026-09-25,CM,NSE,STK,9867,INE747B01016,NEXTMEDIA,EQ,,,,,NEXT MEDIAWORKS LIMITED,3.80,3.80,3.62,3.75,3.76,3.62,,3.75,,,5321,19885.02,58,F1,1,,,,,
2026-09-25,2026-09-25,CM,NSE,STK,15815,INE0NDH25011,NXST,RR,,,,,NEXUS SELECT TRUST,166.88,167.07,164.75,165.94,165.83,166.42,,165.94,,,298193,49565878.56,6738,F1,1,,,,,
2026-09-25,2026-09-25,CM,NSE,STK,10277,INE887E01022,NGLFINE,EQ,,,,,NGL FINE CHEM LIMITED,2975.50,2980.00,2844.30,2906.10,2881.00,2894.90,,2906.60,,,6224,18145629.20,1562,F1,1,,,,,
2026-09-25,2026-09-25,CM,NSE,STK,17400,INE848E01016,NHPC,EQ,,,,,NHPC LTD,76.17,76.32,75.42,76.00,76.00,76.25,,76.00,,,6481994,491342204.35,29780,F1,1,,,,,
2026-09-25,2026-09-25,CM,NSE,STK,29487,INE149O01018,NIBE,EQ,,,,,NIBE LIMITED,1309.90,1309.90,1251.10,1261.40,1260.00,1297.20,,1261.41,,,47604,60374922.80,4134,F1,1,,,,,
2026-09-25,2026-09-25,CM,NSE,STK,764793,INE653C01022,NICCOPAR,EQ,,,,,NICCO PARKS & RESORTS LTD,80.49,82.90,80.00,82.48,82.90,80.49,,82.32,,,1076,87111.99,31,F1,1,,,,,
2026-09-25,2026-09-25,CM,NSE,STK,6592,INE0J6L01013,NIDAN,SM,,,,,NIDAN LABS AND HEALTH LTD,13.15,13.30,13.00,13.30,13.30,13.15,,13.30,,,6000,78500.00,6,F1,1000,,,,,
2026-09-25,2026-09-25,CM,NSE,STK,17747,INE342G01023,NIITMTS,EQ,,,,,NIIT LEARNING SYSTEMS LTD,217.57,222.79,210.53,212.08,212.00,217.57,,212.08,,,147551,31421645.60,9079,F1,1,,,,,
2026-09-25,2026-09-25,CM,NSE,STK,11522,INE161A01038,NIITLTD,EQ,,,,,NIIT LIMITED,89.95,89.95,88.00,88.50,88.06,89.90,,88.50,,,116579,10328590.20,1985,F1,1,,,,,
2026-09-25,2026-09-25,CM,NSE,STK,758178,INE0FLF01015,NIKITA,SM,,,,,NIKITA GRENTEC RECYCL LTD,68.40,68.90,65.25,68.90,68.90,66.10,,68.90,,,12000,800940.00,10,F1,1200,,,,,
2026-09-25,2026-09-25,CM,NSE,STK,9253,INE937C01029,NILAINFRA,EQ,,,,,NILA INFRASTRUCTURES LTD,7.19,7.29,6.77,6.87,6.83,7.06,,6.87,,,273026,1881609.72,670,F1,1,,,,,
2026-09-25,2026-09-25,CM,NSE,STK,7411,INE00S901012,NILASPACES,EQ,,,,,NILA SPACES LIMITED,11.64,11.64,10.90,11.06,11.09,11.43,,11.06,,,1095668,12193900.22,2667,F1,1,,,,,
2026-09-25,2026-09-25,CM,NSE,STK,762817,INE445D01013,NILE,EQ,,,,,NILE LTD.,1385.20,1403.50,1354.60,1369.70,1355.00,1388.00,,1368.90,,,3259,4503341.00,497,F1,1,,,,,
2026-09-25,2026-09-25,CM,NSE,STK,2421,INE310A01015,NILKAMAL,EQ,,,,,NILKAMAL LIMITED,1889.10,1904.80,1833.10,1884.00,1880.10,1883.70,,1884.29,,,26097,48705245.20,3631,F1,1,,,,,
2026-09-25,2026-09-25,CM,NSE,STK,761720,INE875B01015,NIMBSPROJ,EQ,,,,,NIMBUS PROJECTS LIMITED,194.95,203.60,192.25,197.07,197.45,199.44,,197.21,,,1858,370295.60,130,F1,1,,,,,
2026-09-25,2026-09-25,CM,NSE,STK,14194,INE395U01014,NINSYS,EQ,,,,,NINTEC SYSTEMS LIMITED,713.05,713.05,693.00,708.75,709.85,713.05,,708.73,,,2004,1415974.25,235,F1,1,,,,,
2026-09-25,2026-09-25,CM,NSE,STK,11439,INF204KB15I9,BANKBEES,EQ,,,,,NIP IND ETF BANK BEES,578.76,579.51,574.75,576.33,575.91,575.88,,576.34,,,392719,226393404.89,6874,F1,1,,,,,
2026-09-25,2026-09-25,CM,NSE,STK,2435,INF204KA1LD7,CONSUMBEES,EQ,,,,,NIP IND ETF CONSUMPTION,127.10,128.00,126.58,127.51,127.36,127.10,,127.51,,,32256,4101192.00,763,F1,1,,,,,
2026-09-25,2026-09-25,CM,NSE,STK,2636,INF204KA1MS3,DIVOPPBEES,EQ,,,,,NIP IND ETF DIV OPP,73.83,74.94,73.75,74.22,74.85,74.43,,74.22,,,44715,3311742.31,715,F1,1,,,,,
2026-09-25,2026-09-25,CM,NSE,STK,9847,INF204KB18I3,NV20BEES,EQ,,,,,NIP IND ETF ETF NV20,134.12,138.80,133.36,134.44,137.00,134.21,,134.44,,,11732,1570968.45,322,F1,1,,,,,
2026-09-25,2026-09-25,CM,NSE,STK,14428,INF204KB17I5,GOLDBEES,EQ,,,,,NIP IND ETF GOLD BEES,123.99,124.50,123.53,124.43,124.40,123.43,,124.43,,,13701949,1699644262.75,74791,F1,1,,,,,
2026-09-25,2026-09-25,CM,NSE,STK,18284,INF204KB19I1,HNGSNGBEES,EQ,,,,,NIP IND ETF HANGSENG BEES,459.52,460.99,455.27,457.74,458.19,460.02,,457.76,,,77439,35506994.20,3699,F1,1,,,,,
2026-09-25,2026-09-25,CM,NSE,STK,20072,INF732E01268,INFRABEES,EQ,,,,,NIP IND ETF INFRA BEES,926.98,940.00,920.30,929.45,935.00,926.98,,929.45,,,10349,9595858.00,513,F1,1,,,,,
2026-09-25,2026-09-25,CM,NSE,STK,19084,INF204KB15V2,ITBEES,EQ,,,,,NIP IND ETF IT,31.56,31.56,30.92,31.30,31.45,31.32,,31.30,,,7822671,243993429.47,15799,F1,1,,,,,
2026-09-25,2026-09-25,CM,NSE,STK,10939,INF732E01045,JUNIORBEES,EQ,,,,,NIP IND ETF JUNIOR BEES,777.30,777.77,771.61,776.69,777.48,773.76,,776.69,,,343338,266029583.61,10826,F1,1,,,,,
2026-09-25,2026-09-25,CM,NSE,STK,11006,INF732E01037,LIQUIDBEES,EQ,,,,,NIP IND ETF LIQUID BEES,999.99,1000.01,999.99,999.99,1000.01,999.99,,999.99,,,4213190,4213167731.71,4323,F1,1,,,,,
2026-09-25,2026-09-25,CM,NSE,STK,17700,INF204KB1882,LTGILTBEES,EQ,,,,,NIP IND ETF LONGTERM GILT,29.68,29.68,29.55,29.65,29.64,29.62,,29.65,,,1128149,33406205.78,700,F1,1,,,,,
2026-09-25,2026-09-25,CM,NSE,STK,8506,INF204KB1V68,MID150BEES,EQ,,,,,NIP IND ETF MIDCAP 150,234.74,234.75,228.68,231.12,231.00,233.02,,231.12,,,942928,218703329.38,17962,F1,1,,,,,
2026-09-25,2026-09-25,CM,NSE,STK,29577,INF204K014N5,NIF100BEES,EQ,,,,,NIP IND ETF NIFTY 100,259.58,260.90,256.73,258.25,260.90,257.89,,258.25,,,50901,13136499.58,552,F1,1,,,,,
2026-09-25,2026-09-25,CM,NSE,STK,10576,INF204KB14I2,NIFTYBEES,EQ,,,,,NIP IND ETF NIFTY BEES,264.98,265.66,263.05,264.13,264.00,263.99,,264.13,,,5254198,1385671453.54,84447,F1,1,,,,,
2026-09-25,2026-09-25,CM,NSE,STK,15032,INF204KB16I7,PSUBNKBEES,EQ,,,,,NIP IND ETF PSU BANK BEES,93.00,93.00,92.15,92.35,92.40,92.45,,92.35,,,462230,42706154.73,3299,F1,1,,,,,
2026-09-25,2026-09-25,CM,NSE,STK,17044,INF732E01128,SHARIABEES,EQ,,,,,NIP IND ETF SHARIAH BEES,431.01,437.99,430.00,432.52,437.89,433.87,,432.80,,,8090,3495377.77,592,F1,1,,,,,
2026-09-25,2026-09-25,CM,NSE,STK,357,INE298J01013,NAM-INDIA,EQ,,,,,NIPPON L I A M LTD,1144.00,1161.50,1130.00,1157.00,1157.00,1144.90,,1156.92,,,752030,865207723.90,20342,F1,1,,,,,
2026-09-25,2026-09-25,CM,NSE,STK,757725,INF204KC1FU1,LIQGRWBEES,EQ,,,,,NIPPONAMC - LIQGRWBEES,1056.25,1057.12,1056.25,1057.10,1057.12,1056.71,,1057.10,,,28990,30644723.93,183,F1,1,,,,,
2026-09-25,2026-09-25,CM,NSE,STK,758667,INF204KC1GH6,MANUFGBEES,EQ,,,,,NIPPONAMC - MANUFGBEES,159.79,162.80,158.67,159.12,158.67,159.00,,159.12,,,19194,3065222.94,118,F1,1,,,,,
2026-09-25,2026-09-25,CM,NSE,STK,7880,INF204KC1337,AUTOBEES,EQ,,,,,NIPPONAMC - NETFAUTO,277.30,279.34,276.83,278.51,278.94,277.20,,278.51,,,180697,50191549.64,2088,F1,1,,,,,
2026-09-25,2026-09-25,CM,NSE,STK,4973,INF204KC1089,PHARMABEES,EQ,,,,,NIPPONAMC - NETFPHARMA,28.40,28.40,27.64,27.80,27.85,27.80,,27.80,,,4149103,115164813.43,8686,F1,1,,,,,
2026-09-25,2026-09-25,CM,NSE,STK,8080,INF204KC1402,SILVERBEES,EQ,,,,,NIPPONAMC - NETFSILVER,216.88,219.00,215.58,218.80,218.94,215.95,,218.80,,,14322964,3112433603.14,52260,F1,1,,,,,
2026-09-25,2026-09-25,CM,NSE,STK,757455,INF204KC1EZ3,SNXT30BEES,EQ,,,,,NIPPONAMC - SNXT30BEES,41.85,41.85,41.50,41.61,41.84,41.75,,41.61,,,7415,309243.00,61,F1,1,,,,,
2026-09-25,2026-09-25,CM,NSE,STK,255,INE368I01016,NIRAJ,EQ,,,,,NIRAJ CEMENT STRUC LTD,29.13,29.15,27.72,28.11,28.00,29.13,,28.15,,,33826,955567.12,189,F1,1,,,,,
2026-09-25,2026-09-25,CM,NSE,STK,18844,INE326T01011,NIRAJISPAT,BE,,,,,NIRAJ ISPAT IND LTD,278.00,291.90,278.00,288.60,288.60,278.00,,288.60,,,348,99548.30,13,F1,1,,,,,
2026-09-25,2026-09-25,CM,NSE,STK,2433,INE910A01012,NIRLON,EQ,,,,,NIRLON LTD,607.25,609.70,605.00,605.10,605.00,607.15,,605.12,,,503,304583.15,69,F1,1,,,,,
2026-09-25,2026-09-25,CM,NSE,STK,14722,INE0OK701014,NIRMAN,SM,,,,,NIRMAN AGRI GENTICS LTD,26.50,27.25,26.00,26.20,26.20,26.60,,26.20,,,18000,475410.00,44,F1,300,,,,,
2026-09-25,2026-09-25,CM,NSE,STK,13300,INE858F01012,NITCO,EQ,,,,,NITCO LIMITED,90.01,90.32,87.25,87.96,87.54,90.03,,87.96,,,343465,30321064.23,3302,F1,1,,,,,
2026-09-25,2026-09-25,CM,NSE,STK,13175,INE229H01012,NITINSPIN,EQ,,,,,NITIN SPINNERS LIMITED,610.00,614.00,604.95,612.35,613.00,605.55,,612.27,,,23745,14468377.80,3113,F1,1,,,,,
2026-09-25,2026-09-25,CM,NSE,STK,3247,INE439T01012,NITIRAJ,EQ,,,,,NITIRAJ ENGINEERS LTD,227.99,227.99,213.10,217.84,216.50,226.25,,217.84,,,3259,713009.06,111,F1,1,,,,,
2026-09-25,2026-09-25,CM,NSE,STK,762824,INE265B01019,NITTAGELA,EQ,,,,,NITTA GELATIN INDIA LTD.,1699.00,1725.00,1676.00,1699.90,1719.00,1699.50,,1699.92,,,2839,4836305.20,830,F1,1,,,,,
2026-09-25,2026-09-25,CM,NSE,STK,27097,INE995S01015,NIVABUPA,EQ,,,,,NIVA BUPA HEALTH INS CO L,76.74,78.15,76.00,77.19,77.75,76.13,,77.20,,,1111284,85441323.09,22891,F1,1,,,,,
2026-09-25,2026-09-25,CM,NSE,STK,2439,INE542C01019,NKIND,EQ,,,,,NK INDUSTRIES LTD,59.00,60.90,59.00,60.36,60.90,59.34,,60.36,,,21,1258.20,8,F1,1,,,,,
2026-09-25,2026-09-25,CM,NSE,STK,8585,INE589A01014,NLCINDIA,EQ,,,,,NLC INDIA LIMITED,263.25,264.00,258.75,262.55,262.10,263.25,,262.54,,,815195,213148729.30,17318,F1,1,,,,,
2026-09-25,2026-09-25,CM,NSE,STK,15332,INE584A01023,NMDC,EQ,,,,,NMDC LTD.,80.76,81.12,79.57,79.90,79.90,80.82,,79.90,,,11080041,887584157.12,40041,F1,1,,,,,
2026-09-25,2026-09-25,CM,NSE,STK,14180,INE0NNS01018,NSLNISP,EQ,,,,,NMDC STEEL LIMITED,42.62,42.81,41.71,42.17,42.16,42.54,,42.17,,,2905193,122328903.39,13607,F1,1,,,,,
2026-09-25,2026-09-25,CM,NSE,STK,2442,INE163A01018,NOCIL,EQ,,,,,NOCIL LIMITED,192.50,194.45,186.62,188.41,188.01,191.40,,188.41,,,1112045,211966552.85,13023,F1,1,,,,,
2026-09-25,2026-09-25,CM,NSE,STK,10786,INE781B01015,NOIDATOLL,EQ,,,,,NOIDA TOLL BRIDGE CO LTD,3.96,4.02,3.95,3.96,4.00,3.92,,3.96,,,34452,137229.23,182,F1,1,,,,,
2026-09-25,2026-09-25,CM,NSE,STK,4160,INE369C01017,NORBTEAEXP,EQ,,,,,NORBEN TEA & EXPORTS LTD,66.52,70.80,65.81,70.12,70.00,67.88,,70.12,,,4162,287924.18,64,F1,1,,,,,
2026-09-25,2026-09-25,CM,NSE,STK,13533,INE553C01016,NECCLTD,BE,,,,,NORTH EAST CARRY CORP LTD,19.00,19.78,19.00,19.18,19.43,19.39,,19.18,,,26443,509279.62,115,F1,1,,,,,
2026-09-25,2026-09-25,CM,NSE,STK,25426,INE850M01015,NORTHARC,EQ,,,,,NORTHERN ARC CAPITAL LTD,303.00,304.40,299.05,300.90,300.85,303.00,,300.91,,,508385,153267954.70,12747,F1,1,,,,,
2026-09-25,2026-09-25,CM,NSE,STK,22477,INE02H701025,NOVAAGRI,EQ,,,,,NOVA AGRITECH LIMITED,22.00,24.18,22.00,22.90,23.00,23.01,,22.90,,,61655,1402920.82,532,F1,1,,,,,
2026-09-25,2026-09-25,CM,NSE,STK,9007,INE234A01025,NOVARTIND,EQ,,,,,NOVARTIS INDIA LIMITED,1990.00,1990.00,1929.90,1965.60,1989.00,1971.40,,1964.96,,,17098,33459094.80,2450,F1,1,,,,,
2026-09-25,2026-09-25,CM,NSE,STK,7553,INE349A01021,NRBBEARING,EQ,,,,,NRB BEARING LIMITED,531.90,542.90,523.00,534.80,535.00,528.90,,534.80,,,355143,189810998.60,17367,F1,1,,,,,
2026-09-25,2026-09-25,CM,NSE,STK,29733,INE047O01014,NIBL,EQ,,,,,NRB INDUS. BEARINGS LTD.,33.17,33.73,31.76,32.65,31.89,32.61,,32.87,,,7942,260203.92,129,F1,1,,,,,
2026-09-25,2026-09-25,CM,NSE,STK,27176,INE0ONG01011,NTPCGREEN,EQ,,,,,NTPC GREEN ENERGY LIMITED,95.43,95.43,92.50,93.47,93.60,95.43,,93.47,,,2331281,217687360.85,23104,F1,1,,,,,
2026-09-25,2026-09-25,CM,NSE,STK,11630,INE733E01010,NTPC,EQ,,,,,NTPC LTD,327.30,327.30,323.50,326.60,326.60,326.60,,326.60,,,6075589,1978145828.90,74730,F1,1,,,,,
2026-09-25,2026-09-25,CM,NSE,STK,10791,INE096B01018,NUCLEUS,EQ,,,,,NUCLEUS SOFTWARE EXPORTS,674.00,691.50,668.75,679.55,678.00,675.15,,679.60,,,20296,13691243.25,1211,F1,1,,,,,
2026-09-25,2026-09-25,CM,NSE,STK,13680,INE0JM501013,NRL,BE,,,,,NUPUR RECYCLERS LIMITED,161.70,161.70,161.70,161.70,161.70,165.00,,161.70,,,66624,10773100.80,117,F1,1,,,,,
2026-09-25,2026-09-25,CM,NSE,STK,2353,INE0DSF01015,NURECA,BE,,,,,NURECA LIMITED,345.00,354.60,335.00,351.50,349.10,342.35,,351.50,,,13395,4644615.40,259,F1,1,,,,,
2026-09-25,2026-09-25,CM,NSE,STK,18721,INE531F01023,NUVAMA,EQ,,,,,NUVAMA WEALTH MANAGE LTD,1695.00,1722.40,1674.90,1681.40,1675.00,1695.40,,1681.34,,,674021,1148478045.30,23894,F1,1,,,,,
2026-09-25,2026-09-25,CM,NSE,STK,5426,INE118D01016,NUVOCO,EQ,,,,,NUVOCO VISTAS CORP LTD,333.00,337.70,330.20,335.45,335.60,335.00,,335.45,,,204487,68186953.15,12666,F1,1,,,,,
2026-09-25,2026-09-25,CM,NSE,STK,24298,INE0SF023016,NXT-INFRA,IV,,,,,NXT-INFRA TRUST,99.00,99.97,99.00,99.64,99.97,97.50,,99.64,,,900000,89164000.00,9,F1,25000,,,,,
2026-09-25,2026-09-25,CM,NSE,STK,8797,INE426Z01016,OBCL,EQ,,,,,OBCL LIMITED,59.42,59.42,57.01,57.60,57.05,59.42,,57.60,,,365,21487.66,21,F1,1,,,,,
2026-09-25,2026-09-25,CM,NSE,STK,20242,INE093I01010,OBEROIRLTY,EQ,,,,,OBEROI REALTY LIMITED,1837.50,1882.90,1837.50,1858.50,1858.50,1837.50,,1858.38,,,638248,1187475930.20,30814,F1,1,,,,,
2026-09-25,2026-09-25,CM,NSE,STK,25923,INE0YHV01011,OBSCP,SM,,,,,OBSC PERFECTION LIMITED,926.00,942.95,920.05,930.50,932.00,931.25,,930.50,,,17200,15997680.00,42,F1,400,,,,,
2026-09-25,2026-09-25,CM,NSE,STK,25920,INE0PK601023,OCCLLTD,BE,,,,,OCCL LIMITED,158.98,167.67,156.41,167.67,167.67,159.69,,167.67,,,156212,26107126.64,472,F1,1,,,,,
2026-09-25,2026-09-25,CM,NSE,STK,27571,INE054301028,ODIGMA,EQ,,,,,ODIGMA CONSULTANCY SOL L,20.71,21.24,20.65,21.00,20.75,20.96,,21.00,,,11955,249471.00,288,F1,1,,,,,
2026-09-25,2026-09-25,CM,NSE,STK,764803,INE839E01023,ODYCORP,EQ,,,,,ODYSSEY CORPORATION LTD.,7.26,7.26,6.85,7.03,6.91,7.02,,7.03,,,9498,65858.08,86,F1,1,,,,,
2026-09-25,2026-09-25,CM,NSE,STK,2475,INE213A01029,ONGC,EQ,,,,,OIL AND NATURAL GAS CORP.,238.00,238.00,234.71,235.86,235.86,239.00,,235.86,,,5066494,1194752405.41,69285,F1,1,,,,,
2026-09-25,2026-09-25,CM,NSE,STK,8109,INE591A01010,OILCOUNTUB,BE,,,,,OIL COUNTRY TUBULAR LTD.,70.89,72.20,70.89,72.20,72.20,70.89,,72.10,,,26619,1899335.93,80,F1,1,,,,,
2026-09-25,2026-09-25,CM,NSE,STK,17438,INE274J01014,OIL,EQ,,,,,OIL INDIA LTD,476.00,476.65,470.70,475.15,475.15,479.00,,475.13,,,666997,315843562.95,15244,F1,1,,,,,
2026-09-25,2026-09-25,CM,NSE,STK,24777,INE0LXG01040,OLAELEC,EQ,,,,,OLA ELECTRIC MOBILITY LTD,42.50,42.50,38.01,38.48,38.34,42.52,,38.48,,,194568434,7613880798.18,313251,F1,1,,,,,
2026-09-25,2026-09-25,CM,NSE,STK,10637,INE260D01016,OLECTRA,EQ,,,,,OLECTRA GREENTECH LIMITED,1247.00,1247.00,1204.30,1207.20,1209.00,1244.00,,1207.22,,,357307,433866186.00,19608,F1,1,,,,,
2026-09-25,2026-09-25,CM,NSE,STK,759412,INE1BZC01019,OMFREIGHT,BE,,,,,OM FREIGHT FORWARDERS LTD,94.25,94.25,89.10,90.65,90.11,91.83,,90.74,,,3236,291829.97,54,F1,1,,,,,
2026-09-25,2026-09-25,CM,NSE,STK,24231,INE239D01028,OMINFRAL,EQ,,,,,OM INFRA LIMITED,79.19,79.40,77.77,79.03,79.25,78.45,,79.03,,,35345,2771910.15,1217,F1,1,,,,,
2026-09-25,2026-09-25,CM,NSE,STK,762432,INE25E901019,OMPOWER,EQ,,,,,OM POWER TRANSMISSION LTD,166.04,173.00,162.52,168.84,167.62,166.03,,168.79,,,82345,13743194.66,1111,F1,1,,,,,
2026-09-25,2026-09-25,CM,NSE,STK,10922,INE090B01011,OMAXAUTO,EQ,,,,,OMAX AUTOS LTD,202.50,204.90,198.16,200.24,201.00,201.62,,200.26,,,52206,10505860.01,1279,F1,1,,,,,
2026-09-25,2026-09-25,CM,NSE,STK,14853,INE800H01010,OMAXE,EQ,,,,,OMAXE LIMITED,118.00,122.70,116.00,118.53,118.30,117.67,,118.53,,,822641,98512581.49,10223,F1,1,,,,,
2026-09-25,2026-09-25,CM,NSE,STK,760865,INE0UH301010,OMNI,EQ,,,,,OMNITECH ENGINEERING LTD,545.05,551.65,530.05,533.95,531.00,547.85,,533.96,,,316403,170460503.10,12631,F1,1,,,,,
2026-09-25,2026-09-25,CM,NSE,STK,19692,INE00ER01015,ONDOOR,SM,,,,,ON DOOR CONCEPTS LIMITED,265.10,283.50,260.00,265.45,262.50,271.00,,265.45,,,15900,4311120.00,41,F1,300,,,,,
2026-09-25,2026-09-25,CM,NSE,STK,6705,INE982J01020,PAYTM,EQ,,,,,ONE 97 COMMUNICATIONS LTD,1732.50,1747.20,1658.80,1674.00,1674.00,1735.50,,1673.98,,,5174169,8678564665.90,155160,F1,1,,,,,
2026-09-25,2026-09-25,CM,NSE,STK,765242,INE670O01013,ONEGLOBAL,EQ,,,,,ONE GLOBAL SERVICE PROV L,530.00,546.50,520.05,538.75,542.95,530.90,,538.99,,,10827,5780151.45,751,F1,1,,,,,
2026-09-25,2026-09-25,CM,NSE,STK,28046,INE0HLU01028,MOBIKWIK,EQ,,,,,ONE MOBIKWIK SYSTEMS LTD,203.01,203.31,198.80,200.62,200.48,203.80,,200.63,,,832129,166972822.34,10177,F1,1,,,,,
2026-09-25,2026-09-25,CM,NSE,STK,9939,INE840Y01029,ONEPOINT,EQ,,,,,ONE POINT ONE SOL LTD,71.00,72.00,68.63,69.60,69.80,69.31,,69.61,,,5644105,396812915.39,28801,F1,1,,,,,
2026-09-25,2026-09-25,CM,NSE,STK,19386,INE0OPS01011,OLIL,SM,,,,,ONECLICK LOGISTICS IND L,424.00,430.00,418.85,426.45,426.95,422.75,,426.45,,,80000,33641240.00,99,F1,400,,,,,
2026-09-25,2026-09-25,CM,NSE,STK,25496,INE912L01015,ONELIFECAP,BE,,,,,ONELIFE CAP ADVISORS LTD,37.00,37.25,35.23,36.05,35.88,35.81,,36.05,,,125272,4583313.21,138,F1,1,,,,,
2026-09-25,2026-09-25,CM,NSE,STK,763294,INE12F801023,KISSHT,EQ,,,,,ONEMI TECHNOLOGY SOL LTD,337.00,349.95,332.70,348.40,348.35,337.30,,348.40,,,1179779,405624041.00,34560,F1,1,,,,,
2026-09-25,2026-09-25,CM,NSE,STK,29224,INE013P01021,ONESOURCE,EQ,,,,,ONESOURCE SPECL PHARMA L,1601.60,1634.40,1567.00,1602.60,1600.00,1594.60,,1602.54,,,227395,362972689.70,14719,F1,1,,,,,
2026-09-25,2026-09-25,CM,NSE,STK,2202,INE831A01028,ONIDA,EQ,,,,,ONIDA ELECTRONICS LIMITED,33.22,33.99,33.22,33.68,33.80,33.28,,33.68,,,303378,10183726.09,1505,F1,1,,,,,
2026-09-25,2026-09-25,CM,NSE,STK,764808,INE173M01012,ONIXSOLAR,EQ,,,,,ONIX SOLAR ENERGY LTD.,337.85,337.85,337.85,337.85,337.85,321.80,,337.25,,,16312,5511009.20,73,F1,1,,,,,
2026-09-25,2026-09-25,CM,NSE,STK,15282,INE809I01019,ONMOBILE,BE,,,,,ONMOBILE GLOBAL LTD.,51.55,53.29,51.50,52.81,52.69,52.42,,52.81,,,26131,1368549.64,245,F1,1,,,,,
2026-09-25,2026-09-25,CM,NSE,STK,2481,INE229A01017,ONWARDTEC,EQ,,,,,ONWARD TECHNOLOGIES LTD,287.70,291.00,285.10,287.65,291.00,287.25,,289.12,,,7246,2084946.95,268,F1,1,,,,,
2026-09-25,2026-09-25,CM,NSE,STK,21469,INE350C01017,OPTIEMUS,EQ,,,,,OPTIEMUS INFRACOM LTD,775.50,787.30,746.10,758.55,759.85,781.50,,758.52,,,487355,372640444.10,24477,F1,1,,,,,
2026-09-25,2026-09-25,CM,NSE,STK,764813,INE031G01022,OPTIFIN,EQ,,,,,OPTIMUS FINANCE LTD.,14.98,15.40,14.67,14.99,14.99,14.98,,14.99,,,42946,646936.63,169,F1,1,,,,,
2026-09-25,2026-09-25,CM,NSE,STK,764528,INE1JZB01022,OPTIMYSTIX,SM,,,,,OPTIMYSTIX ENT INDIA LTD,132.00,133.00,131.80,132.45,132.75,133.15,,132.45,,,12000,1586040.00,13,F1,800,,,,,
2026-09-25,2026-09-25,CM,NSE,STK,758903,INE15B101011,OPTIVALUE,ST,,,,,OPTIVALUE TEK CONSULT LTD,239.95,239.95,218.10,220.35,221.50,229.55,,220.35,,,54400,12178480.00,31,F1,1600,,,,,
2026-09-25,2026-09-25,CM,NSE,STK,10738,INE881D01027,OFSS,EQ,,,,,ORACLE FIN SERV SOFT LTD.,10782.00,10805.00,10332.00,10770.00,10770.00,10925.00,,10769.15,,,545314,5756223735.00,77477,F1,1,,,,,
2026-09-25,2026-09-25,CM,NSE,STK,31479,INE231G01010,ORBTEXP,BE,,,,,ORBIT EXPORTS LIMITED,227.05,227.10,226.00,226.90,226.90,227.00,,226.90,,,3637,823544.15,31,F1,1,,,,,
2026-09-25,2026-09-25,CM,NSE,STK,29492,INE215B01022,ORCHASP,EQ,,,,,ORCHASP LIMITED,1.38,1.39,1.36,1.38,1.39,1.35,,1.38,,,56162,77539.00,133,F1,1,,,,,
2026-09-25,2026-09-25,CM,NSE,STK,926,INE191A01027,ORCHPHARMA,EQ,,,,,ORCHID PHARMA LIMITED,1102.60,1116.00,1059.30,1064.90,1064.00,1096.15,,1064.90,,,63555,68628753.70,8730,F1,1,,,,,
2026-09-25,2026-09-25,CM,NSE,STK,17882,INE0OUT01027,ORIANA,SM,,,,,ORIANA POWER LIMITED,311.00,343.50,305.05,330.75,332.00,303.70,,330.75,,,1268250,418964662.50,2633,F1,375,,,,,
2026-09-25,2026-09-25,CM,NSE,STK,10159,INE730A01022,ORICONENT,EQ,,,,,ORICON ENTERPRISES LTD,52.99,52.99,51.02,51.40,51.35,51.77,,51.40,,,12725,657761.69,309,F1,1,,,,,
2026-09-25,2026-09-25,CM,NSE,STK,14278,INE607D01018,ORIENTBELL,EQ,,,,,ORIENT BELL LIMITED,388.25,412.00,387.00,407.55,408.70,391.05,,408.20,,,29237,11796721.65,2223,F1,1,,,,,
2026-09-25,2026-09-25,CM,NSE,STK,30089,INE876N01018,ORIENTCEM,EQ,,,,,ORIENT CEMENT LTD.,121.24,123.28,121.24,122.16,122.95,122.32,,122.16,,,491051,60098342.80,5654,F1,1,,,,,
2026-09-25,2026-09-25,CM,NSE,STK,13111,INE569C01020,ORIENTCER,EQ,,,,,ORIENT CERATECH LIMITED,47.29,48.19,47.01,47.80,47.84,46.83,,47.80,,,31332,1495497.45,744,F1,1,,,,,
2026-09-25,2026-09-25,CM,NSE,STK,2972,INE142Z01019,ORIENTELEC,EQ,,,,,ORIENT ELECTRIC LIMITED,163.99,165.00,161.21,162.26,163.39,163.98,,162.27,,,123313,20037772.11,3887,F1,1,,,,,
2026-09-25,2026-09-25,CM,NSE,STK,20110,INE999K01014,GREENPOWER,EQ,,,,,ORIENT GREEN POWER CO LTD,9.00,9.03,8.90,8.96,8.97,9.00,,8.96,,,1845566,16526019.92,3384,F1,1,,,,,
2026-09-25,2026-09-25,CM,NSE,STK,2493,INE750A01020,ORIENTHOT,EQ,,,,,ORIENT HOTELS LTD,139.25,141.53,139.25,140.93,140.00,140.41,,140.93,,,382049,53755945.06,1977,F1,1,,,,,
2026-09-25,2026-09-25,CM,NSE,STK,2496,INE592A01026,ORIENTPPR,EQ,,,,,ORIENT PAPER AND INDS LTD,16.91,17.00,16.57,16.76,16.90,16.80,,16.76,,,183765,3068769.37,1510,F1,1,,,,,
2026-09-25,2026-09-25,CM,NSE,STK,18211,INE609C01024,ORIENTLTD,BE,,,,,ORIENT PRESS LIMITED,76.50,80.88,76.50,80.48,80.48,79.50,,78.83,,,555,43162.72,17,F1,1,,,,,
2026-09-25,2026-09-25,CM,NSE,STK,24961,INE0PPK01015,ORIENTTECH,EQ,,,,,ORIENT TECHNOLOGIES LTD,235.20,238.79,233.00,237.30,236.00,235.20,,237.31,,,143504,33619304.79,1995,F1,1,,,,,
2026-09-25,2026-09-25,CM,NSE,STK,10768,INE959C01023,OAL,EQ,,,,,ORIENTAL AROMATICS LTD,533.05,539.00,522.15,533.65,536.90,532.30,,533.18,,,28203,14947881.05,1297,F1,1,,,,,
2026-09-25,2026-09-25,CM,NSE,STK,764818,INE457G01029,ORIRAIL,EQ,,,,,ORIENTAL RAIL INFRA L,124.10,125.17,120.85,121.12,121.48,125.17,,121.20,,,74506,9114506.90,1195,F1,1,,,,,
2026-09-25,2026-09-25,CM,NSE,STK,14346,INE998H01012,ORIENTALTL,EQ,,,,,ORIENTAL TRIMEX LTD,5.14,5.14,4.92,4.99,5.03,4.96,,5.00,,,34099,170058.67,203,F1,1,,,,,
2026-09-25,2026-09-25,CM,NSE,STK,19931,INE725E01024,ORISSAMINE,EQ,,,,,ORISSA MIN DEV CO LTD,3715.00,3745.00,3675.00,3734.70,3738.00,3716.90,,3734.77,,,4027,14989998.40,985,F1,1,,,,,
2026-09-25,2026-09-25,CM,NSE,STK,759569,INE16NZ01023,ORKLAINDIA,EQ,,,,,ORKLA INDIA LIMITED,550.30,558.45,538.00,555.95,555.00,545.95,,555.97,,,98422,53753353.20,10732,F1,1,,,,,
2026-09-25,2026-09-25,CM,NSE,STK,2979,INE749B01020,ORTINGLOBE,EQ,,,,,ORTIN GLOBAL LIMITED,14.50,15.24,14.50,15.23,14.67,14.75,,15.23,,,2977,44549.46,24,F1,1,,,,,
2026-09-25,2026-09-25,CM,NSE,STK,25386,INE0RMF01018,OSELDEVICE,SM,,,,,OSEL DEVICES LIMITED,392.85,394.75,382.00,385.90,386.00,390.85,,385.90,,,12400,4819880.00,55,F1,200,,,,,
2026-09-25,2026-09-25,CM,NSE,STK,12643,INE06IR01021,OSIAHYPER,BE,,,,,OSIA HYPER RETAIL LIMITED,2.22,2.23,2.11,2.19,2.20,2.21,,2.19,,,358070,779347.10,364,F1,1,,,,,
2026-09-25,2026-09-25,CM,NSE,STK,2514,INE142A01012,OSWALAGRO,EQ,,,,,OSWAL AGRO MILLS LTD,34.05,34.79,33.34,34.00,34.01,33.88,,34.00,,,19413,661878.28,180,F1,1,,,,,
2026-09-25,2026-09-25,CM,NSE,STK,471,INE143A01010,OSWALGREEN,EQ,,,,,OSWAL GREENTECH LIMITED,20.09,20.10,19.70,19.99,20.02,19.90,,19.99,,,54062,1079410.27,528,F1,1,,,,,
2026-09-25,2026-09-25,CM,NSE,STK,756802,INE0BYP01024,OSWALPUMPS,EQ,,,,,OSWAL PUMPS LIMITED,279.90,280.70,273.50,274.95,275.00,280.25,,274.96,,,310754,85512612.95,6235,F1,1,,,,,
2026-09-25,2026-09-25,CM,NSE,STK,22914,INE0R8M01017,OWAIS,ST,,,,,OWAIS METAL & MINERAL,74.50,74.50,72.65,72.65,72.65,74.10,,72.65,,,1800,131695.00,12,F1,100,,,,,
2026-09-25,2026-09-25,CM,NSE,STK,765145,INE501F01018,PBMPOLY,EQ,,,,,P B M POLYTEX LTD.,60.60,67.47,57.97,59.91,58.00,63.68,,59.91,,,464,27957.53,29,F1,1,,,,,
2026-09-25,2026-09-25,CM,NSE,STK,25312,INE953R01016,PNGJL,EQ,,,,,P N GADGIL JEWELLERS LTD,591.20,624.00,579.15,605.50,617.00,591.20,,605.58,,,754981,449935218.50,30966,F1,1,,,,,
2026-09-25,2026-09-25,CM,NSE,STK,764845,INE035S01028,POEL,EQ,,,,,P O C L ENTERPRISES LTD.,146.70,149.00,144.00,145.34,146.50,146.70,,145.51,,,38758,5647380.57,1729,F1,1,,,,,
2026-09-25,2026-09-25,CM,NSE,STK,29662,INE0XUS01020,PSRAJ,SM,,,,,P S RAJ STEELS LIMITED,94.00,99.90,94.00,99.30,99.90,103.90,,99.30,,,17500,1722250.00,6,F1,2500,,,,,
2026-09-25,2026-09-25,CM,NSE,STK,2535,INE179A01014,PGHH,EQ,,,,,P&G HYGIENE & HEALTH CARE,7100.00,7112.00,7011.00,7037.50,7025.00,7093.00,,7037.78,,,15709,110691783.50,5100,F1,1,,,,,
2026-09-25,2026-09-25,CM,NSE,STK,8735,INE0KN801013,PROPEQUITY,SM,,,,,P. E. ANALYTICS LIMITED,192.00,197.05,192.00,192.85,192.85,192.00,,192.85,,,3000,579540.00,4,F1,600,,,,,
2026-09-25,2026-09-25,CM,NSE,STK,759342,INE0S3G01027,PACEDIGITK,EQ,,,,,PACE DIGITEK LIMITED,165.99,167.99,163.97,166.35,166.48,167.36,,166.34,,,473697,78474703.24,6234,F1,1,,,,,
2026-09-25,2026-09-25,CM,NSE,STK,764823,INE883C01025,PACIFICI,EQ,,,,,PACIFIC INDUSTRIES LTD.,140.00,142.00,135.99,141.94,142.00,136.14,,141.94,,,8649,1178713.46,43,F1,1,,,,,
2026-09-25,2026-09-25,CM,NSE,STK,14413,INE761H01022,PAGEIND,EQ,,,,,PAGE INDUSTRIES LTD,37350.00,37845.00,37350.00,37695.00,37695.00,37500.00,,37695.00,,,15467,581799235.00,7608,F1,1,,,,,
2026-09-25,2026-09-25,CM,NSE,STK,25468,INE420C01059,PAISALO,EQ,,,,,PAISALO DIGITAL LIMITED,89.50,90.19,87.30,89.02,89.00,89.45,,89.01,,,7721853,686731963.35,20764,F1,1,,,,,
2026-09-25,2026-09-25,CM,NSE,STK,17197,INE551D01018,PAKKA,EQ,,,,,PAKKA LIMITED,75.90,75.97,74.10,75.06,75.40,76.25,,75.06,,,96390,7207420.31,2251,F1,1,,,,,
2026-09-25,2026-09-25,CM,NSE,STK,21383,INE471W01019,PALASHSECU,EQ,,,,,PALASH SECURITIES LTD,84.00,89.95,84.00,88.92,89.90,84.11,,88.92,,,1078,95527.26,15,F1,1,,,,,
2026-09-25,2026-09-25,CM,NSE,STK,17062,INE218G01033,PALREDTEC,EQ,,,,,PALRED TECHNOLOGIES LTD,47.00,47.37,43.94,46.84,46.85,46.09,,46.90,,,5953,272883.76,57,F1,1,,,,,
2026-09-25,2026-09-25,CM,NSE,STK,4055,INE922B01023,PANACEABIO,EQ,,,,,PANACEA BIOTEC LTD,374.70,378.00,366.00,372.60,372.20,374.75,,372.60,,,74313,27626062.75,3156,F1,1,,,,,
2026-09-25,2026-09-25,CM,NSE,STK,16355,INE895W01019,PANACHE,BE,,,,,PANACHE DIGILIFE LIMITED,514.90,525.00,513.00,525.00,525.00,514.90,,525.00,,,2113,1106910.50,26,F1,1,,,,,
2026-09-25,2026-09-25,CM,NSE,STK,25392,INE305C01029,PANAMAPET,EQ,,,,,PANAMA PETROCHEM LTD,482.50,482.50,471.05,473.40,475.00,480.60,,473.38,,,73939,35134604.20,3244,F1,1,,,,,
2026-09-25,2026-09-25,CM,NSE,STK,764828,INE798F01010,PANCHMAHQ,EQ,,,,,PANCHMAHAL STEEL LTD.,339.00,339.00,288.55,290.10,308.00,305.00,,296.14,,,526,164937.30,32,F1,1,,,,,
2026-09-25,2026-09-25,CM,NSE,STK,765140,INE258R01028,PANORAMA,EQ,,,,,PANORAMA STUDIOS INTL. L,60.00,61.00,56.72,60.46,60.85,59.15,,60.47,,,895953,52717028.53,5061,F1,1,,,,,
2026-09-25,2026-09-25,CM,NSE,STK,6141,INE697V01011,PANSARI,EQ,,,,,PANSARI DEVELOPERS LTD,288.00,290.00,272.10,289.95,289.95,286.90,,289.95,,,212,61242.05,7,F1,1,,,,,
2026-09-25,2026-09-25,CM,NSE,STK,5637,INE04LG01015,PAR,BE,,,,,PAR DRUGS AND CHEM LTD,132.99,134.49,128.11,131.41,133.80,131.31,,131.41,,,9099,1208095.82,138,F1,1,,,,,
2026-09-25,2026-09-25,CM,NSE,STK,9741,INE088F01024,PARADEEP,EQ,,,,,PARADEEP PHOSPHATES LTD,154.50,156.67,154.00,155.49,155.98,154.50,,155.49,,,1465807,227965143.19,26925,F1,1,,,,,
2026-09-25,2026-09-25,CM,NSE,STK,17130,INE883N01014,PARAGMILK,EQ,,,,,PARAG MILK FOODS LTD.,262.00,274.40,256.25,268.90,267.15,258.40,,268.90,,,2825359,754231798.25,42100,F1,1,,,,,
2026-09-25,2026-09-25,CM,NSE,STK,19779,INE0N4G01012,PARAGON,SM,,,,,PARAGON FINE S.C. LTD.,51.95,51.95,50.20,50.60,51.15,53.00,,50.60,,,22800,1159440.00,17,F1,1200,,,,,
2026-09-25,2026-09-25,CM,NSE,STK,13951,INE074B01023,PARACABLES,EQ,,,,,PARAMOUNT COMM LTD,60.69,61.25,58.80,59.81,60.05,60.15,,59.81,,,1852499,110806809.62,12166,F1,1,,,,,
2026-09-25,2026-09-25,CM,NSE,STK,25716,INE0TG801013,PARAMOUNT,SM,,,,,PARAMOUNT DYE TEC LIMITED,36.40,36.40,36.40,36.40,36.40,38.30,,36.40,,,2400,87360.00,2,F1,1200,,,,,
2026-09-25,2026-09-25,CM,NSE,STK,25431,INE0Q6001012,PSFL,SM,,,,,PARAMOUNT SPECIALI FORG L,33.50,34.55,33.50,34.55,34.55,32.50,,34.55,,,8000,274200.00,4,F1,2000,,,,,
2026-09-25,2026-09-25,CM,NSE,STK,5911,INE045601023,PARAS,EQ,,,,,PARAS DEF AND SPCE TECH L,1343.40,1356.90,1312.60,1321.00,1324.00,1343.40,,1321.04,,,527679,702274036.20,28145,F1,1,,,,,
2026-09-25,2026-09-25,CM,NSE,STK,3972,INE162C01024,PARASPETRO,EQ,,,,,PARAS PETROFILS LTD.,2.12,2.12,2.05,2.08,2.08,2.08,,2.08,,,65519,136569.07,197,F1,1,,,,,
2026-09-25,2026-09-25,CM,NSE,STK,766227,INE00U801010,PARIN,EQ,,,,,PARIN ENTERPRISES LIMITED,789.00,789.00,713.05,736.80,731.20,715.00,,736.80,,,143542,105392849.30,2213,F1,1,,,,,
2026-09-25,2026-09-25,CM,NSE,STK,760351,INE119201023,PARKHOSPS,EQ,,,,,PARK MEDI WORLD LIMITED,284.00,288.00,281.05,286.35,287.80,285.00,,286.36,,,722620,205998921.00,9377,F1,1,,,,,
2026-09-25,2026-09-25,CM,NSE,STK,22649,INE988S01028,PARKHOTELS,EQ,,,,,PARKHOTELS,105.70,106.00,102.70,104.90,106.00,105.23,,104.90,,,259036,26922995.50,5130,F1,1,,,,,
2026-09-25,2026-09-25,CM,NSE,STK,764833,INE383L01019,PARNAXLAB,EQ,,,,,PARNAX LAB LTD.,124.00,124.00,111.00,118.22,120.95,123.86,,118.22,,,11075,1303118.78,557,F1,1,,,,,
2026-09-25,2026-09-25,CM,NSE,STK,13795,INE561H01026,PARSVNATH,BE,,,,,PARSVNATH DEVELOPER LTD,1.97,1.98,1.96,1.98,1.98,1.95,,1.99,,,1230480,2430562.90,384,F1,1,,,,,
2026-09-25,2026-09-25,CM,NSE,STK,758217,INE1H7V01011,PARTH,SM,,,,,PARTH ELEC & ENG LTD,512.05,523.00,512.05,514.05,514.05,520.00,,514.05,,,4000,2062840.00,9,F1,400,,,,,
2026-09-25,2026-09-25,CM,NSE,STK,2599,INE06ZX01015,PARTYCRUS,SM,,,,,PARTY CRUISERS LIMITED,99.00,99.00,98.95,98.95,98.95,98.95,,98.95,,,2000,197950.00,2,F1,1000,,,,,
2026-09-25,2026-09-25,CM,NSE,STK,757955,INE124Y01028,PASHUPATI,EQ,,,,,PASHUPATI COTSPIN LIMITED,80.50,83.15,79.02,79.69,79.44,78.94,,79.68,,,268925,21474425.59,3999,F1,1,,,,,
2026-09-25,2026-09-25,CM,NSE,STK,6045,INE818B01023,PASUPTAC,EQ,,,,,PASUPATI ACRYLON LIMITED,76.25,78.79,74.10,75.87,75.00,76.25,,75.90,,,278575,21255109.15,3123,F1,1,,,,,
2026-09-25,2026-09-25,CM,NSE,STK,17029,INE619A01035,PATANJALI,EQ,,,,,PATANJALI FOODS LIMITED,404.85,407.90,401.55,403.95,403.95,404.85,,403.94,,,1648377,666824951.15,55278,F1,1,,,,,
2026-09-25,2026-09-25,CM,NSE,STK,11699,INE244B01030,PATELENG,EQ,,,,,PATEL ENGINEERING LTD.,27.56,27.84,27.20,27.61,27.59,27.68,,27.62,,,1659476,45641081.91,6504,F1,1,,,,,
2026-09-25,2026-09-25,CM,NSE,STK,15219,INE529D01014,PATINTLOG,EQ,,,,,PATEL INT. LOG. LTD,13.80,14.10,13.43,13.59,13.63,14.01,,13.60,,,220678,3043270.98,751,F1,1,,,,,
2026-09-25,2026-09-25,CM,NSE,STK,759439,INE0R8B01010,PATELRMART,EQ,,,,,PATEL RETAIL LIMITED,207.03,207.80,204.25,206.28,205.50,207.03,,206.25,,,13767,2835609.09,588,F1,1,,,,,
2026-09-25,2026-09-25,CM,NSE,STK,756966,INE17GV01016,PATILAUTOM,ST,,,,,PATIL AUTOMATION LIMITED,333.30,352.40,319.00,352.05,352.40,335.65,,352.05,,,76200,26103600.00,85,F1,600,,,,,
2026-09-25,2026-09-25,CM,NSE,STK,762834,INE291E01019,PML,EQ,,,,,PAUL MERCHANTS LTD.,480.05,500.00,470.30,475.15,484.05,483.85,,475.15,,,321,154659.35,64,F1,1,,,,,
2026-09-25,2026-09-25,CM,NSE,STK,759969,INE111F01024,PAUSHAKLTD,EQ,,,,,PAUSHAK LIMITED,679.95,684.90,656.00,667.15,660.30,669.85,,667.19,,,29553,19820711.30,2131,F1,1,,,,,
2026-09-25,2026-09-25,CM,NSE,STK,16192,INE07S101038,PAVNAIND,EQ,,,,,PAVNA INDUSTRIES LIMITED,15.01,15.94,15.01,15.46,15.40,15.29,,15.45,,,29382,457570.87,155,F1,1,,,,,
2026-09-25,2026-09-25,CM,NSE,STK,6656,INE417T01026,POLICYBZR,EQ,,,,,PB FINTECH LIMITED,1160.00,1261.70,1115.00,1166.00,1166.00,1207.20,,1165.97,,,41589859,48952788030.10,789155,F1,1,,,,,
2026-09-25,2026-09-25,CM,NSE,STK,29124,INE785M01021,PCJEWELLER,EQ,,,,,PC JEWELLER LTD,14.35,14.46,14.03,14.11,14.17,14.25,,14.11,,,309343445,4403655162.97,146536,F1,1,,,,,
2026-09-25,2026-09-25,CM,NSE,STK,2649,INE602A01031,PCBL,EQ,,,,,PCBL CHEMICAL LIMITED,339.40,342.95,335.05,339.60,339.00,338.60,,339.60,,,669776,226846283.05,19243,F1,1,,,,,
2026-09-25,2026-09-25,CM,NSE,STK,761819,INE389Z07104,9PCPL28A,N0,,,,,PCPL 9% 2028,9721.00,9721.00,9721.00,9721.00,9721.00,9460.01,,9721.00,,,1,9721.00,1,F1,1,,,,,
2026-09-25,2026-09-25,CM,NSE,STK,5264,INE111Q01021,PDSL,EQ,,,,,PDS LIMITED,357.00,361.00,355.10,357.65,359.00,359.65,,357.66,,,61436,22063323.70,7206,F1,1,,,,,
2026-09-25,2026-09-25,CM,NSE,STK,14260,INE940H01022,PGIL,EQ,,,,,PEARL GLOBAL IND LIMITED,1281.80,1355.00,1274.80,1329.10,1319.00,1273.60,,1329.07,,,477150,632708717.40,39201,F1,1,,,,,
2026-09-25,2026-09-25,CM,NSE,STK,2610,INE844A01013,PEARLPOLY,EQ,,,,,PEARL POLYMERS LTD,18.72,19.12,17.93,18.03,18.00,18.72,,18.03,,,11088,201005.85,68,F1,1,,,,,
2026-09-25,2026-09-25,CM,NSE,STK,25408,INE0VG601013,PELATRO,SM,,,,,PELATRO LIMITED,384.00,388.00,383.50,383.50,383.50,375.10,,383.50,,,3600,1386150.00,10,F1,300,,,,,
2026-09-25,2026-09-25,CM,NSE,STK,2256,INE138A01028,PENINLAND,EQ,,,,,PENINSULA LAND LIMITED,16.98,17.25,16.32,16.70,17.25,16.58,,16.69,,,132272,2197507.94,424,F1,1,,,,,
2026-09-25,2026-09-25,CM,NSE,STK,20621,INE932A01024,PENIND,EQ,,,,,PENNAR INDUSTRIES LTD,179.70,187.40,178.21,184.90,183.80,178.75,,184.90,,,1295945,239778491.00,17568,F1,1,,,,,
2026-09-25,2026-09-25,CM,NSE,STK,17139,INE0ORS01017,PENTAGON,ST,,,,,PENTAGON RUBBER LIMITED,90.00,90.50,90.00,90.50,90.50,90.25,,90.50,,,2000,180500.00,2,F1,1000,,,,,
2026-09-25,2026-09-25,CM,NSE,STK,758121,INE925S01012,PERFECT,SZ,,,,,PERFECT INFRAENGINEER LTD,1.70,1.70,1.70,1.70,1.70,1.65,,1.70,,,6000,10200.00,2,F1,3000,,,,,
2026-09-25,2026-09-25,CM,NSE,STK,764838,INE418E01018,PERMAGN,EQ,,,,,PERMANENT MAGNETS LTD.,847.45,859.00,845.50,852.45,847.00,847.70,,852.27,,,2236,1905076.85,332,F1,1,,,,,
2026-09-25,2026-09-25,CM,NSE,STK,18365,INE262H01021,PERSISTENT,EQ,,,,,PERSISTENT SYSTEMS LTD,5277.00,5385.00,5230.00,5372.00,5372.00,5277.00,,5374.04,,,307915,1638824124.00,26291,F1,1,,,,,
2026-09-25,2026-09-25,CM,NSE,STK,24290,INE998U01015,PCCL,SM,,,,,PETRO CARBON AND CHEMI L,448.00,450.00,445.00,445.30,445.30,445.00,,445.30,,,9600,4304400.00,17,F1,400,,,,,
2026-09-25,2026-09-25,CM,NSE,STK,11351,INE347G01014,PETRONET,EQ,,,,,PETRONET LNG LIMITED,285.35,286.50,283.40,286.50,286.50,286.60,,286.50,,,880374,250928806.55,16012,F1,1,,,,,
2026-09-25,2026-09-25,CM,NSE,STK,2643,INE182A01018,PFIZER,EQ,,,,,PFIZER LTD,4060.00,4066.00,3988.00,4000.80,4005.00,4046.20,,4001.18,,,15786,63215855.60,7324,F1,1,,,,,
2026-09-25,2026-09-25,CM,NSE,STK,25358,INE457L01029,PGEL,EQ,,,,,PG ELECTROPLAST LTD,513.60,520.40,512.05,518.50,518.50,514.45,,518.47,,,483547,249593080.60,10886,F1,1,,,,,
2026-09-25,2026-09-25,CM,NSE,STK,765337,INE0B2O07011,10PGL28,N0,,,,,PGL 10% 2028,9948.00,10650.00,9700.00,10650.00,10650.00,10000.00,,10650.00,,,16,161148.00,3,F1,1,,,,,
2026-09-25,2026-09-25,CM,NSE,STK,11612,INE0MLZ01019,PHANTOMFX,SM,,,,,PHANTOM DIGITAL EFF LTD,88.00,91.40,85.10,90.00,90.00,90.60,,90.00,,,33300,2975370.00,69,F1,300,,,,,
2026-09-25,2026-09-25,CM,NSE,STK,2658,INE245B01011,PHOENXINTL,EQ,,,,,PHOENIX INTERNATIONAL LTD,28.95,28.95,27.85,28.68,28.68,28.33,,28.68,,,470,13198.56,19,F1,1,,,,,
2026-09-25,2026-09-25,CM,NSE,STK,25513,INE0FPO01018,PHOGLOBAL,SM,,,,,PHOENIX OVERSEAS LIMITED,16.00,16.00,16.00,16.00,16.00,16.00,,16.00,,,2000,32000.00,1,F1,2000,,,,,
2026-09-25,2026-09-25,CM,NSE,STK,759723,INE0LP301011,PWL,EQ,,,,,PHYSICSWALLAH LIMITED,132.64,135.50,131.50,134.36,133.00,132.64,,134.36,,,6520141,869635899.07,49712,F1,1,,,,,
2026-09-25,2026-09-25,CM,NSE,STK,24184,INE603J01030,PIIND,EQ,,,,,PI INDUSTRIES LTD,2388.60,2405.60,2362.60,2400.00,2400.00,2393.50,,2400.00,,,446431,1067279543.00,27705,F1,1,,,,,
2026-09-25,2026-09-25,CM,NSE,STK,757754,INE546C01010,PICCADIL,EQ,,,,,PICCADILY AGRO INDUSTRI L,603.20,619.50,603.20,613.00,612.10,601.55,,612.97,,,116320,71309066.00,7749,F1,1,,,,,
2026-09-25,2026-09-25,CM,NSE,STK,24785,INE0YAL01017,PPSL,SM,,,,,PICTUREPOST STUDIOS LTD,2.85,2.90,2.85,2.85,2.85,2.85,,2.85,,,33000,94800.00,10,F1,3000,,,,,
2026-09-25,2026-09-25,CM,NSE,STK,2664,INE318A01026,PIDILITIND,EQ,,,,,PIDILITE INDUSTRIES LTD,1525.00,1530.00,1495.70,1517.20,1517.20,1522.00,,1517.00,,,503315,758703811.70,31006,F1,1,,,,,
2026-09-25,2026-09-25,CM,NSE,STK,30835,INE600A01035,PILITA,EQ,,,,,PIL ITALICA LIFESTYLE LTD,7.55,7.80,7.40,7.71,7.73,7.47,,7.71,,,65850,504089.93,245,F1,1,,,,,
2026-09-25,2026-09-25,CM,NSE,STK,11445,INE417C01014,PILANIINVS,EQ,,,,,PILANI INV & IND COR LTD,3998.60,4040.00,3980.40,4015.00,4040.00,4007.10,,4014.88,,,1020,4087084.60,196,F1,1,,,,,
2026-09-25,2026-09-25,CM,NSE,STK,759820,INE15B701018,PINELABS,EQ,,,,,PINE LABS LIMITED,181.00,182.00,175.46,176.57,176.33,179.31,,176.57,,,17665754,3151901155.57,130191,F1,1,,,,,
2026-09-25,2026-09-25,CM,NSE,STK,13463,INE156C01018,PIONEEREMB,EQ,,,,,PIONEER EMBROIDERIES LTD,21.60,22.36,21.15,21.35,21.27,21.70,,21.35,,,5260,112075.05,61,F1,1,,,,,
2026-09-25,2026-09-25,CM,NSE,STK,762832,INE746D01014,PIONRINV,BE,,,,,PIONEER INVESTCORP LTD.,78.00,81.80,78.00,78.27,78.10,78.57,,78.27,,,843,67610.06,15,F1,1,,,,,
2026-09-25,2026-09-25,CM,NSE,STK,759551,INE202B01038,PIRAMALFIN,EQ,,,,,PIRAMAL FINANCE LIMITED,2104.00,2164.50,2049.00,2142.70,2129.00,2104.30,,2142.83,,,307942,643528891.30,29799,F1,1,,,,,
2026-09-25,2026-09-25,CM,NSE,STK,11571,INE0DK501011,PPLPHARMA,EQ,,,,,PIRAMAL PHARMA LIMITED,208.99,212.40,206.04,210.31,209.75,208.12,,210.30,,,3361746,705386444.22,38745,F1,1,,,,,
2026-09-25,2026-09-25,CM,NSE,STK,14134,INE450D01021,PITTIENG,EQ,,,,,PITTI ENGINEERING LIMITED,1160.00,1184.20,1126.10,1162.40,1160.00,1161.00,,1162.36,,,93537,108398016.60,8111,F1,1,,,,,
2026-09-25,2026-09-25,CM,NSE,STK,9087,INE751B01018,PIXTRANS,EQ,,,,,PIX TRANSMISSIONS LIMITED,1745.10,1745.10,1720.00,1734.80,1727.00,1745.80,,1734.83,,,5689,9833346.60,977,F1,1,,,,,
2026-09-25,2026-09-25,CM,NSE,STK,13920,INE083C01022,PLASTIBLEN,EQ,,,,,PLASTIBLENDS INDIA LTD,190.95,209.70,190.95,202.99,202.86,189.71,,203.01,,,208830,42240928.60,5219,F1,1,,,,,
2026-09-25,2026-09-25,CM,NSE,STK,22930,INE0PT501018,PLATIND,EQ,,,,,PLATINUM INDUSTRIES LTD,215.50,215.50,209.56,210.64,211.00,213.33,,210.69,,,57233,12081664.09,1374,F1,1,,,,,
2026-09-25,2026-09-25,CM,NSE,STK,19458,INE0INJ01017,PLAZACABLE,EQ,,,,,PLAZA WIRES LIMITED,60.55,62.20,59.22,59.94,60.01,60.69,,59.95,,,35030,2107963.99,698,F1,1,,,,,
2026-09-25,2026-09-25,CM,NSE,STK,8736,INE859A01011,PNBGILTS,EQ,,,,,PNB GILTS LIMITED,75.35,75.90,74.26,74.73,74.90,75.35,,74.73,,,191265,14307832.36,1964,F1,1,,,,,
2026-09-25,2026-09-25,CM,NSE,STK,18908,INE572E01012,PNBHOUSING,EQ,,,,,PNB HOUSING FIN LTD.,1090.00,1102.50,1077.20,1094.90,1094.90,1094.50,,1094.81,,,399362,435128840.30,29445,F1,1,,,,,
2026-09-25,2026-09-25,CM,NSE,STK,9385,INE195J01029,PNCINFRA,EQ,,,,,PNC INFRATECH LTD.,136.40,140.75,134.60,135.45,135.20,136.72,,135.44,,,1445306,199038342.37,17587,F1,1,,,,,
2026-09-25,2026-09-25,CM,NSE,STK,9342,INE392B01011,PNC,EQ,,,,,PNC MEDIA AND ENT LTD,16.62,16.95,16.46,16.89,16.93,16.62,,16.89,,,2725,45712.56,52,F1,1,,,,,
2026-09-25,2026-09-25,CM,NSE,STK,760242,INE1RDG01013,PNGSREVA,EQ,,,,,PNGS REVA DIAMOND JEWEL L,528.00,547.40,517.55,524.85,526.50,523.85,,524.93,,,401441,213860411.35,16647,F1,1,,,,,
2026-09-25,2026-09-25,CM,NSE,STK,19036,INE371C01013,PODDARMENT,EQ,,,,,PODDAR PIGMENTS LIMITED,273.80,277.00,270.00,271.40,274.45,275.15,,271.71,,,2454,670740.10,108,F1,1,,,,,
2026-09-25,2026-09-25,CM,NSE,STK,17651,INE637C01025,POKARNA,EQ,,,,,POKARNA LIMITED,729.10,736.40,722.80,728.95,728.85,729.05,,729.11,,,50362,36689015.45,3070,F1,1,,,,,
2026-09-25,2026-09-25,CM,NSE,STK,25718,INE205C01021,POLYMED,EQ,,,,,POLY MEDICURE LIMITED,1714.90,1733.80,1708.50,1724.40,1722.20,1716.00,,1724.39,,,52539,90549324.70,7851,F1,1,,,,,
2026-09-25,2026-09-25,CM,NSE,STK,9590,INE455K01017,POLYCAB,EQ,,,,,POLYCAB INDIA LIMITED,8394.00,8463.00,8350.00,8408.50,8408.50,8366.50,,8408.34,,,296612,2491136881.00,31619,F1,1,,,,,
2026-09-25,2026-09-25,CM,NSE,STK,2687,INE633B01018,POLYPLEX,EQ,,,,,POLYPLEX CORPORATION LTD,1091.60,1097.20,1080.00,1086.20,1083.00,1097.40,,1086.20,,,25252,27449677.90,1780,F1,1,,,,,
2026-09-25,2026-09-25,CM,NSE,STK,22711,INE517M01028,POLYSIL,SM,,,,,POLYSIL IRRIGATION SYST L,62.55,62.55,59.40,60.90,60.55,59.60,,60.90,,,177500,10972125.00,161,F1,500,,,,,
2026-09-25,2026-09-25,CM,NSE,STK,765150,INE914G01029,POLYSPIN,EQ,,,,,POLYSPIN EXPORTS LTD.,30.35,32.46,28.36,28.98,28.98,30.35,,28.98,,,358,10491.37,30,F1,1,,,,,
2026-09-25,2026-09-25,CM,NSE,STK,14385,INE063E01061,POCL,EQ,,,,,PONDY OXIDES & CHEM LTD,470.00,472.00,454.30,466.80,465.35,468.85,,466.91,,,359098,166185035.80,13396,F1,1,,,,,
2026-09-25,2026-09-25,CM,NSE,STK,10661,INE838E01017,PONNIERODE,EQ,,,,,PONNIE SUGARS (ERODE) LTD,382.00,406.65,376.10,399.80,397.00,380.60,,399.80,,,132564,52269036.70,6576,F1,1,,,,,
2026-09-25,2026-09-25,CM,NSE,STK,11403,INE511C01022,POONAWALLA,EQ,,,,,POONAWALLA FINCORP LTD,464.80,469.90,453.20,461.55,461.60,466.80,,461.55,,,1477854,676063290.05,26052,F1,1,,,,,
2026-09-25,2026-09-25,CM,NSE,STK,23142,INE772T01024,PVSL,EQ,,,,,POPULAR VEHICLES N SER L,100.00,100.59,98.33,98.67,98.50,98.62,,98.66,,,12411,1236822.09,403,F1,1,,,,,
2026-09-25,2026-09-25,CM,NSE,STK,24864,INE0S3H01017,POSITRON,SM,,,,,POSITRON ENERGY LIMITED,241.00,245.00,235.00,235.00,235.00,238.25,,235.00,,,7500,1814340.00,24,F1,300,,,,,
2026-09-25,2026-09-25,CM,NSE,STK,14299,INE134E01011,PFC,EQ,,,,,POWER FIN CORP LTD.,340.00,340.05,336.30,338.00,338.00,339.35,,338.02,,,8623661,2914155326.10,70604,F1,1,,,,,
2026-09-25,2026-09-25,CM,NSE,STK,14977,INE752E01010,POWERGRID,EQ,,,,,POWER GRID CORP. LTD.,268.70,269.75,266.90,269.50,269.50,266.40,,269.50,,,6241140,1676174719.35,50721,F1,1,,,,,
2026-09-25,2026-09-25,CM,NSE,STK,15716,INE557Z01018,PIGL,EQ,,,,,POWER INSTRUMENT (G) LTD,102.63,102.63,99.50,100.47,101.00,102.63,,100.64,,,88650,8891262.60,778,F1,1,,,,,
2026-09-25,2026-09-25,CM,NSE,STK,10473,INE211R01019,POWERMECH,EQ,,,,,POWER MECH PROJECTS LTD.,2429.50,2439.70,2386.10,2407.30,2410.00,2429.50,,2407.36,,,20848,50264064.80,5631,F1,1,,,,,
2026-09-25,2026-09-25,CM,NSE,STK,3494,INE0GGX23010,PGINVIT,IV,,,,,POWERGRID INFRA. INVITS,102.30,102.50,101.80,101.91,101.85,101.94,,101.91,,,904445,92279353.68,5222,F1,1,,,,,
2026-09-25,2026-09-25,CM,NSE,STK,761680,INE921L01032,POWERICA,EQ,,,,,POWERICA LIMITED,567.00,590.00,567.00,582.95,584.90,562.85,,582.71,,,200960,116513268.35,8924,F1,1,,,,,
2026-09-25,2026-09-25,CM,NSE,STK,15213,INE095I01015,PPAP,BE,,,,,PPAP AUTOMOTIVE LIMITED,262.00,262.00,244.20,246.25,249.00,253.50,,246.37,,,5323,1317677.20,136,F1,1,,,,,
2026-09-25,2026-09-25,CM,NSE,STK,30134,INE0I0M01023,PRABHA,EQ,,,,,PRABHA ENERGY LIMITED,224.80,234.00,222.40,230.87,234.00,225.76,,230.88,,,161400,37072707.42,2020,F1,1,,,,,
2026-09-25,2026-09-25,CM,NSE,STK,762842,INE770A01010,PRADPME,BE,,,,,PRADEEP METALS LTD.,505.50,519.80,490.00,494.35,495.00,505.50,,494.35,,,15023,7558152.30,202,F1,1,,,,,
2026-09-25,2026-09-25,CM,NSE,STK,2705,INE074A01025,PRAJIND,EQ,,,,,PRAJ INDUSTRIES LTD,316.05,318.85,311.95,315.90,315.90,316.10,,315.91,,,337732,106585168.80,11142,F1,1,,,,,
2026-09-25,2026-09-25,CM,NSE,STK,13941,INE505C01016,PRAENG,EQ,,,,,PRAJAY ENG. SYN. LTD.,22.87,24.80,22.31,23.70,23.64,22.86,,23.75,,,254874,6051558.74,707,F1,1,,,,,
2026-09-25,2026-09-25,CM,NSE,STK,2708,INE603A01013,PRAKASH,EQ,,,,,PRAKASH INDUSTRIES LTD,119.00,122.40,117.48,118.81,118.50,117.68,,118.81,,,464030,55402685.78,6138,F1,1,,,,,
2026-09-25,2026-09-25,CM,NSE,STK,10299,INE050001010,PPL,BE,,,,,PRAKASH PIPES LIMITED,267.00,271.50,260.05,263.05,265.00,265.95,,263.00,,,13411,3560767.75,243,F1,1,,,,,
2026-09-25,2026-09-25,CM,NSE,STK,19599,INE696K01024,PRAKASHSTL,EQ,,,,,PRAKASH STEELAGE LTD,3.55,3.70,3.55,3.62,3.63,3.68,,3.62,,,75243,273988.59,349,F1,1,,,,,
2026-09-25,2026-09-25,CM,NSE,STK,18514,INE0O7A01017,PRAMARA,SM,,,,,PRAMARA PROMOTIONS LTD,102.60,102.60,102.60,102.60,102.60,97.75,,102.60,,,15500,1590300.00,14,F1,500,,,,,
2026-09-25,2026-09-25,CM,NSE,STK,765287,INE2JG601017,PRAMODINI,SM,,,,,PRAMODINI MEDICARE LTD,114.15,117.90,114.15,115.10,115.00,114.55,,115.10,,,33600,3901920.00,27,F1,1200,,,,,
2026-09-25,2026-09-25,CM,NSE,STK,766000,INE0H4201019,PRANAV,EQ,,,,,PRANAV CONSTRUCTIONS LTD,100.00,102.49,98.36,100.64,102.00,100.19,,100.65,,,2484193,248791763.80,20742,F1,1,,,,,
2026-09-25,2026-09-25,CM,NSE,STK,766016,INE455U01024,PRASOLCHEM,EQ,,,,,PRASOL CHEMICALS LIMITED,721.00,769.00,718.05,756.00,755.10,720.70,,755.84,,,475369,357510871.45,25628,F1,1,,,,,
2026-09-25,2026-09-25,CM,NSE,STK,21840,INE393P01035,DIAMONDYD,EQ,,,,,PRATAAP SNACKS LIMITED,1065.30,1084.50,1058.40,1071.00,1079.90,1065.30,,1071.49,,,3449,3687043.50,473,F1,1,,,,,
2026-09-25,2026-09-25,CM,NSE,STK,23113,INE0QA601016,PRATHAM,SM,,,,,PRATHAM EPC PROJECTS LTD,121.25,126.00,121.25,126.00,126.00,121.70,,126.00,,,3200,400880.00,7,F1,400,,,,,
2026-09-25,2026-09-25,CM,NSE,STK,762844,INE722B01019,PRAVEG,EQ,,,,,PRAVEG LTD.,262.90,263.55,257.00,259.25,258.35,259.30,,259.26,,,12486,3245526.95,446,F1,1,,,,,
2026-09-25,2026-09-25,CM,NSE,STK,1204,INE546Y01022,PRAXIS,EQ,,,,,PRAXIS HOME RETAIL LTD,4.65,4.67,4.47,4.67,4.67,4.45,,4.67,,,141877,659428.93,186,F1,1,,,,,
2026-09-25,2026-09-25,CM,NSE,STK,12603,INE484I01029,PRECAM,EQ,,,,,PRECISION CAMSHAFTS LTD.,119.99,121.00,117.62,120.66,120.51,119.99,,120.66,,,77805,9280320.90,1855,F1,1,,,,,
2026-09-25,2026-09-25,CM,NSE,STK,2717,INE372C01037,PRECWIRE,EQ,,,,,PRECISION WIRES INDIA LTD,488.85,508.20,488.00,502.60,503.00,488.90,,502.58,,,619641,310914821.50,27976,F1,1,,,,,
2026-09-25,2026-09-25,CM,NSE,STK,2711,INE283A01014,PRECOT,EQ,,,,,PRECOT LIMITED,639.70,649.15,635.30,640.70,649.15,634.45,,640.70,,,1851,1181791.45,91,F1,1,,,,,
2026-09-25,2026-09-25,CM,NSE,STK,762849,INE001E01012,PREMCO,EQ,,,,,PREMCO GLOBAL LTD.,402.30,402.30,393.35,395.35,395.05,402.30,,395.50,,,873,346527.25,76,F1,1,,,,,
2026-09-25,2026-09-25,CM,NSE,STK,25049,INE0BS701011,PREMIERENE,EQ,,,,,PREMIER ENERGIES LIMITED,894.00,900.00,884.60,896.40,896.40,898.00,,896.41,,,455438,406668865.30,15439,F1,1,,,,,
2026-09-25,2026-09-25,CM,NSE,STK,17397,INE863B01029,PREMEXPLN,EQ,,,,,PREMIER EXPLOSIVES LTD,680.95,683.40,678.10,680.35,680.95,680.50,,680.35,,,97193,66121629.25,2063,F1,1,,,,,
2026-09-25,2026-09-25,CM,NSE,STK,6248,INE342A01018,PREMIER,BE,,,,,PREMIER LIMITED,2.99,2.99,2.80,2.80,2.80,2.93,,2.89,,,1392,3929.55,36,F1,1,,,,,
2026-09-25,2026-09-25,CM,NSE,STK,3908,INE309M01020,PREMIERPOL,EQ,,,,,PREMIER POLYFILM LTD,102.00,102.67,94.20,95.40,94.70,100.51,,95.40,,,784231,76105014.51,13825,F1,1,,,,,
2026-09-25,2026-09-25,CM,NSE,STK,23764,INE0CFG01012,PRLIND,SM,,,,,PREMIER ROADLINES LIMITED,46.10,46.15,45.00,45.95,45.95,48.45,,45.95,,,13000,594400.00,12,F1,1000,,,,,
2026-09-25,2026-09-25,CM,NSE,STK,25898,INE0M1F01011,PREMIUM,SM,,,,,PREMIUM PLAST LIMITED,44.00,44.70,43.00,44.05,44.70,42.45,,44.05,,,327000,14401500.00,71,F1,3000,,,,,
2026-09-25,2026-09-25,CM,NSE,STK,20498,INE0R1601012,PRESSTONIC,SM,,,,,PRESSTONIC ENGINEERING L,48.55,52.50,48.00,52.50,52.50,47.75,,52.50,,,320000,16415680.00,296,F1,800,,,,,
2026-09-25,2026-09-25,CM,NSE,STK,20302,INE811K01011,PRESTIGE,EQ,,,,,PRESTIGE ESTATE LTD,1470.00,1486.90,1449.50,1477.80,1477.80,1475.00,,1477.76,,,312842,458203012.70,18284,F1,1,,,,,
2026-09-25,2026-09-25,CM,NSE,STK,19631,INE726V01018,PRICOLLTD,EQ,,,,,PRICOL LIMITED,763.80,777.20,752.00,759.40,759.20,763.80,,759.37,,,143267,109443534.05,9352,F1,1,,,,,
2026-09-25,2026-09-25,CM,NSE,STK,759075,INE0CQA01020,PRIMECAB,ST,,,,,PRIME CABLE INDUSTRIES L,171.00,173.95,170.05,171.10,170.05,168.50,,171.10,,,36800,6334240.00,21,F1,1600,,,,,
2026-09-25,2026-09-25,CM,NSE,STK,13496,INE367G01038,PFOCUS,EQ,,,,,PRIME FOCUS LIMITED,316.50,323.90,306.10,315.45,316.00,318.75,,315.41,,,4224123,1338840015.75,39358,F1,1,,,,,
2026-09-25,2026-09-25,CM,NSE,STK,11864,INE032B01021,PRIMESECU,EQ,,,,,PRIME SECURITIES LIMITED,299.65,309.00,295.55,301.90,303.05,299.70,,301.97,,,39045,11781480.65,627,F1,1,,,,,
2026-09-25,2026-09-25,CM,NSE,STK,756925,INE607A01022,PRIMO,EQ,,,,,PRIMO CHEMICALS LIMITED,23.40,25.50,22.65,25.28,25.27,22.29,,25.28,,,1374230,34083660.07,5233,F1,1,,,,,
2026-09-25,2026-09-25,CM,NSE,STK,16045,INE689W01016,PRINCEPIPE,EQ,,,,,PRINCE PIPES FITTINGS LTD,261.20,263.40,256.95,261.80,263.00,259.80,,261.80,,,78264,20385250.00,2723,F1,1,,,,,
2026-09-25,2026-09-25,CM,NSE,STK,765558,INE15EH01014,PRIORITY,EQ,,,,,PRIORITY JEWELS LIMITED,303.36,329.55,286.20,311.73,311.00,303.99,,311.64,,,1392680,431153939.69,45977,F1,1,,,,,
2026-09-25,2026-09-25,CM,NSE,STK,2739,INE010A01011,PRSMJOHNSN,EQ,,,,,PRISM JOHNSON LIMITED,115.01,116.80,114.50,116.31,115.85,115.24,,116.30,,,221858,25669009.31,4134,F1,1,,,,,
2026-09-25,2026-09-25,CM,NSE,STK,765155,INE286N01028,PRISMX,EQ,,,,,PRISMX GLOBAL VENTURES L,0.52,0.53,0.51,0.52,0.52,0.51,,0.53,,,160921,83815.07,84,F1,1,,,,,
2026-09-25,2026-09-25,CM,NSE,STK,8304,INE974Z01015,PRITI,EQ,,,,,PRITI INTERNATIONAL LTD,32.95,34.25,32.62,33.78,33.83,32.61,,33.78,,,3804,126926.96,101,F1,1,,,,,
2026-09-25,2026-09-25,CM,NSE,STK,5296,INE583R01029,PRITIKAUTO,BE,,,,,PRITIKA AUTO INDUS LTD,17.67,17.67,16.41,17.16,17.34,17.13,,17.16,,,245999,4178383.80,466,F1,1,,,,,
2026-09-25,2026-09-25,CM,NSE,STK,12971,INE0MJQ01020,PRITIKA,SM,,,,,PRITIKA ENG COMPO LTD,63.00,63.00,62.80,62.80,62.80,63.00,,62.80,,,8000,502800.00,3,F1,2000,,,,,
2026-09-25,2026-09-25,CM,NSE,STK,8825,INE959A01019,PRIVISCL,EQ,,,,,PRIVI SPECIALITY CHE LTD,3524.20,3625.00,3510.30,3594.10,3596.00,3537.90,,3594.14,,,97623,350433708.50,18871,F1,1,,,,,
2026-09-25,2026-09-25,CM,NSE,STK,24511,INE0V9N01017,PRIZOR,ST,,,,,PRIZOR VIZTECH LIMITED,1107.00,1128.10,1107.00,1128.10,1128.10,1106.00,,1128.10,,,7200,8088200.00,17,F1,400,,,,,
2026-09-25,2026-09-25,CM,NSE,STK,757806,INE0VJT01017,PROFX,SM,,,,,PRO FX TECH LIMITED,72.70,72.90,72.70,72.75,72.90,70.00,,72.75,,,9600,698560.00,3,F1,1600,,,,,
2026-09-25,2026-09-25,CM,NSE,STK,940,INE199A01012,PGHL,EQ,,,,,PROCTER & GAMBLE HEALTH L,5430.00,5450.00,5400.00,5406.00,5400.00,5416.50,,5406.80,,,3567,19307459.00,1276,F1,1,,,,,
2026-09-25,2026-09-25,CM,NSE,STK,19352,INE994V01012,PROLIFE,SM,,,,,PROLIFE INDUSTRIES LTD,80.00,80.00,80.00,80.00,80.00,80.00,,80.00,,,3500,280000.00,2,F1,500,,,,,
2026-09-25,2026-09-25,CM,NSE,STK,764345,INE1FFX01018,PROPSHOP,SM,,,,,PROPSHOP EVENTS AND EXH L,71.65,73.35,70.00,71.75,70.00,71.65,,71.75,,,34000,2438400.00,12,F1,2000,,,,,
2026-09-25,2026-09-25,CM,NSE,STK,758173,INE0BX301013,PROSTARM,EQ,,,,,PROSTARM INFO SYSTEMS LTD,139.26,144.00,135.31,141.17,142.00,139.26,,141.17,,,798903,112702849.48,12394,F1,1,,,,,
2026-09-25,2026-09-25,CM,NSE,STK,29472,INE004A01022,PROTEAN,EQ,,,,,PROTEAN EGOV TECHNO LTD,643.00,695.15,627.00,690.70,695.00,641.95,,690.65,,,3560004,2402311787.20,77972,F1,1,,,,,
2026-09-25,2026-09-25,CM,NSE,STK,28859,INE195N01013,PROZONER,EQ,,,,,PROZONE REALTY LIMITED,54.43,57.99,53.50,56.75,56.97,54.16,,56.75,,,1125326,62632334.33,6352,F1,1,,,,,
2026-09-25,2026-09-25,CM,NSE,STK,9553,INE00F201020,PRUDENT,EQ,,,,,PRUDENT CORP ADV SER LTD,3213.00,3219.60,3075.50,3097.90,3102.70,3219.60,,3097.08,,,56132,174876741.80,11952,F1,1,,,,,
2026-09-25,2026-09-25,CM,NSE,STK,20527,INE024D01016,PRUDMOULI,EQ,,,,,PRUDENTIAL SUGAR CORPORAT,14.00,14.19,13.55,13.93,13.90,13.67,,13.93,,,11847,165302.44,60,F1,1,,,,,
2026-09-25,2026-09-25,CM,NSE,STK,20877,INE488V01015,PSPPROJECT,EQ,,,,,PSP PROJECTS LIMITED,802.60,815.90,794.55,806.65,799.00,802.60,,806.87,,,46119,37135530.30,3097,F1,1,,,,,
2026-09-25,2026-09-25,CM,NSE,STK,22602,INE560K01014,PFS,EQ,,,,,PTC INDIA FIN SERV LTD,27.40,27.40,26.24,26.37,26.37,26.93,,26.37,,,347305,9196807.41,3107,F1,1,,,,,
2026-09-25,2026-09-25,CM,NSE,STK,11355,INE877F01012,PTC,EQ,,,,,PTC INDIA LIMITED,156.35,156.48,154.45,155.09,155.60,155.89,,155.09,,,997223,154656864.71,11760,F1,1,,,,,
2026-09-25,2026-09-25,CM,NSE,STK,16682,INE596F01018,PTCIL,EQ,,,,,PTC INDUSTRIES LIMITED,21870.00,22155.00,21515.00,21810.00,21795.00,21820.00,,21809.85,,,10588,230945395.00,4330,F1,1,,,,,
2026-09-25,2026-09-25,CM,NSE,STK,14101,INE034D01049,PTL,EQ,,,,,PTL ENTERPRISES LTD,38.19,38.27,38.05,38.24,38.25,38.19,,38.24,,,16942,647488.19,747,F1,1,,,,,
2026-09-25,2026-09-25,CM,NSE,STK,15377,INE865T01018,PDMJEPAPER,EQ,,,,,PUDUMJEE PAPER PRO. LTD,96.29,96.29,91.80,94.47,94.95,95.45,,94.36,,,157250,14777998.61,2702,F1,1,,,,,
2026-09-25,2026-09-25,CM,NSE,STK,507,INE335X01014,PULZ,SM,,,,,PULZ ELECTRONICS LIMITED,20.45,20.45,20.45,20.45,20.45,20.45,,20.45,,,4000,81800.00,2,F1,2000,,,,,
2026-09-25,2026-09-25,CM,NSE,STK,21001,INE608A01012,PSB,EQ,,,,,PUNJAB & SIND BANK,21.80,21.88,21.65,21.82,21.79,21.78,,21.82,,,533659,11606024.26,3020,F1,1,,,,,
2026-09-25,2026-09-25,CM,NSE,STK,4344,INE277B01014,PUNJABCHEM,EQ,,,,,PUNJAB CHEM & CROP PROT L,1051.70,1086.30,1051.00,1077.60,1082.00,1054.10,,1076.86,,,3752,4019680.00,361,F1,1,,,,,
2026-09-25,2026-09-25,CM,NSE,STK,10666,INE160A01022,PNB,EQ,,,,,PUNJAB NATIONAL BANK,117.12,118.01,116.23,116.60,116.60,117.12,,116.60,,,8069096,942468444.74,36017,F1,1,,,,,
2026-09-25,2026-09-25,CM,NSE,STK,14922,INE323I01011,PURVA,EQ,,,,,PURAVANKARA LIMITED,216.63,216.63,212.37,213.87,212.37,215.06,,213.86,,,78727,16818888.68,2472,F1,1,,,,,
2026-09-25,2026-09-25,CM,NSE,STK,765568,INE0I1B01016,PERNIASPOP,EQ,,,,,PURPLE STYLE LABS LIMITED,518.90,553.35,501.05,545.55,542.25,530.40,,545.62,,,398066,211566243.90,16322,F1,1,,,,,
2026-09-25,2026-09-25,CM,NSE,STK,28044,INE0P5R01014,PURPLEUTED,ST,,,,,PURPLE UNITED SALES LTD,495.50,505.00,461.00,492.65,486.00,482.05,,492.65,,,21250,10412387.50,70,F1,250,,,,,
2026-09-25,2026-09-25,CM,NSE,STK,22938,INE0R6C01012,PURVFLEXI,SM,,,,,PURV FLEXIPACK LIMITED,43.35,43.35,43.35,43.35,43.35,45.60,,43.35,,,1600,69360.00,2,F1,800,,,,,
2026-09-25,2026-09-25,CM,NSE,STK,757683,INE154801018,PUSHPA,SM,,,,,PUSHPA JEWELLERS LIMITED,104.00,115.00,103.00,114.35,114.45,106.35,,114.35,,,81000,8761150.00,75,F1,1000,,,,,
2026-09-25,2026-09-25,CM,NSE,STK,4010,INE362A01016,PVP,EQ,,,,,PVP VENTURES LIMITED,61.94,63.49,61.94,61.94,61.94,65.20,,61.94,,,2454711,152506221.03,3846,F1,1,,,,,
2026-09-25,2026-09-25,CM,NSE,STK,13147,INE191H01014,PVRINOX,EQ,,,,,PVR INOX LIMITED,1264.90,1292.00,1245.00,1254.60,1258.00,1256.70,,1253.99,,,374832,473237743.20,21303,F1,1,,,,,
2026-09-25,2026-09-25,CM,NSE,STK,18250,INE0MIS01010,PYRAMID,EQ,,,,,PYRAMID TECHNOPLAST LTD,160.08,164.38,158.41,162.29,162.95,161.52,,162.27,,,29578,4773223.71,1109,F1,1,,,,,
2026-09-25,2026-09-25,CM,NSE,STK,763594,INE1G2W01011,QLINE,SM,,,,,Q-LINE BIOTECH LIMITED,670.00,684.95,661.65,668.45,668.75,674.85,,668.45,,,56800,38038960.00,130,F1,400,,,,,
2026-09-25,2026-09-25,CM,NSE,STK,751653,INE0FMW01018,QMSMEDI,BE,,,,,QMS MEDICAL ALLIED S LTD,187.00,199.90,186.90,196.64,199.00,192.54,,196.64,,,82555,15987237.55,473,F1,1,,,,,
2026-09-25,2026-09-25,CM,NSE,STK,5875,INE0GOJ01027,QUADPRO,ST,,,,,QUADPRO ITES LIMITED,4.00,4.00,4.00,4.00,4.00,3.85,,4.00,,,24000,96000.00,2,F1,12000,,,,,
2026-09-25,2026-09-25,CM,NSE,STK,29087,INE0LRY01011,QUADFUTURE,EQ,,,,,QUADRANT FUTURE TEK LTD,502.85,559.70,492.60,547.50,541.30,500.40,,547.48,,,1950037,1045980671.35,57343,F1,1,,,,,
2026-09-25,2026-09-25,CM,NSE,STK,765988,INE1XJ401012,QUALIANCE,ST,,,,,QUALIANCE INTERNATIONAL L,193.00,200.30,182.05,187.00,187.80,191.60,,187.00,,,133000,25201350.00,104,F1,1000,,,,,
2026-09-25,2026-09-25,CM,NSE,STK,14613,INE0O1M01015,QFIL,SM,,,,,QUALITY FOILS (INDIA) LTD,52.35,52.35,52.35,52.35,52.35,55.10,,52.35,,,3000,157050.00,3,F1,1000,,,,,
2026-09-25,2026-09-25,CM,NSE,STK,29711,INE0SII01026,QPOWER,EQ,,,,,QUALITY POWER ELEC EQUP L,1502.00,1535.00,1482.00,1517.80,1525.00,1500.10,,1517.95,,,161416,243946432.80,14183,F1,1,,,,,
2026-09-25,2026-09-25,CM,NSE,STK,15330,INF082J01408,QGOLDHALF,EQ,,,,,QUANTUM GOLD ETF,124.79,124.90,123.80,124.80,124.80,123.65,,124.80,,,126885,15822547.15,583,F1,1,,,,,
2026-09-25,2026-09-25,CM,NSE,STK,16819,INF082J01499,QNIFTY,EQ,,,,,QUANTUM NIFTY 50 ETF,259.78,259.78,253.20,254.68,256.20,254.69,,254.69,,,5549,1412795.73,118,F1,1,,,,,
2026-09-25,2026-09-25,CM,NSE,STK,765392,INF966L01EI5,SILVER001,EQ,,,,,QUANT_AMC - SILVER001,22.99,23.20,22.72,23.20,23.20,22.82,,23.20,,,23474,538191.44,48,F1,1,,,,,
2026-09-25,2026-09-25,CM,NSE,STK,17704,INE615P01015,QUESS,EQ,,,,,QUESS CORP LIMITED,355.00,355.00,329.20,340.90,342.85,353.40,,340.90,,,1520564,512991238.10,40260,F1,1,,,,,
2026-09-25,2026-09-25,CM,NSE,STK,23793,INE0TNW01017,QUESTLAB,SM,,,,,QUEST LABORATORIES LTD,93.45,98.50,86.55,87.05,86.55,90.10,,87.05,,,50400,4742520.00,39,F1,1200,,,,,
2026-09-25,2026-09-25,CM,NSE,STK,13116,INE306L01010,QUICKHEAL,EQ,,,,,QUICK HEAL TECH LTD,146.02,148.49,145.55,147.04,147.25,147.90,,147.06,,,74851,10983170.69,1848,F1,1,,,,,
2026-09-25,2026-09-25,CM,NSE,STK,15285,INE0K4D01020,QUICKTOUCH,SM,,,,,QUICKTOUCH TECHNOLOGIES L,16.50,16.50,15.20,15.50,15.50,16.00,,15.50,,,12500,197400.00,13,F1,500,,,,,
2026-09-25,2026-09-25,CM,NSE,STK,762857,INE641R01017,QUINT,BE,,,,,QUINT DIGITAL LTD.,90.00,90.00,84.36,84.36,84.36,88.80,,84.36,,,26183,2272278.84,143,F1,1,,,,,
2026-09-25,2026-09-25,CM,NSE,STK,24957,INE0KZF01015,QVCEL,SM,,,,,QVC EXPORTS LIMITED,24.00,24.00,24.00,24.00,24.00,24.40,,24.00,,,1600,38400.00,1,F1,1600,,,,,
2026-09-25,2026-09-25,CM,NSE,STK,23043,INE0NQ801033,RKSWAMY,EQ,,,,,R K SWAMY LIMITED,90.75,94.49,90.05,90.59,90.11,91.72,,90.59,,,24773,2258022.96,389,F1,1,,,,,
2026-09-25,2026-09-25,CM,NSE,STK,757836,INE219Y01026,RMDRIP,BE,,,,,R M DRIP & SPRINK SYS LTD,23.50,23.99,23.50,23.62,23.76,23.50,,23.70,,,233249,5486542.03,329,F1,1,,,,,
2026-09-25,2026-09-25,CM,NSE,STK,762864,INE951M01037,RRIL,EQ,,,,,R R I L LTD.,16.20,16.25,15.30,16.01,15.95,16.17,,16.20,,,17486,277752.85,99,F1,1,,,,,
2026-09-25,2026-09-25,CM,NSE,STK,18566,INE777K01022,RRKABEL,EQ,,,,,R R KABEL LIMITED,2550.00,2567.70,2482.60,2528.30,2529.90,2529.80,,2528.23,,,206897,521578437.40,22384,F1,1,,,,,
2026-09-25,2026-09-25,CM,NSE,STK,762872,INE616F01022,RSDFIN,BE,,,,,R S D FINANCE LTD.,94.49,94.49,94.00,94.49,94.49,90.00,,94.55,,,2501,236253.57,8,F1,1,,,,,
2026-09-25,2026-09-25,CM,NSE,STK,13414,INE411H01032,RSYSTEMS,EQ,,,,,R SYS INTERNATIONAL LTD,237.42,239.88,232.26,235.62,237.00,237.43,,235.62,,,128718,30275261.12,3292,F1,1,,,,,
2026-09-25,2026-09-25,CM,NSE,STK,764855,INE005C01017,RTSPOWR,EQ,,,,,R T S POWER CORPN. LTD.,90.00,104.59,90.00,104.59,104.59,87.16,,104.59,,,14220,1477366.56,143,F1,1,,,,,
2026-09-25,2026-09-25,CM,NSE,STK,758984,INE012Q01039,RNBDENIMS,BE,,,,,R&B DENIMS LIMITED,9.37,9.37,9.01,9.04,9.14,9.14,,9.04,,,140860,1283605.17,401,F1,1,,,,,
2026-09-25,2026-09-25,CM,NSE,STK,6429,INE165B01029,RSSOFTWARE,EQ,,,,,R. S. SOFTWARE (INDIA) LI,31.60,31.69,29.96,30.56,30.35,31.24,,30.56,,,24481,744990.26,187,F1,1,,,,,
2026-09-25,2026-09-25,CM,NSE,STK,20760,INE324L01013,RPPINFRA,EQ,,,,,R.P.P INFRA PROJECTS LTD,53.25,54.95,53.00,53.63,53.52,54.41,,53.63,,,57550,3073931.23,651,F1,1,,,,,
2026-09-25,2026-09-25,CM,NSE,STK,762244,INE2PB023011,RIIT,IV,,,,,RAAJMARG INFRA INVEST T,118.91,121.22,118.91,119.36,120.00,118.91,,119.37,,,470877,56505670.00,6067,F1,1,,,,,
2026-09-25,2026-09-25,CM,NSE,STK,15391,INE084Q01012,RACE,EQ,,,,,RACE ECO CHAIN LIMITED,117.50,124.98,112.00,117.90,116.67,115.98,,117.89,,,136785,15959785.99,2141,F1,1,,,,,
2026-09-25,2026-09-25,CM,NSE,STK,9854,INE02OY01016,RILINFRA,SM,,,,,RACHANA INFRA LTD,33.00,33.50,32.25,32.80,32.30,33.20,,32.80,,,11600,382295.00,31,F1,100,,,,,
2026-09-25,2026-09-25,CM,NSE,STK,27171,INE704B01017,RACLGEAR,EQ,,,,,RACL GEARTECH LIMITED,1660.00,1696.00,1660.00,1686.50,1694.00,1679.80,,1685.76,,,24872,41729246.30,2840,F1,1,,,,,
2026-09-25,2026-09-25,CM,NSE,STK,10932,INE874F01027,RADAAN,EQ,,,,,RADAAN MEDIAWORKS (I) LTD,3.15,3.15,2.90,2.99,3.12,3.10,,2.90,,,45937,138132.64,150,F1,1,,,,,
2026-09-25,2026-09-25,CM,NSE,STK,10347,INE583V01021,RADHIKAJWE,BE,,,,,RADHIKA JEWELTECH LIMITED,70.99,70.99,69.25,69.88,70.14,70.64,,69.88,,,130948,9153614.92,986,F1,1,,,,,
2026-09-25,2026-09-25,CM,NSE,STK,13580,INE855R01021,RADIANTCMS,EQ,,,,,RADIANT CASH MGMT SER LTD,35.01,35.85,35.01,35.67,35.85,35.61,,35.67,,,76758,2720804.89,913,F1,1,,,,,
2026-09-25,2026-09-25,CM,NSE,STK,10990,INE944F01028,RADICO,EQ,,,,,RADICO KHAITAN LTD,4494.90,4600.00,4486.40,4557.10,4557.10,4481.30,,4557.10,,,251300,1144250150.40,28496,F1,1,,,,,
2026-09-25,2026-09-25,CM,NSE,STK,23445,INE430U01019,RADIOWALLA,ST,,,,,RADIOWALLA NETWORK LTD,29.65,29.65,28.60,28.60,28.60,29.10,,28.60,,,3200,93200.00,2,F1,1600,,,,,
2026-09-25,2026-09-25,CM,NSE,STK,24735,INE912T01018,RPEL,EQ,,,,,RAGHAV PRODUCTIVITY ENH L,1698.40,1732.90,1670.50,1699.50,1675.00,1698.40,,1700.44,,,49098,83513708.50,5859,F1,1,,,,,
2026-09-25,2026-09-25,CM,NSE,STK,9552,INE415G01027,RVNL,EQ,,,,,RAIL VIKAS NIGAM LIMITED,206.00,207.33,203.92,207.00,207.00,206.00,,206.99,,,2405229,495282528.19,26890,F1,1,,,,,
2026-09-25,2026-09-25,CM,NSE,STK,2431,INE0DD101019,RAILTEL,EQ,,,,,RAILTEL CORP OF IND LTD,261.00,261.40,257.20,260.15,261.40,261.55,,260.16,,,392954,101840074.75,10570,F1,1,,,,,
2026-09-25,2026-09-25,CM,NSE,STK,15337,INE855B01025,RAIN,EQ,,,,,RAIN INDUSTRIES LIMITED,218.99,221.21,214.28,219.35,218.92,218.23,,219.35,,,3244552,708279245.43,23273,F1,1,,,,,
2026-09-25,2026-09-25,CM,NSE,STK,9408,INE961O01016,RAINBOW,EQ,,,,,RAINBOW CHILDRENS MED LTD,1410.00,1422.30,1350.00,1374.20,1375.00,1412.60,,1374.18,,,433047,597664091.90,45064,F1,1,,,,,
2026-09-25,2026-09-25,CM,NSE,STK,359,INE294G01026,ROML,EQ,,,,,RAJ OIL MILLS LIMITED,42.42,42.90,42.00,42.79,42.90,41.87,,42.79,,,1512,64145.42,29,F1,1,,,,,
2026-09-25,2026-09-25,CM,NSE,STK,8428,INE533D01032,RAJRILTD,BE,,,,,RAJ RAYON INDUSTRIES LTD,20.98,20.98,20.50,20.90,20.98,20.57,,20.90,,,9307,194203.52,162,F1,1,,,,,
2026-09-25,2026-09-25,CM,NSE,STK,14403,INE952H01027,RAJTV,EQ,,,,,RAJ TV NETWORK LTD,10.60,10.76,10.51,10.76,10.76,10.25,,10.76,,,85135,908824.78,188,F1,1,,,,,
2026-09-25,2026-09-25,CM,NSE,STK,762859,INE296E01026,RAJPALAYAM,EQ,,,,,RAJAPALAYAM MILLS LTD.,767.90,793.40,758.30,761.75,762.00,767.90,,761.71,,,1259,961788.50,72,F1,1,,,,,
2026-09-25,2026-09-25,CM,NSE,STK,181,INE610C01014,ARENTERP,EQ,,,,,RAJDARSHAN INDUSTRIES LTD,34.70,34.70,33.21,34.70,34.70,34.77,,34.70,,,837,28489.64,25,F1,1,,,,,
2026-09-25,2026-09-25,CM,NSE,STK,760461,INE343B01030,RAJESHEXPO,BZ,,,,,RAJESH EXPORTS LTD,67.35,68.00,67.01,67.44,67.24,68.07,,67.45,,,96427,6506969.10,1351,F1,1,,,,,
2026-09-25,2026-09-25,CM,NSE,STK,19681,INE0BZQ01011,RCDL,SM,,,,,RAJGOR CASTOR DERIVATI L,17.05,17.05,17.05,17.05,17.05,16.25,,17.05,,,18000,306900.00,6,F1,3000,,,,,
2026-09-25,2026-09-25,CM,NSE,STK,2168,INE00KV01022,RAJMET,EQ,,,,,RAJNANDINI METAL LIMITED,3.11,3.15,3.11,3.11,3.12,3.12,,3.11,,,202636,631854.44,570,F1,1,,,,,
2026-09-25,2026-09-25,CM,NSE,STK,757052,INE535F01024,RAJOOENG,BE,,,,,RAJOO ENGINEERS LIMITED,54.12,54.95,52.10,53.08,53.00,54.81,,53.09,,,273965,14598534.05,894,F1,1,,,,,
2026-09-25,2026-09-25,CM,NSE,STK,27269,INE0VHU01019,RAJPUTANA,SM,,,,,RAJPUTANA BIODIESEL LTD,198.00,214.00,198.00,201.75,200.05,198.00,,201.75,,,18500,3756050.00,35,F1,500,,,,,
2026-09-25,2026-09-25,CM,NSE,STK,24707,INE0PCU01012,RAJINDLTD,SM,,,,,RAJPUTANA INDUSTRIES LTD,66.55,66.55,66.55,66.55,66.55,66.50,,66.55,,,1500,99825.00,1,F1,1500,,,,,
2026-09-25,2026-09-25,CM,NSE,STK,761439,INE313L01016,RSL,EQ,,,,,RAJPUTANA STAINLESS LTD,183.40,186.51,181.01,183.46,184.00,181.92,,183.46,,,126146,23227351.33,3201,F1,1,,,,,
2026-09-25,2026-09-25,CM,NSE,STK,18962,INE451D01029,RAJRATAN,EQ,,,,,RAJRATAN GLOBAL WIRE LTD,473.00,476.00,465.55,472.50,472.00,472.05,,472.50,,,25305,11909036.40,2226,F1,1,,,,,
2026-09-25,2026-09-25,CM,NSE,STK,6915,INE760W01023,RPPL,BE,,,,,RAJSHREE POLYPACK LTD,19.82,19.95,18.90,19.00,19.20,19.70,,19.00,,,44264,848848.66,183,F1,1,,,,,
2026-09-25,2026-09-25,CM,NSE,STK,2809,INE562B01019,RAJSREESUG,EQ,,,,,RAJSHREE SUGAR & CHEMICAL,31.15,33.40,31.15,31.81,31.61,31.57,,31.82,,,644442,20839182.96,2291,F1,1,,,,,
2026-09-25,2026-09-25,CM,NSE,STK,2816,INE613A01020,RALLIS,EQ,,,,,RALLIS INDIA LTD,199.80,200.68,198.22,200.38,200.30,200.36,,200.38,,,378388,75568918.62,13182,F1,1,,,,,
2026-09-25,2026-09-25,CM,NSE,STK,10485,INE207E01023,RAMRAT,EQ,,,,,RAM RATNA WIRES LIMITED,548.40,576.00,548.40,570.00,573.10,548.40,,569.99,,,292137,166096304.65,15052,F1,1,,,,,
2026-09-25,2026-09-25,CM,NSE,STK,10568,INE809A01032,RAMAPHO,EQ,,,,,RAMA PHOSPHATES LIMITED,122.49,123.95,121.28,122.25,123.00,122.49,,122.25,,,15287,1874488.96,328,F1,1,,,,,
2026-09-25,2026-09-25,CM,NSE,STK,10304,INE230R01035,RAMASTEEL,BE,,,,,RAMA STEEL TUBES LIMITED,4.48,4.48,4.48,4.48,4.48,4.57,,4.49,,,404771,1813374.08,929,F1,1,,,,,
2026-09-25,2026-09-25,CM,NSE,STK,4587,INE614A01028,RAMCOIND,EQ,,,,,RAMCO INDUSTRIES LIMITED,315.90,321.80,313.10,319.95,319.65,321.80,,319.94,,,65040,20641524.50,2452,F1,1,,,,,
2026-09-25,2026-09-25,CM,NSE,STK,7851,INE246B01019,RAMCOSYS,EQ,,,,,RAMCO SYSTEMS LTD.,581.00,588.90,575.55,580.20,576.10,581.35,,580.21,,,27563,16014582.75,1668,F1,1,,,,,
2026-09-25,2026-09-25,CM,NSE,STK,23565,INE0RJH01010,RBS,SM,,,,,RAMDEVBABA SOLVENT LTD,82.00,84.50,80.00,83.60,83.00,83.00,,83.60,,,9600,789200.00,12,F1,800,,,,,
2026-09-25,2026-09-25,CM,NSE,STK,11411,INE399G01023,RKFORGE,EQ,,,,,RAMKRISHNA FORGINGS LTD,709.00,715.50,695.65,704.50,710.00,709.55,,704.45,,,285768,201154506.85,13143,F1,1,,,,,
2026-09-25,2026-09-25,CM,NSE,STK,20134,INE874I01013,RAMKY,EQ,,,,,RAMKY INFRA LTD,311.10,313.65,307.95,312.15,313.40,310.15,,312.16,,,23356,7262122.70,1133,F1,1,,,,,
2026-09-25,2026-09-25,CM,NSE,STK,2837,INE625B01014,RANASUG,EQ,,,,,RANA SUGARS LTD.,13.99,14.61,13.55,14.41,14.40,13.86,,14.42,,,1178227,16690967.75,2323,F1,1,,,,,
2026-09-25,2026-09-25,CM,NSE,STK,11975,INE050H01012,RML,EQ,,,,,RANE (MADRAS) LIMITED,1369.60,1379.20,1301.10,1322.30,1330.80,1362.80,,1322.57,,,45192,60166881.20,6093,F1,1,,,,,
2026-09-25,2026-09-25,CM,NSE,STK,2844,INE384A01010,RANEHOLDIN,EQ,,,,,RANE HOLDINGS LIMITED,1598.50,1599.00,1569.50,1580.60,1575.00,1590.70,,1580.67,,,3105,4917270.20,492,F1,1,,,,,
2026-09-25,2026-09-25,CM,NSE,STK,30460,INE0QX901013,RAPIDFLEET,SM,,,,,RAPID FLEET MGT SERVICE L,198.50,198.90,198.50,198.90,198.90,202.00,,198.90,,,5400,1072980.00,9,F1,600,,,,,
2026-09-25,2026-09-25,CM,NSE,STK,25610,INE0MVO01012,RAPPID,SM,,,,,RAPPID VALVES (INDIA) LTD,358.00,358.00,345.35,351.70,345.35,352.00,,351.70,,,5400,1909800.00,6,F1,600,,,,,
2026-09-25,2026-09-25,CM,NSE,STK,22670,INE0J1F01024,RPTECH,EQ,,,,,RASHI PERIPHERALS LIMITED,888.00,900.00,877.35,893.00,886.20,883.50,,892.95,,,214767,191315083.25,13293,F1,1,,,,,
2026-09-25,2026-09-25,CM,NSE,STK,2866,INE027A01015,RCF,EQ,,,,,RASHTRIYA CHEMICALS & FER,108.40,108.90,107.15,108.58,108.82,108.40,,108.58,,,642414,69493009.37,7683,F1,1,,,,,
2026-09-25,2026-09-25,CM,NSE,STK,7177,INE0CLI01024,RATEGAIN,EQ,,,,,RATEGAIN TRAVEL TECHN LTD,826.00,833.00,815.00,827.75,830.00,824.00,,827.70,,,119666,98807272.95,10932,F1,1,,,,,
2026-09-25,2026-09-25,CM,NSE,STK,13451,INE703B01027,RATNAMANI,EQ,,,,,RATNAMANI MET & TUB LTD.,2841.30,2847.50,2755.90,2778.30,2785.00,2824.20,,2778.27,,,25715,71578454.20,6660,F1,1,,,,,
2026-09-25,2026-09-25,CM,NSE,STK,18423,INE05CZ01011,RATNAVEER,EQ,,,,,RATNAVEER PRECISION ENG L,324.90,341.65,323.00,333.95,333.40,323.95,,333.95,,,6123089,2043904153.60,43809,F1,1,,,,,
2026-09-25,2026-09-25,CM,NSE,STK,27297,INE834M01019,RTNINDIA,EQ,,,,,RATTANINDIA ENT LIMITED,26.80,27.40,26.28,26.96,27.09,26.57,,26.96,,,923840,24622487.65,5317,F1,1,,,,,
2026-09-25,2026-09-25,CM,NSE,STK,17520,INE399K01017,RTNPOWER,EQ,,,,,RATTANINDIA POWER LIMITED,7.02,7.05,6.88,7.00,7.01,7.02,,7.00,,,14384293,100164557.83,13510,F1,1,,,,,
2026-09-25,2026-09-25,CM,NSE,STK,20950,INE722J01012,RKDL,EQ,,,,,RAVI KUMAR DIST. LTD.,18.98,18.98,18.35,18.60,18.60,18.66,,18.60,,,1964,36478.84,61,F1,1,,,,,
2026-09-25,2026-09-25,CM,NSE,STK,1565,INE09E501017,RVHL,EQ,,,,,RAVINDER HEIGHTS LIMITED,39.00,39.49,38.02,39.32,39.38,38.83,,39.32,,,689,26951.97,45,F1,1,,,,,
2026-09-25,2026-09-25,CM,NSE,STK,24596,INE206N01018,RELTD,EQ,,,,,RAVINDRA ENERGY LIMITED,147.49,150.20,145.11,148.77,149.99,146.32,,148.71,,,99232,14675794.28,2080,F1,1,,,,,
2026-09-25,2026-09-25,CM,NSE,STK,25073,INE02ID01020,RAYMONDLSL,EQ,,,,,RAYMOND LIFESTYLE LIMITED,685.00,701.40,678.00,687.60,688.80,688.85,,687.59,,,240261,165461159.50,12918,F1,1,,,,,
2026-09-25,2026-09-25,CM,NSE,STK,2859,INE301A01014,RAYMOND,EQ,,,,,RAYMOND LTD,1208.90,1223.85,1172.00,1196.65,1183.00,1203.85,,1196.86,,,3100301,3700052165.75,102460,F1,1,,,,,
2026-09-25,2026-09-25,CM,NSE,STK,758551,INE1SY401010,RAYMONDREL,EQ,,,,,RAYMOND REALTY LIMITED,702.00,741.95,701.50,711.30,708.00,708.30,,711.33,,,8688746,6256519936.30,148479,F1,1,,,,,
2026-09-25,2026-09-25,CM,NSE,STK,765936,INE1FCO01014,MOMSBELIEF,EQ,,,,,RAYS OF BELIEF LIMITED,222.25,234.00,220.05,232.85,232.05,222.44,,232.86,,,120424,27644956.66,3269,F1,1,,,,,
2026-09-25,2026-09-25,CM,NSE,STK,18391,INE976G01028,RBLBANK,EQ,,,,,RBL BANK LIMITED,412.60,416.00,409.10,415.05,415.05,412.75,,415.05,,,3419454,1413108805.35,32000,F1,1,,,,,
2026-09-25,2026-09-25,CM,NSE,STK,13570,INE0NA301016,RBMINFRA,SM,,,,,RBM INFRACON LIMITED,267.90,277.00,258.00,262.85,260.00,267.90,,262.85,,,14600,3899900.00,60,F1,200,,,,,
2026-09-25,2026-09-25,CM,NSE,STK,20893,INE0PEQ01016,RBZJEWEL,BE,,,,,RBZ JEWELLERS LIMITED,172.30,180.87,170.15,180.87,180.87,172.26,,180.88,,,63541,11239128.81,425,F1,1,,,,,
2026-09-25,2026-09-25,CM,NSE,STK,764850,INE0AK901016,RRECL,EQ,,,,,RDB REAL ESTATE CONS L,132.95,132.95,121.03,123.40,122.00,133.12,,123.41,,,343,42347.84,23,F1,1,,,,,
2026-09-25,2026-09-25,CM,NSE,STK,15355,INE020B01018,RECLTD,EQ,,,,,REC LIMITED,309.20,312.95,307.25,312.95,312.95,308.25,,312.91,,,3896789,1209783413.80,24918,F1,1,,,,,
2026-09-25,2026-09-25,CM,NSE,STK,14255,INE891D01026,REDINGTON,EQ,,,,,REDINGTON LIMITED,406.50,411.90,404.10,407.25,406.50,406.40,,407.25,,,2473777,1012351724.75,36643,F1,1,,,,,
2026-09-25,2026-09-25,CM,NSE,STK,17859,INE0LXT01019,REDTAPE,EQ,,,,,REDTAPE LIMITED,122.90,123.00,118.00,121.05,121.00,122.13,,121.05,,,507124,60827463.41,7198,F1,1,,,,,
2026-09-25,2026-09-25,CM,NSE,STK,17764,INE056I01025,REFEX,EQ,,,,,REFEX INDUSTRIES LIMITED,281.00,287.35,280.15,285.80,284.30,283.35,,285.80,,,230207,65310792.30,5273,F1,1,,,,,
2026-09-25,2026-09-25,CM,NSE,STK,23718,INE0TNX01015,REFRACTORY,SM,,,,,REFRACTORY SHAPES LIMITED,40.25,40.25,36.45,37.90,38.80,38.35,,37.90,,,40000,1565600.00,32,F1,1000,,,,,
2026-09-25,2026-09-25,CM,NSE,STK,758680,INE0MHO01029,REGAAL,EQ,,,,,REGAAL RESOURCES LIMITED,91.06,91.25,88.41,89.98,90.00,90.61,,89.99,,,231775,20764346.82,2551,F1,1,,,,,
2026-09-25,2026-09-25,CM,NSE,STK,4130,INE277C01012,REGENCERAM,EQ,,,,,REGENCY CERAMICS LTD.,34.78,34.78,33.11,33.39,34.08,34.78,,33.39,,,1978,66482.18,34,F1,1,,,,,
2026-09-25,2026-09-25,CM,NSE,STK,24225,INE131B01039,RELAXO,EQ,,,,,RELAXO FOOT LTD.,293.95,298.10,288.20,297.00,297.00,291.70,,296.99,,,129942,38198574.25,6481,F1,1,,,,,
2026-09-25,2026-09-25,CM,NSE,STK,3172,INF204KC1030,GILT5YBEES,EQ,,,,,RELCAPAMC - NETFGILT5Y,65.96,66.06,65.65,65.97,65.99,65.84,,65.97,,,281752,18569046.35,635,F1,1,,,,,
2026-09-25,2026-09-25,CM,NSE,STK,24378,INE375Y01018,RELIABLE,EQ,,,,,RELIABLE DATA SERVICE LTD,150.00,150.00,144.00,147.70,148.19,147.95,,147.70,,,11825,1740623.44,466,F1,1,,,,,
2026-09-25,2026-09-25,CM,NSE,STK,9652,INE750D01016,RELCHEMQ,EQ,,,,,RELIANCE CHEMOTEX IND LTD,116.02,119.75,116.02,118.22,118.50,118.41,,118.22,,,583,68984.27,52,F1,1,,,,,
2026-09-25,2026-09-25,CM,NSE,STK,13188,INE330H01018,RCOM,BE,,,,,RELIANCE COMMUNICATIONS L,0.95,0.96,0.90,0.93,0.94,0.93,,0.93,,,2036380,1890081.15,1811,F1,1,,,,,
2026-09-25,2026-09-25,CM,NSE,STK,759204,INE217K01011,RHFL,BZ,,,,,RELIANCE HOME FINANCE LTD,1.65,1.68,1.63,1.65,1.67,1.68,,1.65,,,670706,1107561.29,862,F1,1,,,,,
2026-09-25,2026-09-25,CM,NSE,STK,2912,INE046A01015,RIIL,EQ,,,,,RELIANCE INDUSTRIAL INFRA,703.00,703.45,686.50,694.55,693.20,703.45,,694.54,,,47746,33247573.90,2375,F1,1,,,,,
2026-09-25,2026-09-25,CM,NSE,STK,2885,INE002A01018,RELIANCE,EQ,,,,,RELIANCE INDUSTRIES LTD,1210.50,1227.40,1210.50,1226.00,1226.00,1219.20,,1226.00,,,13138735,16035076079.70,212698,F1,1,,,,,
2026-09-25,2026-09-25,CM,NSE,STK,4791,INE036A01016,RELINFRA,BE,,,,,RELIANCE INFRASTRUCTU LTD,45.20,45.20,45.20,45.20,45.20,46.12,,45.20,,,59895,2707254.00,426,F1,1,,,,,
2026-09-25,2026-09-25,CM,NSE,STK,15259,INE614G01033,RPOWER,EQ,,,,,RELIANCE POWER LTD.,20.70,20.75,20.29,20.57,20.62,20.67,,20.57,,,14606424,298695334.33,25091,F1,1,,,,,
2026-09-25,2026-09-25,CM,NSE,STK,765330,INF205KA1CB9,IVZBANKNF,EQ,,,,,RELIGARAMC - IVZBANKNF,55.43,55.50,55.36,55.50,55.50,55.43,,55.50,,,602,33386.71,16,F1,1,,,,,
2026-09-25,2026-09-25,CM,NSE,STK,765327,INF205KA1CA1,IVZSENSEX,EQ,,,,,RELIGARAMC - IVZSENSEX,73.97,74.12,73.48,73.80,73.80,73.96,,73.80,,,6720,496781.16,27,F1,1,,,,,
2026-09-25,2026-09-25,CM,NSE,STK,15068,INE621H01010,RELIGARE,EQ,,,,,RELIGARE ENTER. LTD.,239.00,244.30,236.74,242.27,240.50,240.32,,242.29,,,422871,101742095.02,7864,F1,1,,,,,
2026-09-25,2026-09-25,CM,NSE,STK,3965,INE474C01023,REMSONSIND,EQ,,,,,REMSONS INDUSTRIES LTD,116.40,132.80,114.25,116.80,117.30,111.12,,116.83,,,4262134,524578854.97,34231,F1,1,,,,,
2026-09-25,2026-09-25,CM,NSE,STK,16154,INE0O5T01011,REMUS,SM,,,,,REMUS PHARMACEUTICALS L,943.00,958.45,927.00,946.00,953.00,942.20,,946.00,,,2700,2537800.00,26,F1,100,,,,,
2026-09-25,2026-09-25,CM,NSE,STK,15129,INE722H01024,RGL,EQ,,,,,RENAISSANCE GLOBAL LTD,165.00,169.74,164.37,167.47,166.35,166.30,,167.47,,,471415,79162210.02,10168,F1,1,,,,,
2026-09-25,2026-09-25,CM,NSE,STK,758157,INE0VZX01015,RNPL,SM,,,,,RENOL POLYCHEM LIMITED,59.65,59.65,59.60,59.65,59.65,56.85,,59.65,,,4800,286260.00,4,F1,1200,,,,,
2026-09-25,2026-09-25,CM,NSE,STK,766077,INE08T701025,RENTOMOJO,EQ,,,,,RENTOMOJO LIMITED,503.90,515.00,497.05,507.75,507.70,501.90,,507.77,,,2048727,1039210279.85,47991,F1,1,,,,,
2026-09-25,2026-09-25,CM,NSE,STK,29598,INE612J01015,REPCOHOME,EQ,,,,,REPCO HOME FINANCE LTD,352.00,353.15,345.00,347.70,347.35,352.45,,347.70,,,66626,23203194.45,2344,F1,1,,,,,
2026-09-25,2026-09-25,CM,NSE,STK,13126,INE461B01014,REPRO,EQ,,,,,REPRO INDIA LIMITED,307.95,307.95,276.10,288.25,300.00,302.20,,288.37,,,244479,69619963.70,4728,F1,1,,,,,
2026-09-25,2026-09-25,CM,NSE,STK,20323,INE688D01026,RESPONIND,EQ,,,,,RESPONSIVE INDUSTRIES LTD,155.00,171.62,155.00,161.23,162.48,158.02,,161.24,,,2449470,406884205.56,35959,F1,1,,,,,
2026-09-25,2026-09-25,CM,NSE,STK,1494,INE07T201019,RBA,EQ,,,,,RESTAURANT BRAND ASIA LTD,90.65,93.60,89.62,92.51,92.26,90.65,,92.51,,,2584085,236752415.20,26142,F1,1,,,,,
2026-09-25,2026-09-25,CM,NSE,STK,25157,INE0DAB01012,RVTH,EQ,,,,,REVATHI EQUIPMENT INDIA L,660.00,677.00,640.05,654.60,677.00,661.00,,655.24,,,874,574491.05,88,F1,1,,,,,
2026-09-25,2026-09-25,CM,NSE,STK,29270,INE113601012,REXPRO,SM,,,,,REXPRO ENTERPRISES LTD,34.10,35.00,34.10,35.00,35.00,34.85,,35.00,,,4000,138000.00,4,F1,1000,,,,,
2026-09-25,2026-09-25,CM,NSE,STK,763468,INE0V2V01015,RFBL,ST,,,,,RFBL FLEXI PACK LIMITED,102.00,102.00,102.00,102.00,102.00,101.00,,102.00,,,3000,306000.00,1,F1,3000,,,,,
2026-09-25,2026-09-25,CM,NSE,STK,759062,INE0KKN01029,RHETAN,EQ,,,,,RHETAN TMT LIMITED,15.17,15.17,15.17,15.17,15.17,15.96,,15.17,,,803125,12183406.25,1186,F1,1,,,,,
2026-09-25,2026-09-25,CM,NSE,STK,31163,INE743M01012,RHIM,EQ,,,,,RHI MAGNESITA INDIA LTD,385.00,388.05,378.30,386.45,386.00,383.80,,386.44,,,281131,107933756.25,10293,F1,1,,,,,
2026-09-25,2026-09-25,CM,NSE,STK,8208,INE0J1P01015,RICHA,SM,,,,,RICHA INFO SYSTEMS LTD,78.00,78.00,78.00,78.00,78.00,82.50,,78.00,,,1000,78000.00,1,F1,1000,,,,,
2026-09-25,2026-09-25,CM,NSE,STK,2909,INE209B01025,RICOAUTO,EQ,,,,,RICO AUTO INDUSTRIES LTD,131.40,134.68,129.61,132.23,132.11,130.67,,132.23,,,946822,125157810.04,13193,F1,1,,,,,
2026-09-25,2026-09-25,CM,NSE,STK,764121,INE302D01024,RIR,EQ,,,,,RIR POWER ELECTRONICS L,183.85,193.88,181.70,188.01,188.00,184.03,,187.99,,,2076996,390070899.08,22665,F1,1,,,,,
2026-09-25,2026-09-25,CM,NSE,STK,18417,INE0N2P01017,RISHABH,EQ,,,,,RISHABH INSTRUMENTS LTD,702.00,723.45,692.70,711.80,715.30,704.55,,711.87,,,220502,156228414.50,11195,F1,1,,,,,
2026-09-25,2026-09-25,CM,NSE,STK,8944,INE01EG01016,RITCO,EQ,,,,,RITCO LOGISTICS LIMITED,288.00,292.15,284.00,285.70,284.00,286.10,,285.79,,,32924,9414933.05,893,F1,1,,,,,
2026-09-25,2026-09-25,CM,NSE,STK,11910,INE0MRA01019,RITEZONE,SM,,,,,RITE ZONE CHEMCON IND LTD,17.75,17.75,17.60,17.60,17.60,18.50,,17.60,,,8000,141200.00,4,F1,1600,,,,,
2026-09-25,2026-09-25,CM,NSE,STK,3761,INE320J01015,RITES,EQ,,,,,RITES LIMITED,201.50,203.57,198.52,199.31,199.20,201.74,,199.32,,,342582,68434195.99,11207,F1,1,,,,,
2026-09-25,2026-09-25,CM,NSE,STK,1547,INE786W01010,RKEC,EQ,,,,,RKEC PROJECTS LIMITED,26.00,27.40,23.52,24.26,24.40,22.84,,24.26,,,768771,19882797.60,3356,F1,1,,,,,
2026-09-25,2026-09-25,CM,NSE,STK,762346,INE655V01019,RMC,EQ,,,,,RMC SWITCHGEARS LIMITED,216.70,224.17,209.62,219.89,218.50,216.75,,220.00,,,22974,4931028.06,1138,F1,1,,,,,
2026-09-25,2026-09-25,CM,NSE,STK,24589,INE0SA001017,RNFI,SM,,,,,RNFI SERVICES LIMITED,323.75,323.75,312.60,317.25,317.00,318.30,,317.25,,,24000,7593930.00,37,F1,600,,,,,
2026-09-25,2026-09-25,CM,NSE,STK,15157,INE508K01013,RHL,EQ,,,,,ROBUST HOTELS LIMITED,170.57,177.00,170.56,171.41,175.78,177.76,,171.80,,,1365,235341.29,33,F1,1,,,,,
2026-09-25,2026-09-25,CM,NSE,STK,760033,IN90PTR01010,ROCKPP,E1,,,,,ROCKINGDCE RS.5 PPD UP,63.45,63.45,63.45,63.45,63.45,70.40,,63.45,,,4000,253800.00,2,F1,1000,,,,,
2026-09-25,2026-09-25,CM,NSE,STK,20289,INE0PTR01012,ROCKINGDCE,SM,,,,,ROCKINGDEALS CIRCU ECO L,218.55,222.50,217.00,222.50,222.50,218.50,,222.50,,,1750,383650.00,7,F1,250,,,,,
2026-09-25,2026-09-25,CM,NSE,STK,5279,INE645S01024,ROLEXRINGS,EQ,,,,,ROLEX RINGS LIMITED,182.80,196.83,180.58,195.35,195.15,181.41,,195.35,,,7169312,1371067920.64,66834,F1,1,,,,,
2026-09-25,2026-09-25,CM,NSE,STK,19108,INE927A01040,ROLLT,BE,,,,,ROLLATAINERS LIMITED,5.79,5.79,5.79,5.79,5.79,6.09,,5.79,,,49883,288822.57,177,F1,1,,,,,
2026-09-25,2026-09-25,CM,NSE,STK,19410,INE02A801020,ROSSARI,EQ,,,,,ROSSARI BIOTECH LIMITED,448.05,448.95,440.05,444.20,445.00,446.50,,444.21,,,20447,9095687.60,2044,F1,1,,,,,
2026-09-25,2026-09-25,CM,NSE,STK,28913,INE847C01020,ROSSELLIND,EQ,,,,,ROSSELL INDIA LIMITED,52.26,52.26,51.00,51.63,52.25,51.73,,51.63,,,25615,1318005.53,1472,F1,1,,,,,
2026-09-25,2026-09-25,CM,NSE,STK,27353,INE0OJW01016,ROSSTECH,EQ,,,,,ROSSELL TECHSYS LIMITED,1415.30,1445.20,1380.00,1402.70,1398.00,1418.90,,1402.60,,,132626,186688489.00,14067,F1,1,,,,,
2026-09-25,2026-09-25,CM,NSE,STK,9049,INE535D01037,ROTO,EQ,,,,,ROTO PUMPS LIMITED,63.77,64.99,62.41,62.80,62.60,63.77,,62.80,,,388024,24632811.40,3810,F1,1,,,,,
2026-09-25,2026-09-25,CM,NSE,STK,128,INE450U01017,ROUTE,EQ,,,,,ROUTE MOBILE LIMITED,464.30,465.45,458.00,463.00,465.00,464.30,,462.97,,,100904,46539878.70,5046,F1,1,,,,,
2026-09-25,2026-09-25,CM,NSE,STK,20167,INE0PDJ01013,ROXHITECH,SM,,,,,ROX HI TECH LIMITED,47.00,47.00,46.10,46.10,46.10,47.35,,46.10,,,8000,371760.00,5,F1,1600,,,,,
2026-09-25,2026-09-25,CM,NSE,STK,13182,INE283H01019,ROHLTD,EQ,,,,,ROYAL ORCHID HOTELS LTD,304.70,311.40,302.00,308.60,309.80,304.00,,308.57,,,24782,7611341.90,894,F1,1,,,,,
2026-09-25,2026-09-25,CM,NSE,STK,16725,INE105J01010,RPGLIFE,EQ,,,,,RPG LIFE SCIENCES LTD,2878.00,3127.80,2863.50,3050.60,3055.00,2899.90,,3049.14,,,111001,334598633.40,12415,F1,1,,,,,
2026-09-25,2026-09-25,CM,NSE,STK,8119,INE425Y01011,RPSGVENT,EQ,,,,,RPSG VENTURES LIMITED,840.05,843.95,832.50,837.30,836.20,844.45,,837.33,,,25180,21137567.45,822,F1,1,,,,,
2026-09-25,2026-09-25,CM,NSE,STK,2794,INE611A01016,RSWM,EQ,,,,,RSWM LIMITED,218.35,222.49,215.00,218.34,219.00,220.51,,218.37,,,46759,10182673.55,1402,F1,1,,,,,
2026-09-25,2026-09-25,CM,NSE,STK,24730,INE642C01025,RUBFILA,EQ,,,,,RUBFILA INTERNATIONAL LTD,65.07,65.07,63.10,63.31,64.00,63.79,,63.33,,,56164,3586348.21,926,F1,1,,,,,
2026-09-25,2026-09-25,CM,NSE,STK,759316,INE506V01022,RUBICON,EQ,,,,,RUBICON RESEARCH LIMITED,1679.30,1695.90,1661.10,1676.30,1672.00,1676.10,,1676.36,,,128501,216066145.60,17199,F1,1,,,,,
2026-09-25,2026-09-25,CM,NSE,STK,4566,INE413B01023,RUCHINFRA,EQ,,,,,RUCHI INFRASTRUCTURE LTD,5.44,5.44,4.98,5.09,5.05,5.13,,5.09,,,32572,165526.96,255,F1,1,,,,,
2026-09-25,2026-09-25,CM,NSE,STK,13821,INE803H01014,RUCHIRA,EQ,,,,,RUCHIRA PAPERS LIMITED,104.16,105.94,104.00,104.96,105.75,104.53,,104.96,,,24880,2610941.22,591,F1,1,,,,,
2026-09-25,2026-09-25,CM,NSE,STK,760392,INE027T01023,RUDRA,EQ,,,,,RUDRA GLOBAL INFRA PROD L,19.17,19.99,19.17,19.45,19.67,19.26,,19.27,,,14673,286254.67,105,F1,1,,,,,
2026-09-25,2026-09-25,CM,NSE,STK,1480,INE364Z01019,REPL,EQ,,,,,RUDRABHISHEK ENTERP LTD,64.05,64.05,60.11,61.49,61.50,60.62,,61.49,,,3682,227577.53,74,F1,1,,,,,
2026-09-25,2026-09-25,CM,NSE,STK,23830,INE0R7301013,RULKA,SM,,,,,RULKA ELECTRICALS LIMITED,105.90,106.10,102.00,102.60,102.00,106.95,,102.60,,,3900,405030.00,13,F1,300,,,,,
2026-09-25,2026-09-25,CM,NSE,STK,25724,INE895B01021,RUPA,EQ,,,,,RUPA & COMPANY LTD,136.86,136.88,133.54,136.07,135.10,136.00,,136.08,,,115990,15610847.36,3738,F1,1,,,,,
2026-09-25,2026-09-25,CM,NSE,STK,24595,INE573K01025,RUSHIL,EQ,,,,,RUSHIL DECOR LIMITED,16.98,16.98,15.81,16.10,16.16,16.63,,16.10,,,674897,10839329.05,1087,F1,1,,,,,
2026-09-25,2026-09-25,CM,NSE,STK,764860,INE137M01017,SAB,EQ,,,,,S A B INDUSTRIES LTD.,170.00,170.00,170.00,170.00,170.00,170.00,,170.00,,,5,850.00,1,F1,1,,,,,
2026-09-25,2026-09-25,CM,NSE,STK,24674,INE0BSN01013,SATECH,SM,,,,,S A TECH SOFTWARE INDIA L,34.00,37.00,34.00,35.95,37.00,36.10,,35.95,,,12000,425550.00,10,F1,1000,,,,,
2026-09-25,2026-09-25,CM,NSE,STK,20698,INE807K01035,SCHAND,EQ,,,,,S CHAND AND COMPANY LTD,137.00,145.60,137.00,145.18,145.40,137.13,,145.17,,,66326,9405036.61,2178,F1,1,,,,,
2026-09-25,2026-09-25,CM,NSE,STK,11212,INE500L01026,SHK,EQ,,,,,S H KELKAR AND CO. LTD.,140.96,143.61,139.70,142.36,141.25,140.96,,142.35,,,122196,17291656.50,2523,F1,1,,,,,
2026-09-25,2026-09-25,CM,NSE,STK,20542,INE0F3301020,SJLOGISTIC,SM,,,,,S J LOGISTICS (INDIA) LTD,320.50,321.00,315.00,316.05,315.00,319.25,,316.05,,,11500,3658012.50,41,F1,250,,,,,
2026-09-25,2026-09-25,CM,NSE,STK,764940,INE159L01013,SVGLOBAL,EQ,,,,,S V GLOBAL MILL LTD.,155.71,155.71,134.30,145.79,146.95,148.32,,144.36,,,1416,203416.62,87,F1,1,,,,,
2026-09-25,2026-09-25,CM,NSE,STK,2951,INE902B01017,S&SPOWER,EQ,,,,,S&S POWER SWITCHGEARS LTD,315.35,329.75,304.80,307.90,310.00,315.35,,310.05,,,6820,2126591.30,311,F1,1,,,,,
2026-09-25,2026-09-25,CM,NSE,STK,18252,INE212I01016,SPAL,EQ,,,,,S. P. APPARELS LIMITED,980.00,987.30,953.50,965.60,962.00,979.00,,965.61,,,44966,43427275.10,3336,F1,1,,,,,
2026-09-25,2026-09-25,CM,NSE,STK,11634,INE658G01014,SALSTEEL,EQ,,,,,S.A.L. STEEL LTD.,91.60,93.72,90.99,93.60,93.63,89.27,,93.60,,,741473,69065737.55,3994,F1,1,,,,,
2026-09-25,2026-09-25,CM,NSE,STK,19112,INE0PSK01027,SAAKSHI,ST,,,,,SAAKSHI MEDTEC N PANELS L,365.70,365.70,365.70,365.70,365.70,373.15,,365.70,,,6600,2413620.00,10,F1,600,,,,,
2026-09-25,2026-09-25,CM,NSE,STK,759057,INE13B501022,SAATVIKGL,EQ,,,,,SAATVIK GREEN ENERGY LTD,437.00,442.95,424.30,427.45,426.50,437.95,,427.37,,,92616,39854226.00,2994,F1,1,,,,,
2026-09-25,2026-09-25,CM,NSE,STK,757409,INE1ARD01016,SACHEEROME,SM,,,,,SACHEEROME LIMITED,476.05,488.95,476.05,480.10,480.10,480.85,,480.10,,,9600,4643715.00,26,F1,300,,,,,
2026-09-25,2026-09-25,CM,NSE,STK,13236,INE226H01026,SADBHAV,EQ,,,,,SADBHAV ENGINEERING LTD,7.55,7.57,7.39,7.46,7.50,7.54,,7.46,,,98193,734970.94,245,F1,1,,,,,
2026-09-25,2026-09-25,CM,NSE,STK,10618,INE764L01010,SADBHIN,EQ,,,,,SADBHAV INFRA PROJ LTD.,2.61,2.71,2.57,2.65,2.67,2.59,,2.65,,,103401,272641.85,225,F1,1,,,,,
2026-09-25,2026-09-25,CM,NSE,STK,15349,INE888C01040,SADHNANIQ,BE,,,,,SADHANA NITROCHEM LIMITED,2.84,2.90,2.68,2.82,2.84,2.82,,2.82,,,2654259,7312473.86,1169,F1,1,,,,,
2026-09-25,2026-09-25,CM,NSE,STK,22897,INE0K5H01010,SADHAV,SM,,,,,SADHAV SHIPPING LIMITED,106.70,106.70,104.00,104.00,104.00,105.00,,104.00,,,1800,188820.00,2,F1,600,,,,,
2026-09-25,2026-09-25,CM,NSE,STK,13035,INE429E01023,SAFARI,EQ,,,,,SAFARI IND (INDIA) LTD,1481.00,1492.10,1455.00,1464.20,1463.50,1481.20,,1464.21,,,44195,64805726.00,11159,F1,1,,,,,
2026-09-25,2026-09-25,CM,NSE,STK,757583,INE17D601016,SAFEENTP,SM,,,,,SAFE ENTER RETAIL FIX LTD,244.65,253.00,241.00,250.20,251.75,244.65,,250.20,,,75500,18751225.00,116,F1,500,,,,,
2026-09-25,2026-09-25,CM,NSE,STK,14068,INE229C01021,SAGCEM,EQ,,,,,SAGAR CEMENTS LIMITED,151.72,153.00,150.02,152.64,152.99,151.76,,152.62,,,8476,1283614.68,348,F1,1,,,,,
2026-09-25,2026-09-25,CM,NSE,STK,8175,INE976T01013,SAGARDEEP,EQ,,,,,SAGARDEEP ALLOYS LIMITED,24.17,24.17,23.12,23.19,23.17,23.70,,23.19,,,7598,176511.99,85,F1,1,,,,,
2026-09-25,2026-09-25,CM,NSE,STK,27052,INE0W2G01015,SAGILITY,EQ,,,,,SAGILITY LIMITED,45.20,45.25,44.17,44.69,44.69,45.00,,44.70,,,9623863,429011503.58,18928,F1,1,,,,,
2026-09-25,2026-09-25,CM,NSE,STK,24478,INE0P4701011,SAHAJSOLAR,SM,,,,,SAHAJ SOLAR LIMITED,87.15,90.20,84.50,90.00,89.95,89.35,,90.00,,,39200,3439980.00,93,F1,400,,,,,
2026-09-25,2026-09-25,CM,NSE,STK,16711,INE0LEX01011,SAHANA,SM,,,,,SAHANA SYSTEM LIMITED,879.00,888.00,860.00,861.30,860.10,851.15,,861.30,,,26250,22833127.50,114,F1,150,,,,,
2026-09-25,2026-09-25,CM,NSE,STK,25668,INE0RBQ01018,SAHASRA,SM,,,,,SAHASRA ELECTRONIC SOLU L,410.00,428.85,391.30,428.85,428.85,408.45,,428.85,,,408400,169272800.00,753,F1,400,,,,,
2026-09-25,2026-09-25,CM,NSE,STK,14900,INE280H01015,SAHYADRI,EQ,,,,,SAHYADRI INDUSTRIES LTD,369.00,369.00,355.00,362.60,361.20,366.85,,362.56,,,5630,2031259.10,372,F1,1,,,,,
2026-09-25,2026-09-25,CM,NSE,STK,764865,INE531X01018,SAICAPI,EQ,,,,,SAI CAPITAL LTD.,155.45,159.70,150.10,156.99,156.99,146.03,,156.99,,,117,18237.37,14,F1,1,,,,,
2026-09-25,2026-09-25,CM,NSE,STK,27839,INE570L01029,SAILIFE,EQ,,,,,SAI LIFE SCIENCES LIMITED,1590.00,1623.40,1581.00,1592.20,1594.90,1594.90,,1592.38,,,265877,424536337.70,24905,F1,1,,,,,
2026-09-25,2026-09-25,CM,NSE,STK,761675,INE0H9F01037,SAIPARENT,EQ,,,,,SAI PARENTERALS LIMITED,509.95,510.95,502.10,503.95,502.10,506.40,,503.95,,,29566,14946759.70,1350,F1,1,,,,,
2026-09-25,2026-09-25,CM,NSE,STK,18755,INE438K01021,KALAMANDIR,EQ,,,,,SAI SILKS (KALAMANDIR) L,78.49,79.13,76.75,77.19,77.03,78.47,,77.19,,,438726,33915055.40,3905,F1,1,,,,,
2026-09-25,2026-09-25,CM,NSE,STK,764880,INE068B01017,SEKURITIND,EQ,,,,,SAINT GOBAIN SEKUR IND L,112.97,113.00,111.00,111.93,111.95,111.52,,111.88,,,10797,1210043.35,249,F1,1,,,,,
2026-09-25,2026-09-25,CM,NSE,STK,9539,INE732S01012,SAKAR,EQ,,,,,SAKAR HEALTHCARE LIMITED,1125.10,1189.50,1125.10,1135.85,1131.90,1128.55,,1135.85,,,99278,114871852.45,8449,F1,1,,,,,
2026-09-25,2026-09-25,CM,NSE,STK,11794,INE667G01023,SAKSOFT,EQ,,,,,SAKSOFT LIMITED,142.47,143.08,141.15,141.52,142.68,143.53,,141.52,,,115426,16379353.11,2377,F1,1,,,,,
2026-09-25,2026-09-25,CM,NSE,STK,2969,INE623A01011,SAKHTISUG,EQ,,,,,SAKTHI SUGARS LTD,17.96,19.70,17.96,19.00,18.90,17.96,,19.00,,,624810,11831682.62,2270,F1,1,,,,,
2026-09-25,2026-09-25,CM,NSE,STK,13251,INE190H01024,SAKUMA,EQ,,,,,SAKUMA EXPORTS LIMITED,1.68,1.72,1.66,1.67,1.67,1.66,,1.67,,,1169361,1972009.63,918,F1,1,,,,,
2026-09-25,2026-09-25,CM,NSE,STK,21362,INE170V01027,SALASAR,EQ,,,,,SALASAR TECHNO ENGG. LTD.,4.93,4.93,4.66,4.70,4.74,4.91,,4.70,,,9245213,43823122.87,6275,F1,1,,,,,
2026-09-25,2026-09-25,CM,NSE,STK,17351,INE498E01010,SALONA,EQ,,,,,SALONA COTSPIN LTD.,273.75,279.70,265.60,274.75,274.75,274.25,,274.75,,,359,98457.80,91,F1,1,,,,,
2026-09-25,2026-09-25,CM,NSE,STK,11399,INE457F01013,SALZERELEC,EQ,,,,,SALZER ELECTRONICS LTD,535.00,544.35,532.55,541.25,539.95,538.65,,541.29,,,21706,11657313.90,1501,F1,1,,,,,
2026-09-25,2026-09-25,CM,NSE,STK,756851,INE124101010,SAMAY,ST,,,,,SAMAY PROJECT SERVICES L,47.75,47.75,47.75,47.75,47.75,47.80,,47.75,,,4000,191000.00,1,F1,4000,,,,,
2026-09-25,2026-09-25,CM,NSE,STK,764870,INE304D01012,SAMBANDAM,EQ,,,,,SAMBANDAM SPINNING MILL L,107.00,111.90,107.00,111.83,111.80,107.00,,111.70,,,1662,184402.80,27,F1,1,,,,,
2026-09-25,2026-09-25,CM,NSE,STK,4127,INE699B01027,SAMBHAAV,EQ,,,,,SAMBHAAV MEDIA LTD,5.77,6.89,5.52,5.92,5.94,5.89,,5.92,,,82882,483711.59,192,F1,1,,,,,
2026-09-25,2026-09-25,CM,NSE,STK,757767,INE12NJ01018,SAMBHV,EQ,,,,,SAMBHV STEEL TUBES LTD,153.50,160.98,149.37,159.12,159.00,152.36,,159.11,,,5127428,805256158.64,50862,F1,1,,,,,
2026-09-25,2026-09-25,CM,NSE,STK,21096,INE0PZA01015,SAIFL,SM,,,,,SAMEERA AGRO AND INFRA L,4.25,4.25,4.15,4.25,4.25,4.30,,4.25,,,140000,589200.00,29,F1,4000,,,,,
2026-09-25,2026-09-25,CM,NSE,STK,18614,INE08U801020,SAMHI,EQ,,,,,SAMHI HOTELS LIMITED,158.25,160.90,157.50,159.19,159.21,158.94,,159.19,,,352713,56121089.20,9069,F1,1,,,,,
2026-09-25,2026-09-25,CM,NSE,STK,30125,INE148I01020,SAMMAANCAP,EQ,,,,,SAMMAAN CAPITAL LIMITED,141.78,141.78,138.90,140.61,140.53,140.55,,140.61,,,3454356,484215288.74,20830,F1,1,,,,,
2026-09-25,2026-09-25,CM,NSE,STK,27303,INE735M01018,SAMPANN,EQ,,,,,SAMPANN UTPADAN INDIA LTD,24.50,26.40,23.07,24.56,25.35,24.08,,24.56,,,37461,911412.20,231,F1,1,,,,,
2026-09-25,2026-09-25,CM,NSE,STK,4204,INE775A01035,MOTHERSON,EQ,,,,,SAMVRDHNA MTHRSN INTL LTD,162.60,166.22,160.72,165.71,165.71,162.50,,165.71,,,14239797,2325084268.58,55301,F1,1,,,,,
2026-09-25,2026-09-25,CM,NSE,STK,28805,INE0JPD01013,SANATHAN,EQ,,,,,SANATHAN TEXTILES LIMITED,537.00,544.00,520.00,523.20,523.25,529.25,,523.20,,,189507,100725026.50,12410,F1,1,,,,,
2026-09-25,2026-09-25,CM,NSE,STK,2988,INE583B01015,SANDESH,EQ,,,,,SANDESH LTD,1025.00,1045.00,1012.40,1034.40,1030.00,1014.30,,1034.64,,,566,585670.20,69,F1,1,,,,,
2026-09-25,2026-09-25,CM,NSE,STK,2397,INE278H01035,SANDHAR,EQ,,,,,SANDHAR TECHNOLOGIES LTD,576.00,580.80,568.55,574.00,576.60,575.65,,574.03,,,88878,51026344.25,5290,F1,1,,,,,
2026-09-25,2026-09-25,CM,NSE,STK,18359,INE149K01016,SANDUMA,EQ,,,,,SANDUR MANG & IRON ORES L,183.00,185.35,181.35,184.79,184.65,183.11,,184.80,,,337776,61817369.78,8877,F1,1,,,,,
2026-09-25,2026-09-25,CM,NSE,STK,4184,INE495C01010,SANGAMIND,EQ,,,,,SANGAM (INDIA) LTD,584.00,624.90,571.05,619.90,619.00,579.70,,619.91,,,434786,265568092.85,14752,F1,1,,,,,
2026-09-25,2026-09-25,CM,NSE,STK,18035,INE0OVI01010,SANGANI,SM,,,,,SANGANI HOSPITALS LIMITED,53.50,53.65,53.50,53.65,53.65,51.10,,53.65,,,3000,160725.00,2,F1,1500,,,,,
2026-09-25,2026-09-25,CM,NSE,STK,14058,INE989A01032,SANGHVIMOV,EQ,,,,,SANGHVI MOVERS LTD,447.00,461.95,443.05,456.00,456.40,446.45,,456.10,,,269827,122692043.85,10451,F1,1,,,,,
2026-09-25,2026-09-25,CM,NSE,STK,25222,INE0UOS01011,SANOFICONR,EQ,,,,,SANOFI CONS HEALTHC IND L,3980.00,4010.10,3926.00,3945.30,3938.00,3971.30,,3945.57,,,3342,13168143.30,1186,F1,1,,,,,
2026-09-25,2026-09-25,CM,NSE,STK,1442,INE058A01010,SANOFI,EQ,,,,,SANOFI INDIA LIMITED,3120.20,3175.00,3120.20,3140.20,3143.40,3132.70,,3140.18,,,13319,41851679.20,3058,F1,1,,,,,
2026-09-25,2026-09-25,CM,NSE,STK,5751,INE953O01021,SANSERA,EQ,,,,,SANSERA ENGINEERING LTD,4629.60,4734.70,4570.00,4662.40,4670.00,4605.60,,4662.56,,,315334,1469102510.50,49591,F1,1,,,,,
2026-09-25,2026-09-25,CM,NSE,STK,24582,INE08NE01025,SANSTAR,EQ,,,,,SANSTAR LIMITED,108.90,109.81,107.80,108.42,108.74,109.40,,108.42,,,55139,5984889.63,1002,F1,1,,,,,
2026-09-25,2026-09-25,CM,NSE,STK,46,INE890C01046,SANWARIA,BZ,,,,,SANWARIA CONSUMER LIMITED,0.19,0.20,0.19,0.19,0.20,0.19,,0.19,,,332535,65342.81,117,F1,1,,,,,
2026-09-25,2026-09-25,CM,NSE,STK,6718,INE806T01020,SAPPHIRE,EQ,,,,,SAPPHIRE FOODS INDIA LTD,226.00,227.69,220.50,223.61,223.00,225.70,,223.62,,,366017,81611934.92,11376,F1,1,,,,,
2026-09-25,2026-09-25,CM,NSE,STK,19863,INE0PUC01020,SARTELE,SM,,,,,SAR TELEVENTURE LIMITED,96.95,98.15,89.00,91.65,90.50,98.40,,91.65,,,111000,10262250.00,204,F1,500,,,,,
2026-09-25,2026-09-25,CM,NSE,STK,762985,INE967G01019,ZSARACOM,EQ,,,,,SARASWATI COMM (INDIA) L,9950.00,10488.00,9950.00,10307.00,10052.00,9948.00,,10235.61,,,47,481571.00,27,F1,1,,,,,
2026-09-25,2026-09-25,CM,NSE,STK,24856,INE0PQ101010,SSDL,EQ,,,,,SARASWATI SAREE DEPOT LTD,69.92,74.00,68.10,73.31,73.94,66.30,,73.32,,,427404,30552362.70,6468,F1,1,,,,,
2026-09-25,2026-09-25,CM,NSE,STK,17758,INE385C01021,SARDAEN,EQ,,,,,SARDA ENERGY & MIN LTD,499.45,505.00,491.90,493.15,493.90,499.45,,493.17,,,250490,124455045.30,15702,F1,1,,,,,
2026-09-25,2026-09-25,CM,NSE,STK,4892,INE979A01025,SAREGAMA,EQ,,,,,SAREGAMA INDIA LIMITED,497.85,504.20,492.00,496.90,495.10,498.45,,496.90,,,197993,98588794.05,8186,F1,1,,,,,
2026-09-25,2026-09-25,CM,NSE,STK,14043,INE453D01025,SARLAPOLY,EQ,,,,,SARLA PERF. FIBERS LTD,99.99,101.70,99.43,100.29,100.00,99.99,,100.29,,,42794,4283573.90,499,F1,1,,,,,
2026-09-25,2026-09-25,CM,NSE,STK,18506,INE0PCL01011,SAROJA,SM,,,,,SAROJA PHARMA INDUS IND L,38.90,38.90,38.90,38.90,38.90,40.90,,38.90,,,1600,62240.00,1,F1,1600,,,,,
2026-09-25,2026-09-25,CM,NSE,STK,6843,INE017W01010,SMLT,EQ,,,,,SARTHAK METALS LIMITED,59.80,62.00,58.35,59.35,59.32,60.74,,59.35,,,7194,427291.42,211,F1,1,,,,,
2026-09-25,2026-09-25,CM,NSE,STK,12913,INE324X01026,SARVESHWAR,EQ,,,,,SARVESHWAR FOODS LIMITED,3.69,3.69,3.31,3.53,3.55,3.63,,3.53,,,3010745,10525159.88,2751,F1,1,,,,,
2026-09-25,2026-09-25,CM,NSE,STK,11983,INE231F01020,SASKEN,EQ,,,,,SASKEN TECHNOLOGIES LTD,1768.00,1768.00,1684.00,1691.10,1696.00,1736.80,,1691.32,,,33465,57006826.90,3208,F1,1,,,,,
2026-09-25,2026-09-25,CM,NSE,STK,29151,INE0NB801022,SATKARTAR,SM,,,,,SAT KARTAR LIFE LIMITED,179.00,194.00,165.00,187.70,187.10,179.45,,187.70,,,188800,34353560.00,192,F1,800,,,,,
2026-09-25,2026-09-25,CM,NSE,STK,24697,INE0RFP01011,SSEGL,SM,,,,,SATHLOKHAR SYN E&C GLOB L,400.00,400.00,390.20,396.30,392.50,400.20,,396.30,,,21000,8269910.00,88,F1,200,,,,,
2026-09-25,2026-09-25,CM,NSE,STK,24504,INE0RPM01017,SATIPOLY,SM,,,,,SATI POLY PLAST LIMITED,32.10,33.00,32.00,33.00,33.00,33.50,,33.00,,,1500,48550.00,3,F1,500,,,,,
2026-09-25,2026-09-25,CM,NSE,STK,11045,INE170E01023,SATIA,EQ,,,,,SATIA INDUSTRIES LIMITED,68.39,69.50,66.60,67.00,67.20,67.67,,67.00,,,76122,5133441.41,1186,F1,1,,,,,
2026-09-25,2026-09-25,CM,NSE,STK,10453,INE836B01017,SATIN,EQ,,,,,SATIN CREDIT NET LTD,224.89,238.78,223.28,236.65,237.30,226.15,,236.66,,,421528,97763411.41,7437,F1,1,,,,,
2026-09-25,2026-09-25,CM,NSE,STK,758960,INE14DW01018,SATTVAENGG,SM,,,,,SATTVA ENGINEERING CSTN L,57.95,59.00,57.95,58.85,58.85,57.30,,58.85,,,14400,846720.00,8,F1,1600,,,,,
2026-09-25,2026-09-25,CM,NSE,STK,3018,INE626A01014,SAURASHCEM,EQ,,,,,SAURASHTRA CEMENT LIMITED,53.00,56.90,52.40,55.72,55.30,52.76,,55.74,,,427455,23650458.64,4599,F1,1,,,,,
2026-09-25,2026-09-25,CM,NSE,STK,3021,INE035D01020,SOTL,EQ,,,,,SAVITA OIL TECHNOLO. LTD,726.90,744.00,707.50,713.20,714.00,726.50,,713.23,,,158106,114173931.50,9852,F1,1,,,,,
2026-09-25,2026-09-25,CM,NSE,STK,757704,INE0UCN01017,SAVY,SM,,,,,SAVY INFRA AND LOGI LTD,136.00,136.05,135.00,135.10,135.10,136.05,,135.10,,,6000,813780.00,5,F1,1200,,,,,
2026-09-25,2026-09-25,CM,NSE,STK,758444,INE10VS01016,SAWALIYA,SM,,,,,SAWALIYA FOOD PRODUCTS L,158.20,158.50,156.00,156.00,156.00,158.95,,156.00,,,6600,1043220.00,5,F1,600,,,,,
2026-09-25,2026-09-25,CM,NSE,STK,764875,INE327G01032,SAYAJIIND,EQ,,,,,SAYAJI INDUSTRIES LTD.,120.00,120.00,120.00,120.00,120.00,122.00,,120.00,,,501,60120.00,7,F1,1,,,,,
2026-09-25,2026-09-25,CM,NSE,STK,6792,INE04AK01028,SBC,EQ,,,,,SBC EXPORTS LIMITED,48.14,53.74,48.05,53.02,53.00,48.01,,53.01,,,23868200,1215195116.89,35552,F1,1,,,,,
2026-09-25,2026-09-25,CM,NSE,STK,18026,INE423Y01016,SBFC,EQ,,,,,SBFC FINANCE LIMITED,89.14,89.94,88.10,88.86,88.96,89.14,,88.86,,,779068,69149520.99,7079,F1,1,,,,,
2026-09-25,2026-09-25,CM,NSE,STK,17971,INE018E01016,SBICARD,EQ,,,,,SBI CARDS & PAY SER LTD,617.00,621.65,606.70,611.20,611.20,618.40,,611.03,,,1310548,803502265.75,37898,F1,1,,,,,
2026-09-25,2026-09-25,CM,NSE,STK,764173,INE640G01020,SBIFUNDS,EQ,,,,,SBI FUNDS MANAGEMENT LTD,537.45,539.90,528.05,531.15,532.80,537.60,,531.15,,,924166,491508312.75,57814,F1,1,,,,,
2026-09-25,2026-09-25,CM,NSE,STK,21808,INE123W01016,SBILIFE,EQ,,,,,SBI LIFE INSURANCE CO LTD,1755.00,1758.40,1732.30,1742.00,1742.00,1755.00,,1742.01,,,1018504,1779112953.60,50423,F1,1,,,,,
2026-09-25,2026-09-25,CM,NSE,STK,17272,INF200KA16D8,SETFGOLD,EQ,,,,,SBI-ETF GOLD,127.71,128.49,127.45,128.43,128.49,127.35,,128.43,,,4855940,622259832.12,9604,F1,1,,,,,
2026-09-25,2026-09-25,CM,NSE,STK,10176,INF200KA1FS1,SETFNIF50,EQ,,,,,SBI-ETF NIFTY 50,248.50,250.95,246.89,249.47,249.72,249.39,,249.47,,,782484,195009300.25,4423,F1,1,,,,,
2026-09-25,2026-09-25,CM,NSE,STK,7361,INF200KA1580,SETFNIFBK,EQ,,,,,SBI-ETF NIFTY BANK,557.28,573.60,557.28,571.30,571.75,571.57,,571.30,,,27349,15627820.57,1058,F1,1,,,,,
2026-09-25,2026-09-25,CM,NSE,STK,7353,INF200KA1598,SETFNN50,EQ,,,,,SBI-ETF NIFTY NEXT 50,765.66,775.97,764.37,770.95,775.60,769.51,,770.95,,,77801,59771368.26,4279,F1,1,,,,,
2026-09-25,2026-09-25,CM,NSE,STK,19705,INF200KA13Z8,LIQUIDSBI,EQ,,,,,SBIAMC - LIQUIDSBI,999.99,1000.01,999.99,1000.00,1000.01,1000.01,,1000.00,,,6659,6658949.37,28,F1,1,,,,,
2026-09-25,2026-09-25,CM,NSE,STK,30290,INF200KB1712,SBIBPB,EQ,,,,,SBIAMC - SBIBPB,48.50,48.50,48.07,48.09,48.23,48.03,,48.09,,,16193,779914.27,258,F1,1,,,,,
2026-09-25,2026-09-25,CM,NSE,STK,5168,INF200KA1X17,SBIETFCON,EQ,,,,,SBIAMC - SBIETFCON,117.45,118.98,117.26,117.65,117.35,117.45,,117.65,,,2524,297058.37,68,F1,1,,,,,
2026-09-25,2026-09-25,CM,NSE,STK,740,INF200KA1S14,SBIETFIT,EQ,,,,,SBIAMC - SBIETFIT,315.95,315.95,308.78,312.14,311.16,312.82,,312.14,,,4550,1415788.79,200,F1,1,,,,,
2026-09-25,2026-09-25,CM,NSE,STK,722,INF200KA1S22,SBIETFPB,EQ,,,,,SBIAMC - SBIETFPB,276.94,277.00,273.23,274.29,277.00,275.05,,274.29,,,4586,1259382.35,83,F1,1,,,,,
2026-09-25,2026-09-25,CM,NSE,STK,7218,INF200KA1WX6,SBIETFQLTY,EQ,,,,,SBIAMC - SBIETFQLTY,212.34,212.79,210.94,212.19,212.40,211.29,,212.19,,,968,205104.27,61,F1,1,,,,,
2026-09-25,2026-09-25,CM,NSE,STK,758496,INF200KB1969,SBILIQETF,EQ,,,,,SBIAMC - SBILIQETF,1057.60,1057.62,1057.60,1057.62,1057.62,1057.19,,1057.62,,,54249,57374802.40,67,F1,1,,,,,
2026-09-25,2026-09-25,CM,NSE,STK,761095,INF200KB1AJ0,SBIMIDMOM,EQ,,,,,SBIAMC - SBIMIDMOM,62.65,64.45,62.25,62.41,62.30,62.44,,62.41,,,45114,2816319.23,193,F1,1,,,,,
2026-09-25,2026-09-25,CM,NSE,STK,24524,INF200KB1282,SBINEQWETF,EQ,,,,,SBIAMC - SBINEQWETF,32.22,32.49,32.02,32.15,32.49,32.17,,32.13,,,15234,489943.14,167,F1,1,,,,,
2026-09-25,2026-09-25,CM,NSE,STK,761741,INF200KB1AK8,SBINMID150,EQ,,,,,SBIAMC - SBINMID150,22.99,23.20,22.35,22.61,22.97,22.61,,22.57,,,94237,2111118.27,158,F1,1,,,,,
2026-09-25,2026-09-25,CM,NSE,STK,24366,INF200KB1217,SBISILVER,EQ,,,,,SBIAMC - SBISILVER,221.90,224.54,220.85,224.28,224.52,221.28,,224.28,,,669388,149552465.50,7403,F1,1,,,,,
2026-09-25,2026-09-25,CM,NSE,STK,763543,INF200KB1AY9,SBISMLETF,EQ,,,,,SBIAMC - SBISMLETF,18.20,18.38,18.10,18.16,18.25,18.20,,18.16,,,38701,702765.12,212,F1,1,,,,,
2026-09-25,2026-09-25,CM,NSE,STK,763546,INF200KB1AX1,SBIVALETF,EQ,,,,,SBIAMC - SBIVALETF,14.50,14.50,14.37,14.37,14.38,14.43,,14.37,,,7112,102374.27,43,F1,1,,,,,
2026-09-25,2026-09-25,CM,NSE,STK,17395,INF200KA1JT1,SETF10GILT,EQ,,,,,SBIAMC - SETF10GILT,262.26,263.40,261.02,262.51,262.51,263.36,,262.51,,,4755,1244160.06,66,F1,1,,,,,
2026-09-25,2026-09-25,CM,NSE,STK,762887,INE099G01011,SCANSTL,BE,,,,,SCAN STEELS LTD.,51.99,53.53,50.50,53.01,53.52,50.99,,52.66,,,28106,1472778.34,114,F1,1,,,,,
2026-09-25,2026-09-25,CM,NSE,STK,1011,INE513A01022,SCHAEFFLER,EQ,,,,,SCHAEFFLER INDIA LIMITED,4033.00,4041.50,3968.00,4007.70,3999.00,4024.20,,4007.53,,,20334,81285804.00,5636,F1,1,,,,,
2026-09-25,2026-09-25,CM,NSE,STK,31234,INE839M01018,SCHNEIDER,EQ,,,,,SCHNEIDER ELECTRIC INFRA,1218.80,1236.00,1204.10,1209.50,1211.00,1218.80,,1209.46,,,169734,206344445.20,13468,F1,1,,,,,
2026-09-25,2026-09-25,CM,NSE,STK,30238,INE148I07WU1,902SCL28,N1,,,,,SCL 9.02% SR V,1010.00,1010.00,1010.00,1010.00,1010.00,1010.00,,1010.00,,,724,731240.00,6,F1,1,,,,,
2026-09-25,2026-09-25,CM,NSE,STK,28901,INE148I07VL2,925SCL26W,N1,,,,,SCL 9.25% 2026 SR II,1027.69,1027.69,1027.69,1027.69,1027.69,992.07,,1027.69,,,5,5138.45,1,F1,1,,,,,
2026-09-25,2026-09-25,CM,NSE,STK,757469,INE148I07XL8,965SCL30,ND,,,,,SCL 9.65% 2030 SR VII,1000.00,1000.00,899.00,899.00,899.00,998.00,,899.00,,,501,451409.00,2,F1,1,,,,,
2026-09-25,2026-09-25,CM,NSE,STK,757478,INE090501011,SCODATUBES,EQ,,,,,SCODA TUBES LIMITED,134.46,139.97,131.45,136.61,137.00,133.79,,136.61,,,618113,83904127.37,6101,F1,1,,,,,
2026-09-25,2026-09-25,CM,NSE,STK,24096,IN1520240012,723GJ27,SG,,,,,SDL GJ 7.23% 2027,101.12,101.12,101.12,101.12,101.12,101.60,,101.12,,,100,10112.00,1,F1,100,,,,,
2026-09-25,2026-09-25,CM,NSE,STK,20367,IN1520230104,758GJ26,SG,,,,,SDL GJ 7.58% 2026,101.00,101.00,101.00,101.00,101.00,101.00,,101.00,,,100,10100.00,1,F1,100,,,,,
2026-09-25,2026-09-25,CM,NSE,STK,20927,IN1520230153,758GJ32,SG,,,,,SDL GJ 7.58% 2032,98.72,100.00,98.72,100.00,100.00,98.16,,100.00,,,200,19872.00,2,F1,100,,,,,
2026-09-25,2026-09-25,CM,NSE,STK,761748,IN2020250345,804KL46,SG,,,,,SDL KL 8.04% 2046,101.00,101.00,101.00,101.00,101.00,101.00,,101.00,,,100,10100.00,1,F1,100,,,,,
2026-09-25,2026-09-25,CM,NSE,STK,763069,IN2220260060,779MH54,SG,,,,,SDL MH 7.79% 2054,99.00,99.00,99.00,99.00,99.00,99.00,,99.50,,,100,9900.00,1,F1,100,,,,,
2026-09-25,2026-09-25,CM,NSE,STK,759337,IN3120250318,744TN55A,SG,,,,,SDL TN 7.44% 2055,92.61,92.61,92.61,92.61,92.61,94.50,,92.61,,,100,9261.00,1,F1,100,,,,,
2026-09-25,2026-09-25,CM,NSE,STK,8689,IN3620210051,734UK32,SG,,,,,SDL UK 7.34% 2032,100.60,100.60,100.60,100.60,100.60,99.00,,100.60,,,100,10060.00,1,F1,100,,,,,
2026-09-25,2026-09-25,CM,NSE,STK,23546,IN3620240017,75UK29,SG,,,,,SDL UK 7.5% 2029,101.67,102.50,101.67,102.50,102.50,101.48,,102.50,,,200,20417.00,2,F1,100,,,,,
2026-09-25,2026-09-25,CM,NSE,STK,2616,INE497B01018,SEAMECLTD,EQ,,,,,SEAMEC LIMITED,1739.00,1739.10,1695.20,1712.20,1711.00,1730.10,,1712.03,,,31625,54205710.50,3841,F1,1,,,,,
2026-09-25,2026-09-25,CM,NSE,STK,6207,INE530B07187,IIFLZC26,NN,,,,,SEC RE NCD 0% SR.VII,1510.00,1510.00,1510.00,1510.00,1510.00,1500.00,,1510.00,,,77,116270.00,2,F1,1,,,,,
2026-09-25,2026-09-25,CM,NSE,STK,7674,INE477L07AS8,IIFLHF29,NE,,,,,SEC RE NCD 0% SR.VIII,1350.00,1403.00,1350.00,1401.65,1400.00,1458.40,,1401.65,,,20,27516.50,4,F1,1,,,,,
2026-09-25,2026-09-25,CM,NSE,STK,20771,INE413U07277,10ISFL26,N3,,,,,SEC RE NCD 10% SR 4,1065.00,1065.00,1065.00,1065.00,1065.00,1070.80,,1065.00,,,50,53250.00,1,F1,1,,,,,
2026-09-25,2026-09-25,CM,NSE,STK,12465,INE741K07496,10CAGL27,N5,,,,,SEC RE NCD 10% SR. V,1019.90,1020.00,1019.90,1020.00,1020.00,1008.00,,1020.00,,,100,101999.00,3,F1,1,,,,,
2026-09-25,2026-09-25,CM,NSE,STK,23303,INE148I07SS3,1015SCFL29,YY,,,,,SEC RE NCD 10.15% SR VII,1045.37,1045.37,1000.00,1026.99,1026.99,1019.11,,1026.99,,,268,277542.06,4,F1,1,,,,,
2026-09-25,2026-09-25,CM,NSE,STK,21016,INE148I07RS5,925SCL28B,YC,,,,,SEC RE NCD 10.15% SR VII,1055.60,1276.00,1055.50,1276.00,1276.00,1074.00,,1276.00,,,500,549650.50,26,F1,1,,,,,
2026-09-25,2026-09-25,CM,NSE,STK,14710,INE148I07OH5,1015SCL28A,AL,,,,,SEC RE NCD 10.15% SR.VII,450.00,450.00,450.00,450.00,450.00,410.00,,450.00,,,2,900.00,1,F1,1,,,,,
2026-09-25,2026-09-25,CM,NSE,STK,21056,INE148I07RZ0,835SCL23B,YM,,,,,SEC RE NCD 10.25% SR XII,1007.00,1049.90,1007.00,1049.90,1049.90,1007.00,,1028.45,,,204,208079.54,5,F1,1,,,,,
2026-09-25,2026-09-25,CM,NSE,STK,18906,INE148I07PV3,888SCL25E,N4,,,,,SEC RE NCD 10.25% SR XII,691.20,858.00,691.20,858.00,858.00,864.00,,779.25,,,3,2407.20,2,F1,1,,,,,
2026-09-25,2026-09-25,CM,NSE,STK,20130,INE148I07RB1,965SCL25F,NZ,,,,,SEC RE NCD 10.25% SR XII,805.30,805.30,805.30,805.30,805.30,815.02,,788.30,,,3,2415.90,1,F1,1,,,,,
2026-09-25,2026-09-25,CM,NSE,STK,25916,INE583D07513,1040UCL27B,N1,,,,,SEC RE NCD 10.40% SR III,1000.00,1000.00,1000.00,1000.00,1000.00,1000.00,,1000.00,,,1,1000.00,1,F1,1,,,,,
2026-09-25,2026-09-25,CM,NSE,STK,20784,INE413U07251,1050ISFL28,N5,,,,,SEC RE NCD 10.50% SR 6,1077.80,1077.80,1065.30,1075.00,1075.00,1078.80,,1075.00,,,827,885104.10,6,F1,1,,,,,
2026-09-25,2026-09-25,CM,NSE,STK,15249,INE244L07556,1003SFIL28,NX,,,,,SEC RE NCD 10.50% SR.VII,400.50,494.80,400.30,459.85,490.00,498.00,,459.85,,,379,153945.80,10,F1,1,,,,,
2026-09-25,2026-09-25,CM,NSE,STK,23123,INE342T07460,1065NFL27,NC,,,,,SEC RE NCD 10.65% SR.IV,1015.00,1019.44,1010.00,1011.00,1011.00,1015.00,,1011.50,,,292,295780.30,14,F1,1,,,,,
2026-09-25,2026-09-25,CM,NSE,STK,23319,INE148I07SR5,1075SCFL34,Z6,,,,,SEC RE NCD 10.75% SR XI,1065.00,1065.00,1065.00,1065.00,1065.00,1065.00,,1065.00,,,20,21300.00,1,F1,1,,,,,
2026-09-25,2026-09-25,CM,NSE,STK,18902,INE148I07PT7,1075SCL33A,N2,,,,,SEC RE NCD 10.75% SR XI,945.00,945.00,945.00,945.00,945.00,945.00,,945.00,,,449,424305.00,4,F1,1,,,,,
2026-09-25,2026-09-25,CM,NSE,STK,11658,INE0H7R07017,79NHIT35,N1,,,,,SEC RE NCD 7.90% STRPP A,311.95,312.98,311.95,312.84,312.98,309.69,,312.68,,,8,2500.00,4,F1,1,,,,,
2026-09-25,2026-09-25,CM,NSE,STK,11665,INE0H7R07025,79NHIT40,N2,,,,,SEC RE NCD 7.90% STRPP B,312.99,312.99,312.99,312.99,312.99,314.00,,312.99,,,190,59468.10,1,F1,1,,,,,
2026-09-25,2026-09-25,CM,NSE,STK,11669,INE0H7R07033,79NHIT47,N3,,,,,SEC RE NCD 7.90% STRPP C,419.00,419.00,417.00,417.00,417.00,419.50,,418.00,,,1165,486751.00,7,F1,1,,,,,
2026-09-25,2026-09-25,CM,NSE,STK,7648,INE477L07AN9,820IIFL27,N9,,,,,SEC RE NCD 8.20% SR.III,999.89,999.89,999.89,999.89,999.89,992.01,,999.44,,,5,4999.45,1,F1,1,,,,,
2026-09-25,2026-09-25,CM,NSE,STK,3464,INE219X07264,82IGT31,NJ,,,,,SEC RE NCD 8.20% SR.V,1043.50,1043.95,1043.50,1043.95,1043.95,1034.81,,1043.95,,,250,260942.00,3,F1,1,,,,,
2026-09-25,2026-09-25,CM,NSE,STK,6197,INE530B07161,842IIFL26,NL,,,,,SEC RE NCD 8.42% SR.V,997.80,998.00,997.00,997.00,997.00,996.00,,997.05,,,600,598460.00,4,F1,1,,,,,
2026-09-25,2026-09-25,CM,NSE,STK,7668,INE477L07AQ2,843IHFL29,NC,,,,,SEC RE NCD 8.43% SR.VI,985.00,985.00,985.00,985.00,985.00,993.98,,985.00,,,1,985.00,1,F1,1,,,,,
2026-09-25,2026-09-25,CM,NSE,STK,17039,INE530B07385,865IFL28,NZ,,,,,SEC RE NCD 8.65% SR.V,981.51,981.51,981.51,981.51,981.51,982.02,,981.51,,,10,9815.10,1,F1,1,,,,,
2026-09-25,2026-09-25,CM,NSE,STK,13852,INE530B07310,865IIFL28,NS,,,,,SEC RE NCD 8.65% SR.V,991.98,991.98,991.98,991.98,991.98,985.01,,991.98,,,1,991.98,1,F1,1,,,,,
2026-09-25,2026-09-25,CM,NSE,STK,13854,INE530B07260,9IIFL28A,NT,,,,,SEC RE NCD 9% SR.VI,1049.80,1049.80,1049.10,1049.50,1049.50,1049.80,,1049.50,,,265,278156.30,6,F1,1,,,,,
2026-09-25,2026-09-25,CM,NSE,STK,11368,INE148I07ML1,905SC24B,Z9,,,,,SEC RE NCD 9.15% SR.VIII,992.00,992.00,992.00,992.00,992.00,992.00,,993.33,,,20,19840.00,1,F1,1,,,,,
2026-09-25,2026-09-25,CM,NSE,STK,7769,INE148I07LC2,925SCFL27,YA,,,,,SEC RE NCD 9.25% SR.VII,1063.80,1063.80,1055.00,1063.80,1063.80,1063.80,,1063.80,,,179,190156.20,4,F1,1,,,,,
2026-09-25,2026-09-25,CM,NSE,STK,23708,INE338I07107,935MOFSL29,N5,,,,,SEC RE NCD 9.35% SR VI,1049.00,1049.99,1049.00,1049.99,1049.99,1051.00,,1049.99,,,111,116474.64,2,F1,1,,,,,
2026-09-25,2026-09-25,CM,NSE,STK,13497,INE148I07ND6,965SCL25C,N0,,,,,SEC RE NCD 9.39% SR.VIII,420.80,420.80,420.80,420.80,420.80,402.20,,420.80,,,97,40817.60,2,F1,1,,,,,
2026-09-25,2026-09-25,CM,NSE,STK,20075,INE148I07QK4,948SCL26A,NN,,,,,SEC RE NCD 9.48% SR V,324.99,324.99,324.99,324.99,324.99,333.33,,322.10,,,1,324.99,1,F1,1,,,,,
2026-09-25,2026-09-25,CM,NSE,STK,25287,INE423A07328,965AEL27,N4,,,,,SEC RE NCD 9.65% SR IV,1014.00,1014.00,999.00,999.00,999.00,1014.00,,999.00,,,200,201300.00,2,F1,1,,,,,
2026-09-25,2026-09-25,CM,NSE,STK,18487,INE741K07579,970CAGL28,ND,,,,,SEC RE NCD 9.70% SR VII,1015.05,1015.05,1015.00,1015.00,1015.00,1015.00,,1020.00,,,26,26390.80,2,F1,1,,,,,
2026-09-25,2026-09-25,CM,NSE,STK,23712,INE338I07123,97MOFSL34,N7,,,,,SEC RE NCD 9.70% SR VIII,1099.90,1099.90,1099.90,1099.90,1099.90,1095.00,,1099.90,,,1,1099.90,1,F1,1,,,,,
2026-09-25,2026-09-25,CM,NSE,STK,13487,INE148I07NG9,894SCL27,ZY,,,,,SEC RE NCD 9.80% SR.VII,750.00,750.00,750.00,750.00,750.00,695.00,,750.00,,,40,30000.00,1,F1,1,,,,,
2026-09-25,2026-09-25,CM,NSE,STK,23293,INE148I07SG8,990SCL27,YT,,,,,SEC RE NCD 9.9% SR IV,1047.80,1048.00,1047.80,1048.00,1048.00,1047.70,,1048.00,,,86,90120.00,2,F1,1,,,,,
2026-09-25,2026-09-25,CM,NSE,STK,23944,INE148I07TF8,99SCL27,ZH,,,,,SEC RE NCD 9.9% SR IV,1015.05,1015.05,1014.20,1014.43,1014.20,1009.80,,1014.43,,,196,198828.60,6,F1,1,,,,,
2026-09-25,2026-09-25,CM,NSE,STK,25296,INE423A07344,99AEL29,N7,,,,,SEC RE NCD 9.90% SR VII,1067.99,1067.99,1037.10,1067.98,1067.98,1067.99,,1067.98,,,826,876013.61,9,F1,1,,,,,
2026-09-25,2026-09-25,CM,NSE,STK,28854,INE477L07BA4,IHFL261224,N1,,,,,SEC RE NCD SR II,1150.80,1150.80,1150.80,1150.80,1150.80,1150.80,,1150.80,,,108,124286.40,2,F1,1,,,,,
2026-09-25,2026-09-25,CM,NSE,STK,23704,INE338I07099,0MOFSL27,N3,,,,,SEC RE NCD SR IV,1234.49,1234.50,1234.49,1234.50,1234.50,1223.00,,1234.50,,,41,50614.49,4,F1,1,,,,,
2026-09-25,2026-09-25,CM,NSE,STK,14219,INE00QS24043,IMC1,N1,,,,,SEC RE NCGB 8.25% STRPP B,251.00,251.00,251.00,251.00,251.00,251.00,,251.00,,,2,502.00,1,F1,1,,,,,
2026-09-25,2026-09-25,CM,NSE,STK,14228,INE00QS24035,IMC1,N3,,,,,SEC RE NCGB 8.25% STRPP D,251.70,251.70,251.10,251.10,251.10,251.00,,251.10,,,200,50253.00,3,F1,1,,,,,
2026-09-25,2026-09-25,CM,NSE,STK,7975,INE804IA7014,1015ECL29,NR,,,,,SEC RED NCD 10.15% SR. VI,1015.10,1019.00,1015.00,1019.00,1019.00,1019.40,,1019.00,,,4,4064.10,3,F1,1,,,,,
2026-09-25,2026-09-25,CM,NSE,STK,7986,INE804IA7022,1060ECL29,NS,,,,,SEC RED NCD 10.6% SR. VII,1119.00,1119.00,1119.00,1119.00,1119.00,1080.00,,1119.00,,,100,111900.00,1,F1,1,,,,,
2026-09-25,2026-09-25,CM,NSE,STK,16870,INE033L07GS6,81TCHF28,N8,,,,,SEC RED NCD 8.10% SR.IV,1049.99,1049.99,1049.99,1049.99,1049.99,1015.00,,1001.01,,,10,10499.90,1,F1,1,,,,,
2026-09-25,2026-09-25,CM,NSE,STK,16874,INE033L07GU2,84TCHF28,NA,,,,,SEC RED NCD 8.40% SR.V,1005.00,1069.00,1005.00,1069.00,1069.00,1068.00,,1069.50,,,269,273481.00,3,F1,1,,,,,
2026-09-25,2026-09-25,CM,NSE,STK,498,INE721A07NU1,903SFL28,YI,,,,,SEC RED NCD 9.03% SR. II,1028.50,1028.50,1021.05,1022.52,1022.52,1027.00,,1022.52,,,798,817826.33,10,F1,1,,,,,
2026-09-25,2026-09-25,CM,NSE,STK,8625,INE721A07ON4,957ICCL25,YW,,,,,SEC RED NCD 9.30% SR. II,1045.00,1045.00,1045.00,1045.00,1045.00,1036.00,,1045.00,,,38,39710.00,1,F1,1,,,,,
2026-09-25,2026-09-25,CM,NSE,STK,4288,INE804I078Y8,943ECL28,NJ,,,,,SEC RED NCD 9.43% SR. VI,1004.10,1004.10,1003.00,1003.00,1003.00,1001.56,,1003.00,,,12,12047.00,3,F1,1,,,,,
2026-09-25,2026-09-25,CM,NSE,STK,8642,INE721A07OQ7,97SFL29,YZ,,,,,SEC RED NCD 9.70% SR. V,1099.55,1099.55,1099.55,1099.55,1099.55,1095.05,,1099.55,,,10,10995.50,1,F1,1,,,,,
2026-09-25,2026-09-25,CM,NSE,STK,4292,INE804I079Y6,985ECL28,NK,,,,,SEC RED NCD 9.85% SR. VII,1009.99,1009.99,1008.00,1009.12,1009.98,1008.62,,1009.13,,,476,480339.72,9,F1,1,,,,,
2026-09-25,2026-09-25,CM,NSE,STK,19496,INE0BTM01013,SECMARK,EQ,,,,,SECMARK CONSULTANCY LTD,130.05,146.30,130.00,137.12,141.00,142.50,,137.41,,,2594,350903.06,113,F1,1,,,,,
2026-09-25,2026-09-25,CM,NSE,STK,11058,INE650K01021,SECURKLOUD,EQ,,,,,SECUREKLOUD TECH LIMITED,16.31,17.13,16.31,17.10,17.13,16.72,,17.10,,,10085,170600.95,84,F1,1,,,,,
2026-09-25,2026-09-25,CM,NSE,STK,761153,INE00XB01019,SEDEMAC,EQ,,,,,SEDEMAC MECHATRONICS LTD,3355.00,3545.00,3271.40,3444.90,3450.00,3313.60,,3444.46,,,801056,2716417709.90,92454,F1,1,,,,,
2026-09-25,2026-09-25,CM,NSE,STK,7091,INE955I01044,SEJALLTD,EQ,,,,,SEJAL GLASS LIMITED,687.95,688.50,656.00,682.70,688.50,683.05,,682.70,,,152803,103396606.10,242,F1,1,,,,,
2026-09-25,2026-09-25,CM,NSE,STK,757982,INE0IJF01013,SELLOWRAP,SM,,,,,SELLOWRAP INDUSTRIES LTD,65.35,65.35,64.80,64.80,64.80,64.70,,64.80,,,4800,312000.00,3,F1,1600,,,,,
2026-09-25,2026-09-25,CM,NSE,STK,11961,INE617A01013,SEMAC,EQ,,,,,SEMAC CONSTRUCTION LTD,268.40,268.40,255.00,255.00,255.00,268.40,,254.11,,,1613,413670.40,50,F1,1,,,,,
2026-09-25,2026-09-25,CM,NSE,STK,17271,INE602W01027,SENCO,EQ,,,,,SENCO GOLD LIMITED,336.00,336.00,327.55,331.10,330.00,336.00,,331.14,,,681767,225143824.80,27065,F1,1,,,,,
2026-09-25,2026-09-25,CM,NSE,STK,28888,INE0RB801010,SENORES,EQ,,,,,SENORES PHARMACEUTICALS L,1344.30,1394.40,1336.30,1355.20,1350.10,1344.30,,1355.24,,,280996,383599103.80,26947,F1,1,,,,,
2026-09-25,2026-09-25,CM,NSE,STK,15308,INE964H01014,SEPC,EQ,,,,,SEPC LIMITED,5.10,5.17,5.04,5.12,5.12,5.12,,5.12,,,6035158,30787640.58,3392,F1,1,,,,,
2026-09-25,2026-09-25,CM,NSE,STK,20713,INE027E07BB0,85LTF26,NM,,,,,SERENCD 8.50% SR.VI OP11,1066.10,1066.10,1066.10,1066.10,1066.10,1000.00,,1066.10,,,35,37313.50,1,F1,1,,,,,
2026-09-25,2026-09-25,CM,NSE,STK,20655,INE027E07998,898LTF29,N7,,,,,SERENCD 8.98% SR.VI OP2,1066.00,1088.00,1066.00,1088.00,1088.00,1066.50,,1079.00,,,18,19336.00,7,F1,1,,,,,
2026-09-25,2026-09-25,CM,NSE,STK,20687,INE027E07AL1,905LTF27,NF,,,,,SERENCD 9.05% SR.VI OPII,1045.00,1045.00,1045.00,1045.00,1045.00,1045.11,,1045.00,,,200,209000.00,4,F1,1,,,,,
2026-09-25,2026-09-25,CM,NSE,STK,21197,INE306N07LM5,865TCAPS27,N8,,,,,SERENCD8.65%SR.IIICIII&IV,1012.20,1018.00,1007.00,1012.00,1012.00,1012.20,,1012.10,,,1732,1749086.00,29,F1,1,,,,,
2026-09-25,2026-09-25,CM,NSE,STK,17399,INE0P1Q01015,SERVICE,SM,,,,,SERVICE CARE LIMITED,66.35,66.35,66.35,66.35,66.35,66.35,,66.35,,,2000,132700.00,1,F1,2000,,,,,
2026-09-25,2026-09-25,CM,NSE,STK,5507,INE782X01033,SERVOTECH,EQ,,,,,SERVOTECH REN POW SYS LTD,70.15,71.19,69.51,70.76,71.19,70.29,,70.76,,,379256,26643281.13,4313,F1,1,,,,,
2026-09-25,2026-09-25,CM,NSE,STK,759934,INE04VU01023,STYL,EQ,,,,,SESHAASAI TECHNOLOGIES L,372.45,394.00,370.65,381.85,379.15,370.35,,381.86,,,468659,180151250.65,13114,F1,1,,,,,
2026-09-25,2026-09-25,CM,NSE,STK,3066,INE630A01024,SESHAPAPER,EQ,,,,,SESHASAYEE PAPER & BOARDS,244.00,248.08,240.20,246.27,245.06,244.74,,246.29,,,34098,8360262.82,1081,F1,1,,,,,
2026-09-25,2026-09-25,CM,NSE,STK,17518,INE878E01021,SETCO,BE,,,,,SETCO AUTOMOTIVE LTD,18.60,18.78,18.00,18.47,18.56,17.89,,18.61,,,119430,2213600.18,270,F1,1,,,,,
2026-09-25,2026-09-25,CM,NSE,STK,18024,INE023M01027,SETUINFRA,BZ,,,,,SETUBANDHAN INFRA LTD,0.56,0.56,0.55,0.55,0.55,0.56,,0.55,,,21886,12044.21,33,F1,1,,,,,
2026-09-25,2026-09-25,CM,NSE,STK,10836,INE573R01012,SEYAIND,BE,,,,,SEYA INDUSTRIES LIMITED,14.33,14.33,13.81,13.87,14.20,14.05,,13.86,,,20788,296832.58,78,F1,1,,,,,
2026-09-25,2026-09-25,CM,NSE,STK,758853,INE618R01015,SGFIN,EQ,,,,,SG FINSERVE LIMITED,603.00,616.90,596.20,609.70,610.00,601.55,,609.74,,,137855,83884029.70,6411,F1,1,,,,,
2026-09-25,2026-09-25,CM,NSE,STK,758889,INE385F01024,SGMART,EQ,,,,,SG MART LIMITED,723.85,743.20,715.30,731.00,727.80,717.15,,731.05,,,161034,117905666.60,11917,F1,1,,,,,
2026-09-25,2026-09-25,CM,NSE,STK,765247,INE967B01028,SGLRES,EQ,,,,,SGL RESOURCES LIMITED,2.37,2.43,2.26,2.39,2.42,2.32,,2.38,,,31495,73573.95,176,F1,1,,,,,
2026-09-25,2026-09-25,CM,NSE,STK,761469,INE12UN01015,SHADOWFAX,EQ,,,,,SHADOWFAX TECHNOLOGIES L,286.00,291.45,280.95,282.45,282.30,285.80,,282.46,,,2507956,718689879.35,52928,F1,1,,,,,
2026-09-25,2026-09-25,CM,NSE,STK,11859,INE640C01011,SHAHALLOYS,BE,,,,,SHAH ALLOYS LIMITED,92.30,94.50,91.10,92.83,94.40,92.01,,92.85,,,58660,5402844.48,83,F1,1,,,,,
2026-09-25,2026-09-25,CM,NSE,STK,20296,INE482J01021,SHAH,EQ,,,,,SHAH METACORP LIMITED,3.20,3.24,3.17,3.22,3.23,3.20,,3.22,,,1640107,5264582.76,802,F1,1,,,,,
2026-09-25,2026-09-25,CM,NSE,STK,8727,INE151G01028,SHAILY,EQ,,,,,SHAILY ENG PLASTICS LTD,3122.00,3220.00,3100.10,3142.30,3209.90,3112.10,,3142.88,,,76625,239826189.90,10324,F1,1,,,,,
2026-09-25,2026-09-25,CM,NSE,STK,25574,INE908D01010,SHAKTIPUMP,EQ,,,,,SHAKTI PUMPS (I) LTD,471.50,471.50,463.00,466.90,467.45,472.15,,466.89,,,205670,95931025.45,10658,F1,1,,,,,
2026-09-25,2026-09-25,CM,NSE,STK,714,INE597J01018,SHALBY,EQ,,,,,SHALBY LIMITED,143.00,148.80,143.00,147.12,147.70,143.77,,147.16,,,106923,15672004.42,2554,F1,1,,,,,
2026-09-25,2026-09-25,CM,NSE,STK,761688,INE861D01011,SAHLIBHFI,EQ,,,,,SHALIBHADRA FINANCE LTD,79.49,79.90,76.60,77.55,78.25,78.24,,77.50,,,21320,1666685.72,451,F1,1,,,,,
2026-09-25,2026-09-25,CM,NSE,STK,15346,INE849C01026,SHALPAINTS,BE,,,,,SHALIM PAINTS LTD,76.02,80.20,74.50,76.85,76.99,76.65,,76.71,,,83223,6360989.22,431,F1,1,,,,,
2026-09-25,2026-09-25,CM,NSE,STK,25737,INE01NE01012,SRD,EQ,,,,,SHANKAR LAL RAMPAL LTD,39.98,39.98,39.02,39.19,39.14,39.45,,39.19,,,4387,172298.26,99,F1,1,,,,,
2026-09-25,2026-09-25,CM,NSE,STK,20321,INE274V01019,SHANKARA,EQ,,,,,SHANKARA BLDG PRODUCT LTD,137.18,139.91,130.65,132.98,130.70,137.18,,132.98,,,59779,8039791.24,871,F1,1,,,,,
2026-09-25,2026-09-25,CM,NSE,STK,760594,INE24OJ01011,BUILDPRO,EQ,,,,,SHANKARA BUILDPRO LIMITED,1285.30,1285.30,1259.30,1276.10,1265.00,1272.60,,1276.08,,,51409,65487097.30,3048,F1,1,,,,,
2026-09-25,2026-09-25,CM,NSE,STK,765382,INE1WFC01025,SHANKESH,EQ,,,,,SHANKESH JEWELLERS LTD,91.55,92.97,89.67,91.36,91.35,91.51,,91.37,,,3614271,330475133.98,19504,F1,1,,,,,
2026-09-25,2026-09-25,CM,NSE,STK,19752,INE0Q9Q01017,SHANTHALA,SM,,,,,SHANTHALA FMCG PRODUCTS L,15.45,15.45,15.40,15.40,15.40,15.60,,15.40,,,6000,92580.00,3,F1,1200,,,,,
2026-09-25,2026-09-25,CM,NSE,STK,3078,INE631A01022,SHANTIGEAR,EQ,,,,,SHANTHI GEARS LTD,666.25,676.90,661.00,666.55,661.20,666.25,,666.25,,,28415,18967132.70,1904,F1,1,,,,,
2026-09-25,2026-09-25,CM,NSE,STK,762889,INE440T01028,SEIL,EQ,,,,,SHANTI EDU INITIATIVES L,196.27,196.27,190.05,191.94,193.60,194.69,,191.97,,,148612,28523197.43,1485,F1,1,,,,,
2026-09-25,2026-09-25,CM,NSE,STK,758002,INE06ZD01017,SHANTIGOLD,EQ,,,,,SHANTI GOLD INTERNATION L,289.80,333.09,288.99,325.68,316.30,283.62,,325.68,,,36407266,11485570925.60,366921,F1,1,,,,,
2026-09-25,2026-09-25,CM,NSE,STK,765577,INE1ZEE01019,SHANTIINOR,SM,,,,,SHANTI INORGANICS LIMITED,175.00,184.40,175.00,183.80,184.35,175.95,,183.80,,,113600,20698960.00,70,F1,1600,,,,,
2026-09-25,2026-09-25,CM,NSE,STK,5650,INE933X01016,SHANTI,EQ,,,,,SHANTI OVERSEAS INDIA LTD,5.88,5.88,5.52,5.68,5.68,5.62,,5.68,,,10428,59656.68,56,F1,1,,,,,
2026-09-25,2026-09-25,CM,NSE,STK,762904,INE220Z01013,SHINDL,EQ,,,,,SHARAT INDUSTRIES LTD.,162.78,163.80,159.84,161.16,161.88,162.78,,161.16,,,334150,53774338.74,1317,F1,1,,,,,
2026-09-25,2026-09-25,CM,NSE,STK,4992,INE221J01015,SHARDACROP,EQ,,,,,SHARDA CROPCHEM LTD.,740.00,753.35,734.00,749.60,747.05,740.90,,749.61,,,75418,56085116.25,6194,F1,1,,,,,
2026-09-25,2026-09-25,CM,NSE,STK,10530,INE597I01028,SHARDAMOTR,EQ,,,,,SHARDA MOTOR INDS LTD,974.90,978.00,941.10,956.35,956.00,961.85,,956.35,,,45449,43559510.55,6790,F1,1,,,,,
2026-09-25,2026-09-25,CM,NSE,STK,762897,INE037B01020,SHARDUL,BE,,,,,SHARDUL SECURITIES LTD.,55.00,56.56,54.80,55.40,55.40,55.28,,55.40,,,15450,856598.47,68,F1,1,,,,,
2026-09-25,2026-09-25,CM,NSE,STK,104,INE932X01026,SHAREINDIA,EQ,,,,,SHARE IND. SECURITIES LTD,213.00,213.00,206.55,209.62,208.10,211.85,,209.60,,,1080901,225895924.25,14088,F1,1,,,,,
2026-09-25,2026-09-25,CM,NSE,STK,19469,INE460Q01014,SCML,SM,,,,,SHARP CHUCKS N MACHINES L,75.00,75.00,75.00,75.00,75.00,75.00,,75.00,,,1000,75000.00,1,F1,1000,,,,,
2026-09-25,2026-09-25,CM,NSE,STK,759410,INE0YJV01017,SHEEL,ST,,,,,SHEEL BIOTECH LIMITED,63.30,63.30,63.30,63.30,63.30,60.60,,63.30,,,2000,126600.00,1,F1,2000,,,,,
2026-09-25,2026-09-25,CM,NSE,STK,19184,INE916U01025,SFL,EQ,,,,,SHEELA FOAM LIMITED,638.80,644.90,629.35,634.60,635.00,642.40,,634.61,,,105699,67095495.10,8712,F1,1,,,,,
2026-09-25,2026-09-25,CM,NSE,STK,12081,INE501Y01019,SCPL,BE,,,,,SHEETAL COOL PRODUCTS LTD,641.00,647.95,628.10,632.10,639.90,630.55,,632.18,,,2669,1707085.60,103,F1,1,,,,,
2026-09-25,2026-09-25,CM,NSE,STK,20415,INE04VX01019,SHEETAL,SM,,,,,SHEETAL UNIVERSAL LIMITED,358.00,359.00,358.00,358.80,359.00,357.90,,358.80,,,3000,1076000.00,6,F1,500,,,,,
2026-09-25,2026-09-25,CM,NSE,STK,21099,INE268L01046,SHEKHAWATI,BE,,,,,SHEKHAWATI INDUSTRIES LTD,26.26,27.39,26.26,27.39,27.39,26.09,,27.48,,,26961,734668.56,60,F1,1,,,,,
2026-09-25,2026-09-25,CM,NSE,STK,5072,INE363M01019,SHEMAROO,BE,,,,,SHEMAROO ENTER. LTD.,122.30,125.68,120.50,124.51,125.00,122.91,,124.51,,,22366,2784309.78,93,F1,1,,,,,
2026-09-25,2026-09-25,CM,NSE,STK,14172,INE0MM001019,SHERA,SM,,,,,SHERA ENERGY LIMITED,178.50,180.20,176.00,177.90,180.20,176.00,,177.90,,,27000,4803350.00,23,F1,1000,,,,,
2026-09-25,2026-09-25,CM,NSE,STK,764890,INE011D01013,SHERVANI,EQ,,,,,SHERVANI INDUSTRIAL SYN L,350.00,350.00,308.50,344.90,344.90,325.00,,352.38,,,30,9868.00,9,F1,1,,,,,
2026-09-25,2026-09-25,CM,NSE,STK,759847,INE024F01011,SHILCTECH,EQ,,,,,SHILCHAR TECHNOLOGIES LTD,4079.10,4146.50,4052.00,4103.60,4104.00,4079.10,,4102.15,,,12541,51328107.40,3599,F1,1,,,,,
2026-09-25,2026-09-25,CM,NSE,STK,764895,INE960A01017,SHILGRAVQ,EQ,,,,,SHILP GRAVURES LTD.,149.68,150.00,145.50,149.50,147.05,144.95,,149.08,,,1906,284815.98,70,F1,1,,,,,
2026-09-25,2026-09-25,CM,NSE,STK,17752,INE790G01031,SHILPAMED,EQ,,,,,SHILPA MEDICARE LTD,1028.00,1045.55,1001.50,1013.45,1010.00,1007.30,,1013.38,,,604526,617314002.05,33897,F1,1,,,,,
2026-09-25,2026-09-25,CM,NSE,STK,23127,INE0PB301013,SCILAL,EQ,,,,,SHIPPING CORP OF ILA LTD,37.25,37.59,36.90,37.14,37.10,37.29,,37.14,,,203912,7562943.76,2664,F1,1,,,,,
2026-09-25,2026-09-25,CM,NSE,STK,3048,INE109A01011,SCI,EQ,,,,,SHIPPING CORP OF INDIA LT,276.75,277.70,271.80,274.40,274.70,276.60,,274.40,,,840491,230185087.95,19637,F1,1,,,,,
2026-09-25,2026-09-25,CM,NSE,STK,765282,INE0FOO01011,SHIPROCKET,EQ,,,,,SHIPROCKET LIMITED,121.00,121.75,116.64,120.25,121.01,120.46,,120.25,,,3157738,377183643.56,34568,F1,1,,,,,
2026-09-25,2026-09-25,CM,NSE,STK,759747,INE719F01016,SHIVAUM,EQ,,,,,SHIV AUM STEELS LIMITED,513.00,519.40,510.00,510.15,510.00,513.20,,510.15,,,23793,12161986.90,133,F1,1,,,,,
2026-09-25,2026-09-25,CM,NSE,STK,765160,INE555C01029,SHIVACEM,EQ,,,,,SHIVA CEMENT LTD.,15.72,15.80,15.38,15.47,15.53,15.65,,15.48,,,131022,2038037.11,226,F1,1,,,,,
2026-09-25,2026-09-25,CM,NSE,STK,764900,INE960E01019,SHIVAAGRO,EQ,,,,,SHIVA GLOBAL AGRO INDS. L,39.00,40.94,38.50,39.50,40.24,38.99,,39.11,,,2331,91915.40,82,F1,1,,,,,
2026-09-25,2026-09-25,CM,NSE,STK,1497,INE644Y01017,SHIVAMILLS,EQ,,,,,SHIVA MILLS LIMITED,62.87,62.87,58.45,58.51,58.99,60.93,,58.55,,,1529,91235.71,23,F1,1,,,,,
2026-09-25,2026-09-25,CM,NSE,STK,804,INE705C01020,SHIVATEX,EQ,,,,,SHIVA TEXYARN LIMITED,170.93,177.79,166.00,167.73,169.50,170.93,,167.72,,,2381,406070.52,66,F1,1,,,,,
2026-09-25,2026-09-25,CM,NSE,STK,24249,INE0T7B01010,SPCL,SM,,,,,SHIVALIC POWER CONTROL L,65.25,65.95,65.15,65.65,65.90,65.10,,65.65,,,9000,590550.00,14,F1,600,,,,,
2026-09-25,2026-09-25,CM,NSE,STK,4656,INE386D01027,SBCL,EQ,,,,,SHIVALIK BIMETAL CON. LTD,1166.00,1166.00,1130.10,1154.50,1149.00,1143.20,,1154.50,,,142912,164150510.90,10233,F1,1,,,,,
2026-09-25,2026-09-25,CM,NSE,STK,7016,INE788J01021,SHIVALIK,EQ,,,,,SHIVALIK RASAYAN LIMITED,414.80,425.00,401.00,408.45,408.00,410.70,,408.44,,,67598,27464037.05,3932,F1,1,,,,,
2026-09-25,2026-09-25,CM,NSE,STK,13756,INE637H01024,SHIVAMAUTO,EQ,,,,,SHIVAM AUTO.LTD,17.13,17.89,17.13,17.37,17.31,17.44,,17.43,,,44118,769285.84,290,F1,1,,,,,
2026-09-25,2026-09-25,CM,NSE,STK,758744,INE1DLF01018,SHIVASHRIT,SM,,,,,SHIVASHRIT FOODS LIMITED,114.90,114.90,109.00,113.20,113.40,112.60,,113.20,,,37000,4132400.00,27,F1,1000,,,,,
2026-09-25,2026-09-25,CM,NSE,STK,11813,INE498B01024,SHOPERSTOP,EQ,,,,,SHOPPERS STOP LIMITED,382.50,439.80,382.50,423.55,422.00,385.05,,423.56,,,3588100,1529811917.55,64572,F1,1,,,,,
2026-09-25,2026-09-25,CM,NSE,STK,764905,INE311M01018,SHRADDHA,EQ,,,,,SHRADDHA PRIME PROJECTS L,151.00,151.00,142.97,146.97,148.99,150.49,,146.96,,,3654,534842.88,43,F1,1,,,,,
2026-09-25,2026-09-25,CM,NSE,STK,708,INE715Y01031,SHRADHA,EQ,,,,,SHRADHA REALTY LIMITED,31.40,31.40,29.62,29.75,30.16,30.51,,29.75,,,2093,62950.17,91,F1,1,,,,,
2026-09-25,2026-09-25,CM,NSE,STK,10588,INE712K01011,SHREEPUSHK,EQ,,,,,SHRE PUSH CHEM & FERT LTD,486.50,521.00,486.50,506.05,504.20,492.15,,506.13,,,147225,75146038.75,5989,F1,1,,,,,
2026-09-25,2026-09-25,CM,NSE,STK,762874,INE185C01017,SAPPL,EQ,,,,,SHREE AJIT PULP & PAPER L,276.00,286.70,274.95,276.90,276.90,278.15,,278.40,,,148,41178.30,15,F1,1,,,,,
2026-09-25,2026-09-25,CM,NSE,STK,3103,INE070A01015,SHREECEM,EQ,,,,,SHREE CEMENT LIMITED,22350.00,22520.00,22225.00,22520.00,22520.00,22350.00,,22520.00,,,10112,225759350.00,5394,F1,1,,,,,
2026-09-25,2026-09-25,CM,NSE,STK,3099,INE232A01011,SHREDIGCEM,EQ,,,,,SHREE DIGVIJAY CEM CO LTD,68.50,68.50,66.70,67.85,67.70,67.52,,67.85,,,42025,2840536.10,760,F1,1,,,,,
2026-09-25,2026-09-25,CM,NSE,STK,764885,INE414Y01015,SGRL,EQ,,,,,SHREE GANESH REMEDIES LTD,684.00,697.75,636.80,673.75,680.00,677.15,,673.74,,,41244,27307762.60,3714,F1,1,,,,,
2026-09-25,2026-09-25,CM,NSE,STK,23074,INE0S4Y01010,SHREEKARNI,SM,,,,,SHREE KARNI FABCOM LTD,378.00,385.00,372.90,385.00,385.00,380.85,,385.00,,,2850,1066245.00,6,F1,150,,,,,
2026-09-25,2026-09-25,CM,NSE,STK,20603,INE02S501018,SHREEOSFM,SM,,,,,SHREE OSFM E-MOBILITY LTD,51.90,53.60,51.90,51.95,51.95,51.90,,51.95,,,3000,157450.00,3,F1,1000,,,,,
2026-09-25,2026-09-25,CM,NSE,STK,760188,INE19GK01015,SRTL,EQ,,,,,SHREE RAM TWISTEX LIMITED,38.80,38.80,37.55,38.15,38.10,38.38,,38.06,,,14179,538380.37,268,F1,1,,,,,
2026-09-25,2026-09-25,CM,NSE,STK,7627,INE879A01019,SHREERAMA,EQ,,,,,SHREE RAMA MULTI TECH LTD,43.91,45.69,43.91,45.04,45.50,43.87,,44.99,,,54527,2442882.57,1239,F1,1,,,,,
2026-09-25,2026-09-25,CM,NSE,STK,13565,INE278B01020,RAMANEWS,EQ,,,,,SHREE RAMA NEWSPRINT LTD,31.07,31.49,30.76,31.10,31.40,31.21,,31.23,,,14119,438386.71,110,F1,1,,,,,
2026-09-25,2026-09-25,CM,NSE,STK,12026,INE087H01022,RENUKA,EQ,,,,,SHREE RENUKA SUGARS LTD,22.92,23.92,22.75,23.31,23.32,22.92,,23.31,,,24534315,577185691.06,33997,F1,1,,,,,
2026-09-25,2026-09-25,CM,NSE,STK,21868,INE238Y01018,TIRUPATI,SM,,,,,SHREE TIRUPATI BALAJEE,292.50,292.50,292.50,292.50,292.50,307.00,,292.50,,,125,36562.50,1,F1,125,,,,,
2026-09-25,2026-09-25,CM,NSE,STK,25203,INE0S2G01011,BALAJEE,EQ,,,,,SHREE TIRUPATI BALAJEE L,25.00,25.88,25.00,25.57,25.55,25.38,,25.57,,,21064,537879.40,151,F1,1,,,,,
2026-09-25,2026-09-25,CM,NSE,STK,15121,INE00CE01017,SVLL,EQ,,,,,SHREE VASU LOGISTICS LTD,804.00,840.05,804.00,834.70,835.00,820.40,,834.70,,,61467,50727168.10,70,F1,1,,,,,
2026-09-25,2026-09-25,CM,NSE,STK,759802,INE1FL101016,SHETHJI,SM,,,,,SHREEJI GLOBAL FMCG LTD,183.00,188.50,183.00,187.50,187.50,185.50,,187.50,,,64000,11853800.00,5,F1,1000,,,,,
2026-09-25,2026-09-25,CM,NSE,STK,759448,INE1B6101010,SHREEJISPG,EQ,,,,,SHREEJI SHIPPING GLOBAL L,723.85,754.00,721.55,752.45,751.50,724.85,,752.45,,,1197147,886218648.95,15929,F1,1,,,,,
2026-09-25,2026-09-25,CM,NSE,STK,14305,INE00IK01029,OSWALSEEDS,EQ,,,,,SHREEOSWAL S AND CHE LTD,13.24,13.24,12.70,13.08,13.05,12.68,,13.08,,,69285,900840.98,391,F1,1,,,,,
2026-09-25,2026-09-25,CM,NSE,STK,5718,INE0GTI23014,SHREMINVIT,IV,,,,,SHREM INVIT,102.00,102.00,102.00,102.00,102.00,102.00,,102.00,,,100000,10200000.00,1,F1,25000,,,,,
2026-09-25,2026-09-25,CM,NSE,STK,760252,INE632X01030,SHRENIK,BZ,,,,,SHRENIK LIMITED,0.28,0.29,0.28,0.29,0.29,0.28,,0.29,,,490301,141678.40,104,F1,1,,,,,
2026-09-25,2026-09-25,CM,NSE,STK,3126,INE231C01019,SHREYANIND,EQ,,,,,SHREYANS INDUSTRIES LTD,129.98,131.89,129.00,130.15,130.00,130.41,,130.12,,,2486,321740.74,61,F1,1,,,,,
2026-09-25,2026-09-25,CM,NSE,STK,756406,INE0DM401012,SHRIAHIMSA,SM,,,,,SHRI AHIMSA NATURALS LTD,452.00,457.00,390.00,434.20,440.00,453.55,,434.20,,,69600,29929770.00,101,F1,600,,,,,
2026-09-25,2026-09-25,CM,NSE,STK,762899,INE402H01015,SHBAJRG,EQ,,,,,SHRI BAJRANG ALLIANCE L,162.85,167.99,159.00,165.32,166.80,161.00,,165.12,,,2062,336961.84,51,F1,1,,,,,
2026-09-25,2026-09-25,CM,NSE,STK,758568,INE0NON01025,SHKSIL,SM,,,,,SHRI HARE-KRI SPO IRON L,33.15,33.80,33.15,33.80,33.80,34.85,,33.80,,,8000,266500.00,4,F1,2000,,,,,
2026-09-25,2026-09-25,CM,NSE,STK,764910,INE564J01026,SHRJAGP,EQ,,,,,SHRI JAGDAMBA POLYMERS L,642.25,689.75,642.25,660.25,666.65,654.70,,665.43,,,182,120560.10,53,F1,1,,,,,
2026-09-25,2026-09-25,CM,NSE,STK,760202,INE1V4601019,SHRIKANHA,SM,,,,,SHRI KANHA STAINLESS LTD,23.20,23.20,22.90,23.10,23.10,22.10,,23.10,,,14400,332960.00,8,F1,1600,,,,,
2026-09-25,2026-09-25,CM,NSE,STK,762909,INE997I01012,SHRIKRISH,EQ,,,,,SHRI KRISHNA DEVCON LTD.,34.50,36.70,34.50,35.89,35.00,37.00,,35.89,,,104,3659.60,12,F1,1,,,,,
2026-09-25,2026-09-25,CM,NSE,STK,17684,INE0OMF01015,SHRITECH,SM,,,,,SHRI TECHTEX LIMITED,62.00,62.00,62.00,62.00,62.00,60.05,,62.00,,,4000,248000.00,2,F1,2000,,,,,
2026-09-25,2026-09-25,CM,NSE,STK,765210,INE574G01013,VASUPRADA,EQ,,,,,SHRI VASUPRADA PLANTATI L,100.00,100.00,99.90,99.90,99.90,95.30,,100.70,,,6,599.70,2,F1,1,,,,,
2026-09-25,2026-09-25,CM,NSE,STK,759093,INE1B3L01017,SHRINGARMS,EQ,,,,,SHRINGAR HOU OF MANGALS L,210.26,218.30,208.16,214.06,213.00,210.25,,214.06,,,1114220,239338536.35,8158,F1,1,,,,,
2026-09-25,2026-09-25,CM,NSE,STK,24374,INF680P01422,LIQUIDSHRI,EQ,,,,,SHRIRAM - LIQUIDSHRI,1123.12,1123.14,1123.12,1123.13,1123.14,1122.71,,1123.13,,,21042,23632756.24,27,F1,1,,,,,
2026-09-25,2026-09-25,CM,NSE,STK,4306,INE721A01047,SHRIRAMFIN,EQ,,,,,SHRIRAM FINANCE LIMITED,990.00,1002.00,986.40,994.10,994.10,990.00,,994.15,,,2700614,2683507154.70,91682,F1,1,,,,,
2026-09-25,2026-09-25,CM,NSE,STK,7200,INE217L01019,SHRIRAMPPS,EQ,,,,,SHRIRAM PROPERTIES LTD,70.85,71.39,70.12,71.20,71.30,70.85,,71.20,,,168887,11959598.85,2041,F1,1,,,,,
2026-09-25,2026-09-25,CM,NSE,STK,6451,INE01Z401013,SHUBHLAXMI,SM,,,,,SHUBHLAXMI JEWEL ART LTD,19.70,19.70,18.75,18.75,18.75,19.70,,18.75,,,4000,76000.00,4,F1,1000,,,,,
2026-09-25,2026-09-25,CM,NSE,STK,25240,INE0UL701015,SHUBHSHREE,SM,,,,,SHUBHSHREE BIOFUELS ENE L,350.00,354.00,325.00,345.40,345.40,350.00,,345.40,,,4500,1536510.00,15,F1,300,,,,,
2026-09-25,2026-09-25,CM,NSE,STK,764537,INE551C01044,SHUKRAPHAR,EQ,,,,,SHUKRA PHARMACEUTICALS L,56.79,57.28,55.58,55.93,56.00,55.76,,55.93,,,1803626,101337624.47,6966,F1,1,,,,,
2026-09-25,2026-09-25,CM,NSE,STK,10192,INE979R01011,SHYAMCENT,BE,,,,,SHYAM CENTURY FERROUS LTD,4.93,5.09,4.93,5.00,5.00,5.00,,5.00,,,19538,97826.24,62,F1,1,,,,,
2026-09-25,2026-09-25,CM,NSE,STK,761210,INE1CRP01016,SHYAMDHANI,SM,,,,,SHYAM DHANI INDUSTRIES L,54.20,57.20,54.20,56.90,57.20,55.55,,56.90,,,14000,786200.00,6,F1,2000,,,,,
2026-09-25,2026-09-25,CM,NSE,STK,4693,INE810G01011,SHYAMMETL,EQ,,,,,SHYAM METALICS AND ENGY L,1093.00,1100.50,1081.10,1085.60,1087.90,1097.90,,1085.60,,,591086,642644196.00,9452,F1,1,,,,,
2026-09-25,2026-09-25,CM,NSE,STK,13740,INE635A01023,SHYAMTEL,EQ,,,,,SHYAM TELECOM LIMITED,11.45,11.45,10.27,11.07,10.85,10.91,,11.04,,,726,8088.43,31,F1,1,,,,,
2026-09-25,2026-09-25,CM,NSE,STK,16875,INE176J01011,SICAGEN,EQ,,,,,SICAGEN INDIA LIMITED,52.88,53.80,52.04,53.13,53.80,52.36,,53.13,,,10821,569442.04,121,F1,1,,,,,
2026-09-25,2026-09-25,CM,NSE,STK,19440,INE075B01020,SICALLOG,BE,,,,,SICAL LOGISTICS LIMITED,93.10,93.95,90.80,91.88,92.00,93.44,,91.90,,,57676,5312408.35,93,F1,1,,,,,
2026-09-25,2026-09-25,CM,NSE,STK,759053,INE0SVO01019,SIDDHICOTS,SM,,,,,SIDDHI COTSPIN LIMITED,26.60,26.60,26.60,26.60,26.60,26.60,,26.60,,,1200,31920.00,1,F1,1200,,,,,
2026-09-25,2026-09-25,CM,NSE,STK,3148,INE0A1E01018,SIDDHIKA,SM,,,,,SIDDHIKA COATINGS LIMITED,218.35,218.35,218.35,218.35,218.35,213.20,,218.35,,,500,109175.00,1,F1,500,,,,,
2026-09-25,2026-09-25,CM,NSE,STK,756871,INE1NPP01017,ENRIN,EQ,,,,,SIEMENS ENERGY INDIA LTD,3224.00,3333.00,3210.30,3313.00,3320.00,3215.40,,3313.17,,,462792,1522492497.50,45027,F1,1,,,,,
2026-09-25,2026-09-25,CM,NSE,STK,3150,INE003A01024,SIEMENS,EQ,,,,,SIEMENS LTD,3841.10,3881.60,3828.10,3877.00,3877.00,3841.80,,3876.87,,,80353,309824734.90,8321,F1,1,,,,,
2026-09-25,2026-09-25,CM,NSE,STK,6663,INE0D0K01022,SIGACHI,EQ,,,,,SIGACHI INDUSTRIES LTD,30.68,30.70,29.06,29.43,29.41,30.30,,29.43,,,2558006,75503321.32,8283,F1,1,,,,,
2026-09-25,2026-09-25,CM,NSE,STK,14797,INE933B01012,SIGMAADV,BE,,,,,SIGMA ADVANCED SYSTEM LTD,974.90,974.90,930.00,946.00,950.00,949.65,,946.25,,,197475,187788705.05,4914,F1,1,,,,,
2026-09-25,2026-09-25,CM,NSE,STK,16658,INE0A0S01028,SIGMA,EQ,,,,,SIGMA SOLVE LIMITED,45.25,47.20,44.00,45.61,46.50,44.53,,45.61,,,73296,3284071.12,917,F1,1,,,,,
2026-09-25,2026-09-25,CM,NSE,STK,18743,INE903U01023,SIGNATURE,EQ,,,,,SIGNATUREGLOBAL INDIA LTD,785.00,809.00,776.20,788.85,785.00,784.60,,788.82,,,326668,258144144.00,13806,F1,1,,,,,
2026-09-25,2026-09-25,CM,NSE,STK,4517,INE529F01035,SIGIND,BE,,,,,SIGNET INDUSTRIES LIMITED,73.00,73.00,67.50,68.02,69.60,70.56,,68.12,,,13545,926385.39,132,F1,1,,,,,
2026-09-25,2026-09-25,CM,NSE,STK,22656,INE0KGZ01021,SIGNPOST,EQ,,,,,SIGNPOST INDIA LIMITED,272.10,275.60,270.40,271.20,272.00,272.80,,271.20,,,24226,6594238.40,990,F1,1,,,,,
2026-09-25,2026-09-25,CM,NSE,STK,762914,INE438E01032,SIKA,EQ,,,,,SIKA INTERPLANT SYSTEMS L,1045.00,1070.00,1025.60,1045.45,1045.00,1038.70,,1045.17,,,20058,20894064.30,1878,F1,1,,,,,
2026-09-25,2026-09-25,CM,NSE,STK,6226,INE112X01025,SIKKO,BE,,,,,SIKKO INDUSTRIES LIMITED,6.42,6.65,6.16,6.51,6.64,6.42,,6.51,,,1328718,8610839.58,1297,F1,1,,,,,
2026-09-25,2026-09-25,CM,NSE,STK,4105,INE923A01015,SILINV,EQ,,,,,SIL INVESTMENTS LIMITED,451.60,457.85,441.00,452.95,450.00,451.60,,452.95,,,1923,864044.10,97,F1,1,,,,,
2026-09-25,2026-09-25,CM,NSE,STK,2492,INE01II01013,SILGO,EQ,,,,,SILGO RETAIL LIMITED,70.10,70.63,69.12,69.79,70.10,70.47,,69.79,,,12888,897869.78,152,F1,1,,,,,
2026-09-25,2026-09-25,CM,NSE,STK,23736,INE0STN01015,SILKFLEX,SM,,,,,SILKFLEX POLYMERS INDIA L,272.05,285.65,271.00,285.65,285.65,272.05,,285.65,,,18000,5031350.00,16,F1,1000,,,,,
2026-09-25,2026-09-25,CM,NSE,STK,757679,INE0SN801015,SILKY,SM,,,,,SILKY OVERSEAS LIMITED,67.70,76.75,66.15,67.95,67.95,68.85,,67.95,,,8800,607720.00,11,F1,800,,,,,
2026-09-25,2026-09-25,CM,NSE,STK,9422,INE625X01026,SILVERTUC,EQ,,,,,SILVER TOUCH TECHNO LTD,147.90,150.00,145.16,147.79,146.00,147.51,,147.74,,,412116,60590308.89,3491,F1,1,,,,,
2026-09-25,2026-09-25,CM,NSE,STK,758836,INE748T01016,SIMBHALS,BZ,,,,,SIMBHAOLI SUGARS LTD.,6.19,6.31,6.10,6.31,6.31,6.19,,6.38,,,13170,81705.87,33,F1,1,,,,,
2026-09-25,2026-09-25,CM,NSE,STK,763378,INE1K4J01018,SIMCA,ST,,,,,SIMCA ADVERTISING LIMITED,275.05,288.00,275.05,281.85,281.85,279.80,,281.85,,,21600,6003540.00,13,F1,600,,,,,
2026-09-25,2026-09-25,CM,NSE,STK,3162,INE059B01024,SIMPLEXINF,EQ,,,,,SIMPLEX INFRASTRUCTURES L,250.10,254.90,248.80,250.70,252.00,251.75,,250.71,,,40939,10296199.70,928,F1,1,,,,,
2026-09-25,2026-09-25,CM,NSE,STK,764915,INE167H01014,SIMPLXREA,EQ,,,,,SIMPLEX REALTY LTD.,131.99,138.57,125.40,125.40,125.40,131.99,,125.40,,,717,94622.05,20,F1,1,,,,,
2026-09-25,2026-09-25,CM,NSE,STK,23480,INE985A01022,SINCLAIR,EQ,,,,,SINCLAIRS HOTELS LIMITED,79.63,79.96,78.52,78.96,79.00,79.61,,78.96,,,9410,741599.70,240,F1,1,,,,,
2026-09-25,2026-09-25,CM,NSE,STK,16859,INE325D01025,SINDHUTRAD,EQ,,,,,SINDHU TRADE LINKS LTD,23.70,24.05,23.28,23.75,23.80,23.66,,23.75,,,345032,8156633.76,919,F1,1,,,,,
2026-09-25,2026-09-25,CM,NSE,STK,761420,INE638A01035,SINGERIND,EQ,,,,,SINGER INDIA LIMITED,78.90,79.20,76.20,77.60,77.60,77.95,,77.60,,,41542,3221433.06,578,F1,1,,,,,
2026-09-25,2026-09-25,CM,NSE,STK,381,INE129Z01016,SINTERCOM,EQ,,,,,SINTERCOM INDIA LIMITED,77.91,82.30,76.00,77.93,79.00,77.01,,77.93,,,3169,246988.79,96,F1,1,,,,,
2026-09-25,2026-09-25,CM,NSE,STK,11050,INE792Z01011,SIRCA,EQ,,,,,SIRCA PAINT INDIA LIMITED,410.70,413.00,407.50,410.30,409.80,410.70,,410.29,,,119005,48818334.90,1989,F1,1,,,,,
2026-09-25,2026-09-25,CM,NSE,STK,21501,INE285J01028,SIS,EQ,,,,,SIS LIMITED,418.45,425.00,415.65,418.40,416.00,418.45,,418.40,,,83932,35383331.55,7477,F1,1,,,,,
2026-09-25,2026-09-25,CM,NSE,STK,29210,INE965H01011,SITINET,BZ,,,,,SITI NETWORKS LIMITED,0.29,0.29,0.28,0.28,0.29,0.28,,0.29,,,471673,135377.17,158,F1,1,,,,,
2026-09-25,2026-09-25,CM,NSE,STK,14096,INE076B01028,SIYSIL,EQ,,,,,SIYARAM SILK MILLS LTD,543.55,543.55,533.05,538.05,536.50,539.60,,537.99,,,9287,4989106.95,984,F1,1,,,,,
2026-09-25,2026-09-25,CM,NSE,STK,6643,INE284S01014,SJS,EQ,,,,,SJS ENTERPRISES LIMITED,2262.70,2330.00,2262.50,2317.60,2325.90,2261.40,,2317.82,,,68630,158462005.70,9464,F1,1,,,,,
2026-09-25,2026-09-25,CM,NSE,STK,18883,INE002L01015,SJVN,EQ,,,,,SJVN LTD,62.50,62.69,61.21,61.76,61.85,62.24,,61.76,,,1907772,117569874.95,19444,F1,1,,,,,
2026-09-25,2026-09-25,CM,NSE,STK,760101,INE2J8701016,SKFINDUS,EQ,,,,,SKF IND (INDUSTRIAL) LTD,2959.00,2959.00,2881.00,2918.00,2926.20,2939.70,,2918.71,,,24054,70233667.40,7865,F1,1,,,,,
2026-09-25,2026-09-25,CM,NSE,STK,3186,INE640A01023,SKFINDIA,EQ,,,,,SKF INDIA LTD,1532.60,1556.70,1530.10,1539.80,1552.00,1542.00,,1539.72,,,21172,32614460.40,4214,F1,1,,,,,
2026-09-25,2026-09-25,CM,NSE,STK,9428,INE439E01022,SKIPPER,EQ,,,,,SKIPPER LIMITED,552.95,557.60,543.70,551.15,551.00,552.35,,551.15,,,373119,205773880.10,15037,F1,1,,,,,
2026-09-25,2026-09-25,CM,NSE,STK,4732,INE411D01023,SKMEGGPROD,EQ,,,,,SKM EGG PROD EXPORT(I) LT,224.55,224.65,218.05,220.40,220.00,223.20,,220.41,,,130288,28681555.90,2602,F1,1,,,,,
2026-09-25,2026-09-25,CM,NSE,STK,10325,INE0KZA01016,SKP,SM,,,,,SKP BEARING INDUSTRI. LTD,167.50,169.00,158.00,159.25,160.40,167.50,,159.25,,,21500,3455325.00,38,F1,500,,,,,
2026-09-25,2026-09-25,CM,NSE,STK,13631,INE01IU01018,SKYGOLD,EQ,,,,,SKY GOLD AND DIAMONDS LTD,782.70,798.00,780.25,793.55,794.00,782.70,,793.56,,,309335,245016636.65,16263,F1,1,,,,,
2026-09-25,2026-09-25,CM,NSE,STK,765333,INE0VFE01017,SKYTECH,SM,,,,,SKYTECH INFINITE PLATFM L,32.05,32.05,32.05,32.05,32.05,30.55,,32.05,,,22400,717920.00,8,F1,1600,,,,,
2026-09-25,2026-09-25,CM,NSE,STK,765480,INE0PX301025,SKYWAYS,EQ,,,,,SKYWAYS AIR SERVICES LTD,131.99,131.99,125.11,126.97,126.60,131.00,,126.97,,,4253205,542753925.53,29522,F1,1,,,,,
2026-09-25,2026-09-25,CM,NSE,STK,23692,INE0SMA01017,SLONE,ST,,,,,SLONE INFOSYSTEMS LIMITED,170.00,173.00,164.55,171.80,165.50,173.20,,171.80,,,17200,2889980.00,27,F1,400,,,,,
2026-09-25,2026-09-25,CM,NSE,STK,757619,INE14GK01016,SMARTEN,SM,,,,,SMARTEN POWER SYSTEMS LTD,62.95,65.65,61.70,64.50,64.50,62.95,,64.50,,,22800,1455600.00,17,F1,1200,,,,,
2026-09-25,2026-09-25,CM,NSE,STK,9893,INE178C01020,SMARTLINK,BE,,,,,SMARTLINK HOLDINGS LTD,220.00,222.40,215.05,215.43,215.11,217.82,,215.43,,,1262,275175.98,35,F1,1,,,,,
2026-09-25,2026-09-25,CM,NSE,STK,757965,INE0NAZ01010,SMARTWORKS,EQ,,,,,SMARTWORKS COWORKING SP L,538.95,544.25,526.20,529.90,536.00,538.95,,529.90,,,79157,42087054.85,2177,F1,1,,,,,
2026-09-25,2026-09-25,CM,NSE,STK,2320,INE103C01036,SMCGLOBAL,EQ,,,,,SMC GLOBAL SECURITIES LTD,84.96,86.60,84.16,85.60,85.00,85.07,,85.60,,,892402,76320318.35,7765,F1,1,,,,,
2026-09-25,2026-09-25,CM,NSE,STK,3387,INE294B01019,SMLMAH,EQ,,,,,SML MAHINDRA LIMITED,6675.00,6889.50,6594.00,6825.50,6822.00,6603.00,,6825.44,,,50096,340716844.00,8740,F1,1,,,,,
2026-09-25,2026-09-25,CM,NSE,STK,14329,INE812G01025,SMSPHARMA,EQ,,,,,SMS PHARMACEUTICALS LTD.,475.90,481.05,470.00,475.00,474.05,474.05,,474.99,,,361831,172003276.15,9977,F1,1,,,,,
2026-09-25,2026-09-25,CM,NSE,STK,758946,INE1OIC01018,SNEHAA,SM,,,,,SNEHAA ORGANICS LIMITED,44.00,44.00,43.00,43.00,43.00,43.50,,43.00,,,2000,87000.00,2,F1,1000,,,,,
2026-09-25,2026-09-25,CM,NSE,STK,4843,INE734N01019,SNOWMAN,EQ,,,,,SNOWMAN LOGISTICS LTD.,34.69,35.18,34.00,34.91,34.95,34.39,,34.91,,,141817,4891864.72,1467,F1,1,,,,,
2026-09-25,2026-09-25,CM,NSE,STK,13826,INE671H01015,SOBHA,EQ,,,,,SOBHA LIMITED,1236.00,1243.00,1206.80,1226.60,1235.00,1227.70,,1226.64,,,57820,70520856.90,9866,F1,1,,,,,
2026-09-25,2026-09-25,CM,NSE,STK,8266,INE728Z01015,SOFTTECH,EQ,,,,,SOFTTECH ENGINEERS LTD,482.60,495.30,463.15,479.80,480.00,486.20,,479.80,,,5218,2493161.20,360,F1,1,,,,,
2026-09-25,2026-09-25,CM,NSE,STK,13332,INE343H01029,SOLARINDS,EQ,,,,,SOLAR INDUSTRIES (I) LTD,19570.00,19890.00,19455.00,19745.00,19745.00,19480.00,,19742.76,,,120411,2369433575.00,34760,F1,1,,,,,
2026-09-25,2026-09-25,CM,NSE,STK,3672,INE624Z01016,SOLARA,EQ,,,,,SOLARA ACTIVE PHA SCI LTD,734.55,757.90,732.00,739.15,736.05,727.35,,739.13,,,287888,213850860.15,14364,F1,1,,,,,
2026-09-25,2026-09-25,CM,NSE,STK,759929,INE0TY101024,SOLARWORLD,EQ,,,,,SOLARWORLD ENERGY SOL LTD,134.00,135.89,132.55,134.75,134.07,133.89,,134.77,,,80994,10842203.42,2062,F1,1,,,,,
2026-09-25,2026-09-25,CM,NSE,STK,759397,INE880Y01017,SOLEX,EQ,,,,,SOLEX ENERGY LIMITED,732.10,732.55,696.30,705.20,710.00,731.50,,705.24,,,81974,58016617.75,5546,F1,1,,,,,
2026-09-25,2026-09-25,CM,NSE,STK,24879,INE0U0201016,BALCO,SM,,,,,SOLVE PLASTIC PRODUCTS L,19.85,19.85,19.85,19.85,19.85,20.85,,19.85,,,3600,71460.00,3,F1,1200,,,,,
2026-09-25,2026-09-25,CM,NSE,STK,1338,INE480C01038,SDBL,EQ,,,,,SOM DIST & BREW LTD,72.70,76.21,71.32,74.36,73.99,67.24,,74.36,,,22824335,1705318799.38,91999,F1,1,,,,,
2026-09-25,2026-09-25,CM,NSE,STK,4201,INE314C01013,SOMATEX,EQ,,,,,SOMA TEXTILES & INDUST LT,79.50,80.81,78.10,80.04,80.00,79.94,,80.05,,,3625,290072.56,57,F1,1,,,,,
2026-09-25,2026-09-25,CM,NSE,STK,3880,INE355A01028,SOMANYCERA,EQ,,,,,SOMANY CERAMICS LIMITED,601.00,623.00,592.15,618.05,615.00,601.85,,618.05,,,272762,166175341.70,15350,F1,1,,,,,
2026-09-25,2026-09-25,CM,NSE,STK,17794,INE323J01019,SOMICONVEY,EQ,,,,,SOMI CONVEYOR BELT. LTD.,89.71,91.80,89.21,89.59,89.50,89.60,,89.59,,,5060,457792.70,119,F1,1,,,,,
2026-09-25,2026-09-25,CM,NSE,STK,4684,INE073K01018,SONACOMS,EQ,,,,,SONA BLW PRECISION FRGS L,818.00,835.40,815.40,824.50,824.50,816.30,,824.51,,,3101062,2562177670.45,64623,F1,1,,,,,
2026-09-25,2026-09-25,CM,NSE,STK,23052,INE0Q6H01012,SONAMAC,SM,,,,,SONA MACHINERY LIMITED,31.00,31.00,31.00,31.00,31.00,30.50,,31.00,,,1000,31000.00,1,F1,1000,,,,,
2026-09-25,2026-09-25,CM,NSE,STK,8817,INE00LM01029,SONAMLTD,BE,,,,,SONAM LIMITED,66.50,69.82,65.84,69.37,69.47,66.50,,69.37,,,57766,3952346.17,292,F1,1,,,,,
2026-09-25,2026-09-25,CM,NSE,STK,766203,INE0LLZ01011,SONA,BE,,,,,SONASELECTION INDIA LTD,104.00,104.00,102.05,102.05,102.05,107.42,,102.26,,,959922,98347354.05,4720,F1,1,,,,,
2026-09-25,2026-09-25,CM,NSE,STK,6596,INE269A01021,SONATSOFTW,EQ,,,,,SONATA SOFTWARE LTD,275.85,280.55,270.80,279.90,279.95,274.70,,279.90,,,473878,131213206.60,12369,F1,1,,,,,
2026-09-25,2026-09-25,CM,NSE,STK,9463,INE0JZA01018,SONUINFRA,ST,,,,,SONU INFRATECH LIMITED,42.75,44.00,42.75,44.00,44.00,42.75,,44.00,,,21000,917250.00,5,F1,1500,,,,,
2026-09-25,2026-09-25,CM,NSE,STK,9678,INE980Y01015,SOUTHWEST,EQ,,,,,SOUTH WEST PINNACLE LTD,188.70,194.00,186.00,186.71,186.31,188.76,,186.70,,,88796,16716413.08,2874,F1,1,,,,,
2026-09-25,2026-09-25,CM,NSE,STK,8521,INE0JW501011,SPRL,SM,,,,,SP REFRACTORIES LIMITED,126.35,126.35,126.35,126.35,126.35,120.35,,126.35,,,800,101080.00,1,F1,800,,,,,
2026-09-25,2026-09-25,CM,NSE,STK,19372,INE970N01027,SPCENET,EQ,,,,,SPACENET ENTERS IND LTD,3.36,3.46,3.28,3.35,3.38,3.36,,3.35,,,647300,2188626.12,540,F1,1,,,,,
2026-09-25,2026-09-25,CM,NSE,STK,11435,INE572J01011,SPANDANA,EQ,,,,,SPANDANA SPHOORTY FIN LTD,226.73,226.95,221.15,225.53,225.50,225.61,,225.54,,,97580,21818907.10,3749,F1,1,,,,,
2026-09-25,2026-09-25,CM,NSE,STK,760135,INE1CW901027,SPEB,SM,,,,,SPEB ADHESIVES LIMITED,89.00,91.00,89.00,91.00,91.00,93.00,,91.00,,,8000,722000.00,4,F1,2000,,,,,
2026-09-25,2026-09-25,CM,NSE,STK,27111,INE247M01014,SPECIALITY,BE,,,,,SPECIALITY REST LTD,152.50,158.00,150.00,152.76,153.00,151.37,,152.78,,,40387,6260155.52,323,F1,1,,,,,
2026-09-25,2026-09-25,CM,NSE,STK,766218,INE0GAN01010,SPECTRAA,ST,,,,,SPECTRAA TECH SOLUTIONS L,247.15,247.15,240.20,247.15,247.15,235.40,,247.15,,,315600,77921580.00,211,F1,1200,,,,,
2026-09-25,2026-09-25,CM,NSE,STK,30457,INE01EO01010,SPECTRUM,BE,,,,,SPECTRUM ELECTRIC IND LTD,3340.00,3524.10,3300.00,3518.80,3524.10,3356.30,,3518.80,,,16796,58994909.30,793,F1,1,,,,,
2026-09-25,2026-09-25,CM,NSE,STK,16876,INE0OL001018,SPECTSTM,SM,,,,,SPECTRUM TALENT MGMT LTD,56.80,62.80,54.00,60.35,62.80,56.55,,60.35,,,39200,2175480.00,31,F1,800,,,,,
2026-09-25,2026-09-25,CM,NSE,STK,8163,INE020801028,SPENCERS,EQ,,,,,SPENCER S RETAIL LIMITED,28.46,28.89,27.82,28.07,28.00,28.92,,28.09,,,41164,1160170.75,355,F1,1,,,,,
2026-09-25,2026-09-25,CM,NSE,STK,3252,INE147A01011,SPIC,EQ,,,,,SPIC LTD,65.35,66.23,64.61,64.73,64.74,65.86,,64.74,,,347792,22633693.15,2966,F1,1,,,,,
2026-09-25,2026-09-25,CM,NSE,STK,11935,INE978G01016,SPLIL,EQ,,,,,SPL INDUSTRIES LIMITED,29.65,32.01,29.60,30.99,31.00,29.61,,30.99,,,19895,611838.16,94,F1,1,,,,,
2026-09-25,2026-09-25,CM,NSE,STK,3321,INE937A01023,SPMLINFRA,EQ,,,,,SPML INFRA LIMITED,166.20,167.02,157.92,165.86,164.40,165.36,,165.83,,,505854,81864971.71,6029,F1,1,,,,,
2026-09-25,2026-09-25,CM,NSE,STK,10733,INE885H01029,SPORTKING,EQ,,,,,SPORTKING INDIA LIMITED,210.85,214.40,209.11,213.62,214.39,210.85,,213.62,,,135844,28811645.81,4935,F1,1,,,,,
2026-09-25,2026-09-25,CM,NSE,STK,25306,INE0QR801013,SPPPOLY,SM,,,,,SPP POLYMER LIMITED,11.45,12.55,11.45,12.00,12.00,12.00,,12.00,,,16000,191600.00,8,F1,2000,,,,,
2026-09-25,2026-09-25,CM,NSE,STK,17186,INE526E01018,SHRIPISTON,EQ,,,,,SPR AUTO TECHNOLOGIES LTD,4593.30,4789.10,4535.80,4746.80,4763.10,4526.70,,4745.97,,,110008,513582188.70,21013,F1,1,,,,,
2026-09-25,2026-09-25,CM,NSE,STK,757865,INE19QH01010,SPUNWEB,SM,,,,,SPUNWEB NONWOVEN LIMITED,100.00,100.00,100.00,100.00,100.00,100.00,,100.00,,,1200,120000.00,1,F1,1200,,,,,
2026-09-25,2026-09-25,CM,NSE,STK,14582,INE917H01012,SRHHYPOLTD,EQ,,,,,SREE RAYALSEEMA HHP LTD.,619.00,620.85,590.30,594.80,596.90,605.75,,594.81,,,23038,13860447.60,2015,F1,1,,,,,
2026-09-25,2026-09-25,CM,NSE,STK,31841,INE099F01013,SREEL,BE,,,,,SREELEATHERS LIMITED,299.57,309.80,291.25,298.51,302.00,299.57,,299.42,,,9575,2880448.96,205,F1,1,,,,,
2026-09-25,2026-09-25,CM,NSE,STK,3273,INE647A01010,SRF,EQ,,,,,SRF LTD,2535.00,2540.00,2495.10,2540.00,2540.00,2533.80,,2540.00,,,105615,265791882.60,8316,F1,1,,,,,
2026-09-25,2026-09-25,CM,NSE,STK,18119,INE559N01010,SRGHFL,EQ,,,,,SRG HOUSING FINANCE L,155.25,155.25,146.80,146.80,146.80,154.50,,146.28,,,15491,2281781.70,227,F1,1,,,,,
2026-09-25,2026-09-25,CM,NSE,STK,7457,INE293B01029,HAVISHA,EQ,,,,,SRI HAVISHA HOSP & INFR L,1.34,1.40,1.34,1.38,1.39,1.36,,1.39,,,32071,44241.18,138,F1,1,,,,,
2026-09-25,2026-09-25,CM,NSE,STK,765168,INE009C01019,SRIKPRIND,BE,,,,,SRI KPR INDUSTRIES LTD.,27.99,29.00,27.30,27.31,27.31,27.84,,27.31,,,2727,75457.59,28,F1,1,,,,,
2026-09-25,2026-09-25,CM,NSE,STK,758147,INE0V9Q01010,LOTUSDEV,BE,,,,,SRI LOTUS DEVLPRS N RTY L,220.14,223.20,211.15,217.99,218.00,219.05,,217.99,,,723532,158088852.84,3534,F1,1,,,,,
2026-09-25,2026-09-25,CM,NSE,STK,761393,INE0TPJ01019,SPCON,SM,,,,,SRINIBAS PRADHAN CONST L,175.95,175.95,165.00,166.15,166.15,166.60,,166.15,,,36000,5970840.00,8,F1,1200,,,,,
2026-09-25,2026-09-25,CM,NSE,STK,18059,INE0ON201012,SSFL,ST,,,,,SRIVARI SPICES N FOODS L,282.70,288.10,280.05,288.10,288.10,274.40,,288.10,,,7000,2003425.00,13,F1,500,,,,,
2026-09-25,2026-09-25,CM,NSE,STK,14416,INE0NPI01014,SRIVASAVI,ST,,,,,SRIVASAVI ADHESIVE TAPE L,86.50,86.50,85.95,85.95,85.95,82.40,,85.95,,,2000,172450.00,2,F1,1000,,,,,
2026-09-25,2026-09-25,CM,NSE,STK,23402,INE0R6Z01013,SRM,EQ,,,,,SRM CONTRACTORS LIMITED,413.45,422.00,413.45,416.25,414.90,419.00,,416.25,,,21282,8890022.05,1177,F1,1,,,,,
2026-09-25,2026-09-25,CM,NSE,STK,766176,INE1EQW01028,SSRETAIL,EQ,,,,,SS RETAIL LIMITED,816.10,869.95,692.50,728.20,725.00,811.80,,728.10,,,34422519,27478215597.85,823811,F1,1,,,,,
2026-09-25,2026-09-25,CM,NSE,STK,29205,INE0RYC01010,STALLION,BE,,,,,STALLION IND FLUOROCHEM L,220.00,226.90,218.00,225.76,225.00,219.50,,225.84,,,227637,50783676.46,1725,F1,1,,,,,
2026-09-25,2026-09-25,CM,NSE,STK,29075,INE0M4D01010,SETL,EQ,,,,,STANDARD ENGNG TCNLGY LTD,402.80,405.80,393.00,402.55,402.70,402.80,,402.55,,,500272,199356946.00,9248,F1,1,,,,,
2026-09-25,2026-09-25,CM,NSE,STK,11297,INE173A01025,SIL,EQ,,,,,STANDARD INDUSTRIES LTD.,16.90,17.18,16.50,16.74,16.76,16.89,,16.76,,,28440,476875.96,386,F1,1,,,,,
2026-09-25,2026-09-25,CM,NSE,STK,24226,INE01A001028,STANLEY,EQ,,,,,STANLEY LIFESTYLES LTD,135.89,148.70,134.60,144.32,145.50,135.22,,144.32,,,375595,53502842.90,4558,F1,1,,,,,
2026-09-25,2026-09-25,CM,NSE,STK,21091,INE460H01021,STARCEMENT,EQ,,,,,STAR CEMENT LIMITED,187.70,187.70,184.32,186.61,185.30,187.24,,186.61,,,50622,9407559.16,1902,F1,1,,,,,
2026-09-25,2026-09-25,CM,NSE,STK,7083,INE575P01011,STARHEALTH,EQ,,,,,STAR HEALTH & AL INS CO L,550.30,569.50,550.30,558.15,557.00,550.40,,558.14,,,1280937,719849480.95,54555,F1,1,,,,,
2026-09-25,2026-09-25,CM,NSE,STK,3291,INE733A01018,STARPAPER,EQ,,,,,STAR PAPER MILLS LTD,155.23,156.91,154.00,155.06,154.00,155.27,,155.06,,,2363,366960.72,83,F1,1,,,,,
2026-09-25,2026-09-25,CM,NSE,STK,9305,INE992I01013,STARTECK,EQ,,,,,STARTECK FINANCE LIMITED,242.05,262.70,242.05,262.50,262.50,240.40,,262.50,,,211,55310.35,19,F1,1,,,,,
2026-09-25,2026-09-25,CM,NSE,STK,3045,INE062A01020,SBIN,EQ,,,,,STATE BANK OF INDIA,980.80,985.70,977.00,983.00,983.00,978.50,,983.00,,,3759097,3687404890.80,100755,F1,1,,,,,
2026-09-25,2026-09-25,CM,NSE,STK,766065,INE0FRO01022,STEAMHOUSE,EQ,,,,,STEAMHOUSE INDIA LIMITED,116.70,117.60,109.40,110.81,110.07,113.71,,110.82,,,8430848,952818043.14,41067,F1,1,,,,,
2026-09-25,2026-09-25,CM,NSE,STK,2963,INE114A01011,SAIL,EQ,,,,,STEEL AUTHORITY OF INDIA,184.64,186.05,182.77,185.00,185.00,184.00,,185.00,,,9681139,1786514923.20,48062,F1,1,,,,,
2026-09-25,2026-09-25,CM,NSE,STK,10406,INE395H01011,STEELCITY,EQ,,,,,STEEL CITY SECURITIES LTD,85.19,85.19,80.01,80.82,80.98,83.19,,80.82,,,13018,1060811.72,320,F1,1,,,,,
2026-09-25,2026-09-25,CM,NSE,STK,21339,INE503B01021,STEELXIND,EQ,,,,,STEEL EXCHANGE INDIA LTD,11.55,11.58,11.12,11.29,11.19,11.43,,11.29,,,9072805,102120798.06,5734,F1,1,,,,,
2026-09-25,2026-09-25,CM,NSE,STK,765170,INE205F01016,STLSTRINF,EQ,,,,,STEEL STRIPS INFRA L,24.49,24.50,22.55,23.20,22.79,23.15,,23.19,,,6696,158882.11,233,F1,1,,,,,
2026-09-25,2026-09-25,CM,NSE,STK,11829,INE802C01033,SSWL,EQ,,,,,STEEL STRIPS WHEELS LTD.,378.90,394.30,372.90,378.75,385.00,376.10,,378.78,,,1650357,631592278.05,44082,F1,1,,,,,
2026-09-25,2026-09-25,CM,NSE,STK,6803,INE124E01038,STEELCAS,EQ,,,,,STEELCAST LIMITED,358.95,390.90,356.30,376.50,375.00,357.80,,376.51,,,1078414,407115153.00,32875,F1,1,,,,,
2026-09-25,2026-09-25,CM,NSE,STK,21484,INE577L01016,STEL,EQ,,,,,STEL HOLDINGS LIMITED,628.05,633.15,612.05,619.30,616.00,625.85,,619.09,,,1662,1031555.80,266,F1,1,,,,,
2026-09-25,2026-09-25,CM,NSE,STK,6188,INE334A01023,STERTOOLS,BE,,,,,STERLING TOOLS LIMITED,244.00,244.00,233.00,239.46,239.00,233.05,,239.39,,,34769,8351596.35,611,F1,1,,,,,
2026-09-25,2026-09-25,CM,NSE,STK,9313,INE089C01029,STLTECH,BE,,,,,STERLITE TECHNOLOGIES LTD,839.00,851.00,824.75,837.20,838.35,823.75,,836.86,,,807308,677382737.75,27680,F1,1,,,,,
2026-09-25,2026-09-25,CM,NSE,STK,13367,INE353H01010,SGL,EQ,,,,,STL GLOBAL LIMITED,10.18,10.18,8.90,9.03,9.13,9.81,,9.02,,,64242,594609.23,379,F1,1,,,,,
2026-09-25,2026-09-25,CM,NSE,STK,758958,INE1VXE01018,STLNETWORK,EQ,,,,,STL NETWORKS LIMITED,54.50,54.61,52.40,54.61,54.61,52.01,,54.61,,,8981723,486190703.40,16296,F1,1,,,,,
2026-09-25,2026-09-25,CM,NSE,STK,2107,INE00IN01015,STOVEKRAFT,EQ,,,,,STOVE KRAFT LIMITED,824.90,824.90,805.00,814.40,817.65,818.35,,814.46,,,53691,43636036.60,4249,F1,1,,,,,
2026-09-25,2026-09-25,CM,NSE,STK,761091,INE1XWN01017,STRIDERS,SM,,,,,STRIDERS IMPEX LIMITED,52.20,53.50,50.00,50.25,50.30,51.20,,50.25,,,155200,8022080.00,13,F1,1600,,,,,
2026-09-25,2026-09-25,CM,NSE,STK,7374,INE939A01011,STAR,EQ,,,,,STRIDES PHARMA SCI LTD,1202.80,1209.60,1177.20,1184.90,1187.50,1202.80,,1184.87,,,143012,170024822.30,14094,F1,1,,,,,
2026-09-25,2026-09-25,CM,NSE,STK,12489,INE00M201021,SWSOLAR,EQ,,,,,STRLNG & WIL REN ENE LTD,176.00,177.90,175.52,176.65,176.15,177.34,,176.69,,,532217,94016525.13,6569,F1,1,,,,,
2026-09-25,2026-09-25,CM,NSE,STK,759587,INE00Q601028,STUDDS,EQ,,,,,STUDDS ACCESSORIES LTD,415.50,417.60,407.00,410.00,414.00,412.25,,410.01,,,45741,18781985.40,5412,F1,1,,,,,
2026-09-25,2026-09-25,CM,NSE,STK,758527,INE17VO01028,STUDIOLSD,SM,,,,,STUDIO LSD LIMITED,9.05,9.05,9.05,9.05,9.05,9.05,,9.05,,,2000,18100.00,1,F1,2000,,,,,
2026-09-25,2026-09-25,CM,NSE,STK,5186,INE239C01020,STYLAMIND,EQ,,,,,STYLAM INDUSTRIES LIMITED,3314.60,3404.40,3295.00,3369.40,3348.00,3319.20,,3369.42,,,41489,139673002.30,7542,F1,1,,,,,
2026-09-25,2026-09-25,CM,NSE,STK,19,INE189B01011,STYRENIX,EQ,,,,,STYRENIX PERFORMANCE LTD,2097.00,2100.00,2050.00,2067.00,2069.50,2088.20,,2066.95,,,23553,48766780.20,3438,F1,1,,,,,
2026-09-25,2026-09-25,CM,NSE,STK,760112,INE0RYR01018,SUBAHOTELS,SM,,,,,SUBA HOTELS LIMITED,90.15,92.50,90.00,91.00,91.00,90.50,,91.00,,,19200,1751100.00,13,F1,1200,,,,,
2026-09-25,2026-09-25,CM,NSE,STK,967,INE754A01055,SUBEXLTD,EQ,,,,,SUBEX LTD,20.70,21.61,20.36,21.41,21.40,20.71,,21.41,,,14283273,299206784.21,33108,F1,1,,,,,
2026-09-25,2026-09-25,CM,NSE,STK,3324,INE287B01021,SUBROS,EQ,,,,,SUBROS LIMITED,715.00,725.00,710.60,720.90,719.60,720.10,,720.95,,,25909,18606689.65,2069,F1,1,,,,,
2026-09-25,2026-09-25,CM,NSE,STK,3327,INE659A01023,SUDARSCHEM,EQ,,,,,SUDARSHAN CHEMICAL INDS L,1220.00,1228.90,1206.90,1218.90,1228.90,1218.00,,1218.94,,,71354,86978382.40,6273,F1,1,,,,,
2026-09-25,2026-09-25,CM,NSE,STK,715,INE492A01029,SUDARCOLOR,EQ,,,,,SUDARSHAN COLORNT IND LTD,397.00,399.90,384.15,394.55,397.95,382.20,,394.44,,,4706,1838329.35,235,F1,1,,,,,
2026-09-25,2026-09-25,CM,NSE,STK,760039,INE0QPI01025,SUDEEPPHRM,EQ,,,,,SUDEEP PHARMA LIMITED,1143.10,1179.90,1140.50,1164.90,1159.00,1143.40,,1165.11,,,78922,91933656.80,7297,F1,1,,,,,
2026-09-25,2026-09-25,CM,NSE,STK,11804,INE450E01029,SUKHJITS,EQ,,,,,SUKHJIT STARCH & CHEM LTD,161.10,161.68,158.72,159.86,160.70,161.13,,159.86,,,22795,3648298.08,347,F1,1,,,,,
2026-09-25,2026-09-25,CM,NSE,STK,13218,INE142Q01026,SULA,EQ,,,,,SULA VINEYARDS LIMITED,135.78,136.35,132.00,135.13,134.61,135.78,,135.13,,,286393,38361941.15,5142,F1,1,,,,,
2026-09-25,2026-09-25,CM,NSE,STK,765507,INE11Z001019,SUMAX,SM,,,,,SUMAX ENGINEERING LIMITED,106.85,110.00,106.70,109.15,110.00,108.50,,109.15,,,40800,4435560.00,34,F1,1200,,,,,
2026-09-25,2026-09-25,CM,NSE,STK,765175,INE886B01012,SUMEDHA,EQ,,,,,SUMEDHA FISCAL SERVICES L,42.95,42.95,42.95,42.95,42.95,43.50,,44.50,,,200,8590.00,14,F1,1,,,,,
2026-09-25,2026-09-25,CM,NSE,STK,20790,INE235C01036,SUMEETINDS,EQ,,,,,SUMEET IND LIMITED,11.99,12.18,11.67,12.18,12.18,11.60,,12.18,,,1917462,23081650.38,663,F1,1,,,,,
2026-09-25,2026-09-25,CM,NSE,STK,11140,INE748Z01013,SUMIT,EQ,,,,,SUMIT WOODS LIMITED,50.90,50.90,47.92,49.19,49.76,49.59,,49.19,,,54349,2651768.90,240,F1,1,,,,,
2026-09-25,2026-09-25,CM,NSE,STK,17105,INE258G01013,SUMICHEM,EQ,,,,,SUMITOMO CHEM INDIA LTD,452.55,452.55,443.50,446.35,446.60,449.70,,446.33,,,105623,47215555.85,7697,F1,1,,,,,
2026-09-25,2026-09-25,CM,NSE,STK,21275,INE519C01017,SUMMITSEC,EQ,,,,,SUMMIT SECURITIES LTD,1394.70,1405.80,1376.00,1384.30,1377.50,1383.20,,1384.36,,,1397,1946105.70,314,F1,1,,,,,
2026-09-25,2026-09-25,CM,NSE,STK,14788,INE232I01014,SPARC,EQ,,,,,SUN PHARMA ADV.RES.CO.LTD,204.40,212.00,203.60,209.05,209.30,203.98,,209.05,,,2233858,464760317.42,29862,F1,1,,,,,
2026-09-25,2026-09-25,CM,NSE,STK,3351,INE044A01036,SUNPHARMA,EQ,,,,,SUN PHARMACEUTICAL IND L,1858.70,1858.70,1841.60,1852.20,1852.20,1849.90,,1852.22,,,683246,1263656097.80,44621,F1,1,,,,,
2026-09-25,2026-09-25,CM,NSE,STK,13404,INE424H01027,SUNTV,EQ,,,,,SUN TV NETWORK LIMITED,511.35,521.75,504.55,513.20,513.70,512.70,,513.14,,,791506,404909845.00,24825,F1,1,,,,,
2026-09-25,2026-09-25,CM,NSE,STK,20956,INE0Q3R01026,SUNCLAY,EQ,,,,,SUNDARAM CLAYTON LIMITED,1268.70,1277.80,1231.20,1236.70,1235.00,1249.40,,1236.78,,,7772,9632974.00,938,F1,1,,,,,
2026-09-25,2026-09-25,CM,NSE,STK,3339,INE660A01013,SUNDARMFIN,EQ,,,,,SUNDARAM FINANCE LTD,4590.30,4590.30,4455.00,4508.00,4487.00,4592.00,,4507.34,,,35762,160835751.50,8227,F1,1,,,,,
2026-09-25,2026-09-25,CM,NSE,STK,18931,INE108E01023,SUNDARAM,EQ,,,,,SUNDARAM MULTI PAP LTD,1.18,1.18,1.12,1.14,1.15,1.16,,1.14,,,307834,352272.12,295,F1,1,,,,,
2026-09-25,2026-09-25,CM,NSE,STK,9848,INE073D01013,SUNDRMBRAK,BE,,,,,SUNDARAMBRAKE LININGS LTD,693.55,696.70,664.05,670.10,664.05,693.55,,670.33,,,411,277531.80,65,F1,1,,,,,
2026-09-25,2026-09-25,CM,NSE,STK,3345,INE387A01021,SUNDRMFAST,EQ,,,,,SUNDRAM FASTENERS LTD,1172.00,1190.30,1167.40,1178.90,1180.00,1172.30,,1178.90,,,66426,78385943.00,10230,F1,1,,,,,
2026-09-25,2026-09-25,CM,NSE,STK,761202,INE0CTB01014,SOCL,SM,,,,,SUNDREX OIL COMPANY LTD,28.90,29.00,28.25,29.00,29.00,28.60,,29.00,,,14400,415760.00,8,F1,1600,,,,,
2026-09-25,2026-09-25,CM,NSE,STK,1663,INE209A01019,SUNDROP,EQ,,,,,SUNDROP BRANDS LIMITED,760.00,775.00,690.05,745.75,742.00,756.20,,745.73,,,11595,8648343.85,819,F1,1,,,,,
2026-09-25,2026-09-25,CM,NSE,STK,3348,INE947A01014,SUNFLAG,EQ,,,,,SUNFLAG IRON AND STEEL CO,400.00,418.60,394.55,410.65,407.15,396.80,,410.66,,,2066226,846438434.80,49036,F1,1,,,,,
2026-09-25,2026-09-25,CM,NSE,STK,18264,INE0O3O01017,SEL,SM,,,,,SUNGARNER ENERGIES LTD,339.05,371.00,338.55,343.25,341.00,356.35,,343.25,,,3000,1046200.00,15,F1,200,,,,,
2026-09-25,2026-09-25,CM,NSE,STK,765180,INE671C01016,SUNLOC,EQ,,,,,SUNIL HEALTHCARE LTD.,72.00,72.00,70.39,70.90,70.90,72.00,,70.50,,,139,9822.06,18,F1,1,,,,,
2026-09-25,2026-09-25,CM,NSE,STK,24868,INE0U2N01013,SUNLITE,SM,,,,,SUNLITE RECYCLING IND LTD,608.75,630.00,608.75,612.05,618.00,608.75,,612.05,,,42900,26294025.00,59,F1,300,,,,,
2026-09-25,2026-09-25,CM,NSE,STK,764925,INE671K01027,SUNRAKSHAK,EQ,,,,,SUNRAKSHAKK INDUS IND L,367.50,367.50,365.45,366.20,367.15,367.75,,366.15,,,3384,1238342.45,213,F1,1,,,,,
2026-09-25,2026-09-25,CM,NSE,STK,20213,INE0PLZ01012,SUNREST,SM,,,,,SUNREST LIFESCIENCE LTD,37.50,37.50,37.50,37.50,37.50,39.90,,37.50,,,1600,60000.00,1,F1,1600,,,,,
2026-09-25,2026-09-25,CM,NSE,STK,764930,INE199E01014,SUNSHIEL,EQ,,,,,SUNSHIELD CHEMICALS LTD.,1159.50,1179.90,1106.30,1132.40,1125.00,1149.80,,1131.82,,,3669,4205486.60,407,F1,1,,,,,
2026-09-25,2026-09-25,CM,NSE,STK,765387,INE1B3O01011,SUNSHINE,EQ,,,,,SUNSHINE PICTURES LIMITED,438.00,444.60,429.45,437.45,437.60,436.90,,437.46,,,437261,191175187.85,4179,F1,1,,,,,
2026-09-25,2026-09-25,CM,NSE,STK,757763,INE0SGZ01016,SUNTECH,SM,,,,,SUNTECH INFRA SOLUTIONS L,38.50,38.50,38.50,38.50,38.50,38.50,,38.50,,,1600,61600.00,1,F1,1600,,,,,
2026-09-25,2026-09-25,CM,NSE,STK,17641,INE805D01034,SUNTECK,EQ,,,,,SUNTECK REALTY LIMITED,285.35,285.35,281.05,283.00,282.80,284.05,,282.99,,,79920,22624233.20,3372,F1,1,,,,,
2026-09-25,2026-09-25,CM,NSE,STK,8931,INE662A01027,SUPERSPIN,BE,,,,,SUPER SPINNING MILLS LTD,7.99,8.03,7.50,7.93,7.94,7.65,,7.92,,,83559,654861.88,135,F1,1,,,,,
2026-09-25,2026-09-25,CM,NSE,STK,764938,INE460D01038,SUPTANERY,BE,,,,,SUPER TANNERY LTD.,9.62,9.62,9.62,9.62,9.62,10.12,,9.63,,,111826,1075766.12,361,F1,1,,,,,
2026-09-25,2026-09-25,CM,NSE,STK,20616,INE712B01010,SUPERHOUSE,EQ,,,,,SUPERHOUSE LIMITED,167.00,169.00,162.53,164.71,163.50,165.45,,164.71,,,4839,797346.27,121,F1,1,,,,,
2026-09-25,2026-09-25,CM,NSE,STK,11689,INE399C01030,SUPRAJIT,EQ,,,,,SUPRAJIT ENGINEERING LTD,489.10,492.15,483.40,488.00,487.25,486.65,,488.01,,,54422,26517339.80,3431,F1,1,,,,,
2026-09-25,2026-09-25,CM,NSE,STK,758997,INE319Z01021,SUPREMEENG,BZ,,,,,SUPREME ENGINEERING LTD,3.93,3.93,3.93,3.93,3.93,3.86,,3.93,,,159066,625129.38,94,F1,1,,,,,
2026-09-25,2026-09-25,CM,NSE,STK,28069,INE0U6N01014,SFML,SM,,,,,SUPREME FACILITY MGMT LTD,20.65,20.65,20.65,20.65,20.65,20.90,,20.65,,,3200,66080.00,2,F1,1600,,,,,
2026-09-25,2026-09-25,CM,NSE,STK,29439,INE822E01011,SUPREME,EQ,,,,,SUPREME HOLDIN N HOSP I L,32.50,32.50,31.05,31.39,31.12,31.29,,31.33,,,4143,131103.38,84,F1,1,,,,,
2026-09-25,2026-09-25,CM,NSE,STK,3363,INE195A01028,SUPREMEIND,EQ,,,,,SUPREME INDUSTRIES LTD,3430.00,3555.00,3426.20,3550.00,3550.00,3434.00,,3549.95,,,112619,395014509.10,19225,F1,1,,,,,
2026-09-25,2026-09-25,CM,NSE,STK,15002,INE550H01011,SUPREMEINF,EQ,,,,,SUPREME INFRA. LTD.,82.50,82.50,79.35,81.29,80.55,80.39,,81.29,,,17086,1387736.33,154,F1,1,,,,,
2026-09-25,2026-09-25,CM,NSE,STK,9617,INE663A01033,SPLPETRO,EQ,,,,,SUPREME PETROCHEM LIMITED,876.00,882.00,856.20,880.00,879.90,879.90,,879.96,,,162786,141699103.10,14288,F1,1,,,,,
2026-09-25,2026-09-25,CM,NSE,STK,21067,INE0QHG01026,SUPREMEPWR,SM,,,,,SUPREME POWER EQUIPMENT L,203.00,217.95,202.70,210.50,208.00,202.60,,210.50,,,59000,12274175.00,90,F1,500,,,,,
2026-09-25,2026-09-25,CM,NSE,STK,7390,INE07RO01027,SUPRIYA,EQ,,,,,SUPRIYA LIFESCIENCE LTD,964.80,994.85,958.80,985.20,986.00,961.75,,985.18,,,326713,319953113.85,22451,F1,1,,,,,
2026-09-25,2026-09-25,CM,NSE,STK,20822,INE843S01025,SURAJEST,EQ,,,,,SURAJ ESTATE DEVELOPERS L,221.95,224.00,218.82,221.75,222.20,219.42,,221.74,,,75687,16751883.27,1601,F1,1,,,,,
2026-09-25,2026-09-25,CM,NSE,STK,24966,INE713C01016,SURAJLTD,EQ,,,,,SURAJ LIMITED,200.50,201.00,195.00,198.08,198.08,200.50,,198.82,,,97,19336.47,16,F1,1,,,,,
2026-09-25,2026-09-25,CM,NSE,STK,27334,INE877V01027,SURAKSHA,EQ,,,,,SURAKSHA DIAGNOSTIC LTD,354.30,355.95,340.00,343.30,343.45,356.00,,343.29,,,37699,13010187.65,2354,F1,1,,,,,
2026-09-25,2026-09-25,CM,NSE,STK,21077,INE272L01022,SURANASOL,EQ,,,,,SURANA SOLAR LIMITED,25.59,25.85,25.10,25.30,25.45,25.65,,25.30,,,17041,431098.27,313,F1,1,,,,,
2026-09-25,2026-09-25,CM,NSE,STK,10700,INE130B01031,SURANAT&P,EQ,,,,,SURANA TELECOM AND POW LT,16.00,16.29,15.81,15.92,15.95,15.89,,15.92,,,34118,543083.76,302,F1,1,,,,,
2026-09-25,2026-09-25,CM,NSE,STK,8513,INE01ZJ01015,SURANI,SM,,,,,SURANI STEEL TUBES LTD.,100.00,100.00,91.25,93.10,93.10,93.00,,93.10,,,9400,890170.00,20,F1,200,,,,,
2026-09-25,2026-09-25,CM,NSE,STK,14139,INE05ST01028,SBGLP,EQ,,,,,SURATWWALA BUS GROUP LTD,23.69,24.95,23.25,23.55,23.49,22.89,,23.55,,,61789,1468946.98,574,F1,1,,,,,
2026-09-25,2026-09-25,CM,NSE,STK,3375,INE335A01020,SURYAROSNI,EQ,,,,,SURYA ROSHNI LTD,219.27,229.00,216.38,227.45,226.20,217.50,,227.42,,,923512,207250957.92,12410,F1,1,,,,,
2026-09-25,2026-09-25,CM,NSE,STK,11852,INE713B01026,SURYALAXMI,EQ,,,,,SURYALAKSHMI COT MIL LTD,59.38,59.38,56.10,57.00,57.00,57.50,,57.00,,,3319,189484.69,78,F1,1,,,,,
2026-09-25,2026-09-25,CM,NSE,STK,762924,INE132C01027,SURYALA,EQ,,,,,SURYALATA SPINNING MILL L,390.05,390.05,382.20,390.00,389.95,390.05,,390.13,,,303,117062.65,9,F1,1,,,,,
2026-09-25,2026-09-25,CM,NSE,STK,2970,INE428Q01011,SURYODAY,EQ,,,,,SURYODAY SMALL FIN BK LTD,145.00,152.48,144.49,149.12,148.75,145.34,,149.13,,,210889,31061224.43,2555,F1,1,,,,,
2026-09-25,2026-09-25,CM,NSE,STK,21321,INE0R8O23017,SEITINVIT,IV,,,,,SUSTAINABLE ENERGY INFRA,121.05,122.50,121.05,122.49,122.49,124.00,,122.49,,,3275000,401113500.00,12,F1,25000,,,,,
2026-09-25,2026-09-25,CM,NSE,STK,13804,INE645H01027,SUTLEJTEX,BE,,,,,SUTLEJ TEXT & INDUS LTD,38.00,38.10,37.00,37.31,37.35,38.00,,37.31,,,22616,841210.77,112,F1,1,,,,,
2026-09-25,2026-09-25,CM,NSE,STK,11233,INE495B01038,SUVEN,EQ,,,,,SUVEN LIFE SCIENCES LTD,337.00,342.00,330.20,335.00,335.90,335.05,,335.00,,,251356,84155177.90,8416,F1,1,,,,,
2026-09-25,2026-09-25,CM,NSE,STK,2998,INE018401013,SUVIDHAA,EQ,,,,,SUVIDHAA INFOSERVE LTD,2.21,2.36,2.18,2.21,2.21,2.21,,2.21,,,88167,197020.88,191,F1,1,,,,,
2026-09-25,2026-09-25,CM,NSE,STK,24851,INE442P01014,SUYOG,EQ,,,,,SUYOG TELEMATICS LIMITED,674.00,674.00,645.35,650.40,647.50,660.15,,650.40,,,12753,8290993.50,702,F1,1,,,,,
2026-09-25,2026-09-25,CM,NSE,STK,12018,INE040H01021,SUZLON,EQ,,,,,SUZLON ENERGY LIMITED,40.74,41.09,40.11,40.80,40.80,40.74,,40.80,,,57074067,2313560531.55,110203,F1,1,,,,,
2026-09-25,2026-09-25,CM,NSE,STK,5020,INE308E01029,SVPGLOB,EQ,,,,,SVP GLOBAL TEXTILES LTD,3.35,3.35,3.25,3.27,3.29,3.28,,3.27,,,25029,82365.27,39,F1,1,,,,,
2026-09-25,2026-09-25,CM,NSE,STK,27095,INE665A01038,SWANCORP,EQ,,,,,SWAN CORP LIMITED,296.00,298.00,292.85,294.85,294.35,294.70,,294.85,,,505644,148747483.00,9013,F1,1,,,,,
2026-09-25,2026-09-25,CM,NSE,STK,29164,INE542F01020,SWANDEF,BE,,,,,SWAN DEFENCE N HEVY IND L,2709.00,2780.00,2610.00,2679.70,2700.00,2716.60,,2679.30,,,12520,33657517.20,1001,F1,1,,,,,
2026-09-25,2026-09-25,CM,NSE,STK,3384,INE277A01016,SWARAJENG,EQ,,,,,SWARAJ ENGINES LTD,3525.00,3559.60,3525.00,3545.70,3550.00,3548.60,,3545.64,,,4651,16485487.20,1775,F1,1,,,,,
2026-09-25,2026-09-25,CM,NSE,STK,764496,INE0GMR01016,SWARAJ,BE,,,,,SWARAJ SUITING LIMITED,338.00,338.60,338.00,338.60,338.60,322.50,,338.60,,,101892,34497815.40,416,F1,1,,,,,
2026-09-25,2026-09-25,CM,NSE,STK,765185,INE967A01012,SWARNSAR,EQ,,,,,SWARNSARITA JEWELS IND L,43.50,43.50,40.20,41.68,41.69,42.04,,41.83,,,10276,422169.90,64,F1,1,,,,,
2026-09-25,2026-09-25,CM,NSE,STK,11497,INE0DGC01025,SWASTIK,ST,,,,,SWASTIK PIPE LIMITED,18.60,18.60,18.60,18.60,18.60,17.75,,18.60,,,1200,22320.00,1,F1,1200,,,,,
2026-09-25,2026-09-25,CM,NSE,STK,11909,INE409B01013,SWELECTES,EQ,,,,,SWELECT ENERGY SYS LTD,573.95,614.70,565.00,587.00,588.85,561.65,,586.70,,,72324,42792314.60,3787,F1,1,,,,,
2026-09-25,2026-09-25,CM,NSE,STK,27066,INE00H001014,SWIGGY,EQ,,,,,SWIGGY LIMITED,268.90,268.95,261.40,264.85,264.85,267.45,,264.80,,,9596392,2541465128.35,60983,F1,1,,,,,
2026-09-25,2026-09-25,CM,NSE,STK,765193,INE010C01025,SWISSMLTRY,BE,,,,,SWISS MILITARY CON GOOD L,14.38,14.70,14.01,14.41,14.65,14.06,,14.33,,,48469,696103.62,248,F1,1,,,,,
2026-09-25,2026-09-25,CM,NSE,STK,765485,INE899I01028,SYMBIOTEC,EQ,,,,,SYMBIOTEC PHARMALAB LTD,1023.00,1027.85,985.50,1003.35,1005.00,1024.05,,1003.32,,,675920,678136596.00,34253,F1,1,,,,,
2026-09-25,2026-09-25,CM,NSE,STK,24190,INE225D01027,SYMPHONY,EQ,,,,,SYMPHONY LIMITED,577.10,593.15,574.15,588.80,589.70,576.70,,588.80,,,37195,21805946.60,2784,F1,1,,,,,
2026-09-25,2026-09-25,CM,NSE,STK,11992,INE312C01025,SYNCOMF,EQ,,,,,SYNCOM FORMU (I) LTD,20.13,20.40,19.61,20.05,20.08,20.03,,20.05,,,7105116,142138539.62,12877,F1,1,,,,,
2026-09-25,2026-09-25,CM,NSE,STK,5114,INE00QT01015,SGIL,EQ,,,,,SYNERGY GREEN IND. LTD,655.00,655.00,626.30,642.50,642.35,646.60,,642.50,,,4595,2941974.90,418,F1,1,,,,,
2026-09-25,2026-09-25,CM,NSE,STK,10243,INE398R01022,SYNGENE,EQ,,,,,SYNGENE INTERNATIONAL LTD,380.35,381.85,376.95,378.70,379.90,380.35,,378.66,,,177820,67365898.80,9035,F1,1,,,,,
2026-09-25,2026-09-25,CM,NSE,STK,17206,INE0BTR01012,SYNOPTICS,ST,,,,,SYNOPTICS TECHNOLOGIES L,49.45,49.45,49.25,49.45,49.45,47.10,,49.45,,,1800,88890.00,3,F1,600,,,,,
2026-09-25,2026-09-25,CM,NSE,STK,10793,INE0DYJ01015,SYRMA,EQ,,,,,SYRMA SGS TECHNOLOGY LTD,1703.00,1742.70,1702.00,1732.60,1730.20,1698.60,,1732.61,,,1026235,1771531531.00,51313,F1,1,,,,,
2026-09-25,2026-09-25,CM,NSE,STK,14506,INE0O7R01011,SYSTANGO,SM,,,,,SYSTANGO TECHNOLOGIES LTD,224.65,224.65,221.05,222.85,222.00,224.65,,222.85,,,16800,3741940.00,35,F1,400,,,,,
2026-09-25,2026-09-25,CM,NSE,STK,759358,INE356B01024,SYSTMTXC,BE,,,,,SYSTEMATIX CORP SERVICE L,79.95,79.95,77.50,77.50,77.50,79.05,,78.50,,,5305,418773.52,41,F1,1,,,,,
2026-09-25,2026-09-25,CM,NSE,STK,764955,INE284B01028,TGVSL,EQ,,,,,T G V SRAAC LTD.,110.11,127.74,110.11,124.78,125.00,109.31,,124.75,,,10384184,1277954813.46,68785,F1,1,,,,,
2026-09-25,2026-09-25,CM,NSE,STK,14314,INE592B01024,TTL,EQ,,,,,T T LIMITED,7.28,7.38,7.09,7.13,7.14,7.25,,7.13,,,176663,1271095.82,458,F1,1,,,,,
2026-09-25,2026-09-25,CM,NSE,STK,762929,INE524T01029,TAALTECH,EQ,,,,,TAAL TECH LTD.,1033.00,1127.90,1033.00,1085.40,1098.00,1050.50,,1085.49,,,64240,70080567.50,6861,F1,1,,,,,
2026-09-25,2026-09-25,CM,NSE,STK,23441,INE0SOY01013,TAC,ST,,,,,TAC INFOSEC LIMITED,451.10,474.80,446.05,446.85,446.05,469.50,,446.85,,,53400,24151130.00,226,F1,200,,,,,
2026-09-25,2026-09-25,CM,NSE,STK,3396,INE123C01018,TAINWALCHM,EQ,,,,,TAINWALA CHEMICAL AND PLA,213.05,215.00,207.10,209.20,209.15,216.79,,209.19,,,5113,1075489.02,160,F1,1,,,,,
2026-09-25,2026-09-25,CM,NSE,STK,9354,INE586B01026,TAJGVK,EQ,,,,,TAJ GVK HOTELS & RESORTS,324.65,325.20,319.80,324.35,323.05,323.20,,324.23,,,28904,9326825.95,1411,F1,1,,,,,
2026-09-25,2026-09-25,CM,NSE,STK,14917,INE142I01023,TAKE,EQ,,,,,TAKE LIMITED,15.71,15.71,15.11,15.51,15.48,15.40,,15.50,,,144138,2219873.62,578,F1,1,,,,,
2026-09-25,2026-09-25,CM,NSE,STK,13648,INE187D01029,TALBROAUTO,EQ,,,,,TALBROS AUTO. COMP. LTD,466.00,472.70,452.10,457.35,456.00,466.00,,457.35,,,217822,100630267.35,9498,F1,1,,,,,
2026-09-25,2026-09-25,CM,NSE,STK,762937,INE864J01012,TAMBOLIIN,BE,,,,,TAMBOLI INDUSTRIES LTD.,299.40,308.70,282.00,300.80,303.00,294.95,,300.80,,,5508,1663263.35,77,F1,1,,,,,
2026-09-25,2026-09-25,CM,NSE,STK,10945,INE668A01016,TMB,EQ,,,,,TAMILNAD MERCA BANK LTD,894.95,899.95,879.05,881.90,881.00,893.55,,881.91,,,118477,104885316.15,10842,F1,1,,,,,
2026-09-25,2026-09-25,CM,NSE,STK,3980,INE107A01015,TNPL,EQ,,,,,TAMILNADU NEWSPRT & PAPER,148.49,153.89,147.51,151.60,150.70,148.94,,151.59,,,369264,55909066.10,7276,F1,1,,,,,
2026-09-25,2026-09-25,CM,NSE,STK,3509,INE148A01019,TNPETRO,EQ,,,,,TAMILNADU PETROPRODUCTS L,127.00,139.95,125.80,132.93,132.85,126.98,,132.94,,,7029643,941666343.41,74431,F1,1,,,,,
2026-09-25,2026-09-25,CM,NSE,STK,3512,INE141D01018,TNTELE,EQ,,,,,TAMILNADU TELECOMMUNICATI,9.46,10.44,9.03,9.91,9.93,9.31,,9.92,,,92723,899278.43,705,F1,1,,,,,
2026-09-25,2026-09-25,CM,NSE,STK,764945,INE692C01020,TANAA,EQ,,,,,TANEJA AEROSPACE & AVIA L,331.80,365.00,331.10,345.10,348.00,331.80,,345.24,,,117489,41208987.95,4524,F1,1,,,,,
2026-09-25,2026-09-25,CM,NSE,STK,756338,INE0Z7N01017,TANKUP,ST,,,,,TANKUP ENGINEERS LIMITED,1640.00,1652.30,1640.00,1652.30,1652.30,1619.95,,1652.30,,,6750,11149950.00,10,F1,250,,,,,
2026-09-25,2026-09-25,CM,NSE,STK,13976,INE483C01032,TANLA,EQ,,,,,TANLA PLATFORMS LIMITED,490.40,496.50,484.65,494.75,495.00,489.60,,494.77,,,248415,121856236.15,12419,F1,1,,,,,
2026-09-25,2026-09-25,CM,NSE,STK,23512,INE555Z01020,TARACHAND,EQ,,,,,TARA CHAND INFRA SOLN LTD,47.90,49.00,46.10,48.46,48.63,46.11,,48.46,,,71075,3393694.79,776,F1,1,,,,,
2026-09-25,2026-09-25,CM,NSE,STK,18827,INE747K01017,TARAPUR,EQ,,,,,TARAPUR TRANSFORMERS LTD,12.22,12.24,12.00,12.19,12.24,12.22,,12.18,,,15620,190351.93,136,F1,1,,,,,
2026-09-25,2026-09-25,CM,NSE,STK,1581,INE0EK901012,TARC,EQ,,,,,TARC LIMITED,129.35,130.99,127.50,129.36,129.30,129.35,,129.36,,,181062,23381394.15,2709,F1,1,,,,,
2026-09-25,2026-09-25,CM,NSE,STK,14771,INE924H01018,TARMAT,EQ,,,,,TARMAT LIMITED,55.30,56.85,54.00,55.84,55.10,54.05,,55.84,,,12463,688395.86,556,F1,1,,,,,
2026-09-25,2026-09-25,CM,NSE,STK,6943,INE144Z01023,TARSONS,EQ,,,,,TARSONS PRODUCTS LIMITED,341.00,345.00,327.45,332.75,334.90,335.45,,332.73,,,97118,32378905.30,3677,F1,1,,,,,
2026-09-25,2026-09-25,CM,NSE,STK,20092,INE488B01017,TASTYBITE,EQ,,,,,TASTY BITE EATABLES LTD,9900.00,9961.00,9711.00,9856.00,9911.00,9903.00,,9866.02,,,1290,12679451.00,614,F1,1,,,,,
2026-09-25,2026-09-25,CM,NSE,STK,759265,INE976I01016,TATACAP,EQ,,,,,TATA CAPITAL LIMITED,337.00,341.15,333.35,339.15,339.05,336.25,,339.15,,,1484301,500444450.60,45342,F1,1,,,,,
2026-09-25,2026-09-25,CM,NSE,STK,3405,INE092A01019,TATACHEM,EQ,,,,,TATA CHEMICALS LTD,654.65,654.65,633.60,643.75,644.90,652.20,,643.76,,,1131484,728585536.50,24608,F1,1,,,,,
2026-09-25,2026-09-25,CM,NSE,STK,3721,INE151A01013,TATACOMM,EQ,,,,,TATA COMMUNICATIONS LTD,1671.90,1682.00,1650.10,1666.50,1665.00,1670.00,,1666.63,,,126901,211585679.70,18926,F1,1,,,,,
2026-09-25,2026-09-25,CM,NSE,STK,11536,INE467B01029,TCS,EQ,,,,,TATA CONSULTANCY SERV LT,2054.00,2090.20,2038.10,2082.00,2082.00,2087.00,,2082.31,,,3342195,6926987394.50,130106,F1,1,,,,,
2026-09-25,2026-09-25,CM,NSE,STK,3432,INE192A01025,TATACONSUM,EQ,,,,,TATA CONSUMER PRODUCT LTD,988.00,989.90,979.20,983.20,983.20,986.30,,983.19,,,885948,871056423.60,29062,F1,1,,,,,
2026-09-25,2026-09-25,CM,NSE,STK,3411,INE670A01012,TATAELXSI,EQ,,,,,TATA ELXSI LIMITED,3190.00,3201.00,3144.00,3186.90,3186.90,3183.80,,3186.46,,,177199,563176870.50,23600,F1,1,,,,,
2026-09-25,2026-09-25,CM,NSE,STK,1621,INE672A01026,TATAINVEST,EQ,,,,,TATA INVESTMENT CORP LTD,659.65,661.30,645.50,651.60,653.00,658.35,,651.59,,,268798,174949910.15,14205,F1,1,,,,,
2026-09-25,2026-09-25,CM,NSE,STK,759782,INE1TAE01010,TMCV,EQ,,,,,TATA MOTORS LIMITED,440.00,445.00,436.60,441.50,440.00,437.15,,441.44,,,6273947,2766391803.50,106466,F1,1,,,,,
2026-09-25,2026-09-25,CM,NSE,STK,3456,INE155A01022,TMPV,EQ,,,,,TATA MOTORS PASS VEH LTD,297.00,297.70,288.00,290.45,290.45,295.00,,290.45,,,22634929,6606764138.90,151997,F1,1,,,,,
2026-09-25,2026-09-25,CM,NSE,STK,3426,INE245A01021,TATAPOWER,EQ,,,,,TATA POWER CO LTD,363.00,367.80,362.65,367.50,367.50,363.45,,367.43,,,1727813,631814709.45,24391,F1,1,,,,,
2026-09-25,2026-09-25,CM,NSE,STK,3499,INE081A01020,TATASTEEL,EQ,,,,,TATA STEEL LIMITED,188.57,190.34,187.01,187.97,187.97,188.02,,187.96,,,15890667,2996046716.86,90841,F1,1,,,,,
2026-09-25,2026-09-25,CM,NSE,STK,20293,INE142M01025,TATATECH,EQ,,,,,TATA TECHNOLOGIES LIMITED,715.00,716.90,700.00,703.05,704.45,717.75,,703.05,,,652847,460004003.45,28832,F1,1,,,,,
2026-09-25,2026-09-25,CM,NSE,STK,8954,INE517B01013,TTML,EQ,,,,,TATA TELESERV(MAHARASTRA),35.25,35.25,33.84,34.44,34.48,35.02,,34.44,,,1775354,61174287.27,8359,F1,1,,,,,
2026-09-25,2026-09-25,CM,NSE,STK,7838,INF277K015R5,NETF,EQ,,,,,TATAAML - NETF,253.90,254.69,250.91,253.62,254.65,255.10,,253.62,,,2003,504793.39,140,F1,1,,,,,
2026-09-25,2026-09-25,CM,NSE,STK,12978,INF277K010X4,NPBET,EQ,,,,,TATAAML - NPBET,271.73,279.62,271.73,278.87,278.87,278.70,,278.87,,,22,6126.16,12,F1,1,,,,,
2026-09-25,2026-09-25,CM,NSE,STK,8882,INF277KA1364,TNIDETF,EQ,,,,,TATAAML - TNIDETF,87.50,87.69,84.86,85.70,85.13,86.30,,85.70,,,60997,5209707.39,754,F1,1,,,,,
2026-09-25,2026-09-25,CM,NSE,STK,21401,INF277KA1976,TATAGOLD,EQ,,,,,TATAAML-TATAGOLD,14.57,14.64,14.52,14.62,14.63,14.52,,14.62,,,37775952,550606020.40,55161,F1,1,,,,,
2026-09-25,2026-09-25,CM,NSE,STK,21428,INF277KA1984,TATSILV,EQ,,,,,TATAAML-TATSILV,22.01,22.24,21.88,22.21,22.22,21.92,,22.21,,,28133247,620988849.27,36597,F1,1,,,,,
2026-09-25,2026-09-25,CM,NSE,STK,5162,INE0GK401011,TATVA,EQ,,,,,TATVA CHIN PHARM CHEM LTD,1749.50,1804.00,1731.10,1793.20,1797.50,1728.60,,1793.16,,,66589,118765412.10,7957,F1,1,,,,,
2026-09-25,2026-09-25,CM,NSE,STK,759759,INE0XWS01018,TAURIAN,ST,,,,,TAURIAN MPS LIMITED,608.00,608.00,582.55,589.00,582.55,608.40,,589.00,,,14400,8574920.00,18,F1,800,,,,,
2026-09-25,2026-09-25,CM,NSE,STK,11754,INE053F07835,753IRFC30,NJ,,,,,TAX FREE  7.53% SR. 103 A,1140.80,1145.30,1140.80,1145.00,1145.00,1140.50,,1145.00,,,152,173604.80,11,F1,1,,,,,
2026-09-25,2026-09-25,CM,NSE,STK,15168,INE053F07900,764IRFC31,NO,,,,,TAX FREE  7.64% SR. 108A,1154.99,1154.99,1154.99,1154.99,1154.99,1154.99,,1154.99,,,10,11549.90,1,F1,1,,,,,
2026-09-25,2026-09-25,CM,NSE,STK,14529,INE906B07EP5,769NHAI31,NE,,,,,TAX FREE 7.69% SR. IIB,1086.00,1086.00,1080.25,1080.74,1084.89,1086.90,,1080.74,,,1209,1309829.79,22,F1,1,,,,,
2026-09-25,2026-09-25,CM,NSE,STK,11757,INE053F07843,750IRFC35,NK,,,,,TAX FREE7.50% SR.104 A,1220.00,1220.00,1220.00,1220.00,1220.00,1220.00,,1220.00,,,75,91500.00,2,F1,1,,,,,
2026-09-25,2026-09-25,CM,NSE,STK,12003,INE906B07EJ8,76NHAI31,NA,,,,,TAX FREE7.60% SR.IIB,1111.99,1111.99,1110.55,1111.87,1111.97,1111.06,,1111.87,,,228,253497.04,9,F1,1,,,,,
2026-09-25,2026-09-25,CM,NSE,STK,24019,INE0N2D01013,TBI,SM,,,,,TBI CORN LIMITED,73.90,75.00,71.10,71.95,72.00,74.70,,71.95,,,24000,1735380.00,39,F1,600,,,,,
2026-09-25,2026-09-25,CM,NSE,STK,23740,INE673O01025,TBOTEK,EQ,,,,,TBO TEK LIMITED,1686.00,1702.90,1668.00,1696.90,1692.00,1687.20,,1696.91,,,52783,89212579.70,6988,F1,1,,,,,
2026-09-25,2026-09-25,CM,NSE,STK,761814,INE887D01024,TCC,EQ,,,,,TCC CONCEPT LIMITED,52.27,52.27,49.50,50.75,51.94,51.63,,50.75,,,393062,19940558.81,3859,F1,1,,,,,
2026-09-25,2026-09-25,CM,NSE,STK,19223,INE586V01016,TCIEXP,EQ,,,,,TCI EXPRESS LIMITED,499.15,516.35,491.35,501.55,498.00,492.75,,501.55,,,33811,17049254.25,2910,F1,1,,,,,
2026-09-25,2026-09-25,CM,NSE,STK,4771,INE911B01018,TCIFINANCE,EQ,,,,,TCI FINANCE LTD,15.64,15.64,14.50,14.86,15.15,14.86,,14.86,,,15285,232828.52,80,F1,1,,,,,
2026-09-25,2026-09-25,CM,NSE,STK,184,INE822C01015,TCPLPACK,EQ,,,,,TCPL PACKAGING LIMITED,4098.80,4183.90,4030.10,4106.80,4103.80,4058.80,,4106.83,,,9656,39694164.10,2396,F1,1,,,,,
2026-09-25,2026-09-25,CM,NSE,STK,25178,INE419M01035,TDPOWERSYS,EQ,,,,,TD POWER SYSTEMS LTD.,743.00,763.50,737.10,751.55,751.70,742.00,,751.56,,,1040836,780616119.60,55654,F1,1,,,,,
2026-09-25,2026-09-25,CM,NSE,STK,10717,INE289C01025,TEAMGTY,EQ,,,,,TEAM INDIA GUARANTY LTD,242.60,242.60,235.00,241.45,241.45,241.71,,242.13,,,272,63985.05,7,F1,1,,,,,
2026-09-25,2026-09-25,CM,NSE,STK,12716,INE985S01024,TEAMLEASE,EQ,,,,,TEAMLEASE SERVICES LTD.,1190.00,1198.90,1158.00,1173.00,1175.00,1192.00,,1173.00,,,37668,44322179.50,6108,F1,1,,,,,
2026-09-25,2026-09-25,CM,NSE,STK,17000,INE065J01024,TPHQ,BE,,,,,TEAMO PRODUCTIONS HQ LTD,0.51,0.52,0.51,0.51,0.51,0.51,,0.51,,,559741,286396.58,201,F1,1,,,,,
2026-09-25,2026-09-25,CM,NSE,STK,763571,INE2OL601013,TEAMTECH,ST,,,,,TEAMTECH FORMWORK SOL LTD,138.00,138.00,135.00,135.00,135.00,138.35,,135.00,,,6000,816000.00,3,F1,2000,,,,,
2026-09-25,2026-09-25,CM,NSE,STK,13538,INE669C01036,TECHM,EQ,,,,,TECH MAHINDRA LIMITED,1540.00,1554.70,1526.60,1548.00,1548.00,1543.00,,1547.82,,,939846,1452076322.30,35771,F1,1,,,,,
2026-09-25,2026-09-25,CM,NSE,STK,759138,INE0Y5H01014,TECHD,SM,,,,,TECHD CYBERSECURITY LTD,550.50,552.00,540.60,548.05,551.90,558.00,,548.05,,,7500,4101330.00,24,F1,300,,,,,
2026-09-25,2026-09-25,CM,NSE,STK,25652,INE0JQS01019,TECHERA,SM,,,,,TECHERA ENGINEER (IND) L,152.25,154.00,148.00,152.00,151.15,152.35,,152.00,,,43200,6537160.00,51,F1,800,,,,,
2026-09-25,2026-09-25,CM,NSE,STK,6445,INE285K01026,TECHNOE,EQ,,,,,TECHNO ELEC & ENG CO. LTD,986.35,1016.20,983.00,1006.20,1009.00,991.65,,1006.17,,,104359,103937321.20,10039,F1,1,,,,,
2026-09-25,2026-09-25,CM,NSE,STK,14223,INE545H01011,TIIL,EQ,,,,,TECHNOCRAFT IND LTD,3033.20,3065.40,2985.00,3003.40,3007.10,3033.10,,3003.63,,,27627,83211485.40,4151,F1,1,,,,,
2026-09-25,2026-09-25,CM,NSE,STK,764532,INE1D0W01018,TECHNOCRAF,EQ,,,,,TECHNOCRAFT VENTURES LTD,479.55,496.50,474.10,491.05,491.00,475.05,,491.04,,,1351541,659509056.70,31925,F1,1,,,,,
2026-09-25,2026-09-25,CM,NSE,STK,762939,INE314H01012,TECHNVISN,EQ,,,,,TECHNVISION VENTURES LTD.,4231.50,4231.50,3950.00,4071.00,4178.00,4130.00,,4071.00,,,391,1603489.50,130,F1,1,,,,,
2026-09-25,2026-09-25,CM,NSE,STK,3453,INE014B01011,TECILCHEM,EQ,,,,,TECIL CHEMICALS,9.44,9.44,8.58,8.81,8.80,9.25,,8.81,,,142745,1281712.96,336,F1,1,,,,,
2026-09-25,2026-09-25,CM,NSE,STK,23530,INE0K6601012,TGL,ST,,,,,TEERTH GOPICON LIMITED,14.20,14.20,14.20,14.20,14.20,14.45,,14.20,,,7200,102240.00,16,F1,200,,,,,
2026-09-25,2026-09-25,CM,NSE,STK,7105,INE011K01018,TEGA,EQ,,,,,TEGA INDUSTRIES LIMITED,2056.00,2100.00,2049.40,2091.60,2090.00,2062.00,,2091.50,,,261282,543807300.20,21197,F1,1,,,,,
2026-09-25,2026-09-25,CM,NSE,STK,763825,INE0R1301019,TEJA,SM,,,,,TEJA ENGINEERING IND L,217.00,222.00,217.00,222.00,222.00,215.75,,222.00,,,7200,1585200.00,9,F1,600,,,,,
2026-09-25,2026-09-25,CM,NSE,STK,21131,INE010J01012,TEJASNET,EQ,,,,,TEJAS NETWORKS LIMITED,513.00,513.00,501.00,503.85,506.00,511.30,,503.86,,,893736,451957241.40,21149,F1,1,,,,,
2026-09-25,2026-09-25,CM,NSE,STK,3275,INE869Y01028,TEMBO,EQ,,,,,TEMBO GLOBAL IND LTD,59.82,63.37,57.40,58.28,57.80,59.26,,58.28,,,3971032,237805046.66,26723,F1,1,,,,,
2026-09-25,2026-09-25,CM,NSE,STK,765426,INE1KZI01025,TEMPSENS,EQ,,,,,TEMPSENS INST (INDIA) LTD,543.40,546.70,522.45,531.05,529.80,543.40,,531.03,,,1321440,702925007.70,28553,F1,1,,,,,
2026-09-25,2026-09-25,CM,NSE,STK,759880,INE19RI01016,TENNIND,EQ,,,,,TENNECO CLEAN AIR INDIA L,514.00,518.70,509.00,515.25,512.00,511.25,,515.22,,,471856,241995790.60,16161,F1,1,,,,,
2026-09-25,2026-09-25,CM,NSE,STK,19292,INE482B01010,TERASOFT,EQ,,,,,TERA SOFTWARE LIMITED,221.45,224.25,214.00,218.90,215.50,220.65,,219.10,,,26068,5697064.05,1497,F1,1,,,,,
2026-09-25,2026-09-25,CM,NSE,STK,764950,INE390D01011,TERAI,EQ,,,,,TERAI TEA CO. LTD.,115.00,120.00,111.55,117.86,116.00,111.55,,117.91,,,414,48328.68,33,F1,1,,,,,
2026-09-25,2026-09-25,CM,NSE,STK,11549,INE435C01024,TEXINFRA,EQ,,,,,TEXMACO INFRA & HOLDG LTD,118.00,119.89,116.81,118.25,118.00,118.90,,118.26,,,138397,16373894.10,1456,F1,1,,,,,
2026-09-25,2026-09-25,CM,NSE,STK,21828,INE621L01012,TEXRAIL,EQ,,,,,TEXMACO RAIL & ENG. LTD.,127.00,128.55,123.81,125.67,125.50,126.77,,125.67,,,3485269,439831355.98,36258,F1,1,,,,,
2026-09-25,2026-09-25,CM,NSE,STK,18214,INE141K01013,TEXMOPIPES,EQ,,,,,TEXMO PIPE & PRODUCTS LTD,57.50,58.45,56.50,56.91,57.01,58.05,,56.94,,,69419,3974207.32,1278,F1,1,,,,,
2026-09-25,2026-09-25,CM,NSE,STK,10749,INE733E07JV4,753NTPC30E,NC,,,,,TFB 7.53% 2030 SR. 2B,1069.90,1069.90,1069.90,1069.90,1069.90,1069.90,,1069.90,,,120,128388.00,4,F1,1,,,,,
2026-09-25,2026-09-25,CM,NSE,STK,14607,INE797H01018,TGBHOTELS,EQ,,,,,TGB BANQUETS&HOTELS LTD,9.58,9.90,9.25,9.58,9.35,9.50,,9.59,,,14339,138390.04,117,F1,1,,,,,
2026-09-25,2026-09-25,CM,NSE,STK,22777,INE0QJL01014,TCL,SM,,,,,THAAI CASTING LIMITED,130.00,131.00,123.95,124.00,124.00,130.95,,124.00,,,68000,8751120.00,32,F1,800,,,,,
2026-09-25,2026-09-25,CM,NSE,STK,762944,INE077P01034,THACKER,EQ,,,,,THACKER & CO. LTD.,951.00,1001.00,951.00,975.00,975.00,1008.00,,975.00,,,4,3898.00,4,F1,1,,,,,
2026-09-25,2026-09-25,CM,NSE,STK,762949,INE403F01017,THAKDEV,EQ,,,,,THAKKERS DEVELOPERS LTD.,135.00,136.35,134.95,134.99,134.99,131.44,,134.47,,,23,3118.27,8,F1,1,,,,,
2026-09-25,2026-09-25,CM,NSE,STK,18118,INE085J01014,THANGAMAYL,EQ,,,,,THANGAMAYIL JEWELLERY LTD,5179.50,5210.00,5085.00,5134.50,5105.00,5097.00,,5134.43,,,33970,174698914.00,7623,F1,1,,,,,
2026-09-25,2026-09-25,CM,NSE,STK,9014,INE294Z01018,ANUP,EQ,,,,,THE ANUP ENGINEERING LTD,1677.80,1700.00,1645.10,1677.10,1689.00,1670.10,,1677.38,,,15001,25161452.70,2614,F1,1,,,,,
2026-09-25,2026-09-25,CM,NSE,STK,7919,INE319B01014,BYKE,EQ,,,,,THE BYKE HOSPITALITY LTD,30.00,31.85,29.60,29.76,29.76,30.05,,29.78,,,19441,580789.32,168,F1,1,,,,,
2026-09-25,2026-09-25,CM,NSE,STK,13776,INE017A01032,GESHIP,EQ,,,,,THE GE SHPG.LTD,1479.00,1505.00,1468.00,1497.20,1500.00,1482.60,,1497.19,,,454472,676571607.50,22812,F1,1,,,,,
2026-09-25,2026-09-25,CM,NSE,STK,17770,INE646C01018,GROBTEA,EQ,,,,,THE GROB TEA COMPANY LTD,890.00,895.00,877.40,894.35,895.00,895.00,,894.35,,,183,162721.45,24,F1,1,,,,,
2026-09-25,2026-09-25,CM,NSE,STK,8568,INE127B01011,HITECHGEAR,BE,,,,,THE HI-TECH GEARS LIMITED,600.00,618.35,588.95,618.35,618.35,588.95,,618.50,,,3554,2191532.55,90,F1,1,,,,,
2026-09-25,2026-09-25,CM,NSE,STK,1515,INE383A01012,INDIACEM,EQ,,,,,THE INDIA CEMENTS LIMITED,330.10,334.60,319.20,323.10,321.25,330.10,,323.12,,,247095,79656523.15,13533,F1,1,,,,,
2026-09-25,2026-09-25,CM,NSE,STK,1512,INE053A01029,INDHOTEL,EQ,,,,,THE INDIAN HOTELS CO. LTD,726.10,731.25,721.95,726.80,726.80,728.80,,726.79,,,1538596,1115471795.15,32255,F1,1,,,,,
2026-09-25,2026-09-25,CM,NSE,STK,21427,INE924D01017,THEINVEST,EQ,,,,,THE INVEST TRUST OF IND L,93.01,97.45,92.40,93.86,93.50,92.63,,93.88,,,4243,402141.68,161,F1,1,,,,,
2026-09-25,2026-09-25,CM,NSE,STK,399,INE470Y01017,NIACL,EQ,,,,,THE NEW INDIA ASSU CO LTD,180.40,180.41,175.80,176.60,176.39,180.40,,176.61,,,1637051,290206923.22,22291,F1,1,,,,,
2026-09-25,2026-09-25,CM,NSE,STK,10318,INE431F01018,PKTEA,BE,,,,,THE P K TEA PROD CO LTD,1019.90,1020.00,963.00,1001.35,1010.00,998.35,,1001.35,,,1313,1289077.60,86,F1,1,,,,,
2026-09-25,2026-09-25,CM,NSE,STK,14552,INE211B01039,PHOENIXLTD,EQ,,,,,THE PHOENIX MILLS LTD,1944.20,1990.60,1900.10,1978.40,1978.40,1955.00,,1978.34,,,463656,916103856.90,26276,F1,1,,,,,
2026-09-25,2026-09-25,CM,NSE,STK,2043,INE331A01037,RAMCOCEM,EQ,,,,,THE RAMCO CEMENTS LIMITED,868.00,875.45,858.55,867.55,862.60,872.10,,867.55,,,301245,261349134.40,25243,F1,1,,,,,
2026-09-25,2026-09-25,CM,NSE,STK,2939,INE301D01026,RUBYMILLS,EQ,,,,,THE RUBY MILLS LTD,485.00,505.00,482.70,491.85,499.00,494.60,,491.63,,,13428,6646564.80,1072,F1,1,,,,,
2026-09-25,2026-09-25,CM,NSE,STK,5948,INE683A01023,SOUTHBANK,EQ,,,,,THE SOUTH INDIAN BANK LTD,50.05,50.68,49.01,49.95,49.90,49.90,,49.95,,,28889000,1441359245.77,68180,F1,1,,,,,
2026-09-25,2026-09-25,CM,NSE,STK,10948,INE655A01013,STCINDIA,EQ,,,,,THE STATE TRADING CORPN,111.70,111.70,108.75,109.35,109.55,109.85,,109.27,,,6167,675286.79,216,F1,1,,,,,
2026-09-25,2026-09-25,CM,NSE,STK,19578,INE071E01023,UGARSUGAR,EQ,,,,,THE UGAR SUGAR WORKS LTD,55.98,66.66,54.71,64.03,64.30,55.77,,64.03,,,13699429,859660042.88,62779,F1,1,,,,,
2026-09-25,2026-09-25,CM,NSE,STK,20481,INE215F01023,WIPL,EQ,,,,,THE WESTERN INDIA PLY LTD,166.60,169.47,163.11,168.46,168.47,166.60,,168.46,,,314,52560.56,28,F1,1,,,,,
2026-09-25,2026-09-25,CM,NSE,STK,19279,INE121N01019,THEJO,EQ,,,,,THEJO ENGINEERING LIMITED,2161.40,2199.00,2136.20,2185.00,2198.00,2168.80,,2185.00,,,4584,9973993.90,455,F1,1,,,,,
2026-09-25,2026-09-25,CM,NSE,STK,14485,INE083B01024,THEMISMED,EQ,,,,,THEMIS MEDICARE LTD.,119.90,120.46,115.85,116.93,116.50,118.10,,116.93,,,56963,6646476.57,1313,F1,1,,,,,
2026-09-25,2026-09-25,CM,NSE,STK,3475,INE152A01029,THERMAX,EQ,,,,,THERMAX LTD,3402.00,3460.70,3376.00,3447.20,3450.00,3406.10,,3447.58,,,71452,245027892.90,14149,F1,1,,,,,
2026-09-25,2026-09-25,CM,NSE,STK,25651,INE0SHE01019,THESL,ST,,,,,THINKING HATS ENTER SOL L,14.00,14.00,14.00,14.00,14.00,13.85,,14.00,,,3000,42000.00,1,F1,3000,,,,,
2026-09-25,2026-09-25,CM,NSE,STK,3496,INE338A01024,TIRUMALCHM,EQ,,,,,THIRUMALAI CHEMICALS LTD,163.15,163.20,158.72,160.93,160.80,162.95,,160.93,,,252816,40587527.63,6197,F1,1,,,,,
2026-09-25,2026-09-25,CM,NSE,STK,3481,INE332A01027,THOMASCOOK,EQ,,,,,THOMAS COOK (INDIA) LTD,104.00,104.00,102.20,103.47,103.10,103.97,,103.47,,,209188,21590994.10,3923,F1,1,,,,,
2026-09-25,2026-09-25,CM,NSE,STK,31017,INE480M01011,THOMASCOTT,EQ,,,,,THOMAS SCOTT (INDIA) LTD,235.05,282.00,232.90,248.65,246.90,235.00,,248.65,,,160337,40166442.35,2720,F1,1,,,,,
2026-09-25,2026-09-25,CM,NSE,STK,17032,INE594H01019,THYROCARE,EQ,,,,,THYROCARE TECH LTD,566.20,570.80,556.60,566.85,565.00,566.75,,566.83,,,129345,72827941.25,9021,F1,1,,,,,
2026-09-25,2026-09-25,CM,NSE,STK,759176,INE906O01029,TIGERLOGS,EQ,,,,,TIGER LOGISTICS (INDIA) L,27.00,27.36,25.81,26.33,26.34,26.36,,26.31,,,90978,2385037.36,726,F1,1,,,,,
2026-09-25,2026-09-25,CM,NSE,STK,25486,INE440L01017,TIJARIA,BE,,,,,TIJARIA POLYPIPES LTD,6.71,7.00,6.44,6.93,6.97,6.72,,6.93,,,47519,323066.67,133,F1,1,,,,,
2026-09-25,2026-09-25,CM,NSE,STK,9802,INE806C01018,TIL,BE,,,,,TIL LTD,253.05,256.60,248.10,251.11,253.00,256.16,,251.11,,,61092,15388442.54,379,F1,1,,,,,
2026-09-25,2026-09-25,CM,NSE,STK,19196,INE133E01013,TI,EQ,,,,,TILAKNAGAR INDUSTRIES LTD,590.00,590.00,575.05,581.70,580.05,587.55,,581.60,,,1372795,805508893.20,20436,F1,1,,,,,
2026-09-25,2026-09-25,CM,NSE,STK,14707,INE508G01029,TIMETECHNO,EQ,,,,,TIME TECHNOPLAST LTD.,179.31,182.09,178.06,181.22,181.50,179.31,,181.22,,,2079844,375618464.87,16243,F1,1,,,,,
2026-09-25,2026-09-25,CM,NSE,STK,762954,INE064A01026,TIMEX,EQ,,,,,TIMEX GROUP INDIA LTD.,719.20,735.00,706.45,732.05,728.00,710.80,,732.06,,,330363,240001806.90,22857,F1,1,,,,,
2026-09-25,2026-09-25,CM,NSE,STK,14198,INE325A01013,TIMKEN,EQ,,,,,TIMKEN INDIA LTD.,3268.50,3268.60,3192.00,3206.10,3206.00,3256.90,,3206.02,,,14197,45811791.30,4634,F1,1,,,,,
2026-09-25,2026-09-25,CM,NSE,STK,756020,INE015C01016,TINNARUBR,EQ,,,,,TINNA RUBBER AND INFR LTD,980.00,993.00,970.55,978.10,982.80,982.80,,978.34,,,28833,28288221.85,2866,F1,1,,,,,
2026-09-25,2026-09-25,CM,NSE,STK,11374,INE0LQS01015,TIPSFILMS,EQ,,,,,TIPS FILMS LIMITED,312.00,344.00,311.05,341.45,343.50,311.50,,341.43,,,24778,8283601.00,980,F1,1,,,,,
2026-09-25,2026-09-25,CM,NSE,STK,9117,INE716B01029,TIPSMUSIC,EQ,,,,,TIPS MUSIC LIMITED,665.05,672.00,651.10,668.95,667.00,662.05,,668.95,,,245082,162911929.75,13820,F1,1,,,,,
2026-09-25,2026-09-25,CM,NSE,STK,22284,INE319Y01024,TIRUPATIFL,BE,,,,,TIRUPATI FORGE LIMITED,78.28,78.28,78.28,78.28,78.28,79.87,,78.28,,,66450,5201706.00,279,F1,1,,,,,
2026-09-25,2026-09-25,CM,NSE,STK,15414,INE615H01020,TITAGARH,EQ,,,,,TITAGARH RAIL SYSTEMS LTD,816.00,825.00,811.15,822.60,822.75,819.25,,822.57,,,277001,226340670.65,15297,F1,1,,,,,
2026-09-25,2026-09-25,CM,NSE,STK,3506,INE280A01028,TITAN,EQ,,,,,TITAN COMPANY LIMITED,4855.00,4884.00,4821.50,4884.00,4884.00,4832.50,,4883.98,,,368677,1786314959.00,37248,F1,1,,,,,
2026-09-25,2026-09-25,CM,NSE,STK,3837,INE932C01012,TOKYOPLAST,EQ,,,,,TOKYO PLAST INTL LTD,75.63,75.63,73.15,74.00,74.00,75.62,,74.00,,,141,10465.29,11,F1,1,,,,,
2026-09-25,2026-09-25,CM,NSE,STK,25262,INE0RWQ01014,TOLINS,EQ,,,,,TOLINS TYRES LIMITED,91.10,91.77,87.90,88.11,88.50,90.14,,88.12,,,63412,5662006.58,2038,F1,1,,,,,
2026-09-25,2026-09-25,CM,NSE,STK,3518,INE685A01028,TORNTPHARM,EQ,,,,,TORRENT PHARMACEUTICALS L,4911.50,4990.50,4906.50,4988.50,4988.50,4928.50,,4988.45,,,386632,1919010948.50,24535,F1,1,,,,,
2026-09-25,2026-09-25,CM,NSE,STK,13786,INE813H01021,TORNTPOWER,EQ,,,,,TORRENT POWER LTD,1244.00,1264.90,1233.80,1254.60,1256.00,1244.20,,1254.75,,,120680,150029050.20,11405,F1,1,,,,,
2026-09-25,2026-09-25,CM,NSE,STK,22425,INE336X01012,TOTAL,BE,,,,,TOTAL TRANSPORT SYS LTD,71.93,71.98,69.10,70.86,70.90,71.93,,70.86,,,5212,362594.68,41,F1,1,,,,,
2026-09-25,2026-09-25,CM,NSE,STK,16908,INE486Y01013,TOUCHWOOD,EQ,,,,,TOUCHWOOD ENTERTAIN LTD.,61.16,61.66,60.06,60.14,60.11,61.78,,60.14,,,2191,131806.19,15,F1,1,,,,,
2026-09-25,2026-09-25,CM,NSE,STK,3466,INE305A01023,TFCILTD,EQ,,,,,TOURISM FINANCE CORP. OF,142.00,144.00,135.49,138.31,138.55,143.46,,138.31,,,30056074,4181355239.24,69590,F1,1,,,,,
2026-09-25,2026-09-25,CM,NSE,STK,765195,INE457P01020,TOYAMSL,EQ,,,,,TOYAM SPORTS LTD.,0.81,0.87,0.80,0.81,0.82,0.84,,0.81,,,2953375,2386441.04,427,F1,1,,,,,
2026-09-25,2026-09-25,CM,NSE,STK,9219,INE413G01022,TPLPLASTEH,EQ,,,,,TPL PLASTECH LIMITED,65.06,66.50,64.21,65.85,66.50,65.06,,65.86,,,98266,6422341.95,1003,F1,1,,,,,
2026-09-25,2026-09-25,CM,NSE,STK,11582,INE0HMF01019,TRACXN,EQ,,,,,TRACXN TECHNOLOGIES LTD,31.60,32.83,31.60,32.63,32.52,31.83,,32.61,,,84028,2726987.57,1929,F1,1,,,,,
2026-09-25,2026-09-25,CM,NSE,STK,15174,INE763I01026,TARIL,EQ,,,,,TRANS & RECTI. LTD,280.40,281.25,275.80,277.65,277.60,280.40,,277.67,,,703274,195255741.05,14682,F1,1,,,,,
2026-09-25,2026-09-25,CM,NSE,STK,765200,INE330E01023,TRANSCOR,EQ,,,,,TRANSCORP INTERNATIONAL L,24.65,24.99,23.51,24.05,24.01,24.41,,24.14,,,3293,79660.14,82,F1,1,,,,,
2026-09-25,2026-09-25,CM,NSE,STK,17795,INE0O3901029,TREL,EQ,,,,,TRANSINDIA REAL ESTATE L,27.80,28.65,27.00,28.32,28.50,27.80,,28.33,,,116098,3235069.01,4437,F1,1,,,,,
2026-09-25,2026-09-25,CM,NSE,STK,7669,INE687A01016,TRANSPEK,BE,,,,,TRANSPEK INDUSTRIES LTD,1326.00,1370.00,1301.00,1312.60,1340.00,1358.60,,1312.60,,,820,1101880.70,40,F1,1,,,,,
2026-09-25,2026-09-25,CM,NSE,STK,10580,INE688A01022,TCI,EQ,,,,,TRANSPORT CORPN OF INDIA,877.00,955.00,863.15,883.70,886.00,833.45,,883.78,,,5770660,5349947595.55,191367,F1,1,,,,,
2026-09-25,2026-09-25,CM,NSE,STK,28714,INE454P01035,TRANSRAILL,EQ,,,,,TRANSRAIL LIGHTING LTD,466.00,473.50,453.95,469.25,468.00,464.00,,469.24,,,697224,323259086.10,27205,F1,1,,,,,
2026-09-25,2026-09-25,CM,NSE,STK,19801,INE0NVI01020,TRANSTEEL,SM,,,,,TRANSTEEL SEATING TECH L,85.95,86.95,84.00,85.70,85.65,85.95,,85.70,,,21000,1792850.00,20,F1,1000,,,,,
2026-09-25,2026-09-25,CM,NSE,STK,14319,INE804H01012,TFL,EQ,,,,,TRANSWARRANTY FIN. LTD.,12.20,12.20,11.50,11.76,11.75,11.73,,11.76,,,3661,43320.81,49,F1,1,,,,,
2026-09-25,2026-09-25,CM,NSE,STK,8619,INE757B01015,TRANSWORLD,BE,,,,,TRANSWORLD SHIP LINES LTD,166.00,167.00,166.00,166.10,166.10,165.97,,166.10,,,1977,328426.40,7,F1,1,,,,,
2026-09-25,2026-09-25,CM,NSE,STK,757545,INE103V01028,TRAVELFOOD,EQ,,,,,TRAVEL FOOD SERVICES LTD,1214.00,1230.00,1191.00,1213.30,1210.00,1214.20,,1213.23,,,64775,78319246.30,8274,F1,1,,,,,
2026-09-25,2026-09-25,CM,NSE,STK,25082,INE040M01013,TREEHOUSE,EQ,,,,,TREE HOUSE EDU LTD,6.14,6.14,5.87,6.05,6.05,6.07,,6.05,,,22991,137740.89,77,F1,1,,,,,
2026-09-25,2026-09-25,CM,NSE,STK,7518,INE00CA01015,TREJHARA,EQ,,,,,TREJHARA SOLUTIONS LTD,134.15,146.90,134.00,144.79,143.30,135.31,,144.80,,,46259,6439003.37,1322,F1,1,,,,,
2026-09-25,2026-09-25,CM,NSE,STK,1964,INE849A01020,TRENT,EQ,,,,,TRENT LTD,2720.00,2720.00,2646.00,2669.30,2669.30,2700.00,,2669.22,,,1054993,2819974974.30,71292,F1,1,,,,,
2026-09-25,2026-09-25,CM,NSE,STK,17987,INE391D01019,TRF,EQ,,,,,TRF LIMITED,215.00,216.50,212.20,215.65,215.01,215.13,,215.65,,,6886,1477551.96,192,F1,1,,,,,
2026-09-25,2026-09-25,CM,NSE,STK,27041,INE760L01018,TBZ,BE,,,,,TRIB BHIMJI ZAVERI LTD,662.50,671.50,641.15,655.60,656.00,674.85,,655.65,,,317411,206852699.40,4406,F1,1,,,,,
2026-09-25,2026-09-25,CM,NSE,STK,9685,INE064C01022,TRIDENT,EQ,,,,,TRIDENT LIMITED,23.15,23.22,22.88,23.12,23.12,23.15,,23.12,,,2193149,50514952.98,11422,F1,1,,,,,
2026-09-25,2026-09-25,CM,NSE,STK,21078,INE0QD201012,TECHLABS,SM,,,,,TRIDENT TECHLABS LIMITED,119.30,119.30,114.40,117.85,118.80,114.90,,117.85,,,19875,2347175.00,98,F1,125,,,,,
2026-09-25,2026-09-25,CM,NSE,STK,5428,INE948A01012,TRIGYN,EQ,,,,,TRIGYN TECHNOLOGIES LTD,55.47,58.40,54.40,56.62,56.60,54.95,,56.64,,,225719,12718657.11,2685,F1,1,,,,,
2026-09-25,2026-09-25,CM,NSE,STK,764960,INE440G01017,TRITONV,EQ,,,,,TRITON VALVES LTD.,1100.10,1117.00,1039.70,1109.00,1113.80,1109.40,,1108.63,,,1322,1448035.00,347,F1,1,,,,,
2026-09-25,2026-09-25,CM,NSE,STK,13081,INE256C01024,TRIVENI,EQ,,,,,TRIVENI ENGG. & INDS. LTD,240.40,251.80,239.15,247.55,247.70,240.20,,247.55,,,1349570,333911170.75,28155,F1,1,,,,,
2026-09-25,2026-09-25,CM,NSE,STK,25584,INE152M01016,TRITURBINE,EQ,,,,,TRIVENI TURBINE LIMITED,552.00,558.75,546.40,554.20,554.95,551.80,,554.21,,,238357,131562021.05,35727,F1,1,,,,,
2026-09-25,2026-09-25,CM,NSE,STK,24642,INE0SYV01018,TROM,SM,,,,,TROM INDUSTRIES LIMITED,53.50,53.50,53.50,53.50,53.50,53.40,,53.50,,,600,32100.00,1,F1,600,,,,,
2026-09-25,2026-09-25,CM,NSE,STK,759210,INE0MWH01014,TRUALT,EQ,,,,,TRUALT BIOENERGY LIMITED,429.30,444.20,421.20,441.90,443.00,429.00,,441.91,,,442258,192823285.95,5566,F1,1,,,,,
2026-09-25,2026-09-25,CM,NSE,STK,9378,INE615R01029,TRU,EQ,,,,,TRUCAP FINANCE LIMITED,4.36,4.36,3.95,4.20,4.10,4.21,,4.20,,,44534,183934.90,209,F1,1,,,,,
2026-09-25,2026-09-25,CM,NSE,STK,23417,INE0SWN01019,TRUST,SM,,,,,TRUST FINTECH LIMITED,26.15,26.90,23.80,26.55,26.90,26.15,,26.55,,,30000,771870.00,43,F1,600,,,,,
2026-09-25,2026-09-25,CM,NSE,STK,757861,INE16VK01010,TSC,ST,,,,,TSC INDIA LIMITED,51.00,51.00,51.00,51.00,51.00,51.00,,51.00,,,2000,102000.00,1,F1,2000,,,,,
2026-09-25,2026-09-25,CM,NSE,STK,2183,INE202Z01029,TSFINV,EQ,,,,,TSF INVESTMENTS LIMITED,458.00,465.00,451.50,456.85,457.05,456.90,,456.85,,,133702,61546232.65,3546,F1,1,,,,,
2026-09-25,2026-09-25,CM,NSE,STK,11369,INE910C01018,TTKHLTCARE,EQ,,,,,TTK HEALTHCARE LIMITED,1045.40,1060.00,1023.30,1031.10,1035.00,1045.40,,1031.09,,,12141,12599595.40,1225,F1,1,,,,,
2026-09-25,2026-09-25,CM,NSE,STK,3546,INE690A01028,TTKPRESTIG,EQ,,,,,TTK PRESTIGE LTD,518.90,526.70,515.60,524.40,526.05,515.30,,524.40,,,21938,11469121.60,2279,F1,1,,,,,
2026-09-25,2026-09-25,CM,NSE,STK,312,INE974X01010,TIINDIA,EQ,,,,,TUBE INVEST OF INDIA LTD,2530.00,2547.80,2506.10,2511.10,2511.10,2540.50,,2511.21,,,78988,199547056.60,10349,F1,1,,,,,
2026-09-25,2026-09-25,CM,NSE,STK,24520,INE0OXV01027,TUNWAL,SM,,,,,TUNWAL E-MOTORS LIMITED,25.10,25.70,25.10,25.45,25.70,25.45,,25.45,,,48000,1211800.00,18,F1,2000,,,,,
2026-09-25,2026-09-25,CM,NSE,STK,756090,INE0OC301013,TURTLEMINT,EQ,,,,,TURTLEMINT FINTECH SOLS L,90.65,97.77,87.24,87.24,87.24,109.04,,87.24,,,17986707,1643088338.26,97845,F1,1,,,,,
2026-09-25,2026-09-25,CM,NSE,STK,765205,INE400A01014,TUTIALKA,EQ,,,,,TUTICORIN ALKAL CH & FE L,56.00,56.88,55.11,55.51,56.37,55.53,,55.28,,,3365,187024.73,62,F1,1,,,,,
2026-09-25,2026-09-25,CM,NSE,STK,11275,INE038F01029,TVTODAY,EQ,,,,,TV TODAY NETWORK LTD,108.50,108.50,106.00,106.36,106.01,107.77,,106.35,,,11374,1210904.85,654,F1,1,,,,,
2026-09-25,2026-09-25,CM,NSE,STK,18508,INE871L01013,TVVISION,BE,,,,,TV VISION LIMITED,3.05,3.20,2.90,2.92,3.00,3.05,,2.92,,,116228,355028.53,180,F1,1,,,,,
2026-09-25,2026-09-25,CM,NSE,STK,11265,INE236G01019,TVSELECT,EQ,,,,,TVS ELECTRONICS LTD,389.35,390.65,380.35,383.30,380.95,381.70,,383.35,,,17581,6757114.55,1297,F1,1,,,,,
2026-09-25,2026-09-25,CM,NSE,STK,29008,INE105A01035,TVSHLTD,EQ,,,,,TVS HOLDINGS LIMITED,12470.00,12675.00,12366.00,12601.00,12625.00,12501.00,,12601.14,,,2997,37422129.00,1453,F1,1,,,,,
2026-09-25,2026-09-25,CM,NSE,STK,8479,INE494B01023,TVSMOTOR,EQ,,,,,TVS MOTOR COMPANY  LTD,4075.00,4177.90,4075.00,4157.30,4157.30,4091.00,,4157.31,,,411326,1696520584.00,33668,F1,1,,,,,
2026-09-25,2026-09-25,CM,NSE,STK,14245,INE421C01016,TVSSRICHAK,EQ,,,,,TVS SRICHAKRA LIMITED,4420.00,4630.00,4413.50,4609.50,4605.00,4412.00,,4609.59,,,10416,47462547.50,2673,F1,1,,,,,
2026-09-25,2026-09-25,CM,NSE,STK,18151,INE395N01027,TVSSCS,EQ,,,,,TVS SUPPLY CHAIN SOL L,130.00,131.69,128.61,130.26,130.22,130.47,,130.27,,,420956,54829968.04,7347,F1,1,,,,,
2026-09-25,2026-09-25,CM,NSE,STK,19503,INE388G01026,TICL,BE,,,,,TWAMEV CONS AND INFRA LTD,6.42,6.42,5.92,6.42,6.42,6.12,,6.45,,,551359,3534845.16,227,F1,1,,,,,
2026-09-25,2026-09-25,CM,NSE,STK,764970,INE726E01014,UPHOT,EQ,,,,,U P HOTELS LTD.,1500.00,1500.00,1500.00,1500.00,1500.00,1500.00,,1547.95,,,8,12000.00,2,F1,1,,,,,
2026-09-25,2026-09-25,CM,NSE,STK,25629,INE152C01025,UYFINCORP,BE,,,,,U. Y. FINCORP LIMITED,19.40,19.50,19.04,19.32,19.50,19.26,,19.32,,,75222,1450873.98,137,F1,1,,,,,
2026-09-25,2026-09-25,CM,NSE,STK,7739,INE139B01016,UCAL,BE,,,,,UCAL LIMITED,142.40,144.00,139.00,142.56,144.00,141.45,,142.52,,,4127,584280.79,66,F1,1,,,,,
2026-09-25,2026-09-25,CM,NSE,STK,755996,INE583D07562,10UCL26,ND,,,,,UCL 10.00% SR I,1000.00,1000.00,995.00,995.00,995.00,1010.00,,995.88,,,112,111686.27,4,F1,1,,,,,
2026-09-25,2026-09-25,CM,NSE,STK,755998,INE583D07570,1039UCL26,NE,,,,,UCL 10.39% SR II,1037.90,1037.90,1037.90,1037.90,1037.90,1036.30,,1037.90,,,1,1037.90,1,F1,1,,,,,
2026-09-25,2026-09-25,CM,NSE,STK,756004,INE583D07596,1050UCL28,NH,,,,,UCL 10.50% SR V,1020.00,1020.00,1009.00,1009.00,1009.00,1009.00,,1009.00,,,82,82815.00,7,F1,1,,,,,
2026-09-25,2026-09-25,CM,NSE,STK,11223,INE691A01018,UCOBANK,EQ,,,,,UCO BANK,23.74,23.95,23.55,23.90,23.94,23.74,,23.90,,,2615016,62198293.76,10128,F1,1,,,,,
2026-09-25,2026-09-25,CM,NSE,STK,764965,INE551B01012,UDAYJEW,EQ,,,,,UDAY JEWELLERY INDS. LTD.,168.50,172.50,160.10,162.91,160.10,162.33,,162.95,,,85689,14429209.71,2146,F1,1,,,,,
2026-09-25,2026-09-25,CM,NSE,STK,14871,INE0N0Y01013,USK,EQ,,,,,UDAYSHIVAKUMAR INFRA LTD,19.61,20.83,19.50,19.86,19.85,19.61,,19.86,,,30738,612121.37,269,F1,1,,,,,
2026-09-25,2026-09-25,CM,NSE,STK,1053,INE516A01017,UFLEX,EQ,,,,,UFLEX LIMITED,662.80,668.00,648.00,664.20,668.00,661.55,,664.18,,,77164,50709363.70,3153,F1,1,,,,,
2026-09-25,2026-09-25,CM,NSE,STK,9039,INE527H01019,UFO,EQ,,,,,UFO MOVIEZ INDIA LTD.,59.55,61.30,59.30,59.73,60.70,59.53,,59.75,,,26279,1577244.27,470,F1,1,,,,,
2026-09-25,2026-09-25,CM,NSE,STK,5313,INE583D01011,UGROCAP,EQ,,,,,UGRO CAPITAL LIMITED,82.23,82.71,81.55,82.02,82.10,82.23,,82.02,,,90627,7435917.60,1074,F1,1,,,,,
2026-09-25,2026-09-25,CM,NSE,STK,23507,INE899L01030,UEL,EQ,,,,,UJAAS ENERGY LIMITED,186.00,188.09,180.01,183.73,185.00,188.09,,183.70,,,16391,2992256.47,819,F1,1,,,,,
2026-09-25,2026-09-25,CM,NSE,STK,15228,INE551W01018,UJJIVANSFB,EQ,,,,,UJJIVAN SMALL FINANC BANK,63.29,65.10,62.73,64.71,65.10,62.69,,64.71,,,13378426,853560265.96,86721,F1,1,,,,,
2026-09-25,2026-09-25,CM,NSE,STK,762961,INE405A01021,ULTRAMAR,EQ,,,,,ULTRAMARINE & PIGMENTS L,425.25,438.45,419.85,425.30,429.00,429.05,,425.38,,,28763,12197316.10,1784,F1,1,,,,,
2026-09-25,2026-09-25,CM,NSE,STK,11532,INE481G01011,ULTRACEMCO,EQ,,,,,ULTRATECH CEMENT LIMITED,11100.00,11184.00,11027.00,11155.00,11155.00,11056.00,,11153.93,,,191155,2122764349.00,39230,F1,1,,,,,
2026-09-25,2026-09-25,CM,NSE,STK,8845,INE0GIU01018,UMAEXPORTS,BE,,,,,UMA EXPORTS LIMITED,21.22,21.22,21.22,21.22,21.22,20.81,,21.50,,,1402,29750.44,8,F1,1,,,,,
2026-09-25,2026-09-25,CM,NSE,STK,8998,INE398B01018,UMIYA-MRO,EQ,,,,,UMIYA BUILDCON LIMITED,98.00,98.00,95.51,97.25,97.89,96.42,,97.29,,,6359,616028.79,338,F1,1,,,,,
2026-09-25,2026-09-25,CM,NSE,STK,3579,INE351A01035,UNICHEMLAB,EQ,,,,,UNICHEM LABORATORIES LTD,554.00,559.45,541.35,549.70,548.40,552.65,,549.73,,,50490,27713150.85,2951,F1,1,,,,,
2026-09-25,2026-09-25,CM,NSE,STK,24809,INE00U401027,UNIECOM,EQ,,,,,UNICOMMERCE ESOLUTIONS L,83.35,86.99,81.76,83.78,83.35,82.76,,83.78,,,514134,43472825.85,6433,F1,1,,,,,
2026-09-25,2026-09-25,CM,NSE,STK,18582,INE0PRF01011,UNIHEALTH,SM,,,,,UNIHEALTH HOSPITALS LTD,635.10,687.95,583.10,638.85,670.00,656.00,,638.85,,,80000,49333975.00,129,F1,500,,,,,
2026-09-25,2026-09-25,CM,NSE,STK,7791,INE481Z01011,UNIINFO,EQ,,,,,UNIINFO TELECOM SERVI LTD,11.29,11.40,10.73,10.97,11.39,11.29,,10.97,,,2307,25205.66,17,F1,1,,,,,
2026-09-25,2026-09-25,CM,NSE,STK,25633,INE0B2801011,UNILEX,SM,,,,,UNILEX COLOURS AND CHEM L,30.90,32.00,30.90,32.00,32.00,31.00,,32.00,,,6400,202240.00,4,F1,1600,,,,,
2026-09-25,2026-09-25,CM,NSE,STK,28960,INE0U3I01011,UNIMECH,EQ,,,,,UNIMECH AEROSPACE N MFG L,1699.90,1712.00,1640.90,1665.10,1667.00,1692.30,,1665.33,,,138995,232244529.30,17906,F1,1,,,,,
2026-09-25,2026-09-25,CM,NSE,STK,10753,INE692A01016,UNIONBANK,EQ,,,,,UNION BANK OF INDIA,178.78,180.72,178.34,180.20,180.20,179.45,,180.19,,,6466107,1161400898.88,27211,F1,1,,,,,
2026-09-25,2026-09-25,CM,NSE,STK,29687,INF582M01KS4,UNIONGOLD,EQ,,,,,UNIONAMC - UNIONGOLD,146.75,147.60,146.10,147.55,147.55,146.45,,147.55,,,478,70181.80,49,F1,1,,,,,
2026-09-25,2026-09-25,CM,NSE,STK,13057,INE244O01017,UNIPARTS,EQ,,,,,UNIPARTS INDIA LIMITED,850.35,859.00,832.75,847.20,848.00,850.35,,847.20,,,85608,72438623.00,6759,F1,1,,,,,
2026-09-25,2026-09-25,CM,NSE,STK,11293,INE037A01022,UNIENTER,EQ,,,,,UNIPHOS ENTERPRISES LTD,90.50,91.89,89.55,90.10,91.10,90.50,,90.10,,,2133,192240.51,57,F1,1,,,,,
2026-09-25,2026-09-25,CM,NSE,STK,3594,INE694A01020,UNITECH,EQ,,,,,UNITECH LTD,4.05,4.13,4.00,4.09,4.07,4.05,,4.09,,,2798979,11341194.98,1760,F1,1,,,,,
2026-09-25,2026-09-25,CM,NSE,STK,16713,INE686F01025,UBL,EQ,,,,,UNITED BREWERIES LTD,1270.20,1271.20,1243.20,1251.30,1247.80,1270.20,,1251.39,,,168060,211099252.80,7613,F1,1,,,,,
2026-09-25,2026-09-25,CM,NSE,STK,201,INE961D01019,UNIDT,EQ,,,,,UNITED DRILLING TOOLS LTD,257.73,260.82,238.24,241.71,244.90,259.76,,241.49,,,139221,34176121.04,4906,F1,1,,,,,
2026-09-25,2026-09-25,CM,NSE,STK,3133,INE382M01027,UFBL,BE,,,,,UNITED FOODBRANDS LIMITED,723.00,736.80,696.15,698.25,697.10,723.00,,698.18,,,26118,18526041.90,1049,F1,1,,,,,
2026-09-25,2026-09-25,CM,NSE,STK,25938,INE0SMR01011,UHTL,ST,,,,,UNITED HEAT TRANSFER LTD,199.45,199.65,199.45,199.65,199.65,195.75,,199.65,,,146000,29130900.00,42,F1,2000,,,,,
2026-09-25,2026-09-25,CM,NSE,STK,17999,INE458F01011,UNITEDTEA,EQ,,,,,UNITED NILGIRI TEA LTD,430.00,439.00,423.40,425.10,428.75,428.25,,425.10,,,2416,1031234.80,160,F1,1,,,,,
2026-09-25,2026-09-25,CM,NSE,STK,7560,INE368U01029,UNITEDPOLY,EQ,,,,,UNITED POLYFAB GUJ. LTD.,44.40,47.10,44.40,46.81,47.00,45.27,,46.80,,,1037819,48375035.56,1968,F1,1,,,,,
2026-09-25,2026-09-25,CM,NSE,STK,10447,INE854D01024,UNITDSPR,EQ,,,,,UNITED SPIRITS LIMITED,1423.30,1437.60,1417.30,1423.80,1423.80,1423.30,,1423.79,,,362455,516959779.70,20394,F1,1,,,,,
2026-09-25,2026-09-25,CM,NSE,STK,18979,INE562X01013,UNIVASTU,BE,,,,,UNIVASTU INDIA LIMITED,140.00,140.00,135.31,138.08,139.00,140.54,,138.08,,,45861,6303050.91,347,F1,1,,,,,
2026-09-25,2026-09-25,CM,NSE,STK,3607,INE279A01012,UNIVCABLES,EQ,,,,,UNIVERSAL CABLES LTD,1510.30,1549.00,1480.50,1494.00,1490.00,1517.00,,1494.11,,,69934,105739048.70,7462,F1,1,,,,,
2026-09-25,2026-09-25,CM,NSE,STK,17661,INE03V001013,UNIVPHOTO,BE,,,,,UNIVERSUS IMAGINGS LTD,548.25,548.25,527.00,547.25,548.00,549.85,,547.25,,,547,296130.55,22,F1,1,,,,,
2026-09-25,2026-09-25,CM,NSE,STK,14154,INE405E01023,UNOMINDA,EQ,,,,,UNO MINDA LIMITED,1224.40,1236.20,1215.10,1218.00,1218.00,1224.40,,1218.00,,,272547,332759732.30,23575,F1,1,,,,,
2026-09-25,2026-09-25,CM,NSE,STK,2883,INE530B08110,IIFLZC28,NG,,,,,UNSE RE NCD 0% SR.III,1661.80,1666.80,1656.20,1666.35,1666.35,1671.80,,1661.58,,,248,413070.20,12,F1,1,,,,,
2026-09-25,2026-09-25,CM,NSE,STK,2871,INE530B08094,10IIFL28A,NE,,,,,UNSE RE NCD 10% SR.I,1048.12,1060.00,1048.12,1060.00,1060.00,1048.12,,1060.00,,,4500,4759145.70,47,F1,1,,,,,
2026-09-25,2026-09-25,CM,NSE,STK,2877,INE530B08102,96IIFL28A,NF,,,,,UNSE RE NCD 9.6% SR.II,1001.94,1001.94,996.01,1000.00,1000.00,998.76,,999.00,,,1064,1064414.83,27,F1,1,,,,,
2026-09-25,2026-09-25,CM,NSE,STK,5212,INE477L08147,10IIFL28,N4,,,,,UNSEC RE NCD 10% SR.I,1005.00,1009.00,1004.00,1005.55,1005.55,1005.99,,1005.79,,,740,743818.30,20,F1,1,,,,,
2026-09-25,2026-09-25,CM,NSE,STK,5214,INE477L08154,96IIFL28,N5,,,,,UNSEC RE NCD 9.60% SR.II,1000.90,1001.95,999.00,1001.44,1001.95,996.54,,1001.44,,,1185,1186166.20,17,F1,1,,,,,
2026-09-25,2026-09-25,CM,NSE,STK,19045,INE866I08279,10IIFL29,N6,,,,,UNSEC RED NCD 10.0% SR. V,1040.00,1060.00,1040.00,1060.00,1060.00,1025.00,,1026.00,,,100,105000.00,2,F1,1,,,,,
2026-09-25,2026-09-25,CM,NSE,STK,21225,INE306N08292,910TCAP28,NA,,,,,UNSERENCD9.1%SRIIICIII&IV,1052.90,1052.90,1032.00,1032.00,1032.00,1035.00,,1032.00,,,66,68234.44,5,F1,1,,,,,
2026-09-25,2026-09-25,CM,NSE,STK,19113,INE851I01011,UDS,EQ,,,,,UPDATER SERVICES LIMITED,203.00,209.24,200.65,207.90,206.15,201.90,,207.93,,,103467,21335458.66,2570,F1,1,,,,,
2026-09-25,2026-09-25,CM,NSE,STK,11287,INE628A01036,UPL,EQ,,,,,UPL LIMITED,548.00,552.00,543.60,550.05,550.05,549.60,,550.05,,,2067628,1131559777.30,43353,F1,1,,,,,
2026-09-25,2026-09-25,CM,NSE,STK,17081,INE568Z01015,URAVIDEF,BE,,,,,URAVI DEFENCE &TECH LTD,105.00,105.00,103.00,103.00,103.00,103.00,,102.00,,,628,65077.23,31,F1,1,,,,,
2026-09-25,2026-09-25,CM,NSE,STK,759084,INE0CAZ01013,URBANCO,EQ,,,,,URBAN COMPANY LIMITED,171.59,171.59,167.30,168.99,169.06,171.26,,168.99,,,2063119,349025464.32,24222,F1,1,,,,,
2026-09-25,2026-09-25,CM,NSE,STK,16888,INE0O0201019,URBAN,SM,,,,,URBAN ENVIRO WASTE MGMT L,120.80,120.95,117.45,118.85,118.85,119.00,,118.85,,,12800,1534920.00,16,F1,800,,,,,
2026-09-25,2026-09-25,CM,NSE,STK,20203,INE550C01020,URJA,EQ,,,,,URJA GLOBAL LIMITED,8.98,9.00,8.87,8.95,8.96,9.00,,8.95,,,503556,4498094.87,2206,F1,1,,,,,
2026-09-25,2026-09-25,CM,NSE,STK,25952,INE0LS001014,USHAFIN,SM,,,,,USHA FINANCIAL SERVICES L,53.50,54.00,53.30,54.00,54.00,55.80,,54.00,,,16000,860160.00,10,F1,1600,,,,,
2026-09-25,2026-09-25,CM,NSE,STK,19142,INE240C01028,UMESLTD,EQ,,,,,USHA MARTIN EDU & SOL LTD,4.51,4.74,4.40,4.55,4.59,4.51,,4.55,,,21477,97405.04,128,F1,1,,,,,
2026-09-25,2026-09-25,CM,NSE,STK,8840,INE228A01035,USHAMART,EQ,,,,,USHA MARTIN LTD.,525.90,525.90,511.00,518.80,517.50,523.20,,518.81,,,404445,209443508.70,14401,F1,1,,,,,
2026-09-25,2026-09-25,CM,NSE,STK,527,INE094J01016,UTIAMC,EQ,,,,,UTI ASSET MNGMT CO LTD,907.90,907.90,893.60,901.85,905.50,907.90,,901.84,,,52484,47242104.05,7572,F1,1,,,,,
2026-09-25,2026-09-25,CM,NSE,STK,764180,INF789F1AG68,LIQUIDBETA,EQ,,,,,UTIAMC - LIQUIDBETA,1009.62,1009.64,1009.62,1009.64,1009.64,1009.22,,1009.64,,,194,195869.44,7,F1,1,,,,,
2026-09-25,2026-09-25,CM,NSE,STK,765431,INF789F1AG76,NIF500BETA,EQ,,,,,UTIAMC - NIF500BETA,36.41,36.44,36.14,36.19,36.19,36.24,,35.97,,,2766,100441.42,10,F1,1,,,,,
2026-09-25,2026-09-25,CM,NSE,STK,766104,INF789F1AH42,SECLEDBETA,EQ,,,,,UTIAMC - SECLEDBETA,14.32,14.92,14.20,14.92,14.92,14.25,,14.92,,,1179,16789.40,16,F1,1,,,,,
2026-09-25,2026-09-25,CM,NSE,STK,22440,INF789F1AUV1,BANKBETA,EQ,,,,,UTIAMC-BANKBETA,57.64,58.00,57.36,57.60,58.00,57.50,,57.60,,,69129,3981497.80,356,F1,1,,,,,
2026-09-25,2026-09-25,CM,NSE,STK,22524,INF789F1AZF3,GILT10BETA,EQ,,,,,UTIAMC-GILT10BETA,26.24,26.59,26.08,26.46,26.46,26.63,,26.46,,,1503,39370.83,25,F1,1,,,,,
2026-09-25,2026-09-25,CM,NSE,STK,22521,INF789F1AZE6,GILT5BETA,EQ,,,,,UTIAMC-GILT5BETA,66.43,66.60,65.66,65.66,65.66,66.49,,65.66,,,614,40651.15,20,F1,1,,,,,
2026-09-25,2026-09-25,CM,NSE,STK,22488,INF789F1AZD8,ITBETA,EQ,,,,,UTIAMC-ITBETA,292.83,297.00,292.83,296.55,295.63,300.34,,296.55,,,1387,408510.56,49,F1,1,,,,,
2026-09-25,2026-09-25,CM,NSE,STK,18347,INF789F1AYX9,MIDCAPBETA,EQ,,,,,UTIAMC-MIDCAPBETA,228.00,228.50,226.00,227.32,226.00,232.81,,227.32,,,5266,1195525.59,112,F1,1,,,,,
2026-09-25,2026-09-25,CM,NSE,STK,21478,INF789F1AUW9,NEXT50BETA,EQ,,,,,UTIAMC-NEXT50BETA,77.47,78.04,76.81,77.65,77.75,77.47,,77.65,,,396987,30731303.99,3364,F1,1,,,,,
2026-09-25,2026-09-25,CM,NSE,STK,10511,INF789F1AZC0,NIFTYBETA,EQ,,,,,UTIAMC-NIFTYBETA,258.36,258.36,255.39,256.69,257.07,256.77,,256.69,,,66583,17052035.64,457,F1,1,,,,,
2026-09-25,2026-09-25,CM,NSE,STK,10515,INF789FB1X58,SENSEXBETA,EQ,,,,,UTIAMC-SENSEXBETA,825.89,825.90,814.50,817.29,814.50,821.01,,817.25,,,2350,1919065.36,121,F1,1,,,,,
2026-09-25,2026-09-25,CM,NSE,STK,15085,INF789F1AYK6,SILVERBETA,EQ,,,,,UTIAMC-SILVERBETA,219.70,221.10,217.60,220.87,220.75,217.96,,220.87,,,309159,67883840.40,3109,F1,1,,,,,
2026-09-25,2026-09-25,CM,NSE,STK,9168,INF789F1AUU3,SNXT50BETA,EQ,,,,,UTIAMC-SNXT50BETA,91.81,93.00,91.50,91.87,92.42,92.27,,91.84,,,1008,92632.52,90,F1,1,,,,,
2026-09-25,2026-09-25,CM,NSE,STK,14535,INF789F1AUX7,GOLDBETA,EQ,,,,,UTIAMC-UTIGOLDBETA,126.85,126.85,125.80,126.65,126.40,125.80,,126.65,,,449086,56754400.75,1936,F1,1,,,,,
2026-09-25,2026-09-25,CM,NSE,STK,751580,INE1V1R01014,UTKAL,SM,,,,,UTKAL SPEC INDUS INDIA L,49.00,50.80,49.00,49.00,49.00,50.80,,49.00,,,14000,695700.00,7,F1,2000,,,,,
2026-09-25,2026-09-25,CM,NSE,STK,17358,INE735W01017,UTKARSHBNK,EQ,,,,,UTKARSH SMALL FIN BANK L,13.86,13.93,13.68,13.80,13.80,13.86,,13.80,,,3993057,54896280.86,4977,F1,1,,,,,
2026-09-25,2026-09-25,CM,NSE,STK,24726,INE06IJ01010,UTSSAV,SM,,,,,UTSSAV CZ GOLD JEWELS LTD,652.00,728.00,652.00,722.10,725.00,652.20,,722.10,,,189600,133665690.00,234,F1,600,,,,,
2026-09-25,2026-09-25,CM,NSE,STK,13376,INE786F01031,UTTAMSUGAR,EQ,,,,,UTTAM SUGAR MILLS LTD.,261.80,304.90,260.00,293.15,292.80,260.00,,293.15,,,2805051,813526824.00,53401,F1,1,,,,,
2026-09-25,2026-09-25,CM,NSE,STK,3188,INE0GXK01018,VMARCIND,SM,,,,,V MARC INDIA LIMITED,327.00,329.75,320.80,322.45,325.90,329.20,,322.45,,,93000,30192750.00,60,F1,1500,,,,,
2026-09-25,2026-09-25,CM,NSE,STK,765220,INE222F01029,VTMLTD,EQ,,,,,V T M LTD.,43.70,43.70,40.45,41.53,41.66,42.13,,41.53,,,72833,3007941.43,1548,F1,1,,,,,
2026-09-25,2026-09-25,CM,NSE,STK,15362,INE951I01027,VGUARD,EQ,,,,,V-GUARD IND LTD.,310.00,310.00,302.35,304.35,303.75,308.60,,304.35,,,313680,95483750.20,17509,F1,1,,,,,
2026-09-25,2026-09-25,CM,NSE,STK,24606,INE0QXL01015,VLINFRA,SM,,,,,V.L.INFRAPROJECTS LIMITED,25.15,25.15,24.50,24.55,24.55,25.00,,24.55,,,12000,297975.00,6,F1,1500,,,,,
2026-09-25,2026-09-25,CM,NSE,STK,14766,INE945H01021,V2RETAIL,EQ,,,,,V2 RETAIL LIMITED,214.94,214.94,210.66,214.72,214.84,214.47,,214.71,,,612614,130757846.47,9338,F1,1,,,,,
2026-09-25,2026-09-25,CM,NSE,STK,20188,INE956G01038,WABAG,EQ,,,,,VA TECH WABAG LTD,2029.60,2049.50,1991.10,2008.40,2011.00,2029.20,,2008.44,,,272100,548899003.50,22100,F1,1,,,,,
2026-09-25,2026-09-25,CM,NSE,STK,764975,INE693D01018,VADILENT,EQ,,,,,VADILAL ENTERPRISES LTD.,10280.00,10399.00,10250.00,10265.00,10250.00,10303.00,,10265.00,,,10,103068.00,9,F1,1,,,,,
2026-09-25,2026-09-25,CM,NSE,STK,24196,INE694D01016,VADILALIND,EQ,,,,,VADILAL INDUSTRIES LTD,7415.00,7578.00,7396.00,7534.50,7540.00,7413.50,,7534.42,,,6174,46288047.50,2034,F1,1,,,,,
2026-09-25,2026-09-25,CM,NSE,STK,11364,INE884A01027,VAIBHAVGBL,EQ,,,,,VAIBHAV GLOBAL LIMITED,205.00,208.00,203.37,206.38,206.95,205.25,,206.38,,,182205,37494242.23,4931,F1,1,,,,,
2026-09-25,2026-09-25,CM,NSE,STK,8262,INE0JR301013,MADHAVBAUG,ST,,,,,VAIDYA SANE AYUR LAB LTD,160.05,162.00,160.00,161.25,161.10,168.00,,161.25,,,5200,834620.00,13,F1,400,,,,,
2026-09-25,2026-09-25,CM,NSE,STK,16589,INE972X01022,VAISHALI,EQ,,,,,VAISHALI PHARMA LIMITED,8.75,8.75,8.50,8.62,8.64,8.53,,8.62,,,54082,466543.25,197,F1,1,,,,,
2026-09-25,2026-09-25,CM,NSE,STK,13342,INE051B01021,VAKRANGEE,EQ,,,,,VAKRANGEE LIMITED,5.35,5.35,5.10,5.27,5.28,5.30,,5.27,,,1296324,6764181.73,2465,F1,1,,,,,
2026-09-25,2026-09-25,CM,NSE,STK,19220,INE0JWS01017,VALIANTLAB,BE,,,,,VALIANT LABORATORIES LTD,123.15,126.50,119.52,124.87,125.00,123.15,,124.89,,,62693,7787572.69,295,F1,1,,,,,
2026-09-25,2026-09-25,CM,NSE,STK,330,INE565V01010,VALIANTORG,EQ,,,,,VALIANT ORGANICS LIMITED,406.05,418.00,406.00,410.45,411.25,411.35,,410.51,,,30685,12623177.15,842,F1,1,,,,,
2026-09-25,2026-09-25,CM,NSE,STK,18124,INE879I01012,DBREALTY,EQ,,,,,VALOR ESTATE LIMITED,100.99,100.99,98.20,100.08,99.30,100.22,,100.08,,,667369,66335686.41,5965,F1,1,,,,,
2026-09-25,2026-09-25,CM,NSE,STK,763304,INE1E7Y01018,VALUE360,SM,,,,,VALUE 360 COMMUNICATION L,59.80,60.00,59.80,59.95,59.95,56.35,,59.95,,,7200,431460.00,6,F1,1200,,,,,
2026-09-25,2026-09-25,CM,NSE,STK,13403,INE116G01013,VARDHACRLC,BE,,,,,VARDHAMAN ACRYLICS LTD,43.20,44.95,43.20,44.19,44.00,43.95,,44.19,,,24684,1094939.03,155,F1,1,,,,,
2026-09-25,2026-09-25,CM,NSE,STK,11892,INE701A01023,VHL,EQ,,,,,VARDHMAN HOLDINGS LIMITED,3375.00,3399.00,3350.50,3358.10,3352.00,3368.10,,3358.10,,,70,235699.10,47,F1,1,,,,,
2026-09-25,2026-09-25,CM,NSE,STK,3646,INE835A01029,VARDMNPOLY,EQ,,,,,VARDHMAN POLYTEX LTD.,5.95,5.95,5.76,5.85,5.91,5.81,,5.85,,,88139,517537.07,228,F1,1,,,,,
2026-09-25,2026-09-25,CM,NSE,STK,27067,INE050M01012,VSSL,EQ,,,,,VARDHMAN SPC STEEL LTD,405.00,415.60,404.00,411.50,410.05,405.00,,411.51,,,78218,32085711.45,3846,F1,1,,,,,
2026-09-25,2026-09-25,CM,NSE,STK,2073,INE825A01020,VTL,EQ,,,,,VARDHMAN TEXTILES LIMITED,564.00,564.20,550.00,554.00,552.60,563.60,,554.00,,,138210,77085634.90,8948,F1,1,,,,,
2026-09-25,2026-09-25,CM,NSE,STK,3857,INE665L01035,VARROC,EQ,,,,,VARROC ENGINEERING LTD.,830.00,840.95,827.50,834.85,838.35,833.40,,834.83,,,85714,71531059.40,8456,F1,1,,,,,
2026-09-25,2026-09-25,CM,NSE,STK,18921,INE200M01039,VBL,EQ,,,,,VARUN BEVERAGES LIMITED,428.30,436.60,428.30,434.80,434.80,431.25,,434.80,,,5365431,2322802494.65,39209,F1,1,,,,,
2026-09-25,2026-09-25,CM,NSE,STK,13771,INE273D01027,VGL,EQ,,,,,VARVEE GLOBAL LIMITED,66.52,68.00,66.31,67.28,67.71,66.52,,67.19,,,42751,2866632.14,529,F1,1,,,,,
2026-09-25,2026-09-25,CM,NSE,STK,16454,INE0N5801013,DENTALKART,SM,,,,,VASA DENTICITY LIMITED,410.05,416.95,410.00,414.00,414.00,413.25,,414.00,,,5000,2052775.00,9,F1,250,,,,,
2026-09-25,2026-09-25,CM,NSE,STK,18110,INE893I01013,VASCONEQ,EQ,,,,,VASCON ENGINEERS LTD,37.00,38.00,34.06,34.76,34.78,33.29,,34.76,,,6719189,239067788.80,24054,F1,1,,,,,
2026-09-25,2026-09-25,CM,NSE,STK,25340,INE590L01019,VASWANI,EQ,,,,,VASWANI IND LTD,45.08,46.45,44.40,45.35,45.45,45.08,,45.38,,,21654,979600.34,382,F1,1,,,,,
2026-09-25,2026-09-25,CM,NSE,STK,9027,INE098201036,VCL,BE,,,,,VAXTEX COTFAB LIMITED,1.38,1.38,1.38,1.38,1.38,1.45,,1.38,,,293211,404631.18,176,F1,1,,,,,
2026-09-25,2026-09-25,CM,NSE,STK,757413,INE04HY07294,1025VCCL28,N0,,,,,VCCL 10.25% 2028,96368.30,96368.30,96368.30,96368.30,96368.30,84110.56,,96368.30,,,1,96368.30,1,F1,1,,,,,
2026-09-25,2026-09-25,CM,NSE,STK,761599,INE04HY07393,115VCCL31,N0,,,,,VCCL 11.5% 2031,97000.00,97000.00,96770.00,96770.00,96770.00,98999.00,,96770.00,,,3,290770.00,3,F1,1,,,,,
2026-09-25,2026-09-25,CM,NSE,STK,756916,INE04HY07229,12VCCL29B,N0,,,,,VCCL 12% 2029,99999.98,99999.98,99999.98,99999.98,99999.98,99998.99,,99999.98,,,1,99999.98,1,F1,1,,,,,
2026-09-25,2026-09-25,CM,NSE,STK,760558,INE04HY08011,125VCCL31,N0,,,,,VCCL 12.5% 2031,97000.00,97000.00,97000.00,97000.00,97000.00,97000.00,,97000.00,,,5,485000.00,5,F1,1,,,,,
2026-09-25,2026-09-25,CM,NSE,STK,25054,INE0U2M01015,VDEAL,SM,,,,,VDEAL SYSTEM LIMITED,112.00,116.90,106.00,112.50,112.50,118.25,,112.50,,,33000,3679830.00,55,F1,600,,,,,
2026-09-25,2026-09-25,CM,NSE,STK,8167,INE825V01034,MANYAVAR,EQ,,,,,VEDANT FASHIONS LIMITED,524.90,538.65,519.20,532.50,526.00,524.45,,532.51,,,199080,105846064.55,12821,F1,1,,,,,
2026-09-25,2026-09-25,CM,NSE,STK,750174,INE1CDF01017,VAML,EQ,,,,,VEDANTA ALUMINIUM METAL L,428.95,435.70,422.50,426.75,426.00,429.40,,426.76,,,5912626,2530671822.90,82572,F1,1,,,,,
2026-09-25,2026-09-25,CM,NSE,STK,750290,INE1CLE01013,VISL,EQ,,,,,VEDANTA IRON AND STEEL L,32.00,32.94,31.52,32.78,32.78,32.13,,32.78,,,17169111,555763554.17,36867,F1,1,,,,,
2026-09-25,2026-09-25,CM,NSE,STK,3063,INE205A01025,VEDL,EQ,,,,,VEDANTA LIMITED,266.25,267.25,264.30,266.35,266.35,267.50,,266.34,,,3768892,1001831523.00,41274,F1,1,,,,,
2026-09-25,2026-09-25,CM,NSE,STK,750368,INE704J01044,VOGL,EQ,,,,,VEDANTA OIL AND GAS LTD,34.50,34.93,34.25,34.37,34.38,34.53,,34.37,,,14085738,486070073.23,35511,F1,1,,,,,
2026-09-25,2026-09-25,CM,NSE,STK,750518,INE694L01019,VEDPOWER,EQ,,,,,VEDANTA POWER LIMITED,32.10,33.10,31.53,32.95,33.03,32.10,,32.95,,,14269362,462446720.15,42809,F1,1,,,,,
2026-09-25,2026-09-25,CM,NSE,STK,764980,INE359B01010,VEDAVAAG,EQ,,,,,VEDAVAAG SYSTEMS LTD.,20.60,24.19,20.60,23.45,23.40,21.31,,23.45,,,261746,6150533.86,2143,F1,1,,,,,
2026-09-25,2026-09-25,CM,NSE,STK,14019,INE484C01030,VEEDOL,EQ,,,,,VEEDOL CORPORATION LTD,1364.30,1400.90,1350.00,1393.40,1400.00,1364.30,,1393.40,,,13910,19098135.90,1316,F1,1,,,,,
2026-09-25,2026-09-25,CM,NSE,STK,766098,INE1JTV01015,VEEGALAND,BE,,,,,VEEGALAND DEVELOPERS LTD,143.20,145.00,140.00,141.16,141.50,142.38,,141.15,,,204051,28874045.18,1784,F1,1,,,,,
2026-09-25,2026-09-25,CM,NSE,STK,762969,INE232E01013,VELJAN,BE,,,,,VELJAN DENISON LTD.,2021.00,2100.00,1990.40,2094.70,2025.10,2067.90,,2077.17,,,244,507218.70,61,F1,1,,,,,
2026-09-25,2026-09-25,CM,NSE,STK,3757,INE398A01010,VENKEYS,EQ,,,,,VENKY S (INDIA) LIMITED,1667.00,1680.00,1636.00,1652.80,1659.60,1664.10,,1652.79,,,19252,31862200.00,2338,F1,1,,,,,
2026-09-25,2026-09-25,CM,NSE,STK,28847,INE781S01027,VENTIVE,EQ,,,,,VENTIVE HOSPITALITY LTD,572.70,572.70,564.00,565.05,564.00,572.75,,565.09,,,13304,7548236.35,668,F1,1,,,,,
2026-09-25,2026-09-25,CM,NSE,STK,9592,INE0JA001018,VENUSPIPES,EQ,,,,,VENUS PIPES & TUBES LTD,2215.80,2225.00,2135.00,2163.20,2150.00,2206.30,,2163.10,,,148235,321515852.10,14708,F1,1,,,,,
2026-09-25,2026-09-25,CM,NSE,STK,13859,INE411B01019,VENUSREM,EQ,,,,,VENUS REMEDIES LIMITED,1618.00,1705.00,1611.90,1668.40,1665.50,1624.80,,1668.46,,,36028,60018647.50,2822,F1,1,,,,,
2026-09-25,2026-09-25,CM,NSE,STK,8890,INE0IQ001011,VERANDA,EQ,,,,,VERANDA LEARNING SOL LTD,232.35,238.25,230.02,232.59,231.10,232.46,,232.59,,,410254,96081558.78,7250,F1,1,,,,,
2026-09-25,2026-09-25,CM,NSE,STK,23775,INE0SRI01019,VERITAAS,SM,,,,,VERITAAS ADVERTISING LTD,26.70,26.70,26.70,26.70,26.70,25.45,,26.70,,,2400,64080.00,2,F1,1200,,,,,
2026-09-25,2026-09-25,CM,NSE,STK,10757,INE0KXY23015,VERTIS,IV,,,,,VERTIS INFRASTRUCTURE TST,115.50,115.50,115.50,115.50,115.50,115.75,,115.50,,,425000,49087500.00,1,F1,25000,,,,,
2026-09-25,2026-09-25,CM,NSE,STK,18863,INE188Y01031,VERTOZ,EQ,,,,,VERTOZ LIMITED,37.29,37.29,35.50,36.29,36.00,36.73,,36.29,,,26721,973820.95,326,F1,1,,,,,
2026-09-25,2026-09-25,CM,NSE,STK,3676,INE386A01023,VESUVIUS,EQ,,,,,VESUVIUS INDIA LTD,392.00,394.55,387.60,389.10,389.90,391.85,,389.11,,,51904,20229311.75,2752,F1,1,,,,,
2026-09-25,2026-09-25,CM,NSE,STK,8652,INE918N01018,VETO,EQ,,,,,VETO SWITCHGEAR CABLE LTD,146.50,152.00,139.89,150.32,150.99,143.04,,150.32,,,354342,52270558.97,5150,F1,1,,,,,
2026-09-25,2026-09-25,CM,NSE,STK,14316,INE0MO401019,VIAZ,SM,,,,,VIAZ TYRES LIMITED,75.55,75.55,75.50,75.50,75.50,78.85,,75.50,,,4000,302100.00,2,F1,2000,,,,,
2026-09-25,2026-09-25,CM,NSE,STK,22730,INE0QTF01015,VSTL,EQ,,,,,VIBHOR STEEL TUBES LTD,113.00,114.43,111.00,113.76,112.72,112.87,,113.77,,,3529,399612.07,138,F1,1,,,,,
2026-09-25,2026-09-25,CM,NSE,STK,765252,INE761Q01015,VGCL,EQ,,,,,VIBRANT GLOBAL CAPITAL L,47.20,47.95,47.20,47.89,47.89,47.20,,46.24,,,54,2587.09,6,F1,1,,,,,
2026-09-25,2026-09-25,CM,NSE,STK,23386,INE048C01025,VHLTD,BE,,,,,VICEROY HOTELS LIMITED,130.00,130.00,123.00,125.36,125.00,129.16,,125.29,,,6373,799871.21,96,F1,1,,,,,
2026-09-25,2026-09-25,CM,NSE,STK,13536,INE632C01026,VIDHIING,EQ,,,,,VIDHI SPCLTY F INGRDNTS L,354.20,359.00,342.10,345.75,345.00,352.45,,345.75,,,12374,4299853.40,530,F1,1,,,,,
2026-09-25,2026-09-25,CM,NSE,STK,760224,INE14UN01029,VIDYAWIRES,EQ,,,,,VIDYA WIRES LIMITED,85.10,90.54,85.10,90.54,90.54,86.23,,90.59,,,1822959,164047732.13,7627,F1,1,,,,,
2026-09-25,2026-09-25,CM,NSE,STK,758898,INE1DM601016,VIGOR,SM,,,,,VIGOR PLAST INDIA LIMITED,97.50,101.00,90.90,100.00,101.00,101.00,,100.00,,,70400,6729680.00,42,F1,1600,,,,,
2026-09-25,2026-09-25,CM,NSE,STK,5585,INE043W01024,VIJAYA,EQ,,,,,VIJAYA DIAGNOSTIC CEN LTD,1528.00,1540.00,1504.00,1513.60,1510.00,1526.50,,1513.94,,,58184,88209216.80,12728,F1,1,,,,,
2026-09-25,2026-09-25,CM,NSE,STK,760121,INE0WL901019,VIJAYPD,SM,,,,,VIJAYPD CEUTICAL LIMITED,71.00,72.90,71.00,72.85,72.85,71.15,,72.85,,,8000,577500.00,4,F1,2000,,,,,
2026-09-25,2026-09-25,CM,NSE,STK,17695,INE159N01027,VIJIFIN,BE,,,,,VIJI FINANCE LIMITED,16.53,16.53,15.90,16.41,16.41,16.22,,16.40,,,845633,13835671.37,320,F1,1,,,,,
2026-09-25,2026-09-25,CM,NSE,STK,25756,INE806A01020,VIKASECO,EQ,,,,,VIKAS ECOTECH LIMITED,1.04,1.05,1.03,1.04,1.04,1.03,,1.04,,,889394,927134.19,866,F1,1,,,,,
2026-09-25,2026-09-25,CM,NSE,STK,9931,INE161L01027,VIKASLIFE,EQ,,,,,VIKAS LIFECARE LIMITED,1.25,1.25,1.23,1.23,1.24,1.24,,1.23,,,1320140,1634160.35,7988,F1,1,,,,,
2026-09-25,2026-09-25,CM,NSE,STK,759453,INE078V01014,VIKRAMSOLR,EQ,,,,,VIKRAM SOLAR LIMITED,161.40,161.41,160.00,160.31,160.50,160.42,,160.31,,,897713,143922355.63,9681,F1,1,,,,,
2026-09-25,2026-09-25,CM,NSE,STK,758973,INE01R501028,VIKRAN,EQ,,,,,VIKRAN ENGINEERING LTD,60.50,60.98,58.53,59.18,58.75,60.99,,59.18,,,2587537,153162655.75,15186,F1,1,,,,,
2026-09-25,2026-09-25,CM,NSE,STK,23909,INE0AZY01017,VILAS,SM,,,,,VILAS TRANSCORE LIMITED,390.10,399.70,383.10,395.00,395.00,399.35,,395.00,,,25500,9998262.50,92,F1,250,,,,,
2026-09-25,2026-09-25,CM,NSE,STK,16960,INE0L4V01013,VILINBIO,ST,,,,,VILIN BIO MED LIMITED,49.70,51.50,49.70,51.50,51.50,52.30,,51.50,,,20000,1008400.00,5,F1,4000,,,,,
2026-09-25,2026-09-25,CM,NSE,STK,13101,INE579C01029,VIMTALABS,EQ,,,,,VIMTA LABS LIMITED,602.35,619.00,594.60,599.30,601.00,597.50,,599.31,,,151067,90957206.35,8573,F1,1,,,,,
2026-09-25,2026-09-25,CM,NSE,STK,17364,INE410B01037,VINATIORGA,EQ,,,,,VINATI ORGANICS LTD,1194.10,1210.50,1192.00,1206.40,1205.00,1195.00,,1206.40,,,21752,26119846.30,3931,F1,1,,,,,
2026-09-25,2026-09-25,CM,NSE,STK,3694,INE707A01012,VINDHYATEL,EQ,,,,,VINDHYA TELELINKS LTD,2745.00,2817.70,2703.20,2719.80,2720.00,2767.50,,2719.83,,,41951,114934289.40,5980,F1,1,,,,,
2026-09-25,2026-09-25,CM,NSE,STK,3807,INE505Y01010,VINEETLAB,EQ,,,,,VINEET LABORATORIES LTD,35.84,36.24,34.32,34.85,34.90,34.93,,34.80,,,57655,2023492.36,929,F1,1,,,,,
2026-09-25,2026-09-25,CM,NSE,STK,763821,INE27V201011,VMOBILE,SM,,,,,VINIT MOBILE LIMITED,55.00,59.90,55.00,56.75,56.75,57.20,,56.75,,,12800,732160.00,11,F1,800,,,,,
2026-09-25,2026-09-25,CM,NSE,STK,12490,INE01KI01027,VINNY,EQ,,,,,VINNY OVERSEAS LIMITED,0.91,0.93,0.91,0.93,0.93,0.92,,0.93,,,133335,123014.97,161,F1,1,,,,,
2026-09-25,2026-09-25,CM,NSE,STK,766064,INE1A5U01014,VINOD,ST,,,,,VINOD TEXWORLD LIMITED,65.80,65.80,65.80,65.80,65.80,69.25,,65.80,,,4800,315840.00,4,F1,1200,,,,,
2026-09-25,2026-09-25,CM,NSE,STK,17905,INE0OSJ01014,VINSYS,ST,,,,,VINSYS IT SERVICES IND LT,583.00,583.00,582.00,582.00,582.00,573.80,,582.00,,,500,291250.00,2,F1,250,,,,,
2026-09-25,2026-09-25,CM,NSE,STK,25835,INE498Q01014,VINCOFE,EQ,,,,,VINTAGE COFFEE N BVRGS L,184.10,187.19,181.04,184.15,183.60,183.75,,184.17,,,911215,167605780.78,14020,F1,1,,,,,
2026-09-25,2026-09-25,CM,NSE,STK,19206,INE0OLS01010,VINYAS,SM,,,,,VINYAS INNOVATIVE TECH L,1515.00,1549.95,1515.00,1527.30,1523.00,1543.50,,1527.30,,,5500,8405245.00,47,F1,100,,,,,
2026-09-25,2026-09-25,CM,NSE,STK,16821,INE250B01029,VINYLINDIA,EQ,,,,,VINYL CHEMICALS (I) LTD.,220.80,222.95,218.25,219.85,219.50,220.32,,219.40,,,1993,438291.91,133,F1,1,,,,,
2026-09-25,2026-09-25,CM,NSE,STK,14843,INE450G01024,VIPCLOTHNG,EQ,,,,,VIP CLOTHING LIMITED,22.00,22.20,21.15,21.63,21.56,21.70,,21.63,,,45956,991138.58,239,F1,1,,,,,
2026-09-25,2026-09-25,CM,NSE,STK,3703,INE054A01027,VIPIND,EQ,,,,,VIP INDUSTRIES LTD,300.95,303.00,294.05,301.20,301.00,300.95,,301.27,,,208836,62340697.45,4126,F1,1,,,,,
2026-09-25,2026-09-25,CM,NSE,STK,8437,INE946H01037,VIPULLTD,BE,,,,,VIPUL LIMITED,10.52,10.70,10.22,10.36,10.48,10.56,,10.34,,,73134,759508.60,150,F1,1,,,,,
2026-09-25,2026-09-25,CM,NSE,STK,764990,INE467D01017,VIRAT,EQ,,,,,VIRAT INDUSTRIES LTD.,374.90,379.65,363.00,364.70,363.00,361.55,,365.28,,,7899,2935636.15,318,F1,1,,,,,
2026-09-25,2026-09-25,CM,NSE,STK,15295,INE539B01017,VIRINCHI,EQ,,,,,VIRINCHI LIMITED,14.00,14.07,13.75,13.81,13.99,13.81,,13.81,,,38149,529919.09,188,F1,1,,,,,
2026-09-25,2026-09-25,CM,NSE,STK,757060,INE0VRH01015,VGINFOTECH,SM,,,,,VIRTUAL GALAXY INFOTECH L,139.50,146.50,139.50,144.80,146.50,141.10,,144.80,,,33000,4717700.00,29,F1,1000,,,,,
2026-09-25,2026-09-25,CM,NSE,STK,765218,INE247C01023,VIRTUALG,BE,,,,,VIRTUAL GLOBAL EDU LTD,0.45,0.46,0.44,0.46,0.46,0.45,,0.45,,,81967,37135.52,106,F1,1,,,,,
2026-09-25,2026-09-25,CM,NSE,STK,761916,INE0I0T01010,VOEPL,EQ,,,,,VIRTUOSO OPTOELECTRONIC L,499.00,519.85,486.90,512.30,515.75,497.65,,512.30,,,65331,33146715.10,3051,F1,1,,,,,
2026-09-25,2026-09-25,CM,NSE,STK,13295,INE286H01012,VISACHROME,EQ,,,,,VISA CHROME LIMITED,35.50,37.95,34.53,34.54,34.53,36.34,,34.54,,,20791,735553.84,384,F1,1,,,,,
2026-09-25,2026-09-25,CM,NSE,STK,29877,INE370E01029,VIVIDHA,EQ,,,,,VISAGAR POLYTEX LTD,0.53,0.55,0.53,0.53,0.53,0.53,,0.53,,,228223,123894.04,145,F1,1,,,,,
2026-09-25,2026-09-25,CM,NSE,STK,4221,INE392A01021,VISAKAIND,EQ,,,,,VISAKA INDUSTRIES LIMITED,96.00,96.00,90.10,90.98,91.00,94.79,,90.98,,,349833,32260652.09,5177,F1,1,,,,,
2026-09-25,2026-09-25,CM,NSE,STK,24274,INE0BHK01012,VISAMAN,SM,,,,,VISAMAN GLOBAL SALES LTD,30.20,30.20,30.20,30.20,30.20,31.75,,30.20,,,5000,151000.00,5,F1,1000,,,,,
2026-09-25,2026-09-25,CM,NSE,STK,18708,INE0OWX01025,VISDEM,SM,,,,,VISDEM TECHNOSYS LIMITED,92.00,93.00,92.00,93.00,93.00,88.40,,93.00,,,3600,332700.00,3,F1,1200,,,,,
2026-09-25,2026-09-25,CM,NSE,STK,11773,INE755Q01025,VISHAL,EQ,,,,,VISHAL FABRICS LTD.,17.80,18.30,17.80,18.03,18.02,18.06,,18.02,,,34434,620597.03,258,F1,1,,,,,
2026-09-25,2026-09-25,CM,NSE,STK,27969,INE01EA01019,VMM,EQ,,,,,VISHAL MEGA MART LIMITED,105.45,105.69,103.00,103.50,103.50,105.46,,103.50,,,9381538,976082086.49,32594,F1,1,,,,,
2026-09-25,2026-09-25,CM,NSE,STK,6908,INE270I01022,VISHNU,EQ,,,,,VISHNU CHEMICALS LIMITED,706.75,709.60,689.65,697.65,693.40,703.25,,697.68,,,66047,46073665.70,4187,F1,1,,,,,
2026-09-25,2026-09-25,CM,NSE,STK,18341,INE0AE001013,VPRPL,EQ,,,,,VISHNU PRAKASH R PUNGLI L,32.90,32.98,32.20,32.50,32.59,32.90,,32.51,,,225414,7319029.56,1188,F1,1,,,,,
2026-09-25,2026-09-25,CM,NSE,STK,19300,INE0PQ001012,VISHNUINFR,SM,,,,,VISHNUSURYA PROJ N INFR L,150.00,150.00,147.80,147.80,147.80,150.00,,147.80,,,8500,1260225.00,11,F1,500,,,,,
2026-09-25,2026-09-25,CM,NSE,STK,13702,INE430N01022,VISHWARAJ,EQ,,,,,VISHWARAJ SUGAR IND LTD,5.35,5.62,5.31,5.48,5.49,5.28,,5.48,,,673898,3650019.98,1130,F1,1,,,,,
2026-09-25,2026-09-25,CM,NSE,STK,25231,INE0TR001017,VIESL,SM,,,,,VISION INFRA EQUIP SOL L,371.10,377.50,370.00,372.00,372.00,369.05,,372.00,,,41600,15536120.00,30,F1,800,,,,,
2026-09-25,2026-09-25,CM,NSE,STK,761148,INE0L4K01016,VITAL,EQ,,,,,VITAL CHEMTECH LIMITED,56.94,56.94,52.00,53.00,53.00,54.37,,53.00,,,9180,493058.57,84,F1,1,,,,,
2026-09-25,2026-09-25,CM,NSE,STK,763636,INE0MEG01014,VIVIANA,EQ,,,,,VIVIANA POWER TECH LTD,702.80,728.00,700.00,719.55,710.50,706.25,,719.55,,,19704,14078765.70,1624,F1,1,,,,,
2026-09-25,2026-09-25,CM,NSE,STK,761768,INE24H301028,VIVIDEL,SM,,,,,VIVID ELECTROMECH LIMITED,1790.00,1790.00,1750.25,1773.70,1790.00,1790.00,,1773.70,,,6480,11478180.00,25,F1,240,,,,,
2026-09-25,2026-09-25,CM,NSE,STK,11968,INE526G01021,VIVIMEDLAB,BE,,,,,VIVIMED LABS LIMITED,5.50,5.55,5.35,5.55,5.55,5.45,,5.55,,,14406,79746.95,28,F1,1,,,,,
2026-09-25,2026-09-25,CM,NSE,STK,764995,INE380K01017,VIVOBIOT,EQ,,,,,VIVO BIO TECH LTD.,16.67,17.40,16.08,16.79,16.80,16.08,,16.79,,,6740,113178.27,54,F1,1,,,,,
2026-09-25,2026-09-25,CM,NSE,STK,14296,INE807F01027,VIYASH,EQ,,,,,VIYASH SCIENTIFIC LIMITED,244.40,247.55,242.50,244.35,244.05,246.00,,244.35,,,1325870,324616054.65,21331,F1,1,,,,,
2026-09-25,2026-09-25,CM,NSE,STK,18012,INE03HW01020,VLEGOV,EQ,,,,,VL E GOV AND IT SOL LTD,10.15,10.74,10.12,10.59,10.60,10.25,,10.60,,,89296,938432.94,297,F1,1,,,,,
2026-09-25,2026-09-25,CM,NSE,STK,3715,INE709A01018,VLSFINANCE,EQ,,,,,VLS FINANCE LTD,243.00,243.00,235.65,239.74,239.80,239.58,,239.77,,,7005,1678330.10,227,F1,1,,,,,
2026-09-25,2026-09-25,CM,NSE,STK,29284,INE665J01013,VMART,EQ,,,,,VMART RETAIL LTD,773.50,773.50,754.00,760.10,765.00,773.70,,760.09,,,108294,82166795.20,9423,F1,1,,,,,
2026-09-25,2026-09-25,CM,NSE,STK,759152,INE0SJA01013,VMSTMT,EQ,,,,,VMS TMT LIMITED,46.00,47.00,45.25,46.48,47.00,46.13,,46.49,,,19008,876163.65,391,F1,1,,,,,
2026-09-25,2026-09-25,CM,NSE,STK,14366,INE669E01016,IDEA,EQ,,,,,VODAFONE IDEA LIMITED,14.15,14.38,14.08,14.26,14.26,14.12,,14.26,,,309260435,4401834658.60,314260,F1,1,,,,,
2026-09-25,2026-09-25,CM,NSE,STK,765000,INE285C01015,VOITHPAPR,EQ,,,,,VOITH PAPER FABRICS IND L,1439.00,1467.90,1423.80,1450.00,1450.00,1416.70,,1442.84,,,393,570239.10,103,F1,1,,,,,
2026-09-25,2026-09-25,CM,NSE,STK,29658,INE241X01014,VOLERCAR,SM,,,,,VOLER CAR LIMITED,231.50,231.50,231.50,231.50,231.50,229.50,,231.50,,,5600,1296400.00,1,F1,800,,,,,
2026-09-25,2026-09-25,CM,NSE,STK,13577,INE540H01012,VOLTAMP,EQ,,,,,VOLTAMP TRANSFORMERS LTD,10600.00,10775.00,10556.00,10709.00,10694.00,10587.00,,10709.15,,,9587,102168412.00,4563,F1,1,,,,,
2026-09-25,2026-09-25,CM,NSE,STK,3718,INE226A01021,VOLTAS,EQ,,,,,VOLTAS LTD,1109.90,1122.10,1103.90,1118.20,1118.20,1113.40,,1118.18,,,368727,411143548.70,15376,F1,1,,,,,
2026-09-25,2026-09-25,CM,NSE,STK,24321,INE0S2V01010,VRAJ,EQ,,,,,VRAJ IRON AND STEEL LTD,127.28,127.28,125.11,126.24,126.11,126.19,,126.24,,,9380,1183194.88,347,F1,1,,,,,
2026-09-25,2026-09-25,CM,NSE,STK,8696,INE366I01010,VRLLOG,EQ,,,,,VRL LOGISTICS LIMITED,292.95,293.05,288.10,289.70,288.70,291.65,,289.73,,,118757,34427055.90,3997,F1,1,,,,,
2026-09-25,2026-09-25,CM,NSE,STK,3724,INE710A01016,VSTIND,EQ,,,,,VST INDUSTRIES LTD,205.82,206.76,202.88,204.54,204.00,206.69,,204.58,,,89396,18336042.68,2544,F1,1,,,,,
2026-09-25,2026-09-25,CM,NSE,STK,24292,INE764D01017,VSTTILLERS,EQ,,,,,VST TILLERS TRACTORS LTD,4492.00,4544.20,4360.00,4473.30,4450.00,4516.70,,4472.94,,,14779,65549147.10,3137,F1,1,,,,,
2026-09-25,2026-09-25,CM,NSE,STK,765005,INE855A01019,WHBRADY,EQ,,,,,W H BRADY & CO. LTD.,475.25,491.00,466.00,491.00,491.00,498.95,,485.50,,,35,16472.25,8,F1,1,,,,,
2026-09-25,2026-09-25,CM,NSE,STK,762978,INE765D01022,WPIL,EQ,,,,,W P I L LTD.,429.70,445.50,425.45,430.40,430.55,435.80,,430.40,,,64064,27870400.05,2746,F1,1,,,,,
2026-09-25,2026-09-25,CM,NSE,STK,14828,INE100D01014,WSI,EQ,,,,,W.S.INDUSTRIES (I) LTD.,56.01,57.98,55.57,55.94,56.00,56.96,,55.94,,,22326,1262413.41,472,F1,1,,,,,
2026-09-25,2026-09-25,CM,NSE,STK,25907,INE377N01017,WAAREEENER,EQ,,,,,WAAREE ENERGIES LIMITED,2494.40,2516.00,2470.00,2495.00,2495.00,2482.00,,2493.96,,,616888,1537779780.70,40284,F1,1,,,,,
2026-09-25,2026-09-25,CM,NSE,STK,756038,INE299N01021,WAAREERTL,EQ,,,,,WAAREE RENEWABLE TECH LTD,830.00,837.05,823.00,832.90,832.00,832.30,,832.89,,,77627,64387197.70,7444,F1,1,,,,,
2026-09-25,2026-09-25,CM,NSE,STK,760259,INE0E7301029,WAKEFIT,EQ,,,,,WAKEFIT INNOVATIONS LTD,146.37,149.90,140.90,141.35,141.00,142.83,,141.35,,,527519,75809759.78,6825,F1,1,,,,,
2026-09-25,2026-09-25,CM,NSE,STK,3736,INE711A01022,WALCHANNAG,EQ,,,,,WALCHANDNAGAR INDUSTRIES,208.07,213.98,205.64,210.99,210.93,208.07,,210.99,,,463868,97437972.16,9514,F1,1,,,,,
2026-09-25,2026-09-25,CM,NSE,STK,5013,INE0G2G01015,WALPAR,SM,,,,,WALPAR NUTRITIONS LIMITED,27.95,27.95,25.80,27.45,27.45,26.65,,27.45,,,16000,437600.00,7,F1,2000,,,,,
2026-09-25,2026-09-25,CM,NSE,STK,14063,INE107F01022,WANBURY,EQ,,,,,WANBURY LIMITED,226.45,234.25,222.85,224.15,224.95,225.15,,224.14,,,119977,27036118.20,2397,F1,1,,,,,
2026-09-25,2026-09-25,CM,NSE,STK,765225,INE945P01024,WARDINMOBI,EQ,,,,,WARDWIZARD INNO & MOB L,5.72,5.86,5.56,5.57,5.60,5.62,,5.57,,,429093,2412234.34,1069,F1,1,,,,,
2026-09-25,2026-09-25,CM,NSE,STK,3745,INE054C01015,WATERBASE,EQ,,,,,WATERBASE LTD.,45.92,45.92,43.62,45.43,45.79,45.36,,45.40,,,7545,340557.87,197,F1,1,,,,,
2026-09-25,2026-09-25,CM,NSE,STK,762163,INE0LZF01039,CORDELIA,EQ,,,,,WATERWAYS LEISURE TOUR L,109.09,109.17,104.41,105.21,105.77,107.97,,105.21,,,1083139,114625252.61,10076,F1,1,,,,,
2026-09-25,2026-09-25,CM,NSE,STK,759215,INE0A3007065,1075WCA28,N0,,,,,WCAPL 10.75% 2028,8505.00,8505.00,8505.00,8505.00,8505.00,9879.79,,8505.00,,,10,85050.00,1,F1,1,,,,,
2026-09-25,2026-09-25,CM,NSE,STK,9862,INE082W01014,WEWIN,EQ,,,,,WE WIN LIMITED,48.91,49.01,47.75,48.26,48.26,49.01,,47.91,,,2296,110973.16,48,F1,1,,,,,
2026-09-25,2026-09-25,CM,NSE,STK,760482,INF2F0001370,TWCGOLDETF,EQ,,,,,WEALTH - TWCGOLDETF,149.75,150.06,148.58,149.99,149.97,149.01,,149.99,,,9324,1393659.44,140,F1,1,,,,,
2026-09-25,2026-09-25,CM,NSE,STK,1923,INE658T01017,WEALTH,EQ,,,,,WEALTH FRST PORT. MG. LTD,840.05,849.95,829.75,834.95,838.10,839.25,,834.95,,,51360,42639488.65,163,F1,1,,,,,
2026-09-25,2026-09-25,CM,NSE,STK,14602,INE855C01023,WEBELSOLAR,EQ,,,,,WEBSOL ENERGY SYSTEM LTD,74.02,75.10,72.55,73.23,73.15,74.07,,73.23,,,1267143,93265182.90,9149,F1,1,,,,,
2026-09-25,2026-09-25,CM,NSE,STK,3748,INE080A01014,WEIZMANIND,EQ,,,,,WEIZMANN LTD,71.60,73.61,71.46,73.00,73.60,71.67,,73.00,,,1649,119559.44,24,F1,1,,,,,
2026-09-25,2026-09-25,CM,NSE,STK,11821,INE191B01025,WELCORP,EQ,,,,,WELSPUN CORP LIMITED,2752.90,2837.50,2752.90,2832.40,2824.40,2692.20,,2832.39,,,2763523,7761081841.50,134337,F1,1,,,,,
2026-09-25,2026-09-25,CM,NSE,STK,11626,INE625G01013,WELENT,EQ,,,,,WELSPUN ENTERPRISES LTD.,748.10,766.85,747.25,754.50,755.50,749.15,,754.49,,,283394,214130564.00,9579,F1,1,,,,,
2026-09-25,2026-09-25,CM,NSE,STK,19804,INE389K01018,WELINV,BE,,,,,WELSPUN INV & COMM LTD,2457.00,2499.90,2457.00,2499.90,2499.90,2457.00,,2407.65,,,20,49826.40,5,F1,1,,,,,
2026-09-25,2026-09-25,CM,NSE,STK,11253,INE192B01031,WELSPUNLIV,EQ,,,,,WELSPUN LIVING LIMITED,222.40,226.41,219.27,224.68,225.01,222.32,,224.68,,,2858135,636936877.65,34713,F1,1,,,,,
2026-09-25,2026-09-25,CM,NSE,STK,762971,INE731F01037,WELSPLSOL,EQ,,,,,WELSPUN SPECIALTY SOL L,53.86,55.70,52.60,55.00,55.70,53.46,,54.98,,,563618,30485280.19,3421,F1,1,,,,,
2026-09-25,2026-09-25,CM,NSE,STK,4235,INE274C01019,WENDT,EQ,,,,,WENDT (INDIA) LIMITED,8532.00,8803.50,8515.50,8646.00,8640.00,8525.50,,8645.96,,,7895,68433958.00,2501,F1,1,,,,,
2026-09-25,2026-09-25,CM,NSE,STK,3799,INE976A01021,WSTCSTPAPR,EQ,,,,,WEST COAST PAPER MILLS LT,735.00,741.40,707.00,731.90,726.50,737.95,,731.91,,,179172,129756085.50,11060,F1,1,,,,,
2026-09-25,2026-09-25,CM,NSE,STK,25403,INE0CJF01024,WCIL,EQ,,,,,WESTERN CARRIERS (IND) L,94.30,96.70,93.82,94.77,94.40,95.78,,94.77,,,179760,17100017.11,1882,F1,1,,,,,
2026-09-25,2026-09-25,CM,NSE,STK,11580,INE274F01020,WESTLIFE,EQ,,,,,WESTLIFE FOODWORLD LTD,574.70,583.15,564.75,578.10,573.30,569.25,,578.10,,,437736,250242830.95,14352,F1,1,,,,,
2026-09-25,2026-09-25,CM,NSE,STK,759434,INE085001019,WEWORK,EQ,,,,,WEWORK INDIA MANAGEMENT L,650.05,661.90,634.90,652.55,645.00,651.70,,652.56,,,170103,109369553.70,13405,F1,1,,,,,
2026-09-25,2026-09-25,CM,NSE,STK,3766,INE715A01015,WHEELS,EQ,,,,,WHEELS INDIA LTD,2260.00,2355.00,2194.20,2296.40,2345.00,2180.80,,2297.39,,,615400,1396356946.30,34288,F1,1,,,,,
2026-09-25,2026-09-25,CM,NSE,STK,18011,INE716A01013,WHIRLPOOL,EQ,,,,,WHIRLPOOL OF INDIA LTD,855.00,960.00,835.55,918.90,903.55,853.45,,918.86,,,27943285,25828578690.60,575247,F1,1,,,,,
2026-09-25,2026-09-25,CM,NSE,STK,3772,INE210A01017,WILLAMAGOR,EQ,,,,,WILLIAMSON MAGOR,23.40,23.90,22.10,22.44,22.50,23.40,,22.44,,,3353,75533.11,55,F1,1,,,,,
2026-09-25,2026-09-25,CM,NSE,STK,5366,INE0H5O01029,WINDLAS,EQ,,,,,WINDLAS BIOTECH LIMITED,1090.40,1106.00,1080.00,1102.55,1104.95,1093.80,,1102.45,,,41768,45722075.25,4061,F1,1,,,,,
2026-09-25,2026-09-25,CM,NSE,STK,24969,INE052A01021,WINDMACHIN,EQ,,,,,WINDSOR MACHINES LIMITED,298.50,302.00,293.60,299.50,300.00,300.90,,299.54,,,25613,7622862.35,745,F1,1,,,,,
2026-09-25,2026-09-25,CM,NSE,STK,23714,INE0S3D01016,WINSOL,SM,,,,,WINSOL ENGINEERS LIMITED,105.00,109.45,104.00,107.30,107.25,107.65,,107.30,,,14800,1583620.00,33,F1,400,,,,,
2026-09-25,2026-09-25,CM,NSE,STK,3787,INE075A01022,WIPRO,EQ,,,,,WIPRO LTD,163.05,164.50,161.66,164.02,164.02,163.64,,164.04,,,9700283,1585494938.60,80693,F1,1,,,,,
2026-09-25,2026-09-25,CM,NSE,STK,22725,INE623Y01011,WTICAB,SM,,,,,WISE TRAVEL INDIA LIMITED,97.00,98.50,94.00,96.00,98.50,96.45,,96.00,,,18000,1717625.00,22,F1,500,,,,,
2026-09-25,2026-09-25,CM,NSE,STK,7506,INE049B01025,WOCKPHARMA,EQ,,,,,WOCKHARDT LIMITED,2290.00,2329.90,2243.00,2265.60,2263.90,2287.70,,2265.71,,,689934,1572787114.30,36745,F1,1,,,,,
2026-09-25,2026-09-25,CM,NSE,STK,25602,INE0OO201011,WOL3D,SM,,,,,WOL 3D INDIA LIMITED,130.70,130.70,130.70,130.70,130.70,132.00,,130.70,,,1000,130700.00,1,F1,1000,,,,,
2026-09-25,2026-09-25,CM,NSE,STK,19632,INE0Q9601016,WOMANCART,ST,,,,,WOMANCART LIMITED,101.00,102.40,99.00,99.60,100.85,100.65,,99.60,,,20400,2042640.00,51,F1,400,,,,,
2026-09-25,2026-09-25,CM,NSE,STK,7835,INE02WG01024,WEL,EQ,,,,,WONDER ELECTRICALS LTD,75.00,75.69,74.00,74.62,74.65,74.18,,74.62,,,439933,32879952.25,2196,F1,1,,,,,
2026-09-25,2026-09-25,CM,NSE,STK,3002,INE066O01014,WONDERLA,EQ,,,,,WONDERLA HOLIDAYS LTD.,508.00,513.40,508.00,510.15,510.05,509.95,,510.14,,,43470,22186066.85,2124,F1,1,,,,,
2026-09-25,2026-09-25,CM,NSE,STK,22277,INE196Y01018,WORTHPERI,EQ,,,,,WORTH PERIPHERALS LIMITED,144.05,148.00,144.05,144.94,145.85,147.26,,145.11,,,952,138413.90,32,F1,1,,,,,
2026-09-25,2026-09-25,CM,NSE,STK,11705,INE692G01013,XCHANGING,EQ,,,,,XCHANGING SOLUTIONS LTD,62.00,62.00,60.12,61.42,61.24,60.35,,61.42,,,64422,3938376.45,1036,F1,1,,,,,
2026-09-25,2026-09-25,CM,NSE,STK,8477,INE01P501012,XELPMOC,EQ,,,,,XELPMOC DESIGN & TECH LTD,75.30,89.50,75.10,89.50,89.50,74.59,,89.50,,,129401,11040005.60,1129,F1,1,,,,,
2026-09-25,2026-09-25,CM,NSE,STK,11407,INE445C01015,XPROINDIA,EQ,,,,,XPRO INDIA LIMITED,1220.00,1248.10,1168.00,1197.10,1199.00,1207.00,,1197.41,,,45394,54365179.00,5319,F1,1,,,,,
2026-09-25,2026-09-25,CM,NSE,STK,25235,INE547B01028,XTGLOBAL,EQ,,,,,XTGLOBAL INFOTECH LIMITED,29.85,29.85,28.70,29.44,29.14,29.26,,29.44,,,20689,607563.69,342,F1,1,,,,,
2026-09-25,2026-09-25,CM,NSE,STK,764312,INE0NG701011,XTRANET,EQ,,,,,XTRANET TECHNOLOGIES LTD,318.00,328.50,298.03,300.79,299.65,313.71,,300.78,,,724833,224739095.81,14589,F1,1,,,,,
2026-09-25,2026-09-25,CM,NSE,STK,760870,INE0U0J01015,YAAP,SM,,,,,YAAP DIGITAL LIMITED,129.40,129.40,120.05,123.20,126.40,122.50,,123.20,,,10000,1238850.00,10,F1,1000,,,,,
2026-09-25,2026-09-25,CM,NSE,STK,23451,INE0TO601017,YASHOPTICS,SM,,,,,YASH OPTICS & LENS LTD,131.00,134.90,131.00,134.45,134.90,131.35,,134.45,,,5600,747480.00,7,F1,800,,,,,
2026-09-25,2026-09-25,CM,NSE,STK,18131,INE616Z01012,YASHO,EQ,,,,,YASHO INDUSTRIES LIMITED,4055.40,4274.90,3992.70,4234.10,4216.00,4043.70,,4234.07,,,45970,192040046.50,8733,F1,1,,,,,
2026-09-25,2026-09-25,CM,NSE,STK,17738,INE0JO301016,YATHARTH,EQ,,,,,YATHARTH HOSP & TRA C S L,1162.30,1162.30,1117.20,1121.40,1122.50,1157.00,,1121.35,,,304843,343641375.70,22963,F1,1,,,,,
2026-09-25,2026-09-25,CM,NSE,STK,18760,INE0JR601024,YATRA,EQ,,,,,YATRA ONLINE LIMITED,105.99,105.99,101.96,103.84,103.05,105.20,,103.86,,,799222,82613286.26,7679,F1,1,,,,,
2026-09-25,2026-09-25,CM,NSE,STK,11915,INE528G01035,YESBANK,EQ,,,,,YES BANK LIMITED,22.48,22.58,22.35,22.50,22.50,22.44,,22.50,,,30426808,683402044.40,61339,F1,1,,,,,
2026-09-25,2026-09-25,CM,NSE,STK,765010,INE290E01011,YOGI,EQ,,,,,YOGI LTD.,165.90,169.00,160.15,161.10,161.11,164.00,,161.21,,,7353,1226379.84,99,F1,1,,,,,
2026-09-25,2026-09-25,CM,NSE,STK,18040,INE09FA01019,YUDIZ,SM,,,,,YUDIZ SOLUTIONS LIMITED,24.00,24.00,23.00,23.00,23.00,24.00,,23.00,,,1600,37600.00,2,F1,800,,,,,
2026-09-25,2026-09-25,CM,NSE,STK,5501,INE384C01016,YUKEN,EQ,,,,,YUKEN INDIA LIMITED,1127.10,1136.25,1093.80,1127.60,1129.00,1127.75,,1127.41,,,11780,13159279.45,1341,F1,1,,,,,
2026-09-25,2026-09-25,CM,NSE,STK,4229,INE116C01012,ZFSTEERING,EQ,,,,,Z F STEERING GEAR (I) LTD,765.00,765.00,736.05,750.85,754.90,746.10,,750.97,,,2158,1627869.10,336,F1,1,,,,,
2026-09-25,2026-09-25,CM,NSE,STK,23976,INE0ISZ01012,ZTECH,SM,,,,,Z-TECH (INDIA) LIMITED,429.00,447.90,429.00,441.60,444.50,429.15,,441.60,,,24000,10623225.00,52,F1,300,,,,,
2026-09-25,2026-09-25,CM,NSE,STK,18608,INE07K301024,ZAGGLE,EQ,,,,,ZAGGLE PREPA OCEAN SER L,179.48,181.44,176.00,178.84,179.73,178.22,,178.84,,,853946,152589290.60,9351,F1,1,,,,,
2026-09-25,2026-09-25,CM,NSE,STK,3812,INE256A01028,ZEEL,EQ,,,,,ZEE ENTERTAINMENT ENT LTD,78.37,78.37,76.64,76.87,76.81,78.17,,76.87,,,8793820,677627398.61,39847,F1,1,,,,,
2026-09-25,2026-09-25,CM,NSE,STK,20852,INE565L01011,ZEELEARN,EQ,,,,,ZEE LEARN LIMITED,6.89,7.10,6.71,6.94,6.93,6.77,,6.94,,,317285,2190381.85,661,F1,1,,,,,
2026-09-25,2026-09-25,CM,NSE,STK,14003,INE966H01019,ZEEMEDIA,EQ,,,,,ZEE MEDIA CORPORATION LTD,7.49,7.75,7.31,7.52,7.54,7.40,,7.52,,,969637,7213523.80,1378,F1,1,,,,,
2026-09-25,2026-09-25,CM,NSE,STK,7508,INE251B01027,ZENTEC,EQ,,,,,ZEN TECHNOLOGIES LIMITED,1649.00,1695.00,1613.70,1682.40,1687.00,1645.70,,1682.26,,,318892,526404633.50,25850,F1,1,,,,,
2026-09-25,2026-09-25,CM,NSE,STK,22803,INE0QWN01013,ZENITHDRUG,SM,,,,,ZENITH DRUGS LIMITED,43.20,45.00,42.80,42.80,42.80,44.40,,42.80,,,12000,520640.00,14,F1,800,,,,,
2026-09-25,2026-09-25,CM,NSE,STK,4176,INE058B01018,ZENITHEXPO,EQ,,,,,ZENITH EXPORTS LTD,197.49,204.00,197.49,203.00,203.00,195.53,,203.00,,,102,20701.49,3,F1,1,,,,,
2026-09-25,2026-09-25,CM,NSE,STK,14562,INE318D01020,ZENITHSTL,EQ,,,,,ZENITH STEEL PIP IND LTD,5.37,5.37,5.17,5.26,5.34,5.27,,5.26,,,82896,436189.99,266,F1,1,,,,,
2026-09-25,2026-09-25,CM,NSE,STK,1076,INE520A01027,ZENSARTECH,EQ,,,,,ZENSAR TECHNOLOGIES  LTD,422.40,436.00,416.15,434.90,433.10,422.55,,434.92,,,1049624,449179380.35,24633,F1,1,,,,,
2026-09-25,2026-09-25,CM,NSE,STK,22901,INF0R8F01042,GOLDCASE,EQ,,,,,ZERODHAAMC - GOLDCASE,23.64,23.70,23.51,23.67,23.70,23.50,,23.67,,,5079230,119922657.88,7744,F1,1,,,,,
2026-09-25,2026-09-25,CM,NSE,STK,21750,INF0R8F01034,LIQUIDCASE,EQ,,,,,ZERODHAAMC - LIQUIDCASE,116.11,116.11,116.09,116.10,116.11,116.06,,116.10,,,16875461,1959297601.19,8629,F1,1,,,,,
2026-09-25,2026-09-25,CM,NSE,STK,758705,INF0R8F01133,LTGILTCASE,EQ,,,,,ZERODHAAMC - LTGILTCASE,30.30,30.30,30.18,30.22,30.23,30.22,,30.22,,,251096,7585582.71,162,F1,1,,,,,
2026-09-25,2026-09-25,CM,NSE,STK,24077,INF0R8F01059,MID150CASE,EQ,,,,,ZERODHAAMC - MID150CASE,11.20,11.43,11.20,11.33,11.38,11.33,,11.33,,,838893,9495814.98,3209,F1,1,,,,,
2026-09-25,2026-09-25,CM,NSE,STK,759302,INF0R8F01166,NIFTYCASE,EQ,,,,,ZERODHAAMC - NIFTYCASE,9.54,9.54,9.20,9.30,9.32,9.31,,9.30,,,701336,6517187.80,1758,F1,1,,,,,
2026-09-25,2026-09-25,CM,NSE,STK,30274,INF0R8F01091,SILVERCASE,EQ,,,,,ZERODHAAMC - SILVERCASE,23.07,23.23,22.85,23.18,23.21,22.91,,23.18,,,3953843,91151862.14,5065,F1,1,,,,,
2026-09-25,2026-09-25,CM,NSE,STK,758955,INF0R8F01141,SML100CASE,EQ,,,,,ZERODHAAMC - SML100CASE,11.30,11.30,11.13,11.19,11.22,11.20,,11.19,,,1262270,14105065.50,1364,F1,1,,,,,
2026-09-25,2026-09-25,CM,NSE,STK,24081,INF0R8F01067,TOP100CASE,EQ,,,,,ZERODHAAMC - TOP100CASE,10.25,10.26,10.10,10.22,10.26,10.21,,10.22,,,324865,3316767.42,877,F1,1,,,,,
2026-09-25,2026-09-25,CM,NSE,STK,16915,INE342J01019,ZFCVINDIA,EQ,,,,,ZF COM VE CTR SYS IND LTD,2340.00,2361.00,2325.10,2354.20,2351.40,2345.50,,2354.47,,,34703,81466337.80,9186,F1,1,,,,,
2026-09-25,2026-09-25,CM,NSE,STK,12384,INE518E01015,ZIMLAB,EQ,,,,,ZIM LABORATORIES LIMITED,140.00,144.00,135.71,138.48,139.15,137.82,,138.48,,,179885,25074774.65,3093,F1,1,,,,,
2026-09-25,2026-09-25,CM,NSE,STK,3821,INE206B01013,ZODIACLOTH,EQ,,,,,ZODIAC CLOTHING CO. LTD.,68.60,70.80,68.60,70.27,70.80,69.23,,70.27,,,2226,155537.01,69,F1,1,,,,,
2026-09-25,2026-09-25,CM,NSE,STK,7129,INE761Y01019,ZODIAC,EQ,,,,,ZODIAC ENERGY LIMITED,225.00,227.98,219.22,223.04,224.92,227.44,,223.12,,,13144,2935551.50,815,F1,1,,,,,
2026-09-25,2026-09-25,CM,NSE,STK,11394,INE358U01012,ZOTA,EQ,,,,,ZOTA HEALTH CARE LIMITED,1333.50,1354.20,1326.50,1336.60,1344.80,1345.70,,1336.60,,,30110,40291148.40,2814,F1,1,,,,,
2026-09-25,2026-09-25,CM,NSE,STK,29050,INE840M01016,ZUARI,EQ,,,,,ZUARI AGRO CHEMICALS LTD,219.30,222.99,216.51,221.10,221.00,218.41,,221.08,,,67478,14853632.28,2612,F1,1,,,,,
2026-09-25,2026-09-25,CM,NSE,STK,3827,INE217A01012,ZUARIIND,EQ,,,,,ZUARI INDUSTRIES LIMITED,284.95,292.00,280.10,290.20,291.85,282.85,,290.23,,,227243,65638087.45,5202,F1,1,,,,,
2026-09-25,2026-09-25,CM,NSE,STK,7929,INE010B01027,ZYDUSLIFE,EQ,,,,,ZYDUS LIFESCIENCES LTD,1185.50,1208.60,1182.40,1203.90,1203.90,1180.30,,1203.87,,,1991779,2384476852.00,50760,F1,1,,,,,
2026-09-25,2026-09-25,CM,NSE,STK,17635,INE768C01028,ZYDUSWELL,EQ,,,,,ZYDUS WELLNESS LIMITED,520.15,524.00,513.35,520.60,522.00,520.15,,520.56,,,60614,31457193.40,5140,F1,1,,,,,
