TradDt,BizDt,Sgmt,Src,FinInstrmTp,FinInstrmId,ISIN,TckrSymb,SctySrs,XpryDt,FininstrmActlXpryDt,StrkPric,OptnTp,FinInstrmNm,OpnPric,HghPric,LwPric,ClsPric,LastPric,PrvsClsgPric,UndrlygPric,SttlmPric,OpnIntrst,ChngInOpnIntrst,TtlTradgVol,TtlTrfVal,TtlNbOfTxsExctd,SsnId,NewBrdLotQty,Rmks,Rsvd1,Rsvd2,Rsvd3,Rsvd4
2026-09-07,2026-09-07,CM,NSE,STK,19078,IN0020200104,SGBJUN28,GB,,,,,2.5%GOLDBONDS2028SR-III,15025.04,15150.01,15025.04,15085.70,15090.00,15233.75,,15077.77,,,205,3097358.49,30,F1,1,,,,,
2026-09-07,2026-09-07,CM,NSE,STK,1342,IN0020200286,SGBN28VIII,GB,,,,,2.5%GOLDBONDS2028SR-VIII,15050.00,15160.00,15050.00,15095.19,15095.19,15261.04,,15095.19,,,57,860390.18,16,F1,1,,,,,
2026-09-07,2026-09-07,CM,NSE,STK,3742,IN0020210053,SGBMAY29I,GB,,,,,2.5%GOLDBONDS2029SR-I,15150.00,15150.00,15055.00,15093.03,15099.99,15295.42,,15090.11,,,543,8191547.53,117,F1,1,,,,,
2026-09-07,2026-09-07,CM,NSE,STK,3743,IN0020210061,SGBJUN29II,GB,,,,,2.5%GOLDBONDS2029SR-II,15198.90,15198.90,15005.02,15090.00,15090.00,15231.01,,15051.00,,,188,2833675.33,36,F1,1,,,,,
2026-09-07,2026-09-07,CM,NSE,STK,3800,IN0020210087,SGBJU29III,GB,,,,,2.5%GOLDBONDS2029SR-III,15217.33,15274.00,15006.01,15079.88,15035.00,15293.80,,15079.88,,,175,2645410.41,40,F1,1,,,,,
2026-09-07,2026-09-07,CM,NSE,STK,5575,IN0020210145,SGBSEP29VI,GB,,,,,2.5%GOLDBONDS2029SR-VI,15025.10,15149.98,15020.01,15037.44,15030.00,15246.68,,15034.31,,,198,2979655.54,71,F1,1,,,,,
2026-09-07,2026-09-07,CM,NSE,STK,6518,IN0020210178,SGBNV29VII,GB,,,,,2.5%GOLDBONDS2029SR-VII,15102.00,15199.99,15071.01,15100.33,15075.00,15300.00,,15105.01,,,499,7562717.43,47,F1,1,,,,,
2026-09-07,2026-09-07,CM,NSE,STK,6355,IN0020180314,SGBNOV26,GB,,,,,2.50%GOLDBONDS2026SR-III,15001.00,15069.00,15001.00,15069.00,15069.00,15150.00,,15069.00,,,2,30070.00,2,F1,1,,,,,
2026-09-07,2026-09-07,CM,NSE,STK,7654,IN0020180389,SGBDEC26,GB,,,,,2.50%GOLDBONDS2026SR-IV,15175.00,15175.00,15100.90,15100.90,15100.90,15175.00,,15100.90,,,5,75578.60,4,F1,1,,,,,
2026-09-07,2026-09-07,CM,NSE,STK,10261,IN0020190073,SGBJUN27,GB,,,,,2.50%GOLDBONDS2027SR-I,14916.51,15120.00,14916.51,15045.45,15100.00,15298.99,,15045.45,,,27,406215.88,8,F1,1,,,,,
2026-09-07,2026-09-07,CM,NSE,STK,11154,IN0020190081,SGBJUL27,GB,,,,,2.50%GOLDBONDS2027SR-II,15100.00,15100.00,14911.02,14911.02,14911.02,15149.99,,15040.00,,,5,75311.02,5,F1,1,,,,,
2026-09-07,2026-09-07,CM,NSE,STK,12904,IN0020190107,SGBAUG27,GB,,,,,2.50%GOLDBONDS2027SR-III,15174.99,15174.99,15000.00,15066.54,15101.00,15241.31,,15061.16,,,101,1523150.63,43,F1,1,,,,,
2026-09-07,2026-09-07,CM,NSE,STK,13209,IN0020190115,SGBSEP27,GB,,,,,2.50%GOLDBONDS2027SR-IV,15001.00,15064.00,15001.00,15064.00,15064.00,15350.01,,15064.00,,,4,60130.00,2,F1,1,,,,,
2026-09-07,2026-09-07,CM,NSE,STK,14252,IN0020190388,SGBOCT27VI,GB,,,,,2.50%GOLDBONDS2027SR-VI,15150.00,15150.00,15001.00,15050.00,15050.00,15150.00,,15015.05,,,30,451119.00,5,F1,1,,,,,
2026-09-07,2026-09-07,CM,NSE,STK,15432,IN0020190461,SGBDC27VII,GB,,,,,2.50%GOLDBONDS2027SR-VII,15225.00,15225.00,15225.00,15225.00,15225.00,15225.00,,15225.00,,,3,45675.00,3,F1,1,,,,,
2026-09-07,2026-09-07,CM,NSE,STK,18862,IN0020200062,SGBAPR28I,GB,,,,,2.50%GOLDBONDS2028SR-I,15247.37,15247.37,15090.00,15098.85,15090.00,15323.99,,15100.43,,,495,7477275.23,61,F1,1,,,,,
2026-09-07,2026-09-07,CM,NSE,STK,18972,IN0020200088,SGBMAY28,GB,,,,,2.50%GOLDBONDS2028SR-II,15100.00,15140.00,15003.10,15065.00,15065.00,15260.00,,15065.00,,,17,256323.13,9,F1,1,,,,,
2026-09-07,2026-09-07,CM,NSE,STK,22242,IN0020200146,SGBJUL28IV,GB,,,,,2.50%GOLDBONDS2028SR-IV,15198.89,15198.89,15040.00,15085.00,15085.00,15249.78,,15081.99,,,167,2517067.06,30,F1,1,,,,,
2026-09-07,2026-09-07,CM,NSE,STK,17664,IN0020190545,SGBFEB28IX,GB,,,,,2.50%GOLDBONDS2028SR-IX,14815.01,15300.00,14815.01,15002.00,15002.00,14802.11,,15002.00,,,47,703959.13,9,F1,1,,,,,
2026-09-07,2026-09-07,CM,NSE,STK,22385,IN0020200161,SGBAUG28V,GB,,,,,2.50%GOLDBONDS2028SR-V,15138.00,15138.00,15005.01,15078.94,15055.00,15228.56,,15063.88,,,975,14687882.07,181,F1,1,,,,,
2026-09-07,2026-09-07,CM,NSE,STK,149,IN0020200195,SGBSEP28VI,GB,,,,,2.50%GOLDBONDS2028SR-VI,15005.01,15169.99,15005.01,15080.62,15075.00,15300.00,,15076.16,,,171,2582339.88,54,F1,1,,,,,
2026-09-07,2026-09-07,CM,NSE,STK,834,IN0020200203,SGBOC28VII,GB,,,,,2.50%GOLDBONDS2028SR-VII,15050.00,15184.99,15050.00,15102.30,15100.51,15320.20,,15102.30,,,139,2098263.08,27,F1,1,,,,,
2026-09-07,2026-09-07,CM,NSE,STK,5113,IN0020210111,SGBJUL29IV,GB,,,,,2.50%GOLDBONDS2029SR-IV,15012.50,15100.00,15010.00,15080.15,15080.25,15264.25,,15080.15,,,299,4502900.36,69,F1,1,,,,,
2026-09-07,2026-09-07,CM,NSE,STK,1920,IN0020200377,SGBJAN29IX,GB,,,,,2.50%GOLDBONDS2029SR-IX,15050.00,15100.00,15005.01,15070.32,15055.00,15227.50,,15070.32,,,287,4322540.33,53,F1,1,,,,,
2026-09-07,2026-09-07,CM,NSE,STK,5455,IN0020210129,SGBAUG29V,GB,,,,,2.50%GOLDBONDS2029SR-V,15247.00,15250.00,15034.45,15226.04,15250.00,15313.80,,15226.04,,,468,7066356.46,116,F1,1,,,,,
2026-09-07,2026-09-07,CM,NSE,STK,7098,IN0020210228,SGBD29VIII,GB,,,,,2.50%GOLDBONDS2029SR-VIII,15015.01,15294.99,15015.01,15154.37,15120.01,15345.00,,15146.66,,,103,1561859.12,35,F1,1,,,,,
2026-09-07,2026-09-07,CM,NSE,STK,2003,IN0020200385,SGBJAN29X,GB,,,,,2.50%GOLDBONDS2029SR-X,15050.00,15198.90,15024.50,15062.00,15040.00,15245.00,,15062.00,,,248,3747319.26,61,F1,1,,,,,
2026-09-07,2026-09-07,CM,NSE,STK,2200,IN0020200393,SGBFEB29XI,GB,,,,,2.50%GOLDBONDS2029SR-XI,15250.00,15250.00,15006.50,15052.20,15052.20,15241.55,,15052.20,,,90,1356242.48,33,F1,1,,,,,
2026-09-07,2026-09-07,CM,NSE,STK,2810,IN0020200427,SGBMR29XII,GB,,,,,2.50%GOLDBONDS2029SR-XII,15198.90,15198.90,15053.00,15086.38,15063.00,15244.60,,15086.38,,,187,2822776.06,62,F1,1,,,,,
2026-09-07,2026-09-07,CM,NSE,STK,10232,IN0020220045,SGBJUN30,GB,,,,,2.50%GOLDBONDS2030SR-I,15373.00,15373.00,15210.00,15210.00,15210.00,15449.00,,15210.00,,,52,795104.00,18,F1,1,,,,,
2026-09-07,2026-09-07,CM,NSE,STK,11192,IN0020220078,SGBAUG30,GB,,,,,2.50%GOLDBONDS2030SR-II,15083.65,15450.00,15083.65,15380.71,15330.01,15470.42,,15377.97,,,417,6387233.94,85,F1,1,,,,,
2026-09-07,2026-09-07,CM,NSE,STK,13642,IN0020220110,SGBDE30III,GB,,,,,2.50%GOLDBONDS2030SR-III,15288.99,15414.99,15215.04,15317.44,15414.99,15413.38,,15340.23,,,343,5240585.16,59,F1,1,,,,,
2026-09-07,2026-09-07,CM,NSE,STK,7879,IN0020210236,SGBJAN30IX,GB,,,,,2.50%GOLDBONDS2030SR-IX,15198.90,15279.99,15099.01,15176.48,15151.01,15242.20,,15176.48,,,152,2303387.61,42,F1,1,,,,,
2026-09-07,2026-09-07,CM,NSE,STK,8401,IN0020210319,SGBMAR30X,GB,,,,,2.50%GOLDBONDS2030SR-X,15220.06,15278.99,15220.06,15278.99,15278.99,15425.00,,15294.50,,,33,503190.18,14,F1,1,,,,,
2026-09-07,2026-09-07,CM,NSE,STK,17202,IN0020230069,SGBJUN31I,GB,,,,,2.50%GOLDBONDS2031SR-I,15195.70,15437.00,15195.70,15417.77,15437.00,15505.82,,15417.77,,,377,5798103.01,105,F1,1,,,,,
2026-09-07,2026-09-07,CM,NSE,STK,19456,IN0020230093,SGBSEP31II,GB,,,,,2.50%GOLDBONDS2031SR-II,15520.76,15541.99,15301.01,15510.73,15460.00,15620.76,,15510.79,,,1138,17543086.23,217,F1,1,,,,,
2026-09-07,2026-09-07,CM,NSE,STK,22476,IN0020230168,SGBDE31III,GB,,,,,2.50%GOLDBONDS2031SR-III,16017.53,16017.53,15400.00,15597.97,15550.00,15626.86,,15606.17,,,748,11620019.89,191,F1,1,,,,,
2026-09-07,2026-09-07,CM,NSE,STK,14598,IN0020220169,SGBMAR31IV,GB,,,,,2.50%GOLDBONDS2031SR-IV,15132.31,15449.00,15132.31,15440.00,15440.00,15520.32,,15440.00,,,95,1458088.06,40,F1,1,,,,,
2026-09-07,2026-09-07,CM,NSE,STK,22886,IN0020230184,SGBFEB32IV,GB,,,,,2.50%GOLDBONDS2032SR-IV,15393.21,15785.00,15393.21,15775.95,15784.99,15787.91,,15801.09,,,1385,21674718.71,301,F1,1,,,,,
2026-09-07,2026-09-07,CM,NSE,STK,16921,INE144J01027,20MICRONS,EQ,,,,,20 MICRONS LTD,224.90,231.99,220.71,224.80,226.00,222.49,,224.80,,,373719,84797580.23,7946,F1,1,,,,,
2026-09-07,2026-09-07,CM,NSE,STK,4,INE253B01015,21STCENMGM,EQ,,,,,21ST CENTURY MGMT SERVICE,38.40,38.85,37.47,38.28,38.70,38.13,,38.28,,,8675,333776.02,69,F1,1,,,,,
2026-09-07,2026-09-07,CM,NSE,STK,13061,INE466L01038,360ONE,EQ,,,,,360 ONE WAM LIMITED,1141.80,1143.50,1127.20,1136.90,1136.90,1137.00,,1136.88,,,407077,461836839.60,35276,F1,1,,,,,
2026-09-07,2026-09-07,CM,NSE,STK,30105,INF579M01BB5,GOLD360,EQ,,,,,360ONEAMC - GOLD360,148.80,148.90,146.90,147.85,148.40,149.70,,147.97,,,20611,3044007.35,464,F1,1,,,,,
2026-09-07,2026-09-07,CM,NSE,STK,763602,INF579M01BP5,MSCI360,EQ,,,,,360ONEAMC - MSCI360,10.20,10.27,9.99,10.07,10.26,10.27,,10.07,,,24416,245969.27,62,F1,1,,,,,
2026-09-07,2026-09-07,CM,NSE,STK,756150,INF579M01BC3,SILVER360,EQ,,,,,360ONEAMC - SILVER360,228.48,228.48,224.68,226.55,226.52,229.11,,226.55,,,4727,1069551.22,239,F1,1,,,,,
2026-09-07,2026-09-07,CM,NSE,STK,762518,INE994E01018,3BBLACKBIO,EQ,,,,,3B BLACKBIO DX LTD.,1486.00,1530.20,1470.20,1521.30,1525.90,1460.10,,1521.40,,,14265,21526062.10,2078,F1,1,,,,,
2026-09-07,2026-09-07,CM,NSE,STK,6240,INE748C01038,3IINFOLTD,BE,,,,,3I INFOTECH LIMITED,22.50,22.74,21.75,22.07,22.10,22.37,,22.09,,,111578,2495328.03,666,F1,1,,,,,
2026-09-07,2026-09-07,CM,NSE,STK,474,INE470A01017,3MINDIA,EQ,,,,,3M INDIA LIMITED,32700.00,32985.00,32480.00,32840.00,32950.00,32845.00,,32846.16,,,1326,43388090.00,962,F1,1,,,,,
2026-09-07,2026-09-07,CM,NSE,STK,2595,INE105C01023,3PLAND,EQ,,,,,3P LAND HOLDINGS LIMITED,32.39,32.39,31.67,32.15,32.15,32.39,,32.15,,,1703,54861.36,68,F1,1,,,,,
2026-09-07,2026-09-07,CM,NSE,STK,445,INE618L01018,5PAISA,EQ,,,,,5PAISA CAPITAL LIMITED,339.00,344.85,337.05,339.85,338.45,342.10,,339.88,,,29942,10172445.55,1640,F1,1,,,,,
2026-09-07,2026-09-07,CM,NSE,STK,11868,INE111B01023,63MOONS,EQ,,,,,63 MOONS TECHNOLOGIES LTD,882.55,882.65,860.05,872.70,870.00,876.50,,872.66,,,249471,217512099.25,11309,F1,1,,,,,
2026-09-07,2026-09-07,CM,NSE,STK,19974,INE134E07349,736PFCL28,N2,,,,,7.36% TAX FREE NCD,1070.05,1070.05,1070.01,1070.01,1070.01,1067.00,,1070.01,,,22,23540.30,5,F1,1,,,,,
2026-09-07,2026-09-07,CM,NSE,STK,20052,INE787H07156,740IIFCL33,N1,,,,,7.40% TAX FREETRI SRIII,1151.37,1151.37,1151.37,1151.37,1151.37,1158.00,,1151.37,,,6,6908.22,1,F1,1,,,,,
2026-09-07,2026-09-07,CM,NSE,STK,19926,INE020B07JU4,743REC35,NH,,,,,7.43% TAX FREE TRI SR3B,1181.60,1200.00,1181.60,1200.00,1200.00,1215.00,,1200.00,,,371,441608.75,4,F1,1,,,,,
2026-09-07,2026-09-07,CM,NSE,STK,29312,INE031A07865,751HUDCO28,N5,,,,,7.51 NCD 16FEB28 TR1 SR2,1066.05,1066.05,1066.01,1066.01,1066.01,1066.07,,1066.01,,,16,17056.20,3,F1,1,,,,,
2026-09-07,2026-09-07,CM,NSE,STK,19976,INE134E07588,760PFCL35,N3,,,,,7.60% TAX FREE NCD,1212.47,1212.47,1212.47,1212.47,1212.47,1212.05,,1212.74,,,3,3637.41,1,F1,1,,,,,
2026-09-07,2026-09-07,CM,NSE,STK,20034,INE261F07032,764NABAR31,N2,,,,,7.64% TAX FREE TRI SRIIB,1114.00,1114.00,1114.00,1114.00,1114.00,1118.00,,1114.00,,,200,222800.00,3,F1,1,,,,,
2026-09-07,2026-09-07,CM,NSE,STK,19928,INE031A07AO5,764HUDCO31,N8,,,,,7.64% TAX FREETRI SR2B,1127.97,1127.97,1127.97,1127.97,1127.97,1125.00,,1126.49,,,1,1127.97,1,F1,1,,,,,
2026-09-07,2026-09-07,CM,NSE,STK,19930,INE031A07AT4,769HUDCO31,N9,,,,,7.69% TAX FREETRII SR2B,1137.94,1137.94,1137.94,1137.94,1137.94,1136.80,,1137.94,,,20,22758.80,1,F1,1,,,,,
2026-09-07,2026-09-07,CM,NSE,STK,20030,INE202E07229,774IREDA31,N7,,,,,7.74% TAX FREE NCD,1130.05,1130.05,1130.05,1130.05,1130.05,1124.01,,1130.05,,,11,12430.55,1,F1,1,,,,,
2026-09-07,2026-09-07,CM,NSE,STK,19924,INE020B07GH7,812REC27,NI,,,,,8.12/8.32% TAX FREE NCD,1027.00,1027.01,1027.00,1027.01,1027.01,1027.00,,1029.01,,,1431,1469637.10,6,F1,1,,,,,
2026-09-07,2026-09-07,CM,NSE,STK,31240,INE031A07840,82HUDCO27,N2,,,,,8.20 NCD05MAR27 FV 1000,1053.01,1053.01,1053.01,1053.01,1053.01,1053.01,,1053.01,,,10,10530.10,3,F1,1,,,,,
2026-09-07,2026-09-07,CM,NSE,STK,20022,INE134E07208,830PFCL27,N5,,,,,8.30% TAX FREE NCD,1084.01,1084.01,1084.00,1084.00,1084.00,1089.99,,1084.00,,,104,112737.00,2,F1,1,,,,,
2026-09-07,2026-09-07,CM,NSE,STK,19964,INE031A07915,851HUDCO28,NB,,,,,8.51% TAX FREETRI SR2A,1130.01,1130.01,1130.01,1130.01,1130.01,1129.00,,1130.01,,,20,22600.20,1,F1,1,,,,,
2026-09-07,2026-09-07,CM,NSE,STK,192,INE906B07DF8,875NHAI29,N6,,,,,8.75% TAX FREE TR I S IIB,1118.30,1119.00,1115.01,1118.00,1118.00,1118.24,,1118.00,,,994,1111887.30,19,F1,1,,,,,
2026-09-07,2026-09-07,CM,NSE,STK,19968,INE031A07949,876HUDCO28,ND,,,,,8.76% TAX FREETRI SR2B,1136.00,1136.99,1134.00,1134.50,1134.50,1135.00,,1135.75,,,651,738678.49,15,F1,1,,,,,
2026-09-07,2026-09-07,CM,NSE,STK,20058,INE787H07370,891IIFCL34,N4,,,,,8.91% TAX FREE NCD,1269.00,1269.00,1269.00,1269.00,1269.00,1270.00,,1269.00,,,5,6345.00,1,F1,1,,,,,
2026-09-07,2026-09-07,CM,NSE,STK,31768,INE733E07JJ9,891NTPC33,N6,,,,,8.91%S-R-NCD SERIES 3B,1272.75,1275.00,1272.70,1275.00,1275.00,1273.74,,1275.00,,,115,146400.10,3,F1,1,,,,,
2026-09-07,2026-09-07,CM,NSE,STK,31487,INE848E07567,892NHPC33,N6,,,,,8.92% SEC RED BOND S3B,1260.00,1262.00,1260.00,1262.00,1262.00,1260.00,,1262.00,,,186,234610.00,5,F1,1,,,,,
2026-09-07,2026-09-07,CM,NSE,STK,20028,INE134E07463,892PFCL33,N8,,,,,8.92% TAX FREE NCD,1266.00,1289.00,1263.00,1289.00,1289.00,1276.05,,1289.00,,,55,70030.10,8,F1,1,,,,,
2026-09-07,2026-09-07,CM,NSE,STK,19970,INE031A07AB2,901HUDCO34,NE,,,,,9.01% TAX FREETRII SR3B,1280.00,1283.98,1280.00,1282.00,1282.00,1280.00,,1282.00,,,1815,2323878.60,13,F1,1,,,,,
2026-09-07,2026-09-07,CM,NSE,STK,759130,INE08PH01015,ABCOTS,EQ,,,,,A B COTSPIN INDIA LIMITED,208.80,223.45,208.10,212.01,210.05,208.15,,211.57,,,10187,2184624.56,402,F1,1,,,,,
2026-09-07,2026-09-07,CM,NSE,STK,27016,INE00YB01025,ABINFRA,BE,,,,,A B INFRABUILD LIMITED,11.45,11.45,11.01,11.40,11.30,11.35,,11.40,,,282685,3192532.64,343,F1,1,,,,,
2026-09-07,2026-09-07,CM,NSE,STK,762528,INE850B01026,ABMKNO,EQ,,,,,A B M KNOWLEDGEWARE LTD.,186.00,189.99,185.00,189.64,189.98,189.90,,189.64,,,2557,474407.23,29,F1,1,,,,,
2026-09-07,2026-09-07,CM,NSE,STK,762536,INE366C01021,ACSTECH,BE,,,,,A C S TECHNOLOGIES LTD.,52.40,54.42,51.40,54.42,54.42,51.83,,54.46,,,308737,16610398.99,351,F1,1,,,,,
2026-09-07,2026-09-07,CM,NSE,STK,15147,INE0O6N01012,AGUL,SM,,,,,A G UNIVERSAL LIMITED,43.65,48.15,43.65,48.15,48.15,45.90,,48.15,,,10000,445500.00,5,F1,2000,,,,,
2026-09-07,2026-09-07,CM,NSE,STK,762538,INE701G01012,AKCAPIT,EQ,,,,,A K CAPITAL SERVICES LTD.,1769.00,1775.00,1684.90,1733.50,1722.00,1736.90,,1734.48,,,1137,1990019.60,219,F1,1,,,,,
2026-09-07,2026-09-07,CM,NSE,STK,20906,INE619I01012,A2ZINFRA,EQ,,,,,A2Z INFRA ENGINEERING LTD,15.61,16.05,15.40,15.76,15.95,15.61,,15.76,,,96495,1520490.88,272,F1,1,,,,,
2026-09-07,2026-09-07,CM,NSE,STK,12533,INE0D0U01013,AAATECH,EQ,,,,,AAA TECHNOLOGIES LIMITED,91.00,93.96,91.00,92.07,91.53,91.74,,92.02,,,10152,938325.92,269,F1,1,,,,,
2026-09-07,2026-09-07,CM,NSE,STK,23729,INE883F01010,AADHARHFC,EQ,,,,,AADHAR HOUSING FINANCE L,483.50,485.00,471.00,478.95,475.35,483.55,,478.83,,,270755,129034758.15,14573,F1,1,,,,,
2026-09-07,2026-09-07,CM,NSE,STK,757579,INE1GYP01013,AAKAAR,SM,,,,,AAKAAR MEDICAL TECHNO LTD,62.00,62.00,62.00,62.00,62.00,62.70,,62.00,,,12800,793600.00,7,F1,1600,,,,,
2026-09-07,2026-09-07,CM,NSE,STK,235,INE087Z01024,AAKASH,EQ,,,,,AAKASH EXPLORATION SER L,8.69,8.88,8.18,8.59,8.62,8.75,,8.59,,,251561,2141159.88,515,F1,1,,,,,
2026-09-07,2026-09-07,CM,NSE,STK,758120,INE124401014,AARADHYA,SM,,,,,AARADHYA DISPOSAL INDUS L,117.10,121.85,117.10,121.85,121.85,110.80,,121.85,,,10800,1305840.00,8,F1,1200,,,,,
2026-09-07,2026-09-07,CM,NSE,STK,5245,INE198H01019,AAREYDRUGS,EQ,,,,,AAREY DRUGS & PHARM LTD,94.10,98.50,94.10,97.31,95.88,95.79,,97.32,,,218466,21241781.65,1603,F1,1,,,,,
2026-09-07,2026-09-07,CM,NSE,STK,761824,INE750R01016,AARNAV,BE,,,,,AARNAV FASHIONS LIMITED,32.17,32.17,31.29,31.45,31.42,32.17,,31.46,,,1446,46232.03,26,F1,1,,,,,
2026-09-07,2026-09-07,CM,NSE,STK,1030,INE721Z01010,AARON,EQ,,,,,AARON INDUSTRIES LIMITED,129.00,129.00,125.00,125.54,126.29,128.45,,125.54,,,4586,581582.78,272,F1,1,,,,,
2026-09-07,2026-09-07,CM,NSE,STK,17164,INE01C001026,AARTECH,BE,,,,,AARTECH SOLONICS LIMITED,49.48,49.98,48.26,49.53,49.30,48.64,,49.48,,,24982,1234927.40,140,F1,1,,,,,
2026-09-07,2026-09-07,CM,NSE,STK,4481,INE767A01016,AARTIDRUGS,EQ,,,,,AARTI DRUGS LTD.,433.25,434.70,419.25,423.00,425.90,431.65,,423.10,,,94385,40236422.50,4870,F1,1,,,,,
2026-09-07,2026-09-07,CM,NSE,STK,7,INE769A01020,AARTIIND,EQ,,,,,AARTI INDUSTRIES LTD,493.25,495.75,487.35,490.70,490.50,492.05,,490.71,,,518899,255098744.75,17370,F1,1,,,,,
2026-09-07,2026-09-07,CM,NSE,STK,13868,INE0LRU01027,AARTIPHARM,EQ,,,,,AARTI PHARMALABS LIMITED,861.00,894.70,856.35,862.65,859.00,858.80,,862.52,,,745049,650101598.00,28866,F1,1,,,,,
2026-09-07,2026-09-07,CM,NSE,STK,19263,INE09EO01013,AARTISURF,BE,,,,,AARTI SURFACTANTS LIMITED,548.50,549.90,530.00,546.80,543.00,548.50,,546.82,,,8263,4458969.75,280,F1,1,,,,,
2026-09-07,2026-09-07,CM,NSE,STK,19073,INE754X01016,AARVI,EQ,,,,,AARVI ENCON LIMITED,140.50,145.49,140.30,143.36,144.00,141.92,,143.40,,,10492,1483500.66,309,F1,1,,,,,
2026-09-07,2026-09-07,CM,NSE,STK,763800,INE2FMX01012,AASTHA,EQ,,,,,AASTHA SPINTEX LIMITED,79.25,79.25,76.42,77.36,78.79,78.12,,77.35,,,177179,13659720.59,2112,F1,1,,,,,
2026-09-07,2026-09-07,CM,NSE,STK,16961,INE0OB201016,AATMAJ,SM,,,,,AATMAJ HEALTHCARE LIMITED,18.25,18.25,17.55,18.00,18.00,18.25,,18.00,,,20000,359400.00,8,F1,2000,,,,,
2026-09-07,2026-09-07,CM,NSE,STK,5385,INE216P01012,AAVAS,EQ,,,,,AAVAS FINANCIERS LIMITED,1291.00,1311.40,1285.20,1306.20,1306.60,1304.20,,1306.18,,,82507,107114501.00,13558,F1,1,,,,,
2026-09-07,2026-09-07,CM,NSE,STK,7759,INE421A01028,ABAN,BE,,,,,ABAN OFFSHORE LTD.,14.99,15.10,14.70,14.84,14.75,14.99,,14.85,,,20900,310767.37,129,F1,1,,,,,
2026-09-07,2026-09-07,CM,NSE,STK,762523,INE365O01028,ABANSENT,EQ,,,,,ABANS ENTERPRISES LTD.,27.50,28.99,27.00,28.39,28.00,27.86,,27.42,,,4724,132660.85,221,F1,1,,,,,
2026-09-07,2026-09-07,CM,NSE,STK,13288,INE00ZE01026,AFSL,EQ,,,,,ABANS FINANCIAL SRVCS LTD,202.07,207.80,201.25,202.78,202.50,202.07,,202.82,,,3949,804865.09,140,F1,1,,,,,
2026-09-07,2026-09-07,CM,NSE,STK,13,INE117A01022,ABB,EQ,,,,,ABB INDIA LIMITED,7410.00,7459.50,7327.00,7434.00,7434.00,7410.00,,7433.86,,,111152,822529333.50,16322,F1,1,,,,,
2026-09-07,2026-09-07,CM,NSE,STK,17903,INE358A01014,ABBOTINDIA,EQ,,,,,ABBOTT INDIA LIMITED,26150.00,26195.00,25810.00,25940.00,25905.00,26065.00,,25938.12,,,5392,139842650.00,2704,F1,1,,,,,
2026-09-07,2026-09-07,CM,NSE,STK,765466,INE1R2M01019,ABH,ST,,,,,ABH HEALTHCARE LIMITED,76.70,76.70,76.70,76.70,76.70,80.70,,76.70,,,10800,828360.00,8,F1,1200,,,,,
2026-09-07,2026-09-07,CM,NSE,STK,27284,INE0UYG01015,ABHAPOWER,SM,,,,,ABHA POWER N STEEL LTD,25.35,25.35,24.00,24.00,24.00,24.60,,24.00,,,4800,119360.00,3,F1,1600,,,,,
2026-09-07,2026-09-07,CM,NSE,STK,4626,INE0CAJ01017,AILIMITED,SM,,,,,ABHISHEK INTEGRATIONS LTD,22.25,22.25,21.15,21.15,21.15,22.25,,21.15,,,6000,130200.00,2,F1,3000,,,,,
2026-09-07,2026-09-07,CM,NSE,STK,23783,INE0QRV01016,ABSMARINE,SM,,,,,ABS MARINE SERVICES LTD,338.80,347.75,321.00,336.75,333.00,337.90,,336.75,,,169500,57070325.00,287,F1,500,,,,,
2026-09-07,2026-09-07,CM,NSE,STK,22,INE012A01025,ACC,EQ,,,,,ACC LIMITED,1287.00,1288.50,1265.50,1268.70,1271.00,1283.80,,1268.65,,,90302,114773010.60,8619,F1,1,,,,,
2026-09-07,2026-09-07,CM,NSE,STK,7053,INE793A01012,ACCELYA,EQ,,,,,ACCELYA SOLN INDIA LTD,1131.00,1135.80,1120.00,1127.10,1126.20,1131.00,,1127.12,,,5455,6149755.00,507,F1,1,,,,,
2026-09-07,2026-09-07,CM,NSE,STK,20488,INE0Q5D01013,ACCENTMIC,SM,,,,,ACCENT MICROCELL LIMITED,620.70,624.20,615.30,623.60,624.20,617.80,,623.60,,,59500,36901050.00,100,F1,500,,,,,
2026-09-07,2026-09-07,CM,NSE,STK,757024,INE0T8T01010,ACCPL,ST,,,,,ACCRETION PHARMA LIMITED,201.90,210.00,201.90,210.00,210.00,200.00,,210.00,,,68400,14338260.00,31,F1,1200,,,,,
2026-09-07,2026-09-07,CM,NSE,STK,1472,INE648Z01023,ACCURACY,BE,,,,,ACCURACY SHIPPING LIMITED,4.33,4.41,4.20,4.33,4.34,4.31,,4.33,,,34746,149707.63,200,F1,1,,,,,
2026-09-07,2026-09-07,CM,NSE,STK,11779,INE543V01017,ACEINTEG,EQ,,,,,ACE INTEGRATED SOLU. LTD.,18.58,18.58,17.52,17.54,17.53,17.83,,17.54,,,2039,35895.19,36,F1,1,,,,,
2026-09-07,2026-09-07,CM,NSE,STK,761112,INE1J6M01010,ACETEC,SM,,,,,ACETECH E-COMMERCE LTD,130.00,134.00,130.00,132.00,130.00,139.00,,132.00,,,4800,628800.00,4,F1,1200,,,,,
2026-09-07,2026-09-07,CM,NSE,STK,27061,INE622W01025,ACMESOLAR,EQ,,,,,ACME SOLAR HOLDINGS LTD,422.80,423.40,409.00,413.15,412.00,418.00,,413.15,,,1367600,568481455.50,39926,F1,1,,,,,
2026-09-07,2026-09-07,CM,NSE,STK,13587,INE731H01025,ACE,EQ,,,,,ACTION CONST EQUIP LTD,1125.40,1131.00,1111.00,1113.20,1113.00,1125.40,,1113.16,,,109007,121739591.30,8927,F1,1,,,,,
2026-09-07,2026-09-07,CM,NSE,STK,30464,INE0KLO01025,ACTIVEINFR,SM,,,,,ACTIVE INFRASTRUCTURES L,176.35,176.35,176.35,176.35,176.35,172.50,,176.35,,,3600,634860.00,2,F1,600,,,,,
2026-09-07,2026-09-07,CM,NSE,STK,5578,INE00FF01025,ACUTAAS,EQ,,,,,ACUTAAS CHEMICALS LIMITED,3168.50,3212.70,3160.00,3181.60,3192.00,3168.50,,3181.60,,,141224,450200678.80,24089,F1,1,,,,,
2026-09-07,2026-09-07,CM,NSE,STK,10217,INE931S01010,ADANIENSOL,EQ,,,,,ADANI ENERGY SOLUTION LTD,1412.70,1418.50,1387.80,1390.40,1390.40,1409.60,,1390.37,,,1342576,1879184713.60,33355,F1,1,,,,,
2026-09-07,2026-09-07,CM,NSE,STK,25,INE423A01024,ADANIENT,EQ,,,,,ADANI ENTERPRISES LIMITED,2940.00,2964.40,2918.50,2950.00,2950.00,2938.00,,2949.93,,,981218,2882978477.40,67251,F1,1,,,,,
2026-09-07,2026-09-07,CM,NSE,STK,3563,INE364U01010,ADANIGREEN,EQ,,,,,ADANI GREEN ENERGY LTD,1301.20,1309.80,1285.00,1288.00,1288.00,1301.30,,1288.00,,,685684,889293077.80,26231,F1,1,,,,,
2026-09-07,2026-09-07,CM,NSE,STK,15083,INE742F01042,ADANIPORTS,EQ,,,,,ADANI PORT & SEZ LTD,1714.00,1716.40,1685.90,1694.30,1694.30,1707.30,,1694.20,,,1175225,1998642561.60,55609,F1,1,,,,,
2026-09-07,2026-09-07,CM,NSE,STK,17388,INE814H01029,ADANIPOWER,EQ,,,,,ADANI POWER LTD,207.10,208.65,204.16,204.49,204.49,207.20,,204.49,,,9839611,2024960593.08,78870,F1,1,,,,,
2026-09-07,2026-09-07,CM,NSE,STK,6066,INE399L01023,ATGL,EQ,,,,,ADANI TOTAL GAS LIMITED,613.05,617.00,601.90,603.70,605.00,612.35,,603.71,,,415933,253028804.50,17750,F1,1,,,,,
2026-09-07,2026-09-07,CM,NSE,STK,764563,INE757C01021,ADDIND,EQ,,,,,ADDI INDUSTRIES LTD.,79.34,85.00,78.95,80.81,82.90,79.34,,80.97,,,2067,171232.16,41,F1,1,,,,,
2026-09-07,2026-09-07,CM,NSE,STK,22468,INE0RDH01021,ADDICTIVE,SM,,,,,ADDICTIVE LEARNING TECH L,44.10,45.00,44.10,44.90,44.90,43.30,,44.90,,,4000,178450.00,8,F1,500,,,,,
2026-09-07,2026-09-07,CM,NSE,STK,19761,INE982B01027,ADFFOODS,EQ,,,,,ADF FOODS LIMITED,263.15,269.00,259.00,266.15,269.00,264.80,,266.15,,,120114,31557751.70,3740,F1,1,,,,,
2026-09-07,2026-09-07,CM,NSE,STK,763156,INE20PL01012,ADISOFT,SM,,,,,ADISOFT TECHNOLOGIES LTD,209.95,218.00,199.00,214.65,215.90,206.25,,214.65,,,161600,33893320.00,191,F1,800,,,,,
2026-09-07,2026-09-07,CM,NSE,STK,6018,INE404A01024,ABSLAMC,EQ,,,,,ADIT BIRL SUN LIF AMC LTD,1062.30,1064.10,1035.00,1041.90,1049.40,1062.30,,1041.86,,,197790,206464020.70,20326,F1,1,,,,,
2026-09-07,2026-09-07,CM,NSE,STK,21614,INE674K01013,ABCAPITAL,EQ,,,,,ADITYA BIRLA CAPITAL LTD.,404.00,404.75,399.50,403.25,403.25,404.90,,403.27,,,2451987,985561531.80,41504,F1,1,,,,,
2026-09-07,2026-09-07,CM,NSE,STK,30108,INE647O01011,ABFRL,EQ,,,,,ADITYA BIRLA FASHION & RT,52.95,55.11,51.99,53.21,53.00,52.97,,53.21,,,10440736,560639046.39,39359,F1,1,,,,,
2026-09-07,2026-09-07,CM,NSE,STK,756843,INE14LE01019,ABLBL,EQ,,,,,ADITYA BIRLA LIFES BRAN L,86.90,87.40,84.99,85.55,85.60,86.07,,85.55,,,543434,46780998.17,7555,F1,1,,,,,
2026-09-07,2026-09-07,CM,NSE,STK,15239,INE865C01022,BIRLAMONEY,EQ,,,,,ADITYA BIRLA MONEY LTD,127.85,127.85,125.01,125.96,125.80,126.37,,125.96,,,24407,3072251.75,543,F1,1,,,,,
2026-09-07,2026-09-07,CM,NSE,STK,625,INE055A01016,ABREL,EQ,,,,,ADITYA BIRLA REAL EST LTD,1373.60,1384.00,1356.10,1377.80,1380.20,1373.60,,1377.79,,,65234,89343101.90,6075,F1,1,,,,,
2026-09-07,2026-09-07,CM,NSE,STK,758858,INE819V01029,CPPLUS,EQ,,,,,ADITYA INFOTECH LIMITED,3705.00,3803.10,3705.00,3752.90,3747.90,3704.60,,3752.98,,,170197,640972465.90,31037,F1,1,,,,,
2026-09-07,2026-09-07,CM,NSE,STK,25248,INE01YQ01013,AUSL,SM,,,,,ADITYA ULTRA STEEL LTD,24.55,24.55,24.55,24.55,24.55,24.55,,24.55,,,10000,245500.00,4,F1,2000,,,,,
2026-09-07,2026-09-07,CM,NSE,STK,25984,INE679V01027,AVL,EQ,,,,,ADITYA VISION LIMITED,600.00,604.85,593.15,599.25,599.55,600.05,,599.25,,,168049,100657783.80,9152,F1,1,,,,,
2026-09-07,2026-09-07,CM,NSE,STK,23804,INF209KB18D3,BSLGOLDETF,EQ,,,,,ADITYBIRLA SL GOLD ETF-GR,134.30,134.30,132.81,133.82,133.84,135.36,,133.82,,,187146,24997938.29,2870,F1,1,,,,,
2026-09-07,2026-09-07,CM,NSE,STK,24781,INF209KB19D1,BSLNIFTY,EQ,,,,,ADITYBIRLA SL NIF ETF-GR,28.84,28.84,27.80,27.93,28.02,28.14,,27.93,,,4403601,122924983.08,8043,F1,1,,,,,
2026-09-07,2026-09-07,CM,NSE,STK,34,INE045A01017,ADOR,EQ,,,,,ADOR WELDING LTD,1674.40,1681.90,1624.10,1644.10,1657.10,1674.40,,1644.11,,,37401,61907873.70,5600,F1,1,,,,,
2026-09-07,2026-09-07,CM,NSE,STK,4953,INE737B01033,ADROITINFO,EQ,,,,,ADROIT INFOTECH LIMITED,10.31,10.73,10.25,10.31,10.38,10.31,,10.31,,,24445,252492.51,161,F1,1,,,,,
2026-09-07,2026-09-07,CM,NSE,STK,760657,INE0ALI01010,ADVAIT,EQ,,,,,ADVAIT ENRGY TRANSITION L,2151.30,2159.40,2070.20,2096.40,2090.90,2151.30,,2096.24,,,49298,103592693.50,6343,F1,1,,,,,
2026-09-07,2026-09-07,CM,NSE,STK,759402,INE1B0W01010,ADVANCE,EQ,,,,,ADVANCE AGROLIFE LIMITED,117.43,119.80,115.90,116.43,116.09,117.43,,116.43,,,95430,11217234.78,1389,F1,1,,,,,
2026-09-07,2026-09-07,CM,NSE,STK,18039,INE837H01020,ADVENZYMES,EQ,,,,,ADVANCED ENZYME TECH LTD,293.20,298.50,292.20,297.85,296.80,293.20,,297.82,,,151606,44913822.80,2629,F1,1,,,,,
2026-09-07,2026-09-07,CM,NSE,STK,14745,INE199C01026,ADVANIHOTR,EQ,,,,,ADVANI HOT.& RES.(I) LTD,49.45,49.98,49.00,49.12,49.19,49.45,,49.12,,,19626,966847.95,430,F1,1,,,,,
2026-09-07,2026-09-07,CM,NSE,STK,759769,INE28GN01010,ADVENTHTL,EQ,,,,,ADVENT HOTELS INTERNATI L,134.50,135.65,132.00,133.19,133.18,134.57,,133.19,,,123600,16479472.08,1664,F1,1,,,,,
2026-09-07,2026-09-07,CM,NSE,STK,765015,INE178T01024,ADVIKCA,EQ,,,,,ADVIK CAPITAL LTD.,1.12,1.13,1.10,1.10,1.11,1.12,,1.10,,,337126,373788.51,299,F1,1,,,,,
2026-09-07,2026-09-07,CM,NSE,STK,762227,INE1SJO01012,RAMBHAJO,EQ,,,,,ADVIT JEWELS LIMITED,270.40,288.30,270.40,276.32,273.44,268.68,,276.26,,,1832168,510627509.72,28263,F1,1,,,,,
2026-09-07,2026-09-07,CM,NSE,STK,40,INE208C01025,AEGISLOG,EQ,,,,,AEGIS LOGISTICS LIMITED,1274.60,1278.70,1238.00,1253.70,1264.00,1270.20,,1253.69,,,378402,476048101.60,26363,F1,1,,,,,
2026-09-07,2026-09-07,CM,NSE,STK,757336,INE0INX01018,AEGISVOPAK,EQ,,,,,AEGIS VOPAK TERMINALS LTD,281.65,287.00,279.55,285.35,285.00,284.50,,285.31,,,615354,174611036.60,14041,F1,1,,,,,
2026-09-07,2026-09-07,CM,NSE,STK,761341,INE423A07500,AEL12126,NI,,,,,AEL 0% 2028 SR II,1050.00,1050.00,1050.00,1050.00,1050.00,1050.00,,1050.00,,,4,4200.00,1,F1,1,,,,,
2026-09-07,2026-09-07,CM,NSE,STK,757876,INE423A07468,AEL170725A,NG,,,,,AEL 0% 2030 SR VIII,1100.00,1110.00,1100.00,1110.00,1110.00,1095.00,,1110.00,,,114,125655.00,9,F1,1,,,,,
2026-09-07,2026-09-07,CM,NSE,STK,761342,INE423A07492,848AEL29,NJ,,,,,AEL 8.48% 2029 SR III,1010.00,1010.00,1010.00,1010.00,1010.00,1010.00,,1010.00,,,15,15150.00,1,F1,1,,,,,
2026-09-07,2026-09-07,CM,NSE,STK,761340,INE423A07484,860AEL28,NH,,,,,AEL 8.60% 2028 SR I,1060.00,1060.00,1060.00,1060.00,1060.00,1060.00,,1047.65,,,39,41340.00,6,F1,1,,,,,
2026-09-07,2026-09-07,CM,NSE,STK,761345,INE423A07518,862AEL31,NM,,,,,AEL 8.62% 2031 SR VI,1015.00,1025.00,1015.00,1025.00,1025.00,1025.00,,1025.00,,,21,21425.00,6,F1,1,,,,,
2026-09-07,2026-09-07,CM,NSE,STK,761343,INE423A07534,875AEL29,NK,,,,,AEL 8.75% 2029 SR IV,1053.00,1053.00,1053.00,1053.00,1053.00,1053.00,,1053.00,,,2,2106.00,1,F1,1,,,,,
2026-09-07,2026-09-07,CM,NSE,STK,757871,INE423A07427,885AEL28,NB,,,,,AEL 8.85% 2028 SR III,1025.00,1025.00,1009.00,1012.71,1009.00,1030.00,,1012.71,,,99,100566.00,4,F1,1,,,,,
2026-09-07,2026-09-07,CM,NSE,STK,761346,INE423A07526,890AEL31,NN,,,,,AEL 8.90% 2031 SR VII,1057.99,1057.99,1054.10,1054.14,1054.10,1056.90,,1054.75,,,112,118259.18,4,F1,1,,,,,
2026-09-07,2026-09-07,CM,NSE,STK,757869,INE423A07450,895AEL27,N9,,,,,AEL 8.95% 2027 SR I,1000.00,1020.00,1000.00,1006.00,1006.00,1010.50,,1006.09,,,851,851870.00,13,F1,1,,,,,
2026-09-07,2026-09-07,CM,NSE,STK,757874,INE423A07443,9AEL30,NE,,,,,AEL 9% 2030 SR VI,1030.00,1030.00,1030.00,1030.00,1030.00,1050.85,,1030.00,,,82,84460.00,1,F1,1,,,,,
2026-09-07,2026-09-07,CM,NSE,STK,757872,INE423A07435,915AEL28,NC,,,,,AEL 9.15% 2028 SR IV,1026.00,1026.00,1026.00,1026.00,1026.00,1019.22,,1026.00,,,1,1026.00,1,F1,1,,,,,
2026-09-07,2026-09-07,CM,NSE,STK,760234,INE947N01017,AEQUS,EQ,,,,,AEQUS LIMITED,242.42,242.72,233.00,233.86,234.25,242.18,,233.86,,,2461232,580209906.56,39549,F1,1,,,,,
2026-09-07,2026-09-07,CM,NSE,STK,12015,INE065D01027,AEROENTER,EQ,,,,,AEROFLEX ENTERPRISES LTD,143.23,156.00,142.55,154.73,155.40,141.81,,154.72,,,3260028,493997659.23,29599,F1,1,,,,,
2026-09-07,2026-09-07,CM,NSE,STK,18268,INE024001021,AEROFLEX,EQ,,,,,AEROFLEX INDUSTRIES LTD,538.05,561.70,536.20,558.15,555.50,537.45,,558.17,,,1428851,793448067.35,34147,F1,1,,,,,
2026-09-07,2026-09-07,CM,NSE,STK,13689,INE035801013,AERONEU,EQ,,,,,AEROFLEX NEU LIMITED,80.57,80.57,77.00,77.28,77.01,80.57,,77.28,,,36220,2856900.13,392,F1,1,,,,,
2026-09-07,2026-09-07,CM,NSE,STK,25065,INE0WL801011,AERON,SM,,,,,AERON COMPOSITE LIMITED,83.00,87.00,83.00,84.95,84.95,83.00,,84.95,,,19000,1604300.00,19,F1,1000,,,,,
2026-09-07,2026-09-07,CM,NSE,STK,24830,INE0TSF01011,AESTHETIK,SM,,,,,AESTHETIK ENGINEERS LTD,69.05,70.00,68.60,70.00,70.00,69.80,,70.00,,,10000,693900.00,6,F1,1000,,,,,
2026-09-07,2026-09-07,CM,NSE,STK,9810,INE0BWX01014,AETHER,EQ,,,,,AETHER INDUSTRIES LIMITED,1621.00,1635.00,1604.80,1619.50,1619.00,1625.60,,1619.47,,,122482,198578995.50,16219,F1,1,,,,,
2026-09-07,2026-09-07,CM,NSE,STK,25977,INE101I01011,AFCONS,EQ,,,,,AFCONS INFRASTRUCTURE LTD,291.55,296.20,290.50,293.20,293.45,292.80,,293.20,,,425086,124601427.45,17733,F1,1,,,,,
2026-09-07,2026-09-07,CM,NSE,STK,11343,INE00WC01027,AFFLE,EQ,,,,,AFFLE 3I LIMITED,1630.00,1654.50,1605.70,1623.20,1625.10,1616.50,,1623.20,,,423635,690679780.80,36018,F1,1,,,,,
2026-09-07,2026-09-07,CM,NSE,STK,25855,INE692Z01013,AFFORDABLE,EQ,,,,,AFFORD ROBO & AUTO LTD,156.10,162.00,155.71,160.03,161.00,157.47,,160.04,,,23084,3680167.81,684,F1,1,,,,,
2026-09-07,2026-09-07,CM,NSE,STK,763044,INE916Y07081,1125AFIL29,N0,,,,,AFIL 11.25% 2029,9813.00,9813.00,9813.00,9813.00,9813.00,9809.00,,9813.00,,,15,147195.00,3,F1,1,,,,,
2026-09-07,2026-09-07,CM,NSE,STK,759446,INE916Y07032,12AFIL27,N0,,,,,AFIL 12% 2027 SR 1,10002.20,10002.20,10002.20,10002.20,10002.20,10002.20,,10002.20,,,1,10002.20,1,F1,1,,,,,
2026-09-07,2026-09-07,CM,NSE,STK,759283,INE916Y07057,12AFIL28,N0,,,,,AFIL 12% 2028,9900.00,9900.00,9851.51,9851.51,9851.51,9900.00,,9851.51,,,6,59206.04,4,F1,1,,,,,
2026-09-07,2026-09-07,CM,NSE,STK,14263,INE0MLA01012,AGARWALFT,SM,,,,,AGARWAL FLOAT GLASS I LTD,28.70,28.70,28.70,28.70,28.70,28.60,,28.70,,,1500,43050.00,1,F1,1500,,,,,
2026-09-07,2026-09-07,CM,NSE,STK,3389,INE204E01012,AGARIND,EQ,,,,,AGARWAL INDS CORP LTD.,450.95,452.10,437.00,440.20,438.00,450.80,,440.18,,,45037,19930313.30,3378,F1,1,,,,,
2026-09-07,2026-09-07,CM,NSE,STK,27309,INE0P8X01016,AGARWALTUF,SM,,,,,AGARWAL TOUGH GLASS IND L,141.95,150.05,141.95,150.00,150.00,140.60,,150.00,,,91200,13402500.00,59,F1,1200,,,,,
2026-09-07,2026-09-07,CM,NSE,STK,1412,INE415A01038,AGI,EQ,,,,,AGI GREENPAC LIMITED,732.50,744.20,730.00,732.65,734.00,735.25,,732.56,,,98108,72235508.50,4446,F1,1,,,,,
2026-09-07,2026-09-07,CM,NSE,STK,24445,INE976R01033,AGIIL,EQ,,,,,AGI INFRA LIMITED,286.40,291.00,275.55,277.15,275.70,283.70,,277.15,,,1078054,306174257.60,8565,F1,1,,,,,
2026-09-07,2026-09-07,CM,NSE,STK,10491,INE0LF301013,AGNI,SM,,,,,AGNI GREEN POWER LTD,14.50,15.05,14.50,15.00,15.00,15.25,,15.00,,,17500,260500.00,7,F1,2500,,,,,
2026-09-07,2026-09-07,CM,NSE,STK,11072,INE449G01018,AGRITECH,EQ,,,,,AGRI-TECH (INDIA) LIMITED,103.45,103.45,99.00,100.07,100.00,101.21,,100.07,,,921,92211.85,46,F1,1,,,,,
2026-09-07,2026-09-07,CM,NSE,STK,9046,INE740V01019,AGROPHOS,EQ,,,,,AGRO PHOS INDIA LIMITED,25.77,26.40,24.00,24.82,24.73,25.77,,24.82,,,35970,896905.11,248,F1,1,,,,,
2026-09-07,2026-09-07,CM,NSE,STK,759202,INE583L01014,AGSTRA,BZ,,,,,AGS TRANSACT TECH LTD,1.99,1.99,1.90,1.94,1.95,1.99,,1.95,,,281354,541288.71,287,F1,1,,,,,
2026-09-07,2026-09-07,CM,NSE,STK,2004,INE00PV01013,AHLADA,EQ,,,,,AHLADA ENGINEERS LIMITED,37.29,37.29,35.74,36.80,37.04,37.29,,36.80,,,20508,747161.74,276,F1,1,,,,,
2026-09-07,2026-09-07,CM,NSE,STK,17833,INE758C01029,AHLUCONT,EQ,,,,,AHLUWALIA CONT IND LTD,602.00,609.60,594.80,597.05,598.90,599.05,,597.06,,,80503,48295920.90,4831,F1,1,,,,,
2026-09-07,2026-09-07,CM,NSE,STK,13086,INE212H01026,AIAENG,EQ,,,,,AIA ENGINEERING LIMITED,4231.20,4249.00,4180.00,4224.00,4239.00,4231.20,,4223.95,,,15736,66335794.00,5347,F1,1,,,,,
2026-09-07,2026-09-07,CM,NSE,STK,23984,INE0RUV01018,AIMTRON,SM,,,,,AIMTRON ELECTRONICS LTD,1582.60,1635.00,1541.05,1622.50,1614.00,1582.60,,1622.50,,,34000,54244250.00,160,F1,200,,,,,
2026-09-07,2026-09-07,CM,NSE,STK,9878,INE805A01014,GOLDTECH,BE,,,,,AION-TECH SOLUTIONS LTD,47.90,48.30,47.50,47.93,48.30,47.04,,47.93,,,16616,793648.23,91,F1,1,,,,,
2026-09-07,2026-09-07,CM,NSE,STK,9897,INE645W01026,AIRAN,EQ,,,,,AIRAN LIMITED,15.44,16.60,15.20,16.44,16.31,15.44,,16.43,,,430162,6927423.71,1727,F1,1,,,,,
2026-09-07,2026-09-07,CM,NSE,STK,6068,INE801L01010,AIROLAM,EQ,,,,,AIRO LAM LIMITED,90.00,90.00,86.04,86.22,86.99,86.46,,86.22,,,1008,87536.13,37,F1,1,,,,,
2026-09-07,2026-09-07,CM,NSE,STK,8124,INE031B01049,AJANTPHARM,EQ,,,,,AJANTA PHARMA LIMITED,3445.00,3539.00,3438.00,3513.60,3516.50,3464.80,,3513.58,,,72590,255031113.20,13836,F1,1,,,,,
2026-09-07,2026-09-07,CM,NSE,STK,29624,INE274Y01021,AJAXENGG,EQ,,,,,AJAX ENGINEERING LIMITED,582.45,607.00,579.15,596.20,595.05,582.45,,596.14,,,123620,73766644.90,9585,F1,1,,,,,
2026-09-07,2026-09-07,CM,NSE,STK,17307,INE298G01035,AJMERA,EQ,,,,,AJMERA REALTY & INF I LTD,117.60,118.60,116.03,117.54,117.47,117.76,,117.52,,,184338,21612305.61,3263,F1,1,,,,,
2026-09-07,2026-09-07,CM,NSE,STK,3403,INE820Y01021,AJOONI,EQ,,,,,AJOONI BIOTECH LIMITED,3.71,3.80,3.47,3.49,3.52,3.71,,3.49,,,1511024,5435448.48,1213,F1,1,,,,,
2026-09-07,2026-09-07,CM,NSE,STK,21121,INE0PCY01014,AKANKSHA,SM,,,,,AKANKSHA POWER N INFRA L,136.70,137.00,135.30,137.00,137.00,136.70,,137.00,,,13000,1777200.00,11,F1,1000,,,,,
2026-09-07,2026-09-07,CM,NSE,STK,13510,INE737W01013,AKASH,EQ,,,,,AKASH INFRA-PROJECTS LTD,26.00,26.00,25.20,25.69,25.69,25.60,,25.69,,,2451,62946.93,29,F1,1,,,,,
2026-09-07,2026-09-07,CM,NSE,STK,2176,INE00Y801016,AKG,EQ,,,,,AKG EXIM LIMITED,9.26,9.63,9.26,9.38,9.38,9.59,,9.38,,,18592,175456.08,86,F1,1,,,,,
2026-09-07,2026-09-07,CM,NSE,STK,14890,INE642Z01026,AKI,EQ,,,,,AKI INDIA LIMITED,7.94,7.94,7.94,7.94,7.94,7.22,,8.00,,,701339,5568631.66,302,F1,1,,,,,
2026-09-07,2026-09-07,CM,NSE,STK,24304,INE0PMR01017,AKIKO,SM,,,,,AKIKO GLOBAL SERVICES L,430.00,430.00,418.00,422.10,422.10,416.15,,422.10,,,27200,11543640.00,23,F1,800,,,,,
2026-09-07,2026-09-07,CM,NSE,STK,24159,INE916Y01027,AFIL,EQ,,,,,AKME FINTRADE (INDIA) LTD,9.25,9.39,9.06,9.14,9.19,9.22,,9.14,,,552669,5090119.37,530,F1,1,,,,,
2026-09-07,2026-09-07,CM,NSE,STK,8595,INE523B01011,AKSHOPTFBR,BE,,,,,AKSH OPTIFIBRE  LTD,7.80,7.80,7.70,7.80,7.80,7.43,,7.82,,,722743,5633949.68,467,F1,1,,,,,
2026-09-07,2026-09-07,CM,NSE,STK,9558,INE256Z01025,AKSHAR,EQ,,,,,AKSHAR SPINTEX LIMITED,0.42,0.44,0.42,0.42,0.43,0.42,,0.42,,,1198508,511640.08,319,F1,1,,,,,
2026-09-07,2026-09-07,CM,NSE,STK,20194,INE542B01011,AKSHARCHEM,BE,,,,,AKSHARCHEM INDIA LIMITED,440.00,467.05,440.00,463.90,467.05,444.85,,464.25,,,54450,25189042.75,705,F1,1,,,,,
2026-09-07,2026-09-07,CM,NSE,STK,24715,INE09XN01023,AKUMS,EQ,,,,,AKUMS DRUGS AND PHARMA L,765.75,772.90,751.50,754.65,754.30,765.75,,754.68,,,120744,91848258.15,8564,F1,1,,,,,
2026-09-07,2026-09-07,CM,NSE,STK,9921,INE914E01040,ALANKIT,EQ,,,,,ALANKIT LIMITED,8.20,8.24,8.05,8.16,8.20,8.14,,8.16,,,120164,984297.24,580,F1,1,,,,,
2026-09-07,2026-09-07,CM,NSE,STK,17256,INE155C01010,ALBERTDAVD,EQ,,,,,ALBERT DAVID LIMITED,866.10,880.00,851.10,863.00,860.50,860.25,,862.77,,,4087,3535362.05,386,F1,1,,,,,
2026-09-07,2026-09-07,CM,NSE,STK,18762,INE448V01019,ALCODIS,SM,,,,,ALCOKRAFT DISTILLERIE LTD,68.50,68.50,68.50,68.50,68.50,68.40,,68.50,,,625,42812.50,1,F1,625,,,,,
2026-09-07,2026-09-07,CM,NSE,STK,79,INE426A01027,ALEMBICLTD,EQ,,,,,ALEMBIC LIMITED,112.30,114.34,107.53,108.05,108.10,111.41,,108.05,,,1721715,190923580.22,17501,F1,1,,,,,
2026-09-07,2026-09-07,CM,NSE,STK,25328,INE901L01018,APLLTD,EQ,,,,,ALEMBIC PHARMA LTD,808.00,828.10,797.40,799.55,802.95,808.20,,799.55,,,171275,138555580.70,12937,F1,1,,,,,
2026-09-07,2026-09-07,CM,NSE,STK,764573,INE782D01027,ALFREDHE,EQ,,,,,ALFRED HERBERT INDIA L,2960.00,3020.00,2800.00,2945.00,2945.00,2898.90,,2891.50,,,126,368177.20,36,F1,1,,,,,
2026-09-07,2026-09-07,CM,NSE,STK,761270,INE598D01035,ALGOQUANT,EQ,,,,,ALGOQUANT FINTECH LIMITED,64.50,66.00,63.50,63.89,64.89,64.50,,63.90,,,1553966,99527489.73,1930,F1,1,,,,,
2026-09-07,2026-09-07,CM,NSE,STK,13656,INE062D01024,ALICON,EQ,,,,,ALICON CASTALLOY LIMITED,684.20,691.50,670.50,681.75,689.15,684.20,,681.45,,,8931,6092076.95,1033,F1,1,,,,,
2026-09-07,2026-09-07,CM,NSE,STK,5265,INE03Q201024,ALIVUS,EQ,,,,,ALIVUS LIFE SCIENCES LTD,1377.20,1419.70,1361.00,1388.90,1383.40,1366.30,,1388.79,,,128673,179282659.60,9391,F1,1,,,,,
2026-09-07,2026-09-07,CM,NSE,STK,16959,INE773I01017,ALKALI,EQ,,,,,ALKALI METALS LTD,69.99,78.66,68.00,78.66,78.66,65.55,,78.66,,,72483,5509419.66,735,F1,1,,,,,
2026-09-07,2026-09-07,CM,NSE,STK,11703,INE540L01014,ALKEM,EQ,,,,,ALKEM LABORATORIES LTD.,5219.00,5242.50,5104.50,5242.50,5242.50,5190.00,,5240.77,,,139659,718246606.50,23460,F1,1,,,,,
2026-09-07,2026-09-07,CM,NSE,STK,4487,INE150B01039,ALKYLAMINE,EQ,,,,,ALKYL AMINES CHEM. LTD,2012.00,2090.30,1950.00,1986.30,2012.00,2020.90,,1986.13,,,126528,257031257.00,15187,F1,1,,,,,
2026-09-07,2026-09-07,CM,NSE,STK,13203,INE0M2X01012,ALLETEC,SM,,,,,ALL E TECHNOLOGIES LTD,139.00,144.70,137.30,143.90,144.45,137.25,,143.90,,,28800,4093920.00,65,F1,400,,,,,
2026-09-07,2026-09-07,CM,NSE,STK,758448,INE0GV601021,ALLTIME,EQ,,,,,ALL TIME PLASTICS LIMITED,206.49,216.25,206.49,214.65,214.00,206.08,,214.65,,,264900,56602545.93,5021,F1,1,,,,,
2026-09-07,2026-09-07,CM,NSE,STK,763784,INE1YPB01014,AGL,EQ,,,,,ALLCARGO GLOBAL LIMITED,13.60,13.71,13.46,13.58,13.60,13.65,,13.58,,,8294166,112846182.53,17038,F1,1,,,,,
2026-09-07,2026-09-07,CM,NSE,STK,13501,INE418H01029,ALLCARGO,EQ,,,,,ALLCARGO LOGISTICS LTD,12.44,12.78,12.25,12.67,12.72,12.44,,12.67,,,15107126,190514399.97,15014,F1,1,,,,,
2026-09-07,2026-09-07,CM,NSE,STK,17778,INE0NN701020,ATL,EQ,,,,,ALLCARGO TERMINALS LTD,25.80,25.80,24.84,25.03,25.39,25.31,,25.03,,,187311,4725284.66,1596,F1,1,,,,,
2026-09-07,2026-09-07,CM,NSE,STK,11798,INE835G01018,ALLDIGI,EQ,,,,,ALLDIGI TECH LIMITED,809.00,817.40,802.55,810.30,809.00,805.85,,810.29,,,8789,7110838.55,784,F1,1,,,,,
2026-09-07,2026-09-07,CM,NSE,STK,24308,INE552Z01027,ABDL,EQ,,,,,ALLIED BLEND N DISTILS L,609.90,610.40,596.85,600.00,600.00,609.95,,600.00,,,428345,257250618.30,15080,F1,1,,,,,
2026-09-07,2026-09-07,CM,NSE,STK,14813,INE102I01027,ADSL,EQ,,,,,ALLIED DIGITAL SERV. LTD,103.08,103.99,100.21,101.46,102.40,104.13,,101.46,,,126207,12819778.34,2492,F1,1,,,,,
2026-09-07,2026-09-07,CM,NSE,STK,16719,INE326B01035,ALMONDZ,EQ,,,,,ALMONDZ GLOBAL SEC LTD,17.97,19.80,17.90,19.20,19.20,17.89,,19.19,,,773910,14870394.30,2321,F1,1,,,,,
2026-09-07,2026-09-07,CM,NSE,STK,17675,INE270A01029,ALOKINDS,EQ,,,,,ALOK INDUSTRIES LIMITED,7.83,7.88,7.46,7.60,7.64,7.83,,7.60,,,27360409,208083471.06,19938,F1,1,,,,,
2026-09-07,2026-09-07,CM,NSE,STK,14848,INE385I01010,ALPA,EQ,,,,,ALPA LABORATORIES LTD,63.99,63.99,61.50,62.17,61.95,62.71,,61.94,,,3393,213463.41,105,F1,1,,,,,
2026-09-07,2026-09-07,CM,NSE,STK,22688,INE0R4701017,ALPEXSOLAR,SM,,,,,ALPEX SOLAR LIMITED,900.00,950.00,900.00,933.90,935.00,889.30,,933.90,,,116600,108137930.00,803,F1,100,,,,,
2026-09-07,2026-09-07,CM,NSE,STK,14601,INE137C01018,ALPHAGEO,BE,,,,,ALPHAGEO (INDIA) LIMITED,325.00,332.00,318.20,324.55,319.00,323.85,,324.40,,,18720,6098265.05,329,F1,1,,,,,
2026-09-07,2026-09-07,CM,NSE,STK,764186,INE1JCQ01037,ALPINETEX,EQ,,,,,ALPINE TEXWORLD LIMITED,57.88,64.90,53.82,63.17,62.60,57.76,,63.15,,,1259777,76232256.50,9125,F1,1,,,,,
2026-09-07,2026-09-07,CM,NSE,STK,764578,INE058F01019,ALUFLUOR,EQ,,,,,ALUFLUORIDE LTD.,500.05,505.50,496.15,499.15,500.00,499.05,,499.00,,,6241,3133221.15,324,F1,1,,,,,
2026-09-07,2026-09-07,CM,NSE,STK,23474,INE0STM01017,ALUWIND,SM,,,,,ALUWIND INFRA-TECH LTD,48.50,48.95,47.00,48.00,48.00,49.20,,48.00,,,9000,430275.00,6,F1,1500,,,,,
2026-09-07,2026-09-07,CM,NSE,STK,760740,INE121R01077,AMAGI,EQ,,,,,AMAGI MEDIA LABS LIMITED,567.95,578.15,551.60,575.15,575.65,563.30,,575.13,,,399014,224400009.70,15655,F1,1,,,,,
2026-09-07,2026-09-07,CM,NSE,STK,764583,INE841D01013,AMAL,EQ,,,,,AMAL LTD.,741.05,764.90,741.05,758.85,758.95,743.20,,757.54,,,4759,3588919.80,349,F1,1,,,,,
2026-09-07,2026-09-07,CM,NSE,STK,758910,INE084K01015,AMANTA,BE,,,,,AMANTA HEALTHCARE LIMITED,197.91,197.91,197.91,197.91,197.91,194.03,,198.65,,,19409,3841235.19,44,F1,1,,,,,
2026-09-07,2026-09-07,CM,NSE,STK,100,INE885A01032,ARE&M,EQ,,,,,AMARA RAJA ENERGY MOB LTD,864.20,864.20,836.50,842.95,843.00,864.20,,842.97,,,694840,586720335.90,38149,F1,1,,,,,
2026-09-07,2026-09-07,CM,NSE,STK,764588,INE484D01012,AMARJOTHI,EQ,,,,,AMARJOTHI SPINNING MILL L,160.94,162.00,155.04,160.00,160.00,160.94,,162.28,,,456,73337.85,23,F1,1,,,,,
2026-09-07,2026-09-07,CM,NSE,STK,763256,INE293601014,AMBAAUTO,SM,,,,,AMBA AUTO SALES AND SER L,109.20,110.90,108.55,108.55,108.55,110.50,,108.55,,,14000,1541450.00,10,F1,1000,,,,,
2026-09-07,2026-09-07,CM,NSE,STK,762546,INE432A01017,AMBALALSA,BE,,,,,AMBALAL SARABHAI ENT L,42.52,44.75,42.52,42.98,42.98,43.73,,42.98,,,23823,1026377.46,196,F1,1,,,,,
2026-09-07,2026-09-07,CM,NSE,STK,1185,INE371P01015,AMBER,EQ,,,,,AMBER ENTERPRISES (I) LTD,7465.00,7473.50,7390.00,7439.00,7439.00,7474.00,,7438.85,,,122437,909271070.50,20533,F1,1,,,,,
2026-09-07,2026-09-07,CM,NSE,STK,11496,INE792B01012,AMBICAAGAR,EQ,,,,,AMBICA AGAR & AROMAINDLTD,27.00,27.78,26.01,26.83,27.00,27.21,,26.83,,,23205,629878.18,182,F1,1,,,,,
2026-09-07,2026-09-07,CM,NSE,STK,15234,INE540G01014,AMBIKCO,EQ,,,,,AMBIKA COTTON MILL LTD.,1631.10,1648.70,1624.80,1642.80,1646.00,1639.10,,1642.90,,,7879,12894071.30,1185,F1,1,,,,,
2026-09-07,2026-09-07,CM,NSE,STK,1270,INE079A01024,AMBUJACEM,EQ,,,,,AMBUJA CEMENTS LTD,403.00,405.35,398.60,398.60,398.60,405.00,,398.62,,,879449,352326595.90,19572,F1,1,,,,,
2026-09-07,2026-09-07,CM,NSE,STK,14398,INE005I01014,AMDIND,EQ,,,,,AMD INDUSTRIES LIMITED,61.88,62.89,58.02,60.30,60.20,60.32,,60.30,,,70502,4323922.54,1279,F1,1,,,,,
2026-09-07,2026-09-07,CM,NSE,STK,10898,INE0KT901015,AMEYA,SM,,,,,AMEYA PRECISION ENG LTD,102.15,112.50,102.15,112.50,112.50,107.15,,112.50,,,5000,533550.00,4,F1,1000,,,,,
2026-09-07,2026-09-07,CM,NSE,STK,11939,INE0MTP01013,AMIABLE,SM,,,,,AMIABLE LOGISTICS (I) LTD,63.90,76.95,63.85,76.95,76.95,77.00,,76.95,,,9600,696800.00,6,F1,1600,,,,,
2026-09-07,2026-09-07,CM,NSE,STK,19867,INE275D01022,AMNPLST,EQ,,,,,AMINES & PLASTICIZERS LTD,172.80,173.84,166.35,168.22,168.15,172.89,,168.43,,,4663,794314.47,213,F1,1,,,,,
2026-09-07,2026-09-07,CM,NSE,STK,761670,INE05TO01019,AEROPLANE,EQ,,,,,AMIR CHAND JAG KUM (E) L,198.39,202.30,195.00,198.03,196.00,194.29,,198.03,,,994634,197361832.33,9893,F1,1,,,,,
2026-09-07,2026-09-07,CM,NSE,STK,2598,INE606A01024,AMJLAND,EQ,,,,,AMJ LAND HOLDINGS LIMITED,39.00,39.43,38.34,39.08,39.00,39.47,,39.13,,,9260,359310.92,155,F1,1,,,,,
2026-09-07,2026-09-07,CM,NSE,STK,17547,INE098F01031,AMRUTANJAN,EQ,,,,,AMRUTAJAN HEALTH LTD,505.40,505.45,495.60,500.30,497.20,505.45,,500.27,,,63397,31637948.05,2647,F1,1,,,,,
2026-09-07,2026-09-07,CM,NSE,STK,759956,INE549H01021,ARSSBL,EQ,,,,,ANAND RATHI SH N STK BR L,515.00,524.70,508.30,516.30,514.10,515.05,,516.31,,,133960,69204452.30,4206,F1,1,,,,,
2026-09-07,2026-09-07,CM,NSE,STK,7145,INE463V01026,ANANDRATHI,EQ,,,,,ANAND RATHI WEALTH LTD,2217.00,2255.00,2210.80,2224.00,2225.00,2215.90,,2224.07,,,270161,603493059.50,24279,F1,1,,,,,
2026-09-07,2026-09-07,CM,NSE,STK,13620,INE242C01024,ANANTRAJ,EQ,,,,,ANANT RAJ LIMITED,622.00,644.80,615.20,638.25,637.35,625.45,,638.37,,,5173652,3287697877.80,69231,F1,1,,,,,
2026-09-07,2026-09-07,CM,NSE,STK,759363,INE1UA823019,ANANTAM,IV,,,,,ANANTAM HIGHWAYS TRUST,106.49,106.99,105.85,106.78,106.13,106.00,,106.78,,,19320,2058437.46,96,F1,1,,,,,
2026-09-07,2026-09-07,CM,NSE,STK,764446,INE1J5V01013,ANAWIL,SM,,,,,ANAWIL WIRE AND ENGIN LTD,378.05,400.00,377.00,396.35,395.95,382.40,,396.35,,,239600,93610560.00,504,F1,400,,,,,
2026-09-07,2026-09-07,CM,NSE,STK,758427,INE0VG001016,AMCL,SM,,,,,ANB METAL CAST LIMITED,361.10,387.00,361.10,387.00,387.00,370.00,,387.00,,,800,299240.00,2,F1,400,,,,,
2026-09-07,2026-09-07,CM,NSE,STK,15420,INE666E01020,ACL,EQ,,,,,ANDHRA CEMENTS LIMITED,43.36,43.99,43.02,43.49,43.96,43.36,,43.49,,,7960,348105.44,277,F1,1,,,,,
2026-09-07,2026-09-07,CM,NSE,STK,166,INE435A01051,ANDHRAPAP,EQ,,,,,ANDHRA PAPER LIMITED,64.10,77.34,61.99,72.20,72.95,64.45,,72.21,,,27336653,1981166468.41,122086,F1,1,,,,,
2026-09-07,2026-09-07,CM,NSE,STK,136,INE715B01021,ANDHRSUGAR,EQ,,,,,ANDHRA SUGARS LTD,100.30,101.89,98.82,99.40,99.40,99.51,,99.38,,,443882,44434088.11,5552,F1,1,,,,,
2026-09-07,2026-09-07,CM,NSE,STK,5206,INE449C01025,ANDREWYU,EQ,,,,,ANDREW YULE & CO. LTD.,27.66,28.30,27.11,27.35,27.11,27.93,,27.36,,,65412,1808706.87,441,F1,1,,,,,
2026-09-07,2026-09-07,CM,NSE,STK,324,INE732I01021,ANGELONE,EQ,,,,,ANGEL ONE LIMITED,300.90,307.00,298.05,303.80,303.80,299.80,,303.80,,,7522794,2291266209.05,49604,F1,1,,,,,
2026-09-07,2026-09-07,CM,NSE,STK,482,INE635Y01015,AISL,SM,,,,,ANI INTEGRATED SERV LTD.,62.00,62.00,57.00,57.00,57.00,59.95,,57.00,,,11400,659130.00,14,F1,600,,,,,
2026-09-07,2026-09-07,CM,NSE,STK,16657,INE087B01017,ANIKINDS,EQ,,,,,ANIK INDUSTRIES LTD,45.00,46.95,43.00,44.77,44.99,45.00,,44.77,,,15794,700871.64,268,F1,1,,,,,
2026-09-07,2026-09-07,CM,NSE,STK,20453,INE071F01012,APCL,EQ,,,,,ANJANI PORTLAND CEM LTD,103.30,103.30,99.03,99.93,99.20,101.42,,99.93,,,7097,710317.19,133,F1,1,,,,,
2026-09-07,2026-09-07,CM,NSE,STK,25878,INE106I01010,ANKITMETAL,BZ,,,,,ANKIT MET & POW LTD,1.73,1.73,1.67,1.67,1.67,1.70,,1.67,,,3534,6013.05,18,F1,1,,,,,
2026-09-07,2026-09-07,CM,NSE,STK,758968,INE0Y8W01025,AHCL,EQ,,,,,ANLON HEALTHCARE LIMITED,15.74,15.85,15.41,15.48,15.50,15.68,,15.48,,,2176718,33899066.73,2930,F1,1,,,,,
2026-09-07,2026-09-07,CM,NSE,STK,13657,INE0LR101013,ANLON,SM,,,,,ANLON TECHNOLOGY SOL LTD,674.00,688.00,674.00,687.00,687.00,670.00,,687.00,,,7600,5174560.00,19,F1,400,,,,,
2026-09-07,2026-09-07,CM,NSE,STK,3727,INE02AR01019,ANMOL,EQ,,,,,ANMOL INDIA LIMITED,10.00,11.49,10.00,10.09,10.23,10.08,,10.10,,,167944,1736661.54,415,F1,1,,,,,
2026-09-07,2026-09-07,CM,NSE,STK,764471,INE0MGM01017,ANNAPURNA,EQ,,,,,ANNAPURNA SWADISHT LTD,143.00,145.00,137.00,143.80,143.90,140.20,,143.80,,,101805,14366908.53,813,F1,1,,,,,
2026-09-07,2026-09-07,CM,NSE,STK,765503,INE103001017,ANNU,BE,,,,,ANNU PROJECTS LIMITED,64.82,64.82,64.82,64.82,64.82,68.23,,65.00,,,124866,8093814.12,1861,F1,1,,,,,
2026-09-07,2026-09-07,CM,NSE,STK,758740,INE0VTV01012,ANONDITA,SM,,,,,ANONDITA MEDICARE LIMITED,1110.00,1182.95,1110.00,1147.90,1150.00,1109.55,,1147.90,,,68800,79129070.00,231,F1,200,,,,,
2026-09-07,2026-09-07,CM,NSE,STK,765020,INE030C01015,ANSALBU,EQ,,,,,ANSAL BUILDWELL LTD.,84.90,84.90,76.34,79.24,78.50,80.68,,79.61,,,1438,117283.41,70,F1,1,,,,,
2026-09-07,2026-09-07,CM,NSE,STK,19677,INE436A01026,ANSALAPI,BZ,,,,,ANSAL PROP & INFRA LTD,3.37,3.37,3.34,3.35,3.37,3.31,,3.36,,,20632,69469.37,53,F1,1,,,,,
2026-09-07,2026-09-07,CM,NSE,STK,5194,INE414B01021,ANTGRAPHIC,EQ,,,,,ANTARCTICA LTD,0.73,0.75,0.71,0.73,0.73,0.73,,0.73,,,207125,150993.07,204,F1,1,,,,,
2026-09-07,2026-09-07,CM,NSE,STK,13598,INE818A01017,ANTELOPUS,EQ,,,,,ANTELOPUS SELAN ENRGY LTD,960.00,1024.00,930.00,985.30,985.00,957.15,,985.35,,,2854173,2803201372.85,85188,F1,1,,,,,
2026-09-07,2026-09-07,CM,NSE,STK,757885,INE0CZ201020,ANTHEM,EQ,,,,,ANTHEM BIOSCIENCES LTD,940.05,958.85,931.10,933.50,931.50,934.05,,933.51,,,667717,631621990.00,49856,F1,1,,,,,
2026-09-07,2026-09-07,CM,NSE,STK,1797,INE01BK01022,AWHCL,EQ,,,,,ANTONY WASTE HDG CELL LTD,368.90,376.00,367.80,370.50,373.95,370.80,,370.52,,,66405,24591654.95,2705,F1,1,,,,,
2026-09-07,2026-09-07,CM,NSE,STK,28314,INE489G01022,ANUHPHR,EQ,,,,,ANUH PHARMA LIMITED,82.70,91.80,82.00,90.29,91.00,81.10,,90.34,,,1069062,94955039.23,10010,F1,1,,,,,
2026-09-07,2026-09-07,CM,NSE,STK,2829,INE930P01018,ANURAS,EQ,,,,,ANUPAM RASAYAN INDIA LTD,1258.80,1266.30,1227.10,1233.60,1239.40,1238.70,,1233.58,,,286021,355773098.80,12398,F1,1,,,,,
2026-09-07,2026-09-07,CM,NSE,STK,758904,INF1J2R01114,AONEGOLD,EQ,,,,,AONEAMC - AONEGOLD,14.22,14.22,14.08,14.19,14.20,14.37,,14.19,,,404500,5728537.96,1909,F1,1,,,,,
2026-09-07,2026-09-07,CM,NSE,STK,30472,INF1J2R01056,AONELIQUID,EQ,,,,,AONEAMC - AONELIQUID,1075.81,1075.81,1075.79,1075.79,1075.79,1075.67,,1075.79,,,7111,7649983.84,126,F1,1,,,,,
2026-09-07,2026-09-07,CM,NSE,STK,757096,INF1J2R01064,AONENIFTY,EQ,,,,,AONEAMC - AONENIFTY,9.98,9.98,9.81,9.83,9.84,9.89,,9.83,,,156717,1543399.17,1587,F1,1,,,,,
2026-09-07,2026-09-07,CM,NSE,STK,760193,INF1J2R01171,AONESILVER,EQ,,,,,AONEAMC - AONESILVER,8.89,8.90,8.73,8.79,8.80,8.89,,8.79,,,389029,3421856.40,1647,F1,1,,,,,
2026-09-07,2026-09-07,CM,NSE,STK,759992,INF1J2R01148,AONETMMQ50,EQ,,,,,AONEAMC - AONETMMQ50,10.35,10.40,10.27,10.31,10.31,10.30,,10.31,,,32677,337183.13,326,F1,1,,,,,
2026-09-07,2026-09-07,CM,NSE,STK,29975,INF1J2R01015,AONETOTAL,EQ,,,,,AONEAMC - AONETOTAL,11.98,11.98,11.84,11.84,11.84,11.93,,11.84,,,196397,2330663.01,1598,F1,1,,,,,
2026-09-07,2026-09-07,CM,NSE,STK,11491,INE372A01015,APARINDS,EQ,,,,,APAR INDUSTRIES LTD.,17501.00,17793.00,17307.00,17728.00,17749.00,17421.00,,17728.18,,,73366,1285232515.00,26201,F1,1,,,,,
2026-09-07,2026-09-07,CM,NSE,STK,154,INE116A01032,APCOTEXIND,EQ,,,,,APCOTEX INDUSTRIES LIMITE,639.90,640.00,625.00,631.60,635.80,635.50,,631.56,,,96163,60823104.40,5239,F1,1,,,,,
2026-09-07,2026-09-07,CM,NSE,STK,27291,INE0T4V01015,APEXECO,ST,,,,,APEX ECOTECH LIMITED,278.20,278.20,266.00,274.90,274.90,278.20,,274.90,,,8000,2175640.00,10,F1,800,,,,,
2026-09-07,2026-09-07,CM,NSE,STK,21623,INE346W01013,APEX,EQ,,,,,APEX FROZEN FOODS LIMITED,374.95,377.05,364.80,368.20,369.25,375.15,,368.23,,,115008,42540779.15,4041,F1,1,,,,,
2026-09-07,2026-09-07,CM,NSE,STK,25780,INE702C01027,APLAPOLLO,EQ,,,,,APL APOLLO TUBES LTD,2250.00,2255.00,2198.80,2215.00,2215.00,2250.00,,2214.95,,,709214,1573056804.20,44665,F1,1,,,,,
2026-09-07,2026-09-07,CM,NSE,STK,757174,INE0TLC07044,930APMD34,N0,,,,,APMDC 9.30% 2034 STRPP H,105570.01,106570.00,105570.00,106570.00,106570.00,106800.00,,106570.00,,,15,1590550.05,3,F1,1,,,,,
2026-09-07,2026-09-07,CM,NSE,STK,157,INE437A01024,APOLLOHOSP,EQ,,,,,APOLLO HOSPITALS ENTER. L,8682.00,8840.50,8650.00,8760.00,8760.00,8650.00,,8760.00,,,303793,2657045278.00,39583,F1,1,,,,,
2026-09-07,2026-09-07,CM,NSE,STK,1134,INE713T01028,APOLLO,EQ,,,,,APOLLO MICRO SYSTEMS LTD,391.00,407.40,390.30,403.95,403.00,388.90,,403.95,,,11691954,4710450303.75,103147,F1,1,,,,,
2026-09-07,2026-09-07,CM,NSE,STK,14361,INE126J01016,APOLLOPIPE,EQ,,,,,APOLLO PIPES LIMITED,609.65,611.30,597.00,601.00,602.75,605.10,,600.99,,,115502,69646772.50,4458,F1,1,,,,,
2026-09-07,2026-09-07,CM,NSE,STK,6302,INE451F01024,APOLSINHOT,EQ,,,,,APOLLO SINDOORI HOTEL LTD,1218.10,1220.00,1200.10,1204.90,1200.10,1218.10,,1204.90,,,979,1183117.00,131,F1,1,,,,,
2026-09-07,2026-09-07,CM,NSE,STK,163,INE438A01022,APOLLOTYRE,EQ,,,,,APOLLO TYRES LTD,428.00,430.00,419.00,420.80,421.00,429.55,,420.79,,,438180,184796498.35,19332,F1,1,,,,,
2026-09-07,2026-09-07,CM,NSE,STK,764593,INE217S01014,APOORVA,EQ,,,,,APOORVA LEAS F & INV C L,25.25,25.25,25.25,25.25,25.25,25.25,,25.25,,,29,732.25,2,F1,1,,,,,
2026-09-07,2026-09-07,CM,NSE,STK,24638,INE0LQG01010,APRAMEYA,SM,,,,,APRAMEYA ENGINEERING LTD,116.00,119.95,112.10,112.65,112.10,116.50,,112.65,,,14000,1608575.00,21,F1,500,,,,,
2026-09-07,2026-09-07,CM,NSE,STK,760366,INE0M2307370,915APSBC28,N0,,,,,APSBC 9.15% 2028 STRPP C,101900.00,101900.00,101900.00,101900.00,101900.00,101599.00,,101900.00,,,2,203800.00,2,F1,1,,,,,
2026-09-07,2026-09-07,CM,NSE,STK,760370,INE0M2307339,915APSBC30,N0,,,,,APSBC 9.15% 2030 STRPP E,103711.00,103711.00,103711.00,103711.00,103711.00,102723.00,,103711.00,,,6,622266.00,2,F1,1,,,,,
2026-09-07,2026-09-07,CM,NSE,STK,760372,INE0M2307388,915APSBC31,N0,,,,,APSBC 9.15% 2031 STRPP F,104500.55,104500.55,104500.00,104500.55,104500.55,103999.00,,104500.55,,,3,313501.10,3,F1,1,,,,,
2026-09-07,2026-09-07,CM,NSE,STK,760376,INE0M2307404,915APSBC33,N0,,,,,APSBC 9.15% 2033 STRPP H,105740.55,105740.55,105740.55,105740.55,105740.55,105575.07,,105740.55,,,4,422962.20,2,F1,1,,,,,
2026-09-07,2026-09-07,CM,NSE,STK,761435,INE1OOJ01011,APSISAERO,ST,,,,,APSIS AEROCOM LIMITED,623.50,623.50,623.00,623.50,623.50,611.30,,623.50,,,32400,20189400.00,21,F1,1200,,,,,
2026-09-07,2026-09-07,CM,NSE,STK,14074,INE266F01018,APTECHT,BE,,,,,APTECH LIMITED,90.98,90.98,89.00,89.47,89.50,89.13,,89.21,,,60244,5405204.99,415,F1,1,,,,,
2026-09-07,2026-09-07,CM,NSE,STK,5435,INE852O01025,APTUS,EQ,,,,,APTUS VALUE HSG FIN I LTD,258.00,258.85,252.35,256.89,255.52,258.85,,256.82,,,1460350,373825875.24,35659,F1,1,,,,,
2026-09-07,2026-09-07,CM,NSE,STK,23365,INE416A01051,AQYLON,EQ,,,,,AQYLON NEXUS LIMITED,22.79,23.58,22.65,23.54,23.58,22.46,,23.54,,,522202,12114331.49,1434,F1,1,,,,,
2026-09-07,2026-09-07,CM,NSE,STK,758670,INE0YDV01010,ARCIIL,SM,,,,,ARC INSULATION & INSU LTD,36.90,36.90,34.10,34.10,34.10,36.95,,34.10,,,7000,246900.00,7,F1,1000,,,,,
2026-09-07,2026-09-07,CM,NSE,STK,12024,INE128X01021,ACI,EQ,,,,,ARCHEAN CHEMICAL IND LTD,504.40,513.60,496.00,509.35,511.90,504.20,,509.37,,,619983,312574670.25,30852,F1,1,,,,,
2026-09-07,2026-09-07,CM,NSE,STK,245,INE0CHO01012,ADL,EQ,,,,,ARCHIDPLY DECOR LIMITED,71.40,74.00,71.40,72.57,72.55,72.00,,74.94,,,646,46738.71,18,F1,1,,,,,
2026-09-07,2026-09-07,CM,NSE,STK,16795,INE877I01016,ARCHIDPLY,EQ,,,,,ARCHIDPLY IND. LTD,104.20,104.90,102.18,103.62,103.12,104.89,,103.62,,,16124,1667707.50,248,F1,1,,,,,
2026-09-07,2026-09-07,CM,NSE,STK,5688,INE731A01020,ARCHIES,EQ,,,,,ARCHIES LTD,13.34,13.34,12.63,12.88,12.95,12.90,,13.11,,,8213,106174.97,136,F1,1,,,,,
2026-09-07,2026-09-07,CM,NSE,STK,764598,INE372M01010,ARCL,EQ,,,,,ARCL ORGANICS LTD.,228.80,236.25,224.05,233.87,230.00,225.00,,233.87,,,1534,359612.76,40,F1,1,,,,,
2026-09-07,2026-09-07,CM,NSE,STK,764480,INE0XNF01022,ARDEE,EQ,,,,,ARDEE INDUSTRIES LIMITED,55.66,57.70,54.66,56.09,56.20,55.66,,56.08,,,4068340,229001820.98,18319,F1,1,,,,,
2026-09-07,2026-09-07,CM,NSE,STK,758700,INE784R01023,ARFIN,EQ,,,,,ARFIN INDIA LIMITED,88.70,98.86,87.72,95.27,95.60,87.24,,95.27,,,4760846,454506935.43,37879,F1,1,,,,,
2026-09-07,2026-09-07,CM,NSE,STK,13092,INE0L2Y01011,ARHAM,SM,,,,,ARHAM TECHNOLOGIES LTD,210.50,213.90,209.00,212.90,212.90,213.95,,212.90,,,77000,16250600.00,29,F1,1000,,,,,
2026-09-07,2026-09-07,CM,NSE,STK,15204,INE298I01015,ARIES,EQ,,,,,ARIES AGRO LTD.,501.50,524.75,484.20,485.95,487.00,500.10,,486.00,,,113668,57545590.60,6392,F1,1,,,,,
2026-09-07,2026-09-07,CM,NSE,STK,13340,INE0NCC01015,ARIHANTACA,SM,,,,,ARIHANT ACADEMY LIMITED,490.00,500.00,490.00,500.00,500.00,498.25,,500.00,,,10400,5186120.00,12,F1,400,,,,,
2026-09-07,2026-09-07,CM,NSE,STK,3813,INE420B01036,ARIHANTCAP,EQ,,,,,ARIHANT CAPITAL MKTS LTD,80.50,80.50,78.22,78.36,78.22,79.69,,78.36,,,162170,12872106.27,1193,F1,1,,,,,
2026-09-07,2026-09-07,CM,NSE,STK,13885,INE413D01011,ARIHANT,EQ,,,,,ARIHANT FOUN & HOU LTD,979.90,985.25,935.80,961.25,983.00,953.15,,958.12,,,1341,1290964.40,376,F1,1,,,,,
2026-09-07,2026-09-07,CM,NSE,STK,20159,INE643K01018,ARIHANTSUP,EQ,,,,,ARIHANT SUPERSTRUCT LTD,229.50,238.00,229.05,233.75,234.95,229.50,,233.79,,,26550,6169039.20,149,F1,1,,,,,
2026-09-07,2026-09-07,CM,NSE,STK,757614,INE0H9P01028,ARIS,EQ,,,,,ARISINFRA SOLUTIONS LTD,129.35,129.50,126.10,126.32,126.39,128.56,,126.31,,,539906,68634456.49,5792,F1,1,,,,,
2026-09-07,2026-09-07,CM,NSE,STK,25398,INE0QRL01017,ARKADE,EQ,,,,,ARKADE DEVELOPERS LIMITED,125.77,125.77,123.85,124.82,124.62,125.22,,124.83,,,121170,15124257.27,1374,F1,1,,,,,
2026-09-07,2026-09-07,CM,NSE,STK,17263,INE109C01017,ARMANFIN,EQ,,,,,ARMAN FIN SERV LTD,2068.00,2068.00,1998.00,2033.80,2036.70,2069.30,,2033.77,,,25672,52165056.70,3278,F1,1,,,,,
2026-09-07,2026-09-07,CM,NSE,STK,760752,INE0TZX01019,ARMOUR,ST,,,,,ARMOUR SECURITY (INDIA) L,17.30,17.30,17.30,17.30,17.30,18.00,,17.30,,,2000,34600.00,1,F1,2000,,,,,
2026-09-07,2026-09-07,CM,NSE,STK,14557,INE210C01013,AROGRANITE,EQ,,,,,ARO GRANITE IND. LTD.,24.95,25.05,23.95,24.29,24.38,24.55,,24.29,,,25353,618844.97,140,F1,1,,,,,
2026-09-07,2026-09-07,CM,NSE,STK,9264,INE570D01018,ARROWGREEN,BE,,,,,ARROW GREENTECH LIMITED,814.10,829.00,785.50,805.10,808.95,814.10,,805.56,,,19575,15731395.55,666,F1,1,,,,,
2026-09-07,2026-09-07,CM,NSE,STK,29015,INE968D01022,ARSHIYA,BZ,,,,,ARSHIYA LIMITED,0.72,0.74,0.70,0.71,0.72,0.73,,0.71,,,277427,201386.59,99,F1,1,,,,,
2026-09-07,2026-09-07,CM,NSE,STK,6156,INE738V01013,ARTNIRMAN,EQ,,,,,ART NIRMAN LIMITED,40.63,40.63,39.11,40.21,40.60,40.63,,40.21,,,1820,71936.54,24,F1,1,,,,,
2026-09-07,2026-09-07,CM,NSE,STK,761330,INE757T01025,AEPL,EQ,,,,,ARTEMIS ELECTRICALS & P L,17.85,18.25,17.26,18.02,17.99,17.50,,18.00,,,99702,1787117.00,388,F1,1,,,,,
2026-09-07,2026-09-07,CM,NSE,STK,16913,INE025R01021,ARTEMISMED,EQ,,,,,ARTEMIS MED SERVICE LTD,337.50,344.60,332.15,343.50,344.50,332.80,,343.51,,,782569,265153771.50,27321,F1,1,,,,,
2026-09-07,2026-09-07,CM,NSE,STK,756896,INE0TTG01017,ARUNAYA,SM,,,,,ARUNAYA ORGANICS LIMITED,15.30,15.35,14.40,14.40,14.40,14.45,,14.40,,,12000,176700.00,6,F1,2000,,,,,
2026-09-07,2026-09-07,CM,NSE,STK,2814,INE006Z01016,ARVEE,EQ,,,,,ARVEE LABORATORIES I LTD,162.20,169.15,162.20,163.93,163.50,165.10,,163.93,,,697,115751.73,46,F1,1,,,,,
2026-09-07,2026-09-07,CM,NSE,STK,9111,INE955V01021,ARVINDFASN,EQ,,,,,ARVIND FASHIONS LIMITED,446.40,447.25,438.00,439.20,440.40,446.50,,438.96,,,81565,36055993.10,7935,F1,1,,,,,
2026-09-07,2026-09-07,CM,NSE,STK,193,INE034A01011,ARVIND,EQ,,,,,ARVIND LIMITED,546.20,567.35,546.15,564.50,562.75,552.95,,564.49,,,478679,269183760.20,18294,F1,1,,,,,
2026-09-07,2026-09-07,CM,NSE,STK,19579,INE0P4T01013,ARVINDPORT,SM,,,,,ARVIND PORT AND INFRA LTD,31.05,32.85,31.05,32.85,32.85,32.00,,32.85,,,7500,235575.00,4,F1,1500,,,,,
2026-09-07,2026-09-07,CM,NSE,STK,10457,INE034S01021,ARVSMART,EQ,,,,,ARVIND SMARTSPACES LTD,643.70,652.00,640.00,646.80,649.50,642.50,,646.67,,,27106,17525041.05,2314,F1,1,,,,,
2026-09-07,2026-09-07,CM,NSE,STK,764603,INE032E01017,ARYAMAN,EQ,,,,,ARYAMAN FINANCIAL SERV L,620.20,630.00,610.20,630.00,630.00,620.20,,635.00,,,34,21045.80,7,F1,1,,,,,
2026-09-07,2026-09-07,CM,NSE,STK,5378,INE439A01020,ASAHIINDIA,EQ,,,,,ASAHI INDIA GLASS LIMITED,960.00,960.40,949.00,954.65,959.00,955.90,,954.67,,,106030,101058066.10,5871,F1,1,,,,,
2026-09-07,2026-09-07,CM,NSE,STK,25092,INE228I01012,ASAHISONG,BE,,,,,ASAHI SONGWON COLOR LTD,373.20,391.25,373.20,391.15,391.25,372.65,,391.14,,,43329,16900112.80,513,F1,1,,,,,
2026-09-07,2026-09-07,CM,NSE,STK,24711,INE0LAA01017,ASHALOG,SM,,,,,ASHAPURA LOGISTICS LTD,62.00,62.00,62.00,62.00,62.00,62.50,,62.00,,,2000,124000.00,2,F1,1000,,,,,
2026-09-07,2026-09-07,CM,NSE,STK,203,INE348A01023,ASHAPURMIN,EQ,,,,,ASHAPURA MINECHEM LTD,551.00,554.50,536.60,538.15,537.55,551.00,,538.16,,,296446,161039540.90,16764,F1,1,,,,,
2026-09-07,2026-09-07,CM,NSE,STK,24403,INE365D01021,ASHIANA,EQ,,,,,ASHIANA HOUSING LTD,360.60,361.55,346.85,349.75,349.50,359.55,,349.76,,,71117,25105774.35,2678,F1,1,,,,,
2026-09-07,2026-09-07,CM,NSE,STK,762551,INE094B01013,ASHIKAG,BE,,,,,ASHIKA GLOBAL SEC LTD,426.85,436.85,418.00,420.10,419.00,426.85,,420.04,,,54529,22938693.35,244,F1,1,,,,,
2026-09-07,2026-09-07,CM,NSE,STK,206,INE440A01010,ASHIMASYN,EQ,,,,,ASHIMA LTD,17.90,17.90,17.65,17.75,17.75,17.89,,17.75,,,35393,627770.79,153,F1,1,,,,,
2026-09-07,2026-09-07,CM,NSE,STK,212,INE208A01029,ASHOKLEY,EQ,,,,,ASHOK LEYLAND LTD,170.00,172.13,168.40,170.00,170.00,169.00,,170.00,,,10426646,1772213458.61,70369,F1,1,,,,,
2026-09-07,2026-09-07,CM,NSE,STK,20182,INE442H01029,ASHOKA,EQ,,,,,ASHOKA BUILDCON LTD,115.60,117.29,114.52,115.50,115.46,115.55,,115.49,,,581090,67245586.39,5582,F1,1,,,,,
2026-09-07,2026-09-07,CM,NSE,STK,16943,INE760Y01011,ASHOKAMET,EQ,,,,,ASHOKA METCAST LIMITED,13.58,15.24,13.57,14.30,14.20,13.58,,14.31,,,152039,2208332.07,581,F1,1,,,,,
2026-09-07,2026-09-07,CM,NSE,STK,765576,INE19FR01012,ASHUTOSH,ST,,,,,ASHUTOSH FIBRE LIMITED,140.00,147.00,137.00,147.00,147.00,92.00,,147.00,,,3186000,449889960.00,1638,F1,1200,,,,,
2026-09-07,2026-09-07,CM,NSE,STK,760418,INE1A6Q01010,ASHWINI,SM,,,,,ASHWINI CONTAINER MOVER L,180.00,180.00,178.00,178.00,178.00,180.00,,178.00,,,2000,358000.00,2,F1,1000,,,,,
2026-09-07,2026-09-07,CM,NSE,STK,7030,INE276G01015,ASIANENE,EQ,,,,,ASIAN ENERGY SERVICES LTD,521.60,521.60,498.05,511.80,515.00,517.45,,511.80,,,356718,181640098.10,11849,F1,1,,,,,
2026-09-07,2026-09-07,CM,NSE,STK,14889,INE022I01019,ASIANTILES,EQ,,,,,ASIAN GRANITO IND. LTD.,50.40,51.22,49.32,49.85,50.30,50.26,,49.84,,,2616485,131282870.44,7799,F1,1,,,,,
2026-09-07,2026-09-07,CM,NSE,STK,19438,INE926K01017,AHLEAST,EQ,,,,,ASIAN HOTELS (EAST) LTD,139.90,139.90,135.22,135.82,137.00,136.51,,135.82,,,1897,258470.71,60,F1,1,,,,,
2026-09-07,2026-09-07,CM,NSE,STK,18422,INE363A01022,ASIANHOTNR,EQ,,,,,ASIAN HOTELS (NORTH) LTD,388.00,388.90,379.85,382.65,380.00,384.75,,382.64,,,22793,8717322.40,914,F1,1,,,,,
2026-09-07,2026-09-07,CM,NSE,STK,19370,INE915K01010,AHLWEST,BE,,,,,ASIAN HOTELS (WEST) LTD,530.00,530.00,530.00,530.00,530.00,530.85,,543.83,,,10,5300.00,2,F1,1,,,,,
2026-09-07,2026-09-07,CM,NSE,STK,236,INE021A01026,ASIANPAINT,EQ,,,,,ASIAN PAINTS LIMITED,2511.10,2523.50,2489.70,2500.90,2500.90,2527.30,,2500.86,,,240336,601439291.30,29019,F1,1,,,,,
2026-09-07,2026-09-07,CM,NSE,STK,762553,INE194D01017,ASTAR,EQ,,,,,ASIAN STAR CO. LTD.,590.00,597.90,586.00,597.90,597.90,585.00,,597.90,,,11,6481.80,7,F1,1,,,,,
2026-09-07,2026-09-07,CM,NSE,STK,765025,INE822B01017,ASIANTNE,EQ,,,,,ASIAN TEA & EXPORTS LTD.,10.00,10.00,9.20,9.50,9.33,9.74,,9.47,,,12163,115437.86,88,F1,1,,,,,
2026-09-07,2026-09-07,CM,NSE,STK,20152,INE491J01022,ASKAUTOLTD,EQ,,,,,ASK AUTOMOTIVE LIMITED,619.95,621.95,604.05,611.50,608.00,618.85,,611.39,,,121536,74252696.35,7776,F1,1,,,,,
2026-09-07,2026-09-07,CM,NSE,STK,17270,INE991I01015,ASPINWALL,EQ,,,,,ASPINWALL & CO LTD,260.50,264.00,254.20,260.65,264.00,259.25,,260.65,,,2192,568817.80,78,F1,1,,,,,
2026-09-07,2026-09-07,CM,NSE,STK,23396,INE0S7801010,ASPIRE,SM,,,,,ASPIRE & INNOVATIVE ADV L,13.60,13.60,13.60,13.60,13.60,13.25,,13.60,,,2000,27200.00,1,F1,2000,,,,,
2026-09-07,2026-09-07,CM,NSE,STK,765237,INE165G01010,ASSAMENT,EQ,,,,,ASSAM ENTRADE LIMITED,833.80,833.80,790.00,790.00,790.00,830.00,,790.00,,,6,4783.80,2,F1,1,,,,,
2026-09-07,2026-09-07,CM,NSE,STK,17598,INE073G01016,ASALCBR,EQ,,,,,ASSO ALCOHOLS & BREW LTD,705.85,712.00,701.40,707.80,706.20,706.35,,707.83,,,16434,11635874.40,1315,F1,1,,,,,
2026-09-07,2026-09-07,CM,NSE,STK,17728,INE563J01010,ASTEC,EQ,,,,,ASTEC LIFESCIENCES LTD,555.00,559.30,540.00,552.35,553.00,554.45,,552.35,,,41084,22483799.85,2331,F1,1,,,,,
2026-09-07,2026-09-07,CM,NSE,STK,1508,INE914M01019,ASTERDM,EQ,,,,,ASTER DM QUALITY CARE LTD,786.00,798.80,781.75,795.65,795.90,785.75,,795.63,,,881643,697325167.90,44980,F1,1,,,,,
2026-09-07,2026-09-07,CM,NSE,STK,11618,INE386C01029,ASTRAMICRO,EQ,,,,,ASTRA MICROWAVE LTD,1740.00,1771.60,1705.00,1711.60,1725.00,1729.00,,1711.51,,,471255,817540598.80,32538,F1,1,,,,,
2026-09-07,2026-09-07,CM,NSE,STK,14418,INE006I01046,ASTRAL,EQ,,,,,ASTRAL LIMITED,1482.70,1501.50,1482.20,1498.20,1498.20,1492.90,,1498.17,,,742651,1109588063.10,28864,F1,1,,,,,
2026-09-07,2026-09-07,CM,NSE,STK,5610,INE203A01020,ASTRAZEN,EQ,,,,,ASTRAZENECA PHARMA IND LT,6945.00,6994.00,6830.00,6851.00,6879.50,6944.00,,6851.14,,,5460,37728480.00,1670,F1,1,,,,,
2026-09-07,2026-09-07,CM,NSE,STK,764445,INE646X01014,ASTRON,BZ,,,,,ASTRON PAPER BORD MIL LTD,3.00,3.05,2.94,3.00,3.00,3.06,,3.00,,,22636,67921.48,63,F1,1,,,,,
2026-09-07,2026-09-07,CM,NSE,STK,15649,INE0ALR01029,ATALREAL,EQ,,,,,ATAL REALTECH LIMITED,26.60,26.90,26.49,26.50,26.51,26.22,,26.50,,,28399351,753515661.26,5540,F1,1,,,,,
2026-09-07,2026-09-07,CM,NSE,STK,15404,INE09KD01013,ATAM,EQ,,,,,ATAM VALVES LIMITED,53.00,55.67,53.00,54.27,54.25,52.99,,54.18,,,17563,949563.31,293,F1,1,,,,,
2026-09-07,2026-09-07,CM,NSE,STK,756405,INE0V0Q01019,ATCENERGY,ST,,,,,ATC ENERGIES SYSTEM LTD,22.40,22.55,22.20,22.20,22.20,22.50,,22.20,,,10800,242220.00,7,F1,1200,,,,,
2026-09-07,2026-09-07,CM,NSE,STK,757645,INE0LEZ01016,ATHERENERG,EQ,,,,,ATHER ENERGY LIMITED,1575.00,1618.00,1561.10,1599.30,1599.30,1584.00,,1599.23,,,3789386,6046204897.10,103405,F1,1,,,,,
2026-09-07,2026-09-07,CM,NSE,STK,760953,IN90NN701011,ATLPP,E1,,,,,ATL RE.0.50 PPD UP,9.22,9.89,8.76,9.82,9.82,9.00,,9.82,,,8424,77371.44,32,F1,1,,,,,
2026-09-07,2026-09-07,CM,NSE,STK,759007,INE0Z4F01028,ATLANTAELE,EQ,,,,,ATLANTA ELECTRICALS LTD,1898.10,1958.00,1890.30,1938.10,1942.10,1881.70,,1938.11,,,141076,272607338.10,14726,F1,1,,,,,
2026-09-07,2026-09-07,CM,NSE,STK,13585,INE285H01022,ATLANTAA,EQ,,,,,ATLANTAA LIMITED,39.42,39.96,37.12,37.66,38.30,39.15,,37.67,,,73904,2815046.41,666,F1,1,,,,,
2026-09-07,2026-09-07,CM,NSE,STK,4568,INE446A01025,ATLASCYCLE,EQ,,,,,ATLAS CYCLE (HARYANA) LTD,96.18,96.31,93.55,94.49,95.10,96.18,,94.67,,,2973,281196.93,106,F1,1,,,,,
2026-09-07,2026-09-07,CM,NSE,STK,22785,INE05DH01017,ATMASTCO,SM,,,,,ATMASTCO LIMITED,140.00,140.00,137.00,137.50,137.00,139.50,,137.50,,,6400,888280.00,14,F1,400,,,,,
2026-09-07,2026-09-07,CM,NSE,STK,30023,INE951D01028,ATULAUTO,EQ,,,,,ATUL AUTO LIMITED,462.00,465.45,458.10,459.10,460.00,465.15,,459.01,,,58661,27067693.50,2519,F1,1,,,,,
2026-09-07,2026-09-07,CM,NSE,STK,263,INE100A01010,ATUL,EQ,,,,,ATUL LTD,6351.50,6400.00,6302.50,6312.50,6302.50,6386.00,,6312.46,,,21154,134100187.00,5975,F1,1,,,,,
2026-09-07,2026-09-07,CM,NSE,STK,21238,INE949L01017,AUBANK,EQ,,,,,AU SMALL FINANCE BANK LTD,1065.00,1066.80,1046.90,1053.00,1053.00,1065.00,,1053.00,,,939647,992808380.30,48927,F1,1,,,,,
2026-09-07,2026-09-07,CM,NSE,STK,765451,INE16W401027,AUGMONT,EQ,,,,,AUGMONT ENTERPRISES LTD,908.80,931.40,878.10,891.60,887.80,901.50,,891.71,,,1669696,1504368066.00,55276,F1,1,,,,,
2026-09-07,2026-09-07,CM,NSE,STK,12022,INE132H01018,AURIONPRO,EQ,,,,,AURIONPRO SOLN LTD,682.40,694.00,665.15,668.70,670.00,689.70,,668.66,,,203606,137296596.95,11656,F1,1,,,,,
2026-09-07,2026-09-07,CM,NSE,STK,15869,INE0NUL01018,AUROIMPEX,SM,,,,,AURO IMPEX & CHEMICALS L,28.00,28.00,28.00,28.00,28.00,27.50,,28.00,,,1600,44800.00,1,F1,1600,,,,,
2026-09-07,2026-09-07,CM,NSE,STK,275,INE406A01037,AUROPHARMA,EQ,,,,,AUROBINDO PHARMA LTD,1646.00,1668.00,1646.00,1660.00,1660.00,1653.10,,1659.97,,,536717,889430930.70,34127,F1,1,,,,,
2026-09-07,2026-09-07,CM,NSE,STK,10310,INE898S01029,AURUM,EQ,,,,,AURUM PROPTECH LIMITED,224.00,228.00,223.00,225.14,228.00,225.16,,225.13,,,45681,10255004.08,1058,F1,1,,,,,
2026-09-07,2026-09-07,CM,NSE,STK,31468,INE142K01011,AURUS,EQ,,,,,AURUS GEM CORP LIMITED,4.99,4.99,4.65,4.94,4.77,4.84,,4.94,,,64024,314422.26,259,F1,1,,,,,
2026-09-07,2026-09-07,CM,NSE,STK,4037,INE218C01016,AUSOMENT,EQ,,,,,AUSOM ENTERPRISE LIMITED,162.80,163.45,155.15,156.21,156.69,161.79,,156.40,,,7654,1215760.78,124,F1,1,,,,,
2026-09-07,2026-09-07,CM,NSE,STK,764608,INE759F01012,AUSTENG,EQ,,,,,AUSTIN ENGINEERING CO. L,125.95,131.00,125.00,125.00,125.00,124.70,,126.95,,,5309,675934.90,69,F1,1,,,,,
2026-09-07,2026-09-07,CM,NSE,STK,21451,INE0P0001010,APS,SM,,,,,AUSTRALIAN PREM SOLAR I L,241.00,250.00,241.00,242.50,242.50,244.75,,242.50,,,9000,2212487.50,35,F1,250,,,,,
2026-09-07,2026-09-07,CM,NSE,STK,23553,INE206F01022,AIIL,EQ,,,,,AUTHUM INVEST & INFRA LTD,517.75,519.50,509.00,514.95,518.90,519.90,,514.94,,,136349,70022185.75,9751,F1,1,,,,,
2026-09-07,2026-09-07,CM,NSE,STK,14106,INE718H01014,AUTOIND,EQ,,,,,AUTOLINE INDUSTRIES LTD,86.89,86.89,83.00,84.73,84.40,86.45,,84.73,,,302191,25566613.53,3654,F1,1,,,,,
2026-09-07,2026-09-07,CM,NSE,STK,764558,INE451C01013,ACGL,EQ,,,,,AUTOMOBILE CORPN OF GOA L,1799.00,1839.00,1780.00,1799.40,1800.00,1797.60,,1799.95,,,1000,1817594.10,151,F1,1,,,,,
2026-09-07,2026-09-07,CM,NSE,STK,278,INE449A01011,AUTOAXLES,EQ,,,,,AUTOMOTIVE AXLES LIMITED,1690.00,1707.70,1651.10,1666.60,1665.30,1688.70,,1666.73,,,7960,13303653.60,1076,F1,1,,,,,
2026-09-07,2026-09-07,CM,NSE,STK,10634,INE900C01027,ASAL,EQ,,,,,AUTOMOTIVE STAMPINGS & AS,473.00,479.70,459.00,470.10,470.60,473.75,,470.11,,,18318,8611527.40,829,F1,1,,,,,
2026-09-07,2026-09-07,CM,NSE,STK,21406,INE349W01017,AVADHSUGAR,EQ,,,,,AVADH SUG & ENERGY LTD,811.00,858.00,811.00,839.70,842.00,809.50,,839.74,,,187551,157184887.60,7225,F1,1,,,,,
2026-09-07,2026-09-07,CM,NSE,STK,15058,INE0LCL01028,AVALON,EQ,,,,,AVALON TECHNOLOGIES LTD,2262.00,2424.00,2250.10,2352.50,2345.10,2196.60,,2352.60,,,1652753,3883254909.60,108267,F1,1,,,,,
2026-09-07,2026-09-07,CM,NSE,STK,760736,INE1KU201016,AVANA,ST,,,,,AVANA ELECTROSYSTEMS LTD,149.00,156.10,147.15,156.10,156.10,154.75,,156.10,,,28000,4198600.00,13,F1,2000,,,,,
2026-09-07,2026-09-07,CM,NSE,STK,765030,INE758A01072,AVANCE,EQ,,,,,AVANCE TECHNOLOGIES LTD.,0.82,0.85,0.82,0.83,0.84,0.82,,0.84,,,3867349,3244016.17,1388,F1,1,,,,,
2026-09-07,2026-09-07,CM,NSE,STK,24610,INE005B01027,AVANTEL,EQ,,,,,AVANTEL LIMITED,154.98,157.70,153.65,156.74,156.97,154.96,,156.74,,,676368,105805055.94,7027,F1,1,,,,,
2026-09-07,2026-09-07,CM,NSE,STK,7936,INE871C01038,AVANTIFEED,EQ,,,,,AVANTI FEEDS LIMITED,798.60,804.25,782.25,786.55,786.40,798.60,,786.58,,,183898,145860925.10,13341,F1,1,,,,,
2026-09-07,2026-09-07,CM,NSE,STK,19913,INE192R01011,DMART,EQ,,,,,AVENUE SUPERMARTS LIMITED,3757.00,3768.90,3682.30,3710.00,3710.00,3770.00,,3709.56,,,303872,1126312186.60,30736,F1,1,,,,,
2026-09-07,2026-09-07,CM,NSE,STK,16249,INE483S01020,CCAVENUE,EQ,,,,,AVENUESAI LIMITED,15.76,16.27,15.42,15.94,15.96,15.70,,15.94,,,16874449,268119907.52,19230,F1,1,,,,,
2026-09-07,2026-09-07,CM,NSE,STK,15638,INE680Z01018,AVG,BE,,,,,AVG LOGISTICS LIMITED,165.10,167.04,162.36,165.04,165.03,166.04,,165.04,,,13412,2217001.94,112,F1,1,,,,,
2026-09-07,2026-09-07,CM,NSE,STK,25520,INE0TFB01017,AVIANSH,SM,,,,,AVI ANSH TEXTILE LIMITED,103.00,103.50,103.00,103.50,103.50,102.50,,103.50,,,2000,206500.00,2,F1,1000,,,,,
2026-09-07,2026-09-07,CM,NSE,STK,755092,INE0V9I01017,AVIENCE,SM,,,,,AVIENCE BIOMEDICALS LTD,282.00,284.40,272.00,274.00,272.00,275.00,,274.00,,,16200,4530900.00,25,F1,600,,,,,
2026-09-07,2026-09-07,CM,NSE,STK,14069,INE855F01042,ASMS,BE,,,,,AVIO SMART MRKT STACK LTD,7.03,7.15,6.92,7.01,7.10,7.07,,7.01,,,234125,1636515.34,392,F1,1,,,,,
2026-09-07,2026-09-07,CM,NSE,STK,13557,INE323B01024,AVONMORE,EQ,,,,,AVONMORE CAP&MGT SERV LTD,13.07,14.22,13.07,14.10,14.10,13.02,,14.10,,,647927,8937455.58,1342,F1,1,,,,,
2026-09-07,2026-09-07,CM,NSE,STK,23159,INE0R9401019,AVPINFRA,SM,,,,,AVP INFRACON LIMITED,58.50,59.90,57.10,58.75,59.90,58.25,,58.75,,,51200,2977640.00,50,F1,800,,,,,
2026-09-07,2026-09-07,CM,NSE,STK,8827,INE652Z01025,AVROIND,EQ,,,,,AVRO INDIA LIMITED,8.84,8.85,8.30,8.50,8.57,8.72,,8.50,,,339333,2886243.46,1166,F1,1,,,,,
2026-09-07,2026-09-07,CM,NSE,STK,14008,INE488D01021,AVTNPL,EQ,,,,,AVT NATURAL PRODUCTS LTD,91.50,91.89,89.61,90.10,90.20,91.02,,90.12,,,126113,11422162.30,1899,F1,1,,,,,
2026-09-07,2026-09-07,CM,NSE,STK,23864,INE108V01019,AWFIS,EQ,,,,,AWFIS SPACE SOLUTIONS LTD,262.00,264.00,254.15,255.20,255.00,260.80,,255.20,,,304253,78158541.05,10200,F1,1,,,,,
2026-09-07,2026-09-07,CM,NSE,STK,8110,INE699H01024,AWL,EQ,,,,,AWL AGRI BUSINESS LIMITED,187.29,189.09,185.21,188.27,188.06,187.29,,188.27,,,1402294,262641459.71,21949,F1,1,,,,,
2026-09-07,2026-09-07,CM,NSE,STK,5900,INE238A01034,AXISBANK,EQ,,,,,AXIS BANK LIMITED,1271.00,1271.90,1261.60,1266.00,1266.00,1273.00,,1266.01,,,1592707,2016251146.60,63527,F1,1,,,,,
2026-09-07,2026-09-07,CM,NSE,STK,765499,INF846KA1598,ENERGYAXIS,EQ,,,,,AXISAMC - ENERGYAXIS,19.34,19.34,18.98,19.03,19.14,19.15,,19.03,,,7646,146165.99,86,F1,1,,,,,
2026-09-07,2026-09-07,CM,NSE,STK,1044,INF846K01X63,BNKETFAXIS,EQ,,,,,AXISAMC-BNKETFAXIS,591.03,591.59,587.81,588.11,587.81,592.50,,588.11,,,501141,294799446.32,708,F1,1,,,,,
2026-09-07,2026-09-07,CM,NSE,STK,5732,INF846K016C7,CONSUMAXIS,EQ,,,,,AXISAMC-CONSUMAXIS,119.57,121.72,118.76,119.07,119.07,119.02,,119.07,,,741,88631.20,40,F1,1,,,,,
2026-09-07,2026-09-07,CM,NSE,STK,20532,INF846K01W80,GOLDAXIS,EQ,,,,,AXISAMC-GOLDAXIS,125.55,126.60,125.41,126.22,126.25,128.11,,126.22,,,4383759,551379625.27,6504,F1,1,,,,,
2026-09-07,2026-09-07,CM,NSE,STK,3608,INF846K01Z12,HEALTHAXIS,EQ,,,,,AXISAMC-HEALTHAXIS,171.21,171.50,166.70,168.11,167.59,167.04,,165.90,,,3053,511458.17,110,F1,1,,,,,
2026-09-07,2026-09-07,CM,NSE,STK,3010,INF846K01Y96,ITAXIS,EQ,,,,,AXISAMC-ITAXIS,335.64,338.00,328.60,330.42,331.40,339.03,,330.44,,,8697,2877663.01,122,F1,1,,,,,
2026-09-07,2026-09-07,CM,NSE,STK,21252,INF846K01W98,NIFTYAXIS,EQ,,,,,AXISAMC-NIFTYAXIS,263.55,265.61,263.01,263.61,263.94,265.62,,263.61,,,53790,14183249.98,288,F1,1,,,,,
2026-09-07,2026-09-07,CM,NSE,STK,14742,INF846K010Q0,SENSEXAXIS,EQ,,,,,AXISAMC-SENSEXAXIS,80.67,81.00,78.80,78.99,80.80,79.81,,78.99,,,2416,191479.99,86,F1,1,,,,,
2026-09-07,2026-09-07,CM,NSE,STK,11193,INF846K011K1,SILVERAXIS,EQ,,,,,AXISAMC-SILVERAXIS,230.00,230.00,227.52,228.63,228.50,231.46,,228.63,,,303886,69391024.20,2694,F1,1,,,,,
2026-09-07,2026-09-07,CM,NSE,STK,30155,INF846KA1119,VALUEAXIS,EQ,,,,,AXISAMC-VALUEAXIS,33.70,33.70,32.56,32.80,32.92,32.88,,32.80,,,91408,2987362.52,457,F1,1,,,,,
2026-09-07,2026-09-07,CM,NSE,STK,9436,INE555B01013,AXISCADES,EQ,,,,,AXISCADES TECH LTD,1711.60,1785.00,1711.60,1778.00,1777.00,1711.60,,1778.05,,,192175,338466727.60,13928,F1,1,,,,,
2026-09-07,2026-09-07,CM,NSE,STK,9902,INE02EZ01022,AXITA,EQ,,,,,AXITA COTTON LIMITED,8.05,8.09,8.00,8.00,8.01,8.01,,8.00,,,574580,4603777.41,679,F1,1,,,,,
2026-09-07,2026-09-07,CM,NSE,STK,764613,INE767C01012,AXTEL,EQ,,,,,AXTEL INDUSTRIES LTD.,390.15,397.95,390.15,391.65,392.00,394.50,,391.25,,,1357,533427.50,106,F1,1,,,,,
2026-09-07,2026-09-07,CM,NSE,STK,760981,INE501X01029,AYE,EQ,,,,,AYE FINANCE LIMITED,185.00,192.00,182.96,184.06,184.50,184.81,,184.06,,,1370435,257790884.99,25758,F1,1,,,,,
2026-09-07,2026-09-07,CM,NSE,STK,10285,INE193B01039,AYMSYNTEX,EQ,,,,,AYM SYNTEX LIMITED,314.70,321.90,310.05,315.20,316.00,310.70,,315.18,,,78696,24789995.75,1665,F1,1,,,,,
2026-09-07,2026-09-07,CM,NSE,STK,20905,INE02IJ01035,AZAD,EQ,,,,,AZAD ENGINEERING LIMITED,2777.30,2898.00,2773.30,2868.00,2875.00,2777.30,,2868.07,,,493178,1407725648.20,34961,F1,1,,,,,
2026-09-07,2026-09-07,CM,NSE,STK,765035,INE566M01017,AZADIND,EQ,,,,,AZAD INDIA MOBILITY LTD.,91.98,91.98,89.00,89.88,89.01,89.59,,89.86,,,66631,5983841.00,735,F1,1,,,,,
2026-09-07,2026-09-07,CM,NSE,STK,762616,INE489D01011,BNALTD,BE,,,,,B & A LTD.,360.00,377.00,360.00,376.00,376.00,360.00,,373.45,,,90,33058.00,10,F1,1,,,,,
2026-09-07,2026-09-07,CM,NSE,STK,12153,INE01EE01011,BBTCL,EQ,,,,,B&B TRIPLEWALL CONT LTD,232.52,235.25,230.30,231.60,231.56,230.22,,231.60,,,3577,832053.24,90,F1,1,,,,,
2026-09-07,2026-09-07,CM,NSE,STK,11226,INE116D01028,BAGFILMS,EQ,,,,,B.A.G FILMS AND MEDIA LTD,4.62,5.06,4.51,4.81,4.81,4.51,,4.81,,,596328,2887549.47,849,F1,1,,,,,
2026-09-07,2026-09-07,CM,NSE,STK,759420,INE17CQ01015,BAGDIGITAL,SM,,,,,B.A.G.CONVERGENCE LIMITED,105.00,105.00,105.00,105.00,105.00,105.00,,105.00,,,1600,168000.00,1,F1,1600,,,,,
2026-09-07,2026-09-07,CM,NSE,STK,13290,INE350H01032,BLKASHYAP,EQ,,,,,B.L.KASHYAP & SON LTD,59.69,59.74,55.90,56.85,57.25,59.34,,56.84,,,615051,35049547.30,4784,F1,1,,,,,
2026-09-07,2026-09-07,CM,NSE,STK,25114,INE01FR01028,STYLEBAAZA,EQ,,,,,BAAZAR STYLE RETAIL LTD,401.00,409.70,397.40,399.50,400.00,400.25,,399.50,,,1380118,554643834.55,7267,F1,1,,,,,
2026-09-07,2026-09-07,CM,NSE,STK,20141,INE0QW501012,BABAFP,SM,,,,,BABA FOOD PROCESSING,23.00,23.85,23.00,23.75,23.75,23.85,,23.75,,,6400,150560.00,4,F1,1600,,,,,
2026-09-07,2026-09-07,CM,NSE,STK,17735,INE878I01022,BAFNAPH,BE,,,,,BAFNA PHARMACEUTICALS LTD,301.75,301.75,301.00,301.75,301.75,295.85,,302.50,,,3079,928969.00,43,F1,1,,,,,
2026-09-07,2026-09-07,CM,NSE,STK,763363,INE2OVN25015,BAGMANE,RR,,,,,BAGMANE PRIME OFFICE REIT,106.89,107.50,106.03,107.48,107.45,106.28,,107.48,,,712552,76238856.19,8373,F1,1,,,,,
2026-09-07,2026-09-07,CM,NSE,STK,12989,INE029Q01017,BAHETI,SM,,,,,BAHETI RECYCLING IND LTD,861.00,861.00,826.00,826.00,826.00,846.00,,826.00,,,15000,12574537.50,26,F1,375,,,,,
2026-09-07,2026-09-07,CM,NSE,STK,13794,INE020D01022,BAIDFIN,EQ,,,,,BAID FINSERV LIMITED,10.02,11.42,10.02,10.89,11.30,10.12,,10.86,,,194252,2071556.42,504,F1,1,,,,,
2026-09-07,2026-09-07,CM,NSE,STK,16669,INE917I01010,BAJAJ-AUTO,EQ,,,,,BAJAJ AUTO LIMITED,11810.00,11860.00,11727.00,11800.00,11800.00,11919.00,,11799.97,,,106111,1250295108.00,20614,F1,1,,,,,
2026-09-07,2026-09-07,CM,NSE,STK,19531,INE933K01021,BAJAJCON,EQ,,,,,BAJAJ CONSUMER CARE LTD,515.10,528.50,506.55,526.00,521.50,517.55,,525.97,,,1131292,590546458.65,42638,F1,1,,,,,
2026-09-07,2026-09-07,CM,NSE,STK,15034,INE193E01025,BAJAJELEC,EQ,,,,,BAJAJ ELECT.LTD,335.00,345.00,331.15,342.10,343.05,331.15,,342.11,,,243527,82930358.70,8197,F1,1,,,,,
2026-09-07,2026-09-07,CM,NSE,STK,317,INE296A01032,BAJFINANCE,EQ,,,,,BAJAJ FINANCE LIMITED,1064.00,1070.00,1054.30,1060.00,1060.00,1060.50,,1060.00,,,3586860,3799051175.20,84407,F1,1,,,,,
2026-09-07,2026-09-07,CM,NSE,STK,16675,INE918I01026,BAJAJFINSV,EQ,,,,,BAJAJ FINSERV LTD.,1968.00,1973.00,1938.60,1938.60,1938.60,1970.00,,1938.61,,,502611,982888128.60,26545,F1,1,,,,,
2026-09-07,2026-09-07,CM,NSE,STK,6863,INE411U01027,BAJAJHCARE,EQ,,,,,BAJAJ HEALTHCARE LIMITED,323.95,333.00,320.10,328.80,330.70,321.45,,328.80,,,184124,60353647.90,4618,F1,1,,,,,
2026-09-07,2026-09-07,CM,NSE,STK,308,INE306A01021,BAJAJHIND,EQ,,,,,BAJAJ HINDUSTHAN SUGAR LT,22.15,23.14,22.15,22.77,22.82,21.86,,22.77,,,47854998,1086843043.35,52793,F1,1,,,,,
2026-09-07,2026-09-07,CM,NSE,STK,305,INE118A01012,BAJAJHLDNG,EQ,,,,,BAJAJ HOLDINGS & INVS LTD,11200.00,11200.00,10956.00,10956.00,10956.00,11162.00,,10956.00,,,40066,442313140.00,8436,F1,1,,,,,
2026-09-07,2026-09-07,CM,NSE,STK,25270,INE377Y01014,BAJAJHFL,EQ,,,,,BAJAJ HOUSING FINANCE LTD,82.91,84.98,82.50,84.04,84.09,83.08,,84.04,,,3878435,324805116.96,27137,F1,1,,,,,
2026-09-07,2026-09-07,CM,NSE,STK,762563,INE704G01024,BAJAJST,EQ,,,,,BAJAJ STEEL INDS. LTD.,360.00,368.50,360.00,366.40,365.60,362.95,,366.41,,,16911,6182367.80,454,F1,1,,,,,
2026-09-07,2026-09-07,CM,NSE,STK,20531,INE0KQN01018,BAJEL,EQ,,,,,BAJEL PROJECTS LIMITED,182.50,187.92,182.41,187.45,186.60,183.82,,187.45,,,535172,98974703.75,4729,F1,1,,,,,
2026-09-07,2026-09-07,CM,NSE,STK,13441,INE083D01012,BALPHARMA,EQ,,,,,BAL PHARMA LTD.,87.73,95.00,86.00,92.69,93.00,87.73,,92.70,,,156982,14420326.10,1886,F1,1,,,,,
2026-09-07,2026-09-07,CM,NSE,STK,14501,INE050E01027,BALAMINES,EQ,,,,,BALAJI AMINES LIMITED,2575.00,2629.80,2478.80,2566.80,2560.00,2525.20,,2566.76,,,490283,1258428310.50,42742,F1,1,,,,,
2026-09-07,2026-09-07,CM,NSE,STK,30030,INE0PQ601019,BALAJIPHOS,SM,,,,,BALAJI PHOSPHATES LIMITED,108.30,108.50,106.25,106.25,106.25,114.00,,106.25,,,10000,1073200.00,10,F1,1000,,,,,
2026-09-07,2026-09-07,CM,NSE,STK,9158,INE794B01026,BALAJITELE,EQ,,,,,BALAJI TELEFILMS LIMITED.,96.00,96.01,90.10,91.81,92.49,93.17,,91.82,,,181918,16854508.64,2649,F1,1,,,,,
2026-09-07,2026-09-07,CM,NSE,STK,11309,INE618N01022,BALAXI,EQ,,,,,BALAXI PHARMA LTD,26.00,26.00,23.50,24.24,24.43,25.37,,24.24,,,69369,1707583.61,289,F1,1,,,,,
2026-09-07,2026-09-07,CM,NSE,STK,335,INE787D01026,BALKRISIND,EQ,,,,,BALKRISHNA IND. LTD,2273.00,2295.00,2242.60,2287.10,2292.80,2284.60,,2287.11,,,364047,827824427.30,65639,F1,1,,,,,
2026-09-07,2026-09-07,CM,NSE,STK,10181,INE875R01011,BALKRISHNA,EQ,,,,,BALKRISHNA PAPER MILLS L,17.50,17.50,16.81,16.90,17.00,17.08,,16.96,,,28940,501022.02,112,F1,1,,,,,
2026-09-07,2026-09-07,CM,NSE,STK,338,INE164A01016,BALMLAWRIE,EQ,,,,,BALMER LAWRIE & CO LTD,178.55,179.10,176.92,177.98,178.10,177.98,,177.98,,,165626,29479401.37,2255,F1,1,,,,,
2026-09-07,2026-09-07,CM,NSE,STK,762603,INE525F01025,BLIL,EQ,,,,,BALMER LAWRIE INVSTS. L,72.67,73.40,72.55,72.79,72.55,72.53,,72.80,,,106611,7782203.51,1314,F1,1,,,,,
2026-09-07,2026-09-07,CM,NSE,STK,341,INE119A01028,BALRAMCHIN,EQ,,,,,BALRAMPUR CHINI MILLS LTD,695.00,722.00,695.00,711.55,707.00,690.60,,711.53,,,5509645,3916304866.45,97258,F1,1,,,,,
2026-09-07,2026-09-07,CM,NSE,STK,23607,INE011E01029,BALUFORGE,EQ,,,,,BALU FORGE INDUSTRIES LTD,576.00,581.35,540.90,557.60,555.75,574.10,,557.61,,,2264071,1260778601.65,34556,F1,1,,,,,
2026-09-07,2026-09-07,CM,NSE,STK,347,INE655B01011,BANARBEADS,EQ,,,,,BANARAS BEADS LTD,115.00,115.00,109.59,111.13,113.94,113.90,,111.06,,,2938,327378.72,83,F1,1,,,,,
2026-09-07,2026-09-07,CM,NSE,STK,13880,INE213C01025,BANCOINDIA,EQ,,,,,BANCO PRODUCTS (I) LTD,623.10,631.00,620.10,626.95,628.00,623.50,,626.47,,,82486,51664574.05,6604,F1,1,,,,,
2026-09-07,2026-09-07,CM,NSE,STK,2263,INE545U01014,BANDHANBNK,EQ,,,,,BANDHAN BANK LIMITED,164.95,166.42,161.67,164.70,164.70,164.95,,164.67,,,5204215,853945469.54,41263,F1,1,,,,,
2026-09-07,2026-09-07,CM,NSE,STK,760325,INF194KB1KJ7,GOLDBND,EQ,,,,,BANDHANAMC - GOLDBND,153.28,153.28,150.74,151.80,151.84,153.82,,151.85,,,44081,6683067.33,353,F1,1,,,,,
2026-09-07,2026-09-07,CM,NSE,STK,18783,INF194KA1U07,IDFNIFTYET,EQ,,,,,BANDHANAMC - IDFNIFTYET,261.00,266.90,261.00,262.43,264.04,264.49,,262.43,,,2513,662832.82,78,F1,1,,,,,
2026-09-07,2026-09-07,CM,NSE,STK,760328,INF194KB1KI9,SILVERBND,EQ,,,,,BANDHANAMC - SILVERBND,232.87,232.88,229.25,230.34,230.20,233.61,,230.34,,,6772,1558857.41,237,F1,1,,,,,
2026-09-07,2026-09-07,CM,NSE,STK,15303,INE863I01016,BANG,EQ,,,,,BANG OVERSEAS LTD.,35.40,35.40,34.00,34.61,34.70,34.79,,34.62,,,18690,644165.34,59,F1,1,,,,,
2026-09-07,2026-09-07,CM,NSE,STK,4668,INE028A01039,BANKBARODA,EQ,,,,,BANK OF BARODA,240.00,240.90,235.20,237.00,237.00,239.00,,237.00,,,6824391,1616671339.32,55052,F1,1,,,,,
2026-09-07,2026-09-07,CM,NSE,STK,4745,INE084A01016,BANKINDIA,EQ,,,,,BANK OF INDIA,145.00,145.50,141.44,142.02,142.02,145.00,,142.02,,,3604727,513197469.66,23297,F1,1,,,,,
2026-09-07,2026-09-07,CM,NSE,STK,11377,INE457A01014,MAHABANK,EQ,,,,,BANK OF MAHARASHTRA,86.10,87.50,84.70,85.00,85.00,85.95,,85.00,,,12286857,1051444497.69,40997,F1,1,,,,,
2026-09-07,2026-09-07,CM,NSE,STK,822,INE862Y01015,BANKA,EQ,,,,,BANKA BIOLOO LIMITED,80.99,82.01,78.30,82.00,82.00,79.00,,82.00,,,9023,731920.15,48,F1,1,,,,,
2026-09-07,2026-09-07,CM,NSE,STK,12037,INE186H01022,BASML,BE,,,,,BANNARI AM SPIN MILL LTD.,25.01,25.40,24.50,24.83,24.99,25.41,,24.83,,,53236,1326451.71,166,F1,1,,,,,
2026-09-07,2026-09-07,CM,NSE,STK,350,INE459A01010,BANARISUG,EQ,,,,,BANNARI AMMAN SUGARS LTD,3825.20,3924.30,3785.10,3832.30,3898.90,3803.30,,3831.78,,,2346,9008026.70,474,F1,1,,,,,
2026-09-07,2026-09-07,CM,NSE,STK,24386,INE0B9K01025,BANSALWIRE,EQ,,,,,BANSAL WIRE INDUSTRIES L,315.00,321.65,315.00,317.40,320.00,315.00,,317.38,,,51358,16322054.05,2672,F1,1,,,,,
2026-09-07,2026-09-07,CM,NSE,STK,14511,INE629D01020,BANSWRAS,EQ,,,,,BANSWARA SYNTEX LIMITED,117.05,117.05,114.52,115.32,114.58,117.05,,115.29,,,29695,3426047.71,470,F1,1,,,,,
2026-09-07,2026-09-07,CM,NSE,STK,15073,INE139I01011,BVCL,EQ,,,,,BARAK VALLEY CEM. LTD.,43.20,43.20,41.62,42.30,42.01,43.48,,42.30,,,38507,1628368.16,362,F1,1,,,,,
2026-09-07,2026-09-07,CM,NSE,STK,29176,INE0QX401014,BARFLEX,SM,,,,,BARFLEX POLYFILMS LIMITED,60.90,60.90,60.50,60.50,60.50,60.90,,60.50,,,8000,484800.00,2,F1,2000,,,,,
2026-09-07,2026-09-07,CM,NSE,STK,24117,INF251K01TL6,BBNPNBETF,EQ,,,,,BARODABNP - BBNPNBETF,58.00,59.25,57.40,57.78,57.40,58.30,,57.53,,,2199,126459.58,49,F1,1,,,,,
2026-09-07,2026-09-07,CM,NSE,STK,20547,INF251K01SU9,BBNPPGOLD,EQ,,,,,BARODABNP - BBNPPGOLD,148.50,148.55,145.00,146.60,146.20,148.70,,146.60,,,7224,1059583.55,127,F1,1,,,,,
2026-09-07,2026-09-07,CM,NSE,STK,368,INE373A01013,BASF,EQ,,,,,BASF INDIA LTD,3875.00,3879.80,3780.00,3788.00,3780.00,3864.90,,3787.99,,,20383,77921983.70,3791,F1,1,,,,,
2026-09-07,2026-09-07,CM,NSE,STK,18442,INE0OCC01013,BASILIC,SM,,,,,BASILIC FLY STUDIO LTD,192.00,192.00,184.65,187.45,187.05,188.65,,187.45,,,13200,2468370.00,33,F1,300,,,,,
2026-09-07,2026-09-07,CM,NSE,STK,371,INE176A01028,BATAINDIA,EQ,,,,,BATA INDIA LTD,672.75,675.00,667.50,669.45,668.75,672.75,,669.44,,,68230,45772968.85,5060,F1,1,,,,,
2026-09-07,2026-09-07,CM,NSE,STK,762568,INE177C01022,BATLIBOI,EQ,,,,,BATLIBOI LTD.,92.28,92.28,88.00,88.83,88.61,90.81,,88.83,,,71900,6384992.87,553,F1,1,,,,,
2026-09-07,2026-09-07,CM,NSE,STK,22571,INE0JFJ01011,BAWEJA,SM,,,,,BAWEJA STUDIOS LIMITED,24.65,26.10,24.65,26.10,26.10,26.10,,26.10,,,4000,99920.00,5,F1,800,,,,,
2026-09-07,2026-09-07,CM,NSE,STK,17927,INE462A01022,BAYERCROP,EQ,,,,,BAYER CROPSCIENCE LTD,4009.80,4010.80,3966.00,3987.40,3975.00,3989.90,,3987.43,,,7323,29139100.60,1985,F1,1,,,,,
2026-09-07,2026-09-07,CM,NSE,STK,2513,INE412G01024,BCLIND,EQ,,,,,BCL INDUSTRIES LIMITED,36.78,36.99,36.22,36.48,36.57,36.62,,36.48,,,419893,15356449.56,2573,F1,1,,,,,
2026-09-07,2026-09-07,CM,NSE,STK,761494,INE00SW01015,BCPL,EQ,,,,,BCPL RAILWAY INFRA LTD,69.50,69.95,67.55,68.39,68.06,68.45,,68.30,,,8075,555137.29,258,F1,1,,,,,
2026-09-07,2026-09-07,CM,NSE,STK,23922,INE639X01027,BEACON,SM,,,,,BEACON TRUSTEESHIP LTD,83.60,85.50,80.75,83.60,83.60,83.60,,83.60,,,13000,1071350.00,12,F1,1000,,,,,
2026-09-07,2026-09-07,CM,NSE,STK,17933,INE520H01022,BEARDSELL,EQ,,,,,BEARDSELL LIMITED,26.25,26.25,24.80,24.99,25.25,25.31,,24.99,,,12167,306030.18,170,F1,1,,,,,
2026-09-07,2026-09-07,CM,NSE,STK,20196,INE844K01012,BEDMUTHA,EQ,,,,,BEDMUTHA INDUST LTD,115.79,115.79,107.40,107.76,108.00,112.37,,107.76,,,1518,165557.91,70,F1,1,,,,,
2026-09-07,2026-09-07,CM,NSE,STK,762573,INE213D01015,BEEKAY,EQ,,,,,BEEKAY STEEL INDS. LTD.,405.10,430.00,405.10,428.30,425.25,417.40,,428.44,,,2437,1040517.85,133,F1,1,,,,,
2026-09-07,2026-09-07,CM,NSE,STK,765291,INE1EEM01017,BLEL,EQ,,,,,BEHARI LAL ENGINEERING L,456.30,483.00,456.00,478.30,479.00,453.15,,478.30,,,2567920,1205518610.60,42227,F1,1,,,,,
2026-09-07,2026-09-07,CM,NSE,STK,757938,INE344T01014,BELLACASA,EQ,,,,,BELLA CASA FASH AND RET L,240.01,248.80,240.01,240.87,243.70,242.85,,240.94,,,7879,1916536.02,651,F1,1,,,,,
2026-09-07,2026-09-07,CM,NSE,STK,757102,INE894V01022,BELRISE,EQ,,,,,BELRISE INDUSTRIES LTD,235.00,238.40,229.25,230.29,231.10,236.86,,230.21,,,3431813,800370564.42,66031,F1,1,,,,,
2026-09-07,2026-09-07,CM,NSE,STK,15067,INE0N7W01012,BLAL,EQ,,,,,BEML LAND ASSETS LIMITED,161.02,163.45,158.61,158.98,159.83,160.88,,158.98,,,25030,3994681.56,837,F1,1,,,,,
2026-09-07,2026-09-07,CM,NSE,STK,395,INE258A01024,BEML,EQ,,,,,BEML LIMITED,2067.00,2125.00,2060.70,2097.20,2091.10,2057.80,,2097.22,,,487014,1017697549.10,30702,F1,1,,,,,
2026-09-07,2026-09-07,CM,NSE,STK,764618,INE664D01019,BENARAS,EQ,,,,,BENARES HOTELS LTD.,10248.00,10399.00,10052.00,10134.00,10101.00,10200.00,,10172.29,,,39,403508.00,14,F1,1,,,,,
2026-09-07,2026-09-07,CM,NSE,STK,762578,INE083K01017,BENGALASM,EQ,,,,,BENGAL & ASSAM CO. LTD.,6277.00,6490.00,6226.00,6302.00,6232.00,6332.50,,6348.14,,,438,2778875.00,158,F1,1,,,,,
2026-09-07,2026-09-07,CM,NSE,STK,404,INE463A01038,BERGEPAINT,EQ,,,,,BERGER PAINTS (I) LTD,485.40,488.95,480.55,484.50,484.70,485.30,,484.54,,,305409,148070264.75,13514,F1,1,,,,,
2026-09-07,2026-09-07,CM,NSE,STK,2306,INE052T01021,BESTAGRO,EQ,,,,,BEST AGROLIFE LIMITED,19.46,20.22,19.32,20.07,20.19,19.29,,20.07,,,1602936,31846420.57,6535,F1,1,,,,,
2026-09-07,2026-09-07,CM,NSE,STK,759842,INE351Y01019,BETA,EQ,,,,,BETA DRUGS LIMITED,2204.00,2204.00,2087.90,2123.90,2159.00,2218.50,,2123.90,,,42831,91141362.00,5804,F1,1,,,,,
2026-09-07,2026-09-07,CM,NSE,STK,5662,INE0HQI01014,BEWLTD,SM,,,,,BEW ENGINEERING LIMITED,51.10,51.10,50.00,50.00,50.00,49.30,,50.00,,,2000,100550.00,4,F1,500,,,,,
2026-09-07,2026-09-07,CM,NSE,STK,21113,INE878K01010,BFINVEST,EQ,,,,,BF INVESTMENT LIMITED,472.00,472.00,455.55,458.95,458.10,469.35,,458.97,,,14548,6721594.70,1023,F1,1,,,,,
2026-09-07,2026-09-07,CM,NSE,STK,14567,INE243D01012,BFUTILITIE,EQ,,,,,BF UTILITIES LIMITED,542.40,542.45,525.30,529.40,530.05,542.45,,529.38,,,68085,36268961.70,2952,F1,1,,,,,
2026-09-07,2026-09-07,CM,NSE,STK,764183,INF0QA701CI0,BANK10BETF,EQ,,,,,BFAM - BANK10BETF,21.00,21.00,20.61,20.76,20.84,20.90,,20.75,,,1418,29376.33,15,F1,1,,,,,
2026-09-07,2026-09-07,CM,NSE,STK,21986,INF0QA701714,BANKBETF,EQ,,,,,BFAM - BANKBETF,58.79,58.79,58.00,58.19,58.00,58.56,,58.19,,,41761,2424828.59,328,F1,1,,,,,
2026-09-07,2026-09-07,CM,NSE,STK,23915,INF0QA701854,LIQUIDBETF,EQ,,,,,BFAM - LIQUIDBETF,1097.77,1097.79,1097.77,1097.78,1097.79,1097.63,,1097.78,,,199910,219457577.00,216,F1,1,,,,,
2026-09-07,2026-09-07,CM,NSE,STK,21959,INF0QA701722,NIFTYBETF,EQ,,,,,BFAM - NIFTYBETF,245.96,245.96,244.31,245.20,245.00,246.65,,245.32,,,1491,365872.14,146,F1,1,,,,,
2026-09-07,2026-09-07,CM,NSE,STK,15193,INE661I01014,BGRENERGY,BE,,,,,BGR ENERGY SYSTEMS LTD,247.40,258.55,238.00,258.49,258.50,246.26,,258.46,,,78117,19871099.75,836,F1,1,,,,,
2026-09-07,2026-09-07,CM,NSE,STK,758228,INE0ZRC01017,BHADORA,ST,,,,,BHADORA INDUSTRIES LTD,108.00,111.25,107.00,109.15,107.00,111.95,,109.15,,,22800,2501040.00,18,F1,1200,,,,,
2026-09-07,2026-09-07,CM,NSE,STK,13427,INE354C01027,BHAGERIA,BE,,,,,BHAGERIA INDUSTRIES LTD,319.85,319.85,319.85,319.85,319.85,304.65,,319.85,,,141581,45284682.85,639,F1,1,,,,,
2026-09-07,2026-09-07,CM,NSE,STK,6164,INE414D01027,BHAGCHEM,EQ,,,,,BHAGIRADHA CHEM & INDS L,264.60,267.20,259.40,260.75,260.00,264.60,,260.73,,,62090,16292752.20,1159,F1,1,,,,,
2026-09-07,2026-09-07,CM,NSE,STK,20776,INE458B01036,BHAGYANGR,EQ,,,,,BHAGYANAGAR INDIA LIMITED,370.80,378.00,363.55,373.40,374.85,370.45,,373.34,,,88451,32804480.80,3398,F1,1,,,,,
2026-09-07,2026-09-07,CM,NSE,STK,19556,INE474E01029,BHANDARI,EQ,,,,,BHANDARI HOSIERY EXP LTD,3.08,3.08,2.95,2.98,3.02,3.03,,2.98,,,145915,438978.09,395,F1,1,,,,,
2026-09-07,2026-09-07,CM,NSE,STK,419,INE922A01025,BEPL,EQ,,,,,BHANSALI ENG. POLYMERS LT,126.91,128.57,125.01,126.84,127.00,127.50,,126.84,,,1042410,132322436.96,9553,F1,1,,,,,
2026-09-07,2026-09-07,CM,NSE,STK,13761,INE464A01036,BBL,EQ,,,,,BHARAT BIJLEE LTD,2265.60,2300.00,2233.10,2239.10,2243.60,2289.30,,2239.07,,,26757,60468620.50,3938,F1,1,,,,,
2026-09-07,2026-09-07,CM,NSE,STK,760726,INE05XR01022,BHARATCOAL,EQ,,,,,BHARAT COKING COAL LTD,33.73,34.40,33.65,33.75,33.77,33.81,,33.75,,,4266149,144760450.01,15409,F1,1,,,,,
2026-09-07,2026-09-07,CM,NSE,STK,2144,INE171Z01026,BDL,EQ,,,,,BHARAT DYNAMICS LIMITED,1258.00,1267.00,1240.00,1241.70,1241.70,1255.00,,1241.76,,,807688,1011043628.70,26157,F1,1,,,,,
2026-09-07,2026-09-07,CM,NSE,STK,383,INE263A01024,BEL,EQ,,,,,BHARAT ELECTRONICS LTD,406.35,409.25,404.00,404.00,404.00,405.35,,404.01,,,5965784,2424222818.95,98097,F1,1,,,,,
2026-09-07,2026-09-07,CM,NSE,STK,422,INE465A01025,BHARATFORG,EQ,,,,,BHARAT FORGE LTD,1953.00,1955.90,1927.30,1955.00,1955.00,1956.00,,1954.99,,,1414192,2748979350.40,63953,F1,1,,,,,
2026-09-07,2026-09-07,CM,NSE,STK,9397,INE561C01019,BHARATGEAR,BE,,,,,BHARAT GEARS LTD,103.50,103.50,102.50,102.79,103.50,102.93,,102.78,,,16153,1660033.25,118,F1,1,,,,,
2026-09-07,2026-09-07,CM,NSE,STK,764623,INE365Y01019,BPLPHARMA,EQ,,,,,BHARAT PARENTERALS LTD.,1539.00,1575.00,1500.00,1548.70,1563.00,1533.30,,1548.70,,,1034,1611007.40,106,F1,1,,,,,
2026-09-07,2026-09-07,CM,NSE,STK,526,INE029A01011,BPCL,EQ,,,,,BHARAT PETROLEUM CORP  LT,314.90,316.70,311.20,312.90,312.90,315.70,,312.89,,,2363459,739195308.50,27894,F1,1,,,,,
2026-09-07,2026-09-07,CM,NSE,STK,3834,INE838B01021,BHARATRAS,EQ,,,,,BHARAT RASAYAN LTD,1173.90,1186.90,1148.10,1161.00,1164.00,1171.80,,1161.03,,,19157,22289479.40,2016,F1,1,,,,,
2026-09-07,2026-09-07,CM,NSE,STK,21683,INE727S01012,BRNL,EQ,,,,,BHARAT ROAD NETWORK LTD,17.04,17.28,17.03,17.09,17.10,17.12,,17.09,,,11606,198329.75,171,F1,1,,,,,
2026-09-07,2026-09-07,CM,NSE,STK,30244,INE415D01024,BHARATSE,EQ,,,,,BHARAT SEATS LIMITED,211.99,232.00,209.00,227.65,228.01,211.69,,227.65,,,737108,166218375.30,14049,F1,1,,,,,
2026-09-07,2026-09-07,CM,NSE,STK,16123,INE316L01019,BHARATWIRE,EQ,,,,,BHARAT WIRE ROPES LTD.,180.42,182.16,178.01,180.00,179.77,181.32,,180.00,,,99252,17901841.27,1891,F1,1,,,,,
2026-09-07,2026-09-07,CM,NSE,STK,11371,INE224M01013,BGLOBAL,BZ,,,,,BHARATIYA GLOBAL INFO LTD,3.31,3.31,3.06,3.20,3.20,3.16,,3.25,,,23752,75418.15,37,F1,1,,,,,
2026-09-07,2026-09-07,CM,NSE,STK,10604,INE397D01024,BHARTIARTL,EQ,,,,,BHARTI AIRTEL LIMITED,1845.00,1855.50,1830.40,1854.00,1854.00,1840.00,,1854.00,,,5972458,11001713330.40,169054,F1,1,,,,,
2026-09-07,2026-09-07,CM,NSE,STK,23489,INE343G01021,BHARTIHEXA,EQ,,,,,BHARTI HEXACOM LIMITED,1502.80,1534.60,1498.00,1528.70,1525.00,1495.40,,1528.68,,,83814,127174011.80,15036,F1,1,,,,,
2026-09-07,2026-09-07,CM,NSE,STK,7848,INE828A01016,BIL,EQ,,,,,BHARTIYA INTERNATIONAL,930.00,955.00,907.05,931.15,920.00,907.85,,931.17,,,20199,18807396.05,1134,F1,1,,,,,
2026-09-07,2026-09-07,CM,NSE,STK,438,INE257A01026,BHEL,EQ,,,,,BHEL,432.90,434.95,418.55,421.45,421.45,431.10,,421.45,,,4092933,1735309629.20,51225,F1,1,,,,,
2026-09-07,2026-09-07,CM,NSE,STK,762621,INE274K01012,BTTL,BE,,,,,BHILWARA TECHNICAL TEXT L,42.56,42.56,41.06,41.36,41.20,41.53,,41.48,,,1309,54552.35,38,F1,1,,,,,
2026-09-07,2026-09-07,CM,NSE,STK,18431,INE412U01025,BIGBLOC,EQ,,,,,BIGBLOC CONSTRUCTION LTD,42.35,42.50,41.31,41.43,41.45,41.92,,41.43,,,26885,1118995.94,346,F1,1,,,,,
2026-09-07,2026-09-07,CM,NSE,STK,11966,INE00E101023,BIKAJI,EQ,,,,,BIKAJI FOODS INTERN LTD,585.10,587.00,577.10,580.25,582.00,584.20,,580.25,,,73330,42494887.60,5037,F1,1,,,,,
2026-09-07,2026-09-07,CM,NSE,STK,25527,INE0SQH01013,BIKEWO,ST,,,,,BIKEWO GREEN TECH LIMITED,93.00,102.60,92.95,99.70,102.60,97.80,,99.70,,,134000,12769600.00,49,F1,2000,,,,,
2026-09-07,2026-09-07,CM,NSE,STK,13622,INE071A01013,BILVYAPAR,BE,,,,,BIL VYAPAR LIMITED,4.06,4.24,3.92,4.07,4.07,4.04,,4.07,,,6685,27319.88,26,F1,1,,,,,
2026-09-07,2026-09-07,CM,NSE,STK,762586,INE986A01012,BI,BE,,,,,BILCARE LTD.,100.64,100.64,100.60,100.64,100.64,95.85,,100.64,,,207087,20841175.04,186,F1,1,,,,,
2026-09-07,2026-09-07,CM,NSE,STK,759806,INE0HOQ01053,GROWW,EQ,,,,,BILLIONBRAINS GARAGE VN L,194.75,196.60,191.01,194.73,194.78,194.00,,194.73,,,21419848,4168786576.14,144046,F1,1,,,,,
2026-09-07,2026-09-07,CM,NSE,STK,762588,INE469A01019,BIMETAL,EQ,,,,,BIMETAL BEARINGS LTD.,635.00,635.00,575.80,620.10,610.00,635.00,,620.04,,,567,344499.25,113,F1,1,,,,,
2026-09-07,2026-09-07,CM,NSE,STK,763598,INE1BKA01015,BMLL,SM,,,,,BIO MEDICA LABORATORIES L,180.00,180.10,164.25,165.55,164.25,177.00,,165.55,,,154000,26133150.00,94,F1,1000,,,,,
2026-09-07,2026-09-07,CM,NSE,STK,11373,INE376G01013,BIOCON,EQ,,,,,BIOCON LIMITED.,396.50,397.35,388.65,391.40,391.40,397.40,,391.42,,,2488189,975694450.40,37576,F1,1,,,,,
2026-09-07,2026-09-07,CM,NSE,STK,4136,INE829A01014,BIOFILCHEM,EQ,,,,,BIOFIL CHEM & PHARMA LTD,31.36,32.70,31.36,32.04,32.05,32.00,,32.04,,,6959,222261.37,119,F1,1,,,,,
2026-09-07,2026-09-07,CM,NSE,STK,760942,INE0XW001014,BIOPOL,SM,,,,,BIOPOL CHEMICALS LIMITED,48.00,48.00,48.00,48.00,48.00,45.75,,48.00,,,33600,1612800.00,15,F1,1200,,,,,
2026-09-07,2026-09-07,CM,NSE,STK,477,INE800A01015,BIRLACABLE,EQ,,,,,BIRLA CABLE LIMITED,395.00,395.00,357.75,357.75,357.75,376.55,,357.47,,,780466,284806071.90,8015,F1,1,,,,,
2026-09-07,2026-09-07,CM,NSE,STK,480,INE340A01012,BIRLACORPN,EQ,,,,,BIRLA CORPORATION LTD,892.00,892.00,859.80,868.15,865.05,887.35,,868.19,,,86094,74873497.55,8648,F1,1,,,,,
2026-09-07,2026-09-07,CM,NSE,STK,762593,INE372E01025,BIRLAPREC,EQ,,,,,BIRLA PRECISION TECH L,59.65,61.40,57.76,58.12,57.85,57.92,,58.11,,,892405,53217956.84,6232,F1,1,,,,,
2026-09-07,2026-09-07,CM,NSE,STK,1455,INE557A01011,BIRLANU,EQ,,,,,BIRLANU LIMITED,1459.80,1470.00,1433.20,1448.90,1445.10,1448.00,,1448.96,,,9598,13941236.40,1314,F1,1,,,,,
2026-09-07,2026-09-07,CM,NSE,STK,24404,INF209KC1134,ABGSEC,EQ,,,,,BIRLASLAMC - ABGSEC,114.72,114.74,113.62,114.51,114.51,113.58,,114.52,,,1748,198630.27,14,F1,1,,,,,
2026-09-07,2026-09-07,CM,NSE,STK,760247,INF209KC1670,ABSL10BANK,EQ,,,,,BIRLASLAMC - ABSL10BANK,170.80,170.80,165.00,165.62,165.10,168.65,,165.63,,,1301,218616.10,72,F1,1,,,,,
2026-09-07,2026-09-07,CM,NSE,STK,13987,INF209KB17D5,ABSLBANETF,EQ,,,,,BIRLASLAMC - ABSLBANETF,58.95,58.97,58.50,58.66,58.70,59.06,,58.66,,,118426,6936856.17,520,F1,1,,,,,
2026-09-07,2026-09-07,CM,NSE,STK,14518,INF209KB18T9,ABSLLIQUID,EQ,,,,,BIRLASLAMC - ABSLLIQUID,975.00,1000.01,975.00,1000.00,1000.00,1000.00,,1000.00,,,1522,1521960.79,23,F1,1,,,,,
2026-09-07,2026-09-07,CM,NSE,STK,761066,INF209KC1662,ABSLMSCIN,EQ,,,,,BIRLASLAMC - ABSLMSCIN,29.58,29.60,29.23,29.23,29.23,29.44,,29.23,,,289,8517.00,12,F1,1,,,,,
2026-09-07,2026-09-07,CM,NSE,STK,7339,INF209KB16D7,ABSLNN50ET,EQ,,,,,BIRLASLAMC - ABSLNN50ET,77.46,78.00,76.30,77.15,78.00,77.08,,77.15,,,10606,813723.93,305,F1,1,,,,,
2026-09-07,2026-09-07,CM,NSE,STK,5957,INF209KB10E8,BSLSENETFG,EQ,,,,,BIRLASLAMC - BSLSENETFG,76.73,79.00,76.43,78.72,79.00,77.52,,78.72,,,2432,187421.72,156,F1,1,,,,,
2026-09-07,2026-09-07,CM,NSE,STK,6297,INF209KB10C2,HEALTHY,EQ,,,,,BIRLASLAMC - HEALTHY,17.26,17.29,16.79,17.03,17.10,16.84,,17.06,,,327939,5556395.83,1383,F1,1,,,,,
2026-09-07,2026-09-07,CM,NSE,STK,10693,INF209KB14K7,MOMENTUM,EQ,,,,,BIRLASLAMC - MOMENTUM,31.40,31.50,30.83,31.18,31.27,31.06,,31.20,,,91422,2847629.01,242,F1,1,,,,,
2026-09-07,2026-09-07,CM,NSE,STK,10690,INF209KB15K4,NIFTYQLITY,EQ,,,,,BIRLASLAMC - NIFTYQLITY,21.32,21.32,20.99,21.09,21.14,21.32,,21.09,,,28266,595799.55,333,F1,1,,,,,
2026-09-07,2026-09-07,CM,NSE,STK,8003,INF209KB19F6,SILVER,EQ,,,,,BIRLASLAMC - SILVER,231.44,231.44,228.59,229.65,229.72,232.64,,229.65,,,540810,124018210.31,8103,F1,1,,,,,
2026-09-07,2026-09-07,CM,NSE,STK,6462,INF209KB11D8,TECH,EQ,,,,,BIRLASLAMC - TECH,33.97,34.77,32.73,32.78,32.90,33.81,,32.78,,,96939,3193877.46,449,F1,1,,,,,
2026-09-07,2026-09-07,CM,NSE,STK,23806,INF209KB19Z4,ABSLPSE,EQ,,,,,BIRLASLAMC-ABSLPSE,10.20,10.25,10.09,10.11,10.18,10.18,,10.11,,,88062,892340.45,443,F1,1,,,,,
2026-09-07,2026-09-07,CM,NSE,STK,6994,INE836A01035,BSOFT,EQ,,,,,BIRLASOFT LIMITED,289.35,289.40,281.15,282.45,282.80,289.35,,282.49,,,1074663,304508770.95,27005,F1,1,,,,,
2026-09-07,2026-09-07,CM,NSE,STK,3435,INE676A01027,BBOX,EQ,,,,,BLACK BOX LIMITED,721.85,780.50,711.00,774.25,777.00,712.25,,774.25,,,1254584,957805609.55,47556,F1,1,,,,,
2026-09-07,2026-09-07,CM,NSE,STK,762601,INE761G01016,BLACKROSE,BE,,,,,BLACK ROSE INDS. LTD.,114.97,114.97,111.50,111.86,112.50,113.02,,111.21,,,30178,3418790.13,314,F1,1,,,,,
2026-09-07,2026-09-07,CM,NSE,STK,27144,INE0UIZ01018,BLACKBUCK,EQ,,,,,BLACKBUCK LIMITED,587.95,593.60,582.05,583.60,584.40,586.10,,583.56,,,145511,85594341.60,13559,F1,1,,,,,
2026-09-07,2026-09-07,CM,NSE,STK,8132,INE791A01024,BLBLIMITED,EQ,,,,,BLB LIMITED,16.90,17.05,16.35,16.87,17.00,16.68,,16.87,,,83422,1396928.59,310,F1,1,,,,,
2026-09-07,2026-09-07,CM,NSE,STK,19269,INE416D01022,BLISSGVS,BE,,,,,BLISS GVS PHARMA LTD,670.00,704.55,660.50,691.35,693.00,671.00,,691.39,,,581762,400394422.10,5771,F1,1,,,,,
2026-09-07,2026-09-07,CM,NSE,STK,22566,INE0NLT01010,BLSE,EQ,,,,,BLS E-SERVICES LIMITED,318.90,330.75,317.30,319.45,320.00,320.05,,319.43,,,384135,123814656.50,5960,F1,1,,,,,
2026-09-07,2026-09-07,CM,NSE,STK,17279,INE153T01027,BLS,EQ,,,,,BLS INTL SERVS LTD,239.00,244.07,238.20,239.17,238.80,238.79,,239.17,,,877913,210959399.35,14655,F1,1,,,,,
2026-09-07,2026-09-07,CM,NSE,STK,8650,INE657B01025,BLUECHIP,BE,,,,,BLUE CHIP INDIA LIMITED,2.10,2.10,2.10,2.10,2.10,2.14,,2.10,,,3773,7923.30,10,F1,1,,,,,
2026-09-07,2026-09-07,CM,NSE,STK,765040,INE373T01047,BLUECLOUDS,EQ,,,,,BLUE CLOUD SOFTECH SOLU L,19.92,20.16,19.62,19.69,19.74,19.88,,19.70,,,826444,16353735.63,2257,F1,1,,,,,
2026-09-07,2026-09-07,CM,NSE,STK,7480,INE472B01011,BLUECOAST,EQ,,,,,BLUE COAST HOTELS LIMITED,23.49,23.99,22.32,22.44,22.40,23.49,,22.44,,,760,17118.43,28,F1,1,,,,,
2026-09-07,2026-09-07,CM,NSE,STK,495,INE233B01017,BLUEDART,EQ,,,,,BLUE DART EXPRESS LTD,4991.70,4996.60,4953.00,4988.80,4975.00,4991.70,,4988.68,,,4441,22119907.80,1019,F1,1,,,,,
2026-09-07,2026-09-07,CM,NSE,STK,19686,INE0KBH01020,BLUEJET,EQ,,,,,BLUE JET HEALTHCARE LTD,570.80,572.90,561.00,569.05,570.00,569.80,,569.07,,,454178,256737057.90,18991,F1,1,,,,,
2026-09-07,2026-09-07,CM,NSE,STK,23410,INE0SAK01011,BLUEPEBBLE,SM,,,,,BLUE PEBBLE LIMITED,88.00,88.15,76.05,76.50,76.10,84.00,,76.50,,,12800,1016860.00,25,F1,400,,,,,
2026-09-07,2026-09-07,CM,NSE,STK,8311,INE472A01039,BLUESTARCO,EQ,,,,,BLUE STAR LIMITED,1477.30,1503.30,1476.40,1496.00,1496.00,1484.00,,1496.55,,,503988,753138562.60,27471,F1,1,,,,,
2026-09-07,2026-09-07,CM,NSE,STK,758185,INE0X3M01010,BLUEWATER,ST,,,,,BLUE WATER LOGISTICS LTD,498.90,498.90,473.00,491.85,491.85,486.75,,491.85,,,5000,2436700.00,5,F1,1000,,,,,
2026-09-07,2026-09-07,CM,NSE,STK,759291,INE304W01038,BLUESTONE,EQ,,,,,BLUESTONE JEWEL LFSTL LTD,845.00,883.30,843.05,870.00,872.00,842.75,,869.99,,,1213108,1056051663.45,47671,F1,1,,,,,
2026-09-07,2026-09-07,CM,NSE,STK,757520,INE0U4101014,BLUSPRING,EQ,,,,,BLUSPRING ENTERPRISES LTD,138.86,138.96,135.05,137.19,138.25,138.96,,137.19,,,216374,29660559.26,3682,F1,1,,,,,
2026-09-07,2026-09-07,CM,NSE,STK,759256,INE965W01036,BMWVENTLTD,EQ,,,,,BMW VENTURES LIMITED,54.70,55.70,54.70,55.21,55.12,55.36,,55.21,,,61090,3375991.59,589,F1,1,,,,,
2026-09-07,2026-09-07,CM,NSE,STK,762608,INE00HZ01011,BNAGROCHEM,EQ,,,,,BN AGROCHEM LTD.,224.00,224.00,208.00,213.46,210.00,216.73,,212.69,,,3763,794612.15,104,F1,1,,,,,
2026-09-07,2026-09-07,CM,NSE,STK,25017,INE338D01028,BODALCHEM,EQ,,,,,BODAL CHEMICALS LTD,168.00,171.18,162.80,171.18,171.18,155.62,,171.18,,,4910182,831523915.50,18306,F1,1,,,,,
2026-09-07,2026-09-07,CM,NSE,STK,14150,INE0EEJ01023,BTML,EQ,,,,,BODHI TREE MULTIMEDIA LTD,8.59,8.59,8.34,8.49,8.49,8.51,,8.50,,,612293,5199300.92,317,F1,1,,,,,
2026-09-07,2026-09-07,CM,NSE,STK,11640,INE802W01023,BOHRAIND,EQ,,,,,BOHRA INDUSTRIES LIMITED,12.70,12.90,12.50,12.51,12.50,12.70,,12.51,,,17811,224763.58,74,F1,1,,,,,
2026-09-07,2026-09-07,CM,NSE,STK,380,INE050A01025,BBTC,EQ,,,,,BOMBAY BURMAH TRADING COR,1517.60,1524.50,1468.10,1471.90,1479.80,1496.80,,1471.98,,,58433,86840968.50,4663,F1,1,,,,,
2026-09-07,2026-09-07,CM,NSE,STK,513,INE032A01023,BOMDYEING,EQ,,,,,BOMBAY DYEING & MFG. CO L,113.05,113.66,112.00,112.21,112.07,113.47,,112.21,,,233902,26301191.00,2580,F1,1,,,,,
2026-09-07,2026-09-07,CM,NSE,STK,6052,INE0I3Y01014,BMETRICS,SM,,,,,BOMBAY METRICS S C LTD,34.50,35.00,33.65,33.80,33.80,35.15,,33.80,,,16800,577360.00,20,F1,800,,,,,
2026-09-07,2026-09-07,CM,NSE,STK,809,INE032Z01020,BSHSL,EQ,,,,,BOMBAY SUPER HYBRID SEEDS,91.48,93.90,90.00,92.51,92.00,91.48,,92.51,,,16733,1549608.33,304,F1,1,,,,,
2026-09-07,2026-09-07,CM,NSE,STK,31128,INE053F07538,810IRFC27,N2,,,,,BOND 8.10% PA TAX FREE S2,1083.00,1083.00,1082.00,1082.50,1082.50,1082.00,,1082.50,,,1319,1427195.00,26,F1,1,,,,,
2026-09-07,2026-09-07,CM,NSE,STK,31040,INE906B07CB9,830NHAI27,N2,,,,,BOND 8.30% PA TAX FREE S2,1086.00,1087.00,1085.50,1086.00,1086.00,1086.40,,1086.40,,,765,830945.22,11,F1,1,,,,,
2026-09-07,2026-09-07,CM,NSE,STK,30984,INE020B07HP8,846REC28,N6,,,,,BOND 8.46% TAX FREE S2A,1129.90,1129.90,1129.90,1129.90,1129.90,1117.61,,1129.90,,,26,29377.40,2,F1,1,,,,,
2026-09-07,2026-09-07,CM,NSE,STK,1991,INE053F07728,863IRFC29,NC,,,,,BOND 8.63% PA TF TII-SIIA,1154.90,1154.90,1154.00,1154.00,1154.00,1155.00,,1154.00,,,40,46178.00,2,F1,1,,,,,
2026-09-07,2026-09-07,CM,NSE,STK,603,INE053F07686,865IRFC29,NA,,,,,BOND 8.65% PA TF TI-SIIB,1100.10,1122.99,1100.10,1105.00,1105.00,1107.00,,1108.50,,,483,533419.30,16,F1,1,,,,,
2026-09-07,2026-09-07,CM,NSE,STK,30990,INE020B07HS2,871REC28,N9,,,,,BOND 8.71% TAX FREE S2B,1126.00,1126.00,1121.20,1125.81,1121.20,1121.42,,1125.81,,,104,117084.80,2,F1,1,,,,,
2026-09-07,2026-09-07,CM,NSE,STK,1999,INE053F07744,888IRFC29,NE,,,,,BOND 8.88% PA TF TII-SIIB,1126.10,1128.00,1123.00,1128.00,1128.00,1126.00,,1129.00,,,610,687123.50,17,F1,1,,,,,
2026-09-07,2026-09-07,CM,NSE,STK,31970,INE557F07132,901NHB34,N6,,,,,BOND 9.01%PA TF TR-I S 3B,6364.00,6364.01,6364.00,6364.01,6364.01,6378.63,,6364.01,,,3,19092.01,3,F1,1,,,,,
2026-09-07,2026-09-07,CM,NSE,STK,761056,INE0B9A01018,BONLON,EQ,,,,,BONLON INDUSTRIES LIMITED,43.00,43.00,40.05,40.08,40.06,40.13,,40.19,,,5106,205990.26,155,F1,1,,,,,
2026-09-07,2026-09-07,CM,NSE,STK,757919,INE16SF01016,BORANA,EQ,,,,,BORANA WEAVES LIMITED,304.65,339.00,304.65,325.25,327.00,307.60,,325.23,,,103211,33550273.60,2092,F1,1,,,,,
2026-09-07,2026-09-07,CM,NSE,STK,19401,INE02PY01013,BOROLTD,EQ,,,,,BOROSIL LIMITED,259.02,262.00,252.50,254.24,253.50,258.96,,254.24,,,123730,31680770.82,3520,F1,1,,,,,
2026-09-07,2026-09-07,CM,NSE,STK,3149,INE666D01022,BORORENEW,EQ,,,,,BOROSIL RENEWABLES LTD,501.90,517.95,500.95,513.65,514.00,499.15,,513.70,,,675793,346069569.20,20922,F1,1,,,,,
2026-09-07,2026-09-07,CM,NSE,STK,24014,INE02L001032,BOROSCI,EQ,,,,,BOROSIL SCIENTIFIC LTD,130.59,133.32,129.21,130.65,131.28,132.16,,130.65,,,30777,4037375.96,931,F1,1,,,,,
2026-09-07,2026-09-07,CM,NSE,STK,4491,INE782A01015,BOSCH-HCIL,EQ,,,,,BOSCH HOME COMFRT IND LTD,1825.00,1891.30,1802.30,1849.10,1854.90,1818.80,,1849.20,,,64899,120267998.50,9726,F1,1,,,,,
2026-09-07,2026-09-07,CM,NSE,STK,2181,INE323A01026,BOSCHLTD,EQ,,,,,BOSCH LIMITED,46750.00,48550.00,46535.00,48025.00,48025.00,46820.00,,48025.00,,,54963,2632404340.00,23896,F1,1,,,,,
2026-09-07,2026-09-07,CM,NSE,STK,25119,INE0QNI01012,BOSS,SM,,,,,BOSS PACKAGING SOLU LTD,54.60,57.90,54.20,57.20,57.90,55.70,,57.20,,,16000,888600.00,8,F1,2000,,,,,
2026-09-07,2026-09-07,CM,NSE,STK,530,INE110A01019,BPL,EQ,,,,,BPL LTD,49.38,49.87,48.10,48.77,49.00,49.38,,48.77,,,35621,1736396.37,617,F1,1,,,,,
2026-09-07,2026-09-07,CM,NSE,STK,24905,INE0R4Z01018,BRACEPORT,SM,,,,,BRACE PORT LOGISTICS LTD,58.00,58.00,48.00,51.40,57.00,58.80,,51.40,,,65600,3404800.00,41,F1,1600,,,,,
2026-09-07,2026-09-07,CM,NSE,STK,764628,INE320I01017,BRAHMINFRA,EQ,,,,,BRAHMAPUTRA INFRA L,162.98,163.82,156.00,158.66,160.74,163.82,,158.66,,,14611,2340759.39,483,F1,1,,,,,
2026-09-07,2026-09-07,CM,NSE,STK,24814,INE02RE01045,FIRSTCRY,EQ,,,,,BRAINBEES SOLUTIONS LTD,180.16,181.25,176.01,177.03,177.35,180.16,,177.03,,,583428,103802814.37,8858,F1,1,,,,,
2026-09-07,2026-09-07,CM,NSE,STK,7780,INE977Y01011,BCONCEPTS,EQ,,,,,BRAND CONCEPTS LIMITED,170.80,176.00,167.37,173.98,172.13,167.33,,173.98,,,8363,1435212.78,728,F1,1,,,,,
2026-09-07,2026-09-07,CM,NSE,STK,760972,INE0XUD01014,BRANDMAN,SM,,,,,BRANDMAN RETAIL LIMITED,165.25,175.70,165.25,170.25,170.00,171.30,,170.25,,,8000,1370080.00,8,F1,800,,,,,
2026-09-07,2026-09-07,CM,NSE,STK,15184,INE791I01019,BRIGADE,EQ,,,,,BRIGADE ENTER. LTD,700.00,704.85,672.90,679.05,676.00,696.10,,679.10,,,867916,594209742.15,32228,F1,1,,,,,
2026-09-07,2026-09-07,CM,NSE,STK,757794,INE03NU01014,BRIGHOTEL,EQ,,,,,BRIGADE HOTEL VENTURE LTD,59.90,59.90,57.11,57.34,57.64,59.19,,57.34,,,333568,19304720.54,10246,F1,1,,,,,
2026-09-07,2026-09-07,CM,NSE,STK,764633,INE630D01010,BRIGHTBR,EQ,,,,,BRIGHT BROTHERS LTD.,255.00,263.95,247.50,259.10,260.00,254.80,,259.35,,,3231,837904.35,80,F1,1,,,,,
2026-09-07,2026-09-07,CM,NSE,STK,8833,INE425B01027,BCG,EQ,,,,,BRIGHTCOM GROUP LIMITED,9.05,9.79,9.05,9.62,9.65,8.98,,9.62,,,18043444,172335841.74,11770,F1,1,,,,,
2026-09-07,2026-09-07,CM,NSE,STK,547,INE216A01030,BRITANNIA,EQ,,,,,BRITANNIA INDUSTRIES LTD,5126.00,5126.00,5005.50,5042.50,5042.50,5101.50,,5042.49,,,307760,1551972608.00,34290,F1,1,,,,,
2026-09-07,2026-09-07,CM,NSE,STK,2203,INE0FDU25010,BIRET,RR,,,,,BROOKFIELD INDIA RET,343.00,343.99,340.22,341.27,341.97,341.79,,341.27,,,221960,75818849.36,11869,F1,1,,,,,
2026-09-07,2026-09-07,CM,NSE,STK,25136,INE650L01011,BROOKS,EQ,,,,,BROOKS LAB LIMITED,66.70,70.80,66.60,67.70,67.10,66.07,,67.71,,,25779,1747956.37,289,F1,1,,,,,
2026-09-07,2026-09-07,CM,NSE,STK,19585,INE118H01025,BSE,EQ,,,,,BSE LIMITED,3430.00,3474.50,3420.00,3446.20,3446.20,3409.80,,3446.20,,,3952983,13619681378.90,177372,F1,1,,,,,
2026-09-07,2026-09-07,CM,NSE,STK,559,INE594B01012,BSL,EQ,,,,,BSL LTD,123.85,124.75,120.30,122.63,122.99,123.58,,122.65,,,12827,1565760.35,100,F1,1,,,,,
2026-09-07,2026-09-07,CM,NSE,STK,2716,INE295F01017,BUTTERFLY,EQ,,,,,BTRFLY GANDHI APPL LTD,624.80,624.85,613.00,614.90,615.00,624.85,,614.88,,,8621,5338433.30,477,F1,1,,,,,
2026-09-07,2026-09-07,CM,NSE,STK,24704,INE0SZ301012,BULKCORP,ST,,,,,BULKCORP INTERNATIONAL L,81.00,81.00,81.00,81.00,81.00,78.00,,81.00,,,1200,97200.00,1,F1,1200,,,,,
2026-09-07,2026-09-07,CM,NSE,STK,15194,INE817H01022,BURNPUR,EQ,,,,,BURNPUR CEMENT LIMITED,22.63,22.63,20.49,20.49,20.49,21.56,,20.49,,,378050,8000469.46,1239,F1,1,,,,,
2026-09-07,2026-09-07,CM,NSE,STK,764643,INE084D01010,CGVAK,EQ,,,,,C G V A K SOFTWARE & EX L,148.20,152.00,144.00,147.27,148.00,148.21,,147.16,,,1517,223595.41,102,F1,1,,,,,
2026-09-07,2026-09-07,CM,NSE,STK,760854,INE0SMX01019,CKKRETAIL,SM,,,,,C K K RETAIL MART LIMITED,150.00,150.10,149.50,149.65,149.50,151.00,,149.65,,,38400,5759320.00,11,F1,800,,,,,
2026-09-07,2026-09-07,CM,NSE,STK,18372,INE0QBU01012,CPS,SM,,,,,C P S SHAPERS LIMITED,1175.00,1186.50,1175.00,1186.50,1186.50,1130.00,,1186.50,,,1350,1597800.00,9,F1,150,,,,,
2026-09-07,2026-09-07,CM,NSE,STK,7227,INE0BV301023,MAPMYINDIA,EQ,,,,,C.E. INFO SYSTEMS LIMITED,980.00,982.00,963.80,976.00,977.40,972.20,,975.99,,,80595,78452927.50,6427,F1,1,,,,,
2026-09-07,2026-09-07,CM,NSE,STK,27274,INE0U7V01015,C2C,SM,,,,,C2C ADVANCED SYSTEMS LTD,219.80,223.00,214.50,215.75,215.75,221.80,,215.75,,,60750,13203022.50,334,F1,150,,,,,
2026-09-07,2026-09-07,CM,NSE,STK,21824,INE090Y01013,CADSYS,ST,,,,,CADSYS (INDIA) LIMITED,46.40,46.40,46.40,46.40,46.40,46.45,,46.40,,,500,23200.00,1,F1,500,,,,,
2026-09-07,2026-09-07,CM,NSE,STK,764255,INE11XY01018,CMLL,EQ,,,,,CALIBER MINING AND LOG L,504.05,506.90,483.60,490.25,485.55,503.05,,490.25,,,495341,242790935.10,12783,F1,1,,,,,
2026-09-07,2026-09-07,CM,NSE,STK,8400,INE526B01014,CALSOFT,BE,,,,,CALIFORNIA SOFTWARE CO LT,38.94,38.94,38.94,38.94,38.94,40.98,,38.88,,,70769,2755744.86,281,F1,1,,,,,
2026-09-07,2026-09-07,CM,NSE,STK,14222,INE627H01017,CTE,BE,,,,,CAMBRIDGE TECH ENTER LTD,42.66,43.49,40.67,41.85,42.50,41.82,,42.03,,,9057,381997.88,63,F1,1,,,,,
2026-09-07,2026-09-07,CM,NSE,STK,6216,INE052I01032,CAMLINFINE,EQ,,,,,CAMLIN FINE SCIENCES LTD,103.90,103.90,101.10,101.68,101.60,103.13,,101.69,,,283654,29071023.54,3360,F1,1,,,,,
2026-09-07,2026-09-07,CM,NSE,STK,9362,INE278Y01022,CAMPUS,EQ,,,,,CAMPUS ACTIVEWEAR LIMITED,222.91,222.91,217.20,218.77,219.10,223.24,,218.77,,,487844,106894936.33,11072,F1,1,,,,,
2026-09-07,2026-09-07,CM,NSE,STK,583,INE477A01020,CANFINHOME,EQ,,,,,CAN FIN HOMES LTD,805.80,814.40,795.00,805.45,808.00,807.40,,805.45,,,378816,305011778.65,18559,F1,1,,,,,
2026-09-07,2026-09-07,CM,NSE,STK,10794,INE476A01022,CANBK,EQ,,,,,CANARA BANK,125.80,126.35,124.00,124.00,124.00,125.50,,124.00,,,9628580,1199171726.87,61835,F1,1,,,,,
2026-09-07,2026-09-07,CM,NSE,STK,759477,INE01TY01017,CANHLIFE,EQ,,,,,CANARA HSBC LIFE INS CO L,158.50,158.50,152.95,153.97,153.85,157.23,,153.97,,,1602353,247744589.10,13585,F1,1,,,,,
2026-09-07,2026-09-07,CM,NSE,STK,759311,INE218I01013,CRAMC,EQ,,,,,CANARA ROBECO AMC LIMITED,253.00,253.95,248.15,249.25,249.10,251.50,,249.24,,,153117,38322448.50,5270,F1,1,,,,,
2026-09-07,2026-09-07,CM,NSE,STK,19368,INE0QG301017,CANARYS,SM,,,,,CANARYS AUTOMATIONS LTD,26.20,26.50,24.75,24.90,24.75,26.10,,24.90,,,100000,2534200.00,22,F1,4000,,,,,
2026-09-07,2026-09-07,CM,NSE,STK,20160,INE068L01024,CANTABIL,EQ,,,,,CANTABIL RETAIL LTD,242.80,243.60,238.01,238.83,238.16,243.05,,238.83,,,78096,18700478.91,2423,F1,1,,,,,
2026-09-07,2026-09-07,CM,NSE,STK,21749,INE264T01014,CAPACITE,EQ,,,,,CAPACITE INFRAPROJECT LTD,216.50,217.10,204.80,205.80,206.40,216.22,,205.80,,,627204,130608493.72,12204,F1,1,,,,,
2026-09-07,2026-09-07,CM,NSE,STK,759867,INE0ILV01024,CAPILLARY,EQ,,,,,CAPILLARY TECHNO INDIA L,490.05,490.05,472.00,473.80,475.90,490.05,,473.81,,,97805,46740641.25,3028,F1,1,,,,,
2026-09-07,2026-09-07,CM,NSE,STK,756015,INE345H01024,CIFL,EQ,,,,,CAPITAL INDIA FINANCE LTD,20.49,20.75,19.56,19.89,20.19,19.98,,19.89,,,1286514,25769746.54,757,F1,1,,,,,
2026-09-07,2026-09-07,CM,NSE,STK,29157,INE0Z8Z23013,CAPINVIT,IV,,,,,CAPITAL INFRA TRUST,76.90,77.25,76.64,76.85,76.89,76.64,,76.85,,,1192869,91679122.26,2072,F1,1,,,,,
2026-09-07,2026-09-07,CM,NSE,STK,22675,INE646H01017,CAPITALSFB,EQ,,,,,CAPITAL SMALL FIN BANK L,285.00,286.50,273.85,277.90,278.00,280.95,,277.91,,,38251,10710837.70,840,F1,1,,,,,
2026-09-07,2026-09-07,CM,NSE,STK,19451,INE707C01018,CAPTRUST,BE,,,,,CAPITAL TRUST LIMITED,20.04,20.21,19.62,19.89,19.90,20.04,,19.89,,,19020,379294.69,76,F1,1,,,,,
2026-09-07,2026-09-07,CM,NSE,STK,3906,INE475E01026,CAPLIPOINT,EQ,,,,,CAPLIN POINT LAB LTD.,2797.10,2836.00,2778.00,2814.00,2821.00,2810.80,,2813.98,,,111399,312854089.50,14381,F1,1,,,,,
2026-09-07,2026-09-07,CM,NSE,STK,20329,INE180C01042,CGCL,EQ,,,,,CAPRI GLOBAL CAPITAL LTD,282.70,287.45,273.10,275.70,273.80,279.90,,275.69,,,6271786,1755191127.65,153972,F1,1,,,,,
2026-09-07,2026-09-07,CM,NSE,STK,764203,INE536P01021,CPL,EQ,,,,,CAPTAIN POLYPLAST LIMITED,62.60,63.49,62.10,62.28,62.35,62.11,,62.22,,,117100,7359006.91,421,F1,1,,,,,
2026-09-07,2026-09-07,CM,NSE,STK,595,INE120A01034,CARBORUNIV,EQ,,,,,CARBORUNDUM UNIVERSAL LTD,1139.40,1151.00,1095.00,1104.00,1109.70,1130.60,,1104.02,,,237087,266852703.00,16473,F1,1,,,,,
2026-09-07,2026-09-07,CM,NSE,STK,29113,INE752H01013,CARERATING,EQ,,,,,CARE RATINGS LIMITED,1738.10,1809.00,1715.70,1729.30,1726.10,1738.20,,1729.39,,,92927,164074892.40,13218,F1,1,,,,,
2026-09-07,2026-09-07,CM,NSE,STK,758941,INE0P6P01016,CPEDU,EQ,,,,,CAREER POINT EDUTECH LTD,194.00,198.00,190.00,195.31,195.30,191.97,,195.36,,,12394,2422762.48,261,F1,1,,,,,
2026-09-07,2026-09-07,CM,NSE,STK,28879,INE0V7W01012,CARRARO,EQ,,,,,CARRARO INDIA LIMITED,532.00,544.90,526.00,540.45,539.70,533.65,,540.47,,,167274,89166632.95,6759,F1,1,,,,,
2026-09-07,2026-09-07,CM,NSE,STK,5407,INE290S01011,CARTRADE,EQ,,,,,CARTRADE TECH LIMITED,3004.00,3250.00,3004.00,3179.90,3176.80,3000.20,,3179.94,,,1233314,3909219079.50,95084,F1,1,,,,,
2026-09-07,2026-09-07,CM,NSE,STK,1879,INE482D01024,CARYSIL,EQ,,,,,CARYSIL LIMITED,1136.10,1165.00,1105.10,1152.60,1156.70,1140.80,,1152.57,,,198641,224196044.50,10615,F1,1,,,,,
2026-09-07,2026-09-07,CM,NSE,STK,758129,INE0WL201014,CUDML,SM,,,,,CASH UR DRIVE MARKETING L,102.50,104.20,102.10,102.10,102.10,105.20,,102.10,,,43000,4433850.00,28,F1,1000,,,,,
2026-09-07,2026-09-07,CM,NSE,STK,1250,INE172A01027,CASTROLIND,EQ,,,,,CASTROL INDIA LIMITED,191.80,191.80,188.17,189.01,189.00,190.27,,189.01,,,1639217,310670762.29,24628,F1,1,,,,,
2026-09-07,2026-09-07,CM,NSE,STK,11452,INE421D01022,CCL,EQ,,,,,CCL PRODUCTS (I) LTD,1103.80,1109.90,1085.00,1097.40,1108.00,1106.20,,1097.30,,,151259,165649880.30,17087,F1,1,,,,,
2026-09-07,2026-09-07,CM,NSE,STK,15254,INE482A01020,CEATLTD,EQ,,,,,CEAT LIMITED,3368.00,3368.00,3287.00,3336.10,3336.10,3333.20,,3336.16,,,55616,184770216.10,8581,F1,1,,,,,
2026-09-07,2026-09-07,CM,NSE,STK,757690,INE11J101017,CEDAAR,ST,,,,,CEDAAR TEXTILE LIMITED,13.60,13.60,13.30,13.30,13.30,13.60,,13.30,,,3000,40400.00,3,F1,1000,,,,,
2026-09-07,2026-09-07,CM,NSE,STK,24742,INE0AG901020,CEIGALL,EQ,,,,,CEIGALL INDIA LIMITED,356.60,373.20,355.15,370.30,370.95,355.80,,370.27,,,814931,297797494.15,16246,F1,1,,,,,
2026-09-07,2026-09-07,CM,NSE,STK,761037,INE016Q01014,CEINSYS,EQ,,,,,CEINSYS TECH LIMITED,680.90,724.00,680.90,708.75,715.00,677.85,,708.76,,,149385,106199266.75,9394,F1,1,,,,,
2026-09-07,2026-09-07,CM,NSE,STK,13162,INE185H01016,CELEBRITY,EQ,,,,,CELEBRITY FASHIONS LTD,6.80,6.80,6.66,6.72,6.70,6.80,,6.72,,,10083,67716.70,52,F1,1,,,,,
2026-09-07,2026-09-07,CM,NSE,STK,16950,INE0O0001013,CELLPOINT,SM,,,,,CELL POINT (INDIA) LTD,15.25,15.30,15.25,15.30,15.30,16.30,,15.30,,,4800,73380.00,4,F1,1200,,,,,
2026-09-07,2026-09-07,CM,NSE,STK,18806,INE0OMO01025,CELLECOR,SM,,,,,CELLECOR GADGETS LIMITED,32.35,32.50,32.05,32.25,32.05,32.85,,32.25,,,93000,2995350.00,28,F1,3000,,,,,
2026-09-07,2026-09-07,CM,NSE,STK,19795,INE0LMW01024,CELLO,EQ,,,,,CELLO WORLD LIMITED,343.05,344.95,337.35,338.95,338.85,342.00,,338.95,,,158668,54018582.55,8120,F1,1,,,,,
2026-09-07,2026-09-07,CM,NSE,STK,5622,INE686A01026,CEMPRO,EQ,,,,,CEMINDIA PROJECTS LIMITED,1297.40,1355.00,1284.60,1316.90,1311.00,1297.40,,1316.85,,,401585,533399907.80,33327,F1,1,,,,,
2026-09-07,2026-09-07,CM,NSE,STK,14894,INE483A01010,CENTRALBK,EQ,,,,,CENTRAL BANK OF INDIA,31.03,31.15,30.80,30.96,30.96,31.08,,30.96,,,3821575,118238782.60,19451,F1,1,,,,,
2026-09-07,2026-09-07,CM,NSE,STK,21174,INE736A01011,CDSL,EQ,,,,,CENTRAL DEPO SER (I) LTD,1392.10,1438.00,1383.80,1414.90,1414.90,1394.60,,1414.90,,,2731594,3883082379.90,73798,F1,1,,,,,
2026-09-07,2026-09-07,CM,NSE,STK,761581,INE05HV01027,CMPDI,EQ,,,,,CENTRAL MINE P N D INST L,244.00,247.00,236.60,240.12,240.80,243.92,,240.12,,,2756152,668227472.64,40046,F1,1,,,,,
2026-09-07,2026-09-07,CM,NSE,STK,2454,INE660C01027,CENTRUM,EQ,,,,,CENTRUM CAPITAL LIMITED,22.58,23.09,22.23,22.47,22.27,22.55,,22.47,,,215222,4857043.95,452,F1,1,,,,,
2026-09-07,2026-09-07,CM,NSE,STK,14982,INE320B01020,CENTUM,EQ,,,,,CENTUM ELECTRONICS LTD,3778.20,4420.00,3778.20,4376.90,4381.00,3767.30,,4377.01,,,827315,3499667819.30,106420,F1,1,,,,,
2026-09-07,2026-09-07,CM,NSE,STK,619,INE485A01015,CENTENKA,EQ,,,,,CENTURY ENKA LTD,618.30,624.95,602.00,607.05,607.50,608.90,,607.08,,,131351,80898823.55,5192,F1,1,,,,,
2026-09-07,2026-09-07,CM,NSE,STK,11511,INE281A01026,CENTEXT,EQ,,,,,CENTURY EXTRUSIONS LTD,20.36,21.00,20.31,20.92,20.91,20.19,,20.93,,,166389,3451768.42,1147,F1,1,,,,,
2026-09-07,2026-09-07,CM,NSE,STK,13305,INE348B01021,CENTURYPLY,EQ,,,,,CENTURY PLYBOARDS (I) LTD,750.25,760.00,736.10,739.30,738.95,748.45,,738.62,,,37954,28137238.90,7222,F1,1,,,,,
2026-09-07,2026-09-07,CM,NSE,STK,15039,INE739E01017,CERA,EQ,,,,,CERA SANITARYWARE LTD,5787.50,5799.00,5712.00,5743.50,5731.00,5787.50,,5743.38,,,2630,15106922.50,1044,F1,1,,,,,
2026-09-07,2026-09-07,CM,NSE,STK,29016,INE345B01019,CEREBRAINT,BZ,,,,,CEREBRA INT TECH LTD,2.69,2.82,2.69,2.79,2.82,2.69,,2.81,,,212461,589428.24,156,F1,1,,,,,
2026-09-07,2026-09-07,CM,NSE,STK,628,INE486A01021,CESC,EQ,,,,,CESC LTD,146.50,150.00,145.00,145.44,145.80,146.50,,145.44,,,1756003,257838104.80,24090,F1,1,,,,,
2026-09-07,2026-09-07,CM,NSE,STK,760,INE067A01029,CGPOWER,EQ,,,,,CG POWER AND IND SOL LTD,902.00,912.05,894.25,895.00,895.00,891.00,,895.07,,,3937949,3556302254.15,89241,F1,1,,,,,
2026-09-07,2026-09-07,CM,NSE,STK,8546,INE427F01016,CHALET,EQ,,,,,CHALET HOTELS LIMITED,900.00,913.45,893.10,908.75,911.00,896.75,,908.76,,,144926,131431595.50,11647,F1,1,,,,,
2026-09-07,2026-09-07,CM,NSE,STK,3482,INE419D01026,CLSEL,EQ,,,,,CHAMAN LAL SETIA EXP LTD,301.90,306.30,298.60,299.65,299.00,301.90,,299.65,,,69317,20847515.45,1925,F1,1,,,,,
2026-09-07,2026-09-07,CM,NSE,STK,13731,INE06PV01010,CMNL,SM,,,,,CHAMAN METALLICS LIMITED,115.00,116.75,115.00,116.35,116.75,115.75,,116.35,,,3000,347062.50,4,F1,750,,,,,
2026-09-07,2026-09-07,CM,NSE,STK,637,INE085A01013,CHAMBLFERT,EQ,,,,,CHAMBAL FERTILIZERS LTD,420.00,421.95,416.45,418.05,418.50,419.05,,418.06,,,364232,152292871.95,15628,F1,1,,,,,
2026-09-07,2026-09-07,CM,NSE,STK,29541,INE11HG01018,CHAMUNDA,SM,,,,,CHAMUNDA ELECTRICAL LTD,43.35,43.50,43.35,43.40,43.50,43.35,,43.40,,,6000,260550.00,2,F1,3000,,,,,
2026-09-07,2026-09-07,CM,NSE,STK,29633,INE0B2N01016,CHANDAN,SM,,,,,CHANDAN HEALTHCARE LTD,214.00,214.10,206.00,213.95,213.95,211.50,,213.95,,,10400,2188560.00,13,F1,800,,,,,
2026-09-07,2026-09-07,CM,NSE,STK,18654,INE0PT101017,CHAVDA,SM,,,,,CHAVDA INFRA LIMITED,124.00,129.00,124.00,125.55,126.10,124.50,,125.55,,,14000,1766050.00,13,F1,1000,,,,,
2026-09-07,2026-09-07,CM,NSE,STK,757991,INE0TGX01019,CHEMBONDCH,BE,,,,,CHEMBOND CHEMICAL LIMITED,259.95,267.15,253.00,267.15,267.15,254.45,,268.85,,,9181,2417612.25,122,F1,1,,,,,
2026-09-07,2026-09-07,CM,NSE,STK,14618,INE995D01025,CHEMBOND,EQ,,,,,CHEMBOND MATERIALTECH LTD,174.70,192.00,168.51,184.40,183.45,170.90,,184.40,,,33357,5976659.08,762,F1,1,,,,,
2026-09-07,2026-09-07,CM,NSE,STK,276,INE03YM01018,CHEMCON,BE,,,,,CHEMCON SPECIAL CHEM LTD,200.00,201.90,196.00,199.56,199.51,198.38,,199.49,,,24267,4836516.63,210,F1,1,,,,,
2026-09-07,2026-09-07,CM,NSE,STK,765045,INE298W01016,CHEMCRUX,EQ,,,,,CHEMCRUX ENTERPRISES LTD.,79.66,83.30,79.66,82.25,81.25,82.16,,82.25,,,3553,290907.81,131,F1,1,,,,,
2026-09-07,2026-09-07,CM,NSE,STK,2799,INE783X01023,CHEMFAB,EQ,,,,,CHEMFAB ALKALIS LIMITED,360.10,365.90,350.00,356.05,356.05,360.10,,356.05,,,2768,989326.45,157,F1,1,,,,,
2026-09-07,2026-09-07,CM,NSE,STK,5449,INE488A01050,CHEMPLASTS,EQ,,,,,CHEMPLAST SANMAR LIMITED,170.00,196.95,169.82,185.53,184.00,170.29,,185.53,,,17821135,3349793630.66,145423,F1,1,,,,,
2026-09-07,2026-09-07,CM,NSE,STK,2049,INE178A01016,CHENNPETRO,EQ,,,,,CHENNAI PETROLEUM CORP LT,1455.00,1461.40,1417.00,1430.20,1429.70,1452.20,,1430.19,,,567726,812279722.10,23369,F1,1,,,,,
2026-09-07,2026-09-07,CM,NSE,STK,24625,INE0U1T01012,CHETANA,SM,,,,,CHETANA EDUCATION LIMITED,43.75,43.80,43.75,43.80,43.80,43.65,,43.80,,,9600,420400.00,2,F1,1600,,,,,
2026-09-07,2026-09-07,CM,NSE,STK,9879,INE974B01016,CHEVIOT,EQ,,,,,CHEVIOT COMPANY LIMITED,1189.90,1244.10,1177.00,1217.10,1218.00,1159.40,,1216.75,,,14214,17281966.80,1303,F1,1,,,,,
2026-09-07,2026-09-07,CM,NSE,STK,8866,INE102B01014,CHOICEIN,EQ,,,,,CHOICE INTERNATIONAL LTD,762.00,768.95,751.85,755.65,756.00,760.95,,755.65,,,290500,220447989.80,7144,F1,1,,,,,
2026-09-07,2026-09-07,CM,NSE,STK,759610,INF2KCX01012,CHOICEGOLD,EQ,,,,,CHOICEAMC - CHOICEGOLD,150.00,152.00,149.51,150.14,150.04,152.65,,150.14,,,4860,730525.06,170,F1,1,,,,,
2026-09-07,2026-09-07,CM,NSE,STK,21740,INE149A01033,CHOLAHLDNG,EQ,,,,,CHOLAMANDALAM FIN HOL LTD,1523.00,1533.10,1495.30,1520.70,1520.10,1525.70,,1520.70,,,60819,92298799.20,8736,F1,1,,,,,
2026-09-07,2026-09-07,CM,NSE,STK,685,INE121A01024,CHOLAFIN,EQ,,,,,CHOLAMANDALAM IN & FIN CO,1838.60,1848.20,1798.30,1848.20,1848.20,1839.00,,1848.12,,,876074,1600326771.50,35376,F1,1,,,,,
2026-09-07,2026-09-07,CM,NSE,STK,14937,INE536H01010,CIEINDIA,EQ,,,,,CIE AUTOMOTIVE INDIA LTD,390.00,390.00,382.30,383.55,383.00,385.35,,383.55,,,224191,86286489.80,16423,F1,1,,,,,
2026-09-07,2026-09-07,CM,NSE,STK,27161,INE704H01022,CINELINE,EQ,,,,,CINELINE INDIA LIMITED,98.40,104.40,95.23,98.71,98.49,95.23,,98.70,,,332503,33478672.77,4046,F1,1,,,,,
2026-09-07,2026-09-07,CM,NSE,STK,8024,INE039B01026,CINEVISTA,EQ,,,,,CINEVISTA LIMITED,14.52,14.99,14.17,14.25,14.23,14.24,,14.25,,,8091,115511.54,67,F1,1,,,,,
2026-09-07,2026-09-07,CM,NSE,STK,694,INE059A01026,CIPLA,EQ,,,,,CIPLA LTD,1380.00,1395.70,1376.80,1395.00,1395.00,1385.00,,1395.00,,,606497,841806898.50,29776,F1,1,,,,,
2026-09-07,2026-09-07,CM,NSE,STK,763149,INE2Q7823014,CITIUSINVT,IV,,,,,CITIUS TRANSNET INV TRUST,116.40,117.45,115.80,116.22,116.30,116.37,,116.22,,,135845,15770862.88,540,F1,1,,,,,
2026-09-07,2026-09-07,CM,NSE,STK,5701,INE491A01021,CUB,EQ,,,,,CITY UNION BANK LTD,235.50,248.85,234.20,238.48,237.60,236.01,,238.49,,,6586154,1598404214.27,88340,F1,1,,,,,
2026-09-07,2026-09-07,CM,NSE,STK,20223,INE201M01029,CLEDUCATE,EQ,,,,,CL EDUCATE LIMITED,58.05,60.98,56.70,60.97,60.89,58.08,,60.97,,,25262,1484071.07,212,F1,1,,,,,
2026-09-07,2026-09-07,CM,NSE,STK,758736,INE0UQ601012,CLASSICEIL,SM,,,,,CLASSIC ELECTRODE (IND) L,57.65,57.65,57.00,57.65,57.65,54.95,,57.65,,,41600,2396320.00,23,F1,1600,,,,,
2026-09-07,2026-09-07,CM,NSE,STK,754695,INE1QGM01024,CLAYCRAFT,SM,,,,,CLAY CRAFT INDIA LIMITED,159.80,159.80,151.00,152.00,153.00,159.40,,152.00,,,90600,13865670.00,119,F1,600,,,,,
2026-09-07,2026-09-07,CM,NSE,STK,13846,INE376C01038,CLCIND,BE,,,,,CLC INDUSTRIES LIMITED,45.11,48.99,45.11,48.93,48.95,47.48,,48.90,,,1882,91626.31,17,F1,1,,,,,
2026-09-07,2026-09-07,CM,NSE,STK,760183,INE647U01026,CLEANMAX,EQ,,,,,CLEAN MAX ENVIRO EN SOL L,1344.00,1418.90,1340.30,1380.40,1378.60,1347.90,,1380.42,,,347544,482387944.20,28548,F1,1,,,,,
2026-09-07,2026-09-07,CM,NSE,STK,5049,INE227W01023,CLEAN,EQ,,,,,CLEAN SCIENCE & TECH LTD,831.95,858.70,829.60,844.40,844.50,836.15,,844.36,,,386433,326530851.10,20354,F1,1,,,,,
2026-09-07,2026-09-07,CM,NSE,STK,760143,INE1EF801010,CSSL,SM,,,,,CLEAR SECURED SERVICES L,93.00,93.00,92.50,93.00,93.00,91.65,,93.00,,,15000,1394000.00,8,F1,1000,,,,,
2026-09-07,2026-09-07,CM,NSE,STK,19676,INE981B01011,CMICABLES,BZ,,,,,CMI LIMITED,2.41,2.53,2.41,2.51,2.53,2.53,,2.51,,,19333,48637.40,53,F1,1,,,,,
2026-09-07,2026-09-07,CM,NSE,STK,30893,INE00WV01027,CMRGREEN,EQ,,,,,CMR GREEN TECHNOLOGIES L,229.00,230.38,220.00,221.03,223.30,228.34,,221.05,,,755435,170260703.60,15109,F1,1,,,,,
2026-09-07,2026-09-07,CM,NSE,STK,7603,INE925R01014,CMSINFO,EQ,,,,,CMS INFO SYSTEMS LIMITED,243.46,244.98,238.11,239.02,239.01,243.46,,239.02,,,454986,109121260.67,17097,F1,1,,,,,
2026-09-07,2026-09-07,CM,NSE,STK,20374,INE522F01014,COALINDIA,EQ,,,,,COAL INDIA LTD,416.60,420.30,413.30,418.85,418.85,415.35,,418.83,,,13592701,5674958384.90,114546,F1,1,,,,,
2026-09-07,2026-09-07,CM,NSE,STK,6006,INE377E01024,COASTCORP,EQ,,,,,COASTAL CORPORATION LTD,41.88,41.88,40.11,40.44,40.21,41.88,,40.44,,,47462,1935542.03,492,F1,1,,,,,
2026-09-07,2026-09-07,CM,NSE,STK,21508,INE704P01025,COCHINSHIP,EQ,,,,,COCHIN SHIPYARD LIMITED,1498.20,1520.40,1490.10,1506.40,1506.40,1499.10,,1506.43,,,615515,930439741.60,20959,F1,1,,,,,
2026-09-07,2026-09-07,CM,NSE,STK,11165,INE335K01011,COFFEEDAY,EQ,,,,,COFFEE DAY ENTERPRISE LTD,33.10,34.26,31.00,31.13,31.00,32.86,,31.13,,,2063142,67032612.62,4262,F1,1,,,,,
2026-09-07,2026-09-07,CM,NSE,STK,11543,INE591G01025,COFORGE,EQ,,,,,COFORGE LIMITED,1958.00,1958.60,1920.40,1935.00,1935.00,1972.80,,1935.00,,,1187703,2299190317.70,58042,F1,1,,,,,
2026-09-07,2026-09-07,CM,NSE,STK,17945,INE03QK01018,COHANCE,EQ,,,,,COHANCE LIFESCIENCES LTD,450.00,458.20,443.50,449.55,451.80,456.60,,449.54,,,845966,379772078.00,29741,F1,1,,,,,
2026-09-07,2026-09-07,CM,NSE,STK,15141,INE259A01022,COLPAL,EQ,,,,,COLGATE PALMOLIVE LTD.,1836.00,1838.90,1807.30,1813.50,1813.50,1829.20,,1813.50,,,289793,526236229.00,17013,F1,1,,,,,
2026-09-07,2026-09-07,CM,NSE,STK,762628,INE819A01049,COMFINTE,EQ,,,,,COMFORT INTECH LTD.,6.22,6.30,6.00,6.11,6.18,6.21,,6.12,,,138631,851424.06,426,F1,1,,,,,
2026-09-07,2026-09-07,CM,NSE,STK,21578,INE073V01015,COMSYN,EQ,,,,,COMMERCIAL SYN BAGS LTD,303.00,304.00,291.80,294.20,296.40,301.30,,294.18,,,242835,71615303.65,1859,F1,1,,,,,
2026-09-07,2026-09-07,CM,NSE,STK,764648,INE823B01015,COMPEAU,EQ,,,,,COMPETENT AUTOMOB CO. L,371.50,371.50,350.00,353.00,369.55,371.80,,354.84,,,250,92247.45,26,F1,1,,,,,
2026-09-07,2026-09-07,CM,NSE,STK,19670,INE070C01037,COMPINFO,BZ,,,,,COMPUAGE INFOCOM LTD,1.09,1.10,1.06,1.06,1.06,1.09,,1.06,,,10515,11342.68,34,F1,1,,,,,
2026-09-07,2026-09-07,CM,NSE,STK,31138,INE453B01029,COMPUSOFT,EQ,,,,,COMPUCOM SOFTWARE LTD,13.04,13.26,13.02,13.16,13.15,13.02,,13.16,,,32153,422249.34,180,F1,1,,,,,
2026-09-07,2026-09-07,CM,NSE,STK,342,INE596I01020,CAMS,EQ,,,,,COMPUTER AGE MNGT SER LTD,748.00,748.80,736.50,736.50,736.50,748.80,,736.72,,,452436,335892102.05,21923,F1,1,,,,,
2026-09-07,2026-09-07,CM,NSE,STK,18060,INE338H01029,CONCORDBIO,EQ,,,,,CONCORD BIOTECH LIMITED,1417.10,1456.10,1417.00,1443.20,1449.90,1417.10,,1443.18,,,62119,89416700.20,9562,F1,1,,,,,
2026-09-07,2026-09-07,CM,NSE,STK,28764,INE037Z01029,CEWATER,EQ,,,,,CONCORD ENVIRO SYSTEMS L,263.85,269.00,260.00,265.25,264.00,262.55,,265.22,,,38769,10264720.10,2072,F1,1,,,,,
2026-09-07,2026-09-07,CM,NSE,STK,764638,INE700F01024,CFEL,EQ,,,,,CONFIDENCE FUTURIST ENE L,31.85,32.75,31.85,32.48,32.55,32.48,,32.48,,,13840,450984.58,97,F1,1,,,,,
2026-09-07,2026-09-07,CM,NSE,STK,10238,INE552D01024,CONFIPET,EQ,,,,,CONFIDENCE PETRO IND LTD.,82.48,85.20,82.00,82.18,82.20,82.48,,82.18,,,2942312,242799351.71,9940,F1,1,,,,,
2026-09-07,2026-09-07,CM,NSE,STK,758453,INE0EAS01014,CONNPLEX,SM,,,,,CONNPLEX CINEMAS LIMITED,254.00,267.65,240.00,247.45,245.00,244.45,,247.45,,,151200,38307000.00,153,F1,800,,,,,
2026-09-07,2026-09-07,CM,NSE,STK,14992,INE429I01024,CCCL,EQ,,,,,CONS. CONST. CONSORT LTD,14.60,14.62,13.91,14.14,14.10,14.27,,14.14,,,124145,1759793.91,426,F1,1,,,,,
2026-09-07,2026-09-07,CM,NSE,STK,11732,INE025A01027,CONSOFINVT,BE,,,,,CONSO. FIN. & HOLD. LTD.,302.70,302.70,302.70,302.70,302.70,288.30,,302.70,,,29631,8969303.70,76,F1,1,,,,,
2026-09-07,2026-09-07,CM,NSE,STK,4749,INE111A01025,CONCOR,EQ,,,,,CONTAINER CORP OF IND LTD,507.90,510.30,501.30,503.90,503.90,508.00,,503.90,,,705152,356348057.55,16077,F1,1,,,,,
2026-09-07,2026-09-07,CM,NSE,STK,2531,INE340Z01019,CONTI,SM,,,,,CONTINENTAL SEED CHEM LTD,11.65,11.65,11.65,11.65,11.65,11.10,,11.65,,,3333,38829.45,1,F1,3333,,,,,
2026-09-07,2026-09-07,CM,NSE,STK,17477,INE663B01015,CONTROLPR,EQ,,,,,CONTROL PRINT LIMITED,596.30,608.00,589.55,600.20,602.00,593.35,,600.16,,,13181,7887483.60,1312,F1,1,,,,,
2026-09-07,2026-09-07,CM,NSE,STK,8567,INE0HS001028,COOLCAPS,ST,,,,,COOL CAPS INDUSTRIES LTD,24.50,25.55,24.10,24.85,25.20,24.50,,24.85,,,97500,2424937.50,55,F1,1250,,,,,
2026-09-07,2026-09-07,CM,NSE,STK,4007,INE558D01021,CORALFINAC,EQ,,,,,CORAL INDIA FIN & HOUS LT,32.81,33.49,32.51,32.68,32.81,33.47,,32.68,,,3658,120864.07,122,F1,1,,,,,
2026-09-07,2026-09-07,CM,NSE,STK,15271,INE792I01017,CORDSCABLE,EQ,,,,,CORDS CABLE INDUS LTD.,324.00,324.00,302.00,313.35,313.00,317.00,,313.32,,,194076,60794201.45,4575,F1,1,,,,,
2026-09-07,2026-09-07,CM,NSE,STK,739,INE169A01031,COROMANDEL,EQ,,,,,COROMANDEL INTERNTL. LTD,1937.10,1980.00,1925.10,1974.60,1972.20,1938.80,,1974.56,,,86472,169653493.50,15347,F1,1,,,,,
2026-09-07,2026-09-07,CM,NSE,STK,760254,INE02ZQ01018,CORONA,EQ,,,,,CORONA REMEDIES LIMITED,2100.00,2108.60,2056.70,2071.40,2077.00,2100.10,,2071.58,,,8419,17516048.90,2241,F1,1,,,,,
2026-09-07,2026-09-07,CM,NSE,STK,742,INE757A01017,COSMOFIRST,EQ,,,,,COSMO FIRST LIMITED,919.85,932.90,918.40,926.30,922.00,919.85,,926.33,,,55031,50927843.15,3415,F1,1,,,,,
2026-09-07,2026-09-07,CM,NSE,STK,6385,INE652F01027,CCHHL,EQ,,,,,COUNTRY CLUB HOSP HOL LTD,12.70,12.98,12.61,12.65,12.91,12.61,,12.65,,,21353,274440.90,105,F1,1,,,,,
2026-09-07,2026-09-07,CM,NSE,STK,16989,INE695B01025,COUNCODOS,BE,,,,,COUNTRY CONDO S LIMITED,6.44,6.64,6.40,6.51,6.41,6.45,,6.51,,,20948,135837.38,104,F1,1,,,,,
2026-09-07,2026-09-07,CM,NSE,STK,20086,INE521J01018,CPCAP,EQ,,,,,CP CAPITAL LIMITED,129.10,140.70,128.11,135.89,136.90,128.33,,135.89,,,111085,15146366.27,1326,F1,1,,,,,
2026-09-07,2026-09-07,CM,NSE,STK,2328,INF457M01133,CPSEETF,EQ,,,,,CPSE ETF,93.20,94.47,93.20,93.47,93.26,93.70,,93.46,,,480522,45027212.03,8409,F1,1,,,,,
2026-09-07,2026-09-07,CM,NSE,STK,2854,INE00LO01017,CRAFTSMAN,EQ,,,,,CRAFTSMAN AUTOMATION LTD,11456.00,11456.00,11100.00,11297.00,11250.00,11398.00,,11296.92,,,27397,308227043.00,10299,F1,1,,,,,
2026-09-07,2026-09-07,CM,NSE,STK,764653,INE145E01017,CRAVATEX,EQ,,,,,CRAVATEX LTD.,335.00,335.00,320.20,322.05,322.05,329.50,,323.44,,,207,67083.35,36,F1,1,,,,,
2026-09-07,2026-09-07,CM,NSE,STK,16419,INE0OFK01019,CRAYONS,SM,,,,,CRAYONS ADVERTISING LTD,24.15,24.95,23.90,24.00,24.00,25.10,,24.00,,,13000,315600.00,11,F1,1000,,,,,
2026-09-07,2026-09-07,CM,NSE,STK,9384,INE230B01021,CREATIVEYE,EQ,,,,,CREATIVE EYE LIMITED,6.19,6.25,6.03,6.18,6.07,6.19,,6.18,,,5934,36679.41,53,F1,1,,,,,
2026-09-07,2026-09-07,CM,NSE,STK,23468,INE0R7401011,CGRAPHICS,SM,,,,,CREATIVE GRAPHICS S IND L,145.60,148.50,140.00,142.85,144.75,147.60,,142.85,,,71200,10330840.00,50,F1,800,,,,,
2026-09-07,2026-09-07,CM,NSE,STK,11155,INE985W01018,CNL,EQ,,,,,CREATIVE NEWTECH LIMITED,1221.50,1244.90,1200.00,1209.50,1208.10,1215.50,,1209.16,,,20230,24646274.50,1528,F1,1,,,,,
2026-09-07,2026-09-07,CM,NSE,STK,765303,INE1KPX01025,CREDENT,SM,,,,,CREDENT CONNECT N CARE L,315.80,335.00,310.50,324.50,326.00,317.70,,324.50,,,121200,39396120.00,183,F1,600,,,,,
2026-09-07,2026-09-07,CM,NSE,STK,4421,INE741K01010,CREDITACC,EQ,,,,,CREDITACCESS GRAMEEN LTD,1448.00,1448.50,1420.00,1427.20,1425.00,1443.10,,1427.17,,,110842,158495842.10,23191,F1,1,,,,,
2026-09-07,2026-09-07,CM,NSE,STK,20878,INE220Q01020,MUFTI,EQ,,,,,CREDO BRANDS MARKETING L,74.68,76.48,72.90,74.00,74.84,75.23,,74.02,,,62838,4716977.03,961,F1,1,,,,,
2026-09-07,2026-09-07,CM,NSE,STK,765053,INE716D01033,CRSL,BE,,,,,CRESSANDA RAILWAY SOLUT L,2.76,2.84,2.61,2.63,2.67,2.73,,2.63,,,570828,1517160.35,780,F1,1,,,,,
2026-09-07,2026-09-07,CM,NSE,STK,13900,INE559D01011,CREST,EQ,,,,,CREST VENTURES LIMITED,357.35,375.00,351.75,370.65,373.00,359.00,,370.65,,,5288,1942387.15,139,F1,1,,,,,
2026-09-07,2026-09-07,CM,NSE,STK,757,INE007A01025,CRISIL,EQ,,,,,CRISIL LTD,4800.00,4838.70,4769.00,4786.60,4773.70,4802.00,,4786.52,,,26082,125306622.40,8189,F1,1,,,,,
2026-09-07,2026-09-07,CM,NSE,STK,757850,INE0S4R01014,CRIZAC,EQ,,,,,CRIZAC LIMITED,160.31,164.79,160.11,162.15,162.25,160.29,,162.15,,,199395,32435365.96,3968,F1,1,,,,,
2026-09-07,2026-09-07,CM,NSE,STK,17094,INE299U01018,CROMPTON,EQ,,,,,CROMPT GREA CON ELEC LTD,231.99,233.18,229.63,231.02,231.02,232.40,,230.89,,,1668593,386341302.58,35828,F1,1,,,,,
2026-09-07,2026-09-07,CM,NSE,STK,18263,INE00NH01017,CLSL,ST,,,,,CROP LIFE SCIENCE LIMITED,82.95,83.00,82.95,83.00,83.00,87.25,,83.00,,,6000,497900.00,3,F1,2000,,,,,
2026-09-07,2026-09-07,CM,NSE,STK,8083,INE491V01019,CROWN,EQ,,,,,CROWN LIFTERS LIMITED,114.70,117.80,114.00,115.39,115.00,112.84,,115.39,,,18928,2180960.11,284,F1,1,,,,,
2026-09-07,2026-09-07,CM,NSE,STK,14966,INE679A01013,CSBBANK,EQ,,,,,CSB BANK LIMITED,328.40,328.40,318.75,321.15,322.85,328.55,,321.14,,,390084,125938796.00,14566,F1,1,,,,,
2026-09-07,2026-09-07,CM,NSE,STK,10350,INE718F01018,CSLFINANCE,EQ,,,,,CSL FINANCE LIMITED,254.90,258.00,237.68,243.61,243.72,251.77,,243.58,,,136742,33801366.95,4053,F1,1,,,,,
2026-09-07,2026-09-07,CM,NSE,STK,763753,INE0ZK601013,CSM,EQ,,,,,CSM TECHNOLOGIES LIMITED,94.00,95.00,92.67,93.57,92.70,94.36,,93.54,,,104718,9777031.29,1451,F1,1,,,,,
2026-09-07,2026-09-07,CM,NSE,STK,15078,INE0NR623014,CUBEINVIT,IV,,,,,CUBE HIGHWAYS TRUST,157.50,158.00,156.80,157.38,157.00,157.50,,157.38,,,382415,60180595.55,5421,F1,1,,,,,
2026-09-07,2026-09-07,CM,NSE,STK,4064,INE144D01012,CUBEXTUB,EQ,,,,,CUBEX TUBINGS LTD,77.98,77.98,76.01,76.25,76.70,76.80,,76.24,,,36300,2783358.86,984,F1,1,,,,,
2026-09-07,2026-09-07,CM,NSE,STK,1901,INE298A01020,CUMMINSIND,EQ,,,,,CUMMINS INDIA LTD,5035.00,5072.00,4985.00,5030.00,5030.00,5035.00,,5029.84,,,201783,1014641416.50,27804,F1,1,,,,,
2026-09-07,2026-09-07,CM,NSE,STK,18520,INE509F01029,CUPID,EQ,,,,,CUPID LIMITED,283.70,285.80,280.05,280.95,281.00,283.15,,280.94,,,5517341,1557927448.45,59356,F1,1,,,,,
2026-09-07,2026-09-07,CM,NSE,STK,30189,INE117B01020,CURAA,EQ,,,,,CURA TECHNOLOGIES LIMITED,76.00,80.00,76.00,77.96,77.25,72.46,,78.18,,,2646,206740.70,71,F1,1,,,,,
2026-09-07,2026-09-07,CM,NSE,STK,759825,INE1BZN01016,CURIS,SM,,,,,CURIS LIFESCIENCES LTD,151.35,169.80,151.35,165.70,169.80,151.35,,165.70,,,60000,9573450.00,47,F1,1000,,,,,
2026-09-07,2026-09-07,CM,NSE,STK,758964,INE1CRQ01014,CURRENT,SM,,,,,CURRENT INFRAPROJECTS LTD,83.30,85.00,83.25,85.00,85.00,85.00,,85.00,,,12800,1080240.00,8,F1,1600,,,,,
2026-09-07,2026-09-07,CM,NSE,STK,11842,INE278G01037,CYBERMEDIA,EQ,,,,,CYBER MEDIA (INDIA) LTD.,26.82,28.99,26.40,26.57,26.52,26.40,,26.56,,,438940,12040544.22,2525,F1,1,,,,,
2026-09-07,2026-09-07,CM,NSE,STK,11447,INE075Z01011,CMRSL,SM,,,,,CYBER MEDIA RES & SER LTD,70.50,76.80,70.50,76.80,76.80,73.15,,76.80,,,21600,1653320.00,21,F1,800,,,,,
2026-09-07,2026-09-07,CM,NSE,STK,6054,INE214A01019,CYBERTECH,BE,,,,,CYBERTECH SYSTEMS & SOFTW,133.00,134.99,132.50,134.00,134.85,133.36,,134.02,,,19142,2568591.56,219,F1,1,,,,,
2026-09-07,2026-09-07,CM,NSE,STK,17187,INE055S01018,CYIENTDLM,EQ,,,,,CYIENT DLM LIMITED,856.00,873.90,851.95,865.35,869.05,856.95,,865.31,,,271098,233915694.30,16453,F1,1,,,,,
2026-09-07,2026-09-07,CM,NSE,STK,5748,INE136B01020,CYIENT,EQ,,,,,CYIENT LIMITED,1098.10,1117.60,1074.20,1105.40,1102.10,1101.80,,1105.42,,,362143,396658049.20,24780,F1,1,,,,,
2026-09-07,2026-09-07,CM,NSE,STK,16902,INE864X01013,DPWIRES,BE,,,,,D P WIRES LIMITED,154.62,156.49,154.20,155.98,156.46,154.62,,155.98,,,5544,858827.26,93,F1,1,,,,,
2026-09-07,2026-09-07,CM,NSE,STK,17851,INE250K01012,DLINKINDIA,EQ,,,,,D-LINK INDIA LTD,452.00,452.00,442.55,445.70,447.80,451.15,,445.69,,,50148,22365463.50,2416,F1,1,,,,,
2026-09-07,2026-09-07,CM,NSE,STK,936,INE266Y01019,DPABHUSHAN,EQ,,,,,D. P. ABHUSHAN LIMITED,1419.00,1488.80,1406.20,1424.70,1420.00,1414.20,,1424.61,,,43118,62642175.80,3798,F1,1,,,,,
2026-09-07,2026-09-07,CM,NSE,STK,17881,INE950I01011,DBCORP,EQ,,,,,D.B.CORP LTD,196.90,197.82,193.55,195.24,194.90,195.65,,195.24,,,61431,12009332.60,2050,F1,1,,,,,
2026-09-07,2026-09-07,CM,NSE,STK,772,INE016A01026,DABUR,EQ,,,,,DABUR INDIA LTD,380.90,381.80,373.80,375.50,375.50,380.90,,375.50,,,2530210,950614777.80,33365,F1,1,,,,,
2026-09-07,2026-09-07,CM,NSE,STK,762636,INE928C01010,DAICHI,BE,,,,,DAI-ICHI KARKARIA LTD.,363.20,380.00,352.00,370.60,370.00,364.80,,369.22,,,3024,1121031.70,88,F1,1,,,,,
2026-09-07,2026-09-07,CM,NSE,STK,8075,INE00R701025,DALBHARAT,EQ,,,,,DALMIA BHARAT LIMITED,1750.00,1752.10,1701.20,1713.90,1715.00,1749.30,,1713.90,,,81213,139736145.50,9506,F1,1,,,,,
2026-09-07,2026-09-07,CM,NSE,STK,781,INE495A01022,DALMIASUG,EQ,,,,,DALMIA BHARAT SUG IN LTD,441.00,463.00,441.00,447.80,448.00,438.55,,447.87,,,292054,132523489.35,8425,F1,1,,,,,
2026-09-07,2026-09-07,CM,NSE,STK,28662,INE284H01025,DAMCAPITAL,EQ,,,,,DAM CAPITAL ADVISORS LTD,144.30,145.21,143.00,143.38,143.00,144.90,,143.36,,,155993,22446082.91,2197,F1,1,,,,,
2026-09-07,2026-09-07,CM,NSE,STK,17569,INE497D01022,DAMODARIND,BE,,,,,DAMODAR INDUSTRIES LTD,28.45,29.30,28.01,29.30,29.30,28.45,,29.30,,,2507,72122.71,26,F1,1,,,,,
2026-09-07,2026-09-07,CM,NSE,STK,1110,INE688Y01022,DANGEE,EQ,,,,,DANGEE DUMS LIMITED,2.98,3.02,2.86,2.89,2.89,2.94,,2.89,,,83815,244018.26,154,F1,1,,,,,
2026-09-07,2026-09-07,CM,NSE,STK,25927,INE0YU901016,DANISH,SM,,,,,DANISH POWER LIMITED,845.00,874.10,836.75,870.10,872.00,854.10,,870.10,,,48300,41320710.00,188,F1,150,,,,,
2026-09-07,2026-09-07,CM,NSE,STK,7358,INE0IX101010,DATAPATTNS,EQ,,,,,DATA PATTERNS INDIA LTD,4569.10,4644.00,4554.30,4590.80,4604.50,4585.00,,4590.79,,,304258,1400546377.00,31118,F1,1,,,,,
2026-09-07,2026-09-07,CM,NSE,STK,11423,INE365B01017,DATAMATICS,EQ,,,,,DATAMATICS GLOBAL SER LTD,762.20,769.00,752.10,756.30,758.80,764.90,,756.30,,,38172,29048216.45,2432,F1,1,,,,,
2026-09-07,2026-09-07,CM,NSE,STK,21794,INE179G01029,DAVANGERE,EQ,,,,,DAVANGERE SUGAR COMPANY L,2.02,2.05,1.95,1.96,1.98,1.96,,1.96,,,20523336,40880382.07,4485,F1,1,,,,,
2026-09-07,2026-09-07,CM,NSE,STK,31111,INE921B01025,DBSTOCKBRO,BE,,,,,DB (INT) STOCK BROKERS,28.40,28.96,28.40,28.61,28.94,28.63,,28.61,,,1337,38584.50,18,F1,1,,,,,
2026-09-07,2026-09-07,CM,NSE,STK,11566,INE0A1101019,DCI,EQ,,,,,DC INFOTECH AND COMUN LTD,351.00,357.85,341.80,351.25,350.15,350.55,,351.25,,,54966,19208285.15,2712,F1,1,,,,,
2026-09-07,2026-09-07,CM,NSE,STK,13725,INE503A01015,DCBBANK,EQ,,,,,DCB BANK LIMITED,220.90,222.99,218.05,221.31,221.50,220.74,,221.31,,,877083,193143216.47,18133,F1,1,,,,,
2026-09-07,2026-09-07,CM,NSE,STK,23520,INE0S8401018,DCG,SM,,,,,DCG CABLES & WIRES LTD,69.00,69.00,64.65,66.65,66.65,68.80,,66.65,,,27600,1814400.00,23,F1,1200,,,,,
2026-09-07,2026-09-07,CM,NSE,STK,4775,INE891B01012,DCMFINSERV,EQ,,,,,DCM FINANCIAL SERVICES LT,5.20,5.35,5.04,5.33,5.33,5.20,,5.33,,,3440,17555.38,61,F1,1,,,,,
2026-09-07,2026-09-07,CM,NSE,STK,7323,INE498A01018,DCM,BE,,,,,DCM LIMITED,77.61,78.70,75.50,76.15,75.50,77.01,,76.15,,,29267,2236618.62,115,F1,1,,,,,
2026-09-07,2026-09-07,CM,NSE,STK,11039,INE08KP01019,DCMNVL,EQ,,,,,DCM NOUVELLE LIMITED,186.99,188.00,182.35,183.01,183.00,184.96,,183.01,,,14824,2736073.74,1058,F1,1,,,,,
2026-09-07,2026-09-07,CM,NSE,STK,760893,INE0OFM01015,DSFCL,BE,,,,,DCM SHRIRAM FINE CHEM LTD,25.81,26.39,25.25,25.99,26.39,25.81,,26.01,,,43735,1131023.26,149,F1,1,,,,,
2026-09-07,2026-09-07,CM,NSE,STK,7325,INE843D01027,DCMSRIND,EQ,,,,,DCM SHRIRAM IND LTD,45.97,47.46,44.00,44.53,44.80,44.91,,44.53,,,523876,23835606.49,4236,F1,1,,,,,
2026-09-07,2026-09-07,CM,NSE,STK,760896,INE0OU201013,DCMSIL,EQ,,,,,DCM SHRIRAM INTERNATNL L,68.57,69.79,67.00,67.42,67.75,68.76,,67.49,,,65873,4474456.42,763,F1,1,,,,,
2026-09-07,2026-09-07,CM,NSE,STK,811,INE499A01024,DCMSHRIRAM,EQ,,,,,DCM SHRIRAM LIMITED,1019.90,1025.40,1005.00,1011.20,1013.90,1020.90,,1011.24,,,56453,57084836.80,4705,F1,1,,,,,
2026-09-07,2026-09-07,CM,NSE,STK,817,INE500A01029,DCW,EQ,,,,,DCW LTD,45.86,48.99,45.67,47.99,48.08,45.98,,47.99,,,5474375,263468684.45,19024,F1,1,,,,,
2026-09-07,2026-09-07,CM,NSE,STK,11895,INE0KL801015,DCXINDIA,EQ,,,,,DCX SYSTEMS LIMITED,168.64,175.70,168.50,173.67,173.95,168.83,,173.66,,,1095598,188517435.70,11267,F1,1,,,,,
2026-09-07,2026-09-07,CM,NSE,STK,29098,INE0HR601026,DDEVPLSTIK,EQ,,,,,DDEV PLASTIKS IND LTD,275.00,278.95,272.30,274.75,274.85,273.00,,274.75,,,102212,28187641.40,2888,F1,1,,,,,
2026-09-07,2026-09-07,CM,NSE,STK,15449,INE0JWV01011,DENEERS,SM,,,,,DE NEERS TOOLS LIMITED,172.45,174.80,168.00,168.90,170.00,172.30,,168.90,,,34200,5867910.00,27,F1,600,,,,,
2026-09-07,2026-09-07,CM,NSE,STK,4279,INE244A01016,DENORA,EQ,,,,,DE NORA INDIA LIMITED,812.30,835.00,806.05,814.35,812.20,812.30,,814.35,,,2607,2134508.60,234,F1,1,,,,,
2026-09-07,2026-09-07,CM,NSE,STK,14838,INE583C01021,DECCANCE,EQ,,,,,DECCAN CEMENTS LIMITED,569.90,583.45,567.10,573.15,570.30,569.75,,573.15,,,23294,13388351.80,717,F1,1,,,,,
2026-09-07,2026-09-07,CM,NSE,STK,762638,INE945F01025,DECNGOLD,EQ,,,,,DECCAN GOLD MINES LTD.,213.98,217.80,212.10,215.77,216.00,213.87,,215.77,,,636636,136848691.31,9786,F1,1,,,,,
2026-09-07,2026-09-07,CM,NSE,STK,25421,INE0S7C01019,DECCANTRAN,SM,,,,,DECCAN TRANSCON LEASING L,20.25,20.50,20.25,20.50,20.50,20.00,,20.50,,,8400,171600.00,7,F1,1200,,,,,
2026-09-07,2026-09-07,CM,NSE,STK,24154,INE841L01016,DEEDEV,EQ,,,,,DEE DEVELOPMENT ENG LTD,667.00,690.00,652.50,677.05,682.00,658.25,,677.04,,,299886,202564337.30,12691,F1,1,,,,,
2026-09-07,2026-09-07,CM,NSE,STK,22802,INE586O01011,DEEM,ST,,,,,DEEM ROLL TECH LIMITED,44.10,44.40,44.10,44.40,44.40,42.30,,44.40,,,3000,132900.00,3,F1,1000,,,,,
2026-09-07,2026-09-07,CM,NSE,STK,3292,INE0FHS01024,DEEPINDS,EQ,,,,,DEEP INDUSTRIES LIMITED,790.00,799.50,765.00,785.20,785.00,786.45,,785.21,,,736057,577248643.90,32015,F1,1,,,,,
2026-09-07,2026-09-07,CM,NSE,STK,765055,INE00IY01012,DEEP,EQ,,,,,DEEP POLYMERS LTD.,34.60,35.70,34.60,35.57,35.38,35.00,,35.34,,,14659,515003.36,95,F1,1,,,,,
2026-09-07,2026-09-07,CM,NSE,STK,25892,INE0OPA01027,DBEIL,EQ,,,,,DEEPAK BUILDERS & ENG I L,6.61,7.71,6.61,7.50,7.60,6.43,,7.50,,,3371577,25384422.40,3562,F1,1,,,,,
2026-09-07,2026-09-07,CM,NSE,STK,827,INE501A01019,DEEPAKFERT,EQ,,,,,DEEPAK FERTILIZERS & PETR,1362.00,1368.90,1337.20,1344.20,1347.00,1362.10,,1344.19,,,194988,262918570.20,15524,F1,1,,,,,
2026-09-07,2026-09-07,CM,NSE,STK,19943,INE288B01029,DEEPAKNTR,EQ,,,,,DEEPAK NITRITE LTD,1712.40,1728.30,1636.50,1642.10,1645.00,1712.40,,1642.05,,,424929,704352232.70,31041,F1,1,,,,,
2026-09-07,2026-09-07,CM,NSE,STK,22527,INE0SK801018,DELAPLEX,SM,,,,,DELAPLEX LIMITED,100.00,104.00,100.00,103.80,103.85,100.00,,103.80,,,9000,923070.00,15,F1,600,,,,,
2026-09-07,2026-09-07,CM,NSE,STK,9599,INE148O01028,DELHIVERY,EQ,,,,,DELHIVERY LIMITED,456.00,458.75,450.40,453.80,453.80,457.90,,453.77,,,583502,264800526.00,17404,F1,1,,,,,
2026-09-07,2026-09-07,CM,NSE,STK,24395,INE726L01027,DELPHIFX,BE,,,,,DELPHI WORLD MONEY LTD,6.06,6.25,5.85,6.01,5.91,6.04,,6.01,,,106241,643834.46,172,F1,1,,,,,
2026-09-07,2026-09-07,CM,NSE,STK,29092,INE0XRN01019,DELTIC,SM,,,,,DELTA AUTOCORP LIMITED,34.50,35.45,34.50,35.15,35.15,35.35,,35.15,,,17000,595750.00,11,F1,1000,,,,,
2026-09-07,2026-09-07,CM,NSE,STK,15044,INE124G01033,DELTACORP,EQ,,,,,DELTA CORP LIMITED,56.25,56.80,56.00,56.20,56.05,56.12,,56.20,,,457673,25751322.56,3401,F1,1,,,,,
2026-09-07,2026-09-07,CM,NSE,STK,1214,INE393A01011,DELTAMAGNT,EQ,,,,,DELTA MANUFACTURING LTD,59.45,59.45,56.70,58.38,59.20,58.40,,58.38,,,1235,72793.91,40,F1,1,,,,,
2026-09-07,2026-09-07,CM,NSE,STK,17722,INE947J01015,DEN,EQ,,,,,DEN NETWORKS LTD,27.70,28.07,27.70,27.90,27.90,27.97,,27.90,,,188251,5250188.05,931,F1,1,,,,,
2026-09-07,2026-09-07,CM,NSE,STK,29256,INE0R4L01018,DENTA,EQ,,,,,DENTA WATER N INFRA SOL L,275.40,283.25,272.65,280.65,280.95,275.35,,280.64,,,128930,36082354.00,4435,F1,1,,,,,
2026-09-07,2026-09-07,CM,NSE,STK,759079,INE0VOV01021,DEVX,EQ,,,,,DEV ACCELERATOR LIMITED,33.29,33.29,31.50,33.00,33.05,33.29,,33.01,,,44383,1464136.26,433,F1,1,,,,,
2026-09-07,2026-09-07,CM,NSE,STK,8146,INE060X01034,DEVIT,EQ,,,,,DEV INFO TECHNOLOGY LTD,24.12,25.00,24.05,24.27,24.39,24.21,,24.26,,,60754,1477353.39,364,F1,1,,,,,
2026-09-07,2026-09-07,CM,NSE,STK,5373,INE872J01023,DEVYANI,EQ,,,,,DEVYANI INTERNATIONAL LTD,138.93,140.57,137.11,138.80,140.10,139.28,,138.79,,,1286011,178222506.80,26804,F1,1,,,,,
2026-09-07,2026-09-07,CM,NSE,STK,764661,INE260R01016,DHABRIYA,BE,,,,,DHABRIYA POLYWOOD LTD.,503.45,505.00,490.00,496.05,500.00,503.45,,497.70,,,8513,4244987.00,169,F1,1,,,,,
2026-09-07,2026-09-07,CM,NSE,STK,10893,INE0I3401014,DBOL,EQ,,,,,DHAMPUR BIO ORGANICS LTD,126.00,129.40,125.03,127.52,127.50,124.99,,127.52,,,207124,26378813.56,3654,F1,1,,,,,
2026-09-07,2026-09-07,CM,NSE,STK,857,INE041A01016,DHAMPURSUG,EQ,,,,,DHAMPUR SUGAR MILLS LTD.,170.79,176.89,170.50,171.28,171.26,167.59,,171.24,,,893333,154892634.59,12761,F1,1,,,,,
2026-09-07,2026-09-07,CM,NSE,STK,11359,INE680A01011,DHANBANK,EQ,,,,,DHANLAXMI BANK LIMITED,31.92,31.99,30.97,31.36,31.29,31.86,,31.36,,,691890,21778475.30,2325,F1,1,,,,,
2026-09-07,2026-09-07,CM,NSE,STK,24415,INE0M3I01029,DHANSA,SM,,,,,DHANSA LABS LIMITED,28.10,29.50,28.10,29.50,29.50,28.10,,29.50,,,36000,1052100.00,18,F1,2000,,,,,
2026-09-07,2026-09-07,CM,NSE,STK,24409,INE435G01025,DHANUKA,EQ,,,,,DHANUKA AGRITECH LTD,1011.00,1030.00,1004.40,1023.70,1021.00,1010.65,,1023.70,,,28708,29278316.85,2218,F1,1,,,,,
2026-09-07,2026-09-07,CM,NSE,STK,760492,INE2HJL01019,DHARARAIL,ST,,,,,DHARA RAIL PROJECTS LTD,139.00,140.00,137.00,140.00,140.00,136.60,,140.00,,,27000,3760000.00,18,F1,1000,,,,,
2026-09-07,2026-09-07,CM,NSE,STK,759203,INE278R01034,DHARAN,BZ,,,,,DHARAN INFRA-EPC LIMITED,0.14,0.14,0.13,0.13,0.14,0.13,,0.13,,,13389174,1836528.89,1737,F1,1,,,,,
2026-09-07,2026-09-07,CM,NSE,STK,24747,INE0YRN01025,DHARIWAL,SM,,,,,DHARIWALCORP LIMITED,24.20,25.20,22.85,25.20,25.20,24.00,,25.20,,,1881000,47050650.00,201,F1,3000,,,,,
2026-09-07,2026-09-07,CM,NSE,STK,13001,INE00OQ01016,DHARMAJ,EQ,,,,,DHARMAJ CROP GUARD LTD,269.80,271.85,268.80,270.05,270.10,270.05,,270.05,,,21811,5890646.15,930,F1,1,,,,,
2026-09-07,2026-09-07,CM,NSE,STK,765060,INE715T01031,DHATRE,EQ,,,,,DHATRE UDYOG LTD.,4.35,5.17,4.21,4.57,4.62,4.33,,4.59,,,122265,565042.04,356,F1,1,,,,,
2026-09-07,2026-09-07,CM,NSE,STK,764553,INE01NH01023,DHOOTTRANS,EQ,,,,,DHOOT TRANSMISSION LTD,1580.00,1584.00,1526.10,1551.70,1551.00,1615.70,,1551.54,,,1799977,2803227375.40,68213,F1,1,,,,,
2026-09-07,2026-09-07,CM,NSE,STK,6858,INE506Z01015,DHRUV,EQ,,,,,DHRUV CONSULTANCY SER LTD,23.00,23.39,22.32,22.80,22.80,22.32,,22.98,,,6742,155245.70,45,F1,1,,,,,
2026-09-07,2026-09-07,CM,NSE,STK,22233,INE320L01011,DHUNINV,EQ,,,,,DHUNSERI INVESTMENTS LTD,1017.90,1043.00,1017.35,1036.50,1036.00,1019.15,,1036.50,,,417,430440.65,103,F1,1,,,,,
2026-09-07,2026-09-07,CM,NSE,STK,6239,INE341R01014,DTIL,BE,,,,,DHUNSERI TEA & IND. LTD.,151.00,151.00,144.00,146.08,146.00,150.64,,146.08,,,16459,2417929.21,147,F1,1,,,,,
2026-09-07,2026-09-07,CM,NSE,STK,15214,INE477B01010,DVL,EQ,,,,,DHUNSERI VENTURES LIMITED,291.80,301.00,291.00,298.20,299.00,290.05,,297.96,,,40018,11920489.85,1307,F1,1,,,,,
2026-09-07,2026-09-07,CM,NSE,STK,18644,INE591D01014,DIAMINESQ,EQ,,,,,DIAMINES & CHEMICALS LTD,241.06,244.77,239.48,242.29,242.90,240.99,,242.09,,,6892,1669102.28,179,F1,1,,,,,
2026-09-07,2026-09-07,CM,NSE,STK,18545,INE989C01038,DIACABS,BE,,,,,DIAMOND POWER INFRA LTD,340.00,340.00,325.20,332.60,332.90,331.80,,332.68,,,904317,301113001.85,8495,F1,1,,,,,
2026-09-07,2026-09-07,CM,NSE,STK,703,INE303A01010,DICIND,EQ,,,,,DIC INDIA LIMITED,618.60,630.00,618.05,625.35,623.00,618.60,,625.37,,,7985,4988385.95,359,F1,1,,,,,
2026-09-07,2026-09-07,CM,NSE,STK,25672,INE184O01015,DIFFNKG,EQ,,,,,DIFFUSION ENGINEERS LTD,475.00,479.00,444.00,454.40,452.45,474.90,,454.42,,,545618,248710349.55,19835,F1,1,,,,,
2026-09-07,2026-09-07,CM,NSE,STK,10346,INE03JI01017,DGCONTENT,EQ,,,,,DIGICONTENT LIMITED,23.55,25.50,23.55,24.55,24.56,24.83,,24.55,,,4499,111209.97,92,F1,1,,,,,
2026-09-07,2026-09-07,CM,NSE,STK,21247,INE0PSC01024,DIGIDRIVE,EQ,,,,,DIGIDRIVE DISTRIBUTORS L,17.02,18.18,17.02,17.73,17.83,17.65,,17.75,,,17456,311679.50,130,F1,1,,,,,
2026-09-07,2026-09-07,CM,NSE,STK,19138,INE0QJ901011,DIGIKORE,SM,,,,,DIGIKORE STUDIOS LIMITED,40.10,40.10,38.05,38.40,38.30,40.10,,38.40,,,26000,1006560.00,38,F1,400,,,,,
2026-09-07,2026-09-07,CM,NSE,STK,16683,INE927C01020,DIGISPICE,EQ,,,,,DIGISPICE TECHNOLOGIES LT,17.17,17.17,16.75,16.97,16.97,16.98,,16.97,,,36898,625713.67,223,F1,1,,,,,
2026-09-07,2026-09-07,CM,NSE,STK,757515,INE0U4701011,DIGITIDE,EQ,,,,,DIGITIDE SOLUTIONS LTD,97.82,98.37,94.50,95.77,96.03,97.01,,95.77,,,196958,18951120.05,2541,F1,1,,,,,
2026-09-07,2026-09-07,CM,NSE,STK,6127,INE731U01028,DIGJAMLMTD,EQ,,,,,DIGJAM LTD,50.96,50.96,48.35,49.94,49.95,49.96,,49.94,,,578,28940.01,28,F1,1,,,,,
2026-09-07,2026-09-07,CM,NSE,STK,641,INE016M01021,DNAMEDIA,EQ,,,,,DILIGENT MEDIA CORP LTD.,2.67,2.69,2.51,2.63,2.66,2.63,,2.64,,,28920,76013.00,96,F1,1,,,,,
2026-09-07,2026-09-07,CM,NSE,STK,18086,INE917M01012,DBL,EQ,,,,,DILIP BUILDCON LIMITED,398.00,403.00,390.00,391.85,391.85,401.00,,391.86,,,124937,49136229.25,4124,F1,1,,,,,
2026-09-07,2026-09-07,CM,NSE,STK,762643,INE131C01011,DISAQ,EQ,,,,,DISA INDIA LTD.,11950.00,12167.00,11621.00,11758.00,11899.00,11990.00,,11758.00,,,509,6060341.00,360,F1,1,,,,,
2026-09-07,2026-09-07,CM,NSE,STK,14537,INE836F01026,DISHTV,EQ,,,,,DISH TV INDIA LTD.,2.57,2.57,2.51,2.52,2.51,2.57,,2.52,,,1384237,3499505.27,1469,F1,1,,,,,
2026-09-07,2026-09-07,CM,NSE,STK,21704,INE385W01011,DCAL,EQ,,,,,DISHMAN CARBO AMCIS LTD,175.00,175.00,170.72,171.53,171.60,174.38,,171.52,,,139366,23958080.35,2318,F1,1,,,,,
2026-09-07,2026-09-07,CM,NSE,STK,14479,INE753U01022,DIVGIITTS,EQ,,,,,DIVGI TORQTRANSFER SYST L,1242.00,1285.20,1155.20,1175.90,1183.00,1235.80,,1175.92,,,213515,252799728.50,17618,F1,1,,,,,
2026-09-07,2026-09-07,CM,NSE,STK,10940,INE361B01024,DIVISLAB,EQ,,,,,DIVI S LABORATORIES LTD,9119.50,9315.00,9119.50,9315.00,9315.00,9100.00,,9314.73,,,502162,4649260533.00,48476,F1,1,,,,,
2026-09-07,2026-09-07,CM,NSE,STK,30262,INE0NA501011,DIVINEHIRA,ST,,,,,DIVINE HIRA JEWELLERS LTD,108.35,113.75,106.60,112.85,113.75,109.45,,112.85,,,13200,1466520.00,10,F1,1200,,,,,
2026-09-07,2026-09-07,CM,NSE,STK,24286,INE0SCO01019,DPEL,SM,,,,,DIVINE POWER ENERGY LTD,580.00,603.00,576.00,600.75,602.00,578.75,,600.75,,,119500,70842875.00,186,F1,500,,,,,
2026-09-07,2026-09-07,CM,NSE,STK,25680,INE0QYI01019,DIVYADHAN,ST,,,,,DIVYADHAN RECYCLING IND L,47.10,47.10,47.10,47.10,47.10,44.90,,47.10,,,6000,282600.00,2,F1,2000,,,,,
2026-09-07,2026-09-07,CM,NSE,STK,21690,INE935N01020,DIXON,EQ,,,,,DIXON TECHNO (INDIA) LTD,14227.00,14429.00,13937.00,14180.00,14180.00,14240.00,,14179.07,,,377556,5345140968.00,60937,F1,1,,,,,
2026-09-07,2026-09-07,CM,NSE,STK,12749,INE0B1K01014,DJML,EQ,,,,,DJ MEDIAPRINT & LOG LTD,75.64,76.99,73.51,75.07,74.95,75.64,,75.11,,,102035,7644003.05,1746,F1,1,,,,,
2026-09-07,2026-09-07,CM,NSE,STK,14732,INE271C01023,DLF,EQ,,,,,DLF LIMITED,685.00,685.00,672.70,672.70,672.70,681.90,,672.70,,,1252534,847486887.40,32853,F1,1,,,,,
2026-09-07,2026-09-07,CM,NSE,STK,6973,INE505A01010,DMCC,EQ,,,,,DMCC SPECIALITY CHEMICALS,296.00,297.00,291.80,293.30,295.00,293.35,,293.28,,,24500,7209324.05,1057,F1,1,,,,,
2026-09-07,2026-09-07,CM,NSE,STK,22533,INE0OGG01015,DHTL,SM,,,,,DOCMODE HEALTH TECH LTD,34.20,34.20,34.20,34.20,34.20,32.60,,34.20,,,2400,82080.00,2,F1,800,,,,,
2026-09-07,2026-09-07,CM,NSE,STK,4822,INE021O01019,DODLA,EQ,,,,,DODLA DAIRY LIMITED,1066.80,1083.90,1056.60,1073.10,1078.80,1066.80,,1073.18,,,17288,18551477.40,2388,F1,1,,,,,
2026-09-07,2026-09-07,CM,NSE,STK,12124,INE966A01022,DOLATALGO,EQ,,,,,DOLAT ALGOTECH LIMITED,71.00,71.00,69.50,69.96,69.65,70.91,,70.00,,,121207,8484353.75,1368,F1,1,,,,,
2026-09-07,2026-09-07,CM,NSE,STK,20560,INE325C01035,DOLLAR,EQ,,,,,DOLLAR INDUSTRIES LIMITED,262.15,265.00,261.00,262.05,262.95,264.25,,262.07,,,78512,20604418.40,2164,F1,1,,,,,
2026-09-07,2026-09-07,CM,NSE,STK,13323,INE0JHH01011,DOLLEX,SM,,,,,DOLLEX AGROTECH LIMITED,35.60,36.40,35.60,35.75,35.70,36.80,,35.75,,,144000,5136000.00,13,F1,4000,,,,,
2026-09-07,2026-09-07,CM,NSE,STK,18139,INE920A01037,DOLPHIN,EQ,,,,,DOLPHIN OFF ENT (IND) L,687.00,741.40,660.00,720.40,718.00,674.00,,720.35,,,400551,289649094.55,9684,F1,1,,,,,
2026-09-07,2026-09-07,CM,NSE,STK,20551,INE321T01012,DOMS,EQ,,,,,DOMS INDUSTRIES LIMITED,2203.00,2225.00,2195.00,2201.50,2201.00,2208.70,,2201.44,,,28632,63132485.30,5691,F1,1,,,,,
2026-09-07,2026-09-07,CM,NSE,STK,13839,INE668D01028,DONEAR,EQ,,,,,DONEAR IND. LIMITED,93.90,94.49,88.30,89.13,88.71,92.25,,89.10,,,78902,7231437.56,893,F1,1,,,,,
2026-09-07,2026-09-07,CM,NSE,STK,15423,INE360C01024,DPSCLTD,BE,,,,,DPSC LIMITED,7.29,7.29,7.12,7.18,7.27,7.09,,7.18,,,64844,468969.60,450,F1,1,,,,,
2026-09-07,2026-09-07,CM,NSE,STK,29452,INE943P01029,AGARWALEYE,EQ,,,,,DR AGARWALS HEALTH CARE L,514.10,528.80,513.80,518.25,518.30,514.10,,518.22,,,402398,210012832.75,15128,F1,1,,,,,
2026-09-07,2026-09-07,CM,NSE,STK,762648,INE934C01018,DRAGARWQ,EQ,,,,,DR. AGARWAL'S EYE HOSP L,5475.00,5494.50,5280.00,5323.50,5325.00,5422.50,,5322.93,,,2556,13798032.00,1211,F1,1,,,,,
2026-09-07,2026-09-07,CM,NSE,STK,11654,INE600L01024,LALPATHLAB,EQ,,,,,DR. LAL PATH LABS LTD.,1880.00,1913.00,1870.10,1901.90,1900.00,1877.50,,1901.90,,,191362,362942812.70,25834,F1,1,,,,,
2026-09-07,2026-09-07,CM,NSE,STK,881,INE089A01031,DRREDDY,EQ,,,,,DR. REDDY S LABORATORIES,1150.50,1163.20,1141.80,1144.20,1144.20,1151.00,,1144.21,,,420952,484422819.50,25469,F1,1,,,,,
2026-09-07,2026-09-07,CM,NSE,STK,2645,INE03RS01027,DRCSYSTEMS,EQ,,,,,DRC SYSTEMS INDIA LIMITED,13.78,14.18,13.20,13.25,13.23,13.64,,13.25,,,84530,1141357.20,412,F1,1,,,,,
2026-09-07,2026-09-07,CM,NSE,STK,10859,INE0JS101016,DREAMFOLKS,EQ,,,,,DREAMFOLKS SERVICES LTD,66.01,66.96,65.45,65.94,65.70,66.93,,65.93,,,37302,2461820.53,803,F1,1,,,,,
2026-09-07,2026-09-07,CM,NSE,STK,11271,INE506A01018,DREDGECORP,EQ,,,,,DREDGING CORP OF INDIA,1080.00,1096.00,1050.10,1054.20,1056.90,1087.70,,1054.28,,,147493,158160317.60,7381,F1,1,,,,,
2026-09-07,2026-09-07,CM,NSE,STK,17372,INE0P7201019,DRONE,SM,,,,,DRONE DESTINATION LIMITED,33.50,33.50,32.65,33.20,33.20,33.50,,33.20,,,15500,512325.00,27,F1,500,,,,,
2026-09-07,2026-09-07,CM,NSE,STK,8772,INE891A01022,DSKULKARNI,BE,,,,,DS KULKARNI DEVELOPERS L,19.80,19.80,19.80,19.80,19.80,19.42,,19.80,,,555,10989.00,16,F1,1,,,,,
2026-09-07,2026-09-07,CM,NSE,STK,778,INE055C01020,KEEPLEARN,EQ,,,,,DSJ KEEP LEARNING LTD,2.00,2.24,1.89,1.91,1.91,1.87,,1.91,,,173243,350579.69,151,F1,1,,,,,
2026-09-07,2026-09-07,CM,NSE,STK,1927,INF740KA1EU7,LIQUIDETF,EQ,,,,,DSP LIQUID ETF,999.99,1000.01,999.99,999.99,1000.00,999.99,,999.99,,,94305,94304995.11,190,F1,1,,,,,
2026-09-07,2026-09-07,CM,NSE,STK,761364,INF740KA1YH2,BANK10ADD,EQ,,,,,DSPAMC - BANK10ADD,16.93,17.14,16.80,16.91,16.89,16.93,,16.91,,,1853887,31219732.85,200,F1,1,,,,,
2026-09-07,2026-09-07,CM,NSE,STK,13644,INF740KA1RX3,BANKADD,EQ,,,,,DSPAMC - DSPBANK,58.67,58.82,58.41,58.71,58.79,58.99,,58.71,,,82169,4804826.61,188,F1,1,,,,,
2026-09-07,2026-09-07,CM,NSE,STK,15356,INF740KA1ZP2,GOLDADD,EQ,,,,,DSPAMC - DSPGOLD,14.90,14.90,14.65,14.74,14.76,14.95,,14.74,,,2711253,39974939.59,11521,F1,1,,,,,
2026-09-07,2026-09-07,CM,NSE,STK,17207,INF740KA1SX1,ITADD,EQ,,,,,DSPAMC - DSPIT,32.50,32.73,31.68,31.79,31.98,32.57,,31.79,,,195664,6222022.76,255,F1,1,,,,,
2026-09-07,2026-09-07,CM,NSE,STK,6606,INF740KA1QK2,EQUAL50ADD,EQ,,,,,DSPAMC - DSPNEWETF,340.00,340.00,337.57,338.64,338.55,340.33,,338.64,,,30125,10187330.24,505,F1,1,,,,,
2026-09-07,2026-09-07,CM,NSE,STK,7451,INF740KA1CL0,NIFTYADD,EQ,,,,,DSPAMC - DSPNIFTY,252.48,255.50,249.96,250.91,250.69,252.48,,250.91,,,4423,1111392.27,238,F1,1,,,,,
2026-09-07,2026-09-07,CM,NSE,STK,17616,INF740KA1SY9,PSUBANKADD,EQ,,,,,DSPAMC - DSPPSBKETF,86.36,86.36,85.00,85.39,85.55,86.43,,85.41,,,35983,3073056.78,326,F1,1,,,,,
2026-09-07,2026-09-07,CM,NSE,STK,17576,INF740KA1TA7,PVTBANKADD,EQ,,,,,DSPAMC - DSPPVBKETF,28.25,28.29,28.17,28.24,28.29,28.34,,28.24,,,26044,735017.15,136,F1,1,,,,,
2026-09-07,2026-09-07,CM,NSE,STK,7456,INF740KA1ZF3,MIDQ50ADD,EQ,,,,,DSPAMC - DSPQ50ETF,25.04,25.04,24.85,24.92,24.97,25.01,,24.92,,,37263,928328.13,252,F1,1,,,,,
2026-09-07,2026-09-07,CM,NSE,STK,17613,INF740KA1SZ6,SENSEXADD,EQ,,,,,DSPAMC - DSPSENXETF,79.29,79.29,78.45,78.54,78.90,79.29,,78.49,,,1646,129461.42,43,F1,1,,,,,
2026-09-07,2026-09-07,CM,NSE,STK,10761,INF740KA1ZQ0,SILVERADD,EQ,,,,,DSPAMC - DSPSILVETF,22.34,22.34,22.04,22.15,22.15,22.44,,22.15,,,5429513,120115819.11,6947,F1,1,,,,,
2026-09-07,2026-09-07,CM,NSE,STK,759368,INF740KA1WU9,FLEXIADD,EQ,,,,,DSPAMC - FLEXIADD,10.11,10.11,9.95,9.98,10.02,10.06,,10.01,,,69225,691585.43,534,F1,1,,,,,
2026-09-07,2026-09-07,CM,NSE,STK,763530,INF740KA1ZA4,FMCGADD,EQ,,,,,DSPAMC - FMCGADD,46.71,46.71,45.87,45.93,46.06,46.25,,45.93,,,21129,970429.63,242,F1,1,,,,,
2026-09-07,2026-09-07,CM,NSE,STK,765310,INF740KA1ZI7,GSEC10ADD,EQ,,,,,DSPAMC - GSEC10ADD,26.79,26.81,26.75,26.81,26.81,26.79,,26.81,,,11,294.51,3,F1,1,,,,,
2026-09-07,2026-09-07,CM,NSE,STK,22592,INF740KA1ZG1,HEALTHADD,EQ,,,,,DSPAMC - HEALTHADD,16.60,17.00,16.56,16.68,16.76,16.58,,16.68,,,13107,217778.96,264,F1,1,,,,,
2026-09-07,2026-09-07,CM,NSE,STK,23407,INF740KA1UM0,LIQUIDADD,EQ,,,,,DSPAMC - LIQUIDADD,1143.64,1143.81,1143.63,1143.64,1143.63,1143.51,,1143.64,,,2275197,2601988315.52,568,F1,1,,,,,
2026-09-07,2026-09-07,CM,NSE,STK,764428,INF740KA1ZH9,MIDBANKADD,EQ,,,,,DSPAMC - MIDBANKADD,17.50,17.50,17.35,17.38,17.38,17.50,,17.38,,,2242,38980.89,30,F1,1,,,,,
2026-09-07,2026-09-07,CM,NSE,STK,760356,INF740KA1WW5,MIDCAPADD,EQ,,,,,DSPAMC - MIDCAPADD,23.28,23.28,23.09,23.12,23.09,23.28,,23.07,,,1740,40348.28,47,F1,1,,,,,
2026-09-07,2026-09-07,CM,NSE,STK,759978,INF740KA1WV7,MSCIADD,EQ,,,,,DSPAMC - MSCIADD,29.44,29.44,29.25,29.30,29.30,29.53,,29.30,,,1891,55415.02,24,F1,1,,,,,
2026-09-07,2026-09-07,CM,NSE,STK,29464,INF740KA1VE5,NEXT30ADD,EQ,,,,,DSPAMC - NEXT30ADD,42.57,42.64,42.36,42.49,42.64,42.69,,42.49,,,7601,322332.11,70,F1,1,,,,,
2026-09-07,2026-09-07,CM,NSE,STK,760599,INF740KA1XU7,NEXT50ADD,EQ,,,,,DSPAMC - NEXT50ADD,73.28,73.35,72.95,73.04,73.35,73.52,,73.04,,,2995,219155.89,150,F1,1,,,,,
2026-09-07,2026-09-07,CM,NSE,STK,760359,INF740KA1WX3,SMALLADD,EQ,,,,,DSPAMC - SMALLADD,18.54,18.67,18.47,18.57,18.60,18.53,,18.57,,,253514,4705214.28,272,F1,1,,,,,
2026-09-07,2026-09-07,CM,NSE,STK,25171,INF740KA1UR9,TOP10ADD,EQ,,,,,DSPAMC - TOP10ADD,87.98,87.99,87.01,87.19,87.15,87.98,,87.19,,,208340,18169545.11,626,F1,1,,,,,
2026-09-07,2026-09-07,CM,NSE,STK,13766,INE0LZO01015,DUCOL,SM,,,,,DUCOL ORGS AND COLOURS LT,110.00,110.00,104.00,109.70,109.70,108.00,,109.70,,,12800,1392040.00,7,F1,800,,,,,
2026-09-07,2026-09-07,CM,NSE,STK,765512,INE741L20034,DUCON-RE1,BE,,,,,DUCON INFRATECH LTD,0.39,0.48,0.28,0.43,0.40,0.39,,0.43,,,5898191,2245901.43,2216,F1,1,,,,,
2026-09-07,2026-09-07,CM,NSE,STK,28952,INE741L01018,DUCON,EQ,,,,,DUCON INFRATECHNOLOGIES L,1.90,1.97,1.76,1.79,1.79,1.92,,1.79,,,2533778,4696215.47,1319,F1,1,,,,,
2026-09-07,2026-09-07,CM,NSE,STK,24164,INE0OUW01013,DURLAX,SM,,,,,DURLAX TOP SURFACE LTD,64.50,65.00,62.30,65.00,65.00,64.50,,65.00,,,38000,2421900.00,19,F1,2000,,,,,
2026-09-07,2026-09-07,CM,NSE,STK,11667,INE366A01041,DWARKESH,EQ,,,,,DWARIKESH SUGAR IND LTD,47.79,49.62,47.00,47.38,47.45,47.31,,47.38,,,3965247,190633441.94,15013,F1,1,,,,,
2026-09-07,2026-09-07,CM,NSE,STK,25690,INE417B01040,DSSL,EQ,,,,,DYNACONS SYS & SOLN LTD,1086.90,1096.90,1035.00,1040.40,1048.60,1053.10,,1040.47,,,51125,53986710.60,4500,F1,1,,,,,
2026-09-07,2026-09-07,CM,NSE,STK,4525,INE221B01012,DYNAMATECH,EQ,,,,,DYNAMATIC TECHNOLOGIES,11654.00,11974.00,11483.00,11569.00,11584.00,11654.00,,11569.27,,,17282,202490790.00,6688,F1,1,,,,,
2026-09-07,2026-09-07,CM,NSE,STK,10417,INE600Y01019,DYCL,EQ,,,,,DYNAMIC CABLES LIMITED,487.90,494.80,452.70,461.05,461.05,487.90,,461.05,,,1246633,582458969.55,35136,F1,1,,,,,
2026-09-07,2026-09-07,CM,NSE,STK,6082,INE0DZ701010,DYNAMIC,ST,,,,,DYNAMIC SRVCS & SEC LTD,148.00,148.00,142.80,147.25,147.25,146.30,,147.25,,,7000,1028050.00,7,F1,500,,,,,
2026-09-07,2026-09-07,CM,NSE,STK,21314,INE256H01015,DYNPRO,EQ,,,,,DYNEMIC PRODUCTS LIMITED,239.50,239.50,228.94,233.20,234.71,236.06,,233.77,,,13546,3164426.56,788,F1,1,,,,,
2026-09-07,2026-09-07,CM,NSE,STK,19267,INE0KFF01017,EFACTOR,SM,,,,,E FACTOR EXPERIENCES LTD,173.00,185.00,169.00,172.55,185.00,173.00,,172.55,,,24800,4293200.00,33,F1,400,,,,,
2026-09-07,2026-09-07,CM,NSE,STK,760531,INE1CEJ01017,E2ERAIL,SM,,,,,E TO E TRANS INFRA LTD,369.00,372.00,346.00,350.15,346.05,353.10,,350.15,,,219200,78907560.00,212,F1,800,,,,,
2026-09-07,2026-09-07,CM,NSE,STK,8940,INE255Z01027,E2E,BE,,,,,E2E NETWORKS LIMITED,610.00,631.60,610.00,630.20,630.00,601.55,,630.13,,,1248683,784269608.65,16363,F1,1,,,,,
2026-09-07,2026-09-07,CM,NSE,STK,765065,INE595R01023,EASTWEST,EQ,,,,,EAST WEST FREIGHT CARRI L,2.33,2.40,2.31,2.36,2.33,2.36,,2.35,,,35817,84649.71,104,F1,1,,,,,
2026-09-07,2026-09-07,CM,NSE,STK,9769,INE962C01035,EASTSILK,BE,,,,,EASTERN SILK INDUSTRIES L,60.80,60.80,58.02,58.04,58.04,61.00,,58.47,,,330,19294.87,9,F1,1,,,,,
2026-09-07,2026-09-07,CM,NSE,STK,2792,INE07O001026,EASEMYTRIP,EQ,,,,,EASY TRIP PLANNERS LTD,6.00,6.05,5.95,6.01,6.03,6.00,,6.01,,,7840157,47047534.80,5843,F1,1,,,,,
2026-09-07,2026-09-07,CM,NSE,STK,765073,INE432F01032,EBIX,BE,,,,,EBIX LIMITED,20.48,20.80,19.30,20.49,20.49,20.28,,20.41,,,29032,572262.41,98,F1,1,,,,,
2026-09-07,2026-09-07,CM,NSE,STK,15179,INE738I01010,ECLERX,EQ,,,,,ECLERX SERVICES LTD,1905.70,1910.70,1858.00,1888.80,1909.10,1905.70,,1888.62,,,171958,323894064.00,20843,F1,1,,,,,
2026-09-07,2026-09-07,CM,NSE,STK,764663,INE316A01038,ECORECO,EQ,,,,,ECO RECYCLING LTD.,458.00,475.00,454.60,456.00,457.00,459.35,,456.62,,,7709,3558756.10,627,F1,1,,,,,
2026-09-07,2026-09-07,CM,NSE,STK,759964,INE0VBS01016,ECOLINE,ST,,,,,ECOLINE EXIM LIMITED,180.00,180.00,171.35,175.15,180.00,180.35,,175.15,,,16000,2807050.00,13,F1,1000,,,,,
2026-09-07,2026-09-07,CM,NSE,STK,25060,INE06HJ01020,ECOSMOBLTY,EQ,,,,,ECOS (INDIA) MOB & HOSP L,116.40,116.40,111.30,111.75,111.89,113.54,,111.75,,,72911,8184496.83,1384,F1,1,,,,,
2026-09-07,2026-09-07,CM,NSE,STK,7196,INF754K01OB1,BBETF0432,EQ,,,,,EDELAMC - BBETF0432,1352.99,1352.99,1341.70,1346.06,1347.50,1342.30,,1346.06,,,7586,10216101.94,88,F1,1,,,,,
2026-09-07,2026-09-07,CM,NSE,STK,764378,INF754K01XH9,EBANK10,EQ,,,,,EDELAMC - EBANK10,16.81,16.81,16.63,16.65,16.65,16.84,,16.65,,,667,11167.12,22,F1,1,,,,,
2026-09-07,2026-09-07,CM,NSE,STK,25258,INF754K01TE4,EBANKNIFTY,EQ,,,,,EDELAMC - EBANKNIFTY,57.78,57.88,57.48,57.78,57.78,58.26,,57.78,,,713,41199.11,33,F1,1,,,,,
2026-09-07,2026-09-07,CM,NSE,STK,16253,INF754K01KO2,EBBETF0430,EQ,,,,,EDELAMC - EBBETF0430,1601.00,1614.00,1601.00,1612.30,1613.49,1609.05,,1612.35,,,4405,7099303.03,564,F1,1,,,,,
2026-09-07,2026-09-07,CM,NSE,STK,22239,INF754K01LE1,EBBETF0431,EQ,,,,,EDELAMC - EBBETF0431,1442.98,1442.98,1433.04,1435.08,1436.01,1440.43,,1435.08,,,3434,4928816.06,99,F1,1,,,,,
2026-09-07,2026-09-07,CM,NSE,STK,13139,INF754K01QX0,EBBETF0433,EQ,,,,,EDELAMC - EBBETF0433,1311.12,1314.98,1306.02,1310.01,1309.99,1311.12,,1310.14,,,15394,20130627.17,174,F1,1,,,,,
2026-09-07,2026-09-07,CM,NSE,STK,29019,INF754K01TX4,ECAPINSURE,EQ,,,,,EDELAMC - ECAPINSURE,24.24,24.24,23.76,23.90,23.93,23.99,,23.90,,,28186,673990.97,340,F1,1,,,,,
2026-09-07,2026-09-07,CM,NSE,STK,19933,INF754K01SE6,EGOLD,EQ,,,,,EDELAMC - EGOLD,153.30,153.30,150.90,151.95,151.95,153.80,,151.95,,,506401,76934449.05,726,F1,1,,,,,
2026-09-07,2026-09-07,CM,NSE,STK,759466,INF754K01VW2,ELIQUID,EQ,,,,,EDELAMC - ELIQUID,1046.70,1046.72,1046.70,1046.71,1046.72,1046.60,,1046.71,,,35902,37578830.52,25,F1,1,,,,,
2026-09-07,2026-09-07,CM,NSE,STK,758952,INF754K01VV4,ELM250,EQ,,,,,EDELAMC - ELM250,16.75,16.75,16.23,16.41,16.45,16.61,,16.41,,,110565,1834312.72,313,F1,1,,,,,
2026-09-07,2026-09-07,CM,NSE,STK,764367,INF754K01XI7,ELMDIV,EQ,,,,,EDELAMC - ELMDIV,36.68,36.68,36.16,36.26,36.26,36.50,,36.26,,,1265,46092.99,13,F1,1,,,,,
2026-09-07,2026-09-07,CM,NSE,STK,764288,INF754K01XG1,EMETAL,EQ,,,,,EDELAMC - EMETAL,13.38,13.38,13.12,13.17,13.18,13.36,,13.17,,,7027,92744.08,48,F1,1,,,,,
2026-09-07,2026-09-07,CM,NSE,STK,25996,INF754K01TF1,EMULTIMQ,EQ,,,,,EDELAMC - EMULTIMQ,42.13,42.22,41.78,42.00,42.05,42.00,,42.00,,,18947,794462.26,141,F1,1,,,,,
2026-09-07,2026-09-07,CM,NSE,STK,763540,INF754K01XF3,ENEXT50,EQ,,,,,EDELAMC - ENEXT50,73.24,73.52,72.50,72.63,72.63,73.10,,72.64,,,201,14674.87,13,F1,1,,,,,
2026-09-07,2026-09-07,CM,NSE,STK,759998,INF754K01VX0,ENIFTY,EQ,,,,,EDELAMC - ENIFTY,23.58,24.79,23.58,24.01,24.01,24.19,,24.01,,,9333,224269.40,95,F1,1,,,,,
2026-09-07,2026-09-07,CM,NSE,STK,759995,INF754K01VY8,ESENSEX,EQ,,,,,EDELAMC - ESENSEX,76.42,77.29,76.42,76.77,76.77,77.46,,76.77,,,158,12131.51,30,F1,1,,,,,
2026-09-07,2026-09-07,CM,NSE,STK,20257,INF754K01SF3,ESILVER,EQ,,,,,EDELAMC - ESILVER,225.12,231.77,225.12,230.04,228.65,232.78,,230.04,,,43044,9892112.70,1456,F1,1,,,,,
2026-09-07,2026-09-07,CM,NSE,STK,15119,INE532F01054,EDELWEISS,EQ,,,,,EDELWEISS FIN SERV LTD,137.00,137.00,130.51,132.72,134.95,136.08,,132.73,,,21562787,2860805084.45,84900,F1,1,,,,,
2026-09-07,2026-09-07,CM,NSE,STK,21747,INE216H01027,EDUCOMP,BZ,,,,,EDUCOMP SOLUTIONS LTD,0.92,0.92,0.86,0.91,0.92,0.90,,0.91,,,47909,42552.43,101,F1,1,,,,,
2026-09-07,2026-09-07,CM,NSE,STK,758675,INE886D01026,EFCIL,EQ,,,,,EFC (I) LIMITED,192.20,194.79,190.61,191.74,194.00,193.24,,191.74,,,571486,110748587.82,4946,F1,1,,,,,
2026-09-07,2026-09-07,CM,NSE,STK,24435,INE0U9101019,EFFWA,SM,,,,,EFFWA INFRA & RESEARCH L,351.05,375.00,351.05,370.00,370.00,360.00,,370.00,,,12400,4578780.00,28,F1,400,,,,,
2026-09-07,2026-09-07,CM,NSE,STK,910,INE066A01021,EICHERMOT,EQ,,,,,EICHER MOTORS LTD,7658.00,7729.00,7615.00,7672.00,7672.00,7630.50,,7672.27,,,466050,3585470297.50,38086,F1,1,,,,,
2026-09-07,2026-09-07,CM,NSE,STK,916,INE126A01031,EIDPARRY,EQ,,,,,EID PARRY INDIA LTD,782.00,796.80,771.25,777.70,778.00,781.35,,777.71,,,301706,236653285.65,13999,F1,1,,,,,
2026-09-07,2026-09-07,CM,NSE,STK,15399,INE276C01014,EIHAHOTELS,EQ,,,,,EIH ASSOCIATED HOTELS LTD,296.35,300.00,294.10,296.45,297.00,297.65,,296.45,,,9142,2722158.75,665,F1,1,,,,,
2026-09-07,2026-09-07,CM,NSE,STK,919,INE230A01023,EIHOTEL,EQ,,,,,EIH LIMITED,294.00,294.85,290.50,294.00,294.50,291.90,,294.01,,,112598,32987511.20,6902,F1,1,,,,,
2026-09-07,2026-09-07,CM,NSE,STK,4040,INE158B01016,EIMCOELECO,EQ,,,,,EIMCO ELECON (INDIA) LTD,2263.20,2282.30,2236.20,2268.00,2261.20,2254.40,,2268.01,,,14898,33662219.60,2457,F1,1,,,,,
2026-09-07,2026-09-07,CM,NSE,STK,764668,INE0CPR01018,EKI,EQ,,,,,EKI ENERGY SERVICES LTD,74.25,74.42,70.00,71.37,72.00,74.13,,71.51,,,29655,2133026.99,669,F1,1,,,,,
2026-09-07,2026-09-07,CM,NSE,STK,762653,INE280B01018,ELANTAS,EQ,,,,,ELANTAS BECK INDIA LTD.,12295.00,13876.00,11900.00,13054.00,13109.00,12219.00,,13051.33,,,17387,228775228.00,8221,F1,1,,,,,
2026-09-07,2026-09-07,CM,NSE,STK,762658,INE927X01018,ELCIDIN,EQ,,,,,ELCID INVESTMENTS LTD.,109995.00,109995.00,107500.00,108950.00,108950.00,107590.00,,107487.31,,,8,869380.00,7,F1,1,,,,,
2026-09-07,2026-09-07,CM,NSE,STK,8953,INE668G01021,ELDEHSG,EQ,,,,,ELDECO HSG & IND LTD.,789.05,799.00,778.60,788.85,779.00,789.10,,788.89,,,667,522704.85,63,F1,1,,,,,
2026-09-07,2026-09-07,CM,NSE,STK,13643,INE205B01031,ELECON,EQ,,,,,ELECON ENG. CO. LTD,431.65,434.30,423.15,426.70,427.75,433.75,,426.73,,,259797,111092080.05,11198,F1,1,,,,,
2026-09-07,2026-09-07,CM,NSE,STK,20899,INE0Q1W01012,EFORCE,SM,,,,,ELECTRO FORCE (INDIA) LTD,20.00,20.00,20.00,20.00,20.00,20.05,,20.00,,,7200,144000.00,4,F1,1200,,,,,
2026-09-07,2026-09-07,CM,NSE,STK,11530,INE02YR01019,EMIL,EQ,,,,,ELECTRONICS MART IND LTD,173.74,182.40,171.00,178.24,178.80,173.74,,178.23,,,1704742,304239595.10,23711,F1,1,,,,,
2026-09-07,2026-09-07,CM,NSE,STK,928,INE086A01029,ELECTCAST,EQ,,,,,ELECTROSTEEL CASTINGS LTD,83.80,84.99,80.13,80.51,80.50,83.71,,80.51,,,3291661,269278232.31,17475,F1,1,,,,,
2026-09-07,2026-09-07,CM,NSE,STK,4469,INE822G01016,ELECTHERM,EQ,,,,,ELECTROTHERM (I) LTD.,980.90,990.90,965.00,966.40,966.00,980.90,,966.41,,,15422,15023258.00,468,F1,1,,,,,
2026-09-07,2026-09-07,CM,NSE,STK,29595,INE0R9101015,ELGNZ,SM,,,,,ELEGANZ INTERIORS LIMITED,87.55,88.90,86.00,88.85,88.90,87.55,,88.85,,,13000,1132200.00,13,F1,1000,,,,,
2026-09-07,2026-09-07,CM,NSE,STK,937,INE285A01027,ELGIEQUIP,EQ,,,,,ELGI EQUIPMENTS LTD,645.95,653.40,637.30,642.40,644.90,642.10,,642.40,,,807924,521837445.35,34667,F1,1,,,,,
2026-09-07,2026-09-07,CM,NSE,STK,24924,INE819L01012,ELGIRUBCO,EQ,,,,,ELGI RUBBER CO. LTD,58.69,58.90,56.82,57.68,57.67,58.69,,57.68,,,34515,2000181.65,917,F1,1,,,,,
2026-09-07,2026-09-07,CM,NSE,STK,13423,INE050401020,ELIN,EQ,,,,,ELIN ELECTRONICS LIMITED,95.05,96.90,95.01,96.14,96.20,95.40,,96.10,,,73903,7079850.60,974,F1,1,,,,,
2026-09-07,2026-09-07,CM,NSE,STK,762663,INE669R01026,ELITECON,EQ,,,,,ELITECON INTERNATIONAL L,8.25,8.91,8.25,8.25,8.25,8.68,,8.25,,,4027390,33329862.76,10945,F1,1,,,,,
2026-09-07,2026-09-07,CM,NSE,STK,758563,INE236E01022,ELLEN,EQ,,,,,ELLENBARRIE INDUS GASES L,327.00,335.15,320.00,321.70,323.00,331.85,,321.71,,,282425,92010801.60,7696,F1,1,,,,,
2026-09-07,2026-09-07,CM,NSE,STK,4471,INE579B01039,ELPROINTL,EQ,,,,,ELPRO INTERNATIONAL LTD,175.00,177.58,174.41,175.05,175.00,174.00,,174.89,,,10857,1906854.83,178,F1,1,,,,,
2026-09-07,2026-09-07,CM,NSE,STK,29229,INE0ZOL01023,EMAPARTNER,SM,,,,,EMA PARTNERS INDIA LTD,85.35,87.00,81.55,84.50,86.95,85.35,,84.50,,,35000,2964150.00,29,F1,1000,,,,,
2026-09-07,2026-09-07,CM,NSE,STK,13517,INE548C01032,EMAMILTD,EQ,,,,,EMAMI LIMITED,366.65,370.95,364.70,367.55,366.15,366.05,,367.27,,,907011,333853890.95,16992,F1,1,,,,,
2026-09-07,2026-09-07,CM,NSE,STK,10084,INE830C01026,EMAMIPAP,BE,,,,,EMAMI PAPER MILLS LIMITED,119.40,121.71,116.50,121.34,121.71,115.92,,121.23,,,111945,13504411.40,729,F1,1,,,,,
2026-09-07,2026-09-07,CM,NSE,STK,19277,INE778K01012,EMAMIREAL,EQ,,,,,EMAMI REALTY LIMITED,66.99,68.99,65.75,67.62,68.50,66.74,,67.70,,,16845,1136636.04,483,F1,1,,,,,
2026-09-07,2026-09-07,CM,NSE,STK,14450,INE069I01010,EMBDL,EQ,,,,,EMBASSY DEVELOPMENTS LTD,57.53,59.45,56.85,59.10,58.90,57.53,,59.10,,,3189848,185473764.92,13407,F1,1,,,,,
2026-09-07,2026-09-07,CM,NSE,STK,9383,INE041025011,EMBASSY,RR,,,,,EMBASSY OFFICE PARKS REIT,440.00,441.00,438.00,438.88,438.87,438.69,,438.86,,,309177,135910760.57,12887,F1,1,,,,,
2026-09-07,2026-09-07,CM,NSE,STK,24398,INE168P01015,EMCURE,EQ,,,,,EMCURE PHARMACEUTICALS L,1934.80,1960.10,1915.10,1926.80,1920.00,1927.60,,1926.81,,,118478,228705798.40,21079,F1,1,,,,,
2026-09-07,2026-09-07,CM,NSE,STK,27629,INE0RHD01013,ETML,SM,,,,,EMERALD TYRE MANUF LTD,78.00,82.50,78.00,79.05,79.70,81.95,,79.05,,,129600,10374720.00,58,F1,1200,,,,,
2026-09-07,2026-09-07,CM,NSE,STK,13421,INE296H01011,EMKAY,EQ,,,,,EMKAY GLOBAL FIN SERV LTD,270.75,278.90,262.00,265.15,266.25,267.25,,265.15,,,50770,13641896.95,1464,F1,1,,,,,
2026-09-07,2026-09-07,CM,NSE,STK,10253,INE332S01011,EMKAYTOOLS,SM,,,,,EMKAY TAP & CUT. TOOL LTD,100.90,102.00,97.20,97.50,97.50,98.00,,97.50,,,2850,285360.00,17,F1,150,,,,,
2026-09-07,2026-09-07,CM,NSE,STK,758591,INE0PXC01024,ETL,SM,,,,,EMKAY TOOLS LIMITED,1098.85,1098.85,1067.95,1067.95,1067.95,1047.00,,1067.95,,,300,325020.00,2,F1,150,,,,,
2026-09-07,2026-09-07,CM,NSE,STK,18146,INE753K01015,EMMBI,BE,,,,,EMMBI INDUSTRIES LIMITED,91.45,93.30,87.50,92.00,92.00,91.00,,92.59,,,3882,346749.86,66,F1,1,,,,,
2026-09-07,2026-09-07,CM,NSE,STK,759728,INE1C6T01020,EMMVEE,EQ,,,,,EMMVEE PHOTOVOLTAIC PWR L,323.70,334.70,320.25,325.20,325.70,325.20,,325.20,,,2033248,665554162.40,40854,F1,1,,,,,
2026-09-07,2026-09-07,CM,NSE,STK,764673,INE515H01014,EMPIND,EQ,,,,,EMPIRE INDUSTRIES LTD.,1214.90,1220.00,1188.10,1192.10,1193.80,1195.60,,1191.85,,,17291,20742975.60,1931,F1,1,,,,,
2026-09-07,2026-09-07,CM,NSE,STK,762670,INE507F01023,EMPOWER,EQ,,,,,EMPOWER INDIA LTD.,1.92,1.93,1.92,1.93,1.93,1.84,,1.93,,,9399271,18126534.34,2217,F1,1,,,,,
2026-09-07,2026-09-07,CM,NSE,STK,18593,INE0OV601013,EMSLIMITED,EQ,,,,,EMS LIMITED,383.50,392.60,376.90,385.55,385.95,383.05,,385.59,,,270932,104047191.30,7391,F1,1,,,,,
2026-09-07,2026-09-07,CM,NSE,STK,9756,INE01QM01018,EMUDHRA,EQ,,,,,EMUDHRA LIMITED,527.85,530.45,500.10,502.45,502.00,524.80,,502.48,,,172528,88134065.25,7847,F1,1,,,,,
2026-09-07,2026-09-07,CM,NSE,STK,760321,INE433T01015,ENCOMPAS,SM,,,,,ENCOMPASS DESIGN INDIA L,256.15,256.45,256.15,256.45,256.45,256.80,,256.45,,,800,205040.00,2,F1,400,,,,,
2026-09-07,2026-09-07,CM,NSE,STK,18822,INE913H01037,ENDURANCE,EQ,,,,,ENDURANCE TECHNO. LTD.,2782.80,2798.90,2745.10,2763.20,2769.90,2782.80,,2763.16,,,53026,146638139.10,11843,F1,1,,,,,
2026-09-07,2026-09-07,CM,NSE,STK,15049,INE306C01019,ENERGYDEV,EQ,,,,,ENERGY DEVE. CO.LTD,15.48,15.69,15.25,15.43,15.50,15.49,,15.41,,,20723,320373.65,162,F1,1,,,,,
2026-09-07,2026-09-07,CM,NSE,STK,23745,INE0S1L01013,EMMIL,SM,,,,,ENERGY MISSION MACH IND L,118.00,123.95,116.00,118.00,117.05,120.10,,118.00,,,21500,2540500.00,42,F1,250,,,,,
2026-09-07,2026-09-07,CM,NSE,STK,23224,INE0S3X01014,ENFUSE,SM,,,,,ENFUSE SOLUTIONS LIMITED,160.00,160.00,160.00,160.00,160.00,155.00,,160.00,,,600,96000.00,1,F1,600,,,,,
2026-09-07,2026-09-07,CM,NSE,STK,4907,INE510A01028,ENGINERSIN,EQ,,,,,ENGINEERS INDIA LTD,281.05,283.75,272.75,277.05,277.00,279.45,,277.05,,,3272902,909557287.25,49970,F1,1,,,,,
2026-09-07,2026-09-07,CM,NSE,STK,764678,INE130L01014,ENKEIWHEL,EQ,,,,,ENKEI WHEELS (INDIA) LTD.,399.00,410.90,395.00,395.15,397.25,389.80,,395.44,,,1719,687189.70,129,F1,1,,,,,
2026-09-07,2026-09-07,CM,NSE,STK,23230,INE0R9I01021,ENSER,SM,,,,,ENSER COMMUNICATIONS LTD,15.25,15.25,15.00,15.10,15.10,15.30,,15.10,,,55000,833000.00,11,F1,5000,,,,,
2026-09-07,2026-09-07,CM,NSE,STK,22717,INE010601016,ENTERO,EQ,,,,,ENTERO HEALTHCARE SOLU L,1857.00,1920.00,1835.00,1898.40,1888.00,1827.60,,1896.74,,,322283,608172139.80,30111,F1,1,,,,,
2026-09-07,2026-09-07,CM,NSE,STK,13192,INE265F01028,ENIL,EQ,,,,,ENTERTAIN NET. IND. LTD.,102.65,104.26,101.03,101.34,101.10,102.65,,101.34,,,17853,1843708.92,458,F1,1,,,,,
2026-09-07,2026-09-07,CM,NSE,STK,27213,INE0LLY01014,EIEL,EQ,,,,,ENVIRO INFRA ENGINEERS L,199.20,204.70,197.25,198.33,198.88,199.17,,198.32,,,824767,165735465.55,14975,F1,1,,,,,
2026-09-07,2026-09-07,CM,NSE,STK,25412,INE0SUH01015,ENVIRO,SM,,,,,ENVIROTECH SYSTEMS LTD,71.00,71.85,69.60,69.75,69.60,70.50,,69.75,,,17000,1206950.00,16,F1,1000,,,,,
2026-09-07,2026-09-07,CM,NSE,STK,22463,INE0G5901015,EPACK,EQ,,,,,EPACK DURABLE LIMITED,189.49,190.94,185.15,186.33,186.25,189.27,,186.33,,,278336,52063747.54,5894,F1,1,,,,,
2026-09-07,2026-09-07,CM,NSE,STK,759251,INE0MLS01022,EPACKPEB,EQ,,,,,EPACK PREFAB TECHN LTD,231.11,233.07,228.15,230.44,233.00,231.11,,230.41,,,232605,53551009.81,4778,F1,1,,,,,
2026-09-07,2026-09-07,CM,NSE,STK,5382,INE071N01016,EPIGRAL,EQ,,,,,EPIGRAL LIMITED,1228.00,1231.80,1176.10,1179.80,1180.00,1219.70,,1179.71,,,50803,60846725.30,6165,F1,1,,,,,
2026-09-07,2026-09-07,CM,NSE,STK,981,INE255A01020,EPL,EQ,,,,,EPL LIMITED,248.00,255.75,246.30,248.95,248.70,247.10,,248.94,,,6283376,1582024048.30,61812,F1,1,,,,,
2026-09-07,2026-09-07,CM,NSE,STK,758349,INE11HF01010,EEPL,ST,,,,,EPPELTONE ENGINEERS LTD,142.75,142.75,140.00,141.00,141.00,139.70,,141.00,,,12000,1702750.00,11,F1,1000,,,,,
2026-09-07,2026-09-07,CM,NSE,STK,761217,INE1KEC01023,EPWINDIA,ST,,,,,EPW INDIA LIMITED,235.05,235.05,231.90,231.90,231.90,244.10,,231.90,,,7200,1677240.00,6,F1,1200,,,,,
2026-09-07,2026-09-07,CM,NSE,STK,3553,INE217G01035,EQUIPPP,BE,,,,,EQUIPPP SOC IMP TECH LTD,22.50,22.98,22.12,22.85,22.70,22.75,,22.86,,,2952,66898.77,19,F1,1,,,,,
2026-09-07,2026-09-07,CM,NSE,STK,913,INE063P01018,EQUITASBNK,EQ,,,,,EQUITAS SMALL FIN BNK LTD,72.95,73.74,72.60,73.35,73.21,72.95,,73.35,,,843776,61684109.50,10504,F1,1,,,,,
2026-09-07,2026-09-07,CM,NSE,STK,21154,INE406M01024,ERIS,EQ,,,,,ERIS LIFESCIENCES LIMITED,1327.40,1341.00,1318.20,1324.30,1338.00,1321.70,,1324.27,,,27451,36420722.40,3859,F1,1,,,,,
2026-09-07,2026-09-07,CM,NSE,STK,955,INE284A01012,ESABINDIA,EQ,,,,,ESAB INDIA LTD,6053.50,6108.00,6015.00,6092.00,6108.00,6067.50,,6091.91,,,5026,30522156.50,1712,F1,1,,,,,
2026-09-07,2026-09-07,CM,NSE,STK,19884,INE818W01011,ESAFSFB,BE,,,,,ESAF SMALL FINANCE BANK L,41.79,42.02,40.52,41.76,41.85,41.41,,41.69,,,445009,18487795.08,2112,F1,1,,,,,
2026-09-07,2026-09-07,CM,NSE,STK,22767,INE0RQZ01017,ESCONET,ST,,,,,ESCONET TECHNOLOGIES LTD,236.00,250.50,236.00,249.40,250.50,238.60,,249.40,,,51600,12853400.00,98,F1,400,,,,,
2026-09-07,2026-09-07,CM,NSE,STK,958,INE042A01014,ESCORTS,EQ,,,,,ESCORTS KUBOTA LIMITED,2965.00,2985.30,2936.00,2957.40,2955.00,2968.80,,2957.50,,,25297,74647707.70,6560,F1,1,,,,,
2026-09-07,2026-09-07,CM,NSE,STK,765553,INE0DRI01029,ESDS,EQ,,,,,ESDS SOFTWARE SOLUTION L,1090.05,1090.05,1090.05,1090.05,1090.05,908.40,,1089.87,,,742653,809528902.65,11025,F1,1,,,,,
2026-09-07,2026-09-07,CM,NSE,STK,758760,INE818W08172,1165ESF32,N0,,,,,ESFB 11.65% 2032 SR 5,103860.29,103860.29,103860.29,103860.29,103860.29,103860.29,,103860.29,,,1,103860.29,1,F1,1,,,,,
2026-09-07,2026-09-07,CM,NSE,STK,24678,INE0SBP01018,ESPRIT,SM,,,,,ESPRIT STONES LIMITED,62.00,63.00,62.00,62.00,62.00,63.00,,62.00,,,4800,299200.00,3,F1,1600,,,,,
2026-09-07,2026-09-07,CM,NSE,STK,25634,INE122M01019,ESSARSHPNG,EQ,,,,,ESSAR SHIPPING LTD,17.18,17.65,16.12,16.41,16.49,17.09,,16.42,,,372333,6274089.70,1277,F1,1,,,,,
2026-09-07,2026-09-07,CM,NSE,STK,17084,INE0ITO01014,ESFL,SM,,,,,ESSEN SPECIALITY FILMS L,117.55,117.55,112.00,115.15,115.00,120.75,,115.15,,,24120,2775780.00,58,F1,360,,,,,
2026-09-07,2026-09-07,CM,NSE,STK,24265,INE778B01029,ESTER,EQ,,,,,ESTER INDUSTRIES LTD,94.40,94.40,90.95,91.54,91.65,93.57,,91.54,,,92014,8495156.80,1146,F1,1,,,,,
2026-09-07,2026-09-07,CM,NSE,STK,5097,INE758T01015,ETERNAL,EQ,,,,,ETERNAL LIMITED,325.75,325.75,319.70,320.80,320.80,322.75,,320.79,,,12845170,4137771543.20,107300,F1,1,,,,,
2026-09-07,2026-09-07,CM,NSE,STK,9750,INE04TZ01018,ETHOSLTD,EQ,,,,,ETHOS LIMITED,2779.80,2844.70,2724.60,2746.60,2750.00,2792.80,,2746.59,,,44369,122717289.10,7567,F1,1,,,,,
2026-09-07,2026-09-07,CM,NSE,STK,25162,INE0KCE01017,EUREKAFORB,EQ,,,,,EUREKA FORBES LIMITED,426.00,426.00,402.90,406.20,406.25,423.75,,406.25,,,195035,80134133.75,11583,F1,1,,,,,
2026-09-07,2026-09-07,CM,NSE,STK,6042,INE546V01010,EIFFL,BE,,,,,EURO (I) FRESH FOODS LTD,267.60,268.90,267.60,268.90,268.90,273.05,,268.90,,,2464,659431.40,18,F1,1,,,,,
2026-09-07,2026-09-07,CM,NSE,STK,757953,INE505V01016,EUROBOND,EQ,,,,,EURO PANEL PRODUCTS LTD,154.00,154.00,148.00,150.78,149.00,151.00,,150.78,,,6201,932064.26,73,F1,1,,,,,
2026-09-07,2026-09-07,CM,NSE,STK,759797,INE198501012,EUROPRATIK,EQ,,,,,EURO PRATIK SALES LIMITED,262.00,263.55,255.40,257.00,257.00,263.75,,257.00,,,190094,49172142.60,3683,F1,1,,,,,
2026-09-07,2026-09-07,CM,NSE,STK,8886,INE022C01012,EUROTEXIND,BE,,,,,EUROTEX IND & EXPORTS LTD,13.46,13.46,13.46,13.46,13.46,13.73,,13.18,,,2294,30877.24,2,F1,1,,,,,
2026-09-07,2026-09-07,CM,NSE,STK,11782,INE128A01029,EVEREADY,EQ,,,,,EVEREADY INDS. IND.  LTD.,315.75,331.00,315.00,327.15,326.00,317.90,,327.17,,,116376,37564990.50,4109,F1,1,,,,,
2026-09-07,2026-09-07,CM,NSE,STK,6017,INE295A01018,EVERESTIND,BE,,,,,EVEREST INDUSTRIES LTD,422.00,430.00,417.00,422.20,426.45,423.90,,422.30,,,10629,4484446.80,309,F1,1,,,,,
2026-09-07,2026-09-07,CM,NSE,STK,13091,INE184H01027,EKC,EQ,,,,,EVEREST KANTO CYLINDERLTD,105.94,106.42,102.91,104.70,103.90,106.42,,104.70,,,182166,19063227.09,2806,F1,1,,,,,
2026-09-07,2026-09-07,CM,NSE,STK,11471,INE369A01029,EXCELINDUS,EQ,,,,,EXCEL INDUSTRIES LTD,1036.00,1036.10,999.00,1002.60,999.00,1031.40,,1002.57,,,11574,11679279.10,1076,F1,1,,,,,
2026-09-07,2026-09-07,CM,NSE,STK,25327,INE0Y4801011,EXCELLENT,ST,,,,,EXCELLENT WIRES N PACK L,199.50,202.30,199.50,202.30,202.30,209.50,,202.30,,,3200,642880.00,2,F1,1600,,,,,
2026-09-07,2026-09-07,CM,NSE,STK,760007,INE606N01019,EXCELSOFT,EQ,,,,,EXCELSOFT TECHNOLOGIES L,70.01,70.39,66.90,68.26,68.30,70.23,,68.26,,,583097,39889679.39,4333,F1,1,,,,,
2026-09-07,2026-09-07,CM,NSE,STK,22947,INE777F01014,EXICOM,EQ,,,,,EXICOM TELE SYSTEMS LTD,179.00,187.60,178.00,184.33,183.90,177.85,,184.32,,,4232220,781011128.45,38650,F1,1,,,,,
2026-09-07,2026-09-07,CM,NSE,STK,676,INE302A01020,EXIDEIND,EQ,,,,,EXIDE INDUSTRIES LTD,422.30,427.50,416.60,425.75,425.75,424.35,,425.75,,,1662688,701244345.30,40593,F1,1,,,,,
2026-09-07,2026-09-07,CM,NSE,STK,760422,INE19I001020,EXIMROUTES,SM,,,,,EXIM ROUTES LIMITED,107.50,107.50,106.10,106.80,106.10,107.10,,106.80,,,1600,170880.00,2,F1,800,,,,,
2026-09-07,2026-09-07,CM,NSE,STK,17486,INE201K01015,EXPLEOSOL,EQ,,,,,EXPLEO SOLUTIONS LIMITED,910.45,922.00,895.00,899.55,902.80,899.00,,899.66,,,32051,29054408.75,3068,F1,1,,,,,
2026-09-07,2026-09-07,CM,NSE,STK,5352,INE0GFE01026,EXXARO,EQ,,,,,EXXARO TILES LIMITED,6.68,6.69,6.25,6.59,6.57,6.59,,6.59,,,571741,3755304.93,658,F1,1,,,,,
2026-09-07,2026-09-07,CM,NSE,STK,760125,INE0HF201011,FABTECH,EQ,,,,,FABTECH TECHNOLOGIES LTD,148.35,150.20,148.35,148.47,148.40,150.20,,148.49,,,35383,5267190.73,623,F1,1,,,,,
2026-09-07,2026-09-07,CM,NSE,STK,1008,INE188A01015,FACT,EQ,,,,,FACT LTD,799.50,808.95,791.30,793.30,796.95,801.40,,793.28,,,53413,42522513.55,3835,F1,1,,,,,
2026-09-07,2026-09-07,CM,NSE,STK,1619,INE0DNW01011,FAIRCHEMOR,BE,,,,,FAIRCHEM ORGANICS LIMITED,655.55,690.00,644.10,646.85,645.00,660.25,,646.85,,,44289,29055445.80,680,F1,1,,,,,
2026-09-07,2026-09-07,CM,NSE,STK,765368,INE1Q2D01019,FASCINATE,SM,,,,,FASCINATE TEXTILES LTD,65.30,65.30,65.30,65.30,65.30,72.55,,65.30,,,342400,22358720.00,121,F1,800,,,,,
2026-09-07,2026-09-07,CM,NSE,STK,12000,INE963C01033,FAZE3Q,EQ,,,,,FAZE THREE LIMITED,493.00,503.30,482.80,500.90,497.00,493.95,,500.26,,,8510,4227320.80,579,F1,1,,,,,
2026-09-07,2026-09-07,CM,NSE,STK,11999,INE512B01022,FCSSOFT,EQ,,,,,FCS SOFTWARE SOLN. LTD.,1.47,1.47,1.43,1.43,1.44,1.45,,1.43,,,1557564,2246937.67,1223,F1,1,,,,,
2026-09-07,2026-09-07,CM,NSE,STK,4898,INE258B01022,FDC,EQ,,,,,FDC LIMITED,345.55,345.55,338.60,342.15,342.50,342.80,,342.15,,,89168,30460471.10,6526,F1,1,,,,,
2026-09-07,2026-09-07,CM,NSE,STK,20322,INE007N01010,FEDFINA,EQ,,,,,FEDBANK FINANCIAL SER L,162.89,169.00,161.07,165.45,165.70,161.56,,165.45,,,2135760,355592452.83,27555,F1,1,,,,,
2026-09-07,2026-09-07,CM,NSE,STK,762675,INE417D01020,FEDDERSHOL,EQ,,,,,FEDDERS HOLDING LTD.,48.00,48.60,48.00,48.03,48.05,47.28,,48.03,,,2445557,117686773.49,2825,F1,1,,,,,
2026-09-07,2026-09-07,CM,NSE,STK,1023,INE171A01029,FEDERALBNK,EQ,,,,,FEDERAL BANK LTD,343.00,343.00,337.60,342.00,342.00,343.00,,341.99,,,5174214,1762671665.85,81193,F1,1,,,,,
2026-09-07,2026-09-07,CM,NSE,STK,1190,INE529A01010,FMGOETZE,EQ,,,,,FEDERAL-MOGUL GOETZE (IND,490.00,494.00,462.90,482.05,482.40,501.45,,482.05,,,1455155,692102338.45,26568,F1,1,,,,,
2026-09-07,2026-09-07,CM,NSE,STK,573,INE901X01013,FELIX,SM,,,,,FELIX INDUSTRIES LTD.,210.20,224.00,206.50,222.15,218.90,210.20,,222.15,,,283000,61482375.00,315,F1,500,,,,,
2026-09-07,2026-09-07,CM,NSE,STK,762680,INE225B01021,FERMENTA,EQ,,,,,FERMENTA BIOTECH LTD.,502.00,511.00,494.00,496.50,497.45,498.50,,496.49,,,79101,39792393.40,3561,F1,1,,,,,
2026-09-07,2026-09-07,CM,NSE,STK,8159,INE296C01020,FIBERWEB,EQ,,,,,FIBERWEB INDIA LIMITED,26.49,26.55,25.32,26.42,26.50,25.75,,26.42,,,21246,553733.71,171,F1,1,,,,,
2026-09-07,2026-09-07,CM,NSE,STK,9858,INE0LQQ01019,FIDEL,SM,,,,,FIDEL SOFTECH LIMITED,137.30,142.00,137.30,142.00,142.00,142.00,,142.00,,,5000,703250.00,5,F1,1000,,,,,
2026-09-07,2026-09-07,CM,NSE,STK,13710,INE737H01014,FIEMIND,EQ,,,,,FIEM INDUSTRIES LIMITED,2085.80,2090.00,2053.00,2068.80,2089.90,2085.80,,2068.90,,,38402,79291031.30,6167,F1,1,,,,,
2026-09-07,2026-09-07,CM,NSE,STK,23647,INE185E01021,FILATFASH,EQ,,,,,FILATEX FASHIONS LIMITED,0.19,0.19,0.17,0.18,0.18,0.18,,0.18,,,36890656,6652563.34,2702,F1,1,,,,,
2026-09-07,2026-09-07,CM,NSE,STK,24532,INE816B01035,FILATEX,EQ,,,,,FILATEX INDIA LTD,78.50,79.69,76.25,76.59,76.25,77.72,,76.59,,,990763,77162940.31,5947,F1,1,,,,,
2026-09-07,2026-09-07,CM,NSE,STK,759776,INE0EDU01014,FINBUD,SM,,,,,FINBUD FINANCIAL SERV LTD,134.35,134.35,128.00,132.10,132.10,133.00,,132.10,,,18000,2359750.00,16,F1,1000,,,,,
2026-09-07,2026-09-07,CM,NSE,STK,3744,INE686Y01026,FINEORG,EQ,,,,,FINE ORGANIC IND. LTD.,5126.00,5169.50,5070.00,5125.00,5120.00,5152.00,,5124.91,,,11396,58371544.00,3645,F1,1,,,,,
2026-09-07,2026-09-07,CM,NSE,STK,6198,INE045J01034,FCL,EQ,,,,,FINEOTEX CHEMICAL LIMITED,52.25,56.66,52.19,56.66,56.66,51.51,,56.66,,,42019821,2317306159.31,97397,F1,1,,,,,
2026-09-07,2026-09-07,CM,NSE,STK,759239,INE734I01027,FINKURVE,EQ,,,,,FINKURVE FINANCIAL SERV L,72.91,77.00,70.21,71.45,72.20,72.31,,71.45,,,65750,4746534.41,890,F1,1,,,,,
2026-09-07,2026-09-07,CM,NSE,STK,6579,INE02NC01014,FINOPB,EQ,,,,,FINO PAYMENTS BANK LTD,139.34,142.69,137.81,138.90,138.90,139.33,,138.93,,,187350,26137521.20,2670,F1,1,,,,,
2026-09-07,2026-09-07,CM,NSE,STK,1038,INE235A01022,FINCABLES,EQ,,,,,FINOLEX CABLES LTD,1212.00,1252.00,1211.10,1227.00,1225.00,1220.20,,1227.00,,,732032,899260547.00,39361,F1,1,,,,,
2026-09-07,2026-09-07,CM,NSE,STK,1041,INE183A01024,FINPIPE,EQ,,,,,FINOLEX INDUSTRIES LTD,158.00,160.21,156.85,157.16,157.55,158.63,,157.16,,,261198,41306404.30,14646,F1,1,,,,,
2026-09-07,2026-09-07,CM,NSE,STK,14304,INE684F01012,FSL,EQ,,,,,FIRSTSOURCE SOLU. LTD.,265.05,266.00,256.85,259.60,259.40,264.40,,259.60,,,821088,213086873.35,22967,F1,1,,,,,
2026-09-07,2026-09-07,CM,NSE,STK,757658,INE771F01041,FISCHER,EQ,,,,,FISCHER MEDICAL VENTURE L,36.34,36.34,35.50,35.72,35.54,36.04,,35.71,,,250781,8966446.68,1073,F1,1,,,,,
2026-09-07,2026-09-07,CM,NSE,STK,12032,INE128S01021,FIVESTAR,EQ,,,,,FIVE-STAR BUS FIN LTD,519.00,530.95,519.00,526.20,525.10,523.05,,526.17,,,276188,145275252.25,20880,F1,1,,,,,
2026-09-07,2026-09-07,CM,NSE,STK,20372,INE00Y201027,FLAIR,EQ,,,,,FLAIR WRITING INDUST LTD,243.75,244.80,239.15,240.22,240.20,243.71,,240.22,,,98923,23884190.28,2149,F1,1,,,,,
2026-09-07,2026-09-07,CM,NSE,STK,25516,INE060J01017,FLEXITUFF,BE,,,,,FLEXITUFF VENTURES INT L,2.35,2.35,2.18,2.18,2.18,2.29,,2.18,,,162913,358071.33,213,F1,1,,,,,
2026-09-07,2026-09-07,CM,NSE,STK,758208,INE0VCK01011,FLYSBS,SM,,,,,FLYSBS AVIATION LIMITED,634.90,666.00,634.90,657.40,660.00,635.60,,657.40,,,84000,54943180.00,298,F1,200,,,,,
2026-09-07,2026-09-07,CM,NSE,STK,760331,INE0SQZ01015,FWSTC,SM,,,,,FLYWINGS SIMULAT T C LTD,195.00,195.00,190.80,191.00,191.00,175.15,,191.00,,,2400,460680.00,4,F1,600,,,,,
2026-09-07,2026-09-07,CM,NSE,STK,6839,INE593W01028,FOCUS,BE,,,,,FOCUS LIGHTG & FIXTRS LTD,63.58,64.39,63.00,63.64,63.64,63.37,,63.64,,,21579,1375530.86,186,F1,1,,,,,
2026-09-07,2026-09-07,CM,NSE,STK,22517,INE0Q4701019,FONEBOX,SM,,,,,FONEBOX RETAIL LIMITED,100.00,105.00,100.00,103.45,102.95,100.00,,103.45,,,12000,1241950.00,11,F1,1000,,,,,
2026-09-07,2026-09-07,CM,NSE,STK,6673,INE976E01023,FOODSIN,EQ,,,,,FOODS & INNS LIMITED,57.30,57.90,56.32,57.40,57.80,57.37,,57.40,,,65087,3721708.51,479,F1,1,,,,,
2026-09-07,2026-09-07,CM,NSE,STK,24917,INE0U2501017,FORCAS,ST,,,,,FORCAS STUDIO LIMITED,239.45,239.45,234.00,234.00,234.00,237.05,,234.00,,,3200,757520.00,2,F1,1600,,,,,
2026-09-07,2026-09-07,CM,NSE,STK,11573,INE451A01017,FORCEMOT,EQ,,,,,FORCE MOTORS LIMITED,17521.00,17947.00,17501.00,17829.00,17829.00,17500.00,,17827.42,,,51095,908396620.00,16697,F1,1,,,,,
2026-09-07,2026-09-07,CM,NSE,STK,25664,INE0YKW01013,FORGEAUTO,SM,,,,,FORGE AUTO INTERNATION L,107.00,107.00,101.00,101.00,101.00,105.00,,101.00,,,8400,867000.00,7,F1,1200,,,,,
2026-09-07,2026-09-07,CM,NSE,STK,14592,INE061F01013,FORTIS,EQ,,,,,FORTIS HEALTHCARE LTD,902.10,911.50,892.80,910.00,910.00,905.00,,910.00,,,893344,807740796.90,28208,F1,1,,,,,
2026-09-07,2026-09-07,CM,NSE,STK,1073,INE519A01011,FOSECOIND,EQ,,,,,FOSECO INDIA LTD,6263.00,6354.50,6110.00,6128.50,6140.00,6263.00,,6127.85,,,8061,50031917.00,3484,F1,1,,,,,
2026-09-07,2026-09-07,CM,NSE,STK,760961,INE212S01015,FRACTAL,EQ,,,,,FRACTAL ANALYTICS LIMITED,821.00,821.95,798.55,801.20,803.50,825.45,,801.16,,,397346,319395019.85,18758,F1,1,,,,,
2026-09-07,2026-09-07,CM,NSE,STK,764683,INE194R01017,FREDUN,EQ,,,,,FREDUN PHARMACEUTICALS L,1487.00,1487.00,1360.00,1405.50,1390.00,1470.70,,1405.78,,,33122,47433255.90,2658,F1,1,,,,,
2026-09-07,2026-09-07,CM,NSE,STK,25871,INE0SFW01015,FRESHARA,ST,,,,,FRESHARA AGRO EXPORTS LTD,430.00,445.00,427.00,431.00,431.00,425.70,,431.00,,,45000,19637100.00,62,F1,600,,,,,
2026-09-07,2026-09-07,CM,NSE,STK,11504,INE385O01018,FROG,ST,,,,,FROG INNOVATIONS LIMITED,257.60,258.00,244.80,247.45,248.20,257.65,,247.45,,,53600,13236080.00,85,F1,400,,,,,
2026-09-07,2026-09-07,CM,NSE,STK,762685,INE572D01014,FRONTSP,EQ,,,,,FRONTIER SPRINGS LTD.,1304.80,1304.80,1264.00,1268.00,1270.00,1291.80,,1268.20,,,10430,13272119.60,1316,F1,1,,,,,
2026-09-07,2026-09-07,CM,NSE,STK,6545,INE388Y01029,NYKAA,EQ,,,,,FSN E COMMERCE VENTURES,331.00,339.75,330.10,332.70,332.70,332.50,,332.70,,,4285910,1439463071.60,71409,F1,1,,,,,
2026-09-07,2026-09-07,CM,NSE,STK,759876,INE12UR01024,UTLSOLAR,EQ,,,,,FUJIYAMA POWER SYSTEMS L,432.50,434.75,413.05,417.30,420.00,429.75,,417.29,,,247130,103878561.30,13603,F1,1,,,,,
2026-09-07,2026-09-07,CM,NSE,STK,11932,INE139R01012,FUSION,EQ,,,,,FUSION FINANCE LIMITED,202.90,206.50,198.15,200.52,200.30,203.19,,200.52,,,888653,179744467.47,21672,F1,1,,,,,
2026-09-07,2026-09-07,CM,NSE,STK,14868,INE452O01016,FLFL,BZ,,,,,FUT LIFESTYLE FASH LTD,1.28,1.29,1.19,1.25,1.26,1.25,,1.25,,,110260,135163.61,100,F1,1,,,,,
2026-09-07,2026-09-07,CM,NSE,STK,13812,INE623B01027,FEL,BZ,,,,,FUTURE ENTERPRISES LTD,0.38,0.39,0.38,0.38,0.39,0.38,,0.38,,,222406,85003.21,125,F1,1,,,,,
2026-09-07,2026-09-07,CM,NSE,STK,30491,IN9623B01058,FELDVR,BZ,,,,,FUTURE ENTERPRISES LTD,2.13,2.21,2.07,2.20,2.20,2.17,,2.16,,,1322,2868.29,24,F1,1,,,,,
2026-09-07,2026-09-07,CM,NSE,STK,21017,INE360L01017,FMNL,EQ,,,,,FUTURE MKT NETWORKS LTD,10.59,10.59,9.60,9.77,9.73,10.10,,9.77,,,81674,805307.55,282,F1,1,,,,,
2026-09-07,2026-09-07,CM,NSE,STK,1168,INE075D01018,GMBREW,EQ,,,,,G M BREWERIES LTD,915.10,951.00,914.10,941.40,937.20,919.85,,941.14,,,90903,85451355.85,6323,F1,1,,,,,
2026-09-07,2026-09-07,CM,NSE,STK,5054,INE201P01022,GRINFRA,EQ,,,,,G R INFRAPROJECTS LIMITED,869.10,874.95,852.85,862.60,863.05,869.10,,862.63,,,29533,25486019.30,4102,F1,1,,,,,
2026-09-07,2026-09-07,CM,NSE,STK,1135,INE586X01012,GTECJAINX,BE,,,,,G-TEC JAINX EDUCATION LTD,28.68,29.30,28.00,29.30,29.30,29.27,,29.30,,,4005,115897.04,24,F1,1,,,,,
2026-09-07,2026-09-07,CM,NSE,STK,1085,INE524A01029,GABRIEL,EQ,,,,,GABRIEL INDIA LTD,1353.10,1374.00,1326.70,1363.50,1372.00,1353.20,,1363.58,,,147826,199407076.30,15535,F1,1,,,,,
2026-09-07,2026-09-07,CM,NSE,STK,18018,INE224E01028,GATECH,BE,,,,,GACM TECHNOLOGIES LIMITED,0.87,0.87,0.87,0.87,0.87,0.91,,0.87,,,6232232,5422041.84,4637,F1,1,,,,,
2026-09-07,2026-09-07,CM,NSE,STK,27,INE224E01036,GATECHDVR,BE,,,,,GACM TECHNOLOGIES LIMITED,0.49,0.50,0.48,0.49,0.50,0.48,,0.49,,,691528,340605.66,309,F1,1,,,,,
2026-09-07,2026-09-07,CM,NSE,STK,4717,INE129A01019,GAIL,EQ,,,,,GAIL (INDIA) LTD,173.40,177.30,172.80,176.00,176.00,173.40,,175.99,,,9910348,1740984260.76,71516,F1,1,,,,,
2026-09-07,2026-09-07,CM,NSE,STK,765396,INE18UN01038,GAJA,EQ,,,,,GAJA ALT ASSET MGT LTD,161.75,161.99,154.20,155.42,155.10,161.10,,155.44,,,1078393,169593274.80,9214,F1,1,,,,,
2026-09-07,2026-09-07,CM,NSE,STK,25134,INE0RE001014,GALAPREC,EQ,,,,,GALA PRECISION ENG LTD,1034.50,1055.00,1012.30,1037.40,1035.00,1024.00,,1037.28,,,30325,31480887.70,3121,F1,1,,,,,
2026-09-07,2026-09-07,CM,NSE,STK,759089,INE09A801015,GML,SM,,,,,GALAXY MEDICARE LIMITED,17.80,17.80,17.80,17.80,17.80,17.85,,17.80,,,4000,71200.00,2,F1,2000,,,,,
2026-09-07,2026-09-07,CM,NSE,STK,1315,INE600K01018,GALAXYSURF,EQ,,,,,GALAXY SURFACTANTS LTD,2154.20,2178.00,2126.00,2136.60,2134.60,2165.00,,2136.41,,,15905,34086594.80,3738,F1,1,,,,,
2026-09-07,2026-09-07,CM,NSE,STK,13337,INE297H01019,GALLANTT,EQ,,,,,GALLANTT ISPAT LIMITED,574.50,577.80,566.05,572.45,575.00,574.00,,572.48,,,54832,31383163.70,4423,F1,1,,,,,
2026-09-07,2026-09-07,CM,NSE,STK,20303,INE717W01049,GANDHAR,EQ,,,,,GANDHAR OIL REFINE IND L,268.00,271.80,261.80,264.85,264.65,267.60,,264.85,,,719670,191243440.55,10170,F1,1,,,,,
2026-09-07,2026-09-07,CM,NSE,STK,14116,INE524B01027,GANDHITUBE,EQ,,,,,GANDHI SPL. TUBES LTD,889.00,905.00,889.00,898.55,904.90,900.15,,898.02,,,4198,3771660.85,441,F1,1,,,,,
2026-09-07,2026-09-07,CM,NSE,STK,5617,INE388A01029,GANESHBE,BE,,,,,GANESH BENZOPLAST LIMITED,124.89,129.39,124.10,129.39,129.39,123.23,,129.95,,,327639,42105039.40,630,F1,1,,,,,
2026-09-07,2026-09-07,CM,NSE,STK,759012,INE652V01016,GANESHCP,EQ,,,,,GANESH CONSUMER PRODUCT L,177.00,178.75,168.25,169.59,172.80,174.46,,169.63,,,155960,26872467.67,3079,F1,1,,,,,
2026-09-07,2026-09-07,CM,NSE,STK,24439,INE0R8C01018,GGBL,SM,,,,,GANESH GREEN BHARAT LTD,223.00,224.50,218.05,219.30,220.00,222.90,,219.30,,,31200,6911325.00,97,F1,300,,,,,
2026-09-07,2026-09-07,CM,NSE,STK,14339,INE460C01014,GANESHHOU,EQ,,,,,GANESH HOUSING LIMITED,755.10,763.15,751.00,758.75,758.00,758.95,,758.73,,,17875,13520273.65,1216,F1,1,,,,,
2026-09-07,2026-09-07,CM,NSE,STK,27351,INE0TVT01024,GANESHIN,ST,,,,,GANESH INFRAWORLD LIMITED,99.70,100.00,94.05,94.05,94.05,99.00,,94.05,,,74400,7101520.00,68,F1,800,,,,,
2026-09-07,2026-09-07,CM,NSE,STK,6944,INE845D01014,GANECOS,EQ,,,,,GANESHA ECOSPHERE LIMITED,999.90,999.90,970.40,990.00,985.00,999.90,,990.00,,,109978,108210753.20,9603,F1,1,,,,,
2026-09-07,2026-09-07,CM,NSE,STK,757525,INE0ZI101018,GANGABATH,SM,,,,,GANGA BATH FITTINGS LTD,20.60,20.65,20.40,20.40,20.40,20.30,,20.40,,,15000,307500.00,5,F1,3000,,,,,
2026-09-07,2026-09-07,CM,NSE,STK,4957,INE691Z01023,GANGAFORGE,EQ,,,,,GANGA FORGING LIMITED,1.70,1.76,1.62,1.63,1.64,1.68,,1.63,,,6103756,10245549.73,2579,F1,1,,,,,
2026-09-07,2026-09-07,CM,NSE,STK,21399,INE335W01016,GANGESSECU,EQ,,,,,GANGES SECURITIES LIMITED,118.01,123.00,117.83,121.89,121.89,118.71,,121.89,,,4328,520252.37,54,F1,1,,,,,
2026-09-07,2026-09-07,CM,NSE,STK,5475,INE382Z01011,GRSE,EQ,,,,,GARDEN REACH SHIP&ENG LTD,2530.00,2542.50,2502.00,2506.60,2510.00,2533.20,,2506.59,,,215499,542496797.30,15966,F1,1,,,,,
2026-09-07,2026-09-07,CM,NSE,STK,25800,INE0JVO01026,GARUDA,EQ,,,,,GARUDA CONSTRUCT N ENG L,180.00,180.00,176.81,178.63,178.73,178.73,,178.64,,,211606,37797036.21,2583,F1,1,,,,,
2026-09-07,2026-09-07,CM,NSE,STK,7982,INE291A01017,GRWRHITECH,EQ,,,,,GARWARE HI-TECH FILMS LTD,7066.00,7112.50,6560.50,6951.50,6951.50,7086.50,,6951.31,,,248502,1692517224.00,48445,F1,1,,,,,
2026-09-07,2026-09-07,CM,NSE,STK,1100,INE276A01018,GARFIBRES,EQ,,,,,GARWARE TECH FIBRES LTD,800.55,822.65,795.35,819.25,817.00,800.55,,819.24,,,29908,24294741.25,4616,F1,1,,,,,
2026-09-07,2026-09-07,CM,NSE,STK,8510,INE079J01017,GATEWAY,EQ,,,,,GATEWAY DISTRIPARKS LTD,54.87,55.00,53.80,53.96,53.99,54.69,,53.96,,,397333,21489114.34,3470,F1,1,,,,,
2026-09-07,2026-09-07,CM,NSE,STK,760179,INE0P8B01020,GAUDIUMIVF,BE,,,,,GAUDIUM IVF N WOMEN H L,114.75,118.00,112.01,112.76,112.86,116.43,,112.81,,,176755,20173799.33,1528,F1,1,,,,,
2026-09-07,2026-09-07,CM,NSE,STK,3693,INE287Z01012,GAYAHWS,EQ,,,,,GAYATRI HIGHWAYS LIMITED,1.93,2.00,1.91,1.92,1.95,1.93,,1.92,,,289982,565451.45,374,F1,1,,,,,
2026-09-07,2026-09-07,CM,NSE,STK,25023,INE336H01023,GAYAPROJ,EQ,,,,,GAYATRI PROJECTS LTD,22.50,22.50,21.81,22.18,22.24,21.76,,22.18,,,565332,12580098.69,2299,F1,1,,,,,
2026-09-07,2026-09-07,CM,NSE,STK,14052,INE0LVM01018,GRCL,SM,,,,,GAYATRI RUBB AND CHEM LTD,560.00,575.00,550.10,553.35,575.00,575.00,,553.35,,,3500,1941725.00,13,F1,250,,,,,
2026-09-07,2026-09-07,CM,NSE,STK,7862,INE878A01011,GVPIL,EQ,,,,,GE POWER INDIA LIMITED,647.00,682.00,641.00,655.15,655.20,649.60,,655.15,,,230305,152736280.75,8098,F1,1,,,,,
2026-09-07,2026-09-07,CM,NSE,STK,16783,INE200A01026,GVT&D,EQ,,,,,GE VERNOVA T&D INDIA LTD,4334.50,4389.10,4321.10,4367.20,4367.20,4306.30,,4367.14,,,295967,1289522394.20,48602,F1,1,,,,,
2026-09-07,2026-09-07,CM,NSE,STK,13662,INE916G01016,GEECEE,BE,,,,,GEECEE VENTURES LIMITED,382.00,382.00,365.20,370.85,369.70,366.20,,371.03,,,2324,861797.25,54,F1,1,,,,,
2026-09-07,2026-09-07,CM,NSE,STK,17922,INE669X01032,GEEKAYWIRE,EQ,,,,,GEEKAY WIRES LIMITED,30.15,30.92,29.85,30.14,30.44,29.61,,30.14,,,256145,7799038.98,1407,F1,1,,,,,
2026-09-07,2026-09-07,CM,NSE,STK,759461,INE06XZ01023,GEMAROMA,EQ,,,,,GEM AROMATICS LIMITED,161.50,166.69,157.50,158.19,159.00,161.50,,158.19,,,70224,11226230.25,1762,F1,1,,,,,
2026-09-07,2026-09-07,CM,NSE,STK,277,INE481Y01014,GICRE,EQ,,,,,GENERAL INS CORP OF INDIA,361.90,362.45,348.20,349.80,352.00,358.45,,349.82,,,1713058,604126331.95,23702,F1,1,,,,,
2026-09-07,2026-09-07,CM,NSE,STK,2188,INE854S01022,GENCON,EQ,,,,,GENERIC ENG CONS PROJ LTD,44.42,44.99,41.52,41.98,42.39,44.63,,41.98,,,366956,16098246.96,2055,F1,1,,,,,
2026-09-07,2026-09-07,CM,NSE,STK,10905,INE727B01026,GENESYS,EQ,,,,,GENESYS INTL CORPN LTD,234.00,241.90,227.03,240.16,239.00,230.88,,240.16,,,670463,157989343.00,12494,F1,1,,,,,
2026-09-07,2026-09-07,CM,NSE,STK,758842,INE06H201014,GENSOL,BZ,,,,,GENSOL ENGINEERING LTD,17.25,17.84,16.80,17.19,17.40,17.28,,17.20,,,54286,934679.20,415,F1,1,,,,,
2026-09-07,2026-09-07,CM,NSE,STK,6600,INE949P01018,GENUSPAPER,EQ,,,,,GENUS P&B LIMITED,12.76,14.20,12.37,13.22,13.33,12.76,,13.22,,,517475,6894492.12,1383,F1,1,,,,,
2026-09-07,2026-09-07,CM,NSE,STK,11905,INE955D01029,GENUSPOWER,EQ,,,,,GENUS POWER INFRASTRU LTD,335.00,346.90,334.00,336.40,337.45,337.80,,336.36,,,2776994,946678049.40,178782,F1,1,,,,,
2026-09-07,2026-09-07,CM,NSE,STK,31942,INE1W0N01014,GENXAI,SM,,,,,GENXAI ANALYTICS LIMITED,80.30,82.50,80.30,82.50,82.50,80.30,,82.50,,,6000,490620.00,5,F1,1200,,,,,
2026-09-07,2026-09-07,CM,NSE,STK,11896,INE007B01023,GEOJITFSL,EQ,,,,,GEOJIT FINANCIAL SER L,82.96,83.68,82.10,82.78,83.00,82.72,,82.78,,,197271,16339812.42,2051,F1,1,,,,,
2026-09-07,2026-09-07,CM,NSE,STK,1289,INE538A01037,GFLLIMITED,EQ,,,,,GFL LIMITED,63.99,63.99,61.41,62.17,62.00,62.81,,62.17,,,173356,10797939.54,3347,F1,1,,,,,
2026-09-07,2026-09-07,CM,NSE,STK,1127,INE539A01019,GHCL,EQ,,,,,GHCL LIMITED,437.00,437.95,432.50,433.35,433.15,436.60,,433.34,,,54136,23561615.80,2127,F1,1,,,,,
2026-09-07,2026-09-07,CM,NSE,STK,16696,INE0PA801013,GHCLTEXTIL,EQ,,,,,GHCL TEXTILES LIMITED,139.80,139.80,132.40,133.36,133.65,136.72,,133.37,,,359899,48413952.46,6236,F1,1,,,,,
2026-09-07,2026-09-07,CM,NSE,STK,1139,INE289B01019,GICHSGFIN,EQ,,,,,GIC HOUSING FINANCE LTD,141.99,142.44,140.10,140.42,140.70,140.45,,140.42,,,62788,8849485.02,1114,F1,1,,,,,
2026-09-07,2026-09-07,CM,NSE,STK,17839,INE047B01011,GILLANDERS,EQ,,,,,GILLANDERS ARBUTHNOT LTD,103.05,105.00,101.20,104.63,105.00,103.19,,104.58,,,2241,232129.00,196,F1,1,,,,,
2026-09-07,2026-09-07,CM,NSE,STK,1576,INE322A01010,GILLETTE,EQ,,,,,GILLETTE INDIA LTD,7312.50,7391.00,7280.00,7380.50,7382.50,7312.50,,7380.41,,,9738,71377272.50,3149,F1,1,,,,,
2026-09-07,2026-09-07,CM,NSE,STK,9294,INE424C01010,GINNIFILA,BE,,,,,GINNIFILAMENTS LTD.,42.50,42.84,41.50,42.18,42.44,42.57,,42.18,,,39857,1683944.24,124,F1,1,,,,,
2026-09-07,2026-09-07,CM,NSE,STK,2365,INE614Z01017,GIRIRAJ,SM,,,,,GIRIRAJ CIVIL DEVP LTD,74.65,78.35,74.65,78.35,78.35,74.65,,78.35,,,3500,272375.00,5,F1,250,,,,,
2026-09-07,2026-09-07,CM,NSE,STK,759048,INE1AG301022,GKENERGY,EQ,,,,,GK ENERGY LIMITED,128.96,131.67,127.41,129.46,130.00,128.96,,129.50,,,248778,31993136.01,3891,F1,1,,,,,
2026-09-07,2026-09-07,CM,NSE,STK,764688,INE265D01015,GKB,EQ,,,,,GKB OPHTHALMICS LTD.,64.00,68.00,62.25,65.25,65.25,63.97,,67.00,,,1462,95873.00,15,F1,1,,,,,
2026-09-07,2026-09-07,CM,NSE,STK,17357,INE528A01020,GKWLIMITED,EQ,,,,,GKW LIMITED,1582.10,1585.00,1510.00,1550.60,1550.00,1610.90,,1550.60,,,2522,3910484.00,93,F1,1,,,,,
2026-09-07,2026-09-07,CM,NSE,STK,1186,INE068V01023,GLAND,EQ,,,,,GLAND PHARMA LIMITED,2929.60,3042.00,2916.90,2974.30,2972.00,2932.40,,2974.26,,,1031320,3079656556.40,69921,F1,1,,,,,
2026-09-07,2026-09-07,CM,NSE,STK,1153,INE159A01016,GLAXO,EQ,,,,,GLAXOSMITHKLINE PHARMA LT,2937.90,3075.00,2932.70,2957.80,2967.00,2958.10,,2957.77,,,155659,465458168.10,18114,F1,1,,,,,
2026-09-07,2026-09-07,CM,NSE,STK,7406,INE935A01035,GLENMARK,EQ,,,,,GLENMARK PHARMACEUTICALS,2420.20,2472.00,2420.20,2451.90,2451.90,2437.20,,2451.92,,,267568,656889629.70,29294,F1,1,,,,,
2026-09-07,2026-09-07,CM,NSE,STK,1415,INE291W01037,GLOBAL,EQ,,,,,GLOBAL EDUCATION LIMITED,121.00,122.98,119.10,120.15,119.10,120.45,,120.15,,,129151,15661916.80,1429,F1,1,,,,,
2026-09-07,2026-09-07,CM,NSE,STK,11956,INE474Q01031,MEDANTA,EQ,,,,,GLOBAL HEALTH LIMITED,1474.10,1481.20,1420.40,1422.60,1423.00,1469.80,,1422.58,,,204437,293564706.10,24659,F1,1,,,,,
2026-09-07,2026-09-07,CM,NSE,STK,17167,INE0PS501019,GLOBALPET,SM,,,,,GLOBAL PET INDUSTRIES LTD,156.85,158.00,156.85,157.50,157.00,165.00,,157.50,,,3750,589162.50,5,F1,750,,,,,
2026-09-07,2026-09-07,CM,NSE,STK,14599,INE0JSX01015,GSLSU,EQ,,,,,GLOBAL SURFACES LIMITED,29.78,29.78,28.40,29.45,29.58,28.37,,29.46,,,164591,4814871.15,1737,F1,1,,,,,
2026-09-07,2026-09-07,CM,NSE,STK,13735,INE792H01019,GLOBALVECT,EQ,,,,,GLOBAL VEC HELICORP LTD,139.26,144.80,138.20,139.64,139.97,141.16,,139.78,,,7148,1009226.12,366,F1,1,,,,,
2026-09-07,2026-09-07,CM,NSE,STK,24932,INE0URU01010,GLOBALE,EQ,,,,,GLOBALE TESSILE LIMITED,11.90,11.90,10.83,11.40,11.40,11.39,,11.40,,,3819,42027.18,34,F1,1,,,,,
2026-09-07,2026-09-07,CM,NSE,STK,758572,INE0V3U01015,GLOBECIVIL,EQ,,,,,GLOBE CIVIL PROJECTS LTD,48.99,48.99,45.42,46.15,46.50,48.15,,46.15,,,31751,1480553.67,472,F1,1,,,,,
2026-09-07,2026-09-07,CM,NSE,STK,393,INE581X01021,GLOBE,EQ,,,,,GLOBE ENTERPRISE (I) LTD,1.92,1.92,1.83,1.86,1.88,1.89,,1.86,,,389980,729804.08,285,F1,1,,,,,
2026-09-07,2026-09-07,CM,NSE,STK,761025,INE947T01022,GICL,EQ,,,,,GLOBE INTL CARRIERS LTD,24.90,24.90,23.65,24.42,24.40,24.60,,24.42,,,317054,7693535.87,598,F1,1,,,,,
2026-09-07,2026-09-07,CM,NSE,STK,9764,INE00WS01056,GSTL,SM,,,,,GLOBESECURE TECHNO LTD,11.40,11.70,11.40,11.70,11.70,12.00,,11.70,,,4000,46250.00,4,F1,1000,,,,,
2026-09-07,2026-09-07,CM,NSE,STK,17424,INE615I01010,GLOBUSSPR,EQ,,,,,GLOBUS SPIRITS LTD,918.75,918.75,878.00,895.10,896.00,914.30,,895.11,,,150541,134740787.85,7915,F1,1,,,,,
2026-09-07,2026-09-07,CM,NSE,STK,23590,INE350Z01018,GLOSTERLTD,EQ,,,,,GLOSTER LIMITED,596.50,629.00,586.50,603.40,613.00,596.50,,603.40,,,1178,718136.25,97,F1,1,,,,,
2026-09-07,2026-09-07,CM,NSE,STK,760116,INE0TQE01026,GLOTTIS,EQ,,,,,GLOTTIS LIMITED,62.04,62.04,58.05,59.62,60.00,62.10,,59.61,,,66359,3999836.34,979,F1,1,,,,,
2026-09-07,2026-09-07,CM,NSE,STK,1570,INE541A01023,GMMPFAUDLR,EQ,,,,,GMM PFAUDLER LIMITED,1140.00,1254.00,1134.90,1235.70,1236.00,1147.90,,1235.69,,,1280855,1568633390.20,78115,F1,1,,,,,
2026-09-07,2026-09-07,CM,NSE,STK,13528,INE776C01039,GMRAIRPORT,EQ,,,,,GMR AIRPORTS LIMITED,98.05,98.48,95.65,95.94,95.94,97.45,,95.94,,,5131436,496166844.18,86469,F1,1,,,,,
2026-09-07,2026-09-07,CM,NSE,STK,8529,INE0CU601026,GMRP&UI,EQ,,,,,GMR POW AND URBAN INFRA L,95.80,98.35,93.10,93.57,93.33,95.30,,93.57,,,1193207,114292368.72,8932,F1,1,,,,,
2026-09-07,2026-09-07,CM,NSE,STK,18571,INE934S01014,GNA,EQ,,,,,GNA AXLES LIMITED,551.05,558.00,540.55,543.20,548.20,551.05,,543.26,,,131118,72002085.15,4402,F1,1,,,,,
2026-09-07,2026-09-07,CM,NSE,STK,757862,INE18JU01028,EBGNG,EQ,,,,,GNG ELECTRONICS LIMITED,603.05,624.75,601.55,619.10,622.05,601.25,,619.18,,,413604,255040658.25,15555,F1,1,,,,,
2026-09-07,2026-09-07,CM,NSE,STK,23799,INE03JT01014,GODIGIT,EQ,,,,,GO DIGIT GENERAL INS LTD,260.00,260.75,254.85,256.60,255.50,258.30,,256.62,,,110938,28439010.90,4068,F1,1,,,,,
2026-09-07,2026-09-07,CM,NSE,STK,6964,INE0BJS01011,GOCOLORS,EQ,,,,,GO FASHION INDIA LTD,332.00,343.15,327.55,329.70,328.20,326.65,,329.70,,,235954,78882055.90,5743,F1,1,,,,,
2026-09-07,2026-09-07,CM,NSE,STK,14687,INE426D01013,GOACARBON,EQ,,,,,GOA CARBON LIMITED,377.00,387.00,372.90,382.55,384.95,378.45,,382.55,,,18478,7042995.05,1137,F1,1,,,,,
2026-09-07,2026-09-07,CM,NSE,STK,3963,INE077F01035,GOCLCORP,EQ,,,,,GOCL CORPORATION LIMITED,429.00,439.50,426.30,436.95,435.20,427.45,,436.91,,,182392,79305259.05,5623,F1,1,,,,,
2026-09-07,2026-09-07,CM,NSE,STK,25941,INE497S01012,GODAVARIB,EQ,,,,,GODAVARI BIOREFINERIES L,245.39,248.00,241.31,244.95,247.00,241.70,,245.01,,,86089,21066749.62,2198,F1,1,,,,,
2026-09-07,2026-09-07,CM,NSE,STK,13409,INE177H01039,GPIL,EQ,,,,,GODAWARI POW & ISP LTD,242.79,245.20,239.43,244.05,245.20,240.67,,244.05,,,1531854,371310831.52,21903,F1,1,,,,,
2026-09-07,2026-09-07,CM,NSE,STK,1181,INE260B01028,GODFRYPHLP,EQ,,,,,GODFREY PHILLIPS INDIA LT,2051.00,2058.90,2011.00,2029.00,2029.00,2051.00,,2028.82,,,120277,244080373.60,13236,F1,1,,,,,
2026-09-07,2026-09-07,CM,NSE,STK,144,INE850D01014,GODREJAGRO,EQ,,,,,GODREJ AGROVET LIMITED,648.15,671.10,642.25,665.50,665.00,644.85,,665.51,,,338467,222581282.30,13657,F1,1,,,,,
2026-09-07,2026-09-07,CM,NSE,STK,10099,INE102D01028,GODREJCP,EQ,,,,,GODREJ CONSUMER PRODUCTS,878.50,879.05,857.10,861.90,861.90,878.00,,861.81,,,2647422,2283038437.20,49729,F1,1,,,,,
2026-09-07,2026-09-07,CM,NSE,STK,10925,INE233A01035,GODREJIND,EQ,,,,,GODREJ INDUSTRIES LTD,1171.00,1184.90,1148.80,1159.80,1170.00,1163.50,,1159.78,,,64123,74669971.30,10618,F1,1,,,,,
2026-09-07,2026-09-07,CM,NSE,STK,17875,INE484J01027,GODREJPROP,EQ,,,,,GODREJ PROPERTIES LTD,1982.00,1984.00,1891.10,1922.20,1922.20,1982.00,,1922.10,,,752808,1447760391.90,33374,F1,1,,,,,
2026-09-07,2026-09-07,CM,NSE,STK,765281,IN0020260066,657GS2033A,GS,,,,,GOI LOAN   6.57% 2033,100.00,100.00,97.81,97.81,97.81,98.41,,97.81,,,2100,206715.00,5,F1,1,,,,,
2026-09-07,2026-09-07,CM,NSE,STK,27405,IN0020240167,664GS2027,GS,,,,,GOI LOAN   6.64% 2027,101.20,101.20,101.20,101.20,101.20,101.20,,101.20,,,100,10120.00,1,F1,1,,,,,
2026-09-07,2026-09-07,CM,NSE,STK,28894,IN0020240191,679GS2031,GS,,,,,GOI LOAN   6.79% 2031,100.50,100.50,100.50,100.50,100.50,100.50,,100.50,,,390,39195.00,1,F1,1,,,,,
2026-09-07,2026-09-07,CM,NSE,STK,27127,IN0020240134,692GS2039,GS,,,,,GOI LOAN   6.92% 2039,99.01,99.30,99.01,99.29,99.28,97.02,,99.29,,,111,10993.19,4,F1,1,,,,,
2026-09-07,2026-09-07,CM,NSE,STK,27819,IN0020240175,698GR2054,GS,,,,,GOI LOAN   6.98% 2054,92.10,94.50,92.10,94.50,94.50,93.10,,94.50,,,201,18519.50,4,F1,1,,,,,
2026-09-07,2026-09-07,CM,NSE,STK,27170,IN0020240142,709GS2074,GS,,,,,GOI LOAN   7.09% 2074,95.80,95.80,95.50,95.50,95.50,95.60,,95.50,,,4498,429943.16,24,F1,1,,,,,
2026-09-07,2026-09-07,CM,NSE,STK,6695,IN0020210186,574GS2026,GS,,,,,GOI LOAN  5.74% 2026,101.21,101.21,101.21,101.21,101.21,101.95,,101.21,,,5,506.05,2,F1,1,,,,,
2026-09-07,2026-09-07,CM,NSE,STK,757753,IN0020250034,591GS2028,GS,,,,,GOI LOAN  5.91% 2028,100.50,100.50,100.50,100.50,100.50,100.69,,100.50,,,99,9949.50,1,F1,1,,,,,
2026-09-07,2026-09-07,CM,NSE,STK,760622,IN0020250125,603GS2029,GS,,,,,GOI LOAN  6.03% 2029,100.25,100.25,100.25,100.25,100.25,100.47,,100.25,,,5,501.25,1,F1,1,,,,,
2026-09-07,2026-09-07,CM,NSE,STK,5012,IN0020210095,610GS2031,GS,,,,,GOI LOAN  6.10% 2031,99.99,99.99,99.99,99.99,99.99,97.00,,99.99,,,1,99.99,1,F1,1,,,,,
2026-09-07,2026-09-07,CM,NSE,STK,761020,IN0020250141,636GS2031,GS,,,,,GOI LOAN  6.36% 2031,100.49,100.49,100.49,100.49,100.49,101.50,,100.49,,,100,10049.00,1,F1,1,,,,,
2026-09-07,2026-09-07,CM,NSE,STK,759396,IN0020250091,648GS2035,GS,,,,,GOI LOAN  6.48% 2035,98.50,100.00,98.50,100.00,100.00,100.00,,100.00,,,3350,332402.50,11,F1,1,,,,,
2026-09-07,2026-09-07,CM,NSE,STK,7843,IN0020210244,654GS2032,GS,,,,,GOI LOAN  6.54% 2032,100.10,100.35,100.10,100.35,100.35,100.16,,100.35,,,26000,2605100.00,4,F1,1,,,,,
2026-09-07,2026-09-07,CM,NSE,STK,5577,IN0020210152,667GS2035,GS,,,,,GOI LOAN  6.67% 2035,98.81,98.81,98.81,98.81,98.81,100.20,,98.81,,,100,9881.00,1,F1,1,,,,,
2026-09-07,2026-09-07,CM,NSE,STK,956,IN0020200252,667GS2050,GS,,,,,GOI LOAN  6.67% 2050,92.51,93.20,92.50,93.20,93.20,93.00,,93.20,,,6413,594724.21,7,F1,1,,,,,
2026-09-07,2026-09-07,CM,NSE,STK,760623,IN0020250133,668GS2033,GS,,,,,GOI LOAN  6.68% 2033,99.00,99.00,99.00,99.00,99.00,100.00,,99.00,,,5000,495000.00,2,F1,1,,,,,
2026-09-07,2026-09-07,CM,NSE,STK,2317,IN0020200401,676GS2061,GS,,,,,GOI LOAN  6.76% 2061,88.70,90.80,88.70,90.45,90.45,90.65,,90.45,,,15861,1434585.10,25,F1,1,,,,,
2026-09-07,2026-09-07,CM,NSE,STK,756014,IN0020250018,690GS2065,GS,,,,,GOI LOAN  6.90% 2065,93.70,93.70,93.10,93.30,93.10,93.74,,93.30,,,3600,335914.40,11,F1,1,,,,,
2026-09-07,2026-09-07,CM,NSE,STK,763340,IN0020260025,694GS2036,GS,,,,,GOI LOAN  6.94% 2036,102.20,102.31,102.20,102.31,102.31,102.20,,102.31,,,400,40913.00,4,F1,1,,,,,
2026-09-07,2026-09-07,CM,NSE,STK,6817,IN0020210202,695GS2061,GS,,,,,GOI LOAN  6.95% 2061,92.50,93.50,92.50,93.50,93.50,94.70,,93.50,,,438,40531.90,7,F1,1,,,,,
2026-09-07,2026-09-07,CM,NSE,STK,23854,IN0020240043,702GS2027,GS,,,,,GOI LOAN  7.02% 2027,102.00,102.00,102.00,102.00,102.00,102.00,,102.00,,,199,20298.00,1,F1,1,,,,,
2026-09-07,2026-09-07,CM,NSE,STK,24072,IN0020240076,702GS2031,GS,,,,,GOI LOAN  7.02% 2031,101.70,101.70,101.70,101.70,101.70,101.79,,101.70,,,1000,101700.00,1,F1,1,,,,,
2026-09-07,2026-09-07,CM,NSE,STK,23919,IN0020240050,704GS2029,GS,,,,,GOI LOAN  7.04% 2029,103.00,103.00,103.00,103.00,103.00,103.00,,103.00,,,2000,206000.00,2,F1,1,,,,,
2026-09-07,2026-09-07,CM,NSE,STK,14970,IN0020230010,706GS2028,GS,,,,,GOI LOAN  7.06% 2028,104.00,104.10,104.00,104.10,104.10,104.32,,104.10,,,7275,757300.00,4,F1,1,,,,,
2026-09-07,2026-09-07,CM,NSE,STK,764295,IN0020260041,706GS2041,GS,,,,,GOI LOAN  7.06% 2041,100.15,100.15,100.15,100.15,100.15,100.15,,100.15,,,1000,100150.00,2,F1,1,,,,,
2026-09-07,2026-09-07,CM,NSE,STK,24949,IN0020240118,709GS2054,GS,,,,,GOI LOAN  7.09% 2054,95.97,95.97,95.50,95.52,95.50,95.98,,95.52,,,30487,2916291.70,22,F1,1,,,,,
2026-09-07,2026-09-07,CM,NSE,STK,15050,IN0020230036,717GS2030,GS,,,,,GOI LOAN  7.17% 2030,103.85,103.85,103.85,103.85,103.85,103.81,,103.85,,,10,1038.50,1,F1,1,,,,,
2026-09-07,2026-09-07,CM,NSE,STK,17398,IN0020230077,718GS2037,GS,,,,,GOI LOAN  7.18% 2037,104.95,104.95,102.01,102.50,102.50,102.80,,102.50,,,47811,4903351.24,24,F1,1,,,,,
2026-09-07,2026-09-07,CM,NSE,STK,23518,IN0020240027,723GS2039,GS,,,,,GOI LOAN  7.23% 2039,104.58,104.58,104.58,104.58,104.58,104.58,,104.58,,,1000,104580.00,1,F1,1,,,,,
2026-09-07,2026-09-07,CM,NSE,STK,758674,IN0020250075,724GS2055,GS,,,,,GOI LOAN  7.24% 2055,97.29,97.29,96.82,96.98,96.95,96.82,,96.98,,,15921,1543349.28,34,F1,1,,,,,
2026-09-07,2026-09-07,CM,NSE,STK,16733,IN0020230044,725GS2063,GS,,,,,GOI LOAN  7.25% 2063,97.20,97.20,96.93,96.98,96.96,96.98,,96.98,,,345123,33462816.72,319,F1,1,,,,,
2026-09-07,2026-09-07,CM,NSE,STK,10722,IN0020220060,726GS2032,GS,,,,,GOI LOAN  7.26% 2032,103.40,103.40,102.32,103.20,103.30,103.40,,103.20,,,114010,11748807.80,14,F1,1,,,,,
2026-09-07,2026-09-07,CM,NSE,STK,14051,IN0020220151,726GS2033,GS,,,,,GOI LOAN  7.26% 2033,102.00,103.35,102.00,103.35,103.35,103.25,,103.35,,,25000,2570500.00,6,F1,1,,,,,
2026-09-07,2026-09-07,CM,NSE,STK,16865,IN0020230051,73GS2053,GS,,,,,GOI LOAN  7.3% 2053,98.85,98.85,98.75,98.80,98.80,98.85,,98.80,,,10200,1008043.40,16,F1,1,,,,,
2026-09-07,2026-09-07,CM,NSE,STK,20136,IN0020230135,732GS2030,GS,,,,,GOI LOAN  7.32% 2030,103.61,103.61,103.61,103.61,103.61,104.00,,103.61,,,200,20722.00,2,F1,1,,,,,
2026-09-07,2026-09-07,CM,NSE,STK,19685,IN0020230119,733GS2026,GS,,,,,GOI LOAN  7.33% 2026,102.31,102.31,102.31,102.31,102.31,102.11,,102.06,,,210,21485.10,3,F1,1,,,,,
2026-09-07,2026-09-07,CM,NSE,STK,23558,IN0020240035,734GS2064,GS,,,,,GOI LOAN  7.34% 2064,98.65,99.10,98.60,98.84,98.83,98.85,,98.84,,,10885,1075624.08,25,F1,1,,,,,
2026-09-07,2026-09-07,CM,NSE,STK,10931,IN0020220086,736GS2052,GS,,,,,GOI LOAN  7.36% 2052,102.00,102.00,101.75,101.75,101.75,101.15,,101.75,,,493,50163.25,3,F1,1,,,,,
2026-09-07,2026-09-07,CM,NSE,STK,10981,IN0020220094,74GS2062,GS,,,,,GOI LOAN  7.4% 2062,101.97,101.97,101.97,101.97,101.97,103.00,,101.96,,,20,2039.40,3,F1,1,,,,,
2026-09-07,2026-09-07,CM,NSE,STK,13194,IN0020220102,741GS2036,GS,,,,,GOI LOAN  7.41% 2036,105.18,105.18,105.07,105.07,105.07,105.00,,105.07,,,433,45520.61,3,F1,1,,,,,
2026-09-07,2026-09-07,CM,NSE,STK,760649,IN0020250117,743GS2076,GS,,,,,GOI LOAN  7.43% 2076,100.60,100.60,99.25,99.25,99.25,99.83,,99.25,,,459559,45615752.21,387,F1,1,,,,,
2026-09-07,2026-09-07,CM,NSE,STK,19808,IN0020230127,746GS2073,GS,,,,,GOI LOAN  7.46% 2073,101.26,101.50,101.26,101.39,101.50,101.50,,101.39,,,1965,198978.05,9,F1,1,,,,,
2026-09-07,2026-09-07,CM,NSE,STK,9585,IN0020220029,754GS2036,GS,,,,,GOI LOAN  7.54% 2036,106.20,106.30,105.86,106.17,106.22,106.18,,106.17,,,463584,49200036.60,251,F1,1,,,,,
2026-09-07,2026-09-07,CM,NSE,STK,763489,IN0020260033,771GS2066,GS,,,,,GOI LOAN  7.71% 2066,103.77,103.77,103.55,103.60,103.60,103.66,,103.60,,,11379,1179637.91,18,F1,1,,,,,
2026-09-07,2026-09-07,CM,NSE,STK,6833,IN0020010081,1018GS2026,GS,,,,,GOI LOAN 10.18% 2026,104.98,104.99,104.97,104.97,104.97,104.96,,104.97,,,5694,597741.79,19,F1,1,,,,,
2026-09-07,2026-09-07,CM,NSE,STK,13472,IN0020190362,645GS2029,GS,,,,,GOI LOAN 6.45% 2029,101.36,101.36,101.36,101.36,101.36,103.20,,101.36,,,5,506.80,1,F1,1,,,,,
2026-09-07,2026-09-07,CM,NSE,STK,7184,IN0020160068,706GS2046,GS,,,,,GOI LOAN 7.06% 2046,100.80,100.80,100.70,100.70,100.70,106.00,,100.70,,,11591,1167263.70,14,F1,1,,,,,
2026-09-07,2026-09-07,CM,NSE,STK,9047,IN0020220011,710GS2029,GS,,,,,GOI LOAN 7.10% 2029,103.41,103.41,103.41,103.41,103.41,104.00,,103.41,,,1,103.41,1,F1,1,,,,,
2026-09-07,2026-09-07,CM,NSE,STK,9913,IN0020220037,738GS2027,GS,,,,,GOI LOAN 7.38% 2027,101.61,102.70,101.61,102.60,102.60,102.62,,102.60,,,18236,1866606.70,19,F1,1,,,,,
2026-09-07,2026-09-07,CM,NSE,STK,6835,IN0020020106,795GS2032,GS,,,,,GOI LOAN 7.95% 2032,107.20,107.20,107.20,107.20,107.20,106.40,,107.20,,,12,1286.40,1,F1,1,,,,,
2026-09-07,2026-09-07,CM,NSE,STK,6884,IN0020060078,824GS2027,GS,,,,,GOI LOAN 8.24%2027,101.70,101.70,101.70,101.70,101.70,101.70,,101.70,,,1,101.70,1,F1,1,,,,,
2026-09-07,2026-09-07,CM,NSE,STK,6921,IN0020070069,828GS2027,GS,,,,,GOI LOAN 8.28% 2027,158.56,158.56,158.56,158.56,158.56,166.90,,158.56,,,17,2695.52,1,F1,1,,,,,
2026-09-07,2026-09-07,CM,NSE,STK,7011,IN0020110055,897GS2030,GS,,,,,GOI LOAN 8.97% 2030,112.00,112.50,112.00,112.50,112.50,112.50,,112.50,,,2050,229625.00,3,F1,1,,,,,
2026-09-07,2026-09-07,CM,NSE,STK,7039,IN0020130053,92GS2030,GS,,,,,GOI LOAN 9.20% 2030,115.50,115.50,115.30,115.32,115.30,115.25,,115.32,,,3600,415764.00,4,F1,1,,,,,
2026-09-07,2026-09-07,CM,NSE,STK,761480,IN002025Y503,182D180926,TB,,,,,GOI TBILL 182D-18/09/26,99.70,99.70,99.70,99.70,99.70,99.05,,99.70,,,12000,1196400.00,2,F1,100,,,,,
2026-09-07,2026-09-07,CM,NSE,STK,763782,IN002026Y139,182D311226,TB,,,,,GOI TBILL 182D-31/12/26,97.58,97.75,97.58,97.75,97.75,97.39,,97.75,,,200,19533.00,2,F1,100,,,,,
2026-09-07,2026-09-07,CM,NSE,STK,761384,IN002025Z492,364D110327,TB,,,,,GOI TBILL 364D-11/03/27,96.57,96.57,96.57,96.57,96.57,96.50,,96.57,,,100,9657.00,1,F1,100,,,,,
2026-09-07,2026-09-07,CM,NSE,STK,759047,IN002025Z260,364D240926,TB,,,,,GOI TBILL 364D-24/09/26,99.46,99.46,99.46,99.46,99.46,98.50,,99.46,,,100,9946.00,1,F1,100,,,,,
2026-09-07,2026-09-07,CM,NSE,STK,763781,IN002026X131,91D011026,TB,,,,,GOI TBILL 91D-01/10/26,99.54,99.60,99.54,99.60,99.60,99.46,,99.65,,,700,69690.00,6,F1,100,,,,,
2026-09-07,2026-09-07,CM,NSE,STK,764252,IN002026X164,91D221026,TB,,,,,GOI TBILL 91D-22/10/26,99.20,99.20,99.20,99.20,99.20,99.20,,99.20,,,1000,99200.00,1,F1,100,,,,,
2026-09-07,2026-09-07,CM,NSE,STK,765442,IN002026X214,91D271126,TB,,,,,GOI TBILL 91D-27/11/26,98.72,98.72,98.52,98.52,98.52,98.25,,98.52,,,50100,4936252.00,3,F1,100,,,,,
2026-09-07,2026-09-07,CM,NSE,STK,764328,IN002026X172,91D291026,TB,,,,,GOI TBILL 91D-29/10/26,99.00,99.00,99.00,99.00,99.00,99.00,,99.00,,,100,9900.00,1,F1,100,,,,,
2026-09-07,2026-09-07,CM,NSE,STK,11778,INE887G01027,GOKEX,EQ,,,,,GOKALDAS EXPORTS LTD.,801.00,801.00,775.00,776.95,776.90,789.20,,776.90,,,130637,102456800.50,8183,F1,1,,,,,
2026-09-07,2026-09-07,CM,NSE,STK,14480,INE314T01033,GOKULAGRO,EQ,,,,,GOKUL AGRO RESOURCES LTD,231.17,234.80,231.06,231.69,232.25,231.17,,231.68,,,199537,46347659.68,5609,F1,1,,,,,
2026-09-07,2026-09-07,CM,NSE,STK,16705,INE020J01029,GOKUL,EQ,,,,,GOKUL REFOILS & SOLV LTD,42.97,43.95,42.37,42.85,42.70,42.96,,42.85,,,182713,7884999.79,1747,F1,1,,,,,
2026-09-07,2026-09-07,CM,NSE,STK,11619,INE973A01010,GOLDENTOBC,BZ,,,,,GOLDEN TOBACCO LIMITED,25.90,25.90,24.02,24.25,25.19,24.96,,24.46,,,3549,90211.70,40,F1,1,,,,,
2026-09-07,2026-09-07,CM,NSE,STK,11971,INE025B01025,GOLDIAM,EQ,,,,,GOLDIAM INTERNATIONAL LTD,345.15,345.95,331.80,340.45,339.00,345.30,,340.51,,,926463,312854347.80,17972,F1,1,,,,,
2026-09-07,2026-09-07,CM,NSE,STK,1,INE405Y01021,GOLDSTAR,SM,,,,,GOLDSTAR POWER LIMITED,8.00,8.00,7.65,7.90,7.90,7.70,,7.90,,,33750,264937.50,3,F1,11250,,,,,
2026-09-07,2026-09-07,CM,NSE,STK,6125,INE127I01024,GOODLUCK,EQ,,,,,GOODLUCK INDIA LIMITED,480.00,485.00,466.70,479.75,479.00,472.90,,479.72,,,644419,306414331.30,18662,F1,1,,,,,
2026-09-07,2026-09-07,CM,NSE,STK,1205,INE533A01012,GOODYEAR,EQ,,,,,GOODYEAR INDIA LIMITED,743.45,743.45,722.20,730.80,726.00,741.50,,730.84,,,6727,4934388.15,431,F1,1,,,,,
2026-09-07,2026-09-07,CM,NSE,STK,23066,INE0L9R01028,GOPAL,EQ,,,,,GOPAL SNACKS LIMITED,266.00,267.90,263.50,266.30,266.00,265.10,,266.30,,,92027,24427822.75,2928,F1,1,,,,,
2026-09-07,2026-09-07,CM,NSE,STK,11787,INE705X01026,GOYALALUM,EQ,,,,,GOYAL ALUMINIUMS LIMITED,6.22,6.22,6.08,6.16,6.16,6.22,,6.16,,,53518,329885.39,387,F1,1,,,,,
2026-09-07,2026-09-07,CM,NSE,STK,19356,INE0QFE01017,GOYALSALT,SM,,,,,GOYAL SALT LIMITED,106.00,106.00,100.00,102.75,102.50,105.00,,102.75,,,25800,2661000.00,19,F1,600,,,,,
2026-09-07,2026-09-07,CM,NSE,STK,24108,INE0S7E01015,GPECO,SM,,,,,GP ECO SOLUTIONS INDIA L,441.55,446.90,415.00,417.90,418.00,441.55,,417.90,,,27800,11827530.00,96,F1,200,,,,,
2026-09-07,2026-09-07,CM,NSE,STK,11584,INE586G01017,GULFPETRO,BE,,,,,GP PETROLEUMS LIMITED,65.61,67.89,65.00,65.27,66.00,65.91,,65.28,,,115544,7654335.15,414,F1,1,,,,,
2026-09-07,2026-09-07,CM,NSE,STK,22846,INE486R01017,GPTHEALTH,EQ,,,,,GPT HEALTHCARE LIMITED,159.00,162.00,158.57,161.37,161.00,158.17,,161.37,,,173981,27950379.24,3758,F1,1,,,,,
2026-09-07,2026-09-07,CM,NSE,STK,17685,INE390G01014,GPTINFRA,EQ,,,,,GPT INFRAPROJECTS LTD,112.00,113.69,111.00,111.76,112.00,112.10,,111.70,,,90908,10193209.48,991,F1,1,,,,,
2026-09-07,2026-09-07,CM,NSE,STK,763299,INE361K01017,GRADIENTE,EQ,,,,,GRADIENTE INFOTAINMENT L,2.76,2.76,2.60,2.64,2.63,2.71,,2.64,,,1514582,4045039.32,294,F1,1,,,,,
2026-09-07,2026-09-07,CM,NSE,STK,30289,INE12E301017,GCHOTELS,ST,,,,,GRAND CONTINENT HOTELS L,99.00,101.20,97.00,99.20,99.70,99.85,,99.20,,,42000,4156410.00,53,F1,600,,,,,
2026-09-07,2026-09-07,CM,NSE,STK,11079,INE534A01028,GFSTEELS,BE,,,,,GRAND FOUNDRY LTD,15.00,15.00,15.00,15.00,15.00,15.00,,14.16,,,1430,21450.00,4,F1,1,,,,,
2026-09-07,2026-09-07,CM,NSE,STK,762695,INE926B01016,GRANDOAK,EQ,,,,,GRAND OAK CANYONS DIST L,35.90,36.50,35.00,35.86,35.00,34.84,,35.86,,,1194,42983.25,68,F1,1,,,,,
2026-09-07,2026-09-07,CM,NSE,STK,11872,INE101D01020,GRANULES,EQ,,,,,GRANULES INDIA LIMITED,844.50,873.85,842.20,867.30,867.00,848.30,,867.27,,,1033026,894294494.75,31322,F1,1,,,,,
2026-09-07,2026-09-07,CM,NSE,STK,20454,INE0POU01017,GRAPHISAD,SM,,,,,GRAPHISADS LIMITED,24.55,26.75,24.25,26.00,26.00,25.50,,26.00,,,42000,1073520.00,34,F1,1200,,,,,
2026-09-07,2026-09-07,CM,NSE,STK,592,INE371A01025,GRAPHITE,EQ,,,,,GRAPHITE INDIA LTD,734.50,739.75,714.05,717.10,719.45,733.60,,717.06,,,519646,376046422.65,15060,F1,1,,,,,
2026-09-07,2026-09-07,CM,NSE,STK,1232,INE047A01021,GRASIM,EQ,,,,,GRASIM INDUSTRIES LTD,3322.00,3327.70,3293.00,3302.40,3302.40,3322.00,,3302.40,,,1179298,3897084172.20,48144,F1,1,,,,,
2026-09-07,2026-09-07,CM,NSE,STK,5200,INE266D01021,GRAUWEIL,EQ,,,,,GRAUER & WEIL IND LTD,71.50,71.93,70.75,71.45,71.00,70.59,,71.43,,,129623,9244005.07,5832,F1,1,,,,,
2026-09-07,2026-09-07,CM,NSE,STK,762700,INE214F01026,GRAVISSHO,EQ,,,,,GRAVISS HOSPITALITY LTD.,28.51,29.38,28.51,28.66,28.66,29.40,,28.72,,,436,12511.20,18,F1,1,,,,,
2026-09-07,2026-09-07,CM,NSE,STK,20534,INE024L01027,GRAVITA,EQ,,,,,GRAVITA INDIA LIMITED,1661.60,1692.80,1660.90,1676.90,1673.00,1661.60,,1676.88,,,120216,202039307.70,13588,F1,1,,,,,
2026-09-07,2026-09-07,CM,NSE,STK,1235,INE224A01026,GREAVESCOT,EQ,,,,,GREAVES COTTON LTD.,196.00,196.49,192.10,194.45,195.50,195.56,,194.44,,,725978,141100512.55,11384,F1,1,,,,,
2026-09-07,2026-09-07,CM,NSE,STK,17092,INE0O7P01015,GREENCHEF,SM,,,,,GREENCHEF APPLIANCES LTD,65.00,65.00,64.00,64.00,64.00,66.20,,64.00,,,4800,310640.00,6,F1,800,,,,,
2026-09-07,2026-09-07,CM,NSE,STK,6848,INE544R01021,GREENLAM,EQ,,,,,GREENLAM INDUSTRIES LTD.,242.62,242.80,235.70,236.87,237.64,242.62,,236.87,,,94051,22442385.81,2025,F1,1,,,,,
2026-09-07,2026-09-07,CM,NSE,STK,759427,INE0PLX01017,GREENLEAF,ST,,,,,GREENLEAF ENVIROTECH LTD,119.90,120.75,118.00,120.75,120.75,115.00,,120.75,,,21000,2530250.00,19,F1,1000,,,,,
2026-09-07,2026-09-07,CM,NSE,STK,13810,INE08ZM01014,GREENPANEL,EQ,,,,,GREENPANEL INDUSTRIES LTD,158.32,166.00,156.01,162.55,162.10,158.32,,162.54,,,744111,120913311.40,12977,F1,1,,,,,
2026-09-07,2026-09-07,CM,NSE,STK,3987,INE461C01038,GREENPLY,EQ,,,,,GREENPLY INDUSTRIES LTD,309.25,312.50,300.20,302.20,301.20,304.70,,302.20,,,389935,119401511.85,8680,F1,1,,,,,
2026-09-07,2026-09-07,CM,NSE,STK,758986,INE199P01028,GCSL,EQ,,,,,GRETEX CORPORATE SERVICES,595.50,613.20,595.50,601.85,602.70,595.15,,601.85,,,1222825,741524281.35,9693,F1,1,,,,,
2026-09-07,2026-09-07,CM,NSE,STK,18741,INE985P01012,GRETEX,SM,,,,,GRETEX INDUSTRIES LTD.,225.15,225.15,225.15,225.15,225.15,237.00,,225.15,,,750,168862.50,1,F1,750,,,,,
2026-09-07,2026-09-07,CM,NSE,STK,13560,INE536A01023,GRINDWELL,EQ,,,,,GRINDWELL NORTON LIMITED,1955.00,1972.90,1925.10,1932.90,1935.00,1962.50,,1932.89,,,23158,45072455.80,4137,F1,1,,,,,
2026-09-07,2026-09-07,CM,NSE,STK,10871,INE192H01020,GRMOVER,EQ,,,,,GRM OVERSEAS LIMITED,87.36,87.36,85.00,85.80,85.99,87.53,,85.79,,,1118026,96365200.24,4515,F1,1,,,,,
2026-09-07,2026-09-07,CM,NSE,STK,760971,INE1TY801010,GJL,ST,,,,,GROVER JEWELLS LIMITED,254.95,255.00,254.95,255.00,255.00,251.00,,255.00,,,2400,611920.00,2,F1,800,,,,,
2026-09-07,2026-09-07,CM,NSE,STK,764285,INF666M01PH7,CEMNTGROWW,EQ,,,,,GROWWAMC - CEMNTGROWW,14.80,14.81,14.46,14.54,14.60,14.66,,14.54,,,115933,1685117.46,605,F1,1,,,,,
2026-09-07,2026-09-07,CM,NSE,STK,760051,INF666M01MM4,GROWWCAPM,EQ,,,,,GROWWAMC - GROWWCAPM,11.50,11.59,11.48,11.56,11.59,11.44,,11.56,,,321273,3709421.20,848,F1,1,,,,,
2026-09-07,2026-09-07,CM,NSE,STK,760673,INF666M01NP5,GROWWCHEM,EQ,,,,,GROWWAMC - GROWWCHEM,30.23,30.50,30.00,30.08,30.10,30.24,,30.08,,,11679,352685.19,296,F1,1,,,,,
2026-09-07,2026-09-07,CM,NSE,STK,25758,INF666M01IO8,GROWWDEFNC,EQ,,,,,GROWWAMC - GROWWDEFNC,98.42,98.42,96.86,97.75,97.84,97.42,,97.76,,,217691,21265306.42,3653,F1,1,,,,,
2026-09-07,2026-09-07,CM,NSE,STK,24798,INF666M01IH2,GROWWEV,EQ,,,,,GROWWAMC - GROWWEV,31.56,32.69,31.56,32.37,32.40,32.37,,32.37,,,772261,24891998.06,4411,F1,1,,,,,
2026-09-07,2026-09-07,CM,NSE,STK,25872,INF666M01OE7,GROWWGOLD,EQ,,,,,GROWWAMC - GROWWGOLD,14.98,14.98,14.72,14.81,14.79,15.03,,14.81,,,2789656,41251832.55,6202,F1,1,,,,,
2026-09-07,2026-09-07,CM,NSE,STK,760874,INF666M01OD9,GROWWHOSPI,EQ,,,,,GROWWAMC - GROWWHOSPI,52.08,52.26,51.70,52.10,52.26,51.83,,52.06,,,132678,6897553.66,1051,F1,1,,,,,
2026-09-07,2026-09-07,CM,NSE,STK,25447,INF666M01IP5,GROWWLIQID,EQ,,,,,GROWWAMC - GROWWLIQID,110.64,110.66,110.64,110.65,110.65,110.64,,110.65,,,165247,18285336.52,356,F1,1,,,,,
2026-09-07,2026-09-07,CM,NSE,STK,758300,INF666M01LB9,GROWWLOVOL,EQ,,,,,GROWWAMC - GROWWLOVOL,10.04,10.43,10.04,10.28,10.28,10.30,,10.28,,,18110,185468.01,181,F1,1,,,,,
2026-09-07,2026-09-07,CM,NSE,STK,759719,INF666M01MV5,GROWWMC150,EQ,,,,,GROWWAMC - GROWWMC150,235.00,235.00,230.09,230.10,230.09,233.51,,230.10,,,2164,499269.66,65,F1,1,,,,,
2026-09-07,2026-09-07,CM,NSE,STK,760438,INF666M01NI0,GROWWMETAL,EQ,,,,,GROWWAMC - GROWWMETAL,13.03,13.03,12.50,12.52,12.57,12.72,,12.52,,,497131,6260400.14,2218,F1,1,,,,,
2026-09-07,2026-09-07,CM,NSE,STK,756086,INF666M01KJ4,GROWWMOM50,EQ,,,,,GROWWAMC - GROWWMOM50,11.06,11.06,10.91,11.00,11.03,10.99,,11.00,,,194295,2140363.53,637,F1,1,,,,,
2026-09-07,2026-09-07,CM,NSE,STK,29872,INF666M01JV1,GROWWN200,EQ,,,,,GROWWAMC - GROWWN200,11.39,11.48,11.22,11.27,11.30,11.34,,11.27,,,66361,746982.61,418,F1,1,,,,,
2026-09-07,2026-09-07,CM,NSE,STK,757814,INF666M01LI4,GROWWNET,EQ,,,,,GROWWAMC - GROWWNET,10.96,10.96,10.73,10.79,10.80,10.86,,10.79,,,469311,5071271.09,799,F1,1,,,,,
2026-09-07,2026-09-07,CM,NSE,STK,758697,INF666M01LL8,GROWWNIFTY,EQ,,,,,GROWWAMC - GROWWNIFTY,9.69,9.75,9.43,9.60,9.63,9.68,,9.60,,,824351,7945258.53,5548,F1,1,,,,,
2026-09-07,2026-09-07,CM,NSE,STK,759458,INF666M01LZ8,GROWWNXT50,EQ,,,,,GROWWAMC - GROWWNXT50,72.89,73.99,72.41,72.79,72.53,73.45,,72.79,,,21112,1538367.26,188,F1,1,,,,,
2026-09-07,2026-09-07,CM,NSE,STK,758165,INF666M01LM6,GROWWPOWER,EQ,,,,,GROWWAMC - GROWWPOWER,11.31,11.38,11.19,11.20,11.22,11.33,,11.20,,,1531393,17253365.09,3404,F1,1,,,,,
2026-09-07,2026-09-07,CM,NSE,STK,760976,INF666M01NQ3,GROWWPSE,EQ,,,,,GROWWAMC - GROWWPSE,99.98,99.98,95.50,97.95,98.00,98.30,,97.95,,,6647,651091.59,130,F1,1,,,,,
2026-09-07,2026-09-07,CM,NSE,STK,761514,INF666M01OG2,GROWWPSUBK,EQ,,,,,GROWWAMC - GROWWPSUBK,86.78,86.78,84.21,84.67,84.74,85.88,,84.67,,,7308,620086.22,191,F1,1,,,,,
2026-09-07,2026-09-07,CM,NSE,STK,29527,INF666M01JJ6,GROWWRAIL,EQ,,,,,GROWWAMC - GROWWRAIL,28.23,28.24,27.90,28.00,28.02,28.08,,28.00,,,356895,10003260.01,2843,F1,1,,,,,
2026-09-07,2026-09-07,CM,NSE,STK,759428,INF666M01MN2,GROWWRLTY,EQ,,,,,GROWWAMC - GROWWRLTY,10.21,10.21,10.02,10.05,10.14,10.21,,10.05,,,578932,5820405.42,677,F1,1,,,,,
2026-09-07,2026-09-07,CM,NSE,STK,759522,INF666M01MO0,GROWWSC250,EQ,,,,,GROWWAMC - GROWWSC250,10.95,10.95,10.55,10.67,10.66,10.69,,10.67,,,117852,1256680.08,752,F1,1,,,,,
2026-09-07,2026-09-07,CM,NSE,STK,756827,INF666M01OF4,GROWWSLVR,EQ,,,,,GROWWAMC - GROWWSLVR,22.65,22.65,22.42,22.53,22.55,22.83,,22.53,,,960509,21608691.55,2839,F1,1,,,,,
2026-09-07,2026-09-07,CM,NSE,STK,763572,INF666M01OT5,PVTBKGROWW,EQ,,,,,GROWWAMC - PVTBKGROWW,27.79,27.99,27.57,27.90,27.90,27.92,,27.90,,,5456,152110.34,150,F1,1,,,,,
2026-09-07,2026-09-07,CM,NSE,STK,751745,INF666M01PG9,SMALLGROWW,EQ,,,,,GROWWAMC - SMALLGROWW,49.55,49.67,49.13,49.22,49.22,49.06,,49.22,,,8780,433839.65,130,F1,1,,,,,
2026-09-07,2026-09-07,CM,NSE,STK,6543,INE137I01015,GRPLTD,EQ,,,,,GRP LIMITED,2046.90,2046.90,1975.60,2004.10,1997.00,2013.00,,2004.10,,,1104,2201449.70,178,F1,1,,,,,
2026-09-07,2026-09-07,CM,NSE,STK,23888,INE0SQY01018,GSMFOILS,SM,,,,,GSM FOILS LIMITED,105.60,105.60,105.60,105.60,105.60,111.15,,105.60,,,10500,1108800.00,18,F1,500,,,,,
2026-09-07,2026-09-07,CM,NSE,STK,762239,INE713R01022,GSPCROP,EQ,,,,,GSP CROP SCIENCE LIMITED,622.25,624.60,594.25,600.95,599.30,619.25,,600.91,,,203559,123745759.95,5687,F1,1,,,,,
2026-09-07,2026-09-07,CM,NSE,STK,15347,INE871H01011,GSS,EQ,,,,,GSS INFOTECH LIMITED,10.83,11.44,10.83,11.02,11.12,11.03,,11.01,,,52386,580511.47,176,F1,1,,,,,
2026-09-07,2026-09-07,CM,NSE,STK,13745,INE221H01019,GTLINFRA,EQ,,,,,GTL INFRA.LTD,1.16,1.21,1.16,1.20,1.21,1.16,,1.20,,,69809746,82399289.99,13395,F1,1,,,,,
2026-09-07,2026-09-07,CM,NSE,STK,1162,INE043A01012,GTL,EQ,,,,,GTL LTD,7.13,7.30,7.07,7.25,7.24,7.11,,7.25,,,256404,1855164.42,678,F1,1,,,,,
2026-09-07,2026-09-07,CM,NSE,STK,21195,INE869I01013,GTPL,EQ,,,,,GTPL HATHWAY LIMITED,59.00,59.02,57.52,58.91,59.00,58.67,,58.91,,,76926,4512800.21,788,F1,1,,,,,
2026-09-07,2026-09-07,CM,NSE,STK,11606,INE742B01025,GUFICBIO,EQ,,,,,GUFIC BIOSCIENCES LTD.,449.90,467.80,438.85,448.00,446.70,444.90,,447.97,,,382048,173391010.55,12436,F1,1,,,,,
2026-09-07,2026-09-07,CM,NSE,STK,1145,INE162A01010,GIPCL,EQ,,,,,GUJ IND POW CO. LTD,206.00,206.10,199.36,200.72,201.73,205.18,,200.69,,,540738,109322775.13,7291,F1,1,,,,,
2026-09-07,2026-09-07,CM,NSE,STK,1174,INE113A01013,GNFC,EQ,,,,,GUJ NAR VAL FER & CHEM L,601.70,605.70,594.20,597.90,599.80,596.70,,597.89,,,1281385,767680496.05,25797,F1,1,,,,,
2026-09-07,2026-09-07,CM,NSE,STK,1247,INE026A01025,GSFC,EQ,,,,,GUJ STATE FERT & CHEM LTD,163.30,163.74,161.53,162.02,162.00,162.88,,162.02,,,947889,153663490.68,14619,F1,1,,,,,
2026-09-07,2026-09-07,CM,NSE,STK,14677,INE826C01016,GUJAPOLLO,EQ,,,,,GUJ. APOLLO IND. LTD.,362.35,363.35,338.75,345.20,342.10,355.95,,344.61,,,16534,5743102.70,744,F1,1,,,,,
2026-09-07,2026-09-07,CM,NSE,STK,1267,INE186A01019,GUJALKALI,EQ,,,,,GUJARAT ALKALIES & CHEM,724.80,727.20,701.85,707.85,706.00,721.60,,707.87,,,86704,61722715.65,5976,F1,1,,,,,
2026-09-07,2026-09-07,CM,NSE,STK,8828,INE036B01030,GAEL,EQ,,,,,GUJARAT AMBUJA EXPORTS LT,168.40,169.00,164.52,165.48,165.75,167.81,,165.48,,,678295,112627593.98,14129,F1,1,,,,,
2026-09-07,2026-09-07,CM,NSE,STK,10599,INE844O01030,GUJENERGY,EQ,,,,,GUJARAT ENERGY LIMITED,265.00,267.00,261.50,261.93,261.90,263.59,,261.93,,,1483233,390135554.78,29101,F1,1,,,,,
2026-09-07,2026-09-07,CM,NSE,STK,13750,INE09N301011,FLUOROCHEM,EQ,,,,,GUJARAT FLUOROCHEM LTD,4574.00,4603.80,4470.00,4530.50,4533.00,4554.00,,4530.48,,,104652,473005040.30,20759,F1,1,,,,,
2026-09-07,2026-09-07,CM,NSE,STK,761197,INE0V0W01025,GKSL,EQ,,,,,GUJARAT KIDNEY N SUP SP L,172.83,177.90,172.83,176.34,177.90,172.81,,176.34,,,382407,67248080.99,6505,F1,1,,,,,
2026-09-07,2026-09-07,CM,NSE,STK,1156,INE540A01017,GLFL,EQ,,,,,GUJARAT LEASE FINANCING L,5.78,5.78,5.56,5.63,5.72,5.80,,5.63,,,3020,16848.44,23,F1,1,,,,,
2026-09-07,2026-09-07,CM,NSE,STK,5204,INE131A01031,GMDCLTD,EQ,,,,,GUJARAT MINERAL DEV CORP,562.95,564.65,556.80,557.60,557.50,562.95,,557.59,,,357732,199942287.40,12489,F1,1,,,,,
2026-09-07,2026-09-07,CM,NSE,STK,762690,INE207H01018,GNRL,EQ,,,,,GUJARAT NATURAL RES L,100.00,116.33,100.00,113.96,114.00,99.27,,113.97,,,3632929,406935671.34,37533,F1,1,,,,,
2026-09-07,2026-09-07,CM,NSE,STK,19731,INE517F01014,GPPL,EQ,,,,,GUJARAT PIPAVAV PORT LTD,161.41,162.69,160.39,160.98,161.50,161.62,,160.97,,,738209,119124046.92,12139,F1,1,,,,,
2026-09-07,2026-09-07,CM,NSE,STK,4548,INE610B01024,GUJRAFFIA,EQ,,,,,GUJARAT RAFFIA INDUST LTD,41.45,41.45,40.01,40.90,40.90,41.00,,41.07,,,1621,65528.57,32,F1,1,,,,,
2026-09-07,2026-09-07,CM,NSE,STK,29731,INE942C01045,GUJTHEM,EQ,,,,,GUJARAT THEMIS BIOSYN LTD,414.90,442.00,409.10,429.30,426.25,411.35,,429.31,,,1088263,470442270.10,31408,F1,1,,,,,
2026-09-07,2026-09-07,CM,NSE,STK,4391,INE635Q01029,GULFOILLUB,EQ,,,,,GULF OIL LUB. IND. LTD.,1060.00,1076.60,1048.00,1052.80,1054.50,1067.80,,1052.78,,,53249,56265923.80,6339,F1,1,,,,,
2026-09-07,2026-09-07,CM,NSE,STK,6286,INE255D01024,GULPOLY,EQ,,,,,GULSHAN POLYOLS LIMITED,186.55,187.55,182.35,183.04,182.35,186.01,,183.08,,,121930,22483298.73,2330,F1,1,,,,,
2026-09-07,2026-09-07,CM,NSE,STK,759261,INE1CCX01012,GURUNANAK,SM,,,,,GURUNANAK AGRICULTUR IN L,35.15,35.20,35.10,35.10,35.10,36.90,,35.10,,,14400,506080.00,9,F1,1600,,,,,
2026-09-07,2026-09-07,CM,NSE,STK,13229,INE251H01024,GVKPIL,BE,,,,,GVK POW. & INFRA LTD.,2.10,2.12,2.05,2.09,2.10,2.08,,2.10,,,560924,1175004.51,835,F1,1,,,,,
2026-09-07,2026-09-07,CM,NSE,STK,10866,INE382T01030,GVPTECH,BE,,,,,GVP INFOTECH LIMITED,8.44,8.44,7.85,8.00,8.18,8.05,,8.00,,,74554,609006.56,418,F1,1,,,,,
2026-09-07,2026-09-07,CM,NSE,STK,764050,INE724A01017,GYFTR,EQ,,,,,GYFTR LIMITED,184.15,188.00,182.52,186.34,187.99,182.54,,186.53,,,23288,4319444.56,528,F1,1,,,,,
2026-09-07,2026-09-07,CM,NSE,STK,762712,INE640B01021,HBESD,EQ,,,,,H B ESTATE DEVELOPERS L,74.00,77.30,74.00,74.10,74.10,75.10,,72.35,,,780,58039.42,14,F1,1,,,,,
2026-09-07,2026-09-07,CM,NSE,STK,1672,INE926X01010,HGINFRA,EQ,,,,,H.G.INFRA ENGINEERING LTD,482.00,491.55,479.30,488.70,489.90,482.00,,488.74,,,48912,23805914.55,3405,F1,1,,,,,
2026-09-07,2026-09-07,CM,NSE,STK,760715,INE115S01010,HALDER,EQ,,,,,HALDER VENTURE LIMITED,294.65,294.65,270.25,286.60,290.00,293.50,,286.60,,,23488,6776312.35,209,F1,1,,,,,
2026-09-07,2026-09-07,CM,NSE,STK,762708,INE506D01020,HALDYNGL,BE,,,,,HALDYN GLASS LTD.,145.30,149.45,142.50,144.33,145.00,147.70,,144.31,,,31734,4623378.22,308,F1,1,,,,,
2026-09-07,2026-09-07,CM,NSE,STK,21551,INE320X01016,HALEOSLABS,EQ,,,,,HALEOS LABS LIMITED,1462.80,1499.00,1450.00,1462.00,1450.00,1451.30,,1462.00,,,545,804282.30,41,F1,1,,,,,
2026-09-07,2026-09-07,CM,NSE,STK,765075,INE299D01022,HAMPTON,EQ,,,,,HAMPTON SKY REALTY LTD.,8.18,8.18,7.61,8.11,8.15,7.86,,8.10,,,368622,2990069.39,115,F1,1,,,,,
2026-09-07,2026-09-07,CM,NSE,STK,13592,INE596H01014,HGM,EQ,,,,,HANDSON GBL MNGMNT LTD,51.58,54.20,50.62,50.81,50.63,52.63,,50.81,,,3567,186045.48,70,F1,1,,,,,
2026-09-07,2026-09-07,CM,NSE,STK,48,INE419U01012,HAPPSTMNDS,EQ,,,,,HAPPIEST MINDS TECHNO LTD,354.00,354.05,343.05,343.50,343.05,354.00,,343.48,,,1292099,446459217.10,25018,F1,1,,,,,
2026-09-07,2026-09-07,CM,NSE,STK,20854,INE330T01021,HAPPYFORGE,EQ,,,,,HAPPY FORGINGS LIMITED,2250.00,2287.40,2203.50,2231.40,2227.70,2238.50,,2231.06,,,45858,102429223.60,9286,F1,1,,,,,
2026-09-07,2026-09-07,CM,NSE,STK,757665,INE0TLP01015,WHITEFORCE,SM,,,,,HAPPY SQUARE OUTSOURC S L,38.00,38.00,38.00,38.00,38.00,38.00,,38.00,,,3200,121600.00,2,F1,1600,,,,,
2026-09-07,2026-09-07,CM,NSE,STK,764131,INE1GFG01011,HAPPY,SM,,,,,HAPPY STEELS LIMITED,87.85,88.00,85.00,86.00,86.00,89.65,,86.00,,,32000,2756100.00,14,F1,2000,,,,,
2026-09-07,2026-09-07,CM,NSE,STK,8962,INE626Z01029,HARDWYN,EQ,,,,,HARDWYN INDIA LIMITED,9.15,9.28,9.14,9.17,9.17,9.13,,9.17,,,311011,2853692.68,674,F1,1,,,,,
2026-09-07,2026-09-07,CM,NSE,STK,8968,INE00EV01017,HARIOMPIPE,EQ,,,,,HARIOM PIPE INDUSTRIES L,360.85,378.00,357.40,365.20,364.55,359.20,,365.20,,,183197,67603971.25,6202,F1,1,,,,,
2026-09-07,2026-09-07,CM,NSE,STK,764703,INE400G01011,HRYNSHP,EQ,,,,,HARIYANA SHIP BREAKERS L,101.86,101.86,98.50,100.98,100.99,101.36,,101.24,,,278,27903.44,35,F1,1,,,,,
2026-09-07,2026-09-07,CM,NSE,STK,1313,INE544A01019,HARRMALAYA,EQ,,,,,HARRISON MALAYALAM LTD,190.00,198.00,188.00,189.85,188.70,192.72,,189.85,,,9922,1894290.75,475,F1,1,,,,,
2026-09-07,2026-09-07,CM,NSE,STK,11162,INE0JUS01029,HARSHA,EQ,,,,,HARSHA ENGINEERS INT LTD,458.80,461.40,451.05,455.45,455.50,454.35,,455.43,,,135432,61733614.35,5353,F1,1,,,,,
2026-09-07,2026-09-07,CM,NSE,STK,18154,INE982F01036,HATHWAY,EQ,,,,,HATHWAY CABLE & DATACOM,10.52,10.53,10.36,10.38,10.40,10.52,,10.38,,,922339,9627202.12,2039,F1,1,,,,,
2026-09-07,2026-09-07,CM,NSE,STK,3892,INE473B01035,HATSUN,EQ,,,,,HATSUN AGRO PRODUCT LTD.,1158.00,1158.10,1116.30,1132.80,1134.00,1168.80,,1132.78,,,66432,75103467.50,7344,F1,1,,,,,
2026-09-07,2026-09-07,CM,NSE,STK,9819,INE176B01034,HAVELLS,EQ,,,,,HAVELLS INDIA LIMITED,1159.60,1159.70,1140.00,1150.00,1150.00,1154.00,,1150.00,,,882205,1012114408.50,58121,F1,1,,,,,
2026-09-07,2026-09-07,CM,NSE,STK,4444,INE979B01015,HAWKINCOOK,EQ,,,,,HAWKINS COOKERS LTD,8426.00,8426.00,8200.00,8254.00,8240.00,8406.50,,8252.27,,,1354,11228011.50,419,F1,1,,,,,
2026-09-07,2026-09-07,CM,NSE,STK,764693,INE550F01049,HAZOOR,EQ,,,,,HAZOOR MULTI PROJECTS LTD,19.60,19.99,19.33,19.85,19.90,19.13,,19.84,,,252002,4972412.05,661,F1,1,,,,,
2026-09-07,2026-09-07,CM,NSE,STK,765080,INE638B01025,HBPOR,EQ,,,,,HB PORTFOLIO LTD.,58.62,61.10,58.50,60.46,60.50,58.38,,60.36,,,726,43463.26,65,F1,1,,,,,
2026-09-07,2026-09-07,CM,NSE,STK,4116,INE550B01022,HBSL,EQ,,,,,HB STOCKHOLDINGS LIMITED,56.00,56.00,52.00,52.43,52.38,54.91,,52.43,,,7993,423119.12,160,F1,1,,,,,
2026-09-07,2026-09-07,CM,NSE,STK,13966,INE292B01021,HBLENGINE,EQ,,,,,HBL ENGINEERING LTD,695.70,707.95,690.15,703.90,706.95,695.75,,703.88,,,961999,670869642.10,26575,F1,1,,,,,
2026-09-07,2026-09-07,CM,NSE,STK,1327,INE236A01020,HCL-INSYS,EQ,,,,,HCL INFOSYSTEMS LTD,10.15,10.20,9.95,9.99,10.07,10.10,,10.00,,,208739,2100185.80,897,F1,1,,,,,
2026-09-07,2026-09-07,CM,NSE,STK,7229,INE860A01027,HCLTECH,EQ,,,,,HCL TECHNOLOGIES LTD,1271.70,1286.80,1263.00,1282.80,1282.80,1293.40,,1282.79,,,2008363,2556690581.40,61309,F1,1,,,,,
2026-09-07,2026-09-07,CM,NSE,STK,757772,INE756I01012,HDBFS,EQ,,,,,HDB FINANCIAL SERVICES L,682.70,687.15,675.40,685.05,683.95,682.70,,685.06,,,1539050,1051836526.90,18421,F1,1,,,,,
2026-09-07,2026-09-07,CM,NSE,STK,4244,INE127D01025,HDFCAMC,EQ,,,,,HDFC AMC LIMITED,2468.80,2473.60,2432.00,2432.00,2432.00,2458.30,,2432.21,,,300166,735285954.10,25415,F1,1,,,,,
2026-09-07,2026-09-07,CM,NSE,STK,1333,INE040A01034,HDFCBANK,EQ,,,,,HDFC BANK LTD,712.10,713.00,707.05,710.50,710.50,712.10,,710.51,,,12180390,8653415620.75,190729,F1,1,,,,,
2026-09-07,2026-09-07,CM,NSE,STK,19543,INF179KC1981,HDFCGOLD,EQ,,,,,HDFC GOLD ETF,130.40,130.40,128.96,129.88,129.88,131.45,,129.88,,,3238638,420063781.22,15459,F1,1,,,,,
2026-09-07,2026-09-07,CM,NSE,STK,467,INE795G01014,HDFCLIFE,EQ,,,,,HDFC LIFE INS CO LTD,546.40,546.40,533.20,533.20,533.20,546.40,,533.21,,,1190100,641423574.95,35398,F1,1,,,,,
2026-09-07,2026-09-07,CM,NSE,STK,14230,INF179KC1EZ4,HDFCBSE500,EQ,,,,,HDFCAMC - HDFCBSE500,37.74,37.88,37.02,37.19,37.39,37.56,,37.19,,,1265857,47134432.08,541,F1,1,,,,,
2026-09-07,2026-09-07,CM,NSE,STK,11241,INF179KC1DJ0,HDFCGROWTH,EQ,,,,,HDFCAMC - HDFCGROWTH,118.88,118.88,117.20,117.39,117.25,118.29,,117.39,,,21630,2540886.37,237,F1,1,,,,,
2026-09-07,2026-09-07,CM,NSE,STK,18279,INF179KC1JG3,HDFCLIQUID,EQ,,,,,HDFCAMC - HDFCLIQUID,1077.84,1077.84,1076.85,1076.85,1076.85,1076.75,,1076.85,,,28363,30543090.17,62,F1,1,,,,,
2026-09-07,2026-09-07,CM,NSE,STK,11547,INF179KC1HU8,HDFCLOWVOL,EQ,,,,,HDFCAMC - HDFCLOWVOL,20.50,20.50,20.34,20.35,20.35,20.48,,20.35,,,4814,98015.69,96,F1,1,,,,,
2026-09-07,2026-09-07,CM,NSE,STK,14236,INF179KC1HT0,HDFCMID150,EQ,,,,,HDFCAMC - HDFCMID150,23.75,23.75,23.33,23.38,23.47,23.50,,23.38,,,366427,8580082.21,2100,F1,1,,,,,
2026-09-07,2026-09-07,CM,NSE,STK,11538,INF179KC1HV6,HDFCMOMENT,EQ,,,,,HDFCAMC - HDFCMOMENT,30.99,31.19,30.25,31.00,31.01,30.99,,31.00,,,126317,3915840.12,805,F1,1,,,,,
2026-09-07,2026-09-07,CM,NSE,STK,10619,INF179KC1HS2,HDFCNEXT50,EQ,,,,,HDFCAMC - HDFCNEXT50,74.81,74.88,74.10,74.38,74.62,74.75,,74.37,,,132021,9811883.59,1043,F1,1,,,,,
2026-09-07,2026-09-07,CM,NSE,STK,10633,INF179KC1HR4,HDFCNIF100,EQ,,,,,HDFCAMC - HDFCNIF100,26.45,26.45,25.71,25.76,25.90,25.93,,25.76,,,41544,1071702.18,481,F1,1,,,,,
2026-09-07,2026-09-07,CM,NSE,STK,22433,INF179KC1HY0,HDFCNIFBAN,EQ,,,,,HDFCAMC - HDFCNIFBAN,60.70,60.70,58.70,58.84,58.87,59.22,,58.84,,,237829,13992234.73,799,F1,1,,,,,
2026-09-07,2026-09-07,CM,NSE,STK,12101,INF179KC1IA8,HDFCNIFIT,EQ,,,,,HDFCAMC - HDFCNIFIT,32.03,33.60,31.94,32.06,32.13,32.86,,32.06,,,184453,5941581.52,726,F1,1,,,,,
2026-09-07,2026-09-07,CM,NSE,STK,11591,INF179KC1965,HDFCNIFTY,EQ,,,,,HDFCAMC - HDFCNIFTY,274.30,274.30,266.30,268.29,268.42,270.30,,268.30,,,98890,26570411.32,1656,F1,1,,,,,
2026-09-07,2026-09-07,CM,NSE,STK,764336,INF179KC1KT4,HDFCNIMEG,EQ,,,,,HDFCAMC - HDFCNIMEG,133.01,133.28,131.10,131.56,132.02,133.56,,131.57,,,30510,4014640.90,168,F1,1,,,,,
2026-09-07,2026-09-07,CM,NSE,STK,12108,INF179KC1HZ7,HDFCPVTBAN,EQ,,,,,HDFCAMC - HDFCPVTBAN,29.09,29.09,28.16,28.25,28.16,28.39,,28.25,,,395778,11202012.45,713,F1,1,,,,,
2026-09-07,2026-09-07,CM,NSE,STK,11255,INF179KC1DL6,HDFCQUAL,EQ,,,,,HDFCAMC - HDFCQUAL,58.31,58.34,58.00,58.12,58.32,58.65,,58.12,,,5358,311720.74,135,F1,1,,,,,
2026-09-07,2026-09-07,CM,NSE,STK,11593,INF179KC1HX2,HDFCSENSEX,EQ,,,,,HDFCAMC - HDFCSENSEX,88.19,88.19,78.44,86.47,86.73,87.15,,86.46,,,46781,4044100.19,1020,F1,1,,,,,
2026-09-07,2026-09-07,CM,NSE,STK,10876,INF179KC1DI2,HDFCSILVER,EQ,,,,,HDFCAMC - HDFCSILVER,221.80,221.80,218.00,219.90,219.80,222.70,,219.90,,,2927057,642894997.06,12272,F1,1,,,,,
2026-09-07,2026-09-07,CM,NSE,STK,14233,INF179KC1FB2,HDFCSML250,EQ,,,,,HDFCAMC - HDFCSML250,189.30,189.30,185.83,186.73,186.81,186.65,,186.73,,,1018542,189929158.08,13847,F1,1,,,,,
2026-09-07,2026-09-07,CM,NSE,STK,11260,INF179KC1DK8,HDFCVALUE,EQ,,,,,HDFCAMC - HDFCVALUE,125.88,125.88,124.25,124.54,125.00,125.88,,124.54,,,8599,1072544.98,159,F1,1,,,,,
2026-09-07,2026-09-07,CM,NSE,STK,22595,INF179KC1HW4,HDFCPSUBK,EQ,,,,,HDFCAMC HDFCPSUBK,86.16,86.23,85.00,85.07,85.50,86.16,,85.07,,,20087,1714048.58,271,F1,1,,,,,
2026-09-07,2026-09-07,CM,NSE,STK,19205,INE759V01019,HEADSUP,EQ,,,,,HEADS UP VENTURES LIMITED,7.48,7.48,6.66,7.02,7.36,7.21,,7.02,,,2844,19868.87,93,F1,1,,,,,
2026-09-07,2026-09-07,CM,NSE,STK,20063,INE019J01013,HEALTHX,EQ,,,,,HEALTH X PLATFORM LIMITED,295.00,304.00,294.30,296.90,296.25,300.30,,296.90,,,4706,1406982.30,69,F1,1,,,,,
2026-09-07,2026-09-07,CM,NSE,STK,15555,INE075I01017,HCG,EQ,,,,,HEALTHCARE GLOB. ENT. LTD,700.15,713.85,684.50,687.90,689.55,700.20,,687.91,,,165572,115132644.85,16027,F1,1,,,,,
2026-09-07,2026-09-07,CM,NSE,STK,7425,INE558R01013,HECPROJECT,EQ,,,,,HEC INFRA PROJECTS LTD,117.95,119.98,117.95,118.17,118.97,117.78,,118.17,,,3073,364336.01,51,F1,1,,,,,
2026-09-07,2026-09-07,CM,NSE,STK,7368,INE545A01024,HEG,BE,,,,,HEG LIMITED,260.00,273.00,250.00,272.20,273.00,728.25,,272.29,,,3615221,962419933.85,26923,F1,1,,,,,
2026-09-07,2026-09-07,CM,NSE,STK,2316,INE578A01017,HEIDELBERG,EQ,,,,,HEIDELBERGCEMENT (I) LTD,160.99,162.18,159.61,160.56,160.50,160.17,,160.56,,,428563,68980538.62,5074,F1,1,,,,,
2026-09-07,2026-09-07,CM,NSE,STK,701,INE0AJG01018,HEMIPROP,EQ,,,,,HEMISPHERE PROP IND LTD,127.00,127.00,124.76,125.08,124.98,126.55,,125.08,,,204770,25724643.47,2365,F1,1,,,,,
2026-09-07,2026-09-07,CM,NSE,STK,2614,INE694N01015,HERANBA,EQ,,,,,HERANBA INDUSTRIES LTD,173.80,173.83,168.12,169.62,169.20,173.83,,169.62,,,45360,7743388.01,1234,F1,1,,,,,
2026-09-07,2026-09-07,CM,NSE,STK,4598,INE978A01027,HERITGFOOD,EQ,,,,,HERITAGE FOODS LTD,383.00,390.00,377.05,384.15,381.00,382.35,,384.17,,,1306175,502773927.70,24275,F1,1,,,,,
2026-09-07,2026-09-07,CM,NSE,STK,1348,INE158A01026,HEROMOTOCO,EQ,,,,,HERO MOTOCORP LIMITED,5300.00,5347.50,5270.00,5270.00,5270.00,5300.00,,5270.12,,,354258,1878421300.50,33227,F1,1,,,,,
2026-09-07,2026-09-07,CM,NSE,STK,7048,INE782E01017,HESTERBIO,EQ,,,,,HESTER BIOSCIENCES LTD,2405.40,2405.40,2330.10,2362.70,2378.00,2405.40,,2362.72,,,8149,19250052.20,1273,F1,1,,,,,
2026-09-07,2026-09-07,CM,NSE,STK,27008,INE750M01017,HEXATRADEX,EQ,,,,,HEXA TRADEX LIMITED,157.65,159.90,157.00,158.58,159.25,157.65,,159.57,,,337,53484.99,23,F1,1,,,,,
2026-09-07,2026-09-07,CM,NSE,STK,750116,INE0JUI01012,HEXAGON,BE,,,,,HEXAGON NUTRITION LIMITED,67.20,67.22,65.00,65.72,66.00,67.23,,65.47,,,135136,8885305.18,585,F1,1,,,,,
2026-09-07,2026-09-07,CM,NSE,STK,29666,INE093A01041,HEXT,EQ,,,,,HEXAWARE TECHNOLOGIES LTD,528.60,528.60,518.05,522.85,523.50,528.60,,522.80,,,126595,66155953.35,8181,F1,1,,,,,
2026-09-07,2026-09-07,CM,NSE,STK,21954,INE548A01028,HFCL,BE,,,,,HFCL LIMITED,239.00,243.01,237.61,243.01,243.01,231.44,,243.01,,,4679636,1132582658.46,11861,F1,1,,,,,
2026-09-07,2026-09-07,CM,NSE,STK,18794,INE0PIC01017,HIGREEN,SM,,,,,HI GREEN CARBON LIMITED,124.00,124.00,121.00,123.90,123.90,124.00,,123.90,,,13600,1682440.00,12,F1,800,,,,,
2026-09-07,2026-09-07,CM,NSE,STK,2868,INE106T01025,HITECH,EQ,,,,,HI-TECH PIPES LIMITED,75.99,77.60,75.51,75.96,76.00,75.77,,75.96,,,514424,39340824.45,5564,F1,1,,,,,
2026-09-07,2026-09-07,CM,NSE,STK,759103,INE00RL01028,HILINFRA,EQ,,,,,HIGHWAY INFRASTRUCTURE L,43.51,44.59,43.40,43.72,43.97,44.45,,43.72,,,69037,3016562.89,768,F1,1,,,,,
2026-09-07,2026-09-07,CM,NSE,STK,9668,INE475B01022,HIKAL,EQ,,,,,HIKAL LIMITED,222.01,257.00,218.82,243.00,243.50,222.30,,243.00,,,31089358,7628274227.93,276928,F1,1,,,,,
2026-09-07,2026-09-07,CM,NSE,STK,14627,INE788H01017,HILTON,EQ,,,,,HILTON METAL FORGING LTD,18.70,19.00,18.60,18.64,18.60,18.63,,18.64,,,83413,1563728.17,305,F1,1,,,,,
2026-09-07,2026-09-07,CM,NSE,STK,14334,INE019C01026,HSCL,EQ,,,,,HIMADRI SPECIALITY CHEM L,666.00,687.00,666.00,672.65,674.40,671.05,,672.65,,,2666117,1805071044.20,43727,F1,1,,,,,
2026-09-07,2026-09-07,CM,NSE,STK,1360,INE049A01027,HIMATSEIDE,EQ,,,,,HIMATSINGKA SEIDE LTD,71.30,71.69,69.82,70.15,70.00,71.51,,70.15,,,549464,38721297.11,3214,F1,1,,,,,
2026-09-07,2026-09-07,CM,NSE,STK,765085,INE227B01019,HINDALUMI,EQ,,,,,HIND ALUMINIUM INDS. LTD.,93.45,97.50,93.45,96.25,96.25,97.43,,96.98,,,1737,166496.18,113,F1,1,,,,,
2026-09-07,2026-09-07,CM,NSE,STK,1363,INE038A01020,HINDALCO,EQ,,,,,HINDALCO  INDUSTRIES  LTD,1011.10,1014.80,999.80,1006.00,1006.00,1011.00,,1006.00,,,1848438,1856609885.20,43748,F1,1,,,,,
2026-09-07,2026-09-07,CM,NSE,STK,4920,INE642Y01029,HINDCON,EQ,,,,,HINDCON CHEMICALS LIMITED,23.89,24.84,23.37,24.25,24.42,23.90,,24.25,,,34266,830919.47,378,F1,1,,,,,
2026-09-07,2026-09-07,CM,NSE,STK,11796,INE05X901010,HPIL,EQ,,,,,HINDPRAKASH INDUSTRY LTD,122.00,123.75,120.10,121.87,121.80,123.75,,121.87,,,140,17004.43,23,F1,1,,,,,
2026-09-07,2026-09-07,CM,NSE,STK,14712,INE170I01016,HGS,EQ,,,,,HINDUJA GLOBAL SOLS. LTD.,400.95,400.95,395.00,395.55,395.00,399.25,,395.58,,,6707,2657535.15,513,F1,1,,,,,
2026-09-07,2026-09-07,CM,NSE,STK,764698,INE074C01013,HINDADH,EQ,,,,,HINDUSTAN ADHESIVES LTD.,377.90,377.90,353.05,361.25,366.00,370.90,,361.07,,,1441,523356.70,167,F1,1,,,,,
2026-09-07,2026-09-07,CM,NSE,STK,2303,INE066F01020,HAL,EQ,,,,,HINDUSTAN AERONAUTICS LTD,4884.80,4909.90,4835.40,4855.20,4855.20,4856.00,,4855.21,,,602641,2936679614.20,44859,F1,1,,,,,
2026-09-07,2026-09-07,CM,NSE,STK,1372,INE310C01029,HINDCOMPOS,EQ,,,,,HINDUSTAN COMPOSITES LTD.,391.00,404.20,385.20,398.75,400.00,394.85,,398.75,,,3471,1379562.15,188,F1,1,,,,,
2026-09-07,2026-09-07,CM,NSE,STK,1375,INE549A01026,HCC,EQ,,,,,HINDUSTAN CONSTRUCTION CO,23.00,23.67,22.75,23.54,23.60,22.98,,23.54,,,31279184,729954568.30,33737,F1,1,,,,,
2026-09-07,2026-09-07,CM,NSE,STK,17939,INE531E01026,HINDCOPPER,EQ,,,,,HINDUSTAN COPPER LTD,521.60,521.60,506.60,509.10,509.95,521.65,,509.09,,,5991278,3071504736.30,91972,F1,1,,,,,
2026-09-07,2026-09-07,CM,NSE,STK,12173,INE254N01026,HNDFDS,EQ,,,,,HINDUSTAN FOODS LIMITED,611.10,634.00,611.10,628.90,626.00,615.05,,628.87,,,100524,62355848.30,7364,F1,1,,,,,
2026-09-07,2026-09-07,CM,NSE,STK,19215,INE871K01015,HMVL,BE,,,,,HINDUSTAN MEDIA VENT LTD,84.99,85.68,83.11,83.45,83.15,84.28,,83.45,,,37145,3119718.69,142,F1,1,,,,,
2026-09-07,2026-09-07,CM,NSE,STK,1403,INE345A01011,HINDOILEXP,EQ,,,,,HINDUSTAN OIL EXPLORATION,185.00,193.99,184.46,188.85,188.00,185.00,,188.85,,,2651804,505879789.14,29508,F1,1,,,,,
2026-09-07,2026-09-07,CM,NSE,STK,1406,INE094A01015,HINDPETRO,EQ,,,,,HINDUSTAN PETROLEUM CORP,355.00,356.90,349.55,356.90,356.90,356.50,,356.89,,,3859485,1363575037.75,41960,F1,1,,,,,
2026-09-07,2026-09-07,CM,NSE,STK,1394,INE030A01027,HINDUNILVR,EQ,,,,,HINDUSTAN UNILEVER LTD.,1972.00,1974.20,1958.00,1960.00,1960.00,1973.40,,1960.07,,,713057,1401834355.80,30463,F1,1,,,,,
2026-09-07,2026-09-07,CM,NSE,STK,1424,INE267A01025,HINDZINC,EQ,,,,,HINDUSTAN ZINC LIMITED,597.85,598.00,587.50,589.15,589.15,601.00,,589.16,,,3801807,2246033377.85,39425,F1,1,,,,,
2026-09-07,2026-09-07,CM,NSE,STK,15883,INE05AN01011,HINDWAREAP,EQ,,,,,HINDWARE HME INOVATON LTD,182.50,184.07,179.78,182.54,182.50,182.61,,182.54,,,74937,13601696.72,1865,F1,1,,,,,
2026-09-07,2026-09-07,CM,NSE,STK,13890,INE835D01023,HIRECT,EQ,,,,,HIRECT LIMITED,1215.00,1235.00,1200.20,1211.90,1216.00,1222.40,,1211.47,,,61020,74046656.60,4683,F1,1,,,,,
2026-09-07,2026-09-07,CM,NSE,STK,19322,INE598C01011,HISARMETAL,EQ,,,,,HISAR METAL IND. LIMITED,167.60,167.60,160.02,162.02,162.00,162.19,,162.02,,,1223,196464.21,48,F1,1,,,,,
2026-09-07,2026-09-07,CM,NSE,STK,18457,INE07Y701011,POWERINDIA,EQ,,,,,HITACHI ENERGY INDIA LTD,31635.00,32175.00,31635.00,31775.00,31775.00,31650.00,,31772.65,,,50681,1617978630.00,17887,F1,1,,,,,
2026-09-07,2026-09-07,CM,NSE,STK,15165,INE120D01012,HITECHCORP,BE,,,,,HITECH CORPORATION LTD,339.45,339.45,326.40,334.35,333.50,337.00,,334.67,,,7494,2506642.45,50,F1,1,,,,,
2026-09-07,2026-09-07,CM,NSE,STK,2289,INE461D01028,HLEGLAS,EQ,,,,,HLE GLASCOAT LIMITED,335.90,342.00,330.15,336.25,338.00,333.65,,336.25,,,292854,98677379.95,8778,F1,1,,,,,
2026-09-07,2026-09-07,CM,NSE,STK,1448,INE102A01024,HLVLTD,EQ,,,,,HLV LIMITED,6.46,6.60,6.28,6.41,6.38,6.48,,6.41,,,194205,1237513.63,680,F1,1,,,,,
2026-09-07,2026-09-07,CM,NSE,STK,17053,INE0ECP01024,HMAAGRO,EQ,,,,,HMA AGRO INDUSTRIES LTD,20.90,20.92,20.59,20.66,20.69,20.84,,20.66,,,563266,11682942.44,1839,F1,1,,,,,
2026-09-07,2026-09-07,CM,NSE,STK,761809,INE2T2Q07063,87HMDA39,N0,,,,,HMDA 8.7% 2039 STRPP J,103685.00,103685.00,103685.00,103685.00,103685.00,100000.00,,103685.00,,,200,20737000.00,1,F1,1,,,,,
2026-09-07,2026-09-07,CM,NSE,STK,19698,INE262A01018,HMT,BZ,,,,,HMT LTD -,66.05,69.04,66.05,68.18,68.98,66.91,,68.18,,,29199,1990708.62,326,F1,1,,,,,
2026-09-07,2026-09-07,CM,NSE,STK,23826,INE0S6S01017,HOACFOODS,ST,,,,,HOAC FOODS INDIA LIMITED,1010.00,1010.00,990.00,990.00,990.00,1009.95,,990.00,,,4875,4871193.75,12,F1,375,,,,,
2026-09-07,2026-09-07,CM,NSE,STK,18649,INE0LXA01019,HOLMARC,SM,,,,,HOLMARC OPTO MECHATRO L,106.00,106.00,102.10,103.90,103.95,105.05,,103.90,,,8250,853387.50,10,F1,750,,,,,
2026-09-07,2026-09-07,CM,NSE,STK,2056,INE481N01025,HOMEFIRST,EQ,,,,,HOME FIRST FIN CO IND LTD,1209.60,1244.90,1206.10,1233.70,1239.00,1210.10,,1233.72,,,315751,388772352.80,26164,F1,1,,,,,
2026-09-07,2026-09-07,CM,NSE,STK,19813,INE0J5401028,HONASA,EQ,,,,,HONASA CONSUMER LIMITED,470.00,474.90,464.00,468.90,470.00,471.05,,468.89,,,703603,330587942.40,23579,F1,1,,,,,
2026-09-07,2026-09-07,CM,NSE,STK,3138,INE634A01018,HONDAPOWER,EQ,,,,,HONDA I POWER PRODUCT LTD,2033.90,2033.90,1995.00,1999.80,1995.00,2024.60,,1999.80,,,2937,5893050.60,626,F1,1,,,,,
2026-09-07,2026-09-07,CM,NSE,STK,3417,INE671A01010,HONAUT,EQ,,,,,HONEYWELL AUTOMATION IND,35660.00,35895.00,35380.00,35565.00,35600.00,35655.00,,35564.99,,,1788,63660290.00,1172,F1,1,,,,,
2026-09-07,2026-09-07,CM,NSE,STK,765356,INE685T01010,HORIZONIND,EQ,,,,,HORIZON INDUSTRIAL PRKS L,55.25,55.78,54.54,54.85,54.70,55.13,,54.86,,,3005572,165401678.40,24535,F1,1,,,,,
2026-09-07,2026-09-07,CM,NSE,STK,17920,INE191I01012,HDIL,BZ,,,,,HOUSING DEV & INFRA LTD,1.52,1.53,1.47,1.49,1.49,1.47,,1.49,,,161530,243786.25,258,F1,1,,,,,
2026-09-07,2026-09-07,CM,NSE,STK,7376,INE0GSL01024,HPAL,EQ,,,,,HP ADHESIVES LIMITED,35.49,36.00,34.52,35.70,35.73,35.58,,35.70,,,41013,1460766.27,828,F1,1,,,,,
2026-09-07,2026-09-07,CM,NSE,STK,29875,INE0VA601019,HPTL,SM,,,,,HP TELECOM INDIA LIMITED,322.25,322.25,322.25,322.25,322.25,329.75,,322.25,,,600,193350.00,1,F1,600,,,,,
2026-09-07,2026-09-07,CM,NSE,STK,18679,INE495S01016,HPL,EQ,,,,,HPL ELECTRIC & POWER LTD,304.15,309.40,300.50,301.55,300.55,304.15,,301.55,,,76591,23260946.55,3184,F1,1,,,,,
2026-09-07,2026-09-07,CM,NSE,STK,21107,INE0R3501012,HRHNEXT,SM,,,,,HRH NEXT SERVICES LIMITED,26.60,26.65,25.20,25.20,25.20,25.40,,25.20,,,24000,635250.00,10,F1,1500,,,,,
2026-09-07,2026-09-07,CM,NSE,STK,761506,INF336L01RX2,HSBCGOLD,EQ,,,,,HSBCAMC - HSBCGOLD,137.86,137.86,127.17,132.11,132.25,133.81,,132.11,,,33987,4475180.62,151,F1,1,,,,,
2026-09-07,2026-09-07,CM,NSE,STK,20825,INE031A01017,HUDCO,EQ,,,,,HSG & URBAN DEV CORPN LTD,180.60,181.05,178.54,179.24,179.15,180.52,,179.24,,,716189,128531779.83,15142,F1,1,,,,,
2026-09-07,2026-09-07,CM,NSE,STK,11979,INE501G01024,HTMEDIA,EQ,,,,,HT MEDIA LIMITED,26.00,26.90,25.55,25.70,25.94,26.12,,25.69,,,57931,1498418.28,429,F1,1,,,,,
2026-09-07,2026-09-07,CM,NSE,STK,14203,INE703H01016,HUBTOWN,EQ,,,,,HUBTOWN LIMITED,188.00,194.00,185.69,189.91,189.50,189.26,,189.91,,,508005,96692778.69,6463,F1,1,,,,,
2026-09-07,2026-09-07,CM,NSE,STK,2562,INE275B01026,HUHTAMAKI,EQ,,,,,HUHTAMAKI INDIA LIMITED,255.00,257.90,245.00,250.05,252.90,255.00,,250.05,,,247720,61840239.70,5846,F1,1,,,,,
2026-09-07,2026-09-07,CM,NSE,STK,25708,INE0TO501019,HVAX,SM,,,,,HVAX TECHNOLOGIES LIMITED,640.00,653.95,633.65,651.30,653.95,667.00,,651.30,,,1950,1246192.50,13,F1,150,,,,,
2026-09-07,2026-09-07,CM,NSE,STK,765468,INE0LEG01024,HTEL,BE,,,,,HY-TECH ENGINEERS LIMITED,73.40,75.45,72.00,73.25,73.50,73.65,,73.26,,,1163441,86210061.91,5586,F1,1,,,,,
2026-09-07,2026-09-07,CM,NSE,STK,12814,INE965B01022,HYBRIDFIN,BE,,,,,HYBRID FINANCIAL SERVICE,16.99,17.50,16.67,17.19,17.19,16.67,,17.25,,,10009,168351.59,26,F1,1,,,,,
2026-09-07,2026-09-07,CM,NSE,STK,25844,INE0V6F01027,HYUNDAI,EQ,,,,,HYUNDAI MOTOR INDIA LTD,2195.00,2224.50,2190.20,2210.00,2210.00,2205.00,,2209.89,,,508562,1122867039.50,38989,F1,1,,,,,
2026-09-07,2026-09-07,CM,NSE,STK,14086,INE204A01010,IGPL,EQ,,,,,I G PETROCHEMICALS LTD,575.00,576.00,557.05,558.80,562.35,567.40,,558.77,,,83345,47229035.55,4411,F1,1,,,,,
2026-09-07,2026-09-07,CM,NSE,STK,764718,INE684B01029,ISTLTD,EQ,,,,,I S T LTD.,655.00,702.15,643.55,654.90,655.00,654.55,,650.66,,,1918,1265885.05,122,F1,1,,,,,
2026-09-07,2026-09-07,CM,NSE,STK,21348,INE0O7401018,IBLFL,SM,,,,,IBL FINANCE LIMITED,58.00,60.90,58.00,60.90,60.90,58.00,,60.90,,,20000,1202800.00,9,F1,2000,,,,,
2026-09-07,2026-09-07,CM,NSE,STK,764064,INE0XE501015,ICELCO,SM,,,,,IC ELECTRICALS COMPANY L,122.80,122.80,115.10,116.30,115.10,119.05,,116.30,,,19200,2279220.00,13,F1,1200,,,,,
2026-09-07,2026-09-07,CM,NSE,STK,6977,INE613B01010,ICDSLTD,EQ,,,,,ICDS LTD,71.56,77.69,64.31,67.32,67.00,71.45,,67.27,,,120496,8162404.02,2177,F1,1,,,,,
2026-09-07,2026-09-07,CM,NSE,STK,489,INE520Y01019,ICEMAKE,EQ,,,,,ICE MAKE REFRIGERAT LTD,739.00,739.00,720.30,724.75,725.00,738.60,,724.75,,,8713,6345052.70,703,F1,1,,,,,
2026-09-07,2026-09-07,CM,NSE,STK,4963,INE090A01021,ICICIBANK,EQ,,,,,ICICI BANK LTD.,1428.00,1434.40,1422.60,1427.50,1427.50,1423.20,,1427.50,,,8035111,11464682346.30,126269,F1,1,,,,,
2026-09-07,2026-09-07,CM,NSE,STK,21770,INE765G01017,ICICIGI,EQ,,,,,ICICI LOMBARD GIC LIMITED,1517.00,1517.00,1493.10,1493.40,1493.40,1510.00,,1493.43,,,426021,640554868.20,22352,F1,1,,,,,
2026-09-07,2026-09-07,CM,NSE,STK,21254,INF109KC19U5,LOWVOLIETF,EQ,,,,,ICICI PR NIF LW VL 30 ETF,22.52,22.52,21.73,21.84,21.96,21.98,,21.84,,,1680113,36676367.92,1937,F1,1,,,,,
2026-09-07,2026-09-07,CM,NSE,STK,18652,INE726G01019,ICICIPRULI,EQ,,,,,ICICI PRU LIFE INS CO LTD,491.00,492.00,470.65,470.65,470.65,494.55,,470.66,,,1678977,806864245.10,34594,F1,1,,,,,
2026-09-07,2026-09-07,CM,NSE,STK,17702,INF109KC10W0,MIDSELIETF,EQ,,,,,ICICI PRUD MIDCAP SEL ETF,20.33,20.33,19.52,19.78,19.83,19.93,,19.78,,,324925,6435351.41,1091,F1,1,,,,,
2026-09-07,2026-09-07,CM,NSE,STK,30392,INF109KC16V9,NIF100IETF,EQ,,,,,ICICI PRUD NIFTY 100 ETF,28.05,28.05,27.66,27.83,27.84,28.05,,27.83,,,293260,8172875.61,3429,F1,1,,,,,
2026-09-07,2026-09-07,CM,NSE,STK,29553,INF109K012R6,NIFTYIETF,EQ,,,,,ICICI PRUD NIFTY ETF,275.40,275.40,269.40,269.60,269.88,271.88,,269.60,,,784440,211896739.60,26897,F1,1,,,,,
2026-09-07,2026-09-07,CM,NSE,STK,4378,INF346A01034,SENSEXIETF,EQ,,,,,ICICI PRUD SENSEX ETF,884.25,886.09,875.01,876.69,879.00,884.24,,876.70,,,11792,10350767.45,645,F1,1,,,,,
2026-09-07,2026-09-07,CM,NSE,STK,760407,INE346A01027,ICICIAMC,EQ,,,,,ICICI PRUDENTIAL AMC LTD,2970.90,3038.20,2933.30,3013.70,3004.00,2970.90,,3013.90,,,279992,836087881.80,32961,F1,1,,,,,
2026-09-07,2026-09-07,CM,NSE,STK,19679,INF109KC1NT3,GOLDIETF,EQ,,,,,ICICI PRUDENTIAL GOLD ETF,131.28,131.28,129.12,130.01,130.00,131.80,,130.01,,,5501440,713295795.99,57764,F1,1,,,,,
2026-09-07,2026-09-07,CM,NSE,STK,17475,INF109KC11V0,NV20IETF,EQ,,,,,ICICI PRUDENTIAL NV20 ETF,13.56,13.75,13.19,13.49,13.53,13.62,,13.49,,,533872,7213852.86,3371,F1,1,,,,,
2026-09-07,2026-09-07,CM,NSE,STK,522,INF109KB15Y7,ICICIB22,EQ,,,,,ICICIPRAMC - BHARATIWIN,113.14,116.00,113.14,113.84,113.97,114.34,,113.84,,,133321,15196890.66,4377,F1,1,,,,,
2026-09-07,2026-09-07,CM,NSE,STK,30139,INF109K1A021,CASHIETF,EQ,,,,,ICICIPRAMC - CASHIETF,1078.38,1078.49,1077.33,1078.48,1078.49,1078.38,,1078.48,,,3401939,3668893309.36,365,F1,1,,,,,
2026-09-07,2026-09-07,CM,NSE,STK,755881,INF109K1A153,EVIETF,EQ,,,,,ICICIPRAMC - EVIETF,33.12,33.12,32.20,32.27,32.47,32.47,,32.27,,,312202,10084690.80,1173,F1,1,,,,,
2026-09-07,2026-09-07,CM,NSE,STK,13143,INF109KC18O0,GSEC10IETF,EQ,,,,,ICICIPRAMC - ICICI10GS,263.81,264.54,261.92,261.92,261.92,262.50,,261.92,,,183,48242.24,12,F1,1,,,,,
2026-09-07,2026-09-07,CM,NSE,STK,3001,INF109KC1V59,BSE500IETF,EQ,,,,,ICICIPRAMC - ICICI500,40.12,40.12,39.07,39.26,39.27,39.33,,39.26,,,213523,8379592.47,3018,F1,1,,,,,
2026-09-07,2026-09-07,CM,NSE,STK,8342,INF109KC14A8,GSEC5IETF,EQ,,,,,ICICIPRAMC - ICICI5GSEC,66.09,66.73,66.08,66.50,66.50,66.51,,66.50,,,57232,3794649.70,52,F1,1,,,,,
2026-09-07,2026-09-07,CM,NSE,STK,22344,INF109KC17V7,ALPL30IETF,EQ,,,,,ICICIPRAMC - ICICIALPLV,27.59,27.64,27.44,27.49,27.62,27.59,,27.49,,,408997,11246328.79,1569,F1,1,,,,,
2026-09-07,2026-09-07,CM,NSE,STK,7844,INF109KC10V2,AUTOIETF,EQ,,,,,ICICIPRAMC - ICICIAUTO,29.11,29.11,28.51,28.81,28.89,28.81,,28.81,,,633914,18254500.15,2720,F1,1,,,,,
2026-09-07,2026-09-07,CM,NSE,STK,11386,INF109KC18U7,PVTBANIETF,EQ,,,,,ICICIPRAMC - ICICIBANKP,28.47,28.47,27.93,28.02,27.96,28.17,,28.02,,,662433,18587213.31,1198,F1,1,,,,,
2026-09-07,2026-09-07,CM,NSE,STK,13198,INF109KC19O8,COMMOIETF,EQ,,,,,ICICIPRAMC - ICICICOMMO,100.60,100.83,98.98,99.07,99.40,100.33,,99.07,,,39614,3931700.90,1680,F1,1,,,,,
2026-09-07,2026-09-07,CM,NSE,STK,6446,INF109KC1V42,CONSUMIETF,EQ,,,,,ICICIPRAMC - ICICICONSU,120.28,120.56,119.35,120.02,120.56,120.67,,119.81,,,10197,1224169.25,261,F1,1,,,,,
2026-09-07,2026-09-07,CM,NSE,STK,5306,INF109KC19V3,FMCGIETF,EQ,,,,,ICICIPRAMC - ICICIFMCG,49.47,49.95,49.08,49.17,49.28,49.47,,49.17,,,1486830,73116121.84,6819,F1,1,,,,,
2026-09-07,2026-09-07,CM,NSE,STK,10723,INF109KC16E5,INFRAIETF,EQ,,,,,ICICIPRAMC - ICICIINFRA,94.51,95.20,94.21,94.39,94.70,94.80,,94.40,,,71385,6744569.89,4393,F1,1,,,,,
2026-09-07,2026-09-07,CM,NSE,STK,4838,INF109KC1KT9,LIQUIDIETF,EQ,,,,,ICICIPRAMC - ICICILIQ,999.99,1000.01,999.99,999.99,1000.00,999.99,,999.99,,,209203,209202840.19,254,F1,1,,,,,
2026-09-07,2026-09-07,CM,NSE,STK,17152,INF109KC11W8,MIDCAPIETF,EQ,,,,,ICICIPRAMC - ICICIM150,24.06,24.13,23.75,23.90,23.95,24.06,,23.90,,,758696,18168937.29,3568,F1,1,,,,,
2026-09-07,2026-09-07,CM,NSE,STK,10585,INF109KC17C7,MOM30IETF,EQ,,,,,ICICIPRAMC - ICICIMOM30,31.36,31.44,31.08,31.23,31.25,31.36,,31.23,,,490030,15329044.98,2070,F1,1,,,,,
2026-09-07,2026-09-07,CM,NSE,STK,4529,INF109KC1NS5,NEXT50IETF,EQ,,,,,ICICIPRAMC - ICICINXT50,79.18,79.18,76.45,76.79,77.00,77.25,,76.76,,,512076,39360819.29,7592,F1,1,,,,,
2026-09-07,2026-09-07,CM,NSE,STK,3626,INF109KC1Q72,HEALTHIETF,EQ,,,,,ICICIPRAMC - ICICIPHARM,168.66,170.49,168.08,169.45,169.20,168.65,,169.46,,,59893,10110740.81,1804,F1,1,,,,,
2026-09-07,2026-09-07,CM,NSE,STK,17808,INF109KC18V5,QUAL30IETF,EQ,,,,,ICICIPRAMC - ICICIQTY30,21.07,21.33,20.76,20.82,20.91,21.12,,20.82,,,125990,2622854.10,573,F1,1,,,,,
2026-09-07,2026-09-07,CM,NSE,STK,7942,INF109KC1Y56,SILVERIETF,EQ,,,,,ICICIPRAMC - ICICISILVE,230.40,230.54,228.46,229.68,229.86,232.48,,229.69,,,1782466,408606954.70,19796,F1,1,,,,,
2026-09-07,2026-09-07,CM,NSE,STK,22365,INF109KC16I6,ITIETF,EQ,,,,,ICICIPRAMC - ICICITECH,34.01,34.01,33.25,33.36,33.53,34.01,,33.35,,,485884,16240135.77,2211,F1,1,,,,,
2026-09-07,2026-09-07,CM,NSE,STK,764364,INF109K1A567,INSUREIETF,EQ,,,,,ICICIPRAMC - INSUREIETF,15.32,15.32,15.05,15.06,15.16,15.23,,15.06,,,468531,7071620.47,244,F1,1,,,,,
2026-09-07,2026-09-07,CM,NSE,STK,11037,INF109KC15I8,BANKIETF,EQ,,,,,ICICIPRAMC - IPRU5008,57.66,60.08,57.66,58.68,58.66,59.14,,58.68,,,543968,31927644.79,2608,F1,1,,,,,
2026-09-07,2026-09-07,CM,NSE,STK,24861,INF109KC19W1,METALIETF,EQ,,,,,ICICIPRAMC - METALIETF,13.58,13.58,12.95,13.24,13.28,13.40,,13.24,,,4556782,60473256.21,15182,F1,1,,,,,
2026-09-07,2026-09-07,CM,NSE,STK,24533,INF109KC18W3,OILIETF,EQ,,,,,ICICIPRAMC - OILIETF,11.08,11.40,11.08,11.26,11.28,11.37,,11.26,,,1268013,14319051.90,2749,F1,1,,,,,
2026-09-07,2026-09-07,CM,NSE,STK,14584,INF109KC10S8,PSUBNKIETF,EQ,,,,,ICICIPRAMC - PSUBANKICI,86.96,86.96,85.20,85.42,85.70,86.53,,85.42,,,109940,9408652.87,1052,F1,1,,,,,
2026-09-07,2026-09-07,CM,NSE,STK,754612,INF109K1A476,SMALLIETF,EQ,,,,,ICICIPRAMC - SMALLIETF,18.57,18.60,18.48,18.54,18.51,18.57,,18.54,,,70346,1302420.77,213,F1,1,,,,,
2026-09-07,2026-09-07,CM,NSE,STK,757781,INF109K1A344,TOP15IETF,EQ,,,,,ICICIPRAMC - TOP15IETF,9.86,9.86,9.72,9.74,9.77,9.82,,9.74,,,104502,1018338.86,256,F1,1,,,,,
2026-09-07,2026-09-07,CM,NSE,STK,25851,INF109KC16X5,VAL30IETF,EQ,,,,,ICICIPRAMC - VAL30IETF,14.81,15.24,14.81,15.06,15.08,15.19,,15.06,,,184406,2782032.69,763,F1,1,,,,,
2026-09-07,2026-09-07,CM,NSE,STK,12578,INF109KC17L8,FINIETF,EQ,,,,,ICICIPRAMC-ICICIFIN,32.12,33.77,32.12,32.71,32.78,32.95,,32.71,,,150695,4943141.30,1289,F1,1,,,,,
2026-09-07,2026-09-07,CM,NSE,STK,14523,INE725G01011,ICRA,EQ,,,,,ICRA LIMITED,4975.00,5010.00,4901.10,4929.40,4923.00,4884.50,,4929.37,,,43495,215528193.80,6429,F1,1,,,,,
2026-09-07,2026-09-07,CM,NSE,STK,1476,INE008A01015,IDBI,EQ,,,,,IDBI BANK LIMITED,90.00,92.65,89.73,90.75,90.94,90.63,,90.75,,,7985304,726716213.06,33363,F1,1,,,,,
2026-09-07,2026-09-07,CM,NSE,STK,17140,INE349Y01013,IDEAFORGE,EQ,,,,,IDEAFORGE TECHNO LTD,777.00,791.65,762.00,765.45,765.85,777.05,,765.43,,,253500,196610738.35,16138,F1,1,,,,,
2026-09-07,2026-09-07,CM,NSE,STK,28574,INE0TD101011,IDENTICAL,SM,,,,,IDENTICAL BRAINS STUDIO L,18.05,18.05,18.05,18.05,18.05,18.05,,18.05,,,2000,36100.00,1,F1,2000,,,,,
2026-09-07,2026-09-07,CM,NSE,STK,11184,INE092T01019,IDFCFIRSTB,EQ,,,,,IDFC FIRST BANK LIMITED,86.29,86.79,85.90,86.44,86.44,86.71,,86.44,,,10617041,916308372.33,42140,F1,1,,,,,
2026-09-07,2026-09-07,CM,NSE,STK,1482,INE076C01018,IFBAGRO,EQ,,,,,IFB AGRO INDUSTRIES LTD,896.85,919.85,894.60,896.25,897.00,903.30,,896.34,,,3748,3386006.40,249,F1,1,,,,,
2026-09-07,2026-09-07,CM,NSE,STK,1485,INE559A01017,IFBIND,EQ,,,,,IFB INDUSTRIES LTD,1305.70,1337.60,1303.10,1313.60,1313.90,1305.70,,1313.44,,,21925,28955780.90,3047,F1,1,,,,,
2026-09-07,2026-09-07,CM,NSE,STK,1491,INE039A01010,IFCI,EQ,,,,,IFCI LTD,104.90,107.36,101.40,102.51,102.29,101.38,,102.52,,,207830587,21582227203.45,546172,F1,1,,,,,
2026-09-07,2026-09-07,CM,NSE,STK,436,INE133Y01011,IFGLEXPOR,EQ,,,,,IFGL REFRACTORIES LIMITED,204.00,205.47,202.50,203.79,204.10,204.69,,203.81,,,9039,1842511.24,541,F1,1,,,,,
2026-09-07,2026-09-07,CM,NSE,STK,759897,INE01XO07017,1225IFL27,N0,,,,,IFL 12.25% 2027,6119.25,6177.00,6119.25,6119.25,6119.25,6150.00,,6119.25,,,15,92352.25,5,F1,1,,,,,
2026-09-07,2026-09-07,CM,NSE,STK,760656,INE01XO07025,1225IFL28,N0,,,,,IFL 12.25% 2028,7480.00,7480.00,7480.00,7480.00,7480.00,7600.00,,7480.00,,,4,29920.00,1,F1,1,,,,,
2026-09-07,2026-09-07,CM,NSE,STK,634,INE188B01013,IGARASHI,EQ,,,,,IGARASHI MOTORS INDIA LTD,424.00,428.45,413.60,415.15,415.90,422.75,,415.19,,,58243,24365176.60,2025,F1,1,,,,,
2026-09-07,2026-09-07,CM,NSE,STK,761117,INE530B07591,852IIFL29,Y5,,,,,IIFL 8.52% TR I SR II,994.00,994.00,992.00,992.00,992.00,992.00,,992.00,,,395,392620.00,4,F1,1,,,,,
2026-09-07,2026-09-07,CM,NSE,STK,761118,INE530B07633,865IIFL31,Y6,,,,,IIFL 8.65% TR I SR III,985.00,985.20,985.00,985.20,985.20,987.00,,985.20,,,40,39405.05,3,F1,1,,,,,
2026-09-07,2026-09-07,CM,NSE,STK,761119,INE530B07617,870IIFL28,Y7,,,,,IIFL 8.70% TR I SR IV,1025.00,1025.00,1025.00,1025.00,1025.00,1020.20,,1025.00,,,50,51250.00,1,F1,1,,,,,
2026-09-07,2026-09-07,CM,NSE,STK,761121,INE530B07609,9IIFL31,Y9,,,,,IIFL 9.00% TR I SR VI,1020.00,1020.00,1020.00,1020.00,1020.00,1021.00,,1015.00,,,30,30600.00,3,F1,1,,,,,
2026-09-07,2026-09-07,CM,NSE,STK,13072,INE489L01022,IIFLCAPS,EQ,,,,,IIFL CAPITAL SERVICES LTD,341.40,342.95,339.85,340.45,341.00,341.20,,340.43,,,565824,193454842.70,7528,F1,1,,,,,
2026-09-07,2026-09-07,CM,NSE,STK,11809,INE530B01024,IIFL,EQ,,,,,IIFL FINANCE LIMITED,649.00,667.00,635.30,654.05,655.00,651.15,,654.03,,,4742061,3093402525.60,96328,F1,1,,,,,
2026-09-07,2026-09-07,CM,NSE,STK,761122,INE530B07583,IIFL060326,YA,,,,,IIFL TR I SR VII,1019.00,1019.00,1019.00,1019.00,1019.00,1012.00,,1019.00,,,25,25475.00,1,F1,1,,,,,
2026-09-07,2026-09-07,CM,NSE,STK,16822,INE0LOJ01019,IKIO,EQ,,,,,IKIO TECHNOLOGIES LIMITED,212.34,212.34,201.50,202.98,202.50,212.34,,202.98,,,279865,57638587.64,4866,F1,1,,,,,
2026-09-07,2026-09-07,CM,NSE,STK,9380,INE369I01014,IL&FSENGG,BZ,,,,,IL&FS ENG AND CONS CO LTD,37.50,37.65,37.00,37.00,37.00,36.75,,36.88,,,30844,1154026.40,57,F1,1,,,,,
2026-09-07,2026-09-07,CM,NSE,STK,6711,INE050B01023,IVC,EQ,,,,,IL&FS INVESTMENT MANAGERS,10.19,10.48,10.00,10.28,10.25,10.24,,10.28,,,784795,8092359.19,1856,F1,1,,,,,
2026-09-07,2026-09-07,CM,NSE,STK,9381,INE975G01012,IL&FSTRANS,BZ,,,,,IL&FS TRANS NET LTD,2.09,2.13,2.03,2.11,2.10,2.06,,2.12,,,54588,115334.51,72,F1,1,,,,,
2026-09-07,2026-09-07,CM,NSE,STK,7672,INE172N01012,IMAGICAA,EQ,,,,,IMAGICAAWORLD ENT LTD,55.95,57.44,54.50,54.86,55.63,55.38,,54.87,,,1374657,77257251.39,5640,F1,1,,,,,
2026-09-07,2026-09-07,CM,NSE,STK,25881,INE691G01015,IMPEXFERRO,BZ,,,,,IMPEX FERRO TECH LIMITED,4.81,4.81,4.81,4.81,4.81,4.72,,4.86,,,13211,63544.91,17,F1,1,,,,,
2026-09-07,2026-09-07,CM,NSE,STK,17507,INE452L01012,INCREDIBLE,EQ,,,,,INCREDIBLE INDUSTRIES LTD,32.54,32.90,31.56,32.34,32.00,32.54,,32.34,,,3017,97890.88,46,F1,1,,,,,
2026-09-07,2026-09-07,CM,NSE,STK,12009,INE547E01014,IMPAL,EQ,,,,,IND MOTOR PART & ACC LTD,1116.00,1180.20,1103.40,1114.20,1128.00,1114.60,,1114.59,,,6049,6910915.10,523,F1,1,,,,,
2026-09-07,2026-09-07,CM,NSE,STK,4870,INE915B01019,INDSWFTLAB,EQ,,,,,IND SWIFT LABORATORIES LT,351.50,373.45,351.00,368.70,368.85,355.95,,368.21,,,650855,238671259.05,11774,F1,1,,,,,
2026-09-07,2026-09-07,CM,NSE,STK,21957,INE611L01021,INDTERRAIN,EQ,,,,,IND TERRAIN FASHIONS LTD,30.42,31.39,30.00,30.74,30.78,30.42,,30.73,,,8811,267002.79,55,F1,1,,,,,
2026-09-07,2026-09-07,CM,NSE,STK,16933,INE841B01017,INDBANK,EQ,,,,,INDBANK MERCH BANK,28.98,28.99,28.01,28.16,28.20,28.58,,28.16,,,63723,1804977.25,632,F1,1,,,,,
2026-09-07,2026-09-07,CM,NSE,STK,29678,INE0O9T01021,BAJAJINDEF,EQ,,,,,INDEF MANUFACTURING LTD,225.00,227.38,221.71,222.26,221.80,222.69,,222.19,,,10012,2239411.43,331,F1,1,,,,,
2026-09-07,2026-09-07,CM,NSE,STK,23693,INE065X01017,INDGN,EQ,,,,,INDEGENE LIMITED,602.80,604.85,591.85,599.35,598.00,601.50,,599.39,,,336187,200807146.45,22799,F1,1,,,,,
2026-09-07,2026-09-07,CM,NSE,STK,7128,INE560A01023,INDIAGLYCO,BE,,,,,INDIA GLYCOLS LTD,273.40,273.40,272.00,273.40,273.40,260.40,,273.42,,,225992,61781041.60,1184,F1,1,,,,,
2026-09-07,2026-09-07,CM,NSE,STK,4747,INE092B01025,INDNIPPON,EQ,,,,,INDIA NIPPON ELECT  LTD,1180.00,1180.00,1115.00,1128.40,1121.40,1158.20,,1128.40,,,38355,43651958.80,3029,F1,1,,,,,
2026-09-07,2026-09-07,CM,NSE,STK,4934,INE0D6701023,IPL,EQ,,,,,INDIA PESTICIDES LIMITED,138.80,138.80,136.00,136.63,136.70,138.34,,136.63,,,87993,12045113.15,1647,F1,1,,,,,
2026-09-07,2026-09-07,CM,NSE,STK,20556,INE922K01024,INDIASHLTR,EQ,,,,,INDIA SHELTER FIN CORP L,677.10,678.90,663.70,672.15,667.05,677.10,,672.17,,,88324,59359916.15,5539,F1,1,,,,,
2026-09-07,2026-09-07,CM,NSE,STK,19299,INE353K01014,ITDC,EQ,,,,,INDIA TOUR. DEV. CO. LTD.,645.00,648.00,640.20,643.35,641.95,644.35,,643.37,,,40483,26041902.15,2326,F1,1,,,,,
2026-09-07,2026-09-07,CM,NSE,STK,24999,INE126M01010,IBULLSLTD,EQ,,,,,INDIABULLS LIMITED,25.50,26.34,25.00,25.70,25.58,25.67,,25.70,,,8153717,209711905.42,14672,F1,1,,,,,
2026-09-07,2026-09-07,CM,NSE,STK,10726,INE933S01016,INDIAMART,EQ,,,,,INDIAMART INTERMESH LTD,1726.40,1727.90,1703.40,1706.40,1707.80,1726.40,,1706.42,,,54073,92498884.80,6302,F1,1,,,,,
2026-09-07,2026-09-07,CM,NSE,STK,14309,INE562A01011,INDIANB,EQ,,,,,INDIAN BANK,879.70,883.55,865.40,869.40,869.40,879.70,,869.40,,,1005311,874886660.15,21366,F1,1,,,,,
2026-09-07,2026-09-07,CM,NSE,STK,4422,INE061A01014,INDIANCARD,EQ,,,,,INDIAN CARD CLOTHING CO.,219.90,219.90,210.20,217.85,219.00,219.97,,217.85,,,417,90483.45,38,F1,1,,,,,
2026-09-07,2026-09-07,CM,NSE,STK,23792,INE0RRU01016,IEML,ST,,,,,INDIAN EMULSIFIERS LTD,43.80,44.15,40.25,41.25,41.05,42.05,,41.25,,,42000,1790975.00,51,F1,500,,,,,
2026-09-07,2026-09-07,CM,NSE,STK,220,INE022Q01020,IEX,EQ,,,,,INDIAN ENERGY EXC LTD,119.49,119.88,117.21,117.50,117.50,118.91,,117.50,,,3730649,440317022.61,33587,F1,1,,,,,
2026-09-07,2026-09-07,CM,NSE,STK,1530,INE323C01030,INDIANHUME,EQ,,,,,INDIAN HUME PIPE CO. LTD.,388.50,401.85,386.10,394.90,394.75,387.80,,394.89,,,45044,17806266.75,1705,F1,1,,,,,
2026-09-07,2026-09-07,CM,NSE,STK,19235,INE919H01018,IMFA,EQ,,,,,INDIAN METALS & FERRO,1275.00,1299.70,1272.10,1286.90,1298.00,1288.40,,1286.87,,,100370,128964586.20,9826,F1,1,,,,,
2026-09-07,2026-09-07,CM,NSE,STK,1624,INE242A01010,IOC,EQ,,,,,INDIAN OIL CORP LTD,137.00,137.50,135.15,135.15,135.15,137.60,,135.16,,,5955660,809958283.79,52239,F1,1,,,,,
2026-09-07,2026-09-07,CM,NSE,STK,9348,INE565A01014,IOB,EQ,,,,,INDIAN OVERSEAS BANK,33.55,33.63,33.02,33.10,33.06,33.55,,33.10,,,1509216,50023141.92,7838,F1,1,,,,,
2026-09-07,2026-09-07,CM,NSE,STK,25033,INE0DHF01018,IPHL,SM,,,,,INDIAN PHOSPHATE LIMITED,73.00,78.00,72.00,76.10,77.00,74.95,,76.10,,,68400,5219100.00,49,F1,1200,,,,,
2026-09-07,2026-09-07,CM,NSE,STK,13611,INE335Y01020,IRCTC,EQ,,,,,INDIAN RAIL TOUR CORP LTD,476.05,477.70,473.65,474.50,475.00,476.05,,474.49,,,405838,192772931.40,18046,F1,1,,,,,
2026-09-07,2026-09-07,CM,NSE,STK,2029,INE053F01010,IRFC,EQ,,,,,INDIAN RAILWAY FIN CORP L,83.50,83.90,82.63,83.00,83.00,83.40,,83.00,,,5917347,492583202.13,35809,F1,1,,,,,
2026-09-07,2026-09-07,CM,NSE,STK,20261,INE202E01016,IREDA,EQ,,,,,INDIAN RENEWABLE ENERGY,113.27,113.99,112.60,112.95,112.95,113.64,,112.95,,,2955590,333991020.22,22577,F1,1,,,,,
2026-09-07,2026-09-07,CM,NSE,STK,762727,INE586E01020,IWP,EQ,,,,,INDIAN WOOD PRODUCTS CO L,33.20,34.94,33.20,34.41,34.40,34.38,,34.41,,,6764,232844.53,66,F1,1,,,,,
2026-09-07,2026-09-07,CM,NSE,STK,2048,INE09VQ01012,INDIGOPNTS,EQ,,,,,INDIGO PAINTS LIMITED,1182.00,1209.00,1157.90,1178.00,1172.30,1185.80,,1178.04,,,77673,92393214.10,10695,F1,1,,,,,
2026-09-07,2026-09-07,CM,NSE,STK,20988,INE219X23014,INDIGRID,IV,,,,,INDIGRID INFRASTRUCT TRST,175.75,175.75,175.04,175.39,175.39,175.49,,175.39,,,649928,114038802.79,7784,F1,1,,,,,
2026-09-07,2026-09-07,CM,NSE,STK,757845,INE06ST01018,INDIQUBE,EQ,,,,,INDIQUBE SPACES LIMITED,196.00,204.60,190.21,202.13,203.00,194.54,,202.30,,,125698,25061257.06,2825,F1,1,,,,,
2026-09-07,2026-09-07,CM,NSE,STK,9120,INE760F01028,INDOAMIN,BE,,,,,INDO AMINES LIMITED,125.55,130.00,125.50,127.23,128.50,125.96,,127.26,,,83059,10634080.96,553,F1,1,,,,,
2026-09-07,2026-09-07,CM,NSE,STK,8614,INE803D01021,INDOBORAX,EQ,,,,,INDO BORAX & CHEMICAL LTD,524.00,542.80,501.00,503.95,505.95,514.90,,503.93,,,392536,204491160.85,15648,F1,1,,,,,
2026-09-07,2026-09-07,CM,NSE,STK,11987,INE483B01026,ICIL,EQ,,,,,INDO COUNT INDUSTRIES LTD,449.80,458.55,443.05,453.70,450.95,449.80,,453.71,,,467699,210775029.55,15789,F1,1,,,,,
2026-09-07,2026-09-07,CM,NSE,STK,29025,INE622H01018,INDOFARM,EQ,,,,,INDO FARM EQUIPMENT LTD,135.00,135.00,131.00,131.65,132.30,134.03,,131.69,,,72717,9637020.10,1817,F1,1,,,,,
2026-09-07,2026-09-07,CM,NSE,STK,10993,INE156A01020,INDORAMA,EQ,,,,,INDO RAMA SYNTHETICS LTD,74.00,78.00,71.80,73.56,73.04,72.96,,73.56,,,2102406,159019025.89,17976,F1,1,,,,,
2026-09-07,2026-09-07,CM,NSE,STK,13275,INE332H01014,INDOTECH,EQ,,,,,INDO TECH TRANSFORM LTD.,3666.40,3690.00,3558.10,3666.60,3653.00,3663.10,,3666.01,,,19314,69993011.70,2791,F1,1,,,,,
2026-09-07,2026-09-07,CM,NSE,STK,25608,INE337M01021,INDOTHAI,EQ,,,,,INDO THAI SEC LTD,33.97,37.53,33.97,37.53,37.53,35.75,,37.55,,,16502372,595241614.32,12715,F1,1,,,,,
2026-09-07,2026-09-07,CM,NSE,STK,25503,INE250Z01010,INDOUS,EQ,,,,,INDO US BIOTECH LTD,77.48,79.95,75.96,78.74,78.84,77.48,,78.63,,,5684,441812.66,355,F1,1,,,,,
2026-09-07,2026-09-07,CM,NSE,STK,764301,INE084101034,INDOMIM,EQ,,,,,INDO-MIM LIMITED,973.90,976.95,941.75,946.70,948.90,971.50,,946.75,,,1601278,1538620308.05,77095,F1,1,,,,,
2026-09-07,2026-09-07,CM,NSE,STK,6782,INE567A01028,NIPPOBATRY,EQ,,,,,INDO-NATIONAL LIMITED,329.90,330.00,325.00,325.25,325.50,331.75,,325.27,,,1690,551272.05,127,F1,1,,,,,
2026-09-07,2026-09-07,CM,NSE,STK,11677,INE873D01024,INDOCO,EQ,,,,,INDOCO REMEDIES LTD.,249.30,257.24,248.06,250.70,251.28,262.51,,250.70,,,315104,79481944.30,7376,F1,1,,,,,
2026-09-07,2026-09-07,CM,NSE,STK,757801,INE05J901018,IGCL,EQ,,,,,INDOGULF CROPSCIENCES LTD,73.50,73.75,68.16,72.48,72.79,72.89,,72.47,,,83569,6005297.70,1495,F1,1,,,,,
2026-09-07,2026-09-07,CM,NSE,STK,764708,INE716F01012,INDOKEM,EQ,,,,,INDOKEM LTD.,639.00,645.00,630.05,636.35,640.00,625.55,,636.70,,,4721,3005408.75,308,F1,1,,,,,
2026-09-07,2026-09-07,CM,NSE,STK,19955,INE866K01023,WAAREEINDO,EQ,,,,,INDOSOLAR LIMITED,275.65,275.65,263.50,265.55,266.70,272.00,,265.41,,,63383,16871500.85,1776,F1,1,,,,,
2026-09-07,2026-09-07,CM,NSE,STK,3088,INE896L01010,INDOSTAR,EQ,,,,,INDOSTAR CAPITAL FIN LTD,260.89,260.89,250.60,253.08,252.00,258.66,,253.10,,,58965,14946367.63,1555,F1,1,,,,,
2026-09-07,2026-09-07,CM,NSE,STK,14952,INE227G01018,INDOWIND,EQ,,,,,INDOWIND ENERGY LTD,9.19,9.19,8.61,8.91,8.96,9.02,,8.92,,,84385,752002.18,483,F1,1,,,,,
2026-09-07,2026-09-07,CM,NSE,STK,11262,INE203G01027,IGL,EQ,,,,,INDRAPRASTHA GAS LTD,157.00,157.00,154.50,154.80,155.69,158.04,,154.80,,,1105359,171747852.19,15421,F1,1,,,,,
2026-09-07,2026-09-07,CM,NSE,STK,4751,INE681B01017,INDRAMEDCO,EQ,,,,,INDRAPRASTHA MEDICAL CORP,349.70,353.90,349.15,351.40,352.30,349.70,,351.41,,,127117,44724126.65,4585,F1,1,,,,,
2026-09-07,2026-09-07,CM,NSE,STK,23036,INE0NHL23019,INDUSINVIT,IV,,,,,INDUS INFRA TRUST,134.33,134.33,132.90,132.97,132.91,133.94,,132.98,,,238973,31865701.20,7658,F1,1,,,,,
2026-09-07,2026-09-07,CM,NSE,STK,29135,INE121J01017,INDUSTOWER,EQ,,,,,INDUS TOWERS LIMITED,379.25,383.75,376.00,376.45,376.45,376.80,,376.45,,,4311184,1633682476.25,64622,F1,1,,,,,
2026-09-07,2026-09-07,CM,NSE,STK,5258,INE095A01012,INDUSINDBK,EQ,,,,,INDUSIND BANK LIMITED,1004.10,1017.90,995.00,998.00,998.00,1008.50,,998.00,,,1418742,1425561263.70,52969,F1,1,,,,,
2026-09-07,2026-09-07,CM,NSE,STK,762717,INE620D01011,INDPRUD,EQ,,,,,INDUSTRIAL & PRU INV CO L,6300.00,6390.00,6260.00,6385.00,6385.00,6305.00,,6374.00,,,75,473042.00,12,F1,1,,,,,
2026-09-07,2026-09-07,CM,NSE,STK,19525,INE886A01014,IITL,EQ,,,,,INDUSTRIAL INV TRUST LTD,146.78,146.80,137.30,140.10,139.80,146.40,,140.12,,,103995,15115927.34,1097,F1,1,,,,,
2026-09-07,2026-09-07,CM,NSE,STK,15036,INE0MRE01011,INFINIUM,SM,,,,,INFINIUM PHARMACHEM LTD,283.00,283.00,270.00,274.90,275.00,264.00,,274.90,,,7500,2064550.00,15,F1,500,,,,,
2026-09-07,2026-09-07,CM,NSE,STK,757602,INE0MYZ01012,INFLUX,SM,,,,,INFLUX HEALTHTECH LIMITED,287.00,289.00,281.00,288.60,289.00,291.35,,288.60,,,22200,6308970.00,28,F1,600,,,,,
2026-09-07,2026-09-07,CM,NSE,STK,13751,INE663F01032,NAUKRI,EQ,,,,,INFO EDGE (I) LTD,1319.00,1321.80,1284.40,1302.50,1302.50,1319.80,,1302.46,,,856453,1105934323.60,39322,F1,1,,,,,
2026-09-07,2026-09-07,CM,NSE,STK,11027,INE344S01016,INFOBEAN,EQ,,,,,INFOBEANS TECHNO. LTD.,161.27,161.27,158.14,159.73,160.00,162.08,,159.73,,,185457,29588995.86,3538,F1,1,,,,,
2026-09-07,2026-09-07,CM,NSE,STK,16588,INE0NNZ01013,INFOLLION,SM,,,,,INFOLLION RESEARCH SER L,158.00,159.90,154.05,155.65,154.05,159.80,,155.65,,,7200,1130400.00,18,F1,400,,,,,
2026-09-07,2026-09-07,CM,NSE,STK,13693,INE669A01022,INFOMEDIA,EQ,,,,,INFOMEDIA PRESS LIMITED,5.35,5.57,5.20,5.43,5.46,5.35,,5.43,,,15375,83819.13,62,F1,1,,,,,
2026-09-07,2026-09-07,CM,NSE,STK,1594,INE009A01021,INFY,EQ,,,,,INFOSYS LIMITED,1109.50,1109.90,1085.00,1087.50,1087.50,1130.00,,1087.49,,,7668346,8390499184.00,195551,F1,1,,,,,
2026-09-07,2026-09-07,CM,NSE,STK,1597,INE177A01018,INGERRAND,EQ,,,,,INGERSOLL-RAND INDIA LTD,4840.00,4849.80,4713.50,4730.30,4736.60,4844.70,,4730.78,,,21053,99935170.10,3499,F1,1,,,,,
2026-09-07,2026-09-07,CM,NSE,STK,25323,INE0S1D01010,INNOMET,ST,,,,,INNOMET ADVANCED MATERI L,288.05,288.05,288.05,288.05,288.05,282.45,,288.05,,,25200,7258860.00,24,F1,600,,,,,
2026-09-07,2026-09-07,CM,NSE,STK,21062,INE0DUT01020,INNOVACAP,EQ,,,,,INNOVA CAPTAB LIMITED,1198.90,1199.40,1155.00,1164.40,1170.00,1175.40,,1164.41,,,104975,123663281.90,14634,F1,1,,,,,
2026-09-07,2026-09-07,CM,NSE,STK,27754,INE403Y01018,INNOVANA,EQ,,,,,INNOVANA THINKLABS LTD,305.20,316.70,300.00,301.65,300.50,305.20,,301.47,,,822,252582.90,127,F1,1,,,,,
2026-09-07,2026-09-07,CM,NSE,STK,27266,INE070Y01023,ITTL,ST,,,,,INNOVATIVE TYRE & TUBE LT,65.45,65.45,65.45,65.45,65.45,64.20,,65.45,,,630,41233.50,4,F1,105,,,,,
2026-09-07,2026-09-07,CM,NSE,STK,761528,INE0ADB01012,INNOVISION,EQ,,,,,INNOVISION LIMITED,260.00,260.00,254.90,256.25,255.60,254.90,,256.19,,,8908,2284372.15,600,F1,1,,,,,
2026-09-07,2026-09-07,CM,NSE,STK,12188,INE510W01014,INOXGREEN,EQ,,,,,INOX GREEN ENERGY SER LTD,175.00,175.10,169.01,172.28,175.10,175.10,,172.29,,,1320442,225859375.21,11101,F1,1,,,,,
2026-09-07,2026-09-07,CM,NSE,STK,20607,INE616N01034,INOXINDIA,EQ,,,,,INOX INDIA LIMITED,2260.00,2265.00,2214.10,2231.40,2240.60,2247.80,,2231.38,,,154701,345471598.40,20497,F1,1,,,,,
2026-09-07,2026-09-07,CM,NSE,STK,7852,INE066P01011,INOXWIND,EQ,,,,,INOX WIND LIMITED,74.50,75.99,73.66,75.60,75.60,74.40,,75.59,,,15134302,1138088448.20,41440,F1,1,,,,,
2026-09-07,2026-09-07,CM,NSE,STK,14657,INE070I01018,INSECTICID,EQ,,,,,INSECTICIDES (I) LTD,611.55,625.55,600.30,606.50,601.00,618.45,,606.49,,,31882,19641462.90,2271,F1,1,,,,,
2026-09-07,2026-09-07,CM,NSE,STK,761099,INE0LGX01024,INA,EQ,,,,,INSOLATION ENERGY LIMITED,90.78,93.80,88.23,92.77,92.80,90.24,,92.77,,,755743,69465769.61,7052,F1,1,,,,,
2026-09-07,2026-09-07,CM,NSE,STK,13730,INE020G01017,INSPIRISYS,EQ,,,,,INSPIRISYS SOLUTIONS LTD,89.10,90.70,88.01,88.75,88.45,89.53,,88.99,,,2089,185732.49,50,F1,1,,,,,
2026-09-07,2026-09-07,CM,NSE,STK,30323,INE418N01035,ESSENTIA,EQ,,,,,INTEGRA ESSENTIA LIMITED,1.05,1.10,1.05,1.10,1.10,1.05,,1.10,,,2788603,3045245.29,441,F1,1,,,,,
2026-09-07,2026-09-07,CM,NSE,STK,5926,INE306R01017,INTELLECT,EQ,,,,,INTELLECT DESIGN ARENA,690.70,691.00,675.70,682.15,681.30,686.65,,682.14,,,244782,166507072.90,12523,F1,1,,,,,
2026-09-07,2026-09-07,CM,NSE,STK,20071,INE781A01025,INTENTECH,EQ,,,,,INTENSE TECHNOLOGIES LTD,82.25,82.70,80.01,80.71,80.50,82.25,,80.71,,,7085,576759.53,206,F1,1,,,,,
2026-09-07,2026-09-07,CM,NSE,STK,24909,INE00M901018,INTERARCH,EQ,,,,,INTERARCH BLDNG SOLTN LTD,1707.00,1714.90,1688.00,1703.50,1705.50,1707.00,,1703.28,,,31615,53844697.90,4068,F1,1,,,,,
2026-09-07,2026-09-07,CM,NSE,STK,11195,INE646L01027,INDIGO,EQ,,,,,INTERGLOBE AVIATION LTD,4950.00,5008.00,4944.00,5001.00,5001.00,4977.00,,5000.82,,,354874,1768765401.00,28042,F1,1,,,,,
2026-09-07,2026-09-07,CM,NSE,STK,5606,INE575C01027,INTLCONV,EQ,,,,,INTL CONVEYORS LIMITED,83.08,83.08,79.10,79.92,80.50,81.18,,79.92,,,62311,5029394.93,1871,F1,1,,,,,
2026-09-07,2026-09-07,CM,NSE,STK,28378,INE0Q9301021,IGIL,EQ,,,,,INTL GEMOLOGICAL INST LTD,324.05,324.05,312.05,318.00,320.00,323.50,,317.99,,,742176,235545046.10,26856,F1,1,,,,,
2026-09-07,2026-09-07,CM,NSE,STK,18479,INE566K01011,ISFT,EQ,,,,,INTRASOFT TECH. LTD,81.50,84.18,81.49,83.10,83.60,81.61,,83.13,,,127511,10598555.79,1054,F1,1,,,,,
2026-09-07,2026-09-07,CM,NSE,STK,24870,INE878H01024,INVENTURE,EQ,,,,,INVENTURE GRO & SEC LTD,0.94,0.95,0.92,0.92,0.93,0.93,,0.92,,,633483,591001.07,367,F1,1,,,,,
2026-09-07,2026-09-07,CM,NSE,STK,28125,INE115Q01022,IKS,EQ,,,,,INVENTURUS KNOWLEDGE SO L,1769.80,1799.00,1752.40,1788.00,1786.00,1759.90,,1788.18,,,127280,227351661.90,14653,F1,1,,,,,
2026-09-07,2026-09-07,CM,NSE,STK,18292,INF205KA1BP1,IVZINGOLD,EQ,,,,,INVESCO INDIA GOLD ETF,133.60,133.60,131.10,131.85,131.75,133.95,,131.85,,,38012,5003352.20,322,F1,1,,,,,
2026-09-07,2026-09-07,CM,NSE,STK,24217,INF205KA1CC7,IVZINNIFTY,EQ,,,,,INVESCO INDIA NIFTY ETF,274.53,274.53,272.68,273.00,273.00,274.53,,273.00,,,2129,580976.85,47,F1,1,,,,,
2026-09-07,2026-09-07,CM,NSE,STK,762725,INE155E01016,INVPRECQ,BE,,,,,INVESTMENT & PREC CAST L,1299.00,1299.00,1299.00,1299.00,1299.00,1273.60,,1300.50,,,1969,2557731.00,15,F1,1,,,,,
2026-09-07,2026-09-07,CM,NSE,STK,760139,INE0XJ501010,INVICTA,SM,,,,,INVICTA DIAGNOSTIC LTD,71.50,71.50,66.00,68.00,68.00,68.00,,68.00,,,36800,2507520.00,23,F1,1600,,,,,
2026-09-07,2026-09-07,CM,NSE,STK,20413,INE485C01029,IOLCP,EQ,,,,,IOL CHEM AND PHARMA LTD,202.90,217.50,202.50,213.04,215.39,199.95,,213.04,,,10023570,2113048362.63,92421,F1,1,,,,,
2026-09-07,2026-09-07,CM,NSE,STK,1630,INE570A01022,IONEXCHANG,EQ,,,,,ION EXCHANGE (INDIA) LTD,413.00,454.00,409.00,439.10,436.00,409.20,,439.09,,,4902160,2168054399.25,112360,F1,1,,,,,
2026-09-07,2026-09-07,CM,NSE,STK,764713,INE558A01019,IPRINGLTD,EQ,,,,,IP RINGS LTD.,150.01,168.99,150.01,154.84,156.92,159.99,,155.80,,,2504,387609.16,136,F1,1,,,,,
2026-09-07,2026-09-07,CM,NSE,STK,1633,INE571A01038,IPCALAB,EQ,,,,,IPCA LABORATORIES LTD,1965.40,1978.40,1943.70,1959.10,1962.00,1965.30,,1959.10,,,92425,180793596.20,19617,F1,1,,,,,
2026-09-07,2026-09-07,CM,NSE,STK,15313,INE821I01022,IRB,EQ,,,,,IRB INFRA DEV LTD.,19.60,19.67,19.23,19.25,19.26,19.65,,19.25,,,4864321,94138737.98,13205,F1,1,,,,,
2026-09-07,2026-09-07,CM,NSE,STK,20817,INE183W23014,IRBINVIT,IV,,,,,IRB INVIT FUND,64.80,64.89,64.53,64.71,64.80,64.54,,64.71,,,521607,33752658.97,5283,F1,1,,,,,
2026-09-07,2026-09-07,CM,NSE,STK,4986,INE962Y01021,IRCON,EQ,,,,,IRCON INTERNATIONAL LTD,119.00,120.09,117.50,117.71,117.80,119.25,,117.71,,,1299800,153970665.90,20798,F1,1,,,,,
2026-09-07,2026-09-07,CM,NSE,STK,1391,INE202E07138,880IREDA29,N5,,,,,IREDA 8.80NCDTR I SR II B,1130.00,1130.00,1130.00,1130.00,1130.00,1130.00,,1127.50,,,20,22600.00,1,F1,1,,,,,
2026-09-07,2026-09-07,CM,NSE,STK,2275,INE01GN01025,IRISDOREME,EQ,,,,,IRIS CLOTHINGS LIMITED,65.00,65.00,61.63,62.15,61.79,63.58,,62.15,,,948563,60380205.97,4209,F1,1,,,,,
2026-09-07,2026-09-07,CM,NSE,STK,6489,INE864K01010,IRIS,EQ,,,,,IRIS REGTECH SOLUTION LTD,271.40,271.40,256.01,260.35,259.00,265.92,,260.33,,,33019,8688348.86,1370,F1,1,,,,,
2026-09-07,2026-09-07,CM,NSE,STK,19597,INE07U701015,IRMENERGY,EQ,,,,,IRM ENERGY LIMITED,282.10,288.00,281.00,284.50,285.90,281.40,,284.50,,,64263,18268698.40,3158,F1,1,,,,,
2026-09-07,2026-09-07,CM,NSE,STK,760991,INE413U07467,925ISF29,N0,,,,,ISF 9.25% 2029 SR B,9790.00,9791.10,9790.00,9791.10,9791.10,9790.00,,9791.10,,,30,293716.50,4,F1,1,,,,,
2026-09-07,2026-09-07,CM,NSE,STK,757708,INE413U07426,950ISF27C,N0,,,,,ISF 9.50% 2027,9955.00,9955.00,9955.00,9955.00,9955.00,9900.00,,9955.00,,,15,149325.00,2,F1,1,,,,,
2026-09-07,2026-09-07,CM,NSE,STK,3329,INE858B01029,ISGEC,EQ,,,,,ISGEC HEAVY ENG LTD,792.00,792.00,778.90,781.10,780.00,787.35,,781.13,,,31403,24636524.70,3232,F1,1,,,,,
2026-09-07,2026-09-07,CM,NSE,STK,30249,INE561M01018,ISHANCH,EQ,,,,,ISHAN DYES N CHEMICALS L,44.92,46.28,43.85,44.30,44.84,44.29,,44.37,,,22763,1020482.48,501,F1,1,,,,,
2026-09-07,2026-09-07,CM,NSE,STK,10995,INE0LCW01025,ISHAN,SM,,,,,ISHAN INTERNATIONAL LTD,0.55,0.55,0.55,0.55,0.55,0.55,,0.55,,,48000,26400.00,1,F1,48000,,,,,
2026-09-07,2026-09-07,CM,NSE,STK,22645,INE0R7R01018,ITALIANE,SM,,,,,ITALIAN EDIBLES LIMITED,32.10,32.20,32.10,32.20,32.20,33.50,,32.20,,,6000,193000.00,3,F1,2000,,,,,
2026-09-07,2026-09-07,CM,NSE,STK,29251,INE379A01028,ITCHOTELS,EQ,,,,,ITC HOTELS LIMITED,161.00,161.00,157.50,157.77,157.70,161.23,,157.77,,,1451816,230397078.37,24930,F1,1,,,,,
2026-09-07,2026-09-07,CM,NSE,STK,1660,INE154A01025,ITC,EQ,,,,,ITC LTD,264.10,264.95,262.95,263.50,263.50,264.10,,263.50,,,6688002,1763235610.10,149313,F1,1,,,,,
2026-09-07,2026-09-07,CM,NSE,STK,1675,INE248A01017,ITI,EQ,,,,,ITI LTD,272.10,275.90,269.15,270.60,271.00,272.50,,270.60,,,171656,46751279.65,5321,F1,1,,,,,
2026-09-07,2026-09-07,CM,NSE,STK,764723,INE478D01014,ITL,EQ,,,,,ITL INDUSTRIES LTD.,369.85,375.75,364.05,364.45,370.00,364.55,,363.85,,,5110,1873742.40,95,F1,1,,,,,
2026-09-07,2026-09-07,CM,NSE,STK,759041,INE056801025,IVALUE,EQ,,,,,IVALUE INFOSOLUTIONS LTD,231.87,235.95,225.65,227.02,228.60,230.26,,227.03,,,114721,26341768.16,3334,F1,1,,,,,
2026-09-07,2026-09-07,CM,NSE,STK,8857,INE043C01018,IVP,BE,,,,,IVP LIMITED,203.34,213.50,203.00,212.46,213.50,203.34,,212.46,,,34624,7278109.23,248,F1,1,,,,,
2026-09-07,2026-09-07,CM,NSE,STK,757644,INE1AII01014,IWARE,ST,,,,,IWARE SUPPLYCHAIN SER LTD,494.00,504.90,461.50,478.50,478.50,485.35,,478.50,,,24600,11870580.00,39,F1,600,,,,,
2026-09-07,2026-09-07,CM,NSE,STK,14174,INE848A01014,IZMO,EQ,,,,,IZMO LIMITED,898.50,950.00,878.00,924.50,920.00,902.45,,924.68,,,205930,189214870.35,14538,F1,1,,,,,
2026-09-07,2026-09-07,CM,NSE,STK,5633,INE168A01041,J&KBANK,EQ,,,,,J & K BANK LTD.,150.09,150.09,146.50,147.88,148.29,150.02,,147.88,,,1078053,159352200.19,16788,F1,1,,,,,
2026-09-07,2026-09-07,CM,NSE,STK,23056,INE0MB501011,JGCHEM,EQ,,,,,J.G.CHEMICALS LIMITED,596.05,608.10,577.40,581.35,588.00,598.15,,581.35,,,285713,168383907.00,10947,F1,1,,,,,
2026-09-07,2026-09-07,CM,NSE,STK,13211,INE199G01027,JAGRAN,EQ,,,,,JAGRAN PRAKASHAN LIMITED,61.40,62.00,60.82,61.81,61.75,60.98,,61.81,,,252138,15457191.17,2473,F1,1,,,,,
2026-09-07,2026-09-07,CM,NSE,STK,4410,INE048B01035,JAGSNPHARM,EQ,,,,,JAGSONPAL PHARMACEUTICALS,242.06,247.96,237.20,239.06,239.80,242.06,,238.86,,,59705,14354384.43,2502,F1,1,,,,,
2026-09-07,2026-09-07,CM,NSE,STK,11256,INE091G01026,JAIBALAJI,EQ,,,,,JAI BALAJI INDUSTRIES LTD,71.00,72.50,66.30,69.71,69.98,69.73,,69.71,,,2563416,180273942.15,8571,F1,1,,,,,
2026-09-07,2026-09-07,CM,NSE,STK,5143,INE070D01027,JAICORPLTD,EQ,,,,,JAI CORP LIMITED,99.55,100.30,98.10,98.56,98.10,99.52,,98.55,,,245829,24358439.37,3328,F1,1,,,,,
2026-09-07,2026-09-07,CM,NSE,STK,25684,IN9175A01010,JISLDVREQS,EQ,,,,,JAIN DVR EQUITY SHARES,22.29,22.40,21.32,21.99,21.98,21.93,,22.04,,,84004,1852016.05,296,F1,1,,,,,
2026-09-07,2026-09-07,CM,NSE,STK,10397,INE175A01038,JISLJALEQS,EQ,,,,,JAIN IRRIGATION SYSTEMS,31.35,32.94,30.61,32.51,32.40,30.87,,32.51,,,17973234,577704136.81,42924,F1,1,,,,,
2026-09-07,2026-09-07,CM,NSE,STK,759244,INE0YD401026,JAINREC,EQ,,,,,JAIN RESOURCE RECYCLING L,277.90,290.60,277.90,281.35,282.90,277.95,,281.35,,,1350135,384493430.30,26580,F1,1,,,,,
2026-09-07,2026-09-07,CM,NSE,STK,6012,INE02KC01010,JAINAM,SM,,,,,JAINAM FER ALLOYS (I) LTD,213.65,213.65,213.65,213.65,213.65,203.50,,213.65,,,500,106825.00,1,F1,500,,,,,
2026-09-07,2026-09-07,CM,NSE,STK,758303,INE0XIL01012,JAINIK,SM,,,,,JAINIK POWER CABLES LTD,212.00,212.00,210.00,211.00,210.00,209.20,,211.00,,,4800,1015200.00,4,F1,1200,,,,,
2026-09-07,2026-09-07,CM,NSE,STK,11763,INE351F01018,JPPOWER,EQ,,,,,JAIPRAKASH POWER VEN. LTD,16.29,17.14,16.09,16.79,16.75,16.29,,16.79,,,91476432,1529143559.13,71867,F1,1,,,,,
2026-09-07,2026-09-07,CM,NSE,STK,20930,INE349X01015,JALAN,ST,,,,,JALAN TRANSOLU. INDIA LTD,1.80,1.80,1.80,1.80,1.80,1.80,,1.80,,,3000,5400.00,1,F1,3000,,,,,
2026-09-07,2026-09-07,CM,NSE,STK,20778,INE039C01032,JAMNAAUTO,EQ,,,,,JAMNA AUTO IND LTD,120.17,127.00,120.17,126.61,126.99,120.69,,126.61,,,3705464,464021078.14,29853,F1,1,,,,,
2026-09-07,2026-09-07,CM,NSE,STK,22663,INE953L01027,JSFB,EQ,,,,,JANA SMALL FIN BANK LTD,533.40,540.05,528.50,538.50,539.80,535.10,,538.47,,,358223,191811635.45,14370,F1,1,,,,,
2026-09-07,2026-09-07,CM,NSE,STK,759951,INE00YJ01010,JARO,EQ,,,,,JARO INS OF TEC MG N RE L,445.10,447.40,441.00,443.40,442.00,445.65,,443.41,,,102854,45791681.65,1995,F1,1,,,,,
2026-09-07,2026-09-07,CM,NSE,STK,13982,INE039O01029,JASH,EQ,,,,,JASH ENGINEERING LIMITED,498.00,514.00,490.00,511.15,513.00,478.50,,511.20,,,484422,243938433.20,18849,F1,1,,,,,
2026-09-07,2026-09-07,CM,NSE,STK,25037,INE0SMY01017,JAYBEE,SM,,,,,JAY BEE LAMINATIONS LTD,86.00,86.00,81.00,81.70,81.70,84.35,,81.70,,,40500,3335200.00,71,F1,500,,,,,
2026-09-07,2026-09-07,CM,NSE,STK,1708,INE571B01036,JAYBARMARU,EQ,,,,,JAY BHARAT MARUTI LTD,122.50,123.97,118.61,120.19,120.44,122.29,,120.22,,,261651,31570601.74,3216,F1,1,,,,,
2026-09-07,2026-09-07,CM,NSE,STK,10889,INE0J6801010,KORE,SM,,,,,JAY JALARAM TECHNO LTD,136.15,136.15,136.15,136.15,136.15,123.80,,136.15,,,16500,2246475.00,34,F1,250,,,,,
2026-09-07,2026-09-07,CM,NSE,STK,4041,INE785A01026,JAYAGROGN,EQ,,,,,JAYANT AGRO ORGANICS LTD,230.60,234.00,227.00,228.33,231.00,230.60,,228.33,,,11160,2557937.88,183,F1,1,,,,,
2026-09-07,2026-09-07,CM,NSE,STK,2331,INE854B01010,JAYNECOIND,EQ,,,,,JAYASWAL NECO INDUSTR LTD,90.62,93.07,89.03,89.67,89.58,89.04,,89.68,,,8499629,772740128.08,36025,F1,1,,,,,
2026-09-07,2026-09-07,CM,NSE,STK,759159,INE1AE401014,JAYESH,SM,,,,,JAYESH LOGISTICS LIMITED,139.00,139.90,134.40,139.90,139.90,134.40,,139.90,,,8000,1085900.00,4,F1,1000,,,,,
2026-09-07,2026-09-07,CM,NSE,STK,760073,INE903A01025,JAYKAY,EQ,,,,,JAYKAY ENTERPRISES LTD,154.20,160.78,151.51,158.73,159.10,153.69,,158.73,,,587254,91745595.06,11103,F1,1,,,,,
2026-09-07,2026-09-07,CM,NSE,STK,765563,INE903A20025,JAYKAY-RE1,BE,,,,,JAYKAY ENTERPRISES LTD,70.05,80.00,70.00,76.05,77.40,78.69,,75.80,,,252501,18500329.39,2184,F1,1,,,,,
2026-09-07,2026-09-07,CM,NSE,STK,1720,INE364A01020,JAYSREETEA,EQ,,,,,JAYSHREE TEA & INDUSTRIES,100.54,103.00,98.10,98.61,98.11,98.95,,98.55,,,55012,5509788.45,955,F1,1,,,,,
2026-09-07,2026-09-07,CM,NSE,STK,11655,INE927D01051,JBMA,EQ,,,,,JBM AUTO LIMITED,622.80,625.50,610.90,613.60,614.00,625.60,,613.61,,,203154,125231759.90,8413,F1,1,,,,,
2026-09-07,2026-09-07,CM,NSE,STK,758115,INE0J5801029,JSLL,EQ,,,,,JEENA SIKHO LIFECARE LTD,518.65,531.05,513.70,516.75,518.80,516.30,,516.75,,,604190,315063871.75,21113,F1,1,,,,,
2026-09-07,2026-09-07,CM,NSE,STK,764728,INE354A01013,JENBURPH,EQ,,,,,JENBURKT PHARMACEUTICAL L,1022.20,1057.00,1022.20,1043.00,1040.80,1038.80,,1042.89,,,575,600162.70,73,F1,1,,,,,
2026-09-07,2026-09-07,CM,NSE,STK,7211,INE982V01025,JETFREIGHT,EQ,,,,,JET FREIGHT LOGISTICS LTD,21.28,21.56,20.00,20.31,20.50,21.18,,20.31,,,185078,3837367.53,1433,F1,1,,,,,
2026-09-07,2026-09-07,CM,NSE,STK,25150,INE0RXB01022,JEYYAM,ST,,,,,JEYYAM GLOBAL FOODS LTD,22.10,22.10,21.70,22.10,22.10,22.15,,22.10,,,12000,263800.00,6,F1,2000,,,,,
2026-09-07,2026-09-07,CM,NSE,STK,10885,INE0LA901015,JFLLIFE,SM,,,,,JFL LIFE SCIENCES LIMITED,10.05,10.05,9.65,9.65,9.65,9.85,,9.65,,,18000,178500.00,3,F1,6000,,,,,
2026-09-07,2026-09-07,CM,NSE,STK,13720,INE544H01014,JHS,EQ,,,,,JHS SVEND. LAB. LTD,7.89,8.15,7.85,7.99,8.10,7.89,,7.99,,,22920,183619.86,151,F1,1,,,,,
2026-09-07,2026-09-07,CM,NSE,STK,24145,INE03DD01011,RETAIL,EQ,,,,,JHS SVENDGAARD RETAIL V L,17.00,17.00,16.50,16.59,16.55,17.24,,16.59,,,2827,46912.35,62,F1,1,,,,,
2026-09-07,2026-09-07,CM,NSE,STK,31507,INE147P01019,JPOLYINVST,EQ,,,,,JIND POL INV & FIN CO LTD,997.45,1019.90,993.10,1006.80,1007.00,997.45,,1006.84,,,4998,5017993.95,620,F1,1,,,,,
2026-09-07,2026-09-07,CM,NSE,STK,13875,INE742C01031,JINDRILL,EQ,,,,,JINDAL DRILLING IND. LTD,666.95,686.90,653.70,664.15,666.00,663.05,,664.15,,,722088,487169829.85,27253,F1,1,,,,,
2026-09-07,2026-09-07,CM,NSE,STK,11743,INE796G01012,JINDALPHOT,EQ,,,,,JINDAL PHOTO LIMITED,1021.20,1028.80,1007.20,1010.80,1007.20,1021.20,,1010.80,,,1748,1773378.90,230,F1,1,,,,,
2026-09-07,2026-09-07,CM,NSE,STK,1756,INE197D01010,JINDALPOLY,EQ,,,,,JINDAL POLY FILMS LIMITED,672.35,719.50,672.35,699.10,698.00,672.35,,699.00,,,38473,26982473.75,2874,F1,1,,,,,
2026-09-07,2026-09-07,CM,NSE,STK,3024,INE324A01032,JINDALSAW,EQ,,,,,JINDAL SAW LIMITED,311.00,312.60,305.55,309.55,308.10,305.30,,309.53,,,2210468,684135132.25,28927,F1,1,,,,,
2026-09-07,2026-09-07,CM,NSE,STK,11236,INE220G01021,JSL,EQ,,,,,JINDAL STAINLESS LIMITED,737.95,741.00,728.00,736.80,735.00,737.85,,736.80,,,536059,394490158.55,23813,F1,1,,,,,
2026-09-07,2026-09-07,CM,NSE,STK,6733,INE749A01030,JINDALSTEL,EQ,,,,,JINDAL STEEL LIMITED,1164.50,1168.00,1130.00,1147.90,1147.90,1165.00,,1147.88,,,752810,859142408.20,33377,F1,1,,,,,
2026-09-07,2026-09-07,CM,NSE,STK,20642,INE247D01039,JINDWORLD,EQ,,,,,JINDAL WORLDWIDE LTD,59.15,61.99,52.02,58.52,58.50,57.51,,58.52,,,95411627,5478835819.88,231137,F1,1,,,,,
2026-09-07,2026-09-07,CM,NSE,STK,759205,INE1FF001016,JKIPL,EQ,,,,,JINKUSHAL INDUSTRIES LTD,104.98,104.98,98.05,98.56,98.05,100.56,,98.56,,,5563,555159.75,252,F1,1,,,,,
2026-09-07,2026-09-07,CM,NSE,STK,18143,INE758E01017,JIOFIN,EQ,,,,,JIO FIN SERVICES LTD,239.00,239.30,234.40,234.40,234.40,239.50,,234.41,,,10127575,2387168478.55,69660,F1,1,,,,,
2026-09-07,2026-09-07,CM,NSE,STK,765307,INF22M001184,NIFTYJBLK,EQ,,,,,JIOBLACKROCKAMC-NIFTYJBLK,12.59,13.05,12.03,12.31,12.32,12.29,,12.30,,,221203,2709549.54,937,F1,1,,,,,
2026-09-07,2026-09-07,CM,NSE,STK,19691,INE863T01013,JITFINFRA,EQ,,,,,JITF INFRALOGISTICS LTD,307.00,307.80,296.10,301.00,300.15,304.50,,301.01,,,22805,6868572.55,708,F1,1,,,,,
2026-09-07,2026-09-07,CM,NSE,STK,18558,INE0N5H01017,JIWANRAM,SM,,,,,JIWANRAM SHEODUTTRA IND L,4.40,4.40,4.25,4.25,4.25,4.30,,4.25,,,132000,575400.00,20,F1,6000,,,,,
2026-09-07,2026-09-07,CM,NSE,STK,13270,INE823G01014,JKCEMENT,EQ,,,,,JK CEMENT LIMITED,5083.50,5106.50,5021.00,5047.00,5049.50,5083.50,,5046.83,,,37329,188878841.50,15633,F1,1,,,,,
2026-09-07,2026-09-07,CM,NSE,STK,13491,INE786A01032,JKLAKSHMI,EQ,,,,,JK LAKSHMI CEMENT LTD,516.10,518.95,505.90,507.15,507.10,515.70,,507.17,,,162822,83048459.85,6388,F1,1,,,,,
2026-09-07,2026-09-07,CM,NSE,STK,11860,INE789E01012,JKPAPER,EQ,,,,,JK PAPER LIMITED,410.15,429.70,409.00,420.05,419.50,405.80,,420.05,,,2617975,1105334400.05,52007,F1,1,,,,,
2026-09-07,2026-09-07,CM,NSE,STK,14435,INE573A01042,JKTYRE,EQ,,,,,JK TYRE & INDUSTRIES LTD,368.45,369.90,366.55,368.45,368.00,367.35,,368.45,,,241365,88865601.65,7683,F1,1,,,,,
2026-09-07,2026-09-07,CM,NSE,STK,15266,INE576I01022,JKIL,EQ,,,,,JKUMAR INFR.LTD.,487.05,492.80,484.35,491.30,491.80,487.35,,491.31,,,43503,21305020.05,2862,F1,1,,,,,
2026-09-07,2026-09-07,CM,NSE,STK,13637,INE780C01023,JMFINANCIL,EQ,,,,,JM FINANCIAL LIMITED,132.77,132.85,129.00,130.28,130.24,132.06,,130.28,,,3350488,436397931.64,29434,F1,1,,,,,
2026-09-07,2026-09-07,CM,NSE,STK,23621,INE0OAF01028,JNKINDIA,EQ,,,,,JNK INDIA LIMITED,448.95,450.00,428.85,435.35,433.00,445.05,,435.37,,,69670,30559137.85,3042,F1,1,,,,,
2026-09-07,2026-09-07,CM,NSE,STK,16927,INE839G01010,JOCIL,EQ,,,,,JOCIL LIMITED,150.40,167.40,147.51,159.32,159.00,154.30,,159.32,,,54555,8681166.61,895,F1,1,,,,,
2026-09-07,2026-09-07,CM,NSE,STK,762623,INE515A01019,COCKERILL,EQ,,,,,JOHN COCKERILL INDIA LTD.,8193.00,8244.50,7908.00,8065.50,7990.00,8193.50,,8066.86,,,7820,63463280.00,1703,F1,1,,,,,
2026-09-07,2026-09-07,CM,NSE,STK,758460,INE718I01012,JSWCEMENT,EQ,,,,,JSW CEMENT LIMITED,123.60,125.00,121.16,121.81,121.44,124.07,,121.81,,,1140728,139718634.03,31320,F1,1,,,,,
2026-09-07,2026-09-07,CM,NSE,STK,1467,INE133A01011,JSWDULUX,EQ,,,,,JSW DULUX LIMITED,3182.00,3238.50,3161.00,3186.80,3185.00,3174.50,,3186.79,,,31552,100676193.20,5902,F1,1,,,,,
2026-09-07,2026-09-07,CM,NSE,STK,17869,INE121E01018,JSWENERGY,EQ,,,,,JSW ENERGY LIMITED,539.90,541.25,528.00,530.00,530.00,539.85,,530.00,,,2738335,1460591605.40,34633,F1,1,,,,,
2026-09-07,2026-09-07,CM,NSE,STK,11880,INE824G01012,JSWHL,EQ,,,,,JSW HOLDINGS LIMITED,11549.00,11549.00,11312.00,11372.00,11376.00,11472.00,,11370.00,,,1253,14250717.00,584,F1,1,,,,,
2026-09-07,2026-09-07,CM,NSE,STK,19020,INE880J01026,JSWINFRA,EQ,,,,,JSW INFRASTRUCTURE LTD,333.40,338.65,330.00,330.85,330.05,333.00,,330.85,,,2486873,831669097.30,48697,F1,1,,,,,
2026-09-07,2026-09-07,CM,NSE,STK,11723,INE019A01038,JSWSTEEL,EQ,,,,,JSW STEEL LIMITED,1334.30,1335.00,1301.00,1302.00,1302.00,1325.00,,1302.06,,,1276231,1676207867.00,33678,F1,1,,,,,
2026-09-07,2026-09-07,CM,NSE,STK,3237,INE643A01035,JTEKTINDIA,EQ,,,,,JTEKT INDIA LIMITED,121.46,122.00,119.55,121.30,122.00,121.27,,121.21,,,159794,19256744.12,1603,F1,1,,,,,
2026-09-07,2026-09-07,CM,NSE,STK,7287,INE391J01032,JTLIND,EQ,,,,,JTL INDUSTRIES LIMITED,92.42,92.42,88.00,89.51,88.94,91.67,,89.50,,,2749009,245365997.62,18830,F1,1,,,,,
2026-09-07,2026-09-07,CM,NSE,STK,29590,INE03CC01015,JUBLCPL,EQ,,,,,JUBILANT AGRI N CON PRO L,2222.60,2273.90,2191.10,2206.60,2210.00,2222.60,,2206.84,,,8080,17973789.90,1258,F1,1,,,,,
2026-09-07,2026-09-07,CM,NSE,STK,18096,INE797F01020,JUBLFOOD,EQ,,,,,JUBILANT FOODWORKS LTD,482.00,484.20,472.10,475.40,475.40,482.70,,475.40,,,391181,186877302.35,10088,F1,1,,,,,
2026-09-07,2026-09-07,CM,NSE,STK,2783,INE0BY001018,JUBLINGREA,EQ,,,,,JUBILANT INGREVIA LIMITED,680.70,684.95,669.15,675.35,677.60,680.30,,675.35,,,107000,72383329.70,7084,F1,1,,,,,
2026-09-07,2026-09-07,CM,NSE,STK,3637,INE700A01033,JUBLPHARMA,EQ,,,,,JUBILANT PHARMOVA LTD,928.00,954.20,918.00,950.30,950.45,924.50,,950.43,,,317471,298172751.90,21011,F1,1,,,,,
2026-09-07,2026-09-07,CM,NSE,STK,7109,INE412C01023,JMA,EQ,,,,,JULLUNDUR MOT AGENCY LTD,92.15,92.19,90.00,90.04,90.00,90.58,,90.04,,,5812,526793.67,103,F1,1,,,,,
2026-09-07,2026-09-07,CM,NSE,STK,764408,INE05C901015,JNPR,EQ,,,,,JUNIPER GREEN ENERGY LTD,264.00,268.40,258.00,260.65,262.00,265.10,,260.65,,,277307,72747496.40,8126,F1,1,,,,,
2026-09-07,2026-09-07,CM,NSE,STK,22824,INE696F01016,JUNIPER,EQ,,,,,JUNIPER HOTELS LIMITED,216.80,217.95,214.50,215.33,215.00,216.82,,215.32,,,64582,13919893.86,2234,F1,1,,,,,
2026-09-07,2026-09-07,CM,NSE,STK,18553,INE682M01020,JLHL,EQ,,,,,JUPITER LIFE LINE HOSP L,284.00,289.90,283.25,285.40,288.00,286.45,,285.40,,,50788,14489129.95,3528,F1,1,,,,,
2026-09-07,2026-09-07,CM,NSE,STK,20224,INE209L01016,JWL,EQ,,,,,JUPITER WAGONS LIMITED,243.24,248.40,243.24,244.99,245.00,243.24,,244.97,,,625971,153604762.58,15757,F1,1,,,,,
2026-09-07,2026-09-07,CM,NSE,STK,29962,INE599M01018,JUSTDIAL,EQ,,,,,JUSTDIAL LTD.,699.80,701.35,685.10,698.75,699.70,692.85,,698.72,,,132821,92324234.60,5852,F1,1,,,,,
2026-09-07,2026-09-07,CM,NSE,STK,15146,INE668F01031,JYOTHYLAB,EQ,,,,,JYOTHY LABS LIMITED,203.00,203.00,194.20,195.10,194.88,201.54,,195.12,,,906846,178803838.39,19037,F1,1,,,,,
2026-09-07,2026-09-07,CM,NSE,STK,21334,INE980O01024,JYOTICNC,EQ,,,,,JYOTI CNC AUTOMATION LTD,1002.50,1024.85,998.05,1020.65,1020.20,1003.90,,1019.98,,,927422,939520925.60,37953,F1,1,,,,,
2026-09-07,2026-09-07,CM,NSE,STK,758221,INE1M3T01017,JYOTIGLOBL,SM,,,,,JYOTI GLOBAL PLAST LTD,40.30,42.30,40.30,42.30,42.30,40.30,,42.30,,,28000,1170100.00,13,F1,2000,,,,,
2026-09-07,2026-09-07,CM,NSE,STK,764733,INE577D01013,JYOTIRES,EQ,,,,,JYOTI RESINS & ADHESIVE L,855.25,875.90,852.30,868.75,872.00,868.10,,870.08,,,5575,4828522.65,559,F1,1,,,,,
2026-09-07,2026-09-07,CM,NSE,STK,1802,INE197A01024,JYOTISTRUC,EQ,,,,,JYOTI STRUCTURES LTD,10.05,10.30,9.82,10.16,10.15,10.02,,10.16,,,6554240,66184470.55,5030,F1,1,,,,,
2026-09-07,2026-09-07,CM,NSE,STK,764743,INE533C01018,KJMCFIN,EQ,,,,,K J M C FINANCIAL SERV L,63.14,65.88,60.23,61.84,61.82,63.14,,61.95,,,5578,346812.52,113,F1,1,,,,,
2026-09-07,2026-09-07,CM,NSE,STK,764748,INE879K01018,KMCSHIL,EQ,,,,,K M C SPECIALITY HOSP I L,140.37,140.40,135.00,135.73,135.80,138.24,,135.72,,,70725,9650923.67,1729,F1,1,,,,,
2026-09-07,2026-09-07,CM,NSE,STK,14667,INE157H01023,KMSUGAR,EQ,,,,,K M SUGAR MILLS LTD,30.65,31.99,30.60,30.71,30.77,30.68,,30.71,,,350469,10908182.16,2423,F1,1,,,,,
2026-09-07,2026-09-07,CM,NSE,STK,27079,INE127T01021,KPEL,EQ,,,,,K.P. ENERGY LIMITED,247.00,254.85,240.77,241.85,241.48,247.32,,241.83,,,303324,74440760.63,7335,F1,1,,,,,
2026-09-07,2026-09-07,CM,NSE,STK,23462,INE0DEZ01013,K2INFRA,ST,,,,,K2 INFRAGEN LIMITED,48.00,50.20,47.40,47.40,47.40,48.80,,47.40,,,17400,844410.00,28,F1,600,,,,,
2026-09-07,2026-09-07,CM,NSE,STK,1805,INE900B01029,KABRAEXTRU,EQ,,,,,KABRA EXTRUSION TECHNIK L,587.00,642.00,587.00,634.50,639.00,579.15,,634.48,,,759426,478355559.10,26286,F1,1,,,,,
2026-09-07,2026-09-07,CM,NSE,STK,1808,INE217B01036,KAJARIACER,EQ,,,,,KAJARIA CERAMICS LTD,1235.00,1239.60,1215.00,1220.50,1219.00,1239.60,,1220.48,,,124971,153325370.20,9128,F1,1,,,,,
2026-09-07,2026-09-07,CM,NSE,STK,1811,INE437B01014,KAKATCEM,EQ,,,,,KAKATIYA CEM SUGAR &IND L,108.10,113.00,108.10,109.14,108.70,109.60,,109.16,,,3671,405871.81,112,F1,1,,,,,
2026-09-07,2026-09-07,CM,NSE,STK,25443,INE0T0L01014,KALANA,SM,,,,,KALANA ISPAT LIMITED,18.80,19.60,18.80,19.60,19.60,18.80,,19.60,,,16000,311600.00,8,F1,2000,,,,,
2026-09-07,2026-09-07,CM,NSE,STK,758558,INE227J01012,KALPATARU,EQ,,,,,KALPATARU LIMITED,273.10,277.65,273.10,275.90,274.00,277.65,,275.80,,,10479,2883304.75,525,F1,1,,,,,
2026-09-07,2026-09-07,CM,NSE,STK,1814,INE220B01022,KPIL,EQ,,,,,KALPATARU PROJECT INT LTD,1406.60,1427.90,1400.10,1424.40,1420.00,1406.60,,1424.36,,,96907,137289744.00,15872,F1,1,,,,,
2026-09-07,2026-09-07,CM,NSE,STK,2955,INE303R01014,KALYANKJIL,EQ,,,,,KALYAN JEWELLERS IND LTD,600.00,602.75,590.00,591.00,591.00,598.80,,590.99,,,3808474,2267420814.00,46319,F1,1,,,,,
2026-09-07,2026-09-07,CM,NSE,STK,15160,INE314G01014,KALYANIFRG,BE,,,,,KALYANI FORGE LIMITED,1087.10,1087.10,1027.00,1027.00,1027.00,1081.05,,1026.99,,,3993,4143555.25,359,F1,1,,,,,
2026-09-07,2026-09-07,CM,NSE,STK,21119,INE029L01018,KICL,EQ,,,,,KALYANI INVEST CO LTD,5173.00,5246.00,5150.00,5196.00,5180.00,5203.00,,5196.00,,,419,2177235.00,136,F1,1,,,,,
2026-09-07,2026-09-07,CM,NSE,STK,18889,INE907A01026,KSL,EQ,,,,,KALYANI STEELS LIMITED,941.60,959.70,936.10,941.45,940.00,940.50,,941.39,,,72294,68428901.00,5192,F1,1,,,,,
2026-09-07,2026-09-07,CM,NSE,STK,762732,INE411F01010,KAMAHOLD,EQ,,,,,KAMA HOLDINGS LTD.,2368.00,2368.00,2321.00,2331.10,2325.10,2348.20,,2331.07,,,3887,9072026.00,516,F1,1,,,,,
2026-09-07,2026-09-07,CM,NSE,STK,764738,INE344D01018,KAMANWALA,EQ,,,,,KAMANWALA HOUSING CONST L,16.59,16.99,16.50,16.53,16.50,16.59,,16.52,,,620,10243.94,18,F1,1,,,,,
2026-09-07,2026-09-07,CM,NSE,STK,1826,INE967C01018,KAMATHOTEL,EQ,,,,,KAMAT HOTELS (I) LTD,224.13,229.00,221.13,228.19,227.00,225.51,,228.18,,,50009,11260117.73,1259,F1,1,,,,,
2026-09-07,2026-09-07,CM,NSE,STK,13461,INE390H01020,KAMDHENU,BE,,,,,KAMDHENU LIMITED,39.63,40.20,39.15,39.88,39.90,39.24,,39.88,,,817834,32464531.73,3541,F1,1,,,,,
2026-09-07,2026-09-07,CM,NSE,STK,13814,INE0BTI01037,KAMOPAINTS,EQ,,,,,KAMDHENU VENTURES LIMITED,4.53,4.59,4.31,4.40,4.41,4.53,,4.40,,,336415,1487447.19,891,F1,1,,,,,
2026-09-07,2026-09-07,CM,NSE,STK,25786,INE879E01037,KANANIIND,EQ,,,,,KANANI INDUSTRIES LTD,1.54,1.55,1.50,1.52,1.51,1.52,,1.51,,,70990,107697.63,240,F1,1,,,,,
2026-09-07,2026-09-07,CM,NSE,STK,762737,INE081G01019,KANCHI,EQ,,,,,KANCHI KARPOORAM LTD.,409.70,409.70,398.00,403.05,404.75,409.70,,403.05,,,1467,589584.15,102,F1,1,,,,,
2026-09-07,2026-09-07,CM,NSE,STK,765090,INE398L01017,KANCOTEA,EQ,,,,,KANCO TEA & INDS. LTD.,54.85,58.70,52.45,56.40,56.40,54.85,,55.72,,,185,10508.72,9,F1,1,,,,,
2026-09-07,2026-09-07,CM,NSE,STK,11208,INE0MOT01016,KANDARP,SM,,,,,KANDARP DG SMART BPO LTD,98.50,98.50,98.50,98.50,98.50,97.00,,98.50,,,1000,98500.00,1,F1,1000,,,,,
2026-09-07,2026-09-07,CM,NSE,STK,9805,INE138C01024,KANORICHEM,BE,,,,,KANORIACHEMICALS-,153.05,157.50,153.05,155.41,155.10,155.56,,156.20,,,11807,1835939.31,221,F1,1,,,,,
2026-09-07,2026-09-07,CM,NSE,STK,1782,INE694E01014,KANPRPLA,EQ,,,,,KANPUR PLASTIPACK LIMITED,253.00,254.85,238.10,240.10,245.00,250.20,,239.89,,,28881,7027107.10,1696,F1,1,,,,,
2026-09-07,2026-09-07,CM,NSE,STK,1196,INE531A01024,KANSAINER,EQ,,,,,KANSAI NEROLAC PAINTS LTD,193.85,196.90,193.25,194.28,193.25,194.20,,194.29,,,142743,27893079.74,6060,F1,1,,,,,
2026-09-07,2026-09-07,CM,NSE,STK,18967,INE542Z01028,KAPSTON,EQ,,,,,KAPSTON SERVICES LIMITED,584.05,586.45,560.30,566.50,570.00,584.05,,566.50,,,81363,46239830.70,3401,F1,1,,,,,
2026-09-07,2026-09-07,CM,NSE,STK,24385,INE725L01011,KARMAENG,EQ,,,,,KARMA ENERGY LIMITED,37.45,38.24,37.20,37.30,37.20,37.45,,36.99,,,1761,65902.28,51,F1,1,,,,,
2026-09-07,2026-09-07,CM,NSE,STK,8054,INE614B01018,KTKBANK,EQ,,,,,KARNATAKA BANK LIMITED,339.60,340.00,332.60,333.60,333.30,340.10,,333.60,,,1114008,372969466.30,16581,F1,1,,,,,
2026-09-07,2026-09-07,CM,NSE,STK,19465,INE0MGA01012,KARNIKA,SM,,,,,KARNIKA INDUSTRIES LTD,117.55,120.50,117.35,120.10,120.00,118.30,,120.10,,,40000,4771150.00,25,F1,1000,,,,,
2026-09-07,2026-09-07,CM,NSE,STK,1838,INE036D01028,KARURVYSYA,EQ,,,,,KARUR VYSYA BANK LTD,348.00,351.20,341.00,341.70,341.50,348.85,,341.70,,,1235358,426085906.85,30389,F1,1,,,,,
2026-09-07,2026-09-07,CM,NSE,STK,24528,INE0SVY01018,KATARIA,SM,,,,,KATARIA INDUSTRIES LTD,113.00,128.90,113.00,128.90,128.90,107.45,,128.90,,,132000,16837860.00,112,F1,600,,,,,
2026-09-07,2026-09-07,CM,NSE,STK,15140,INE234I01028,KAUSHALYA,BE,,,,,KAUSHALYA INFRA DEV LTD.,886.00,886.00,850.50,874.90,874.90,850.00,,881.45,,,50,43021.60,21,F1,1,,,,,
2026-09-07,2026-09-07,CM,NSE,STK,21186,INE0Q2V01012,KLL,SM,,,,,KAUSHALYA LOGISTICS LTD,25.00,26.80,24.50,24.80,24.50,25.00,,24.80,,,64000,1632760.00,45,F1,800,,,,,
2026-09-07,2026-09-07,CM,NSE,STK,14972,INE455I01029,KSCL,EQ,,,,,KAVERI SEED CO. LTD.,744.10,749.85,729.00,732.30,729.00,744.10,,732.34,,,41739,30757482.35,3484,F1,1,,,,,
2026-09-07,2026-09-07,CM,NSE,STK,15244,INE641C01019,KAVDEFENCE,EQ,,,,,KAVVERI DFS & WIR TEC LTD,70.05,72.97,65.61,66.51,65.80,67.14,,66.51,,,1750897,119864004.09,17196,F1,1,,,,,
2026-09-07,2026-09-07,CM,NSE,STK,21173,INE0RCG01017,KCEIL,SM,,,,,KAY CEE ENERGY & INFRA L,79.50,80.40,78.00,78.35,78.25,79.10,,78.35,,,14500,1137250.00,28,F1,500,,,,,
2026-09-07,2026-09-07,CM,NSE,STK,10282,INE587G01015,KAYA,BE,,,,,KAYA LIMITED,359.00,362.35,349.00,362.30,362.20,345.10,,362.30,,,20277,7339359.00,384,F1,1,,,,,
2026-09-07,2026-09-07,CM,NSE,STK,12092,INE918Z01012,KAYNES,EQ,,,,,KAYNES TECHNOLOGY IND LTD,3588.80,3734.80,3571.10,3604.00,3604.00,3598.00,,3603.88,,,1148533,4200187964.60,78895,F1,1,,,,,
2026-09-07,2026-09-07,CM,NSE,STK,758868,INE13ZD01013,KAYTEX,SM,,,,,KAYTEX FABRICS LIMITED,58.00,58.00,55.50,57.80,57.80,56.50,,57.80,,,4000,229040.00,5,F1,800,,,,,
2026-09-07,2026-09-07,CM,NSE,STK,10296,INE0J1E01027,KCK,ST,,,,,KCK INDUSTRIES LTD,14.70,15.30,14.60,15.20,15.30,15.35,,15.20,,,100000,1489125.00,19,F1,2500,,,,,
2026-09-07,2026-09-07,CM,NSE,STK,1841,INE805C01028,KCP,EQ,,,,,KCP LTD,163.30,164.81,160.54,163.30,164.50,162.38,,163.30,,,168236,27391540.54,2875,F1,1,,,,,
2026-09-07,2026-09-07,CM,NSE,STK,8849,INE790B01024,KCPSUGIND,BE,,,,,KCPSUGARINDUS,31.43,32.90,31.31,31.88,31.82,32.07,,31.88,,,133957,4261608.30,462,F1,1,,,,,
2026-09-07,2026-09-07,CM,NSE,STK,765105,INE348N01042,KDGREEN,EQ,,,,,KD GREEN INDUSTRIES LTD,50.19,53.00,48.05,48.57,48.05,50.44,,48.58,,,415996,20543848.78,2495,F1,1,,,,,
2026-09-07,2026-09-07,CM,NSE,STK,14908,INE291D01011,KDDL,EQ,,,,,KDDL LIMITED,3900.00,4025.00,3900.00,3991.90,3978.00,3911.00,,3992.27,,,46216,184571900.30,8445,F1,1,,,,,
2026-09-07,2026-09-07,CM,NSE,STK,13260,INE389H01022,KEC,EQ,,,,,KEC INTL. LIMITED,408.55,409.80,399.55,401.65,401.90,408.55,,401.65,,,720450,290229216.75,24707,F1,1,,,,,
2026-09-07,2026-09-07,CM,NSE,STK,13310,INE878B01027,KEI,EQ,,,,,KEI INDUSTRIES LTD.,4850.00,4871.00,4678.00,4704.00,4704.00,4850.00,,4701.55,,,1220350,5765877217.50,109374,F1,1,,,,,
2026-09-07,2026-09-07,CM,NSE,STK,13430,INE164B01030,KELLTONTEC,EQ,,,,,KELLTON TECH SOL LTD,13.95,14.00,13.51,13.62,13.69,13.87,,13.62,,,2692298,36819709.08,4846,F1,1,,,,,
2026-09-07,2026-09-07,CM,NSE,STK,29547,INE15DO01012,KEN,SM,,,,,KEN ENTERPRISES LIMITED,39.00,39.95,38.15,38.15,38.15,39.00,,38.15,,,7200,280440.00,6,F1,1200,,,,,
2026-09-07,2026-09-07,CM,NSE,STK,11841,INE717A01029,KENNAMET,EQ,,,,,KENNAMETAL INDIA LIMITED,4717.00,4799.80,4654.00,4693.00,4671.00,4688.50,,4693.20,,,32325,153042923.10,6800,F1,1,,,,,
2026-09-07,2026-09-07,CM,NSE,STK,13121,INE202H01019,KERNEX,EQ,,,,,KERNEX MICROSYS(I) LTD,1830.00,1864.00,1750.00,1769.30,1777.90,1817.00,,1769.33,,,280918,504614204.20,21566,F1,1,,,,,
2026-09-07,2026-09-07,CM,NSE,STK,4981,INE087A01019,KESORAMIND,BE,,,,,KESORAM INDUSTRIES LTD,11.11,11.11,11.11,11.11,11.11,10.90,,11.04,,,293437,3260085.07,212,F1,1,,,,,
2026-09-07,2026-09-07,CM,NSE,STK,13381,INE401H01017,KKCL,EQ,,,,,KEWAL KIRAN CLOTHING LTD,519.85,522.80,502.00,504.50,507.50,514.30,,504.53,,,17767,9091722.95,1820,F1,1,,,,,
2026-09-07,2026-09-07,CM,NSE,STK,4157,INE681C01015,KEYFINSERV,EQ,,,,,KEYNOTE FIN SERV LTD.,252.90,252.90,244.20,248.60,246.00,245.05,,248.60,,,629,155927.05,68,F1,1,,,,,
2026-09-07,2026-09-07,CM,NSE,STK,12219,INE263M01029,RUSTOMJEE,EQ,,,,,KEYSTONE REALTORS LIMITED,377.00,377.00,366.00,366.90,367.00,373.95,,366.91,,,24787,9171233.70,1031,F1,1,,,,,
2026-09-07,2026-09-07,CM,NSE,STK,13359,INE138Y01010,KFINTECH,EQ,,,,,KFIN TECHNOLOGIES LIMITED,928.80,932.80,918.05,922.50,922.50,928.90,,922.68,,,301718,279297473.00,12380,F1,1,,,,,
2026-09-07,2026-09-07,CM,NSE,STK,433,INE834I01025,KHADIM,BE,,,,,KHADIM INDIA LIMITED,117.00,117.00,116.00,116.00,116.00,117.30,,116.45,,,49507,5766378.00,79,F1,1,,,,,
2026-09-07,2026-09-07,CM,NSE,STK,3912,INE731C01018,KHAITANLTD,EQ,,,,,KHAITAN (INDIA)LTD.,163.00,164.00,150.51,162.35,163.80,162.00,,162.34,,,6696,1041923.16,182,F1,1,,,,,
2026-09-07,2026-09-07,CM,NSE,STK,896,INE745B01028,KHAICHEM,EQ,,,,,KHAITAN CHEM & FERT LTD,54.97,55.00,53.10,53.60,53.55,54.86,,53.60,,,106909,5763850.15,1390,F1,1,,,,,
2026-09-07,2026-09-07,CM,NSE,STK,9641,INE060B01014,KHANDSE,EQ,,,,,KHANDWALA SECURITIES LTD,18.48,18.58,16.96,17.61,17.76,18.38,,17.59,,,3101,54597.38,117,F1,1,,,,,
2026-09-07,2026-09-07,CM,NSE,STK,9570,INE00UG01014,KHFM,SM,,,,,KHFM HOS FAC MANA SER LTD,46.90,46.90,46.90,46.90,46.90,44.95,,46.90,,,1550,72695.00,1,F1,1550,,,,,
2026-09-07,2026-09-07,CM,NSE,STK,762747,INE338F01015,KLBRENG-B,EQ,,,,,KILBURN ENGINEERING LTD.,468.05,476.00,456.30,461.20,461.10,467.85,,461.13,,,278310,129894290.10,8988,F1,1,,,,,
2026-09-07,2026-09-07,CM,NSE,STK,19941,INE729D01010,KILITCH,BE,,,,,KILITCH DRUGS INDIA LTD,181.00,188.00,181.00,187.82,188.00,180.95,,187.89,,,47535,8846045.97,371,F1,1,,,,,
2026-09-07,2026-09-07,CM,NSE,STK,18944,INE473D01015,KINGFA,EQ,,,,,KINGFA SCI & TEC IND LTD.,5915.00,6098.50,5880.00,6056.50,6044.00,5932.50,,6056.40,,,12213,73562059.50,4541,F1,1,,,,,
2026-09-07,2026-09-07,CM,NSE,STK,19126,INE880L01014,KIOCL,EQ,,,,,KIOCL LIMITED,382.10,384.20,375.00,376.50,376.00,382.10,,376.50,,,73813,27935723.90,2330,F1,1,,,,,
2026-09-07,2026-09-07,CM,NSE,STK,762742,INE555P01013,KIRANVYPAR,EQ,,,,,KIRAN VYAPAR LTD.,204.00,207.78,204.00,204.65,204.00,205.41,,204.67,,,1193,244331.63,30,F1,1,,,,,
2026-09-07,2026-09-07,CM,NSE,STK,16639,INE415I01015,KIRIINDUS,EQ,,,,,KIRI INDUSTRIES LIMITED,565.05,603.95,565.05,583.20,578.55,559.10,,583.19,,,3877065,2287808785.70,72104,F1,1,,,,,
2026-09-07,2026-09-07,CM,NSE,STK,18581,INE732A01036,KIRLOSBROS,EQ,,,,,KIRLOSKAR BROTHERS LTD,1862.00,1869.30,1825.00,1832.40,1839.80,1862.00,,1832.41,,,26166,48154321.20,5867,F1,1,,,,,
2026-09-07,2026-09-07,CM,NSE,STK,18220,INE134B01017,KECL,EQ,,,,,KIRLOSKAR ELECTRIC CO LTD,126.78,128.00,122.20,122.93,123.60,126.41,,122.93,,,106450,13239694.49,2402,F1,1,,,,,
2026-09-07,2026-09-07,CM,NSE,STK,14466,INE884B01025,KIRLFER,EQ,,,,,KIRLOSKAR FERROUS IND LTD,462.70,463.50,457.50,460.10,458.00,459.60,,460.08,,,47157,21696745.90,3260,F1,1,,,,,
2026-09-07,2026-09-07,CM,NSE,STK,19025,INE250A01039,KIRLOSIND,EQ,,,,,KIRLOSKAR INDUSTRIES LTD,3720.00,3743.90,3689.90,3715.10,3701.30,3731.50,,3714.01,,,2583,9593750.60,835,F1,1,,,,,
2026-09-07,2026-09-07,CM,NSE,STK,20936,INE146L01010,KIRLOSENG,EQ,,,,,KIRLOSKAR OIL ENG LTD,2180.00,2218.50,2156.50,2174.80,2160.00,2201.90,,2174.72,,,237548,517545458.90,25448,F1,1,,,,,
2026-09-07,2026-09-07,CM,NSE,STK,15180,INE811A01038,KIRLPNU,EQ,,,,,KIRLOSKAR PNEUMATIC COM L,762.80,768.80,754.70,760.15,762.00,760.45,,760.11,,,99244,75630898.30,9024,F1,1,,,,,
2026-09-07,2026-09-07,CM,NSE,STK,28899,INE602G01020,KITEX,EQ,,,,,KITEX GARMENTS LTD,127.99,128.96,126.55,127.77,126.75,128.85,,127.69,,,283393,36198732.00,3602,F1,1,,,,,
2026-09-07,2026-09-07,CM,NSE,STK,760923,INE0KNW01016,KNAGRI,EQ,,,,,KN AGRI RESOURCES LIMITED,200.00,201.90,198.91,201.18,201.00,199.40,,201.18,,,3513,703337.60,225,F1,1,,,,,
2026-09-07,2026-09-07,CM,NSE,STK,763839,INE17QZ01016,KNACK,EQ,,,,,KNACK PACKAGING LIMITED,189.72,190.00,185.00,185.93,185.40,187.30,,185.93,,,664588,123963826.36,5453,F1,1,,,,,
2026-09-07,2026-09-07,CM,NSE,STK,27084,INE0CJD01029,KMEW,EQ,,,,,KNOWLEDGE MARINE & EN W L,3033.40,3060.40,2910.00,2961.60,2968.00,3033.40,,2961.60,,,80097,237088350.70,12710,F1,1,,,,,
2026-09-07,2026-09-07,CM,NSE,STK,758431,INE1JAR25012,KRT,RR,,,,,KNOWLEDGE REALTY TRUST,113.49,113.69,111.90,113.21,113.11,112.49,,113.21,,,7562965,856492513.19,21763,F1,1,,,,,
2026-09-07,2026-09-07,CM,NSE,STK,15283,INE634I01029,KNRCON,EQ,,,,,KNR CONSTRU LTD.,124.00,125.64,121.95,122.75,122.80,124.66,,122.74,,,995698,123094969.09,11570,F1,1,,,,,
2026-09-07,2026-09-07,CM,NSE,STK,18754,INE0Q7P01013,KODYTECH,ST,,,,,KODY TECHNOLAB LIMITED,1594.00,1594.00,1513.00,1530.00,1539.90,1569.95,,1530.00,,,6100,9396775.00,52,F1,100,,,,,
2026-09-07,2026-09-07,CM,NSE,STK,3009,INE080B01012,KOHINOOR,EQ,,,,,KOHINOOR FOODS LIMITED,33.00,33.00,30.50,30.87,30.85,32.77,,30.83,,,309835,9758380.25,3282,F1,1,,,,,
2026-09-07,2026-09-07,CM,NSE,STK,16827,INE760A01029,KOKUYOCMLN,EQ,,,,,KOKUYO CAMLIN LIMITED,80.81,81.00,78.88,79.43,79.06,80.61,,79.42,,,55343,4422814.02,698,F1,1,,,,,
2026-09-07,2026-09-07,CM,NSE,STK,15124,INE094I01018,KOLTEPATIL,EQ,,,,,KOLTE PATIL DEV. LTD.,440.00,446.20,437.80,443.60,445.00,441.85,,443.81,,,53573,23711705.00,2767,F1,1,,,,,
2026-09-07,2026-09-07,CM,NSE,STK,22475,INE0QEI01011,KONSTELEC,ST,,,,,KONSTELEC ENGINEERS LTD,62.50,65.00,59.45,64.35,64.35,62.05,,64.35,,,81000,5106900.00,41,F1,1000,,,,,
2026-09-07,2026-09-07,CM,NSE,STK,19287,INE0KZ301010,KONTOR,SM,,,,,KONTOR SPACE LIMITED,52.95,52.95,49.30,51.25,52.00,52.95,,51.25,,,9000,457470.00,12,F1,600,,,,,
2026-09-07,2026-09-07,CM,NSE,STK,1919,INE082A01010,KOPRAN,EQ,,,,,KOPRAN LTD,234.20,253.71,230.50,245.87,245.60,232.54,,245.84,,,2037485,495737254.88,28291,F1,1,,,,,
2026-09-07,2026-09-07,CM,NSE,STK,16758,INE0O4R01018,KDL,SM,,,,,KORE DIGITAL LIMITED,94.00,94.00,89.10,91.45,92.00,92.45,,91.45,,,12450,1140667.50,59,F1,150,,,,,
2026-09-07,2026-09-07,CM,NSE,STK,14858,INF174KA1HJ8,GOLD1,EQ,,,,,KOTAK GOLD ETF,127.50,127.50,125.91,126.71,126.68,128.47,,126.71,,,1539958,194840341.97,9005,F1,1,,,,,
2026-09-07,2026-09-07,CM,NSE,STK,1922,INE237A01036,KOTAKBANK,EQ,,,,,KOTAK MAHINDRA BANK LTD,421.80,425.70,421.00,422.10,422.10,424.50,,422.10,,,7148641,3023374993.05,131582,F1,1,,,,,
2026-09-07,2026-09-07,CM,NSE,STK,18102,INF174K014P6,NIFTY1,EQ,,,,,KOTAK NIFTY ETF,269.80,269.80,263.91,264.20,264.50,265.82,,264.20,,,61919,16380132.27,2097,F1,1,,,,,
2026-09-07,2026-09-07,CM,NSE,STK,15061,INF174KA1A86,PSUBANK,EQ,,,,,KOTAK PSU BANK,83.80,85.93,83.80,84.42,84.58,85.53,,84.42,,,81863,6913155.98,906,F1,1,,,,,
2026-09-07,2026-09-07,CM,NSE,STK,759885,INF174KA1XV0,CHEMICAL,EQ,,,,,KOTAKMAMC - CHEMICAL,29.90,30.50,29.90,30.05,30.10,30.20,,30.05,,,985997,29695821.90,1046,F1,1,,,,,
2026-09-07,2026-09-07,CM,NSE,STK,7412,INF174KA1IA5,ALPHA,EQ,,,,,KOTAKMAMC - KOTAKALPHA,54.30,54.30,53.88,53.97,54.05,54.16,,53.97,,,574919,31049587.83,3522,F1,1,,,,,
2026-09-07,2026-09-07,CM,NSE,STK,10512,INF174KA1ZF8,CONS,EQ,,,,,KOTAKMAMC - KOTAKCONS,12.20,12.20,11.89,11.93,11.98,11.98,,11.93,,,27163,324109.49,198,F1,1,,,,,
2026-09-07,2026-09-07,CM,NSE,STK,2627,INF174KA1GC5,IT,EQ,,,,,KOTAKMAMC - KOTAKIT,34.79,34.79,33.20,33.32,33.41,34.09,,33.32,,,508608,16998327.31,1704,F1,1,,,,,
2026-09-07,2026-09-07,CM,NSE,STK,13950,INF174KA1LV5,LIQUID1,EQ,,,,,KOTAKMAMC - KOTAKLIQ,1122.00,1122.00,1121.43,1121.56,1121.57,1121.43,,1121.56,,,3065905,3438600822.82,648,F1,1,,,,,
2026-09-07,2026-09-07,CM,NSE,STK,8632,INF174KA1IY5,LOWVOL1,EQ,,,,,KOTAKMAMC - KOTAKLOVOL,21.35,21.35,20.72,20.82,20.72,20.93,,20.82,,,2329530,48654130.00,309,F1,1,,,,,
2026-09-07,2026-09-07,CM,NSE,STK,8077,INF174KA1ZC5,MIDCAP,EQ,,,,,KOTAKMAMC - KOTAKMID50,18.88,18.88,18.40,18.43,18.47,18.51,,18.43,,,570419,10536234.78,1247,F1,1,,,,,
2026-09-07,2026-09-07,CM,NSE,STK,10676,INF174KA1JF2,MNC,EQ,,,,,KOTAKMAMC - KOTAKMNC,33.21,33.37,32.99,33.04,33.09,33.21,,33.04,,,47177,1559911.28,513,F1,1,,,,,
2026-09-07,2026-09-07,CM,NSE,STK,13082,INF174KA1ZD3,SILVER1,EQ,,,,,KOTAKMAMC - KOTAKSILVE,22.49,22.49,22.20,22.32,22.32,22.60,,22.32,,,6105939,136038844.65,6477,F1,1,,,,,
2026-09-07,2026-09-07,CM,NSE,STK,11457,INF174KA1ZE1,NV20,EQ,,,,,KOTAKMAMC - KTKNV20ETF,14.00,14.00,13.80,13.82,13.84,13.99,,13.82,,,90008,1246757.73,402,F1,1,,,,,
2026-09-07,2026-09-07,CM,NSE,STK,30469,INF174KA1VW2,MID150,EQ,,,,,KOTAKMAMC - MID150,23.61,23.61,23.39,23.49,23.50,23.61,,23.49,,,24438,573709.60,251,F1,1,,,,,
2026-09-07,2026-09-07,CM,NSE,STK,759488,INF174KA1XS6,MOMENTUM30,EQ,,,,,KOTAKMAMC - MOMENTUM30,30.81,30.87,30.64,30.76,30.83,30.81,,30.76,,,360329,11104099.76,77,F1,1,,,,,
2026-09-07,2026-09-07,CM,NSE,STK,29758,INF174KA1VD2,MSCIINDIA,EQ,,,,,KOTAKMAMC - MSCIINDIA,29.82,29.82,29.53,29.60,29.66,29.82,,29.60,,,4704,139226.85,116,F1,1,,,,,
2026-09-07,2026-09-07,CM,NSE,STK,760709,INF174KA1YO3,NEXT50ETF,EQ,,,,,KOTAKMAMC - NEXT50ETF,74.88,74.88,73.14,73.23,73.15,73.83,,73.23,,,15266,1119639.82,169,F1,1,,,,,
2026-09-07,2026-09-07,CM,NSE,STK,29944,INF174KA1UW4,NIFTY100EW,EQ,,,,,KOTAKMAMC - NIFTY100EW,35.43,35.43,34.74,34.85,34.85,35.06,,34.85,,,326610,11385075.14,282,F1,1,,,,,
2026-09-07,2026-09-07,CM,NSE,STK,764195,INF174KA1A94,PVTBANK,EQ,,,,,KOTAKMAMC - PVTBANK,28.10,28.10,27.78,27.87,27.87,28.00,,27.87,,,7757,217187.26,17,F1,1,,,,,
2026-09-07,2026-09-07,CM,NSE,STK,757946,INF174KA1WT6,QUALITY30,EQ,,,,,KOTAKMAMC - QUALITY30,20.65,21.00,20.40,20.49,20.51,20.65,,20.49,,,5483,112255.40,74,F1,1,,,,,
2026-09-07,2026-09-07,CM,NSE,STK,5851,INF174KA1ZB7,BANKNIFTY1,EQ,,,,,KOTAKMAMC-KOTAKBKETF,61.20,61.20,59.25,59.32,59.31,59.71,,59.33,,,246660,14639797.14,1381,F1,1,,,,,
2026-09-07,2026-09-07,CM,NSE,STK,762752,INE972A01020,KOTIC,EQ,,,,,KOTHARI INDUSTRIAL CORP L,134.40,134.89,128.85,131.86,132.50,132.47,,131.94,,,11885,1574182.63,486,F1,1,,,,,
2026-09-07,2026-09-07,CM,NSE,STK,4594,INE720A01015,KOTHARIPET,EQ,,,,,KOTHARI PETROCHEM LTD,131.50,135.50,131.50,133.27,133.79,130.56,,133.27,,,110465,14741207.69,2711,F1,1,,,,,
2026-09-07,2026-09-07,CM,NSE,STK,5528,INE823A01017,KOTHARIPRO,EQ,,,,,KOTHARI PRODUCTS LTD,68.90,68.90,65.37,66.16,66.00,67.39,,66.18,,,13662,908343.58,129,F1,1,,,,,
2026-09-07,2026-09-07,CM,NSE,STK,11648,INE419A01022,KOTARISUG,BE,,,,,KOTHARI SUG & CHEM LTD.,30.10,30.87,28.65,30.13,29.75,29.92,,30.13,,,51190,1534077.67,360,F1,1,,,,,
2026-09-07,2026-09-07,CM,NSE,STK,761337,INE0J0B01017,KOTYARK,BE,,,,,KOTYARK INDUSTRIES LTD,34.58,34.58,32.55,32.89,32.99,33.76,,32.89,,,143365,4845231.66,497,F1,1,,,,,
2026-09-07,2026-09-07,CM,NSE,STK,5192,INE177F01017,KOVAI,EQ,,,,,KOVAI MEDICAL CENTER & HO,6045.00,6125.00,6000.50,6069.00,6125.00,6062.50,,6070.56,,,4985,30198050.50,1942,F1,1,,,,,
2026-09-07,2026-09-07,CM,NSE,STK,5108,INE542W01025,KPIGREEN,EQ,,,,,KPI GREEN ENERGY LIMITED,305.50,306.75,302.00,302.60,303.00,307.00,,302.59,,,619631,187998942.25,13833,F1,1,,,,,
2026-09-07,2026-09-07,CM,NSE,STK,9683,INE04I401011,KPITTECH,EQ,,,,,KPIT TECHNOLOGIES LIMITED,575.85,575.90,560.00,562.25,562.25,575.45,,562.28,,,1316814,744928396.95,38221,F1,1,,,,,
2026-09-07,2026-09-07,CM,NSE,STK,14912,INE930H01031,KPRMILL,EQ,,,,,KPR MILL LTD.,1180.00,1182.00,1144.40,1154.70,1157.00,1186.30,,1154.71,,,204839,236988778.80,16410,F1,1,,,,,
2026-09-07,2026-09-07,CM,NSE,STK,10577,INE001B01026,KRBL,EQ,,,,,KRBL LIMITED,425.00,439.80,422.00,427.30,427.00,421.95,,427.29,,,690366,298072676.05,18810,F1,1,,,,,
2026-09-07,2026-09-07,CM,NSE,STK,1937,INE268B01013,KREBSBIO,EQ,,,,,KREBS BIOCHEMICALS & IND,55.14,57.72,54.26,55.99,55.21,55.95,,55.99,,,3613,202139.06,107,F1,1,,,,,
2026-09-07,2026-09-07,CM,NSE,STK,11480,INE524L01026,KRIDHANINF,EQ,,,,,KRIDHAN INFRA LIMITED,2.00,2.08,1.98,1.99,1.98,2.03,,1.99,,,96168,192305.85,527,F1,1,,,,,
2026-09-07,2026-09-07,CM,NSE,STK,12847,INE506W01020,KRISHANA,EQ,,,,,KRISHANA PHOSCHEM LIMITED,183.44,186.34,181.50,182.84,183.50,184.13,,182.84,,,542443,99255430.63,6847,F1,1,,,,,
2026-09-07,2026-09-07,CM,NSE,STK,16133,INE0NR701018,KRISHCA,SM,,,,,KRISHCA STRAPPING SLTN L,153.50,161.50,153.25,160.05,160.00,161.85,,160.05,,,13000,2064100.00,23,F1,500,,,,,
2026-09-07,2026-09-07,CM,NSE,STK,756782,INE0GGO01015,KRISHIVAL,EQ,,,,,KRISHIVAL FOODS LIMITED,417.00,418.80,414.70,415.25,415.90,416.30,,415.28,,,11010,4588235.05,315,F1,1,,,,,
2026-09-07,2026-09-07,CM,NSE,STK,761192,INE0J5601015,KRISHNADEF,EQ,,,,,KRISHNA DEF AND ALD IND L,1016.00,1073.90,1011.00,1066.40,1070.00,1013.20,,1066.40,,,142424,150359576.00,13139,F1,1,,,,,
2026-09-07,2026-09-07,CM,NSE,STK,4847,INE967H01025,KIMS,EQ,,,,,KRISHNA INST OF MED SCI L,760.00,770.60,758.10,764.55,765.70,764.10,,764.56,,,135387,103342229.30,10947,F1,1,,,,,
2026-09-07,2026-09-07,CM,NSE,STK,6417,INE479D01038,KRITI,EQ,,,,,KRITI INDUSTRIES IND LTD,61.60,64.00,60.50,62.47,62.20,61.60,,62.45,,,17485,1093497.37,138,F1,1,,,,,
2026-09-07,2026-09-07,CM,NSE,STK,11432,INE798K01010,KRITINUT,EQ,,,,,KRITI NUTRIENTS LIMITED,86.00,87.00,82.55,83.20,83.75,86.45,,83.20,,,14700,1235696.58,415,F1,1,,,,,
2026-09-07,2026-09-07,CM,NSE,STK,9288,INE00Z501029,KRITIKA,EQ,,,,,KRITIKA WIRES LIMITED,5.26,5.46,5.21,5.35,5.38,5.37,,5.35,,,166723,887659.16,424,F1,1,,,,,
2026-09-07,2026-09-07,CM,NSE,STK,760624,INE1MTV01019,KRMAYURVED,SM,,,,,KRM AYURVEDA LIMITED,287.85,290.50,282.55,285.50,285.50,287.85,,285.50,,,21000,5991950.00,19,F1,1000,,,,,
2026-09-07,2026-09-07,CM,NSE,STK,25643,INE0Q3J01015,KRN,EQ,,,,,KRN HEAT EXCHANGE N REF L,1578.00,1653.90,1574.90,1625.40,1623.00,1578.70,,1625.53,,,329624,538171220.20,19884,F1,1,,,,,
2026-09-07,2026-09-07,CM,NSE,STK,24026,INE0ATZ01017,KRONOX,BE,,,,,KRONOX LAB SCIENCES LTD,185.00,186.95,179.10,180.09,180.00,184.69,,180.12,,,117149,21223744.02,844,F1,1,,,,,
2026-09-07,2026-09-07,CM,NSE,STK,25252,INE0O6601022,KROSS,EQ,,,,,KROSS LIMITED,212.84,212.99,208.12,209.13,209.50,211.57,,209.13,,,103699,21793504.42,2585,F1,1,,,,,
2026-09-07,2026-09-07,CM,NSE,STK,5359,INE08LI01020,KRSNAA,EQ,,,,,KRSNAA DIAGNOSTICS LTD,559.25,567.55,551.00,564.05,565.00,560.00,,564.05,,,34582,19359883.60,3177,F1,1,,,,,
2026-09-07,2026-09-07,CM,NSE,STK,23175,INE0QN801017,KRYSTAL,EQ,,,,,KRYSTAL INTEGRATED SER L,650.00,667.50,650.00,661.50,667.50,654.60,,661.44,,,12891,8520500.05,824,F1,1,,,,,
2026-09-07,2026-09-07,CM,NSE,STK,1949,INE999A01023,KSB,EQ,,,,,KSB LIMITED,822.00,822.00,799.45,801.45,800.70,813.55,,801.44,,,91474,73737473.15,6761,F1,1,,,,,
2026-09-07,2026-09-07,CM,NSE,STK,764753,INE953E01022,KSE,EQ,,,,,KSE LTD.,181.92,182.00,175.52,177.00,179.54,180.12,,177.17,,,25847,4599164.74,541,F1,1,,,,,
2026-09-07,2026-09-07,CM,NSE,STK,760433,INE987S01020,KSHINTL,EQ,,,,,KSH INTERNATIONAL LIMITED,1094.65,1125.90,1090.70,1105.65,1109.00,1087.80,,1105.63,,,320607,355600801.05,24323,F1,1,,,,,
2026-09-07,2026-09-07,CM,NSE,STK,10407,INE013801027,KSHITIJPOL,EQ,,,,,KSHITIJ POLYLINE LIMITED,3.46,3.46,3.46,3.46,3.46,3.30,,3.46,,,928806,3213668.76,580,F1,1,,,,,
2026-09-07,2026-09-07,CM,NSE,STK,11060,INE0D6I01023,KSOLVES,EQ,,,,,KSOLVES INDIA LIMITED,274.95,274.95,268.75,269.10,268.80,272.05,,269.08,,,20423,5512569.75,1211,F1,1,,,,,
2026-09-07,2026-09-07,CM,NSE,STK,759987,INE1SPP01016,KSR,EQ,,,,,KSR FOOTWEAR LIMITED,34.89,34.95,33.01,34.13,34.80,34.61,,34.13,,,188573,6457759.17,246,F1,1,,,,,
2026-09-07,2026-09-07,CM,NSE,STK,13870,INE529I01021,KUANTUM,EQ,,,,,KUANTUM PAPERS LIMITED,75.03,80.06,73.91,76.70,77.48,74.18,,76.70,,,296520,23068796.04,3035,F1,1,,,,,
2026-09-07,2026-09-07,CM,NSE,STK,764116,INE0ISX01025,KUSUMGAR,EQ,,,,,KUSUMGAR LIMITED,569.00,576.55,568.95,571.90,570.25,571.20,,571.91,,,131443,75216207.55,4209,F1,1,,,,,
2026-09-07,2026-09-07,CM,NSE,STK,762757,INE552U01010,KPL,EQ,,,,,KWALITY PHARMACEUTICALS L,3312.30,3428.30,3285.60,3411.20,3420.00,3285.50,,3411.34,,,22589,76375593.90,3840,F1,1,,,,,
2026-09-07,2026-09-07,CM,NSE,STK,760946,INE2KCE01013,KWIL,EQ,,,,,KWALITY WALL'S (INDIA) L,42.10,42.49,41.03,41.12,41.11,42.12,,41.12,,,11048008,459792288.70,27178,F1,1,,,,,
2026-09-07,2026-09-07,CM,NSE,STK,765100,INE341H01023,LKPSEC,EQ,,,,,L K P SECURITIES LTD.,15.28,15.82,15.05,15.42,15.45,15.28,,15.37,,,8421,129448.17,72,F1,1,,,,,
2026-09-07,2026-09-07,CM,NSE,STK,24948,INE498L01015,LTF,EQ,,,,,L&T FINANCE LIMITED,314.00,315.30,310.90,312.50,312.50,314.00,,312.43,,,2068591,648596445.10,25752,F1,1,,,,,
2026-09-07,2026-09-07,CM,NSE,STK,18564,INE010V01017,LTTS,EQ,,,,,L&T TECHNOLOGY SER. LTD.,3470.00,3484.80,3400.10,3414.20,3415.90,3493.30,,3413.87,,,64566,221039574.20,13838,F1,1,,,,,
2026-09-07,2026-09-07,CM,NSE,STK,14423,INE059D01020,LAOPALA,EQ,,,,,LA OPALA RG LIMITED,174.00,174.59,171.20,171.96,171.20,173.90,,171.92,,,38975,6720408.75,1496,F1,1,,,,,
2026-09-07,2026-09-07,CM,NSE,STK,764758,INE519D01015,LADDERUP,EQ,,,,,LADDERUP FINANCE LTD.,50.00,50.00,50.00,50.00,50.00,51.40,,48.10,,,16,800.00,4,F1,1,,,,,
2026-09-07,2026-09-07,CM,NSE,STK,5865,INE548Z01017,LAGNAM,EQ,,,,,LAGNAM SPINTEX LIMITED,74.05,76.00,74.05,74.55,74.55,74.80,,74.55,,,2066,154448.16,43,F1,1,,,,,
2026-09-07,2026-09-07,CM,NSE,STK,762762,INE515C01023,LAHOTIOV,EQ,,,,,LAHOTI OVERSEAS LTD.,43.94,45.00,42.00,44.00,44.00,43.08,,44.00,,,4169,178359.36,33,F1,1,,,,,
2026-09-07,2026-09-07,CM,NSE,STK,7902,INE850E01012,LFIC,EQ,,,,,LAKSHMI FIN IND CORP LTD,134.64,134.64,134.59,134.59,134.59,134.64,,134.59,,,414,55722.71,8,F1,1,,,,,
2026-09-07,2026-09-07,CM,NSE,STK,764763,INE938C01019,LAKSHMIMIL,EQ,,,,,LAKSHMI MILLS CO. LTD.,7671.50,7900.00,7625.00,7734.00,7900.00,7621.00,,7793.68,,,22,170197.00,14,F1,1,,,,,
2026-09-07,2026-09-07,CM,NSE,STK,4774,INE651C01018,LAKPRE,BZ,,,,,LAKSHMI PRE SCRE LTD,5.26,5.26,5.11,5.26,5.26,5.01,,5.38,,,2165,11162.11,18,F1,1,,,,,
2026-09-07,2026-09-07,CM,NSE,STK,25860,INE0VZS01015,LAKSHYA,SM,,,,,LAKSHYA POWERTECH LIMITED,83.00,84.90,81.10,83.50,83.50,81.80,,83.50,,,10400,863600.00,9,F1,800,,,,,
2026-09-07,2026-09-07,CM,NSE,STK,765361,INE0K9O01026,LALITHAA,EQ,,,,,LALITHAA JEWELLERY MART L,314.00,326.80,309.50,317.75,317.00,306.70,,317.74,,,24705575,7863730754.65,187588,F1,1,,,,,
2026-09-07,2026-09-07,CM,NSE,STK,6407,INE112F01022,LAMBODHARA,EQ,,,,,LAMBODHARA TEXTILES LTD.,134.67,140.00,133.26,134.60,134.25,134.67,,134.60,,,6832,934449.27,440,F1,1,,,,,
2026-09-07,2026-09-07,CM,NSE,STK,27225,INE0R0201012,LAMOSAIC,ST,,,,,LAMOSAIC INDIA LIMITED,58.60,61.45,58.60,59.00,59.00,60.85,,59.00,,,27600,1674060.00,28,F1,600,,,,,
2026-09-07,2026-09-07,CM,NSE,STK,9392,INE359U01028,LANCER,EQ,,,,,LANCER CONTAINER LINES L,13.06,13.23,12.63,12.96,12.93,13.03,,12.96,,,341167,4422989.03,723,F1,1,,,,,
2026-09-07,2026-09-07,CM,NSE,STK,23027,INE572G01025,LANCORHOL,EQ,,,,,LANCOR HOLDINGS LIMITED,41.50,41.75,38.41,40.12,39.90,40.35,,40.13,,,855132,34291881.37,5036,F1,1,,,,,
2026-09-07,2026-09-07,CM,NSE,STK,13276,INE559R01029,LANDMARK,EQ,,,,,LANDMARK CARS LIMITED,510.15,513.10,491.15,494.10,497.60,510.15,,494.10,,,97730,48701965.85,8092,F1,1,,,,,
2026-09-07,2026-09-07,CM,NSE,STK,16863,INE197J01017,LPDC,EQ,,,,,LANDMARK PR.DEV.CO.LTD,6.57,6.92,6.05,6.32,6.33,6.73,,6.32,,,188005,1189815.71,1157,F1,1,,,,,
2026-09-07,2026-09-07,CM,NSE,STK,17376,INE688J01023,LANDSMILL,EQ,,,,,LANDSMILL GREEN LIMITED,0.64,0.64,0.58,0.58,0.60,0.63,,0.58,,,6371276,3838027.67,1912,F1,1,,,,,
2026-09-07,2026-09-07,CM,NSE,STK,11483,INE018A01030,LT,EQ,,,,,LARSEN & TOUBRO LTD.,3962.00,4004.90,3960.90,3999.00,3999.00,3964.10,,3998.91,,,1256683,5002543634.60,62154,F1,1,,,,,
2026-09-07,2026-09-07,CM,NSE,STK,21713,INE670X01014,LASA,EQ,,,,,LASA SUPERGENERICS LTD,6.73,6.80,6.60,6.68,6.68,6.73,,6.68,,,17590,118001.01,138,F1,1,,,,,
2026-09-07,2026-09-07,CM,NSE,STK,764126,INE17IR01028,LASERPOWER,EQ,,,,,LASER POWER & INFRA LTD,296.90,312.90,295.20,310.70,311.95,295.65,,310.71,,,1032439,316377168.00,18410,F1,1,,,,,
2026-09-07,2026-09-07,CM,NSE,STK,6818,INE0I7C01011,LATENTVIEW,EQ,,,,,LATENT VIEW ANALYTICS LTD,266.25,268.55,258.75,261.70,262.05,267.25,,261.70,,,522059,136462351.40,13357,F1,1,,,,,
2026-09-07,2026-09-07,CM,NSE,STK,15840,INE262Z01023,LATTEYS,EQ,,,,,LATTEYS INDUSTRIES LTD,20.60,21.31,20.06,20.63,20.62,20.50,,20.63,,,23947,498324.30,219,F1,1,,,,,
2026-09-07,2026-09-07,CM,NSE,STK,19234,INE947Q01028,LAURUSLABS,EQ,,,,,LAURUS LABS LIMITED,1840.00,1876.70,1832.70,1876.70,1876.70,1840.00,,1876.63,,,1148664,2135839459.40,34906,F1,1,,,,,
2026-09-07,2026-09-07,CM,NSE,STK,6568,INE801V01019,LAXMICOT,EQ,,,,,LAXMI COTSPIN LIMITED,13.75,14.00,13.30,13.38,13.50,13.73,,13.38,,,25952,349869.83,144,F1,1,,,,,
2026-09-07,2026-09-07,CM,NSE,STK,29171,INE0WO601020,LAXMIDENTL,EQ,,,,,LAXMI DENTAL LIMITED,199.14,200.01,196.75,197.73,199.00,199.14,,197.74,,,26034,5159783.47,1276,F1,1,,,,,
2026-09-07,2026-09-07,CM,NSE,STK,19876,INE258Y01016,LGHL,EQ,,,,,LAXMI GOLDORNA HOUSE LTD,171.10,180.99,171.10,176.23,179.94,175.42,,176.23,,,12672,2253218.64,474,F1,1,,,,,
2026-09-07,2026-09-07,CM,NSE,STK,758863,INE06WU01026,LAXMIINDIA,EQ,,,,,LAXMI INDIA FINANCE LTD,133.45,136.75,130.37,130.89,131.40,132.60,,130.88,,,299362,39900067.61,4070,F1,1,,,,,
2026-09-07,2026-09-07,CM,NSE,STK,2841,INE576O01020,LXCHEM,EQ,,,,,LAXMI ORGANIC INDUS LTD,172.00,174.40,170.25,171.99,171.50,172.04,,171.99,,,583493,100523422.22,7309,F1,1,,,,,
2026-09-07,2026-09-07,CM,NSE,STK,7529,INE938A01021,LCCINFOTEC,EQ,,,,,LCC INFOTECH LTD,3.81,3.98,3.55,3.79,3.82,3.81,,3.79,,,23439,89256.39,149,F1,1,,,,,
2026-09-07,2026-09-07,CM,NSE,STK,760300,INE0G1L01025,LEMERITE,EQ,,,,,LE MERITE EXPORTS LIMITED,20.81,21.20,20.26,20.72,21.00,20.93,,20.72,,,166891,3467060.53,399,F1,1,,,,,
2026-09-07,2026-09-07,CM,NSE,STK,24067,INE0HV901016,IXIGO,EQ,,,,,LE TRAVENUES TECHNOLOGY L,168.85,168.85,164.40,167.39,166.20,166.75,,167.40,,,504059,83869718.13,16177,F1,1,,,,,
2026-09-07,2026-09-07,CM,NSE,STK,14204,INE0H4B01011,LRRPL,SM,,,,,LEAD REC AND RUB PROD LTD,86.00,88.00,86.00,88.00,88.00,88.00,,88.00,,,4500,393000.00,3,F1,1500,,,,,
2026-09-07,2026-09-07,CM,NSE,STK,764523,INE00GO01025,LEAPIND,EQ,,,,,LEAP INDIA LIMITED,152.00,152.55,145.45,146.28,146.19,150.26,,146.28,,,2141218,318067846.78,23760,F1,1,,,,,
2026-09-07,2026-09-07,CM,NSE,STK,765098,INE791B01014,LEENEE,BE,,,,,LEE & NEE SOFTWARES (E) L,8.62,8.70,8.06,8.29,8.29,8.45,,8.18,,,6138,50720.34,41,F1,1,,,,,
2026-09-07,2026-09-07,CM,NSE,STK,757014,INE0AQ201015,THELEELA,EQ,,,,,LEELA PALACES HOTEL LTD,554.95,556.95,541.00,543.50,542.00,554.05,,543.53,,,234413,127882270.50,20118,F1,1,,,,,
2026-09-07,2026-09-07,CM,NSE,STK,2606,INE970X01018,LEMONTREE,EQ,,,,,LEMON TREE HOTELS LTD,105.49,107.49,105.38,107.28,107.22,104.95,,107.28,,,3117893,332451235.87,26014,F1,1,,,,,
2026-09-07,2026-09-07,CM,NSE,STK,759605,INE956O01016,LENSKART,EQ,,,,,LENSKART SOLUTIONS LTD,688.95,697.25,684.50,688.00,688.60,684.90,,688.00,,,3142143,2164736934.75,53718,F1,1,,,,,
2026-09-07,2026-09-07,CM,NSE,STK,14459,INE500X01013,LEXUS,EQ,,,,,LEXUS GRANITO (INDIA) LTD,13.70,13.78,13.33,13.38,13.61,13.53,,13.38,,,2663,35920.71,62,F1,1,,,,,
2026-09-07,2026-09-07,CM,NSE,STK,18321,INE337A01034,LGBBROSLTD,EQ,,,,,LG BALAKRISHNAN & BROS,1688.10,1749.70,1688.10,1731.70,1726.00,1702.80,,1731.71,,,45200,78481667.00,4793,F1,1,,,,,
2026-09-07,2026-09-07,CM,NSE,STK,760213,INE324D01010,LGEINDIA,EQ,,,,,LG ELECTRONICS INDIA LTD,1654.50,1668.90,1640.10,1647.80,1645.00,1640.70,,1647.83,,,314218,518650484.30,23289,F1,1,,,,,
2026-09-07,2026-09-07,CM,NSE,STK,11082,INE908V01012,LIBAS,EQ,,,,,LIBAS CONSU PRODUCTS LTD,10.46,10.50,9.95,9.99,9.96,10.46,,9.99,,,101788,1023357.41,336,F1,1,,,,,
2026-09-07,2026-09-07,CM,NSE,STK,1994,INE557B01019,LIBERTSHOE,EQ,,,,,LIBERTY SHOES LTD,237.88,237.88,230.41,231.37,232.08,233.27,,231.39,,,14382,3343587.93,472,F1,1,,,,,
2026-09-07,2026-09-07,CM,NSE,STK,1997,INE115A01026,LICHSGFIN,EQ,,,,,LIC HOUSING FINANCE LTD,563.15,567.60,548.00,552.00,552.00,562.05,,551.98,,,1618855,904528188.15,21540,F1,1,,,,,
2026-09-07,2026-09-07,CM,NSE,STK,25640,INF767K01SM1,LICMFGOLD,EQ,,,,,LIC MF - LIC GOLD ETF,138.00,138.00,136.30,137.10,136.80,138.75,,137.13,,,40485,5539848.60,874,F1,1,,,,,
2026-09-07,2026-09-07,CM,NSE,STK,11319,INF767K01OS7,LICNETFN50,EQ,,,,,LICNAMC - LICNFENGP,268.70,268.70,266.10,266.10,266.10,267.77,,266.17,,,1457,388612.31,42,F1,1,,,,,
2026-09-07,2026-09-07,CM,NSE,STK,11441,INF767K01OT5,LICNETFSEN,EQ,,,,,LICNAMC - LICNFESGP,865.70,865.76,858.02,858.02,858.02,862.89,,861.13,,,15,12942.45,10,F1,1,,,,,
2026-09-07,2026-09-07,CM,NSE,STK,15229,INF767K01PC8,LICNFNHGP,EQ,,,,,LICNAMC - LICNFNHGP,273.31,274.65,267.05,270.76,268.31,270.61,,271.38,,,3521,950656.06,131,F1,1,,,,,
2026-09-07,2026-09-07,CM,NSE,STK,6062,INF767K01MV5,LICNETFGSC,EQ,,,,,LICNAMC - LICNMFET,30.07,30.07,29.16,29.40,29.40,29.34,,29.40,,,41178,1207489.23,116,F1,1,,,,,
2026-09-07,2026-09-07,CM,NSE,STK,22722,INF767K01RN1,LICNMID100,EQ,,,,,LICNAMC - LICNMID100,63.76,63.97,63.25,63.32,63.26,63.84,,63.32,,,5433,344731.70,105,F1,1,,,,,
2026-09-07,2026-09-07,CM,NSE,STK,9480,INE0J1Y01017,LICI,EQ,,,,,LIFE INSURA CORP OF INDIA,418.70,419.60,410.25,411.50,411.50,415.35,,411.51,,,2694855,1115150082.55,44071,F1,1,,,,,
2026-09-07,2026-09-07,CM,NSE,STK,578,INE060901027,LIKHITHA,EQ,,,,,LIKHITHA INFRASTRUC LTD,204.00,206.34,202.21,205.16,205.00,204.80,,205.10,,,39855,8145282.25,717,F1,1,,,,,
2026-09-07,2026-09-07,CM,NSE,STK,6951,INE802B01027,LINC,EQ,,,,,LINC LIMITED,98.99,98.99,95.07,96.80,96.94,95.07,,96.80,,,12384,1196946.68,380,F1,1,,,,,
2026-09-07,2026-09-07,CM,NSE,STK,11596,INE405C01035,LINCOLN,EQ,,,,,LINCOLN PHARMA LTD,626.80,640.00,617.70,632.35,635.00,620.80,,632.36,,,75014,47315377.85,3367,F1,1,,,,,
2026-09-07,2026-09-07,CM,NSE,STK,1627,INE473A01011,LINDEINDIA,EQ,,,,,LINDE INDIA LIMITED,6346.00,6394.50,6300.50,6372.50,6380.00,6346.00,,6371.83,,,14317,90770937.50,4243,F1,1,,,,,
2026-09-07,2026-09-07,CM,NSE,STK,17801,INE093R01011,LLOYDSENGG,EQ,,,,,LLOYDS ENGG WORK LIMITED,84.00,85.11,82.65,83.19,83.80,84.21,,83.18,,,3246321,271475115.49,15903,F1,1,,,,,
2026-09-07,2026-09-07,CM,NSE,STK,25807,INE080I01025,LLOYDSENT,EQ,,,,,LLOYDS ENTERPRISES LTD,74.00,74.32,72.10,72.28,72.35,74.23,,72.28,,,1823072,132870167.91,9070,F1,1,,,,,
2026-09-07,2026-09-07,CM,NSE,STK,11472,INE0DTQ01028,LLOYDS,SM,,,,,LLOYDS LUXURIES LIMITED,57.90,57.90,57.90,57.90,57.90,58.00,,57.90,,,1000,57900.00,1,F1,1000,,,,,
2026-09-07,2026-09-07,CM,NSE,STK,17313,INE281B01032,LLOYDSME,EQ,,,,,LLOYDS METALS N ENERGY L,1820.00,1823.00,1801.10,1803.00,1804.00,1823.00,,1803.04,,,257764,464985783.70,13403,F1,1,,,,,
2026-09-07,2026-09-07,CM,NSE,STK,1979,INE269B01029,LMW,EQ,,,,,LMW LIMITED,18780.00,18891.00,18455.00,18551.00,18600.00,18774.00,,18555.11,,,4966,92424744.00,1874,F1,1,,,,,
2026-09-07,2026-09-07,CM,NSE,STK,3220,INE670K01029,LODHA,EQ,,,,,LODHA DEVELOPERS LIMITED,1231.90,1231.90,1200.00,1200.00,1200.00,1222.00,,1200.00,,,410768,498073891.10,13804,F1,1,,,,,
2026-09-07,2026-09-07,CM,NSE,STK,764296,INE0QJW01029,LCL,EQ,,,,,LOHIA CORP LIMITED,584.00,587.95,561.95,565.50,565.00,581.50,,565.45,,,364696,206996996.10,12691,F1,1,,,,,
2026-09-07,2026-09-07,CM,NSE,STK,13436,INE397H01017,LOKESHMACH,EQ,,,,,LOKESH MACHINES LTD,373.70,374.45,355.10,357.70,356.20,364.60,,357.73,,,47124,17290449.20,1897,F1,1,,,,,
2026-09-07,2026-09-07,CM,NSE,STK,18232,INE846D01012,LORDSCHLO,EQ,,,,,LORDS CHLORO ALKALI LTD,149.00,149.00,138.05,138.93,139.97,146.60,,138.93,,,20253,2865396.28,887,F1,1,,,,,
2026-09-07,2026-09-07,CM,NSE,STK,14924,INE740X01023,LAL,EQ,,,,,LORENZINI APPARELS LTD,8.87,9.06,8.81,8.86,8.87,8.91,,8.86,,,18975,168619.95,92,F1,1,,,,,
2026-09-07,2026-09-07,CM,NSE,STK,764768,INE026D01011,LOTUSCHO,EQ,,,,,LOTUS CHOCOLATE CO. LTD.,633.55,655.65,592.00,596.45,598.90,630.40,,596.93,,,17992,10890945.50,1396,F1,1,,,,,
2026-09-07,2026-09-07,CM,NSE,STK,16807,INE947I01017,LOTUSEYE,EQ,,,,,LOTUS EYE HOSP & INST L,109.43,111.45,107.60,109.06,109.99,109.43,,109.06,,,10632,1168346.43,711,F1,1,,,,,
2026-09-07,2026-09-07,CM,NSE,STK,22415,INE597L01014,LOVABLE,EQ,,,,,LOVABLE LINGERIE LTD,71.37,72.90,70.00,70.96,70.99,71.37,,70.96,,,12581,893586.54,236,F1,1,,,,,
2026-09-07,2026-09-07,CM,NSE,STK,10590,INE970D01010,LOYALTEX,EQ,,,,,LOYAL TEXTILE MILLS LTD,215.00,222.00,207.70,217.32,222.00,218.14,,217.04,,,594,128596.79,39,F1,1,,,,,
2026-09-07,2026-09-07,CM,NSE,STK,13816,INE818H01020,LTFOODS,EQ,,,,,LT FOODS LIMITED,443.80,454.95,440.00,448.95,449.55,444.80,,448.95,,,729443,327452906.45,22676,F1,1,,,,,
2026-09-07,2026-09-07,CM,NSE,STK,17818,INE214T01019,LTM,EQ,,,,,LTM LIMITED,4500.00,4519.40,4405.00,4448.00,4448.00,4554.00,,4447.98,,,361825,1606218729.80,24662,F1,1,,,,,
2026-09-07,2026-09-07,CM,NSE,STK,14014,INE872H01027,LUMAXTECH,EQ,,,,,LUMAX AUTO TECH LTD,1947.70,1967.70,1916.20,1935.50,1943.00,1951.90,,1935.46,,,124170,240182266.90,15639,F1,1,,,,,
2026-09-07,2026-09-07,CM,NSE,STK,2018,INE162B01018,LUMAXIND,EQ,,,,,LUMAX INDUSTRIES LTD,6180.00,6272.50,6099.50,6139.50,6142.50,6181.50,,6140.24,,,12227,75623156.00,3100,F1,1,,,,,
2026-09-07,2026-09-07,CM,NSE,STK,765524,INE185Q01025,LUMINO,EQ,,,,,LUMINO INDUSTRIES LIMITED,116.75,121.00,114.40,114.82,115.00,114.50,,114.82,,,44559124,5234957892.31,165257,F1,1,,,,,
2026-09-07,2026-09-07,CM,NSE,STK,10440,INE326A01037,LUPIN,EQ,,,,,LUPIN LIMITED,2121.10,2135.50,2095.60,2105.00,2105.00,2110.00,,2105.00,,,819621,1726997053.00,43067,F1,1,,,,,
2026-09-07,2026-09-07,CM,NSE,STK,11301,INE150G01020,LUXIND,EQ,,,,,LUX INDUSTRIES LIMITED,1168.00,1184.90,1150.50,1159.40,1151.50,1175.10,,1159.27,,,14521,16971491.70,1796,F1,1,,,,,
2026-09-07,2026-09-07,CM,NSE,STK,7248,INE933A01014,LYKALABS,BE,,,,,LYKA LABS LTD.,79.92,79.92,79.91,79.92,79.92,78.36,,80.47,,,11492,918433.80,36,F1,1,,,,,
2026-09-07,2026-09-07,CM,NSE,STK,758150,INE08N601015,MBEL,EQ,,,,,M AND B ENGINEERING LTD,270.15,271.20,266.05,268.05,267.50,270.15,,267.91,,,37808,10153266.65,3223,F1,1,,,,,
2026-09-07,2026-09-07,CM,NSE,STK,765120,INE227F01010,MKEXIM,EQ,,,,,M K EXIM (INDIA) LTD.,62.00,62.02,60.25,61.35,61.70,62.18,,61.04,,,3667,224487.98,192,F1,1,,,,,
2026-09-07,2026-09-07,CM,NSE,STK,16736,INE964W01021,MKPL,EQ,,,,,M K PROTEINS LIMITED,4.02,4.07,4.00,4.03,4.00,4.02,,4.03,,,73508,296063.04,380,F1,1,,,,,
2026-09-07,2026-09-07,CM,NSE,STK,22360,INE813V01022,MCL,EQ,,,,,M TEK COPPER LIMITED,59.00,59.00,56.60,57.02,56.65,58.30,,57.02,,,29277,1690745.24,1103,F1,1,,,,,
2026-09-07,2026-09-07,CM,NSE,STK,13285,INE774D01024,M&MFIN,EQ,,,,,M&M FIN. SERVICES LTD,373.40,375.40,366.00,372.35,372.95,373.65,,372.35,,,1859254,686284439.45,51776,F1,1,,,,,
2026-09-07,2026-09-07,CM,NSE,STK,22976,INE0SGC01015,MVKAGRO,SM,,,,,M.V.K. AGRO FOOD PROD LTD,248.15,248.15,248.15,248.15,248.15,236.35,,248.15,,,15300,3796695.00,22,F1,300,,,,,
2026-09-07,2026-09-07,CM,NSE,STK,15017,INE215I01027,MAANALU,EQ,,,,,MAAN ALUMINIUM LIMITED,117.22,118.85,115.00,115.27,115.04,117.90,,115.18,,,48318,5621900.44,947,F1,1,,,,,
2026-09-07,2026-09-07,CM,NSE,STK,762782,INE435D01014,MCCHRLS-B,EQ,,,,,MAC CHARLES (INDIA) LTD.,685.00,685.00,625.10,679.90,685.00,670.00,,672.88,,,194,131910.50,24,F1,1,,,,,
2026-09-07,2026-09-07,CM,NSE,STK,24545,INE0R0J01010,MACOBSTECH,SM,,,,,MACOBS TECHNOLOGIES LTD,204.00,204.00,195.10,195.10,195.10,201.90,,195.10,,,5600,1126480.00,7,F1,800,,,,,
2026-09-07,2026-09-07,CM,NSE,STK,22347,INE155Z01011,MACPOWER,EQ,,,,,MACPOWER CNC MACHINES LTD,1906.00,1920.00,1775.00,1813.70,1828.00,1904.90,,1813.70,,,44751,82188024.80,6855,F1,1,,,,,
2026-09-07,2026-09-07,CM,NSE,STK,762767,INE631R01026,MADHAVIPL,EQ,,,,,MADHAV INFRA PROJECTS L,7.91,8.15,7.81,7.91,7.90,7.98,,7.91,,,84619,675362.21,332,F1,1,,,,,
2026-09-07,2026-09-07,CM,NSE,STK,15151,INE925C01016,MADHAV,EQ,,,,,MADHAV MARBLE & GRANITE,35.36,35.36,34.66,35.00,35.00,35.36,,35.70,,,1200,42070.73,14,F1,1,,,,,
2026-09-07,2026-09-07,CM,NSE,STK,13668,INE378D01032,MADHUCON,BE,,,,,MADHUCON PROJECTS LTD.,4.60,4.79,4.41,4.67,4.79,4.63,,4.67,,,17448,78923.37,48,F1,1,,,,,
2026-09-07,2026-09-07,CM,NSE,STK,765479,INE1P5601010,MADHURKNIT,ST,,,,,MADHUR KNIT CRAFTS LTD,81.50,81.50,81.50,81.50,81.50,85.75,,81.50,,,1200,97800.00,1,F1,1200,,,,,
2026-09-07,2026-09-07,CM,NSE,STK,18738,INE0P6701019,MADHUSUDAN,ST,,,,,MADHUSUDAN MASALA LIMITED,236.00,239.95,232.70,232.70,232.70,236.00,,232.70,,,13000,3051150.00,13,F1,1000,,,,,
2026-09-07,2026-09-07,CM,NSE,STK,12686,INE900L01028,MBAPL,EQ,,,,,MADHYA BHARAT AGRO P. LTD,166.68,168.43,160.20,163.01,160.20,166.12,,163.01,,,1696919,278617898.22,14566,F1,1,,,,,
2026-09-07,2026-09-07,CM,NSE,STK,4911,INE414A01015,MADRASFERT,EQ,,,,,MADRAS FERTILISERS LTD,65.50,65.56,64.30,64.56,64.37,65.12,,64.56,,,33182,2146017.39,526,F1,1,,,,,
2026-09-07,2026-09-07,CM,NSE,STK,762772,INE270B01035,MAFATIND,EQ,,,,,MAFATLAL INDUSTRIES LTD.,121.66,123.85,121.00,121.83,122.34,121.66,,121.82,,,33638,4109524.75,986,F1,1,,,,,
2026-09-07,2026-09-07,CM,NSE,STK,21392,INE347W01011,MAGADSUGAR,EQ,,,,,MAGADH SUGAR & ENERGY LTD,560.70,585.00,560.00,573.95,571.35,552.05,,574.01,,,72979,41954404.10,4188,F1,1,,,,,
2026-09-07,2026-09-07,CM,NSE,STK,29482,INE613C01026,MCLOUD,EQ,,,,,MAGELLANIC CLOUD LIMITED,26.41,26.50,25.90,25.97,26.00,26.29,,25.97,,,1770283,46179009.11,3698,F1,1,,,,,
2026-09-07,2026-09-07,CM,NSE,STK,14957,INE387I01016,MAGNUM,EQ,,,,,MAGNUM VENTURES LTD.,18.81,19.46,18.40,19.12,19.12,19.00,,19.10,,,23999,458037.04,157,F1,1,,,,,
2026-09-07,2026-09-07,CM,NSE,STK,17088,INE0O1S01012,MAGSON,SM,,,,,MAGSON RETAIL AND DIST L,183.00,187.90,181.95,185.45,187.90,184.00,,185.45,,,4000,735850.00,4,F1,1000,,,,,
2026-09-07,2026-09-07,CM,NSE,STK,5239,INE843B01013,MAHAPEXLTD,EQ,,,,,MAHA RASHTRA APEX COPR. L,53.98,58.78,53.80,55.94,55.00,53.51,,55.94,,,10593,595958.17,285,F1,1,,,,,
2026-09-07,2026-09-07,CM,NSE,STK,24937,INE0US801024,MFML,EQ,,,,,MAHALAXMI FABRIC MILLS LT,18.99,19.80,18.18,18.62,19.20,18.59,,18.62,,,3340,62373.93,58,F1,1,,,,,
2026-09-07,2026-09-07,CM,NSE,STK,7889,INE112D01035,MHLXMIRU,BE,,,,,MAHALAXMI RUBTECH LIMITED,174.89,175.00,166.15,175.00,175.00,174.89,,175.00,,,44184,7678354.85,159,F1,1,,,,,
2026-09-07,2026-09-07,CM,NSE,STK,17531,INE451L01014,MAHASTEEL,BE,,,,,MAHAMAYA STEEL INDS LTD,1268.40,1309.90,1231.00,1294.40,1278.30,1282.50,,1293.67,,,5574,7085815.20,391,F1,1,,,,,
2026-09-07,2026-09-07,CM,NSE,STK,17534,INE002S01010,MGL,EQ,,,,,MAHANAGAR GAS LTD.,1097.00,1105.00,1088.10,1092.10,1090.00,1096.60,,1092.09,,,99788,109160562.70,10617,F1,1,,,,,
2026-09-07,2026-09-07,CM,NSE,STK,2294,INE153A01019,MTNL,EQ,,,,,MAHANAGAR TELEPHONE NIGAM,26.63,26.63,25.90,26.05,26.00,26.55,,26.05,,,826835,21691710.17,3026,F1,1,,,,,
2026-09-07,2026-09-07,CM,NSE,STK,2085,INE288A01013,MAHSCOOTER,EQ,,,,,MAHARASHTRA SCOOTERS LTD,13602.00,13628.00,13400.00,13493.00,13500.00,13602.00,,13492.81,,,3534,47683248.00,1087,F1,1,,,,,
2026-09-07,2026-09-07,CM,NSE,STK,2088,INE271B01025,MAHSEAMLES,EQ,,,,,MAHARASHTRA SEAMLESS LTD,691.00,717.80,676.95,688.95,689.00,688.10,,688.92,,,911812,638422872.95,46780,F1,1,,,,,
2026-09-07,2026-09-07,CM,NSE,STK,758688,INE632Q01018,MRIL,ST,,,,,MAHENDRA REALTO & INFRA L,60.10,60.15,60.10,60.15,60.15,57.30,,60.15,,,6400,384880.00,4,F1,1600,,,,,
2026-09-07,2026-09-07,CM,NSE,STK,9577,INE263W01010,MAHESHWARI,BE,,,,,MAHESHWARI LOGISTICS LTD.,71.01,72.93,71.01,71.05,72.93,72.21,,71.05,,,9419,670920.19,26,F1,1,,,,,
2026-09-07,2026-09-07,CM,NSE,STK,2839,INE961Y01015,MAHICKRA,SM,,,,,MAHICKRA CHEMICAL LIMITED,282.50,297.00,282.50,292.00,297.00,290.00,,292.00,,,3750,1077375.00,5,F1,750,,,,,
2026-09-07,2026-09-07,CM,NSE,STK,2031,INE101A01026,M&M,EQ,,,,,MAHINDRA & MAHINDRA LTD,3154.10,3178.00,3145.00,3160.00,3160.00,3170.00,,3160.01,,,1715004,5426276364.30,87156,F1,1,,,,,
2026-09-07,2026-09-07,CM,NSE,STK,17603,INE215D01010,MAHEPC,EQ,,,,,MAHINDRA EPC IRRIG LTD,105.80,105.80,101.65,103.17,102.36,103.62,,103.17,,,25774,2658484.91,389,F1,1,,,,,
2026-09-07,2026-09-07,CM,NSE,STK,17333,INE998I01010,MHRIL,EQ,,,,,MAHINDRA HOLIDAYS LTD,208.50,208.59,204.79,205.53,205.10,207.40,,205.53,,,95483,19706792.16,2957,F1,1,,,,,
2026-09-07,2026-09-07,CM,NSE,STK,8050,INE813A01018,MAHLIFE,EQ,,,,,MAHINDRA LIFESPACE DEVLTD,362.40,369.00,355.15,360.15,359.85,362.40,,360.19,,,65575,23629625.65,3058,F1,1,,,,,
2026-09-07,2026-09-07,CM,NSE,STK,385,INE766P01016,MAHLOG,EQ,,,,,MAHINDRA LOGISTIC LIMITED,406.95,412.00,401.55,403.20,404.30,405.35,,403.20,,,156509,63708526.35,9470,F1,1,,,,,
2026-09-07,2026-09-07,CM,NSE,STK,24538,INE683C01011,MAITHANALL,EQ,,,,,MAITHAN ALLOYS LTD,1130.00,1195.00,1098.10,1103.85,1102.00,1090.55,,1103.86,,,993839,1145292213.60,52702,F1,1,,,,,
2026-09-07,2026-09-07,CM,NSE,STK,19809,INE0PLQ01011,MAITREYA,SM,,,,,MAITREYA MEDICARE LIMITED,130.50,130.50,115.10,116.00,116.00,120.00,,116.00,,,4400,517960.00,11,F1,400,,,,,
2026-09-07,2026-09-07,CM,NSE,STK,762780,INE201B01022,MAJESAUT,BE,,,,,MAJESTIC AUTO LTD.,357.45,357.45,350.00,352.15,352.00,354.95,,352.15,,,2218,784260.45,130,F1,1,,,,,
2026-09-07,2026-09-07,CM,NSE,STK,764773,INE987A01010,MAKERSL,EQ,,,,,MAKERS LABORATORIES LTD.,195.45,195.45,176.20,186.75,186.00,189.90,,186.76,,,2555,471661.90,149,F1,1,,,,,
2026-09-07,2026-09-07,CM,NSE,STK,11218,INE0CDK01019,MAKS,SM,,,,,MAKS ENERGY SOL INDIA LTD,15.85,15.85,15.85,15.85,15.85,15.10,,15.85,,,1500,23775.00,1,F1,1500,,,,,
2026-09-07,2026-09-07,CM,NSE,STK,7965,INE389C01015,MALLCOM,EQ,,,,,MALLCOM (INDIA) LIMITED,1018.60,1018.60,966.00,977.30,977.00,1018.15,,977.35,,,4489,4417720.20,399,F1,1,,,,,
2026-09-07,2026-09-07,CM,NSE,STK,13352,INE383H01017,MALUPAPER,EQ,,,,,MALU PAPER MILLS LIMITED,32.44,34.95,31.69,33.07,33.30,31.65,,33.09,,,181607,6069262.49,1183,F1,1,,,,,
2026-09-07,2026-09-07,CM,NSE,STK,28687,INE0TO701015,MAMATA,EQ,,,,,MAMATA MACHINERY LIMITED,412.50,424.65,402.00,413.50,415.00,412.55,,413.50,,,63489,26526861.50,4244,F1,1,,,,,
2026-09-07,2026-09-07,CM,NSE,STK,7413,INE830Q01018,MANAKCOAT,EQ,,,,,MAN COAT METAL & IND LTD,121.05,123.00,120.76,121.15,120.80,121.80,,121.15,,,86174,10476647.87,1332,F1,1,,,,,
2026-09-07,2026-09-07,CM,NSE,STK,11884,INE993A01026,MANINDS,EQ,,,,,MAN INDUSTRIES (I) LTD.,794.70,826.95,776.00,819.40,822.00,788.55,,819.48,,,695397,556499981.95,28736,F1,1,,,,,
2026-09-07,2026-09-07,CM,NSE,STK,18226,INE949H01023,MANINFRA,EQ,,,,,MAN INFRA LTD,125.50,127.79,124.00,124.42,124.50,124.80,,124.42,,,1448189,182684625.37,13248,F1,1,,,,,
2026-09-07,2026-09-07,CM,NSE,STK,7420,INE859Q01017,MANAKALUCO,EQ,,,,,MANAK ALUMINIUM CO. LTD.,38.00,39.85,38.00,39.44,39.41,38.10,,39.44,,,87012,3405206.91,1245,F1,1,,,,,
2026-09-07,2026-09-07,CM,NSE,STK,15199,INE015D01022,MANAKSIA,EQ,,,,,MANAKSIA LTD.,64.30,68.40,62.88,66.36,65.70,63.05,,66.34,,,274781,18218982.43,2589,F1,1,,,,,
2026-09-07,2026-09-07,CM,NSE,STK,7482,INE824Q01011,MANAKSTEEL,BE,,,,,MANAKSIA STEELS LTD,107.00,110.16,105.00,106.41,106.99,107.30,,105.60,,,80511,8651113.37,414,F1,1,,,,,
2026-09-07,2026-09-07,CM,NSE,STK,13796,INE201A01024,MANALIPETC,EQ,,,,,MANALI PETROCHEMICALS LT,88.00,88.14,84.67,86.16,86.25,86.76,,86.16,,,2321723,200541218.01,13711,F1,1,,,,,
2026-09-07,2026-09-07,CM,NSE,STK,19061,INE522D01027,MANAPPURAM,EQ,,,,,MANAPPURAM FINANCE LTD,332.35,332.35,323.15,325.60,325.60,339.70,,325.58,,,9089525,2967179687.05,77169,F1,1,,,,,
2026-09-07,2026-09-07,CM,NSE,STK,759354,INE0U4H01011,MPEL,ST,,,,,MANAS POLYMER N ENERGIE L,28.70,28.70,27.35,27.35,27.35,27.35,,27.35,,,19200,542960.00,11,F1,1600,,,,,
2026-09-07,2026-09-07,CM,NSE,STK,21697,INE104Y01012,MANAV,SM,,,,,MANAV INFRA PROJECTS LTD,39.00,40.00,39.00,40.00,40.00,38.70,,40.00,,,16000,632000.00,2,F1,4000,,,,,
2026-09-07,2026-09-07,CM,NSE,STK,25597,INE939X01013,MANBA,EQ,,,,,MANBA FINANCE LIMITED,130.03,131.98,129.50,130.79,130.50,128.95,,130.81,,,50373,6591880.57,446,F1,1,,,,,
2026-09-07,2026-09-07,CM,NSE,STK,24823,INE545L01039,MANCREDIT,EQ,,,,,MANGAL CREDIT N FINCORP L,226.00,228.55,224.98,226.94,225.10,228.33,,226.87,,,64748,14645624.87,661,F1,1,,,,,
2026-09-07,2026-09-07,CM,NSE,STK,758748,INE0PKD01011,MEIL,EQ,,,,,MANGAL ELECTRICAL IND L,284.00,285.95,277.15,279.25,277.15,285.10,,279.27,,,68490,19314591.40,1842,F1,1,,,,,
2026-09-07,2026-09-07,CM,NSE,STK,19134,INE00C401011,MAL,SM,,,,,MANGALAM ALLOYS LIMITED,40.00,40.10,40.00,40.10,40.10,38.20,,40.10,,,16000,641440.00,10,F1,1600,,,,,
2026-09-07,2026-09-07,CM,NSE,STK,2106,INE347A01017,MANGLMCEM,EQ,,,,,MANGALAM CEMENT LTD,1088.50,1110.10,1082.80,1090.20,1090.20,1095.20,,1090.20,,,74696,81740702.50,3247,F1,1,,,,,
2026-09-07,2026-09-07,CM,NSE,STK,11817,INE584F01014,MANGALAM,EQ,,,,,MANGALAM DRUG & CHEM LTD,30.00,30.43,29.30,29.57,29.56,30.02,,29.56,,,25964,774016.45,411,F1,1,,,,,
2026-09-07,2026-09-07,CM,NSE,STK,1593,INE0APB01032,MGEL,EQ,,,,,MANGALAM GLOBAL ENT LTD,14.86,17.08,13.00,15.72,15.52,14.24,,15.72,,,1420121,22214373.77,1436,F1,1,,,,,
2026-09-07,2026-09-07,CM,NSE,STK,6422,INE370D01013,MANORG,EQ,,,,,MANGALAM ORGANICS LIMITED,491.30,509.30,491.00,494.70,491.00,489.50,,494.88,,,5971,2980962.20,420,F1,1,,,,,
2026-09-07,2026-09-07,CM,NSE,STK,764783,INE829S01016,MSL,EQ,,,,,MANGALAM SEEDS LTD.,142.22,144.00,140.10,144.00,144.00,142.22,,142.39,,,468,66204.33,16,F1,1,,,,,
2026-09-07,2026-09-07,CM,NSE,STK,759169,INE0JYY01029,MWL,EQ,,,,,MANGALAM WORLDWIDE LTD,39.30,40.79,37.90,38.50,39.19,38.56,,38.50,,,560275,21926476.79,3770,F1,1,,,,,
2026-09-07,2026-09-07,CM,NSE,STK,760174,INE1ERK01013,MANILAM,SM,,,,,MANILAM INDUSTRIES IND L,46.00,47.95,46.00,46.00,46.00,48.00,,46.00,,,8000,372000.00,4,F1,2000,,,,,
2026-09-07,2026-09-07,CM,NSE,STK,764357,INE459N01021,MANIPALHOS,EQ,,,,,MANIPAL HEALTH ENTERPRI L,730.00,734.80,708.10,727.25,723.00,725.20,,727.24,,,1800446,1304922474.90,41432,F1,1,,,,,
2026-09-07,2026-09-07,CM,NSE,STK,15380,INE634S01028,MANKIND,EQ,,,,,MANKIND PHARMA LIMITED,2317.00,2331.60,2303.50,2318.00,2318.00,2327.90,,2318.04,,,153500,355542319.80,15386,F1,1,,,,,
2026-09-07,2026-09-07,CM,NSE,STK,19015,INE0KNT01012,MVGJL,EQ,,,,,MANOJ VAIBHAV GEM N JEW L,181.90,215.88,181.00,215.88,215.88,179.90,,215.88,,,3202765,657072768.74,51174,F1,1,,,,,
2026-09-07,2026-09-07,CM,NSE,STK,13753,INE784W01015,MANOMAY,EQ,,,,,MANOMAY TEX INDIA LTD,239.80,240.51,231.41,234.48,236.50,234.97,,234.49,,,299405,70826269.84,6020,F1,1,,,,,
2026-09-07,2026-09-07,CM,NSE,STK,10227,INE00VM01036,MANORAMA,EQ,,,,,MANORAMA INDUSTRIES LTD,1993.00,2024.70,1967.30,2003.60,1997.30,1993.40,,2003.57,,,213280,426219834.00,21481,F1,1,,,,,
2026-09-07,2026-09-07,CM,NSE,STK,13575,INE867A01022,MANUGRAPH,BE,,,,,MANUGRAPH INDIA LIMITED,14.75,15.45,14.11,14.87,15.00,14.75,,14.87,,,23384,344562.21,119,F1,1,,,,,
2026-09-07,2026-09-07,CM,NSE,STK,2112,INE882A01013,MARALOVER,EQ,,,,,MARAL OVERSEAS LTD,63.98,65.00,62.21,64.26,64.00,61.83,,64.27,,,98744,6321466.86,528,F1,1,,,,,
2026-09-07,2026-09-07,CM,NSE,STK,18659,INE182D01020,MARATHON,EQ,,,,,MARATHON NXTGEN REALT LTD,439.00,461.50,430.95,459.50,460.60,437.90,,459.51,,,267908,120526031.05,8275,F1,1,,,,,
2026-09-07,2026-09-07,CM,NSE,STK,18773,INE0QP001012,MARCO,SM,,,,,MARCO CABLE & CONDUCTOR L,31.30,31.90,30.15,30.95,31.00,31.15,,30.95,,,33000,1015500.00,21,F1,1500,,,,,
2026-09-07,2026-09-07,CM,NSE,STK,4067,INE196A01026,MARICO,EQ,,,,,MARICO LIMITED,815.15,819.05,802.50,806.00,806.00,815.15,,806.00,,,717139,579109659.20,28341,F1,1,,,,,
2026-09-07,2026-09-07,CM,NSE,STK,1328,INE01JE01028,MARINE,EQ,,,,,MARINE ELECTRICAL (I) LTD,431.45,435.95,415.00,419.95,417.95,432.15,,419.95,,,522124,222216613.65,17248,F1,1,,,,,
2026-09-07,2026-09-07,CM,NSE,STK,760204,INE0FW001016,MARKOLINES,EQ,,,,,MARKOLINES PAVEMENT TEC L,172.00,180.80,169.73,175.36,174.80,171.89,,175.36,,,761919,133575442.50,5289,F1,1,,,,,
2026-09-07,2026-09-07,CM,NSE,STK,10579,INE750C01026,MARKSANS,EQ,,,,,MARKSANS PHARMA LIMITED,327.50,339.00,326.75,335.05,337.00,326.75,,335.05,,,2798363,934172835.10,47159,F1,1,,,,,
2026-09-07,2026-09-07,CM,NSE,STK,761386,INE415B01044,MARSONS,EQ,,,,,MARSONS LIMITED,139.40,144.28,127.92,128.83,128.80,137.56,,128.83,,,4849194,662607242.14,34433,F1,1,,,,,
2026-09-07,2026-09-07,CM,NSE,STK,10999,INE585B01010,MARUTI,EQ,,,,,MARUTI SUZUKI INDIA LTD.,12691.00,12833.00,12618.00,12760.00,12760.00,12694.00,,12760.00,,,413778,5279179449.00,54553,F1,1,,,,,
2026-09-07,2026-09-07,CM,NSE,STK,199,INE348L01012,MASFIN,EQ,,,,,MAS FINANCIAL SERV LTD,295.20,296.80,292.25,295.25,295.80,295.00,,295.25,,,96140,28321870.35,7913,F1,1,,,,,
2026-09-07,2026-09-07,CM,NSE,STK,18727,INE885F01015,MASKINVEST,EQ,,,,,MASK INVESTMENTS LIMITED,147.90,148.00,147.90,148.00,148.00,148.64,,148.00,,,11,1627.00,2,F1,1,,,,,
2026-09-07,2026-09-07,CM,NSE,STK,24278,INE0SH001010,MASON,SM,,,,,MASON INFRATECH LIMITED,115.75,116.60,114.30,114.30,114.30,113.90,,114.30,,,2500,287650.00,4,F1,500,,,,,
2026-09-07,2026-09-07,CM,NSE,STK,2124,INE759A01021,MASTEK,EQ,,,,,MASTEK LTD,1769.00,1770.00,1681.60,1691.70,1690.40,1772.90,,1691.72,,,94731,162153925.20,12702,F1,1,,,,,
2026-09-07,2026-09-07,CM,NSE,STK,19011,INE0OJM01017,MASTER,SM,,,,,MASTER COMPONENTS LIMITED,425.00,425.00,424.00,424.00,424.00,429.95,,424.00,,,3000,1273500.00,6,F1,500,,,,,
2026-09-07,2026-09-07,CM,NSE,STK,27047,INE677D01037,MASTERTR,EQ,,,,,MASTER TRUST LIMITED,90.20,92.93,87.00,88.86,89.00,89.16,,88.84,,,1260805,113230384.16,10272,F1,1,,,,,
2026-09-07,2026-09-07,CM,NSE,STK,21726,INE866R01028,MATRIMONY,EQ,,,,,MATRIMONY.COM LIMITED,528.50,528.50,520.00,521.45,520.50,529.05,,521.45,,,7444,3893441.45,501,F1,1,,,,,
2026-09-07,2026-09-07,CM,NSE,STK,759945,INE132901013,MGSL,SM,,,,,MATRIX GEO SOLUTIONS LTD,74.50,74.75,72.00,73.00,73.00,73.80,,73.00,,,22800,1670760.00,19,F1,1200,,,,,
2026-09-07,2026-09-07,CM,NSE,STK,17022,INE636A01039,MAWANASUG,EQ,,,,,MAWANA SUGARS LIMITED,147.00,150.99,143.30,145.11,143.80,145.43,,145.11,,,304058,44719976.44,4482,F1,1,,,,,
2026-09-07,2026-09-07,CM,NSE,STK,19646,INE03EI01018,MAXESTATES,EQ,,,,,MAX ESTATES LIMITED,536.65,550.00,529.50,543.20,547.00,542.10,,543.02,,,81378,43887615.70,2814,F1,1,,,,,
2026-09-07,2026-09-07,CM,NSE,STK,2142,INE180A01020,MFSL,EQ,,,,,MAX FINANCIAL SERV LTD,1537.50,1544.30,1510.00,1520.00,1520.00,1548.40,,1520.00,,,938109,1430518294.10,21890,F1,1,,,,,
2026-09-07,2026-09-07,CM,NSE,STK,22377,INE027H01010,MAXHEALTH,EQ,,,,,MAX HEALTHCARE INS LTD,983.00,994.90,974.00,992.00,992.00,984.80,,991.99,,,1854549,1831744927.90,36693,F1,1,,,,,
2026-09-07,2026-09-07,CM,NSE,STK,22428,INE0CG601016,MAXIND,EQ,,,,,MAX INDIA LIMITED,151.90,153.69,145.36,147.69,147.17,150.66,,147.69,,,66352,9891074.12,1109,F1,1,,,,,
2026-09-07,2026-09-07,CM,NSE,STK,21691,INE0ECC01022,MAXPOSURE,SM,,,,,MAXPOSURE LIMITED,31.50,31.50,30.30,30.45,30.45,29.80,,30.45,,,10000,305250.00,7,F1,1000,,,,,
2026-09-07,2026-09-07,CM,NSE,STK,29645,INE10A501018,MAXVOLT,SM,,,,,MAXVOLT ENERGY INDUS L,316.00,331.00,316.00,324.90,322.50,324.80,,324.90,,,34000,11041560.00,72,F1,400,,,,,
2026-09-07,2026-09-07,CM,NSE,STK,28906,INE040D01038,MAYURUNIQ,EQ,,,,,MAYUR UNIQUOTERS LTD,725.05,731.55,701.70,712.40,714.50,734.85,,712.40,,,174923,124480463.15,11335,F1,1,,,,,
2026-09-07,2026-09-07,CM,NSE,STK,509,INE249Z01020,MAZDOCK,EQ,,,,,MAZAGON DOCK SHIPBUIL LTD,2490.00,2505.30,2434.10,2454.20,2454.20,2475.00,,2453.87,,,535900,1321411426.10,25834,F1,1,,,,,
2026-09-07,2026-09-07,CM,NSE,STK,18870,INE885E01042,MAZDA,BE,,,,,MAZDA LIMITED,266.00,276.00,260.60,274.20,276.00,270.00,,274.15,,,36482,9886162.50,330,F1,1,,,,,
2026-09-07,2026-09-07,CM,NSE,STK,18029,INE912H01013,MBLINFRA,EQ,,,,,MBL INFRASTRUCTURE LTD,24.54,24.54,23.10,23.35,23.35,24.30,,23.35,,,70027,1647062.61,190,F1,1,,,,,
2026-09-07,2026-09-07,CM,NSE,STK,11943,INE942G01012,MCLEODRUSS,EQ,,,,,MCLEOD RUSSEL INDIA LTD.,46.30,46.59,44.72,45.17,45.30,46.30,,45.17,,,323414,14773859.07,1473,F1,1,,,,,
2026-09-07,2026-09-07,CM,NSE,STK,13687,INE748A01024,MBECL,BE,,,,,MCNALLY BHARAT ENGIN CO L,271.83,271.83,271.83,271.83,271.83,258.89,,271.83,,,1273,346039.59,80,F1,1,,,,,
2026-09-07,2026-09-07,CM,NSE,STK,14574,INE0O4M01019,MCON,SM,,,,,MCON RASAYAN INDIA LTD,44.00,44.00,42.55,42.55,42.55,44.00,,42.55,,,2000,86550.00,2,F1,1000,,,,,
2026-09-07,2026-09-07,CM,NSE,STK,21705,INE456Z01021,MEDIASSIST,EQ,,,,,MEDI ASSIST HEALTH SER L,344.95,344.95,333.15,336.50,336.95,340.35,,336.52,,,108756,36600240.45,7380,F1,1,,,,,
2026-09-07,2026-09-07,CM,NSE,STK,765110,INE442D01010,MEDICAPQ,EQ,,,,,MEDI CAPS LTD.,26.94,26.94,24.00,26.90,26.90,26.29,,26.92,,,2926,75475.06,38,F1,1,,,,,
2026-09-07,2026-09-07,CM,NSE,STK,762802,INE200D01020,MMWL,EQ,,,,,MEDIA MATRIX WORLDWIDE L,14.25,14.80,13.95,14.34,14.50,14.53,,14.34,,,15481,223742.83,174,F1,1,,,,,
2026-09-07,2026-09-07,CM,NSE,STK,6278,INE646B01010,MEDICAMEQ,EQ,,,,,MEDICAMEN BIOTECH LIMITED,273.00,288.00,267.00,279.25,280.00,270.25,,279.18,,,149313,41819831.10,3415,F1,1,,,,,
2026-09-07,2026-09-07,CM,NSE,STK,9667,INE630Y01024,MEDICO,EQ,,,,,MEDICO REMEDIES LIMITED,39.87,41.10,39.49,40.77,40.70,39.87,,40.77,,,106027,4292045.83,1117,F1,1,,,,,
2026-09-07,2026-09-07,CM,NSE,STK,758423,INE0UOY01019,MEDISTEP,SM,,,,,MEDISTEP HEALTHCARE LTD,23.00,23.50,23.00,23.40,23.40,22.90,,23.40,,,42000,972300.00,7,F1,3000,,,,,
2026-09-07,2026-09-07,CM,NSE,STK,7254,INE804L01022,MEDPLUS,EQ,,,,,MEDPLUS HEALTH SERV LTD,670.00,672.05,656.55,659.70,659.80,676.35,,659.69,,,150921,99644249.05,9452,F1,1,,,,,
2026-09-07,2026-09-07,CM,NSE,STK,760229,INE0VDM01015,MEESHO,EQ,,,,,MEESHO LIMITED,209.98,211.24,205.75,210.30,209.49,209.00,,210.29,,,15413416,3231696517.60,124025,F1,1,,,,,
2026-09-07,2026-09-07,CM,NSE,STK,10971,INE0G1D01014,MEGAFLEX,SM,,,,,MEGA FLEX PLASTICS LTD,91.00,95.00,91.00,95.00,95.00,91.00,,95.00,,,5000,467000.00,5,F1,1000,,,,,
2026-09-07,2026-09-07,CM,NSE,STK,8153,INE00EM01016,MEGASTAR,EQ,,,,,MEGASTAR FOODS LIMITED,308.95,308.95,298.00,300.10,299.20,307.60,,300.28,,,3236,982302.25,110,F1,1,,,,,
2026-09-07,2026-09-07,CM,NSE,STK,22560,INE531R01010,MEGATHERM,SM,,,,,MEGATHERM INDUCTION LTD,231.00,231.00,220.00,220.50,221.00,228.75,,220.50,,,9600,2167940.00,21,F1,400,,,,,
2026-09-07,2026-09-07,CM,NSE,STK,5394,INE0CT101020,MOL,EQ,,,,,MEGHMANI ORGANICS LIMITED,66.99,67.40,65.36,65.73,65.80,66.66,,65.73,,,1280175,84885003.33,6440,F1,1,,,,,
2026-09-07,2026-09-07,CM,NSE,STK,764778,INE898Q01015,MIIL,EQ,,,,,MEGHNA INFRACON INFRA L,722.50,733.55,707.50,710.15,715.90,717.05,,709.67,,,57187,40727274.90,888,F1,1,,,,,
2026-09-07,2026-09-07,CM,NSE,STK,6971,INE071D01033,MENONBE,BE,,,,,MENON BEARINGS LIMITED,320.00,324.00,305.35,306.35,307.00,321.40,,306.57,,,74902,23334566.00,1228,F1,1,,,,,
2026-09-07,2026-09-07,CM,NSE,STK,762787,INE650G01029,MENNPIS,EQ,,,,,MENON PISTONS LTD.,78.00,83.99,78.00,81.72,82.44,77.64,,81.70,,,331191,26975915.23,4669,F1,1,,,,,
2026-09-07,2026-09-07,CM,NSE,STK,25882,INE776I01010,MEP,BZ,,,,,MEP INFRA. DEVELOPERS LTD,0.70,0.70,0.70,0.70,0.70,0.71,,0.70,,,27863,19504.10,38,F1,1,,,,,
2026-09-07,2026-09-07,CM,NSE,STK,762792,INE689O01013,MERCANTILE,EQ,,,,,MERCANTILE VENTURES LTD.,24.99,27.70,24.01,24.43,24.06,25.45,,24.44,,,977634,25253913.26,1867,F1,1,,,,,
2026-09-07,2026-09-07,CM,NSE,STK,763663,INE763M01028,MERCURYEV,EQ,,,,,MERCURY EV-TECH LIMITED,36.74,38.00,34.00,37.40,37.69,36.74,,37.41,,,4166748,153118444.17,1652,F1,1,,,,,
2026-09-07,2026-09-07,CM,NSE,STK,764278,INE1II801013,METALIC,ST,,,,,METALIC TECHNOFORGE LTD,138.00,141.35,132.40,137.60,137.60,134.65,,137.60,,,52800,7258320.00,30,F1,1600,,,,,
2026-09-07,2026-09-07,CM,NSE,STK,7242,INE317I01021,METROBRAND,EQ,,,,,METRO BRANDS LIMITED,932.00,942.35,926.15,934.50,936.30,929.15,,934.55,,,32820,30677942.25,9767,F1,1,,,,,
2026-09-07,2026-09-07,CM,NSE,STK,762797,INE085D01033,METROGLOBL,EQ,,,,,METROGLOBAL LTD.,137.99,142.00,132.20,140.00,140.00,136.14,,140.00,,,377,51576.70,36,F1,1,,,,,
2026-09-07,2026-09-07,CM,NSE,STK,9581,INE112L01020,METROPOLIS,EQ,,,,,METROPOLIS HEALTHCARE LTD,588.70,588.70,574.40,577.75,578.60,588.70,,577.76,,,174730,101150818.70,18432,F1,1,,,,,
2026-09-07,2026-09-07,CM,NSE,STK,7165,INE287C01037,MICEL,BE,,,,,MIC ELECTRONICS LTD,36.52,37.20,36.52,37.00,37.00,36.74,,37.30,,,198925,7366186.04,740,F1,1,,,,,
2026-09-07,2026-09-07,CM,NSE,STK,19887,INE0PZK01014,MICROPRO,SM,,,,,MICROPRO SOFTWARE SOL L,17.70,19.40,17.70,19.40,19.40,19.85,,19.40,,,3200,59360.00,2,F1,1600,,,,,
2026-09-07,2026-09-07,CM,NSE,STK,759517,INE0XAD01024,MIDWESTLTD,EQ,,,,,MIDWEST LIMITED,1074.50,1078.90,1051.00,1062.60,1070.00,1062.10,,1062.52,,,11743,12474920.10,1098,F1,1,,,,,
2026-09-07,2026-09-07,CM,NSE,STK,765125,INE588G01021,MLKFOOD,EQ,,,,,MILKFOOD LTD.,86.48,88.00,84.05,85.80,85.74,83.63,,85.69,,,2956,254431.98,90,F1,1,,,,,
2026-09-07,2026-09-07,CM,NSE,STK,765272,INE00IT01020,MILKYMIST,EQ,,,,,MILKY MIST DAIRY FOOD L,255.06,277.67,248.56,276.01,277.49,252.43,,276.03,,,35261875,9543863685.46,212254,F1,1,,,,,
2026-09-07,2026-09-07,CM,NSE,STK,159,INE376Y01016,MILTON,SM,,,,,MILTON INDUSTRIES LIMITED,38.10,38.10,36.20,36.20,36.20,38.10,,36.20,,,4400,163460.00,2,F1,2200,,,,,
2026-09-07,2026-09-07,CM,NSE,STK,765118,INE097E01028,MINALIND,BE,,,,,MINAL INDUSTRIES LTD.,5.61,5.61,5.61,5.61,5.61,5.35,,5.61,,,215075,1206570.75,294,F1,1,,,,,
2026-09-07,2026-09-07,CM,NSE,STK,25897,INE842C01021,MINDACORP,EQ,,,,,MINDA CORPORATION LTD,690.05,700.15,690.05,695.55,696.30,702.80,,695.56,,,134028,93286419.95,7908,F1,1,,,,,
2026-09-07,2026-09-07,CM,NSE,STK,22308,INE0CCU25019,MINDSPACE,RR,,,,,MINDSPACE BUSINESS P REIT,501.11,502.90,496.01,497.82,497.01,501.11,,497.82,,,241830,120559115.26,6799,F1,1,,,,,
2026-09-07,2026-09-07,CM,NSE,STK,18049,INE110B01017,MINDTECK,EQ,,,,,MINDTECK (INDIA) LIMITED,169.99,173.38,167.15,168.74,169.00,168.81,,168.68,,,28354,4805918.76,889,F1,1,,,,,
2026-09-07,2026-09-07,CM,NSE,STK,19640,INF769K01KU7,ALPHAETF,EQ,,,,,MIRAEAMC - ALPHAETF,25.91,26.69,25.91,26.57,26.58,26.58,,26.55,,,184284,4903359.84,750,F1,1,,,,,
2026-09-07,2026-09-07,CM,NSE,STK,17419,INF769K01KR3,BANKETF,EQ,,,,,MIRAEAMC - BANKETF,585.18,585.18,581.09,581.69,581.37,586.33,,581.69,,,37630,21899004.75,1149,F1,1,,,,,
2026-09-07,2026-09-07,CM,NSE,STK,25725,INF769K01LZ4,BANKPSU,EQ,,,,,MIRAEAMC - BANKPSU,86.14,86.14,84.75,84.91,85.02,86.14,,84.91,,,60427,5128914.53,201,F1,1,,,,,
2026-09-07,2026-09-07,CM,NSE,STK,28969,INF769K01NS5,CONSUMER,EQ,,,,,MIRAEAMC - CONSUMER,12.33,12.33,11.94,11.95,11.99,12.03,,11.95,,,820562,9814377.16,592,F1,1,,,,,
2026-09-07,2026-09-07,CM,NSE,STK,761046,INF769K01QC2,DEFENCE,EQ,,,,,MIRAEAMC - DEFENCE,79.94,82.78,79.94,82.04,82.10,81.99,,82.04,,,253197,20786343.31,1045,F1,1,,,,,
2026-09-07,2026-09-07,CM,NSE,STK,760412,INF769K01PY8,DIVIDEND,EQ,,,,,MIRAEAMC - DIVIDEND,36.35,36.35,35.19,35.32,35.32,35.62,,35.32,,,6234,220015.55,125,F1,1,,,,,
2026-09-07,2026-09-07,CM,NSE,STK,759780,INF769K01PR2,ENERGY,EQ,,,,,MIRAEAMC - ENERGY,39.18,39.18,38.13,38.15,38.27,38.41,,38.15,,,475227,18193443.56,1250,F1,1,,,,,
2026-09-07,2026-09-07,CM,NSE,STK,30121,INF769K01OA1,EQUAL200,EQ,,,,,MIRAEAMC - EQUAL200,14.16,14.16,13.71,13.72,13.74,13.82,,13.73,,,4127,56747.63,87,F1,1,,,,,
2026-09-07,2026-09-07,CM,NSE,STK,757142,INF769K01OO2,EQUAL50,EQ,,,,,MIRAEAMC - EQUAL50,330.22,330.22,327.05,327.67,327.68,330.22,,327.67,,,1412,462776.29,55,F1,1,,,,,
2026-09-07,2026-09-07,CM,NSE,STK,24461,INF769K01LQ3,EVINDIA,EQ,,,,,MIRAEAMC - EVINDIA,33.25,33.25,32.09,32.38,32.39,32.44,,32.37,,,208167,6738678.50,2498,F1,1,,,,,
2026-09-07,2026-09-07,CM,NSE,STK,760986,INF769K01QA6,HEALTHCARE,EQ,,,,,MIRAEAMC - HEALTHCARE,21.94,21.99,21.49,21.64,21.67,21.51,,21.64,,,47020,1016406.91,239,F1,1,,,,,
2026-09-07,2026-09-07,CM,NSE,STK,764333,INF769K01RJ5,HYBRIDETF,EQ,,,,,MIRAEAMC - HYBRIDETF,10.25,10.25,10.03,10.05,10.06,10.03,,10.05,,,7834,78852.60,86,F1,1,,,,,
2026-09-07,2026-09-07,CM,NSE,STK,761030,INF769K01QB4,INFRA,EQ,,,,,MIRAEAMC - INFRA,12.05,12.10,11.97,11.98,11.99,12.04,,11.98,,,19707,236727.24,182,F1,1,,,,,
2026-09-07,2026-09-07,CM,NSE,STK,758595,INF769K01PB6,INTERNET,EQ,,,,,MIRAEAMC - INTERNET,14.60,14.98,14.46,14.53,14.57,14.61,,14.53,,,182327,2657249.99,270,F1,1,,,,,
2026-09-07,2026-09-07,CM,NSE,STK,19633,INF769K01KV5,ITETF,EQ,,,,,MIRAEAMC - ITETF,32.54,32.54,31.67,31.78,31.85,32.54,,31.78,,,452051,14406265.54,1400,F1,1,,,,,
2026-09-07,2026-09-07,CM,NSE,STK,765313,INF769K01RK3,LARGEMID50,EQ,,,,,MIRAEAMC - LARGEMID50,37.00,37.00,36.13,36.15,36.15,36.39,,36.15,,,3824,138330.69,30,F1,1,,,,,
2026-09-07,2026-09-07,CM,NSE,STK,17572,INF769K01KS1,LIQUID,EQ,,,,,MIRAEAMC - LIQUID,999.99,1000.00,999.99,999.99,999.99,999.99,,999.99,,,134800,134799672.80,300,F1,1,,,,,
2026-09-07,2026-09-07,CM,NSE,STK,27075,INF769K01MY5,LIQUIDPLUS,EQ,,,,,MIRAEAMC - LIQUIDPLUS,1102.12,1102.14,1102.12,1102.13,1102.14,1102.01,,1102.13,,,131407,144827970.51,327,F1,1,,,,,
2026-09-07,2026-09-07,CM,NSE,STK,1200,INF769K01GS9,ESG,EQ,,,,,MIRAEAMC - MAESGETF,41.10,41.17,40.80,40.84,40.88,41.15,,40.84,,,5116,209151.46,112,F1,1,,,,,
2026-09-07,2026-09-07,CM,NSE,STK,3507,INF769K01HF4,MAFANG,EQ,,,,,MIRAEAMC - MAFANG,212.74,224.00,210.46,219.37,219.00,207.56,,219.40,,,967348,211646353.84,20894,F1,1,,,,,
2026-09-07,2026-09-07,CM,NSE,STK,5220,INF769K01HI8,BFSI,EQ,,,,,MIRAEAMC - MAFSETF,27.17,27.17,26.95,26.97,27.00,27.17,,26.97,,,109906,2968771.81,999,F1,1,,,,,
2026-09-07,2026-09-07,CM,NSE,STK,14286,INF769K01JP9,GOLDETF,EQ,,,,,MIRAEAMC - MAGOLDETF,148.51,148.51,146.81,147.84,147.78,149.46,,147.84,,,1124196,165731886.65,7130,F1,1,,,,,
2026-09-07,2026-09-07,CM,NSE,STK,14938,INF769K01KF8,GSEC10YEAR,EQ,,,,,MIRAEAMC - MAGS813ETF,30.49,30.49,30.31,30.35,30.35,30.37,,30.35,,,15279,463313.62,743,F1,1,,,,,
2026-09-07,2026-09-07,CM,NSE,STK,7074,INF769K01HS7,MAHKTECH,EQ,,,,,MIRAEAMC - MAHKTECH,22.10,23.20,22.10,23.04,23.06,22.10,,23.04,,,1051069,23893740.83,8068,F1,1,,,,,
2026-09-07,2026-09-07,CM,NSE,STK,8413,INF769K01IC9,MIDCAPETF,EQ,,,,,MIRAEAMC - MAM150ETF,23.98,23.98,23.48,23.61,23.60,23.73,,23.61,,,9967439,235392089.61,8101,F1,1,,,,,
2026-09-07,2026-09-07,CM,NSE,STK,7979,INF769K01IB1,MAKEINDIA,EQ,,,,,MIRAEAMC - MAMFGETF,165.23,168.53,164.31,164.92,164.70,165.23,,164.92,,,61763,10185831.27,759,F1,1,,,,,
2026-09-07,2026-09-07,CM,NSE,STK,6353,INF769K01EG9,NIFTYETF,EQ,,,,,MIRAEAMC - MAN50ETF,267.20,267.20,254.17,258.42,259.10,260.69,,258.42,,,797690,206395600.56,1493,F1,1,,,,,
2026-09-07,2026-09-07,CM,NSE,STK,14786,INF769K01JU9,LOWVOL,EQ,,,,,MIRAEAMC - MANV30F,204.13,204.21,203.30,203.84,203.85,204.13,,203.84,,,2063,420331.34,19,F1,1,,,,,
2026-09-07,2026-09-07,CM,NSE,STK,17181,INF769K01FN2,NEXT50,EQ,,,,,MIRAEAMC - MANXT50,758.88,758.88,748.49,748.99,749.20,755.10,,748.99,,,177686,133149030.45,2184,F1,1,,,,,
2026-09-07,2026-09-07,CM,NSE,STK,16777,INF769K01KG6,SILVERAG,EQ,,,,,MIRAEAMC - MASILVER,225.90,225.90,222.56,223.98,224.06,227.02,,223.98,,,288141,64448361.12,3430,F1,1,,,,,
2026-09-07,2026-09-07,CM,NSE,STK,5782,INF769K01HP3,MASPTOP50,EQ,,,,,MIRAEAMC - MASPTOP50,81.46,87.76,81.46,85.90,86.20,79.86,,85.91,,,985591,83424287.13,10231,F1,1,,,,,
2026-09-07,2026-09-07,CM,NSE,STK,25744,INF769K01LY7,METAL,EQ,,,,,MIRAEAMC - METAL,13.28,13.79,13.25,13.28,13.29,13.46,,13.28,,,1556005,20717670.25,6505,F1,1,,,,,
2026-09-07,2026-09-07,CM,NSE,STK,23855,INF769K01LJ8,MIDSMALL,EQ,,,,,MIRAEAMC - MIDSMALL,52.86,52.86,51.66,51.74,51.70,51.82,,51.74,,,306025,15835912.92,917,F1,1,,,,,
2026-09-07,2026-09-07,CM,NSE,STK,764198,INF769K01RC0,MOMMIDCAP,EQ,,,,,MIRAEAMC - MOMMIDCAP,13.05,13.05,12.94,12.96,12.97,12.99,,12.96,,,1720781,22326110.43,1207,F1,1,,,,,
2026-09-07,2026-09-07,CM,NSE,STK,25080,INF769K01LX9,MULTICAP,EQ,,,,,MIRAEAMC - MULTICAP,16.37,17.37,16.37,16.69,16.72,16.79,,16.69,,,173829,2908943.21,700,F1,1,,,,,
2026-09-07,2026-09-07,CM,NSE,STK,30109,INF769K01ON4,SELECTIPO,EQ,,,,,MIRAEAMC - SELECTIPO,49.86,49.86,48.42,48.47,48.62,48.65,,48.47,,,70853,3443294.10,166,F1,1,,,,,
2026-09-07,2026-09-07,CM,NSE,STK,19224,INF769K01KT9,SENSEXETF,EQ,,,,,MIRAEAMC - SENSEXETF,78.90,79.50,78.50,78.59,78.66,79.20,,78.59,,,24303,1911721.10,434,F1,1,,,,,
2026-09-07,2026-09-07,CM,NSE,STK,759814,INF769K01PQ4,SMALL250,EQ,,,,,MIRAEAMC - SMALL250,18.91,18.91,18.51,18.56,18.58,18.54,,18.55,,,175195,3251701.81,925,F1,1,,,,,
2026-09-07,2026-09-07,CM,NSE,STK,22832,INF769K01LC3,SMALLCAP,EQ,,,,,MIRAEAMC - SMALLCAP,49.39,49.44,48.90,49.27,49.20,48.90,,49.27,,,1426963,70347115.16,3429,F1,1,,,,,
2026-09-07,2026-09-07,CM,NSE,STK,760415,INF769K01PZ5,TOP20,EQ,,,,,MIRAEAMC - TOP20,8.65,8.92,8.65,8.83,8.82,8.88,,8.83,,,39047,344017.66,219,F1,1,,,,,
2026-09-07,2026-09-07,CM,NSE,STK,761511,INF769K01QV2,VALUE,EQ,,,,,MIRAEAMC - VALUE,16.15,16.18,15.99,16.04,16.04,16.15,,16.04,,,46657,748746.87,133,F1,1,,,,,
2026-09-07,2026-09-07,CM,NSE,STK,4394,INE771A01026,MIRZAINT,EQ,,,,,MIRZA INTERNATIONAL LIMIT,31.25,31.79,30.56,31.01,30.56,30.96,,31.02,,,120081,3740318.59,1495,F1,1,,,,,
2026-09-07,2026-09-07,CM,NSE,STK,2463,INE099Z01011,MIDHANI,EQ,,,,,MISHRA DHATU NIGAM LTD,420.90,429.55,418.25,419.90,420.00,418.80,,419.93,,,643391,273039202.15,17805,F1,1,,,,,
2026-09-07,2026-09-07,CM,NSE,STK,8469,INE828O01033,MITCON,EQ,,,,,MITCON CON & ENG SER LTD,77.80,80.90,76.02,80.58,80.90,77.80,,80.58,,,19958,1579607.35,139,F1,1,,,,,
2026-09-07,2026-09-07,CM,NSE,STK,18562,INE997Y01027,MITTAL,EQ,,,,,MITTAL LIFE STYLE LIMITED,0.82,0.96,0.81,0.92,0.91,0.80,,0.92,,,11585530,10829429.32,1939,F1,1,,,,,
2026-09-07,2026-09-07,CM,NSE,STK,13844,INE227C01017,MMFL,EQ,,,,,MM FORGINGS LTD,630.15,635.90,615.20,618.10,618.05,630.10,,618.10,,,137890,86287027.30,5534,F1,1,,,,,
2026-09-07,2026-09-07,CM,NSE,STK,16395,INE511Y01018,MMP,EQ,,,,,MMP INDUSTRIES LIMITED,405.90,455.60,404.50,444.95,448.00,404.15,,444.95,,,388765,170924643.30,10613,F1,1,,,,,
2026-09-07,2026-09-07,CM,NSE,STK,17957,INE123F01029,MMTC,EQ,,,,,MMTC LIMITED,64.50,64.62,63.50,63.82,63.67,64.18,,63.82,,,1021196,65354215.75,7914,F1,1,,,,,
2026-09-07,2026-09-07,CM,NSE,STK,2241,INE794W01014,MODTHREAD,EQ,,,,,MODERN THREADS INDIA LTD,54.91,57.00,54.60,54.70,54.70,54.37,,54.70,,,6400,355641.22,110,F1,1,,,,,
2026-09-07,2026-09-07,CM,NSE,STK,760277,INE537F01012,MODINATUR,EQ,,,,,MODI NATURALS LIMITED,345.00,347.65,339.05,344.80,340.20,340.95,,344.75,,,4172,1436229.95,174,F1,1,,,,,
2026-09-07,2026-09-07,CM,NSE,STK,2229,INE832A01018,MODIRUBBER,EQ,,,,,MODI RUBBER LTD,128.67,139.00,126.00,128.99,128.32,131.30,,128.98,,,3086,402999.40,198,F1,1,,,,,
2026-09-07,2026-09-07,CM,NSE,STK,759752,INE0L0L01012,MODIS,EQ,,,,,MODIS NAVNIRMAN LTD,383.70,385.35,378.00,383.05,383.90,380.85,,383.05,,,26315,10057660.85,1009,F1,1,,,,,
2026-09-07,2026-09-07,CM,NSE,STK,3316,INE737D01021,MODISONLTD,EQ,,,,,MODISON LIMITED,454.50,491.95,452.00,475.60,475.50,469.95,,475.79,,,336826,159037631.90,11778,F1,1,,,,,
2026-09-07,2026-09-07,CM,NSE,STK,1426,INE450S01011,MHHL,SM,,,,,MOHINI HEALTH&HYGIENE LTD,30.05,32.40,30.05,32.40,32.40,31.40,,32.40,,,10500,325950.00,5,F1,1500,,,,,
2026-09-07,2026-09-07,CM,NSE,STK,29423,INE954E01012,MOHITIND,EQ,,,,,MOHIT INDUSTRIES LTD,23.44,25.70,23.44,23.73,24.00,23.78,,23.83,,,3230,77299.64,85,F1,1,,,,,
2026-09-07,2026-09-07,CM,NSE,STK,765130,INE154B01023,MOHITE,EQ,,,,,MOHITE INDUSTRIES LTD.,2.79,2.90,2.70,2.81,2.82,2.79,,2.80,,,140078,387107.30,152,F1,1,,,,,
2026-09-07,2026-09-07,CM,NSE,STK,20830,INE490G01020,MOIL,EQ,,,,,MOIL LIMITED,254.25,255.47,246.90,247.22,247.40,252.30,,247.22,,,649693,161978159.55,13158,F1,1,,,,,
2026-09-07,2026-09-07,CM,NSE,STK,3586,INE514Y01020,MOKSH,EQ,,,,,MOKSH ORNAMENTS LIMITED,10.21,10.21,10.00,10.13,10.18,10.07,,10.13,,,51262,519856.35,176,F1,1,,,,,
2026-09-07,2026-09-07,CM,NSE,STK,764548,INE869T01028,MOLBIO,EQ,,,,,MOLBIO DIAGNOSTICS LTD,1170.00,1183.70,1098.20,1127.20,1130.00,1160.50,,1127.28,,,1068499,1206242761.40,41413,F1,1,,,,,
2026-09-07,2026-09-07,CM,NSE,STK,6713,INE893J01029,MOLDTKPAC,EQ,,,,,MOLD-TEK PACKAGING LTD,706.60,707.30,695.00,697.60,695.00,706.65,,697.63,,,31809,22250213.40,2405,F1,1,,,,,
2026-09-07,2026-09-07,CM,NSE,STK,17629,INE835B01035,MOLDTECH,BE,,,,,MOLD-TEK TECHNOLOGIES LTD,208.96,219.40,208.96,219.18,219.40,208.96,,219.18,,,131595,28456891.60,1161,F1,1,,,,,
2026-09-07,2026-09-07,CM,NSE,STK,7679,INE903D01011,MONARCH,EQ,,,,,MONARCH NETWORTH CAP LTD,377.90,388.90,375.00,383.25,381.25,377.90,,383.25,,,162414,62171197.10,2948,F1,1,,,,,
2026-09-07,2026-09-07,CM,NSE,STK,759381,INE296Q01012,MONEYBOXX,EQ,,,,,MONEYBOXX FINANCE LIMITED,58.79,59.99,56.00,56.83,57.03,58.80,,56.82,,,19082,1082218.73,181,F1,1,,,,,
2026-09-07,2026-09-07,CM,NSE,STK,18392,INE0OIP01012,MONOPHARMA,SM,,,,,MONO PHARMACARE LIMITED,9.00,9.00,9.00,9.00,9.00,8.95,,9.00,,,4000,36000.00,2,F1,2000,,,,,
2026-09-07,2026-09-07,CM,NSE,STK,756958,INE1DV401010,MONOLITH,SM,,,,,MONOLITHISCH INDIA LTD,1267.05,1345.00,1228.00,1312.50,1305.00,1265.65,,1312.50,,,117500,151743562.50,365,F1,250,,,,,
2026-09-07,2026-09-07,CM,NSE,STK,5938,INE950M01013,MONTECARLO,EQ,,,,,MONTE CARLO FASHIONS LTD.,574.10,584.00,571.55,575.45,578.00,574.50,,575.54,,,61489,35445314.20,3107,F1,1,,,,,
2026-09-07,2026-09-07,CM,NSE,STK,25876,INE161G01027,MORARJEE,BZ,,,,,MORARJEE TEXTILES LIMITED,9.22,9.22,9.22,9.22,9.22,9.70,,9.36,,,3055,28167.10,9,F1,1,,,,,
2026-09-07,2026-09-07,CM,NSE,STK,2259,INE083A01026,MOREPENLAB,EQ,,,,,MOREPEN LAB. LTD,115.96,122.14,114.56,118.88,119.00,113.74,,118.87,,,21606889,2564400200.41,86201,F1,1,,,,,
2026-09-07,2026-09-07,CM,NSE,STK,15057,INE0N7S01028,MOS,ST,,,,,MOS UTILITY LIMITED,7.20,7.90,7.20,7.25,7.20,7.55,,7.25,,,1904000,14300200.00,235,F1,4000,,,,,
2026-09-07,2026-09-07,CM,NSE,STK,29459,INE935B01025,MOSCHIP,EQ,,,,,MOSCHIP TECHNOLOGIES LTD,212.00,218.88,210.31,212.60,213.20,212.22,,212.60,,,2023785,434709001.27,24433,F1,1,,,,,
2026-09-07,2026-09-07,CM,NSE,STK,8596,INE0FS801015,MSUMI,EQ,,,,,MOTHERSON SUMI WRNG IND L,36.35,37.05,36.27,36.90,36.95,36.52,,36.90,,,7282689,268302505.87,33052,F1,1,,,,,
2026-09-07,2026-09-07,CM,NSE,STK,21423,INF247L01023,MOM100,EQ,,,,,MOTILAL OS MIDCAP100 ETF,68.12,68.50,67.58,67.83,68.00,68.18,,67.82,,,328993,22357183.31,3645,F1,1,,,,,
2026-09-07,2026-09-07,CM,NSE,STK,22739,INF247L01AP3,MON100,EQ,,,,,MOTILAL OS NASDAQ100 ETF,332.78,339.99,327.84,336.35,335.55,324.67,,336.33,,,1288381,429939329.35,38827,F1,1,,,,,
2026-09-07,2026-09-07,CM,NSE,STK,14947,INE338I01027,MOTILALOFS,EQ,,,,,MOTILAL OSWAL FIN LTD,1037.00,1058.90,1031.40,1055.00,1055.00,1037.00,,1055.01,,,1551861,1630890596.50,36050,F1,1,,,,,
2026-09-07,2026-09-07,CM,NSE,STK,19289,INF247L01536,MOM50,EQ,,,,,MOTILAL OSWAL M50 ETF,250.45,251.20,248.72,249.10,248.72,251.47,,248.82,,,4130,1030227.75,200,F1,1,,,,,
2026-09-07,2026-09-07,CM,NSE,STK,1507,INF247L01AK4,MOGSEC,EQ,,,,,MOTILALAMC - G5,65.06,65.70,65.06,65.20,65.20,65.69,,65.24,,,1738,113725.00,66,F1,1,,,,,
2026-09-07,2026-09-07,CM,NSE,STK,757669,INF247L01FR8,MOALPHA50,EQ,,,,,MOTILALAMC - MOALPHA50,56.36,56.36,55.83,56.19,56.24,56.36,,56.19,,,4419,247476.16,91,F1,1,,,,,
2026-09-07,2026-09-07,CM,NSE,STK,761693,INF247L01GV8,MOBANK10,EQ,,,,,MOTILALAMC - MOBANK10,17.24,17.35,16.67,16.78,16.89,16.95,,16.78,,,8289,139949.54,93,F1,1,,,,,
2026-09-07,2026-09-07,CM,NSE,STK,30065,INF247L01EV3,MOCAPITAL,EQ,,,,,MOTILALAMC - MOCAPITAL,54.50,55.45,54.50,54.82,54.64,54.50,,54.79,,,1027218,56351147.00,3110,F1,1,,,,,
2026-09-07,2026-09-07,CM,NSE,STK,24944,INF247L01DJ0,MODEFENCE,EQ,,,,,MOTILALAMC - MODEFENCE,108.00,108.23,106.79,107.24,106.90,107.14,,107.24,,,1225654,131568547.47,8644,F1,1,,,,,
2026-09-07,2026-09-07,CM,NSE,STK,759374,INF247L01GH7,MOENERGY,EQ,,,,,MOTILALAMC - MOENERGY,38.84,38.84,37.65,37.89,37.80,38.42,,37.89,,,261823,9973384.78,1055,F1,1,,,,,
2026-09-07,2026-09-07,CM,NSE,STK,757791,INF247L01FY4,MOGOLD,EQ,,,,,MOTILALAMC - MOGOLD,151.25,151.25,148.90,150.25,150.35,151.75,,150.28,,,44956,6738241.10,589,F1,1,,,,,
2026-09-07,2026-09-07,CM,NSE,STK,10508,INF247L01BB1,MOHEALTH,EQ,,,,,MOTILALAMC - MOHEALTH,52.88,52.88,51.37,51.89,52.06,51.84,,51.89,,,77382,4008426.40,703,F1,1,,,,,
2026-09-07,2026-09-07,CM,NSE,STK,757031,INF247L01FL1,MOINFRA,EQ,,,,,MOTILALAMC - MOINFRA,60.17,60.17,58.35,58.51,58.40,58.68,,58.51,,,18063,1056240.14,85,F1,1,,,,,
2026-09-07,2026-09-07,CM,NSE,STK,759891,INF247L01GI5,MOIPO,EQ,,,,,MOTILALAMC - MOIPO,49.64,49.64,48.51,48.66,48.80,49.15,,48.66,,,881,42906.37,43,F1,1,,,,,
2026-09-07,2026-09-07,CM,NSE,STK,8654,INF247L01BL0,MOLOWVOL,EQ,,,,,MOTILALAMC - MOLOWVOL,36.12,36.12,35.71,35.93,35.96,36.12,,35.91,,,50020,1787089.33,87,F1,1,,,,,
2026-09-07,2026-09-07,CM,NSE,STK,25606,INF247L01DK8,MOMENTUM50,EQ,,,,,MOTILALAMC - MOMENTUM50,55.00,55.00,54.10,54.33,54.48,54.38,,54.33,,,1121489,60995507.44,1952,F1,1,,,,,
2026-09-07,2026-09-07,CM,NSE,STK,764402,INF247L01HG7,MOMETAL,EQ,,,,,MOTILALAMC - MOMETAL,13.45,13.45,13.15,13.20,13.21,13.32,,13.20,,,20769,274223.35,53,F1,1,,,,,
2026-09-07,2026-09-07,CM,NSE,STK,757099,INF247L01FK3,MOMGF,EQ,,,,,MOTILALAMC - MOMGF,163.30,163.30,161.80,161.86,162.34,165.66,,161.86,,,2408,390138.76,80,F1,1,,,,,
2026-09-07,2026-09-07,CM,NSE,STK,757817,INF247L01FQ0,MOMIDMTM,EQ,,,,,MOTILALAMC - MOMIDMTM,65.02,65.02,64.16,64.44,64.35,64.55,,64.44,,,82907,5342111.42,439,F1,1,,,,,
2026-09-07,2026-09-07,CM,NSE,STK,760054,INF247L01GK1,MOMNC,EQ,,,,,MOTILALAMC - MOMNC,32.83,32.83,32.00,32.02,32.05,32.19,,32.02,,,4522,144853.20,36,F1,1,,,,,
2026-09-07,2026-09-07,CM,NSE,STK,8182,INF247L01BK2,MOMOMENTUM,EQ,,,,,MOTILALAMC - MOMOMENTUM,62.20,62.88,60.55,62.06,61.76,62.27,,62.07,,,56872,3534679.58,553,F1,1,,,,,
2026-09-07,2026-09-07,CM,NSE,STK,756900,INF247L01FC0,MON50EQUAL,EQ,,,,,MOTILALAMC - MON50EQUAL,33.33,33.33,32.77,33.08,33.00,33.17,,33.08,,,5659,185794.67,81,F1,1,,,,,
2026-09-07,2026-09-07,CM,NSE,STK,757167,INF247L01FD8,MONEXT50,EQ,,,,,MOTILALAMC - MONEXT50,73.14,73.14,72.37,72.41,72.92,73.14,,72.41,,,3953,287415.93,99,F1,1,,,,,
2026-09-07,2026-09-07,CM,NSE,STK,759371,INF247L01GG9,MONIFTY100,EQ,,,,,MOTILALAMC - MONIFTY100,25.95,25.95,25.01,25.15,25.19,25.32,,25.15,,,13407,336625.87,114,F1,1,,,,,
2026-09-07,2026-09-07,CM,NSE,STK,19237,INF247L01BU1,MONIFTY500,EQ,,,,,MOTILALAMC - MONIFTY500,24.50,24.50,23.67,23.78,23.80,23.91,,23.78,,,394544,9372200.03,2002,F1,1,,,,,
2026-09-07,2026-09-07,CM,NSE,STK,7422,INF247L01AU3,MONQ50,EQ,,,,,MOTILALAMC - MONQ50,145.47,170.31,142.21,164.09,170.31,141.93,,163.94,,,562328,88832776.25,9924,F1,1,,,,,
2026-09-07,2026-09-07,CM,NSE,STK,764405,INF247L01HH5,MOOILGAS,EQ,,,,,MOTILALAMC - MOOILGAS,11.52,11.52,11.12,11.12,11.18,11.29,,11.12,,,8883,99082.29,60,F1,1,,,,,
2026-09-07,2026-09-07,CM,NSE,STK,757431,INF247L01FO5,MOPSE,EQ,,,,,MOTILALAMC - MOPSE,99.60,101.57,98.77,99.05,99.25,101.57,,99.05,,,3404,337553.36,73,F1,1,,,,,
2026-09-07,2026-09-07,CM,NSE,STK,10822,INF247L01BH8,MOQUALITY,EQ,,,,,MOTILALAMC - MOQUALITY,198.00,198.36,196.49,197.14,197.11,198.73,,197.14,,,1282,252648.64,49,F1,1,,,,,
2026-09-07,2026-09-07,CM,NSE,STK,23184,INF247L01CI4,MOREALTY,EQ,,,,,MOTILALAMC - MOREALTY,94.00,94.00,89.55,89.89,90.00,90.84,,89.89,,,395534,35623844.01,1943,F1,1,,,,,
2026-09-07,2026-09-07,CM,NSE,STK,760001,INF247L01GJ3,MOSERVICE,EQ,,,,,MOTILALAMC - MOSERVICE,31.53,31.53,30.60,30.65,30.74,30.91,,30.65,,,4002,122798.46,99,F1,1,,,,,
2026-09-07,2026-09-07,CM,NSE,STK,758457,INF247L01FZ1,MOSILVER,EQ,,,,,MOTILALAMC - MOSILVER,228.98,228.98,226.25,227.80,227.73,230.02,,227.80,,,27297,6199747.75,964,F1,1,,,,,
2026-09-07,2026-09-07,CM,NSE,STK,23181,INF247L01CH6,MOSMALL250,EQ,,,,,MOTILALAMC - MOSMALL250,18.61,18.64,18.49,18.55,18.58,18.52,,18.54,,,1328215,24656599.70,3056,F1,1,,,,,
2026-09-07,2026-09-07,CM,NSE,STK,757443,INF247L01FP2,MOTOUR,EQ,,,,,MOTILALAMC - MOTOUR,79.29,79.29,77.10,77.37,77.49,77.74,,77.37,,,30320,2345052.99,174,F1,1,,,,,
2026-09-07,2026-09-07,CM,NSE,STK,10825,INF247L01BE5,MOVALUE,EQ,,,,,MOTILALAMC - MOVALUE,113.50,113.80,111.80,112.05,111.96,113.26,,112.05,,,54279,6092653.87,991,F1,1,,,,,
2026-09-07,2026-09-07,CM,NSE,STK,20788,INE0FRK01020,MOTISONS,EQ,,,,,MOTISONS JEWELLERS LTD,16.60,17.44,16.40,16.77,16.79,16.48,,16.77,,,50923605,863279392.04,64367,F1,1,,,,,
2026-09-07,2026-09-07,CM,NSE,STK,2268,INE861B01023,MOTOGENFIN,EQ,,,,,MOTOR & GENERAL FINANCE L,29.25,34.40,28.71,31.37,31.50,28.71,,31.37,,,474032,15158147.67,1573,F1,1,,,,,
2026-09-07,2026-09-07,CM,NSE,STK,13502,INE0N6D01014,MOXSH,SM,,,,,MOXSH OVERSEAS EDUCON LTD,94.50,94.50,94.50,94.50,94.50,99.00,,94.50,,,1600,151200.00,1,F1,1600,,,,,
2026-09-07,2026-09-07,CM,NSE,STK,765138,INE493H01014,MPDL,BE,,,,,MPDL LTD.,32.35,34.75,32.35,33.69,33.69,33.98,,34.34,,,2082,69313.21,18,F1,1,,,,,
2026-09-07,2026-09-07,CM,NSE,STK,4503,INE356A01018,MPHASIS,EQ,,,,,MPHASIS LIMITED,2409.90,2409.90,2340.30,2369.10,2369.10,2422.00,,2368.96,,,382610,902852667.10,30053,F1,1,,,,,
2026-09-07,2026-09-07,CM,NSE,STK,10578,INE943D01017,MPSLTD,EQ,,,,,MPS LIMITED,2666.60,2700.00,2608.10,2635.70,2621.00,2658.90,,2636.08,,,11114,29499409.30,2421,F1,1,,,,,
2026-09-07,2026-09-07,CM,NSE,STK,2277,INE883A01011,MRF,EQ,,,,,MRF LTD,130200.00,130300.00,128705.00,128890.00,128980.00,129945.00,,128889.51,,,3771,486302245.00,2889,F1,1,,,,,
2026-09-07,2026-09-07,CM,NSE,STK,2283,INE103A01014,MRPL,EQ,,,,,MRPL,175.70,176.88,172.25,173.19,173.00,174.83,,173.19,,,2388877,414712340.16,17505,F1,1,,,,,
2026-09-07,2026-09-07,CM,NSE,STK,1628,INE495P01020,BECTORFOOD,EQ,,,,,MRS BECTORS FOOD SPE LTD,225.10,234.99,223.38,230.65,230.75,225.96,,230.64,,,1048506,241920633.63,23225,F1,1,,,,,
2026-09-07,2026-09-07,CM,NSE,STK,11919,INE752G01015,MSPL,EQ,,,,,MSP STEEL & POWER LTD.,35.57,35.90,34.50,34.78,35.02,35.40,,34.78,,,1152651,40256872.54,3405,F1,1,,,,,
2026-09-07,2026-09-07,CM,NSE,STK,9356,INE255X01014,MSTCLTD,EQ,,,,,MSTC LIMITED,738.00,795.00,729.00,785.65,793.00,734.20,,785.64,,,1016067,785679727.55,35124,F1,1,,,,,
2026-09-07,2026-09-07,CM,NSE,STK,31413,INE472M01018,MTEDUCARE,BE,,,,,MT EDUCARE LTD,1.81,1.85,1.81,1.85,1.85,1.77,,1.88,,,26745,49340.39,137,F1,1,,,,,
2026-09-07,2026-09-07,CM,NSE,STK,2715,INE864I01014,MTARTECH,BE,,,,,MTAR TECHNOLOGIES LIMITED,7288.00,7519.00,7170.00,7519.00,7519.00,7161.00,,7518.78,,,176047,1302904207.00,20685,F1,1,,,,,
2026-09-07,2026-09-07,CM,NSE,STK,19783,INE08KJ01020,MUFIN,EQ,,,,,MUFIN GREEN FINANCE LTD,137.50,138.68,135.26,136.17,136.28,137.56,,136.19,,,310297,42583887.96,2975,F1,1,,,,,
2026-09-07,2026-09-07,CM,NSE,STK,11325,INE304A01026,MUKANDLTD,EQ,,,,,MUKAND LTD.,134.00,138.89,133.41,136.90,137.24,134.44,,136.90,,,94829,12971252.74,1478,F1,1,,,,,
2026-09-07,2026-09-07,CM,NSE,STK,764788,INE596B01017,MUKESHB,EQ,,,,,MUKESH BABU FINANC SER L,134.00,134.00,133.50,133.84,133.50,133.91,,134.72,,,163,21817.00,2,F1,1,,,,,
2026-09-07,2026-09-07,CM,NSE,STK,22980,INE0CG401037,MUKKA,EQ,,,,,MUKKA PROTEINS LIMITED,31.50,33.22,31.11,32.15,32.00,31.34,,32.15,,,5209798,168084754.90,21022,F1,1,,,,,
2026-09-07,2026-09-07,CM,NSE,STK,8691,INE374B01019,MUKTAARTS,BE,,,,,MUKTA ARTS LIMITED,61.75,61.75,57.42,59.83,59.90,58.90,,59.81,,,7885,477504.73,98,F1,1,,,,,
2026-09-07,2026-09-07,CM,NSE,STK,31181,INE745G01043,MCX,EQ,,,,,MULTI COMMODITY EXCHANGE,3276.90,3374.40,3276.90,3330.20,3330.20,3275.40,,3330.20,,,1889368,6307631168.80,94673,F1,1,,,,,
2026-09-07,2026-09-07,CM,NSE,STK,759416,INE1K8Y01018,MUNISH,SM,,,,,MUNISH FORGE LIMITED,83.05,83.05,83.00,83.00,83.00,83.05,,83.00,,,6000,498180.00,5,F1,1200,,,,,
2026-09-07,2026-09-07,CM,NSE,STK,13511,INE672B01032,MUNJALAU,EQ,,,,,MUNJAL AUTO IND. LTD.,112.00,117.94,111.41,116.04,115.98,112.28,,116.04,,,1017431,117644764.58,11694,F1,1,,,,,
2026-09-07,2026-09-07,CM,NSE,STK,2307,INE577A01027,MUNJALSHOW,EQ,,,,,MUNJAL SHOWA LTD,128.10,130.85,128.00,129.21,130.00,129.21,,129.27,,,51497,6621243.05,422,F1,1,,,,,
2026-09-07,2026-09-07,CM,NSE,STK,2313,INE692B01014,MURUDCERA,EQ,,,,,MURUDESHWAR CERAMICS LTD,29.17,30.24,28.70,29.33,29.50,29.66,,29.33,,,30157,894353.76,188,F1,1,,,,,
2026-09-07,2026-09-07,CM,NSE,STK,19877,INE919I01024,RADIOCITY,EQ,,,,,MUSIC BROADCAST LIMITED,6.28,6.36,6.20,6.23,6.25,6.28,,6.23,,,37379,234251.72,140,F1,1,,,,,
2026-09-07,2026-09-07,CM,NSE,STK,10415,INE296G01013,MUTHOOTCAP,EQ,,,,,MUTHOOT CAP SERV LTD,237.21,245.00,237.21,239.07,239.00,241.72,,239.05,,,4347,1046625.03,282,F1,1,,,,,
2026-09-07,2026-09-07,CM,NSE,STK,23650,INE414G01012,MUTHOOTFIN,EQ,,,,,MUTHOOT FINANCE LIMITED,2899.00,2920.00,2871.20,2880.00,2880.00,2913.80,,2880.05,,,370903,1074245937.00,27968,F1,1,,,,,
2026-09-07,2026-09-07,CM,NSE,STK,20831,INE046W01019,MUTHOOTMF,EQ,,,,,MUTHOOT MICROFIN LIMITED,205.48,206.50,196.30,197.93,198.39,205.29,,197.95,,,654148,130577273.04,6431,F1,1,,,,,
2026-09-07,2026-09-07,CM,NSE,STK,764397,INE0OWZ01020,MVELECTRO,EQ,,,,,MV ELECTROSYSTEMS LIMITED,729.70,841.10,725.00,806.45,819.80,729.70,,806.34,,,20414269,16612205800.95,424060,F1,1,,,,,
2026-09-07,2026-09-07,CM,NSE,STK,25208,INE0RVQ01016,MYMUDRA,SM,,,,,MY MUDRA FINCORP LIMITED,72.00,72.00,69.00,69.00,69.00,72.00,,69.00,,,18000,1269420.00,12,F1,1200,,,,,
2026-09-07,2026-09-07,CM,NSE,STK,8220,INE741A01011,MYSORPETRO,BE,,,,,MYSORE PETRO CHEMICALS L,130.00,133.47,128.85,133.42,133.47,127.12,,133.42,,,5771,765963.01,134,F1,1,,,,,
2026-09-07,2026-09-07,CM,NSE,STK,20314,INE740D01017,NRAIL,EQ,,,,,N R AGARWAL INDS LTD,595.00,631.00,584.00,589.95,595.00,584.00,,589.90,,,145834,88998225.55,8155,F1,1,,,,,
2026-09-07,2026-09-07,CM,NSE,STK,757489,INE104101014,NRVANDANA,SM,,,,,N R VANDANA TEX IND LTD,72.90,72.90,68.50,68.50,68.50,69.90,,68.50,,,12000,842850.00,4,F1,3000,,,,,
2026-09-07,2026-09-07,CM,NSE,STK,764798,INE920C01017,NTCIND,EQ,,,,,N T C INDUSTRIES LTD.,133.82,137.79,131.15,134.57,134.59,133.16,,132.39,,,3390,451282.53,36,F1,1,,,,,
2026-09-07,2026-09-07,CM,NSE,STK,19111,INE365I01020,NBIFIN,EQ,,,,,N.B.I. IND. FIN. CO. LTD,1991.80,2035.00,1964.00,1967.70,2000.00,1981.90,,1967.70,,,5452,10732126.20,46,F1,1,,,,,
2026-09-07,2026-09-07,CM,NSE,STK,20425,INE295D01020,NACLIND,EQ,,,,,NACL INDUSTRIES LIMITED,169.00,169.00,164.10,164.58,165.00,166.84,,164.57,,,209008,34633367.27,4621,F1,1,,,,,
2026-09-07,2026-09-07,CM,NSE,STK,18371,INE756C01015,NDGL,EQ,,,,,NAGA DHUNSERI GROUP LTD,2722.00,2839.90,2722.00,2790.00,2790.00,2787.70,,2790.00,,,121,337989.50,30,F1,1,,,,,
2026-09-07,2026-09-07,CM,NSE,STK,13060,INE454M01024,NAGAFERT,BZ,,,,,NAGARJUN FERT AND CHE LTD,1.95,1.96,1.95,1.95,1.95,2.05,,1.96,,,321456,626869.76,456,F1,1,,,,,
2026-09-07,2026-09-07,CM,NSE,STK,14942,INE245I01016,NAGREEKCAP,EQ,,,,,NAGREEKA CAP & INFR.LTD,23.00,24.00,23.00,23.75,23.80,23.25,,23.75,,,5595,132682.30,57,F1,1,,,,,
2026-09-07,2026-09-07,CM,NSE,STK,14702,INE123B01028,NAGREEKEXP,EQ,,,,,NAGREEKA EXPORTS LTD.,22.67,23.87,22.20,22.31,22.26,24.10,,22.29,,,59277,1347003.49,557,F1,1,,,,,
2026-09-07,2026-09-07,CM,NSE,STK,15360,INE049I01012,NAHARCAP,EQ,,,,,NAHAR CAP & FIN.,261.95,262.25,255.20,257.85,255.60,261.75,,257.85,,,12931,3338704.10,77,F1,1,,,,,
2026-09-07,2026-09-07,CM,NSE,STK,13106,INE289A01011,NAHARINDUS,EQ,,,,,NAHAR INDS ENT LTD,136.75,142.00,136.44,139.05,139.00,137.63,,139.13,,,36943,5146067.42,1015,F1,1,,,,,
2026-09-07,2026-09-07,CM,NSE,STK,14445,INE308A01027,NAHARPOLY,EQ,,,,,NAHAR POLY FILMS LIMITED,252.99,252.99,236.10,238.38,238.00,244.54,,238.38,,,11368,2736736.41,345,F1,1,,,,,
2026-09-07,2026-09-07,CM,NSE,STK,14440,INE290A01027,NAHARSPING,EQ,,,,,NAHAR SPINNING MILLS LTD.,288.00,295.00,285.10,286.15,289.00,289.80,,286.84,,,31377,9066848.65,667,F1,1,,,,,
2026-09-07,2026-09-07,CM,NSE,STK,5401,INE236Y01012,NGIL,EQ,,,,,NAKODA GROUP OF IND. LTD,41.48,41.48,39.15,40.11,40.30,40.58,,40.11,,,6383,254175.33,53,F1,1,,,,,
2026-09-07,2026-09-07,CM,NSE,STK,11239,INE023A01030,NSIL,EQ,,,,,NALWA SONS INVESTMENT LTD,5675.00,5785.00,5661.00,5677.00,5661.00,5721.50,,5677.00,,,1489,8489324.50,387,F1,1,,,,,
2026-09-07,2026-09-07,CM,NSE,STK,23379,INE0RJM01010,NAMAN,SM,,,,,NAMAN INDUSTRE PRXIMA LTD,40.05,40.10,40.05,40.10,40.10,40.10,,40.10,,,5600,224480.00,7,F1,800,,,,,
2026-09-07,2026-09-07,CM,NSE,STK,25170,INE08NZ01012,NAMOEWASTE,ST,,,,,NAMO EWASTE MANAGEMENT L,279.70,287.75,278.00,284.00,285.00,274.10,,284.00,,,39200,11138040.00,45,F1,800,,,,,
2026-09-07,2026-09-07,CM,NSE,STK,31258,INE875G01048,NDL,EQ,,,,,NANDAN DENIM LIMITED,2.83,3.06,2.79,2.98,3.00,2.83,,2.98,,,2614796,7745318.48,2730,F1,1,,,,,
2026-09-07,2026-09-07,CM,NSE,STK,5516,INE696V01013,JAIPURKURT,EQ,,,,,NANDANI CREATION LIMITED,24.85,25.71,24.85,25.49,25.49,25.33,,25.49,,,26169,655298.85,206,F1,1,,,,,
2026-09-07,2026-09-07,CM,NSE,STK,11840,INE410P01011,NH,EQ,,,,,NARAYANA HRUDAYALAYA LTD.,1867.80,1920.00,1867.80,1911.80,1913.30,1858.50,,1911.74,,,329018,627821979.80,27375,F1,1,,,,,
2026-09-07,2026-09-07,CM,NSE,STK,11627,INE117Z01029,NARMADA,EQ,,,,,NARMADA AGROBASE LIMITED,13.45,14.80,13.27,14.39,14.29,13.51,,14.38,,,1151548,16110858.69,1547,F1,1,,,,,
2026-09-07,2026-09-07,CM,NSE,STK,3918,INE987B01026,NATCOPHARM,EQ,,,,,NATCO PHARMA LTD.,829.00,841.50,828.00,838.30,840.80,828.65,,838.32,,,301243,251595642.70,25490,F1,1,,,,,
2026-09-07,2026-09-07,CM,NSE,STK,11065,INE448G01010,NATHBIOGEN,EQ,,,,,NATH BIO-GENES (I) LTD,152.20,154.00,150.29,152.65,152.50,153.12,,152.65,,,5107,778129.52,196,F1,1,,,,,
2026-09-07,2026-09-07,CM,NSE,STK,6364,INE139A01034,NATIONALUM,EQ,,,,,NATIONAL ALUMINIUM CO LTD,376.05,377.50,365.90,365.90,365.90,374.10,,365.97,,,3280288,1212904525.70,44899,F1,1,,,,,
2026-09-07,2026-09-07,CM,NSE,STK,13925,INE870D01012,NFL,EQ,,,,,NATIONAL FERT. LTD,70.50,70.70,70.05,70.32,70.35,70.51,,70.32,,,287324,20203871.25,2083,F1,1,,,,,
2026-09-07,2026-09-07,CM,NSE,STK,762807,INE166R01015,NATIONSTD,EQ,,,,,NATIONAL STAND (INDIA) L,109.00,109.00,103.01,104.73,105.80,107.74,,104.68,,,18222,1911761.48,512,F1,1,,,,,
2026-09-07,2026-09-07,CM,NSE,STK,29588,INE936B01015,NATCAPSUQ,BE,,,,,NATURAL CAPSULES LIMITED,207.21,215.00,205.60,205.93,205.60,216.42,,206.09,,,20095,4176760.70,163,F1,1,,,,,
2026-09-07,2026-09-07,CM,NSE,STK,4014,INE725A01030,NAVA,EQ,,,,,NAVA LIMITED,563.00,563.00,554.10,556.25,557.60,560.20,,556.25,,,118784,66186093.25,5159,F1,1,,,,,
2026-09-07,2026-09-07,CM,NSE,STK,14672,INE048G01026,NAVINFLUOR,EQ,,,,,NAVIN FLUORINE INT. LTD,8557.50,8649.00,8532.50,8603.50,8600.00,8557.50,,8603.61,,,76404,657052805.00,18868,F1,1,,,,,
2026-09-07,2026-09-07,CM,NSE,STK,10557,INE278M01019,NAVKARCORP,EQ,,,,,NAVKAR CORPORATION LTD.,96.24,97.37,95.38,96.02,96.01,96.24,,96.03,,,104141,10014309.04,1835,F1,1,,,,,
2026-09-07,2026-09-07,CM,NSE,STK,29149,INE268H01044,NAVKARURB,BE,,,,,NAVKAR URBANSTRUCTURE LTD,0.92,0.94,0.86,0.92,0.92,0.90,,0.92,,,1230590,1095280.46,448,F1,1,,,,,
2026-09-07,2026-09-07,CM,NSE,STK,2385,INE060A01024,NAVNETEDUL,EQ,,,,,NAVNEET EDUCATION LTD,131.00,132.90,130.10,131.84,131.06,131.21,,131.82,,,78249,10271730.68,1365,F1,1,,,,,
2026-09-07,2026-09-07,CM,NSE,STK,2987,INE418L01047,NAZARA,EQ,,,,,NAZARA TECHNOLOGIES LTD,368.25,374.40,362.50,370.30,368.45,368.65,,370.31,,,1205780,444634816.35,23779,F1,1,,,,,
2026-09-07,2026-09-07,CM,NSE,STK,31415,INE095N01031,NBCC,EQ,,,,,NBCC (INDIA) LIMITED,86.32,86.59,85.62,86.00,86.00,86.60,,85.96,,,1862601,160176674.51,15493,F1,1,,,,,
2026-09-07,2026-09-07,CM,NSE,STK,2319,INE868B01028,NCC,EQ,,,,,NCC LIMITED,149.70,153.33,146.56,150.67,150.50,149.70,,150.67,,,3434160,515941454.32,39427,F1,1,,,,,
2026-09-07,2026-09-07,CM,NSE,STK,14490,INE732C01016,NCLIND,EQ,,,,,NCL INDUSTRIES LIMITED,180.21,182.00,175.64,178.30,177.25,177.81,,177.71,,,62081,11028245.77,4277,F1,1,,,,,
2026-09-07,2026-09-07,CM,NSE,STK,14547,INE353A01023,NDLVENTURE,EQ,,,,,NDL VENTURES LIMITED,125.10,125.10,119.25,120.57,120.61,124.72,,120.57,,,9138,1104000.99,170,F1,1,,,,,
2026-09-07,2026-09-07,CM,NSE,STK,22255,INE07OG01012,NDRAUTO,EQ,,,,,NDR AUTO COMPONENTS LTD,727.00,727.00,716.50,721.45,726.00,723.45,,721.08,,,8125,5857087.15,958,F1,1,,,,,
2026-09-07,2026-09-07,CM,NSE,STK,11427,INE155G01029,NDTV,EQ,,,,,NDTV LTD,74.27,75.29,72.50,72.87,72.62,74.27,,72.90,,,81638,6015311.53,1182,F1,1,,,,,
2026-09-07,2026-09-07,CM,NSE,STK,11927,INE023H01027,NECLIFE,EQ,,,,,NECTAR LIFESCIENCES LTD.,12.11,12.40,11.90,12.07,12.13,12.19,,12.08,,,252741,3056871.69,486,F1,1,,,,,
2026-09-07,2026-09-07,CM,NSE,STK,762812,INE605D01012,NEAGI,EQ,,,,,NEELAMALAI AGRO INDS. L,3300.00,3465.00,3298.00,3449.00,3449.00,3300.10,,3449.00,,,79,263586.00,11,F1,1,,,,,
2026-09-07,2026-09-07,CM,NSE,STK,14761,INE189I01024,NELCAST,EQ,,,,,NELCAST LIMITED,117.00,118.99,114.01,114.77,114.99,116.99,,114.77,,,84949,9838305.58,2079,F1,1,,,,,
2026-09-07,2026-09-07,CM,NSE,STK,2388,INE045B01015,NELCO,EQ,,,,,NELCO LTD,921.65,942.80,909.00,933.20,931.50,911.25,,933.21,,,227379,211302073.35,10576,F1,1,,,,,
2026-09-07,2026-09-07,CM,NSE,STK,760928,INE21UM01018,NEOCHEM,SM,,,,,NEOCHEM BIO SOLUTIONS LTD,97.00,97.00,93.50,93.90,93.50,95.25,,93.90,,,21600,2050260.00,14,F1,1200,,,,,
2026-09-07,2026-09-07,CM,NSE,STK,9917,INE136S01016,NEOGEN,EQ,,,,,NEOGEN CHEMICALS LIMITED,2148.80,2244.20,2127.50,2207.10,2205.00,2137.90,,2207.14,,,177696,393014296.30,35235,F1,1,,,,,
2026-09-07,2026-09-07,CM,NSE,STK,24350,INE0SUN01013,NEPHROCARE,SM,,,,,NEPHRO CARE INDIA LIMITED,90.65,92.50,80.05,82.10,80.05,93.55,,82.10,,,100800,8664660.00,191,F1,400,,,,,
2026-09-07,2026-09-07,CM,NSE,STK,760346,INE428V01029,NEPHROPLUS,EQ,,,,,NEPHROCARE HEALTH SERV L,704.90,715.70,697.55,710.85,713.00,697.05,,710.92,,,189382,134043497.75,10193,F1,1,,,,,
2026-09-07,2026-09-07,CM,NSE,STK,757493,INE156901014,NEPTUNE,SM,,,,,NEPTUNE PETROCHEMICALS L,179.95,180.00,179.95,180.00,180.00,175.00,,180.00,,,1000,179975.00,2,F1,500,,,,,
2026-09-07,2026-09-07,CM,NSE,STK,15409,INE317F01035,NESCO,EQ,,,,,NESCO LTD.,1045.60,1093.30,1043.70,1076.00,1075.90,1047.60,,1075.99,,,114449,123143832.30,9450,F1,1,,,,,
2026-09-07,2026-09-07,CM,NSE,STK,17963,INE239A01024,NESTLEIND,EQ,,,,,NESTLE INDIA LIMITED,1401.00,1405.70,1392.90,1398.00,1398.00,1410.50,,1397.98,,,897310,1254622697.00,46376,F1,1,,,,,
2026-09-07,2026-09-07,CM,NSE,STK,17433,INE0NT901020,NETWEB,EQ,,,,,NETWEB TECH INDIA LTD,5215.00,5306.50,5135.00,5157.00,5175.50,5193.00,,5157.02,,,975374,5079716103.50,74140,F1,1,,,,,
2026-09-07,2026-09-07,CM,NSE,STK,756324,INE0FFK01017,NPST,EQ,,,,,NETWORK PEOPLE SRV TECH L,1713.80,1746.80,1691.20,1740.40,1722.00,1718.80,,1740.45,,,38352,66130256.00,5266,F1,1,,,,,
2026-09-07,2026-09-07,CM,NSE,STK,14111,INE870H01013,NETWORK18,EQ,,,,,NETWORK18 MEDIA & INV LTD,28.31,28.55,27.20,27.64,27.76,28.38,,27.64,,,5566967,154438423.82,11735,F1,1,,,,,
2026-09-07,2026-09-07,CM,NSE,STK,30554,INE333I01044,NEUEON,BE,,,,,NEUEON CORPORATION LTD,10.70,11.78,10.70,11.78,11.78,11.22,,11.78,,,25826,298706.55,86,F1,1,,,,,
2026-09-07,2026-09-07,CM,NSE,STK,2406,INE794A01010,NEULANDLAB,EQ,,,,,NEULAND LAB LTD.,22565.00,22960.00,22415.00,22870.00,22955.00,22660.00,,22870.07,,,22291,506295075.00,8854,F1,1,,,,,
2026-09-07,2026-09-07,CM,NSE,STK,1164,INE619B01017,NEWGEN,EQ,,,,,NEWGEN SOFTWARE TECH LTD,524.80,526.30,515.90,520.70,521.00,524.80,,520.69,,,537213,278972703.85,15649,F1,1,,,,,
2026-09-07,2026-09-07,CM,NSE,STK,19161,INE0PW501021,NEWJAISA,ST,,,,,NEWJAISA TECHNOLOGIES LTD,17.75,17.75,17.45,17.45,17.45,17.75,,17.45,,,3000,52800.00,2,F1,1500,,,,,
2026-09-07,2026-09-07,CM,NSE,STK,28801,INE0TP801012,NMSTEEL,SM,,,,,NEWMALAYALAM STEEL LTD,23.65,23.65,23.00,23.00,23.00,23.85,,23.00,,,4800,111440.00,3,F1,1600,,,,,
2026-09-07,2026-09-07,CM,NSE,STK,9867,INE747B01016,NEXTMEDIA,EQ,,,,,NEXT MEDIAWORKS LIMITED,3.89,3.89,3.70,3.76,3.75,3.89,,3.77,,,75733,282656.70,199,F1,1,,,,,
2026-09-07,2026-09-07,CM,NSE,STK,15815,INE0NDH25011,NXST,RR,,,,,NEXUS SELECT TRUST,166.99,167.90,164.56,167.04,167.50,165.89,,167.04,,,682539,113737050.80,11282,F1,1,,,,,
2026-09-07,2026-09-07,CM,NSE,STK,763536,INE0T1501010,NFPSAMPOOR,SM,,,,,NFP SAMPOORNA FOODS LTD,19.70,20.95,19.50,20.70,20.50,20.60,,20.70,,,28000,559000.00,14,F1,2000,,,,,
2026-09-07,2026-09-07,CM,NSE,STK,10277,INE887E01022,NGLFINE,EQ,,,,,NGL FINE CHEM LIMITED,2868.10,2907.90,2815.20,2873.00,2902.00,2907.50,,2871.16,,,7062,20146421.40,1489,F1,1,,,,,
2026-09-07,2026-09-07,CM,NSE,STK,17400,INE848E01016,NHPC,EQ,,,,,NHPC LTD,76.25,77.05,75.55,76.00,76.00,76.25,,76.00,,,8825125,671855035.17,31021,F1,1,,,,,
2026-09-07,2026-09-07,CM,NSE,STK,29487,INE149O01018,NIBE,EQ,,,,,NIBE LIMITED,1336.60,1336.60,1312.80,1318.00,1318.50,1336.60,,1318.00,,,29295,38759327.80,2535,F1,1,,,,,
2026-09-07,2026-09-07,CM,NSE,STK,764793,INE653C01022,NICCOPAR,EQ,,,,,NICCO PARKS & RESORTS LTD,79.16,82.99,76.46,79.27,81.00,79.55,,79.29,,,2359,189450.34,67,F1,1,,,,,
2026-09-07,2026-09-07,CM,NSE,STK,6592,INE0J6L01013,NIDAN,SM,,,,,NIDAN LABS AND HEALTH LTD,14.10,14.80,14.10,14.80,14.80,14.10,,14.80,,,2000,28900.00,2,F1,1000,,,,,
2026-09-07,2026-09-07,CM,NSE,STK,17747,INE342G01023,NIITMTS,EQ,,,,,NIIT LEARNING SYSTEMS LTD,226.90,230.00,218.23,220.72,219.00,225.94,,220.73,,,402338,89544435.15,9235,F1,1,,,,,
2026-09-07,2026-09-07,CM,NSE,STK,11522,INE161A01038,NIITLTD,EQ,,,,,NIIT LIMITED,98.94,101.16,97.00,97.22,97.00,98.96,,97.22,,,303377,29808018.28,3195,F1,1,,,,,
2026-09-07,2026-09-07,CM,NSE,STK,758178,INE0FLF01015,NIKITA,SM,,,,,NIKITA GRENTEC RECYCL LTD,72.50,72.50,72.50,72.50,72.50,72.50,,72.50,,,6000,435000.00,2,F1,1200,,,,,
2026-09-07,2026-09-07,CM,NSE,STK,9253,INE937C01029,NILAINFRA,EQ,,,,,NILA INFRASTRUCTURES LTD,6.74,6.75,6.62,6.71,6.72,6.67,,6.71,,,226516,1519011.80,375,F1,1,,,,,
2026-09-07,2026-09-07,CM,NSE,STK,7411,INE00S901012,NILASPACES,EQ,,,,,NILA SPACES LIMITED,12.34,12.42,12.07,12.23,12.19,12.23,,12.22,,,1212332,14793175.80,1821,F1,1,,,,,
2026-09-07,2026-09-07,CM,NSE,STK,762817,INE445D01013,NILE,EQ,,,,,NILE LTD.,1466.20,1487.90,1452.20,1459.00,1460.00,1465.80,,1459.12,,,3153,4620061.30,384,F1,1,,,,,
2026-09-07,2026-09-07,CM,NSE,STK,2421,INE310A01015,NILKAMAL,EQ,,,,,NILKAMAL LIMITED,2121.80,2141.80,2050.00,2063.20,2058.00,2116.50,,2063.22,,,30738,64254264.90,4324,F1,1,,,,,
2026-09-07,2026-09-07,CM,NSE,STK,761720,INE875B01015,NIMBSPROJ,EQ,,,,,NIMBUS PROJECTS LIMITED,149.90,150.00,142.50,143.51,143.01,147.84,,143.51,,,1099,158269.84,48,F1,1,,,,,
2026-09-07,2026-09-07,CM,NSE,STK,14194,INE395U01014,NINSYS,EQ,,,,,NINTEC SYSTEMS LIMITED,711.95,716.75,701.30,705.85,710.00,712.75,,706.19,,,3673,2602284.90,577,F1,1,,,,,
2026-09-07,2026-09-07,CM,NSE,STK,11439,INF204KB15I9,BANKBEES,EQ,,,,,NIP IND ETF BANK BEES,598.00,598.00,590.40,591.58,591.74,596.20,,591.58,,,929935,550390314.39,10319,F1,1,,,,,
2026-09-07,2026-09-07,CM,NSE,STK,2435,INF204KA1LD7,CONSUMBEES,EQ,,,,,NIP IND ETF CONSUMPTION,131.08,131.08,128.90,129.07,129.19,129.78,,129.07,,,67100,8661859.27,1457,F1,1,,,,,
2026-09-07,2026-09-07,CM,NSE,STK,2636,INF204KA1MS3,DIVOPPBEES,EQ,,,,,NIP IND ETF DIV OPP,78.00,78.00,75.76,76.06,76.27,76.77,,76.06,,,59703,4539918.60,1648,F1,1,,,,,
2026-09-07,2026-09-07,CM,NSE,STK,9847,INF204KB18I3,NV20BEES,EQ,,,,,NIP IND ETF ETF NV20,139.50,139.50,138.01,138.43,138.53,139.39,,138.43,,,19458,2696004.19,445,F1,1,,,,,
2026-09-07,2026-09-07,CM,NSE,STK,14428,INF204KB17I5,GOLDBEES,EQ,,,,,NIP IND ETF GOLD BEES,125.70,125.92,124.75,125.58,125.51,127.17,,125.58,,,20788912,2603890399.12,131582,F1,1,,,,,
2026-09-07,2026-09-07,CM,NSE,STK,18284,INF204KB19I1,HNGSNGBEES,EQ,,,,,NIP IND ETF HANGSENG BEES,470.99,471.88,465.02,469.32,469.80,471.09,,469.32,,,72290,33872522.08,5290,F1,1,,,,,
2026-09-07,2026-09-07,CM,NSE,STK,20072,INF732E01268,INFRABEES,EQ,,,,,NIP IND ETF INFRA BEES,969.00,969.00,947.70,949.48,949.75,956.45,,949.60,,,6435,6114476.33,731,F1,1,,,,,
2026-09-07,2026-09-07,CM,NSE,STK,19084,INF204KB15V2,ITBEES,EQ,,,,,NIP IND ETF IT,35.00,35.00,33.22,33.33,33.40,34.09,,33.33,,,10631291,355544434.43,28312,F1,1,,,,,
2026-09-07,2026-09-07,CM,NSE,STK,10939,INF732E01045,JUNIORBEES,EQ,,,,,NIP IND ETF JUNIOR BEES,790.00,796.30,785.20,786.26,788.50,791.07,,786.27,,,260292,204991636.59,15360,F1,1,,,,,
2026-09-07,2026-09-07,CM,NSE,STK,11006,INF732E01037,LIQUIDBEES,EQ,,,,,NIP IND ETF LIQUID BEES,1000.00,1001.00,999.62,999.99,1000.01,1000.00,,999.99,,,3518550,3518539380.54,5087,F1,1,,,,,
2026-09-07,2026-09-07,CM,NSE,STK,17700,INF204KB1882,LTGILTBEES,EQ,,,,,NIP IND ETF LONGTERM GILT,29.86,29.89,29.24,29.87,29.88,29.84,,29.87,,,1086510,32432041.64,656,F1,1,,,,,
2026-09-07,2026-09-07,CM,NSE,STK,8506,INF204KB1V68,MID150BEES,EQ,,,,,NIP IND ETF MIDCAP 150,234.14,241.95,234.14,239.11,239.55,240.15,,239.11,,,641457,153318165.76,11789,F1,1,,,,,
2026-09-07,2026-09-07,CM,NSE,STK,29577,INF204K014N5,NIF100BEES,EQ,,,,,NIP IND ETF NIFTY 100,269.24,269.24,264.03,264.60,264.80,266.58,,264.62,,,47589,12606998.38,704,F1,1,,,,,
2026-09-07,2026-09-07,CM,NSE,STK,10576,INF204KB14I2,NIFTYBEES,EQ,,,,,NIP IND ETF NIFTY BEES,273.19,273.78,270.90,271.21,271.40,273.27,,271.19,,,5921896,1608641881.12,80483,F1,1,,,,,
2026-09-07,2026-09-07,CM,NSE,STK,15032,INF204KB16I7,PSUBNKBEES,EQ,,,,,NIP IND ETF PSU BANK BEES,96.80,96.80,93.97,94.21,94.31,95.45,,94.21,,,1692469,159680581.24,7761,F1,1,,,,,
2026-09-07,2026-09-07,CM,NSE,STK,17044,INF732E01128,SHARIABEES,EQ,,,,,NIP IND ETF SHARIAH BEES,455.10,457.98,446.00,447.05,446.00,452.84,,447.00,,,14600,6544917.47,961,F1,1,,,,,
2026-09-07,2026-09-07,CM,NSE,STK,357,INE298J01013,NAM-INDIA,EQ,,,,,NIPPON L I A M LTD,1158.80,1196.00,1152.00,1195.00,1195.00,1159.90,,1195.00,,,1817884,2140045257.70,49713,F1,1,,,,,
2026-09-07,2026-09-07,CM,NSE,STK,757725,INF204KC1FU1,LIQGRWBEES,EQ,,,,,NIPPONAMC - LIQGRWBEES,1059.73,1059.73,1054.56,1054.56,1054.56,1054.46,,1054.56,,,36349,38333309.28,187,F1,1,,,,,
2026-09-07,2026-09-07,CM,NSE,STK,758667,INF204KC1GH6,MANUFGBEES,EQ,,,,,NIPPONAMC - MANUFGBEES,163.73,166.07,162.44,162.77,163.10,163.73,,162.88,,,4547,741720.16,161,F1,1,,,,,
2026-09-07,2026-09-07,CM,NSE,STK,7880,INF204KC1337,AUTOBEES,EQ,,,,,NIPPONAMC - NETFAUTO,287.47,289.39,281.00,286.85,287.40,287.47,,286.85,,,190612,54629315.55,3707,F1,1,,,,,
2026-09-07,2026-09-07,CM,NSE,STK,4973,INF204KC1089,PHARMABEES,EQ,,,,,NIPPONAMC - NETFPHARMA,27.42,27.50,26.90,27.40,27.47,27.32,,27.40,,,4126001,112914709.45,12336,F1,1,,,,,
2026-09-07,2026-09-07,CM,NSE,STK,8080,INF204KC1402,SILVERBEES,EQ,,,,,NIPPONAMC - NETFSILVER,220.75,220.75,218.62,219.96,220.04,222.78,,219.96,,,13898563,3052714021.46,76616,F1,1,,,,,
2026-09-07,2026-09-07,CM,NSE,STK,757455,INF204KC1EZ3,SNXT30BEES,EQ,,,,,NIPPONAMC - SNXT30BEES,42.37,42.45,42.15,42.36,42.40,42.58,,42.36,,,8853,374882.17,90,F1,1,,,,,
2026-09-07,2026-09-07,CM,NSE,STK,255,INE368I01016,NIRAJ,EQ,,,,,NIRAJ CEMENT STRUC LTD,28.46,29.39,28.45,28.88,28.80,28.72,,28.84,,,13511,388312.30,121,F1,1,,,,,
2026-09-07,2026-09-07,CM,NSE,STK,18844,INE326T01011,NIRAJISPAT,BE,,,,,NIRAJ ISPAT IND LTD,368.45,368.45,368.45,368.45,368.45,387.80,,368.45,,,1523,561149.35,19,F1,1,,,,,
2026-09-07,2026-09-07,CM,NSE,STK,2433,INE910A01012,NIRLON,EQ,,,,,NIRLON LTD,620.05,624.80,604.55,615.15,614.00,620.00,,615.24,,,15402,9539267.10,724,F1,1,,,,,
2026-09-07,2026-09-07,CM,NSE,STK,14722,INE0OK701014,NIRMAN,SM,,,,,NIRMAN AGRI GENTICS LTD,28.45,28.80,27.30,28.45,28.45,28.30,,28.45,,,6300,177180.00,19,F1,300,,,,,
2026-09-07,2026-09-07,CM,NSE,STK,13300,INE858F01012,NITCO,EQ,,,,,NITCO LIMITED,95.51,96.04,92.55,93.84,94.01,96.10,,93.84,,,1345082,126550338.75,6094,F1,1,,,,,
2026-09-07,2026-09-07,CM,NSE,STK,13175,INE229H01012,NITINSPIN,EQ,,,,,NITIN SPINNERS LIMITED,639.05,639.95,625.05,627.45,627.90,639.05,,627.44,,,38469,24294219.65,2018,F1,1,,,,,
2026-09-07,2026-09-07,CM,NSE,STK,3247,INE439T01012,NITIRAJ,EQ,,,,,NITIRAJ ENGINEERS LTD,224.50,234.95,215.00,231.04,226.98,219.19,,231.04,,,18036,4103943.93,335,F1,1,,,,,
2026-09-07,2026-09-07,CM,NSE,STK,762824,INE265B01019,NITTAGELA,EQ,,,,,NITTA GELATIN INDIA LTD.,1644.00,1691.50,1644.00,1677.80,1675.00,1632.50,,1678.18,,,6224,10394653.90,796,F1,1,,,,,
2026-09-07,2026-09-07,CM,NSE,STK,27097,INE995S01015,NIVABUPA,EQ,,,,,NIVA BUPA HEALTH INS CO L,80.10,81.25,80.00,80.67,80.70,80.11,,80.67,,,337165,27157121.86,12839,F1,1,,,,,
2026-09-07,2026-09-07,CM,NSE,STK,2439,INE542C01019,NKIND,EQ,,,,,NK INDUSTRIES LTD,61.99,61.99,55.55,57.21,57.49,57.10,,57.30,,,1387,80302.40,36,F1,1,,,,,
2026-09-07,2026-09-07,CM,NSE,STK,8585,INE589A01014,NLCINDIA,EQ,,,,,NLC INDIA LIMITED,275.80,278.00,268.30,269.30,269.95,273.05,,269.30,,,1349980,367158911.30,28940,F1,1,,,,,
2026-09-07,2026-09-07,CM,NSE,STK,761077,INE579F24032,805NMC31,N3,,,,,NMC 8.05% 2031 SR STRPP C,118.00,118.00,118.00,118.00,118.00,118.01,,118.00,,,1,118.00,1,F1,1,,,,,
2026-09-07,2026-09-07,CM,NSE,STK,15332,INE584A01023,NMDC,EQ,,,,,NMDC LTD.,85.29,85.63,83.54,83.85,83.85,84.70,,83.85,,,15859358,1335125140.72,45547,F1,1,,,,,
2026-09-07,2026-09-07,CM,NSE,STK,14180,INE0NNS01018,NSLNISP,EQ,,,,,NMDC STEEL LIMITED,46.65,46.98,45.44,45.87,45.88,46.02,,45.87,,,5748765,264740840.67,21540,F1,1,,,,,
2026-09-07,2026-09-07,CM,NSE,STK,2442,INE163A01018,NOCIL,EQ,,,,,NOCIL LIMITED,174.00,175.85,170.55,172.23,171.70,172.44,,172.18,,,416468,71857696.64,5520,F1,1,,,,,
2026-09-07,2026-09-07,CM,NSE,STK,10786,INE781B01015,NOIDATOLL,EQ,,,,,NOIDA TOLL BRIDGE CO LTD,4.22,4.22,3.95,4.02,4.04,4.14,,4.02,,,207178,835268.89,544,F1,1,,,,,
2026-09-07,2026-09-07,CM,NSE,STK,4160,INE369C01017,NORBTEAEXP,EQ,,,,,NORBEN TEA & EXPORTS LTD,70.34,73.00,67.70,67.71,67.71,70.69,,67.72,,,1134,79294.01,28,F1,1,,,,,
2026-09-07,2026-09-07,CM,NSE,STK,13533,INE553C01016,NECCLTD,BE,,,,,NORTH EAST CARRY CORP LTD,19.43,19.43,19.00,19.42,19.43,18.51,,19.43,,,463207,8933330.94,470,F1,1,,,,,
2026-09-07,2026-09-07,CM,NSE,STK,25426,INE850M01015,NORTHARC,EQ,,,,,NORTHERN ARC CAPITAL LTD,303.75,311.00,299.05,306.00,306.90,302.15,,305.95,,,1691631,518369582.35,19861,F1,1,,,,,
2026-09-07,2026-09-07,CM,NSE,STK,22478,INE02H701025,NOVAAGRI,BE,,,,,NOVA AGRITECH LIMITED,23.76,23.85,22.68,23.31,23.16,23.87,,23.31,,,46319,1073409.77,282,F1,1,,,,,
2026-09-07,2026-09-07,CM,NSE,STK,9007,INE234A01025,NOVARTIND,EQ,,,,,NOVARTIS INDIA LIMITED,1661.20,1699.00,1602.50,1639.60,1645.00,1646.70,,1639.65,,,73338,121959429.80,6841,F1,1,,,,,
2026-09-07,2026-09-07,CM,NSE,STK,7553,INE349A01021,NRBBEARING,EQ,,,,,NRB BEARING LIMITED,457.00,485.35,451.10,483.00,484.10,447.00,,482.99,,,1028877,489034355.00,26028,F1,1,,,,,
2026-09-07,2026-09-07,CM,NSE,STK,29733,INE047O01014,NIBL,EQ,,,,,NRB INDUS. BEARINGS LTD.,30.80,32.00,30.32,30.71,30.71,30.80,,30.73,,,14117,435079.32,90,F1,1,,,,,
2026-09-07,2026-09-07,CM,NSE,STK,27176,INE0ONG01011,NTPCGREEN,EQ,,,,,NTPC GREEN ENERGY LIMITED,89.39,89.50,88.06,88.16,88.25,89.36,,88.16,,,1311104,115955790.95,15219,F1,1,,,,,
2026-09-07,2026-09-07,CM,NSE,STK,11630,INE733E01010,NTPC,EQ,,,,,NTPC LTD,332.50,333.80,330.35,332.00,332.00,332.50,,332.00,,,5245813,1739860025.35,50202,F1,1,,,,,
2026-09-07,2026-09-07,CM,NSE,STK,10791,INE096B01018,NUCLEUS,EQ,,,,,NUCLEUS SOFTWARE EXPORTS,730.00,730.00,706.40,718.40,718.00,729.15,,718.72,,,49947,35878541.45,3675,F1,1,,,,,
2026-09-07,2026-09-07,CM,NSE,STK,13680,INE0JM501013,NRL,BE,,,,,NUPUR RECYCLERS LIMITED,129.50,133.26,125.00,132.78,133.26,126.92,,132.78,,,251730,33177024.22,971,F1,1,,,,,
2026-09-07,2026-09-07,CM,NSE,STK,2353,INE0DSF01015,NURECA,BE,,,,,NURECA LIMITED,322.70,325.00,313.10,319.20,320.80,322.70,,319.38,,,2872,912826.00,136,F1,1,,,,,
2026-09-07,2026-09-07,CM,NSE,STK,18721,INE531F01023,NUVAMA,EQ,,,,,NUVAMA WEALTH MANAGE LTD,1815.60,1859.00,1815.00,1832.40,1835.50,1815.60,,1832.48,,,217617,399693305.20,21569,F1,1,,,,,
2026-09-07,2026-09-07,CM,NSE,STK,5426,INE118D01016,NUVOCO,EQ,,,,,NUVOCO VISTAS CORP LTD,352.85,353.45,341.00,345.10,345.10,352.15,,345.10,,,863221,297814305.15,12522,F1,1,,,,,
2026-09-07,2026-09-07,CM,NSE,STK,8797,INE426Z01016,OBCL,EQ,,,,,OBCL LIMITED,56.29,56.29,55.00,55.03,55.05,55.19,,55.03,,,4087,224815.71,32,F1,1,,,,,
2026-09-07,2026-09-07,CM,NSE,STK,20242,INE093I01010,OBEROIRLTY,EQ,,,,,OBEROI REALTY LIMITED,1876.00,1885.50,1847.50,1847.50,1847.50,1875.60,,1847.50,,,206196,384302270.40,16388,F1,1,,,,,
2026-09-07,2026-09-07,CM,NSE,STK,25923,INE0YHV01011,OBSCP,SM,,,,,OBSC PERFECTION LIMITED,842.00,850.25,774.00,838.25,838.05,835.75,,838.25,,,84800,69095040.00,194,F1,400,,,,,
2026-09-07,2026-09-07,CM,NSE,STK,25920,INE0PK601023,OCCLLTD,BE,,,,,OCCL LIMITED,163.00,168.00,160.00,164.42,165.00,163.93,,164.24,,,49800,8198962.78,267,F1,1,,,,,
2026-09-07,2026-09-07,CM,NSE,STK,27571,INE054301028,ODIGMA,EQ,,,,,ODIGMA CONSULTANCY SOL L,23.45,23.90,22.28,22.46,22.70,23.45,,22.47,,,35479,803270.30,504,F1,1,,,,,
2026-09-07,2026-09-07,CM,NSE,STK,764803,INE839E01023,ODYCORP,EQ,,,,,ODYSSEY CORPORATION LTD.,7.89,7.89,7.06,7.26,7.38,7.46,,7.26,,,144311,1045811.11,348,F1,1,,,,,
2026-09-07,2026-09-07,CM,NSE,STK,2475,INE213A01029,ONGC,EQ,,,,,OIL AND NATURAL GAS CORP.,235.98,235.98,232.77,233.70,233.70,234.65,,233.71,,,5391548,1259448811.15,51764,F1,1,,,,,
2026-09-07,2026-09-07,CM,NSE,STK,8109,INE591A01010,OILCOUNTUB,BE,,,,,OIL COUNTRY TUBULAR LTD.,65.00,65.00,63.70,63.75,63.75,65.00,,64.39,,,42503,2746219.70,85,F1,1,,,,,
2026-09-07,2026-09-07,CM,NSE,STK,17438,INE274J01014,OIL,EQ,,,,,OIL INDIA LTD,490.80,492.75,481.45,487.00,487.00,488.30,,486.99,,,2811694,1362751448.00,27937,F1,1,,,,,
2026-09-07,2026-09-07,CM,NSE,STK,24777,INE0LXG01040,OLAELEC,EQ,,,,,OLA ELECTRIC MOBILITY LTD,38.00,38.70,37.43,37.96,38.10,38.20,,37.96,,,28426081,1083459178.80,70752,F1,1,,,,,
2026-09-07,2026-09-07,CM,NSE,STK,10637,INE260D01016,OLECTRA,EQ,,,,,OLECTRA GREENTECH LIMITED,1229.00,1238.00,1203.50,1207.40,1210.00,1229.00,,1207.42,,,266992,323762167.20,17956,F1,1,,,,,
2026-09-07,2026-09-07,CM,NSE,STK,759412,INE1BZC01019,OMFREIGHT,BE,,,,,OM FREIGHT FORWARDERS LTD,88.00,91.50,88.00,88.03,88.01,89.84,,88.03,,,3769,334464.45,91,F1,1,,,,,
2026-09-07,2026-09-07,CM,NSE,STK,24231,INE239D01028,OMINFRAL,EQ,,,,,OM INFRA LIMITED,84.70,85.10,83.10,83.64,83.95,84.43,,83.68,,,39818,3334379.03,609,F1,1,,,,,
2026-09-07,2026-09-07,CM,NSE,STK,762432,INE25E901019,OMPOWER,EQ,,,,,OM POWER TRANSMISSION LTD,175.60,178.00,169.06,170.31,170.06,175.68,,170.44,,,142210,24456085.94,6058,F1,1,,,,,
2026-09-07,2026-09-07,CM,NSE,STK,10922,INE090B01011,OMAXAUTO,EQ,,,,,OMAX AUTOS LTD,182.00,183.00,176.00,177.63,176.01,183.07,,177.63,,,61613,11055322.26,1243,F1,1,,,,,
2026-09-07,2026-09-07,CM,NSE,STK,14853,INE800H01010,OMAXE,EQ,,,,,OMAXE LIMITED,134.00,136.56,128.39,129.82,130.05,136.38,,129.80,,,2495006,330585195.52,16095,F1,1,,,,,
2026-09-07,2026-09-07,CM,NSE,STK,760865,INE0UH301010,OMNI,EQ,,,,,OMNITECH ENGINEERING LTD,529.95,534.05,513.00,519.55,524.55,526.00,,519.12,,,289190,151387144.95,10200,F1,1,,,,,
2026-09-07,2026-09-07,CM,NSE,STK,19692,INE00ER01015,ONDOOR,SM,,,,,ON DOOR CONCEPTS LIMITED,280.00,300.00,279.95,295.10,298.70,289.60,,295.10,,,4800,1390695.00,15,F1,300,,,,,
2026-09-07,2026-09-07,CM,NSE,STK,6705,INE982J01020,PAYTM,EQ,,,,,ONE 97 COMMUNICATIONS LTD,1659.60,1669.30,1642.00,1664.00,1664.00,1659.50,,1663.97,,,1822600,3018951357.10,52742,F1,1,,,,,
2026-09-07,2026-09-07,CM,NSE,STK,765242,INE670O01013,ONEGLOBAL,EQ,,,,,ONE GLOBAL SERVICE PROV L,535.10,544.95,515.30,522.00,524.80,542.40,,523.18,,,14827,7775123.60,870,F1,1,,,,,
2026-09-07,2026-09-07,CM,NSE,STK,28046,INE0HLU01028,MOBIKWIK,EQ,,,,,ONE MOBIKWIK SYSTEMS LTD,191.00,195.95,189.61,194.24,193.80,192.12,,194.23,,,796100,154068199.19,10269,F1,1,,,,,
2026-09-07,2026-09-07,CM,NSE,STK,9939,INE840Y01029,ONEPOINT,EQ,,,,,ONE POINT ONE SOL LTD,57.50,59.70,56.87,57.73,58.00,57.01,,57.73,,,1177260,68365616.26,6398,F1,1,,,,,
2026-09-07,2026-09-07,CM,NSE,STK,19386,INE0OPS01011,OLIL,SM,,,,,ONECLICK LOGISTICS IND L,429.15,429.15,422.00,427.60,428.05,427.05,,427.60,,,31200,13259840.00,29,F1,400,,,,,
2026-09-07,2026-09-07,CM,NSE,STK,25496,INE912L01015,ONELIFECAP,BE,,,,,ONELIFE CAP ADVISORS LTD,33.10,33.10,30.85,31.99,31.99,32.18,,31.97,,,11986,378016.28,68,F1,1,,,,,
2026-09-07,2026-09-07,CM,NSE,STK,763294,INE12F801023,KISSHT,EQ,,,,,ONEMI TECHNOLOGY SOL LTD,307.05,326.00,306.55,320.95,320.95,309.30,,320.96,,,2052956,655195332.00,41222,F1,1,,,,,
2026-09-07,2026-09-07,CM,NSE,STK,29224,INE013P01021,ONESOURCE,EQ,,,,,ONESOURCE SPECL PHARMA L,1552.90,1573.00,1530.00,1552.30,1569.00,1537.80,,1552.30,,,140096,217993155.90,13366,F1,1,,,,,
2026-09-07,2026-09-07,CM,NSE,STK,2202,INE831A01028,ONIDA,EQ,,,,,ONIDA ELECTRONICS LIMITED,34.50,35.29,34.50,34.81,34.85,34.64,,34.81,,,195059,6784273.10,1977,F1,1,,,,,
2026-09-07,2026-09-07,CM,NSE,STK,764808,INE173M01012,ONIXSOLAR,EQ,,,,,ONIX SOLAR ENERGY LTD.,418.45,423.35,383.05,423.20,423.35,403.20,,423.05,,,900835,365700746.75,8940,F1,1,,,,,
2026-09-07,2026-09-07,CM,NSE,STK,15282,INE809I01019,ONMOBILE,BE,,,,,ONMOBILE GLOBAL LTD.,48.77,49.19,48.77,49.15,49.15,48.49,,49.15,,,94234,4615067.39,245,F1,1,,,,,
2026-09-07,2026-09-07,CM,NSE,STK,2481,INE229A01017,ONWARDTEC,EQ,,,,,ONWARD TECHNOLOGIES LTD,280.00,286.45,280.00,283.85,283.20,284.35,,283.85,,,27744,7842863.00,758,F1,1,,,,,
2026-09-07,2026-09-07,CM,NSE,STK,27143,INE0WVU01018,ONYX,ST,,,,,ONYX BIOTEC LIMITED,37.80,39.35,37.80,39.35,39.35,37.50,,39.35,,,34000,1320400.00,16,F1,2000,,,,,
2026-09-07,2026-09-07,CM,NSE,STK,21469,INE350C01017,OPTIEMUS,EQ,,,,,OPTIEMUS INFRACOM LTD,569.30,579.30,556.90,560.45,563.00,569.30,,560.46,,,148080,84042857.45,8292,F1,1,,,,,
2026-09-07,2026-09-07,CM,NSE,STK,764813,INE031G01022,OPTIFIN,EQ,,,,,OPTIMUS FINANCE LTD.,14.15,15.79,13.50,14.43,14.40,14.84,,14.42,,,64263,960151.67,250,F1,1,,,,,
2026-09-07,2026-09-07,CM,NSE,STK,764528,INE1JZB01022,OPTIMYSTIX,SM,,,,,OPTIMYSTIX ENT INDIA LTD,143.65,154.90,130.00,150.00,152.00,141.85,,150.00,,,951200,132630160.00,285,F1,800,,,,,
2026-09-07,2026-09-07,CM,NSE,STK,758903,INE15B101011,OPTIVALUE,ST,,,,,OPTIVALUE TEK CONSULT LTD,182.70,182.70,166.70,167.25,168.00,174.05,,167.25,,,20800,3584960.00,13,F1,1600,,,,,
2026-09-07,2026-09-07,CM,NSE,STK,10738,INE881D01027,OFSS,EQ,,,,,ORACLE FIN SERV SOFT LTD.,12105.00,12110.00,11679.00,11847.00,11847.00,12058.00,,11844.79,,,185270,2185336025.00,27868,F1,1,,,,,
2026-09-07,2026-09-07,CM,NSE,STK,31479,INE231G01010,ORBTEXP,BE,,,,,ORBIT EXPORTS LIMITED,229.00,244.90,229.00,239.00,239.00,239.02,,239.00,,,3707,880323.10,55,F1,1,,,,,
2026-09-07,2026-09-07,CM,NSE,STK,29492,INE215B01022,ORCHASP,EQ,,,,,ORCHASP LIMITED,1.39,1.42,1.29,1.29,1.30,1.39,,1.29,,,409348,539046.63,319,F1,1,,,,,
2026-09-07,2026-09-07,CM,NSE,STK,926,INE191A01027,ORCHPHARMA,EQ,,,,,ORCHID PHARMA LIMITED,949.90,955.15,942.00,947.10,946.45,954.65,,947.09,,,12349,11698089.10,1188,F1,1,,,,,
2026-09-07,2026-09-07,CM,NSE,STK,17882,INE0OUT01019,ORIANA,SM,,,,,ORIANA POWER LIMITED,1212.00,1240.00,1175.00,1216.85,1225.00,1205.70,,1216.85,,,65175,78649436.25,574,F1,75,,,,,
2026-09-07,2026-09-07,CM,NSE,STK,10159,INE730A01022,ORICONENT,EQ,,,,,ORICON ENTERPRISES LTD,54.15,54.94,52.50,52.92,52.55,54.15,,52.91,,,51117,2722791.73,760,F1,1,,,,,
2026-09-07,2026-09-07,CM,NSE,STK,14278,INE607D01018,ORIENTBELL,EQ,,,,,ORIENT BELL LIMITED,418.00,434.95,411.75,415.10,413.00,420.10,,415.08,,,107644,45670364.30,5077,F1,1,,,,,
2026-09-07,2026-09-07,CM,NSE,STK,30089,INE876N01018,ORIENTCEM,EQ,,,,,ORIENT CEMENT LTD.,130.30,130.30,125.10,126.56,127.00,129.68,,126.56,,,315036,40208952.05,3136,F1,1,,,,,
2026-09-07,2026-09-07,CM,NSE,STK,13111,INE569C01020,ORIENTCER,EQ,,,,,ORIENT CERATECH LIMITED,43.91,44.89,43.07,44.60,44.36,43.91,,44.60,,,64878,2881074.22,1506,F1,1,,,,,
2026-09-07,2026-09-07,CM,NSE,STK,2972,INE142Z01019,ORIENTELEC,EQ,,,,,ORIENT ELECTRIC LIMITED,180.00,180.50,175.11,176.38,175.11,179.19,,176.39,,,72511,12871507.00,2275,F1,1,,,,,
2026-09-07,2026-09-07,CM,NSE,STK,20110,INE999K01014,GREENPOWER,EQ,,,,,ORIENT GREEN POWER CO LTD,9.28,9.38,9.17,9.23,9.27,9.28,,9.23,,,1873150,17343829.01,4733,F1,1,,,,,
2026-09-07,2026-09-07,CM,NSE,STK,2493,INE750A01020,ORIENTHOT,EQ,,,,,ORIENT HOTELS LTD,139.05,140.26,138.10,139.11,138.12,139.93,,139.06,,,347072,48300773.54,1877,F1,1,,,,,
2026-09-07,2026-09-07,CM,NSE,STK,2496,INE592A01026,ORIENTPPR,EQ,,,,,ORIENT PAPER AND INDS LTD,17.03,19.28,16.85,18.81,18.68,17.08,,18.81,,,2027757,37074559.92,5053,F1,1,,,,,
2026-09-07,2026-09-07,CM,NSE,STK,18211,INE609C01024,ORIENTLTD,BE,,,,,ORIENT PRESS LIMITED,82.99,82.99,78.10,81.49,81.49,80.65,,83.88,,,222,17993.61,12,F1,1,,,,,
2026-09-07,2026-09-07,CM,NSE,STK,24961,INE0PPK01015,ORIENTTECH,EQ,,,,,ORIENT TECHNOLOGIES LTD,237.20,237.90,234.00,235.16,236.00,238.39,,235.16,,,122613,28897503.02,2521,F1,1,,,,,
2026-09-07,2026-09-07,CM,NSE,STK,10768,INE959C01023,OAL,EQ,,,,,ORIENTAL AROMATICS LTD,519.90,544.70,491.05,537.35,544.70,519.90,,537.37,,,139317,73835183.65,5075,F1,1,,,,,
2026-09-07,2026-09-07,CM,NSE,STK,764818,INE457G01029,ORIRAIL,EQ,,,,,ORIENTAL RAIL INFRA L,132.00,134.70,126.60,127.28,126.70,130.76,,127.28,,,158500,20652698.57,1896,F1,1,,,,,
2026-09-07,2026-09-07,CM,NSE,STK,14346,INE998H01012,ORIENTALTL,EQ,,,,,ORIENTAL TRIMEX LTD,5.34,5.43,5.03,5.12,5.12,5.31,,5.12,,,115176,592246.37,466,F1,1,,,,,
2026-09-07,2026-09-07,CM,NSE,STK,19931,INE725E01024,ORISSAMINE,EQ,,,,,ORISSA MIN DEV CO LTD,4315.00,4340.00,4167.90,4189.90,4183.00,4311.70,,4189.85,,,7107,30043372.40,2120,F1,1,,,,,
2026-09-07,2026-09-07,CM,NSE,STK,759569,INE16NZ01023,ORKLAINDIA,EQ,,,,,ORKLA INDIA LIMITED,591.15,598.20,587.00,590.70,592.00,594.15,,590.67,,,39698,23535700.90,4809,F1,1,,,,,
2026-09-07,2026-09-07,CM,NSE,STK,13321,INE849L01019,ORTEL,BZ,,,,,ORTEL COMMUNICATIONS LTD,1.85,1.85,1.85,1.85,1.85,1.90,,1.85,,,25,46.25,1,F1,1,,,,,
2026-09-07,2026-09-07,CM,NSE,STK,2979,INE749B01020,ORTINGLOBE,EQ,,,,,ORTIN GLOBAL LIMITED,15.82,15.89,15.26,15.44,15.84,15.67,,15.44,,,5143,80917.21,23,F1,1,,,,,
2026-09-07,2026-09-07,CM,NSE,STK,25386,INE0RMF01018,OSELDEVICE,SM,,,,,OSEL DEVICES LIMITED,380.00,381.40,365.05,371.15,370.00,385.15,,371.15,,,55800,20779740.00,233,F1,200,,,,,
2026-09-07,2026-09-07,CM,NSE,STK,12643,INE06IR01021,OSIAHYPER,BE,,,,,OSIA HYPER RETAIL LIMITED,2.47,2.54,2.38,2.45,2.48,2.47,,2.45,,,319369,789979.30,376,F1,1,,,,,
2026-09-07,2026-09-07,CM,NSE,STK,2514,INE142A01012,OSWALAGRO,EQ,,,,,OSWAL AGRO MILLS LTD,36.20,37.79,36.20,36.61,36.78,36.66,,36.61,,,22621,828018.48,352,F1,1,,,,,
2026-09-07,2026-09-07,CM,NSE,STK,471,INE143A01010,OSWALGREEN,EQ,,,,,OSWAL GREENTECH LIMITED,20.59,20.88,20.13,20.27,20.28,20.39,,20.27,,,116996,2373066.33,513,F1,1,,,,,
2026-09-07,2026-09-07,CM,NSE,STK,756802,INE0BYP01024,OSWALPUMPS,EQ,,,,,OSWAL PUMPS LIMITED,279.00,281.00,273.70,274.40,274.85,279.20,,274.40,,,458203,126446911.65,10730,F1,1,,,,,
2026-09-07,2026-09-07,CM,NSE,STK,22914,INE0R8M01017,OWAIS,ST,,,,,OWAIS METAL & MINERAL,79.20,81.75,78.85,81.05,81.75,80.45,,81.05,,,16000,1272350.00,70,F1,100,,,,,
2026-09-07,2026-09-07,CM,NSE,STK,25312,INE953R01016,PNGJL,EQ,,,,,P N GADGIL JEWELLERS LTD,612.00,634.70,612.00,618.95,619.80,609.05,,618.97,,,1030718,645517640.30,37333,F1,1,,,,,
2026-09-07,2026-09-07,CM,NSE,STK,764845,INE035S01028,POEL,EQ,,,,,P O C L ENTERPRISES LTD.,146.91,151.76,144.00,145.39,145.43,142.78,,145.39,,,43276,6357591.82,879,F1,1,,,,,
2026-09-07,2026-09-07,CM,NSE,STK,29665,INE0XUS01020,PSRAJ,ST,,,,,P S RAJ STEELS LIMITED,86.90,86.90,82.50,85.85,85.90,83.95,,85.85,,,32500,2763500.00,10,F1,2500,,,,,
2026-09-07,2026-09-07,CM,NSE,STK,2535,INE179A01014,PGHH,EQ,,,,,P&G HYGIENE & HEALTH CARE,7669.00,7719.50,7602.00,7634.50,7649.00,7667.50,,7634.73,,,10292,78879612.00,2740,F1,1,,,,,
2026-09-07,2026-09-07,CM,NSE,STK,759342,INE0S3G01027,PACEDIGITK,EQ,,,,,PACE DIGITEK LIMITED,169.00,171.72,159.99,161.09,161.99,167.59,,161.09,,,1573488,258788908.60,18067,F1,1,,,,,
2026-09-07,2026-09-07,CM,NSE,STK,764823,INE883C01025,PACIFICI,EQ,,,,,PACIFIC INDUSTRIES LTD.,143.11,144.00,140.00,140.00,140.00,143.82,,140.00,,,391,55467.09,17,F1,1,,,,,
2026-09-07,2026-09-07,CM,NSE,STK,14413,INE761H01022,PAGEIND,EQ,,,,,PAGE INDUSTRIES LTD,36300.00,36495.00,35625.00,35825.00,35825.00,36300.00,,35825.00,,,11706,420586795.00,5367,F1,1,,,,,
2026-09-07,2026-09-07,CM,NSE,STK,25468,INE420C01059,PAISALO,EQ,,,,,PAISALO DIGITAL LIMITED,74.37,80.00,74.25,79.41,78.97,74.10,,79.40,,,35087813,2739454038.25,63882,F1,1,,,,,
2026-09-07,2026-09-07,CM,NSE,STK,17197,INE551D01018,PAKKA,EQ,,,,,PAKKA LIMITED,74.50,77.90,73.75,77.22,77.20,73.71,,77.21,,,270324,20734948.72,6464,F1,1,,,,,
2026-09-07,2026-09-07,CM,NSE,STK,21383,INE471W01019,PALASHSECU,EQ,,,,,PALASH SECURITIES LTD,90.17,90.17,89.20,89.20,89.20,90.17,,89.20,,,438,39458.36,11,F1,1,,,,,
2026-09-07,2026-09-07,CM,NSE,STK,17062,INE218G01033,PALREDTEC,EQ,,,,,PALRED TECHNOLOGIES LTD,55.83,57.75,55.83,56.12,56.05,55.83,,56.12,,,2454,139299.95,41,F1,1,,,,,
2026-09-07,2026-09-07,CM,NSE,STK,4055,INE922B01023,PANACEABIO,EQ,,,,,PANACEA BIOTEC LTD,378.55,383.00,376.60,378.40,379.30,381.25,,378.42,,,45995,17450341.35,1897,F1,1,,,,,
2026-09-07,2026-09-07,CM,NSE,STK,16355,INE895W01019,PANACHE,BE,,,,,PANACHE DIGILIFE LIMITED,525.00,526.00,514.50,526.00,526.00,525.00,,526.00,,,6263,3273964.05,56,F1,1,,,,,
2026-09-07,2026-09-07,CM,NSE,STK,25392,INE305C01029,PANAMAPET,EQ,,,,,PANAMA PETROCHEM LTD,495.55,504.90,480.10,481.35,482.00,495.45,,481.34,,,245862,120263675.55,6253,F1,1,,,,,
2026-09-07,2026-09-07,CM,NSE,STK,764828,INE798F01010,PANCHMAHQ,EQ,,,,,PANCHMAHAL STEEL LTD.,300.00,300.00,272.95,296.85,297.80,300.00,,298.43,,,27,8016.45,9,F1,1,,,,,
2026-09-07,2026-09-07,CM,NSE,STK,765140,INE258R01028,PANORAMA,EQ,,,,,PANORAMA STUDIOS INTL. L,47.81,49.40,47.69,48.87,49.00,47.41,,48.88,,,357826,17457863.16,1468,F1,1,,,,,
2026-09-07,2026-09-07,CM,NSE,STK,6141,INE697V01011,PANSARI,EQ,,,,,PANSARI DEVELOPERS LTD,299.95,307.30,299.90,300.45,300.00,300.05,,300.45,,,373,113584.85,12,F1,1,,,,,
2026-09-07,2026-09-07,CM,NSE,STK,5637,INE04LG01015,PAR,BE,,,,,PAR DRUGS AND CHEM LTD,148.88,148.88,148.88,148.88,148.88,156.71,,148.88,,,13035,1940650.80,137,F1,1,,,,,
2026-09-07,2026-09-07,CM,NSE,STK,9741,INE088F01024,PARADEEP,EQ,,,,,PARADEEP PHOSPHATES LTD,157.50,159.00,155.65,157.98,158.60,157.00,,157.98,,,3228904,508728341.23,32463,F1,1,,,,,
2026-09-07,2026-09-07,CM,NSE,STK,17130,INE883N01014,PARAGMILK,EQ,,,,,PARAG MILK FOODS LTD.,254.60,257.85,243.95,250.25,249.50,249.60,,250.25,,,1227989,309262294.20,18089,F1,1,,,,,
2026-09-07,2026-09-07,CM,NSE,STK,19779,INE0N4G01012,PARAGON,SM,,,,,PARAGON FINE S.C. LTD.,49.00,57.00,48.50,56.90,57.00,47.50,,56.90,,,152400,8396520.00,118,F1,1200,,,,,
2026-09-07,2026-09-07,CM,NSE,STK,13951,INE074B01023,PARACABLES,EQ,,,,,PARAMOUNT COMM LTD,65.30,67.32,65.16,65.61,65.99,65.51,,65.61,,,1407319,92980083.47,7662,F1,1,,,,,
2026-09-07,2026-09-07,CM,NSE,STK,25716,INE0TG801013,PARAMOUNT,SM,,,,,PARAMOUNT DYE TEC LIMITED,38.65,38.65,38.65,38.65,38.65,36.85,,38.65,,,10800,417420.00,7,F1,1200,,,,,
2026-09-07,2026-09-07,CM,NSE,STK,25431,INE0Q6001012,PSFL,SM,,,,,PARAMOUNT SPECIALI FORG L,34.00,38.75,34.00,38.60,38.60,34.00,,38.60,,,40000,1480700.00,20,F1,2000,,,,,
2026-09-07,2026-09-07,CM,NSE,STK,5911,INE045601023,PARAS,EQ,,,,,PARAS DEF AND SPCE TECH L,1414.90,1494.70,1414.40,1489.40,1489.50,1414.90,,1489.40,,,1794488,2629235268.10,69676,F1,1,,,,,
2026-09-07,2026-09-07,CM,NSE,STK,3972,INE162C01024,PARASPETRO,EQ,,,,,PARAS PETROFILS LTD.,2.09,2.17,2.09,2.15,2.16,2.14,,2.15,,,159359,339894.67,278,F1,1,,,,,
2026-09-07,2026-09-07,CM,NSE,STK,5460,INE00U801010,PARIN,SM,,,,,PARIN ENTERPRISES LIMITED,709.50,735.00,709.50,725.00,725.00,716.30,,725.00,,,6000,4323525.00,21,F1,250,,,,,
2026-09-07,2026-09-07,CM,NSE,STK,760351,INE119201023,PARKHOSPS,EQ,,,,,PARK MEDI WORLD LIMITED,286.00,290.90,280.05,286.80,286.05,286.25,,286.80,,,816945,233547143.10,11711,F1,1,,,,,
2026-09-07,2026-09-07,CM,NSE,STK,22649,INE988S01028,PARKHOTELS,EQ,,,,,PARKHOTELS,112.20,113.10,110.98,111.21,111.10,112.18,,111.21,,,61379,6849329.05,1200,F1,1,,,,,
2026-09-07,2026-09-07,CM,NSE,STK,764833,INE383L01019,PARNAXLAB,EQ,,,,,PARNAX LAB LTD.,134.99,136.80,122.05,132.99,132.99,134.80,,130.92,,,337,45224.62,37,F1,1,,,,,
2026-09-07,2026-09-07,CM,NSE,STK,13795,INE561H01026,PARSVNATH,BE,,,,,PARSVNATH DEVELOPER LTD,1.60,1.60,1.60,1.60,1.60,1.57,,1.60,,,62274,99638.40,61,F1,1,,,,,
2026-09-07,2026-09-07,CM,NSE,STK,758217,INE1H7V01011,PARTH,SM,,,,,PARTH ELEC & ENG LTD,525.00,540.00,525.00,536.50,540.00,525.70,,536.50,,,3600,1915920.00,9,F1,400,,,,,
2026-09-07,2026-09-07,CM,NSE,STK,2599,INE06ZX01015,PARTYCRUS,SM,,,,,PARTY CRUISERS LIMITED,83.00,90.00,81.50,86.35,90.00,79.70,,86.35,,,6000,506500.00,6,F1,1000,,,,,
2026-09-07,2026-09-07,CM,NSE,STK,757955,INE124Y01028,PASHUPATI,EQ,,,,,PASHUPATI COTSPIN LIMITED,83.80,98.32,81.00,81.34,81.45,81.94,,81.39,,,587440,50583708.12,6157,F1,1,,,,,
2026-09-07,2026-09-07,CM,NSE,STK,6048,INE818B01023,PASUPTAC,BE,,,,,PASUPATI ACRYLON LIMITED,69.40,69.45,66.55,67.32,67.00,67.64,,67.33,,,116622,7926773.10,546,F1,1,,,,,
2026-09-07,2026-09-07,CM,NSE,STK,17029,INE619A01035,PATANJALI,EQ,,,,,PATANJALI FOODS LIMITED,344.00,344.00,336.15,340.90,340.90,342.50,,340.91,,,1977606,673105000.05,56701,F1,1,,,,,
2026-09-07,2026-09-07,CM,NSE,STK,11699,INE244B01030,PATELENG,EQ,,,,,PATEL ENGINEERING LTD.,27.38,27.55,26.95,27.10,27.00,27.28,,27.10,,,1622375,44193748.04,5924,F1,1,,,,,
2026-09-07,2026-09-07,CM,NSE,STK,15223,INE529D01014,PATINTLOG,BE,,,,,PATEL INT. LOG. LTD,13.61,13.61,13.20,13.41,13.45,13.32,,13.41,,,44088,587544.69,116,F1,1,,,,,
2026-09-07,2026-09-07,CM,NSE,STK,759439,INE0R8B01010,PATELRMART,EQ,,,,,PATEL RETAIL LIMITED,218.32,228.00,215.66,217.99,220.00,218.32,,217.99,,,82912,18424391.67,2416,F1,1,,,,,
2026-09-07,2026-09-07,CM,NSE,STK,756963,INE17GV01016,PATILAUTOM,SM,,,,,PATIL AUTOMATION LIMITED,290.00,319.00,290.00,296.75,297.00,279.35,,296.75,,,362400,110982780.00,527,F1,600,,,,,
2026-09-07,2026-09-07,CM,NSE,STK,762834,INE291E01019,PML,EQ,,,,,PAUL MERCHANTS LTD.,503.50,503.50,486.15,489.75,497.00,488.80,,489.75,,,28,14006.45,7,F1,1,,,,,
2026-09-07,2026-09-07,CM,NSE,STK,759969,INE111F01024,PAUSHAKLTD,EQ,,,,,PAUSHAK LIMITED,790.90,790.90,760.00,763.10,762.00,785.50,,762.81,,,19900,15395843.15,2135,F1,1,,,,,
2026-09-07,2026-09-07,CM,NSE,STK,16192,INE07S101038,PAVNAIND,EQ,,,,,PAVNA INDUSTRIES LIMITED,17.60,17.60,15.36,16.09,16.12,17.22,,16.11,,,304883,4921603.81,1170,F1,1,,,,,
2026-09-07,2026-09-07,CM,NSE,STK,6656,INE417T01026,POLICYBZR,EQ,,,,,PB FINTECH LIMITED,1830.00,1843.20,1752.30,1792.00,1792.00,1836.00,,1792.00,,,1228810,2202265385.70,50844,F1,1,,,,,
2026-09-07,2026-09-07,CM,NSE,STK,29124,INE785M01021,PCJEWELLER,EQ,,,,,PC JEWELLER LTD,12.29,14.08,12.21,13.93,13.99,11.86,,13.93,,,2196523618,29364629769.87,626266,F1,1,,,,,
2026-09-07,2026-09-07,CM,NSE,STK,2649,INE602A01031,PCBL,EQ,,,,,PCBL CHEMICAL LIMITED,316.00,322.80,313.35,317.45,317.50,317.00,,317.46,,,1125415,358690072.50,20025,F1,1,,,,,
2026-09-07,2026-09-07,CM,NSE,STK,5264,INE111Q01021,PDSL,EQ,,,,,PDS LIMITED,360.00,360.95,347.20,349.60,348.15,358.50,,349.61,,,112309,39693197.55,5333,F1,1,,,,,
2026-09-07,2026-09-07,CM,NSE,STK,14260,INE940H01022,PGIL,EQ,,,,,PEARL GLOBAL IND LIMITED,2277.00,2299.80,2249.50,2257.20,2258.40,2278.30,,2257.08,,,35644,81002383.60,7246,F1,1,,,,,
2026-09-07,2026-09-07,CM,NSE,STK,2610,INE844A01013,PEARLPOLY,EQ,,,,,PEARL POLYMERS LTD,15.08,15.79,15.08,15.30,15.79,15.08,,15.33,,,3678,57017.55,75,F1,1,,,,,
2026-09-07,2026-09-07,CM,NSE,STK,25408,INE0VG601013,PELATRO,SM,,,,,PELATRO LIMITED,399.00,400.00,381.50,387.50,389.00,391.75,,387.50,,,22500,8816190.00,56,F1,300,,,,,
2026-09-07,2026-09-07,CM,NSE,STK,2256,INE138A01028,PENINLAND,EQ,,,,,PENINSULA LAND LIMITED,17.14,17.14,16.05,16.17,16.05,16.55,,16.18,,,226908,3783062.08,675,F1,1,,,,,
2026-09-07,2026-09-07,CM,NSE,STK,20621,INE932A01024,PENIND,EQ,,,,,PENNAR INDUSTRIES LTD,171.40,178.68,169.50,175.96,175.80,169.56,,175.97,,,1301524,227650133.09,16208,F1,1,,,,,
2026-09-07,2026-09-07,CM,NSE,STK,17132,INE0ORS01017,PENTAGON,SM,,,,,PENTAGON RUBBER LIMITED,90.40,90.50,90.40,90.50,90.50,82.30,,90.50,,,29000,2623800.00,20,F1,1000,,,,,
2026-09-07,2026-09-07,CM,NSE,STK,758121,INE925S01012,PERFECT,SZ,,,,,PERFECT INFRAENGINEER LTD,1.90,1.90,1.85,1.90,1.90,1.90,,1.90,,,12000,22650.00,4,F1,3000,,,,,
2026-09-07,2026-09-07,CM,NSE,STK,764838,INE418E01018,PERMAGN,EQ,,,,,PERMANENT MAGNETS LTD.,905.70,905.70,867.80,872.00,870.30,888.20,,872.24,,,2107,1848374.80,323,F1,1,,,,,
2026-09-07,2026-09-07,CM,NSE,STK,18365,INE262H01021,PERSISTENT,EQ,,,,,PERSISTENT SYSTEMS LTD,5610.00,5622.00,5522.00,5540.00,5540.00,5643.00,,5540.20,,,404979,2250915764.00,25430,F1,1,,,,,
2026-09-07,2026-09-07,CM,NSE,STK,24290,INE998U01015,PCCL,SM,,,,,PETRO CARBON AND CHEMI L,427.00,434.95,416.05,430.35,430.20,425.15,,430.35,,,28000,11950100.00,55,F1,400,,,,,
2026-09-07,2026-09-07,CM,NSE,STK,11351,INE347G01014,PETRONET,EQ,,,,,PETRONET LNG LIMITED,288.10,293.80,288.10,290.95,290.95,288.10,,290.95,,,1737649,505778322.35,34817,F1,1,,,,,
2026-09-07,2026-09-07,CM,NSE,STK,760824,INE134E07DJ3,PFCL41A,NE,,,,,PFCL 0% 2041 SR V,1000.00,1000.00,1000.00,1000.00,1000.00,1000.00,,1000.00,,,4,4000.00,1,F1,1,,,,,
2026-09-07,2026-09-07,CM,NSE,STK,760801,INE134E07DP0,7PFCL31,N3,,,,,PFCL 7.00% 2031 SR I,1000.00,1000.05,1000.00,1000.01,1000.01,1000.00,,1000.01,,,17,17000.27,3,F1,1,,,,,
2026-09-07,2026-09-07,CM,NSE,STK,2643,INE182A01018,PFIZER,EQ,,,,,PFIZER LTD,4598.80,4610.00,4557.00,4596.50,4601.00,4609.70,,4596.35,,,17548,80464293.30,3612,F1,1,,,,,
2026-09-07,2026-09-07,CM,NSE,STK,759564,INE140A07773,935PFL33,N3,,,,,PFL 9.35% SR IV 20233,1112.50,1115.00,1112.50,1115.00,1115.00,1115.00,,1115.00,,,65,72437.50,2,F1,1,,,,,
2026-09-07,2026-09-07,CM,NSE,STK,25358,INE457L01029,PGEL,EQ,,,,,PG ELECTROPLAST LTD,560.00,564.65,554.50,559.55,559.55,562.30,,559.55,,,667138,373483111.10,16717,F1,1,,,,,
2026-09-07,2026-09-07,CM,NSE,STK,11612,INE0MLZ01019,PHANTOMFX,SM,,,,,PHANTOM DIGITAL EFF LTD,116.90,117.00,113.30,116.00,116.95,116.85,,116.00,,,33000,3798780.00,48,F1,300,,,,,
2026-09-07,2026-09-07,CM,NSE,STK,2658,INE245B01011,PHOENXINTL,EQ,,,,,PHOENIX INTERNATIONAL LTD,31.90,31.90,29.32,29.68,30.19,29.01,,29.69,,,2251,67683.03,49,F1,1,,,,,
2026-09-07,2026-09-07,CM,NSE,STK,25513,INE0FPO01018,PHOGLOBAL,SM,,,,,PHOENIX OVERSEAS LIMITED,14.25,14.25,14.25,14.25,14.25,14.25,,14.25,,,2000,28500.00,1,F1,2000,,,,,
2026-09-07,2026-09-07,CM,NSE,STK,759723,INE0LP301011,PWL,EQ,,,,,PHYSICSWALLAH LIMITED,127.47,130.32,126.54,129.67,129.50,126.42,,129.67,,,18012338,2320292989.32,91341,F1,1,,,,,
2026-09-07,2026-09-07,CM,NSE,STK,24184,INE603J01030,PIIND,EQ,,,,,PI INDUSTRIES LTD,2454.00,2468.50,2428.00,2430.00,2430.00,2465.00,,2430.00,,,104432,255132922.80,12744,F1,1,,,,,
2026-09-07,2026-09-07,CM,NSE,STK,757754,INE546C01010,PICCADIL,EQ,,,,,PICCADILY AGRO INDUSTRI L,616.15,634.80,611.00,617.95,617.20,615.75,,617.98,,,363733,227248915.10,12154,F1,1,,,,,
2026-09-07,2026-09-07,CM,NSE,STK,24785,INE0YAL01017,PPSL,SM,,,,,PICTUREPOST STUDIOS LTD,2.75,2.90,2.75,2.85,2.85,2.85,,2.85,,,90000,253050.00,20,F1,3000,,,,,
2026-09-07,2026-09-07,CM,NSE,STK,2664,INE318A01026,PIDILITIND,EQ,,,,,PIDILITE INDUSTRIES LTD,1625.90,1628.90,1575.00,1575.00,1575.00,1629.50,,1575.10,,,591643,946814299.40,26118,F1,1,,,,,
2026-09-07,2026-09-07,CM,NSE,STK,30835,INE600A01035,PILITA,EQ,,,,,PIL ITALICA LIFESTYLE LTD,8.14,8.24,7.74,7.85,7.75,8.02,,7.85,,,66138,523338.74,173,F1,1,,,,,
2026-09-07,2026-09-07,CM,NSE,STK,11445,INE417C01014,PILANIINVS,EQ,,,,,PILANI INV & IND COR LTD,4349.80,4349.80,4282.10,4298.70,4282.10,4323.80,,4298.82,,,869,3744744.40,198,F1,1,,,,,
2026-09-07,2026-09-07,CM,NSE,STK,759820,INE15B701018,PINELABS,EQ,,,,,PINE LABS LIMITED,168.00,168.48,163.85,164.49,164.68,166.37,,164.49,,,10783461,1787965860.55,63149,F1,1,,,,,
2026-09-07,2026-09-07,CM,NSE,STK,13463,INE156C01018,PIONEEREMB,EQ,,,,,PIONEER EMBROIDERIES LTD,21.61,21.98,21.17,21.74,21.74,21.36,,21.74,,,6135,132567.10,46,F1,1,,,,,
2026-09-07,2026-09-07,CM,NSE,STK,762832,INE746D01014,PIONRINV,BE,,,,,PIONEER INVESTCORP LTD.,79.75,80.05,79.75,80.05,80.05,83.89,,81.90,,,1487,118680.05,5,F1,1,,,,,
2026-09-07,2026-09-07,CM,NSE,STK,759551,INE202B01038,PIRAMALFIN,EQ,,,,,PIRAMAL FINANCE LIMITED,2221.20,2290.80,2209.90,2261.00,2275.00,2225.00,,2261.12,,,500739,1135991143.20,29131,F1,1,,,,,
2026-09-07,2026-09-07,CM,NSE,STK,11571,INE0DK501011,PPLPHARMA,EQ,,,,,PIRAMAL PHARMA LIMITED,214.23,221.80,213.12,219.66,219.50,214.22,,219.66,,,6407335,1402450515.03,80720,F1,1,,,,,
2026-09-07,2026-09-07,CM,NSE,STK,14134,INE450D01021,PITTIENG,EQ,,,,,PITTI ENGINEERING LIMITED,1084.90,1228.00,1084.00,1176.20,1177.10,1084.90,,1176.18,,,1699396,2022072616.70,83445,F1,1,,,,,
2026-09-07,2026-09-07,CM,NSE,STK,9087,INE751B01018,PIXTRANS,EQ,,,,,PIX TRANSMISSIONS LIMITED,1793.00,1830.50,1750.00,1754.90,1750.00,1791.70,,1754.15,,,12137,21520435.90,1907,F1,1,,,,,
2026-09-07,2026-09-07,CM,NSE,STK,19492,INE0PXD01014,PLADAINFO,SM,,,,,PLADA INFOTECH SERVICES L,11.30,11.35,11.30,11.35,11.35,10.85,,11.35,,,9000,102000.00,2,F1,3000,,,,,
2026-09-07,2026-09-07,CM,NSE,STK,13920,INE083C01022,PLASTIBLEN,EQ,,,,,PLASTIBLENDS INDIA LTD,187.91,197.69,185.00,193.14,193.00,187.91,,193.14,,,57836,11232978.22,1407,F1,1,,,,,
2026-09-07,2026-09-07,CM,NSE,STK,22930,INE0PT501018,PLATIND,EQ,,,,,PLATINUM INDUSTRIES LTD,232.00,239.50,232.00,233.73,233.01,231.54,,233.73,,,88487,20886406.63,2568,F1,1,,,,,
2026-09-07,2026-09-07,CM,NSE,STK,19458,INE0INJ01017,PLAZACABLE,EQ,,,,,PLAZA WIRES LIMITED,60.90,61.20,58.45,59.05,59.29,61.32,,59.04,,,145018,8586434.05,1386,F1,1,,,,,
2026-09-07,2026-09-07,CM,NSE,STK,8736,INE859A01011,PNBGILTS,EQ,,,,,PNB GILTS LIMITED,83.08,84.30,81.52,81.87,82.21,83.08,,81.87,,,330796,27395972.36,4662,F1,1,,,,,
2026-09-07,2026-09-07,CM,NSE,STK,18908,INE572E01012,PNBHOUSING,EQ,,,,,PNB HOUSING FIN LTD.,1166.00,1188.90,1163.70,1182.10,1182.10,1166.00,,1182.10,,,721594,850096316.40,30073,F1,1,,,,,
2026-09-07,2026-09-07,CM,NSE,STK,9385,INE195J01029,PNCINFRA,EQ,,,,,PNC INFRATECH LTD.,182.50,183.68,180.70,181.71,181.62,183.11,,181.69,,,203926,37096460.77,4986,F1,1,,,,,
2026-09-07,2026-09-07,CM,NSE,STK,760242,INE1RDG01013,PNGSREVA,EQ,,,,,PNGS REVA DIAMOND JEWEL L,519.90,564.50,519.05,540.15,539.65,516.35,,540.20,,,502653,274849522.10,20025,F1,1,,,,,
2026-09-07,2026-09-07,CM,NSE,STK,19036,INE371C01013,PODDARMENT,EQ,,,,,PODDAR PIGMENTS LIMITED,257.80,285.00,256.10,277.85,278.00,257.10,,277.85,,,23704,6452748.95,513,F1,1,,,,,
2026-09-07,2026-09-07,CM,NSE,STK,17651,INE637C01025,POKARNA,EQ,,,,,POKARNA LIMITED,815.20,828.00,795.10,803.00,800.00,817.15,,803.05,,,48658,39282843.90,3225,F1,1,,,,,
2026-09-07,2026-09-07,CM,NSE,STK,25718,INE205C01021,POLYMED,EQ,,,,,POLY MEDICURE LIMITED,1705.00,1767.80,1695.10,1701.10,1707.00,1702.50,,1701.09,,,193636,334971821.00,24728,F1,1,,,,,
2026-09-07,2026-09-07,CM,NSE,STK,9590,INE455K01017,POLYCAB,EQ,,,,,POLYCAB INDIA LIMITED,8310.00,8361.50,8175.00,8261.00,8261.00,8300.00,,8260.62,,,568946,4681424023.00,64890,F1,1,,,,,
2026-09-07,2026-09-07,CM,NSE,STK,2687,INE633B01018,POLYPLEX,EQ,,,,,POLYPLEX CORPORATION LTD,1185.00,1192.80,1166.10,1180.00,1184.50,1191.00,,1179.77,,,35308,41530417.60,2665,F1,1,,,,,
2026-09-07,2026-09-07,CM,NSE,STK,22711,INE517M01028,POLYSIL,SM,,,,,POLYSIL IRRIGATION SYST L,73.90,73.90,71.00,73.85,71.00,70.40,,73.85,,,143000,10564775.00,103,F1,500,,,,,
2026-09-07,2026-09-07,CM,NSE,STK,765150,INE914G01029,POLYSPIN,EQ,,,,,POLYSPIN EXPORTS LTD.,29.50,29.50,29.42,29.42,29.42,29.64,,29.46,,,507,14955.94,4,F1,1,,,,,
2026-09-07,2026-09-07,CM,NSE,STK,14385,INE063E01061,POCL,EQ,,,,,PONDY OXIDES & CHEM LTD,478.10,479.95,464.95,467.95,470.95,477.80,,467.96,,,236111,111581408.40,7897,F1,1,,,,,
2026-09-07,2026-09-07,CM,NSE,STK,10661,INE838E01017,PONNIERODE,EQ,,,,,PONNIE SUGARS (ERODE) LTD,381.50,396.25,381.05,386.85,385.00,382.45,,386.89,,,39314,15230189.40,2245,F1,1,,,,,
2026-09-07,2026-09-07,CM,NSE,STK,11403,INE511C01022,POONAWALLA,EQ,,,,,POONAWALLA FINCORP LTD,468.00,468.05,456.30,459.15,457.00,468.45,,459.73,,,452170,208254349.45,18930,F1,1,,,,,
2026-09-07,2026-09-07,CM,NSE,STK,23142,INE772T01024,PVSL,EQ,,,,,POPULAR VEHICLES N SER L,102.00,105.15,100.00,100.54,100.00,102.63,,100.54,,,38417,3879913.35,1878,F1,1,,,,,
2026-09-07,2026-09-07,CM,NSE,STK,24864,INE0S3H01017,POSITRON,SM,,,,,POSITRON ENERGY LIMITED,185.70,185.70,179.00,183.35,183.00,180.00,,183.35,,,11400,2082600.00,34,F1,300,,,,,
2026-09-07,2026-09-07,CM,NSE,STK,14299,INE134E01011,PFC,EQ,,,,,POWER FIN CORP LTD.,355.75,359.15,353.00,353.10,353.10,355.60,,353.10,,,6560499,2327058736.75,48691,F1,1,,,,,
2026-09-07,2026-09-07,CM,NSE,STK,14977,INE752E01010,POWERGRID,EQ,,,,,POWER GRID CORP. LTD.,266.00,268.80,264.25,266.45,266.45,266.00,,266.46,,,7015606,1876662814.45,70801,F1,1,,,,,
2026-09-07,2026-09-07,CM,NSE,STK,15716,INE557Z01018,PIGL,EQ,,,,,POWER INSTRUMENT (G) LTD,100.90,100.90,97.81,98.35,98.20,98.78,,98.35,,,63190,6225468.01,718,F1,1,,,,,
2026-09-07,2026-09-07,CM,NSE,STK,10473,INE211R01019,POWERMECH,EQ,,,,,POWER MECH PROJECTS LTD.,2311.00,2388.00,2311.00,2359.80,2357.30,2306.10,,2359.69,,,55807,131910572.10,9698,F1,1,,,,,
2026-09-07,2026-09-07,CM,NSE,STK,3494,INE0GGX23010,PGINVIT,IV,,,,,POWERGRID INFRA. INVITS,101.17,104.50,101.17,102.51,102.61,101.17,,102.51,,,1633443,167145519.15,10259,F1,1,,,,,
2026-09-07,2026-09-07,CM,NSE,STK,761680,INE921L01032,POWERICA,EQ,,,,,POWERICA LIMITED,527.65,531.40,507.10,512.10,513.20,525.05,,512.10,,,197171,102148989.80,9371,F1,1,,,,,
2026-09-07,2026-09-07,CM,NSE,STK,15213,INE095I01015,PPAP,BE,,,,,PPAP AUTOMOTIVE LIMITED,262.90,262.90,252.30,256.15,258.85,260.90,,256.15,,,11250,2887867.00,264,F1,1,,,,,
2026-09-07,2026-09-07,CM,NSE,STK,30134,INE0I0M01023,PRABHA,EQ,,,,,PRABHA ENERGY LIMITED,235.10,245.00,231.00,243.39,242.50,230.60,,243.42,,,1535655,367775268.13,16000,F1,1,,,,,
2026-09-07,2026-09-07,CM,NSE,STK,762842,INE770A01010,PRADPME,BE,,,,,PRADEEP METALS LTD.,495.00,495.00,485.05,490.75,488.00,491.60,,490.75,,,3715,1815191.95,28,F1,1,,,,,
2026-09-07,2026-09-07,CM,NSE,STK,2705,INE074A01025,PRAJIND,EQ,,,,,PRAJ INDUSTRIES LTD,334.00,344.00,333.60,336.55,337.50,335.55,,336.65,,,380568,129011103.80,10714,F1,1,,,,,
2026-09-07,2026-09-07,CM,NSE,STK,13941,INE505C01016,PRAENG,EQ,,,,,PRAJAY ENG. SYN. LTD.,24.69,25.70,24.10,24.25,24.20,24.69,,24.26,,,114004,2801581.65,471,F1,1,,,,,
2026-09-07,2026-09-07,CM,NSE,STK,2708,INE603A01013,PRAKASH,EQ,,,,,PRAKASH INDUSTRIES LTD,126.68,126.68,124.31,125.08,125.40,125.63,,125.08,,,445797,55747915.74,2958,F1,1,,,,,
2026-09-07,2026-09-07,CM,NSE,STK,10299,INE050001010,PPL,BE,,,,,PRAKASH PIPES LIMITED,261.00,273.80,260.50,270.05,272.00,262.00,,270.05,,,39747,10585268.05,485,F1,1,,,,,
2026-09-07,2026-09-07,CM,NSE,STK,19599,INE696K01024,PRAKASHSTL,EQ,,,,,PRAKASH STEELAGE LTD,3.87,3.90,3.70,3.75,3.77,3.82,,3.76,,,119894,453022.54,318,F1,1,,,,,
2026-09-07,2026-09-07,CM,NSE,STK,18514,INE0O7A01017,PRAMARA,SM,,,,,PRAMARA PROMOTIONS LTD,101.25,107.70,100.00,101.00,101.00,102.25,,101.00,,,48500,4920275.00,17,F1,500,,,,,
2026-09-07,2026-09-07,CM,NSE,STK,765287,INE2JG601017,PRAMODINI,SM,,,,,PRAMODINI MEDICARE LTD,114.00,116.00,113.00,114.60,115.45,114.80,,114.60,,,67200,7720560.00,51,F1,1200,,,,,
2026-09-07,2026-09-07,CM,NSE,STK,25818,INE0VJG01014,PRANIK,SM,,,,,PRANIK LOGISTICS LIMITED,48.95,48.95,44.00,44.40,44.00,47.85,,44.40,,,12800,582160.00,8,F1,1600,,,,,
2026-09-07,2026-09-07,CM,NSE,STK,21840,INE393P01035,DIAMONDYD,EQ,,,,,PRATAAP SNACKS LIMITED,1162.20,1168.30,1130.00,1142.20,1133.50,1158.30,,1142.18,,,23661,27040594.10,2290,F1,1,,,,,
2026-09-07,2026-09-07,CM,NSE,STK,23113,INE0QA601016,PRATHAM,SM,,,,,PRATHAM EPC PROJECTS LTD,119.00,120.05,119.00,120.05,120.05,119.00,,120.05,,,1600,191660.00,4,F1,400,,,,,
2026-09-07,2026-09-07,CM,NSE,STK,762844,INE722B01019,PRAVEG,EQ,,,,,PRAVEG LTD.,268.80,268.80,262.55,264.55,265.55,266.15,,264.59,,,17250,4571443.25,713,F1,1,,,,,
2026-09-07,2026-09-07,CM,NSE,STK,1204,INE546Y01022,PRAXIS,EQ,,,,,PRAXIS HOME RETAIL LTD,4.88,4.88,4.60,4.66,4.60,4.65,,4.66,,,250069,1172241.02,259,F1,1,,,,,
2026-09-07,2026-09-07,CM,NSE,STK,12603,INE484I01029,PRECAM,EQ,,,,,PRECISION CAMSHAFTS LTD.,123.05,126.00,122.77,123.98,123.96,124.02,,123.98,,,117683,14645126.32,2674,F1,1,,,,,
2026-09-07,2026-09-07,CM,NSE,STK,7963,INE0HKW01018,PRECISION,ST,,,,,PRECISION METALIKS LTD,6.50,6.80,6.50,6.80,6.80,6.50,,6.80,,,20000,134500.00,8,F1,2000,,,,,
2026-09-07,2026-09-07,CM,NSE,STK,2717,INE372C01037,PRECWIRE,EQ,,,,,PRECISION WIRES INDIA LTD,470.30,471.30,455.40,460.95,462.50,472.80,,460.96,,,442911,204457429.80,17245,F1,1,,,,,
2026-09-07,2026-09-07,CM,NSE,STK,2711,INE283A01014,PRECOT,EQ,,,,,PRECOT LIMITED,705.00,705.00,688.60,693.90,694.10,698.05,,693.90,,,2931,2042980.40,197,F1,1,,,,,
2026-09-07,2026-09-07,CM,NSE,STK,762849,INE001E01012,PREMCO,EQ,,,,,PREMCO GLOBAL LTD.,392.50,394.95,384.00,391.95,391.95,390.95,,386.17,,,1109,428464.45,41,F1,1,,,,,
2026-09-07,2026-09-07,CM,NSE,STK,25049,INE0BS701011,PREMIERENE,EQ,,,,,PREMIER ENERGIES LIMITED,999.70,1006.60,987.00,990.00,990.00,1002.00,,989.99,,,543434,540039230.80,19037,F1,1,,,,,
2026-09-07,2026-09-07,CM,NSE,STK,17397,INE863B01029,PREMEXPLN,EQ,,,,,PREMIER EXPLOSIVES LTD,663.00,667.45,662.40,663.25,663.20,664.00,,663.24,,,168558,111833720.35,5103,F1,1,,,,,
2026-09-07,2026-09-07,CM,NSE,STK,6248,INE342A01018,PREMIER,BE,,,,,PREMIER LIMITED,2.74,2.75,2.65,2.74,2.74,2.75,,2.74,,,1156,3091.98,19,F1,1,,,,,
2026-09-07,2026-09-07,CM,NSE,STK,3908,INE309M01020,PREMIERPOL,EQ,,,,,PREMIER POLYFILM LTD,95.36,95.73,90.57,91.45,91.69,95.36,,91.45,,,273939,25327733.10,4169,F1,1,,,,,
2026-09-07,2026-09-07,CM,NSE,STK,23764,INE0CFG01012,PRLIND,SM,,,,,PREMIER ROADLINES LIMITED,39.80,45.65,39.75,45.55,45.60,38.05,,45.55,,,338000,14565100.00,208,F1,1000,,,,,
2026-09-07,2026-09-07,CM,NSE,STK,25898,INE0M1F01011,PREMIUM,SM,,,,,PREMIUM PLAST LIMITED,38.00,38.00,38.00,38.00,38.00,38.00,,38.00,,,9000,342000.00,3,F1,3000,,,,,
2026-09-07,2026-09-07,CM,NSE,STK,20498,INE0R1601012,PRESSTONIC,SM,,,,,PRESSTONIC ENGINEERING L,32.50,33.75,30.00,30.80,31.00,33.05,,30.80,,,122400,3804720.00,108,F1,800,,,,,
2026-09-07,2026-09-07,CM,NSE,STK,20302,INE811K01011,PRESTIGE,EQ,,,,,PRESTIGE ESTATE LTD,1595.00,1595.00,1550.00,1550.00,1550.00,1587.00,,1550.01,,,231985,362415416.70,12962,F1,1,,,,,
2026-09-07,2026-09-07,CM,NSE,STK,19631,INE726V01018,PRICOLLTD,EQ,,,,,PRICOL LIMITED,767.00,784.00,765.10,779.35,778.55,764.95,,779.39,,,303473,236159154.60,16585,F1,1,,,,,
2026-09-07,2026-09-07,CM,NSE,STK,759075,INE0CQA01020,PRIMECAB,ST,,,,,PRIME CABLE INDUSTRIES L,191.00,191.00,187.65,187.65,187.65,197.50,,187.65,,,20800,3918640.00,13,F1,1600,,,,,
2026-09-07,2026-09-07,CM,NSE,STK,13496,INE367G01038,PFOCUS,EQ,,,,,PRIME FOCUS LIMITED,309.00,315.00,301.00,311.75,315.00,307.00,,311.76,,,1727525,534454980.85,32474,F1,1,,,,,
2026-09-07,2026-09-07,CM,NSE,STK,11864,INE032B01021,PRIMESECU,EQ,,,,,PRIME SECURITIES LIMITED,283.05,283.40,277.50,278.90,278.00,284.50,,278.90,,,21379,5976939.55,792,F1,1,,,,,
2026-09-07,2026-09-07,CM,NSE,STK,756925,INE607A01022,PRIMO,EQ,,,,,PRIMO CHEMICALS LIMITED,21.27,21.35,20.85,20.87,21.05,21.27,,20.87,,,56833,1192838.76,939,F1,1,,,,,
2026-09-07,2026-09-07,CM,NSE,STK,16045,INE689W01016,PRINCEPIPE,EQ,,,,,PRINCE PIPES FITTINGS LTD,283.00,291.35,283.00,283.95,283.95,283.00,,283.90,,,142855,40961793.70,3705,F1,1,,,,,
2026-09-07,2026-09-07,CM,NSE,STK,765559,INE15EH01014,PRIORITY,BE,,,,,PRIORITY JEWELS LIMITED,245.00,245.00,229.43,229.92,229.43,241.50,,229.05,,,730027,172092728.47,7812,F1,1,,,,,
2026-09-07,2026-09-07,CM,NSE,STK,2739,INE010A01011,PRSMJOHNSN,EQ,,,,,PRISM JOHNSON LIMITED,111.99,112.96,111.00,112.21,112.02,111.12,,112.21,,,279614,31294487.28,3776,F1,1,,,,,
2026-09-07,2026-09-07,CM,NSE,STK,765155,INE286N01028,PRISMX,EQ,,,,,PRISMX GLOBAL VENTURES L,0.55,0.56,0.53,0.54,0.54,0.55,,0.54,,,130426,71380.82,144,F1,1,,,,,
2026-09-07,2026-09-07,CM,NSE,STK,8310,INE974Z01015,PRITI,BE,,,,,PRITI INTERNATIONAL LTD,33.60,33.60,33.25,33.34,33.49,33.89,,33.34,,,2791,93132.30,62,F1,1,,,,,
2026-09-07,2026-09-07,CM,NSE,STK,5296,INE583R01029,PRITIKAUTO,BE,,,,,PRITIKA AUTO INDUS LTD,16.26,16.26,15.46,15.76,15.50,16.27,,15.71,,,555392,8655259.70,1158,F1,1,,,,,
2026-09-07,2026-09-07,CM,NSE,STK,9342,INE392B01011,PNC,EQ,,,,,PRITISH NANDY COMMUNICATI,16.63,17.00,15.72,16.35,16.70,16.72,,16.37,,,10105,166477.03,223,F1,1,,,,,
2026-09-07,2026-09-07,CM,NSE,STK,8825,INE959A01019,PRIVISCL,EQ,,,,,PRIVI SPECIALITY CHE LTD,3387.20,3420.70,3349.00,3382.60,3400.00,3367.30,,3382.03,,,71960,243658681.40,8892,F1,1,,,,,
2026-09-07,2026-09-07,CM,NSE,STK,24511,INE0V9N01017,PRIZOR,ST,,,,,PRIZOR VIZTECH LIMITED,1224.40,1224.40,1224.40,1224.40,1224.40,1200.40,,1224.40,,,7600,9305440.00,11,F1,400,,,,,
2026-09-07,2026-09-07,CM,NSE,STK,940,INE199A01012,PGHL,EQ,,,,,PROCTER & GAMBLE HEALTH L,5699.50,5706.50,5650.00,5667.00,5683.00,5660.00,,5667.09,,,4981,28272562.00,1320,F1,1,,,,,
2026-09-07,2026-09-07,CM,NSE,STK,764345,INE1FFX01018,PROPSHOP,SM,,,,,PROPSHOP EVENTS AND EXH L,70.30,72.00,68.05,71.40,72.00,70.10,,71.40,,,74000,5177100.00,32,F1,2000,,,,,
2026-09-07,2026-09-07,CM,NSE,STK,758173,INE0BX301013,PROSTARM,EQ,,,,,PROSTARM INFO SYSTEMS LTD,135.84,143.95,135.32,138.86,138.12,134.73,,138.88,,,638920,89706060.38,7854,F1,1,,,,,
2026-09-07,2026-09-07,CM,NSE,STK,29472,INE004A01022,PROTEAN,EQ,,,,,PROTEAN EGOV TECHNO LTD,496.30,517.75,493.20,515.40,515.10,496.30,,515.41,,,393890,199038359.90,12840,F1,1,,,,,
2026-09-07,2026-09-07,CM,NSE,STK,16483,INE0ONE01016,PROV,SM,,,,,PROVENTUS AGROCOM LIMITED,1875.00,1875.00,1860.00,1860.00,1860.00,1910.00,,1860.00,,,240,447600.00,3,F1,80,,,,,
2026-09-07,2026-09-07,CM,NSE,STK,28859,INE195N01013,PROZONER,EQ,,,,,PROZONE REALTY LIMITED,50.90,50.90,47.80,48.01,47.82,49.76,,48.01,,,200743,9797726.63,1602,F1,1,,,,,
2026-09-07,2026-09-07,CM,NSE,STK,9553,INE00F201020,PRUDENT,EQ,,,,,PRUDENT CORP ADV SER LTD,3336.80,3400.30,3322.60,3367.70,3380.00,3347.60,,3366.50,,,47991,161487810.90,8684,F1,1,,,,,
2026-09-07,2026-09-07,CM,NSE,STK,20528,INE024D01016,PRUDMOULI,BE,,,,,PRUDENTIAL SUGAR CORPORAT,16.50,16.99,15.51,16.88,16.95,16.25,,16.88,,,29253,487296.98,82,F1,1,,,,,
2026-09-07,2026-09-07,CM,NSE,STK,20877,INE488V01015,PSPPROJECT,EQ,,,,,PSP PROJECTS LIMITED,883.20,883.75,865.00,869.05,870.50,875.50,,869.07,,,30351,26439995.70,1953,F1,1,,,,,
2026-09-07,2026-09-07,CM,NSE,STK,22602,INE560K01014,PFS,EQ,,,,,PTC INDIA FIN SERV LTD,27.00,27.87,26.71,27.39,27.32,26.94,,27.39,,,499077,13708671.71,3367,F1,1,,,,,
2026-09-07,2026-09-07,CM,NSE,STK,11355,INE877F01012,PTC,EQ,,,,,PTC INDIA LIMITED,157.00,157.00,154.40,154.78,154.80,156.29,,154.78,,,953200,148161618.02,12957,F1,1,,,,,
2026-09-07,2026-09-07,CM,NSE,STK,16682,INE596F01018,PTCIL,EQ,,,,,PTC INDUSTRIES LIMITED,23770.00,24030.00,23505.00,23755.00,23740.00,23830.00,,23756.38,,,29308,698080870.00,11261,F1,1,,,,,
2026-09-07,2026-09-07,CM,NSE,STK,14101,INE034D01049,PTL,EQ,,,,,PTL ENTERPRISES LTD,38.73,39.20,38.35,38.69,38.84,38.74,,38.70,,,32700,1264650.16,740,F1,1,,,,,
2026-09-07,2026-09-07,CM,NSE,STK,15377,INE865T01018,PDMJEPAPER,EQ,,,,,PUDUMJEE PAPER PRO. LTD,93.00,108.99,93.00,101.43,101.99,93.22,,101.43,,,5921103,616131963.82,48761,F1,1,,,,,
2026-09-07,2026-09-07,CM,NSE,STK,21001,INE608A01012,PSB,EQ,,,,,PUNJAB & SIND BANK,23.23,23.25,22.92,22.98,22.96,23.23,,22.98,,,658224,15160036.33,2398,F1,1,,,,,
2026-09-07,2026-09-07,CM,NSE,STK,4344,INE277B01014,PUNJABCHEM,EQ,,,,,PUNJAB CHEM & CROP PROT L,1105.70,1105.90,1090.00,1098.40,1100.00,1100.30,,1098.29,,,2526,2772932.00,661,F1,1,,,,,
2026-09-07,2026-09-07,CM,NSE,STK,10666,INE160A01022,PNB,EQ,,,,,PUNJAB NATIONAL BANK,116.41,117.17,115.55,115.60,115.60,117.00,,115.60,,,11062919,1284684701.20,35900,F1,1,,,,,
2026-09-07,2026-09-07,CM,NSE,STK,14922,INE323I01011,PURVA,EQ,,,,,PURAVANKARA LIMITED,232.00,232.00,221.21,223.02,222.91,230.72,,223.04,,,633537,141900466.84,12062,F1,1,,,,,
2026-09-07,2026-09-07,CM,NSE,STK,765568,INE0I1B01016,PERNIASPOP,EQ,,,,,PURPLE STYLE LABS LIMITED,535.00,588.90,515.85,568.55,568.50,575.00,,568.51,,,8722845,4872410130.20,184959,F1,1,,,,,
2026-09-07,2026-09-07,CM,NSE,STK,28044,INE0P5R01014,PURPLEUTED,ST,,,,,PURPLE UNITED SALES LTD,418.00,419.70,398.00,404.15,400.00,416.20,,404.15,,,19250,7845850.00,71,F1,250,,,,,
2026-09-07,2026-09-07,CM,NSE,STK,22938,INE0R6C01012,PURVFLEXI,SM,,,,,PURV FLEXIPACK LIMITED,43.65,46.90,43.55,44.95,45.10,45.80,,44.95,,,52000,2312000.00,35,F1,800,,,,,
2026-09-07,2026-09-07,CM,NSE,STK,757683,INE154801018,PUSHPA,SM,,,,,PUSHPA JEWELLERS LIMITED,109.95,113.95,109.95,113.95,113.90,108.95,,113.95,,,29000,3286150.00,23,F1,1000,,,,,
2026-09-07,2026-09-07,CM,NSE,STK,4010,INE362A01016,PVP,EQ,,,,,PVP VENTURES LIMITED,70.00,71.00,64.55,65.16,64.55,67.94,,65.22,,,2458317,165707968.28,13536,F1,1,,,,,
2026-09-07,2026-09-07,CM,NSE,STK,13147,INE191H01014,PVRINOX,EQ,,,,,PVR INOX LIMITED,1199.10,1199.10,1125.70,1156.50,1152.00,1227.20,,1156.52,,,3208552,3699018816.40,127466,F1,1,,,,,
2026-09-07,2026-09-07,CM,NSE,STK,18250,INE0MIS01010,PYRAMID,EQ,,,,,PYRAMID TECHNOPLAST LTD,154.20,154.76,150.60,151.30,150.65,153.83,,151.31,,,42997,6553523.06,1101,F1,1,,,,,
2026-09-07,2026-09-07,CM,NSE,STK,763594,INE1G2W01011,QLINE,SM,,,,,Q-LINE BIOTECH LIMITED,640.00,650.00,602.00,626.25,618.00,639.60,,626.25,,,129600,80938520.00,306,F1,400,,,,,
2026-09-07,2026-09-07,CM,NSE,STK,751653,INE0FMW01018,QMSMEDI,BE,,,,,QMS MEDICAL ALLIED S LTD,162.90,165.00,156.00,161.87,160.05,158.97,,161.87,,,28479,4617544.22,167,F1,1,,,,,
2026-09-07,2026-09-07,CM,NSE,STK,5870,INE0GOJ01027,QUADPRO,SM,,,,,QUADPRO ITES LIMITED,2.60,2.60,2.60,2.60,2.60,2.50,,2.60,,,12000,31200.00,1,F1,12000,,,,,
2026-09-07,2026-09-07,CM,NSE,STK,29087,INE0LRY01011,QUADFUTURE,EQ,,,,,QUADRANT FUTURE TEK LTD,417.90,432.60,414.35,415.65,415.85,417.90,,415.69,,,432652,182354409.95,13843,F1,1,,,,,
2026-09-07,2026-09-07,CM,NSE,STK,29711,INE0SII01026,QPOWER,EQ,,,,,QUALITY POWER ELEC EQUP L,1559.80,1570.00,1460.00,1482.50,1484.80,1495.30,,1482.53,,,660514,1013016508.40,25065,F1,1,,,,,
2026-09-07,2026-09-07,CM,NSE,STK,15330,INF082J01408,QGOLDHALF,EQ,,,,,QUANTUM GOLD ETF,125.99,126.12,125.00,125.79,125.80,127.62,,125.79,,,367265,46177036.96,1249,F1,1,,,,,
2026-09-07,2026-09-07,CM,NSE,STK,16819,INF082J01499,QNIFTY,EQ,,,,,QUANTUM NIFTY 50 ETF,266.20,266.20,261.60,262.18,262.40,264.15,,262.18,,,5242,1375201.95,193,F1,1,,,,,
2026-09-07,2026-09-07,CM,NSE,STK,765392,INF966L01EI5,SILVER001,EQ,,,,,QUANT_AMC - SILVER001,23.87,24.10,23.02,23.35,24.10,23.54,,23.35,,,124610,2892919.80,87,F1,1,,,,,
2026-09-07,2026-09-07,CM,NSE,STK,17704,INE615P01015,QUESS,EQ,,,,,QUESS CORP LIMITED,351.10,358.00,337.80,339.60,341.00,354.75,,339.60,,,398988,137221053.10,15920,F1,1,,,,,
2026-09-07,2026-09-07,CM,NSE,STK,23793,INE0TNW01017,QUESTLAB,SM,,,,,QUEST LABORATORIES LTD,84.80,84.80,81.30,82.00,82.00,85.50,,82.00,,,24000,2016480.00,9,F1,1200,,,,,
2026-09-07,2026-09-07,CM,NSE,STK,13116,INE306L01010,QUICKHEAL,EQ,,,,,QUICK HEAL TECH LTD,147.10,164.43,147.00,153.16,152.50,140.94,,153.16,,,833659,129873223.30,9879,F1,1,,,,,
2026-09-07,2026-09-07,CM,NSE,STK,15285,INE0K4D01020,QUICKTOUCH,SM,,,,,QUICKTOUCH TECHNOLOGIES L,16.80,16.80,16.80,16.80,16.80,16.00,,16.80,,,6500,109200.00,11,F1,500,,,,,
2026-09-07,2026-09-07,CM,NSE,STK,762854,INE641R01017,QUINT,EQ,,,,,QUINT DIGITAL LTD.,40.68,41.00,38.22,39.30,40.00,40.68,,39.43,,,7999,319159.78,112,F1,1,,,,,
2026-09-07,2026-09-07,CM,NSE,STK,9376,INE033B01011,QUINTEGRA,BE,,,,,QUINTEGRA SOLUTIONS LTD.,1.22,1.27,1.15,1.15,1.15,1.21,,1.28,,,25979,31746.59,36,F1,1,,,,,
2026-09-07,2026-09-07,CM,NSE,STK,24957,INE0KZF01015,QVCEL,SM,,,,,QVC EXPORTS LIMITED,23.60,23.60,23.60,23.60,23.60,24.75,,23.60,,,1600,37760.00,1,F1,1600,,,,,
2026-09-07,2026-09-07,CM,NSE,STK,23043,INE0NQ801033,RKSWAMY,EQ,,,,,R K SWAMY LIMITED,94.00,94.79,92.37,93.66,93.11,94.25,,93.65,,,49297,4626877.38,1523,F1,1,,,,,
2026-09-07,2026-09-07,CM,NSE,STK,757836,INE219Y01026,RMDRIP,BE,,,,,R M DRIP & SPRINK SYS LTD,21.05,22.00,21.05,21.84,21.96,21.13,,21.85,,,350403,7545480.16,756,F1,1,,,,,
2026-09-07,2026-09-07,CM,NSE,STK,762864,INE951M01037,RRIL,EQ,,,,,R R I L LTD.,16.66,16.80,16.45,16.54,16.69,16.66,,16.53,,,12846,214593.57,71,F1,1,,,,,
2026-09-07,2026-09-07,CM,NSE,STK,18566,INE777K01022,RRKABEL,EQ,,,,,R R KABEL LIMITED,2430.80,2484.00,2353.70,2387.10,2388.70,2454.10,,2387.12,,,1299097,3115284984.80,87548,F1,1,,,,,
2026-09-07,2026-09-07,CM,NSE,STK,762872,INE616F01022,RSDFIN,BE,,,,,R S D FINANCE LTD.,93.05,99.91,93.05,96.94,97.00,96.75,,96.94,,,1479,138826.48,26,F1,1,,,,,
2026-09-07,2026-09-07,CM,NSE,STK,13414,INE411H01032,RSYSTEMS,EQ,,,,,R SYS INTERNATIONAL LTD,260.00,260.00,250.09,250.72,251.21,256.12,,250.74,,,115816,29356059.64,3464,F1,1,,,,,
2026-09-07,2026-09-07,CM,NSE,STK,764855,INE005C01017,RTSPOWR,EQ,,,,,R T S POWER CORPN. LTD.,93.95,93.95,88.00,89.68,90.00,88.08,,89.02,,,2950,265006.72,74,F1,1,,,,,
2026-09-07,2026-09-07,CM,NSE,STK,758984,INE012Q01039,RNBDENIMS,BE,,,,,R&B DENIMS LIMITED,9.76,10.69,9.76,10.49,10.35,10.27,,10.49,,,290850,2933896.41,721,F1,1,,,,,
2026-09-07,2026-09-07,CM,NSE,STK,6429,INE165B01029,RSSOFTWARE,EQ,,,,,R. S. SOFTWARE (INDIA) LI,30.94,30.94,29.30,29.59,29.59,30.61,,29.59,,,29124,860617.47,227,F1,1,,,,,
2026-09-07,2026-09-07,CM,NSE,STK,20760,INE324L01013,RPPINFRA,EQ,,,,,R.P.P INFRA PROJECTS LTD,53.97,54.99,53.39,54.28,54.79,54.14,,54.28,,,984315,52726879.70,728,F1,1,,,,,
2026-09-07,2026-09-07,CM,NSE,STK,762244,INE2PB023011,RIIT,IV,,,,,RAAJMARG INFRA INVEST T,122.00,122.00,121.00,121.44,121.40,121.57,,121.44,,,116168,14111274.57,2038,F1,1,,,,,
2026-09-07,2026-09-07,CM,NSE,STK,15391,INE084Q01012,RACE,EQ,,,,,RACE ECO CHAIN LIMITED,100.99,102.00,98.31,99.92,99.99,99.30,,99.92,,,7233,724171.40,135,F1,1,,,,,
2026-09-07,2026-09-07,CM,NSE,STK,9854,INE02OY01016,RILINFRA,SM,,,,,RACHANA INFRA LTD,34.50,35.65,30.20,33.15,32.00,35.15,,33.15,,,35100,1202495.00,120,F1,100,,,,,
2026-09-07,2026-09-07,CM,NSE,STK,27171,INE704B01017,RACLGEAR,EQ,,,,,RACL GEARTECH LIMITED,1580.00,1606.40,1553.00,1573.70,1575.50,1576.10,,1573.76,,,27158,42779050.20,3104,F1,1,,,,,
2026-09-07,2026-09-07,CM,NSE,STK,10932,INE874F01027,RADAAN,EQ,,,,,RADAAN MEDIAWORKS (I) LTD,3.00,3.04,2.92,3.00,3.01,2.97,,3.02,,,21177,63176.39,127,F1,1,,,,,
2026-09-07,2026-09-07,CM,NSE,STK,10343,INE583V01021,RADHIKAJWE,EQ,,,,,RADHIKA JEWELTECH LIMITED,84.62,97.40,84.61,94.28,93.00,83.16,,94.27,,,31907643,2957440646.06,154074,F1,1,,,,,
2026-09-07,2026-09-07,CM,NSE,STK,13580,INE855R01021,RADIANTCMS,EQ,,,,,RADIANT CASH MGMT SER LTD,43.27,43.45,42.05,42.72,42.64,41.78,,42.72,,,571809,24378321.60,3139,F1,1,,,,,
2026-09-07,2026-09-07,CM,NSE,STK,10990,INE944F01028,RADICO,EQ,,,,,RADICO KHAITAN LTD,4470.00,4496.00,4433.00,4444.00,4444.00,4494.00,,4444.00,,,110526,493138781.60,16190,F1,1,,,,,
2026-09-07,2026-09-07,CM,NSE,STK,23445,INE430U01019,RADIOWALLA,ST,,,,,RADIOWALLA NETWORK LTD,27.30,27.35,27.30,27.35,27.35,28.70,,27.35,,,4800,131120.00,3,F1,1600,,,,,
2026-09-07,2026-09-07,CM,NSE,STK,24735,INE912T01018,RPEL,EQ,,,,,RAGHAV PRODUCTIVITY ENH L,1819.10,1821.50,1635.60,1681.20,1681.00,1807.20,,1681.05,,,312911,529558298.10,32558,F1,1,,,,,
2026-09-07,2026-09-07,CM,NSE,STK,9552,INE415G01027,RVNL,EQ,,,,,RAIL VIKAS NIGAM LIMITED,215.08,216.45,209.36,210.05,210.05,212.49,,210.08,,,12205275,2603423517.48,75470,F1,1,,,,,
2026-09-07,2026-09-07,CM,NSE,STK,2431,INE0DD101019,RAILTEL,EQ,,,,,RAILTEL CORP OF IND LTD,271.00,274.50,268.05,270.05,270.30,271.05,,270.03,,,399954,108336233.40,10492,F1,1,,,,,
2026-09-07,2026-09-07,CM,NSE,STK,15337,INE855B01025,RAIN,EQ,,,,,RAIN INDUSTRIES LIMITED,215.00,216.80,210.15,211.38,210.15,215.72,,211.39,,,2224146,474418679.81,16667,F1,1,,,,,
2026-09-07,2026-09-07,CM,NSE,STK,9408,INE961O01016,RAINBOW,EQ,,,,,RAINBOW CHILDRENS MED LTD,1447.20,1487.60,1442.00,1469.90,1468.40,1447.20,,1469.69,,,115787,170726346.20,12625,F1,1,,,,,
2026-09-07,2026-09-07,CM,NSE,STK,359,INE294G01026,ROML,EQ,,,,,RAJ OIL MILLS LIMITED,42.10,43.23,42.00,43.01,43.02,42.00,,43.01,,,4076,171866.59,30,F1,1,,,,,
2026-09-07,2026-09-07,CM,NSE,STK,8428,INE533D01032,RAJRILTD,BE,,,,,RAJ RAYON INDUSTRIES LTD,22.08,22.08,21.65,21.65,21.65,22.09,,21.65,,,5441,118077.08,86,F1,1,,,,,
2026-09-07,2026-09-07,CM,NSE,STK,14403,INE952H01027,RAJTV,EQ,,,,,RAJ TV NETWORK LTD,8.05,8.47,8.00,8.47,8.47,8.07,,8.52,,,76436,641607.56,259,F1,1,,,,,
2026-09-07,2026-09-07,CM,NSE,STK,762859,INE296E01026,RAJPALAYAM,EQ,,,,,RAJAPALAYAM MILLS LTD.,800.00,804.95,762.60,775.65,765.25,795.30,,776.88,,,2828,2216725.50,208,F1,1,,,,,
2026-09-07,2026-09-07,CM,NSE,STK,181,INE610C01014,ARENTERP,EQ,,,,,RAJDARSHAN INDUSTRIES LTD,34.65,35.00,30.05,34.76,34.70,34.65,,34.76,,,1895,63955.62,42,F1,1,,,,,
2026-09-07,2026-09-07,CM,NSE,STK,760461,INE343B01030,RAJESHEXPO,BZ,,,,,RAJESH EXPORTS LTD,84.99,84.99,78.87,79.72,80.00,83.02,,79.77,,,136629,10984724.99,1827,F1,1,,,,,
2026-09-07,2026-09-07,CM,NSE,STK,765445,INE0BZQ20011,RCDL-RE,ST,,,,,RAJGOR CAST DERIVATI LTD,2.40,2.90,2.00,2.70,2.70,2.45,,2.70,,,144000,361500.00,21,F1,3000,,,,,
2026-09-07,2026-09-07,CM,NSE,STK,19681,INE0BZQ01011,RCDL,SM,,,,,RAJGOR CASTOR DERIVATI L,14.15,14.80,13.75,14.30,14.05,14.15,,14.30,,,45000,643800.00,14,F1,3000,,,,,
2026-09-07,2026-09-07,CM,NSE,STK,2168,INE00KV01022,RAJMET,EQ,,,,,RAJNANDINI METAL LIMITED,3.16,3.16,3.10,3.15,3.15,3.15,,3.15,,,316026,991869.10,683,F1,1,,,,,
2026-09-07,2026-09-07,CM,NSE,STK,757052,INE535F01024,RAJOOENG,BE,,,,,RAJOO ENGINEERS LIMITED,52.98,54.16,52.00,54.16,54.16,51.59,,54.16,,,496256,26603532.90,1737,F1,1,,,,,
2026-09-07,2026-09-07,CM,NSE,STK,27269,INE0VHU01019,RAJPUTANA,SM,,,,,RAJPUTANA BIODIESEL LTD,217.00,217.00,205.05,205.60,205.25,219.95,,205.60,,,32000,6680550.00,35,F1,500,,,,,
2026-09-07,2026-09-07,CM,NSE,STK,24707,INE0PCU01012,RAJINDLTD,SM,,,,,RAJPUTANA INDUSTRIES LTD,62.90,62.90,62.90,62.90,62.90,63.00,,62.90,,,1500,94350.00,1,F1,1500,,,,,
2026-09-07,2026-09-07,CM,NSE,STK,761439,INE313L01016,RSL,EQ,,,,,RAJPUTANA STAINLESS LTD,181.50,188.40,181.50,186.05,187.95,181.50,,186.06,,,322525,59914724.25,4955,F1,1,,,,,
2026-09-07,2026-09-07,CM,NSE,STK,18962,INE451D01029,RAJRATAN,EQ,,,,,RAJRATAN GLOBAL WIRE LTD,502.00,508.30,485.45,488.80,488.60,498.35,,488.84,,,75607,37451980.30,4098,F1,1,,,,,
2026-09-07,2026-09-07,CM,NSE,STK,6915,INE760W01023,RPPL,BE,,,,,RAJSHREE POLYPACK LTD,23.50,23.50,22.16,23.32,23.45,23.29,,23.32,,,48148,1081302.20,127,F1,1,,,,,
2026-09-07,2026-09-07,CM,NSE,STK,2809,INE562B01019,RAJSREESUG,EQ,,,,,RAJSHREE SUGAR & CHEMICAL,36.09,37.27,35.11,35.68,35.86,35.47,,35.69,,,57781,2083429.88,523,F1,1,,,,,
2026-09-07,2026-09-07,CM,NSE,STK,2816,INE613A01020,RALLIS,EQ,,,,,RALLIS INDIA LTD,209.10,209.84,205.36,206.15,206.20,208.82,,206.15,,,517541,106959570.85,11766,F1,1,,,,,
2026-09-07,2026-09-07,CM,NSE,STK,10485,INE207E01023,RAMRAT,EQ,,,,,RAM RATNA WIRES LIMITED,560.65,564.00,521.95,527.20,527.65,560.65,,527.19,,,336077,180100832.70,19448,F1,1,,,,,
2026-09-07,2026-09-07,CM,NSE,STK,10568,INE809A01032,RAMAPHO,EQ,,,,,RAMA PHOSPHATES LIMITED,126.00,126.00,123.00,124.20,123.12,123.48,,124.20,,,14683,1817593.37,327,F1,1,,,,,
2026-09-07,2026-09-07,CM,NSE,STK,10304,INE230R01035,RAMASTEEL,BE,,,,,RAMA STEEL TUBES LIMITED,4.00,4.10,4.00,4.10,4.10,4.02,,4.09,,,1943527,7878679.44,1630,F1,1,,,,,
2026-09-07,2026-09-07,CM,NSE,STK,4587,INE614A01028,RAMCOIND,EQ,,,,,RAMCO INDUSTRIES LIMITED,323.95,325.90,318.00,323.05,324.50,323.25,,323.07,,,100157,32223142.00,2343,F1,1,,,,,
2026-09-07,2026-09-07,CM,NSE,STK,7851,INE246B01019,RAMCOSYS,EQ,,,,,RAMCO SYSTEMS LTD.,604.00,620.00,600.60,604.35,609.00,611.20,,604.23,,,84590,51465415.55,3772,F1,1,,,,,
2026-09-07,2026-09-07,CM,NSE,STK,23565,INE0RJH01010,RBS,SM,,,,,RAMDEVBABA SOLVENT LTD,87.00,90.00,80.05,89.00,89.00,88.10,,89.00,,,46400,4111880.00,22,F1,800,,,,,
2026-09-07,2026-09-07,CM,NSE,STK,11411,INE399G01023,RKFORGE,EQ,,,,,RAMKRISHNA FORGINGS LTD,700.00,711.00,691.00,706.25,706.00,700.85,,706.26,,,698070,490504384.35,23233,F1,1,,,,,
2026-09-07,2026-09-07,CM,NSE,STK,20134,INE874I01013,RAMKY,EQ,,,,,RAMKY INFRA LTD,346.25,349.45,337.05,339.60,340.80,347.40,,339.59,,,39929,13615130.95,1618,F1,1,,,,,
2026-09-07,2026-09-07,CM,NSE,STK,2837,INE625B01014,RANASUG,EQ,,,,,RANA SUGARS LTD.,14.80,15.51,14.80,14.99,14.99,14.80,,15.00,,,558685,8499404.99,1183,F1,1,,,,,
2026-09-07,2026-09-07,CM,NSE,STK,11975,INE050H01012,RML,EQ,,,,,RANE (MADRAS) LIMITED,1280.00,1410.00,1251.10,1388.20,1398.00,1295.90,,1388.35,,,976998,1333850181.60,56481,F1,1,,,,,
2026-09-07,2026-09-07,CM,NSE,STK,2844,INE384A01010,RANEHOLDIN,EQ,,,,,RANE HOLDINGS LIMITED,1651.90,1705.00,1651.00,1673.00,1670.00,1651.10,,1672.92,,,37763,63369517.40,3671,F1,1,,,,,
2026-09-07,2026-09-07,CM,NSE,STK,30460,INE0QX901013,RAPIDFLEET,SM,,,,,RAPID FLEET MGT SERVICE L,235.00,235.00,231.05,232.00,232.00,233.00,,232.00,,,13800,3215100.00,22,F1,600,,,,,
2026-09-07,2026-09-07,CM,NSE,STK,25610,INE0MVO01012,RAPPID,SM,,,,,RAPPID VALVES (INDIA) LTD,310.00,316.00,301.00,306.20,308.00,309.50,,306.20,,,11400,3522660.00,15,F1,600,,,,,
2026-09-07,2026-09-07,CM,NSE,STK,22670,INE0J1F01024,RPTECH,EQ,,,,,RASHI PERIPHERALS LIMITED,824.80,869.80,824.80,853.40,854.85,823.65,,853.38,,,412998,353806808.30,22084,F1,1,,,,,
2026-09-07,2026-09-07,CM,NSE,STK,2866,INE027A01015,RCF,EQ,,,,,RASHTRIYA CHEMICALS & FER,115.02,115.40,113.52,113.92,114.01,114.92,,113.92,,,870216,99512054.17,9374,F1,1,,,,,
2026-09-07,2026-09-07,CM,NSE,STK,7177,INE0CLI01024,RATEGAIN,EQ,,,,,RATEGAIN TRAVEL TECHN LTD,854.00,861.65,843.20,856.50,859.95,851.15,,856.53,,,226177,192973087.20,14144,F1,1,,,,,
2026-09-07,2026-09-07,CM,NSE,STK,13451,INE703B01027,RATNAMANI,EQ,,,,,RATNAMANI MET & TUB LTD.,2726.00,2741.10,2638.30,2658.50,2670.00,2727.00,,2658.43,,,40860,109435127.40,7689,F1,1,,,,,
2026-09-07,2026-09-07,CM,NSE,STK,18423,INE05CZ01011,RATNAVEER,EQ,,,,,RATNAVEER PRECISION ENG L,307.40,316.00,303.00,306.45,304.85,304.75,,306.45,,,3736782,1157547456.20,21942,F1,1,,,,,
2026-09-07,2026-09-07,CM,NSE,STK,27297,INE834M01019,RTNINDIA,EQ,,,,,RATTANINDIA ENT LIMITED,27.78,28.80,27.50,28.14,28.24,27.82,,28.14,,,1961722,55371313.84,7822,F1,1,,,,,
2026-09-07,2026-09-07,CM,NSE,STK,17520,INE399K01017,RTNPOWER,EQ,,,,,RATTANINDIA POWER LIMITED,7.40,7.47,7.20,7.32,7.34,7.36,,7.32,,,23370904,171726245.40,18606,F1,1,,,,,
2026-09-07,2026-09-07,CM,NSE,STK,20950,INE722J01012,RKDL,EQ,,,,,RAVI KUMAR DIST. LTD.,18.39,18.86,18.14,18.25,18.44,18.39,,18.25,,,8760,161681.55,81,F1,1,,,,,
2026-09-07,2026-09-07,CM,NSE,STK,1565,INE09E501017,RVHL,EQ,,,,,RAVINDER HEIGHTS LIMITED,40.03,41.99,39.14,40.20,40.82,39.84,,40.20,,,13726,562450.65,106,F1,1,,,,,
2026-09-07,2026-09-07,CM,NSE,STK,24596,INE206N01018,RELTD,EQ,,,,,RAVINDRA ENERGY LIMITED,160.95,160.95,156.71,159.21,159.75,161.37,,159.23,,,198563,31525173.95,3305,F1,1,,,,,
2026-09-07,2026-09-07,CM,NSE,STK,25073,INE02ID01020,RAYMONDLSL,EQ,,,,,RAYMOND LIFESTYLE LIMITED,666.00,678.95,657.05,672.90,673.00,663.65,,672.81,,,123831,83225931.65,8581,F1,1,,,,,
2026-09-07,2026-09-07,CM,NSE,STK,2859,INE301A01014,RAYMOND,EQ,,,,,RAYMOND LTD,740.85,789.60,736.30,772.40,775.00,740.85,,772.41,,,3293248,2551424080.40,86429,F1,1,,,,,
2026-09-07,2026-09-07,CM,NSE,STK,758551,INE1SY401010,RAYMONDREL,EQ,,,,,RAYMOND REALTY LIMITED,530.00,558.80,530.00,553.70,555.00,529.15,,553.74,,,510573,280385032.35,15905,F1,1,,,,,
2026-09-07,2026-09-07,CM,NSE,STK,18391,INE976G01028,RBLBANK,EQ,,,,,RBL BANK LIMITED,416.00,418.25,407.85,415.00,415.00,414.35,,414.88,,,3484526,1441286211.50,64259,F1,1,,,,,
2026-09-07,2026-09-07,CM,NSE,STK,13570,INE0NA301016,RBMINFRA,SM,,,,,RBM INFRACON LIMITED,237.00,237.00,227.90,229.80,229.20,236.90,,229.80,,,18400,4258000.00,69,F1,200,,,,,
2026-09-07,2026-09-07,CM,NSE,STK,20874,INE0PEQ01016,RBZJEWEL,EQ,,,,,RBZ JEWELLERS LIMITED,198.99,199.00,186.18,190.71,189.99,200.69,,190.70,,,1090155,211673876.62,17233,F1,1,,,,,
2026-09-07,2026-09-07,CM,NSE,STK,764850,INE0AK901016,RRECL,EQ,,,,,RDB REAL ESTATE CONS L,137.00,138.90,126.20,132.27,132.00,136.83,,132.14,,,1004,133367.86,38,F1,1,,,,,
2026-09-07,2026-09-07,CM,NSE,STK,29561,INE10QL01011,READYMIX,SM,,,,,READYMIX CONSTRU MACHI L,77.80,77.80,73.60,74.25,73.70,76.00,,74.25,,,49000,3700750.00,45,F1,1000,,,,,
2026-09-07,2026-09-07,CM,NSE,STK,15355,INE020B01018,RECLTD,EQ,,,,,REC LIMITED,319.00,321.40,316.05,316.40,316.40,318.70,,316.40,,,3769684,1200871923.55,27020,F1,1,,,,,
2026-09-07,2026-09-07,CM,NSE,STK,14255,INE891D01026,REDINGTON,EQ,,,,,REDINGTON LIMITED,371.05,381.60,370.00,378.20,378.10,371.30,,378.19,,,5166393,1954001731.85,77729,F1,1,,,,,
2026-09-07,2026-09-07,CM,NSE,STK,17859,INE0LXT01019,REDTAPE,EQ,,,,,REDTAPE LIMITED,120.43,121.54,118.48,118.81,119.00,120.43,,118.81,,,178625,21296294.48,3512,F1,1,,,,,
2026-09-07,2026-09-07,CM,NSE,STK,17764,INE056I01025,REFEX,EQ,,,,,REFEX INDUSTRIES LIMITED,283.00,284.65,276.50,277.15,277.50,282.55,,277.12,,,192648,53710808.85,4601,F1,1,,,,,
2026-09-07,2026-09-07,CM,NSE,STK,23718,INE0TNX01015,REFRACTORY,SM,,,,,REFRACTORY SHAPES LIMITED,25.00,25.00,24.05,24.35,24.20,25.25,,24.35,,,25000,607650.00,21,F1,1000,,,,,
2026-09-07,2026-09-07,CM,NSE,STK,758680,INE0MHO01029,REGAAL,EQ,,,,,REGAAL RESOURCES LIMITED,89.00,89.28,87.19,88.16,87.61,88.51,,88.13,,,165613,14626807.16,1401,F1,1,,,,,
2026-09-07,2026-09-07,CM,NSE,STK,4130,INE277C01012,REGENCERAM,EQ,,,,,REGENCY CERAMICS LTD.,37.99,37.99,34.51,35.00,34.51,34.86,,35.00,,,1964,69461.16,83,F1,1,,,,,
2026-09-07,2026-09-07,CM,NSE,STK,24225,INE131B01039,RELAXO,EQ,,,,,RELAXO FOOT LTD.,344.75,345.00,335.75,338.05,340.50,344.75,,338.08,,,108144,36638245.50,6558,F1,1,,,,,
2026-09-07,2026-09-07,CM,NSE,STK,3172,INF204KC1030,GILT5YBEES,EQ,,,,,RELCAPAMC - NETFGILT5Y,66.33,67.31,66.07,66.31,66.36,66.33,,66.31,,,207982,13790144.06,832,F1,1,,,,,
2026-09-07,2026-09-07,CM,NSE,STK,24378,INE375Y01018,RELIABLE,EQ,,,,,RELIABLE DATA SERVICE LTD,141.00,141.97,123.55,138.12,139.00,140.88,,138.55,,,32235,4527172.18,1436,F1,1,,,,,
2026-09-07,2026-09-07,CM,NSE,STK,9652,INE750D01016,RELCHEMQ,EQ,,,,,RELIANCE CHEMOTEX IND LTD,116.73,116.73,112.37,113.33,115.50,116.73,,113.33,,,3050,351239.25,118,F1,1,,,,,
2026-09-07,2026-09-07,CM,NSE,STK,13188,INE330H01018,RCOM,BE,,,,,RELIANCE COMMUNICATIONS L,0.81,0.85,0.81,0.85,0.85,0.81,,0.85,,,5380404,4510574.70,2714,F1,1,,,,,
2026-09-07,2026-09-07,CM,NSE,STK,759204,INE217K01011,RHFL,BZ,,,,,RELIANCE HOME FINANCE LTD,1.88,1.88,1.80,1.82,1.82,1.82,,1.82,,,465042,856125.32,1018,F1,1,,,,,
2026-09-07,2026-09-07,CM,NSE,STK,2912,INE046A01015,RIIL,EQ,,,,,RELIANCE INDUSTRIAL INFRA,750.00,753.00,730.00,732.40,732.80,750.95,,732.42,,,83105,61331366.55,3636,F1,1,,,,,
2026-09-07,2026-09-07,CM,NSE,STK,2885,INE002A01018,RELIANCE,EQ,,,,,RELIANCE INDUSTRIES LTD,1323.10,1324.20,1301.90,1309.50,1309.50,1322.00,,1309.50,,,10210522,13363875854.60,231898,F1,1,,,,,
2026-09-07,2026-09-07,CM,NSE,STK,4791,INE036A01016,RELINFRA,BE,,,,,RELIANCE INFRASTRUCTU LTD,57.00,58.16,56.99,58.16,58.16,57.02,,58.24,,,79789,4632410.42,537,F1,1,,,,,
2026-09-07,2026-09-07,CM,NSE,STK,15259,INE614G01033,RPOWER,EQ,,,,,RELIANCE POWER LTD.,22.08,22.52,21.73,21.94,21.98,22.08,,21.94,,,19788828,436630770.13,32770,F1,1,,,,,
2026-09-07,2026-09-07,CM,NSE,STK,765330,INF205KA1CB9,IVZBANKNF,EQ,,,,,RELIGARAMC - IVZBANKNF,56.41,57.16,56.41,57.05,57.05,57.56,,57.05,,,393,22365.81,17,F1,1,,,,,
2026-09-07,2026-09-07,CM,NSE,STK,765327,INF205KA1CA1,IVZSENSEX,EQ,,,,,RELIGARAMC - IVZSENSEX,78.10,78.59,75.93,76.28,76.28,76.56,,76.07,,,2082,159097.59,35,F1,1,,,,,
2026-09-07,2026-09-07,CM,NSE,STK,15068,INE621H01010,RELIGARE,EQ,,,,,RELIGARE ENTER. LTD.,257.08,260.50,254.01,255.45,255.95,257.08,,255.45,,,1240789,319765436.30,16381,F1,1,,,,,
2026-09-07,2026-09-07,CM,NSE,STK,3965,INE474C01023,REMSONSIND,EQ,,,,,REMSONS INDUSTRIES LTD,99.90,104.60,97.02,97.86,97.99,99.35,,97.84,,,94298,9313075.12,1921,F1,1,,,,,
2026-09-07,2026-09-07,CM,NSE,STK,16154,INE0O5T01011,REMUS,SM,,,,,REMUS PHARMACEUTICALS L,909.00,914.95,870.00,878.75,870.00,890.05,,878.75,,,3700,3329900.00,33,F1,100,,,,,
2026-09-07,2026-09-07,CM,NSE,STK,15129,INE722H01024,RGL,EQ,,,,,RENAISSANCE GLOBAL LTD,151.00,157.00,148.11,153.10,152.99,149.26,,153.10,,,1856449,284108784.68,21062,F1,1,,,,,
2026-09-07,2026-09-07,CM,NSE,STK,758157,INE0VZX01015,RNPL,SM,,,,,RENOL POLYCHEM LIMITED,80.00,82.00,75.05,75.05,75.05,79.00,,75.05,,,16800,1297440.00,11,F1,1200,,,,,
2026-09-07,2026-09-07,CM,NSE,STK,29598,INE612J01015,REPCOHOME,EQ,,,,,REPCO HOME FINANCE LTD,361.00,361.00,355.30,358.75,359.85,358.75,,358.74,,,48377,17302573.70,1479,F1,1,,,,,
2026-09-07,2026-09-07,CM,NSE,STK,13126,INE461B01014,REPRO,EQ,,,,,REPRO INDIA LIMITED,322.15,325.90,316.20,324.25,325.70,319.45,,324.25,,,6875,2216915.20,419,F1,1,,,,,
2026-09-07,2026-09-07,CM,NSE,STK,20323,INE688D01026,RESPONIND,EQ,,,,,RESPONSIVE INDUSTRIES LTD,152.39,152.39,147.00,148.15,147.01,154.90,,148.17,,,1222693,182241304.56,15399,F1,1,,,,,
2026-09-07,2026-09-07,CM,NSE,STK,1494,INE07T201019,RBA,EQ,,,,,RESTAURANT BRAND ASIA LTD,97.30,98.00,95.61,96.41,96.55,97.15,,96.40,,,2031006,196681445.93,14821,F1,1,,,,,
2026-09-07,2026-09-07,CM,NSE,STK,25157,INE0DAB01012,RVTH,EQ,,,,,REVATHI EQUIPMENT INDIA L,735.00,735.00,717.10,717.50,717.50,734.45,,717.50,,,4493,3234692.40,12,F1,1,,,,,
2026-09-07,2026-09-07,CM,NSE,STK,29270,INE113601012,REXPRO,SM,,,,,REXPRO ENTERPRISES LTD,37.75,38.00,37.45,37.45,37.45,39.40,,37.45,,,9000,338250.00,9,F1,1000,,,,,
2026-09-07,2026-09-07,CM,NSE,STK,763468,INE0V2V01015,RFBL,ST,,,,,RFBL FLEXI PACK LIMITED,88.50,88.85,88.50,88.85,88.85,84.65,,88.85,,,21000,1863450.00,7,F1,3000,,,,,
2026-09-07,2026-09-07,CM,NSE,STK,759062,INE0KKN01029,RHETAN,EQ,,,,,RHETAN TMT LIMITED,26.69,26.69,26.68,26.68,26.69,25.42,,26.68,,,8256003,220330905.03,6174,F1,1,,,,,
2026-09-07,2026-09-07,CM,NSE,STK,31163,INE743M01012,RHIM,EQ,,,,,RHI MAGNESITA INDIA LTD,371.80,375.15,369.00,373.80,373.30,371.35,,373.79,,,150341,55868959.45,4850,F1,1,,,,,
2026-09-07,2026-09-07,CM,NSE,STK,8212,INE0J1P01015,RICHA,ST,,,,,RICHA INFO SYSTEMS LTD,75.05,75.05,74.10,74.40,74.10,78.00,,74.40,,,3000,223250.00,3,F1,1000,,,,,
2026-09-07,2026-09-07,CM,NSE,STK,2909,INE209B01025,RICOAUTO,EQ,,,,,RICO AUTO INDUSTRIES LTD,130.42,135.95,129.08,135.47,135.01,130.46,,135.46,,,2142105,286212358.46,19248,F1,1,,,,,
2026-09-07,2026-09-07,CM,NSE,STK,764121,INE302D01024,RIR,EQ,,,,,RIR POWER ELECTRONICS L,175.04,203.83,175.04,191.95,190.01,169.86,,191.93,,,11233703,2179134191.00,112059,F1,1,,,,,
2026-09-07,2026-09-07,CM,NSE,STK,18417,INE0N2P01017,RISHABH,EQ,,,,,RISHABH INSTRUMENTS LTD,739.95,815.00,739.95,809.95,812.00,738.45,,809.95,,,774109,614020146.60,32815,F1,1,,,,,
2026-09-07,2026-09-07,CM,NSE,STK,8944,INE01EG01016,RITCO,EQ,,,,,RITCO LOGISTICS LIMITED,302.00,331.15,301.45,319.80,320.00,301.80,,319.87,,,574280,184203776.45,11781,F1,1,,,,,
2026-09-07,2026-09-07,CM,NSE,STK,11910,INE0MRA01019,RITEZONE,SM,,,,,RITE ZONE CHEMCON IND LTD,21.50,21.50,21.50,21.50,21.50,20.50,,21.50,,,1600,34400.00,1,F1,1600,,,,,
2026-09-07,2026-09-07,CM,NSE,STK,3761,INE320J01015,RITES,EQ,,,,,RITES LIMITED,215.80,217.94,214.11,215.80,216.00,215.80,,215.79,,,244159,52741179.05,7918,F1,1,,,,,
2026-09-07,2026-09-07,CM,NSE,STK,1547,INE786W01010,RKEC,EQ,,,,,RKEC PROJECTS LIMITED,22.10,22.10,20.00,20.30,20.30,21.73,,20.30,,,87634,1803663.70,436,F1,1,,,,,
2026-09-07,2026-09-07,CM,NSE,STK,762346,INE655V01019,RMC,EQ,,,,,RMC SWITCHGEARS LIMITED,233.54,241.02,230.00,233.31,231.70,233.54,,233.39,,,68499,16151750.40,2677,F1,1,,,,,
2026-09-07,2026-09-07,CM,NSE,STK,24589,INE0SA001017,RNFI,SM,,,,,RNFI SERVICES LIMITED,299.00,322.00,299.00,317.15,314.95,299.15,,317.15,,,89400,27626550.00,121,F1,600,,,,,
2026-09-07,2026-09-07,CM,NSE,STK,15157,INE508K01013,RHL,EQ,,,,,ROBUST HOTELS LIMITED,166.30,170.00,165.00,166.16,166.00,167.89,,166.16,,,8578,1424438.59,53,F1,1,,,,,
2026-09-07,2026-09-07,CM,NSE,STK,760033,IN90PTR01010,ROCKPP,E1,,,,,ROCKINGDCE RS.5 PPD UP,70.30,70.40,70.30,70.40,70.40,64.00,,70.40,,,5000,351900.00,5,F1,1000,,,,,
2026-09-07,2026-09-07,CM,NSE,STK,20289,INE0PTR01012,ROCKINGDCE,SM,,,,,ROCKINGDEALS CIRCU ECO L,225.50,229.00,220.00,229.00,229.00,234.25,,229.00,,,3750,834287.50,13,F1,250,,,,,
2026-09-07,2026-09-07,CM,NSE,STK,5279,INE645S01024,ROLEXRINGS,EQ,,,,,ROLEX RINGS LIMITED,173.00,178.80,172.01,175.67,176.57,171.72,,175.69,,,1410147,248876592.96,17251,F1,1,,,,,
2026-09-07,2026-09-07,CM,NSE,STK,19108,INE927A01040,ROLLT,BE,,,,,ROLLATAINERS LIMITED,4.50,4.58,4.31,4.58,4.58,4.37,,4.58,,,990134,4510000.42,613,F1,1,,,,,
2026-09-07,2026-09-07,CM,NSE,STK,19410,INE02A801020,ROSSARI,EQ,,,,,ROSSARI BIOTECH LIMITED,465.00,465.00,456.00,458.50,458.15,460.25,,458.48,,,57155,26242981.80,2915,F1,1,,,,,
2026-09-07,2026-09-07,CM,NSE,STK,28913,INE847C01020,ROSSELLIND,EQ,,,,,ROSSELL INDIA LIMITED,57.04,57.85,56.12,56.92,56.12,56.96,,56.90,,,43055,2448991.87,786,F1,1,,,,,
2026-09-07,2026-09-07,CM,NSE,STK,27353,INE0OJW01016,ROSSTECH,EQ,,,,,ROSSELL TECHSYS LIMITED,1156.30,1172.00,1139.60,1148.20,1145.00,1150.50,,1148.20,,,107652,123773021.60,8150,F1,1,,,,,
2026-09-07,2026-09-07,CM,NSE,STK,9049,INE535D01037,ROTO,EQ,,,,,ROTO PUMPS LIMITED,65.00,65.36,63.16,63.59,63.89,65.03,,63.59,,,166395,10637126.98,2861,F1,1,,,,,
2026-09-07,2026-09-07,CM,NSE,STK,128,INE450U01017,ROUTE,EQ,,,,,ROUTE MOBILE LIMITED,500.50,522.50,497.10,512.05,511.00,501.55,,512.05,,,219416,112407040.55,7409,F1,1,,,,,
2026-09-07,2026-09-07,CM,NSE,STK,20167,INE0PDJ01013,ROXHITECH,SM,,,,,ROX HI TECH LIMITED,46.35,47.60,46.35,47.20,47.20,46.30,,47.20,,,30400,1431280.00,19,F1,1600,,,,,
2026-09-07,2026-09-07,CM,NSE,STK,13182,INE283H01019,ROHLTD,EQ,,,,,ROYAL ORCHID HOTELS LTD,297.00,305.25,297.00,303.90,302.15,298.55,,303.91,,,30726,9272238.85,1017,F1,1,,,,,
2026-09-07,2026-09-07,CM,NSE,STK,16725,INE105J01010,RPGLIFE,EQ,,,,,RPG LIFE SCIENCES LTD,2746.00,2781.10,2651.00,2673.40,2665.00,2721.60,,2673.58,,,13615,36912471.90,2206,F1,1,,,,,
2026-09-07,2026-09-07,CM,NSE,STK,8119,INE425Y01011,RPSGVENT,EQ,,,,,RPSG VENTURES LIMITED,834.65,834.65,811.10,816.50,821.00,831.40,,814.28,,,22339,18365455.40,959,F1,1,,,,,
2026-09-07,2026-09-07,CM,NSE,STK,7292,INE611A01016,RSWM,BE,,,,,RSWM LIMITED,220.63,226.90,212.00,217.69,217.40,220.63,,216.83,,,35426,7778768.97,441,F1,1,,,,,
2026-09-07,2026-09-07,CM,NSE,STK,24730,INE642C01025,RUBFILA,EQ,,,,,RUBFILA INTERNATIONAL LTD,69.15,72.00,68.50,70.96,71.70,70.69,,70.96,,,110771,7795931.61,466,F1,1,,,,,
2026-09-07,2026-09-07,CM,NSE,STK,759316,INE506V01022,RUBICON,EQ,,,,,RUBICON RESEARCH LIMITED,1760.10,1796.10,1740.50,1748.40,1751.00,1768.30,,1748.44,,,84252,148289283.50,9562,F1,1,,,,,
2026-09-07,2026-09-07,CM,NSE,STK,4566,INE413B01023,RUCHINFRA,EQ,,,,,RUCHI INFRASTRUCTURE LTD,5.75,5.89,5.60,5.62,5.65,5.82,,5.63,,,195310,1112910.47,701,F1,1,,,,,
2026-09-07,2026-09-07,CM,NSE,STK,13821,INE803H01014,RUCHIRA,EQ,,,,,RUCHIRA PAPERS LIMITED,109.00,112.00,106.00,107.88,108.49,107.50,,107.88,,,285875,31447855.92,3808,F1,1,,,,,
2026-09-07,2026-09-07,CM,NSE,STK,760392,INE027T01023,RUDRA,EQ,,,,,RUDRA GLOBAL INFRA PROD L,20.33,20.65,20.01,20.04,20.02,20.33,,20.04,,,31696,638046.40,118,F1,1,,,,,
2026-09-07,2026-09-07,CM,NSE,STK,1486,INE364Z01019,REPL,BE,,,,,RUDRABHISHEK ENTERP LTD,62.00,63.13,60.43,60.99,60.75,63.19,,60.99,,,22087,1358010.55,80,F1,1,,,,,
2026-09-07,2026-09-07,CM,NSE,STK,23830,INE0R7301013,RULKA,SM,,,,,RULKA ELECTRICALS LIMITED,109.00,109.00,106.25,107.55,106.25,106.25,,107.55,,,4500,483195.00,9,F1,300,,,,,
2026-09-07,2026-09-07,CM,NSE,STK,25724,INE895B01021,RUPA,EQ,,,,,RUPA & COMPANY LTD,144.35,145.31,142.21,142.92,143.00,144.49,,142.93,,,71290,10216086.33,2517,F1,1,,,,,
2026-09-07,2026-09-07,CM,NSE,STK,24595,INE573K01025,RUSHIL,EQ,,,,,RUSHIL DECOR LIMITED,16.03,16.47,15.82,16.04,16.01,16.01,,16.04,,,513661,8262449.77,746,F1,1,,,,,
2026-09-07,2026-09-07,CM,NSE,STK,764860,INE137M01017,SAB,EQ,,,,,S A B INDUSTRIES LTD.,184.41,192.60,183.50,192.60,192.60,183.50,,189.05,,,64,11853.30,8,F1,1,,,,,
2026-09-07,2026-09-07,CM,NSE,STK,24674,INE0BSN01013,SATECH,SM,,,,,S A TECH SOFTWARE INDIA L,39.05,40.05,39.00,40.05,40.05,39.60,,40.05,,,3000,118100.00,3,F1,1000,,,,,
2026-09-07,2026-09-07,CM,NSE,STK,20698,INE807K01035,SCHAND,EQ,,,,,S CHAND AND COMPANY LTD,137.50,137.50,131.66,133.34,133.05,136.41,,133.35,,,19360,2594631.07,449,F1,1,,,,,
2026-09-07,2026-09-07,CM,NSE,STK,25528,INE0X6F01017,SDREAMS,SM,,,,,S D RETAIL LIMITED,84.05,84.05,83.00,83.00,83.00,85.15,,83.00,,,10000,834100.00,7,F1,1000,,,,,
2026-09-07,2026-09-07,CM,NSE,STK,11212,INE500L01026,SHK,EQ,,,,,S H KELKAR AND CO. LTD.,151.00,151.00,147.10,148.00,147.60,150.87,,148.00,,,262326,39016234.70,4254,F1,1,,,,,
2026-09-07,2026-09-07,CM,NSE,STK,20542,INE0F3301020,SJLOGISTIC,SM,,,,,S J LOGISTICS (INDIA) LTD,317.90,320.00,315.10,319.35,319.25,315.70,,319.35,,,29000,9214387.50,64,F1,250,,,,,
2026-09-07,2026-09-07,CM,NSE,STK,764940,INE159L01013,SVGLOBAL,EQ,,,,,S V GLOBAL MILL LTD.,160.00,160.00,147.06,151.09,151.98,163.62,,151.09,,,21648,3343244.49,608,F1,1,,,,,
2026-09-07,2026-09-07,CM,NSE,STK,2951,INE902B01017,S&SPOWER,EQ,,,,,S&S POWER SWITCHGEARS LTD,333.30,337.40,326.00,334.00,332.00,323.95,,334.00,,,1689,558759.30,105,F1,1,,,,,
2026-09-07,2026-09-07,CM,NSE,STK,18252,INE212I01016,SPAL,EQ,,,,,S. P. APPARELS LIMITED,1066.50,1093.80,1055.20,1065.90,1064.00,1071.10,,1065.75,,,29190,31180063.70,3607,F1,1,,,,,
2026-09-07,2026-09-07,CM,NSE,STK,11634,INE658G01014,SALSTEEL,EQ,,,,,S.A.L. STEEL LTD.,81.99,84.50,79.00,81.80,80.00,81.37,,81.77,,,670446,55550369.12,5284,F1,1,,,,,
2026-09-07,2026-09-07,CM,NSE,STK,19112,INE0PSK01027,SAAKSHI,ST,,,,,SAAKSHI MEDTEC N PANELS L,310.10,321.00,306.55,320.50,318.00,317.30,,320.50,,,43200,13610910.00,21,F1,600,,,,,
2026-09-07,2026-09-07,CM,NSE,STK,759057,INE13B501022,SAATVIKGL,EQ,,,,,SAATVIK GREEN ENERGY LTD,420.45,426.65,418.05,421.00,420.30,424.40,,420.97,,,33301,14023941.65,1271,F1,1,,,,,
2026-09-07,2026-09-07,CM,NSE,STK,757409,INE1ARD01016,SACHEEROME,SM,,,,,SACHEEROME LIMITED,499.00,552.75,499.00,522.55,525.00,485.25,,522.55,,,78600,41186205.00,194,F1,300,,,,,
2026-09-07,2026-09-07,CM,NSE,STK,13236,INE226H01026,SADBHAV,EQ,,,,,SADBHAV ENGINEERING LTD,8.14,8.14,8.00,8.02,8.06,8.15,,8.03,,,96462,774910.56,223,F1,1,,,,,
2026-09-07,2026-09-07,CM,NSE,STK,10622,INE764L01010,SADBHIN,BE,,,,,SADBHAV INFRA PROJ LTD.,2.51,2.62,2.51,2.58,2.56,2.55,,2.58,,,139939,359413.26,175,F1,1,,,,,
2026-09-07,2026-09-07,CM,NSE,STK,15349,INE888C01040,SADHNANIQ,BE,,,,,SADHANA NITROCHEM LIMITED,2.77,2.77,2.77,2.77,2.77,2.72,,2.75,,,1526451,4228269.27,178,F1,1,,,,,
2026-09-07,2026-09-07,CM,NSE,STK,22897,INE0K5H01010,SADHAV,SM,,,,,SADHAV SHIPPING LIMITED,114.80,114.80,110.10,110.30,110.30,110.65,,110.30,,,9600,1071180.00,15,F1,600,,,,,
2026-09-07,2026-09-07,CM,NSE,STK,13035,INE429E01023,SAFARI,EQ,,,,,SAFARI IND (INDIA) LTD,1540.00,1554.90,1526.20,1537.80,1526.50,1540.40,,1537.40,,,25661,39610123.90,3506,F1,1,,,,,
2026-09-07,2026-09-07,CM,NSE,STK,757583,INE17D601016,SAFEENTP,SM,,,,,SAFE ENTER RETAIL FIX LTD,270.00,280.00,270.00,271.95,272.45,273.00,,271.95,,,49000,13432500.00,75,F1,500,,,,,
2026-09-07,2026-09-07,CM,NSE,STK,14068,INE229C01021,SAGCEM,EQ,,,,,SAGAR CEMENTS LIMITED,154.13,155.89,151.30,153.64,153.60,152.86,,153.63,,,36273,5556541.53,1174,F1,1,,,,,
2026-09-07,2026-09-07,CM,NSE,STK,8175,INE976T01013,SAGARDEEP,EQ,,,,,SAGARDEEP ALLOYS LIMITED,23.85,23.85,23.60,23.64,23.61,23.62,,23.64,,,2852,67648.09,53,F1,1,,,,,
2026-09-07,2026-09-07,CM,NSE,STK,27052,INE0W2G01015,SAGILITY,EQ,,,,,SAGILITY LIMITED,46.82,46.97,45.88,45.95,45.95,46.82,,45.95,,,9292276,428966529.21,34234,F1,1,,,,,
2026-09-07,2026-09-07,CM,NSE,STK,24478,INE0P4701011,SAHAJSOLAR,SM,,,,,SAHAJ SOLAR LIMITED,99.00,99.75,95.50,98.50,98.90,99.95,,98.50,,,13600,1328420.00,34,F1,400,,,,,
2026-09-07,2026-09-07,CM,NSE,STK,16711,INE0LEX01011,SAHANA,SM,,,,,SAHANA SYSTEM LIMITED,920.30,935.00,919.00,923.05,924.50,920.30,,923.05,,,19950,18451042.50,80,F1,150,,,,,
2026-09-07,2026-09-07,CM,NSE,STK,25668,INE0RBQ01018,SAHASRA,SM,,,,,SAHASRA ELECTRONIC SOLU L,308.90,308.90,296.00,298.35,299.60,307.85,,298.35,,,40800,12262420.00,97,F1,400,,,,,
2026-09-07,2026-09-07,CM,NSE,STK,14900,INE280H01015,SAHYADRI,EQ,,,,,SAHYADRI INDUSTRIES LTD,399.80,406.90,386.20,394.55,395.50,392.15,,394.45,,,44941,17925423.95,2490,F1,1,,,,,
2026-09-07,2026-09-07,CM,NSE,STK,764865,INE531X01018,SAICAPI,EQ,,,,,SAI CAPITAL LTD.,158.34,158.34,133.50,141.60,141.60,157.56,,141.91,,,903,127443.18,63,F1,1,,,,,
2026-09-07,2026-09-07,CM,NSE,STK,27839,INE570L01029,SAILIFE,EQ,,,,,SAI LIFE SCIENCES LIMITED,1590.00,1599.80,1567.40,1579.60,1589.00,1584.30,,1579.55,,,456700,722318984.90,30306,F1,1,,,,,
2026-09-07,2026-09-07,CM,NSE,STK,761675,INE0H9F01037,SAIPARENT,EQ,,,,,SAI PARENTERALS LIMITED,524.00,524.00,513.75,516.45,519.50,519.55,,516.45,,,98724,51007941.30,4904,F1,1,,,,,
2026-09-07,2026-09-07,CM,NSE,STK,18755,INE438K01021,KALAMANDIR,EQ,,,,,SAI SILKS (KALAMANDIR) L,86.49,86.93,85.60,85.93,86.10,86.49,,85.93,,,213711,18374729.59,2149,F1,1,,,,,
2026-09-07,2026-09-07,CM,NSE,STK,764880,INE068B01017,SEKURITIND,EQ,,,,,SAINT GOBAIN SEKUR IND L,114.56,115.00,114.01,114.16,114.01,114.56,,114.22,,,27540,3149292.84,336,F1,1,,,,,
2026-09-07,2026-09-07,CM,NSE,STK,25715,INE00MT01022,SAJHOTELS,ST,,,,,SAJ HOTELS LIMITED,38.00,38.00,38.00,38.00,38.00,37.90,,38.00,,,42000,1596000.00,5,F1,2000,,,,,
2026-09-07,2026-09-07,CM,NSE,STK,9539,INE732S01012,SAKAR,EQ,,,,,SAKAR HEALTHCARE LIMITED,1021.00,1124.00,1018.95,1109.20,1119.00,1013.90,,1109.20,,,339553,366103160.35,22079,F1,1,,,,,
2026-09-07,2026-09-07,CM,NSE,STK,11794,INE667G01023,SAKSOFT,EQ,,,,,SAKSOFT LIMITED,155.03,155.04,150.66,151.77,152.14,154.58,,151.76,,,199363,30291665.12,4229,F1,1,,,,,
2026-09-07,2026-09-07,CM,NSE,STK,2969,INE623A01011,SAKHTISUG,EQ,,,,,SAKTHI SUGARS LTD,19.83,20.80,19.80,19.96,20.10,19.78,,19.97,,,333634,6719870.96,1369,F1,1,,,,,
2026-09-07,2026-09-07,CM,NSE,STK,13251,INE190H01024,SAKUMA,EQ,,,,,SAKUMA EXPORTS LIMITED,1.65,1.65,1.61,1.62,1.64,1.62,,1.62,,,771720,1261079.22,981,F1,1,,,,,
2026-09-07,2026-09-07,CM,NSE,STK,21362,INE170V01027,SALASAR,EQ,,,,,SALASAR TECHNO ENGG. LTD.,5.17,5.26,5.01,5.09,5.10,5.20,,5.09,,,6552808,33543422.48,4875,F1,1,,,,,
2026-09-07,2026-09-07,CM,NSE,STK,17351,INE498E01010,SALONA,EQ,,,,,SALONA COTSPIN LTD.,265.40,265.40,261.50,263.45,265.40,269.95,,264.05,,,3,792.30,3,F1,1,,,,,
2026-09-07,2026-09-07,CM,NSE,STK,11399,INE457F01013,SALZERELEC,EQ,,,,,SALZER ELECTRONICS LTD,550.05,554.00,546.00,551.10,551.00,549.70,,551.15,,,28522,15704259.95,1981,F1,1,,,,,
2026-09-07,2026-09-07,CM,NSE,STK,756851,INE124101010,SAMAY,ST,,,,,SAMAY PROJECT SERVICES L,43.00,46.50,43.00,45.00,45.00,44.50,,45.00,,,20000,903800.00,5,F1,4000,,,,,
2026-09-07,2026-09-07,CM,NSE,STK,764870,INE304D01012,SAMBANDAM,EQ,,,,,SAMBANDAM SPINNING MILL L,121.00,121.00,120.10,120.40,120.99,123.23,,120.40,,,160,19301.41,10,F1,1,,,,,
2026-09-07,2026-09-07,CM,NSE,STK,4127,INE699B01027,SAMBHAAV,EQ,,,,,SAMBHAAV MEDIA LTD,6.10,6.10,5.51,5.85,6.04,5.94,,5.85,,,30372,176692.20,149,F1,1,,,,,
2026-09-07,2026-09-07,CM,NSE,STK,757767,INE12NJ01018,SAMBHV,EQ,,,,,SAMBHV STEEL TUBES LTD,129.60,134.00,127.98,133.53,133.48,128.69,,133.53,,,2426547,320670014.13,19022,F1,1,,,,,
2026-09-07,2026-09-07,CM,NSE,STK,21096,INE0PZA01015,SAIFL,SM,,,,,SAMEERA AGRO AND INFRA L,4.90,4.90,4.70,4.70,4.70,4.80,,4.70,,,288000,1369600.00,66,F1,4000,,,,,
2026-09-07,2026-09-07,CM,NSE,STK,18614,INE08U801020,SAMHI,EQ,,,,,SAMHI HOTELS LIMITED,151.00,157.20,148.92,155.77,155.75,153.99,,155.78,,,1637051,250057363.54,34616,F1,1,,,,,
2026-09-07,2026-09-07,CM,NSE,STK,30125,INE148I01020,SAMMAANCAP,EQ,,,,,SAMMAAN CAPITAL LIMITED,159.20,159.20,154.60,155.92,155.77,158.39,,155.92,,,4790140,748332026.65,23104,F1,1,,,,,
2026-09-07,2026-09-07,CM,NSE,STK,27303,INE735M01018,SAMPANN,EQ,,,,,SAMPANN UTPADAN INDIA LTD,24.61,25.70,24.40,24.54,24.70,25.19,,24.54,,,29722,736104.39,222,F1,1,,,,,
2026-09-07,2026-09-07,CM,NSE,STK,4204,INE775A01035,MOTHERSON,EQ,,,,,SAMVRDHNA MTHRSN INTL LTD,160.50,164.65,160.12,162.00,162.00,160.70,,162.00,,,15669796,2554176143.52,61723,F1,1,,,,,
2026-09-07,2026-09-07,CM,NSE,STK,28805,INE0JPD01013,SANATHAN,EQ,,,,,SANATHAN TEXTILES LIMITED,458.10,476.60,455.00,470.90,468.80,456.20,,470.90,,,358640,168690639.60,13555,F1,1,,,,,
2026-09-07,2026-09-07,CM,NSE,STK,2988,INE583B01015,SANDESH,EQ,,,,,SANDESH LTD,1069.90,1069.90,1038.50,1053.90,1052.50,1051.30,,1053.90,,,697,731083.00,158,F1,1,,,,,
2026-09-07,2026-09-07,CM,NSE,STK,2397,INE278H01035,SANDHAR,EQ,,,,,SANDHAR TECHNOLOGIES LTD,628.50,632.70,618.75,620.40,619.45,624.00,,620.40,,,160536,100274795.30,6216,F1,1,,,,,
2026-09-07,2026-09-07,CM,NSE,STK,18359,INE149K01016,SANDUMA,EQ,,,,,SANDUR MANG & IRON ORES L,200.79,200.79,194.50,195.17,194.60,197.83,,195.17,,,547791,107048120.12,10395,F1,1,,,,,
2026-09-07,2026-09-07,CM,NSE,STK,4184,INE495C01010,SANGAMIND,EQ,,,,,SANGAM (INDIA) LTD,579.30,579.30,572.00,576.30,576.00,578.80,,576.08,,,5704,3281869.20,457,F1,1,,,,,
2026-09-07,2026-09-07,CM,NSE,STK,18035,INE0OVI01010,SANGANI,SM,,,,,SANGANI HOSPITALS LIMITED,56.00,56.00,56.00,56.00,56.00,54.60,,56.00,,,1500,84000.00,1,F1,1500,,,,,
2026-09-07,2026-09-07,CM,NSE,STK,14058,INE989A01032,SANGHVIMOV,EQ,,,,,SANGHVI MOVERS LTD,436.70,443.95,434.20,438.60,441.00,439.20,,438.75,,,194873,85553273.50,7738,F1,1,,,,,
2026-09-07,2026-09-07,CM,NSE,STK,11033,INE753W01010,SANGINITA,BE,,,,,SANGINITA CHEMICALS LTD,60.69,60.69,60.69,60.69,60.69,59.50,,60.69,,,84263,5113921.47,136,F1,1,,,,,
2026-09-07,2026-09-07,CM,NSE,STK,25222,INE0UOS01011,SANOFICONR,EQ,,,,,SANOFI CONS HEALTHC IND L,4210.00,4210.00,4075.00,4106.00,4086.00,4201.70,,4106.32,,,2789,11530374.60,705,F1,1,,,,,
2026-09-07,2026-09-07,CM,NSE,STK,1442,INE058A01010,SANOFI,EQ,,,,,SANOFI INDIA LIMITED,3162.20,3162.30,3114.40,3122.00,3120.00,3158.20,,3121.99,,,9580,29999938.40,1980,F1,1,,,,,
2026-09-07,2026-09-07,CM,NSE,STK,5751,INE953O01021,SANSERA,EQ,,,,,SANSERA ENGINEERING LTD,3782.60,3921.00,3782.60,3896.30,3890.00,3782.60,,3896.48,,,134580,521731132.20,19848,F1,1,,,,,
2026-09-07,2026-09-07,CM,NSE,STK,24582,INE08NE01025,SANSTAR,EQ,,,,,SANSTAR LIMITED,110.05,112.05,108.80,110.01,110.70,111.31,,110.01,,,228597,25162354.04,3018,F1,1,,,,,
2026-09-07,2026-09-07,CM,NSE,STK,46,INE890C01046,SANWARIA,BZ,,,,,SANWARIA CONSUMER LIMITED,0.18,0.19,0.18,0.19,0.19,0.18,,0.19,,,1083859,200835.37,263,F1,1,,,,,
2026-09-07,2026-09-07,CM,NSE,STK,6718,INE806T01020,SAPPHIRE,EQ,,,,,SAPPHIRE FOODS INDIA LTD,228.04,230.00,225.09,228.18,230.00,228.43,,228.18,,,329020,74857337.09,9358,F1,1,,,,,
2026-09-07,2026-09-07,CM,NSE,STK,19863,INE0PUC01020,SARTELE,SM,,,,,SAR TELEVENTURE LIMITED,89.40,92.00,89.10,89.85,89.65,89.40,,89.85,,,67000,6081450.00,110,F1,500,,,,,
2026-09-07,2026-09-07,CM,NSE,STK,762985,INE967G01019,ZSARACOM,EQ,,,,,SARASWATI COMM (INDIA) L,11859.00,11859.00,11302.00,11706.00,11700.00,11302.00,,11705.57,,,54,629172.00,40,F1,1,,,,,
2026-09-07,2026-09-07,CM,NSE,STK,24856,INE0PQ101010,SSDL,EQ,,,,,SARASWATI SAREE DEPOT LTD,57.07,57.48,56.16,57.11,57.02,56.69,,57.10,,,15015,856619.42,531,F1,1,,,,,
2026-09-07,2026-09-07,CM,NSE,STK,17758,INE385C01021,SARDAEN,EQ,,,,,SARDA ENERGY & MIN LTD,508.80,515.40,503.70,512.50,512.00,508.55,,512.49,,,336777,171667537.90,12274,F1,1,,,,,
2026-09-07,2026-09-07,CM,NSE,STK,4892,INE979A01025,SAREGAMA,EQ,,,,,SAREGAMA INDIA LIMITED,492.60,502.00,484.05,494.30,493.70,492.75,,494.29,,,382387,189248468.45,16440,F1,1,,,,,
2026-09-07,2026-09-07,CM,NSE,STK,14043,INE453D01025,SARLAPOLY,EQ,,,,,SARLA PERF. FIBERS LTD,100.20,103.00,99.32,101.78,101.00,100.20,,101.78,,,32414,3264483.42,691,F1,1,,,,,
2026-09-07,2026-09-07,CM,NSE,STK,6843,INE017W01010,SMLT,EQ,,,,,SARTHAK METALS LIMITED,64.27,64.93,63.16,63.84,63.90,65.59,,63.84,,,6659,424972.27,203,F1,1,,,,,
2026-09-07,2026-09-07,CM,NSE,STK,12913,INE324X01026,SARVESHWAR,EQ,,,,,SARVESHWAR FOODS LIMITED,3.55,3.69,3.40,3.67,3.69,3.36,,3.67,,,5003962,17913787.62,3722,F1,1,,,,,
2026-09-07,2026-09-07,CM,NSE,STK,11983,INE231F01020,SASKEN,EQ,,,,,SASKEN TECHNOLOGIES LTD,1910.00,1930.00,1810.00,1826.60,1836.00,1881.30,,1826.52,,,26468,49001956.30,5906,F1,1,,,,,
2026-09-07,2026-09-07,CM,NSE,STK,29151,INE0NB801022,SATKARTAR,SM,,,,,SAT KARTAR LIFE LIMITED,118.00,118.15,116.05,116.05,116.05,116.70,,116.05,,,15200,1780680.00,13,F1,800,,,,,
2026-09-07,2026-09-07,CM,NSE,STK,24697,INE0RFP01011,SSEGL,SM,,,,,SATHLOKHAR SYN E&C GLOB L,408.75,408.75,390.05,399.85,402.00,400.60,,399.85,,,39600,15708050.00,147,F1,200,,,,,
2026-09-07,2026-09-07,CM,NSE,STK,11045,INE170E01023,SATIA,EQ,,,,,SATIA INDUSTRIES LIMITED,63.01,70.50,63.01,68.19,68.02,63.36,,68.19,,,793900,54246532.87,5528,F1,1,,,,,
2026-09-07,2026-09-07,CM,NSE,STK,10453,INE836B01017,SATIN,EQ,,,,,SATIN CREDIT NET LTD,220.75,221.45,216.20,216.94,216.32,220.75,,216.94,,,242756,52995688.03,4500,F1,1,,,,,
2026-09-07,2026-09-07,CM,NSE,STK,758960,INE14DW01018,SATTVAENGG,SM,,,,,SATTVA ENGINEERING CSTN L,64.95,64.95,62.05,62.35,62.35,61.50,,62.35,,,24000,1514720.00,14,F1,1600,,,,,
2026-09-07,2026-09-07,CM,NSE,STK,3018,INE626A01014,SAURASHCEM,EQ,,,,,SAURASHTRA CEMENT LIMITED,58.00,58.02,55.50,55.80,55.70,57.61,,55.80,,,110734,6253723.40,1467,F1,1,,,,,
2026-09-07,2026-09-07,CM,NSE,STK,3021,INE035D01020,SOTL,EQ,,,,,SAVITA OIL TECHNOLO. LTD,824.05,850.10,698.70,705.75,712.00,740.75,,705.59,,,2433195,1829627001.50,77958,F1,1,,,,,
2026-09-07,2026-09-07,CM,NSE,STK,757704,INE0UCN01017,SAVY,SM,,,,,SAVY INFRA AND LOGI LTD,140.00,147.00,140.00,144.70,144.95,136.15,,144.70,,,199200,28990680.00,28,F1,1200,,,,,
2026-09-07,2026-09-07,CM,NSE,STK,758444,INE10VS01016,SAWALIYA,SM,,,,,SAWALIYA FOOD PRODUCTS L,160.00,172.95,160.00,169.00,172.95,159.95,,169.00,,,30600,5156760.00,25,F1,600,,,,,
2026-09-07,2026-09-07,CM,NSE,STK,762879,INE318C01014,SAYAJIHOTL,EQ,,,,,SAYAJI HOTELS LTD.,333.85,333.85,323.00,323.00,323.00,319.35,,323.00,,,4,1324.45,4,F1,1,,,,,
2026-09-07,2026-09-07,CM,NSE,STK,764875,INE327G01032,SAYAJIIND,EQ,,,,,SAYAJI INDUSTRIES LTD.,116.51,116.51,116.50,116.50,116.50,116.11,,116.50,,,117,13631.50,6,F1,1,,,,,
2026-09-07,2026-09-07,CM,NSE,STK,6792,INE04AK01028,SBC,EQ,,,,,SBC EXPORTS LIMITED,46.00,47.80,45.71,46.87,46.91,45.76,,46.87,,,9874017,465164432.61,13106,F1,1,,,,,
2026-09-07,2026-09-07,CM,NSE,STK,18026,INE423Y01016,SBFC,EQ,,,,,SBFC FINANCE LIMITED,99.70,99.80,97.50,98.48,98.61,100.08,,98.48,,,647488,63729092.10,7895,F1,1,,,,,
2026-09-07,2026-09-07,CM,NSE,STK,17971,INE018E01016,SBICARD,EQ,,,,,SBI CARDS & PAY SER LTD,653.10,674.65,648.75,674.65,674.65,658.25,,674.63,,,2781077,1842826012.65,58763,F1,1,,,,,
2026-09-07,2026-09-07,CM,NSE,STK,764173,INE640G01020,SBIFUNDS,EQ,,,,,SBI FUNDS MANAGEMENT LTD,561.00,561.30,555.05,557.80,557.00,562.10,,557.83,,,891727,496801042.50,26050,F1,1,,,,,
2026-09-07,2026-09-07,CM,NSE,STK,21808,INE123W01016,SBILIFE,EQ,,,,,SBI LIFE INSURANCE CO LTD,1775.00,1775.00,1727.80,1732.00,1732.00,1775.00,,1732.02,,,1155352,2017581431.50,52613,F1,1,,,,,
2026-09-07,2026-09-07,CM,NSE,STK,17272,INF200KA16D8,SETFGOLD,EQ,,,,,SBI-ETF GOLD,129.94,129.94,128.64,129.56,129.45,131.22,,129.56,,,7528668,974417382.24,18417,F1,1,,,,,
2026-09-07,2026-09-07,CM,NSE,STK,10176,INF200KA1FS1,SETFNIF50,EQ,,,,,SBI-ETF NIFTY 50,258.70,258.70,255.50,256.36,256.75,258.08,,256.36,,,1045454,268229726.78,7481,F1,1,,,,,
2026-09-07,2026-09-07,CM,NSE,STK,7361,INF200KA1580,SETFNIFBK,EQ,,,,,SBI-ETF NIFTY BANK,590.86,590.86,586.01,587.34,586.01,590.86,,587.35,,,56526,33195110.44,1057,F1,1,,,,,
2026-09-07,2026-09-07,CM,NSE,STK,7353,INF200KA1598,SETFNN50,EQ,,,,,SBI-ETF NIFTY NEXT 50,788.20,794.90,776.81,780.05,778.55,785.05,,780.05,,,35829,27967922.19,2200,F1,1,,,,,
2026-09-07,2026-09-07,CM,NSE,STK,19705,INF200KA13Z8,LIQUIDSBI,EQ,,,,,SBIAMC - LIQUIDSBI,1000.00,1000.00,999.99,999.99,999.99,1000.00,,999.99,,,591,590997.93,24,F1,1,,,,,
2026-09-07,2026-09-07,CM,NSE,STK,30290,INF200KB1712,SBIBPB,EQ,,,,,SBIAMC - SBIBPB,50.04,50.04,48.83,49.08,49.15,49.56,,49.08,,,69439,3407683.36,558,F1,1,,,,,
2026-09-07,2026-09-07,CM,NSE,STK,5168,INF200KA1X17,SBIETFCON,EQ,,,,,SBIAMC - SBIETFCON,119.89,120.97,119.26,119.35,119.65,119.89,,119.35,,,3094,370600.27,144,F1,1,,,,,
2026-09-07,2026-09-07,CM,NSE,STK,740,INF200KA1S14,SBIETFIT,EQ,,,,,SBIAMC - SBIETFIT,341.95,341.95,331.52,333.91,334.20,340.64,,333.91,,,164912,54722211.23,434,F1,1,,,,,
2026-09-07,2026-09-07,CM,NSE,STK,722,INF200KA1S22,SBIETFPB,EQ,,,,,SBIAMC - SBIETFPB,283.57,285.00,282.98,283.54,283.26,283.57,,283.54,,,2369,671918.48,98,F1,1,,,,,
2026-09-07,2026-09-07,CM,NSE,STK,7218,INF200KA1WX6,SBIETFQLTY,EQ,,,,,SBIAMC - SBIETFQLTY,221.86,221.86,219.00,219.42,219.91,221.86,,219.42,,,4699,1031714.73,126,F1,1,,,,,
2026-09-07,2026-09-07,CM,NSE,STK,758496,INF200KB1969,SBILIQETF,EQ,,,,,SBIAMC - SBILIQETF,1054.92,1054.92,1054.90,1054.91,1054.92,1054.81,,1054.91,,,176911,186625285.05,72,F1,1,,,,,
2026-09-07,2026-09-07,CM,NSE,STK,761095,INF200KB1AJ0,SBIMIDMOM,EQ,,,,,SBIAMC - SBIMIDMOM,64.09,64.09,63.50,63.53,63.50,63.73,,63.53,,,12720,809157.71,161,F1,1,,,,,
2026-09-07,2026-09-07,CM,NSE,STK,24524,INF200KB1282,SBINEQWETF,EQ,,,,,SBIAMC - SBINEQWETF,33.26,33.26,32.90,32.93,32.91,33.26,,32.93,,,28815,950420.09,370,F1,1,,,,,
2026-09-07,2026-09-07,CM,NSE,STK,761741,INF200KB1AK8,SBINMID150,EQ,,,,,SBIAMC - SBINMID150,23.26,23.41,23.08,23.15,23.30,23.30,,23.15,,,22338,518050.60,174,F1,1,,,,,
2026-09-07,2026-09-07,CM,NSE,STK,24366,INF200KB1217,SBISILVER,EQ,,,,,SBIAMC - SBISILVER,227.00,227.00,224.00,225.27,225.50,228.31,,225.27,,,519370,116798517.03,7009,F1,1,,,,,
2026-09-07,2026-09-07,CM,NSE,STK,763543,INF200KB1AY9,SBISMLETF,EQ,,,,,SBIAMC - SBISMLETF,18.55,18.80,18.31,18.50,18.57,18.55,,18.50,,,59139,1097851.29,386,F1,1,,,,,
2026-09-07,2026-09-07,CM,NSE,STK,763546,INF200KB1AX1,SBIVALETF,EQ,,,,,SBIAMC - SBIVALETF,14.82,14.82,14.60,14.60,14.63,14.75,,14.60,,,8194,119854.78,85,F1,1,,,,,
2026-09-07,2026-09-07,CM,NSE,STK,17395,INF200KA1JT1,SETF10GILT,EQ,,,,,SBIAMC - SETF10GILT,264.50,264.50,262.39,263.32,263.35,263.10,,263.32,,,28655,7544785.78,66,F1,1,,,,,
2026-09-07,2026-09-07,CM,NSE,STK,762887,INE099G01011,SCANSTL,BE,,,,,SCAN STEELS LTD.,59.00,60.80,57.30,59.85,60.50,59.22,,60.01,,,32163,1900047.65,143,F1,1,,,,,
2026-09-07,2026-09-07,CM,NSE,STK,1011,INE513A01022,SCHAEFFLER,EQ,,,,,SCHAEFFLER INDIA LIMITED,3956.40,4025.50,3900.00,3999.60,3994.60,3956.40,,3999.81,,,31084,122915858.30,6988,F1,1,,,,,
2026-09-07,2026-09-07,CM,NSE,STK,31234,INE839M01018,SCHNEIDER,EQ,,,,,SCHNEIDER ELECTRIC INFRA,1224.20,1228.80,1190.00,1193.60,1198.00,1232.40,,1193.64,,,134222,161788146.20,12881,F1,1,,,,,
2026-09-07,2026-09-07,CM,NSE,STK,757462,INE148I07XX3,SCL01825,N6,,,,,SCL 0% 2027 SR III,1086.84,1086.84,1051.20,1063.60,1063.60,1065.30,,1063.60,,,66,71404.80,5,F1,1,,,,,
2026-09-07,2026-09-07,CM,NSE,STK,30204,INE148I07VZ2,1025SCL35A,N1,,,,,SCL 10.25% SR XII,995.00,1020.00,995.00,1020.00,1020.00,1085.65,,1020.00,,,59,58930.00,2,F1,1,,,,,
2026-09-07,2026-09-07,CM,NSE,STK,757466,INE148I07XK0,888SCL28,NA,,,,,SCL 8.88% 2028 SR V,989.00,989.00,989.00,989.00,989.00,1000.00,,989.00,,,501,495489.00,1,F1,1,,,,,
2026-09-07,2026-09-07,CM,NSE,STK,30220,INE148I07WH8,925SCL27B,N1,,,,,SCL 9.25% SR II,1001.00,1025.37,1001.00,1025.37,1025.37,1001.00,,1009.69,,,15,15136.85,2,F1,1,,,,,
2026-09-07,2026-09-07,CM,NSE,STK,757497,INE148I07XY1,995SCL2035,NM,,,,,SCL 9.95% 2035 SR XII,1027.35,1027.35,1027.35,1027.35,1027.35,1008.64,,1027.35,,,405,416076.75,3,F1,1,,,,,
2026-09-07,2026-09-07,CM,NSE,STK,757478,INE090501011,SCODATUBES,EQ,,,,,SCODA TUBES LIMITED,135.98,136.50,129.30,130.33,131.40,135.02,,130.35,,,204606,26910638.28,2413,F1,1,,,,,
2026-09-07,2026-09-07,CM,NSE,STK,762420,IN1320260012,792BR51,SG,,,,,SDL BR 7.92% 2051,102.55,102.55,102.55,102.55,102.55,102.55,,102.55,,,200,20510.00,1,F1,100,,,,,
2026-09-07,2026-09-07,CM,NSE,STK,16640,IN3520230019,729CG30,SG,,,,,SDL CG 7.29% 2030,96.67,96.67,96.67,96.67,96.67,100.00,,96.67,,,100,9667.00,1,F1,100,,,,,
2026-09-07,2026-09-07,CM,NSE,STK,21133,IN1520230161,743GJ27,SG,,,,,SDL GJ 7.43% 2027,100.05,100.05,100.05,100.05,100.05,100.86,,100.05,,,100,10005.00,1,F1,100,,,,,
2026-09-07,2026-09-07,CM,NSE,STK,755742,IN1720260034,777HP49,SG,,,,,SDL HP 7.77% 2049,97.20,97.20,97.20,97.20,97.20,97.20,,97.20,,,200,19440.00,2,F1,100,,,,,
2026-09-07,2026-09-07,CM,NSE,STK,5229,IN1620210089,698HR31,SG,,,,,SDL HR 6.98% 2031,95.55,95.55,95.55,95.55,95.55,95.55,,95.55,,,100,9555.00,1,F1,100,,,,,
2026-09-07,2026-09-07,CM,NSE,STK,761744,IN1620250465,799HR44,SG,,,,,SDL HR 7.99% 2044,101.00,101.00,101.00,101.00,101.00,100.00,,101.00,,,1000,101000.00,1,F1,100,,,,,
2026-09-07,2026-09-07,CM,NSE,STK,20402,IN4920230179,764JK50,SG,,,,,SDL JK 7.64% 2050,95.10,95.10,95.10,95.10,95.10,97.04,,95.10,,,100,9510.00,1,F1,100,,,,,
2026-09-07,2026-09-07,CM,NSE,STK,761748,IN2020250345,804KL46,SG,,,,,SDL KL 8.04% 2046,101.00,101.00,101.00,101.00,101.00,100.00,,101.00,,,1000,101000.00,2,F1,100,,,,,
2026-09-07,2026-09-07,CM,NSE,STK,763065,IN2220260045,755MH34,SG,,,,,SDL MH 7.55% 2034,100.00,100.00,100.00,100.00,100.00,95.36,,100.00,,,400,40000.00,2,F1,100,,,,,
2026-09-07,2026-09-07,CM,NSE,STK,761647,IN2220260029,791MH39,SG,,,,,SDL MH 7.91% 2039,102.10,102.10,102.10,102.10,102.10,101.00,,102.10,,,100,10210.00,1,F1,100,,,,,
2026-09-07,2026-09-07,CM,NSE,STK,761657,IN2220260037,807MH49,SG,,,,,SDL MH 8.07% 2049,103.00,103.00,101.00,101.00,101.00,98.50,,101.00,,,2000,202400.00,13,F1,100,,,,,
2026-09-07,2026-09-07,CM,NSE,STK,1940,IN2420200106,663ML31,SG,,,,,SDL ML 6.63% 2031,95.55,95.55,95.55,95.55,95.55,91.00,,95.55,,,100,9555.00,1,F1,100,,,,,
2026-09-07,2026-09-07,CM,NSE,STK,760012,IN2820250131,729PN33,SG,,,,,SDL PN 7.29% 2033,97.70,97.70,97.70,97.70,97.70,95.00,,97.70,,,6200,605740.00,1,F1,100,,,,,
2026-09-07,2026-09-07,CM,NSE,STK,760662,IN2820250156,748PN31,SG,,,,,SDL PN 7.48% 2031,95.96,95.96,95.96,95.96,95.96,98.00,,95.96,,,100,9596.00,1,F1,100,,,,,
2026-09-07,2026-09-07,CM,NSE,STK,21166,IN2820230232,779PN38,SG,,,,,SDL PN 7.79% 2038,98.00,98.00,98.00,98.00,98.00,98.00,,98.00,,,100,9800.00,1,F1,100,,,,,
2026-09-07,2026-09-07,CM,NSE,STK,761648,IN2920260014,797RJ43,SG,,,,,SDL RJ 7.97% 2043,101.00,101.00,101.00,101.00,101.00,100.00,,101.00,,,600,60600.00,1,F1,100,,,,,
2026-09-07,2026-09-07,CM,NSE,STK,764420,IN3120260093,749TN36,SG,,,,,SDL TN 7.49% 2036,95.00,97.50,95.00,97.50,97.50,100.00,,97.50,,,1900,182550.00,3,F1,100,,,,,
2026-09-07,2026-09-07,CM,NSE,STK,760612,IN3120250789,763TN56,SG,,,,,SDL TN 7.63% 2056,95.50,95.50,95.50,95.50,95.50,100.00,,95.50,,,300,28650.00,2,F1,100,,,,,
2026-09-07,2026-09-07,CM,NSE,STK,11693,IN3120220188,782TN32,SG,,,,,SDL TN 7.82% 2032,97.69,97.69,97.69,97.69,97.69,98.00,,97.69,,,100,9769.00,1,F1,100,,,,,
2026-09-07,2026-09-07,CM,NSE,STK,10965,IN4520220174,746TS49,SG,,,,,SDL TS 7.46% 2049,97.46,97.46,97.46,97.46,97.46,97.75,,97.46,,,300,29238.00,1,F1,100,,,,,
2026-09-07,2026-09-07,CM,NSE,STK,763777,IN4520260071,764TS44A,SG,,,,,SDL TS 7.64% 2044,95.00,95.00,95.00,95.00,95.00,100.00,,95.00,,,200,19000.00,1,F1,100,,,,,
2026-09-07,2026-09-07,CM,NSE,STK,761649,IN4520260014,797TS43,SG,,,,,SDL TS 7.97% 2043,100.10,100.10,100.10,100.10,100.10,96.43,,100.10,,,700,70070.00,6,F1,100,,,,,
2026-09-07,2026-09-07,CM,NSE,STK,759230,IN3320250076,735UP39,SG,,,,,SDL UP 7.35% 2039,95.00,95.00,95.00,95.00,95.00,100.00,,95.00,,,700,66500.00,1,F1,100,,,,,
2026-09-07,2026-09-07,CM,NSE,STK,22610,IN3320230250,749UP34A,SG,,,,,SDL UP 7.49% 2034,96.50,96.50,96.50,96.50,96.50,96.50,,96.50,,,100,9650.00,1,F1,100,,,,,
2026-09-07,2026-09-07,CM,NSE,STK,763200,IN3320260026,772UP36A,SG,,,,,SDL UP 7.72% 2036,99.00,99.00,99.00,99.00,99.00,100.00,,99.00,,,100,9900.00,1,F1,100,,,,,
2026-09-07,2026-09-07,CM,NSE,STK,761444,IN3320250258,772UP44,SG,,,,,SDL UP 7.72% 2044,99.65,99.65,99.65,99.65,99.65,95.00,,99.65,,,1000,99650.00,1,F1,100,,,,,
2026-09-07,2026-09-07,CM,NSE,STK,2616,INE497B01018,SEAMECLTD,EQ,,,,,SEAMEC LIMITED,1795.00,1828.90,1753.60,1779.90,1775.50,1793.60,,1779.92,,,57558,102960655.80,5515,F1,1,,,,,
2026-09-07,2026-09-07,CM,NSE,STK,6207,INE530B07187,IIFLZC26,NN,,,,,SEC RE NCD 0% SR.VII,1495.00,1495.00,1495.00,1495.00,1495.00,1495.00,,1495.00,,,60,89700.00,3,F1,1,,,,,
2026-09-07,2026-09-07,CM,NSE,STK,12465,INE741K07496,10CAGL27,N5,,,,,SEC RE NCD 10% SR. V,1021.80,1022.00,1021.80,1022.00,1022.00,1015.21,,1022.00,,,27,27592.00,2,F1,1,,,,,
2026-09-07,2026-09-07,CM,NSE,STK,20779,INE413U07269,1003ISFL28,N4,,,,,SEC RE NCD 10.03% SR 5,1012.20,1012.20,1012.00,1012.00,1012.00,1019.44,,1012.00,,,546,552570.00,11,F1,1,,,,,
2026-09-07,2026-09-07,CM,NSE,STK,20116,INE148I07QX7,1003SCL30A,NV,,,,,SEC RE NCD 10.03% SR X,786.00,789.00,720.71,755.53,720.71,788.00,,755.53,,,96,72531.55,11,F1,1,,,,,
2026-09-07,2026-09-07,CM,NSE,STK,23323,INE148I07SQ7,1025SCL34,Z8,,,,,SEC RE NCD 10.25% SR XII,1035.00,1035.00,1032.00,1032.00,1032.00,1040.00,,1032.00,,,26,26871.00,2,F1,1,,,,,
2026-09-07,2026-09-07,CM,NSE,STK,23974,INE148I07TN2,1025SCL34A,ZT,,,,,SEC RE NCD 10.25% SR XII,1010.00,1010.00,1010.00,1010.00,1010.00,1010.00,,1010.00,,,4,4040.00,1,F1,1,,,,,
2026-09-07,2026-09-07,CM,NSE,STK,18906,INE148I07PV3,888SCL25E,N4,,,,,SEC RE NCD 10.25% SR XII,927.00,927.00,925.00,925.00,925.00,915.20,,925.00,,,86,79622.00,5,F1,1,,,,,
2026-09-07,2026-09-07,CM,NSE,STK,20130,INE148I07RB1,965SCL25F,NZ,,,,,SEC RE NCD 10.25% SR XII,840.00,840.00,750.40,801.30,801.30,840.00,,801.30,,,108,87475.20,6,F1,1,,,,,
2026-09-07,2026-09-07,CM,NSE,STK,25916,INE583D07513,1040UCL27B,N1,,,,,SEC RE NCD 10.40% SR III,1000.00,1000.00,1000.00,1000.00,1000.00,1006.11,,1000.00,,,158,158000.00,3,F1,1,,,,,
2026-09-07,2026-09-07,CM,NSE,STK,23123,INE342T07460,1065NFL27,NC,,,,,SEC RE NCD 10.65% SR.IV,1008.00,1008.00,1004.03,1004.03,1004.03,1011.00,,1004.03,,,24,24100.69,2,F1,1,,,,,
2026-09-07,2026-09-07,CM,NSE,STK,18902,INE148I07PT7,1075SCL33A,N2,,,,,SEC RE NCD 10.75% SR XI,890.10,890.10,870.10,890.10,890.10,906.67,,904.05,,,65,57756.50,4,F1,1,,,,,
2026-09-07,2026-09-07,CM,NSE,STK,23970,INE148I07TP7,1075SCL34,ZR,,,,,SEC RE NCD 10.75% SR XI,1040.00,1040.00,1040.00,1040.00,1040.00,1060.00,,1040.00,,,20,20800.00,2,F1,1,,,,,
2026-09-07,2026-09-07,CM,NSE,STK,23125,INE342T07445,1119NFL27,ND,,,,,SEC RE NCD 11.19% SR.V,1054.80,1054.80,1054.80,1054.80,1054.80,1054.80,,1054.80,,,81,85438.80,2,F1,1,,,,,
2026-09-07,2026-09-07,CM,NSE,STK,11658,INE0H7R07017,79NHIT35,N1,,,,,SEC RE NCD 7.90% STRPP A,308.05,311.75,308.05,311.20,311.20,311.25,,311.20,,,16,4967.15,4,F1,1,,,,,
2026-09-07,2026-09-07,CM,NSE,STK,11665,INE0H7R07025,79NHIT40,N2,,,,,SEC RE NCD 7.90% STRPP B,316.00,316.00,312.50,315.99,315.99,312.00,,315.99,,,155,48479.97,7,F1,1,,,,,
2026-09-07,2026-09-07,CM,NSE,STK,11669,INE0H7R07033,79NHIT47,N3,,,,,SEC RE NCD 7.90% STRPP C,421.80,421.80,413.00,416.55,416.55,418.00,,416.55,,,87,36417.00,6,F1,1,,,,,
2026-09-07,2026-09-07,CM,NSE,STK,7648,INE477L07AN9,820IIFL27,N9,,,,,SEC RE NCD 8.20% SR.III,990.00,990.00,990.00,990.00,990.00,990.00,,990.11,,,1,990.00,1,F1,1,,,,,
2026-09-07,2026-09-07,CM,NSE,STK,6197,INE530B07161,842IIFL26,NL,,,,,SEC RE NCD 8.42% SR.V,997.10,1000.00,996.80,998.47,997.25,998.00,,998.46,,,176,175675.65,10,F1,1,,,,,
2026-09-07,2026-09-07,CM,NSE,STK,28856,INE477L07BB2,865IHFL27,N1,,,,,SEC RE NCD 8.65% SR III,980.00,990.00,980.00,990.00,990.00,989.00,,990.00,,,890,875100.00,3,F1,1,,,,,
2026-09-07,2026-09-07,CM,NSE,STK,13852,INE530B07310,865IIFL28,NS,,,,,SEC RE NCD 8.65% SR.V,991.00,993.00,991.00,991.01,991.00,991.00,,991.01,,,2522,2499348.00,16,F1,1,,,,,
2026-09-07,2026-09-07,CM,NSE,STK,7777,INE148I07LE8,889SCFL27,YC,,,,,SEC RE NCD 8.89% SR.VIII,998.00,998.00,998.00,998.00,998.00,991.20,,998.00,,,3,2994.00,1,F1,1,,,,,
2026-09-07,2026-09-07,CM,NSE,STK,5857,INE148I07KP6,975SCL28,NT,,,,,SEC RE NCD 8.89% SR.VIII,1000.00,1000.00,1000.00,1000.00,1000.00,997.00,,1000.00,,,100,100000.00,2,F1,1,,,,,
2026-09-07,2026-09-07,CM,NSE,STK,28869,INE477L07BG1,89IHFL29,N1,,,,,SEC RE NCD 8.90% SR VI,980.00,980.00,980.00,980.00,980.00,980.00,,980.07,,,100,98000.00,3,F1,1,,,,,
2026-09-07,2026-09-07,CM,NSE,STK,5160,INE516Y07428,9PFL31A,NA,,,,,SEC RE NCD 9% SR.V,1038.00,1038.00,1038.00,1038.00,1038.00,1038.00,,1038.00,,,60,62280.00,2,F1,1,,,,,
2026-09-07,2026-09-07,CM,NSE,STK,17041,INE530B07377,9IIFL28,Y0,,,,,SEC RE NCD 9% SR.VI,1044.00,1044.00,1044.00,1044.00,1044.00,993.70,,1030.95,,,10,10440.00,1,F1,1,,,,,
2026-09-07,2026-09-07,CM,NSE,STK,23702,INE338I07149,91MOFSL27,N2,,,,,SEC RE NCD 9.10% SR III,1017.90,1017.90,1015.00,1015.00,1015.00,1017.21,,1015.00,,,25,25380.80,3,F1,1,,,,,
2026-09-07,2026-09-07,CM,NSE,STK,28876,INE477L07BE6,925IHFL31,N1,,,,,SEC RE NCD 9.25% SR IX,950.00,950.00,950.00,950.00,950.00,1003.01,,950.00,,,100,95000.00,1,F1,1,,,,,
2026-09-07,2026-09-07,CM,NSE,STK,23955,INE148I07TQ5,925SCL29A,ZM,,,,,SEC RE NCD 9.25% SR VIII,970.00,990.00,970.00,990.00,990.00,950.00,,990.00,,,1518,1493820.00,7,F1,1,,,,,
2026-09-07,2026-09-07,CM,NSE,STK,23708,INE338I07107,935MOFSL29,N5,,,,,SEC RE NCD 9.35% SR VI,1051.00,1051.00,1051.00,1051.00,1051.00,1049.00,,1051.00,,,72,75672.00,4,F1,1,,,,,
2026-09-07,2026-09-07,CM,NSE,STK,20075,INE148I07QK4,948SCL26A,NN,,,,,SEC RE NCD 9.48% SR V,350.00,350.00,335.00,335.00,335.00,325.55,,335.00,,,62,21625.00,2,F1,1,,,,,
2026-09-07,2026-09-07,CM,NSE,STK,25294,INE423A07336,956AEL29,N6,,,,,SEC RE NCD 9.56% SR VI,1050.00,1050.00,1050.00,1050.00,1050.00,1030.00,,1050.00,,,5,5250.00,1,F1,1,,,,,
2026-09-07,2026-09-07,CM,NSE,STK,20769,INE413U07236,957ISFL26,N2,,,,,SEC RE NCD 9.57% SR 3,1000.00,1000.00,1000.00,1000.00,1000.00,1001.25,,1000.00,,,100,100000.00,2,F1,1,,,,,
2026-09-07,2026-09-07,CM,NSE,STK,25287,INE423A07328,965AEL27,N4,,,,,SEC RE NCD 9.65% SR IV,1013.00,1013.00,1012.80,1012.80,1012.80,1012.00,,1012.80,,,57,57736.25,5,F1,1,,,,,
2026-09-07,2026-09-07,CM,NSE,STK,18487,INE741K07579,970CAGL28,ND,,,,,SEC RE NCD 9.70% SR VII,1021.00,1021.00,1010.00,1011.72,1017.99,1021.00,,1011.56,,,851,860980.64,38,F1,1,,,,,
2026-09-07,2026-09-07,CM,NSE,STK,23712,INE338I07123,97MOFSL34,N7,,,,,SEC RE NCD 9.70% SR VIII,1112.01,1112.01,1111.25,1111.63,1111.25,1110.00,,1111.63,,,50,55581.50,2,F1,1,,,,,
2026-09-07,2026-09-07,CM,NSE,STK,14038,INE244L07416,985SFIL28,NO,,,,,SEC RE NCD 9.85% SR.VIII,400.01,410.00,400.01,410.00,410.00,375.25,,410.00,,,65,26450.20,3,F1,1,,,,,
2026-09-07,2026-09-07,CM,NSE,STK,25296,INE423A07344,99AEL29,N7,,,,,SEC RE NCD 9.90% SR VII,1035.10,1059.89,1035.10,1059.89,1059.89,1055.00,,1059.90,,,201,208079.89,21,F1,1,,,,,
2026-09-07,2026-09-07,CM,NSE,STK,20437,INE121A07RK6,CIFCZC26,NF,,,,,SEC RE NCD SR 4,1249.00,1249.00,1249.00,1249.00,1249.00,1249.00,,1249.00,,,19,23731.00,1,F1,1,,,,,
2026-09-07,2026-09-07,CM,NSE,STK,22558,INE121A07RU5,CIF29,NO,,,,,SEC RE NCD SR 6,1179.00,1179.00,1179.00,1179.00,1179.00,1175.00,,1179.00,,,9,10611.00,3,F1,1,,,,,
2026-09-07,2026-09-07,CM,NSE,STK,25292,INE423A07377,AEL120924A,N5,,,,,SEC RE NCD SR V,1200.00,1200.00,1192.00,1192.00,1192.00,1200.00,,1192.00,,,51,60800.00,3,F1,1,,,,,
2026-09-07,2026-09-07,CM,NSE,STK,21008,INE148I07RL0,SCLZC26G,YA,,,,,SEC RE NCD SR VI,1285.15,1285.15,1285.15,1285.15,1285.15,1279.92,,1285.15,,,15,19277.25,1,F1,1,,,,,
2026-09-07,2026-09-07,CM,NSE,STK,15376,INE121A07QX1,CIFCZC28A,N5,,,,,SEC RE NCD SR.VI,1305.00,1305.00,1305.00,1305.00,1305.00,1305.00,,1305.00,,,19,24795.00,1,F1,1,,,,,
2026-09-07,2026-09-07,CM,NSE,STK,14224,INE00QS24027,IMC1,N2,,,,,SEC RE NCGB 8.25% STRPP C,240.00,252.00,240.00,252.00,252.00,254.50,,252.00,,,165,41556.00,2,F1,1,,,,,
2026-09-07,2026-09-07,CM,NSE,STK,14228,INE00QS24035,IMC1,N3,,,,,SEC RE NCGB 8.25% STRPP D,250.00,250.00,250.00,250.00,250.00,251.00,,250.00,,,2,500.00,1,F1,1,,,,,
2026-09-07,2026-09-07,CM,NSE,STK,7975,INE804IA7014,1015ECL29,NR,,,,,SEC RED NCD 10.15% SR. VI,1017.70,1019.90,1017.70,1018.00,1018.00,1017.00,,1018.00,,,214,218013.33,14,F1,1,,,,,
2026-09-07,2026-09-07,CM,NSE,STK,7986,INE804IA7022,1060ECL29,NS,,,,,SEC RED NCD 10.6% SR. VII,1061.60,1075.00,1061.60,1075.00,1075.00,1069.50,,1075.00,,,270,287771.00,4,F1,1,,,,,
2026-09-07,2026-09-07,CM,NSE,STK,16870,INE033L07GS6,81TCHF28,N8,,,,,SEC RED NCD 8.10% SR.IV,1014.40,1014.40,1005.00,1010.87,1005.00,1014.40,,1010.87,,,151,152712.90,7,F1,1,,,,,
2026-09-07,2026-09-07,CM,NSE,STK,18624,INE148I07GJ7,865SCL26,N8,,,,,SEC RED NCD 8.65% SR. V,995.04,1001.00,993.00,1001.00,1001.00,1001.00,,1001.00,,,530,528692.14,12,F1,1,,,,,
2026-09-07,2026-09-07,CM,NSE,STK,18626,INE148I07GK5,885SCL26,N9,,,,,SEC RED NCD 8.85% SR. VI,1080.00,1080.00,1077.01,1077.01,1077.01,1077.00,,1077.01,,,200,215709.13,4,F1,1,,,,,
2026-09-07,2026-09-07,CM,NSE,STK,18628,INE148I07GL3,9SCL26BA,NA,,,,,SEC RED NCD 9.0% SR. VI,1084.00,1084.00,1080.01,1081.65,1081.66,1083.25,,1081.65,,,165,178483.26,6,F1,1,,,,,
2026-09-07,2026-09-07,CM,NSE,STK,498,INE721A07NU1,903SFL28,YI,,,,,SEC RED NCD 9.03% SR. II,1034.00,1034.00,1025.01,1025.01,1025.01,1036.00,,1025.01,,,149,153985.09,3,F1,1,,,,,
2026-09-07,2026-09-07,CM,NSE,STK,6149,INE721A07OC7,930SFL28,YP,,,,,SEC RED NCD 9.30% SR. II,1049.90,1049.90,1049.90,1049.90,1049.90,1040.00,,1049.90,,,152,159584.80,4,F1,1,,,,,
2026-09-07,2026-09-07,CM,NSE,STK,8625,INE721A07ON4,957ICCL25,YW,,,,,SEC RED NCD 9.30% SR. II,1042.00,1045.00,1042.00,1042.00,1042.00,1042.00,,1042.00,,,106,110464.00,3,F1,1,,,,,
2026-09-07,2026-09-07,CM,NSE,STK,1001,INE721A07NX5,94SFL28,YL,,,,,SEC RED NCD 9.40% SR. V,1048.00,1048.00,1038.00,1038.00,1038.00,1048.00,,1038.01,,,100,103912.00,4,F1,1,,,,,
2026-09-07,2026-09-07,CM,NSE,STK,4288,INE804I078Y8,943ECL28,NJ,,,,,SEC RED NCD 9.43% SR. VI,1005.00,1005.00,1004.99,1005.00,1005.00,1003.00,,1005.00,,,110,110549.44,3,F1,1,,,,,
2026-09-07,2026-09-07,CM,NSE,STK,6168,INE721A07OF0,97SFL28,YS,,,,,SEC RED NCD 9.70% SR. V,1100.00,1100.00,1100.00,1100.00,1100.00,1100.00,,1100.00,,,200,220000.00,2,F1,1,,,,,
2026-09-07,2026-09-07,CM,NSE,STK,4292,INE804I079Y6,985ECL28,NK,,,,,SEC RED NCD 9.85% SR. VII,1003.99,1009.00,1003.00,1003.50,1003.50,1003.99,,1003.70,,,432,433595.71,34,F1,1,,,,,
2026-09-07,2026-09-07,CM,NSE,STK,18630,INE148I07GN9,SCLZC26,NB,,,,,SEC RED NCD SR. VII,2361.00,2361.00,2361.00,2361.00,2361.00,2351.00,,2361.00,,,1,2361.00,1,F1,1,,,,,
2026-09-07,2026-09-07,CM,NSE,STK,19496,INE0BTM01013,SECMARK,EQ,,,,,SECMARK CONSULTANCY LTD,143.00,146.00,135.25,143.24,136.50,144.40,,143.24,,,3254,466633.86,80,F1,1,,,,,
2026-09-07,2026-09-07,CM,NSE,STK,11058,INE650K01021,SECURKLOUD,EQ,,,,,SECUREKLOUD TECH LIMITED,17.05,17.50,16.60,17.12,17.10,17.01,,17.16,,,9354,159104.23,162,F1,1,,,,,
2026-09-07,2026-09-07,CM,NSE,STK,761153,INE00XB01019,SEDEMAC,EQ,,,,,SEDEMAC MECHATRONICS LTD,2798.00,2890.00,2794.80,2876.20,2878.30,2814.40,,2876.18,,,68747,195746707.40,10843,F1,1,,,,,
2026-09-07,2026-09-07,CM,NSE,STK,7091,INE955I01044,SEJALLTD,EQ,,,,,SEJAL GLASS LIMITED,661.85,679.30,652.80,666.05,660.00,657.50,,666.07,,,5532,3681563.25,643,F1,1,,,,,
2026-09-07,2026-09-07,CM,NSE,STK,6262,INE105I01020,SELMC,EQ,,,,,SEL MANUFACTURING CO LTD,27.48,28.50,26.51,26.83,26.62,27.50,,26.83,,,12229,331999.56,145,F1,1,,,,,
2026-09-07,2026-09-07,CM,NSE,STK,11961,INE617A01013,SEMAC,EQ,,,,,SEMAC CONSTRUCTION LTD,280.00,290.00,280.00,282.00,282.00,277.25,,281.41,,,794,225298.15,44,F1,1,,,,,
2026-09-07,2026-09-07,CM,NSE,STK,17271,INE602W01027,SENCO,EQ,,,,,SENCO GOLD LIMITED,357.40,368.75,356.60,365.10,365.00,358.65,,365.08,,,1718666,627022517.35,42955,F1,1,,,,,
2026-09-07,2026-09-07,CM,NSE,STK,28888,INE0RB801010,SENORES,EQ,,,,,SENORES PHARMACEUTICALS L,1428.40,1512.00,1410.40,1497.50,1510.00,1428.40,,1497.46,,,404434,596802850.40,26666,F1,1,,,,,
2026-09-07,2026-09-07,CM,NSE,STK,15308,INE964H01014,SEPC,EQ,,,,,SEPC LIMITED,5.36,5.45,5.33,5.41,5.41,5.38,,5.41,,,5271492,28474570.27,3778,F1,1,,,,,
2026-09-07,2026-09-07,CM,NSE,STK,20715,INE027E07BC8,865LTF26,NN,,,,,SERENCD 8.65% SR.VI OP12,1064.00,1064.00,1064.00,1064.00,1064.00,1065.00,,1063.26,,,1,1064.00,1,F1,1,,,,,
2026-09-07,2026-09-07,CM,NSE,STK,20655,INE027E07998,898LTF29,N7,,,,,SERENCD 8.98% SR.VI OP2,1072.00,1072.00,1070.00,1070.00,1070.00,1072.00,,1070.00,,,152,162742.10,11,F1,1,,,,,
2026-09-07,2026-09-07,CM,NSE,STK,21197,INE306N07LM5,865TCAPS27,N8,,,,,SERENCD8.65%SR.IIICIII&IV,1034.27,1034.27,1011.00,1013.90,1013.90,1009.05,,1013.90,,,22,22268.17,4,F1,1,,,,,
2026-09-07,2026-09-07,CM,NSE,STK,4930,INE244L07168,96SFIL24A,NB,,,,,SERENCD8.84%SRVICIII&IV,966.00,986.00,966.00,984.03,984.00,992.00,,984.03,,,123,119941.00,4,F1,1,,,,,
2026-09-07,2026-09-07,CM,NSE,STK,17399,INE0P1Q01015,SERVICE,SM,,,,,SERVICE CARE LIMITED,67.05,70.00,67.05,70.00,70.00,69.45,,70.00,,,26000,1799900.00,12,F1,2000,,,,,
2026-09-07,2026-09-07,CM,NSE,STK,5507,INE782X01033,SERVOTECH,EQ,,,,,SERVOTECH REN POW SYS LTD,78.20,80.48,78.20,79.03,79.50,79.62,,79.03,,,312588,24826271.89,3877,F1,1,,,,,
2026-09-07,2026-09-07,CM,NSE,STK,759934,INE04VU01023,STYL,EQ,,,,,SESHAASAI TECHNOLOGIES L,385.00,387.50,378.20,380.20,381.05,383.50,,380.19,,,58586,22326790.30,2156,F1,1,,,,,
2026-09-07,2026-09-07,CM,NSE,STK,3066,INE630A01024,SESHAPAPER,EQ,,,,,SESHASAYEE PAPER & BOARDS,232.00,248.79,232.00,242.37,242.65,233.09,,242.37,,,250778,60732282.22,3680,F1,1,,,,,
2026-09-07,2026-09-07,CM,NSE,STK,17518,INE878E01021,SETCO,BE,,,,,SETCO AUTOMOTIVE LTD,17.79,17.89,17.01,17.53,17.70,17.45,,17.55,,,38839,683527.90,174,F1,1,,,,,
2026-09-07,2026-09-07,CM,NSE,STK,18024,INE023M01027,SETUINFRA,BZ,,,,,SETUBANDHAN INFRA LTD,0.58,0.59,0.58,0.59,0.59,0.57,,0.59,,,22994,13565.41,26,F1,1,,,,,
2026-09-07,2026-09-07,CM,NSE,STK,10836,INE573R01012,SEYAIND,BE,,,,,SEYA INDUSTRIES LIMITED,12.25,12.48,12.02,12.41,12.10,12.25,,12.40,,,7414,91344.15,39,F1,1,,,,,
2026-09-07,2026-09-07,CM,NSE,STK,758853,INE618R01015,SGFIN,EQ,,,,,SG FINSERVE LIMITED,675.70,691.85,675.70,677.60,677.00,675.70,,677.60,,,118788,81236680.35,5364,F1,1,,,,,
2026-09-07,2026-09-07,CM,NSE,STK,758889,INE385F01024,SGMART,EQ,,,,,SG MART LIMITED,828.70,847.50,805.40,810.40,813.00,824.75,,810.42,,,166232,137243846.05,12971,F1,1,,,,,
2026-09-07,2026-09-07,CM,NSE,STK,765247,INE967B01028,SGLRES,EQ,,,,,SGL RESOURCES LIMITED,2.47,2.53,2.32,2.50,2.53,2.41,,2.50,,,42931,106057.26,110,F1,1,,,,,
2026-09-07,2026-09-07,CM,NSE,STK,761469,INE12UN01015,SHADOWFAX,EQ,,,,,SHADOWFAX TECHNOLOGIES L,260.95,260.95,248.05,250.20,250.10,259.55,,250.20,,,2178213,548526032.70,27832,F1,1,,,,,
2026-09-07,2026-09-07,CM,NSE,STK,11859,INE640C01011,SHAHALLOYS,BE,,,,,SHAH ALLOYS LIMITED,100.50,104.25,96.43,102.63,101.50,101.50,,102.66,,,57275,5721515.84,308,F1,1,,,,,
2026-09-07,2026-09-07,CM,NSE,STK,20296,INE482J01021,SHAH,EQ,,,,,SHAH METACORP LIMITED,3.51,3.60,3.44,3.46,3.44,3.51,,3.46,,,1158873,4041480.77,1043,F1,1,,,,,
2026-09-07,2026-09-07,CM,NSE,STK,8727,INE151G01028,SHAILY,EQ,,,,,SHAILY ENG PLASTICS LTD,3262.60,3394.00,3252.60,3348.70,3340.00,3278.30,,3348.61,,,174319,584646990.70,25686,F1,1,,,,,
2026-09-07,2026-09-07,CM,NSE,STK,25574,INE908D01010,SHAKTIPUMP,EQ,,,,,SHAKTI PUMPS (I) LTD,471.20,475.00,465.00,466.95,467.45,473.00,,466.95,,,332018,155597504.05,15821,F1,1,,,,,
2026-09-07,2026-09-07,CM,NSE,STK,714,INE597J01018,SHALBY,EQ,,,,,SHALBY LIMITED,152.51,153.99,151.00,151.24,151.00,152.71,,151.26,,,31659,4817731.15,814,F1,1,,,,,
2026-09-07,2026-09-07,CM,NSE,STK,761688,INE861D01011,SAHLIBHFI,EQ,,,,,SHALIBHADRA FINANCE LTD,90.20,90.20,85.50,86.54,87.00,89.52,,86.51,,,24595,2151313.38,662,F1,1,,,,,
2026-09-07,2026-09-07,CM,NSE,STK,15346,INE849C01026,SHALPAINTS,BE,,,,,SHALIM PAINTS LTD,83.00,85.94,82.00,83.90,84.00,85.47,,83.86,,,336078,28032878.07,661,F1,1,,,,,
2026-09-07,2026-09-07,CM,NSE,STK,25737,INE01NE01012,SRD,EQ,,,,,SHANKAR LAL RAMPAL LTD,39.98,40.09,38.75,39.01,39.39,39.33,,39.01,,,25361,1001348.10,217,F1,1,,,,,
2026-09-07,2026-09-07,CM,NSE,STK,20321,INE274V01019,SHANKARA,EQ,,,,,SHANKARA BLDG PRODUCT LTD,149.00,150.00,147.00,148.26,148.12,148.18,,148.26,,,135828,20126937.73,813,F1,1,,,,,
2026-09-07,2026-09-07,CM,NSE,STK,760594,INE24OJ01011,BUILDPRO,EQ,,,,,SHANKARA BUILDPRO LIMITED,1300.00,1320.00,1255.00,1271.40,1263.80,1298.20,,1271.36,,,119206,153560101.00,6164,F1,1,,,,,
2026-09-07,2026-09-07,CM,NSE,STK,765382,INE1WFC01025,SHANKESH,EQ,,,,,SHANKESH JEWELLERS LTD,100.09,106.85,99.80,102.37,102.45,98.92,,102.38,,,10083730,1048867031.30,53885,F1,1,,,,,
2026-09-07,2026-09-07,CM,NSE,STK,3078,INE631A01022,SHANTIGEAR,EQ,,,,,SHANTHI GEARS LTD,620.00,652.00,606.00,640.00,637.00,621.75,,639.90,,,433775,276358773.80,17019,F1,1,,,,,
2026-09-07,2026-09-07,CM,NSE,STK,762889,INE440T01028,SEIL,EQ,,,,,SHANTI EDU INITIATIVES L,201.00,201.32,196.90,200.17,200.00,200.76,,200.08,,,294366,58613217.56,2317,F1,1,,,,,
2026-09-07,2026-09-07,CM,NSE,STK,758002,INE06ZD01017,SHANTIGOLD,EQ,,,,,SHANTI GOLD INTERNATION L,261.48,277.00,260.41,270.72,270.20,256.34,,270.71,,,4067799,1098667953.20,45429,F1,1,,,,,
2026-09-07,2026-09-07,CM,NSE,STK,765580,INE1ZEE01019,SHANTIINOR,ST,,,,,SHANTI INORGANICS LIMITED,157.70,165.55,150.00,165.55,165.55,83.00,,165.55,,,3441600,545683040.00,1356,F1,1600,,,,,
2026-09-07,2026-09-07,CM,NSE,STK,5650,INE933X01016,SHANTI,EQ,,,,,SHANTI OVERSEAS INDIA LTD,6.13,6.60,6.00,6.50,6.60,6.25,,6.50,,,136721,869368.30,227,F1,1,,,,,
2026-09-07,2026-09-07,CM,NSE,STK,762904,INE220Z01013,SHINDL,EQ,,,,,SHARAT INDUSTRIES LTD.,162.32,167.90,159.46,162.77,162.00,162.42,,163.02,,,176047,28392623.58,869,F1,1,,,,,
2026-09-07,2026-09-07,CM,NSE,STK,4992,INE221J01015,SHARDACROP,EQ,,,,,SHARDA CROPCHEM LTD.,772.10,776.95,765.00,767.45,768.00,768.35,,767.40,,,63229,48719352.45,5306,F1,1,,,,,
2026-09-07,2026-09-07,CM,NSE,STK,10530,INE597I01028,SHARDAMOTR,EQ,,,,,SHARDA MOTOR INDS LTD,885.50,898.85,880.20,890.05,889.10,881.95,,890.06,,,41347,36799985.35,4770,F1,1,,,,,
2026-09-07,2026-09-07,CM,NSE,STK,762897,INE037B01020,SHARDUL,BE,,,,,SHARDUL SECURITIES LTD.,54.90,54.90,53.55,54.06,54.58,54.49,,54.06,,,4677,253014.13,44,F1,1,,,,,
2026-09-07,2026-09-07,CM,NSE,STK,104,INE932X01026,SHAREINDIA,EQ,,,,,SHARE IND. SECURITIES LTD,170.50,174.98,170.50,171.86,171.95,170.50,,171.86,,,325602,56160952.39,2586,F1,1,,,,,
2026-09-07,2026-09-07,CM,NSE,STK,19469,INE460Q01014,SCML,SM,,,,,SHARP CHUCKS N MACHINES L,81.00,81.00,80.55,80.65,80.60,81.00,,80.65,,,19000,1536550.00,8,F1,1000,,,,,
2026-09-07,2026-09-07,CM,NSE,STK,759410,INE0YJV01017,SHEEL,ST,,,,,SHEEL BIOTECH LIMITED,59.45,61.60,58.85,61.60,61.60,61.60,,61.60,,,12000,719500.00,6,F1,2000,,,,,
2026-09-07,2026-09-07,CM,NSE,STK,19184,INE916U01025,SFL,EQ,,,,,SHEELA FOAM LIMITED,647.00,652.05,637.50,642.70,643.05,646.80,,642.68,,,69226,44578057.35,8665,F1,1,,,,,
2026-09-07,2026-09-07,CM,NSE,STK,12081,INE501Y01019,SCPL,BE,,,,,SHEETAL COOL PRODUCTS LTD,646.30,675.00,645.30,655.05,663.00,646.45,,654.36,,,24090,15933628.20,297,F1,1,,,,,
2026-09-07,2026-09-07,CM,NSE,STK,20415,INE04VX01019,SHEETAL,SM,,,,,SHEETAL UNIVERSAL LIMITED,340.00,340.00,340.00,340.00,340.00,348.10,,340.00,,,500,170000.00,1,F1,500,,,,,
2026-09-07,2026-09-07,CM,NSE,STK,21099,INE268L01046,SHEKHAWATI,BE,,,,,SHEKHAWATI INDUSTRIES LTD,15.52,16.29,14.85,16.01,15.84,15.52,,16.00,,,23177,364599.62,108,F1,1,,,,,
2026-09-07,2026-09-07,CM,NSE,STK,5072,INE363M01019,SHEMAROO,BE,,,,,SHEMAROO ENTER. LTD.,123.50,128.35,123.50,124.69,124.10,126.61,,124.74,,,6269,788956.37,53,F1,1,,,,,
2026-09-07,2026-09-07,CM,NSE,STK,14172,INE0MM001019,SHERA,SM,,,,,SHERA ENERGY LIMITED,188.00,188.00,180.00,181.10,180.00,182.30,,181.10,,,31000,5687000.00,31,F1,1000,,,,,
2026-09-07,2026-09-07,CM,NSE,STK,764890,INE011D01013,SHERVANI,EQ,,,,,SHERVANI INDUSTRIAL SYN L,316.00,316.00,305.05,305.15,305.15,315.10,,305.15,,,349,106765.30,9,F1,1,,,,,
2026-09-07,2026-09-07,CM,NSE,STK,8394,INE03KJ01013,SHIGAN,SM,,,,,SHIGAN QUANTUM TECH LTD,69.00,69.00,69.00,69.00,69.00,71.10,,69.00,,,1500,103500.00,1,F1,1500,,,,,
2026-09-07,2026-09-07,CM,NSE,STK,759847,INE024F01011,SHILCTECH,EQ,,,,,SHILCHAR TECHNOLOGIES LTD,4085.60,4217.00,4020.40,4187.00,4190.00,4065.30,,4186.87,,,30568,126458696.10,6103,F1,1,,,,,
2026-09-07,2026-09-07,CM,NSE,STK,764895,INE960A01017,SHILGRAVQ,EQ,,,,,SHILP GRAVURES LTD.,148.00,152.95,147.50,150.25,150.25,144.80,,151.01,,,1004,151142.74,31,F1,1,,,,,
2026-09-07,2026-09-07,CM,NSE,STK,17752,INE790G01031,SHILPAMED,EQ,,,,,SHILPA MEDICARE LTD,974.00,980.10,923.00,939.50,942.00,964.15,,939.41,,,1088314,1025461986.95,41302,F1,1,,,,,
2026-09-07,2026-09-07,CM,NSE,STK,23127,INE0PB301013,SCILAL,EQ,,,,,SHIPPING CORP OF ILA LTD,39.80,39.85,39.10,39.27,39.20,39.77,,39.30,,,172331,6799132.17,1513,F1,1,,,,,
2026-09-07,2026-09-07,CM,NSE,STK,3048,INE109A01011,SCI,EQ,,,,,SHIPPING CORP OF INDIA LT,295.35,298.25,292.60,293.75,293.65,295.35,,293.73,,,1033416,304762354.80,20050,F1,1,,,,,
2026-09-07,2026-09-07,CM,NSE,STK,765282,INE0FOO01011,SHIPROCKET,EQ,,,,,SHIPROCKET LIMITED,135.92,141.90,132.52,135.21,134.50,135.92,,135.25,,,9262559,1272237375.69,48150,F1,1,,,,,
2026-09-07,2026-09-07,CM,NSE,STK,759747,INE719F01016,SHIVAUM,EQ,,,,,SHIV AUM STEELS LIMITED,455.00,459.40,450.50,453.70,453.95,448.05,,453.70,,,2794,1262022.00,40,F1,1,,,,,
2026-09-07,2026-09-07,CM,NSE,STK,765160,INE555C01029,SHIVACEM,EQ,,,,,SHIVA CEMENT LTD.,16.47,16.50,15.56,16.07,16.18,15.97,,16.04,,,58521,938730.73,191,F1,1,,,,,
2026-09-07,2026-09-07,CM,NSE,STK,764900,INE960E01019,SHIVAAGRO,EQ,,,,,SHIVA GLOBAL AGRO INDS. L,43.44,45.00,38.00,41.41,43.00,41.39,,41.41,,,24597,1010424.55,266,F1,1,,,,,
2026-09-07,2026-09-07,CM,NSE,STK,1497,INE644Y01017,SHIVAMILLS,EQ,,,,,SHIVA MILLS LIMITED,60.90,62.98,59.51,60.99,61.00,60.50,,60.99,,,2663,161093.55,45,F1,1,,,,,
2026-09-07,2026-09-07,CM,NSE,STK,804,INE705C01020,SHIVATEX,EQ,,,,,SHIVA TEXYARN LIMITED,182.85,185.00,177.26,179.46,179.06,182.86,,179.46,,,5838,1055356.82,115,F1,1,,,,,
2026-09-07,2026-09-07,CM,NSE,STK,24249,INE0T7B01010,SPCL,SM,,,,,SHIVALIC POWER CONTROL L,61.55,65.00,61.55,63.65,63.95,62.60,,63.65,,,24600,1563570.00,38,F1,600,,,,,
2026-09-07,2026-09-07,CM,NSE,STK,4656,INE386D01027,SBCL,EQ,,,,,SHIVALIK BIMETAL CON. LTD,1121.00,1138.40,1077.00,1092.10,1097.50,1121.10,,1092.26,,,314685,349202345.50,18869,F1,1,,,,,
2026-09-07,2026-09-07,CM,NSE,STK,7016,INE788J01021,SHIVALIK,EQ,,,,,SHIVALIK RASAYAN LIMITED,332.00,344.00,312.00,316.85,315.20,327.40,,316.28,,,129342,42556519.25,5350,F1,1,,,,,
2026-09-07,2026-09-07,CM,NSE,STK,13756,INE637H01024,SHIVAMAUTO,EQ,,,,,SHIVAM AUTO.LTD,18.01,18.01,17.28,17.33,17.30,18.01,,17.33,,,29199,512433.55,179,F1,1,,,,,
2026-09-07,2026-09-07,CM,NSE,STK,758744,INE1DLF01018,SHIVASHRIT,SM,,,,,SHIVASHRIT FOODS LIMITED,119.95,119.95,116.75,116.75,116.75,120.00,,116.75,,,21000,2510400.00,4,F1,1000,,,,,
2026-09-07,2026-09-07,CM,NSE,STK,11813,INE498B01024,SHOPERSTOP,EQ,,,,,SHOPPERS STOP LIMITED,383.65,383.70,371.85,376.30,377.70,381.75,,376.30,,,18095,6820212.40,1777,F1,1,,,,,
2026-09-07,2026-09-07,CM,NSE,STK,764905,INE311M01018,SHRADDHA,EQ,,,,,SHRADDHA PRIME PROJECTS L,161.50,161.50,151.05,154.92,157.50,156.48,,155.06,,,3018,467396.38,95,F1,1,,,,,
2026-09-07,2026-09-07,CM,NSE,STK,708,INE715Y01031,SHRADHA,EQ,,,,,SHRADHA REALTY LIMITED,31.48,32.11,31.02,31.47,31.25,31.48,,31.47,,,12901,406163.06,95,F1,1,,,,,
2026-09-07,2026-09-07,CM,NSE,STK,10588,INE712K01011,SHREEPUSHK,EQ,,,,,SHRE PUSH CHEM & FERT LTD,480.40,535.40,478.00,514.90,520.00,475.25,,514.79,,,399174,199796149.50,14229,F1,1,,,,,
2026-09-07,2026-09-07,CM,NSE,STK,762874,INE185C01017,SAPPL,EQ,,,,,SHREE AJIT PULP & PAPER L,272.10,303.30,272.10,276.60,273.00,281.85,,276.60,,,2393,675513.15,124,F1,1,,,,,
2026-09-07,2026-09-07,CM,NSE,STK,3103,INE070A01015,SHREECEM,EQ,,,,,SHREE CEMENT LIMITED,23855.00,23920.00,23365.00,23365.00,23365.00,23855.00,,23365.48,,,17715,416663010.00,8816,F1,1,,,,,
2026-09-07,2026-09-07,CM,NSE,STK,3099,INE232A01011,SHREDIGCEM,EQ,,,,,SHREE DIGVIJAY CEM CO LTD,73.00,74.44,71.20,72.04,72.34,74.44,,72.04,,,89317,6475512.18,1343,F1,1,,,,,
2026-09-07,2026-09-07,CM,NSE,STK,764885,INE414Y01015,SGRL,EQ,,,,,SHREE GANESH REMEDIES LTD,700.00,717.00,698.35,714.20,713.95,708.55,,713.88,,,9913,7052591.65,552,F1,1,,,,,
2026-09-07,2026-09-07,CM,NSE,STK,23074,INE0S4Y01010,SHREEKARNI,SM,,,,,SHREE KARNI FABCOM LTD,380.50,388.00,380.50,385.50,385.50,380.20,,385.50,,,1800,692842.50,9,F1,150,,,,,
2026-09-07,2026-09-07,CM,NSE,STK,20603,INE02S501018,SHREEOSFM,SM,,,,,SHREE OSFM E-MOBILITY LTD,56.00,56.70,56.00,56.70,56.70,56.50,,56.70,,,2000,112700.00,2,F1,1000,,,,,
2026-09-07,2026-09-07,CM,NSE,STK,760188,INE19GK01015,SRTL,EQ,,,,,SHREE RAM TWISTEX LIMITED,37.70,38.36,36.81,37.98,38.00,37.71,,37.98,,,36439,1374129.18,542,F1,1,,,,,
2026-09-07,2026-09-07,CM,NSE,STK,7627,INE879A01019,SHREERAMA,EQ,,,,,SHREE RAMA MULTI TECH LTD,45.17,45.17,43.11,43.84,44.00,44.12,,43.81,,,42678,1865671.47,1089,F1,1,,,,,
2026-09-07,2026-09-07,CM,NSE,STK,13565,INE278B01020,RAMANEWS,EQ,,,,,SHREE RAMA NEWSPRINT LTD,31.43,32.95,31.15,32.64,32.89,31.75,,32.67,,,35616,1156641.19,261,F1,1,,,,,
2026-09-07,2026-09-07,CM,NSE,STK,12026,INE087H01022,RENUKA,EQ,,,,,SHREE RENUKA SUGARS LTD,24.10,25.57,24.10,25.15,25.12,24.04,,25.15,,,34693464,873284919.70,47545,F1,1,,,,,
2026-09-07,2026-09-07,CM,NSE,STK,25203,INE0S2G01011,BALAJEE,EQ,,,,,SHREE TIRUPATI BALAJEE L,26.66,26.66,25.65,25.73,25.99,26.16,,25.77,,,12936,334842.72,174,F1,1,,,,,
2026-09-07,2026-09-07,CM,NSE,STK,15126,INE00CE01017,SVLL,BE,,,,,SHREE VASU LOGISTICS LTD,801.00,830.00,799.25,800.00,800.00,799.25,,800.00,,,629,505410.90,23,F1,1,,,,,
2026-09-07,2026-09-07,CM,NSE,STK,762159,INE0K3301012,SHREEDHAR,ST,,,,,SHREEDHAR SPINNERS LTD,113.05,114.95,112.00,114.95,114.95,114.30,,114.95,,,22000,2478900.00,6,F1,2000,,,,,
2026-09-07,2026-09-07,CM,NSE,STK,759802,INE1FL101016,SHETHJI,SM,,,,,SHREEJI GLOBAL FMCG LTD,197.60,208.50,197.10,205.10,208.50,195.95,,205.10,,,56000,11284850.00,40,F1,1000,,,,,
2026-09-07,2026-09-07,CM,NSE,STK,759448,INE1B6101010,SHREEJISPG,EQ,,,,,SHREEJI SHIPPING GLOBAL L,690.00,704.25,676.90,699.80,700.00,680.15,,699.80,,,1404657,966574101.55,21615,F1,1,,,,,
2026-09-07,2026-09-07,CM,NSE,STK,14305,INE00IK01029,OSWALSEEDS,EQ,,,,,SHREEOSWAL S AND CHE LTD,11.51,12.59,11.51,12.06,12.22,11.72,,12.06,,,77347,928054.39,236,F1,1,,,,,
2026-09-07,2026-09-07,CM,NSE,STK,5718,INE0GTI23014,SHREMINVIT,IV,,,,,SHREM INVIT,100.50,100.50,100.50,100.50,100.50,100.50,,100.50,,,425000,42712500.00,1,F1,25000,,,,,
2026-09-07,2026-09-07,CM,NSE,STK,760252,INE632X01030,SHRENIK,BZ,,,,,SHRENIK LIMITED,0.30,0.30,0.29,0.29,0.30,0.29,,0.29,,,358365,105705.37,185,F1,1,,,,,
2026-09-07,2026-09-07,CM,NSE,STK,3126,INE231C01019,SHREYANIND,EQ,,,,,SHREYANS INDUSTRIES LTD,130.00,138.50,129.30,134.20,135.19,128.93,,134.20,,,24013,3237057.75,387,F1,1,,,,,
2026-09-07,2026-09-07,CM,NSE,STK,756409,INE0DM401012,SHRIAHIMSA,ST,,,,,SHRI AHIMSA NATURALS LTD,480.00,480.00,463.00,471.25,474.00,485.50,,471.25,,,15000,7103250.00,19,F1,600,,,,,
2026-09-07,2026-09-07,CM,NSE,STK,762899,INE402H01015,SHBAJRG,EQ,,,,,SHRI BAJRANG ALLIANCE L,160.00,163.20,158.30,161.97,161.99,160.67,,161.97,,,962,154778.05,51,F1,1,,,,,
2026-09-07,2026-09-07,CM,NSE,STK,758568,INE0NON01025,SHKSIL,SM,,,,,SHRI HARE-KRI SPO IRON L,34.00,35.00,34.00,35.00,35.00,34.00,,35.00,,,22000,760000.00,7,F1,2000,,,,,
2026-09-07,2026-09-07,CM,NSE,STK,764910,INE564J01026,SHRJAGP,EQ,,,,,SHRI JAGDAMBA POLYMERS L,621.00,660.00,620.55,644.10,641.00,625.65,,647.64,,,1328,840435.25,72,F1,1,,,,,
2026-09-07,2026-09-07,CM,NSE,STK,760202,INE1V4601019,SHRIKANHA,SM,,,,,SHRI KANHA STAINLESS LTD,21.00,21.85,21.00,21.85,21.85,20.85,,21.85,,,62400,1357680.00,16,F1,1600,,,,,
2026-09-07,2026-09-07,CM,NSE,STK,762909,INE997I01012,SHRIKRISH,EQ,,,,,SHRI KRISHNA DEVCON LTD.,37.50,40.48,37.50,39.22,38.70,39.79,,39.22,,,748,28621.17,17,F1,1,,,,,
2026-09-07,2026-09-07,CM,NSE,STK,17684,INE0OMF01015,SHRITECH,SM,,,,,SHRI TECHTEX LIMITED,59.30,60.30,59.30,60.30,60.30,59.55,,60.30,,,4000,239200.00,2,F1,2000,,,,,
2026-09-07,2026-09-07,CM,NSE,STK,765210,INE574G01013,VASUPRADA,EQ,,,,,SHRI VASUPRADA PLANTATI L,111.38,111.38,107.63,108.00,108.00,107.10,,108.50,,,179,19400.25,7,F1,1,,,,,
2026-09-07,2026-09-07,CM,NSE,STK,759093,INE1B3L01017,SHRINGARMS,EQ,,,,,SHRINGAR HOU OF MANGALS L,218.00,225.00,216.10,218.59,217.69,217.91,,218.59,,,658203,145988336.34,7043,F1,1,,,,,
2026-09-07,2026-09-07,CM,NSE,STK,24374,INF680P01422,LIQUIDSHRI,EQ,,,,,SHRIRAM - LIQUIDSHRI,1120.42,1120.42,1120.40,1120.40,1120.40,1120.33,,1120.40,,,15393,17246337.41,24,F1,1,,,,,
2026-09-07,2026-09-07,CM,NSE,STK,4306,INE721A01047,SHRIRAMFIN,EQ,,,,,SHRIRAM FINANCE LIMITED,1045.00,1046.10,1029.30,1037.00,1037.00,1041.00,,1037.00,,,1812019,1876141441.40,117266,F1,1,,,,,
2026-09-07,2026-09-07,CM,NSE,STK,7200,INE217L01019,SHRIRAMPPS,EQ,,,,,SHRIRAM PROPERTIES LTD,77.75,78.00,75.31,75.50,75.55,76.90,,75.50,,,384585,29379164.99,3958,F1,1,,,,,
2026-09-07,2026-09-07,CM,NSE,STK,25240,INE0UL701015,SHUBHSHREE,SM,,,,,SHUBHSHREE BIOFUELS ENE L,336.00,355.00,335.00,355.00,355.00,349.95,,355.00,,,3900,1339890.00,13,F1,300,,,,,
2026-09-07,2026-09-07,CM,NSE,STK,764537,INE551C01044,SHUKRAPHAR,EQ,,,,,SHUKRA PHARMACEUTICALS L,51.93,53.59,51.93,53.07,53.14,51.93,,53.07,,,1887833,99905413.20,7414,F1,1,,,,,
2026-09-07,2026-09-07,CM,NSE,STK,10192,INE979R01011,SHYAMCENT,BE,,,,,SHYAM CENTURY FERROUS LTD,5.24,5.24,4.89,4.97,4.98,5.03,,4.97,,,224285,1109716.67,133,F1,1,,,,,
2026-09-07,2026-09-07,CM,NSE,STK,761213,INE1CRP01016,SHYAMDHANI,ST,,,,,SHYAM DHANI INDUSTRIES L,51.60,51.60,51.60,51.60,51.60,52.70,,51.60,,,2000,103200.00,1,F1,2000,,,,,
2026-09-07,2026-09-07,CM,NSE,STK,4693,INE810G01011,SHYAMMETL,EQ,,,,,SHYAM METALICS AND ENGY L,1065.20,1090.00,1053.20,1082.30,1089.00,1065.30,,1082.31,,,244531,263310828.30,14292,F1,1,,,,,
2026-09-07,2026-09-07,CM,NSE,STK,13740,INE635A01023,SHYAMTEL,EQ,,,,,SHYAM TELECOM LIMITED,11.69,11.69,10.51,11.00,11.00,11.60,,11.00,,,15284,170102.22,94,F1,1,,,,,
2026-09-07,2026-09-07,CM,NSE,STK,16875,INE176J01011,SICAGEN,EQ,,,,,SICAGEN INDIA LIMITED,58.95,59.00,57.52,58.53,58.60,58.28,,58.53,,,29282,1717166.71,376,F1,1,,,,,
2026-09-07,2026-09-07,CM,NSE,STK,19440,INE075B01020,SICALLOG,BE,,,,,SICAL LOGISTICS LIMITED,106.00,106.00,101.97,102.98,103.00,107.33,,102.93,,,21475,2209056.92,188,F1,1,,,,,
2026-09-07,2026-09-07,CM,NSE,STK,759053,INE0SVO01019,SIDDHICOTS,SM,,,,,SIDDHI COTSPIN LIMITED,27.05,27.05,27.05,27.05,27.05,27.05,,27.05,,,3600,97380.00,2,F1,1200,,,,,
2026-09-07,2026-09-07,CM,NSE,STK,3148,INE0A1E01018,SIDDHIKA,SM,,,,,SIDDHIKA COATINGS LIMITED,225.00,230.00,225.00,230.00,230.00,225.00,,230.00,,,1500,340000.00,3,F1,500,,,,,
2026-09-07,2026-09-07,CM,NSE,STK,756871,INE1NPP01017,ENRIN,EQ,,,,,SIEMENS ENERGY INDIA LTD,3115.80,3185.00,3111.60,3121.90,3115.00,3115.70,,3121.92,,,441448,1391897545.50,42567,F1,1,,,,,
2026-09-07,2026-09-07,CM,NSE,STK,3150,INE003A01024,SIEMENS,EQ,,,,,SIEMENS LTD,3990.00,3998.10,3904.10,3927.00,3927.00,3977.00,,3927.08,,,200987,791724901.90,20035,F1,1,,,,,
2026-09-07,2026-09-07,CM,NSE,STK,6663,INE0D0K01022,SIGACHI,EQ,,,,,SIGACHI INDUSTRIES LTD,35.05,35.31,33.88,34.41,34.30,34.74,,34.41,,,2477935,85099848.79,8131,F1,1,,,,,
2026-09-07,2026-09-07,CM,NSE,STK,14797,INE933B01012,SIGMAADV,BE,,,,,SIGMA ADVANCED SYSTEM LTD,760.00,765.65,732.00,740.15,737.00,762.40,,740.13,,,162011,120711034.20,3347,F1,1,,,,,
2026-09-07,2026-09-07,CM,NSE,STK,16658,INE0A0S01028,SIGMA,EQ,,,,,SIGMA SOLVE LIMITED,47.80,47.80,46.00,47.45,47.50,46.66,,47.46,,,70149,3295235.47,921,F1,1,,,,,
2026-09-07,2026-09-07,CM,NSE,STK,18743,INE903U01023,SIGNATURE,EQ,,,,,SIGNATUREGLOBAL INDIA LTD,798.70,804.00,791.85,799.95,799.95,796.55,,799.88,,,179010,142567342.10,4560,F1,1,,,,,
2026-09-07,2026-09-07,CM,NSE,STK,4517,INE529F01035,SIGIND,BE,,,,,SIGNET INDUSTRIES LIMITED,70.37,70.37,66.86,66.91,66.86,70.37,,67.14,,,16343,1102429.70,108,F1,1,,,,,
2026-09-07,2026-09-07,CM,NSE,STK,22656,INE0KGZ01021,SIGNPOST,EQ,,,,,SIGNPOST INDIA LIMITED,245.25,285.00,242.60,269.50,271.00,244.25,,269.49,,,3876593,1066788260.25,65785,F1,1,,,,,
2026-09-07,2026-09-07,CM,NSE,STK,762914,INE438E01032,SIKA,EQ,,,,,SIKA INTERPLANT SYSTEMS L,1004.95,1004.95,982.30,986.10,988.20,996.10,,984.73,,,14380,14241977.70,1410,F1,1,,,,,
2026-09-07,2026-09-07,CM,NSE,STK,6226,INE112X01025,SIKKO,BE,,,,,SIKKO INDUSTRIES LIMITED,5.40,5.62,5.20,5.56,5.62,5.41,,5.56,,,983416,5372914.55,629,F1,1,,,,,
2026-09-07,2026-09-07,CM,NSE,STK,4105,INE923A01015,SILINV,EQ,,,,,SIL INVESTMENTS LIMITED,478.80,478.95,462.25,472.05,471.30,478.80,,472.05,,,792,373059.55,90,F1,1,,,,,
2026-09-07,2026-09-07,CM,NSE,STK,2492,INE01II01013,SILGO,EQ,,,,,SILGO RETAIL LIMITED,70.32,75.49,69.90,73.15,73.22,69.97,,73.15,,,419919,30571028.50,2135,F1,1,,,,,
2026-09-07,2026-09-07,CM,NSE,STK,23736,INE0STN01015,SILKFLEX,SM,,,,,SILKFLEX POLYMERS INDIA L,301.00,302.70,291.00,292.60,294.00,288.30,,292.60,,,82000,24616050.00,77,F1,1000,,,,,
2026-09-07,2026-09-07,CM,NSE,STK,757679,INE0SN801015,SILKY,SM,,,,,SILKY OVERSEAS LIMITED,68.50,69.00,66.05,68.95,68.95,71.95,,68.95,,,3200,218000.00,4,F1,800,,,,,
2026-09-07,2026-09-07,CM,NSE,STK,19097,INE203Y01012,SILLYMONKS,EQ,,,,,SILLY MONKS ENTERTAIN LTD,16.19,16.19,15.42,15.94,16.18,16.19,,15.94,,,30334,483771.82,144,F1,1,,,,,
2026-09-07,2026-09-07,CM,NSE,STK,9422,INE625X01026,SILVERTUC,EQ,,,,,SILVER TOUCH TECHNO LTD,167.48,168.39,161.34,163.56,164.20,167.97,,163.55,,,377764,62225729.12,6425,F1,1,,,,,
2026-09-07,2026-09-07,CM,NSE,STK,758836,INE748T01016,SIMBHALS,BZ,,,,,SIMBHAOLI SUGARS LTD.,7.80,7.80,7.65,7.65,7.65,7.80,,8.01,,,5269,40378.96,29,F1,1,,,,,
2026-09-07,2026-09-07,CM,NSE,STK,763378,INE1K4J01018,SIMCA,ST,,,,,SIMCA ADVERTISING LIMITED,261.30,262.00,258.00,261.10,260.50,260.00,,261.10,,,15600,4048350.00,11,F1,600,,,,,
2026-09-07,2026-09-07,CM,NSE,STK,3162,INE059B01024,SIMPLEXINF,EQ,,,,,SIMPLEX INFRASTRUCTURES L,271.25,271.90,258.00,260.35,259.30,270.50,,260.35,,,38376,10100785.35,928,F1,1,,,,,
2026-09-07,2026-09-07,CM,NSE,STK,764915,INE167H01014,SIMPLXREA,EQ,,,,,SIMPLEX REALTY LTD.,149.98,149.98,136.00,141.70,141.70,142.99,,143.35,,,569,79984.62,22,F1,1,,,,,
2026-09-07,2026-09-07,CM,NSE,STK,23480,INE985A01022,SINCLAIR,EQ,,,,,SINCLAIRS HOTELS LIMITED,84.99,86.90,83.42,84.45,84.50,83.50,,84.45,,,64110,5460596.04,756,F1,1,,,,,
2026-09-07,2026-09-07,CM,NSE,STK,16859,INE325D01025,SINDHUTRAD,EQ,,,,,SINDHU TRADE LINKS LTD,25.28,25.57,24.44,25.25,25.25,25.28,,25.25,,,1799387,44955252.95,3100,F1,1,,,,,
2026-09-07,2026-09-07,CM,NSE,STK,761420,INE638A01035,SINGERIND,EQ,,,,,SINGER INDIA LIMITED,76.97,78.44,73.99,74.97,75.02,76.98,,74.97,,,150121,11289382.20,1049,F1,1,,,,,
2026-09-07,2026-09-07,CM,NSE,STK,381,INE129Z01016,SINTERCOM,EQ,,,,,SINTERCOM INDIA LIMITED,81.11,82.00,81.00,81.43,81.43,80.80,,81.43,,,126972,10340108.39,41,F1,1,,,,,
2026-09-07,2026-09-07,CM,NSE,STK,11050,INE792Z01011,SIRCA,EQ,,,,,SIRCA PAINT INDIA LIMITED,439.90,442.75,435.55,436.85,437.00,439.25,,436.85,,,197385,86623369.00,2625,F1,1,,,,,
2026-09-07,2026-09-07,CM,NSE,STK,21501,INE285J01028,SIS,EQ,,,,,SIS LIMITED,430.95,438.20,425.20,428.65,427.75,430.95,,428.65,,,444184,192865972.55,17196,F1,1,,,,,
2026-09-07,2026-09-07,CM,NSE,STK,29210,INE965H01011,SITINET,BZ,,,,,SITI NETWORKS LIMITED,0.29,0.30,0.28,0.29,0.28,0.29,,0.29,,,1140018,330398.30,300,F1,1,,,,,
2026-09-07,2026-09-07,CM,NSE,STK,14096,INE076B01028,SIYSIL,EQ,,,,,SIYARAM SILK MILLS LTD,553.40,566.95,553.40,563.55,565.50,552.65,,563.55,,,30927,17347710.70,2056,F1,1,,,,,
2026-09-07,2026-09-07,CM,NSE,STK,6643,INE284S01014,SJS,EQ,,,,,SJS ENTERPRISES LIMITED,2306.10,2389.10,2306.10,2332.30,2340.00,2306.10,,2332.29,,,137522,323274296.70,21053,F1,1,,,,,
2026-09-07,2026-09-07,CM,NSE,STK,18883,INE002L01015,SJVN,EQ,,,,,SJVN LTD,65.00,66.07,64.70,65.56,65.60,65.23,,65.56,,,2007816,131505382.71,18537,F1,1,,,,,
2026-09-07,2026-09-07,CM,NSE,STK,760101,INE2J8701016,SKFINDUS,EQ,,,,,SKF IND (INDUSTRIAL) LTD,3040.00,3047.70,2992.10,3016.10,3000.10,3002.50,,3015.99,,,24293,73357344.50,5117,F1,1,,,,,
2026-09-07,2026-09-07,CM,NSE,STK,3186,INE640A01023,SKFINDIA,EQ,,,,,SKF INDIA LTD,1559.80,1578.00,1542.20,1546.60,1549.90,1553.20,,1546.50,,,24033,37352200.20,4800,F1,1,,,,,
2026-09-07,2026-09-07,CM,NSE,STK,24107,INE429F01012,SKIL,BZ,,,,,SKIL INFRASTRUCTURE LTD.,0.79,0.87,0.79,0.87,0.87,0.83,,0.87,,,71005,58768.68,78,F1,1,,,,,
2026-09-07,2026-09-07,CM,NSE,STK,9428,INE439E01022,SKIPPER,EQ,,,,,SKIPPER LIMITED,596.00,616.80,590.00,604.40,602.00,591.10,,604.43,,,4277657,2573947949.15,85734,F1,1,,,,,
2026-09-07,2026-09-07,CM,NSE,STK,4732,INE411D01023,SKMEGGPROD,EQ,,,,,SKM EGG PROD EXPORT(I) LT,256.35,259.00,244.55,246.85,247.35,257.10,,246.87,,,276867,69629479.75,5455,F1,1,,,,,
2026-09-07,2026-09-07,CM,NSE,STK,10325,INE0KZA01016,SKP,SM,,,,,SKP BEARING INDUSTRI. LTD,146.10,171.90,146.10,164.10,160.00,151.50,,164.10,,,54000,8478775.00,102,F1,500,,,,,
2026-09-07,2026-09-07,CM,NSE,STK,13631,INE01IU01018,SKYGOLD,EQ,,,,,SKY GOLD AND DIAMONDS LTD,782.00,800.05,767.00,788.15,786.60,781.45,,788.10,,,683200,537658220.70,25134,F1,1,,,,,
2026-09-07,2026-09-07,CM,NSE,STK,765333,INE0VFE01017,SKYTECH,SM,,,,,SKYTECH INFINITE PLATFM L,36.05,36.05,36.05,36.05,36.05,40.05,,36.05,,,51200,1845760.00,26,F1,1600,,,,,
2026-09-07,2026-09-07,CM,NSE,STK,765480,INE0PX301025,SKYWAYS,EQ,,,,,SKYWAYS AIR SERVICES LTD,122.50,123.09,112.00,113.91,113.20,122.72,,113.91,,,9718981,1118460550.67,62489,F1,1,,,,,
2026-09-07,2026-09-07,CM,NSE,STK,23692,INE0SMA01017,SLONE,ST,,,,,SLONE INFOSYSTEMS LIMITED,195.10,196.00,186.50,189.10,189.10,187.00,,189.10,,,2800,535480.00,7,F1,400,,,,,
2026-09-07,2026-09-07,CM,NSE,STK,757622,INE14GK01016,SMARTEN,ST,,,,,SMARTEN POWER SYSTEMS LTD,52.50,53.50,52.50,53.50,53.50,54.85,,53.50,,,2400,127200.00,2,F1,1200,,,,,
2026-09-07,2026-09-07,CM,NSE,STK,9893,INE178C01020,SMARTLINK,BE,,,,,SMARTLINK HOLDINGS LTD,218.09,219.45,206.13,210.82,208.15,213.81,,211.01,,,1649,350187.51,37,F1,1,,,,,
2026-09-07,2026-09-07,CM,NSE,STK,757965,INE0NAZ01010,SMARTWORKS,EQ,,,,,SMARTWORKS COWORKING SP L,547.00,548.85,534.10,538.95,540.00,541.50,,538.95,,,35123,18947232.40,2064,F1,1,,,,,
2026-09-07,2026-09-07,CM,NSE,STK,760218,INE05NX24023,8SMC29,N1,,,,,SMC 8% 2029 STRPP A,510.00,510.00,500.00,500.00,500.00,510.00,,500.00,,,16,8010.00,2,F1,1,,,,,
2026-09-07,2026-09-07,CM,NSE,STK,2320,INE103C01036,SMCGLOBAL,EQ,,,,,SMC GLOBAL SECURITIES LTD,79.01,85.40,79.01,84.95,85.00,81.25,,84.95,,,3923881,327904516.32,21363,F1,1,,,,,
2026-09-07,2026-09-07,CM,NSE,STK,3387,INE294B01019,SMLMAH,EQ,,,,,SML MAHINDRA LIMITED,6339.00,6449.00,6143.00,6393.50,6376.00,6298.50,,6393.25,,,247779,1564652073.00,49599,F1,1,,,,,
2026-09-07,2026-09-07,CM,NSE,STK,14329,INE812G01025,SMSPHARMA,EQ,,,,,SMS PHARMACEUTICALS LTD.,390.00,444.00,387.45,397.95,397.80,392.50,,397.96,,,3870958,1620696208.05,72833,F1,1,,,,,
2026-09-07,2026-09-07,CM,NSE,STK,758946,INE1OIC01018,SNEHAA,SM,,,,,SNEHAA ORGANICS LIMITED,46.95,46.95,46.95,46.95,46.95,47.00,,46.95,,,1000,46950.00,1,F1,1000,,,,,
2026-09-07,2026-09-07,CM,NSE,STK,4843,INE734N01019,SNOWMAN,EQ,,,,,SNOWMAN LOGISTICS LTD.,36.50,36.90,36.00,36.67,36.60,36.85,,36.67,,,82852,3026385.64,1368,F1,1,,,,,
2026-09-07,2026-09-07,CM,NSE,STK,13826,INE671H01015,SOBHA,EQ,,,,,SOBHA LIMITED,1276.00,1276.00,1243.20,1250.10,1260.00,1263.80,,1250.10,,,38511,48195432.10,4375,F1,1,,,,,
2026-09-07,2026-09-07,CM,NSE,STK,8266,INE728Z01015,SOFTTECH,EQ,,,,,SOFTTECH ENGINEERS LTD,441.95,442.00,423.00,432.45,433.00,423.15,,432.45,,,7493,3223603.95,120,F1,1,,,,,
2026-09-07,2026-09-07,CM,NSE,STK,13332,INE343H01029,SOLARINDS,EQ,,,,,SOLAR INDUSTRIES (I) LTD,21450.00,22200.00,21450.00,21950.00,21950.00,21445.00,,21948.74,,,227176,4978323860.00,44679,F1,1,,,,,
2026-09-07,2026-09-07,CM,NSE,STK,3672,INE624Z01016,SOLARA,EQ,,,,,SOLARA ACTIVE PHA SCI LTD,643.85,711.00,639.15,697.05,699.80,639.15,,697.02,,,2187893,1513933524.85,71504,F1,1,,,,,
2026-09-07,2026-09-07,CM,NSE,STK,759929,INE0TY101024,SOLARWORLD,EQ,,,,,SOLARWORLD ENERGY SOL LTD,150.51,151.99,147.01,147.90,148.11,149.32,,147.84,,,97974,14501205.74,1696,F1,1,,,,,
2026-09-07,2026-09-07,CM,NSE,STK,759397,INE880Y01017,SOLEX,EQ,,,,,SOLEX ENERGY LIMITED,728.80,728.80,714.35,718.45,720.00,725.30,,718.56,,,14793,10650369.45,1421,F1,1,,,,,
2026-09-07,2026-09-07,CM,NSE,STK,1338,INE480C01038,SDBL,EQ,,,,,SOM DIST & BREW LTD,74.10,77.50,74.00,75.02,74.80,74.00,,75.03,,,1759825,134143861.72,12359,F1,1,,,,,
2026-09-07,2026-09-07,CM,NSE,STK,4201,INE314C01013,SOMATEX,EQ,,,,,SOMA TEXTILES & INDUST LT,89.31,92.84,86.37,86.72,87.00,90.22,,86.74,,,17649,1549565.57,272,F1,1,,,,,
2026-09-07,2026-09-07,CM,NSE,STK,3880,INE355A01028,SOMANYCERA,EQ,,,,,SOMANY CERAMICS LIMITED,554.95,574.45,554.95,559.40,556.05,557.35,,559.43,,,84012,47610855.10,4197,F1,1,,,,,
2026-09-07,2026-09-07,CM,NSE,STK,17794,INE323J01019,SOMICONVEY,EQ,,,,,SOMI CONVEYOR BELT. LTD.,91.05,93.93,91.05,92.37,92.49,91.33,,92.38,,,5859,540495.55,139,F1,1,,,,,
2026-09-07,2026-09-07,CM,NSE,STK,4684,INE073K01018,SONACOMS,EQ,,,,,SONA BLW PRECISION FRGS L,786.95,790.85,778.00,788.00,788.00,789.00,,788.00,,,1159441,911181715.25,29942,F1,1,,,,,
2026-09-07,2026-09-07,CM,NSE,STK,23052,INE0Q6H01012,SONAMAC,SM,,,,,SONA MACHINERY LIMITED,32.95,32.95,32.95,32.95,32.95,33.00,,32.95,,,1000,32950.00,1,F1,1000,,,,,
2026-09-07,2026-09-07,CM,NSE,STK,8817,INE00LM01029,SONAMLTD,BE,,,,,SONAM LIMITED,68.00,69.13,67.00,69.13,69.13,65.84,,69.13,,,52083,3591213.23,195,F1,1,,,,,
2026-09-07,2026-09-07,CM,NSE,STK,6596,INE269A01021,SONATSOFTW,EQ,,,,,SONATA SOFTWARE LTD,285.25,286.00,273.45,283.85,284.10,285.25,,283.84,,,1737278,484178300.25,32125,F1,1,,,,,
2026-09-07,2026-09-07,CM,NSE,STK,9463,INE0JZA01018,SONUINFRA,ST,,,,,SONU INFRATECH LIMITED,46.65,46.65,46.50,46.65,46.65,44.45,,46.65,,,300000,13971750.00,88,F1,1500,,,,,
2026-09-07,2026-09-07,CM,NSE,STK,9678,INE980Y01015,SOUTHWEST,EQ,,,,,SOUTH WEST PINNACLE LTD,213.50,225.79,211.19,222.26,220.00,212.92,,222.20,,,581017,127360858.90,11932,F1,1,,,,,
2026-09-07,2026-09-07,CM,NSE,STK,8521,INE0JW501011,SPRL,SM,,,,,SP REFRACTORIES LIMITED,102.50,102.50,102.50,102.50,102.50,102.50,,102.50,,,800,82000.00,1,F1,800,,,,,
2026-09-07,2026-09-07,CM,NSE,STK,19372,INE970N01027,SPCENET,EQ,,,,,SPACENET ENTERS IND LTD,3.50,3.61,3.46,3.56,3.58,3.41,,3.56,,,1383299,4901379.13,948,F1,1,,,,,
2026-09-07,2026-09-07,CM,NSE,STK,11435,INE572J01011,SPANDANA,EQ,,,,,SPANDANA SPHOORTY FIN LTD,239.99,241.00,237.20,238.88,238.85,239.81,,238.85,,,58630,14021387.97,2022,F1,1,,,,,
2026-09-07,2026-09-07,CM,NSE,STK,760135,INE1CW901027,SPEB,SM,,,,,SPEB ADHESIVES LIMITED,92.15,92.15,92.10,92.10,92.10,95.00,,92.10,,,8000,736900.00,4,F1,2000,,,,,
2026-09-07,2026-09-07,CM,NSE,STK,27111,INE247M01014,SPECIALITY,BE,,,,,SPECIALITY REST LTD,139.25,140.00,135.00,135.29,137.49,139.59,,135.30,,,29250,3991906.17,169,F1,1,,,,,
2026-09-07,2026-09-07,CM,NSE,STK,30457,INE01EO01010,SPECTRUM,BE,,,,,SPECTRUM ELECTRIC IND LTD,2369.00,2486.80,2369.00,2486.80,2486.80,2368.40,,2481.96,,,5740,14176044.50,296,F1,1,,,,,
2026-09-07,2026-09-07,CM,NSE,STK,16876,INE0OL001018,SPECTSTM,SM,,,,,SPECTRUM TALENT MGMT LTD,56.10,60.00,54.00,60.00,60.00,56.00,,60.00,,,5600,323800.00,6,F1,800,,,,,
2026-09-07,2026-09-07,CM,NSE,STK,764920,INE252A01019,SPELS,EQ,,,,,SPEL SEMICONDUCTOR LTD,148.61,151.70,146.30,147.64,147.81,149.38,,147.57,,,47712,7068292.96,1745,F1,1,,,,,
2026-09-07,2026-09-07,CM,NSE,STK,8163,INE020801028,SPENCERS,EQ,,,,,SPENCER S RETAIL LIMITED,28.60,29.01,28.12,28.78,28.90,28.50,,28.78,,,19688,566267.04,409,F1,1,,,,,
2026-09-07,2026-09-07,CM,NSE,STK,3252,INE147A01011,SPIC,EQ,,,,,SPIC LTD,71.00,72.50,70.50,71.02,71.30,71.28,,71.02,,,551519,39391809.26,3492,F1,1,,,,,
2026-09-07,2026-09-07,CM,NSE,STK,11935,INE978G01016,SPLIL,EQ,,,,,SPL INDUSTRIES LIMITED,30.39,32.00,29.75,31.09,31.50,30.39,,31.09,,,15875,488031.92,113,F1,1,,,,,
2026-09-07,2026-09-07,CM,NSE,STK,3321,INE937A01023,SPMLINFRA,EQ,,,,,SPML INFRA LIMITED,183.20,183.89,178.07,180.21,180.95,181.41,,180.21,,,283043,51202227.40,4605,F1,1,,,,,
2026-09-07,2026-09-07,CM,NSE,STK,10733,INE885H01029,SPORTKING,EQ,,,,,SPORTKING INDIA LIMITED,228.34,230.00,217.07,221.85,221.00,229.22,,221.86,,,400590,89110435.42,7468,F1,1,,,,,
2026-09-07,2026-09-07,CM,NSE,STK,25306,INE0QR801013,SPPPOLY,SM,,,,,SPP POLYMER LIMITED,11.75,12.65,11.75,12.65,12.65,12.35,,12.65,,,6000,72300.00,3,F1,2000,,,,,
2026-09-07,2026-09-07,CM,NSE,STK,17186,INE526E01018,SHRIPISTON,EQ,,,,,SPR AUTO TECHNOLOGIES LTD,4515.00,4598.90,4480.00,4491.50,4490.00,4536.90,,4491.49,,,39044,176882307.80,12554,F1,1,,,,,
2026-09-07,2026-09-07,CM,NSE,STK,757865,INE19QH01010,SPUNWEB,SM,,,,,SPUNWEB NONWOVEN LIMITED,103.80,105.00,101.65,102.90,102.90,102.90,,102.90,,,21600,2223720.00,10,F1,1200,,,,,
2026-09-07,2026-09-07,CM,NSE,STK,14582,INE917H01012,SRHHYPOLTD,EQ,,,,,SREE RAYALSEEMA HHP LTD.,535.50,542.25,530.00,531.60,531.10,531.05,,531.59,,,13332,7121700.95,559,F1,1,,,,,
2026-09-07,2026-09-07,CM,NSE,STK,31837,INE099F01013,SREEL,EQ,,,,,SREELEATHERS LIMITED,269.80,286.01,263.00,279.40,281.00,265.52,,279.39,,,72657,20267652.84,2201,F1,1,,,,,
2026-09-07,2026-09-07,CM,NSE,STK,3273,INE647A01010,SRF,EQ,,,,,SRF LTD,2536.20,2560.00,2526.50,2546.00,2546.00,2547.00,,2545.87,,,208077,529075495.10,27214,F1,1,,,,,
2026-09-07,2026-09-07,CM,NSE,STK,18119,INE559N01010,SRGHFL,EQ,,,,,SRG HOUSING FINANCE L,258.00,258.00,240.90,245.85,242.00,245.45,,245.85,,,1647,401237.55,66,F1,1,,,,,
2026-09-07,2026-09-07,CM,NSE,STK,7457,INE293B01029,HAVISHA,EQ,,,,,SRI HAVISHA HOSP & INFR L,1.44,1.47,1.31,1.32,1.31,1.41,,1.32,,,98394,133447.70,156,F1,1,,,,,
2026-09-07,2026-09-07,CM,NSE,STK,765165,INE009C01019,SRIKPRIND,EQ,,,,,SRI KPR INDUSTRIES LTD.,35.43,35.78,32.50,33.82,33.56,33.38,,33.78,,,113310,3829686.71,704,F1,1,,,,,
2026-09-07,2026-09-07,CM,NSE,STK,758147,INE0V9Q01010,LOTUSDEV,BE,,,,,SRI LOTUS DEVLPRS N RTY L,194.00,201.70,190.05,199.71,199.99,193.25,,199.69,,,1307102,258785872.66,4702,F1,1,,,,,
2026-09-07,2026-09-07,CM,NSE,STK,18059,INE0ON201012,SSFL,ST,,,,,SRIVARI SPICES N FOODS L,262.60,273.00,260.00,273.00,273.00,260.00,,273.00,,,22000,5945675.00,38,F1,500,,,,,
2026-09-07,2026-09-07,CM,NSE,STK,14416,INE0NPI01014,SRIVASAVI,ST,,,,,SRIVASAVI ADHESIVE TAPE L,79.50,79.95,75.10,79.25,79.25,79.00,,79.25,,,24000,1850550.00,18,F1,1000,,,,,
2026-09-07,2026-09-07,CM,NSE,STK,23402,INE0R6Z01013,SRM,EQ,,,,,SRM CONTRACTORS LIMITED,464.65,477.45,458.10,460.05,458.45,462.35,,460.03,,,102399,47786565.65,3252,F1,1,,,,,
2026-09-07,2026-09-07,CM,NSE,STK,29205,INE0RYC01010,STALLION,BE,,,,,STALLION IND FLUOROCHEM L,207.00,208.99,201.60,202.64,202.42,206.68,,202.64,,,362233,73804052.09,3711,F1,1,,,,,
2026-09-07,2026-09-07,CM,NSE,STK,29075,INE0M4D01010,SETL,EQ,,,,,STANDARD ENGNG TCNLGY LTD,410.00,412.80,388.55,388.55,388.55,408.95,,388.56,,,1261874,502141168.75,22584,F1,1,,,,,
2026-09-07,2026-09-07,CM,NSE,STK,11297,INE173A01025,SIL,EQ,,,,,STANDARD INDUSTRIES LTD.,19.60,19.84,18.94,19.17,19.30,19.59,,19.16,,,49360,953334.23,345,F1,1,,,,,
2026-09-07,2026-09-07,CM,NSE,STK,24226,INE01A001028,STANLEY,EQ,,,,,STANLEY LIFESTYLES LTD,136.45,138.39,135.52,137.16,136.01,135.48,,137.15,,,68522,9394966.22,1508,F1,1,,,,,
2026-09-07,2026-09-07,CM,NSE,STK,21091,INE460H01021,STARCEMENT,EQ,,,,,STAR CEMENT LIMITED,191.00,195.04,188.61,194.40,194.60,190.19,,194.40,,,322246,62312230.49,7495,F1,1,,,,,
2026-09-07,2026-09-07,CM,NSE,STK,7083,INE575P01011,STARHEALTH,EQ,,,,,STAR HEALTH & AL INS CO L,552.85,574.00,546.95,565.95,573.95,557.35,,565.95,,,776080,430611654.95,34589,F1,1,,,,,
2026-09-07,2026-09-07,CM,NSE,STK,3291,INE733A01018,STARPAPER,EQ,,,,,STAR PAPER MILLS LTD,153.00,167.00,150.10,162.61,162.79,151.42,,162.58,,,113673,18477285.23,1518,F1,1,,,,,
2026-09-07,2026-09-07,CM,NSE,STK,9305,INE992I01013,STARTECK,EQ,,,,,STARTECK FINANCE LIMITED,248.05,254.25,245.25,247.20,251.25,249.25,,247.20,,,245,61126.75,71,F1,1,,,,,
2026-09-07,2026-09-07,CM,NSE,STK,3045,INE062A01020,SBIN,EQ,,,,,STATE BANK OF INDIA,1020.80,1021.70,1000.60,1005.90,1005.90,1016.10,,1005.90,,,10220001,10283099267.50,261914,F1,1,,,,,
2026-09-07,2026-09-07,CM,NSE,STK,2963,INE114A01011,SAIL,EQ,,,,,STEEL AUTHORITY OF INDIA,196.99,196.99,187.30,187.90,187.90,196.80,,187.90,,,32633382,6193390367.17,120565,F1,1,,,,,
2026-09-07,2026-09-07,CM,NSE,STK,10406,INE395H01011,STEELCITY,EQ,,,,,STEEL CITY SECURITIES LTD,87.00,87.00,84.40,84.99,85.00,85.55,,84.99,,,3037,258026.79,73,F1,1,,,,,
2026-09-07,2026-09-07,CM,NSE,STK,21339,INE503B01021,STEELXIND,EQ,,,,,STEEL EXCHANGE INDIA LTD,11.34,11.40,11.10,11.23,11.24,11.34,,11.23,,,1498999,16823443.65,2564,F1,1,,,,,
2026-09-07,2026-09-07,CM,NSE,STK,765170,INE205F01016,STLSTRINF,EQ,,,,,STEEL STRIPS INFRA L,19.55,22.78,18.12,19.07,18.86,19.55,,19.06,,,5513,110809.69,104,F1,1,,,,,
2026-09-07,2026-09-07,CM,NSE,STK,11829,INE802C01033,SSWL,EQ,,,,,STEEL STRIPS WHEELS LTD.,374.60,383.80,365.45,371.30,370.70,361.85,,371.30,,,2780026,1042334679.25,50516,F1,1,,,,,
2026-09-07,2026-09-07,CM,NSE,STK,6803,INE124E01038,STEELCAS,EQ,,,,,STEELCAST LIMITED,328.20,336.35,324.65,326.85,326.10,328.05,,326.80,,,65750,21741041.35,2596,F1,1,,,,,
2026-09-07,2026-09-07,CM,NSE,STK,21484,INE577L01016,STEL,EQ,,,,,STEL HOLDINGS LIMITED,590.00,609.95,590.00,596.70,596.10,607.90,,596.70,,,3622,2171525.45,365,F1,1,,,,,
2026-09-07,2026-09-07,CM,NSE,STK,6188,INE334A01023,STERTOOLS,BE,,,,,STERLING TOOLS LIMITED,219.40,223.50,217.55,219.53,220.00,221.31,,219.39,,,9708,2141064.66,294,F1,1,,,,,
2026-09-07,2026-09-07,CM,NSE,STK,9313,INE089C01029,STLTECH,BE,,,,,STERLITE TECHNOLOGIES LTD,786.30,786.30,786.30,786.30,786.30,748.90,,786.96,,,532828,418962656.40,2947,F1,1,,,,,
2026-09-07,2026-09-07,CM,NSE,STK,13367,INE353H01010,SGL,EQ,,,,,STL GLOBAL LIMITED,10.00,10.30,9.82,9.83,10.10,10.05,,9.83,,,3686,36806.51,58,F1,1,,,,,
2026-09-07,2026-09-07,CM,NSE,STK,758958,INE1VXE01018,STLNETWORK,EQ,,,,,STL NETWORKS LIMITED,29.51,30.31,29.50,30.31,30.31,28.87,,30.31,,,1989195,59917871.40,1963,F1,1,,,,,
2026-09-07,2026-09-07,CM,NSE,STK,2107,INE00IN01015,STOVEKRAFT,EQ,,,,,STOVE KRAFT LIMITED,836.50,867.50,832.20,849.25,855.00,832.55,,849.24,,,174466,148719558.50,9476,F1,1,,,,,
2026-09-07,2026-09-07,CM,NSE,STK,7374,INE939A01011,STAR,EQ,,,,,STRIDES PHARMA SCI LTD,1058.70,1187.60,1045.00,1178.80,1166.00,1059.60,,1178.78,,,2617272,3034138042.10,104221,F1,1,,,,,
2026-09-07,2026-09-07,CM,NSE,STK,12489,INE00M201021,SWSOLAR,EQ,,,,,STRLNG & WIL REN ENE LTD,187.20,188.00,184.50,185.13,185.00,186.23,,185.13,,,536948,99603338.78,8735,F1,1,,,,,
2026-09-07,2026-09-07,CM,NSE,STK,759587,INE00Q601028,STUDDS,EQ,,,,,STUDDS ACCESSORIES LTD,426.75,438.00,418.00,419.95,423.45,424.20,,420.05,,,80163,33828707.55,5121,F1,1,,,,,
2026-09-07,2026-09-07,CM,NSE,STK,758527,INE17VO01028,STUDIOLSD,SM,,,,,STUDIO LSD LIMITED,9.85,9.85,9.70,9.80,9.80,9.85,,9.80,,,16000,156500.00,7,F1,2000,,,,,
2026-09-07,2026-09-07,CM,NSE,STK,5186,INE239C01020,STYLAMIND,EQ,,,,,STYLAM INDUSTRIES LIMITED,3387.40,3445.80,3284.20,3370.70,3376.00,3387.40,,3370.73,,,48594,164348985.40,11569,F1,1,,,,,
2026-09-07,2026-09-07,CM,NSE,STK,19,INE189B01011,STYRENIX,EQ,,,,,STYRENIX PERFORMANCE LTD,2044.00,2091.00,2024.30,2063.70,2070.20,2043.20,,2063.59,,,57965,119415461.00,7095,F1,1,,,,,
2026-09-07,2026-09-07,CM,NSE,STK,760112,INE0RYR01018,SUBAHOTELS,SM,,,,,SUBA HOTELS LIMITED,98.30,98.95,93.00,98.50,98.50,98.30,,98.50,,,76800,7358880.00,63,F1,1200,,,,,
2026-09-07,2026-09-07,CM,NSE,STK,967,INE754A01055,SUBEXLTD,EQ,,,,,SUBEX LTD,17.61,17.62,16.60,16.74,16.71,17.28,,16.74,,,2594174,44041099.46,4379,F1,1,,,,,
2026-09-07,2026-09-07,CM,NSE,STK,3324,INE287B01021,SUBROS,EQ,,,,,SUBROS LIMITED,710.00,713.45,702.00,704.75,704.00,709.60,,704.80,,,25162,17822140.20,1668,F1,1,,,,,
2026-09-07,2026-09-07,CM,NSE,STK,3327,INE659A01023,SUDARSCHEM,EQ,,,,,SUDARSHAN CHEMICAL INDS L,1224.90,1265.00,1223.50,1239.80,1244.00,1222.80,,1239.84,,,222036,276699904.70,19467,F1,1,,,,,
2026-09-07,2026-09-07,CM,NSE,STK,715,INE492A01029,SUDARCOLOR,EQ,,,,,SUDARSHAN COLORNT IND LTD,384.10,396.95,382.15,386.80,385.50,383.45,,386.80,,,16386,6379058.25,936,F1,1,,,,,
2026-09-07,2026-09-07,CM,NSE,STK,760039,INE0QPI01025,SUDEEPPHRM,EQ,,,,,SUDEEP PHARMA LIMITED,1342.50,1378.00,1305.00,1323.30,1323.50,1329.30,,1323.41,,,208143,278088635.10,15486,F1,1,,,,,
2026-09-07,2026-09-07,CM,NSE,STK,11804,INE450E01029,SUKHJITS,EQ,,,,,SUKHJIT STARCH & CHEM LTD,160.60,163.86,157.75,160.55,161.00,157.86,,160.55,,,27049,4323544.19,397,F1,1,,,,,
2026-09-07,2026-09-07,CM,NSE,STK,13218,INE142Q01026,SULA,EQ,,,,,SULA VINEYARDS LIMITED,149.85,149.85,146.20,147.09,146.70,149.00,,147.09,,,139355,20564586.51,2707,F1,1,,,,,
2026-09-07,2026-09-07,CM,NSE,STK,765510,INE11Z001019,SUMAX,ST,,,,,SUMAX ENGINEERING LIMITED,102.20,111.80,101.20,111.40,111.80,106.50,,111.40,,,543600,59616960.00,313,F1,1200,,,,,
2026-09-07,2026-09-07,CM,NSE,STK,765175,INE886B01012,SUMEDHA,EQ,,,,,SUMEDHA FISCAL SERVICES L,39.40,39.70,38.00,39.70,39.70,39.01,,38.57,,,1206,46869.52,11,F1,1,,,,,
2026-09-07,2026-09-07,CM,NSE,STK,20790,INE235C01036,SUMEETINDS,EQ,,,,,SUMEET IND LIMITED,11.50,11.80,11.25,11.29,11.30,11.50,,11.29,,,1315064,15182215.30,2041,F1,1,,,,,
2026-09-07,2026-09-07,CM,NSE,STK,11140,INE748Z01013,SUMIT,EQ,,,,,SUMIT WOODS LIMITED,51.70,51.70,50.21,51.31,51.00,51.71,,51.31,,,14892,758427.50,580,F1,1,,,,,
2026-09-07,2026-09-07,CM,NSE,STK,17105,INE258G01013,SUMICHEM,EQ,,,,,SUMITOMO CHEM INDIA LTD,493.40,497.70,485.20,487.90,488.95,493.40,,487.91,,,96847,47598767.20,5634,F1,1,,,,,
2026-09-07,2026-09-07,CM,NSE,STK,21275,INE519C01017,SUMMITSEC,EQ,,,,,SUMMIT SECURITIES LTD,1429.00,1430.90,1411.00,1419.80,1415.20,1434.20,,1419.80,,,8351,11859659.60,235,F1,1,,,,,
2026-09-07,2026-09-07,CM,NSE,STK,14788,INE232I01014,SPARC,EQ,,,,,SUN PHARMA ADV.RES.CO.LTD,199.90,208.65,199.59,205.87,206.90,199.47,,205.88,,,1498275,307760701.86,22439,F1,1,,,,,
2026-09-07,2026-09-07,CM,NSE,STK,3351,INE044A01036,SUNPHARMA,EQ,,,,,SUN PHARMACEUTICAL IND L,1899.00,1907.80,1883.10,1895.00,1895.00,1899.00,,1895.03,,,1579345,2987028443.20,74767,F1,1,,,,,
2026-09-07,2026-09-07,CM,NSE,STK,13404,INE424H01027,SUNTV,EQ,,,,,SUN TV NETWORK LIMITED,470.95,470.95,451.50,452.85,452.90,470.90,,452.85,,,589224,269070830.10,26016,F1,1,,,,,
2026-09-07,2026-09-07,CM,NSE,STK,20956,INE0Q3R01026,SUNCLAY,EQ,,,,,SUNDARAM CLAYTON LIMITED,1310.90,1313.10,1262.70,1299.40,1295.00,1304.40,,1299.40,,,6938,8972939.30,942,F1,1,,,,,
2026-09-07,2026-09-07,CM,NSE,STK,3339,INE660A01013,SUNDARMFIN,EQ,,,,,SUNDARAM FINANCE LTD,4639.90,4732.80,4625.10,4708.30,4700.00,4648.70,,4708.38,,,49899,233286047.40,9463,F1,1,,,,,
2026-09-07,2026-09-07,CM,NSE,STK,18931,INE108E01023,SUNDARAM,EQ,,,,,SUNDARAM MULTI PAP LTD,1.23,1.24,1.20,1.20,1.21,1.23,,1.20,,,642010,776555.91,389,F1,1,,,,,
2026-09-07,2026-09-07,CM,NSE,STK,9848,INE073D01013,SUNDRMBRAK,BE,,,,,SUNDARAMBRAKE LININGS LTD,742.00,759.95,727.00,732.00,747.70,740.00,,732.00,,,374,276686.60,47,F1,1,,,,,
2026-09-07,2026-09-07,CM,NSE,STK,3345,INE387A01021,SUNDRMFAST,EQ,,,,,SUNDRAM FASTENERS LTD,1219.00,1224.80,1195.00,1200.50,1200.90,1212.30,,1200.54,,,61152,73732739.80,6529,F1,1,,,,,
2026-09-07,2026-09-07,CM,NSE,STK,761202,INE0CTB01014,SOCL,SM,,,,,SUNDREX OIL COMPANY LTD,29.50,29.50,28.95,28.95,28.95,29.50,,28.95,,,3200,93520.00,2,F1,1600,,,,,
2026-09-07,2026-09-07,CM,NSE,STK,1663,INE209A01019,SUNDROP,EQ,,,,,SUNDROP BRANDS LIMITED,664.35,664.35,653.00,659.45,657.00,662.50,,659.53,,,6385,4212041.85,457,F1,1,,,,,
2026-09-07,2026-09-07,CM,NSE,STK,3348,INE947A01014,SUNFLAG,EQ,,,,,SUNFLAG IRON AND STEEL CO,343.70,345.45,337.05,338.40,339.00,343.70,,338.39,,,120395,40843064.15,2790,F1,1,,,,,
2026-09-07,2026-09-07,CM,NSE,STK,18264,INE0O3O01017,SEL,SM,,,,,SUNGARNER ENERGIES LTD,327.50,332.85,325.00,332.85,332.85,317.95,,332.85,,,6800,2256340.00,28,F1,200,,,,,
2026-09-07,2026-09-07,CM,NSE,STK,765180,INE671C01016,SUNLOC,EQ,,,,,SUNIL HEALTHCARE LTD.,79.98,79.98,79.98,79.98,79.98,79.98,,79.98,,,8,639.84,3,F1,1,,,,,
2026-09-07,2026-09-07,CM,NSE,STK,24868,INE0U2N01013,SUNLITE,SM,,,,,SUNLITE RECYCLING IND LTD,525.05,540.00,516.00,536.80,539.70,542.50,,536.80,,,24600,13018200.00,75,F1,300,,,,,
2026-09-07,2026-09-07,CM,NSE,STK,764925,INE671K01027,SUNRAKSHAK,EQ,,,,,SUNRAKSHAKK INDUS IND L,366.05,375.00,366.05,370.15,368.20,369.55,,370.00,,,8109,3010439.40,250,F1,1,,,,,
2026-09-07,2026-09-07,CM,NSE,STK,764930,INE199E01014,SUNSHIEL,EQ,,,,,SUNSHIELD CHEMICALS LTD.,1175.00,1275.00,1155.00,1268.60,1270.00,1144.90,,1268.53,,,13356,16653335.50,1204,F1,1,,,,,
2026-09-07,2026-09-07,CM,NSE,STK,765387,INE1B3O01011,SUNSHINE,EQ,,,,,SUNSHINE PICTURES LIMITED,444.90,492.90,444.90,486.30,489.15,441.45,,486.28,,,3585788,1719135942.85,56343,F1,1,,,,,
2026-09-07,2026-09-07,CM,NSE,STK,757763,INE0SGZ01016,SUNTECH,SM,,,,,SUNTECH INFRA SOLUTIONS L,39.15,39.15,39.15,39.15,39.15,40.05,,39.15,,,1600,62640.00,1,F1,1600,,,,,
2026-09-07,2026-09-07,CM,NSE,STK,17641,INE805D01034,SUNTECK,EQ,,,,,SUNTECK REALTY LIMITED,299.50,300.10,293.00,294.00,294.60,299.50,,293.99,,,112311,33165398.00,3446,F1,1,,,,,
2026-09-07,2026-09-07,CM,NSE,STK,8931,INE662A01027,SUPERSPIN,BE,,,,,SUPER SPINNING MILLS LTD,6.95,7.29,6.65,6.99,7.00,6.95,,6.99,,,110736,786878.65,108,F1,1,,,,,
2026-09-07,2026-09-07,CM,NSE,STK,764938,INE460D01038,SUPTANERY,BE,,,,,SUPER TANNERY LTD.,12.59,12.59,12.59,12.59,12.59,13.25,,12.59,,,37276,469304.84,285,F1,1,,,,,
2026-09-07,2026-09-07,CM,NSE,STK,20616,INE712B01010,SUPERHOUSE,EQ,,,,,SUPERHOUSE LIMITED,168.01,172.30,166.00,170.62,172.30,169.23,,170.66,,,3532,594357.03,88,F1,1,,,,,
2026-09-07,2026-09-07,CM,NSE,STK,3147,INE843L01012,SIEL,EQ,,,,,SUPERIOR INDUSTRIAL ENT L,31.90,32.99,30.42,30.79,30.42,31.90,,30.79,,,121,3793.35,11,F1,1,,,,,
2026-09-07,2026-09-07,CM,NSE,STK,11689,INE399C01030,SUPRAJIT,EQ,,,,,SUPRAJIT ENGINEERING LTD,479.00,482.00,470.15,473.20,474.60,479.45,,473.20,,,47325,22503778.20,5682,F1,1,,,,,
2026-09-07,2026-09-07,CM,NSE,STK,758997,INE319Z01021,SUPREMEENG,BZ,,,,,SUPREME ENGINEERING LTD,3.09,3.09,3.09,3.09,3.09,3.03,,3.09,,,288648,891922.32,99,F1,1,,,,,
2026-09-07,2026-09-07,CM,NSE,STK,28069,INE0U6N01014,SFML,SM,,,,,SUPREME FACILITY MGMT LTD,22.00,22.35,21.30,21.30,21.30,21.50,,21.30,,,8000,176560.00,3,F1,1600,,,,,
2026-09-07,2026-09-07,CM,NSE,STK,29439,INE822E01011,SUPREME,EQ,,,,,SUPREME HOLDIN N HOSP I L,37.51,37.69,36.00,37.41,37.50,36.27,,37.49,,,11414,420207.26,161,F1,1,,,,,
2026-09-07,2026-09-07,CM,NSE,STK,3363,INE195A01028,SUPREMEIND,EQ,,,,,SUPREME INDUSTRIES LTD,3475.00,3603.10,3470.10,3598.00,3598.00,3475.00,,3598.00,,,370941,1325921143.40,32719,F1,1,,,,,
2026-09-07,2026-09-07,CM,NSE,STK,15002,INE550H01011,SUPREMEINF,EQ,,,,,SUPREME INFRA. LTD.,84.12,87.00,82.50,85.77,86.13,83.42,,85.77,,,59001,5013336.91,1330,F1,1,,,,,
2026-09-07,2026-09-07,CM,NSE,STK,9617,INE663A01033,SPLPETRO,EQ,,,,,SUPREME PETROCHEM LIMITED,774.90,805.00,771.05,802.50,804.80,771.05,,802.50,,,863737,687325296.10,32491,F1,1,,,,,
2026-09-07,2026-09-07,CM,NSE,STK,21067,INE0QHG01026,SUPREMEPWR,SM,,,,,SUPREME POWER EQUIPMENT L,234.00,238.90,229.00,233.85,233.00,222.60,,233.85,,,113000,26382175.00,189,F1,500,,,,,
2026-09-07,2026-09-07,CM,NSE,STK,7390,INE07RO01027,SUPRIYA,EQ,,,,,SUPRIYA LIFESCIENCE LTD,869.90,923.00,864.00,909.10,913.00,852.85,,909.15,,,1225649,1107292575.45,52437,F1,1,,,,,
2026-09-07,2026-09-07,CM,NSE,STK,20822,INE843S01025,SURAJEST,EQ,,,,,SURAJ ESTATE DEVELOPERS L,178.28,181.39,175.00,176.09,176.90,178.25,,176.09,,,310830,54701382.33,2241,F1,1,,,,,
2026-09-07,2026-09-07,CM,NSE,STK,24966,INE713C01016,SURAJLTD,EQ,,,,,SURAJ LIMITED,202.01,205.80,198.45,200.00,200.00,201.79,,200.00,,,8352,1671791.26,49,F1,1,,,,,
2026-09-07,2026-09-07,CM,NSE,STK,27334,INE877V01027,SURAKSHA,EQ,,,,,SURAKSHA DIAGNOSTIC LTD,330.55,345.00,328.95,338.90,339.00,332.45,,338.92,,,102949,34692344.95,2981,F1,1,,,,,
2026-09-07,2026-09-07,CM,NSE,STK,21077,INE272L01022,SURANASOL,EQ,,,,,SURANA SOLAR LIMITED,26.11,26.32,25.52,25.86,25.93,26.11,,25.86,,,70035,1818126.40,502,F1,1,,,,,
2026-09-07,2026-09-07,CM,NSE,STK,10700,INE130B01031,SURANAT&P,EQ,,,,,SURANA TELECOM AND POW LT,16.27,16.90,16.20,16.43,16.36,16.57,,16.43,,,100451,1661174.19,472,F1,1,,,,,
2026-09-07,2026-09-07,CM,NSE,STK,8513,INE01ZJ01015,SURANI,SM,,,,,SURANI STEEL TUBES LTD.,96.00,96.00,96.00,96.00,96.00,99.70,,96.00,,,1000,96000.00,4,F1,200,,,,,
2026-09-07,2026-09-07,CM,NSE,STK,14139,INE05ST01028,SBGLP,EQ,,,,,SURATWWALA BUS GROUP LTD,23.97,25.59,23.36,23.81,23.80,23.96,,23.79,,,12002,293945.45,148,F1,1,,,,,
2026-09-07,2026-09-07,CM,NSE,STK,3375,INE335A01020,SURYAROSNI,EQ,,,,,SURYA ROSHNI LTD,216.35,218.19,215.00,215.81,216.00,216.49,,215.83,,,500001,108015638.80,15424,F1,1,,,,,
2026-09-07,2026-09-07,CM,NSE,STK,11852,INE713B01026,SURYALAXMI,EQ,,,,,SURYALAKSHMI COT MIL LTD,61.00,61.00,58.55,58.85,58.75,60.79,,60.43,,,4203,250935.31,73,F1,1,,,,,
2026-09-07,2026-09-07,CM,NSE,STK,762924,INE132C01027,SURYALA,EQ,,,,,SURYALATA SPINNING MILL L,411.00,424.95,408.00,421.40,423.00,411.85,,421.40,,,2187,919823.60,53,F1,1,,,,,
2026-09-07,2026-09-07,CM,NSE,STK,2970,INE428Q01011,SURYODAY,EQ,,,,,SURYODAY SMALL FIN BK LTD,152.97,153.12,150.73,152.21,153.00,152.07,,152.21,,,203120,30862399.64,3807,F1,1,,,,,
2026-09-07,2026-09-07,CM,NSE,STK,21321,INE0R8O23017,SEITINVIT,IV,,,,,SUSTAINABLE ENERGY INFRA,122.00,122.00,122.00,122.00,122.00,122.00,,122.00,,,1000000,122000000.00,17,F1,25000,,,,,
2026-09-07,2026-09-07,CM,NSE,STK,13804,INE645H01027,SUTLEJTEX,BE,,,,,SUTLEJ TEXT & INDUS LTD,42.49,42.93,40.65,40.75,40.85,40.89,,40.75,,,68622,2884984.47,262,F1,1,,,,,
2026-09-07,2026-09-07,CM,NSE,STK,11233,INE495B01038,SUVEN,EQ,,,,,SUVEN LIFE SCIENCES LTD,378.70,395.40,376.10,377.15,377.20,378.00,,377.13,,,862473,330994272.50,27077,F1,1,,,,,
2026-09-07,2026-09-07,CM,NSE,STK,2998,INE018401013,SUVIDHAA,EQ,,,,,SUVIDHAA INFOSERVE LTD,2.44,2.56,2.13,2.21,2.25,2.42,,2.21,,,382018,903076.87,666,F1,1,,,,,
2026-09-07,2026-09-07,CM,NSE,STK,24851,INE442P01014,SUYOG,EQ,,,,,SUYOG TELEMATICS LIMITED,723.60,739.60,711.30,718.50,724.00,731.20,,718.51,,,60317,43756112.00,2364,F1,1,,,,,
2026-09-07,2026-09-07,CM,NSE,STK,12018,INE040H01021,SUZLON,EQ,,,,,SUZLON ENERGY LIMITED,45.41,45.55,44.85,45.55,45.55,45.35,,45.55,,,28911783,1309994183.82,58409,F1,1,,,,,
2026-09-07,2026-09-07,CM,NSE,STK,5020,INE308E01029,SVPGLOB,EQ,,,,,SVP GLOBAL TEXTILES LTD,3.72,3.78,3.59,3.60,3.59,3.65,,3.60,,,25956,94206.76,71,F1,1,,,,,
2026-09-07,2026-09-07,CM,NSE,STK,27095,INE665A01038,SWANCORP,EQ,,,,,SWAN CORP LIMITED,280.50,283.85,273.90,278.10,280.00,281.50,,278.11,,,1155945,322597567.75,18340,F1,1,,,,,
2026-09-07,2026-09-07,CM,NSE,STK,29164,INE542F01020,SWANDEF,BE,,,,,SWAN DEFENCE N HEVY IND L,2501.40,2520.20,2420.20,2496.00,2499.00,2520.20,,2495.62,,,25333,62890657.10,1001,F1,1,,,,,
2026-09-07,2026-09-07,CM,NSE,STK,3384,INE277A01016,SWARAJENG,EQ,,,,,SWARAJ ENGINES LTD,3629.00,3699.00,3593.30,3648.00,3625.10,3557.80,,3647.99,,,28465,103754234.90,4918,F1,1,,,,,
2026-09-07,2026-09-07,CM,NSE,STK,764496,INE0GMR01016,SWARAJ,BE,,,,,SWARAJ SUITING LIMITED,360.00,363.70,353.20,355.35,358.00,357.35,,356.67,,,66377,23636865.35,437,F1,1,,,,,
2026-09-07,2026-09-07,CM,NSE,STK,765185,INE967A01012,SWARNSAR,EQ,,,,,SWARNSARITA JEWELS IND L,36.50,39.25,35.10,37.58,38.20,35.25,,37.57,,,82042,3100266.29,600,F1,1,,,,,
2026-09-07,2026-09-07,CM,NSE,STK,11909,INE409B01013,SWELECTES,EQ,,,,,SWELECT ENERGY SYS LTD,574.00,589.90,547.05,572.35,589.00,572.50,,572.23,,,122811,69298878.00,4158,F1,1,,,,,
2026-09-07,2026-09-07,CM,NSE,STK,27066,INE00H001014,SWIGGY,EQ,,,,,SWIGGY LIMITED,277.70,280.50,274.65,276.45,276.45,276.10,,276.45,,,23743792,6594257659.65,103849,F1,1,,,,,
2026-09-07,2026-09-07,CM,NSE,STK,765193,INE010C01025,SWISSMLTRY,BE,,,,,SWISS MILITARY CON GOOD L,15.46,15.79,15.02,15.18,15.40,15.59,,15.19,,,75964,1160567.76,262,F1,1,,,,,
2026-09-07,2026-09-07,CM,NSE,STK,765485,INE899I01028,SYMBIOTEC,EQ,,,,,SYMBIOTEC PHARMALAB LTD,1068.00,1141.00,1068.00,1098.70,1102.75,1078.25,,1098.78,,,3088018,3447943560.90,125611,F1,1,,,,,
2026-09-07,2026-09-07,CM,NSE,STK,24190,INE225D01027,SYMPHONY,EQ,,,,,SYMPHONY LIMITED,592.90,593.45,570.00,573.40,572.50,580.35,,573.46,,,58826,34255951.25,4495,F1,1,,,,,
2026-09-07,2026-09-07,CM,NSE,STK,11992,INE312C01025,SYNCOMF,EQ,,,,,SYNCOM FORMU (I) LTD,20.08,20.57,19.73,20.27,20.30,20.58,,20.27,,,11295960,227418364.28,23285,F1,1,,,,,
2026-09-07,2026-09-07,CM,NSE,STK,5114,INE00QT01015,SGIL,EQ,,,,,SYNERGY GREEN IND. LTD,610.00,610.00,600.00,600.85,601.95,606.20,,600.85,,,3866,2324518.90,172,F1,1,,,,,
2026-09-07,2026-09-07,CM,NSE,STK,10243,INE398R01022,SYNGENE,EQ,,,,,SYNGENE INTERNATIONAL LTD,395.00,396.30,387.25,389.30,388.00,395.60,,389.31,,,444340,173321224.55,14939,F1,1,,,,,
2026-09-07,2026-09-07,CM,NSE,STK,17206,INE0BTR01012,SYNOPTICS,ST,,,,,SYNOPTICS TECHNOLOGIES L,49.35,49.35,49.35,49.35,49.35,49.35,,49.35,,,600,29610.00,1,F1,600,,,,,
2026-09-07,2026-09-07,CM,NSE,STK,10793,INE0DYJ01015,SYRMA,EQ,,,,,SYRMA SGS TECHNOLOGY LTD,1458.50,1645.00,1458.30,1634.80,1627.00,1457.30,,1634.78,,,13079561,20825271470.10,354310,F1,1,,,,,
2026-09-07,2026-09-07,CM,NSE,STK,14506,INE0O7R01011,SYSTANGO,SM,,,,,SYSTANGO TECHNOLOGIES LTD,223.20,227.00,222.00,226.00,226.00,225.25,,226.00,,,15200,3415640.00,24,F1,400,,,,,
2026-09-07,2026-09-07,CM,NSE,STK,759358,INE356B01024,SYSTMTXC,BE,,,,,SYSTEMATIX CORP SERVICE L,62.40,63.24,62.40,63.24,63.24,60.23,,64.14,,,10694,676287.72,34,F1,1,,,,,
2026-09-07,2026-09-07,CM,NSE,STK,764955,INE284B01028,TGVSL,EQ,,,,,T G V SRAAC LTD.,111.56,114.00,109.98,110.52,110.20,109.98,,110.51,,,366176,41094505.12,2998,F1,1,,,,,
2026-09-07,2026-09-07,CM,NSE,STK,14314,INE592B01024,TTL,EQ,,,,,T T LIMITED,6.69,6.89,6.65,6.74,6.80,6.81,,6.73,,,143018,962301.59,237,F1,1,,,,,
2026-09-07,2026-09-07,CM,NSE,STK,762929,INE524T01011,TAALTECH,EQ,,,,,TAAL TECH LTD.,4548.00,4574.80,4400.00,4439.10,4400.00,4502.20,,4439.16,,,8803,39473637.60,1245,F1,1,,,,,
2026-09-07,2026-09-07,CM,NSE,STK,23441,INE0SOY01013,TAC,ST,,,,,TAC INFOSEC LIMITED,434.90,434.90,420.50,425.20,428.45,433.35,,425.20,,,28800,12270960.00,120,F1,200,,,,,
2026-09-07,2026-09-07,CM,NSE,STK,3396,INE123C01018,TAINWALCHM,EQ,,,,,TAINWALA CHEMICAL AND PLA,216.83,216.83,206.35,208.48,208.05,213.71,,208.48,,,4163,879469.55,154,F1,1,,,,,
2026-09-07,2026-09-07,CM,NSE,STK,9354,INE586B01026,TAJGVK,EQ,,,,,TAJ GVK HOTELS & RESORTS,332.05,339.00,328.10,329.20,329.40,332.55,,329.03,,,66810,22181306.65,2166,F1,1,,,,,
2026-09-07,2026-09-07,CM,NSE,STK,14917,INE142I01023,TAKE,EQ,,,,,TAKE LIMITED,14.51,14.51,14.51,14.51,14.51,13.82,,14.51,,,225946,3278476.46,96,F1,1,,,,,
2026-09-07,2026-09-07,CM,NSE,STK,13648,INE187D01029,TALBROAUTO,EQ,,,,,TALBROS AUTO. COMP. LTD,416.00,441.85,411.85,431.80,430.95,407.75,,431.80,,,1798087,775924624.05,37129,F1,1,,,,,
2026-09-07,2026-09-07,CM,NSE,STK,762937,INE864J01012,TAMBOLIIN,BE,,,,,TAMBOLI INDUSTRIES LTD.,263.30,265.10,258.05,259.15,259.00,259.70,,259.15,,,4182,1088807.65,50,F1,1,,,,,
2026-09-07,2026-09-07,CM,NSE,STK,10945,INE668A01016,TMB,EQ,,,,,TAMILNAD MERCA BANK LTD,942.90,954.20,930.15,936.45,934.85,932.45,,936.47,,,148519,139831007.15,13433,F1,1,,,,,
2026-09-07,2026-09-07,CM,NSE,STK,3980,INE107A01015,TNPL,EQ,,,,,TAMILNADU NEWSPRT & PAPER,156.01,166.00,154.31,159.50,159.99,155.75,,159.50,,,2376677,382423575.33,26267,F1,1,,,,,
2026-09-07,2026-09-07,CM,NSE,STK,3509,INE148A01019,TNPETRO,EQ,,,,,TAMILNADU PETROPRODUCTS L,134.00,135.50,130.77,131.73,131.20,132.70,,131.73,,,701145,93190076.33,7345,F1,1,,,,,
2026-09-07,2026-09-07,CM,NSE,STK,3512,INE141D01018,TNTELE,EQ,,,,,TAMILNADU TELECOMMUNICATI,8.99,9.13,8.88,8.97,8.99,8.88,,8.97,,,18897,169772.02,112,F1,1,,,,,
2026-09-07,2026-09-07,CM,NSE,STK,764945,INE692C01020,TANAA,EQ,,,,,TANEJA AEROSPACE & AVIA L,284.00,285.90,280.00,282.00,284.90,282.15,,282.12,,,7571,2147196.85,357,F1,1,,,,,
2026-09-07,2026-09-07,CM,NSE,STK,756338,INE0Z7N01017,TANKUP,ST,,,,,TANKUP ENGINEERS LIMITED,1615.00,1615.00,1566.05,1566.05,1566.05,1598.00,,1566.05,,,1250,1982762.50,5,F1,250,,,,,
2026-09-07,2026-09-07,CM,NSE,STK,13976,INE483C01032,TANLA,EQ,,,,,TANLA PLATFORMS LIMITED,523.15,523.15,512.30,520.20,521.00,521.15,,520.20,,,317979,164443799.95,13004,F1,1,,,,,
2026-09-07,2026-09-07,CM,NSE,STK,23512,INE555Z01020,TARACHAND,EQ,,,,,TARA CHAND INFRA SOLN LTD,49.38,49.38,47.10,47.43,47.50,48.78,,47.43,,,45282,2159314.04,1385,F1,1,,,,,
2026-09-07,2026-09-07,CM,NSE,STK,18827,INE747K01017,TARAPUR,EQ,,,,,TARAPUR TRANSFORMERS LTD,13.03,13.50,12.51,12.71,12.93,13.03,,12.64,,,70228,914345.68,288,F1,1,,,,,
2026-09-07,2026-09-07,CM,NSE,STK,1581,INE0EK901012,TARC,EQ,,,,,TARC LIMITED,128.81,135.68,126.55,134.90,134.74,126.99,,134.89,,,2061276,274565970.14,19678,F1,1,,,,,
2026-09-07,2026-09-07,CM,NSE,STK,14771,INE924H01018,TARMAT,EQ,,,,,TARMAT LIMITED,61.53,62.89,60.00,61.91,61.76,61.23,,61.93,,,47182,2912739.19,1185,F1,1,,,,,
2026-09-07,2026-09-07,CM,NSE,STK,6943,INE144Z01023,TARSONS,EQ,,,,,TARSONS PRODUCTS LIMITED,336.00,336.00,327.00,328.55,328.80,335.55,,328.56,,,80073,26480193.45,2059,F1,1,,,,,
2026-09-07,2026-09-07,CM,NSE,STK,20092,INE488B01017,TASTYBITE,EQ,,,,,TASTY BITE EATABLES LTD,9902.00,10008.00,9603.00,9901.00,9810.00,9982.00,,9900.90,,,7569,74363866.00,1717,F1,1,,,,,
2026-09-07,2026-09-07,CM,NSE,STK,759265,INE976I01016,TATACAP,EQ,,,,,TATA CAPITAL LIMITED,375.05,375.05,365.15,369.95,369.10,375.05,,369.39,,,934265,344373865.80,55403,F1,1,,,,,
2026-09-07,2026-09-07,CM,NSE,STK,3405,INE092A01019,TATACHEM,EQ,,,,,TATA CHEMICALS LTD,625.00,627.15,611.10,613.35,612.00,625.10,,613.38,,,501210,308723183.20,16067,F1,1,,,,,
2026-09-07,2026-09-07,CM,NSE,STK,3721,INE151A01013,TATACOMM,EQ,,,,,TATA COMMUNICATIONS LTD,1754.10,1754.10,1725.00,1738.50,1740.00,1756.10,,1738.53,,,185621,322535927.20,32068,F1,1,,,,,
2026-09-07,2026-09-07,CM,NSE,STK,11536,INE467B01029,TCS,EQ,,,,,TATA CONSULTANCY SERV LT,2290.10,2299.90,2260.10,2270.00,2270.00,2304.00,,2270.00,,,2297551,5223048792.00,70867,F1,1,,,,,
2026-09-07,2026-09-07,CM,NSE,STK,3432,INE192A01025,TATACONSUM,EQ,,,,,TATA CONSUMER PRODUCT LTD,1014.00,1019.90,1004.00,1015.00,1015.00,1010.00,,1015.00,,,1368015,1387502291.20,73407,F1,1,,,,,
2026-09-07,2026-09-07,CM,NSE,STK,3411,INE670A01012,TATAELXSI,EQ,,,,,TATA ELXSI LIMITED,3547.60,3547.90,3475.00,3497.00,3497.00,3558.00,,3496.97,,,161685,565949840.20,19959,F1,1,,,,,
2026-09-07,2026-09-07,CM,NSE,STK,1621,INE672A01026,TATAINVEST,EQ,,,,,TATA INVESTMENT CORP LTD,629.15,631.55,625.75,627.80,627.50,633.70,,627.78,,,94363,59244809.00,9252,F1,1,,,,,
2026-09-07,2026-09-07,CM,NSE,STK,759782,INE1TAE01010,TMCV,EQ,,,,,TATA MOTORS LIMITED,459.00,461.90,454.15,459.65,460.00,458.20,,459.63,,,4403689,2015879115.15,68880,F1,1,,,,,
2026-09-07,2026-09-07,CM,NSE,STK,3456,INE155A01022,TMPV,EQ,,,,,TATA MOTORS PASS VEH LTD,311.50,312.00,307.00,307.00,307.00,311.50,,307.01,,,6493351,2003612682.50,75154,F1,1,,,,,
2026-09-07,2026-09-07,CM,NSE,STK,3426,INE245A01021,TATAPOWER,EQ,,,,,TATA POWER CO LTD,366.90,369.80,363.00,365.70,365.70,368.00,,365.66,,,4849767,1768386039.85,44553,F1,1,,,,,
2026-09-07,2026-09-07,CM,NSE,STK,3499,INE081A01020,TATASTEEL,EQ,,,,,TATA STEEL LIMITED,189.00,190.24,184.37,185.61,185.61,188.79,,185.61,,,23695657,4397145357.16,118633,F1,1,,,,,
2026-09-07,2026-09-07,CM,NSE,STK,20293,INE142M01025,TATATECH,EQ,,,,,TATA TECHNOLOGIES LIMITED,798.10,799.65,778.25,785.10,787.00,800.00,,785.05,,,774063,610791710.20,33749,F1,1,,,,,
2026-09-07,2026-09-07,CM,NSE,STK,8954,INE517B01013,TTML,EQ,,,,,TATA TELESERV(MAHARASTRA),37.74,38.09,36.60,37.35,37.35,37.74,,37.34,,,1329750,49925074.35,6612,F1,1,,,,,
2026-09-07,2026-09-07,CM,NSE,STK,7838,INF277K015R5,NETF,EQ,,,,,TATAAML - NETF,254.86,261.90,254.86,258.45,260.10,261.40,,258.46,,,5018,1303575.22,227,F1,1,,,,,
2026-09-07,2026-09-07,CM,NSE,STK,12978,INF277K010X4,NPBET,EQ,,,,,TATAAML - NPBET,290.32,290.32,287.00,287.34,287.00,290.32,,287.34,,,655,188665.79,51,F1,1,,,,,
2026-09-07,2026-09-07,CM,NSE,STK,8882,INF277KA1364,TNIDETF,EQ,,,,,TATAAML - TNIDETF,89.15,91.99,89.15,89.81,89.83,90.94,,89.81,,,83031,7457797.67,749,F1,1,,,,,
2026-09-07,2026-09-07,CM,NSE,STK,21401,INF277KA1976,TATAGOLD,EQ,,,,,TATAAML-TATAGOLD,14.87,14.87,14.67,14.76,14.77,14.94,,14.76,,,57797478,851182880.71,108504,F1,1,,,,,
2026-09-07,2026-09-07,CM,NSE,STK,21428,INF277KA1984,TATSILV,EQ,,,,,TATAAML-TATSILV,22.54,22.54,22.18,22.31,22.35,22.62,,22.31,,,26564982,592138364.99,60244,F1,1,,,,,
2026-09-07,2026-09-07,CM,NSE,STK,5162,INE0GK401011,TATVA,EQ,,,,,TATVA CHIN PHARM CHEM LTD,1700.00,1721.20,1646.70,1695.80,1698.00,1678.50,,1695.86,,,88807,149697858.90,9999,F1,1,,,,,
2026-09-07,2026-09-07,CM,NSE,STK,759759,INE0XWS01018,TAURIAN,ST,,,,,TAURIAN MPS LIMITED,472.10,491.95,469.30,470.10,469.30,494.00,,470.10,,,36800,17415120.00,45,F1,800,,,,,
2026-09-07,2026-09-07,CM,NSE,STK,11754,INE053F07835,753IRFC30,NJ,,,,,TAX FREE  7.53% SR. 103 A,1134.13,1137.00,1134.13,1136.97,1137.00,1137.00,,1136.98,,,2000,2273920.90,8,F1,1,,,,,
2026-09-07,2026-09-07,CM,NSE,STK,15168,INE053F07900,764IRFC31,NO,,,,,TAX FREE  7.64% SR. 108A,1145.10,1150.00,1144.05,1144.70,1144.70,1143.55,,1149.35,,,609,696949.45,5,F1,1,,,,,
2026-09-07,2026-09-07,CM,NSE,STK,14529,INE906B07EP5,769NHAI31,NE,,,,,TAX FREE 7.69% SR. IIB,1157.90,1158.00,1157.90,1158.00,1158.00,1153.00,,1158.00,,,300,347375.00,18,F1,1,,,,,
2026-09-07,2026-09-07,CM,NSE,STK,12003,INE906B07EJ8,76NHAI31,NA,,,,,TAX FREE7.60% SR.IIB,1110.00,1113.99,1107.00,1107.17,1113.99,1110.10,,1107.17,,,528,584981.12,21,F1,1,,,,,
2026-09-07,2026-09-07,CM,NSE,STK,29111,INE020B07GX4,738REC27TF,N2,,,,,TAXFREE SEC NCD TR1 S2,1072.05,1075.00,1070.00,1075.00,1075.00,1075.00,,1075.00,,,285,306127.05,7,F1,1,,,,,
2026-09-07,2026-09-07,CM,NSE,STK,24019,INE0N2D01013,TBI,SM,,,,,TBI CORN LIMITED,73.55,73.65,69.70,71.35,71.85,73.55,,71.35,,,61800,4400430.00,65,F1,600,,,,,
2026-09-07,2026-09-07,CM,NSE,STK,23740,INE673O01025,TBOTEK,EQ,,,,,TBO TEK LIMITED,1684.00,1719.90,1672.00,1705.40,1702.90,1688.90,,1705.43,,,172047,293332456.20,5094,F1,1,,,,,
2026-09-07,2026-09-07,CM,NSE,STK,761814,INE887D01024,TCC,EQ,,,,,TCC CONCEPT LIMITED,44.00,44.47,40.50,41.08,41.24,44.10,,41.07,,,580938,24164808.40,5090,F1,1,,,,,
2026-09-07,2026-09-07,CM,NSE,STK,19223,INE586V01016,TCIEXP,EQ,,,,,TCI EXPRESS LIMITED,551.00,569.95,542.20,549.10,552.00,552.90,,549.08,,,55023,30502671.40,2302,F1,1,,,,,
2026-09-07,2026-09-07,CM,NSE,STK,8722,INE911B01018,TCIFINANCE,BE,,,,,TCIFINANCELTD-ROLL SETT,15.09,15.20,14.70,15.20,15.20,15.10,,15.20,,,4600,69176.58,48,F1,1,,,,,
2026-09-07,2026-09-07,CM,NSE,STK,184,INE822C01015,TCPLPACK,EQ,,,,,TCPL PACKAGING LIMITED,4140.00,4140.00,3800.00,3862.40,3851.00,4091.90,,3862.48,,,34746,136632442.70,7984,F1,1,,,,,
2026-09-07,2026-09-07,CM,NSE,STK,25178,INE419M01035,TDPOWERSYS,EQ,,,,,TD POWER SYSTEMS LTD.,740.00,754.70,728.10,734.15,739.20,740.10,,734.18,,,925420,683805549.90,39164,F1,1,,,,,
2026-09-07,2026-09-07,CM,NSE,STK,10717,INE289C01025,TEAMGTY,EQ,,,,,TEAM INDIA GUARANTY LTD,243.60,243.60,235.00,235.03,235.00,235.29,,235.07,,,661,155443.31,18,F1,1,,,,,
2026-09-07,2026-09-07,CM,NSE,STK,12716,INE985S01024,TEAMLEASE,EQ,,,,,TEAMLEASE SERVICES LTD.,1285.00,1309.20,1261.10,1279.20,1275.00,1250.60,,1279.13,,,36478,47006739.30,4804,F1,1,,,,,
2026-09-07,2026-09-07,CM,NSE,STK,17000,INE065J01024,TPHQ,BE,,,,,TEAMO PRODUCTIONS HQ LTD,0.55,0.57,0.53,0.53,0.54,0.55,,0.53,,,819959,447265.83,428,F1,1,,,,,
2026-09-07,2026-09-07,CM,NSE,STK,763571,INE2OL601013,TEAMTECH,ST,,,,,TEAMTECH FORMWORK SOL LTD,137.25,137.25,137.05,137.05,137.05,137.00,,137.05,,,16000,2194600.00,6,F1,2000,,,,,
2026-09-07,2026-09-07,CM,NSE,STK,13538,INE669C01036,TECHM,EQ,,,,,TECH MAHINDRA LIMITED,1575.10,1593.60,1545.30,1564.00,1564.00,1596.90,,1564.00,,,2028588,3161905917.50,50380,F1,1,,,,,
2026-09-07,2026-09-07,CM,NSE,STK,759138,INE0Y5H01014,TECHD,SM,,,,,TECHD CYBERSECURITY LTD,535.00,538.00,519.00,523.15,522.10,533.55,,523.15,,,19200,10071375.00,59,F1,300,,,,,
2026-09-07,2026-09-07,CM,NSE,STK,25652,INE0JQS01019,TECHERA,SM,,,,,TECHERA ENGINEER (IND) L,160.90,162.85,157.00,158.75,158.50,160.90,,158.75,,,48000,7635000.00,59,F1,800,,,,,
2026-09-07,2026-09-07,CM,NSE,STK,6445,INE285K01026,TECHNOE,EQ,,,,,TECHNO ELEC & ENG CO. LTD,983.00,986.75,957.25,962.50,962.50,979.50,,960.22,,,129751,125198508.15,10042,F1,1,,,,,
2026-09-07,2026-09-07,CM,NSE,STK,14223,INE545H01011,TIIL,EQ,,,,,TECHNOCRAFT IND LTD,3194.00,3262.80,3137.60,3166.40,3174.00,3194.60,,3165.75,,,20927,66860358.90,4449,F1,1,,,,,
2026-09-07,2026-09-07,CM,NSE,STK,764532,INE1D0W01018,TECHNOCRAF,EQ,,,,,TECHNOCRAFT VENTURES LTD,365.00,397.40,363.10,388.95,389.90,366.10,,388.98,,,2343237,906288554.20,35880,F1,1,,,,,
2026-09-07,2026-09-07,CM,NSE,STK,762939,INE314H01012,TECHNVISN,EQ,,,,,TECHNVISION VENTURES LTD.,4917.50,4918.50,4710.50,4792.50,4770.50,4917.50,,4787.05,,,537,2578814.00,156,F1,1,,,,,
2026-09-07,2026-09-07,CM,NSE,STK,3453,INE014B01011,TECILCHEM,EQ,,,,,TECIL CHEMICALS,9.72,10.17,9.40,9.50,9.50,9.72,,9.50,,,13279,126796.10,47,F1,1,,,,,
2026-09-07,2026-09-07,CM,NSE,STK,23530,INE0K6601012,TGL,ST,,,,,TEERTH GOPICON LIMITED,17.70,17.70,17.70,17.70,17.70,18.05,,17.70,,,1000,17700.00,4,F1,200,,,,,
2026-09-07,2026-09-07,CM,NSE,STK,7105,INE011K01018,TEGA,EQ,,,,,TEGA INDUSTRIES LIMITED,1560.00,1638.00,1540.10,1603.50,1612.00,1548.00,,1603.63,,,634918,1019618498.00,35154,F1,1,,,,,
2026-09-07,2026-09-07,CM,NSE,STK,763825,INE0R1301019,TEJA,SM,,,,,TEJA ENGINEERING IND L,235.10,250.00,235.10,240.90,240.00,236.05,,240.90,,,87600,21461610.00,69,F1,600,,,,,
2026-09-07,2026-09-07,CM,NSE,STK,21131,INE010J01012,TEJASNET,EQ,,,,,TEJAS NETWORKS LIMITED,615.00,616.20,590.05,593.60,592.95,614.15,,593.60,,,3912391,2342414155.90,67779,F1,1,,,,,
2026-09-07,2026-09-07,CM,NSE,STK,3275,INE869Y01028,TEMBO,EQ,,,,,TEMBO GLOBAL IND LTD,59.75,60.50,57.61,58.43,58.40,58.47,,58.43,,,4643901,273677400.71,15604,F1,1,,,,,
2026-09-07,2026-09-07,CM,NSE,STK,765426,INE1KZI01025,TEMPSENS,EQ,,,,,TEMPSENS INST (INDIA) LTD,559.00,559.00,540.00,546.20,543.20,554.80,,546.15,,,1663376,911590427.25,30655,F1,1,,,,,
2026-09-07,2026-09-07,CM,NSE,STK,759880,INE19RI01016,TENNIND,EQ,,,,,TENNECO CLEAN AIR INDIA L,520.00,522.85,514.50,515.45,515.45,517.55,,515.44,,,229138,118425462.25,14305,F1,1,,,,,
2026-09-07,2026-09-07,CM,NSE,STK,19292,INE482B01010,TERASOFT,EQ,,,,,TERA SOFTWARE LIMITED,286.20,286.20,271.00,273.25,271.00,283.40,,273.28,,,26187,7256644.10,1199,F1,1,,,,,
2026-09-07,2026-09-07,CM,NSE,STK,764950,INE390D01011,TERAI,EQ,,,,,TERAI TEA CO. LTD.,121.43,140.00,121.43,130.70,131.00,121.43,,130.44,,,1019,133981.28,53,F1,1,,,,,
2026-09-07,2026-09-07,CM,NSE,STK,11549,INE435C01024,TEXINFRA,EQ,,,,,TEXMACO INFRA & HOLDG LTD,113.90,121.80,113.00,119.26,119.95,115.02,,119.23,,,411113,48435473.26,3681,F1,1,,,,,
2026-09-07,2026-09-07,CM,NSE,STK,21828,INE621L01012,TEXRAIL,EQ,,,,,TEXMACO RAIL & ENG. LTD.,117.45,123.90,117.25,119.46,119.50,115.99,,119.47,,,9209299,1112504768.79,59938,F1,1,,,,,
2026-09-07,2026-09-07,CM,NSE,STK,18214,INE141K01013,TEXMOPIPES,EQ,,,,,TEXMO PIPE & PRODUCTS LTD,47.30,55.47,47.25,54.18,53.89,46.23,,54.19,,,2193984,117854973.20,13759,F1,1,,,,,
2026-09-07,2026-09-07,CM,NSE,STK,14607,INE797H01018,TGBHOTELS,EQ,,,,,TGB BANQUETS&HOTELS LTD,9.48,9.89,9.30,9.56,9.59,9.48,,9.53,,,4414,41864.02,93,F1,1,,,,,
2026-09-07,2026-09-07,CM,NSE,STK,22777,INE0QJL01014,TCL,SM,,,,,THAAI CASTING LIMITED,121.00,122.95,107.00,113.05,110.50,123.00,,113.05,,,128800,14951200.00,122,F1,800,,,,,
2026-09-07,2026-09-07,CM,NSE,STK,762944,INE077P01034,THACKER,EQ,,,,,THACKER & CO. LTD.,1080.00,1100.00,1016.00,1016.00,1016.00,1050.00,,1015.50,,,64,68017.00,14,F1,1,,,,,
2026-09-07,2026-09-07,CM,NSE,STK,762949,INE403F01017,THAKDEV,EQ,,,,,THAKKERS DEVELOPERS LTD.,141.00,149.99,140.00,149.99,149.99,144.00,,147.95,,,233,32640.98,6,F1,1,,,,,
2026-09-07,2026-09-07,CM,NSE,STK,18118,INE085J01014,THANGAMAYL,EQ,,,,,THANGAMAYIL JEWELLERY LTD,5332.00,5505.00,5311.00,5474.00,5492.00,5332.00,,5474.11,,,93135,507200825.50,14728,F1,1,,,,,
2026-09-07,2026-09-07,CM,NSE,STK,9014,INE294Z01018,ANUP,EQ,,,,,THE ANUP ENGINEERING LTD,1784.00,1791.20,1766.00,1770.60,1770.60,1785.80,,1770.73,,,11158,19811051.90,2142,F1,1,,,,,
2026-09-07,2026-09-07,CM,NSE,STK,7930,INE319B01014,BYKE,BE,,,,,THE BYKE HOSPITALITY LTD,32.80,32.80,32.00,32.00,32.00,32.11,,32.00,,,99890,3201615.50,79,F1,1,,,,,
2026-09-07,2026-09-07,CM,NSE,STK,13776,INE017A01032,GESHIP,EQ,,,,,THE GE SHPG.LTD,1369.00,1389.20,1352.00,1376.70,1372.00,1369.70,,1376.65,,,888277,1220157124.00,50685,F1,1,,,,,
2026-09-07,2026-09-07,CM,NSE,STK,17770,INE646C01018,GROBTEA,EQ,,,,,THE GROB TEA COMPANY LTD,965.90,974.00,949.90,959.15,959.20,977.65,,959.15,,,174,166994.20,32,F1,1,,,,,
2026-09-07,2026-09-07,CM,NSE,STK,8568,INE127B01011,HITECHGEAR,BE,,,,,THE HI-TECH GEARS LIMITED,587.40,592.00,566.00,567.30,570.50,567.15,,567.30,,,6670,3848426.05,142,F1,1,,,,,
2026-09-07,2026-09-07,CM,NSE,STK,1515,INE383A01012,INDIACEM,EQ,,,,,THE INDIA CEMENTS LIMITED,362.00,362.20,355.00,356.10,357.10,362.50,,356.00,,,33475,11981406.55,2751,F1,1,,,,,
2026-09-07,2026-09-07,CM,NSE,STK,1512,INE053A01029,INDHOTEL,EQ,,,,,THE INDIAN HOTELS CO. LTD,719.90,720.45,709.20,716.20,716.20,720.00,,716.18,,,2137419,1525102279.90,35230,F1,1,,,,,
2026-09-07,2026-09-07,CM,NSE,STK,21427,INE924D01017,THEINVEST,EQ,,,,,THE INVEST TRUST OF IND L,95.23,99.00,94.10,97.89,97.99,95.00,,97.89,,,8725,850393.23,154,F1,1,,,,,
2026-09-07,2026-09-07,CM,NSE,STK,399,INE470Y01017,NIACL,EQ,,,,,THE NEW INDIA ASSU CO LTD,233.90,242.60,224.31,231.20,229.22,229.91,,231.20,,,23442397,5398624686.79,186431,F1,1,,,,,
2026-09-07,2026-09-07,CM,NSE,STK,10321,INE431F01018,PKTEA,EQ,,,,,THE P K TEA PROD CO LTD,808.00,963.15,808.00,963.15,963.15,802.65,,963.15,,,13475,12876525.50,546,F1,1,,,,,
2026-09-07,2026-09-07,CM,NSE,STK,14552,INE211B01039,PHOENIXLTD,EQ,,,,,THE PHOENIX MILLS LTD,1942.00,1942.00,1899.10,1905.00,1905.00,1942.00,,1905.00,,,253740,485282314.60,21315,F1,1,,,,,
2026-09-07,2026-09-07,CM,NSE,STK,2043,INE331A01037,RAMCOCEM,EQ,,,,,THE RAMCO CEMENTS LIMITED,884.55,890.00,868.00,871.50,868.90,884.50,,871.38,,,156814,137559313.05,19612,F1,1,,,,,
2026-09-07,2026-09-07,CM,NSE,STK,2939,INE301D01026,RUBYMILLS,EQ,,,,,THE RUBY MILLS LTD,446.10,499.05,435.00,457.00,450.00,428.30,,457.02,,,175583,83566942.85,5164,F1,1,,,,,
2026-09-07,2026-09-07,CM,NSE,STK,5948,INE683A01023,SOUTHBANK,EQ,,,,,THE SOUTH INDIAN BANK LTD,47.30,47.67,46.50,46.54,46.59,47.29,,46.54,,,4949017,231845021.81,20179,F1,1,,,,,
2026-09-07,2026-09-07,CM,NSE,STK,10948,INE655A01013,STCINDIA,EQ,,,,,THE STATE TRADING CORPN,115.75,115.75,114.01,114.27,114.02,115.28,,114.27,,,14553,1668092.97,277,F1,1,,,,,
2026-09-07,2026-09-07,CM,NSE,STK,19578,INE071E01023,UGARSUGAR,EQ,,,,,THE UGAR SUGAR WORKS LTD,54.00,55.85,53.82,54.19,54.34,53.35,,54.19,,,656681,35902356.75,5324,F1,1,,,,,
2026-09-07,2026-09-07,CM,NSE,STK,20481,INE215F01023,WIPL,EQ,,,,,THE WESTERN INDIA PLY LTD,162.00,166.99,162.00,164.52,164.55,167.99,,164.52,,,1359,225071.32,29,F1,1,,,,,
2026-09-07,2026-09-07,CM,NSE,STK,19279,INE121N01019,THEJO,EQ,,,,,THEJO ENGINEERING LIMITED,2125.90,2195.00,2100.10,2160.20,2155.60,2125.30,,2160.20,,,19040,41015346.60,1533,F1,1,,,,,
2026-09-07,2026-09-07,CM,NSE,STK,14485,INE083B01024,THEMISMED,EQ,,,,,THEMIS MEDICARE LTD.,121.38,140.60,119.17,133.07,132.51,120.42,,133.07,,,4732951,635519216.17,50369,F1,1,,,,,
2026-09-07,2026-09-07,CM,NSE,STK,3475,INE152A01029,THERMAX,EQ,,,,,THERMAX LTD,3638.00,3670.00,3593.30,3622.00,3619.00,3637.60,,3622.03,,,141581,514858457.30,28412,F1,1,,,,,
2026-09-07,2026-09-07,CM,NSE,STK,25651,INE0SHE01019,THESL,ST,,,,,THINKING HATS ENTER SOL L,15.40,15.40,15.35,15.35,15.35,16.15,,15.35,,,9000,138300.00,3,F1,3000,,,,,
2026-09-07,2026-09-07,CM,NSE,STK,3496,INE338A01024,TIRUMALCHM,EQ,,,,,THIRUMALAI CHEMICALS LTD,157.02,158.98,154.32,154.98,154.32,157.19,,154.98,,,229828,35936343.64,4366,F1,1,,,,,
2026-09-07,2026-09-07,CM,NSE,STK,3481,INE332A01027,THOMASCOOK,EQ,,,,,THOMAS COOK (INDIA) LTD,112.00,115.70,111.00,112.52,112.24,111.65,,112.52,,,1879256,212669323.23,17665,F1,1,,,,,
2026-09-07,2026-09-07,CM,NSE,STK,31017,INE480M01011,THOMASCOTT,EQ,,,,,THOMAS SCOTT (INDIA) LTD,264.95,267.80,256.05,259.65,262.90,262.75,,259.73,,,39653,10268979.90,2025,F1,1,,,,,
2026-09-07,2026-09-07,CM,NSE,STK,17032,INE594H01019,THYROCARE,EQ,,,,,THYROCARE TECH LTD,573.75,580.75,566.20,573.15,577.80,576.15,,573.08,,,243176,138964461.55,32208,F1,1,,,,,
2026-09-07,2026-09-07,CM,NSE,STK,759176,INE906O01029,TIGERLOGS,EQ,,,,,TIGER LOGISTICS (INDIA) L,28.61,29.37,28.01,28.08,28.03,28.61,,28.11,,,56684,1602020.69,473,F1,1,,,,,
2026-09-07,2026-09-07,CM,NSE,STK,25486,INE440L01017,TIJARIA,BE,,,,,TIJARIA POLYPIPES LTD,9.74,9.80,9.07,9.07,9.07,9.54,,9.07,,,159836,1480609.85,196,F1,1,,,,,
2026-09-07,2026-09-07,CM,NSE,STK,9802,INE806C01018,TIL,BE,,,,,TIL LTD,253.40,256.50,246.40,250.33,249.00,252.88,,250.25,,,109314,27524851.17,612,F1,1,,,,,
2026-09-07,2026-09-07,CM,NSE,STK,19196,INE133E01013,TI,EQ,,,,,TILAKNAGAR INDUSTRIES LTD,532.00,545.60,520.00,533.25,538.70,535.10,,533.10,,,451824,242489029.65,16160,F1,1,,,,,
2026-09-07,2026-09-07,CM,NSE,STK,14707,INE508G01029,TIMETECHNO,EQ,,,,,TIME TECHNOPLAST LTD.,188.41,188.41,182.99,184.53,186.20,188.49,,184.51,,,1326457,245657717.68,18405,F1,1,,,,,
2026-09-07,2026-09-07,CM,NSE,STK,762954,INE064A01026,TIMEX,EQ,,,,,TIMEX GROUP INDIA LTD.,672.10,672.15,617.60,628.30,628.00,669.85,,628.28,,,616321,391326854.80,42084,F1,1,,,,,
2026-09-07,2026-09-07,CM,NSE,STK,14198,INE325A01013,TIMKEN,EQ,,,,,TIMKEN INDIA LTD.,3148.00,3150.00,3085.00,3098.70,3085.00,3125.30,,3098.70,,,18234,56743005.10,4813,F1,1,,,,,
2026-09-07,2026-09-07,CM,NSE,STK,756020,INE015C01016,TINNARUBR,EQ,,,,,TINNA RUBBER AND INFR LTD,1038.20,1038.20,995.35,1012.90,1014.70,1028.20,,1012.85,,,49466,50017994.35,3900,F1,1,,,,,
2026-09-07,2026-09-07,CM,NSE,STK,11374,INE0LQS01015,TIPSFILMS,EQ,,,,,TIPS FILMS LIMITED,330.15,337.85,326.05,328.15,327.10,331.00,,328.19,,,2447,809755.80,292,F1,1,,,,,
2026-09-07,2026-09-07,CM,NSE,STK,9117,INE716B01029,TIPSMUSIC,EQ,,,,,TIPS MUSIC LIMITED,649.75,652.00,641.20,643.70,644.00,649.75,,643.69,,,156576,101249139.85,12591,F1,1,,,,,
2026-09-07,2026-09-07,CM,NSE,STK,22284,INE319Y01024,TIRUPATIFL,BE,,,,,TIRUPATI FORGE LIMITED,69.05,72.50,67.60,70.85,70.90,69.05,,70.85,,,330327,23496677.13,1220,F1,1,,,,,
2026-09-07,2026-09-07,CM,NSE,STK,15414,INE615H01020,TITAGARH,EQ,,,,,TITAGARH RAIL SYSTEMS LTD,878.75,901.55,866.00,896.45,891.30,871.85,,896.53,,,1383593,1231691698.50,49988,F1,1,,,,,
2026-09-07,2026-09-07,CM,NSE,STK,3506,INE280A01028,TITAN,EQ,,,,,TITAN COMPANY LIMITED,5010.00,5028.00,4958.50,4995.00,4995.00,5020.00,,4994.95,,,480336,2393161957.50,40115,F1,1,,,,,
2026-09-07,2026-09-07,CM,NSE,STK,3837,INE932C01012,TOKYOPLAST,EQ,,,,,TOKYO PLAST INTL LTD,76.50,76.50,74.99,75.99,76.00,76.51,,75.99,,,683,51659.18,42,F1,1,,,,,
2026-09-07,2026-09-07,CM,NSE,STK,25262,INE0RWQ01014,TOLINS,EQ,,,,,TOLINS TYRES LIMITED,91.30,92.70,91.01,92.26,91.60,91.98,,92.26,,,31998,2936600.61,815,F1,1,,,,,
2026-09-07,2026-09-07,CM,NSE,STK,3518,INE685A01028,TORNTPHARM,EQ,,,,,TORRENT PHARMACEUTICALS L,4857.00,4915.00,4823.00,4914.00,4914.00,4857.00,,4914.00,,,229459,1120611557.00,37406,F1,1,,,,,
2026-09-07,2026-09-07,CM,NSE,STK,13786,INE813H01021,TORNTPOWER,EQ,,,,,TORRENT POWER LTD,1307.00,1323.00,1271.20,1275.70,1282.00,1299.10,,1275.69,,,349676,453002156.80,26585,F1,1,,,,,
2026-09-07,2026-09-07,CM,NSE,STK,22423,INE336X01012,TOTAL,EQ,,,,,TOTAL TRANSPORT SYS LTD,69.03,77.95,69.03,74.14,74.00,70.88,,74.14,,,29615,2207537.48,304,F1,1,,,,,
2026-09-07,2026-09-07,CM,NSE,STK,16908,INE486Y01013,TOUCHWOOD,EQ,,,,,TOUCHWOOD ENTERTAIN LTD.,63.48,63.48,60.50,62.00,62.00,62.81,,62.00,,,413,25830.81,62,F1,1,,,,,
2026-09-07,2026-09-07,CM,NSE,STK,3466,INE305A01023,TFCILTD,EQ,,,,,TOURISM FINANCE CORP. OF,143.00,145.04,139.10,140.90,140.00,143.26,,140.87,,,4618937,658748490.15,18944,F1,1,,,,,
2026-09-07,2026-09-07,CM,NSE,STK,765195,INE457P01020,TOYAMSL,EQ,,,,,TOYAM SPORTS LTD.,0.62,0.62,0.61,0.61,0.62,0.61,,0.61,,,251250,154354.64,193,F1,1,,,,,
2026-09-07,2026-09-07,CM,NSE,STK,9219,INE413G01022,TPLPLASTEH,EQ,,,,,TPL PLASTECH LIMITED,71.73,72.25,68.40,68.61,68.99,71.74,,68.62,,,203179,14278210.65,1941,F1,1,,,,,
2026-09-07,2026-09-07,CM,NSE,STK,11582,INE0HMF01019,TRACXN,EQ,,,,,TRACXN TECHNOLOGIES LTD,29.96,30.08,29.17,29.68,29.70,29.96,,29.68,,,218499,6493927.60,807,F1,1,,,,,
2026-09-07,2026-09-07,CM,NSE,STK,15174,INE763I01026,TARIL,EQ,,,,,TRANS & RECTI. LTD,302.10,303.80,296.70,299.65,299.60,300.95,,299.66,,,746125,223508724.60,14719,F1,1,,,,,
2026-09-07,2026-09-07,CM,NSE,STK,765200,INE330E01023,TRANSCOR,EQ,,,,,TRANSCORP INTERNATIONAL L,25.61,25.61,24.48,25.14,25.27,25.49,,25.46,,,2423,60398.61,65,F1,1,,,,,
2026-09-07,2026-09-07,CM,NSE,STK,17795,INE0O3901029,TREL,EQ,,,,,TRANSINDIA REAL ESTATE L,27.69,27.90,26.95,27.18,27.29,27.44,,27.18,,,122858,3355425.70,3366,F1,1,,,,,
2026-09-07,2026-09-07,CM,NSE,STK,7669,INE687A01016,TRANSPEK,BE,,,,,TRANSPEK INDUSTRIES LTD,1425.00,1429.70,1361.10,1399.20,1404.90,1446.50,,1399.05,,,10148,14222724.80,267,F1,1,,,,,
2026-09-07,2026-09-07,CM,NSE,STK,10580,INE688A01022,TCI,EQ,,,,,TRANSPORT CORPN OF INDIA,868.20,885.50,858.05,863.95,863.00,868.20,,863.96,,,30299,26190091.70,3334,F1,1,,,,,
2026-09-07,2026-09-07,CM,NSE,STK,28714,INE454P01035,TRANSRAILL,EQ,,,,,TRANSRAIL LIGHTING LTD,430.00,436.90,418.00,419.55,419.80,429.30,,419.56,,,639224,272321356.35,18964,F1,1,,,,,
2026-09-07,2026-09-07,CM,NSE,STK,19801,INE0NVI01020,TRANSTEEL,SM,,,,,TRANSTEEL SEATING TECH L,77.65,77.65,75.05,76.00,76.00,75.90,,76.00,,,86000,6531800.00,42,F1,1000,,,,,
2026-09-07,2026-09-07,CM,NSE,STK,14319,INE804H01012,TFL,EQ,,,,,TRANSWARRANTY FIN. LTD.,12.48,12.55,11.90,11.91,11.91,12.36,,11.91,,,19420,241267.27,59,F1,1,,,,,
2026-09-07,2026-09-07,CM,NSE,STK,8619,INE757B01015,TRANSWORLD,BE,,,,,TRANSWORLD SHIP LINES LTD,171.00,174.42,171.00,172.00,172.00,171.00,,172.00,,,2327,404548.74,35,F1,1,,,,,
2026-09-07,2026-09-07,CM,NSE,STK,757545,INE103V01028,TRAVELFOOD,EQ,,,,,TRAVEL FOOD SERVICES LTD,1296.50,1312.40,1280.20,1285.30,1281.00,1296.30,,1285.27,,,22411,29038800.90,4062,F1,1,,,,,
2026-09-07,2026-09-07,CM,NSE,STK,25082,INE040M01013,TREEHOUSE,EQ,,,,,TREE HOUSE EDU LTD,6.30,6.35,6.06,6.10,6.15,6.29,,6.12,,,13741,84770.32,100,F1,1,,,,,
2026-09-07,2026-09-07,CM,NSE,STK,7518,INE00CA01015,TREJHARA,EQ,,,,,TREJHARA SOLUTIONS LTD,151.25,152.49,144.02,147.19,147.79,152.01,,147.20,,,21367,3150316.89,688,F1,1,,,,,
2026-09-07,2026-09-07,CM,NSE,STK,1964,INE849A01020,TRENT,EQ,,,,,TRENT LTD,2850.00,2854.40,2772.50,2814.50,2814.50,2853.00,,2814.46,,,1021019,2861668609.80,52602,F1,1,,,,,
2026-09-07,2026-09-07,CM,NSE,STK,17987,INE391D01019,TRF,EQ,,,,,TRF LIMITED,231.70,235.99,230.00,235.13,235.70,231.59,,235.12,,,14703,3442955.36,389,F1,1,,,,,
2026-09-07,2026-09-07,CM,NSE,STK,27037,INE760L01018,TBZ,EQ,,,,,TRIB BHIMJI ZAVERI LTD,528.90,528.90,528.90,528.90,528.90,480.85,,528.87,,,318752,168587932.80,2227,F1,1,,,,,
2026-09-07,2026-09-07,CM,NSE,STK,9685,INE064C01022,TRIDENT,EQ,,,,,TRIDENT LIMITED,24.17,24.23,23.92,23.98,24.06,24.16,,23.98,,,2135046,51259950.81,10416,F1,1,,,,,
2026-09-07,2026-09-07,CM,NSE,STK,21078,INE0QD201012,TECHLABS,SM,,,,,TRIDENT TECHLABS LIMITED,117.20,118.00,115.00,115.90,117.40,115.20,,115.90,,,12500,1456718.75,72,F1,125,,,,,
2026-09-07,2026-09-07,CM,NSE,STK,17215,INE0LWY01029,TRIDHYA,ST,,,,,TRIDHYA TECH LIMITED,6.90,7.50,6.90,7.50,7.50,7.20,,7.50,,,15000,107100.00,4,F1,3000,,,,,
2026-09-07,2026-09-07,CM,NSE,STK,5428,INE948A01012,TRIGYN,EQ,,,,,TRIGYN TECHNOLOGIES LTD,58.70,60.25,58.30,59.88,59.35,58.97,,59.86,,,30944,1850706.83,1567,F1,1,,,,,
2026-09-07,2026-09-07,CM,NSE,STK,764960,INE440G01017,TRITONV,EQ,,,,,TRITON VALVES LTD.,1138.10,1152.60,1129.60,1140.50,1131.00,1136.10,,1140.44,,,1897,2171250.00,296,F1,1,,,,,
2026-09-07,2026-09-07,CM,NSE,STK,13081,INE256C01024,TRIVENI,EQ,,,,,TRIVENI ENGG. & INDS. LTD,277.05,283.95,273.15,276.10,275.70,275.65,,276.11,,,626456,174980386.30,11283,F1,1,,,,,
2026-09-07,2026-09-07,CM,NSE,STK,25584,INE152M01016,TRITURBINE,EQ,,,,,TRIVENI TURBINE LIMITED,577.30,578.90,565.50,568.75,572.00,577.30,,568.77,,,209558,119711905.35,31401,F1,1,,,,,
2026-09-07,2026-09-07,CM,NSE,STK,24642,INE0SYV01018,TROM,SM,,,,,TROM INDUSTRIES LIMITED,59.00,62.00,56.00,61.90,61.90,59.50,,61.90,,,6600,394140.00,11,F1,600,,,,,
2026-09-07,2026-09-07,CM,NSE,STK,759210,INE0MWH01014,TRUALT,EQ,,,,,TRUALT BIOENERGY LIMITED,425.95,433.85,420.00,424.10,422.50,425.25,,424.12,,,73764,31341559.15,3218,F1,1,,,,,
2026-09-07,2026-09-07,CM,NSE,STK,9378,INE615R01029,TRU,EQ,,,,,TRUCAP FINANCE LIMITED,4.05,4.11,3.94,4.10,4.11,4.05,,4.10,,,140699,573104.28,279,F1,1,,,,,
2026-09-07,2026-09-07,CM,NSE,STK,23417,INE0SWN01019,TRUST,SM,,,,,TRUST FINTECH LIMITED,29.95,29.95,28.80,28.85,28.85,30.00,,28.85,,,9600,278610.00,15,F1,600,,,,,
2026-09-07,2026-09-07,CM,NSE,STK,757861,INE16VK01010,TSC,ST,,,,,TSC INDIA LIMITED,43.05,45.20,43.05,45.20,45.20,43.05,,45.20,,,76000,3430100.00,17,F1,2000,,,,,
2026-09-07,2026-09-07,CM,NSE,STK,2183,INE202Z01029,TSFINV,EQ,,,,,TSF INVESTMENTS LIMITED,405.45,410.25,400.50,403.60,404.50,404.70,,403.60,,,36179,14639592.35,2044,F1,1,,,,,
2026-09-07,2026-09-07,CM,NSE,STK,27526,INE1C3207024,935TSIIC33,N0,,,,,TSIIC 9.35% 2033 SR 1- G,107000.00,107570.00,107000.00,107570.00,107570.00,107000.00,,107570.00,,,8,858850.00,2,F1,1,,,,,
2026-09-07,2026-09-07,CM,NSE,STK,11369,INE910C01018,TTKHLTCARE,EQ,,,,,TTK HEALTHCARE LIMITED,1105.00,1128.00,1085.10,1091.10,1100.00,1100.20,,1091.03,,,62317,68600609.20,3573,F1,1,,,,,
2026-09-07,2026-09-07,CM,NSE,STK,3546,INE690A01028,TTKPRESTIG,EQ,,,,,TTK PRESTIGE LTD,562.80,567.00,545.00,548.00,548.00,562.75,,548.05,,,66655,36857748.65,5380,F1,1,,,,,
2026-09-07,2026-09-07,CM,NSE,STK,312,INE974X01010,TIINDIA,EQ,,,,,TUBE INVEST OF INDIA LTD,2690.00,2709.00,2679.00,2683.00,2683.00,2698.00,,2683.00,,,121565,326977783.10,14050,F1,1,,,,,
2026-09-07,2026-09-07,CM,NSE,STK,24520,INE0OXV01027,TUNWAL,SM,,,,,TUNWAL E-MOTORS LIMITED,25.15,25.50,24.80,24.90,24.85,25.10,,24.90,,,54000,1354600.00,25,F1,2000,,,,,
2026-09-07,2026-09-07,CM,NSE,STK,756090,INE0OC301013,TURTLEMINT,EQ,,,,,TURTLEMINT FINTECH SOLS L,144.08,145.09,140.19,142.42,143.00,144.08,,142.41,,,553335,79084529.51,11738,F1,1,,,,,
2026-09-07,2026-09-07,CM,NSE,STK,765205,INE400A01014,TUTIALKA,EQ,,,,,TUTICORIN ALKAL CH & FE L,61.84,61.90,58.61,59.74,60.49,60.36,,59.69,,,9023,543470.09,270,F1,1,,,,,
2026-09-07,2026-09-07,CM,NSE,STK,11275,INE038F01029,TVTODAY,EQ,,,,,TV TODAY NETWORK LTD,110.95,111.48,107.62,110.68,110.43,110.95,,110.68,,,28994,3199428.65,622,F1,1,,,,,
2026-09-07,2026-09-07,CM,NSE,STK,18508,INE871L01013,TVVISION,BE,,,,,TV VISION LIMITED,3.38,3.38,3.22,3.22,3.22,3.38,,3.22,,,112582,362837.48,108,F1,1,,,,,
2026-09-07,2026-09-07,CM,NSE,STK,11265,INE236G01019,TVSELECT,EQ,,,,,TVS ELECTRONICS LTD,422.50,423.35,417.00,418.80,417.00,420.85,,418.77,,,15849,6651222.10,940,F1,1,,,,,
2026-09-07,2026-09-07,CM,NSE,STK,29008,INE105A01035,TVSHLTD,EQ,,,,,TVS HOLDINGS LIMITED,13774.00,14170.00,13601.00,13748.00,13706.00,13374.00,,13748.37,,,26789,371151476.00,11747,F1,1,,,,,
2026-09-07,2026-09-07,CM,NSE,STK,8479,INE494B01023,TVSMOTOR,EQ,,,,,TVS MOTOR COMPANY  LTD,4127.00,4159.90,4100.70,4132.00,4132.00,4133.10,,4132.01,,,353313,1459397845.40,31539,F1,1,,,,,
2026-09-07,2026-09-07,CM,NSE,STK,14245,INE421C01016,TVSSRICHAK,EQ,,,,,TVS SRICHAKRA LIMITED,5230.50,5370.00,5230.50,5305.00,5290.50,5237.50,,5302.27,,,6409,33983625.00,1965,F1,1,,,,,
2026-09-07,2026-09-07,CM,NSE,STK,18151,INE395N01027,TVSSCS,EQ,,,,,TVS SUPPLY CHAIN SOL L,130.95,132.99,127.84,129.05,129.35,130.41,,129.05,,,429219,55489997.56,7102,F1,1,,,,,
2026-09-07,2026-09-07,CM,NSE,STK,19503,INE388G01026,TICL,BE,,,,,TWAMEV CONS AND INFRA LTD,8.37,8.37,7.80,8.01,8.14,8.12,,8.02,,,42805,348537.39,112,F1,1,,,,,
2026-09-07,2026-09-07,CM,NSE,STK,764970,INE726E01014,UPHOT,EQ,,,,,U P HOTELS LTD.,1355.00,1355.00,1320.00,1330.00,1330.00,1387.00,,1339.86,,,613,811610.10,40,F1,1,,,,,
2026-09-07,2026-09-07,CM,NSE,STK,25629,INE152C01025,UYFINCORP,BE,,,,,U. Y. FINCORP LIMITED,20.20,20.20,19.06,19.63,19.87,19.73,,19.69,,,96033,1899572.19,270,F1,1,,,,,
2026-09-07,2026-09-07,CM,NSE,STK,7739,INE139B01016,UCAL,BE,,,,,UCAL LIMITED,151.65,151.65,145.00,148.38,148.40,146.02,,148.37,,,12217,1806122.61,84,F1,1,,,,,
2026-09-07,2026-09-07,CM,NSE,STK,756000,INE583D07604,1015UCL27,NF,,,,,UCL 10.15% SR III,1000.00,1000.00,1000.00,1000.00,1000.00,997.42,,1000.00,,,37,37000.00,7,F1,1,,,,,
2026-09-07,2026-09-07,CM,NSE,STK,756004,INE583D07596,1050UCL28,NH,,,,,UCL 10.50% SR V,1010.00,1010.00,1010.00,1010.00,1010.00,1015.00,,1010.00,,,38,38380.00,3,F1,1,,,,,
2026-09-07,2026-09-07,CM,NSE,STK,11223,INE691A01018,UCOBANK,EQ,,,,,UCO BANK,24.75,24.90,24.32,24.42,24.45,24.78,,24.42,,,4573497,112336244.49,14196,F1,1,,,,,
2026-09-07,2026-09-07,CM,NSE,STK,764965,INE551B01012,UDAYJEW,EQ,,,,,UDAY JEWELLERY INDS. LTD.,168.40,171.60,148.00,167.58,165.00,143.00,,167.55,,,638490,105016899.15,4553,F1,1,,,,,
2026-09-07,2026-09-07,CM,NSE,STK,14871,INE0N0Y01013,USK,EQ,,,,,UDAYSHIVAKUMAR INFRA LTD,21.41,21.41,20.36,20.90,21.14,20.99,,20.89,,,33012,684158.30,179,F1,1,,,,,
2026-09-07,2026-09-07,CM,NSE,STK,1053,INE516A01017,UFLEX,EQ,,,,,UFLEX LIMITED,684.15,685.50,668.00,682.70,681.50,675.60,,682.70,,,152186,103160714.50,5303,F1,1,,,,,
2026-09-07,2026-09-07,CM,NSE,STK,9039,INE527H01019,UFO,EQ,,,,,UFO MOVIEZ INDIA LTD.,66.20,66.20,64.00,64.51,64.22,65.09,,64.51,,,47044,3062372.96,699,F1,1,,,,,
2026-09-07,2026-09-07,CM,NSE,STK,5313,INE583D01011,UGROCAP,EQ,,,,,UGRO CAPITAL LIMITED,86.35,87.25,84.92,85.42,86.00,86.35,,85.42,,,117768,10155936.75,1693,F1,1,,,,,
2026-09-07,2026-09-07,CM,NSE,STK,23507,INE899L01030,UEL,EQ,,,,,UJAAS ENERGY LIMITED,245.80,245.80,229.52,229.52,229.52,241.60,,229.68,,,34311,8079261.39,643,F1,1,,,,,
2026-09-07,2026-09-07,CM,NSE,STK,15228,INE551W01018,UJJIVANSFB,EQ,,,,,UJJIVAN SMALL FINANC BANK,64.51,65.40,63.56,65.09,64.96,64.43,,65.09,,,9339056,602720560.20,38329,F1,1,,,,,
2026-09-07,2026-09-07,CM,NSE,STK,5945,INE00F301010,UWCSL,SM,,,,,ULTRA WIRING CONN SYS LTD,115.70,115.70,115.70,115.70,115.70,110.25,,115.70,,,1000,115700.00,1,F1,1000,,,,,
2026-09-07,2026-09-07,CM,NSE,STK,762961,INE405A01021,ULTRAMAR,EQ,,,,,ULTRAMARINE & PIGMENTS L,437.15,441.70,428.00,429.40,428.20,437.15,,429.42,,,41522,17970765.85,4289,F1,1,,,,,
2026-09-07,2026-09-07,CM,NSE,STK,11532,INE481G01011,ULTRACEMCO,EQ,,,,,ULTRATECH CEMENT LIMITED,11370.00,11370.00,11175.00,11175.00,11175.00,11408.00,,11175.05,,,214788,2411166520.00,37736,F1,1,,,,,
2026-09-07,2026-09-07,CM,NSE,STK,8845,INE0GIU01018,UMAEXPORTS,BE,,,,,UMA EXPORTS LIMITED,23.50,23.50,23.50,23.50,23.50,23.97,,23.73,,,4248,99828.00,29,F1,1,,,,,
2026-09-07,2026-09-07,CM,NSE,STK,8998,INE398B01018,UMIYA-MRO,EQ,,,,,UMIYA BUILDCON LIMITED,108.00,109.00,104.00,104.82,104.30,104.42,,104.78,,,41787,4425355.99,667,F1,1,,,,,
2026-09-07,2026-09-07,CM,NSE,STK,3579,INE351A01035,UNICHEMLAB,EQ,,,,,UNICHEM LABORATORIES LTD,550.20,591.25,548.00,569.75,570.00,550.20,,569.75,,,309037,175787714.85,12401,F1,1,,,,,
2026-09-07,2026-09-07,CM,NSE,STK,24809,INE00U401027,UNIECOM,EQ,,,,,UNICOMMERCE ESOLUTIONS L,88.38,88.38,85.00,85.36,85.85,87.62,,85.36,,,288190,24692885.38,2715,F1,1,,,,,
2026-09-07,2026-09-07,CM,NSE,STK,18582,INE0PRF01011,UNIHEALTH,SM,,,,,UNIHEALTH HOSPITALS LTD,715.00,720.95,700.00,720.45,720.00,724.00,,720.45,,,21000,14998875.00,36,F1,500,,,,,
2026-09-07,2026-09-07,CM,NSE,STK,7791,INE481Z01011,UNIINFO,EQ,,,,,UNIINFO TELECOM SERVI LTD,11.00,11.20,10.62,11.06,11.20,11.00,,11.06,,,1078,11863.18,27,F1,1,,,,,
2026-09-07,2026-09-07,CM,NSE,STK,25633,INE0B2801011,UNILEX,SM,,,,,UNILEX COLOURS AND CHEM L,26.00,27.00,26.00,27.00,27.00,27.75,,27.00,,,3200,84800.00,2,F1,1600,,,,,
2026-09-07,2026-09-07,CM,NSE,STK,28960,INE0U3I01011,UNIMECH,EQ,,,,,UNIMECH AEROSPACE N MFG L,1513.00,1528.00,1489.00,1495.70,1502.60,1502.70,,1495.75,,,169474,256042865.60,14547,F1,1,,,,,
2026-09-07,2026-09-07,CM,NSE,STK,10753,INE692A01016,UNIONBANK,EQ,,,,,UNION BANK OF INDIA,186.50,188.45,183.20,186.04,186.04,187.22,,186.04,,,12010754,2213908943.56,44740,F1,1,,,,,
2026-09-07,2026-09-07,CM,NSE,STK,29687,INF582M01KS4,UNIONGOLD,EQ,,,,,UNIONAMC - UNIONGOLD,150.00,150.15,147.55,148.75,148.65,150.20,,148.75,,,1064,157914.20,103,F1,1,,,,,
2026-09-07,2026-09-07,CM,NSE,STK,13057,INE244O01017,UNIPARTS,EQ,,,,,UNIPARTS INDIA LIMITED,865.80,906.85,865.80,902.10,903.95,874.05,,902.17,,,165683,147899291.85,11592,F1,1,,,,,
2026-09-07,2026-09-07,CM,NSE,STK,11293,INE037A01022,UNIENTER,EQ,,,,,UNIPHOS ENTERPRISES LTD,92.00,95.50,92.00,92.85,92.60,93.19,,92.85,,,4658,432803.65,101,F1,1,,,,,
2026-09-07,2026-09-07,CM,NSE,STK,3594,INE694A01020,UNITECH,EQ,,,,,UNITECH LTD,4.24,4.44,4.16,4.22,4.24,4.08,,4.22,,,17838014,76863361.71,7947,F1,1,,,,,
2026-09-07,2026-09-07,CM,NSE,STK,16713,INE686F01025,UBL,EQ,,,,,UNITED BREWERIES LTD,1283.80,1305.10,1275.30,1291.00,1288.40,1279.40,,1290.85,,,181984,234973522.10,15443,F1,1,,,,,
2026-09-07,2026-09-07,CM,NSE,STK,204,INE961D01019,UNIDT,BE,,,,,UNITED DRILLING TOOLS LTD,220.95,235.00,220.04,233.24,233.50,225.46,,233.24,,,80548,18450584.47,316,F1,1,,,,,
2026-09-07,2026-09-07,CM,NSE,STK,3133,INE382M01027,UFBL,BE,,,,,UNITED FOODBRANDS LIMITED,690.10,700.00,673.10,691.55,691.20,700.35,,691.54,,,29545,20359091.35,979,F1,1,,,,,
2026-09-07,2026-09-07,CM,NSE,STK,25938,INE0SMR01011,UHTL,ST,,,,,UNITED HEAT TRANSFER LTD,161.55,161.55,161.55,161.55,161.55,158.40,,161.55,,,6000,969300.00,3,F1,2000,,,,,
2026-09-07,2026-09-07,CM,NSE,STK,17999,INE458F01011,UNITEDTEA,EQ,,,,,UNITED NILGIRI TEA LTD,447.80,447.80,440.30,441.95,441.95,442.80,,441.95,,,5946,2627761.40,94,F1,1,,,,,
2026-09-07,2026-09-07,CM,NSE,STK,7560,INE368U01029,UNITEDPOLY,EQ,,,,,UNITED POLYFAB GUJ. LTD.,42.00,43.00,41.25,42.88,42.91,41.66,,42.87,,,182224,7711976.25,1439,F1,1,,,,,
2026-09-07,2026-09-07,CM,NSE,STK,10447,INE854D01024,UNITDSPR,EQ,,,,,UNITED SPIRITS LIMITED,1457.90,1468.40,1431.50,1440.00,1440.00,1471.70,,1439.99,,,377003,543707461.00,22827,F1,1,,,,,
2026-09-07,2026-09-07,CM,NSE,STK,10366,INE275F01019,UNIVAFOODS,BE,,,,,UNIVA FOODS LIMITED,9.03,9.03,9.03,9.03,9.03,9.03,,8.85,,,1150,10384.50,4,F1,1,,,,,
2026-09-07,2026-09-07,CM,NSE,STK,18979,INE562X01013,UNIVASTU,BE,,,,,UNIVASTU INDIA LIMITED,164.00,171.00,163.00,169.89,169.00,168.34,,169.89,,,72463,12122640.06,460,F1,1,,,,,
2026-09-07,2026-09-07,CM,NSE,STK,3607,INE279A01012,UNIVCABLES,EQ,,,,,UNIVERSAL CABLES LTD,1560.80,1586.20,1477.00,1487.60,1493.00,1576.30,,1487.55,,,287909,436898286.70,28949,F1,1,,,,,
2026-09-07,2026-09-07,CM,NSE,STK,17661,INE03V001013,UNIVPHOTO,BE,,,,,UNIVERSUS IMAGINGS LTD,502.00,514.90,500.00,514.90,514.90,490.40,,517.66,,,5224,2660377.75,144,F1,1,,,,,
2026-09-07,2026-09-07,CM,NSE,STK,14154,INE405E01023,UNOMINDA,EQ,,,,,UNO MINDA LIMITED,1245.00,1252.10,1221.20,1241.70,1241.70,1249.70,,1241.62,,,390846,481683680.30,24821,F1,1,,,,,
2026-09-07,2026-09-07,CM,NSE,STK,18636,INE148I08256,915SCL26,NE,,,,,UNS RED NCD 9.15% SR.IX,1083.99,1083.99,1081.10,1081.10,1081.10,1083.99,,1081.10,,,73,78991.42,9,F1,1,,,,,
2026-09-07,2026-09-07,CM,NSE,STK,2877,INE530B08102,96IIFL28A,NF,,,,,UNSE RE NCD 9.6% SR.II,1003.42,1003.42,1002.50,1003.00,1003.00,1003.63,,1003.00,,,1490,1494454.41,22,F1,1,,,,,
2026-09-07,2026-09-07,CM,NSE,STK,5217,INE477L08162,IIFLZC28C,N6,,,,,UNSEC RE NCD 0% SR.III,1610.00,1610.00,1610.00,1610.00,1610.00,1599.95,,1610.00,,,200,322000.00,1,F1,1,,,,,
2026-09-07,2026-09-07,CM,NSE,STK,5212,INE477L08147,10IIFL28,N4,,,,,UNSEC RE NCD 10% SR.I,1008.99,1009.00,1006.00,1009.00,1009.00,1000.00,,1009.00,,,830,836871.36,16,F1,1,,,,,
2026-09-07,2026-09-07,CM,NSE,STK,5214,INE477L08154,96IIFL28,N5,,,,,UNSEC RE NCD 9.60% SR.II,1002.55,1004.00,1000.00,1000.59,1001.00,1002.24,,1000.59,,,1674,1675970.75,44,F1,1,,,,,
2026-09-07,2026-09-07,CM,NSE,STK,19047,INE866I08295,105IIFL29,N7,,,,,UNSEC RED NCD 10.5% SR.VI,1052.60,1068.00,1050.00,1067.00,1067.00,1070.00,,1067.00,,,602,638032.60,9,F1,1,,,,,
2026-09-07,2026-09-07,CM,NSE,STK,21229,INE306N08342,885TCAPS29,NC,,,,,UNSERENCD8.85%SRIVCIII&IV,1059.00,1059.00,1048.90,1048.90,1048.90,1021.00,,1048.90,,,2,2107.90,2,F1,1,,,,,
2026-09-07,2026-09-07,CM,NSE,STK,19113,INE851I01011,UDS,EQ,,,,,UPDATER SERVICES LIMITED,239.00,239.50,216.20,217.84,217.30,239.03,,217.85,,,398512,89883425.17,11438,F1,1,,,,,
2026-09-07,2026-09-07,CM,NSE,STK,11287,INE628A01036,UPL,EQ,,,,,UPL LIMITED,580.10,586.75,573.00,573.00,573.00,582.15,,573.00,,,1754057,1017697764.15,23237,F1,1,,,,,
2026-09-07,2026-09-07,CM,NSE,STK,10610,INE0CBM01019,USASEEDS,SM,,,,,UPSURGE SEEDS OF AGRI LTD,93.00,94.00,88.00,94.00,94.00,92.40,,94.00,,,1284,117700.00,3,F1,428,,,,,
2026-09-07,2026-09-07,CM,NSE,STK,17081,INE568Z01015,URAVIDEF,BE,,,,,URAVI DEFENCE &TECH LTD,117.50,117.50,115.84,115.84,115.84,118.20,,115.84,,,828,96622.06,23,F1,1,,,,,
2026-09-07,2026-09-07,CM,NSE,STK,759084,INE0CAZ01013,URBANCO,EQ,,,,,URBAN COMPANY LIMITED,181.84,182.86,175.25,176.06,176.20,181.09,,176.06,,,4774283,849544694.76,38071,F1,1,,,,,
2026-09-07,2026-09-07,CM,NSE,STK,16888,INE0O0201019,URBAN,SM,,,,,URBAN ENVIRO WASTE MGMT L,124.90,129.80,124.90,127.10,127.50,117.60,,127.10,,,69600,8860920.00,81,F1,800,,,,,
2026-09-07,2026-09-07,CM,NSE,STK,20203,INE550C01020,URJA,EQ,,,,,URJA GLOBAL LIMITED,9.07,9.20,9.00,9.12,9.12,9.18,,9.12,,,594104,5414883.57,1915,F1,1,,,,,
2026-09-07,2026-09-07,CM,NSE,STK,25952,INE0LS001014,USHAFIN,SM,,,,,USHA FINANCIAL SERVICES L,54.50,56.45,52.30,56.10,56.35,54.70,,56.10,,,48000,2670240.00,17,F1,1600,,,,,
2026-09-07,2026-09-07,CM,NSE,STK,19142,INE240C01028,UMESLTD,EQ,,,,,USHA MARTIN EDU & SOL LTD,5.19,5.19,4.92,5.09,5.10,5.09,,5.09,,,22429,113760.42,103,F1,1,,,,,
2026-09-07,2026-09-07,CM,NSE,STK,8840,INE228A01035,USHAMART,EQ,,,,,USHA MARTIN LTD.,514.15,515.10,498.45,500.30,499.00,514.15,,500.36,,,545048,274425334.20,21193,F1,1,,,,,
2026-09-07,2026-09-07,CM,NSE,STK,4214,INE00NI01015,UCL,ST,,,,,USHANTI COLOUR CHEM LTD,244.80,244.80,244.80,244.80,244.80,249.75,,244.80,,,2000,489600.00,1,F1,2000,,,,,
2026-09-07,2026-09-07,CM,NSE,STK,527,INE094J01016,UTIAMC,EQ,,,,,UTI ASSET MNGMT CO LTD,883.70,892.75,879.00,889.95,889.00,880.55,,889.94,,,64072,56784849.75,5332,F1,1,,,,,
2026-09-07,2026-09-07,CM,NSE,STK,764180,INF789F1AG68,LIQUIDBETA,EQ,,,,,UTIAMC - LIQUIDBETA,981.86,1019.00,981.86,1007.14,1007.14,1007.04,,1007.14,,,127,127910.80,9,F1,1,,,,,
2026-09-07,2026-09-07,CM,NSE,STK,765431,INF789F1AG76,NIF500BETA,EQ,,,,,UTIAMC - NIF500BETA,38.29,38.30,37.21,37.24,37.25,37.54,,37.24,,,2978,110976.74,21,F1,1,,,,,
2026-09-07,2026-09-07,CM,NSE,STK,22440,INF789F1AUV1,BANKBETA,EQ,,,,,UTIAMC-BANKBETA,59.48,59.52,58.94,59.04,59.00,59.57,,59.04,,,233415,13794219.54,1024,F1,1,,,,,
2026-09-07,2026-09-07,CM,NSE,STK,22524,INF789F1AZF3,GILT10BETA,EQ,,,,,UTIAMC-GILT10BETA,27.11,27.60,26.23,26.40,26.40,26.58,,26.40,,,503607,13294995.38,72,F1,1,,,,,
2026-09-07,2026-09-07,CM,NSE,STK,22521,INF789F1AZE6,GILT5BETA,EQ,,,,,UTIAMC-GILT5BETA,67.60,69.00,65.81,66.94,66.94,66.94,,66.94,,,202427,13420589.98,55,F1,1,,,,,
2026-09-07,2026-09-07,CM,NSE,STK,22488,INF789F1AZD8,ITBETA,EQ,,,,,UTIAMC-ITBETA,318.20,318.27,314.67,316.25,317.12,322.95,,316.10,,,1297,410936.01,61,F1,1,,,,,
2026-09-07,2026-09-07,CM,NSE,STK,18347,INF789F1AYX9,MIDCAPBETA,EQ,,,,,UTIAMC-MIDCAPBETA,233.50,234.62,232.73,233.48,233.48,233.21,,233.48,,,781,182748.99,40,F1,1,,,,,
2026-09-07,2026-09-07,CM,NSE,STK,21478,INF789F1AUW9,NEXT50BETA,EQ,,,,,UTIAMC-NEXT50BETA,79.05,79.44,78.50,78.66,78.90,79.05,,78.66,,,77235,6080425.69,792,F1,1,,,,,
2026-09-07,2026-09-07,CM,NSE,STK,10511,INF789F1AZC0,NIFTYBETA,EQ,,,,,UTIAMC-NIFTYBETA,269.70,269.70,263.62,263.89,264.00,265.73,,263.86,,,13709,3623448.23,683,F1,1,,,,,
2026-09-07,2026-09-07,CM,NSE,STK,10515,INF789FB1X58,SENSEXBETA,EQ,,,,,UTIAMC-SENSEXBETA,850.89,851.50,843.00,843.38,843.00,850.89,,843.38,,,1030,870932.76,237,F1,1,,,,,
2026-09-07,2026-09-07,CM,NSE,STK,15085,INF789F1AYK6,SILVERBETA,EQ,,,,,UTIAMC-SILVERBETA,223.49,223.49,220.67,222.04,221.71,224.83,,222.04,,,369041,81789380.45,3601,F1,1,,,,,
2026-09-07,2026-09-07,CM,NSE,STK,9168,INF789F1AUU3,SNXT50BETA,EQ,,,,,UTIAMC-SNXT50BETA,92.60,95.98,92.60,94.03,94.55,94.98,,94.03,,,3237,305275.30,153,F1,1,,,,,
2026-09-07,2026-09-07,CM,NSE,STK,14535,INF789F1AUX7,GOLDBETA,EQ,,,,,UTIAMC-UTIGOLDBETA,128.20,128.25,127.00,128.00,128.00,129.50,,128.00,,,1004130,128345875.30,4263,F1,1,,,,,
2026-09-07,2026-09-07,CM,NSE,STK,17358,INE735W01017,UTKARSHBNK,EQ,,,,,UTKARSH SMALL FIN BANK L,14.64,15.10,14.40,15.03,15.02,14.56,,15.03,,,8467823,126061238.88,8240,F1,1,,,,,
2026-09-07,2026-09-07,CM,NSE,STK,24726,INE06IJ01010,UTSSAV,SM,,,,,UTSSAV CZ GOLD JEWELS LTD,475.10,508.00,475.10,491.40,495.00,468.30,,491.40,,,36000,17792040.00,54,F1,600,,,,,
2026-09-07,2026-09-07,CM,NSE,STK,13376,INE786F01031,UTTAMSUGAR,EQ,,,,,UTTAM SUGAR MILLS LTD.,283.45,294.00,281.20,284.00,285.00,281.20,,284.04,,,343123,98419123.30,9167,F1,1,,,,,
2026-09-07,2026-09-07,CM,NSE,STK,3188,INE0GXK01018,VMARCIND,SM,,,,,V MARC INDIA LIMITED,303.10,315.90,288.10,303.00,301.15,320.10,,303.00,,,1245000,374743500.00,749,F1,1500,,,,,
2026-09-07,2026-09-07,CM,NSE,STK,23018,INE0QQM01017,VR,SM,,,,,V R INFRASPACE LIMITED,107.10,107.10,107.10,107.10,107.10,102.00,,107.10,,,400,42840.00,1,F1,400,,,,,
2026-09-07,2026-09-07,CM,NSE,STK,765220,INE222F01029,VTMLTD,EQ,,,,,V T M LTD.,58.90,58.90,55.50,56.49,57.15,56.12,,56.55,,,10946,624746.28,119,F1,1,,,,,
2026-09-07,2026-09-07,CM,NSE,STK,15362,INE951I01027,VGUARD,EQ,,,,,V-GUARD IND LTD.,333.90,335.45,330.85,332.55,332.55,335.40,,332.54,,,382618,127311229.00,10262,F1,1,,,,,
2026-09-07,2026-09-07,CM,NSE,STK,24606,INE0QXL01015,VLINFRA,SM,,,,,V.L.INFRAPROJECTS LIMITED,27.80,27.80,27.80,27.80,27.80,27.80,,27.80,,,3000,83400.00,1,F1,1500,,,,,
2026-09-07,2026-09-07,CM,NSE,STK,14766,INE945H01021,V2RETAIL,EQ,,,,,V2 RETAIL LIMITED,220.00,225.70,217.69,222.42,221.97,216.50,,222.42,,,3160103,703834945.51,35593,F1,1,,,,,
2026-09-07,2026-09-07,CM,NSE,STK,20188,INE956G01038,WABAG,EQ,,,,,VA TECH WABAG LTD,2029.00,2064.80,1985.30,2008.00,2012.00,2005.30,,2008.01,,,388707,783566868.90,25811,F1,1,,,,,
2026-09-07,2026-09-07,CM,NSE,STK,764975,INE693D01018,VADILENT,EQ,,,,,VADILAL ENTERPRISES LTD.,10399.00,10950.00,10399.00,10730.00,10500.00,10045.00,,10536.84,,,22,232550.00,22,F1,1,,,,,
2026-09-07,2026-09-07,CM,NSE,STK,24196,INE694D01016,VADILALIND,EQ,,,,,VADILAL INDUSTRIES LTD,7629.00,7692.50,7456.00,7505.50,7477.00,7655.00,,7505.43,,,21025,158520745.00,5101,F1,1,,,,,
2026-09-07,2026-09-07,CM,NSE,STK,11364,INE884A01027,VAIBHAVGBL,EQ,,,,,VAIBHAV GLOBAL LIMITED,218.00,220.07,215.70,216.49,216.02,218.74,,216.51,,,194020,42208736.31,6302,F1,1,,,,,
2026-09-07,2026-09-07,CM,NSE,STK,8262,INE0JR301013,MADHAVBAUG,ST,,,,,VAIDYA SANE AYUR LAB LTD,160.00,160.00,152.55,153.70,152.55,160.50,,153.70,,,8400,1328900.00,13,F1,400,,,,,
2026-09-07,2026-09-07,CM,NSE,STK,16589,INE972X01022,VAISHALI,EQ,,,,,VAISHALI PHARMA LIMITED,8.53,8.53,8.21,8.37,8.40,8.32,,8.37,,,91770,764940.98,212,F1,1,,,,,
2026-09-07,2026-09-07,CM,NSE,STK,13342,INE051B01021,VAKRANGEE,EQ,,,,,VAKRANGEE LIMITED,5.79,5.81,5.61,5.66,5.69,5.79,,5.66,,,1770839,10110743.44,2642,F1,1,,,,,
2026-09-07,2026-09-07,CM,NSE,STK,19220,INE0JWS01017,VALIANTLAB,BE,,,,,VALIANT LABORATORIES LTD,110.90,110.90,104.10,108.70,108.74,105.97,,108.69,,,171865,18726517.08,696,F1,1,,,,,
2026-09-07,2026-09-07,CM,NSE,STK,334,INE565V01010,VALIANTORG,BE,,,,,VALIANT ORGANICS LIMITED,325.00,333.00,322.00,326.10,329.00,320.25,,326.00,,,27827,9101786.35,438,F1,1,,,,,
2026-09-07,2026-09-07,CM,NSE,STK,18124,INE879I01012,DBREALTY,EQ,,,,,VALOR ESTATE LIMITED,103.25,103.25,100.12,100.88,100.80,102.57,,100.85,,,833894,84521430.27,6893,F1,1,,,,,
2026-09-07,2026-09-07,CM,NSE,STK,763304,INE1E7Y01018,VALUE360,SM,,,,,VALUE 360 COMMUNICATION L,72.00,72.05,69.25,69.75,69.25,74.00,,69.75,,,7200,510360.00,6,F1,1200,,,,,
2026-09-07,2026-09-07,CM,NSE,STK,13403,INE116G01013,VARDHACRLC,BE,,,,,VARDHAMAN ACRYLICS LTD,43.21,44.00,42.51,42.79,43.49,43.59,,42.79,,,36959,1594686.58,330,F1,1,,,,,
2026-09-07,2026-09-07,CM,NSE,STK,11892,INE701A01023,VHL,EQ,,,,,VARDHMAN HOLDINGS LIMITED,3576.00,3675.00,3576.00,3620.80,3628.00,3626.40,,3620.80,,,193,702996.90,63,F1,1,,,,,
2026-09-07,2026-09-07,CM,NSE,STK,3646,INE835A01029,VARDMNPOLY,EQ,,,,,VARDHMAN POLYTEX LTD.,5.91,5.98,5.80,5.89,5.90,5.87,,5.89,,,62048,365615.10,248,F1,1,,,,,
2026-09-07,2026-09-07,CM,NSE,STK,27067,INE050M01012,VSSL,EQ,,,,,VARDHMAN SPC STEEL LTD,363.90,370.00,355.30,356.45,357.10,364.15,,356.45,,,70989,25730891.20,3329,F1,1,,,,,
2026-09-07,2026-09-07,CM,NSE,STK,2073,INE825A01020,VTL,EQ,,,,,VARDHMAN TEXTILES LIMITED,592.00,598.50,586.40,590.20,589.00,598.20,,590.21,,,209417,124134470.65,11382,F1,1,,,,,
2026-09-07,2026-09-07,CM,NSE,STK,3857,INE665L01035,VARROC,EQ,,,,,VARROC ENGINEERING LTD.,821.05,832.00,813.00,827.05,832.00,826.35,,827.00,,,154732,127167034.05,9317,F1,1,,,,,
2026-09-07,2026-09-07,CM,NSE,STK,18921,INE200M01039,VBL,EQ,,,,,VARUN BEVERAGES LIMITED,406.00,407.60,404.00,405.95,405.95,407.60,,405.96,,,5062827,2051989561.40,71778,F1,1,,,,,
2026-09-07,2026-09-07,CM,NSE,STK,13771,INE273D01027,VGL,EQ,,,,,VARVEE GLOBAL LIMITED,52.43,55.81,51.50,53.52,52.10,53.31,,53.48,,,47866,2540070.95,1061,F1,1,,,,,
2026-09-07,2026-09-07,CM,NSE,STK,16454,INE0N5801013,DENTALKART,SM,,,,,VASA DENTICITY LIMITED,402.05,417.90,399.00,417.20,417.00,412.00,,417.20,,,6250,2535487.50,24,F1,250,,,,,
2026-09-07,2026-09-07,CM,NSE,STK,1274,INE068Z01016,VASA,SM,,,,,VASA RETAIL & OVERSEA LTD,3.85,3.85,3.85,3.85,3.85,4.05,,3.85,,,4000,15400.00,1,F1,4000,,,,,
2026-09-07,2026-09-07,CM,NSE,STK,18110,INE893I01013,VASCONEQ,EQ,,,,,VASCON ENGINEERS LTD,30.56,30.79,30.00,30.09,30.01,30.47,,30.10,,,143213,4322631.73,674,F1,1,,,,,
2026-09-07,2026-09-07,CM,NSE,STK,25340,INE590L01019,VASWANI,EQ,,,,,VASWANI IND LTD,47.49,47.49,45.51,45.85,46.49,47.01,,45.85,,,26758,1236225.08,353,F1,1,,,,,
2026-09-07,2026-09-07,CM,NSE,STK,9027,INE098201036,VCL,BE,,,,,VAXTEX COTFAB LIMITED,1.53,1.53,1.51,1.51,1.51,1.58,,1.51,,,290941,440271.93,180,F1,1,,,,,
2026-09-07,2026-09-07,CM,NSE,STK,757413,INE04HY07294,1025VCCL28,N0,,,,,VCCL 10.25% 2028,94001.00,94001.00,94001.00,94001.00,94001.00,96000.00,,94001.00,,,1,94001.00,1,F1,1,,,,,
2026-09-07,2026-09-07,CM,NSE,STK,25464,INE04HY07161,12VCCL27,N0,,,,,VCCL 12% 2027 SR A,99500.00,101500.00,99500.00,101500.00,101500.00,99500.00,,101500.00,,,8,805000.00,6,F1,1,,,,,
2026-09-07,2026-09-07,CM,NSE,STK,756916,INE04HY07229,12VCCL29B,N0,,,,,VCCL 12% 2029,99989.00,99989.00,99989.00,99989.00,99989.00,98000.00,,99989.00,,,5,499945.00,1,F1,1,,,,,
2026-09-07,2026-09-07,CM,NSE,STK,760558,INE04HY08011,125VCCL31,N0,,,,,VCCL 12.5% 2031,97000.00,97000.00,97000.00,97000.00,97000.00,97199.00,,97000.00,,,2,194000.00,1,F1,1,,,,,
2026-09-07,2026-09-07,CM,NSE,STK,25054,INE0U2M01015,VDEAL,SM,,,,,VDEAL SYSTEM LIMITED,152.10,153.80,149.00,149.00,149.00,157.00,,149.00,,,22200,3365430.00,36,F1,600,,,,,
2026-09-07,2026-09-07,CM,NSE,STK,8167,INE825V01034,MANYAVAR,EQ,,,,,VEDANT FASHIONS LIMITED,597.10,598.20,583.55,586.25,588.00,594.20,,586.30,,,271674,160307640.85,10575,F1,1,,,,,
2026-09-07,2026-09-07,CM,NSE,STK,750174,INE1CDF01017,VAML,EQ,,,,,VEDANTA ALUMINIUM METAL L,438.00,440.00,434.25,438.90,438.80,437.75,,438.89,,,3188490,1395838323.80,71858,F1,1,,,,,
2026-09-07,2026-09-07,CM,NSE,STK,750290,INE1CLE01013,VISL,EQ,,,,,VEDANTA IRON AND STEEL L,35.76,36.34,34.52,34.64,34.70,35.39,,34.64,,,21758859,766818709.34,50439,F1,1,,,,,
2026-09-07,2026-09-07,CM,NSE,STK,3063,INE205A01025,VEDL,EQ,,,,,VEDANTA LIMITED,272.10,272.50,267.00,268.00,268.00,272.10,,268.00,,,4892640,1315933648.00,51799,F1,1,,,,,
2026-09-07,2026-09-07,CM,NSE,STK,750368,INE704J01044,VOGL,EQ,,,,,VEDANTA OIL AND GAS LTD,38.02,38.09,36.80,36.94,37.03,38.02,,36.94,,,26950606,1004243383.85,54715,F1,1,,,,,
2026-09-07,2026-09-07,CM,NSE,STK,750518,INE694L01019,VEDPOWER,EQ,,,,,VEDANTA POWER LIMITED,34.20,34.54,33.75,34.12,34.46,34.20,,34.12,,,12155109,413462058.55,43256,F1,1,,,,,
2026-09-07,2026-09-07,CM,NSE,STK,764980,INE359B01010,VEDAVAAG,EQ,,,,,VEDAVAAG SYSTEMS LTD.,18.30,18.50,17.00,18.15,18.10,18.17,,18.35,,,31991,586983.70,199,F1,1,,,,,
2026-09-07,2026-09-07,CM,NSE,STK,14019,INE484C01030,VEEDOL,EQ,,,,,VEEDOL CORPORATION LTD,1464.00,1481.00,1452.20,1456.30,1455.30,1476.80,,1456.27,,,6133,8976197.60,1171,F1,1,,,,,
2026-09-07,2026-09-07,CM,NSE,STK,10710,INE0KTW01013,VEEKAYEM,SM,,,,,VEEKAYEM FASH & APP LTD,109.10,111.50,107.40,111.50,111.50,113.05,,111.50,,,4500,491350.00,9,F1,500,,,,,
2026-09-07,2026-09-07,CM,NSE,STK,762969,INE232E01013,VELJAN,BE,,,,,VELJAN DENISON LTD.,1888.30,1935.00,1832.00,1902.30,1917.00,1878.90,,1887.52,,,1081,2064973.60,121,F1,1,,,,,
2026-09-07,2026-09-07,CM,NSE,STK,3757,INE398A01010,VENKEYS,EQ,,,,,VENKY S (INDIA) LIMITED,1640.80,1670.90,1631.60,1648.30,1644.30,1659.60,,1648.24,,,40538,66725552.50,5260,F1,1,,,,,
2026-09-07,2026-09-07,CM,NSE,STK,28847,INE781S01027,VENTIVE,EQ,,,,,VENTIVE HOSPITALITY LTD,604.50,604.50,578.00,580.55,579.05,588.20,,580.54,,,12470,7265243.85,1265,F1,1,,,,,
2026-09-07,2026-09-07,CM,NSE,STK,9592,INE0JA001018,VENUSPIPES,EQ,,,,,VENUS PIPES & TUBES LTD,1639.80,1821.00,1639.80,1805.40,1811.00,1631.00,,1805.33,,,603283,1063932524.10,43337,F1,1,,,,,
2026-09-07,2026-09-07,CM,NSE,STK,13856,INE411B01019,VENUSREM,BE,,,,,VENUS REMEDIES LIMITED,1694.40,1724.90,1652.10,1669.40,1657.10,1694.40,,1669.58,,,17771,29909029.70,855,F1,1,,,,,
2026-09-07,2026-09-07,CM,NSE,STK,8890,INE0IQ001011,VERANDA,EQ,,,,,VERANDA LEARNING SOL LTD,244.00,246.63,241.00,241.81,242.97,242.63,,241.81,,,113164,27469712.17,2346,F1,1,,,,,
2026-09-07,2026-09-07,CM,NSE,STK,23775,INE0SRI01019,VERITAAS,SM,,,,,VERITAAS ADVERTISING LTD,29.20,29.20,28.50,28.75,28.75,29.90,,28.75,,,4800,138600.00,4,F1,1200,,,,,
2026-09-07,2026-09-07,CM,NSE,STK,14491,INE0NLB01018,VERTEXPLUS,SM,,,,,VERTEXPLUS TECHNOLOGIES L,57.00,59.50,57.00,57.50,59.50,56.70,,57.50,,,3000,172500.00,2,F1,600,,,,,
2026-09-07,2026-09-07,CM,NSE,STK,10757,INE0KXY23015,VERTIS,IV,,,,,VERTIS INFRASTRUCTURE TST,119.00,119.00,117.00,117.00,117.00,115.05,,117.00,,,50000,5900000.00,2,F1,25000,,,,,
2026-09-07,2026-09-07,CM,NSE,STK,18863,INE188Y01031,VERTOZ,EQ,,,,,VERTOZ LIMITED,38.20,38.67,36.27,37.04,37.12,37.66,,37.04,,,43316,1628041.89,474,F1,1,,,,,
2026-09-07,2026-09-07,CM,NSE,STK,3676,INE386A01023,VESUVIUS,EQ,,,,,VESUVIUS INDIA LTD,422.40,424.90,416.80,419.55,419.05,419.15,,419.55,,,70358,29573755.15,2903,F1,1,,,,,
2026-09-07,2026-09-07,CM,NSE,STK,8660,INE918N01018,VETO,BE,,,,,VETO SWITCHGEAR CABLE LTD,126.99,126.99,124.10,125.62,125.60,125.50,,125.62,,,30100,3778935.69,208,F1,1,,,,,
2026-09-07,2026-09-07,CM,NSE,STK,14316,INE0MO401019,VIAZ,SM,,,,,VIAZ TYRES LIMITED,68.50,70.85,68.50,70.85,70.85,67.50,,70.85,,,8000,562000.00,4,F1,2000,,,,,
2026-09-07,2026-09-07,CM,NSE,STK,22730,INE0QTF01015,VSTL,EQ,,,,,VIBHOR STEEL TUBES LTD,118.01,123.15,118.01,121.75,121.70,117.66,,121.76,,,37905,4591154.89,883,F1,1,,,,,
2026-09-07,2026-09-07,CM,NSE,STK,765252,INE761Q01015,VGCL,EQ,,,,,VIBRANT GLOBAL CAPITAL L,52.62,53.37,50.15,50.98,50.65,52.62,,50.96,,,5319,275852.88,82,F1,1,,,,,
2026-09-07,2026-09-07,CM,NSE,STK,23386,INE048C01025,VHLTD,BE,,,,,VICEROY HOTELS LIMITED,117.45,124.00,116.10,121.87,123.50,118.21,,121.81,,,265117,31562102.35,393,F1,1,,,,,
2026-09-07,2026-09-07,CM,NSE,STK,765517,INE048C20025,VHLTD-RE1,BE,,,,,VICEROY HOTELS LTD,0.68,0.68,0.68,0.68,0.68,0.49,,1.89,,,78853,53620.04,90,F1,1,,,,,
2026-09-07,2026-09-07,CM,NSE,STK,760691,INE0F8901022,VICTORYEV,SM,,,,,VICTORY ELEC VEHICL INT L,15.30,15.30,15.30,15.30,15.30,15.65,,15.30,,,6000,91800.00,2,F1,3000,,,,,
2026-09-07,2026-09-07,CM,NSE,STK,13536,INE632C01026,VIDHIING,EQ,,,,,VIDHI SPCLTY F INGRDNTS L,351.00,355.95,348.00,349.00,348.00,347.75,,349.00,,,11998,4218052.50,834,F1,1,,,,,
2026-09-07,2026-09-07,CM,NSE,STK,760224,INE14UN01029,VIDYAWIRES,EQ,,,,,VIDYA WIRES LIMITED,90.90,90.99,87.55,88.15,88.15,90.13,,88.14,,,876024,78097189.64,7029,F1,1,,,,,
2026-09-07,2026-09-07,CM,NSE,STK,758898,INE1DM601016,VIGOR,SM,,,,,VIGOR PLAST INDIA LIMITED,103.85,112.75,103.85,112.75,112.75,102.50,,112.75,,,44800,4968400.00,28,F1,1600,,,,,
2026-09-07,2026-09-07,CM,NSE,STK,764985,INE362D01010,VIJSOLX,EQ,,,,,VIJAY SOLVEX LTD.,684.25,687.00,677.80,682.10,682.10,687.70,,683.90,,,99,67191.40,18,F1,1,,,,,
2026-09-07,2026-09-07,CM,NSE,STK,5585,INE043W01024,VIJAYA,EQ,,,,,VIJAYA DIAGNOSTIC CEN LTD,1493.20,1527.50,1487.90,1497.50,1497.00,1493.20,,1497.48,,,101311,152720072.90,11341,F1,1,,,,,
2026-09-07,2026-09-07,CM,NSE,STK,760121,INE0WL901019,VIJAYPD,SM,,,,,VIJAYPD CEUTICAL LIMITED,63.00,66.75,63.00,66.75,66.75,63.00,,66.75,,,8000,519000.00,4,F1,2000,,,,,
2026-09-07,2026-09-07,CM,NSE,STK,17695,INE159N01027,VIJIFIN,BE,,,,,VIJI FINANCE LIMITED,16.91,16.91,16.91,16.91,16.91,16.58,,17.03,,,14384,243233.44,39,F1,1,,,,,
2026-09-07,2026-09-07,CM,NSE,STK,25756,INE806A01020,VIKASECO,EQ,,,,,VIKAS ECOTECH LIMITED,1.07,1.08,1.06,1.07,1.07,1.07,,1.07,,,1477986,1581705.92,1250,F1,1,,,,,
2026-09-07,2026-09-07,CM,NSE,STK,9931,INE161L01027,VIKASLIFE,EQ,,,,,VIKAS LIFECARE LIMITED,1.29,1.30,1.26,1.29,1.30,1.29,,1.29,,,1692409,2178708.84,10898,F1,1,,,,,
2026-09-07,2026-09-07,CM,NSE,STK,759453,INE078V01014,VIKRAMSOLR,EQ,,,,,VIKRAM SOLAR LIMITED,168.60,168.85,165.25,165.81,166.30,168.45,,165.81,,,2014976,334931581.31,17421,F1,1,,,,,
2026-09-07,2026-09-07,CM,NSE,STK,758973,INE01R501028,VIKRAN,EQ,,,,,VIKRAN ENGINEERING LTD,61.00,61.37,59.88,60.60,60.20,60.77,,60.59,,,1147055,69528612.29,6432,F1,1,,,,,
2026-09-07,2026-09-07,CM,NSE,STK,23909,INE0AZY01017,VILAS,SM,,,,,VILAS TRANSCORE LIMITED,356.00,360.95,354.15,356.30,355.00,353.70,,356.30,,,60500,21516025.00,58,F1,250,,,,,
2026-09-07,2026-09-07,CM,NSE,STK,16954,INE0L4V01013,VILINBIO,SM,,,,,VILIN BIO MED LIMITED,56.95,56.95,56.90,56.95,56.95,54.25,,56.95,,,72000,4100000.00,17,F1,4000,,,,,
2026-09-07,2026-09-07,CM,NSE,STK,13101,INE579C01029,VIMTALABS,EQ,,,,,VIMTA LABS LIMITED,636.00,644.65,633.15,640.65,641.45,635.65,,640.91,,,109952,70377817.35,4772,F1,1,,,,,
2026-09-07,2026-09-07,CM,NSE,STK,17364,INE410B01037,VINATIORGA,EQ,,,,,VINATI ORGANICS LTD,1312.20,1315.70,1295.60,1298.90,1305.00,1310.70,,1298.90,,,44434,57846583.20,5584,F1,1,,,,,
2026-09-07,2026-09-07,CM,NSE,STK,3694,INE707A01012,VINDHYATEL,EQ,,,,,VINDHYA TELELINKS LTD,2755.00,2952.60,2750.30,2765.00,2778.00,2732.70,,2764.96,,,214917,615347625.50,25198,F1,1,,,,,
2026-09-07,2026-09-07,CM,NSE,STK,3807,INE505Y01010,VINEETLAB,EQ,,,,,VINEET LABORATORIES LTD,37.90,38.30,37.17,37.28,37.25,37.37,,37.28,,,70769,2646469.04,240,F1,1,,,,,
2026-09-07,2026-09-07,CM,NSE,STK,763821,INE27V201011,VMOBILE,SM,,,,,VINIT MOBILE LIMITED,59.00,59.00,56.50,56.60,57.00,58.85,,56.60,,,18400,1053680.00,22,F1,800,,,,,
2026-09-07,2026-09-07,CM,NSE,STK,12490,INE01KI01027,VINNY,EQ,,,,,VINNY OVERSEAS LIMITED,1.02,1.04,1.00,1.01,1.01,1.02,,1.01,,,431438,439466.78,249,F1,1,,,,,
2026-09-07,2026-09-07,CM,NSE,STK,17905,INE0OSJ01014,VINSYS,ST,,,,,VINSYS IT SERVICES IND LT,598.50,598.50,596.50,596.50,596.50,597.00,,596.50,,,1250,746625.00,4,F1,250,,,,,
2026-09-07,2026-09-07,CM,NSE,STK,25835,INE498Q01014,VINCOFE,EQ,,,,,VINTAGE COFFEE N BVRGS L,170.58,185.50,170.48,178.88,178.74,170.65,,178.87,,,4026692,723677166.49,37615,F1,1,,,,,
2026-09-07,2026-09-07,CM,NSE,STK,19206,INE0OLS01010,VINYAS,SM,,,,,VINYAS INNOVATIVE TECH L,1567.15,1567.15,1507.55,1520.25,1524.90,1559.35,,1520.25,,,6800,10361185.00,59,F1,100,,,,,
2026-09-07,2026-09-07,CM,NSE,STK,16821,INE250B01029,VINYLINDIA,EQ,,,,,VINYL CHEMICALS (I) LTD.,227.60,232.30,227.00,228.68,227.10,232.38,,228.60,,,5175,1189364.16,261,F1,1,,,,,
2026-09-07,2026-09-07,CM,NSE,STK,14843,INE450G01024,VIPCLOTHNG,EQ,,,,,VIP CLOTHING LIMITED,20.15,20.70,20.10,20.16,20.28,20.15,,20.16,,,36857,745548.09,145,F1,1,,,,,
2026-09-07,2026-09-07,CM,NSE,STK,3703,INE054A01027,VIPIND,EQ,,,,,VIP INDUSTRIES LTD,314.05,325.45,312.80,320.50,322.25,314.05,,320.60,,,613544,197369301.30,15001,F1,1,,,,,
2026-09-07,2026-09-07,CM,NSE,STK,8437,INE946H01037,VIPULLTD,BE,,,,,VIPUL LIMITED,13.71,13.71,13.71,13.71,13.71,13.98,,14.63,,,18348,251551.08,41,F1,1,,,,,
2026-09-07,2026-09-07,CM,NSE,STK,764990,INE467D01017,VIRAT,EQ,,,,,VIRAT INDUSTRIES LTD.,429.00,440.95,404.40,433.20,428.00,423.35,,434.62,,,6095,2607596.70,584,F1,1,,,,,
2026-09-07,2026-09-07,CM,NSE,STK,15295,INE539B01017,VIRINCHI,EQ,,,,,VIRINCHI LIMITED,14.50,14.90,14.11,14.31,14.35,14.70,,14.31,,,163647,2355652.09,501,F1,1,,,,,
2026-09-07,2026-09-07,CM,NSE,STK,757060,INE0VRH01015,VGINFOTECH,SM,,,,,VIRTUAL GALAXY INFOTECH L,140.00,143.55,139.00,140.75,141.00,139.40,,140.75,,,22000,3087150.00,21,F1,1000,,,,,
2026-09-07,2026-09-07,CM,NSE,STK,765218,INE247C01023,VIRTUALG,BE,,,,,VIRTUAL GLOBAL EDU LTD,0.48,0.48,0.45,0.45,0.46,0.47,,0.45,,,348816,160030.82,313,F1,1,,,,,
2026-09-07,2026-09-07,CM,NSE,STK,761916,INE0I0T01010,VOEPL,EQ,,,,,VIRTUOSO OPTOELECTRONIC L,553.20,574.95,538.60,543.15,541.00,553.20,,542.99,,,99932,55769825.45,4248,F1,1,,,,,
2026-09-07,2026-09-07,CM,NSE,STK,13295,INE286H01012,VISACHROME,EQ,,,,,VISA CHROME LIMITED,37.47,39.45,36.66,36.73,36.70,38.34,,36.73,,,135928,5031046.76,443,F1,1,,,,,
2026-09-07,2026-09-07,CM,NSE,STK,29877,INE370E01029,VIVIDHA,EQ,,,,,VISAGAR POLYTEX LTD,0.52,0.54,0.51,0.51,0.52,0.52,,0.52,,,127511,66603.44,194,F1,1,,,,,
2026-09-07,2026-09-07,CM,NSE,STK,4221,INE392A01021,VISAKAIND,EQ,,,,,VISAKA INDUSTRIES LIMITED,96.00,96.00,91.28,92.17,92.78,93.37,,92.17,,,303340,28368463.28,3887,F1,1,,,,,
2026-09-07,2026-09-07,CM,NSE,STK,24274,INE0BHK01012,VISAMAN,SM,,,,,VISAMAN GLOBAL SALES LTD,58.35,58.35,58.35,58.35,58.35,61.40,,58.35,,,1000,58350.00,1,F1,1000,,,,,
2026-09-07,2026-09-07,CM,NSE,STK,18708,INE0OWX01025,VISDEM,SM,,,,,VISDEM TECHNOSYS LIMITED,103.75,103.75,98.00,98.00,98.00,103.75,,98.00,,,6000,606600.00,5,F1,1200,,,,,
2026-09-07,2026-09-07,CM,NSE,STK,11773,INE755Q01025,VISHAL,EQ,,,,,VISHAL FABRICS LTD.,19.13,19.50,17.35,18.24,18.40,18.67,,18.25,,,81605,1510495.11,425,F1,1,,,,,
2026-09-07,2026-09-07,CM,NSE,STK,27969,INE01EA01019,VMM,EQ,,,,,VISHAL MEGA MART LIMITED,106.15,106.57,103.06,104.00,104.00,106.14,,103.99,,,19261503,2004453331.85,70256,F1,1,,,,,
2026-09-07,2026-09-07,CM,NSE,STK,6908,INE270I01022,VISHNU,EQ,,,,,VISHNU CHEMICALS LIMITED,700.00,744.00,698.00,726.50,729.00,702.00,,726.50,,,401102,292984864.55,17810,F1,1,,,,,
2026-09-07,2026-09-07,CM,NSE,STK,18341,INE0AE001013,VPRPL,EQ,,,,,VISHNU PRAKASH R PUNGLI L,36.38,36.44,34.00,34.27,34.69,36.28,,34.27,,,480055,16763110.31,2569,F1,1,,,,,
2026-09-07,2026-09-07,CM,NSE,STK,19300,INE0PQ001012,VISHNUINFR,SM,,,,,VISHNUSURYA PROJ N INFR L,155.55,160.95,155.55,157.10,157.10,158.00,,157.10,,,4000,631550.00,8,F1,500,,,,,
2026-09-07,2026-09-07,CM,NSE,STK,13702,INE430N01022,VISHWARAJ,EQ,,,,,VISHWARAJ SUGAR IND LTD,5.91,6.22,5.90,5.96,5.97,5.90,,5.96,,,862570,5237680.52,1090,F1,1,,,,,
2026-09-07,2026-09-07,CM,NSE,STK,25231,INE0TR001017,VIESL,SM,,,,,VISION INFRA EQUIP SOL L,396.00,402.20,390.00,394.10,394.00,393.10,,394.10,,,29600,11667560.00,27,F1,800,,,,,
2026-09-07,2026-09-07,CM,NSE,STK,761148,INE0L4K01016,VITAL,EQ,,,,,VITAL CHEMTECH LIMITED,57.00,58.00,54.10,56.59,56.65,55.72,,56.59,,,4143,232975.26,51,F1,1,,,,,
2026-09-07,2026-09-07,CM,NSE,STK,763636,INE0MEG01014,VIVIANA,EQ,,,,,VIVIANA POWER TECH LTD,816.00,830.00,773.00,776.55,774.00,804.70,,776.55,,,41040,32634635.10,1280,F1,1,,,,,
2026-09-07,2026-09-07,CM,NSE,STK,761768,INE24H301028,VIVIDEL,SM,,,,,VIVID ELECTROMECH LIMITED,1654.95,1750.05,1620.15,1696.10,1705.00,1591.60,,1696.10,,,73920,124238016.00,264,F1,240,,,,,
2026-09-07,2026-09-07,CM,NSE,STK,11968,INE526G01021,VIVIMEDLAB,BE,,,,,VIVIMED LABS LIMITED,6.51,6.51,6.45,6.45,6.45,6.58,,6.45,,,43686,281790.35,44,F1,1,,,,,
2026-09-07,2026-09-07,CM,NSE,STK,764995,INE380K01017,VIVOBIOT,EQ,,,,,VIVO BIO TECH LTD.,19.00,19.08,18.42,18.99,19.00,18.80,,18.99,,,39076,738539.14,209,F1,1,,,,,
2026-09-07,2026-09-07,CM,NSE,STK,14296,INE807F01027,VIYASH,EQ,,,,,VIYASH SCIENTIFIC LIMITED,266.50,266.90,262.55,263.65,263.75,265.85,,263.65,,,2271312,599267637.80,24114,F1,1,,,,,
2026-09-07,2026-09-07,CM,NSE,STK,18012,INE03HW01020,VLEGOV,EQ,,,,,VL E GOV AND IT SOL LTD,10.98,10.98,10.26,10.47,10.48,10.61,,10.46,,,99020,1030888.34,592,F1,1,,,,,
2026-09-07,2026-09-07,CM,NSE,STK,3715,INE709A01018,VLSFINANCE,EQ,,,,,VLS FINANCE LTD,245.00,247.80,244.00,244.43,244.40,246.44,,244.43,,,5921,1452124.69,187,F1,1,,,,,
2026-09-07,2026-09-07,CM,NSE,STK,29284,INE665J01013,VMART,EQ,,,,,VMART RETAIL LTD,829.35,831.90,815.00,826.20,824.00,824.20,,826.22,,,58090,47881089.35,5538,F1,1,,,,,
2026-09-07,2026-09-07,CM,NSE,STK,759152,INE0SJA01013,VMSTMT,EQ,,,,,VMS TMT LIMITED,45.45,45.60,44.10,44.58,44.53,45.46,,44.58,,,29817,1338142.33,436,F1,1,,,,,
2026-09-07,2026-09-07,CM,NSE,STK,14366,INE669E01016,IDEA,EQ,,,,,VODAFONE IDEA LIMITED,15.09,15.68,15.06,15.60,15.60,15.02,,15.60,,,695355022,10784957564.93,975938,F1,1,,,,,
2026-09-07,2026-09-07,CM,NSE,STK,765000,INE285C01015,VOITHPAPR,EQ,,,,,VOITH PAPER FABRICS IND L,1487.90,1488.00,1436.00,1475.50,1480.00,1458.60,,1479.12,,,361,529074.20,44,F1,1,,,,,
2026-09-07,2026-09-07,CM,NSE,STK,29658,INE241X01014,VOLERCAR,SM,,,,,VOLER CAR LIMITED,247.50,251.95,232.60,235.90,235.90,246.95,,235.90,,,30400,7336880.00,28,F1,800,,,,,
2026-09-07,2026-09-07,CM,NSE,STK,13577,INE540H01012,VOLTAMP,EQ,,,,,VOLTAMP TRANSFORMERS LTD,11500.00,11502.00,10951.00,11067.00,11098.00,11418.00,,11067.16,,,35462,393739670.00,14614,F1,1,,,,,
2026-09-07,2026-09-07,CM,NSE,STK,3718,INE226A01021,VOLTAS,EQ,,,,,VOLTAS LTD,1170.00,1176.40,1164.40,1167.20,1167.20,1170.00,,1167.20,,,402813,471454207.10,15585,F1,1,,,,,
2026-09-07,2026-09-07,CM,NSE,STK,24321,INE0S2V01010,VRAJ,EQ,,,,,VRAJ IRON AND STEEL LTD,121.53,124.00,121.53,122.14,122.67,121.71,,122.15,,,9594,1178415.63,275,F1,1,,,,,
2026-09-07,2026-09-07,CM,NSE,STK,8696,INE366I01010,VRLLOG,EQ,,,,,VRL LOGISTICS LIMITED,297.70,298.90,291.15,292.75,293.00,297.70,,292.75,,,144481,42505101.85,9699,F1,1,,,,,
2026-09-07,2026-09-07,CM,NSE,STK,3724,INE710A01016,VSTIND,EQ,,,,,VST INDUSTRIES LTD,208.00,208.50,205.97,206.96,207.39,208.15,,206.94,,,94351,19530005.49,3240,F1,1,,,,,
2026-09-07,2026-09-07,CM,NSE,STK,24292,INE764D01017,VSTTILLERS,EQ,,,,,VST TILLERS TRACTORS LTD,4208.50,4208.80,4113.00,4131.90,4138.00,4187.60,,4131.64,,,6410,26624376.00,1837,F1,1,,,,,
2026-09-07,2026-09-07,CM,NSE,STK,765005,INE855A01019,WHBRADY,EQ,,,,,W H BRADY & CO. LTD.,493.00,497.00,493.00,495.50,495.50,482.20,,494.25,,,12,5945.00,4,F1,1,,,,,
2026-09-07,2026-09-07,CM,NSE,STK,762978,INE765D01022,WPIL,EQ,,,,,W P I L LTD.,445.00,445.00,433.00,435.30,435.00,443.90,,435.29,,,31690,13840572.90,1539,F1,1,,,,,
2026-09-07,2026-09-07,CM,NSE,STK,14828,INE100D01014,WSI,EQ,,,,,W.S.INDUSTRIES (I) LTD.,60.50,61.31,59.71,61.00,60.04,60.37,,61.00,,,83914,5087111.76,1853,F1,1,,,,,
2026-09-07,2026-09-07,CM,NSE,STK,25907,INE377N01017,WAAREEENER,EQ,,,,,WAAREE ENERGIES LIMITED,2626.00,2653.00,2590.00,2593.00,2593.00,2635.00,,2593.07,,,382404,999493237.90,23903,F1,1,,,,,
2026-09-07,2026-09-07,CM,NSE,STK,756038,INE299N01021,WAAREERTL,EQ,,,,,WAAREE RENEWABLE TECH LTD,851.40,857.80,848.80,852.60,850.00,858.95,,852.61,,,78010,66454739.95,5663,F1,1,,,,,
2026-09-07,2026-09-07,CM,NSE,STK,760259,INE0E7301029,WAKEFIT,EQ,,,,,WAKEFIT INNOVATIONS LTD,152.28,157.48,151.70,155.34,155.55,151.55,,155.34,,,1054577,164054501.07,13998,F1,1,,,,,
2026-09-07,2026-09-07,CM,NSE,STK,3736,INE711A01022,WALCHANNAG,EQ,,,,,WALCHANDNAGAR INDUSTRIES,208.61,225.50,206.91,223.36,224.72,208.61,,223.38,,,2190611,481524459.03,24589,F1,1,,,,,
2026-09-07,2026-09-07,CM,NSE,STK,5013,INE0G2G01015,WALPAR,SM,,,,,WALPAR NUTRITIONS LIMITED,22.80,23.05,22.80,23.05,23.05,23.75,,23.05,,,4000,91700.00,2,F1,2000,,,,,
2026-09-07,2026-09-07,CM,NSE,STK,14063,INE107F01022,WANBURY,EQ,,,,,WANBURY LIMITED,243.10,253.00,240.00,250.55,252.00,246.20,,250.58,,,140282,34484692.90,4136,F1,1,,,,,
2026-09-07,2026-09-07,CM,NSE,STK,765225,INE945P01024,WARDINMOBI,EQ,,,,,WARDWIZARD INNO & MOB L,5.94,5.98,4.69,5.77,5.80,5.86,,5.77,,,385034,2175807.41,1056,F1,1,,,,,
2026-09-07,2026-09-07,CM,NSE,STK,3745,INE054C01015,WATERBASE,EQ,,,,,WATERBASE LTD.,49.00,49.84,47.71,48.49,48.50,48.63,,48.51,,,23118,1134753.96,235,F1,1,,,,,
2026-09-07,2026-09-07,CM,NSE,STK,762163,INE0LZF01039,CORDELIA,EQ,,,,,WATERWAYS LEISURE TOUR L,103.90,109.09,102.01,109.08,109.09,103.90,,109.08,,,3042994,327804099.02,12991,F1,1,,,,,
2026-09-07,2026-09-07,CM,NSE,STK,759215,INE0A3007065,1075WCA28,N0,,,,,WCAPL 10.75% 2028,9357.98,9500.00,9357.98,9500.00,9500.00,9405.00,,9500.00,,,5,47357.98,3,F1,1,,,,,
2026-09-07,2026-09-07,CM,NSE,STK,9862,INE082W01014,WEWIN,EQ,,,,,WE WIN LIMITED,41.00,43.90,41.00,41.97,41.90,41.91,,41.62,,,907,38449.47,34,F1,1,,,,,
2026-09-07,2026-09-07,CM,NSE,STK,760482,INF2F0001370,TWCGOLDETF,EQ,,,,,WEALTH - TWCGOLDETF,152.93,152.93,149.93,151.22,151.14,152.93,,151.22,,,3316,501139.20,825,F1,1,,,,,
2026-09-07,2026-09-07,CM,NSE,STK,1923,INE658T01017,WEALTH,EQ,,,,,WEALTH FRST PORT. MG. LTD,841.70,852.70,832.00,839.25,844.95,841.70,,839.25,,,1513,1272797.15,151,F1,1,,,,,
2026-09-07,2026-09-07,CM,NSE,STK,14602,INE855C01023,WEBELSOLAR,EQ,,,,,WEBSOL ENERGY SYSTEM LTD,74.00,75.81,73.90,75.21,75.38,74.53,,75.21,,,1728404,129292000.34,10584,F1,1,,,,,
2026-09-07,2026-09-07,CM,NSE,STK,3748,INE080A01014,WEIZMANIND,EQ,,,,,WEIZMANN LTD,74.50,75.85,72.50,73.37,75.85,74.50,,73.37,,,802,58826.52,52,F1,1,,,,,
2026-09-07,2026-09-07,CM,NSE,STK,11821,INE191B01025,WELCORP,EQ,,,,,WELSPUN CORP LIMITED,2584.90,2674.80,2536.80,2597.90,2600.00,2590.60,,2598.02,,,1503451,3943834972.40,101258,F1,1,,,,,
2026-09-07,2026-09-07,CM,NSE,STK,11626,INE625G01013,WELENT,EQ,,,,,WELSPUN ENTERPRISES LTD.,813.60,815.20,772.50,783.50,783.10,813.60,,784.09,,,621082,491081752.55,19272,F1,1,,,,,
2026-09-07,2026-09-07,CM,NSE,STK,19804,INE389K01018,WELINV,BE,,,,,WELSPUN INV & COMM LTD,2275.30,2275.30,2275.30,2275.30,2275.30,2230.70,,2275.30,,,20,45506.00,5,F1,1,,,,,
2026-09-07,2026-09-07,CM,NSE,STK,11253,INE192B01031,WELSPUNLIV,EQ,,,,,WELSPUN LIVING LIMITED,210.00,216.00,209.02,211.95,212.92,208.51,,211.95,,,6124120,1303868241.11,65773,F1,1,,,,,
2026-09-07,2026-09-07,CM,NSE,STK,762971,INE731F01037,WELSPLSOL,EQ,,,,,WELSPUN SPECIALTY SOL L,60.44,61.99,58.50,58.99,59.30,59.55,,58.99,,,2204084,132860825.72,16833,F1,1,,,,,
2026-09-07,2026-09-07,CM,NSE,STK,4235,INE274C01019,WENDT,EQ,,,,,WENDT (INDIA) LIMITED,8160.00,8420.00,8113.50,8340.00,8284.50,8160.00,,8340.06,,,8810,73381555.00,2596,F1,1,,,,,
2026-09-07,2026-09-07,CM,NSE,STK,3799,INE976A01021,WSTCSTPAPR,EQ,,,,,WEST COAST PAPER MILLS LT,648.50,693.00,644.55,687.50,689.00,650.25,,687.48,,,605527,409178016.00,25001,F1,1,,,,,
2026-09-07,2026-09-07,CM,NSE,STK,25403,INE0CJF01024,WCIL,EQ,,,,,WESTERN CARRIERS (IND) L,84.00,84.45,82.50,82.78,82.50,83.38,,82.88,,,55033,4578043.09,1144,F1,1,,,,,
2026-09-07,2026-09-07,CM,NSE,STK,11580,INE274F01020,WESTLIFE,EQ,,,,,WESTLIFE FOODWORLD LTD,528.00,538.85,520.20,533.05,530.00,530.60,,533.03,,,32363,17078537.45,3204,F1,1,,,,,
2026-09-07,2026-09-07,CM,NSE,STK,759434,INE085001019,WEWORK,EQ,,,,,WEWORK INDIA MANAGEMENT L,666.95,688.35,666.55,675.35,675.00,666.95,,675.36,,,160167,108394334.35,16097,F1,1,,,,,
2026-09-07,2026-09-07,CM,NSE,STK,3766,INE715A01015,WHEELS,EQ,,,,,WHEELS INDIA LTD,1740.00,1799.90,1713.10,1755.40,1768.00,1724.90,,1755.41,,,341864,597654172.30,22050,F1,1,,,,,
2026-09-07,2026-09-07,CM,NSE,STK,18011,INE716A01013,WHIRLPOOL,EQ,,,,,WHIRLPOOL OF INDIA LTD,818.40,825.00,809.00,815.35,814.00,815.95,,815.43,,,199585,162542130.45,13972,F1,1,,,,,
2026-09-07,2026-09-07,CM,NSE,STK,3772,INE210A01017,WILLAMAGOR,EQ,,,,,WILLIAMSON MAGOR,25.40,25.40,23.50,23.76,23.61,25.40,,24.41,,,10152,248738.98,120,F1,1,,,,,
2026-09-07,2026-09-07,CM,NSE,STK,5366,INE0H5O01029,WINDLAS,EQ,,,,,WINDLAS BIOTECH LIMITED,1150.00,1181.90,1145.00,1154.75,1152.00,1126.35,,1154.75,,,275989,320835677.50,21026,F1,1,,,,,
2026-09-07,2026-09-07,CM,NSE,STK,24969,INE052A01021,WINDMACHIN,EQ,,,,,WINDSOR MACHINES LIMITED,303.10,316.15,302.05,310.50,310.20,304.25,,310.50,,,94815,29450245.60,2873,F1,1,,,,,
2026-09-07,2026-09-07,CM,NSE,STK,23714,INE0S3D01016,WINSOL,SM,,,,,WINSOL ENGINEERS LIMITED,114.00,116.00,114.00,116.00,116.00,116.00,,116.00,,,2400,276800.00,4,F1,400,,,,,
2026-09-07,2026-09-07,CM,NSE,STK,3787,INE075A01022,WIPRO,EQ,,,,,WIPRO LTD,175.89,176.47,172.65,172.80,172.80,176.40,,172.81,,,10720636,1861327806.30,104981,F1,1,,,,,
2026-09-07,2026-09-07,CM,NSE,STK,22725,INE623Y01011,WTICAB,SM,,,,,WISE TRAVEL INDIA LIMITED,104.50,105.00,99.00,101.35,101.50,104.15,,101.35,,,44000,4473650.00,56,F1,500,,,,,
2026-09-07,2026-09-07,CM,NSE,STK,7506,INE049B01025,WOCKPHARMA,EQ,,,,,WOCKHARDT LIMITED,2112.50,2236.00,2076.20,2208.00,2212.80,2088.70,,2207.97,,,4319658,9416811126.00,189291,F1,1,,,,,
2026-09-07,2026-09-07,CM,NSE,STK,25602,INE0OO201011,WOL3D,SM,,,,,WOL 3D INDIA LIMITED,136.50,142.40,136.50,142.35,142.35,136.50,,142.35,,,3000,421250.00,3,F1,1000,,,,,
2026-09-07,2026-09-07,CM,NSE,STK,19632,INE0Q9601016,WOMANCART,ST,,,,,WOMANCART LIMITED,105.50,108.55,101.50,103.90,108.35,105.70,,103.90,,,14400,1502140.00,32,F1,400,,,,,
2026-09-07,2026-09-07,CM,NSE,STK,7835,INE02WG01024,WEL,EQ,,,,,WONDER ELECTRICALS LTD,75.50,76.68,72.23,72.23,72.23,76.03,,72.23,,,1602669,116779296.95,7887,F1,1,,,,,
2026-09-07,2026-09-07,CM,NSE,STK,3002,INE066O01014,WONDERLA,EQ,,,,,WONDERLA HOLIDAYS LTD.,538.60,538.60,521.10,526.30,526.00,533.90,,526.30,,,40911,21565677.75,2347,F1,1,,,,,
2026-09-07,2026-09-07,CM,NSE,STK,22277,INE196Y01018,WORTHPERI,EQ,,,,,WORTH PERIPHERALS LIMITED,150.30,156.50,150.30,154.99,154.90,154.99,,154.99,,,3939,609729.17,48,F1,1,,,,,
2026-09-07,2026-09-07,CM,NSE,STK,11705,INE692G01013,XCHANGING,EQ,,,,,XCHANGING SOLUTIONS LTD,61.38,64.80,60.63,64.30,64.40,61.40,,64.28,,,325705,20650901.04,2093,F1,1,,,,,
2026-09-07,2026-09-07,CM,NSE,STK,8477,INE01P501012,XELPMOC,EQ,,,,,XELPMOC DESIGN & TECH LTD,80.00,81.00,77.48,78.08,78.39,80.14,,78.08,,,13772,1083743.50,264,F1,1,,,,,
2026-09-07,2026-09-07,CM,NSE,STK,11407,INE445C01015,XPROINDIA,EQ,,,,,XPRO INDIA LIMITED,1326.00,1408.70,1326.00,1362.00,1350.00,1325.10,,1362.15,,,340774,465904868.50,22951,F1,1,,,,,
2026-09-07,2026-09-07,CM,NSE,STK,25235,INE547B01028,XTGLOBAL,EQ,,,,,XTGLOBAL INFOTECH LIMITED,31.06,32.45,31.00,32.00,32.38,31.69,,31.99,,,71432,2274216.39,994,F1,1,,,,,
2026-09-07,2026-09-07,CM,NSE,STK,764312,INE0NG701011,XTRANET,EQ,,,,,XTRANET TECHNOLOGIES LTD,242.00,281.08,236.58,279.83,281.08,234.24,,279.83,,,13668382,3666944840.41,149232,F1,1,,,,,
2026-09-07,2026-09-07,CM,NSE,STK,760870,INE0U0J01015,YAAP,SM,,,,,YAAP DIGITAL LIMITED,138.20,142.50,134.00,134.00,134.00,137.80,,134.00,,,29000,4022400.00,29,F1,1000,,,,,
2026-09-07,2026-09-07,CM,NSE,STK,23451,INE0TO601017,YASHOPTICS,SM,,,,,YASH OPTICS & LENS LTD,123.75,123.75,114.95,116.35,117.00,123.75,,116.35,,,16800,1968240.00,20,F1,800,,,,,
2026-09-07,2026-09-07,CM,NSE,STK,18131,INE616Z01012,YASHO,EQ,,,,,YASHO INDUSTRIES LIMITED,4134.10,4162.50,3958.10,3987.80,3998.00,4134.10,,3987.91,,,28306,114036183.50,5261,F1,1,,,,,
2026-09-07,2026-09-07,CM,NSE,STK,17627,INE08S201019,YCCL,SM,,,,,YASONS CHEMEX CARE LTD,8.50,9.15,8.00,8.55,8.60,8.60,,8.55,,,51000,432000.00,15,F1,3000,,,,,
2026-09-07,2026-09-07,CM,NSE,STK,17738,INE0JO301016,YATHARTH,EQ,,,,,YATHARTH HOSP & TRA C S L,995.00,1019.00,985.60,994.80,991.00,991.10,,994.86,,,357062,358123002.20,17277,F1,1,,,,,
2026-09-07,2026-09-07,CM,NSE,STK,18760,INE0JR601024,YATRA,EQ,,,,,YATRA ONLINE LIMITED,113.00,117.45,112.20,114.97,114.70,113.49,,114.98,,,1530727,176982045.61,12572,F1,1,,,,,
2026-09-07,2026-09-07,CM,NSE,STK,11915,INE528G01035,YESBANK,EQ,,,,,YES BANK LIMITED,22.44,22.59,22.28,22.42,22.42,22.50,,22.42,,,33364009,746639916.98,68684,F1,1,,,,,
2026-09-07,2026-09-07,CM,NSE,STK,765010,INE290E01011,YOGI,EQ,,,,,YOGI LTD.,163.40,163.40,155.00,163.25,163.25,163.45,,162.13,,,4221,689213.00,64,F1,1,,,,,
2026-09-07,2026-09-07,CM,NSE,STK,18040,INE09FA01019,YUDIZ,SM,,,,,YUDIZ SOLUTIONS LIMITED,27.95,27.95,25.65,25.95,25.65,26.95,,25.95,,,5600,147040.00,5,F1,800,,,,,
2026-09-07,2026-09-07,CM,NSE,STK,5501,INE384C01016,YUKEN,EQ,,,,,YUKEN INDIA LIMITED,1015.85,1024.05,994.30,1005.60,999.50,1010.80,,1005.50,,,9288,9342294.95,876,F1,1,,,,,
2026-09-07,2026-09-07,CM,NSE,STK,4229,INE116C01012,ZFSTEERING,EQ,,,,,Z F STEERING GEAR (I) LTD,678.00,678.00,652.20,668.50,663.00,667.50,,668.50,,,9550,6338627.45,275,F1,1,,,,,
2026-09-07,2026-09-07,CM,NSE,STK,23976,INE0ISZ01012,ZTECH,SM,,,,,Z-TECH (INDIA) LIMITED,471.00,479.95,462.40,467.65,466.25,476.30,,467.65,,,14700,6903285.00,44,F1,300,,,,,
2026-09-07,2026-09-07,CM,NSE,STK,18608,INE07K301024,ZAGGLE,EQ,,,,,ZAGGLE PREPA OCEAN SER L,180.65,184.50,177.00,183.49,184.43,180.77,,183.50,,,1176464,212546747.18,17048,F1,1,,,,,
2026-09-07,2026-09-07,CM,NSE,STK,17766,INE0PPS01018,ZEAL,SM,,,,,ZEAL GLOBAL SERVICES LTD,65.50,78.60,65.50,78.60,78.60,65.50,,78.60,,,43800,3386700.00,21,F1,600,,,,,
2026-09-07,2026-09-07,CM,NSE,STK,3812,INE256A01028,ZEEL,EQ,,,,,ZEE ENTERTAINMENT ENT LTD,88.00,89.00,85.42,85.99,85.73,91.61,,85.98,,,42609965,3698608645.52,135743,F1,1,,,,,
2026-09-07,2026-09-07,CM,NSE,STK,20856,INE565L01011,ZEELEARN,BE,,,,,ZEE LEARN LIMITED,7.20,7.20,6.74,6.78,6.84,7.09,,6.81,,,483351,3318572.27,698,F1,1,,,,,
2026-09-07,2026-09-07,CM,NSE,STK,14003,INE966H01019,ZEEMEDIA,EQ,,,,,ZEE MEDIA CORPORATION LTD,8.20,8.22,7.77,7.94,7.93,8.22,,7.94,,,5318153,41930524.98,4409,F1,1,,,,,
2026-09-07,2026-09-07,CM,NSE,STK,7508,INE251B01027,ZENTEC,EQ,,,,,ZEN TECHNOLOGIES LIMITED,1801.40,1842.00,1780.00,1794.60,1804.60,1801.40,,1794.60,,,344083,618355979.30,18692,F1,1,,,,,
2026-09-07,2026-09-07,CM,NSE,STK,22803,INE0QWN01013,ZENITHDRUG,SM,,,,,ZENITH DRUGS LIMITED,42.00,46.40,42.00,45.45,46.40,42.75,,45.45,,,24000,1067120.00,26,F1,800,,,,,
2026-09-07,2026-09-07,CM,NSE,STK,4176,INE058B01018,ZENITHEXPO,EQ,,,,,ZENITH EXPORTS LTD,207.00,214.00,193.90,196.57,196.50,204.10,,196.57,,,1681,341731.85,42,F1,1,,,,,
2026-09-07,2026-09-07,CM,NSE,STK,14562,INE318D01020,ZENITHSTL,EQ,,,,,ZENITH STEEL PIP IND LTD,6.15,6.50,5.80,6.03,6.09,5.90,,6.03,,,377098,2323639.41,773,F1,1,,,,,
2026-09-07,2026-09-07,CM,NSE,STK,1076,INE520A01027,ZENSARTECH,EQ,,,,,ZENSAR TECHNOLOGIES  LTD,462.70,463.10,450.00,453.85,452.75,461.55,,453.85,,,659073,299200777.70,20746,F1,1,,,,,
2026-09-07,2026-09-07,CM,NSE,STK,22901,INF0R8F01042,GOLDCASE,EQ,,,,,ZERODHAAMC - GOLDCASE,24.11,24.11,23.74,23.90,23.89,24.21,,23.90,,,13980715,333197977.55,22196,F1,1,,,,,
2026-09-07,2026-09-07,CM,NSE,STK,21750,INF0R8F01034,LIQUIDCASE,EQ,,,,,ZERODHAAMC - LIQUIDCASE,115.80,115.82,115.80,115.81,115.81,115.80,,115.81,,,15135867,1752881793.55,15061,F1,1,,,,,
2026-09-07,2026-09-07,CM,NSE,STK,758705,INF0R8F01133,LTGILTCASE,EQ,,,,,ZERODHAAMC - LTGILTCASE,31.02,31.02,30.31,30.45,30.41,30.41,,30.45,,,146580,4461136.64,405,F1,1,,,,,
2026-09-07,2026-09-07,CM,NSE,STK,24077,INF0R8F01059,MID150CASE,EQ,,,,,ZERODHAAMC - MID150CASE,11.79,11.79,11.51,11.63,11.65,11.68,,11.63,,,1349390,15704208.22,5790,F1,1,,,,,
2026-09-07,2026-09-07,CM,NSE,STK,759302,INF0R8F01166,NIFTYCASE,EQ,,,,,ZERODHAAMC - NIFTYCASE,9.88,9.88,9.55,9.56,9.60,9.64,,9.56,,,1224251,11729978.02,2829,F1,1,,,,,
2026-09-07,2026-09-07,CM,NSE,STK,30274,INF0R8F01091,SILVERCASE,EQ,,,,,ZERODHAAMC - SILVERCASE,23.33,23.40,23.20,23.31,23.32,23.61,,23.31,,,6085242,141739323.50,9190,F1,1,,,,,
2026-09-07,2026-09-07,CM,NSE,STK,758955,INF0R8F01141,SML100CASE,EQ,,,,,ZERODHAAMC - SML100CASE,11.41,11.77,11.31,11.44,11.45,11.43,,11.44,,,1144688,13095269.16,1879,F1,1,,,,,
2026-09-07,2026-09-07,CM,NSE,STK,24081,INF0R8F01067,TOP100CASE,EQ,,,,,ZERODHAAMC - TOP100CASE,10.43,10.74,10.42,10.47,10.50,10.54,,10.47,,,857161,8990089.32,1828,F1,1,,,,,
2026-09-07,2026-09-07,CM,NSE,STK,16915,INE342J01019,ZFCVINDIA,EQ,,,,,ZF COM VE CTR SYS IND LTD,2550.40,2551.00,2471.10,2491.70,2494.70,2551.90,,2491.74,,,49999,124916738.40,8905,F1,1,,,,,
2026-09-07,2026-09-07,CM,NSE,STK,12384,INE518E01015,ZIMLAB,EQ,,,,,ZIM LABORATORIES LIMITED,126.00,132.10,125.90,129.16,129.90,125.50,,129.16,,,83808,10811695.24,1340,F1,1,,,,,
2026-09-07,2026-09-07,CM,NSE,STK,3821,INE206B01013,ZODIACLOTH,EQ,,,,,ZODIAC CLOTHING CO. LTD.,73.00,73.65,71.52,71.85,72.00,72.23,,71.86,,,2628,189947.81,56,F1,1,,,,,
2026-09-07,2026-09-07,CM,NSE,STK,7129,INE761Y01019,ZODIAC,EQ,,,,,ZODIAC ENERGY LIMITED,245.15,246.37,236.12,237.16,236.56,240.17,,237.12,,,10640,2561023.69,485,F1,1,,,,,
2026-09-07,2026-09-07,CM,NSE,STK,11394,INE358U01012,ZOTA,EQ,,,,,ZOTA HEALTH CARE LIMITED,1138.10,1138.10,1087.00,1089.70,1087.00,1132.40,,1089.70,,,29556,32620864.20,2343,F1,1,,,,,
2026-09-07,2026-09-07,CM,NSE,STK,29050,INE840M01016,ZUARI,EQ,,,,,ZUARI AGRO CHEMICALS LTD,224.83,231.10,223.53,226.85,226.00,225.56,,226.84,,,123314,28025722.10,2562,F1,1,,,,,
2026-09-07,2026-09-07,CM,NSE,STK,3827,INE217A01012,ZUARIIND,EQ,,,,,ZUARI INDUSTRIES LIMITED,276.45,286.50,274.80,280.40,282.00,276.45,,280.27,,,98022,27628736.80,4008,F1,1,,,,,
2026-09-07,2026-09-07,CM,NSE,STK,7929,INE010B01027,ZYDUSLIFE,EQ,,,,,ZYDUS LIFESCIENCES LTD,1114.20,1163.00,1114.10,1156.90,1156.90,1120.00,,1156.82,,,2107281,2419851183.40,39710,F1,1,,,,,
2026-09-07,2026-09-07,CM,NSE,STK,17635,INE768C01028,ZYDUSWELL,EQ,,,,,ZYDUS WELLNESS LIMITED,537.30,581.00,536.65,555.35,551.50,531.70,,555.26,,,7627303,4312649063.75,158027,F1,1,,,,,
