TradDt,BizDt,Sgmt,Src,FinInstrmTp,FinInstrmId,ISIN,TckrSymb,SctySrs,XpryDt,FininstrmActlXpryDt,StrkPric,OptnTp,FinInstrmNm,OpnPric,HghPric,LwPric,ClsPric,LastPric,PrvsClsgPric,UndrlygPric,SttlmPric,OpnIntrst,ChngInOpnIntrst,TtlTradgVol,TtlTrfVal,TtlNbOfTxsExctd,SsnId,NewBrdLotQty,Rmks,Rsvd1,Rsvd2,Rsvd3,Rsvd4
2026-09-28,2026-09-28,CM,NSE,STK,19078,IN0020200104,SGBJUN28,GB,,,,,2.5%GOLDBONDS2028SR-III,14760.00,14800.01,14715.02,14751.45,14715.02,15040.00,,14763.34,,,116,1714614.97,25,F1,1,,,,,
2026-09-28,2026-09-28,CM,NSE,STK,1342,IN0020200286,SGBN28VIII,GB,,,,,2.5%GOLDBONDS2028SR-VIII,14989.70,14989.70,14756.00,14799.92,14799.99,15038.64,,14799.92,,,115,1708098.69,43,F1,1,,,,,
2026-09-28,2026-09-28,CM,NSE,STK,3742,IN0020210053,SGBMAY29I,GB,,,,,2.5%GOLDBONDS2029SR-I,14999.00,14999.00,14720.01,14732.74,14755.00,15050.00,,14732.74,,,820,12123125.53,166,F1,1,,,,,
2026-09-28,2026-09-28,CM,NSE,STK,3743,IN0020210061,SGBJUN29II,GB,,,,,2.5%GOLDBONDS2029SR-II,14947.70,14947.70,14700.00,14720.53,14715.00,15000.00,,14718.98,,,144,2133829.92,61,F1,1,,,,,
2026-09-28,2026-09-28,CM,NSE,STK,3800,IN0020210087,SGBJU29III,GB,,,,,2.5%GOLDBONDS2029SR-III,14889.00,14890.00,14665.01,14745.07,14790.00,15045.77,,14745.07,,,158,2340261.11,37,F1,1,,,,,
2026-09-28,2026-09-28,CM,NSE,STK,5575,IN0020210145,SGBSEP29VI,GB,,,,,2.5%GOLDBONDS2029SR-VI,14800.00,14970.00,14800.00,14815.57,14800.00,15048.66,,14815.57,,,192,2847488.33,58,F1,1,,,,,
2026-09-28,2026-09-28,CM,NSE,STK,6518,IN0020210178,SGBNV29VII,GB,,,,,2.5%GOLDBONDS2029SR-VII,14899.00,14899.00,14722.00,14737.65,14797.99,15100.00,,14739.05,,,364,5379199.99,83,F1,1,,,,,
2026-09-28,2026-09-28,CM,NSE,STK,5960,IN0020180249,SGBOCT26,GB,,,,,2.50%GOLDBONDS2026SR-II,15100.00,15100.00,15100.00,15100.00,15100.00,15100.00,,15100.00,,,1,15100.00,1,F1,1,,,,,
2026-09-28,2026-09-28,CM,NSE,STK,6355,IN0020180314,SGBNOV26,GB,,,,,2.50%GOLDBONDS2026SR-III,14900.00,14900.00,14898.98,14898.98,14898.98,14900.00,,14898.98,,,3,44698.96,3,F1,1,,,,,
2026-09-28,2026-09-28,CM,NSE,STK,7654,IN0020180389,SGBDEC26,GB,,,,,2.50%GOLDBONDS2026SR-IV,14998.99,14998.99,14998.99,14998.99,14998.99,15100.00,,14874.50,,,1,14998.99,1,F1,1,,,,,
2026-09-28,2026-09-28,CM,NSE,STK,10261,IN0020190073,SGBJUN27,GB,,,,,2.50%GOLDBONDS2027SR-I,14610.00,14745.00,14610.00,14745.00,14745.00,14998.00,,14745.00,,,79,1155411.08,13,F1,1,,,,,
2026-09-28,2026-09-28,CM,NSE,STK,11154,IN0020190081,SGBJUL27,GB,,,,,2.50%GOLDBONDS2027SR-II,14611.41,14691.00,14610.00,14666.10,14666.10,15010.01,,14666.10,,,122,1783339.26,23,F1,1,,,,,
2026-09-28,2026-09-28,CM,NSE,STK,12904,IN0020190107,SGBAUG27,GB,,,,,2.50%GOLDBONDS2027SR-III,15000.00,15000.00,14650.01,14711.07,14768.00,15000.00,,14704.50,,,145,2143462.09,52,F1,1,,,,,
2026-09-28,2026-09-28,CM,NSE,STK,13209,IN0020190115,SGBSEP27,GB,,,,,2.50%GOLDBONDS2027SR-IV,14900.99,14900.99,14555.01,14720.00,14720.00,15026.96,,14720.00,,,30,440206.95,16,F1,1,,,,,
2026-09-28,2026-09-28,CM,NSE,STK,8308,IN0020180462,SGBJAN27,GB,,,,,2.50%GOLDBONDS2027SR-V,15150.00,15250.00,15150.00,15250.00,15250.00,15150.00,,15250.00,,,6,91400.00,2,F1,1,,,,,
2026-09-28,2026-09-28,CM,NSE,STK,8766,IN0020180561,SGBFEB27,GB,,,,,2.50%GOLDBONDS2027SR-VI,15100.00,15100.00,14517.00,14650.00,14650.00,15000.00,,14650.00,,,5,74246.99,4,F1,1,,,,,
2026-09-28,2026-09-28,CM,NSE,STK,14252,IN0020190388,SGBOCT27VI,GB,,,,,2.50%GOLDBONDS2027SR-VI,15800.00,15800.00,14800.00,14800.00,14800.00,14963.85,,14785.10,,,20,306000.00,2,F1,1,,,,,
2026-09-28,2026-09-28,CM,NSE,STK,15432,IN0020190461,SGBDC27VII,GB,,,,,2.50%GOLDBONDS2027SR-VII,15000.00,15000.00,14802.00,14802.00,14802.00,15139.99,,14876.00,,,7,104693.97,7,F1,1,,,,,
2026-09-28,2026-09-28,CM,NSE,STK,18862,IN0020200062,SGBAPR28I,GB,,,,,2.50%GOLDBONDS2028SR-I,14900.00,15080.00,14740.00,14754.62,14799.62,15150.00,,14752.79,,,299,4475171.54,60,F1,1,,,,,
2026-09-28,2026-09-28,CM,NSE,STK,18972,IN0020200088,SGBMAY28,GB,,,,,2.50%GOLDBONDS2028SR-II,14900.00,14900.00,14712.00,14730.06,14730.00,15030.00,,14727.33,,,65,960028.87,28,F1,1,,,,,
2026-09-28,2026-09-28,CM,NSE,STK,22242,IN0020200146,SGBJUL28IV,GB,,,,,2.50%GOLDBONDS2028SR-IV,14898.70,14898.70,14635.01,14726.67,14729.99,14962.78,,14727.11,,,352,5195178.99,95,F1,1,,,,,
2026-09-28,2026-09-28,CM,NSE,STK,17664,IN0020190545,SGBFEB28IX,GB,,,,,2.50%GOLDBONDS2028SR-IX,14900.00,14900.00,14900.00,14900.00,14900.00,14893.00,,14895.00,,,6,89400.00,2,F1,1,,,,,
2026-09-28,2026-09-28,CM,NSE,STK,22385,IN0020200161,SGBAUG28V,GB,,,,,2.50%GOLDBONDS2028SR-V,14949.00,14949.00,14702.00,14737.67,14780.00,15055.85,,14745.11,,,1322,19569581.77,256,F1,1,,,,,
2026-09-28,2026-09-28,CM,NSE,STK,149,IN0020200195,SGBSEP28VI,GB,,,,,2.50%GOLDBONDS2028SR-VI,14899.70,14899.70,14615.05,14801.44,14819.93,15004.16,,14801.44,,,173,2554337.62,65,F1,1,,,,,
2026-09-28,2026-09-28,CM,NSE,STK,834,IN0020200203,SGBOC28VII,GB,,,,,2.50%GOLDBONDS2028SR-VII,14960.00,15040.00,14730.00,14920.00,14920.00,15100.01,,14810.00,,,92,1371377.40,26,F1,1,,,,,
2026-09-28,2026-09-28,CM,NSE,STK,17110,IN0020190537,SGBJ28VIII,GB,,,,,2.50%GOLDBONDS2028SR-VIII,14849.99,14849.99,14615.00,14640.00,14685.00,15049.98,,14640.00,,,91,1336959.73,34,F1,1,,,,,
2026-09-28,2026-09-28,CM,NSE,STK,18451,IN0020190552,SGBMAR28X,GB,,,,,2.50%GOLDBONDS2028SR-X,14899.90,14899.90,14635.01,14686.84,14740.00,14899.90,,14686.84,,,173,2536751.67,32,F1,1,,,,,
2026-09-28,2026-09-28,CM,NSE,STK,5113,IN0020210111,SGBJUL29IV,GB,,,,,2.50%GOLDBONDS2029SR-IV,14700.00,14928.99,14700.00,14780.00,14780.00,15000.06,,14765.00,,,45,666837.68,25,F1,1,,,,,
2026-09-28,2026-09-28,CM,NSE,STK,1920,IN0020200377,SGBJAN29IX,GB,,,,,2.50%GOLDBONDS2029SR-IX,14800.00,14887.99,14690.00,14734.28,14720.00,15050.00,,14719.38,,,381,5616571.29,94,F1,1,,,,,
2026-09-28,2026-09-28,CM,NSE,STK,5455,IN0020210129,SGBAUG29V,GB,,,,,2.50%GOLDBONDS2029SR-V,14900.00,14968.00,14850.00,14857.14,14850.00,15050.00,,14858.75,,,49,729923.06,18,F1,1,,,,,
2026-09-28,2026-09-28,CM,NSE,STK,7098,IN0020210228,SGBD29VIII,GB,,,,,2.50%GOLDBONDS2029SR-VIII,15120.00,15120.00,14850.00,14873.95,14859.00,15119.99,,14873.95,,,95,1417022.35,53,F1,1,,,,,
2026-09-28,2026-09-28,CM,NSE,STK,2003,IN0020200385,SGBJAN29X,GB,,,,,2.50%GOLDBONDS2029SR-X,14975.00,14975.00,14610.01,14733.56,14733.56,15044.80,,14733.56,,,114,1683524.53,50,F1,1,,,,,
2026-09-28,2026-09-28,CM,NSE,STK,2200,IN0020200393,SGBFEB29XI,GB,,,,,2.50%GOLDBONDS2029SR-XI,14893.80,14947.00,14702.71,14836.45,14800.00,14976.00,,14828.29,,,89,1319446.10,44,F1,1,,,,,
2026-09-28,2026-09-28,CM,NSE,STK,2810,IN0020200427,SGBMR29XII,GB,,,,,2.50%GOLDBONDS2029SR-XII,14890.90,14947.99,14711.00,14741.23,14790.00,14972.31,,14730.44,,,255,3777019.59,106,F1,1,,,,,
2026-09-28,2026-09-28,CM,NSE,STK,10232,IN0020220045,SGBJUN30,GB,,,,,2.50%GOLDBONDS2030SR-I,15049.00,15100.00,14831.00,14984.52,15100.00,15126.26,,14985.55,,,158,2369411.96,39,F1,1,,,,,
2026-09-28,2026-09-28,CM,NSE,STK,11192,IN0020220078,SGBAUG30,GB,,,,,2.50%GOLDBONDS2030SR-II,15095.30,15164.00,15000.01,15096.08,15000.01,15171.16,,15096.51,,,498,7523604.38,117,F1,1,,,,,
2026-09-28,2026-09-28,CM,NSE,STK,13642,IN0020220110,SGBDE30III,GB,,,,,2.50%GOLDBONDS2030SR-III,15306.31,15306.31,15032.04,15112.38,15099.00,15306.31,,15125.68,,,211,3183566.72,66,F1,1,,,,,
2026-09-28,2026-09-28,CM,NSE,STK,7879,IN0020210236,SGBJAN30IX,GB,,,,,2.50%GOLDBONDS2030SR-IX,15180.45,15180.45,14706.00,14947.00,14990.00,15104.93,,14947.00,,,143,2148295.84,37,F1,1,,,,,
2026-09-28,2026-09-28,CM,NSE,STK,8401,IN0020210319,SGBMAR30X,GB,,,,,2.50%GOLDBONDS2030SR-X,14999.45,15049.00,14879.99,14934.94,14930.00,15100.20,,14934.94,,,296,4419387.44,69,F1,1,,,,,
2026-09-28,2026-09-28,CM,NSE,STK,17202,IN0020230069,SGBJUN31I,GB,,,,,2.50%GOLDBONDS2031SR-I,15275.00,15275.00,15060.00,15135.59,15230.00,15371.39,,15135.59,,,621,9417624.62,154,F1,1,,,,,
2026-09-28,2026-09-28,CM,NSE,STK,19456,IN0020230093,SGBSEP31II,GB,,,,,2.50%GOLDBONDS2031SR-II,15335.00,15335.00,15099.99,15128.02,15180.14,15338.63,,15128.29,,,1345,20350099.65,287,F1,1,,,,,
2026-09-28,2026-09-28,CM,NSE,STK,22476,IN0020230168,SGBDE31III,GB,,,,,2.50%GOLDBONDS2031SR-III,15121.30,15449.00,15121.30,15337.00,15399.95,15509.03,,15337.00,,,2394,36657446.85,468,F1,1,,,,,
2026-09-28,2026-09-28,CM,NSE,STK,14598,IN0020220169,SGBMAR31IV,GB,,,,,2.50%GOLDBONDS2031SR-IV,15184.99,15184.99,15072.95,15082.48,15072.95,15262.50,,15082.88,,,76,1147606.21,37,F1,1,,,,,
2026-09-28,2026-09-28,CM,NSE,STK,22886,IN0020230184,SGBFEB32IV,GB,,,,,2.50%GOLDBONDS2032SR-IV,15750.00,15750.00,15500.00,15660.13,15680.00,15758.98,,15662.40,,,1471,23001306.52,367,F1,1,,,,,
2026-09-28,2026-09-28,CM,NSE,STK,16921,INE144J01027,20MICRONS,EQ,,,,,20 MICRONS LTD,218.66,220.80,212.01,212.94,212.03,217.58,,212.94,,,65358,14012530.64,2034,F1,1,,,,,
2026-09-28,2026-09-28,CM,NSE,STK,4,INE253B01015,21STCENMGM,EQ,,,,,21ST CENTURY MGMT SERVICE,40.27,40.27,39.10,39.64,39.70,39.87,,39.42,,,5424,213866.10,40,F1,1,,,,,
2026-09-28,2026-09-28,CM,NSE,STK,13061,INE466L01038,360ONE,EQ,,,,,360 ONE WAM LIMITED,1067.00,1074.80,1043.40,1045.00,1045.00,1073.00,,1045.01,,,575628,605020316.00,39848,F1,1,,,,,
2026-09-28,2026-09-28,CM,NSE,STK,30105,INF579M01BB5,GOLD360,EQ,,,,,360ONEAMC - GOLD360,145.70,145.70,142.55,142.95,143.35,146.50,,143.03,,,20604,2957187.10,355,F1,1,,,,,
2026-09-28,2026-09-28,CM,NSE,STK,763602,INF579M01BP5,MSCI360,EQ,,,,,360ONEAMC - MSCI360,9.99,9.99,9.61,9.64,9.89,9.74,,9.64,,,25842,249814.29,91,F1,1,,,,,
2026-09-28,2026-09-28,CM,NSE,STK,756150,INF579M01BC3,SILVER360,EQ,,,,,360ONEAMC - SILVER360,219.56,221.00,216.54,217.62,217.76,225.19,,217.62,,,22425,4893469.10,551,F1,1,,,,,
2026-09-28,2026-09-28,CM,NSE,STK,762518,INE994E01018,3BBLACKBIO,EQ,,,,,3B BLACKBIO DX LTD.,1502.90,1599.00,1475.50,1584.80,1580.20,1456.20,,1584.32,,,84310,131095243.60,10345,F1,1,,,,,
2026-09-28,2026-09-28,CM,NSE,STK,6240,INE748C01038,3IINFOLTD,BE,,,,,3I INFOTECH LIMITED,24.50,24.50,23.80,23.99,23.83,24.35,,23.99,,,350615,8431736.25,599,F1,1,,,,,
2026-09-28,2026-09-28,CM,NSE,STK,474,INE470A01017,3MINDIA,EQ,,,,,3M INDIA LIMITED,33965.00,33990.00,33230.00,33415.00,33315.00,33925.00,,33413.09,,,1497,50310515.00,1027,F1,1,,,,,
2026-09-28,2026-09-28,CM,NSE,STK,2595,INE105C01023,3PLAND,EQ,,,,,3P LAND HOLDINGS LIMITED,31.74,31.74,30.05,30.83,30.50,30.99,,30.83,,,1881,57395.15,60,F1,1,,,,,
2026-09-28,2026-09-28,CM,NSE,STK,445,INE618L01018,5PAISA,EQ,,,,,5PAISA CAPITAL LIMITED,310.40,310.40,303.55,305.15,305.00,308.90,,305.20,,,14996,4597135.50,1438,F1,1,,,,,
2026-09-28,2026-09-28,CM,NSE,STK,11868,INE111B01023,63MOONS,EQ,,,,,63 MOONS TECHNOLOGIES LTD,857.90,857.90,811.65,818.60,818.00,857.65,,818.62,,,162896,135426522.70,7750,F1,1,,,,,
2026-09-28,2026-09-28,CM,NSE,STK,29312,INE031A07865,751HUDCO28,N5,,,,,7.51 NCD 16FEB28 TR1 SR2,1069.00,1069.00,1069.00,1069.00,1069.00,1069.00,,1069.00,,,124,132556.00,3,F1,1,,,,,
2026-09-28,2026-09-28,CM,NSE,STK,20034,INE261F07032,764NABAR31,N2,,,,,7.64% TAX FREE TRI SRIIB,1114.60,1114.65,1114.55,1114.65,1114.65,1114.18,,1114.65,,,109,121488.15,4,F1,1,,,,,
2026-09-28,2026-09-28,CM,NSE,STK,19928,INE031A07AO5,764HUDCO31,N8,,,,,7.64% TAX FREETRI SR2B,1120.00,1120.00,1120.00,1120.00,1120.00,1128.00,,1120.00,,,1,1120.00,1,F1,1,,,,,
2026-09-28,2026-09-28,CM,NSE,STK,19930,INE031A07AT4,769HUDCO31,N9,,,,,7.69% TAX FREETRII SR2B,1137.05,1137.05,1137.05,1137.05,1137.05,1136.52,,1137.05,,,18,20466.90,1,F1,1,,,,,
2026-09-28,2026-09-28,CM,NSE,STK,20030,INE202E07229,774IREDA31,N7,,,,,7.74% TAX FREE NCD,1127.50,1127.50,1127.50,1127.50,1127.50,1127.50,,1127.50,,,10,11275.00,1,F1,1,,,,,
2026-09-28,2026-09-28,CM,NSE,STK,19924,INE020B07GH7,812REC27,NI,,,,,8.12/8.32% TAX FREE NCD,1025.75,1025.75,1025.72,1025.72,1025.72,1029.50,,1025.72,,,150,153860.50,3,F1,1,,,,,
2026-09-28,2026-09-28,CM,NSE,STK,31240,INE031A07840,82HUDCO27,N2,,,,,8.20 NCD05MAR27 FV 1000,1052.04,1054.98,1052.00,1052.33,1052.14,1054.06,,1052.33,,,2709,2853153.10,38,F1,1,,,,,
2026-09-28,2026-09-28,CM,NSE,STK,20022,INE134E07208,830PFCL27,N5,,,,,8.30% TAX FREE NCD,1088.00,1090.00,1085.00,1087.88,1088.40,1088.00,,1087.88,,,841,915140.70,13,F1,1,,,,,
2026-09-28,2026-09-28,CM,NSE,STK,20056,INE787H07347,866IIFC34B,N3,,,,,8.66% TAX FREE NCD,1252.00,1252.00,1252.00,1252.00,1252.00,1252.00,,1252.00,,,80,100160.00,1,F1,1,,,,,
2026-09-28,2026-09-28,CM,NSE,STK,192,INE906B07DF8,875NHAI29,N6,,,,,8.75% TAX FREE TR I S IIB,1123.99,1124.50,1123.00,1123.68,1123.99,1123.66,,1123.68,,,3208,3604857.80,36,F1,1,,,,,
2026-09-28,2026-09-28,CM,NSE,STK,19968,INE031A07949,876HUDCO28,ND,,,,,8.76% TAX FREETRI SR2B,1141.25,1141.25,1141.25,1141.25,1141.25,1140.11,,1141.25,,,10,11412.50,1,F1,1,,,,,
2026-09-28,2026-09-28,CM,NSE,STK,31486,INE848E07559,879NHPC28,N5,,,,,8.79% SEC RED BOND S2B,1098.04,1098.04,1098.04,1098.04,1098.04,1098.14,,1098.39,,,592,650039.68,1,F1,1,,,,,
2026-09-28,2026-09-28,CM,NSE,STK,31768,INE733E07JJ9,891NTPC33,N6,,,,,8.91%S-R-NCD SERIES 3B,1279.00,1285.00,1279.00,1279.09,1285.00,1289.00,,1279.09,,,343,438728.00,6,F1,1,,,,,
2026-09-28,2026-09-28,CM,NSE,STK,20028,INE134E07463,892PFCL33,N8,,,,,8.92% TAX FREE NCD,1283.01,1283.01,1283.00,1283.00,1283.00,1280.48,,1283.50,,,34,43622.09,3,F1,1,,,,,
2026-09-28,2026-09-28,CM,NSE,STK,19970,INE031A07AB2,901HUDCO34,NE,,,,,9.01% TAX FREETRII SR3B,1282.10,1286.90,1280.00,1281.00,1281.00,1282.06,,1281.00,,,1009,1293320.70,8,F1,1,,,,,
2026-09-28,2026-09-28,CM,NSE,STK,759130,INE08PH01015,ABCOTS,EQ,,,,,A B COTSPIN INDIA LIMITED,202.00,204.90,200.00,200.15,201.37,203.07,,200.15,,,2824,566529.46,195,F1,1,,,,,
2026-09-28,2026-09-28,CM,NSE,STK,27016,INE00YB01025,ABINFRA,BE,,,,,A B INFRABUILD LIMITED,12.55,12.70,12.00,12.38,12.06,12.58,,12.38,,,261139,3213137.17,316,F1,1,,,,,
2026-09-28,2026-09-28,CM,NSE,STK,762528,INE850B01026,ABMKNO,EQ,,,,,A B M KNOWLEDGEWARE LTD.,171.30,177.00,171.30,175.13,174.50,174.07,,175.13,,,1650,285095.85,49,F1,1,,,,,
2026-09-28,2026-09-28,CM,NSE,STK,762536,INE366C01021,ACSTECH,BE,,,,,A C S TECHNOLOGIES LTD.,82.70,82.70,82.70,82.70,82.70,84.38,,82.90,,,69463,5744590.10,158,F1,1,,,,,
2026-09-28,2026-09-28,CM,NSE,STK,762538,INE701G01012,AKCAPIT,EQ,,,,,A K CAPITAL SERVICES LTD.,1744.50,1763.80,1744.50,1758.00,1753.60,1754.00,,1757.08,,,1355,2376349.70,145,F1,1,,,,,
2026-09-28,2026-09-28,CM,NSE,STK,20906,INE619I01012,A2ZINFRA,EQ,,,,,A2Z INFRA ENGINEERING LTD,14.40,15.00,14.40,14.66,14.85,14.72,,14.66,,,105726,1551752.03,358,F1,1,,,,,
2026-09-28,2026-09-28,CM,NSE,STK,12533,INE0D0U01013,AAATECH,EQ,,,,,AAA TECHNOLOGIES LIMITED,101.75,102.38,97.19,99.53,99.23,101.50,,99.52,,,66484,6630280.05,2126,F1,1,,,,,
2026-09-28,2026-09-28,CM,NSE,STK,23729,INE883F01010,AADHARHFC,EQ,,,,,AADHAR HOUSING FINANCE L,439.15,442.25,435.05,436.95,435.70,444.50,,436.95,,,161832,70905265.05,12373,F1,1,,,,,
2026-09-28,2026-09-28,CM,NSE,STK,757579,INE1GYP01013,AAKAAR,SM,,,,,AAKAAR MEDICAL TECHNO LTD,70.50,70.50,67.00,67.00,67.00,70.00,,67.00,,,19200,1328000.00,11,F1,1600,,,,,
2026-09-28,2026-09-28,CM,NSE,STK,235,INE087Z01024,AAKASH,EQ,,,,,AAKASH EXPLORATION SER L,8.90,9.00,8.60,8.80,8.79,8.92,,8.80,,,91766,810532.33,351,F1,1,,,,,
2026-09-28,2026-09-28,CM,NSE,STK,758216,INE124401014,AARADHYA,ST,,,,,AARADHYA DISPOSAL INDUS L,136.00,136.00,132.00,132.10,132.10,136.00,,132.10,,,3600,480120.00,3,F1,1200,,,,,
2026-09-28,2026-09-28,CM,NSE,STK,5245,INE198H01019,AAREYDRUGS,EQ,,,,,AAREY DRUGS & PHARM LTD,101.57,101.57,99.00,99.53,99.50,101.57,,99.47,,,50771,5077924.34,633,F1,1,,,,,
2026-09-28,2026-09-28,CM,NSE,STK,761824,INE750R01016,AARNAV,BE,,,,,AARNAV FASHIONS LIMITED,37.60,37.60,34.25,35.28,36.00,36.05,,35.26,,,14424,512311.94,64,F1,1,,,,,
2026-09-28,2026-09-28,CM,NSE,STK,1030,INE721Z01010,AARON,EQ,,,,,AARON INDUSTRIES LIMITED,125.00,125.00,120.28,121.62,122.98,124.11,,121.62,,,10414,1272315.33,359,F1,1,,,,,
2026-09-28,2026-09-28,CM,NSE,STK,17164,INE01C001026,AARTECH,BE,,,,,AARTECH SOLONICS LIMITED,50.79,51.49,49.11,51.22,51.29,50.11,,51.13,,,141032,7171851.13,149,F1,1,,,,,
2026-09-28,2026-09-28,CM,NSE,STK,4481,INE767A01016,AARTIDRUGS,EQ,,,,,AARTI DRUGS LTD.,430.85,442.20,425.15,429.65,429.90,427.40,,429.62,,,442110,191548169.00,11592,F1,1,,,,,
2026-09-28,2026-09-28,CM,NSE,STK,7,INE769A01020,AARTIIND,EQ,,,,,AARTI INDUSTRIES LTD,485.60,487.75,475.50,476.60,477.00,489.25,,476.58,,,270786,130250245.90,13650,F1,1,,,,,
2026-09-28,2026-09-28,CM,NSE,STK,13868,INE0LRU01027,AARTIPHARM,EQ,,,,,AARTI PHARMALABS LIMITED,940.00,946.40,910.50,914.00,916.00,939.55,,914.00,,,528118,490363985.95,29840,F1,1,,,,,
2026-09-28,2026-09-28,CM,NSE,STK,19263,INE09EO01013,AARTISURF,BE,,,,,AARTI SURFACTANTS LIMITED,513.85,520.00,490.00,499.25,496.10,515.70,,499.31,,,12773,6382035.50,305,F1,1,,,,,
2026-09-28,2026-09-28,CM,NSE,STK,19073,INE754X01016,AARVI,EQ,,,,,AARVI ENCON LIMITED,137.59,138.27,133.52,135.74,135.49,136.91,,135.88,,,5827,792301.68,244,F1,1,,,,,
2026-09-28,2026-09-28,CM,NSE,STK,763800,INE2FMX01012,AASTHA,EQ,,,,,AASTHA SPINTEX LIMITED,37.03,39.95,37.03,39.30,39.60,72.72,,39.30,,,2200477,85599443.30,13404,F1,1,,,,,
2026-09-28,2026-09-28,CM,NSE,STK,16961,INE0OB201016,AATMAJ,SM,,,,,AATMAJ HEALTHCARE LIMITED,19.50,20.45,19.50,20.45,20.45,20.40,,20.45,,,20000,404700.00,10,F1,2000,,,,,
2026-09-28,2026-09-28,CM,NSE,STK,5385,INE216P01012,AAVAS,EQ,,,,,AAVAS FINANCIERS LIMITED,1256.00,1313.70,1250.00,1282.40,1275.10,1267.70,,1282.57,,,88608,112912576.20,11538,F1,1,,,,,
2026-09-28,2026-09-28,CM,NSE,STK,7759,INE421A01028,ABAN,BE,,,,,ABAN OFFSHORE LTD.,14.12,14.12,13.58,14.07,14.12,13.85,,14.07,,,71063,1003058.26,185,F1,1,,,,,
2026-09-28,2026-09-28,CM,NSE,STK,762523,INE365O01028,ABANSENT,EQ,,,,,ABANS ENTERPRISES LTD.,27.30,27.48,25.95,26.84,27.30,27.18,,26.84,,,12019,317451.42,265,F1,1,,,,,
2026-09-28,2026-09-28,CM,NSE,STK,13288,INE00ZE01026,AFSL,EQ,,,,,ABANS FINANCIAL SRVCS LTD,201.30,202.70,201.00,201.00,201.00,201.00,,201.00,,,5494,1104697.97,78,F1,1,,,,,
2026-09-28,2026-09-28,CM,NSE,STK,13,INE117A01022,ABB,EQ,,,,,ABB INDIA LIMITED,7038.00,7041.50,6910.50,6972.50,6972.50,7052.50,,6972.47,,,209202,1455570715.50,25775,F1,1,,,,,
2026-09-28,2026-09-28,CM,NSE,STK,17903,INE358A01014,ABBOTINDIA,EQ,,,,,ABBOTT INDIA LIMITED,26955.00,27175.00,26530.00,26740.00,26770.00,26955.00,,26741.51,,,5515,148237150.00,3466,F1,1,,,,,
2026-09-28,2026-09-28,CM,NSE,STK,755944,INE860H07IT4,805ABCL28,N5,,,,,ABCL 8.05% SR III,1040.00,1040.00,1040.00,1040.00,1040.00,1047.00,,1040.00,,,5,5200.00,1,F1,1,,,,,
2026-09-28,2026-09-28,CM,NSE,STK,765463,INE1R2M01019,ABH,SM,,,,,ABH HEALTHCARE LIMITED,43.45,46.40,43.35,44.45,45.40,45.40,,44.45,,,81600,3632640.00,66,F1,1200,,,,,
2026-09-28,2026-09-28,CM,NSE,STK,27284,INE0UYG01015,ABHAPOWER,SM,,,,,ABHA POWER N STEEL LTD,23.45,23.45,23.40,23.40,23.40,23.45,,23.40,,,3200,74960.00,2,F1,1600,,,,,
2026-09-28,2026-09-28,CM,NSE,STK,4626,INE0CAJ01017,AILIMITED,SM,,,,,ABHISHEK INTEGRATIONS LTD,14.85,14.85,14.85,14.85,14.85,15.60,,14.85,,,3000,44550.00,1,F1,3000,,,,,
2026-09-28,2026-09-28,CM,NSE,STK,5551,INE251C01025,ABMINTLLTD,BE,,,,,ABM INTERNATIONAL LTD,45.20,45.20,45.20,45.20,45.20,45.20,,45.20,,,915,41358.00,5,F1,1,,,,,
2026-09-28,2026-09-28,CM,NSE,STK,23783,INE0QRV01016,ABSMARINE,SM,,,,,ABS MARINE SERVICES LTD,318.00,329.00,311.05,323.00,321.00,317.00,,323.00,,,87500,28133250.00,142,F1,500,,,,,
2026-09-28,2026-09-28,CM,NSE,STK,22,INE012A01025,ACC,EQ,,,,,ACC LIMITED,1236.00,1236.40,1210.80,1213.50,1214.00,1236.40,,1213.49,,,151619,184610795.40,11093,F1,1,,,,,
2026-09-28,2026-09-28,CM,NSE,STK,7053,INE793A01012,ACCELYA,EQ,,,,,ACCELYA SOLN INDIA LTD,1110.00,1121.90,1088.10,1099.90,1104.90,1110.00,,1100.01,,,12881,14187508.80,1157,F1,1,,,,,
2026-09-28,2026-09-28,CM,NSE,STK,20488,INE0Q5D01013,ACCENTMIC,SM,,,,,ACCENT MICROCELL LIMITED,681.95,682.95,665.65,676.85,680.95,674.85,,676.85,,,39500,26750025.00,66,F1,500,,,,,
2026-09-28,2026-09-28,CM,NSE,STK,757024,INE0T8T01010,ACCPL,ST,,,,,ACCRETION PHARMA LIMITED,200.10,202.50,193.15,202.25,202.30,203.30,,202.25,,,25200,4990980.00,17,F1,1200,,,,,
2026-09-28,2026-09-28,CM,NSE,STK,1472,INE648Z01023,ACCURACY,BE,,,,,ACCURACY SHIPPING LIMITED,4.32,4.35,4.12,4.30,4.32,4.28,,4.23,,,62583,265340.54,191,F1,1,,,,,
2026-09-28,2026-09-28,CM,NSE,STK,11779,INE543V01017,ACEINTEG,EQ,,,,,ACE INTEGRATED SOLU. LTD.,17.93,17.93,16.60,17.02,17.49,17.58,,17.02,,,2277,38526.31,68,F1,1,,,,,
2026-09-28,2026-09-28,CM,NSE,STK,761112,INE1J6M01010,ACETEC,SM,,,,,ACETECH E-COMMERCE LTD,141.00,145.00,135.95,145.00,145.00,145.00,,145.00,,,15600,2219760.00,10,F1,1200,,,,,
2026-09-28,2026-09-28,CM,NSE,STK,27061,INE622W01025,ACMESOLAR,EQ,,,,,ACME SOLAR HOLDINGS LTD,440.85,452.45,433.30,437.90,437.50,442.90,,437.91,,,1868409,823001328.70,55004,F1,1,,,,,
2026-09-28,2026-09-28,CM,NSE,STK,13587,INE731H01025,ACE,EQ,,,,,ACTION CONST EQUIP LTD,1226.40,1226.40,1197.50,1212.90,1210.30,1226.60,,1212.91,,,230428,278871406.00,22380,F1,1,,,,,
2026-09-28,2026-09-28,CM,NSE,STK,5578,INE00FF01025,ACUTAAS,EQ,,,,,ACUTAAS CHEMICALS LIMITED,3272.50,3273.10,3184.30,3214.40,3218.00,3272.50,,3214.39,,,202322,649619951.50,32752,F1,1,,,,,
2026-09-28,2026-09-28,CM,NSE,STK,10217,INE931S01010,ADANIENSOL,EQ,,,,,ADANI ENERGY SOLUTION LTD,1338.00,1338.00,1283.00,1287.90,1287.90,1338.50,,1287.89,,,1230234,1608832228.00,31106,F1,1,,,,,
2026-09-28,2026-09-28,CM,NSE,STK,25,INE423A01024,ADANIENT,EQ,,,,,ADANI ENTERPRISES LIMITED,2924.00,2924.00,2811.00,2831.10,2831.10,2916.50,,2831.06,,,1259525,3582588050.90,67068,F1,1,,,,,
2026-09-28,2026-09-28,CM,NSE,STK,3563,INE364U01010,ADANIGREEN,EQ,,,,,ADANI GREEN ENERGY LTD,1290.40,1295.40,1225.60,1235.00,1235.00,1296.60,,1235.41,,,1819424,2274518160.90,55306,F1,1,,,,,
2026-09-28,2026-09-28,CM,NSE,STK,15083,INE742F01042,ADANIPORTS,EQ,,,,,ADANI PORT & SEZ LTD,1788.00,1791.80,1736.60,1743.70,1743.70,1788.00,,1743.69,,,1262576,2210702829.70,48338,F1,1,,,,,
2026-09-28,2026-09-28,CM,NSE,STK,17388,INE814H01029,ADANIPOWER,EQ,,,,,ADANI POWER LTD,202.75,203.64,195.36,196.14,196.14,202.75,,196.15,,,22266269,4412334388.65,107750,F1,1,,,,,
2026-09-28,2026-09-28,CM,NSE,STK,6066,INE399L01023,ATGL,EQ,,,,,ADANI TOTAL GAS LIMITED,611.50,611.50,593.00,594.45,595.00,611.65,,594.46,,,613169,367413516.60,22978,F1,1,,,,,
2026-09-28,2026-09-28,CM,NSE,STK,764563,INE757C01021,ADDIND,EQ,,,,,ADDI INDUSTRIES LTD.,80.00,80.00,72.00,77.50,77.50,77.20,,77.50,,,537,41465.84,14,F1,1,,,,,
2026-09-28,2026-09-28,CM,NSE,STK,22471,INE0RDH01021,ADDICTIVE,ST,,,,,ADDICTIVE LEARNING TECH L,45.00,45.00,44.00,44.00,44.00,46.30,,44.00,,,2500,110825.00,5,F1,500,,,,,
2026-09-28,2026-09-28,CM,NSE,STK,19761,INE982B01027,ADFFOODS,EQ,,,,,ADF FOODS LIMITED,270.00,270.00,265.30,266.60,267.00,270.60,,266.60,,,33736,9011966.85,1478,F1,1,,,,,
2026-09-28,2026-09-28,CM,NSE,STK,763156,INE20PL01012,ADISOFT,SM,,,,,ADISOFT TECHNOLOGIES LTD,260.00,270.00,252.85,264.60,264.00,259.50,,264.60,,,84800,22131560.00,105,F1,800,,,,,
2026-09-28,2026-09-28,CM,NSE,STK,6018,INE404A01024,ABSLAMC,EQ,,,,,ADIT BIRL SUN LIF AMC LTD,1010.00,1015.00,980.00,987.70,988.10,1014.50,,987.99,,,141795,140312042.20,15544,F1,1,,,,,
2026-09-28,2026-09-28,CM,NSE,STK,21614,INE674K01013,ABCAPITAL,EQ,,,,,ADITYA BIRLA CAPITAL LTD.,388.05,388.85,380.80,382.70,382.70,390.00,,382.66,,,1840670,703987565.35,32062,F1,1,,,,,
2026-09-28,2026-09-28,CM,NSE,STK,30108,INE647O01011,ABFRL,EQ,,,,,ADITYA BIRLA FASHION & RT,49.24,49.60,47.25,47.59,47.70,49.14,,47.59,,,3614922,174577633.60,17145,F1,1,,,,,
2026-09-28,2026-09-28,CM,NSE,STK,756843,INE14LE01019,ABLBL,EQ,,,,,ADITYA BIRLA LIFES BRAN L,78.71,78.85,76.91,77.17,77.37,78.72,,77.18,,,397626,30856697.13,5426,F1,1,,,,,
2026-09-28,2026-09-28,CM,NSE,STK,15239,INE865C01022,BIRLAMONEY,EQ,,,,,ADITYA BIRLA MONEY LTD,118.88,120.00,114.15,115.31,115.00,118.87,,115.31,,,24514,2851483.10,985,F1,1,,,,,
2026-09-28,2026-09-28,CM,NSE,STK,625,INE055A01016,ABREL,EQ,,,,,ADITYA BIRLA REAL EST LTD,1230.90,1231.00,1181.20,1191.50,1186.80,1230.90,,1191.49,,,335640,400434616.80,15843,F1,1,,,,,
2026-09-28,2026-09-28,CM,NSE,STK,758858,INE819V01029,CPPLUS,EQ,,,,,ADITYA INFOTECH LIMITED,3759.90,3833.90,3710.00,3723.40,3721.70,3687.50,,3723.45,,,164856,618463618.60,20767,F1,1,,,,,
2026-09-28,2026-09-28,CM,NSE,STK,25984,INE679V01027,AVL,EQ,,,,,ADITYA VISION LIMITED,619.50,619.50,591.20,595.15,595.00,619.50,,595.18,,,79663,47906756.10,6703,F1,1,,,,,
2026-09-28,2026-09-28,CM,NSE,STK,23804,INF209KB18D3,BSLGOLDETF,EQ,,,,,ADITYBIRLA SL GOLD ETF-GR,130.44,130.44,128.85,129.35,129.42,132.40,,129.35,,,855456,110638793.82,6149,F1,1,,,,,
2026-09-28,2026-09-28,CM,NSE,STK,24781,INF209KB19D1,BSLNIFTY,EQ,,,,,ADITYBIRLA SL NIF ETF-GR,27.15,27.83,26.74,26.81,26.89,27.16,,26.81,,,3565972,95714005.34,8274,F1,1,,,,,
2026-09-28,2026-09-28,CM,NSE,STK,34,INE045A01017,ADOR,EQ,,,,,ADOR WELDING LTD,1630.00,1656.90,1580.00,1611.70,1605.10,1638.90,,1611.60,,,34159,55201730.30,4571,F1,1,,,,,
2026-09-28,2026-09-28,CM,NSE,STK,4953,INE737B01033,ADROITINFO,EQ,,,,,ADROIT INFOTECH LIMITED,13.48,13.82,13.21,13.51,13.56,13.18,,13.51,,,230079,3142682.06,1018,F1,1,,,,,
2026-09-28,2026-09-28,CM,NSE,STK,760657,INE0ALI01010,ADVAIT,EQ,,,,,ADVAIT ENRGY TRANSITION L,1906.00,1927.90,1851.50,1867.40,1863.00,1906.00,,1867.17,,,48498,91101754.00,7757,F1,1,,,,,
2026-09-28,2026-09-28,CM,NSE,STK,759402,INE1B0W01010,ADVANCE,EQ,,,,,ADVANCE AGROLIFE LIMITED,123.20,125.66,120.60,121.50,122.35,123.12,,121.50,,,359371,44258473.95,4999,F1,1,,,,,
2026-09-28,2026-09-28,CM,NSE,STK,18039,INE837H01020,ADVENZYMES,EQ,,,,,ADVANCED ENZYME TECH LTD,290.00,291.20,282.00,283.15,283.75,291.15,,283.21,,,177014,50635779.50,5231,F1,1,,,,,
2026-09-28,2026-09-28,CM,NSE,STK,14745,INE199C01026,ADVANIHOTR,EQ,,,,,ADVANI HOT.& RES.(I) LTD,47.52,48.47,47.52,48.13,48.10,47.94,,48.13,,,11732,561847.66,414,F1,1,,,,,
2026-09-28,2026-09-28,CM,NSE,STK,759769,INE28GN01010,ADVENTHTL,EQ,,,,,ADVENT HOTELS INTERNATI L,127.00,127.31,122.88,124.62,124.98,126.95,,124.62,,,85910,10694791.43,1835,F1,1,,,,,
2026-09-28,2026-09-28,CM,NSE,STK,765015,INE178T01024,ADVIKCA,EQ,,,,,ADVIK CAPITAL LTD.,0.97,0.98,0.96,0.97,0.98,0.98,,0.97,,,152190,147793.58,245,F1,1,,,,,
2026-09-28,2026-09-28,CM,NSE,STK,762227,INE1SJO01012,RAMBHAJO,EQ,,,,,ADVIT JEWELS LIMITED,282.44,282.44,263.00,265.03,265.95,286.23,,265.05,,,861228,231673625.51,10621,F1,1,,,,,
2026-09-28,2026-09-28,CM,NSE,STK,40,INE208C01025,AEGISLOG,EQ,,,,,AEGIS LOGISTICS LIMITED,1366.60,1366.60,1300.00,1308.10,1309.70,1365.40,,1308.13,,,373930,496237253.00,25056,F1,1,,,,,
2026-09-28,2026-09-28,CM,NSE,STK,757336,INE0INX01018,AEGISVOPAK,EQ,,,,,AEGIS VOPAK TERMINALS LTD,287.05,301.30,280.25,298.55,297.55,287.50,,298.54,,,2120065,628404889.90,39502,F1,1,,,,,
2026-09-28,2026-09-28,CM,NSE,STK,757870,INE423A07401,AEL17725,NA,,,,,AEL 0% 2027 SR II,1110.00,1110.00,1080.00,1080.00,1080.00,1110.00,,1080.00,,,67,74160.00,2,F1,1,,,,,
2026-09-28,2026-09-28,CM,NSE,STK,761341,INE423A07500,AEL12126,NI,,,,,AEL 0% 2028 SR II,1051.95,1051.95,1051.95,1051.95,1051.95,1007.10,,1051.95,,,1,1051.95,1,F1,1,,,,,
2026-09-28,2026-09-28,CM,NSE,STK,761342,INE423A07492,848AEL29,NJ,,,,,AEL 8.48% 2029 SR III,1015.25,1015.25,1015.25,1015.25,1015.25,1014.95,,1015.25,,,2,2030.50,1,F1,1,,,,,
2026-09-28,2026-09-28,CM,NSE,STK,761340,INE423A07484,860AEL28,NH,,,,,AEL 8.60% 2028 SR I,1041.20,1057.80,1041.20,1053.00,1053.00,1041.20,,1053.00,,,20,20929.50,7,F1,1,,,,,
2026-09-28,2026-09-28,CM,NSE,STK,761345,INE423A07518,862AEL31,NM,,,,,AEL 8.62% 2031 SR VI,1030.00,1030.00,1020.00,1020.00,1020.00,1021.10,,1025.00,,,466,475695.00,7,F1,1,,,,,
2026-09-28,2026-09-28,CM,NSE,STK,761346,INE423A07526,890AEL31,NN,,,,,AEL 8.90% 2031 SR VII,1061.04,1061.20,1060.22,1061.20,1061.20,1058.05,,1061.55,,,1131,1200013.60,18,F1,1,,,,,
2026-09-28,2026-09-28,CM,NSE,STK,757872,INE423A07435,915AEL28,NC,,,,,AEL 9.15% 2028 SR IV,1028.39,1028.39,1020.02,1020.02,1020.02,1018.00,,1022.51,,,7,7173.01,4,F1,1,,,,,
2026-09-28,2026-09-28,CM,NSE,STK,760234,INE947N01017,AEQUS,EQ,,,,,AEQUS LIMITED,259.00,274.00,246.96,260.10,260.75,246.05,,260.08,,,33667541,8753884797.66,337473,F1,1,,,,,
2026-09-28,2026-09-28,CM,NSE,STK,12015,INE065D01027,AEROENTER,EQ,,,,,AEROFLEX ENTERPRISES LTD,125.64,125.64,120.79,121.66,122.40,125.64,,121.66,,,258602,31522236.94,4257,F1,1,,,,,
2026-09-28,2026-09-28,CM,NSE,STK,18268,INE024001021,AEROFLEX,EQ,,,,,AEROFLEX INDUSTRIES LTD,524.25,524.95,508.20,513.40,512.50,525.70,,513.39,,,752491,387396138.20,23270,F1,1,,,,,
2026-09-28,2026-09-28,CM,NSE,STK,13689,INE035801013,AERONEU,EQ,,,,,AEROFLEX NEU LIMITED,80.01,80.01,73.00,75.18,75.16,80.22,,75.18,,,30253,2288657.47,894,F1,1,,,,,
2026-09-28,2026-09-28,CM,NSE,STK,25065,INE0WL801011,AERON,SM,,,,,AERON COMPOSITE LIMITED,82.00,84.50,82.00,84.50,84.50,82.05,,84.50,,,7000,581450.00,5,F1,1000,,,,,
2026-09-28,2026-09-28,CM,NSE,STK,24830,INE0TSF01011,AESTHETIK,SM,,,,,AESTHETIK ENGINEERS LTD,66.00,66.00,64.00,65.80,65.80,67.05,,65.80,,,5000,326600.00,4,F1,1000,,,,,
2026-09-28,2026-09-28,CM,NSE,STK,9810,INE0BWX01014,AETHER,EQ,,,,,AETHER INDUSTRIES LIMITED,1768.00,1785.20,1705.00,1739.20,1735.90,1767.00,,1738.81,,,318334,551713136.40,30450,F1,1,,,,,
2026-09-28,2026-09-28,CM,NSE,STK,25977,INE101I01011,AFCONS,EQ,,,,,AFCONS INFRASTRUCTURE LTD,252.50,258.00,247.80,251.65,255.00,252.50,,251.49,,,783149,196468938.70,11591,F1,1,,,,,
2026-09-28,2026-09-28,CM,NSE,STK,11343,INE00WC01027,AFFLE,EQ,,,,,AFFLE 3I LIMITED,1570.00,1575.50,1543.10,1548.40,1547.00,1578.00,,1548.38,,,100507,155918479.50,14898,F1,1,,,,,
2026-09-28,2026-09-28,CM,NSE,STK,25855,INE692Z01013,AFFORDABLE,EQ,,,,,AFFORD ROBO & AUTO LTD,179.20,179.20,170.50,170.74,170.55,178.25,,170.84,,,16239,2803436.12,540,F1,1,,,,,
2026-09-28,2026-09-28,CM,NSE,STK,760459,INE916Y07065,1150AFIL28,N0,,,,,AFIL 11.50% 2028 SR 05,9901.00,9901.00,9901.00,9901.00,9901.00,9811.25,,9901.00,,,1,9901.00,1,F1,1,,,,,
2026-09-28,2026-09-28,CM,NSE,STK,14263,INE0MLA01012,AGARWALFT,SM,,,,,AGARWAL FLOAT GLASS I LTD,27.00,27.10,27.00,27.05,27.10,25.95,,27.05,,,4500,121650.00,3,F1,1500,,,,,
2026-09-28,2026-09-28,CM,NSE,STK,3389,INE204E01012,AGARIND,EQ,,,,,AGARWAL INDS CORP LTD.,399.90,400.00,389.55,397.15,397.95,397.90,,397.08,,,25149,9921174.75,1325,F1,1,,,,,
2026-09-28,2026-09-28,CM,NSE,STK,27309,INE0P8X01016,AGARWALTUF,SM,,,,,AGARWAL TOUGH GLASS IND L,166.60,166.60,157.00,157.10,157.00,164.55,,157.10,,,58800,9345480.00,23,F1,1200,,,,,
2026-09-28,2026-09-28,CM,NSE,STK,11033,INE753W01010,AGASTYAEN,BE,,,,,AGASTYA ENE AND INFRA LTD,70.98,70.98,70.98,70.98,70.98,72.42,,70.98,,,84532,6000081.36,137,F1,1,,,,,
2026-09-28,2026-09-28,CM,NSE,STK,1412,INE415A01038,AGI,EQ,,,,,AGI GREENPAC LIMITED,798.00,836.60,792.35,804.80,805.85,803.35,,804.60,,,141280,114812298.15,12669,F1,1,,,,,
2026-09-28,2026-09-28,CM,NSE,STK,24445,INE976R01033,AGIIL,EQ,,,,,AGI INFRA LIMITED,267.00,276.00,257.00,271.60,272.00,264.55,,271.59,,,3175307,858694307.65,32802,F1,1,,,,,
2026-09-28,2026-09-28,CM,NSE,STK,10491,INE0LF301013,AGNI,SM,,,,,AGNI GREEN POWER LTD,15.25,15.25,15.20,15.20,15.20,16.00,,15.20,,,17500,266125.00,6,F1,2500,,,,,
2026-09-28,2026-09-28,CM,NSE,STK,11072,INE449G01018,AGRITECH,EQ,,,,,AGRI-TECH (INDIA) LIMITED,98.90,98.90,93.00,93.99,94.00,96.03,,94.07,,,3768,360126.76,138,F1,1,,,,,
2026-09-28,2026-09-28,CM,NSE,STK,9046,INE740V01019,AGROPHOS,EQ,,,,,AGRO PHOS INDIA LIMITED,24.29,24.29,23.20,23.95,24.00,24.20,,23.95,,,6408,153169.90,92,F1,1,,,,,
2026-09-28,2026-09-28,CM,NSE,STK,759202,INE583L01014,AGSTRA,BZ,,,,,AGS TRANSACT TECH LTD,2.52,2.52,2.52,2.52,2.52,2.40,,2.52,,,112786,284220.72,158,F1,1,,,,,
2026-09-28,2026-09-28,CM,NSE,STK,2004,INE00PV01013,AHLADA,EQ,,,,,AHLADA ENGINEERS LIMITED,37.65,39.82,37.55,38.57,38.59,39.16,,38.57,,,2238,85583.44,103,F1,1,,,,,
2026-09-28,2026-09-28,CM,NSE,STK,17833,INE758C01029,AHLUCONT,EQ,,,,,AHLUWALIA CONT IND LTD,585.00,588.75,567.00,572.40,567.10,585.55,,572.17,,,27918,16044139.00,3122,F1,1,,,,,
2026-09-28,2026-09-28,CM,NSE,STK,13086,INE212H01026,AIAENG,EQ,,,,,AIA ENGINEERING LIMITED,3939.30,3939.30,3823.30,3841.40,3851.00,3919.40,,3841.29,,,31144,119925071.70,11851,F1,1,,,,,
2026-09-28,2026-09-28,CM,NSE,STK,23984,INE0RUV01018,AIMTRON,SM,,,,,AIMTRON ELECTRONICS LTD,1890.25,1890.25,1795.50,1801.60,1795.50,1890.25,,1801.60,,,90200,164311540.00,371,F1,200,,,,,
2026-09-28,2026-09-28,CM,NSE,STK,9878,INE805A01014,GOLDTECH,BE,,,,,AION-TECH SOLUTIONS LTD,48.60,49.99,46.10,46.52,46.12,48.51,,46.53,,,18119,861512.81,139,F1,1,,,,,
2026-09-28,2026-09-28,CM,NSE,STK,9897,INE645W01026,AIRAN,EQ,,,,,AIRAN LIMITED,17.19,17.19,16.53,16.69,16.68,17.03,,16.69,,,93046,1552890.73,354,F1,1,,,,,
2026-09-28,2026-09-28,CM,NSE,STK,6068,INE801L01010,AIROLAM,EQ,,,,,AIRO LAM LIMITED,95.00,97.00,87.56,88.79,87.57,92.29,,88.79,,,1389,125492.11,119,F1,1,,,,,
2026-09-28,2026-09-28,CM,NSE,STK,8124,INE031B01049,AJANTPHARM,EQ,,,,,AJANTA PHARMA LIMITED,3546.00,3560.00,3506.00,3525.20,3516.00,3547.80,,3526.80,,,97333,344095035.40,20196,F1,1,,,,,
2026-09-28,2026-09-28,CM,NSE,STK,29624,INE274Y01021,AJAXENGG,EQ,,,,,AJAX ENGINEERING LIMITED,614.00,618.05,585.20,589.90,587.00,607.75,,589.92,,,174202,103402383.90,9873,F1,1,,,,,
2026-09-28,2026-09-28,CM,NSE,STK,17307,INE298G01035,AJMERA,EQ,,,,,AJMERA REALTY & INF I LTD,119.80,120.90,118.00,119.62,119.11,120.82,,119.62,,,289904,34594940.25,3136,F1,1,,,,,
2026-09-28,2026-09-28,CM,NSE,STK,3403,INE820Y01021,AJOONI,EQ,,,,,AJOONI BIOTECH LIMITED,3.21,3.22,3.13,3.14,3.17,3.19,,3.14,,,133408,423491.17,398,F1,1,,,,,
2026-09-28,2026-09-28,CM,NSE,STK,21121,INE0PCY01014,AKANKSHA,SM,,,,,AKANKSHA POWER N INFRA L,154.00,160.75,152.00,159.70,160.75,153.10,,159.70,,,64000,10201450.00,53,F1,1000,,,,,
2026-09-28,2026-09-28,CM,NSE,STK,13510,INE737W01013,AKASH,EQ,,,,,AKASH INFRA-PROJECTS LTD,25.04,25.79,25.00,25.02,25.02,25.04,,25.02,,,1163,29200.99,11,F1,1,,,,,
2026-09-28,2026-09-28,CM,NSE,STK,2176,INE00Y801016,AKG,EQ,,,,,AKG EXIM LIMITED,9.59,9.95,9.59,9.76,9.86,9.59,,9.76,,,7832,76951.13,62,F1,1,,,,,
2026-09-28,2026-09-28,CM,NSE,STK,14895,INE642Z01026,AKI,BE,,,,,AKI INDIA LIMITED,6.55,6.55,6.30,6.30,6.31,6.63,,6.30,,,88551,560596.40,320,F1,1,,,,,
2026-09-28,2026-09-28,CM,NSE,STK,24304,INE0PMR01017,AKIKO,SM,,,,,AKIKO GLOBAL SERVICES L,423.00,428.00,423.00,428.00,428.00,421.00,,428.00,,,1600,680800.00,2,F1,800,,,,,
2026-09-28,2026-09-28,CM,NSE,STK,24159,INE916Y01027,AFIL,EQ,,,,,AKME FINTRADE (INDIA) LTD,8.00,8.32,7.75,7.89,7.91,8.04,,7.89,,,419547,3324943.95,830,F1,1,,,,,
2026-09-28,2026-09-28,CM,NSE,STK,8595,INE523B01011,AKSHOPTFBR,BE,,,,,AKSH OPTIFIBRE  LTD,6.84,7.24,6.83,7.07,7.04,7.04,,7.07,,,177979,1246194.60,468,F1,1,,,,,
2026-09-28,2026-09-28,CM,NSE,STK,9558,INE256Z01025,AKSHAR,EQ,,,,,AKSHAR SPINTEX LIMITED,0.41,0.42,0.41,0.41,0.42,0.41,,0.41,,,865760,360659.33,222,F1,1,,,,,
2026-09-28,2026-09-28,CM,NSE,STK,20194,INE542B01011,AKSHARCHEM,BE,,,,,AKSHARCHEM INDIA LIMITED,398.30,398.30,378.00,383.35,387.30,394.40,,383.56,,,5038,1940628.80,149,F1,1,,,,,
2026-09-28,2026-09-28,CM,NSE,STK,24715,INE09XN01023,AKUMS,EQ,,,,,AKUMS DRUGS AND PHARMA L,819.55,825.00,798.00,799.95,801.90,819.55,,799.96,,,157385,126797428.20,11397,F1,1,,,,,
2026-09-28,2026-09-28,CM,NSE,STK,9921,INE914E01040,ALANKIT,EQ,,,,,ALANKIT LIMITED,7.97,7.97,7.62,7.72,7.66,7.85,,7.72,,,69117,536005.18,508,F1,1,,,,,
2026-09-28,2026-09-28,CM,NSE,STK,17256,INE155C01010,ALBERTDAVD,EQ,,,,,ALBERT DAVID LIMITED,879.90,879.90,840.50,846.95,848.50,873.80,,846.95,,,2950,2520623.30,363,F1,1,,,,,
2026-09-28,2026-09-28,CM,NSE,STK,18762,INE448V01019,ALCODIS,SM,,,,,ALCOKRAFT DISTILLERIE LTD,64.90,64.90,64.90,64.90,64.90,65.00,,64.90,,,625,40562.50,1,F1,625,,,,,
2026-09-28,2026-09-28,CM,NSE,STK,79,INE426A01027,ALEMBICLTD,EQ,,,,,ALEMBIC LIMITED,106.53,108.46,105.15,106.91,107.02,106.53,,106.91,,,828763,88697779.98,9615,F1,1,,,,,
2026-09-28,2026-09-28,CM,NSE,STK,25328,INE901L01018,APLLTD,EQ,,,,,ALEMBIC PHARMA LTD,870.00,870.00,843.65,854.35,854.00,863.75,,854.35,,,211650,180649813.45,19814,F1,1,,,,,
2026-09-28,2026-09-28,CM,NSE,STK,764573,INE782D01027,ALFREDHE,EQ,,,,,ALFRED HERBERT INDIA L,2760.00,2760.00,2740.00,2740.00,2740.00,2750.50,,2745.03,,,10,27485.50,9,F1,1,,,,,
2026-09-28,2026-09-28,CM,NSE,STK,761270,INE598D01035,ALGOQUANT,EQ,,,,,ALGOQUANT FINTECH LIMITED,72.20,72.28,68.61,69.55,69.00,72.28,,69.48,,,1207760,85289774.04,6444,F1,1,,,,,
2026-09-28,2026-09-28,CM,NSE,STK,13656,INE062D01024,ALICON,EQ,,,,,ALICON CASTALLOY LIMITED,730.00,730.00,712.00,716.85,717.00,730.05,,716.85,,,33306,23898244.80,2182,F1,1,,,,,
2026-09-28,2026-09-28,CM,NSE,STK,5265,INE03Q201024,ALIVUS,EQ,,,,,ALIVUS LIFE SCIENCES LTD,1368.90,1373.10,1337.50,1345.50,1340.00,1365.60,,1345.49,,,82952,112464133.40,8945,F1,1,,,,,
2026-09-28,2026-09-28,CM,NSE,STK,16963,INE773I01017,ALKALI,BE,,,,,ALKALI METALS LTD,93.70,96.20,89.24,94.55,94.70,93.93,,94.56,,,15761,1456383.45,208,F1,1,,,,,
2026-09-28,2026-09-28,CM,NSE,STK,11703,INE540L01014,ALKEM,EQ,,,,,ALKEM LABORATORIES LTD.,5254.00,5273.50,5131.00,5175.00,5175.00,5274.00,,5175.00,,,101714,529415682.50,14750,F1,1,,,,,
2026-09-28,2026-09-28,CM,NSE,STK,4487,INE150B01039,ALKYLAMINE,EQ,,,,,ALKYL AMINES CHEM. LTD,1826.30,1845.90,1791.00,1799.80,1805.00,1847.70,,1799.71,,,35684,64606686.40,9239,F1,1,,,,,
2026-09-28,2026-09-28,CM,NSE,STK,13203,INE0M2X01012,ALLETEC,SM,,,,,ALL E TECHNOLOGIES LTD,127.30,128.90,120.45,121.05,120.75,129.15,,121.05,,,58400,7148820.00,121,F1,400,,,,,
2026-09-28,2026-09-28,CM,NSE,STK,758448,INE0GV601021,ALLTIME,EQ,,,,,ALL TIME PLASTICS LIMITED,204.75,205.00,192.11,197.91,197.75,201.01,,197.94,,,443590,87551437.67,4497,F1,1,,,,,
2026-09-28,2026-09-28,CM,NSE,STK,763784,INE1YPB01014,AGL,EQ,,,,,ALLCARGO GLOBAL LIMITED,13.69,13.69,13.12,13.21,13.20,13.73,,13.21,,,1258673,16715178.80,3414,F1,1,,,,,
2026-09-28,2026-09-28,CM,NSE,STK,13501,INE418H01029,ALLCARGO,EQ,,,,,ALLCARGO LOGISTICS LTD,10.67,10.99,10.51,10.82,10.84,10.67,,10.82,,,8087046,87203709.00,8269,F1,1,,,,,
2026-09-28,2026-09-28,CM,NSE,STK,17778,INE0NN701020,ATL,EQ,,,,,ALLCARGO TERMINALS LTD,25.26,26.20,24.80,24.85,24.85,25.60,,24.85,,,101125,2541005.31,977,F1,1,,,,,
2026-09-28,2026-09-28,CM,NSE,STK,11798,INE835G01018,ALLDIGI,EQ,,,,,ALLDIGI TECH LIMITED,780.80,782.00,770.00,775.90,774.05,776.95,,775.90,,,5655,4394687.30,556,F1,1,,,,,
2026-09-28,2026-09-28,CM,NSE,STK,24308,INE552Z01027,ABDL,EQ,,,,,ALLIED BLEND N DISTILS L,731.95,739.00,720.25,723.45,722.00,715.05,,723.41,,,1807712,1316479254.85,49911,F1,1,,,,,
2026-09-28,2026-09-28,CM,NSE,STK,14813,INE102I01027,ADSL,EQ,,,,,ALLIED DIGITAL SERV. LTD,124.00,126.20,113.50,116.66,114.00,115.52,,116.63,,,5747156,694516442.75,75146,F1,1,,,,,
2026-09-28,2026-09-28,CM,NSE,STK,16723,INE326B01035,ALMONDZ,BE,,,,,ALMONDZ GLOBAL SEC LTD,21.92,21.92,20.68,21.09,21.42,21.38,,21.09,,,314984,6639612.11,534,F1,1,,,,,
2026-09-28,2026-09-28,CM,NSE,STK,17675,INE270A01029,ALOKINDS,EQ,,,,,ALOK INDUSTRIES LIMITED,7.44,7.45,7.18,7.22,7.23,7.50,,7.22,,,12166103,88420382.98,11085,F1,1,,,,,
2026-09-28,2026-09-28,CM,NSE,STK,14848,INE385I01010,ALPA,EQ,,,,,ALPA LABORATORIES LTD,59.99,60.00,58.40,59.21,59.48,59.10,,59.21,,,9658,572216.02,131,F1,1,,,,,
2026-09-28,2026-09-28,CM,NSE,STK,22688,INE0R4701017,ALPEXSOLAR,SM,,,,,ALPEX SOLAR LIMITED,863.10,880.00,850.00,872.00,876.00,862.65,,872.00,,,35400,30915885.00,277,F1,100,,,,,
2026-09-28,2026-09-28,CM,NSE,STK,14601,INE137C01018,ALPHAGEO,BE,,,,,ALPHAGEO (INDIA) LIMITED,283.15,293.85,269.10,269.55,271.95,283.15,,269.94,,,12305,3382964.45,294,F1,1,,,,,
2026-09-28,2026-09-28,CM,NSE,STK,764186,INE1JCQ01037,ALPINETEX,EQ,,,,,ALPINE TEXWORLD LIMITED,49.88,49.88,48.00,48.36,48.01,49.06,,48.44,,,212831,10386485.00,3047,F1,1,,,,,
2026-09-28,2026-09-28,CM,NSE,STK,764578,INE058F01019,ALUFLUOR,EQ,,,,,ALUFLUORIDE LTD.,565.40,644.40,562.60,604.70,606.00,565.40,,604.56,,,66544,40815188.95,4341,F1,1,,,,,
2026-09-28,2026-09-28,CM,NSE,STK,23474,INE0STM01017,ALUWIND,SM,,,,,ALUWIND INFRA-TECH LTD,51.50,51.50,49.05,51.45,51.45,51.05,,51.45,,,18000,892500.00,7,F1,1500,,,,,
2026-09-28,2026-09-28,CM,NSE,STK,760740,INE121R01077,AMAGI,EQ,,,,,AMAGI MEDIA LABS LIMITED,578.00,579.85,558.50,560.00,560.00,575.65,,560.00,,,197959,111619988.45,9084,F1,1,,,,,
2026-09-28,2026-09-28,CM,NSE,STK,764583,INE841D01013,AMAL,EQ,,,,,AMAL LTD.,672.00,690.00,636.05,665.55,668.00,674.40,,665.94,,,29985,19769365.75,2048,F1,1,,,,,
2026-09-28,2026-09-28,CM,NSE,STK,758910,INE084K01015,AMANTA,BE,,,,,AMANTA HEALTHCARE LIMITED,185.07,185.07,182.28,183.00,183.00,186.00,,182.30,,,12987,2375780.60,109,F1,1,,,,,
2026-09-28,2026-09-28,CM,NSE,STK,100,INE885A01032,ARE&M,EQ,,,,,AMARA RAJA ENERGY MOB LTD,792.00,794.60,772.65,774.95,774.20,791.95,,774.94,,,361593,281483332.00,23540,F1,1,,,,,
2026-09-28,2026-09-28,CM,NSE,STK,764588,INE484D01012,AMARJOTHI,EQ,,,,,AMARJOTHI SPINNING MILL L,149.82,150.70,147.00,150.70,150.70,149.82,,150.70,,,736,108328.51,16,F1,1,,,,,
2026-09-28,2026-09-28,CM,NSE,STK,763256,INE293601014,AMBAAUTO,SM,,,,,AMBA AUTO SALES AND SER L,95.00,95.00,95.00,95.00,95.00,96.55,,95.00,,,2000,190000.00,2,F1,1000,,,,,
2026-09-28,2026-09-28,CM,NSE,STK,762546,INE432A01017,AMBALALSA,BE,,,,,AMBALAL SARABHAI ENT L,40.50,40.89,39.04,39.28,39.70,41.09,,39.22,,,32569,1293976.95,228,F1,1,,,,,
2026-09-28,2026-09-28,CM,NSE,STK,1185,INE371P01015,AMBER,EQ,,,,,AMBER ENTERPRISES (I) LTD,7001.50,7038.50,6880.00,6990.00,6990.00,6960.00,,6989.76,,,124117,865694768.50,24504,F1,1,,,,,
2026-09-28,2026-09-28,CM,NSE,STK,11496,INE792B01012,AMBICAAGAR,EQ,,,,,AMBICA AGAR & AROMAINDLTD,25.45,25.45,24.30,24.88,24.89,25.22,,24.88,,,6057,149820.08,110,F1,1,,,,,
2026-09-28,2026-09-28,CM,NSE,STK,15234,INE540G01014,AMBIKCO,EQ,,,,,AMBIKA COTTON MILL LTD.,1546.20,1584.40,1522.50,1568.00,1559.00,1546.10,,1568.20,,,11978,18590098.90,1555,F1,1,,,,,
2026-09-28,2026-09-28,CM,NSE,STK,1270,INE079A01024,AMBUJACEM,EQ,,,,,AMBUJA CEMENTS LTD,383.80,383.80,374.00,374.35,374.35,383.80,,374.37,,,1653664,622564862.05,30248,F1,1,,,,,
2026-09-28,2026-09-28,CM,NSE,STK,14402,INE005I01014,AMDIND,BE,,,,,AMD INDUSTRIES LIMITED,58.85,58.85,56.19,56.65,56.80,58.80,,56.63,,,15749,898847.61,148,F1,1,,,,,
2026-09-28,2026-09-28,CM,NSE,STK,10898,INE0KT901015,AMEYA,SM,,,,,AMEYA PRECISION ENG LTD,138.90,145.50,138.90,139.25,139.00,146.20,,139.25,,,32000,4458200.00,26,F1,1000,,,,,
2026-09-28,2026-09-28,CM,NSE,STK,19867,INE275D01022,AMNPLST,EQ,,,,,AMINES & PLASTICIZERS LTD,163.40,172.50,160.25,166.82,165.50,163.15,,166.83,,,5146,861679.18,180,F1,1,,,,,
2026-09-28,2026-09-28,CM,NSE,STK,761670,INE05TO01019,AEROPLANE,EQ,,,,,AMIR CHAND JAG KUM (E) L,209.54,212.07,200.00,201.09,201.00,209.47,,201.09,,,462373,94159405.83,6530,F1,1,,,,,
2026-09-28,2026-09-28,CM,NSE,STK,2598,INE606A01024,AMJLAND,EQ,,,,,AMJ LAND HOLDINGS LIMITED,38.45,41.00,37.79,38.05,37.81,37.70,,38.05,,,31976,1251331.19,203,F1,1,,,,,
2026-09-28,2026-09-28,CM,NSE,STK,17547,INE098F01031,AMRUTANJAN,EQ,,,,,AMRUTAJAN HEALTH LTD,506.35,518.00,499.00,506.55,506.00,506.35,,506.53,,,47090,23973037.90,2261,F1,1,,,,,
2026-09-28,2026-09-28,CM,NSE,STK,759956,INE549H01021,ARSSBL,EQ,,,,,ANAND RATHI SH N STK BR L,496.00,509.00,488.45,500.60,500.00,496.90,,500.60,,,258877,129843525.65,7408,F1,1,,,,,
2026-09-28,2026-09-28,CM,NSE,STK,7145,INE463V01026,ANANDRATHI,EQ,,,,,ANAND RATHI WEALTH LTD,2145.10,2164.10,2112.00,2146.20,2153.00,2126.80,,2146.18,,,394039,842942217.50,29492,F1,1,,,,,
2026-09-28,2026-09-28,CM,NSE,STK,13620,INE242C01024,ANANTRAJ,EQ,,,,,ANANT RAJ LIMITED,615.00,619.80,601.80,607.95,609.00,617.40,,607.95,,,1047967,639538562.85,27318,F1,1,,,,,
2026-09-28,2026-09-28,CM,NSE,STK,759363,INE1UA823019,ANANTAM,IV,,,,,ANANTAM HIGHWAYS TRUST,104.94,105.00,104.75,104.76,104.78,104.94,,104.76,,,17351,1820948.87,91,F1,1,,,,,
2026-09-28,2026-09-28,CM,NSE,STK,764446,INE1J5V01013,ANAWIL,SM,,,,,ANAWIL WIRE AND ENGIN LTD,486.00,502.00,465.50,468.85,474.90,482.40,,468.85,,,158400,76119480.00,340,F1,400,,,,,
2026-09-28,2026-09-28,CM,NSE,STK,758427,INE0VG001016,AMCL,SM,,,,,ANB METAL CAST LIMITED,350.00,350.00,339.50,347.90,347.90,347.50,,347.90,,,10400,3573320.00,18,F1,400,,,,,
2026-09-28,2026-09-28,CM,NSE,STK,15420,INE666E01020,ACL,EQ,,,,,ANDHRA CEMENTS LIMITED,42.94,42.94,39.51,39.94,40.00,42.63,,39.94,,,67332,2714173.80,810,F1,1,,,,,
2026-09-28,2026-09-28,CM,NSE,STK,166,INE435A01051,ANDHRAPAP,EQ,,,,,ANDHRA PAPER LIMITED,73.81,75.00,72.03,72.62,72.54,74.05,,72.63,,,261464,19030376.80,4609,F1,1,,,,,
2026-09-28,2026-09-28,CM,NSE,STK,136,INE715B01021,ANDHRSUGAR,EQ,,,,,ANDHRA SUGARS LTD,97.40,97.40,94.46,95.13,95.28,95.41,,95.13,,,345913,33059883.43,5975,F1,1,,,,,
2026-09-28,2026-09-28,CM,NSE,STK,5206,INE449C01025,ANDREWYU,EQ,,,,,ANDREW YULE & CO. LTD.,26.61,26.99,25.13,25.81,26.00,27.00,,25.85,,,106812,2794484.46,873,F1,1,,,,,
2026-09-28,2026-09-28,CM,NSE,STK,324,INE732I01021,ANGELONE,EQ,,,,,ANGEL ONE LIMITED,286.40,286.40,278.05,279.20,279.20,288.00,,279.20,,,4741372,1328152988.90,38712,F1,1,,,,,
2026-09-28,2026-09-28,CM,NSE,STK,482,INE635Y01015,AISL,SM,,,,,ANI INTEGRATED SERV LTD.,57.85,57.85,57.55,57.85,57.85,55.10,,57.85,,,22200,1282440.00,25,F1,600,,,,,
2026-09-28,2026-09-28,CM,NSE,STK,16657,INE087B01017,ANIKINDS,EQ,,,,,ANIK INDUSTRIES LTD,44.99,44.99,41.96,43.03,43.75,43.28,,44.41,,,3018,130172.74,129,F1,1,,,,,
2026-09-28,2026-09-28,CM,NSE,STK,20453,INE071F01012,APCL,EQ,,,,,ANJANI PORTLAND CEM LTD,95.40,97.90,94.50,94.64,94.50,95.52,,94.64,,,4667,442873.95,77,F1,1,,,,,
2026-09-28,2026-09-28,CM,NSE,STK,25878,INE106I01010,ANKITMETAL,BZ,,,,,ANKIT MET & POW LTD,1.91,1.91,1.91,1.91,1.91,1.88,,1.91,,,32807,62661.37,28,F1,1,,,,,
2026-09-28,2026-09-28,CM,NSE,STK,758968,INE0Y8W01025,AHCL,EQ,,,,,ANLON HEALTHCARE LIMITED,32.25,34.66,32.24,34.66,34.66,31.51,,34.70,,,23572265,799470839.85,28263,F1,1,,,,,
2026-09-28,2026-09-28,CM,NSE,STK,13657,INE0LR101013,ANLON,SM,,,,,ANLON TECHNOLOGY SOL LTD,770.00,787.00,753.00,769.95,769.95,791.00,,769.95,,,11200,8649060.00,23,F1,400,,,,,
2026-09-28,2026-09-28,CM,NSE,STK,3732,INE02AR01019,ANMOL,BE,,,,,ANMOL INDIA LIMITED,13.88,13.89,12.91,13.62,13.85,13.25,,13.61,,,60551,816220.00,371,F1,1,,,,,
2026-09-28,2026-09-28,CM,NSE,STK,764471,INE0MGM01017,ANNAPURNA,EQ,,,,,ANNAPURNA SWADISHT LTD,131.97,132.58,126.10,127.66,128.00,131.97,,127.66,,,41065,5316096.76,550,F1,1,,,,,
2026-09-28,2026-09-28,CM,NSE,STK,765502,INE103001017,ANNU,EQ,,,,,ANNU PROJECTS LIMITED,49.30,49.82,47.30,47.86,47.80,49.33,,47.84,,,1439012,69502256.02,8100,F1,1,,,,,
2026-09-28,2026-09-28,CM,NSE,STK,758740,INE0VTV01012,ANONDITA,SM,,,,,ANONDITA MEDICARE LIMITED,1140.50,1183.00,1096.25,1103.35,1107.00,1150.25,,1103.35,,,112000,126424160.00,416,F1,200,,,,,
2026-09-28,2026-09-28,CM,NSE,STK,765020,INE030C01015,ANSALBU,EQ,,,,,ANSAL BUILDWELL LTD.,95.00,95.54,88.00,90.38,89.00,94.69,,90.31,,,3846,351773.43,73,F1,1,,,,,
2026-09-28,2026-09-28,CM,NSE,STK,19677,INE436A01026,ANSALAPI,BZ,,,,,ANSAL PROP & INFRA LTD,4.00,4.00,3.90,4.00,4.00,3.93,,4.00,,,141692,566686.43,104,F1,1,,,,,
2026-09-28,2026-09-28,CM,NSE,STK,5194,INE414B01021,ANTGRAPHIC,EQ,,,,,ANTARCTICA LTD,0.72,0.72,0.69,0.69,0.70,0.71,,0.69,,,419043,294297.06,242,F1,1,,,,,
2026-09-28,2026-09-28,CM,NSE,STK,13598,INE818A01017,ANTELOPUS,EQ,,,,,ANTELOPUS SELAN ENRGY LTD,1260.00,1260.00,1120.85,1159.45,1155.00,1261.70,,1159.44,,,1450659,1715489664.85,57768,F1,1,,,,,
2026-09-28,2026-09-28,CM,NSE,STK,757885,INE0CZ201020,ANTHEM,EQ,,,,,ANTHEM BIOSCIENCES LTD,868.00,875.60,849.00,851.10,855.00,873.60,,851.10,,,503134,432536164.45,37765,F1,1,,,,,
2026-09-28,2026-09-28,CM,NSE,STK,1797,INE01BK01022,AWHCL,EQ,,,,,ANTONY WASTE HDG CELL LTD,378.00,378.05,365.00,367.65,365.95,378.35,,367.72,,,78194,28984370.75,5002,F1,1,,,,,
2026-09-28,2026-09-28,CM,NSE,STK,28314,INE489G01022,ANUHPHR,EQ,,,,,ANUH PHARMA LIMITED,89.05,92.50,88.80,89.46,89.11,90.42,,89.46,,,105107,9505476.02,2618,F1,1,,,,,
2026-09-28,2026-09-28,CM,NSE,STK,2829,INE930P01018,ANURAS,EQ,,,,,ANUPAM RASAYAN INDIA LTD,1198.00,1198.00,1178.50,1187.10,1186.50,1192.40,,1187.09,,,194981,231451138.60,12658,F1,1,,,,,
2026-09-28,2026-09-28,CM,NSE,STK,28983,INE0SI601032,ANYA,SM,,,,,ANYA POLYTECH & FERTI LTD,17.50,18.30,17.50,18.30,18.30,17.55,,18.30,,,25000,441500.00,4,F1,5000,,,,,
2026-09-28,2026-09-28,CM,NSE,STK,11945,INE0MIZ23019,ANZEN,IV,,,,,ANZEN IND ENE YLD PLU TRU,127.00,127.00,127.00,127.00,127.00,131.00,,128.48,,,25000,3175000.00,1,F1,25000,,,,,
2026-09-28,2026-09-28,CM,NSE,STK,758904,INF1J2R01114,AONEGOLD,EQ,,,,,AONEAMC - AONEGOLD,13.75,13.95,13.65,13.71,13.73,14.02,,13.71,,,602750,8278673.78,2826,F1,1,,,,,
2026-09-28,2026-09-28,CM,NSE,STK,30472,INF1J2R01056,AONELIQUID,EQ,,,,,AONEAMC - AONELIQUID,1078.73,1078.74,1078.71,1078.72,1078.74,1078.58,,1078.72,,,13091,14121706.23,133,F1,1,,,,,
2026-09-28,2026-09-28,CM,NSE,STK,757096,INF1J2R01064,AONENIFTY,EQ,,,,,AONEAMC - AONENIFTY,9.51,9.79,9.37,9.42,9.47,9.60,,9.42,,,275003,2600876.53,2105,F1,1,,,,,
2026-09-28,2026-09-28,CM,NSE,STK,760193,INF1J2R01171,AONESILVER,EQ,,,,,AONEAMC - AONESILVER,8.64,8.70,8.41,8.46,8.45,8.76,,8.46,,,1600278,13592847.22,2188,F1,1,,,,,
2026-09-28,2026-09-28,CM,NSE,STK,759992,INF1J2R01148,AONETMMQ50,EQ,,,,,AONEAMC - AONETMMQ50,10.40,10.40,9.88,9.91,9.95,10.20,,9.91,,,102036,1016352.41,502,F1,1,,,,,
2026-09-28,2026-09-28,CM,NSE,STK,29975,INF1J2R01015,AONETOTAL,EQ,,,,,AONEAMC - AONETOTAL,11.59,11.82,11.38,11.41,11.45,11.59,,11.41,,,241554,2763791.38,1528,F1,1,,,,,
2026-09-28,2026-09-28,CM,NSE,STK,11491,INE372A01015,APARINDS,EQ,,,,,APAR INDUSTRIES LTD.,17750.00,17770.00,17147.00,17263.00,17225.00,17776.00,,17263.15,,,128717,2234207464.00,38534,F1,1,,,,,
2026-09-28,2026-09-28,CM,NSE,STK,154,INE116A01032,APCOTEXIND,EQ,,,,,APCOTEX INDUSTRIES LIMITE,599.40,599.40,583.55,586.00,584.30,599.40,,586.01,,,68000,40028568.60,4007,F1,1,,,,,
2026-09-28,2026-09-28,CM,NSE,STK,27291,INE0T4V01015,APEXECO,ST,,,,,APEX ECOTECH LIMITED,269.00,270.00,254.75,264.75,264.75,268.15,,264.75,,,20000,5167160.00,23,F1,800,,,,,
2026-09-28,2026-09-28,CM,NSE,STK,21623,INE346W01013,APEX,EQ,,,,,APEX FROZEN FOODS LIMITED,345.25,346.10,336.30,338.65,339.90,347.60,,338.69,,,99907,34028911.25,3864,F1,1,,,,,
2026-09-28,2026-09-28,CM,NSE,STK,25780,INE702C01027,APLAPOLLO,EQ,,,,,APL APOLLO TUBES LTD,2210.20,2210.20,2174.90,2197.00,2197.00,2214.70,,2197.02,,,319967,700150565.50,22079,F1,1,,,,,
2026-09-28,2026-09-28,CM,NSE,STK,757180,INE0TLC07093,930APMD28,N0,,,,,APMD 9.30% 2028 STRPP B,102800.00,102800.00,102800.00,102800.00,102800.00,102930.00,,102800.00,,,2,205600.00,2,F1,1,,,,,
2026-09-28,2026-09-28,CM,NSE,STK,757182,INE0TLC07069,930APMD29,N0,,,,,APMD 9.30% 2029 STRPP C,102597.01,103800.00,102597.01,103101.00,103101.00,103900.00,,103101.00,,,5,514692.03,3,F1,1,,,,,
2026-09-28,2026-09-28,CM,NSE,STK,157,INE437A01024,APOLLOHOSP,EQ,,,,,APOLLO HOSPITALS ENTER. L,8889.00,8902.50,8804.00,8860.00,8860.00,8889.00,,8860.01,,,429429,3805218639.00,55787,F1,1,,,,,
2026-09-28,2026-09-28,CM,NSE,STK,1134,INE713T01028,APOLLO,EQ,,,,,APOLLO MICRO SYSTEMS LTD,397.45,414.40,388.00,408.30,414.40,395.60,,408.30,,,11506533,4636799532.70,84269,F1,1,,,,,
2026-09-28,2026-09-28,CM,NSE,STK,14361,INE126J01016,APOLLOPIPE,EQ,,,,,APOLLO PIPES LIMITED,511.00,526.85,503.50,521.20,526.80,511.45,,521.23,,,321445,164313487.20,8599,F1,1,,,,,
2026-09-28,2026-09-28,CM,NSE,STK,6302,INE451F01024,APOLSINHOT,EQ,,,,,APOLLO SINDOORI HOTEL LTD,1196.00,1212.00,1166.00,1172.90,1170.00,1202.40,,1172.90,,,889,1051109.40,130,F1,1,,,,,
2026-09-28,2026-09-28,CM,NSE,STK,163,INE438A01022,APOLLOTYRE,EQ,,,,,APOLLO TYRES LTD,396.10,398.40,388.30,389.60,390.60,400.10,,389.60,,,453772,177937639.80,20425,F1,1,,,,,
2026-09-28,2026-09-28,CM,NSE,STK,764593,INE217S01014,APOORVA,EQ,,,,,APOORVA LEAS F & INV C L,35.10,35.10,31.78,33.49,33.49,33.45,,34.24,,,678,21674.58,19,F1,1,,,,,
2026-09-28,2026-09-28,CM,NSE,STK,24638,INE0LQG01010,APRAMEYA,SM,,,,,APRAMEYA ENGINEERING LTD,99.50,100.00,94.95,95.00,95.00,102.00,,95.00,,,11000,1066950.00,21,F1,500,,,,,
2026-09-28,2026-09-28,CM,NSE,STK,760370,INE0M2307339,915APSBC30,N0,,,,,APSBC 9.15% 2030 STRPP E,102157.11,102157.11,102157.11,102157.11,102157.11,103711.00,,102157.11,,,1,102157.11,1,F1,1,,,,,
2026-09-28,2026-09-28,CM,NSE,STK,760372,INE0M2307388,915APSBC31,N0,,,,,APSBC 9.15% 2031 STRPP F,104100.00,104100.00,104100.00,104100.00,104100.00,104000.00,,104100.00,,,1,104100.00,1,F1,1,,,,,
2026-09-28,2026-09-28,CM,NSE,STK,761435,INE1OOJ01011,APSISAERO,ST,,,,,APSIS AEROCOM LIMITED,611.70,634.00,588.00,588.00,588.00,611.70,,588.00,,,18000,10878600.00,15,F1,1200,,,,,
2026-09-28,2026-09-28,CM,NSE,STK,10755,INE266F01018,APTECHT,EQ,,,,,APTECH LIMITED,92.25,92.25,88.52,90.27,90.90,91.22,,90.39,,,56446,5098379.13,1249,F1,1,,,,,
2026-09-28,2026-09-28,CM,NSE,STK,5435,INE852O01025,APTUS,EQ,,,,,APTUS VALUE HSG FIN I LTD,244.00,244.00,237.00,237.47,238.54,244.60,,237.47,,,710146,169474782.19,19430,F1,1,,,,,
2026-09-28,2026-09-28,CM,NSE,STK,23365,INE416A01051,AQYLON,EQ,,,,,AQYLON NEXUS LIMITED,18.93,19.38,17.72,18.00,18.21,18.56,,18.00,,,419474,7609815.83,1737,F1,1,,,,,
2026-09-28,2026-09-28,CM,NSE,STK,19253,INE08NJ01024,ARABIAN,SM,,,,,ARABIAN PETROLEUM LIMITED,90.45,90.45,88.00,89.95,89.95,88.00,,89.95,,,8000,712800.00,4,F1,2000,,,,,
2026-09-28,2026-09-28,CM,NSE,STK,758670,INE0YDV01010,ARCIIL,SM,,,,,ARC INSULATION & INSU LTD,32.85,32.90,32.85,32.90,32.90,32.05,,32.90,,,3000,98650.00,3,F1,1000,,,,,
2026-09-28,2026-09-28,CM,NSE,STK,12024,INE128X01021,ACI,EQ,,,,,ARCHEAN CHEMICAL IND LTD,482.90,484.90,471.85,482.75,484.90,482.55,,482.73,,,188120,90058128.00,9113,F1,1,,,,,
2026-09-28,2026-09-28,CM,NSE,STK,245,INE0CHO01012,ADL,EQ,,,,,ARCHIDPLY DECOR LIMITED,69.81,76.40,66.00,72.17,72.45,69.81,,72.61,,,689,48859.27,82,F1,1,,,,,
2026-09-28,2026-09-28,CM,NSE,STK,16795,INE877I01016,ARCHIDPLY,EQ,,,,,ARCHIDPLY IND. LTD,106.26,109.90,102.50,102.76,102.50,106.26,,102.84,,,25618,2656674.73,526,F1,1,,,,,
2026-09-28,2026-09-28,CM,NSE,STK,5688,INE731A01020,ARCHIES,EQ,,,,,ARCHIES LTD,12.30,13.29,12.08,12.58,12.42,12.30,,12.64,,,59503,752102.23,305,F1,1,,,,,
2026-09-28,2026-09-28,CM,NSE,STK,764598,INE372M01010,ARCL,EQ,,,,,ARCL ORGANICS LTD.,244.00,245.00,234.35,241.99,241.99,245.53,,245.00,,,593,142248.11,58,F1,1,,,,,
2026-09-28,2026-09-28,CM,NSE,STK,764480,INE0XNF01022,ARDEE,EQ,,,,,ARDEE INDUSTRIES LIMITED,51.46,52.50,50.49,51.99,51.99,51.66,,51.99,,,3464641,179185024.92,20736,F1,1,,,,,
2026-09-28,2026-09-28,CM,NSE,STK,758700,INE784R01023,ARFIN,EQ,,,,,ARFIN INDIA LIMITED,89.42,92.89,87.80,88.48,87.82,90.31,,88.47,,,1424657,128340301.80,7866,F1,1,,,,,
2026-09-28,2026-09-28,CM,NSE,STK,13092,INE0L2Y01011,ARHAM,SM,,,,,ARHAM TECHNOLOGIES LTD,211.00,214.10,207.50,213.65,214.10,211.10,,213.65,,,61000,12927000.00,42,F1,1000,,,,,
2026-09-28,2026-09-28,CM,NSE,STK,15208,INE298I01015,ARIES,BE,,,,,ARIES AGRO LTD.,470.00,473.80,468.10,470.50,470.00,473.30,,470.52,,,6778,3185666.55,140,F1,1,,,,,
2026-09-28,2026-09-28,CM,NSE,STK,3813,INE420B01036,ARIHANTCAP,EQ,,,,,ARIHANT CAPITAL MKTS LTD,93.34,93.97,89.05,89.81,90.31,93.34,,89.81,,,314055,28501986.42,3859,F1,1,,,,,
2026-09-28,2026-09-28,CM,NSE,STK,13885,INE413D01011,ARIHANT,EQ,,,,,ARIHANT FOUN & HOU LTD,911.05,958.95,891.00,914.05,904.00,895.00,,914.67,,,1797,1657723.70,246,F1,1,,,,,
2026-09-28,2026-09-28,CM,NSE,STK,20159,INE643K01018,ARIHANTSUP,EQ,,,,,ARIHANT SUPERSTRUCT LTD,245.00,245.00,229.45,236.25,230.00,242.70,,236.09,,,8552,2039275.20,240,F1,1,,,,,
2026-09-28,2026-09-28,CM,NSE,STK,757614,INE0H9P01028,ARIS,EQ,,,,,ARISINFRA SOLUTIONS LTD,140.22,140.22,132.00,132.61,132.13,140.29,,132.61,,,1377843,185321619.71,12027,F1,1,,,,,
2026-09-28,2026-09-28,CM,NSE,STK,13926,INE082101010,ARISTO,SM,,,,,ARISTO BIO T AND LIFESC L,100.60,100.60,100.60,100.60,100.60,105.85,,100.60,,,800,80480.00,1,F1,800,,,,,
2026-09-28,2026-09-28,CM,NSE,STK,25398,INE0QRL01017,ARKADE,EQ,,,,,ARKADE DEVELOPERS LIMITED,125.00,127.49,122.50,123.22,123.00,125.48,,123.20,,,104238,12982088.26,1980,F1,1,,,,,
2026-09-28,2026-09-28,CM,NSE,STK,17263,INE109C01017,ARMANFIN,EQ,,,,,ARMAN FIN SERV LTD,1830.20,1835.90,1666.20,1700.10,1700.00,1885.60,,1700.09,,,232152,400330895.50,22369,F1,1,,,,,
2026-09-28,2026-09-28,CM,NSE,STK,760752,INE0TZX01019,ARMOUR,ST,,,,,ARMOUR SECURITY (INDIA) L,21.10,21.10,21.10,21.10,21.10,20.10,,21.10,,,12000,253200.00,6,F1,2000,,,,,
2026-09-28,2026-09-28,CM,NSE,STK,14557,INE210C01013,AROGRANITE,EQ,,,,,ARO GRANITE IND. LTD.,23.85,24.00,23.00,23.12,23.05,24.14,,23.12,,,1956,45748.64,56,F1,1,,,,,
2026-09-28,2026-09-28,CM,NSE,STK,9260,INE570D01018,ARROWGREEN,EQ,,,,,ARROW GREENTECH LIMITED,900.00,905.35,876.00,891.85,881.10,905.80,,891.93,,,23332,20758449.95,2078,F1,1,,,,,
2026-09-28,2026-09-28,CM,NSE,STK,29015,INE968D01022,ARSHIYA,BZ,,,,,ARSHIYA LIMITED,0.75,0.76,0.74,0.76,0.76,0.74,,0.76,,,74832,55951.56,61,F1,1,,,,,
2026-09-28,2026-09-28,CM,NSE,STK,6156,INE738V01013,ARTNIRMAN,EQ,,,,,ART NIRMAN LIMITED,39.94,39.94,37.25,38.30,39.60,39.97,,38.30,,,1527,57695.28,26,F1,1,,,,,
2026-09-28,2026-09-28,CM,NSE,STK,761330,INE757T01025,AEPL,EQ,,,,,ARTEMIS ELECTRICALS & P L,15.90,16.48,15.11,15.14,15.11,15.90,,15.15,,,21433,331105.28,211,F1,1,,,,,
2026-09-28,2026-09-28,CM,NSE,STK,16913,INE025R01021,ARTEMISMED,EQ,,,,,ARTEMIS MED SERVICE LTD,362.20,372.00,350.20,365.90,368.00,357.70,,365.86,,,2092323,763364665.65,51914,F1,1,,,,,
2026-09-28,2026-09-28,CM,NSE,STK,756896,INE0TTG01017,ARUNAYA,SM,,,,,ARUNAYA ORGANICS LIMITED,14.65,14.95,14.30,14.50,14.50,14.00,,14.50,,,20000,292100.00,9,F1,2000,,,,,
2026-09-28,2026-09-28,CM,NSE,STK,2814,INE006Z01016,ARVEE,EQ,,,,,ARVEE LABORATORIES I LTD,213.19,234.50,213.19,234.50,234.50,213.19,,234.50,,,32319,7489648.74,737,F1,1,,,,,
2026-09-28,2026-09-28,CM,NSE,STK,9111,INE955V01021,ARVINDFASN,EQ,,,,,ARVIND FASHIONS LIMITED,412.80,416.30,410.00,413.75,414.80,417.20,,413.75,,,98851,40927248.10,15096,F1,1,,,,,
2026-09-28,2026-09-28,CM,NSE,STK,193,INE034A01011,ARVIND,EQ,,,,,ARVIND LIMITED,550.25,551.95,542.00,543.60,544.50,549.05,,543.61,,,227662,124423196.05,10895,F1,1,,,,,
2026-09-28,2026-09-28,CM,NSE,STK,19579,INE0P4T01013,ARVINDPORT,SM,,,,,ARVIND PORT AND INFRA LTD,33.95,34.90,32.70,34.90,34.90,34.00,,34.90,,,21000,710775.00,13,F1,1500,,,,,
2026-09-28,2026-09-28,CM,NSE,STK,10457,INE034S01021,ARVSMART,EQ,,,,,ARVIND SMARTSPACES LTD,616.95,629.60,600.00,615.75,618.00,614.05,,615.61,,,188147,115493738.90,9257,F1,1,,,,,
2026-09-28,2026-09-28,CM,NSE,STK,764603,INE032E01017,ARYAMAN,EQ,,,,,ARYAMAN FINANCIAL SERV L,630.00,630.00,605.00,625.00,625.00,610.00,,625.00,,,30485,19155812.45,20,F1,1,,,,,
2026-09-28,2026-09-28,CM,NSE,STK,5378,INE439A01020,ASAHIINDIA,EQ,,,,,ASAHI INDIA GLASS LIMITED,953.00,959.65,931.20,933.55,937.40,959.95,,933.50,,,114530,107657985.40,7636,F1,1,,,,,
2026-09-28,2026-09-28,CM,NSE,STK,25092,INE228I01012,ASAHISONG,BE,,,,,ASAHI SONGWON COLOR LTD,404.00,409.20,385.00,387.20,388.05,402.75,,387.20,,,11364,4481194.00,236,F1,1,,,,,
2026-09-28,2026-09-28,CM,NSE,STK,203,INE348A01023,ASHAPURMIN,EQ,,,,,ASHAPURA MINECHEM LTD,506.50,510.90,500.05,502.60,500.70,506.50,,502.60,,,288640,145855992.65,10928,F1,1,,,,,
2026-09-28,2026-09-28,CM,NSE,STK,24403,INE365D01021,ASHIANA,EQ,,,,,ASHIANA HOUSING LTD,389.70,391.45,378.70,388.80,388.15,389.70,,388.75,,,31231,12015801.95,1303,F1,1,,,,,
2026-09-28,2026-09-28,CM,NSE,STK,762551,INE094B01013,ASHIKAG,BE,,,,,ASHIKA GLOBAL SEC LTD,403.00,406.90,396.00,402.15,406.90,397.60,,402.14,,,8039,3231060.45,100,F1,1,,,,,
2026-09-28,2026-09-28,CM,NSE,STK,206,INE440A01010,ASHIMASYN,EQ,,,,,ASHIMA LTD,16.30,16.30,15.71,15.85,15.94,15.96,,15.85,,,37541,596107.83,217,F1,1,,,,,
2026-09-28,2026-09-28,CM,NSE,STK,212,INE208A01029,ASHOKLEY,EQ,,,,,ASHOK LEYLAND LTD,158.51,158.88,154.70,155.22,155.22,159.08,,155.22,,,12214126,1905662057.65,105815,F1,1,,,,,
2026-09-28,2026-09-28,CM,NSE,STK,20182,INE442H01029,ASHOKA,EQ,,,,,ASHOKA BUILDCON LTD,112.50,112.78,109.80,110.17,110.34,113.12,,110.17,,,537264,59430049.76,5975,F1,1,,,,,
2026-09-28,2026-09-28,CM,NSE,STK,16943,INE760Y01011,ASHOKAMET,EQ,,,,,ASHOKA METCAST LIMITED,15.81,15.98,15.31,15.37,15.31,15.67,,15.37,,,23628,367590.42,195,F1,1,,,,,
2026-09-28,2026-09-28,CM,NSE,STK,765573,INE19FR01012,ASHUTOSH,SM,,,,,ASHUTOSH FIBRE LIMITED,157.40,161.00,157.30,158.10,158.15,159.45,,158.10,,,108000,17217840.00,76,F1,1200,,,,,
2026-09-28,2026-09-28,CM,NSE,STK,760418,INE1A6Q01010,ASHWINI,SM,,,,,ASHWINI CONTAINER MOVER L,170.50,170.50,170.00,170.00,170.00,170.50,,170.00,,,4000,680500.00,4,F1,1000,,,,,
2026-09-28,2026-09-28,CM,NSE,STK,7030,INE276G01015,ASIANENE,EQ,,,,,ASIAN ENERGY SERVICES LTD,490.45,495.90,472.00,474.15,473.00,487.75,,474.18,,,295542,142366123.45,10122,F1,1,,,,,
2026-09-28,2026-09-28,CM,NSE,STK,14889,INE022I01019,ASIANTILES,EQ,,,,,ASIAN GRANITO IND. LTD.,50.65,50.67,49.96,50.16,50.00,50.69,,50.16,,,662074,33208254.22,2081,F1,1,,,,,
2026-09-28,2026-09-28,CM,NSE,STK,19438,INE926K01017,AHLEAST,EQ,,,,,ASIAN HOTELS (EAST) LTD,135.80,139.70,135.20,136.14,139.70,137.42,,137.36,,,104,14334.53,14,F1,1,,,,,
2026-09-28,2026-09-28,CM,NSE,STK,18422,INE363A01022,ASIANHOTNR,EQ,,,,,ASIAN HOTELS (NORTH) LTD,395.00,396.05,362.00,372.00,362.00,394.35,,372.33,,,10253,3887586.45,710,F1,1,,,,,
2026-09-28,2026-09-28,CM,NSE,STK,19370,INE915K01010,AHLWEST,BE,,,,,ASIAN HOTELS (WEST) LTD,520.30,520.30,506.10,520.05,520.05,520.30,,525.08,,,155,80594.05,11,F1,1,,,,,
2026-09-28,2026-09-28,CM,NSE,STK,236,INE021A01026,ASIANPAINT,EQ,,,,,ASIAN PAINTS LIMITED,2437.90,2441.60,2412.90,2420.00,2420.00,2444.00,,2420.00,,,1097754,2659521835.40,48372,F1,1,,,,,
2026-09-28,2026-09-28,CM,NSE,STK,762553,INE194D01017,ASTAR,EQ,,,,,ASIAN STAR CO. LTD.,724.00,730.00,700.00,708.80,702.00,698.70,,708.83,,,484,342352.60,72,F1,1,,,,,
2026-09-28,2026-09-28,CM,NSE,STK,765025,INE822B01017,ASIANTNE,EQ,,,,,ASIAN TEA & EXPORTS LTD.,9.22,9.22,9.02,9.17,9.20,9.26,,9.27,,,5669,52025.48,35,F1,1,,,,,
2026-09-28,2026-09-28,CM,NSE,STK,20152,INE491J01022,ASKAUTOLTD,EQ,,,,,ASK AUTOMOTIVE LIMITED,645.15,664.15,634.90,650.35,645.60,645.15,,650.39,,,430169,279896760.95,27806,F1,1,,,,,
2026-09-28,2026-09-28,CM,NSE,STK,17270,INE991I01015,ASPINWALL,EQ,,,,,ASPINWALL & CO LTD,252.35,255.40,243.35,247.65,249.00,253.75,,247.65,,,1889,467828.65,59,F1,1,,,,,
2026-09-28,2026-09-28,CM,NSE,STK,23396,INE0S7801010,ASPIRE,SM,,,,,ASPIRE & INNOVATIVE ADV L,13.50,14.45,13.50,14.25,14.10,13.80,,14.25,,,14000,196400.00,5,F1,2000,,,,,
2026-09-28,2026-09-28,CM,NSE,STK,766072,INE148G01016,ARCIL,EQ,,,,,ASSET RECONSTRUC CO (I) L,143.40,144.78,140.38,142.71,142.20,144.49,,142.70,,,1960009,279866413.69,31209,F1,1,,,,,
2026-09-28,2026-09-28,CM,NSE,STK,17598,INE073G01016,ASALCBR,EQ,,,,,ASSO ALCOHOLS & BREW LTD,644.95,667.00,638.00,641.55,644.15,644.95,,641.60,,,42494,27450973.35,2964,F1,1,,,,,
2026-09-28,2026-09-28,CM,NSE,STK,17728,INE563J01010,ASTEC,EQ,,,,,ASTEC LIFESCIENCES LTD,740.00,740.10,706.25,711.80,715.90,739.00,,711.79,,,27961,20055840.00,2174,F1,1,,,,,
2026-09-28,2026-09-28,CM,NSE,STK,1508,INE914M01019,ASTERDM,EQ,,,,,ASTER DM QUALITY CARE LTD,759.40,763.00,739.00,747.35,747.00,759.40,,747.36,,,538794,403208423.55,24677,F1,1,,,,,
2026-09-28,2026-09-28,CM,NSE,STK,11618,INE386C01029,ASTRAMICRO,EQ,,,,,ASTRA MICROWAVE LTD,1622.40,1623.30,1585.00,1590.10,1588.40,1622.40,,1590.10,,,117344,187209228.80,13689,F1,1,,,,,
2026-09-28,2026-09-28,CM,NSE,STK,14418,INE006I01046,ASTRAL,EQ,,,,,ASTRAL LIMITED,1392.90,1392.90,1363.00,1370.50,1370.50,1399.00,,1370.45,,,233641,320687696.70,16957,F1,1,,,,,
2026-09-28,2026-09-28,CM,NSE,STK,5610,INE203A01020,ASTRAZEN,EQ,,,,,ASTRAZENECA PHARMA IND LT,6477.00,6477.00,6262.00,6280.00,6275.00,6505.00,,6280.34,,,10121,63973638.00,3942,F1,1,,,,,
2026-09-28,2026-09-28,CM,NSE,STK,764445,INE646X01014,ASTRON,BZ,,,,,ASTRON PAPER BORD MIL LTD,2.89,3.00,2.89,2.95,2.98,2.97,,2.96,,,6850,20365.16,49,F1,1,,,,,
2026-09-28,2026-09-28,CM,NSE,STK,15649,INE0ALR01029,ATALREAL,EQ,,,,,ATAL REALTECH LIMITED,13.50,13.68,12.21,13.24,13.46,13.52,,13.23,,,4337166,54983310.91,3668,F1,1,,,,,
2026-09-28,2026-09-28,CM,NSE,STK,15404,INE09KD01013,ATAM,EQ,,,,,ATAM VALVES LIMITED,58.49,58.49,55.25,55.81,55.72,57.07,,55.81,,,10011,558846.62,165,F1,1,,,,,
2026-09-28,2026-09-28,CM,NSE,STK,756402,INE0V0Q01019,ATCENERGY,SM,,,,,ATC ENERGIES SYSTEM LTD,22.10,23.10,22.10,23.10,23.10,22.10,,23.10,,,6000,137400.00,5,F1,1200,,,,,
2026-09-28,2026-09-28,CM,NSE,STK,757645,INE0LEZ01016,ATHERENERG,EQ,,,,,ATHER ENERGY LIMITED,1495.00,1520.00,1450.00,1454.90,1454.90,1497.00,,1454.94,,,3051399,4505423944.50,81477,F1,1,,,,,
2026-09-28,2026-09-28,CM,NSE,STK,760953,IN90NN701011,ATLPP,E1,,,,,ATL RE.0.50 PPD UP,8.71,9.49,8.71,8.99,9.00,8.87,,8.99,,,2184,19862.36,19,F1,1,,,,,
2026-09-28,2026-09-28,CM,NSE,STK,759007,INE0Z4F01028,ATLANTAELE,EQ,,,,,ATLANTA ELECTRICALS LTD,1625.90,1625.90,1550.30,1613.30,1609.10,1625.90,,1613.24,,,118334,187763181.70,13777,F1,1,,,,,
2026-09-28,2026-09-28,CM,NSE,STK,13585,INE285H01022,ATLANTAA,EQ,,,,,ATLANTAA LIMITED,35.90,35.98,35.02,35.32,35.22,35.73,,35.32,,,15329,543874.96,169,F1,1,,,,,
2026-09-28,2026-09-28,CM,NSE,STK,4568,INE446A01025,ATLASCYCLE,EQ,,,,,ATLAS CYCLE (HARYANA) LTD,96.21,96.21,90.10,91.43,92.30,94.32,,91.44,,,10881,1001408.43,324,F1,1,,,,,
2026-09-28,2026-09-28,CM,NSE,STK,22785,INE05DH01017,ATMASTCO,SM,,,,,ATMASTCO LIMITED,115.20,115.50,112.30,112.55,112.35,118.20,,112.55,,,30400,3444040.00,64,F1,400,,,,,
2026-09-28,2026-09-28,CM,NSE,STK,30023,INE951D01028,ATULAUTO,EQ,,,,,ATUL AUTO LIMITED,450.45,450.50,438.25,440.55,440.00,448.25,,440.58,,,39659,17530391.05,2702,F1,1,,,,,
2026-09-28,2026-09-28,CM,NSE,STK,263,INE100A01010,ATUL,EQ,,,,,ATUL LTD,6070.00,6070.00,5941.00,5991.00,5975.00,6070.50,,5991.14,,,22706,136178412.50,4992,F1,1,,,,,
2026-09-28,2026-09-28,CM,NSE,STK,21238,INE949L01017,AUBANK,EQ,,,,,AU SMALL FINANCE BANK LTD,1015.20,1016.50,995.00,995.30,995.30,1018.00,,995.32,,,1347711,1346680738.30,46350,F1,1,,,,,
2026-09-28,2026-09-28,CM,NSE,STK,765451,INE16W401027,AUGMONT,EQ,,,,,AUGMONT ENTERPRISES LTD,899.00,965.65,896.00,965.65,965.65,877.90,,965.60,,,979636,936583272.15,13208,F1,1,,,,,
2026-09-28,2026-09-28,CM,NSE,STK,12022,INE132H01018,AURIONPRO,EQ,,,,,AURIONPRO SOLN LTD,665.00,670.55,638.55,642.50,641.00,669.70,,642.50,,,128162,83641744.25,7974,F1,1,,,,,
2026-09-28,2026-09-28,CM,NSE,STK,15869,INE0NUL01018,AUROIMPEX,SM,,,,,AURO IMPEX & CHEMICALS L,44.00,45.00,44.00,44.95,44.95,42.95,,44.95,,,36800,1647360.00,23,F1,1600,,,,,
2026-09-28,2026-09-28,CM,NSE,STK,275,INE406A01037,AUROPHARMA,EQ,,,,,AUROBINDO PHARMA LTD,1712.00,1713.40,1686.80,1697.50,1697.50,1712.00,,1697.50,,,657590,1116461202.80,50245,F1,1,,,,,
2026-09-28,2026-09-28,CM,NSE,STK,10310,INE898S01029,AURUM,EQ,,,,,AURUM PROPTECH LIMITED,219.05,221.22,215.00,218.95,218.75,222.45,,218.95,,,63133,13828675.94,1011,F1,1,,,,,
2026-09-28,2026-09-28,CM,NSE,STK,31468,INE142K01011,AURUS,EQ,,,,,AURUS GEM CORP LIMITED,4.50,4.78,4.50,4.58,4.58,4.65,,4.58,,,5536,25461.55,208,F1,1,,,,,
2026-09-28,2026-09-28,CM,NSE,STK,4037,INE218C01016,AUSOMENT,EQ,,,,,AUSOM ENTERPRISE LIMITED,145.00,148.00,136.00,143.89,148.00,143.12,,143.90,,,9510,1356542.42,118,F1,1,,,,,
2026-09-28,2026-09-28,CM,NSE,STK,764608,INE759F01012,AUSTENG,EQ,,,,,AUSTIN ENGINEERING CO. L,161.80,169.20,158.26,159.23,159.10,161.78,,159.88,,,6432,1042048.20,248,F1,1,,,,,
2026-09-28,2026-09-28,CM,NSE,STK,21451,INE0P0001010,APS,SM,,,,,AUSTRALIAN PREM SOLAR I L,240.00,240.00,230.00,231.00,230.60,235.35,,231.00,,,14750,3454862.50,59,F1,250,,,,,
2026-09-28,2026-09-28,CM,NSE,STK,23553,INE206F01022,AIIL,EQ,,,,,AUTHUM INVEST & INFRA LTD,555.90,556.95,541.60,548.25,547.00,559.60,,548.25,,,112054,61482136.00,8682,F1,1,,,,,
2026-09-28,2026-09-28,CM,NSE,STK,14106,INE718H01014,AUTOIND,EQ,,,,,AUTOLINE INDUSTRIES LTD,81.89,84.78,80.42,81.86,81.25,81.73,,81.86,,,141997,11680452.19,1850,F1,1,,,,,
2026-09-28,2026-09-28,CM,NSE,STK,764558,INE451C01013,ACGL,EQ,,,,,AUTOMOBILE CORPN OF GOA L,1780.00,1780.00,1683.00,1695.90,1686.00,1737.80,,1694.12,,,686,1173184.00,147,F1,1,,,,,
2026-09-28,2026-09-28,CM,NSE,STK,278,INE449A01011,AUTOAXLES,EQ,,,,,AUTOMOTIVE AXLES LIMITED,1718.30,1732.90,1680.00,1689.20,1692.20,1709.80,,1689.29,,,3695,6255404.50,474,F1,1,,,,,
2026-09-28,2026-09-28,CM,NSE,STK,10634,INE900C01027,ASAL,EQ,,,,,AUTOMOTIVE STAMPINGS & AS,438.50,438.50,427.95,429.20,434.50,438.50,,429.21,,,7416,3201948.60,694,F1,1,,,,,
2026-09-28,2026-09-28,CM,NSE,STK,21406,INE349W01017,AVADHSUGAR,EQ,,,,,AVADH SUG & ENERGY LTD,825.30,833.05,800.00,808.40,811.10,796.50,,807.62,,,276330,224746203.20,18807,F1,1,,,,,
2026-09-28,2026-09-28,CM,NSE,STK,15058,INE0LCL01028,AVALON,EQ,,,,,AVALON TECHNOLOGIES LTD,2328.10,2364.60,2296.00,2310.20,2316.00,2328.50,,2310.11,,,134421,312946213.50,18961,F1,1,,,,,
2026-09-28,2026-09-28,CM,NSE,STK,760736,INE1KU201016,AVANA,ST,,,,,AVANA ELECTROSYSTEMS LTD,130.00,131.40,128.30,131.40,131.40,135.00,,131.40,,,16000,2080700.00,8,F1,2000,,,,,
2026-09-28,2026-09-28,CM,NSE,STK,765030,INE758A01072,AVANCE,EQ,,,,,AVANCE TECHNOLOGIES LTD.,0.82,0.89,0.81,0.86,0.88,0.81,,0.86,,,12166050,10377134.73,1934,F1,1,,,,,
2026-09-28,2026-09-28,CM,NSE,STK,24610,INE005B01027,AVANTEL,EQ,,,,,AVANTEL LIMITED,155.94,155.94,150.68,151.37,151.89,155.94,,151.36,,,866613,132630462.20,11806,F1,1,,,,,
2026-09-28,2026-09-28,CM,NSE,STK,7936,INE871C01038,AVANTIFEED,EQ,,,,,AVANTI FEEDS LIMITED,753.10,756.95,739.00,741.50,743.25,753.15,,741.52,,,145610,108512290.80,12652,F1,1,,,,,
2026-09-28,2026-09-28,CM,NSE,STK,20503,INE617I01024,AVATAR,ST,,,,,AVATAR INDUSTRIES LIMITED,178.50,179.50,178.10,178.10,178.10,187.45,,178.10,,,10000,1787200.00,5,F1,2000,,,,,
2026-09-28,2026-09-28,CM,NSE,STK,19913,INE192R01011,DMART,EQ,,,,,AVENUE SUPERMARTS LIMITED,3815.00,3833.00,3781.00,3803.50,3803.50,3834.20,,3803.47,,,361700,1375579427.20,32030,F1,1,,,,,
2026-09-28,2026-09-28,CM,NSE,STK,16249,INE483S01020,CCAVENUE,EQ,,,,,AVENUESAI LIMITED,15.93,15.99,15.36,15.41,15.46,15.89,,15.41,,,6856447,106649398.17,13029,F1,1,,,,,
2026-09-28,2026-09-28,CM,NSE,STK,15638,INE680Z01018,AVG,BE,,,,,AVG LOGISTICS LIMITED,168.60,168.60,160.00,162.10,164.80,164.06,,162.10,,,18359,2977148.53,134,F1,1,,,,,
2026-09-28,2026-09-28,CM,NSE,STK,25520,INE0TFB01017,AVIANSH,SM,,,,,AVI ANSH TEXTILE LIMITED,102.00,102.00,98.00,98.00,98.00,100.00,,98.00,,,3000,299000.00,3,F1,1000,,,,,
2026-09-28,2026-09-28,CM,NSE,STK,755092,INE0V9I01017,AVIENCE,SM,,,,,AVIENCE BIOMEDICALS LTD,346.00,376.25,333.00,376.25,376.25,342.05,,376.25,,,99000,35450190.00,156,F1,600,,,,,
2026-09-28,2026-09-28,CM,NSE,STK,14064,INE855F01042,ASMS,EQ,,,,,AVIO SMART MRKT STACK LTD,6.54,6.54,6.24,6.33,6.36,6.38,,6.33,,,188836,1194641.63,708,F1,1,,,,,
2026-09-28,2026-09-28,CM,NSE,STK,13557,INE323B01024,AVONMORE,EQ,,,,,AVONMORE CAP&MGT SERV LTD,13.66,13.69,12.40,12.66,12.78,13.34,,12.66,,,251368,3254648.23,549,F1,1,,,,,
2026-09-28,2026-09-28,CM,NSE,STK,23159,INE0R9401019,AVPINFRA,SM,,,,,AVP INFRACON LIMITED,55.80,57.05,54.15,54.55,54.50,56.10,,54.55,,,38400,2118960.00,36,F1,800,,,,,
2026-09-28,2026-09-28,CM,NSE,STK,8827,INE652Z01025,AVROIND,EQ,,,,,AVRO INDIA LIMITED,6.95,7.09,6.80,6.94,6.98,6.89,,6.95,,,131463,912249.58,495,F1,1,,,,,
2026-09-28,2026-09-28,CM,NSE,STK,14008,INE488D01021,AVTNPL,EQ,,,,,AVT NATURAL PRODUCTS LTD,92.50,92.60,86.02,86.61,87.00,92.58,,86.62,,,493697,43434207.45,4587,F1,1,,,,,
2026-09-28,2026-09-28,CM,NSE,STK,23864,INE108V01019,AWFIS,EQ,,,,,AWFIS SPACE SOLUTIONS LTD,256.85,259.75,249.65,250.20,250.25,257.20,,250.24,,,394018,99569193.05,10673,F1,1,,,,,
2026-09-28,2026-09-28,CM,NSE,STK,8110,INE699H01024,AWL,EQ,,,,,AWL AGRI BUSINESS LIMITED,183.02,184.00,180.20,180.66,180.65,184.34,,180.67,,,686186,124526561.51,14334,F1,1,,,,,
2026-09-28,2026-09-28,CM,NSE,STK,766238,INE16J201028,AXIOMGAS,ST,,,,,AXIOM GAS ENGINEERING LTD,54.50,54.75,51.35,51.35,51.35,54.05,,51.35,,,150000,7881300.00,56,F1,2000,,,,,
2026-09-28,2026-09-28,CM,NSE,STK,5900,INE238A01034,AXISBANK,EQ,,,,,AXIS BANK LIMITED,1211.50,1217.80,1205.00,1209.90,1209.90,1222.40,,1209.90,,,4771499,5771710400.00,96725,F1,1,,,,,
2026-09-28,2026-09-28,CM,NSE,STK,765499,INF846KA1598,ENERGYAXIS,EQ,,,,,AXISAMC - ENERGYAXIS,19.17,19.17,18.14,18.41,18.14,19.30,,18.39,,,66729,1238951.46,234,F1,1,,,,,
2026-09-28,2026-09-28,CM,NSE,STK,1044,INF846K01X63,BNKETFAXIS,EQ,,,,,AXISAMC-BNKETFAXIS,565.99,566.01,562.90,563.13,563.20,573.18,,563.13,,,1537,866753.11,81,F1,1,,,,,
2026-09-28,2026-09-28,CM,NSE,STK,5732,INF846K016C7,CONSUMAXIS,EQ,,,,,AXISAMC-CONSUMAXIS,118.00,118.00,116.00,116.14,116.00,117.27,,116.07,,,6973,815591.23,33,F1,1,,,,,
2026-09-28,2026-09-28,CM,NSE,STK,20532,INF846K01W80,GOLDAXIS,EQ,,,,,AXISAMC-GOLDAXIS,123.50,123.50,121.04,121.46,121.67,125.36,,121.46,,,8253274,1006873866.73,10570,F1,1,,,,,
2026-09-28,2026-09-28,CM,NSE,STK,3608,INF846K01Z12,HEALTHAXIS,EQ,,,,,AXISAMC-HEALTHAXIS,169.01,169.85,167.90,168.19,169.83,169.85,,168.21,,,4249,716623.28,139,F1,1,,,,,
2026-09-28,2026-09-28,CM,NSE,STK,3010,INF846K01Y96,ITAXIS,EQ,,,,,AXISAMC-ITAXIS,310.96,311.41,306.60,308.97,310.00,311.36,,308.97,,,3660,1131841.52,74,F1,1,,,,,
2026-09-28,2026-09-28,CM,NSE,STK,21252,INF846K01W98,NIFTYAXIS,EQ,,,,,AXISAMC-NIFTYAXIS,265.46,265.46,252.75,252.96,253.30,258.99,,252.96,,,42592,10793863.43,515,F1,1,,,,,
2026-09-28,2026-09-28,CM,NSE,STK,14742,INF846K010Q0,SENSEXAXIS,EQ,,,,,AXISAMC-SENSEXAXIS,74.88,76.88,74.88,75.80,76.00,76.80,,75.80,,,16484,1250255.39,108,F1,1,,,,,
2026-09-28,2026-09-28,CM,NSE,STK,11193,INF846K011K1,SILVERAXIS,EQ,,,,,AXISAMC-SILVERAXIS,221.75,222.50,218.13,219.23,219.71,227.30,,219.23,,,777773,171177057.75,3724,F1,1,,,,,
2026-09-28,2026-09-28,CM,NSE,STK,30155,INF846KA1119,VALUEAXIS,EQ,,,,,AXISAMC-VALUEAXIS,32.93,32.93,31.50,31.62,31.68,32.13,,31.62,,,77911,2472926.96,570,F1,1,,,,,
2026-09-28,2026-09-28,CM,NSE,STK,9436,INE555B01013,AXISCADES,EQ,,,,,AXISCADES TECH LTD,1890.50,1943.30,1861.00,1879.50,1866.00,1892.10,,1879.65,,,278673,527934788.00,22787,F1,1,,,,,
2026-09-28,2026-09-28,CM,NSE,STK,9902,INE02EZ01022,AXITA,EQ,,,,,AXITA COTTON LIMITED,7.97,8.00,7.89,7.90,7.91,7.95,,7.90,,,445775,3535852.83,800,F1,1,,,,,
2026-09-28,2026-09-28,CM,NSE,STK,764613,INE767C01012,AXTEL,EQ,,,,,AXTEL INDUSTRIES LTD.,441.30,445.00,433.05,439.75,435.00,446.10,,439.75,,,2020,882695.80,145,F1,1,,,,,
2026-09-28,2026-09-28,CM,NSE,STK,760981,INE501X01029,AYE,EQ,,,,,AYE FINANCE LIMITED,168.70,168.70,160.41,162.49,162.89,167.25,,162.50,,,747879,121343772.39,18682,F1,1,,,,,
2026-09-28,2026-09-28,CM,NSE,STK,10285,INE193B01039,AYMSYNTEX,EQ,,,,,AYM SYNTEX LIMITED,290.00,297.50,285.95,291.15,291.85,293.95,,291.15,,,52091,15134876.60,2141,F1,1,,,,,
2026-09-28,2026-09-28,CM,NSE,STK,20905,INE02IJ01035,AZAD,EQ,,,,,AZAD ENGINEERING LIMITED,2740.00,2798.00,2673.10,2723.20,2720.00,2728.00,,2723.33,,,439192,1200330237.50,32397,F1,1,,,,,
2026-09-28,2026-09-28,CM,NSE,STK,765035,INE566M01017,AZADIND,EQ,,,,,AZAD INDIA MOBILITY LTD.,88.00,89.98,80.00,82.30,82.50,87.03,,82.39,,,76822,6715140.80,1477,F1,1,,,,,
2026-09-28,2026-09-28,CM,NSE,STK,12153,INE01EE01011,BBTCL,EQ,,,,,B&B TRIPLEWALL CONT LTD,227.13,231.80,227.00,228.12,228.20,229.02,,228.12,,,2716,620699.01,111,F1,1,,,,,
2026-09-28,2026-09-28,CM,NSE,STK,11226,INE116D01028,BAGFILMS,EQ,,,,,B.A.G FILMS AND MEDIA LTD,4.28,4.33,4.20,4.20,4.23,4.28,,4.20,,,23219,98227.81,179,F1,1,,,,,
2026-09-28,2026-09-28,CM,NSE,STK,13290,INE350H01032,BLKASHYAP,EQ,,,,,B.L.KASHYAP & SON LTD,53.50,53.77,51.50,51.90,51.78,54.26,,51.91,,,173150,9075794.15,1237,F1,1,,,,,
2026-09-28,2026-09-28,CM,NSE,STK,25114,INE01FR01028,STYLEBAAZA,EQ,,,,,BAAZAR STYLE RETAIL LTD,383.80,394.55,383.75,394.50,394.55,375.80,,394.51,,,4429305,1741953261.95,10799,F1,1,,,,,
2026-09-28,2026-09-28,CM,NSE,STK,20141,INE0QW501012,BABAFP,SM,,,,,BABA FOOD PROCESSING,22.40,22.40,22.40,22.40,22.40,23.70,,22.40,,,1600,35840.00,1,F1,1600,,,,,
2026-09-28,2026-09-28,CM,NSE,STK,17735,INE878I01022,BAFNAPH,BE,,,,,BAFNA PHARMACEUTICALS LTD,357.05,357.05,357.05,357.05,357.05,350.05,,363.05,,,1073,383114.65,19,F1,1,,,,,
2026-09-28,2026-09-28,CM,NSE,STK,763363,INE2OVN25015,BAGMANE,RR,,,,,BAGMANE PRIME OFFICE REIT,111.43,111.94,109.02,109.30,109.26,111.20,,109.29,,,258765,28397822.17,3754,F1,1,,,,,
2026-09-28,2026-09-28,CM,NSE,STK,12989,INE029Q01017,BAHETI,SM,,,,,BAHETI RECYCLING IND LTD,769.00,776.00,755.05,766.25,767.00,761.40,,766.25,,,11625,8878781.25,24,F1,375,,,,,
2026-09-28,2026-09-28,CM,NSE,STK,13794,INE020D01022,BAIDFIN,EQ,,,,,BAID FINSERV LIMITED,10.45,10.88,10.45,10.61,10.61,10.69,,10.61,,,107527,1149112.33,317,F1,1,,,,,
2026-09-28,2026-09-28,CM,NSE,STK,16669,INE917I01010,BAJAJ-AUTO,EQ,,,,,BAJAJ AUTO LIMITED,11250.00,11270.00,10953.00,11024.00,11024.00,11281.00,,11023.71,,,241334,2671112873.00,28189,F1,1,,,,,
2026-09-28,2026-09-28,CM,NSE,STK,19531,INE933K01021,BAJAJCON,EQ,,,,,BAJAJ CONSUMER CARE LTD,501.00,501.05,478.30,480.05,481.00,499.50,,480.05,,,416106,202149208.15,17092,F1,1,,,,,
2026-09-28,2026-09-28,CM,NSE,STK,15034,INE193E01025,BAJAJELEC,EQ,,,,,BAJAJ ELECT.LTD,322.00,324.35,313.00,314.65,313.00,318.95,,314.66,,,96887,30519483.20,4287,F1,1,,,,,
2026-09-28,2026-09-28,CM,NSE,STK,317,INE296A01032,BAJFINANCE,EQ,,,,,BAJAJ FINANCE LIMITED,990.00,992.30,974.00,985.00,985.00,996.90,,985.00,,,7707443,7560483286.60,116645,F1,1,,,,,
2026-09-28,2026-09-28,CM,NSE,STK,16675,INE918I01026,BAJAJFINSV,EQ,,,,,BAJAJ FINSERV LTD.,1767.00,1769.00,1739.10,1752.00,1752.00,1771.00,,1751.99,,,536952,940412840.80,34298,F1,1,,,,,
2026-09-28,2026-09-28,CM,NSE,STK,6863,INE411U01027,BAJAJHCARE,EQ,,,,,BAJAJ HEALTHCARE LIMITED,346.35,346.35,335.00,336.60,337.00,344.15,,336.64,,,65708,22291798.75,3169,F1,1,,,,,
2026-09-28,2026-09-28,CM,NSE,STK,308,INE306A01021,BAJAJHIND,EQ,,,,,BAJAJ HINDUSTHAN SUGAR LT,20.75,21.05,20.28,20.45,20.28,20.78,,20.45,,,13924733,286744022.10,21215,F1,1,,,,,
2026-09-28,2026-09-28,CM,NSE,STK,305,INE118A01012,BAJAJHLDNG,EQ,,,,,BAJAJ HOLDINGS & INVS LTD,10925.00,10940.00,10791.00,10800.00,10800.00,10940.00,,10800.02,,,31440,340513170.00,7789,F1,1,,,,,
2026-09-28,2026-09-28,CM,NSE,STK,25270,INE377Y01014,BAJAJHFL,EQ,,,,,BAJAJ HOUSING FINANCE LTD,83.14,83.14,82.00,82.52,82.52,83.14,,82.52,,,2875733,237137334.32,17413,F1,1,,,,,
2026-09-28,2026-09-28,CM,NSE,STK,762563,INE704G01024,BAJAJST,EQ,,,,,BAJAJ STEEL INDS. LTD.,353.30,354.20,333.25,338.80,342.70,347.25,,339.23,,,11562,3967580.10,545,F1,1,,,,,
2026-09-28,2026-09-28,CM,NSE,STK,20531,INE0KQN01018,BAJEL,EQ,,,,,BAJEL PROJECTS LIMITED,171.39,172.00,168.97,169.47,169.33,173.14,,169.48,,,75012,12763287.46,1925,F1,1,,,,,
2026-09-28,2026-09-28,CM,NSE,STK,13441,INE083D01012,BALPHARMA,EQ,,,,,BAL PHARMA LTD.,108.00,110.05,103.80,104.77,105.79,107.71,,104.75,,,42035,4491704.13,1035,F1,1,,,,,
2026-09-28,2026-09-28,CM,NSE,STK,14501,INE050E01027,BALAMINES,EQ,,,,,BALAJI AMINES LIMITED,2194.90,2194.90,2136.00,2153.90,2167.00,2189.60,,2154.94,,,82299,177766723.40,9394,F1,1,,,,,
2026-09-28,2026-09-28,CM,NSE,STK,30030,INE0PQ601019,BALAJIPHOS,SM,,,,,BALAJI PHOSPHATES LIMITED,107.05,107.05,107.05,107.05,107.05,110.05,,107.05,,,2000,214100.00,2,F1,1000,,,,,
2026-09-28,2026-09-28,CM,NSE,STK,9158,INE794B01026,BALAJITELE,EQ,,,,,BALAJI TELEFILMS LIMITED.,94.40,95.22,93.01,93.87,93.25,93.85,,93.87,,,66378,6232894.17,1216,F1,1,,,,,
2026-09-28,2026-09-28,CM,NSE,STK,11309,INE618N01022,BALAXI,EQ,,,,,BALAXI PHARMA LTD,23.27,23.27,21.00,22.39,22.25,22.82,,22.39,,,48102,1073895.71,357,F1,1,,,,,
2026-09-28,2026-09-28,CM,NSE,STK,335,INE787D01026,BALKRISIND,EQ,,,,,BALKRISHNA IND. LTD,2177.00,2178.60,2148.00,2153.80,2161.00,2185.30,,2153.80,,,74316,160139418.00,12195,F1,1,,,,,
2026-09-28,2026-09-28,CM,NSE,STK,10181,INE875R01011,BALKRISHNA,EQ,,,,,BALKRISHNA PAPER MILLS L,16.32,17.26,15.99,16.44,16.74,16.00,,16.46,,,15267,255784.49,75,F1,1,,,,,
2026-09-28,2026-09-28,CM,NSE,STK,338,INE164A01016,BALMLAWRIE,EQ,,,,,BALMER LAWRIE & CO LTD,164.16,164.79,162.30,162.48,162.30,164.16,,162.45,,,52440,8537378.07,1489,F1,1,,,,,
2026-09-28,2026-09-28,CM,NSE,STK,762603,INE525F01025,BLIL,EQ,,,,,BALMER LAWRIE INVSTS. L,66.85,66.88,65.40,65.56,65.60,66.61,,65.56,,,83265,5497769.33,1525,F1,1,,,,,
2026-09-28,2026-09-28,CM,NSE,STK,341,INE119A01028,BALRAMCHIN,EQ,,,,,BALRAMPUR CHINI MILLS LTD,691.00,705.35,672.30,680.70,677.00,685.80,,680.73,,,1951668,1345843052.30,42386,F1,1,,,,,
2026-09-28,2026-09-28,CM,NSE,STK,23607,INE011E01029,BALUFORGE,EQ,,,,,BALU FORGE INDUSTRIES LTD,506.85,507.05,491.90,495.10,497.50,506.80,,495.06,,,359232,178317451.95,15893,F1,1,,,,,
2026-09-28,2026-09-28,CM,NSE,STK,347,INE655B01011,BANARBEADS,EQ,,,,,BANARAS BEADS LTD,126.00,126.00,116.81,117.27,117.00,123.86,,117.39,,,4664,558757.00,153,F1,1,,,,,
2026-09-28,2026-09-28,CM,NSE,STK,13880,INE213C01025,BANCOINDIA,EQ,,,,,BANCO PRODUCTS (I) LTD,600.15,605.00,589.70,594.20,590.00,599.85,,594.18,,,67195,39880991.60,5989,F1,1,,,,,
2026-09-28,2026-09-28,CM,NSE,STK,2263,INE545U01014,BANDHANBNK,EQ,,,,,BANDHAN BANK LIMITED,187.00,187.00,180.60,181.00,181.00,187.70,,181.01,,,8979766,1647910869.44,42435,F1,1,,,,,
2026-09-28,2026-09-28,CM,NSE,STK,760325,INF194KB1KJ7,GOLDBND,EQ,,,,,BANDHANAMC - GOLDBND,149.78,149.78,145.40,146.43,146.38,150.62,,146.43,,,31775,4655803.43,293,F1,1,,,,,
2026-09-28,2026-09-28,CM,NSE,STK,18783,INF194KA1U07,IDFNIFTYET,EQ,,,,,BANDHANAMC - IDFNIFTYET,250.17,255.00,250.17,252.64,253.00,256.59,,252.64,,,3704,938324.83,141,F1,1,,,,,
2026-09-28,2026-09-28,CM,NSE,STK,760328,INF194KB1KI9,SILVERBND,EQ,,,,,BANDHANAMC - SILVERBND,226.00,227.54,220.22,221.03,220.97,229.78,,221.03,,,54210,12021640.75,395,F1,1,,,,,
2026-09-28,2026-09-28,CM,NSE,STK,15303,INE863I01016,BANG,EQ,,,,,BANG OVERSEAS LTD.,32.78,32.78,31.40,31.69,31.45,32.36,,31.68,,,7680,244519.83,160,F1,1,,,,,
2026-09-28,2026-09-28,CM,NSE,STK,4668,INE028A01039,BANKBARODA,EQ,,,,,BANK OF BARODA,234.99,234.99,227.50,227.50,227.50,235.26,,227.51,,,7031453,1615585073.87,63323,F1,1,,,,,
2026-09-28,2026-09-28,CM,NSE,STK,4745,INE084A01016,BANKINDIA,EQ,,,,,BANK OF INDIA,137.50,137.50,129.31,129.99,129.99,137.94,,130.00,,,10521208,1389032637.04,53550,F1,1,,,,,
2026-09-28,2026-09-28,CM,NSE,STK,11377,INE457A01014,MAHABANK,EQ,,,,,BANK OF MAHARASHTRA,84.50,84.50,80.49,80.85,80.85,84.88,,80.85,,,16655515,1357839194.54,86116,F1,1,,,,,
2026-09-28,2026-09-28,CM,NSE,STK,822,INE862Y01015,BANKA,EQ,,,,,BANKA BIOLOO LIMITED,73.78,75.48,71.60,73.09,73.10,73.42,,73.09,,,1103,80153.12,46,F1,1,,,,,
2026-09-28,2026-09-28,CM,NSE,STK,12037,INE186H01022,BASML,BE,,,,,BANNARI AM SPIN MILL LTD.,24.66,24.74,23.50,23.95,23.96,24.51,,23.96,,,34509,827081.10,123,F1,1,,,,,
2026-09-28,2026-09-28,CM,NSE,STK,350,INE459A01010,BANARISUG,EQ,,,,,BANNARI AMMAN SUGARS LTD,3401.90,3478.80,3355.00,3383.70,3371.00,3401.90,,3383.70,,,2059,7014564.60,471,F1,1,,,,,
2026-09-28,2026-09-28,CM,NSE,STK,24386,INE0B9K01025,BANSALWIRE,EQ,,,,,BANSAL WIRE INDUSTRIES L,322.15,335.00,310.60,317.60,321.00,321.40,,317.57,,,326451,105825467.55,9972,F1,1,,,,,
2026-09-28,2026-09-28,CM,NSE,STK,14511,INE629D01020,BANSWRAS,EQ,,,,,BANSWARA SYNTEX LIMITED,109.25,111.00,106.65,107.62,106.75,108.73,,107.59,,,12765,1379276.32,348,F1,1,,,,,
2026-09-28,2026-09-28,CM,NSE,STK,15073,INE139I01011,BVCL,EQ,,,,,BARAK VALLEY CEM. LTD.,41.16,41.92,40.32,40.53,40.55,41.26,,40.58,,,11671,475291.48,145,F1,1,,,,,
2026-09-28,2026-09-28,CM,NSE,STK,29176,INE0QX401014,BARFLEX,SM,,,,,BARFLEX POLYFILMS LIMITED,53.60,53.60,51.90,51.90,51.90,54.35,,51.90,,,32000,1689600.00,16,F1,2000,,,,,
2026-09-28,2026-09-28,CM,NSE,STK,24117,INF251K01TL6,BBNPNBETF,EQ,,,,,BARODABNP - BBNPNBETF,57.15,57.15,53.53,54.35,54.00,56.03,,54.48,,,1801,99336.54,57,F1,1,,,,,
2026-09-28,2026-09-28,CM,NSE,STK,20547,INF251K01SU9,BBNPPGOLD,EQ,,,,,BARODABNP - BBNPPGOLD,144.00,145.15,141.50,141.90,142.05,145.25,,141.90,,,2587,368011.60,97,F1,1,,,,,
2026-09-28,2026-09-28,CM,NSE,STK,368,INE373A01013,BASF,EQ,,,,,BASF INDIA LTD,3539.80,3580.00,3482.10,3495.80,3486.00,3539.80,,3495.73,,,16965,59463723.40,2501,F1,1,,,,,
2026-09-28,2026-09-28,CM,NSE,STK,18442,INE0OCC01013,BASILIC,SM,,,,,BASILIC FLY STUDIO LTD,164.00,167.30,161.05,167.30,167.30,167.30,,167.30,,,9600,1573305.00,30,F1,300,,,,,
2026-09-28,2026-09-28,CM,NSE,STK,371,INE176A01028,BATAINDIA,EQ,,,,,BATA INDIA LTD,631.50,633.70,621.00,624.70,623.90,629.80,,624.74,,,118577,74508785.50,8742,F1,1,,,,,
2026-09-28,2026-09-28,CM,NSE,STK,762568,INE177C01022,BATLIBOI,EQ,,,,,BATLIBOI LTD.,84.25,87.50,80.53,83.19,82.65,83.59,,83.30,,,27593,2326160.18,1156,F1,1,,,,,
2026-09-28,2026-09-28,CM,NSE,STK,22571,INE0JFJ01011,BAWEJA,SM,,,,,BAWEJA STUDIOS LIMITED,25.45,26.00,25.25,26.00,26.00,26.45,,26.00,,,2400,61360.00,3,F1,800,,,,,
2026-09-28,2026-09-28,CM,NSE,STK,17927,INE462A01022,BAYERCROP,EQ,,,,,BAYER CROPSCIENCE LTD,3714.90,3714.90,3650.00,3671.80,3670.50,3717.60,,3671.88,,,55292,202666079.40,19517,F1,1,,,,,
2026-09-28,2026-09-28,CM,NSE,STK,2513,INE412G01024,BCLIND,EQ,,,,,BCL INDUSTRIES LIMITED,33.40,33.71,32.35,32.52,32.45,33.72,,32.51,,,450975,14840195.45,3260,F1,1,,,,,
2026-09-28,2026-09-28,CM,NSE,STK,761494,INE00SW01015,BCPL,EQ,,,,,BCPL RAILWAY INFRA LTD,69.40,70.00,67.50,67.98,68.75,67.70,,68.00,,,9402,645333.32,262,F1,1,,,,,
2026-09-28,2026-09-28,CM,NSE,STK,23922,INE639X01027,BEACON,SM,,,,,BEACON TRUSTEESHIP LTD,87.95,90.00,84.50,87.00,87.00,87.95,,87.00,,,12000,1056550.00,12,F1,1000,,,,,
2026-09-28,2026-09-28,CM,NSE,STK,17933,INE520H01022,BEARDSELL,EQ,,,,,BEARDSELL LIMITED,24.47,27.00,23.52,24.58,24.45,24.47,,24.58,,,23415,580612.86,280,F1,1,,,,,
2026-09-28,2026-09-28,CM,NSE,STK,20196,INE844K01012,BEDMUTHA,EQ,,,,,BEDMUTHA INDUST LTD,112.91,115.00,107.20,109.23,109.90,110.71,,109.23,,,8144,906669.19,143,F1,1,,,,,
2026-09-28,2026-09-28,CM,NSE,STK,762573,INE213D01015,BEEKAY,EQ,,,,,BEEKAY STEEL INDS. LTD.,430.15,443.60,418.05,434.40,434.00,430.15,,433.75,,,607,259540.70,99,F1,1,,,,,
2026-09-28,2026-09-28,CM,NSE,STK,765291,INE1EEM01017,BLEL,EQ,,,,,BEHARI LAL ENGINEERING L,452.95,456.25,440.00,445.10,445.75,456.75,,445.10,,,262965,116973927.80,9499,F1,1,,,,,
2026-09-28,2026-09-28,CM,NSE,STK,757938,INE344T01014,BELLACASA,EQ,,,,,BELLA CASA FASH AND RET L,279.80,279.80,261.63,266.50,266.00,274.98,,266.48,,,48135,12828318.16,939,F1,1,,,,,
2026-09-28,2026-09-28,CM,NSE,STK,757102,INE894V01022,BELRISE,EQ,,,,,BELRISE INDUSTRIES LTD,248.00,254.28,244.24,248.62,249.00,247.92,,248.63,,,4151643,1036024248.33,53097,F1,1,,,,,
2026-09-28,2026-09-28,CM,NSE,STK,15067,INE0N7W01012,BLAL,EQ,,,,,BEML LAND ASSETS LIMITED,164.85,164.85,160.01,160.69,160.50,161.96,,160.69,,,12083,1944386.56,286,F1,1,,,,,
2026-09-28,2026-09-28,CM,NSE,STK,395,INE258A01024,BEML,EQ,,,,,BEML LIMITED,2030.00,2035.00,1974.00,1995.10,1995.50,2036.50,,1995.14,,,214132,426901477.10,18556,F1,1,,,,,
2026-09-28,2026-09-28,CM,NSE,STK,764618,INE664D01019,BENARAS,EQ,,,,,BENARES HOTELS LTD.,10224.00,10224.00,10150.00,10150.00,10150.00,10224.00,,10150.95,,,122,1244003.00,27,F1,1,,,,,
2026-09-28,2026-09-28,CM,NSE,STK,762578,INE083K01017,BENGALASM,EQ,,,,,BENGAL & ASSAM CO. LTD.,6275.00,6275.00,5900.00,5938.50,5900.00,6093.00,,5938.50,,,1240,7476613.00,999,F1,1,,,,,
2026-09-28,2026-09-28,CM,NSE,STK,404,INE463A01038,BERGEPAINT,EQ,,,,,BERGER PAINTS (I) LTD,458.00,458.85,450.30,452.85,453.50,458.35,,452.85,,,354792,161590200.30,20736,F1,1,,,,,
2026-09-28,2026-09-28,CM,NSE,STK,2306,INE052T01021,BESTAGRO,EQ,,,,,BEST AGROLIFE LIMITED,17.95,18.10,17.51,17.69,17.70,18.24,,17.69,,,437086,7805859.76,1465,F1,1,,,,,
2026-09-28,2026-09-28,CM,NSE,STK,759842,INE351Y01019,BETA,EQ,,,,,BETA DRUGS LIMITED,2080.00,2100.00,2020.00,2040.30,2030.10,2098.70,,2040.30,,,12981,26794935.10,1718,F1,1,,,,,
2026-09-28,2026-09-28,CM,NSE,STK,5662,INE0HQI01014,BEWLTD,SM,,,,,BEW ENGINEERING LIMITED,69.05,72.50,61.20,63.00,63.70,67.65,,63.00,,,97500,6228500.00,109,F1,500,,,,,
2026-09-28,2026-09-28,CM,NSE,STK,21113,INE878K01010,BFINVEST,EQ,,,,,BF INVESTMENT LIMITED,444.90,444.90,433.30,435.20,434.55,442.40,,435.21,,,12952,5639591.80,772,F1,1,,,,,
2026-09-28,2026-09-28,CM,NSE,STK,14567,INE243D01012,BFUTILITIE,EQ,,,,,BF UTILITIES LIMITED,526.90,529.60,511.10,515.90,515.20,524.45,,515.90,,,52699,27372915.95,2571,F1,1,,,,,
2026-09-28,2026-09-28,CM,NSE,STK,764183,INF0QA701CI0,BANK10BETF,EQ,,,,,BFAM - BANK10BETF,20.12,20.12,19.83,19.90,19.95,20.25,,19.90,,,2486757,49487215.75,116,F1,1,,,,,
2026-09-28,2026-09-28,CM,NSE,STK,21986,INF0QA701714,BANKBETF,EQ,,,,,BFAM - BANKBETF,56.61,56.61,55.45,55.60,55.70,56.61,,55.64,,,27789,1545432.59,413,F1,1,,,,,
2026-09-28,2026-09-28,CM,NSE,STK,23915,INF0QA701854,LIQUIDBETF,EQ,,,,,BFAM - LIQUIDBETF,1102.25,1102.25,1100.62,1100.63,1100.63,1100.48,,1100.63,,,377799,415815547.85,191,F1,1,,,,,
2026-09-28,2026-09-28,CM,NSE,STK,21959,INF0QA701722,NIFTYBETF,EQ,,,,,BFAM - NIFTYBETF,245.07,245.07,235.00,235.50,235.69,239.10,,235.50,,,7354,1733838.99,208,F1,1,,,,,
2026-09-28,2026-09-28,CM,NSE,STK,15193,INE661I01014,BGRENERGY,BE,,,,,BGR ENERGY SYSTEMS LTD,268.60,268.60,252.00,268.28,268.60,255.81,,268.22,,,160253,42812312.18,1214,F1,1,,,,,
2026-09-28,2026-09-28,CM,NSE,STK,758228,INE0ZRC01017,BHADORA,ST,,,,,BHADORA INDUSTRIES LTD,124.00,128.55,122.50,127.25,128.55,126.70,,127.25,,,24000,3004740.00,20,F1,1200,,,,,
2026-09-28,2026-09-28,CM,NSE,STK,13400,INE354C01027,BHAGERIA,EQ,,,,,BHAGERIA INDUSTRIES LTD,397.00,397.00,370.10,380.85,380.70,394.60,,380.91,,,237200,91300360.00,6322,F1,1,,,,,
2026-09-28,2026-09-28,CM,NSE,STK,6164,INE414D01027,BHAGCHEM,EQ,,,,,BHAGIRADHA CHEM & INDS L,244.00,244.00,240.10,241.10,241.50,245.60,,241.10,,,63546,15352520.00,1187,F1,1,,,,,
2026-09-28,2026-09-28,CM,NSE,STK,20776,INE458B01036,BHAGYANGR,EQ,,,,,BHAGYANAGAR INDIA LIMITED,446.00,446.00,407.10,411.35,412.75,425.55,,411.37,,,133826,56070659.60,6400,F1,1,,,,,
2026-09-28,2026-09-28,CM,NSE,STK,19556,INE474E01029,BHANDARI,EQ,,,,,BHANDARI HOSIERY EXP LTD,2.97,2.97,2.89,2.90,2.90,2.93,,2.90,,,154510,451020.94,259,F1,1,,,,,
2026-09-28,2026-09-28,CM,NSE,STK,419,INE922A01025,BEPL,EQ,,,,,BHANSALI ENG. POLYMERS LT,126.46,127.90,124.00,125.38,124.98,126.43,,125.33,,,793822,99955992.49,8755,F1,1,,,,,
2026-09-28,2026-09-28,CM,NSE,STK,13761,INE464A01036,BBL,EQ,,,,,BHARAT BIJLEE LTD,2162.00,2165.70,2105.10,2112.20,2119.40,2162.90,,2112.24,,,14765,31459617.80,2459,F1,1,,,,,
2026-09-28,2026-09-28,CM,NSE,STK,760726,INE05XR01022,BHARATCOAL,EQ,,,,,BHARAT COKING COAL LTD,32.60,33.45,32.28,32.51,32.57,32.03,,32.51,,,13761887,451906609.42,35665,F1,1,,,,,
2026-09-28,2026-09-28,CM,NSE,STK,2144,INE171Z01026,BDL,EQ,,,,,BHARAT DYNAMICS LIMITED,1140.00,1140.90,1110.30,1115.00,1115.00,1140.00,,1114.65,,,1314080,1470742809.20,58833,F1,1,,,,,
2026-09-28,2026-09-28,CM,NSE,STK,383,INE263A01024,BEL,EQ,,,,,BHARAT ELECTRONICS LTD,393.45,393.45,384.10,385.50,385.50,393.55,,385.51,,,11661372,4504781219.05,133575,F1,1,,,,,
2026-09-28,2026-09-28,CM,NSE,STK,422,INE465A01025,BHARATFORG,EQ,,,,,BHARAT FORGE LTD,1980.10,1994.50,1951.20,1957.00,1957.00,2008.00,,1957.00,,,583093,1149160001.10,27878,F1,1,,,,,
2026-09-28,2026-09-28,CM,NSE,STK,9397,INE561C01019,BHARATGEAR,BE,,,,,BHARAT GEARS LTD,101.00,101.80,99.02,99.82,100.49,101.51,,99.82,,,15753,1573554.94,159,F1,1,,,,,
2026-09-28,2026-09-28,CM,NSE,STK,764623,INE365Y01019,BPLPHARMA,EQ,,,,,BHARAT PARENTERALS LTD.,2093.00,2277.60,2001.00,2149.80,2150.00,1898.00,,2149.44,,,155526,336705506.20,10801,F1,1,,,,,
2026-09-28,2026-09-28,CM,NSE,STK,526,INE029A01011,BPCL,EQ,,,,,BHARAT PETROLEUM CORP  LT,306.95,308.50,301.00,302.25,302.25,308.50,,302.25,,,2813265,854193715.90,48748,F1,1,,,,,
2026-09-28,2026-09-28,CM,NSE,STK,3834,INE838B01021,BHARATRAS,EQ,,,,,BHARAT RASAYAN LTD,1102.20,1102.20,1027.80,1046.20,1049.70,1096.80,,1046.18,,,26011,27593112.40,2502,F1,1,,,,,
2026-09-28,2026-09-28,CM,NSE,STK,21683,INE727S01012,BRNL,EQ,,,,,BHARAT ROAD NETWORK LTD,16.77,16.87,16.35,16.43,16.58,16.69,,16.44,,,17173,284308.86,213,F1,1,,,,,
2026-09-28,2026-09-28,CM,NSE,STK,30244,INE415D01024,BHARATSE,EQ,,,,,BHARAT SEATS LIMITED,214.09,214.24,209.00,212.45,210.10,214.09,,212.41,,,47085,9961027.36,2687,F1,1,,,,,
2026-09-28,2026-09-28,CM,NSE,STK,16123,INE316L01019,BHARATWIRE,EQ,,,,,BHARAT WIRE ROPES LTD.,163.99,171.50,162.60,166.35,166.20,164.97,,166.36,,,282155,47255094.80,5867,F1,1,,,,,
2026-09-28,2026-09-28,CM,NSE,STK,11371,INE224M01013,BGLOBAL,BZ,,,,,BHARATIYA GLOBAL INFO LTD,3.20,3.28,3.01,3.27,3.28,3.13,,3.26,,,37513,120361.45,51,F1,1,,,,,
2026-09-28,2026-09-28,CM,NSE,STK,10604,INE397D01024,BHARTIARTL,EQ,,,,,BHARTI AIRTEL LIMITED,1772.00,1784.30,1763.70,1771.40,1771.40,1785.40,,1771.40,,,4683537,8309124614.50,147662,F1,1,,,,,
2026-09-28,2026-09-28,CM,NSE,STK,23489,INE343G01021,BHARTIHEXA,EQ,,,,,BHARTI HEXACOM LIMITED,1475.20,1476.20,1422.00,1426.50,1425.00,1481.80,,1426.56,,,85873,123841251.30,11088,F1,1,,,,,
2026-09-28,2026-09-28,CM,NSE,STK,7848,INE828A01016,BIL,EQ,,,,,BHARTIYA INTERNATIONAL,1010.85,1020.00,990.00,1001.20,1003.90,1010.85,,1000.72,,,3150,3158010.00,345,F1,1,,,,,
2026-09-28,2026-09-28,CM,NSE,STK,438,INE257A01026,BHEL,EQ,,,,,BHEL,416.85,416.85,407.25,411.90,411.90,418.95,,411.91,,,7754932,3178082986.35,75691,F1,1,,,,,
2026-09-28,2026-09-28,CM,NSE,STK,762621,INE274K01012,BTTL,BE,,,,,BHILWARA TECHNICAL TEXT L,40.50,40.50,38.50,38.50,38.50,40.50,,38.50,,,5072,196853.45,44,F1,1,,,,,
2026-09-28,2026-09-28,CM,NSE,STK,18431,INE412U01025,BIGBLOC,EQ,,,,,BIGBLOC CONSTRUCTION LTD,40.01,40.35,39.00,39.37,39.10,40.01,,39.48,,,27505,1082543.32,727,F1,1,,,,,
2026-09-28,2026-09-28,CM,NSE,STK,11966,INE00E101023,BIKAJI,EQ,,,,,BIKAJI FOODS INTERN LTD,570.70,570.70,555.25,557.90,558.00,573.95,,557.95,,,56338,31731590.85,4533,F1,1,,,,,
2026-09-28,2026-09-28,CM,NSE,STK,25527,INE0SQH01013,BIKEWO,ST,,,,,BIKEWO GREEN TECH LIMITED,120.00,120.00,117.95,117.95,117.95,120.35,,117.95,,,24000,2855500.00,9,F1,2000,,,,,
2026-09-28,2026-09-28,CM,NSE,STK,13622,INE071A01013,BILVYAPAR,BE,,,,,BIL VYAPAR LIMITED,4.49,4.59,4.26,4.48,4.50,4.39,,4.48,,,16261,72903.70,42,F1,1,,,,,
2026-09-28,2026-09-28,CM,NSE,STK,762586,INE986A01012,BI,BE,,,,,BILCARE LTD.,98.71,98.71,98.71,98.71,98.71,100.72,,102.31,,,3110,306988.10,29,F1,1,,,,,
2026-09-28,2026-09-28,CM,NSE,STK,759806,INE0HOQ01053,GROWW,EQ,,,,,BILLIONBRAINS GARAGE VN L,186.75,186.79,182.40,183.39,184.02,187.06,,183.39,,,16299714,2988355036.17,98409,F1,1,,,,,
2026-09-28,2026-09-28,CM,NSE,STK,762588,INE469A01019,BIMETAL,EQ,,,,,BIMETAL BEARINGS LTD.,646.15,662.95,628.60,640.15,641.00,648.00,,640.19,,,664,426744.20,105,F1,1,,,,,
2026-09-28,2026-09-28,CM,NSE,STK,763598,INE1BKA01015,BMLL,SM,,,,,BIO MEDICA LABORATORIES L,163.00,166.00,163.00,166.00,166.00,164.50,,166.00,,,11000,1823000.00,4,F1,1000,,,,,
2026-09-28,2026-09-28,CM,NSE,STK,11373,INE376G01013,BIOCON,EQ,,,,,BIOCON LIMITED.,380.65,381.15,374.05,374.90,374.90,382.15,,374.90,,,2233035,842673061.90,47232,F1,1,,,,,
2026-09-28,2026-09-28,CM,NSE,STK,4136,INE829A01014,BIOFILCHEM,EQ,,,,,BIOFIL CHEM & PHARMA LTD,32.15,32.79,31.41,31.51,31.51,32.44,,31.51,,,7424,236887.67,140,F1,1,,,,,
2026-09-28,2026-09-28,CM,NSE,STK,760942,INE0XW001014,BIOPOL,SM,,,,,BIOPOL CHEMICALS LIMITED,46.70,49.00,46.70,49.00,49.00,46.70,,49.00,,,45600,2219880.00,37,F1,1200,,,,,
2026-09-28,2026-09-28,CM,NSE,STK,477,INE800A01015,BIRLACABLE,EQ,,,,,BIRLA CABLE LIMITED,365.05,369.70,348.00,351.40,351.50,362.45,,351.41,,,274080,97621623.20,9571,F1,1,,,,,
2026-09-28,2026-09-28,CM,NSE,STK,480,INE340A01012,BIRLACORPN,EQ,,,,,BIRLA CORPORATION LTD,850.70,852.35,835.00,839.10,839.25,850.30,,839.08,,,26947,22690286.80,2916,F1,1,,,,,
2026-09-28,2026-09-28,CM,NSE,STK,762596,INE372E01025,BIRLAPREC,BE,,,,,BIRLA PRECISION TECH L,55.25,55.25,52.35,53.88,53.98,55.03,,53.78,,,102636,5481425.96,507,F1,1,,,,,
2026-09-28,2026-09-28,CM,NSE,STK,1455,INE557A01011,BIRLANU,EQ,,,,,BIRLANU LIMITED,1438.80,1511.90,1408.10,1441.00,1445.00,1438.80,,1440.27,,,21222,30918193.50,3081,F1,1,,,,,
2026-09-28,2026-09-28,CM,NSE,STK,24404,INF209KC1134,ABGSEC,EQ,,,,,BIRLASLAMC - ABGSEC,113.27,113.85,113.27,113.85,113.85,113.26,,113.85,,,249,28338.64,9,F1,1,,,,,
2026-09-28,2026-09-28,CM,NSE,STK,760247,INF209KC1670,ABSL10BANK,EQ,,,,,BIRLASLAMC - ABSL10BANK,167.68,167.68,160.30,161.91,161.91,164.19,,161.91,,,702,113515.43,20,F1,1,,,,,
2026-09-28,2026-09-28,CM,NSE,STK,13987,INF209KB17D5,ABSLBANETF,EQ,,,,,BIRLASLAMC - ABSLBANETF,56.72,56.72,55.85,55.98,56.40,57.05,,55.98,,,24234,1361478.41,433,F1,1,,,,,
2026-09-28,2026-09-28,CM,NSE,STK,14518,INF209KB18T9,ABSLLIQUID,EQ,,,,,BIRLASLAMC - ABSLLIQUID,999.99,1000.01,999.99,1000.00,1000.00,1000.00,,1000.00,,,32152,32151789.55,67,F1,1,,,,,
2026-09-28,2026-09-28,CM,NSE,STK,761066,INF209KC1662,ABSLMSCIN,EQ,,,,,BIRLASLAMC - ABSLMSCIN,28.36,28.36,28.10,28.15,28.15,28.47,,28.15,,,52,1467.46,9,F1,1,,,,,
2026-09-28,2026-09-28,CM,NSE,STK,7339,INF209KB16D7,ABSLNN50ET,EQ,,,,,BIRLASLAMC - ABSLNN50ET,76.18,76.18,74.06,74.47,74.06,75.51,,74.45,,,12033,901198.49,319,F1,1,,,,,
2026-09-28,2026-09-28,CM,NSE,STK,5957,INF209KB10E8,BSLSENETFG,EQ,,,,,BIRLASLAMC - BSLSENETFG,74.08,75.50,73.48,73.78,73.75,74.71,,73.78,,,4460,329417.93,199,F1,1,,,,,
2026-09-28,2026-09-28,CM,NSE,STK,24847,INF209KC1142,GSEC10ABSL,EQ,,,,,BIRLASLAMC - GSEC10ABSL,119.99,119.99,111.07,111.87,111.87,111.63,,112.03,,,888,101459.09,17,F1,1,,,,,
2026-09-28,2026-09-28,CM,NSE,STK,6297,INF209KB10C2,HEALTHY,EQ,,,,,BIRLASLAMC - HEALTHY,17.17,17.28,17.01,17.03,17.08,17.17,,17.03,,,329803,5642991.39,1434,F1,1,,,,,
2026-09-28,2026-09-28,CM,NSE,STK,10693,INF209KB14K7,MOMENTUM,EQ,,,,,BIRLASLAMC - MOMENTUM,30.85,30.85,29.87,29.95,30.08,30.63,,29.95,,,55399,1669335.63,397,F1,1,,,,,
2026-09-28,2026-09-28,CM,NSE,STK,10690,INF209KB15K4,NIFTYQLITY,EQ,,,,,BIRLASLAMC - NIFTYQLITY,20.37,20.50,20.16,20.23,20.26,20.37,,20.23,,,39601,802176.54,281,F1,1,,,,,
2026-09-28,2026-09-28,CM,NSE,STK,8003,INF209KB19F6,SILVER,EQ,,,,,BIRLASLAMC - SILVER,222.72,223.42,219.10,220.19,220.60,228.33,,220.19,,,1465559,323794463.25,14031,F1,1,,,,,
2026-09-28,2026-09-28,CM,NSE,STK,6462,INF209KB11D8,TECH,EQ,,,,,BIRLASLAMC - TECH,31.69,31.90,30.51,30.85,31.59,30.92,,30.85,,,23006,708099.70,220,F1,1,,,,,
2026-09-28,2026-09-28,CM,NSE,STK,23806,INF209KB19Z4,ABSLPSE,EQ,,,,,BIRLASLAMC-ABSLPSE,10.01,10.17,9.79,9.81,9.87,9.97,,9.81,,,186970,1842972.45,704,F1,1,,,,,
2026-09-28,2026-09-28,CM,NSE,STK,6994,INE836A01035,BSOFT,EQ,,,,,BIRLASOFT LIMITED,274.55,275.90,270.00,271.25,271.95,274.05,,271.24,,,1023070,278878587.55,20667,F1,1,,,,,
2026-09-28,2026-09-28,CM,NSE,STK,3435,INE676A01027,BBOX,EQ,,,,,BLACK BOX LIMITED,800.00,811.50,775.55,783.15,785.85,799.75,,783.15,,,608541,482096476.90,37461,F1,1,,,,,
2026-09-28,2026-09-28,CM,NSE,STK,762598,INE761G01016,BLACKROSE,EQ,,,,,BLACK ROSE INDS. LTD.,121.00,121.00,112.00,116.32,116.00,115.82,,116.32,,,101196,11889815.98,1262,F1,1,,,,,
2026-09-28,2026-09-28,CM,NSE,STK,27144,INE0UIZ01018,BLACKBUCK,EQ,,,,,BLACKBUCK LIMITED,599.95,609.30,595.15,601.20,601.40,598.95,,601.21,,,449313,270820739.30,33514,F1,1,,,,,
2026-09-28,2026-09-28,CM,NSE,STK,8132,INE791A01024,BLBLIMITED,EQ,,,,,BLB LIMITED,17.45,17.50,17.01,17.18,17.25,17.10,,17.18,,,62882,1084232.14,470,F1,1,,,,,
2026-09-28,2026-09-28,CM,NSE,STK,19269,INE416D01022,BLISSGVS,BE,,,,,BLISS GVS PHARMA LTD,712.00,739.90,705.00,737.65,739.90,704.70,,737.64,,,2825169,2050321184.30,3191,F1,1,,,,,
2026-09-28,2026-09-28,CM,NSE,STK,22566,INE0NLT01010,BLSE,EQ,,,,,BLS E-SERVICES LIMITED,324.50,327.70,319.85,320.65,320.50,324.55,,320.64,,,163636,52789111.80,4416,F1,1,,,,,
2026-09-28,2026-09-28,CM,NSE,STK,17279,INE153T01027,BLS,EQ,,,,,BLS INTL SERVS LTD,223.50,223.71,221.00,221.22,221.60,224.26,,221.22,,,486201,108051627.25,11766,F1,1,,,,,
2026-09-28,2026-09-28,CM,NSE,STK,8650,INE657B01025,BLUECHIP,BE,,,,,BLUE CHIP INDIA LIMITED,1.98,1.98,1.98,1.98,1.98,2.02,,1.98,,,1572,3112.56,9,F1,1,,,,,
2026-09-28,2026-09-28,CM,NSE,STK,765040,INE373T01047,BLUECLOUDS,EQ,,,,,BLUE CLOUD SOFTECH SOLU L,22.45,23.96,21.26,21.71,21.60,22.16,,21.71,,,25113789,567790106.61,48604,F1,1,,,,,
2026-09-28,2026-09-28,CM,NSE,STK,7480,INE472B01011,BLUECOAST,EQ,,,,,BLUE COAST HOTELS LIMITED,22.10,22.11,21.06,21.99,21.99,21.06,,21.99,,,4693,101444.81,43,F1,1,,,,,
2026-09-28,2026-09-28,CM,NSE,STK,495,INE233B01017,BLUEDART,EQ,,,,,BLUE DART EXPRESS LTD,4725.00,4795.00,4705.00,4749.60,4790.00,4746.50,,4749.17,,,6178,29196751.20,1717,F1,1,,,,,
2026-09-28,2026-09-28,CM,NSE,STK,19686,INE0KBH01020,BLUEJET,EQ,,,,,BLUE JET HEALTHCARE LTD,565.50,573.70,554.50,557.30,558.90,570.65,,557.29,,,194888,109560005.25,10394,F1,1,,,,,
2026-09-28,2026-09-28,CM,NSE,STK,23413,INE0SAK01011,BLUEPEBBLE,ST,,,,,BLUE PEBBLE LIMITED,70.25,70.25,67.70,68.85,67.70,71.25,,68.85,,,2000,138260.00,4,F1,400,,,,,
2026-09-28,2026-09-28,CM,NSE,STK,8311,INE472A01039,BLUESTARCO,EQ,,,,,BLUE STAR LIMITED,1585.70,1593.50,1562.30,1575.40,1575.40,1565.00,,1575.36,,,1477339,2325674453.00,57895,F1,1,,,,,
2026-09-28,2026-09-28,CM,NSE,STK,758185,INE0X3M01010,BLUEWATER,ST,,,,,BLUE WATER LOGISTICS LTD,561.30,561.45,560.00,561.45,561.45,534.75,,561.45,,,13000,7295550.00,12,F1,1000,,,,,
2026-09-28,2026-09-28,CM,NSE,STK,759291,INE304W01038,BLUESTONE,EQ,,,,,BLUESTONE JEWEL LFSTL LTD,810.00,814.00,775.50,786.20,789.20,809.30,,786.28,,,978972,770221754.40,28017,F1,1,,,,,
2026-09-28,2026-09-28,CM,NSE,STK,757520,INE0U4101014,BLUSPRING,EQ,,,,,BLUSPRING ENTERPRISES LTD,145.12,151.90,138.43,149.44,151.80,145.12,,149.43,,,690632,101154382.46,9627,F1,1,,,,,
2026-09-28,2026-09-28,CM,NSE,STK,759256,INE965W01036,BMWVENTLTD,EQ,,,,,BMW VENTURES LIMITED,52.70,52.70,50.51,51.40,51.60,52.17,,51.48,,,108031,5572652.57,967,F1,1,,,,,
2026-09-28,2026-09-28,CM,NSE,STK,762608,INE00HZ01011,BNAGROCHEM,EQ,,,,,BN AGROCHEM LTD.,209.00,210.00,205.92,208.00,208.00,208.40,,209.75,,,130,27117.91,19,F1,1,,,,,
2026-09-28,2026-09-28,CM,NSE,STK,25017,INE338D01028,BODALCHEM,EQ,,,,,BODAL CHEMICALS LTD,202.50,207.70,196.00,201.93,203.28,202.02,,201.90,,,1094096,218505811.41,11568,F1,1,,,,,
2026-09-28,2026-09-28,CM,NSE,STK,14150,INE0EEJ01023,BTML,EQ,,,,,BODHI TREE MULTIMEDIA LTD,7.44,7.44,7.10,7.15,7.21,7.46,,7.15,,,184029,1327317.28,255,F1,1,,,,,
2026-09-28,2026-09-28,CM,NSE,STK,11640,INE802W01023,BOHRAIND,EQ,,,,,BOHRA INDUSTRIES LIMITED,16.42,16.42,15.30,15.79,15.97,15.97,,15.79,,,22069,343639.35,71,F1,1,,,,,
2026-09-28,2026-09-28,CM,NSE,STK,380,INE050A01025,BBTC,EQ,,,,,BOMBAY BURMAH TRADING COR,1435.20,1435.30,1412.10,1415.70,1414.00,1435.20,,1415.71,,,30398,43145782.30,3733,F1,1,,,,,
2026-09-28,2026-09-28,CM,NSE,STK,513,INE032A01023,BOMDYEING,EQ,,,,,BOMBAY DYEING & MFG. CO L,109.70,109.70,107.00,107.39,107.00,109.83,,107.40,,,244074,26272939.30,3091,F1,1,,,,,
2026-09-28,2026-09-28,CM,NSE,STK,6052,INE0I3Y01014,BMETRICS,SM,,,,,BOMBAY METRICS S C LTD,41.40,46.30,41.40,44.20,44.45,41.40,,44.20,,,38400,1648160.00,41,F1,800,,,,,
2026-09-28,2026-09-28,CM,NSE,STK,809,INE032Z01020,BSHSL,EQ,,,,,BOMBAY SUPER HYBRID SEEDS,86.90,86.90,84.20,84.99,85.00,86.90,,85.16,,,3780,320899.09,96,F1,1,,,,,
2026-09-28,2026-09-28,CM,NSE,STK,31128,INE053F07538,810IRFC27,N2,,,,,BOND 8.10% PA TAX FREE S2,1085.50,1085.50,1085.00,1085.00,1085.00,1087.00,,1085.00,,,560,607728.30,8,F1,1,,,,,
2026-09-28,2026-09-28,CM,NSE,STK,31040,INE906B07CB9,830NHAI27,N2,,,,,BOND 8.30% PA TAX FREE S2,1005.80,1007.00,1005.68,1006.89,1006.89,1005.68,,1006.88,,,1370,1378291.22,22,F1,1,,,,,
2026-09-28,2026-09-28,CM,NSE,STK,603,INE053F07686,865IRFC29,NA,,,,,BOND 8.65% PA TF TI-SIIB,1106.01,1107.40,1106.01,1107.40,1107.40,1107.45,,1107.40,,,365,404110.65,6,F1,1,,,,,
2026-09-28,2026-09-28,CM,NSE,STK,30990,INE020B07HS2,871REC28,N9,,,,,BOND 8.71% TAX FREE S2B,1126.50,1126.50,1126.02,1126.50,1126.50,1125.50,,1125.71,,,446,502323.62,7,F1,1,,,,,
2026-09-28,2026-09-28,CM,NSE,STK,31967,INE557F07108,863NHB34,N3,,,,,BOND 8.76%PA TF TR-I S 3A,6410.00,6410.00,6410.00,6410.00,6410.00,6400.00,,6410.00,,,10,64100.00,1,F1,1,,,,,
2026-09-28,2026-09-28,CM,NSE,STK,1999,INE053F07744,888IRFC29,NE,,,,,BOND 8.88% PA TF TII-SIIB,1224.99,1224.99,1130.00,1130.00,1130.00,1130.00,,1125.30,,,60,69700.70,5,F1,1,,,,,
2026-09-28,2026-09-28,CM,NSE,STK,31970,INE557F07132,901NHB34,N6,,,,,BOND 9.01%PA TF TR-I S 3B,6394.00,6400.00,6311.00,6393.33,6390.00,6410.00,,6393.33,,,130,825973.00,13,F1,1,,,,,
2026-09-28,2026-09-28,CM,NSE,STK,2947,INE020B07IG5,888REC29,NF,,,,,BOND8.88% PA TF TR II S2B,1144.00,1144.00,1144.00,1144.00,1144.00,1144.00,,1142.73,,,50,57200.00,1,F1,1,,,,,
2026-09-28,2026-09-28,CM,NSE,STK,761056,INE0B9A01018,BONLON,EQ,,,,,BONLON INDUSTRIES LIMITED,41.10,41.43,39.82,40.16,40.15,41.10,,40.16,,,4124,166605.80,77,F1,1,,,,,
2026-09-28,2026-09-28,CM,NSE,STK,757919,INE16SF01016,BORANA,EQ,,,,,BORANA WEAVES LIMITED,293.00,301.00,280.10,296.20,295.70,288.00,,296.18,,,76390,22237632.10,1274,F1,1,,,,,
2026-09-28,2026-09-28,CM,NSE,STK,19401,INE02PY01013,BOROLTD,EQ,,,,,BOROSIL LIMITED,275.00,283.76,269.00,280.80,280.50,264.80,,280.82,,,1497356,415462931.12,29978,F1,1,,,,,
2026-09-28,2026-09-28,CM,NSE,STK,3149,INE666D01022,BORORENEW,EQ,,,,,BOROSIL RENEWABLES LTD,455.45,462.65,449.90,452.25,453.00,455.15,,452.26,,,308633,140182533.35,13618,F1,1,,,,,
2026-09-28,2026-09-28,CM,NSE,STK,24014,INE02L001032,BOROSCI,EQ,,,,,BOROSIL SCIENTIFIC LTD,115.95,116.29,113.20,114.13,115.00,115.55,,114.12,,,47604,5449079.66,1010,F1,1,,,,,
2026-09-28,2026-09-28,CM,NSE,STK,4491,INE782A01015,BOSCH-HCIL,EQ,,,,,BOSCH HOME COMFRT IND LTD,1841.20,1865.40,1788.10,1802.40,1798.00,1811.60,,1802.25,,,62663,114892317.50,7751,F1,1,,,,,
2026-09-28,2026-09-28,CM,NSE,STK,2181,INE323A01026,BOSCHLTD,EQ,,,,,BOSCH LIMITED,48010.00,48010.00,46910.00,47020.00,47020.00,48250.00,,47027.55,,,15211,718011895.00,6211,F1,1,,,,,
2026-09-28,2026-09-28,CM,NSE,STK,530,INE110A01019,BPL,EQ,,,,,BPL LTD,45.89,50.60,44.78,46.41,46.30,44.98,,46.41,,,248463,11848387.02,3780,F1,1,,,,,
2026-09-28,2026-09-28,CM,NSE,STK,24905,INE0R4Z01018,BRACEPORT,SM,,,,,BRACE PORT LOGISTICS LTD,67.00,70.00,65.10,65.10,65.10,69.45,,65.10,,,11200,765520.00,7,F1,1600,,,,,
2026-09-28,2026-09-28,CM,NSE,STK,764628,INE320I01017,BRAHMINFRA,EQ,,,,,BRAHMAPUTRA INFRA L,148.74,150.94,145.00,148.23,149.00,147.80,,148.13,,,26641,3951116.55,436,F1,1,,,,,
2026-09-28,2026-09-28,CM,NSE,STK,24814,INE02RE01045,FIRSTCRY,EQ,,,,,BRAINBEES SOLUTIONS LTD,181.80,195.30,178.19,184.72,185.10,180.83,,184.72,,,38456794,7261799366.98,272695,F1,1,,,,,
2026-09-28,2026-09-28,CM,NSE,STK,7780,INE977Y01011,BCONCEPTS,EQ,,,,,BRAND CONCEPTS LIMITED,147.05,149.90,143.24,146.02,145.02,148.16,,146.02,,,22888,3313332.86,687,F1,1,,,,,
2026-09-28,2026-09-28,CM,NSE,STK,760972,INE0XUD01014,BRANDMAN,SM,,,,,BRANDMAN RETAIL LIMITED,167.10,167.10,162.05,163.00,163.00,167.10,,163.00,,,8000,1311120.00,10,F1,800,,,,,
2026-09-28,2026-09-28,CM,NSE,STK,15184,INE791I01019,BRIGADE,EQ,,,,,BRIGADE ENTER. LTD,600.00,600.85,580.35,583.90,582.00,597.90,,583.90,,,174680,102537700.80,13339,F1,1,,,,,
2026-09-28,2026-09-28,CM,NSE,STK,757794,INE03NU01014,BRIGHOTEL,EQ,,,,,BRIGADE HOTEL VENTURE LTD,56.13,56.59,55.25,55.52,55.40,56.13,,55.53,,,60713,3377292.51,2596,F1,1,,,,,
2026-09-28,2026-09-28,CM,NSE,STK,764633,INE630D01010,BRIGHTBR,EQ,,,,,BRIGHT BROTHERS LTD.,251.40,255.00,236.10,248.10,249.00,240.35,,247.81,,,6273,1534748.65,170,F1,1,,,,,
2026-09-28,2026-09-28,CM,NSE,STK,8833,INE425B01027,BCG,EQ,,,,,BRIGHTCOM GROUP LIMITED,9.54,9.54,9.31,9.37,9.39,9.55,,9.36,,,4016929,37701174.22,4763,F1,1,,,,,
2026-09-28,2026-09-28,CM,NSE,STK,547,INE216A01030,BRITANNIA,EQ,,,,,BRITANNIA INDUSTRIES LTD,4933.00,4933.00,4869.00,4915.00,4915.00,4937.50,,4915.00,,,305787,1496621218.00,23163,F1,1,,,,,
2026-09-28,2026-09-28,CM,NSE,STK,2203,INE0FDU25010,BIRET,RR,,,,,BROOKFIELD INDIA RET,338.00,338.50,335.11,337.77,338.03,337.99,,337.73,,,273445,92174601.76,5931,F1,1,,,,,
2026-09-28,2026-09-28,CM,NSE,STK,25136,INE650L01011,BROOKS,EQ,,,,,BROOKS LAB LIMITED,58.99,59.43,56.25,56.55,56.50,59.01,,56.55,,,58423,3350088.17,762,F1,1,,,,,
2026-09-28,2026-09-28,CM,NSE,STK,19585,INE118H01025,BSE,EQ,,,,,BSE LIMITED,3180.00,3180.00,3075.10,3097.50,3097.50,3191.50,,3097.50,,,3931632,12280990127.80,171912,F1,1,,,,,
2026-09-28,2026-09-28,CM,NSE,STK,559,INE594B01012,BSL,EQ,,,,,BSL LTD,119.10,121.30,117.15,118.49,118.50,120.64,,118.49,,,2824,336584.15,107,F1,1,,,,,
2026-09-28,2026-09-28,CM,NSE,STK,2716,INE295F01017,BUTTERFLY,EQ,,,,,BTRFLY GANDHI APPL LTD,561.00,577.50,559.95,564.05,567.50,566.70,,564.02,,,11936,6771725.05,910,F1,1,,,,,
2026-09-28,2026-09-28,CM,NSE,STK,24704,INE0SZ301012,BULKCORP,ST,,,,,BULKCORP INTERNATIONAL L,78.05,81.75,78.00,81.75,81.75,81.80,,81.75,,,3600,285360.00,3,F1,1200,,,,,
2026-09-28,2026-09-28,CM,NSE,STK,15198,INE817H01022,BURNPUR,BE,,,,,BURNPUR CEMENT LIMITED,14.63,15.00,14.56,14.56,14.56,15.32,,14.56,,,33834,496857.04,268,F1,1,,,,,
2026-09-28,2026-09-28,CM,NSE,STK,764643,INE084D01010,CGVAK,EQ,,,,,C G V A K SOFTWARE & EX L,156.48,156.48,146.15,151.69,151.75,153.41,,151.79,,,858,129547.34,43,F1,1,,,,,
2026-09-28,2026-09-28,CM,NSE,STK,760854,INE0SMX01019,CKKRETAIL,SM,,,,,C K K RETAIL MART LIMITED,171.35,172.00,170.00,170.00,170.00,176.70,,170.00,,,46400,7899960.00,29,F1,800,,,,,
2026-09-28,2026-09-28,CM,NSE,STK,7227,INE0BV301023,MAPMYINDIA,EQ,,,,,C.E. INFO SYSTEMS LIMITED,888.00,895.00,861.00,866.10,869.90,881.90,,866.07,,,86698,75528786.30,5872,F1,1,,,,,
2026-09-28,2026-09-28,CM,NSE,STK,27274,INE0U7V01015,C2C,SM,,,,,C2C ADVANCED SYSTEMS LTD,167.00,167.15,155.00,162.15,163.10,167.15,,162.15,,,232050,36960772.50,963,F1,150,,,,,
2026-09-28,2026-09-28,CM,NSE,STK,764255,INE11XY01018,CMLL,EQ,,,,,CALIBER MINING AND LOG L,522.10,529.40,513.15,524.80,525.40,516.85,,524.92,,,424733,222204633.80,12373,F1,1,,,,,
2026-09-28,2026-09-28,CM,NSE,STK,8400,INE526B01014,CALSOFT,BE,,,,,CALIFORNIA SOFTWARE CO LT,35.94,35.94,34.35,34.55,34.35,36.12,,34.59,,,199703,6974118.98,1087,F1,1,,,,,
2026-09-28,2026-09-28,CM,NSE,STK,14222,INE627H01017,CTE,BE,,,,,CAMBRIDGE TECH ENTER LTD,43.04,43.04,41.31,41.31,41.31,43.48,,41.32,,,8625,358490.52,72,F1,1,,,,,
2026-09-28,2026-09-28,CM,NSE,STK,6216,INE052I01032,CAMLINFINE,EQ,,,,,CAMLIN FINE SCIENCES LTD,97.96,97.96,95.10,95.40,95.45,97.30,,95.41,,,435867,41786584.49,4733,F1,1,,,,,
2026-09-28,2026-09-28,CM,NSE,STK,9362,INE278Y01022,CAMPUS,EQ,,,,,CAMPUS ACTIVEWEAR LIMITED,209.94,212.99,207.40,211.04,211.00,209.99,,211.02,,,325125,68401614.07,7167,F1,1,,,,,
2026-09-28,2026-09-28,CM,NSE,STK,583,INE477A01020,CANFINHOME,EQ,,,,,CAN FIN HOMES LTD,753.30,755.00,735.00,737.60,740.00,753.25,,737.58,,,105181,77990171.10,7306,F1,1,,,,,
2026-09-28,2026-09-28,CM,NSE,STK,10794,INE476A01022,CANBK,EQ,,,,,CANARA BANK,124.68,124.68,120.26,120.65,120.65,124.99,,120.66,,,16272294,1980522649.06,73044,F1,1,,,,,
2026-09-28,2026-09-28,CM,NSE,STK,759477,INE01TY01017,CANHLIFE,EQ,,,,,CANARA HSBC LIFE INS CO L,150.70,150.99,146.01,147.78,147.90,150.70,,147.77,,,621483,91602798.37,11877,F1,1,,,,,
2026-09-28,2026-09-28,CM,NSE,STK,759311,INE218I01013,CRAMC,EQ,,,,,CANARA ROBECO AMC LIMITED,230.50,230.95,224.10,225.40,225.25,230.45,,225.41,,,243953,55168100.30,6566,F1,1,,,,,
2026-09-28,2026-09-28,CM,NSE,STK,19368,INE0QG301017,CANARYS,SM,,,,,CANARYS AUTOMATIONS LTD,30.00,30.00,28.25,28.65,28.80,30.35,,28.65,,,136000,3950000.00,27,F1,4000,,,,,
2026-09-28,2026-09-28,CM,NSE,STK,20160,INE068L01024,CANTABIL,EQ,,,,,CANTABIL RETAIL LTD,236.95,237.51,230.00,230.67,230.00,236.75,,230.64,,,118654,27649278.34,2517,F1,1,,,,,
2026-09-28,2026-09-28,CM,NSE,STK,21749,INE264T01014,CAPACITE,EQ,,,,,CAPACITE INFRAPROJECT LTD,190.01,191.13,184.00,184.41,184.80,191.14,,184.42,,,251940,46865493.20,7144,F1,1,,,,,
2026-09-28,2026-09-28,CM,NSE,STK,759867,INE0ILV01024,CAPILLARY,EQ,,,,,CAPILLARY TECHNO INDIA L,602.60,604.75,572.90,576.35,577.70,599.45,,576.38,,,156151,91419257.05,6874,F1,1,,,,,
2026-09-28,2026-09-28,CM,NSE,STK,756015,INE345H01024,CIFL,EQ,,,,,CAPITAL INDIA FINANCE LTD,22.79,23.47,21.27,21.73,22.11,22.04,,21.90,,,168663,3676407.56,972,F1,1,,,,,
2026-09-28,2026-09-28,CM,NSE,STK,29157,INE0Z8Z23013,CAPINVIT,IV,,,,,CAPITAL INFRA TRUST,76.99,77.09,76.35,76.92,76.95,76.59,,76.92,,,491310,37775828.81,3863,F1,1,,,,,
2026-09-28,2026-09-28,CM,NSE,STK,22675,INE646H01017,CAPITALSFB,EQ,,,,,CAPITAL SMALL FIN BANK L,278.10,283.00,278.00,280.20,282.75,282.75,,280.16,,,23105,6460096.40,623,F1,1,,,,,
2026-09-28,2026-09-28,CM,NSE,STK,19451,INE707C01018,CAPTRUST,BE,,,,,CAPITAL TRUST LIMITED,18.30,19.14,18.02,18.39,18.49,18.72,,18.41,,,8249,151277.08,48,F1,1,,,,,
2026-09-28,2026-09-28,CM,NSE,STK,3906,INE475E01026,CAPLIPOINT,EQ,,,,,CAPLIN POINT LAB LTD.,2856.70,2869.80,2801.80,2854.00,2850.00,2835.10,,2853.85,,,121333,344646328.70,19933,F1,1,,,,,
2026-09-28,2026-09-28,CM,NSE,STK,20329,INE180C01042,CGCL,EQ,,,,,CAPRI GLOBAL CAPITAL LTD,253.45,254.85,247.50,248.90,247.90,253.70,,248.89,,,2049335,514756586.75,21622,F1,1,,,,,
2026-09-28,2026-09-28,CM,NSE,STK,764203,INE536P01021,CPL,EQ,,,,,CAPTAIN POLYPLAST LIMITED,62.84,64.58,61.30,62.86,63.19,63.23,,62.83,,,39108,2468016.67,1432,F1,1,,,,,
2026-09-28,2026-09-28,CM,NSE,STK,595,INE120A01034,CARBORUNIV,EQ,,,,,CARBORUNDUM UNIVERSAL LTD,1274.10,1285.90,1237.20,1247.80,1250.00,1278.50,,1247.79,,,234625,294617266.00,18616,F1,1,,,,,
2026-09-28,2026-09-28,CM,NSE,STK,29113,INE752H01013,CARERATING,EQ,,,,,CARE RATINGS LIMITED,1628.90,1634.00,1604.90,1628.40,1610.10,1627.60,,1628.36,,,46655,75810017.60,3540,F1,1,,,,,
2026-09-28,2026-09-28,CM,NSE,STK,758941,INE0P6P01016,CPEDU,EQ,,,,,CAREER POINT EDUTECH LTD,178.90,178.90,171.00,173.92,174.10,177.14,,173.92,,,6518,1128925.00,76,F1,1,,,,,
2026-09-28,2026-09-28,CM,NSE,STK,28879,INE0V7W01012,CARRARO,EQ,,,,,CARRARO INDIA LIMITED,535.00,535.05,522.30,523.70,525.90,535.00,,523.69,,,62260,32807714.10,9015,F1,1,,,,,
2026-09-28,2026-09-28,CM,NSE,STK,5407,INE290S01011,CARTRADE,EQ,,,,,CARTRADE TECH LIMITED,2992.00,3009.00,2860.10,2880.10,2880.00,3002.60,,2879.99,,,332576,973871635.00,37591,F1,1,,,,,
2026-09-28,2026-09-28,CM,NSE,STK,1879,INE482D01024,CARYSIL,EQ,,,,,CARYSIL LIMITED,1064.10,1064.10,1034.00,1038.30,1036.00,1064.40,,1038.29,,,74140,77465872.70,7686,F1,1,,,,,
2026-09-28,2026-09-28,CM,NSE,STK,758129,INE0WL201014,CUDML,SM,,,,,CASH UR DRIVE MARKETING L,100.10,101.50,100.10,101.45,101.40,101.15,,101.45,,,12000,1203950.00,11,F1,1000,,,,,
2026-09-28,2026-09-28,CM,NSE,STK,1250,INE172A01027,CASTROLIND,EQ,,,,,CASTROL INDIA LIMITED,201.90,203.40,199.32,201.04,201.00,201.67,,201.04,,,4886805,985460035.20,56557,F1,1,,,,,
2026-09-28,2026-09-28,CM,NSE,STK,11452,INE421D01022,CCL,EQ,,,,,CCL PRODUCTS (I) LTD,1038.00,1045.00,1025.70,1031.60,1045.00,1044.40,,1031.56,,,79845,82532597.20,13730,F1,1,,,,,
2026-09-28,2026-09-28,CM,NSE,STK,15254,INE482A01020,CEATLTD,EQ,,,,,CEAT LIMITED,3350.00,3352.20,3260.00,3274.70,3279.00,3352.20,,3274.75,,,60830,200945907.30,9027,F1,1,,,,,
2026-09-28,2026-09-28,CM,NSE,STK,757690,INE11J101017,CEDAAR,ST,,,,,CEDAAR TEXTILE LIMITED,11.40,11.40,10.90,10.90,10.90,10.90,,10.90,,,5000,55600.00,5,F1,1000,,,,,
2026-09-28,2026-09-28,CM,NSE,STK,24742,INE0AG901020,CEIGALL,EQ,,,,,CEIGALL INDIA LIMITED,387.00,387.00,374.00,378.55,378.55,384.10,,378.55,,,153927,58289400.60,3859,F1,1,,,,,
2026-09-28,2026-09-28,CM,NSE,STK,761037,INE016Q01014,CEINSYS,EQ,,,,,CEINSYS TECH LIMITED,689.95,694.45,678.00,685.15,685.00,687.45,,685.10,,,41550,28471015.65,2841,F1,1,,,,,
2026-09-28,2026-09-28,CM,NSE,STK,13162,INE185H01016,CELEBRITY,EQ,,,,,CELEBRITY FASHIONS LTD,6.82,6.82,6.40,6.68,6.72,6.63,,6.68,,,14854,98817.35,107,F1,1,,,,,
2026-09-28,2026-09-28,CM,NSE,STK,16950,INE0O0001013,CELLPOINT,SM,,,,,CELL POINT (INDIA) LTD,13.40,13.95,13.40,13.95,13.95,14.65,,13.95,,,4800,65460.00,4,F1,1200,,,,,
2026-09-28,2026-09-28,CM,NSE,STK,18806,INE0OMO01025,CELLECOR,SM,,,,,CELLECOR GADGETS LIMITED,29.50,30.15,29.45,29.45,29.45,29.60,,29.45,,,150000,4450500.00,45,F1,3000,,,,,
2026-09-28,2026-09-28,CM,NSE,STK,19795,INE0LMW01024,CELLO,EQ,,,,,CELLO WORLD LIMITED,338.45,340.35,327.65,332.60,330.00,338.50,,332.61,,,232646,77288565.70,12042,F1,1,,,,,
2026-09-28,2026-09-28,CM,NSE,STK,5622,INE686A01026,CEMPRO,EQ,,,,,CEMINDIA PROJECTS LIMITED,1243.00,1259.90,1220.00,1224.50,1233.30,1257.20,,1224.37,,,132371,163661265.50,15736,F1,1,,,,,
2026-09-28,2026-09-28,CM,NSE,STK,14894,INE483A01010,CENTRALBK,EQ,,,,,CENTRAL BANK OF INDIA,31.10,31.11,30.51,30.59,30.65,31.18,,30.59,,,4229654,130053097.42,14367,F1,1,,,,,
2026-09-28,2026-09-28,CM,NSE,STK,21174,INE736A01011,CDSL,EQ,,,,,CENTRAL DEPO SER (I) LTD,1318.00,1318.00,1286.30,1289.00,1289.00,1318.00,,1289.00,,,1109537,1440408636.00,51573,F1,1,,,,,
2026-09-28,2026-09-28,CM,NSE,STK,761581,INE05HV01027,CMPDI,EQ,,,,,CENTRAL MINE P N D INST L,209.90,209.90,203.78,204.58,204.70,210.20,,204.58,,,777876,160559870.78,16621,F1,1,,,,,
2026-09-28,2026-09-28,CM,NSE,STK,2454,INE660C01027,CENTRUM,EQ,,,,,CENTRUM CAPITAL LIMITED,21.14,21.24,20.70,20.85,21.04,21.24,,20.85,,,179927,3763208.72,655,F1,1,,,,,
2026-09-28,2026-09-28,CM,NSE,STK,14982,INE320B01020,CENTUM,EQ,,,,,CENTUM ELECTRONICS LTD,4775.00,4801.90,4538.90,4571.20,4558.50,4802.30,,4571.30,,,62217,288441379.00,13340,F1,1,,,,,
2026-09-28,2026-09-28,CM,NSE,STK,619,INE485A01015,CENTENKA,EQ,,,,,CENTURY ENKA LTD,570.95,574.70,550.35,553.05,553.20,570.95,,553.12,,,27044,15110289.95,1707,F1,1,,,,,
2026-09-28,2026-09-28,CM,NSE,STK,11511,INE281A01026,CENTEXT,EQ,,,,,CENTURY EXTRUSIONS LTD,18.52,18.56,17.98,18.14,18.11,18.56,,18.14,,,177362,3229973.26,829,F1,1,,,,,
2026-09-28,2026-09-28,CM,NSE,STK,766164,INE281A20018,CENTEXT-RE,BE,,,,,CENTURY EXTRUSIONS LTD,2.08,2.10,1.76,2.00,2.00,2.08,,2.00,,,129868,257375.91,372,F1,1,,,,,
2026-09-28,2026-09-28,CM,NSE,STK,13305,INE348B01021,CENTURYPLY,EQ,,,,,CENTURY PLYBOARDS (I) LTD,694.45,700.10,677.00,679.05,680.00,694.45,,679.12,,,59130,40467782.40,9394,F1,1,,,,,
2026-09-28,2026-09-28,CM,NSE,STK,15039,INE739E01017,CERA,EQ,,,,,CERA SANITARYWARE LTD,5300.00,5323.00,5165.00,5196.00,5200.00,5396.50,,5195.88,,,26598,138613968.50,7328,F1,1,,,,,
2026-09-28,2026-09-28,CM,NSE,STK,29016,INE345B01019,CEREBRAINT,BZ,,,,,CEREBRA INT TECH LTD,2.71,2.71,2.71,2.71,2.71,2.86,,2.71,,,7171,19433.41,28,F1,1,,,,,
2026-09-28,2026-09-28,CM,NSE,STK,628,INE486A01021,CESC,EQ,,,,,CESC LTD,139.69,139.84,135.90,136.18,136.40,139.86,,136.18,,,1339169,183357826.99,24176,F1,1,,,,,
2026-09-28,2026-09-28,CM,NSE,STK,760,INE067A01029,CGPOWER,EQ,,,,,CG POWER AND IND SOL LTD,881.60,885.95,863.30,865.00,865.00,886.00,,864.99,,,1878834,1638705152.10,34567,F1,1,,,,,
2026-09-28,2026-09-28,CM,NSE,STK,8546,INE427F01016,CHALET,EQ,,,,,CHALET HOTELS LIMITED,872.00,887.85,862.90,868.95,869.00,881.35,,868.97,,,69472,60475454.45,9951,F1,1,,,,,
2026-09-28,2026-09-28,CM,NSE,STK,3482,INE419D01026,CLSEL,EQ,,,,,CHAMAN LAL SETIA EXP LTD,296.70,296.70,283.10,285.75,287.00,294.70,,285.78,,,29859,8596193.25,1562,F1,1,,,,,
2026-09-28,2026-09-28,CM,NSE,STK,13731,INE06PV01010,CMNL,SM,,,,,CHAMAN METALLICS LIMITED,115.00,116.95,112.00,115.75,116.50,116.90,,115.75,,,20250,2326837.50,14,F1,750,,,,,
2026-09-28,2026-09-28,CM,NSE,STK,637,INE085A01013,CHAMBLFERT,EQ,,,,,CHAMBAL FERTILIZERS LTD,417.95,420.80,415.50,418.45,419.00,417.95,,418.45,,,399648,167225078.95,12821,F1,1,,,,,
2026-09-28,2026-09-28,CM,NSE,STK,29541,INE11HG01018,CHAMUNDA,SM,,,,,CHAMUNDA ELECTRICAL LTD,42.85,42.85,42.85,42.85,42.85,41.85,,42.85,,,3000,128550.00,1,F1,3000,,,,,
2026-09-28,2026-09-28,CM,NSE,STK,29633,INE0B2N01016,CHANDAN,SM,,,,,CHANDAN HEALTHCARE LTD,241.20,241.20,228.50,236.50,236.00,241.20,,236.50,,,48800,11460800.00,60,F1,800,,,,,
2026-09-28,2026-09-28,CM,NSE,STK,18654,INE0PT101017,CHAVDA,SM,,,,,CHAVDA INFRA LIMITED,71.90,71.90,68.00,68.05,68.00,73.30,,68.05,,,144000,9868500.00,53,F1,2000,,,,,
2026-09-28,2026-09-28,CM,NSE,STK,757991,INE0TGX01019,CHEMBONDCH,BE,,,,,CHEMBOND CHEMICAL LIMITED,256.15,259.45,242.25,242.40,242.50,254.95,,243.68,,,8932,2197462.75,166,F1,1,,,,,
2026-09-28,2026-09-28,CM,NSE,STK,14618,INE995D01025,CHEMBOND,EQ,,,,,CHEMBOND MATERIALTECH LTD,199.00,199.00,189.00,189.43,189.00,191.99,,189.47,,,9431,1806259.66,371,F1,1,,,,,
2026-09-28,2026-09-28,CM,NSE,STK,270,INE03YM01018,CHEMCON,EQ,,,,,CHEMCON SPECIAL CHEM LTD,232.00,233.99,220.28,220.81,221.55,227.84,,220.76,,,89506,20124597.26,4591,F1,1,,,,,
2026-09-28,2026-09-28,CM,NSE,STK,765045,INE298W01016,CHEMCRUX,EQ,,,,,CHEMCRUX ENTERPRISES LTD.,79.97,79.97,77.50,78.78,78.80,79.87,,78.45,,,12973,1017336.56,157,F1,1,,,,,
2026-09-28,2026-09-28,CM,NSE,STK,2799,INE783X01023,CHEMFAB,EQ,,,,,CHEMFAB ALKALIS LIMITED,354.00,362.95,335.00,340.55,343.00,352.65,,340.58,,,4883,1679374.60,321,F1,1,,,,,
2026-09-28,2026-09-28,CM,NSE,STK,5449,INE488A01050,CHEMPLASTS,EQ,,,,,CHEMPLAST SANMAR LIMITED,200.00,201.04,194.22,195.88,195.30,197.47,,195.88,,,342125,67518629.24,5771,F1,1,,,,,
2026-09-28,2026-09-28,CM,NSE,STK,2049,INE178A01016,CHENNPETRO,EQ,,,,,CHENNAI PETROLEUM CORP LT,1380.00,1445.60,1368.20,1408.10,1407.00,1376.40,,1408.10,,,2809248,3983658928.20,104447,F1,1,,,,,
2026-09-28,2026-09-28,CM,NSE,STK,9879,INE974B01016,CHEVIOT,EQ,,,,,CHEVIOT COMPANY LIMITED,1194.00,1194.00,1170.00,1187.90,1170.00,1182.80,,1187.65,,,1149,1359877.00,123,F1,1,,,,,
2026-09-28,2026-09-28,CM,NSE,STK,8866,INE102B01014,CHOICEIN,EQ,,,,,CHOICE INTERNATIONAL LTD,749.45,799.00,741.00,756.90,756.00,751.05,,756.88,,,403447,305967456.85,8568,F1,1,,,,,
2026-09-28,2026-09-28,CM,NSE,STK,759610,INF2KCX01012,CHOICEGOLD,EQ,,,,,CHOICEAMC - CHOICEGOLD,145.40,148.23,144.81,145.35,145.10,149.13,,145.35,,,5202,759919.10,149,F1,1,,,,,
2026-09-28,2026-09-28,CM,NSE,STK,21740,INE149A01033,CHOLAHLDNG,EQ,,,,,CHOLAMANDALAM FIN HOL LTD,1401.70,1411.50,1378.80,1390.40,1395.00,1400.60,,1390.41,,,182371,253849056.70,14029,F1,1,,,,,
2026-09-28,2026-09-28,CM,NSE,STK,685,INE121A01024,CHOLAFIN,EQ,,,,,CHOLAMANDALAM IN & FIN CO,1655.00,1660.40,1620.40,1634.20,1634.20,1662.70,,1634.21,,,1194338,1950676917.30,39123,F1,1,,,,,
2026-09-28,2026-09-28,CM,NSE,STK,14937,INE536H01010,CIEINDIA,EQ,,,,,CIE AUTOMOTIVE INDIA LTD,392.80,392.80,382.00,383.35,383.70,390.80,,383.36,,,172421,66447364.55,10599,F1,1,,,,,
2026-09-28,2026-09-28,CM,NSE,STK,27161,INE704H01022,CINELINE,EQ,,,,,CINELINE INDIA LIMITED,87.55,89.72,87.10,88.02,88.00,89.19,,88.01,,,10740,946329.72,419,F1,1,,,,,
2026-09-28,2026-09-28,CM,NSE,STK,8024,INE039B01026,CINEVISTA,EQ,,,,,CINEVISTA LIMITED,13.91,14.22,13.76,13.82,13.82,14.04,,13.82,,,7165,99472.66,71,F1,1,,,,,
2026-09-28,2026-09-28,CM,NSE,STK,694,INE059A01026,CIPLA,EQ,,,,,CIPLA LTD,1399.70,1405.00,1380.50,1383.70,1383.70,1399.70,,1383.71,,,711020,987209924.80,26653,F1,1,,,,,
2026-09-28,2026-09-28,CM,NSE,STK,763149,INE2Q7823014,CITIUSINVT,IV,,,,,CITIUS TRANSNET INV TRUST,117.50,118.80,116.10,117.30,116.62,116.92,,117.49,,,63512,7474249.45,145,F1,1,,,,,
2026-09-28,2026-09-28,CM,NSE,STK,5701,INE491A01021,CUB,EQ,,,,,CITY UNION BANK LTD,224.70,224.70,212.60,215.99,216.00,225.57,,215.99,,,4824507,1041537449.00,69231,F1,1,,,,,
2026-09-28,2026-09-28,CM,NSE,STK,20223,INE201M01029,CLEDUCATE,EQ,,,,,CL EDUCATE LIMITED,54.01,55.99,54.01,54.28,54.05,54.84,,54.30,,,7412,406366.08,146,F1,1,,,,,
2026-09-28,2026-09-28,CM,NSE,STK,758736,INE0UQ601012,CLASSICEIL,SM,,,,,CLASSIC ELECTRODE (IND) L,51.75,51.75,49.40,49.55,49.50,52.00,,49.55,,,28800,1442160.00,18,F1,1600,,,,,
2026-09-28,2026-09-28,CM,NSE,STK,754695,INE1QGM01024,CLAYCRAFT,SM,,,,,CLAY CRAFT INDIA LIMITED,172.00,182.00,169.55,174.15,174.10,171.20,,174.15,,,85200,15077430.00,120,F1,600,,,,,
2026-09-28,2026-09-28,CM,NSE,STK,13846,INE376C01038,CLCIND,BE,,,,,CLC INDUSTRIES LIMITED,45.30,45.30,43.04,43.22,43.22,45.30,,43.22,,,1068,47018.77,18,F1,1,,,,,
2026-09-28,2026-09-28,CM,NSE,STK,760183,INE647U01026,CLEANMAX,EQ,,,,,CLEAN MAX ENVIRO EN SOL L,1303.00,1475.00,1287.90,1373.10,1365.00,1393.40,,1373.38,,,15272105,20479635124.50,308446,F1,1,,,,,
2026-09-28,2026-09-28,CM,NSE,STK,5049,INE227W01023,CLEAN,EQ,,,,,CLEAN SCIENCE & TECH LTD,807.25,810.00,778.10,781.70,782.90,807.25,,781.25,,,195349,154179962.35,13970,F1,1,,,,,
2026-09-28,2026-09-28,CM,NSE,STK,760143,INE1EF801010,CSSL,SM,,,,,CLEAR SECURED SERVICES L,76.00,77.00,75.00,76.00,75.00,75.75,,76.00,,,4000,304000.00,4,F1,1000,,,,,
2026-09-28,2026-09-28,CM,NSE,STK,19676,INE981B01011,CMICABLES,BZ,,,,,CMI LIMITED,2.62,2.62,2.62,2.62,2.62,2.75,,2.49,,,4635,12143.70,16,F1,1,,,,,
2026-09-28,2026-09-28,CM,NSE,STK,30893,INE00WV01027,CMRGREEN,EQ,,,,,CMR GREEN TECHNOLOGIES L,222.60,223.70,218.05,221.77,220.06,224.49,,221.77,,,324806,71634585.38,10466,F1,1,,,,,
2026-09-28,2026-09-28,CM,NSE,STK,7603,INE925R01014,CMSINFO,EQ,,,,,CMS INFO SYSTEMS LIMITED,233.80,233.81,226.10,228.01,228.30,233.17,,227.95,,,450422,103136633.25,9335,F1,1,,,,,
2026-09-28,2026-09-28,CM,NSE,STK,20374,INE522F01014,COALINDIA,EQ,,,,,COAL INDIA LTD,426.40,429.30,421.20,422.50,422.50,426.10,,422.49,,,5492668,2336910760.50,93277,F1,1,,,,,
2026-09-28,2026-09-28,CM,NSE,STK,6006,INE377E01024,COASTCORP,EQ,,,,,COASTAL CORPORATION LTD,36.00,36.71,35.50,36.18,36.34,36.13,,36.18,,,80074,2886807.50,1153,F1,1,,,,,
2026-09-28,2026-09-28,CM,NSE,STK,21508,INE704P01025,COCHINSHIP,EQ,,,,,COCHIN SHIPYARD LIMITED,1370.20,1372.40,1327.00,1329.00,1329.00,1377.00,,1328.99,,,450410,606007361.40,22069,F1,1,,,,,
2026-09-28,2026-09-28,CM,NSE,STK,11165,INE335K01011,COFFEEDAY,EQ,,,,,COFFEE DAY ENTERPRISE LTD,30.29,30.60,29.83,29.92,30.00,30.29,,29.92,,,655665,19713911.19,1601,F1,1,,,,,
2026-09-28,2026-09-28,CM,NSE,STK,11543,INE591G01025,COFORGE,EQ,,,,,COFORGE LIMITED,1786.00,1786.00,1767.50,1773.00,1773.00,1784.00,,1773.00,,,1102782,1958377540.80,50208,F1,1,,,,,
2026-09-28,2026-09-28,CM,NSE,STK,17945,INE03QK01018,COHANCE,EQ,,,,,COHANCE LIFESCIENCES LTD,459.25,459.25,445.00,453.30,454.20,459.25,,453.32,,,568862,257619563.20,19893,F1,1,,,,,
2026-09-28,2026-09-28,CM,NSE,STK,15141,INE259A01022,COLPAL,EQ,,,,,COLGATE PALMOLIVE LTD.,1852.30,1857.90,1826.80,1845.90,1845.90,1855.80,,1845.57,,,427586,786732384.60,17479,F1,1,,,,,
2026-09-28,2026-09-28,CM,NSE,STK,762628,INE819A01049,COMFINTE,EQ,,,,,COMFORT INTECH LTD.,6.63,7.40,6.57,7.21,7.21,6.51,,7.21,,,3901800,27780990.61,3797,F1,1,,,,,
2026-09-28,2026-09-28,CM,NSE,STK,21578,INE073V01015,COMSYN,EQ,,,,,COMMERCIAL SYN BAGS LTD,288.20,297.50,277.70,280.85,279.00,282.85,,280.85,,,1051174,297682888.70,8728,F1,1,,,,,
2026-09-28,2026-09-28,CM,NSE,STK,19513,INE597Z01014,COMMITTED,SM,,,,,COMMITTED CARGO CARE LTD,322.00,322.00,315.10,317.00,317.00,322.55,,317.00,,,4800,1532160.00,5,F1,800,,,,,
2026-09-28,2026-09-28,CM,NSE,STK,764648,INE823B01015,COMPEAU,EQ,,,,,COMPETENT AUTOMOB CO. L,361.35,371.95,351.50,353.05,351.55,365.00,,359.09,,,139,49913.25,14,F1,1,,,,,
2026-09-28,2026-09-28,CM,NSE,STK,19670,INE070C01037,COMPINFO,BZ,,,,,COMPUAGE INFOCOM LTD,1.04,1.08,1.04,1.08,1.08,1.03,,1.08,,,8357,8919.06,25,F1,1,,,,,
2026-09-28,2026-09-28,CM,NSE,STK,31138,INE453B01029,COMPUSOFT,EQ,,,,,COMPUCOM SOFTWARE LTD,13.30,13.40,12.90,13.10,13.05,13.19,,13.10,,,16494,215237.39,183,F1,1,,,,,
2026-09-28,2026-09-28,CM,NSE,STK,342,INE596I01020,CAMS,EQ,,,,,COMPUTER AGE MNGT SER LTD,709.20,709.30,690.20,691.55,691.55,707.35,,691.55,,,826842,577524251.25,37563,F1,1,,,,,
2026-09-28,2026-09-28,CM,NSE,STK,18060,INE338H01029,CONCORDBIO,EQ,,,,,CONCORD BIOTECH LIMITED,1453.60,1453.60,1383.90,1392.70,1395.10,1453.60,,1392.79,,,109961,155025411.40,11398,F1,1,,,,,
2026-09-28,2026-09-28,CM,NSE,STK,28764,INE037Z01029,CEWATER,EQ,,,,,CONCORD ENVIRO SYSTEMS L,265.00,274.15,256.60,258.25,259.85,264.45,,258.24,,,42852,11190974.80,1613,F1,1,,,,,
2026-09-28,2026-09-28,CM,NSE,STK,764641,INE700F01024,CFEL,BE,,,,,CONFIDENCE FUTURIST ENE L,47.80,47.80,44.72,44.92,44.75,47.03,,44.92,,,11657,528246.54,89,F1,1,,,,,
2026-09-28,2026-09-28,CM,NSE,STK,10238,INE552D01024,CONFIPET,EQ,,,,,CONFIDENCE PETRO IND LTD.,88.27,88.80,84.36,85.65,85.70,88.28,,85.65,,,2014979,175079192.80,19935,F1,1,,,,,
2026-09-28,2026-09-28,CM,NSE,STK,758453,INE0EAS01014,CONNPLEX,SM,,,,,CONNPLEX CINEMAS LIMITED,255.55,255.55,246.50,248.80,249.40,256.50,,248.80,,,35200,8889080.00,40,F1,800,,,,,
2026-09-28,2026-09-28,CM,NSE,STK,14992,INE429I01024,CCCL,EQ,,,,,CONS. CONST. CONSORT LTD,13.32,13.57,13.21,13.38,13.49,13.32,,13.35,,,139389,1856468.38,374,F1,1,,,,,
2026-09-28,2026-09-28,CM,NSE,STK,11732,INE025A01027,CONSOFINVT,BE,,,,,CONSO. FIN. & HOLD. LTD.,286.00,286.80,276.05,276.10,278.00,285.10,,276.10,,,6398,1799661.15,57,F1,1,,,,,
2026-09-28,2026-09-28,CM,NSE,STK,4749,INE111A01025,CONCOR,EQ,,,,,CONTAINER CORP OF IND LTD,460.40,461.45,449.00,450.00,450.00,461.50,,450.00,,,874795,396283289.60,25766,F1,1,,,,,
2026-09-28,2026-09-28,CM,NSE,STK,17477,INE663B01015,CONTROLPR,EQ,,,,,CONTROL PRINT LIMITED,585.00,608.00,583.05,599.20,608.00,591.80,,599.14,,,27794,16490146.25,1112,F1,1,,,,,
2026-09-28,2026-09-28,CM,NSE,STK,8560,INE0HS001028,COOLCAPS,SM,,,,,COOL CAPS INDUSTRIES LTD,23.80,23.80,22.95,23.50,23.50,24.45,,23.50,,,81250,1902750.00,49,F1,1250,,,,,
2026-09-28,2026-09-28,CM,NSE,STK,4007,INE558D01021,CORALFINAC,EQ,,,,,CORAL INDIA FIN & HOUS LT,31.30,32.70,31.20,31.42,31.60,31.77,,31.42,,,7736,246772.26,75,F1,1,,,,,
2026-09-28,2026-09-28,CM,NSE,STK,15275,INE792I01017,CORDSCABLE,BE,,,,,CORDS CABLE INDUS LTD.,334.00,340.00,331.40,331.40,331.40,348.80,,331.40,,,21719,7215346.80,455,F1,1,,,,,
2026-09-28,2026-09-28,CM,NSE,STK,739,INE169A01031,COROMANDEL,EQ,,,,,COROMANDEL INTERNTL. LTD,1942.50,1954.00,1894.00,1899.10,1900.20,1963.90,,1899.08,,,58461,111715104.00,9769,F1,1,,,,,
2026-09-28,2026-09-28,CM,NSE,STK,760254,INE02ZQ01018,CORONA,EQ,,,,,CORONA REMEDIES LIMITED,2120.00,2121.00,2044.80,2053.30,2060.00,2117.70,,2053.32,,,17222,35687950.20,3439,F1,1,,,,,
2026-09-28,2026-09-28,CM,NSE,STK,742,INE757A01017,COSMOFIRST,EQ,,,,,COSMO FIRST LIMITED,846.30,852.45,833.70,842.75,844.00,849.40,,842.77,,,56362,47584439.30,2950,F1,1,,,,,
2026-09-28,2026-09-28,CM,NSE,STK,6385,INE652F01027,CCHHL,EQ,,,,,COUNTRY CLUB HOSP HOL LTD,13.15,13.80,12.75,12.83,12.80,13.14,,12.82,,,23613,309484.57,214,F1,1,,,,,
2026-09-28,2026-09-28,CM,NSE,STK,16989,INE695B01025,COUNCODOS,BE,,,,,COUNTRY CONDO S LIMITED,6.41,6.64,6.21,6.45,6.49,6.46,,6.46,,,38941,250048.00,160,F1,1,,,,,
2026-09-28,2026-09-28,CM,NSE,STK,20086,INE521J01018,CPCAP,EQ,,,,,CP CAPITAL LIMITED,154.00,156.89,148.25,150.22,152.00,153.93,,150.23,,,40031,6101352.84,763,F1,1,,,,,
2026-09-28,2026-09-28,CM,NSE,STK,2328,INF457M01133,CPSEETF,EQ,,,,,CPSE ETF,92.72,93.94,91.22,91.40,91.69,93.04,,91.40,,,778130,71428785.17,11107,F1,1,,,,,
2026-09-28,2026-09-28,CM,NSE,STK,2854,INE00LO01017,CRAFTSMAN,EQ,,,,,CRAFTSMAN AUTOMATION LTD,10735.00,10762.00,10402.00,10534.00,10555.00,10735.00,,10536.45,,,49460,520124461.00,20448,F1,1,,,,,
2026-09-28,2026-09-28,CM,NSE,STK,764653,INE145E01017,CRAVATEX,EQ,,,,,CRAVATEX LTD.,399.00,399.00,351.10,361.80,357.50,369.75,,358.45,,,701,262896.15,88,F1,1,,,,,
2026-09-28,2026-09-28,CM,NSE,STK,16419,INE0OFK01019,CRAYONS,SM,,,,,CRAYONS ADVERTISING LTD,25.50,25.70,25.50,25.70,25.70,24.50,,25.70,,,4000,102600.00,4,F1,1000,,,,,
2026-09-28,2026-09-28,CM,NSE,STK,9384,INE230B01021,CREATIVEYE,EQ,,,,,CREATIVE EYE LIMITED,6.00,6.24,5.65,5.72,5.87,6.19,,5.72,,,20647,119366.19,149,F1,1,,,,,
2026-09-28,2026-09-28,CM,NSE,STK,23468,INE0R7401011,CGRAPHICS,SM,,,,,CREATIVE GRAPHICS S IND L,137.45,160.00,134.00,147.60,147.00,134.05,,147.60,,,183200,26993200.00,144,F1,800,,,,,
2026-09-28,2026-09-28,CM,NSE,STK,11155,INE985W01018,CNL,EQ,,,,,CREATIVE NEWTECH LIMITED,1080.00,1101.30,1063.00,1072.70,1063.20,1098.20,,1072.82,,,14391,15584642.10,1782,F1,1,,,,,
2026-09-28,2026-09-28,CM,NSE,STK,765303,INE1KPX01025,CREDENT,SM,,,,,CREDENT CONNECT N CARE L,396.80,414.00,385.20,391.85,389.15,397.40,,391.85,,,108000,43614090.00,157,F1,600,,,,,
2026-09-28,2026-09-28,CM,NSE,STK,4421,INE741K01010,CREDITACC,EQ,,,,,CREDITACCESS GRAMEEN LTD,1294.00,1298.80,1252.30,1255.20,1257.40,1298.80,,1255.25,,,184340,233244272.90,18295,F1,1,,,,,
2026-09-28,2026-09-28,CM,NSE,STK,20878,INE220Q01020,MUFTI,EQ,,,,,CREDO BRANDS MARKETING L,72.00,72.28,68.60,69.49,69.50,72.14,,69.49,,,226314,15786606.37,2559,F1,1,,,,,
2026-09-28,2026-09-28,CM,NSE,STK,765053,INE716D01033,CRSL,BE,,,,,CRESSANDA RAILWAY SOLUT L,2.38,2.52,2.28,2.33,2.37,2.40,,2.33,,,862449,1995986.26,940,F1,1,,,,,
2026-09-28,2026-09-28,CM,NSE,STK,13900,INE559D01011,CREST,EQ,,,,,CREST VENTURES LIMITED,359.25,362.25,356.35,359.90,357.60,362.90,,359.90,,,606,217962.10,37,F1,1,,,,,
2026-09-28,2026-09-28,CM,NSE,STK,19097,INE203Y01012,CRESTO,EQ,,,,,CRESTO TECHNO LIMITED,22.79,24.23,22.30,23.83,23.71,22.03,,23.83,,,146873,3429400.26,802,F1,1,,,,,
2026-09-28,2026-09-28,CM,NSE,STK,757,INE007A01025,CRISIL,EQ,,,,,CRISIL LTD,4500.50,4706.20,4450.00,4650.60,4640.00,4520.00,,4650.57,,,135575,628308852.90,23407,F1,1,,,,,
2026-09-28,2026-09-28,CM,NSE,STK,757850,INE0S4R01014,CRIZAC,EQ,,,,,CRIZAC LIMITED,184.00,184.00,176.23,177.14,177.21,182.79,,177.12,,,97897,17392972.08,3755,F1,1,,,,,
2026-09-28,2026-09-28,CM,NSE,STK,17094,INE299U01018,CROMPTON,EQ,,,,,CROMPT GREA CON ELEC LTD,218.95,221.30,214.51,218.80,218.80,218.60,,218.77,,,2511271,548125098.90,31897,F1,1,,,,,
2026-09-28,2026-09-28,CM,NSE,STK,18263,INE00NH01017,CLSL,ST,,,,,CROP LIFE SCIENCE LIMITED,66.50,66.50,63.20,63.20,63.20,66.50,,63.20,,,4000,259400.00,2,F1,2000,,,,,
2026-09-28,2026-09-28,CM,NSE,STK,8083,INE491V01019,CROWN,EQ,,,,,CROWN LIFTERS LIMITED,122.00,122.00,112.27,113.72,114.90,119.36,,113.72,,,24588,2827791.24,552,F1,1,,,,,
2026-09-28,2026-09-28,CM,NSE,STK,14966,INE679A01013,CSBBANK,EQ,,,,,CSB BANK LIMITED,333.70,333.70,319.80,323.75,328.60,333.70,,323.79,,,316838,103136566.60,14091,F1,1,,,,,
2026-09-28,2026-09-28,CM,NSE,STK,10350,INE718F01018,CSLFINANCE,EQ,,,,,CSL FINANCE LIMITED,218.80,218.80,209.75,212.07,211.10,215.19,,212.11,,,19609,4161871.15,806,F1,1,,,,,
2026-09-28,2026-09-28,CM,NSE,STK,763753,INE0ZK601013,CSM,EQ,,,,,CSM TECHNOLOGIES LIMITED,102.80,102.80,97.50,98.31,98.45,102.35,,98.31,,,94703,9370083.70,1492,F1,1,,,,,
2026-09-28,2026-09-28,CM,NSE,STK,15078,INE0NR623014,CUBEINVIT,IV,,,,,CUBE HIGHWAYS TRUST,156.25,156.25,153.91,154.02,153.99,155.89,,154.02,,,1246697,192880585.10,3213,F1,1,,,,,
2026-09-28,2026-09-28,CM,NSE,STK,4064,INE144D01012,CUBEXTUB,EQ,,,,,CUBEX TUBINGS LTD,154.80,167.46,151.00,167.46,167.46,152.24,,167.46,,,1078676,176877162.39,8956,F1,1,,,,,
2026-09-28,2026-09-28,CM,NSE,STK,1901,INE298A01020,CUMMINSIND,EQ,,,,,CUMMINS INDIA LTD,4940.00,4940.00,4820.00,4855.00,4855.00,4945.00,,4854.54,,,469449,2278544040.50,51552,F1,1,,,,,
2026-09-28,2026-09-28,CM,NSE,STK,18520,INE509F01029,CUPID,EQ,,,,,CUPID LIMITED,270.10,272.50,261.40,264.50,264.05,270.00,,264.50,,,12661694,3347960734.20,80851,F1,1,,,,,
2026-09-28,2026-09-28,CM,NSE,STK,30191,INE117B01020,CURAA,BE,,,,,CURA TECHNOLOGIES LIMITED,75.00,75.00,68.40,72.50,72.50,72.00,,72.50,,,173,12704.73,10,F1,1,,,,,
2026-09-28,2026-09-28,CM,NSE,STK,759828,INE1BZN01016,CURIS,ST,,,,,CURIS LIFESCIENCES LTD,233.85,234.75,230.00,230.10,230.10,223.65,,230.10,,,14000,3259900.00,14,F1,1000,,,,,
2026-09-28,2026-09-28,CM,NSE,STK,758964,INE1CRQ01014,CURRENT,SM,,,,,CURRENT INFRAPROJECTS LTD,94.80,94.80,94.80,94.80,94.80,94.70,,94.80,,,1600,151680.00,1,F1,1600,,,,,
2026-09-28,2026-09-28,CM,NSE,STK,11845,INE278G01037,CYBERMEDIA,BE,,,,,CYBER MEDIA (INDIA) LTD.,20.08,20.08,19.18,19.18,19.18,20.18,,19.18,,,14488,279020.00,138,F1,1,,,,,
2026-09-28,2026-09-28,CM,NSE,STK,11447,INE075Z01011,CMRSL,SM,,,,,CYBER MEDIA RES & SER LTD,74.35,74.35,74.35,74.35,74.35,74.35,,74.35,,,2400,178440.00,2,F1,800,,,,,
2026-09-28,2026-09-28,CM,NSE,STK,6054,INE214A01019,CYBERTECH,BE,,,,,CYBERTECH SYSTEMS & SOFTW,137.90,138.70,135.20,135.44,135.30,137.88,,135.44,,,6471,879034.34,104,F1,1,,,,,
2026-09-28,2026-09-28,CM,NSE,STK,17187,INE055S01018,CYIENTDLM,EQ,,,,,CYIENT DLM LIMITED,925.00,941.90,913.05,917.95,924.00,931.40,,917.91,,,274823,254312925.95,23605,F1,1,,,,,
2026-09-28,2026-09-28,CM,NSE,STK,5748,INE136B01020,CYIENT,EQ,,,,,CYIENT LIMITED,1095.80,1099.10,1064.30,1082.30,1085.00,1094.70,,1082.29,,,246850,265531995.10,20870,F1,1,,,,,
2026-09-28,2026-09-28,CM,NSE,STK,16902,INE864X01013,DPWIRES,BE,,,,,D P WIRES LIMITED,157.00,166.50,157.00,158.41,158.03,163.43,,158.41,,,5768,926485.06,157,F1,1,,,,,
2026-09-28,2026-09-28,CM,NSE,STK,17851,INE250K01012,DLINKINDIA,EQ,,,,,D-LINK INDIA LTD,421.90,422.90,416.60,418.45,419.00,420.90,,418.45,,,29726,12451672.75,1810,F1,1,,,,,
2026-09-28,2026-09-28,CM,NSE,STK,936,INE266Y01019,DPABHUSHAN,EQ,,,,,D. P. ABHUSHAN LIMITED,1400.10,1404.00,1369.10,1388.20,1384.00,1417.70,,1388.23,,,13375,18494640.10,1263,F1,1,,,,,
2026-09-28,2026-09-28,CM,NSE,STK,17881,INE950I01011,DBCORP,EQ,,,,,D.B.CORP LTD,182.61,182.61,178.01,178.55,178.01,181.71,,178.56,,,41285,7413942.55,1532,F1,1,,,,,
2026-09-28,2026-09-28,CM,NSE,STK,772,INE016A01026,DABUR,EQ,,,,,DABUR INDIA LTD,386.50,386.50,381.85,385.75,385.75,385.60,,385.75,,,2851715,1097216335.70,22408,F1,1,,,,,
2026-09-28,2026-09-28,CM,NSE,STK,762636,INE928C01010,DAICHI,BE,,,,,DAI-ICHI KARKARIA LTD.,326.00,326.85,316.00,316.00,316.00,328.45,,316.18,,,325,102853.05,23,F1,1,,,,,
2026-09-28,2026-09-28,CM,NSE,STK,8075,INE00R701025,DALBHARAT,EQ,,,,,DALMIA BHARAT LIMITED,1692.00,1698.50,1650.00,1651.60,1652.00,1700.20,,1651.59,,,91040,151497732.90,14185,F1,1,,,,,
2026-09-28,2026-09-28,CM,NSE,STK,781,INE495A01022,DALMIASUG,EQ,,,,,DALMIA BHARAT SUG IN LTD,431.00,448.00,412.10,414.80,414.00,428.75,,414.82,,,523693,225693341.90,18038,F1,1,,,,,
2026-09-28,2026-09-28,CM,NSE,STK,28662,INE284H01025,DAMCAPITAL,EQ,,,,,DAM CAPITAL ADVISORS LTD,139.90,163.75,137.71,158.66,159.50,138.18,,158.66,,,18844708,2902575944.87,124896,F1,1,,,,,
2026-09-28,2026-09-28,CM,NSE,STK,17569,INE497D01022,DAMODARIND,BE,,,,,DAMODAR INDUSTRIES LTD,28.25,28.90,27.03,27.11,27.10,28.45,,27.11,,,10945,298691.37,73,F1,1,,,,,
2026-09-28,2026-09-28,CM,NSE,STK,1110,INE688Y01022,DANGEE,EQ,,,,,DANGEE DUMS LIMITED,3.32,3.54,2.94,2.94,2.94,3.26,,2.94,,,526284,1616939.77,556,F1,1,,,,,
2026-09-28,2026-09-28,CM,NSE,STK,25927,INE0YU901016,DANISH,SM,,,,,DANISH POWER LIMITED,951.00,955.00,920.00,926.30,933.00,947.60,,926.30,,,11850,11092057.50,69,F1,150,,,,,
2026-09-28,2026-09-28,CM,NSE,STK,757107,INE04Q901010,DCCL,SM,,,,,DAR CREDIT & CAPITAL LTD,41.05,41.05,41.05,41.05,41.05,41.85,,41.05,,,2000,82100.00,1,F1,2000,,,,,
2026-09-28,2026-09-28,CM,NSE,STK,7358,INE0IX101010,DATAPATTNS,EQ,,,,,DATA PATTERNS INDIA LTD,4418.80,4421.90,4261.10,4276.80,4280.00,4418.80,,4276.93,,,310265,1335443862.70,34694,F1,1,,,,,
2026-09-28,2026-09-28,CM,NSE,STK,11423,INE365B01017,DATAMATICS,EQ,,,,,DATAMATICS GLOBAL SER LTD,809.95,825.00,781.00,784.20,790.00,807.60,,784.18,,,116301,93776619.25,6017,F1,1,,,,,
2026-09-28,2026-09-28,CM,NSE,STK,21794,INE179G01029,DAVANGERE,EQ,,,,,DAVANGERE SUGAR COMPANY L,2.47,2.55,2.39,2.48,2.50,2.40,,2.48,,,21983093,54381993.13,6156,F1,1,,,,,
2026-09-28,2026-09-28,CM,NSE,STK,31111,INE921B01025,DBSTOCKBRO,BE,,,,,DB (INT) STOCK BROKERS,31.75,32.59,31.00,31.66,31.00,31.13,,31.55,,,8857,282754.01,61,F1,1,,,,,
2026-09-28,2026-09-28,CM,NSE,STK,11566,INE0A1101019,DCI,EQ,,,,,DC INFOTECH AND COMUN LTD,304.90,336.60,301.20,326.65,330.00,302.00,,326.62,,,448678,144861091.95,17247,F1,1,,,,,
2026-09-28,2026-09-28,CM,NSE,STK,13725,INE503A01015,DCBBANK,EQ,,,,,DCB BANK LIMITED,213.00,213.54,207.00,207.46,207.00,214.09,,207.46,,,1466242,305224503.19,42826,F1,1,,,,,
2026-09-28,2026-09-28,CM,NSE,STK,23524,INE0S8401018,DCG,ST,,,,,DCG CABLES & WIRES LTD,74.45,74.50,71.10,74.50,74.50,74.60,,74.50,,,7200,526980.00,6,F1,1200,,,,,
2026-09-28,2026-09-28,CM,NSE,STK,4775,INE891B01012,DCMFINSERV,EQ,,,,,DCM FINANCIAL SERVICES LT,5.15,5.15,4.75,5.06,4.92,5.02,,5.06,,,3712,18681.57,145,F1,1,,,,,
2026-09-28,2026-09-28,CM,NSE,STK,805,INE498A01018,DCM,EQ,,,,,DCM LTD,76.00,76.02,75.00,75.10,75.85,75.00,,75.10,,,2575,194915.79,36,F1,1,,,,,
2026-09-28,2026-09-28,CM,NSE,STK,11039,INE08KP01019,DCMNVL,EQ,,,,,DCM NOUVELLE LIMITED,179.99,179.99,170.20,173.11,175.00,179.15,,173.14,,,15180,2609423.68,520,F1,1,,,,,
2026-09-28,2026-09-28,CM,NSE,STK,760891,INE0OFM01015,DSFCL,EQ,,,,,DCM SHRIRAM FINE CHEM LTD,29.55,31.94,29.55,30.50,30.90,31.09,,30.51,,,58458,1768897.96,686,F1,1,,,,,
2026-09-28,2026-09-28,CM,NSE,STK,7325,INE843D01027,DCMSRIND,EQ,,,,,DCM SHRIRAM IND LTD,39.90,40.61,38.51,39.01,39.05,39.71,,39.01,,,357088,14114741.30,2874,F1,1,,,,,
2026-09-28,2026-09-28,CM,NSE,STK,760896,INE0OU201013,DCMSIL,EQ,,,,,DCM SHRIRAM INTERNATNL L,83.98,84.01,78.14,78.98,78.60,83.98,,78.97,,,151979,12150937.37,2254,F1,1,,,,,
2026-09-28,2026-09-28,CM,NSE,STK,811,INE499A01024,DCMSHRIRAM,EQ,,,,,DCM SHRIRAM LIMITED,978.40,979.10,942.00,944.60,945.80,974.30,,944.59,,,52544,50146197.60,5824,F1,1,,,,,
2026-09-28,2026-09-28,CM,NSE,STK,817,INE500A01029,DCW,EQ,,,,,DCW LTD,49.13,49.20,46.56,46.81,46.90,48.72,,46.81,,,1385706,65962455.99,7568,F1,1,,,,,
2026-09-28,2026-09-28,CM,NSE,STK,11895,INE0KL801015,DCXINDIA,EQ,,,,,DCX SYSTEMS LIMITED,161.56,161.75,158.62,159.24,159.25,161.99,,159.24,,,209370,33469383.48,4942,F1,1,,,,,
2026-09-28,2026-09-28,CM,NSE,STK,29098,INE0HR601026,DDEVPLSTIK,EQ,,,,,DDEV PLASTIKS IND LTD,256.15,258.60,251.00,252.60,252.00,256.15,,252.60,,,68604,17336758.05,2429,F1,1,,,,,
2026-09-28,2026-09-28,CM,NSE,STK,15449,INE0JWV01011,DENEERS,SM,,,,,DE NEERS TOOLS LIMITED,181.95,182.90,181.95,182.50,182.50,182.80,,182.50,,,3000,547290.00,5,F1,600,,,,,
2026-09-28,2026-09-28,CM,NSE,STK,4279,INE244A01016,DENORA,EQ,,,,,DE NORA INDIA LIMITED,769.90,790.00,732.50,738.00,737.65,766.50,,738.01,,,8879,6687918.70,1083,F1,1,,,,,
2026-09-28,2026-09-28,CM,NSE,STK,14838,INE583C01021,DECCANCE,EQ,,,,,DECCAN CEMENTS LIMITED,553.55,558.55,541.10,542.55,541.10,553.55,,542.19,,,5876,3208659.90,309,F1,1,,,,,
2026-09-28,2026-09-28,CM,NSE,STK,762638,INE945F01025,DECNGOLD,EQ,,,,,DECCAN GOLD MINES LTD.,213.00,213.92,204.20,205.10,204.94,213.00,,205.09,,,1084118,224488918.55,17142,F1,1,,,,,
2026-09-28,2026-09-28,CM,NSE,STK,25421,INE0S7C01019,DECCANTRAN,SM,,,,,DECCAN TRANSCON LEASING L,21.70,21.70,20.05,21.65,21.65,21.75,,21.65,,,6000,124440.00,4,F1,1200,,,,,
2026-09-28,2026-09-28,CM,NSE,STK,24154,INE841L01016,DEEDEV,EQ,,,,,DEE DEVELOPMENT ENG LTD,662.70,678.00,642.60,655.50,654.00,666.20,,655.55,,,112383,73908551.50,7179,F1,1,,,,,
2026-09-28,2026-09-28,CM,NSE,STK,22799,INE586O01011,DEEM,SM,,,,,DEEM ROLL TECH LIMITED,47.00,47.10,47.00,47.00,47.00,47.40,,47.00,,,5000,235100.00,5,F1,1000,,,,,
2026-09-28,2026-09-28,CM,NSE,STK,3292,INE0FHS01024,DEEPINDS,EQ,,,,,DEEP INDUSTRIES LIMITED,784.10,784.10,761.00,768.00,770.00,781.10,,767.81,,,157606,121532558.55,10763,F1,1,,,,,
2026-09-28,2026-09-28,CM,NSE,STK,765058,INE00IY01012,DEEP,BE,,,,,DEEP POLYMERS LTD.,45.50,46.00,44.25,44.38,44.50,45.50,,44.39,,,3383,151402.61,41,F1,1,,,,,
2026-09-28,2026-09-28,CM,NSE,STK,765931,INE1M2N01020,DEEPA,EQ,,,,,DEEPA JEWELLERS LIMITED,212.90,217.16,193.20,202.54,199.00,213.12,,202.54,,,13094617,2689845577.65,140566,F1,1,,,,,
2026-09-28,2026-09-28,CM,NSE,STK,25892,INE0OPA01027,DBEIL,EQ,,,,,DEEPAK BUILDERS & ENG I L,6.42,6.83,6.22,6.54,6.52,6.63,,6.54,,,285211,1883559.67,637,F1,1,,,,,
2026-09-28,2026-09-28,CM,NSE,STK,827,INE501A01019,DEEPAKFERT,EQ,,,,,DEEPAK FERTILIZERS & PETR,1367.00,1367.00,1336.00,1350.50,1364.00,1363.80,,1350.41,,,106981,144251294.50,8604,F1,1,,,,,
2026-09-28,2026-09-28,CM,NSE,STK,19943,INE288B01029,DEEPAKNTR,EQ,,,,,DEEPAK NITRITE LTD,1589.00,1589.00,1545.10,1550.80,1551.60,1587.10,,1550.82,,,100481,156617163.40,8899,F1,1,,,,,
2026-09-28,2026-09-28,CM,NSE,STK,22527,INE0SK801018,DELAPLEX,SM,,,,,DELAPLEX LIMITED,91.00,91.90,89.05,91.05,91.90,91.90,,91.05,,,9000,811380.00,15,F1,600,,,,,
2026-09-28,2026-09-28,CM,NSE,STK,9599,INE148O01028,DELHIVERY,EQ,,,,,DELHIVERY LIMITED,421.30,421.90,405.05,407.50,407.50,422.70,,407.60,,,4477983,1827829730.80,104139,F1,1,,,,,
2026-09-28,2026-09-28,CM,NSE,STK,24395,INE726L01027,DELPHIFX,BE,,,,,DELPHI WORLD MONEY LTD,6.51,6.51,6.51,6.51,6.51,6.20,,6.51,,,86228,561344.28,45,F1,1,,,,,
2026-09-28,2026-09-28,CM,NSE,STK,29092,INE0XRN01019,DELTIC,SM,,,,,DELTA AUTOCORP LIMITED,32.10,34.50,32.05,34.50,34.50,34.70,,34.50,,,7000,230200.00,5,F1,1000,,,,,
2026-09-28,2026-09-28,CM,NSE,STK,15044,INE124G01033,DELTACORP,EQ,,,,,DELTA CORP LIMITED,80.79,81.00,70.80,72.20,72.45,76.84,,72.20,,,13847267,1048031912.45,52624,F1,1,,,,,
2026-09-28,2026-09-28,CM,NSE,STK,1214,INE393A01011,DELTAMAGNT,EQ,,,,,DELTA MANUFACTURING LTD,59.00,59.00,55.61,55.87,56.90,57.16,,56.24,,,983,55675.12,72,F1,1,,,,,
2026-09-28,2026-09-28,CM,NSE,STK,17722,INE947J01015,DEN,EQ,,,,,DEN NETWORKS LTD,26.38,26.52,25.80,26.00,26.00,26.38,,26.00,,,297899,7758801.15,1267,F1,1,,,,,
2026-09-28,2026-09-28,CM,NSE,STK,29256,INE0R4L01018,DENTA,EQ,,,,,DENTA WATER N INFRA SOL L,278.00,278.00,266.80,267.70,267.35,276.70,,267.72,,,61072,16470353.80,2432,F1,1,,,,,
2026-09-28,2026-09-28,CM,NSE,STK,759079,INE0VOV01021,DEVX,EQ,,,,,DEV ACCELERATOR LIMITED,35.99,36.50,35.51,36.13,36.50,35.97,,36.13,,,124018,4461740.78,1000,F1,1,,,,,
2026-09-28,2026-09-28,CM,NSE,STK,8146,INE060X01034,DEVIT,EQ,,,,,DEV INFO TECHNOLOGY LTD,22.28,22.55,21.30,22.16,22.01,22.28,,22.16,,,30950,680814.31,632,F1,1,,,,,
2026-09-28,2026-09-28,CM,NSE,STK,5373,INE872J01023,DEVYANI,EQ,,,,,DEVYANI INTERNATIONAL LTD,134.73,135.17,128.31,131.09,131.25,135.02,,131.09,,,3775990,496827148.25,36838,F1,1,,,,,
2026-09-28,2026-09-28,CM,NSE,STK,764661,INE260R01016,DHABRIYA,BE,,,,,DHABRIYA POLYWOOD LTD.,483.00,492.90,467.00,471.90,468.00,484.20,,471.91,,,8560,4056807.30,155,F1,1,,,,,
2026-09-28,2026-09-28,CM,NSE,STK,10893,INE0I3401014,DBOL,EQ,,,,,DHAMPUR BIO ORGANICS LTD,123.80,125.28,119.71,122.77,124.00,122.25,,122.75,,,385520,47497351.99,7624,F1,1,,,,,
2026-09-28,2026-09-28,CM,NSE,STK,857,INE041A01016,DHAMPURSUG,EQ,,,,,DHAMPUR SUGAR MILLS LTD.,175.50,178.91,171.00,172.42,172.00,174.67,,172.44,,,987937,172933722.83,19822,F1,1,,,,,
2026-09-28,2026-09-28,CM,NSE,STK,11359,INE680A01011,DHANBANK,EQ,,,,,DHANLAXMI BANK LIMITED,28.99,29.41,27.86,28.23,28.15,29.31,,28.26,,,532281,15133065.73,3622,F1,1,,,,,
2026-09-28,2026-09-28,CM,NSE,STK,27723,INE0V9V01010,DHANLAXMI,SM,,,,,DHANLAXMI CROP SCIENCE L,25.00,26.90,25.00,25.25,25.00,25.30,,25.25,,,18000,453800.00,9,F1,2000,,,,,
2026-09-28,2026-09-28,CM,NSE,STK,24418,INE0M3I01029,DHANSA,ST,,,,,DHANSA LABS LIMITED,25.85,25.85,25.65,25.65,25.65,27.00,,25.65,,,8000,206000.00,4,F1,2000,,,,,
2026-09-28,2026-09-28,CM,NSE,STK,24409,INE435G01025,DHANUKA,EQ,,,,,DHANUKA AGRITECH LTD,964.35,968.90,951.00,954.40,951.30,964.35,,954.40,,,29923,28729185.15,6499,F1,1,,,,,
2026-09-28,2026-09-28,CM,NSE,STK,760492,INE2HJL01019,DHARARAIL,ST,,,,,DHARA RAIL PROJECTS LTD,142.95,143.00,138.10,138.90,138.10,140.40,,138.90,,,8000,1127550.00,7,F1,1000,,,,,
2026-09-28,2026-09-28,CM,NSE,STK,759203,INE278R01034,DHARAN,BZ,,,,,DHARAN INFRA-EPC LIMITED,0.15,0.15,0.14,0.14,0.15,0.14,,0.14,,,8518452,1220392.27,1054,F1,1,,,,,
2026-09-28,2026-09-28,CM,NSE,STK,24747,INE0YRN01025,DHARIWAL,SM,,,,,DHARIWALCORP LIMITED,28.35,28.45,26.25,26.30,26.30,27.10,,26.30,,,309000,8397300.00,64,F1,3000,,,,,
2026-09-28,2026-09-28,CM,NSE,STK,13001,INE00OQ01016,DHARMAJ,EQ,,,,,DHARMAJ CROP GUARD LTD,295.95,297.00,283.60,291.05,290.00,295.15,,291.05,,,26277,7614635.45,1187,F1,1,,,,,
2026-09-28,2026-09-28,CM,NSE,STK,765060,INE715T01031,DHATRE,EQ,,,,,DHATRE UDYOG LTD.,4.12,4.27,3.85,3.96,3.99,4.13,,3.96,,,70411,284962.77,299,F1,1,,,,,
2026-09-28,2026-09-28,CM,NSE,STK,764553,INE01NH01023,DHOOTTRANS,EQ,,,,,DHOOT TRANSMISSION LTD,1569.00,1578.00,1494.00,1504.20,1505.00,1560.50,,1504.23,,,711572,1091270017.40,47314,F1,1,,,,,
2026-09-28,2026-09-28,CM,NSE,STK,6858,INE506Z01015,DHRUV,EQ,,,,,DHRUV CONSULTANCY SER LTD,22.23,22.23,20.52,21.40,21.40,21.50,,21.40,,,2161,46050.17,29,F1,1,,,,,
2026-09-28,2026-09-28,CM,NSE,STK,22233,INE320L01011,DHUNINV,EQ,,,,,DHUNSERI INVESTMENTS LTD,981.00,988.65,960.30,968.50,965.50,982.80,,968.10,,,291,283924.90,50,F1,1,,,,,
2026-09-28,2026-09-28,CM,NSE,STK,6239,INE341R01014,DTIL,BE,,,,,DHUNSERI TEA & IND. LTD.,143.30,147.36,137.50,139.95,139.95,140.35,,141.63,,,2483,350892.40,105,F1,1,,,,,
2026-09-28,2026-09-28,CM,NSE,STK,15214,INE477B01010,DVL,EQ,,,,,DHUNSERI VENTURES LIMITED,289.75,292.95,281.00,281.90,281.85,289.75,,281.90,,,9785,2768656.05,353,F1,1,,,,,
2026-09-28,2026-09-28,CM,NSE,STK,18644,INE591D01014,DIAMINESQ,EQ,,,,,DIAMINES & CHEMICALS LTD,246.29,251.79,235.50,240.18,235.50,248.25,,240.20,,,3421,828157.61,186,F1,1,,,,,
2026-09-28,2026-09-28,CM,NSE,STK,18545,INE989C01038,DIACABS,BE,,,,,DIAMOND POWER INFRA LTD,353.00,353.80,337.00,339.25,339.00,354.50,,339.21,,,587309,200399218.95,7030,F1,1,,,,,
2026-09-28,2026-09-28,CM,NSE,STK,703,INE303A01010,DICIND,EQ,,,,,DIC INDIA LIMITED,656.50,666.90,634.00,637.15,637.10,656.50,,637.15,,,2080,1345202.75,156,F1,1,,,,,
2026-09-28,2026-09-28,CM,NSE,STK,24313,INE0JRD01019,DTL,SM,,,,,DIENSTEN TECH LIMITED,120.05,120.05,120.05,120.05,120.05,129.50,,120.05,,,1200,144060.00,1,F1,1200,,,,,
2026-09-28,2026-09-28,CM,NSE,STK,25672,INE184O01015,DIFFNKG,EQ,,,,,DIFFUSION ENGINEERS LTD,426.05,447.60,420.55,444.15,442.00,430.45,,444.15,,,170596,74628263.25,7161,F1,1,,,,,
2026-09-28,2026-09-28,CM,NSE,STK,10346,INE03JI01017,DGCONTENT,EQ,,,,,DIGICONTENT LIMITED,23.66,25.00,23.11,23.37,23.63,23.90,,23.14,,,39742,945304.70,182,F1,1,,,,,
2026-09-28,2026-09-28,CM,NSE,STK,21247,INE0PSC01024,DIGIDRIVE,EQ,,,,,DIGIDRIVE DISTRIBUTORS L,18.01,18.69,17.60,17.75,17.89,18.39,,17.76,,,26756,483993.63,217,F1,1,,,,,
2026-09-28,2026-09-28,CM,NSE,STK,19138,INE0QJ901011,DIGIKORE,SM,,,,,DIGIKORE STUDIOS LIMITED,35.55,35.90,34.85,35.80,35.90,35.55,,35.80,,,21200,750300.00,42,F1,400,,,,,
2026-09-28,2026-09-28,CM,NSE,STK,16683,INE927C01020,DIGISPICE,EQ,,,,,DIGISPICE TECHNOLOGIES LT,16.08,16.40,15.50,15.68,15.80,16.08,,15.68,,,38423,602726.53,399,F1,1,,,,,
2026-09-28,2026-09-28,CM,NSE,STK,757515,INE0U4701011,DIGITIDE,EQ,,,,,DIGITIDE SOLUTIONS LTD,79.40,79.40,75.01,76.55,78.80,78.57,,76.55,,,214070,16423621.19,2497,F1,1,,,,,
2026-09-28,2026-09-28,CM,NSE,STK,6136,INE731U01028,DIGJAMLMTD,BE,,,,,DIGJAM LTD,52.10,52.53,51.68,51.68,51.68,54.40,,51.68,,,3521,182606.13,46,F1,1,,,,,
2026-09-28,2026-09-28,CM,NSE,STK,641,INE016M01021,DNAMEDIA,EQ,,,,,DILIGENT MEDIA CORP LTD.,2.56,2.56,2.46,2.47,2.48,2.53,,2.47,,,9990,25030.32,72,F1,1,,,,,
2026-09-28,2026-09-28,CM,NSE,STK,18086,INE917M01012,DBL,EQ,,,,,DILIP BUILDCON LIMITED,412.00,412.45,402.60,406.90,406.10,412.45,,406.90,,,258357,105123275.00,8496,F1,1,,,,,
2026-09-28,2026-09-28,CM,NSE,STK,762643,INE131C01011,DISAQ,EQ,,,,,DISA INDIA LTD.,11779.00,12119.00,11679.00,11972.00,12100.00,11773.00,,11972.00,,,123,1462188.00,81,F1,1,,,,,
2026-09-28,2026-09-28,CM,NSE,STK,14537,INE836F01026,DISHTV,EQ,,,,,DISH TV INDIA LTD.,2.35,2.36,2.26,2.26,2.26,2.37,,2.26,,,4340622,9863613.54,2325,F1,1,,,,,
2026-09-28,2026-09-28,CM,NSE,STK,21704,INE385W01011,DCAL,EQ,,,,,DISHMAN CARBO AMCIS LTD,168.16,168.19,163.66,164.27,164.99,168.19,,164.30,,,80010,13237740.96,2003,F1,1,,,,,
2026-09-28,2026-09-28,CM,NSE,STK,14479,INE753U01022,DIVGIITTS,EQ,,,,,DIVGI TORQTRANSFER SYST L,1141.10,1242.00,1123.00,1218.60,1220.00,1154.60,,1218.58,,,376368,456566980.80,29904,F1,1,,,,,
2026-09-28,2026-09-28,CM,NSE,STK,10940,INE361B01024,DIVISLAB,EQ,,,,,DIVI S LABORATORIES LTD,9600.00,9655.00,9473.00,9550.00,9550.00,9619.50,,9549.81,,,380253,3634251526.50,45455,F1,1,,,,,
2026-09-28,2026-09-28,CM,NSE,STK,30262,INE0NA501011,DIVINEHIRA,ST,,,,,DIVINE HIRA JEWELLERS LTD,97.65,102.45,96.45,102.45,102.45,97.60,,102.45,,,43200,4336860.00,35,F1,1200,,,,,
2026-09-28,2026-09-28,CM,NSE,STK,24286,INE0SCO01019,DPEL,SM,,,,,DIVINE POWER ENERGY LTD,635.00,635.00,618.30,620.70,619.00,626.00,,620.70,,,28000,17467725.00,53,F1,500,,,,,
2026-09-28,2026-09-28,CM,NSE,STK,21690,INE935N01020,DIXON,EQ,,,,,DIXON TECHNO (INDIA) LTD,13325.00,13766.00,13234.00,13640.00,13640.00,13390.00,,13639.53,,,571209,7745946813.00,77236,F1,1,,,,,
2026-09-28,2026-09-28,CM,NSE,STK,12749,INE0B1K01014,DJML,EQ,,,,,DJ MEDIAPRINT & LOG LTD,70.53,72.10,69.93,71.35,70.62,71.85,,71.35,,,175786,12576044.29,1554,F1,1,,,,,
2026-09-28,2026-09-28,CM,NSE,STK,14732,INE271C01023,DLF,EQ,,,,,DLF LIMITED,680.00,680.00,663.55,663.55,663.55,683.00,,663.55,,,2765032,1847130374.35,50118,F1,1,,,,,
2026-09-28,2026-09-28,CM,NSE,STK,6973,INE505A01010,DMCC,EQ,,,,,DMCC SPECIALITY CHEMICALS,307.00,315.85,300.00,302.80,303.95,305.35,,302.82,,,144945,44620420.10,3511,F1,1,,,,,
2026-09-28,2026-09-28,CM,NSE,STK,22533,INE0OGG01015,DHTL,SM,,,,,DOCMODE HEALTH TECH LTD,25.00,26.20,25.00,25.75,25.75,25.65,,25.75,,,22400,579120.00,9,F1,800,,,,,
2026-09-28,2026-09-28,CM,NSE,STK,4822,INE021O01019,DODLA,EQ,,,,,DODLA DAIRY LIMITED,1044.50,1044.50,990.00,1008.70,1003.00,1039.40,,1008.84,,,30753,31172491.00,3684,F1,1,,,,,
2026-09-28,2026-09-28,CM,NSE,STK,12124,INE966A01022,DOLATALGO,EQ,,,,,DOLAT ALGOTECH LIMITED,67.50,67.60,65.60,65.79,66.26,67.48,,65.79,,,89435,5920998.32,1339,F1,1,,,,,
2026-09-28,2026-09-28,CM,NSE,STK,20560,INE325C01035,DOLLAR,EQ,,,,,DOLLAR INDUSTRIES LIMITED,270.45,272.00,265.35,269.50,268.00,270.45,,269.49,,,46477,12497308.55,1706,F1,1,,,,,
2026-09-28,2026-09-28,CM,NSE,STK,765977,INE0JHH01011,DOLLEX,EQ,,,,,DOLLEX AGROTECH LIMITED,39.00,39.00,35.45,36.10,36.40,36.05,,36.10,,,8118,294247.20,338,F1,1,,,,,
2026-09-28,2026-09-28,CM,NSE,STK,18139,INE920A01037,DOLPHIN,EQ,,,,,DOLPHIN OFF ENT (IND) L,667.05,681.90,633.50,648.00,653.00,687.45,,647.99,,,25918,17142214.40,2227,F1,1,,,,,
2026-09-28,2026-09-28,CM,NSE,STK,20551,INE321T01012,DOMS,EQ,,,,,DOMS INDUSTRIES LIMITED,2083.90,2088.60,2045.00,2046.50,2045.00,2083.00,,2046.55,,,31057,63960554.10,3733,F1,1,,,,,
2026-09-28,2026-09-28,CM,NSE,STK,13839,INE668D01028,DONEAR,EQ,,,,,DONEAR IND. LIMITED,81.10,83.10,81.10,81.58,81.60,82.64,,81.60,,,7204,591990.12,157,F1,1,,,,,
2026-09-28,2026-09-28,CM,NSE,STK,15423,INE360C01024,DPSCLTD,BE,,,,,DPSC LIMITED,7.08,7.08,6.72,6.99,7.00,6.97,,6.99,,,145154,1000069.00,552,F1,1,,,,,
2026-09-28,2026-09-28,CM,NSE,STK,29452,INE943P01029,AGARWALEYE,EQ,,,,,DR AGARWALS HEALTH CARE L,499.70,506.50,488.65,503.60,505.00,500.00,,503.63,,,341212,170280128.40,18399,F1,1,,,,,
2026-09-28,2026-09-28,CM,NSE,STK,762648,INE934C01018,DRAGARWQ,EQ,,,,,DR. AGARWAL'S EYE HOSP L,5214.00,5224.00,5138.00,5186.50,5190.00,5209.00,,5185.90,,,1182,6136648.00,432,F1,1,,,,,
2026-09-28,2026-09-28,CM,NSE,STK,11654,INE600L01024,LALPATHLAB,EQ,,,,,DR. LAL PATH LABS LTD.,1952.30,1965.20,1907.50,1942.10,1959.40,1952.30,,1942.09,,,137296,265558539.50,20174,F1,1,,,,,
2026-09-28,2026-09-28,CM,NSE,STK,881,INE089A01031,DRREDDY,EQ,,,,,DR. REDDY S LABORATORIES,1211.60,1229.80,1204.00,1221.00,1221.00,1201.00,,1221.02,,,3401676,4150087653.30,135653,F1,1,,,,,
2026-09-28,2026-09-28,CM,NSE,STK,2645,INE03RS01027,DRCSYSTEMS,EQ,,,,,DRC SYSTEMS INDIA LIMITED,12.75,12.83,12.50,12.52,12.53,12.69,,12.52,,,32354,407922.93,249,F1,1,,,,,
2026-09-28,2026-09-28,CM,NSE,STK,10859,INE0JS101016,DREAMFOLKS,EQ,,,,,DREAMFOLKS SERVICES LTD,64.57,64.57,61.70,62.03,62.23,63.31,,62.03,,,51969,3257072.89,1507,F1,1,,,,,
2026-09-28,2026-09-28,CM,NSE,STK,11271,INE506A01018,DREDGECORP,EQ,,,,,DREDGING CORP OF INDIA,979.70,985.00,934.20,941.40,940.80,984.80,,941.42,,,120105,114762700.70,8517,F1,1,,,,,
2026-09-28,2026-09-28,CM,NSE,STK,17372,INE0P7201019,DRONE,SM,,,,,DRONE DESTINATION LIMITED,33.50,33.60,33.10,33.45,33.45,33.45,,33.45,,,10500,351050.00,14,F1,500,,,,,
2026-09-28,2026-09-28,CM,NSE,STK,8772,INE891A01022,DSKULKARNI,BE,,,,,DS KULKARNI DEVELOPERS L,24.57,24.57,24.57,24.57,24.57,24.09,,24.57,,,2,49.14,1,F1,1,,,,,
2026-09-28,2026-09-28,CM,NSE,STK,778,INE055C01020,KEEPLEARN,EQ,,,,,DSJ KEEP LEARNING LTD,1.90,1.94,1.82,1.87,1.84,1.85,,1.87,,,108318,202704.36,121,F1,1,,,,,
2026-09-28,2026-09-28,CM,NSE,STK,1927,INF740KA1EU7,LIQUIDETF,EQ,,,,,DSP LIQUID ETF,999.99,1000.01,999.99,999.99,1000.00,999.99,,999.99,,,153338,153337835.40,191,F1,1,,,,,
2026-09-28,2026-09-28,CM,NSE,STK,761364,INF740KA1YH2,BANK10ADD,EQ,,,,,DSPAMC - BANK10ADD,16.44,16.44,16.13,16.19,16.22,16.44,,16.19,,,2703154,43760449.50,341,F1,1,,,,,
2026-09-28,2026-09-28,CM,NSE,STK,13644,INF740KA1RX3,BANKADD,EQ,,,,,DSPAMC - DSPBANK,56.70,56.70,55.72,55.83,55.94,57.02,,55.83,,,17441,976944.61,168,F1,1,,,,,
2026-09-28,2026-09-28,CM,NSE,STK,15356,INF740KA1ZP2,GOLDADD,EQ,,,,,DSPAMC - DSPGOLD,14.40,14.42,14.17,14.24,14.27,14.62,,14.24,,,7758973,110468463.23,20093,F1,1,,,,,
2026-09-28,2026-09-28,CM,NSE,STK,17207,INF740KA1SX1,ITADD,EQ,,,,,DSPAMC - DSPIT,29.94,30.40,29.60,29.90,30.01,29.90,,29.90,,,12507,372399.81,148,F1,1,,,,,
2026-09-28,2026-09-28,CM,NSE,STK,6606,INF740KA1QK2,EQUAL50ADD,EQ,,,,,DSPAMC - DSPNEWETF,334.89,334.89,326.09,327.00,327.93,332.75,,326.91,,,105874,34687785.76,766,F1,1,,,,,
2026-09-28,2026-09-28,CM,NSE,STK,7451,INF740KA1CL0,NIFTYADD,EQ,,,,,DSPAMC - DSPNIFTY,243.12,244.44,240.24,240.87,240.78,244.21,,240.87,,,11558,2788814.88,334,F1,1,,,,,
2026-09-28,2026-09-28,CM,NSE,STK,17616,INF740KA1SY9,PSUBANKADD,EQ,,,,,DSPAMC - DSPPSBKETF,83.89,83.89,81.31,81.39,81.47,83.89,,81.39,,,43119,3527887.87,531,F1,1,,,,,
2026-09-28,2026-09-28,CM,NSE,STK,17576,INF740KA1TA7,PVTBANKADD,EQ,,,,,DSPAMC - DSPPVBKETF,27.20,27.21,26.83,26.90,26.90,27.33,,26.94,,,114955,3098073.24,191,F1,1,,,,,
2026-09-28,2026-09-28,CM,NSE,STK,7456,INF740KA1ZF3,MIDQ50ADD,EQ,,,,,DSPAMC - DSPQ50ETF,23.97,25.24,23.93,24.01,24.06,24.23,,24.10,,,39502,948950.30,177,F1,1,,,,,
2026-09-28,2026-09-28,CM,NSE,STK,17613,INF740KA1SZ6,SENSEXADD,EQ,,,,,DSPAMC - DSPSENXETF,75.51,76.98,75.03,75.51,75.55,76.28,,76.72,,,3346,252785.90,59,F1,1,,,,,
2026-09-28,2026-09-28,CM,NSE,STK,10761,INF740KA1ZQ0,SILVERADD,EQ,,,,,DSPAMC - DSPSILVETF,21.48,21.63,21.12,21.19,21.29,22.04,,21.19,,,5491168,116760878.84,6336,F1,1,,,,,
2026-09-28,2026-09-28,CM,NSE,STK,759368,INF740KA1WU9,FLEXIADD,EQ,,,,,DSPAMC - FLEXIADD,9.60,9.90,9.50,9.60,9.62,9.71,,9.60,,,192532,1845479.11,638,F1,1,,,,,
2026-09-28,2026-09-28,CM,NSE,STK,763530,INF740KA1ZA4,FMCGADD,EQ,,,,,DSPAMC - FMCGADD,45.99,46.78,45.50,45.67,45.74,46.11,,45.67,,,9363,427137.40,209,F1,1,,,,,
2026-09-28,2026-09-28,CM,NSE,STK,22592,INF740KA1ZG1,HEALTHADD,EQ,,,,,DSPAMC - HEALTHADD,17.15,17.15,16.65,16.74,16.79,16.99,,16.74,,,24096,403936.08,266,F1,1,,,,,
2026-09-28,2026-09-28,CM,NSE,STK,23407,INF740KA1UM0,LIQUIDADD,EQ,,,,,DSPAMC - LIQUIDADD,1175.19,1175.19,1146.67,1146.67,1146.67,1146.53,,1146.67,,,412583,473105674.63,766,F1,1,,,,,
2026-09-28,2026-09-28,CM,NSE,STK,764428,INF740KA1ZH9,MIDBANKADD,EQ,,,,,DSPAMC - MIDBANKADD,17.00,17.00,16.47,16.52,16.53,16.84,,16.52,,,278111,4607783.85,111,F1,1,,,,,
2026-09-28,2026-09-28,CM,NSE,STK,760356,INF740KA1WW5,MIDCAPADD,EQ,,,,,DSPAMC - MIDCAPADD,23.10,23.10,22.14,22.18,22.23,23.40,,22.18,,,266994,5937216.95,365,F1,1,,,,,
2026-09-28,2026-09-28,CM,NSE,STK,759978,INF740KA1WV7,MSCIADD,EQ,,,,,DSPAMC - MSCIADD,28.17,28.45,28.10,28.45,28.45,28.58,,28.45,,,262,7378.07,7,F1,1,,,,,
2026-09-28,2026-09-28,CM,NSE,STK,29464,INF740KA1VE5,NEXT30ADD,EQ,,,,,DSPAMC - NEXT30ADD,42.12,42.12,41.15,41.31,41.39,41.92,,41.31,,,10412,430543.68,98,F1,1,,,,,
2026-09-28,2026-09-28,CM,NSE,STK,760599,INF740KA1XU7,NEXT50ADD,EQ,,,,,DSPAMC - NEXT50ADD,71.38,71.70,70.76,70.89,71.01,72.22,,70.89,,,5967,424557.43,95,F1,1,,,,,
2026-09-28,2026-09-28,CM,NSE,STK,760359,INF740KA1WX3,SMALLADD,EQ,,,,,DSPAMC - SMALLADD,18.46,18.46,17.95,17.99,17.96,18.28,,17.99,,,35148,633111.14,172,F1,1,,,,,
2026-09-28,2026-09-28,CM,NSE,STK,25171,INF740KA1UR9,TOP10ADD,EQ,,,,,DSPAMC - TOP10ADD,83.80,83.80,82.52,82.59,82.53,83.88,,82.59,,,356354,29502307.49,1100,F1,1,,,,,
2026-09-28,2026-09-28,CM,NSE,STK,13766,INE0LZO01015,DUCOL,SM,,,,,DUCOL ORGS AND COLOURS LT,115.05,115.05,115.00,115.00,115.00,130.50,,115.00,,,2400,276040.00,3,F1,800,,,,,
2026-09-28,2026-09-28,CM,NSE,STK,28952,INE741L01018,DUCON,EQ,,,,,DUCON INFRATECHNOLOGIES L,1.50,1.58,1.49,1.49,1.49,1.56,,1.49,,,4333245,6501580.20,699,F1,1,,,,,
2026-09-28,2026-09-28,CM,NSE,STK,5457,INE0HPK01020,DUGLOBAL,SM,,,,,DUDIGITAL GLOBAL LIMITED,21.00,21.00,20.25,20.25,20.25,21.40,,20.25,,,12500,256875.00,5,F1,2500,,,,,
2026-09-28,2026-09-28,CM,NSE,STK,24164,INE0OUW01013,DURLAX,SM,,,,,DURLAX TOP SURFACE LTD,65.75,67.00,63.70,65.85,65.85,65.75,,65.85,,,106000,6979800.00,43,F1,2000,,,,,
2026-09-28,2026-09-28,CM,NSE,STK,11667,INE366A01041,DWARKESH,EQ,,,,,DWARIKESH SUGAR IND LTD,45.49,45.78,43.10,43.37,43.40,45.01,,43.37,,,2791461,123909233.48,14789,F1,1,,,,,
2026-09-28,2026-09-28,CM,NSE,STK,25690,INE417B01040,DSSL,EQ,,,,,DYNACONS SYS & SOLN LTD,1035.00,1041.80,1006.30,1011.30,1015.00,1021.20,,1011.01,,,18485,18871019.60,2230,F1,1,,,,,
2026-09-28,2026-09-28,CM,NSE,STK,4525,INE221B01012,DYNAMATECH,EQ,,,,,DYNAMATIC TECHNOLOGIES,13380.00,13500.00,13014.00,13139.00,13200.00,13153.00,,13138.69,,,44529,590249043.00,16975,F1,1,,,,,
2026-09-28,2026-09-28,CM,NSE,STK,10417,INE600Y01019,DYCL,EQ,,,,,DYNAMIC CABLES LIMITED,449.95,451.45,432.10,435.15,435.25,456.95,,435.15,,,348830,153557343.05,11960,F1,1,,,,,
2026-09-28,2026-09-28,CM,NSE,STK,21314,INE256H01015,DYNPRO,EQ,,,,,DYNEMIC PRODUCTS LIMITED,230.45,231.45,223.52,224.70,224.00,229.22,,224.70,,,12296,2809072.15,290,F1,1,,,,,
2026-09-28,2026-09-28,CM,NSE,STK,19267,INE0KFF01017,EFACTOR,SM,,,,,E FACTOR EXPERIENCES LTD,171.15,177.85,168.00,177.85,177.85,171.15,,177.85,,,25600,4373960.00,50,F1,400,,,,,
2026-09-28,2026-09-28,CM,NSE,STK,760531,INE1CEJ01017,E2ERAIL,SM,,,,,E TO E TRANS INFRA LTD,322.90,330.00,314.50,317.60,314.50,322.30,,317.60,,,68800,22184800.00,65,F1,800,,,,,
2026-09-28,2026-09-28,CM,NSE,STK,8940,INE255Z01027,E2E,BE,,,,,E2E NETWORKS LIMITED,650.00,650.00,622.25,625.90,629.00,652.15,,625.95,,,462181,292482377.40,9053,F1,1,,,,,
2026-09-28,2026-09-28,CM,NSE,STK,765065,INE595R01023,EASTWEST,EQ,,,,,EAST WEST FREIGHT CARRI L,2.35,2.41,2.25,2.29,2.34,2.40,,2.28,,,38866,90181.54,128,F1,1,,,,,
2026-09-28,2026-09-28,CM,NSE,STK,9769,INE962C01035,EASTSILK,BE,,,,,EASTERN SILK INDUSTRIES L,69.00,75.30,69.00,74.00,74.00,72.00,,74.00,,,1375,96939.90,14,F1,1,,,,,
2026-09-28,2026-09-28,CM,NSE,STK,2792,INE07O001026,EASEMYTRIP,EQ,,,,,EASY TRIP PLANNERS LTD,6.00,6.10,5.93,5.97,5.98,5.92,,5.97,,,14312003,86198390.87,9871,F1,1,,,,,
2026-09-28,2026-09-28,CM,NSE,STK,765073,INE432F01032,EBIX,BE,,,,,EBIX LIMITED,18.19,18.19,17.00,17.19,17.10,17.48,,17.18,,,19042,329975.69,104,F1,1,,,,,
2026-09-28,2026-09-28,CM,NSE,STK,15179,INE738I01010,ECLERX,EQ,,,,,ECLERX SERVICES LTD,1889.90,1890.00,1806.20,1816.20,1818.00,1898.80,,1816.28,,,298542,549988994.80,24066,F1,1,,,,,
2026-09-28,2026-09-28,CM,NSE,STK,764663,INE316A01038,ECORECO,EQ,,,,,ECO RECYCLING LTD.,418.80,418.80,400.00,404.80,403.60,418.80,,404.74,,,16026,6562312.05,1358,F1,1,,,,,
2026-09-28,2026-09-28,CM,NSE,STK,759961,INE0VBS01016,ECOLINE,SM,,,,,ECOLINE EXIM LIMITED,181.90,183.95,174.20,176.25,179.75,177.50,,176.25,,,14000,2506350.00,14,F1,1000,,,,,
2026-09-28,2026-09-28,CM,NSE,STK,25060,INE06HJ01020,ECOSMOBLTY,EQ,,,,,ECOS (INDIA) MOB & HOSP L,107.05,110.96,105.82,106.36,106.00,108.42,,106.38,,,83709,9006929.21,1749,F1,1,,,,,
2026-09-28,2026-09-28,CM,NSE,STK,7196,INF754K01OB1,BBETF0432,EQ,,,,,EDELAMC - BBETF0432,1336.00,1340.94,1330.99,1333.50,1332.53,1336.00,,1333.50,,,24975,33295210.54,168,F1,1,,,,,
2026-09-28,2026-09-28,CM,NSE,STK,764378,INF754K01XH9,EBANK10,EQ,,,,,EDELAMC - EBANK10,16.20,16.20,15.95,15.98,15.98,16.37,,16.06,,,2162,34592.54,21,F1,1,,,,,
2026-09-28,2026-09-28,CM,NSE,STK,25258,INF754K01TE4,EBANKNIFTY,EQ,,,,,EDELAMC - EBANKNIFTY,55.71,55.71,55.04,55.18,55.17,56.22,,55.18,,,10483,580095.45,51,F1,1,,,,,
2026-09-28,2026-09-28,CM,NSE,STK,16253,INF754K01KO2,EBBETF0430,EQ,,,,,EDELAMC - EBBETF0430,1610.00,1614.50,1599.31,1609.53,1606.80,1605.88,,1609.53,,,31927,51362377.64,605,F1,1,,,,,
2026-09-28,2026-09-28,CM,NSE,STK,22239,INF754K01LE1,EBBETF0431,EQ,,,,,EDELAMC - EBBETF0431,1438.26,1438.26,1421.40,1425.38,1424.00,1430.19,,1425.38,,,6335,9033779.18,108,F1,1,,,,,
2026-09-28,2026-09-28,CM,NSE,STK,13139,INF754K01QX0,EBBETF0433,EQ,,,,,EDELAMC - EBBETF0433,1304.00,1306.87,1297.01,1299.14,1297.07,1304.87,,1299.14,,,5341,6957067.07,188,F1,1,,,,,
2026-09-28,2026-09-28,CM,NSE,STK,29019,INF754K01TX4,ECAPINSURE,EQ,,,,,EDELAMC - ECAPINSURE,23.64,23.64,22.89,22.90,22.90,23.37,,22.90,,,166345,3813852.44,468,F1,1,,,,,
2026-09-28,2026-09-28,CM,NSE,STK,19933,INF754K01SE6,EGOLD,EQ,,,,,EDELAMC - EGOLD,149.05,149.05,145.80,146.55,146.75,150.40,,146.55,,,578210,84742773.95,745,F1,1,,,,,
2026-09-28,2026-09-28,CM,NSE,STK,759466,INF754K01VW2,ELIQUID,EQ,,,,,EDELAMC - ELIQUID,1049.57,1049.57,1049.55,1049.55,1049.55,1049.39,,1049.55,,,6182,6488338.05,12,F1,1,,,,,
2026-09-28,2026-09-28,CM,NSE,STK,758952,INF754K01VV4,ELM250,EQ,,,,,EDELAMC - ELM250,16.23,16.29,15.81,15.86,15.83,16.23,,15.86,,,101872,1624763.16,463,F1,1,,,,,
2026-09-28,2026-09-28,CM,NSE,STK,764367,INF754K01XI7,ELMDIV,EQ,,,,,EDELAMC - ELMDIV,34.92,35.26,34.55,34.76,34.76,35.14,,34.64,,,445,15552.70,21,F1,1,,,,,
2026-09-28,2026-09-28,CM,NSE,STK,764288,INF754K01XG1,EMETAL,EQ,,,,,EDELAMC - EMETAL,13.22,13.22,12.77,12.93,12.93,12.96,,12.93,,,16328,209805.28,66,F1,1,,,,,
2026-09-28,2026-09-28,CM,NSE,STK,25996,INF754K01TF1,EMULTIMQ,EQ,,,,,EDELAMC - EMULTIMQ,40.25,41.29,40.25,40.53,40.61,41.29,,40.53,,,32695,1335893.63,314,F1,1,,,,,
2026-09-28,2026-09-28,CM,NSE,STK,763540,INF754K01XF3,ENEXT50,EQ,,,,,EDELAMC - ENEXT50,71.76,71.80,69.85,70.40,70.40,71.76,,70.38,,,1558,110660.94,29,F1,1,,,,,
2026-09-28,2026-09-28,CM,NSE,STK,759998,INF754K01VX0,ENIFTY,EQ,,,,,EDELAMC - ENIFTY,22.77,23.52,22.77,23.07,23.09,23.36,,23.07,,,2890,66979.00,90,F1,1,,,,,
2026-09-28,2026-09-28,CM,NSE,STK,759995,INF754K01VY8,ESENSEX,EQ,,,,,EDELAMC - ESENSEX,74.08,74.50,73.50,73.54,73.54,74.65,,73.54,,,569,41899.83,40,F1,1,,,,,
2026-09-28,2026-09-28,CM,NSE,STK,20257,INF754K01SF3,ESILVER,EQ,,,,,EDELAMC - ESILVER,225.51,225.51,219.12,220.84,221.25,229.29,,220.84,,,87768,19395330.70,2949,F1,1,,,,,
2026-09-28,2026-09-28,CM,NSE,STK,15119,INE532F01054,EDELWEISS,EQ,,,,,EDELWEISS FIN SERV LTD,138.33,138.60,134.23,135.45,134.80,136.83,,135.46,,,6771515,923157601.61,48171,F1,1,,,,,
2026-09-28,2026-09-28,CM,NSE,STK,21747,INE216H01027,EDUCOMP,BZ,,,,,EDUCOMP SOLUTIONS LTD,0.86,0.90,0.82,0.90,0.90,0.86,,0.90,,,145645,126694.05,147,F1,1,,,,,
2026-09-28,2026-09-28,CM,NSE,STK,758675,INE886D01026,EFCIL,EQ,,,,,EFC (I) LIMITED,179.74,179.74,175.00,175.24,175.03,179.74,,175.24,,,113635,20082918.09,1952,F1,1,,,,,
2026-09-28,2026-09-28,CM,NSE,STK,24435,INE0U9101019,EFFWA,SM,,,,,EFFWA INFRA & RESEARCH L,356.00,356.00,330.00,348.85,349.90,356.20,,348.85,,,18800,6448000.00,35,F1,400,,,,,
2026-09-28,2026-09-28,CM,NSE,STK,910,INE066A01021,EICHERMOT,EQ,,,,,EICHER MOTORS LTD,7323.00,7323.00,7189.00,7213.50,7213.50,7360.00,,7213.52,,,423079,3062761447.00,35218,F1,1,,,,,
2026-09-28,2026-09-28,CM,NSE,STK,916,INE126A01031,EIDPARRY,EQ,,,,,EID PARRY INDIA LTD,706.00,708.40,694.15,706.45,708.00,704.75,,706.43,,,344029,241560110.55,19743,F1,1,,,,,
2026-09-28,2026-09-28,CM,NSE,STK,15399,INE276C01014,EIHAHOTELS,EQ,,,,,EIH ASSOCIATED HOTELS LTD,294.80,294.80,287.45,290.00,291.50,294.30,,290.05,,,12242,3550896.80,1042,F1,1,,,,,
2026-09-28,2026-09-28,CM,NSE,STK,919,INE230A01023,EIHOTEL,EQ,,,,,EIH LIMITED,296.95,296.95,289.30,295.10,295.00,294.70,,295.11,,,150656,44140850.90,6284,F1,1,,,,,
2026-09-28,2026-09-28,CM,NSE,STK,4040,INE158B01016,EIMCOELECO,EQ,,,,,EIMCO ELECON (INDIA) LTD,2315.00,2325.00,2257.60,2268.90,2258.90,2301.60,,2268.78,,,16841,38506170.80,2581,F1,1,,,,,
2026-09-28,2026-09-28,CM,NSE,STK,764668,INE0CPR01018,EKI,EQ,,,,,EKI ENERGY SERVICES LTD,102.79,106.00,90.90,91.15,91.99,100.99,,91.15,,,141967,13825372.60,2783,F1,1,,,,,
2026-09-28,2026-09-28,CM,NSE,STK,762653,INE280B01018,ELANTAS,EQ,,,,,ELANTAS BECK INDIA LTD.,14047.00,14047.00,13427.00,13819.00,13965.00,13881.00,,13819.89,,,2060,28147332.00,967,F1,1,,,,,
2026-09-28,2026-09-28,CM,NSE,STK,762658,INE927X01018,ELCIDIN,EQ,,,,,ELCID INVESTMENTS LTD.,103805.00,107200.00,103100.00,103500.00,103500.00,103800.00,,103500.00,,,7,732080.00,7,F1,1,,,,,
2026-09-28,2026-09-28,CM,NSE,STK,8953,INE668G01021,ELDEHSG,EQ,,,,,ELDECO HSG & IND LTD.,770.00,771.95,755.50,756.60,755.60,765.50,,757.42,,,443,336212.45,35,F1,1,,,,,
2026-09-28,2026-09-28,CM,NSE,STK,13643,INE205B01031,ELECON,EQ,,,,,ELECON ENG. CO. LTD,458.50,489.50,452.25,480.75,479.00,458.25,,480.75,,,6723720,3225416223.95,139253,F1,1,,,,,
2026-09-28,2026-09-28,CM,NSE,STK,20899,INE0Q1W01012,EFORCE,SM,,,,,ELECTRO FORCE (INDIA) LTD,18.15,18.50,18.15,18.50,18.50,18.05,,18.50,,,2400,43980.00,2,F1,1200,,,,,
2026-09-28,2026-09-28,CM,NSE,STK,11530,INE02YR01019,EMIL,EQ,,,,,ELECTRONICS MART IND LTD,203.50,204.50,190.15,192.89,193.05,200.22,,192.88,,,4333655,852035649.72,58422,F1,1,,,,,
2026-09-28,2026-09-28,CM,NSE,STK,12346,INE086A01029,ELECTCAST,BL,,,,,ELECTROSTEEL CASTINGS LTD,71.20,71.40,71.20,71.28,71.40,70.00,,71.40,,,18762000,1337378840.00,3,F1,999999999,,,,,
2026-09-28,2026-09-28,CM,NSE,STK,928,INE086A01029,ELECTCAST,EQ,,,,,ELECTROSTEEL CASTINGS LTD,72.34,73.71,70.10,72.35,72.40,72.34,,72.35,,,19655083,1420823478.17,23747,F1,1,,,,,
2026-09-28,2026-09-28,CM,NSE,STK,4469,INE822G01016,ELECTHERM,EQ,,,,,ELECTROTHERM (I) LTD.,850.00,870.00,786.05,806.65,805.10,873.35,,806.59,,,69918,56258583.95,2956,F1,1,,,,,
2026-09-28,2026-09-28,CM,NSE,STK,29595,INE0R9101015,ELGNZ,SM,,,,,ELEGANZ INTERIORS LIMITED,82.00,82.00,82.00,82.00,82.00,85.10,,82.00,,,2000,164000.00,2,F1,1000,,,,,
2026-09-28,2026-09-28,CM,NSE,STK,937,INE285A01027,ELGIEQUIP,EQ,,,,,ELGI EQUIPMENTS LTD,603.30,604.00,592.20,598.85,602.00,603.00,,598.84,,,142523,85103499.35,17698,F1,1,,,,,
2026-09-28,2026-09-28,CM,NSE,STK,24924,INE819L01012,ELGIRUBCO,EQ,,,,,ELGI RUBBER CO. LTD,55.68,55.68,52.01,52.25,52.07,54.96,,52.25,,,90720,4827107.04,1211,F1,1,,,,,
2026-09-28,2026-09-28,CM,NSE,STK,13423,INE050401020,ELIN,EQ,,,,,ELIN ELECTRONICS LIMITED,88.00,90.93,86.91,87.29,87.60,88.57,,87.29,,,65304,5720580.53,1400,F1,1,,,,,
2026-09-28,2026-09-28,CM,NSE,STK,762663,INE669R01026,ELITECON,EQ,,,,,ELITECON INTERNATIONAL L,8.63,9.40,8.63,8.63,8.63,9.08,,8.63,,,9726129,85371230.61,15703,F1,1,,,,,
2026-09-28,2026-09-28,CM,NSE,STK,758563,INE236E01022,ELLEN,EQ,,,,,ELLENBARRIE INDUS GASES L,375.35,382.85,357.00,359.05,360.00,368.50,,359.05,,,491837,179681245.15,13101,F1,1,,,,,
2026-09-28,2026-09-28,CM,NSE,STK,4471,INE579B01039,ELPROINTL,EQ,,,,,ELPRO INTERNATIONAL LTD,171.45,174.00,171.40,172.52,172.52,171.80,,172.51,,,9798,1690291.37,190,F1,1,,,,,
2026-09-28,2026-09-28,CM,NSE,STK,29229,INE0ZOL01023,EMAPARTNER,SM,,,,,EMA PARTNERS INDIA LTD,82.00,83.50,81.25,81.25,81.25,82.00,,81.25,,,10000,819950.00,8,F1,1000,,,,,
2026-09-28,2026-09-28,CM,NSE,STK,13517,INE548C01032,EMAMILTD,EQ,,,,,EMAMI LIMITED,388.00,390.05,379.95,388.75,387.10,389.25,,388.75,,,2032711,782947232.50,41408,F1,1,,,,,
2026-09-28,2026-09-28,CM,NSE,STK,10084,INE830C01026,EMAMIPAP,BE,,,,,EMAMI PAPER MILLS LIMITED,117.46,117.46,113.40,117.40,117.46,111.87,,117.40,,,65773,7672338.01,429,F1,1,,,,,
2026-09-28,2026-09-28,CM,NSE,STK,19277,INE778K01012,EMAMIREAL,EQ,,,,,EMAMI REALTY LIMITED,70.80,70.90,65.25,67.14,66.60,68.40,,67.15,,,2401,164565.43,68,F1,1,,,,,
2026-09-28,2026-09-28,CM,NSE,STK,14450,INE069I01010,EMBDL,EQ,,,,,EMBASSY DEVELOPMENTS LTD,58.07,58.27,55.73,56.03,55.90,58.07,,56.03,,,1625406,92332037.12,11027,F1,1,,,,,
2026-09-28,2026-09-28,CM,NSE,STK,9383,INE041025011,EMBASSY,RR,,,,,EMBASSY OFFICE PARKS REIT,439.80,440.00,435.06,437.66,436.45,437.66,,437.66,,,718282,314803732.04,16898,F1,1,,,,,
2026-09-28,2026-09-28,CM,NSE,STK,24398,INE168P01015,EMCURE,EQ,,,,,EMCURE PHARMACEUTICALS L,1935.00,1948.80,1918.10,1927.80,1922.10,1950.60,,1927.77,,,39044,75364393.20,9105,F1,1,,,,,
2026-09-28,2026-09-28,CM,NSE,STK,27629,INE0RHD01013,ETML,SM,,,,,EMERALD TYRE MANUF LTD,75.15,77.50,70.00,75.30,75.30,79.85,,75.30,,,16800,1254780.00,14,F1,1200,,,,,
2026-09-28,2026-09-28,CM,NSE,STK,13421,INE296H01011,EMKAY,EQ,,,,,EMKAY GLOBAL FIN SERV LTD,273.20,292.90,273.20,288.70,288.95,270.35,,288.72,,,282771,81229970.65,6709,F1,1,,,,,
2026-09-28,2026-09-28,CM,NSE,STK,10253,INE332S01011,EMKAYTOOLS,SM,,,,,EMKAY TAP & CUT. TOOL LTD,93.50,98.60,93.50,94.50,94.50,95.00,,94.50,,,3000,285142.50,13,F1,150,,,,,
2026-09-28,2026-09-28,CM,NSE,STK,758591,INE0PXC01024,ETL,SM,,,,,EMKAY TOOLS LIMITED,1224.95,1230.00,1170.00,1170.00,1170.00,1203.00,,1170.00,,,1500,1809292.50,10,F1,150,,,,,
2026-09-28,2026-09-28,CM,NSE,STK,18146,INE753K01015,EMMBI,BE,,,,,EMMBI INDUSTRIES LIMITED,87.00,90.00,85.01,89.17,87.80,87.01,,89.17,,,8293,730401.53,79,F1,1,,,,,
2026-09-28,2026-09-28,CM,NSE,STK,759728,INE1C6T01020,EMMVEE,EQ,,,,,EMMVEE PHOTOVOLTAIC PWR L,321.10,322.60,314.55,315.55,316.15,321.90,,315.55,,,1009042,319987226.60,29318,F1,1,,,,,
2026-09-28,2026-09-28,CM,NSE,STK,764673,INE515H01014,EMPIND,EQ,,,,,EMPIRE INDUSTRIES LTD.,1040.00,1056.00,1025.00,1041.40,1032.50,1037.40,,1039.36,,,1269,1310898.00,249,F1,1,,,,,
2026-09-28,2026-09-28,CM,NSE,STK,762670,INE507F01023,EMPOWER,EQ,,,,,EMPOWER INDIA LTD.,1.78,1.78,1.78,1.78,1.78,1.87,,1.78,,,3891622,6927087.16,1965,F1,1,,,,,
2026-09-28,2026-09-28,CM,NSE,STK,18593,INE0OV601013,EMSLIMITED,EQ,,,,,EMS LIMITED,351.00,353.15,340.00,342.55,342.00,354.90,,342.55,,,167167,57503367.45,5890,F1,1,,,,,
2026-09-28,2026-09-28,CM,NSE,STK,9756,INE01QM01018,EMUDHRA,EQ,,,,,EMUDHRA LIMITED,658.00,666.60,638.05,649.25,648.25,653.45,,649.28,,,447539,291633359.95,27750,F1,1,,,,,
2026-09-28,2026-09-28,CM,NSE,STK,760321,INE433T01015,ENCOMPAS,SM,,,,,ENCOMPASS DESIGN INDIA L,239.80,239.80,238.00,239.00,239.00,239.80,,239.00,,,23200,5524720.00,4,F1,400,,,,,
2026-09-28,2026-09-28,CM,NSE,STK,18822,INE913H01037,ENDURANCE,EQ,,,,,ENDURANCE TECHNO. LTD.,2646.00,2715.00,2606.50,2700.40,2700.00,2645.90,,2700.40,,,83166,222920407.00,19709,F1,1,,,,,
2026-09-28,2026-09-28,CM,NSE,STK,15049,INE306C01019,ENERGYDEV,EQ,,,,,ENERGY DEVE. CO.LTD,15.30,15.30,14.72,14.83,14.80,15.25,,14.84,,,11168,166078.10,251,F1,1,,,,,
2026-09-28,2026-09-28,CM,NSE,STK,23745,INE0S1L01013,EMMIL,SM,,,,,ENERGY MISSION MACH IND L,125.20,140.00,119.00,128.35,130.00,124.95,,128.35,,,38000,4947837.50,106,F1,250,,,,,
2026-09-28,2026-09-28,CM,NSE,STK,23224,INE0S3X01014,ENFUSE,SM,,,,,ENFUSE SOLUTIONS LIMITED,138.00,149.00,138.00,149.00,149.00,145.00,,149.00,,,1200,172200.00,2,F1,600,,,,,
2026-09-28,2026-09-28,CM,NSE,STK,4907,INE510A01028,ENGINERSIN,EQ,,,,,ENGINEERS INDIA LTD,316.90,321.40,309.00,313.90,313.30,315.65,,313.85,,,9838833,3094609219.50,101594,F1,1,,,,,
2026-09-28,2026-09-28,CM,NSE,STK,764678,INE130L01014,ENKEIWHEL,EQ,,,,,ENKEI WHEELS (INDIA) LTD.,380.50,402.05,374.50,392.85,398.00,388.20,,392.88,,,2266,886797.40,82,F1,1,,,,,
2026-09-28,2026-09-28,CM,NSE,STK,23230,INE0R9I01021,ENSER,SM,,,,,ENSER COMMUNICATIONS LTD,15.10,15.25,15.10,15.25,15.25,15.15,,15.25,,,15000,227500.00,3,F1,5000,,,,,
2026-09-28,2026-09-28,CM,NSE,STK,22717,INE010601016,ENTERO,EQ,,,,,ENTERO HEALTHCARE SOLU L,1805.00,1821.70,1746.20,1790.10,1779.50,1821.80,,1790.14,,,183547,326170732.40,22392,F1,1,,,,,
2026-09-28,2026-09-28,CM,NSE,STK,13192,INE265F01028,ENIL,EQ,,,,,ENTERTAIN NET. IND. LTD.,101.99,101.99,95.66,96.01,95.99,99.07,,96.01,,,42635,4138243.38,585,F1,1,,,,,
2026-09-28,2026-09-28,CM,NSE,STK,27213,INE0LLY01014,EIEL,EQ,,,,,ENVIRO INFRA ENGINEERS L,197.77,200.61,191.98,193.00,193.05,198.85,,193.00,,,431126,83860305.26,10727,F1,1,,,,,
2026-09-28,2026-09-28,CM,NSE,STK,25412,INE0SUH01015,ENVIRO,SM,,,,,ENVIROTECH SYSTEMS LTD,71.45,71.95,69.75,71.15,71.15,71.10,,71.15,,,6000,423850.00,6,F1,1000,,,,,
2026-09-28,2026-09-28,CM,NSE,STK,22463,INE0G5901015,EPACK,EQ,,,,,EPACK DURABLE LIMITED,182.00,184.25,177.41,178.23,178.00,180.32,,178.24,,,345012,62175463.80,6549,F1,1,,,,,
2026-09-28,2026-09-28,CM,NSE,STK,759251,INE0MLS01022,EPACKPEB,EQ,,,,,EPACK PREFAB TECHN LTD,246.00,248.49,240.45,241.74,242.00,245.38,,241.73,,,431352,105639540.09,20898,F1,1,,,,,
2026-09-28,2026-09-28,CM,NSE,STK,5382,INE071N01016,EPIGRAL,EQ,,,,,EPIGRAL LIMITED,1067.80,1068.90,1029.30,1038.00,1045.90,1060.60,,1037.84,,,28476,29794784.10,2815,F1,1,,,,,
2026-09-28,2026-09-28,CM,NSE,STK,981,INE255A01020,EPL,EQ,,,,,EPL LIMITED,238.10,238.10,233.10,235.00,236.35,238.10,,235.01,,,1174162,275524959.80,22453,F1,1,,,,,
2026-09-28,2026-09-28,CM,NSE,STK,758349,INE11HF01010,EEPL,ST,,,,,EPPELTONE ENGINEERS LTD,135.50,135.50,127.55,129.15,129.00,132.05,,129.15,,,9000,1168200.00,9,F1,1000,,,,,
2026-09-28,2026-09-28,CM,NSE,STK,761214,INE1KEC01023,EPWINDIA,SM,,,,,EPW INDIA LIMITED,240.00,240.00,236.00,239.00,239.00,240.50,,239.00,,,4800,1145940.00,4,F1,1200,,,,,
2026-09-28,2026-09-28,CM,NSE,STK,3553,INE217G01035,EQUIPPP,BE,,,,,EQUIPPP SOC IMP TECH LTD,22.50,23.00,21.80,21.85,22.89,22.86,,21.92,,,5194,114909.74,33,F1,1,,,,,
2026-09-28,2026-09-28,CM,NSE,STK,913,INE063P01018,EQUITASBNK,EQ,,,,,EQUITAS SMALL FIN BNK LTD,66.54,66.80,64.63,66.02,66.20,67.03,,66.02,,,2363096,155238952.80,21681,F1,1,,,,,
2026-09-28,2026-09-28,CM,NSE,STK,21154,INE406M01024,ERIS,EQ,,,,,ERIS LIFESCIENCES LIMITED,1258.00,1269.50,1231.10,1236.30,1240.00,1258.90,,1236.28,,,31386,38861123.30,6468,F1,1,,,,,
2026-09-28,2026-09-28,CM,NSE,STK,955,INE284A01012,ESABINDIA,EQ,,,,,ESAB INDIA LTD,5551.50,5556.00,5480.50,5518.50,5513.00,5527.00,,5518.48,,,1978,10918373.00,734,F1,1,,,,,
2026-09-28,2026-09-28,CM,NSE,STK,19884,INE818W01011,ESAFSFB,BE,,,,,ESAF SMALL FINANCE BANK L,45.00,45.00,42.50,43.00,43.02,42.86,,43.00,,,2453024,109450539.38,3520,F1,1,,,,,
2026-09-28,2026-09-28,CM,NSE,STK,22767,INE0RQZ01017,ESCONET,ST,,,,,ESCONET TECHNOLOGIES LTD,215.90,219.50,207.25,213.25,219.50,218.10,,213.25,,,27600,5870240.00,47,F1,400,,,,,
2026-09-28,2026-09-28,CM,NSE,STK,958,INE042A01014,ESCORTS,EQ,,,,,ESCORTS KUBOTA LIMITED,2844.00,2847.40,2729.70,2740.70,2755.00,2855.70,,2740.64,,,98486,272009796.40,13786,F1,1,,,,,
2026-09-28,2026-09-28,CM,NSE,STK,765553,INE0DRI01029,ESDS,EQ,,,,,ESDS SOFTWARE SOLUTION L,1672.50,1672.50,1672.50,1672.50,1672.50,1760.50,,1671.36,,,20558,34383255.00,1750,F1,1,,,,,
2026-09-28,2026-09-28,CM,NSE,STK,24678,INE0SBP01018,ESPRIT,SM,,,,,ESPRIT STONES LIMITED,63.00,63.00,62.00,62.00,62.00,63.75,,62.00,,,3200,200000.00,2,F1,1600,,,,,
2026-09-28,2026-09-28,CM,NSE,STK,25634,INE122M01019,ESSARSHPNG,EQ,,,,,ESSAR SHIPPING LTD,16.15,16.20,15.55,15.63,15.60,16.12,,15.66,,,94107,1493530.50,634,F1,1,,,,,
2026-09-28,2026-09-28,CM,NSE,STK,17084,INE0ITO01014,ESFL,SM,,,,,ESSEN SPECIALITY FILMS L,123.75,123.75,119.00,119.00,119.00,121.80,,119.00,,,3600,430830.00,6,F1,360,,,,,
2026-09-28,2026-09-28,CM,NSE,STK,24265,INE778B01029,ESTER,EQ,,,,,ESTER INDUSTRIES LTD,88.20,88.20,85.00,85.23,85.64,86.14,,85.23,,,30052,2571060.75,715,F1,1,,,,,
2026-09-28,2026-09-28,CM,NSE,STK,5097,INE758T01015,ETERNAL,EQ,,,,,ETERNAL LIMITED,335.05,335.10,328.45,330.95,330.95,335.00,,330.95,,,19560239,6460593787.75,209922,F1,1,,,,,
2026-09-28,2026-09-28,CM,NSE,STK,9750,INE04TZ01018,ETHOSLTD,EQ,,,,,ETHOS LIMITED,2565.60,2566.10,2490.00,2518.20,2526.00,2552.80,,2518.10,,,31536,79426101.90,8946,F1,1,,,,,
2026-09-28,2026-09-28,CM,NSE,STK,25162,INE0KCE01017,EUREKAFORB,EQ,,,,,EUREKA FORBES LIMITED,370.00,372.95,359.00,361.30,361.90,370.85,,361.31,,,125275,45607340.70,7549,F1,1,,,,,
2026-09-28,2026-09-28,CM,NSE,STK,6042,INE546V01010,EIFFL,BE,,,,,EURO (I) FRESH FOODS LTD,266.30,277.00,266.30,277.00,277.00,271.70,,277.00,,,4278,1153766.10,17,F1,1,,,,,
2026-09-28,2026-09-28,CM,NSE,STK,757953,INE505V01016,EUROBOND,EQ,,,,,EURO PANEL PRODUCTS LTD,145.25,151.80,145.25,149.93,150.00,150.56,,149.86,,,943,141198.52,36,F1,1,,,,,
2026-09-28,2026-09-28,CM,NSE,STK,759797,INE198501012,EUROPRATIK,EQ,,,,,EURO PRATIK SALES LIMITED,214.55,214.60,204.05,206.40,207.05,213.15,,206.42,,,99249,20598778.15,2972,F1,1,,,,,
2026-09-28,2026-09-28,CM,NSE,STK,999,INE022C01012,EUROTEXIND,EQ,,,,,EUROTEX INDUSTRIES LTD,12.90,12.92,12.10,12.92,12.92,11.75,,12.92,,,2600,33499.56,18,F1,1,,,,,
2026-09-28,2026-09-28,CM,NSE,STK,11782,INE128A01029,EVEREADY,EQ,,,,,EVEREADY INDS. IND.  LTD.,322.00,330.00,318.00,321.75,319.95,322.00,,321.63,,,37243,11924154.45,1808,F1,1,,,,,
2026-09-28,2026-09-28,CM,NSE,STK,6017,INE295A01018,EVERESTIND,BE,,,,,EVEREST INDUSTRIES LTD,429.95,434.50,416.15,422.05,421.95,426.30,,422.05,,,9671,4152694.60,108,F1,1,,,,,
2026-09-28,2026-09-28,CM,NSE,STK,13091,INE184H01027,EKC,EQ,,,,,EVEREST KANTO CYLINDERLTD,110.83,110.83,106.40,107.03,107.22,110.28,,107.02,,,230676,24785983.47,2765,F1,1,,,,,
2026-09-28,2026-09-28,CM,NSE,STK,11471,INE369A01029,EXCELINDUS,EQ,,,,,EXCEL INDUSTRIES LTD,928.00,965.40,924.00,942.80,945.10,928.90,,942.80,,,12794,12107151.80,1433,F1,1,,,,,
2026-09-28,2026-09-28,CM,NSE,STK,760007,INE606N01019,EXCELSOFT,EQ,,,,,EXCELSOFT TECHNOLOGIES L,87.60,87.60,84.00,84.13,84.00,86.62,,84.12,,,987832,83933026.66,9413,F1,1,,,,,
2026-09-28,2026-09-28,CM,NSE,STK,22947,INE777F01014,EXICOM,EQ,,,,,EXICOM TELE SYSTEMS LTD,162.35,162.88,155.05,156.07,156.05,160.99,,156.07,,,630042,99370844.29,7713,F1,1,,,,,
2026-09-28,2026-09-28,CM,NSE,STK,676,INE302A01020,EXIDEIND,EQ,,,,,EXIDE INDUSTRIES LTD,422.00,422.65,411.00,411.75,411.00,423.65,,411.76,,,946136,393659455.60,26899,F1,1,,,,,
2026-09-28,2026-09-28,CM,NSE,STK,760422,INE19I001020,EXIMROUTES,SM,,,,,EXIM ROUTES LIMITED,92.30,92.30,92.30,92.30,92.30,95.90,,92.30,,,800,73840.00,1,F1,800,,,,,
2026-09-28,2026-09-28,CM,NSE,STK,17486,INE201K01015,EXPLEOSOL,EQ,,,,,EXPLEO SOLUTIONS LIMITED,883.25,883.30,863.00,870.35,868.10,883.25,,870.46,,,11252,9799401.35,1352,F1,1,,,,,
2026-09-28,2026-09-28,CM,NSE,STK,5352,INE0GFE01026,EXXARO,EQ,,,,,EXXARO TILES LIMITED,6.16,6.27,6.00,6.15,6.16,6.21,,6.15,,,168741,1035290.89,577,F1,1,,,,,
2026-09-28,2026-09-28,CM,NSE,STK,760125,INE0HF201011,FABTECH,EQ,,,,,FABTECH TECHNOLOGIES LTD,149.90,149.90,142.56,144.26,144.00,145.83,,144.21,,,88065,12726148.31,1233,F1,1,,,,,
2026-09-28,2026-09-28,CM,NSE,STK,1008,INE188A01015,FACT,EQ,,,,,FACT LTD,777.90,779.70,760.00,767.50,766.50,777.90,,767.49,,,64977,49852828.95,6303,F1,1,,,,,
2026-09-28,2026-09-28,CM,NSE,STK,1619,INE0DNW01011,FAIRCHEMOR,BE,,,,,FAIRCHEM ORGANICS LIMITED,672.00,687.00,666.00,675.00,675.00,671.55,,675.00,,,4033,2717694.20,221,F1,1,,,,,
2026-09-28,2026-09-28,CM,NSE,STK,24150,INE0PQK01013,FALCONTECH,SM,,,,,FALCON TECHNOPROJ IND LTD,12.35,12.35,11.50,12.25,12.35,13.00,,12.25,,,14400,174300.00,12,F1,1200,,,,,
2026-09-28,2026-09-28,CM,NSE,STK,765368,INE1Q2D01019,FASCINATE,SM,,,,,FASCINATE TEXTILES LTD,63.95,63.95,63.95,63.95,63.95,60.95,,63.95,,,52000,3325400.00,37,F1,800,,,,,
2026-09-28,2026-09-28,CM,NSE,STK,12000,INE963C01033,FAZE3Q,EQ,,,,,FAZE THREE LIMITED,434.15,441.80,420.00,427.25,423.50,434.05,,427.25,,,11495,4921260.95,891,F1,1,,,,,
2026-09-28,2026-09-28,CM,NSE,STK,11999,INE512B01022,FCSSOFT,EQ,,,,,FCS SOFTWARE SOLN. LTD.,1.50,1.54,1.39,1.40,1.41,1.46,,1.40,,,3422073,4941788.60,2146,F1,1,,,,,
2026-09-28,2026-09-28,CM,NSE,STK,4898,INE258B01022,FDC,EQ,,,,,FDC LIMITED,343.00,345.55,337.40,343.60,341.85,341.00,,343.56,,,136780,46713106.60,4715,F1,1,,,,,
2026-09-28,2026-09-28,CM,NSE,STK,20322,INE007N01010,FEDFINA,EQ,,,,,FEDBANK FINANCIAL SER L,151.41,151.44,148.21,150.72,150.40,151.68,,150.72,,,1146789,171965770.99,20711,F1,1,,,,,
2026-09-28,2026-09-28,CM,NSE,STK,762675,INE417D01020,FEDDERSHOL,EQ,,,,,FEDDERS HOLDING LTD.,63.54,63.80,61.00,61.89,61.50,62.31,,61.88,,,3142774,195843009.25,15843,F1,1,,,,,
2026-09-28,2026-09-28,CM,NSE,STK,1023,INE171A01029,FEDERALBNK,EQ,,,,,FEDERAL BANK LTD,322.30,327.30,320.50,325.00,325.00,322.00,,324.98,,,7819379,2535847219.10,90079,F1,1,,,,,
2026-09-28,2026-09-28,CM,NSE,STK,1190,INE529A01010,FMGOETZE,EQ,,,,,FEDERAL-MOGUL GOETZE (IND,480.10,481.20,454.80,458.65,459.90,482.60,,458.70,,,165148,77194688.60,5670,F1,1,,,,,
2026-09-28,2026-09-28,CM,NSE,STK,573,INE901X01013,FELIX,SM,,,,,FELIX INDUSTRIES LTD.,206.00,206.00,198.00,198.00,198.00,202.45,,198.00,,,12500,2497850.00,20,F1,500,,,,,
2026-09-28,2026-09-28,CM,NSE,STK,762680,INE225B01021,FERMENTA,EQ,,,,,FERMENTA BIOTECH LTD.,470.00,497.55,426.30,479.30,490.00,468.40,,479.17,,,2216498,1050404007.50,39582,F1,1,,,,,
2026-09-28,2026-09-28,CM,NSE,STK,8159,INE296C01020,FIBERWEB,EQ,,,,,FIBERWEB INDIA LIMITED,26.24,27.49,26.24,26.40,26.37,26.54,,26.55,,,8868,235904.87,172,F1,1,,,,,
2026-09-28,2026-09-28,CM,NSE,STK,9858,INE0LQQ01019,FIDEL,SM,,,,,FIDEL SOFTECH LIMITED,168.00,168.00,168.00,168.00,168.00,168.00,,168.00,,,7000,1176000.00,3,F1,1000,,,,,
2026-09-28,2026-09-28,CM,NSE,STK,13710,INE737H01014,FIEMIND,EQ,,,,,FIEM INDUSTRIES LIMITED,1963.10,1976.80,1920.00,1926.00,1923.00,1965.50,,1926.02,,,39451,76418128.70,6566,F1,1,,,,,
2026-09-28,2026-09-28,CM,NSE,STK,23647,INE185E01021,FILATFASH,EQ,,,,,FILATEX FASHIONS LIMITED,0.19,0.19,0.18,0.18,0.19,0.18,,0.19,,,13629096,2516027.74,1687,F1,1,,,,,
2026-09-28,2026-09-28,CM,NSE,STK,24532,INE816B01035,FILATEX,EQ,,,,,FILATEX INDIA LTD,108.95,111.98,107.47,110.75,111.00,106.94,,110.76,,,5372095,590334396.57,31284,F1,1,,,,,
2026-09-28,2026-09-28,CM,NSE,STK,759776,INE0EDU01014,FINBUD,SM,,,,,FINBUD FINANCIAL SERV LTD,117.80,117.80,110.00,111.40,111.40,116.00,,111.40,,,49000,5453400.00,38,F1,1000,,,,,
2026-09-28,2026-09-28,CM,NSE,STK,3744,INE686Y01026,FINEORG,EQ,,,,,FINE ORGANIC IND. LTD.,5083.00,5170.50,5034.50,5124.00,5130.00,5083.00,,5123.93,,,36014,183732874.50,6961,F1,1,,,,,
2026-09-28,2026-09-28,CM,NSE,STK,6198,INE045J01034,FCL,EQ,,,,,FINEOTEX CHEMICAL LIMITED,61.33,61.40,56.86,57.40,57.55,60.48,,57.40,,,28793221,1671479523.57,87965,F1,1,,,,,
2026-09-28,2026-09-28,CM,NSE,STK,759239,INE734I01027,FINKURVE,EQ,,,,,FINKURVE FINANCIAL SERV L,68.00,71.74,68.00,69.32,69.00,69.31,,69.31,,,50688,3524235.73,748,F1,1,,,,,
2026-09-28,2026-09-28,CM,NSE,STK,6579,INE02NC01014,FINOPB,EQ,,,,,FINO PAYMENTS BANK LTD,128.88,128.88,126.20,127.23,127.80,128.25,,127.20,,,121176,15426359.09,1987,F1,1,,,,,
2026-09-28,2026-09-28,CM,NSE,STK,1038,INE235A01022,FINCABLES,EQ,,,,,FINOLEX CABLES LTD,1460.90,1460.90,1400.00,1408.10,1400.00,1460.90,,1408.12,,,431897,614104417.60,26980,F1,1,,,,,
2026-09-28,2026-09-28,CM,NSE,STK,1041,INE183A01024,FINPIPE,EQ,,,,,FINOLEX INDUSTRIES LTD,153.57,153.82,150.86,151.61,151.70,154.16,,151.60,,,282696,42929622.00,8883,F1,1,,,,,
2026-09-28,2026-09-28,CM,NSE,STK,14304,INE684F01012,FSL,EQ,,,,,FIRSTSOURCE SOLU. LTD.,260.50,260.55,255.05,256.00,255.85,259.45,,256.00,,,400591,103120519.15,14509,F1,1,,,,,
2026-09-28,2026-09-28,CM,NSE,STK,757658,INE771F01041,FISCHER,EQ,,,,,FISCHER MEDICAL VENTURE L,35.18,35.18,33.03,34.08,34.34,34.29,,34.08,,,782768,26865570.09,3941,F1,1,,,,,
2026-09-28,2026-09-28,CM,NSE,STK,12032,INE128S01021,FIVESTAR,EQ,,,,,FIVE-STAR BUS FIN LTD,518.55,524.00,513.40,518.35,518.05,520.95,,518.35,,,382316,198396957.85,20989,F1,1,,,,,
2026-09-28,2026-09-28,CM,NSE,STK,20372,INE00Y201027,FLAIR,EQ,,,,,FLAIR WRITING INDUST LTD,236.59,237.99,234.00,235.06,234.41,237.58,,235.06,,,53565,12618952.79,1962,F1,1,,,,,
2026-09-28,2026-09-28,CM,NSE,STK,25516,INE060J01017,FLEXITUFF,BE,,,,,FLEXITUFF VENTURES INT L,2.87,2.87,2.87,2.87,2.87,2.82,,2.88,,,4542,13035.54,18,F1,1,,,,,
2026-09-28,2026-09-28,CM,NSE,STK,758208,INE0VCK01011,FLYSBS,SM,,,,,FLYSBS AVIATION LIMITED,642.00,643.05,610.00,624.70,628.00,640.30,,624.70,,,129600,80755800.00,298,F1,200,,,,,
2026-09-28,2026-09-28,CM,NSE,STK,760331,INE0SQZ01015,FWSTC,SM,,,,,FLYWINGS SIMULAT T C LTD,166.00,173.00,165.00,173.00,173.00,175.45,,173.00,,,5400,903960.00,9,F1,600,,,,,
2026-09-28,2026-09-28,CM,NSE,STK,6839,INE593W01028,FOCUS,BE,,,,,FOCUS LIGHTG & FIXTRS LTD,59.44,59.76,57.50,58.73,58.05,59.44,,58.73,,,26017,1526381.55,179,F1,1,,,,,
2026-09-28,2026-09-28,CM,NSE,STK,22520,INE0Q4701019,FONEBOX,ST,,,,,FONEBOX RETAIL LIMITED,176.00,176.00,159.30,160.00,160.00,167.65,,160.00,,,50000,8323700.00,42,F1,1000,,,,,
2026-09-28,2026-09-28,CM,NSE,STK,6673,INE976E01023,FOODSIN,EQ,,,,,FOODS & INNS LIMITED,52.98,53.32,52.60,52.83,53.24,52.97,,52.83,,,46599,2461017.96,458,F1,1,,,,,
2026-09-28,2026-09-28,CM,NSE,STK,24917,INE0U2501017,FORCAS,ST,,,,,FORCAS STUDIO LIMITED,218.05,227.95,211.00,227.00,227.00,222.00,,227.00,,,16000,3519920.00,10,F1,1600,,,,,
2026-09-28,2026-09-28,CM,NSE,STK,11573,INE451A01017,FORCEMOT,EQ,,,,,FORCE MOTORS LIMITED,17321.00,17359.00,17042.00,17100.00,17100.00,17388.00,,17098.09,,,62439,1071365499.00,18859,F1,1,,,,,
2026-09-28,2026-09-28,CM,NSE,STK,25664,INE0YKW01013,FORGEAUTO,SM,,,,,FORGE AUTO INTERNATION L,101.00,101.00,101.00,101.00,101.00,101.00,,101.00,,,1200,121200.00,1,F1,1200,,,,,
2026-09-28,2026-09-28,CM,NSE,STK,14592,INE061F01013,FORTIS,EQ,,,,,FORTIS HEALTHCARE LTD,831.00,840.20,817.25,830.75,830.75,837.85,,830.75,,,2608914,2158769100.20,58782,F1,1,,,,,
2026-09-28,2026-09-28,CM,NSE,STK,1073,INE519A01011,FOSECOIND,EQ,,,,,FOSECO INDIA LTD,6488.00,6502.50,6257.00,6298.00,6303.00,6468.00,,6298.05,,,14930,94642189.00,4263,F1,1,,,,,
2026-09-28,2026-09-28,CM,NSE,STK,760961,INE212S01015,FRACTAL,EQ,,,,,FRACTAL ANALYTICS LIMITED,750.00,752.90,735.00,742.10,743.50,750.20,,742.12,,,108146,80169556.55,7277,F1,1,,,,,
2026-09-28,2026-09-28,CM,NSE,STK,764683,INE194R01017,FREDUN,EQ,,,,,FREDUN PHARMACEUTICALS L,1356.30,1399.00,1342.00,1387.00,1398.90,1356.60,,1387.37,,,44054,60614117.90,4853,F1,1,,,,,
2026-09-28,2026-09-28,CM,NSE,STK,25871,INE0SFW01015,FRESHARA,ST,,,,,FRESHARA AGRO EXPORTS LTD,430.45,430.50,407.00,419.65,419.65,410.00,,419.65,,,15600,6475230.00,24,F1,600,,,,,
2026-09-28,2026-09-28,CM,NSE,STK,11501,INE385O01018,FROG,SM,,,,,FROG INNOVATIONS LIMITED,270.00,273.50,261.00,267.90,270.00,269.65,,267.90,,,30400,8083300.00,65,F1,400,,,,,
2026-09-28,2026-09-28,CM,NSE,STK,762685,INE572D01014,FRONTSP,EQ,,,,,FRONTIER SPRINGS LTD.,1454.90,1544.00,1366.70,1447.00,1415.00,1438.80,,1446.89,,,131630,194779285.40,14637,F1,1,,,,,
2026-09-28,2026-09-28,CM,NSE,STK,6545,INE388Y01029,NYKAA,EQ,,,,,FSN E COMMERCE VENTURES,332.10,332.95,324.00,325.50,325.50,333.70,,325.50,,,3504134,1144373098.85,41788,F1,1,,,,,
2026-09-28,2026-09-28,CM,NSE,STK,759876,INE12UR01024,UTLSOLAR,EQ,,,,,FUJIYAMA POWER SYSTEMS L,418.00,421.75,400.05,409.05,409.95,422.10,,409.03,,,344148,140024459.90,16564,F1,1,,,,,
2026-09-28,2026-09-28,CM,NSE,STK,11932,INE139R01012,FUSION,EQ,,,,,FUSION FINANCE LIMITED,175.65,177.74,171.09,171.93,172.30,177.14,,171.94,,,260948,45030183.13,6892,F1,1,,,,,
2026-09-28,2026-09-28,CM,NSE,STK,14868,INE452O01016,FLFL,BZ,,,,,FUT LIFESTYLE FASH LTD,1.16,1.16,1.10,1.15,1.16,1.12,,1.15,,,18603,20993.49,66,F1,1,,,,,
2026-09-28,2026-09-28,CM,NSE,STK,13812,INE623B01027,FEL,BZ,,,,,FUTURE ENTERPRISES LTD,0.37,0.37,0.36,0.37,0.37,0.36,,0.40,,,316935,117136.25,90,F1,1,,,,,
2026-09-28,2026-09-28,CM,NSE,STK,30491,IN9623B01058,FELDVR,BZ,,,,,FUTURE ENTERPRISES LTD,2.09,2.09,1.90,2.00,2.00,2.00,,2.00,,,10234,20331.76,27,F1,1,,,,,
2026-09-28,2026-09-28,CM,NSE,STK,21017,INE360L01017,FMNL,EQ,,,,,FUTURE MKT NETWORKS LTD,8.20,8.20,7.83,7.94,8.05,8.00,,7.95,,,24976,198424.07,101,F1,1,,,,,
2026-09-28,2026-09-28,CM,NSE,STK,1168,INE075D01018,GMBREW,EQ,,,,,G M BREWERIES LTD,978.80,983.95,963.00,966.60,966.00,978.80,,966.63,,,61090,59320709.50,3521,F1,1,,,,,
2026-09-28,2026-09-28,CM,NSE,STK,5054,INE201P01022,GRINFRA,EQ,,,,,G R INFRAPROJECTS LIMITED,814.70,814.70,792.30,799.30,803.40,812.40,,799.44,,,13514,10852775.20,1404,F1,1,,,,,
2026-09-28,2026-09-28,CM,NSE,STK,1129,INE586X01012,GTECJAINX,EQ,,,,,G-TEC JAINX EDUCATION LTD,26.01,28.51,26.01,26.97,26.50,26.52,,26.97,,,34609,964212.09,112,F1,1,,,,,
2026-09-28,2026-09-28,CM,NSE,STK,1085,INE524A01029,GABRIEL,EQ,,,,,GABRIEL INDIA LTD,1386.70,1395.90,1344.20,1349.20,1355.00,1386.70,,1348.85,,,129660,176345556.60,12432,F1,1,,,,,
2026-09-28,2026-09-28,CM,NSE,STK,18018,INE224E01028,GATECH,BE,,,,,GACM TECHNOLOGIES LIMITED,0.70,0.73,0.67,0.73,0.73,0.70,,0.73,,,29506724,20681166.03,6919,F1,1,,,,,
2026-09-28,2026-09-28,CM,NSE,STK,27,INE224E01036,GATECHDVR,BE,,,,,GACM TECHNOLOGIES LIMITED,0.48,0.49,0.46,0.46,0.46,0.48,,0.47,,,372547,175445.77,268,F1,1,,,,,
2026-09-28,2026-09-28,CM,NSE,STK,4717,INE129A01019,GAIL,EQ,,,,,GAIL (INDIA) LTD,172.70,174.71,171.00,172.45,172.45,172.70,,172.43,,,11202821,1930804615.36,37868,F1,1,,,,,
2026-09-28,2026-09-28,CM,NSE,STK,765396,INE18UN01038,GAJA,EQ,,,,,GAJA ALT ASSET MGT LTD,144.80,144.80,139.50,140.93,140.99,142.26,,140.93,,,364817,51463869.25,5240,F1,1,,,,,
2026-09-28,2026-09-28,CM,NSE,STK,25244,INE0QTE01018,GAJANAND,SM,,,,,GAJANAND INTERNATIONAL L,7.35,7.50,7.35,7.50,7.50,7.35,,7.50,,,9000,66600.00,3,F1,3000,,,,,
2026-09-28,2026-09-28,CM,NSE,STK,25134,INE0RE001014,GALAPREC,EQ,,,,,GALA PRECISION ENG LTD,1150.00,1165.00,1125.00,1140.20,1145.00,1148.60,,1140.16,,,38862,44406718.80,4044,F1,1,,,,,
2026-09-28,2026-09-28,CM,NSE,STK,759089,INE09A801015,GML,SM,,,,,GALAXY MEDICARE LIMITED,17.65,17.70,17.65,17.70,17.70,16.95,,17.70,,,4000,70700.00,2,F1,2000,,,,,
2026-09-28,2026-09-28,CM,NSE,STK,1315,INE600K01018,GALAXYSURF,EQ,,,,,GALAXY SURFACTANTS LTD,2241.00,2249.40,2185.00,2190.70,2190.00,2261.30,,2190.64,,,15238,33567101.90,3036,F1,1,,,,,
2026-09-28,2026-09-28,CM,NSE,STK,13337,INE297H01019,GALLANTT,EQ,,,,,GALLANTT ISPAT LIMITED,539.10,545.85,534.35,536.55,535.00,545.10,,536.56,,,33004,17767419.10,2595,F1,1,,,,,
2026-09-28,2026-09-28,CM,NSE,STK,20303,INE717W01049,GANDHAR,EQ,,,,,GANDHAR OIL REFINE IND L,261.40,264.85,257.30,262.05,261.95,261.65,,262.06,,,448095,116964893.75,6624,F1,1,,,,,
2026-09-28,2026-09-28,CM,NSE,STK,14116,INE524B01027,GANDHITUBE,EQ,,,,,GANDHI SPL. TUBES LTD,982.00,986.15,950.00,952.50,951.40,966.50,,952.31,,,8185,7886812.35,1123,F1,1,,,,,
2026-09-28,2026-09-28,CM,NSE,STK,5617,INE388A01029,GANESHBE,BE,,,,,GANESH BENZOPLAST LIMITED,132.00,137.38,128.11,137.32,137.38,130.84,,137.29,,,583964,79045873.00,1780,F1,1,,,,,
2026-09-28,2026-09-28,CM,NSE,STK,759012,INE652V01016,GANESHCP,EQ,,,,,GANESH CONSUMER PRODUCT L,160.76,160.76,154.50,156.36,155.85,159.94,,156.37,,,167070,26177220.47,3385,F1,1,,,,,
2026-09-28,2026-09-28,CM,NSE,STK,24439,INE0R8C01018,GGBL,SM,,,,,GANESH GREEN BHARAT LTD,210.00,213.05,206.75,212.35,212.90,210.35,,212.35,,,14700,3081330.00,46,F1,300,,,,,
2026-09-28,2026-09-28,CM,NSE,STK,14339,INE460C01014,GANESHHOU,EQ,,,,,GANESH HOUSING LIMITED,732.00,732.00,707.10,718.55,724.80,734.75,,718.53,,,32272,23167737.45,2127,F1,1,,,,,
2026-09-28,2026-09-28,CM,NSE,STK,27339,INE0TVT01024,GANESHIN,SM,,,,,GANESH INFRAWORLD LIMITED,91.00,91.00,88.50,88.85,88.65,91.70,,88.85,,,46400,4132720.00,41,F1,800,,,,,
2026-09-28,2026-09-28,CM,NSE,STK,6944,INE845D01014,GANECOS,EQ,,,,,GANESHA ECOSPHERE LIMITED,1028.60,1036.00,1011.00,1019.20,1024.00,1028.60,,1019.28,,,44994,46064410.70,4019,F1,1,,,,,
2026-09-28,2026-09-28,CM,NSE,STK,757525,INE0ZI101018,GANGABATH,SM,,,,,GANGA BATH FITTINGS LTD,20.85,22.75,20.85,22.75,22.75,22.50,,22.75,,,12000,262650.00,4,F1,3000,,,,,
2026-09-28,2026-09-28,CM,NSE,STK,4957,INE691Z01023,GANGAFORGE,EQ,,,,,GANGA FORGING LIMITED,1.45,1.45,1.39,1.40,1.41,1.46,,1.40,,,2988270,4191086.71,1607,F1,1,,,,,
2026-09-28,2026-09-28,CM,NSE,STK,21399,INE335W01016,GANGESSECU,EQ,,,,,GANGES SECURITIES LIMITED,115.18,115.20,112.00,112.79,113.50,114.61,,113.29,,,338,38591.91,29,F1,1,,,,,
2026-09-28,2026-09-28,CM,NSE,STK,5475,INE382Z01011,GRSE,EQ,,,,,GARDEN REACH SHIP&ENG LTD,2316.00,2316.00,2236.80,2245.30,2249.60,2319.00,,2245.33,,,389363,877987363.80,36361,F1,1,,,,,
2026-09-28,2026-09-28,CM,NSE,STK,25800,INE0JVO01026,GARUDA,EQ,,,,,GARUDA CONSTRUCT N ENG L,180.23,180.23,176.13,178.81,178.00,176.87,,178.81,,,360896,64431050.54,6597,F1,1,,,,,
2026-09-28,2026-09-28,CM,NSE,STK,7982,INE291A01017,GRWRHITECH,EQ,,,,,GARWARE HI-TECH FILMS LTD,6609.50,6738.50,6526.50,6653.50,6680.00,6640.00,,6653.48,,,33997,226328233.50,8140,F1,1,,,,,
2026-09-28,2026-09-28,CM,NSE,STK,1100,INE276A01018,GARFIBRES,EQ,,,,,GARWARE TECH FIBRES LTD,773.50,779.95,762.00,772.85,779.95,773.50,,772.87,,,30304,23361205.35,4476,F1,1,,,,,
2026-09-28,2026-09-28,CM,NSE,STK,8510,INE079J01017,GATEWAY,EQ,,,,,GATEWAY DISTRIPARKS LTD,52.49,52.50,51.80,51.88,51.80,52.50,,51.88,,,668223,34746571.01,6448,F1,1,,,,,
2026-09-28,2026-09-28,CM,NSE,STK,760178,INE0P8B01020,GAUDIUMIVF,EQ,,,,,GAUDIUM IVF N WOMEN H L,115.96,115.96,111.00,112.20,113.35,115.22,,112.18,,,214341,24165709.87,2880,F1,1,,,,,
2026-09-28,2026-09-28,CM,NSE,STK,3693,INE287Z01012,GAYAHWS,EQ,,,,,GAYATRI HIGHWAYS LIMITED,1.88,1.88,1.82,1.84,1.84,1.85,,1.84,,,191409,353569.66,328,F1,1,,,,,
2026-09-28,2026-09-28,CM,NSE,STK,25023,INE336H01023,GAYAPROJ,EQ,,,,,GAYATRI PROJECTS LTD,23.20,23.20,21.77,21.96,22.30,22.91,,21.96,,,887945,19717367.24,3000,F1,1,,,,,
2026-09-28,2026-09-28,CM,NSE,STK,14052,INE0LVM01018,GRCL,SM,,,,,GAYATRI RUBB AND CHEM LTD,585.00,585.00,568.05,568.10,568.05,597.90,,568.10,,,1250,714400.00,5,F1,250,,,,,
2026-09-28,2026-09-28,CM,NSE,STK,7862,INE878A01011,GVPIL,EQ,,,,,GE POWER INDIA LIMITED,674.95,674.95,647.95,651.40,654.00,669.70,,651.43,,,113522,74679246.40,5347,F1,1,,,,,
2026-09-28,2026-09-28,CM,NSE,STK,16783,INE200A01026,GVT&D,EQ,,,,,GE VERNOVA T&D INDIA LTD,4307.00,4307.00,4175.00,4203.00,4203.00,4280.00,,4202.16,,,399176,1678345858.50,43562,F1,1,,,,,
2026-09-28,2026-09-28,CM,NSE,STK,13662,INE916G01016,GEECEE,BE,,,,,GEECEE VENTURES LIMITED,360.65,371.95,350.05,369.35,369.00,360.60,,369.35,,,2839,1033440.70,49,F1,1,,,,,
2026-09-28,2026-09-28,CM,NSE,STK,17922,INE669X01032,GEEKAYWIRE,EQ,,,,,GEEKAY WIRES LIMITED,32.90,33.11,31.50,31.87,31.60,32.90,,31.87,,,142126,4556214.35,975,F1,1,,,,,
2026-09-28,2026-09-28,CM,NSE,STK,759461,INE06XZ01023,GEMAROMA,EQ,,,,,GEM AROMATICS LIMITED,159.80,159.80,155.21,156.62,156.76,158.93,,156.63,,,47663,7504454.22,1074,F1,1,,,,,
2026-09-28,2026-09-28,CM,NSE,STK,277,INE481Y01014,GICRE,EQ,,,,,GENERAL INS CORP OF INDIA,339.00,339.00,328.20,329.30,328.60,337.50,,329.29,,,453673,150501783.60,15877,F1,1,,,,,
2026-09-28,2026-09-28,CM,NSE,STK,2188,INE854S01022,GENCON,EQ,,,,,GENERIC ENG CONS PROJ LTD,39.12,39.12,37.33,37.75,37.50,38.17,,37.75,,,294853,11184939.83,1195,F1,1,,,,,
2026-09-28,2026-09-28,CM,NSE,STK,10905,INE727B01026,GENESYS,EQ,,,,,GENESYS INTL CORPN LTD,286.17,288.71,272.68,282.13,286.10,286.17,,282.18,,,514678,144445662.23,10593,F1,1,,,,,
2026-09-28,2026-09-28,CM,NSE,STK,758842,INE06H201014,GENSOL,BZ,,,,,GENSOL ENGINEERING LTD,16.70,16.91,15.88,15.93,15.88,16.71,,15.94,,,146570,2371704.94,956,F1,1,,,,,
2026-09-28,2026-09-28,CM,NSE,STK,6600,INE949P01018,GENUSPAPER,EQ,,,,,GENUS P&B LIMITED,10.98,10.99,9.95,10.11,10.13,10.83,,10.11,,,504571,5279671.68,952,F1,1,,,,,
2026-09-28,2026-09-28,CM,NSE,STK,11905,INE955D01029,GENUSPOWER,EQ,,,,,GENUS POWER INFRASTRU LTD,305.60,305.60,292.85,294.05,296.00,305.70,,294.06,,,1266848,376122448.75,22393,F1,1,,,,,
2026-09-28,2026-09-28,CM,NSE,STK,31942,INE1W0N01014,GENXAI,SM,,,,,GENXAI ANALYTICS LIMITED,72.00,72.00,69.00,69.20,69.00,71.40,,69.20,,,20400,1429080.00,17,F1,1200,,,,,
2026-09-28,2026-09-28,CM,NSE,STK,11896,INE007B01023,GEOJITFSL,EQ,,,,,GEOJIT FINANCIAL SER L,80.81,80.81,78.12,78.30,78.34,81.51,,78.31,,,217175,17178618.50,2089,F1,1,,,,,
2026-09-28,2026-09-28,CM,NSE,STK,1289,INE538A01037,GFLLIMITED,EQ,,,,,GFL LIMITED,59.26,59.26,55.83,55.99,56.30,57.29,,55.99,,,56194,3179430.23,892,F1,1,,,,,
2026-09-28,2026-09-28,CM,NSE,STK,1127,INE539A01019,GHCL,EQ,,,,,GHCL LIMITED,415.15,418.70,410.00,410.60,411.10,419.80,,410.62,,,101368,41858363.20,3520,F1,1,,,,,
2026-09-28,2026-09-28,CM,NSE,STK,16696,INE0PA801013,GHCLTEXTIL,EQ,,,,,GHCL TEXTILES LIMITED,138.16,139.37,133.61,134.83,134.61,139.12,,134.83,,,613654,83166408.64,10065,F1,1,,,,,
2026-09-28,2026-09-28,CM,NSE,STK,1139,INE289B01019,GICHSGFIN,EQ,,,,,GIC HOUSING FINANCE LTD,137.97,138.09,135.20,135.72,135.70,137.32,,135.69,,,53092,7216300.97,842,F1,1,,,,,
2026-09-28,2026-09-28,CM,NSE,STK,17839,INE047B01011,GILLANDERS,EQ,,,,,GILLANDERS ARBUTHNOT LTD,112.00,112.37,106.08,107.38,107.50,108.69,,107.38,,,16194,1776543.06,181,F1,1,,,,,
2026-09-28,2026-09-28,CM,NSE,STK,1576,INE322A01010,GILLETTE,EQ,,,,,GILLETTE INDIA LTD,7054.50,7055.00,6900.50,6925.50,6925.00,7072.00,,6925.40,,,10574,73608861.50,3753,F1,1,,,,,
2026-09-28,2026-09-28,CM,NSE,STK,9294,INE424C01010,GINNIFILA,BE,,,,,GINNIFILAMENTS LTD.,42.49,43.48,40.37,40.41,40.50,42.49,,40.41,,,235014,9759505.48,298,F1,1,,,,,
2026-09-28,2026-09-28,CM,NSE,STK,2365,INE614Z01017,GIRIRAJ,SM,,,,,GIRIRAJ CIVIL DEVP LTD,63.90,70.60,63.90,65.15,65.15,67.25,,65.15,,,5000,337937.50,17,F1,250,,,,,
2026-09-28,2026-09-28,CM,NSE,STK,759048,INE1AG301022,GKENERGY,EQ,,,,,GK ENERGY LIMITED,122.00,123.90,121.00,121.87,121.87,123.68,,121.88,,,218807,26688338.82,3277,F1,1,,,,,
2026-09-28,2026-09-28,CM,NSE,STK,764688,INE265D01015,GKB,EQ,,,,,GKB OPHTHALMICS LTD.,68.20,68.20,63.20,65.37,66.90,68.54,,65.37,,,5197,341193.88,101,F1,1,,,,,
2026-09-28,2026-09-28,CM,NSE,STK,17357,INE528A01020,GKWLIMITED,EQ,,,,,GKW LIMITED,1556.00,1582.40,1521.00,1531.70,1549.00,1556.00,,1531.70,,,2599,4021333.40,85,F1,1,,,,,
2026-09-28,2026-09-28,CM,NSE,STK,1186,INE068V01023,GLAND,EQ,,,,,GLAND PHARMA LIMITED,2910.00,2928.00,2884.20,2896.00,2908.80,2917.20,,2895.99,,,223663,648496811.20,21883,F1,1,,,,,
2026-09-28,2026-09-28,CM,NSE,STK,766005,INE644Q01039,GLASSWALL,EQ,,,,,GLASS WALL SYSTEM (I) LTD,272.03,279.99,261.10,270.32,269.39,274.19,,270.32,,,10079229,2741197687.86,97842,F1,1,,,,,
2026-09-28,2026-09-28,CM,NSE,STK,1153,INE159A01016,GLAXO,EQ,,,,,GLAXOSMITHKLINE PHARMA LT,2814.20,2987.00,2790.10,2896.40,2888.00,2815.70,,2896.46,,,459963,1347890805.00,47144,F1,1,,,,,
2026-09-28,2026-09-28,CM,NSE,STK,7406,INE935A01035,GLENMARK,EQ,,,,,GLENMARK PHARMACEUTICALS,2380.00,2392.50,2307.30,2325.70,2325.70,2380.00,,2325.75,,,985878,2310515355.80,60567,F1,1,,,,,
2026-09-28,2026-09-28,CM,NSE,STK,1415,INE291W01037,GLOBAL,EQ,,,,,GLOBAL EDUCATION LIMITED,133.50,135.45,131.01,133.61,133.00,135.40,,133.61,,,156821,20945413.87,3134,F1,1,,,,,
2026-09-28,2026-09-28,CM,NSE,STK,11956,INE474Q01031,MEDANTA,EQ,,,,,GLOBAL HEALTH LIMITED,1490.00,1495.10,1426.60,1433.40,1433.10,1495.40,,1433.40,,,116663,168551359.10,16204,F1,1,,,,,
2026-09-28,2026-09-28,CM,NSE,STK,17167,INE0PS501019,GLOBALPET,SM,,,,,GLOBAL PET INDUSTRIES LTD,160.00,168.00,160.00,168.00,168.00,160.00,,168.00,,,8250,1362225.00,10,F1,750,,,,,
2026-09-28,2026-09-28,CM,NSE,STK,14599,INE0JSX01015,GSLSU,EQ,,,,,GLOBAL SURFACES LIMITED,30.80,32.28,30.00,30.07,30.05,31.13,,30.15,,,51464,1594804.15,525,F1,1,,,,,
2026-09-28,2026-09-28,CM,NSE,STK,13735,INE792H01019,GLOBALVECT,EQ,,,,,GLOBAL VEC HELICORP LTD,132.02,136.98,132.02,135.44,136.35,134.06,,135.41,,,1837,248501.82,135,F1,1,,,,,
2026-09-28,2026-09-28,CM,NSE,STK,24932,INE0URU01010,GLOBALE,EQ,,,,,GLOBALE TESSILE LIMITED,10.30,10.85,10.30,10.80,10.80,10.59,,10.63,,,677,7332.98,23,F1,1,,,,,
2026-09-28,2026-09-28,CM,NSE,STK,758572,INE0V3U01015,GLOBECIVIL,EQ,,,,,GLOBE CIVIL PROJECTS LTD,42.50,44.50,41.00,43.30,43.80,43.12,,43.30,,,64001,2733055.10,1787,F1,1,,,,,
2026-09-28,2026-09-28,CM,NSE,STK,393,INE581X01021,GLOBE,EQ,,,,,GLOBE ENTERPRISE (I) LTD,2.24,2.29,2.17,2.20,2.20,2.24,,2.20,,,446562,984496.28,264,F1,1,,,,,
2026-09-28,2026-09-28,CM,NSE,STK,761021,INE947T01022,GICL,BE,,,,,GLOBE INTL CARRIERS LTD,22.98,23.40,22.50,23.38,23.18,23.45,,23.38,,,54266,1245274.66,113,F1,1,,,,,
2026-09-28,2026-09-28,CM,NSE,STK,17424,INE615I01010,GLOBUSSPR,EQ,,,,,GLOBUS SPIRITS LTD,832.55,833.30,815.05,819.15,819.95,832.55,,819.15,,,39778,32624381.95,2838,F1,1,,,,,
2026-09-28,2026-09-28,CM,NSE,STK,23590,INE350Z01018,GLOSTERLTD,EQ,,,,,GLOSTER LIMITED,566.90,566.90,540.65,545.50,543.00,552.70,,545.49,,,1243,682021.55,117,F1,1,,,,,
2026-09-28,2026-09-28,CM,NSE,STK,760116,INE0TQE01026,GLOTTIS,EQ,,,,,GLOTTIS LIMITED,65.20,66.39,62.00,62.44,62.05,65.62,,62.45,,,111469,7203707.07,1806,F1,1,,,,,
2026-09-28,2026-09-28,CM,NSE,STK,1570,INE541A01023,GMMPFAUDLR,EQ,,,,,GMM PFAUDLER LIMITED,1510.00,1510.00,1457.20,1480.10,1483.10,1505.20,,1480.17,,,191005,283459819.80,17561,F1,1,,,,,
2026-09-28,2026-09-28,CM,NSE,STK,13528,INE776C01039,GMRAIRPORT,EQ,,,,,GMR AIRPORTS LIMITED,97.50,97.50,94.06,94.75,94.75,97.95,,94.75,,,6334950,602622050.50,27625,F1,1,,,,,
2026-09-28,2026-09-28,CM,NSE,STK,8529,INE0CU601026,GMRP&UI,EQ,,,,,GMR POW AND URBAN INFRA L,102.19,102.49,97.74,101.90,101.14,102.68,,101.91,,,2458573,247083678.46,24990,F1,1,,,,,
2026-09-28,2026-09-28,CM,NSE,STK,18571,INE934S01014,GNA,EQ,,,,,GNA AXLES LIMITED,617.65,622.95,581.35,594.70,597.95,617.65,,594.70,,,539198,322973920.20,17606,F1,1,,,,,
2026-09-28,2026-09-28,CM,NSE,STK,757862,INE18JU01028,EBGNG,EQ,,,,,GNG ELECTRONICS LIMITED,672.80,677.85,640.50,672.15,673.00,669.00,,672.14,,,598831,396426955.90,28477,F1,1,,,,,
2026-09-28,2026-09-28,CM,NSE,STK,23799,INE03JT01014,GODIGIT,EQ,,,,,GO DIGIT GENERAL INS LTD,254.50,267.00,252.10,263.25,264.95,253.70,,263.26,,,4342796,1142578255.85,65469,F1,1,,,,,
2026-09-28,2026-09-28,CM,NSE,STK,6964,INE0BJS01011,GOCOLORS,EQ,,,,,GO FASHION INDIA LTD,314.00,316.50,303.00,304.80,304.10,317.35,,304.79,,,53196,16445833.05,2181,F1,1,,,,,
2026-09-28,2026-09-28,CM,NSE,STK,14687,INE426D01013,GOACARBON,EQ,,,,,GOA CARBON LIMITED,408.00,409.95,398.05,405.75,407.90,401.80,,405.77,,,27124,10986192.35,1699,F1,1,,,,,
2026-09-28,2026-09-28,CM,NSE,STK,3963,INE077F01035,GOCLCORP,EQ,,,,,GOCL CORPORATION LIMITED,388.00,389.00,375.65,379.00,379.85,384.10,,378.99,,,101333,38550312.75,3822,F1,1,,,,,
2026-09-28,2026-09-28,CM,NSE,STK,25941,INE497S01012,GODAVARIB,EQ,,,,,GODAVARI BIOREFINERIES L,237.00,237.85,228.06,229.45,230.00,236.52,,229.43,,,67909,15775156.51,2008,F1,1,,,,,
2026-09-28,2026-09-28,CM,NSE,STK,13409,INE177H01039,GPIL,EQ,,,,,GODAWARI POW & ISP LTD,228.28,228.36,223.50,225.46,225.00,229.42,,225.46,,,1263135,284897073.03,15266,F1,1,,,,,
2026-09-28,2026-09-28,CM,NSE,STK,1181,INE260B01028,GODFRYPHLP,EQ,,,,,GODFREY PHILLIPS INDIA LT,1961.70,1993.40,1921.80,1931.50,1931.50,1970.40,,1931.50,,,260451,508754249.30,18795,F1,1,,,,,
2026-09-28,2026-09-28,CM,NSE,STK,144,INE850D01014,GODREJAGRO,EQ,,,,,GODREJ AGROVET LIMITED,659.55,662.50,640.00,642.50,642.70,657.80,,642.52,,,107453,69675885.25,10429,F1,1,,,,,
2026-09-28,2026-09-28,CM,NSE,STK,10099,INE102D01028,GODREJCP,EQ,,,,,GODREJ CONSUMER PRODUCTS,872.00,876.75,859.50,868.00,868.00,880.00,,868.00,,,1193447,1033042509.80,25887,F1,1,,,,,
2026-09-28,2026-09-28,CM,NSE,STK,10925,INE233A01035,GODREJIND,EQ,,,,,GODREJ INDUSTRIES LTD,1100.00,1107.60,1060.30,1076.10,1080.70,1105.30,,1075.74,,,124906,135904923.80,7865,F1,1,,,,,
2026-09-28,2026-09-28,CM,NSE,STK,17875,INE484J01027,GODREJPROP,EQ,,,,,GODREJ PROPERTIES LTD,1708.00,1708.00,1667.00,1669.80,1669.80,1700.10,,1669.91,,,422392,709035555.70,22518,F1,1,,,,,
2026-09-28,2026-09-28,CM,NSE,STK,765280,IN0020260058,620GS2029,GS,,,,,GOI LOAN   6.20% 2029,100.85,100.85,99.00,99.00,99.00,99.01,,99.00,,,102,10101.10,4,F1,1,,,,,
2026-09-28,2026-09-28,CM,NSE,STK,27405,IN0020240167,664GS2027,GS,,,,,GOI LOAN   6.64% 2027,101.55,101.55,101.55,101.55,101.55,101.60,,101.55,,,500,50775.00,1,F1,1,,,,,
2026-09-28,2026-09-28,CM,NSE,STK,28894,IN0020240191,679GS2031,GS,,,,,GOI LOAN   6.79% 2031,101.50,101.50,101.50,101.50,101.50,101.60,,101.50,,,1389,140983.50,3,F1,1,,,,,
2026-09-28,2026-09-28,CM,NSE,STK,27170,IN0020240142,709GS2074,GS,,,,,GOI LOAN   7.09% 2074,95.11,95.11,94.51,94.80,94.80,95.11,,94.80,,,23965,2272295.42,41,F1,1,,,,,
2026-09-28,2026-09-28,CM,NSE,STK,6695,IN0020210186,574GS2026,GS,,,,,GOI LOAN  5.74% 2026,102.48,102.48,101.57,101.57,101.57,102.49,,101.57,,,209,21327.56,5,F1,1,,,,,
2026-09-28,2026-09-28,CM,NSE,STK,757753,IN0020250034,591GS2028,GS,,,,,GOI LOAN  5.91% 2028,100.04,100.04,99.55,99.55,99.55,99.55,,99.55,,,100,9955.49,2,F1,1,,,,,
2026-09-28,2026-09-28,CM,NSE,STK,5012,IN0020210095,610GS2031,GS,,,,,GOI LOAN  6.10% 2031,97.49,97.49,97.05,97.05,97.05,99.99,,97.05,,,42,4076.54,2,F1,1,,,,,
2026-09-28,2026-09-28,CM,NSE,STK,953,IN0020200245,622GS2035,GS,,,,,GOI LOAN  6.22% 2035,93.43,96.45,93.43,94.29,96.45,93.63,,94.29,,,16,1505.69,6,F1,1,,,,,
2026-09-28,2026-09-28,CM,NSE,STK,761020,IN0020250141,636GS2031,GS,,,,,GOI LOAN  6.36% 2031,98.00,99.00,98.00,98.50,98.50,99.20,,98.50,,,1000,98500.00,6,F1,1,,,,,
2026-09-28,2026-09-28,CM,NSE,STK,759396,IN0020250091,648GS2035,GS,,,,,GOI LOAN  6.48% 2035,98.90,98.90,98.90,98.90,98.90,97.90,,98.90,,,1315,130053.50,2,F1,1,,,,,
2026-09-28,2026-09-28,CM,NSE,STK,7843,IN0020210244,654GS2032,GS,,,,,GOI LOAN  6.54% 2032,98.80,98.80,98.60,98.70,98.70,98.28,,98.70,,,25806,2545086.00,6,F1,1,,,,,
2026-09-28,2026-09-28,CM,NSE,STK,3204,IN0020210020,664GS2035,GS,,,,,GOI LOAN  6.64% 2035,97.63,97.65,97.63,97.64,97.65,99.20,,97.64,,,4000,390560.00,3,F1,1,,,,,
2026-09-28,2026-09-28,CM,NSE,STK,956,IN0020200252,667GS2050,GS,,,,,GOI LOAN  6.67% 2050,90.01,90.01,89.45,89.45,89.45,93.20,,90.23,,,40000,3579396.13,23,F1,1,,,,,
2026-09-28,2026-09-28,CM,NSE,STK,760623,IN0020250133,668GS2033,GS,,,,,GOI LOAN  6.68% 2033,98.50,98.80,98.50,98.80,98.80,98.80,,98.80,,,2500,246760.00,8,F1,1,,,,,
2026-09-28,2026-09-28,CM,NSE,STK,757847,IN0020250042,668GS2040,GS,,,,,GOI LOAN  6.68% 2040,97.50,98.00,97.50,98.00,98.00,98.00,,98.00,,,4700,459650.00,4,F1,1,,,,,
2026-09-28,2026-09-28,CM,NSE,STK,2317,IN0020200401,676GS2061,GS,,,,,GOI LOAN  6.76% 2061,90.00,90.00,88.80,89.38,89.38,89.49,,90.00,,,28065,2497122.61,37,F1,1,,,,,
2026-09-28,2026-09-28,CM,NSE,STK,22438,IN0020200187,68GS2060,GS,,,,,GOI LOAN  6.8% 2060,89.31,92.19,89.31,91.45,91.50,91.60,,91.45,,,5734,524689.10,34,F1,1,,,,,
2026-09-28,2026-09-28,CM,NSE,STK,756014,IN0020250018,690GS2065,GS,,,,,GOI LOAN  6.90% 2065,93.30,93.30,92.80,92.89,92.86,93.83,,92.89,,,19721,1831925.46,26,F1,1,,,,,
2026-09-28,2026-09-28,CM,NSE,STK,763340,IN0020260025,694GS2036,GS,,,,,GOI LOAN  6.94% 2036,101.01,104.05,101.01,102.98,102.98,101.09,,102.98,,,135,13732.05,3,F1,1,,,,,
2026-09-28,2026-09-28,CM,NSE,STK,6817,IN0020210202,695GS2061,GS,,,,,GOI LOAN  6.95% 2061,93.30,93.30,93.24,93.24,93.24,93.25,,93.24,,,3020,281614.86,8,F1,1,,,,,
2026-09-28,2026-09-28,CM,NSE,STK,6696,IN0020210194,699GS2051,GS,,,,,GOI LOAN  6.99% 2051,97.88,97.88,93.50,93.50,93.50,95.50,,93.50,,,304,29259.26,5,F1,1,,,,,
2026-09-28,2026-09-28,CM,NSE,STK,23854,IN0020240043,702GS2027,GS,,,,,GOI LOAN  7.02% 2027,102.25,102.30,102.01,102.30,102.30,102.25,,102.30,,,2133,218149.69,8,F1,1,,,,,
2026-09-28,2026-09-28,CM,NSE,STK,24072,IN0020240076,702GS2031,GS,,,,,GOI LOAN  7.02% 2031,101.39,101.39,101.39,101.39,101.39,101.39,,101.39,,,100,10139.00,1,F1,1,,,,,
2026-09-28,2026-09-28,CM,NSE,STK,14970,IN0020230010,706GS2028,GS,,,,,GOI LOAN  7.06% 2028,103.26,103.60,103.26,103.60,103.60,103.50,,103.60,,,16714,1729395.40,11,F1,1,,,,,
2026-09-28,2026-09-28,CM,NSE,STK,24949,IN0020240118,709GS2054,GS,,,,,GOI LOAN  7.09% 2054,95.10,95.10,93.17,94.50,94.50,95.10,,94.50,,,14035,1318362.80,33,F1,1,,,,,
2026-09-28,2026-09-28,CM,NSE,STK,17398,IN0020230077,718GS2037,GS,,,,,GOI LOAN  7.18% 2037,101.72,101.72,101.72,101.72,101.72,101.93,,103.34,,,4501,457841.72,1,F1,1,,,,,
2026-09-28,2026-09-28,CM,NSE,STK,23518,IN0020240027,723GS2039,GS,,,,,GOI LOAN  7.23% 2039,101.22,101.50,101.22,101.50,101.50,103.50,,101.50,,,200,20272.00,2,F1,1,,,,,
2026-09-28,2026-09-28,CM,NSE,STK,758674,IN0020250075,724GS2055,GS,,,,,GOI LOAN  7.24% 2055,96.01,96.82,95.95,96.20,96.20,96.55,,96.01,,,143245,13758373.10,37,F1,1,,,,,
2026-09-28,2026-09-28,CM,NSE,STK,16733,IN0020230044,725GS2063,GS,,,,,GOI LOAN  7.25% 2063,97.00,97.00,96.20,96.45,96.45,96.65,,96.45,,,69683,6723343.30,55,F1,1,,,,,
2026-09-28,2026-09-28,CM,NSE,STK,10722,IN0020220060,726GS2032,GS,,,,,GOI LOAN  7.26% 2032,102.00,102.00,101.61,101.97,101.90,104.04,,101.97,,,32716,3334810.40,22,F1,1,,,,,
2026-09-28,2026-09-28,CM,NSE,STK,14051,IN0020220151,726GS2033,GS,,,,,GOI LOAN  7.26% 2033,101.25,102.00,101.10,101.10,101.10,101.99,,101.10,,,9000,913811.21,8,F1,1,,,,,
2026-09-28,2026-09-28,CM,NSE,STK,16865,IN0020230051,73GS2053,GS,,,,,GOI LOAN  7.3% 2053,98.00,98.00,97.99,97.99,97.99,98.37,,97.99,,,2240,219499.98,6,F1,1,,,,,
2026-09-28,2026-09-28,CM,NSE,STK,20136,IN0020230135,732GS2030,GS,,,,,GOI LOAN  7.32% 2030,102.51,103.50,102.51,103.50,103.50,103.55,,103.50,,,300,30935.00,3,F1,1,,,,,
2026-09-28,2026-09-28,CM,NSE,STK,19685,IN0020230119,733GS2026,GS,,,,,GOI LOAN  7.33% 2026,100.00,102.55,100.00,102.55,102.55,102.60,,102.55,,,300,30506.00,3,F1,1,,,,,
2026-09-28,2026-09-28,CM,NSE,STK,23558,IN0020240035,734GS2064,GS,,,,,GOI LOAN  7.34% 2064,98.65,98.97,98.27,98.34,98.27,98.85,,98.34,,,93249,9189910.96,78,F1,1,,,,,
2026-09-28,2026-09-28,CM,NSE,STK,10931,IN0020220086,736GS2052,GS,,,,,GOI LOAN  7.36% 2052,98.04,98.04,98.00,98.00,98.00,98.00,,98.00,,,3463,339374.40,6,F1,1,,,,,
2026-09-28,2026-09-28,CM,NSE,STK,19566,IN0020230101,737GS2028,GS,,,,,GOI LOAN  7.37% 2028,105.18,107.00,104.30,104.39,104.40,105.98,,104.39,,,10928,1153245.52,10,F1,1,,,,,
2026-09-28,2026-09-28,CM,NSE,STK,10981,IN0020220094,74GS2062,GS,,,,,GOI LOAN  7.4% 2062,97.30,100.00,97.30,98.00,98.00,99.80,,97.70,,,1340,132432.00,5,F1,1,,,,,
2026-09-28,2026-09-28,CM,NSE,STK,760649,IN0020250117,743GS2076,GS,,,,,GOI LOAN  7.43% 2076,99.00,99.00,97.85,98.59,98.64,98.17,,98.59,,,97900,9649331.07,123,F1,1,,,,,
2026-09-28,2026-09-28,CM,NSE,STK,19808,IN0020230127,746GS2073,GS,,,,,GOI LOAN  7.46% 2073,103.00,103.00,101.65,101.65,101.65,107.00,,101.65,,,1707,173761.55,9,F1,1,,,,,
2026-09-28,2026-09-28,CM,NSE,STK,763146,IN0020260017,750GS2056,GS,,,,,GOI LOAN  7.50% 2056,102.00,102.45,102.00,102.45,102.45,102.45,,102.45,,,101,10302.45,3,F1,1,,,,,
2026-09-28,2026-09-28,CM,NSE,STK,9585,IN0020220029,754GS2036,GS,,,,,GOI LOAN  7.54% 2036,105.01,105.38,104.28,104.65,104.50,105.16,,104.65,,,365831,38397071.34,211,F1,1,,,,,
2026-09-28,2026-09-28,CM,NSE,STK,766043,IN0020260082,763GS2056,GS,,,,,GOI LOAN  7.63% 2056,99.21,100.50,99.21,100.50,100.50,100.21,,100.50,,,201,19942.50,3,F1,1,,,,,
2026-09-28,2026-09-28,CM,NSE,STK,763489,IN0020260033,771GS2066,GS,,,,,GOI LOAN  7.71% 2066,104.79,104.79,102.50,103.99,103.99,104.13,,103.99,,,2708,279041.93,15,F1,1,,,,,
2026-09-28,2026-09-28,CM,NSE,STK,6866,IN0020020247,601GS2028,GS,,,,,GOI LOAN 6.01% 2028,98.31,103.00,98.31,103.00,103.00,102.35,,103.00,,,120,12078.60,2,F1,1,,,,,
2026-09-28,2026-09-28,CM,NSE,STK,9047,IN0020220011,710GS2029,GS,,,,,GOI LOAN 7.10% 2029,103.25,104.52,103.25,104.52,104.52,104.49,,102.59,,,158,16370.35,6,F1,1,,,,,
2026-09-28,2026-09-28,CM,NSE,STK,18474,IN0020200039,719GS2060,GS,,,,,GOI LOAN 7.19% 2060,95.00,95.00,95.00,95.00,95.00,95.20,,95.10,,,5000,475000.00,10,F1,1,,,,,
2026-09-28,2026-09-28,CM,NSE,STK,9913,IN0020220037,738GS2027,GS,,,,,GOI LOAN 7.38% 2027,102.01,102.74,102.01,102.32,102.32,102.54,,102.32,,,153117,15671783.84,22,F1,1,,,,,
2026-09-28,2026-09-28,CM,NSE,STK,6873,IN0020040039,75GS2034,GS,,,,,GOI LOAN 7.50% 2034,103.96,103.96,103.96,103.96,103.96,103.96,,103.96,,,302,31395.92,2,F1,1,,,,,
2026-09-28,2026-09-28,CM,NSE,STK,6835,IN0020020106,795GS2032,GS,,,,,GOI LOAN 7.95% 2032,104.15,104.15,104.11,104.13,104.11,107.40,,104.13,,,6000,624786.00,5,F1,1,,,,,
2026-09-28,2026-09-28,CM,NSE,STK,6884,IN0020060078,824GS2027,GS,,,,,GOI LOAN 8.24%2027,101.50,103.40,101.45,103.40,103.40,101.50,,102.60,,,11600,1180796.90,14,F1,1,,,,,
2026-09-28,2026-09-28,CM,NSE,STK,6898,IN0020070036,826GS2027,GS,,,,,GOI LOAN 8.26% 2027,107.00,107.00,101.94,101.94,101.94,102.15,,104.72,,,49,5237.94,4,F1,1,,,,,
2026-09-28,2026-09-28,CM,NSE,STK,7039,IN0020130053,92GS2030,GS,,,,,GOI LOAN 9.20% 2030,114.00,114.69,113.40,114.58,114.59,113.81,,114.55,,,16306,1866000.16,25,F1,1,,,,,
2026-09-28,2026-09-28,CM,NSE,STK,766233,IN002026Y253,182D250327,TB,,,,,GOI TBILL 182D-25/03/27,96.75,96.75,96.75,96.75,96.75,97.20,,96.75,,,5100,493425.00,2,F1,100,,,,,
2026-09-28,2026-09-28,CM,NSE,STK,763625,IN002026Y089,182D271126,TB,,,,,GOI TBILL 182D-27/11/26,98.33,98.70,98.32,98.70,98.70,98.18,,98.70,,,800,78811.00,4,F1,100,,,,,
2026-09-28,2026-09-28,CM,NSE,STK,759341,IN002025Z278,364D021026,TB,,,,,GOI TBILL 364D-02/10/26,99.85,99.85,99.85,99.85,99.85,99.00,,99.85,,,802500,80129625.00,23,F1,100,,,,,
2026-09-28,2026-09-28,CM,NSE,STK,759831,IN002025Z336,364D121126,TB,,,,,GOI TBILL 364D-12/11/26,99.10,99.10,99.10,99.10,99.10,99.00,,99.10,,,9500,941450.00,1,F1,100,,,,,
2026-09-28,2026-09-28,CM,NSE,STK,758835,IN002025Z302,364D231026,TB,,,,,GOI TBILL 364D-23/10/26,99.35,99.35,99.35,99.35,99.35,99.35,,99.35,,,1000,99350.00,1,F1,100,,,,,
2026-09-28,2026-09-28,CM,NSE,STK,765444,IN002026Z219,364D270827,TB,,,,,GOI TBILL 364D-27/08/27,94.00,94.00,94.00,94.00,94.00,94.56,,94.00,,,900,84600.00,2,F1,100,,,,,
2026-09-28,2026-09-28,CM,NSE,STK,764047,IN002026X149,91D081026,TB,,,,,GOI TBILL 91D-08/10/26,99.82,99.82,99.82,99.82,99.82,99.72,,99.82,,,3600,359352.00,36,F1,100,,,,,
2026-09-28,2026-09-28,CM,NSE,STK,766232,IN002026X255,91D241226,TB,,,,,GOI TBILL 91D-24/12/26,98.50,98.50,98.13,98.35,98.35,98.50,,98.35,,,1400,137796.00,4,F1,100,,,,,
2026-09-28,2026-09-28,CM,NSE,STK,11778,INE887G01027,GOKEX,EQ,,,,,GOKALDAS EXPORTS LTD.,686.45,689.30,666.80,671.85,670.45,689.60,,671.84,,,627253,425737839.25,14830,F1,1,,,,,
2026-09-28,2026-09-28,CM,NSE,STK,14480,INE314T01033,GOKULAGRO,EQ,,,,,GOKUL AGRO RESOURCES LTD,221.89,223.07,215.50,216.16,216.50,221.89,,216.16,,,231235,50368773.27,7116,F1,1,,,,,
2026-09-28,2026-09-28,CM,NSE,STK,16705,INE020J01029,GOKUL,EQ,,,,,GOKUL REFOILS & SOLV LTD,39.69,40.28,39.23,39.47,39.35,39.69,,39.47,,,135158,5382453.99,478,F1,1,,,,,
2026-09-28,2026-09-28,CM,NSE,STK,11619,INE973A01010,GOLDENTOBC,BZ,,,,,GOLDEN TOBACCO LIMITED,25.49,25.49,23.42,24.50,23.42,24.61,,24.59,,,2620,62847.12,58,F1,1,,,,,
2026-09-28,2026-09-28,CM,NSE,STK,11971,INE025B01025,GOLDIAM,EQ,,,,,GOLDIAM INTERNATIONAL LTD,322.05,324.05,310.90,312.60,312.00,325.05,,312.60,,,612243,193371501.00,11755,F1,1,,,,,
2026-09-28,2026-09-28,CM,NSE,STK,1,INE405Y01021,GOLDSTAR,SM,,,,,GOLDSTAR POWER LIMITED,11.15,11.15,11.15,11.15,11.15,10.65,,11.15,,,236250,2634187.50,21,F1,11250,,,,,
2026-09-28,2026-09-28,CM,NSE,STK,6125,INE127I01024,GOODLUCK,EQ,,,,,GOODLUCK INDIA LIMITED,525.90,531.45,515.00,522.00,520.00,525.65,,522.00,,,283018,148109314.70,14076,F1,1,,,,,
2026-09-28,2026-09-28,CM,NSE,STK,1205,INE533A01012,GOODYEAR,EQ,,,,,GOODYEAR INDIA LIMITED,713.80,713.80,701.00,704.05,707.80,707.80,,703.87,,,4060,2855927.45,593,F1,1,,,,,
2026-09-28,2026-09-28,CM,NSE,STK,23066,INE0L9R01028,GOPAL,EQ,,,,,GOPAL SNACKS LIMITED,260.95,261.00,251.80,254.80,255.00,260.95,,254.80,,,95815,24446767.45,3056,F1,1,,,,,
2026-09-28,2026-09-28,CM,NSE,STK,11787,INE705X01026,GOYALALUM,EQ,,,,,GOYAL ALUMINIUMS LIMITED,5.95,6.04,5.91,5.97,5.98,5.91,,5.96,,,41242,246105.55,463,F1,1,,,,,
2026-09-28,2026-09-28,CM,NSE,STK,19356,INE0QFE01017,GOYALSALT,SM,,,,,GOYAL SALT LIMITED,102.05,102.05,101.00,101.00,101.00,102.00,,101.00,,,2400,243690.00,4,F1,600,,,,,
2026-09-28,2026-09-28,CM,NSE,STK,24108,INE0S7E01015,GPECO,SM,,,,,GP ECO SOLUTIONS INDIA L,402.50,409.00,394.00,396.25,395.00,402.05,,396.25,,,23600,9469830.00,87,F1,200,,,,,
2026-09-28,2026-09-28,CM,NSE,STK,11584,INE586G01017,GULFPETRO,BE,,,,,GP PETROLEUMS LIMITED,60.69,63.00,58.00,61.14,62.60,60.88,,61.10,,,71330,4273171.13,370,F1,1,,,,,
2026-09-28,2026-09-28,CM,NSE,STK,22846,INE486R01017,GPTHEALTH,EQ,,,,,GPT HEALTHCARE LIMITED,160.90,160.90,153.83,156.10,157.20,161.27,,156.10,,,156359,24479393.52,2443,F1,1,,,,,
2026-09-28,2026-09-28,CM,NSE,STK,17685,INE390G01014,GPTINFRA,EQ,,,,,GPT INFRAPROJECTS LTD,115.25,118.88,113.30,116.27,116.00,114.43,,116.27,,,284889,33322995.99,6711,F1,1,,,,,
2026-09-28,2026-09-28,CM,NSE,STK,763301,INE361K01017,GRADIENTE,BE,,,,,GRADIENTE INFOTAINMENT L,2.10,2.10,1.95,2.06,2.10,2.05,,2.06,,,2146161,4257029.46,488,F1,1,,,,,
2026-09-28,2026-09-28,CM,NSE,STK,30286,INE12E301017,GCHOTELS,SM,,,,,GRAND CONTINENT HOTELS L,107.65,123.00,105.00,118.20,120.00,123.50,,118.20,,,211200,24086400.00,274,F1,600,,,,,
2026-09-28,2026-09-28,CM,NSE,STK,11079,INE534A01028,GFSTEELS,BE,,,,,GRAND FOUNDRY LTD,34.07,34.07,34.07,34.07,34.07,32.45,,34.07,,,12466,424716.62,30,F1,1,,,,,
2026-09-28,2026-09-28,CM,NSE,STK,762695,INE926B01016,GRANDOAK,EQ,,,,,GRAND OAK CANYONS DIST L,35.39,36.00,33.07,34.10,34.11,34.77,,34.46,,,1484,51189.67,143,F1,1,,,,,
2026-09-28,2026-09-28,CM,NSE,STK,11872,INE101D01020,GRANULES,EQ,,,,,GRANULES INDIA LIMITED,870.00,872.15,846.30,851.40,849.40,868.65,,851.33,,,457582,391876491.50,29146,F1,1,,,,,
2026-09-28,2026-09-28,CM,NSE,STK,20454,INE0POU01017,GRAPHISAD,SM,,,,,GRAPHISADS LIMITED,24.85,25.20,24.85,25.20,25.20,24.00,,25.20,,,14400,361920.00,10,F1,1200,,,,,
2026-09-28,2026-09-28,CM,NSE,STK,592,INE371A01025,GRAPHITE,EQ,,,,,GRAPHITE INDIA LTD,820.00,820.00,794.55,799.00,797.00,820.70,,798.94,,,1013536,812126118.40,26702,F1,1,,,,,
2026-09-28,2026-09-28,CM,NSE,STK,1232,INE047A01021,GRASIM,EQ,,,,,GRASIM INDUSTRIES LTD,3186.00,3186.00,3138.00,3150.00,3150.00,3191.00,,3150.07,,,746885,2351120170.10,25237,F1,1,,,,,
2026-09-28,2026-09-28,CM,NSE,STK,5200,INE266D01021,GRAUWEIL,EQ,,,,,GRAUER & WEIL IND LTD,88.60,88.75,83.00,83.96,83.50,88.02,,83.97,,,947799,81033411.80,9191,F1,1,,,,,
2026-09-28,2026-09-28,CM,NSE,STK,762703,INE214F01026,GRAVISSHO,BE,,,,,GRAVISS HOSPITALITY LTD.,32.19,33.93,31.00,33.69,33.69,32.35,,33.66,,,2864,91529.54,34,F1,1,,,,,
2026-09-28,2026-09-28,CM,NSE,STK,20534,INE024L01027,GRAVITA,EQ,,,,,GRAVITA INDIA LIMITED,1501.70,1512.60,1470.60,1475.40,1479.40,1495.40,,1475.36,,,166667,246736438.90,17452,F1,1,,,,,
2026-09-28,2026-09-28,CM,NSE,STK,1235,INE224A01026,GREAVESCOT,EQ,,,,,GREAVES COTTON LTD.,233.94,237.79,229.40,230.40,230.50,234.78,,230.40,,,2537265,590778356.58,36289,F1,1,,,,,
2026-09-28,2026-09-28,CM,NSE,STK,17092,INE0O7P01015,GREENCHEF,SM,,,,,GREENCHEF APPLIANCES LTD,71.00,72.70,68.05,68.85,68.50,71.00,,68.85,,,9600,669600.00,12,F1,800,,,,,
2026-09-28,2026-09-28,CM,NSE,STK,6848,INE544R01021,GREENLAM,EQ,,,,,GREENLAM INDUSTRIES LTD.,224.00,224.31,215.17,217.51,217.50,224.32,,217.50,,,87062,18991633.94,1902,F1,1,,,,,
2026-09-28,2026-09-28,CM,NSE,STK,759424,INE0PLX01017,GREENLEAF,SM,,,,,GREENLEAF ENVIROTECH LTD,107.15,107.15,107.00,107.00,107.00,106.10,,107.00,,,8000,856450.00,4,F1,1000,,,,,
2026-09-28,2026-09-28,CM,NSE,STK,13810,INE08ZM01014,GREENPANEL,EQ,,,,,GREENPANEL INDUSTRIES LTD,162.50,163.81,158.65,159.21,159.00,162.61,,159.23,,,118084,18929693.61,3064,F1,1,,,,,
2026-09-28,2026-09-28,CM,NSE,STK,3987,INE461C01038,GREENPLY,EQ,,,,,GREENPLY INDUSTRIES LTD,287.25,287.65,278.00,279.75,281.80,287.25,,279.75,,,252334,70890354.40,6897,F1,1,,,,,
2026-09-28,2026-09-28,CM,NSE,STK,758986,INE199P01028,GCSL,EQ,,,,,GRETEX CORPORATE SERVICES,656.75,670.50,652.50,667.35,668.00,653.45,,667.36,,,273458,182221364.05,4710,F1,1,,,,,
2026-09-28,2026-09-28,CM,NSE,STK,13560,INE536A01023,GRINDWELL,EQ,,,,,GRINDWELL NORTON LIMITED,1969.90,1970.20,1912.00,1918.20,1917.90,1972.70,,1918.31,,,23175,45115745.40,4030,F1,1,,,,,
2026-09-28,2026-09-28,CM,NSE,STK,10871,INE192H01020,GRMOVER,EQ,,,,,GRM OVERSEAS LIMITED,79.84,82.70,79.30,80.01,79.60,80.63,,80.01,,,1069423,86030634.76,6477,F1,1,,,,,
2026-09-28,2026-09-28,CM,NSE,STK,760971,INE1TY801010,GJL,ST,,,,,GROVER JEWELLS LIMITED,406.25,406.25,406.25,406.25,406.25,386.95,,406.25,,,3200,1300000.00,4,F1,800,,,,,
2026-09-28,2026-09-28,CM,NSE,STK,764285,INF666M01PH7,CEMNTGROWW,EQ,,,,,GROWWAMC - CEMNTGROWW,14.13,14.28,13.89,13.93,13.99,14.13,,13.93,,,128068,1787532.95,567,F1,1,,,,,
2026-09-28,2026-09-28,CM,NSE,STK,760051,INF666M01MM4,GROWWCAPM,EQ,,,,,GROWWAMC - GROWWCAPM,11.15,11.20,10.85,10.87,10.91,11.12,,10.87,,,743214,8119795.09,1951,F1,1,,,,,
2026-09-28,2026-09-28,CM,NSE,STK,760673,INF666M01NP5,GROWWCHEM,EQ,,,,,GROWWAMC - GROWWCHEM,29.59,29.73,28.65,28.74,29.09,29.44,,28.74,,,44440,1283273.84,416,F1,1,,,,,
2026-09-28,2026-09-28,CM,NSE,STK,25758,INF666M01IO8,GROWWDEFNC,EQ,,,,,GROWWAMC - GROWWDEFNC,93.88,93.88,92.10,92.40,92.69,93.87,,92.40,,,176851,16385891.08,3613,F1,1,,,,,
2026-09-28,2026-09-28,CM,NSE,STK,24798,INF666M01IH2,GROWWEV,EQ,,,,,GROWWAMC - GROWWEV,31.43,31.50,30.82,30.94,31.05,31.43,,30.94,,,307216,9525222.91,2943,F1,1,,,,,
2026-09-28,2026-09-28,CM,NSE,STK,25872,INF666M01OE7,GROWWGOLD,EQ,,,,,GROWWAMC - GROWWGOLD,14.47,14.50,14.26,14.33,14.35,14.70,,14.33,,,3043158,43667661.11,6365,F1,1,,,,,
2026-09-28,2026-09-28,CM,NSE,STK,760874,INF666M01OD9,GROWWHOSPI,EQ,,,,,GROWWAMC - GROWWHOSPI,51.65,52.17,50.70,51.06,51.66,51.64,,51.06,,,283805,14470205.79,1437,F1,1,,,,,
2026-09-28,2026-09-28,CM,NSE,STK,25447,INF666M01IP5,GROWWLIQID,EQ,,,,,GROWWAMC - GROWWLIQID,110.92,110.93,110.92,110.92,110.92,110.91,,110.92,,,723819,80287038.90,333,F1,1,,,,,
2026-09-28,2026-09-28,CM,NSE,STK,758300,INF666M01LB9,GROWWLOVOL,EQ,,,,,GROWWAMC - GROWWLOVOL,10.07,10.23,9.88,10.00,10.01,10.06,,10.00,,,42179,422672.09,155,F1,1,,,,,
2026-09-28,2026-09-28,CM,NSE,STK,759719,INF666M01MV5,GROWWMC150,EQ,,,,,GROWWAMC - GROWWMC150,222.63,226.09,221.00,222.81,222.81,226.09,,222.81,,,2557,567310.83,56,F1,1,,,,,
2026-09-28,2026-09-28,CM,NSE,STK,760438,INF666M01NI0,GROWWMETAL,EQ,,,,,GROWWAMC - GROWWMETAL,12.21,12.66,12.21,12.25,12.25,12.53,,12.25,,,361418,4449810.09,2150,F1,1,,,,,
2026-09-28,2026-09-28,CM,NSE,STK,756086,INF666M01KJ4,GROWWMOM50,EQ,,,,,GROWWAMC - GROWWMOM50,11.00,11.00,10.61,10.63,10.65,10.82,,10.63,,,178241,1900002.94,782,F1,1,,,,,
2026-09-28,2026-09-28,CM,NSE,STK,29872,INF666M01JV1,GROWWN200,EQ,,,,,GROWWAMC - GROWWN200,10.99,11.10,10.75,10.82,10.89,10.91,,10.82,,,67125,727826.70,394,F1,1,,,,,
2026-09-28,2026-09-28,CM,NSE,STK,757814,INF666M01LI4,GROWWNET,EQ,,,,,GROWWAMC - GROWWNET,10.25,10.42,10.10,10.15,10.10,10.25,,10.15,,,385437,3928703.53,1099,F1,1,,,,,
2026-09-28,2026-09-28,CM,NSE,STK,758697,INF666M01LL8,GROWWNIFTY,EQ,,,,,GROWWAMC - GROWWNIFTY,9.12,9.49,9.12,9.24,9.26,9.36,,9.24,,,1064908,9867083.82,5489,F1,1,,,,,
2026-09-28,2026-09-28,CM,NSE,STK,759458,INF666M01LZ8,GROWWNXT50,EQ,,,,,GROWWAMC - GROWWNXT50,71.70,71.70,70.80,70.83,71.47,71.77,,70.83,,,7683,546392.61,185,F1,1,,,,,
2026-09-28,2026-09-28,CM,NSE,STK,758165,INF666M01LM6,GROWWPOWER,EQ,,,,,GROWWAMC - GROWWPOWER,11.05,11.09,10.82,10.84,10.85,11.08,,10.84,,,1830374,19939965.05,4249,F1,1,,,,,
2026-09-28,2026-09-28,CM,NSE,STK,760976,INF666M01NQ3,GROWWPSE,EQ,,,,,GROWWAMC - GROWWPSE,95.97,98.00,94.50,95.15,94.90,96.62,,95.15,,,3944,376336.20,196,F1,1,,,,,
2026-09-28,2026-09-28,CM,NSE,STK,761514,INF666M01OG2,GROWWPSUBK,EQ,,,,,GROWWAMC - GROWWPSUBK,82.08,84.50,80.61,81.40,82.55,83.75,,81.40,,,9409,764618.53,289,F1,1,,,,,
2026-09-28,2026-09-28,CM,NSE,STK,29527,INF666M01JJ6,GROWWRAIL,EQ,,,,,GROWWAMC - GROWWRAIL,27.29,27.29,26.30,26.33,26.35,26.75,,26.33,,,552490,14594890.02,4152,F1,1,,,,,
2026-09-28,2026-09-28,CM,NSE,STK,759428,INF666M01MN2,GROWWRLTY,EQ,,,,,GROWWAMC - GROWWRLTY,9.51,9.90,9.50,9.57,9.58,9.71,,9.57,,,202622,1939476.12,785,F1,1,,,,,
2026-09-28,2026-09-28,CM,NSE,STK,759522,INF666M01MO0,GROWWSC250,EQ,,,,,GROWWAMC - GROWWSC250,10.47,10.52,10.28,10.32,10.33,10.47,,10.32,,,477888,4938671.54,863,F1,1,,,,,
2026-09-28,2026-09-28,CM,NSE,STK,756827,INF666M01OF4,GROWWSLVR,EQ,,,,,GROWWAMC - GROWWSLVR,21.90,21.92,21.49,21.56,21.65,22.40,,21.56,,,3217563,69794113.11,4529,F1,1,,,,,
2026-09-28,2026-09-28,CM,NSE,STK,763572,INF666M01OT5,PVTBKGROWW,EQ,,,,,GROWWAMC - PVTBKGROWW,27.14,27.14,26.50,26.60,26.62,27.06,,26.60,,,10531,279981.49,135,F1,1,,,,,
2026-09-28,2026-09-28,CM,NSE,STK,751745,INF666M01PG9,SMALLGROWW,EQ,,,,,GROWWAMC - SMALLGROWW,48.10,49.24,47.86,48.54,49.19,48.59,,48.54,,,5079,244670.86,129,F1,1,,,,,
2026-09-28,2026-09-28,CM,NSE,STK,6543,INE137I01015,GRPLTD,EQ,,,,,GRP LIMITED,1999.60,1999.60,1945.00,1950.40,1950.00,1999.00,,1948.12,,,944,1852674.80,137,F1,1,,,,,
2026-09-28,2026-09-28,CM,NSE,STK,23888,INE0SQY01018,GSMFOILS,SM,,,,,GSM FOILS LIMITED,80.85,81.40,78.65,81.40,81.40,77.55,,81.40,,,178000,14421675.00,239,F1,500,,,,,
2026-09-28,2026-09-28,CM,NSE,STK,762239,INE713R01022,GSPCROP,EQ,,,,,GSP CROP SCIENCE LIMITED,503.25,503.25,475.15,483.10,485.00,498.25,,482.92,,,265019,129146182.75,3803,F1,1,,,,,
2026-09-28,2026-09-28,CM,NSE,STK,15347,INE871H01011,GSS,EQ,,,,,GSS INFOTECH LIMITED,10.72,10.72,10.21,10.26,10.21,10.72,,10.27,,,61622,635663.98,328,F1,1,,,,,
2026-09-28,2026-09-28,CM,NSE,STK,13745,INE221H01019,GTLINFRA,EQ,,,,,GTL INFRA.LTD,1.12,1.13,1.09,1.09,1.09,1.12,,1.09,,,33531963,37007061.30,14139,F1,1,,,,,
2026-09-28,2026-09-28,CM,NSE,STK,1162,INE043A01012,GTL,EQ,,,,,GTL LTD,7.14,7.14,6.85,6.94,6.95,7.03,,6.94,,,105382,733859.73,588,F1,1,,,,,
2026-09-28,2026-09-28,CM,NSE,STK,21195,INE869I01013,GTPL,EQ,,,,,GTPL HATHWAY LIMITED,56.57,56.98,54.70,54.86,54.70,56.57,,54.87,,,27809,1534395.34,464,F1,1,,,,,
2026-09-28,2026-09-28,CM,NSE,STK,11606,INE742B01025,GUFICBIO,EQ,,,,,GUFIC BIOSCIENCES LTD.,424.55,425.05,413.60,420.40,421.95,423.75,,420.42,,,58238,24401820.60,2913,F1,1,,,,,
2026-09-28,2026-09-28,CM,NSE,STK,1145,INE162A01010,GIPCL,EQ,,,,,GUJ IND POW CO. LTD,185.51,188.79,181.10,182.22,182.95,185.84,,182.18,,,388632,71801868.69,6866,F1,1,,,,,
2026-09-28,2026-09-28,CM,NSE,STK,1174,INE113A01013,GNFC,EQ,,,,,GUJ NAR VAL FER & CHEM L,631.10,632.95,617.40,620.65,621.20,630.30,,620.65,,,495792,308375938.70,17226,F1,1,,,,,
2026-09-28,2026-09-28,CM,NSE,STK,1247,INE026A01025,GSFC,EQ,,,,,GUJ STATE FERT & CHEM LTD,156.85,156.85,152.85,153.04,153.05,156.80,,153.04,,,683059,104989510.05,7328,F1,1,,,,,
2026-09-28,2026-09-28,CM,NSE,STK,14677,INE826C01016,GUJAPOLLO,EQ,,,,,GUJ. APOLLO IND. LTD.,331.15,362.00,327.85,341.45,340.50,329.10,,341.43,,,31584,10982303.95,1963,F1,1,,,,,
2026-09-28,2026-09-28,CM,NSE,STK,1267,INE186A01019,GUJALKALI,EQ,,,,,GUJARAT ALKALIES & CHEM,629.15,629.15,601.65,606.20,606.80,630.90,,606.23,,,53476,32674639.45,3834,F1,1,,,,,
2026-09-28,2026-09-28,CM,NSE,STK,8828,INE036B01030,GAEL,EQ,,,,,GUJARAT AMBUJA EXPORTS LT,161.87,164.43,159.73,160.47,160.85,163.87,,160.46,,,369358,59806278.50,10790,F1,1,,,,,
2026-09-28,2026-09-28,CM,NSE,STK,10599,INE844O01030,GUJENERGY,EQ,,,,,GUJARAT ENERGY LIMITED,236.02,237.45,233.80,235.07,235.01,236.02,,235.09,,,951989,224408557.01,27500,F1,1,,,,,
2026-09-28,2026-09-28,CM,NSE,STK,13750,INE09N301011,FLUOROCHEM,EQ,,,,,GUJARAT FLUOROCHEM LTD,4441.40,4488.00,4380.00,4443.70,4466.90,4441.40,,4443.52,,,33891,150348765.20,9884,F1,1,,,,,
2026-09-28,2026-09-28,CM,NSE,STK,761197,INE0V0W01025,GKSL,EQ,,,,,GUJARAT KIDNEY N SUP SP L,179.44,179.90,171.97,174.83,174.50,178.02,,174.81,,,307001,53588016.03,5020,F1,1,,,,,
2026-09-28,2026-09-28,CM,NSE,STK,1156,INE540A01017,GLFL,EQ,,,,,GUJARAT LEASE FINANCING L,5.13,5.35,4.87,5.02,4.87,5.12,,5.03,,,18096,92347.01,36,F1,1,,,,,
2026-09-28,2026-09-28,CM,NSE,STK,5204,INE131A01031,GMDCLTD,EQ,,,,,GUJARAT MINERAL DEV CORP,535.15,535.20,521.00,522.25,521.40,538.00,,522.28,,,726751,382230210.00,22191,F1,1,,,,,
2026-09-28,2026-09-28,CM,NSE,STK,762690,INE207H01018,GNRL,EQ,,,,,GUJARAT NATURAL RES L,101.30,119.40,96.72,98.46,98.02,100.18,,98.46,,,1631909,162865375.08,9594,F1,1,,,,,
2026-09-28,2026-09-28,CM,NSE,STK,19731,INE517F01014,GPPL,EQ,,,,,GUJARAT PIPAVAV PORT LTD,163.18,163.40,159.60,159.88,159.67,163.20,,159.88,,,845144,136075672.97,21578,F1,1,,,,,
2026-09-28,2026-09-28,CM,NSE,STK,4548,INE610B01024,GUJRAFFIA,EQ,,,,,GUJARAT RAFFIA INDUST LTD,40.69,40.69,39.65,40.44,40.44,40.69,,39.72,,,1476,58749.09,16,F1,1,,,,,
2026-09-28,2026-09-28,CM,NSE,STK,29731,INE942C01045,GUJTHEM,EQ,,,,,GUJARAT THEMIS BIOSYN LTD,414.40,415.00,392.70,397.55,398.50,417.00,,397.54,,,211072,84728572.05,7233,F1,1,,,,,
2026-09-28,2026-09-28,CM,NSE,STK,4391,INE635Q01029,GULFOILLUB,EQ,,,,,GULF OIL LUB. IND. LTD.,1114.10,1114.10,1088.10,1110.50,1113.10,1106.60,,1110.48,,,47443,52547313.70,4934,F1,1,,,,,
2026-09-28,2026-09-28,CM,NSE,STK,6286,INE255D01024,GULPOLY,EQ,,,,,GULSHAN POLYOLS LIMITED,171.20,172.64,165.00,166.05,167.19,170.36,,166.06,,,95978,16030202.22,2210,F1,1,,,,,
2026-09-28,2026-09-28,CM,NSE,STK,759261,INE1CCX01012,GURUNANAK,SM,,,,,GURUNANAK AGRICULTUR IN L,35.30,36.00,34.70,35.05,35.05,36.50,,35.05,,,9600,338080.00,6,F1,1600,,,,,
2026-09-28,2026-09-28,CM,NSE,STK,13229,INE251H01024,GVKPIL,BE,,,,,GVK POW. & INFRA LTD.,2.65,2.68,2.58,2.66,2.68,2.63,,2.66,,,5841097,15535101.38,3062,F1,1,,,,,
2026-09-28,2026-09-28,CM,NSE,STK,10866,INE382T01030,GVPTECH,BE,,,,,GVP INFOTECH LIMITED,7.97,8.29,7.55,7.63,7.61,7.94,,7.63,,,58933,454672.91,185,F1,1,,,,,
2026-09-28,2026-09-28,CM,NSE,STK,764050,INE724A01017,GYFTR,EQ,,,,,GYFTR LIMITED,165.47,170.00,158.10,162.25,164.00,166.30,,162.26,,,190361,30697104.64,3948,F1,1,,,,,
2026-09-28,2026-09-28,CM,NSE,STK,762712,INE640B01021,HBESD,EQ,,,,,H B ESTATE DEVELOPERS L,68.08,71.51,68.08,71.50,71.51,68.04,,71.50,,,660,46484.10,23,F1,1,,,,,
2026-09-28,2026-09-28,CM,NSE,STK,1672,INE926X01010,HGINFRA,EQ,,,,,H.G.INFRA ENGINEERING LTD,454.90,454.90,442.00,444.55,446.90,453.10,,444.55,,,135545,60354648.05,6869,F1,1,,,,,
2026-09-28,2026-09-28,CM,NSE,STK,760715,INE115S01010,HALDER,EQ,,,,,HALDER VENTURE LIMITED,244.90,255.55,229.20,247.15,237.25,241.45,,247.33,,,2462,588543.50,422,F1,1,,,,,
2026-09-28,2026-09-28,CM,NSE,STK,762705,INE506D01020,HALDYNGL,EQ,,,,,HALDYN GLASS LTD.,153.47,159.00,150.10,152.35,150.32,145.46,,152.33,,,292097,45122820.06,2568,F1,1,,,,,
2026-09-28,2026-09-28,CM,NSE,STK,21551,INE320X01016,HALEOSLABS,EQ,,,,,HALEOS LABS LIMITED,1490.20,1535.00,1490.00,1513.50,1490.00,1501.80,,1513.50,,,566,847745.60,99,F1,1,,,,,
2026-09-28,2026-09-28,CM,NSE,STK,765075,INE299D01022,HAMPTON,EQ,,,,,HAMPTON SKY REALTY LTD.,8.44,8.44,7.74,7.90,8.00,8.10,,7.90,,,15674,125900.23,136,F1,1,,,,,
2026-09-28,2026-09-28,CM,NSE,STK,13592,INE596H01014,HGM,EQ,,,,,HANDSON GBL MNGMNT LTD,42.18,42.99,40.89,41.25,42.15,42.18,,41.25,,,8785,363553.83,107,F1,1,,,,,
2026-09-28,2026-09-28,CM,NSE,STK,48,INE419U01012,HAPPSTMNDS,EQ,,,,,HAPPIEST MINDS TECHNO LTD,310.50,310.65,306.25,307.15,306.90,310.50,,307.16,,,375445,115645075.45,9745,F1,1,,,,,
2026-09-28,2026-09-28,CM,NSE,STK,20854,INE330T01021,HAPPYFORGE,EQ,,,,,HAPPY FORGINGS LIMITED,2059.90,2069.00,1981.30,1996.70,2000.00,2063.50,,1996.55,,,77145,155481709.90,13831,F1,1,,,,,
2026-09-28,2026-09-28,CM,NSE,STK,757665,INE0TLP01015,WHITEFORCE,SM,,,,,HAPPY SQUARE OUTSOURC S L,37.50,37.50,37.50,37.50,37.50,39.00,,37.50,,,3200,120000.00,2,F1,1600,,,,,
2026-09-28,2026-09-28,CM,NSE,STK,764131,INE1GFG01011,HAPPY,SM,,,,,HAPPY STEELS LIMITED,81.40,82.80,76.10,76.20,76.20,81.40,,76.20,,,28000,2189300.00,14,F1,2000,,,,,
2026-09-28,2026-09-28,CM,NSE,STK,8962,INE626Z01029,HARDWYN,EQ,,,,,HARDWYN INDIA LIMITED,9.50,9.50,9.15,9.23,9.30,9.27,,9.23,,,313648,2915717.08,574,F1,1,,,,,
2026-09-28,2026-09-28,CM,NSE,STK,8968,INE00EV01017,HARIOMPIPE,EQ,,,,,HARIOM PIPE INDUSTRIES L,344.00,356.90,336.40,342.10,344.95,344.55,,342.11,,,176245,60373869.10,5911,F1,1,,,,,
2026-09-28,2026-09-28,CM,NSE,STK,764703,INE400G01011,HRYNSHP,EQ,,,,,HARIYANA SHIP BREAKERS L,95.01,96.99,95.01,96.01,96.01,97.01,,96.03,,,1353,129983.10,41,F1,1,,,,,
2026-09-28,2026-09-28,CM,NSE,STK,1313,INE544A01019,HARRMALAYA,EQ,,,,,HARRISON MALAYALAM LTD,174.99,174.99,167.00,167.90,167.00,172.59,,167.89,,,8098,1379619.56,351,F1,1,,,,,
2026-09-28,2026-09-28,CM,NSE,STK,11162,INE0JUS01029,HARSHA,EQ,,,,,HARSHA ENGINEERS INT LTD,465.00,474.90,463.10,465.55,467.25,462.05,,465.55,,,196133,91927859.60,8909,F1,1,,,,,
2026-09-28,2026-09-28,CM,NSE,STK,18154,INE982F01036,HATHWAY,EQ,,,,,HATHWAY CABLE & DATACOM,9.93,9.94,9.24,9.37,9.37,9.93,,9.37,,,6072196,57724176.58,11425,F1,1,,,,,
2026-09-28,2026-09-28,CM,NSE,STK,3892,INE473B01035,HATSUN,EQ,,,,,HATSUN AGRO PRODUCT LTD.,1165.40,1165.40,1110.00,1119.40,1129.70,1165.30,,1119.41,,,33878,38352038.00,4622,F1,1,,,,,
2026-09-28,2026-09-28,CM,NSE,STK,9819,INE176B01034,HAVELLS,EQ,,,,,HAVELLS INDIA LIMITED,1099.90,1099.90,1074.50,1085.00,1085.00,1096.50,,1085.23,,,735161,795086215.50,32128,F1,1,,,,,
2026-09-28,2026-09-28,CM,NSE,STK,4444,INE979B01015,HAWKINCOOK,EQ,,,,,HAWKINS COOKERS LTD,8074.50,8148.00,7940.50,8082.50,8125.50,8047.50,,8082.11,,,31652,255763898.50,861,F1,1,,,,,
2026-09-28,2026-09-28,CM,NSE,STK,764693,INE550F01049,HAZOOR,EQ,,,,,HAZOOR MULTI PROJECTS LTD,19.46,19.81,18.72,18.98,18.75,19.36,,18.98,,,90116,1725039.24,550,F1,1,,,,,
2026-09-28,2026-09-28,CM,NSE,STK,765080,INE638B01025,HBPOR,EQ,,,,,HB PORTFOLIO LTD.,59.15,59.75,58.40,59.75,59.75,60.60,,59.88,,,212,12488.35,9,F1,1,,,,,
2026-09-28,2026-09-28,CM,NSE,STK,4116,INE550B01022,HBSL,EQ,,,,,HB STOCKHOLDINGS LIMITED,58.20,59.61,55.30,55.80,55.50,56.08,,55.80,,,2384,134693.20,66,F1,1,,,,,
2026-09-28,2026-09-28,CM,NSE,STK,13966,INE292B01021,HBLENGINE,EQ,,,,,HBL ENGINEERING LTD,813.40,829.90,782.20,785.65,785.95,806.00,,785.65,,,4227965,3421794265.95,100974,F1,1,,,,,
2026-09-28,2026-09-28,CM,NSE,STK,1327,INE236A01020,HCL-INSYS,EQ,,,,,HCL INFOSYSTEMS LTD,10.50,10.50,9.94,10.05,10.15,10.57,,10.05,,,611495,6142437.56,1962,F1,1,,,,,
2026-09-28,2026-09-28,CM,NSE,STK,7229,INE860A01027,HCLTECH,EQ,,,,,HCL TECHNOLOGIES LTD,1252.00,1267.30,1241.80,1252.60,1252.60,1258.00,,1252.63,,,2272247,2844994913.10,58112,F1,1,,,,,
2026-09-28,2026-09-28,CM,NSE,STK,757772,INE756I01012,HDBFS,EQ,,,,,HDB FINANCIAL SERVICES L,650.00,652.80,636.05,637.40,637.95,648.15,,637.37,,,284024,182691974.75,15557,F1,1,,,,,
2026-09-28,2026-09-28,CM,NSE,STK,4244,INE127D01025,HDFCAMC,EQ,,,,,HDFC AMC LIMITED,2362.00,2366.20,2300.70,2302.30,2302.30,2378.00,,2302.31,,,877414,2032564992.00,39833,F1,1,,,,,
2026-09-28,2026-09-28,CM,NSE,STK,1333,INE040A01034,HDFCBANK,EQ,,,,,HDFC BANK LTD,731.60,733.00,718.10,719.05,719.05,735.60,,719.05,,,21675579,15652797681.90,287448,F1,1,,,,,
2026-09-28,2026-09-28,CM,NSE,STK,19543,INF179KC1981,HDFCGOLD,EQ,,,,,HDFC GOLD ETF,126.80,126.80,124.90,125.41,125.50,128.63,,125.41,,,10725925,1347322516.18,19950,F1,1,,,,,
2026-09-28,2026-09-28,CM,NSE,STK,467,INE795G01014,HDFCLIFE,EQ,,,,,HDFC LIFE INS CO LTD,531.00,534.50,525.90,531.60,531.60,531.00,,531.11,,,2307139,1222523377.70,37522,F1,1,,,,,
2026-09-28,2026-09-28,CM,NSE,STK,14230,INF179KC1EZ4,HDFCBSE500,EQ,,,,,HDFCAMC - HDFCBSE500,36.51,36.51,35.68,35.78,35.89,36.38,,35.78,,,4921109,176438987.71,639,F1,1,,,,,
2026-09-28,2026-09-28,CM,NSE,STK,11241,INF179KC1DJ0,HDFCGROWTH,EQ,,,,,HDFCAMC - HDFCGROWTH,114.99,114.99,112.16,113.62,112.60,113.41,,113.67,,,13887,1569529.70,495,F1,1,,,,,
2026-09-28,2026-09-28,CM,NSE,STK,18279,INF179KC1JG3,HDFCLIQUID,EQ,,,,,HDFCAMC - HDFCLIQUID,1079.78,1079.78,1079.76,1079.76,1079.76,1079.63,,1079.76,,,102336,110499523.68,84,F1,1,,,,,
2026-09-28,2026-09-28,CM,NSE,STK,11547,INF179KC1HU8,HDFCLOWVOL,EQ,,,,,HDFCAMC - HDFCLOWVOL,19.70,19.70,19.56,19.63,19.67,19.81,,19.65,,,5462,107234.15,101,F1,1,,,,,
2026-09-28,2026-09-28,CM,NSE,STK,14236,INF179KC1HT0,HDFCMID150,EQ,,,,,HDFCAMC - HDFCMID150,23.00,23.00,22.35,22.40,22.45,22.70,,22.41,,,901111,20240927.13,2652,F1,1,,,,,
2026-09-28,2026-09-28,CM,NSE,STK,11538,INF179KC1HV6,HDFCMOMENT,EQ,,,,,HDFCAMC - HDFCMOMENT,30.50,30.58,29.79,29.84,30.02,30.51,,29.84,,,343120,10309289.23,1470,F1,1,,,,,
2026-09-28,2026-09-28,CM,NSE,STK,10619,INF179KC1HS2,HDFCNEXT50,EQ,,,,,HDFCAMC - HDFCNEXT50,73.21,73.35,71.77,72.01,72.19,73.21,,72.01,,,203853,14763758.40,1113,F1,1,,,,,
2026-09-28,2026-09-28,CM,NSE,STK,10633,INF179KC1HR4,HDFCNIF100,EQ,,,,,HDFCAMC - HDFCNIF100,25.00,25.28,24.77,24.80,24.87,25.18,,24.80,,,55969,1390675.63,517,F1,1,,,,,
2026-09-28,2026-09-28,CM,NSE,STK,22433,INF179KC1HY0,HDFCNIFBAN,EQ,,,,,HDFCAMC - HDFCNIFBAN,57.33,57.33,56.01,56.17,56.27,57.29,,56.17,,,54715,3085580.34,682,F1,1,,,,,
2026-09-28,2026-09-28,CM,NSE,STK,12101,INF179KC1IA8,HDFCNIFIT,EQ,,,,,HDFCAMC - HDFCNIFIT,30.48,30.48,29.78,30.01,30.23,30.07,,30.02,,,207125,6207533.29,501,F1,1,,,,,
2026-09-28,2026-09-28,CM,NSE,STK,11591,INF179KC1965,HDFCNIFTY,EQ,,,,,HDFCAMC - HDFCNIFTY,267.75,267.75,257.25,257.58,257.70,261.22,,257.58,,,357895,92312866.50,2238,F1,1,,,,,
2026-09-28,2026-09-28,CM,NSE,STK,764336,INF179KC1KT4,HDFCNIMEG,EQ,,,,,HDFCAMC - HDFCNIMEG,130.07,130.13,128.30,128.86,128.91,130.71,,128.86,,,2053,264676.49,82,F1,1,,,,,
2026-09-28,2026-09-28,CM,NSE,STK,12108,INF179KC1HZ7,HDFCPVTBAN,EQ,,,,,HDFCAMC - HDFCPVTBAN,28.13,28.13,26.98,27.09,27.16,27.45,,27.09,,,296235,8018817.14,720,F1,1,,,,,
2026-09-28,2026-09-28,CM,NSE,STK,11255,INF179KC1DL6,HDFCQUAL,EQ,,,,,HDFCAMC - HDFCQUAL,56.08,57.50,56.00,56.22,56.34,56.53,,56.22,,,9202,517336.22,150,F1,1,,,,,
2026-09-28,2026-09-28,CM,NSE,STK,11593,INF179KC1HX2,HDFCSENSEX,EQ,,,,,HDFCAMC - HDFCSENSEX,86.13,86.13,82.70,82.95,83.10,84.03,,82.95,,,120189,9972113.20,1442,F1,1,,,,,
2026-09-28,2026-09-28,CM,NSE,STK,10876,INF179KC1DI2,HDFCSILVER,EQ,,,,,HDFCAMC - HDFCSILVER,213.62,213.77,209.35,210.33,210.75,218.66,,210.33,,,6362422,1342292082.97,25452,F1,1,,,,,
2026-09-28,2026-09-28,CM,NSE,STK,14233,INF179KC1FB2,HDFCSML250,EQ,,,,,HDFCAMC - HDFCSML250,184.09,185.16,180.16,180.50,180.74,183.33,,180.50,,,1360128,246196611.49,21981,F1,1,,,,,
2026-09-28,2026-09-28,CM,NSE,STK,11260,INF179KC1DK8,HDFCVALUE,EQ,,,,,HDFCAMC - HDFCVALUE,121.26,121.26,118.87,119.18,119.38,121.27,,119.18,,,23115,2757798.64,258,F1,1,,,,,
2026-09-28,2026-09-28,CM,NSE,STK,22595,INF179KC1HW4,HDFCPSUBK,EQ,,,,,HDFCAMC HDFCPSUBK,85.00,85.00,80.83,81.23,81.65,83.61,,81.24,,,40690,3328396.55,414,F1,1,,,,,
2026-09-28,2026-09-28,CM,NSE,STK,19205,INE759V01019,HEADSUP,EQ,,,,,HEADS UP VENTURES LIMITED,6.65,6.88,6.21,6.61,6.62,6.65,,6.65,,,16060,105352.33,209,F1,1,,,,,
2026-09-28,2026-09-28,CM,NSE,STK,20063,INE019J01013,HEALTHX,EQ,,,,,HEALTH X PLATFORM LIMITED,286.00,289.90,280.20,285.15,286.45,288.65,,281.00,,,7226,2060021.55,177,F1,1,,,,,
2026-09-28,2026-09-28,CM,NSE,STK,15555,INE075I01017,HCG,EQ,,,,,HEALTHCARE GLOB. ENT. LTD,703.30,709.30,684.00,691.20,694.05,698.65,,691.24,,,57603,39728873.35,6725,F1,1,,,,,
2026-09-28,2026-09-28,CM,NSE,STK,7425,INE558R01013,HECPROJECT,EQ,,,,,HEC INFRA PROJECTS LTD,115.48,116.05,112.00,112.86,112.55,115.48,,112.86,,,6675,758130.75,170,F1,1,,,,,
2026-09-28,2026-09-28,CM,NSE,STK,1336,INE545A01024,HEGAM,EQ,,,,,HEG ADVANCED MATERIAL LTD,246.20,246.50,237.00,240.00,241.75,244.35,,240.00,,,670735,160626431.05,13024,F1,1,,,,,
2026-09-28,2026-09-28,CM,NSE,STK,2316,INE578A01017,HEIDELBERG,EQ,,,,,HEIDELBERGCEMENT (I) LTD,134.90,135.75,131.10,131.45,131.50,134.97,,131.45,,,198118,26410982.12,3074,F1,1,,,,,
2026-09-28,2026-09-28,CM,NSE,STK,701,INE0AJG01018,HEMIPROP,EQ,,,,,HEMISPHERE PROP IND LTD,120.49,120.49,115.55,115.95,116.25,120.36,,115.95,,,370669,43317233.39,4179,F1,1,,,,,
2026-09-28,2026-09-28,CM,NSE,STK,2614,INE694N01015,HERANBA,EQ,,,,,HERANBA INDUSTRIES LTD,187.90,188.78,179.00,179.94,179.00,187.60,,179.93,,,103604,19004569.65,3293,F1,1,,,,,
2026-09-28,2026-09-28,CM,NSE,STK,4598,INE978A01027,HERITGFOOD,EQ,,,,,HERITAGE FOODS LTD,405.00,409.35,397.05,402.05,401.80,407.40,,402.07,,,233359,94184575.75,8642,F1,1,,,,,
2026-09-28,2026-09-28,CM,NSE,STK,1348,INE158A01026,HEROMOTOCO,EQ,,,,,HERO MOTOCORP LIMITED,5360.00,5390.50,5306.00,5390.00,5390.00,5360.00,,5389.99,,,340540,1823165032.50,38432,F1,1,,,,,
2026-09-28,2026-09-28,CM,NSE,STK,766171,INE012G01022,HEROMOTORS,EQ,,,,,HERO MOTORS LIMITED,152.37,155.85,127.53,135.06,135.00,141.69,,135.07,,,136791675,18543337182.71,688638,F1,1,,,,,
2026-09-28,2026-09-28,CM,NSE,STK,7048,INE782E01017,HESTERBIO,EQ,,,,,HESTER BIOSCIENCES LTD,2172.30,2174.80,2136.00,2147.30,2140.10,2182.90,,2147.22,,,1514,3263716.30,305,F1,1,,,,,
2026-09-28,2026-09-28,CM,NSE,STK,27008,INE750M01017,HEXATRADEX,EQ,,,,,HEXA TRADEX LIMITED,159.96,159.96,154.02,155.00,155.00,157.35,,155.88,,,1656,259541.75,35,F1,1,,,,,
2026-09-28,2026-09-28,CM,NSE,STK,750116,INE0JUI01012,HEXAGON,BE,,,,,HEXAGON NUTRITION LIMITED,65.40,65.60,63.75,64.35,64.70,65.10,,64.93,,,109521,7032140.42,440,F1,1,,,,,
2026-09-28,2026-09-28,CM,NSE,STK,29666,INE093A01041,HEXT,EQ,,,,,HEXAWARE TECHNOLOGIES LTD,498.00,500.90,486.55,489.25,489.00,496.70,,489.25,,,168826,82692992.60,9557,F1,1,,,,,
2026-09-28,2026-09-28,CM,NSE,STK,21954,INE548A01028,HFCL,BE,,,,,HFCL LIMITED,208.15,209.16,201.00,205.92,206.50,211.27,,205.90,,,5594279,1143576274.81,39900,F1,1,,,,,
2026-09-28,2026-09-28,CM,NSE,STK,25622,INE957N08151,920HFL30,N0,,,,,HFL 9.20% 2030 SR 67,104678.00,104738.50,104678.00,104678.00,104678.00,104609.00,,104678.00,,,13,1361116.50,4,F1,1,,,,,
2026-09-28,2026-09-28,CM,NSE,STK,18794,INE0PIC01017,HIGREEN,SM,,,,,HI GREEN CARBON LIMITED,132.75,132.75,113.40,113.95,114.00,129.50,,113.95,,,128000,15057120.00,156,F1,800,,,,,
2026-09-28,2026-09-28,CM,NSE,STK,2868,INE106T01025,HITECH,EQ,,,,,HI-TECH PIPES LIMITED,73.65,74.20,73.10,73.34,73.80,73.60,,73.34,,,413027,30421481.62,2547,F1,1,,,,,
2026-09-28,2026-09-28,CM,NSE,STK,759103,INE00RL01028,HILINFRA,EQ,,,,,HIGHWAY INFRASTRUCTURE L,43.55,43.55,42.43,42.61,42.95,42.86,,42.59,,,55580,2365763.29,592,F1,1,,,,,
2026-09-28,2026-09-28,CM,NSE,STK,9668,INE475B01022,HIKAL,EQ,,,,,HIKAL LIMITED,218.00,219.86,207.64,208.80,210.78,217.58,,208.83,,,611079,129874439.18,11320,F1,1,,,,,
2026-09-28,2026-09-28,CM,NSE,STK,14627,INE788H01017,HILTON,EQ,,,,,HILTON METAL FORGING LTD,17.45,17.45,16.31,16.78,16.80,16.85,,16.78,,,79606,1335877.46,414,F1,1,,,,,
2026-09-28,2026-09-28,CM,NSE,STK,14334,INE019C01026,HSCL,EQ,,,,,HIMADRI SPECIALITY CHEM L,677.10,678.95,666.60,669.95,672.00,678.75,,669.95,,,1391854,934628841.05,24564,F1,1,,,,,
2026-09-28,2026-09-28,CM,NSE,STK,1360,INE049A01027,HIMATSEIDE,EQ,,,,,HIMATSINGKA SEIDE LTD,69.25,69.25,65.80,66.13,66.09,68.79,,66.13,,,642102,42954085.09,6836,F1,1,,,,,
2026-09-28,2026-09-28,CM,NSE,STK,765085,INE227B01019,HINDALUMI,EQ,,,,,HIND ALUMINIUM INDS. LTD.,92.43,94.50,86.30,91.43,91.43,92.43,,91.38,,,2523,230149.06,246,F1,1,,,,,
2026-09-28,2026-09-28,CM,NSE,STK,1363,INE038A01020,HINDALCO,EQ,,,,,HINDALCO  INDUSTRIES  LTD,972.00,972.90,951.10,955.90,955.90,977.00,,955.90,,,3354458,3218334956.70,73534,F1,1,,,,,
2026-09-28,2026-09-28,CM,NSE,STK,4920,INE642Y01029,HINDCON,EQ,,,,,HINDCON CHEMICALS LIMITED,30.29,30.36,30.00,30.36,30.36,27.60,,30.36,,,167674,5088662.85,604,F1,1,,,,,
2026-09-28,2026-09-28,CM,NSE,STK,11796,INE05X901010,HPIL,EQ,,,,,HINDPRAKASH INDUSTRY LTD,115.40,115.40,115.40,115.40,115.40,115.40,,115.40,,,6,692.40,3,F1,1,,,,,
2026-09-28,2026-09-28,CM,NSE,STK,14712,INE170I01016,HGS,EQ,,,,,HINDUJA GLOBAL SOLS. LTD.,378.00,380.00,369.95,372.35,372.00,376.60,,372.35,,,8424,3140283.35,692,F1,1,,,,,
2026-09-28,2026-09-28,CM,NSE,STK,764698,INE074C01013,HINDADH,EQ,,,,,HINDUSTAN ADHESIVES LTD.,386.30,392.95,377.00,384.45,390.00,386.30,,384.45,,,1375,529592.85,77,F1,1,,,,,
2026-09-28,2026-09-28,CM,NSE,STK,2303,INE066F01020,HAL,EQ,,,,,HINDUSTAN AERONAUTICS LTD,4790.10,4793.90,4720.70,4738.00,4738.00,4800.00,,4738.02,,,810334,3846292413.40,43491,F1,1,,,,,
2026-09-28,2026-09-28,CM,NSE,STK,1372,INE310C01029,HINDCOMPOS,EQ,,,,,HINDUSTAN COMPOSITES LTD.,400.00,400.00,378.00,379.20,380.00,387.35,,379.28,,,2199,843554.55,188,F1,1,,,,,
2026-09-28,2026-09-28,CM,NSE,STK,1375,INE549A01026,HCC,EQ,,,,,HINDUSTAN CONSTRUCTION CO,21.24,21.26,20.50,20.55,20.59,21.26,,20.55,,,10738113,223044850.67,21769,F1,1,,,,,
2026-09-28,2026-09-28,CM,NSE,STK,17939,INE531E01026,HINDCOPPER,EQ,,,,,HINDUSTAN COPPER LTD,484.65,484.80,478.15,479.60,480.40,494.65,,479.62,,,6075956,2920931935.15,104043,F1,1,,,,,
2026-09-28,2026-09-28,CM,NSE,STK,12173,INE254N01026,HNDFDS,EQ,,,,,HINDUSTAN FOODS LIMITED,610.20,610.90,600.15,602.15,600.50,612.35,,602.14,,,47842,28954880.55,7008,F1,1,,,,,
2026-09-28,2026-09-28,CM,NSE,STK,19215,INE871K01015,HMVL,BE,,,,,HINDUSTAN MEDIA VENT LTD,71.87,72.63,68.63,68.96,69.65,72.24,,68.96,,,61166,4252183.21,282,F1,1,,,,,
2026-09-28,2026-09-28,CM,NSE,STK,1403,INE345A01011,HINDOILEXP,EQ,,,,,HINDUSTAN OIL EXPLORATION,174.55,177.59,171.02,172.98,173.34,173.38,,172.98,,,487798,84957137.85,9753,F1,1,,,,,
2026-09-28,2026-09-28,CM,NSE,STK,1406,INE094A01015,HINDPETRO,EQ,,,,,HINDUSTAN PETROLEUM CORP,349.00,349.35,340.45,342.45,342.45,351.00,,342.45,,,4062685,1399946367.50,41922,F1,1,,,,,
2026-09-28,2026-09-28,CM,NSE,STK,1394,INE030A01027,HINDUNILVR,EQ,,,,,HINDUSTAN UNILEVER LTD.,1932.10,1933.20,1893.20,1896.00,1896.00,1942.90,,1896.00,,,1852879,3528450620.80,79320,F1,1,,,,,
2026-09-28,2026-09-28,CM,NSE,STK,1424,INE267A01025,HINDZINC,EQ,,,,,HINDUSTAN ZINC LIMITED,576.25,580.30,568.25,573.00,573.00,588.95,,573.05,,,3911892,2247669024.35,51182,F1,1,,,,,
2026-09-28,2026-09-28,CM,NSE,STK,15883,INE05AN01011,HINDWAREAP,EQ,,,,,HINDWARE HME INOVATON LTD,173.00,175.19,169.50,170.34,170.12,173.68,,170.34,,,108436,18487425.42,3592,F1,1,,,,,
2026-09-28,2026-09-28,CM,NSE,STK,13890,INE835D01023,HIRECT,EQ,,,,,HIRECT LIMITED,1212.00,1227.90,1172.90,1179.40,1177.00,1212.90,,1179.40,,,32306,38250858.20,3351,F1,1,,,,,
2026-09-28,2026-09-28,CM,NSE,STK,19322,INE598C01011,HISARMETAL,EQ,,,,,HISAR METAL IND. LIMITED,150.40,153.99,150.05,151.96,151.50,152.88,,151.96,,,449,67990.74,37,F1,1,,,,,
2026-09-28,2026-09-28,CM,NSE,STK,18457,INE07Y701011,POWERINDIA,EQ,,,,,HITACHI ENERGY INDIA LTD,30995.00,30995.00,30000.00,30260.00,30260.00,31035.00,,30259.91,,,64781,1963218405.00,19469,F1,1,,,,,
2026-09-28,2026-09-28,CM,NSE,STK,15165,INE120D01012,HITECHCORP,BE,,,,,HITECH CORPORATION LTD,336.00,344.00,330.00,341.45,341.00,330.15,,341.45,,,38828,13140835.65,231,F1,1,,,,,
2026-09-28,2026-09-28,CM,NSE,STK,2289,INE461D01028,HLEGLAS,EQ,,,,,HLE GLASCOAT LIMITED,437.50,437.50,419.05,419.35,419.05,441.10,,419.37,,,171932,72702380.80,4857,F1,1,,,,,
2026-09-28,2026-09-28,CM,NSE,STK,1448,INE102A01024,HLVLTD,EQ,,,,,HLV LIMITED,6.55,6.55,6.15,6.37,6.40,6.53,,6.37,,,139134,883894.79,563,F1,1,,,,,
2026-09-28,2026-09-28,CM,NSE,STK,17053,INE0ECP01024,HMAAGRO,EQ,,,,,HMA AGRO INDUSTRIES LTD,24.20,25.10,23.88,24.02,24.24,23.98,,24.02,,,2692734,65587977.54,7569,F1,1,,,,,
2026-09-28,2026-09-28,CM,NSE,STK,19698,INE262A01018,HMT,BZ,,,,,HMT LTD -,62.40,62.40,58.25,59.04,59.05,61.31,,59.04,,,31878,1890399.83,192,F1,1,,,,,
2026-09-28,2026-09-28,CM,NSE,STK,23826,INE0S6S01017,HOACFOODS,ST,,,,,HOAC FOODS INDIA LIMITED,875.75,875.75,875.75,875.75,875.75,858.60,,875.75,,,1875,1642031.25,3,F1,375,,,,,
2026-09-28,2026-09-28,CM,NSE,STK,18649,INE0LXA01019,HOLMARC,SM,,,,,HOLMARC OPTO MECHATRO L,120.00,125.00,120.00,125.00,125.00,122.40,,125.00,,,7500,914400.00,10,F1,750,,,,,
2026-09-28,2026-09-28,CM,NSE,STK,2056,INE481N01025,HOMEFIRST,EQ,,,,,HOME FIRST FIN CO IND LTD,1105.00,1114.50,1081.60,1094.00,1096.60,1123.10,,1093.99,,,200561,218882929.00,14925,F1,1,,,,,
2026-09-28,2026-09-28,CM,NSE,STK,19813,INE0J5401028,HONASA,EQ,,,,,HONASA CONSUMER LIMITED,475.95,480.95,462.60,466.05,467.00,465.50,,466.07,,,1531653,720660064.15,38108,F1,1,,,,,
2026-09-28,2026-09-28,CM,NSE,STK,3138,INE634A01018,HONDAPOWER,EQ,,,,,HONDA I POWER PRODUCT LTD,1924.00,1924.00,1858.30,1862.80,1860.00,1915.20,,1863.56,,,4157,7787222.50,765,F1,1,,,,,
2026-09-28,2026-09-28,CM,NSE,STK,3417,INE671A01010,HONAUT,EQ,,,,,HONEYWELL AUTOMATION IND,33830.00,34040.00,33255.00,33855.00,33940.00,33865.00,,33849.31,,,2223,74827565.00,1571,F1,1,,,,,
2026-09-28,2026-09-28,CM,NSE,STK,765356,INE685T01010,HORIZONIND,EQ,,,,,HORIZON INDUSTRIAL PRKS L,50.25,52.40,50.00,51.79,52.19,50.52,,51.79,,,5041297,257476196.40,45106,F1,1,,,,,
2026-09-28,2026-09-28,CM,NSE,STK,17920,INE191I01012,HDIL,BZ,,,,,HOUSING DEV & INFRA LTD,1.47,1.48,1.45,1.47,1.47,1.45,,1.47,,,91910,133859.52,165,F1,1,,,,,
2026-09-28,2026-09-28,CM,NSE,STK,7376,INE0GSL01024,HPAL,EQ,,,,,HP ADHESIVES LIMITED,34.90,35.00,34.51,34.77,34.93,34.96,,34.77,,,22321,776608.75,370,F1,1,,,,,
2026-09-28,2026-09-28,CM,NSE,STK,29879,INE0VA601019,HPTL,ST,,,,,HP TELECOM INDIA LIMITED,442.00,451.00,442.00,450.90,450.00,454.00,,450.90,,,10200,4579800.00,13,F1,600,,,,,
2026-09-28,2026-09-28,CM,NSE,STK,18679,INE495S01016,HPL,EQ,,,,,HPL ELECTRIC & POWER LTD,279.45,279.55,269.25,270.95,270.95,278.15,,270.90,,,118113,32190131.45,4054,F1,1,,,,,
2026-09-28,2026-09-28,CM,NSE,STK,21107,INE0R3501012,HRHNEXT,SM,,,,,HRH NEXT SERVICES LIMITED,23.10,23.10,23.10,23.10,23.10,24.30,,23.10,,,10500,242550.00,7,F1,1500,,,,,
2026-09-28,2026-09-28,CM,NSE,STK,761506,INF336L01RX2,HSBCGOLD,EQ,,,,,HSBCAMC - HSBCGOLD,129.51,130.50,126.10,127.28,127.13,130.64,,127.29,,,25611,3267830.14,134,F1,1,,,,,
2026-09-28,2026-09-28,CM,NSE,STK,20825,INE031A01017,HUDCO,EQ,,,,,HSG & URBAN DEV CORPN LTD,173.25,174.00,168.00,168.66,168.31,173.99,,168.66,,,1537626,261600761.44,21728,F1,1,,,,,
2026-09-28,2026-09-28,CM,NSE,STK,11979,INE501G01024,HTMEDIA,EQ,,,,,HT MEDIA LIMITED,23.95,24.67,22.66,23.10,22.67,24.06,,23.10,,,69991,1639720.10,447,F1,1,,,,,
2026-09-28,2026-09-28,CM,NSE,STK,14203,INE703H01016,HUBTOWN,EQ,,,,,HUBTOWN LIMITED,170.55,171.95,167.55,167.87,168.00,171.67,,167.86,,,737104,124062780.31,5176,F1,1,,,,,
2026-09-28,2026-09-28,CM,NSE,STK,2562,INE275B01026,HUHTAMAKI,EQ,,,,,HUHTAMAKI INDIA LIMITED,240.70,241.70,233.15,234.20,235.80,243.25,,234.20,,,93608,22129013.75,3275,F1,1,,,,,
2026-09-28,2026-09-28,CM,NSE,STK,25708,INE0TO501019,HVAX,SM,,,,,HVAX TECHNOLOGIES LIMITED,685.00,704.95,685.00,700.65,702.95,676.70,,700.65,,,1500,1041532.50,8,F1,150,,,,,
2026-09-28,2026-09-28,CM,NSE,STK,765467,INE0LEG01024,HTEL,EQ,,,,,HY-TECH ENGINEERS LIMITED,66.30,67.49,62.91,65.64,66.15,67.03,,65.64,,,2730000,177365015.95,20016,F1,1,,,,,
2026-09-28,2026-09-28,CM,NSE,STK,12809,INE965B01022,HYBRIDFIN,EQ,,,,,HYBRID FINANCIAL SERVICE,16.70,18.35,16.70,17.36,16.88,16.70,,17.30,,,3559,61981.75,64,F1,1,,,,,
2026-09-28,2026-09-28,CM,NSE,STK,25844,INE0V6F01027,HYUNDAI,EQ,,,,,HYUNDAI MOTOR INDIA LTD,2105.00,2113.00,2040.50,2050.70,2050.70,2115.00,,2050.72,,,539910,1112109440.40,31181,F1,1,,,,,
2026-09-28,2026-09-28,CM,NSE,STK,14086,INE204A01010,IGPL,EQ,,,,,I G PETROCHEMICALS LTD,609.90,609.90,579.05,581.55,581.70,593.15,,581.45,,,48549,28690947.05,2464,F1,1,,,,,
2026-09-28,2026-09-28,CM,NSE,STK,764718,INE684B01029,ISTLTD,EQ,,,,,I S T LTD.,661.00,661.00,631.05,639.60,640.00,660.00,,640.95,,,959,614101.40,76,F1,1,,,,,
2026-09-28,2026-09-28,CM,NSE,STK,21348,INE0O7401018,IBLFL,SM,,,,,IBL FINANCE LIMITED,61.00,61.00,61.00,61.00,61.00,62.00,,61.00,,,2000,122000.00,1,F1,2000,,,,,
2026-09-28,2026-09-28,CM,NSE,STK,764064,INE0XE501015,ICELCO,SM,,,,,IC ELECTRICALS COMPANY L,132.65,132.65,128.00,128.25,128.00,132.65,,128.25,,,21600,2792400.00,18,F1,1200,,,,,
2026-09-28,2026-09-28,CM,NSE,STK,9610,INE613B01010,ICDSLTD,BE,,,,,ICDSLTD,56.99,56.99,54.15,54.15,54.15,56.99,,54.83,,,646,35170.77,23,F1,1,,,,,
2026-09-28,2026-09-28,CM,NSE,STK,489,INE520Y01019,ICEMAKE,EQ,,,,,ICE MAKE REFRIGERAT LTD,655.60,662.45,645.90,648.75,650.00,663.80,,648.75,,,24632,16050141.85,1830,F1,1,,,,,
2026-09-28,2026-09-28,CM,NSE,STK,4963,INE090A01021,ICICIBANK,EQ,,,,,ICICI BANK LTD.,1321.10,1323.80,1300.00,1302.00,1302.00,1326.80,,1302.00,,,6327946,8261100507.20,148552,F1,1,,,,,
2026-09-28,2026-09-28,CM,NSE,STK,21770,INE765G01017,ICICIGI,EQ,,,,,ICICI LOMBARD GIC LIMITED,1544.00,1559.30,1526.20,1540.00,1540.00,1553.70,,1540.21,,,453608,700100396.90,24136,F1,1,,,,,
2026-09-28,2026-09-28,CM,NSE,STK,21254,INF109KC19U5,LOWVOLIETF,EQ,,,,,ICICI PR NIF LW VL 30 ETF,21.60,21.60,20.97,21.00,21.10,21.18,,21.00,,,2851924,59982445.73,15500,F1,1,,,,,
2026-09-28,2026-09-28,CM,NSE,STK,18652,INE726G01019,ICICIPRULI,EQ,,,,,ICICI PRU LIFE INS CO LTD,458.60,464.20,450.65,458.70,458.70,463.00,,459.02,,,1352420,617055256.20,44336,F1,1,,,,,
2026-09-28,2026-09-28,CM,NSE,STK,17702,INF109KC10W0,MIDSELIETF,EQ,,,,,ICICI PRUD MIDCAP SEL ETF,19.03,19.44,18.72,18.82,19.14,19.03,,18.82,,,325940,6143855.73,1172,F1,1,,,,,
2026-09-28,2026-09-28,CM,NSE,STK,30392,INF109KC16V9,NIF100IETF,EQ,,,,,ICICI PRUD NIFTY 100 ETF,27.83,27.83,26.72,26.80,26.84,27.16,,26.80,,,264263,7086930.72,2293,F1,1,,,,,
2026-09-28,2026-09-28,CM,NSE,STK,29553,INF109K012R6,NIFTYIETF,EQ,,,,,ICICI PRUD NIFTY ETF,262.33,262.77,258.71,259.14,259.27,262.67,,259.14,,,1273178,330434199.72,18943,F1,1,,,,,
2026-09-28,2026-09-28,CM,NSE,STK,4378,INF346A01034,SENSEXIETF,EQ,,,,,ICICI PRUD SENSEX ETF,842.30,858.40,838.01,839.98,838.80,851.76,,840.07,,,24379,20498094.68,1033,F1,1,,,,,
2026-09-28,2026-09-28,CM,NSE,STK,760407,INE346A01027,ICICIAMC,EQ,,,,,ICICI PRUDENTIAL AMC LTD,3170.10,3235.00,3133.20,3214.50,3225.00,3184.60,,3214.12,,,166130,527203121.60,17542,F1,1,,,,,
2026-09-28,2026-09-28,CM,NSE,STK,19679,INF109KC1NT3,GOLDIETF,EQ,,,,,ICICI PRUDENTIAL GOLD ETF,127.50,127.50,125.00,125.45,125.50,129.03,,125.45,,,10822206,1359926336.91,59301,F1,1,,,,,
2026-09-28,2026-09-28,CM,NSE,STK,17475,INF109KC11V0,NV20IETF,EQ,,,,,ICICI PRUDENTIAL NV20 ETF,13.11,13.11,12.70,12.89,12.94,13.11,,12.89,,,1477538,19083664.51,3435,F1,1,,,,,
2026-09-28,2026-09-28,CM,NSE,STK,522,INF109KB15Y7,ICICIB22,EQ,,,,,ICICIPRAMC - BHARATIWIN,110.60,112.86,110.35,110.69,110.39,112.40,,110.69,,,276073,30664741.85,5213,F1,1,,,,,
2026-09-28,2026-09-28,CM,NSE,STK,30139,INF109K1A021,CASHIETF,EQ,,,,,ICICIPRAMC - CASHIETF,1079.25,1081.42,1079.25,1081.41,1081.40,1081.27,,1081.41,,,174201,188382334.22,140,F1,1,,,,,
2026-09-28,2026-09-28,CM,NSE,STK,755881,INF109K1A153,EVIETF,EQ,,,,,ICICIPRAMC - EVIETF,31.52,31.52,30.89,30.95,31.04,31.52,,30.95,,,188709,5862837.44,1282,F1,1,,,,,
2026-09-28,2026-09-28,CM,NSE,STK,13143,INF109KC18O0,GSEC10IETF,EQ,,,,,ICICIPRAMC - ICICI10GS,262.05,262.05,262.05,262.05,262.05,262.05,,260.73,,,39,10219.95,1,F1,1,,,,,
2026-09-28,2026-09-28,CM,NSE,STK,3001,INF109KC1V59,BSE500IETF,EQ,,,,,ICICIPRAMC - ICICI500,39.27,39.27,37.57,37.70,37.76,38.32,,37.70,,,112050,4235355.99,1764,F1,1,,,,,
2026-09-28,2026-09-28,CM,NSE,STK,8342,INF109KC14A8,GSEC5IETF,EQ,,,,,ICICIPRAMC - ICICI5GSEC,66.15,66.97,65.80,65.97,66.97,65.85,,65.97,,,13075,862893.95,44,F1,1,,,,,
2026-09-28,2026-09-28,CM,NSE,STK,22344,INF109KC17V7,ALPL30IETF,EQ,,,,,ICICIPRAMC - ICICIALPLV,26.85,26.85,26.52,26.54,26.69,26.85,,26.55,,,242347,6453470.93,1706,F1,1,,,,,
2026-09-28,2026-09-28,CM,NSE,STK,7844,INF109KC10V2,AUTOIETF,EQ,,,,,ICICIPRAMC - ICICIAUTO,28.62,28.62,27.41,27.56,27.61,27.93,,27.56,,,387061,10693953.03,2962,F1,1,,,,,
2026-09-28,2026-09-28,CM,NSE,STK,11386,INF109KC18U7,PVTBANIETF,EQ,,,,,ICICIPRAMC - ICICIBANKP,27.11,27.17,26.72,26.83,26.92,27.24,,26.82,,,1654873,44438151.92,2310,F1,1,,,,,
2026-09-28,2026-09-28,CM,NSE,STK,13198,INF109KC19O8,COMMOIETF,EQ,,,,,ICICIPRAMC - ICICICOMMO,97.47,97.47,95.05,95.39,96.01,96.96,,95.39,,,137500,13153438.61,1377,F1,1,,,,,
2026-09-28,2026-09-28,CM,NSE,STK,6446,INF109KC1V42,CONSUMIETF,EQ,,,,,ICICIPRAMC - ICICICONSU,118.14,118.14,116.95,117.21,117.57,118.30,,117.21,,,10608,1242698.47,290,F1,1,,,,,
2026-09-28,2026-09-28,CM,NSE,STK,5306,INF109KC19V3,FMCGIETF,EQ,,,,,ICICIPRAMC - ICICIFMCG,49.48,49.53,48.63,48.76,48.96,49.48,,48.76,,,1204508,58830747.39,6272,F1,1,,,,,
2026-09-28,2026-09-28,CM,NSE,STK,10723,INF109KC16E5,INFRAIETF,EQ,,,,,ICICIPRAMC - ICICIINFRA,92.47,92.47,90.34,90.51,90.66,92.43,,90.52,,,133108,12089339.09,5691,F1,1,,,,,
2026-09-28,2026-09-28,CM,NSE,STK,4838,INF109KC1KT9,LIQUIDIETF,EQ,,,,,ICICIPRAMC - ICICILIQ,1000.00,1000.01,999.99,999.99,1000.00,999.99,,999.99,,,1224512,1224511893.76,301,F1,1,,,,,
2026-09-28,2026-09-28,CM,NSE,STK,17152,INF109KC11W8,MIDCAPIETF,EQ,,,,,ICICIPRAMC - ICICIM150,24.01,24.01,22.80,22.90,22.90,23.31,,22.90,,,1845107,42377376.00,4327,F1,1,,,,,
2026-09-28,2026-09-28,CM,NSE,STK,10585,INF109KC17C7,MOM30IETF,EQ,,,,,ICICIPRAMC - ICICIMOM30,29.89,30.85,29.89,30.19,30.29,30.66,,30.19,,,499940,15146568.19,2938,F1,1,,,,,
2026-09-28,2026-09-28,CM,NSE,STK,4529,INF109KC1NS5,NEXT50IETF,EQ,,,,,ICICIPRAMC - ICICINXT50,76.45,76.45,74.31,74.42,74.58,75.81,,74.42,,,1175958,87896665.17,11766,F1,1,,,,,
2026-09-28,2026-09-28,CM,NSE,STK,3626,INF109KC1Q72,HEALTHIETF,EQ,,,,,ICICIPRAMC - ICICIPHARM,175.45,175.45,169.12,169.72,170.30,172.01,,169.72,,,137494,23403291.60,3414,F1,1,,,,,
2026-09-28,2026-09-28,CM,NSE,STK,17808,INF109KC18V5,QUAL30IETF,EQ,,,,,ICICIPRAMC - ICICIQTY30,20.20,20.50,19.95,20.04,20.10,20.20,,20.06,,,176332,3533637.33,546,F1,1,,,,,
2026-09-28,2026-09-28,CM,NSE,STK,7942,INF109KC1Y56,SILVERIETF,EQ,,,,,ICICIPRAMC - ICICISILVE,222.80,223.40,219.10,220.20,220.43,228.35,,220.16,,,3873197,855933574.38,30543,F1,1,,,,,
2026-09-28,2026-09-28,CM,NSE,STK,22365,INF109KC16I6,ITIETF,EQ,,,,,ICICIPRAMC - ICICITECH,31.49,31.52,30.96,31.31,31.44,31.35,,31.31,,,355322,11091864.63,1805,F1,1,,,,,
2026-09-28,2026-09-28,CM,NSE,STK,764364,INF109K1A567,INSUREIETF,EQ,,,,,ICICIPRAMC - INSUREIETF,14.92,14.92,14.69,14.78,14.75,14.92,,14.78,,,906202,13417432.53,360,F1,1,,,,,
2026-09-28,2026-09-28,CM,NSE,STK,11037,INF109KC15I8,BANKIETF,EQ,,,,,ICICIPRAMC - IPRU5008,57.11,57.16,56.05,56.11,56.05,57.11,,56.11,,,420502,23683798.09,2943,F1,1,,,,,
2026-09-28,2026-09-28,CM,NSE,STK,24861,INF109KC19W1,METALIETF,EQ,,,,,ICICIPRAMC - METALIETF,13.18,13.25,12.88,12.91,12.90,13.18,,12.91,,,6643590,86256528.93,14705,F1,1,,,,,
2026-09-28,2026-09-28,CM,NSE,STK,24533,INF109KC18W3,OILIETF,EQ,,,,,ICICIPRAMC - OILIETF,11.01,11.04,10.84,10.85,10.88,11.01,,10.85,,,2570987,27974195.05,3832,F1,1,,,,,
2026-09-28,2026-09-28,CM,NSE,STK,14584,INF109KC10S8,PSUBNKIETF,EQ,,,,,ICICIPRAMC - PSUBANKICI,83.85,83.85,81.52,81.65,81.86,83.85,,81.65,,,157760,12979834.28,1600,F1,1,,,,,
2026-09-28,2026-09-28,CM,NSE,STK,754612,INF109K1A476,SMALLIETF,EQ,,,,,ICICIPRAMC - SMALLIETF,18.02,18.48,17.87,17.94,18.00,18.26,,17.94,,,55499,998197.63,362,F1,1,,,,,
2026-09-28,2026-09-28,CM,NSE,STK,757781,INF109K1A344,TOP15IETF,EQ,,,,,ICICIPRAMC - TOP15IETF,9.35,9.36,9.22,9.25,9.24,9.35,,9.25,,,289748,2679469.32,480,F1,1,,,,,
2026-09-28,2026-09-28,CM,NSE,STK,25851,INF109KC16X5,VAL30IETF,EQ,,,,,ICICIPRAMC - VAL30IETF,14.80,15.00,14.54,14.57,14.61,14.85,,14.57,,,411539,6024849.11,962,F1,1,,,,,
2026-09-28,2026-09-28,CM,NSE,STK,12578,INF109KC17L8,FINIETF,EQ,,,,,ICICIPRAMC-ICICIFIN,31.10,31.10,30.51,30.56,30.65,31.10,,30.56,,,403605,12363173.47,2327,F1,1,,,,,
2026-09-28,2026-09-28,CM,NSE,STK,14523,INE725G01011,ICRA,EQ,,,,,ICRA LIMITED,4398.80,4398.80,4305.00,4310.40,4314.00,4377.90,,4310.40,,,20932,90571706.70,5259,F1,1,,,,,
2026-09-28,2026-09-28,CM,NSE,STK,1476,INE008A01015,IDBI,EQ,,,,,IDBI BANK LIMITED,84.10,85.40,82.25,84.39,83.96,84.40,,84.39,,,14951776,1260665816.52,42196,F1,1,,,,,
2026-09-28,2026-09-28,CM,NSE,STK,17140,INE349Y01013,IDEAFORGE,EQ,,,,,IDEAFORGE TECHNO LTD,735.00,735.00,713.50,716.40,717.30,729.85,,716.40,,,115147,82750116.50,6985,F1,1,,,,,
2026-09-28,2026-09-28,CM,NSE,STK,28574,INE0TD101011,IDENTICAL,SM,,,,,IDENTICAL BRAINS STUDIO L,16.10,17.35,16.10,16.75,17.30,17.90,,16.75,,,8000,133900.00,4,F1,2000,,,,,
2026-09-28,2026-09-28,CM,NSE,STK,11184,INE092T01019,IDFCFIRSTB,EQ,,,,,IDFC FIRST BANK LIMITED,83.25,83.50,80.45,80.55,80.55,83.80,,80.55,,,21063238,1711025685.15,85540,F1,1,,,,,
2026-09-28,2026-09-28,CM,NSE,STK,1482,INE076C01018,IFBAGRO,EQ,,,,,IFB AGRO INDUSTRIES LTD,880.00,880.00,842.00,844.00,842.00,858.60,,844.10,,,1262,1072115.55,203,F1,1,,,,,
2026-09-28,2026-09-28,CM,NSE,STK,1485,INE559A01017,IFBIND,EQ,,,,,IFB INDUSTRIES LTD,1245.80,1249.70,1206.90,1214.20,1218.00,1225.20,,1214.14,,,29042,35567694.70,3386,F1,1,,,,,
2026-09-28,2026-09-28,CM,NSE,STK,1491,INE039A01010,IFCI,EQ,,,,,IFCI LTD,73.80,73.85,70.31,70.55,70.65,73.95,,70.55,,,34183109,2433237145.41,93563,F1,1,,,,,
2026-09-28,2026-09-28,CM,NSE,STK,436,INE133Y01011,IFGLEXPOR,EQ,,,,,IFGL REFRACTORIES LIMITED,198.70,199.50,191.30,192.71,191.30,197.45,,192.71,,,12385,2408719.62,537,F1,1,,,,,
2026-09-28,2026-09-28,CM,NSE,STK,759897,INE01XO07017,1225IFL27,N0,,,,,IFL 12.25% 2027,6252.00,6252.00,6252.00,6252.00,6252.00,6252.00,,6252.00,,,8,50016.00,3,F1,1,,,,,
2026-09-28,2026-09-28,CM,NSE,STK,634,INE188B01013,IGARASHI,EQ,,,,,IGARASHI MOTORS INDIA LTD,418.70,421.00,412.70,416.20,414.00,422.80,,416.15,,,38815,16138957.10,1645,F1,1,,,,,
2026-09-28,2026-09-28,CM,NSE,STK,761117,INE530B07591,852IIFL29,Y5,,,,,IIFL 8.52% TR I SR II,980.00,980.00,980.00,980.00,980.00,990.00,,980.00,,,25,24500.00,2,F1,1,,,,,
2026-09-28,2026-09-28,CM,NSE,STK,761118,INE530B07633,865IIFL31,Y6,,,,,IIFL 8.65% TR I SR III,986.50,986.50,986.50,986.50,986.50,985.00,,986.50,,,50,49325.00,1,F1,1,,,,,
2026-09-28,2026-09-28,CM,NSE,STK,756141,INE530B07534,930IIFL27,NX,,,,,IIFL 9:30% TR I SR III,1022.50,1022.50,1022.50,1022.50,1022.50,1022.50,,1022.50,,,4,4090.00,2,F1,1,,,,,
2026-09-28,2026-09-28,CM,NSE,STK,13072,INE489L01022,IIFLCAPS,EQ,,,,,IIFL CAPITAL SERVICES LTD,346.15,347.05,341.75,343.70,343.50,346.70,,343.70,,,741465,255679489.45,13885,F1,1,,,,,
2026-09-28,2026-09-28,CM,NSE,STK,11809,INE530B01024,IIFL,EQ,,,,,IIFL FINANCE LIMITED,609.90,609.90,593.05,598.15,598.50,616.95,,598.16,,,1208016,724241839.20,39232,F1,1,,,,,
2026-09-28,2026-09-28,CM,NSE,STK,761124,INE530B07641,IIFL06326,YC,,,,,IIFL TR I SR IX,981.00,995.00,981.00,995.00,995.00,1003.51,,995.00,,,100,98800.00,2,F1,1,,,,,
2026-09-28,2026-09-28,CM,NSE,STK,761122,INE530B07583,IIFL060326,YA,,,,,IIFL TR I SR VII,1022.00,1041.00,1022.00,1041.00,1041.00,1021.54,,1041.00,,,75,77600.00,2,F1,1,,,,,
2026-09-28,2026-09-28,CM,NSE,STK,761123,INE530B07625,IIFL60326,YB,,,,,IIFL TR I SR VIII,1016.80,1020.00,1016.80,1017.00,1020.00,1019.80,,1017.00,,,107,108819.80,3,F1,1,,,,,
2026-09-28,2026-09-28,CM,NSE,STK,16822,INE0LOJ01019,IKIO,EQ,,,,,IKIO TECHNOLOGIES LIMITED,206.60,208.57,199.00,199.62,199.60,205.43,,199.64,,,113100,22815928.17,2450,F1,1,,,,,
2026-09-28,2026-09-28,CM,NSE,STK,9380,INE369I01014,IL&FSENGG,BZ,,,,,IL&FS ENG AND CONS CO LTD,40.00,40.00,38.00,38.55,38.55,40.00,,38.55,,,56417,2186162.14,101,F1,1,,,,,
2026-09-28,2026-09-28,CM,NSE,STK,6711,INE050B01023,IVC,EQ,,,,,IL&FS INVESTMENT MANAGERS,7.95,7.95,7.73,7.81,7.82,7.80,,7.81,,,99891,779541.49,1075,F1,1,,,,,
2026-09-28,2026-09-28,CM,NSE,STK,9381,INE975G01012,IL&FSTRANS,BZ,,,,,IL&FS TRANS NET LTD,1.93,1.98,1.91,1.97,1.98,1.91,,1.97,,,55740,108286.04,108,F1,1,,,,,
2026-09-28,2026-09-28,CM,NSE,STK,7672,INE172N01012,IMAGICAA,EQ,,,,,IMAGICAAWORLD ENT LTD,52.29,52.32,51.10,51.29,51.75,52.29,,51.29,,,350818,18102199.71,2739,F1,1,,,,,
2026-09-28,2026-09-28,CM,NSE,STK,25881,INE691G01015,IMPEXFERRO,BZ,,,,,IMPEX FERRO TECH LIMITED,6.26,6.26,6.26,6.26,6.26,6.14,,6.26,,,66262,414800.12,65,F1,1,,,,,
2026-09-28,2026-09-28,CM,NSE,STK,17507,INE452L01012,INCREDIBLE,EQ,,,,,INCREDIBLE INDUSTRIES LTD,33.00,33.74,32.00,33.26,33.50,32.74,,33.34,,,4112,134975.99,37,F1,1,,,,,
2026-09-28,2026-09-28,CM,NSE,STK,12009,INE547E01014,IMPAL,EQ,,,,,IND MOTOR PART & ACC LTD,1064.20,1090.00,1041.00,1043.10,1049.00,1064.20,,1043.10,,,1472,1550609.00,278,F1,1,,,,,
2026-09-28,2026-09-28,CM,NSE,STK,4870,INE915B01019,INDSWFTLAB,EQ,,,,,IND SWIFT LABORATORIES LT,399.75,419.40,399.60,408.10,408.50,404.35,,408.11,,,598696,244788232.05,13255,F1,1,,,,,
2026-09-28,2026-09-28,CM,NSE,STK,21957,INE611L01021,INDTERRAIN,EQ,,,,,IND TERRAIN FASHIONS LTD,29.93,30.89,29.12,29.49,30.39,29.93,,29.68,,,15907,475168.90,101,F1,1,,,,,
2026-09-28,2026-09-28,CM,NSE,STK,16933,INE841B01017,INDBANK,EQ,,,,,INDBANK MERCH BANK,25.75,26.25,25.30,25.60,25.40,26.15,,25.61,,,29380,751366.95,453,F1,1,,,,,
2026-09-28,2026-09-28,CM,NSE,STK,29678,INE0O9T01021,BAJAJINDEF,EQ,,,,,INDEF MANUFACTURING LTD,221.00,221.00,210.00,210.31,210.05,218.09,,210.32,,,22311,4743850.54,510,F1,1,,,,,
2026-09-28,2026-09-28,CM,NSE,STK,23693,INE065X01017,INDGN,EQ,,,,,INDEGENE LIMITED,614.90,620.00,600.05,613.30,614.55,608.95,,613.28,,,744751,454648948.35,30958,F1,1,,,,,
2026-09-28,2026-09-28,CM,NSE,STK,1521,INE560A01023,INDIAGLYCO,EQ,,,,,INDIA GLYCOLS LTD,309.00,326.00,295.00,297.50,296.40,309.90,,297.49,,,1152620,356712599.90,34515,F1,1,,,,,
2026-09-28,2026-09-28,CM,NSE,STK,4747,INE092B01025,INDNIPPON,EQ,,,,,INDIA NIPPON ELECT  LTD,1325.00,1327.00,1279.50,1290.60,1296.80,1318.20,,1290.67,,,41621,54242276.30,5376,F1,1,,,,,
2026-09-28,2026-09-28,CM,NSE,STK,4934,INE0D6701023,IPL,EQ,,,,,INDIA PESTICIDES LIMITED,133.90,133.90,131.00,131.56,131.90,133.92,,131.56,,,119058,15744387.42,2129,F1,1,,,,,
2026-09-28,2026-09-28,CM,NSE,STK,20556,INE922K01024,INDIASHLTR,EQ,,,,,INDIA SHELTER FIN CORP L,655.00,655.00,635.00,647.30,646.00,654.30,,647.39,,,92868,59666321.25,4589,F1,1,,,,,
2026-09-28,2026-09-28,CM,NSE,STK,19299,INE353K01014,ITDC,EQ,,,,,INDIA TOUR. DEV. CO. LTD.,677.55,677.95,660.05,662.50,660.60,679.70,,662.51,,,60121,39966631.40,5269,F1,1,,,,,
2026-09-28,2026-09-28,CM,NSE,STK,24999,INE126M01010,IBULLSLTD,EQ,,,,,INDIABULLS LIMITED,30.17,30.54,28.60,28.90,28.99,29.83,,28.90,,,15268932,443945119.81,20412,F1,1,,,,,
2026-09-28,2026-09-28,CM,NSE,STK,10726,INE933S01016,INDIAMART,EQ,,,,,INDIAMART INTERMESH LTD,1642.00,1646.00,1620.00,1637.00,1646.00,1642.10,,1636.91,,,30046,49009627.20,4435,F1,1,,,,,
2026-09-28,2026-09-28,CM,NSE,STK,14309,INE562A01011,INDIANB,EQ,,,,,INDIAN BANK,830.00,832.35,801.00,802.45,802.45,832.00,,802.47,,,746603,606400993.20,33662,F1,1,,,,,
2026-09-28,2026-09-28,CM,NSE,STK,4422,INE061A01014,INDIANCARD,EQ,,,,,INDIAN CARD CLOTHING CO.,197.00,198.90,186.90,189.69,187.00,200.59,,190.18,,,14663,2798501.85,577,F1,1,,,,,
2026-09-28,2026-09-28,CM,NSE,STK,23792,INE0RRU01016,IEML,ST,,,,,INDIAN EMULSIFIERS LTD,53.60,53.60,52.50,53.60,53.60,51.05,,53.60,,,208500,11117475.00,208,F1,500,,,,,
2026-09-28,2026-09-28,CM,NSE,STK,220,INE022Q01020,IEX,EQ,,,,,INDIAN ENERGY EXC LTD,112.70,112.88,110.94,111.35,111.35,112.70,,111.33,,,2050585,228926801.54,21826,F1,1,,,,,
2026-09-28,2026-09-28,CM,NSE,STK,1530,INE323C01030,INDIANHUME,EQ,,,,,INDIAN HUME PIPE CO. LTD.,359.85,359.85,348.60,350.35,351.90,357.45,,350.36,,,22558,7931400.75,1568,F1,1,,,,,
2026-09-28,2026-09-28,CM,NSE,STK,19235,INE919H01018,IMFA,EQ,,,,,INDIAN METALS & FERRO,1220.40,1224.40,1205.00,1207.80,1206.50,1230.40,,1207.80,,,56770,68825617.80,7870,F1,1,,,,,
2026-09-28,2026-09-28,CM,NSE,STK,1624,INE242A01010,IOC,EQ,,,,,INDIAN OIL CORP LTD,135.02,135.58,133.04,133.32,133.32,135.70,,133.32,,,5538248,740652273.94,44891,F1,1,,,,,
2026-09-28,2026-09-28,CM,NSE,STK,9348,INE565A01014,IOB,EQ,,,,,INDIAN OVERSEAS BANK,31.97,32.10,31.22,31.74,31.83,31.98,,31.74,,,3114292,98679452.25,14980,F1,1,,,,,
2026-09-28,2026-09-28,CM,NSE,STK,25033,INE0DHF01018,IPHL,SM,,,,,INDIAN PHOSPHATE LIMITED,70.45,72.50,70.45,72.20,72.50,70.45,,72.20,,,19200,1380600.00,12,F1,1200,,,,,
2026-09-28,2026-09-28,CM,NSE,STK,13611,INE335Y01020,IRCTC,EQ,,,,,INDIAN RAIL TOUR CORP LTD,458.70,458.70,453.00,453.50,453.90,458.70,,453.50,,,368467,167454907.20,21771,F1,1,,,,,
2026-09-28,2026-09-28,CM,NSE,STK,2029,INE053F01010,IRFC,EQ,,,,,INDIAN RAILWAY FIN CORP L,79.95,79.95,78.36,78.55,78.55,79.95,,78.55,,,8559481,675545573.28,45146,F1,1,,,,,
2026-09-28,2026-09-28,CM,NSE,STK,20261,INE202E01016,IREDA,EQ,,,,,INDIAN RENEWABLE ENERGY,113.26,117.39,111.81,114.82,114.82,113.22,,114.84,,,17078712,1967586300.47,87685,F1,1,,,,,
2026-09-28,2026-09-28,CM,NSE,STK,762727,INE586E01020,IWP,EQ,,,,,INDIAN WOOD PRODUCTS CO L,34.31,41.96,34.31,40.96,41.05,34.97,,40.95,,,893596,35827499.32,4133,F1,1,,,,,
2026-09-28,2026-09-28,CM,NSE,STK,2048,INE09VQ01012,INDIGOPNTS,EQ,,,,,INDIGO PAINTS LIMITED,1128.00,1144.30,1098.80,1110.00,1105.00,1128.60,,1109.88,,,52275,58494662.00,8795,F1,1,,,,,
2026-09-28,2026-09-28,CM,NSE,STK,20988,INE219X23014,INDIGRID,IV,,,,,INDIGRID INFRASTRUCT TRST,172.95,172.98,172.06,172.53,172.65,172.97,,172.54,,,524197,90462367.57,6157,F1,1,,,,,
2026-09-28,2026-09-28,CM,NSE,STK,757845,INE06ST01018,INDIQUBE,EQ,,,,,INDIQUBE SPACES LIMITED,198.93,201.28,193.39,199.44,198.00,198.94,,199.54,,,33774,6687071.44,2021,F1,1,,,,,
2026-09-28,2026-09-28,CM,NSE,STK,9116,INE760F01028,INDOAMIN,EQ,,,,,INDO AMINES LIMITED,139.00,152.65,136.90,137.47,137.26,136.50,,137.46,,,1045793,150966600.21,12949,F1,1,,,,,
2026-09-28,2026-09-28,CM,NSE,STK,8614,INE803D01021,INDOBORAX,EQ,,,,,INDO BORAX & CHEMICAL LTD,441.05,508.70,435.00,477.55,482.00,449.95,,477.59,,,8225875,4018438593.85,171085,F1,1,,,,,
2026-09-28,2026-09-28,CM,NSE,STK,11987,INE483B01026,ICIL,EQ,,,,,INDO COUNT INDUSTRIES LTD,445.70,446.45,435.00,440.20,441.60,445.75,,440.19,,,254620,111983660.20,11222,F1,1,,,,,
2026-09-28,2026-09-28,CM,NSE,STK,29025,INE622H01018,INDOFARM,EQ,,,,,INDO FARM EQUIPMENT LTD,139.45,139.45,133.74,134.27,134.90,138.16,,134.32,,,72825,9863904.25,1588,F1,1,,,,,
2026-09-28,2026-09-28,CM,NSE,STK,10993,INE156A01020,INDORAMA,EQ,,,,,INDO RAMA SYNTHETICS LTD,102.00,102.90,97.80,100.80,101.15,99.36,,100.80,,,1050318,105611463.54,12573,F1,1,,,,,
2026-09-28,2026-09-28,CM,NSE,STK,13275,INE332H01014,INDOTECH,EQ,,,,,INDO TECH TRANSFORM LTD.,3171.00,3200.00,3089.90,3133.70,3200.00,3177.70,,3133.87,,,12503,39178101.40,2773,F1,1,,,,,
2026-09-28,2026-09-28,CM,NSE,STK,25608,INE337M01021,INDOTHAI,EQ,,,,,INDO THAI SEC LTD,31.94,32.44,30.29,30.41,30.54,31.86,,30.41,,,700720,21661044.18,3232,F1,1,,,,,
2026-09-28,2026-09-28,CM,NSE,STK,25503,INE250Z01010,INDOUS,EQ,,,,,INDO US BIOTECH LTD,79.50,79.50,77.60,77.90,77.75,77.60,,77.90,,,5063,393591.64,68,F1,1,,,,,
2026-09-28,2026-09-28,CM,NSE,STK,764301,INE084101034,INDOMIM,EQ,,,,,INDO-MIM LIMITED,1271.10,1272.15,1215.10,1227.60,1227.00,1275.95,,1227.56,,,1251529,1555179481.60,52529,F1,1,,,,,
2026-09-28,2026-09-28,CM,NSE,STK,6782,INE567A01028,NIPPOBATRY,EQ,,,,,INDO-NATIONAL LIMITED,322.50,325.00,317.00,323.20,323.20,320.15,,323.20,,,999,322071.90,117,F1,1,,,,,
2026-09-28,2026-09-28,CM,NSE,STK,11677,INE873D01024,INDOCO,EQ,,,,,INDOCO REMEDIES LTD.,252.55,255.52,245.25,249.06,248.65,254.46,,249.06,,,113273,28307532.43,2715,F1,1,,,,,
2026-09-28,2026-09-28,CM,NSE,STK,757801,INE05J901018,IGCL,EQ,,,,,INDOGULF CROPSCIENCES LTD,62.60,62.80,57.00,58.25,58.00,59.94,,58.23,,,116758,6808001.81,2852,F1,1,,,,,
2026-09-28,2026-09-28,CM,NSE,STK,764708,INE716F01012,INDOKEM,EQ,,,,,INDOKEM LTD.,601.35,629.30,600.35,609.00,601.00,613.25,,605.91,,,4289,2647890.10,403,F1,1,,,,,
2026-09-28,2026-09-28,CM,NSE,STK,19955,INE866K01023,WAAREEINDO,EQ,,,,,INDOSOLAR LIMITED,219.35,226.95,219.35,219.35,219.35,230.85,,219.24,,,218215,47912964.85,1430,F1,1,,,,,
2026-09-28,2026-09-28,CM,NSE,STK,3088,INE896L01010,INDOSTAR,EQ,,,,,INDOSTAR CAPITAL FIN LTD,215.50,222.06,208.65,210.85,208.86,218.64,,211.11,,,47908,10208950.31,1567,F1,1,,,,,
2026-09-28,2026-09-28,CM,NSE,STK,14952,INE227G01018,INDOWIND,EQ,,,,,INDOWIND ENERGY LTD,8.48,8.95,8.40,8.64,8.65,8.88,,8.64,,,149929,1295767.22,713,F1,1,,,,,
2026-09-28,2026-09-28,CM,NSE,STK,11262,INE203G01027,IGL,EQ,,,,,INDRAPRASTHA GAS LTD,144.98,145.10,143.00,143.44,143.40,144.95,,143.44,,,1200707,172609150.28,33742,F1,1,,,,,
2026-09-28,2026-09-28,CM,NSE,STK,4751,INE681B01017,INDRAMEDCO,EQ,,,,,INDRAPRASTHA MEDICAL CORP,366.80,366.80,358.60,360.00,360.00,365.70,,359.95,,,211930,76371837.35,4728,F1,1,,,,,
2026-09-28,2026-09-28,CM,NSE,STK,23036,INE0NHL23019,INDUSINVIT,IV,,,,,INDUS INFRA TRUST,132.20,132.75,130.00,130.55,130.40,131.91,,130.55,,,185777,24368799.56,3219,F1,1,,,,,
2026-09-28,2026-09-28,CM,NSE,STK,29135,INE121J01017,INDUSTOWER,EQ,,,,,INDUS TOWERS LIMITED,373.50,374.25,355.55,360.00,360.00,374.65,,360.01,,,6106607,2219959240.10,76583,F1,1,,,,,
2026-09-28,2026-09-28,CM,NSE,STK,5258,INE095A01012,INDUSINDBK,EQ,,,,,INDUSIND BANK LIMITED,912.20,913.00,889.40,909.70,909.70,912.20,,909.67,,,1794894,1617614966.20,43972,F1,1,,,,,
2026-09-28,2026-09-28,CM,NSE,STK,762717,INE620D01011,INDPRUD,EQ,,,,,INDUSTRIAL & PRU INV CO L,6120.00,6205.00,6050.00,6092.50,6060.00,6200.00,,6092.63,,,276,1689623.00,82,F1,1,,,,,
2026-09-28,2026-09-28,CM,NSE,STK,19525,INE886A01014,IITL,EQ,,,,,INDUSTRIAL INV TRUST LTD,138.00,138.00,130.15,131.58,130.15,137.27,,131.58,,,97686,13193074.11,874,F1,1,,,,,
2026-09-28,2026-09-28,CM,NSE,STK,15036,INE0MRE01011,INFINIUM,SM,,,,,INFINIUM PHARMACHEM LTD,273.50,273.50,260.00,268.50,268.50,262.10,,268.50,,,5000,1327375.00,8,F1,500,,,,,
2026-09-28,2026-09-28,CM,NSE,STK,757602,INE0MYZ01012,INFLUX,SM,,,,,INFLUX HEALTHTECH LIMITED,280.00,281.00,266.50,270.90,272.00,281.45,,270.90,,,37200,10125780.00,58,F1,600,,,,,
2026-09-28,2026-09-28,CM,NSE,STK,13751,INE663F01032,NAUKRI,EQ,,,,,INFO EDGE (I) LTD,1250.80,1263.00,1234.40,1253.90,1253.90,1254.80,,1253.86,,,1070424,1338517282.80,40714,F1,1,,,,,
2026-09-28,2026-09-28,CM,NSE,STK,11027,INE344S01016,INFOBEAN,EQ,,,,,INFOBEANS TECHNO. LTD.,145.96,145.96,143.00,144.42,143.30,146.55,,144.45,,,125448,18157926.08,2525,F1,1,,,,,
2026-09-28,2026-09-28,CM,NSE,STK,16588,INE0NNZ01013,INFOLLION,SM,,,,,INFOLLION RESEARCH SER L,155.55,155.55,147.00,152.00,152.00,153.35,,152.00,,,7200,1082580.00,17,F1,400,,,,,
2026-09-28,2026-09-28,CM,NSE,STK,13693,INE669A01022,INFOMEDIA,EQ,,,,,INFOMEDIA PRESS LIMITED,5.20,5.54,5.11,5.17,5.15,5.31,,5.17,,,5470,29013.62,36,F1,1,,,,,
2026-09-28,2026-09-28,CM,NSE,STK,1594,INE009A01021,INFY,EQ,,,,,INFOSYS LIMITED,1002.00,1009.50,986.60,1003.20,1003.20,1000.20,,1003.20,,,8567672,8557694675.90,166272,F1,1,,,,,
2026-09-28,2026-09-28,CM,NSE,STK,1597,INE177A01018,INGERRAND,EQ,,,,,INGERSOLL-RAND INDIA LTD,4226.20,4285.10,4170.00,4226.80,4280.00,4233.60,,4226.73,,,11589,48747467.90,2763,F1,1,,,,,
2026-09-28,2026-09-28,CM,NSE,STK,25323,INE0S1D01010,INNOMET,ST,,,,,INNOMET ADVANCED MATERI L,284.00,291.95,284.00,289.50,289.50,286.40,,289.50,,,19800,5743530.00,31,F1,600,,,,,
2026-09-28,2026-09-28,CM,NSE,STK,21062,INE0DUT01020,INNOVACAP,EQ,,,,,INNOVA CAPTAB LIMITED,1290.20,1308.20,1260.30,1271.20,1262.00,1281.00,,1271.21,,,60672,77865928.10,8715,F1,1,,,,,
2026-09-28,2026-09-28,CM,NSE,STK,27754,INE403Y01018,INNOVANA,EQ,,,,,INNOVANA THINKLABS LTD,305.15,305.15,283.10,289.65,292.60,301.00,,289.74,,,65952,19315965.90,1007,F1,1,,,,,
2026-09-28,2026-09-28,CM,NSE,STK,27266,INE070Y01023,ITTL,ST,,,,,INNOVATIVE TYRE & TUBE LT,62.90,62.90,62.90,62.90,62.90,64.15,,62.90,,,210,13209.00,1,F1,105,,,,,
2026-09-28,2026-09-28,CM,NSE,STK,761528,INE0ADB01012,INNOVISION,EQ,,,,,INNOVISION LIMITED,252.40,254.80,251.40,251.70,252.90,253.65,,251.72,,,8385,2116071.40,328,F1,1,,,,,
2026-09-28,2026-09-28,CM,NSE,STK,12188,INE510W01014,INOXGREEN,EQ,,,,,INOX GREEN ENERGY SER LTD,172.20,172.32,167.80,170.00,170.00,172.32,,170.00,,,1232418,208699041.87,8820,F1,1,,,,,
2026-09-28,2026-09-28,CM,NSE,STK,20607,INE616N01034,INOXINDIA,EQ,,,,,INOX INDIA LIMITED,2150.00,2153.60,2043.10,2051.10,2055.90,2156.80,,2051.05,,,200260,413043743.80,26243,F1,1,,,,,
2026-09-28,2026-09-28,CM,NSE,STK,7852,INE066P01011,INOXWIND,EQ,,,,,INOX WIND LIMITED,74.81,74.83,72.00,72.00,72.00,74.75,,72.01,,,5854850,428724504.75,26519,F1,1,,,,,
2026-09-28,2026-09-28,CM,NSE,STK,14657,INE070I01018,INSECTICID,EQ,,,,,INSECTICIDES (I) LTD,597.65,603.70,594.00,598.35,599.00,602.50,,599.09,,,6315,3777137.00,684,F1,1,,,,,
2026-09-28,2026-09-28,CM,NSE,STK,761099,INE0LGX01024,INA,EQ,,,,,INSOLATION ENERGY LIMITED,91.01,91.99,88.55,89.08,88.80,90.40,,89.08,,,276587,24742154.38,2576,F1,1,,,,,
2026-09-28,2026-09-28,CM,NSE,STK,13730,INE020G01017,INSPIRISYS,EQ,,,,,INSPIRISYS SOLUTIONS LTD,92.00,92.00,84.71,84.99,84.90,88.48,,85.01,,,12501,1069092.99,228,F1,1,,,,,
2026-09-28,2026-09-28,CM,NSE,STK,30323,INE418N01035,ESSENTIA,EQ,,,,,INTEGRA ESSENTIA LIMITED,1.04,1.04,1.01,1.01,1.03,1.02,,1.01,,,2135410,2183848.68,768,F1,1,,,,,
2026-09-28,2026-09-28,CM,NSE,STK,757902,INE0YSH01017,INTEGRITY,SM,,,,,INTEGRITY INFRABUILD DE L,178.00,178.00,178.00,178.00,178.00,169.75,,178.00,,,1200,213600.00,1,F1,1200,,,,,
2026-09-28,2026-09-28,CM,NSE,STK,5926,INE306R01017,INTELLECT,EQ,,,,,INTELLECT DESIGN ARENA,630.10,637.70,625.50,631.55,628.50,633.05,,631.57,,,209648,132465297.55,12185,F1,1,,,,,
2026-09-28,2026-09-28,CM,NSE,STK,20071,INE781A01025,INTENTECH,EQ,,,,,INTENSE TECHNOLOGIES LTD,86.87,86.87,82.90,83.05,83.02,85.07,,83.05,,,15669,1304218.10,161,F1,1,,,,,
2026-09-28,2026-09-28,CM,NSE,STK,24909,INE00M901018,INTERARCH,EQ,,,,,INTERARCH BLDNG SOLTN LTD,1736.90,1759.50,1695.60,1706.20,1713.80,1719.70,,1706.17,,,84336,145464344.30,8318,F1,1,,,,,
2026-09-28,2026-09-28,CM,NSE,STK,11195,INE646L01027,INDIGO,EQ,,,,,INTERGLOBE AVIATION LTD,4933.00,4933.00,4845.00,4874.50,4874.50,4940.00,,4874.47,,,547789,2673145592.00,61706,F1,1,,,,,
2026-09-28,2026-09-28,CM,NSE,STK,22770,INE0OPC01015,INM,SM,,,,,INTERIORS & MORE LIMITED,136.00,136.00,136.00,136.00,136.00,143.00,,136.00,,,1200,163200.00,2,F1,600,,,,,
2026-09-28,2026-09-28,CM,NSE,STK,5606,INE575C01027,INTLCONV,EQ,,,,,INTL CONVEYORS LIMITED,81.99,81.99,79.80,79.90,80.38,81.17,,79.90,,,38032,3044304.77,689,F1,1,,,,,
2026-09-28,2026-09-28,CM,NSE,STK,28378,INE0Q9301021,IGIL,EQ,,,,,INTL GEMOLOGICAL INST LTD,329.95,329.95,322.10,323.15,324.00,330.55,,323.15,,,352640,114567313.70,16124,F1,1,,,,,
2026-09-28,2026-09-28,CM,NSE,STK,18483,INE566K01011,ISFT,BE,,,,,INTRASOFT TECH. LTD,98.79,98.79,93.86,96.29,96.03,98.79,,96.29,,,25787,2443646.73,173,F1,1,,,,,
2026-09-28,2026-09-28,CM,NSE,STK,24870,INE878H01024,INVENTURE,EQ,,,,,INVENTURE GRO & SEC LTD,0.88,0.89,0.87,0.87,0.88,0.87,,0.87,,,466988,408893.43,394,F1,1,,,,,
2026-09-28,2026-09-28,CM,NSE,STK,28125,INE115Q01022,IKS,EQ,,,,,INVENTURUS KNOWLEDGE SO L,1815.80,1815.80,1755.50,1768.40,1775.00,1815.80,,1768.39,,,137087,243308073.50,14019,F1,1,,,,,
2026-09-28,2026-09-28,CM,NSE,STK,18292,INF205KA1BP1,IVZINGOLD,EQ,,,,,INVESCO INDIA GOLD ETF,127.35,130.40,126.35,127.70,128.00,131.40,,127.70,,,73020,9318873.00,541,F1,1,,,,,
2026-09-28,2026-09-28,CM,NSE,STK,24217,INF205KA1CC7,IVZINNIFTY,EQ,,,,,INVESCO INDIA NIFTY ETF,273.22,273.22,260.00,262.85,263.10,266.56,,262.85,,,1796,472019.64,80,F1,1,,,,,
2026-09-28,2026-09-28,CM,NSE,STK,762725,INE155E01016,INVPRECQ,BE,,,,,INVESTMENT & PREC CAST L,1480.00,1550.00,1406.60,1501.50,1474.40,1480.60,,1502.00,,,11941,17821314.80,416,F1,1,,,,,
2026-09-28,2026-09-28,CM,NSE,STK,760139,INE0XJ501010,INVICTA,SM,,,,,INVICTA DIAGNOSTIC LTD,70.50,70.50,66.00,66.90,66.90,70.00,,66.90,,,30400,2025360.00,19,F1,1600,,,,,
2026-09-28,2026-09-28,CM,NSE,STK,20413,INE485C01029,IOLCP,EQ,,,,,IOL CHEM AND PHARMA LTD,203.40,204.00,195.50,196.29,197.55,204.19,,196.30,,,1563045,310660343.17,20568,F1,1,,,,,
2026-09-28,2026-09-28,CM,NSE,STK,1630,INE570A01022,IONEXCHANG,EQ,,,,,ION EXCHANGE (INDIA) LTD,419.85,425.90,411.75,422.90,425.00,420.15,,422.89,,,239259,100110865.95,17269,F1,1,,,,,
2026-09-28,2026-09-28,CM,NSE,STK,764713,INE558A01019,IPRINGLTD,EQ,,,,,IP RINGS LTD.,140.25,140.25,135.25,136.17,138.00,142.67,,136.16,,,591,80772.24,47,F1,1,,,,,
2026-09-28,2026-09-28,CM,NSE,STK,1633,INE571A01038,IPCALAB,EQ,,,,,IPCA LABORATORIES LTD,1956.00,1972.90,1902.30,1919.30,1940.00,1970.80,,1919.31,,,170123,327987745.40,28086,F1,1,,,,,
2026-09-28,2026-09-28,CM,NSE,STK,15313,INE821I01022,IRB,EQ,,,,,IRB INFRA DEV LTD.,17.60,17.65,17.07,17.14,17.15,17.68,,17.14,,,13407269,230388183.66,28646,F1,1,,,,,
2026-09-28,2026-09-28,CM,NSE,STK,20817,INE183W23014,IRBINVIT,IV,,,,,IRB INVIT FUND,64.83,64.83,64.27,64.33,64.30,64.62,,64.32,,,333091,21518585.07,6769,F1,1,,,,,
2026-09-28,2026-09-28,CM,NSE,STK,4986,INE962Y01021,IRCON,EQ,,,,,IRCON INTERNATIONAL LTD,105.95,105.95,102.82,103.25,103.50,105.95,,103.25,,,1970376,205076795.94,23126,F1,1,,,,,
2026-09-28,2026-09-28,CM,NSE,STK,1391,INE202E07138,880IREDA29,N5,,,,,IREDA 8.80NCDTR I SR II B,1143.99,1143.99,1143.99,1143.99,1143.99,1114.00,,1134.50,,,13,14871.87,1,F1,1,,,,,
2026-09-28,2026-09-28,CM,NSE,STK,2275,INE01GN01025,IRISDOREME,EQ,,,,,IRIS CLOTHINGS LIMITED,66.90,66.90,62.41,62.78,63.35,66.15,,62.78,,,364784,23381376.35,3964,F1,1,,,,,
2026-09-28,2026-09-28,CM,NSE,STK,6489,INE864K01010,IRIS,EQ,,,,,IRIS REGTECH SOLUTION LTD,235.94,235.94,225.99,226.57,227.00,235.94,,226.59,,,19084,4392851.03,711,F1,1,,,,,
2026-09-28,2026-09-28,CM,NSE,STK,19597,INE07U701015,IRMENERGY,EQ,,,,,IRM ENERGY LIMITED,265.20,270.65,263.40,265.40,267.30,268.25,,265.40,,,39509,10533953.95,1974,F1,1,,,,,
2026-09-28,2026-09-28,CM,NSE,STK,763789,INE413U07475,920ISF28,N0,,,,,ISF 9.20% 2028,9100.00,9846.00,9100.00,9841.86,9846.00,9625.00,,9841.86,,,221,2163776.36,16,F1,1,,,,,
2026-09-28,2026-09-28,CM,NSE,STK,760991,INE413U07467,925ISF29,N0,,,,,ISF 9.25% 2029 SR B,9757.00,9757.00,9757.00,9757.00,9757.00,9792.00,,9757.00,,,29,282953.00,1,F1,1,,,,,
2026-09-28,2026-09-28,CM,NSE,STK,757708,INE413U07426,950ISF27C,N0,,,,,ISF 9.50% 2027,9930.00,9964.79,9930.00,9964.79,9964.79,9946.00,,9964.79,,,25,248420.37,4,F1,1,,,,,
2026-09-28,2026-09-28,CM,NSE,STK,3329,INE858B01029,ISGEC,EQ,,,,,ISGEC HEAVY ENG LTD,890.55,893.90,870.30,886.45,886.00,890.55,,886.36,,,103371,91223923.70,10441,F1,1,,,,,
2026-09-28,2026-09-28,CM,NSE,STK,30249,INE561M01018,ISHANCH,EQ,,,,,ISHAN DYES N CHEMICALS L,50.22,52.90,48.64,50.07,50.15,50.22,,50.05,,,4229,210463.69,148,F1,1,,,,,
2026-09-28,2026-09-28,CM,NSE,STK,10995,INE0LCW01025,ISHAN,SM,,,,,ISHAN INTERNATIONAL LTD,0.50,0.50,0.50,0.50,0.50,0.50,,0.50,,,48000,24000.00,1,F1,48000,,,,,
2026-09-28,2026-09-28,CM,NSE,STK,22645,INE0R7R01018,ITALIANE,SM,,,,,ITALIAN EDIBLES LIMITED,29.90,30.30,29.90,30.30,30.30,31.00,,30.30,,,4000,120400.00,2,F1,2000,,,,,
2026-09-28,2026-09-28,CM,NSE,STK,29251,INE379A01028,ITCHOTELS,EQ,,,,,ITC HOTELS LIMITED,161.61,161.95,158.30,158.57,158.70,161.90,,158.57,,,1335661,213887607.71,25608,F1,1,,,,,
2026-09-28,2026-09-28,CM,NSE,STK,1660,INE154A01025,ITC,EQ,,,,,ITC LTD,269.00,269.30,265.00,265.20,265.20,269.00,,265.20,,,7863377,2093690895.95,120823,F1,1,,,,,
2026-09-28,2026-09-28,CM,NSE,STK,1675,INE248A01017,ITI,EQ,,,,,ITI LTD,253.00,254.70,244.15,245.80,246.30,252.90,,245.81,,,155783,38553931.90,5240,F1,1,,,,,
2026-09-28,2026-09-28,CM,NSE,STK,764723,INE478D01014,ITL,EQ,,,,,ITL INDUSTRIES LTD.,366.20,366.20,353.00,357.70,361.00,359.00,,357.50,,,828,295512.00,28,F1,1,,,,,
2026-09-28,2026-09-28,CM,NSE,STK,759041,INE056801025,IVALUE,EQ,,,,,IVALUE INFOSOLUTIONS LTD,227.02,228.01,214.82,219.21,220.50,225.22,,219.21,,,106937,23532975.90,3455,F1,1,,,,,
2026-09-28,2026-09-28,CM,NSE,STK,8857,INE043C01018,IVP,BE,,,,,IVP LIMITED,229.80,232.00,227.50,229.16,228.15,228.62,,229.16,,,7850,1806661.03,162,F1,1,,,,,
2026-09-28,2026-09-28,CM,NSE,STK,757644,INE1AII01014,IWARE,ST,,,,,IWARE SUPPLYCHAIN SER LTD,399.00,399.00,383.00,383.00,383.00,382.30,,383.00,,,5400,2100090.00,9,F1,600,,,,,
2026-09-28,2026-09-28,CM,NSE,STK,14174,INE848A01014,IZMO,EQ,,,,,IZMO LIMITED,901.20,905.00,871.00,873.55,872.00,903.95,,873.56,,,60613,53436683.95,4090,F1,1,,,,,
2026-09-28,2026-09-28,CM,NSE,STK,5633,INE168A01041,J&KBANK,EQ,,,,,J & K BANK LTD.,145.51,145.88,142.00,142.25,142.50,146.10,,142.25,,,1442913,207141208.95,19090,F1,1,,,,,
2026-09-28,2026-09-28,CM,NSE,STK,23056,INE0MB501011,JGCHEM,EQ,,,,,J.G.CHEMICALS LIMITED,624.00,637.15,609.05,620.80,622.00,620.10,,620.95,,,337771,210653679.85,12552,F1,1,,,,,
2026-09-28,2026-09-28,CM,NSE,STK,13211,INE199G01027,JAGRAN,EQ,,,,,JAGRAN PRAKASHAN LIMITED,62.65,62.66,61.85,62.05,62.00,62.65,,62.04,,,125821,7821956.23,1634,F1,1,,,,,
2026-09-28,2026-09-28,CM,NSE,STK,4410,INE048B01035,JAGSNPHARM,EQ,,,,,JAGSONPAL PHARMACEUTICALS,241.76,246.53,237.11,241.02,240.00,242.29,,240.99,,,452117,109177287.54,7269,F1,1,,,,,
2026-09-28,2026-09-28,CM,NSE,STK,11256,INE091G01026,JAIBALAJI,EQ,,,,,JAI BALAJI INDUSTRIES LTD,64.60,65.49,63.10,63.51,63.40,64.96,,63.51,,,376888,24142059.89,2530,F1,1,,,,,
2026-09-28,2026-09-28,CM,NSE,STK,5143,INE070D01027,JAICORPLTD,EQ,,,,,JAI CORP LIMITED,94.89,94.89,91.80,92.18,92.50,94.43,,92.18,,,214066,19788941.23,3121,F1,1,,,,,
2026-09-28,2026-09-28,CM,NSE,STK,25684,IN9175A01010,JISLDVREQS,EQ,,,,,JAIN DVR EQUITY SHARES,19.85,20.49,19.54,19.80,19.94,19.85,,19.80,,,20539,409806.58,210,F1,1,,,,,
2026-09-28,2026-09-28,CM,NSE,STK,10397,INE175A01038,JISLJALEQS,EQ,,,,,JAIN IRRIGATION SYSTEMS,28.89,29.50,28.60,28.88,29.05,28.75,,28.88,,,4222061,122575059.09,14947,F1,1,,,,,
2026-09-28,2026-09-28,CM,NSE,STK,759244,INE0YD401026,JAINREC,EQ,,,,,JAIN RESOURCE RECYCLING L,285.45,286.60,280.15,281.75,282.90,286.85,,281.75,,,413232,116801875.60,10127,F1,1,,,,,
2026-09-28,2026-09-28,CM,NSE,STK,6012,INE02KC01010,JAINAM,SM,,,,,JAINAM FER ALLOYS (I) LTD,209.00,212.00,208.00,212.00,212.00,209.00,,212.00,,,2500,524750.00,4,F1,500,,,,,
2026-09-28,2026-09-28,CM,NSE,STK,758306,INE0XIL01012,JAINIK,ST,,,,,JAINIK POWER CABLES LTD,200.00,205.00,200.00,204.00,204.00,205.00,,204.00,,,6000,1222800.00,5,F1,1200,,,,,
2026-09-28,2026-09-28,CM,NSE,STK,11763,INE351F01018,JPPOWER,EQ,,,,,JAIPRAKASH POWER VEN. LTD,15.92,15.92,15.46,15.52,15.52,15.87,,15.52,,,31879871,497933182.61,1559174,F1,1,,,,,
2026-09-28,2026-09-28,CM,NSE,STK,20930,INE349X01015,JALAN,ST,,,,,JALAN TRANSOLU. INDIA LTD,1.70,1.75,1.70,1.75,1.75,1.70,,1.75,,,6000,10350.00,2,F1,3000,,,,,
2026-09-28,2026-09-28,CM,NSE,STK,20778,INE039C01032,JAMNAAUTO,EQ,,,,,JAMNA AUTO IND LTD,138.20,141.00,134.99,139.68,139.00,138.20,,139.68,,,3679842,511670494.10,44352,F1,1,,,,,
2026-09-28,2026-09-28,CM,NSE,STK,22663,INE953L01027,JSFB,EQ,,,,,JANA SMALL FIN BANK LTD,537.00,541.10,496.20,499.20,499.30,535.25,,499.20,,,1442186,730542874.15,36393,F1,1,,,,,
2026-09-28,2026-09-28,CM,NSE,STK,759951,INE00YJ01010,JARO,EQ,,,,,JARO INS OF TEC MG N RE L,445.00,445.05,422.00,423.40,424.75,442.95,,423.43,,,117174,50606382.55,4200,F1,1,,,,,
2026-09-28,2026-09-28,CM,NSE,STK,13982,INE039O01029,JASH,EQ,,,,,JASH ENGINEERING LIMITED,593.85,596.75,583.35,588.75,591.00,593.85,,588.76,,,241237,142263651.65,8739,F1,1,,,,,
2026-09-28,2026-09-28,CM,NSE,STK,25037,INE0SMY01017,JAYBEE,SM,,,,,JAY BEE LAMINATIONS LTD,97.00,98.45,89.10,89.85,90.60,99.60,,89.85,,,35000,3288825.00,61,F1,500,,,,,
2026-09-28,2026-09-28,CM,NSE,STK,1708,INE571B01036,JAYBARMARU,EQ,,,,,JAY BHARAT MARUTI LTD,122.60,123.80,119.02,122.52,123.38,121.55,,122.51,,,415170,50487200.01,6677,F1,1,,,,,
2026-09-28,2026-09-28,CM,NSE,STK,10892,INE0J6801010,KORE,ST,,,,,JAY JALARAM TECHNO LTD,189.15,189.15,189.15,189.15,189.15,180.15,,189.15,,,11500,2175225.00,21,F1,250,,,,,
2026-09-28,2026-09-28,CM,NSE,STK,4041,INE785A01026,JAYAGROGN,EQ,,,,,JAYANT AGRO ORGANICS LTD,234.11,234.39,227.25,230.42,233.59,234.84,,230.45,,,8571,1976195.67,319,F1,1,,,,,
2026-09-28,2026-09-28,CM,NSE,STK,2331,INE854B01010,JAYNECOIND,EQ,,,,,JAYASWAL NECO INDUSTR LTD,88.00,89.13,86.80,87.98,87.99,88.55,,87.98,,,2239053,197336083.53,16962,F1,1,,,,,
2026-09-28,2026-09-28,CM,NSE,STK,759159,INE1AE401014,JAYESH,SM,,,,,JAYESH LOGISTICS LIMITED,125.00,125.00,125.00,125.00,125.00,125.00,,125.00,,,1000,125000.00,1,F1,1000,,,,,
2026-09-28,2026-09-28,CM,NSE,STK,760073,INE903A01025,JAYKAY,EQ,,,,,JAYKAY ENTERPRISES LTD,204.95,211.49,201.78,203.81,205.50,203.75,,203.80,,,696840,143510793.63,14215,F1,1,,,,,
2026-09-28,2026-09-28,CM,NSE,STK,1720,INE364A01020,JAYSREETEA,EQ,,,,,JAYSHREE TEA & INDUSTRIES,89.00,90.19,86.02,86.83,86.10,89.37,,86.83,,,12776,1118559.25,471,F1,1,,,,,
2026-09-28,2026-09-28,CM,NSE,STK,11655,INE927D01051,JBMA,EQ,,,,,JBM AUTO LIMITED,586.05,586.35,568.75,571.05,576.50,586.60,,571.10,,,131363,75694609.45,8452,F1,1,,,,,
2026-09-28,2026-09-28,CM,NSE,STK,758115,INE0J5801029,JSLL,EQ,,,,,JEENA SIKHO LIFECARE LTD,510.90,510.90,497.00,501.90,500.95,508.25,,501.91,,,268010,134534623.85,9201,F1,1,,,,,
2026-09-28,2026-09-28,CM,NSE,STK,764728,INE354A01013,JENBURPH,EQ,,,,,JENBURKT PHARMACEUTICAL L,949.00,959.00,911.10,926.10,923.20,948.00,,927.38,,,1732,1610285.50,199,F1,1,,,,,
2026-09-28,2026-09-28,CM,NSE,STK,7211,INE982V01025,JETFREIGHT,EQ,,,,,JET FREIGHT LOGISTICS LTD,20.90,21.77,20.90,21.01,21.01,21.43,,21.01,,,151191,3206039.76,1730,F1,1,,,,,
2026-09-28,2026-09-28,CM,NSE,STK,25147,INE0RXB01022,JEYYAM,SM,,,,,JEYYAM GLOBAL FOODS LTD,20.45,21.00,20.00,20.25,20.25,20.45,,20.25,,,84000,1711500.00,30,F1,2000,,,,,
2026-09-28,2026-09-28,CM,NSE,STK,10885,INE0LA901015,JFLLIFE,SM,,,,,JFL LIFE SCIENCES LIMITED,10.35,10.35,10.35,10.35,10.35,10.35,,10.35,,,6000,62100.00,1,F1,6000,,,,,
2026-09-28,2026-09-28,CM,NSE,STK,13720,INE544H01014,JHS,EQ,,,,,JHS SVEND. LAB. LTD,8.54,8.89,8.30,8.81,8.84,8.43,,8.80,,,160235,1388860.85,602,F1,1,,,,,
2026-09-28,2026-09-28,CM,NSE,STK,24145,INE03DD01011,RETAIL,EQ,,,,,JHS SVENDGAARD RETAIL V L,23.00,24.07,22.13,24.07,24.07,20.06,,24.07,,,125527,2969894.31,216,F1,1,,,,,
2026-09-28,2026-09-28,CM,NSE,STK,31507,INE147P01019,JPOLYINVST,EQ,,,,,JIND POL INV & FIN CO LTD,946.55,961.05,903.00,911.50,929.90,957.05,,911.55,,,11519,10657592.50,1031,F1,1,,,,,
2026-09-28,2026-09-28,CM,NSE,STK,13875,INE742C01031,JINDRILL,EQ,,,,,JINDAL DRILLING IND. LTD,586.70,643.95,579.30,624.15,621.40,592.20,,624.18,,,7024748,4407581654.20,182090,F1,1,,,,,
2026-09-28,2026-09-28,CM,NSE,STK,11743,INE796G01012,JINDALPHOT,EQ,,,,,JINDAL PHOTO LIMITED,1041.00,1085.00,1041.00,1051.00,1059.00,1058.40,,1050.99,,,1678,1766103.20,140,F1,1,,,,,
2026-09-28,2026-09-28,CM,NSE,STK,1756,INE197D01010,JINDALPOLY,EQ,,,,,JINDAL POLY FILMS LIMITED,695.00,704.00,675.00,679.65,683.60,694.10,,679.94,,,10293,7063224.30,972,F1,1,,,,,
2026-09-28,2026-09-28,CM,NSE,STK,3024,INE324A01032,JINDALSAW,EQ,,,,,JINDAL SAW LIMITED,282.55,283.55,275.25,276.15,276.65,285.50,,276.14,,,1099233,305749524.35,30169,F1,1,,,,,
2026-09-28,2026-09-28,CM,NSE,STK,11236,INE220G01021,JSL,EQ,,,,,JINDAL STAINLESS LIMITED,752.75,756.00,738.50,745.70,746.10,748.25,,745.70,,,1278713,953189715.30,84366,F1,1,,,,,
2026-09-28,2026-09-28,CM,NSE,STK,6733,INE749A01030,JINDALSTEL,EQ,,,,,JINDAL STEEL LIMITED,1160.00,1160.00,1133.20,1139.60,1139.60,1164.80,,1139.60,,,713950,815527103.90,20929,F1,1,,,,,
2026-09-28,2026-09-28,CM,NSE,STK,766187,INE1DLO01028,JSIPL,BE,,,,,JINDAL SUPREME (INDIA) L,140.00,145.85,140.00,145.85,145.85,138.91,,147.65,,,792354,112817948.17,3644,F1,1,,,,,
2026-09-28,2026-09-28,CM,NSE,STK,20642,INE247D01039,JINDWORLD,EQ,,,,,JINDAL WORLDWIDE LTD,46.89,51.00,45.58,48.69,48.55,46.76,,48.70,,,9005124,438063432.61,29986,F1,1,,,,,
2026-09-28,2026-09-28,CM,NSE,STK,759205,INE1FF001016,JKIPL,EQ,,,,,JINKUSHAL INDUSTRIES LTD,100.70,100.70,95.20,97.41,97.05,96.28,,97.41,,,7742,756590.45,108,F1,1,,,,,
2026-09-28,2026-09-28,CM,NSE,STK,18143,INE758E01017,JIOFIN,EQ,,,,,JIO FIN SERVICES LTD,227.00,227.00,218.80,220.50,220.50,227.00,,220.49,,,17931553,3980434861.86,151709,F1,1,,,,,
2026-09-28,2026-09-28,CM,NSE,STK,765307,INF22M001184,NIFTYJBLK,EQ,,,,,JIOBLACKROCKAMC-NIFTYJBLK,12.21,12.21,11.68,11.72,11.79,11.92,,11.73,,,202231,2372036.84,1269,F1,1,,,,,
2026-09-28,2026-09-28,CM,NSE,STK,19691,INE863T01013,JITFINFRA,EQ,,,,,JITF INFRALOGISTICS LTD,279.50,289.50,271.10,284.15,288.70,279.15,,284.11,,,13090,3642018.45,621,F1,1,,,,,
2026-09-28,2026-09-28,CM,NSE,STK,13270,INE823G01014,JKCEMENT,EQ,,,,,JK CEMENT LIMITED,4975.00,5050.00,4954.50,4993.50,5003.50,5000.00,,4993.24,,,13802,68811410.50,4250,F1,1,,,,,
2026-09-28,2026-09-28,CM,NSE,STK,13491,INE786A01032,JKLAKSHMI,EQ,,,,,JK LAKSHMI CEMENT LTD,510.00,510.45,491.25,494.80,493.45,510.35,,494.79,,,119319,59345575.30,7653,F1,1,,,,,
2026-09-28,2026-09-28,CM,NSE,STK,11860,INE789E01012,JKPAPER,EQ,,,,,JK PAPER LIMITED,408.00,408.00,397.20,398.15,398.00,408.45,,398.15,,,174854,70066397.25,8307,F1,1,,,,,
2026-09-28,2026-09-28,CM,NSE,STK,14435,INE573A01042,JKTYRE,EQ,,,,,JK TYRE & INDUSTRIES LTD,343.95,343.95,337.10,337.80,338.35,345.85,,337.80,,,385055,130616034.90,12784,F1,1,,,,,
2026-09-28,2026-09-28,CM,NSE,STK,15266,INE576I01022,JKIL,EQ,,,,,JKUMAR INFR.LTD.,473.55,475.75,460.00,461.25,462.00,473.55,,461.25,,,42047,19559076.65,2639,F1,1,,,,,
2026-09-28,2026-09-28,CM,NSE,STK,13637,INE780C01023,JMFINANCIL,EQ,,,,,JM FINANCIAL LIMITED,126.60,127.83,124.90,125.25,125.28,127.68,,125.24,,,2219125,280122533.19,13962,F1,1,,,,,
2026-09-28,2026-09-28,CM,NSE,STK,23621,INE0OAF01028,JNKINDIA,EQ,,,,,JNK INDIA LIMITED,419.00,423.00,402.00,420.00,423.00,420.40,,419.99,,,127377,52500797.05,5419,F1,1,,,,,
2026-09-28,2026-09-28,CM,NSE,STK,16927,INE839G01010,JOCIL,EQ,,,,,JOCIL LIMITED,145.20,148.98,143.04,147.00,147.10,147.60,,147.00,,,3344,487179.60,61,F1,1,,,,,
2026-09-28,2026-09-28,CM,NSE,STK,762623,INE515A01019,COCKERILL,EQ,,,,,JOHN COCKERILL INDIA LTD.,7900.00,8012.00,7800.00,7824.50,7875.00,7956.00,,7824.37,,,3628,28539357.00,1048,F1,1,,,,,
2026-09-28,2026-09-28,CM,NSE,STK,758460,INE718I01012,JSWCEMENT,EQ,,,,,JSW CEMENT LIMITED,115.90,115.90,112.25,112.49,112.38,115.47,,112.49,,,1802272,203792888.54,47396,F1,1,,,,,
2026-09-28,2026-09-28,CM,NSE,STK,1467,INE133A01011,JSWDULUX,EQ,,,,,JSW DULUX LIMITED,3229.90,3230.00,3149.70,3169.80,3190.00,3199.60,,3170.09,,,22945,72949526.20,6111,F1,1,,,,,
2026-09-28,2026-09-28,CM,NSE,STK,17869,INE121E01018,JSWENERGY,EQ,,,,,JSW ENERGY LIMITED,506.40,506.40,493.05,495.00,495.00,506.55,,495.02,,,1583004,789751416.55,55032,F1,1,,,,,
2026-09-28,2026-09-28,CM,NSE,STK,11880,INE824G01012,JSWHL,EQ,,,,,JSW HOLDINGS LIMITED,11265.00,11265.00,10913.00,11026.00,11058.00,11062.00,,11026.61,,,1311,14397104.00,645,F1,1,,,,,
2026-09-28,2026-09-28,CM,NSE,STK,19020,INE880J01026,JSWINFRA,EQ,,,,,JSW INFRASTRUCTURE LTD,362.95,363.35,347.00,348.75,348.05,362.05,,348.75,,,2908878,1026786969.60,51309,F1,1,,,,,
2026-09-28,2026-09-28,CM,NSE,STK,11723,INE019A01038,JSWSTEEL,EQ,,,,,JSW STEEL LIMITED,1278.40,1278.40,1254.10,1264.10,1264.10,1277.00,,1264.03,,,1216506,1535438405.90,63931,F1,1,,,,,
2026-09-28,2026-09-28,CM,NSE,STK,3237,INE643A01035,JTEKTINDIA,EQ,,,,,JTEKT INDIA LIMITED,118.93,118.93,115.55,116.21,116.39,118.07,,116.23,,,52991,6177151.70,1227,F1,1,,,,,
2026-09-28,2026-09-28,CM,NSE,STK,7287,INE391J01032,JTLIND,EQ,,,,,JTL INDUSTRIES LIMITED,91.05,93.85,86.37,87.87,88.30,91.16,,87.87,,,5922644,538502465.93,38853,F1,1,,,,,
2026-09-28,2026-09-28,CM,NSE,STK,29590,INE03CC01015,JUBLCPL,EQ,,,,,JUBILANT AGRI N CON PRO L,2243.00,2248.70,2099.40,2117.30,2099.50,2210.10,,2116.98,,,6532,14006450.20,1073,F1,1,,,,,
2026-09-28,2026-09-28,CM,NSE,STK,18096,INE797F01020,JUBLFOOD,EQ,,,,,JUBILANT FOODWORKS LTD,484.50,485.60,476.50,478.70,478.70,484.55,,478.70,,,1167993,562355787.35,35905,F1,1,,,,,
2026-09-28,2026-09-28,CM,NSE,STK,2783,INE0BY001018,JUBLINGREA,EQ,,,,,JUBILANT INGREVIA LIMITED,664.00,673.50,646.45,654.80,653.00,656.10,,654.82,,,658767,434413981.90,32383,F1,1,,,,,
2026-09-28,2026-09-28,CM,NSE,STK,3637,INE700A01033,JUBLPHARMA,EQ,,,,,JUBILANT PHARMOVA LTD,1077.90,1077.90,1044.15,1060.45,1062.00,1071.95,,1060.28,,,95393,101052287.65,9379,F1,1,,,,,
2026-09-28,2026-09-28,CM,NSE,STK,7109,INE412C01023,JMA,EQ,,,,,JULLUNDUR MOT AGENCY LTD,88.20,89.69,85.50,87.81,89.00,88.19,,87.81,,,8631,755606.88,288,F1,1,,,,,
2026-09-28,2026-09-28,CM,NSE,STK,764408,INE05C901015,JNPR,EQ,,,,,JUNIPER GREEN ENERGY LTD,267.55,275.15,261.95,269.95,270.00,266.05,,269.95,,,1111652,301873402.15,47120,F1,1,,,,,
2026-09-28,2026-09-28,CM,NSE,STK,22824,INE696F01016,JUNIPER,EQ,,,,,JUNIPER HOTELS LIMITED,217.44,217.44,211.49,214.76,215.42,216.29,,214.76,,,125660,26954869.99,2223,F1,1,,,,,
2026-09-28,2026-09-28,CM,NSE,STK,18553,INE682M01020,JLHL,EQ,,,,,JUPITER LIFE LINE HOSP L,267.00,267.25,258.75,263.85,262.15,265.65,,263.86,,,179737,47328954.55,9765,F1,1,,,,,
2026-09-28,2026-09-28,CM,NSE,STK,20224,INE209L01016,JWL,EQ,,,,,JUPITER WAGONS LIMITED,226.73,226.73,221.85,222.23,222.99,226.73,,222.23,,,627764,140319676.31,13549,F1,1,,,,,
2026-09-28,2026-09-28,CM,NSE,STK,29962,INE599M01018,JUSTDIAL,EQ,,,,,JUSTDIAL LTD.,666.95,669.05,655.50,658.95,658.60,672.20,,658.87,,,59714,39482868.75,3044,F1,1,,,,,
2026-09-28,2026-09-28,CM,NSE,STK,15146,INE668F01031,JYOTHYLAB,EQ,,,,,JYOTHY LABS LIMITED,191.60,191.96,188.31,189.66,189.50,191.07,,189.67,,,330391,62652493.78,11689,F1,1,,,,,
2026-09-28,2026-09-28,CM,NSE,STK,21334,INE980O01024,JYOTICNC,EQ,,,,,JYOTI CNC AUTOMATION LTD,1089.10,1094.55,1025.00,1046.10,1044.00,1065.10,,1046.07,,,1202568,1257511635.00,51329,F1,1,,,,,
2026-09-28,2026-09-28,CM,NSE,STK,758221,INE1M3T01017,JYOTIGLOBL,SM,,,,,JYOTI GLOBAL PLAST LTD,47.00,47.00,45.00,46.00,46.00,44.80,,46.00,,,38000,1746000.00,19,F1,2000,,,,,
2026-09-28,2026-09-28,CM,NSE,STK,764733,INE577D01013,JYOTIRES,EQ,,,,,JYOTI RESINS & ADHESIVE L,860.00,860.00,830.05,841.90,844.40,843.25,,841.92,,,43741,36729230.50,677,F1,1,,,,,
2026-09-28,2026-09-28,CM,NSE,STK,1802,INE197A01024,JYOTISTRUC,EQ,,,,,JYOTI STRUCTURES LTD,9.03,9.19,8.70,8.75,8.78,9.03,,8.75,,,9202902,81668333.20,9235,F1,1,,,,,
2026-09-28,2026-09-28,CM,NSE,STK,764743,INE533C01018,KJMCFIN,EQ,,,,,K J M C FINANCIAL SERV L,61.49,61.50,58.11,58.12,58.11,60.05,,58.12,,,183,11159.22,11,F1,1,,,,,
2026-09-28,2026-09-28,CM,NSE,STK,764748,INE879K01018,KMCSHIL,EQ,,,,,K M C SPECIALITY HOSP I L,155.70,177.79,152.30,165.33,161.65,156.23,,165.33,,,1370878,226908707.79,14689,F1,1,,,,,
2026-09-28,2026-09-28,CM,NSE,STK,14667,INE157H01023,KMSUGAR,EQ,,,,,K M SUGAR MILLS LTD,33.74,34.45,32.50,32.67,32.70,32.46,,32.67,,,750856,25159092.99,4743,F1,1,,,,,
2026-09-28,2026-09-28,CM,NSE,STK,27079,INE127T01021,KPEL,EQ,,,,,K.P. ENERGY LIMITED,219.14,229.40,219.14,220.54,221.99,222.43,,220.54,,,360797,80943764.99,10613,F1,1,,,,,
2026-09-28,2026-09-28,CM,NSE,STK,23459,INE0DEZ01013,K2INFRA,SM,,,,,K2 INFRAGEN LIMITED,41.05,43.90,38.60,42.85,43.75,42.75,,42.85,,,111600,4557420.00,150,F1,600,,,,,
2026-09-28,2026-09-28,CM,NSE,STK,1805,INE900B01029,KABRAEXTRU,EQ,,,,,KABRA EXTRUSION TECHNIK L,888.70,888.70,840.00,863.15,855.10,846.40,,863.04,,,601526,526476458.85,13827,F1,1,,,,,
2026-09-28,2026-09-28,CM,NSE,STK,29192,INE0XOW01017,KKJEWELS,SM,,,,,KABRA JEWELS LIMITED,94.60,95.00,93.15,94.25,95.00,95.40,,94.25,,,3000,282750.00,3,F1,1000,,,,,
2026-09-28,2026-09-28,CM,NSE,STK,1808,INE217B01036,KAJARIACER,EQ,,,,,KAJARIA CERAMICS LTD,1213.00,1217.70,1185.60,1189.50,1188.00,1218.10,,1189.50,,,113284,135627954.60,10149,F1,1,,,,,
2026-09-28,2026-09-28,CM,NSE,STK,1811,INE437B01014,KAKATCEM,EQ,,,,,KAKATIYA CEM SUGAR &IND L,111.90,111.90,105.40,106.84,106.05,106.72,,106.43,,,1643,174845.07,81,F1,1,,,,,
2026-09-28,2026-09-28,CM,NSE,STK,758558,INE227J01012,KALPATARU,EQ,,,,,KALPATARU LIMITED,286.80,286.80,272.80,275.80,277.65,281.85,,275.77,,,74370,20779789.05,1697,F1,1,,,,,
2026-09-28,2026-09-28,CM,NSE,STK,1814,INE220B01022,KPIL,EQ,,,,,KALPATARU PROJECT INT LTD,1420.00,1424.80,1368.00,1375.60,1378.00,1391.20,,1375.62,,,184926,255858139.20,24130,F1,1,,,,,
2026-09-28,2026-09-28,CM,NSE,STK,2955,INE303R01014,KALYANKJIL,EQ,,,,,KALYAN JEWELLERS IND LTD,573.00,573.75,559.25,564.00,564.00,573.00,,563.94,,,2660336,1499686243.10,43729,F1,1,,,,,
2026-09-28,2026-09-28,CM,NSE,STK,15160,INE314G01014,KALYANIFRG,BE,,,,,KALYANI FORGE LIMITED,973.70,1019.00,939.00,990.00,999.00,974.25,,990.63,,,2081,2042334.80,124,F1,1,,,,,
2026-09-28,2026-09-28,CM,NSE,STK,21119,INE029L01018,KICL,EQ,,,,,KALYANI INVEST CO LTD,4930.00,4975.00,4852.00,4869.50,4884.00,5009.50,,4869.82,,,766,3752205.00,181,F1,1,,,,,
2026-09-28,2026-09-28,CM,NSE,STK,18889,INE907A01026,KSL,EQ,,,,,KALYANI STEELS LIMITED,970.00,980.00,940.55,952.35,951.10,964.70,,952.31,,,126983,121074008.35,6088,F1,1,,,,,
2026-09-28,2026-09-28,CM,NSE,STK,762732,INE411F01010,KAMAHOLD,EQ,,,,,KAMA HOLDINGS LTD.,2238.10,2238.10,2201.00,2203.60,2211.00,2238.10,,2203.86,,,1443,3187875.90,277,F1,1,,,,,
2026-09-28,2026-09-28,CM,NSE,STK,764738,INE344D01018,KAMANWALA,EQ,,,,,KAMANWALA HOUSING CONST L,16.00,18.00,16.00,17.49,17.49,16.99,,17.49,,,12369,212940.14,32,F1,1,,,,,
2026-09-28,2026-09-28,CM,NSE,STK,1826,INE967C01018,KAMATHOTEL,EQ,,,,,KAMAT HOTELS (I) LTD,230.37,236.94,230.37,233.18,233.00,237.13,,233.18,,,60159,14046730.37,1788,F1,1,,,,,
2026-09-28,2026-09-28,CM,NSE,STK,13457,INE390H01020,KAMDHENU,EQ,,,,,KAMDHENU LIMITED,40.35,40.35,38.12,39.00,39.14,39.96,,39.00,,,918441,35623635.16,5453,F1,1,,,,,
2026-09-28,2026-09-28,CM,NSE,STK,13814,INE0BTI01037,KAMOPAINTS,EQ,,,,,KAMDHENU VENTURES LIMITED,4.29,4.30,4.05,4.12,4.17,4.19,,4.13,,,274443,1136026.82,937,F1,1,,,,,
2026-09-28,2026-09-28,CM,NSE,STK,25786,INE879E01037,KANANIIND,EQ,,,,,KANANI INDUSTRIES LTD,1.22,1.39,1.22,1.35,1.38,1.40,,1.35,,,288592,376757.09,332,F1,1,,,,,
2026-09-28,2026-09-28,CM,NSE,STK,762737,INE081G01019,KANCHI,EQ,,,,,KANCHI KARPOORAM LTD.,387.00,389.50,374.40,379.90,383.00,390.50,,379.90,,,2736,1044137.85,120,F1,1,,,,,
2026-09-28,2026-09-28,CM,NSE,STK,765090,INE398L01017,KANCOTEA,EQ,,,,,KANCO TEA & INDS. LTD.,55.55,55.55,54.55,54.55,54.55,54.00,,54.55,,,2,110.10,2,F1,1,,,,,
2026-09-28,2026-09-28,CM,NSE,STK,11208,INE0MOT01016,KANDARP,SM,,,,,KANDARP DG SMART BPO LTD,73.00,73.00,69.50,69.50,69.50,73.15,,69.50,,,6000,421500.00,6,F1,1000,,,,,
2026-09-28,2026-09-28,CM,NSE,STK,766021,INE877D01025,KANOHAR,EQ,,,,,KANOHAR ELECTRICALS LTD,869.00,872.30,805.10,811.15,813.00,862.55,,811.32,,,1405560,1171434239.10,57095,F1,1,,,,,
2026-09-28,2026-09-28,CM,NSE,STK,9805,INE138C01024,KANORICHEM,BE,,,,,KANORIACHEMICALS-,200.99,206.00,190.07,202.55,205.00,198.55,,204.24,,,59287,11776461.49,810,F1,1,,,,,
2026-09-28,2026-09-28,CM,NSE,STK,1782,INE694E01014,KANPRPLA,EQ,,,,,KANPUR PLASTIPACK LIMITED,252.60,257.30,250.00,250.90,253.30,257.45,,250.93,,,8970,2271116.35,445,F1,1,,,,,
2026-09-28,2026-09-28,CM,NSE,STK,1196,INE531A01024,KANSAINER,EQ,,,,,KANSAI NEROLAC PAINTS LTD,181.52,183.26,176.56,177.48,177.70,180.63,,177.49,,,151243,27053581.26,6364,F1,1,,,,,
2026-09-28,2026-09-28,CM,NSE,STK,18967,INE542Z01028,KAPSTON,EQ,,,,,KAPSTON SERVICES LIMITED,547.90,549.00,535.70,537.80,536.50,535.70,,537.80,,,221302,119669895.80,7098,F1,1,,,,,
2026-09-28,2026-09-28,CM,NSE,STK,766056,INE590T01012,KARAMTARA,EQ,,,,,KARAMTARA ENGINEERING L,358.55,364.30,352.25,357.80,356.90,358.70,,358.00,,,1700000,611095333.65,33929,F1,1,,,,,
2026-09-28,2026-09-28,CM,NSE,STK,24385,INE725L01011,KARMAENG,EQ,,,,,KARMA ENERGY LIMITED,39.69,39.70,38.60,39.14,39.63,38.97,,39.14,,,1640,64443.94,33,F1,1,,,,,
2026-09-28,2026-09-28,CM,NSE,STK,8054,INE614B01018,KTKBANK,EQ,,,,,KARNATAKA BANK LIMITED,335.50,337.30,320.45,321.85,321.30,335.50,,321.86,,,1096413,357353144.85,24512,F1,1,,,,,
2026-09-28,2026-09-28,CM,NSE,STK,19465,INE0MGA01012,KARNIKA,SM,,,,,KARNIKA INDUSTRIES LTD,124.00,124.85,123.10,124.10,124.00,123.00,,124.10,,,20000,2474650.00,17,F1,1000,,,,,
2026-09-28,2026-09-28,CM,NSE,STK,1838,INE036D01028,KARURVYSYA,EQ,,,,,KARUR VYSYA BANK LTD,326.45,327.00,320.10,320.75,320.60,327.95,,320.75,,,850213,274194402.15,31885,F1,1,,,,,
2026-09-28,2026-09-28,CM,NSE,STK,24528,INE0SVY01018,KATARIA,SM,,,,,KATARIA INDUSTRIES LTD,154.90,155.00,148.00,152.30,153.15,155.80,,152.30,,,7200,1091730.00,11,F1,600,,,,,
2026-09-28,2026-09-28,CM,NSE,STK,15140,INE234I01028,KAUSHALYA,BE,,,,,KAUSHALYA INFRA DEV LTD.,812.00,845.95,804.00,845.45,845.00,835.70,,846.30,,,283,230315.15,16,F1,1,,,,,
2026-09-28,2026-09-28,CM,NSE,STK,21189,INE0Q2V01012,KLL,ST,,,,,KAUSHALYA LOGISTICS LTD,44.45,44.45,42.25,42.25,42.25,44.45,,42.25,,,19200,815920.00,23,F1,800,,,,,
2026-09-28,2026-09-28,CM,NSE,STK,14972,INE455I01029,KSCL,EQ,,,,,KAVERI SEED CO. LTD.,806.35,806.60,754.80,769.50,770.00,804.55,,769.70,,,1034484,806764035.25,28685,F1,1,,,,,
2026-09-28,2026-09-28,CM,NSE,STK,15248,INE641C01019,KAVDEFENCE,BE,,,,,KAVVERI DFS & WIR TEC LTD,82.70,82.70,78.65,79.03,79.00,82.34,,79.10,,,142753,11478439.33,1124,F1,1,,,,,
2026-09-28,2026-09-28,CM,NSE,STK,21173,INE0RCG01017,KCEIL,SM,,,,,KAY CEE ENERGY & INFRA L,78.75,82.00,76.75,76.90,76.85,78.75,,76.90,,,15500,1220675.00,30,F1,500,,,,,
2026-09-28,2026-09-28,CM,NSE,STK,10282,INE587G01015,KAYA,BE,,,,,KAYA LIMITED,324.85,325.00,303.60,309.60,309.25,316.80,,309.60,,,4127,1281882.45,115,F1,1,,,,,
2026-09-28,2026-09-28,CM,NSE,STK,12092,INE918Z01012,KAYNES,EQ,,,,,KAYNES TECHNOLOGY IND LTD,3623.80,3695.00,3589.00,3658.00,3658.00,3650.00,,3658.02,,,983180,3582609149.40,54819,F1,1,,,,,
2026-09-28,2026-09-28,CM,NSE,STK,758868,INE13ZD01013,KAYTEX,SM,,,,,KAYTEX FABRICS LIMITED,55.00,55.50,55.00,55.50,55.50,56.60,,55.50,,,4800,266000.00,6,F1,800,,,,,
2026-09-28,2026-09-28,CM,NSE,STK,10296,INE0J1E01027,KCK,ST,,,,,KCK INDUSTRIES LTD,13.95,14.50,13.90,14.20,14.20,14.00,,14.20,,,47500,675875.00,17,F1,2500,,,,,
2026-09-28,2026-09-28,CM,NSE,STK,1841,INE805C01028,KCP,EQ,,,,,KCP LTD,161.50,161.50,156.21,157.28,157.58,163.29,,157.29,,,87597,13820942.55,2230,F1,1,,,,,
2026-09-28,2026-09-28,CM,NSE,STK,8849,INE790B01024,KCPSUGIND,BE,,,,,KCPSUGARINDUS,30.59,30.60,29.16,29.27,29.21,30.33,,29.27,,,78571,2329917.47,281,F1,1,,,,,
2026-09-28,2026-09-28,CM,NSE,STK,765105,INE348N01042,KDGREEN,EQ,,,,,KD GREEN INDUSTRIES LTD,49.50,51.00,46.06,46.76,46.06,50.10,,46.79,,,56641,2747592.90,1129,F1,1,,,,,
2026-09-28,2026-09-28,CM,NSE,STK,14908,INE291D01011,KDDL,EQ,,,,,KDDL LIMITED,4035.00,4116.50,3950.00,4014.10,4040.00,4033.40,,4014.06,,,41785,168704260.10,8809,F1,1,,,,,
2026-09-28,2026-09-28,CM,NSE,STK,13260,INE389H01022,KEC,EQ,,,,,KEC INTL. LIMITED,394.95,396.10,390.00,390.55,390.35,396.95,,390.53,,,320330,125427544.55,15071,F1,1,,,,,
2026-09-28,2026-09-28,CM,NSE,STK,13310,INE878B01027,KEI,EQ,,,,,KEI INDUSTRIES LTD.,4653.00,4668.50,4510.50,4516.00,4516.00,4673.50,,4516.06,,,219657,1003387659.50,20137,F1,1,,,,,
2026-09-28,2026-09-28,CM,NSE,STK,13430,INE164B01030,KELLTONTEC,EQ,,,,,KELLTON TECH SOL LTD,13.35,13.39,13.05,13.09,13.10,13.46,,13.09,,,1178339,15534198.74,3055,F1,1,,,,,
2026-09-28,2026-09-28,CM,NSE,STK,29547,INE15DO01012,KEN,SM,,,,,KEN ENTERPRISES LIMITED,42.10,42.10,40.00,40.90,40.90,42.75,,40.90,,,13200,537060.00,11,F1,1200,,,,,
2026-09-28,2026-09-28,CM,NSE,STK,11841,INE717A01029,KENNAMET,EQ,,,,,KENNAMETAL INDIA LIMITED,4207.00,4238.70,4106.00,4134.10,4127.00,4207.20,,4133.75,,,14285,59208496.60,3183,F1,1,,,,,
2026-09-28,2026-09-28,CM,NSE,STK,13121,INE202H01019,KERNEX,EQ,,,,,KERNEX MICROSYS(I) LTD,1700.00,1747.00,1655.00,1713.80,1715.00,1693.50,,1713.77,,,165356,280931980.90,14293,F1,1,,,,,
2026-09-28,2026-09-28,CM,NSE,STK,1859,INE087A01019,KESORAMIND,EQ,,,,,KESORAM INDUSTRIES LTD,11.38,11.38,11.00,11.02,11.00,11.57,,11.02,,,516769,5727768.06,1116,F1,1,,,,,
2026-09-28,2026-09-28,CM,NSE,STK,13381,INE401H01017,KKCL,EQ,,,,,KEWAL KIRAN CLOTHING LTD,467.20,467.25,453.50,462.15,462.00,467.85,,462.15,,,24616,11302607.25,1329,F1,1,,,,,
2026-09-28,2026-09-28,CM,NSE,STK,4157,INE681C01015,KEYFINSERV,EQ,,,,,KEYNOTE FIN SERV LTD.,221.00,248.95,221.00,223.70,222.00,227.35,,223.70,,,1948,441065.60,134,F1,1,,,,,
2026-09-28,2026-09-28,CM,NSE,STK,12219,INE263M01029,RUSTOMJEE,EQ,,,,,KEYSTONE REALTORS LIMITED,364.00,364.45,351.00,359.90,363.40,366.50,,359.89,,,43367,15554313.90,1347,F1,1,,,,,
2026-09-28,2026-09-28,CM,NSE,STK,13359,INE138Y01010,KFINTECH,EQ,,,,,KFIN TECHNOLOGIES LIMITED,888.80,890.00,874.05,884.05,884.05,888.80,,884.03,,,393319,347105845.15,30368,F1,1,,,,,
2026-09-28,2026-09-28,CM,NSE,STK,433,INE834I01025,KHADIM,BE,,,,,KHADIM INDIA LIMITED,118.00,118.00,115.74,118.00,118.00,118.10,,118.05,,,21522,2506267.78,53,F1,1,,,,,
2026-09-28,2026-09-28,CM,NSE,STK,3912,INE731C01018,KHAITANLTD,EQ,,,,,KHAITAN (INDIA)LTD.,145.10,149.39,145.10,146.69,146.70,146.01,,146.69,,,605,88362.27,23,F1,1,,,,,
2026-09-28,2026-09-28,CM,NSE,STK,896,INE745B01028,KHAICHEM,EQ,,,,,KHAITAN CHEM & FERT LTD,50.00,51.80,48.60,49.51,49.80,49.59,,49.44,,,324044,16270446.22,4361,F1,1,,,,,
2026-09-28,2026-09-28,CM,NSE,STK,9641,INE060B01014,KHANDSE,EQ,,,,,KHANDWALA SECURITIES LTD,18.45,18.46,17.00,17.50,17.50,17.82,,17.98,,,3378,59148.28,63,F1,1,,,,,
2026-09-28,2026-09-28,CM,NSE,STK,766214,INE0HOL01013,KHERIAAUTO,ST,,,,,KHERIA AUTOCOMP LIMITED,98.00,99.60,94.65,96.30,96.50,99.60,,96.30,,,146400,14046060.00,110,F1,1200,,,,,
2026-09-28,2026-09-28,CM,NSE,STK,9570,INE00UG01014,KHFM,SM,,,,,KHFM HOS FAC MANA SER LTD,40.50,40.50,40.00,40.15,40.05,42.25,,40.15,,,17050,685487.50,11,F1,1550,,,,,
2026-09-28,2026-09-28,CM,NSE,STK,762747,INE338F01015,KLBRENG-B,EQ,,,,,KILBURN ENGINEERING LTD.,524.50,524.90,506.80,514.40,517.90,521.75,,514.33,,,176312,90700056.35,4345,F1,1,,,,,
2026-09-28,2026-09-28,CM,NSE,STK,19941,INE729D01010,KILITCH,BE,,,,,KILITCH DRUGS INDIA LTD,224.00,224.00,213.50,217.05,217.64,224.27,,217.24,,,30944,6705493.10,303,F1,1,,,,,
2026-09-28,2026-09-28,CM,NSE,STK,18944,INE473D01015,KINGFA,EQ,,,,,KINGFA SCI & TEC IND LTD.,6195.50,6417.00,6195.50,6384.00,6387.00,6237.50,,6383.79,,,10603,67301807.00,3493,F1,1,,,,,
2026-09-28,2026-09-28,CM,NSE,STK,19126,INE880L01014,KIOCL,EQ,,,,,KIOCL LIMITED,342.45,342.50,328.40,331.00,332.00,340.75,,331.11,,,74732,24985272.70,2310,F1,1,,,,,
2026-09-28,2026-09-28,CM,NSE,STK,762742,INE555P01013,KIRANVYPAR,EQ,,,,,KIRAN VYAPAR LTD.,195.00,195.00,180.55,185.17,183.15,201.15,,184.84,,,12146,2273128.05,469,F1,1,,,,,
2026-09-28,2026-09-28,CM,NSE,STK,16639,INE415I01015,KIRIINDUS,EQ,,,,,KIRI INDUSTRIES LIMITED,557.00,558.00,532.65,541.95,541.65,557.50,,541.95,,,589119,319085449.95,11535,F1,1,,,,,
2026-09-28,2026-09-28,CM,NSE,STK,18581,INE732A01036,KIRLOSBROS,EQ,,,,,KIRLOSKAR BROTHERS LTD,1780.60,1780.60,1720.70,1732.30,1749.70,1771.90,,1732.54,,,27047,47039004.30,3338,F1,1,,,,,
2026-09-28,2026-09-28,CM,NSE,STK,18220,INE134B01017,KECL,EQ,,,,,KIRLOSKAR ELECTRIC CO LTD,125.60,126.80,119.33,120.07,119.90,126.17,,120.07,,,115959,14002010.47,2460,F1,1,,,,,
2026-09-28,2026-09-28,CM,NSE,STK,14466,INE884B01025,KIRLFER,EQ,,,,,KIRLOSKAR FERROUS IND LTD,478.10,481.35,465.30,468.95,467.80,483.20,,468.94,,,44237,20943056.15,3009,F1,1,,,,,
2026-09-28,2026-09-28,CM,NSE,STK,19025,INE250A01039,KIRLOSIND,EQ,,,,,KIRLOSKAR INDUSTRIES LTD,3562.00,3599.10,3500.10,3520.50,3543.00,3597.50,,3520.97,,,3239,11463988.50,971,F1,1,,,,,
2026-09-28,2026-09-28,CM,NSE,STK,20936,INE146L01010,KIRLOSENG,EQ,,,,,KIRLOSKAR OIL ENG LTD,2138.10,2160.00,2086.30,2141.20,2140.00,2137.20,,2141.18,,,388047,823406694.00,40302,F1,1,,,,,
2026-09-28,2026-09-28,CM,NSE,STK,15180,INE811A01038,KIRLPNU,EQ,,,,,KIRLOSKAR PNEUMATIC COM L,690.30,691.00,676.60,678.65,678.00,691.95,,678.64,,,59000,40229093.85,5915,F1,1,,,,,
2026-09-28,2026-09-28,CM,NSE,STK,28899,INE602G01020,KITEX,EQ,,,,,KITEX GARMENTS LTD,116.59,118.58,115.00,116.13,116.00,117.68,,116.14,,,316717,36856932.96,4148,F1,1,,,,,
2026-09-28,2026-09-28,CM,NSE,STK,760923,INE0KNW01016,KNAGRI,EQ,,,,,KN AGRI RESOURCES LIMITED,208.70,209.90,202.05,205.05,205.70,204.76,,205.05,,,2151,438235.72,60,F1,1,,,,,
2026-09-28,2026-09-28,CM,NSE,STK,763839,INE17QZ01016,KNACK,EQ,,,,,KNACK PACKAGING LIMITED,182.94,182.94,175.22,176.65,179.00,181.98,,176.65,,,329646,58420720.62,6926,F1,1,,,,,
2026-09-28,2026-09-28,CM,NSE,STK,27084,INE0CJD01029,KMEW,EQ,,,,,KNOWLEDGE MARINE & EN W L,2865.00,2899.90,2802.00,2876.90,2880.10,2865.10,,2876.85,,,55763,159889788.00,9746,F1,1,,,,,
2026-09-28,2026-09-28,CM,NSE,STK,758431,INE1JAR25012,KRT,RR,,,,,KNOWLEDGE REALTY TRUST,113.90,113.99,112.81,112.97,112.99,113.88,,112.97,,,1968909,222993681.85,9765,F1,1,,,,,
2026-09-28,2026-09-28,CM,NSE,STK,15283,INE634I01029,KNRCON,EQ,,,,,KNR CONSTRU LTD.,120.00,120.09,117.10,117.39,117.20,120.27,,117.40,,,629526,74386555.57,7202,F1,1,,,,,
2026-09-28,2026-09-28,CM,NSE,STK,18754,INE0Q7P01013,KODYTECH,ST,,,,,KODY TECHNOLAB LIMITED,1539.00,1543.00,1453.00,1490.00,1490.00,1515.00,,1490.00,,,4000,6035735.00,35,F1,100,,,,,
2026-09-28,2026-09-28,CM,NSE,STK,3009,INE080B01012,KOHINOOR,EQ,,,,,KOHINOOR FOODS LIMITED,31.88,31.88,29.26,30.07,30.19,31.05,,30.11,,,144222,4328524.85,2453,F1,1,,,,,
2026-09-28,2026-09-28,CM,NSE,STK,16827,INE760A01029,KOKUYOCMLN,EQ,,,,,KOKUYO CAMLIN LIMITED,76.03,76.60,74.26,74.64,75.45,76.03,,74.64,,,25382,1904422.20,577,F1,1,,,,,
2026-09-28,2026-09-28,CM,NSE,STK,15124,INE094I01018,KOLTEPATIL,EQ,,,,,KOLTE PATIL DEV. LTD.,429.30,431.35,423.10,425.60,426.95,432.00,,425.60,,,20225,8631685.00,1856,F1,1,,,,,
2026-09-28,2026-09-28,CM,NSE,STK,22475,INE0QEI01011,KONSTELEC,ST,,,,,KONSTELEC ENGINEERS LTD,57.00,60.00,57.00,59.10,58.25,59.85,,59.10,,,4000,232850.00,4,F1,1000,,,,,
2026-09-28,2026-09-28,CM,NSE,STK,19287,INE0KZ301010,KONTOR,SM,,,,,KONTOR SPACE LIMITED,51.55,51.55,51.25,51.40,51.25,57.95,,51.40,,,1200,61680.00,2,F1,600,,,,,
2026-09-28,2026-09-28,CM,NSE,STK,1919,INE082A01010,KOPRAN,EQ,,,,,KOPRAN LTD,285.00,293.50,274.77,277.97,277.00,284.53,,278.00,,,1132745,325035412.51,18091,F1,1,,,,,
2026-09-28,2026-09-28,CM,NSE,STK,16758,INE0O4R01018,KDL,SM,,,,,KORE DIGITAL LIMITED,55.00,55.00,55.00,55.00,55.00,57.85,,55.00,,,3150,173250.00,16,F1,150,,,,,
2026-09-28,2026-09-28,CM,NSE,STK,14858,INF174KA1HJ8,GOLD1,EQ,,,,,KOTAK GOLD ETF,123.70,123.71,121.73,122.16,122.40,125.72,,122.15,,,3246817,397606377.66,12401,F1,1,,,,,
2026-09-28,2026-09-28,CM,NSE,STK,1922,INE237A01036,KOTAKBANK,EQ,,,,,KOTAK MAHINDRA BANK LTD,402.00,403.70,395.75,401.55,401.55,404.00,,401.55,,,15062655,6020931933.40,133757,F1,1,,,,,
2026-09-28,2026-09-28,CM,NSE,STK,18102,INF174K014P6,NIFTY1,EQ,,,,,KOTAK NIFTY ETF,263.92,263.92,251.05,253.69,253.99,257.49,,253.70,,,230337,58551633.25,2999,F1,1,,,,,
2026-09-28,2026-09-28,CM,NSE,STK,15061,INF174KA1A86,PSUBANK,EQ,,,,,KOTAK PSU BANK,85.02,85.02,80.37,80.58,80.70,82.95,,80.58,,,113037,9155644.93,856,F1,1,,,,,
2026-09-28,2026-09-28,CM,NSE,STK,759885,INF174KA1XV0,CHEMICAL,EQ,,,,,KOTAKMAMC - CHEMICAL,29.14,29.14,28.47,28.69,28.80,29.14,,28.69,,,981124,28274361.84,2059,F1,1,,,,,
2026-09-28,2026-09-28,CM,NSE,STK,7412,INF174KA1IA5,ALPHA,EQ,,,,,KOTAKMAMC - KOTAKALPHA,52.76,52.77,51.38,51.44,51.41,52.76,,51.44,,,2321442,120146179.13,13360,F1,1,,,,,
2026-09-28,2026-09-28,CM,NSE,STK,10512,INF174KA1ZF8,CONS,EQ,,,,,KOTAKMAMC - KOTAKCONS,11.75,11.99,11.60,11.71,11.68,11.75,,11.71,,,14760,171762.44,176,F1,1,,,,,
2026-09-28,2026-09-28,CM,NSE,STK,2627,INF174KA1GC5,IT,EQ,,,,,KOTAKMAMC - KOTAKIT,32.12,32.12,30.99,31.31,31.39,31.34,,31.31,,,369336,11524402.77,1316,F1,1,,,,,
2026-09-28,2026-09-28,CM,NSE,STK,13950,INF174KA1LV5,LIQUID1,EQ,,,,,KOTAKMAMC - KOTAKLIQ,1124.41,1124.57,1122.41,1124.55,1124.54,1124.41,,1124.55,,,805702,906041451.18,985,F1,1,,,,,
2026-09-28,2026-09-28,CM,NSE,STK,8632,INF174KA1IY5,LOWVOL1,EQ,,,,,KOTAKMAMC - KOTAKLOVOL,20.17,20.44,20.04,20.16,20.35,20.17,,20.16,,,555484,11201184.09,14446,F1,1,,,,,
2026-09-28,2026-09-28,CM,NSE,STK,8077,INF174KA1ZC5,MIDCAP,EQ,,,,,KOTAKMAMC - KOTAKMID50,18.38,18.38,17.58,17.64,17.66,17.88,,17.64,,,736602,13009826.32,1790,F1,1,,,,,
2026-09-28,2026-09-28,CM,NSE,STK,10676,INF174KA1JF2,MNC,EQ,,,,,KOTAKMAMC - KOTAKMNC,33.00,33.00,31.81,31.93,31.99,32.20,,31.93,,,97066,3105428.72,745,F1,1,,,,,
2026-09-28,2026-09-28,CM,NSE,STK,13082,INF174KA1ZD3,SILVER1,EQ,,,,,KOTAKMAMC - KOTAKSILVE,21.76,21.76,21.28,21.41,21.48,22.19,,21.41,,,10102196,216669826.42,8341,F1,1,,,,,
2026-09-28,2026-09-28,CM,NSE,STK,11457,INF174KA1ZE1,NV20,EQ,,,,,KOTAKMAMC - KTKNV20ETF,13.38,13.38,13.19,13.21,13.26,13.38,,13.21,,,192242,2545718.60,503,F1,1,,,,,
2026-09-28,2026-09-28,CM,NSE,STK,30469,INF174KA1VW2,MID150,EQ,,,,,KOTAKMAMC - MID150,23.39,23.39,22.23,22.51,22.55,23.39,,22.51,,,263545,5943801.87,831,F1,1,,,,,
2026-09-28,2026-09-28,CM,NSE,STK,759488,INF174KA1XS6,MOMENTUM30,EQ,,,,,KOTAKMAMC - MOMENTUM30,31.70,31.70,29.62,29.72,29.75,30.69,,29.72,,,188285,5620975.57,558,F1,1,,,,,
2026-09-28,2026-09-28,CM,NSE,STK,29758,INF174KA1VD2,MSCIINDIA,EQ,,,,,KOTAKMAMC - MSCIINDIA,28.70,28.70,28.23,28.30,28.23,28.86,,28.30,,,26896,764568.88,273,F1,1,,,,,
2026-09-28,2026-09-28,CM,NSE,STK,760709,INF174KA1YO3,NEXT50ETF,EQ,,,,,KOTAKMAMC - NEXT50ETF,73.01,73.01,70.26,70.99,71.00,73.76,,70.99,,,57553,4101628.89,508,F1,1,,,,,
2026-09-28,2026-09-28,CM,NSE,STK,29944,INF174KA1UW4,NIFTY100EW,EQ,,,,,KOTAKMAMC - NIFTY100EW,34.26,34.26,33.57,33.67,33.70,34.09,,33.67,,,124810,4205162.50,446,F1,1,,,,,
2026-09-28,2026-09-28,CM,NSE,STK,764195,INF174KA1A94,PVTBANK,EQ,,,,,KOTAKMAMC - PVTBANK,27.31,27.80,26.52,26.72,26.61,27.31,,26.72,,,216218,5751775.58,217,F1,1,,,,,
2026-09-28,2026-09-28,CM,NSE,STK,757946,INF174KA1WT6,QUALITY30,EQ,,,,,KOTAKMAMC - QUALITY30,20.17,20.17,19.54,19.64,19.69,20.20,,19.64,,,5391,106034.45,136,F1,1,,,,,
2026-09-28,2026-09-28,CM,NSE,STK,5851,INF174KA1ZB7,BANKNIFTY1,EQ,,,,,KOTAKMAMC-KOTAKBKETF,57.68,57.68,56.51,56.68,56.88,57.69,,56.68,,,246469,14006309.84,1623,F1,1,,,,,
2026-09-28,2026-09-28,CM,NSE,STK,762752,INE972A01020,KOTIC,EQ,,,,,KOTHARI INDUSTRIAL CORP L,150.42,152.57,150.42,151.06,151.05,150.41,,151.06,,,19828,3000157.29,544,F1,1,,,,,
2026-09-28,2026-09-28,CM,NSE,STK,4594,INE720A01015,KOTHARIPET,EQ,,,,,KOTHARI PETROCHEM LTD,134.10,134.11,130.55,130.84,130.81,133.52,,130.84,,,25142,3317620.06,727,F1,1,,,,,
2026-09-28,2026-09-28,CM,NSE,STK,5528,INE823A01017,KOTHARIPRO,EQ,,,,,KOTHARI PRODUCTS LTD,69.35,69.35,65.15,66.01,66.00,67.97,,65.98,,,5845,387462.57,222,F1,1,,,,,
2026-09-28,2026-09-28,CM,NSE,STK,11648,INE419A01022,KOTARISUG,BE,,,,,KOTHARI SUG & CHEM LTD.,27.00,28.25,26.50,26.75,26.60,27.52,,26.75,,,28420,764603.51,224,F1,1,,,,,
2026-09-28,2026-09-28,CM,NSE,STK,761335,INE0J0B01017,KOTYARK,EQ,,,,,KOTYARK INDUSTRIES LTD,31.69,31.69,24.96,26.47,26.50,31.20,,26.44,,,1861015,48907340.83,2922,F1,1,,,,,
2026-09-28,2026-09-28,CM,NSE,STK,5192,INE177F01017,KOVAI,EQ,,,,,KOVAI MEDICAL CENTER & HO,6085.00,6155.00,5993.00,6025.00,6043.00,6090.50,,6025.23,,,4394,26466594.00,1168,F1,1,,,,,
2026-09-28,2026-09-28,CM,NSE,STK,5108,INE542W01025,KPIGREEN,EQ,,,,,KPI GREEN ENERGY LIMITED,342.00,368.25,342.00,357.35,359.00,339.75,,357.32,,,9434453,3380129057.00,138224,F1,1,,,,,
2026-09-28,2026-09-28,CM,NSE,STK,9683,INE04I401011,KPITTECH,EQ,,,,,KPIT TECHNOLOGIES LIMITED,519.00,519.00,506.00,509.00,509.00,519.40,,509.08,,,896865,457909022.80,24990,F1,1,,,,,
2026-09-28,2026-09-28,CM,NSE,STK,14912,INE930H01031,KPRMILL,EQ,,,,,KPR MILL LTD.,1106.30,1112.00,1087.20,1101.20,1100.00,1106.40,,1101.17,,,85203,93817483.50,11830,F1,1,,,,,
2026-09-28,2026-09-28,CM,NSE,STK,10577,INE001B01026,KRBL,EQ,,,,,KRBL LIMITED,398.65,398.65,381.55,382.95,383.10,398.65,,382.95,,,307046,118878394.75,9737,F1,1,,,,,
2026-09-28,2026-09-28,CM,NSE,STK,1937,INE268B01013,KREBSBIO,EQ,,,,,KREBS BIOCHEMICALS & IND,56.94,58.25,56.10,57.58,57.78,56.94,,57.58,,,3026,174676.72,67,F1,1,,,,,
2026-09-28,2026-09-28,CM,NSE,STK,11480,INE524L01026,KRIDHANINF,EQ,,,,,KRIDHAN INFRA LIMITED,1.79,1.93,1.79,1.89,1.91,1.86,,1.89,,,87551,163311.95,120,F1,1,,,,,
2026-09-28,2026-09-28,CM,NSE,STK,12847,INE506W01020,KRISHANA,EQ,,,,,KRISHANA PHOSCHEM LIMITED,187.24,187.49,182.20,186.42,186.99,187.24,,186.42,,,613298,113392352.45,5111,F1,1,,,,,
2026-09-28,2026-09-28,CM,NSE,STK,16133,INE0NR701018,KRISHCA,SM,,,,,KRISHCA STRAPPING SLTN L,205.50,232.15,202.55,226.55,228.00,206.85,,226.55,,,68500,15204150.00,119,F1,500,,,,,
2026-09-28,2026-09-28,CM,NSE,STK,756782,INE0GGO01015,KRISHIVAL,EQ,,,,,KRISHIVAL FOODS LIMITED,415.00,415.00,411.25,413.65,414.00,413.40,,413.65,,,211393,87425770.65,661,F1,1,,,,,
2026-09-28,2026-09-28,CM,NSE,STK,761192,INE0J5601015,KRISHNADEF,EQ,,,,,KRISHNA DEF AND ALD IND L,1011.80,1018.80,983.70,995.80,994.50,1006.80,,995.80,,,55894,56027112.10,5585,F1,1,,,,,
2026-09-28,2026-09-28,CM,NSE,STK,4847,INE967H01025,KIMS,EQ,,,,,KRISHNA INST OF MED SCI L,775.20,783.40,760.75,766.45,769.00,780.15,,766.44,,,339252,260536876.80,20008,F1,1,,,,,
2026-09-28,2026-09-28,CM,NSE,STK,6417,INE479D01038,KRITI,EQ,,,,,KRITI INDUSTRIES IND LTD,61.00,61.20,59.52,60.27,60.50,61.21,,60.16,,,4194,252525.60,134,F1,1,,,,,
2026-09-28,2026-09-28,CM,NSE,STK,11432,INE798K01010,KRITINUT,EQ,,,,,KRITI NUTRIENTS LIMITED,77.35,79.00,73.62,75.54,76.89,77.49,,75.51,,,46060,3510631.84,521,F1,1,,,,,
2026-09-28,2026-09-28,CM,NSE,STK,9288,INE00Z501029,KRITIKA,EQ,,,,,KRITIKA WIRES LIMITED,5.13,5.13,4.98,5.00,5.00,5.04,,5.00,,,91647,460044.25,415,F1,1,,,,,
2026-09-28,2026-09-28,CM,NSE,STK,760624,INE1MTV01019,KRMAYURVED,SM,,,,,KRM AYURVEDA LIMITED,297.90,299.95,294.00,299.30,299.95,298.70,,299.30,,,41000,12131850.00,41,F1,1000,,,,,
2026-09-28,2026-09-28,CM,NSE,STK,25643,INE0Q3J01015,KRN,EQ,,,,,KRN HEAT EXCHANGE N REF L,1381.80,1424.90,1381.80,1387.40,1385.00,1381.80,,1387.47,,,106026,148106789.80,13711,F1,1,,,,,
2026-09-28,2026-09-28,CM,NSE,STK,24026,INE0ATZ01017,KRONOX,BE,,,,,KRONOX LAB SCIENCES LTD,216.90,216.90,198.30,216.90,216.90,206.58,,216.70,,,377726,81158254.52,1865,F1,1,,,,,
2026-09-28,2026-09-28,CM,NSE,STK,25252,INE0O6601022,KROSS,EQ,,,,,KROSS LIMITED,267.00,271.79,258.30,260.23,260.39,267.87,,260.23,,,518981,136185672.42,15080,F1,1,,,,,
2026-09-28,2026-09-28,CM,NSE,STK,5359,INE08LI01020,KRSNAA,EQ,,,,,KRSNAA DIAGNOSTICS LTD,551.75,551.75,531.70,534.05,531.70,548.45,,534.05,,,66624,35739844.05,2709,F1,1,,,,,
2026-09-28,2026-09-28,CM,NSE,STK,23175,INE0QN801017,KRYSTAL,EQ,,,,,KRYSTAL INTEGRATED SER L,634.55,635.00,615.10,621.65,617.50,631.55,,621.62,,,8467,5274189.50,702,F1,1,,,,,
2026-09-28,2026-09-28,CM,NSE,STK,1949,INE999A01023,KSB,EQ,,,,,KSB LIMITED,814.05,815.10,797.25,801.25,801.00,819.10,,801.19,,,56073,44997928.30,5001,F1,1,,,,,
2026-09-28,2026-09-28,CM,NSE,STK,764753,INE953E01022,KSE,EQ,,,,,KSE LTD.,183.70,183.70,177.07,179.32,180.00,180.76,,179.29,,,7569,1356876.17,428,F1,1,,,,,
2026-09-28,2026-09-28,CM,NSE,STK,760433,INE987S01020,KSHINTL,EQ,,,,,KSH INTERNATIONAL LIMITED,1042.85,1046.70,975.60,984.55,988.00,1035.50,,984.62,,,321967,318823974.65,21890,F1,1,,,,,
2026-09-28,2026-09-28,CM,NSE,STK,10407,INE013801027,KSHITIJPOL,EQ,,,,,KSHITIJ POLYLINE LIMITED,4.57,4.57,4.57,4.57,4.57,4.81,,4.57,,,94196,430475.72,437,F1,1,,,,,
2026-09-28,2026-09-28,CM,NSE,STK,11060,INE0D6I01023,KSOLVES,EQ,,,,,KSOLVES INDIA LIMITED,253.95,254.65,243.00,245.50,245.00,248.50,,245.48,,,76933,19103584.75,4590,F1,1,,,,,
2026-09-28,2026-09-28,CM,NSE,STK,759989,INE1SPP01016,KSR,BE,,,,,KSR FOOTWEAR LIMITED,38.75,38.87,36.57,37.10,37.10,38.49,,37.11,,,17709,661199.29,104,F1,1,,,,,
2026-09-28,2026-09-28,CM,NSE,STK,13870,INE529I01021,KUANTUM,EQ,,,,,KUANTUM PAPERS LIMITED,78.10,80.49,76.11,76.71,76.29,79.59,,76.71,,,103492,8037935.96,1678,F1,1,,,,,
2026-09-28,2026-09-28,CM,NSE,STK,764116,INE0ISX01025,KUSUMGAR,EQ,,,,,KUSUMGAR LIMITED,615.00,631.65,609.90,617.35,616.00,626.70,,617.31,,,265287,164862406.85,14933,F1,1,,,,,
2026-09-28,2026-09-28,CM,NSE,STK,762757,INE552U01010,KPL,EQ,,,,,KWALITY PHARMACEUTICALS L,3672.30,3730.00,3556.80,3576.90,3581.10,3672.30,,3577.03,,,29057,104487447.60,6213,F1,1,,,,,
2026-09-28,2026-09-28,CM,NSE,STK,760946,INE2KCE01013,KWIL,EQ,,,,,KWALITY WALL'S (INDIA) L,41.15,41.19,39.56,39.81,40.00,41.03,,39.81,,,7340696,295012841.86,20721,F1,1,,,,,
2026-09-28,2026-09-28,CM,NSE,STK,765100,INE341H01023,LKPSEC,EQ,,,,,L K P SECURITIES LTD.,15.02,15.44,13.62,13.76,14.00,15.02,,13.79,,,48874,688147.51,269,F1,1,,,,,
2026-09-28,2026-09-28,CM,NSE,STK,24948,INE498L01015,LTF,EQ,,,,,L&T FINANCE LIMITED,282.75,283.45,277.80,280.85,280.85,284.00,,280.84,,,5648582,1583216478.05,50199,F1,1,,,,,
2026-09-28,2026-09-28,CM,NSE,STK,18564,INE010V01017,LTTS,EQ,,,,,L&T TECHNOLOGY SER. LTD.,3221.00,3280.00,3157.00,3211.60,3240.20,3206.10,,3211.33,,,35810,114088124.90,8428,F1,1,,,,,
2026-09-28,2026-09-28,CM,NSE,STK,14423,INE059D01020,LAOPALA,EQ,,,,,LA OPALA RG LIMITED,160.56,161.71,155.00,155.88,155.79,160.78,,155.89,,,227868,36058972.57,5108,F1,1,,,,,
2026-09-28,2026-09-28,CM,NSE,STK,764761,INE519D01015,LADDERUP,BE,,,,,LADDERUP FINANCE LTD.,52.04,52.45,52.00,52.45,52.45,52.00,,52.72,,,35,1828.18,3,F1,1,,,,,
2026-09-28,2026-09-28,CM,NSE,STK,5865,INE548Z01017,LAGNAM,EQ,,,,,LAGNAM SPINTEX LIMITED,74.99,74.99,72.00,73.02,73.50,74.99,,73.02,,,1174,86045.09,60,F1,1,,,,,
2026-09-28,2026-09-28,CM,NSE,STK,762762,INE515C01023,LAHOTIOV,EQ,,,,,LAHOTI OVERSEAS LTD.,40.80,40.80,39.20,40.20,40.20,39.90,,40.20,,,5179,206885.93,44,F1,1,,,,,
2026-09-28,2026-09-28,CM,NSE,STK,7902,INE850E01012,LFIC,EQ,,,,,LAKSHMI FIN IND CORP LTD,133.50,133.72,129.30,131.49,132.90,133.06,,131.49,,,1660,217120.09,61,F1,1,,,,,
2026-09-28,2026-09-28,CM,NSE,STK,764763,INE938C01019,LAKSHMIMIL,EQ,,,,,LAKSHMI MILLS CO. LTD.,7704.00,7710.00,7689.00,7689.50,7690.00,7729.00,,7693.13,,,18,138508.00,7,F1,1,,,,,
2026-09-28,2026-09-28,CM,NSE,STK,25860,INE0VZS01015,LAKSHYA,SM,,,,,LAKSHYA POWERTECH LIMITED,118.80,118.80,118.80,118.80,118.80,113.15,,118.80,,,5600,665280.00,7,F1,800,,,,,
2026-09-28,2026-09-28,CM,NSE,STK,765361,INE0K9O01026,LALITHAA,EQ,,,,,LALITHAA JEWELLERY MART L,365.90,370.50,348.05,357.15,359.35,366.35,,357.15,,,7423508,2634814071.15,53292,F1,1,,,,,
2026-09-28,2026-09-28,CM,NSE,STK,6407,INE112F01022,LAMBODHARA,EQ,,,,,LAMBODHARA TEXTILES LTD.,141.00,141.00,131.86,135.19,137.90,144.57,,135.14,,,37259,5076556.69,1284,F1,1,,,,,
2026-09-28,2026-09-28,CM,NSE,STK,27225,INE0R0201012,LAMOSAIC,ST,,,,,LAMOSAIC INDIA LIMITED,47.00,51.15,46.50,51.00,51.00,48.75,,51.00,,,213600,10753110.00,134,F1,600,,,,,
2026-09-28,2026-09-28,CM,NSE,STK,9392,INE359U01028,LANCER,EQ,,,,,LANCER CONTAINER LINES L,11.62,12.00,11.43,11.62,11.65,11.62,,11.62,,,198626,2298296.70,731,F1,1,,,,,
2026-09-28,2026-09-28,CM,NSE,STK,23030,INE572G01025,LANCORHOL,BE,,,,,LANCOR HOLDINGS LIMITED,33.69,33.69,32.00,32.16,32.16,33.59,,32.34,,,84785,2744627.48,225,F1,1,,,,,
2026-09-28,2026-09-28,CM,NSE,STK,13276,INE559R01029,LANDMARK,EQ,,,,,LANDMARK CARS LIMITED,490.95,490.95,475.00,475.90,477.00,488.55,,475.91,,,68767,32909605.05,3945,F1,1,,,,,
2026-09-28,2026-09-28,CM,NSE,STK,16863,INE197J01017,LPDC,EQ,,,,,LANDMARK PR.DEV.CO.LTD,6.51,6.59,6.36,6.41,6.43,6.51,,6.37,,,26765,172639.09,192,F1,1,,,,,
2026-09-28,2026-09-28,CM,NSE,STK,17376,INE688J01023,LANDSMILL,EQ,,,,,LANDSMILL GREEN LIMITED,0.72,0.74,0.66,0.74,0.74,0.62,,0.75,,,15983718,11596667.09,2322,F1,1,,,,,
2026-09-28,2026-09-28,CM,NSE,STK,11483,INE018A01030,LT,EQ,,,,,LARSEN & TOUBRO LTD.,3857.00,3858.20,3766.40,3766.40,3766.40,3876.20,,3766.54,,,1361601,5171758730.50,95984,F1,1,,,,,
2026-09-28,2026-09-28,CM,NSE,STK,21723,INE670X01014,LASA,BE,,,,,LASA SUPERGENERICS LTD,5.60,5.60,5.60,5.60,5.60,5.89,,5.67,,,21802,122091.20,83,F1,1,,,,,
2026-09-28,2026-09-28,CM,NSE,STK,764126,INE17IR01028,LASERPOWER,EQ,,,,,LASER POWER & INFRA LTD,272.05,273.95,261.50,262.40,262.20,272.10,,262.40,,,474329,126146111.40,7370,F1,1,,,,,
2026-09-28,2026-09-28,CM,NSE,STK,6818,INE0I7C01011,LATENTVIEW,EQ,,,,,LATENT VIEW ANALYTICS LTD,243.75,244.90,240.60,241.60,242.50,243.75,,241.61,,,174798,42356885.85,6674,F1,1,,,,,
2026-09-28,2026-09-28,CM,NSE,STK,15840,INE262Z01023,LATTEYS,EQ,,,,,LATTEYS INDUSTRIES LTD,20.45,21.10,20.26,20.75,20.50,20.67,,20.75,,,60947,1264476.53,287,F1,1,,,,,
2026-09-28,2026-09-28,CM,NSE,STK,19234,INE947Q01028,LAURUSLABS,EQ,,,,,LAURUS LABS LIMITED,2000.00,2012.30,1984.80,2010.70,2010.70,2007.00,,2010.71,,,950451,1904555573.30,39919,F1,1,,,,,
2026-09-28,2026-09-28,CM,NSE,STK,6568,INE801V01019,LAXMICOT,EQ,,,,,LAXMI COTSPIN LIMITED,13.20,13.40,13.01,13.25,13.40,13.31,,13.25,,,8426,111473.67,65,F1,1,,,,,
2026-09-28,2026-09-28,CM,NSE,STK,29171,INE0WO601020,LAXMIDENTL,EQ,,,,,LAXMI DENTAL LIMITED,197.10,198.76,191.07,192.70,192.15,199.07,,192.71,,,52776,10270799.83,1737,F1,1,,,,,
2026-09-28,2026-09-28,CM,NSE,STK,19876,INE258Y01016,LGHL,EQ,,,,,LAXMI GOLDORNA HOUSE LTD,183.95,185.00,181.00,181.28,181.00,182.99,,181.28,,,7788,1428391.51,116,F1,1,,,,,
2026-09-28,2026-09-28,CM,NSE,STK,758863,INE06WU01026,LAXMIINDIA,EQ,,,,,LAXMI INDIA FINANCE LTD,124.75,124.75,117.52,118.26,117.66,122.06,,118.30,,,91596,10899997.65,2422,F1,1,,,,,
2026-09-28,2026-09-28,CM,NSE,STK,2841,INE576O01020,LXCHEM,EQ,,,,,LAXMI ORGANIC INDUS LTD,180.50,183.28,176.50,177.47,178.50,181.42,,177.47,,,881484,158177582.28,15408,F1,1,,,,,
2026-09-28,2026-09-28,CM,NSE,STK,7529,INE938A01021,LCCINFOTEC,EQ,,,,,LCC INFOTECH LTD,4.27,4.27,4.02,4.02,4.02,4.23,,4.00,,,172891,708876.19,187,F1,1,,,,,
2026-09-28,2026-09-28,CM,NSE,STK,766044,INE1FPN01026,LCCPROJECT,EQ,,,,,LCC PROJECTS LIMITED,149.00,151.45,144.25,149.35,150.09,149.14,,149.32,,,1692610,249558295.07,15669,F1,1,,,,,
2026-09-28,2026-09-28,CM,NSE,STK,760300,INE0G1L01025,LEMERITE,EQ,,,,,LE MERITE EXPORTS LIMITED,21.50,21.60,20.01,20.01,20.01,21.06,,20.01,,,238132,4819459.56,531,F1,1,,,,,
2026-09-28,2026-09-28,CM,NSE,STK,24067,INE0HV901016,IXIGO,EQ,,,,,LE TRAVENUES TECHNOLOGY L,156.00,158.00,154.05,155.08,155.00,156.80,,155.09,,,770370,119272400.60,10762,F1,1,,,,,
2026-09-28,2026-09-28,CM,NSE,STK,14204,INE0H4B01011,LRRPL,SM,,,,,LEAD REC AND RUB PROD LTD,96.00,98.15,95.00,98.15,98.15,93.50,,98.15,,,40500,3923325.00,24,F1,1500,,,,,
2026-09-28,2026-09-28,CM,NSE,STK,764523,INE00GO01025,LEAPIND,EQ,,,,,LEAP INDIA LIMITED,139.75,139.75,135.00,135.36,135.20,139.92,,135.38,,,1000238,136662564.81,12007,F1,1,,,,,
2026-09-28,2026-09-28,CM,NSE,STK,765098,INE791B01014,LEENEE,BE,,,,,LEE & NEE SOFTWARES (E) L,7.61,7.93,7.35,7.57,7.53,7.61,,7.65,,,1801,13925.22,34,F1,1,,,,,
2026-09-28,2026-09-28,CM,NSE,STK,757014,INE0AQ201015,THELEELA,EQ,,,,,LEELA PALACES HOTEL LTD,546.15,555.00,536.15,547.90,555.00,546.15,,547.89,,,378363,205598326.45,17655,F1,1,,,,,
2026-09-28,2026-09-28,CM,NSE,STK,2606,INE970X01018,LEMONTREE,EQ,,,,,LEMON TREE HOTELS LTD,106.15,106.15,102.96,103.82,104.06,106.15,,103.82,,,2501244,260023559.72,22144,F1,1,,,,,
2026-09-28,2026-09-28,CM,NSE,STK,759605,INE956O01016,LENSKART,EQ,,,,,LENSKART SOLUTIONS LTD,680.00,682.00,651.00,655.20,656.00,680.25,,655.24,,,4302872,2845121611.00,114160,F1,1,,,,,
2026-09-28,2026-09-28,CM,NSE,STK,14459,INE500X01013,LEXUS,EQ,,,,,LEXUS GRANITO (INDIA) LTD,13.12,13.12,12.02,12.18,12.07,12.18,,12.18,,,22028,269267.35,127,F1,1,,,,,
2026-09-28,2026-09-28,CM,NSE,STK,18321,INE337A01034,LGBBROSLTD,EQ,,,,,LG BALAKRISHNAN & BROS,1743.90,1752.50,1723.80,1730.60,1730.00,1735.30,,1730.61,,,30315,52657452.90,4793,F1,1,,,,,
2026-09-28,2026-09-28,CM,NSE,STK,760213,INE324D01010,LGEINDIA,EQ,,,,,LG ELECTRONICS INDIA LTD,1739.90,1741.50,1713.30,1730.70,1731.00,1725.40,,1730.69,,,596986,1033520941.10,41828,F1,1,,,,,
2026-09-28,2026-09-28,CM,NSE,STK,11082,INE908V01012,LIBAS,EQ,,,,,LIBAS CONSU PRODUCTS LTD,12.95,12.95,11.10,11.47,11.37,12.38,,11.47,,,196682,2294838.31,475,F1,1,,,,,
2026-09-28,2026-09-28,CM,NSE,STK,1994,INE557B01019,LIBERTSHOE,EQ,,,,,LIBERTY SHOES LTD,231.18,239.59,225.52,226.20,226.00,235.92,,226.25,,,19650,4510333.51,829,F1,1,,,,,
2026-09-28,2026-09-28,CM,NSE,STK,1997,INE115A01026,LICHSGFIN,EQ,,,,,LIC HOUSING FINANCE LTD,568.00,574.70,562.50,564.15,564.15,566.00,,564.15,,,2923229,1663189018.35,37939,F1,1,,,,,
2026-09-28,2026-09-28,CM,NSE,STK,25640,INF767K01SM1,LICMFGOLD,EQ,,,,,LIC MF - LIC GOLD ETF,134.30,134.30,131.85,132.20,132.40,135.70,,132.20,,,118734,15749582.10,1042,F1,1,,,,,
2026-09-28,2026-09-28,CM,NSE,STK,11319,INF767K01OS7,LICNETFN50,EQ,,,,,LICNAMC - LICNFENGP,253.60,260.30,253.60,256.17,256.17,260.11,,256.17,,,1390,357674.95,67,F1,1,,,,,
2026-09-28,2026-09-28,CM,NSE,STK,11441,INF767K01OT5,LICNETFSEN,EQ,,,,,LICNAMC - LICNFESGP,837.68,837.68,822.25,824.30,824.30,829.39,,824.30,,,26,21498.12,12,F1,1,,,,,
2026-09-28,2026-09-28,CM,NSE,STK,15229,INF767K01PC8,LICNFNHGP,EQ,,,,,LICNAMC - LICNFNHGP,274.55,274.55,263.20,265.50,263.20,267.86,,265.50,,,63,16912.24,36,F1,1,,,,,
2026-09-28,2026-09-28,CM,NSE,STK,6062,INF767K01MV5,LICNETFGSC,EQ,,,,,LICNAMC - LICNMFET,29.08,29.47,28.91,28.98,28.97,29.07,,28.98,,,245351,7111915.83,228,F1,1,,,,,
2026-09-28,2026-09-28,CM,NSE,STK,22722,INF767K01RN1,LICNMID100,EQ,,,,,LICNAMC - LICNMID100,61.97,63.47,60.22,62.75,62.47,61.67,,62.75,,,10485,635646.24,123,F1,1,,,,,
2026-09-28,2026-09-28,CM,NSE,STK,9480,INE0J1Y01017,LICI,EQ,,,,,LIFE INSURA CORP OF INDIA,408.00,408.00,400.50,400.65,400.65,409.05,,400.66,,,5071575,2040848064.05,48195,F1,1,,,,,
2026-09-28,2026-09-28,CM,NSE,STK,578,INE060901027,LIKHITHA,EQ,,,,,LIKHITHA INFRASTRUC LTD,230.74,232.00,221.94,228.63,227.00,230.23,,228.69,,,53337,12093572.43,1260,F1,1,,,,,
2026-09-28,2026-09-28,CM,NSE,STK,6951,INE802B01027,LINC,EQ,,,,,LINC LIMITED,93.23,93.23,88.37,89.65,89.40,93.23,,89.65,,,54257,4899529.15,741,F1,1,,,,,
2026-09-28,2026-09-28,CM,NSE,STK,11596,INE405C01035,LINCOLN,EQ,,,,,LINCOLN PHARMA LTD,591.10,591.10,581.40,581.85,581.40,591.00,,581.87,,,20643,12052108.55,1428,F1,1,,,,,
2026-09-28,2026-09-28,CM,NSE,STK,1627,INE473A01011,LINDEINDIA,EQ,,,,,LINDE INDIA LIMITED,6200.00,6370.50,6145.00,6191.00,6180.00,6142.50,,6191.16,,,33696,210437103.00,11592,F1,1,,,,,
2026-09-28,2026-09-28,CM,NSE,STK,17801,INE093R01011,LLOYDSENGG,EQ,,,,,LLOYDS ENGG WORK LIMITED,98.68,99.35,95.10,95.97,96.13,98.56,,95.97,,,19001411,1838913277.09,76908,F1,1,,,,,
2026-09-28,2026-09-28,CM,NSE,STK,25807,INE080I01025,LLOYDSENT,EQ,,,,,LLOYDS ENTERPRISES LTD,79.59,79.59,75.89,76.33,76.32,79.67,,76.32,,,2598056,201068021.42,17711,F1,1,,,,,
2026-09-28,2026-09-28,CM,NSE,STK,11472,INE0DTQ01028,LLOYDS,SM,,,,,LLOYDS LUXURIES LIMITED,60.00,60.00,60.00,60.00,60.00,63.00,,60.00,,,1000,60000.00,1,F1,1000,,,,,
2026-09-28,2026-09-28,CM,NSE,STK,17313,INE281B01032,LLOYDSME,EQ,,,,,LLOYDS METALS N ENERGY L,1834.90,1839.80,1807.00,1836.30,1835.00,1838.00,,1836.30,,,289529,528688705.90,18735,F1,1,,,,,
2026-09-28,2026-09-28,CM,NSE,STK,1979,INE269B01029,LMW,EQ,,,,,LMW LIMITED,17176.00,17176.00,16858.00,16966.00,17000.00,17133.00,,16967.01,,,3440,58428178.00,1484,F1,1,,,,,
2026-09-28,2026-09-28,CM,NSE,STK,3220,INE670K01029,LODHA,EQ,,,,,LODHA DEVELOPERS LIMITED,1164.00,1165.00,1115.10,1117.10,1117.10,1165.00,,1117.10,,,1158114,1309893467.30,31246,F1,1,,,,,
2026-09-28,2026-09-28,CM,NSE,STK,764296,INE0QJW01029,LCL,EQ,,,,,LOHIA CORP LIMITED,595.70,599.95,567.00,570.20,570.00,594.70,,570.13,,,312247,180283712.75,17774,F1,1,,,,,
2026-09-28,2026-09-28,CM,NSE,STK,13436,INE397H01017,LOKESHMACH,EQ,,,,,LOKESH MACHINES LTD,340.30,341.85,325.00,326.10,325.25,340.20,,326.06,,,27420,9079099.25,1510,F1,1,,,,,
2026-09-28,2026-09-28,CM,NSE,STK,18232,INE846D01012,LORDSCHLO,EQ,,,,,LORDS CHLORO ALKALI LTD,160.00,160.00,146.74,148.20,148.99,148.20,,148.23,,,86362,13079030.61,1780,F1,1,,,,,
2026-09-28,2026-09-28,CM,NSE,STK,14924,INE740X01023,LAL,EQ,,,,,LORENZINI APPARELS LTD,8.61,8.98,8.51,8.69,8.60,8.83,,8.69,,,32309,279643.18,163,F1,1,,,,,
2026-09-28,2026-09-28,CM,NSE,STK,764768,INE026D01011,LOTUSCHO,EQ,,,,,LOTUS CHOCOLATE CO. LTD.,574.95,574.95,551.50,564.20,556.00,556.60,,562.03,,,2604,1464474.90,197,F1,1,,,,,
2026-09-28,2026-09-28,CM,NSE,STK,16807,INE947I01017,LOTUSEYE,EQ,,,,,LOTUS EYE HOSP & INST L,115.07,117.73,114.00,114.78,114.20,115.07,,114.79,,,5720,657483.64,144,F1,1,,,,,
2026-09-28,2026-09-28,CM,NSE,STK,22415,INE597L01014,LOVABLE,EQ,,,,,LOVABLE LINGERIE LTD,69.68,72.01,68.50,70.21,70.50,69.68,,70.23,,,14532,1029492.22,370,F1,1,,,,,
2026-09-28,2026-09-28,CM,NSE,STK,10590,INE970D01010,LOYALTEX,EQ,,,,,LOYAL TEXTILE MILLS LTD,222.00,222.00,207.11,211.73,210.10,222.19,,211.73,,,777,162891.66,73,F1,1,,,,,
2026-09-28,2026-09-28,CM,NSE,STK,13816,INE818H01020,LTFOODS,EQ,,,,,LT FOODS LIMITED,422.00,422.00,405.30,408.50,406.50,422.35,,408.50,,,439195,180505563.95,18802,F1,1,,,,,
2026-09-28,2026-09-28,CM,NSE,STK,17818,INE214T01019,LTM,EQ,,,,,LTM LIMITED,4098.90,4132.40,4018.20,4091.40,4091.40,4083.00,,4091.37,,,408185,1669951753.50,29651,F1,1,,,,,
2026-09-28,2026-09-28,CM,NSE,STK,14014,INE872H01027,LUMAXTECH,EQ,,,,,LUMAX AUTO TECH LTD,2041.00,2057.40,2014.40,2032.00,2029.10,2026.80,,2031.96,,,78664,160043636.40,13884,F1,1,,,,,
2026-09-28,2026-09-28,CM,NSE,STK,2018,INE162B01018,LUMAXIND,EQ,,,,,LUMAX INDUSTRIES LTD,5750.00,5752.50,5560.00,5676.00,5700.00,5769.00,,5676.28,,,9100,51565683.50,3360,F1,1,,,,,
2026-09-28,2026-09-28,CM,NSE,STK,765524,INE185Q01025,LUMINO,EQ,,,,,LUMINO INDUSTRIES LIMITED,105.50,107.98,103.56,104.79,104.75,105.26,,104.79,,,4543583,481189511.65,25009,F1,1,,,,,
2026-09-28,2026-09-28,CM,NSE,STK,10440,INE326A01037,LUPIN,EQ,,,,,LUPIN LIMITED,2087.90,2098.60,2056.00,2062.00,2062.00,2092.00,,2062.00,,,529550,1094955637.60,23277,F1,1,,,,,
2026-09-28,2026-09-28,CM,NSE,STK,11301,INE150G01020,LUXIND,EQ,,,,,LUX INDUSTRIES LIMITED,1170.00,1171.90,1120.10,1124.60,1120.10,1174.70,,1124.57,,,25674,29220226.40,2564,F1,1,,,,,
2026-09-28,2026-09-28,CM,NSE,STK,7248,INE933A01014,LYKALABS,BE,,,,,LYKA LABS LTD.,85.85,85.85,84.14,84.14,84.14,85.85,,84.17,,,1850,157269.82,26,F1,1,,,,,
2026-09-28,2026-09-28,CM,NSE,STK,758150,INE08N601015,MBEL,EQ,,,,,M AND B ENGINEERING LTD,258.60,259.75,251.00,251.85,252.40,257.70,,251.86,,,65234,16465631.85,2390,F1,1,,,,,
2026-09-28,2026-09-28,CM,NSE,STK,765120,INE227F01010,MKEXIM,EQ,,,,,M K EXIM (INDIA) LTD.,70.40,70.40,66.86,69.35,69.50,69.84,,69.53,,,17191,1183261.29,179,F1,1,,,,,
2026-09-28,2026-09-28,CM,NSE,STK,16736,INE964W01021,MKPL,EQ,,,,,M K PROTEINS LIMITED,3.84,4.05,3.84,3.97,4.00,4.03,,3.97,,,114270,452929.58,422,F1,1,,,,,
2026-09-28,2026-09-28,CM,NSE,STK,22360,INE813V01022,MCL,EQ,,,,,M TEK COPPER LIMITED,59.36,60.60,58.02,58.60,58.40,59.36,,58.60,,,27578,1621378.71,995,F1,1,,,,,
2026-09-28,2026-09-28,CM,NSE,STK,13285,INE774D01024,M&MFIN,EQ,,,,,M&M FIN. SERVICES LTD,333.00,336.50,326.20,331.75,331.00,333.10,,331.75,,,763309,252414421.20,23805,F1,1,,,,,
2026-09-28,2026-09-28,CM,NSE,STK,22976,INE0SGC01015,MVKAGRO,SM,,,,,M.V.K. AGRO FOOD PROD LTD,242.40,242.40,242.40,242.40,242.40,230.90,,242.40,,,123600,29960640.00,98,F1,300,,,,,
2026-09-28,2026-09-28,CM,NSE,STK,15017,INE215I01027,MAANALU,EQ,,,,,MAAN ALUMINIUM LIMITED,101.95,103.42,99.01,100.86,101.00,100.18,,100.87,,,82234,8331772.44,1475,F1,1,,,,,
2026-09-28,2026-09-28,CM,NSE,STK,762782,INE435D01014,MCCHRLS-B,EQ,,,,,MAC CHARLES (INDIA) LTD.,688.00,688.00,677.90,677.90,677.90,681.00,,686.45,,,59,40462.00,5,F1,1,,,,,
2026-09-28,2026-09-28,CM,NSE,STK,24545,INE0R0J01010,MACOBSTECH,SM,,,,,MACOBS TECHNOLOGIES LTD,201.25,201.25,192.00,195.00,199.00,206.00,,195.00,,,6400,1251440.00,8,F1,800,,,,,
2026-09-28,2026-09-28,CM,NSE,STK,22347,INE155Z01011,MACPOWER,EQ,,,,,MACPOWER CNC MACHINES LTD,2170.00,2226.00,2116.00,2194.60,2171.00,2062.50,,2194.60,,,148082,324178767.90,16192,F1,1,,,,,
2026-09-28,2026-09-28,CM,NSE,STK,762767,INE631R01026,MADHAVIPL,EQ,,,,,MADHAV INFRA PROJECTS L,7.32,7.69,7.11,7.39,7.45,7.52,,7.45,,,141968,1059070.22,376,F1,1,,,,,
2026-09-28,2026-09-28,CM,NSE,STK,15151,INE925C01016,MADHAV,EQ,,,,,MADHAV MARBLE & GRANITE,36.49,36.49,34.20,35.82,34.39,35.77,,35.94,,,3862,135117.04,90,F1,1,,,,,
2026-09-28,2026-09-28,CM,NSE,STK,13671,INE378D01032,MADHUCON,EQ,,,,,MADHUCON PROJECTS LTD.,4.27,4.27,3.99,3.99,3.99,4.19,,3.99,,,65062,262733.44,188,F1,1,,,,,
2026-09-28,2026-09-28,CM,NSE,STK,765476,INE1P5601010,MADHURKNIT,SM,,,,,MADHUR KNIT CRAFTS LTD,47.15,51.05,47.00,50.30,50.50,47.15,,50.30,,,66000,3254580.00,49,F1,1200,,,,,
2026-09-28,2026-09-28,CM,NSE,STK,18738,INE0P6701019,MADHUSUDAN,ST,,,,,MADHUSUDAN MASALA LIMITED,246.45,246.50,241.50,241.75,241.50,235.50,,241.75,,,22000,5343950.00,21,F1,1000,,,,,
2026-09-28,2026-09-28,CM,NSE,STK,12686,INE900L01028,MBAPL,EQ,,,,,MADHYA BHARAT AGRO P. LTD,168.80,169.60,165.30,166.81,167.00,168.47,,166.81,,,569002,94958750.60,8200,F1,1,,,,,
2026-09-28,2026-09-28,CM,NSE,STK,4911,INE414A01015,MADRASFERT,EQ,,,,,MADRAS FERTILISERS LTD,60.18,60.21,59.02,59.18,59.15,60.17,,59.18,,,40427,2402688.03,698,F1,1,,,,,
2026-09-28,2026-09-28,CM,NSE,STK,762772,INE270B01035,MAFATIND,EQ,,,,,MAFATLAL INDUSTRIES LTD.,119.00,120.00,114.50,115.41,115.30,116.92,,115.44,,,36925,4313892.95,978,F1,1,,,,,
2026-09-28,2026-09-28,CM,NSE,STK,21392,INE347W01011,MAGADSUGAR,EQ,,,,,MAGADH SUGAR & ENERGY LTD,556.95,572.85,536.50,541.20,543.00,551.45,,541.14,,,59339,32727276.90,3912,F1,1,,,,,
2026-09-28,2026-09-28,CM,NSE,STK,29482,INE613C01026,MCLOUD,EQ,,,,,MAGELLANIC CLOUD LIMITED,24.92,24.92,23.70,23.95,24.03,24.44,,23.95,,,641144,15473357.60,2697,F1,1,,,,,
2026-09-28,2026-09-28,CM,NSE,STK,14957,INE387I01016,MAGNUM,EQ,,,,,MAGNUM VENTURES LTD.,18.83,19.54,18.71,18.88,18.71,19.02,,18.87,,,8647,164389.13,102,F1,1,,,,,
2026-09-28,2026-09-28,CM,NSE,STK,17088,INE0O1S01012,MAGSON,SM,,,,,MAGSON RETAIL AND DIST L,175.00,181.55,175.00,179.60,180.00,180.00,,179.60,,,258000,46074600.00,43,F1,1000,,,,,
2026-09-28,2026-09-28,CM,NSE,STK,5239,INE843B01013,MAHAPEXLTD,EQ,,,,,MAHA RASHTRA APEX COPR. L,51.51,53.84,50.52,51.08,51.00,51.58,,51.08,,,12763,655198.31,126,F1,1,,,,,
2026-09-28,2026-09-28,CM,NSE,STK,24937,INE0US801024,MFML,EQ,,,,,MAHALAXMI FABRIC MILLS LT,19.72,19.72,16.75,18.46,18.49,18.75,,18.44,,,5644,102592.20,117,F1,1,,,,,
2026-09-28,2026-09-28,CM,NSE,STK,7889,INE112D01035,MHLXMIRU,BE,,,,,MAHALAXMI RUBTECH LIMITED,172.00,178.95,171.00,173.55,172.05,170.81,,173.95,,,12567,2211120.00,147,F1,1,,,,,
2026-09-28,2026-09-28,CM,NSE,STK,17531,INE451L01014,MAHASTEEL,BE,,,,,MAHAMAYA STEEL INDS LTD,1229.90,1240.00,1191.10,1224.60,1193.90,1232.10,,1224.66,,,1425,1733556.80,137,F1,1,,,,,
2026-09-28,2026-09-28,CM,NSE,STK,17534,INE002S01010,MGL,EQ,,,,,MAHANAGAR GAS LTD.,1070.10,1071.90,1041.00,1048.80,1052.00,1071.30,,1048.77,,,135973,142700921.50,17933,F1,1,,,,,
2026-09-28,2026-09-28,CM,NSE,STK,2294,INE153A01019,MTNL,EQ,,,,,MAHANAGAR TELEPHONE NIGAM,23.79,24.60,22.67,22.94,22.90,23.61,,22.94,,,2012382,47818052.45,7820,F1,1,,,,,
2026-09-28,2026-09-28,CM,NSE,STK,2085,INE288A01013,MAHSCOOTER,EQ,,,,,MAHARASHTRA SCOOTERS LTD,13100.00,13100.00,12721.00,12804.00,12728.00,13052.00,,12803.14,,,2210,28394109.00,852,F1,1,,,,,
2026-09-28,2026-09-28,CM,NSE,STK,2088,INE271B01025,MAHSEAMLES,EQ,,,,,MAHARASHTRA SEAMLESS LTD,718.50,718.50,702.60,714.35,708.10,715.65,,714.36,,,214768,153077966.30,13975,F1,1,,,,,
2026-09-28,2026-09-28,CM,NSE,STK,758688,INE632Q01018,MRIL,ST,,,,,MAHENDRA REALTO & INFRA L,81.00,81.00,81.00,81.00,81.00,81.15,,81.00,,,1600,129600.00,1,F1,1600,,,,,
2026-09-28,2026-09-28,CM,NSE,STK,9576,INE263W01010,MAHESHWARI,EQ,,,,,MAHESHWARI LOGISTICS LTD.,74.49,76.00,71.21,71.61,72.48,73.40,,71.61,,,10397,754255.28,160,F1,1,,,,,
2026-09-28,2026-09-28,CM,NSE,STK,2839,INE961Y01015,MAHICKRA,SM,,,,,MAHICKRA CHEMICAL LIMITED,301.00,301.00,301.00,301.00,301.00,304.80,,301.00,,,750,225750.00,1,F1,750,,,,,
2026-09-28,2026-09-28,CM,NSE,STK,2031,INE101A01026,M&M,EQ,,,,,MAHINDRA & MAHINDRA LTD,3017.30,3019.90,2977.60,2995.00,2995.00,3035.00,,2994.99,,,2078624,6221020916.30,99079,F1,1,,,,,
2026-09-28,2026-09-28,CM,NSE,STK,17603,INE215D01010,MAHEPC,EQ,,,,,MAHINDRA EPC IRRIG LTD,99.00,100.87,96.80,97.06,96.90,99.02,,97.05,,,23079,2249170.08,607,F1,1,,,,,
2026-09-28,2026-09-28,CM,NSE,STK,17333,INE998I01010,MHRIL,EQ,,,,,MAHINDRA HOLIDAYS LTD,200.70,200.70,194.00,195.92,196.50,200.00,,195.90,,,201611,39509796.60,7153,F1,1,,,,,
2026-09-28,2026-09-28,CM,NSE,STK,8050,INE813A01018,MAHLIFE,EQ,,,,,MAHINDRA LIFESPACE DEVLTD,355.00,363.95,348.10,363.10,363.00,356.85,,363.10,,,130765,46851729.95,5754,F1,1,,,,,
2026-09-28,2026-09-28,CM,NSE,STK,385,INE766P01016,MAHLOG,EQ,,,,,MAHINDRA LOGISTIC LIMITED,420.15,433.90,416.65,421.80,422.05,420.25,,421.79,,,461716,197293480.55,16883,F1,1,,,,,
2026-09-28,2026-09-28,CM,NSE,STK,24538,INE683C01011,MAITHANALL,EQ,,,,,MAITHAN ALLOYS LTD,960.85,960.90,935.70,939.00,935.70,955.15,,938.99,,,53140,50104888.80,3819,F1,1,,,,,
2026-09-28,2026-09-28,CM,NSE,STK,19809,INE0PLQ01011,MAITREYA,SM,,,,,MAITREYA MEDICARE LIMITED,115.00,120.50,110.60,112.15,112.10,112.00,,112.15,,,5600,641200.00,13,F1,400,,,,,
2026-09-28,2026-09-28,CM,NSE,STK,762780,INE201B01022,MAJESAUT,BE,,,,,MAJESTIC AUTO LTD.,366.10,374.70,360.00,362.75,363.00,366.10,,363.12,,,2259,825612.30,98,F1,1,,,,,
2026-09-28,2026-09-28,CM,NSE,STK,764773,INE987A01010,MAKERSL,EQ,,,,,MAKERS LABORATORIES LTD.,186.01,192.99,180.00,181.13,180.05,188.40,,181.13,,,1042,191911.09,155,F1,1,,,,,
2026-09-28,2026-09-28,CM,NSE,STK,7965,INE389C01015,MALLCOM,EQ,,,,,MALLCOM (INDIA) LIMITED,951.75,961.70,930.00,937.90,944.00,946.85,,937.76,,,2381,2248900.75,234,F1,1,,,,,
2026-09-28,2026-09-28,CM,NSE,STK,13352,INE383H01017,MALUPAPER,EQ,,,,,MALU PAPER MILLS LIMITED,32.50,32.50,31.66,31.90,31.90,32.59,,32.12,,,1775,56807.65,31,F1,1,,,,,
2026-09-28,2026-09-28,CM,NSE,STK,28687,INE0TO701015,MAMATA,EQ,,,,,MAMATA MACHINERY LIMITED,413.30,413.50,399.10,401.20,399.10,411.90,,401.20,,,616273,247352248.95,1627,F1,1,,,,,
2026-09-28,2026-09-28,CM,NSE,STK,7413,INE830Q01018,MANAKCOAT,EQ,,,,,MAN COAT METAL & IND LTD,131.40,132.29,124.57,125.54,127.00,129.91,,125.54,,,752268,94720660.39,3596,F1,1,,,,,
2026-09-28,2026-09-28,CM,NSE,STK,11884,INE993A01026,MANINDS,EQ,,,,,MAN INDUSTRIES (I) LTD.,1020.00,1030.90,943.70,953.35,952.00,1020.35,,953.34,,,1294722,1259274621.95,58363,F1,1,,,,,
2026-09-28,2026-09-28,CM,NSE,STK,18226,INE949H01023,MANINFRA,EQ,,,,,MAN INFRA LTD,130.96,131.95,126.10,127.43,126.70,129.95,,127.52,,,4320307,559724022.76,23033,F1,1,,,,,
2026-09-28,2026-09-28,CM,NSE,STK,7420,INE859Q01017,MANAKALUCO,EQ,,,,,MANAK ALUMINIUM CO. LTD.,35.99,36.01,34.00,34.39,34.35,35.63,,34.39,,,47731,1659967.87,775,F1,1,,,,,
2026-09-28,2026-09-28,CM,NSE,STK,15199,INE015D01022,MANAKSIA,EQ,,,,,MANAKSIA LTD.,63.90,64.70,58.25,60.19,60.24,64.11,,60.18,,,52835,3218239.45,1113,F1,1,,,,,
2026-09-28,2026-09-28,CM,NSE,STK,7482,INE824Q01011,MANAKSTEEL,BE,,,,,MANAKSIA STEELS LTD,105.50,110.33,105.50,110.13,110.00,105.08,,110.19,,,43958,4823880.26,332,F1,1,,,,,
2026-09-28,2026-09-28,CM,NSE,STK,13796,INE201A01024,MANALIPETC,EQ,,,,,MANALI PETROCHEMICALS LT,83.90,86.48,81.20,82.02,82.45,84.65,,82.02,,,1507300,126286604.24,10995,F1,1,,,,,
2026-09-28,2026-09-28,CM,NSE,STK,19061,INE522D01027,MANAPPURAM,EQ,,,,,MANAPPURAM FINANCE LTD,328.00,330.65,312.15,313.00,313.00,334.00,,313.02,,,8621230,2734492643.35,53547,F1,1,,,,,
2026-09-28,2026-09-28,CM,NSE,STK,759351,INE0U4H01011,MPEL,SM,,,,,MANAS POLYMER N ENERGIE L,26.40,26.50,26.40,26.50,26.50,25.25,,26.50,,,56000,1483840.00,14,F1,1600,,,,,
2026-09-28,2026-09-28,CM,NSE,STK,25597,INE939X01013,MANBA,EQ,,,,,MANBA FINANCE LIMITED,137.20,142.00,137.20,137.68,137.50,139.35,,137.68,,,148229,20506513.93,921,F1,1,,,,,
2026-09-28,2026-09-28,CM,NSE,STK,24823,INE545L01039,MANCREDIT,EQ,,,,,MANGAL CREDIT N FINCORP L,220.15,221.21,215.10,217.40,218.65,221.93,,217.40,,,130047,28285533.71,1961,F1,1,,,,,
2026-09-28,2026-09-28,CM,NSE,STK,758748,INE0PKD01011,MEIL,EQ,,,,,MANGAL ELECTRICAL IND L,276.95,276.95,264.50,269.35,271.50,270.80,,269.35,,,37332,10001307.25,1799,F1,1,,,,,
2026-09-28,2026-09-28,CM,NSE,STK,2106,INE347A01017,MANGLMCEM,EQ,,,,,MANGALAM CEMENT LTD,1022.20,1025.30,995.80,1000.50,1002.70,1028.60,,1000.50,,,31479,31580483.50,1597,F1,1,,,,,
2026-09-28,2026-09-28,CM,NSE,STK,11817,INE584F01014,MANGALAM,EQ,,,,,MANGALAM DRUG & CHEM LTD,32.34,32.40,30.50,30.90,30.50,31.83,,30.91,,,35269,1095126.60,681,F1,1,,,,,
2026-09-28,2026-09-28,CM,NSE,STK,1593,INE0APB01032,MGEL,EQ,,,,,MANGALAM GLOBAL ENT LTD,15.93,16.28,15.73,15.97,15.99,15.99,,15.97,,,385336,6128041.38,680,F1,1,,,,,
2026-09-28,2026-09-28,CM,NSE,STK,6422,INE370D01013,MANORG,EQ,,,,,MANGALAM ORGANICS LIMITED,452.55,454.90,446.30,446.55,450.00,458.90,,446.55,,,6970,3129775.55,257,F1,1,,,,,
2026-09-28,2026-09-28,CM,NSE,STK,764783,INE829S01016,MSL,EQ,,,,,MANGALAM SEEDS LTD.,136.00,136.00,134.00,136.00,136.00,136.00,,136.93,,,40,5368.00,6,F1,1,,,,,
2026-09-28,2026-09-28,CM,NSE,STK,759169,INE0JYY01029,MWL,EQ,,,,,MANGALAM WORLDWIDE LTD,43.07,43.90,42.50,43.46,43.51,43.07,,43.46,,,329028,14228967.77,2694,F1,1,,,,,
2026-09-28,2026-09-28,CM,NSE,STK,24629,INE0R3101011,MIEL,SM,,,,,MANGLAM INFRA & ENG LTD,12.45,13.50,12.30,13.20,13.10,12.90,,13.20,,,24000,304300.00,10,F1,2000,,,,,
2026-09-28,2026-09-28,CM,NSE,STK,766140,INE0KWF01020,MANIKA,BE,,,,,MANIKA PLASTECH LIMITED,41.99,43.00,40.55,41.37,41.90,42.32,,41.36,,,1018884,42244699.90,1708,F1,1,,,,,
2026-09-28,2026-09-28,CM,NSE,STK,760174,INE1ERK01013,MANILAM,SM,,,,,MANILAM INDUSTRIES IND L,37.60,40.00,37.60,40.00,40.00,38.00,,40.00,,,4000,155200.00,2,F1,2000,,,,,
2026-09-28,2026-09-28,CM,NSE,STK,764357,INE459N01021,MANIPALHOS,EQ,,,,,MANIPAL HEALTH ENTERPRI L,725.15,730.65,710.00,722.50,722.00,727.50,,722.51,,,624948,449581632.60,22814,F1,1,,,,,
2026-09-28,2026-09-28,CM,NSE,STK,766051,INE241U01028,MPIMANIPAL,EQ,,,,,MANIPAL PAYMENT & IDE S L,357.00,391.00,356.00,387.10,390.00,360.40,,387.11,,,3553779,1345443384.45,80480,F1,1,,,,,
2026-09-28,2026-09-28,CM,NSE,STK,15380,INE634S01028,MANKIND,EQ,,,,,MANKIND PHARMA LIMITED,2474.90,2488.30,2430.30,2435.60,2435.60,2474.90,,2435.65,,,388832,955481455.50,27988,F1,1,,,,,
2026-09-28,2026-09-28,CM,NSE,STK,19015,INE0KNT01012,MVGJL,EQ,,,,,MANOJ VAIBHAV GEM N JEW L,226.99,227.00,215.00,215.94,216.60,224.38,,215.94,,,280855,61591235.70,6383,F1,1,,,,,
2026-09-28,2026-09-28,CM,NSE,STK,13753,INE784W01015,MANOMAY,EQ,,,,,MANOMAY TEX INDIA LTD,230.00,230.00,224.34,228.58,229.00,229.12,,228.57,,,218432,49727179.16,5735,F1,1,,,,,
2026-09-28,2026-09-28,CM,NSE,STK,10227,INE00VM01036,MANORAMA,EQ,,,,,MANORAMA INDUSTRIES LTD,1873.90,1888.40,1835.10,1865.10,1870.00,1872.80,,1865.10,,,111389,207686346.80,18045,F1,1,,,,,
2026-09-28,2026-09-28,CM,NSE,STK,13575,INE867A01022,MANUGRAPH,BE,,,,,MANUGRAPH INDIA LIMITED,18.83,18.83,18.83,18.83,18.83,19.82,,18.83,,,14299,269250.17,75,F1,1,,,,,
2026-09-28,2026-09-28,CM,NSE,STK,2112,INE882A01013,MARALOVER,EQ,,,,,MARAL OVERSEAS LTD,58.32,61.10,57.00,59.37,58.31,58.61,,59.35,,,18325,1098255.37,241,F1,1,,,,,
2026-09-28,2026-09-28,CM,NSE,STK,18659,INE182D01020,MARATHON,EQ,,,,,MARATHON NXTGEN REALT LTD,404.00,409.90,391.85,392.80,394.00,411.70,,392.76,,,75974,30318187.45,1891,F1,1,,,,,
2026-09-28,2026-09-28,CM,NSE,STK,760456,INE0TD401015,MARC,ST,,,,,MARC TECHNOCRATS LIMITED,148.00,148.00,148.00,148.00,148.00,148.05,,148.00,,,2400,355200.00,2,F1,1200,,,,,
2026-09-28,2026-09-28,CM,NSE,STK,18773,INE0QP001012,MARCO,SM,,,,,MARCO CABLE & CONDUCTOR L,28.20,28.20,28.20,28.20,28.20,30.00,,28.20,,,1500,42300.00,1,F1,1500,,,,,
2026-09-28,2026-09-28,CM,NSE,STK,4067,INE196A01026,MARICO,EQ,,,,,MARICO LIMITED,815.00,815.00,804.20,813.25,813.25,819.00,,813.25,,,1076911,869546845.50,23428,F1,1,,,,,
2026-09-28,2026-09-28,CM,NSE,STK,1328,INE01JE01028,MARINE,EQ,,,,,MARINE ELECTRICAL (I) LTD,413.75,434.90,406.25,428.20,427.80,413.75,,428.20,,,2468681,1051181329.50,61799,F1,1,,,,,
2026-09-28,2026-09-28,CM,NSE,STK,760204,INE0FW001016,MARKOLINES,EQ,,,,,MARKOLINES PAVEMENT TEC L,172.97,173.75,167.55,168.21,168.44,169.78,,168.20,,,91766,15564165.84,682,F1,1,,,,,
2026-09-28,2026-09-28,CM,NSE,STK,10579,INE750C01026,MARKSANS,EQ,,,,,MARKSANS PHARMA LIMITED,335.40,341.00,329.00,331.55,332.90,336.95,,331.55,,,1876478,628869074.65,43653,F1,1,,,,,
2026-09-28,2026-09-28,CM,NSE,STK,761386,INE415B01044,MARSONS,EQ,,,,,MARSONS LIMITED,122.73,123.70,119.14,120.13,120.92,122.87,,120.13,,,2374897,286085136.19,11163,F1,1,,,,,
2026-09-28,2026-09-28,CM,NSE,STK,761042,INE0X7G01013,MARUSHIKA,SM,,,,,MARUSHIKA TECHNOLOGY LTD,119.00,119.00,109.90,116.50,116.50,117.00,,116.50,,,8400,961020.00,7,F1,1200,,,,,
2026-09-28,2026-09-28,CM,NSE,STK,10999,INE585B01010,MARUTI,EQ,,,,,MARUTI SUZUKI INDIA LTD.,12065.00,12116.00,11944.00,12008.00,12008.00,12065.00,,12008.09,,,301830,3627195824.00,41585,F1,1,,,,,
2026-09-28,2026-09-28,CM,NSE,STK,199,INE348L01012,MASFIN,EQ,,,,,MAS FINANCIAL SERV LTD,282.75,283.45,276.30,279.10,279.60,282.75,,279.03,,,218436,61317226.85,6166,F1,1,,,,,
2026-09-28,2026-09-28,CM,NSE,STK,18727,INE885F01015,MASKINVEST,EQ,,,,,MASK INVESTMENTS LIMITED,145.00,145.00,140.25,141.71,141.13,145.06,,141.71,,,330,46579.52,14,F1,1,,,,,
2026-09-28,2026-09-28,CM,NSE,STK,24278,INE0SH001010,MASON,SM,,,,,MASON INFRATECH LIMITED,111.00,111.00,107.00,108.00,108.00,113.00,,108.00,,,8000,867600.00,12,F1,500,,,,,
2026-09-28,2026-09-28,CM,NSE,STK,2124,INE759A01021,MASTEK,EQ,,,,,MASTEK LTD,1570.00,1586.70,1541.50,1555.90,1549.90,1582.80,,1555.87,,,46247,72099241.40,6203,F1,1,,,,,
2026-09-28,2026-09-28,CM,NSE,STK,19011,INE0OJM01017,MASTER,SM,,,,,MASTER COMPONENTS LIMITED,382.40,392.00,381.00,392.00,392.00,395.00,,392.00,,,2000,771650.00,4,F1,500,,,,,
2026-09-28,2026-09-28,CM,NSE,STK,27047,INE677D01037,MASTERTR,EQ,,,,,MASTER TRUST LIMITED,84.80,84.80,82.58,83.13,83.80,84.87,,83.13,,,137320,11439538.23,819,F1,1,,,,,
2026-09-28,2026-09-28,CM,NSE,STK,21726,INE866R01028,MATRIMONY,EQ,,,,,MATRIMONY.COM LIMITED,536.10,536.10,515.00,521.35,517.75,535.40,,521.40,,,8006,4198460.65,406,F1,1,,,,,
2026-09-28,2026-09-28,CM,NSE,STK,759945,INE132901013,MGSL,SM,,,,,MATRIX GEO SOLUTIONS LTD,65.45,66.35,63.00,63.95,63.95,70.00,,63.95,,,58800,3768060.00,39,F1,1200,,,,,
2026-09-28,2026-09-28,CM,NSE,STK,17022,INE636A01039,MAWANASUG,EQ,,,,,MAWANA SUGARS LIMITED,150.00,154.38,144.15,145.90,144.38,149.64,,145.88,,,798917,120732190.00,12594,F1,1,,,,,
2026-09-28,2026-09-28,CM,NSE,STK,19646,INE03EI01018,MAXESTATES,EQ,,,,,MAX ESTATES LIMITED,590.85,592.60,569.10,571.85,572.70,594.65,,571.81,,,91772,53201588.80,5844,F1,1,,,,,
2026-09-28,2026-09-28,CM,NSE,STK,2142,INE180A01020,MFSL,EQ,,,,,MAX FINANCIAL SERV LTD,1452.00,1460.90,1432.10,1444.00,1444.00,1458.00,,1444.00,,,455773,658181434.90,29597,F1,1,,,,,
2026-09-28,2026-09-28,CM,NSE,STK,22377,INE027H01010,MAXHEALTH,EQ,,,,,MAX HEALTHCARE INS LTD,1014.00,1015.80,989.10,1000.10,1000.10,1014.00,,1000.11,,,2647811,2651208878.00,52798,F1,1,,,,,
2026-09-28,2026-09-28,CM,NSE,STK,22428,INE0CG601016,MAXIND,EQ,,,,,MAX INDIA LIMITED,146.11,157.80,142.16,155.35,156.50,148.45,,155.34,,,133306,20255519.08,2127,F1,1,,,,,
2026-09-28,2026-09-28,CM,NSE,STK,21691,INE0ECC01022,MAXPOSURE,SM,,,,,MAXPOSURE LIMITED,39.10,39.10,37.55,37.55,37.55,38.75,,37.55,,,8000,308550.00,7,F1,1000,,,,,
2026-09-28,2026-09-28,CM,NSE,STK,29645,INE10A501018,MAXVOLT,SM,,,,,MAXVOLT ENERGY INDUS L,430.00,447.40,430.00,447.15,447.00,426.10,,447.15,,,102400,45105280.00,225,F1,400,,,,,
2026-09-28,2026-09-28,CM,NSE,STK,757587,INE0ZTO01018,MAYASHEEL,SM,,,,,MAYASHEEL VENTURES LTD,36.55,36.55,36.55,36.55,36.55,33.75,,36.55,,,3000,109650.00,1,F1,3000,,,,,
2026-09-28,2026-09-28,CM,NSE,STK,28906,INE040D01038,MAYURUNIQ,EQ,,,,,MAYUR UNIQUOTERS LTD,729.50,729.50,710.00,717.05,720.00,729.60,,717.05,,,69158,49589339.70,5449,F1,1,,,,,
2026-09-28,2026-09-28,CM,NSE,STK,509,INE249Z01020,MAZDOCK,EQ,,,,,MAZAGON DOCK SHIPBUIL LTD,2195.00,2199.40,2131.00,2138.00,2138.00,2199.60,,2138.17,,,650380,1399441833.40,39422,F1,1,,,,,
2026-09-28,2026-09-28,CM,NSE,STK,18870,INE885E01042,MAZDA,BE,,,,,MAZDA LIMITED,287.00,294.05,273.05,285.15,282.00,280.05,,285.24,,,49420,14168424.95,676,F1,1,,,,,
2026-09-28,2026-09-28,CM,NSE,STK,18029,INE912H01013,MBLINFRA,EQ,,,,,MBL INFRASTRUCTURE LTD,21.12,21.60,20.50,20.80,20.90,21.12,,20.81,,,46168,977199.15,170,F1,1,,,,,
2026-09-28,2026-09-28,CM,NSE,STK,11943,INE942G01012,MCLEODRUSS,EQ,,,,,MCLEOD RUSSEL INDIA LTD.,43.50,45.23,43.11,43.67,43.98,43.08,,43.67,,,684216,30449539.74,1232,F1,1,,,,,
2026-09-28,2026-09-28,CM,NSE,STK,13687,INE748A01024,MBECL,BE,,,,,MCNALLY BHARAT ENGIN CO L,465.52,465.52,465.52,465.52,465.52,456.40,,465.52,,,2040,949660.80,77,F1,1,,,,,
2026-09-28,2026-09-28,CM,NSE,STK,14574,INE0O4M01019,MCON,SM,,,,,MCON RASAYAN INDIA LTD,40.15,40.15,39.50,39.50,39.50,41.50,,39.50,,,4000,158650.00,3,F1,1000,,,,,
2026-09-28,2026-09-28,CM,NSE,STK,21705,INE456Z01021,MEDIASSIST,EQ,,,,,MEDI ASSIST HEALTH SER L,317.00,318.60,307.00,307.75,309.90,319.85,,307.75,,,231266,71710610.70,7009,F1,1,,,,,
2026-09-28,2026-09-28,CM,NSE,STK,765113,INE442D01010,MEDICAPQ,BE,,,,,MEDI CAPS LTD.,25.08,25.40,24.11,25.22,25.40,25.08,,25.25,,,1728,42679.27,26,F1,1,,,,,
2026-09-28,2026-09-28,CM,NSE,STK,762802,INE200D01020,MMWL,EQ,,,,,MEDIA MATRIX WORLDWIDE L,15.09,15.78,14.34,14.56,14.82,15.09,,14.60,,,73110,1090571.83,365,F1,1,,,,,
2026-09-28,2026-09-28,CM,NSE,STK,6281,INE646B01010,MEDICAMEQ,BE,,,,,MEDICAMEN BIOTECH LIMITED,315.00,330.30,313.00,326.95,327.95,315.30,,327.06,,,41391,13438615.50,496,F1,1,,,,,
2026-09-28,2026-09-28,CM,NSE,STK,24239,INE0PE401018,MEDIORG,SM,,,,,MEDICAMEN ORGANICS LTD,22.95,22.95,22.95,22.95,22.95,24.15,,22.95,,,4000,91800.00,2,F1,2000,,,,,
2026-09-28,2026-09-28,CM,NSE,STK,9667,INE630Y01024,MEDICO,EQ,,,,,MEDICO REMEDIES LIMITED,26.20,26.21,20.89,22.30,22.30,26.00,,22.30,,,3562547,80178440.45,14291,F1,1,,,,,
2026-09-28,2026-09-28,CM,NSE,STK,758423,INE0UOY01019,MEDISTEP,SM,,,,,MEDISTEP HEALTHCARE LTD,21.95,21.95,21.50,21.50,21.50,19.50,,21.50,,,9000,195750.00,3,F1,3000,,,,,
2026-09-28,2026-09-28,CM,NSE,STK,7254,INE804L01022,MEDPLUS,EQ,,,,,MEDPLUS HEALTH SERV LTD,654.90,661.50,647.00,653.00,654.00,654.90,,652.74,,,113837,74158367.80,6192,F1,1,,,,,
2026-09-28,2026-09-28,CM,NSE,STK,760229,INE0VDM01015,MEESHO,EQ,,,,,MEESHO LIMITED,217.06,220.47,213.55,216.83,216.00,217.06,,216.83,,,15872109,3443944633.74,185022,F1,1,,,,,
2026-09-28,2026-09-28,CM,NSE,STK,10971,INE0G1D01014,MEGAFLEX,SM,,,,,MEGA FLEX PLASTICS LTD,103.95,103.95,103.95,103.95,103.95,99.00,,103.95,,,1000,103950.00,1,F1,1000,,,,,
2026-09-28,2026-09-28,CM,NSE,STK,8153,INE00EM01016,MEGASTAR,EQ,,,,,MEGASTAR FOODS LIMITED,252.35,269.00,235.00,248.30,244.05,253.60,,248.23,,,2277,558365.90,193,F1,1,,,,,
2026-09-28,2026-09-28,CM,NSE,STK,22560,INE531R01010,MEGATHERM,SM,,,,,MEGATHERM INDUCTION LTD,238.10,258.95,238.10,251.20,249.40,244.95,,251.20,,,9200,2293180.00,23,F1,400,,,,,
2026-09-28,2026-09-28,CM,NSE,STK,5394,INE0CT101020,MOL,EQ,,,,,MEGHMANI ORGANICS LIMITED,58.46,59.34,56.73,56.96,56.73,58.52,,56.96,,,622304,35858366.73,4240,F1,1,,,,,
2026-09-28,2026-09-28,CM,NSE,STK,764778,INE898Q01015,MIIL,EQ,,,,,MEGHNA INFRACON INFRA L,708.00,708.75,683.05,686.65,692.00,704.00,,686.77,,,81192,56325434.80,1142,F1,1,,,,,
2026-09-28,2026-09-28,CM,NSE,STK,6961,INE071D01033,MENONBE,EQ,,,,,MENON BEARINGS LIMITED,311.80,315.05,288.40,290.85,291.00,298.25,,290.85,,,104870,31437823.30,2327,F1,1,,,,,
2026-09-28,2026-09-28,CM,NSE,STK,762790,INE650G01029,MENNPIS,BE,,,,,MENON PISTONS LTD.,71.75,73.95,71.00,72.05,71.00,71.39,,71.72,,,20699,1487219.20,197,F1,1,,,,,
2026-09-28,2026-09-28,CM,NSE,STK,25882,INE776I01010,MEP,BZ,,,,,MEP INFRA. DEVELOPERS LTD,0.67,0.67,0.67,0.67,0.67,0.66,,0.68,,,5378,3603.26,17,F1,1,,,,,
2026-09-28,2026-09-28,CM,NSE,STK,762792,INE689O01013,MERCANTILE,EQ,,,,,MERCANTILE VENTURES LTD.,22.27,23.36,21.31,23.16,23.00,22.72,,23.15,,,135,3102.86,12,F1,1,,,,,
2026-09-28,2026-09-28,CM,NSE,STK,763663,INE763M01028,MERCURYEV,EQ,,,,,MERCURY EV-TECH LIMITED,39.62,39.68,38.50,38.93,39.16,39.65,,38.93,,,154119,6011893.14,1520,F1,1,,,,,
2026-09-28,2026-09-28,CM,NSE,STK,764278,INE1II801013,METALIC,ST,,,,,METALIC TECHNOFORGE LTD,182.00,189.25,182.00,188.00,189.25,180.25,,188.00,,,169600,31824480.00,103,F1,1600,,,,,
2026-09-28,2026-09-28,CM,NSE,STK,7242,INE317I01021,METROBRAND,EQ,,,,,METRO BRANDS LIMITED,856.60,879.95,856.60,875.15,875.00,882.00,,875.15,,,24456,21323035.00,4319,F1,1,,,,,
2026-09-28,2026-09-28,CM,NSE,STK,762797,INE085D01033,METROGLOBL,EQ,,,,,METROGLOBAL LTD.,127.00,132.00,126.99,130.00,130.00,127.60,,131.60,,,611,78936.55,17,F1,1,,,,,
2026-09-28,2026-09-28,CM,NSE,STK,9581,INE112L01020,METROPOLIS,EQ,,,,,METROPOLIS HEALTHCARE LTD,580.25,582.60,567.45,572.30,573.55,582.60,,572.30,,,94505,54064346.25,8891,F1,1,,,,,
2026-09-28,2026-09-28,CM,NSE,STK,7165,INE287C01037,MICEL,BE,,,,,MIC ELECTRONICS LTD,35.38,35.38,35.38,35.38,35.38,36.10,,35.53,,,176836,6256457.68,625,F1,1,,,,,
2026-09-28,2026-09-28,CM,NSE,STK,19887,INE0PZK01014,MICROPRO,SM,,,,,MICROPRO SOFTWARE SOL L,18.00,18.00,18.00,18.00,18.00,18.25,,18.00,,,1600,28800.00,1,F1,1600,,,,,
2026-09-28,2026-09-28,CM,NSE,STK,759517,INE0XAD01024,MIDWESTLTD,EQ,,,,,MIDWEST LIMITED,929.50,959.90,892.30,899.90,900.90,929.50,,900.01,,,42567,38801148.50,3999,F1,1,,,,,
2026-09-28,2026-09-28,CM,NSE,STK,765125,INE588G01021,MLKFOOD,EQ,,,,,MILKFOOD LTD.,71.02,88.00,71.02,83.65,83.99,82.56,,84.16,,,6562,542931.77,205,F1,1,,,,,
2026-09-28,2026-09-28,CM,NSE,STK,765274,INE00IT01020,MILKYMIST,BE,,,,,MILKY MIST DAIRY FOOD L,325.69,327.00,304.00,315.12,316.26,319.30,,315.05,,,1205187,380545470.86,16161,F1,1,,,,,
2026-09-28,2026-09-28,CM,NSE,STK,765118,INE097E01028,MINALIND,BE,,,,,MINAL INDUSTRIES LTD.,4.59,4.59,4.59,4.59,4.59,4.68,,4.60,,,2335,10717.65,18,F1,1,,,,,
2026-09-28,2026-09-28,CM,NSE,STK,25897,INE842C01021,MINDACORP,EQ,,,,,MINDA CORPORATION LTD,678.50,678.75,668.15,673.00,674.10,678.85,,672.99,,,126782,85310518.95,14811,F1,1,,,,,
2026-09-28,2026-09-28,CM,NSE,STK,22308,INE0CCU25019,MINDSPACE,RR,,,,,MINDSPACE BUSINESS P REIT,512.99,513.75,502.20,504.48,504.70,508.08,,504.48,,,136232,68976439.33,7350,F1,1,,,,,
2026-09-28,2026-09-28,CM,NSE,STK,18049,INE110B01017,MINDTECK,EQ,,,,,MINDTECK (INDIA) LIMITED,158.00,158.00,153.00,153.62,153.00,156.55,,153.66,,,22930,3549956.72,605,F1,1,,,,,
2026-09-28,2026-09-28,CM,NSE,STK,19640,INF769K01KU7,ALPHAETF,EQ,,,,,MIRAEAMC - ALPHAETF,25.97,25.97,25.33,25.43,25.43,25.96,,25.43,,,585590,14937516.07,1990,F1,1,,,,,
2026-09-28,2026-09-28,CM,NSE,STK,17419,INF769K01KR3,BANKETF,EQ,,,,,MIRAEAMC - BANKETF,565.27,565.27,555.50,556.29,556.56,567.11,,556.30,,,48114,26823288.98,1008,F1,1,,,,,
2026-09-28,2026-09-28,CM,NSE,STK,25725,INF769K01LZ4,BANKPSU,EQ,,,,,MIRAEAMC - BANKPSU,83.45,83.45,81.01,81.10,81.11,83.45,,81.10,,,24273,1985731.04,317,F1,1,,,,,
2026-09-28,2026-09-28,CM,NSE,STK,28969,INF769K01NS5,CONSUMER,EQ,,,,,MIRAEAMC - CONSUMER,11.60,11.60,11.42,11.42,11.46,11.61,,11.42,,,96835,1110285.99,554,F1,1,,,,,
2026-09-28,2026-09-28,CM,NSE,STK,761046,INF769K01QC2,DEFENCE,EQ,,,,,MIRAEAMC - DEFENCE,80.44,80.44,76.74,76.95,77.07,78.48,,76.95,,,229181,17663401.75,1353,F1,1,,,,,
2026-09-28,2026-09-28,CM,NSE,STK,760412,INF769K01PY8,DIVIDEND,EQ,,,,,MIRAEAMC - DIVIDEND,34.55,34.56,34.32,34.35,34.35,34.78,,34.35,,,4875,168000.19,96,F1,1,,,,,
2026-09-28,2026-09-28,CM,NSE,STK,759780,INF769K01PR2,ENERGY,EQ,,,,,MIRAEAMC - ENERGY,38.42,38.42,36.98,37.00,37.05,37.67,,37.00,,,164501,6121119.58,1881,F1,1,,,,,
2026-09-28,2026-09-28,CM,NSE,STK,30121,INF769K01OA1,EQUAL200,EQ,,,,,MIRAEAMC - EQUAL200,13.40,13.40,13.22,13.23,13.23,13.41,,13.23,,,131686,1743530.99,148,F1,1,,,,,
2026-09-28,2026-09-28,CM,NSE,STK,757142,INF769K01OO2,EQUAL50,EQ,,,,,MIRAEAMC - EQUAL50,318.22,318.23,315.71,316.38,316.37,320.63,,316.38,,,6512,2061291.85,87,F1,1,,,,,
2026-09-28,2026-09-28,CM,NSE,STK,24461,INF769K01LQ3,EVINDIA,EQ,,,,,MIRAEAMC - EVINDIA,32.13,32.13,30.90,30.98,31.04,31.50,,30.98,,,192032,5973479.83,2935,F1,1,,,,,
2026-09-28,2026-09-28,CM,NSE,STK,760986,INF769K01QA6,HEALTHCARE,EQ,,,,,MIRAEAMC - HEALTHCARE,22.28,22.28,21.60,21.63,21.67,21.84,,21.63,,,65437,1419724.01,321,F1,1,,,,,
2026-09-28,2026-09-28,CM,NSE,STK,764333,INF769K01RJ5,HYBRIDETF,EQ,,,,,MIRAEAMC - HYBRIDETF,9.93,9.93,9.79,9.80,9.83,9.93,,9.80,,,24276,238721.35,126,F1,1,,,,,
2026-09-28,2026-09-28,CM,NSE,STK,761030,INF769K01QB4,INFRA,EQ,,,,,MIRAEAMC - INFRA,11.74,11.74,11.50,11.50,11.50,11.74,,11.50,,,40149,463267.01,414,F1,1,,,,,
2026-09-28,2026-09-28,CM,NSE,STK,758595,INF769K01PB6,INTERNET,EQ,,,,,MIRAEAMC - INTERNET,13.93,14.79,13.65,13.92,13.71,13.93,,13.81,,,276406,3814243.72,561,F1,1,,,,,
2026-09-28,2026-09-28,CM,NSE,STK,19633,INF769K01KV5,ITETF,EQ,,,,,MIRAEAMC - ITETF,30.00,30.08,29.52,29.87,29.84,29.87,,29.86,,,250032,7440424.02,904,F1,1,,,,,
2026-09-28,2026-09-28,CM,NSE,STK,765313,INF769K01RK3,LARGEMID50,EQ,,,,,MIRAEAMC - LARGEMID50,35.49,35.49,34.69,34.69,34.69,35.02,,34.69,,,1829,63525.74,34,F1,1,,,,,
2026-09-28,2026-09-28,CM,NSE,STK,17572,INF769K01KS1,LIQUID,EQ,,,,,MIRAEAMC - LIQUID,999.99,1000.00,999.99,999.99,1000.00,999.99,,999.99,,,140797,140796334.27,196,F1,1,,,,,
2026-09-28,2026-09-28,CM,NSE,STK,27075,INF769K01MY5,LIQUIDPLUS,EQ,,,,,MIRAEAMC - LIQUIDPLUS,1104.95,1105.11,1104.95,1105.09,1105.09,1104.95,,1105.09,,,2134524,2358842877.20,407,F1,1,,,,,
2026-09-28,2026-09-28,CM,NSE,STK,1200,INF769K01GS9,ESG,EQ,,,,,MIRAEAMC - MAESGETF,39.50,39.50,39.04,39.10,39.15,39.76,,39.10,,,18072,708374.35,124,F1,1,,,,,
2026-09-28,2026-09-28,CM,NSE,STK,3507,INF769K01HF4,MAFANG,EQ,,,,,MIRAEAMC - MAFANG,239.00,243.70,232.45,236.35,237.65,238.42,,236.36,,,659909,157677287.45,15304,F1,1,,,,,
2026-09-28,2026-09-28,CM,NSE,STK,5220,INF769K01HI8,BFSI,EQ,,,,,MIRAEAMC - MAFSETF,26.11,27.07,25.63,25.69,25.70,26.11,,25.69,,,300223,7739473.96,1483,F1,1,,,,,
2026-09-28,2026-09-28,CM,NSE,STK,14286,INF769K01JP9,GOLDETF,EQ,,,,,MIRAEAMC - MAGOLDETF,143.96,143.96,142.40,143.02,143.09,146.34,,143.02,,,2173254,310630971.15,24620,F1,1,,,,,
2026-09-28,2026-09-28,CM,NSE,STK,14938,INF769K01KF8,GSEC10YEAR,EQ,,,,,MIRAEAMC - MAGS813ETF,30.10,30.10,29.94,30.10,30.10,29.99,,30.10,,,461,13828.10,17,F1,1,,,,,
2026-09-28,2026-09-28,CM,NSE,STK,7074,INF769K01HS7,MAHKTECH,EQ,,,,,MIRAEAMC - MAHKTECH,21.93,22.09,21.26,21.94,21.98,21.78,,21.94,,,595039,13018612.29,5094,F1,1,,,,,
2026-09-28,2026-09-28,CM,NSE,STK,8413,INF769K01IC9,MIDCAPETF,EQ,,,,,MIRAEAMC - MAM150ETF,22.80,23.04,22.55,22.58,22.62,22.96,,22.58,,,3563915,80787887.65,12756,F1,1,,,,,
2026-09-28,2026-09-28,CM,NSE,STK,7979,INF769K01IB1,MAKEINDIA,EQ,,,,,MIRAEAMC - MAMFGETF,161.55,161.55,158.78,159.19,159.24,161.55,,159.19,,,41640,6638657.86,847,F1,1,,,,,
2026-09-28,2026-09-28,CM,NSE,STK,6353,INF769K01EG9,NIFTYETF,EQ,,,,,MIRAEAMC - MAN50ETF,252.15,252.28,248.10,248.49,248.43,252.15,,248.49,,,321035,79919878.46,2132,F1,1,,,,,
2026-09-28,2026-09-28,CM,NSE,STK,14786,INF769K01JU9,LOWVOL,EQ,,,,,MIRAEAMC - MANV30F,196.90,196.90,195.72,195.72,195.72,198.45,,195.72,,,1051,206247.26,20,F1,1,,,,,
2026-09-28,2026-09-28,CM,NSE,STK,17181,INF769K01FN2,NEXT50,EQ,,,,,MIRAEAMC - MANXT50,741.59,742.81,725.62,727.01,727.08,741.58,,727.01,,,115863,84498273.38,6059,F1,1,,,,,
2026-09-28,2026-09-28,CM,NSE,STK,16777,INF769K01KG6,SILVERAG,EQ,,,,,MIRAEAMC - MASILVER,217.40,218.00,213.48,214.33,214.50,222.76,,214.33,,,484053,104117461.81,3912,F1,1,,,,,
2026-09-28,2026-09-28,CM,NSE,STK,5782,INF769K01HP3,MASPTOP50,EQ,,,,,MIRAEAMC - MASPTOP50,98.50,101.05,96.02,98.54,98.92,98.49,,98.54,,,825617,81725717.30,12529,F1,1,,,,,
2026-09-28,2026-09-28,CM,NSE,STK,25744,INF769K01LY7,METAL,EQ,,,,,MIRAEAMC - METAL,13.22,13.60,12.10,12.96,13.00,13.22,,12.96,,,2171048,28235089.17,9142,F1,1,,,,,
2026-09-28,2026-09-28,CM,NSE,STK,23855,INF769K01LJ8,MIDSMALL,EQ,,,,,MIRAEAMC - MIDSMALL,50.99,50.99,50.08,50.25,50.29,50.99,,50.25,,,305507,15384863.05,1473,F1,1,,,,,
2026-09-28,2026-09-28,CM,NSE,STK,764198,INF769K01RC0,MOMMIDCAP,EQ,,,,,MIRAEAMC - MOMMIDCAP,12.66,12.75,12.48,12.51,12.52,12.76,,12.51,,,1074769,13485812.76,1017,F1,1,,,,,
2026-09-28,2026-09-28,CM,NSE,STK,25080,INF769K01LX9,MULTICAP,EQ,,,,,MIRAEAMC - MULTICAP,16.35,16.35,16.03,16.06,16.07,16.29,,16.06,,,1186068,19092752.93,1340,F1,1,,,,,
2026-09-28,2026-09-28,CM,NSE,STK,30109,INF769K01ON4,SELECTIPO,EQ,,,,,MIRAEAMC - SELECTIPO,47.20,47.26,46.30,46.31,46.30,47.20,,46.31,,,77504,3610499.09,210,F1,1,,,,,
2026-09-28,2026-09-28,CM,NSE,STK,19224,INF769K01KT9,SENSEXETF,EQ,,,,,MIRAEAMC - SENSEXETF,76.50,76.50,75.12,75.25,75.27,76.34,,75.26,,,77039,5809745.53,635,F1,1,,,,,
2026-09-28,2026-09-28,CM,NSE,STK,759814,INF769K01PQ4,SMALL250,EQ,,,,,MIRAEAMC - SMALL250,18.66,18.66,17.90,17.94,17.97,18.21,,17.94,,,490744,8826099.09,1433,F1,1,,,,,
2026-09-28,2026-09-28,CM,NSE,STK,22832,INF769K01LC3,SMALLCAP,EQ,,,,,MIRAEAMC - SMALLCAP,48.60,48.60,47.62,47.89,47.94,48.69,,47.89,,,1800222,86409201.93,6549,F1,1,,,,,
2026-09-28,2026-09-28,CM,NSE,STK,760415,INF769K01PZ5,TOP20,EQ,,,,,MIRAEAMC - TOP20,8.75,8.75,8.43,8.45,8.45,8.55,,8.45,,,36603,309640.77,253,F1,1,,,,,
2026-09-28,2026-09-28,CM,NSE,STK,761511,INF769K01QV2,VALUE,EQ,,,,,MIRAEAMC - VALUE,15.76,15.76,15.48,15.48,15.48,15.76,,15.48,,,36347,564740.45,224,F1,1,,,,,
2026-09-28,2026-09-28,CM,NSE,STK,4394,INE771A01026,MIRZAINT,EQ,,,,,MIRZA INTERNATIONAL LIMIT,29.29,29.79,28.50,28.68,28.68,28.92,,28.68,,,86548,2485851.93,832,F1,1,,,,,
2026-09-28,2026-09-28,CM,NSE,STK,2463,INE099Z01011,MIDHANI,EQ,,,,,MISHRA DHATU NIGAM LTD,406.00,417.50,397.55,416.00,415.00,405.05,,416.01,,,1357247,553920611.05,28041,F1,1,,,,,
2026-09-28,2026-09-28,CM,NSE,STK,8469,INE828O01033,MITCON,EQ,,,,,MITCON CON & ENG SER LTD,88.70,88.70,78.25,83.20,83.99,86.77,,83.20,,,98698,8241295.24,377,F1,1,,,,,
2026-09-28,2026-09-28,CM,NSE,STK,18562,INE997Y01027,MITTAL,EQ,,,,,MITTAL LIFE STYLE LIMITED,0.72,0.73,0.71,0.71,0.71,0.71,,0.71,,,1274918,916791.81,455,F1,1,,,,,
2026-09-28,2026-09-28,CM,NSE,STK,13844,INE227C01017,MMFL,EQ,,,,,MM FORGINGS LTD,616.00,618.70,595.75,604.50,606.00,616.15,,604.51,,,70817,42845911.65,3900,F1,1,,,,,
2026-09-28,2026-09-28,CM,NSE,STK,16395,INE511Y01018,MMP,EQ,,,,,MMP INDUSTRIES LIMITED,461.50,463.95,440.30,452.25,451.00,460.25,,452.25,,,66556,29809500.20,3383,F1,1,,,,,
2026-09-28,2026-09-28,CM,NSE,STK,17957,INE123F01029,MMTC,EQ,,,,,MMTC LIMITED,57.87,58.09,56.10,56.40,56.67,58.35,,56.40,,,917770,52299543.73,8499,F1,1,,,,,
2026-09-28,2026-09-28,CM,NSE,STK,2241,INE794W01014,MODTHREAD,EQ,,,,,MODERN THREADS INDIA LTD,47.98,47.98,45.99,47.75,47.75,47.32,,48.16,,,843,39190.40,36,F1,1,,,,,
2026-09-28,2026-09-28,CM,NSE,STK,760277,INE537F01012,MODINATUR,EQ,,,,,MODI NATURALS LIMITED,347.60,347.95,338.10,338.60,339.10,338.70,,338.59,,,1101,374517.15,128,F1,1,,,,,
2026-09-28,2026-09-28,CM,NSE,STK,2229,INE832A01018,MODIRUBBER,EQ,,,,,MODI RUBBER LTD,124.90,124.90,118.00,121.00,121.00,121.62,,119.50,,,1779,213563.59,75,F1,1,,,,,
2026-09-28,2026-09-28,CM,NSE,STK,759752,INE0L0L01012,MODIS,EQ,,,,,MODIS NAVNIRMAN LTD,363.25,365.00,357.00,362.85,360.90,363.10,,362.85,,,37031,13418899.60,383,F1,1,,,,,
2026-09-28,2026-09-28,CM,NSE,STK,3325,INE737D01021,MODISONLTD,BE,,,,,MODISON LIMITED,444.10,456.40,426.10,429.70,429.00,444.05,,429.72,,,92931,40657192.30,965,F1,1,,,,,
2026-09-28,2026-09-28,CM,NSE,STK,1426,INE450S01011,MHHL,SM,,,,,MOHINI HEALTH&HYGIENE LTD,30.40,33.15,30.40,33.15,33.15,32.00,,33.15,,,13500,423225.00,5,F1,1500,,,,,
2026-09-28,2026-09-28,CM,NSE,STK,29423,INE954E01012,MOHITIND,EQ,,,,,MOHIT INDUSTRIES LTD,23.40,23.44,22.56,22.89,23.00,23.00,,22.89,,,4850,111313.28,50,F1,1,,,,,
2026-09-28,2026-09-28,CM,NSE,STK,765130,INE154B01023,MOHITE,EQ,,,,,MOHITE INDUSTRIES LTD.,2.42,2.46,2.36,2.40,2.45,2.37,,2.40,,,18783,45439.51,136,F1,1,,,,,
2026-09-28,2026-09-28,CM,NSE,STK,20830,INE490G01020,MOIL,EQ,,,,,MOIL LIMITED,242.05,245.10,238.00,242.05,245.00,241.88,,242.25,,,515276,124175261.69,11484,F1,1,,,,,
2026-09-28,2026-09-28,CM,NSE,STK,3586,INE514Y01020,MOKSH,EQ,,,,,MOKSH ORNAMENTS LIMITED,9.88,10.04,9.42,9.80,9.84,9.92,,9.80,,,70877,691969.63,280,F1,1,,,,,
2026-09-28,2026-09-28,CM,NSE,STK,764548,INE869T01028,MOLBIO,EQ,,,,,MOLBIO DIAGNOSTICS LTD,1243.00,1273.80,1212.30,1237.50,1230.00,1246.00,,1237.31,,,736077,919303237.50,47399,F1,1,,,,,
2026-09-28,2026-09-28,CM,NSE,STK,6713,INE893J01029,MOLDTKPAC,EQ,,,,,MOLD-TEK PACKAGING LTD,668.00,671.30,645.15,649.40,647.00,669.85,,649.42,,,41940,27480677.40,6156,F1,1,,,,,
2026-09-28,2026-09-28,CM,NSE,STK,17629,INE835B01035,MOLDTECH,BE,,,,,MOLD-TEK TECHNOLOGIES LTD,196.27,205.00,193.00,197.29,197.20,200.08,,197.63,,,22385,4437740.52,313,F1,1,,,,,
2026-09-28,2026-09-28,CM,NSE,STK,7679,INE903D01011,MONARCH,EQ,,,,,MONARCH NETWORTH CAP LTD,365.45,365.45,348.00,350.10,352.00,362.75,,350.11,,,66457,23392506.55,2025,F1,1,,,,,
2026-09-28,2026-09-28,CM,NSE,STK,759381,INE296Q01012,MONEYBOXX,EQ,,,,,MONEYBOXX FINANCE LIMITED,49.05,50.16,48.65,48.65,48.65,51.21,,48.65,,,17686,862870.76,85,F1,1,,,,,
2026-09-28,2026-09-28,CM,NSE,STK,18392,INE0OIP01012,MONOPHARMA,SM,,,,,MONO PHARMACARE LIMITED,8.20,9.00,8.20,9.00,9.00,8.60,,9.00,,,46000,399200.00,19,F1,2000,,,,,
2026-09-28,2026-09-28,CM,NSE,STK,756958,INE1DV401010,MONOLITH,SM,,,,,MONOLITHISCH INDIA LTD,1293.00,1299.20,1211.05,1223.65,1215.00,1269.65,,1223.65,,,23750,29614125.00,94,F1,250,,,,,
2026-09-28,2026-09-28,CM,NSE,STK,5938,INE950M01013,MONTECARLO,EQ,,,,,MONTE CARLO FASHIONS LTD.,524.95,527.20,510.00,514.05,513.75,524.10,,514.08,,,34812,17964417.80,1540,F1,1,,,,,
2026-09-28,2026-09-28,CM,NSE,STK,25876,INE161G01027,MORARJEE,BZ,,,,,MORARJEE TEXTILES LIMITED,7.92,7.92,7.92,7.92,7.92,8.33,,7.92,,,50,396.00,1,F1,1,,,,,
2026-09-28,2026-09-28,CM,NSE,STK,2259,INE083A01026,MOREPENLAB,EQ,,,,,MOREPEN LAB. LTD,121.15,126.22,119.42,120.71,120.90,120.38,,120.71,,,19123218,2355341863.81,78443,F1,1,,,,,
2026-09-28,2026-09-28,CM,NSE,STK,15051,INE0N7S01028,MOS,SM,,,,,MOS UTILITY LIMITED,8.25,8.30,7.60,7.60,7.60,8.00,,7.60,,,584000,4557000.00,111,F1,4000,,,,,
2026-09-28,2026-09-28,CM,NSE,STK,29459,INE935B01025,MOSCHIP,EQ,,,,,MOSCHIP TECHNOLOGIES LTD,204.07,204.08,199.26,200.21,200.30,204.07,,200.20,,,922437,185071011.92,13408,F1,1,,,,,
2026-09-28,2026-09-28,CM,NSE,STK,8596,INE0FS801015,MSUMI,EQ,,,,,MOTHERSON SUMI WRNG IND L,34.22,35.08,33.81,34.80,34.98,34.29,,34.80,,,14877991,512606083.01,47835,F1,1,,,,,
2026-09-28,2026-09-28,CM,NSE,STK,21423,INF247L01023,MOM100,EQ,,,,,MOTILAL OS MIDCAP100 ETF,66.09,66.09,64.69,64.83,64.99,66.36,,64.84,,,692337,45034786.36,6682,F1,1,,,,,
2026-09-28,2026-09-28,CM,NSE,STK,22739,INF247L01AP3,MON100,EQ,,,,,MOTILAL OS NASDAQ100 ETF,329.00,329.00,322.00,323.86,323.87,324.11,,323.85,,,603575,195959834.85,21403,F1,1,,,,,
2026-09-28,2026-09-28,CM,NSE,STK,14947,INE338I01027,MOTILALOFS,EQ,,,,,MOTILAL OSWAL FIN LTD,1028.90,1033.40,999.50,1011.60,1011.60,1029.00,,1010.99,,,709373,718714115.50,23334,F1,1,,,,,
2026-09-28,2026-09-28,CM,NSE,STK,19289,INF247L01536,MOM50,EQ,,,,,MOTILAL OSWAL M50 ETF,244.73,244.73,238.35,239.55,239.20,242.31,,239.54,,,3937,944226.48,218,F1,1,,,,,
2026-09-28,2026-09-28,CM,NSE,STK,1507,INF247L01AK4,MOGSEC,EQ,,,,,MOTILALAMC - G5,65.49,65.49,64.50,64.51,64.99,65.32,,64.51,,,4458,290519.22,105,F1,1,,,,,
2026-09-28,2026-09-28,CM,NSE,STK,757669,INF247L01FR8,MOALPHA50,EQ,,,,,MOTILALAMC - MOALPHA50,54.86,59.70,53.20,54.64,59.05,54.59,,54.64,,,20236,1090767.26,159,F1,1,,,,,
2026-09-28,2026-09-28,CM,NSE,STK,761693,INF247L01GV8,MOBANK10,EQ,,,,,MOTILALAMC - MOBANK10,16.65,16.65,16.12,16.20,16.23,16.66,,16.20,,,8771,141979.16,175,F1,1,,,,,
2026-09-28,2026-09-28,CM,NSE,STK,30065,INF247L01EV3,MOCAPITAL,EQ,,,,,MOTILALAMC - MOCAPITAL,52.97,54.03,51.54,51.77,51.93,52.97,,51.77,,,882414,45863640.71,5265,F1,1,,,,,
2026-09-28,2026-09-28,CM,NSE,STK,24944,INF247L01DJ0,MODEFENCE,EQ,,,,,MOTILALAMC - MODEFENCE,103.08,104.21,100.50,101.45,101.60,103.08,,101.45,,,1175987,119599787.54,11628,F1,1,,,,,
2026-09-28,2026-09-28,CM,NSE,STK,759374,INF247L01GH7,MOENERGY,EQ,,,,,MOTILALAMC - MOENERGY,38.02,38.19,36.86,37.05,37.07,37.64,,37.05,,,118979,4428338.57,1149,F1,1,,,,,
2026-09-28,2026-09-28,CM,NSE,STK,757791,INF247L01FY4,MOGOLD,EQ,,,,,MOTILALAMC - MOGOLD,147.90,147.90,144.60,145.05,145.30,148.70,,145.05,,,52520,7639303.15,638,F1,1,,,,,
2026-09-28,2026-09-28,CM,NSE,STK,10508,INF247L01BB1,MOHEALTH,EQ,,,,,MOTILALAMC - MOHEALTH,52.99,52.99,51.87,52.09,52.13,52.40,,52.09,,,54572,2846442.41,764,F1,1,,,,,
2026-09-28,2026-09-28,CM,NSE,STK,757031,INF247L01FL1,MOINFRA,EQ,,,,,MOTILALAMC - MOINFRA,57.62,57.79,56.61,56.77,56.88,57.92,,56.77,,,13980,797138.80,121,F1,1,,,,,
2026-09-28,2026-09-28,CM,NSE,STK,759891,INF247L01GI5,MOIPO,EQ,,,,,MOTILALAMC - MOIPO,46.47,47.01,46.35,46.36,46.51,47.42,,46.36,,,3121,145555.00,61,F1,1,,,,,
2026-09-28,2026-09-28,CM,NSE,STK,8654,INF247L01BL0,MOLOWVOL,EQ,,,,,MOTILALAMC - MOLOWVOL,34.92,34.92,33.28,34.75,34.77,34.92,,34.74,,,1560777,53952654.56,178,F1,1,,,,,
2026-09-28,2026-09-28,CM,NSE,STK,25606,INF247L01DK8,MOMENTUM50,EQ,,,,,MOTILALAMC - MOMENTUM50,53.00,54.00,52.00,52.45,52.50,53.46,,52.45,,,613763,32295156.14,17293,F1,1,,,,,
2026-09-28,2026-09-28,CM,NSE,STK,764402,INF247L01HG7,MOMETAL,EQ,,,,,MOTILALAMC - MOMETAL,13.41,13.41,12.63,12.70,12.88,13.15,,12.70,,,100550,1289345.28,155,F1,1,,,,,
2026-09-28,2026-09-28,CM,NSE,STK,757099,INF247L01FK3,MOMGF,EQ,,,,,MOTILALAMC - MOMGF,160.76,160.76,156.06,156.30,156.49,159.97,,156.30,,,7700,1208755.54,66,F1,1,,,,,
2026-09-28,2026-09-28,CM,NSE,STK,757817,INF247L01FQ0,MOMIDMTM,EQ,,,,,MOTILALAMC - MOMIDMTM,63.84,63.84,62.00,62.22,62.32,63.53,,62.22,,,78155,4876601.79,688,F1,1,,,,,
2026-09-28,2026-09-28,CM,NSE,STK,760054,INF247L01GK1,MOMNC,EQ,,,,,MOTILALAMC - MOMNC,30.56,32.00,30.56,30.88,30.80,31.35,,30.88,,,2181,67816.72,52,F1,1,,,,,
2026-09-28,2026-09-28,CM,NSE,STK,8182,INF247L01BK2,MOMOMENTUM,EQ,,,,,MOTILALAMC - MOMOMENTUM,62.22,62.50,59.47,59.82,60.20,61.00,,59.83,,,90090,5419900.14,790,F1,1,,,,,
2026-09-28,2026-09-28,CM,NSE,STK,756900,INF247L01FC0,MON50EQUAL,EQ,,,,,MOTILALAMC - MON50EQUAL,32.13,32.13,31.71,31.78,31.84,32.13,,31.78,,,48141,1532829.07,138,F1,1,,,,,
2026-09-28,2026-09-28,CM,NSE,STK,757167,INF247L01FD8,MONEXT50,EQ,,,,,MOTILALAMC - MONEXT50,71.52,72.59,70.12,70.39,70.39,71.52,,70.39,,,3947,279449.05,120,F1,1,,,,,
2026-09-28,2026-09-28,CM,NSE,STK,759371,INF247L01GG9,MONIFTY100,EQ,,,,,MOTILALAMC - MONIFTY100,24.50,24.50,24.10,24.19,24.20,24.50,,24.19,,,13769,333029.68,123,F1,1,,,,,
2026-09-28,2026-09-28,CM,NSE,STK,19237,INF247L01BU1,MONIFTY500,EQ,,,,,MOTILALAMC - MONIFTY500,23.76,23.76,22.77,22.88,23.18,23.19,,22.88,,,1143360,26192847.31,2965,F1,1,,,,,
2026-09-28,2026-09-28,CM,NSE,STK,7422,INF247L01AU3,MONQ50,EQ,,,,,MOTILALAMC - MONQ50,219.97,221.95,184.15,188.62,190.00,214.61,,188.63,,,2184398,425210820.42,40842,F1,1,,,,,
2026-09-28,2026-09-28,CM,NSE,STK,764405,INF247L01HH5,MOOILGAS,EQ,,,,,MOTILALAMC - MOOILGAS,11.11,11.30,10.68,10.84,10.68,10.89,,10.84,,,12888,138842.52,128,F1,1,,,,,
2026-09-28,2026-09-28,CM,NSE,STK,757431,INF247L01FO5,MOPSE,EQ,,,,,MOTILALAMC - MOPSE,98.98,98.98,96.10,96.15,96.15,97.57,,96.15,,,2091,201227.25,27,F1,1,,,,,
2026-09-28,2026-09-28,CM,NSE,STK,10822,INF247L01BH8,MOQUALITY,EQ,,,,,MOTILALAMC - MOQUALITY,198.30,198.70,190.50,191.33,191.58,207.59,,191.33,,,40019,7652776.71,347,F1,1,,,,,
2026-09-28,2026-09-28,CM,NSE,STK,23184,INF247L01CI4,MOREALTY,EQ,,,,,MOTILALAMC - MOREALTY,87.07,87.07,85.07,85.33,85.15,87.07,,85.34,,,470510,40303523.65,2693,F1,1,,,,,
2026-09-28,2026-09-28,CM,NSE,STK,760001,INF247L01GJ3,MOSERVICE,EQ,,,,,MOTILALAMC - MOSERVICE,29.96,30.80,29.00,29.24,29.40,29.82,,29.24,,,4035,118986.99,96,F1,1,,,,,
2026-09-28,2026-09-28,CM,NSE,STK,758457,INF247L01FZ1,MOSILVER,EQ,,,,,MOTILALAMC - MOSILVER,221.00,221.00,217.11,217.92,218.61,226.00,,217.92,,,71919,15759314.44,1137,F1,1,,,,,
2026-09-28,2026-09-28,CM,NSE,STK,23181,INF247L01CH6,MOSMALL250,EQ,,,,,MOTILALAMC - MOSMALL250,18.78,18.78,17.96,18.00,18.06,18.33,,18.00,,,1351537,24398605.95,4287,F1,1,,,,,
2026-09-28,2026-09-28,CM,NSE,STK,757443,INF247L01FP2,MOTOUR,EQ,,,,,MOTILALAMC - MOTOUR,75.17,77.78,75.17,75.95,76.00,76.70,,75.95,,,16392,1251882.04,185,F1,1,,,,,
2026-09-28,2026-09-28,CM,NSE,STK,10825,INF247L01BE5,MOVALUE,EQ,,,,,MOTILALAMC - MOVALUE,110.00,110.69,107.92,108.52,108.79,110.69,,108.51,,,78699,8574708.80,1188,F1,1,,,,,
2026-09-28,2026-09-28,CM,NSE,STK,20788,INE0FRK01020,MOTISONS,EQ,,,,,MOTISONS JEWELLERS LTD,18.00,18.36,17.31,18.04,18.05,17.85,,18.04,,,45802394,818074060.59,69597,F1,1,,,,,
2026-09-28,2026-09-28,CM,NSE,STK,2268,INE861B01023,MOTOGENFIN,EQ,,,,,MOTOR & GENERAL FINANCE L,26.44,26.44,25.65,25.70,25.71,25.92,,25.70,,,5130,135296.79,21,F1,1,,,,,
2026-09-28,2026-09-28,CM,NSE,STK,765138,INE493H01014,MPDL,BE,,,,,MPDL LTD.,26.65,26.70,26.65,26.65,26.65,28.05,,27.71,,,1612,42999.80,7,F1,1,,,,,
2026-09-28,2026-09-28,CM,NSE,STK,4503,INE356A01018,MPHASIS,EQ,,,,,MPHASIS LIMITED,2241.30,2245.60,2207.50,2237.50,2237.50,2234.00,,2237.33,,,310054,691069478.30,17848,F1,1,,,,,
2026-09-28,2026-09-28,CM,NSE,STK,10578,INE943D01017,MPSLTD,EQ,,,,,MPS LIMITED,2641.10,2688.60,2616.50,2631.70,2627.50,2666.90,,2631.71,,,8672,22956940.20,1555,F1,1,,,,,
2026-09-28,2026-09-28,CM,NSE,STK,2277,INE883A01011,MRF,EQ,,,,,MRF LTD,124005.00,124035.00,123195.00,123425.00,123420.00,124035.00,,123426.68,,,1620,200079030.00,1179,F1,1,,,,,
2026-09-28,2026-09-28,CM,NSE,STK,2283,INE103A01014,MRPL,EQ,,,,,MRPL,164.50,173.60,163.50,169.80,170.05,164.60,,169.80,,,21758950,3707772775.38,139696,F1,1,,,,,
2026-09-28,2026-09-28,CM,NSE,STK,1628,INE495P01020,BECTORFOOD,EQ,,,,,MRS BECTORS FOOD SPE LTD,215.00,215.00,210.40,211.52,210.68,215.58,,211.54,,,502149,106633445.95,13248,F1,1,,,,,
2026-09-28,2026-09-28,CM,NSE,STK,11919,INE752G01015,MSPL,EQ,,,,,MSP STEEL & POWER LTD.,33.41,33.78,32.50,32.99,33.00,33.73,,32.99,,,986058,32587248.07,2357,F1,1,,,,,
2026-09-28,2026-09-28,CM,NSE,STK,9356,INE255X01014,MSTCLTD,EQ,,,,,MSTC LIMITED,743.80,743.80,705.10,710.40,711.00,740.80,,710.31,,,141919,102318008.95,6966,F1,1,,,,,
2026-09-28,2026-09-28,CM,NSE,STK,31413,INE472M01018,MTEDUCARE,BE,,,,,MT EDUCARE LTD,1.65,1.78,1.64,1.76,1.78,1.70,,1.69,,,10873,17944.27,44,F1,1,,,,,
2026-09-28,2026-09-28,CM,NSE,STK,2715,INE864I01014,MTARTECH,BE,,,,,MTAR TECHNOLOGIES LIMITED,6950.00,7121.00,6750.00,7072.50,7100.00,6900.00,,7071.18,,,100584,705432739.00,14820,F1,1,,,,,
2026-09-28,2026-09-28,CM,NSE,STK,19783,INE08KJ01020,MUFIN,EQ,,,,,MUFIN GREEN FINANCE LTD,133.20,133.20,129.40,130.16,129.60,133.02,,130.20,,,478600,62419285.86,3578,F1,1,,,,,
2026-09-28,2026-09-28,CM,NSE,STK,11325,INE304A01026,MUKANDLTD,EQ,,,,,MUKAND LTD.,170.95,173.95,167.47,171.03,169.90,167.05,,171.02,,,1597471,273811741.83,19612,F1,1,,,,,
2026-09-28,2026-09-28,CM,NSE,STK,764788,INE596B01017,MUKESHB,EQ,,,,,MUKESH BABU FINANC SER L,127.00,127.00,127.00,127.00,127.00,131.50,,127.00,,,100,12700.00,1,F1,1,,,,,
2026-09-28,2026-09-28,CM,NSE,STK,22981,INE0CG401037,MUKKA,BE,,,,,MUKKA PROTEINS LIMITED,27.40,27.46,26.51,26.91,27.00,27.40,,26.95,,,161037,4325787.70,815,F1,1,,,,,
2026-09-28,2026-09-28,CM,NSE,STK,8687,INE374B01019,MUKTAARTS,EQ,,,,,MUKTA ARTS LIMITED,57.99,57.99,55.00,57.12,57.00,56.21,,55.17,,,7840,443266.76,77,F1,1,,,,,
2026-09-28,2026-09-28,CM,NSE,STK,31181,INE745G01043,MCX,EQ,,,,,MULTI COMMODITY EXCHANGE,3310.00,3321.00,3251.70,3263.50,3263.50,3324.90,,3263.56,,,1090601,3578793497.50,66667,F1,1,,,,,
2026-09-28,2026-09-28,CM,NSE,STK,759416,INE1K8Y01018,MUNISH,SM,,,,,MUNISH FORGE LIMITED,91.00,91.00,88.05,88.05,88.05,89.95,,88.05,,,6000,538920.00,4,F1,1200,,,,,
2026-09-28,2026-09-28,CM,NSE,STK,13511,INE672B01032,MUNJALAU,EQ,,,,,MUNJAL AUTO IND. LTD.,110.10,110.10,105.75,106.87,106.47,109.02,,106.95,,,253364,27038181.92,5377,F1,1,,,,,
2026-09-28,2026-09-28,CM,NSE,STK,2307,INE577A01027,MUNJALSHOW,EQ,,,,,MUNJAL SHOWA LTD,129.20,129.24,122.25,124.26,123.77,129.20,,124.30,,,34219,4297393.54,821,F1,1,,,,,
2026-09-28,2026-09-28,CM,NSE,STK,2313,INE692B01014,MURUDCERA,EQ,,,,,MURUDESHWAR CERAMICS LTD,28.75,29.00,27.91,28.12,28.15,28.89,,28.12,,,19366,546248.87,218,F1,1,,,,,
2026-09-28,2026-09-28,CM,NSE,STK,19877,INE919I01024,RADIOCITY,EQ,,,,,MUSIC BROADCAST LIMITED,6.12,6.12,5.84,5.99,6.05,6.05,,6.04,,,16625,99224.94,149,F1,1,,,,,
2026-09-28,2026-09-28,CM,NSE,STK,10415,INE296G01013,MUTHOOTCAP,EQ,,,,,MUTHOOT CAP SERV LTD,226.16,228.46,220.80,221.17,220.95,226.16,,221.20,,,3472,774544.42,269,F1,1,,,,,
2026-09-28,2026-09-28,CM,NSE,STK,23650,INE414G01012,MUTHOOTFIN,EQ,,,,,MUTHOOT FINANCE LIMITED,2792.00,2810.00,2756.40,2760.00,2760.00,2835.00,,2760.04,,,804121,2235926679.10,74591,F1,1,,,,,
2026-09-28,2026-09-28,CM,NSE,STK,20831,INE046W01019,MUTHOOTMF,EQ,,,,,MUTHOOT MICROFIN LIMITED,182.00,182.98,178.50,178.84,178.65,181.56,,178.85,,,130103,23371356.55,2955,F1,1,,,,,
2026-09-28,2026-09-28,CM,NSE,STK,764397,INE0OWZ01020,MVELECTRO,EQ,,,,,MV ELECTROSYSTEMS LIMITED,814.00,817.60,782.00,786.35,787.00,813.80,,786.38,,,639847,509630092.50,18797,F1,1,,,,,
2026-09-28,2026-09-28,CM,NSE,STK,763206,INE0JYY07026,10MWL29,N0,,,,,MWL 10% 2029,100475.85,100475.85,100475.85,100475.85,100475.85,100200.00,,100475.85,,,1,100475.85,1,F1,1,,,,,
2026-09-28,2026-09-28,CM,NSE,STK,25208,INE0RVQ01016,MYMUDRA,SM,,,,,MY MUDRA FINCORP LIMITED,65.50,65.85,64.15,65.35,65.00,68.20,,65.35,,,12000,783900.00,10,F1,1200,,,,,
2026-09-28,2026-09-28,CM,NSE,STK,8220,INE741A01011,MYSORPETRO,BE,,,,,MYSORE PETRO CHEMICALS L,128.35,130.00,123.25,128.76,129.50,128.99,,128.76,,,2459,313051.83,34,F1,1,,,,,
2026-09-28,2026-09-28,CM,NSE,STK,20314,INE740D01017,NRAIL,EQ,,,,,N R AGARWAL INDS LTD,680.95,706.40,633.00,647.60,655.15,677.25,,647.53,,,61627,41975260.55,4506,F1,1,,,,,
2026-09-28,2026-09-28,CM,NSE,STK,757489,INE104101014,NRVANDANA,SM,,,,,N R VANDANA TEX IND LTD,69.80,69.80,69.80,69.80,69.80,69.90,,69.80,,,3000,209400.00,1,F1,3000,,,,,
2026-09-28,2026-09-28,CM,NSE,STK,764798,INE920C01017,NTCIND,EQ,,,,,N T C INDUSTRIES LTD.,139.70,139.70,132.40,132.52,137.94,139.80,,132.67,,,429,57767.73,32,F1,1,,,,,
2026-09-28,2026-09-28,CM,NSE,STK,19111,INE365I01020,NBIFIN,EQ,,,,,N.B.I. IND. FIN. CO. LTD,1952.60,1954.20,1925.00,1948.20,1952.00,1926.40,,1948.20,,,100,194231.00,65,F1,1,,,,,
2026-09-28,2026-09-28,CM,NSE,STK,20425,INE295D01020,NACLIND,EQ,,,,,NACL INDUSTRIES LIMITED,139.60,140.00,136.00,136.53,136.35,139.67,,136.54,,,375804,51619446.90,5578,F1,1,,,,,
2026-09-28,2026-09-28,CM,NSE,STK,18371,INE756C01015,NDGL,EQ,,,,,NAGA DHUNSERI GROUP LTD,2604.50,2605.00,2480.00,2509.10,2487.00,2575.60,,2509.10,,,601,1505322.10,108,F1,1,,,,,
2026-09-28,2026-09-28,CM,NSE,STK,13060,INE454M01024,NAGAFERT,BZ,,,,,NAGARJUN FERT AND CHE LTD,1.69,1.73,1.69,1.69,1.69,1.77,,1.69,,,266841,451056.47,461,F1,1,,,,,
2026-09-28,2026-09-28,CM,NSE,STK,14942,INE245I01016,NAGREEKCAP,EQ,,,,,NAGREEKA CAP & INFR.LTD,27.10,28.90,26.08,26.32,26.08,28.06,,26.33,,,5962,160138.81,134,F1,1,,,,,
2026-09-28,2026-09-28,CM,NSE,STK,14702,INE123B01028,NAGREEKEXP,EQ,,,,,NAGREEKA EXPORTS LTD.,22.56,23.46,22.15,22.31,22.20,23.47,,22.31,,,19605,443658.67,240,F1,1,,,,,
2026-09-28,2026-09-28,CM,NSE,STK,15360,INE049I01012,NAHARCAP,EQ,,,,,NAHAR CAP & FIN.,255.00,256.00,243.10,243.75,244.50,248.70,,244.65,,,1224,302044.15,52,F1,1,,,,,
2026-09-28,2026-09-28,CM,NSE,STK,13106,INE289A01011,NAHARINDUS,EQ,,,,,NAHAR INDS ENT LTD,134.80,134.80,127.21,127.47,127.50,132.90,,127.47,,,13767,1783443.08,388,F1,1,,,,,
2026-09-28,2026-09-28,CM,NSE,STK,14445,INE308A01027,NAHARPOLY,EQ,,,,,NAHAR POLY FILMS LIMITED,229.90,231.42,219.20,221.85,223.80,227.68,,221.85,,,8751,1948318.72,296,F1,1,,,,,
2026-09-28,2026-09-28,CM,NSE,STK,14440,INE290A01027,NAHARSPING,EQ,,,,,NAHAR SPINNING MILLS LTD.,278.00,278.00,265.00,267.30,265.55,269.95,,267.29,,,9962,2667820.70,382,F1,1,,,,,
2026-09-28,2026-09-28,CM,NSE,STK,5401,INE236Y01012,NGIL,EQ,,,,,NAKODA GROUP OF IND. LTD,41.05,42.00,38.20,41.20,41.99,39.50,,41.22,,,43153,1775885.22,182,F1,1,,,,,
2026-09-28,2026-09-28,CM,NSE,STK,11239,INE023A01030,NSIL,EQ,,,,,NALWA SONS INVESTMENT LTD,5495.00,5510.00,5381.00,5398.50,5419.00,5468.00,,5396.45,,,6793,36765887.00,608,F1,1,,,,,
2026-09-28,2026-09-28,CM,NSE,STK,23379,INE0RJM01010,NAMAN,SM,,,,,NAMAN INDUSTRE PRXIMA LTD,46.20,46.20,46.20,46.20,46.20,48.60,,46.20,,,2400,110880.00,3,F1,800,,,,,
2026-09-28,2026-09-28,CM,NSE,STK,25167,INE08NZ01012,NAMOEWASTE,SM,,,,,NAMO EWASTE MANAGEMENT L,330.00,356.00,324.90,344.25,346.00,328.00,,344.25,,,164800,56085960.00,179,F1,800,,,,,
2026-09-28,2026-09-28,CM,NSE,STK,31258,INE875G01048,NDL,EQ,,,,,NANDAN DENIM LIMITED,2.66,2.73,2.62,2.67,2.69,2.61,,2.67,,,980887,2621829.17,1538,F1,1,,,,,
2026-09-28,2026-09-28,CM,NSE,STK,5516,INE696V01013,JAIPURKURT,EQ,,,,,NANDANI CREATION LIMITED,25.74,25.87,24.41,25.48,25.16,25.13,,25.48,,,15579,392828.59,166,F1,1,,,,,
2026-09-28,2026-09-28,CM,NSE,STK,11840,INE410P01011,NH,EQ,,,,,NARAYANA HRUDAYALAYA LTD.,1861.20,1861.40,1814.00,1820.10,1825.00,1861.40,,1819.95,,,142536,260340626.80,17850,F1,1,,,,,
2026-09-28,2026-09-28,CM,NSE,STK,11627,INE117Z01029,NARMADA,EQ,,,,,NARMADA AGROBASE LIMITED,13.06,13.88,12.71,13.05,13.00,13.37,,13.05,,,402616,5279480.75,1236,F1,1,,,,,
2026-09-28,2026-09-28,CM,NSE,STK,3918,INE987B01026,NATCOPHARM,EQ,,,,,NATCO PHARMA LTD.,840.80,857.85,823.00,828.55,828.00,839.30,,828.50,,,502079,418093751.45,44687,F1,1,,,,,
2026-09-28,2026-09-28,CM,NSE,STK,11065,INE448G01010,NATHBIOGEN,EQ,,,,,NATH BIO-GENES (I) LTD,148.75,149.01,141.00,144.12,144.00,149.35,,144.15,,,32596,4696673.24,888,F1,1,,,,,
2026-09-28,2026-09-28,CM,NSE,STK,6364,INE139A01034,NATIONALUM,EQ,,,,,NATIONAL ALUMINIUM CO LTD,354.05,354.75,344.35,349.00,349.00,358.70,,349.00,,,7127278,2475938805.90,70375,F1,1,,,,,
2026-09-28,2026-09-28,CM,NSE,STK,13925,INE870D01012,NFL,EQ,,,,,NATIONAL FERT. LTD,66.11,66.34,65.16,65.76,65.75,66.67,,65.76,,,540217,35486423.53,4238,F1,1,,,,,
2026-09-28,2026-09-28,CM,NSE,STK,6531,INE0H7R23014,NHIT,IV,,,,,NATIONAL HIGHW INFRA TRUS,169.85,169.85,169.85,169.85,169.85,169.90,,169.85,,,100000,16985000.00,1,F1,25000,,,,,
2026-09-28,2026-09-28,CM,NSE,STK,762807,INE166R01015,NATIONSTD,EQ,,,,,NATIONAL STAND (INDIA) L,116.00,117.98,112.53,114.48,114.00,116.15,,115.00,,,11712,1352048.39,501,F1,1,,,,,
2026-09-28,2026-09-28,CM,NSE,STK,29588,INE936B01015,NATCAPSUQ,BE,,,,,NATURAL CAPSULES LIMITED,168.00,168.50,164.00,165.20,166.89,169.52,,165.58,,,8538,1415748.95,103,F1,1,,,,,
2026-09-28,2026-09-28,CM,NSE,STK,4014,INE725A01030,NAVA,EQ,,,,,NAVA LIMITED,550.00,554.55,543.15,547.00,546.95,551.45,,547.01,,,267941,147102417.45,11747,F1,1,,,,,
2026-09-28,2026-09-28,CM,NSE,STK,14672,INE048G01026,NAVINFLUOR,EQ,,,,,NAVIN FLUORINE INT. LTD,8582.50,8582.50,8385.50,8432.50,8415.00,8584.50,,8432.55,,,44157,373053783.50,12723,F1,1,,,,,
2026-09-28,2026-09-28,CM,NSE,STK,10557,INE278M01019,NAVKARCORP,EQ,,,,,NAVKAR CORPORATION LTD.,88.50,88.87,86.33,86.86,86.74,88.21,,86.86,,,365136,31853268.86,4479,F1,1,,,,,
2026-09-28,2026-09-28,CM,NSE,STK,29146,INE268H01044,NAVKARURB,EQ,,,,,NAVKAR URBANSTRUCTURE LTD,0.91,0.91,0.88,0.88,0.91,0.89,,0.88,,,319994,287088.54,359,F1,1,,,,,
2026-09-28,2026-09-28,CM,NSE,STK,2385,INE060A01024,NAVNETEDUL,EQ,,,,,NAVNEET EDUCATION LTD,122.76,125.48,120.55,121.73,122.90,122.76,,121.72,,,91090,11128971.20,2441,F1,1,,,,,
2026-09-28,2026-09-28,CM,NSE,STK,2987,INE418L01047,NAZARA,EQ,,,,,NAZARA TECHNOLOGIES LTD,376.00,383.10,371.15,379.65,379.40,376.45,,379.65,,,2307584,875787206.65,20793,F1,1,,,,,
2026-09-28,2026-09-28,CM,NSE,STK,31415,INE095N01031,NBCC,EQ,,,,,NBCC (INDIA) LIMITED,82.46,82.50,80.00,80.21,80.21,82.86,,80.21,,,5061781,409453374.44,32584,F1,1,,,,,
2026-09-28,2026-09-28,CM,NSE,STK,2319,INE868B01028,NCC,EQ,,,,,NCC LIMITED,133.90,133.90,130.00,130.29,130.21,132.82,,130.29,,,1575538,205988110.21,22226,F1,1,,,,,
2026-09-28,2026-09-28,CM,NSE,STK,14490,INE732C01016,NCLIND,EQ,,,,,NCL INDUSTRIES LIMITED,179.66,179.76,175.00,175.81,175.45,179.26,,175.83,,,27646,4893185.23,568,F1,1,,,,,
2026-09-28,2026-09-28,CM,NSE,STK,14547,INE353A01023,NDLVENTURE,EQ,,,,,NDL VENTURES LIMITED,120.00,123.80,120.00,121.43,121.45,119.69,,121.43,,,4949,599189.38,127,F1,1,,,,,
2026-09-28,2026-09-28,CM,NSE,STK,22255,INE07OG01012,NDRAUTO,EQ,,,,,NDR AUTO COMPONENTS LTD,742.85,754.60,712.00,721.60,731.95,746.60,,721.49,,,37639,27247597.95,2124,F1,1,,,,,
2026-09-28,2026-09-28,CM,NSE,STK,22680,INE0Q7Q23015,NDRINVIT,IV,,,,,NDR INVIT TRUST,145.10,148.00,145.10,148.00,148.00,145.00,,148.00,,,550000,80170000.00,4,F1,25000,,,,,
2026-09-28,2026-09-28,CM,NSE,STK,11427,INE155G01029,NDTV,EQ,,,,,NDTV LTD,70.85,70.95,68.51,69.11,69.45,70.08,,69.11,,,45424,3149449.16,1289,F1,1,,,,,
2026-09-28,2026-09-28,CM,NSE,STK,11927,INE023H01027,NECLIFE,EQ,,,,,NECTAR LIFESCIENCES LTD.,10.65,11.20,10.56,10.72,10.68,10.84,,10.72,,,76851,824526.84,352,F1,1,,,,,
2026-09-28,2026-09-28,CM,NSE,STK,762812,INE605D01012,NEAGI,EQ,,,,,NEELAMALAI AGRO INDS. L,3486.10,3486.10,3305.10,3400.00,3400.00,3468.80,,3400.00,,,104,353591.20,16,F1,1,,,,,
2026-09-28,2026-09-28,CM,NSE,STK,14761,INE189I01024,NELCAST,EQ,,,,,NELCAST LIMITED,119.60,125.50,115.00,116.65,115.50,118.39,,116.66,,,615117,73853970.07,8170,F1,1,,,,,
2026-09-28,2026-09-28,CM,NSE,STK,2388,INE045B01015,NELCO,EQ,,,,,NELCO LTD,966.10,976.65,905.60,916.45,919.85,976.50,,916.46,,,302700,282745432.80,11591,F1,1,,,,,
2026-09-28,2026-09-28,CM,NSE,STK,760928,INE21UM01018,NEOCHEM,SM,,,,,NEOCHEM BIO SOLUTIONS LTD,105.00,105.50,101.40,104.50,104.50,106.20,,104.50,,,21600,2229000.00,14,F1,1200,,,,,
2026-09-28,2026-09-28,CM,NSE,STK,9917,INE136S01016,NEOGEN,EQ,,,,,NEOGEN CHEMICALS LIMITED,2395.20,2436.20,2345.90,2396.30,2396.00,2385.20,,2396.36,,,175449,421187816.40,19996,F1,1,,,,,
2026-09-28,2026-09-28,CM,NSE,STK,24350,INE0SUN01013,NEPHROCARE,SM,,,,,NEPHRO CARE INDIA LIMITED,92.00,95.50,86.35,87.75,89.95,93.55,,87.75,,,17600,1611080.00,39,F1,400,,,,,
2026-09-28,2026-09-28,CM,NSE,STK,760346,INE428V01029,NEPHROPLUS,EQ,,,,,NEPHROCARE HEALTH SERV L,696.65,696.65,667.25,674.00,671.00,696.65,,674.01,,,306073,206719567.20,26354,F1,1,,,,,
2026-09-28,2026-09-28,CM,NSE,STK,757493,INE156901014,NEPTUNE,SM,,,,,NEPTUNE PETROCHEMICALS L,185.00,189.00,185.00,188.50,188.00,183.10,,188.50,,,4500,842975.00,8,F1,500,,,,,
2026-09-28,2026-09-28,CM,NSE,STK,15409,INE317F01035,NESCO,EQ,,,,,NESCO LTD.,1070.30,1094.90,1040.40,1086.40,1092.00,1070.30,,1086.49,,,101738,109021184.00,10062,F1,1,,,,,
2026-09-28,2026-09-28,CM,NSE,STK,17963,INE239A01024,NESTLEIND,EQ,,,,,NESTLE INDIA LIMITED,1350.00,1356.80,1343.90,1346.00,1346.00,1362.60,,1346.00,,,702425,948552718.60,44912,F1,1,,,,,
2026-09-28,2026-09-28,CM,NSE,STK,20406,INE518X01015,CBAZAAR,SM,,,,,NET AVENUE TECHNOLOGIES L,5.35,5.35,5.35,5.35,5.35,5.10,,5.35,,,8000,42800.00,1,F1,8000,,,,,
2026-09-28,2026-09-28,CM,NSE,STK,17433,INE0NT901020,NETWEB,EQ,,,,,NETWEB TECH INDIA LTD,4545.00,4595.00,4456.00,4566.50,4578.50,4545.00,,4566.34,,,657592,2977518703.50,53885,F1,1,,,,,
2026-09-28,2026-09-28,CM,NSE,STK,756324,INE0FFK01017,NPST,EQ,,,,,NETWORK PEOPLE SRV TECH L,1812.60,1813.00,1625.10,1635.00,1639.80,1796.30,,1634.93,,,110142,185038482.40,13525,F1,1,,,,,
2026-09-28,2026-09-28,CM,NSE,STK,14111,INE870H01013,NETWORK18,EQ,,,,,NETWORK18 MEDIA & INV LTD,26.60,26.79,25.86,25.98,26.14,26.75,,25.98,,,2723516,71442494.77,7269,F1,1,,,,,
2026-09-28,2026-09-28,CM,NSE,STK,30554,INE333I01044,NEUEON,BE,,,,,NEUEON CORPORATION LTD,15.10,15.10,15.10,15.10,15.10,14.39,,15.42,,,21666,327156.60,49,F1,1,,,,,
2026-09-28,2026-09-28,CM,NSE,STK,2406,INE794A01010,NEULANDLAB,EQ,,,,,NEULAND LAB LTD.,21890.00,21920.00,21395.00,21440.00,21435.00,21890.00,,21439.58,,,18960,408938020.00,8171,F1,1,,,,,
2026-09-28,2026-09-28,CM,NSE,STK,1164,INE619B01017,NEWGEN,EQ,,,,,NEWGEN SOFTWARE TECH LTD,485.35,488.90,472.40,474.40,474.15,485.30,,474.40,,,347520,166400125.70,14120,F1,1,,,,,
2026-09-28,2026-09-28,CM,NSE,STK,19161,INE0PW501021,NEWJAISA,ST,,,,,NEWJAISA TECHNOLOGIES LTD,18.05,18.50,17.00,18.40,18.40,17.65,,18.40,,,60000,1076400.00,26,F1,1500,,,,,
2026-09-28,2026-09-28,CM,NSE,STK,28801,INE0TP801012,NMSTEEL,SM,,,,,NEWMALAYALAM STEEL LTD,22.60,23.75,21.30,23.30,23.30,23.30,,23.30,,,32000,740480.00,19,F1,1600,,,,,
2026-09-28,2026-09-28,CM,NSE,STK,9867,INE747B01016,NEXTMEDIA,EQ,,,,,NEXT MEDIAWORKS LIMITED,3.70,3.80,3.57,3.68,3.69,3.75,,3.68,,,11289,41224.60,62,F1,1,,,,,
2026-09-28,2026-09-28,CM,NSE,STK,15815,INE0NDH25011,NXST,RR,,,,,NEXUS SELECT TRUST,166.98,166.98,165.25,165.80,165.26,165.94,,165.80,,,273788,45446142.09,6071,F1,1,,,,,
2026-09-28,2026-09-28,CM,NSE,STK,763536,INE0T1501010,NFPSAMPOOR,SM,,,,,NFP SAMPOORNA FOODS LTD,22.10,22.10,22.10,22.10,22.10,22.50,,22.10,,,2000,44200.00,1,F1,2000,,,,,
2026-09-28,2026-09-28,CM,NSE,STK,10277,INE887E01022,NGLFINE,EQ,,,,,NGL FINE CHEM LIMITED,2906.10,2906.10,2709.20,2730.00,2712.60,2906.10,,2730.00,,,10634,29557750.70,1888,F1,1,,,,,
2026-09-28,2026-09-28,CM,NSE,STK,17400,INE848E01016,NHPC,EQ,,,,,NHPC LTD,75.60,75.90,74.30,74.50,74.50,76.00,,74.50,,,5560492,416594073.55,30186,F1,1,,,,,
2026-09-28,2026-09-28,CM,NSE,STK,29487,INE149O01018,NIBE,EQ,,,,,NIBE LIMITED,1260.00,1266.10,1225.00,1237.40,1239.90,1261.40,,1237.38,,,39680,49141362.10,3275,F1,1,,,,,
2026-09-28,2026-09-28,CM,NSE,STK,764793,INE653C01022,NICCOPAR,EQ,,,,,NICCO PARKS & RESORTS LTD,82.45,82.45,80.50,80.50,80.50,82.48,,80.55,,,833,67092.14,31,F1,1,,,,,
2026-09-28,2026-09-28,CM,NSE,STK,6592,INE0J6L01013,NIDAN,SM,,,,,NIDAN LABS AND HEALTH LTD,12.65,12.95,12.50,12.55,12.50,13.30,,12.55,,,15000,189300.00,11,F1,1000,,,,,
2026-09-28,2026-09-28,CM,NSE,STK,17747,INE342G01023,NIITMTS,EQ,,,,,NIIT LEARNING SYSTEMS LTD,212.10,212.20,204.65,205.39,205.75,212.08,,205.39,,,107682,22428953.70,4073,F1,1,,,,,
2026-09-28,2026-09-28,CM,NSE,STK,11522,INE161A01038,NIITLTD,EQ,,,,,NIIT LIMITED,87.90,88.34,86.20,86.92,87.44,88.50,,86.92,,,142974,12430643.40,2882,F1,1,,,,,
2026-09-28,2026-09-28,CM,NSE,STK,758178,INE0FLF01015,NIKITA,SM,,,,,NIKITA GRENTEC RECYCL LTD,68.50,69.50,68.40,69.50,69.50,68.90,,69.50,,,3600,247680.00,3,F1,1200,,,,,
2026-09-28,2026-09-28,CM,NSE,STK,9253,INE937C01029,NILAINFRA,EQ,,,,,NILA INFRASTRUCTURES LTD,7.10,7.10,6.80,6.83,6.82,6.87,,6.82,,,97149,670110.08,491,F1,1,,,,,
2026-09-28,2026-09-28,CM,NSE,STK,7411,INE00S901012,NILASPACES,EQ,,,,,NILA SPACES LIMITED,11.29,11.35,10.90,11.00,11.08,11.06,,11.00,,,777545,8608134.08,1958,F1,1,,,,,
2026-09-28,2026-09-28,CM,NSE,STK,762817,INE445D01013,NILE,EQ,,,,,NILE LTD.,1369.50,1369.50,1256.30,1279.40,1279.00,1369.70,,1278.25,,,11133,14472322.00,1704,F1,1,,,,,
2026-09-28,2026-09-28,CM,NSE,STK,2421,INE310A01015,NILKAMAL,EQ,,,,,NILKAMAL LIMITED,1885.00,1944.40,1885.00,1918.00,1915.10,1884.00,,1918.00,,,31179,59662499.60,5249,F1,1,,,,,
2026-09-28,2026-09-28,CM,NSE,STK,761720,INE875B01015,NIMBSPROJ,EQ,,,,,NIMBUS PROJECTS LIMITED,193.04,202.39,193.04,198.75,199.80,197.07,,198.74,,,30246,6003361.16,697,F1,1,,,,,
2026-09-28,2026-09-28,CM,NSE,STK,14194,INE395U01014,NINSYS,EQ,,,,,NINTEC SYSTEMS LIMITED,720.00,720.00,700.00,706.15,710.00,708.75,,706.21,,,2130,1512226.75,242,F1,1,,,,,
2026-09-28,2026-09-28,CM,NSE,STK,11439,INF204KB15I9,BANKBEES,EQ,,,,,NIP IND ETF BANK BEES,573.40,576.52,564.80,565.32,565.90,576.33,,565.06,,,778449,441488850.07,17985,F1,1,,,,,
2026-09-28,2026-09-28,CM,NSE,STK,2435,INF204KA1LD7,CONSUMBEES,EQ,,,,,NIP IND ETF CONSUMPTION,127.51,127.70,125.70,125.98,126.37,127.51,,125.98,,,55836,7038424.70,1497,F1,1,,,,,
2026-09-28,2026-09-28,CM,NSE,STK,2636,INF204KA1MS3,DIVOPPBEES,EQ,,,,,NIP IND ETF DIV OPP,74.22,74.50,72.98,73.60,74.44,74.22,,73.60,,,88101,6458242.18,1602,F1,1,,,,,
2026-09-28,2026-09-28,CM,NSE,STK,9847,INF204KB18I3,NV20BEES,EQ,,,,,NIP IND ETF ETF NV20,137.45,137.45,132.00,132.30,132.71,134.44,,132.30,,,55017,7290857.40,578,F1,1,,,,,
2026-09-28,2026-09-28,CM,NSE,STK,14428,INF204KB17I5,GOLDBEES,EQ,,,,,NIP IND ETF GOLD BEES,122.70,122.70,120.72,121.17,121.30,124.43,,121.17,,,32918395,3996394401.34,198304,F1,1,,,,,
2026-09-28,2026-09-28,CM,NSE,STK,18284,INF204KB19I1,HNGSNGBEES,EQ,,,,,NIP IND ETF HANGSENG BEES,457.75,460.40,453.24,456.22,456.00,457.74,,456.10,,,126151,57604933.82,4813,F1,1,,,,,
2026-09-28,2026-09-28,CM,NSE,STK,20072,INF732E01268,INFRABEES,EQ,,,,,NIP IND ETF INFRA BEES,934.10,934.10,910.87,911.99,913.71,929.45,,912.02,,,15670,14323178.14,1019,F1,1,,,,,
2026-09-28,2026-09-28,CM,NSE,STK,19084,INF204KB15V2,ITBEES,EQ,,,,,NIP IND ETF IT,31.60,31.60,30.96,31.23,31.29,31.30,,31.23,,,9381992,292792083.48,20326,F1,1,,,,,
2026-09-28,2026-09-28,CM,NSE,STK,10939,INF732E01045,JUNIORBEES,EQ,,,,,NIP IND ETF JUNIOR BEES,778.42,778.42,757.27,761.90,764.21,776.69,,761.91,,,532878,407947565.37,19653,F1,1,,,,,
2026-09-28,2026-09-28,CM,NSE,STK,11006,INF732E01037,LIQUIDBEES,EQ,,,,,NIP IND ETF LIQUID BEES,1000.00,1000.01,999.99,999.99,999.99,999.99,,999.99,,,3571800,3571780529.29,4954,F1,1,,,,,
2026-09-28,2026-09-28,CM,NSE,STK,17700,INF204KB1882,LTGILTBEES,EQ,,,,,NIP IND ETF LONGTERM GILT,29.69,29.69,29.48,29.52,29.53,29.65,,29.52,,,2748148,81141016.03,942,F1,1,,,,,
2026-09-28,2026-09-28,CM,NSE,STK,8506,INF204KB1V68,MID150BEES,EQ,,,,,NIP IND ETF MIDCAP 150,231.00,232.76,227.73,228.59,229.40,231.12,,228.60,,,871844,199827609.66,13770,F1,1,,,,,
2026-09-28,2026-09-28,CM,NSE,STK,29577,INF204K014N5,NIF100BEES,EQ,,,,,NIP IND ETF NIFTY 100,258.25,258.25,254.00,254.39,255.00,258.25,,254.41,,,83774,21363166.87,1319,F1,1,,,,,
2026-09-28,2026-09-28,CM,NSE,STK,10576,INF204KB14I2,NIFTYBEES,EQ,,,,,NIP IND ETF NIFTY BEES,266.99,266.99,260.10,260.47,261.00,264.13,,260.47,,,12772165,3333531211.87,163049,F1,1,,,,,
2026-09-28,2026-09-28,CM,NSE,STK,15032,INF204KB16I7,PSUBNKBEES,EQ,,,,,NIP IND ETF PSU BANK BEES,93.25,93.25,89.71,89.92,90.13,92.35,,89.92,,,2089504,188998510.60,11703,F1,1,,,,,
2026-09-28,2026-09-28,CM,NSE,STK,17044,INF732E01128,SHARIABEES,EQ,,,,,NIP IND ETF SHARIAH BEES,434.14,441.25,427.40,432.55,430.00,432.52,,432.52,,,8921,3835478.76,731,F1,1,,,,,
2026-09-28,2026-09-28,CM,NSE,STK,357,INE298J01013,NAM-INDIA,EQ,,,,,NIPPON L I A M LTD,1155.00,1155.00,1091.30,1093.90,1093.90,1157.00,,1093.94,,,1010185,1117674722.20,37658,F1,1,,,,,
2026-09-28,2026-09-28,CM,NSE,STK,757725,INF204KC1FU1,LIQGRWBEES,EQ,,,,,NIPPONAMC - LIQGRWBEES,1057.23,1057.25,1054.75,1057.23,1057.23,1057.10,,1057.23,,,168709,178364304.03,232,F1,1,,,,,
2026-09-28,2026-09-28,CM,NSE,STK,758667,INF204KC1GH6,MANUFGBEES,EQ,,,,,NIPPONAMC - MANUFGBEES,159.12,162.03,156.80,157.89,157.70,159.12,,157.89,,,123024,19436414.46,339,F1,1,,,,,
2026-09-28,2026-09-28,CM,NSE,STK,7880,INF204KC1337,AUTOBEES,EQ,,,,,NIPPONAMC - NETFAUTO,278.99,279.49,273.00,274.30,274.00,278.51,,274.30,,,156585,43103920.78,4323,F1,1,,,,,
2026-09-28,2026-09-28,CM,NSE,STK,4973,INF204KC1089,PHARMABEES,EQ,,,,,NIPPONAMC - NETFPHARMA,28.11,28.11,27.50,27.56,27.52,27.80,,27.56,,,4818923,133068879.87,12963,F1,1,,,,,
2026-09-28,2026-09-28,CM,NSE,STK,8080,INF204KC1402,SILVERBEES,EQ,,,,,NIPPONAMC - NETFSILVER,213.50,214.12,209.78,210.65,210.97,218.80,,210.65,,,29689880,6278060239.63,150475,F1,1,,,,,
2026-09-28,2026-09-28,CM,NSE,STK,757455,INF204KC1EZ3,SNXT30BEES,EQ,,,,,NIPPONAMC - SNXT30BEES,41.84,41.84,41.00,41.13,41.27,41.61,,41.13,,,3546,146402.58,97,F1,1,,,,,
2026-09-28,2026-09-28,CM,NSE,STK,255,INE368I01016,NIRAJ,EQ,,,,,NIRAJ CEMENT STRUC LTD,29.40,29.40,27.70,27.90,27.70,28.11,,27.90,,,7949,223520.54,68,F1,1,,,,,
2026-09-28,2026-09-28,CM,NSE,STK,18844,INE326T01011,NIRAJISPAT,BE,,,,,NIRAJ ISPAT IND LTD,289.00,303.00,288.55,301.00,301.00,288.60,,301.00,,,204,61323.95,27,F1,1,,,,,
2026-09-28,2026-09-28,CM,NSE,STK,2433,INE910A01012,NIRLON,EQ,,,,,NIRLON LTD,605.05,614.90,605.00,608.00,608.00,605.10,,608.14,,,2031,1231196.25,235,F1,1,,,,,
2026-09-28,2026-09-28,CM,NSE,STK,14722,INE0OK701014,NIRMAN,SM,,,,,NIRMAN AGRI GENTICS LTD,26.50,27.05,26.20,26.50,26.90,26.20,,26.50,,,10200,271020.00,33,F1,300,,,,,
2026-09-28,2026-09-28,CM,NSE,STK,13300,INE858F01012,NITCO,EQ,,,,,NITCO LIMITED,87.96,88.00,84.12,84.61,84.50,87.96,,84.62,,,247437,21115266.24,1968,F1,1,,,,,
2026-09-28,2026-09-28,CM,NSE,STK,13175,INE229H01012,NITINSPIN,EQ,,,,,NITIN SPINNERS LIMITED,616.00,616.00,592.65,596.45,596.00,612.35,,596.48,,,35619,21510169.80,2759,F1,1,,,,,
2026-09-28,2026-09-28,CM,NSE,STK,3247,INE439T01012,NITIRAJ,EQ,,,,,NITIRAJ ENGINEERS LTD,213.48,234.20,211.60,218.87,219.65,217.84,,218.87,,,793,173242.87,46,F1,1,,,,,
2026-09-28,2026-09-28,CM,NSE,STK,762824,INE265B01019,NITTAGELA,EQ,,,,,NITTA GELATIN INDIA LTD.,1702.00,1790.00,1699.10,1718.20,1726.00,1699.90,,1718.20,,,3566,6116548.10,655,F1,1,,,,,
2026-09-28,2026-09-28,CM,NSE,STK,27097,INE995S01015,NIVABUPA,EQ,,,,,NIVA BUPA HEALTH INS CO L,77.40,77.57,74.72,75.73,75.25,77.19,,75.73,,,863602,65173262.73,18617,F1,1,,,,,
2026-09-28,2026-09-28,CM,NSE,STK,2439,INE542C01019,NKIND,EQ,,,,,NK INDUSTRIES LTD,59.75,63.00,55.40,61.07,63.00,60.36,,61.07,,,888,52758.40,31,F1,1,,,,,
2026-09-28,2026-09-28,CM,NSE,STK,8585,INE589A01014,NLCINDIA,EQ,,,,,NLC INDIA LIMITED,261.65,261.70,254.40,256.70,258.05,262.55,,256.70,,,677193,174252752.70,15562,F1,1,,,,,
2026-09-28,2026-09-28,CM,NSE,STK,15332,INE584A01023,NMDC,EQ,,,,,NMDC LTD.,80.70,80.90,77.43,77.43,77.43,79.90,,77.43,,,24084137,1895622394.62,76035,F1,1,,,,,
2026-09-28,2026-09-28,CM,NSE,STK,14180,INE0NNS01018,NSLNISP,EQ,,,,,NMDC STEEL LIMITED,42.89,43.11,41.61,41.78,41.88,42.17,,41.78,,,7341732,310683043.80,26355,F1,1,,,,,
2026-09-28,2026-09-28,CM,NSE,STK,2442,INE163A01018,NOCIL,EQ,,,,,NOCIL LIMITED,188.05,188.05,174.00,175.17,175.02,188.41,,175.17,,,1513112,270994562.21,18054,F1,1,,,,,
2026-09-28,2026-09-28,CM,NSE,STK,10786,INE781B01015,NOIDATOLL,EQ,,,,,NOIDA TOLL BRIDGE CO LTD,3.97,4.00,3.57,3.58,3.57,3.96,,3.58,,,324907,1205094.31,673,F1,1,,,,,
2026-09-28,2026-09-28,CM,NSE,STK,4160,INE369C01017,NORBTEAEXP,EQ,,,,,NORBEN TEA & EXPORTS LTD,70.12,70.12,66.62,66.62,66.62,70.12,,66.62,,,3033,203541.98,37,F1,1,,,,,
2026-09-28,2026-09-28,CM,NSE,STK,13533,INE553C01016,NECCLTD,BE,,,,,NORTH EAST CARRY CORP LTD,19.95,19.95,18.32,18.44,18.33,19.18,,18.44,,,47745,889921.01,129,F1,1,,,,,
2026-09-28,2026-09-28,CM,NSE,STK,25426,INE850M01015,NORTHARC,EQ,,,,,NORTHERN ARC CAPITAL LTD,300.00,300.00,289.90,291.10,292.00,300.90,,291.10,,,859984,252464871.75,14813,F1,1,,,,,
2026-09-28,2026-09-28,CM,NSE,STK,22477,INE02H701025,NOVAAGRI,EQ,,,,,NOVA AGRITECH LIMITED,23.50,23.50,21.50,22.48,22.38,22.90,,22.47,,,39405,889617.33,395,F1,1,,,,,
2026-09-28,2026-09-28,CM,NSE,STK,9007,INE234A01025,NOVARTIND,EQ,,,,,NOVARTIS INDIA LIMITED,1965.00,2035.00,1922.00,1935.00,1931.00,1965.60,,1935.03,,,38334,75460569.40,5362,F1,1,,,,,
2026-09-28,2026-09-28,CM,NSE,STK,7553,INE349A01021,NRBBEARING,EQ,,,,,NRB BEARING LIMITED,533.00,559.90,524.20,541.50,540.55,534.80,,541.49,,,1413609,773179534.55,42579,F1,1,,,,,
2026-09-28,2026-09-28,CM,NSE,STK,29733,INE047O01014,NIBL,EQ,,,,,NRB INDUS. BEARINGS LTD.,33.48,33.48,31.04,31.65,31.35,32.65,,31.58,,,7324,232858.15,184,F1,1,,,,,
2026-09-28,2026-09-28,CM,NSE,STK,27176,INE0ONG01011,NTPCGREEN,EQ,,,,,NTPC GREEN ENERGY LIMITED,93.01,93.38,91.01,92.21,91.77,93.47,,92.20,,,1621500,149048655.94,25462,F1,1,,,,,
2026-09-28,2026-09-28,CM,NSE,STK,11630,INE733E01010,NTPC,EQ,,,,,NTPC LTD,326.60,326.60,320.20,321.10,321.10,326.60,,321.10,,,5982092,1927722075.65,95080,F1,1,,,,,
2026-09-28,2026-09-28,CM,NSE,STK,10791,INE096B01018,NUCLEUS,EQ,,,,,NUCLEUS SOFTWARE EXPORTS,679.55,679.70,658.80,661.50,663.90,679.55,,661.51,,,14417,9579769.55,1759,F1,1,,,,,
2026-09-28,2026-09-28,CM,NSE,STK,13680,INE0JM501013,NRL,BE,,,,,NUPUR RECYCLERS LIMITED,158.47,158.47,158.47,158.47,158.47,161.70,,158.47,,,25179,3990116.13,99,F1,1,,,,,
2026-09-28,2026-09-28,CM,NSE,STK,2353,INE0DSF01015,NURECA,BE,,,,,NURECA LIMITED,354.95,365.00,344.20,362.55,364.80,351.50,,362.44,,,20759,7424843.60,495,F1,1,,,,,
2026-09-28,2026-09-28,CM,NSE,STK,18721,INE531F01023,NUVAMA,EQ,,,,,NUVAMA WEALTH MANAGE LTD,1651.00,1668.90,1605.10,1640.60,1635.80,1681.40,,1640.59,,,516479,842881270.10,59029,F1,1,,,,,
2026-09-28,2026-09-28,CM,NSE,STK,5426,INE118D01016,NUVOCO,EQ,,,,,NUVOCO VISTAS CORP LTD,335.40,337.60,324.15,325.85,325.00,335.45,,325.85,,,220322,72979389.45,13073,F1,1,,,,,
2026-09-28,2026-09-28,CM,NSE,STK,24298,INE0SF023016,NXT-INFRA,IV,,,,,NXT-INFRA TRUST,99.00,100.00,99.00,99.00,99.00,99.64,,99.00,,,400000,39800000.00,4,F1,25000,,,,,
2026-09-28,2026-09-28,CM,NSE,STK,8797,INE426Z01016,OBCL,EQ,,,,,OBCL LIMITED,57.60,59.90,55.50,56.90,56.00,57.60,,56.99,,,1582,91633.93,75,F1,1,,,,,
2026-09-28,2026-09-28,CM,NSE,STK,20242,INE093I01010,OBEROIRLTY,EQ,,,,,OBEROI REALTY LIMITED,1854.90,1855.00,1821.10,1830.00,1830.00,1858.50,,1829.95,,,364239,670223238.80,37241,F1,1,,,,,
2026-09-28,2026-09-28,CM,NSE,STK,25923,INE0YHV01011,OBSCP,SM,,,,,OBSC PERFECTION LIMITED,922.70,922.70,887.00,916.60,922.00,930.50,,916.60,,,26000,23669300.00,64,F1,400,,,,,
2026-09-28,2026-09-28,CM,NSE,STK,25920,INE0PK601023,OCCLLTD,BE,,,,,OCCL LIMITED,176.05,176.05,172.00,174.52,175.95,167.67,,174.55,,,296533,52154287.80,1254,F1,1,,,,,
2026-09-28,2026-09-28,CM,NSE,STK,27571,INE054301028,ODIGMA,EQ,,,,,ODIGMA CONSULTANCY SOL L,20.63,21.49,20.62,20.87,21.18,21.00,,20.87,,,14090,294132.42,298,F1,1,,,,,
2026-09-28,2026-09-28,CM,NSE,STK,764803,INE839E01023,ODYCORP,EQ,,,,,ODYSSEY CORPORATION LTD.,7.23,7.23,6.80,6.86,6.80,7.03,,6.86,,,9064,62512.55,62,F1,1,,,,,
2026-09-28,2026-09-28,CM,NSE,STK,2475,INE213A01029,ONGC,EQ,,,,,OIL AND NATURAL GAS CORP.,235.85,235.85,229.85,230.00,230.00,235.86,,230.00,,,9819757,2278260839.59,117997,F1,1,,,,,
2026-09-28,2026-09-28,CM,NSE,STK,8109,INE591A01010,OILCOUNTUB,BE,,,,,OIL COUNTRY TUBULAR LTD.,73.64,73.64,73.64,73.64,73.64,72.20,,73.59,,,66867,4924085.88,116,F1,1,,,,,
2026-09-28,2026-09-28,CM,NSE,STK,17438,INE274J01014,OIL,EQ,,,,,OIL INDIA LTD,476.00,476.45,463.40,468.00,468.00,475.15,,468.00,,,1767496,824656694.15,26680,F1,1,,,,,
2026-09-28,2026-09-28,CM,NSE,STK,24777,INE0LXG01040,OLAELEC,EQ,,,,,OLA ELECTRIC MOBILITY LTD,38.21,38.95,37.68,37.86,37.84,38.48,,37.86,,,83934195,3207397315.38,161024,F1,1,,,,,
2026-09-28,2026-09-28,CM,NSE,STK,10637,INE260D01016,OLECTRA,EQ,,,,,OLECTRA GREENTECH LIMITED,1204.00,1204.00,1166.40,1173.80,1179.00,1207.20,,1173.71,,,334384,393568487.90,19816,F1,1,,,,,
2026-09-28,2026-09-28,CM,NSE,STK,759412,INE1BZC01019,OMFREIGHT,BE,,,,,OM FREIGHT FORWARDERS LTD,87.50,90.00,87.50,89.01,90.00,90.65,,89.01,,,2094,185305.02,50,F1,1,,,,,
2026-09-28,2026-09-28,CM,NSE,STK,24231,INE239D01028,OMINFRAL,EQ,,,,,OM INFRA LIMITED,79.19,81.30,77.42,78.75,78.91,79.03,,78.75,,,105658,8330337.50,1906,F1,1,,,,,
2026-09-28,2026-09-28,CM,NSE,STK,762432,INE25E901019,OMPOWER,EQ,,,,,OM POWER TRANSMISSION LTD,168.84,168.84,162.00,162.71,163.75,168.84,,162.78,,,80156,13196986.93,1149,F1,1,,,,,
2026-09-28,2026-09-28,CM,NSE,STK,10922,INE090B01011,OMAXAUTO,EQ,,,,,OMAX AUTOS LTD,202.00,212.80,196.00,200.55,198.65,200.24,,200.51,,,107657,22054010.08,2502,F1,1,,,,,
2026-09-28,2026-09-28,CM,NSE,STK,14853,INE800H01010,OMAXE,EQ,,,,,OMAXE LIMITED,110.00,116.04,108.01,110.27,109.25,118.53,,110.28,,,1131311,126346361.57,13143,F1,1,,,,,
2026-09-28,2026-09-28,CM,NSE,STK,117,INE338Y01016,OMFURN,SM,,,,,OMFURN INDIA LIMITED,51.45,51.45,51.45,51.45,51.45,52.95,,51.45,,,2400,123480.00,2,F1,1200,,,,,
2026-09-28,2026-09-28,CM,NSE,STK,760865,INE0UH301010,OMNI,EQ,,,,,OMNITECH ENGINEERING LTD,530.00,536.80,519.05,525.85,527.35,533.95,,525.79,,,406817,213824102.10,14568,F1,1,,,,,
2026-09-28,2026-09-28,CM,NSE,STK,19692,INE00ER01015,ONDOOR,SM,,,,,ON DOOR CONCEPTS LIMITED,265.00,265.00,259.00,259.00,259.00,265.45,,259.00,,,1500,390615.00,5,F1,300,,,,,
2026-09-28,2026-09-28,CM,NSE,STK,6705,INE982J01020,PAYTM,EQ,,,,,ONE 97 COMMUNICATIONS LTD,1668.00,1678.10,1625.70,1635.80,1635.80,1674.00,,1635.74,,,4017703,6598493505.80,88370,F1,1,,,,,
2026-09-28,2026-09-28,CM,NSE,STK,765242,INE670O01013,ONEGLOBAL,EQ,,,,,ONE GLOBAL SERVICE PROV L,564.65,564.65,542.00,544.95,546.00,538.75,,544.63,,,11427,6266038.10,1018,F1,1,,,,,
2026-09-28,2026-09-28,CM,NSE,STK,28046,INE0HLU01028,MOBIKWIK,EQ,,,,,ONE MOBIKWIK SYSTEMS LTD,200.62,203.68,197.53,199.06,198.39,200.62,,199.09,,,793180,158360449.67,10876,F1,1,,,,,
2026-09-28,2026-09-28,CM,NSE,STK,9939,INE840Y01029,ONEPOINT,EQ,,,,,ONE POINT ONE SOL LTD,71.10,71.95,68.61,69.43,69.95,69.60,,69.43,,,2560171,179823262.25,19034,F1,1,,,,,
2026-09-28,2026-09-28,CM,NSE,STK,19386,INE0OPS01011,OLIL,SM,,,,,ONECLICK LOGISTICS IND L,422.00,438.00,418.60,433.80,433.90,426.45,,433.80,,,109200,46280380.00,73,F1,400,,,,,
2026-09-28,2026-09-28,CM,NSE,STK,25496,INE912L01015,ONELIFECAP,BE,,,,,ONELIFE CAP ADVISORS LTD,37.80,37.85,35.20,37.52,37.80,36.05,,37.52,,,396733,14693290.16,182,F1,1,,,,,
2026-09-28,2026-09-28,CM,NSE,STK,763294,INE12F801023,KISSHT,EQ,,,,,ONEMI TECHNOLOGY SOL LTD,347.00,348.35,337.90,344.90,344.10,348.40,,344.90,,,930341,318439775.55,34892,F1,1,,,,,
2026-09-28,2026-09-28,CM,NSE,STK,29224,INE013P01021,ONESOURCE,EQ,,,,,ONESOURCE SPECL PHARMA L,1602.60,1617.40,1560.00,1565.80,1565.30,1602.60,,1565.81,,,262280,413454412.40,17831,F1,1,,,,,
2026-09-28,2026-09-28,CM,NSE,STK,2202,INE831A01028,ONIDA,EQ,,,,,ONIDA ELECTRONICS LIMITED,33.12,33.65,32.00,32.00,32.00,33.68,,31.98,,,437351,14197332.34,1818,F1,1,,,,,
2026-09-28,2026-09-28,CM,NSE,STK,764808,INE173M01012,ONIXSOLAR,EQ,,,,,ONIX SOLAR ENERGY LTD.,343.95,354.70,323.00,339.80,340.00,337.85,,339.81,,,699217,242233283.25,6714,F1,1,,,,,
2026-09-28,2026-09-28,CM,NSE,STK,15282,INE809I01019,ONMOBILE,BE,,,,,ONMOBILE GLOBAL LTD.,52.81,52.81,50.60,50.84,50.73,52.81,,50.84,,,24213,1242033.07,258,F1,1,,,,,
2026-09-28,2026-09-28,CM,NSE,STK,2481,INE229A01017,ONWARDTEC,EQ,,,,,ONWARD TECHNOLOGIES LTD,292.00,292.00,282.50,285.00,284.05,287.65,,285.00,,,9257,2642352.70,414,F1,1,,,,,
2026-09-28,2026-09-28,CM,NSE,STK,27143,INE0WVU01018,ONYX,ST,,,,,ONYX BIOTEC LIMITED,37.00,37.80,37.00,37.80,37.80,36.00,,37.80,,,16000,599100.00,7,F1,2000,,,,,
2026-09-28,2026-09-28,CM,NSE,STK,21469,INE350C01017,OPTIEMUS,EQ,,,,,OPTIEMUS INFRACOM LTD,761.30,828.90,754.00,809.95,808.00,758.55,,809.98,,,3028580,2425681178.60,102532,F1,1,,,,,
2026-09-28,2026-09-28,CM,NSE,STK,764813,INE031G01022,OPTIFIN,EQ,,,,,OPTIMUS FINANCE LTD.,14.99,14.99,14.01,14.53,14.98,14.99,,14.47,,,46758,673323.56,222,F1,1,,,,,
2026-09-28,2026-09-28,CM,NSE,STK,764528,INE1JZB01022,OPTIMYSTIX,SM,,,,,OPTIMYSTIX ENT INDIA LTD,131.95,134.10,129.60,131.35,133.00,132.45,,131.35,,,20800,2754000.00,26,F1,800,,,,,
2026-09-28,2026-09-28,CM,NSE,STK,758903,INE15B101011,OPTIVALUE,ST,,,,,OPTIVALUE TEK CONSULT LTD,231.35,231.35,231.35,231.35,231.35,220.35,,231.35,,,25600,5922560.00,10,F1,1600,,,,,
2026-09-28,2026-09-28,CM,NSE,STK,10738,INE881D01027,OFSS,EQ,,,,,ORACLE FIN SERV SOFT LTD.,10749.00,10910.00,10599.00,10800.00,10800.00,10770.00,,10800.00,,,194825,2100644470.00,34338,F1,1,,,,,
2026-09-28,2026-09-28,CM,NSE,STK,31475,INE231G01010,ORBTEXP,EQ,,,,,ORBIT EXPORTS LIMITED,239.00,245.00,223.25,227.15,235.00,226.90,,227.17,,,15250,3489031.96,248,F1,1,,,,,
2026-09-28,2026-09-28,CM,NSE,STK,29492,INE215B01022,ORCHASP,EQ,,,,,ORCHASP LIMITED,1.38,1.40,1.33,1.34,1.35,1.38,,1.34,,,490303,664952.19,248,F1,1,,,,,
2026-09-28,2026-09-28,CM,NSE,STK,926,INE191A01027,ORCHPHARMA,EQ,,,,,ORCHID PHARMA LIMITED,1064.90,1075.65,1015.00,1023.40,1022.00,1064.90,,1023.41,,,60169,62689423.20,8415,F1,1,,,,,
2026-09-28,2026-09-28,CM,NSE,STK,17882,INE0OUT01027,ORIANA,SM,,,,,ORIANA POWER LIMITED,334.00,338.80,299.60,309.85,312.00,330.75,,309.85,,,542625,170803050.00,1190,F1,375,,,,,
2026-09-28,2026-09-28,CM,NSE,STK,10159,INE730A01022,ORICONENT,EQ,,,,,ORICON ENTERPRISES LTD,53.10,53.40,47.04,52.36,52.49,51.40,,52.41,,,72719,3773282.93,893,F1,1,,,,,
2026-09-28,2026-09-28,CM,NSE,STK,14278,INE607D01018,ORIENTBELL,EQ,,,,,ORIENT BELL LIMITED,409.05,409.05,395.00,395.70,395.00,407.55,,395.71,,,20723,8257754.30,1346,F1,1,,,,,
2026-09-28,2026-09-28,CM,NSE,STK,30089,INE876N01018,ORIENTCEM,EQ,,,,,ORIENT CEMENT LTD.,121.75,122.84,119.11,119.43,119.75,122.16,,119.43,,,462604,55510635.83,3742,F1,1,,,,,
2026-09-28,2026-09-28,CM,NSE,STK,13111,INE569C01020,ORIENTCER,EQ,,,,,ORIENT CERATECH LIMITED,48.80,48.80,45.12,45.86,45.50,47.80,,45.88,,,141474,6600992.32,1375,F1,1,,,,,
2026-09-28,2026-09-28,CM,NSE,STK,2972,INE142Z01019,ORIENTELEC,EQ,,,,,ORIENT ELECTRIC LIMITED,161.10,162.26,158.98,160.00,161.69,162.26,,160.00,,,166211,26650664.27,5479,F1,1,,,,,
2026-09-28,2026-09-28,CM,NSE,STK,20110,INE999K01014,GREENPOWER,EQ,,,,,ORIENT GREEN POWER CO LTD,8.95,9.00,8.76,8.81,8.79,8.96,,8.81,,,2418490,21349810.34,5047,F1,1,,,,,
2026-09-28,2026-09-28,CM,NSE,STK,2493,INE750A01020,ORIENTHOT,EQ,,,,,ORIENT HOTELS LTD,142.11,142.11,137.50,138.03,137.50,140.93,,138.03,,,670774,92930446.46,3187,F1,1,,,,,
2026-09-28,2026-09-28,CM,NSE,STK,2496,INE592A01026,ORIENTPPR,EQ,,,,,ORIENT PAPER AND INDS LTD,16.63,16.79,16.57,16.61,16.61,16.76,,16.61,,,108847,1812132.81,621,F1,1,,,,,
2026-09-28,2026-09-28,CM,NSE,STK,18211,INE609C01024,ORIENTLTD,BE,,,,,ORIENT PRESS LIMITED,80.25,80.25,79.10,79.90,79.90,80.48,,79.90,,,1178,93466.56,13,F1,1,,,,,
2026-09-28,2026-09-28,CM,NSE,STK,24961,INE0PPK01015,ORIENTTECH,EQ,,,,,ORIENT TECHNOLOGIES LTD,234.31,237.57,233.10,233.81,234.00,237.30,,233.80,,,69753,16306723.65,1660,F1,1,,,,,
2026-09-28,2026-09-28,CM,NSE,STK,10768,INE959C01023,OAL,EQ,,,,,ORIENTAL AROMATICS LTD,533.45,558.00,521.80,553.15,558.00,533.65,,553.17,,,99966,54387219.25,2782,F1,1,,,,,
2026-09-28,2026-09-28,CM,NSE,STK,764818,INE457G01029,ORIRAIL,EQ,,,,,ORIENTAL RAIL INFRA L,122.33,127.90,119.25,126.15,126.48,121.12,,126.10,,,74813,9318177.76,1730,F1,1,,,,,
2026-09-28,2026-09-28,CM,NSE,STK,14346,INE998H01012,ORIENTALTL,EQ,,,,,ORIENTAL TRIMEX LTD,5.24,5.24,4.89,4.94,4.94,4.99,,4.94,,,49554,245621.35,264,F1,1,,,,,
2026-09-28,2026-09-28,CM,NSE,STK,19931,INE725E01024,ORISSAMINE,EQ,,,,,ORISSA MIN DEV CO LTD,3753.00,3753.10,3650.00,3667.60,3654.50,3734.70,,3666.79,,,4393,16169359.30,1139,F1,1,,,,,
2026-09-28,2026-09-28,CM,NSE,STK,759569,INE16NZ01023,ORKLAINDIA,EQ,,,,,ORKLA INDIA LIMITED,554.90,559.75,547.05,554.30,549.00,555.95,,554.31,,,52237,28895766.95,5331,F1,1,,,,,
2026-09-28,2026-09-28,CM,NSE,STK,13321,INE849L01019,ORTEL,BZ,,,,,ORTEL COMMUNICATIONS LTD,1.71,1.71,1.70,1.70,1.70,1.74,,1.70,,,51,86.95,5,F1,1,,,,,
2026-09-28,2026-09-28,CM,NSE,STK,2979,INE749B01020,ORTINGLOBE,EQ,,,,,ORTIN GLOBAL LIMITED,14.66,15.20,14.65,14.65,15.00,15.23,,14.65,,,3622,53419.66,35,F1,1,,,,,
2026-09-28,2026-09-28,CM,NSE,STK,25386,INE0RMF01018,OSELDEVICE,SM,,,,,OSEL DEVICES LIMITED,387.70,390.50,377.25,384.85,385.00,385.90,,384.85,,,18400,7058540.00,62,F1,200,,,,,
2026-09-28,2026-09-28,CM,NSE,STK,12643,INE06IR01021,OSIAHYPER,BE,,,,,OSIA HYPER RETAIL LIMITED,2.19,2.29,2.18,2.29,2.29,2.19,,2.29,,,553227,1249396.79,424,F1,1,,,,,
2026-09-28,2026-09-28,CM,NSE,STK,2514,INE142A01012,OSWALAGRO,EQ,,,,,OSWAL AGRO MILLS LTD,34.00,34.49,33.12,33.67,33.50,34.00,,33.67,,,8685,292061.16,133,F1,1,,,,,
2026-09-28,2026-09-28,CM,NSE,STK,471,INE143A01010,OSWALGREEN,EQ,,,,,OSWAL GREENTECH LIMITED,20.09,20.09,19.55,19.57,19.56,19.99,,19.57,,,40660,798734.48,564,F1,1,,,,,
2026-09-28,2026-09-28,CM,NSE,STK,756802,INE0BYP01024,OSWALPUMPS,EQ,,,,,OSWAL PUMPS LIMITED,273.00,273.60,267.85,268.55,269.00,274.95,,268.55,,,256608,69161404.20,5786,F1,1,,,,,
2026-09-28,2026-09-28,CM,NSE,STK,22914,INE0R8M01017,OWAIS,ST,,,,,OWAIS METAL & MINERAL,71.20,71.20,71.20,71.20,71.20,72.65,,71.20,,,1400,99680.00,8,F1,100,,,,,
2026-09-28,2026-09-28,CM,NSE,STK,765145,INE501F01018,PBMPOLY,EQ,,,,,P B M POLYTEX LTD.,70.80,70.80,58.00,59.66,62.99,59.91,,60.11,,,4143,253362.10,107,F1,1,,,,,
2026-09-28,2026-09-28,CM,NSE,STK,25312,INE953R01016,PNGJL,EQ,,,,,P N GADGIL JEWELLERS LTD,617.00,617.80,582.00,585.35,583.00,605.50,,585.35,,,751318,445620897.35,35344,F1,1,,,,,
2026-09-28,2026-09-28,CM,NSE,STK,764845,INE035S01028,POEL,EQ,,,,,P O C L ENTERPRISES LTD.,145.06,146.50,139.40,141.35,143.00,145.34,,141.68,,,30931,4416747.50,1388,F1,1,,,,,
2026-09-28,2026-09-28,CM,NSE,STK,29662,INE0XUS01020,PSRAJ,SM,,,,,P S RAJ STEELS LIMITED,105.00,105.60,100.00,100.00,100.00,99.30,,100.00,,,35000,3582750.00,10,F1,2500,,,,,
2026-09-28,2026-09-28,CM,NSE,STK,2535,INE179A01014,PGHH,EQ,,,,,P&G HYGIENE & HEALTH CARE,7049.00,7112.00,6875.00,6888.50,6881.00,7037.50,,6888.51,,,22679,157347528.50,7045,F1,1,,,,,
2026-09-28,2026-09-28,CM,NSE,STK,759342,INE0S3G01027,PACEDIGITK,EQ,,,,,PACE DIGITEK LIMITED,166.00,167.00,161.00,161.81,161.25,166.35,,161.81,,,548301,89538454.36,7398,F1,1,,,,,
2026-09-28,2026-09-28,CM,NSE,STK,764823,INE883C01025,PACIFICI,EQ,,,,,PACIFIC INDUSTRIES LTD.,142.00,142.00,135.00,135.14,135.10,141.94,,135.16,,,215,29953.35,10,F1,1,,,,,
2026-09-28,2026-09-28,CM,NSE,STK,14413,INE761H01022,PAGEIND,EQ,,,,,PAGE INDUSTRIES LTD,37350.00,37680.00,37280.00,37500.00,37500.00,37695.00,,37500.00,,,15742,589910825.00,7242,F1,1,,,,,
2026-09-28,2026-09-28,CM,NSE,STK,25468,INE420C01059,PAISALO,EQ,,,,,PAISALO DIGITAL LIMITED,87.01,88.71,73.42,79.60,78.66,89.02,,79.60,,,37593061,2984374372.28,105341,F1,1,,,,,
2026-09-28,2026-09-28,CM,NSE,STK,17197,INE551D01018,PAKKA,EQ,,,,,PAKKA LIMITED,77.28,77.28,73.00,73.77,74.50,75.06,,73.76,,,82400,6062728.83,2285,F1,1,,,,,
2026-09-28,2026-09-28,CM,NSE,STK,21383,INE471W01019,PALASHSECU,EQ,,,,,PALASH SECURITIES LTD,88.00,88.91,86.10,88.90,88.91,88.92,,88.90,,,849,74955.69,40,F1,1,,,,,
2026-09-28,2026-09-28,CM,NSE,STK,17062,INE218G01033,PALREDTEC,EQ,,,,,PALRED TECHNOLOGIES LTD,47.30,47.30,46.00,46.05,46.05,46.84,,46.65,,,3126,144142.70,20,F1,1,,,,,
2026-09-28,2026-09-28,CM,NSE,STK,4055,INE922B01023,PANACEABIO,EQ,,,,,PANACEA BIOTEC LTD,374.60,374.60,364.30,366.45,364.95,372.60,,366.47,,,47469,17467027.35,1837,F1,1,,,,,
2026-09-28,2026-09-28,CM,NSE,STK,16355,INE895W01019,PANACHE,BE,,,,,PANACHE DIGILIFE LIMITED,525.00,525.00,514.50,515.00,515.00,525.00,,515.00,,,1360,706833.00,15,F1,1,,,,,
2026-09-28,2026-09-28,CM,NSE,STK,25392,INE305C01029,PANAMAPET,EQ,,,,,PANAMA PETROCHEM LTD,473.40,483.40,463.30,467.35,470.00,473.40,,467.35,,,97078,45896076.10,4860,F1,1,,,,,
2026-09-28,2026-09-28,CM,NSE,STK,764828,INE798F01010,PANCHMAHQ,EQ,,,,,PANCHMAHAL STEEL LTD.,307.00,307.00,286.00,298.00,298.00,290.10,,294.00,,,89,26288.65,14,F1,1,,,,,
2026-09-28,2026-09-28,CM,NSE,STK,765140,INE258R01028,PANORAMA,EQ,,,,,PANORAMA STUDIOS INTL. L,61.25,64.80,56.34,59.25,57.01,60.46,,59.36,,,3225055,194953487.35,17773,F1,1,,,,,
2026-09-28,2026-09-28,CM,NSE,STK,6141,INE697V01011,PANSARI,EQ,,,,,PANSARI DEVELOPERS LTD,288.00,291.85,282.55,289.00,289.00,289.95,,289.00,,,721,207281.95,16,F1,1,,,,,
2026-09-28,2026-09-28,CM,NSE,STK,5637,INE04LG01015,PAR,BE,,,,,PAR DRUGS AND CHEM LTD,133.70,133.70,128.90,130.05,129.90,131.41,,130.05,,,5929,773384.80,121,F1,1,,,,,
2026-09-28,2026-09-28,CM,NSE,STK,9741,INE088F01024,PARADEEP,EQ,,,,,PARADEEP PHOSPHATES LTD,155.50,157.07,153.40,155.70,155.88,155.49,,155.71,,,1861368,289420743.84,27963,F1,1,,,,,
2026-09-28,2026-09-28,CM,NSE,STK,17130,INE883N01014,PARAGMILK,EQ,,,,,PARAG MILK FOODS LTD.,269.00,276.55,260.05,274.95,275.00,268.90,,274.95,,,2359330,639210577.75,35083,F1,1,,,,,
2026-09-28,2026-09-28,CM,NSE,STK,19779,INE0N4G01012,PARAGON,SM,,,,,PARAGON FINE S.C. LTD.,50.60,50.95,49.05,50.50,50.50,50.60,,50.50,,,14400,717780.00,12,F1,1200,,,,,
2026-09-28,2026-09-28,CM,NSE,STK,25069,INE0S2W01018,PARAMATRIX,SM,,,,,PARAMATRIX TECHNOLOGIES L,58.00,58.00,58.00,58.00,58.00,59.00,,58.00,,,1200,69600.00,1,F1,1200,,,,,
2026-09-28,2026-09-28,CM,NSE,STK,13951,INE074B01023,PARACABLES,EQ,,,,,PARAMOUNT COMM LTD,58.81,59.80,55.73,56.35,56.37,59.81,,56.35,,,1945984,111489507.55,9348,F1,1,,,,,
2026-09-28,2026-09-28,CM,NSE,STK,25716,INE0TG801013,PARAMOUNT,SM,,,,,PARAMOUNT DYE TEC LIMITED,38.20,38.20,38.20,38.20,38.20,36.40,,38.20,,,1200,45840.00,1,F1,1200,,,,,
2026-09-28,2026-09-28,CM,NSE,STK,25431,INE0Q6001012,PSFL,SM,,,,,PARAMOUNT SPECIALI FORG L,34.00,34.00,34.00,34.00,34.00,34.55,,34.00,,,2000,68000.00,1,F1,2000,,,,,
2026-09-28,2026-09-28,CM,NSE,STK,5911,INE045601023,PARAS,EQ,,,,,PARAS DEF AND SPCE TECH L,1320.90,1332.80,1287.00,1315.00,1317.00,1321.00,,1314.57,,,626024,819027340.60,38818,F1,1,,,,,
2026-09-28,2026-09-28,CM,NSE,STK,3972,INE162C01024,PARASPETRO,EQ,,,,,PARAS PETROFILS LTD.,2.10,2.10,2.02,2.03,2.05,2.08,,2.03,,,139046,285207.64,270,F1,1,,,,,
2026-09-28,2026-09-28,CM,NSE,STK,766227,INE00U801010,PARIN,EQ,,,,,PARIN ENTERPRISES LIMITED,767.00,767.00,703.00,720.10,724.90,736.80,,720.10,,,78720,57211620.60,2130,F1,1,,,,,
2026-09-28,2026-09-28,CM,NSE,STK,760351,INE119201023,PARKHOSPS,EQ,,,,,PARK MEDI WORLD LIMITED,283.70,287.75,275.70,276.50,277.00,286.35,,276.50,,,352758,98742094.90,8309,F1,1,,,,,
2026-09-28,2026-09-28,CM,NSE,STK,22649,INE988S01028,PARKHOTELS,EQ,,,,,PARKHOTELS,103.76,106.30,102.00,103.57,105.00,104.90,,103.55,,,449144,46912866.43,9082,F1,1,,,,,
2026-09-28,2026-09-28,CM,NSE,STK,764833,INE383L01019,PARNAXLAB,EQ,,,,,PARNAX LAB LTD.,117.63,117.63,110.00,112.78,112.90,118.22,,112.97,,,8002,903621.71,244,F1,1,,,,,
2026-09-28,2026-09-28,CM,NSE,STK,13795,INE561H01026,PARSVNATH,BE,,,,,PARSVNATH DEVELOPER LTD,2.01,2.01,2.01,2.01,2.01,1.98,,2.01,,,56873,114314.73,91,F1,1,,,,,
2026-09-28,2026-09-28,CM,NSE,STK,758217,INE1H7V01011,PARTH,SM,,,,,PARTH ELEC & ENG LTD,515.00,523.90,506.60,508.15,508.50,514.05,,508.15,,,15600,8023480.00,32,F1,400,,,,,
2026-09-28,2026-09-28,CM,NSE,STK,2599,INE06ZX01015,PARTYCRUS,SM,,,,,PARTY CRUISERS LIMITED,98.95,98.95,98.95,98.95,98.95,98.95,,98.95,,,1000,98950.00,1,F1,1000,,,,,
2026-09-28,2026-09-28,CM,NSE,STK,757955,INE124Y01028,PASHUPATI,EQ,,,,,PASHUPATI COTSPIN LIMITED,80.15,80.15,77.00,77.27,77.40,79.69,,77.28,,,61852,4843191.62,2219,F1,1,,,,,
2026-09-28,2026-09-28,CM,NSE,STK,6045,INE818B01023,PASUPTAC,EQ,,,,,PASUPATI ACRYLON LIMITED,75.87,76.44,71.47,72.45,73.09,75.87,,72.42,,,225194,16546699.61,2709,F1,1,,,,,
2026-09-28,2026-09-28,CM,NSE,STK,17029,INE619A01035,PATANJALI,EQ,,,,,PATANJALI FOODS LIMITED,400.50,403.05,385.20,390.80,390.80,403.95,,390.88,,,3491544,1374942145.45,43812,F1,1,,,,,
2026-09-28,2026-09-28,CM,NSE,STK,11699,INE244B01030,PATELENG,EQ,,,,,PATEL ENGINEERING LTD.,27.54,27.54,26.82,26.90,26.92,27.61,,26.90,,,1329633,35973577.12,5858,F1,1,,,,,
2026-09-28,2026-09-28,CM,NSE,STK,15219,INE529D01014,PATINTLOG,EQ,,,,,PATEL INT. LOG. LTD,13.80,14.00,13.00,13.15,13.10,13.59,,13.15,,,298634,4048279.68,1169,F1,1,,,,,
2026-09-28,2026-09-28,CM,NSE,STK,759439,INE0R8B01010,PATELRMART,EQ,,,,,PATEL RETAIL LIMITED,206.77,206.90,202.00,204.00,204.90,206.28,,204.01,,,21074,4295178.88,905,F1,1,,,,,
2026-09-28,2026-09-28,CM,NSE,STK,756966,INE17GV01016,PATILAUTOM,ST,,,,,PATIL AUTOMATION LIMITED,352.05,354.85,334.45,336.80,336.70,352.05,,336.80,,,49200,16664880.00,74,F1,600,,,,,
2026-09-28,2026-09-28,CM,NSE,STK,762834,INE291E01019,PML,EQ,,,,,PAUL MERCHANTS LTD.,475.15,494.05,475.15,488.10,489.00,475.15,,488.10,,,97,47193.80,62,F1,1,,,,,
2026-09-28,2026-09-28,CM,NSE,STK,759969,INE111F01024,PAUSHAKLTD,EQ,,,,,PAUSHAK LIMITED,654.15,662.30,639.85,655.75,658.60,667.15,,654.75,,,34169,22257250.30,2189,F1,1,,,,,
2026-09-28,2026-09-28,CM,NSE,STK,16192,INE07S101038,PAVNAIND,EQ,,,,,PAVNA INDUSTRIES LIMITED,15.16,16.00,15.16,15.53,15.68,15.46,,15.57,,,61983,972459.70,490,F1,1,,,,,
2026-09-28,2026-09-28,CM,NSE,STK,6656,INE417T01026,POLICYBZR,EQ,,,,,PB FINTECH LIMITED,1180.00,1213.50,1136.10,1151.30,1151.30,1166.00,,1151.32,,,10839191,12710002408.80,342887,F1,1,,,,,
2026-09-28,2026-09-28,CM,NSE,STK,29124,INE785M01021,PCJEWELLER,EQ,,,,,PC JEWELLER LTD,14.55,14.64,13.46,13.52,13.53,14.11,,13.52,,,404984641,5675506767.69,339562,F1,1,,,,,
2026-09-28,2026-09-28,CM,NSE,STK,2649,INE602A01031,PCBL,EQ,,,,,PCBL CHEMICAL LIMITED,338.15,339.60,329.90,332.55,333.35,339.60,,332.56,,,905372,302127517.05,24513,F1,1,,,,,
2026-09-28,2026-09-28,CM,NSE,STK,761819,INE389Z07104,9PCPL28A,N0,,,,,PCPL 9% 2028,9721.00,10000.00,9721.00,10000.00,10000.00,9721.00,,10000.00,,,2,19721.00,2,F1,1,,,,,
2026-09-28,2026-09-28,CM,NSE,STK,5264,INE111Q01021,PDSL,EQ,,,,,PDS LIMITED,355.00,359.15,347.90,349.50,350.55,357.65,,349.50,,,103408,36588484.05,8902,F1,1,,,,,
2026-09-28,2026-09-28,CM,NSE,STK,14260,INE940H01022,PGIL,EQ,,,,,PEARL GLOBAL IND LIMITED,1329.10,1357.90,1288.80,1296.10,1291.50,1329.10,,1296.18,,,208612,276315071.90,21828,F1,1,,,,,
2026-09-28,2026-09-28,CM,NSE,STK,2610,INE844A01013,PEARLPOLY,EQ,,,,,PEARL POLYMERS LTD,18.03,18.03,17.55,17.64,17.65,18.03,,17.64,,,3650,64477.37,30,F1,1,,,,,
2026-09-28,2026-09-28,CM,NSE,STK,25408,INE0VG601013,PELATRO,SM,,,,,PELATRO LIMITED,383.50,404.40,383.45,399.65,399.50,383.50,,399.65,,,14400,5725635.00,44,F1,300,,,,,
2026-09-28,2026-09-28,CM,NSE,STK,2256,INE138A01028,PENINLAND,EQ,,,,,PENINSULA LAND LIMITED,17.25,17.25,15.51,15.76,15.69,16.70,,15.76,,,158300,2580554.82,834,F1,1,,,,,
2026-09-28,2026-09-28,CM,NSE,STK,20621,INE932A01024,PENIND,EQ,,,,,PENNAR INDUSTRIES LTD,185.00,190.00,181.50,182.17,182.69,184.90,,182.17,,,1179459,220124750.61,20688,F1,1,,,,,
2026-09-28,2026-09-28,CM,NSE,STK,17139,INE0ORS01017,PENTAGON,ST,,,,,PENTAGON RUBBER LIMITED,86.00,86.00,86.00,86.00,86.00,90.50,,86.00,,,1000,86000.00,1,F1,1000,,,,,
2026-09-28,2026-09-28,CM,NSE,STK,764838,INE418E01018,PERMAGN,EQ,,,,,PERMANENT MAGNETS LTD.,840.50,845.95,820.05,825.70,822.20,852.45,,826.18,,,2240,1862398.20,239,F1,1,,,,,
2026-09-28,2026-09-28,CM,NSE,STK,18365,INE262H01021,PERSISTENT,EQ,,,,,PERSISTENT SYSTEMS LTD,5372.00,5377.50,5285.00,5328.50,5328.50,5372.00,,5328.40,,,335528,1786755181.00,27171,F1,1,,,,,
2026-09-28,2026-09-28,CM,NSE,STK,24290,INE998U01015,PCCL,SM,,,,,PETRO CARBON AND CHEMI L,450.00,450.00,447.95,448.95,449.95,445.30,,448.95,,,2000,897560.00,5,F1,400,,,,,
2026-09-28,2026-09-28,CM,NSE,STK,11351,INE347G01014,PETRONET,EQ,,,,,PETRONET LNG LIMITED,286.95,293.05,285.75,289.85,289.85,286.50,,289.83,,,2937411,850226077.85,47968,F1,1,,,,,
2026-09-28,2026-09-28,CM,NSE,STK,760801,INE134E07DP0,7PFCL31,N3,,,,,PFCL 7.00% 2031 SR I,1000.16,1010.00,1000.01,1000.01,1000.01,1000.21,,1000.01,,,468,468082.17,5,F1,1,,,,,
2026-09-28,2026-09-28,CM,NSE,STK,760804,INE134E07DO3,720PFCL36,N6,,,,,PFCL 7.20% 2036 SR II,1000.58,1000.58,1000.58,1000.58,1000.58,1000.58,,1000.58,,,10,10005.80,1,F1,1,,,,,
2026-09-28,2026-09-28,CM,NSE,STK,760810,INE134E07DU0,730PFCL41,NC,,,,,PFCL 7.30% 2041 SR IV,1004.99,1034.99,980.01,1034.99,1034.99,1004.99,,1034.99,,,51,51034.69,4,F1,1,,,,,
2026-09-28,2026-09-28,CM,NSE,STK,2643,INE182A01018,PFIZER,EQ,,,,,PFIZER LTD,4001.00,4028.90,3952.00,3968.00,3975.00,4000.80,,3967.96,,,21087,83777970.20,5714,F1,1,,,,,
2026-09-28,2026-09-28,CM,NSE,STK,25358,INE457L01029,PGEL,EQ,,,,,PG ELECTROPLAST LTD,521.00,521.00,505.10,507.00,507.00,518.50,,507.00,,,505897,259110896.00,14751,F1,1,,,,,
2026-09-28,2026-09-28,CM,NSE,STK,11612,INE0MLZ01019,PHANTOMFX,SM,,,,,PHANTOM DIGITAL EFF LTD,90.00,91.90,86.00,87.75,87.00,90.00,,87.75,,,18600,1668000.00,42,F1,300,,,,,
2026-09-28,2026-09-28,CM,NSE,STK,2658,INE245B01011,PHOENXINTL,EQ,,,,,PHOENIX INTERNATIONAL LTD,29.00,30.19,27.80,29.30,29.74,28.68,,29.32,,,10285,300844.97,162,F1,1,,,,,
2026-09-28,2026-09-28,CM,NSE,STK,759723,INE0LP301011,PWL,EQ,,,,,PHYSICSWALLAH LIMITED,133.75,134.19,126.41,128.07,127.91,134.36,,128.07,,,7121679,917978657.31,64094,F1,1,,,,,
2026-09-28,2026-09-28,CM,NSE,STK,24184,INE603J01030,PIIND,EQ,,,,,PI INDUSTRIES LTD,2398.40,2398.40,2318.50,2349.00,2349.00,2400.00,,2349.00,,,113053,266060033.00,12253,F1,1,,,,,
2026-09-28,2026-09-28,CM,NSE,STK,757754,INE546C01010,PICCADIL,EQ,,,,,PICCADILY AGRO INDUSTRI L,610.35,611.20,598.70,600.50,609.95,613.00,,600.48,,,74499,44968458.25,4678,F1,1,,,,,
2026-09-28,2026-09-28,CM,NSE,STK,24785,INE0YAL01017,PPSL,SM,,,,,PICTUREPOST STUDIOS LTD,2.90,2.90,2.80,2.80,2.80,2.85,,2.80,,,21000,59400.00,7,F1,3000,,,,,
2026-09-28,2026-09-28,CM,NSE,STK,2664,INE318A01026,PIDILITIND,EQ,,,,,PIDILITE INDUSTRIES LTD,1508.00,1508.00,1486.80,1503.00,1503.00,1517.20,,1502.99,,,585752,875954034.50,27294,F1,1,,,,,
2026-09-28,2026-09-28,CM,NSE,STK,30835,INE600A01035,PILITA,EQ,,,,,PIL ITALICA LIFESTYLE LTD,8.07,8.07,7.51,7.59,7.67,7.71,,7.59,,,17396,133916.86,169,F1,1,,,,,
2026-09-28,2026-09-28,CM,NSE,STK,11445,INE417C01014,PILANIINVS,EQ,,,,,PILANI INV & IND COR LTD,4052.00,4052.00,3950.00,3997.50,4000.00,4015.00,,3999.33,,,1441,5737758.60,282,F1,1,,,,,
2026-09-28,2026-09-28,CM,NSE,STK,759820,INE15B701018,PINELABS,EQ,,,,,PINE LABS LIMITED,176.97,177.08,170.61,173.02,172.75,176.57,,173.02,,,23290188,4032797543.47,129054,F1,1,,,,,
2026-09-28,2026-09-28,CM,NSE,STK,13463,INE156C01018,PIONEEREMB,EQ,,,,,PIONEER EMBROIDERIES LTD,21.35,21.84,20.85,21.15,21.11,21.35,,21.15,,,2199,47208.23,45,F1,1,,,,,
2026-09-28,2026-09-28,CM,NSE,STK,762832,INE746D01014,PIONRINV,BE,,,,,PIONEER INVESTCORP LTD.,77.10,77.10,77.00,77.00,77.00,78.27,,77.00,,,2698,207748.60,13,F1,1,,,,,
2026-09-28,2026-09-28,CM,NSE,STK,759551,INE202B01038,PIRAMALFIN,EQ,,,,,PIRAMAL FINANCE LIMITED,2142.00,2170.00,2054.90,2149.00,2152.00,2142.70,,2149.07,,,328989,695084237.30,41510,F1,1,,,,,
2026-09-28,2026-09-28,CM,NSE,STK,11571,INE0DK501011,PPLPHARMA,EQ,,,,,PIRAMAL PHARMA LIMITED,209.90,212.32,205.21,206.59,206.40,210.31,,206.59,,,2664801,554929511.36,36391,F1,1,,,,,
2026-09-28,2026-09-28,CM,NSE,STK,14134,INE450D01021,PITTIENG,EQ,,,,,PITTI ENGINEERING LIMITED,1171.40,1171.40,1130.00,1136.80,1139.00,1162.40,,1136.79,,,71436,81707422.30,6489,F1,1,,,,,
2026-09-28,2026-09-28,CM,NSE,STK,9087,INE751B01018,PIXTRANS,EQ,,,,,PIX TRANSMISSIONS LIMITED,1733.00,1748.70,1711.60,1724.80,1725.00,1734.80,,1724.77,,,7437,12830031.30,1475,F1,1,,,,,
2026-09-28,2026-09-28,CM,NSE,STK,13920,INE083C01022,PLASTIBLEN,EQ,,,,,PLASTIBLENDS INDIA LTD,209.00,209.00,199.00,199.86,201.25,202.99,,199.86,,,99546,20208055.35,1988,F1,1,,,,,
2026-09-28,2026-09-28,CM,NSE,STK,22930,INE0PT501018,PLATIND,EQ,,,,,PLATINUM INDUSTRIES LTD,210.00,212.89,204.00,205.91,206.30,210.64,,205.92,,,32636,6753799.97,1307,F1,1,,,,,
2026-09-28,2026-09-28,CM,NSE,STK,19458,INE0INJ01017,PLAZACABLE,EQ,,,,,PLAZA WIRES LIMITED,61.89,61.89,56.96,57.05,57.24,59.94,,57.05,,,73774,4261579.18,1129,F1,1,,,,,
2026-09-28,2026-09-28,CM,NSE,STK,8736,INE859A01011,PNBGILTS,EQ,,,,,PNB GILTS LIMITED,74.25,76.00,71.35,73.28,76.00,74.73,,73.27,,,295139,21702533.20,2947,F1,1,,,,,
2026-09-28,2026-09-28,CM,NSE,STK,18908,INE572E01012,PNBHOUSING,EQ,,,,,PNB HOUSING FIN LTD.,1086.00,1098.10,1065.40,1085.00,1085.00,1094.90,,1085.00,,,988333,1075469839.00,27837,F1,1,,,,,
2026-09-28,2026-09-28,CM,NSE,STK,9385,INE195J01029,PNCINFRA,EQ,,,,,PNC INFRATECH LTD.,135.96,138.40,130.10,131.26,131.00,135.45,,131.21,,,1951752,258049417.55,30527,F1,1,,,,,
2026-09-28,2026-09-28,CM,NSE,STK,9342,INE392B01011,PNC,EQ,,,,,PNC MEDIA AND ENT LTD,16.50,17.19,16.21,16.68,16.84,16.89,,16.68,,,3744,62347.34,115,F1,1,,,,,
2026-09-28,2026-09-28,CM,NSE,STK,760242,INE1RDG01013,PNGSREVA,EQ,,,,,PNGS REVA DIAMOND JEWEL L,528.40,531.00,502.45,506.05,505.00,524.85,,506.05,,,116712,60009846.80,6210,F1,1,,,,,
2026-09-28,2026-09-28,CM,NSE,STK,19036,INE371C01013,PODDARMENT,EQ,,,,,PODDAR PIGMENTS LIMITED,274.75,275.90,256.50,257.80,257.30,271.40,,257.80,,,8918,2355430.45,207,F1,1,,,,,
2026-09-28,2026-09-28,CM,NSE,STK,17651,INE637C01025,POKARNA,EQ,,,,,POKARNA LIMITED,728.85,734.45,714.10,718.15,720.90,728.95,,718.15,,,38600,27882419.65,2681,F1,1,,,,,
2026-09-28,2026-09-28,CM,NSE,STK,25718,INE205C01021,POLYMED,EQ,,,,,POLY MEDICURE LIMITED,1724.40,1724.40,1611.20,1636.70,1647.00,1724.40,,1636.70,,,216866,357712832.30,17583,F1,1,,,,,
2026-09-28,2026-09-28,CM,NSE,STK,9590,INE455K01017,POLYCAB,EQ,,,,,POLYCAB INDIA LIMITED,8400.00,8400.00,8180.00,8191.00,8191.00,8408.50,,8191.03,,,274844,2262952620.50,37375,F1,1,,,,,
2026-09-28,2026-09-28,CM,NSE,STK,2687,INE633B01018,POLYPLEX,EQ,,,,,POLYPLEX CORPORATION LTD,1086.20,1090.00,1055.00,1063.10,1063.00,1086.20,,1063.11,,,30720,32937229.40,2766,F1,1,,,,,
2026-09-28,2026-09-28,CM,NSE,STK,22711,INE517M01028,POLYSIL,SM,,,,,POLYSIL IRRIGATION SYST L,61.20,61.75,57.90,57.90,57.90,60.90,,57.90,,,43000,2532650.00,54,F1,500,,,,,
2026-09-28,2026-09-28,CM,NSE,STK,765150,INE914G01029,POLYSPIN,EQ,,,,,POLYSPIN EXPORTS LTD.,32.00,32.00,29.05,31.78,31.78,28.98,,31.78,,,373,11334.40,19,F1,1,,,,,
2026-09-28,2026-09-28,CM,NSE,STK,14385,INE063E01061,POCL,EQ,,,,,PONDY OXIDES & CHEM LTD,468.95,470.00,450.00,452.65,453.00,466.80,,452.67,,,274088,125570566.85,12270,F1,1,,,,,
2026-09-28,2026-09-28,CM,NSE,STK,10661,INE838E01017,PONNIERODE,EQ,,,,,PONNIE SUGARS (ERODE) LTD,400.80,411.00,384.00,390.00,391.00,399.80,,390.01,,,53905,21484009.65,3419,F1,1,,,,,
2026-09-28,2026-09-28,CM,NSE,STK,11403,INE511C01022,POONAWALLA,EQ,,,,,POONAWALLA FINCORP LTD,461.55,461.80,442.05,445.15,445.50,461.55,,445.15,,,1095558,489904283.95,29160,F1,1,,,,,
2026-09-28,2026-09-28,CM,NSE,STK,23142,INE772T01024,PVSL,EQ,,,,,POPULAR VEHICLES N SER L,100.00,100.00,97.50,97.66,97.50,98.67,,97.65,,,24606,2413339.30,354,F1,1,,,,,
2026-09-28,2026-09-28,CM,NSE,STK,24864,INE0S3H01017,POSITRON,SM,,,,,POSITRON ENERGY LIMITED,246.40,246.40,223.25,226.50,228.00,235.00,,226.50,,,20400,4694190.00,48,F1,300,,,,,
2026-09-28,2026-09-28,CM,NSE,STK,14299,INE134E01011,PFC,EQ,,,,,POWER FIN CORP LTD.,338.30,338.55,329.05,330.00,330.00,338.00,,330.00,,,10003097,3321007654.40,79066,F1,1,,,,,
2026-09-28,2026-09-28,CM,NSE,STK,14977,INE752E01010,POWERGRID,EQ,,,,,POWER GRID CORP. LTD.,269.90,269.90,261.85,261.85,261.85,269.50,,261.85,,,10278456,2723603361.15,88127,F1,1,,,,,
2026-09-28,2026-09-28,CM,NSE,STK,15716,INE557Z01018,PIGL,EQ,,,,,POWER INSTRUMENT (G) LTD,100.47,101.00,95.15,96.00,95.15,100.47,,95.99,,,102154,9944430.02,1568,F1,1,,,,,
2026-09-28,2026-09-28,CM,NSE,STK,10473,INE211R01019,POWERMECH,EQ,,,,,POWER MECH PROJECTS LTD.,2401.20,2401.20,2355.40,2364.30,2357.20,2407.30,,2364.12,,,24446,58122315.20,5388,F1,1,,,,,
2026-09-28,2026-09-28,CM,NSE,STK,3494,INE0GGX23010,PGINVIT,IV,,,,,POWERGRID INFRA. INVITS,102.10,102.40,101.76,102.01,102.08,101.91,,102.01,,,1009826,103027334.05,5690,F1,1,,,,,
2026-09-28,2026-09-28,CM,NSE,STK,761680,INE921L01032,POWERICA,EQ,,,,,POWERICA LIMITED,584.55,594.25,555.00,562.95,563.50,582.95,,562.95,,,142642,80795770.45,8389,F1,1,,,,,
2026-09-28,2026-09-28,CM,NSE,STK,15213,INE095I01015,PPAP,BE,,,,,PPAP AUTOMOTIVE LIMITED,247.00,251.50,235.00,235.80,239.40,246.25,,235.80,,,6941,1657755.00,184,F1,1,,,,,
2026-09-28,2026-09-28,CM,NSE,STK,30134,INE0I0M01023,PRABHA,EQ,,,,,PRABHA ENERGY LIMITED,231.00,231.00,218.97,223.39,222.00,230.87,,223.22,,,56039,12652765.60,1317,F1,1,,,,,
2026-09-28,2026-09-28,CM,NSE,STK,762842,INE770A01010,PRADPME,BE,,,,,PRADEEP METALS LTD.,504.00,504.00,473.00,476.85,475.00,494.35,,476.86,,,11243,5385672.90,128,F1,1,,,,,
2026-09-28,2026-09-28,CM,NSE,STK,2705,INE074A01025,PRAJIND,EQ,,,,,PRAJ INDUSTRIES LTD,315.55,315.65,310.40,311.95,310.60,315.90,,311.93,,,307499,95991618.00,9009,F1,1,,,,,
2026-09-28,2026-09-28,CM,NSE,STK,13941,INE505C01016,PRAENG,EQ,,,,,PRAJAY ENG. SYN. LTD.,24.77,24.77,22.70,22.86,22.71,23.70,,22.86,,,47958,1124824.89,361,F1,1,,,,,
2026-09-28,2026-09-28,CM,NSE,STK,2708,INE603A01013,PRAKASH,EQ,,,,,PRAKASH INDUSTRIES LTD,118.81,119.89,114.20,115.68,116.10,118.81,,115.68,,,596566,69306597.09,4555,F1,1,,,,,
2026-09-28,2026-09-28,CM,NSE,STK,10299,INE050001010,PPL,BE,,,,,PRAKASH PIPES LIMITED,263.05,265.30,249.90,250.85,251.00,263.05,,251.32,,,37853,9640759.50,641,F1,1,,,,,
2026-09-28,2026-09-28,CM,NSE,STK,19599,INE696K01024,PRAKASHSTL,EQ,,,,,PRAKASH STEELAGE LTD,3.62,3.71,3.58,3.61,3.64,3.62,,3.62,,,80219,289898.55,306,F1,1,,,,,
2026-09-28,2026-09-28,CM,NSE,STK,18514,INE0O7A01017,PRAMARA,SM,,,,,PRAMARA PROMOTIONS LTD,107.70,107.70,106.95,107.70,107.70,102.60,,107.70,,,30500,3280025.00,33,F1,500,,,,,
2026-09-28,2026-09-28,CM,NSE,STK,765287,INE2JG601017,PRAMODINI,SM,,,,,PRAMODINI MEDICARE LTD,115.10,127.00,115.10,120.25,120.00,115.10,,120.25,,,202800,24619200.00,160,F1,1200,,,,,
2026-09-28,2026-09-28,CM,NSE,STK,766000,INE0H4201019,PRANAV,EQ,,,,,PRANAV CONSTRUCTIONS LTD,100.50,103.40,96.49,101.39,101.50,100.64,,101.40,,,4417062,439614430.82,28655,F1,1,,,,,
2026-09-28,2026-09-28,CM,NSE,STK,25818,INE0VJG01014,PRANIK,SM,,,,,PRANIK LOGISTICS LIMITED,39.40,44.80,39.40,44.10,44.10,39.40,,44.10,,,17600,764720.00,10,F1,1600,,,,,
2026-09-28,2026-09-28,CM,NSE,STK,766016,INE455U01024,PRASOLCHEM,EQ,,,,,PRASOL CHEMICALS LIMITED,758.70,773.90,731.00,763.80,763.00,756.00,,763.75,,,479424,362889520.45,26416,F1,1,,,,,
2026-09-28,2026-09-28,CM,NSE,STK,21840,INE393P01035,DIAMONDYD,EQ,,,,,PRATAAP SNACKS LIMITED,1060.00,1077.00,1038.10,1066.20,1065.00,1071.00,,1066.20,,,19609,20740666.50,1240,F1,1,,,,,
2026-09-28,2026-09-28,CM,NSE,STK,23113,INE0QA601016,PRATHAM,SM,,,,,PRATHAM EPC PROJECTS LTD,121.25,124.95,121.25,122.00,122.00,126.00,,122.00,,,2400,295240.00,6,F1,400,,,,,
2026-09-28,2026-09-28,CM,NSE,STK,762844,INE722B01019,PRAVEG,EQ,,,,,PRAVEG LTD.,262.00,262.15,248.00,249.50,253.75,259.25,,249.65,,,30804,7751984.50,1086,F1,1,,,,,
2026-09-28,2026-09-28,CM,NSE,STK,1204,INE546Y01022,PRAXIS,EQ,,,,,PRAXIS HOME RETAIL LTD,4.80,4.90,4.70,4.84,4.90,4.67,,4.84,,,133429,645909.18,244,F1,1,,,,,
2026-09-28,2026-09-28,CM,NSE,STK,12603,INE484I01029,PRECAM,EQ,,,,,PRECISION CAMSHAFTS LTD.,120.79,120.79,116.00,116.78,117.18,120.66,,116.79,,,102692,12065271.17,2287,F1,1,,,,,
2026-09-28,2026-09-28,CM,NSE,STK,2717,INE372C01037,PRECWIRE,EQ,,,,,PRECISION WIRES INDIA LTD,500.00,500.00,472.70,480.65,484.00,502.60,,480.65,,,492667,239007588.15,28169,F1,1,,,,,
2026-09-28,2026-09-28,CM,NSE,STK,2711,INE283A01014,PRECOT,EQ,,,,,PRECOT LIMITED,659.60,660.00,610.05,617.80,617.30,640.70,,617.80,,,6871,4296570.95,328,F1,1,,,,,
2026-09-28,2026-09-28,CM,NSE,STK,762849,INE001E01012,PREMCO,EQ,,,,,PREMCO GLOBAL LTD.,395.35,405.00,393.00,395.40,395.00,395.35,,395.30,,,731,290792.10,56,F1,1,,,,,
2026-09-28,2026-09-28,CM,NSE,STK,25049,INE0BS701011,PREMIERENE,EQ,,,,,PREMIER ENERGIES LIMITED,892.00,912.70,883.00,906.00,906.00,896.40,,906.35,,,1041474,939833831.40,24806,F1,1,,,,,
2026-09-28,2026-09-28,CM,NSE,STK,17397,INE863B01029,PREMEXPLN,EQ,,,,,PREMIER EXPLOSIVES LTD,680.35,680.35,671.55,677.05,677.00,680.35,,677.05,,,383780,259724808.80,3537,F1,1,,,,,
2026-09-28,2026-09-28,CM,NSE,STK,6248,INE342A01018,PREMIER,BE,,,,,PREMIER LIMITED,2.82,2.89,2.66,2.70,2.70,2.80,,2.71,,,9244,25077.81,46,F1,1,,,,,
2026-09-28,2026-09-28,CM,NSE,STK,3908,INE309M01020,PREMIERPOL,EQ,,,,,PREMIER POLYFILM LTD,94.50,97.19,91.81,92.81,94.00,95.40,,92.79,,,300547,28195904.18,5157,F1,1,,,,,
2026-09-28,2026-09-28,CM,NSE,STK,23764,INE0CFG01012,PRLIND,SM,,,,,PREMIER ROADLINES LIMITED,45.20,45.95,45.20,45.95,45.95,45.95,,45.95,,,11000,504700.00,5,F1,1000,,,,,
2026-09-28,2026-09-28,CM,NSE,STK,25898,INE0M1F01011,PREMIUM,SM,,,,,PREMIUM PLAST LIMITED,44.05,44.05,42.95,42.95,42.95,44.05,,42.95,,,24000,1040550.00,8,F1,3000,,,,,
2026-09-28,2026-09-28,CM,NSE,STK,20498,INE0R1601012,PRESSTONIC,SM,,,,,PRESSTONIC ENGINEERING L,53.75,53.75,49.00,50.25,50.35,52.50,,50.25,,,205600,10340440.00,201,F1,800,,,,,
2026-09-28,2026-09-28,CM,NSE,STK,20302,INE811K01011,PRESTIGE,EQ,,,,,PRESTIGE ESTATE LTD,1465.20,1470.80,1437.40,1470.80,1470.80,1477.80,,1470.80,,,576978,840956503.40,24213,F1,1,,,,,
2026-09-28,2026-09-28,CM,NSE,STK,19631,INE726V01018,PRICOLLTD,EQ,,,,,PRICOL LIMITED,759.40,764.45,751.10,753.10,754.00,759.40,,753.04,,,193298,146131421.10,13763,F1,1,,,,,
2026-09-28,2026-09-28,CM,NSE,STK,759075,INE0CQA01020,PRIMECAB,ST,,,,,PRIME CABLE INDUSTRIES L,173.00,179.65,173.00,178.20,177.05,171.10,,178.20,,,174400,31051600.00,102,F1,1600,,,,,
2026-09-28,2026-09-28,CM,NSE,STK,13496,INE367G01038,PFOCUS,EQ,,,,,PRIME FOCUS LIMITED,316.50,328.00,313.25,315.20,315.65,315.45,,315.21,,,3939207,1264242743.90,44026,F1,1,,,,,
2026-09-28,2026-09-28,CM,NSE,STK,11864,INE032B01021,PRIMESECU,EQ,,,,,PRIME SECURITIES LIMITED,305.00,305.00,296.05,301.85,302.50,301.90,,301.49,,,8733,2637202.75,356,F1,1,,,,,
2026-09-28,2026-09-28,CM,NSE,STK,756925,INE607A01022,PRIMO,EQ,,,,,PRIMO CHEMICALS LIMITED,26.00,29.80,25.80,28.13,28.30,25.28,,28.14,,,4154950,116649697.19,22983,F1,1,,,,,
2026-09-28,2026-09-28,CM,NSE,STK,16045,INE689W01016,PRINCEPIPE,EQ,,,,,PRINCE PIPES FITTINGS LTD,262.00,263.95,255.45,257.75,258.60,261.80,,257.75,,,104953,27167479.85,3537,F1,1,,,,,
2026-09-28,2026-09-28,CM,NSE,STK,765558,INE15EH01014,PRIORITY,EQ,,,,,PRIORITY JEWELS LIMITED,314.01,326.00,296.50,300.93,297.01,311.73,,300.86,,,479443,149252351.91,12612,F1,1,,,,,
2026-09-28,2026-09-28,CM,NSE,STK,2739,INE010A01011,PRSMJOHNSN,EQ,,,,,PRISM JOHNSON LIMITED,116.75,118.20,114.94,115.15,115.00,116.31,,115.15,,,245697,28535763.28,3861,F1,1,,,,,
2026-09-28,2026-09-28,CM,NSE,STK,765155,INE286N01028,PRISMX,EQ,,,,,PRISMX GLOBAL VENTURES L,0.53,0.54,0.52,0.53,0.53,0.52,,0.53,,,168482,89581.59,137,F1,1,,,,,
2026-09-28,2026-09-28,CM,NSE,STK,8304,INE974Z01015,PRITI,EQ,,,,,PRITI INTERNATIONAL LTD,32.60,34.99,30.79,31.33,31.39,33.78,,31.33,,,29594,933180.91,437,F1,1,,,,,
2026-09-28,2026-09-28,CM,NSE,STK,5292,INE583R01029,PRITIKAUTO,EQ,,,,,PRITIKA AUTO INDUS LTD,18.00,18.98,17.35,18.87,18.71,17.16,,18.86,,,1141258,21014685.65,3330,F1,1,,,,,
2026-09-28,2026-09-28,CM,NSE,STK,12971,INE0MJQ01020,PRITIKA,SM,,,,,PRITIKA ENG COMPO LTD,63.50,63.50,62.50,62.50,62.50,62.80,,62.50,,,46000,2903800.00,7,F1,2000,,,,,
2026-09-28,2026-09-28,CM,NSE,STK,8825,INE959A01019,PRIVISCL,EQ,,,,,PRIVI SPECIALITY CHE LTD,3637.20,3637.20,3556.20,3605.30,3610.00,3594.10,,3605.00,,,81986,295377955.10,14185,F1,1,,,,,
2026-09-28,2026-09-28,CM,NSE,STK,24511,INE0V9N01017,PRIZOR,ST,,,,,PRIZOR VIZTECH LIMITED,1111.20,1139.00,1111.20,1128.10,1128.10,1128.10,,1128.10,,,10400,11767320.00,22,F1,400,,,,,
2026-09-28,2026-09-28,CM,NSE,STK,940,INE199A01012,PGHL,EQ,,,,,PROCTER & GAMBLE HEALTH L,5400.00,5490.00,5300.00,5399.50,5490.00,5406.00,,5399.57,,,9829,52876248.50,3054,F1,1,,,,,
2026-09-28,2026-09-28,CM,NSE,STK,764345,INE1FFX01018,PROPSHOP,SM,,,,,PROPSHOP EVENTS AND EXH L,68.55,68.60,68.00,68.00,68.00,71.75,,68.00,,,14000,959000.00,7,F1,2000,,,,,
2026-09-28,2026-09-28,CM,NSE,STK,758173,INE0BX301013,PROSTARM,EQ,,,,,PROSTARM INFO SYSTEMS LTD,142.90,142.90,136.00,136.33,136.90,141.17,,136.33,,,248177,34299443.05,4593,F1,1,,,,,
2026-09-28,2026-09-28,CM,NSE,STK,29472,INE004A01022,PROTEAN,EQ,,,,,PROTEAN EGOV TECHNO LTD,690.70,719.00,675.00,691.50,686.15,690.70,,691.48,,,2689437,1881212457.20,65531,F1,1,,,,,
2026-09-28,2026-09-28,CM,NSE,STK,28859,INE195N01013,PROZONER,EQ,,,,,PROZONE REALTY LIMITED,57.84,57.99,55.59,56.26,56.28,56.75,,56.26,,,940009,53190147.25,3519,F1,1,,,,,
2026-09-28,2026-09-28,CM,NSE,STK,9553,INE00F201020,PRUDENT,EQ,,,,,PRUDENT CORP ADV SER LTD,3060.70,3186.90,3038.80,3171.30,3174.00,3097.90,,3171.33,,,27084,84715279.20,9364,F1,1,,,,,
2026-09-28,2026-09-28,CM,NSE,STK,20527,INE024D01016,PRUDMOULI,EQ,,,,,PRUDENTIAL SUGAR CORPORAT,14.20,14.22,13.28,13.93,13.98,13.93,,13.98,,,7408,101708.62,42,F1,1,,,,,
2026-09-28,2026-09-28,CM,NSE,STK,20877,INE488V01015,PSPPROJECT,EQ,,,,,PSP PROJECTS LIMITED,806.65,806.65,775.00,779.10,787.00,806.65,,779.09,,,74336,58512026.00,4638,F1,1,,,,,
2026-09-28,2026-09-28,CM,NSE,STK,22602,INE560K01014,PFS,EQ,,,,,PTC INDIA FIN SERV LTD,26.37,29.60,26.20,27.12,26.99,26.37,,27.12,,,39757233,1120744662.22,143972,F1,1,,,,,
2026-09-28,2026-09-28,CM,NSE,STK,11355,INE877F01012,PTC,EQ,,,,,PTC INDIA LIMITED,155.50,155.79,154.20,154.88,155.03,155.09,,154.88,,,1099040,170296617.52,14848,F1,1,,,,,
2026-09-28,2026-09-28,CM,NSE,STK,16682,INE596F01018,PTCIL,EQ,,,,,PTC INDUSTRIES LIMITED,21820.00,22040.00,21510.00,21685.00,21650.00,21810.00,,21685.50,,,8445,183010575.00,3036,F1,1,,,,,
2026-09-28,2026-09-28,CM,NSE,STK,14101,INE034D01049,PTL,EQ,,,,,PTL ENTERPRISES LTD,38.25,38.44,36.50,37.90,37.75,38.24,,37.90,,,35756,1349250.62,1039,F1,1,,,,,
2026-09-28,2026-09-28,CM,NSE,STK,15377,INE865T01018,PDMJEPAPER,EQ,,,,,PUDUMJEE PAPER PRO. LTD,95.23,96.67,93.00,93.78,96.00,94.47,,93.78,,,153447,14502558.41,2574,F1,1,,,,,
2026-09-28,2026-09-28,CM,NSE,STK,507,INE335X01014,PULZ,SM,,,,,PULZ ELECTRONICS LIMITED,19.50,21.40,19.50,21.20,21.00,20.45,,21.20,,,16000,325500.00,8,F1,2000,,,,,
2026-09-28,2026-09-28,CM,NSE,STK,21001,INE608A01012,PSB,EQ,,,,,PUNJAB & SIND BANK,21.82,21.82,21.26,21.31,21.30,21.82,,21.31,,,806110,17255434.02,3556,F1,1,,,,,
2026-09-28,2026-09-28,CM,NSE,STK,4344,INE277B01014,PUNJABCHEM,EQ,,,,,PUNJAB CHEM & CROP PROT L,1071.60,1090.00,1047.00,1054.60,1067.40,1077.60,,1054.60,,,4987,5292575.30,534,F1,1,,,,,
2026-09-28,2026-09-28,CM,NSE,STK,10666,INE160A01022,PNB,EQ,,,,,PUNJAB NATIONAL BANK,116.55,116.55,112.07,112.60,112.60,116.60,,112.60,,,14250157,1619185797.05,47456,F1,1,,,,,
2026-09-28,2026-09-28,CM,NSE,STK,14922,INE323I01011,PURVA,EQ,,,,,PURAVANKARA LIMITED,212.40,212.65,209.00,209.99,209.20,213.87,,209.97,,,73425,15475143.16,2048,F1,1,,,,,
2026-09-28,2026-09-28,CM,NSE,STK,765568,INE0I1B01016,PERNIASPOP,EQ,,,,,PURPLE STYLE LABS LIMITED,538.70,539.95,510.20,517.85,516.00,545.55,,518.04,,,48711,25577612.80,2866,F1,1,,,,,
2026-09-28,2026-09-28,CM,NSE,STK,28028,INE0P5R01014,PURPLEUTED,SM,,,,,PURPLE UNITED SALES LTD,513.00,515.00,485.00,503.65,500.05,492.65,,503.65,,,41250,20831512.50,125,F1,250,,,,,
2026-09-28,2026-09-28,CM,NSE,STK,22938,INE0R6C01012,PURVFLEXI,SM,,,,,PURV FLEXIPACK LIMITED,42.00,42.00,42.00,42.00,42.00,43.35,,42.00,,,1600,67200.00,2,F1,800,,,,,
2026-09-28,2026-09-28,CM,NSE,STK,757683,INE154801018,PUSHPA,SM,,,,,PUSHPA JEWELLERS LIMITED,112.00,117.00,110.50,116.10,116.10,114.35,,116.10,,,154000,17649850.00,133,F1,1000,,,,,
2026-09-28,2026-09-28,CM,NSE,STK,4010,INE362A01016,PVP,EQ,,,,,PVP VENTURES LIMITED,58.85,59.99,58.85,58.85,58.85,61.94,,58.85,,,1150587,67802173.95,1957,F1,1,,,,,
2026-09-28,2026-09-28,CM,NSE,STK,13147,INE191H01014,PVRINOX,EQ,,,,,PVR INOX LIMITED,1252.00,1257.40,1219.00,1225.00,1224.00,1254.60,,1224.77,,,396422,488047044.50,23230,F1,1,,,,,
2026-09-28,2026-09-28,CM,NSE,STK,18250,INE0MIS01010,PYRAMID,EQ,,,,,PYRAMID TECHNOPLAST LTD,162.35,163.70,159.87,161.11,160.00,162.29,,160.97,,,22336,3590165.97,601,F1,1,,,,,
2026-09-28,2026-09-28,CM,NSE,STK,763594,INE1G2W01011,QLINE,SM,,,,,Q-LINE BIOTECH LIMITED,668.50,672.45,648.10,666.70,668.90,668.45,,666.70,,,81200,53577860.00,178,F1,400,,,,,
2026-09-28,2026-09-28,CM,NSE,STK,751653,INE0FMW01018,QMSMEDI,BE,,,,,QMS MEDICAL ALLIED S LTD,206.47,206.47,201.00,206.47,206.47,196.64,,206.47,,,182528,37676951.56,318,F1,1,,,,,
2026-09-28,2026-09-28,CM,NSE,STK,5875,INE0GOJ01027,QUADPRO,ST,,,,,QUADPRO ITES LIMITED,4.20,4.20,4.10,4.20,4.20,4.00,,4.20,,,168000,701400.00,14,F1,12000,,,,,
2026-09-28,2026-09-28,CM,NSE,STK,29087,INE0LRY01011,QUADFUTURE,EQ,,,,,QUADRANT FUTURE TEK LTD,537.00,564.90,527.60,531.50,532.00,547.50,,531.59,,,1323802,724863481.45,43357,F1,1,,,,,
2026-09-28,2026-09-28,CM,NSE,STK,765985,INE1XJ401012,QUALIANCE,SM,,,,,QUALIANCE INTERNATIONAL L,187.05,187.05,180.20,181.40,181.00,187.00,,181.40,,,107000,19503000.00,91,F1,1000,,,,,
2026-09-28,2026-09-28,CM,NSE,STK,29711,INE0SII01026,QPOWER,EQ,,,,,QUALITY POWER ELEC EQUP L,1517.00,1593.60,1496.20,1592.70,1593.60,1517.80,,1593.89,,,365360,567558677.30,18454,F1,1,,,,,
2026-09-28,2026-09-28,CM,NSE,STK,15330,INF082J01408,QGOLDHALF,EQ,,,,,QUANTUM GOLD ETF,123.54,123.54,120.70,121.37,121.55,124.80,,121.37,,,334264,40602627.09,1464,F1,1,,,,,
2026-09-28,2026-09-28,CM,NSE,STK,16819,INF082J01499,QNIFTY,EQ,,,,,QUANTUM NIFTY 50 ETF,257.50,257.50,251.20,251.49,251.50,254.68,,251.50,,,9001,2268287.97,226,F1,1,,,,,
2026-09-28,2026-09-28,CM,NSE,STK,765392,INF966L01EI5,SILVER001,EQ,,,,,QUANT_AMC - SILVER001,22.70,22.90,22.20,22.27,22.37,23.20,,22.27,,,58289,1303311.90,221,F1,1,,,,,
2026-09-28,2026-09-28,CM,NSE,STK,17704,INE615P01015,QUESS,EQ,,,,,QUESS CORP LIMITED,342.00,350.00,335.30,340.90,341.80,340.90,,340.90,,,675128,230322593.25,21694,F1,1,,,,,
2026-09-28,2026-09-28,CM,NSE,STK,23793,INE0TNW01017,QUESTLAB,SM,,,,,QUEST LABORATORIES LTD,86.55,86.55,85.05,85.75,85.10,87.05,,85.75,,,7200,617640.00,6,F1,1200,,,,,
2026-09-28,2026-09-28,CM,NSE,STK,13116,INE306L01010,QUICKHEAL,EQ,,,,,QUICK HEAL TECH LTD,147.05,147.05,141.52,143.40,144.90,147.04,,143.38,,,83329,12002238.50,2239,F1,1,,,,,
2026-09-28,2026-09-28,CM,NSE,STK,762857,INE641R01017,QUINT,BE,,,,,QUINT DIGITAL LTD.,80.15,86.00,80.15,80.15,80.15,84.36,,80.15,,,56231,4558530.62,164,F1,1,,,,,
2026-09-28,2026-09-28,CM,NSE,STK,9355,INE033B01011,QUINTEGRA,EQ,,,,,QUINTEGRA SOLUTIONS LTD.,1.17,1.17,1.17,1.17,1.17,1.12,,1.25,,,12583,14722.11,1,F1,1,,,,,
2026-09-28,2026-09-28,CM,NSE,STK,23043,INE0NQ801033,RKSWAMY,EQ,,,,,R K SWAMY LIMITED,89.00,91.83,88.00,88.50,89.90,90.59,,88.49,,,28611,2537565.82,577,F1,1,,,,,
2026-09-28,2026-09-28,CM,NSE,STK,757836,INE219Y01026,RMDRIP,BE,,,,,R M DRIP & SPRINK SYS LTD,23.50,23.99,22.65,23.29,23.42,23.62,,23.32,,,477950,11192135.54,502,F1,1,,,,,
2026-09-28,2026-09-28,CM,NSE,STK,762864,INE951M01037,RRIL,EQ,,,,,R R I L LTD.,15.93,15.93,15.30,15.66,15.50,16.01,,15.62,,,17719,277740.02,111,F1,1,,,,,
2026-09-28,2026-09-28,CM,NSE,STK,18566,INE777K01022,RRKABEL,EQ,,,,,R R KABEL LIMITED,2530.40,2536.50,2445.20,2459.80,2462.20,2528.30,,2459.81,,,140717,348585281.40,17283,F1,1,,,,,
2026-09-28,2026-09-28,CM,NSE,STK,762872,INE616F01022,RSDFIN,BE,,,,,R S D FINANCE LTD.,99.17,99.17,91.00,91.00,91.00,94.49,,91.00,,,1647,162464.33,19,F1,1,,,,,
2026-09-28,2026-09-28,CM,NSE,STK,13414,INE411H01032,RSYSTEMS,EQ,,,,,R SYS INTERNATIONAL LTD,250.00,282.74,245.45,275.21,282.74,235.62,,275.36,,,61311130,16339877855.00,453798,F1,1,,,,,
2026-09-28,2026-09-28,CM,NSE,STK,764855,INE005C01017,RTSPOWR,EQ,,,,,R T S POWER CORPN. LTD.,116.30,125.50,116.30,125.50,125.50,104.59,,125.54,,,114320,14189303.75,1034,F1,1,,,,,
2026-09-28,2026-09-28,CM,NSE,STK,758984,INE012Q01039,RNBDENIMS,BE,,,,,R&B DENIMS LIMITED,9.04,9.28,8.86,9.14,9.15,9.04,,9.14,,,142113,1297904.91,334,F1,1,,,,,
2026-09-28,2026-09-28,CM,NSE,STK,6429,INE165B01029,RSSOFTWARE,EQ,,,,,R. S. SOFTWARE (INDIA) LI,32.00,32.00,29.90,30.85,30.85,30.56,,30.82,,,7956,244963.01,172,F1,1,,,,,
2026-09-28,2026-09-28,CM,NSE,STK,20760,INE324L01013,RPPINFRA,EQ,,,,,R.P.P INFRA PROJECTS LTD,53.01,53.63,51.15,51.52,51.20,53.63,,51.44,,,39950,2084136.10,850,F1,1,,,,,
2026-09-28,2026-09-28,CM,NSE,STK,762244,INE2PB023011,RIIT,IV,,,,,RAAJMARG INFRA INVEST T,120.99,120.99,118.81,119.42,120.00,119.36,,119.42,,,311496,37294933.34,1750,F1,1,,,,,
2026-09-28,2026-09-28,CM,NSE,STK,15391,INE084Q01012,RACE,EQ,,,,,RACE ECO CHAIN LIMITED,118.01,128.00,118.01,121.70,121.21,117.90,,121.72,,,104606,12891971.13,1897,F1,1,,,,,
2026-09-28,2026-09-28,CM,NSE,STK,9854,INE02OY01016,RILINFRA,SM,,,,,RACHANA INFRA LTD,32.80,36.90,32.50,34.10,33.95,32.80,,34.10,,,11500,390480.00,59,F1,100,,,,,
2026-09-28,2026-09-28,CM,NSE,STK,27171,INE704B01017,RACLGEAR,EQ,,,,,RACL GEARTECH LIMITED,1696.00,1696.00,1601.20,1613.10,1610.00,1686.50,,1613.23,,,29357,47948020.50,5226,F1,1,,,,,
2026-09-28,2026-09-28,CM,NSE,STK,10932,INE874F01027,RADAAN,EQ,,,,,RADAAN MEDIAWORKS (I) LTD,3.00,3.11,2.90,3.02,3.04,2.99,,3.02,,,84822,254725.23,184,F1,1,,,,,
2026-09-28,2026-09-28,CM,NSE,STK,10347,INE583V01021,RADHIKAJWE,BE,,,,,RADHIKA JEWELTECH LIMITED,69.98,69.98,67.20,69.38,69.45,69.88,,69.38,,,135553,9287038.40,1014,F1,1,,,,,
2026-09-28,2026-09-28,CM,NSE,STK,13580,INE855R01021,RADIANTCMS,EQ,,,,,RADIANT CASH MGMT SER LTD,35.85,36.00,34.90,35.70,35.81,35.67,,35.70,,,219661,7792613.13,1814,F1,1,,,,,
2026-09-28,2026-09-28,CM,NSE,STK,10990,INE944F01028,RADICO,EQ,,,,,RADICO KHAITAN LTD,4545.00,4550.70,4452.50,4478.30,4478.30,4557.10,,4478.31,,,127711,576944176.90,18555,F1,1,,,,,
2026-09-28,2026-09-28,CM,NSE,STK,24735,INE912T01018,RPEL,EQ,,,,,RAGHAV PRODUCTIVITY ENH L,1689.00,1729.50,1659.30,1703.90,1702.90,1699.50,,1703.93,,,54965,93583716.40,8807,F1,1,,,,,
2026-09-28,2026-09-28,CM,NSE,STK,9552,INE415G01027,RVNL,EQ,,,,,RAIL VIKAS NIGAM LIMITED,206.06,206.38,202.00,202.75,202.75,207.00,,202.80,,,2550019,520205093.45,29017,F1,1,,,,,
2026-09-28,2026-09-28,CM,NSE,STK,2431,INE0DD101019,RAILTEL,EQ,,,,,RAILTEL CORP OF IND LTD,264.10,265.30,255.05,256.15,257.80,260.15,,256.12,,,453401,117022783.45,12369,F1,1,,,,,
2026-09-28,2026-09-28,CM,NSE,STK,15337,INE855B01025,RAIN,EQ,,,,,RAIN INDUSTRIES LIMITED,219.00,219.00,210.10,215.45,214.80,219.35,,215.46,,,2291717,491405030.35,18184,F1,1,,,,,
2026-09-28,2026-09-28,CM,NSE,STK,9408,INE961O01016,RAINBOW,EQ,,,,,RAINBOW CHILDRENS MED LTD,1374.20,1384.10,1347.60,1372.60,1379.00,1374.20,,1372.61,,,145801,199859269.00,12464,F1,1,,,,,
2026-09-28,2026-09-28,CM,NSE,STK,359,INE294G01026,ROML,EQ,,,,,RAJ OIL MILLS LIMITED,42.79,43.39,42.00,42.91,42.98,42.79,,42.79,,,2889,123774.12,42,F1,1,,,,,
2026-09-28,2026-09-28,CM,NSE,STK,8428,INE533D01032,RAJRILTD,BE,,,,,RAJ RAYON INDUSTRIES LTD,20.67,21.30,20.50,20.80,21.00,20.90,,20.80,,,6044,126163.62,124,F1,1,,,,,
2026-09-28,2026-09-28,CM,NSE,STK,14403,INE952H01027,RAJTV,EQ,,,,,RAJ TV NETWORK LTD,11.29,11.29,11.00,11.14,11.28,10.76,,11.14,,,120440,1358387.31,189,F1,1,,,,,
2026-09-28,2026-09-28,CM,NSE,STK,762859,INE296E01026,RAJPALAYAM,EQ,,,,,RAJAPALAYAM MILLS LTD.,760.00,779.20,757.00,758.05,758.00,761.75,,758.05,,,732,557654.00,53,F1,1,,,,,
2026-09-28,2026-09-28,CM,NSE,STK,181,INE610C01014,ARENTERP,EQ,,,,,RAJDARSHAN INDUSTRIES LTD,34.70,34.70,31.11,32.67,34.29,34.70,,32.36,,,932,31544.72,43,F1,1,,,,,
2026-09-28,2026-09-28,CM,NSE,STK,760461,INE343B01030,RAJESHEXPO,BZ,,,,,RAJESH EXPORTS LTD,67.43,67.43,65.00,65.15,65.34,67.44,,65.22,,,157554,10357560.22,2212,F1,1,,,,,
2026-09-28,2026-09-28,CM,NSE,STK,19681,INE0BZQ01011,RCDL,SM,,,,,RAJGOR CASTOR DERIVATI L,17.90,17.90,17.90,17.90,17.90,17.05,,17.90,,,33000,590700.00,11,F1,3000,,,,,
2026-09-28,2026-09-28,CM,NSE,STK,2168,INE00KV01022,RAJMET,EQ,,,,,RAJNANDINI METAL LIMITED,3.14,3.15,3.08,3.08,3.09,3.11,,3.08,,,260389,808884.64,759,F1,1,,,,,
2026-09-28,2026-09-28,CM,NSE,STK,757052,INE535F01024,RAJOOENG,BE,,,,,RAJOO ENGINEERS LIMITED,53.49,55.00,52.17,53.68,54.00,53.08,,53.69,,,275473,14852877.01,918,F1,1,,,,,
2026-09-28,2026-09-28,CM,NSE,STK,27269,INE0VHU01019,RAJPUTANA,SM,,,,,RAJPUTANA BIODIESEL LTD,198.00,204.00,198.00,198.20,198.20,201.75,,198.20,,,3500,696100.00,7,F1,500,,,,,
2026-09-28,2026-09-28,CM,NSE,STK,24707,INE0PCU01012,RAJINDLTD,SM,,,,,RAJPUTANA INDUSTRIES LTD,65.00,66.55,65.00,66.55,66.55,66.55,,66.55,,,4500,295425.00,3,F1,1500,,,,,
2026-09-28,2026-09-28,CM,NSE,STK,761439,INE313L01016,RSL,EQ,,,,,RAJPUTANA STAINLESS LTD,182.41,182.41,165.92,167.41,167.50,183.46,,167.40,,,799193,135764772.45,14117,F1,1,,,,,
2026-09-28,2026-09-28,CM,NSE,STK,18962,INE451D01029,RAJRATAN,EQ,,,,,RAJRATAN GLOBAL WIRE LTD,472.50,472.50,458.00,460.95,460.00,472.50,,460.96,,,49986,23082819.90,3789,F1,1,,,,,
2026-09-28,2026-09-28,CM,NSE,STK,6915,INE760W01023,RPPL,BE,,,,,RAJSHREE POLYPACK LTD,19.30,19.85,18.71,18.83,18.81,19.00,,18.83,,,24802,473130.01,94,F1,1,,,,,
2026-09-28,2026-09-28,CM,NSE,STK,2809,INE562B01019,RAJSREESUG,EQ,,,,,RAJSHREE SUGAR & CHEMICAL,31.75,32.34,30.68,30.84,30.88,31.81,,30.84,,,81728,2579837.15,701,F1,1,,,,,
2026-09-28,2026-09-28,CM,NSE,STK,2816,INE613A01020,RALLIS,EQ,,,,,RALLIS INDIA LTD,200.30,200.50,198.14,199.42,199.70,200.38,,199.45,,,469010,93705619.59,76298,F1,1,,,,,
2026-09-28,2026-09-28,CM,NSE,STK,10485,INE207E01023,RAMRAT,EQ,,,,,RAM RATNA WIRES LIMITED,577.40,584.00,559.75,568.20,569.00,570.00,,568.25,,,244145,139477292.20,14131,F1,1,,,,,
2026-09-28,2026-09-28,CM,NSE,STK,10568,INE809A01032,RAMAPHO,EQ,,,,,RAMA PHOSPHATES LIMITED,122.90,124.98,119.01,120.00,121.00,122.25,,120.00,,,24851,3001766.68,319,F1,1,,,,,
2026-09-28,2026-09-28,CM,NSE,STK,10304,INE230R01035,RAMASTEEL,BE,,,,,RAMA STEEL TUBES LIMITED,4.40,4.40,4.40,4.40,4.40,4.48,,4.41,,,3786918,16662439.20,1733,F1,1,,,,,
2026-09-28,2026-09-28,CM,NSE,STK,4587,INE614A01028,RAMCOIND,EQ,,,,,RAMCO INDUSTRIES LIMITED,316.10,319.00,306.45,310.90,310.25,319.95,,310.90,,,80799,25125804.20,2917,F1,1,,,,,
2026-09-28,2026-09-28,CM,NSE,STK,7851,INE246B01019,RAMCOSYS,EQ,,,,,RAMCO SYSTEMS LTD.,580.00,582.45,560.00,563.80,566.55,580.20,,564.01,,,33612,19170363.00,2223,F1,1,,,,,
2026-09-28,2026-09-28,CM,NSE,STK,23565,INE0RJH01010,RBS,SM,,,,,RAMDEVBABA SOLVENT LTD,82.00,82.00,77.00,82.00,82.00,83.60,,82.00,,,6400,518960.00,8,F1,800,,,,,
2026-09-28,2026-09-28,CM,NSE,STK,11411,INE399G01023,RKFORGE,EQ,,,,,RAMKRISHNA FORGINGS LTD,701.20,715.45,690.15,703.10,706.20,704.50,,703.09,,,773078,544905476.50,27205,F1,1,,,,,
2026-09-28,2026-09-28,CM,NSE,STK,20134,INE874I01013,RAMKY,EQ,,,,,RAMKY INFRA LTD,308.00,311.60,303.00,306.25,308.80,312.15,,306.25,,,23372,7191480.05,1234,F1,1,,,,,
2026-09-28,2026-09-28,CM,NSE,STK,2837,INE625B01014,RANASUG,EQ,,,,,RANA SUGARS LTD.,14.39,14.61,13.78,13.86,13.78,14.41,,13.86,,,278831,3966024.87,1112,F1,1,,,,,
2026-09-28,2026-09-28,CM,NSE,STK,11975,INE050H01012,RML,EQ,,,,,RANE (MADRAS) LIMITED,1328.90,1359.90,1302.60,1325.90,1318.70,1322.30,,1325.87,,,46931,62820049.70,5671,F1,1,,,,,
2026-09-28,2026-09-28,CM,NSE,STK,2844,INE384A01010,RANEHOLDIN,EQ,,,,,RANE HOLDINGS LIMITED,1580.60,1607.70,1534.50,1584.40,1575.00,1580.60,,1584.26,,,18617,29383988.40,1831,F1,1,,,,,
2026-09-28,2026-09-28,CM,NSE,STK,30460,INE0QX901013,RAPIDFLEET,SM,,,,,RAPID FLEET MGT SERVICE L,200.00,208.00,200.00,208.00,208.00,198.90,,208.00,,,6000,1205880.00,10,F1,600,,,,,
2026-09-28,2026-09-28,CM,NSE,STK,25610,INE0MVO01012,RAPPID,SM,,,,,RAPPID VALVES (INDIA) LTD,353.95,357.95,341.00,350.00,350.00,351.70,,350.00,,,24000,8545320.00,13,F1,600,,,,,
2026-09-28,2026-09-28,CM,NSE,STK,22670,INE0J1F01024,RPTECH,EQ,,,,,RASHI PERIPHERALS LIMITED,893.00,893.00,866.20,883.95,882.00,893.00,,883.81,,,253607,222721212.20,18233,F1,1,,,,,
2026-09-28,2026-09-28,CM,NSE,STK,2866,INE027A01015,RCF,EQ,,,,,RASHTRIYA CHEMICALS & FER,109.51,110.80,106.70,109.95,110.20,108.58,,109.95,,,2259905,246173751.63,19861,F1,1,,,,,
2026-09-28,2026-09-28,CM,NSE,STK,7177,INE0CLI01024,RATEGAIN,EQ,,,,,RATEGAIN TRAVEL TECHN LTD,827.00,834.00,814.05,828.70,831.00,827.75,,828.68,,,175709,144913842.85,16160,F1,1,,,,,
2026-09-28,2026-09-28,CM,NSE,STK,13451,INE703B01027,RATNAMANI,EQ,,,,,RATNAMANI MET & TUB LTD.,2756.10,2784.00,2724.10,2748.40,2779.90,2778.30,,2748.28,,,20543,56428742.70,4827,F1,1,,,,,
2026-09-28,2026-09-28,CM,NSE,STK,18423,INE05CZ01011,RATNAVEER,EQ,,,,,RATNAVEER PRECISION ENG L,335.70,340.45,329.00,330.95,330.90,333.95,,330.92,,,5822738,1932697678.35,32923,F1,1,,,,,
2026-09-28,2026-09-28,CM,NSE,STK,27297,INE834M01019,RTNINDIA,EQ,,,,,RATTANINDIA ENT LIMITED,26.91,26.95,26.10,26.20,26.30,26.96,,26.20,,,934636,24692661.85,4838,F1,1,,,,,
2026-09-28,2026-09-28,CM,NSE,STK,17520,INE399K01017,RTNPOWER,EQ,,,,,RATTANINDIA POWER LIMITED,7.04,7.04,6.85,6.86,6.86,7.00,,6.86,,,13063775,90224361.36,15406,F1,1,,,,,
2026-09-28,2026-09-28,CM,NSE,STK,20950,INE722J01012,RKDL,EQ,,,,,RAVI KUMAR DIST. LTD.,18.60,18.60,18.01,18.02,18.02,18.60,,18.01,,,6443,117056.66,89,F1,1,,,,,
2026-09-28,2026-09-28,CM,NSE,STK,1565,INE09E501017,RVHL,EQ,,,,,RAVINDER HEIGHTS LIMITED,39.32,39.32,37.22,38.66,38.75,39.32,,38.60,,,3014,116287.37,128,F1,1,,,,,
2026-09-28,2026-09-28,CM,NSE,STK,24596,INE206N01018,RELTD,EQ,,,,,RAVINDRA ENERGY LIMITED,149.99,150.51,145.65,148.07,147.80,148.77,,148.07,,,84194,12458180.91,2004,F1,1,,,,,
2026-09-28,2026-09-28,CM,NSE,STK,25073,INE02ID01020,RAYMONDLSL,EQ,,,,,RAYMOND LIFESTYLE LIMITED,686.00,689.15,665.15,672.00,668.00,687.60,,671.99,,,219826,147973998.80,13823,F1,1,,,,,
2026-09-28,2026-09-28,CM,NSE,STK,2859,INE301A01014,RAYMOND,EQ,,,,,RAYMOND LTD,1193.75,1236.00,1142.00,1179.95,1181.00,1196.65,,1179.92,,,4864233,5801150475.50,155041,F1,1,,,,,
2026-09-28,2026-09-28,CM,NSE,STK,758551,INE1SY401010,RAYMONDREL,EQ,,,,,RAYMOND REALTY LIMITED,712.50,712.50,668.20,672.95,668.20,711.30,,672.73,,,1674907,1157315803.55,39000,F1,1,,,,,
2026-09-28,2026-09-28,CM,NSE,STK,765936,INE1FCO01014,MOMSBELIEF,EQ,,,,,RAYS OF BELIEF LIMITED,233.80,235.01,221.10,223.01,224.00,232.85,,223.01,,,97668,22001855.27,2159,F1,1,,,,,
2026-09-28,2026-09-28,CM,NSE,STK,18391,INE976G01028,RBLBANK,EQ,,,,,RBL BANK LIMITED,412.00,413.85,404.30,407.00,407.00,415.05,,406.95,,,1955370,797638721.00,37800,F1,1,,,,,
2026-09-28,2026-09-28,CM,NSE,STK,13570,INE0NA301016,RBMINFRA,SM,,,,,RBM INFRACON LIMITED,262.85,282.00,252.00,258.60,252.00,262.85,,258.60,,,36600,9752430.00,132,F1,200,,,,,
2026-09-28,2026-09-28,CM,NSE,STK,20893,INE0PEQ01016,RBZJEWEL,BE,,,,,RBZ JEWELLERS LIMITED,189.91,189.91,187.51,189.91,189.91,180.87,,189.91,,,80764,15337858.84,385,F1,1,,,,,
2026-09-28,2026-09-28,CM,NSE,STK,764850,INE0AK901016,RRECL,EQ,,,,,RDB REAL ESTATE CONS L,111.20,132.00,111.20,119.32,115.14,123.40,,120.58,,,3262,383279.30,85,F1,1,,,,,
2026-09-28,2026-09-28,CM,NSE,STK,29561,INE10QL01011,READYMIX,SM,,,,,READYMIX CONSTRU MACHI L,64.20,65.85,63.00,65.40,65.40,63.00,,65.40,,,11000,705150.00,11,F1,1000,,,,,
2026-09-28,2026-09-28,CM,NSE,STK,15355,INE020B01018,RECLTD,EQ,,,,,REC LIMITED,310.10,311.60,303.25,303.25,303.25,312.95,,303.26,,,6245559,1914424025.70,53535,F1,1,,,,,
2026-09-28,2026-09-28,CM,NSE,STK,14255,INE891D01026,REDINGTON,EQ,,,,,REDINGTON LIMITED,407.00,409.75,399.10,404.85,406.00,407.25,,404.84,,,4235911,1710224887.30,68839,F1,1,,,,,
2026-09-28,2026-09-28,CM,NSE,STK,17859,INE0LXT01019,REDTAPE,EQ,,,,,REDTAPE LIMITED,121.00,121.05,117.01,119.97,120.00,121.05,,119.96,,,333312,39682241.39,6718,F1,1,,,,,
2026-09-28,2026-09-28,CM,NSE,STK,17764,INE056I01025,REFEX,EQ,,,,,REFEX INDUSTRIES LIMITED,287.90,287.90,274.10,275.80,275.00,285.80,,275.82,,,197660,55125315.15,4310,F1,1,,,,,
2026-09-28,2026-09-28,CM,NSE,STK,23718,INE0TNX01015,REFRACTORY,SM,,,,,REFRACTORY SHAPES LIMITED,39.75,39.75,37.00,38.90,38.95,37.90,,38.90,,,24000,932950.00,23,F1,1000,,,,,
2026-09-28,2026-09-28,CM,NSE,STK,758680,INE0MHO01029,REGAAL,EQ,,,,,REGAAL RESOURCES LIMITED,89.98,90.74,86.60,88.56,89.20,89.98,,88.57,,,330994,29262567.04,4411,F1,1,,,,,
2026-09-28,2026-09-28,CM,NSE,STK,4130,INE277C01012,REGENCERAM,EQ,,,,,REGENCY CERAMICS LTD.,33.39,33.73,31.00,32.64,31.65,33.39,,33.00,,,899,29796.08,66,F1,1,,,,,
2026-09-28,2026-09-28,CM,NSE,STK,24225,INE131B01039,RELAXO,EQ,,,,,RELAXO FOOT LTD.,299.00,299.00,290.00,290.75,291.60,297.00,,290.75,,,113003,33044337.95,6068,F1,1,,,,,
2026-09-28,2026-09-28,CM,NSE,STK,3172,INF204KC1030,GILT5YBEES,EQ,,,,,RELCAPAMC - NETFGILT5Y,67.29,67.29,65.56,65.70,65.70,65.97,,65.70,,,315900,20763992.49,578,F1,1,,,,,
2026-09-28,2026-09-28,CM,NSE,STK,24378,INE375Y01018,RELIABLE,EQ,,,,,RELIABLE DATA SERVICE LTD,148.50,149.74,142.15,144.24,144.95,147.70,,144.32,,,135820,19535240.52,557,F1,1,,,,,
2026-09-28,2026-09-28,CM,NSE,STK,9652,INE750D01016,RELCHEMQ,EQ,,,,,RELIANCE CHEMOTEX IND LTD,115.75,120.00,114.02,115.51,114.20,118.22,,115.61,,,2471,290842.27,121,F1,1,,,,,
2026-09-28,2026-09-28,CM,NSE,STK,13188,INE330H01018,RCOM,BE,,,,,RELIANCE COMMUNICATIONS L,0.94,0.94,0.89,0.89,0.89,0.93,,0.89,,,3367794,3020823.21,2572,F1,1,,,,,
2026-09-28,2026-09-28,CM,NSE,STK,759204,INE217K01011,RHFL,BZ,,,,,RELIANCE HOME FINANCE LTD,1.68,1.68,1.58,1.60,1.61,1.65,,1.61,,,1230814,1992867.37,1095,F1,1,,,,,
2026-09-28,2026-09-28,CM,NSE,STK,2912,INE046A01015,RIIL,EQ,,,,,RELIANCE INDUSTRIAL INFRA,704.00,704.00,680.00,685.60,683.60,694.55,,685.59,,,50453,34620704.00,2571,F1,1,,,,,
2026-09-28,2026-09-28,CM,NSE,STK,2885,INE002A01018,RELIANCE,EQ,,,,,RELIANCE INDUSTRIES LTD,1218.00,1219.70,1197.00,1197.60,1197.60,1226.00,,1197.62,,,13602349,16402561905.40,256154,F1,1,,,,,
2026-09-28,2026-09-28,CM,NSE,STK,4791,INE036A01016,RELINFRA,BE,,,,,RELIANCE INFRASTRUCTU LTD,44.30,44.30,44.30,44.30,44.30,45.20,,44.29,,,34209,1515458.70,368,F1,1,,,,,
2026-09-28,2026-09-28,CM,NSE,STK,15259,INE614G01033,RPOWER,EQ,,,,,RELIANCE POWER LTD.,20.50,20.56,19.80,19.96,19.98,20.57,,19.96,,,15330993,309067248.08,30213,F1,1,,,,,
2026-09-28,2026-09-28,CM,NSE,STK,765330,INF205KA1CB9,IVZBANKNF,EQ,,,,,RELIGARAMC - IVZBANKNF,55.17,55.17,54.35,54.37,54.37,55.50,,54.37,,,32366,1766426.39,47,F1,1,,,,,
2026-09-28,2026-09-28,CM,NSE,STK,765327,INF205KA1CA1,IVZSENSEX,EQ,,,,,RELIGARAMC - IVZSENSEX,73.37,73.38,72.65,73.01,72.65,73.80,,73.38,,,5114,373981.32,35,F1,1,,,,,
2026-09-28,2026-09-28,CM,NSE,STK,15068,INE621H01010,RELIGARE,EQ,,,,,RELIGARE ENTER. LTD.,242.00,242.00,233.05,234.32,235.90,242.27,,234.33,,,222631,52601629.83,5161,F1,1,,,,,
2026-09-28,2026-09-28,CM,NSE,STK,3965,INE474C01023,REMSONSIND,EQ,,,,,REMSONS INDUSTRIES LTD,122.29,130.00,116.00,120.39,118.63,116.80,,120.36,,,1550404,191005061.12,30108,F1,1,,,,,
2026-09-28,2026-09-28,CM,NSE,STK,16154,INE0O5T01011,REMUS,SM,,,,,REMUS PHARMACEUTICALS L,946.00,946.00,899.55,919.50,929.00,946.00,,919.50,,,4200,3840070.00,34,F1,100,,,,,
2026-09-28,2026-09-28,CM,NSE,STK,15129,INE722H01024,RGL,EQ,,,,,RENAISSANCE GLOBAL LTD,166.77,166.90,161.70,163.23,166.00,167.47,,163.23,,,337478,55466871.81,5958,F1,1,,,,,
2026-09-28,2026-09-28,CM,NSE,STK,766077,INE08T701025,RENTOMOJO,EQ,,,,,RENTOMOJO LIMITED,506.90,506.90,487.70,491.35,494.00,507.75,,491.42,,,1705723,846399411.65,66795,F1,1,,,,,
2026-09-28,2026-09-28,CM,NSE,STK,29598,INE612J01015,REPCOHOME,EQ,,,,,REPCO HOME FINANCE LTD,345.00,348.80,340.00,346.75,348.00,347.70,,346.73,,,82568,28393313.90,2607,F1,1,,,,,
2026-09-28,2026-09-28,CM,NSE,STK,13126,INE461B01014,REPRO,EQ,,,,,REPRO INDIA LIMITED,301.00,345.90,301.00,333.80,332.95,288.25,,333.75,,,416771,141043542.55,9909,F1,1,,,,,
2026-09-28,2026-09-28,CM,NSE,STK,20323,INE688D01026,RESPONIND,EQ,,,,,RESPONSIVE INDUSTRIES LTD,161.24,165.00,157.51,161.60,161.20,161.23,,161.61,,,712573,114933306.03,8584,F1,1,,,,,
2026-09-28,2026-09-28,CM,NSE,STK,1494,INE07T201019,RBA,EQ,,,,,RESTAURANT BRAND ASIA LTD,93.61,94.49,91.10,91.61,91.61,92.51,,91.61,,,2484463,229858771.71,25434,F1,1,,,,,
2026-09-28,2026-09-28,CM,NSE,STK,25157,INE0DAB01012,RVTH,EQ,,,,,REVATHI EQUIPMENT INDIA L,671.00,671.00,625.00,633.25,631.10,654.60,,633.25,,,1741,1113779.30,52,F1,1,,,,,
2026-09-28,2026-09-28,CM,NSE,STK,759062,INE0KKN01029,RHETAN,EQ,,,,,RHETAN TMT LIMITED,14.43,15.92,14.42,15.91,15.91,15.17,,15.91,,,66655760,1000144486.64,44572,F1,1,,,,,
2026-09-28,2026-09-28,CM,NSE,STK,31163,INE743M01012,RHIM,EQ,,,,,RHI MAGNESITA INDIA LTD,387.50,391.65,380.10,386.60,387.00,386.45,,386.60,,,431637,167214000.80,14104,F1,1,,,,,
2026-09-28,2026-09-28,CM,NSE,STK,8208,INE0J1P01015,RICHA,SM,,,,,RICHA INFO SYSTEMS LTD,78.00,78.00,78.00,78.00,78.00,78.00,,78.00,,,1000,78000.00,1,F1,1000,,,,,
2026-09-28,2026-09-28,CM,NSE,STK,2909,INE209B01025,RICOAUTO,EQ,,,,,RICO AUTO INDUSTRIES LTD,132.00,132.23,127.10,127.36,127.20,132.23,,127.36,,,579322,74630247.05,6964,F1,1,,,,,
2026-09-28,2026-09-28,CM,NSE,STK,764121,INE302D01024,RIR,EQ,,,,,RIR POWER ELECTRONICS L,188.03,188.94,183.01,186.21,186.01,188.01,,186.23,,,596771,110992880.30,9599,F1,1,,,,,
2026-09-28,2026-09-28,CM,NSE,STK,18417,INE0N2P01017,RISHABH,EQ,,,,,RISHABH INSTRUMENTS LTD,717.30,733.25,701.10,713.50,710.10,711.80,,713.51,,,110949,79873263.80,7724,F1,1,,,,,
2026-09-28,2026-09-28,CM,NSE,STK,8944,INE01EG01016,RITCO,EQ,,,,,RITCO LOGISTICS LIMITED,286.00,286.00,274.10,277.20,279.45,285.70,,277.20,,,62156,17363591.05,1640,F1,1,,,,,
2026-09-28,2026-09-28,CM,NSE,STK,3761,INE320J01015,RITES,EQ,,,,,RITES LIMITED,199.00,199.21,195.01,196.11,195.90,199.31,,196.11,,,286377,56262359.42,10105,F1,1,,,,,
2026-09-28,2026-09-28,CM,NSE,STK,1547,INE786W01010,RKEC,EQ,,,,,RKEC PROJECTS LIMITED,23.80,25.70,22.10,22.78,22.64,24.26,,22.78,,,140522,3289259.27,1117,F1,1,,,,,
2026-09-28,2026-09-28,CM,NSE,STK,762346,INE655V01019,RMC,EQ,,,,,RMC SWITCHGEARS LIMITED,219.79,219.79,208.00,208.96,210.85,219.89,,209.04,,,25844,5461715.38,2164,F1,1,,,,,
2026-09-28,2026-09-28,CM,NSE,STK,24589,INE0SA001017,RNFI,SM,,,,,RNFI SERVICES LIMITED,315.00,322.95,315.00,315.00,315.00,317.25,,315.00,,,6600,2101920.00,11,F1,600,,,,,
2026-09-28,2026-09-28,CM,NSE,STK,15157,INE508K01013,RHL,EQ,,,,,ROBUST HOTELS LIMITED,170.56,173.00,162.95,163.90,164.00,171.41,,163.90,,,29821,4924131.42,210,F1,1,,,,,
2026-09-28,2026-09-28,CM,NSE,STK,20289,INE0PTR01012,ROCKINGDCE,SM,,,,,ROCKINGDEALS CIRCU ECO L,214.10,214.10,210.00,212.65,210.00,222.50,,212.65,,,3000,639975.00,10,F1,250,,,,,
2026-09-28,2026-09-28,CM,NSE,STK,5279,INE645S01024,ROLEXRINGS,EQ,,,,,ROLEX RINGS LIMITED,197.87,198.45,190.51,193.45,193.75,195.35,,193.45,,,3173757,616104826.46,41907,F1,1,,,,,
2026-09-28,2026-09-28,CM,NSE,STK,19108,INE927A01040,ROLLT,BE,,,,,ROLLATAINERS LIMITED,5.51,5.52,5.51,5.51,5.51,5.79,,5.51,,,535604,2951183.04,281,F1,1,,,,,
2026-09-28,2026-09-28,CM,NSE,STK,19410,INE02A801020,ROSSARI,EQ,,,,,ROSSARI BIOTECH LIMITED,445.00,445.25,435.95,440.40,440.60,444.20,,440.41,,,33650,14793216.80,2973,F1,1,,,,,
2026-09-28,2026-09-28,CM,NSE,STK,28913,INE847C01020,ROSSELLIND,EQ,,,,,ROSSELL INDIA LIMITED,52.24,52.24,51.00,51.18,51.38,51.63,,51.18,,,13497,695280.60,401,F1,1,,,,,
2026-09-28,2026-09-28,CM,NSE,STK,27353,INE0OJW01016,ROSSTECH,EQ,,,,,ROSSELL TECHSYS LIMITED,1405.00,1410.80,1342.20,1398.80,1390.90,1402.70,,1398.86,,,151249,207720987.20,15324,F1,1,,,,,
2026-09-28,2026-09-28,CM,NSE,STK,9049,INE535D01037,ROTO,EQ,,,,,ROTO PUMPS LIMITED,62.52,64.50,62.12,62.55,62.59,62.80,,62.53,,,326135,20540084.64,2886,F1,1,,,,,
2026-09-28,2026-09-28,CM,NSE,STK,128,INE450U01017,ROUTE,EQ,,,,,ROUTE MOBILE LIMITED,463.00,464.40,452.00,453.45,453.90,463.00,,453.46,,,137363,62607293.50,6673,F1,1,,,,,
2026-09-28,2026-09-28,CM,NSE,STK,20167,INE0PDJ01013,ROXHITECH,SM,,,,,ROX HI TECH LIMITED,47.00,47.80,46.30,47.80,47.80,46.10,,47.80,,,20800,984160.00,11,F1,1600,,,,,
2026-09-28,2026-09-28,CM,NSE,STK,29727,INE0EO401019,ROYALARC,SM,,,,,ROYAL ARC ELECTRODES LTD,151.00,151.00,150.00,150.00,150.00,156.00,,150.00,,,2400,361200.00,2,F1,1200,,,,,
2026-09-28,2026-09-28,CM,NSE,STK,13182,INE283H01019,ROHLTD,EQ,,,,,ROYAL ORCHID HOTELS LTD,306.00,306.00,294.45,299.05,298.90,308.60,,299.06,,,24609,7338572.55,911,F1,1,,,,,
2026-09-28,2026-09-28,CM,NSE,STK,16725,INE105J01010,RPGLIFE,EQ,,,,,RPG LIFE SCIENCES LTD,3055.00,3087.90,2930.70,2955.10,2997.00,3050.60,,2955.05,,,46167,138348165.20,8564,F1,1,,,,,
2026-09-28,2026-09-28,CM,NSE,STK,8119,INE425Y01011,RPSGVENT,EQ,,,,,RPSG VENTURES LIMITED,848.00,858.95,833.00,842.05,840.00,837.30,,841.91,,,50604,42739503.50,3464,F1,1,,,,,
2026-09-28,2026-09-28,CM,NSE,STK,2794,INE611A01016,RSWM,EQ,,,,,RSWM LIMITED,216.15,217.94,208.50,211.35,212.40,218.34,,211.35,,,45351,9642502.55,1450,F1,1,,,,,
2026-09-28,2026-09-28,CM,NSE,STK,24730,INE642C01025,RUBFILA,EQ,,,,,RUBFILA INTERNATIONAL LTD,63.79,64.80,62.10,62.37,63.00,63.31,,62.36,,,37446,2355843.61,690,F1,1,,,,,
2026-09-28,2026-09-28,CM,NSE,STK,759316,INE506V01022,RUBICON,EQ,,,,,RUBICON RESEARCH LIMITED,1676.30,1685.90,1575.10,1592.80,1608.00,1676.30,,1592.46,,,215205,349891307.90,25604,F1,1,,,,,
2026-09-28,2026-09-28,CM,NSE,STK,4566,INE413B01023,RUCHINFRA,EQ,,,,,RUCHI INFRASTRUCTURE LTD,5.09,5.30,5.02,5.09,5.07,5.09,,5.09,,,62490,318410.21,188,F1,1,,,,,
2026-09-28,2026-09-28,CM,NSE,STK,13821,INE803H01014,RUCHIRA,EQ,,,,,RUCHIRA PAPERS LIMITED,104.96,108.50,102.45,106.92,107.00,104.96,,106.86,,,37463,3948752.00,768,F1,1,,,,,
2026-09-28,2026-09-28,CM,NSE,STK,760392,INE027T01023,RUDRA,EQ,,,,,RUDRA GLOBAL INFRA PROD L,19.45,19.79,18.52,18.55,18.56,19.45,,18.55,,,39079,737476.38,238,F1,1,,,,,
2026-09-28,2026-09-28,CM,NSE,STK,1480,INE364Z01019,REPL,EQ,,,,,RUDRABHISHEK ENTERP LTD,60.90,61.80,60.60,61.20,60.60,61.49,,61.20,,,895,54839.77,37,F1,1,,,,,
2026-09-28,2026-09-28,CM,NSE,STK,23830,INE0R7301013,RULKA,SM,,,,,RULKA ELECTRICALS LIMITED,104.70,108.70,104.35,107.30,107.30,102.60,,107.30,,,27600,2966340.00,29,F1,300,,,,,
2026-09-28,2026-09-28,CM,NSE,STK,25724,INE895B01021,RUPA,EQ,,,,,RUPA & COMPANY LTD,135.60,135.60,132.00,132.75,132.60,136.07,,132.75,,,109412,14555383.18,3885,F1,1,,,,,
2026-09-28,2026-09-28,CM,NSE,STK,24595,INE573K01025,RUSHIL,EQ,,,,,RUSHIL DECOR LIMITED,16.00,16.48,15.90,15.96,15.90,16.10,,15.96,,,182263,2916826.84,434,F1,1,,,,,
2026-09-28,2026-09-28,CM,NSE,STK,24674,INE0BSN01013,SATECH,SM,,,,,S A TECH SOFTWARE INDIA L,35.90,37.60,35.90,37.60,37.60,35.95,,37.60,,,8000,296900.00,7,F1,1000,,,,,
2026-09-28,2026-09-28,CM,NSE,STK,20698,INE807K01035,SCHAND,EQ,,,,,S CHAND AND COMPANY LTD,147.90,150.00,141.11,144.65,144.95,145.18,,144.65,,,45043,6542267.08,2079,F1,1,,,,,
2026-09-28,2026-09-28,CM,NSE,STK,11212,INE500L01026,SHK,EQ,,,,,S H KELKAR AND CO. LTD.,143.32,143.32,136.42,137.78,138.50,142.36,,137.78,,,147035,20431313.80,3224,F1,1,,,,,
2026-09-28,2026-09-28,CM,NSE,STK,20542,INE0F3301020,SJLOGISTIC,SM,,,,,S J LOGISTICS (INDIA) LTD,322.00,322.00,314.20,317.00,319.70,316.05,,317.00,,,23500,7470500.00,72,F1,250,,,,,
2026-09-28,2026-09-28,CM,NSE,STK,764940,INE159L01013,SVGLOBAL,EQ,,,,,S V GLOBAL MILL LTD.,153.30,159.80,140.06,144.06,142.00,145.79,,144.07,,,2213,327904.29,90,F1,1,,,,,
2026-09-28,2026-09-28,CM,NSE,STK,2951,INE902B01017,S&SPOWER,EQ,,,,,S&S POWER SWITCHGEARS LTD,308.00,316.00,300.60,311.10,305.00,307.90,,311.79,,,4286,1324110.80,123,F1,1,,,,,
2026-09-28,2026-09-28,CM,NSE,STK,18252,INE212I01016,SPAL,EQ,,,,,S. P. APPARELS LIMITED,971.10,971.10,944.10,948.50,951.70,965.60,,948.44,,,13590,12989814.10,1457,F1,1,,,,,
2026-09-28,2026-09-28,CM,NSE,STK,11634,INE658G01014,SALSTEEL,EQ,,,,,S.A.L. STEEL LTD.,96.00,96.90,90.25,93.03,94.90,93.60,,93.04,,,1006262,93807660.00,8184,F1,1,,,,,
2026-09-28,2026-09-28,CM,NSE,STK,19112,INE0PSK01027,SAAKSHI,ST,,,,,SAAKSHI MEDTEC N PANELS L,358.40,360.00,358.40,360.00,360.00,365.70,,360.00,,,10200,3657630.00,11,F1,600,,,,,
2026-09-28,2026-09-28,CM,NSE,STK,759057,INE13B501022,SAATVIKGL,EQ,,,,,SAATVIK GREEN ENERGY LTD,424.05,430.00,417.65,422.40,420.90,427.45,,422.40,,,87172,36836272.85,2779,F1,1,,,,,
2026-09-28,2026-09-28,CM,NSE,STK,757409,INE1ARD01016,SACHEEROME,SM,,,,,SACHEEROME LIMITED,475.00,475.00,444.00,449.05,450.00,480.10,,449.05,,,61200,27853275.00,185,F1,300,,,,,
2026-09-28,2026-09-28,CM,NSE,STK,13236,INE226H01026,SADBHAV,EQ,,,,,SADBHAV ENGINEERING LTD,7.46,7.54,7.15,7.19,7.18,7.46,,7.19,,,251664,1835459.00,472,F1,1,,,,,
2026-09-28,2026-09-28,CM,NSE,STK,10618,INE764L01010,SADBHIN,EQ,,,,,SADBHAV INFRA PROJ LTD.,2.70,2.70,2.54,2.57,2.60,2.65,,2.57,,,108546,279483.08,223,F1,1,,,,,
2026-09-28,2026-09-28,CM,NSE,STK,15349,INE888C01040,SADHNANIQ,BE,,,,,SADHANA NITROCHEM LIMITED,2.75,2.85,2.68,2.68,2.68,2.82,,2.67,,,1894800,5113717.94,962,F1,1,,,,,
2026-09-28,2026-09-28,CM,NSE,STK,22897,INE0K5H01010,SADHAV,SM,,,,,SADHAV SHIPPING LIMITED,103.00,110.00,103.00,110.00,110.00,104.00,,110.00,,,13200,1439190.00,22,F1,600,,,,,
2026-09-28,2026-09-28,CM,NSE,STK,13035,INE429E01023,SAFARI,EQ,,,,,SAFARI IND (INDIA) LTD,1464.00,1474.80,1436.00,1453.20,1464.00,1464.20,,1453.06,,,23256,33706032.40,4516,F1,1,,,,,
2026-09-28,2026-09-28,CM,NSE,STK,757583,INE17D601016,SAFEENTP,SM,,,,,SAFE ENTER RETAIL FIX LTD,252.00,252.00,244.00,249.55,251.90,250.20,,249.55,,,24500,6073725.00,46,F1,500,,,,,
2026-09-28,2026-09-28,CM,NSE,STK,14068,INE229C01021,SAGCEM,EQ,,,,,SAGAR CEMENTS LIMITED,151.65,152.92,148.01,149.64,150.50,152.64,,149.64,,,38616,5799441.42,738,F1,1,,,,,
2026-09-28,2026-09-28,CM,NSE,STK,8175,INE976T01013,SAGARDEEP,EQ,,,,,SAGARDEEP ALLOYS LIMITED,23.65,23.95,23.02,23.29,23.10,23.19,,23.29,,,8880,206387.79,87,F1,1,,,,,
2026-09-28,2026-09-28,CM,NSE,STK,27052,INE0W2G01015,SAGILITY,EQ,,,,,SAGILITY LIMITED,45.00,45.00,43.32,43.45,43.45,44.69,,43.44,,,8041928,351516189.85,22011,F1,1,,,,,
2026-09-28,2026-09-28,CM,NSE,STK,24478,INE0P4701011,SAHAJSOLAR,SM,,,,,SAHAJ SOLAR LIMITED,87.50,90.50,87.10,89.80,89.80,90.00,,89.80,,,12000,1070720.00,28,F1,400,,,,,
2026-09-28,2026-09-28,CM,NSE,STK,16711,INE0LEX01011,SAHANA,SM,,,,,SAHANA SYSTEM LIMITED,869.95,869.95,806.00,817.45,815.00,861.30,,817.45,,,27600,23082127.50,102,F1,150,,,,,
2026-09-28,2026-09-28,CM,NSE,STK,25668,INE0RBQ01018,SAHASRA,SM,,,,,SAHASRA ELECTRONIC SOLU L,445.00,450.25,437.00,450.25,450.25,428.85,,450.25,,,212000,95153600.00,298,F1,400,,,,,
2026-09-28,2026-09-28,CM,NSE,STK,14900,INE280H01015,SAHYADRI,EQ,,,,,SAHYADRI INDUSTRIES LTD,355.05,364.15,350.00,351.30,354.90,362.60,,351.49,,,5276,1871453.10,360,F1,1,,,,,
2026-09-28,2026-09-28,CM,NSE,STK,764865,INE531X01018,SAICAPI,EQ,,,,,SAI CAPITAL LTD.,156.95,156.95,136.00,155.85,155.85,156.99,,142.65,,,6,890.30,6,F1,1,,,,,
2026-09-28,2026-09-28,CM,NSE,STK,27839,INE570L01029,SAILIFE,EQ,,,,,SAI LIFE SCIENCES LIMITED,1600.20,1611.10,1564.10,1582.80,1581.70,1592.20,,1582.57,,,273968,434190657.50,25883,F1,1,,,,,
2026-09-28,2026-09-28,CM,NSE,STK,761675,INE0H9F01037,SAIPARENT,EQ,,,,,SAI PARENTERALS LIMITED,507.60,518.00,492.10,509.95,509.05,503.95,,509.94,,,95528,48288383.85,5536,F1,1,,,,,
2026-09-28,2026-09-28,CM,NSE,STK,18755,INE438K01021,KALAMANDIR,EQ,,,,,SAI SILKS (KALAMANDIR) L,76.20,79.64,76.20,78.14,78.52,77.19,,78.14,,,691738,54112414.90,7632,F1,1,,,,,
2026-09-28,2026-09-28,CM,NSE,STK,764880,INE068B01017,SEKURITIND,EQ,,,,,SAINT GOBAIN SEKUR IND L,111.93,111.93,106.25,108.12,108.98,111.93,,108.22,,,24682,2702996.01,703,F1,1,,,,,
2026-09-28,2026-09-28,CM,NSE,STK,25715,INE00MT01022,SAJHOTELS,ST,,,,,SAJ HOTELS LIMITED,31.50,31.50,31.10,31.10,31.10,32.70,,31.10,,,10000,312300.00,5,F1,2000,,,,,
2026-09-28,2026-09-28,CM,NSE,STK,9539,INE732S01012,SAKAR,EQ,,,,,SAKAR HEALTHCARE LIMITED,1136.00,1146.00,1075.00,1089.65,1098.00,1135.85,,1089.65,,,99939,110185385.10,7654,F1,1,,,,,
2026-09-28,2026-09-28,CM,NSE,STK,11794,INE667G01023,SAKSOFT,EQ,,,,,SAKSOFT LIMITED,142.47,144.00,141.00,141.81,141.28,141.52,,141.80,,,166026,23636967.00,4038,F1,1,,,,,
2026-09-28,2026-09-28,CM,NSE,STK,2969,INE623A01011,SAKHTISUG,EQ,,,,,SAKTHI SUGARS LTD,19.00,19.75,18.32,18.42,18.50,19.00,,18.42,,,253816,4789171.69,1266,F1,1,,,,,
2026-09-28,2026-09-28,CM,NSE,STK,13251,INE190H01024,SAKUMA,EQ,,,,,SAKUMA EXPORTS LIMITED,1.67,1.67,1.59,1.61,1.63,1.67,,1.61,,,863913,1399576.43,979,F1,1,,,,,
2026-09-28,2026-09-28,CM,NSE,STK,21362,INE170V01027,SALASAR,EQ,,,,,SALASAR TECHNO ENGG. LTD.,4.70,4.76,4.45,4.51,4.53,4.70,,4.51,,,6415030,29363156.23,6265,F1,1,,,,,
2026-09-28,2026-09-28,CM,NSE,STK,17351,INE498E01010,SALONA,EQ,,,,,SALONA COTSPIN LTD.,286.90,286.90,265.85,272.95,272.95,274.75,,272.95,,,260,71098.50,18,F1,1,,,,,
2026-09-28,2026-09-28,CM,NSE,STK,11399,INE457F01013,SALZERELEC,EQ,,,,,SALZER ELECTRONICS LTD,536.05,539.10,527.55,535.55,536.00,541.25,,535.56,,,26255,14015781.85,1842,F1,1,,,,,
2026-09-28,2026-09-28,CM,NSE,STK,764870,INE304D01012,SAMBANDAM,EQ,,,,,SAMBANDAM SPINNING MILL L,110.00,110.00,106.24,106.24,106.24,111.83,,105.40,,,696,75418.96,107,F1,1,,,,,
2026-09-28,2026-09-28,CM,NSE,STK,4127,INE699B01027,SAMBHAAV,EQ,,,,,SAMBHAAV MEDIA LTD,5.63,6.09,5.63,5.80,5.98,5.92,,5.80,,,12526,73917.32,177,F1,1,,,,,
2026-09-28,2026-09-28,CM,NSE,STK,757767,INE12NJ01018,SAMBHV,EQ,,,,,SAMBHV STEEL TUBES LTD,159.97,162.15,153.00,154.00,153.80,159.12,,154.00,,,3011715,467144535.74,34534,F1,1,,,,,
2026-09-28,2026-09-28,CM,NSE,STK,21096,INE0PZA01015,SAIFL,SM,,,,,SAMEERA AGRO AND INFRA L,4.30,4.30,4.15,4.15,4.15,4.25,,4.15,,,164000,689000.00,36,F1,4000,,,,,
2026-09-28,2026-09-28,CM,NSE,STK,18614,INE08U801020,SAMHI,EQ,,,,,SAMHI HOTELS LIMITED,154.05,155.98,149.70,150.16,150.99,159.19,,150.16,,,1467903,223405325.41,17978,F1,1,,,,,
2026-09-28,2026-09-28,CM,NSE,STK,30125,INE148I01020,SAMMAANCAP,EQ,,,,,SAMMAAN CAPITAL LIMITED,140.61,141.00,138.48,138.82,138.80,140.61,,138.82,,,2900128,403435616.06,18616,F1,1,,,,,
2026-09-28,2026-09-28,CM,NSE,STK,27303,INE735M01018,SAMPANN,EQ,,,,,SAMPANN UTPADAN INDIA LTD,24.61,25.30,24.00,24.29,24.29,24.56,,24.29,,,12206,297859.54,134,F1,1,,,,,
2026-09-28,2026-09-28,CM,NSE,STK,4204,INE775A01035,MOTHERSON,EQ,,,,,SAMVRDHNA MTHRSN INTL LTD,165.00,165.49,161.30,162.37,162.37,165.71,,162.38,,,9738841,1586078200.82,63537,F1,1,,,,,
2026-09-28,2026-09-28,CM,NSE,STK,28805,INE0JPD01013,SANATHAN,EQ,,,,,SANATHAN TEXTILES LIMITED,526.00,530.35,515.00,517.55,520.00,523.20,,517.51,,,74280,38907176.50,4685,F1,1,,,,,
2026-09-28,2026-09-28,CM,NSE,STK,2988,INE583B01015,SANDESH,EQ,,,,,SANDESH LTD,1034.40,1034.40,1009.00,1027.90,1030.20,1034.40,,1027.90,,,563,575024.80,54,F1,1,,,,,
2026-09-28,2026-09-28,CM,NSE,STK,2397,INE278H01035,SANDHAR,EQ,,,,,SANDHAR TECHNOLOGIES LTD,570.10,585.70,568.30,576.55,572.20,574.00,,576.60,,,117486,67980025.00,10307,F1,1,,,,,
2026-09-28,2026-09-28,CM,NSE,STK,18359,INE149K01016,SANDUMA,EQ,,,,,SANDUR MANG & IRON ORES L,186.09,186.40,180.50,181.51,182.25,184.79,,181.52,,,530234,97144713.82,10038,F1,1,,,,,
2026-09-28,2026-09-28,CM,NSE,STK,4184,INE495C01010,SANGAMIND,EQ,,,,,SANGAM (INDIA) LTD,622.00,634.00,609.05,629.30,633.90,619.90,,629.20,,,89480,55854006.15,4704,F1,1,,,,,
2026-09-28,2026-09-28,CM,NSE,STK,14058,INE989A01032,SANGHVIMOV,EQ,,,,,SANGHVI MOVERS LTD,458.90,460.05,442.45,444.30,446.65,456.00,,444.31,,,182956,82573623.65,7982,F1,1,,,,,
2026-09-28,2026-09-28,CM,NSE,STK,25222,INE0UOS01011,SANOFICONR,EQ,,,,,SANOFI CONS HEALTHC IND L,3964.70,3997.50,3834.90,3976.20,3995.00,3945.30,,3976.53,,,8695,34072963.20,2007,F1,1,,,,,
2026-09-28,2026-09-28,CM,NSE,STK,1442,INE058A01010,SANOFI,EQ,,,,,SANOFI INDIA LIMITED,3143.40,3149.90,3075.00,3103.50,3082.60,3140.20,,3103.48,,,15027,46656619.90,3554,F1,1,,,,,
2026-09-28,2026-09-28,CM,NSE,STK,5751,INE953O01021,SANSERA,EQ,,,,,SANSERA ENGINEERING LTD,4660.70,4662.10,4436.00,4457.20,4445.00,4662.40,,4456.86,,,272710,1233874576.90,48102,F1,1,,,,,
2026-09-28,2026-09-28,CM,NSE,STK,24582,INE08NE01025,SANSTAR,EQ,,,,,SANSTAR LIMITED,108.74,110.00,106.12,106.90,106.90,108.42,,106.90,,,176706,19116044.39,2590,F1,1,,,,,
2026-09-28,2026-09-28,CM,NSE,STK,46,INE890C01046,SANWARIA,BZ,,,,,SANWARIA CONSUMER LIMITED,0.20,0.20,0.19,0.19,0.19,0.19,,0.34,,,589914,114044.13,141,F1,1,,,,,
2026-09-28,2026-09-28,CM,NSE,STK,6718,INE806T01020,SAPPHIRE,EQ,,,,,SAPPHIRE FOODS INDIA LTD,223.00,223.00,214.61,216.68,216.70,223.61,,216.69,,,398448,86589165.80,9882,F1,1,,,,,
2026-09-28,2026-09-28,CM,NSE,STK,19863,INE0PUC01020,SARTELE,SM,,,,,SAR TELEVENTURE LIMITED,92.00,92.00,83.80,84.80,84.50,91.65,,84.80,,,100000,8622675.00,150,F1,500,,,,,
2026-09-28,2026-09-28,CM,NSE,STK,762985,INE967G01019,ZSARACOM,EQ,,,,,SARASWATI COMM (INDIA) L,10307.00,10307.00,9820.00,10008.00,10045.00,10307.00,,9996.41,,,30,300426.00,23,F1,1,,,,,
2026-09-28,2026-09-28,CM,NSE,STK,24856,INE0PQ101010,SSDL,EQ,,,,,SARASWATI SAREE DEPOT LTD,77.50,86.00,76.00,81.52,82.00,73.31,,81.55,,,1315517,108631087.13,15263,F1,1,,,,,
2026-09-28,2026-09-28,CM,NSE,STK,17758,INE385C01021,SARDAEN,EQ,,,,,SARDA ENERGY & MIN LTD,494.05,504.20,485.10,501.30,501.00,493.15,,501.30,,,558287,277870956.50,20490,F1,1,,,,,
2026-09-28,2026-09-28,CM,NSE,STK,4892,INE979A01025,SAREGAMA,EQ,,,,,SAREGAMA INDIA LIMITED,496.85,496.90,487.05,489.60,491.00,496.90,,489.60,,,136802,67226074.90,5849,F1,1,,,,,
2026-09-28,2026-09-28,CM,NSE,STK,14043,INE453D01025,SARLAPOLY,EQ,,,,,SARLA PERF. FIBERS LTD,100.85,100.85,97.11,97.70,97.50,100.29,,97.71,,,33426,3310547.30,1080,F1,1,,,,,
2026-09-28,2026-09-28,CM,NSE,STK,6843,INE017W01010,SMLT,EQ,,,,,SARTHAK METALS LIMITED,63.00,63.00,57.80,58.81,58.36,59.35,,58.81,,,6485,387176.92,200,F1,1,,,,,
2026-09-28,2026-09-28,CM,NSE,STK,12913,INE324X01026,SARVESHWAR,EQ,,,,,SARVESHWAR FOODS LIMITED,3.59,3.63,3.46,3.49,3.57,3.53,,3.49,,,1786986,6291169.89,2922,F1,1,,,,,
2026-09-28,2026-09-28,CM,NSE,STK,11983,INE231F01020,SASKEN,EQ,,,,,SASKEN TECHNOLOGIES LTD,1700.00,1711.10,1650.20,1658.20,1666.00,1691.10,,1658.27,,,17178,28670984.10,2776,F1,1,,,,,
2026-09-28,2026-09-28,CM,NSE,STK,29151,INE0NB801022,SATKARTAR,SM,,,,,SAT KARTAR LIFE LIMITED,189.30,189.30,175.25,181.90,185.95,187.70,,181.90,,,38400,7044520.00,48,F1,800,,,,,
2026-09-28,2026-09-28,CM,NSE,STK,24697,INE0RFP01011,SSEGL,SM,,,,,SATHLOKHAR SYN E&C GLOB L,406.00,406.00,377.00,380.05,377.00,396.30,,380.05,,,25000,9726580.00,115,F1,200,,,,,
2026-09-28,2026-09-28,CM,NSE,STK,24504,INE0RPM01017,SATIPOLY,SM,,,,,SATI POLY PLAST LIMITED,33.00,34.25,32.90,33.00,33.00,33.00,,33.00,,,8000,264725.00,11,F1,500,,,,,
2026-09-28,2026-09-28,CM,NSE,STK,11045,INE170E01023,SATIA,EQ,,,,,SATIA INDUSTRIES LIMITED,66.50,68.99,66.13,68.10,68.00,67.00,,68.08,,,191667,12955539.87,2342,F1,1,,,,,
2026-09-28,2026-09-28,CM,NSE,STK,10453,INE836B01017,SATIN,EQ,,,,,SATIN CREDIT NET LTD,237.91,239.39,229.01,234.40,236.44,236.65,,234.39,,,331802,77340774.84,5354,F1,1,,,,,
2026-09-28,2026-09-28,CM,NSE,STK,758960,INE14DW01018,SATTVAENGG,SM,,,,,SATTVA ENGINEERING CSTN L,60.85,60.85,56.00,56.10,56.10,58.85,,56.10,,,32000,1860240.00,19,F1,1600,,,,,
2026-09-28,2026-09-28,CM,NSE,STK,3018,INE626A01014,SAURASHCEM,EQ,,,,,SAURASHTRA CEMENT LIMITED,56.25,56.25,53.15,53.35,53.90,55.72,,53.35,,,135998,7456311.92,1772,F1,1,,,,,
2026-09-28,2026-09-28,CM,NSE,STK,3021,INE035D01020,SOTL,EQ,,,,,SAVITA OIL TECHNOLO. LTD,710.20,713.10,690.05,699.30,700.00,713.20,,699.23,,,185315,129270036.30,8353,F1,1,,,,,
2026-09-28,2026-09-28,CM,NSE,STK,757704,INE0UCN01017,SAVY,SM,,,,,SAVY INFRA AND LOGI LTD,139.35,139.35,139.35,139.35,139.35,135.10,,139.35,,,1200,167220.00,1,F1,1200,,,,,
2026-09-28,2026-09-28,CM,NSE,STK,758444,INE10VS01016,SAWALIYA,SM,,,,,SAWALIYA FOOD PRODUCTS L,158.55,164.95,158.55,162.45,164.95,156.00,,162.45,,,3600,576930.00,6,F1,600,,,,,
2026-09-28,2026-09-28,CM,NSE,STK,762879,INE318C01014,SAYAJIHOTL,EQ,,,,,SAYAJI HOTELS LTD.,324.00,325.95,324.00,325.95,325.95,327.00,,325.95,,,50,16293.60,2,F1,1,,,,,
2026-09-28,2026-09-28,CM,NSE,STK,764875,INE327G01032,SAYAJIIND,EQ,,,,,SAYAJI INDUSTRIES LTD.,125.95,125.95,114.21,116.09,114.23,120.00,,116.09,,,1116,133561.10,30,F1,1,,,,,
2026-09-28,2026-09-28,CM,NSE,STK,6792,INE04AK01028,SBC,EQ,,,,,SBC EXPORTS LIMITED,53.50,56.90,53.06,53.54,53.55,53.02,,53.54,,,22177245,1215338549.97,45414,F1,1,,,,,
2026-09-28,2026-09-28,CM,NSE,STK,18026,INE423Y01016,SBFC,EQ,,,,,SBFC FINANCE LIMITED,89.00,89.30,86.40,86.82,86.98,88.86,,86.83,,,944832,82264250.93,16036,F1,1,,,,,
2026-09-28,2026-09-28,CM,NSE,STK,17971,INE018E01016,SBICARD,EQ,,,,,SBI CARDS & PAY SER LTD,608.55,610.00,590.50,591.00,591.00,611.20,,591.00,,,1388562,826637684.70,29405,F1,1,,,,,
2026-09-28,2026-09-28,CM,NSE,STK,764173,INE640G01020,SBIFUNDS,EQ,,,,,SBI FUNDS MANAGEMENT LTD,531.00,531.15,521.05,522.90,521.85,531.15,,522.89,,,837580,439140460.40,42280,F1,1,,,,,
2026-09-28,2026-09-28,CM,NSE,STK,21808,INE123W01016,SBILIFE,EQ,,,,,SBI LIFE INSURANCE CO LTD,1742.00,1752.80,1725.00,1728.10,1728.10,1742.00,,1728.10,,,1337514,2325354194.90,45445,F1,1,,,,,
2026-09-28,2026-09-28,CM,NSE,STK,17272,INF200KA16D8,SETFGOLD,EQ,,,,,SBI-ETF GOLD,126.70,126.70,124.50,124.97,125.05,128.43,,124.97,,,8184425,1023996479.83,25205,F1,1,,,,,
2026-09-28,2026-09-28,CM,NSE,STK,10176,INF200KA1FS1,SETFNIF50,EQ,,,,,SBI-ETF NIFTY 50,247.36,249.90,245.60,246.07,246.30,249.47,,246.07,,,1361731,335757024.10,12005,F1,1,,,,,
2026-09-28,2026-09-28,CM,NSE,STK,7361,INF200KA1580,SETFNIFBK,EQ,,,,,SBI-ETF NIFTY BANK,557.01,570.00,557.01,560.87,560.30,571.30,,560.87,,,49596,27901374.73,2141,F1,1,,,,,
2026-09-28,2026-09-28,CM,NSE,STK,7353,INF200KA1598,SETFNN50,EQ,,,,,SBI-ETF NIFTY NEXT 50,773.61,773.61,755.40,756.63,757.59,770.95,,756.63,,,66705,50620830.96,4590,F1,1,,,,,
2026-09-28,2026-09-28,CM,NSE,STK,19705,INF200KA13Z8,LIQUIDSBI,EQ,,,,,SBIAMC - LIQUIDSBI,1000.01,1000.01,999.99,999.99,999.99,1000.00,,999.99,,,1860,1860001.72,25,F1,1,,,,,
2026-09-28,2026-09-28,CM,NSE,STK,30290,INF200KB1712,SBIBPB,EQ,,,,,SBIAMC - SBIBPB,48.09,48.42,46.61,46.83,46.86,48.09,,46.83,,,75400,3552687.67,856,F1,1,,,,,
2026-09-28,2026-09-28,CM,NSE,STK,5168,INF200KA1X17,SBIETFCON,EQ,,,,,SBIAMC - SBIETFCON,118.97,118.98,116.29,116.37,118.97,117.65,,116.37,,,7622,888842.74,145,F1,1,,,,,
2026-09-28,2026-09-28,CM,NSE,STK,740,INF200KA1S14,SBIETFIT,EQ,,,,,SBIAMC - SBIETFIT,314.99,314.99,309.02,311.71,313.41,312.14,,311.71,,,6707,2090061.99,280,F1,1,,,,,
2026-09-28,2026-09-28,CM,NSE,STK,722,INF200KA1S22,SBIETFPB,EQ,,,,,SBIAMC - SBIETFPB,273.23,273.23,269.90,271.40,271.56,274.29,,271.40,,,6541,1771294.78,156,F1,1,,,,,
2026-09-28,2026-09-28,CM,NSE,STK,7218,INF200KA1WX6,SBIETFQLTY,EQ,,,,,SBIAMC - SBIETFQLTY,206.88,211.37,206.88,210.55,211.22,212.19,,210.55,,,27789,5860849.36,92,F1,1,,,,,
2026-09-28,2026-09-28,CM,NSE,STK,758496,INF200KB1969,SBILIQETF,EQ,,,,,SBIAMC - SBILIQETF,1057.73,1057.75,1057.73,1057.74,1057.75,1057.62,,1057.74,,,9850,10418776.50,53,F1,1,,,,,
2026-09-28,2026-09-28,CM,NSE,STK,761095,INF200KB1AJ0,SBIMIDMOM,EQ,,,,,SBIAMC - SBIMIDMOM,62.97,62.97,61.12,61.14,61.53,62.41,,61.15,,,27914,1711567.65,267,F1,1,,,,,
2026-09-28,2026-09-28,CM,NSE,STK,24524,INF200KB1282,SBINEQWETF,EQ,,,,,SBIAMC - SBINEQWETF,32.00,32.48,31.70,31.77,31.90,32.15,,31.77,,,66228,2109527.65,416,F1,1,,,,,
2026-09-28,2026-09-28,CM,NSE,STK,761741,INF200KB1AK8,SBINMID150,EQ,,,,,SBIAMC - SBINMID150,22.83,22.83,22.10,22.21,22.23,22.61,,22.21,,,419586,9302302.11,314,F1,1,,,,,
2026-09-28,2026-09-28,CM,NSE,STK,24366,INF200KB1217,SBISILVER,EQ,,,,,SBIAMC - SBISILVER,220.97,220.97,214.96,216.00,216.46,224.28,,216.00,,,2221848,481193714.37,13220,F1,1,,,,,
2026-09-28,2026-09-28,CM,NSE,STK,763543,INF200KB1AY9,SBISMLETF,EQ,,,,,SBIAMC - SBISMLETF,18.61,18.61,17.83,17.99,17.99,18.16,,17.99,,,43919,789603.30,354,F1,1,,,,,
2026-09-28,2026-09-28,CM,NSE,STK,763546,INF200KB1AX1,SBIVALETF,EQ,,,,,SBIAMC - SBIVALETF,14.61,14.61,14.11,14.14,14.17,14.37,,14.14,,,17531,249136.41,86,F1,1,,,,,
2026-09-28,2026-09-28,CM,NSE,STK,17395,INF200KA1JT1,SETF10GILT,EQ,,,,,SBIAMC - SETF10GILT,262.51,262.51,260.37,260.71,260.37,262.51,,260.71,,,10233,2673952.28,55,F1,1,,,,,
2026-09-28,2026-09-28,CM,NSE,STK,762887,INE099G01011,SCANSTL,BE,,,,,SCAN STEELS LTD.,53.75,53.75,50.36,50.36,50.36,53.01,,50.08,,,26390,1342838.87,110,F1,1,,,,,
2026-09-28,2026-09-28,CM,NSE,STK,1011,INE513A01022,SCHAEFFLER,EQ,,,,,SCHAEFFLER INDIA LIMITED,4002.00,4009.90,3941.00,3955.50,3960.00,4007.70,,3955.46,,,22236,88416474.40,6688,F1,1,,,,,
2026-09-28,2026-09-28,CM,NSE,STK,31234,INE839M01018,SCHNEIDER,EQ,,,,,SCHNEIDER ELECTRIC INFRA,1209.50,1209.50,1180.90,1188.20,1193.30,1209.50,,1188.18,,,136099,162052097.90,14824,F1,1,,,,,
2026-09-28,2026-09-28,CM,NSE,STK,757462,INE148I07XX3,SCL01825,N6,,,,,SCL 0% 2027 SR III,1090.00,1090.00,1090.00,1090.00,1090.00,1094.09,,1090.00,,,208,226720.00,2,F1,1,,,,,
2026-09-28,2026-09-28,CM,NSE,STK,30238,INE148I07WU1,902SCL28,N1,,,,,SCL 9.02% SR V,1010.00,1010.00,999.00,999.00,999.00,1010.00,,999.00,,,751,755058.00,11,F1,1,,,,,
2026-09-28,2026-09-28,CM,NSE,STK,28901,INE148I07VL2,925SCL26W,N1,,,,,SCL 9.25% 2026 SR II,1027.69,1030.00,1027.69,1030.00,1030.00,1027.69,,1030.00,,,82,84452.88,3,F1,1,,,,,
2026-09-28,2026-09-28,CM,NSE,STK,28898,INE148I07VW9,965SCL26Y,N1,,,,,SCL 9.65% 2026 SR I,1076.80,1076.80,1076.80,1076.80,1076.80,1057.21,,1076.80,,,2,2153.60,1,F1,1,,,,,
2026-09-28,2026-09-28,CM,NSE,STK,757478,INE090501011,SCODATUBES,EQ,,,,,SCODA TUBES LIMITED,137.60,137.60,129.03,130.53,131.90,136.61,,130.52,,,414826,54465095.01,4859,F1,1,,,,,
2026-09-28,2026-09-28,CM,NSE,STK,5004,IN1020210176,715AP37,SG,,,,,SDL AP 7.15% 2037,95.26,95.26,95.26,95.26,95.26,100.00,,95.26,,,100,9526.00,1,F1,100,,,,,
2026-09-28,2026-09-28,CM,NSE,STK,25351,IN3520240018,70CG29,SG,,,,,SDL CG 7.0% 2029,96.79,96.79,96.79,96.79,96.79,96.70,,96.79,,,100,9679.00,1,F1,100,,,,,
2026-09-28,2026-09-28,CM,NSE,STK,13124,IN1420220098,755GA32,SG,,,,,SDL GA 7.55% 2032,98.67,98.67,98.67,98.67,98.67,99.00,,98.67,,,100,9867.00,1,F1,100,,,,,
2026-09-28,2026-09-28,CM,NSE,STK,760905,IN1520250284,702GJ31,SG,,,,,SDL GJ 7.02% 2031,96.32,97.00,96.32,97.00,97.00,93.66,,97.00,,,200,19332.00,2,F1,100,,,,,
2026-09-28,2026-09-28,CM,NSE,STK,24096,IN1520240012,723GJ27,SG,,,,,SDL GJ 7.23% 2027,101.12,101.12,101.12,101.12,101.12,101.12,,101.12,,,500,50560.00,1,F1,100,,,,,
2026-09-28,2026-09-28,CM,NSE,STK,755742,IN1720260034,777HP49,SG,,,,,SDL HP 7.77% 2049,98.00,98.00,98.00,98.00,98.00,98.90,,98.00,,,100,9800.00,1,F1,100,,,,,
2026-09-28,2026-09-28,CM,NSE,STK,25470,IN1920240018,695KA28,SG,,,,,SDL KA 6.95% 2028,97.57,97.57,97.57,97.57,97.57,95.80,,97.57,,,100,9757.00,1,F1,100,,,,,
2026-09-28,2026-09-28,CM,NSE,STK,758192,IN2020250113,724KL41,SG,,,,,SDL KL 7.24% 2041,91.00,91.00,91.00,91.00,91.00,91.00,,91.00,,,100,9100.00,1,F1,100,,,,,
2026-09-28,2026-09-28,CM,NSE,STK,3304,IN2320210015,678MN31,SG,,,,,SDL MN 6.78% 2031,98.37,98.37,98.37,98.37,98.37,98.14,,98.37,,,200,19674.00,1,F1,100,,,,,
2026-09-28,2026-09-28,CM,NSE,STK,759165,IN2720250074,677OR29,SG,,,,,SDL OR 6.77% 2029,96.23,96.23,96.22,96.22,96.22,96.23,,96.22,,,1000,96225.00,2,F1,100,,,,,
2026-09-28,2026-09-28,CM,NSE,STK,764419,IN2720260024,694OR30,SG,,,,,SDL OR 6.94% 2030,96.61,98.00,96.61,98.00,98.00,100.00,,98.00,,,200,19461.00,2,F1,100,,,,,
2026-09-28,2026-09-28,CM,NSE,STK,21156,IN2920230371,774RJ34,SG,,,,,SDL RJ 7.74% 2034,98.92,98.92,98.92,98.92,98.92,95.12,,98.92,,,400,39568.00,2,F1,100,,,,,
2026-09-28,2026-09-28,CM,NSE,STK,20470,IN3120230336,767TN30,SG,,,,,SDL TN 7.67% 2030,100.06,100.50,100.06,100.50,100.50,100.75,,100.50,,,200,20056.00,2,F1,100,,,,,
2026-09-28,2026-09-28,CM,NSE,STK,758710,IN4520250338,754TS55,SG,,,,,SDL TS 7.54% 2055,90.35,90.35,90.35,90.35,90.35,94.00,,90.35,,,200,18070.00,1,F1,100,,,,,
2026-09-28,2026-09-28,CM,NSE,STK,761755,IN3320250290,809UP56,SG,,,,,SDL UP 8.09% 2056,95.40,95.40,95.39,95.39,95.39,100.00,,95.39,,,900,85856.00,2,F1,100,,,,,
2026-09-28,2026-09-28,CM,NSE,STK,10384,IN3420220052,802WB37,SG,,,,,SDL WB 8.02% 2037,100.00,100.00,100.00,100.00,100.00,103.95,,100.00,,,10000,1000000.00,1,F1,100,,,,,
2026-09-28,2026-09-28,CM,NSE,STK,2616,INE497B01018,SEAMECLTD,EQ,,,,,SEAMEC LIMITED,1719.00,1719.00,1673.00,1684.30,1680.00,1712.20,,1684.38,,,29302,49379596.10,3476,F1,1,,,,,
2026-09-28,2026-09-28,CM,NSE,STK,20771,INE413U07277,10ISFL26,N3,,,,,SEC RE NCD 10% SR 4,1069.00,1069.00,1069.00,1069.00,1069.00,1065.00,,1069.00,,,49,52381.00,6,F1,1,,,,,
2026-09-28,2026-09-28,CM,NSE,STK,20779,INE413U07269,1003ISFL28,N4,,,,,SEC RE NCD 10.03% SR 5,1007.00,1011.73,1001.00,1009.62,1011.73,1005.50,,1009.62,,,613,615837.60,13,F1,1,,,,,
2026-09-28,2026-09-28,CM,NSE,STK,23315,INE148I07SX3,1003SCFL31,Z4,,,,,SEC RE NCD 10.03% SR X,1050.00,1050.00,1050.00,1050.00,1050.00,1050.00,,1050.00,,,18,18900.00,3,F1,1,,,,,
2026-09-28,2026-09-28,CM,NSE,STK,23303,INE148I07SS3,1015SCFL29,YY,,,,,SEC RE NCD 10.15% SR VII,1039.62,1045.80,1039.62,1045.80,1045.80,1026.99,,1045.80,,,101,105557.82,6,F1,1,,,,,
2026-09-28,2026-09-28,CM,NSE,STK,25914,INE583D07521,1025UCL26A,N1,,,,,SEC RE NCD 10.25% SR II,990.03,995.02,990.03,995.02,995.02,995.00,,995.02,,,124,123375.09,6,F1,1,,,,,
2026-09-28,2026-09-28,CM,NSE,STK,23323,INE148I07SQ7,1025SCL34,Z8,,,,,SEC RE NCD 10.25% SR XII,1011.00,1032.00,1010.10,1032.00,1032.00,1022.41,,1032.00,,,293,296361.30,5,F1,1,,,,,
2026-09-28,2026-09-28,CM,NSE,STK,25575,INE148I07UV3,1025SCL34B,N1,,,,,SEC RE NCD 10.25% SR XII,990.00,990.00,990.00,990.00,990.00,1000.00,,990.00,,,10,9900.00,1,F1,1,,,,,
2026-09-28,2026-09-28,CM,NSE,STK,21056,INE148I07RZ0,835SCL23B,YM,,,,,SEC RE NCD 10.25% SR XII,990.00,999.90,990.00,990.90,999.90,1049.90,,990.90,,,440,435996.00,3,F1,1,,,,,
2026-09-28,2026-09-28,CM,NSE,STK,18906,INE148I07PV3,888SCL25E,N4,,,,,SEC RE NCD 10.25% SR XII,840.00,840.00,686.40,686.40,686.40,858.00,,763.20,,,6,4732.80,3,F1,1,,,,,
2026-09-28,2026-09-28,CM,NSE,STK,20130,INE148I07RB1,965SCL25F,NZ,,,,,SEC RE NCD 10.25% SR XII,805.30,805.30,768.00,793.50,805.00,805.30,,784.77,,,4499,3572236.09,29,F1,1,,,,,
2026-09-28,2026-09-28,CM,NSE,STK,25916,INE583D07513,1040UCL27B,N1,,,,,SEC RE NCD 10.40% SR III,1004.31,1004.31,1004.31,1004.31,1004.31,1000.00,,1004.31,,,30,30129.30,6,F1,1,,,,,
2026-09-28,2026-09-28,CM,NSE,STK,20784,INE413U07251,1050ISFL28,N5,,,,,SEC RE NCD 10.50% SR 6,1075.00,1075.00,1065.00,1070.00,1070.00,1075.00,,1070.00,,,320,341990.00,4,F1,1,,,,,
2026-09-28,2026-09-28,CM,NSE,STK,15249,INE244L07556,1003SFIL28,NX,,,,,SEC RE NCD 10.50% SR.VII,438.00,479.00,438.00,461.73,479.00,459.85,,462.90,,,95,43865.00,3,F1,1,,,,,
2026-09-28,2026-09-28,CM,NSE,STK,23123,INE342T07460,1065NFL27,NC,,,,,SEC RE NCD 10.65% SR.IV,1015.00,1015.00,1015.00,1015.00,1015.00,1011.00,,1015.00,,,10,10150.00,1,F1,1,,,,,
2026-09-28,2026-09-28,CM,NSE,STK,3451,INE219X07249,769IGT28,NH,,,,,SEC RE NCD 7.69% SR.IV,1014.00,1014.00,1014.00,1014.00,1014.00,1014.00,,1014.00,,,95,96330.00,1,F1,1,,,,,
2026-09-28,2026-09-28,CM,NSE,STK,11658,INE0H7R07017,79NHIT35,N1,,,,,SEC RE NCD 7.90% STRPP A,311.00,311.00,310.00,310.00,310.00,312.84,,310.21,,,227,70397.33,8,F1,1,,,,,
2026-09-28,2026-09-28,CM,NSE,STK,11665,INE0H7R07025,79NHIT40,N2,,,,,SEC RE NCD 7.90% STRPP B,312.00,312.00,312.00,312.00,312.00,312.99,,312.00,,,582,181584.00,5,F1,1,,,,,
2026-09-28,2026-09-28,CM,NSE,STK,11669,INE0H7R07033,79NHIT47,N3,,,,,SEC RE NCD 7.90% STRPP C,417.05,417.05,417.05,417.05,417.05,417.00,,416.54,,,151,62974.55,2,F1,1,,,,,
2026-09-28,2026-09-28,CM,NSE,STK,7648,INE477L07AN9,820IIFL27,N9,,,,,SEC RE NCD 8.20% SR.III,994.01,998.20,994.00,998.20,998.20,999.89,,998.20,,,201,199799.63,3,F1,1,,,,,
2026-09-28,2026-09-28,CM,NSE,STK,3464,INE219X07264,82IGT31,NJ,,,,,SEC RE NCD 8.20% SR.V,1043.90,1043.90,1037.50,1041.81,1042.85,1043.95,,1041.81,,,759,791080.40,11,F1,1,,,,,
2026-09-28,2026-09-28,CM,NSE,STK,6197,INE530B07161,842IIFL26,NL,,,,,SEC RE NCD 8.42% SR.V,998.00,999.98,998.00,998.99,999.00,997.00,,999.00,,,560,559304.00,9,F1,1,,,,,
2026-09-28,2026-09-28,CM,NSE,STK,7668,INE477L07AQ2,843IHFL29,NC,,,,,SEC RE NCD 8.43% SR.VI,989.00,989.00,982.00,982.00,982.00,985.00,,982.00,,,251,247114.00,5,F1,1,,,,,
2026-09-28,2026-09-28,CM,NSE,STK,20435,INE121A07RO8,850CIFCL26,NE,,,,,SEC RE NCD 8.50% SR 3,1053.20,1060.00,1053.20,1060.00,1060.00,1060.00,,1060.00,,,187,197485.80,8,F1,1,,,,,
2026-09-28,2026-09-28,CM,NSE,STK,17039,INE530B07385,865IFL28,NZ,,,,,SEC RE NCD 8.65% SR.V,988.00,988.00,988.00,988.00,988.00,981.51,,988.00,,,10,9880.00,1,F1,1,,,,,
2026-09-28,2026-09-28,CM,NSE,STK,13852,INE530B07310,865IIFL28,NS,,,,,SEC RE NCD 8.65% SR.V,993.98,993.98,986.00,986.70,986.00,991.98,,986.70,,,377,373212.66,10,F1,1,,,,,
2026-09-28,2026-09-28,CM,NSE,STK,6200,INE530B07179,875IIFL26,NM,,,,,SEC RE NCD 8.75% SR.VI,1073.02,1080.00,1073.00,1080.00,1080.00,1070.81,,1080.00,,,42,45150.36,6,F1,1,,,,,
2026-09-28,2026-09-28,CM,NSE,STK,7671,INE477L07AR0,875IHFL29,ND,,,,,SEC RE NCD 8.75% SR.VII,1035.00,1035.00,1030.00,1030.00,1030.00,1028.21,,1030.00,,,50,51600.00,8,F1,1,,,,,
2026-09-28,2026-09-28,CM,NSE,STK,28869,INE477L07BG1,89IHFL29,N1,,,,,SEC RE NCD 8.90% SR VI,984.80,984.80,984.80,984.80,984.80,984.80,,984.80,,,2,1969.60,2,F1,1,,,,,
2026-09-28,2026-09-28,CM,NSE,STK,17041,INE530B07377,9IIFL28,Y0,,,,,SEC RE NCD 9% SR.VI,1002.50,1002.50,1002.50,1002.50,1002.50,1002.50,,1002.50,,,52,52130.00,1,F1,1,,,,,
2026-09-28,2026-09-28,CM,NSE,STK,13854,INE530B07260,9IIFL28A,NT,,,,,SEC RE NCD 9% SR.VI,1043.00,1043.00,1043.00,1043.00,1043.00,1049.50,,1043.00,,,1,1043.00,1,F1,1,,,,,
2026-09-28,2026-09-28,CM,NSE,STK,23710,INE338I07115,93MOFSL34,N6,,,,,SEC RE NCD 9.30% SR VII,1065.00,1065.00,1065.00,1065.00,1065.00,1061.00,,1065.00,,,11,11715.00,1,F1,1,,,,,
2026-09-28,2026-09-28,CM,NSE,STK,23708,INE338I07107,935MOFSL29,N5,,,,,SEC RE NCD 9.35% SR VI,1050.00,1050.30,1049.10,1049.10,1049.10,1049.99,,1049.10,,,150,157500.00,5,F1,1,,,,,
2026-09-28,2026-09-28,CM,NSE,STK,25552,INE148I07UC3,948SCL27D,N1,,,,,SEC RE NCD 9.48% SR V,1010.00,1010.00,1010.00,1010.00,1010.00,1005.00,,1010.00,,,30,30300.00,1,F1,1,,,,,
2026-09-28,2026-09-28,CM,NSE,STK,25287,INE423A07328,965AEL27,N4,,,,,SEC RE NCD 9.65% SR IV,1016.00,1016.00,1010.00,1014.90,1014.90,999.00,,1014.90,,,134,135505.30,9,F1,1,,,,,
2026-09-28,2026-09-28,CM,NSE,STK,18487,INE741K07579,970CAGL28,ND,,,,,SEC RE NCD 9.70% SR VII,1018.00,1018.00,1010.00,1015.99,1015.99,1015.00,,1015.99,,,185,187877.98,15,F1,1,,,,,
2026-09-28,2026-09-28,CM,NSE,STK,23712,INE338I07123,97MOFSL34,N7,,,,,SEC RE NCD 9.70% SR VIII,1098.00,1098.00,1098.00,1098.00,1098.00,1099.90,,1098.00,,,50,54900.00,1,F1,1,,,,,
2026-09-28,2026-09-28,CM,NSE,STK,20106,INE148I07QT5,971SCL28A,NT,,,,,SEC RE NCD 9.71% SR VIII,508.50,508.50,508.50,508.50,508.50,576.00,,508.50,,,9,4576.50,1,F1,1,,,,,
2026-09-28,2026-09-28,CM,NSE,STK,25296,INE423A07344,99AEL29,N7,,,,,SEC RE NCD 9.90% SR VII,1054.00,1054.00,1054.00,1054.00,1054.00,1067.98,,1054.00,,,100,105400.00,1,F1,1,,,,,
2026-09-28,2026-09-28,CM,NSE,STK,20445,INE121A07RN0,CIFCZC28,NH,,,,,SEC RE NCD SR 6,1268.00,1268.00,1268.00,1268.00,1268.00,1268.00,,1268.00,,,10,12680.00,1,F1,1,,,,,
2026-09-28,2026-09-28,CM,NSE,STK,14219,INE00QS24043,IMC1,N1,,,,,SEC RE NCGB 8.25% STRPP B,252.99,252.99,252.99,252.99,252.99,251.00,,252.99,,,100,25299.00,1,F1,1,,,,,
2026-09-28,2026-09-28,CM,NSE,STK,14228,INE00QS24035,IMC1,N3,,,,,SEC RE NCGB 8.25% STRPP D,252.00,252.00,251.00,251.01,251.00,251.10,,251.01,,,641,160903.80,8,F1,1,,,,,
2026-09-28,2026-09-28,CM,NSE,STK,7986,INE804IA7022,1060ECL29,NS,,,,,SEC RED NCD 10.6% SR. VII,1178.00,1178.00,1178.00,1178.00,1178.00,1119.00,,1178.00,,,140,164920.00,1,F1,1,,,,,
2026-09-28,2026-09-28,CM,NSE,STK,16870,INE033L07GS6,81TCHF28,N8,,,,,SEC RED NCD 8.10% SR.IV,1049.99,1049.99,1046.99,1046.99,1046.99,1049.99,,1046.99,,,50,52419.60,3,F1,1,,,,,
2026-09-28,2026-09-28,CM,NSE,STK,16874,INE033L07GU2,84TCHF28,NA,,,,,SEC RED NCD 8.40% SR.V,1069.00,1069.50,1065.00,1069.50,1069.50,1069.00,,1069.77,,,147,157110.50,8,F1,1,,,,,
2026-09-28,2026-09-28,CM,NSE,STK,498,INE721A07NU1,903SFL28,YI,,,,,SEC RED NCD 9.03% SR. II,1027.00,1027.90,1023.00,1023.30,1023.00,1022.52,,1023.30,,,174,178419.90,8,F1,1,,,,,
2026-09-28,2026-09-28,CM,NSE,STK,17172,INE721A07PN1,91SFL27,ZI,,,,,SEC RED NCD 9.10% SR.VI,1083.00,1083.00,1083.00,1083.00,1083.00,1052.00,,1083.00,,,25,27075.00,1,F1,1,,,,,
2026-09-28,2026-09-28,CM,NSE,STK,6149,INE721A07OC7,930SFL28,YP,,,,,SEC RED NCD 9.30% SR. II,1035.00,1035.00,1035.00,1035.00,1035.00,1035.00,,1035.00,,,100,103500.00,1,F1,1,,,,,
2026-09-28,2026-09-28,CM,NSE,STK,1001,INE721A07NX5,94SFL28,YL,,,,,SEC RED NCD 9.40% SR. V,1038.01,1042.01,1038.01,1042.01,1042.01,1040.00,,1042.01,,,173,180142.62,6,F1,1,,,,,
2026-09-28,2026-09-28,CM,NSE,STK,4288,INE804I078Y8,943ECL28,NJ,,,,,SEC RED NCD 9.43% SR. VI,1001.00,1003.00,1000.00,1002.00,1002.00,1003.00,,1002.00,,,276,276393.00,8,F1,1,,,,,
2026-09-28,2026-09-28,CM,NSE,STK,4292,INE804I079Y6,985ECL28,NK,,,,,SEC RED NCD 9.85% SR. VII,1010.00,1010.00,1009.99,1009.99,1009.99,1009.12,,1010.49,,,201,203009.99,2,F1,1,,,,,
2026-09-28,2026-09-28,CM,NSE,STK,19496,INE0BTM01013,SECMARK,EQ,,,,,SECMARK CONSULTANCY LTD,148.40,148.40,133.69,141.28,141.99,137.12,,140.47,,,1009,142306.38,37,F1,1,,,,,
2026-09-28,2026-09-28,CM,NSE,STK,11058,INE650K01021,SECURKLOUD,EQ,,,,,SECUREKLOUD TECH LIMITED,17.05,17.60,16.70,17.14,17.17,17.10,,17.14,,,26065,445635.33,148,F1,1,,,,,
2026-09-28,2026-09-28,CM,NSE,STK,761153,INE00XB01019,SEDEMAC,EQ,,,,,SEDEMAC MECHATRONICS LTD,3445.00,3595.00,3370.00,3547.80,3525.20,3444.90,,3547.93,,,659236,2318530214.50,86949,F1,1,,,,,
2026-09-28,2026-09-28,CM,NSE,STK,7091,INE955I01044,SEJALLTD,EQ,,,,,SEJAL GLASS LIMITED,693.00,693.00,657.00,664.60,662.00,682.70,,665.16,,,5054,3387544.75,491,F1,1,,,,,
2026-09-28,2026-09-28,CM,NSE,STK,6274,INE105I01020,SELMC,BE,,,,,SEL MANUFACTURING CO LTD,25.09,25.74,25.09,25.09,25.09,26.41,,25.09,,,27337,689015.93,141,F1,1,,,,,
2026-09-28,2026-09-28,CM,NSE,STK,11961,INE617A01013,SEMAC,EQ,,,,,SEMAC CONSTRUCTION LTD,245.00,255.00,242.25,247.90,247.85,255.00,,248.65,,,963,235754.30,69,F1,1,,,,,
2026-09-28,2026-09-28,CM,NSE,STK,17271,INE602W01027,SENCO,EQ,,,,,SENCO GOLD LIMITED,331.10,331.10,310.15,318.30,320.00,331.10,,318.34,,,2646412,837808728.10,50479,F1,1,,,,,
2026-09-28,2026-09-28,CM,NSE,STK,28888,INE0RB801010,SENORES,EQ,,,,,SENORES PHARMACEUTICALS L,1349.80,1374.70,1340.00,1351.80,1350.00,1355.20,,1351.80,,,122013,165434462.00,12863,F1,1,,,,,
2026-09-28,2026-09-28,CM,NSE,STK,15308,INE964H01014,SEPC,EQ,,,,,SEPC LIMITED,5.12,5.14,4.92,4.96,5.00,5.12,,4.96,,,8906290,44612456.47,6013,F1,1,,,,,
2026-09-28,2026-09-28,CM,NSE,STK,20715,INE027E07BC8,865LTF26,NN,,,,,SERENCD 8.65% SR.VI OP12,1068.00,1068.00,1068.00,1068.00,1068.00,1059.33,,1067.98,,,10,10680.00,1,F1,1,,,,,
2026-09-28,2026-09-28,CM,NSE,STK,20691,INE027E07AN7,87LTF27,NH,,,,,SERENCD 8.70% SR.VII OPII,1002.05,1004.25,1002.05,1004.25,1004.25,1006.10,,1004.25,,,2,2006.30,2,F1,1,,,,,
2026-09-28,2026-09-28,CM,NSE,STK,20655,INE027E07998,898LTF29,N7,,,,,SERENCD 8.98% SR.VI OP2,1088.00,1088.00,1075.00,1076.44,1076.00,1088.00,,1074.84,,,433,466827.00,13,F1,1,,,,,
2026-09-28,2026-09-28,CM,NSE,STK,20687,INE027E07AL1,905LTF27,NF,,,,,SERENCD 9.05% SR.VI OPII,1041.01,1042.00,1041.01,1042.00,1042.00,1045.00,,1042.00,,,10,10415.05,2,F1,1,,,,,
2026-09-28,2026-09-28,CM,NSE,STK,21197,INE306N07LM5,865TCAPS27,N8,,,,,SERENCD8.65%SR.IIICIII&IV,1020.00,1023.90,1015.00,1019.85,1023.90,1012.00,,1017.78,,,222,226141.81,27,F1,1,,,,,
2026-09-28,2026-09-28,CM,NSE,STK,5507,INE782X01033,SERVOTECH,EQ,,,,,SERVOTECH REN POW SYS LTD,70.25,72.99,69.51,72.34,72.75,70.76,,72.34,,,650379,46418266.48,7512,F1,1,,,,,
2026-09-28,2026-09-28,CM,NSE,STK,759934,INE04VU01023,STYL,EQ,,,,,SESHAASAI TECHNOLOGIES L,377.00,381.15,365.05,370.35,370.00,381.85,,370.35,,,99818,36932280.80,3840,F1,1,,,,,
2026-09-28,2026-09-28,CM,NSE,STK,3066,INE630A01024,SESHAPAPER,EQ,,,,,SESHASAYEE PAPER & BOARDS,248.73,249.04,241.55,242.23,242.00,246.27,,242.09,,,12802,3109886.75,502,F1,1,,,,,
2026-09-28,2026-09-28,CM,NSE,STK,17518,INE878E01021,SETCO,BE,,,,,SETCO AUTOMOTIVE LTD,19.00,19.00,18.40,18.52,18.41,18.47,,18.52,,,57495,1066518.59,266,F1,1,,,,,
2026-09-28,2026-09-28,CM,NSE,STK,18024,INE023M01027,SETUINFRA,BZ,,,,,SETUBANDHAN INFRA LTD,0.56,0.56,0.54,0.54,0.54,0.55,,0.54,,,42048,22771.41,32,F1,1,,,,,
2026-09-28,2026-09-28,CM,NSE,STK,10836,INE573R01012,SEYAIND,BE,,,,,SEYA INDUSTRIES LIMITED,14.14,14.14,13.60,13.60,13.60,13.87,,13.60,,,5595,76536.75,31,F1,1,,,,,
2026-09-28,2026-09-28,CM,NSE,STK,758853,INE618R01015,SGFIN,EQ,,,,,SG FINSERVE LIMITED,605.15,609.70,585.25,589.75,591.30,609.70,,589.77,,,167602,99218748.00,8844,F1,1,,,,,
2026-09-28,2026-09-28,CM,NSE,STK,758889,INE385F01024,SGMART,EQ,,,,,SG MART LIMITED,725.05,746.00,720.00,729.50,729.10,731.00,,729.46,,,121001,88870261.25,8265,F1,1,,,,,
2026-09-28,2026-09-28,CM,NSE,STK,765247,INE967B01028,SGLRES,EQ,,,,,SGL RESOURCES LIMITED,2.29,2.42,2.28,2.35,2.37,2.39,,2.35,,,56530,130547.85,108,F1,1,,,,,
2026-09-28,2026-09-28,CM,NSE,STK,761469,INE12UN01015,SHADOWFAX,EQ,,,,,SHADOWFAX TECHNOLOGIES L,283.90,283.90,272.55,274.05,274.40,282.45,,274.00,,,1972468,543318033.55,42529,F1,1,,,,,
2026-09-28,2026-09-28,CM,NSE,STK,11859,INE640C01011,SHAHALLOYS,BE,,,,,SHAH ALLOYS LIMITED,90.10,94.00,88.19,89.39,89.00,92.83,,89.40,,,19620,1772216.26,141,F1,1,,,,,
2026-09-28,2026-09-28,CM,NSE,STK,20296,INE482J01021,SHAH,EQ,,,,,SHAH METACORP LIMITED,3.22,3.24,3.17,3.18,3.17,3.22,,3.18,,,630279,2012911.84,621,F1,1,,,,,
2026-09-28,2026-09-28,CM,NSE,STK,8727,INE151G01028,SHAILY,EQ,,,,,SHAILY ENG PLASTICS LTD,3149.90,3159.10,3022.20,3033.50,3030.40,3142.30,,3033.35,,,115998,354994430.90,20452,F1,1,,,,,
2026-09-28,2026-09-28,CM,NSE,STK,25574,INE908D01010,SHAKTIPUMP,EQ,,,,,SHAKTI PUMPS (I) LTD,463.75,473.80,459.00,465.15,464.00,466.90,,465.17,,,399430,186033313.40,20053,F1,1,,,,,
2026-09-28,2026-09-28,CM,NSE,STK,714,INE597J01018,SHALBY,EQ,,,,,SHALBY LIMITED,146.50,146.99,142.15,143.25,144.90,147.12,,143.25,,,66372,9567832.43,1534,F1,1,,,,,
2026-09-28,2026-09-28,CM,NSE,STK,761688,INE861D01011,SAHLIBHFI,EQ,,,,,SHALIBHADRA FINANCE LTD,79.19,79.19,75.01,75.61,76.99,77.55,,75.63,,,15680,1203468.24,499,F1,1,,,,,
2026-09-28,2026-09-28,CM,NSE,STK,15346,INE849C01026,SHALPAINTS,BE,,,,,SHALIM PAINTS LTD,76.78,79.00,74.01,74.40,74.14,76.85,,74.43,,,58777,4452197.91,368,F1,1,,,,,
2026-09-28,2026-09-28,CM,NSE,STK,25737,INE01NE01012,SRD,EQ,,,,,SHANKAR LAL RAMPAL LTD,39.19,39.89,38.50,39.03,39.02,39.19,,39.03,,,13752,535811.82,226,F1,1,,,,,
2026-09-28,2026-09-28,CM,NSE,STK,20321,INE274V01019,SHANKARA,EQ,,,,,SHANKARA BLDG PRODUCT LTD,132.00,132.00,126.00,127.34,127.00,132.98,,127.38,,,36443,4665137.54,1404,F1,1,,,,,
2026-09-28,2026-09-28,CM,NSE,STK,760594,INE24OJ01011,BUILDPRO,EQ,,,,,SHANKARA BUILDPRO LIMITED,1281.30,1281.30,1250.00,1256.70,1251.60,1276.10,,1256.65,,,69122,87777139.80,5574,F1,1,,,,,
2026-09-28,2026-09-28,CM,NSE,STK,765382,INE1WFC01025,SHANKESH,EQ,,,,,SHANKESH JEWELLERS LTD,91.35,94.55,89.97,90.42,90.82,91.36,,90.42,,,3144312,289486387.64,22772,F1,1,,,,,
2026-09-28,2026-09-28,CM,NSE,STK,19752,INE0Q9Q01017,SHANTHALA,SM,,,,,SHANTHALA FMCG PRODUCTS L,15.45,15.45,14.00,14.05,14.05,15.40,,14.05,,,16800,243120.00,12,F1,1200,,,,,
2026-09-28,2026-09-28,CM,NSE,STK,3078,INE631A01022,SHANTIGEAR,EQ,,,,,SHANTHI GEARS LTD,666.55,669.80,633.25,633.30,633.25,666.55,,633.68,,,55362,35467792.95,2348,F1,1,,,,,
2026-09-28,2026-09-28,CM,NSE,STK,762889,INE440T01028,SEIL,EQ,,,,,SHANTI EDU INITIATIVES L,195.49,195.50,187.50,190.06,189.70,191.94,,190.06,,,129601,24562737.59,1312,F1,1,,,,,
2026-09-28,2026-09-28,CM,NSE,STK,758002,INE06ZD01017,SHANTIGOLD,EQ,,,,,SHANTI GOLD INTERNATION L,315.00,316.19,302.41,308.77,310.40,325.68,,308.77,,,7374839,2289791580.30,85511,F1,1,,,,,
2026-09-28,2026-09-28,CM,NSE,STK,765577,INE1ZEE01019,SHANTIINOR,SM,,,,,SHANTI INORGANICS LIMITED,181.00,183.40,176.10,177.45,178.00,183.80,,177.45,,,88000,15812320.00,52,F1,1600,,,,,
2026-09-28,2026-09-28,CM,NSE,STK,5650,INE933X01016,SHANTI,EQ,,,,,SHANTI OVERSEAS INDIA LTD,5.50,5.87,5.50,5.67,5.67,5.68,,5.67,,,13320,75673.88,69,F1,1,,,,,
2026-09-28,2026-09-28,CM,NSE,STK,762904,INE220Z01013,SHINDL,EQ,,,,,SHARAT INDUSTRIES LTD.,160.30,162.02,158.51,160.03,161.25,161.16,,160.04,,,140272,22445797.09,905,F1,1,,,,,
2026-09-28,2026-09-28,CM,NSE,STK,4992,INE221J01015,SHARDACROP,EQ,,,,,SHARDA CROPCHEM LTD.,741.15,750.00,727.00,729.10,729.95,749.60,,729.10,,,140897,103522792.55,11964,F1,1,,,,,
2026-09-28,2026-09-28,CM,NSE,STK,10530,INE597I01028,SHARDAMOTR,EQ,,,,,SHARDA MOTOR INDS LTD,950.00,978.00,936.00,945.10,943.30,956.35,,945.09,,,62487,59626395.40,8342,F1,1,,,,,
2026-09-28,2026-09-28,CM,NSE,STK,762897,INE037B01020,SHARDUL,BE,,,,,SHARDUL SECURITIES LTD.,56.00,56.60,54.60,55.56,56.00,55.40,,55.56,,,10416,579768.33,62,F1,1,,,,,
2026-09-28,2026-09-28,CM,NSE,STK,104,INE932X01026,SHAREINDIA,EQ,,,,,SHARE IND. SECURITIES LTD,209.70,209.99,203.78,206.10,205.80,209.62,,206.11,,,894901,185124874.13,12691,F1,1,,,,,
2026-09-28,2026-09-28,CM,NSE,STK,19469,INE460Q01014,SCML,SM,,,,,SHARP CHUCKS N MACHINES L,75.00,76.00,75.00,75.30,76.00,75.00,,75.30,,,7000,527000.00,2,F1,1000,,,,,
2026-09-28,2026-09-28,CM,NSE,STK,759407,INE0YJV01017,SHEEL,SM,,,,,SHEEL BIOTECH LIMITED,63.00,63.00,63.00,63.00,63.00,63.30,,63.00,,,12000,756000.00,3,F1,2000,,,,,
2026-09-28,2026-09-28,CM,NSE,STK,19184,INE916U01025,SFL,EQ,,,,,SHEELA FOAM LIMITED,640.00,642.40,623.00,629.30,627.00,634.60,,629.26,,,112029,70767355.45,9834,F1,1,,,,,
2026-09-28,2026-09-28,CM,NSE,STK,12081,INE501Y01019,SCPL,BE,,,,,SHEETAL COOL PRODUCTS LTD,644.00,646.00,620.30,628.50,630.00,632.10,,627.51,,,4243,2674458.00,127,F1,1,,,,,
2026-09-28,2026-09-28,CM,NSE,STK,20415,INE04VX01019,SHEETAL,SM,,,,,SHEETAL UNIVERSAL LIMITED,340.75,357.00,340.75,357.00,357.00,358.80,,357.00,,,4000,1419875.00,4,F1,500,,,,,
2026-09-28,2026-09-28,CM,NSE,STK,21099,INE268L01046,SHEKHAWATI,BE,,,,,SHEKHAWATI INDUSTRIES LTD,28.75,28.75,28.70,28.75,28.75,27.39,,28.75,,,45637,1312051.20,100,F1,1,,,,,
2026-09-28,2026-09-28,CM,NSE,STK,5068,INE363M01019,SHEMAROO,EQ,,,,,SHEMAROO ENTER. LTD.,128.00,129.80,121.10,121.65,121.10,124.51,,121.65,,,30464,3799521.76,293,F1,1,,,,,
2026-09-28,2026-09-28,CM,NSE,STK,14172,INE0MM001019,SHERA,SM,,,,,SHERA ENERGY LIMITED,181.35,193.00,178.00,190.70,190.00,177.90,,190.70,,,183000,34370400.00,152,F1,1000,,,,,
2026-09-28,2026-09-28,CM,NSE,STK,764890,INE011D01013,SHERVANI,EQ,,,,,SHERVANI INDUSTRIAL SYN L,325.95,372.50,325.95,348.55,357.90,344.90,,348.55,,,36,12724.15,16,F1,1,,,,,
2026-09-28,2026-09-28,CM,NSE,STK,8394,INE03KJ01013,SHIGAN,SM,,,,,SHIGAN QUANTUM TECH LTD,60.50,60.55,60.50,60.55,60.55,58.55,,60.55,,,3000,181575.00,2,F1,1500,,,,,
2026-09-28,2026-09-28,CM,NSE,STK,759847,INE024F01011,SHILCTECH,EQ,,,,,SHILCHAR TECHNOLOGIES LTD,4075.60,4088.40,4025.00,4061.30,4078.00,4103.60,,4061.34,,,9111,36915526.50,1947,F1,1,,,,,
2026-09-28,2026-09-28,CM,NSE,STK,764895,INE960A01017,SHILGRAVQ,EQ,,,,,SHILP GRAVURES LTD.,149.00,149.00,138.00,143.36,142.80,149.50,,143.26,,,15555,2206053.71,310,F1,1,,,,,
2026-09-28,2026-09-28,CM,NSE,STK,17752,INE790G01031,SHILPAMED,EQ,,,,,SHILPA MEDICARE LTD,1018.00,1039.00,998.00,1025.25,1032.95,1013.45,,1025.18,,,678050,691552606.20,33055,F1,1,,,,,
2026-09-28,2026-09-28,CM,NSE,STK,23127,INE0PB301013,SCILAL,EQ,,,,,SHIPPING CORP OF ILA LTD,37.00,37.46,36.61,36.90,37.40,37.14,,36.90,,,247980,9168631.37,1276,F1,1,,,,,
2026-09-28,2026-09-28,CM,NSE,STK,3048,INE109A01011,SCI,EQ,,,,,SHIPPING CORP OF INDIA LT,274.10,277.85,269.30,272.05,272.15,274.40,,272.07,,,1401282,383024549.60,26526,F1,1,,,,,
2026-09-28,2026-09-28,CM,NSE,STK,765282,INE0FOO01011,SHIPROCKET,EQ,,,,,SHIPROCKET LIMITED,120.90,122.80,118.26,120.90,120.57,120.25,,120.91,,,2234171,269666292.31,27425,F1,1,,,,,
2026-09-28,2026-09-28,CM,NSE,STK,759747,INE719F01016,SHIVAUM,EQ,,,,,SHIV AUM STEELS LIMITED,515.05,550.00,512.00,544.20,543.00,510.15,,544.20,,,27387,14443492.20,364,F1,1,,,,,
2026-09-28,2026-09-28,CM,NSE,STK,765160,INE555C01029,SHIVACEM,EQ,,,,,SHIVA CEMENT LTD.,15.69,15.69,15.09,15.21,15.23,15.47,,15.18,,,62830,952849.17,153,F1,1,,,,,
2026-09-28,2026-09-28,CM,NSE,STK,764900,INE960E01019,SHIVAAGRO,EQ,,,,,SHIVA GLOBAL AGRO INDS. L,39.31,40.24,36.00,38.99,39.00,39.50,,38.85,,,3315,125916.06,70,F1,1,,,,,
2026-09-28,2026-09-28,CM,NSE,STK,1497,INE644Y01017,SHIVAMILLS,EQ,,,,,SHIVA MILLS LIMITED,58.00,60.90,58.00,60.55,60.55,58.51,,59.65,,,551,32714.15,18,F1,1,,,,,
2026-09-28,2026-09-28,CM,NSE,STK,804,INE705C01020,SHIVATEX,EQ,,,,,SHIVA TEXYARN LIMITED,169.36,169.75,165.05,165.91,165.05,167.73,,165.91,,,1718,289985.18,42,F1,1,,,,,
2026-09-28,2026-09-28,CM,NSE,STK,24249,INE0T7B01010,SPCL,SM,,,,,SHIVALIC POWER CONTROL L,65.15,68.00,64.00,67.10,67.50,65.65,,67.10,,,18600,1228200.00,31,F1,600,,,,,
2026-09-28,2026-09-28,CM,NSE,STK,4656,INE386D01027,SBCL,EQ,,,,,SHIVALIK BIMETAL CON. LTD,1146.60,1156.90,1095.00,1110.20,1114.00,1154.50,,1110.31,,,177554,198523690.20,13740,F1,1,,,,,
2026-09-28,2026-09-28,CM,NSE,STK,7016,INE788J01021,SHIVALIK,EQ,,,,,SHIVALIK RASAYAN LIMITED,410.80,431.60,404.00,407.95,407.20,408.45,,407.98,,,81065,33730466.90,4644,F1,1,,,,,
2026-09-28,2026-09-28,CM,NSE,STK,13756,INE637H01024,SHIVAMAUTO,EQ,,,,,SHIVAM AUTO.LTD,17.12,17.82,16.90,17.22,17.30,17.37,,17.22,,,34830,600640.06,254,F1,1,,,,,
2026-09-28,2026-09-28,CM,NSE,STK,758744,INE1DLF01018,SHIVASHRIT,SM,,,,,SHIVASHRIT FOODS LIMITED,114.50,114.50,109.50,113.75,113.80,113.20,,113.75,,,11000,1236000.00,9,F1,1000,,,,,
2026-09-28,2026-09-28,CM,NSE,STK,11813,INE498B01024,SHOPERSTOP,EQ,,,,,SHOPPERS STOP LIMITED,428.90,428.90,413.05,421.80,416.85,423.55,,421.92,,,124030,52125757.55,6274,F1,1,,,,,
2026-09-28,2026-09-28,CM,NSE,STK,764905,INE311M01018,SHRADDHA,EQ,,,,,SHRADDHA PRIME PROJECTS L,151.99,158.00,143.06,150.90,152.50,146.97,,151.01,,,19528,2914662.51,157,F1,1,,,,,
2026-09-28,2026-09-28,CM,NSE,STK,708,INE715Y01031,SHRADHA,EQ,,,,,SHRADHA REALTY LIMITED,30.00,30.70,29.20,29.48,29.50,29.75,,29.48,,,9712,287146.50,72,F1,1,,,,,
2026-09-28,2026-09-28,CM,NSE,STK,10588,INE712K01011,SHREEPUSHK,EQ,,,,,SHRE PUSH CHEM & FERT LTD,510.10,510.10,492.05,496.85,494.10,506.05,,496.86,,,33403,16612663.25,1768,F1,1,,,,,
2026-09-28,2026-09-28,CM,NSE,STK,762874,INE185C01017,SAPPL,EQ,,,,,SHREE AJIT PULP & PAPER L,276.90,295.00,274.10,279.95,276.95,276.90,,279.47,,,8496,2382089.30,105,F1,1,,,,,
2026-09-28,2026-09-28,CM,NSE,STK,3103,INE070A01015,SHREECEM,EQ,,,,,SHREE CEMENT LIMITED,22305.00,22340.00,22055.00,22170.00,22170.00,22520.00,,22170.00,,,17002,376815325.00,7587,F1,1,,,,,
2026-09-28,2026-09-28,CM,NSE,STK,3099,INE232A01011,SHREDIGCEM,EQ,,,,,SHREE DIGVIJAY CEM CO LTD,68.50,68.50,65.32,66.61,66.00,67.85,,66.61,,,63384,4220748.46,1403,F1,1,,,,,
2026-09-28,2026-09-28,CM,NSE,STK,764885,INE414Y01015,SGRL,EQ,,,,,SHREE GANESH REMEDIES LTD,673.00,694.00,651.05,680.05,685.00,673.75,,679.98,,,19140,12809621.00,1311,F1,1,,,,,
2026-09-28,2026-09-28,CM,NSE,STK,23074,INE0S4Y01010,SHREEKARNI,SM,,,,,SHREE KARNI FABCOM LTD,362.00,378.00,362.00,377.40,377.00,385.00,,377.40,,,1350,504300.00,6,F1,150,,,,,
2026-09-28,2026-09-28,CM,NSE,STK,20603,INE02S501018,SHREEOSFM,SM,,,,,SHREE OSFM E-MOBILITY LTD,51.90,52.00,51.90,52.00,52.00,51.95,,52.00,,,3000,155800.00,3,F1,1000,,,,,
2026-09-28,2026-09-28,CM,NSE,STK,760188,INE19GK01015,SRTL,EQ,,,,,SHREE RAM TWISTEX LIMITED,38.25,38.33,37.00,37.20,37.49,38.15,,37.20,,,13453,504354.93,287,F1,1,,,,,
2026-09-28,2026-09-28,CM,NSE,STK,7627,INE879A01019,SHREERAMA,EQ,,,,,SHREE RAMA MULTI TECH LTD,44.20,45.92,43.00,43.39,43.12,45.04,,43.40,,,46907,2056493.52,626,F1,1,,,,,
2026-09-28,2026-09-28,CM,NSE,STK,13565,INE278B01020,RAMANEWS,EQ,,,,,SHREE RAMA NEWSPRINT LTD,31.00,31.60,30.00,31.11,31.34,31.10,,31.03,,,20198,619762.83,204,F1,1,,,,,
2026-09-28,2026-09-28,CM,NSE,STK,12026,INE087H01022,RENUKA,EQ,,,,,SHREE RENUKA SUGARS LTD,23.50,23.84,22.78,22.91,22.93,23.31,,22.91,,,14572179,339124101.68,20896,F1,1,,,,,
2026-09-28,2026-09-28,CM,NSE,STK,25203,INE0S2G01011,BALAJEE,EQ,,,,,SHREE TIRUPATI BALAJEE L,25.01,25.48,25.00,25.25,25.34,25.57,,25.25,,,13039,328221.35,167,F1,1,,,,,
2026-09-28,2026-09-28,CM,NSE,STK,15121,INE00CE01017,SVLL,EQ,,,,,SHREE VASU LOGISTICS LTD,875.00,875.00,802.00,821.35,820.00,834.70,,821.35,,,1758,1456438.65,102,F1,1,,,,,
2026-09-28,2026-09-28,CM,NSE,STK,762159,INE0K3301012,SHREEDHAR,ST,,,,,SHREEDHAR SPINNERS LTD,168.35,168.35,165.00,165.00,165.00,170.05,,165.00,,,8000,1326700.00,3,F1,2000,,,,,
2026-09-28,2026-09-28,CM,NSE,STK,759802,INE1FL101016,SHETHJI,SM,,,,,SHREEJI GLOBAL FMCG LTD,184.00,188.70,184.00,187.15,188.70,187.50,,187.15,,,53000,9843100.00,8,F1,1000,,,,,
2026-09-28,2026-09-28,CM,NSE,STK,759448,INE1B6101010,SHREEJISPG,EQ,,,,,SHREEJI SHIPPING GLOBAL L,755.00,761.90,741.50,752.80,747.00,752.45,,752.86,,,798667,602838769.05,10318,F1,1,,,,,
2026-09-28,2026-09-28,CM,NSE,STK,14305,INE00IK01029,OSWALSEEDS,EQ,,,,,SHREEOSWAL S AND CHE LTD,13.27,13.27,12.30,12.45,12.50,13.08,,12.45,,,71063,894691.54,561,F1,1,,,,,
2026-09-28,2026-09-28,CM,NSE,STK,5718,INE0GTI23014,SHREMINVIT,IV,,,,,SHREM INVIT,102.01,102.01,102.00,102.00,102.00,102.00,,102.00,,,100000,10200500.00,3,F1,25000,,,,,
2026-09-28,2026-09-28,CM,NSE,STK,760252,INE632X01030,SHRENIK,BZ,,,,,SHRENIK LIMITED,0.29,0.30,0.28,0.29,0.30,0.29,,0.29,,,424028,123405.92,204,F1,1,,,,,
2026-09-28,2026-09-28,CM,NSE,STK,3126,INE231C01019,SHREYANIND,EQ,,,,,SHREYANS INDUSTRIES LTD,130.15,133.90,128.72,129.00,129.00,130.15,,129.00,,,2208,286135.27,55,F1,1,,,,,
2026-09-28,2026-09-28,CM,NSE,STK,756406,INE0DM401012,SHRIAHIMSA,SM,,,,,SHRI AHIMSA NATURALS LTD,447.95,449.50,430.00,440.00,440.00,434.20,,440.00,,,22800,10000770.00,36,F1,600,,,,,
2026-09-28,2026-09-28,CM,NSE,STK,762899,INE402H01015,SHBAJRG,EQ,,,,,SHRI BAJRANG ALLIANCE L,168.99,173.69,165.90,169.72,170.00,165.32,,169.63,,,12576,2130064.39,447,F1,1,,,,,
2026-09-28,2026-09-28,CM,NSE,STK,758568,INE0NON01025,SHKSIL,SM,,,,,SHRI HARE-KRI SPO IRON L,32.50,33.60,32.50,33.60,33.60,33.80,,33.60,,,10000,327900.00,5,F1,2000,,,,,
2026-09-28,2026-09-28,CM,NSE,STK,764910,INE564J01026,SHRJAGP,EQ,,,,,SHRI JAGDAMBA POLYMERS L,688.00,688.00,635.00,637.25,638.00,660.25,,637.31,,,474,305859.40,83,F1,1,,,,,
2026-09-28,2026-09-28,CM,NSE,STK,760202,INE1V4601019,SHRIKANHA,SM,,,,,SHRI KANHA STAINLESS LTD,23.95,24.00,22.05,23.55,23.95,23.10,,23.55,,,16000,368640.00,9,F1,1600,,,,,
2026-09-28,2026-09-28,CM,NSE,STK,762909,INE997I01012,SHRIKRISH,EQ,,,,,SHRI KRISHNA DEVCON LTD.,34.15,38.80,34.15,35.20,36.10,35.89,,35.18,,,4271,154687.74,79,F1,1,,,,,
2026-09-28,2026-09-28,CM,NSE,STK,765210,INE574G01013,VASUPRADA,EQ,,,,,SHRI VASUPRADA PLANTATI L,99.90,99.90,95.00,95.00,95.00,99.90,,99.50,,,953,94214.90,4,F1,1,,,,,
2026-09-28,2026-09-28,CM,NSE,STK,759093,INE1B3L01017,SHRINGARMS,EQ,,,,,SHRINGAR HOU OF MANGALS L,215.05,227.00,215.05,218.04,218.00,214.06,,218.04,,,962367,213854052.20,14697,F1,1,,,,,
2026-09-28,2026-09-28,CM,NSE,STK,24374,INF680P01422,LIQUIDSHRI,EQ,,,,,SHRIRAM - LIQUIDSHRI,1123.29,1123.29,1123.27,1123.27,1123.29,1123.13,,1123.27,,,4169,4682979.89,25,F1,1,,,,,
2026-09-28,2026-09-28,CM,NSE,STK,4306,INE721A01047,SHRIRAMFIN,EQ,,,,,SHRIRAM FINANCE LIMITED,990.00,991.30,970.00,976.30,976.30,994.10,,976.31,,,4953660,4837136148.40,137737,F1,1,,,,,
2026-09-28,2026-09-28,CM,NSE,STK,7200,INE217L01019,SHRIRAMPPS,EQ,,,,,SHRIRAM PROPERTIES LTD,71.29,72.00,69.90,70.09,70.11,71.20,,70.09,,,240054,16885347.22,2575,F1,1,,,,,
2026-09-28,2026-09-28,CM,NSE,STK,6451,INE01Z401013,SHUBHLAXMI,SM,,,,,SHUBHLAXMI JEWEL ART LTD,19.05,19.05,19.05,19.05,19.05,18.75,,19.05,,,3000,57150.00,2,F1,1000,,,,,
2026-09-28,2026-09-28,CM,NSE,STK,25240,INE0UL701015,SHUBHSHREE,SM,,,,,SHUBHSHREE BIOFUELS ENE L,345.00,345.95,328.00,345.95,345.95,345.40,,345.95,,,11700,3956685.00,14,F1,300,,,,,
2026-09-28,2026-09-28,CM,NSE,STK,764537,INE551C01044,SHUKRAPHAR,EQ,,,,,SHUKRA PHARMACEUTICALS L,56.70,60.49,56.00,59.43,59.50,55.93,,59.43,,,15642105,920303373.61,50819,F1,1,,,,,
2026-09-28,2026-09-28,CM,NSE,STK,10192,INE979R01011,SHYAMCENT,BE,,,,,SHYAM CENTURY FERROUS LTD,5.02,5.02,4.94,4.96,4.98,5.00,,4.96,,,20931,103720.79,81,F1,1,,,,,
2026-09-28,2026-09-28,CM,NSE,STK,761210,INE1CRP01016,SHYAMDHANI,SM,,,,,SHYAM DHANI INDUSTRIES L,56.00,56.00,54.15,54.15,54.15,56.90,,54.15,,,8000,440800.00,4,F1,2000,,,,,
2026-09-28,2026-09-28,CM,NSE,STK,4693,INE810G01011,SHYAMMETL,EQ,,,,,SHYAM METALICS AND ENGY L,1085.00,1085.30,1065.20,1068.70,1066.00,1085.60,,1068.69,,,424830,456754411.30,8405,F1,1,,,,,
2026-09-28,2026-09-28,CM,NSE,STK,13740,INE635A01023,SHYAMTEL,EQ,,,,,SHYAM TELECOM LIMITED,11.50,11.50,10.35,11.16,11.17,11.07,,11.16,,,3289,35941.65,28,F1,1,,,,,
2026-09-28,2026-09-28,CM,NSE,STK,16875,INE176J01011,SICAGEN,EQ,,,,,SICAGEN INDIA LIMITED,52.90,53.80,51.55,52.12,52.50,53.13,,52.32,,,5699,298458.40,111,F1,1,,,,,
2026-09-28,2026-09-28,CM,NSE,STK,19440,INE075B01020,SICALLOG,BE,,,,,SICAL LOGISTICS LIMITED,94.50,94.50,89.00,89.14,89.25,91.88,,89.10,,,63135,5717182.81,186,F1,1,,,,,
2026-09-28,2026-09-28,CM,NSE,STK,759053,INE0SVO01019,SIDDHICOTS,SM,,,,,SIDDHI COTSPIN LIMITED,26.50,26.60,26.30,26.40,26.40,26.60,,26.40,,,8400,221640.00,7,F1,1200,,,,,
2026-09-28,2026-09-28,CM,NSE,STK,3148,INE0A1E01018,SIDDHIKA,SM,,,,,SIDDHIKA COATINGS LIMITED,218.35,218.35,207.45,208.80,207.45,218.35,,208.80,,,7500,1587950.00,12,F1,500,,,,,
2026-09-28,2026-09-28,CM,NSE,STK,756871,INE1NPP01017,ENRIN,EQ,,,,,SIEMENS ENERGY INDIA LTD,3333.00,3334.90,3168.80,3189.00,3198.10,3313.00,,3189.14,,,306877,986849987.90,36239,F1,1,,,,,
2026-09-28,2026-09-28,CM,NSE,STK,3150,INE003A01024,SIEMENS,EQ,,,,,SIEMENS LTD,3860.20,3862.70,3772.00,3785.50,3785.50,3877.00,,3785.58,,,180360,686495156.00,14298,F1,1,,,,,
2026-09-28,2026-09-28,CM,NSE,STK,6663,INE0D0K01022,SIGACHI,EQ,,,,,SIGACHI INDUSTRIES LTD,29.40,29.45,28.57,28.77,28.85,29.43,,28.77,,,1687256,48798928.16,5757,F1,1,,,,,
2026-09-28,2026-09-28,CM,NSE,STK,14797,INE933B01012,SIGMAADV,BE,,,,,SIGMA ADVANCED SYSTEM LTD,939.00,960.00,900.00,930.40,920.10,946.00,,930.23,,,304695,280701975.25,5289,F1,1,,,,,
2026-09-28,2026-09-28,CM,NSE,STK,16658,INE0A0S01028,SIGMA,EQ,,,,,SIGMA SOLVE LIMITED,47.00,47.00,44.50,44.74,44.75,45.61,,44.74,,,58662,2660921.23,1021,F1,1,,,,,
2026-09-28,2026-09-28,CM,NSE,STK,18743,INE903U01023,SIGNATURE,EQ,,,,,SIGNATUREGLOBAL INDIA LTD,805.00,828.00,761.25,780.35,770.10,788.85,,780.34,,,1645065,1299611141.75,62889,F1,1,,,,,
2026-09-28,2026-09-28,CM,NSE,STK,4517,INE529F01035,SIGIND,BE,,,,,SIGNET INDUSTRIES LIMITED,68.00,71.00,67.01,69.04,68.34,68.02,,69.04,,,6216,425211.22,84,F1,1,,,,,
2026-09-28,2026-09-28,CM,NSE,STK,22656,INE0KGZ01021,SIGNPOST,EQ,,,,,SIGNPOST INDIA LIMITED,273.80,273.80,263.50,264.40,268.70,271.20,,264.39,,,38998,10357137.40,1184,F1,1,,,,,
2026-09-28,2026-09-28,CM,NSE,STK,762914,INE438E01032,SIKA,EQ,,,,,SIKA INTERPLANT SYSTEMS L,1050.65,1050.65,1011.00,1021.35,1018.00,1045.45,,1021.35,,,16383,16765763.60,1970,F1,1,,,,,
2026-09-28,2026-09-28,CM,NSE,STK,6226,INE112X01025,SIKKO,BE,,,,,SIKKO INDUSTRIES LIMITED,6.51,6.70,6.50,6.53,6.51,6.51,,6.53,,,501739,3285959.99,859,F1,1,,,,,
2026-09-28,2026-09-28,CM,NSE,STK,4105,INE923A01015,SILINV,EQ,,,,,SIL INVESTMENTS LIMITED,450.00,454.90,440.00,444.70,444.00,452.95,,444.70,,,2338,1038481.15,78,F1,1,,,,,
2026-09-28,2026-09-28,CM,NSE,STK,2492,INE01II01013,SILGO,EQ,,,,,SILGO RETAIL LIMITED,70.10,70.10,66.65,68.31,66.65,69.79,,68.31,,,24934,1719157.77,356,F1,1,,,,,
2026-09-28,2026-09-28,CM,NSE,STK,23736,INE0STN01015,SILKFLEX,SM,,,,,SILKFLEX POLYMERS INDIA L,287.00,292.80,279.10,287.45,286.00,285.65,,287.45,,,12000,3427150.00,12,F1,1000,,,,,
2026-09-28,2026-09-28,CM,NSE,STK,757679,INE0SN801015,SILKY,SM,,,,,SILKY OVERSEAS LIMITED,78.70,78.70,69.80,69.80,69.80,67.95,,69.80,,,2400,174720.00,3,F1,800,,,,,
2026-09-28,2026-09-28,CM,NSE,STK,9422,INE625X01026,SILVERTUC,EQ,,,,,SILVER TOUCH TECHNO LTD,156.65,156.65,145.24,145.80,147.20,147.79,,145.83,,,388655,58403329.01,8542,F1,1,,,,,
2026-09-28,2026-09-28,CM,NSE,STK,758836,INE748T01016,SIMBHALS,BZ,,,,,SIMBHAOLI SUGARS LTD.,6.31,6.43,6.20,6.43,6.43,6.31,,6.59,,,28322,181002.82,42,F1,1,,,,,
2026-09-28,2026-09-28,CM,NSE,STK,763378,INE1K4J01018,SIMCA,ST,,,,,SIMCA ADVERTISING LIMITED,292.85,292.85,288.00,288.50,288.50,281.85,,288.50,,,4800,1386150.00,8,F1,600,,,,,
2026-09-28,2026-09-28,CM,NSE,STK,3162,INE059B01024,SIMPLEXINF,EQ,,,,,SIMPLEX INFRASTRUCTURES L,248.20,250.25,239.00,241.10,241.00,250.70,,241.12,,,73641,18024907.15,1630,F1,1,,,,,
2026-09-28,2026-09-28,CM,NSE,STK,764915,INE167H01014,SIMPLXREA,EQ,,,,,SIMPLEX REALTY LTD.,125.40,131.67,119.13,126.69,128.99,125.40,,126.69,,,369,44832.60,11,F1,1,,,,,
2026-09-28,2026-09-28,CM,NSE,STK,23480,INE985A01022,SINCLAIR,EQ,,,,,SINCLAIRS HOTELS LIMITED,80.27,80.27,78.06,78.47,78.50,78.96,,78.47,,,10223,803579.99,242,F1,1,,,,,
2026-09-28,2026-09-28,CM,NSE,STK,16859,INE325D01025,SINDHUTRAD,EQ,,,,,SINDHU TRADE LINKS LTD,23.87,23.87,23.05,23.24,23.15,23.75,,23.24,,,235226,5482994.79,947,F1,1,,,,,
2026-09-28,2026-09-28,CM,NSE,STK,761420,INE638A01035,SINGERIND,EQ,,,,,SINGER INDIA LIMITED,77.05,78.98,76.00,77.43,77.50,77.60,,77.39,,,80119,6207774.79,943,F1,1,,,,,
2026-09-28,2026-09-28,CM,NSE,STK,381,INE129Z01016,SINTERCOM,EQ,,,,,SINTERCOM INDIA LIMITED,79.00,80.30,76.02,76.78,77.50,77.93,,76.78,,,46818,3624310.57,57,F1,1,,,,,
2026-09-28,2026-09-28,CM,NSE,STK,11050,INE792Z01011,SIRCA,EQ,,,,,SIRCA PAINT INDIA LIMITED,410.00,410.80,405.10,406.60,405.10,410.30,,406.59,,,73509,30000830.70,1567,F1,1,,,,,
2026-09-28,2026-09-28,CM,NSE,STK,21501,INE285J01028,SIS,EQ,,,,,SIS LIMITED,418.40,418.40,378.50,394.20,394.05,418.40,,394.09,,,1838678,723664331.95,39943,F1,1,,,,,
2026-09-28,2026-09-28,CM,NSE,STK,29210,INE965H01011,SITINET,BZ,,,,,SITI NETWORKS LIMITED,0.29,0.29,0.27,0.27,0.28,0.28,,0.27,,,849807,232739.17,245,F1,1,,,,,
2026-09-28,2026-09-28,CM,NSE,STK,14096,INE076B01028,SIYSIL,EQ,,,,,SIYARAM SILK MILLS LTD,540.00,540.00,528.05,533.35,536.95,538.05,,533.30,,,16765,8949362.00,2140,F1,1,,,,,
2026-09-28,2026-09-28,CM,NSE,STK,6643,INE284S01014,SJS,EQ,,,,,SJS ENTERPRISES LIMITED,2310.00,2310.00,2257.70,2261.70,2267.20,2317.60,,2261.78,,,60843,138203316.00,9572,F1,1,,,,,
2026-09-28,2026-09-28,CM,NSE,STK,18883,INE002L01015,SJVN,EQ,,,,,SJVN LTD,61.76,61.85,60.55,61.06,61.77,61.76,,61.06,,,1991075,121406483.46,19902,F1,1,,,,,
2026-09-28,2026-09-28,CM,NSE,STK,760101,INE2J8701016,SKFINDUS,EQ,,,,,SKF IND (INDUSTRIAL) LTD,2899.00,2922.20,2850.00,2881.70,2889.90,2918.00,,2881.52,,,38212,110494055.30,4463,F1,1,,,,,
2026-09-28,2026-09-28,CM,NSE,STK,3186,INE640A01023,SKFINDIA,EQ,,,,,SKF INDIA LTD,1533.00,1554.60,1498.10,1511.80,1521.10,1539.80,,1512.02,,,38728,58767375.80,7145,F1,1,,,,,
2026-09-28,2026-09-28,CM,NSE,STK,24107,INE429F01012,SKIL,BZ,,,,,SKIL INFRASTRUCTURE LTD.,0.97,0.97,0.89,0.97,0.97,0.93,,0.97,,,87859,83899.25,66,F1,1,,,,,
2026-09-28,2026-09-28,CM,NSE,STK,9428,INE439E01022,SKIPPER,EQ,,,,,SKIPPER LIMITED,553.00,555.00,533.90,535.65,537.90,551.15,,535.65,,,376724,203888284.35,12951,F1,1,,,,,
2026-09-28,2026-09-28,CM,NSE,STK,4732,INE411D01023,SKMEGGPROD,EQ,,,,,SKM EGG PROD EXPORT(I) LT,220.00,220.00,209.40,211.35,212.00,220.40,,211.43,,,207652,44226216.15,3636,F1,1,,,,,
2026-09-28,2026-09-28,CM,NSE,STK,10325,INE0KZA01016,SKP,SM,,,,,SKP BEARING INDUSTRI. LTD,159.00,163.55,159.00,162.55,163.00,159.25,,162.55,,,65500,10662125.00,85,F1,500,,,,,
2026-09-28,2026-09-28,CM,NSE,STK,13631,INE01IU01018,SKYGOLD,EQ,,,,,SKY GOLD AND DIAMONDS LTD,799.00,812.00,791.10,796.95,797.90,793.55,,796.97,,,976252,782132077.45,27165,F1,1,,,,,
2026-09-28,2026-09-28,CM,NSE,STK,765333,INE0VFE01017,SKYTECH,SM,,,,,SKYTECH INFINITE PLATFM L,33.65,33.65,33.65,33.65,33.65,32.05,,33.65,,,9600,323040.00,4,F1,1600,,,,,
2026-09-28,2026-09-28,CM,NSE,STK,765480,INE0PX301025,SKYWAYS,EQ,,,,,SKYWAYS AIR SERVICES LTD,126.50,127.50,118.00,119.21,120.00,126.97,,119.21,,,2746192,334232509.37,20604,F1,1,,,,,
2026-09-28,2026-09-28,CM,NSE,STK,23692,INE0SMA01017,SLONE,ST,,,,,SLONE INFOSYSTEMS LIMITED,170.00,170.00,163.25,168.25,163.30,171.80,,168.25,,,6400,1068600.00,12,F1,400,,,,,
2026-09-28,2026-09-28,CM,NSE,STK,757619,INE14GK01016,SMARTEN,SM,,,,,SMARTEN POWER SYSTEMS LTD,64.50,67.00,63.50,63.80,63.60,64.50,,63.80,,,57600,3747660.00,37,F1,1200,,,,,
2026-09-28,2026-09-28,CM,NSE,STK,9893,INE178C01020,SMARTLINK,BE,,,,,SMARTLINK HOLDINGS LTD,215.11,215.11,205.25,208.53,212.80,215.43,,209.02,,,5335,1126562.85,73,F1,1,,,,,
2026-09-28,2026-09-28,CM,NSE,STK,757965,INE0NAZ01010,SMARTWORKS,EQ,,,,,SMARTWORKS COWORKING SP L,528.00,529.30,509.00,511.65,511.55,529.90,,511.66,,,43089,22214039.25,1587,F1,1,,,,,
2026-09-28,2026-09-28,CM,NSE,STK,760218,INE05NX24023,8SMC29,N1,,,,,SMC 8% 2029 STRPP A,498.00,500.00,498.00,500.00,500.00,513.00,,500.00,,,150,74900.00,8,F1,1,,,,,
2026-09-28,2026-09-28,CM,NSE,STK,2320,INE103C01036,SMCGLOBAL,EQ,,,,,SMC GLOBAL SECURITIES LTD,86.04,100.98,84.86,97.23,96.70,85.60,,97.23,,,26689199,2590586376.56,134119,F1,1,,,,,
2026-09-28,2026-09-28,CM,NSE,STK,3387,INE294B01019,SMLMAH,EQ,,,,,SML MAHINDRA LIMITED,6849.00,6884.00,6485.00,6515.50,6512.50,6825.50,,6515.79,,,67169,442692964.50,8684,F1,1,,,,,
2026-09-28,2026-09-28,CM,NSE,STK,14329,INE812G01025,SMSPHARMA,EQ,,,,,SMS PHARMACEUTICALS LTD.,474.05,476.00,460.00,462.15,463.00,475.00,,462.14,,,387779,181152626.30,20699,F1,1,,,,,
2026-09-28,2026-09-28,CM,NSE,STK,758946,INE1OIC01018,SNEHAA,SM,,,,,SNEHAA ORGANICS LIMITED,48.00,48.00,44.25,45.20,45.20,43.00,,45.20,,,10000,463900.00,9,F1,1000,,,,,
2026-09-28,2026-09-28,CM,NSE,STK,4843,INE734N01019,SNOWMAN,EQ,,,,,SNOWMAN LOGISTICS LTD.,34.50,36.00,34.06,35.09,35.28,34.91,,35.09,,,212441,7375897.73,1170,F1,1,,,,,
2026-09-28,2026-09-28,CM,NSE,STK,13826,INE671H01015,SOBHA,EQ,,,,,SOBHA LIMITED,1228.40,1233.60,1205.10,1218.70,1214.00,1226.60,,1218.73,,,51564,62921959.80,7290,F1,1,,,,,
2026-09-28,2026-09-28,CM,NSE,STK,8266,INE728Z01015,SOFTTECH,EQ,,,,,SOFTTECH ENGINEERS LTD,501.00,501.00,482.00,495.00,482.00,479.80,,494.90,,,2982,1476146.50,263,F1,1,,,,,
2026-09-28,2026-09-28,CM,NSE,STK,13332,INE343H01029,SOLARINDS,EQ,,,,,SOLAR INDUSTRIES (I) LTD,19750.00,19750.00,18970.00,19150.00,19150.00,19745.00,,19151.51,,,159878,3075677260.00,36253,F1,1,,,,,
2026-09-28,2026-09-28,CM,NSE,STK,3672,INE624Z01016,SOLARA,EQ,,,,,SOLARA ACTIVE PHA SCI LTD,741.70,750.00,723.75,736.30,738.00,739.15,,736.39,,,265881,195671407.05,13446,F1,1,,,,,
2026-09-28,2026-09-28,CM,NSE,STK,759929,INE0TY101024,SOLARWORLD,EQ,,,,,SOLARWORLD ENERGY SOL LTD,135.70,135.70,130.50,131.49,131.85,134.75,,131.49,,,234233,30986639.72,4131,F1,1,,,,,
2026-09-28,2026-09-28,CM,NSE,STK,759397,INE880Y01017,SOLEX,EQ,,,,,SOLEX ENERGY LIMITED,705.20,719.50,686.05,695.45,693.00,705.20,,695.41,,,38106,26688218.85,3266,F1,1,,,,,
2026-09-28,2026-09-28,CM,NSE,STK,1338,INE480C01038,SDBL,EQ,,,,,SOM DIST & BREW LTD,81.92,83.80,78.11,80.62,81.20,74.36,,80.61,,,19487717,1559546884.12,84731,F1,1,,,,,
2026-09-28,2026-09-28,CM,NSE,STK,4201,INE314C01013,SOMATEX,EQ,,,,,SOMA TEXTILES & INDUST LT,81.80,81.80,79.40,80.35,80.75,80.04,,80.31,,,4765,382276.01,89,F1,1,,,,,
2026-09-28,2026-09-28,CM,NSE,STK,3880,INE355A01028,SOMANYCERA,EQ,,,,,SOMANY CERAMICS LIMITED,618.05,627.30,610.00,620.05,619.10,618.05,,620.08,,,132882,82342255.35,8706,F1,1,,,,,
2026-09-28,2026-09-28,CM,NSE,STK,17794,INE323J01019,SOMICONVEY,EQ,,,,,SOMI CONVEYOR BELT. LTD.,89.20,91.79,89.00,89.18,89.50,89.59,,89.18,,,7058,637467.69,186,F1,1,,,,,
2026-09-28,2026-09-28,CM,NSE,STK,4684,INE073K01018,SONACOMS,EQ,,,,,SONA BLW PRECISION FRGS L,824.50,827.90,805.10,807.90,807.90,824.50,,807.78,,,3616948,2959228532.65,63742,F1,1,,,,,
2026-09-28,2026-09-28,CM,NSE,STK,23052,INE0Q6H01012,SONAMAC,SM,,,,,SONA MACHINERY LIMITED,31.00,31.00,31.00,31.00,31.00,31.00,,31.00,,,2000,62000.00,2,F1,1000,,,,,
2026-09-28,2026-09-28,CM,NSE,STK,762919,INE321M01017,SONAL,EQ,,,,,SONAL MERCANTILE LTD.,85.00,92.00,83.32,92.00,92.00,87.70,,92.00,,,127,10819.28,7,F1,1,,,,,
2026-09-28,2026-09-28,CM,NSE,STK,8817,INE00LM01029,SONAMLTD,BE,,,,,SONAM LIMITED,70.00,70.82,68.00,69.54,69.95,69.37,,69.54,,,73220,5090743.14,243,F1,1,,,,,
2026-09-28,2026-09-28,CM,NSE,STK,766203,INE0LLZ01011,SONA,BE,,,,,SONASELECTION INDIA LTD,100.10,100.60,96.95,96.95,96.95,102.05,,96.96,,,513848,50177490.79,2280,F1,1,,,,,
2026-09-28,2026-09-28,CM,NSE,STK,6596,INE269A01021,SONATSOFTW,EQ,,,,,SONATA SOFTWARE LTD,277.35,279.35,272.55,274.05,276.00,279.90,,274.03,,,261810,72038244.75,8185,F1,1,,,,,
2026-09-28,2026-09-28,CM,NSE,STK,9458,INE0JZA01018,SONUINFRA,SM,,,,,SONU INFRATECH LIMITED,46.10,46.10,41.85,44.00,44.00,44.00,,44.00,,,16500,718950.00,11,F1,1500,,,,,
2026-09-28,2026-09-28,CM,NSE,STK,9678,INE980Y01015,SOUTHWEST,EQ,,,,,SOUTH WEST PINNACLE LTD,185.35,194.00,183.50,189.85,187.00,186.71,,189.84,,,127065,23851650.86,3397,F1,1,,,,,
2026-09-28,2026-09-28,CM,NSE,STK,19372,INE970N01027,SPCENET,EQ,,,,,SPACENET ENTERS IND LTD,3.35,3.44,3.23,3.29,3.32,3.35,,3.29,,,330820,1087440.96,399,F1,1,,,,,
2026-09-28,2026-09-28,CM,NSE,STK,11435,INE572J01011,SPANDANA,EQ,,,,,SPANDANA SPHOORTY FIN LTD,225.50,229.01,221.10,228.35,228.90,225.53,,228.36,,,192055,43271065.90,4745,F1,1,,,,,
2026-09-28,2026-09-28,CM,NSE,STK,27111,INE247M01014,SPECIALITY,BE,,,,,SPECIALITY REST LTD,153.00,154.00,150.50,150.89,151.00,152.76,,150.89,,,13417,2027669.28,118,F1,1,,,,,
2026-09-28,2026-09-28,CM,NSE,STK,766218,INE0GAN01010,SPECTRAA,ST,,,,,SPECTRAA TECH SOLUTIONS L,248.00,255.00,234.80,248.50,249.00,247.15,,248.50,,,723600,174780540.00,531,F1,1200,,,,,
2026-09-28,2026-09-28,CM,NSE,STK,30457,INE01EO01010,SPECTRUM,BE,,,,,SPECTRUM ELECTRIC IND LTD,3510.00,3665.90,3373.00,3578.70,3598.00,3518.80,,3578.83,,,7291,25932278.30,813,F1,1,,,,,
2026-09-28,2026-09-28,CM,NSE,STK,16876,INE0OL001018,SPECTSTM,SM,,,,,SPECTRUM TALENT MGMT LTD,57.00,57.00,54.25,55.50,55.50,60.35,,55.50,,,39200,2188600.00,27,F1,800,,,,,
2026-09-28,2026-09-28,CM,NSE,STK,764923,INE252A01019,SPELS,BE,,,,,SPEL SEMICONDUCTOR LTD,124.89,124.89,124.89,124.89,124.89,131.46,,124.92,,,18516,2312463.24,678,F1,1,,,,,
2026-09-28,2026-09-28,CM,NSE,STK,8163,INE020801028,SPENCERS,EQ,,,,,SPENCER S RETAIL LIMITED,28.50,28.52,27.11,27.41,27.18,28.07,,27.41,,,17383,481226.89,315,F1,1,,,,,
2026-09-28,2026-09-28,CM,NSE,STK,3252,INE147A01011,SPIC,EQ,,,,,SPIC LTD,64.35,64.59,62.40,62.75,62.88,64.73,,62.76,,,333575,21155518.64,3274,F1,1,,,,,
2026-09-28,2026-09-28,CM,NSE,STK,11935,INE978G01016,SPLIL,EQ,,,,,SPL INDUSTRIES LIMITED,31.40,31.40,29.70,29.87,29.70,30.99,,29.87,,,8849,266893.95,106,F1,1,,,,,
2026-09-28,2026-09-28,CM,NSE,STK,3321,INE937A01023,SPMLINFRA,EQ,,,,,SPML INFRA LIMITED,163.00,165.44,160.23,161.42,161.49,165.86,,161.41,,,114032,18470861.29,1843,F1,1,,,,,
2026-09-28,2026-09-28,CM,NSE,STK,10733,INE885H01029,SPORTKING,EQ,,,,,SPORTKING INDIA LIMITED,213.62,213.62,205.70,207.42,207.00,213.62,,207.41,,,171667,35820576.82,4785,F1,1,,,,,
2026-09-28,2026-09-28,CM,NSE,STK,17186,INE526E01018,SHRIPISTON,EQ,,,,,SPR AUTO TECHNOLOGIES LTD,4780.00,4843.00,4624.00,4645.30,4645.00,4746.80,,4645.28,,,132283,621587698.50,29645,F1,1,,,,,
2026-09-28,2026-09-28,CM,NSE,STK,757865,INE19QH01010,SPUNWEB,SM,,,,,SPUNWEB NONWOVEN LIMITED,100.50,100.50,99.25,99.25,99.25,100.00,,99.25,,,3600,360300.00,3,F1,1200,,,,,
2026-09-28,2026-09-28,CM,NSE,STK,14582,INE917H01012,SRHHYPOLTD,EQ,,,,,SREE RAYALSEEMA HHP LTD.,607.95,607.95,566.10,570.00,568.10,594.80,,570.24,,,21927,12690467.00,2052,F1,1,,,,,
2026-09-28,2026-09-28,CM,NSE,STK,31841,INE099F01013,SREEL,BE,,,,,SREELEATHERS LIMITED,308.70,308.70,295.00,296.09,295.00,298.51,,295.45,,,10379,3098509.20,156,F1,1,,,,,
2026-09-28,2026-09-28,CM,NSE,STK,3273,INE647A01010,SRF,EQ,,,,,SRF LTD,2527.30,2527.30,2487.40,2491.50,2491.50,2540.00,,2491.50,,,183054,457465517.60,20298,F1,1,,,,,
2026-09-28,2026-09-28,CM,NSE,STK,18119,INE559N01010,SRGHFL,EQ,,,,,SRG HOUSING FINANCE L,140.15,152.65,139.50,140.95,140.95,146.80,,139.37,,,11180,1583490.60,209,F1,1,,,,,
2026-09-28,2026-09-28,CM,NSE,STK,7457,INE293B01029,HAVISHA,EQ,,,,,SRI HAVISHA HOSP & INFR L,1.40,1.59,1.23,1.38,1.44,1.38,,1.39,,,103466,147155.43,232,F1,1,,,,,
2026-09-28,2026-09-28,CM,NSE,STK,765168,INE009C01019,SRIKPRIND,BE,,,,,SRI KPR INDUSTRIES LTD.,28.00,28.00,25.95,27.78,27.90,27.31,,27.80,,,3487,93570.26,33,F1,1,,,,,
2026-09-28,2026-09-28,CM,NSE,STK,758147,INE0V9Q01010,LOTUSDEV,BE,,,,,SRI LOTUS DEVLPRS N RTY L,218.99,220.90,207.10,208.05,208.97,217.99,,208.06,,,2071422,439704321.53,3281,F1,1,,,,,
2026-09-28,2026-09-28,CM,NSE,STK,761393,INE0TPJ01019,SPCON,SM,,,,,SRINIBAS PRADHAN CONST L,167.00,167.00,167.00,167.00,167.00,166.15,,167.00,,,1200,200400.00,1,F1,1200,,,,,
2026-09-28,2026-09-28,CM,NSE,STK,18059,INE0ON201012,SSFL,ST,,,,,SRIVARI SPICES N FOODS L,288.10,301.95,282.00,282.00,282.00,288.10,,282.00,,,7500,2194000.00,15,F1,500,,,,,
2026-09-28,2026-09-28,CM,NSE,STK,14416,INE0NPI01014,SRIVASAVI,ST,,,,,SRIVASAVI ADHESIVE TAPE L,84.20,84.25,81.70,81.70,81.70,85.95,,81.70,,,19000,1572500.00,10,F1,1000,,,,,
2026-09-28,2026-09-28,CM,NSE,STK,23402,INE0R6Z01013,SRM,EQ,,,,,SRM CONTRACTORS LIMITED,412.10,414.20,404.05,407.35,405.10,416.25,,407.37,,,37997,15519757.10,1895,F1,1,,,,,
2026-09-28,2026-09-28,CM,NSE,STK,766176,INE1EQW01028,SSRETAIL,EQ,,,,,SS RETAIL LIMITED,737.70,777.60,700.00,716.95,732.05,728.20,,717.01,,,28125284,20437157642.40,613307,F1,1,,,,,
2026-09-28,2026-09-28,CM,NSE,STK,29205,INE0RYC01010,STALLION,BE,,,,,STALLION IND FLUOROCHEM L,228.02,228.95,219.30,221.54,221.00,225.76,,221.56,,,121061,26906877.71,1488,F1,1,,,,,
2026-09-28,2026-09-28,CM,NSE,STK,29075,INE0M4D01010,SETL,EQ,,,,,STANDARD ENGNG TCNLGY LTD,402.05,422.65,394.00,422.65,422.65,402.55,,422.65,,,974559,402532072.80,13387,F1,1,,,,,
2026-09-28,2026-09-28,CM,NSE,STK,11297,INE173A01025,SIL,EQ,,,,,STANDARD INDUSTRIES LTD.,16.95,16.95,16.26,16.63,16.66,16.74,,16.63,,,24249,400084.50,271,F1,1,,,,,
2026-09-28,2026-09-28,CM,NSE,STK,24226,INE01A001028,STANLEY,EQ,,,,,STANLEY LIFESTYLES LTD,144.97,145.49,134.55,135.81,135.75,144.32,,135.83,,,174411,24182352.93,3087,F1,1,,,,,
2026-09-28,2026-09-28,CM,NSE,STK,21091,INE460H01021,STARCEMENT,EQ,,,,,STAR CEMENT LIMITED,187.18,187.18,182.00,182.42,182.00,186.61,,182.42,,,115025,21122011.63,3437,F1,1,,,,,
2026-09-28,2026-09-28,CM,NSE,STK,7083,INE575P01011,STARHEALTH,EQ,,,,,STAR HEALTH & AL INS CO L,550.80,559.50,540.50,552.50,553.40,558.15,,552.50,,,369082,204268422.85,17523,F1,1,,,,,
2026-09-28,2026-09-28,CM,NSE,STK,3291,INE733A01018,STARPAPER,EQ,,,,,STAR PAPER MILLS LTD,155.06,157.25,151.11,151.52,152.00,155.06,,151.52,,,2005,305839.68,96,F1,1,,,,,
2026-09-28,2026-09-28,CM,NSE,STK,9305,INE992I01013,STARTECK,EQ,,,,,STARTECK FINANCE LIMITED,269.00,315.00,261.95,314.00,315.00,262.50,,314.00,,,14621,4401476.75,490,F1,1,,,,,
2026-09-28,2026-09-28,CM,NSE,STK,3045,INE062A01020,SBIN,EQ,,,,,STATE BANK OF INDIA,980.10,982.50,956.10,962.00,962.00,983.00,,962.00,,,9846646,9490928814.70,204761,F1,1,,,,,
2026-09-28,2026-09-28,CM,NSE,STK,766065,INE0FRO01022,STEAMHOUSE,EQ,,,,,STEAMHOUSE INDIA LIMITED,111.00,111.65,106.85,107.57,107.40,110.81,,107.58,,,3252011,353920186.65,18469,F1,1,,,,,
2026-09-28,2026-09-28,CM,NSE,STK,2963,INE114A01011,SAIL,EQ,,,,,STEEL AUTHORITY OF INDIA,185.71,188.22,182.76,184.20,184.20,185.00,,184.21,,,14311000,2653082593.09,70463,F1,1,,,,,
2026-09-28,2026-09-28,CM,NSE,STK,10406,INE395H01011,STEELCITY,EQ,,,,,STEEL CITY SECURITIES LTD,80.82,82.34,80.01,81.88,82.24,80.82,,81.88,,,5130,417517.63,147,F1,1,,,,,
2026-09-28,2026-09-28,CM,NSE,STK,21339,INE503B01021,STEELXIND,EQ,,,,,STEEL EXCHANGE INDIA LTD,11.29,11.38,11.02,11.10,11.15,11.29,,11.10,,,5126545,57145361.48,3982,F1,1,,,,,
2026-09-28,2026-09-28,CM,NSE,STK,765170,INE205F01016,STLSTRINF,EQ,,,,,STEEL STRIPS INFRA L,24.00,24.30,22.86,23.80,23.80,23.20,,23.80,,,5237,126178.06,103,F1,1,,,,,
2026-09-28,2026-09-28,CM,NSE,STK,11829,INE802C01033,SSWL,EQ,,,,,STEEL STRIPS WHEELS LTD.,382.00,390.00,376.00,388.65,388.75,378.75,,388.66,,,1382064,533954344.85,36849,F1,1,,,,,
2026-09-28,2026-09-28,CM,NSE,STK,6803,INE124E01038,STEELCAS,EQ,,,,,STEELCAST LIMITED,379.50,380.05,365.35,370.75,370.00,376.50,,370.66,,,197288,73658711.10,8140,F1,1,,,,,
2026-09-28,2026-09-28,CM,NSE,STK,21484,INE577L01016,STEL,EQ,,,,,STEL HOLDINGS LIMITED,619.30,626.05,600.05,608.70,610.00,619.30,,608.70,,,4923,3023505.05,469,F1,1,,,,,
2026-09-28,2026-09-28,CM,NSE,STK,4299,INE334A01023,STERTOOLS,EQ,,,,,STERLING TOOLS LIMITED,240.00,240.65,223.50,224.13,224.80,239.46,,224.21,,,50109,11448592.56,1845,F1,1,,,,,
2026-09-28,2026-09-28,CM,NSE,STK,9313,INE089C01029,STLTECH,BE,,,,,STERLITE TECHNOLOGIES LTD,829.90,834.70,800.15,825.35,818.00,837.20,,825.30,,,1026777,837115474.10,32776,F1,1,,,,,
2026-09-28,2026-09-28,CM,NSE,STK,13367,INE353H01010,SGL,EQ,,,,,STL GLOBAL LIMITED,9.64,9.64,8.68,9.12,9.19,9.03,,9.12,,,10634,97520.10,171,F1,1,,,,,
2026-09-28,2026-09-28,CM,NSE,STK,758958,INE1VXE01018,STLNETWORK,EQ,,,,,STL NETWORKS LIMITED,55.40,56.50,51.88,52.06,51.88,54.61,,52.06,,,18589690,987481816.20,37227,F1,1,,,,,
2026-09-28,2026-09-28,CM,NSE,STK,2107,INE00IN01015,STOVEKRAFT,EQ,,,,,STOVE KRAFT LIMITED,806.00,824.90,795.00,797.15,799.00,814.40,,797.13,,,74356,60099599.15,6204,F1,1,,,,,
2026-09-28,2026-09-28,CM,NSE,STK,761091,INE1XWN01017,STRIDERS,SM,,,,,STRIDERS IMPEX LIMITED,50.00,51.70,49.95,51.70,51.70,50.25,,51.70,,,43200,2166320.00,9,F1,1600,,,,,
2026-09-28,2026-09-28,CM,NSE,STK,7374,INE939A01011,STAR,EQ,,,,,STRIDES PHARMA SCI LTD,1175.80,1186.00,1148.20,1151.40,1153.00,1184.90,,1151.40,,,115834,134426511.10,12293,F1,1,,,,,
2026-09-28,2026-09-28,CM,NSE,STK,12489,INE00M201021,SWSOLAR,EQ,,,,,STRLNG & WIL REN ENE LTD,175.52,175.91,169.50,170.74,170.45,176.65,,170.74,,,902418,156055688.62,9221,F1,1,,,,,
2026-09-28,2026-09-28,CM,NSE,STK,759587,INE00Q601028,STUDDS,EQ,,,,,STUDDS ACCESSORIES LTD,413.20,413.20,396.00,398.00,400.00,410.00,,398.04,,,50079,20098903.90,3766,F1,1,,,,,
2026-09-28,2026-09-28,CM,NSE,STK,758527,INE17VO01028,STUDIOLSD,SM,,,,,STUDIO LSD LIMITED,8.95,9.00,8.85,9.00,9.00,9.05,,9.00,,,10000,89100.00,4,F1,2000,,,,,
2026-09-28,2026-09-28,CM,NSE,STK,5186,INE239C01020,STYLAMIND,EQ,,,,,STYLAM INDUSTRIES LIMITED,3375.00,3388.70,3250.00,3281.30,3275.00,3369.40,,3281.22,,,51893,171062094.40,16068,F1,1,,,,,
2026-09-28,2026-09-28,CM,NSE,STK,19,INE189B01011,STYRENIX,EQ,,,,,STYRENIX PERFORMANCE LTD,2069.00,2074.70,2031.60,2036.40,2050.00,2067.00,,2036.45,,,22249,45585038.00,2937,F1,1,,,,,
2026-09-28,2026-09-28,CM,NSE,STK,760112,INE0RYR01018,SUBAHOTELS,SM,,,,,SUBA HOTELS LIMITED,90.90,91.20,89.00,90.60,91.20,91.00,,90.60,,,27600,2485440.00,15,F1,1200,,,,,
2026-09-28,2026-09-28,CM,NSE,STK,967,INE754A01055,SUBEXLTD,EQ,,,,,SUBEX LTD,21.42,21.54,20.20,20.33,20.40,21.41,,20.33,,,10752314,224128412.93,20071,F1,1,,,,,
2026-09-28,2026-09-28,CM,NSE,STK,3324,INE287B01021,SUBROS,EQ,,,,,SUBROS LIMITED,720.00,720.00,694.80,700.30,699.90,720.90,,700.31,,,37760,26698173.45,2725,F1,1,,,,,
2026-09-28,2026-09-28,CM,NSE,STK,3327,INE659A01023,SUDARSCHEM,EQ,,,,,SUDARSHAN CHEMICAL INDS L,1216.00,1225.30,1193.10,1199.60,1204.00,1218.90,,1199.60,,,94601,113822654.40,8903,F1,1,,,,,
2026-09-28,2026-09-28,CM,NSE,STK,715,INE492A01029,SUDARCOLOR,EQ,,,,,SUDARSHAN COLORNT IND LTD,390.00,396.85,386.00,387.90,387.00,394.55,,387.90,,,4042,1578165.60,214,F1,1,,,,,
2026-09-28,2026-09-28,CM,NSE,STK,760039,INE0QPI01025,SUDEEPPHRM,EQ,,,,,SUDEEP PHARMA LIMITED,1192.00,1192.00,1124.10,1138.80,1136.00,1164.90,,1138.76,,,146912,167929915.70,13562,F1,1,,,,,
2026-09-28,2026-09-28,CM,NSE,STK,11804,INE450E01029,SUKHJITS,EQ,,,,,SUKHJIT STARCH & CHEM LTD,160.05,161.45,157.00,157.10,157.12,159.86,,157.11,,,8219,1303839.15,215,F1,1,,,,,
2026-09-28,2026-09-28,CM,NSE,STK,13218,INE142Q01026,SULA,EQ,,,,,SULA VINEYARDS LIMITED,135.00,135.99,133.00,133.50,133.50,135.13,,133.51,,,161627,21622518.93,3725,F1,1,,,,,
2026-09-28,2026-09-28,CM,NSE,STK,765507,INE11Z001019,SUMAX,SM,,,,,SUMAX ENGINEERING LIMITED,108.05,112.00,107.10,110.00,110.00,109.15,,110.00,,,74400,8192940.00,47,F1,1200,,,,,
2026-09-28,2026-09-28,CM,NSE,STK,765175,INE886B01012,SUMEDHA,EQ,,,,,SUMEDHA FISCAL SERVICES L,42.75,45.99,40.10,43.96,43.96,42.95,,44.50,,,3643,159680.33,137,F1,1,,,,,
2026-09-28,2026-09-28,CM,NSE,STK,20790,INE235C01036,SUMEETINDS,EQ,,,,,SUMEET IND LIMITED,12.55,12.69,11.58,11.59,11.58,12.18,,11.58,,,2699322,32084041.08,3403,F1,1,,,,,
2026-09-28,2026-09-28,CM,NSE,STK,11140,INE748Z01013,SUMIT,EQ,,,,,SUMIT WOODS LIMITED,51.50,51.50,47.09,49.52,49.00,49.19,,49.52,,,35655,1732806.53,160,F1,1,,,,,
2026-09-28,2026-09-28,CM,NSE,STK,17105,INE258G01013,SUMICHEM,EQ,,,,,SUMITOMO CHEM INDIA LTD,446.60,448.20,432.05,433.75,433.00,446.35,,433.74,,,221463,96437805.45,12182,F1,1,,,,,
2026-09-28,2026-09-28,CM,NSE,STK,21275,INE519C01017,SUMMITSEC,EQ,,,,,SUMMIT SECURITIES LTD,1400.00,1409.00,1330.10,1337.40,1338.00,1384.30,,1337.52,,,9444,12773661.10,976,F1,1,,,,,
2026-09-28,2026-09-28,CM,NSE,STK,14788,INE232I01014,SPARC,EQ,,,,,SUN PHARMA ADV.RES.CO.LTD,209.00,211.67,201.62,202.85,203.00,209.05,,202.84,,,1280826,263136384.88,22107,F1,1,,,,,
2026-09-28,2026-09-28,CM,NSE,STK,3351,INE044A01036,SUNPHARMA,EQ,,,,,SUN PHARMACEUTICAL IND L,1844.00,1856.60,1838.00,1838.00,1838.00,1852.20,,1838.01,,,947719,1751826515.00,56198,F1,1,,,,,
2026-09-28,2026-09-28,CM,NSE,STK,13404,INE424H01027,SUNTV,EQ,,,,,SUN TV NETWORK LIMITED,510.60,533.00,506.10,519.90,519.60,513.20,,519.90,,,1271129,665773902.20,38149,F1,1,,,,,
2026-09-28,2026-09-28,CM,NSE,STK,4179,INE073D01013,SUNDRMBRAK,EQ,,,,,SUNDARAM BRAK LININGS LTD,734.00,734.00,692.00,698.80,693.15,670.10,,697.48,,,2691,1900702.85,260,F1,1,,,,,
2026-09-28,2026-09-28,CM,NSE,STK,20956,INE0Q3R01026,SUNCLAY,EQ,,,,,SUNDARAM CLAYTON LIMITED,1253.80,1253.80,1228.00,1229.90,1228.00,1236.70,,1229.90,,,14053,17292185.60,432,F1,1,,,,,
2026-09-28,2026-09-28,CM,NSE,STK,3339,INE660A01013,SUNDARMFIN,EQ,,,,,SUNDARAM FINANCE LTD,4508.00,4508.10,4388.90,4453.40,4439.00,4508.00,,4453.33,,,30546,135205996.50,8116,F1,1,,,,,
2026-09-28,2026-09-28,CM,NSE,STK,18931,INE108E01023,SUNDARAM,EQ,,,,,SUNDARAM MULTI PAP LTD,1.15,1.15,1.12,1.13,1.14,1.14,,1.13,,,160962,182316.09,262,F1,1,,,,,
2026-09-28,2026-09-28,CM,NSE,STK,3345,INE387A01021,SUNDRMFAST,EQ,,,,,SUNDRAM FASTENERS LTD,1178.90,1182.90,1160.70,1166.60,1161.10,1178.90,,1166.63,,,78217,91531510.40,11621,F1,1,,,,,
2026-09-28,2026-09-28,CM,NSE,STK,761202,INE0CTB01014,SOCL,SM,,,,,SUNDREX OIL COMPANY LTD,29.10,29.10,27.55,28.00,28.20,29.00,,28.00,,,20800,586960.00,12,F1,1600,,,,,
2026-09-28,2026-09-28,CM,NSE,STK,1663,INE209A01019,SUNDROP,EQ,,,,,SUNDROP BRANDS LIMITED,764.40,764.40,739.75,740.20,740.00,745.75,,740.20,,,20187,15003635.95,762,F1,1,,,,,
2026-09-28,2026-09-28,CM,NSE,STK,3348,INE947A01014,SUNFLAG,EQ,,,,,SUNFLAG IRON AND STEEL CO,415.80,451.70,412.35,449.20,451.70,410.65,,449.27,,,4467850,1977928474.75,68043,F1,1,,,,,
2026-09-28,2026-09-28,CM,NSE,STK,18264,INE0O3O01017,SEL,SM,,,,,SUNGARNER ENERGIES LTD,341.00,341.00,332.10,332.10,332.10,343.25,,332.10,,,400,134620.00,2,F1,200,,,,,
2026-09-28,2026-09-28,CM,NSE,STK,765180,INE671C01016,SUNLOC,EQ,,,,,SUNIL HEALTHCARE LTD.,70.90,70.90,70.90,70.90,70.90,70.90,,70.90,,,1,70.90,1,F1,1,,,,,
2026-09-28,2026-09-28,CM,NSE,STK,24868,INE0U2N01013,SUNLITE,SM,,,,,SUNLITE RECYCLING IND LTD,614.00,620.00,588.00,606.25,600.00,612.05,,606.25,,,27600,16643715.00,84,F1,300,,,,,
2026-09-28,2026-09-28,CM,NSE,STK,764925,INE671K01027,SUNRAKSHAK,EQ,,,,,SUNRAKSHAKK INDUS IND L,366.00,367.85,357.00,359.65,359.00,366.20,,359.66,,,8487,3067815.55,638,F1,1,,,,,
2026-09-28,2026-09-28,CM,NSE,STK,20213,INE0PLZ01012,SUNREST,SM,,,,,SUNREST LIFESCIENCE LTD,36.00,36.25,36.00,36.25,36.25,37.50,,36.25,,,3200,115600.00,2,F1,1600,,,,,
2026-09-28,2026-09-28,CM,NSE,STK,764930,INE199E01014,SUNSHIEL,EQ,,,,,SUNSHIELD CHEMICALS LTD.,1172.50,1172.50,1104.50,1113.50,1107.20,1132.40,,1112.53,,,3467,3896183.60,381,F1,1,,,,,
2026-09-28,2026-09-28,CM,NSE,STK,765387,INE1B3O01011,SUNSHINE,EQ,,,,,SUNSHINE PICTURES LIMITED,438.80,459.20,431.85,448.85,448.00,437.45,,448.86,,,402578,179659389.05,7195,F1,1,,,,,
2026-09-28,2026-09-28,CM,NSE,STK,17641,INE805D01034,SUNTECK,EQ,,,,,SUNTECK REALTY LIMITED,281.00,282.15,275.10,276.75,275.50,283.00,,276.74,,,163885,45571435.00,6316,F1,1,,,,,
2026-09-28,2026-09-28,CM,NSE,STK,8931,INE662A01027,SUPERSPIN,BE,,,,,SUPER SPINNING MILLS LTD,7.88,8.30,7.72,7.86,7.76,7.93,,7.84,,,40000,320773.69,66,F1,1,,,,,
2026-09-28,2026-09-28,CM,NSE,STK,764938,INE460D01038,SUPTANERY,BE,,,,,SUPER TANNERY LTD.,9.14,9.14,9.14,9.14,9.14,9.62,,9.14,,,52387,478817.18,242,F1,1,,,,,
2026-09-28,2026-09-28,CM,NSE,STK,20616,INE712B01010,SUPERHOUSE,EQ,,,,,SUPERHOUSE LIMITED,166.00,166.70,160.00,160.77,160.00,164.71,,160.77,,,3797,612165.89,159,F1,1,,,,,
2026-09-28,2026-09-28,CM,NSE,STK,3147,INE843L01012,SIEL,EQ,,,,,SUPERIOR INDUSTRIAL ENT L,28.75,30.50,28.75,30.50,30.50,29.05,,30.50,,,20,592.50,4,F1,1,,,,,
2026-09-28,2026-09-28,CM,NSE,STK,11689,INE399C01030,SUPRAJIT,EQ,,,,,SUPRAJIT ENGINEERING LTD,486.00,487.00,479.10,483.60,486.00,488.00,,483.59,,,40072,19337360.50,2919,F1,1,,,,,
2026-09-28,2026-09-28,CM,NSE,STK,758997,INE319Z01021,SUPREMEENG,BZ,,,,,SUPREME ENGINEERING LTD,4.00,4.00,4.00,4.00,4.00,3.93,,4.00,,,223181,892724.00,121,F1,1,,,,,
2026-09-28,2026-09-28,CM,NSE,STK,28069,INE0U6N01014,SFML,SM,,,,,SUPREME FACILITY MGMT LTD,20.30,20.45,20.25,20.40,20.40,20.65,,20.40,,,11200,227520.00,6,F1,1600,,,,,
2026-09-28,2026-09-28,CM,NSE,STK,29439,INE822E01011,SUPREME,EQ,,,,,SUPREME HOLDIN N HOSP I L,31.00,33.00,30.95,31.55,31.00,31.39,,31.50,,,110319,3524336.84,702,F1,1,,,,,
2026-09-28,2026-09-28,CM,NSE,STK,3363,INE195A01028,SUPREMEIND,EQ,,,,,SUPREME INDUSTRIES LTD,3560.60,3560.70,3460.00,3499.80,3499.80,3550.00,,3499.80,,,198525,694946307.90,19012,F1,1,,,,,
2026-09-28,2026-09-28,CM,NSE,STK,15002,INE550H01011,SUPREMEINF,EQ,,,,,SUPREME INFRA. LTD.,81.29,83.00,78.00,79.72,78.02,81.29,,79.73,,,35228,2812167.34,1378,F1,1,,,,,
2026-09-28,2026-09-28,CM,NSE,STK,9617,INE663A01033,SPLPETRO,EQ,,,,,SUPREME PETROCHEM LIMITED,884.30,884.30,858.00,864.85,878.00,880.00,,864.83,,,90838,78778737.10,6002,F1,1,,,,,
2026-09-28,2026-09-28,CM,NSE,STK,21067,INE0QHG01026,SUPREMEPWR,SM,,,,,SUPREME POWER EQUIPMENT L,208.20,208.20,204.00,204.95,204.00,210.50,,204.95,,,39500,8123425.00,71,F1,500,,,,,
2026-09-28,2026-09-28,CM,NSE,STK,7390,INE07RO01027,SUPRIYA,EQ,,,,,SUPRIYA LIFESCIENCE LTD,982.05,1007.55,965.30,984.75,988.75,985.20,,984.75,,,441132,436649686.05,28783,F1,1,,,,,
2026-09-28,2026-09-28,CM,NSE,STK,20822,INE843S01025,SURAJEST,EQ,,,,,SURAJ ESTATE DEVELOPERS L,225.95,225.95,216.00,217.27,216.55,221.75,,217.27,,,49657,10831419.36,1228,F1,1,,,,,
2026-09-28,2026-09-28,CM,NSE,STK,24966,INE713C01016,SURAJLTD,EQ,,,,,SURAJ LIMITED,198.15,198.15,192.00,193.45,195.00,198.08,,193.71,,,610,119007.60,41,F1,1,,,,,
2026-09-28,2026-09-28,CM,NSE,STK,27334,INE877V01027,SURAKSHA,EQ,,,,,SURAKSHA DIAGNOSTIC LTD,345.90,349.80,335.00,347.05,347.70,343.30,,347.07,,,65448,22463516.55,3160,F1,1,,,,,
2026-09-28,2026-09-28,CM,NSE,STK,21077,INE272L01022,SURANASOL,EQ,,,,,SURANA SOLAR LIMITED,25.77,25.78,24.86,25.13,25.38,25.30,,25.05,,,16832,423802.95,323,F1,1,,,,,
2026-09-28,2026-09-28,CM,NSE,STK,10700,INE130B01031,SURANAT&P,EQ,,,,,SURANA TELECOM AND POW LT,16.10,16.10,15.70,15.72,15.77,15.92,,15.72,,,66366,1047877.64,333,F1,1,,,,,
2026-09-28,2026-09-28,CM,NSE,STK,8513,INE01ZJ01015,SURANI,SM,,,,,SURANI STEEL TUBES LTD.,89.00,105.00,89.00,98.45,98.45,93.10,,98.45,,,6200,615260.00,23,F1,200,,,,,
2026-09-28,2026-09-28,CM,NSE,STK,14139,INE05ST01028,SBGLP,EQ,,,,,SURATWWALA BUS GROUP LTD,23.51,24.38,22.82,23.67,23.84,23.55,,23.67,,,17722,414176.79,214,F1,1,,,,,
2026-09-28,2026-09-28,CM,NSE,STK,3375,INE335A01020,SURYAROSNI,EQ,,,,,SURYA ROSHNI LTD,227.36,227.97,219.01,220.10,219.88,227.45,,220.10,,,511823,113671584.90,6710,F1,1,,,,,
2026-09-28,2026-09-28,CM,NSE,STK,11852,INE713B01026,SURYALAXMI,EQ,,,,,SURYALAKSHMI COT MIL LTD,57.28,57.74,55.21,56.50,56.50,57.00,,56.50,,,2180,123314.48,57,F1,1,,,,,
2026-09-28,2026-09-28,CM,NSE,STK,762924,INE132C01027,SURYALA,EQ,,,,,SURYALATA SPINNING MILL L,387.00,388.00,376.25,382.00,382.00,390.00,,389.70,,,2025,767267.90,25,F1,1,,,,,
2026-09-28,2026-09-28,CM,NSE,STK,2970,INE428Q01011,SURYODAY,EQ,,,,,SURYODAY SMALL FIN BK LTD,149.12,149.12,144.12,144.99,144.90,149.12,,144.99,,,140150,20409925.28,2512,F1,1,,,,,
2026-09-28,2026-09-28,CM,NSE,STK,21321,INE0R8O23017,SEITINVIT,IV,,,,,SUSTAINABLE ENERGY INFRA,122.00,122.50,121.50,121.50,121.50,122.49,,121.50,,,850000,104087500.00,5,F1,25000,,,,,
2026-09-28,2026-09-28,CM,NSE,STK,13804,INE645H01027,SUTLEJTEX,BE,,,,,SUTLEJ TEXT & INDUS LTD,38.00,38.00,36.90,37.00,37.00,37.31,,37.06,,,15732,585341.02,71,F1,1,,,,,
2026-09-28,2026-09-28,CM,NSE,STK,11233,INE495B01038,SUVEN,EQ,,,,,SUVEN LIFE SCIENCES LTD,335.00,336.00,320.20,321.65,321.40,335.00,,321.67,,,374676,121945741.20,13909,F1,1,,,,,
2026-09-28,2026-09-28,CM,NSE,STK,2998,INE018401013,SUVIDHAA,EQ,,,,,SUVIDHAA INFOSERVE LTD,2.23,2.27,2.19,2.21,2.22,2.21,,2.21,,,80732,179019.62,152,F1,1,,,,,
2026-09-28,2026-09-28,CM,NSE,STK,24851,INE442P01014,SUYOG,EQ,,,,,SUYOG TELEMATICS LIMITED,656.00,662.55,623.50,641.90,650.00,650.40,,641.60,,,13657,8762503.20,1062,F1,1,,,,,
2026-09-28,2026-09-28,CM,NSE,STK,12018,INE040H01021,SUZLON,EQ,,,,,SUZLON ENERGY LIMITED,40.80,40.93,39.52,39.66,39.66,40.80,,39.66,,,67390402,2688317268.84,157896,F1,1,,,,,
2026-09-28,2026-09-28,CM,NSE,STK,5020,INE308E01029,SVPGLOB,EQ,,,,,SVP GLOBAL TEXTILES LTD,3.27,3.27,3.13,3.16,3.15,3.27,,3.16,,,29750,95492.59,74,F1,1,,,,,
2026-09-28,2026-09-28,CM,NSE,STK,27095,INE665A01038,SWANCORP,EQ,,,,,SWAN CORP LIMITED,293.00,294.70,288.60,289.70,288.60,294.85,,289.71,,,538365,156545965.80,8183,F1,1,,,,,
2026-09-28,2026-09-28,CM,NSE,STK,29164,INE542F01020,SWANDEF,BE,,,,,SWAN DEFENCE N HEVY IND L,2650.00,2739.80,2592.20,2631.30,2592.20,2679.70,,2630.72,,,6744,17751601.80,834,F1,1,,,,,
2026-09-28,2026-09-28,CM,NSE,STK,3384,INE277A01016,SWARAJENG,EQ,,,,,SWARAJ ENGINES LTD,3526.00,3596.70,3506.00,3552.50,3550.00,3545.70,,3552.67,,,12522,44260974.00,2795,F1,1,,,,,
2026-09-28,2026-09-28,CM,NSE,STK,764496,INE0GMR01016,SWARAJ,BE,,,,,SWARAJ SUITING LIMITED,355.50,355.50,340.20,355.45,355.50,338.60,,357.65,,,293116,103635860.75,635,F1,1,,,,,
2026-09-28,2026-09-28,CM,NSE,STK,765185,INE967A01012,SWARNSAR,EQ,,,,,SWARNSARITA JEWELS IND L,42.85,43.27,39.00,40.18,40.20,41.68,,40.18,,,13314,535702.61,131,F1,1,,,,,
2026-09-28,2026-09-28,CM,NSE,STK,11497,INE0DGC01025,SWASTIK,ST,,,,,SWASTIK PIPE LIMITED,19.50,19.50,19.50,19.50,19.50,18.60,,19.50,,,3600,70200.00,3,F1,1200,,,,,
2026-09-28,2026-09-28,CM,NSE,STK,11909,INE409B01013,SWELECTES,EQ,,,,,SWELECT ENERGY SYS LTD,589.00,622.00,585.00,590.40,585.00,587.00,,590.36,,,52074,31221475.10,3170,F1,1,,,,,
2026-09-28,2026-09-28,CM,NSE,STK,27066,INE00H001014,SWIGGY,EQ,,,,,SWIGGY LIMITED,266.00,266.05,255.15,256.00,256.00,264.85,,255.92,,,11465546,2968400704.85,54505,F1,1,,,,,
2026-09-28,2026-09-28,CM,NSE,STK,765193,INE010C01025,SWISSMLTRY,BE,,,,,SWISS MILITARY CON GOOD L,14.20,14.49,13.90,14.01,14.18,14.41,,14.01,,,121392,1715952.96,672,F1,1,,,,,
2026-09-28,2026-09-28,CM,NSE,STK,765485,INE899I01028,SYMBIOTEC,EQ,,,,,SYMBIOTEC PHARMALAB LTD,1001.05,1074.95,1001.00,1055.75,1055.60,1003.35,,1055.77,,,1700556,1787345860.80,77562,F1,1,,,,,
2026-09-28,2026-09-28,CM,NSE,STK,24190,INE225D01027,SYMPHONY,EQ,,,,,SYMPHONY LIMITED,591.00,623.30,578.05,585.95,591.00,588.80,,585.92,,,181193,109148049.55,9746,F1,1,,,,,
2026-09-28,2026-09-28,CM,NSE,STK,11992,INE312C01025,SYNCOMF,EQ,,,,,SYNCOM FORMU (I) LTD,20.17,23.42,20.17,22.20,22.34,20.05,,22.20,,,82454897,1843369477.23,240296,F1,1,,,,,
2026-09-28,2026-09-28,CM,NSE,STK,5114,INE00QT01015,SGIL,EQ,,,,,SYNERGY GREEN IND. LTD,670.00,670.00,636.00,650.75,666.80,642.50,,650.99,,,7433,4840824.60,538,F1,1,,,,,
2026-09-28,2026-09-28,CM,NSE,STK,10243,INE398R01022,SYNGENE,EQ,,,,,SYNGENE INTERNATIONAL LTD,380.00,380.00,374.00,376.00,375.05,378.70,,375.99,,,271472,102136313.50,11927,F1,1,,,,,
2026-09-28,2026-09-28,CM,NSE,STK,17206,INE0BTR01012,SYNOPTICS,ST,,,,,SYNOPTICS TECHNOLOGIES L,48.45,48.45,48.45,48.45,48.45,49.45,,48.45,,,600,29070.00,1,F1,600,,,,,
2026-09-28,2026-09-28,CM,NSE,STK,10793,INE0DYJ01015,SYRMA,EQ,,,,,SYRMA SGS TECHNOLOGY LTD,1733.30,1781.90,1723.90,1746.40,1743.40,1732.60,,1746.36,,,1859395,3258342951.50,80042,F1,1,,,,,
2026-09-28,2026-09-28,CM,NSE,STK,14506,INE0O7R01011,SYSTANGO,SM,,,,,SYSTANGO TECHNOLOGIES LTD,225.00,225.10,218.00,219.35,218.00,222.85,,219.35,,,19200,4243520.00,41,F1,400,,,,,
2026-09-28,2026-09-28,CM,NSE,STK,759358,INE356B01024,SYSTMTXC,BE,,,,,SYSTEMATIX CORP SERVICE L,79.05,79.05,77.00,77.00,77.00,77.50,,77.00,,,7026,552189.00,35,F1,1,,,,,
2026-09-28,2026-09-28,CM,NSE,STK,764955,INE284B01028,TGVSL,EQ,,,,,T G V SRAAC LTD.,127.45,130.49,121.00,121.88,121.36,124.78,,121.87,,,1510621,188349003.82,16411,F1,1,,,,,
2026-09-28,2026-09-28,CM,NSE,STK,14314,INE592B01024,TTL,EQ,,,,,T T LIMITED,7.13,7.50,7.03,7.33,7.40,7.13,,7.33,,,286275,2071059.04,352,F1,1,,,,,
2026-09-28,2026-09-28,CM,NSE,STK,762929,INE524T01029,TAALTECH,EQ,,,,,TAAL TECH LTD.,1104.70,1104.70,1047.50,1069.10,1059.00,1085.40,,1069.19,,,39471,42375243.30,4224,F1,1,,,,,
2026-09-28,2026-09-28,CM,NSE,STK,23441,INE0SOY01013,TAC,ST,,,,,TAC INFOSEC LIMITED,446.85,452.90,424.55,427.60,425.00,446.85,,427.60,,,78200,33567510.00,297,F1,200,,,,,
2026-09-28,2026-09-28,CM,NSE,STK,3396,INE123C01018,TAINWALCHM,EQ,,,,,TAINWALA CHEMICAL AND PLA,209.20,213.77,205.10,206.26,205.80,209.20,,206.26,,,2793,581279.66,95,F1,1,,,,,
2026-09-28,2026-09-28,CM,NSE,STK,9354,INE586B01026,TAJGVK,EQ,,,,,TAJ GVK HOTELS & RESORTS,325.00,325.05,314.60,315.25,316.45,324.35,,315.17,,,55042,17442685.20,2649,F1,1,,,,,
2026-09-28,2026-09-28,CM,NSE,STK,14917,INE142I01023,TAKE,EQ,,,,,TAKE LIMITED,14.74,14.74,14.74,14.74,14.74,15.51,,14.72,,,69774,1028468.76,245,F1,1,,,,,
2026-09-28,2026-09-28,CM,NSE,STK,13648,INE187D01029,TALBROAUTO,EQ,,,,,TALBROS AUTO. COMP. LTD,457.35,463.80,426.60,437.85,439.70,457.35,,437.83,,,490697,213500057.85,19184,F1,1,,,,,
2026-09-28,2026-09-28,CM,NSE,STK,762937,INE864J01012,TAMBOLIIN,BE,,,,,TAMBOLI INDUSTRIES LTD.,291.00,301.00,286.00,300.95,300.90,300.80,,300.95,,,2212,647205.10,45,F1,1,,,,,
2026-09-28,2026-09-28,CM,NSE,STK,10945,INE668A01016,TMB,EQ,,,,,TAMILNAD MERCA BANK LTD,875.00,879.35,858.00,861.75,861.30,881.90,,861.77,,,164364,142304371.65,15418,F1,1,,,,,
2026-09-28,2026-09-28,CM,NSE,STK,3980,INE107A01015,TNPL,EQ,,,,,TAMILNADU NEWSPRT & PAPER,151.80,151.90,146.21,147.64,146.90,151.60,,147.64,,,120992,17919547.40,3373,F1,1,,,,,
2026-09-28,2026-09-28,CM,NSE,STK,3509,INE148A01019,TNPETRO,EQ,,,,,TAMILNADU PETROPRODUCTS L,133.79,134.39,123.50,124.99,125.40,132.93,,124.99,,,1372872,176582095.05,17554,F1,1,,,,,
2026-09-28,2026-09-28,CM,NSE,STK,3512,INE141D01018,TNTELE,EQ,,,,,TAMILNADU TELECOMMUNICATI,9.99,11.89,9.60,11.89,11.89,9.91,,11.91,,,172414,1985794.35,636,F1,1,,,,,
2026-09-28,2026-09-28,CM,NSE,STK,764945,INE692C01020,TANAA,EQ,,,,,TANEJA AEROSPACE & AVIA L,349.90,372.00,348.05,352.85,357.00,345.10,,353.05,,,68391,24504381.35,2785,F1,1,,,,,
2026-09-28,2026-09-28,CM,NSE,STK,756338,INE0Z7N01017,TANKUP,ST,,,,,TANKUP ENGINEERS LIMITED,1685.30,1685.30,1685.30,1685.30,1685.30,1652.30,,1685.30,,,14500,24436850.00,8,F1,250,,,,,
2026-09-28,2026-09-28,CM,NSE,STK,13976,INE483C01032,TANLA,EQ,,,,,TANLA PLATFORMS LIMITED,493.50,510.50,489.30,497.30,499.15,494.75,,497.30,,,719957,361213607.05,26660,F1,1,,,,,
2026-09-28,2026-09-28,CM,NSE,STK,10986,INE0M7001010,TAPIFRUIT,SM,,,,,TAPI FRUIT PROCESSING LTD,43.50,43.50,43.50,43.50,43.50,43.50,,43.50,,,750,32625.00,1,F1,750,,,,,
2026-09-28,2026-09-28,CM,NSE,STK,23512,INE555Z01020,TARACHAND,EQ,,,,,TARA CHAND INFRA SOLN LTD,48.60,48.69,47.11,47.44,47.50,48.46,,47.44,,,26021,1244577.56,1025,F1,1,,,,,
2026-09-28,2026-09-28,CM,NSE,STK,18827,INE747K01017,TARAPUR,EQ,,,,,TARAPUR TRANSFORMERS LTD,12.19,12.19,11.50,11.87,12.09,12.19,,11.86,,,10829,129279.29,122,F1,1,,,,,
2026-09-28,2026-09-28,CM,NSE,STK,1581,INE0EK901012,TARC,EQ,,,,,TARC LIMITED,130.32,130.32,126.00,126.53,127.25,129.36,,126.53,,,214141,27216780.06,3374,F1,1,,,,,
2026-09-28,2026-09-28,CM,NSE,STK,14771,INE924H01018,TARMAT,EQ,,,,,TARMAT LIMITED,55.84,60.17,54.40,56.87,56.90,55.84,,56.87,,,45209,2644634.67,1281,F1,1,,,,,
2026-09-28,2026-09-28,CM,NSE,STK,6943,INE144Z01023,TARSONS,EQ,,,,,TARSONS PRODUCTS LIMITED,332.75,345.00,325.05,338.00,335.50,332.75,,338.11,,,169662,57058898.75,6403,F1,1,,,,,
2026-09-28,2026-09-28,CM,NSE,STK,20092,INE488B01017,TASTYBITE,EQ,,,,,TASTY BITE EATABLES LTD,9912.00,9916.00,9517.00,9633.00,9638.00,9856.00,,9631.39,,,2106,20324948.00,850,F1,1,,,,,
2026-09-28,2026-09-28,CM,NSE,STK,759265,INE976I01016,TATACAP,EQ,,,,,TATA CAPITAL LIMITED,338.35,338.45,327.00,328.10,328.50,339.15,,328.10,,,1993842,656550619.05,51040,F1,1,,,,,
2026-09-28,2026-09-28,CM,NSE,STK,3405,INE092A01019,TATACHEM,EQ,,,,,TATA CHEMICALS LTD,644.90,676.40,635.60,641.45,640.50,643.75,,641.46,,,2286959,1491421787.65,53587,F1,1,,,,,
2026-09-28,2026-09-28,CM,NSE,STK,3721,INE151A01013,TATACOMM,EQ,,,,,TATA COMMUNICATIONS LTD,1660.00,1666.00,1637.00,1655.30,1645.00,1666.50,,1655.26,,,145808,240552580.80,22907,F1,1,,,,,
2026-09-28,2026-09-28,CM,NSE,STK,11536,INE467B01029,TCS,EQ,,,,,TATA CONSULTANCY SERV LT,2100.00,2100.00,2051.00,2070.70,2070.70,2082.00,,2070.70,,,2457049,5094158751.40,109560,F1,1,,,,,
2026-09-28,2026-09-28,CM,NSE,STK,3432,INE192A01025,TATACONSUM,EQ,,,,,TATA CONSUMER PRODUCT LTD,983.20,983.60,955.50,960.00,960.00,983.20,,959.96,,,1307916,1257123730.90,54405,F1,1,,,,,
2026-09-28,2026-09-28,CM,NSE,STK,3411,INE670A01012,TATAELXSI,EQ,,,,,TATA ELXSI LIMITED,3190.00,3212.60,3161.70,3191.00,3191.00,3186.90,,3191.34,,,162425,517659836.80,18141,F1,1,,,,,
2026-09-28,2026-09-28,CM,NSE,STK,1621,INE672A01026,TATAINVEST,EQ,,,,,TATA INVESTMENT CORP LTD,650.00,670.95,640.00,644.45,644.35,651.60,,644.46,,,499514,324993911.40,22442,F1,1,,,,,
2026-09-28,2026-09-28,CM,NSE,STK,759782,INE1TAE01010,TMCV,EQ,,,,,TATA MOTORS LIMITED,441.50,441.50,430.20,432.95,434.00,441.50,,432.94,,,4528303,1960437035.45,75334,F1,1,,,,,
2026-09-28,2026-09-28,CM,NSE,STK,3456,INE155A01022,TMPV,EQ,,,,,TATA MOTORS PASS VEH LTD,290.45,291.20,280.20,281.75,281.75,290.45,,281.80,,,14063134,3994434186.95,185952,F1,1,,,,,
2026-09-28,2026-09-28,CM,NSE,STK,3426,INE245A01021,TATAPOWER,EQ,,,,,TATA POWER CO LTD,365.90,366.75,360.10,361.90,361.90,367.50,,361.90,,,2982387,1080723821.90,37253,F1,1,,,,,
2026-09-28,2026-09-28,CM,NSE,STK,3499,INE081A01020,TATASTEEL,EQ,,,,,TATA STEEL LIMITED,187.55,188.58,185.25,186.30,186.30,187.97,,186.30,,,13628891,2544266361.53,95141,F1,1,,,,,
2026-09-28,2026-09-28,CM,NSE,STK,20293,INE142M01025,TATATECH,EQ,,,,,TATA TECHNOLOGIES LIMITED,701.00,709.70,691.20,707.05,707.50,703.05,,707.02,,,880603,619246007.45,48499,F1,1,,,,,
2026-09-28,2026-09-28,CM,NSE,STK,8954,INE517B01013,TTML,EQ,,,,,TATA TELESERV(MAHARASTRA),35.01,37.90,34.37,36.19,36.18,34.44,,36.19,,,79429217,2925471787.10,173661,F1,1,,,,,
2026-09-28,2026-09-28,CM,NSE,STK,7838,INF277K015R5,NETF,EQ,,,,,TATAAML - NETF,247.27,253.62,247.27,249.28,253.60,253.62,,249.25,,,11946,2979653.51,235,F1,1,,,,,
2026-09-28,2026-09-28,CM,NSE,STK,12978,INF277K010X4,NPBET,EQ,,,,,TATAAML - NPBET,271.89,283.05,271.89,275.23,275.23,278.87,,275.23,,,1179,325135.48,60,F1,1,,,,,
2026-09-28,2026-09-28,CM,NSE,STK,8882,INF277KA1364,TNIDETF,EQ,,,,,TATAAML - TNIDETF,85.71,86.79,84.13,84.53,84.54,85.70,,84.53,,,98502,8316637.12,1038,F1,1,,,,,
2026-09-28,2026-09-28,CM,NSE,STK,21401,INF277KA1976,TATAGOLD,EQ,,,,,TATAAML-TATAGOLD,14.39,14.39,14.21,14.26,14.27,14.62,,14.26,,,66651151,952635841.56,121849,F1,1,,,,,
2026-09-28,2026-09-28,CM,NSE,STK,21428,INF277KA1984,TATSILV,EQ,,,,,TATAAML-TATSILV,21.67,21.74,21.28,21.38,21.44,22.21,,21.38,,,61093291,1311816295.73,91653,F1,1,,,,,
2026-09-28,2026-09-28,CM,NSE,STK,5162,INE0GK401011,TATVA,EQ,,,,,TATVA CHIN PHARM CHEM LTD,1808.00,1880.00,1736.40,1760.20,1762.00,1793.20,,1760.30,,,210374,377224689.30,21201,F1,1,,,,,
2026-09-28,2026-09-28,CM,NSE,STK,759759,INE0XWS01018,TAURIAN,ST,,,,,TAURIAN MPS LIMITED,565.05,601.90,565.05,596.00,596.00,589.00,,596.00,,,12800,7586480.00,16,F1,800,,,,,
2026-09-28,2026-09-28,CM,NSE,STK,11754,INE053F07835,753IRFC30,NJ,,,,,TAX FREE  7.53% SR. 103 A,1147.00,1147.00,1147.00,1147.00,1147.00,1145.00,,1141.31,,,25,28675.00,1,F1,1,,,,,
2026-09-28,2026-09-28,CM,NSE,STK,15168,INE053F07900,764IRFC31,NO,,,,,TAX FREE  7.64% SR. 108A,1154.90,1154.90,1145.10,1146.45,1146.25,1154.99,,1146.45,,,688,789783.21,14,F1,1,,,,,
2026-09-28,2026-09-28,CM,NSE,STK,14529,INE906B07EP5,769NHAI31,NE,,,,,TAX FREE 7.69% SR. IIB,1085.00,1087.90,1080.05,1085.93,1087.90,1080.74,,1085.93,,,360,389813.29,12,F1,1,,,,,
2026-09-28,2026-09-28,CM,NSE,STK,12003,INE906B07EJ8,76NHAI31,NA,,,,,TAX FREE7.60% SR.IIB,1111.87,1112.50,1108.20,1111.86,1111.86,1111.87,,1111.86,,,2402,2669925.48,49,F1,1,,,,,
2026-09-28,2026-09-28,CM,NSE,STK,24019,INE0N2D01013,TBI,SM,,,,,TBI CORN LIMITED,72.00,73.00,69.15,69.70,70.00,71.95,,69.70,,,14400,1020960.00,20,F1,600,,,,,
2026-09-28,2026-09-28,CM,NSE,STK,23740,INE673O01025,TBOTEK,EQ,,,,,TBO TEK LIMITED,1681.00,1699.00,1640.30,1654.80,1654.00,1696.90,,1654.82,,,50648,84481710.80,6720,F1,1,,,,,
2026-09-28,2026-09-28,CM,NSE,STK,761814,INE887D01024,TCC,EQ,,,,,TCC CONCEPT LIMITED,52.00,52.11,48.16,49.35,49.20,50.75,,49.35,,,451046,22219605.74,4168,F1,1,,,,,
2026-09-28,2026-09-28,CM,NSE,STK,19223,INE586V01016,TCIEXP,EQ,,,,,TCI EXPRESS LIMITED,498.00,499.45,482.30,486.00,483.15,501.55,,485.99,,,15696,7683505.05,1578,F1,1,,,,,
2026-09-28,2026-09-28,CM,NSE,STK,4771,INE911B01018,TCIFINANCE,EQ,,,,,TCI FINANCE LTD,14.86,15.45,14.50,14.75,14.75,14.86,,14.75,,,3936,58142.46,76,F1,1,,,,,
2026-09-28,2026-09-28,CM,NSE,STK,184,INE822C01015,TCPLPACK,EQ,,,,,TCPL PACKAGING LIMITED,4106.80,4106.80,3965.00,3987.80,3965.50,4106.80,,3987.73,,,6403,25700564.20,1609,F1,1,,,,,
2026-09-28,2026-09-28,CM,NSE,STK,25178,INE419M01035,TDPOWERSYS,EQ,,,,,TD POWER SYSTEMS LTD.,730.05,737.80,711.15,722.00,722.00,751.55,,721.97,,,2434320,1751699331.30,83275,F1,1,,,,,
2026-09-28,2026-09-28,CM,NSE,STK,10717,INE289C01025,TEAMGTY,EQ,,,,,TEAM INDIA GUARANTY LTD,241.45,242.65,235.00,235.01,235.01,241.45,,238.88,,,272,63950.19,12,F1,1,,,,,
2026-09-28,2026-09-28,CM,NSE,STK,12716,INE985S01024,TEAMLEASE,EQ,,,,,TEAMLEASE SERVICES LTD.,1178.80,1184.00,1135.40,1140.20,1139.50,1173.00,,1140.20,,,16754,19409228.40,2853,F1,1,,,,,
2026-09-28,2026-09-28,CM,NSE,STK,17000,INE065J01024,TPHQ,BE,,,,,TEAMO PRODUCTIONS HQ LTD,0.51,0.52,0.50,0.50,0.50,0.51,,0.50,,,552842,281962.32,288,F1,1,,,,,
2026-09-28,2026-09-28,CM,NSE,STK,763571,INE2OL601013,TEAMTECH,ST,,,,,TEAMTECH FORMWORK SOL LTD,132.00,136.00,128.25,133.50,134.00,135.00,,133.50,,,46000,6047100.00,23,F1,2000,,,,,
2026-09-28,2026-09-28,CM,NSE,STK,13538,INE669C01036,TECHM,EQ,,,,,TECH MAHINDRA LIMITED,1548.00,1557.00,1526.80,1542.20,1542.20,1548.00,,1542.20,,,1261918,1947051800.50,53592,F1,1,,,,,
2026-09-28,2026-09-28,CM,NSE,STK,759138,INE0Y5H01014,TECHD,SM,,,,,TECHD CYBERSECURITY LTD,565.60,565.60,543.00,544.65,543.00,548.05,,544.65,,,12600,6944340.00,42,F1,300,,,,,
2026-09-28,2026-09-28,CM,NSE,STK,25652,INE0JQS01019,TECHERA,SM,,,,,TECHERA ENGINEER (IND) L,153.00,159.60,150.50,159.60,159.60,152.00,,159.60,,,415200,64197480.00,164,F1,800,,,,,
2026-09-28,2026-09-28,CM,NSE,STK,6445,INE285K01026,TECHNOE,EQ,,,,,TECHNO ELEC & ENG CO. LTD,1006.20,1015.00,977.90,981.85,982.10,1006.20,,981.81,,,104260,103607089.10,12657,F1,1,,,,,
2026-09-28,2026-09-28,CM,NSE,STK,14223,INE545H01011,TIIL,EQ,,,,,TECHNOCRAFT IND LTD,3000.00,3005.40,2912.10,2929.40,2977.00,3003.40,,2929.19,,,17524,51666138.90,3861,F1,1,,,,,
2026-09-28,2026-09-28,CM,NSE,STK,764532,INE1D0W01018,TECHNOCRAF,EQ,,,,,TECHNOCRAFT VENTURES LTD,490.00,494.00,474.40,476.95,479.00,491.05,,476.96,,,753134,362600021.55,16073,F1,1,,,,,
2026-09-28,2026-09-28,CM,NSE,STK,762939,INE314H01012,TECHNVISN,EQ,,,,,TECHNVISION VENTURES LTD.,4076.00,4244.50,3916.00,3966.00,3950.00,4071.00,,3966.24,,,361,1439963.00,102,F1,1,,,,,
2026-09-28,2026-09-28,CM,NSE,STK,3453,INE014B01011,TECILCHEM,EQ,,,,,TECIL CHEMICALS,8.85,9.37,8.85,9.12,9.37,8.81,,9.12,,,21546,196768.09,86,F1,1,,,,,
2026-09-28,2026-09-28,CM,NSE,STK,23530,INE0K6601012,TGL,ST,,,,,TEERTH GOPICON LIMITED,13.95,13.95,13.95,13.95,13.95,14.20,,13.95,,,3600,50220.00,11,F1,200,,,,,
2026-09-28,2026-09-28,CM,NSE,STK,7105,INE011K01018,TEGA,EQ,,,,,TEGA INDUSTRIES LIMITED,2090.00,2090.00,2005.10,2011.50,2009.50,2091.60,,2011.61,,,267932,545576682.20,21611,F1,1,,,,,
2026-09-28,2026-09-28,CM,NSE,STK,763825,INE0R1301019,TEJA,SM,,,,,TEJA ENGINEERING IND L,214.20,219.00,209.00,214.70,217.00,222.00,,214.70,,,16200,3458550.00,23,F1,600,,,,,
2026-09-28,2026-09-28,CM,NSE,STK,21131,INE010J01012,TEJASNET,EQ,,,,,TEJAS NETWORKS LIMITED,504.00,505.30,489.95,491.10,490.75,503.85,,491.03,,,1029480,509057814.15,28173,F1,1,,,,,
2026-09-28,2026-09-28,CM,NSE,STK,3275,INE869Y01028,TEMBO,EQ,,,,,TEMBO GLOBAL IND LTD,58.75,59.54,57.56,57.75,57.62,58.28,,57.75,,,1014268,59172325.06,7726,F1,1,,,,,
2026-09-28,2026-09-28,CM,NSE,STK,765426,INE1KZI01025,TEMPSENS,EQ,,,,,TEMPSENS INST (INDIA) LTD,534.00,538.00,521.15,530.50,530.50,531.05,,530.52,,,766882,405518012.30,22312,F1,1,,,,,
2026-09-28,2026-09-28,CM,NSE,STK,759880,INE19RI01016,TENNIND,EQ,,,,,TENNECO CLEAN AIR INDIA L,511.00,513.45,501.05,502.15,504.00,515.25,,502.14,,,301402,152505554.50,15900,F1,1,,,,,
2026-09-28,2026-09-28,CM,NSE,STK,19292,INE482B01010,TERASOFT,EQ,,,,,TERA SOFTWARE LIMITED,216.55,221.95,212.55,215.70,215.00,218.90,,215.76,,,15523,3354026.20,869,F1,1,,,,,
2026-09-28,2026-09-28,CM,NSE,STK,764950,INE390D01011,TERAI,EQ,,,,,TERAI TEA CO. LTD.,114.80,116.00,114.00,116.00,116.00,117.86,,114.90,,,203,23542.80,4,F1,1,,,,,
2026-09-28,2026-09-28,CM,NSE,STK,11549,INE435C01024,TEXINFRA,EQ,,,,,TEXMACO INFRA & HOLDG LTD,118.00,118.00,115.91,116.56,116.50,118.25,,116.56,,,55544,6491880.18,930,F1,1,,,,,
2026-09-28,2026-09-28,CM,NSE,STK,21828,INE621L01012,TEXRAIL,EQ,,,,,TEXMACO RAIL & ENG. LTD.,125.50,127.16,122.88,123.14,123.10,125.67,,123.14,,,2140844,266589911.45,23457,F1,1,,,,,
2026-09-28,2026-09-28,CM,NSE,STK,18214,INE141K01013,TEXMOPIPES,EQ,,,,,TEXMO PIPE & PRODUCTS LTD,56.75,57.40,55.04,55.48,55.79,56.91,,55.50,,,132186,7391304.33,2329,F1,1,,,,,
2026-09-28,2026-09-28,CM,NSE,STK,10749,INE733E07JV4,753NTPC30E,NC,,,,,TFB 7.53% 2030 SR. 2B,1072.00,1072.00,1070.00,1070.09,1070.00,1069.90,,1070.09,,,105,112360.00,2,F1,1,,,,,
2026-09-28,2026-09-28,CM,NSE,STK,14607,INE797H01018,TGBHOTELS,EQ,,,,,TGB BANQUETS&HOTELS LTD,9.85,9.85,9.12,9.16,9.32,9.58,,9.16,,,71505,669227.01,130,F1,1,,,,,
2026-09-28,2026-09-28,CM,NSE,STK,22777,INE0QJL01014,TCL,SM,,,,,THAAI CASTING LIMITED,128.80,130.00,125.25,128.15,128.70,124.00,,128.15,,,88800,11393640.00,49,F1,800,,,,,
2026-09-28,2026-09-28,CM,NSE,STK,762944,INE077P01034,THACKER,EQ,,,,,THACKER & CO. LTD.,975.00,975.00,950.00,975.00,975.00,975.00,,975.00,,,43,41710.00,8,F1,1,,,,,
2026-09-28,2026-09-28,CM,NSE,STK,762949,INE403F01017,THAKDEV,EQ,,,,,THAKKERS DEVELOPERS LTD.,134.99,145.00,134.99,141.37,142.00,134.99,,141.94,,,1757,247534.84,27,F1,1,,,,,
2026-09-28,2026-09-28,CM,NSE,STK,18118,INE085J01014,THANGAMAYL,EQ,,,,,THANGAMAYIL JEWELLERY LTD,5100.00,5137.00,5001.50,5011.50,5010.00,5134.50,,5011.48,,,38858,196177950.00,11277,F1,1,,,,,
2026-09-28,2026-09-28,CM,NSE,STK,9014,INE294Z01018,ANUP,EQ,,,,,THE ANUP ENGINEERING LTD,1683.20,1689.50,1626.00,1632.00,1633.60,1677.10,,1631.91,,,21183,34712337.40,3616,F1,1,,,,,
2026-09-28,2026-09-28,CM,NSE,STK,7919,INE319B01014,BYKE,EQ,,,,,THE BYKE HOSPITALITY LTD,29.99,30.00,28.25,29.13,29.87,29.76,,29.16,,,39172,1149858.72,276,F1,1,,,,,
2026-09-28,2026-09-28,CM,NSE,STK,13776,INE017A01032,GESHIP,EQ,,,,,THE GE SHPG.LTD,1515.00,1567.90,1490.10,1533.40,1534.00,1497.20,,1533.36,,,3277779,5040375269.40,150021,F1,1,,,,,
2026-09-28,2026-09-28,CM,NSE,STK,17770,INE646C01018,GROBTEA,EQ,,,,,THE GROB TEA COMPANY LTD,887.00,920.00,887.00,919.10,920.00,894.35,,919.10,,,139,125610.90,21,F1,1,,,,,
2026-09-28,2026-09-28,CM,NSE,STK,8568,INE127B01011,HITECHGEAR,BE,,,,,THE HI-TECH GEARS LIMITED,621.40,649.25,620.00,648.85,649.25,618.35,,650.79,,,10509,6789162.45,261,F1,1,,,,,
2026-09-28,2026-09-28,CM,NSE,STK,1515,INE383A01012,INDIACEM,EQ,,,,,THE INDIA CEMENTS LIMITED,323.20,324.80,310.80,312.40,311.90,323.10,,312.36,,,151875,47828648.85,9219,F1,1,,,,,
2026-09-28,2026-09-28,CM,NSE,STK,1512,INE053A01029,INDHOTEL,EQ,,,,,THE INDIAN HOTELS CO. LTD,722.60,726.75,710.30,711.00,711.00,726.80,,711.00,,,2741065,1960355552.00,50088,F1,1,,,,,
2026-09-28,2026-09-28,CM,NSE,STK,21427,INE924D01017,THEINVEST,EQ,,,,,THE INVEST TRUST OF IND L,95.99,95.99,90.82,92.37,92.25,93.86,,92.37,,,5037,464659.63,147,F1,1,,,,,
2026-09-28,2026-09-28,CM,NSE,STK,399,INE470Y01017,NIACL,EQ,,,,,THE NEW INDIA ASSU CO LTD,178.30,178.40,168.30,169.84,170.25,176.60,,169.84,,,1806851,310012890.95,25234,F1,1,,,,,
2026-09-28,2026-09-28,CM,NSE,STK,10318,INE431F01018,PKTEA,BE,,,,,THE P K TEA PROD CO LTD,1001.35,1001.35,975.00,994.60,1000.00,1001.35,,994.60,,,1669,1637781.20,74,F1,1,,,,,
2026-09-28,2026-09-28,CM,NSE,STK,14552,INE211B01039,PHOENIXLTD,EQ,,,,,THE PHOENIX MILLS LTD,1973.10,1973.10,1940.10,1952.20,1952.20,1978.40,,1952.20,,,154647,301598965.60,20044,F1,1,,,,,
2026-09-28,2026-09-28,CM,NSE,STK,2043,INE331A01037,RAMCOCEM,EQ,,,,,THE RAMCO CEMENTS LIMITED,867.55,869.75,845.70,848.65,859.00,867.55,,848.64,,,76181,64780328.25,4721,F1,1,,,,,
2026-09-28,2026-09-28,CM,NSE,STK,2939,INE301D01026,RUBYMILLS,EQ,,,,,THE RUBY MILLS LTD,492.10,522.00,486.80,510.60,501.50,491.85,,510.69,,,95953,48985990.85,3771,F1,1,,,,,
2026-09-28,2026-09-28,CM,NSE,STK,5948,INE683A01023,SOUTHBANK,EQ,,,,,THE SOUTH INDIAN BANK LTD,49.90,50.19,48.01,48.64,48.90,49.95,,48.64,,,15576178,758004610.17,36471,F1,1,,,,,
2026-09-28,2026-09-28,CM,NSE,STK,10948,INE655A01013,STCINDIA,EQ,,,,,THE STATE TRADING CORPN,108.49,109.29,106.80,106.91,106.87,109.35,,106.91,,,12115,1302723.92,420,F1,1,,,,,
2026-09-28,2026-09-28,CM,NSE,STK,19578,INE071E01023,UGARSUGAR,EQ,,,,,THE UGAR SUGAR WORKS LTD,66.00,66.77,61.67,62.29,62.50,64.03,,62.29,,,3580364,230581953.95,33666,F1,1,,,,,
2026-09-28,2026-09-28,CM,NSE,STK,20481,INE215F01023,WIPL,EQ,,,,,THE WESTERN INDIA PLY LTD,175.00,175.00,163.60,166.74,166.70,168.46,,166.74,,,1034,173804.44,42,F1,1,,,,,
2026-09-28,2026-09-28,CM,NSE,STK,19279,INE121N01019,THEJO,EQ,,,,,THEJO ENGINEERING LIMITED,2185.00,2185.00,2141.60,2146.50,2165.00,2185.00,,2146.50,,,4516,9736551.30,495,F1,1,,,,,
2026-09-28,2026-09-28,CM,NSE,STK,14485,INE083B01024,THEMISMED,EQ,,,,,THEMIS MEDICARE LTD.,116.90,126.00,115.68,116.85,116.40,116.93,,116.85,,,241898,29275619.48,5347,F1,1,,,,,
2026-09-28,2026-09-28,CM,NSE,STK,3475,INE152A01029,THERMAX,EQ,,,,,THERMAX LTD,3451.90,3464.20,3365.00,3386.00,3384.00,3447.20,,3386.00,,,88773,300465615.10,14696,F1,1,,,,,
2026-09-28,2026-09-28,CM,NSE,STK,25651,INE0SHE01019,THESL,ST,,,,,THINKING HATS ENTER SOL L,14.70,14.70,14.70,14.70,14.70,14.00,,14.70,,,6000,88200.00,2,F1,3000,,,,,
2026-09-28,2026-09-28,CM,NSE,STK,3496,INE338A01024,TIRUMALCHM,EQ,,,,,THIRUMALAI CHEMICALS LTD,160.93,160.94,154.06,155.04,154.06,160.93,,155.06,,,387702,60609729.90,6732,F1,1,,,,,
2026-09-28,2026-09-28,CM,NSE,STK,3481,INE332A01027,THOMASCOOK,EQ,,,,,THOMAS COOK (INDIA) LTD,103.50,104.35,101.56,102.18,102.62,103.47,,102.18,,,313618,32072582.52,3762,F1,1,,,,,
2026-09-28,2026-09-28,CM,NSE,STK,31017,INE480M01011,THOMASCOTT,EQ,,,,,THOMAS SCOTT (INDIA) LTD,242.20,245.00,235.55,238.35,238.00,248.65,,238.35,,,59885,14295009.40,1729,F1,1,,,,,
2026-09-28,2026-09-28,CM,NSE,STK,17032,INE594H01019,THYROCARE,EQ,,,,,THYROCARE TECH LTD,563.25,564.15,546.60,548.30,549.50,566.85,,548.31,,,475888,263029841.90,18009,F1,1,,,,,
2026-09-28,2026-09-28,CM,NSE,STK,759176,INE906O01029,TIGERLOGS,EQ,,,,,TIGER LOGISTICS (INDIA) L,26.01,27.50,25.93,26.40,26.50,26.33,,26.51,,,80603,2146955.23,792,F1,1,,,,,
2026-09-28,2026-09-28,CM,NSE,STK,25486,INE440L01017,TIJARIA,BE,,,,,TIJARIA POLYPIPES LTD,6.71,7.14,6.59,6.66,6.59,6.93,,6.67,,,42428,286785.45,128,F1,1,,,,,
2026-09-28,2026-09-28,CM,NSE,STK,9802,INE806C01018,TIL,BE,,,,,TIL LTD,256.00,257.00,247.00,252.32,252.00,251.11,,252.34,,,54792,13822612.19,412,F1,1,,,,,
2026-09-28,2026-09-28,CM,NSE,STK,19196,INE133E01013,TI,EQ,,,,,TILAKNAGAR INDUSTRIES LTD,575.25,578.95,560.00,561.65,565.00,581.70,,561.65,,,541005,307091624.65,30608,F1,1,,,,,
2026-09-28,2026-09-28,CM,NSE,STK,14707,INE508G01029,TIMETECHNO,EQ,,,,,TIME TECHNOPLAST LTD.,181.00,185.40,179.91,183.44,184.12,181.22,,183.47,,,3582524,656832120.22,35348,F1,1,,,,,
2026-09-28,2026-09-28,CM,NSE,STK,762954,INE064A01026,TIMEX,EQ,,,,,TIMEX GROUP INDIA LTD.,733.60,733.60,700.20,703.65,704.80,732.05,,703.64,,,345455,246581322.55,24089,F1,1,,,,,
2026-09-28,2026-09-28,CM,NSE,STK,14198,INE325A01013,TIMKEN,EQ,,,,,TIMKEN INDIA LTD.,3200.10,3221.10,3134.50,3180.50,3210.00,3206.10,,3180.56,,,19209,60846005.50,5221,F1,1,,,,,
2026-09-28,2026-09-28,CM,NSE,STK,756020,INE015C01016,TINNARUBR,EQ,,,,,TINNA RUBBER AND INFR LTD,975.00,975.70,940.40,947.40,948.80,978.10,,947.30,,,31390,29964382.95,3428,F1,1,,,,,
2026-09-28,2026-09-28,CM,NSE,STK,11374,INE0LQS01015,TIPSFILMS,EQ,,,,,TIPS FILMS LIMITED,346.00,375.00,326.60,331.80,334.85,341.45,,331.99,,,26667,9410087.05,1255,F1,1,,,,,
2026-09-28,2026-09-28,CM,NSE,STK,9117,INE716B01029,TIPSMUSIC,EQ,,,,,TIPS MUSIC LIMITED,668.90,670.40,651.60,657.35,652.00,668.95,,657.41,,,201981,134184200.45,10356,F1,1,,,,,
2026-09-28,2026-09-28,CM,NSE,STK,22284,INE319Y01024,TIRUPATIFL,BE,,,,,TIRUPATI FORGE LIMITED,76.72,76.72,76.72,76.72,76.72,78.28,,76.72,,,79804,6122562.88,183,F1,1,,,,,
2026-09-28,2026-09-28,CM,NSE,STK,15414,INE615H01020,TITAGARH,EQ,,,,,TITAGARH RAIL SYSTEMS LTD,818.00,836.40,811.10,818.65,818.20,822.60,,818.67,,,542184,447583229.60,33162,F1,1,,,,,
2026-09-28,2026-09-28,CM,NSE,STK,3506,INE280A01028,TITAN,EQ,,,,,TITAN COMPANY LIMITED,4881.00,4881.00,4810.00,4819.50,4819.50,4884.00,,4819.48,,,632938,3054363759.00,61106,F1,1,,,,,
2026-09-28,2026-09-28,CM,NSE,STK,3837,INE932C01012,TOKYOPLAST,EQ,,,,,TOKYO PLAST INTL LTD,74.00,74.00,72.00,72.62,72.11,74.00,,72.62,,,1495,108140.86,33,F1,1,,,,,
2026-09-28,2026-09-28,CM,NSE,STK,25262,INE0RWQ01014,TOLINS,EQ,,,,,TOLINS TYRES LIMITED,87.52,88.50,86.00,86.91,87.00,88.11,,86.91,,,28721,2509315.70,982,F1,1,,,,,
2026-09-28,2026-09-28,CM,NSE,STK,3518,INE685A01028,TORNTPHARM,EQ,,,,,TORRENT PHARMACEUTICALS L,4980.00,4996.50,4852.50,4869.00,4869.00,4988.50,,4869.00,,,402847,1971862030.00,29411,F1,1,,,,,
2026-09-28,2026-09-28,CM,NSE,STK,13786,INE813H01021,TORNTPOWER,EQ,,,,,TORRENT POWER LTD,1255.90,1256.00,1234.60,1237.20,1240.00,1254.60,,1237.20,,,87994,108965480.00,10541,F1,1,,,,,
2026-09-28,2026-09-28,CM,NSE,STK,22425,INE336X01012,TOTAL,BE,,,,,TOTAL TRANSPORT SYS LTD,70.50,72.00,68.80,70.34,70.32,70.86,,70.34,,,7278,508771.81,49,F1,1,,,,,
2026-09-28,2026-09-28,CM,NSE,STK,16908,INE486Y01013,TOUCHWOOD,EQ,,,,,TOUCHWOOD ENTERTAIN LTD.,60.06,60.14,59.20,60.13,60.14,60.14,,60.13,,,456,27389.95,23,F1,1,,,,,
2026-09-28,2026-09-28,CM,NSE,STK,3466,INE305A01023,TFCILTD,EQ,,,,,TOURISM FINANCE CORP. OF,138.00,141.90,135.90,139.68,140.11,138.31,,139.68,,,21011736,2919851436.37,49484,F1,1,,,,,
2026-09-28,2026-09-28,CM,NSE,STK,765195,INE457P01020,TOYAMSL,EQ,,,,,TOYAM SPORTS LTD.,0.83,0.83,0.77,0.77,0.78,0.81,,0.77,,,1282866,1005296.31,446,F1,1,,,,,
2026-09-28,2026-09-28,CM,NSE,STK,9219,INE413G01022,TPLPLASTEH,EQ,,,,,TPL PLASTECH LIMITED,66.40,66.50,64.15,64.90,64.27,65.85,,64.98,,,90395,5871820.32,881,F1,1,,,,,
2026-09-28,2026-09-28,CM,NSE,STK,11582,INE0HMF01019,TRACXN,EQ,,,,,TRACXN TECHNOLOGIES LTD,32.65,33.50,31.60,32.33,32.30,32.63,,32.33,,,329033,10694168.37,2483,F1,1,,,,,
2026-09-28,2026-09-28,CM,NSE,STK,15174,INE763I01026,TARIL,EQ,,,,,TRANS & RECTI. LTD,276.00,276.00,269.25,270.45,270.45,277.65,,270.44,,,669415,181917895.00,14523,F1,1,,,,,
2026-09-28,2026-09-28,CM,NSE,STK,765200,INE330E01023,TRANSCOR,EQ,,,,,TRANSCORP INTERNATIONAL L,25.00,25.00,23.50,24.39,24.40,24.05,,24.39,,,1343,32151.73,44,F1,1,,,,,
2026-09-28,2026-09-28,CM,NSE,STK,17795,INE0O3901029,TREL,EQ,,,,,TRANSINDIA REAL ESTATE L,28.80,29.10,27.80,28.89,29.10,28.32,,28.88,,,143807,4078523.62,5352,F1,1,,,,,
2026-09-28,2026-09-28,CM,NSE,STK,7669,INE687A01016,TRANSPEK,BE,,,,,TRANSPEK INDUSTRIES LTD,1312.00,1365.00,1275.00,1304.20,1300.00,1312.60,,1304.36,,,535,704342.60,61,F1,1,,,,,
2026-09-28,2026-09-28,CM,NSE,STK,10580,INE688A01022,TCI,EQ,,,,,TRANSPORT CORPN OF INDIA,883.95,897.50,856.50,864.85,868.00,883.70,,864.91,,,129472,112974853.95,10165,F1,1,,,,,
2026-09-28,2026-09-28,CM,NSE,STK,28714,INE454P01035,TRANSRAILL,EQ,,,,,TRANSRAIL LIGHTING LTD,468.95,468.95,448.00,449.65,449.00,469.25,,449.66,,,454996,207402760.20,19536,F1,1,,,,,
2026-09-28,2026-09-28,CM,NSE,STK,19801,INE0NVI01020,TRANSTEEL,SM,,,,,TRANSTEEL SEATING TECH L,84.00,84.95,84.00,84.50,84.50,85.70,,84.50,,,6000,507350.00,6,F1,1000,,,,,
2026-09-28,2026-09-28,CM,NSE,STK,14319,INE804H01012,TFL,EQ,,,,,TRANSWARRANTY FIN. LTD.,11.75,12.00,11.65,11.67,12.00,11.76,,11.67,,,754,8818.86,18,F1,1,,,,,
2026-09-28,2026-09-28,CM,NSE,STK,8619,INE757B01015,TRANSWORLD,BE,,,,,TRANSWORLD SHIP LINES LTD,163.00,163.00,162.78,162.78,162.78,166.10,,162.80,,,1690,275293.12,28,F1,1,,,,,
2026-09-28,2026-09-28,CM,NSE,STK,757545,INE103V01028,TRAVELFOOD,EQ,,,,,TRAVEL FOOD SERVICES LTD,1213.10,1220.90,1195.30,1203.00,1204.00,1213.30,,1203.04,,,22331,26868131.10,4333,F1,1,,,,,
2026-09-28,2026-09-28,CM,NSE,STK,25082,INE040M01013,TREEHOUSE,EQ,,,,,TREE HOUSE EDU LTD,6.14,6.14,5.80,5.88,5.90,6.05,,5.96,,,5475,32321.14,84,F1,1,,,,,
2026-09-28,2026-09-28,CM,NSE,STK,7518,INE00CA01015,TREJHARA,EQ,,,,,TREJHARA SOLUTIONS LTD,144.79,146.98,137.05,139.74,141.00,144.79,,139.75,,,34089,4826221.75,754,F1,1,,,,,
2026-09-28,2026-09-28,CM,NSE,STK,1964,INE849A01020,TRENT,EQ,,,,,TRENT LTD,2660.00,2663.80,2615.10,2626.00,2626.00,2669.30,,2625.79,,,636905,1675024151.00,54051,F1,1,,,,,
2026-09-28,2026-09-28,CM,NSE,STK,17987,INE391D01019,TRF,EQ,,,,,TRF LIMITED,214.58,219.85,206.72,207.55,207.00,215.65,,207.45,,,34440,7264372.62,735,F1,1,,,,,
2026-09-28,2026-09-28,CM,NSE,STK,27041,INE760L01018,TBZ,BE,,,,,TRIB BHIMJI ZAVERI LTD,653.00,653.00,622.85,630.75,633.85,655.60,,630.63,,,675540,424520573.10,4306,F1,1,,,,,
2026-09-28,2026-09-28,CM,NSE,STK,9685,INE064C01022,TRIDENT,EQ,,,,,TRIDENT LIMITED,23.01,23.07,22.86,22.93,22.90,23.12,,22.93,,,2151775,49319524.55,16655,F1,1,,,,,
2026-09-28,2026-09-28,CM,NSE,STK,21078,INE0QD201012,TECHLABS,SM,,,,,TRIDENT TECHLABS LIMITED,118.40,118.40,112.55,114.90,114.00,117.85,,114.90,,,19500,2230193.75,109,F1,125,,,,,
2026-09-28,2026-09-28,CM,NSE,STK,17210,INE0LWY01029,TRIDHYA,SM,,,,,TRIDHYA TECH LIMITED,7.00,7.00,7.00,7.00,7.00,7.05,,7.00,,,3000,21000.00,1,F1,3000,,,,,
2026-09-28,2026-09-28,CM,NSE,STK,5428,INE948A01012,TRIGYN,EQ,,,,,TRIGYN TECHNOLOGIES LTD,56.62,58.00,52.80,53.12,52.91,56.62,,53.12,,,117283,6321637.10,2349,F1,1,,,,,
2026-09-28,2026-09-28,CM,NSE,STK,764960,INE440G01017,TRITONV,EQ,,,,,TRITON VALVES LTD.,1114.30,1120.30,1080.10,1093.30,1080.10,1109.00,,1094.02,,,695,768387.60,171,F1,1,,,,,
2026-09-28,2026-09-28,CM,NSE,STK,13081,INE256C01024,TRIVENI,EQ,,,,,TRIVENI ENGG. & INDS. LTD,250.00,251.75,236.40,242.40,242.45,247.55,,242.40,,,601490,146033494.65,15371,F1,1,,,,,
2026-09-28,2026-09-28,CM,NSE,STK,25584,INE152M01016,TRITURBINE,EQ,,,,,TRIVENI TURBINE LIMITED,555.35,559.00,544.15,551.65,556.80,554.20,,551.62,,,312561,172903317.10,34589,F1,1,,,,,
2026-09-28,2026-09-28,CM,NSE,STK,24642,INE0SYV01018,TROM,SM,,,,,TROM INDUSTRIES LIMITED,53.50,54.80,52.15,52.25,52.25,53.50,,52.25,,,3000,160020.00,5,F1,600,,,,,
2026-09-28,2026-09-28,CM,NSE,STK,759210,INE0MWH01014,TRUALT,EQ,,,,,TRUALT BIOENERGY LIMITED,446.00,465.00,440.55,458.15,458.05,441.90,,458.09,,,648345,295338259.85,18267,F1,1,,,,,
2026-09-28,2026-09-28,CM,NSE,STK,9378,INE615R01029,TRU,EQ,,,,,TRUCAP FINANCE LIMITED,4.05,4.28,4.05,4.11,4.08,4.20,,4.11,,,69501,288284.05,209,F1,1,,,,,
2026-09-28,2026-09-28,CM,NSE,STK,23417,INE0SWN01019,TRUST,SM,,,,,TRUST FINTECH LIMITED,27.00,27.00,27.00,27.00,27.00,26.55,,27.00,,,600,16200.00,1,F1,600,,,,,
2026-09-28,2026-09-28,CM,NSE,STK,757861,INE16VK01010,TSC,ST,,,,,TSC INDIA LIMITED,53.55,53.55,53.55,53.55,53.55,51.00,,53.55,,,2000,107100.00,1,F1,2000,,,,,
2026-09-28,2026-09-28,CM,NSE,STK,2183,INE202Z01029,TSFINV,EQ,,,,,TSF INVESTMENTS LIMITED,456.85,456.85,432.60,434.70,433.25,456.85,,434.70,,,48385,21340580.40,3885,F1,1,,,,,
2026-09-28,2026-09-28,CM,NSE,STK,11369,INE910C01018,TTKHLTCARE,EQ,,,,,TTK HEALTHCARE LIMITED,1023.00,1038.90,1004.20,1013.60,1008.00,1031.10,,1013.62,,,16905,17219491.20,2112,F1,1,,,,,
2026-09-28,2026-09-28,CM,NSE,STK,3546,INE690A01028,TTKPRESTIG,EQ,,,,,TTK PRESTIGE LTD,520.05,521.75,511.60,513.85,514.40,524.40,,513.83,,,26198,13498205.65,2952,F1,1,,,,,
2026-09-28,2026-09-28,CM,NSE,STK,312,INE974X01010,TIINDIA,EQ,,,,,TUBE INVEST OF INDIA LTD,2508.00,2523.20,2443.90,2459.00,2459.00,2511.10,,2459.00,,,219494,541254435.50,20251,F1,1,,,,,
2026-09-28,2026-09-28,CM,NSE,STK,24520,INE0OXV01027,TUNWAL,SM,,,,,TUNWAL E-MOTORS LIMITED,25.05,25.90,25.05,25.70,25.75,25.45,,25.70,,,70000,1795000.00,25,F1,2000,,,,,
2026-09-28,2026-09-28,CM,NSE,STK,756090,INE0OC301013,TURTLEMINT,EQ,,,,,TURTLEMINT FINTECH SOLS L,90.00,90.20,81.11,83.29,83.10,87.24,,83.29,,,6374645,542132320.50,48675,F1,1,,,,,
2026-09-28,2026-09-28,CM,NSE,STK,765205,INE400A01014,TUTIALKA,EQ,,,,,TUTICORIN ALKAL CH & FE L,55.78,56.70,54.06,55.22,55.85,55.51,,54.97,,,5515,304688.54,160,F1,1,,,,,
2026-09-28,2026-09-28,CM,NSE,STK,11275,INE038F01029,TVTODAY,EQ,,,,,TV TODAY NETWORK LTD,106.00,108.31,104.94,105.06,105.01,106.36,,105.06,,,23277,2462935.42,717,F1,1,,,,,
2026-09-28,2026-09-28,CM,NSE,STK,18508,INE871L01013,TVVISION,BE,,,,,TV VISION LIMITED,3.05,3.06,2.78,2.96,2.99,2.92,,2.97,,,51872,151611.96,61,F1,1,,,,,
2026-09-28,2026-09-28,CM,NSE,STK,11265,INE236G01019,TVSELECT,EQ,,,,,TVS ELECTRONICS LTD,389.70,390.00,377.00,378.85,378.00,383.30,,378.83,,,20459,7797912.95,1131,F1,1,,,,,
2026-09-28,2026-09-28,CM,NSE,STK,29008,INE105A01035,TVSHLTD,EQ,,,,,TVS HOLDINGS LIMITED,12522.00,12663.00,12350.00,12436.00,12350.00,12601.00,,12436.55,,,3166,39598073.00,1392,F1,1,,,,,
2026-09-28,2026-09-28,CM,NSE,STK,8479,INE494B01023,TVSMOTOR,EQ,,,,,TVS MOTOR COMPANY  LTD,4140.00,4164.00,4057.60,4095.00,4095.00,4157.30,,4094.92,,,574256,2354577213.50,41994,F1,1,,,,,
2026-09-28,2026-09-28,CM,NSE,STK,14245,INE421C01016,TVSSRICHAK,EQ,,,,,TVS SRICHAKRA LIMITED,4634.50,4634.50,4460.00,4490.50,4483.00,4609.50,,4490.67,,,4956,22329654.00,1359,F1,1,,,,,
2026-09-28,2026-09-28,CM,NSE,STK,18151,INE395N01027,TVSSCS,EQ,,,,,TVS SUPPLY CHAIN SOL L,129.50,129.80,127.18,128.50,128.45,130.26,,128.52,,,501981,64370665.05,13749,F1,1,,,,,
2026-09-28,2026-09-28,CM,NSE,STK,19503,INE388G01026,TICL,BE,,,,,TWAMEV CONS AND INFRA LTD,6.74,6.74,6.74,6.74,6.74,6.42,,6.77,,,76024,512401.76,54,F1,1,,,,,
2026-09-28,2026-09-28,CM,NSE,STK,764970,INE726E01014,UPHOT,EQ,,,,,U P HOTELS LTD.,1503.00,1503.00,1503.00,1503.00,1503.00,1500.00,,1580.00,,,10,15030.00,1,F1,1,,,,,
2026-09-28,2026-09-28,CM,NSE,STK,25629,INE152C01025,UYFINCORP,BE,,,,,U. Y. FINCORP LIMITED,19.63,20.00,19.40,19.79,19.85,19.32,,19.80,,,169428,3347106.08,277,F1,1,,,,,
2026-09-28,2026-09-28,CM,NSE,STK,7739,INE139B01016,UCAL,BE,,,,,UCAL LIMITED,142.56,143.00,139.01,141.44,139.05,142.56,,141.44,,,12716,1781293.66,74,F1,1,,,,,
2026-09-28,2026-09-28,CM,NSE,STK,11223,INE691A01018,UCOBANK,EQ,,,,,UCO BANK,23.87,23.87,23.23,23.33,23.36,23.90,,23.33,,,3548489,83229075.06,15071,F1,1,,,,,
2026-09-28,2026-09-28,CM,NSE,STK,764965,INE551B01012,UDAYJEW,EQ,,,,,UDAY JEWELLERY INDS. LTD.,164.00,168.90,160.50,167.02,162.01,162.91,,167.00,,,48894,8181529.10,630,F1,1,,,,,
2026-09-28,2026-09-28,CM,NSE,STK,14871,INE0N0Y01013,USK,EQ,,,,,UDAYSHIVAKUMAR INFRA LTD,19.85,19.85,18.90,19.31,19.17,19.86,,19.28,,,40086,771955.08,415,F1,1,,,,,
2026-09-28,2026-09-28,CM,NSE,STK,1053,INE516A01017,UFLEX,EQ,,,,,UFLEX LIMITED,669.00,669.00,638.00,641.95,648.70,664.20,,641.98,,,116083,75370548.90,4313,F1,1,,,,,
2026-09-28,2026-09-28,CM,NSE,STK,9039,INE527H01019,UFO,EQ,,,,,UFO MOVIEZ INDIA LTD.,59.80,60.85,58.70,58.87,58.74,59.73,,58.87,,,23097,1370857.31,408,F1,1,,,,,
2026-09-28,2026-09-28,CM,NSE,STK,5313,INE583D01011,UGROCAP,EQ,,,,,UGRO CAPITAL LIMITED,82.02,82.38,80.20,80.29,80.70,82.02,,80.17,,,232002,18755976.58,4942,F1,1,,,,,
2026-09-28,2026-09-28,CM,NSE,STK,23507,INE899L01030,UEL,EQ,,,,,UJAAS ENERGY LIMITED,183.01,191.99,183.00,190.14,190.64,183.73,,190.15,,,21311,4009493.58,1143,F1,1,,,,,
2026-09-28,2026-09-28,CM,NSE,STK,15228,INE551W01018,UJJIVANSFB,EQ,,,,,UJJIVAN SMALL FINANC BANK,64.81,64.97,63.00,63.09,63.17,64.71,,63.09,,,15764038,1005550401.27,55243,F1,1,,,,,
2026-09-28,2026-09-28,CM,NSE,STK,762961,INE405A01021,ULTRAMAR,EQ,,,,,ULTRAMARINE & PIGMENTS L,425.00,432.35,416.40,419.10,420.00,425.30,,418.79,,,24940,10583224.35,1780,F1,1,,,,,
2026-09-28,2026-09-28,CM,NSE,STK,11532,INE481G01011,ULTRACEMCO,EQ,,,,,ULTRATECH CEMENT LIMITED,11155.00,11155.00,10978.00,11025.00,11025.00,11155.00,,11024.99,,,331811,3654257367.00,39251,F1,1,,,,,
2026-09-28,2026-09-28,CM,NSE,STK,13349,INE067901012,UMA,SM,,,,,UMA CONVERTER LIMITED,15.70,15.70,15.65,15.65,15.65,17.50,,15.65,,,8000,125400.00,2,F1,4000,,,,,
2026-09-28,2026-09-28,CM,NSE,STK,8845,INE0GIU01018,UMAEXPORTS,BE,,,,,UMA EXPORTS LIMITED,21.64,21.64,20.80,21.64,21.64,21.22,,21.38,,,37283,790095.40,57,F1,1,,,,,
2026-09-28,2026-09-28,CM,NSE,STK,8998,INE398B01018,UMIYA-MRO,EQ,,,,,UMIYA BUILDCON LIMITED,97.86,98.00,95.31,97.54,96.25,97.25,,97.72,,,5452,525332.23,148,F1,1,,,,,
2026-09-28,2026-09-28,CM,NSE,STK,3579,INE351A01035,UNICHEMLAB,EQ,,,,,UNICHEM LABORATORIES LTD,546.20,558.00,526.60,536.40,538.00,549.70,,536.47,,,117693,63949096.65,6651,F1,1,,,,,
2026-09-28,2026-09-28,CM,NSE,STK,24809,INE00U401027,UNIECOM,EQ,,,,,UNICOMMERCE ESOLUTIONS L,84.50,84.50,81.99,82.18,82.25,83.78,,82.18,,,159709,13248366.34,2211,F1,1,,,,,
2026-09-28,2026-09-28,CM,NSE,STK,18582,INE0PRF01011,UNIHEALTH,SM,,,,,UNIHEALTH HOSPITALS LTD,645.00,660.00,638.85,641.95,647.95,638.85,,641.95,,,9500,6153850.00,19,F1,500,,,,,
2026-09-28,2026-09-28,CM,NSE,STK,7791,INE481Z01011,UNIINFO,EQ,,,,,UNIINFO TELECOM SERVI LTD,11.00,11.39,11.00,11.30,11.30,10.97,,11.30,,,1586,17539.22,17,F1,1,,,,,
2026-09-28,2026-09-28,CM,NSE,STK,25633,INE0B2801011,UNILEX,SM,,,,,UNILEX COLOURS AND CHEM L,32.65,34.00,31.50,31.50,31.50,32.00,,31.50,,,12800,419040.00,7,F1,1600,,,,,
2026-09-28,2026-09-28,CM,NSE,STK,28960,INE0U3I01011,UNIMECH,EQ,,,,,UNIMECH AEROSPACE N MFG L,1672.80,1672.80,1605.00,1616.20,1614.00,1665.10,,1616.32,,,154746,251677556.70,19163,F1,1,,,,,
2026-09-28,2026-09-28,CM,NSE,STK,10753,INE692A01016,UNIONBANK,EQ,,,,,UNION BANK OF INDIA,178.60,178.99,171.55,171.75,171.75,180.20,,171.75,,,8523339,1480746754.97,56855,F1,1,,,,,
2026-09-28,2026-09-28,CM,NSE,STK,29687,INF582M01KS4,UNIONGOLD,EQ,,,,,UNIONAMC - UNIONGOLD,146.10,147.00,142.75,142.95,143.65,147.55,,142.95,,,3872,556538.05,120,F1,1,,,,,
2026-09-28,2026-09-28,CM,NSE,STK,13057,INE244O01017,UNIPARTS,EQ,,,,,UNIPARTS INDIA LIMITED,845.00,851.45,832.50,837.10,834.95,847.20,,837.11,,,98322,82642830.10,8254,F1,1,,,,,
2026-09-28,2026-09-28,CM,NSE,STK,11293,INE037A01022,UNIENTER,EQ,,,,,UNIPHOS ENTERPRISES LTD,90.10,92.50,88.67,89.07,89.01,90.10,,88.93,,,4648,417773.83,101,F1,1,,,,,
2026-09-28,2026-09-28,CM,NSE,STK,3594,INE694A01020,UNITECH,EQ,,,,,UNITECH LTD,4.10,4.11,3.91,3.95,3.96,4.09,,3.95,,,4125053,16393311.87,3258,F1,1,,,,,
2026-09-28,2026-09-28,CM,NSE,STK,16713,INE686F01025,UBL,EQ,,,,,UNITED BREWERIES LTD,1258.80,1258.80,1215.20,1217.40,1224.00,1251.30,,1217.41,,,42919,52667653.30,6168,F1,1,,,,,
2026-09-28,2026-09-28,CM,NSE,STK,201,INE961D01019,UNIDT,EQ,,,,,UNITED DRILLING TOOLS LTD,247.40,248.63,228.66,229.31,229.00,241.71,,229.30,,,45792,10674319.22,1789,F1,1,,,,,
2026-09-28,2026-09-28,CM,NSE,STK,3133,INE382M01027,UFBL,BE,,,,,UNITED FOODBRANDS LIMITED,697.10,709.80,671.20,677.85,681.00,698.25,,678.00,,,57172,39744682.90,1417,F1,1,,,,,
2026-09-28,2026-09-28,CM,NSE,STK,25938,INE0SMR01011,UHTL,ST,,,,,UNITED HEAT TRANSFER LTD,203.60,203.60,203.60,203.60,203.60,199.65,,203.60,,,114000,23210400.00,37,F1,2000,,,,,
2026-09-28,2026-09-28,CM,NSE,STK,17999,INE458F01011,UNITEDTEA,EQ,,,,,UNITED NILGIRI TEA LTD,425.20,432.35,423.90,425.05,425.00,425.10,,425.05,,,3156,1343085.35,77,F1,1,,,,,
2026-09-28,2026-09-28,CM,NSE,STK,7560,INE368U01029,UNITEDPOLY,EQ,,,,,UNITED POLYFAB GUJ. LTD.,47.25,47.25,45.00,45.28,45.01,46.81,,45.28,,,54846,2520432.73,840,F1,1,,,,,
2026-09-28,2026-09-28,CM,NSE,STK,10447,INE854D01024,UNITDSPR,EQ,,,,,UNITED SPIRITS LIMITED,1420.10,1420.10,1406.00,1415.40,1415.40,1423.80,,1415.40,,,338629,479154295.10,21909,F1,1,,,,,
2026-09-28,2026-09-28,CM,NSE,STK,10366,INE275F01019,UNIVAFOODS,BE,,,,,UNIVA FOODS LIMITED,9.48,9.48,9.48,9.48,9.48,9.48,,9.48,,,29812,282617.76,13,F1,1,,,,,
2026-09-28,2026-09-28,CM,NSE,STK,18979,INE562X01013,UNIVASTU,BE,,,,,UNIVASTU INDIA LIMITED,137.00,137.60,131.31,132.79,133.00,138.08,,132.79,,,77387,10375833.73,491,F1,1,,,,,
2026-09-28,2026-09-28,CM,NSE,STK,3607,INE279A01012,UNIVCABLES,EQ,,,,,UNIVERSAL CABLES LTD,1497.60,1504.70,1420.00,1427.10,1430.00,1494.00,,1427.08,,,85584,123626010.90,7021,F1,1,,,,,
2026-09-28,2026-09-28,CM,NSE,STK,17661,INE03V001013,UNIVPHOTO,BE,,,,,UNIVERSUS IMAGINGS LTD,549.95,552.65,520.05,524.30,524.95,547.25,,524.39,,,587,312918.05,28,F1,1,,,,,
2026-09-28,2026-09-28,CM,NSE,STK,14154,INE405E01023,UNOMINDA,EQ,,,,,UNO MINDA LIMITED,1211.50,1214.20,1167.20,1173.00,1173.00,1218.00,,1173.21,,,605484,719179057.50,27097,F1,1,,,,,
2026-09-28,2026-09-28,CM,NSE,STK,2883,INE530B08110,IIFLZC28,NG,,,,,UNSE RE NCD 0% SR.III,1666.35,1666.35,1666.35,1666.35,1666.35,1666.35,,1666.35,,,20,33327.00,1,F1,1,,,,,
2026-09-28,2026-09-28,CM,NSE,STK,2871,INE530B08094,10IIFL28A,NE,,,,,UNSE RE NCD 10% SR.I,1043.00,1044.00,1043.00,1044.00,1044.00,1060.00,,1044.00,,,40,41740.00,3,F1,1,,,,,
2026-09-28,2026-09-28,CM,NSE,STK,2877,INE530B08102,96IIFL28A,NF,,,,,UNSE RE NCD 9.6% SR.II,998.01,1002.87,995.00,999.00,999.00,1000.00,,999.00,,,2100,2097853.81,26,F1,1,,,,,
2026-09-28,2026-09-28,CM,NSE,STK,5214,INE477L08154,96IIFL28,N5,,,,,UNSEC RE NCD 9.60% SR.II,1001.44,1001.44,998.00,999.10,999.10,1001.44,,998.55,,,1550,1550237.44,14,F1,1,,,,,
2026-09-28,2026-09-28,CM,NSE,STK,19045,INE866I08279,10IIFL29,N6,,,,,UNSEC RED NCD 10.0% SR. V,1006.00,1040.00,1006.00,1040.00,1040.00,1060.00,,1040.00,,,15,15430.00,3,F1,1,,,,,
2026-09-28,2026-09-28,CM,NSE,STK,19047,INE866I08295,105IIFL29,N7,,,,,UNSEC RED NCD 10.5% SR.VI,1061.00,1061.00,1060.20,1060.46,1060.20,1090.00,,1061.67,,,80,84864.00,4,F1,1,,,,,
2026-09-28,2026-09-28,CM,NSE,STK,21225,INE306N08292,910TCAP28,NA,,,,,UNSERENCD9.1%SRIIICIII&IV,1040.00,1043.99,1033.10,1033.10,1033.10,1032.00,,1040.00,,,280,290530.85,8,F1,1,,,,,
2026-09-28,2026-09-28,CM,NSE,STK,19113,INE851I01011,UDS,EQ,,,,,UPDATER SERVICES LIMITED,208.50,208.52,203.10,207.84,207.60,207.90,,207.86,,,107421,22186405.96,2404,F1,1,,,,,
2026-09-28,2026-09-28,CM,NSE,STK,11287,INE628A01036,UPL,EQ,,,,,UPL LIMITED,550.05,551.65,542.85,549.50,549.50,550.05,,549.50,,,1557384,853235229.65,20475,F1,1,,,,,
2026-09-28,2026-09-28,CM,NSE,STK,10610,INE0CBM01019,USASEEDS,SM,,,,,UPSURGE SEEDS OF AGRI LTD,85.05,85.10,85.05,85.10,85.10,89.50,,85.10,,,856,72824.20,2,F1,428,,,,,
2026-09-28,2026-09-28,CM,NSE,STK,17081,INE568Z01015,URAVIDEF,BE,,,,,URAVI DEFENCE &TECH LTD,102.50,103.00,102.15,102.50,102.50,103.00,,103.00,,,2247,230661.00,29,F1,1,,,,,
2026-09-28,2026-09-28,CM,NSE,STK,759084,INE0CAZ01013,URBANCO,EQ,,,,,URBAN COMPANY LIMITED,168.99,171.25,160.00,161.21,161.97,168.99,,161.21,,,5015852,817488144.00,38664,F1,1,,,,,
2026-09-28,2026-09-28,CM,NSE,STK,16888,INE0O0201019,URBAN,SM,,,,,URBAN ENVIRO WASTE MGMT L,119.00,121.00,118.00,118.00,118.00,118.85,,118.00,,,6400,768160.00,7,F1,800,,,,,
2026-09-28,2026-09-28,CM,NSE,STK,20203,INE550C01020,URJA,EQ,,,,,URJA GLOBAL LIMITED,8.66,8.85,8.66,8.75,8.80,8.95,,8.75,,,647638,5648750.99,2764,F1,1,,,,,
2026-09-28,2026-09-28,CM,NSE,STK,25952,INE0LS001014,USHAFIN,SM,,,,,USHA FINANCIAL SERVICES L,53.50,53.50,53.50,53.50,53.50,54.00,,53.50,,,1600,85600.00,1,F1,1600,,,,,
2026-09-28,2026-09-28,CM,NSE,STK,19142,INE240C01028,UMESLTD,EQ,,,,,USHA MARTIN EDU & SOL LTD,4.70,4.72,4.45,4.59,4.68,4.55,,4.65,,,17026,78548.27,85,F1,1,,,,,
2026-09-28,2026-09-28,CM,NSE,STK,8840,INE228A01035,USHAMART,EQ,,,,,USHA MARTIN LTD.,520.05,520.05,501.70,508.00,509.70,518.80,,508.00,,,418148,212185269.80,17902,F1,1,,,,,
2026-09-28,2026-09-28,CM,NSE,STK,527,INE094J01016,UTIAMC,EQ,,,,,UTI ASSET MNGMT CO LTD,901.85,913.95,888.00,893.90,895.00,901.85,,893.83,,,61353,54836136.25,5667,F1,1,,,,,
2026-09-28,2026-09-28,CM,NSE,STK,765431,INF789F1AG76,NIF500BETA,EQ,,,,,UTIAMC - NIF500BETA,36.19,36.19,35.80,35.86,35.86,36.19,,35.86,,,1127471,40420058.52,86,F1,1,,,,,
2026-09-28,2026-09-28,CM,NSE,STK,766104,INF789F1AH42,SECLEDBETA,EQ,,,,,UTIAMC - SECLEDBETA,14.67,14.85,14.00,14.01,14.00,14.92,,14.01,,,3665193,51326453.11,227,F1,1,,,,,
2026-09-28,2026-09-28,CM,NSE,STK,22440,INF789F1AUV1,BANKBETA,EQ,,,,,UTIAMC-BANKBETA,57.41,57.41,56.45,56.52,56.55,57.60,,56.52,,,106633,6043364.46,1002,F1,1,,,,,
2026-09-28,2026-09-28,CM,NSE,STK,22524,INF789F1AZF3,GILT10BETA,EQ,,,,,UTIAMC-GILT10BETA,26.53,26.53,26.52,26.52,26.52,26.46,,26.49,,,178,4720.86,13,F1,1,,,,,
2026-09-28,2026-09-28,CM,NSE,STK,22521,INF789F1AZE6,GILT5BETA,EQ,,,,,UTIAMC-GILT5BETA,66.35,66.62,65.61,66.14,65.61,65.66,,66.14,,,3291,218287.86,24,F1,1,,,,,
2026-09-28,2026-09-28,CM,NSE,STK,22488,INF789F1AZD8,ITBETA,EQ,,,,,UTIAMC-ITBETA,296.00,296.47,293.72,295.33,294.90,296.55,,295.33,,,1030,304527.09,22,F1,1,,,,,
2026-09-28,2026-09-28,CM,NSE,STK,18347,INF789F1AYX9,MIDCAPBETA,EQ,,,,,UTIAMC-MIDCAPBETA,226.02,230.50,222.54,229.85,230.50,227.32,,229.83,,,5034,1137883.70,80,F1,1,,,,,
2026-09-28,2026-09-28,CM,NSE,STK,21478,INF789F1AUW9,NEXT50BETA,EQ,,,,,UTIAMC-NEXT50BETA,77.64,77.64,75.70,76.10,76.00,77.65,,76.09,,,145416,11100763.59,1260,F1,1,,,,,
2026-09-28,2026-09-28,CM,NSE,STK,10511,INF789F1AZC0,NIFTYBETA,EQ,,,,,UTIAMC-NIFTYBETA,258.36,258.36,253.19,253.56,256.00,256.69,,253.57,,,134581,34191704.87,987,F1,1,,,,,
2026-09-28,2026-09-28,CM,NSE,STK,10515,INF789FB1X58,SENSEXBETA,EQ,,,,,UTIAMC-SENSEXBETA,816.00,816.85,808.00,809.63,816.00,817.29,,809.24,,,2662,2157958.72,195,F1,1,,,,,
2026-09-28,2026-09-28,CM,NSE,STK,15085,INF789F1AYK6,SILVERBETA,EQ,,,,,UTIAMC-SILVERBETA,215.00,215.83,211.35,212.36,212.90,220.87,,212.36,,,1142631,243269708.43,6271,F1,1,,,,,
2026-09-28,2026-09-28,CM,NSE,STK,9168,INF789F1AUU3,SNXT50BETA,EQ,,,,,UTIAMC-SNXT50BETA,91.50,91.74,89.50,90.67,90.00,91.87,,90.67,,,2408,218639.90,125,F1,1,,,,,
2026-09-28,2026-09-28,CM,NSE,STK,14535,INF789F1AUX7,GOLDBETA,EQ,,,,,UTIAMC-UTIGOLDBETA,125.60,125.60,123.05,123.65,123.50,126.65,,123.65,,,1197454,148067634.25,4898,F1,1,,,,,
2026-09-28,2026-09-28,CM,NSE,STK,751580,INE1V1R01014,UTKAL,SM,,,,,UTKAL SPEC INDUS INDIA L,51.00,51.45,49.50,49.95,49.95,49.00,,49.95,,,14000,705800.00,7,F1,2000,,,,,
2026-09-28,2026-09-28,CM,NSE,STK,17358,INE735W01017,UTKARSHBNK,EQ,,,,,UTKARSH SMALL FIN BANK L,13.99,13.99,13.50,13.59,13.51,13.80,,13.59,,,3298049,44984911.63,8369,F1,1,,,,,
2026-09-28,2026-09-28,CM,NSE,STK,24726,INE06IJ01010,UTSSAV,SM,,,,,UTSSAV CZ GOLD JEWELS LTD,725.00,725.00,702.00,713.25,715.00,722.10,,713.25,,,48000,34227210.00,78,F1,600,,,,,
2026-09-28,2026-09-28,CM,NSE,STK,13376,INE786F01031,UTTAMSUGAR,EQ,,,,,UTTAM SUGAR MILLS LTD.,294.00,309.55,288.00,294.75,293.25,293.15,,294.75,,,703248,210462190.55,20183,F1,1,,,,,
2026-09-28,2026-09-28,CM,NSE,STK,3188,INE0GXK01018,VMARCIND,SM,,,,,V MARC INDIA LIMITED,325.00,327.00,303.50,310.80,310.90,322.45,,310.80,,,253500,79604325.00,157,F1,1500,,,,,
2026-09-28,2026-09-28,CM,NSE,STK,23018,INE0QQM01017,VR,SM,,,,,V R INFRASPACE LIMITED,95.50,95.50,95.50,95.50,95.50,100.50,,95.50,,,400,38200.00,1,F1,400,,,,,
2026-09-28,2026-09-28,CM,NSE,STK,765220,INE222F01029,VTMLTD,EQ,,,,,V T M LTD.,42.44,43.11,37.45,38.07,37.55,41.53,,38.06,,,348137,13766415.62,2730,F1,1,,,,,
2026-09-28,2026-09-28,CM,NSE,STK,15362,INE951I01027,VGUARD,EQ,,,,,V-GUARD IND LTD.,306.85,308.30,298.80,307.25,307.25,304.35,,307.21,,,383502,116451887.10,17904,F1,1,,,,,
2026-09-28,2026-09-28,CM,NSE,STK,24606,INE0QXL01015,VLINFRA,SM,,,,,V.L.INFRAPROJECTS LIMITED,24.55,24.55,24.55,24.55,24.55,24.55,,24.55,,,1500,36825.00,1,F1,1500,,,,,
2026-09-28,2026-09-28,CM,NSE,STK,14766,INE945H01021,V2RETAIL,EQ,,,,,V2 RETAIL LIMITED,213.25,214.52,208.00,211.22,210.04,214.72,,211.23,,,682658,143978994.42,13473,F1,1,,,,,
2026-09-28,2026-09-28,CM,NSE,STK,20188,INE956G01038,WABAG,EQ,,,,,VA TECH WABAG LTD,2008.40,2008.40,1972.00,1977.20,1982.00,2008.40,,1977.27,,,213653,423606556.30,16588,F1,1,,,,,
2026-09-28,2026-09-28,CM,NSE,STK,764975,INE693D01018,VADILENT,EQ,,,,,VADILAL ENTERPRISES LTD.,10280.00,10300.00,10200.00,10201.00,10201.00,10265.00,,10250.50,,,18,184499.00,15,F1,1,,,,,
2026-09-28,2026-09-28,CM,NSE,STK,24196,INE694D01016,VADILALIND,EQ,,,,,VADILAL INDUSTRIES LTD,7572.00,7587.00,7350.50,7397.50,7390.00,7534.50,,7397.39,,,5916,44108079.00,2479,F1,1,,,,,
2026-09-28,2026-09-28,CM,NSE,STK,20973,INE551Q01028,VSCL,SM,,,,,VADIVARHE SPCLTY CHEM LTD,19.50,19.50,19.50,19.50,19.50,20.25,,19.50,,,3000,58500.00,1,F1,3000,,,,,
2026-09-28,2026-09-28,CM,NSE,STK,11364,INE884A01027,VAIBHAVGBL,EQ,,,,,VAIBHAV GLOBAL LIMITED,204.50,205.81,198.35,199.72,201.98,206.38,,199.73,,,311518,62549043.33,8766,F1,1,,,,,
2026-09-28,2026-09-28,CM,NSE,STK,8262,INE0JR301013,MADHAVBAUG,ST,,,,,VAIDYA SANE AYUR LAB LTD,160.00,169.25,160.00,165.00,165.00,161.25,,165.00,,,19600,3239080.00,26,F1,400,,,,,
2026-09-28,2026-09-28,CM,NSE,STK,16589,INE972X01022,VAISHALI,EQ,,,,,VAISHALI PHARMA LIMITED,8.62,8.70,8.40,8.50,8.58,8.62,,8.50,,,67874,580489.58,242,F1,1,,,,,
2026-09-28,2026-09-28,CM,NSE,STK,13342,INE051B01021,VAKRANGEE,EQ,,,,,VAKRANGEE LIMITED,5.27,5.28,5.10,5.18,5.15,5.27,,5.18,,,1085217,5606541.73,2236,F1,1,,,,,
2026-09-28,2026-09-28,CM,NSE,STK,19220,INE0JWS01017,VALIANTLAB,BE,,,,,VALIANT LABORATORIES LTD,126.00,126.00,118.63,118.97,118.95,124.87,,118.98,,,89589,10864156.30,417,F1,1,,,,,
2026-09-28,2026-09-28,CM,NSE,STK,330,INE565V01010,VALIANTORG,EQ,,,,,VALIANT ORGANICS LIMITED,419.35,419.35,396.40,397.75,398.15,410.45,,397.75,,,33242,13296947.50,877,F1,1,,,,,
2026-09-28,2026-09-28,CM,NSE,STK,18124,INE879I01012,DBREALTY,EQ,,,,,VALOR ESTATE LIMITED,98.16,99.49,95.08,96.28,97.00,100.08,,96.28,,,397975,38696934.66,3952,F1,1,,,,,
2026-09-28,2026-09-28,CM,NSE,STK,763304,INE1E7Y01018,VALUE360,SM,,,,,VALUE 360 COMMUNICATION L,56.15,56.15,56.15,56.15,56.15,59.95,,56.15,,,2400,134760.00,2,F1,1200,,,,,
2026-09-28,2026-09-28,CM,NSE,STK,13403,INE116G01013,VARDHACRLC,BE,,,,,VARDHAMAN ACRYLICS LTD,44.95,44.95,43.75,43.80,43.80,44.19,,43.80,,,18836,829419.39,180,F1,1,,,,,
2026-09-28,2026-09-28,CM,NSE,STK,11892,INE701A01023,VHL,EQ,,,,,VARDHMAN HOLDINGS LIMITED,3355.00,3391.60,3320.00,3329.30,3320.00,3358.10,,3329.25,,,650,2170398.30,97,F1,1,,,,,
2026-09-28,2026-09-28,CM,NSE,STK,3646,INE835A01029,VARDMNPOLY,EQ,,,,,VARDHMAN POLYTEX LTD.,5.99,5.99,5.78,5.80,5.78,5.85,,5.80,,,88410,515304.74,249,F1,1,,,,,
2026-09-28,2026-09-28,CM,NSE,STK,27067,INE050M01012,VSSL,EQ,,,,,VARDHMAN SPC STEEL LTD,414.60,418.00,403.80,407.75,411.00,411.50,,407.74,,,108982,44690822.30,5172,F1,1,,,,,
2026-09-28,2026-09-28,CM,NSE,STK,2073,INE825A01020,VTL,EQ,,,,,VARDHMAN TEXTILES LIMITED,554.30,554.80,538.60,540.55,544.30,554.00,,540.49,,,268457,146265729.90,14855,F1,1,,,,,
2026-09-28,2026-09-28,CM,NSE,STK,3857,INE665L01035,VARROC,EQ,,,,,VARROC ENGINEERING LTD.,834.85,863.80,821.05,848.35,849.80,834.85,,848.33,,,275526,233719246.25,20301,F1,1,,,,,
2026-09-28,2026-09-28,CM,NSE,STK,18921,INE200M01039,VBL,EQ,,,,,VARUN BEVERAGES LIMITED,433.00,433.50,426.20,430.00,430.00,434.80,,430.00,,,4707240,2022136849.30,42844,F1,1,,,,,
2026-09-28,2026-09-28,CM,NSE,STK,13771,INE273D01027,VGL,EQ,,,,,VARVEE GLOBAL LIMITED,69.35,69.35,63.15,64.26,64.80,67.28,,64.24,,,82614,5400908.45,1092,F1,1,,,,,
2026-09-28,2026-09-28,CM,NSE,STK,16454,INE0N5801013,DENTALKART,SM,,,,,VASA DENTICITY LIMITED,414.00,430.00,401.05,424.40,424.95,414.00,,424.40,,,18250,7727800.00,67,F1,250,,,,,
2026-09-28,2026-09-28,CM,NSE,STK,18110,INE893I01013,VASCONEQ,EQ,,,,,VASCON ENGINEERS LTD,35.05,36.08,34.05,34.96,35.05,34.76,,34.96,,,1507212,52913108.93,7761,F1,1,,,,,
2026-09-28,2026-09-28,CM,NSE,STK,25340,INE590L01019,VASWANI,EQ,,,,,VASWANI IND LTD,45.99,45.99,43.56,44.62,44.68,45.35,,44.63,,,22598,1006071.81,235,F1,1,,,,,
2026-09-28,2026-09-28,CM,NSE,STK,9027,INE098201036,VCL,BE,,,,,VAXTEX COTFAB LIMITED,1.32,1.32,1.32,1.32,1.32,1.38,,1.32,,,208332,274998.24,164,F1,1,,,,,
2026-09-28,2026-09-28,CM,NSE,STK,757413,INE04HY07294,1025VCCL28,N0,,,,,VCCL 10.25% 2028,96190.00,96190.00,96190.00,96190.00,96190.00,96368.30,,96190.00,,,2,192380.00,2,F1,1,,,,,
2026-09-28,2026-09-28,CM,NSE,STK,760049,INE04HY07377,115VCCL28,N0,,,,,VCCL 11.5% 2028 SR C,99499.99,100500.00,99499.99,100500.00,100500.00,99990.00,,100500.00,,,2,199999.99,2,F1,1,,,,,
2026-09-28,2026-09-28,CM,NSE,STK,756916,INE04HY07229,12VCCL29B,N0,,,,,VCCL 12% 2029,99999.99,99999.99,99999.99,99999.99,99999.99,99999.98,,99999.99,,,1,99999.99,1,F1,1,,,,,
2026-09-28,2026-09-28,CM,NSE,STK,760558,INE04HY08011,125VCCL31,N0,,,,,VCCL 12.5% 2031,97000.00,97000.00,97000.00,97000.00,97000.00,97000.00,,97000.00,,,3,291000.00,2,F1,1,,,,,
2026-09-28,2026-09-28,CM,NSE,STK,760451,INE04HY07385,115VCCL28A,N0,,,,,VCCL28A 11.5% 2028,97000.00,97000.00,95310.00,95310.00,95310.00,95600.00,,95310.00,,,4,384620.01,4,F1,1,,,,,
2026-09-28,2026-09-28,CM,NSE,STK,764503,INE04HY07419,115VCCL31B,N0,,,,,VCCL31B 11.50% 2031,10088.87,10088.87,10088.87,10088.87,10088.87,10000.00,,10088.87,,,45,453999.15,4,F1,1,,,,,
2026-09-28,2026-09-28,CM,NSE,STK,25054,INE0U2M01015,VDEAL,SM,,,,,VDEAL SYSTEM LIMITED,108.00,111.70,102.50,103.95,103.10,112.50,,103.95,,,46200,4950480.00,62,F1,600,,,,,
2026-09-28,2026-09-28,CM,NSE,STK,8167,INE825V01034,MANYAVAR,EQ,,,,,VEDANT FASHIONS LIMITED,526.00,543.25,520.25,541.30,541.00,532.50,,541.30,,,165833,89141338.50,9641,F1,1,,,,,
2026-09-28,2026-09-28,CM,NSE,STK,750174,INE1CDF01017,VAML,EQ,,,,,VEDANTA ALUMINIUM METAL L,426.60,426.75,414.65,420.05,420.75,426.75,,420.03,,,2814025,1182225253.00,51096,F1,1,,,,,
2026-09-28,2026-09-28,CM,NSE,STK,750290,INE1CLE01013,VISL,EQ,,,,,VEDANTA IRON AND STEEL L,32.94,32.94,31.15,31.42,31.49,32.78,,31.42,,,18432933,581049610.17,38807,F1,1,,,,,
2026-09-28,2026-09-28,CM,NSE,STK,3063,INE205A01025,VEDL,EQ,,,,,VEDANTA LIMITED,264.00,264.40,258.20,259.00,259.00,266.35,,259.01,,,7437078,1937042663.45,88748,F1,1,,,,,
2026-09-28,2026-09-28,CM,NSE,STK,750368,INE704J01044,VOGL,EQ,,,,,VEDANTA OIL AND GAS LTD,34.30,34.34,33.25,33.30,33.37,34.37,,33.30,,,10874615,365027521.18,36606,F1,1,,,,,
2026-09-28,2026-09-28,CM,NSE,STK,750518,INE694L01019,VEDPOWER,EQ,,,,,VEDANTA POWER LIMITED,33.09,33.11,32.11,32.15,32.30,32.95,,32.15,,,6021208,195003993.51,47842,F1,1,,,,,
2026-09-28,2026-09-28,CM,NSE,STK,764980,INE359B01010,VEDAVAAG,EQ,,,,,VEDAVAAG SYSTEMS LTD.,23.03,23.44,22.40,22.93,22.77,23.45,,22.94,,,89113,2046816.14,349,F1,1,,,,,
2026-09-28,2026-09-28,CM,NSE,STK,14019,INE484C01030,VEEDOL,EQ,,,,,VEEDOL CORPORATION LTD,1390.00,1390.00,1355.60,1364.10,1367.50,1393.40,,1364.12,,,10896,14981832.00,1181,F1,1,,,,,
2026-09-28,2026-09-28,CM,NSE,STK,766098,INE1JTV01015,VEEGALAND,BE,,,,,VEEGALAND DEVELOPERS LTD,141.20,143.80,138.50,140.62,140.00,141.16,,140.59,,,159386,22393759.88,1729,F1,1,,,,,
2026-09-28,2026-09-28,CM,NSE,STK,10710,INE0KTW01013,VEEKAYEM,SM,,,,,VEEKAYEM FASH & APP LTD,97.00,101.70,97.00,101.40,101.70,97.15,,101.40,,,2000,200600.00,4,F1,500,,,,,
2026-09-28,2026-09-28,CM,NSE,STK,762969,INE232E01013,VELJAN,BE,,,,,VELJAN DENISON LTD.,2080.00,2149.30,1990.00,2044.20,2026.00,2094.70,,2044.20,,,524,1069284.30,73,F1,1,,,,,
2026-09-28,2026-09-28,CM,NSE,STK,3757,INE398A01010,VENKEYS,EQ,,,,,VENKY S (INDIA) LIMITED,1652.80,1685.40,1625.00,1632.80,1625.10,1652.80,,1632.76,,,35873,59231781.70,5052,F1,1,,,,,
2026-09-28,2026-09-28,CM,NSE,STK,28847,INE781S01027,VENTIVE,EQ,,,,,VENTIVE HOSPITALITY LTD,575.00,575.00,555.50,558.90,559.00,565.05,,558.94,,,29803,16691002.30,1300,F1,1,,,,,
2026-09-28,2026-09-28,CM,NSE,STK,9592,INE0JA001018,VENUSPIPES,EQ,,,,,VENUS PIPES & TUBES LTD,2166.50,2249.00,2090.00,2132.60,2122.00,2163.20,,2132.59,,,261075,566549356.80,23634,F1,1,,,,,
2026-09-28,2026-09-28,CM,NSE,STK,13859,INE411B01019,VENUSREM,EQ,,,,,VENUS REMEDIES LIMITED,1699.00,1732.90,1621.00,1629.20,1630.00,1668.40,,1629.30,,,40916,68523385.90,3672,F1,1,,,,,
2026-09-28,2026-09-28,CM,NSE,STK,8890,INE0IQ001011,VERANDA,EQ,,,,,VERANDA LEARNING SOL LTD,232.90,244.02,230.00,238.02,238.00,232.59,,238.01,,,433989,103346652.70,8461,F1,1,,,,,
2026-09-28,2026-09-28,CM,NSE,STK,23775,INE0SRI01019,VERITAAS,SM,,,,,VERITAAS ADVERTISING LTD,28.00,28.00,28.00,28.00,28.00,26.70,,28.00,,,4800,134400.00,4,F1,1200,,,,,
2026-09-28,2026-09-28,CM,NSE,STK,18863,INE188Y01031,VERTOZ,EQ,,,,,VERTOZ LIMITED,37.29,37.95,35.55,36.17,36.69,36.29,,36.17,,,20615,753465.59,367,F1,1,,,,,
2026-09-28,2026-09-28,CM,NSE,STK,3676,INE386A01023,VESUVIUS,EQ,,,,,VESUVIUS INDIA LTD,388.00,396.95,383.00,385.40,386.70,389.10,,385.41,,,86994,33752243.40,5046,F1,1,,,,,
2026-09-28,2026-09-28,CM,NSE,STK,8652,INE918N01018,VETO,EQ,,,,,VETO SWITCHGEAR CABLE LTD,153.89,155.90,147.00,147.70,148.50,150.32,,147.73,,,243862,36644009.45,4527,F1,1,,,,,
2026-09-28,2026-09-28,CM,NSE,STK,14316,INE0MO401019,VIAZ,SM,,,,,VIAZ TYRES LIMITED,76.45,79.00,76.45,79.00,79.00,75.50,,79.00,,,16000,1253800.00,5,F1,2000,,,,,
2026-09-28,2026-09-28,CM,NSE,STK,22730,INE0QTF01015,VSTL,EQ,,,,,VIBHOR STEEL TUBES LTD,113.76,114.89,110.50,111.23,111.02,113.76,,111.24,,,5590,625940.05,314,F1,1,,,,,
2026-09-28,2026-09-28,CM,NSE,STK,765252,INE761Q01015,VGCL,EQ,,,,,VIBRANT GLOBAL CAPITAL L,48.12,48.54,46.02,46.58,46.02,47.89,,46.58,,,1321,62967.66,34,F1,1,,,,,
2026-09-28,2026-09-28,CM,NSE,STK,23386,INE048C01025,VHLTD,BE,,,,,VICEROY HOTELS LIMITED,126.70,129.90,122.20,128.28,127.60,125.36,,128.41,,,31292,4009878.99,188,F1,1,,,,,
2026-09-28,2026-09-28,CM,NSE,STK,760691,INE0F8901022,VICTORYEV,SM,,,,,VICTORY ELEC VEHICL INT L,13.85,13.95,13.65,13.95,13.95,13.85,,13.95,,,18000,249000.00,6,F1,3000,,,,,
2026-09-28,2026-09-28,CM,NSE,STK,13536,INE632C01026,VIDHIING,EQ,,,,,VIDHI SPCLTY F INGRDNTS L,349.00,358.35,340.00,354.00,350.15,345.75,,353.94,,,15153,5254846.45,874,F1,1,,,,,
2026-09-28,2026-09-28,CM,NSE,STK,760224,INE14UN01029,VIDYAWIRES,EQ,,,,,VIDYA WIRES LIMITED,93.24,94.95,90.40,91.07,91.32,90.54,,91.08,,,2421362,224863147.11,19944,F1,1,,,,,
2026-09-28,2026-09-28,CM,NSE,STK,758898,INE1DM601016,VIGOR,SM,,,,,VIGOR PLAST INDIA LIMITED,101.00,104.90,101.00,101.40,101.40,100.00,,101.40,,,9600,980320.00,6,F1,1600,,,,,
2026-09-28,2026-09-28,CM,NSE,STK,764985,INE362D01010,VIJSOLX,EQ,,,,,VIJAY SOLVEX LTD.,656.80,656.80,636.10,636.10,636.10,636.05,,639.15,,,40,25547.50,2,F1,1,,,,,
2026-09-28,2026-09-28,CM,NSE,STK,5585,INE043W01024,VIJAYA,EQ,,,,,VIJAYA DIAGNOSTIC CEN LTD,1513.30,1513.30,1480.10,1501.40,1490.20,1513.60,,1501.36,,,104599,156666782.80,13454,F1,1,,,,,
2026-09-28,2026-09-28,CM,NSE,STK,760121,INE0WL901019,VIJAYPD,SM,,,,,VIJAYPD CEUTICAL LIMITED,70.00,70.00,66.00,66.00,66.00,72.85,,66.00,,,22000,1495400.00,10,F1,2000,,,,,
2026-09-28,2026-09-28,CM,NSE,STK,17695,INE159N01027,VIJIFIN,BE,,,,,VIJI FINANCE LIMITED,16.09,16.09,16.09,16.09,16.09,16.41,,16.08,,,79940,1286234.60,151,F1,1,,,,,
2026-09-28,2026-09-28,CM,NSE,STK,25756,INE806A01020,VIKASECO,EQ,,,,,VIKAS ECOTECH LIMITED,1.05,1.05,1.03,1.03,1.03,1.04,,1.03,,,1619424,1680372.06,1045,F1,1,,,,,
2026-09-28,2026-09-28,CM,NSE,STK,9931,INE161L01027,VIKASLIFE,EQ,,,,,VIKAS LIFECARE LIMITED,1.23,1.26,1.22,1.23,1.23,1.23,,1.23,,,1637074,2008686.67,8415,F1,1,,,,,
2026-09-28,2026-09-28,CM,NSE,STK,759453,INE078V01014,VIKRAMSOLR,EQ,,,,,VIKRAM SOLAR LIMITED,160.98,161.25,160.06,160.08,160.10,160.31,,160.08,,,1535887,246166392.53,8676,F1,1,,,,,
2026-09-28,2026-09-28,CM,NSE,STK,758973,INE01R501028,VIKRAN,EQ,,,,,VIKRAN ENGINEERING LTD,58.82,59.07,57.01,57.26,57.49,59.18,,57.26,,,941790,54162559.32,6294,F1,1,,,,,
2026-09-28,2026-09-28,CM,NSE,STK,23909,INE0AZY01017,VILAS,SM,,,,,VILAS TRANSCORE LIMITED,389.05,392.95,375.10,376.85,376.00,395.00,,376.85,,,15500,5921100.00,52,F1,250,,,,,
2026-09-28,2026-09-28,CM,NSE,STK,13101,INE579C01029,VIMTALABS,EQ,,,,,VIMTA LABS LIMITED,595.10,603.50,582.10,585.35,585.00,599.30,,585.36,,,79991,47440451.70,5856,F1,1,,,,,
2026-09-28,2026-09-28,CM,NSE,STK,17364,INE410B01037,VINATIORGA,EQ,,,,,VINATI ORGANICS LTD,1206.40,1210.10,1190.00,1191.00,1192.30,1206.40,,1191.02,,,26786,31992553.20,4098,F1,1,,,,,
2026-09-28,2026-09-28,CM,NSE,STK,3694,INE707A01012,VINDHYATEL,EQ,,,,,VINDHYA TELELINKS LTD,2722.00,2722.00,2565.20,2598.40,2573.20,2719.80,,2598.35,,,45643,119799250.20,5971,F1,1,,,,,
2026-09-28,2026-09-28,CM,NSE,STK,3807,INE505Y01010,VINEETLAB,EQ,,,,,VINEET LABORATORIES LTD,35.15,36.30,34.31,35.33,36.29,34.85,,35.31,,,51893,1814919.66,265,F1,1,,,,,
2026-09-28,2026-09-28,CM,NSE,STK,763821,INE27V201011,VMOBILE,SM,,,,,VINIT MOBILE LIMITED,55.00,58.90,54.05,56.60,56.60,56.75,,56.60,,,9600,548720.00,9,F1,800,,,,,
2026-09-28,2026-09-28,CM,NSE,STK,12490,INE01KI01027,VINNY,EQ,,,,,VINNY OVERSEAS LIMITED,0.95,0.96,0.91,0.91,0.92,0.93,,0.91,,,181618,168058.66,194,F1,1,,,,,
2026-09-28,2026-09-28,CM,NSE,STK,766064,INE1A5U01014,VINOD,ST,,,,,VINOD TEXWORLD LIMITED,62.55,62.55,62.55,62.55,62.55,65.80,,62.55,,,2400,150120.00,2,F1,1200,,,,,
2026-09-28,2026-09-28,CM,NSE,STK,17905,INE0OSJ01014,VINSYS,ST,,,,,VINSYS IT SERVICES IND LT,580.00,580.00,576.00,576.00,576.00,582.00,,576.00,,,1250,722500.00,5,F1,250,,,,,
2026-09-28,2026-09-28,CM,NSE,STK,25835,INE498Q01014,VINCOFE,EQ,,,,,VINTAGE COFFEE N BVRGS L,184.98,184.98,179.38,179.97,179.60,184.15,,179.91,,,872679,158329856.47,11077,F1,1,,,,,
2026-09-28,2026-09-28,CM,NSE,STK,19206,INE0OLS01010,VINYAS,SM,,,,,VINYAS INNOVATIVE TECH L,1475.00,1515.00,1463.20,1493.00,1500.00,1527.30,,1493.00,,,3900,5790200.00,36,F1,100,,,,,
2026-09-28,2026-09-28,CM,NSE,STK,16821,INE250B01029,VINYLINDIA,EQ,,,,,VINYL CHEMICALS (I) LTD.,219.85,222.00,215.55,218.59,219.00,219.85,,218.56,,,8544,1872296.28,351,F1,1,,,,,
2026-09-28,2026-09-28,CM,NSE,STK,14843,INE450G01024,VIPCLOTHNG,EQ,,,,,VIP CLOTHING LIMITED,21.70,21.70,20.70,21.09,21.03,21.63,,21.10,,,17110,365815.00,136,F1,1,,,,,
2026-09-28,2026-09-28,CM,NSE,STK,3703,INE054A01027,VIPIND,EQ,,,,,VIP INDUSTRIES LTD,301.00,301.00,295.15,296.25,296.45,301.20,,296.25,,,114218,34042121.50,4374,F1,1,,,,,
2026-09-28,2026-09-28,CM,NSE,STK,8437,INE946H01037,VIPULLTD,BE,,,,,VIPUL LIMITED,10.36,10.87,10.00,10.87,10.87,10.36,,10.87,,,160221,1676031.70,311,F1,1,,,,,
2026-09-28,2026-09-28,CM,NSE,STK,764990,INE467D01017,VIRAT,EQ,,,,,VIRAT INDUSTRIES LTD.,380.00,380.00,355.50,358.40,368.00,364.70,,358.94,,,7137,2598814.40,484,F1,1,,,,,
2026-09-28,2026-09-28,CM,NSE,STK,15295,INE539B01017,VIRINCHI,EQ,,,,,VIRINCHI LIMITED,13.82,14.18,13.71,13.72,13.81,13.81,,13.72,,,33201,456712.14,173,F1,1,,,,,
2026-09-28,2026-09-28,CM,NSE,STK,757060,INE0VRH01015,VGINFOTECH,SM,,,,,VIRTUAL GALAXY INFOTECH L,146.00,146.10,143.00,143.00,143.00,144.80,,143.00,,,18000,2614350.00,17,F1,1000,,,,,
2026-09-28,2026-09-28,CM,NSE,STK,765218,INE247C01023,VIRTUALG,BE,,,,,VIRTUAL GLOBAL EDU LTD,0.45,0.46,0.44,0.44,0.44,0.46,,0.44,,,347661,154637.09,172,F1,1,,,,,
2026-09-28,2026-09-28,CM,NSE,STK,761916,INE0I0T01010,VOEPL,EQ,,,,,VIRTUOSO OPTOELECTRONIC L,520.95,520.95,494.00,497.50,495.50,512.30,,497.36,,,40513,20308437.75,1845,F1,1,,,,,
2026-09-28,2026-09-28,CM,NSE,STK,13295,INE286H01012,VISACHROME,EQ,,,,,VISA CHROME LIMITED,35.00,35.00,32.87,33.36,34.39,34.54,,33.59,,,7943,265498.08,121,F1,1,,,,,
2026-09-28,2026-09-28,CM,NSE,STK,29877,INE370E01029,VIVIDHA,EQ,,,,,VISAGAR POLYTEX LTD,0.53,0.54,0.52,0.52,0.53,0.53,,0.52,,,105712,55378.38,142,F1,1,,,,,
2026-09-28,2026-09-28,CM,NSE,STK,8150,INE392A01021,VISAKAIND,BE,,,,,VISAKA INDUSTRIES LTD,89.00,90.00,87.00,87.21,89.20,90.98,,87.22,,,133056,11694350.52,1175,F1,1,,,,,
2026-09-28,2026-09-28,CM,NSE,STK,24274,INE0BHK01012,VISAMAN,SM,,,,,VISAMAN GLOBAL SALES LTD,28.70,28.70,28.70,28.70,28.70,30.20,,28.70,,,370000,10619000.00,18,F1,1000,,,,,
2026-09-28,2026-09-28,CM,NSE,STK,11773,INE755Q01025,VISHAL,EQ,,,,,VISHAL FABRICS LTD.,18.00,18.23,17.61,17.86,17.89,18.03,,17.89,,,34187,613982.00,212,F1,1,,,,,
2026-09-28,2026-09-28,CM,NSE,STK,27969,INE01EA01019,VMM,EQ,,,,,VISHAL MEGA MART LIMITED,103.99,103.99,100.20,100.81,100.81,103.50,,100.81,,,9107588,925738661.50,37905,F1,1,,,,,
2026-09-28,2026-09-28,CM,NSE,STK,6908,INE270I01022,VISHNU,EQ,,,,,VISHNU CHEMICALS LIMITED,687.25,695.00,683.00,691.95,694.00,697.65,,692.00,,,42782,29544370.60,3373,F1,1,,,,,
2026-09-28,2026-09-28,CM,NSE,STK,18341,INE0AE001013,VPRPL,EQ,,,,,VISHNU PRAKASH R PUNGLI L,32.20,32.23,30.66,31.09,31.35,32.50,,31.10,,,849427,26545442.70,3450,F1,1,,,,,
2026-09-28,2026-09-28,CM,NSE,STK,19300,INE0PQ001012,VISHNUINFR,SM,,,,,VISHNUSURYA PROJ N INFR L,143.30,144.00,135.05,143.50,143.50,147.80,,143.50,,,80500,11431675.00,56,F1,500,,,,,
2026-09-28,2026-09-28,CM,NSE,STK,13702,INE430N01022,VISHWARAJ,EQ,,,,,VISHWARAJ SUGAR IND LTD,5.55,5.70,5.35,5.40,5.38,5.48,,5.39,,,309490,1699193.29,678,F1,1,,,,,
2026-09-28,2026-09-28,CM,NSE,STK,25231,INE0TR001017,VIESL,SM,,,,,VISION INFRA EQUIP SOL L,372.00,372.00,363.00,364.25,363.00,372.00,,364.25,,,8000,2923760.00,10,F1,800,,,,,
2026-09-28,2026-09-28,CM,NSE,STK,761148,INE0L4K01016,VITAL,EQ,,,,,VITAL CHEMTECH LIMITED,53.50,55.62,53.50,54.06,55.47,53.00,,54.06,,,4497,248170.45,37,F1,1,,,,,
2026-09-28,2026-09-28,CM,NSE,STK,763636,INE0MEG01014,VIVIANA,EQ,,,,,VIVIANA POWER TECH LTD,719.50,726.90,705.45,710.65,712.00,719.55,,710.65,,,11081,7919610.50,857,F1,1,,,,,
2026-09-28,2026-09-28,CM,NSE,STK,761768,INE24H301028,VIVIDEL,SM,,,,,VIVID ELECTROMECH LIMITED,1816.00,1816.00,1675.00,1686.05,1701.00,1773.70,,1686.05,,,25680,44734284.00,95,F1,240,,,,,
2026-09-28,2026-09-28,CM,NSE,STK,11968,INE526G01021,VIVIMEDLAB,BE,,,,,VIVIMED LABS LIMITED,5.66,5.66,5.44,5.66,5.66,5.55,,5.51,,,30714,170935.21,54,F1,1,,,,,
2026-09-28,2026-09-28,CM,NSE,STK,764995,INE380K01017,VIVOBIOT,EQ,,,,,VIVO BIO TECH LTD.,17.39,17.39,16.10,16.26,16.30,16.79,,16.40,,,10869,179361.25,308,F1,1,,,,,
2026-09-28,2026-09-28,CM,NSE,STK,14296,INE807F01027,VIYASH,EQ,,,,,VIYASH SCIENTIFIC LIMITED,244.35,244.35,239.15,241.00,241.10,244.35,,240.99,,,1406271,338886862.75,28824,F1,1,,,,,
2026-09-28,2026-09-28,CM,NSE,STK,18012,INE03HW01020,VLEGOV,EQ,,,,,VL E GOV AND IT SOL LTD,10.95,10.95,10.26,10.34,10.30,10.59,,10.33,,,36569,381057.27,323,F1,1,,,,,
2026-09-28,2026-09-28,CM,NSE,STK,3715,INE709A01018,VLSFINANCE,EQ,,,,,VLS FINANCE LTD,239.65,239.65,234.25,237.40,237.00,239.74,,237.40,,,2385,565938.39,161,F1,1,,,,,
2026-09-28,2026-09-28,CM,NSE,STK,29284,INE665J01013,VMART,EQ,,,,,VMART RETAIL LTD,765.20,769.80,747.30,766.50,766.00,760.10,,766.50,,,62516,47557995.65,8454,F1,1,,,,,
2026-09-28,2026-09-28,CM,NSE,STK,759152,INE0SJA01013,VMSTMT,EQ,,,,,VMS TMT LIMITED,46.48,48.60,46.44,48.25,48.00,46.48,,48.22,,,64007,3046771.81,955,F1,1,,,,,
2026-09-28,2026-09-28,CM,NSE,STK,14366,INE669E01016,IDEA,EQ,,,,,VODAFONE IDEA LIMITED,14.22,14.23,13.43,13.47,13.47,14.26,,13.47,,,500546584,6856225498.50,610562,F1,1,,,,,
2026-09-28,2026-09-28,CM,NSE,STK,765000,INE285C01015,VOITHPAPR,EQ,,,,,VOITH PAPER FABRICS IND L,1441.00,1464.00,1427.00,1435.30,1435.30,1450.00,,1442.49,,,57,82385.10,20,F1,1,,,,,
2026-09-28,2026-09-28,CM,NSE,STK,29658,INE241X01014,VOLERCAR,SM,,,,,VOLER CAR LIMITED,216.20,229.70,216.20,221.00,221.00,231.50,,221.00,,,49600,10897240.00,31,F1,800,,,,,
2026-09-28,2026-09-28,CM,NSE,STK,13577,INE540H01012,VOLTAMP,EQ,,,,,VOLTAMP TRANSFORMERS LTD,10709.00,10724.00,10450.00,10513.00,10525.00,10709.00,,10504.19,,,14605,154929896.00,5946,F1,1,,,,,
2026-09-28,2026-09-28,CM,NSE,STK,3718,INE226A01021,VOLTAS,EQ,,,,,VOLTAS LTD,1124.90,1144.50,1120.20,1135.50,1135.50,1118.20,,1135.41,,,933414,1056418863.60,30941,F1,1,,,,,
2026-09-28,2026-09-28,CM,NSE,STK,24321,INE0S2V01010,VRAJ,EQ,,,,,VRAJ IRON AND STEEL LTD,127.00,129.00,123.61,124.66,124.50,126.24,,124.66,,,15278,1936077.48,709,F1,1,,,,,
2026-09-28,2026-09-28,CM,NSE,STK,8696,INE366I01010,VRLLOG,EQ,,,,,VRL LOGISTICS LIMITED,288.40,288.50,285.00,287.00,287.55,289.70,,286.99,,,128046,36729591.55,3380,F1,1,,,,,
2026-09-28,2026-09-28,CM,NSE,STK,3724,INE710A01016,VSTIND,EQ,,,,,VST INDUSTRIES LTD,205.40,206.09,203.10,204.00,204.00,204.54,,204.00,,,90130,18430540.62,2999,F1,1,,,,,
2026-09-28,2026-09-28,CM,NSE,STK,24292,INE764D01017,VSTTILLERS,EQ,,,,,VST TILLERS TRACTORS LTD,4473.30,4473.40,4272.00,4307.30,4275.00,4473.30,,4307.30,,,14681,63780593.00,2725,F1,1,,,,,
2026-09-28,2026-09-28,CM,NSE,STK,765005,INE855A01019,WHBRADY,EQ,,,,,W H BRADY & CO. LTD.,491.00,491.00,491.00,491.00,491.00,491.00,,485.53,,,1,491.00,1,F1,1,,,,,
2026-09-28,2026-09-28,CM,NSE,STK,762978,INE765D01022,WPIL,EQ,,,,,W P I L LTD.,431.50,432.00,420.00,422.35,423.20,430.40,,422.29,,,37076,15764427.55,3997,F1,1,,,,,
2026-09-28,2026-09-28,CM,NSE,STK,14828,INE100D01014,WSI,EQ,,,,,W.S.INDUSTRIES (I) LTD.,55.30,56.70,54.36,55.70,55.11,55.94,,55.74,,,14401,792876.21,370,F1,1,,,,,
2026-09-28,2026-09-28,CM,NSE,STK,25907,INE377N01017,WAAREEENER,EQ,,,,,WAAREE ENERGIES LIMITED,2494.90,2509.20,2437.00,2455.00,2455.00,2495.00,,2455.00,,,581069,1432459062.40,37665,F1,1,,,,,
2026-09-28,2026-09-28,CM,NSE,STK,756038,INE299N01021,WAAREERTL,EQ,,,,,WAAREE RENEWABLE TECH LTD,833.30,835.00,822.95,826.05,826.00,832.90,,826.05,,,81752,67727501.20,9119,F1,1,,,,,
2026-09-28,2026-09-28,CM,NSE,STK,760259,INE0E7301029,WAKEFIT,EQ,,,,,WAKEFIT INNOVATIONS LTD,142.30,142.30,137.80,138.57,138.26,141.35,,138.53,,,195762,27252996.28,2379,F1,1,,,,,
2026-09-28,2026-09-28,CM,NSE,STK,3736,INE711A01022,WALCHANNAG,EQ,,,,,WALCHANDNAGAR INDUSTRIES,211.00,211.01,202.00,203.03,203.81,210.99,,203.03,,,303356,62235044.77,6875,F1,1,,,,,
2026-09-28,2026-09-28,CM,NSE,STK,5013,INE0G2G01015,WALPAR,SM,,,,,WALPAR NUTRITIONS LIMITED,28.75,28.80,26.10,26.25,26.10,27.45,,26.25,,,20000,560200.00,10,F1,2000,,,,,
2026-09-28,2026-09-28,CM,NSE,STK,14063,INE107F01022,WANBURY,EQ,,,,,WANBURY LIMITED,223.00,225.60,221.05,222.25,223.80,224.15,,222.22,,,110252,24584518.10,1963,F1,1,,,,,
2026-09-28,2026-09-28,CM,NSE,STK,765225,INE945P01024,WARDINMOBI,EQ,,,,,WARDWIZARD INNO & MOB L,5.64,5.64,5.40,5.43,5.43,5.57,,5.43,,,213653,1171709.80,939,F1,1,,,,,
2026-09-28,2026-09-28,CM,NSE,STK,3745,INE054C01015,WATERBASE,EQ,,,,,WATERBASE LTD.,45.02,46.35,44.25,44.56,44.94,45.43,,44.55,,,21954,988425.08,272,F1,1,,,,,
2026-09-28,2026-09-28,CM,NSE,STK,762163,INE0LZF01039,CORDELIA,EQ,,,,,WATERWAYS LEISURE TOUR L,105.70,105.70,101.81,102.64,103.25,105.21,,102.77,,,826956,85682500.44,8570,F1,1,,,,,
2026-09-28,2026-09-28,CM,NSE,STK,9862,INE082W01014,WEWIN,EQ,,,,,WE WIN LIMITED,48.00,50.00,47.99,48.59,48.02,48.26,,48.59,,,18241,888618.06,373,F1,1,,,,,
2026-09-28,2026-09-28,CM,NSE,STK,760482,INF2F0001370,TWCGOLDETF,EQ,,,,,WEALTH - TWCGOLDETF,147.00,147.00,144.89,145.89,145.97,149.99,,145.89,,,2661,388679.50,197,F1,1,,,,,
2026-09-28,2026-09-28,CM,NSE,STK,1923,INE658T01017,WEALTH,EQ,,,,,WEALTH FRST PORT. MG. LTD,838.15,940.00,829.05,832.80,925.00,834.95,,832.80,,,43830,36501754.75,204,F1,1,,,,,
2026-09-28,2026-09-28,CM,NSE,STK,14602,INE855C01023,WEBELSOLAR,EQ,,,,,WEBSOL ENERGY SYSTEM LTD,72.91,73.15,71.51,71.75,71.80,73.23,,71.75,,,1185390,85395838.43,10644,F1,1,,,,,
2026-09-28,2026-09-28,CM,NSE,STK,3748,INE080A01014,WEIZMANIND,EQ,,,,,WEIZMANN LTD,76.00,76.00,72.50,72.54,72.99,73.00,,72.54,,,1098,81194.80,24,F1,1,,,,,
2026-09-28,2026-09-28,CM,NSE,STK,11821,INE191B01025,WELCORP,EQ,,,,,WELSPUN CORP LIMITED,2830.00,2838.00,2684.50,2739.70,2754.00,2832.40,,2739.64,,,1348785,3713396316.30,86411,F1,1,,,,,
2026-09-28,2026-09-28,CM,NSE,STK,11626,INE625G01013,WELENT,EQ,,,,,WELSPUN ENTERPRISES LTD.,755.50,762.00,734.25,749.50,749.70,754.50,,749.51,,,586516,435454265.35,9023,F1,1,,,,,
2026-09-28,2026-09-28,CM,NSE,STK,19804,INE389K01018,WELINV,BE,,,,,WELSPUN INV & COMM LTD,2499.00,2499.00,2451.00,2451.00,2451.00,2499.90,,2406.35,,,99,245049.00,12,F1,1,,,,,
2026-09-28,2026-09-28,CM,NSE,STK,11253,INE192B01031,WELSPUNLIV,EQ,,,,,WELSPUN LIVING LIMITED,224.90,229.00,221.80,227.95,226.21,224.68,,227.95,,,4159923,942286770.49,40185,F1,1,,,,,
2026-09-28,2026-09-28,CM,NSE,STK,762971,INE731F01037,WELSPLSOL,EQ,,,,,WELSPUN SPECIALTY SOL L,55.50,55.63,53.05,53.81,53.80,55.00,,53.81,,,347359,18746779.73,2996,F1,1,,,,,
2026-09-28,2026-09-28,CM,NSE,STK,4235,INE274C01019,WENDT,EQ,,,,,WENDT (INDIA) LIMITED,8650.00,8650.00,8450.00,8459.00,8450.00,8646.00,,8459.17,,,5304,45105829.50,1616,F1,1,,,,,
2026-09-28,2026-09-28,CM,NSE,STK,3799,INE976A01021,WSTCSTPAPR,EQ,,,,,WEST COAST PAPER MILLS LT,730.00,744.20,712.80,722.35,721.85,731.90,,722.38,,,120599,87793998.80,9752,F1,1,,,,,
2026-09-28,2026-09-28,CM,NSE,STK,25403,INE0CJF01024,WCIL,EQ,,,,,WESTERN CARRIERS (IND) L,94.77,95.30,92.00,92.75,93.30,94.77,,92.76,,,163956,15340757.21,1584,F1,1,,,,,
2026-09-28,2026-09-28,CM,NSE,STK,11580,INE274F01020,WESTLIFE,EQ,,,,,WESTLIFE FOODWORLD LTD,577.95,587.15,562.05,579.85,578.00,578.10,,579.81,,,91864,53116387.35,8586,F1,1,,,,,
2026-09-28,2026-09-28,CM,NSE,STK,759434,INE085001019,WEWORK,EQ,,,,,WEWORK INDIA MANAGEMENT L,646.65,664.90,635.50,650.65,645.00,652.55,,650.72,,,132927,85689891.45,9501,F1,1,,,,,
2026-09-28,2026-09-28,CM,NSE,STK,3766,INE715A01015,WHEELS,EQ,,,,,WHEELS INDIA LTD,2320.00,2394.00,2264.70,2323.80,2325.00,2296.40,,2323.77,,,342438,798566032.60,24567,F1,1,,,,,
2026-09-28,2026-09-28,CM,NSE,STK,18011,INE716A01013,WHIRLPOOL,EQ,,,,,WHIRLPOOL OF INDIA LTD,910.00,932.00,889.85,917.10,913.90,918.90,,917.03,,,4140030,3773948881.10,119906,F1,1,,,,,
2026-09-28,2026-09-28,CM,NSE,STK,3772,INE210A01017,WILLAMAGOR,EQ,,,,,WILLIAMSON MAGOR,23.91,23.91,22.00,22.11,22.20,22.44,,22.20,,,2385,53085.81,48,F1,1,,,,,
2026-09-28,2026-09-28,CM,NSE,STK,5366,INE0H5O01029,WINDLAS,EQ,,,,,WINDLAS BIOTECH LIMITED,1108.00,1138.95,1085.45,1102.55,1100.00,1102.55,,1102.52,,,116391,130346891.20,9846,F1,1,,,,,
2026-09-28,2026-09-28,CM,NSE,STK,24969,INE052A01021,WINDMACHIN,EQ,,,,,WINDSOR MACHINES LIMITED,298.00,303.00,294.65,300.25,300.00,299.50,,300.26,,,53475,16049552.05,1074,F1,1,,,,,
2026-09-28,2026-09-28,CM,NSE,STK,23714,INE0S3D01016,WINSOL,SM,,,,,WINSOL ENGINEERS LIMITED,111.00,111.00,106.45,106.45,106.45,107.30,,106.45,,,6400,703740.00,6,F1,400,,,,,
2026-09-28,2026-09-28,CM,NSE,STK,3787,INE075A01022,WIPRO,EQ,,,,,WIPRO LTD,164.02,164.45,160.97,161.56,161.56,164.02,,161.56,,,10309220,1671868977.39,83152,F1,1,,,,,
2026-09-28,2026-09-28,CM,NSE,STK,22725,INE623Y01011,WTICAB,SM,,,,,WISE TRAVEL INDIA LIMITED,95.00,97.85,95.00,97.50,97.50,96.00,,97.50,,,9000,868575.00,12,F1,500,,,,,
2026-09-28,2026-09-28,CM,NSE,STK,7506,INE049B01025,WOCKPHARMA,EQ,,,,,WOCKHARDT LIMITED,2267.00,2267.00,2181.00,2187.60,2189.00,2265.60,,2187.56,,,649952,1438095147.20,40009,F1,1,,,,,
2026-09-28,2026-09-28,CM,NSE,STK,19632,INE0Q9601016,WOMANCART,ST,,,,,WOMANCART LIMITED,101.55,101.55,96.35,99.20,98.50,99.60,,99.20,,,14000,1390380.00,30,F1,400,,,,,
2026-09-28,2026-09-28,CM,NSE,STK,7835,INE02WG01024,WEL,EQ,,,,,WONDER ELECTRICALS LTD,76.65,76.65,73.51,73.72,73.80,74.62,,73.72,,,182719,13490497.82,1398,F1,1,,,,,
2026-09-28,2026-09-28,CM,NSE,STK,3002,INE066O01014,WONDERLA,EQ,,,,,WONDERLA HOLIDAYS LTD.,508.05,511.75,504.00,505.55,504.00,510.15,,505.54,,,48343,24516515.20,2291,F1,1,,,,,
2026-09-28,2026-09-28,CM,NSE,STK,22277,INE196Y01018,WORTHPERI,EQ,,,,,WORTH PERIPHERALS LIMITED,145.03,148.60,142.25,146.86,142.25,144.94,,146.79,,,19885,2917984.18,65,F1,1,,,,,
2026-09-28,2026-09-28,CM,NSE,STK,11705,INE692G01013,XCHANGING,EQ,,,,,XCHANGING SOLUTIONS LTD,62.00,62.00,59.80,60.04,60.29,61.42,,60.04,,,72124,4361246.46,1033,F1,1,,,,,
2026-09-28,2026-09-28,CM,NSE,STK,8477,INE01P501012,XELPMOC,EQ,,,,,XELPMOC DESIGN & TECH LTD,97.47,98.00,87.36,89.57,90.00,89.50,,89.61,,,240719,22553920.63,2834,F1,1,,,,,
2026-09-28,2026-09-28,CM,NSE,STK,11407,INE445C01015,XPROINDIA,EQ,,,,,XPRO INDIA LIMITED,1206.70,1206.70,1134.10,1142.20,1143.10,1197.10,,1142.19,,,40786,47047790.20,4767,F1,1,,,,,
2026-09-28,2026-09-28,CM,NSE,STK,25235,INE547B01028,XTGLOBAL,EQ,,,,,XTGLOBAL INFOTECH LIMITED,30.14,30.49,28.80,28.91,28.86,29.44,,28.91,,,114401,3432490.62,357,F1,1,,,,,
2026-09-28,2026-09-28,CM,NSE,STK,764312,INE0NG701011,XTRANET,EQ,,,,,XTRANET TECHNOLOGIES LTD,298.00,308.83,285.76,285.76,285.76,300.79,,285.84,,,995113,290825780.87,12247,F1,1,,,,,
2026-09-28,2026-09-28,CM,NSE,STK,760870,INE0U0J01015,YAAP,SM,,,,,YAAP DIGITAL LIMITED,128.90,128.90,123.05,123.05,123.05,123.20,,123.05,,,9000,1138200.00,8,F1,1000,,,,,
2026-09-28,2026-09-28,CM,NSE,STK,23451,INE0TO601017,YASHOPTICS,SM,,,,,YASH OPTICS & LENS LTD,136.00,136.90,130.00,131.25,131.25,134.45,,131.25,,,16800,2245520.00,21,F1,800,,,,,
2026-09-28,2026-09-28,CM,NSE,STK,18131,INE616Z01012,YASHO,EQ,,,,,YASHO INDUSTRIES LIMITED,4250.10,4250.10,4080.20,4117.90,4086.50,4234.10,,4117.92,,,27243,112663812.40,7987,F1,1,,,,,
2026-09-28,2026-09-28,CM,NSE,STK,17627,INE08S201019,YCCL,SM,,,,,YASONS CHEMEX CARE LTD,8.10,8.10,8.00,8.00,8.00,8.25,,8.00,,,6000,48300.00,2,F1,3000,,,,,
2026-09-28,2026-09-28,CM,NSE,STK,17738,INE0JO301016,YATHARTH,EQ,,,,,YATHARTH HOSP & TRA C S L,1122.40,1129.30,1093.60,1100.40,1102.70,1121.40,,1100.39,,,325159,359903604.50,21008,F1,1,,,,,
2026-09-28,2026-09-28,CM,NSE,STK,18760,INE0JR601024,YATRA,EQ,,,,,YATRA ONLINE LIMITED,104.00,104.99,101.05,101.67,101.85,103.84,,101.66,,,710535,72865187.41,20776,F1,1,,,,,
2026-09-28,2026-09-28,CM,NSE,STK,11915,INE528G01035,YESBANK,EQ,,,,,YES BANK LIMITED,22.38,22.38,21.11,21.18,21.18,22.50,,21.18,,,122415681,2634113497.23,195081,F1,1,,,,,
2026-09-28,2026-09-28,CM,NSE,STK,765010,INE290E01011,YOGI,EQ,,,,,YOGI LTD.,167.90,168.45,162.00,162.00,162.00,161.10,,162.50,,,1262,205701.77,33,F1,1,,,,,
2026-09-28,2026-09-28,CM,NSE,STK,5501,INE384C01016,YUKEN,EQ,,,,,YUKEN INDIA LIMITED,1149.00,1149.00,1088.05,1125.85,1135.00,1127.60,,1125.50,,,14989,16714647.30,1686,F1,1,,,,,
2026-09-28,2026-09-28,CM,NSE,STK,4229,INE116C01012,ZFSTEERING,EQ,,,,,Z F STEERING GEAR (I) LTD,750.15,750.15,720.10,729.70,720.50,750.85,,729.36,,,2404,1765068.70,236,F1,1,,,,,
2026-09-28,2026-09-28,CM,NSE,STK,23976,INE0ISZ01012,ZTECH,SM,,,,,Z-TECH (INDIA) LIMITED,430.00,439.60,421.00,428.05,432.30,441.60,,428.05,,,14700,6364215.00,49,F1,300,,,,,
2026-09-28,2026-09-28,CM,NSE,STK,18608,INE07K301024,ZAGGLE,EQ,,,,,ZAGGLE PREPA OCEAN SER L,177.75,178.48,175.16,175.55,175.71,178.84,,175.55,,,653784,115111832.41,7788,F1,1,,,,,
2026-09-28,2026-09-28,CM,NSE,STK,17766,INE0PPS01018,ZEAL,SM,,,,,ZEAL GLOBAL SERVICES LTD,74.25,80.80,74.20,76.25,80.00,82.30,,76.25,,,5400,412080.00,8,F1,600,,,,,
2026-09-28,2026-09-28,CM,NSE,STK,3812,INE256A01028,ZEEL,EQ,,,,,ZEE ENTERTAINMENT ENT LTD,77.00,77.63,76.07,76.50,76.61,76.87,,76.50,,,11131489,854623253.46,46806,F1,1,,,,,
2026-09-28,2026-09-28,CM,NSE,STK,20852,INE565L01011,ZEELEARN,EQ,,,,,ZEE LEARN LIMITED,6.97,6.98,6.60,6.65,6.68,6.94,,6.65,,,317212,2139198.00,782,F1,1,,,,,
2026-09-28,2026-09-28,CM,NSE,STK,14003,INE966H01019,ZEEMEDIA,EQ,,,,,ZEE MEDIA CORPORATION LTD,7.53,7.58,7.25,7.29,7.34,7.52,,7.29,,,791762,5811030.50,1536,F1,1,,,,,
2026-09-28,2026-09-28,CM,NSE,STK,7508,INE251B01027,ZENTEC,EQ,,,,,ZEN TECHNOLOGIES LIMITED,1675.00,1678.40,1638.20,1642.80,1642.50,1682.40,,1642.82,,,181301,298615899.20,16618,F1,1,,,,,
2026-09-28,2026-09-28,CM,NSE,STK,4176,INE058B01018,ZENITHEXPO,EQ,,,,,ZENITH EXPORTS LTD,203.00,203.00,203.00,203.00,203.00,203.00,,203.00,,,34,6902.00,3,F1,1,,,,,
2026-09-28,2026-09-28,CM,NSE,STK,14562,INE318D01020,ZENITHSTL,EQ,,,,,ZENITH STEEL PIP IND LTD,5.25,5.29,5.10,5.17,5.23,5.26,,5.17,,,50666,263477.38,224,F1,1,,,,,
2026-09-28,2026-09-28,CM,NSE,STK,1076,INE520A01027,ZENSARTECH,EQ,,,,,ZENSAR TECHNOLOGIES  LTD,434.90,452.00,432.50,436.70,437.30,434.90,,436.70,,,2452523,1079726968.90,57479,F1,1,,,,,
2026-09-28,2026-09-28,CM,NSE,STK,22901,INF0R8F01042,GOLDCASE,EQ,,,,,ZERODHAAMC - GOLDCASE,23.30,23.33,22.94,23.08,23.10,23.67,,23.08,,,17315143,400106007.12,21002,F1,1,,,,,
2026-09-28,2026-09-28,CM,NSE,STK,21750,INF0R8F01034,LIQUIDCASE,EQ,,,,,ZERODHAAMC - LIQUIDCASE,116.11,116.13,116.11,116.11,116.11,116.10,,116.11,,,27556635,3199792482.04,13946,F1,1,,,,,
2026-09-28,2026-09-28,CM,NSE,STK,758705,INF0R8F01133,LTGILTCASE,EQ,,,,,ZERODHAAMC - LTGILTCASE,30.82,30.82,30.08,30.09,30.08,30.22,,30.09,,,494408,14901786.90,369,F1,1,,,,,
2026-09-28,2026-09-28,CM,NSE,STK,24077,INF0R8F01059,MID150CASE,EQ,,,,,ZERODHAAMC - MID150CASE,11.61,11.61,11.11,11.14,11.18,11.33,,11.14,,,1435511,16050284.69,6267,F1,1,,,,,
2026-09-28,2026-09-28,CM,NSE,STK,759302,INF0R8F01166,NIFTYCASE,EQ,,,,,ZERODHAAMC - NIFTYCASE,9.27,9.39,9.15,9.18,9.19,9.30,,9.18,,,2422794,22270477.40,4025,F1,1,,,,,
2026-09-28,2026-09-28,CM,NSE,STK,30274,INF0R8F01091,SILVERCASE,EQ,,,,,ZERODHAAMC - SILVERCASE,22.90,22.90,22.26,22.35,22.41,23.18,,22.35,,,9817474,220574418.30,13899,F1,1,,,,,
2026-09-28,2026-09-28,CM,NSE,STK,758955,INF0R8F01141,SML100CASE,EQ,,,,,ZERODHAAMC - SML100CASE,11.48,11.48,10.88,10.99,11.04,11.19,,10.99,,,2345252,25869092.10,2967,F1,1,,,,,
2026-09-28,2026-09-28,CM,NSE,STK,24081,INF0R8F01067,TOP100CASE,EQ,,,,,ZERODHAAMC - TOP100CASE,10.47,10.47,10.05,10.07,10.08,10.22,,10.07,,,2403828,24249958.94,2428,F1,1,,,,,
2026-09-28,2026-09-28,CM,NSE,STK,16915,INE342J01019,ZFCVINDIA,EQ,,,,,ZF COM VE CTR SYS IND LTD,2354.00,2354.00,2315.30,2332.80,2333.90,2354.20,,2332.80,,,92154,214818705.20,15222,F1,1,,,,,
2026-09-28,2026-09-28,CM,NSE,STK,12384,INE518E01015,ZIMLAB,EQ,,,,,ZIM LABORATORIES LIMITED,141.94,141.94,133.85,137.55,136.50,138.48,,137.49,,,114414,15629304.19,2140,F1,1,,,,,
2026-09-28,2026-09-28,CM,NSE,STK,3821,INE206B01013,ZODIACLOTH,EQ,,,,,ZODIAC CLOTHING CO. LTD.,70.27,70.27,68.35,69.00,69.00,70.27,,69.01,,,1706,117985.82,77,F1,1,,,,,
2026-09-28,2026-09-28,CM,NSE,STK,7129,INE761Y01019,ZODIAC,EQ,,,,,ZODIAC ENERGY LIMITED,223.00,224.39,218.10,219.20,221.00,223.04,,219.24,,,7976,1763193.08,651,F1,1,,,,,
2026-09-28,2026-09-28,CM,NSE,STK,11394,INE358U01012,ZOTA,EQ,,,,,ZOTA HEALTH CARE LIMITED,1336.00,1336.00,1305.00,1322.20,1321.20,1336.60,,1322.20,,,45004,59355507.70,3439,F1,1,,,,,
2026-09-28,2026-09-28,CM,NSE,STK,29050,INE840M01016,ZUARI,EQ,,,,,ZUARI AGRO CHEMICALS LTD,222.49,222.49,214.80,217.12,216.00,221.10,,217.06,,,46804,10165643.67,1186,F1,1,,,,,
2026-09-28,2026-09-28,CM,NSE,STK,3827,INE217A01012,ZUARIIND,EQ,,,,,ZUARI INDUSTRIES LIMITED,292.00,292.85,271.55,276.85,277.00,290.20,,276.84,,,67041,18719680.55,2193,F1,1,,,,,
2026-09-28,2026-09-28,CM,NSE,STK,7929,INE010B01027,ZYDUSLIFE,EQ,,,,,ZYDUS LIFESCIENCES LTD,1210.70,1228.60,1201.20,1215.00,1215.00,1203.90,,1214.92,,,3986338,4853582034.80,80209,F1,1,,,,,
2026-09-28,2026-09-28,CM,NSE,STK,17635,INE768C01028,ZYDUSWELL,EQ,,,,,ZYDUS WELLNESS LIMITED,523.60,525.40,514.00,524.40,520.10,520.60,,524.39,,,159657,83211089.60,9881,F1,1,,,,,
