TradDt,BizDt,Sgmt,Src,FinInstrmTp,FinInstrmId,ISIN,TckrSymb,SctySrs,XpryDt,FininstrmActlXpryDt,StrkPric,OptnTp,FinInstrmNm,OpnPric,HghPric,LwPric,ClsPric,LastPric,PrvsClsgPric,UndrlygPric,SttlmPric,OpnIntrst,ChngInOpnIntrst,TtlTradgVol,TtlTrfVal,TtlNbOfTxsExctd,SsnId,NewBrdLotQty,Rmks,Rsvd1,Rsvd2,Rsvd3,Rsvd4
2026-09-23,2026-09-23,CM,NSE,STK,19078,IN0020200104,SGBJUN28,GB,,,,,2.5%GOLDBONDS2028SR-III,15034.01,15195.00,15034.01,15059.00,15056.00,15033.57,,15059.00,,,23,347021.08,10,F1,1,,,,,
2026-09-23,2026-09-23,CM,NSE,STK,1342,IN0020200286,SGBN28VIII,GB,,,,,2.5%GOLDBONDS2028SR-VIII,15112.00,15165.00,15112.00,15120.00,15120.00,15078.57,,15120.00,,,53,802232.00,12,F1,1,,,,,
2026-09-23,2026-09-23,CM,NSE,STK,3742,IN0020210053,SGBMAY29I,GB,,,,,2.5%GOLDBONDS2029SR-I,15101.00,15188.00,15099.99,15099.99,15099.99,15101.00,,15099.99,,,326,4930654.71,47,F1,1,,,,,
2026-09-23,2026-09-23,CM,NSE,STK,3743,IN0020210061,SGBJUN29II,GB,,,,,2.5%GOLDBONDS2029SR-II,15150.00,15150.00,15090.00,15097.50,15090.00,15139.99,,15097.50,,,207,3128619.79,38,F1,1,,,,,
2026-09-23,2026-09-23,CM,NSE,STK,3800,IN0020210087,SGBJU29III,GB,,,,,2.5%GOLDBONDS2029SR-III,15198.00,15198.00,15066.02,15125.00,15125.00,15065.00,,15130.00,,,52,784949.26,17,F1,1,,,,,
2026-09-23,2026-09-23,CM,NSE,STK,5575,IN0020210145,SGBSEP29VI,GB,,,,,2.5%GOLDBONDS2029SR-VI,15050.00,15165.00,15050.00,15094.54,15070.02,15035.93,,15095.18,,,214,3232891.32,55,F1,1,,,,,
2026-09-23,2026-09-23,CM,NSE,STK,6518,IN0020210178,SGBNV29VII,GB,,,,,2.5%GOLDBONDS2029SR-VII,15105.00,15200.00,15105.00,15106.63,15105.00,15125.01,,15106.34,,,158,2392315.20,28,F1,1,,,,,
2026-09-23,2026-09-23,CM,NSE,STK,5960,IN0020180249,SGBOCT26,GB,,,,,2.50%GOLDBONDS2026SR-II,15150.00,15150.00,15105.00,15105.00,15105.00,15166.33,,15105.00,,,20,302550.00,3,F1,1,,,,,
2026-09-23,2026-09-23,CM,NSE,STK,7654,IN0020180389,SGBDEC26,GB,,,,,2.50%GOLDBONDS2026SR-IV,15100.00,15100.00,15100.00,15100.00,15100.00,15101.00,,15062.75,,,10,151000.00,2,F1,1,,,,,
2026-09-23,2026-09-23,CM,NSE,STK,10261,IN0020190073,SGBJUN27,GB,,,,,2.50%GOLDBONDS2027SR-I,15090.00,15124.99,15030.00,15030.00,15030.00,14980.00,,15072.99,,,72,1087119.80,13,F1,1,,,,,
2026-09-23,2026-09-23,CM,NSE,STK,11154,IN0020190081,SGBJUL27,GB,,,,,2.50%GOLDBONDS2027SR-II,15150.00,15150.00,15001.00,15050.00,15002.00,15399.95,,15050.00,,,14,211022.00,6,F1,1,,,,,
2026-09-23,2026-09-23,CM,NSE,STK,12904,IN0020190107,SGBAUG27,GB,,,,,2.50%GOLDBONDS2027SR-III,15055.01,15089.90,15021.00,15070.00,15070.00,15031.68,,15060.00,,,48,722583.00,23,F1,1,,,,,
2026-09-23,2026-09-23,CM,NSE,STK,13209,IN0020190115,SGBSEP27,GB,,,,,2.50%GOLDBONDS2027SR-IV,14979.73,15049.90,14979.73,15049.90,15049.90,15055.00,,15087.18,,,16,239962.03,4,F1,1,,,,,
2026-09-23,2026-09-23,CM,NSE,STK,8308,IN0020180462,SGBJAN27,GB,,,,,2.50%GOLDBONDS2027SR-V,15150.00,15150.00,15150.00,15150.00,15150.00,15089.99,,15150.00,,,4,60600.00,1,F1,1,,,,,
2026-09-23,2026-09-23,CM,NSE,STK,13981,IN0020190370,SGBOCT27,GB,,,,,2.50%GOLDBONDS2027SR-V,15150.00,15150.00,15105.00,15105.00,15105.00,15200.00,,15105.00,,,18,272430.00,2,F1,1,,,,,
2026-09-23,2026-09-23,CM,NSE,STK,14252,IN0020190388,SGBOCT27VI,GB,,,,,2.50%GOLDBONDS2027SR-VI,15150.00,15150.00,15115.00,15115.00,15115.00,15172.76,,15115.00,,,4,60530.00,2,F1,1,,,,,
2026-09-23,2026-09-23,CM,NSE,STK,15432,IN0020190461,SGBDC27VII,GB,,,,,2.50%GOLDBONDS2027SR-VII,15099.99,15100.00,15090.00,15090.00,15090.00,15100.00,,15104.99,,,15,226409.99,3,F1,1,,,,,
2026-09-23,2026-09-23,CM,NSE,STK,18862,IN0020200062,SGBAPR28I,GB,,,,,2.50%GOLDBONDS2028SR-I,15200.00,15250.00,15135.00,15150.04,15150.00,15199.25,,15150.04,,,632,9583620.68,30,F1,1,,,,,
2026-09-23,2026-09-23,CM,NSE,STK,18972,IN0020200088,SGBMAY28,GB,,,,,2.50%GOLDBONDS2028SR-II,15150.00,15180.00,15070.00,15091.14,15070.00,15077.50,,15091.14,,,71,1074555.03,19,F1,1,,,,,
2026-09-23,2026-09-23,CM,NSE,STK,22242,IN0020200146,SGBJUL28IV,GB,,,,,2.50%GOLDBONDS2028SR-IV,15050.01,15116.99,15025.00,15035.88,15025.00,15047.80,,15044.09,,,221,3331717.51,37,F1,1,,,,,
2026-09-23,2026-09-23,CM,NSE,STK,22385,IN0020200161,SGBAUG28V,GB,,,,,2.50%GOLDBONDS2028SR-V,15100.00,15169.94,15020.00,15044.13,15020.02,15042.33,,15044.20,,,451,6793228.12,94,F1,1,,,,,
2026-09-23,2026-09-23,CM,NSE,STK,149,IN0020200195,SGBSEP28VI,GB,,,,,2.50%GOLDBONDS2028SR-VI,15107.28,15120.00,15024.00,15051.66,15045.00,15032.12,,15051.66,,,207,3121464.79,53,F1,1,,,,,
2026-09-23,2026-09-23,CM,NSE,STK,834,IN0020200203,SGBOC28VII,GB,,,,,2.50%GOLDBONDS2028SR-VII,15180.00,15180.01,15111.00,15180.00,15180.00,15180.00,,15165.00,,,137,2079356.41,8,F1,1,,,,,
2026-09-23,2026-09-23,CM,NSE,STK,17110,IN0020190537,SGBJ28VIII,GB,,,,,2.50%GOLDBONDS2028SR-VIII,15078.99,15078.99,15078.99,15078.99,15078.99,15078.99,,15078.99,,,10,150789.90,2,F1,1,,,,,
2026-09-23,2026-09-23,CM,NSE,STK,18451,IN0020190552,SGBMAR28X,GB,,,,,2.50%GOLDBONDS2028SR-X,15990.00,15990.00,15990.00,15990.00,15990.00,16000.00,,15990.00,,,1,15990.00,1,F1,1,,,,,
2026-09-23,2026-09-23,CM,NSE,STK,5113,IN0020210111,SGBJUL29IV,GB,,,,,2.50%GOLDBONDS2029SR-IV,15186.00,15186.00,15106.19,15133.09,15106.19,15025.51,,15105.69,,,16,242664.68,13,F1,1,,,,,
2026-09-23,2026-09-23,CM,NSE,STK,1920,IN0020200377,SGBJAN29IX,GB,,,,,2.50%GOLDBONDS2029SR-IX,15059.00,15139.49,15059.00,15070.00,15070.00,15060.00,,15072.50,,,122,1841157.74,17,F1,1,,,,,
2026-09-23,2026-09-23,CM,NSE,STK,5455,IN0020210129,SGBAUG29V,GB,,,,,2.50%GOLDBONDS2029SR-V,15065.50,15200.00,15052.00,15107.06,15070.00,15125.00,,15107.06,,,51,770794.30,22,F1,1,,,,,
2026-09-23,2026-09-23,CM,NSE,STK,7098,IN0020210228,SGBD29VIII,GB,,,,,2.50%GOLDBONDS2029SR-VIII,15100.00,15245.00,15097.38,15138.49,15140.00,15200.00,,15138.49,,,270,4084516.23,52,F1,1,,,,,
2026-09-23,2026-09-23,CM,NSE,STK,2003,IN0020200385,SGBJAN29X,GB,,,,,2.50%GOLDBONDS2029SR-X,15243.98,15243.98,15070.00,15076.25,15070.00,15097.47,,15075.35,,,126,1903777.17,34,F1,1,,,,,
2026-09-23,2026-09-23,CM,NSE,STK,2200,IN0020200393,SGBFEB29XI,GB,,,,,2.50%GOLDBONDS2029SR-XI,15057.00,15132.77,15056.01,15100.00,15100.00,15055.58,,15100.00,,,34,513446.22,12,F1,1,,,,,
2026-09-23,2026-09-23,CM,NSE,STK,2810,IN0020200427,SGBMR29XII,GB,,,,,2.50%GOLDBONDS2029SR-XII,15069.00,15150.01,15055.01,15098.36,15100.00,15066.80,,15096.64,,,130,1963888.19,36,F1,1,,,,,
2026-09-23,2026-09-23,CM,NSE,STK,10232,IN0020220045,SGBJUN30,GB,,,,,2.50%GOLDBONDS2030SR-I,15136.00,15351.37,15136.00,15292.17,15310.00,15222.43,,15304.47,,,144,2204191.13,37,F1,1,,,,,
2026-09-23,2026-09-23,CM,NSE,STK,11192,IN0020220078,SGBAUG30,GB,,,,,2.50%GOLDBONDS2030SR-II,15235.00,15450.00,15156.00,15380.00,15380.00,15196.00,,15390.00,,,132,2021422.34,45,F1,1,,,,,
2026-09-23,2026-09-23,CM,NSE,STK,13642,IN0020220110,SGBDE30III,GB,,,,,2.50%GOLDBONDS2030SR-III,15249.99,15298.99,15200.00,15298.00,15298.00,15249.99,,15301.49,,,173,2639046.90,37,F1,1,,,,,
2026-09-23,2026-09-23,CM,NSE,STK,7879,IN0020210236,SGBJAN30IX,GB,,,,,2.50%GOLDBONDS2030SR-IX,15100.00,15295.00,15100.00,15190.10,15190.10,15142.55,,15180.03,,,124,1890793.15,35,F1,1,,,,,
2026-09-23,2026-09-23,CM,NSE,STK,8401,IN0020210319,SGBMAR30X,GB,,,,,2.50%GOLDBONDS2030SR-X,15101.00,15269.98,15101.00,15136.00,15136.00,15142.92,,15136.00,,,38,576205.99,12,F1,1,,,,,
2026-09-23,2026-09-23,CM,NSE,STK,17202,IN0020230069,SGBJUN31I,GB,,,,,2.50%GOLDBONDS2031SR-I,15379.00,15480.00,15321.00,15376.18,15341.50,15379.51,,15376.18,,,477,7328941.04,123,F1,1,,,,,
2026-09-23,2026-09-23,CM,NSE,STK,19456,IN0020230093,SGBSEP31II,GB,,,,,2.50%GOLDBONDS2031SR-II,15316.00,15389.98,15301.01,15356.78,15370.00,15342.99,,15352.64,,,506,7772029.72,162,F1,1,,,,,
2026-09-23,2026-09-23,CM,NSE,STK,22476,IN0020230168,SGBDE31III,GB,,,,,2.50%GOLDBONDS2031SR-III,15480.00,15554.00,15446.41,15481.36,15480.00,15524.18,,15481.36,,,849,13165047.99,241,F1,1,,,,,
2026-09-23,2026-09-23,CM,NSE,STK,14598,IN0020220169,SGBMAR31IV,GB,,,,,2.50%GOLDBONDS2031SR-IV,15355.91,15365.00,15279.51,15350.00,15350.00,15279.51,,15357.50,,,96,1471516.43,31,F1,1,,,,,
2026-09-23,2026-09-23,CM,NSE,STK,22886,IN0020230184,SGBFEB32IV,GB,,,,,2.50%GOLDBONDS2032SR-IV,15741.19,15785.00,15701.05,15713.26,15705.00,15741.18,,15713.88,,,441,6938042.75,147,F1,1,,,,,
2026-09-23,2026-09-23,CM,NSE,STK,16921,INE144J01027,20MICRONS,EQ,,,,,20 MICRONS LTD,220.80,223.95,215.80,219.21,219.00,216.45,,219.25,,,104573,23012738.72,3299,F1,1,,,,,
2026-09-23,2026-09-23,CM,NSE,STK,4,INE253B01015,21STCENMGM,EQ,,,,,21ST CENTURY MGMT SERVICE,39.94,39.95,39.01,39.92,39.90,39.62,,39.90,,,6072,241957.42,118,F1,1,,,,,
2026-09-23,2026-09-23,CM,NSE,STK,13061,INE466L01038,360ONE,EQ,,,,,360 ONE WAM LIMITED,1093.70,1122.00,1082.40,1108.00,1108.00,1073.50,,1107.95,,,3642452,4049269734.20,95307,F1,1,,,,,
2026-09-23,2026-09-23,CM,NSE,STK,30105,INF579M01BB5,GOLD360,EQ,,,,,360ONEAMC - GOLD360,147.45,148.05,147.05,147.35,147.20,147.45,,147.45,,,3856,569205.05,144,F1,1,,,,,
2026-09-23,2026-09-23,CM,NSE,STK,763602,INF579M01BP5,MSCI360,EQ,,,,,360ONEAMC - MSCI360,9.91,10.29,9.90,10.25,10.29,9.91,,10.25,,,2370,23558.24,18,F1,1,,,,,
2026-09-23,2026-09-23,CM,NSE,STK,756150,INF579M01BC3,SILVER360,EQ,,,,,360ONEAMC - SILVER360,227.10,229.50,226.25,226.75,226.86,226.34,,226.75,,,14263,3255084.19,305,F1,1,,,,,
2026-09-23,2026-09-23,CM,NSE,STK,762518,INE994E01018,3BBLACKBIO,EQ,,,,,3B BLACKBIO DX LTD.,1400.00,1440.00,1391.10,1431.60,1430.00,1369.30,,1431.95,,,6553,9242899.20,1115,F1,1,,,,,
2026-09-23,2026-09-23,CM,NSE,STK,6240,INE748C01038,3IINFOLTD,BE,,,,,3I INFOTECH LIMITED,26.03,26.27,25.70,25.74,25.75,26.03,,25.74,,,181329,4710192.02,577,F1,1,,,,,
2026-09-23,2026-09-23,CM,NSE,STK,474,INE470A01017,3MINDIA,EQ,,,,,3M INDIA LIMITED,34225.00,35000.00,34225.00,34615.00,34600.00,34220.00,,34612.07,,,4992,173397635.00,2592,F1,1,,,,,
2026-09-23,2026-09-23,CM,NSE,STK,2595,INE105C01023,3PLAND,EQ,,,,,3P LAND HOLDINGS LIMITED,30.75,31.05,30.35,30.91,30.95,30.74,,30.91,,,2691,82798.65,63,F1,1,,,,,
2026-09-23,2026-09-23,CM,NSE,STK,445,INE618L01018,5PAISA,EQ,,,,,5PAISA CAPITAL LIMITED,317.25,321.70,315.00,318.15,320.00,315.30,,318.15,,,30838,9775108.95,1069,F1,1,,,,,
2026-09-23,2026-09-23,CM,NSE,STK,11868,INE111B01023,63MOONS,EQ,,,,,63 MOONS TECHNOLOGIES LTD,849.80,873.20,831.65,852.95,848.00,841.75,,852.91,,,510000,435303408.55,24250,F1,1,,,,,
2026-09-23,2026-09-23,CM,NSE,STK,19972,INE134E07570,735PFCL35,N1,,,,,7.35% TAX FREE NCD,1206.00,1206.00,1206.00,1206.00,1206.00,1206.01,,1206.00,,,200,241200.00,2,F1,1,,,,,
2026-09-23,2026-09-23,CM,NSE,STK,20052,INE787H07156,740IIFCL33,N1,,,,,7.40% TAX FREETRI SRIII,1148.05,1160.00,1148.05,1160.00,1160.00,1151.37,,1160.00,,,2214,2558123.00,7,F1,1,,,,,
2026-09-23,2026-09-23,CM,NSE,STK,19926,INE020B07JU4,743REC35,NH,,,,,7.43% TAX FREE TRI SR3B,1225.00,1242.00,1225.00,1225.00,1225.00,1210.00,,1225.00,,,1521,1874223.36,8,F1,1,,,,,
2026-09-23,2026-09-23,CM,NSE,STK,19976,INE134E07588,760PFCL35,N3,,,,,7.60% TAX FREE NCD,1225.00,1230.00,1225.00,1230.00,1230.00,1220.00,,1230.00,,,903,1108175.75,26,F1,1,,,,,
2026-09-23,2026-09-23,CM,NSE,STK,20034,INE261F07032,764NABAR31,N2,,,,,7.64% TAX FREE TRI SRIIB,1120.05,1120.05,1115.10,1116.53,1116.00,1120.05,,1116.47,,,487,543443.14,27,F1,1,,,,,
2026-09-23,2026-09-23,CM,NSE,STK,19928,INE031A07AO5,764HUDCO31,N8,,,,,7.64% TAX FREETRI SR2B,1132.00,1132.00,1132.00,1132.00,1132.00,1121.00,,1128.50,,,1,1132.00,1,F1,1,,,,,
2026-09-23,2026-09-23,CM,NSE,STK,19930,INE031A07AT4,769HUDCO31,N9,,,,,7.69% TAX FREETRII SR2B,1138.00,1138.00,1132.25,1138.00,1138.00,1138.00,,1138.00,,,45,51108.25,5,F1,1,,,,,
2026-09-23,2026-09-23,CM,NSE,STK,19924,INE020B07GH7,812REC27,NI,,,,,8.12/8.32% TAX FREE NCD,1028.06,1030.79,1024.85,1030.79,1030.79,1030.50,,1030.79,,,502,514530.09,5,F1,1,,,,,
2026-09-23,2026-09-23,CM,NSE,STK,31240,INE031A07840,82HUDCO27,N2,,,,,8.20 NCD05MAR27 FV 1000,1057.99,1057.99,1054.06,1054.06,1054.06,1052.21,,1059.00,,,3400,3586508.00,12,F1,1,,,,,
2026-09-23,2026-09-23,CM,NSE,STK,20022,INE134E07208,830PFCL27,N5,,,,,8.30% TAX FREE NCD,1087.00,1087.00,1082.32,1082.32,1082.32,1087.00,,1081.72,,,530,573835.10,5,F1,1,,,,,
2026-09-23,2026-09-23,CM,NSE,STK,31762,INE733E07JG5,866NTPC33,N3,,,,,8.66%S-R-NCD SERIES 3A,1250.05,1250.05,1250.05,1250.05,1250.05,1252.05,,1250.05,,,5,6250.25,2,F1,1,,,,,
2026-09-23,2026-09-23,CM,NSE,STK,192,INE906B07DF8,875NHAI29,N6,,,,,8.75% TAX FREE TR I S IIB,1117.80,1120.87,1116.00,1118.05,1118.00,1117.80,,1118.05,,,2219,2481762.91,26,F1,1,,,,,
2026-09-23,2026-09-23,CM,NSE,STK,19968,INE031A07949,876HUDCO28,ND,,,,,8.76% TAX FREETRI SR2B,1142.00,1142.00,1139.02,1139.06,1139.06,1142.00,,1140.04,,,2523,2878216.66,12,F1,1,,,,,
2026-09-23,2026-09-23,CM,NSE,STK,20058,INE787H07370,891IIFCL34,N4,,,,,8.91% TAX FREE NCD,1258.11,1258.11,1258.11,1258.11,1258.11,1264.60,,1261.61,,,1000,1258110.00,1,F1,1,,,,,
2026-09-23,2026-09-23,CM,NSE,STK,31768,INE733E07JJ9,891NTPC33,N6,,,,,8.91%S-R-NCD SERIES 3B,1276.35,1277.10,1276.25,1277.10,1277.10,1287.00,,1277.10,,,847,1081072.25,4,F1,1,,,,,
2026-09-23,2026-09-23,CM,NSE,STK,31487,INE848E07567,892NHPC33,N6,,,,,8.92% SEC RED BOND S3B,1275.00,1275.00,1236.14,1260.00,1260.00,1268.00,,1260.00,,,2100,2632586.00,13,F1,1,,,,,
2026-09-23,2026-09-23,CM,NSE,STK,20028,INE134E07463,892PFCL33,N8,,,,,8.92% TAX FREE NCD,1300.00,1300.00,1280.00,1282.13,1282.00,1282.00,,1282.06,,,1269,1625852.49,21,F1,1,,,,,
2026-09-23,2026-09-23,CM,NSE,STK,19970,INE031A07AB2,901HUDCO34,NE,,,,,9.01% TAX FREETRII SR3B,1288.99,1289.00,1271.00,1287.89,1287.89,1289.00,,1284.95,,,1360,1743452.99,21,F1,1,,,,,
2026-09-23,2026-09-23,CM,NSE,STK,759130,INE08PH01015,ABCOTS,EQ,,,,,A B COTSPIN INDIA LIMITED,209.00,209.00,202.13,203.57,202.50,205.25,,203.57,,,755,153802.73,81,F1,1,,,,,
2026-09-23,2026-09-23,CM,NSE,STK,27016,INE00YB01025,ABINFRA,BE,,,,,A B INFRABUILD LIMITED,12.25,12.70,12.12,12.57,12.50,12.25,,12.57,,,246378,3074540.95,259,F1,1,,,,,
2026-09-23,2026-09-23,CM,NSE,STK,762528,INE850B01026,ABMKNO,EQ,,,,,A B M KNOWLEDGEWARE LTD.,173.34,177.90,171.10,171.41,171.10,173.34,,171.41,,,293,50401.94,12,F1,1,,,,,
2026-09-23,2026-09-23,CM,NSE,STK,762536,INE366C01021,ACSTECH,BE,,,,,A C S TECHNOLOGIES LTD.,76.56,76.56,76.56,76.56,76.56,72.92,,76.75,,,226566,17345892.96,106,F1,1,,,,,
2026-09-23,2026-09-23,CM,NSE,STK,762538,INE701G01012,AKCAPIT,EQ,,,,,A K CAPITAL SERVICES LTD.,1751.30,1760.00,1733.90,1753.90,1759.90,1766.80,,1751.89,,,1197,2094687.70,109,F1,1,,,,,
2026-09-23,2026-09-23,CM,NSE,STK,20906,INE619I01012,A2ZINFRA,EQ,,,,,A2Z INFRA ENGINEERING LTD,14.73,15.19,14.65,14.79,14.81,14.73,,14.79,,,192304,2851320.72,756,F1,1,,,,,
2026-09-23,2026-09-23,CM,NSE,STK,12533,INE0D0U01013,AAATECH,EQ,,,,,AAA TECHNOLOGIES LIMITED,94.00,94.90,90.20,93.56,93.93,93.73,,93.52,,,116561,10909248.59,464,F1,1,,,,,
2026-09-23,2026-09-23,CM,NSE,STK,23729,INE883F01010,AADHARHFC,EQ,,,,,AADHAR HOUSING FINANCE L,457.80,462.40,451.00,454.55,452.30,457.85,,454.51,,,222625,101368338.45,8710,F1,1,,,,,
2026-09-23,2026-09-23,CM,NSE,STK,757579,INE1GYP01013,AAKAAR,SM,,,,,AAKAAR MEDICAL TECHNO LTD,70.00,70.85,68.50,70.00,70.00,67.50,,70.00,,,16000,1117920.00,9,F1,1600,,,,,
2026-09-23,2026-09-23,CM,NSE,STK,235,INE087Z01024,AAKASH,EQ,,,,,AAKASH EXPLORATION SER L,9.00,9.18,8.95,9.13,9.14,8.96,,9.13,,,102979,932585.81,297,F1,1,,,,,
2026-09-23,2026-09-23,CM,NSE,STK,758216,INE124401014,AARADHYA,ST,,,,,AARADHYA DISPOSAL INDUS L,141.00,141.00,138.05,138.05,138.05,141.95,,138.05,,,9600,1343940.00,7,F1,1200,,,,,
2026-09-23,2026-09-23,CM,NSE,STK,5245,INE198H01019,AAREYDRUGS,EQ,,,,,AAREY DRUGS & PHARM LTD,102.37,103.90,100.85,102.63,102.00,102.52,,102.62,,,352115,36317377.49,1184,F1,1,,,,,
2026-09-23,2026-09-23,CM,NSE,STK,761824,INE750R01016,AARNAV,BE,,,,,AARNAV FASHIONS LIMITED,31.98,33.42,30.75,33.42,33.42,31.83,,33.49,,,27416,912431.79,89,F1,1,,,,,
2026-09-23,2026-09-23,CM,NSE,STK,1030,INE721Z01010,AARON,EQ,,,,,AARON INDUSTRIES LIMITED,121.00,124.00,119.63,122.60,122.20,120.48,,122.60,,,7785,948687.93,266,F1,1,,,,,
2026-09-23,2026-09-23,CM,NSE,STK,17164,INE01C001026,AARTECH,BE,,,,,AARTECH SOLONICS LIMITED,52.20,52.20,50.00,50.70,50.16,51.58,,50.65,,,38558,1941011.12,139,F1,1,,,,,
2026-09-23,2026-09-23,CM,NSE,STK,4481,INE767A01016,AARTIDRUGS,EQ,,,,,AARTI DRUGS LTD.,428.95,443.50,428.00,436.25,437.20,425.75,,436.25,,,198653,86874293.85,10861,F1,1,,,,,
2026-09-23,2026-09-23,CM,NSE,STK,7,INE769A01020,AARTIIND,EQ,,,,,AARTI INDUSTRIES LTD,493.00,504.25,489.20,491.35,489.50,496.00,,491.33,,,402389,199590957.90,14299,F1,1,,,,,
2026-09-23,2026-09-23,CM,NSE,STK,13868,INE0LRU01027,AARTIPHARM,EQ,,,,,AARTI PHARMALABS LIMITED,885.00,957.30,885.00,940.10,935.05,883.75,,940.10,,,2945650,2760139164.50,117728,F1,1,,,,,
2026-09-23,2026-09-23,CM,NSE,STK,19263,INE09EO01013,AARTISURF,BE,,,,,AARTI SURFACTANTS LIMITED,514.75,537.00,513.20,530.95,531.65,514.75,,530.95,,,6340,3339435.10,224,F1,1,,,,,
2026-09-23,2026-09-23,CM,NSE,STK,19073,INE754X01016,AARVI,EQ,,,,,AARVI ENCON LIMITED,138.21,140.40,136.00,136.48,136.82,138.18,,136.48,,,8363,1150569.03,191,F1,1,,,,,
2026-09-23,2026-09-23,CM,NSE,STK,763800,INE2FMX01012,AASTHA,EQ,,,,,AASTHA SPINTEX LIMITED,83.00,89.78,83.00,89.77,89.78,81.62,,89.77,,,2984740,262895673.36,14820,F1,1,,,,,
2026-09-23,2026-09-23,CM,NSE,STK,16961,INE0OB201016,AATMAJ,SM,,,,,AATMAJ HEALTHCARE LIMITED,19.90,19.95,19.90,19.90,19.95,19.25,,19.90,,,6000,119500.00,2,F1,2000,,,,,
2026-09-23,2026-09-23,CM,NSE,STK,5385,INE216P01012,AAVAS,EQ,,,,,AAVAS FINANCIERS LIMITED,1313.20,1339.80,1280.30,1285.80,1288.00,1313.10,,1285.79,,,77904,101574938.10,11609,F1,1,,,,,
2026-09-23,2026-09-23,CM,NSE,STK,7759,INE421A01028,ABAN,BE,,,,,ABAN OFFSHORE LTD.,14.40,14.40,13.85,14.02,14.02,14.13,,14.02,,,21988,309149.12,116,F1,1,,,,,
2026-09-23,2026-09-23,CM,NSE,STK,762523,INE365O01028,ABANSENT,EQ,,,,,ABANS ENTERPRISES LTD.,27.70,28.38,26.50,26.86,27.34,27.29,,26.88,,,6771,184607.30,101,F1,1,,,,,
2026-09-23,2026-09-23,CM,NSE,STK,13288,INE00ZE01026,AFSL,EQ,,,,,ABANS FINANCIAL SRVCS LTD,201.00,205.97,201.00,204.56,202.15,201.00,,204.85,,,7352,1485232.59,173,F1,1,,,,,
2026-09-23,2026-09-23,CM,NSE,STK,13,INE117A01022,ABB,EQ,,,,,ABB INDIA LIMITED,7141.50,7185.00,7077.00,7120.00,7120.00,7120.50,,7119.92,,,91561,652394630.50,14446,F1,1,,,,,
2026-09-23,2026-09-23,CM,NSE,STK,17903,INE358A01014,ABBOTINDIA,EQ,,,,,ABBOTT INDIA LIMITED,27225.00,27490.00,26905.00,26935.00,26910.00,27225.00,,26936.71,,,4547,123389685.00,2501,F1,1,,,,,
2026-09-23,2026-09-23,CM,NSE,STK,755941,INE860H07IQ0,8ABCL26,N2,,,,,ABCL 8% SR I,1070.01,1070.01,1070.01,1070.01,1070.01,1070.01,,1038.76,,,1,1070.01,1,F1,1,,,,,
2026-09-23,2026-09-23,CM,NSE,STK,765463,INE1R2M01019,ABH,SM,,,,,ABH HEALTHCARE LIMITED,54.40,55.45,50.25,50.25,50.25,52.85,,50.25,,,158400,8235180.00,117,F1,1200,,,,,
2026-09-23,2026-09-23,CM,NSE,STK,27284,INE0UYG01015,ABHAPOWER,SM,,,,,ABHA POWER N STEEL LTD,24.00,24.85,24.00,24.30,24.30,24.00,,24.30,,,4800,117040.00,3,F1,1600,,,,,
2026-09-23,2026-09-23,CM,NSE,STK,4626,INE0CAJ01017,AILIMITED,SM,,,,,ABHISHEK INTEGRATIONS LTD,15.60,15.60,15.60,15.60,15.60,15.60,,15.60,,,6000,93600.00,2,F1,3000,,,,,
2026-09-23,2026-09-23,CM,NSE,STK,5551,INE251C01025,ABMINTLLTD,BE,,,,,ABM INTERNATIONAL LTD,47.06,47.06,47.06,47.06,47.06,48.02,,47.06,,,547,25741.82,7,F1,1,,,,,
2026-09-23,2026-09-23,CM,NSE,STK,23783,INE0QRV01016,ABSMARINE,SM,,,,,ABS MARINE SERVICES LTD,295.00,306.95,295.00,302.25,300.05,301.05,,302.25,,,35000,10622850.00,66,F1,500,,,,,
2026-09-23,2026-09-23,CM,NSE,STK,22,INE012A01025,ACC,EQ,,,,,ACC LIMITED,1242.60,1254.60,1240.50,1251.40,1254.00,1238.20,,1251.40,,,53120,66402775.20,6590,F1,1,,,,,
2026-09-23,2026-09-23,CM,NSE,STK,7053,INE793A01012,ACCELYA,EQ,,,,,ACCELYA SOLN INDIA LTD,1124.40,1125.00,1114.10,1124.60,1123.90,1118.80,,1124.63,,,4790,5367876.10,465,F1,1,,,,,
2026-09-23,2026-09-23,CM,NSE,STK,20488,INE0Q5D01013,ACCENTMIC,SM,,,,,ACCENT MICROCELL LIMITED,685.00,685.00,669.10,670.35,669.10,676.55,,670.35,,,21500,14494475.00,39,F1,500,,,,,
2026-09-23,2026-09-23,CM,NSE,STK,757024,INE0T8T01010,ACCPL,ST,,,,,ACCRETION PHARMA LIMITED,214.95,214.95,204.25,204.95,205.00,214.95,,204.95,,,13200,2717100.00,10,F1,1200,,,,,
2026-09-23,2026-09-23,CM,NSE,STK,1472,INE648Z01023,ACCURACY,BE,,,,,ACCURACY SHIPPING LIMITED,4.34,4.40,4.20,4.30,4.32,4.37,,4.30,,,91538,391093.00,185,F1,1,,,,,
2026-09-23,2026-09-23,CM,NSE,STK,11779,INE543V01017,ACEINTEG,EQ,,,,,ACE INTEGRATED SOLU. LTD.,17.90,18.00,17.41,17.43,17.41,17.31,,17.43,,,834,14699.65,49,F1,1,,,,,
2026-09-23,2026-09-23,CM,NSE,STK,761112,INE1J6M01010,ACETEC,SM,,,,,ACETECH E-COMMERCE LTD,152.00,153.00,152.00,153.00,153.00,153.00,,153.00,,,3600,549600.00,3,F1,1200,,,,,
2026-09-23,2026-09-23,CM,NSE,STK,27061,INE622W01025,ACMESOLAR,EQ,,,,,ACME SOLAR HOLDINGS LTD,461.60,476.40,445.60,452.30,455.30,458.65,,452.23,,,2719156,1239365039.35,95699,F1,1,,,,,
2026-09-23,2026-09-23,CM,NSE,STK,13587,INE731H01025,ACE,EQ,,,,,ACTION CONST EQUIP LTD,1242.10,1259.10,1225.00,1253.90,1256.00,1241.90,,1253.90,,,259422,323958733.70,22176,F1,1,,,,,
2026-09-23,2026-09-23,CM,NSE,STK,5578,INE00FF01025,ACUTAAS,EQ,,,,,ACUTAAS CHEMICALS LIMITED,3209.10,3276.00,3167.00,3265.20,3265.00,3213.70,,3265.29,,,448482,1449672611.40,58372,F1,1,,,,,
2026-09-23,2026-09-23,CM,NSE,STK,10217,INE931S01010,ADANIENSOL,EQ,,,,,ADANI ENERGY SOLUTION LTD,1386.00,1389.90,1372.60,1380.00,1380.00,1381.70,,1379.98,,,933961,1289107752.00,35382,F1,1,,,,,
2026-09-23,2026-09-23,CM,NSE,STK,25,INE423A01024,ADANIENT,EQ,,,,,ADANI ENTERPRISES LIMITED,3015.50,3023.90,2978.20,2993.20,2993.20,2997.00,,2993.18,,,855435,2565963177.40,35686,F1,1,,,,,
2026-09-23,2026-09-23,CM,NSE,STK,3563,INE364U01010,ADANIGREEN,EQ,,,,,ADANI GREEN ENERGY LTD,1316.90,1317.00,1289.60,1300.90,1300.90,1304.00,,1300.81,,,639643,831864872.00,23815,F1,1,,,,,
2026-09-23,2026-09-23,CM,NSE,STK,15083,INE742F01042,ADANIPORTS,EQ,,,,,ADANI PORT & SEZ LTD,1799.00,1810.10,1790.50,1807.30,1807.30,1795.00,,1807.31,,,1185484,2137100173.10,48881,F1,1,,,,,
2026-09-23,2026-09-23,CM,NSE,STK,17388,INE814H01029,ADANIPOWER,EQ,,,,,ADANI POWER LTD,207.99,208.40,203.50,204.80,204.80,206.96,,204.81,,,20269523,4155119713.43,78841,F1,1,,,,,
2026-09-23,2026-09-23,CM,NSE,STK,6066,INE399L01023,ATGL,EQ,,,,,ADANI TOTAL GAS LIMITED,630.00,633.25,623.05,625.25,625.75,626.25,,625.25,,,944768,591928049.00,27043,F1,1,,,,,
2026-09-23,2026-09-23,CM,NSE,STK,764563,INE757C01021,ADDIND,EQ,,,,,ADDI INDUSTRIES LTD.,76.00,79.90,72.00,74.05,73.08,76.70,,74.05,,,467,35670.92,30,F1,1,,,,,
2026-09-23,2026-09-23,CM,NSE,STK,22468,INE0RDH01021,ADDICTIVE,SM,,,,,ADDICTIVE LEARNING TECH L,44.75,45.55,44.40,45.55,45.55,46.00,,45.55,,,4000,179600.00,6,F1,500,,,,,
2026-09-23,2026-09-23,CM,NSE,STK,19761,INE982B01027,ADFFOODS,EQ,,,,,ADF FOODS LIMITED,263.20,269.35,262.75,268.05,268.00,263.15,,268.05,,,62842,16780889.55,2828,F1,1,,,,,
2026-09-23,2026-09-23,CM,NSE,STK,763156,INE20PL01012,ADISOFT,SM,,,,,ADISOFT TECHNOLOGIES LTD,278.00,292.00,257.00,258.35,259.80,271.45,,258.35,,,219200,59858520.00,249,F1,800,,,,,
2026-09-23,2026-09-23,CM,NSE,STK,6018,INE404A01024,ABSLAMC,EQ,,,,,ADIT BIRL SUN LIF AMC LTD,1027.00,1041.00,1022.50,1026.60,1026.10,1027.00,,1026.61,,,65947,68063951.80,10450,F1,1,,,,,
2026-09-23,2026-09-23,CM,NSE,STK,21614,INE674K01013,ABCAPITAL,EQ,,,,,ADITYA BIRLA CAPITAL LTD.,398.85,402.75,397.60,402.45,402.45,397.00,,402.45,,,1960710,786114313.45,45714,F1,1,,,,,
2026-09-23,2026-09-23,CM,NSE,STK,30108,INE647O01011,ABFRL,EQ,,,,,ADITYA BIRLA FASHION & RT,49.29,49.59,48.90,49.09,49.05,49.22,,49.09,,,2699462,132747444.57,14896,F1,1,,,,,
2026-09-23,2026-09-23,CM,NSE,STK,756843,INE14LE01019,ABLBL,EQ,,,,,ADITYA BIRLA LIFES BRAN L,80.74,82.33,79.65,79.81,79.80,80.74,,79.82,,,1021258,82061230.61,8998,F1,1,,,,,
2026-09-23,2026-09-23,CM,NSE,STK,15239,INE865C01022,BIRLAMONEY,EQ,,,,,ADITYA BIRLA MONEY LTD,118.63,121.51,118.63,120.34,120.75,118.44,,120.35,,,63124,7580873.72,1047,F1,1,,,,,
2026-09-23,2026-09-23,CM,NSE,STK,625,INE055A01016,ABREL,EQ,,,,,ADITYA BIRLA REAL EST LTD,1197.30,1223.00,1197.30,1206.40,1207.40,1201.10,,1206.41,,,186515,225887480.00,21278,F1,1,,,,,
2026-09-23,2026-09-23,CM,NSE,STK,758858,INE819V01029,CPPLUS,EQ,,,,,ADITYA INFOTECH LIMITED,3679.00,3831.90,3679.00,3831.90,3831.90,3649.50,,3831.90,,,305859,1167621881.50,7254,F1,1,,,,,
2026-09-23,2026-09-23,CM,NSE,STK,25984,INE679V01027,AVL,EQ,,,,,ADITYA VISION LIMITED,626.30,629.40,620.60,624.40,622.00,627.10,,624.42,,,52482,32796811.35,3439,F1,1,,,,,
2026-09-23,2026-09-23,CM,NSE,STK,23804,INF209KB18D3,BSLGOLDETF,EQ,,,,,ADITYBIRLA SL GOLD ETF-GR,133.70,133.70,132.76,132.90,132.91,133.06,,132.90,,,188051,25003609.99,1557,F1,1,,,,,
2026-09-23,2026-09-23,CM,NSE,STK,24781,INF209KB19D1,BSLNIFTY,EQ,,,,,ADITYBIRLA SL NIF ETF-GR,28.16,28.16,27.25,27.56,27.50,27.48,,27.56,,,724016,19948370.23,3187,F1,1,,,,,
2026-09-23,2026-09-23,CM,NSE,STK,34,INE045A01017,ADOR,EQ,,,,,ADOR WELDING LTD,1602.00,1622.00,1588.40,1598.00,1594.10,1594.80,,1597.98,,,26565,42606713.70,2612,F1,1,,,,,
2026-09-23,2026-09-23,CM,NSE,STK,4953,INE737B01033,ADROITINFO,EQ,,,,,ADROIT INFOTECH LIMITED,12.54,14.29,12.41,13.53,13.51,12.17,,13.54,,,428270,5744035.68,1521,F1,1,,,,,
2026-09-23,2026-09-23,CM,NSE,STK,760657,INE0ALI01010,ADVAIT,EQ,,,,,ADVAIT ENRGY TRANSITION L,1992.40,2013.50,1965.00,1976.80,1978.60,2005.60,,1976.73,,,35052,69621379.60,4645,F1,1,,,,,
2026-09-23,2026-09-23,CM,NSE,STK,759402,INE1B0W01010,ADVANCE,EQ,,,,,ADVANCE AGROLIFE LIMITED,107.59,121.30,107.59,119.37,120.50,108.14,,119.35,,,531664,61681377.10,6039,F1,1,,,,,
2026-09-23,2026-09-23,CM,NSE,STK,18039,INE837H01020,ADVENZYMES,EQ,,,,,ADVANCED ENZYME TECH LTD,297.00,300.80,295.00,297.00,296.75,296.60,,297.00,,,216525,64423414.05,5579,F1,1,,,,,
2026-09-23,2026-09-23,CM,NSE,STK,14745,INE199C01026,ADVANIHOTR,EQ,,,,,ADVANI HOT.& RES.(I) LTD,47.79,48.70,47.13,47.57,47.60,47.78,,47.56,,,22499,1077852.42,445,F1,1,,,,,
2026-09-23,2026-09-23,CM,NSE,STK,759769,INE28GN01010,ADVENTHTL,EQ,,,,,ADVENT HOTELS INTERNATI L,126.70,131.50,126.40,130.36,131.45,126.76,,130.35,,,162425,20943631.98,2459,F1,1,,,,,
2026-09-23,2026-09-23,CM,NSE,STK,765015,INE178T01024,ADVIKCA,EQ,,,,,ADVIK CAPITAL LTD.,0.95,1.14,0.92,1.01,1.01,0.95,,1.01,,,682962,692321.34,495,F1,1,,,,,
2026-09-23,2026-09-23,CM,NSE,STK,762227,INE1SJO01012,RAMBHAJO,EQ,,,,,ADVIT JEWELS LIMITED,283.68,294.89,281.77,286.10,285.50,284.10,,286.12,,,564484,162653795.01,9158,F1,1,,,,,
2026-09-23,2026-09-23,CM,NSE,STK,40,INE208C01025,AEGISLOG,EQ,,,,,AEGIS LOGISTICS LIMITED,1416.00,1423.80,1388.10,1404.50,1400.10,1424.50,,1404.59,,,447832,629816892.40,23997,F1,1,,,,,
2026-09-23,2026-09-23,CM,NSE,STK,757336,INE0INX01018,AEGISVOPAK,EQ,,,,,AEGIS VOPAK TERMINALS LTD,300.20,308.00,299.20,302.80,302.60,301.40,,302.79,,,1254083,381498752.75,32072,F1,1,,,,,
2026-09-23,2026-09-23,CM,NSE,STK,757870,INE423A07401,AEL17725,NA,,,,,AEL 0% 2027 SR II,1109.00,1110.00,1109.00,1110.00,1110.00,1105.00,,1109.75,,,23,25518.00,2,F1,1,,,,,
2026-09-23,2026-09-23,CM,NSE,STK,761341,INE423A07500,AEL12126,NI,,,,,AEL 0% 2028 SR II,1070.70,1070.70,1007.10,1007.10,1007.10,991.00,,1023.50,,,104,105411.40,5,F1,1,,,,,
2026-09-23,2026-09-23,CM,NSE,STK,757873,INE423A07419,AEL170725,ND,,,,,AEL 0% 2028 SR V,1102.00,1112.49,1102.00,1112.49,1112.49,1102.00,,1112.49,,,4,4418.49,2,F1,1,,,,,
2026-09-23,2026-09-23,CM,NSE,STK,761345,INE423A07518,862AEL31,NM,,,,,AEL 8.62% 2031 SR VI,1015.00,1020.99,1015.00,1020.99,1020.99,1019.38,,1020.99,,,933,949374.59,13,F1,1,,,,,
2026-09-23,2026-09-23,CM,NSE,STK,761343,INE423A07534,875AEL29,NK,,,,,AEL 8.75% 2029 SR IV,1062.90,1062.90,1062.50,1062.69,1062.50,1062.90,,1062.69,,,97,103081.30,2,F1,1,,,,,
2026-09-23,2026-09-23,CM,NSE,STK,761346,INE423A07526,890AEL31,NN,,,,,AEL 8.90% 2031 SR VII,1062.00,1062.00,1056.12,1058.79,1058.55,1070.00,,1058.85,,,612,648263.69,22,F1,1,,,,,
2026-09-23,2026-09-23,CM,NSE,STK,757872,INE423A07435,915AEL28,NC,,,,,AEL 9.15% 2028 SR IV,1030.00,1030.00,1025.00,1025.00,1025.00,1030.00,,1025.00,,,120,123250.00,3,F1,1,,,,,
2026-09-23,2026-09-23,CM,NSE,STK,760234,INE947N01017,AEQUS,EQ,,,,,AEQUS LIMITED,243.50,245.80,236.17,243.94,243.20,242.87,,243.94,,,3564314,865748010.10,53590,F1,1,,,,,
2026-09-23,2026-09-23,CM,NSE,STK,12015,INE065D01027,AEROENTER,EQ,,,,,AEROFLEX ENTERPRISES LTD,124.75,127.99,123.32,126.51,125.95,123.60,,126.52,,,436225,55043528.83,7356,F1,1,,,,,
2026-09-23,2026-09-23,CM,NSE,STK,18268,INE024001021,AEROFLEX,EQ,,,,,AEROFLEX INDUSTRIES LTD,516.70,539.40,514.25,520.80,521.00,516.70,,520.80,,,939383,495759078.75,28111,F1,1,,,,,
2026-09-23,2026-09-23,CM,NSE,STK,13689,INE035801013,AERONEU,EQ,,,,,AEROFLEX NEU LIMITED,66.55,67.50,66.02,67.20,67.00,66.06,,67.20,,,27894,1859980.40,228,F1,1,,,,,
2026-09-23,2026-09-23,CM,NSE,STK,24830,INE0TSF01011,AESTHETIK,SM,,,,,AESTHETIK ENGINEERS LTD,69.25,69.25,68.75,68.75,68.75,69.75,,68.75,,,2000,138000.00,2,F1,1000,,,,,
2026-09-23,2026-09-23,CM,NSE,STK,9810,INE0BWX01014,AETHER,EQ,,,,,AETHER INDUSTRIES LIMITED,1643.50,1662.00,1633.10,1648.20,1649.00,1643.50,,1648.49,,,103556,170396856.30,15862,F1,1,,,,,
2026-09-23,2026-09-23,CM,NSE,STK,25977,INE101I01011,AFCONS,EQ,,,,,AFCONS INFRASTRUCTURE LTD,262.00,262.70,257.20,258.30,258.50,260.35,,258.30,,,862881,224083989.95,14031,F1,1,,,,,
2026-09-23,2026-09-23,CM,NSE,STK,11343,INE00WC01027,AFFLE,EQ,,,,,AFFLE 3I LIMITED,1585.10,1595.00,1568.10,1584.30,1590.60,1592.30,,1584.37,,,121001,191544657.80,13884,F1,1,,,,,
2026-09-23,2026-09-23,CM,NSE,STK,25855,INE692Z01013,AFFORDABLE,EQ,,,,,AFFORD ROBO & AUTO LTD,173.00,179.30,166.50,174.65,177.20,170.77,,174.87,,,33674,5891472.00,728,F1,1,,,,,
2026-09-23,2026-09-23,CM,NSE,STK,760459,INE916Y07065,1150AFIL28,N0,,,,,AFIL 11.50% 2028 SR 05,9811.25,9811.25,9811.25,9811.25,9811.25,9811.25,,9811.25,,,1,9811.25,1,F1,1,,,,,
2026-09-23,2026-09-23,CM,NSE,STK,760641,INE916Y07073,1150AFIL29,N0,,,,,AFIL 11.50% 2029,9849.50,9849.50,9816.15,9816.15,9816.15,9899.00,,9816.15,,,31,305293.65,4,F1,1,,,,,
2026-09-23,2026-09-23,CM,NSE,STK,759283,INE916Y07057,12AFIL28,N0,,,,,AFIL 12% 2028,9850.00,10025.00,9850.00,10023.94,10024.00,10134.76,,10023.94,,,99,989528.43,17,F1,1,,,,,
2026-09-23,2026-09-23,CM,NSE,STK,14263,INE0MLA01012,AGARWALFT,SM,,,,,AGARWAL FLOAT GLASS I LTD,27.30,28.65,25.95,28.65,28.65,27.30,,28.65,,,12000,327075.00,8,F1,1500,,,,,
2026-09-23,2026-09-23,CM,NSE,STK,3389,INE204E01012,AGARIND,EQ,,,,,AGARWAL INDS CORP LTD.,404.10,425.00,403.40,408.65,410.00,405.80,,408.64,,,86387,35569785.10,3928,F1,1,,,,,
2026-09-23,2026-09-23,CM,NSE,STK,27309,INE0P8X01016,AGARWALTUF,SM,,,,,AGARWAL TOUGH GLASS IND L,158.05,158.05,158.00,158.05,158.05,162.50,,158.05,,,3600,568920.00,3,F1,1200,,,,,
2026-09-23,2026-09-23,CM,NSE,STK,1412,INE415A01038,AGI,EQ,,,,,AGI GREENPAC LIMITED,847.00,850.40,825.00,837.20,836.50,845.70,,837.16,,,188739,158166327.50,12996,F1,1,,,,,
2026-09-23,2026-09-23,CM,NSE,STK,24445,INE976R01033,AGIIL,EQ,,,,,AGI INFRA LIMITED,279.15,279.15,267.65,268.80,268.00,269.30,,268.80,,,7001540,1902445780.55,18873,F1,1,,,,,
2026-09-23,2026-09-23,CM,NSE,STK,10491,INE0LF301013,AGNI,SM,,,,,AGNI GREEN POWER LTD,15.35,15.35,15.35,15.35,15.35,16.00,,15.35,,,2500,38375.00,1,F1,2500,,,,,
2026-09-23,2026-09-23,CM,NSE,STK,11072,INE449G01018,AGRITECH,EQ,,,,,AGRI-TECH (INDIA) LIMITED,96.90,98.79,96.00,97.83,98.65,97.38,,97.83,,,1258,122889.38,72,F1,1,,,,,
2026-09-23,2026-09-23,CM,NSE,STK,9046,INE740V01019,AGROPHOS,EQ,,,,,AGRO PHOS INDIA LIMITED,23.99,24.30,23.65,24.25,24.30,23.97,,24.25,,,18600,450346.72,150,F1,1,,,,,
2026-09-23,2026-09-23,CM,NSE,STK,759202,INE583L01014,AGSTRA,BZ,,,,,AGS TRANSACT TECH LTD,2.19,2.20,2.14,2.19,2.20,2.10,,2.19,,,372843,820096.84,347,F1,1,,,,,
2026-09-23,2026-09-23,CM,NSE,STK,2004,INE00PV01013,AHLADA,EQ,,,,,AHLADA ENGINEERS LIMITED,38.00,42.00,36.25,39.15,39.00,37.28,,39.15,,,17116,677774.83,202,F1,1,,,,,
2026-09-23,2026-09-23,CM,NSE,STK,17833,INE758C01029,AHLUCONT,EQ,,,,,AHLUWALIA CONT IND LTD,582.40,591.85,575.40,580.60,585.25,582.40,,580.57,,,49246,28613112.00,4515,F1,1,,,,,
2026-09-23,2026-09-23,CM,NSE,STK,13086,INE212H01026,AIAENG,EQ,,,,,AIA ENGINEERING LIMITED,3930.00,3976.40,3890.30,3970.00,3971.00,3923.40,,3970.76,,,31467,124188224.50,10027,F1,1,,,,,
2026-09-23,2026-09-23,CM,NSE,STK,23984,INE0RUV01018,AIMTRON,SM,,,,,AIMTRON ELECTRONICS LTD,1840.00,1865.00,1770.00,1813.60,1803.00,1818.10,,1813.60,,,37600,68283690.00,153,F1,200,,,,,
2026-09-23,2026-09-23,CM,NSE,STK,9878,INE805A01014,GOLDTECH,BE,,,,,AION-TECH SOLUTIONS LTD,41.99,44.08,41.99,44.08,44.08,41.99,,44.08,,,17332,754421.91,91,F1,1,,,,,
2026-09-23,2026-09-23,CM,NSE,STK,9897,INE645W01026,AIRAN,EQ,,,,,AIRAN LIMITED,17.10,17.47,16.70,16.78,16.76,17.02,,16.78,,,48993,826248.32,440,F1,1,,,,,
2026-09-23,2026-09-23,CM,NSE,STK,6068,INE801L01010,AIROLAM,EQ,,,,,AIRO LAM LIMITED,87.40,91.66,86.97,90.79,91.64,87.69,,90.79,,,3338,300664.48,57,F1,1,,,,,
2026-09-23,2026-09-23,CM,NSE,STK,8124,INE031B01049,AJANTPHARM,EQ,,,,,AJANTA PHARMA LIMITED,3519.60,3575.10,3518.70,3568.10,3560.00,3519.30,,3567.98,,,30430,108180560.80,6497,F1,1,,,,,
2026-09-23,2026-09-23,CM,NSE,STK,29624,INE274Y01021,AJAXENGG,EQ,,,,,AJAX ENGINEERING LIMITED,560.25,572.45,560.25,569.15,565.70,564.60,,569.20,,,36816,20893241.15,6663,F1,1,,,,,
2026-09-23,2026-09-23,CM,NSE,STK,17307,INE298G01035,AJMERA,EQ,,,,,AJMERA REALTY & INF I LTD,118.99,122.99,118.65,120.63,120.90,119.87,,120.63,,,235230,28615447.98,2773,F1,1,,,,,
2026-09-23,2026-09-23,CM,NSE,STK,3403,INE820Y01021,AJOONI,EQ,,,,,AJOONI BIOTECH LIMITED,3.17,3.29,3.17,3.28,3.28,3.16,,3.28,,,286000,927276.75,409,F1,1,,,,,
2026-09-23,2026-09-23,CM,NSE,STK,21121,INE0PCY01014,AKANKSHA,SM,,,,,AKANKSHA POWER N INFRA L,143.95,151.10,143.95,151.10,151.10,143.95,,151.10,,,65000,9771800.00,40,F1,1000,,,,,
2026-09-23,2026-09-23,CM,NSE,STK,13510,INE737W01013,AKASH,EQ,,,,,AKASH INFRA-PROJECTS LTD,24.75,25.40,24.64,24.76,24.76,24.99,,24.76,,,1427,35395.25,23,F1,1,,,,,
2026-09-23,2026-09-23,CM,NSE,STK,2176,INE00Y801016,AKG,EQ,,,,,AKG EXIM LIMITED,10.48,10.48,9.83,9.97,10.29,10.20,,9.97,,,25308,253231.69,169,F1,1,,,,,
2026-09-23,2026-09-23,CM,NSE,STK,14895,INE642Z01026,AKI,BE,,,,,AKI INDIA LIMITED,6.65,6.74,6.15,6.74,6.74,6.42,,6.75,,,175649,1168827.54,260,F1,1,,,,,
2026-09-23,2026-09-23,CM,NSE,STK,24304,INE0PMR01017,AKIKO,SM,,,,,AKIKO GLOBAL SERVICES L,430.00,445.00,422.00,438.00,438.00,430.00,,438.00,,,19200,8287920.00,16,F1,800,,,,,
2026-09-23,2026-09-23,CM,NSE,STK,24159,INE916Y01027,AFIL,EQ,,,,,AKME FINTRADE (INDIA) LTD,8.32,8.55,8.12,8.22,8.30,8.32,,8.22,,,752891,6237655.35,849,F1,1,,,,,
2026-09-23,2026-09-23,CM,NSE,STK,8595,INE523B01011,AKSHOPTFBR,BE,,,,,AKSH OPTIFIBRE  LTD,7.04,7.40,6.78,6.98,7.08,7.13,,6.98,,,733792,5088438.75,846,F1,1,,,,,
2026-09-23,2026-09-23,CM,NSE,STK,9558,INE256Z01025,AKSHAR,EQ,,,,,AKSHAR SPINTEX LIMITED,0.41,0.42,0.41,0.41,0.41,0.41,,0.41,,,733762,303796.44,192,F1,1,,,,,
2026-09-23,2026-09-23,CM,NSE,STK,20194,INE542B01011,AKSHARCHEM,BE,,,,,AKSHARCHEM INDIA LIMITED,395.90,400.00,382.10,389.95,391.00,395.90,,389.43,,,5641,2210382.55,160,F1,1,,,,,
2026-09-23,2026-09-23,CM,NSE,STK,24715,INE09XN01023,AKUMS,EQ,,,,,AKUMS DRUGS AND PHARMA L,810.00,838.80,810.00,823.30,825.85,807.90,,823.30,,,434249,359518605.65,27853,F1,1,,,,,
2026-09-23,2026-09-23,CM,NSE,STK,9921,INE914E01040,ALANKIT,EQ,,,,,ALANKIT LIMITED,7.80,8.16,7.80,8.04,8.01,7.94,,8.03,,,53018,424589.06,367,F1,1,,,,,
2026-09-23,2026-09-23,CM,NSE,STK,17256,INE155C01010,ALBERTDAVD,EQ,,,,,ALBERT DAVID LIMITED,847.60,885.95,842.00,878.55,876.60,848.90,,878.58,,,5385,4646247.45,373,F1,1,,,,,
2026-09-23,2026-09-23,CM,NSE,STK,79,INE426A01027,ALEMBICLTD,EQ,,,,,ALEMBIC LIMITED,105.90,108.00,105.20,106.04,105.50,104.79,,106.07,,,694993,73955982.52,6670,F1,1,,,,,
2026-09-23,2026-09-23,CM,NSE,STK,25328,INE901L01018,APLLTD,EQ,,,,,ALEMBIC PHARMA LTD,837.00,860.00,837.00,844.40,844.10,840.15,,844.39,,,146755,124587975.65,13052,F1,1,,,,,
2026-09-23,2026-09-23,CM,NSE,STK,764573,INE782D01027,ALFREDHE,EQ,,,,,ALFRED HERBERT INDIA L,2830.00,2830.00,2796.90,2796.90,2796.90,2811.00,,2800.97,,,13,36701.90,13,F1,1,,,,,
2026-09-23,2026-09-23,CM,NSE,STK,761270,INE598D01035,ALGOQUANT,EQ,,,,,ALGOQUANT FINTECH LIMITED,72.27,74.80,71.00,72.10,72.25,72.24,,72.11,,,1356453,98046210.95,6056,F1,1,,,,,
2026-09-23,2026-09-23,CM,NSE,STK,13656,INE062D01024,ALICON,EQ,,,,,ALICON CASTALLOY LIMITED,742.55,749.80,734.30,739.05,738.00,744.50,,739.02,,,50192,37205428.45,2648,F1,1,,,,,
2026-09-23,2026-09-23,CM,NSE,STK,5265,INE03Q201024,ALIVUS,EQ,,,,,ALIVUS LIFE SCIENCES LTD,1381.00,1422.10,1370.00,1383.10,1389.80,1374.20,,1383.11,,,96644,134348288.90,14369,F1,1,,,,,
2026-09-23,2026-09-23,CM,NSE,STK,16959,INE773I01017,ALKALI,EQ,,,,,ALKALI METALS LTD,103.80,103.90,98.12,101.63,101.00,103.20,,101.64,,,169113,17181891.65,2060,F1,1,,,,,
2026-09-23,2026-09-23,CM,NSE,STK,11703,INE540L01014,ALKEM,EQ,,,,,ALKEM LABORATORIES LTD.,5344.00,5445.00,5316.00,5417.50,5417.50,5331.50,,5417.50,,,140012,755583105.00,17334,F1,1,,,,,
2026-09-23,2026-09-23,CM,NSE,STK,4487,INE150B01039,ALKYLAMINE,EQ,,,,,ALKYL AMINES CHEM. LTD,1872.60,1900.00,1864.50,1883.00,1879.10,1863.80,,1882.95,,,36583,69077120.80,5967,F1,1,,,,,
2026-09-23,2026-09-23,CM,NSE,STK,13203,INE0M2X01012,ALLETEC,SM,,,,,ALL E TECHNOLOGIES LTD,130.00,132.25,127.50,129.10,127.50,128.50,,129.10,,,6000,778800.00,15,F1,400,,,,,
2026-09-23,2026-09-23,CM,NSE,STK,758448,INE0GV601021,ALLTIME,EQ,,,,,ALL TIME PLASTICS LIMITED,204.90,206.92,203.71,205.36,204.50,203.73,,205.36,,,34329,7047087.86,1419,F1,1,,,,,
2026-09-23,2026-09-23,CM,NSE,STK,763784,INE1YPB01014,AGL,EQ,,,,,ALLCARGO GLOBAL LIMITED,14.05,14.39,13.84,14.22,14.39,13.94,,14.22,,,1464781,20651988.46,3307,F1,1,,,,,
2026-09-23,2026-09-23,CM,NSE,STK,13501,INE418H01029,ALLCARGO,EQ,,,,,ALLCARGO LOGISTICS LTD,10.93,11.45,10.93,11.38,11.38,10.93,,11.38,,,7049122,79542552.65,9402,F1,1,,,,,
2026-09-23,2026-09-23,CM,NSE,STK,17778,INE0NN701020,ATL,EQ,,,,,ALLCARGO TERMINALS LTD,25.00,26.30,24.86,25.93,26.05,24.35,,25.93,,,796192,20414114.77,5172,F1,1,,,,,
2026-09-23,2026-09-23,CM,NSE,STK,11798,INE835G01018,ALLDIGI,EQ,,,,,ALLDIGI TECH LIMITED,771.00,791.95,771.00,780.25,776.10,784.60,,780.28,,,3923,3058501.90,442,F1,1,,,,,
2026-09-23,2026-09-23,CM,NSE,STK,24308,INE552Z01027,ABDL,EQ,,,,,ALLIED BLEND N DISTILS L,651.75,664.35,647.40,656.40,656.00,647.90,,656.54,,,2319309,1515102975.90,48128,F1,1,,,,,
2026-09-23,2026-09-23,CM,NSE,STK,14813,INE102I01027,ADSL,EQ,,,,,ALLIED DIGITAL SERV. LTD,96.63,98.50,96.12,97.78,98.50,96.44,,97.77,,,76698,7481865.93,1577,F1,1,,,,,
2026-09-23,2026-09-23,CM,NSE,STK,16719,INE326B01035,ALMONDZ,EQ,,,,,ALMONDZ GLOBAL SEC LTD,19.24,20.00,18.70,19.55,19.50,18.65,,19.54,,,407792,7907602.79,951,F1,1,,,,,
2026-09-23,2026-09-23,CM,NSE,STK,17675,INE270A01029,ALOKINDS,EQ,,,,,ALOK INDUSTRIES LIMITED,7.44,7.70,7.35,7.64,7.64,7.34,,7.64,,,22445047,168933818.85,13111,F1,1,,,,,
2026-09-23,2026-09-23,CM,NSE,STK,14848,INE385I01010,ALPA,EQ,,,,,ALPA LABORATORIES LTD,61.50,62.35,59.55,60.39,60.11,61.36,,60.39,,,64455,3909281.02,789,F1,1,,,,,
2026-09-23,2026-09-23,CM,NSE,STK,22688,INE0R4701017,ALPEXSOLAR,SM,,,,,ALPEX SOLAR LIMITED,864.60,864.60,815.65,846.00,849.00,864.30,,846.00,,,61100,51482420.00,445,F1,100,,,,,
2026-09-23,2026-09-23,CM,NSE,STK,14601,INE137C01018,ALPHAGEO,BE,,,,,ALPHAGEO (INDIA) LIMITED,296.10,299.95,292.00,292.50,292.90,296.10,,292.50,,,5589,1642135.30,160,F1,1,,,,,
2026-09-23,2026-09-23,CM,NSE,STK,764186,INE1JCQ01037,ALPINETEX,EQ,,,,,ALPINE TEXWORLD LIMITED,52.36,53.69,51.45,52.44,52.05,52.36,,52.46,,,229195,11968208.22,2194,F1,1,,,,,
2026-09-23,2026-09-23,CM,NSE,STK,764578,INE058F01019,ALUFLUOR,EQ,,,,,ALUFLUORIDE LTD.,538.00,581.75,537.90,577.55,581.75,543.35,,577.35,,,27329,15506029.05,1345,F1,1,,,,,
2026-09-23,2026-09-23,CM,NSE,STK,23474,INE0STM01017,ALUWIND,SM,,,,,ALUWIND INFRA-TECH LTD,52.45,53.00,48.60,52.40,53.00,50.95,,52.40,,,180000,9408000.00,67,F1,1500,,,,,
2026-09-23,2026-09-23,CM,NSE,STK,760740,INE121R01077,AMAGI,EQ,,,,,AMAGI MEDIA LABS LIMITED,583.00,591.00,569.75,578.70,578.90,581.10,,578.51,,,388203,226638222.95,15942,F1,1,,,,,
2026-09-23,2026-09-23,CM,NSE,STK,764583,INE841D01013,AMAL,EQ,,,,,AMAL LTD.,712.45,719.65,701.05,704.30,701.05,711.90,,704.62,,,6891,4892364.10,510,F1,1,,,,,
2026-09-23,2026-09-23,CM,NSE,STK,758910,INE084K01015,AMANTA,BE,,,,,AMANTA HEALTHCARE LIMITED,182.00,189.21,182.00,189.21,189.21,185.50,,188.96,,,39042,7260176.68,141,F1,1,,,,,
2026-09-23,2026-09-23,CM,NSE,STK,100,INE885A01032,ARE&M,EQ,,,,,AMARA RAJA ENERGY MOB LTD,794.00,815.00,794.00,812.85,811.95,793.20,,812.82,,,600363,484855155.85,24125,F1,1,,,,,
2026-09-23,2026-09-23,CM,NSE,STK,764588,INE484D01012,AMARJOTHI,EQ,,,,,AMARJOTHI SPINNING MILL L,149.00,149.74,147.50,148.12,148.10,148.91,,148.12,,,1820,270216.94,27,F1,1,,,,,
2026-09-23,2026-09-23,CM,NSE,STK,763256,INE293601014,AMBAAUTO,SM,,,,,AMBA AUTO SALES AND SER L,95.90,96.10,93.50,95.90,95.90,91.55,,95.90,,,19000,1814400.00,13,F1,1000,,,,,
2026-09-23,2026-09-23,CM,NSE,STK,762546,INE432A01017,AMBALALSA,BE,,,,,AMBALAL SARABHAI ENT L,39.24,40.58,38.80,40.47,40.58,38.65,,40.43,,,55998,2236531.71,193,F1,1,,,,,
2026-09-23,2026-09-23,CM,NSE,STK,4083,INE00C501018,AMBANIORGO,SM,,,,,AMBANI ORGOCHEM LIMITED,112.00,117.00,112.00,112.25,117.00,112.00,,112.25,,,86000,9651300.00,5,F1,1000,,,,,
2026-09-23,2026-09-23,CM,NSE,STK,1185,INE371P01015,AMBER,EQ,,,,,AMBER ENTERPRISES (I) LTD,7020.00,7107.00,7020.00,7064.50,7064.50,7000.00,,7063.55,,,63504,448543399.50,10950,F1,1,,,,,
2026-09-23,2026-09-23,CM,NSE,STK,11496,INE792B01012,AMBICAAGAR,EQ,,,,,AMBICA AGAR & AROMAINDLTD,24.84,25.95,24.60,25.45,25.95,24.83,,25.41,,,14272,361587.00,185,F1,1,,,,,
2026-09-23,2026-09-23,CM,NSE,STK,15234,INE540G01014,AMBIKCO,EQ,,,,,AMBIKA COTTON MILL LTD.,1571.80,1593.50,1567.20,1582.70,1575.10,1577.70,,1582.67,,,4291,6775058.50,684,F1,1,,,,,
2026-09-23,2026-09-23,CM,NSE,STK,1270,INE079A01024,AMBUJACEM,EQ,,,,,AMBUJA CEMENTS LTD,387.30,392.85,387.30,392.75,392.75,386.90,,392.74,,,697717,272874797.50,12743,F1,1,,,,,
2026-09-23,2026-09-23,CM,NSE,STK,14402,INE005I01014,AMDIND,BE,,,,,AMD INDUSTRIES LIMITED,59.00,59.00,57.12,57.58,57.41,59.84,,57.58,,,57497,3319564.12,351,F1,1,,,,,
2026-09-23,2026-09-23,CM,NSE,STK,10898,INE0KT901015,AMEYA,SM,,,,,AMEYA PRECISION ENG LTD,164.95,164.95,159.75,161.90,164.95,157.10,,161.90,,,45000,7397200.00,38,F1,1000,,,,,
2026-09-23,2026-09-23,CM,NSE,STK,19867,INE275D01022,AMNPLST,EQ,,,,,AMINES & PLASTICIZERS LTD,168.81,175.70,167.00,169.00,168.00,169.65,,169.02,,,2132,359719.47,119,F1,1,,,,,
2026-09-23,2026-09-23,CM,NSE,STK,761670,INE05TO01019,AEROPLANE,EQ,,,,,AMIR CHAND JAG KUM (E) L,204.00,211.39,203.25,205.74,205.00,204.80,,205.73,,,661546,137214711.08,9267,F1,1,,,,,
2026-09-23,2026-09-23,CM,NSE,STK,2598,INE606A01024,AMJLAND,EQ,,,,,AMJ LAND HOLDINGS LIMITED,39.75,39.75,37.65,37.97,38.50,37.75,,37.98,,,16007,618473.58,188,F1,1,,,,,
2026-09-23,2026-09-23,CM,NSE,STK,17547,INE098F01031,AMRUTANJAN,EQ,,,,,AMRUTAJAN HEALTH LTD,500.05,513.35,498.00,510.05,510.95,500.05,,510.04,,,34784,17597050.00,2032,F1,1,,,,,
2026-09-23,2026-09-23,CM,NSE,STK,759956,INE549H01021,ARSSBL,EQ,,,,,ANAND RATHI SH N STK BR L,502.00,521.80,497.70,510.80,511.00,496.25,,510.80,,,413000,211085314.35,9757,F1,1,,,,,
2026-09-23,2026-09-23,CM,NSE,STK,7145,INE463V01026,ANANDRATHI,EQ,,,,,ANAND RATHI WEALTH LTD,2179.00,2190.00,2160.00,2169.20,2170.10,2179.00,,2169.24,,,336940,730702747.20,35266,F1,1,,,,,
2026-09-23,2026-09-23,CM,NSE,STK,13620,INE242C01024,ANANTRAJ,EQ,,,,,ANANT RAJ LIMITED,609.90,633.85,607.75,631.80,632.00,610.10,,631.80,,,3329387,2082991025.35,71987,F1,1,,,,,
2026-09-23,2026-09-23,CM,NSE,STK,759363,INE1UA823019,ANANTAM,IV,,,,,ANANTAM HIGHWAYS TRUST,105.66,106.29,105.30,105.49,105.50,105.92,,105.49,,,1528476,161255032.76,722,F1,1,,,,,
2026-09-23,2026-09-23,CM,NSE,STK,764446,INE1J5V01013,ANAWIL,SM,,,,,ANAWIL WIRE AND ENGIN LTD,449.25,449.75,431.30,440.30,440.00,445.60,,440.30,,,104000,45716800.00,247,F1,400,,,,,
2026-09-23,2026-09-23,CM,NSE,STK,758427,INE0VG001016,AMCL,SM,,,,,ANB METAL CAST LIMITED,358.25,365.00,354.50,355.75,358.00,358.90,,355.75,,,21200,7599820.00,48,F1,400,,,,,
2026-09-23,2026-09-23,CM,NSE,STK,15420,INE666E01020,ACL,EQ,,,,,ANDHRA CEMENTS LIMITED,42.49,43.20,42.10,42.58,42.79,42.92,,42.58,,,9773,417427.72,190,F1,1,,,,,
2026-09-23,2026-09-23,CM,NSE,STK,166,INE435A01051,ANDHRAPAP,EQ,,,,,ANDHRA PAPER LIMITED,72.92,73.30,71.00,71.19,71.00,71.43,,71.17,,,286782,20559163.82,3661,F1,1,,,,,
2026-09-23,2026-09-23,CM,NSE,STK,136,INE715B01021,ANDHRSUGAR,EQ,,,,,ANDHRA SUGARS LTD,95.73,97.30,94.92,95.20,95.00,95.35,,95.20,,,213868,20500046.12,6420,F1,1,,,,,
2026-09-23,2026-09-23,CM,NSE,STK,5206,INE449C01025,ANDREWYU,EQ,,,,,ANDREW YULE & CO. LTD.,26.75,28.99,26.13,28.09,28.00,26.49,,28.08,,,506185,14262319.41,3812,F1,1,,,,,
2026-09-23,2026-09-23,CM,NSE,STK,324,INE732I01021,ANGELONE,EQ,,,,,ANGEL ONE LIMITED,295.25,301.10,295.25,300.00,300.00,295.10,,299.95,,,2026293,604893657.90,20676,F1,1,,,,,
2026-09-23,2026-09-23,CM,NSE,STK,482,INE635Y01015,AISL,SM,,,,,ANI INTEGRATED SERV LTD.,56.00,56.00,56.00,56.00,56.00,56.90,,56.00,,,600,33600.00,1,F1,600,,,,,
2026-09-23,2026-09-23,CM,NSE,STK,16657,INE087B01017,ANIKINDS,EQ,,,,,ANIK INDUSTRIES LTD,43.41,46.00,42.60,44.98,45.90,42.99,,45.34,,,8864,394776.96,58,F1,1,,,,,
2026-09-23,2026-09-23,CM,NSE,STK,20453,INE071F01012,APCL,EQ,,,,,ANJANI PORTLAND CEM LTD,98.00,99.00,94.00,95.93,95.50,94.80,,95.93,,,2451,237370.01,136,F1,1,,,,,
2026-09-23,2026-09-23,CM,NSE,STK,25878,INE106I01010,ANKITMETAL,BZ,,,,,ANKIT MET & POW LTD,1.82,1.82,1.82,1.82,1.82,1.79,,1.83,,,12663,23046.66,18,F1,1,,,,,
2026-09-23,2026-09-23,CM,NSE,STK,758968,INE0Y8W01025,AHCL,EQ,,,,,ANLON HEALTHCARE LIMITED,30.30,31.29,26.55,29.68,29.87,28.86,,29.68,,,113090092,3283635456.22,333842,F1,1,,,,,
2026-09-23,2026-09-23,CM,NSE,STK,13657,INE0LR101013,ANLON,SM,,,,,ANLON TECHNOLOGY SOL LTD,858.10,858.10,768.05,769.95,771.90,818.00,,769.95,,,18400,14840220.00,45,F1,400,,,,,
2026-09-23,2026-09-23,CM,NSE,STK,3732,INE02AR01019,ANMOL,BE,,,,,ANMOL INDIA LIMITED,14.03,14.30,13.33,13.85,13.92,14.03,,13.85,,,87630,1201152.54,425,F1,1,,,,,
2026-09-23,2026-09-23,CM,NSE,STK,764471,INE0MGM01017,ANNAPURNA,EQ,,,,,ANNAPURNA SWADISHT LTD,132.90,135.15,130.20,130.68,130.20,131.71,,130.68,,,38808,5121485.28,811,F1,1,,,,,
2026-09-23,2026-09-23,CM,NSE,STK,765502,INE103001017,ANNU,EQ,,,,,ANNU PROJECTS LIMITED,54.40,56.49,52.20,53.04,52.95,54.17,,53.04,,,1682230,90645349.74,13355,F1,1,,,,,
2026-09-23,2026-09-23,CM,NSE,STK,758740,INE0VTV01012,ANONDITA,SM,,,,,ANONDITA MEDICARE LIMITED,1100.00,1110.00,1080.00,1094.60,1095.00,1084.60,,1094.60,,,65600,72021820.00,248,F1,200,,,,,
2026-09-23,2026-09-23,CM,NSE,STK,765020,INE030C01015,ANSALBU,EQ,,,,,ANSAL BUILDWELL LTD.,97.75,107.50,95.60,100.14,101.14,90.12,,100.18,,,179538,18494062.11,2600,F1,1,,,,,
2026-09-23,2026-09-23,CM,NSE,STK,19677,INE436A01026,ANSALAPI,BZ,,,,,ANSAL PROP & INFRA LTD,3.80,3.80,3.70,3.79,3.80,3.73,,3.79,,,73176,278055.90,57,F1,1,,,,,
2026-09-23,2026-09-23,CM,NSE,STK,5194,INE414B01021,ANTGRAPHIC,EQ,,,,,ANTARCTICA LTD,0.72,0.73,0.71,0.73,0.73,0.71,,0.73,,,254770,183681.72,139,F1,1,,,,,
2026-09-23,2026-09-23,CM,NSE,STK,13598,INE818A01017,ANTELOPUS,EQ,,,,,ANTELOPUS SELAN ENRGY LTD,1115.00,1189.20,1110.40,1161.20,1163.00,1110.40,,1161.24,,,1138872,1324510478.20,54937,F1,1,,,,,
2026-09-23,2026-09-23,CM,NSE,STK,757885,INE0CZ201020,ANTHEM,EQ,,,,,ANTHEM BIOSCIENCES LTD,891.70,902.00,879.00,881.90,882.00,891.70,,881.90,,,452800,401479787.85,23695,F1,1,,,,,
2026-09-23,2026-09-23,CM,NSE,STK,1797,INE01BK01022,AWHCL,EQ,,,,,ANTONY WASTE HDG CELL LTD,365.05,404.00,364.30,387.95,386.05,364.30,,387.95,,,1277403,501149891.10,37362,F1,1,,,,,
2026-09-23,2026-09-23,CM,NSE,STK,28314,INE489G01022,ANUHPHR,EQ,,,,,ANUH PHARMA LIMITED,94.26,96.38,93.02,93.39,93.50,93.48,,93.39,,,134416,12650778.16,2321,F1,1,,,,,
2026-09-23,2026-09-23,CM,NSE,STK,2829,INE930P01018,ANURAS,EQ,,,,,ANUPAM RASAYAN INDIA LTD,1200.10,1214.80,1188.10,1193.40,1190.00,1197.90,,1193.39,,,313061,376041301.90,29655,F1,1,,,,,
2026-09-23,2026-09-23,CM,NSE,STK,28983,INE0SI601032,ANYA,SM,,,,,ANYA POLYTECH & FERTI LTD,16.90,17.60,16.90,17.60,17.60,17.00,,17.60,,,30000,515250.00,6,F1,5000,,,,,
2026-09-23,2026-09-23,CM,NSE,STK,11945,INE0MIZ23019,ANZEN,IV,,,,,ANZEN IND ENE YLD PLU TRU,129.00,130.60,129.00,130.00,130.00,129.00,,130.30,,,750000,97227500.00,16,F1,25000,,,,,
2026-09-23,2026-09-23,CM,NSE,STK,758904,INF1J2R01114,AONEGOLD,EQ,,,,,AONEAMC - AONEGOLD,14.25,14.27,14.06,14.09,14.11,14.11,,14.09,,,234977,3320033.15,1518,F1,1,,,,,
2026-09-23,2026-09-23,CM,NSE,STK,30472,INF1J2R01056,AONELIQUID,EQ,,,,,AONEAMC - AONELIQUID,1078.00,1078.02,1078.00,1078.01,1078.02,1077.87,,1078.01,,,26834,28927404.73,126,F1,1,,,,,
2026-09-23,2026-09-23,CM,NSE,STK,757096,INF1J2R01064,AONENIFTY,EQ,,,,,AONEAMC - AONENIFTY,9.71,9.73,9.63,9.69,9.70,9.67,,9.69,,,86750,839596.91,971,F1,1,,,,,
2026-09-23,2026-09-23,CM,NSE,STK,760193,INF1J2R01171,AONESILVER,EQ,,,,,AONEAMC - AONESILVER,8.93,8.98,8.78,8.80,8.81,8.80,,8.80,,,396315,3520551.51,928,F1,1,,,,,
2026-09-23,2026-09-23,CM,NSE,STK,759992,INF1J2R01148,AONETMMQ50,EQ,,,,,AONEAMC - AONETMMQ50,10.30,10.30,10.13,10.21,10.20,10.16,,10.21,,,194288,1981194.93,223,F1,1,,,,,
2026-09-23,2026-09-23,CM,NSE,STK,29975,INF1J2R01015,AONETOTAL,EQ,,,,,AONEAMC - AONETOTAL,11.73,11.76,11.63,11.72,11.69,11.68,,11.72,,,124629,1461412.56,810,F1,1,,,,,
2026-09-23,2026-09-23,CM,NSE,STK,11491,INE372A01015,APARINDS,EQ,,,,,APAR INDUSTRIES LTD.,18300.00,18740.00,17799.00,17876.00,17920.00,18233.00,,17875.86,,,129819,2353896852.00,42882,F1,1,,,,,
2026-09-23,2026-09-23,CM,NSE,STK,154,INE116A01032,APCOTEXIND,EQ,,,,,APCOTEX INDUSTRIES LIMITE,612.00,614.00,593.50,609.80,614.00,609.45,,609.71,,,78328,47580257.80,4017,F1,1,,,,,
2026-09-23,2026-09-23,CM,NSE,STK,27291,INE0T4V01015,APEXECO,ST,,,,,APEX ECOTECH LIMITED,261.00,277.80,257.20,268.80,267.00,268.00,,268.80,,,13600,3679440.00,17,F1,800,,,,,
2026-09-23,2026-09-23,CM,NSE,STK,21623,INE346W01013,APEX,EQ,,,,,APEX FROZEN FOODS LIMITED,356.90,364.10,355.55,362.50,362.75,356.90,,362.44,,,77992,28204752.55,3925,F1,1,,,,,
2026-09-23,2026-09-23,CM,NSE,STK,25780,INE702C01027,APLAPOLLO,EQ,,,,,APL APOLLO TUBES LTD,2199.00,2204.00,2178.00,2195.00,2195.00,2195.00,,2195.00,,,357496,782901682.80,23344,F1,1,,,,,
2026-09-23,2026-09-23,CM,NSE,STK,757178,INE0TLC07085,930APMD27,N0,,,,,APMD 9.30% 2027 STRPP A,77500.00,77500.00,77500.00,77500.00,77500.00,77000.00,,77500.00,,,1,77500.00,1,F1,1,,,,,
2026-09-23,2026-09-23,CM,NSE,STK,757182,INE0TLC07069,930APMD29,N0,,,,,APMD 9.30% 2029 STRPP C,103925.72,103925.72,103925.72,103925.72,103925.72,103950.00,,103925.72,,,3,311777.16,1,F1,1,,,,,
2026-09-23,2026-09-23,CM,NSE,STK,757184,INE0TLC07077,930APMD30,N0,,,,,APMD 9.30% 2030 STRPP D,104837.53,104837.53,104837.53,104837.53,104837.53,104902.06,,104837.53,,,9,943537.77,1,F1,1,,,,,
2026-09-23,2026-09-23,CM,NSE,STK,757170,INE0TLC07101,930APMD32,N0,,,,,APMD 9.30% 2032 STRPP F,106900.00,106900.00,106900.00,106900.00,106900.00,106081.58,,106900.00,,,5,534500.00,5,F1,1,,,,,
2026-09-23,2026-09-23,CM,NSE,STK,157,INE437A01024,APOLLOHOSP,EQ,,,,,APOLLO HOSPITALS ENTER. L,8875.00,9070.50,8865.00,9069.00,9069.00,8835.50,,9068.89,,,419571,3768803213.50,43935,F1,1,,,,,
2026-09-23,2026-09-23,CM,NSE,STK,1134,INE713T01028,APOLLO,EQ,,,,,APOLLO MICRO SYSTEMS LTD,410.00,412.40,402.25,404.60,403.95,406.75,,404.64,,,4669049,1901534281.40,56185,F1,1,,,,,
2026-09-23,2026-09-23,CM,NSE,STK,14361,INE126J01016,APOLLOPIPE,EQ,,,,,APOLLO PIPES LIMITED,526.20,532.45,517.60,522.45,522.95,526.10,,522.49,,,69429,36485372.95,2987,F1,1,,,,,
2026-09-23,2026-09-23,CM,NSE,STK,6302,INE451F01024,APOLSINHOT,EQ,,,,,APOLLO SINDOORI HOTEL LTD,1223.00,1230.90,1212.00,1214.00,1214.00,1223.30,,1214.00,,,269,326935.00,48,F1,1,,,,,
2026-09-23,2026-09-23,CM,NSE,STK,163,INE438A01022,APOLLOTYRE,EQ,,,,,APOLLO TYRES LTD,403.10,406.80,401.35,405.70,406.05,402.55,,405.71,,,751954,303530481.45,30753,F1,1,,,,,
2026-09-23,2026-09-23,CM,NSE,STK,764593,INE217S01014,APOORVA,EQ,,,,,APOORVA LEAS F & INV C L,35.58,35.58,32.25,34.32,34.36,33.89,,34.01,,,1539,50709.81,33,F1,1,,,,,
2026-09-23,2026-09-23,CM,NSE,STK,24638,INE0LQG01010,APRAMEYA,SM,,,,,APRAMEYA ENGINEERING LTD,107.00,110.00,99.95,101.85,100.00,104.95,,101.85,,,19500,2063600.00,32,F1,500,,,,,
2026-09-23,2026-09-23,CM,NSE,STK,760364,INE0M2307321,915APSBC27,N0,,,,,APSBC 9.15% 2027 STRPP B,100500.01,100500.01,100500.01,100500.01,100500.01,100500.01,,100500.01,,,2,201000.02,2,F1,1,,,,,
2026-09-23,2026-09-23,CM,NSE,STK,760372,INE0M2307388,915APSBC31,N0,,,,,APSBC 9.15% 2031 STRPP F,104000.00,104000.00,104000.00,104000.00,104000.00,104000.00,,104000.00,,,2,208000.00,2,F1,1,,,,,
2026-09-23,2026-09-23,CM,NSE,STK,761435,INE1OOJ01011,APSISAERO,ST,,,,,APSIS AEROCOM LIMITED,588.00,588.00,588.00,588.00,588.00,577.30,,588.00,,,1200,705600.00,1,F1,1200,,,,,
2026-09-23,2026-09-23,CM,NSE,STK,10755,INE266F01018,APTECHT,EQ,,,,,APTECH LIMITED,92.48,94.00,91.40,92.06,92.43,91.78,,91.89,,,72405,6696117.13,1001,F1,1,,,,,
2026-09-23,2026-09-23,CM,NSE,STK,5435,INE852O01025,APTUS,EQ,,,,,APTUS VALUE HSG FIN I LTD,243.89,253.23,241.01,251.33,251.00,242.08,,251.31,,,3164338,791846302.55,45880,F1,1,,,,,
2026-09-23,2026-09-23,CM,NSE,STK,23365,INE416A01051,AQYLON,EQ,,,,,AQYLON NEXUS LIMITED,20.39,20.74,18.81,18.81,18.81,19.80,,18.81,,,654709,12708203.11,2163,F1,1,,,,,
2026-09-23,2026-09-23,CM,NSE,STK,19253,INE08NJ01024,ARABIAN,SM,,,,,ARABIAN PETROLEUM LIMITED,88.50,88.50,88.50,88.50,88.50,88.00,,88.50,,,2000,177000.00,1,F1,2000,,,,,
2026-09-23,2026-09-23,CM,NSE,STK,758670,INE0YDV01010,ARCIIL,SM,,,,,ARC INSULATION & INSU LTD,33.50,34.80,33.50,34.65,34.80,33.90,,34.65,,,8000,272700.00,7,F1,1000,,,,,
2026-09-23,2026-09-23,CM,NSE,STK,12024,INE128X01021,ACI,EQ,,,,,ARCHEAN CHEMICAL IND LTD,466.90,478.00,463.05,474.60,476.45,463.05,,474.63,,,262279,123978255.15,10056,F1,1,,,,,
2026-09-23,2026-09-23,CM,NSE,STK,245,INE0CHO01012,ADL,EQ,,,,,ARCHIDPLY DECOR LIMITED,69.41,72.00,69.05,69.87,69.32,69.00,,69.86,,,1168,81466.11,66,F1,1,,,,,
2026-09-23,2026-09-23,CM,NSE,STK,16795,INE877I01016,ARCHIDPLY,EQ,,,,,ARCHIDPLY IND. LTD,109.02,110.97,107.65,109.77,108.30,107.68,,109.71,,,13856,1513404.81,381,F1,1,,,,,
2026-09-23,2026-09-23,CM,NSE,STK,5688,INE731A01020,ARCHIES,EQ,,,,,ARCHIES LTD,12.96,13.19,12.78,12.93,12.81,12.75,,12.94,,,22162,287165.00,94,F1,1,,,,,
2026-09-23,2026-09-23,CM,NSE,STK,764598,INE372M01010,ARCL,EQ,,,,,ARCL ORGANICS LTD.,274.95,274.95,251.00,255.79,258.35,262.06,,256.42,,,3088,819947.93,62,F1,1,,,,,
2026-09-23,2026-09-23,CM,NSE,STK,764480,INE0XNF01022,ARDEE,EQ,,,,,ARDEE INDUSTRIES LIMITED,52.50,53.19,51.60,52.25,52.08,52.08,,52.25,,,3110150,163464492.27,19664,F1,1,,,,,
2026-09-23,2026-09-23,CM,NSE,STK,758700,INE784R01023,ARFIN,EQ,,,,,ARFIN INDIA LIMITED,89.30,92.00,89.00,91.42,91.70,89.28,,91.41,,,1313201,118827149.04,5961,F1,1,,,,,
2026-09-23,2026-09-23,CM,NSE,STK,13092,INE0L2Y01011,ARHAM,SM,,,,,ARHAM TECHNOLOGIES LTD,212.00,215.00,208.15,214.35,215.00,212.00,,214.35,,,28000,5962350.00,24,F1,1000,,,,,
2026-09-23,2026-09-23,CM,NSE,STK,15208,INE298I01015,ARIES,BE,,,,,ARIES AGRO LTD.,469.95,473.00,456.15,466.95,469.00,469.95,,466.68,,,10055,4691119.50,155,F1,1,,,,,
2026-09-23,2026-09-23,CM,NSE,STK,13340,INE0NCC01015,ARIHANTACA,SM,,,,,ARIHANT ACADEMY LIMITED,490.00,500.00,490.00,500.00,500.00,494.00,,500.00,,,9600,4796000.00,7,F1,400,,,,,
2026-09-23,2026-09-23,CM,NSE,STK,3813,INE420B01036,ARIHANTCAP,EQ,,,,,ARIHANT CAPITAL MKTS LTD,93.00,98.80,93.00,94.06,95.35,90.99,,94.06,,,10557223,1015399060.08,74884,F1,1,,,,,
2026-09-23,2026-09-23,CM,NSE,STK,13885,INE413D01011,ARIHANT,EQ,,,,,ARIHANT FOUN & HOU LTD,929.05,929.05,890.00,900.80,890.00,923.90,,901.06,,,1682,1520756.30,205,F1,1,,,,,
2026-09-23,2026-09-23,CM,NSE,STK,20159,INE643K01018,ARIHANTSUP,EQ,,,,,ARIHANT SUPERSTRUCT LTD,236.95,245.95,233.05,239.95,240.00,234.90,,239.95,,,9298,2229060.40,232,F1,1,,,,,
2026-09-23,2026-09-23,CM,NSE,STK,757614,INE0H9P01028,ARIS,EQ,,,,,ARISINFRA SOLUTIONS LTD,141.00,147.39,139.48,143.72,143.99,140.10,,143.73,,,2711866,391180299.36,23184,F1,1,,,,,
2026-09-23,2026-09-23,CM,NSE,STK,13926,INE082101010,ARISTO,SM,,,,,ARISTO BIO T AND LIFESC L,105.85,105.85,105.85,105.85,105.85,112.00,,105.85,,,1600,169360.00,1,F1,800,,,,,
2026-09-23,2026-09-23,CM,NSE,STK,25398,INE0QRL01017,ARKADE,EQ,,,,,ARKADE DEVELOPERS LIMITED,128.99,131.00,127.00,127.73,127.13,128.40,,127.73,,,151561,19503678.84,2389,F1,1,,,,,
2026-09-23,2026-09-23,CM,NSE,STK,17263,INE109C01017,ARMANFIN,EQ,,,,,ARMAN FIN SERV LTD,1950.10,2004.90,1946.20,1968.90,1966.00,1974.90,,1969.13,,,12730,25088953.30,2144,F1,1,,,,,
2026-09-23,2026-09-23,CM,NSE,STK,760752,INE0TZX01019,ARMOUR,ST,,,,,ARMOUR SECURITY (INDIA) L,18.25,18.25,18.25,18.25,18.25,17.40,,18.25,,,4000,73000.00,2,F1,2000,,,,,
2026-09-23,2026-09-23,CM,NSE,STK,14557,INE210C01013,AROGRANITE,EQ,,,,,ARO GRANITE IND. LTD.,23.88,24.70,22.11,24.23,24.27,23.09,,24.19,,,9021,212063.82,180,F1,1,,,,,
2026-09-23,2026-09-23,CM,NSE,STK,9260,INE570D01018,ARROWGREEN,EQ,,,,,ARROW GREENTECH LIMITED,940.05,948.90,888.60,900.00,902.60,913.05,,900.12,,,89479,82431219.50,7499,F1,1,,,,,
2026-09-23,2026-09-23,CM,NSE,STK,29015,INE968D01022,ARSHIYA,BZ,,,,,ARSHIYA LIMITED,0.71,0.72,0.70,0.71,0.72,0.70,,0.71,,,73079,51949.90,61,F1,1,,,,,
2026-09-23,2026-09-23,CM,NSE,STK,6156,INE738V01013,ARTNIRMAN,EQ,,,,,ART NIRMAN LIMITED,41.40,41.40,39.05,40.01,40.47,40.49,,40.01,,,1071,42043.14,16,F1,1,,,,,
2026-09-23,2026-09-23,CM,NSE,STK,761330,INE757T01025,AEPL,EQ,,,,,ARTEMIS ELECTRICALS & P L,16.02,16.76,16.02,16.49,16.61,16.35,,16.48,,,17404,286576.93,178,F1,1,,,,,
2026-09-23,2026-09-23,CM,NSE,STK,16913,INE025R01021,ARTEMISMED,EQ,,,,,ARTEMIS MED SERVICE LTD,342.80,343.80,338.50,341.90,343.80,340.85,,341.90,,,155838,53119935.30,6500,F1,1,,,,,
2026-09-23,2026-09-23,CM,NSE,STK,756896,INE0TTG01017,ARUNAYA,SM,,,,,ARUNAYA ORGANICS LIMITED,14.40,14.40,14.15,14.15,14.15,14.40,,14.15,,,4000,57100.00,2,F1,2000,,,,,
2026-09-23,2026-09-23,CM,NSE,STK,2814,INE006Z01016,ARVEE,EQ,,,,,ARVEE LABORATORIES I LTD,232.50,255.00,231.20,242.18,240.80,236.07,,242.18,,,52699,12857591.09,1286,F1,1,,,,,
2026-09-23,2026-09-23,CM,NSE,STK,9111,INE955V01021,ARVINDFASN,EQ,,,,,ARVIND FASHIONS LIMITED,420.95,427.70,417.00,425.45,427.60,419.40,,425.44,,,364577,153643199.30,14027,F1,1,,,,,
2026-09-23,2026-09-23,CM,NSE,STK,193,INE034A01011,ARVIND,EQ,,,,,ARVIND LIMITED,533.55,550.50,533.00,548.25,545.05,533.55,,548.25,,,639484,348678699.35,30555,F1,1,,,,,
2026-09-23,2026-09-23,CM,NSE,STK,19579,INE0P4T01013,ARVINDPORT,SM,,,,,ARVIND PORT AND INFRA LTD,37.35,37.35,36.05,36.05,36.05,39.00,,36.05,,,9000,332550.00,6,F1,1500,,,,,
2026-09-23,2026-09-23,CM,NSE,STK,10457,INE034S01021,ARVSMART,EQ,,,,,ARVIND SMARTSPACES LTD,625.00,668.80,606.05,634.05,628.00,588.20,,634.04,,,6650986,4307281653.05,142730,F1,1,,,,,
2026-09-23,2026-09-23,CM,NSE,STK,764603,INE032E01017,ARYAMAN,EQ,,,,,ARYAMAN FINANCIAL SERV L,633.75,633.75,611.05,611.05,611.05,633.95,,620.00,,,4,2489.60,2,F1,1,,,,,
2026-09-23,2026-09-23,CM,NSE,STK,5378,INE439A01020,ASAHIINDIA,EQ,,,,,ASAHI INDIA GLASS LIMITED,962.00,985.15,957.25,971.30,968.00,965.15,,969.76,,,262585,254284548.65,9522,F1,1,,,,,
2026-09-23,2026-09-23,CM,NSE,STK,25092,INE228I01012,ASAHISONG,BE,,,,,ASAHI SONGWON COLOR LTD,371.95,385.00,365.15,382.90,380.05,371.20,,382.94,,,13292,5038373.75,251,F1,1,,,,,
2026-09-23,2026-09-23,CM,NSE,STK,24711,INE0LAA01017,ASHALOG,SM,,,,,ASHAPURA LOGISTICS LTD,58.05,60.00,58.00,60.00,60.00,60.05,,60.00,,,6000,353950.00,6,F1,1000,,,,,
2026-09-23,2026-09-23,CM,NSE,STK,203,INE348A01023,ASHAPURMIN,EQ,,,,,ASHAPURA MINECHEM LTD,538.00,545.00,531.10,532.85,531.80,537.35,,532.84,,,199250,107078338.50,7916,F1,1,,,,,
2026-09-23,2026-09-23,CM,NSE,STK,24403,INE365D01021,ASHIANA,EQ,,,,,ASHIANA HOUSING LTD,392.70,393.95,383.10,391.05,390.15,385.00,,391.06,,,67327,26160876.65,2225,F1,1,,,,,
2026-09-23,2026-09-23,CM,NSE,STK,762551,INE094B01013,ASHIKAG,BE,,,,,ASHIKA GLOBAL SEC LTD,397.05,409.95,395.10,403.85,405.00,397.05,,403.86,,,11362,4551393.65,86,F1,1,,,,,
2026-09-23,2026-09-23,CM,NSE,STK,206,INE440A01010,ASHIMASYN,EQ,,,,,ASHIMA LTD,16.00,16.32,15.55,15.81,15.97,15.68,,15.81,,,89060,1414884.06,341,F1,1,,,,,
2026-09-23,2026-09-23,CM,NSE,STK,212,INE208A01029,ASHOKLEY,EQ,,,,,ASHOK LEYLAND LTD,160.99,163.13,160.85,162.89,162.89,160.75,,162.89,,,4011012,651441966.07,34940,F1,1,,,,,
2026-09-23,2026-09-23,CM,NSE,STK,20182,INE442H01029,ASHOKA,EQ,,,,,ASHOKA BUILDCON LTD,111.50,113.09,111.30,112.80,112.93,111.96,,112.79,,,424088,47706803.10,4522,F1,1,,,,,
2026-09-23,2026-09-23,CM,NSE,STK,16943,INE760Y01011,ASHOKAMET,EQ,,,,,ASHOKA METCAST LIMITED,14.30,16.50,14.30,15.54,15.41,14.30,,15.54,,,325089,5161465.89,1103,F1,1,,,,,
2026-09-23,2026-09-23,CM,NSE,STK,765573,INE19FR01012,ASHUTOSH,SM,,,,,ASHUTOSH FIBRE LIMITED,153.35,168.35,152.75,161.45,160.55,150.10,,161.45,,,376800,60796980.00,283,F1,1200,,,,,
2026-09-23,2026-09-23,CM,NSE,STK,760418,INE1A6Q01010,ASHWINI,SM,,,,,ASHWINI CONTAINER MOVER L,158.00,160.95,158.00,160.95,160.95,160.00,,160.95,,,8000,1280800.00,6,F1,1000,,,,,
2026-09-23,2026-09-23,CM,NSE,STK,7030,INE276G01015,ASIANENE,EQ,,,,,ASIAN ENERGY SERVICES LTD,493.60,513.00,488.00,489.70,488.70,489.60,,489.70,,,308700,154434845.65,11158,F1,1,,,,,
2026-09-23,2026-09-23,CM,NSE,STK,14889,INE022I01019,ASIANTILES,EQ,,,,,ASIAN GRANITO IND. LTD.,50.15,52.22,49.61,51.16,51.00,50.09,,51.16,,,2932333,149088076.18,8341,F1,1,,,,,
2026-09-23,2026-09-23,CM,NSE,STK,19438,INE926K01017,AHLEAST,EQ,,,,,ASIAN HOTELS (EAST) LTD,137.85,138.98,135.35,136.36,136.25,135.13,,136.36,,,1584,217907.70,35,F1,1,,,,,
2026-09-23,2026-09-23,CM,NSE,STK,18422,INE363A01022,ASIANHOTNR,EQ,,,,,ASIAN HOTELS (NORTH) LTD,381.90,394.70,378.05,390.45,386.55,385.10,,390.45,,,28435,11072763.50,575,F1,1,,,,,
2026-09-23,2026-09-23,CM,NSE,STK,19370,INE915K01010,AHLWEST,BE,,,,,ASIAN HOTELS (WEST) LTD,522.25,551.00,522.20,530.00,530.00,545.00,,530.00,,,1952,1062124.75,20,F1,1,,,,,
2026-09-23,2026-09-23,CM,NSE,STK,236,INE021A01026,ASIANPAINT,EQ,,,,,ASIAN PAINTS LIMITED,2469.00,2471.90,2448.20,2455.00,2455.00,2448.50,,2454.98,,,398823,980566812.30,33351,F1,1,,,,,
2026-09-23,2026-09-23,CM,NSE,STK,762553,INE194D01017,ASTAR,EQ,,,,,ASIAN STAR CO. LTD.,702.45,733.95,692.10,708.95,698.35,702.45,,708.39,,,987,702899.30,163,F1,1,,,,,
2026-09-23,2026-09-23,CM,NSE,STK,765025,INE822B01017,ASIANTNE,EQ,,,,,ASIAN TEA & EXPORTS LTD.,10.08,10.08,9.21,9.24,9.24,9.38,,9.23,,,10680,99946.67,61,F1,1,,,,,
2026-09-23,2026-09-23,CM,NSE,STK,20152,INE491J01022,ASKAUTOLTD,EQ,,,,,ASK AUTOMOTIVE LIMITED,663.50,678.75,648.00,651.25,652.00,663.40,,651.25,,,327609,216669847.75,17444,F1,1,,,,,
2026-09-23,2026-09-23,CM,NSE,STK,17270,INE991I01015,ASPINWALL,EQ,,,,,ASPINWALL & CO LTD,253.30,262.00,248.75,255.55,257.00,252.35,,255.55,,,2515,647473.40,76,F1,1,,,,,
2026-09-23,2026-09-23,CM,NSE,STK,23396,INE0S7801010,ASPIRE,SM,,,,,ASPIRE & INNOVATIVE ADV L,13.50,13.90,13.25,13.30,13.30,13.25,,13.30,,,22000,301900.00,11,F1,2000,,,,,
2026-09-23,2026-09-23,CM,NSE,STK,765237,INE165G01010,ASSAMENT,EQ,,,,,ASSAM ENTRADE LIMITED,780.00,780.00,780.00,780.00,780.00,788.00,,780.00,,,2,1560.00,2,F1,1,,,,,
2026-09-23,2026-09-23,CM,NSE,STK,766072,INE148G01016,ARCIL,EQ,,,,,ASSET RECONSTRUC CO (I) L,139.95,152.80,138.74,149.76,148.70,138.91,,149.81,,,14251234,2095889199.55,137875,F1,1,,,,,
2026-09-23,2026-09-23,CM,NSE,STK,17598,INE073G01016,ASALCBR,EQ,,,,,ASSO ALCOHOLS & BREW LTD,651.80,662.85,650.00,657.90,659.50,651.80,,657.87,,,26870,17657642.20,2457,F1,1,,,,,
2026-09-23,2026-09-23,CM,NSE,STK,17728,INE563J01010,ASTEC,EQ,,,,,ASTEC LIFESCIENCES LTD,772.50,788.40,750.10,757.45,758.80,794.50,,757.45,,,335710,258664760.60,17438,F1,1,,,,,
2026-09-23,2026-09-23,CM,NSE,STK,1508,INE914M01019,ASTERDM,EQ,,,,,ASTER DM QUALITY CARE LTD,734.35,762.00,734.35,760.05,762.00,750.70,,760.08,,,882021,664117828.15,55326,F1,1,,,,,
2026-09-23,2026-09-23,CM,NSE,STK,11618,INE386C01029,ASTRAMICRO,EQ,,,,,ASTRA MICROWAVE LTD,1612.10,1638.20,1591.80,1602.10,1602.20,1616.30,,1602.07,,,206138,331913010.90,25015,F1,1,,,,,
2026-09-23,2026-09-23,CM,NSE,STK,14418,INE006I01046,ASTRAL,EQ,,,,,ASTRAL LIMITED,1388.90,1404.00,1383.00,1394.80,1394.80,1381.60,,1395.01,,,271088,378872919.70,19598,F1,1,,,,,
2026-09-23,2026-09-23,CM,NSE,STK,5610,INE203A01020,ASTRAZEN,EQ,,,,,ASTRAZENECA PHARMA IND LT,6708.00,6745.00,6656.00,6706.00,6707.00,6711.50,,6706.13,,,3764,25211310.50,1105,F1,1,,,,,
2026-09-23,2026-09-23,CM,NSE,STK,764445,INE646X01014,ASTRON,BZ,,,,,ASTRON PAPER BORD MIL LTD,2.85,2.98,2.85,2.97,2.98,2.84,,2.97,,,18215,53754.99,59,F1,1,,,,,
2026-09-23,2026-09-23,CM,NSE,STK,15649,INE0ALR01029,ATALREAL,EQ,,,,,ATAL REALTECH LIMITED,13.30,14.37,13.01,14.36,14.37,13.07,,14.36,,,8867970,123427340.15,4160,F1,1,,,,,
2026-09-23,2026-09-23,CM,NSE,STK,15404,INE09KD01013,ATAM,EQ,,,,,ATAM VALVES LIMITED,58.27,59.40,58.27,59.24,59.40,58.27,,59.24,,,8442,499207.86,215,F1,1,,,,,
2026-09-23,2026-09-23,CM,NSE,STK,756405,INE0V0Q01019,ATCENERGY,ST,,,,,ATC ENERGIES SYSTEM LTD,21.40,21.80,20.70,21.80,21.80,21.75,,21.80,,,8400,179400.00,7,F1,1200,,,,,
2026-09-23,2026-09-23,CM,NSE,STK,757645,INE0LEZ01016,ATHERENERG,EQ,,,,,ATHER ENERGY LIMITED,1544.00,1545.00,1483.70,1499.40,1499.40,1543.80,,1499.41,,,6687076,10019969522.00,198980,F1,1,,,,,
2026-09-23,2026-09-23,CM,NSE,STK,760953,IN90NN701011,ATLPP,E1,,,,,ATL RE.0.50 PPD UP,9.01,9.49,9.01,9.10,9.10,8.86,,9.12,,,4277,39446.18,25,F1,1,,,,,
2026-09-23,2026-09-23,CM,NSE,STK,759007,INE0Z4F01028,ATLANTAELE,EQ,,,,,ATLANTA ELECTRICALS LTD,1680.00,1707.00,1640.00,1656.30,1659.00,1664.90,,1656.31,,,78945,131324766.50,10588,F1,1,,,,,
2026-09-23,2026-09-23,CM,NSE,STK,13585,INE285H01022,ATLANTAA,EQ,,,,,ATLANTAA LIMITED,35.80,36.48,35.02,35.83,36.00,35.64,,35.83,,,23261,824677.93,447,F1,1,,,,,
2026-09-23,2026-09-23,CM,NSE,STK,4568,INE446A01025,ATLASCYCLE,EQ,,,,,ATLAS CYCLE (HARYANA) LTD,97.15,108.00,97.15,100.46,99.90,93.55,,100.46,,,239595,24665299.17,5011,F1,1,,,,,
2026-09-23,2026-09-23,CM,NSE,STK,22785,INE05DH01017,ATMASTCO,SM,,,,,ATMASTCO LIMITED,126.10,126.50,121.15,121.60,121.25,127.50,,121.60,,,67200,8234300.00,118,F1,400,,,,,
2026-09-23,2026-09-23,CM,NSE,STK,30023,INE951D01028,ATULAUTO,EQ,,,,,ATUL AUTO LIMITED,445.70,461.80,445.50,457.75,460.30,446.60,,457.78,,,96934,44187387.45,4010,F1,1,,,,,
2026-09-23,2026-09-23,CM,NSE,STK,263,INE100A01010,ATUL,EQ,,,,,ATUL LTD,6199.00,6199.00,6095.00,6118.00,6128.00,6176.50,,6118.05,,,13834,84728708.50,4178,F1,1,,,,,
2026-09-23,2026-09-23,CM,NSE,STK,21238,INE949L01017,AUBANK,EQ,,,,,AU SMALL FINANCE BANK LTD,1034.00,1055.80,1032.60,1053.00,1053.00,1036.40,,1053.00,,,1565213,1643565581.80,51068,F1,1,,,,,
2026-09-23,2026-09-23,CM,NSE,STK,765451,INE16W401027,AUGMONT,EQ,,,,,AUGMONT ENTERPRISES LTD,853.00,893.70,846.65,886.30,885.10,853.35,,886.34,,,631751,552862784.80,27926,F1,1,,,,,
2026-09-23,2026-09-23,CM,NSE,STK,12022,INE132H01018,AURIONPRO,EQ,,,,,AURIONPRO SOLN LTD,685.05,709.90,685.05,689.40,698.95,681.90,,689.40,,,126195,88082548.45,7087,F1,1,,,,,
2026-09-23,2026-09-23,CM,NSE,STK,15869,INE0NUL01018,AUROIMPEX,SM,,,,,AURO IMPEX & CHEMICALS L,39.00,39.00,39.00,39.00,39.00,37.15,,39.00,,,6400,249600.00,4,F1,1600,,,,,
2026-09-23,2026-09-23,CM,NSE,STK,275,INE406A01037,AUROPHARMA,EQ,,,,,AUROBINDO PHARMA LTD,1700.00,1724.70,1692.60,1721.50,1721.50,1700.00,,1721.51,,,951081,1625234344.40,50665,F1,1,,,,,
2026-09-23,2026-09-23,CM,NSE,STK,10310,INE898S01029,AURUM,EQ,,,,,AURUM PROPTECH LIMITED,223.80,225.00,220.00,223.19,221.99,222.04,,223.19,,,73019,16239677.80,2380,F1,1,,,,,
2026-09-23,2026-09-23,CM,NSE,STK,31468,INE142K01011,AURUS,EQ,,,,,AURUS GEM CORP LIMITED,4.91,5.00,4.50,4.67,4.68,4.89,,4.67,,,124303,582351.11,276,F1,1,,,,,
2026-09-23,2026-09-23,CM,NSE,STK,4037,INE218C01016,AUSOMENT,EQ,,,,,AUSOM ENTERPRISE LIMITED,147.23,150.00,145.01,147.63,145.01,147.23,,147.49,,,3667,537614.36,147,F1,1,,,,,
2026-09-23,2026-09-23,CM,NSE,STK,764608,INE759F01012,AUSTENG,EQ,,,,,AUSTIN ENGINEERING CO. L,174.80,178.00,163.15,164.19,164.40,162.85,,164.21,,,234205,40295924.44,3987,F1,1,,,,,
2026-09-23,2026-09-23,CM,NSE,STK,21451,INE0P0001010,APS,SM,,,,,AUSTRALIAN PREM SOLAR I L,235.85,243.00,232.10,235.70,235.00,235.85,,235.70,,,11250,2686250.00,39,F1,250,,,,,
2026-09-23,2026-09-23,CM,NSE,STK,23553,INE206F01022,AIIL,EQ,,,,,AUTHUM INVEST & INFRA LTD,545.50,564.80,544.15,561.45,562.60,546.90,,561.53,,,139672,77679339.05,8279,F1,1,,,,,
2026-09-23,2026-09-23,CM,NSE,STK,14106,INE718H01014,AUTOIND,EQ,,,,,AUTOLINE INDUSTRIES LTD,84.84,88.80,84.35,87.79,87.53,84.82,,87.78,,,296038,25722587.11,3587,F1,1,,,,,
2026-09-23,2026-09-23,CM,NSE,STK,764558,INE451C01013,ACGL,EQ,,,,,AUTOMOBILE CORPN OF GOA L,1728.50,1746.00,1725.00,1731.80,1731.00,1728.50,,1731.41,,,379,658151.70,70,F1,1,,,,,
2026-09-23,2026-09-23,CM,NSE,STK,278,INE449A01011,AUTOAXLES,EQ,,,,,AUTOMOTIVE AXLES LIMITED,1670.00,1687.90,1664.60,1682.00,1683.50,1664.40,,1681.45,,,2485,4173740.10,343,F1,1,,,,,
2026-09-23,2026-09-23,CM,NSE,STK,10634,INE900C01027,ASAL,EQ,,,,,AUTOMOTIVE STAMPINGS & AS,449.15,456.55,446.10,452.00,453.50,449.15,,452.01,,,13874,6256268.95,852,F1,1,,,,,
2026-09-23,2026-09-23,CM,NSE,STK,21406,INE349W01017,AVADHSUGAR,EQ,,,,,AVADH SUG & ENERGY LTD,732.00,751.00,725.10,730.80,732.10,732.80,,730.81,,,87245,64475651.10,4710,F1,1,,,,,
2026-09-23,2026-09-23,CM,NSE,STK,15058,INE0LCL01028,AVALON,EQ,,,,,AVALON TECHNOLOGIES LTD,2477.10,2488.80,2426.50,2445.60,2432.00,2468.50,,2445.61,,,165657,406577329.80,16878,F1,1,,,,,
2026-09-23,2026-09-23,CM,NSE,STK,760736,INE1KU201016,AVANA,ST,,,,,AVANA ELECTROSYSTEMS LTD,140.00,140.00,135.05,138.00,138.00,140.00,,138.00,,,12000,1653200.00,6,F1,2000,,,,,
2026-09-23,2026-09-23,CM,NSE,STK,765030,INE758A01072,AVANCE,EQ,,,,,AVANCE TECHNOLOGIES LTD.,0.87,0.88,0.82,0.83,0.84,0.86,,0.83,,,7204800,6061787.88,1607,F1,1,,,,,
2026-09-23,2026-09-23,CM,NSE,STK,24610,INE005B01027,AVANTEL,EQ,,,,,AVANTEL LIMITED,146.89,149.08,143.94,146.17,146.15,146.71,,146.17,,,729108,106796072.09,9067,F1,1,,,,,
2026-09-23,2026-09-23,CM,NSE,STK,7936,INE871C01038,AVANTIFEED,EQ,,,,,AVANTI FEEDS LIMITED,756.90,768.75,753.40,767.20,765.00,753.15,,767.19,,,214188,163693217.75,14115,F1,1,,,,,
2026-09-23,2026-09-23,CM,NSE,STK,19913,INE192R01011,DMART,EQ,,,,,AVENUE SUPERMARTS LIMITED,3776.80,3868.10,3755.10,3834.80,3834.80,3777.00,,3834.80,,,426919,1635824287.70,30937,F1,1,,,,,
2026-09-23,2026-09-23,CM,NSE,STK,16249,INE483S01020,CCAVENUE,EQ,,,,,AVENUESAI LIMITED,16.15,16.34,16.05,16.09,16.12,16.11,,16.09,,,8049310,129981305.90,10572,F1,1,,,,,
2026-09-23,2026-09-23,CM,NSE,STK,15638,INE680Z01018,AVG,BE,,,,,AVG LOGISTICS LIMITED,172.90,172.90,165.00,167.05,168.00,169.55,,167.33,,,6830,1132662.69,110,F1,1,,,,,
2026-09-23,2026-09-23,CM,NSE,STK,25520,INE0TFB01017,AVIANSH,SM,,,,,AVI ANSH TEXTILE LIMITED,102.00,102.00,100.00,100.00,100.00,100.50,,100.00,,,3000,302000.00,3,F1,1000,,,,,
2026-09-23,2026-09-23,CM,NSE,STK,755092,INE0V9I01017,AVIENCE,SM,,,,,AVIENCE BIOMEDICALS LTD,369.50,379.50,351.60,354.45,352.00,345.85,,354.45,,,102600,37574160.00,169,F1,600,,,,,
2026-09-23,2026-09-23,CM,NSE,STK,14064,INE855F01042,ASMS,EQ,,,,,AVIO SMART MRKT STACK LTD,6.68,6.68,6.42,6.47,6.45,6.61,,6.47,,,388816,2532776.62,961,F1,1,,,,,
2026-09-23,2026-09-23,CM,NSE,STK,13557,INE323B01024,AVONMORE,EQ,,,,,AVONMORE CAP&MGT SERV LTD,12.87,13.88,12.81,13.48,13.50,12.87,,13.48,,,375571,5060283.38,870,F1,1,,,,,
2026-09-23,2026-09-23,CM,NSE,STK,23159,INE0R9401019,AVPINFRA,SM,,,,,AVP INFRACON LIMITED,55.30,59.15,55.30,57.40,57.50,55.60,,57.40,,,116800,6679360.00,92,F1,800,,,,,
2026-09-23,2026-09-23,CM,NSE,STK,8827,INE652Z01025,AVROIND,EQ,,,,,AVRO INDIA LIMITED,7.29,7.39,7.02,7.13,7.18,7.24,,7.13,,,205089,1466515.15,824,F1,1,,,,,
2026-09-23,2026-09-23,CM,NSE,STK,14008,INE488D01021,AVTNPL,EQ,,,,,AVT NATURAL PRODUCTS LTD,100.00,102.00,95.80,96.88,97.20,98.26,,96.88,,,1064371,105142835.74,14084,F1,1,,,,,
2026-09-23,2026-09-23,CM,NSE,STK,23864,INE108V01019,AWFIS,EQ,,,,,AWFIS SPACE SOLUTIONS LTD,268.00,271.95,264.30,269.05,269.50,266.55,,269.05,,,505043,135249200.50,11670,F1,1,,,,,
2026-09-23,2026-09-23,CM,NSE,STK,8110,INE699H01024,AWL,EQ,,,,,AWL AGRI BUSINESS LIMITED,183.45,186.90,183.23,186.18,186.23,183.10,,186.18,,,1339573,248719665.91,19822,F1,1,,,,,
2026-09-23,2026-09-23,CM,NSE,STK,5900,INE238A01034,AXISBANK,EQ,,,,,AXIS BANK LIMITED,1242.20,1252.00,1238.90,1243.20,1243.20,1242.70,,1243.20,,,2287837,2850727053.20,64055,F1,1,,,,,
2026-09-23,2026-09-23,CM,NSE,STK,765499,INF846KA1598,ENERGYAXIS,EQ,,,,,AXISAMC - ENERGYAXIS,19.37,19.37,18.88,18.92,18.92,18.89,,18.95,,,19447,368013.91,72,F1,1,,,,,
2026-09-23,2026-09-23,CM,NSE,STK,1044,INF846K01X63,BNKETFAXIS,EQ,,,,,AXISAMC-BNKETFAXIS,581.68,584.85,581.67,584.85,584.85,580.18,,584.85,,,7242,4229718.80,68,F1,1,,,,,
2026-09-23,2026-09-23,CM,NSE,STK,5732,INF846K016C7,CONSUMAXIS,EQ,,,,,AXISAMC-CONSUMAXIS,118.49,119.10,118.35,118.44,118.35,118.47,,118.44,,,145,17221.15,20,F1,1,,,,,
2026-09-23,2026-09-23,CM,NSE,STK,20532,INF846K01W80,GOLDAXIS,EQ,,,,,AXISAMC-GOLDAXIS,125.85,126.35,125.51,125.69,125.74,125.84,,125.69,,,544295,68561814.46,1860,F1,1,,,,,
2026-09-23,2026-09-23,CM,NSE,STK,3608,INF846K01Z12,HEALTHAXIS,EQ,,,,,AXISAMC-HEALTHAXIS,170.32,175.00,170.32,173.88,175.00,171.22,,173.88,,,1915,328641.53,71,F1,1,,,,,
2026-09-23,2026-09-23,CM,NSE,STK,3010,INF846K01Y96,ITAXIS,EQ,,,,,AXISAMC-ITAXIS,318.85,322.00,311.37,313.65,312.37,315.69,,314.27,,,6530,2045298.81,92,F1,1,,,,,
2026-09-23,2026-09-23,CM,NSE,STK,21252,INF846K01W98,NIFTYAXIS,EQ,,,,,AXISAMC-NIFTYAXIS,252.86,260.50,252.86,260.08,260.50,259.35,,260.08,,,221852,57623259.68,248,F1,1,,,,,
2026-09-23,2026-09-23,CM,NSE,STK,14742,INF846K010Q0,SENSEXAXIS,EQ,,,,,AXISAMC-SENSEXAXIS,75.74,77.92,75.74,77.86,77.89,77.69,,77.86,,,3174,246271.54,50,F1,1,,,,,
2026-09-23,2026-09-23,CM,NSE,STK,11193,INF846K011K1,SILVERAXIS,EQ,,,,,AXISAMC-SILVERAXIS,231.91,232.42,228.70,229.19,228.82,229.33,,229.19,,,293036,67504374.15,2357,F1,1,,,,,
2026-09-23,2026-09-23,CM,NSE,STK,30155,INF846KA1119,VALUEAXIS,EQ,,,,,AXISAMC-VALUEAXIS,32.36,32.64,32.20,32.48,32.64,32.04,,32.48,,,34078,1104558.28,216,F1,1,,,,,
2026-09-23,2026-09-23,CM,NSE,STK,9436,INE555B01013,AXISCADES,EQ,,,,,AXISCADES TECH LTD,1905.00,1985.00,1900.00,1940.20,1938.00,1891.10,,1940.16,,,291136,567252819.00,26300,F1,1,,,,,
2026-09-23,2026-09-23,CM,NSE,STK,9902,INE02EZ01022,AXITA,EQ,,,,,AXITA COTTON LIMITED,8.01,8.06,7.99,8.00,8.01,7.99,,8.00,,,264291,2115610.20,405,F1,1,,,,,
2026-09-23,2026-09-23,CM,NSE,STK,764613,INE767C01012,AXTEL,EQ,,,,,AXTEL INDUSTRIES LTD.,434.20,457.70,434.00,450.35,449.50,439.15,,450.37,,,23425,10446370.60,443,F1,1,,,,,
2026-09-23,2026-09-23,CM,NSE,STK,760981,INE501X01029,AYE,EQ,,,,,AYE FINANCE LIMITED,184.70,188.90,179.29,180.66,182.00,183.43,,180.67,,,674407,124047375.31,11557,F1,1,,,,,
2026-09-23,2026-09-23,CM,NSE,STK,10285,INE193B01039,AYMSYNTEX,EQ,,,,,AYM SYNTEX LIMITED,290.00,308.00,288.05,292.80,292.00,295.40,,292.84,,,65117,19526951.75,2215,F1,1,,,,,
2026-09-23,2026-09-23,CM,NSE,STK,20905,INE02IJ01035,AZAD,EQ,,,,,AZAD ENGINEERING LIMITED,2776.20,2804.10,2700.10,2713.20,2711.90,2776.20,,2713.06,,,225494,617343308.10,22087,F1,1,,,,,
2026-09-23,2026-09-23,CM,NSE,STK,765035,INE566M01017,AZADIND,EQ,,,,,AZAD INDIA MOBILITY LTD.,80.98,81.00,79.29,80.93,81.00,78.44,,80.89,,,29970,2399126.43,361,F1,1,,,,,
2026-09-23,2026-09-23,CM,NSE,STK,12153,INE01EE01011,BBTCL,EQ,,,,,B&B TRIPLEWALL CONT LTD,234.70,236.77,227.70,231.30,231.00,234.00,,231.30,,,3777,872886.28,243,F1,1,,,,,
2026-09-23,2026-09-23,CM,NSE,STK,11226,INE116D01028,BAGFILMS,EQ,,,,,B.A.G FILMS AND MEDIA LTD,4.43,4.43,4.25,4.34,4.35,4.31,,4.35,,,102573,442806.45,272,F1,1,,,,,
2026-09-23,2026-09-23,CM,NSE,STK,759420,INE17CQ01015,BAGDIGITAL,SM,,,,,B.A.G.CONVERGENCE LIMITED,101.80,105.00,101.75,105.00,105.00,105.80,,105.00,,,17600,1818720.00,11,F1,1600,,,,,
2026-09-23,2026-09-23,CM,NSE,STK,13290,INE350H01032,BLKASHYAP,EQ,,,,,B.L.KASHYAP & SON LTD,51.90,54.68,51.85,53.97,53.71,51.53,,53.97,,,716221,38550017.53,3552,F1,1,,,,,
2026-09-23,2026-09-23,CM,NSE,STK,25114,INE01FR01028,STYLEBAAZA,EQ,,,,,BAAZAR STYLE RETAIL LTD,367.30,385.20,363.10,378.05,377.00,375.05,,378.03,,,1367688,510048157.10,17041,F1,1,,,,,
2026-09-23,2026-09-23,CM,NSE,STK,20141,INE0QW501012,BABAFP,SM,,,,,BABA FOOD PROCESSING,21.05,23.70,21.00,23.70,23.70,21.65,,23.70,,,11200,254240.00,7,F1,1600,,,,,
2026-09-23,2026-09-23,CM,NSE,STK,17735,INE878I01022,BAFNAPH,BE,,,,,BAFNA PHARMACEUTICALS LTD,336.50,336.50,336.50,336.50,336.50,329.95,,342.20,,,579,194833.50,10,F1,1,,,,,
2026-09-23,2026-09-23,CM,NSE,STK,763363,INE2OVN25015,BAGMANE,RR,,,,,BAGMANE PRIME OFFICE REIT,110.94,110.94,110.05,110.29,110.30,110.39,,110.29,,,525465,58006216.20,6794,F1,1,,,,,
2026-09-23,2026-09-23,CM,NSE,STK,12989,INE029Q01017,BAHETI,SM,,,,,BAHETI RECYCLING IND LTD,765.00,775.00,760.00,761.25,760.00,765.00,,761.25,,,18375,14074050.00,39,F1,375,,,,,
2026-09-23,2026-09-23,CM,NSE,STK,13794,INE020D01022,BAIDFIN,EQ,,,,,BAID FINSERV LIMITED,10.44,10.83,10.41,10.55,10.60,10.55,,10.55,,,45319,477823.55,239,F1,1,,,,,
2026-09-23,2026-09-23,CM,NSE,STK,16669,INE917I01010,BAJAJ-AUTO,EQ,,,,,BAJAJ AUTO LIMITED,11363.00,11425.00,11293.00,11400.00,11400.00,11363.00,,11399.97,,,158704,1802608827.00,16705,F1,1,,,,,
2026-09-23,2026-09-23,CM,NSE,STK,19531,INE933K01021,BAJAJCON,EQ,,,,,BAJAJ CONSUMER CARE LTD,514.00,516.00,502.60,505.85,506.00,513.75,,505.84,,,599193,303634527.50,25871,F1,1,,,,,
2026-09-23,2026-09-23,CM,NSE,STK,15034,INE193E01025,BAJAJELEC,EQ,,,,,BAJAJ ELECT.LTD,323.05,331.50,323.00,329.40,330.15,323.45,,329.40,,,91278,29941192.90,3097,F1,1,,,,,
2026-09-23,2026-09-23,CM,NSE,STK,317,INE296A01032,BAJFINANCE,EQ,,,,,BAJAJ FINANCE LIMITED,1034.70,1043.20,1022.00,1043.20,1043.20,1008.80,,1043.17,,,8618523,8910239923.60,189164,F1,1,,,,,
2026-09-23,2026-09-23,CM,NSE,STK,16675,INE918I01026,BAJAJFINSV,EQ,,,,,BAJAJ FINSERV LTD.,1825.00,1864.80,1825.00,1846.50,1846.50,1823.40,,1846.50,,,746622,1381590759.90,37659,F1,1,,,,,
2026-09-23,2026-09-23,CM,NSE,STK,6863,INE411U01027,BAJAJHCARE,EQ,,,,,BAJAJ HEALTHCARE LIMITED,337.00,357.00,337.00,352.70,352.55,336.10,,352.71,,,438116,153732539.30,14032,F1,1,,,,,
2026-09-23,2026-09-23,CM,NSE,STK,308,INE306A01021,BAJAJHIND,EQ,,,,,BAJAJ HINDUSTHAN SUGAR LT,20.21,20.92,20.00,20.52,20.58,20.29,,20.52,,,12484841,257113369.99,17704,F1,1,,,,,
2026-09-23,2026-09-23,CM,NSE,STK,305,INE118A01012,BAJAJHLDNG,EQ,,,,,BAJAJ HOLDINGS & INVS LTD,11267.00,11449.00,11195.00,11449.00,11449.00,11185.00,,11446.63,,,23489,266433839.00,7563,F1,1,,,,,
2026-09-23,2026-09-23,CM,NSE,STK,25270,INE377Y01014,BAJAJHFL,EQ,,,,,BAJAJ HOUSING FINANCE LTD,83.12,84.28,83.12,83.52,83.53,83.12,,83.52,,,2176881,182141622.66,16622,F1,1,,,,,
2026-09-23,2026-09-23,CM,NSE,STK,762563,INE704G01024,BAJAJST,EQ,,,,,BAJAJ STEEL INDS. LTD.,354.60,354.60,347.10,349.80,352.00,348.05,,349.72,,,3742,1310296.35,290,F1,1,,,,,
2026-09-23,2026-09-23,CM,NSE,STK,20531,INE0KQN01018,BAJEL,EQ,,,,,BAJEL PROJECTS LIMITED,172.50,174.98,171.00,174.06,174.56,172.47,,174.06,,,68789,11915659.90,2125,F1,1,,,,,
2026-09-23,2026-09-23,CM,NSE,STK,13441,INE083D01012,BALPHARMA,EQ,,,,,BAL PHARMA LTD.,108.52,111.58,107.10,108.28,108.10,108.16,,108.23,,,36829,4021074.28,815,F1,1,,,,,
2026-09-23,2026-09-23,CM,NSE,STK,14501,INE050E01027,BALAMINES,EQ,,,,,BALAJI AMINES LIMITED,2154.80,2280.20,2145.00,2271.20,2280.00,2138.90,,2271.14,,,252681,564737006.40,25533,F1,1,,,,,
2026-09-23,2026-09-23,CM,NSE,STK,30030,INE0PQ601019,BALAJIPHOS,SM,,,,,BALAJI PHOSPHATES LIMITED,112.60,112.60,112.60,112.60,112.60,112.05,,112.60,,,1000,112600.00,1,F1,1000,,,,,
2026-09-23,2026-09-23,CM,NSE,STK,9158,INE794B01026,BALAJITELE,EQ,,,,,BALAJI TELEFILMS LIMITED.,94.45,96.72,93.65,94.18,93.77,93.71,,94.18,,,74370,7043689.52,1697,F1,1,,,,,
2026-09-23,2026-09-23,CM,NSE,STK,11309,INE618N01022,BALAXI,EQ,,,,,BALAXI PHARMA LTD,23.12,23.58,22.42,22.94,22.70,23.12,,22.94,,,81169,1857050.52,494,F1,1,,,,,
2026-09-23,2026-09-23,CM,NSE,STK,335,INE787D01026,BALKRISIND,EQ,,,,,BALKRISHNA IND. LTD,2205.00,2225.90,2190.00,2199.60,2196.90,2216.90,,2199.59,,,93043,205419085.10,12519,F1,1,,,,,
2026-09-23,2026-09-23,CM,NSE,STK,10181,INE875R01011,BALKRISHNA,EQ,,,,,BALKRISHNA PAPER MILLS L,16.41,16.55,16.01,16.15,16.01,16.41,,16.16,,,4520,73294.98,64,F1,1,,,,,
2026-09-23,2026-09-23,CM,NSE,STK,338,INE164A01016,BALMLAWRIE,EQ,,,,,BALMER LAWRIE & CO LTD,167.20,168.00,166.61,167.43,167.10,167.43,,167.43,,,46338,7753117.98,976,F1,1,,,,,
2026-09-23,2026-09-23,CM,NSE,STK,762603,INE525F01025,BLIL,EQ,,,,,BALMER LAWRIE INVSTS. L,67.48,67.48,67.01,67.28,67.20,67.35,,67.26,,,37398,2514029.85,1234,F1,1,,,,,
2026-09-23,2026-09-23,CM,NSE,STK,341,INE119A01028,BALRAMCHIN,EQ,,,,,BALRAMPUR CHINI MILLS LTD,661.05,682.90,658.85,676.40,677.20,661.05,,676.43,,,1023714,693238857.55,27064,F1,1,,,,,
2026-09-23,2026-09-23,CM,NSE,STK,23607,INE011E01029,BALUFORGE,EQ,,,,,BALU FORGE INDUSTRIES LTD,509.60,512.40,502.00,506.25,507.50,505.25,,506.26,,,631352,320265722.45,11112,F1,1,,,,,
2026-09-23,2026-09-23,CM,NSE,STK,347,INE655B01011,BANARBEADS,EQ,,,,,BANARAS BEADS LTD,113.50,118.00,112.80,113.28,113.99,111.28,,113.28,,,1110,126122.15,40,F1,1,,,,,
2026-09-23,2026-09-23,CM,NSE,STK,13880,INE213C01025,BANCOINDIA,EQ,,,,,BANCO PRODUCTS (I) LTD,612.00,618.20,607.30,611.75,613.00,605.65,,611.75,,,59280,36352387.20,5700,F1,1,,,,,
2026-09-23,2026-09-23,CM,NSE,STK,2263,INE545U01014,BANDHANBNK,EQ,,,,,BANDHAN BANK LIMITED,185.95,193.00,185.70,191.38,191.38,184.70,,191.37,,,41844761,7965124689.52,140391,F1,1,,,,,
2026-09-23,2026-09-23,CM,NSE,STK,760325,INF194KB1KJ7,GOLDBND,EQ,,,,,BANDHANAMC - GOLDBND,151.05,152.37,150.67,150.95,151.05,151.21,,150.95,,,7955,1201870.17,93,F1,1,,,,,
2026-09-23,2026-09-23,CM,NSE,STK,18783,INF194KA1U07,IDFNIFTYET,EQ,,,,,BANDHANAMC - IDFNIFTYET,258.98,259.94,258.07,259.52,259.52,259.13,,259.52,,,2669,690868.11,29,F1,1,,,,,
2026-09-23,2026-09-23,CM,NSE,STK,760328,INF194KB1KI9,SILVERBND,EQ,,,,,BANDHANAMC - SILVERBND,234.54,234.54,230.42,231.23,231.21,231.26,,231.23,,,11083,2569524.14,136,F1,1,,,,,
2026-09-23,2026-09-23,CM,NSE,STK,15303,INE863I01016,BANG,EQ,,,,,BANG OVERSEAS LTD.,32.60,32.80,31.57,31.78,32.11,32.46,,31.76,,,37947,1210947.31,376,F1,1,,,,,
2026-09-23,2026-09-23,CM,NSE,STK,4668,INE028A01039,BANKBARODA,EQ,,,,,BANK OF BARODA,233.20,237.70,233.20,236.87,236.87,234.35,,236.88,,,5657358,1336501174.88,41680,F1,1,,,,,
2026-09-23,2026-09-23,CM,NSE,STK,4745,INE084A01016,BANKINDIA,EQ,,,,,BANK OF INDIA,137.74,139.74,137.50,139.65,139.65,137.01,,139.64,,,3463585,481348884.55,26752,F1,1,,,,,
2026-09-23,2026-09-23,CM,NSE,STK,11377,INE457A01014,MAHABANK,EQ,,,,,BANK OF MAHARASHTRA,82.65,84.70,82.32,84.11,84.11,82.40,,84.09,,,12282011,1029821768.32,51047,F1,1,,,,,
2026-09-23,2026-09-23,CM,NSE,STK,822,INE862Y01015,BANKA,EQ,,,,,BANKA BIOLOO LIMITED,76.50,76.50,76.20,76.50,76.50,76.14,,76.50,,,695,53164.50,9,F1,1,,,,,
2026-09-23,2026-09-23,CM,NSE,STK,12037,INE186H01022,BASML,BE,,,,,BANNARI AM SPIN MILL LTD.,24.97,25.45,24.50,25.04,25.24,24.73,,24.99,,,24956,621994.90,90,F1,1,,,,,
2026-09-23,2026-09-23,CM,NSE,STK,350,INE459A01010,BANARISUG,EQ,,,,,BANNARI AMMAN SUGARS LTD,3333.00,3400.00,3331.60,3342.80,3333.10,3322.80,,3342.97,,,263,887126.80,119,F1,1,,,,,
2026-09-23,2026-09-23,CM,NSE,STK,24386,INE0B9K01025,BANSALWIRE,EQ,,,,,BANSAL WIRE INDUSTRIES L,315.25,324.00,312.50,315.90,316.05,315.25,,315.89,,,203102,64222301.20,3907,F1,1,,,,,
2026-09-23,2026-09-23,CM,NSE,STK,14511,INE629D01020,BANSWRAS,EQ,,,,,BANSWARA SYNTEX LIMITED,115.21,115.21,110.62,111.28,111.00,113.33,,111.28,,,35341,3957326.10,578,F1,1,,,,,
2026-09-23,2026-09-23,CM,NSE,STK,15073,INE139I01011,BVCL,EQ,,,,,BARAK VALLEY CEM. LTD.,41.97,42.43,41.60,42.12,42.15,41.57,,42.12,,,10537,442752.60,174,F1,1,,,,,
2026-09-23,2026-09-23,CM,NSE,STK,29176,INE0QX401014,BARFLEX,SM,,,,,BARFLEX POLYFILMS LIMITED,60.00,60.00,59.95,60.00,60.00,60.00,,60.00,,,10000,599900.00,4,F1,2000,,,,,
2026-09-23,2026-09-23,CM,NSE,STK,24117,INF251K01TL6,BBNPNBETF,EQ,,,,,BARODABNP - BBNPNBETF,57.08,57.26,56.90,57.19,57.19,56.52,,57.19,,,2734,155617.34,16,F1,1,,,,,
2026-09-23,2026-09-23,CM,NSE,STK,20547,INF251K01SU9,BBNPPGOLD,EQ,,,,,BARODABNP - BBNPPGOLD,147.30,149.30,146.00,146.40,146.40,146.60,,146.40,,,670,98231.35,45,F1,1,,,,,
2026-09-23,2026-09-23,CM,NSE,STK,368,INE373A01013,BASF,EQ,,,,,BASF INDIA LTD,3581.00,3626.40,3570.00,3580.40,3583.70,3572.20,,3580.36,,,12952,46548548.20,2509,F1,1,,,,,
2026-09-23,2026-09-23,CM,NSE,STK,18442,INE0OCC01013,BASILIC,SM,,,,,BASILIC FLY STUDIO LTD,175.00,175.00,168.10,172.50,173.00,172.30,,172.50,,,17700,3023730.00,55,F1,300,,,,,
2026-09-23,2026-09-23,CM,NSE,STK,371,INE176A01028,BATAINDIA,EQ,,,,,BATA INDIA LTD,631.75,644.00,631.75,637.20,639.35,631.75,,637.19,,,117043,74624754.70,6398,F1,1,,,,,
2026-09-23,2026-09-23,CM,NSE,STK,762568,INE177C01022,BATLIBOI,EQ,,,,,BATLIBOI LTD.,83.06,85.95,82.41,84.28,84.99,82.96,,84.27,,,17309,1448510.94,484,F1,1,,,,,
2026-09-23,2026-09-23,CM,NSE,STK,22571,INE0JFJ01011,BAWEJA,SM,,,,,BAWEJA STUDIOS LIMITED,24.90,26.25,24.00,25.90,25.90,24.30,,25.90,,,28000,683680.00,13,F1,800,,,,,
2026-09-23,2026-09-23,CM,NSE,STK,17927,INE462A01022,BAYERCROP,EQ,,,,,BAYER CROPSCIENCE LTD,3775.00,3787.10,3733.00,3762.60,3774.70,3765.80,,3762.47,,,92860,350494936.30,9600,F1,1,,,,,
2026-09-23,2026-09-23,CM,NSE,STK,2513,INE412G01024,BCLIND,EQ,,,,,BCL INDUSTRIES LIMITED,33.58,34.84,32.70,34.14,34.35,33.48,,34.14,,,1248255,42585506.34,5846,F1,1,,,,,
2026-09-23,2026-09-23,CM,NSE,STK,761494,INE00SW01015,BCPL,EQ,,,,,BCPL RAILWAY INFRA LTD,68.97,70.58,68.97,69.47,69.03,69.31,,69.50,,,5970,414215.25,161,F1,1,,,,,
2026-09-23,2026-09-23,CM,NSE,STK,23922,INE639X01027,BEACON,SM,,,,,BEACON TRUSTEESHIP LTD,86.00,87.90,86.00,87.15,87.30,83.75,,87.15,,,14000,1223050.00,13,F1,1000,,,,,
2026-09-23,2026-09-23,CM,NSE,STK,17933,INE520H01022,BEARDSELL,EQ,,,,,BEARDSELL LIMITED,24.99,24.99,24.21,24.75,24.75,24.41,,24.75,,,11349,281383.96,110,F1,1,,,,,
2026-09-23,2026-09-23,CM,NSE,STK,20196,INE844K01012,BEDMUTHA,EQ,,,,,BEDMUTHA INDUST LTD,102.00,105.00,100.50,104.89,104.89,102.57,,104.89,,,5964,608525.70,73,F1,1,,,,,
2026-09-23,2026-09-23,CM,NSE,STK,762573,INE213D01015,BEEKAY,EQ,,,,,BEEKAY STEEL INDS. LTD.,422.30,430.45,417.00,423.25,419.10,420.80,,426.57,,,1077,451669.20,118,F1,1,,,,,
2026-09-23,2026-09-23,CM,NSE,STK,765291,INE1EEM01017,BLEL,EQ,,,,,BEHARI LAL ENGINEERING L,473.80,476.00,463.55,469.60,470.10,469.05,,469.60,,,625105,294019163.00,20151,F1,1,,,,,
2026-09-23,2026-09-23,CM,NSE,STK,757938,INE344T01014,BELLACASA,EQ,,,,,BELLA CASA FASH AND RET L,280.69,285.00,273.99,284.12,284.01,279.30,,284.09,,,25599,7205532.29,1470,F1,1,,,,,
2026-09-23,2026-09-23,CM,NSE,STK,757102,INE894V01022,BELRISE,EQ,,,,,BELRISE INDUSTRIES LTD,246.90,250.90,246.75,249.78,250.00,244.74,,249.77,,,2848133,708994629.16,40067,F1,1,,,,,
2026-09-23,2026-09-23,CM,NSE,STK,15067,INE0N7W01012,BLAL,EQ,,,,,BEML LAND ASSETS LIMITED,164.24,166.70,163.05,165.33,163.95,164.24,,165.33,,,11378,1870130.68,338,F1,1,,,,,
2026-09-23,2026-09-23,CM,NSE,STK,395,INE258A01024,BEML,EQ,,,,,BEML LIMITED,2105.10,2134.00,2086.00,2095.40,2095.00,2096.80,,2095.21,,,204095,430307743.20,15980,F1,1,,,,,
2026-09-23,2026-09-23,CM,NSE,STK,764618,INE664D01019,BENARAS,EQ,,,,,BENARES HOTELS LTD.,10300.00,10625.00,10300.00,10470.00,10351.00,10254.00,,10499.65,,,59,618508.00,22,F1,1,,,,,
2026-09-23,2026-09-23,CM,NSE,STK,762578,INE083K01017,BENGALASM,EQ,,,,,BENGAL & ASSAM CO. LTD.,6142.00,6224.50,6140.00,6182.50,6180.50,6173.50,,6186.43,,,138,853682.50,87,F1,1,,,,,
2026-09-23,2026-09-23,CM,NSE,STK,404,INE463A01038,BERGEPAINT,EQ,,,,,BERGER PAINTS (I) LTD,459.70,462.00,455.30,459.75,458.50,452.60,,459.74,,,320195,147172804.40,18094,F1,1,,,,,
2026-09-23,2026-09-23,CM,NSE,STK,2306,INE052T01021,BESTAGRO,EQ,,,,,BEST AGROLIFE LIMITED,18.35,18.93,18.35,18.59,18.50,18.34,,18.59,,,530764,9871501.74,1683,F1,1,,,,,
2026-09-23,2026-09-23,CM,NSE,STK,759842,INE351Y01019,BETA,EQ,,,,,BETA DRUGS LIMITED,2121.00,2233.90,2105.00,2187.80,2188.00,2105.00,,2187.80,,,29966,65531084.30,4141,F1,1,,,,,
2026-09-23,2026-09-23,CM,NSE,STK,5662,INE0HQI01014,BEWLTD,SM,,,,,BEW ENGINEERING LIMITED,65.35,73.60,64.85,72.90,73.60,61.35,,72.90,,,172000,11943975.00,234,F1,500,,,,,
2026-09-23,2026-09-23,CM,NSE,STK,21113,INE878K01010,BFINVEST,EQ,,,,,BF INVESTMENT LIMITED,447.45,449.50,442.20,446.70,449.00,443.75,,446.70,,,10556,4706142.75,842,F1,1,,,,,
2026-09-23,2026-09-23,CM,NSE,STK,14567,INE243D01012,BFUTILITIE,EQ,,,,,BF UTILITIES LIMITED,528.00,537.45,521.85,530.50,530.00,527.45,,530.50,,,34192,18180869.60,1636,F1,1,,,,,
2026-09-23,2026-09-23,CM,NSE,STK,764183,INF0QA701CI0,BANK10BETF,EQ,,,,,BFAM - BANK10BETF,20.52,20.55,20.45,20.46,20.46,20.50,,20.46,,,12037,246589.59,25,F1,1,,,,,
2026-09-23,2026-09-23,CM,NSE,STK,21986,INF0QA701714,BANKBETF,EQ,,,,,BFAM - BANKBETF,57.27,57.71,57.23,57.64,57.65,57.20,,57.64,,,5950,342670.14,490,F1,1,,,,,
2026-09-23,2026-09-23,CM,NSE,STK,23915,INF0QA701854,LIQUIDBETF,EQ,,,,,BFAM - LIQUIDBETF,1099.92,1099.92,1099.90,1099.90,1099.91,1099.77,,1099.90,,,198382,218203822.58,84,F1,1,,,,,
2026-09-23,2026-09-23,CM,NSE,STK,21959,INF0QA701722,NIFTYBETF,EQ,,,,,BFAM - NIFTYBETF,241.57,242.00,240.37,241.75,240.81,240.60,,241.74,,,3850,929331.45,87,F1,1,,,,,
2026-09-23,2026-09-23,CM,NSE,STK,15193,INE661I01014,BGRENERGY,BE,,,,,BGR ENERGY SYSTEMS LTD,272.00,272.00,257.99,260.60,260.80,271.56,,260.68,,,54104,14142799.07,601,F1,1,,,,,
2026-09-23,2026-09-23,CM,NSE,STK,758228,INE0ZRC01017,BHADORA,ST,,,,,BHADORA INDUSTRIES LTD,129.00,131.90,125.50,127.00,127.00,127.20,,127.00,,,43200,5589120.00,33,F1,1200,,,,,
2026-09-23,2026-09-23,CM,NSE,STK,13400,INE354C01027,BHAGERIA,EQ,,,,,BHAGERIA INDUSTRIES LTD,352.00,356.00,341.40,351.75,348.70,345.25,,351.47,,,147240,51537450.25,2428,F1,1,,,,,
2026-09-23,2026-09-23,CM,NSE,STK,6164,INE414D01027,BHAGCHEM,EQ,,,,,BHAGIRADHA CHEM & INDS L,243.50,249.65,242.55,247.00,247.00,243.85,,247.00,,,91103,22512980.40,1308,F1,1,,,,,
2026-09-23,2026-09-23,CM,NSE,STK,20776,INE458B01036,BHAGYANGR,EQ,,,,,BHAGYANAGAR INDIA LIMITED,430.05,447.35,426.05,444.65,447.35,426.05,,444.67,,,147276,64580919.65,5773,F1,1,,,,,
2026-09-23,2026-09-23,CM,NSE,STK,19556,INE474E01029,BHANDARI,EQ,,,,,BHANDARI HOSIERY EXP LTD,2.93,2.99,2.93,2.95,2.95,2.96,,2.94,,,90463,267574.77,236,F1,1,,,,,
2026-09-23,2026-09-23,CM,NSE,STK,419,INE922A01025,BEPL,EQ,,,,,BHANSALI ENG. POLYMERS LT,130.78,132.15,129.50,130.49,130.80,130.23,,130.49,,,778846,101712656.30,9560,F1,1,,,,,
2026-09-23,2026-09-23,CM,NSE,STK,13761,INE464A01036,BBL,EQ,,,,,BHARAT BIJLEE LTD,2224.90,2258.80,2215.20,2231.10,2234.00,2220.40,,2232.10,,,16265,36356091.10,3222,F1,1,,,,,
2026-09-23,2026-09-23,CM,NSE,STK,760726,INE05XR01022,BHARATCOAL,EQ,,,,,BHARAT COKING COAL LTD,32.34,32.80,32.31,32.62,32.65,32.24,,32.62,,,3495396,113903591.23,12487,F1,1,,,,,
2026-09-23,2026-09-23,CM,NSE,STK,2144,INE171Z01026,BDL,EQ,,,,,BHARAT DYNAMICS LIMITED,1167.50,1183.00,1157.30,1161.00,1161.00,1168.00,,1161.03,,,648782,757054417.00,21892,F1,1,,,,,
2026-09-23,2026-09-23,CM,NSE,STK,383,INE263A01024,BEL,EQ,,,,,BHARAT ELECTRONICS LTD,397.90,399.50,395.60,396.05,396.05,397.90,,396.07,,,6731863,2678699168.80,68383,F1,1,,,,,
2026-09-23,2026-09-23,CM,NSE,STK,422,INE465A01025,BHARATFORG,EQ,,,,,BHARAT FORGE LTD,2010.00,2016.00,1982.50,2004.00,2004.00,2009.00,,2003.99,,,759299,1518971946.00,34319,F1,1,,,,,
2026-09-23,2026-09-23,CM,NSE,STK,9397,INE561C01019,BHARATGEAR,BE,,,,,BHARAT GEARS LTD,100.40,101.65,99.67,101.42,101.25,100.40,,101.42,,,11417,1150665.56,114,F1,1,,,,,
2026-09-23,2026-09-23,CM,NSE,STK,764623,INE365Y01019,BPLPHARMA,EQ,,,,,BHARAT PARENTERALS LTD.,1549.80,1560.30,1511.00,1545.50,1550.00,1531.70,,1542.73,,,2199,3403268.80,167,F1,1,,,,,
2026-09-23,2026-09-23,CM,NSE,STK,526,INE029A01011,BPCL,EQ,,,,,BHARAT PETROLEUM CORP  LT,314.65,315.90,312.55,315.75,315.75,313.60,,315.74,,,2065484,650173667.25,19394,F1,1,,,,,
2026-09-23,2026-09-23,CM,NSE,STK,3834,INE838B01021,BHARATRAS,EQ,,,,,BHARAT RASAYAN LTD,1129.40,1147.90,1125.80,1134.00,1128.20,1129.40,,1133.99,,,7663,8708019.20,1111,F1,1,,,,,
2026-09-23,2026-09-23,CM,NSE,STK,21683,INE727S01012,BRNL,EQ,,,,,BHARAT ROAD NETWORK LTD,16.67,17.41,16.13,16.66,16.90,16.67,,16.66,,,61714,1027101.63,363,F1,1,,,,,
2026-09-23,2026-09-23,CM,NSE,STK,30244,INE415D01024,BHARATSE,EQ,,,,,BHARAT SEATS LIMITED,219.86,222.59,218.60,220.05,219.51,219.86,,220.06,,,78657,17333138.31,3288,F1,1,,,,,
2026-09-23,2026-09-23,CM,NSE,STK,16123,INE316L01019,BHARATWIRE,EQ,,,,,BHARAT WIRE ROPES LTD.,167.89,173.20,167.89,170.10,170.59,167.89,,170.10,,,109975,18808163.29,2426,F1,1,,,,,
2026-09-23,2026-09-23,CM,NSE,STK,10604,INE397D01024,BHARTIARTL,EQ,,,,,BHARTI AIRTEL LIMITED,1818.10,1836.70,1818.00,1833.20,1833.20,1817.20,,1833.20,,,3698253,6761279491.20,101538,F1,1,,,,,
2026-09-23,2026-09-23,CM,NSE,STK,23489,INE343G01021,BHARTIHEXA,EQ,,,,,BHARTI HEXACOM LIMITED,1527.80,1549.00,1521.60,1525.20,1526.10,1534.30,,1525.22,,,69109,105830287.60,17641,F1,1,,,,,
2026-09-23,2026-09-23,CM,NSE,STK,7848,INE828A01016,BIL,EQ,,,,,BHARTIYA INTERNATIONAL,1055.90,1060.00,1031.00,1034.95,1033.00,1050.50,,1034.96,,,4569,4760615.20,527,F1,1,,,,,
2026-09-23,2026-09-23,CM,NSE,STK,438,INE257A01026,BHEL,EQ,,,,,BHEL,427.25,430.00,419.05,423.10,423.10,425.80,,423.10,,,5244031,2213581975.60,58370,F1,1,,,,,
2026-09-23,2026-09-23,CM,NSE,STK,762621,INE274K01012,BTTL,BE,,,,,BHILWARA TECHNICAL TEXT L,39.31,40.44,39.31,40.00,40.00,39.50,,40.00,,,4609,184353.03,15,F1,1,,,,,
2026-09-23,2026-09-23,CM,NSE,STK,18431,INE412U01025,BIGBLOC,EQ,,,,,BIGBLOC CONSTRUCTION LTD,40.75,40.96,39.45,39.97,40.50,40.40,,39.96,,,62239,2483810.28,630,F1,1,,,,,
2026-09-23,2026-09-23,CM,NSE,STK,11966,INE00E101023,BIKAJI,EQ,,,,,BIKAJI FOODS INTERN LTD,554.05,607.50,553.50,591.10,593.00,553.65,,591.09,,,4379438,2609220544.70,118896,F1,1,,,,,
2026-09-23,2026-09-23,CM,NSE,STK,25527,INE0SQH01013,BIKEWO,ST,,,,,BIKEWO GREEN TECH LIMITED,125.30,125.30,125.30,125.30,125.30,127.85,,125.30,,,44000,5513200.00,17,F1,2000,,,,,
2026-09-23,2026-09-23,CM,NSE,STK,13622,INE071A01013,BILVYAPAR,BE,,,,,BIL VYAPAR LIMITED,4.29,4.34,4.13,4.29,4.29,4.23,,4.29,,,4423,18627.08,16,F1,1,,,,,
2026-09-23,2026-09-23,CM,NSE,STK,762586,INE986A01012,BI,BE,,,,,BILCARE LTD.,107.00,107.01,104.86,104.86,104.86,107.00,,108.69,,,5725,603887.67,45,F1,1,,,,,
2026-09-23,2026-09-23,CM,NSE,STK,759806,INE0HOQ01053,GROWW,EQ,,,,,BILLIONBRAINS GARAGE VN L,189.18,190.44,188.00,188.63,188.69,189.18,,188.63,,,12891618,2434734935.83,68822,F1,1,,,,,
2026-09-23,2026-09-23,CM,NSE,STK,762588,INE469A01019,BIMETAL,EQ,,,,,BIMETAL BEARINGS LTD.,661.00,665.00,645.20,660.65,662.15,661.45,,660.58,,,228,150573.85,29,F1,1,,,,,
2026-09-23,2026-09-23,CM,NSE,STK,763598,INE1BKA01015,BMLL,SM,,,,,BIO MEDICA LABORATORIES L,162.90,166.00,162.90,165.95,165.95,160.50,,165.95,,,6000,986850.00,6,F1,1000,,,,,
2026-09-23,2026-09-23,CM,NSE,STK,11373,INE376G01013,BIOCON,EQ,,,,,BIOCON LIMITED.,389.00,397.20,388.60,395.00,395.00,390.00,,394.98,,,2665586,1051763668.05,34056,F1,1,,,,,
2026-09-23,2026-09-23,CM,NSE,STK,4136,INE829A01014,BIOFILCHEM,EQ,,,,,BIOFIL CHEM & PHARMA LTD,32.50,33.00,32.01,32.29,32.12,32.88,,32.28,,,12512,406038.36,194,F1,1,,,,,
2026-09-23,2026-09-23,CM,NSE,STK,760942,INE0XW001014,BIOPOL,SM,,,,,BIOPOL CHEMICALS LIMITED,46.95,49.00,46.75,48.65,48.95,47.45,,48.65,,,42000,2014500.00,32,F1,1200,,,,,
2026-09-23,2026-09-23,CM,NSE,STK,477,INE800A01015,BIRLACABLE,EQ,,,,,BIRLA CABLE LIMITED,375.20,385.25,358.05,361.90,362.00,375.25,,361.91,,,519169,189971731.55,13691,F1,1,,,,,
2026-09-23,2026-09-23,CM,NSE,STK,480,INE340A01012,BIRLACORPN,EQ,,,,,BIRLA CORPORATION LTD,819.50,842.00,819.50,839.95,842.00,817.60,,839.96,,,35065,29278596.50,4203,F1,1,,,,,
2026-09-23,2026-09-23,CM,NSE,STK,762596,INE372E01025,BIRLAPREC,BE,,,,,BIRLA PRECISION TECH L,53.36,56.67,53.31,56.67,56.67,53.98,,56.67,,,94467,5255371.88,402,F1,1,,,,,
2026-09-23,2026-09-23,CM,NSE,STK,1455,INE557A01011,BIRLANU,EQ,,,,,BIRLANU LIMITED,1397.20,1416.70,1373.50,1407.30,1405.00,1385.60,,1407.24,,,5607,7808141.20,1094,F1,1,,,,,
2026-09-23,2026-09-23,CM,NSE,STK,24404,INF209KC1134,ABGSEC,EQ,,,,,BIRLASLAMC - ABGSEC,114.15,114.40,114.02,114.39,114.39,114.15,,114.39,,,464,53071.78,9,F1,1,,,,,
2026-09-23,2026-09-23,CM,NSE,STK,760247,INF209KC1670,ABSL10BANK,EQ,,,,,BIRLASLAMC - ABSL10BANK,166.48,166.80,166.09,166.32,166.80,164.29,,166.32,,,546,90898.43,17,F1,1,,,,,
2026-09-23,2026-09-23,CM,NSE,STK,13987,INF209KB17D5,ABSLBANETF,EQ,,,,,BIRLASLAMC - ABSLBANETF,57.93,58.10,57.79,57.95,57.90,57.75,,57.95,,,270869,15707203.22,204,F1,1,,,,,
2026-09-23,2026-09-23,CM,NSE,STK,14518,INF209KB18T9,ABSLLIQUID,EQ,,,,,BIRLASLAMC - ABSLLIQUID,1000.00,1000.01,999.99,1000.00,1000.01,1000.00,,1000.00,,,3042,3042011.40,24,F1,1,,,,,
2026-09-23,2026-09-23,CM,NSE,STK,761066,INF209KC1662,ABSLMSCIN,EQ,,,,,BIRLASLAMC - ABSLMSCIN,28.94,29.03,28.83,29.03,29.03,28.80,,29.03,,,77,2221.99,5,F1,1,,,,,
2026-09-23,2026-09-23,CM,NSE,STK,7339,INF209KB16D7,ABSLNN50ET,EQ,,,,,BIRLASLAMC - ABSLNN50ET,76.00,76.39,75.88,76.24,76.13,75.97,,76.24,,,5408,411587.48,158,F1,1,,,,,
2026-09-23,2026-09-23,CM,NSE,STK,5957,INF209KB10E8,BSLSENETFG,EQ,,,,,BIRLASLAMC - BSLSENETFG,75.66,75.83,75.17,75.32,75.50,75.16,,75.32,,,931,70260.41,66,F1,1,,,,,
2026-09-23,2026-09-23,CM,NSE,STK,24847,INF209KC1142,GSEC10ABSL,EQ,,,,,BIRLASLAMC - GSEC10ABSL,112.00,112.00,112.00,112.00,112.00,112.10,,112.00,,,1,112.00,1,F1,1,,,,,
2026-09-23,2026-09-23,CM,NSE,STK,6297,INF209KB10C2,HEALTHY,EQ,,,,,BIRLASLAMC - HEALTHY,17.08,17.54,17.08,17.36,17.42,17.24,,17.36,,,636884,11042567.53,815,F1,1,,,,,
2026-09-23,2026-09-23,CM,NSE,STK,10693,INF209KB14K7,MOMENTUM,EQ,,,,,BIRLASLAMC - MOMENTUM,29.98,30.98,29.98,30.94,30.94,30.75,,30.94,,,48982,1514448.68,127,F1,1,,,,,
2026-09-23,2026-09-23,CM,NSE,STK,10690,INF209KB15K4,NIFTYQLITY,EQ,,,,,BIRLASLAMC - NIFTYQLITY,20.39,20.63,20.39,20.56,20.61,20.39,,20.55,,,14102,289628.11,112,F1,1,,,,,
2026-09-23,2026-09-23,CM,NSE,STK,8003,INF209KB19F6,SILVER,EQ,,,,,BIRLASLAMC - SILVER,231.86,233.50,229.68,230.26,230.13,230.01,,230.27,,,635480,147443889.31,5286,F1,1,,,,,
2026-09-23,2026-09-23,CM,NSE,STK,6462,INF209KB11D8,TECH,EQ,,,,,BIRLASLAMC - TECH,31.37,31.50,31.00,31.05,31.25,31.37,,31.05,,,59892,1861456.85,300,F1,1,,,,,
2026-09-23,2026-09-23,CM,NSE,STK,23806,INF209KB19Z4,ABSLPSE,EQ,,,,,BIRLASLAMC-ABSLPSE,9.95,10.09,9.95,10.02,9.97,10.00,,10.02,,,86429,868988.22,270,F1,1,,,,,
2026-09-23,2026-09-23,CM,NSE,STK,6994,INE836A01035,BSOFT,EQ,,,,,BIRLASOFT LIMITED,281.10,282.80,280.00,281.10,280.55,281.15,,281.10,,,572371,160921910.20,10538,F1,1,,,,,
2026-09-23,2026-09-23,CM,NSE,STK,3435,INE676A01027,BBOX,EQ,,,,,BLACK BOX LIMITED,815.00,834.50,803.00,809.85,809.25,810.05,,809.81,,,393313,321156992.60,24092,F1,1,,,,,
2026-09-23,2026-09-23,CM,NSE,STK,762601,INE761G01016,BLACKROSE,BE,,,,,BLACK ROSE INDS. LTD.,114.38,115.99,110.00,114.91,115.98,113.25,,114.69,,,34753,3942509.55,304,F1,1,,,,,
2026-09-23,2026-09-23,CM,NSE,STK,27144,INE0UIZ01018,BLACKBUCK,EQ,,,,,BLACKBUCK LIMITED,628.75,630.25,614.10,616.05,614.75,620.35,,616.03,,,548088,340090392.50,22762,F1,1,,,,,
2026-09-23,2026-09-23,CM,NSE,STK,8132,INE791A01024,BLBLIMITED,EQ,,,,,BLB LIMITED,16.50,17.44,16.15,17.33,17.38,16.22,,17.32,,,310344,5280835.98,1266,F1,1,,,,,
2026-09-23,2026-09-23,CM,NSE,STK,19269,INE416D01022,BLISSGVS,BE,,,,,BLISS GVS PHARMA LTD,684.00,717.00,681.05,699.20,698.90,694.60,,699.12,,,152263,107208366.35,2010,F1,1,,,,,
2026-09-23,2026-09-23,CM,NSE,STK,22566,INE0NLT01010,BLSE,EQ,,,,,BLS E-SERVICES LIMITED,329.00,331.15,319.20,322.45,322.05,328.10,,322.45,,,430157,139443402.95,11192,F1,1,,,,,
2026-09-23,2026-09-23,CM,NSE,STK,17279,INE153T01027,BLS,EQ,,,,,BLS INTL SERVS LTD,229.40,231.20,228.05,230.07,230.21,228.71,,230.08,,,477976,109737756.66,11698,F1,1,,,,,
2026-09-23,2026-09-23,CM,NSE,STK,765040,INE373T01047,BLUECLOUDS,EQ,,,,,BLUE CLOUD SOFTECH SOLU L,19.18,20.15,19.10,19.73,19.72,19.17,,19.73,,,1660415,32548795.74,4736,F1,1,,,,,
2026-09-23,2026-09-23,CM,NSE,STK,7480,INE472B01011,BLUECOAST,EQ,,,,,BLUE COAST HOTELS LIMITED,20.82,20.82,19.83,20.82,20.82,19.83,,20.82,,,41,847.29,12,F1,1,,,,,
2026-09-23,2026-09-23,CM,NSE,STK,495,INE233B01017,BLUEDART,EQ,,,,,BLUE DART EXPRESS LTD,4786.60,4835.00,4780.00,4799.50,4800.00,4786.60,,4799.38,,,4902,23530669.90,1800,F1,1,,,,,
2026-09-23,2026-09-23,CM,NSE,STK,19686,INE0KBH01020,BLUEJET,EQ,,,,,BLUE JET HEALTHCARE LTD,589.95,594.75,578.30,585.75,584.40,587.30,,585.74,,,535536,312982351.55,27868,F1,1,,,,,
2026-09-23,2026-09-23,CM,NSE,STK,23413,INE0SAK01011,BLUEPEBBLE,ST,,,,,BLUE PEBBLE LIMITED,75.00,75.00,75.00,75.00,75.00,76.00,,75.00,,,1200,90000.00,3,F1,400,,,,,
2026-09-23,2026-09-23,CM,NSE,STK,8311,INE472A01039,BLUESTARCO,EQ,,,,,BLUE STAR LIMITED,1533.00,1547.90,1526.20,1532.60,1532.60,1525.00,,1532.69,,,110416,169677547.40,8391,F1,1,,,,,
2026-09-23,2026-09-23,CM,NSE,STK,758185,INE0X3M01010,BLUEWATER,ST,,,,,BLUE WATER LOGISTICS LTD,489.95,500.00,485.00,500.00,500.00,482.00,,500.00,,,11000,5389850.00,10,F1,1000,,,,,
2026-09-23,2026-09-23,CM,NSE,STK,759291,INE304W01038,BLUESTONE,EQ,,,,,BLUESTONE JEWEL LFSTL LTD,941.95,969.90,824.00,855.50,850.00,930.40,,855.34,,,9219890,7992198072.90,267836,F1,1,,,,,
2026-09-23,2026-09-23,CM,NSE,STK,757520,INE0U4101014,BLUSPRING,EQ,,,,,BLUSPRING ENTERPRISES LTD,127.00,138.01,127.00,132.59,133.00,125.47,,132.59,,,675699,91099779.17,3653,F1,1,,,,,
2026-09-23,2026-09-23,CM,NSE,STK,759256,INE965W01036,BMWVENTLTD,EQ,,,,,BMW VENTURES LIMITED,52.49,52.83,50.55,51.20,50.95,51.92,,51.21,,,178615,9274108.88,1172,F1,1,,,,,
2026-09-23,2026-09-23,CM,NSE,STK,762608,INE00HZ01011,BNAGROCHEM,EQ,,,,,BN AGROCHEM LTD.,204.46,208.00,200.85,206.88,200.85,200.85,,206.88,,,1181,243501.11,26,F1,1,,,,,
2026-09-23,2026-09-23,CM,NSE,STK,760821,INE00XL07015,975BNAL28,N0,,,,,BNAL 9.75% 2028 SR TR 1,9800.00,9800.00,9800.00,9800.00,9800.00,9800.00,,9800.00,,,1,9800.00,1,F1,1,,,,,
2026-09-23,2026-09-23,CM,NSE,STK,25017,INE338D01028,BODALCHEM,EQ,,,,,BODAL CHEMICALS LTD,193.90,202.54,193.90,199.53,199.99,192.90,,199.57,,,2073889,414724611.03,12728,F1,1,,,,,
2026-09-23,2026-09-23,CM,NSE,STK,14150,INE0EEJ01023,BTML,EQ,,,,,BODHI TREE MULTIMEDIA LTD,7.20,7.32,6.90,7.15,7.09,7.15,,7.15,,,844976,6077680.78,405,F1,1,,,,,
2026-09-23,2026-09-23,CM,NSE,STK,11640,INE802W01023,BOHRAIND,EQ,,,,,BOHRA INDUSTRIES LIMITED,13.26,13.87,13.26,13.64,13.51,13.26,,13.64,,,2758,37618.64,19,F1,1,,,,,
2026-09-23,2026-09-23,CM,NSE,STK,380,INE050A01025,BBTC,EQ,,,,,BOMBAY BURMAH TRADING COR,1466.00,1480.90,1442.10,1450.20,1454.00,1460.40,,1450.18,,,48883,71240675.80,4055,F1,1,,,,,
2026-09-23,2026-09-23,CM,NSE,STK,513,INE032A01023,BOMDYEING,EQ,,,,,BOMBAY DYEING & MFG. CO L,109.99,113.72,109.71,111.52,111.32,109.58,,111.53,,,471331,52494711.50,4934,F1,1,,,,,
2026-09-23,2026-09-23,CM,NSE,STK,6052,INE0I3Y01014,BMETRICS,SM,,,,,BOMBAY METRICS S C LTD,33.00,34.90,33.00,34.90,34.90,33.00,,34.90,,,1600,54320.00,2,F1,800,,,,,
2026-09-23,2026-09-23,CM,NSE,STK,809,INE032Z01020,BSHSL,EQ,,,,,BOMBAY SUPER HYBRID SEEDS,87.70,87.70,84.90,85.57,84.92,85.64,,85.68,,,5188,448362.21,88,F1,1,,,,,
2026-09-23,2026-09-23,CM,NSE,STK,31040,INE906B07CB9,830NHAI27,N2,,,,,BOND 8.30% PA TAX FREE S2,1001.00,1004.90,1001.00,1004.60,1004.60,1004.96,,1004.60,,,1828,1835871.67,31,F1,1,,,,,
2026-09-23,2026-09-23,CM,NSE,STK,603,INE053F07686,865IRFC29,NA,,,,,BOND 8.65% PA TF TI-SIIB,1103.01,1115.00,1100.10,1107.00,1107.00,1110.00,,1113.50,,,3450,3827762.90,24,F1,1,,,,,
2026-09-23,2026-09-23,CM,NSE,STK,30990,INE020B07HS2,871REC28,N9,,,,,BOND 8.71% TAX FREE S2B,1127.20,1127.20,1121.12,1126.26,1126.01,1132.99,,1126.32,,,1300,1461601.95,11,F1,1,,,,,
2026-09-23,2026-09-23,CM,NSE,STK,31967,INE557F07108,863NHB34,N3,,,,,BOND 8.76%PA TF TR-I S 3A,6275.00,6275.00,6275.00,6275.00,6275.00,6450.00,,6275.00,,,3,18825.00,1,F1,1,,,,,
2026-09-23,2026-09-23,CM,NSE,STK,1999,INE053F07744,888IRFC29,NE,,,,,BOND 8.88% PA TF TII-SIIB,1129.98,1130.00,1129.86,1130.00,1130.00,1124.00,,1130.00,,,1699,1919804.54,30,F1,1,,,,,
2026-09-23,2026-09-23,CM,NSE,STK,31970,INE557F07132,901NHB34,N6,,,,,BOND 9.01%PA TF TR-I S 3B,6399.00,6489.98,6385.05,6397.11,6391.00,6399.00,,6397.11,,,285,1824377.23,11,F1,1,,,,,
2026-09-23,2026-09-23,CM,NSE,STK,2947,INE020B07IG5,888REC29,NF,,,,,BOND8.88% PA TF TR II S2B,1143.21,1155.49,1140.62,1155.49,1155.49,1158.00,,1145.00,,,1615,1846131.35,7,F1,1,,,,,
2026-09-23,2026-09-23,CM,NSE,STK,761056,INE0B9A01018,BONLON,EQ,,,,,BONLON INDUSTRIES LIMITED,41.00,41.81,40.19,40.93,40.51,40.07,,40.91,,,9103,371671.48,138,F1,1,,,,,
2026-09-23,2026-09-23,CM,NSE,STK,757919,INE16SF01016,BORANA,EQ,,,,,BORANA WEAVES LIMITED,298.00,304.95,293.55,295.50,298.00,292.40,,295.51,,,32247,9635140.90,505,F1,1,,,,,
2026-09-23,2026-09-23,CM,NSE,STK,19401,INE02PY01013,BOROLTD,EQ,,,,,BOROSIL LIMITED,264.40,269.99,262.00,267.50,267.30,263.57,,267.44,,,128862,34358049.93,3254,F1,1,,,,,
2026-09-23,2026-09-23,CM,NSE,STK,3149,INE666D01022,BORORENEW,EQ,,,,,BOROSIL RENEWABLES LTD,476.90,482.75,472.80,475.00,474.80,474.70,,474.81,,,244086,116383444.50,11814,F1,1,,,,,
2026-09-23,2026-09-23,CM,NSE,STK,24014,INE02L001032,BOROSCI,EQ,,,,,BOROSIL SCIENTIFIC LTD,119.50,121.01,117.00,117.74,117.99,119.81,,117.74,,,257217,30529730.59,2419,F1,1,,,,,
2026-09-23,2026-09-23,CM,NSE,STK,4491,INE782A01015,BOSCH-HCIL,EQ,,,,,BOSCH HOME COMFRT IND LTD,1739.90,1776.80,1723.60,1769.80,1768.00,1720.80,,1769.79,,,23705,41713284.40,3163,F1,1,,,,,
2026-09-23,2026-09-23,CM,NSE,STK,2181,INE323A01026,BOSCHLTD,EQ,,,,,BOSCH LIMITED,48290.00,48330.00,47585.00,47955.00,47955.00,48290.00,,47955.00,,,11137,533367565.00,5774,F1,1,,,,,
2026-09-23,2026-09-23,CM,NSE,STK,25122,INE0QNI01012,BOSS,ST,,,,,BOSS PACKAGING SOLU LTD,56.65,56.65,56.65,56.65,56.65,57.10,,56.65,,,4000,226600.00,2,F1,2000,,,,,
2026-09-23,2026-09-23,CM,NSE,STK,530,INE110A01019,BPL,EQ,,,,,BPL LTD,45.78,46.40,44.25,45.09,45.35,45.20,,45.06,,,44133,1995662.19,685,F1,1,,,,,
2026-09-23,2026-09-23,CM,NSE,STK,24905,INE0R4Z01018,BRACEPORT,SM,,,,,BRACE PORT LOGISTICS LTD,65.40,72.85,64.00,70.50,70.50,64.80,,70.50,,,80000,5412560.00,45,F1,1600,,,,,
2026-09-23,2026-09-23,CM,NSE,STK,764628,INE320I01017,BRAHMINFRA,EQ,,,,,BRAHMAPUTRA INFRA L,162.50,162.50,154.00,154.55,155.67,156.51,,154.63,,,13444,2124789.08,566,F1,1,,,,,
2026-09-23,2026-09-23,CM,NSE,STK,24814,INE02RE01045,FIRSTCRY,EQ,,,,,BRAINBEES SOLUTIONS LTD,176.80,183.20,175.63,180.41,180.60,175.08,,180.42,,,3586209,643198101.71,36722,F1,1,,,,,
2026-09-23,2026-09-23,CM,NSE,STK,7780,INE977Y01011,BCONCEPTS,EQ,,,,,BRAND CONCEPTS LIMITED,150.71,156.60,150.70,153.06,152.50,152.58,,153.06,,,2512,385300.86,277,F1,1,,,,,
2026-09-23,2026-09-23,CM,NSE,STK,760972,INE0XUD01014,BRANDMAN,SM,,,,,BRANDMAN RETAIL LIMITED,163.95,164.00,163.90,164.00,164.00,160.00,,164.00,,,3200,524640.00,3,F1,800,,,,,
2026-09-23,2026-09-23,CM,NSE,STK,15184,INE791I01019,BRIGADE,EQ,,,,,BRIGADE ENTER. LTD,616.55,624.90,614.15,616.45,615.50,616.55,,616.41,,,175436,108537094.20,11832,F1,1,,,,,
2026-09-23,2026-09-23,CM,NSE,STK,757794,INE03NU01014,BRIGHOTEL,EQ,,,,,BRIGADE HOTEL VENTURE LTD,56.95,57.35,56.48,57.05,57.25,56.48,,57.06,,,60089,3422540.07,1806,F1,1,,,,,
2026-09-23,2026-09-23,CM,NSE,STK,764633,INE630D01010,BRIGHTBR,EQ,,,,,BRIGHT BROTHERS LTD.,253.00,253.00,249.20,251.10,249.20,252.95,,252.93,,,515,129139.50,29,F1,1,,,,,
2026-09-23,2026-09-23,CM,NSE,STK,8833,INE425B01027,BCG,EQ,,,,,BRIGHTCOM GROUP LIMITED,9.60,9.77,9.54,9.59,9.63,9.60,,9.59,,,4593817,44186482.82,5213,F1,1,,,,,
2026-09-23,2026-09-23,CM,NSE,STK,547,INE216A01030,BRITANNIA,EQ,,,,,BRITANNIA INDUSTRIES LTD,4927.50,4965.00,4905.00,4929.00,4929.00,4918.00,,4929.14,,,207441,1026256489.00,22494,F1,1,,,,,
2026-09-23,2026-09-23,CM,NSE,STK,2203,INE0FDU25010,BIRET,RR,,,,,BROOKFIELD INDIA RET,339.40,339.40,336.11,338.89,338.85,338.98,,338.89,,,232894,78902960.32,10035,F1,1,,,,,
2026-09-23,2026-09-23,CM,NSE,STK,25136,INE650L01011,BROOKS,EQ,,,,,BROOKS LAB LIMITED,60.74,62.49,59.09,61.00,60.60,59.09,,61.21,,,78607,4814722.98,657,F1,1,,,,,
2026-09-23,2026-09-23,CM,NSE,STK,19585,INE118H01025,BSE,EQ,,,,,BSE LIMITED,3249.00,3280.00,3214.20,3270.70,3270.70,3235.00,,3270.70,,,2796681,9088212947.90,118373,F1,1,,,,,
2026-09-23,2026-09-23,CM,NSE,STK,559,INE594B01012,BSL,EQ,,,,,BSL LTD,124.28,125.90,123.01,124.24,124.98,125.54,,124.24,,,2400,298867.32,164,F1,1,,,,,
2026-09-23,2026-09-23,CM,NSE,STK,2716,INE295F01017,BUTTERFLY,EQ,,,,,BTRFLY GANDHI APPL LTD,566.70,577.95,564.30,566.00,565.00,562.30,,565.99,,,9270,5266286.80,541,F1,1,,,,,
2026-09-23,2026-09-23,CM,NSE,STK,15198,INE817H01022,BURNPUR,BE,,,,,BURNPUR CEMENT LIMITED,15.90,16.50,15.33,15.77,15.84,16.12,,15.74,,,61750,978385.04,284,F1,1,,,,,
2026-09-23,2026-09-23,CM,NSE,STK,764643,INE084D01010,CGVAK,EQ,,,,,C G V A K SOFTWARE & EX L,145.00,149.00,145.00,148.67,146.60,145.41,,146.48,,,526,77818.83,48,F1,1,,,,,
2026-09-23,2026-09-23,CM,NSE,STK,760854,INE0SMX01019,CKKRETAIL,SM,,,,,C K K RETAIL MART LIMITED,178.00,178.00,173.00,173.00,173.00,174.75,,173.00,,,1600,280800.00,2,F1,800,,,,,
2026-09-23,2026-09-23,CM,NSE,STK,18372,INE0QBU01012,CPS,SM,,,,,C P S SHAPERS LIMITED,1190.00,1190.00,1150.00,1150.00,1150.00,1185.00,,1150.00,,,8850,10513500.00,3,F1,150,,,,,
2026-09-23,2026-09-23,CM,NSE,STK,7227,INE0BV301023,MAPMYINDIA,EQ,,,,,C.E. INFO SYSTEMS LIMITED,923.90,935.80,894.80,906.80,915.00,922.00,,906.73,,,184879,169277636.90,9989,F1,1,,,,,
2026-09-23,2026-09-23,CM,NSE,STK,27274,INE0U7V01015,C2C,SM,,,,,C2C ADVANCED SYSTEMS LTD,186.00,187.05,181.00,181.35,181.50,187.60,,181.35,,,127350,23289465.00,567,F1,150,,,,,
2026-09-23,2026-09-23,CM,NSE,STK,764255,INE11XY01018,CMLL,EQ,,,,,CALIBER MINING AND LOG L,495.00,513.30,483.95,504.65,502.00,490.90,,504.57,,,514379,258662049.30,18090,F1,1,,,,,
2026-09-23,2026-09-23,CM,NSE,STK,8400,INE526B01014,CALSOFT,BE,,,,,CALIFORNIA SOFTWARE CO LT,38.22,41.00,38.22,40.02,39.80,39.64,,40.02,,,138307,5469260.83,640,F1,1,,,,,
2026-09-23,2026-09-23,CM,NSE,STK,14222,INE627H01017,CTE,BE,,,,,CAMBRIDGE TECH ENTER LTD,43.81,44.80,42.49,43.95,43.95,43.81,,44.42,,,7435,324736.96,51,F1,1,,,,,
2026-09-23,2026-09-23,CM,NSE,STK,6216,INE052I01032,CAMLINFINE,EQ,,,,,CAMLIN FINE SCIENCES LTD,97.90,102.00,96.97,98.69,98.30,96.45,,98.69,,,1115122,110703721.42,11311,F1,1,,,,,
2026-09-23,2026-09-23,CM,NSE,STK,9362,INE278Y01022,CAMPUS,EQ,,,,,CAMPUS ACTIVEWEAR LIMITED,212.00,213.19,210.90,211.05,211.30,211.35,,211.05,,,212531,44964058.52,6904,F1,1,,,,,
2026-09-23,2026-09-23,CM,NSE,STK,583,INE477A01020,CANFINHOME,EQ,,,,,CAN FIN HOMES LTD,761.00,767.40,753.75,757.95,758.00,759.55,,757.95,,,216630,165003267.70,7812,F1,1,,,,,
2026-09-23,2026-09-23,CM,NSE,STK,10794,INE476A01022,CANBK,EQ,,,,,CANARA BANK,123.20,126.30,123.17,126.00,126.00,122.90,,126.00,,,15597011,1954012034.62,72806,F1,1,,,,,
2026-09-23,2026-09-23,CM,NSE,STK,759477,INE01TY01017,CANHLIFE,EQ,,,,,CANARA HSBC LIFE INS CO L,152.98,154.24,150.50,151.63,150.81,153.40,,151.63,,,262543,39929741.82,6246,F1,1,,,,,
2026-09-23,2026-09-23,CM,NSE,STK,759311,INE218I01013,CRAMC,EQ,,,,,CANARA ROBECO AMC LIMITED,230.20,232.00,226.75,230.35,230.25,227.90,,230.36,,,925674,211909374.50,17923,F1,1,,,,,
2026-09-23,2026-09-23,CM,NSE,STK,19368,INE0QG301017,CANARYS,SM,,,,,CANARYS AUTOMATIONS LTD,30.95,32.60,30.95,31.95,31.95,30.50,,31.95,,,408000,12988400.00,90,F1,4000,,,,,
2026-09-23,2026-09-23,CM,NSE,STK,20160,INE068L01024,CANTABIL,EQ,,,,,CANTABIL RETAIL LTD,239.90,241.00,235.81,238.55,238.00,238.85,,238.55,,,169647,40461595.41,2695,F1,1,,,,,
2026-09-23,2026-09-23,CM,NSE,STK,21749,INE264T01014,CAPACITE,EQ,,,,,CAPACITE INFRAPROJECT LTD,195.49,199.74,194.60,198.25,197.80,194.73,,198.26,,,242003,47657738.12,3632,F1,1,,,,,
2026-09-23,2026-09-23,CM,NSE,STK,759867,INE0ILV01024,CAPILLARY,EQ,,,,,CAPILLARY TECHNO INDIA L,550.95,563.50,541.15,545.55,543.55,547.10,,545.58,,,607870,334876817.20,19277,F1,1,,,,,
2026-09-23,2026-09-23,CM,NSE,STK,756015,INE345H01024,CIFL,EQ,,,,,CAPITAL INDIA FINANCE LTD,20.65,24.29,20.65,21.34,21.50,21.27,,21.34,,,516089,11092724.59,1994,F1,1,,,,,
2026-09-23,2026-09-23,CM,NSE,STK,29157,INE0Z8Z23013,CAPINVIT,IV,,,,,CAPITAL INFRA TRUST,76.95,77.29,76.95,77.04,77.13,76.93,,77.05,,,643846,49629177.50,1217,F1,1,,,,,
2026-09-23,2026-09-23,CM,NSE,STK,22675,INE646H01017,CAPITALSFB,EQ,,,,,CAPITAL SMALL FIN BANK L,281.30,286.70,279.05,284.60,285.00,281.30,,284.59,,,33387,9477370.00,665,F1,1,,,,,
2026-09-23,2026-09-23,CM,NSE,STK,19451,INE707C01018,CAPTRUST,BE,,,,,CAPITAL TRUST LIMITED,19.60,19.60,19.01,19.35,19.54,19.50,,19.35,,,23953,463468.61,43,F1,1,,,,,
2026-09-23,2026-09-23,CM,NSE,STK,3906,INE475E01026,CAPLIPOINT,EQ,,,,,CAPLIN POINT LAB LTD.,2777.30,2834.90,2777.20,2793.80,2792.00,2777.30,,2793.57,,,64325,180160763.30,12295,F1,1,,,,,
2026-09-23,2026-09-23,CM,NSE,STK,20329,INE180C01042,CGCL,EQ,,,,,CAPRI GLOBAL CAPITAL LTD,268.00,276.60,268.00,268.60,268.90,267.05,,268.60,,,3923518,1064766854.70,28437,F1,1,,,,,
2026-09-23,2026-09-23,CM,NSE,STK,764203,INE536P01021,CPL,EQ,,,,,CAPTAIN POLYPLAST LIMITED,63.30,63.30,62.05,62.46,62.40,62.70,,62.46,,,25157,1576374.78,334,F1,1,,,,,
2026-09-23,2026-09-23,CM,NSE,STK,595,INE120A01034,CARBORUNIV,EQ,,,,,CARBORUNDUM UNIVERSAL LTD,1217.50,1272.90,1212.50,1264.50,1263.90,1211.30,,1264.42,,,597871,743599789.90,38043,F1,1,,,,,
2026-09-23,2026-09-23,CM,NSE,STK,29113,INE752H01013,CARERATING,EQ,,,,,CARE RATINGS LIMITED,1633.90,1650.00,1623.10,1639.60,1644.40,1627.80,,1639.59,,,18775,30771675.10,4476,F1,1,,,,,
2026-09-23,2026-09-23,CM,NSE,STK,758941,INE0P6P01016,CPEDU,EQ,,,,,CAREER POINT EDUTECH LTD,173.00,181.00,173.00,179.52,176.10,177.35,,179.52,,,4137,737915.56,106,F1,1,,,,,
2026-09-23,2026-09-23,CM,NSE,STK,28879,INE0V7W01012,CARRARO,EQ,,,,,CARRARO INDIA LIMITED,543.00,556.90,538.00,554.60,554.00,542.30,,554.63,,,156054,85874165.35,8784,F1,1,,,,,
2026-09-23,2026-09-23,CM,NSE,STK,5407,INE290S01011,CARTRADE,EQ,,,,,CARTRADE TECH LIMITED,2910.00,3016.00,2910.00,3001.80,2988.00,2907.90,,3001.96,,,183741,547781422.90,26576,F1,1,,,,,
2026-09-23,2026-09-23,CM,NSE,STK,1879,INE482D01024,CARYSIL,EQ,,,,,CARYSIL LIMITED,1067.90,1089.70,1059.10,1085.10,1084.70,1065.30,,1085.07,,,67696,73068702.40,5788,F1,1,,,,,
2026-09-23,2026-09-23,CM,NSE,STK,758129,INE0WL201014,CUDML,SM,,,,,CASH UR DRIVE MARKETING L,103.05,103.95,100.00,100.55,100.00,102.35,,100.55,,,30000,3047950.00,21,F1,1000,,,,,
2026-09-23,2026-09-23,CM,NSE,STK,1250,INE172A01027,CASTROLIND,EQ,,,,,CASTROL INDIA LIMITED,195.95,195.95,190.10,193.23,193.11,195.61,,193.23,,,3637883,702322513.71,32976,F1,1,,,,,
2026-09-23,2026-09-23,CM,NSE,STK,11452,INE421D01022,CCL,EQ,,,,,CCL PRODUCTS (I) LTD,1047.10,1053.90,1028.70,1043.20,1042.00,1050.00,,1043.20,,,235839,244765681.20,18290,F1,1,,,,,
2026-09-23,2026-09-23,CM,NSE,STK,15254,INE482A01020,CEATLTD,EQ,,,,,CEAT LIMITED,3403.00,3474.00,3393.00,3432.20,3430.00,3401.40,,3432.23,,,28791,98966571.40,6029,F1,1,,,,,
2026-09-23,2026-09-23,CM,NSE,STK,757690,INE11J101017,CEDAAR,ST,,,,,CEDAAR TEXTILE LIMITED,11.50,11.50,11.50,11.50,11.50,11.00,,11.50,,,1000,11500.00,1,F1,1000,,,,,
2026-09-23,2026-09-23,CM,NSE,STK,24742,INE0AG901020,CEIGALL,EQ,,,,,CEIGALL INDIA LIMITED,379.05,396.00,377.00,388.85,389.00,377.20,,388.85,,,610450,238028376.25,13155,F1,1,,,,,
2026-09-23,2026-09-23,CM,NSE,STK,761037,INE016Q01014,CEINSYS,EQ,,,,,CEINSYS TECH LIMITED,707.70,715.00,701.05,712.05,714.95,701.50,,711.99,,,36833,26106466.95,2246,F1,1,,,,,
2026-09-23,2026-09-23,CM,NSE,STK,13162,INE185H01016,CELEBRITY,EQ,,,,,CELEBRITY FASHIONS LTD,6.72,6.80,6.32,6.65,6.79,6.79,,6.64,,,25774,169373.90,174,F1,1,,,,,
2026-09-23,2026-09-23,CM,NSE,STK,16950,INE0O0001013,CELLPOINT,SM,,,,,CELL POINT (INDIA) LTD,14.30,16.00,14.30,14.65,14.65,14.10,,14.65,,,9600,140940.00,6,F1,1200,,,,,
2026-09-23,2026-09-23,CM,NSE,STK,18806,INE0OMO01025,CELLECOR,SM,,,,,CELLECOR GADGETS LIMITED,30.10,30.30,29.85,30.00,30.00,30.40,,30.00,,,51000,1532400.00,17,F1,3000,,,,,
2026-09-23,2026-09-23,CM,NSE,STK,19795,INE0LMW01024,CELLO,EQ,,,,,CELLO WORLD LIMITED,320.30,326.55,319.80,324.10,324.60,320.30,,324.10,,,121087,39248487.15,5161,F1,1,,,,,
2026-09-23,2026-09-23,CM,NSE,STK,5622,INE686A01026,CEMPRO,EQ,,,,,CEMINDIA PROJECTS LIMITED,1327.00,1344.60,1305.10,1311.20,1308.30,1319.30,,1311.15,,,196274,259127520.60,16157,F1,1,,,,,
2026-09-23,2026-09-23,CM,NSE,STK,14894,INE483A01010,CENTRALBK,EQ,,,,,CENTRAL BANK OF INDIA,31.32,31.80,31.26,31.63,31.62,31.37,,31.63,,,4418230,139770300.76,17388,F1,1,,,,,
2026-09-23,2026-09-23,CM,NSE,STK,21174,INE736A01011,CDSL,EQ,,,,,CENTRAL DEPO SER (I) LTD,1348.00,1359.50,1347.20,1351.10,1351.10,1348.00,,1351.10,,,400345,542324800.60,18318,F1,1,,,,,
2026-09-23,2026-09-23,CM,NSE,STK,761581,INE05HV01027,CMPDI,EQ,,,,,CENTRAL MINE P N D INST L,209.29,218.76,208.51,213.53,214.00,209.34,,213.54,,,1555190,334369095.48,25057,F1,1,,,,,
2026-09-23,2026-09-23,CM,NSE,STK,2454,INE660C01027,CENTRUM,EQ,,,,,CENTRUM CAPITAL LIMITED,21.85,21.85,20.91,21.21,21.40,21.43,,21.20,,,431850,9152598.63,793,F1,1,,,,,
2026-09-23,2026-09-23,CM,NSE,STK,14982,INE320B01020,CENTUM,EQ,,,,,CENTUM ELECTRONICS LTD,4887.00,4999.50,4760.10,4826.10,4806.00,4858.70,,4826.28,,,196068,956379650.00,36346,F1,1,,,,,
2026-09-23,2026-09-23,CM,NSE,STK,619,INE485A01015,CENTENKA,EQ,,,,,CENTURY ENKA LTD,565.65,584.00,565.65,580.55,581.00,567.40,,580.57,,,33020,19042973.20,2237,F1,1,,,,,
2026-09-23,2026-09-23,CM,NSE,STK,11511,INE281A01026,CENTEXT,EQ,,,,,CENTURY EXTRUSIONS LTD,18.63,18.90,18.25,18.79,18.78,18.63,,18.80,,,252857,4720932.74,826,F1,1,,,,,
2026-09-23,2026-09-23,CM,NSE,STK,766164,INE281A20018,CENTEXT-RE,BE,,,,,CENTURY EXTRUSIONS LTD,2.18,2.25,2.18,2.19,2.18,3.63,,2.19,,,522570,1141913.17,1198,F1,1,,,,,
2026-09-23,2026-09-23,CM,NSE,STK,13305,INE348B01021,CENTURYPLY,EQ,,,,,CENTURY PLYBOARDS (I) LTD,695.00,716.80,695.00,711.90,714.00,695.60,,711.92,,,61115,43319352.70,5539,F1,1,,,,,
2026-09-23,2026-09-23,CM,NSE,STK,15039,INE739E01017,CERA,EQ,,,,,CERA SANITARYWARE LTD,5520.00,5544.00,5501.00,5520.00,5527.00,5501.00,,5520.02,,,3192,17635256.50,990,F1,1,,,,,
2026-09-23,2026-09-23,CM,NSE,STK,628,INE486A01021,CESC,EQ,,,,,CESC LTD,142.55,143.15,142.00,142.56,142.47,142.52,,142.56,,,699865,99893223.69,11204,F1,1,,,,,
2026-09-23,2026-09-23,CM,NSE,STK,760,INE067A01029,CGPOWER,EQ,,,,,CG POWER AND IND SOL LTD,904.45,906.80,890.50,895.00,895.00,896.10,,895.00,,,1329293,1193913766.00,26093,F1,1,,,,,
2026-09-23,2026-09-23,CM,NSE,STK,8546,INE427F01016,CHALET,EQ,,,,,CHALET HOTELS LIMITED,875.00,904.40,871.20,884.05,886.00,872.35,,884.03,,,188427,168156351.45,18429,F1,1,,,,,
2026-09-23,2026-09-23,CM,NSE,STK,3482,INE419D01026,CLSEL,EQ,,,,,CHAMAN LAL SETIA EXP LTD,293.45,298.60,293.00,296.25,297.85,293.40,,296.23,,,35431,10494304.10,1259,F1,1,,,,,
2026-09-23,2026-09-23,CM,NSE,STK,13731,INE06PV01010,CMNL,SM,,,,,CHAMAN METALLICS LIMITED,115.00,116.00,112.50,113.45,113.45,116.00,,113.45,,,36000,4146637.50,16,F1,750,,,,,
2026-09-23,2026-09-23,CM,NSE,STK,637,INE085A01013,CHAMBLFERT,EQ,,,,,CHAMBAL FERTILIZERS LTD,418.50,421.65,417.75,419.60,420.00,418.50,,419.59,,,394631,165661348.55,17483,F1,1,,,,,
2026-09-23,2026-09-23,CM,NSE,STK,29633,INE0B2N01016,CHANDAN,SM,,,,,CHANDAN HEALTHCARE LTD,222.05,226.00,221.00,222.55,223.20,226.25,,222.55,,,35200,7878920.00,44,F1,800,,,,,
2026-09-23,2026-09-23,CM,NSE,STK,18654,INE0PT101017,CHAVDA,SM,,,,,CHAVDA INFRA LIMITED,142.20,142.50,140.00,140.00,140.00,140.00,,140.00,,,131000,18392300.00,84,F1,1000,,,,,
2026-09-23,2026-09-23,CM,NSE,STK,757991,INE0TGX01019,CHEMBONDCH,BE,,,,,CHEMBOND CHEMICAL LIMITED,266.10,267.95,257.25,259.50,262.00,260.40,,258.42,,,2935,764621.25,81,F1,1,,,,,
2026-09-23,2026-09-23,CM,NSE,STK,14618,INE995D01025,CHEMBOND,EQ,,,,,CHEMBOND MATERIALTECH LTD,197.44,197.44,190.02,193.68,192.00,192.77,,193.12,,,8790,1709204.73,597,F1,1,,,,,
2026-09-23,2026-09-23,CM,NSE,STK,276,INE03YM01018,CHEMCON,BE,,,,,CHEMCON SPECIAL CHEM LTD,225.00,230.99,225.00,228.66,227.15,227.40,,228.57,,,24935,5674833.22,483,F1,1,,,,,
2026-09-23,2026-09-23,CM,NSE,STK,765045,INE298W01016,CHEMCRUX,EQ,,,,,CHEMCRUX ENTERPRISES LTD.,78.57,79.90,77.50,78.16,78.00,78.57,,78.08,,,11227,877999.30,183,F1,1,,,,,
2026-09-23,2026-09-23,CM,NSE,STK,2799,INE783X01023,CHEMFAB,EQ,,,,,CHEMFAB ALKALIS LIMITED,359.45,360.45,346.40,351.60,351.20,354.00,,351.58,,,9224,3244648.80,243,F1,1,,,,,
2026-09-23,2026-09-23,CM,NSE,STK,5449,INE488A01050,CHEMPLASTS,EQ,,,,,CHEMPLAST SANMAR LIMITED,198.95,202.39,195.00,199.40,199.00,198.67,,199.45,,,804982,159942951.77,14735,F1,1,,,,,
2026-09-23,2026-09-23,CM,NSE,STK,2049,INE178A01016,CHENNPETRO,EQ,,,,,CHENNAI PETROLEUM CORP LT,1398.50,1423.00,1380.80,1388.60,1384.70,1392.00,,1388.60,,,1081696,1512835503.90,44010,F1,1,,,,,
2026-09-23,2026-09-23,CM,NSE,STK,24625,INE0U1T01012,CHETANA,SM,,,,,CHETANA EDUCATION LIMITED,41.85,41.85,41.85,41.85,41.85,41.90,,41.85,,,1600,66960.00,1,F1,1600,,,,,
2026-09-23,2026-09-23,CM,NSE,STK,9879,INE974B01016,CHEVIOT,EQ,,,,,CHEVIOT COMPANY LIMITED,1171.70,1189.80,1170.70,1176.70,1189.00,1170.40,,1176.70,,,676,797649.00,105,F1,1,,,,,
2026-09-23,2026-09-23,CM,NSE,STK,8866,INE102B01014,CHOICEIN,EQ,,,,,CHOICE INTERNATIONAL LTD,757.85,757.85,750.50,751.85,752.45,760.90,,751.85,,,258470,194533269.10,6152,F1,1,,,,,
2026-09-23,2026-09-23,CM,NSE,STK,759610,INF2KCX01012,CHOICEGOLD,EQ,,,,,CHOICEAMC - CHOICEGOLD,151.00,151.00,149.43,149.87,150.14,149.56,,149.87,,,8181,1229780.35,75,F1,1,,,,,
2026-09-23,2026-09-23,CM,NSE,STK,21740,INE149A01033,CHOLAHLDNG,EQ,,,,,CHOLAMANDALAM FIN HOL LTD,1460.10,1478.00,1446.00,1472.40,1475.00,1459.60,,1472.41,,,233988,342891778.20,21437,F1,1,,,,,
2026-09-23,2026-09-23,CM,NSE,STK,685,INE121A01024,CHOLAFIN,EQ,,,,,CHOLAMANDALAM IN & FIN CO,1760.00,1784.00,1758.70,1774.00,1774.00,1759.10,,1773.98,,,1227152,2174442429.30,44980,F1,1,,,,,
2026-09-23,2026-09-23,CM,NSE,STK,14937,INE536H01010,CIEINDIA,EQ,,,,,CIE AUTOMOTIVE INDIA LTD,392.60,394.65,382.55,384.20,384.35,390.60,,384.18,,,676768,261435820.75,26123,F1,1,,,,,
2026-09-23,2026-09-23,CM,NSE,STK,27161,INE704H01022,CINELINE,EQ,,,,,CINELINE INDIA LIMITED,89.25,92.68,89.00,90.01,90.00,89.16,,90.01,,,14051,1266238.54,278,F1,1,,,,,
2026-09-23,2026-09-23,CM,NSE,STK,8024,INE039B01026,CINEVISTA,EQ,,,,,CINEVISTA LIMITED,14.98,14.98,14.05,14.10,14.45,14.51,,14.10,,,24093,342560.88,175,F1,1,,,,,
2026-09-23,2026-09-23,CM,NSE,STK,694,INE059A01026,CIPLA,EQ,,,,,CIPLA LTD,1382.40,1387.00,1371.80,1383.00,1383.00,1384.10,,1383.00,,,651221,897020664.80,22885,F1,1,,,,,
2026-09-23,2026-09-23,CM,NSE,STK,763149,INE2Q7823014,CITIUSINVT,IV,,,,,CITIUS TRANSNET INV TRUST,119.00,119.30,117.55,118.00,118.00,118.56,,118.00,,,60270,7156533.57,1037,F1,1,,,,,
2026-09-23,2026-09-23,CM,NSE,STK,5701,INE491A01021,CUB,EQ,,,,,CITY UNION BANK LTD,227.00,230.79,224.71,225.34,227.00,227.21,,225.35,,,1269250,288923739.10,18320,F1,1,,,,,
2026-09-23,2026-09-23,CM,NSE,STK,20223,INE201M01029,CLEDUCATE,EQ,,,,,CL EDUCATE LIMITED,55.25,56.49,55.01,56.31,56.40,55.38,,56.31,,,2635,147120.81,65,F1,1,,,,,
2026-09-23,2026-09-23,CM,NSE,STK,758736,INE0UQ601012,CLASSICEIL,SM,,,,,CLASSIC ELECTRODE (IND) L,51.80,52.15,51.80,52.15,52.15,52.45,,52.15,,,3200,166320.00,2,F1,1600,,,,,
2026-09-23,2026-09-23,CM,NSE,STK,754695,INE1QGM01024,CLAYCRAFT,SM,,,,,CLAY CRAFT INDIA LIMITED,164.75,167.00,164.50,164.95,165.90,164.75,,164.95,,,25200,4189050.00,35,F1,600,,,,,
2026-09-23,2026-09-23,CM,NSE,STK,760183,INE647U01026,CLEANMAX,EQ,,,,,CLEAN MAX ENVIRO EN SOL L,1439.00,1481.00,1373.30,1457.50,1454.00,1367.50,,1457.42,,,1550273,2228197952.30,114893,F1,1,,,,,
2026-09-23,2026-09-23,CM,NSE,STK,5049,INE227W01023,CLEAN,EQ,,,,,CLEAN SCIENCE & TECH LTD,838.00,850.00,830.00,836.60,834.15,833.20,,836.47,,,224043,188238437.85,14849,F1,1,,,,,
2026-09-23,2026-09-23,CM,NSE,STK,760143,INE1EF801010,CSSL,SM,,,,,CLEAR SECURED SERVICES L,87.00,89.00,87.00,88.00,88.00,86.75,,88.00,,,10000,878950.00,8,F1,1000,,,,,
2026-09-23,2026-09-23,CM,NSE,STK,30893,INE00WV01027,CMRGREEN,EQ,,,,,CMR GREEN TECHNOLOGIES L,230.60,233.66,226.84,227.73,228.00,229.49,,227.74,,,287593,65981226.38,11669,F1,1,,,,,
2026-09-23,2026-09-23,CM,NSE,STK,7603,INE925R01014,CMSINFO,EQ,,,,,CMS INFO SYSTEMS LIMITED,234.62,237.50,233.00,234.12,233.99,234.62,,234.12,,,482023,113185284.29,12838,F1,1,,,,,
2026-09-23,2026-09-23,CM,NSE,STK,20374,INE522F01014,COALINDIA,EQ,,,,,COAL INDIA LTD,428.25,429.40,421.55,424.55,424.55,428.00,,424.53,,,7956161,3376432466.95,70350,F1,1,,,,,
2026-09-23,2026-09-23,CM,NSE,STK,6006,INE377E01024,COASTCORP,EQ,,,,,COASTAL CORPORATION LTD,38.97,38.97,37.80,38.04,37.80,38.19,,38.04,,,30799,1181623.25,408,F1,1,,,,,
2026-09-23,2026-09-23,CM,NSE,STK,21508,INE704P01025,COCHINSHIP,EQ,,,,,COCHIN SHIPYARD LIMITED,1388.00,1393.20,1369.10,1370.00,1370.00,1388.90,,1370.03,,,402906,554470793.40,17056,F1,1,,,,,
2026-09-23,2026-09-23,CM,NSE,STK,11165,INE335K01011,COFFEEDAY,EQ,,,,,COFFEE DAY ENTERPRISE LTD,30.59,32.00,29.88,31.00,30.92,30.59,,31.02,,,793052,24436267.08,2767,F1,1,,,,,
2026-09-23,2026-09-23,CM,NSE,STK,11543,INE591G01025,COFORGE,EQ,,,,,COFORGE LIMITED,1812.00,1817.40,1774.10,1782.40,1782.40,1803.00,,1782.36,,,1473720,2642156036.70,70801,F1,1,,,,,
2026-09-23,2026-09-23,CM,NSE,STK,17945,INE03QK01018,COHANCE,EQ,,,,,COHANCE LIFESCIENCES LTD,458.95,465.55,451.20,461.45,462.55,452.75,,461.45,,,1107159,506149576.45,42024,F1,1,,,,,
2026-09-23,2026-09-23,CM,NSE,STK,15141,INE259A01022,COLPAL,EQ,,,,,COLGATE PALMOLIVE LTD.,1869.00,1901.30,1863.30,1886.70,1886.70,1869.00,,1886.60,,,271591,513001771.60,14606,F1,1,,,,,
2026-09-23,2026-09-23,CM,NSE,STK,762628,INE819A01049,COMFINTE,EQ,,,,,COMFORT INTECH LTD.,5.85,5.90,5.71,5.73,5.75,5.80,,5.73,,,150694,868826.08,412,F1,1,,,,,
2026-09-23,2026-09-23,CM,NSE,STK,21578,INE073V01015,COMSYN,EQ,,,,,COMMERCIAL SYN BAGS LTD,305.95,310.05,298.75,299.30,299.10,301.25,,299.33,,,1010524,305167250.45,7552,F1,1,,,,,
2026-09-23,2026-09-23,CM,NSE,STK,19513,INE597Z01014,COMMITTED,SM,,,,,COMMITTED CARGO CARE LTD,329.85,329.85,305.00,322.80,322.80,322.70,,322.80,,,11200,3501800.00,6,F1,800,,,,,
2026-09-23,2026-09-23,CM,NSE,STK,764648,INE823B01015,COMPEAU,EQ,,,,,COMPETENT AUTOMOB CO. L,364.00,375.00,364.00,364.40,373.00,364.00,,364.45,,,1049,384228.15,36,F1,1,,,,,
2026-09-23,2026-09-23,CM,NSE,STK,19670,INE070C01037,COMPINFO,BZ,,,,,COMPUAGE INFOCOM LTD,1.10,1.12,1.03,1.10,1.10,1.08,,1.10,,,13948,14678.04,14,F1,1,,,,,
2026-09-23,2026-09-23,CM,NSE,STK,31138,INE453B01029,COMPUSOFT,EQ,,,,,COMPUCOM SOFTWARE LTD,13.49,13.50,13.10,13.35,13.48,13.24,,13.35,,,10773,143479.89,137,F1,1,,,,,
2026-09-23,2026-09-23,CM,NSE,STK,342,INE596I01020,CAMS,EQ,,,,,COMPUTER AGE MNGT SER LTD,706.90,725.05,706.00,723.90,723.90,704.00,,723.90,,,1333519,959904122.50,62552,F1,1,,,,,
2026-09-23,2026-09-23,CM,NSE,STK,18060,INE338H01029,CONCORDBIO,EQ,,,,,CONCORD BIOTECH LIMITED,1540.20,1568.00,1518.90,1560.30,1565.00,1532.40,,1560.26,,,147508,228205491.20,14978,F1,1,,,,,
2026-09-23,2026-09-23,CM,NSE,STK,28764,INE037Z01029,CEWATER,EQ,,,,,CONCORD ENVIRO SYSTEMS L,278.20,280.00,270.60,274.40,272.30,278.75,,273.91,,,47694,13188416.05,2503,F1,1,,,,,
2026-09-23,2026-09-23,CM,NSE,STK,764641,INE700F01024,CFEL,BE,,,,,CONFIDENCE FUTURIST ENE L,48.50,48.50,46.00,47.51,46.55,47.32,,47.57,,,8283,386133.84,72,F1,1,,,,,
2026-09-23,2026-09-23,CM,NSE,STK,10238,INE552D01024,CONFIPET,EQ,,,,,CONFIDENCE PETRO IND LTD.,87.39,92.75,86.77,89.12,88.66,86.76,,89.12,,,5623265,509510298.52,41318,F1,1,,,,,
2026-09-23,2026-09-23,CM,NSE,STK,758453,INE0EAS01014,CONNPLEX,SM,,,,,CONNPLEX CINEMAS LIMITED,264.70,265.70,259.10,264.10,265.50,261.00,,264.10,,,74400,19508040.00,61,F1,800,,,,,
2026-09-23,2026-09-23,CM,NSE,STK,14992,INE429I01024,CCCL,EQ,,,,,CONS. CONST. CONSORT LTD,13.89,13.89,13.06,13.26,13.25,13.60,,13.25,,,411657,5463815.91,1044,F1,1,,,,,
2026-09-23,2026-09-23,CM,NSE,STK,11732,INE025A01027,CONSOFINVT,BE,,,,,CONSO. FIN. & HOLD. LTD.,300.40,309.95,300.00,302.50,302.00,300.25,,302.50,,,5195,1566515.05,29,F1,1,,,,,
2026-09-23,2026-09-23,CM,NSE,STK,4749,INE111A01025,CONCOR,EQ,,,,,CONTAINER CORP OF IND LTD,469.00,473.65,463.15,464.65,464.65,467.00,,464.67,,,1369351,639485209.40,22951,F1,1,,,,,
2026-09-23,2026-09-23,CM,NSE,STK,17477,INE663B01015,CONTROLPR,EQ,,,,,CONTROL PRINT LIMITED,585.05,591.85,580.00,584.55,584.85,589.15,,584.55,,,24800,14472576.70,1038,F1,1,,,,,
2026-09-23,2026-09-23,CM,NSE,STK,8560,INE0HS001028,COOLCAPS,SM,,,,,COOL CAPS INDUSTRIES LTD,25.95,26.90,24.55,24.95,24.95,25.55,,24.95,,,147500,3761000.00,86,F1,1250,,,,,
2026-09-23,2026-09-23,CM,NSE,STK,4007,INE558D01021,CORALFINAC,EQ,,,,,CORAL INDIA FIN & HOUS LT,31.82,32.70,31.52,31.90,32.33,32.14,,31.90,,,3482,111177.26,123,F1,1,,,,,
2026-09-23,2026-09-23,CM,NSE,STK,15271,INE792I01017,CORDSCABLE,EQ,,,,,CORDS CABLE INDUS LTD.,398.00,406.95,342.35,369.65,369.90,382.90,,369.65,,,545284,207318703.55,18103,F1,1,,,,,
2026-09-23,2026-09-23,CM,NSE,STK,739,INE169A01031,COROMANDEL,EQ,,,,,COROMANDEL INTERNTL. LTD,1944.20,1989.00,1936.20,1956.00,1945.00,1944.90,,1955.98,,,144853,284677648.20,17653,F1,1,,,,,
2026-09-23,2026-09-23,CM,NSE,STK,760254,INE02ZQ01018,CORONA,EQ,,,,,CORONA REMEDIES LIMITED,2186.00,2197.30,2152.00,2163.40,2160.90,2181.50,,2163.43,,,16520,35856647.70,2556,F1,1,,,,,
2026-09-23,2026-09-23,CM,NSE,STK,742,INE757A01017,COSMOFIRST,EQ,,,,,COSMO FIRST LIMITED,861.55,883.30,860.00,867.20,862.00,862.75,,867.20,,,39315,34148754.25,3101,F1,1,,,,,
2026-09-23,2026-09-23,CM,NSE,STK,6385,INE652F01027,CCHHL,EQ,,,,,COUNTRY CLUB HOSP HOL LTD,13.09,13.89,12.90,13.42,13.40,12.94,,13.42,,,120817,1613824.67,461,F1,1,,,,,
2026-09-23,2026-09-23,CM,NSE,STK,16989,INE695B01025,COUNCODOS,BE,,,,,COUNTRY CONDO S LIMITED,6.39,6.50,6.16,6.38,6.21,6.33,,6.38,,,20935,133155.21,130,F1,1,,,,,
2026-09-23,2026-09-23,CM,NSE,STK,20086,INE521J01018,CPCAP,EQ,,,,,CP CAPITAL LIMITED,156.79,156.79,150.90,152.95,152.60,151.70,,152.95,,,24373,3745589.63,980,F1,1,,,,,
2026-09-23,2026-09-23,CM,NSE,STK,2328,INF457M01133,CPSEETF,EQ,,,,,CPSE ETF,92.94,93.61,92.77,93.20,93.20,92.94,,93.20,,,413128,38505450.83,9330,F1,1,,,,,
2026-09-23,2026-09-23,CM,NSE,STK,2854,INE00LO01017,CRAFTSMAN,EQ,,,,,CRAFTSMAN AUTOMATION LTD,10600.00,10990.00,10509.00,10904.00,10668.00,10602.00,,10904.90,,,51402,554356214.00,18212,F1,1,,,,,
2026-09-23,2026-09-23,CM,NSE,STK,764653,INE145E01017,CRAVATEX,EQ,,,,,CRAVATEX LTD.,326.10,349.70,323.00,341.70,340.25,326.15,,341.68,,,5646,1927177.30,57,F1,1,,,,,
2026-09-23,2026-09-23,CM,NSE,STK,16419,INE0OFK01019,CRAYONS,SM,,,,,CRAYONS ADVERTISING LTD,24.50,24.50,24.50,24.50,24.50,24.50,,24.50,,,1000,24500.00,1,F1,1000,,,,,
2026-09-23,2026-09-23,CM,NSE,STK,9384,INE230B01021,CREATIVEYE,EQ,,,,,CREATIVE EYE LIMITED,6.68,6.68,5.60,6.19,6.30,6.25,,6.19,,,59489,356769.98,299,F1,1,,,,,
2026-09-23,2026-09-23,CM,NSE,STK,23468,INE0R7401011,CGRAPHICS,SM,,,,,CREATIVE GRAPHICS S IND L,136.10,136.80,133.00,135.15,135.65,137.40,,135.15,,,46400,6262480.00,48,F1,800,,,,,
2026-09-23,2026-09-23,CM,NSE,STK,11155,INE985W01018,CNL,EQ,,,,,CREATIVE NEWTECH LIMITED,1101.00,1151.60,1101.00,1146.10,1149.00,1108.10,,1146.13,,,7197,8181429.50,928,F1,1,,,,,
2026-09-23,2026-09-23,CM,NSE,STK,765303,INE1KPX01025,CREDENT,SM,,,,,CREDENT CONNECT N CARE L,384.90,405.00,371.00,401.70,402.75,376.05,,401.70,,,190200,74890920.00,291,F1,600,,,,,
2026-09-23,2026-09-23,CM,NSE,STK,4421,INE741K01010,CREDITACC,EQ,,,,,CREDITACCESS GRAMEEN LTD,1353.00,1359.80,1343.50,1349.60,1348.90,1357.90,,1349.60,,,145556,196579310.00,16216,F1,1,,,,,
2026-09-23,2026-09-23,CM,NSE,STK,20878,INE220Q01020,MUFTI,EQ,,,,,CREDO BRANDS MARKETING L,73.34,73.89,72.31,73.20,73.15,73.34,,73.20,,,46267,3391370.96,587,F1,1,,,,,
2026-09-23,2026-09-23,CM,NSE,STK,765053,INE716D01033,CRSL,BE,,,,,CRESSANDA RAILWAY SOLUT L,2.62,2.67,2.52,2.53,2.55,2.61,,2.53,,,430257,1102002.15,517,F1,1,,,,,
2026-09-23,2026-09-23,CM,NSE,STK,13900,INE559D01011,CREST,EQ,,,,,CREST VENTURES LIMITED,369.95,370.00,357.55,366.00,360.55,363.70,,366.00,,,2311,840050.55,103,F1,1,,,,,
2026-09-23,2026-09-23,CM,NSE,STK,19097,INE203Y01012,CRESTO,EQ,,,,,CRESTO TECHNO LIMITED,20.00,20.90,16.17,20.14,20.09,19.21,,20.14,,,270186,5085241.09,1189,F1,1,,,,,
2026-09-23,2026-09-23,CM,NSE,STK,757,INE007A01025,CRISIL,EQ,,,,,CRISIL LTD,4525.00,4635.00,4510.50,4605.80,4632.50,4559.80,,4605.78,,,32752,150112158.60,6483,F1,1,,,,,
2026-09-23,2026-09-23,CM,NSE,STK,757850,INE0S4R01014,CRIZAC,EQ,,,,,CRIZAC LIMITED,178.56,180.85,175.80,176.50,177.85,177.03,,176.50,,,226048,40271856.78,4863,F1,1,,,,,
2026-09-23,2026-09-23,CM,NSE,STK,17094,INE299U01018,CROMPTON,EQ,,,,,CROMPT GREA CON ELEC LTD,223.30,226.76,222.60,223.43,223.43,222.00,,223.43,,,2224190,498664040.77,22306,F1,1,,,,,
2026-09-23,2026-09-23,CM,NSE,STK,18263,INE00NH01017,CLSL,ST,,,,,CROP LIFE SCIENCE LIMITED,70.00,70.00,70.00,70.00,70.00,70.05,,70.00,,,2000,140000.00,1,F1,2000,,,,,
2026-09-23,2026-09-23,CM,NSE,STK,8083,INE491V01019,CROWN,EQ,,,,,CROWN LIFTERS LIMITED,130.00,130.32,120.57,122.53,123.40,124.96,,122.53,,,45823,5754359.54,519,F1,1,,,,,
2026-09-23,2026-09-23,CM,NSE,STK,14966,INE679A01013,CSBBANK,EQ,,,,,CSB BANK LIMITED,334.40,337.50,332.75,336.40,336.00,334.95,,336.40,,,447626,150029222.20,19168,F1,1,,,,,
2026-09-23,2026-09-23,CM,NSE,STK,10350,INE718F01018,CSLFINANCE,EQ,,,,,CSL FINANCE LIMITED,222.00,223.00,213.95,216.95,218.00,220.24,,216.94,,,40117,8701249.15,1000,F1,1,,,,,
2026-09-23,2026-09-23,CM,NSE,STK,763753,INE0ZK601013,CSM,EQ,,,,,CSM TECHNOLOGIES LIMITED,105.15,108.27,102.80,103.93,103.05,105.15,,103.92,,,288893,30206279.68,3636,F1,1,,,,,
2026-09-23,2026-09-23,CM,NSE,STK,15078,INE0NR623014,CUBEINVIT,IV,,,,,CUBE HIGHWAYS TRUST,156.89,156.89,155.99,156.01,156.20,156.33,,156.01,,,2363764,369051538.94,1706,F1,1,,,,,
2026-09-23,2026-09-23,CM,NSE,STK,4064,INE144D01012,CUBEXTUB,EQ,,,,,CUBEX TUBINGS LTD,125.82,125.82,117.00,125.82,125.82,104.85,,125.82,,,1061637,132882148.42,3936,F1,1,,,,,
2026-09-23,2026-09-23,CM,NSE,STK,1901,INE298A01020,CUMMINSIND,EQ,,,,,CUMMINS INDIA LTD,5000.00,5053.50,4928.00,5010.00,5010.00,4962.50,,5010.02,,,235682,1180462639.00,32822,F1,1,,,,,
2026-09-23,2026-09-23,CM,NSE,STK,18520,INE509F01029,CUPID,EQ,,,,,CUPID LIMITED,259.45,276.40,255.20,273.85,275.25,258.20,,273.71,,,52637525,14132545448.00,274580,F1,1,,,,,
2026-09-23,2026-09-23,CM,NSE,STK,30191,INE117B01020,CURAA,BE,,,,,CURA TECHNOLOGIES LIMITED,73.00,73.00,70.00,72.00,72.00,72.00,,69.00,,,172,12339.00,9,F1,1,,,,,
2026-09-23,2026-09-23,CM,NSE,STK,759828,INE1BZN01016,CURIS,ST,,,,,CURIS LIFESCIENCES LTD,213.10,222.95,213.10,222.95,222.95,212.35,,222.95,,,12000,2652550.00,12,F1,1000,,,,,
2026-09-23,2026-09-23,CM,NSE,STK,758964,INE1CRQ01014,CURRENT,SM,,,,,CURRENT INFRAPROJECTS LTD,92.00,92.00,89.00,91.00,91.00,87.95,,91.00,,,11200,1020800.00,6,F1,1600,,,,,
2026-09-23,2026-09-23,CM,NSE,STK,11845,INE278G01037,CYBERMEDIA,BE,,,,,CYBER MEDIA (INDIA) LTD.,19.64,20.79,19.51,20.67,20.56,20.04,,20.74,,,34334,692422.16,112,F1,1,,,,,
2026-09-23,2026-09-23,CM,NSE,STK,11447,INE075Z01011,CMRSL,SM,,,,,CYBER MEDIA RES & SER LTD,70.85,70.85,70.85,70.85,70.85,67.50,,70.85,,,800,56680.00,1,F1,800,,,,,
2026-09-23,2026-09-23,CM,NSE,STK,6054,INE214A01019,CYBERTECH,BE,,,,,CYBERTECH SYSTEMS & SOFTW,139.79,139.79,137.00,137.33,138.20,138.36,,137.36,,,7167,984983.48,102,F1,1,,,,,
2026-09-23,2026-09-23,CM,NSE,STK,17187,INE055S01018,CYIENTDLM,EQ,,,,,CYIENT DLM LIMITED,917.70,968.00,915.00,963.50,962.00,917.20,,963.45,,,523966,497607823.25,28024,F1,1,,,,,
2026-09-23,2026-09-23,CM,NSE,STK,5748,INE136B01020,CYIENT,EQ,,,,,CYIENT LIMITED,1076.30,1087.70,1052.00,1072.20,1062.90,1079.00,,1072.13,,,310466,333817058.30,28595,F1,1,,,,,
2026-09-23,2026-09-23,CM,NSE,STK,16902,INE864X01013,DPWIRES,BE,,,,,D P WIRES LIMITED,159.80,161.94,155.50,161.94,161.94,154.23,,161.94,,,16771,2687155.64,187,F1,1,,,,,
2026-09-23,2026-09-23,CM,NSE,STK,17851,INE250K01012,DLINKINDIA,EQ,,,,,D-LINK INDIA LTD,427.00,431.00,422.50,426.10,425.10,423.55,,426.09,,,61110,26037585.55,2293,F1,1,,,,,
2026-09-23,2026-09-23,CM,NSE,STK,936,INE266Y01019,DPABHUSHAN,EQ,,,,,D. P. ABHUSHAN LIMITED,1462.10,1497.00,1449.00,1455.90,1460.00,1469.40,,1455.93,,,23394,34349339.20,2085,F1,1,,,,,
2026-09-23,2026-09-23,CM,NSE,STK,17881,INE950I01011,DBCORP,EQ,,,,,D.B.CORP LTD,184.56,184.56,181.87,182.22,182.09,183.04,,182.22,,,61966,11324408.60,2725,F1,1,,,,,
2026-09-23,2026-09-23,CM,NSE,STK,772,INE016A01026,DABUR,EQ,,,,,DABUR INDIA LTD,388.30,395.45,387.40,387.40,387.40,388.10,,387.41,,,1480659,579536100.25,26981,F1,1,,,,,
2026-09-23,2026-09-23,CM,NSE,STK,762636,INE928C01010,DAICHI,BE,,,,,DAI-ICHI KARKARIA LTD.,325.00,332.00,325.00,328.00,328.00,325.00,,328.00,,,111,36439.60,7,F1,1,,,,,
2026-09-23,2026-09-23,CM,NSE,STK,8075,INE00R701025,DALBHARAT,EQ,,,,,DALMIA BHARAT LIMITED,1741.10,1749.90,1729.10,1744.00,1749.00,1741.60,,1743.99,,,28368,49446601.50,4543,F1,1,,,,,
2026-09-23,2026-09-23,CM,NSE,STK,781,INE495A01022,DALMIASUG,EQ,,,,,DALMIA BHARAT SUG IN LTD,389.00,411.60,388.15,407.75,408.50,388.10,,407.82,,,236658,96003686.75,9920,F1,1,,,,,
2026-09-23,2026-09-23,CM,NSE,STK,28662,INE284H01025,DAMCAPITAL,EQ,,,,,DAM CAPITAL ADVISORS LTD,137.40,142.45,137.40,140.39,140.50,137.70,,140.39,,,218160,30576608.15,3721,F1,1,,,,,
2026-09-23,2026-09-23,CM,NSE,STK,17569,INE497D01022,DAMODARIND,BE,,,,,DAMODAR INDUSTRIES LTD,28.95,29.75,28.95,29.49,29.47,28.87,,29.49,,,7594,224109.21,57,F1,1,,,,,
2026-09-23,2026-09-23,CM,NSE,STK,1110,INE688Y01022,DANGEE,EQ,,,,,DANGEE DUMS LIMITED,2.70,2.83,2.67,2.70,2.70,2.70,,2.70,,,35687,97134.62,89,F1,1,,,,,
2026-09-23,2026-09-23,CM,NSE,STK,25927,INE0YU901016,DANISH,SM,,,,,DANISH POWER LIMITED,986.25,1010.00,963.00,1003.20,1010.00,986.25,,1003.20,,,38700,38061900.00,181,F1,150,,,,,
2026-09-23,2026-09-23,CM,NSE,STK,7358,INE0IX101010,DATAPATTNS,EQ,,,,,DATA PATTERNS INDIA LTD,4504.60,4516.00,4383.00,4422.40,4435.00,4484.90,,4422.44,,,361812,1606057703.30,34864,F1,1,,,,,
2026-09-23,2026-09-23,CM,NSE,STK,11423,INE365B01017,DATAMATICS,EQ,,,,,DATAMATICS GLOBAL SER LTD,766.80,814.90,766.80,789.85,789.00,765.30,,789.78,,,215120,171778974.30,10032,F1,1,,,,,
2026-09-23,2026-09-23,CM,NSE,STK,21794,INE179G01029,DAVANGERE,EQ,,,,,DAVANGERE SUGAR COMPANY L,2.31,2.31,2.16,2.20,2.20,2.26,,2.20,,,12500992,27736225.68,3755,F1,1,,,,,
2026-09-23,2026-09-23,CM,NSE,STK,31111,INE921B01025,DBSTOCKBRO,BE,,,,,DB (INT) STOCK BROKERS,29.00,30.59,28.75,30.00,30.59,29.21,,30.00,,,10180,304521.52,37,F1,1,,,,,
2026-09-23,2026-09-23,CM,NSE,STK,11566,INE0A1101019,DCI,EQ,,,,,DC INFOTECH AND COMUN LTD,275.85,277.25,266.40,268.60,268.90,275.85,,268.61,,,41762,11345914.15,1964,F1,1,,,,,
2026-09-23,2026-09-23,CM,NSE,STK,13725,INE503A01015,DCBBANK,EQ,,,,,DCB BANK LIMITED,218.89,224.71,218.11,223.69,224.00,218.58,,223.69,,,812051,181018456.34,19467,F1,1,,,,,
2026-09-23,2026-09-23,CM,NSE,STK,763717,INE04Q907199,1275DCC28,N0,,,,,DCCL 12.75% 2028,5976.00,5976.00,5976.00,5976.00,5976.00,7470.00,,5976.00,,,1,5976.00,1,F1,1,,,,,
2026-09-23,2026-09-23,CM,NSE,STK,23524,INE0S8401018,DCG,ST,,,,,DCG CABLES & WIRES LTD,70.55,74.35,68.05,74.10,74.00,70.90,,74.10,,,33600,2432460.00,27,F1,1200,,,,,
2026-09-23,2026-09-23,CM,NSE,STK,4775,INE891B01012,DCMFINSERV,EQ,,,,,DCM FINANCIAL SERVICES LT,4.80,5.16,4.80,5.01,4.95,5.09,,5.01,,,7680,38149.21,93,F1,1,,,,,
2026-09-23,2026-09-23,CM,NSE,STK,805,INE498A01018,DCM,EQ,,,,,DCM LTD,76.42,77.79,74.81,75.34,75.00,76.37,,75.19,,,9428,714229.48,263,F1,1,,,,,
2026-09-23,2026-09-23,CM,NSE,STK,11039,INE08KP01019,DCMNVL,EQ,,,,,DCM NOUVELLE LIMITED,179.99,185.00,178.00,179.43,180.00,178.04,,179.43,,,24354,4396436.18,285,F1,1,,,,,
2026-09-23,2026-09-23,CM,NSE,STK,760891,INE0OFM01015,DSFCL,EQ,,,,,DCM SHRIRAM FINE CHEM LTD,29.70,30.25,28.02,30.25,30.25,28.81,,30.48,,,93917,2787539.93,506,F1,1,,,,,
2026-09-23,2026-09-23,CM,NSE,STK,7325,INE843D01027,DCMSRIND,EQ,,,,,DCM SHRIRAM IND LTD,37.60,38.43,37.60,38.01,37.98,37.87,,38.01,,,184417,7020439.29,1644,F1,1,,,,,
2026-09-23,2026-09-23,CM,NSE,STK,760896,INE0OU201013,DCMSIL,EQ,,,,,DCM SHRIRAM INTERNATNL L,70.78,77.46,70.01,77.46,77.46,70.42,,77.47,,,281648,20906539.75,1393,F1,1,,,,,
2026-09-23,2026-09-23,CM,NSE,STK,811,INE499A01024,DCMSHRIRAM,EQ,,,,,DCM SHRIRAM LIMITED,980.00,986.90,975.20,980.00,979.00,979.30,,980.10,,,25367,24917133.90,4359,F1,1,,,,,
2026-09-23,2026-09-23,CM,NSE,STK,817,INE500A01029,DCW,EQ,,,,,DCW LTD,48.50,51.44,48.16,50.02,50.10,48.02,,50.02,,,8719090,438382315.98,37565,F1,1,,,,,
2026-09-23,2026-09-23,CM,NSE,STK,11895,INE0KL801015,DCXINDIA,EQ,,,,,DCX SYSTEMS LIMITED,163.50,166.37,163.50,164.73,164.93,163.50,,164.73,,,187156,30854117.46,3476,F1,1,,,,,
2026-09-23,2026-09-23,CM,NSE,STK,29098,INE0HR601026,DDEVPLSTIK,EQ,,,,,DDEV PLASTIKS IND LTD,262.65,263.55,260.50,262.60,261.50,260.45,,262.60,,,67705,17755735.40,2079,F1,1,,,,,
2026-09-23,2026-09-23,CM,NSE,STK,15449,INE0JWV01011,DENEERS,SM,,,,,DE NEERS TOOLS LIMITED,170.60,175.45,170.00,175.45,175.45,170.60,,175.45,,,20400,3498570.00,28,F1,600,,,,,
2026-09-23,2026-09-23,CM,NSE,STK,4279,INE244A01016,DENORA,EQ,,,,,DE NORA INDIA LIMITED,800.30,817.40,790.00,795.65,791.00,798.40,,796.52,,,4096,3287406.55,586,F1,1,,,,,
2026-09-23,2026-09-23,CM,NSE,STK,14838,INE583C01021,DECCANCE,EQ,,,,,DECCAN CEMENTS LIMITED,567.25,570.50,557.65,560.45,560.00,562.25,,560.45,,,49757,28095879.05,1230,F1,1,,,,,
2026-09-23,2026-09-23,CM,NSE,STK,762638,INE945F01025,DECNGOLD,EQ,,,,,DECCAN GOLD MINES LTD.,226.51,231.68,220.93,222.44,223.50,225.17,,222.44,,,1035225,233569095.90,15856,F1,1,,,,,
2026-09-23,2026-09-23,CM,NSE,STK,25421,INE0S7C01019,DECCANTRAN,SM,,,,,DECCAN TRANSCON LEASING L,21.30,22.35,21.00,21.50,21.50,21.30,,21.50,,,78000,1643700.00,15,F1,1200,,,,,
2026-09-23,2026-09-23,CM,NSE,STK,24154,INE841L01016,DEEDEV,EQ,,,,,DEE DEVELOPMENT ENG LTD,690.00,721.90,690.00,711.15,710.00,691.80,,711.15,,,250940,178417912.70,13180,F1,1,,,,,
2026-09-23,2026-09-23,CM,NSE,STK,22802,INE586O01011,DEEM,ST,,,,,DEEM ROLL TECH LIMITED,47.30,47.30,47.30,47.30,47.30,45.05,,47.30,,,3000,141900.00,3,F1,1000,,,,,
2026-09-23,2026-09-23,CM,NSE,STK,3292,INE0FHS01024,DEEPINDS,EQ,,,,,DEEP INDUSTRIES LIMITED,763.60,785.00,755.40,772.90,776.00,761.60,,772.91,,,335966,259747450.00,18064,F1,1,,,,,
2026-09-23,2026-09-23,CM,NSE,STK,765058,INE00IY01012,DEEP,BE,,,,,DEEP POLYMERS LTD.,45.35,47.50,44.52,46.10,46.10,45.56,,45.65,,,8123,372621.10,51,F1,1,,,,,
2026-09-23,2026-09-23,CM,NSE,STK,765931,INE1M2N01020,DEEPA,EQ,,,,,DEEPA JEWELLERS LIMITED,189.49,197.99,189.00,196.40,196.21,188.43,,196.39,,,3305468,644200492.25,39501,F1,1,,,,,
2026-09-23,2026-09-23,CM,NSE,STK,25892,INE0OPA01027,DBEIL,EQ,,,,,DEEPAK BUILDERS & ENG I L,7.00,7.14,6.31,6.80,6.91,7.00,,6.81,,,368295,2517305.34,1038,F1,1,,,,,
2026-09-23,2026-09-23,CM,NSE,STK,827,INE501A01019,DEEPAKFERT,EQ,,,,,DEEPAK FERTILIZERS & PETR,1349.90,1389.00,1349.80,1386.20,1388.00,1340.40,,1386.19,,,330051,452712796.90,16492,F1,1,,,,,
2026-09-23,2026-09-23,CM,NSE,STK,19943,INE288B01029,DEEPAKNTR,EQ,,,,,DEEPAK NITRITE LTD,1614.00,1639.00,1605.20,1635.80,1635.00,1613.20,,1635.80,,,109445,177786170.20,10474,F1,1,,,,,
2026-09-23,2026-09-23,CM,NSE,STK,22527,INE0SK801018,DELAPLEX,SM,,,,,DELAPLEX LIMITED,91.00,91.00,89.90,90.00,90.00,91.00,,90.00,,,4800,432420.00,5,F1,600,,,,,
2026-09-23,2026-09-23,CM,NSE,STK,9599,INE148O01028,DELHIVERY,EQ,,,,,DELHIVERY LIMITED,430.75,436.80,429.00,435.00,435.00,430.75,,435.00,,,3087778,1340119060.25,59772,F1,1,,,,,
2026-09-23,2026-09-23,CM,NSE,STK,24395,INE726L01027,DELPHIFX,BE,,,,,DELPHI WORLD MONEY LTD,5.63,5.63,5.63,5.63,5.63,5.37,,5.63,,,186505,1050023.15,156,F1,1,,,,,
2026-09-23,2026-09-23,CM,NSE,STK,29092,INE0XRN01019,DELTIC,SM,,,,,DELTA AUTOCORP LIMITED,33.00,34.60,33.00,34.60,34.60,33.00,,34.60,,,3000,102000.00,3,F1,1000,,,,,
2026-09-23,2026-09-23,CM,NSE,STK,15044,INE124G01033,DELTACORP,EQ,,,,,DELTA CORP LIMITED,62.30,69.00,61.77,68.65,68.85,61.77,,68.65,,,17802335,1191631166.68,78734,F1,1,,,,,
2026-09-23,2026-09-23,CM,NSE,STK,1214,INE393A01011,DELTAMAGNT,EQ,,,,,DELTA MANUFACTURING LTD,55.00,56.65,54.45,56.57,56.57,55.00,,56.57,,,695,38589.33,42,F1,1,,,,,
2026-09-23,2026-09-23,CM,NSE,STK,17722,INE947J01015,DEN,EQ,,,,,DEN NETWORKS LTD,26.26,26.96,26.26,26.84,26.90,26.26,,26.84,,,319639,8539056.34,1356,F1,1,,,,,
2026-09-23,2026-09-23,CM,NSE,STK,29256,INE0R4L01018,DENTA,EQ,,,,,DENTA WATER N INFRA SOL L,273.90,278.40,272.75,274.80,275.10,272.65,,274.84,,,74195,20406442.95,1651,F1,1,,,,,
2026-09-23,2026-09-23,CM,NSE,STK,759079,INE0VOV01021,DEVX,EQ,,,,,DEV ACCELERATOR LIMITED,34.81,35.46,34.81,35.00,35.00,35.06,,34.98,,,56997,1997747.16,471,F1,1,,,,,
2026-09-23,2026-09-23,CM,NSE,STK,8146,INE060X01034,DEVIT,EQ,,,,,DEV INFO TECHNOLOGY LTD,23.12,23.99,22.79,23.24,23.05,23.12,,23.24,,,24914,583495.36,504,F1,1,,,,,
2026-09-23,2026-09-23,CM,NSE,STK,5373,INE872J01023,DEVYANI,EQ,,,,,DEVYANI INTERNATIONAL LTD,144.31,144.39,139.20,140.11,139.80,144.51,,140.11,,,1344367,190475732.75,18036,F1,1,,,,,
2026-09-23,2026-09-23,CM,NSE,STK,764661,INE260R01016,DHABRIYA,BE,,,,,DHABRIYA POLYWOOD LTD.,508.00,508.00,485.50,494.70,502.00,505.25,,494.58,,,3914,1949398.35,108,F1,1,,,,,
2026-09-23,2026-09-23,CM,NSE,STK,10893,INE0I3401014,DBOL,EQ,,,,,DHAMPUR BIO ORGANICS LTD,114.24,117.55,114.24,115.63,116.00,114.81,,115.63,,,101634,11810332.07,2774,F1,1,,,,,
2026-09-23,2026-09-23,CM,NSE,STK,857,INE041A01016,DHAMPURSUG,EQ,,,,,DHAMPUR SUGAR MILLS LTD.,165.00,172.09,164.81,168.39,167.90,164.13,,168.39,,,581058,98301439.61,12133,F1,1,,,,,
2026-09-23,2026-09-23,CM,NSE,STK,11359,INE680A01011,DHANBANK,EQ,,,,,DHANLAXMI BANK LIMITED,29.16,30.10,29.16,30.01,30.10,29.18,,30.00,,,385760,11454995.18,1996,F1,1,,,,,
2026-09-23,2026-09-23,CM,NSE,STK,24418,INE0M3I01029,DHANSA,ST,,,,,DHANSA LABS LIMITED,29.00,29.00,29.00,29.00,29.00,29.00,,29.00,,,4000,116000.00,2,F1,2000,,,,,
2026-09-23,2026-09-23,CM,NSE,STK,24409,INE435G01025,DHANUKA,EQ,,,,,DHANUKA AGRITECH LTD,979.90,991.95,965.50,982.65,978.10,966.40,,982.72,,,30647,30043200.95,2987,F1,1,,,,,
2026-09-23,2026-09-23,CM,NSE,STK,760492,INE2HJL01019,DHARARAIL,ST,,,,,DHARA RAIL PROJECTS LTD,140.25,143.00,137.00,142.35,143.00,141.00,,142.35,,,33000,4625950.00,26,F1,1000,,,,,
2026-09-23,2026-09-23,CM,NSE,STK,759203,INE278R01034,DHARAN,BZ,,,,,DHARAN INFRA-EPC LIMITED,0.14,0.15,0.14,0.14,0.15,0.14,,0.14,,,5521492,799415.31,1142,F1,1,,,,,
2026-09-23,2026-09-23,CM,NSE,STK,24747,INE0YRN01025,DHARIWAL,SM,,,,,DHARIWALCORP LIMITED,25.00,25.35,23.75,25.00,25.35,24.90,,25.00,,,585000,14189850.00,43,F1,3000,,,,,
2026-09-23,2026-09-23,CM,NSE,STK,13001,INE00OQ01016,DHARMAJ,EQ,,,,,DHARMAJ CROP GUARD LTD,283.95,302.00,282.00,299.10,301.55,281.60,,299.11,,,108051,31711813.60,4093,F1,1,,,,,
2026-09-23,2026-09-23,CM,NSE,STK,765060,INE715T01031,DHATRE,EQ,,,,,DHATRE UDYOG LTD.,4.30,4.39,4.12,4.15,4.29,4.27,,4.15,,,33591,141499.46,180,F1,1,,,,,
2026-09-23,2026-09-23,CM,NSE,STK,764553,INE01NH01023,DHOOTTRANS,EQ,,,,,DHOOT TRANSMISSION LTD,1674.00,1685.00,1602.10,1615.40,1610.60,1653.20,,1615.35,,,1167338,1926486171.00,60917,F1,1,,,,,
2026-09-23,2026-09-23,CM,NSE,STK,6858,INE506Z01015,DHRUV,EQ,,,,,DHRUV CONSULTANCY SER LTD,21.99,22.55,20.75,21.07,20.85,21.57,,21.09,,,12966,273423.42,173,F1,1,,,,,
2026-09-23,2026-09-23,CM,NSE,STK,22233,INE320L01011,DHUNINV,EQ,,,,,DHUNSERI INVESTMENTS LTD,997.00,1017.00,985.00,1001.75,1017.00,983.60,,1001.75,,,423,421090.95,56,F1,1,,,,,
2026-09-23,2026-09-23,CM,NSE,STK,6239,INE341R01014,DTIL,BE,,,,,DHUNSERI TEA & IND. LTD.,142.90,142.90,140.50,141.22,141.00,142.90,,140.31,,,719,101693.07,29,F1,1,,,,,
2026-09-23,2026-09-23,CM,NSE,STK,15214,INE477B01010,DVL,EQ,,,,,DHUNSERI VENTURES LIMITED,281.90,294.95,281.90,292.20,290.00,283.25,,292.19,,,9043,2617595.40,350,F1,1,,,,,
2026-09-23,2026-09-23,CM,NSE,STK,18644,INE591D01014,DIAMINESQ,EQ,,,,,DIAMINES & CHEMICALS LTD,260.00,260.00,246.60,249.38,251.97,254.85,,249.38,,,5025,1256532.12,162,F1,1,,,,,
2026-09-23,2026-09-23,CM,NSE,STK,18545,INE989C01038,DIACABS,BE,,,,,DIAMOND POWER INFRA LTD,371.80,379.70,365.05,377.85,377.25,370.85,,377.69,,,1102551,410492889.90,9591,F1,1,,,,,
2026-09-23,2026-09-23,CM,NSE,STK,703,INE303A01010,DICIND,EQ,,,,,DIC INDIA LIMITED,669.00,674.00,658.70,665.65,668.00,654.25,,665.45,,,5033,3352556.30,602,F1,1,,,,,
2026-09-23,2026-09-23,CM,NSE,STK,24313,INE0JRD01019,DTL,SM,,,,,DIENSTEN TECH LIMITED,124.15,124.15,124.15,124.15,124.15,124.15,,124.15,,,1200,148980.00,1,F1,1200,,,,,
2026-09-23,2026-09-23,CM,NSE,STK,25672,INE184O01015,DIFFNKG,EQ,,,,,DIFFUSION ENGINEERS LTD,442.10,454.80,438.00,439.30,441.00,441.60,,439.31,,,112607,50085101.90,5056,F1,1,,,,,
2026-09-23,2026-09-23,CM,NSE,STK,10346,INE03JI01017,DGCONTENT,EQ,,,,,DIGICONTENT LIMITED,24.10,25.60,23.86,24.90,25.60,23.92,,24.90,,,1040,25357.92,18,F1,1,,,,,
2026-09-23,2026-09-23,CM,NSE,STK,21247,INE0PSC01024,DIGIDRIVE,EQ,,,,,DIGIDRIVE DISTRIBUTORS L,17.50,18.00,17.32,17.90,18.00,17.76,,17.89,,,14700,263208.23,148,F1,1,,,,,
2026-09-23,2026-09-23,CM,NSE,STK,19138,INE0QJ901011,DIGIKORE,SM,,,,,DIGIKORE STUDIOS LIMITED,35.70,38.50,34.00,37.50,38.50,35.60,,37.50,,,88400,3175940.00,121,F1,400,,,,,
2026-09-23,2026-09-23,CM,NSE,STK,16683,INE927C01020,DIGISPICE,EQ,,,,,DIGISPICE TECHNOLOGIES LT,16.59,16.80,16.11,16.50,16.49,16.40,,16.50,,,89439,1467834.10,282,F1,1,,,,,
2026-09-23,2026-09-23,CM,NSE,STK,757515,INE0U4701011,DIGITIDE,EQ,,,,,DIGITIDE SOLUTIONS LTD,81.20,83.50,80.13,81.13,80.70,81.82,,81.11,,,403826,32843082.52,5381,F1,1,,,,,
2026-09-23,2026-09-23,CM,NSE,STK,6136,INE731U01028,DIGJAMLMTD,BE,,,,,DIGJAM LTD,56.83,56.83,53.99,53.99,53.99,56.83,,53.99,,,13226,721000.45,118,F1,1,,,,,
2026-09-23,2026-09-23,CM,NSE,STK,641,INE016M01021,DNAMEDIA,EQ,,,,,DILIGENT MEDIA CORP LTD.,2.55,2.75,2.45,2.50,2.55,2.55,,2.50,,,99123,252417.86,128,F1,1,,,,,
2026-09-23,2026-09-23,CM,NSE,STK,18086,INE917M01012,DBL,EQ,,,,,DILIP BUILDCON LIMITED,424.00,424.40,412.45,413.55,413.00,423.10,,413.55,,,149163,62212998.95,5382,F1,1,,,,,
2026-09-23,2026-09-23,CM,NSE,STK,762643,INE131C01011,DISAQ,EQ,,,,,DISA INDIA LTD.,12168.00,12200.00,11940.00,12088.00,11950.00,12185.00,,12088.27,,,134,1618007.00,99,F1,1,,,,,
2026-09-23,2026-09-23,CM,NSE,STK,14537,INE836F01026,DISHTV,EQ,,,,,DISH TV INDIA LTD.,2.50,2.54,2.42,2.46,2.45,2.50,,2.46,,,2361940,5847476.45,1728,F1,1,,,,,
2026-09-23,2026-09-23,CM,NSE,STK,21704,INE385W01011,DCAL,EQ,,,,,DISHMAN CARBO AMCIS LTD,170.65,174.46,169.51,173.33,172.20,169.88,,173.34,,,134136,23104778.56,3014,F1,1,,,,,
2026-09-23,2026-09-23,CM,NSE,STK,14479,INE753U01022,DIVGIITTS,EQ,,,,,DIVGI TORQTRANSFER SYST L,1118.80,1186.00,1108.20,1177.10,1179.00,1118.90,,1177.16,,,144698,167074445.40,13054,F1,1,,,,,
2026-09-23,2026-09-23,CM,NSE,STK,10940,INE361B01024,DIVISLAB,EQ,,,,,DIVI S LABORATORIES LTD,9330.00,9624.00,9312.50,9624.00,9624.00,9352.00,,9623.95,,,489382,4653361195.00,50350,F1,1,,,,,
2026-09-23,2026-09-23,CM,NSE,STK,30262,INE0NA501011,DIVINEHIRA,ST,,,,,DIVINE HIRA JEWELLERS LTD,103.80,103.80,96.20,100.00,100.00,101.25,,100.00,,,42000,4097160.00,29,F1,1200,,,,,
2026-09-23,2026-09-23,CM,NSE,STK,24286,INE0SCO01019,DPEL,SM,,,,,DIVINE POWER ENERGY LTD,643.45,650.00,639.00,640.15,639.00,640.15,,640.15,,,18500,11918025.00,32,F1,500,,,,,
2026-09-23,2026-09-23,CM,NSE,STK,25680,INE0QYI01019,DIVYADHAN,ST,,,,,DIVYADHAN RECYCLING IND L,44.05,44.35,44.05,44.35,44.35,42.25,,44.35,,,12000,531600.00,3,F1,2000,,,,,
2026-09-23,2026-09-23,CM,NSE,STK,21690,INE935N01020,DIXON,EQ,,,,,DIXON TECHNO (INDIA) LTD,13084.00,13250.00,13055.00,13200.00,13200.00,13084.00,,13199.99,,,191704,2525229376.00,28890,F1,1,,,,,
2026-09-23,2026-09-23,CM,NSE,STK,12749,INE0B1K01014,DJML,EQ,,,,,DJ MEDIAPRINT & LOG LTD,74.30,74.90,71.25,72.70,71.80,74.45,,72.69,,,112048,8199067.77,1096,F1,1,,,,,
2026-09-23,2026-09-23,CM,NSE,STK,14732,INE271C01023,DLF,EQ,,,,,DLF LIMITED,669.00,681.00,668.00,675.00,675.00,669.50,,674.99,,,2425745,1638484644.80,50627,F1,1,,,,,
2026-09-23,2026-09-23,CM,NSE,STK,6973,INE505A01010,DMCC,EQ,,,,,DMCC SPECIALITY CHEMICALS,290.70,301.40,288.00,296.30,298.35,290.65,,296.30,,,107730,32085131.10,4071,F1,1,,,,,
2026-09-23,2026-09-23,CM,NSE,STK,22533,INE0OGG01015,DHTL,SM,,,,,DOCMODE HEALTH TECH LTD,26.15,27.00,26.15,27.00,27.00,27.50,,27.00,,,41600,1089560.00,15,F1,800,,,,,
2026-09-23,2026-09-23,CM,NSE,STK,4822,INE021O01019,DODLA,EQ,,,,,DODLA DAIRY LIMITED,1047.60,1064.80,1045.00,1048.60,1045.10,1047.60,,1048.60,,,19425,20432239.80,1761,F1,1,,,,,
2026-09-23,2026-09-23,CM,NSE,STK,12124,INE966A01022,DOLATALGO,EQ,,,,,DOLAT ALGOTECH LIMITED,68.30,69.90,67.30,68.72,69.60,68.16,,68.71,,,100410,6859947.93,871,F1,1,,,,,
2026-09-23,2026-09-23,CM,NSE,STK,20560,INE325C01035,DOLLAR,EQ,,,,,DOLLAR INDUSTRIES LIMITED,272.80,276.00,269.00,274.45,272.75,272.80,,274.48,,,44194,12038086.90,1784,F1,1,,,,,
2026-09-23,2026-09-23,CM,NSE,STK,765977,INE0JHH01011,DOLLEX,EQ,,,,,DOLLEX AGROTECH LIMITED,38.00,38.25,36.50,37.75,38.00,36.60,,37.70,,,86114,3263691.90,229,F1,1,,,,,
2026-09-23,2026-09-23,CM,NSE,STK,18139,INE920A01037,DOLPHIN,EQ,,,,,DOLPHIN OFF ENT (IND) L,722.00,749.50,702.65,723.55,722.00,724.30,,723.40,,,105950,76994612.00,7009,F1,1,,,,,
2026-09-23,2026-09-23,CM,NSE,STK,20551,INE321T01012,DOMS,EQ,,,,,DOMS INDUSTRIES LIMITED,2098.80,2147.00,2091.60,2141.50,2145.00,2098.80,,2141.50,,,32015,67992362.80,5898,F1,1,,,,,
2026-09-23,2026-09-23,CM,NSE,STK,13839,INE668D01028,DONEAR,EQ,,,,,DONEAR IND. LIMITED,82.60,83.75,82.16,83.13,83.20,82.50,,83.12,,,13479,1118355.82,139,F1,1,,,,,
2026-09-23,2026-09-23,CM,NSE,STK,15423,INE360C01024,DPSCLTD,BE,,,,,DPSC LIMITED,7.15,7.15,7.01,7.09,7.10,7.12,,7.09,,,42486,301124.56,328,F1,1,,,,,
2026-09-23,2026-09-23,CM,NSE,STK,29452,INE943P01029,AGARWALEYE,EQ,,,,,DR AGARWALS HEALTH CARE L,494.45,498.70,484.80,494.80,497.00,493.05,,494.82,,,329131,161664461.05,13880,F1,1,,,,,
2026-09-23,2026-09-23,CM,NSE,STK,762648,INE934C01018,DRAGARWQ,EQ,,,,,DR. AGARWAL'S EYE HOSP L,5206.50,5253.00,5194.00,5202.00,5194.00,5200.00,,5202.00,,,910,4735513.50,176,F1,1,,,,,
2026-09-23,2026-09-23,CM,NSE,STK,11654,INE600L01024,LALPATHLAB,EQ,,,,,DR. LAL PATH LABS LTD.,1903.00,1930.00,1890.00,1924.30,1930.00,1909.80,,1924.25,,,230347,439587668.90,42768,F1,1,,,,,
2026-09-23,2026-09-23,CM,NSE,STK,881,INE089A01031,DRREDDY,EQ,,,,,DR. REDDY S LABORATORIES,1210.00,1220.50,1205.90,1211.20,1211.20,1211.00,,1211.20,,,987420,1198381997.20,52294,F1,1,,,,,
2026-09-23,2026-09-23,CM,NSE,STK,2645,INE03RS01027,DRCSYSTEMS,EQ,,,,,DRC SYSTEMS INDIA LIMITED,12.76,12.88,12.31,12.67,12.70,12.29,,12.66,,,31414,393960.78,299,F1,1,,,,,
2026-09-23,2026-09-23,CM,NSE,STK,10859,INE0JS101016,DREAMFOLKS,EQ,,,,,DREAMFOLKS SERVICES LTD,63.88,64.25,62.10,63.91,64.24,63.04,,63.90,,,47951,3027816.48,1221,F1,1,,,,,
2026-09-23,2026-09-23,CM,NSE,STK,11271,INE506A01018,DREDGECORP,EQ,,,,,DREDGING CORP OF INDIA,993.80,1022.10,992.70,1017.50,1020.00,993.80,,1017.51,,,53819,54430451.30,4025,F1,1,,,,,
2026-09-23,2026-09-23,CM,NSE,STK,17372,INE0P7201019,DRONE,SM,,,,,DRONE DESTINATION LIMITED,33.95,33.95,33.50,33.50,33.50,33.15,,33.50,,,8000,269300.00,16,F1,500,,,,,
2026-09-23,2026-09-23,CM,NSE,STK,778,INE055C01020,KEEPLEARN,EQ,,,,,DSJ KEEP LEARNING LTD,1.88,1.89,1.81,1.84,1.87,1.84,,1.84,,,11868,21978.01,74,F1,1,,,,,
2026-09-23,2026-09-23,CM,NSE,STK,1927,INF740KA1EU7,LIQUIDETF,EQ,,,,,DSP LIQUID ETF,1000.00,1000.01,999.99,999.99,1000.00,999.99,,999.99,,,165175,165174949.14,169,F1,1,,,,,
2026-09-23,2026-09-23,CM,NSE,STK,761364,INF740KA1YH2,BANK10ADD,EQ,,,,,DSPAMC - BANK10ADD,16.63,16.72,16.57,16.59,16.57,16.56,,16.59,,,18817,313384.63,89,F1,1,,,,,
2026-09-23,2026-09-23,CM,NSE,STK,13644,INF740KA1RX3,BANKADD,EQ,,,,,DSPAMC - DSPBANK,57.82,58.08,57.78,58.01,58.08,57.68,,58.01,,,85517,4962933.77,63,F1,1,,,,,
2026-09-23,2026-09-23,CM,NSE,STK,15356,INF740KA1ZP2,GOLDADD,EQ,,,,,DSPAMC - DSPGOLD,14.71,14.75,14.64,14.65,14.68,14.69,,14.65,,,9154776,134383868.25,3812,F1,1,,,,,
2026-09-23,2026-09-23,CM,NSE,STK,17207,INF740KA1SX1,ITADD,EQ,,,,,DSPAMC - DSPIT,30.37,30.49,30.01,30.17,30.16,30.45,,30.17,,,14942,450068.61,226,F1,1,,,,,
2026-09-23,2026-09-23,CM,NSE,STK,6606,INF740KA1QK2,EQUAL50ADD,EQ,,,,,DSPAMC - DSPNEWETF,333.00,335.92,333.00,334.44,333.66,334.34,,334.46,,,28426,9514686.51,237,F1,1,,,,,
2026-09-23,2026-09-23,CM,NSE,STK,7451,INF740KA1CL0,NIFTYADD,EQ,,,,,DSPAMC - DSPNIFTY,243.92,247.78,243.92,246.62,246.61,246.38,,246.62,,,6083,1502493.50,97,F1,1,,,,,
2026-09-23,2026-09-23,CM,NSE,STK,17616,INF740KA1SY9,PSUBANKADD,EQ,,,,,DSPAMC - DSPPSBKETF,83.84,84.65,83.84,84.44,84.32,83.20,,84.36,,,37270,3145271.18,112,F1,1,,,,,
2026-09-23,2026-09-23,CM,NSE,STK,17576,INF740KA1TA7,PVTBANKADD,EQ,,,,,DSPAMC - DSPPVBKETF,27.82,27.93,27.76,27.77,27.87,27.91,,27.77,,,49593,1381100.66,93,F1,1,,,,,
2026-09-23,2026-09-23,CM,NSE,STK,7456,INF740KA1ZF3,MIDQ50ADD,EQ,,,,,DSPAMC - DSPQ50ETF,24.44,24.47,24.28,24.28,24.40,24.35,,24.28,,,29716,724262.89,90,F1,1,,,,,
2026-09-23,2026-09-23,CM,NSE,STK,17613,INF740KA1SZ6,SENSEXADD,EQ,,,,,DSPAMC - DSPSENXETF,77.22,77.53,77.00,77.06,77.00,77.06,,77.06,,,1463,112893.98,31,F1,1,,,,,
2026-09-23,2026-09-23,CM,NSE,STK,10761,INF740KA1ZQ0,SILVERADD,EQ,,,,,DSPAMC - DSPSILVETF,22.46,22.56,22.17,22.20,22.22,22.18,,22.20,,,6978831,155603934.99,5501,F1,1,,,,,
2026-09-23,2026-09-23,CM,NSE,STK,759368,INF740KA1WU9,FLEXIADD,EQ,,,,,DSPAMC - FLEXIADD,9.89,9.94,9.71,9.74,9.79,9.76,,9.74,,,103672,1011102.05,497,F1,1,,,,,
2026-09-23,2026-09-23,CM,NSE,STK,763530,INF740KA1ZA4,FMCGADD,EQ,,,,,DSPAMC - FMCGADD,45.84,46.65,45.43,45.86,46.65,45.84,,45.87,,,5975,275832.86,58,F1,1,,,,,
2026-09-23,2026-09-23,CM,NSE,STK,22592,INF740KA1ZG1,HEALTHADD,EQ,,,,,DSPAMC - HEALTHADD,16.90,17.05,16.88,16.90,16.88,16.90,,16.83,,,121051,2057022.26,62,F1,1,,,,,
2026-09-23,2026-09-23,CM,NSE,STK,23407,INF740KA1UM0,LIQUIDADD,EQ,,,,,DSPAMC - LIQUIDADD,1145.92,1145.94,1145.92,1145.93,1145.94,1145.78,,1145.93,,,441516,505948216.06,285,F1,1,,,,,
2026-09-23,2026-09-23,CM,NSE,STK,764428,INF740KA1ZH9,MIDBANKADD,EQ,,,,,DSPAMC - MIDBANKADD,17.19,17.31,17.19,17.25,17.31,17.06,,17.25,,,5644,97330.35,18,F1,1,,,,,
2026-09-23,2026-09-23,CM,NSE,STK,760356,INF740KA1WW5,MIDCAPADD,EQ,,,,,DSPAMC - MIDCAPADD,22.89,22.96,22.86,22.86,22.86,22.89,,22.86,,,4503,103189.86,21,F1,1,,,,,
2026-09-23,2026-09-23,CM,NSE,STK,759978,INF740KA1WV7,MSCIADD,EQ,,,,,DSPAMC - MSCIADD,28.91,28.91,28.88,28.88,28.88,28.91,,28.88,,,258,7455.34,6,F1,1,,,,,
2026-09-23,2026-09-23,CM,NSE,STK,29464,INF740KA1VE5,NEXT30ADD,EQ,,,,,DSPAMC - NEXT30ADD,42.10,42.33,42.05,42.25,42.25,42.10,,42.25,,,910,38446.44,38,F1,1,,,,,
2026-09-23,2026-09-23,CM,NSE,STK,760599,INF740KA1XU7,NEXT50ADD,EQ,,,,,DSPAMC - NEXT50ADD,72.70,72.88,72.61,72.88,72.88,72.57,,72.78,,,1066,77490.03,28,F1,1,,,,,
2026-09-23,2026-09-23,CM,NSE,STK,760359,INF740KA1WX3,SMALLADD,EQ,,,,,DSPAMC - SMALLADD,18.45,18.62,18.43,18.56,18.62,18.43,,18.56,,,31383,581484.43,101,F1,1,,,,,
2026-09-23,2026-09-23,CM,NSE,STK,25171,INF740KA1UR9,TOP10ADD,EQ,,,,,DSPAMC - TOP10ADD,84.69,85.09,84.44,84.58,84.44,84.53,,84.58,,,149597,12669670.72,431,F1,1,,,,,
2026-09-23,2026-09-23,CM,NSE,STK,13766,INE0LZO01015,DUCOL,SM,,,,,DUCOL ORGS AND COLOURS LT,126.00,126.00,124.00,124.00,124.00,124.00,,124.00,,,16000,2014400.00,2,F1,800,,,,,
2026-09-23,2026-09-23,CM,NSE,STK,28952,INE741L01018,DUCON,EQ,,,,,DUCON INFRATECHNOLOGIES L,1.57,1.60,1.54,1.60,1.60,1.46,,1.61,,,1509806,2398912.31,273,F1,1,,,,,
2026-09-23,2026-09-23,CM,NSE,STK,5457,INE0HPK01020,DUGLOBAL,SM,,,,,DUDIGITAL GLOBAL LIMITED,20.45,21.20,18.50,19.00,19.00,19.40,,19.00,,,1317500,25204250.00,311,F1,2500,,,,,
2026-09-23,2026-09-23,CM,NSE,STK,24164,INE0OUW01013,DURLAX,SM,,,,,DURLAX TOP SURFACE LTD,62.80,62.80,58.00,60.05,60.00,60.00,,60.05,,,60000,3588700.00,29,F1,2000,,,,,
2026-09-23,2026-09-23,CM,NSE,STK,11667,INE366A01041,DWARKESH,EQ,,,,,DWARIKESH SUGAR IND LTD,41.68,42.84,41.58,41.86,41.92,41.68,,41.86,,,1468253,61914998.48,7637,F1,1,,,,,
2026-09-23,2026-09-23,CM,NSE,STK,25690,INE417B01040,DSSL,EQ,,,,,DYNACONS SYS & SOLN LTD,1055.00,1055.00,1018.00,1030.40,1033.00,1022.20,,1030.38,,,16469,16940615.50,1707,F1,1,,,,,
2026-09-23,2026-09-23,CM,NSE,STK,4525,INE221B01012,DYNAMATECH,EQ,,,,,DYNAMATIC TECHNOLOGIES,12659.00,12966.00,12463.00,12561.00,12650.00,12516.00,,12560.70,,,37310,472905986.00,12351,F1,1,,,,,
2026-09-23,2026-09-23,CM,NSE,STK,10417,INE600Y01019,DYCL,EQ,,,,,DYNAMIC CABLES LIMITED,455.00,482.10,446.05,476.90,480.50,453.75,,476.92,,,762315,357880026.75,20530,F1,1,,,,,
2026-09-23,2026-09-23,CM,NSE,STK,6079,INE0DZ701010,DYNAMIC,SM,,,,,DYNAMIC SRVCS & SEC LTD,145.00,169.00,145.00,147.65,147.65,142.85,,147.65,,,40500,6274975.00,21,F1,500,,,,,
2026-09-23,2026-09-23,CM,NSE,STK,21314,INE256H01015,DYNPRO,EQ,,,,,DYNEMIC PRODUCTS LIMITED,231.08,235.00,227.71,234.58,232.05,231.51,,234.58,,,10982,2543213.01,393,F1,1,,,,,
2026-09-23,2026-09-23,CM,NSE,STK,19267,INE0KFF01017,EFACTOR,SM,,,,,E FACTOR EXPERIENCES LTD,160.00,160.00,150.00,151.05,158.45,156.40,,151.05,,,32800,5097900.00,39,F1,400,,,,,
2026-09-23,2026-09-23,CM,NSE,STK,760531,INE1CEJ01017,E2ERAIL,SM,,,,,E TO E TRANS INFRA LTD,328.80,335.00,315.60,320.75,315.60,325.60,,320.75,,,201600,65966280.00,185,F1,800,,,,,
2026-09-23,2026-09-23,CM,NSE,STK,8940,INE255Z01027,E2E,BE,,,,,E2E NETWORKS LIMITED,612.30,635.15,609.00,635.15,635.15,604.95,,635.11,,,1183557,745526644.95,15990,F1,1,,,,,
2026-09-23,2026-09-23,CM,NSE,STK,765065,INE595R01023,EASTWEST,EQ,,,,,EAST WEST FREIGHT CARRI L,2.41,2.42,2.30,2.39,2.39,2.30,,2.39,,,22527,53567.22,68,F1,1,,,,,
2026-09-23,2026-09-23,CM,NSE,STK,9769,INE962C01035,EASTSILK,BE,,,,,EASTERN SILK INDUSTRIES L,63.95,68.51,63.80,68.51,68.51,65.25,,68.51,,,2717,183133.91,32,F1,1,,,,,
2026-09-23,2026-09-23,CM,NSE,STK,2792,INE07O001026,EASEMYTRIP,EQ,,,,,EASY TRIP PLANNERS LTD,5.99,6.03,5.85,5.87,5.88,5.99,,5.87,,,9224928,54486660.61,7606,F1,1,,,,,
2026-09-23,2026-09-23,CM,NSE,STK,765073,INE432F01032,EBIX,BE,,,,,EBIX LIMITED,18.85,19.25,18.50,18.64,18.64,18.43,,18.71,,,20888,392941.15,84,F1,1,,,,,
2026-09-23,2026-09-23,CM,NSE,STK,759974,INE528S07110,888ECL28,N1,,,,,ECL 8.88% 2028 SR V,987.00,987.00,987.00,987.00,987.00,988.99,,987.94,,,90,88830.00,3,F1,1,,,,,
2026-09-23,2026-09-23,CM,NSE,STK,15179,INE738I01010,ECLERX,EQ,,,,,ECLERX SERVICES LTD,1924.10,1940.00,1909.60,1924.20,1939.80,1924.10,,1924.04,,,60071,115484010.40,8321,F1,1,,,,,
2026-09-23,2026-09-23,CM,NSE,STK,764663,INE316A01038,ECORECO,EQ,,,,,ECO RECYCLING LTD.,425.90,431.80,416.05,419.55,423.50,422.90,,419.88,,,9062,3851222.95,770,F1,1,,,,,
2026-09-23,2026-09-23,CM,NSE,STK,759961,INE0VBS01016,ECOLINE,SM,,,,,ECOLINE EXIM LIMITED,192.00,199.00,191.20,195.50,194.00,187.45,,195.50,,,62000,12077350.00,53,F1,1000,,,,,
2026-09-23,2026-09-23,CM,NSE,STK,25060,INE06HJ01020,ECOSMOBLTY,EQ,,,,,ECOS (INDIA) MOB & HOSP L,108.80,112.00,108.00,109.11,108.83,108.62,,109.23,,,41289,4514493.39,1049,F1,1,,,,,
2026-09-23,2026-09-23,CM,NSE,STK,7196,INF754K01OB1,BBETF0432,EQ,,,,,EDELAMC - BBETF0432,1341.10,1346.00,1332.00,1340.66,1332.00,1343.32,,1340.66,,,537,720148.39,21,F1,1,,,,,
2026-09-23,2026-09-23,CM,NSE,STK,764378,INF754K01XH9,EBANK10,EQ,,,,,EDELAMC - EBANK10,16.45,16.64,16.41,16.64,16.64,16.40,,16.64,,,763,12567.23,9,F1,1,,,,,
2026-09-23,2026-09-23,CM,NSE,STK,25258,INF754K01TE4,EBANKNIFTY,EQ,,,,,EDELAMC - EBANKNIFTY,57.20,57.23,56.99,57.21,57.21,56.95,,57.21,,,261,14930.72,12,F1,1,,,,,
2026-09-23,2026-09-23,CM,NSE,STK,16253,INF754K01KO2,EBBETF0430,EQ,,,,,EDELAMC - EBBETF0430,1611.25,1611.25,1607.15,1609.69,1610.49,1608.23,,1609.66,,,2994,4818994.07,201,F1,1,,,,,
2026-09-23,2026-09-23,CM,NSE,STK,22239,INF754K01LE1,EBBETF0431,EQ,,,,,EDELAMC - EBBETF0431,1431.00,1435.23,1430.01,1431.06,1430.95,1432.90,,1431.06,,,586,839341.68,58,F1,1,,,,,
2026-09-23,2026-09-23,CM,NSE,STK,13139,INF754K01QX0,EBBETF0433,EQ,,,,,EDELAMC - EBBETF0433,1305.00,1312.00,1303.00,1309.84,1312.00,1302.80,,1309.81,,,4211,5506356.53,116,F1,1,,,,,
2026-09-23,2026-09-23,CM,NSE,STK,29019,INF754K01TX4,ECAPINSURE,EQ,,,,,EDELAMC - ECAPINSURE,23.77,23.84,23.52,23.71,23.80,23.57,,23.71,,,22469,531822.40,151,F1,1,,,,,
2026-09-23,2026-09-23,CM,NSE,STK,19933,INF754K01SE6,EGOLD,EQ,,,,,EDELAMC - EGOLD,151.50,151.75,150.45,150.90,150.45,151.10,,150.90,,,36665,5538263.60,408,F1,1,,,,,
2026-09-23,2026-09-23,CM,NSE,STK,759466,INF754K01VW2,ELIQUID,EQ,,,,,EDELAMC - ELIQUID,1048.82,1048.84,1048.82,1048.83,1048.83,1048.70,,1048.83,,,25715,26970506.62,21,F1,1,,,,,
2026-09-23,2026-09-23,CM,NSE,STK,758952,INF754K01VV4,ELM250,EQ,,,,,EDELAMC - ELM250,16.36,16.40,16.14,16.20,16.14,16.26,,16.20,,,43871,714369.94,188,F1,1,,,,,
2026-09-23,2026-09-23,CM,NSE,STK,764367,INF754K01XI7,ELMDIV,EQ,,,,,EDELAMC - ELMDIV,35.70,36.70,35.46,35.76,35.76,35.52,,35.74,,,1472,52729.88,26,F1,1,,,,,
2026-09-23,2026-09-23,CM,NSE,STK,764288,INF754K01XG1,EMETAL,EQ,,,,,EDELAMC - EMETAL,12.99,13.31,12.99,13.23,13.23,12.92,,13.23,,,12959,170570.03,36,F1,1,,,,,
2026-09-23,2026-09-23,CM,NSE,STK,25996,INF754K01TF1,EMULTIMQ,EQ,,,,,EDELAMC - EMULTIMQ,41.38,41.76,41.11,41.32,41.11,41.52,,41.32,,,9962,413505.64,114,F1,1,,,,,
2026-09-23,2026-09-23,CM,NSE,STK,763540,INF754K01XF3,ENEXT50,EQ,,,,,EDELAMC - ENEXT50,72.25,72.25,71.81,72.16,72.16,71.90,,72.16,,,18,1296.52,3,F1,1,,,,,
2026-09-23,2026-09-23,CM,NSE,STK,759998,INF754K01VX0,ENIFTY,EQ,,,,,EDELAMC - ENIFTY,23.04,23.73,23.04,23.65,23.65,23.64,,23.65,,,1107,26162.84,51,F1,1,,,,,
2026-09-23,2026-09-23,CM,NSE,STK,759995,INF754K01VY8,ESENSEX,EQ,,,,,EDELAMC - ESENSEX,75.58,75.68,75.28,75.54,75.53,75.40,,75.54,,,872,65649.46,17,F1,1,,,,,
2026-09-23,2026-09-23,CM,NSE,STK,20257,INF754K01SF3,ESILVER,EQ,,,,,EDELAMC - ESILVER,230.10,233.55,229.25,229.58,229.93,229.60,,229.58,,,23457,5418142.01,1074,F1,1,,,,,
2026-09-23,2026-09-23,CM,NSE,STK,15119,INE532F01054,EDELWEISS,EQ,,,,,EDELWEISS FIN SERV LTD,142.20,146.00,140.05,142.03,142.48,141.16,,142.03,,,15211696,2173012785.64,71262,F1,1,,,,,
2026-09-23,2026-09-23,CM,NSE,STK,758675,INE886D01026,EFCIL,EQ,,,,,EFC (I) LIMITED,179.47,184.00,176.50,183.08,183.00,177.99,,183.08,,,258227,46633017.22,5140,F1,1,,,,,
2026-09-23,2026-09-23,CM,NSE,STK,24435,INE0U9101019,EFFWA,SM,,,,,EFFWA INFRA & RESEARCH L,364.00,375.00,363.05,365.70,363.05,363.90,,365.70,,,10000,3685260.00,18,F1,400,,,,,
2026-09-23,2026-09-23,CM,NSE,STK,910,INE066A01021,EICHERMOT,EQ,,,,,EICHER MOTORS LTD,7468.50,7485.00,7414.00,7470.00,7470.00,7427.00,,7469.90,,,215015,1602404293.00,29281,F1,1,,,,,
2026-09-23,2026-09-23,CM,NSE,STK,916,INE126A01031,EIDPARRY,EQ,,,,,EID PARRY INDIA LTD,695.70,708.20,692.55,701.40,701.00,695.55,,701.44,,,231077,162142132.55,14587,F1,1,,,,,
2026-09-23,2026-09-23,CM,NSE,STK,15399,INE276C01014,EIHAHOTELS,EQ,,,,,EIH ASSOCIATED HOTELS LTD,296.10,300.35,294.40,296.85,295.80,298.80,,296.86,,,8693,2581463.50,583,F1,1,,,,,
2026-09-23,2026-09-23,CM,NSE,STK,919,INE230A01023,EIHOTEL,EQ,,,,,EIH LIMITED,303.00,304.70,300.15,301.15,301.05,303.90,,301.18,,,98871,29836636.65,4698,F1,1,,,,,
2026-09-23,2026-09-23,CM,NSE,STK,4040,INE158B01016,EIMCOELECO,EQ,,,,,EIMCO ELECON (INDIA) LTD,2260.00,2328.80,2250.40,2297.80,2300.00,2256.10,,2297.95,,,17385,39852658.40,2811,F1,1,,,,,
2026-09-23,2026-09-23,CM,NSE,STK,764668,INE0CPR01018,EKI,EQ,,,,,EKI ENERGY SERVICES LTD,69.95,82.54,68.03,82.54,82.54,68.79,,83.01,,,106374,8451752.20,1593,F1,1,,,,,
2026-09-23,2026-09-23,CM,NSE,STK,762653,INE280B01018,ELANTAS,EQ,,,,,ELANTAS BECK INDIA LTD.,14481.00,14510.00,14000.00,14308.00,14400.00,14410.00,,14308.05,,,3349,47714804.00,1445,F1,1,,,,,
2026-09-23,2026-09-23,CM,NSE,STK,762658,INE927X01018,ELCIDIN,EQ,,,,,ELCID INVESTMENTS LTD.,105000.00,105900.00,103220.00,105800.00,105800.00,105000.00,,105800.00,,,11,1154650.00,11,F1,1,,,,,
2026-09-23,2026-09-23,CM,NSE,STK,8953,INE668G01021,ELDEHSG,EQ,,,,,ELDECO HSG & IND LTD.,773.80,789.90,771.00,779.75,780.00,780.00,,779.75,,,423,328794.95,39,F1,1,,,,,
2026-09-23,2026-09-23,CM,NSE,STK,13643,INE205B01031,ELECON,EQ,,,,,ELECON ENG. CO. LTD,420.55,476.90,420.10,466.60,466.30,420.55,,466.57,,,30987016,14335672449.95,428425,F1,1,,,,,
2026-09-23,2026-09-23,CM,NSE,STK,20899,INE0Q1W01012,EFORCE,SM,,,,,ELECTRO FORCE (INDIA) LTD,18.75,19.10,18.70,19.10,19.10,19.15,,19.10,,,4800,90360.00,4,F1,1200,,,,,
2026-09-23,2026-09-23,CM,NSE,STK,11530,INE02YR01019,EMIL,EQ,,,,,ELECTRONICS MART IND LTD,194.35,195.89,186.32,191.32,191.40,192.61,,191.32,,,3823676,735052440.17,47070,F1,1,,,,,
2026-09-23,2026-09-23,CM,NSE,STK,928,INE086A01029,ELECTCAST,EQ,,,,,ELECTROSTEEL CASTINGS LTD,72.80,74.52,72.55,74.22,74.35,72.88,,74.22,,,1390274,102568709.63,12015,F1,1,,,,,
2026-09-23,2026-09-23,CM,NSE,STK,4469,INE822G01016,ELECTHERM,EQ,,,,,ELECTROTHERM (I) LTD.,907.00,942.95,898.65,904.65,909.00,903.85,,904.66,,,14486,13271135.55,785,F1,1,,,,,
2026-09-23,2026-09-23,CM,NSE,STK,29595,INE0R9101015,ELGNZ,SM,,,,,ELEGANZ INTERIORS LIMITED,85.50,86.70,85.50,85.85,86.60,85.50,,85.85,,,9000,772900.00,9,F1,1000,,,,,
2026-09-23,2026-09-23,CM,NSE,STK,937,INE285A01027,ELGIEQUIP,EQ,,,,,ELGI EQUIPMENTS LTD,608.90,619.80,606.10,614.70,615.45,608.95,,614.66,,,252822,155347187.25,17277,F1,1,,,,,
2026-09-23,2026-09-23,CM,NSE,STK,24924,INE819L01012,ELGIRUBCO,EQ,,,,,ELGI RUBBER CO. LTD,58.05,59.88,58.05,59.35,59.60,59.77,,59.35,,,15662,928115.42,303,F1,1,,,,,
2026-09-23,2026-09-23,CM,NSE,STK,13423,INE050401020,ELIN,EQ,,,,,ELIN ELECTRONICS LIMITED,90.65,91.58,89.20,89.95,90.00,90.71,,89.95,,,89944,8093613.34,1421,F1,1,,,,,
2026-09-23,2026-09-23,CM,NSE,STK,762663,INE669R01026,ELITECON,EQ,,,,,ELITECON INTERNATIONAL L,9.09,9.17,8.61,9.13,9.15,8.74,,9.14,,,24189173,220115900.63,23366,F1,1,,,,,
2026-09-23,2026-09-23,CM,NSE,STK,758563,INE236E01022,ELLEN,EQ,,,,,ELLENBARRIE INDUS GASES L,359.60,375.90,357.00,371.30,370.00,357.10,,371.28,,,714065,263106386.65,20262,F1,1,,,,,
2026-09-23,2026-09-23,CM,NSE,STK,4471,INE579B01039,ELPROINTL,EQ,,,,,ELPRO INTERNATIONAL LTD,171.46,172.89,171.08,171.50,171.50,172.24,,171.50,,,3459,593442.32,119,F1,1,,,,,
2026-09-23,2026-09-23,CM,NSE,STK,29229,INE0ZOL01023,EMAPARTNER,SM,,,,,EMA PARTNERS INDIA LTD,82.00,83.90,82.00,82.10,82.00,82.00,,82.10,,,17000,1397900.00,10,F1,1000,,,,,
2026-09-23,2026-09-23,CM,NSE,STK,13517,INE548C01032,EMAMILTD,EQ,,,,,EMAMI LIMITED,392.05,407.65,389.10,391.45,392.00,390.00,,391.45,,,4467324,1788117979.25,75817,F1,1,,,,,
2026-09-23,2026-09-23,CM,NSE,STK,10084,INE830C01026,EMAMIPAP,BE,,,,,EMAMI PAPER MILLS LIMITED,114.90,117.90,113.85,115.60,115.67,113.81,,115.08,,,15632,1798564.44,126,F1,1,,,,,
2026-09-23,2026-09-23,CM,NSE,STK,19277,INE778K01012,EMAMIREAL,EQ,,,,,EMAMI REALTY LIMITED,69.00,71.40,69.00,69.58,69.75,68.00,,69.58,,,38442,2696058.28,349,F1,1,,,,,
2026-09-23,2026-09-23,CM,NSE,STK,14450,INE069I01010,EMBDL,EQ,,,,,EMBASSY DEVELOPMENTS LTD,58.78,61.84,57.72,61.22,60.60,58.43,,61.22,,,4137653,247924790.25,24078,F1,1,,,,,
2026-09-23,2026-09-23,CM,NSE,STK,9383,INE041025011,EMBASSY,RR,,,,,EMBASSY OFFICE PARKS REIT,440.97,440.98,436.22,437.44,437.69,440.97,,437.44,,,373146,163719867.87,14792,F1,1,,,,,
2026-09-23,2026-09-23,CM,NSE,STK,24398,INE168P01015,EMCURE,EQ,,,,,EMCURE PHARMACEUTICALS L,1955.00,1992.30,1955.00,1981.70,1980.00,1975.00,,1981.66,,,37562,74243554.20,5893,F1,1,,,,,
2026-09-23,2026-09-23,CM,NSE,STK,13421,INE296H01011,EMKAY,EQ,,,,,EMKAY GLOBAL FIN SERV LTD,266.75,277.00,262.15,270.60,270.00,264.55,,270.57,,,45325,12332097.95,1140,F1,1,,,,,
2026-09-23,2026-09-23,CM,NSE,STK,10253,INE332S01011,EMKAYTOOLS,SM,,,,,EMKAY TAP & CUT. TOOL LTD,94.15,97.80,94.15,95.00,95.00,94.10,,95.00,,,1050,100170.00,6,F1,150,,,,,
2026-09-23,2026-09-23,CM,NSE,STK,758591,INE0PXC01024,ETL,SM,,,,,EMKAY TOOLS LIMITED,1091.40,1125.00,1065.00,1118.00,1125.00,1070.00,,1118.00,,,1800,1981380.00,7,F1,150,,,,,
2026-09-23,2026-09-23,CM,NSE,STK,18146,INE753K01015,EMMBI,BE,,,,,EMMBI INDUSTRIES LIMITED,90.70,90.80,88.51,88.71,88.65,90.89,,88.71,,,5599,497704.09,60,F1,1,,,,,
2026-09-23,2026-09-23,CM,NSE,STK,759728,INE1C6T01020,EMMVEE,EQ,,,,,EMMVEE PHOTOVOLTAIC PWR L,340.80,341.90,327.10,333.10,332.00,339.75,,333.05,,,2792865,927299123.90,59565,F1,1,,,,,
2026-09-23,2026-09-23,CM,NSE,STK,764673,INE515H01014,EMPIND,EQ,,,,,EMPIRE INDUSTRIES LTD.,1049.90,1080.00,1044.50,1074.80,1074.00,1038.10,,1071.10,,,1503,1597759.80,209,F1,1,,,,,
2026-09-23,2026-09-23,CM,NSE,STK,762670,INE507F01023,EMPOWER,EQ,,,,,EMPOWER INDIA LTD.,2.06,2.06,2.06,2.06,2.06,2.16,,2.06,,,1644283,3387222.98,1162,F1,1,,,,,
2026-09-23,2026-09-23,CM,NSE,STK,18593,INE0OV601013,EMSLIMITED,EQ,,,,,EMS LIMITED,367.20,369.85,363.35,366.35,368.45,365.25,,366.35,,,125060,45826446.90,3890,F1,1,,,,,
2026-09-23,2026-09-23,CM,NSE,STK,9756,INE01QM01018,EMUDHRA,EQ,,,,,EMUDHRA LIMITED,647.00,676.00,630.10,637.80,636.00,649.25,,637.73,,,966799,631989441.60,32772,F1,1,,,,,
2026-09-23,2026-09-23,CM,NSE,STK,760321,INE433T01015,ENCOMPAS,SM,,,,,ENCOMPASS DESIGN INDIA L,255.00,255.00,255.00,255.00,255.00,255.00,,255.00,,,400,102000.00,1,F1,400,,,,,
2026-09-23,2026-09-23,CM,NSE,STK,18822,INE913H01037,ENDURANCE,EQ,,,,,ENDURANCE TECHNO. LTD.,2698.00,2745.60,2656.90,2669.60,2669.40,2693.70,,2669.69,,,57593,155460832.70,17193,F1,1,,,,,
2026-09-23,2026-09-23,CM,NSE,STK,15049,INE306C01019,ENERGYDEV,EQ,,,,,ENERGY DEVE. CO.LTD,14.55,15.14,14.55,14.71,14.69,14.54,,14.72,,,22249,329214.72,313,F1,1,,,,,
2026-09-23,2026-09-23,CM,NSE,STK,23745,INE0S1L01013,EMMIL,SM,,,,,ENERGY MISSION MACH IND L,120.00,129.95,115.75,127.65,128.80,119.80,,127.65,,,30000,3619087.50,76,F1,250,,,,,
2026-09-23,2026-09-23,CM,NSE,STK,23224,INE0S3X01014,ENFUSE,SM,,,,,ENFUSE SOLUTIONS LIMITED,150.00,150.00,150.00,150.00,150.00,150.00,,150.00,,,1200,180000.00,2,F1,600,,,,,
2026-09-23,2026-09-23,CM,NSE,STK,4907,INE510A01028,ENGINERSIN,EQ,,,,,ENGINEERS INDIA LTD,301.40,309.50,292.85,306.20,306.25,302.55,,306.20,,,11229270,3404396744.60,116974,F1,1,,,,,
2026-09-23,2026-09-23,CM,NSE,STK,764678,INE130L01014,ENKEIWHEL,EQ,,,,,ENKEI WHEELS (INDIA) LTD.,393.00,402.00,390.00,399.45,399.45,395.20,,395.98,,,444,176194.95,32,F1,1,,,,,
2026-09-23,2026-09-23,CM,NSE,STK,23230,INE0R9I01021,ENSER,SM,,,,,ENSER COMMUNICATIONS LTD,15.45,15.45,15.00,15.25,15.40,15.45,,15.25,,,80000,1221750.00,16,F1,5000,,,,,
2026-09-23,2026-09-23,CM,NSE,STK,22717,INE010601016,ENTERO,EQ,,,,,ENTERO HEALTHCARE SOLU L,1853.90,1867.00,1821.90,1842.50,1840.10,1841.80,,1842.51,,,164838,303606182.30,17075,F1,1,,,,,
2026-09-23,2026-09-23,CM,NSE,STK,13192,INE265F01028,ENIL,EQ,,,,,ENTERTAIN NET. IND. LTD.,99.50,100.80,99.15,100.17,100.58,99.64,,100.17,,,2106,210814.25,88,F1,1,,,,,
2026-09-23,2026-09-23,CM,NSE,STK,27213,INE0LLY01014,EIEL,EQ,,,,,ENVIRO INFRA ENGINEERS L,201.55,206.19,201.34,203.32,203.40,201.07,,203.33,,,442187,89934213.90,8450,F1,1,,,,,
2026-09-23,2026-09-23,CM,NSE,STK,25412,INE0SUH01015,ENVIRO,SM,,,,,ENVIROTECH SYSTEMS LTD,67.50,76.00,67.05,73.55,76.00,66.40,,73.55,,,35000,2481800.00,32,F1,1000,,,,,
2026-09-23,2026-09-23,CM,NSE,STK,22463,INE0G5901015,EPACK,EQ,,,,,EPACK DURABLE LIMITED,182.00,186.90,181.51,184.82,184.85,181.55,,184.82,,,348177,64362982.82,6074,F1,1,,,,,
2026-09-23,2026-09-23,CM,NSE,STK,759251,INE0MLS01022,EPACKPEB,EQ,,,,,EPACK PREFAB TECHN LTD,251.99,257.38,249.85,253.95,255.55,250.34,,253.93,,,891746,226087633.74,20139,F1,1,,,,,
2026-09-23,2026-09-23,CM,NSE,STK,5382,INE071N01016,EPIGRAL,EQ,,,,,EPIGRAL LIMITED,1105.90,1114.90,1084.20,1093.60,1102.00,1100.90,,1093.70,,,27575,30330642.70,2578,F1,1,,,,,
2026-09-23,2026-09-23,CM,NSE,STK,981,INE255A01020,EPL,EQ,,,,,EPL LIMITED,238.50,240.85,234.20,239.10,239.45,236.65,,239.10,,,1215471,288747476.05,21442,F1,1,,,,,
2026-09-23,2026-09-23,CM,NSE,STK,758349,INE11HF01010,EEPL,ST,,,,,EPPELTONE ENGINEERS LTD,129.60,134.90,129.60,134.90,134.90,129.55,,134.90,,,6000,797900.00,6,F1,1000,,,,,
2026-09-23,2026-09-23,CM,NSE,STK,761217,INE1KEC01023,EPWINDIA,ST,,,,,EPW INDIA LIMITED,235.05,240.50,235.00,240.50,240.50,240.00,,240.50,,,8400,1998660.00,6,F1,1200,,,,,
2026-09-23,2026-09-23,CM,NSE,STK,3553,INE217G01035,EQUIPPP,BE,,,,,EQUIPPP SOC IMP TECH LTD,23.00,23.00,22.40,22.63,22.99,22.78,,22.68,,,6248,140845.12,52,F1,1,,,,,
2026-09-23,2026-09-23,CM,NSE,STK,913,INE063P01018,EQUITASBNK,EQ,,,,,EQUITAS SMALL FIN BNK LTD,72.91,74.06,72.05,72.27,72.30,72.91,,72.27,,,1571676,114564432.72,12305,F1,1,,,,,
2026-09-23,2026-09-23,CM,NSE,STK,21154,INE406M01024,ERIS,EQ,,,,,ERIS LIFESCIENCES LIMITED,1271.20,1285.70,1265.10,1269.90,1269.50,1271.20,,1269.90,,,45891,58332663.40,3204,F1,1,,,,,
2026-09-23,2026-09-23,CM,NSE,STK,955,INE284A01012,ESABINDIA,EQ,,,,,ESAB INDIA LTD,5650.00,5699.00,5590.00,5604.50,5596.00,5654.50,,5604.67,,,2657,14959416.00,1059,F1,1,,,,,
2026-09-23,2026-09-23,CM,NSE,STK,19884,INE818W01011,ESAFSFB,BE,,,,,ESAF SMALL FINANCE BANK L,39.80,41.22,38.70,40.69,40.55,39.46,,40.69,,,566845,22863984.32,1758,F1,1,,,,,
2026-09-23,2026-09-23,CM,NSE,STK,22767,INE0RQZ01017,ESCONET,ST,,,,,ESCONET TECHNOLOGIES LTD,200.10,216.20,195.70,216.20,216.20,205.95,,216.20,,,38400,7983400.00,83,F1,400,,,,,
2026-09-23,2026-09-23,CM,NSE,STK,958,INE042A01014,ESCORTS,EQ,,,,,ESCORTS KUBOTA LIMITED,2803.90,2829.00,2784.90,2796.90,2795.00,2793.60,,2796.92,,,95760,268744606.00,12625,F1,1,,,,,
2026-09-23,2026-09-23,CM,NSE,STK,765553,INE0DRI01029,ESDS,EQ,,,,,ESDS SOFTWARE SOLUTION L,1724.85,1811.05,1706.45,1770.70,1733.70,1724.85,,1771.48,,,3048927,5446387696.80,70370,F1,1,,,,,
2026-09-23,2026-09-23,CM,NSE,STK,24678,INE0SBP01018,ESPRIT,SM,,,,,ESPRIT STONES LIMITED,65.00,65.00,65.00,65.00,65.00,66.00,,65.00,,,1600,104000.00,1,F1,1600,,,,,
2026-09-23,2026-09-23,CM,NSE,STK,25634,INE122M01019,ESSARSHPNG,EQ,,,,,ESSAR SHIPPING LTD,15.61,16.50,15.61,16.38,16.43,15.63,,16.37,,,214690,3498602.70,790,F1,1,,,,,
2026-09-23,2026-09-23,CM,NSE,STK,17084,INE0ITO01014,ESFL,SM,,,,,ESSEN SPECIALITY FILMS L,123.25,123.40,122.00,123.20,123.20,125.85,,123.20,,,10800,1324944.00,23,F1,360,,,,,
2026-09-23,2026-09-23,CM,NSE,STK,24265,INE778B01029,ESTER,EQ,,,,,ESTER INDUSTRIES LTD,86.51,88.59,86.50,88.32,88.51,87.11,,88.32,,,25566,2252075.61,645,F1,1,,,,,
2026-09-23,2026-09-23,CM,NSE,STK,5097,INE758T01015,ETERNAL,EQ,,,,,ETERNAL LIMITED,344.40,344.40,340.55,342.65,342.65,342.00,,342.65,,,18360484,6288247674.35,170827,F1,1,,,,,
2026-09-23,2026-09-23,CM,NSE,STK,9750,INE04TZ01018,ETHOSLTD,EQ,,,,,ETHOS LIMITED,2657.30,2749.00,2617.60,2660.20,2680.00,2613.30,,2660.46,,,84295,227502010.30,17542,F1,1,,,,,
2026-09-23,2026-09-23,CM,NSE,STK,25162,INE0KCE01017,EUREKAFORB,EQ,,,,,EUREKA FORBES LIMITED,377.40,383.00,376.35,378.45,379.80,377.30,,378.38,,,125260,47572006.40,7694,F1,1,,,,,
2026-09-23,2026-09-23,CM,NSE,STK,6042,INE546V01010,EIFFL,BE,,,,,EURO (I) FRESH FOODS LTD,257.45,261.25,257.45,261.25,261.25,256.15,,261.25,,,710,184673.80,11,F1,1,,,,,
2026-09-23,2026-09-23,CM,NSE,STK,757953,INE505V01016,EUROBOND,EQ,,,,,EURO PANEL PRODUCTS LTD,153.11,157.90,146.34,152.22,155.00,153.10,,152.22,,,8543,1295171.43,126,F1,1,,,,,
2026-09-23,2026-09-23,CM,NSE,STK,759797,INE198501012,EUROPRATIK,EQ,,,,,EURO PRATIK SALES LIMITED,219.80,229.00,218.45,220.15,220.00,218.45,,220.19,,,330401,73707485.60,8519,F1,1,,,,,
2026-09-23,2026-09-23,CM,NSE,STK,8886,INE022C01012,EUROTEXIND,BE,,,,,EUROTEX IND & EXPORTS LTD,12.26,12.84,11.65,11.65,11.65,12.26,,11.46,,,1092,13335.91,10,F1,1,,,,,
2026-09-23,2026-09-23,CM,NSE,STK,11782,INE128A01029,EVEREADY,EQ,,,,,EVEREADY INDS. IND.  LTD.,329.05,332.00,325.50,328.50,327.75,329.05,,328.50,,,50486,16604729.30,1979,F1,1,,,,,
2026-09-23,2026-09-23,CM,NSE,STK,6017,INE295A01018,EVERESTIND,BE,,,,,EVEREST INDUSTRIES LTD,432.00,452.85,432.00,445.65,448.00,432.45,,445.61,,,8466,3765280.25,211,F1,1,,,,,
2026-09-23,2026-09-23,CM,NSE,STK,13091,INE184H01027,EKC,EQ,,,,,EVEREST KANTO CYLINDERLTD,100.90,119.33,100.90,113.66,114.05,100.81,,113.65,,,23855254,2723001037.03,148749,F1,1,,,,,
2026-09-23,2026-09-23,CM,NSE,STK,11471,INE369A01029,EXCELINDUS,EQ,,,,,EXCEL INDUSTRIES LTD,957.30,973.30,952.10,963.30,969.00,952.60,,963.18,,,8868,8521453.00,1374,F1,1,,,,,
2026-09-23,2026-09-23,CM,NSE,STK,760007,INE606N01019,EXCELSOFT,EQ,,,,,EXCELSOFT TECHNOLOGIES L,83.96,83.96,80.22,80.94,81.50,82.85,,80.96,,,457531,37376552.27,4166,F1,1,,,,,
2026-09-23,2026-09-23,CM,NSE,STK,22947,INE777F01014,EXICOM,EQ,,,,,EXICOM TELE SYSTEMS LTD,162.35,171.20,162.35,168.09,168.20,161.44,,168.08,,,1676574,283069426.89,16595,F1,1,,,,,
2026-09-23,2026-09-23,CM,NSE,STK,676,INE302A01020,EXIDEIND,EQ,,,,,EXIDE INDUSTRIES LTD,430.05,432.20,423.65,425.95,424.90,429.70,,425.98,,,1111617,475248184.35,27126,F1,1,,,,,
2026-09-23,2026-09-23,CM,NSE,STK,760422,INE19I001020,EXIMROUTES,SM,,,,,EXIM ROUTES LIMITED,87.00,91.45,87.00,90.60,90.50,89.20,,90.60,,,14400,1287520.00,12,F1,800,,,,,
2026-09-23,2026-09-23,CM,NSE,STK,17486,INE201K01015,EXPLEOSOL,EQ,,,,,EXPLEO SOLUTIONS LIMITED,881.40,883.95,866.75,872.45,872.10,877.20,,871.62,,,11577,10138389.20,1051,F1,1,,,,,
2026-09-23,2026-09-23,CM,NSE,STK,5352,INE0GFE01026,EXXARO,EQ,,,,,EXXARO TILES LIMITED,6.27,6.32,6.15,6.27,6.26,6.23,,6.27,,,67787,423999.38,250,F1,1,,,,,
2026-09-23,2026-09-23,CM,NSE,STK,760125,INE0HF201011,FABTECH,EQ,,,,,FABTECH TECHNOLOGIES LTD,148.25,149.80,147.01,148.64,148.00,147.02,,148.66,,,83406,12412063.60,1327,F1,1,,,,,
2026-09-23,2026-09-23,CM,NSE,STK,1008,INE188A01015,FACT,EQ,,,,,FACT LTD,794.75,804.85,792.70,796.70,795.20,798.45,,796.69,,,133669,106707124.40,8100,F1,1,,,,,
2026-09-23,2026-09-23,CM,NSE,STK,1619,INE0DNW01011,FAIRCHEMOR,BE,,,,,FAIRCHEM ORGANICS LIMITED,639.80,639.80,625.00,626.65,625.30,636.60,,626.50,,,3960,2498209.95,306,F1,1,,,,,
2026-09-23,2026-09-23,CM,NSE,STK,24150,INE0PQK01013,FALCONTECH,SM,,,,,FALCON TECHNOPROJ IND LTD,13.40,13.60,12.40,13.00,13.00,13.05,,13.00,,,9600,125220.00,8,F1,1200,,,,,
2026-09-23,2026-09-23,CM,NSE,STK,765368,INE1Q2D01019,FASCINATE,SM,,,,,FASCINATE TEXTILES LTD,55.25,55.30,55.25,55.30,55.30,52.70,,55.30,,,70400,3893000.00,42,F1,800,,,,,
2026-09-23,2026-09-23,CM,NSE,STK,12000,INE963C01033,FAZE3Q,EQ,,,,,FAZE THREE LIMITED,424.00,442.80,424.00,438.05,432.05,422.85,,438.02,,,13944,6044392.30,834,F1,1,,,,,
2026-09-23,2026-09-23,CM,NSE,STK,11999,INE512B01022,FCSSOFT,EQ,,,,,FCS SOFTWARE SOLN. LTD.,1.38,1.39,1.36,1.36,1.37,1.38,,1.36,,,1939753,2665742.82,1011,F1,1,,,,,
2026-09-23,2026-09-23,CM,NSE,STK,4898,INE258B01022,FDC,EQ,,,,,FDC LIMITED,356.50,357.80,349.00,349.95,350.00,356.50,,349.97,,,128884,45457576.15,5888,F1,1,,,,,
2026-09-23,2026-09-23,CM,NSE,STK,20322,INE007N01010,FEDFINA,EQ,,,,,FEDBANK FINANCIAL SER L,153.40,156.00,151.14,153.42,153.50,152.14,,153.42,,,1046301,161136955.12,12730,F1,1,,,,,
2026-09-23,2026-09-23,CM,NSE,STK,762675,INE417D01020,FEDDERSHOL,EQ,,,,,FEDDERS HOLDING LTD.,65.11,69.75,60.71,67.22,67.30,64.80,,67.22,,,32953487,2177031085.40,95216,F1,1,,,,,
2026-09-23,2026-09-23,CM,NSE,STK,1023,INE171A01029,FEDERALBNK,EQ,,,,,FEDERAL BANK LTD,328.45,331.30,325.25,331.30,331.30,327.00,,331.30,,,5137220,1683813496.20,60925,F1,1,,,,,
2026-09-23,2026-09-23,CM,NSE,STK,1190,INE529A01010,FMGOETZE,EQ,,,,,FEDERAL-MOGUL GOETZE (IND,448.50,459.50,445.10,453.55,455.90,446.75,,453.53,,,200283,90941410.75,5640,F1,1,,,,,
2026-09-23,2026-09-23,CM,NSE,STK,573,INE901X01013,FELIX,SM,,,,,FELIX INDUSTRIES LTD.,207.50,208.00,200.60,204.30,204.95,209.40,,204.30,,,33000,6737500.00,52,F1,500,,,,,
2026-09-23,2026-09-23,CM,NSE,STK,762680,INE225B01021,FERMENTA,EQ,,,,,FERMENTA BIOTECH LTD.,470.30,490.00,470.30,475.50,474.50,470.60,,475.33,,,69810,33578087.60,3655,F1,1,,,,,
2026-09-23,2026-09-23,CM,NSE,STK,8159,INE296C01020,FIBERWEB,EQ,,,,,FIBERWEB INDIA LIMITED,26.00,26.89,26.00,26.48,26.60,26.14,,26.48,,,5470,144176.11,95,F1,1,,,,,
2026-09-23,2026-09-23,CM,NSE,STK,9858,INE0LQQ01019,FIDEL,SM,,,,,FIDEL SOFTECH LIMITED,168.00,177.00,168.00,175.25,177.00,168.00,,175.25,,,30000,5181750.00,26,F1,1000,,,,,
2026-09-23,2026-09-23,CM,NSE,STK,13710,INE737H01014,FIEMIND,EQ,,,,,FIEM INDUSTRIES LIMITED,1907.10,1938.00,1897.00,1924.50,1924.90,1906.70,,1924.52,,,67467,129681807.50,11026,F1,1,,,,,
2026-09-23,2026-09-23,CM,NSE,STK,23647,INE185E01021,FILATFASH,EQ,,,,,FILATEX FASHIONS LIMITED,0.18,0.18,0.17,0.18,0.18,0.17,,0.19,,,12407028,2233252.19,637,F1,1,,,,,
2026-09-23,2026-09-23,CM,NSE,STK,24532,INE816B01035,FILATEX,EQ,,,,,FILATEX INDIA LTD,101.24,111.50,100.61,108.72,108.00,101.07,,108.72,,,19496415,2120821546.25,97681,F1,1,,,,,
2026-09-23,2026-09-23,CM,NSE,STK,759776,INE0EDU01014,FINBUD,SM,,,,,FINBUD FINANCIAL SERV LTD,118.80,118.80,113.45,114.50,114.50,116.05,,114.50,,,16000,1843650.00,16,F1,1000,,,,,
2026-09-23,2026-09-23,CM,NSE,STK,3744,INE686Y01026,FINEORG,EQ,,,,,FINE ORGANIC IND. LTD.,5175.00,5189.00,5063.00,5096.50,5100.00,5159.50,,5096.34,,,15254,78154651.00,4710,F1,1,,,,,
2026-09-23,2026-09-23,CM,NSE,STK,6198,INE045J01034,FCL,EQ,,,,,FINEOTEX CHEMICAL LIMITED,57.20,58.09,56.20,56.81,56.88,57.39,,56.81,,,12216676,697171338.80,47438,F1,1,,,,,
2026-09-23,2026-09-23,CM,NSE,STK,759239,INE734I01027,FINKURVE,EQ,,,,,FINKURVE FINANCIAL SERV L,71.69,71.70,69.50,70.12,70.21,70.39,,70.10,,,35900,2527363.95,805,F1,1,,,,,
2026-09-23,2026-09-23,CM,NSE,STK,6579,INE02NC01014,FINOPB,EQ,,,,,FINO PAYMENTS BANK LTD,132.00,134.29,132.00,132.68,132.89,133.02,,132.67,,,272069,36111485.22,3400,F1,1,,,,,
2026-09-23,2026-09-23,CM,NSE,STK,1038,INE235A01022,FINCABLES,EQ,,,,,FINOLEX CABLES LTD,1475.00,1488.40,1441.00,1470.20,1470.00,1468.10,,1470.19,,,594101,871037179.70,31177,F1,1,,,,,
2026-09-23,2026-09-23,CM,NSE,STK,1041,INE183A01024,FINPIPE,EQ,,,,,FINOLEX INDUSTRIES LTD,152.95,155.95,152.05,154.16,154.80,152.94,,154.17,,,604745,93044118.49,9952,F1,1,,,,,
2026-09-23,2026-09-23,CM,NSE,STK,14304,INE684F01012,FSL,EQ,,,,,FIRSTSOURCE SOLU. LTD.,267.00,271.75,267.00,267.85,268.00,269.50,,267.84,,,443067,119121157.75,10802,F1,1,,,,,
2026-09-23,2026-09-23,CM,NSE,STK,757658,INE771F01041,FISCHER,EQ,,,,,FISCHER MEDICAL VENTURE L,33.20,36.15,33.13,35.03,35.00,32.95,,35.03,,,2948354,103144856.36,13693,F1,1,,,,,
2026-09-23,2026-09-23,CM,NSE,STK,12032,INE128S01021,FIVESTAR,EQ,,,,,FIVE-STAR BUS FIN LTD,524.50,552.00,524.50,549.70,548.00,524.85,,549.70,,,871098,472307539.80,43199,F1,1,,,,,
2026-09-23,2026-09-23,CM,NSE,STK,20372,INE00Y201027,FLAIR,EQ,,,,,FLAIR WRITING INDUST LTD,241.50,246.20,232.50,240.79,241.90,241.29,,240.80,,,94056,22551560.80,2745,F1,1,,,,,
2026-09-23,2026-09-23,CM,NSE,STK,25516,INE060J01017,FLEXITUFF,BE,,,,,FLEXITUFF VENTURES INT L,2.73,2.73,2.73,2.73,2.73,2.68,,2.74,,,6852,18705.96,24,F1,1,,,,,
2026-09-23,2026-09-23,CM,NSE,STK,758208,INE0VCK01011,FLYSBS,SM,,,,,FLYSBS AVIATION LIMITED,674.25,680.00,651.05,667.20,669.00,673.20,,667.20,,,62000,41201010.00,200,F1,200,,,,,
2026-09-23,2026-09-23,CM,NSE,STK,760331,INE0SQZ01015,FWSTC,SM,,,,,FLYWINGS SIMULAT T C LTD,170.00,170.00,170.00,170.00,170.00,170.00,,170.00,,,600,102000.00,1,F1,600,,,,,
2026-09-23,2026-09-23,CM,NSE,STK,6839,INE593W01028,FOCUS,BE,,,,,FOCUS LIGHTG & FIXTRS LTD,60.73,60.90,59.51,60.10,59.93,59.97,,60.10,,,35641,2147062.40,155,F1,1,,,,,
2026-09-23,2026-09-23,CM,NSE,STK,22520,INE0Q4701019,FONEBOX,ST,,,,,FONEBOX RETAIL LIMITED,152.10,152.10,152.10,152.10,152.10,144.90,,152.10,,,22000,3346200.00,15,F1,1000,,,,,
2026-09-23,2026-09-23,CM,NSE,STK,6673,INE976E01023,FOODSIN,EQ,,,,,FOODS & INNS LIMITED,53.03,54.19,53.03,53.41,53.40,53.83,,53.45,,,207867,11129597.48,1066,F1,1,,,,,
2026-09-23,2026-09-23,CM,NSE,STK,24917,INE0U2501017,FORCAS,ST,,,,,FORCAS STUDIO LIMITED,226.85,228.00,215.00,220.00,220.00,218.95,,220.00,,,22400,4919600.00,13,F1,1600,,,,,
2026-09-23,2026-09-23,CM,NSE,STK,11573,INE451A01017,FORCEMOT,EQ,,,,,FORCE MOTORS LIMITED,17395.00,17469.00,17304.00,17352.00,17352.00,17275.00,,17353.24,,,31775,552084013.00,9956,F1,1,,,,,
2026-09-23,2026-09-23,CM,NSE,STK,25664,INE0YKW01013,FORGEAUTO,SM,,,,,FORGE AUTO INTERNATION L,103.00,103.00,103.00,103.00,103.00,106.50,,103.00,,,2400,247200.00,2,F1,1200,,,,,
2026-09-23,2026-09-23,CM,NSE,STK,14592,INE061F01013,FORTIS,EQ,,,,,FORTIS HEALTHCARE LTD,895.00,898.40,887.40,894.00,894.00,896.55,,894.00,,,989288,882326943.45,37362,F1,1,,,,,
2026-09-23,2026-09-23,CM,NSE,STK,1073,INE519A01011,FOSECOIND,EQ,,,,,FOSECO INDIA LTD,6630.00,6704.50,6531.50,6555.00,6552.00,6562.00,,6555.20,,,11166,73813677.50,3973,F1,1,,,,,
2026-09-23,2026-09-23,CM,NSE,STK,760961,INE212S01015,FRACTAL,EQ,,,,,FRACTAL ANALYTICS LIMITED,763.00,768.80,756.50,761.65,761.50,761.40,,761.66,,,256784,195745024.75,13742,F1,1,,,,,
2026-09-23,2026-09-23,CM,NSE,STK,764683,INE194R01017,FREDUN,EQ,,,,,FREDUN PHARMACEUTICALS L,1409.00,1410.00,1385.10,1394.00,1390.00,1382.60,,1394.07,,,52582,73587730.20,4515,F1,1,,,,,
2026-09-23,2026-09-23,CM,NSE,STK,25871,INE0SFW01015,FRESHARA,ST,,,,,FRESHARA AGRO EXPORTS LTD,403.00,418.20,398.00,406.00,405.00,408.85,,406.00,,,43800,17713080.00,70,F1,600,,,,,
2026-09-23,2026-09-23,CM,NSE,STK,11501,INE385O01018,FROG,SM,,,,,FROG INNOVATIONS LIMITED,263.30,275.00,263.30,267.10,266.95,272.35,,267.10,,,22400,6034660.00,49,F1,400,,,,,
2026-09-23,2026-09-23,CM,NSE,STK,762685,INE572D01014,FRONTSP,EQ,,,,,FRONTIER SPRINGS LTD.,1175.40,1394.60,1175.40,1394.60,1394.60,1162.20,,1394.60,,,353549,473411651.50,21247,F1,1,,,,,
2026-09-23,2026-09-23,CM,NSE,STK,6545,INE388Y01029,NYKAA,EQ,,,,,FSN E COMMERCE VENTURES,333.55,340.85,332.05,340.85,340.85,333.55,,340.84,,,2246914,759960401.25,29276,F1,1,,,,,
2026-09-23,2026-09-23,CM,NSE,STK,759876,INE12UR01024,UTLSOLAR,EQ,,,,,FUJIYAMA POWER SYSTEMS L,438.00,461.00,431.00,446.10,445.00,434.60,,446.07,,,253333,111464349.90,14447,F1,1,,,,,
2026-09-23,2026-09-23,CM,NSE,STK,11932,INE139R01012,FUSION,EQ,,,,,FUSION FINANCE LIMITED,184.60,186.90,183.03,184.20,183.79,183.60,,184.20,,,157826,29148713.26,3256,F1,1,,,,,
2026-09-23,2026-09-23,CM,NSE,STK,14868,INE452O01016,FLFL,BZ,,,,,FUT LIFESTYLE FASH LTD,1.13,1.20,1.12,1.13,1.18,1.17,,1.13,,,55159,62513.06,77,F1,1,,,,,
2026-09-23,2026-09-23,CM,NSE,STK,13812,INE623B01027,FEL,BZ,,,,,FUTURE ENTERPRISES LTD,0.37,0.37,0.36,0.36,0.36,0.36,,0.36,,,100127,36559.00,68,F1,1,,,,,
2026-09-23,2026-09-23,CM,NSE,STK,30491,IN9623B01058,FELDVR,BZ,,,,,FUTURE ENTERPRISES LTD,2.09,2.14,1.97,2.09,2.09,2.07,,2.09,,,17430,35013.04,38,F1,1,,,,,
2026-09-23,2026-09-23,CM,NSE,STK,21017,INE360L01017,FMNL,EQ,,,,,FUTURE MKT NETWORKS LTD,8.49,8.64,8.01,8.10,8.13,8.43,,8.10,,,492846,3978022.87,685,F1,1,,,,,
2026-09-23,2026-09-23,CM,NSE,STK,1168,INE075D01018,GMBREW,EQ,,,,,G M BREWERIES LTD,948.05,973.00,945.10,968.30,972.00,948.05,,968.33,,,49050,47259297.90,3591,F1,1,,,,,
2026-09-23,2026-09-23,CM,NSE,STK,5054,INE201P01022,GRINFRA,EQ,,,,,G R INFRAPROJECTS LIMITED,808.20,827.80,808.20,825.65,827.00,805.15,,825.66,,,28505,23378011.30,2536,F1,1,,,,,
2026-09-23,2026-09-23,CM,NSE,STK,1129,INE586X01012,GTECJAINX,EQ,,,,,G-TEC JAINX EDUCATION LTD,29.30,29.30,26.55,28.07,28.98,28.43,,28.07,,,7134,197860.79,102,F1,1,,,,,
2026-09-23,2026-09-23,CM,NSE,STK,1085,INE524A01029,GABRIEL,EQ,,,,,GABRIEL INDIA LTD,1475.50,1494.90,1417.30,1428.10,1427.00,1471.40,,1428.06,,,1533195,2231029856.20,73855,F1,1,,,,,
2026-09-23,2026-09-23,CM,NSE,STK,18018,INE224E01028,GATECH,BE,,,,,GACM TECHNOLOGIES LIMITED,0.82,0.82,0.76,0.76,0.76,0.79,,0.76,,,18118023,14435162.45,4947,F1,1,,,,,
2026-09-23,2026-09-23,CM,NSE,STK,27,INE224E01036,GATECHDVR,BE,,,,,GACM TECHNOLOGIES LIMITED,0.48,0.49,0.47,0.48,0.49,0.48,,0.48,,,424402,203415.15,185,F1,1,,,,,
2026-09-23,2026-09-23,CM,NSE,STK,4717,INE129A01019,GAIL,EQ,,,,,GAIL (INDIA) LTD,172.48,173.79,172.00,172.95,172.95,171.84,,172.95,,,3320082,574433974.05,42844,F1,1,,,,,
2026-09-23,2026-09-23,CM,NSE,STK,765396,INE18UN01038,GAJA,EQ,,,,,GAJA ALT ASSET MGT LTD,158.60,158.60,148.41,150.04,149.80,159.34,,150.06,,,1964327,297892857.56,27271,F1,1,,,,,
2026-09-23,2026-09-23,CM,NSE,STK,25244,INE0QTE01018,GAJANAND,SM,,,,,GAJANAND INTERNATIONAL L,7.85,7.85,7.85,7.85,7.85,7.80,,7.85,,,3000,23550.00,1,F1,3000,,,,,
2026-09-23,2026-09-23,CM,NSE,STK,25134,INE0RE001014,GALAPREC,EQ,,,,,GALA PRECISION ENG LTD,1066.50,1175.00,1064.00,1164.20,1173.80,1058.00,,1164.34,,,143631,163068056.00,11969,F1,1,,,,,
2026-09-23,2026-09-23,CM,NSE,STK,1315,INE600K01018,GALAXYSURF,EQ,,,,,GALAXY SURFACTANTS LTD,2210.60,2241.00,2182.60,2222.00,2224.20,2188.00,,2221.96,,,17378,38598154.70,5392,F1,1,,,,,
2026-09-23,2026-09-23,CM,NSE,STK,13337,INE297H01019,GALLANTT,EQ,,,,,GALLANTT ISPAT LIMITED,541.10,562.70,541.10,556.45,558.05,545.70,,556.45,,,71669,39771174.20,4479,F1,1,,,,,
2026-09-23,2026-09-23,CM,NSE,STK,20303,INE717W01049,GANDHAR,EQ,,,,,GANDHAR OIL REFINE IND L,269.00,274.00,266.50,268.40,269.00,269.05,,268.40,,,365423,98638434.95,6156,F1,1,,,,,
2026-09-23,2026-09-23,CM,NSE,STK,14116,INE524B01027,GANDHITUBE,EQ,,,,,GANDHI SPL. TUBES LTD,1014.00,1024.00,990.00,995.05,990.20,1003.20,,994.88,,,27224,27419758.75,2626,F1,1,,,,,
2026-09-23,2026-09-23,CM,NSE,STK,5617,INE388A01029,GANESHBE,BE,,,,,GANESH BENZOPLAST LIMITED,125.22,131.48,125.00,131.08,131.48,125.22,,131.05,,,435311,56932177.65,853,F1,1,,,,,
2026-09-23,2026-09-23,CM,NSE,STK,759012,INE652V01016,GANESHCP,EQ,,,,,GANESH CONSUMER PRODUCT L,167.43,168.07,163.75,164.48,163.75,166.59,,164.49,,,120311,19888173.88,2035,F1,1,,,,,
2026-09-23,2026-09-23,CM,NSE,STK,24439,INE0R8C01018,GGBL,SM,,,,,GANESH GREEN BHARAT LTD,218.00,226.10,215.00,224.70,226.10,216.10,,224.70,,,34500,7642215.00,105,F1,300,,,,,
2026-09-23,2026-09-23,CM,NSE,STK,14339,INE460C01014,GANESHHOU,EQ,,,,,GANESH HOUSING LIMITED,736.95,751.00,736.80,746.10,743.35,736.80,,746.14,,,12216,9100833.90,968,F1,1,,,,,
2026-09-23,2026-09-23,CM,NSE,STK,27339,INE0TVT01024,GANESHIN,SM,,,,,GANESH INFRAWORLD LIMITED,94.80,94.90,91.35,92.65,92.10,93.15,,92.65,,,31200,2923000.00,30,F1,800,,,,,
2026-09-23,2026-09-23,CM,NSE,STK,6944,INE845D01014,GANECOS,EQ,,,,,GANESHA ECOSPHERE LIMITED,998.40,1040.00,998.40,1036.60,1035.00,998.40,,1036.59,,,48904,50175295.40,4807,F1,1,,,,,
2026-09-23,2026-09-23,CM,NSE,STK,4957,INE691Z01023,GANGAFORGE,EQ,,,,,GANGA FORGING LIMITED,1.57,1.58,1.54,1.55,1.56,1.57,,1.55,,,2172488,3375177.09,1221,F1,1,,,,,
2026-09-23,2026-09-23,CM,NSE,STK,21399,INE335W01016,GANGESSECU,EQ,,,,,GANGES SECURITIES LIMITED,114.32,117.00,114.30,115.63,114.30,115.04,,115.63,,,344,39774.07,31,F1,1,,,,,
2026-09-23,2026-09-23,CM,NSE,STK,5475,INE382Z01011,GRSE,EQ,,,,,GARDEN REACH SHIP&ENG LTD,2407.00,2415.30,2376.00,2380.60,2380.00,2399.70,,2380.61,,,190681,455339612.90,14862,F1,1,,,,,
2026-09-23,2026-09-23,CM,NSE,STK,25800,INE0JVO01026,GARUDA,EQ,,,,,GARUDA CONSTRUCT N ENG L,183.45,187.60,181.50,184.48,184.90,181.56,,184.49,,,811718,150257355.26,12446,F1,1,,,,,
2026-09-23,2026-09-23,CM,NSE,STK,7982,INE291A01017,GRWRHITECH,EQ,,,,,GARWARE HI-TECH FILMS LTD,6366.50,6666.00,6240.00,6537.50,6500.00,6366.50,,6537.96,,,105577,685015469.00,25727,F1,1,,,,,
2026-09-23,2026-09-23,CM,NSE,STK,1100,INE276A01018,GARFIBRES,EQ,,,,,GARWARE TECH FIBRES LTD,800.45,806.45,783.00,787.15,789.70,800.45,,787.16,,,19548,15498730.25,2342,F1,1,,,,,
2026-09-23,2026-09-23,CM,NSE,STK,8510,INE079J01017,GATEWAY,EQ,,,,,GATEWAY DISTRIPARKS LTD,52.28,52.94,52.10,52.67,52.56,52.28,,52.67,,,372655,19603439.22,2335,F1,1,,,,,
2026-09-23,2026-09-23,CM,NSE,STK,760178,INE0P8B01020,GAUDIUMIVF,EQ,,,,,GAUDIUM IVF N WOMEN H L,109.12,119.40,109.12,117.69,118.92,111.35,,117.75,,,430439,49730067.35,4842,F1,1,,,,,
2026-09-23,2026-09-23,CM,NSE,STK,3693,INE287Z01012,GAYAHWS,EQ,,,,,GAYATRI HIGHWAYS LIMITED,1.92,1.92,1.87,1.88,1.88,1.90,,1.88,,,156707,296213.23,270,F1,1,,,,,
2026-09-23,2026-09-23,CM,NSE,STK,25023,INE336H01023,GAYAPROJ,EQ,,,,,GAYATRI PROJECTS LTD,23.90,24.36,23.00,24.17,24.25,23.68,,24.18,,,858564,20403654.57,2891,F1,1,,,,,
2026-09-23,2026-09-23,CM,NSE,STK,14052,INE0LVM01018,GRCL,SM,,,,,GAYATRI RUBB AND CHEM LTD,570.00,570.00,546.00,546.00,546.00,570.00,,546.00,,,10250,5735200.00,12,F1,250,,,,,
2026-09-23,2026-09-23,CM,NSE,STK,7862,INE878A01011,GVPIL,EQ,,,,,GE POWER INDIA LIMITED,685.00,694.05,666.00,686.30,690.00,673.10,,686.33,,,180685,123211647.85,8218,F1,1,,,,,
2026-09-23,2026-09-23,CM,NSE,STK,16783,INE200A01026,GVT&D,EQ,,,,,GE VERNOVA T&D INDIA LTD,4381.00,4433.00,4335.20,4417.00,4417.00,4348.00,,4416.94,,,566900,2493683802.60,87820,F1,1,,,,,
2026-09-23,2026-09-23,CM,NSE,STK,13662,INE916G01016,GEECEE,BE,,,,,GEECEE VENTURES LIMITED,376.60,387.30,368.75,377.95,377.95,373.85,,377.49,,,510,191442.75,21,F1,1,,,,,
2026-09-23,2026-09-23,CM,NSE,STK,17922,INE669X01032,GEEKAYWIRE,EQ,,,,,GEEKAY WIRES LIMITED,32.85,33.98,31.10,33.25,33.42,32.73,,33.25,,,471955,15449748.28,1725,F1,1,,,,,
2026-09-23,2026-09-23,CM,NSE,STK,759461,INE06XZ01023,GEMAROMA,EQ,,,,,GEM AROMATICS LIMITED,153.62,157.00,152.86,154.94,155.85,153.72,,154.95,,,54609,8485136.63,1302,F1,1,,,,,
2026-09-23,2026-09-23,CM,NSE,STK,277,INE481Y01014,GICRE,EQ,,,,,GENERAL INS CORP OF INDIA,341.70,345.75,341.50,344.15,343.55,341.20,,344.15,,,284469,97882989.25,10143,F1,1,,,,,
2026-09-23,2026-09-23,CM,NSE,STK,2188,INE854S01022,GENCON,EQ,,,,,GENERIC ENG CONS PROJ LTD,39.16,40.29,39.11,39.31,39.42,39.84,,39.32,,,237708,9490106.98,627,F1,1,,,,,
2026-09-23,2026-09-23,CM,NSE,STK,10905,INE727B01026,GENESYS,EQ,,,,,GENESYS INTL CORPN LTD,280.10,283.80,274.61,281.62,281.25,280.10,,281.59,,,396510,110605058.59,6911,F1,1,,,,,
2026-09-23,2026-09-23,CM,NSE,STK,758842,INE06H201014,GENSOL,BZ,,,,,GENSOL ENGINEERING LTD,16.56,17.14,16.56,16.77,16.97,16.93,,16.79,,,50327,843883.83,488,F1,1,,,,,
2026-09-23,2026-09-23,CM,NSE,STK,6600,INE949P01018,GENUSPAPER,EQ,,,,,GENUS P&B LIMITED,11.20,11.57,11.20,11.34,11.31,11.28,,11.34,,,60793,688925.14,336,F1,1,,,,,
2026-09-23,2026-09-23,CM,NSE,STK,11905,INE955D01029,GENUSPOWER,EQ,,,,,GENUS POWER INFRASTRU LTD,310.00,312.40,306.10,308.35,308.70,309.45,,308.38,,,967695,298391426.60,14637,F1,1,,,,,
2026-09-23,2026-09-23,CM,NSE,STK,31942,INE1W0N01014,GENXAI,SM,,,,,GENXAI ANALYTICS LIMITED,74.50,75.50,73.00,75.40,75.45,73.00,,75.40,,,25200,1882020.00,16,F1,1200,,,,,
2026-09-23,2026-09-23,CM,NSE,STK,11896,INE007B01023,GEOJITFSL,EQ,,,,,GEOJIT FINANCIAL SER L,80.80,83.12,80.80,81.98,82.09,80.64,,81.92,,,263464,21622882.83,2693,F1,1,,,,,
2026-09-23,2026-09-23,CM,NSE,STK,1289,INE538A01037,GFLLIMITED,EQ,,,,,GFL LIMITED,56.00,58.49,56.00,56.74,56.43,56.95,,56.74,,,36697,2079609.41,728,F1,1,,,,,
2026-09-23,2026-09-23,CM,NSE,STK,1127,INE539A01019,GHCL,EQ,,,,,GHCL LIMITED,426.90,432.45,422.15,424.00,422.60,420.30,,424.00,,,108262,46095080.50,6004,F1,1,,,,,
2026-09-23,2026-09-23,CM,NSE,STK,16696,INE0PA801013,GHCLTEXTIL,EQ,,,,,GHCL TEXTILES LIMITED,134.89,137.00,134.25,134.61,134.70,133.92,,134.60,,,479396,64943149.49,9971,F1,1,,,,,
2026-09-23,2026-09-23,CM,NSE,STK,1139,INE289B01019,GICHSGFIN,EQ,,,,,GIC HOUSING FINANCE LTD,139.00,139.79,138.16,139.48,139.35,138.86,,139.49,,,55197,7683728.53,612,F1,1,,,,,
2026-09-23,2026-09-23,CM,NSE,STK,17839,INE047B01011,GILLANDERS,EQ,,,,,GILLANDERS ARBUTHNOT LTD,105.00,106.00,103.02,104.91,106.00,105.00,,104.91,,,4202,439559.81,40,F1,1,,,,,
2026-09-23,2026-09-23,CM,NSE,STK,1576,INE322A01010,GILLETTE,EQ,,,,,GILLETTE INDIA LTD,7009.00,7113.00,6970.00,7094.00,7100.00,7009.00,,7093.67,,,29337,207192831.50,8492,F1,1,,,,,
2026-09-23,2026-09-23,CM,NSE,STK,9294,INE424C01010,GINNIFILA,BE,,,,,GINNIFILAMENTS LTD.,42.45,43.00,41.32,42.95,42.90,41.60,,42.95,,,35575,1513096.36,85,F1,1,,,,,
2026-09-23,2026-09-23,CM,NSE,STK,2365,INE614Z01017,GIRIRAJ,SM,,,,,GIRIRAJ CIVIL DEVP LTD,73.45,80.25,72.65,74.45,75.95,76.45,,74.45,,,12500,940700.00,30,F1,250,,,,,
2026-09-23,2026-09-23,CM,NSE,STK,759048,INE1AG301022,GKENERGY,EQ,,,,,GK ENERGY LIMITED,129.00,129.46,126.41,127.14,126.90,127.77,,127.12,,,264474,33709620.07,3447,F1,1,,,,,
2026-09-23,2026-09-23,CM,NSE,STK,764688,INE265D01015,GKB,EQ,,,,,GKB OPHTHALMICS LTD.,66.38,70.52,66.38,69.73,70.48,68.37,,69.70,,,10666,732086.14,190,F1,1,,,,,
2026-09-23,2026-09-23,CM,NSE,STK,17357,INE528A01020,GKWLIMITED,EQ,,,,,GKW LIMITED,1608.00,1608.80,1599.00,1605.00,1605.00,1565.40,,1605.00,,,238,381291.60,23,F1,1,,,,,
2026-09-23,2026-09-23,CM,NSE,STK,1186,INE068V01023,GLAND,EQ,,,,,GLAND PHARMA LIMITED,2913.00,2938.80,2888.10,2910.20,2891.50,2916.60,,2910.08,,,160041,466810791.00,25282,F1,1,,,,,
2026-09-23,2026-09-23,CM,NSE,STK,766005,INE644Q01039,GLASSWALL,EQ,,,,,GLASS WALL SYSTEM (I) LTD,309.99,314.29,278.37,286.41,282.70,309.29,,286.43,,,35196312,10451408076.94,291324,F1,1,,,,,
2026-09-23,2026-09-23,CM,NSE,STK,1153,INE159A01016,GLAXO,EQ,,,,,GLAXOSMITHKLINE PHARMA LT,2859.60,2922.00,2839.90,2876.90,2880.00,2873.60,,2876.87,,,167009,483167888.10,11844,F1,1,,,,,
2026-09-23,2026-09-23,CM,NSE,STK,7406,INE935A01035,GLENMARK,EQ,,,,,GLENMARK PHARMACEUTICALS,2472.00,2482.60,2453.60,2475.00,2475.00,2461.40,,2475.00,,,597118,1476566465.20,37704,F1,1,,,,,
2026-09-23,2026-09-23,CM,NSE,STK,1415,INE291W01037,GLOBAL,EQ,,,,,GLOBAL EDUCATION LIMITED,134.20,135.60,131.00,134.45,135.44,132.23,,134.45,,,318189,42581587.38,3331,F1,1,,,,,
2026-09-23,2026-09-23,CM,NSE,STK,11956,INE474Q01031,MEDANTA,EQ,,,,,GLOBAL HEALTH LIMITED,1495.30,1499.00,1475.50,1496.10,1499.00,1487.80,,1496.09,,,78256,116582310.70,10636,F1,1,,,,,
2026-09-23,2026-09-23,CM,NSE,STK,17167,INE0PS501019,GLOBALPET,SM,,,,,GLOBAL PET INDUSTRIES LTD,160.00,160.00,160.00,160.00,160.00,165.00,,160.00,,,750,120000.00,1,F1,750,,,,,
2026-09-23,2026-09-23,CM,NSE,STK,14599,INE0JSX01015,GSLSU,EQ,,,,,GLOBAL SURFACES LIMITED,32.00,32.45,31.51,32.43,32.45,30.91,,32.43,,,82751,2679793.21,541,F1,1,,,,,
2026-09-23,2026-09-23,CM,NSE,STK,13735,INE792H01019,GLOBALVECT,EQ,,,,,GLOBAL VEC HELICORP LTD,137.41,139.00,134.25,137.46,138.50,133.41,,137.66,,,6493,891302.93,210,F1,1,,,,,
2026-09-23,2026-09-23,CM,NSE,STK,24932,INE0URU01010,GLOBALE,EQ,,,,,GLOBALE TESSILE LIMITED,11.13,11.41,10.61,11.34,11.34,11.15,,11.34,,,4225,45279.92,28,F1,1,,,,,
2026-09-23,2026-09-23,CM,NSE,STK,758572,INE0V3U01015,GLOBECIVIL,EQ,,,,,GLOBE CIVIL PROJECTS LTD,44.00,45.00,43.00,44.18,43.60,43.66,,44.17,,,24584,1090246.86,413,F1,1,,,,,
2026-09-23,2026-09-23,CM,NSE,STK,393,INE581X01021,GLOBE,EQ,,,,,GLOBE ENTERPRISE (I) LTD,2.27,2.44,2.17,2.24,2.25,2.22,,2.24,,,1630865,3726344.79,753,F1,1,,,,,
2026-09-23,2026-09-23,CM,NSE,STK,761021,INE947T01022,GICL,BE,,,,,GLOBE INTL CARRIERS LTD,23.18,24.00,22.30,23.33,23.80,23.33,,23.33,,,276380,6321074.88,271,F1,1,,,,,
2026-09-23,2026-09-23,CM,NSE,STK,9764,INE00WS01056,GSTL,SM,,,,,GLOBESECURE TECHNO LTD,12.45,12.45,12.05,12.05,12.05,12.45,,12.05,,,5000,61450.00,5,F1,1000,,,,,
2026-09-23,2026-09-23,CM,NSE,STK,17424,INE615I01010,GLOBUSSPR,EQ,,,,,GLOBUS SPIRITS LTD,821.30,835.00,821.30,829.10,828.00,821.30,,829.13,,,60628,50298196.75,6698,F1,1,,,,,
2026-09-23,2026-09-23,CM,NSE,STK,23590,INE350Z01018,GLOSTERLTD,EQ,,,,,GLOSTER LIMITED,562.00,580.00,562.00,578.00,578.00,572.15,,575.30,,,847,484119.75,67,F1,1,,,,,
2026-09-23,2026-09-23,CM,NSE,STK,760116,INE0TQE01026,GLOTTIS,EQ,,,,,GLOTTIS LIMITED,57.25,58.50,57.25,58.10,58.02,57.41,,58.08,,,52488,3045613.51,580,F1,1,,,,,
2026-09-23,2026-09-23,CM,NSE,STK,1570,INE541A01023,GMMPFAUDLR,EQ,,,,,GMM PFAUDLER LIMITED,1470.90,1486.00,1425.60,1432.60,1428.00,1462.30,,1432.65,,,245810,356015808.40,21123,F1,1,,,,,
2026-09-23,2026-09-23,CM,NSE,STK,13528,INE776C01039,GMRAIRPORT,EQ,,,,,GMR AIRPORTS LIMITED,98.58,99.14,97.98,99.14,99.14,98.35,,99.14,,,12088650,1191906069.93,35579,F1,1,,,,,
2026-09-23,2026-09-23,CM,NSE,STK,8529,INE0CU601026,GMRP&UI,EQ,,,,,GMR POW AND URBAN INFRA L,94.60,100.12,94.50,98.13,98.60,95.26,,98.13,,,3658751,360794060.19,21701,F1,1,,,,,
2026-09-23,2026-09-23,CM,NSE,STK,18571,INE934S01014,GNA,EQ,,,,,GNA AXLES LIMITED,561.70,601.00,550.60,596.65,597.00,561.65,,596.68,,,3594624,2091765062.50,73641,F1,1,,,,,
2026-09-23,2026-09-23,CM,NSE,STK,757862,INE18JU01028,EBGNG,EQ,,,,,GNG ELECTRONICS LIMITED,698.80,730.00,697.30,715.15,713.00,692.30,,715.15,,,1292762,929109442.15,52443,F1,1,,,,,
2026-09-23,2026-09-23,CM,NSE,STK,23799,INE03JT01014,GODIGIT,EQ,,,,,GO DIGIT GENERAL INS LTD,240.20,245.60,239.30,245.00,245.00,241.85,,245.00,,,267080,65005202.90,10152,F1,1,,,,,
2026-09-23,2026-09-23,CM,NSE,STK,6964,INE0BJS01011,GOCOLORS,EQ,,,,,GO FASHION INDIA LTD,308.00,323.95,308.00,317.55,318.00,307.90,,317.55,,,89102,28252829.45,3224,F1,1,,,,,
2026-09-23,2026-09-23,CM,NSE,STK,14687,INE426D01013,GOACARBON,EQ,,,,,GOA CARBON LIMITED,381.20,409.00,381.20,402.35,402.50,386.90,,402.36,,,35405,14180409.70,1415,F1,1,,,,,
2026-09-23,2026-09-23,CM,NSE,STK,3963,INE077F01035,GOCLCORP,EQ,,,,,GOCL CORPORATION LIMITED,407.75,413.80,389.15,392.75,392.60,411.05,,392.76,,,281400,111484596.40,10711,F1,1,,,,,
2026-09-23,2026-09-23,CM,NSE,STK,25941,INE497S01012,GODAVARIB,EQ,,,,,GODAVARI BIOREFINERIES L,244.30,244.90,238.05,239.43,240.00,243.40,,239.41,,,49964,12051639.25,1336,F1,1,,,,,
2026-09-23,2026-09-23,CM,NSE,STK,13409,INE177H01039,GPIL,EQ,,,,,GODAWARI POW & ISP LTD,232.89,236.80,232.89,234.68,235.20,232.89,,234.75,,,1428181,335684370.71,19698,F1,1,,,,,
2026-09-23,2026-09-23,CM,NSE,STK,1181,INE260B01028,GODFRYPHLP,EQ,,,,,GODFREY PHILLIPS INDIA LT,1979.90,2019.10,1977.80,2003.00,2003.00,1970.00,,2003.00,,,144961,290418351.00,10284,F1,1,,,,,
2026-09-23,2026-09-23,CM,NSE,STK,144,INE850D01014,GODREJAGRO,EQ,,,,,GODREJ AGROVET LIMITED,654.00,674.95,653.90,670.05,670.20,653.90,,669.98,,,175495,117102455.40,10341,F1,1,,,,,
2026-09-23,2026-09-23,CM,NSE,STK,10099,INE102D01028,GODREJCP,EQ,,,,,GODREJ CONSUMER PRODUCTS,871.50,883.65,871.50,879.75,879.75,873.60,,879.75,,,515092,453587447.05,12425,F1,1,,,,,
2026-09-23,2026-09-23,CM,NSE,STK,10925,INE233A01035,GODREJIND,EQ,,,,,GODREJ INDUSTRIES LTD,1099.60,1117.00,1094.70,1106.00,1115.00,1099.60,,1106.03,,,35933,39769065.50,4092,F1,1,,,,,
2026-09-23,2026-09-23,CM,NSE,STK,17875,INE484J01027,GODREJPROP,EQ,,,,,GODREJ PROPERTIES LTD,1700.90,1720.00,1700.90,1707.60,1707.60,1699.50,,1707.60,,,307495,526261934.00,17971,F1,1,,,,,
2026-09-23,2026-09-23,CM,NSE,STK,765280,IN0020260058,620GS2029,GS,,,,,GOI LOAN   6.20% 2029,99.00,99.00,99.00,99.00,99.00,99.00,,99.00,,,100,9900.00,1,F1,1,,,,,
2026-09-23,2026-09-23,CM,NSE,STK,765281,IN0020260066,657GS2033A,GS,,,,,GOI LOAN   6.57% 2033,100.00,100.00,97.01,99.90,99.90,98.50,,99.90,,,2801,274185.00,5,F1,1,,,,,
2026-09-23,2026-09-23,CM,NSE,STK,27405,IN0020240167,664GS2027,GS,,,,,GOI LOAN   6.64% 2027,101.24,101.50,101.24,101.50,101.50,101.55,,101.50,,,301,30525.50,3,F1,1,,,,,
2026-09-23,2026-09-23,CM,NSE,STK,27127,IN0020240134,692GS2039,GS,,,,,GOI LOAN   6.92% 2039,100.39,100.39,99.00,99.00,99.00,100.39,,99.00,,,180,17831.13,6,F1,1,,,,,
2026-09-23,2026-09-23,CM,NSE,STK,27170,IN0020240142,709GS2074,GS,,,,,GOI LOAN   7.09% 2074,95.25,95.25,95.00,95.25,95.25,95.47,,95.43,,,3292,313361.73,14,F1,1,,,,,
2026-09-23,2026-09-23,CM,NSE,STK,6695,IN0020210186,574GS2026,GS,,,,,GOI LOAN  5.74% 2026,99.49,102.05,99.49,101.20,101.20,102.05,,101.20,,,4,404.79,3,F1,1,,,,,
2026-09-23,2026-09-23,CM,NSE,STK,757753,IN0020250034,591GS2028,GS,,,,,GOI LOAN  5.91% 2028,99.32,99.55,99.32,99.55,99.55,100.00,,99.55,,,200,19887.00,2,F1,1,,,,,
2026-09-23,2026-09-23,CM,NSE,STK,757983,IN0020250067,601GS2030,GS,,,,,GOI LOAN  6.01% 2030,97.75,97.75,97.74,97.74,97.74,97.75,,97.74,,,100,9774.01,2,F1,1,,,,,
2026-09-23,2026-09-23,CM,NSE,STK,760622,IN0020250125,603GS2029,GS,,,,,GOI LOAN  6.03% 2029,98.83,99.25,98.83,99.25,99.25,99.03,,99.25,,,200,19808.00,2,F1,1,,,,,
2026-09-23,2026-09-23,CM,NSE,STK,5012,IN0020210095,610GS2031,GS,,,,,GOI LOAN  6.10% 2031,99.80,99.99,99.80,99.99,99.99,99.99,,99.99,,,16,1596.99,2,F1,1,,,,,
2026-09-23,2026-09-23,CM,NSE,STK,953,IN0020200245,622GS2035,GS,,,,,GOI LOAN  6.22% 2035,95.00,95.00,93.43,93.43,93.43,95.07,,93.43,,,7,658.72,2,F1,1,,,,,
2026-09-23,2026-09-23,CM,NSE,STK,756890,IN0020250026,633GS2035,GS,,,,,GOI LOAN  6.33% 2035,101.00,101.00,101.00,101.00,101.00,98.00,,101.00,,,1,101.00,1,F1,1,,,,,
2026-09-23,2026-09-23,CM,NSE,STK,761020,IN0020250141,636GS2031,GS,,,,,GOI LOAN  6.36% 2031,99.00,99.00,99.00,99.00,99.00,99.50,,99.00,,,100,9900.00,1,F1,1,,,,,
2026-09-23,2026-09-23,CM,NSE,STK,765941,IN0020260074,653GS2031,GS,,,,,GOI LOAN  6.53% 2031,99.80,99.80,98.00,98.01,98.01,97.83,,98.01,,,7578,742717.59,6,F1,1,,,,,
2026-09-23,2026-09-23,CM,NSE,STK,7843,IN0020210244,654GS2032,GS,,,,,GOI LOAN  6.54% 2032,99.80,99.80,99.50,99.50,99.50,99.80,,99.50,,,28,2786.30,2,F1,1,,,,,
2026-09-23,2026-09-23,CM,NSE,STK,956,IN0020200252,667GS2050,GS,,,,,GOI LOAN  6.67% 2050,93.00,93.00,93.00,93.00,93.00,92.70,,93.00,,,349,32457.00,1,F1,1,,,,,
2026-09-23,2026-09-23,CM,NSE,STK,760623,IN0020250133,668GS2033,GS,,,,,GOI LOAN  6.68% 2033,98.50,98.50,98.50,98.50,98.50,100.00,,98.50,,,2,197.00,1,F1,1,,,,,
2026-09-23,2026-09-23,CM,NSE,STK,757847,IN0020250042,668GS2040,GS,,,,,GOI LOAN  6.68% 2040,97.90,97.90,96.51,97.40,97.40,97.10,,97.40,,,13216,1276822.80,6,F1,1,,,,,
2026-09-23,2026-09-23,CM,NSE,STK,2317,IN0020200401,676GS2061,GS,,,,,GOI LOAN  6.76% 2061,90.25,90.25,89.54,89.54,89.54,89.58,,89.54,,,30617,2746349.73,57,F1,1,,,,,
2026-09-23,2026-09-23,CM,NSE,STK,25736,IN0020240126,679GS2034,GS,,,,,GOI LOAN  6.79% 2034,101.10,101.50,101.10,101.50,101.50,101.00,,101.50,,,991,100226.50,2,F1,1,,,,,
2026-09-23,2026-09-23,CM,NSE,STK,22438,IN0020200187,68GS2060,GS,,,,,GOI LOAN  6.8% 2060,92.20,92.20,91.80,91.80,91.80,91.70,,90.34,,,215,19737.80,15,F1,1,,,,,
2026-09-23,2026-09-23,CM,NSE,STK,756014,IN0020250018,690GS2065,GS,,,,,GOI LOAN  6.90% 2065,94.10,94.10,92.85,93.97,93.97,93.31,,93.74,,,8692,816652.27,12,F1,1,,,,,
2026-09-23,2026-09-23,CM,NSE,STK,763340,IN0020260025,694GS2036,GS,,,,,GOI LOAN  6.94% 2036,101.60,102.75,101.01,102.71,102.71,102.88,,102.71,,,3555,362443.75,11,F1,1,,,,,
2026-09-23,2026-09-23,CM,NSE,STK,6817,IN0020210202,695GS2061,GS,,,,,GOI LOAN  6.95% 2061,93.49,93.49,92.02,93.00,93.00,92.99,,93.00,,,5211,484726.93,14,F1,1,,,,,
2026-09-23,2026-09-23,CM,NSE,STK,6696,IN0020210194,699GS2051,GS,,,,,GOI LOAN  6.99% 2051,93.21,95.80,93.21,95.50,95.50,95.60,,95.50,,,5193,495830.62,29,F1,1,,,,,
2026-09-23,2026-09-23,CM,NSE,STK,24072,IN0020240076,702GS2031,GS,,,,,GOI LOAN  7.02% 2031,101.39,101.39,101.39,101.39,101.39,103.65,,101.39,,,100,10139.00,1,F1,1,,,,,
2026-09-23,2026-09-23,CM,NSE,STK,14970,IN0020230010,706GS2028,GS,,,,,GOI LOAN  7.06% 2028,104.30,104.30,104.30,104.30,104.30,104.45,,104.30,,,2400,250320.00,2,F1,1,,,,,
2026-09-23,2026-09-23,CM,NSE,STK,764295,IN0020260041,706GS2041,GS,,,,,GOI LOAN  7.06% 2041,99.10,99.10,99.10,99.10,99.10,99.00,,99.10,,,209,20711.90,3,F1,1,,,,,
2026-09-23,2026-09-23,CM,NSE,STK,24949,IN0020240118,709GS2054,GS,,,,,GOI LOAN  7.09% 2054,100.50,100.50,95.55,95.66,95.60,95.75,,95.66,,,11434,1093845.93,13,F1,1,,,,,
2026-09-23,2026-09-23,CM,NSE,STK,23463,IN0020240019,71GS2034,GS,,,,,GOI LOAN  7.1% 2034,103.50,103.78,103.00,103.75,103.75,104.25,,103.38,,,37703,3883471.29,18,F1,1,,,,,
2026-09-23,2026-09-23,CM,NSE,STK,15050,IN0020230036,717GS2030,GS,,,,,GOI LOAN  7.17% 2030,103.26,103.26,103.26,103.26,103.26,103.22,,103.26,,,2400,247824.00,1,F1,1,,,,,
2026-09-23,2026-09-23,CM,NSE,STK,18025,IN0020230085,718GS2033,GS,,,,,GOI LOAN  7.18% 2033,102.50,102.50,102.50,102.50,102.50,101.60,,102.50,,,1000,102500.00,3,F1,1,,,,,
2026-09-23,2026-09-23,CM,NSE,STK,17398,IN0020230077,718GS2037,GS,,,,,GOI LOAN  7.18% 2037,102.71,103.23,102.71,103.20,103.20,102.20,,103.73,,,3,309.14,3,F1,1,,,,,
2026-09-23,2026-09-23,CM,NSE,STK,23518,IN0020240027,723GS2039,GS,,,,,GOI LOAN  7.23% 2039,101.22,104.00,101.00,103.50,103.50,104.58,,104.00,,,45100,4596288.00,24,F1,1,,,,,
2026-09-23,2026-09-23,CM,NSE,STK,758674,IN0020250075,724GS2055,GS,,,,,GOI LOAN  7.24% 2055,97.25,97.70,97.15,97.70,97.70,96.50,,97.73,,,5982,581722.78,9,F1,1,,,,,
2026-09-23,2026-09-23,CM,NSE,STK,16733,IN0020230044,725GS2063,GS,,,,,GOI LOAN  7.25% 2063,96.92,97.20,96.91,97.14,97.10,96.89,,97.14,,,75322,7306340.67,58,F1,1,,,,,
2026-09-23,2026-09-23,CM,NSE,STK,14051,IN0020220151,726GS2033,GS,,,,,GOI LOAN  7.26% 2033,101.51,102.50,101.50,102.00,102.00,102.40,,102.00,,,113150,11522045.00,9,F1,1,,,,,
2026-09-23,2026-09-23,CM,NSE,STK,16865,IN0020230051,73GS2053,GS,,,,,GOI LOAN  7.3% 2053,98.50,98.75,98.30,98.74,98.74,98.24,,98.74,,,14014,1383733.78,15,F1,1,,,,,
2026-09-23,2026-09-23,CM,NSE,STK,20136,IN0020230135,732GS2030,GS,,,,,GOI LOAN  7.32% 2030,103.55,103.55,103.55,103.55,103.55,103.55,,103.55,,,200,20710.00,2,F1,1,,,,,
2026-09-23,2026-09-23,CM,NSE,STK,19685,IN0020230119,733GS2026,GS,,,,,GOI LOAN  7.33% 2026,102.05,103.30,102.05,102.50,102.50,102.50,,102.50,,,410,41988.00,5,F1,1,,,,,
2026-09-23,2026-09-23,CM,NSE,STK,23558,IN0020240035,734GS2064,GS,,,,,GOI LOAN  7.34% 2064,99.44,99.45,99.30,99.40,99.40,99.19,,99.40,,,22667,2253766.55,25,F1,1,,,,,
2026-09-23,2026-09-23,CM,NSE,STK,10931,IN0020220086,736GS2052,GS,,,,,GOI LOAN  7.36% 2052,99.25,99.25,99.25,99.25,99.25,99.00,,99.25,,,30,2977.50,1,F1,1,,,,,
2026-09-23,2026-09-23,CM,NSE,STK,19566,IN0020230101,737GS2028,GS,,,,,GOI LOAN  7.37% 2028,103.46,105.10,103.46,105.10,105.10,104.50,,105.10,,,1000,104816.00,5,F1,1,,,,,
2026-09-23,2026-09-23,CM,NSE,STK,10981,IN0020220094,74GS2062,GS,,,,,GOI LOAN  7.4% 2062,99.25,99.90,98.10,99.50,99.50,99.35,,99.50,,,7932,783975.38,17,F1,1,,,,,
2026-09-23,2026-09-23,CM,NSE,STK,13194,IN0020220102,741GS2036,GS,,,,,GOI LOAN  7.41% 2036,104.50,104.50,103.01,103.15,104.00,104.40,,103.15,,,5242,540858.79,10,F1,1,,,,,
2026-09-23,2026-09-23,CM,NSE,STK,760649,IN0020250117,743GS2076,GS,,,,,GOI LOAN  7.43% 2076,99.47,99.47,98.40,98.90,99.09,99.24,,98.90,,,8779,868392.16,44,F1,1,,,,,
2026-09-23,2026-09-23,CM,NSE,STK,763146,IN0020260017,750GS2056,GS,,,,,GOI LOAN  7.50% 2056,101.77,102.00,101.77,101.92,102.00,102.80,,101.92,,,4747,483785.44,9,F1,1,,,,,
2026-09-23,2026-09-23,CM,NSE,STK,9585,IN0020220029,754GS2036,GS,,,,,GOI LOAN  7.54% 2036,105.50,105.79,105.50,105.68,105.62,105.64,,105.65,,,251854,26612987.01,123,F1,1,,,,,
2026-09-23,2026-09-23,CM,NSE,STK,766043,IN0020260082,763GS2056,GS,,,,,GOI LOAN  7.63% 2056,100.00,100.00,100.00,100.00,100.00,101.15,,100.00,,,500,50000.00,1,F1,1,,,,,
2026-09-23,2026-09-23,CM,NSE,STK,763489,IN0020260033,771GS2066,GS,,,,,GOI LOAN  7.71% 2066,104.84,104.84,104.10,104.40,104.30,104.24,,104.40,,,6402,666519.88,11,F1,1,,,,,
2026-09-23,2026-09-23,CM,NSE,STK,9047,IN0020220011,710GS2029,GS,,,,,GOI LOAN 7.10% 2029,103.55,104.90,103.55,104.84,104.90,104.19,,104.84,,,2026,211699.09,7,F1,1,,,,,
2026-09-23,2026-09-23,CM,NSE,STK,18474,IN0020200039,719GS2060,GS,,,,,GOI LOAN 7.19% 2060,95.20,95.20,95.20,95.20,95.20,95.20,,95.20,,,404,38460.80,3,F1,1,,,,,
2026-09-23,2026-09-23,CM,NSE,STK,9913,IN0020220037,738GS2027,GS,,,,,GOI LOAN 7.38% 2027,102.76,102.80,102.60,102.70,102.70,102.75,,102.70,,,1025110,105328503.94,30,F1,1,,,,,
2026-09-23,2026-09-23,CM,NSE,STK,6884,IN0020060078,824GS2027,GS,,,,,GOI LOAN 8.24%2027,101.70,101.70,101.70,101.70,101.70,101.41,,101.70,,,50,5085.00,1,F1,1,,,,,
2026-09-23,2026-09-23,CM,NSE,STK,7013,IN0020110063,883GS2041,GS,,,,,GOI LOAN 8.83% 2041,117.00,117.00,111.35,117.00,117.00,117.00,,117.00,,,210,24513.50,4,F1,1,,,,,
2026-09-23,2026-09-23,CM,NSE,STK,7011,IN0020110055,897GS2030,GS,,,,,GOI LOAN 8.97% 2030,112.00,113.00,110.02,113.00,113.00,113.00,,113.00,,,12314,1377987.38,21,F1,1,,,,,
2026-09-23,2026-09-23,CM,NSE,STK,7039,IN0020130053,92GS2030,GS,,,,,GOI LOAN 9.20% 2030,114.75,115.00,114.50,114.50,114.50,114.80,,114.50,,,19000,2181750.00,10,F1,1,,,,,
2026-09-23,2026-09-23,CM,NSE,STK,765551,IN002026Y220,182D040327,TB,,,,,GOI TBILL 182D-04/03/27,97.32,97.32,97.32,97.32,97.32,96.67,,97.32,,,400,38928.00,1,F1,100,,,,,
2026-09-23,2026-09-23,CM,NSE,STK,764153,IN002026Y154,182D140127,TB,,,,,GOI TBILL 182D-14/01/27,98.12,98.12,98.12,98.12,98.12,97.50,,98.12,,,100,9812.00,1,F1,100,,,,,
2026-09-23,2026-09-23,CM,NSE,STK,766095,IN002026Y246,182D180327,TB,,,,,GOI TBILL 182D-18/03/27,96.45,96.70,96.45,96.70,96.70,97.00,,96.70,,,1300,125685.00,3,F1,100,,,,,
2026-09-23,2026-09-23,CM,NSE,STK,764329,IN002026Y170,182D280127,TB,,,,,GOI TBILL 182D-28/01/27,97.89,97.89,97.89,97.89,97.89,97.50,,97.89,,,100,9789.00,1,F1,100,,,,,
2026-09-23,2026-09-23,CM,NSE,STK,760100,IN002025Z369,364D031226,TB,,,,,GOI TBILL 364D-03/12/26,98.70,98.70,98.70,98.70,98.70,98.71,,98.70,,,100,9870.00,1,F1,100,,,,,
2026-09-23,2026-09-23,CM,NSE,STK,764049,IN002026Z144,364D080727,TB,,,,,GOI TBILL 364D-08/07/27,95.32,95.32,95.32,95.32,95.32,94.70,,95.32,,,400,38128.00,1,F1,100,,,,,
2026-09-23,2026-09-23,CM,NSE,STK,759433,IN002025Z286,364D081026,TB,,,,,GOI TBILL 364D-08/10/26,99.21,99.21,99.21,99.21,99.21,99.71,,99.21,,,1000,99210.00,2,F1,100,,,,,
2026-09-23,2026-09-23,CM,NSE,STK,753799,IN002026Z110,364D170627,TB,,,,,GOI TBILL 364D-17/06/27,95.64,95.64,95.64,95.64,95.64,94.71,,95.29,,,100,9564.00,1,F1,100,,,,,
2026-09-23,2026-09-23,CM,NSE,STK,763626,IN002026Z086,364D280527,TB,,,,,GOI TBILL 364D-28/05/27,95.96,95.96,95.96,95.96,95.96,95.93,,95.96,,,100,9596.00,1,F1,100,,,,,
2026-09-23,2026-09-23,CM,NSE,STK,764330,IN002026Z177,364D290727,TB,,,,,GOI TBILL 364D-29/07/27,94.99,94.99,94.99,94.99,94.99,94.05,,94.99,,,200,18998.00,1,F1,100,,,,,
2026-09-23,2026-09-23,CM,NSE,STK,765550,IN002026X222,91D031226,TB,,,,,GOI TBILL 91D-03/12/26,98.58,98.91,98.58,98.91,98.91,98.50,,98.91,,,300,29640.00,2,F1,100,,,,,
2026-09-23,2026-09-23,CM,NSE,STK,764425,IN002026X180,91D051126,TB,,,,,GOI TBILL 91D-05/11/26,99.39,99.39,99.39,99.39,99.39,99.00,,99.39,,,10600,1053534.00,1,F1,100,,,,,
2026-09-23,2026-09-23,CM,NSE,STK,764047,IN002026X149,91D081026,TB,,,,,GOI TBILL 91D-08/10/26,99.71,99.71,99.71,99.71,99.71,99.70,,99.71,,,100,9971.00,1,F1,100,,,,,
2026-09-23,2026-09-23,CM,NSE,STK,764510,IN002026X198,91D121126,TB,,,,,GOI TBILL 91D-12/11/26,99.29,99.29,99.29,99.29,99.29,99.00,,99.29,,,10000,992900.00,1,F1,100,,,,,
2026-09-23,2026-09-23,CM,NSE,STK,764152,IN002026X156,91D151026,TB,,,,,GOI TBILL 91D-15/10/26,99.58,99.58,99.58,99.58,99.58,99.60,,99.58,,,100,9958.00,1,F1,100,,,,,
2026-09-23,2026-09-23,CM,NSE,STK,764328,IN002026X172,91D291026,TB,,,,,GOI TBILL 91D-29/10/26,99.32,99.32,99.32,99.32,99.32,99.30,,99.32,,,100,9932.00,1,F1,100,,,,,
2026-09-23,2026-09-23,CM,NSE,STK,11778,INE887G01027,GOKEX,EQ,,,,,GOKALDAS EXPORTS LTD.,698.00,717.20,698.00,710.25,710.00,695.05,,710.29,,,255593,181922325.00,18604,F1,1,,,,,
2026-09-23,2026-09-23,CM,NSE,STK,14480,INE314T01033,GOKULAGRO,EQ,,,,,GOKUL AGRO RESOURCES LTD,220.12,229.00,220.12,225.81,228.00,221.15,,225.79,,,260169,58713367.19,8719,F1,1,,,,,
2026-09-23,2026-09-23,CM,NSE,STK,16705,INE020J01029,GOKUL,EQ,,,,,GOKUL REFOILS & SOLV LTD,40.59,41.39,39.62,40.42,40.01,40.40,,40.43,,,163693,6713438.39,534,F1,1,,,,,
2026-09-23,2026-09-23,CM,NSE,STK,11619,INE973A01010,GOLDENTOBC,BZ,,,,,GOLDEN TOBACCO LIMITED,23.18,24.50,23.00,23.50,23.50,23.65,,23.50,,,1672,39872.75,47,F1,1,,,,,
2026-09-23,2026-09-23,CM,NSE,STK,11971,INE025B01025,GOLDIAM,EQ,,,,,GOLDIAM INTERNATIONAL LTD,322.00,333.50,321.45,332.60,332.00,319.80,,332.60,,,477829,157213186.20,10052,F1,1,,,,,
2026-09-23,2026-09-23,CM,NSE,STK,1,INE405Y01021,GOLDSTAR,SM,,,,,GOLDSTAR POWER LIMITED,9.45,9.85,9.20,9.70,9.70,9.45,,9.70,,,596250,5701500.00,48,F1,11250,,,,,
2026-09-23,2026-09-23,CM,NSE,STK,6125,INE127I01024,GOODLUCK,EQ,,,,,GOODLUCK INDIA LIMITED,546.10,552.00,533.75,537.10,536.60,538.05,,537.09,,,928120,504105859.10,33847,F1,1,,,,,
2026-09-23,2026-09-23,CM,NSE,STK,1205,INE533A01012,GOODYEAR,EQ,,,,,GOODYEAR INDIA LIMITED,707.05,719.60,705.05,709.70,710.00,706.25,,709.65,,,5945,4220050.25,523,F1,1,,,,,
2026-09-23,2026-09-23,CM,NSE,STK,23066,INE0L9R01028,GOPAL,EQ,,,,,GOPAL SNACKS LIMITED,260.00,274.75,257.00,262.45,260.95,258.35,,262.46,,,345990,91152762.60,18177,F1,1,,,,,
2026-09-23,2026-09-23,CM,NSE,STK,11787,INE705X01026,GOYALALUM,EQ,,,,,GOYAL ALUMINIUMS LIMITED,6.09,6.49,5.52,5.92,5.90,5.97,,5.92,,,230349,1360549.54,994,F1,1,,,,,
2026-09-23,2026-09-23,CM,NSE,STK,19356,INE0QFE01017,GOYALSALT,SM,,,,,GOYAL SALT LIMITED,109.00,109.20,105.65,108.90,109.20,107.65,,108.90,,,10200,1091670.00,9,F1,600,,,,,
2026-09-23,2026-09-23,CM,NSE,STK,24108,INE0S7E01015,GPECO,SM,,,,,GP ECO SOLUTIONS INDIA L,409.80,409.80,400.00,401.70,406.00,403.50,,401.70,,,8800,3543760.00,40,F1,200,,,,,
2026-09-23,2026-09-23,CM,NSE,STK,11584,INE586G01017,GULFPETRO,BE,,,,,GP PETROLEUMS LIMITED,63.27,66.62,62.15,66.38,66.40,63.45,,66.38,,,121748,7891822.55,491,F1,1,,,,,
2026-09-23,2026-09-23,CM,NSE,STK,22846,INE486R01017,GPTHEALTH,EQ,,,,,GPT HEALTHCARE LIMITED,162.79,166.00,160.35,161.50,163.50,162.79,,161.50,,,65970,10715990.38,2101,F1,1,,,,,
2026-09-23,2026-09-23,CM,NSE,STK,17685,INE390G01014,GPTINFRA,EQ,,,,,GPT INFRAPROJECTS LTD,118.99,119.94,115.45,116.29,116.50,118.16,,116.29,,,148368,17293795.70,1999,F1,1,,,,,
2026-09-23,2026-09-23,CM,NSE,STK,763301,INE361K01017,GRADIENTE,BE,,,,,GRADIENTE INFOTAINMENT L,2.36,2.40,2.26,2.26,2.35,2.37,,2.26,,,375585,859143.63,251,F1,1,,,,,
2026-09-23,2026-09-23,CM,NSE,STK,30289,INE12E301017,GCHOTELS,ST,,,,,GRAND CONTINENT HOTELS L,127.00,133.10,125.95,130.00,130.00,126.80,,130.00,,,29400,3822510.00,47,F1,600,,,,,
2026-09-23,2026-09-23,CM,NSE,STK,11079,INE534A01028,GFSTEELS,BE,,,,,GRAND FOUNDRY LTD,29.44,29.44,29.44,29.44,29.44,28.04,,29.44,,,2454,72245.76,14,F1,1,,,,,
2026-09-23,2026-09-23,CM,NSE,STK,762695,INE926B01016,GRANDOAK,EQ,,,,,GRAND OAK CANYONS DIST L,34.70,35.18,34.00,35.06,35.01,33.60,,35.03,,,4167,145456.59,220,F1,1,,,,,
2026-09-23,2026-09-23,CM,NSE,STK,11872,INE101D01020,GRANULES,EQ,,,,,GRANULES INDIA LIMITED,861.95,873.95,857.35,860.25,860.00,864.05,,860.24,,,394983,340807176.80,18114,F1,1,,,,,
2026-09-23,2026-09-23,CM,NSE,STK,20454,INE0POU01017,GRAPHISAD,SM,,,,,GRAPHISADS LIMITED,24.50,25.00,24.50,24.50,24.50,24.65,,24.50,,,7200,178800.00,6,F1,1200,,,,,
2026-09-23,2026-09-23,CM,NSE,STK,592,INE371A01025,GRAPHITE,EQ,,,,,GRAPHITE INDIA LTD,832.00,853.20,815.00,821.00,816.60,827.75,,820.98,,,2358335,1972917514.10,67398,F1,1,,,,,
2026-09-23,2026-09-23,CM,NSE,STK,1232,INE047A01021,GRASIM,EQ,,,,,GRASIM INDUSTRIES LTD,3138.00,3190.00,3127.10,3188.50,3188.50,3128.20,,3188.58,,,411551,1302961088.70,32915,F1,1,,,,,
2026-09-23,2026-09-23,CM,NSE,STK,5200,INE266D01021,GRAUWEIL,EQ,,,,,GRAUER & WEIL IND LTD,83.48,87.60,82.60,86.18,86.10,83.24,,86.19,,,1342329,115398825.39,13985,F1,1,,,,,
2026-09-23,2026-09-23,CM,NSE,STK,762703,INE214F01026,GRAVISSHO,BE,,,,,GRAVISS HOSPITALITY LTD.,33.20,33.20,32.81,32.81,32.81,34.53,,32.88,,,5544,182377.91,50,F1,1,,,,,
2026-09-23,2026-09-23,CM,NSE,STK,20534,INE024L01027,GRAVITA,EQ,,,,,GRAVITA INDIA LIMITED,1571.00,1583.00,1554.50,1561.10,1559.00,1564.90,,1561.11,,,358210,559999281.00,31944,F1,1,,,,,
2026-09-23,2026-09-23,CM,NSE,STK,1235,INE224A01026,GREAVESCOT,EQ,,,,,GREAVES COTTON LTD.,198.75,209.20,197.51,206.01,206.65,199.67,,206.01,,,2224825,457208708.14,31676,F1,1,,,,,
2026-09-23,2026-09-23,CM,NSE,STK,17092,INE0O7P01015,GREENCHEF,SM,,,,,GREENCHEF APPLIANCES LTD,75.95,76.50,73.75,74.35,75.00,74.00,,74.35,,,23200,1746400.00,27,F1,800,,,,,
2026-09-23,2026-09-23,CM,NSE,STK,6848,INE544R01021,GREENLAM,EQ,,,,,GREENLAM INDUSTRIES LTD.,225.07,229.19,223.08,227.83,226.00,226.17,,227.83,,,41627,9451894.17,1402,F1,1,,,,,
2026-09-23,2026-09-23,CM,NSE,STK,759427,INE0PLX01017,GREENLEAF,ST,,,,,GREENLEAF ENVIROTECH LTD,103.00,105.00,103.00,104.95,105.00,106.40,,104.95,,,3000,312950.00,3,F1,1000,,,,,
2026-09-23,2026-09-23,CM,NSE,STK,13810,INE08ZM01014,GREENPANEL,EQ,,,,,GREENPANEL INDUSTRIES LTD,171.00,171.54,167.69,169.08,168.81,170.18,,169.07,,,112565,19081893.78,3387,F1,1,,,,,
2026-09-23,2026-09-23,CM,NSE,STK,3987,INE461C01038,GREENPLY,EQ,,,,,GREENPLY INDUSTRIES LTD,296.95,306.80,296.10,298.40,296.20,296.65,,298.40,,,423550,127241257.80,14878,F1,1,,,,,
2026-09-23,2026-09-23,CM,NSE,STK,758986,INE199P01028,GCSL,EQ,,,,,GRETEX CORPORATE SERVICES,643.00,649.00,638.55,642.70,644.00,639.20,,642.69,,,431390,278082178.80,4293,F1,1,,,,,
2026-09-23,2026-09-23,CM,NSE,STK,13560,INE536A01023,GRINDWELL,EQ,,,,,GRINDWELL NORTON LIMITED,1942.20,1999.40,1942.00,1977.60,1985.00,1941.90,,1977.89,,,22292,44170977.10,4454,F1,1,,,,,
2026-09-23,2026-09-23,CM,NSE,STK,10871,INE192H01020,GRMOVER,EQ,,,,,GRM OVERSEAS LIMITED,80.25,82.20,80.25,81.54,81.51,80.59,,81.54,,,917723,74781342.34,4837,F1,1,,,,,
2026-09-23,2026-09-23,CM,NSE,STK,760971,INE1TY801010,GJL,ST,,,,,GROVER JEWELLS LIMITED,351.15,351.15,351.00,351.00,351.00,334.45,,351.00,,,4800,1685160.00,4,F1,800,,,,,
2026-09-23,2026-09-23,CM,NSE,STK,764285,INF666M01PH7,CEMNTGROWW,EQ,,,,,GROWWAMC - CEMNTGROWW,14.30,14.38,14.08,14.28,14.23,14.30,,14.28,,,44323,630155.10,290,F1,1,,,,,
2026-09-23,2026-09-23,CM,NSE,STK,760051,INF666M01MM4,GROWWCAPM,EQ,,,,,GROWWAMC - GROWWCAPM,11.19,11.39,11.07,11.29,11.29,11.16,,11.29,,,311014,3504947.11,740,F1,1,,,,,
2026-09-23,2026-09-23,CM,NSE,STK,760673,INF666M01NP5,GROWWCHEM,EQ,,,,,GROWWAMC - GROWWCHEM,28.53,29.90,28.53,29.60,29.61,29.27,,29.60,,,29661,876615.16,156,F1,1,,,,,
2026-09-23,2026-09-23,CM,NSE,STK,25758,INF666M01IO8,GROWWDEFNC,EQ,,,,,GROWWAMC - GROWWDEFNC,95.21,95.21,93.77,94.32,94.50,94.27,,94.32,,,134196,12698485.94,1781,F1,1,,,,,
2026-09-23,2026-09-23,CM,NSE,STK,24798,INF666M01IH2,GROWWEV,EQ,,,,,GROWWAMC - GROWWEV,31.41,31.75,31.30,31.50,31.58,31.41,,31.50,,,202614,6391268.25,1284,F1,1,,,,,
2026-09-23,2026-09-23,CM,NSE,STK,25872,INF666M01OE7,GROWWGOLD,EQ,,,,,GROWWAMC - GROWWGOLD,14.75,14.85,14.72,14.74,14.75,14.75,,14.74,,,1202515,17769827.37,2277,F1,1,,,,,
2026-09-23,2026-09-23,CM,NSE,STK,760874,INF666M01OD9,GROWWHOSPI,EQ,,,,,GROWWAMC - GROWWHOSPI,52.85,53.50,52.44,53.20,53.35,52.85,,53.20,,,121823,6459718.06,552,F1,1,,,,,
2026-09-23,2026-09-23,CM,NSE,STK,25447,INF666M01IP5,GROWWLIQID,EQ,,,,,GROWWAMC - GROWWLIQID,110.86,110.87,110.86,110.86,110.87,110.84,,110.86,,,212148,23518981.22,167,F1,1,,,,,
2026-09-23,2026-09-23,CM,NSE,STK,758300,INF666M01LB9,GROWWLOVOL,EQ,,,,,GROWWAMC - GROWWLOVOL,10.32,10.32,10.10,10.19,10.19,10.18,,10.19,,,7317,74169.31,87,F1,1,,,,,
2026-09-23,2026-09-23,CM,NSE,STK,759719,INF666M01MV5,GROWWMC150,EQ,,,,,GROWWAMC - GROWWMC150,227.00,230.65,227.00,230.65,230.65,227.56,,230.65,,,3762,859973.32,24,F1,1,,,,,
2026-09-23,2026-09-23,CM,NSE,STK,760438,INF666M01NI0,GROWWMETAL,EQ,,,,,GROWWAMC - GROWWMETAL,12.36,12.67,12.36,12.60,12.54,12.36,,12.60,,,542690,6822379.00,1074,F1,1,,,,,
2026-09-23,2026-09-23,CM,NSE,STK,756086,INF666M01KJ4,GROWWMOM50,EQ,,,,,GROWWAMC - GROWWMOM50,10.88,10.94,10.83,10.92,10.93,10.88,,10.92,,,41322,450992.77,302,F1,1,,,,,
2026-09-23,2026-09-23,CM,NSE,STK,29872,INF666M01JV1,GROWWN200,EQ,,,,,GROWWAMC - GROWWN200,11.27,11.27,11.04,11.15,11.18,11.05,,11.15,,,29199,325113.70,235,F1,1,,,,,
2026-09-23,2026-09-23,CM,NSE,STK,757814,INF666M01LI4,GROWWNET,EQ,,,,,GROWWAMC - GROWWNET,11.21,11.57,11.05,11.15,11.19,11.11,,11.15,,,402523,4481590.42,661,F1,1,,,,,
2026-09-23,2026-09-23,CM,NSE,STK,758697,INF666M01LL8,GROWWNIFTY,EQ,,,,,GROWWAMC - GROWWNIFTY,9.47,9.58,9.41,9.51,9.53,9.47,,9.51,,,521396,4944410.08,4304,F1,1,,,,,
2026-09-23,2026-09-23,CM,NSE,STK,759458,INF666M01LZ8,GROWWNXT50,EQ,,,,,GROWWAMC - GROWWNXT50,72.28,73.25,70.52,72.02,71.75,71.52,,72.02,,,26606,1923537.56,402,F1,1,,,,,
2026-09-23,2026-09-23,CM,NSE,STK,758165,INF666M01LM6,GROWWPOWER,EQ,,,,,GROWWAMC - GROWWPOWER,11.18,11.23,11.11,11.16,11.23,11.17,,11.16,,,937400,10466919.29,1662,F1,1,,,,,
2026-09-23,2026-09-23,CM,NSE,STK,760976,INF666M01NQ3,GROWWPSE,EQ,,,,,GROWWAMC - GROWWPSE,96.99,98.00,95.97,96.84,97.00,96.99,,96.84,,,10511,1019822.68,125,F1,1,,,,,
2026-09-23,2026-09-23,CM,NSE,STK,761514,INF666M01OG2,GROWWPSUBK,EQ,,,,,GROWWAMC - GROWWPSUBK,80.57,84.50,80.57,83.60,83.50,82.64,,83.60,,,5332,446325.47,130,F1,1,,,,,
2026-09-23,2026-09-23,CM,NSE,STK,29527,INF666M01JJ6,GROWWRAIL,EQ,,,,,GROWWAMC - GROWWRAIL,27.20,27.27,27.00,27.07,27.09,27.16,,27.08,,,297097,8058940.48,2017,F1,1,,,,,
2026-09-23,2026-09-23,CM,NSE,STK,759428,INF666M01MN2,GROWWRLTY,EQ,,,,,GROWWAMC - GROWWRLTY,9.76,9.82,9.64,9.74,9.67,9.56,,9.74,,,255255,2490717.88,460,F1,1,,,,,
2026-09-23,2026-09-23,CM,NSE,STK,759522,INF666M01MO0,GROWWSC250,EQ,,,,,GROWWAMC - GROWWSC250,10.54,10.63,10.51,10.62,10.63,10.54,,10.62,,,121793,1290820.81,373,F1,1,,,,,
2026-09-23,2026-09-23,CM,NSE,STK,756827,INF666M01OF4,GROWWSLVR,EQ,,,,,GROWWAMC - GROWWSLVR,22.84,22.92,22.53,22.57,22.58,22.56,,22.57,,,1279570,29062338.67,1682,F1,1,,,,,
2026-09-23,2026-09-23,CM,NSE,STK,763572,INF666M01OT5,PVTBKGROWW,EQ,,,,,GROWWAMC - PVTBKGROWW,27.14,28.32,27.14,28.03,27.39,27.39,,28.03,,,11550,320535.97,56,F1,1,,,,,
2026-09-23,2026-09-23,CM,NSE,STK,751745,INF666M01PG9,SMALLGROWW,EQ,,,,,GROWWAMC - SMALLGROWW,48.84,49.50,48.84,49.47,49.49,48.84,,49.47,,,5404,265075.28,68,F1,1,,,,,
2026-09-23,2026-09-23,CM,NSE,STK,6543,INE137I01015,GRPLTD,EQ,,,,,GRP LIMITED,2000.00,2009.90,1985.10,2001.20,2008.00,2000.00,,2001.20,,,244,487631.80,88,F1,1,,,,,
2026-09-23,2026-09-23,CM,NSE,STK,23888,INE0SQY01018,GSMFOILS,SM,,,,,GSM FOILS LIMITED,81.90,81.90,77.05,77.60,77.05,81.10,,77.60,,,570000,44582800.00,686,F1,500,,,,,
2026-09-23,2026-09-23,CM,NSE,STK,762239,INE713R01022,GSPCROP,EQ,,,,,GSP CROP SCIENCE LIMITED,487.95,498.80,486.35,488.85,487.10,484.90,,488.83,,,242198,119367187.50,3037,F1,1,,,,,
2026-09-23,2026-09-23,CM,NSE,STK,15347,INE871H01011,GSS,EQ,,,,,GSS INFOTECH LIMITED,10.17,10.89,10.17,10.51,10.58,10.54,,10.52,,,12957,136753.43,226,F1,1,,,,,
2026-09-23,2026-09-23,CM,NSE,STK,13745,INE221H01019,GTLINFRA,EQ,,,,,GTL INFRA.LTD,1.12,1.15,1.12,1.14,1.14,1.12,,1.14,,,17742687,20174532.62,9265,F1,1,,,,,
2026-09-23,2026-09-23,CM,NSE,STK,1162,INE043A01012,GTL,EQ,,,,,GTL LTD,7.05,7.09,6.98,7.03,7.04,6.99,,7.03,,,121517,854791.39,496,F1,1,,,,,
2026-09-23,2026-09-23,CM,NSE,STK,21195,INE869I01013,GTPL,EQ,,,,,GTPL HATHWAY LIMITED,55.61,56.70,54.86,56.07,55.97,55.06,,56.07,,,28237,1569704.19,623,F1,1,,,,,
2026-09-23,2026-09-23,CM,NSE,STK,11606,INE742B01025,GUFICBIO,EQ,,,,,GUFIC BIOSCIENCES LTD.,443.05,446.80,431.45,437.45,437.90,442.15,,437.44,,,87869,38698367.30,2843,F1,1,,,,,
2026-09-23,2026-09-23,CM,NSE,STK,1145,INE162A01010,GIPCL,EQ,,,,,GUJ IND POW CO. LTD,187.36,195.08,185.69,191.64,191.50,186.92,,191.64,,,488506,93217138.29,8166,F1,1,,,,,
2026-09-23,2026-09-23,CM,NSE,STK,1174,INE113A01013,GNFC,EQ,,,,,GUJ NAR VAL FER & CHEM L,601.00,628.10,594.55,623.05,622.50,598.70,,623.05,,,1894770,1171225428.90,44169,F1,1,,,,,
2026-09-23,2026-09-23,CM,NSE,STK,1247,INE026A01025,GSFC,EQ,,,,,GUJ STATE FERT & CHEM LTD,152.79,157.79,151.81,155.34,155.60,152.19,,155.34,,,1011816,156987035.58,14167,F1,1,,,,,
2026-09-23,2026-09-23,CM,NSE,STK,14677,INE826C01016,GUJAPOLLO,EQ,,,,,GUJ. APOLLO IND. LTD.,344.95,344.95,336.50,336.95,338.20,337.40,,336.96,,,3229,1093521.45,175,F1,1,,,,,
2026-09-23,2026-09-23,CM,NSE,STK,1267,INE186A01019,GUJALKALI,EQ,,,,,GUJARAT ALKALIES & CHEM,626.90,634.90,625.00,633.00,634.45,626.55,,633.00,,,44404,28070532.20,2747,F1,1,,,,,
2026-09-23,2026-09-23,CM,NSE,STK,8828,INE036B01030,GAEL,EQ,,,,,GUJARAT AMBUJA EXPORTS LT,157.50,165.00,157.41,163.19,163.50,157.08,,163.19,,,947394,154142664.30,20427,F1,1,,,,,
2026-09-23,2026-09-23,CM,NSE,STK,10599,INE844O01030,GUJENERGY,EQ,,,,,GUJARAT ENERGY LIMITED,231.00,238.74,229.78,237.32,238.00,230.40,,237.33,,,1653518,388912269.83,37494,F1,1,,,,,
2026-09-23,2026-09-23,CM,NSE,STK,13750,INE09N301011,FLUOROCHEM,EQ,,,,,GUJARAT FLUOROCHEM LTD,4487.20,4529.00,4460.00,4476.40,4477.00,4487.20,,4476.20,,,28976,130227820.50,8440,F1,1,,,,,
2026-09-23,2026-09-23,CM,NSE,STK,761197,INE0V0W01025,GKSL,EQ,,,,,GUJARAT KIDNEY N SUP SP L,176.03,180.45,175.00,177.71,177.80,175.17,,177.71,,,561223,100190449.31,8120,F1,1,,,,,
2026-09-23,2026-09-23,CM,NSE,STK,1156,INE540A01017,GLFL,EQ,,,,,GUJARAT LEASE FINANCING L,4.85,5.25,4.85,5.09,5.00,5.09,,5.12,,,3499,17536.68,23,F1,1,,,,,
2026-09-23,2026-09-23,CM,NSE,STK,5204,INE131A01031,GMDCLTD,EQ,,,,,GUJARAT MINERAL DEV CORP,557.00,561.85,554.70,556.70,557.50,563.65,,556.71,,,588607,328341823.65,16439,F1,1,,,,,
2026-09-23,2026-09-23,CM,NSE,STK,762690,INE207H01018,GNRL,EQ,,,,,GUJARAT NATURAL RES L,98.60,99.60,95.00,98.07,98.60,98.42,,98.08,,,1665342,160471586.08,8858,F1,1,,,,,
2026-09-23,2026-09-23,CM,NSE,STK,19731,INE517F01014,GPPL,EQ,,,,,GUJARAT PIPAVAV PORT LTD,165.23,166.35,163.70,164.12,164.13,164.41,,164.12,,,658410,108251637.04,17318,F1,1,,,,,
2026-09-23,2026-09-23,CM,NSE,STK,4548,INE610B01024,GUJRAFFIA,EQ,,,,,GUJARAT RAFFIA INDUST LTD,39.21,41.38,39.20,40.00,39.36,39.21,,39.99,,,5157,204890.76,193,F1,1,,,,,
2026-09-23,2026-09-23,CM,NSE,STK,29731,INE942C01045,GUJTHEM,EQ,,,,,GUJARAT THEMIS BIOSYN LTD,411.75,418.00,408.00,410.75,412.90,411.65,,410.75,,,865520,355689414.60,7966,F1,1,,,,,
2026-09-23,2026-09-23,CM,NSE,STK,4391,INE635Q01029,GULFOILLUB,EQ,,,,,GULF OIL LUB. IND. LTD.,1048.00,1104.30,1048.00,1098.70,1100.00,1050.90,,1098.68,,,68465,74023904.50,4502,F1,1,,,,,
2026-09-23,2026-09-23,CM,NSE,STK,6286,INE255D01024,GULPOLY,EQ,,,,,GULSHAN POLYOLS LIMITED,174.54,177.01,173.03,174.22,175.00,173.10,,174.21,,,63175,11032764.03,2216,F1,1,,,,,
2026-09-23,2026-09-23,CM,NSE,STK,759261,INE1CCX01012,GURUNANAK,SM,,,,,GURUNANAK AGRICULTUR IN L,36.50,36.50,36.50,36.50,36.50,38.00,,36.50,,,1600,58400.00,1,F1,1600,,,,,
2026-09-23,2026-09-23,CM,NSE,STK,13229,INE251H01024,GVKPIL,BE,,,,,GVK POW. & INFRA LTD.,2.53,2.53,2.53,2.53,2.53,2.49,,2.54,,,282179,713912.87,150,F1,1,,,,,
2026-09-23,2026-09-23,CM,NSE,STK,10866,INE382T01030,GVPTECH,BE,,,,,GVP INFOTECH LIMITED,7.69,7.74,7.20,7.55,7.57,7.39,,7.55,,,40970,306527.82,234,F1,1,,,,,
2026-09-23,2026-09-23,CM,NSE,STK,764050,INE724A01017,GYFTR,EQ,,,,,GYFTR LIMITED,169.80,170.48,166.46,168.03,168.90,168.50,,168.07,,,48837,8237639.73,2136,F1,1,,,,,
2026-09-23,2026-09-23,CM,NSE,STK,762712,INE640B01021,HBESD,EQ,,,,,H B ESTATE DEVELOPERS L,71.00,71.00,70.55,70.65,70.65,70.52,,70.65,,,246,17359.05,12,F1,1,,,,,
2026-09-23,2026-09-23,CM,NSE,STK,1672,INE926X01010,HGINFRA,EQ,,,,,H.G.INFRA ENGINEERING LTD,444.00,452.80,444.00,450.70,452.80,444.45,,450.67,,,46742,20979062.50,3932,F1,1,,,,,
2026-09-23,2026-09-23,CM,NSE,STK,760715,INE115S01010,HALDER,EQ,,,,,HALDER VENTURE LIMITED,278.65,283.75,260.00,266.15,266.00,277.30,,266.15,,,60410,16354777.65,1219,F1,1,,,,,
2026-09-23,2026-09-23,CM,NSE,STK,762708,INE506D01020,HALDYNGL,BE,,,,,HALDYN GLASS LTD.,144.30,148.89,141.50,147.83,148.00,143.05,,147.59,,,28450,4135741.25,217,F1,1,,,,,
2026-09-23,2026-09-23,CM,NSE,STK,21551,INE320X01016,HALEOSLABS,EQ,,,,,HALEOS LABS LIMITED,1533.00,1554.00,1488.40,1510.70,1505.00,1500.00,,1510.70,,,1188,1815679.60,213,F1,1,,,,,
2026-09-23,2026-09-23,CM,NSE,STK,765075,INE299D01022,HAMPTON,EQ,,,,,HAMPTON SKY REALTY LTD.,8.17,8.45,8.00,8.09,8.12,8.17,,8.09,,,10823,88709.75,73,F1,1,,,,,
2026-09-23,2026-09-23,CM,NSE,STK,13592,INE596H01014,HGM,EQ,,,,,HANDSON GBL MNGMNT LTD,42.66,43.45,42.00,42.64,42.97,42.66,,42.64,,,7787,333220.47,128,F1,1,,,,,
2026-09-23,2026-09-23,CM,NSE,STK,48,INE419U01012,HAPPSTMNDS,EQ,,,,,HAPPIEST MINDS TECHNO LTD,316.20,320.80,313.85,317.70,316.15,313.40,,317.71,,,632423,200298301.65,17336,F1,1,,,,,
2026-09-23,2026-09-23,CM,NSE,STK,20854,INE330T01021,HAPPYFORGE,EQ,,,,,HAPPY FORGINGS LIMITED,2108.50,2138.90,2091.10,2099.80,2096.00,2108.50,,2099.87,,,82497,174473324.30,13325,F1,1,,,,,
2026-09-23,2026-09-23,CM,NSE,STK,764131,INE1GFG01011,HAPPY,SM,,,,,HAPPY STEELS LIMITED,77.35,77.35,75.40,75.40,75.40,74.75,,75.40,,,22000,1682800.00,11,F1,2000,,,,,
2026-09-23,2026-09-23,CM,NSE,STK,8962,INE626Z01029,HARDWYN,EQ,,,,,HARDWYN INDIA LIMITED,9.10,9.28,9.05,9.22,9.20,9.09,,9.22,,,619192,5664065.76,677,F1,1,,,,,
2026-09-23,2026-09-23,CM,NSE,STK,8968,INE00EV01017,HARIOMPIPE,EQ,,,,,HARIOM PIPE INDUSTRIES L,361.85,367.45,355.80,357.20,357.00,361.85,,357.21,,,113058,40826793.55,4702,F1,1,,,,,
2026-09-23,2026-09-23,CM,NSE,STK,764703,INE400G01011,HRYNSHP,EQ,,,,,HARIYANA SHIP BREAKERS L,99.85,101.90,98.15,99.52,99.52,99.85,,99.09,,,332,33109.98,34,F1,1,,,,,
2026-09-23,2026-09-23,CM,NSE,STK,1313,INE544A01019,HARRMALAYA,EQ,,,,,HARRISON MALAYALAM LTD,180.00,182.68,176.10,178.03,177.40,176.66,,178.07,,,13996,2502653.23,426,F1,1,,,,,
2026-09-23,2026-09-23,CM,NSE,STK,11162,INE0JUS01029,HARSHA,EQ,,,,,HARSHA ENGINEERS INT LTD,469.55,474.00,461.55,464.50,462.30,465.10,,464.50,,,97147,45349071.30,4204,F1,1,,,,,
2026-09-23,2026-09-23,CM,NSE,STK,18154,INE982F01036,HATHWAY,EQ,,,,,HATHWAY CABLE & DATACOM,9.95,10.15,9.95,10.10,10.15,9.99,,10.09,,,1433477,14419436.71,1839,F1,1,,,,,
2026-09-23,2026-09-23,CM,NSE,STK,3892,INE473B01035,HATSUN,EQ,,,,,HATSUN AGRO PRODUCT LTD.,1169.20,1184.30,1148.10,1155.70,1159.90,1168.00,,1155.69,,,23574,27370038.50,2872,F1,1,,,,,
2026-09-23,2026-09-23,CM,NSE,STK,9819,INE176B01034,HAVELLS,EQ,,,,,HAVELLS INDIA LIMITED,1091.10,1098.00,1086.10,1096.50,1096.50,1088.90,,1096.50,,,492115,538316410.90,29928,F1,1,,,,,
2026-09-23,2026-09-23,CM,NSE,STK,4444,INE979B01015,HAWKINCOOK,EQ,,,,,HAWKINS COOKERS LTD,7971.50,8130.00,7971.50,7992.00,7981.50,8009.50,,7992.10,,,1600,12807021.50,451,F1,1,,,,,
2026-09-23,2026-09-23,CM,NSE,STK,764693,INE550F01049,HAZOOR,EQ,,,,,HAZOOR MULTI PROJECTS LTD,19.27,19.30,19.05,19.05,19.05,19.11,,19.05,,,113893,2179453.22,336,F1,1,,,,,
2026-09-23,2026-09-23,CM,NSE,STK,765080,INE638B01025,HBPOR,EQ,,,,,HB PORTFOLIO LTD.,61.99,62.00,61.99,62.00,62.00,61.99,,60.25,,,37,2293.97,6,F1,1,,,,,
2026-09-23,2026-09-23,CM,NSE,STK,4116,INE550B01022,HBSL,EQ,,,,,HB STOCKHOLDINGS LIMITED,55.26,56.50,54.99,55.68,55.85,54.45,,55.67,,,3738,207293.39,58,F1,1,,,,,
2026-09-23,2026-09-23,CM,NSE,STK,13966,INE292B01021,HBLENGINE,EQ,,,,,HBL ENGINEERING LTD,769.80,786.40,758.60,764.35,764.00,767.15,,764.38,,,1528909,1183286892.75,45038,F1,1,,,,,
2026-09-23,2026-09-23,CM,NSE,STK,1327,INE236A01020,HCL-INSYS,EQ,,,,,HCL INFOSYSTEMS LTD,10.94,11.10,10.73,10.93,10.99,10.79,,10.93,,,306094,3353363.22,801,F1,1,,,,,
2026-09-23,2026-09-23,CM,NSE,STK,7229,INE860A01027,HCLTECH,EQ,,,,,HCL TECHNOLOGIES LTD,1270.00,1279.80,1250.00,1256.70,1256.70,1270.40,,1256.70,,,2724431,3439335222.10,65117,F1,1,,,,,
2026-09-23,2026-09-23,CM,NSE,STK,757772,INE756I01012,HDBFS,EQ,,,,,HDB FINANCIAL SERVICES L,674.00,678.15,669.80,670.80,671.50,674.55,,670.80,,,233723,157119287.35,11311,F1,1,,,,,
2026-09-23,2026-09-23,CM,NSE,STK,4244,INE127D01025,HDFCAMC,EQ,,,,,HDFC AMC LIMITED,2426.40,2454.00,2426.00,2448.30,2448.30,2430.00,,2448.30,,,266881,652854407.40,23068,F1,1,,,,,
2026-09-23,2026-09-23,CM,NSE,STK,1333,INE040A01034,HDFCBANK,EQ,,,,,HDFC BANK LTD,735.65,742.80,734.00,737.25,737.25,738.60,,737.26,,,23197231,17154770350.35,225520,F1,1,,,,,
2026-09-23,2026-09-23,CM,NSE,STK,19543,INF179KC1981,HDFCGOLD,EQ,,,,,HDFC GOLD ETF,129.26,129.65,128.81,128.94,128.97,129.26,,128.94,,,2356873,304292355.80,5903,F1,1,,,,,
2026-09-23,2026-09-23,CM,NSE,STK,467,INE795G01014,HDFCLIFE,EQ,,,,,HDFC LIFE INS CO LTD,561.90,565.50,556.40,561.50,561.50,559.20,,561.51,,,2018805,1136308558.55,35379,F1,1,,,,,
2026-09-23,2026-09-23,CM,NSE,STK,14230,INF179KC1EZ4,HDFCBSE500,EQ,,,,,HDFCAMC - HDFCBSE500,36.96,36.97,36.75,36.92,36.80,36.79,,36.92,,,1349938,49700138.94,259,F1,1,,,,,
2026-09-23,2026-09-23,CM,NSE,STK,11241,INF179KC1DJ0,HDFCGROWTH,EQ,,,,,HDFCAMC - HDFCGROWTH,114.04,114.75,113.67,114.12,114.54,114.34,,114.11,,,6815,776825.49,152,F1,1,,,,,
2026-09-23,2026-09-23,CM,NSE,STK,18279,INF179KC1JG3,HDFCLIQUID,EQ,,,,,HDFCAMC - HDFCLIQUID,1079.06,1079.06,1079.04,1079.06,1079.06,1078.92,,1079.06,,,13088,14122669.19,39,F1,1,,,,,
2026-09-23,2026-09-23,CM,NSE,STK,11547,INF179KC1HU8,HDFCLOWVOL,EQ,,,,,HDFCAMC - HDFCLOWVOL,20.05,20.05,19.93,19.93,20.00,19.96,,19.93,,,836,16680.47,44,F1,1,,,,,
2026-09-23,2026-09-23,CM,NSE,STK,14236,INF179KC1HT0,HDFCMID150,EQ,,,,,HDFCAMC - HDFCMID150,23.20,23.29,23.14,23.25,23.29,23.16,,23.25,,,250079,5805187.01,957,F1,1,,,,,
2026-09-23,2026-09-23,CM,NSE,STK,11538,INF179KC1HV6,HDFCMOMENT,EQ,,,,,HDFCAMC - HDFCMOMENT,30.68,30.97,30.60,30.87,30.97,30.69,,30.87,,,65064,2001535.76,399,F1,1,,,,,
2026-09-23,2026-09-23,CM,NSE,STK,10619,INF179KC1HS2,HDFCNEXT50,EQ,,,,,HDFCAMC - HDFCNEXT50,73.67,74.20,73.66,74.12,74.07,73.66,,74.12,,,32428,2399387.95,360,F1,1,,,,,
2026-09-23,2026-09-23,CM,NSE,STK,10633,INF179KC1HR4,HDFCNIF100,EQ,,,,,HDFCAMC - HDFCNIF100,25.42,25.51,25.36,25.45,25.51,25.31,,25.54,,,70609,1799250.78,198,F1,1,,,,,
2026-09-23,2026-09-23,CM,NSE,STK,22433,INF179KC1HY0,HDFCNIFBAN,EQ,,,,,HDFCAMC - HDFCNIFBAN,58.03,58.32,58.02,58.14,58.13,58.03,,58.14,,,277775,16169758.98,344,F1,1,,,,,
2026-09-23,2026-09-23,CM,NSE,STK,12101,INF179KC1IA8,HDFCNIFIT,EQ,,,,,HDFCAMC - HDFCNIFIT,30.97,30.97,30.10,30.26,30.15,30.49,,30.26,,,145162,4404572.27,510,F1,1,,,,,
2026-09-23,2026-09-23,CM,NSE,STK,11591,INF179KC1965,HDFCNIFTY,EQ,,,,,HDFCAMC - HDFCNIFTY,270.56,270.56,263.62,264.65,265.05,263.97,,264.65,,,109200,28887874.59,829,F1,1,,,,,
2026-09-23,2026-09-23,CM,NSE,STK,764336,INF179KC1KT4,HDFCNIMEG,EQ,,,,,HDFCAMC - HDFCNIMEG,131.28,132.99,131.05,132.45,132.58,129.68,,132.45,,,13650,1801158.52,87,F1,1,,,,,
2026-09-23,2026-09-23,CM,NSE,STK,12108,INF179KC1HZ7,HDFCPVTBAN,EQ,,,,,HDFCAMC - HDFCPVTBAN,28.01,28.05,27.86,27.95,28.00,27.88,,27.95,,,111094,3105011.87,304,F1,1,,,,,
2026-09-23,2026-09-23,CM,NSE,STK,11255,INF179KC1DL6,HDFCQUAL,EQ,,,,,HDFCAMC - HDFCQUAL,57.09,57.19,56.90,56.93,56.90,56.82,,56.93,,,4383,249807.73,51,F1,1,,,,,
2026-09-23,2026-09-23,CM,NSE,STK,11593,INF179KC1HX2,HDFCSENSEX,EQ,,,,,HDFCAMC - HDFCSENSEX,85.18,85.23,84.54,85.00,84.54,84.80,,85.00,,,31734,2694064.14,431,F1,1,,,,,
2026-09-23,2026-09-23,CM,NSE,STK,10876,INF179KC1DI2,HDFCSILVER,EQ,,,,,HDFCAMC - HDFCSILVER,222.35,223.45,219.74,220.13,220.14,220.07,,220.13,,,1789966,396963046.10,7697,F1,1,,,,,
2026-09-23,2026-09-23,CM,NSE,STK,14233,INF179KC1FB2,HDFCSML250,EQ,,,,,HDFCAMC - HDFCSML250,184.91,186.39,183.98,185.99,186.35,183.98,,185.99,,,1260149,233769975.49,7549,F1,1,,,,,
2026-09-23,2026-09-23,CM,NSE,STK,11260,INF179KC1DK8,HDFCVALUE,EQ,,,,,HDFCAMC - HDFCVALUE,121.26,122.39,121.26,122.17,122.10,121.26,,122.17,,,6856,837784.46,50,F1,1,,,,,
2026-09-23,2026-09-23,CM,NSE,STK,22595,INF179KC1HW4,HDFCPSUBK,EQ,,,,,HDFCAMC HDFCPSUBK,83.03,84.70,83.03,84.34,84.12,83.44,,84.34,,,30982,2614561.36,170,F1,1,,,,,
2026-09-23,2026-09-23,CM,NSE,STK,19205,INE759V01019,HEADSUP,EQ,,,,,HEADS UP VENTURES LIMITED,6.75,6.88,6.61,6.77,6.78,6.77,,6.77,,,5722,38435.15,85,F1,1,,,,,
2026-09-23,2026-09-23,CM,NSE,STK,20063,INE019J01013,HEALTHX,EQ,,,,,HEALTH X PLATFORM LIMITED,290.00,299.80,290.00,293.30,297.00,289.40,,292.31,,,3099,913222.30,129,F1,1,,,,,
2026-09-23,2026-09-23,CM,NSE,STK,15555,INE075I01017,HCG,EQ,,,,,HEALTHCARE GLOB. ENT. LTD,713.10,723.25,706.20,712.70,706.20,713.10,,712.70,,,81683,58454781.55,11869,F1,1,,,,,
2026-09-23,2026-09-23,CM,NSE,STK,7425,INE558R01013,HECPROJECT,EQ,,,,,HEC INFRA PROJECTS LTD,115.69,117.50,114.00,115.42,115.35,115.68,,115.42,,,6902,799302.86,162,F1,1,,,,,
2026-09-23,2026-09-23,CM,NSE,STK,1336,INE545A01024,HEGAM,EQ,,,,,HEG ADVANCED MATERIAL LTD,233.00,240.95,232.20,237.30,240.95,232.90,,237.21,,,1038595,245690616.00,23144,F1,1,,,,,
2026-09-23,2026-09-23,CM,NSE,STK,2316,INE578A01017,HEIDELBERG,EQ,,,,,HEIDELBERGCEMENT (I) LTD,142.10,142.10,140.94,141.58,141.70,141.13,,141.57,,,82223,11634622.94,1983,F1,1,,,,,
2026-09-23,2026-09-23,CM,NSE,STK,701,INE0AJG01018,HEMIPROP,EQ,,,,,HEMISPHERE PROP IND LTD,119.50,122.28,119.31,120.91,121.09,119.16,,120.91,,,162616,19721821.69,2414,F1,1,,,,,
2026-09-23,2026-09-23,CM,NSE,STK,2614,INE694N01015,HERANBA,EQ,,,,,HERANBA INDUSTRIES LTD,167.68,172.96,167.46,171.49,172.50,166.47,,171.49,,,23980,4094695.99,1253,F1,1,,,,,
2026-09-23,2026-09-23,CM,NSE,STK,4598,INE978A01027,HERITGFOOD,EQ,,,,,HERITAGE FOODS LTD,414.40,427.00,411.15,424.05,426.00,414.70,,424.04,,,338968,142041735.25,9408,F1,1,,,,,
2026-09-23,2026-09-23,CM,NSE,STK,1348,INE158A01026,HEROMOTOCO,EQ,,,,,HERO MOTOCORP LIMITED,5395.00,5448.50,5365.00,5394.00,5394.00,5373.00,,5394.00,,,304703,1646169363.50,27642,F1,1,,,,,
2026-09-23,2026-09-23,CM,NSE,STK,766171,INE012G01022,HEROMOTORS,EQ,,,,,HERO MOTORS LIMITED,82.00,98.40,80.50,98.40,98.40,84.00,,98.43,,,139842838,12763316744.94,446645,F1,1,,,,,
2026-09-23,2026-09-23,CM,NSE,STK,7048,INE782E01017,HESTERBIO,EQ,,,,,HESTER BIOSCIENCES LTD,2178.00,2261.20,2177.40,2241.80,2217.50,2178.70,,2241.98,,,1601,3569615.60,410,F1,1,,,,,
2026-09-23,2026-09-23,CM,NSE,STK,27008,INE750M01017,HEXATRADEX,EQ,,,,,HEXA TRADEX LIMITED,158.81,160.00,158.35,158.95,158.51,158.81,,158.75,,,682,108761.18,29,F1,1,,,,,
2026-09-23,2026-09-23,CM,NSE,STK,750116,INE0JUI01012,HEXAGON,BE,,,,,HEXAGON NUTRITION LIMITED,65.05,67.00,64.69,65.68,65.70,65.07,,65.63,,,129098,8453003.59,523,F1,1,,,,,
2026-09-23,2026-09-23,CM,NSE,STK,29666,INE093A01041,HEXT,EQ,,,,,HEXAWARE TECHNOLOGIES LTD,504.80,509.30,498.25,500.00,498.25,504.20,,499.98,,,124075,62361642.70,6638,F1,1,,,,,
2026-09-23,2026-09-23,CM,NSE,STK,21954,INE548A01028,HFCL,BE,,,,,HFCL LIMITED,221.45,221.45,215.10,217.37,216.48,221.06,,217.36,,,4418862,963807206.49,35613,F1,1,,,,,
2026-09-23,2026-09-23,CM,NSE,STK,25622,INE957N08151,920HFL30,N0,,,,,HFL 9.20% 2030 SR 67,104545.00,104545.00,104545.00,104545.00,104545.00,104649.00,,104545.00,,,5,522725.00,3,F1,1,,,,,
2026-09-23,2026-09-23,CM,NSE,STK,18794,INE0PIC01017,HIGREEN,SM,,,,,HI GREEN CARBON LIMITED,113.90,113.90,107.05,107.75,108.00,108.90,,107.75,,,31200,3392400.00,39,F1,800,,,,,
2026-09-23,2026-09-23,CM,NSE,STK,2868,INE106T01025,HITECH,EQ,,,,,HI-TECH PIPES LIMITED,74.57,76.49,74.57,75.86,76.10,74.62,,75.86,,,331801,25089402.93,3461,F1,1,,,,,
2026-09-23,2026-09-23,CM,NSE,STK,759103,INE00RL01028,HILINFRA,EQ,,,,,HIGHWAY INFRASTRUCTURE L,43.70,43.88,43.20,43.56,43.70,43.26,,43.59,,,59582,2597394.85,596,F1,1,,,,,
2026-09-23,2026-09-23,CM,NSE,STK,9668,INE475B01022,HIKAL,EQ,,,,,HIKAL LIMITED,229.00,240.88,227.10,232.43,232.00,227.00,,232.46,,,1322731,311318795.08,27346,F1,1,,,,,
2026-09-23,2026-09-23,CM,NSE,STK,14627,INE788H01017,HILTON,EQ,,,,,HILTON METAL FORGING LTD,16.59,17.05,16.50,16.73,16.75,16.59,,16.76,,,104278,1748397.73,539,F1,1,,,,,
2026-09-23,2026-09-23,CM,NSE,STK,14334,INE019C01026,HSCL,EQ,,,,,HIMADRI SPECIALITY CHEM L,672.00,674.45,666.40,667.75,667.20,669.45,,667.75,,,1372793,920953124.35,18145,F1,1,,,,,
2026-09-23,2026-09-23,CM,NSE,STK,1360,INE049A01027,HIMATSEIDE,EQ,,,,,HIMATSINGKA SEIDE LTD,63.60,68.38,63.41,67.87,68.30,63.21,,67.86,,,1480818,98825208.90,15429,F1,1,,,,,
2026-09-23,2026-09-23,CM,NSE,STK,765085,INE227B01019,HINDALUMI,EQ,,,,,HIND ALUMINIUM INDS. LTD.,94.50,95.00,92.00,93.78,94.50,94.08,,93.89,,,3123,292156.70,101,F1,1,,,,,
2026-09-23,2026-09-23,CM,NSE,STK,1363,INE038A01020,HINDALCO,EQ,,,,,HINDALCO  INDUSTRIES  LTD,979.50,1003.80,978.20,1003.80,1003.80,973.00,,1003.77,,,5158521,5115554251.90,97602,F1,1,,,,,
2026-09-23,2026-09-23,CM,NSE,STK,4920,INE642Y01029,HINDCON,EQ,,,,,HINDCON CHEMICALS LIMITED,24.56,25.40,24.56,25.21,25.26,24.73,,25.21,,,28851,721090.12,291,F1,1,,,,,
2026-09-23,2026-09-23,CM,NSE,STK,11796,INE05X901010,HPIL,EQ,,,,,HINDPRAKASH INDUSTRY LTD,116.60,121.50,115.11,116.49,116.27,118.71,,116.49,,,2443,286320.33,119,F1,1,,,,,
2026-09-23,2026-09-23,CM,NSE,STK,14712,INE170I01016,HGS,EQ,,,,,HINDUJA GLOBAL SOLS. LTD.,379.65,384.00,376.10,378.50,378.05,379.65,,378.47,,,20489,7768802.10,910,F1,1,,,,,
2026-09-23,2026-09-23,CM,NSE,STK,764698,INE074C01013,HINDADH,EQ,,,,,HINDUSTAN ADHESIVES LTD.,386.70,387.95,377.30,380.40,380.00,384.45,,380.40,,,5308,2020210.25,139,F1,1,,,,,
2026-09-23,2026-09-23,CM,NSE,STK,2303,INE066F01020,HAL,EQ,,,,,HINDUSTAN AERONAUTICS LTD,4810.00,4849.00,4802.00,4836.00,4836.00,4800.00,,4835.99,,,432866,2090961928.70,27087,F1,1,,,,,
2026-09-23,2026-09-23,CM,NSE,STK,1372,INE310C01029,HINDCOMPOS,EQ,,,,,HINDUSTAN COMPOSITES LTD.,376.55,393.80,376.55,389.10,386.50,376.55,,389.10,,,5952,2319254.05,327,F1,1,,,,,
2026-09-23,2026-09-23,CM,NSE,STK,1375,INE549A01026,HCC,EQ,,,,,HINDUSTAN CONSTRUCTION CO,21.75,22.29,21.66,22.17,22.25,21.67,,22.17,,,11996406,263910057.22,19866,F1,1,,,,,
2026-09-23,2026-09-23,CM,NSE,STK,17939,INE531E01026,HINDCOPPER,EQ,,,,,HINDUSTAN COPPER LTD,513.00,521.30,509.40,513.00,512.80,508.20,,513.01,,,6140632,3164711674.95,90388,F1,1,,,,,
2026-09-23,2026-09-23,CM,NSE,STK,12173,INE254N01026,HNDFDS,EQ,,,,,HINDUSTAN FOODS LIMITED,622.00,625.00,612.15,621.10,621.00,622.15,,621.12,,,44647,27681517.65,3880,F1,1,,,,,
2026-09-23,2026-09-23,CM,NSE,STK,19215,INE871K01015,HMVL,BE,,,,,HINDUSTAN MEDIA VENT LTD,83.00,83.00,78.10,78.57,78.15,82.21,,78.57,,,59435,4713583.00,221,F1,1,,,,,
2026-09-23,2026-09-23,CM,NSE,STK,1403,INE345A01011,HINDOILEXP,EQ,,,,,HINDUSTAN OIL EXPLORATION,174.43,178.63,173.00,173.58,174.90,174.83,,173.59,,,350306,61355575.89,6840,F1,1,,,,,
2026-09-23,2026-09-23,CM,NSE,STK,1406,INE094A01015,HINDPETRO,EQ,,,,,HINDUSTAN PETROLEUM CORP,362.50,364.65,358.00,360.00,360.00,360.70,,359.99,,,1968247,711404185.05,25468,F1,1,,,,,
2026-09-23,2026-09-23,CM,NSE,STK,1394,INE030A01027,HINDUNILVR,EQ,,,,,HINDUSTAN UNILEVER LTD.,1938.00,1954.00,1936.00,1950.00,1950.00,1933.80,,1950.00,,,870342,1695321736.50,38393,F1,1,,,,,
2026-09-23,2026-09-23,CM,NSE,STK,1424,INE267A01025,HINDZINC,EQ,,,,,HINDUSTAN ZINC LIMITED,596.00,602.80,592.55,595.45,595.45,590.50,,595.45,,,4064936,2426099088.60,57752,F1,1,,,,,
2026-09-23,2026-09-23,CM,NSE,STK,15883,INE05AN01011,HINDWAREAP,EQ,,,,,HINDWARE HME INOVATON LTD,174.77,181.90,174.77,177.02,177.63,174.77,,177.02,,,132825,23704145.49,5633,F1,1,,,,,
2026-09-23,2026-09-23,CM,NSE,STK,13890,INE835D01023,HIRECT,EQ,,,,,HIRECT LIMITED,1245.00,1259.00,1230.10,1239.90,1242.00,1242.20,,1239.91,,,19164,23843983.60,2329,F1,1,,,,,
2026-09-23,2026-09-23,CM,NSE,STK,19322,INE598C01011,HISARMETAL,EQ,,,,,HISAR METAL IND. LIMITED,156.00,157.85,155.85,156.13,155.85,156.05,,156.13,,,226,35269.37,12,F1,1,,,,,
2026-09-23,2026-09-23,CM,NSE,STK,18457,INE07Y701011,POWERINDIA,EQ,,,,,HITACHI ENERGY INDIA LTD,31565.00,31660.00,31050.00,31150.00,31150.00,31415.00,,31150.00,,,67887,2121301680.00,21384,F1,1,,,,,
2026-09-23,2026-09-23,CM,NSE,STK,15165,INE120D01012,HITECHCORP,BE,,,,,HITECH CORPORATION LTD,328.00,335.00,328.00,334.00,335.00,329.75,,334.00,,,8707,2906960.40,39,F1,1,,,,,
2026-09-23,2026-09-23,CM,NSE,STK,2289,INE461D01028,HLEGLAS,EQ,,,,,HLE GLASCOAT LIMITED,433.00,459.95,422.45,446.85,447.00,445.75,,446.79,,,611311,268054531.75,18899,F1,1,,,,,
2026-09-23,2026-09-23,CM,NSE,STK,1448,INE102A01024,HLVLTD,EQ,,,,,HLV LIMITED,6.44,6.71,6.33,6.59,6.64,6.40,,6.59,,,217455,1440050.82,659,F1,1,,,,,
2026-09-23,2026-09-23,CM,NSE,STK,17053,INE0ECP01024,HMAAGRO,EQ,,,,,HMA AGRO INDUSTRIES LTD,23.91,23.96,23.48,23.61,23.72,23.72,,23.61,,,1717160,40628830.92,2710,F1,1,,,,,
2026-09-23,2026-09-23,CM,NSE,STK,19698,INE262A01018,HMT,BZ,,,,,HMT LTD -,63.02,65.00,63.02,63.73,63.30,64.35,,63.75,,,5492,352001.04,60,F1,1,,,,,
2026-09-23,2026-09-23,CM,NSE,STK,23826,INE0S6S01017,HOACFOODS,ST,,,,,HOAC FOODS INDIA LIMITED,812.00,825.30,812.00,825.30,825.30,809.15,,825.30,,,4500,3673950.00,10,F1,375,,,,,
2026-09-23,2026-09-23,CM,NSE,STK,18649,INE0LXA01019,HOLMARC,SM,,,,,HOLMARC OPTO MECHATRO L,120.00,124.00,120.00,120.00,120.00,120.00,,120.00,,,8250,999750.00,11,F1,750,,,,,
2026-09-23,2026-09-23,CM,NSE,STK,2056,INE481N01025,HOMEFIRST,EQ,,,,,HOME FIRST FIN CO IND LTD,1200.40,1217.30,1198.00,1205.80,1208.00,1212.50,,1205.78,,,41253,49688712.90,4947,F1,1,,,,,
2026-09-23,2026-09-23,CM,NSE,STK,19813,INE0J5401028,HONASA,EQ,,,,,HONASA CONSUMER LIMITED,476.00,488.00,474.00,484.90,484.95,473.65,,484.90,,,712921,343431659.35,22470,F1,1,,,,,
2026-09-23,2026-09-23,CM,NSE,STK,3138,INE634A01018,HONDAPOWER,EQ,,,,,HONDA I POWER PRODUCT LTD,1910.40,1935.00,1910.00,1931.70,1925.90,1916.50,,1931.63,,,1632,3141922.50,360,F1,1,,,,,
2026-09-23,2026-09-23,CM,NSE,STK,3417,INE671A01010,HONAUT,EQ,,,,,HONEYWELL AUTOMATION IND,34050.00,34500.00,33700.00,34275.00,34400.00,34025.00,,34274.87,,,3275,111341475.00,1752,F1,1,,,,,
2026-09-23,2026-09-23,CM,NSE,STK,765356,INE685T01010,HORIZONIND,EQ,,,,,HORIZON INDUSTRIAL PRKS L,52.80,53.65,52.70,53.28,53.27,52.76,,53.28,,,2893202,153940371.39,14764,F1,1,,,,,
2026-09-23,2026-09-23,CM,NSE,STK,17920,INE191I01012,HDIL,BZ,,,,,HOUSING DEV & INFRA LTD,1.47,1.50,1.44,1.47,1.50,1.45,,1.46,,,112012,163193.98,163,F1,1,,,,,
2026-09-23,2026-09-23,CM,NSE,STK,7376,INE0GSL01024,HPAL,EQ,,,,,HP ADHESIVES LIMITED,35.26,36.85,35.05,35.65,36.19,35.39,,35.65,,,35795,1276778.87,576,F1,1,,,,,
2026-09-23,2026-09-23,CM,NSE,STK,29875,INE0VA601019,HPTL,SM,,,,,HP TELECOM INDIA LIMITED,468.00,468.30,461.95,468.30,468.30,446.00,,468.30,,,4800,2232480.00,8,F1,600,,,,,
2026-09-23,2026-09-23,CM,NSE,STK,18679,INE495S01016,HPL,EQ,,,,,HPL ELECTRIC & POWER LTD,280.00,286.00,279.00,280.55,281.00,279.85,,280.56,,,116184,32793384.50,4573,F1,1,,,,,
2026-09-23,2026-09-23,CM,NSE,STK,761506,INF336L01RX2,HSBCGOLD,EQ,,,,,HSBCAMC - HSBCGOLD,132.00,132.68,131.00,131.04,131.56,131.14,,131.04,,,3303,434334.41,59,F1,1,,,,,
2026-09-23,2026-09-23,CM,NSE,STK,20825,INE031A01017,HUDCO,EQ,,,,,HSG & URBAN DEV CORPN LTD,172.40,179.20,172.40,177.92,178.20,172.40,,177.95,,,2918388,515845066.03,34413,F1,1,,,,,
2026-09-23,2026-09-23,CM,NSE,STK,11979,INE501G01024,HTMEDIA,EQ,,,,,HT MEDIA LIMITED,23.85,25.40,23.69,24.86,25.40,24.45,,24.85,,,74352,1822021.34,543,F1,1,,,,,
2026-09-23,2026-09-23,CM,NSE,STK,14203,INE703H01016,HUBTOWN,EQ,,,,,HUBTOWN LIMITED,175.00,180.39,175.00,177.35,177.79,175.61,,177.28,,,242204,43139801.33,3731,F1,1,,,,,
2026-09-23,2026-09-23,CM,NSE,STK,2562,INE275B01026,HUHTAMAKI,EQ,,,,,HUHTAMAKI INDIA LIMITED,244.10,251.90,242.85,250.00,251.45,246.55,,250.03,,,102814,25645808.45,3441,F1,1,,,,,
2026-09-23,2026-09-23,CM,NSE,STK,25708,INE0TO501019,HVAX,SM,,,,,HVAX TECHNOLOGIES LIMITED,725.00,726.80,705.00,715.15,715.15,692.20,,715.15,,,4650,3373515.00,19,F1,150,,,,,
2026-09-23,2026-09-23,CM,NSE,STK,765467,INE0LEG01024,HTEL,EQ,,,,,HY-TECH ENGINEERS LIMITED,72.50,72.79,70.70,71.27,71.39,70.96,,71.28,,,1149415,82239533.01,9812,F1,1,,,,,
2026-09-23,2026-09-23,CM,NSE,STK,12814,INE965B01022,HYBRIDFIN,BE,,,,,HYBRID FINANCIAL SERVICE,16.69,17.19,16.20,16.79,16.74,16.69,,16.80,,,6988,117333.95,30,F1,1,,,,,
2026-09-23,2026-09-23,CM,NSE,STK,25844,INE0V6F01027,HYUNDAI,EQ,,,,,HYUNDAI MOTOR INDIA LTD,2110.80,2110.80,2077.00,2095.00,2095.00,2101.00,,2095.00,,,358724,750212446.90,29474,F1,1,,,,,
2026-09-23,2026-09-23,CM,NSE,STK,14086,INE204A01010,IGPL,EQ,,,,,I G PETROCHEMICALS LTD,560.00,591.90,557.00,588.95,590.00,563.40,,588.94,,,237014,138491803.50,7410,F1,1,,,,,
2026-09-23,2026-09-23,CM,NSE,STK,764718,INE684B01029,ISTLTD,EQ,,,,,I S T LTD.,650.20,666.00,648.95,655.00,655.00,675.75,,651.73,,,335,219298.25,58,F1,1,,,,,
2026-09-23,2026-09-23,CM,NSE,STK,21348,INE0O7401018,IBLFL,SM,,,,,IBL FINANCE LIMITED,61.00,61.00,61.00,61.00,61.00,61.00,,61.00,,,2000,122000.00,1,F1,2000,,,,,
2026-09-23,2026-09-23,CM,NSE,STK,764064,INE0XE501015,ICELCO,SM,,,,,IC ELECTRICALS COMPANY L,125.00,136.90,125.00,134.75,134.50,125.10,,134.75,,,169200,22289340.00,116,F1,1200,,,,,
2026-09-23,2026-09-23,CM,NSE,STK,9610,INE613B01010,ICDSLTD,BE,,,,,ICDSLTD,64.50,64.50,59.20,59.58,59.55,61.90,,59.34,,,4178,254537.28,57,F1,1,,,,,
2026-09-23,2026-09-23,CM,NSE,STK,489,INE520Y01019,ICEMAKE,EQ,,,,,ICE MAKE REFRIGERAT LTD,700.00,710.95,696.00,699.45,697.50,702.10,,699.45,,,17987,12653302.90,1358,F1,1,,,,,
2026-09-23,2026-09-23,CM,NSE,STK,4963,INE090A01021,ICICIBANK,EQ,,,,,ICICI BANK LTD.,1339.90,1344.50,1333.50,1340.00,1340.00,1339.60,,1340.00,,,4758314,6370494129.00,120264,F1,1,,,,,
2026-09-23,2026-09-23,CM,NSE,STK,21770,INE765G01017,ICICIGI,EQ,,,,,ICICI LOMBARD GIC LIMITED,1482.60,1505.00,1482.30,1500.60,1500.60,1480.00,,1500.62,,,708998,1056433025.20,18852,F1,1,,,,,
2026-09-23,2026-09-23,CM,NSE,STK,21254,INF109KC19U5,LOWVOLIETF,EQ,,,,,ICICI PR NIF LW VL 30 ETF,21.22,21.63,21.22,21.40,21.50,21.39,,21.40,,,4847235,103820224.64,9419,F1,1,,,,,
2026-09-23,2026-09-23,CM,NSE,STK,18652,INE726G01019,ICICIPRULI,EQ,,,,,ICICI PRU LIFE INS CO LTD,491.55,491.55,481.50,484.50,484.50,486.65,,484.50,,,750732,364140927.80,20909,F1,1,,,,,
2026-09-23,2026-09-23,CM,NSE,STK,17702,INF109KC10W0,MIDSELIETF,EQ,,,,,ICICI PRUD MIDCAP SEL ETF,19.78,19.90,19.61,19.79,19.87,19.65,,19.79,,,186250,3674432.79,833,F1,1,,,,,
2026-09-23,2026-09-23,CM,NSE,STK,30392,INF109KC16V9,NIF100IETF,EQ,,,,,ICICI PRUD NIFTY 100 ETF,26.56,27.48,26.56,27.43,27.35,27.25,,27.43,,,126599,3471689.28,931,F1,1,,,,,
2026-09-23,2026-09-23,CM,NSE,STK,29553,INF109K012R6,NIFTYIETF,EQ,,,,,ICICI PRUD NIFTY ETF,265.78,266.65,265.00,266.29,266.65,265.42,,266.29,,,320959,85365245.95,7948,F1,1,,,,,
2026-09-23,2026-09-23,CM,NSE,STK,4378,INF346A01034,SENSEXIETF,EQ,,,,,ICICI PRUD SENSEX ETF,869.49,869.49,859.11,861.59,860.51,860.49,,861.61,,,4511,3885310.60,215,F1,1,,,,,
2026-09-23,2026-09-23,CM,NSE,STK,760407,INE346A01027,ICICIAMC,EQ,,,,,ICICI PRUDENTIAL AMC LTD,3151.90,3189.80,3150.40,3179.00,3165.00,3151.20,,3178.80,,,171584,544741688.30,20393,F1,1,,,,,
2026-09-23,2026-09-23,CM,NSE,STK,19679,INF109KC1NT3,GOLDIETF,EQ,,,,,ICICI PRUDENTIAL GOLD ETF,129.50,129.99,129.07,129.21,129.25,129.42,,129.21,,,2501126,323994067.18,19911,F1,1,,,,,
2026-09-23,2026-09-23,CM,NSE,STK,17475,INF109KC11V0,NV20IETF,EQ,,,,,ICICI PRUDENTIAL NV20 ETF,13.26,13.28,13.18,13.21,13.23,13.23,,13.21,,,175820,2324688.03,1317,F1,1,,,,,
2026-09-23,2026-09-23,CM,NSE,STK,522,INF109KB15Y7,ICICIB22,EQ,,,,,ICICIPRAMC - BHARATIWIN,113.23,113.62,112.46,113.36,113.06,112.46,,113.36,,,326462,36986282.58,1792,F1,1,,,,,
2026-09-23,2026-09-23,CM,NSE,STK,30139,INF109K1A021,CASHIETF,EQ,,,,,ICICIPRAMC - CASHIETF,1080.68,1080.70,1080.68,1080.68,1080.68,1080.54,,1080.68,,,158917,171741042.39,108,F1,1,,,,,
2026-09-23,2026-09-23,CM,NSE,STK,755881,INF109K1A153,EVIETF,EQ,,,,,ICICIPRAMC - EVIETF,31.75,31.97,31.60,31.76,31.90,31.69,,31.76,,,109988,3491512.84,515,F1,1,,,,,
2026-09-23,2026-09-23,CM,NSE,STK,13143,INF109KC18O0,GSEC10IETF,EQ,,,,,ICICIPRAMC - ICICI10GS,261.77,264.48,261.77,261.97,262.00,264.60,,261.97,,,12,3152.57,6,F1,1,,,,,
2026-09-23,2026-09-23,CM,NSE,STK,3001,INF109KC1V59,BSE500IETF,EQ,,,,,ICICIPRAMC - ICICI500,37.73,39.08,37.73,38.72,38.71,38.70,,38.72,,,67086,2600691.20,778,F1,1,,,,,
2026-09-23,2026-09-23,CM,NSE,STK,8342,INF109KC14A8,GSEC5IETF,EQ,,,,,ICICIPRAMC - ICICI5GSEC,66.15,66.55,65.98,66.10,66.10,66.09,,66.33,,,18607,1233091.89,42,F1,1,,,,,
2026-09-23,2026-09-23,CM,NSE,STK,22344,INF109KC17V7,ALPL30IETF,EQ,,,,,ICICIPRAMC - ICICIALPLV,27.57,27.57,27.01,27.23,27.07,27.03,,27.23,,,1058368,28718551.73,767,F1,1,,,,,
2026-09-23,2026-09-23,CM,NSE,STK,7844,INF109KC10V2,AUTOIETF,EQ,,,,,ICICIPRAMC - ICICIAUTO,28.89,28.89,28.02,28.20,28.31,28.19,,28.22,,,284070,8003802.02,1498,F1,1,,,,,
2026-09-23,2026-09-23,CM,NSE,STK,11386,INF109KC18U7,PVTBANIETF,EQ,,,,,ICICIPRAMC - ICICIBANKP,27.69,27.78,27.60,27.65,27.77,27.70,,27.66,,,1302707,36085189.48,1116,F1,1,,,,,
2026-09-23,2026-09-23,CM,NSE,STK,13198,INF109KC19O8,COMMOIETF,EQ,,,,,ICICIPRAMC - ICICICOMMO,97.67,98.49,97.60,98.01,97.81,97.67,,98.02,,,15576,1528466.90,333,F1,1,,,,,
2026-09-23,2026-09-23,CM,NSE,STK,6446,INF109KC1V42,CONSUMIETF,EQ,,,,,ICICIPRAMC - ICICICONSU,118.86,119.89,118.86,119.51,119.88,119.04,,119.51,,,6558,785013.37,122,F1,1,,,,,
2026-09-23,2026-09-23,CM,NSE,STK,5306,INF109KC19V3,FMCGIETF,EQ,,,,,ICICIPRAMC - ICICIFMCG,49.20,49.79,49.16,49.71,49.78,49.19,,49.70,,,646494,32085072.49,2269,F1,1,,,,,
2026-09-23,2026-09-23,CM,NSE,STK,10723,INF109KC16E5,INFRAIETF,EQ,,,,,ICICIPRAMC - ICICIINFRA,93.11,93.64,92.66,93.36,93.11,93.09,,93.36,,,592082,55307201.46,3665,F1,1,,,,,
2026-09-23,2026-09-23,CM,NSE,STK,4838,INF109KC1KT9,LIQUIDIETF,EQ,,,,,ICICIPRAMC - ICICILIQ,1000.00,1000.01,997.11,999.95,1000.00,999.99,,999.96,,,683340,683329401.32,296,F1,1,,,,,
2026-09-23,2026-09-23,CM,NSE,STK,17152,INF109KC11W8,MIDCAPIETF,EQ,,,,,ICICIPRAMC - ICICIM150,22.95,23.80,22.95,23.74,23.70,23.54,,23.74,,,437990,10383204.05,1554,F1,1,,,,,
2026-09-23,2026-09-23,CM,NSE,STK,10585,INF109KC17C7,MOM30IETF,EQ,,,,,ICICIPRAMC - ICICIMOM30,30.86,31.20,30.86,31.12,31.15,30.83,,31.12,,,1189643,36909961.66,1237,F1,1,,,,,
2026-09-23,2026-09-23,CM,NSE,STK,4529,INF109KC1NS5,NEXT50IETF,EQ,,,,,ICICIPRAMC - ICICINXT50,77.76,77.76,75.33,76.47,76.48,75.87,,76.47,,,850097,65009045.35,3213,F1,1,,,,,
2026-09-23,2026-09-23,CM,NSE,STK,3626,INF109KC1Q72,HEALTHIETF,EQ,,,,,ICICIPRAMC - ICICIPHARM,172.00,173.33,170.83,172.89,173.28,171.77,,172.84,,,72206,12453497.17,1569,F1,1,,,,,
2026-09-23,2026-09-23,CM,NSE,STK,17808,INF109KC18V5,QUAL30IETF,EQ,,,,,ICICIPRAMC - ICICIQTY30,20.37,20.49,20.27,20.33,20.43,20.37,,20.33,,,32933,670530.74,194,F1,1,,,,,
2026-09-23,2026-09-23,CM,NSE,STK,7942,INF109KC1Y56,SILVERIETF,EQ,,,,,ICICIPRAMC - ICICISILVE,232.06,233.42,229.60,230.09,230.04,230.18,,230.10,,,2047735,474228995.82,10287,F1,1,,,,,
2026-09-23,2026-09-23,CM,NSE,STK,22365,INF109KC16I6,ITIETF,EQ,,,,,ICICIPRAMC - ICICITECH,32.61,32.61,31.45,31.48,31.59,31.82,,31.48,,,1278622,40412079.97,1576,F1,1,,,,,
2026-09-23,2026-09-23,CM,NSE,STK,764364,INF109K1A567,INSUREIETF,EQ,,,,,ICICIPRAMC - INSUREIETF,15.18,15.28,15.08,15.21,15.28,15.17,,15.21,,,75994,1152059.88,100,F1,1,,,,,
2026-09-23,2026-09-23,CM,NSE,STK,11037,INF109KC15I8,BANKIETF,EQ,,,,,ICICIPRAMC - IPRU5008,59.02,59.02,57.50,58.02,58.05,57.86,,58.02,,,322306,18705663.18,915,F1,1,,,,,
2026-09-23,2026-09-23,CM,NSE,STK,24861,INF109KC19W1,METALIETF,EQ,,,,,ICICIPRAMC - METALIETF,13.10,13.38,13.07,13.34,13.36,13.05,,13.34,,,9100169,120859619.81,7749,F1,1,,,,,
2026-09-23,2026-09-23,CM,NSE,STK,24533,INF109KC18W3,OILIETF,EQ,,,,,ICICIPRAMC - OILIETF,11.13,11.20,11.12,11.15,11.18,11.12,,11.15,,,621242,6934359.26,1354,F1,1,,,,,
2026-09-23,2026-09-23,CM,NSE,STK,14584,INF109KC10S8,PSUBNKIETF,EQ,,,,,ICICIPRAMC - PSUBANKICI,83.66,84.85,83.56,84.54,84.32,83.66,,84.54,,,70415,5954729.99,485,F1,1,,,,,
2026-09-23,2026-09-23,CM,NSE,STK,754612,INF109K1A476,SMALLIETF,EQ,,,,,ICICIPRAMC - SMALLIETF,18.28,18.55,18.22,18.49,18.55,18.34,,18.49,,,14497,267408.32,88,F1,1,,,,,
2026-09-23,2026-09-23,CM,NSE,STK,757781,INF109K1A344,TOP15IETF,EQ,,,,,ICICIPRAMC - TOP15IETF,9.48,9.55,9.45,9.48,9.52,9.45,,9.48,,,134798,1277899.70,274,F1,1,,,,,
2026-09-23,2026-09-23,CM,NSE,STK,25851,INF109KC16X5,VAL30IETF,EQ,,,,,ICICIPRAMC - VAL30IETF,14.81,15.04,14.81,15.00,14.97,14.84,,14.99,,,86708,1297607.78,450,F1,1,,,,,
2026-09-23,2026-09-23,CM,NSE,STK,12578,INF109KC17L8,FINIETF,EQ,,,,,ICICIPRAMC-ICICIFIN,32.25,32.42,32.16,32.37,32.27,32.00,,32.37,,,173757,5613872.34,651,F1,1,,,,,
2026-09-23,2026-09-23,CM,NSE,STK,14523,INE725G01011,ICRA,EQ,,,,,ICRA LIMITED,4579.80,4601.90,4515.00,4533.30,4533.10,4579.80,,4533.37,,,13598,61856221.10,2941,F1,1,,,,,
2026-09-23,2026-09-23,CM,NSE,STK,1476,INE008A01015,IDBI,EQ,,,,,IDBI BANK LIMITED,83.05,83.97,82.90,83.39,83.58,82.88,,83.39,,,4228479,352733390.50,21710,F1,1,,,,,
2026-09-23,2026-09-23,CM,NSE,STK,17140,INE349Y01013,IDEAFORGE,EQ,,,,,IDEAFORGE TECHNO LTD,730.00,738.00,718.00,720.45,720.50,741.40,,720.43,,,337370,244795999.90,24170,F1,1,,,,,
2026-09-23,2026-09-23,CM,NSE,STK,24950,INE0T9I01011,IDEALTECHO,SM,,,,,IDEAL TECHNOPLAST IND LTD,95.00,95.00,95.00,95.00,95.00,96.00,,95.00,,,1000,95000.00,1,F1,1000,,,,,
2026-09-23,2026-09-23,CM,NSE,STK,28574,INE0TD101011,IDENTICAL,SM,,,,,IDENTICAL BRAINS STUDIO L,17.20,17.50,17.20,17.50,17.50,17.95,,17.50,,,4000,69400.00,2,F1,2000,,,,,
2026-09-23,2026-09-23,CM,NSE,STK,11184,INE092T01019,IDFCFIRSTB,EQ,,,,,IDFC FIRST BANK LIMITED,85.98,89.61,85.90,87.90,87.90,85.37,,87.90,,,64518343,5693513709.12,132127,F1,1,,,,,
2026-09-23,2026-09-23,CM,NSE,STK,1482,INE076C01018,IFBAGRO,EQ,,,,,IFB AGRO INDUSTRIES LTD,865.90,880.00,861.25,864.80,863.20,865.70,,864.92,,,1763,1528561.90,279,F1,1,,,,,
2026-09-23,2026-09-23,CM,NSE,STK,1485,INE559A01017,IFBIND,EQ,,,,,IFB INDUSTRIES LTD,1213.20,1269.60,1205.00,1258.70,1260.00,1213.10,,1258.49,,,74193,92203449.70,5603,F1,1,,,,,
2026-09-23,2026-09-23,CM,NSE,STK,1491,INE039A01010,IFCI,EQ,,,,,IFCI LTD,76.30,80.07,75.60,79.49,79.95,75.94,,79.48,,,77513063,6079702845.24,177255,F1,1,,,,,
2026-09-23,2026-09-23,CM,NSE,STK,436,INE133Y01011,IFGLEXPOR,EQ,,,,,IFGL REFRACTORIES LIMITED,195.00,199.51,195.00,197.16,197.99,194.65,,197.18,,,20059,3951563.17,733,F1,1,,,,,
2026-09-23,2026-09-23,CM,NSE,STK,759897,INE01XO07017,1225IFL27,N0,,,,,IFL 12.25% 2027,6250.54,6250.54,6171.00,6171.00,6171.00,6480.00,,6171.00,,,12,74926.94,4,F1,1,,,,,
2026-09-23,2026-09-23,CM,NSE,STK,760656,INE01XO07025,1225IFL28,N0,,,,,IFL 12.25% 2028,7500.00,7500.00,7500.00,7500.00,7500.00,7500.00,,7500.00,,,1,7500.00,1,F1,1,,,,,
2026-09-23,2026-09-23,CM,NSE,STK,634,INE188B01013,IGARASHI,EQ,,,,,IGARASHI MOTORS INDIA LTD,425.00,439.65,423.30,431.80,431.90,424.00,,431.80,,,92008,39783000.45,4471,F1,1,,,,,
2026-09-23,2026-09-23,CM,NSE,STK,756154,INE530B07492,1025IIFL30,Y3,,,,,IIFL 10.25% TR I SR IX,1038.50,1038.50,1037.50,1037.50,1037.50,1038.50,,1037.50,,,15,15565.50,2,F1,1,,,,,
2026-09-23,2026-09-23,CM,NSE,STK,761117,INE530B07591,852IIFL29,Y5,,,,,IIFL 8.52% TR I SR II,970.00,975.00,970.00,975.00,975.00,969.84,,975.00,,,62,60295.00,2,F1,1,,,,,
2026-09-23,2026-09-23,CM,NSE,STK,761119,INE530B07617,870IIFL28,Y7,,,,,IIFL 8.70% TR I SR IV,1022.00,1022.00,1022.00,1022.00,1022.00,1021.20,,1022.00,,,25,25550.00,1,F1,1,,,,,
2026-09-23,2026-09-23,CM,NSE,STK,761120,INE530B07575,885IIFL29,Y8,,,,,IIFL 8.85% TR I SR V,1028.00,1028.00,1028.00,1028.00,1028.00,1013.40,,1028.00,,,25,25700.00,1,F1,1,,,,,
2026-09-23,2026-09-23,CM,NSE,STK,756141,INE530B07534,930IIFL27,NX,,,,,IIFL 9:30% TR I SR III,1022.00,1022.00,1022.00,1022.00,1022.00,1022.00,,1022.00,,,2,2044.00,2,F1,1,,,,,
2026-09-23,2026-09-23,CM,NSE,STK,13072,INE489L01022,IIFLCAPS,EQ,,,,,IIFL CAPITAL SERVICES LTD,345.90,356.40,344.10,353.05,354.00,345.05,,353.06,,,2410124,848192903.15,36937,F1,1,,,,,
2026-09-23,2026-09-23,CM,NSE,STK,11809,INE530B01024,IIFL,EQ,,,,,IIFL FINANCE LIMITED,616.75,638.25,613.60,633.30,638.25,617.55,,633.27,,,3608407,2279127393.25,66633,F1,1,,,,,
2026-09-23,2026-09-23,CM,NSE,STK,761122,INE530B07583,IIFL060326,YA,,,,,IIFL TR I SR VII,1020.00,1022.00,1020.00,1022.00,1022.00,1020.00,,1022.00,,,30,30620.00,2,F1,1,,,,,
2026-09-23,2026-09-23,CM,NSE,STK,761123,INE530B07625,IIFL60326,YB,,,,,IIFL TR I SR VIII,1006.20,1006.20,1006.20,1006.20,1006.20,1006.20,,1012.99,,,25,25155.00,2,F1,1,,,,,
2026-09-23,2026-09-23,CM,NSE,STK,16822,INE0LOJ01019,IKIO,EQ,,,,,IKIO TECHNOLOGIES LIMITED,206.80,212.00,205.42,207.89,208.45,205.98,,207.91,,,188483,39353178.03,4735,F1,1,,,,,
2026-09-23,2026-09-23,CM,NSE,STK,9380,INE369I01014,IL&FSENGG,BZ,,,,,IL&FS ENG AND CONS CO LTD,42.29,43.50,42.00,42.00,42.00,42.41,,42.00,,,19869,837910.45,54,F1,1,,,,,
2026-09-23,2026-09-23,CM,NSE,STK,6711,INE050B01023,IVC,EQ,,,,,IL&FS INVESTMENT MANAGERS,7.90,7.90,7.66,7.83,7.86,7.78,,7.83,,,95399,745945.53,806,F1,1,,,,,
2026-09-23,2026-09-23,CM,NSE,STK,9381,INE975G01012,IL&FSTRANS,BZ,,,,,IL&FS TRANS NET LTD,1.90,1.90,1.77,1.83,1.87,1.86,,1.83,,,222346,399174.04,153,F1,1,,,,,
2026-09-23,2026-09-23,CM,NSE,STK,7672,INE172N01012,IMAGICAA,EQ,,,,,IMAGICAAWORLD ENT LTD,52.87,53.50,52.05,52.84,52.81,52.40,,52.84,,,536551,28330317.32,2525,F1,1,,,,,
2026-09-23,2026-09-23,CM,NSE,STK,25881,INE691G01015,IMPEXFERRO,BZ,,,,,IMPEX FERRO TECH LIMITED,5.90,5.91,5.90,5.91,5.91,5.80,,5.91,,,37514,221706.74,32,F1,1,,,,,
2026-09-23,2026-09-23,CM,NSE,STK,17507,INE452L01012,INCREDIBLE,EQ,,,,,INCREDIBLE INDUSTRIES LTD,32.51,33.18,31.80,32.08,32.08,32.51,,31.93,,,3898,125885.24,86,F1,1,,,,,
2026-09-23,2026-09-23,CM,NSE,STK,12009,INE547E01014,IMPAL,EQ,,,,,IND MOTOR PART & ACC LTD,1088.00,1088.00,1050.00,1059.50,1082.00,1075.00,,1060.48,,,8050,8553094.90,654,F1,1,,,,,
2026-09-23,2026-09-23,CM,NSE,STK,4870,INE915B01019,INDSWFTLAB,EQ,,,,,IND SWIFT LABORATORIES LT,409.00,412.00,391.95,405.05,404.10,405.55,,405.05,,,807681,325308719.05,18802,F1,1,,,,,
2026-09-23,2026-09-23,CM,NSE,STK,21957,INE611L01021,INDTERRAIN,EQ,,,,,IND TERRAIN FASHIONS LTD,29.40,29.69,28.55,29.37,29.45,29.20,,29.33,,,18208,533749.08,383,F1,1,,,,,
2026-09-23,2026-09-23,CM,NSE,STK,16933,INE841B01017,INDBANK,EQ,,,,,INDBANK MERCH BANK,25.65,26.39,25.65,26.14,26.25,25.65,,26.13,,,41698,1085552.60,655,F1,1,,,,,
2026-09-23,2026-09-23,CM,NSE,STK,29678,INE0O9T01021,BAJAJINDEF,EQ,,,,,INDEF MANUFACTURING LTD,223.00,228.00,217.12,221.90,221.00,219.02,,221.90,,,34631,7761188.16,741,F1,1,,,,,
2026-09-23,2026-09-23,CM,NSE,STK,23693,INE065X01017,INDGN,EQ,,,,,INDEGENE LIMITED,594.80,602.20,587.25,598.40,597.10,592.10,,598.39,,,279828,166472500.80,13723,F1,1,,,,,
2026-09-23,2026-09-23,CM,NSE,STK,1521,INE560A01023,INDIAGLYCO,EQ,,,,,INDIA GLYCOLS LTD,255.60,262.70,253.00,257.70,258.00,253.60,,257.75,,,615316,158988949.20,10211,F1,1,,,,,
2026-09-23,2026-09-23,CM,NSE,STK,4747,INE092B01025,INDNIPPON,EQ,,,,,INDIA NIPPON ELECT  LTD,1241.90,1310.00,1241.90,1260.70,1254.00,1237.00,,1260.58,,,109262,139892913.70,11705,F1,1,,,,,
2026-09-23,2026-09-23,CM,NSE,STK,4934,INE0D6701023,IPL,EQ,,,,,INDIA PESTICIDES LIMITED,133.90,134.85,133.00,133.52,133.99,133.47,,133.54,,,166962,22306615.39,2423,F1,1,,,,,
2026-09-23,2026-09-23,CM,NSE,STK,20556,INE922K01024,INDIASHLTR,EQ,,,,,INDIA SHELTER FIN CORP L,660.00,675.00,652.05,667.15,661.00,662.15,,667.18,,,85267,56600967.65,5993,F1,1,,,,,
2026-09-23,2026-09-23,CM,NSE,STK,19299,INE353K01014,ITDC,EQ,,,,,INDIA TOUR. DEV. CO. LTD.,705.20,714.75,690.35,702.65,698.30,705.75,,702.59,,,204985,143358266.35,15645,F1,1,,,,,
2026-09-23,2026-09-23,CM,NSE,STK,24999,INE126M01010,IBULLSLTD,EQ,,,,,INDIABULLS LIMITED,29.69,29.99,29.00,29.12,29.10,29.51,,29.12,,,6131763,180156772.57,11989,F1,1,,,,,
2026-09-23,2026-09-23,CM,NSE,STK,10726,INE933S01016,INDIAMART,EQ,,,,,INDIAMART INTERMESH LTD,1644.70,1657.00,1636.00,1652.40,1654.80,1635.20,,1652.36,,,71004,117078618.30,8218,F1,1,,,,,
2026-09-23,2026-09-23,CM,NSE,STK,14309,INE562A01011,INDIANB,EQ,,,,,INDIAN BANK,841.00,851.70,838.85,842.00,842.00,840.80,,842.00,,,975762,823295597.40,27901,F1,1,,,,,
2026-09-23,2026-09-23,CM,NSE,STK,4422,INE061A01014,INDIANCARD,EQ,,,,,INDIAN CARD CLOTHING CO.,208.03,214.84,206.53,208.64,209.10,212.95,,208.64,,,1719,360212.40,118,F1,1,,,,,
2026-09-23,2026-09-23,CM,NSE,STK,23792,INE0RRU01016,IEML,ST,,,,,INDIAN EMULSIFIERS LTD,46.35,46.35,46.35,46.35,46.35,44.15,,46.35,,,51000,2363850.00,61,F1,500,,,,,
2026-09-23,2026-09-23,CM,NSE,STK,220,INE022Q01020,IEX,EQ,,,,,INDIAN ENERGY EXC LTD,112.90,113.90,112.75,113.16,113.16,112.90,,113.17,,,1437722,163050821.14,20091,F1,1,,,,,
2026-09-23,2026-09-23,CM,NSE,STK,1530,INE323C01030,INDIANHUME,EQ,,,,,INDIAN HUME PIPE CO. LTD.,368.20,375.75,359.30,366.25,364.10,367.90,,366.24,,,139861,51310729.50,4692,F1,1,,,,,
2026-09-23,2026-09-23,CM,NSE,STK,19235,INE919H01018,IMFA,EQ,,,,,INDIAN METALS & FERRO,1261.80,1279.00,1249.90,1266.10,1279.00,1252.80,,1266.43,,,75849,96002818.00,8410,F1,1,,,,,
2026-09-23,2026-09-23,CM,NSE,STK,1624,INE242A01010,IOC,EQ,,,,,INDIAN OIL CORP LTD,138.50,138.75,137.10,138.15,138.15,137.80,,138.15,,,6601919,910744576.97,44735,F1,1,,,,,
2026-09-23,2026-09-23,CM,NSE,STK,9348,INE565A01014,IOB,EQ,,,,,INDIAN OVERSEAS BANK,31.83,32.25,31.83,32.13,32.08,31.92,,32.13,,,1360796,43699355.37,8751,F1,1,,,,,
2026-09-23,2026-09-23,CM,NSE,STK,25033,INE0DHF01018,IPHL,SM,,,,,INDIAN PHOSPHATE LIMITED,70.50,71.40,70.50,71.40,71.40,71.00,,71.40,,,4800,340980.00,4,F1,1200,,,,,
2026-09-23,2026-09-23,CM,NSE,STK,13611,INE335Y01020,IRCTC,EQ,,,,,INDIAN RAIL TOUR CORP LTD,469.50,472.10,461.00,463.80,464.80,469.65,,463.83,,,920265,428387967.15,28854,F1,1,,,,,
2026-09-23,2026-09-23,CM,NSE,STK,2029,INE053F01010,IRFC,EQ,,,,,INDIAN RAILWAY FIN CORP L,80.05,81.15,80.05,81.00,81.00,80.00,,81.01,,,5999917,484767005.53,33423,F1,1,,,,,
2026-09-23,2026-09-23,CM,NSE,STK,20261,INE202E01016,IREDA,EQ,,,,,INDIAN RENEWABLE ENERGY,110.60,111.39,110.29,111.00,111.00,110.25,,111.00,,,2079281,230666948.48,15462,F1,1,,,,,
2026-09-23,2026-09-23,CM,NSE,STK,762727,INE586E01020,IWP,EQ,,,,,INDIAN WOOD PRODUCTS CO L,34.47,35.50,34.46,35.34,34.76,34.47,,35.34,,,3719,130130.20,87,F1,1,,,,,
2026-09-23,2026-09-23,CM,NSE,STK,21058,INE0PS301014,INDIFRA,SM,,,,,INDIFRA LIMITED,12.85,12.85,12.85,12.85,12.85,12.25,,12.85,,,2000,25700.00,1,F1,2000,,,,,
2026-09-23,2026-09-23,CM,NSE,STK,2048,INE09VQ01012,INDIGOPNTS,EQ,,,,,INDIGO PAINTS LIMITED,1142.00,1148.00,1132.10,1140.00,1142.00,1142.00,,1140.02,,,33681,38373948.90,5012,F1,1,,,,,
2026-09-23,2026-09-23,CM,NSE,STK,20988,INE219X23014,INDIGRID,IV,,,,,INDIGRID INFRASTRUCT TRST,172.82,173.65,172.05,173.47,173.50,172.82,,173.47,,,347075,60029972.36,3950,F1,1,,,,,
2026-09-23,2026-09-23,CM,NSE,STK,757845,INE06ST01018,INDIQUBE,EQ,,,,,INDIQUBE SPACES LIMITED,190.13,193.00,187.00,192.46,192.20,187.96,,192.36,,,40955,7826226.05,2850,F1,1,,,,,
2026-09-23,2026-09-23,CM,NSE,STK,9120,INE760F01028,INDOAMIN,BE,,,,,INDO AMINES LIMITED,135.80,139.00,134.10,137.07,137.50,134.80,,137.15,,,69250,9497627.08,532,F1,1,,,,,
2026-09-23,2026-09-23,CM,NSE,STK,8614,INE803D01021,INDOBORAX,EQ,,,,,INDO BORAX & CHEMICAL LTD,463.00,471.90,460.00,462.55,462.50,463.55,,462.54,,,40341,18714457.05,2284,F1,1,,,,,
2026-09-23,2026-09-23,CM,NSE,STK,11987,INE483B01026,ICIL,EQ,,,,,INDO COUNT INDUSTRIES LTD,448.85,485.95,446.05,476.55,474.20,448.90,,476.53,,,1924680,911782818.55,56267,F1,1,,,,,
2026-09-23,2026-09-23,CM,NSE,STK,29025,INE622H01018,INDOFARM,EQ,,,,,INDO FARM EQUIPMENT LTD,140.79,146.00,140.01,144.03,143.30,139.90,,144.02,,,364454,52470521.18,5316,F1,1,,,,,
2026-09-23,2026-09-23,CM,NSE,STK,10993,INE156A01020,INDORAMA,EQ,,,,,INDO RAMA SYNTHETICS LTD,104.29,105.54,97.62,100.00,99.99,103.57,,100.00,,,1969705,198547767.25,23336,F1,1,,,,,
2026-09-23,2026-09-23,CM,NSE,STK,13275,INE332H01014,INDOTECH,EQ,,,,,INDO TECH TRANSFORM LTD.,3292.90,3343.90,3279.10,3286.80,3287.90,3279.00,,3286.85,,,6695,22150448.40,1822,F1,1,,,,,
2026-09-23,2026-09-23,CM,NSE,STK,25608,INE337M01021,INDOTHAI,EQ,,,,,INDO THAI SEC LTD,30.90,31.80,30.77,30.77,30.77,32.38,,30.77,,,2927782,90416058.67,5090,F1,1,,,,,
2026-09-23,2026-09-23,CM,NSE,STK,25503,INE250Z01010,INDOUS,EQ,,,,,INDO US BIOTECH LTD,82.80,82.80,78.05,78.10,78.05,78.99,,78.10,,,3148,248089.78,157,F1,1,,,,,
2026-09-23,2026-09-23,CM,NSE,STK,764301,INE084101034,INDOMIM,EQ,,,,,INDO-MIM LIMITED,1226.00,1294.95,1225.00,1251.90,1251.65,1233.30,,1251.85,,,2863505,3629376338.90,97943,F1,1,,,,,
2026-09-23,2026-09-23,CM,NSE,STK,6782,INE567A01028,NIPPOBATRY,EQ,,,,,INDO-NATIONAL LIMITED,318.10,334.00,318.10,329.60,328.35,325.55,,330.19,,,3772,1239942.05,226,F1,1,,,,,
2026-09-23,2026-09-23,CM,NSE,STK,11677,INE873D01024,INDOCO,EQ,,,,,INDOCO REMEDIES LTD.,252.60,259.51,249.50,251.16,252.30,254.51,,251.17,,,118278,30024374.57,3486,F1,1,,,,,
2026-09-23,2026-09-23,CM,NSE,STK,757801,INE05J901018,IGCL,EQ,,,,,INDOGULF CROPSCIENCES LTD,65.17,65.75,63.07,63.55,63.21,64.85,,63.55,,,79146,5051756.93,2265,F1,1,,,,,
2026-09-23,2026-09-23,CM,NSE,STK,764708,INE716F01012,INDOKEM,EQ,,,,,INDOKEM LTD.,610.35,622.40,605.25,614.90,620.00,607.20,,614.08,,,2170,1326996.90,163,F1,1,,,,,
2026-09-23,2026-09-23,CM,NSE,STK,19955,INE866K01023,WAAREEINDO,EQ,,,,,INDOSOLAR LIMITED,261.20,261.20,253.00,255.70,254.75,254.45,,255.62,,,46439,11885216.10,975,F1,1,,,,,
2026-09-23,2026-09-23,CM,NSE,STK,3088,INE896L01010,INDOSTAR,EQ,,,,,INDOSTAR CAPITAL FIN LTD,231.58,233.90,225.25,227.26,227.00,231.58,,227.27,,,65443,15041364.05,1943,F1,1,,,,,
2026-09-23,2026-09-23,CM,NSE,STK,14952,INE227G01018,INDOWIND,EQ,,,,,INDOWIND ENERGY LTD,9.09,9.09,8.82,8.94,8.97,9.00,,8.94,,,74042,660483.69,456,F1,1,,,,,
2026-09-23,2026-09-23,CM,NSE,STK,11262,INE203G01027,IGL,EQ,,,,,INDRAPRASTHA GAS LTD,147.41,148.65,146.23,147.09,147.22,146.68,,147.09,,,1211876,178653549.23,31235,F1,1,,,,,
2026-09-23,2026-09-23,CM,NSE,STK,4751,INE681B01017,INDRAMEDCO,EQ,,,,,INDRAPRASTHA MEDICAL CORP,359.50,379.95,358.95,374.60,378.00,360.95,,374.57,,,272880,101105673.80,7030,F1,1,,,,,
2026-09-23,2026-09-23,CM,NSE,STK,23036,INE0NHL23019,INDUSINVIT,IV,,,,,INDUS INFRA TRUST,133.07,135.79,133.07,133.69,133.40,133.97,,133.69,,,148568,19888284.38,5944,F1,1,,,,,
2026-09-23,2026-09-23,CM,NSE,STK,29135,INE121J01017,INDUSTOWER,EQ,,,,,INDUS TOWERS LIMITED,382.15,388.55,381.20,384.80,384.80,382.10,,384.80,,,4979379,1920660941.40,51384,F1,1,,,,,
2026-09-23,2026-09-23,CM,NSE,STK,5258,INE095A01012,INDUSINDBK,EQ,,,,,INDUSIND BANK LIMITED,951.80,970.80,951.80,959.30,959.30,955.00,,959.30,,,2626452,2526433012.00,54624,F1,1,,,,,
2026-09-23,2026-09-23,CM,NSE,STK,762717,INE620D01011,INDPRUD,EQ,,,,,INDUSTRIAL & PRU INV CO L,6350.00,6350.00,6202.00,6225.00,6225.00,6273.00,,6225.00,,,4,24979.50,4,F1,1,,,,,
2026-09-23,2026-09-23,CM,NSE,STK,19525,INE886A01014,IITL,EQ,,,,,INDUSTRIAL INV TRUST LTD,144.24,145.90,138.48,140.39,139.00,143.40,,140.40,,,122009,17545346.38,2635,F1,1,,,,,
2026-09-23,2026-09-23,CM,NSE,STK,15036,INE0MRE01011,INFINIUM,SM,,,,,INFINIUM PHARMACHEM LTD,268.50,272.00,260.00,266.90,265.00,262.20,,266.90,,,9000,2387900.00,18,F1,500,,,,,
2026-09-23,2026-09-23,CM,NSE,STK,757602,INE0MYZ01012,INFLUX,SM,,,,,INFLUX HEALTHTECH LIMITED,278.75,283.00,275.60,283.00,283.00,275.45,,283.00,,,10200,2860650.00,17,F1,600,,,,,
2026-09-23,2026-09-23,CM,NSE,STK,13751,INE663F01032,NAUKRI,EQ,,,,,INFO EDGE (I) LTD,1295.60,1322.70,1291.10,1297.00,1297.00,1304.00,,1296.93,,,1549637,2023610411.10,69175,F1,1,,,,,
2026-09-23,2026-09-23,CM,NSE,STK,11027,INE344S01016,INFOBEAN,EQ,,,,,INFOBEANS TECHNO. LTD.,151.49,153.50,150.01,151.81,153.50,151.05,,151.81,,,88517,13359760.26,1923,F1,1,,,,,
2026-09-23,2026-09-23,CM,NSE,STK,16588,INE0NNZ01013,INFOLLION,SM,,,,,INFOLLION RESEARCH SER L,154.00,155.55,152.00,152.15,152.00,152.50,,152.15,,,5600,856160.00,14,F1,400,,,,,
2026-09-23,2026-09-23,CM,NSE,STK,13693,INE669A01022,INFOMEDIA,EQ,,,,,INFOMEDIA PRESS LIMITED,5.50,5.50,5.30,5.48,5.48,5.34,,5.48,,,2413,12994.54,22,F1,1,,,,,
2026-09-23,2026-09-23,CM,NSE,STK,1594,INE009A01021,INFY,EQ,,,,,INFOSYS LIMITED,1021.80,1029.40,1015.10,1020.50,1020.50,1029.40,,1020.49,,,5108734,5212680733.80,124303,F1,1,,,,,
2026-09-23,2026-09-23,CM,NSE,STK,1597,INE177A01018,INGERRAND,EQ,,,,,INGERSOLL-RAND INDIA LTD,4146.70,4299.00,4121.20,4228.40,4220.00,4146.70,,4228.40,,,54585,230924441.40,6472,F1,1,,,,,
2026-09-23,2026-09-23,CM,NSE,STK,25323,INE0S1D01010,INNOMET,ST,,,,,INNOMET ADVANCED MATERI L,292.35,292.35,286.55,286.55,286.55,292.35,,286.55,,,16200,4692060.00,25,F1,600,,,,,
2026-09-23,2026-09-23,CM,NSE,STK,21062,INE0DUT01020,INNOVACAP,EQ,,,,,INNOVA CAPTAB LIMITED,1230.00,1353.50,1226.40,1297.60,1294.50,1226.70,,1297.72,,,454203,589788464.20,39083,F1,1,,,,,
2026-09-23,2026-09-23,CM,NSE,STK,27754,INE403Y01018,INNOVANA,EQ,,,,,INNOVANA THINKLABS LTD,304.00,304.00,295.30,299.10,299.00,295.30,,299.10,,,35551,10621992.50,532,F1,1,,,,,
2026-09-23,2026-09-23,CM,NSE,STK,27266,INE070Y01023,ITTL,ST,,,,,INNOVATIVE TYRE & TUBE LT,64.15,64.15,64.15,64.15,64.15,65.45,,64.15,,,420,26943.00,1,F1,105,,,,,
2026-09-23,2026-09-23,CM,NSE,STK,761528,INE0ADB01012,INNOVISION,EQ,,,,,INNOVISION LIMITED,254.00,260.50,249.10,257.05,255.70,254.45,,256.92,,,31843,8086155.25,977,F1,1,,,,,
2026-09-23,2026-09-23,CM,NSE,STK,12188,INE510W01014,INOXGREEN,EQ,,,,,INOX GREEN ENERGY SER LTD,171.41,177.75,169.79,174.81,174.50,171.41,,174.81,,,2391071,416218459.08,24860,F1,1,,,,,
2026-09-23,2026-09-23,CM,NSE,STK,20607,INE616N01034,INOXINDIA,EQ,,,,,INOX INDIA LIMITED,2154.80,2189.00,2144.00,2168.90,2166.00,2133.70,,2168.89,,,144053,312321217.10,21135,F1,1,,,,,
2026-09-23,2026-09-23,CM,NSE,STK,7852,INE066P01011,INOXWIND,EQ,,,,,INOX WIND LIMITED,78.25,78.25,74.80,75.02,75.02,77.90,,75.02,,,17183824,1308160324.88,53299,F1,1,,,,,
2026-09-23,2026-09-23,CM,NSE,STK,14657,INE070I01018,INSECTICID,EQ,,,,,INSECTICIDES (I) LTD,613.20,617.00,606.00,608.90,610.00,611.60,,608.89,,,6894,4216547.65,629,F1,1,,,,,
2026-09-23,2026-09-23,CM,NSE,STK,761099,INE0LGX01024,INA,EQ,,,,,INSOLATION ENERGY LIMITED,94.00,94.01,90.95,91.47,91.29,92.56,,91.47,,,509267,46800264.53,4268,F1,1,,,,,
2026-09-23,2026-09-23,CM,NSE,STK,13730,INE020G01017,INSPIRISYS,EQ,,,,,INSPIRISYS SOLUTIONS LTD,88.11,92.00,88.00,91.69,91.85,88.99,,91.72,,,4405,396107.29,88,F1,1,,,,,
2026-09-23,2026-09-23,CM,NSE,STK,30323,INE418N01035,ESSENTIA,EQ,,,,,INTEGRA ESSENTIA LIMITED,1.04,1.05,1.03,1.03,1.04,1.04,,1.03,,,2710049,2822843.68,762,F1,1,,,,,
2026-09-23,2026-09-23,CM,NSE,STK,757902,INE0YSH01017,INTEGRITY,SM,,,,,INTEGRITY INFRABUILD DE L,174.50,174.50,170.70,170.70,170.70,171.05,,170.70,,,2400,414240.00,2,F1,1200,,,,,
2026-09-23,2026-09-23,CM,NSE,STK,5926,INE306R01017,INTELLECT,EQ,,,,,INTELLECT DESIGN ARENA,648.20,674.35,642.90,668.05,666.80,647.75,,667.96,,,549685,363148574.05,28879,F1,1,,,,,
2026-09-23,2026-09-23,CM,NSE,STK,20071,INE781A01025,INTENTECH,EQ,,,,,INTENSE TECHNOLOGIES LTD,82.00,84.50,79.15,83.69,84.25,81.35,,83.71,,,26912,2216907.66,283,F1,1,,,,,
2026-09-23,2026-09-23,CM,NSE,STK,24909,INE00M901018,INTERARCH,EQ,,,,,INTERARCH BLDNG SOLTN LTD,1716.60,1733.00,1687.20,1693.10,1690.10,1701.60,,1693.06,,,51512,87943011.80,4051,F1,1,,,,,
2026-09-23,2026-09-23,CM,NSE,STK,11195,INE646L01027,INDIGO,EQ,,,,,INTERGLOBE AVIATION LTD,5026.00,5061.00,5000.00,5028.50,5028.50,5030.00,,5028.50,,,581998,2931114862.00,49996,F1,1,,,,,
2026-09-23,2026-09-23,CM,NSE,STK,22770,INE0OPC01015,INM,SM,,,,,INTERIORS & MORE LIMITED,154.00,154.00,140.00,143.00,143.00,151.05,,143.00,,,15000,2174160.00,24,F1,600,,,,,
2026-09-23,2026-09-23,CM,NSE,STK,5606,INE575C01027,INTLCONV,EQ,,,,,INTL CONVEYORS LIMITED,77.10,81.51,77.10,80.99,81.49,77.86,,80.98,,,89727,7165299.51,1467,F1,1,,,,,
2026-09-23,2026-09-23,CM,NSE,STK,28378,INE0Q9301021,IGIL,EQ,,,,,INTL GEMOLOGICAL INST LTD,328.90,333.80,324.00,331.65,332.50,326.95,,331.69,,,525286,172387295.25,22547,F1,1,,,,,
2026-09-23,2026-09-23,CM,NSE,STK,18479,INE566K01011,ISFT,EQ,,,,,INTRASOFT TECH. LTD,104.90,114.95,104.02,107.63,107.14,104.02,,107.61,,,410493,45191559.56,8546,F1,1,,,,,
2026-09-23,2026-09-23,CM,NSE,STK,24870,INE878H01024,INVENTURE,EQ,,,,,INVENTURE GRO & SEC LTD,0.89,0.92,0.89,0.90,0.90,0.89,,0.90,,,1291066,1171464.54,341,F1,1,,,,,
2026-09-23,2026-09-23,CM,NSE,STK,28125,INE115Q01022,IKS,EQ,,,,,INVENTURUS KNOWLEDGE SO L,1881.20,1970.00,1871.00,1937.80,1927.80,1869.20,,1937.54,,,1011998,1967744694.80,70677,F1,1,,,,,
2026-09-23,2026-09-23,CM,NSE,STK,18292,INF205KA1BP1,IVZINGOLD,EQ,,,,,INVESCO INDIA GOLD ETF,132.40,132.40,131.05,131.25,131.35,131.55,,131.25,,,8520,1121310.75,139,F1,1,,,,,
2026-09-23,2026-09-23,CM,NSE,STK,24217,INF205KA1CC7,IVZINNIFTY,EQ,,,,,INVESCO INDIA NIFTY ETF,274.70,274.70,267.97,269.47,269.47,268.00,,269.47,,,711,191060.24,36,F1,1,,,,,
2026-09-23,2026-09-23,CM,NSE,STK,762725,INE155E01016,INVPRECQ,BE,,,,,INVESTMENT & PREC CAST L,1423.20,1423.20,1423.20,1423.20,1423.20,1395.30,,1423.05,,,3678,5234529.60,44,F1,1,,,,,
2026-09-23,2026-09-23,CM,NSE,STK,760139,INE0XJ501010,INVICTA,SM,,,,,INVICTA DIAGNOSTIC LTD,68.00,69.00,68.00,69.00,69.00,67.00,,69.00,,,8000,548400.00,4,F1,1600,,,,,
2026-09-23,2026-09-23,CM,NSE,STK,20413,INE485C01029,IOLCP,EQ,,,,,IOL CHEM AND PHARMA LTD,200.26,211.35,200.01,206.60,207.70,200.39,,206.60,,,3474298,720847285.10,44569,F1,1,,,,,
2026-09-23,2026-09-23,CM,NSE,STK,1630,INE570A01022,IONEXCHANG,EQ,,,,,ION EXCHANGE (INDIA) LTD,430.05,438.90,428.65,430.10,430.55,429.80,,430.09,,,117980,51078586.65,8808,F1,1,,,,,
2026-09-23,2026-09-23,CM,NSE,STK,764713,INE558A01019,IPRINGLTD,EQ,,,,,IP RINGS LTD.,136.22,138.00,133.24,136.89,136.70,135.95,,136.74,,,891,121371.91,52,F1,1,,,,,
2026-09-23,2026-09-23,CM,NSE,STK,1633,INE571A01038,IPCALAB,EQ,,,,,IPCA LABORATORIES LTD,1993.00,1999.40,1948.50,1962.60,1959.50,1992.40,,1962.61,,,159445,313560907.70,18623,F1,1,,,,,
2026-09-23,2026-09-23,CM,NSE,STK,15313,INE821I01022,IRB,EQ,,,,,IRB INFRA DEV LTD.,18.40,18.66,17.51,18.03,17.99,17.98,,18.04,,,36892063,673935817.12,43059,F1,1,,,,,
2026-09-23,2026-09-23,CM,NSE,STK,20817,INE183W23014,IRBINVIT,IV,,,,,IRB INVIT FUND,64.70,64.80,64.20,64.43,64.51,64.60,,64.43,,,294338,18983689.48,2636,F1,1,,,,,
2026-09-23,2026-09-23,CM,NSE,STK,4986,INE962Y01021,IRCON,EQ,,,,,IRCON INTERNATIONAL LTD,108.80,111.40,108.62,110.13,110.28,109.09,,110.13,,,1837678,202452444.00,21033,F1,1,,,,,
2026-09-23,2026-09-23,CM,NSE,STK,1391,INE202E07138,880IREDA29,N5,,,,,IREDA 8.80NCDTR I SR II B,1143.70,1143.70,1115.66,1134.00,1134.00,1143.85,,1133.65,,,2070,2310944.50,10,F1,1,,,,,
2026-09-23,2026-09-23,CM,NSE,STK,1393,INE202E07153,880IREDA34,N6,,,,,IREDA 8.80NCDTR I SR IIIB,1290.00,1290.00,1290.00,1290.00,1290.00,1251.00,,1290.00,,,500,645000.00,1,F1,1,,,,,
2026-09-23,2026-09-23,CM,NSE,STK,2275,INE01GN01025,IRISDOREME,EQ,,,,,IRIS CLOTHINGS LIMITED,66.86,67.00,65.51,66.26,66.30,66.24,,66.26,,,392682,26094556.54,4725,F1,1,,,,,
2026-09-23,2026-09-23,CM,NSE,STK,6489,INE864K01010,IRIS,EQ,,,,,IRIS REGTECH SOLUTION LTD,239.96,240.00,233.00,234.87,234.25,236.43,,234.89,,,17600,4139593.29,424,F1,1,,,,,
2026-09-23,2026-09-23,CM,NSE,STK,19597,INE07U701015,IRMENERGY,EQ,,,,,IRM ENERGY LIMITED,268.00,274.00,268.00,272.90,273.95,268.35,,272.94,,,30224,8206724.20,1506,F1,1,,,,,
2026-09-23,2026-09-23,CM,NSE,STK,763789,INE413U07475,920ISF28,N0,,,,,ISF 9.20% 2028,9600.00,9832.00,9600.00,9832.00,9832.00,9612.11,,9832.00,,,58,563075.72,14,F1,1,,,,,
2026-09-23,2026-09-23,CM,NSE,STK,761208,INE413U07442,925ISF28,N0,,,,,ISF 9.25% 2028,9831.00,9831.00,9831.00,9831.00,9831.00,9822.00,,9831.00,,,15,147465.00,2,F1,1,,,,,
2026-09-23,2026-09-23,CM,NSE,STK,757708,INE413U07426,950ISF27C,N0,,,,,ISF 9.50% 2027,9950.00,9950.00,9900.25,9900.25,9900.25,9950.00,,9900.25,,,41,406047.50,5,F1,1,,,,,
2026-09-23,2026-09-23,CM,NSE,STK,3329,INE858B01029,ISGEC,EQ,,,,,ISGEC HEAVY ENG LTD,843.60,871.10,837.55,867.85,866.00,840.75,,867.82,,,91136,78433034.00,8218,F1,1,,,,,
2026-09-23,2026-09-23,CM,NSE,STK,30249,INE561M01018,ISHANCH,EQ,,,,,ISHAN DYES N CHEMICALS L,51.15,51.98,48.45,49.87,49.10,50.78,,49.88,,,20744,1037776.75,593,F1,1,,,,,
2026-09-23,2026-09-23,CM,NSE,STK,10995,INE0LCW01025,ISHAN,SM,,,,,ISHAN INTERNATIONAL LTD,0.50,0.50,0.50,0.50,0.50,0.50,,0.50,,,144000,72000.00,3,F1,48000,,,,,
2026-09-23,2026-09-23,CM,NSE,STK,22645,INE0R7R01018,ITALIANE,SM,,,,,ITALIAN EDIBLES LIMITED,30.00,31.20,30.00,31.20,31.20,29.75,,31.20,,,8000,246100.00,4,F1,2000,,,,,
2026-09-23,2026-09-23,CM,NSE,STK,29251,INE379A01028,ITCHOTELS,EQ,,,,,ITC HOTELS LIMITED,159.09,162.25,158.60,161.23,161.61,158.60,,161.25,,,1371792,221103553.45,33906,F1,1,,,,,
2026-09-23,2026-09-23,CM,NSE,STK,1660,INE154A01025,ITC,EQ,,,,,ITC LTD,265.85,271.05,265.15,270.15,270.15,265.80,,270.14,,,13142058,3534946143.20,86367,F1,1,,,,,
2026-09-23,2026-09-23,CM,NSE,STK,1675,INE248A01017,ITI,EQ,,,,,ITI LTD,254.00,259.90,252.75,257.20,257.05,253.25,,257.20,,,247138,63451713.75,6546,F1,1,,,,,
2026-09-23,2026-09-23,CM,NSE,STK,764723,INE478D01014,ITL,EQ,,,,,ITL INDUSTRIES LTD.,370.00,370.00,363.00,364.75,367.60,365.75,,364.75,,,760,278191.35,34,F1,1,,,,,
2026-09-23,2026-09-23,CM,NSE,STK,759041,INE056801025,IVALUE,EQ,,,,,IVALUE INFOSOLUTIONS LTD,227.12,235.00,223.85,233.07,235.00,225.48,,233.07,,,303178,70284541.28,5696,F1,1,,,,,
2026-09-23,2026-09-23,CM,NSE,STK,8857,INE043C01018,IVP,BE,,,,,IVP LIMITED,228.60,231.90,224.81,227.96,228.85,230.81,,228.49,,,12669,2883217.63,159,F1,1,,,,,
2026-09-23,2026-09-23,CM,NSE,STK,757644,INE1AII01014,IWARE,ST,,,,,IWARE SUPPLYCHAIN SER LTD,381.05,408.65,381.05,400.25,400.00,389.20,,400.25,,,25200,10054800.00,39,F1,600,,,,,
2026-09-23,2026-09-23,CM,NSE,STK,14174,INE848A01014,IZMO,EQ,,,,,IZMO LIMITED,935.55,944.75,915.15,931.15,929.75,931.55,,931.08,,,64061,59561496.25,4750,F1,1,,,,,
2026-09-23,2026-09-23,CM,NSE,STK,5633,INE168A01041,J&KBANK,EQ,,,,,J & K BANK LTD.,145.50,149.60,145.50,149.25,149.40,145.94,,149.25,,,1272524,188815419.27,20305,F1,1,,,,,
2026-09-23,2026-09-23,CM,NSE,STK,23056,INE0MB501011,JGCHEM,EQ,,,,,J.G.CHEMICALS LIMITED,615.00,637.00,612.75,621.55,622.00,610.35,,621.52,,,380279,238806028.30,16553,F1,1,,,,,
2026-09-23,2026-09-23,CM,NSE,STK,13211,INE199G01027,JAGRAN,EQ,,,,,JAGRAN PRAKASHAN LIMITED,62.89,64.00,62.11,63.41,63.14,62.44,,63.41,,,259841,16383447.83,1976,F1,1,,,,,
2026-09-23,2026-09-23,CM,NSE,STK,4410,INE048B01035,JAGSNPHARM,EQ,,,,,JAGSONPAL PHARMACEUTICALS,227.00,228.40,221.44,225.63,227.90,225.68,,225.64,,,54990,12379376.72,3061,F1,1,,,,,
2026-09-23,2026-09-23,CM,NSE,STK,11256,INE091G01026,JAIBALAJI,EQ,,,,,JAI BALAJI INDUSTRIES LTD,64.50,67.54,63.60,66.78,66.80,64.33,,66.79,,,1003915,66837996.65,4128,F1,1,,,,,
2026-09-23,2026-09-23,CM,NSE,STK,5143,INE070D01027,JAICORPLTD,EQ,,,,,JAI CORP LIMITED,94.40,97.80,94.40,96.73,96.52,94.25,,96.75,,,498373,47915414.91,6528,F1,1,,,,,
2026-09-23,2026-09-23,CM,NSE,STK,25684,IN9175A01010,JISLDVREQS,EQ,,,,,JAIN DVR EQUITY SHARES,20.58,21.00,20.15,20.36,20.20,20.53,,20.39,,,55586,1133313.34,196,F1,1,,,,,
2026-09-23,2026-09-23,CM,NSE,STK,10397,INE175A01038,JISLJALEQS,EQ,,,,,JAIN IRRIGATION SYSTEMS,28.93,29.29,28.75,28.90,28.87,28.93,,28.90,,,2400307,69522709.96,7040,F1,1,,,,,
2026-09-23,2026-09-23,CM,NSE,STK,759244,INE0YD401026,JAINREC,EQ,,,,,JAIN RESOURCE RECYCLING L,293.60,308.30,293.10,302.95,303.15,291.25,,302.94,,,5175026,1570882469.65,79492,F1,1,,,,,
2026-09-23,2026-09-23,CM,NSE,STK,6012,INE02KC01010,JAINAM,SM,,,,,JAINAM FER ALLOYS (I) LTD,197.00,197.00,197.00,197.00,197.00,197.00,,197.00,,,1000,197000.00,1,F1,500,,,,,
2026-09-23,2026-09-23,CM,NSE,STK,758306,INE0XIL01012,JAINIK,ST,,,,,JAINIK POWER CABLES LTD,188.65,193.20,185.00,193.20,193.20,185.00,,193.20,,,12000,2274840.00,9,F1,1200,,,,,
2026-09-23,2026-09-23,CM,NSE,STK,11763,INE351F01018,JPPOWER,EQ,,,,,JAIPRAKASH POWER VEN. LTD,16.20,16.35,16.00,16.04,16.06,16.17,,16.04,,,58181761,940005006.34,1059555,F1,1,,,,,
2026-09-23,2026-09-23,CM,NSE,STK,20930,INE349X01015,JALAN,ST,,,,,JALAN TRANSOLU. INDIA LTD,1.65,1.65,1.65,1.65,1.65,1.70,,1.65,,,504000,831600.00,6,F1,3000,,,,,
2026-09-23,2026-09-23,CM,NSE,STK,20778,INE039C01032,JAMNAAUTO,EQ,,,,,JAMNA AUTO IND LTD,128.13,134.20,127.95,129.55,130.00,127.99,,129.54,,,2732676,357771475.22,32929,F1,1,,,,,
2026-09-23,2026-09-23,CM,NSE,STK,22663,INE953L01027,JSFB,EQ,,,,,JANA SMALL FIN BANK LTD,533.95,551.00,533.95,546.60,547.60,533.70,,546.64,,,1082667,591475939.75,21791,F1,1,,,,,
2026-09-23,2026-09-23,CM,NSE,STK,759951,INE00YJ01010,JARO,EQ,,,,,JARO INS OF TEC MG N RE L,460.45,466.40,460.45,462.50,463.35,460.40,,462.44,,,113920,52810250.70,1667,F1,1,,,,,
2026-09-23,2026-09-23,CM,NSE,STK,13982,INE039O01029,JASH,EQ,,,,,JASH ENGINEERING LIMITED,585.50,594.40,575.25,588.95,589.10,584.75,,588.94,,,492872,289670436.65,17573,F1,1,,,,,
2026-09-23,2026-09-23,CM,NSE,STK,25037,INE0SMY01017,JAYBEE,SM,,,,,JAY BEE LAMINATIONS LTD,87.00,98.00,87.00,95.05,94.00,84.00,,95.05,,,149000,13933825.00,263,F1,500,,,,,
2026-09-23,2026-09-23,CM,NSE,STK,1708,INE571B01036,JAYBARMARU,EQ,,,,,JAY BHARAT MARUTI LTD,110.00,116.10,108.12,116.10,116.10,110.58,,116.12,,,407073,45261521.19,5550,F1,1,,,,,
2026-09-23,2026-09-23,CM,NSE,STK,10892,INE0J6801010,KORE,ST,,,,,JAY JALARAM TECHNO LTD,168.00,172.30,167.00,172.30,172.30,164.10,,172.30,,,16250,2774900.00,36,F1,250,,,,,
2026-09-23,2026-09-23,CM,NSE,STK,4041,INE785A01026,JAYAGROGN,EQ,,,,,JAYANT AGRO ORGANICS LTD,233.92,238.98,232.00,237.12,237.17,233.47,,237.11,,,21040,4970720.48,655,F1,1,,,,,
2026-09-23,2026-09-23,CM,NSE,STK,2331,INE854B01010,JAYNECOIND,EQ,,,,,JAYASWAL NECO INDUSTR LTD,90.50,92.07,90.50,91.36,91.90,90.28,,91.36,,,1604836,146625039.65,9616,F1,1,,,,,
2026-09-23,2026-09-23,CM,NSE,STK,759159,INE1AE401014,JAYESH,SM,,,,,JAYESH LOGISTICS LIMITED,125.40,129.70,125.40,129.50,129.50,125.30,,129.50,,,3000,384600.00,3,F1,1000,,,,,
2026-09-23,2026-09-23,CM,NSE,STK,760073,INE903A01025,JAYKAY,EQ,,,,,JAYKAY ENTERPRISES LTD,192.40,219.35,191.47,212.76,213.30,189.50,,212.76,,,9950063,2112274735.74,140238,F1,1,,,,,
2026-09-23,2026-09-23,CM,NSE,STK,1720,INE364A01020,JAYSREETEA,EQ,,,,,JAYSHREE TEA & INDUSTRIES,89.95,91.00,89.12,89.55,89.50,88.75,,89.55,,,37234,3347620.64,489,F1,1,,,,,
2026-09-23,2026-09-23,CM,NSE,STK,11655,INE927D01051,JBMA,EQ,,,,,JBM AUTO LIMITED,593.50,610.35,593.50,601.80,601.00,593.15,,601.80,,,559877,337600322.05,23838,F1,1,,,,,
2026-09-23,2026-09-23,CM,NSE,STK,758115,INE0J5801029,JSLL,EQ,,,,,JEENA SIKHO LIFECARE LTD,517.40,528.90,516.20,524.30,524.00,515.40,,524.30,,,426083,223182029.30,17445,F1,1,,,,,
2026-09-23,2026-09-23,CM,NSE,STK,764728,INE354A01013,JENBURPH,EQ,,,,,JENBURKT PHARMACEUTICAL L,961.30,979.80,930.00,952.00,946.80,957.20,,952.30,,,2772,2659373.00,327,F1,1,,,,,
2026-09-23,2026-09-23,CM,NSE,STK,7211,INE982V01025,JETFREIGHT,EQ,,,,,JET FREIGHT LOGISTICS LTD,21.80,22.59,21.35,21.67,21.65,22.15,,21.65,,,215128,4722069.31,1449,F1,1,,,,,
2026-09-23,2026-09-23,CM,NSE,STK,25147,INE0RXB01022,JEYYAM,SM,,,,,JEYYAM GLOBAL FOODS LTD,21.70,21.70,20.90,21.05,21.00,21.60,,21.05,,,78000,1648200.00,35,F1,2000,,,,,
2026-09-23,2026-09-23,CM,NSE,STK,10885,INE0LA901015,JFLLIFE,SM,,,,,JFL LIFE SCIENCES LIMITED,10.00,10.00,9.95,9.95,9.95,10.45,,9.95,,,18000,179400.00,2,F1,6000,,,,,
2026-09-23,2026-09-23,CM,NSE,STK,13720,INE544H01014,JHS,EQ,,,,,JHS SVEND. LAB. LTD,8.15,8.60,8.15,8.47,8.42,8.34,,8.45,,,78452,661974.33,370,F1,1,,,,,
2026-09-23,2026-09-23,CM,NSE,STK,24145,INE03DD01011,RETAIL,EQ,,,,,JHS SVENDGAARD RETAIL V L,17.13,17.30,16.50,17.25,17.00,17.11,,17.25,,,3320,56657.05,70,F1,1,,,,,
2026-09-23,2026-09-23,CM,NSE,STK,31507,INE147P01019,JPOLYINVST,EQ,,,,,JIND POL INV & FIN CO LTD,975.45,984.00,972.25,978.95,975.05,972.75,,978.96,,,1063,1037188.55,218,F1,1,,,,,
2026-09-23,2026-09-23,CM,NSE,STK,13875,INE742C01031,JINDRILL,EQ,,,,,JINDAL DRILLING IND. LTD,588.90,609.00,584.00,606.80,606.00,587.65,,606.80,,,247992,148241846.65,10513,F1,1,,,,,
2026-09-23,2026-09-23,CM,NSE,STK,11743,INE796G01012,JINDALPHOT,EQ,,,,,JINDAL PHOTO LIMITED,1116.00,1116.00,1082.00,1084.80,1083.00,1097.20,,1084.80,,,1986,2165522.40,197,F1,1,,,,,
2026-09-23,2026-09-23,CM,NSE,STK,1756,INE197D01010,JINDALPOLY,EQ,,,,,JINDAL POLY FILMS LIMITED,721.95,729.50,705.00,715.20,712.60,721.90,,715.22,,,13978,9976012.40,1035,F1,1,,,,,
2026-09-23,2026-09-23,CM,NSE,STK,3024,INE324A01032,JINDALSAW,EQ,,,,,JINDAL SAW LIMITED,286.85,295.10,286.85,292.60,294.75,286.45,,292.60,,,1218110,356675426.05,25707,F1,1,,,,,
2026-09-23,2026-09-23,CM,NSE,STK,11236,INE220G01021,JSL,EQ,,,,,JINDAL STAINLESS LIMITED,748.95,766.85,744.10,758.55,757.95,743.45,,758.55,,,906824,685512576.15,42992,F1,1,,,,,
2026-09-23,2026-09-23,CM,NSE,STK,6733,INE749A01030,JINDALSTEL,EQ,,,,,JINDAL STEEL LIMITED,1138.20,1187.40,1138.20,1175.30,1175.30,1141.00,,1175.29,,,994851,1166359036.60,30797,F1,1,,,,,
2026-09-23,2026-09-23,CM,NSE,STK,766187,INE1DLO01028,JSIPL,BE,,,,,JINDAL SUPREME (INDIA) L,120.00,126.00,120.00,126.00,126.00,93.00,,127.32,,,3981495,483019340.07,11892,F1,1,,,,,
2026-09-23,2026-09-23,CM,NSE,STK,20642,INE247D01039,JINDWORLD,EQ,,,,,JINDAL WORLDWIDE LTD,52.50,54.34,51.51,52.20,52.03,52.22,,52.20,,,8712868,461268725.96,25564,F1,1,,,,,
2026-09-23,2026-09-23,CM,NSE,STK,759205,INE1FF001016,JKIPL,EQ,,,,,JINKUSHAL INDUSTRIES LTD,99.96,101.55,99.26,100.25,99.70,99.24,,100.25,,,3606,360908.97,125,F1,1,,,,,
2026-09-23,2026-09-23,CM,NSE,STK,18143,INE758E01017,JIOFIN,EQ,,,,,JIO FIN SERVICES LTD,230.70,232.40,230.55,232.15,232.15,230.70,,232.14,,,6949246,1611177460.27,47174,F1,1,,,,,
2026-09-23,2026-09-23,CM,NSE,STK,765307,INF22M001184,NIFTYJBLK,EQ,,,,,JIOBLACKROCKAMC-NIFTYJBLK,12.28,12.28,11.95,12.02,12.04,11.99,,12.02,,,210215,2526487.26,477,F1,1,,,,,
2026-09-23,2026-09-23,CM,NSE,STK,19691,INE863T01013,JITFINFRA,EQ,,,,,JITF INFRALOGISTICS LTD,283.15,289.70,278.10,280.45,281.85,282.70,,280.46,,,23637,6670304.35,853,F1,1,,,,,
2026-09-23,2026-09-23,CM,NSE,STK,18558,INE0N5H01017,JIWANRAM,SM,,,,,JIWANRAM SHEODUTTRA IND L,4.00,4.80,4.00,4.40,4.40,4.00,,4.40,,,48000,208800.00,8,F1,6000,,,,,
2026-09-23,2026-09-23,CM,NSE,STK,13270,INE823G01014,JKCEMENT,EQ,,,,,JK CEMENT LIMITED,5104.00,5160.00,5005.00,5085.00,5010.00,5104.00,,5085.17,,,61858,317265954.50,7156,F1,1,,,,,
2026-09-23,2026-09-23,CM,NSE,STK,13491,INE786A01032,JKLAKSHMI,EQ,,,,,JK LAKSHMI CEMENT LTD,505.60,514.45,505.60,511.20,513.00,507.80,,511.20,,,46467,23788419.45,4109,F1,1,,,,,
2026-09-23,2026-09-23,CM,NSE,STK,11860,INE789E01012,JKPAPER,EQ,,,,,JK PAPER LIMITED,417.40,422.00,413.95,415.25,414.00,416.40,,415.25,,,268928,112344327.90,12856,F1,1,,,,,
2026-09-23,2026-09-23,CM,NSE,STK,14435,INE573A01042,JKTYRE,EQ,,,,,JK TYRE & INDUSTRIES LTD,349.85,358.30,348.60,355.35,356.00,346.50,,355.35,,,764630,270820772.70,21926,F1,1,,,,,
2026-09-23,2026-09-23,CM,NSE,STK,15266,INE576I01022,JKIL,EQ,,,,,JKUMAR INFR.LTD.,478.00,484.95,476.25,479.60,477.30,478.00,,479.57,,,27434,13202244.35,1973,F1,1,,,,,
2026-09-23,2026-09-23,CM,NSE,STK,13637,INE780C01023,JMFINANCIL,EQ,,,,,JM FINANCIAL LIMITED,126.00,127.74,126.00,127.51,127.50,126.31,,127.51,,,1131723,143820523.09,19588,F1,1,,,,,
2026-09-23,2026-09-23,CM,NSE,STK,23621,INE0OAF01028,JNKINDIA,EQ,,,,,JNK INDIA LIMITED,410.20,427.00,410.20,418.40,419.75,413.95,,418.42,,,103325,43274264.55,4412,F1,1,,,,,
2026-09-23,2026-09-23,CM,NSE,STK,16927,INE839G01010,JOCIL,EQ,,,,,JOCIL LIMITED,148.50,151.50,145.41,148.71,151.50,146.40,,148.71,,,1970,290982.69,42,F1,1,,,,,
2026-09-23,2026-09-23,CM,NSE,STK,762623,INE515A01019,COCKERILL,EQ,,,,,JOHN COCKERILL INDIA LTD.,8125.00,8201.00,8068.00,8144.00,8176.00,8178.00,,8144.18,,,3308,26895789.00,986,F1,1,,,,,
2026-09-23,2026-09-23,CM,NSE,STK,758460,INE718I01012,JSWCEMENT,EQ,,,,,JSW CEMENT LIMITED,117.50,119.02,116.71,118.18,118.13,116.70,,118.18,,,2422590,286217797.26,55461,F1,1,,,,,
2026-09-23,2026-09-23,CM,NSE,STK,1467,INE133A01011,JSWDULUX,EQ,,,,,JSW DULUX LIMITED,3186.00,3268.00,3135.00,3160.90,3150.00,3137.10,,3160.89,,,86927,277149328.20,14748,F1,1,,,,,
2026-09-23,2026-09-23,CM,NSE,STK,17869,INE121E01018,JSWENERGY,EQ,,,,,JSW ENERGY LIMITED,517.20,525.85,516.00,521.00,521.00,518.00,,521.00,,,1923195,1004937420.70,43932,F1,1,,,,,
2026-09-23,2026-09-23,CM,NSE,STK,11880,INE824G01012,JSWHL,EQ,,,,,JSW HOLDINGS LIMITED,11307.00,11404.00,11180.00,11333.00,11390.00,11219.00,,11329.63,,,1430,16124801.00,696,F1,1,,,,,
2026-09-23,2026-09-23,CM,NSE,STK,19020,INE880J01026,JSWINFRA,EQ,,,,,JSW INFRASTRUCTURE LTD,369.00,370.20,362.20,363.60,363.60,367.60,,363.60,,,3338113,1219569504.55,68287,F1,1,,,,,
2026-09-23,2026-09-23,CM,NSE,STK,11723,INE019A01038,JSWSTEEL,EQ,,,,,JSW STEEL LIMITED,1273.00,1304.00,1270.80,1297.80,1297.80,1267.00,,1297.80,,,1356042,1751645496.70,69654,F1,1,,,,,
2026-09-23,2026-09-23,CM,NSE,STK,3237,INE643A01035,JTEKTINDIA,EQ,,,,,JTEKT INDIA LIMITED,117.80,122.06,117.80,119.99,120.30,116.49,,119.98,,,262966,31640679.42,3488,F1,1,,,,,
2026-09-23,2026-09-23,CM,NSE,STK,7287,INE391J01032,JTLIND,EQ,,,,,JTL INDUSTRIES LIMITED,89.77,92.85,89.50,91.31,91.20,89.21,,91.31,,,5908069,542986766.68,22811,F1,1,,,,,
2026-09-23,2026-09-23,CM,NSE,STK,29590,INE03CC01015,JUBLCPL,EQ,,,,,JUBILANT AGRI N CON PRO L,2119.70,2244.60,2109.70,2202.40,2188.00,2099.10,,2202.44,,,24809,54551672.80,2903,F1,1,,,,,
2026-09-23,2026-09-23,CM,NSE,STK,18096,INE797F01020,JUBLFOOD,EQ,,,,,JUBILANT FOODWORKS LTD,491.65,493.70,483.30,483.30,483.30,491.10,,483.32,,,625258,305357129.25,24404,F1,1,,,,,
2026-09-23,2026-09-23,CM,NSE,STK,2783,INE0BY001018,JUBLINGREA,EQ,,,,,JUBILANT INGREVIA LIMITED,625.20,643.90,625.00,640.95,642.00,617.60,,640.93,,,414480,264718556.10,19056,F1,1,,,,,
2026-09-23,2026-09-23,CM,NSE,STK,3637,INE700A01033,JUBLPHARMA,EQ,,,,,JUBILANT PHARMOVA LTD,1076.20,1088.10,1052.90,1058.00,1060.00,1070.85,,1058.06,,,135144,144423901.65,15589,F1,1,,,,,
2026-09-23,2026-09-23,CM,NSE,STK,7109,INE412C01023,JMA,EQ,,,,,JULLUNDUR MOT AGENCY LTD,90.75,90.75,88.52,89.89,90.05,90.82,,89.89,,,8068,725248.99,153,F1,1,,,,,
2026-09-23,2026-09-23,CM,NSE,STK,764408,INE05C901015,JNPR,EQ,,,,,JUNIPER GREEN ENERGY LTD,270.00,277.75,261.70,267.30,265.50,268.70,,267.30,,,743855,201625222.35,52561,F1,1,,,,,
2026-09-23,2026-09-23,CM,NSE,STK,22824,INE696F01016,JUNIPER,EQ,,,,,JUNIPER HOTELS LIMITED,224.65,224.95,221.01,221.77,222.40,222.80,,221.78,,,82050,18269521.83,2199,F1,1,,,,,
2026-09-23,2026-09-23,CM,NSE,STK,18553,INE682M01020,JLHL,EQ,,,,,JUPITER LIFE LINE HOSP L,274.05,278.65,271.85,274.05,274.95,274.80,,274.14,,,83065,22776379.80,6113,F1,1,,,,,
2026-09-23,2026-09-23,CM,NSE,STK,20224,INE209L01016,JWL,EQ,,,,,JUPITER WAGONS LIMITED,228.95,234.63,228.95,233.16,233.15,228.63,,233.15,,,858020,199494488.81,15976,F1,1,,,,,
2026-09-23,2026-09-23,CM,NSE,STK,29962,INE599M01018,JUSTDIAL,EQ,,,,,JUSTDIAL LTD.,682.60,698.00,680.25,693.55,691.50,682.60,,693.52,,,124710,86292485.80,6197,F1,1,,,,,
2026-09-23,2026-09-23,CM,NSE,STK,15146,INE668F01031,JYOTHYLAB,EQ,,,,,JYOTHY LABS LIMITED,193.97,195.61,193.32,194.11,194.39,193.97,,194.12,,,215274,41821004.27,7525,F1,1,,,,,
2026-09-23,2026-09-23,CM,NSE,STK,21334,INE980O01024,JYOTICNC,EQ,,,,,JYOTI CNC AUTOMATION LTD,1098.90,1117.60,1077.00,1100.80,1102.00,1084.30,,1100.77,,,1338131,1467752187.65,58512,F1,1,,,,,
2026-09-23,2026-09-23,CM,NSE,STK,758221,INE1M3T01017,JYOTIGLOBL,SM,,,,,JYOTI GLOBAL PLAST LTD,41.60,43.50,41.60,43.50,43.50,43.70,,43.50,,,8000,342900.00,4,F1,2000,,,,,
2026-09-23,2026-09-23,CM,NSE,STK,764733,INE577D01013,JYOTIRES,EQ,,,,,JYOTI RESINS & ADHESIVE L,840.00,854.60,839.70,848.45,854.60,840.00,,848.34,,,4485,3802316.55,350,F1,1,,,,,
2026-09-23,2026-09-23,CM,NSE,STK,1802,INE197A01024,JYOTISTRUC,EQ,,,,,JYOTI STRUCTURES LTD,9.20,9.56,9.20,9.33,9.37,9.19,,9.32,,,4684974,43946237.40,4653,F1,1,,,,,
2026-09-23,2026-09-23,CM,NSE,STK,764743,INE533C01018,KJMCFIN,EQ,,,,,K J M C FINANCIAL SERV L,61.80,61.80,58.71,61.50,61.50,61.80,,61.50,,,2220,132731.25,78,F1,1,,,,,
2026-09-23,2026-09-23,CM,NSE,STK,764748,INE879K01018,KMCSHIL,EQ,,,,,K M C SPECIALITY HOSP I L,160.60,165.00,159.91,162.20,162.64,159.61,,162.27,,,244025,39482241.03,4552,F1,1,,,,,
2026-09-23,2026-09-23,CM,NSE,STK,14667,INE157H01023,KMSUGAR,EQ,,,,,K M SUGAR MILLS LTD,29.08,29.77,28.85,29.50,29.40,28.85,,29.50,,,116949,3439327.01,1206,F1,1,,,,,
2026-09-23,2026-09-23,CM,NSE,STK,27079,INE127T01021,KPEL,EQ,,,,,K.P. ENERGY LIMITED,230.31,231.80,225.46,228.80,229.40,230.94,,228.81,,,225215,51453906.26,6085,F1,1,,,,,
2026-09-23,2026-09-23,CM,NSE,STK,23459,INE0DEZ01013,K2INFRA,SM,,,,,K2 INFRAGEN LIMITED,42.00,43.80,40.20,42.70,43.40,42.80,,42.70,,,40200,1687170.00,64,F1,600,,,,,
2026-09-23,2026-09-23,CM,NSE,STK,1805,INE900B01029,KABRAEXTRU,EQ,,,,,KABRA EXTRUSION TECHNIK L,693.95,732.85,678.55,732.85,732.85,666.25,,732.83,,,402751,287875467.80,15490,F1,1,,,,,
2026-09-23,2026-09-23,CM,NSE,STK,29192,INE0XOW01017,KKJEWELS,SM,,,,,KABRA JEWELS LIMITED,97.50,99.90,94.10,99.55,99.55,97.50,,99.55,,,9000,882400.00,9,F1,1000,,,,,
2026-09-23,2026-09-23,CM,NSE,STK,1808,INE217B01036,KAJARIACER,EQ,,,,,KAJARIA CERAMICS LTD,1186.10,1224.00,1175.70,1216.40,1214.80,1183.60,,1216.40,,,163666,197490749.60,17854,F1,1,,,,,
2026-09-23,2026-09-23,CM,NSE,STK,1811,INE437B01014,KAKATCEM,EQ,,,,,KAKATIYA CEM SUGAR &IND L,109.70,109.75,107.05,107.97,107.99,109.75,,108.40,,,964,104154.75,35,F1,1,,,,,
2026-09-23,2026-09-23,CM,NSE,STK,25443,INE0T0L01014,KALANA,SM,,,,,KALANA ISPAT LIMITED,18.10,18.10,17.70,17.90,17.90,18.60,,17.90,,,34000,609100.00,14,F1,2000,,,,,
2026-09-23,2026-09-23,CM,NSE,STK,758558,INE227J01012,KALPATARU,EQ,,,,,KALPATARU LIMITED,265.10,281.00,262.40,272.55,275.85,268.40,,272.63,,,132733,35782987.20,2175,F1,1,,,,,
2026-09-23,2026-09-23,CM,NSE,STK,1814,INE220B01022,KPIL,EQ,,,,,KALPATARU PROJECT INT LTD,1400.10,1422.00,1389.80,1411.80,1410.70,1400.10,,1411.81,,,105907,148831651.80,12982,F1,1,,,,,
2026-09-23,2026-09-23,CM,NSE,STK,2955,INE303R01014,KALYANKJIL,EQ,,,,,KALYAN JEWELLERS IND LTD,585.00,589.35,582.55,584.25,584.25,583.10,,584.24,,,2741044,1604928344.90,33896,F1,1,,,,,
2026-09-23,2026-09-23,CM,NSE,STK,15160,INE314G01014,KALYANIFRG,BE,,,,,KALYANI FORGE LIMITED,927.25,960.00,911.00,957.60,950.00,927.25,,957.60,,,2244,2117103.55,155,F1,1,,,,,
2026-09-23,2026-09-23,CM,NSE,STK,21119,INE029L01018,KICL,EQ,,,,,KALYANI INVEST CO LTD,4920.50,5048.00,4920.50,5000.00,4986.00,5005.50,,5000.00,,,386,1931475.50,161,F1,1,,,,,
2026-09-23,2026-09-23,CM,NSE,STK,18889,INE907A01026,KSL,EQ,,,,,KALYANI STEELS LIMITED,968.10,1032.90,956.05,998.25,999.50,959.15,,998.17,,,646949,654822518.10,29967,F1,1,,,,,
2026-09-23,2026-09-23,CM,NSE,STK,762732,INE411F01010,KAMAHOLD,EQ,,,,,KAMA HOLDINGS LTD.,2257.70,2257.70,2230.10,2239.20,2233.00,2236.40,,2237.42,,,1734,3884565.40,256,F1,1,,,,,
2026-09-23,2026-09-23,CM,NSE,STK,764738,INE344D01018,KAMANWALA,EQ,,,,,KAMANWALA HOUSING CONST L,17.10,17.10,16.50,16.50,16.50,16.56,,16.50,,,255,4276.10,5,F1,1,,,,,
2026-09-23,2026-09-23,CM,NSE,STK,1826,INE967C01018,KAMATHOTEL,EQ,,,,,KAMAT HOTELS (I) LTD,238.00,246.00,237.10,240.35,239.50,237.05,,240.33,,,112995,27386594.03,4524,F1,1,,,,,
2026-09-23,2026-09-23,CM,NSE,STK,13457,INE390H01020,KAMDHENU,EQ,,,,,KAMDHENU LIMITED,41.17,42.04,39.65,40.77,40.62,41.51,,40.76,,,1666669,67895181.71,6261,F1,1,,,,,
2026-09-23,2026-09-23,CM,NSE,STK,13814,INE0BTI01037,KAMOPAINTS,EQ,,,,,KAMDHENU VENTURES LIMITED,4.26,4.36,4.16,4.27,4.25,4.26,,4.26,,,194143,827472.55,675,F1,1,,,,,
2026-09-23,2026-09-23,CM,NSE,STK,25786,INE879E01037,KANANIIND,EQ,,,,,KANANI INDUSTRIES LTD,1.41,1.43,1.41,1.42,1.43,1.42,,1.44,,,65112,92201.30,139,F1,1,,,,,
2026-09-23,2026-09-23,CM,NSE,STK,762737,INE081G01019,KANCHI,EQ,,,,,KANCHI KARPOORAM LTD.,394.00,394.00,390.00,390.30,394.00,395.45,,390.34,,,530,207141.70,31,F1,1,,,,,
2026-09-23,2026-09-23,CM,NSE,STK,765090,INE398L01017,KANCOTEA,EQ,,,,,KANCO TEA & INDS. LTD.,56.97,56.97,51.00,54.72,54.99,56.85,,54.76,,,375,19949.26,19,F1,1,,,,,
2026-09-23,2026-09-23,CM,NSE,STK,11208,INE0MOT01016,KANDARP,SM,,,,,KANDARP DG SMART BPO LTD,76.20,76.20,70.70,74.40,75.00,73.90,,74.40,,,10000,736400.00,10,F1,1000,,,,,
2026-09-23,2026-09-23,CM,NSE,STK,766021,INE877D01025,KANOHAR,EQ,,,,,KANOHAR ELECTRICALS LTD,888.70,937.70,870.45,907.00,911.10,870.50,,907.04,,,10796574,9731074041.85,303566,F1,1,,,,,
2026-09-23,2026-09-23,CM,NSE,STK,9805,INE138C01024,KANORICHEM,BE,,,,,KANORIACHEMICALS-,176.60,182.24,168.55,182.24,182.24,173.57,,182.58,,,71109,12592186.05,484,F1,1,,,,,
2026-09-23,2026-09-23,CM,NSE,STK,1782,INE694E01014,KANPRPLA,EQ,,,,,KANPUR PLASTIPACK LIMITED,268.90,276.60,252.85,257.05,255.60,266.75,,257.05,,,28977,7600860.20,1115,F1,1,,,,,
2026-09-23,2026-09-23,CM,NSE,STK,1196,INE531A01024,KANSAINER,EQ,,,,,KANSAI NEROLAC PAINTS LTD,181.99,185.00,181.30,182.58,182.05,180.98,,182.58,,,147219,27000569.78,3959,F1,1,,,,,
2026-09-23,2026-09-23,CM,NSE,STK,18967,INE542Z01028,KAPSTON,EQ,,,,,KAPSTON SERVICES LIMITED,570.75,588.50,570.75,585.90,587.00,570.55,,585.90,,,39643,23099814.15,1445,F1,1,,,,,
2026-09-23,2026-09-23,CM,NSE,STK,766056,INE590T01012,KARAMTARA,EQ,,,,,KARAMTARA ENGINEERING L,368.20,371.25,354.15,361.95,365.65,365.10,,361.95,,,2896481,1051490778.05,50975,F1,1,,,,,
2026-09-23,2026-09-23,CM,NSE,STK,24385,INE725L01011,KARMAENG,EQ,,,,,KARMA ENERGY LIMITED,40.20,40.99,39.72,40.18,40.54,40.10,,40.01,,,1654,66782.28,68,F1,1,,,,,
2026-09-23,2026-09-23,CM,NSE,STK,8054,INE614B01018,KTKBANK,EQ,,,,,KARNATAKA BANK LIMITED,331.50,344.00,330.10,343.05,343.00,331.50,,343.05,,,3566531,1211783828.25,39199,F1,1,,,,,
2026-09-23,2026-09-23,CM,NSE,STK,19465,INE0MGA01012,KARNIKA,SM,,,,,KARNIKA INDUSTRIES LTD,121.00,123.40,120.50,120.90,120.50,119.45,,120.90,,,32000,3885500.00,30,F1,1000,,,,,
2026-09-23,2026-09-23,CM,NSE,STK,1838,INE036D01028,KARURVYSYA,EQ,,,,,KARUR VYSYA BANK LTD,322.05,326.00,320.65,324.45,324.15,320.15,,324.45,,,1465001,474107165.25,33689,F1,1,,,,,
2026-09-23,2026-09-23,CM,NSE,STK,24528,INE0SVY01018,KATARIA,SM,,,,,KATARIA INDUSTRIES LTD,150.00,150.00,149.05,149.90,149.90,149.10,,149.90,,,27000,4044330.00,32,F1,600,,,,,
2026-09-23,2026-09-23,CM,NSE,STK,15140,INE234I01028,KAUSHALYA,BE,,,,,KAUSHALYA INFRA DEV LTD.,828.00,862.40,826.00,862.40,862.40,868.75,,862.40,,,205,169615.50,12,F1,1,,,,,
2026-09-23,2026-09-23,CM,NSE,STK,21186,INE0Q2V01012,KLL,SM,,,,,KAUSHALYA LOGISTICS LTD,38.95,41.90,38.95,41.90,41.85,38.10,,41.90,,,417600,17252960.00,227,F1,800,,,,,
2026-09-23,2026-09-23,CM,NSE,STK,14972,INE455I01029,KSCL,EQ,,,,,KAVERI SEED CO. LTD.,705.85,715.00,699.95,710.70,715.00,699.70,,710.66,,,49831,35225438.35,2556,F1,1,,,,,
2026-09-23,2026-09-23,CM,NSE,STK,15248,INE641C01019,KAVDEFENCE,BE,,,,,KAVVERI DFS & WIR TEC LTD,79.70,82.60,79.70,82.35,82.60,78.67,,82.28,,,434401,35721472.11,1506,F1,1,,,,,
2026-09-23,2026-09-23,CM,NSE,STK,21173,INE0RCG01017,KCEIL,SM,,,,,KAY CEE ENERGY & INFRA L,78.85,80.60,78.85,80.45,80.45,77.65,,80.45,,,3000,238250.00,6,F1,500,,,,,
2026-09-23,2026-09-23,CM,NSE,STK,10282,INE587G01015,KAYA,BE,,,,,KAYA LIMITED,347.00,347.00,323.05,327.20,330.00,338.35,,327.17,,,7621,2524977.35,141,F1,1,,,,,
2026-09-23,2026-09-23,CM,NSE,STK,12092,INE918Z01012,KAYNES,EQ,,,,,KAYNES TECHNOLOGY IND LTD,3460.00,3499.00,3428.50,3458.00,3458.00,3455.00,,3457.86,,,804616,2787315807.30,51187,F1,1,,,,,
2026-09-23,2026-09-23,CM,NSE,STK,758868,INE13ZD01013,KAYTEX,SM,,,,,KAYTEX FABRICS LIMITED,56.80,57.95,56.00,57.95,57.95,58.00,,57.95,,,5600,317840.00,7,F1,800,,,,,
2026-09-23,2026-09-23,CM,NSE,STK,10296,INE0J1E01027,KCK,ST,,,,,KCK INDUSTRIES LTD,13.30,13.60,13.00,13.00,13.00,13.65,,13.00,,,55000,720500.00,17,F1,2500,,,,,
2026-09-23,2026-09-23,CM,NSE,STK,1841,INE805C01028,KCP,EQ,,,,,KCP LTD,157.00,158.50,155.41,157.05,156.51,157.40,,157.05,,,96770,15163548.23,1829,F1,1,,,,,
2026-09-23,2026-09-23,CM,NSE,STK,8849,INE790B01024,KCPSUGIND,BE,,,,,KCPSUGARINDUS,29.65,29.90,28.82,29.56,29.16,28.95,,29.48,,,37457,1105941.37,157,F1,1,,,,,
2026-09-23,2026-09-23,CM,NSE,STK,765105,INE348N01042,KDGREEN,EQ,,,,,KD GREEN INDUSTRIES LTD,50.26,52.00,49.97,50.03,50.89,50.01,,50.04,,,59171,2986443.98,566,F1,1,,,,,
2026-09-23,2026-09-23,CM,NSE,STK,14908,INE291D01011,KDDL,EQ,,,,,KDDL LIMITED,3974.00,4270.00,3973.90,4251.90,4270.00,3973.10,,4252.01,,,153006,639393248.80,20567,F1,1,,,,,
2026-09-23,2026-09-23,CM,NSE,STK,13260,INE389H01022,KEC,EQ,,,,,KEC INTL. LIMITED,393.90,403.65,393.90,402.40,401.00,391.55,,402.40,,,891865,356915962.20,21741,F1,1,,,,,
2026-09-23,2026-09-23,CM,NSE,STK,13310,INE878B01027,KEI,EQ,,,,,KEI INDUSTRIES LTD.,4575.00,4760.00,4574.00,4722.50,4722.50,4575.00,,4722.48,,,808984,3801673923.00,57038,F1,1,,,,,
2026-09-23,2026-09-23,CM,NSE,STK,13430,INE164B01030,KELLTONTEC,EQ,,,,,KELLTON TECH SOL LTD,13.73,13.85,13.60,13.76,13.79,13.70,,13.76,,,1761639,24206838.93,3078,F1,1,,,,,
2026-09-23,2026-09-23,CM,NSE,STK,29547,INE15DO01012,KEN,SM,,,,,KEN ENTERPRISES LIMITED,44.30,44.45,43.15,43.95,43.95,43.00,,43.95,,,8400,369420.00,7,F1,1200,,,,,
2026-09-23,2026-09-23,CM,NSE,STK,11841,INE717A01029,KENNAMET,EQ,,,,,KENNAMETAL INDIA LIMITED,4370.00,4394.70,4261.10,4316.70,4315.00,4379.40,,4316.37,,,27181,117380262.80,5902,F1,1,,,,,
2026-09-23,2026-09-23,CM,NSE,STK,13121,INE202H01019,KERNEX,EQ,,,,,KERNEX MICROSYS(I) LTD,1756.00,1756.00,1708.50,1731.00,1735.10,1744.70,,1730.88,,,99303,171650929.00,11192,F1,1,,,,,
2026-09-23,2026-09-23,CM,NSE,STK,4981,INE087A01019,KESORAMIND,BE,,,,,KESORAM INDUSTRIES LTD,11.35,11.79,11.00,11.57,11.50,11.35,,11.58,,,362685,4155875.30,535,F1,1,,,,,
2026-09-23,2026-09-23,CM,NSE,STK,13381,INE401H01017,KKCL,EQ,,,,,KEWAL KIRAN CLOTHING LTD,484.80,487.50,475.10,477.55,476.30,484.80,,477.55,,,15632,7499882.40,918,F1,1,,,,,
2026-09-23,2026-09-23,CM,NSE,STK,4157,INE681C01015,KEYFINSERV,EQ,,,,,KEYNOTE FIN SERV LTD.,240.05,246.80,239.10,244.05,245.95,240.05,,244.05,,,497,121774.40,23,F1,1,,,,,
2026-09-23,2026-09-23,CM,NSE,STK,12219,INE263M01029,RUSTOMJEE,EQ,,,,,KEYSTONE REALTORS LIMITED,361.00,372.30,359.95,365.75,368.90,363.55,,365.72,,,61398,22524128.10,5155,F1,1,,,,,
2026-09-23,2026-09-23,CM,NSE,STK,13359,INE138Y01010,KFINTECH,EQ,,,,,KFIN TECHNOLOGIES LIMITED,897.00,917.35,895.50,911.95,911.95,898.00,,911.94,,,467472,424277627.10,16003,F1,1,,,,,
2026-09-23,2026-09-23,CM,NSE,STK,433,INE834I01025,KHADIM,BE,,,,,KHADIM INDIA LIMITED,123.90,123.90,122.94,122.94,122.94,125.44,,125.45,,,9157,1126721.58,45,F1,1,,,,,
2026-09-23,2026-09-23,CM,NSE,STK,3912,INE731C01018,KHAITANLTD,EQ,,,,,KHAITAN (INDIA)LTD.,151.00,154.39,145.21,153.14,153.14,151.82,,150.35,,,3281,496506.70,157,F1,1,,,,,
2026-09-23,2026-09-23,CM,NSE,STK,896,INE745B01028,KHAICHEM,EQ,,,,,KHAITAN CHEM & FERT LTD,50.02,52.00,49.82,50.13,49.93,50.02,,50.13,,,281525,14240528.74,2196,F1,1,,,,,
2026-09-23,2026-09-23,CM,NSE,STK,9641,INE060B01014,KHANDSE,EQ,,,,,KHANDWALA SECURITIES LTD,18.29,18.29,17.15,18.00,18.10,17.91,,18.00,,,1007,18038.47,28,F1,1,,,,,
2026-09-23,2026-09-23,CM,NSE,STK,9570,INE00UG01014,KHFM,SM,,,,,KHFM HOS FAC MANA SER LTD,42.90,43.45,42.80,43.45,43.45,44.50,,43.45,,,23250,997735.00,6,F1,1550,,,,,
2026-09-23,2026-09-23,CM,NSE,STK,762747,INE338F01015,KLBRENG-B,EQ,,,,,KILBURN ENGINEERING LTD.,519.50,535.00,512.80,518.60,518.00,519.50,,518.65,,,500546,261888979.15,16926,F1,1,,,,,
2026-09-23,2026-09-23,CM,NSE,STK,19941,INE729D01010,KILITCH,BE,,,,,KILITCH DRUGS INDIA LTD,221.62,221.62,221.62,221.62,221.62,211.07,,221.70,,,27667,6131560.54,160,F1,1,,,,,
2026-09-23,2026-09-23,CM,NSE,STK,18944,INE473D01015,KINGFA,EQ,,,,,KINGFA SCI & TEC IND LTD.,6219.50,6300.00,6201.00,6240.50,6221.00,6168.50,,6240.43,,,7818,48906668.00,2771,F1,1,,,,,
2026-09-23,2026-09-23,CM,NSE,STK,19126,INE880L01014,KIOCL,EQ,,,,,KIOCL LIMITED,344.70,351.00,342.75,349.35,351.00,342.55,,349.20,,,49267,17149370.15,2648,F1,1,,,,,
2026-09-23,2026-09-23,CM,NSE,STK,762742,INE555P01013,KIRANVYPAR,EQ,,,,,KIRAN VYAPAR LTD.,218.90,218.90,211.00,215.10,218.65,218.79,,215.37,,,972,209694.49,106,F1,1,,,,,
2026-09-23,2026-09-23,CM,NSE,STK,16639,INE415I01015,KIRIINDUS,EQ,,,,,KIRI INDUSTRIES LIMITED,546.00,577.00,543.60,572.75,569.70,540.50,,572.74,,,1184732,668091389.15,22939,F1,1,,,,,
2026-09-23,2026-09-23,CM,NSE,STK,18581,INE732A01036,KIRLOSBROS,EQ,,,,,KIRLOSKAR BROTHERS LTD,1770.30,1816.00,1769.30,1794.30,1795.70,1775.30,,1794.17,,,29352,52424581.90,5249,F1,1,,,,,
2026-09-23,2026-09-23,CM,NSE,STK,18220,INE134B01017,KECL,EQ,,,,,KIRLOSKAR ELECTRIC CO LTD,122.05,122.05,119.00,120.24,119.60,121.21,,120.24,,,68644,8283144.64,1462,F1,1,,,,,
2026-09-23,2026-09-23,CM,NSE,STK,14466,INE884B01025,KIRLFER,EQ,,,,,KIRLOSKAR FERROUS IND LTD,475.95,486.40,470.00,478.10,476.05,479.85,,478.09,,,126883,61081399.15,7032,F1,1,,,,,
2026-09-23,2026-09-23,CM,NSE,STK,19025,INE250A01039,KIRLOSIND,EQ,,,,,KIRLOSKAR INDUSTRIES LTD,3667.00,3696.50,3655.00,3681.00,3685.00,3667.20,,3680.98,,,4319,15877483.10,578,F1,1,,,,,
2026-09-23,2026-09-23,CM,NSE,STK,20936,INE146L01010,KIRLOSENG,EQ,,,,,KIRLOSKAR OIL ENG LTD,2165.00,2240.00,2120.20,2219.50,2210.00,2165.00,,2219.49,,,395759,860881749.50,35479,F1,1,,,,,
2026-09-23,2026-09-23,CM,NSE,STK,15180,INE811A01038,KIRLPNU,EQ,,,,,KIRLOSKAR PNEUMATIC COM L,706.80,717.00,705.00,711.95,709.00,706.80,,711.57,,,62999,44881191.60,5523,F1,1,,,,,
2026-09-23,2026-09-23,CM,NSE,STK,28899,INE602G01020,KITEX,EQ,,,,,KITEX GARMENTS LTD,120.00,124.16,119.99,121.33,123.48,119.48,,121.33,,,475593,57951173.21,5751,F1,1,,,,,
2026-09-23,2026-09-23,CM,NSE,STK,760923,INE0KNW01016,KNAGRI,EQ,,,,,KN AGRI RESOURCES LIMITED,205.00,213.15,202.30,211.63,212.95,203.95,,211.63,,,10750,2244580.71,283,F1,1,,,,,
2026-09-23,2026-09-23,CM,NSE,STK,763839,INE17QZ01016,KNACK,EQ,,,,,KNACK PACKAGING LIMITED,185.90,188.78,184.00,184.25,184.90,185.55,,184.26,,,370798,68920183.14,4601,F1,1,,,,,
2026-09-23,2026-09-23,CM,NSE,STK,27084,INE0CJD01029,KMEW,EQ,,,,,KNOWLEDGE MARINE & EN W L,3000.20,3020.00,2925.30,2996.60,2975.00,2976.70,,2996.45,,,80182,239089371.00,13033,F1,1,,,,,
2026-09-23,2026-09-23,CM,NSE,STK,758431,INE1JAR25012,KRT,RR,,,,,KNOWLEDGE REALTY TRUST,113.85,113.95,113.10,113.70,113.70,113.90,,113.70,,,1378544,156321404.90,6827,F1,1,,,,,
2026-09-23,2026-09-23,CM,NSE,STK,15283,INE634I01029,KNRCON,EQ,,,,,KNR CONSTRU LTD.,120.25,122.30,120.20,121.77,122.02,120.04,,121.77,,,581131,70548076.36,5931,F1,1,,,,,
2026-09-23,2026-09-23,CM,NSE,STK,18754,INE0Q7P01013,KODYTECH,ST,,,,,KODY TECHNOLAB LIMITED,1500.00,1550.00,1500.00,1533.00,1530.00,1509.70,,1533.00,,,5400,8282290.00,40,F1,100,,,,,
2026-09-23,2026-09-23,CM,NSE,STK,3009,INE080B01012,KOHINOOR,EQ,,,,,KOHINOOR FOODS LIMITED,31.45,32.24,30.67,31.75,31.84,31.06,,31.74,,,215225,6783958.53,3495,F1,1,,,,,
2026-09-23,2026-09-23,CM,NSE,STK,16827,INE760A01029,KOKUYOCMLN,EQ,,,,,KOKUYO CAMLIN LIMITED,75.50,76.80,75.12,76.35,75.95,75.71,,76.37,,,36023,2752758.20,464,F1,1,,,,,
2026-09-23,2026-09-23,CM,NSE,STK,15124,INE094I01018,KOLTEPATIL,EQ,,,,,KOLTE PATIL DEV. LTD.,437.50,442.60,435.40,440.05,441.70,435.55,,440.04,,,47783,21001311.45,2557,F1,1,,,,,
2026-09-23,2026-09-23,CM,NSE,STK,22475,INE0QEI01011,KONSTELEC,ST,,,,,KONSTELEC ENGINEERS LTD,61.00,62.00,58.40,61.90,61.85,59.15,,61.90,,,4000,243250.00,4,F1,1000,,,,,
2026-09-23,2026-09-23,CM,NSE,STK,1919,INE082A01010,KOPRAN,EQ,,,,,KOPRAN LTD,275.40,287.20,275.00,279.42,280.06,276.44,,279.42,,,573639,161747406.97,9899,F1,1,,,,,
2026-09-23,2026-09-23,CM,NSE,STK,16758,INE0O4R01018,KDL,SM,,,,,KORE DIGITAL LIMITED,64.05,64.05,64.05,64.05,64.05,67.40,,64.05,,,8550,547627.50,26,F1,150,,,,,
2026-09-23,2026-09-23,CM,NSE,STK,14858,INF174KA1HJ8,GOLD1,EQ,,,,,KOTAK GOLD ETF,126.50,126.66,125.81,125.96,125.90,125.99,,125.96,,,1728462,218153382.04,5448,F1,1,,,,,
2026-09-23,2026-09-23,CM,NSE,STK,1922,INE237A01036,KOTAKBANK,EQ,,,,,KOTAK MAHINDRA BANK LTD,414.65,417.25,411.35,413.25,413.25,412.65,,413.25,,,8628172,3572584969.90,83373,F1,1,,,,,
2026-09-23,2026-09-23,CM,NSE,STK,18102,INF174K014P6,NIFTY1,EQ,,,,,KOTAK NIFTY ETF,259.86,260.93,258.94,260.14,259.78,259.86,,260.17,,,37795,9834348.34,1075,F1,1,,,,,
2026-09-23,2026-09-23,CM,NSE,STK,15061,INF174KA1A86,PSUBANK,EQ,,,,,KOTAK PSU BANK,82.57,83.82,82.57,83.41,83.18,82.66,,83.41,,,63408,5292848.79,315,F1,1,,,,,
2026-09-23,2026-09-23,CM,NSE,STK,759885,INF174KA1XV0,CHEMICAL,EQ,,,,,KOTAKMAMC - CHEMICAL,29.66,29.79,29.48,29.56,29.66,29.45,,29.56,,,260675,7718171.72,816,F1,1,,,,,
2026-09-23,2026-09-23,CM,NSE,STK,7412,INF174KA1IA5,ALPHA,EQ,,,,,KOTAKMAMC - KOTAKALPHA,54.48,54.48,53.05,53.42,53.28,53.16,,53.42,,,1014532,54043748.76,1973,F1,1,,,,,
2026-09-23,2026-09-23,CM,NSE,STK,10512,INF174KA1ZF8,CONS,EQ,,,,,KOTAKMAMC - KOTAKCONS,11.85,11.93,11.85,11.86,11.85,11.85,,11.86,,,9806,116359.14,81,F1,1,,,,,
2026-09-23,2026-09-23,CM,NSE,STK,2627,INF174KA1GC5,IT,EQ,,,,,KOTAKMAMC - KOTAKIT,31.75,31.76,31.27,31.43,31.58,31.78,,31.43,,,472169,14893562.84,1285,F1,1,,,,,
2026-09-23,2026-09-23,CM,NSE,STK,13950,INF174KA1LV5,LIQUID1,EQ,,,,,KOTAKMAMC - KOTAKLIQ,1123.66,1123.82,1122.62,1123.81,1123.80,1123.66,,1123.81,,,402177,451970530.16,673,F1,1,,,,,
2026-09-23,2026-09-23,CM,NSE,STK,8632,INF174KA1IY5,LOWVOL1,EQ,,,,,KOTAKMAMC - KOTAKLOVOL,20.55,20.57,20.36,20.39,20.36,20.48,,20.39,,,699280,14322548.23,4712,F1,1,,,,,
2026-09-23,2026-09-23,CM,NSE,STK,8077,INF174KA1ZC5,MIDCAP,EQ,,,,,KOTAKMAMC - KOTAKMID50,18.39,18.49,18.26,18.31,18.26,18.22,,18.31,,,166823,3053245.55,594,F1,1,,,,,
2026-09-23,2026-09-23,CM,NSE,STK,10676,INF174KA1JF2,MNC,EQ,,,,,KOTAKMAMC - KOTAKMNC,32.44,32.64,32.36,32.49,32.55,32.28,,32.49,,,26562,863630.90,293,F1,1,,,,,
2026-09-23,2026-09-23,CM,NSE,STK,13082,INF174KA1ZD3,SILVER1,EQ,,,,,KOTAKMAMC - KOTAKSILVE,22.63,22.70,22.30,22.36,22.34,22.35,,22.36,,,5230346,117618802.56,4471,F1,1,,,,,
2026-09-23,2026-09-23,CM,NSE,STK,11457,INF174KA1ZE1,NV20,EQ,,,,,KOTAKMAMC - KTKNV20ETF,13.67,13.67,13.50,13.56,13.62,13.58,,13.56,,,72893,987919.03,272,F1,1,,,,,
2026-09-23,2026-09-23,CM,NSE,STK,30469,INF174KA1VW2,MID150,EQ,,,,,KOTAKMAMC - MID150,23.48,23.48,23.17,23.33,23.37,23.17,,23.33,,,24216,563810.66,140,F1,1,,,,,
2026-09-23,2026-09-23,CM,NSE,STK,759488,INF174KA1XS6,MOMENTUM30,EQ,,,,,KOTAKMAMC - MOMENTUM30,30.87,30.87,30.14,30.53,30.60,30.93,,30.53,,,215721,6582814.30,928,F1,1,,,,,
2026-09-23,2026-09-23,CM,NSE,STK,29758,INF174KA1VD2,MSCIINDIA,EQ,,,,,KOTAKMAMC - MSCIINDIA,29.23,29.31,29.13,29.29,29.30,29.19,,29.29,,,1386,40479.95,66,F1,1,,,,,
2026-09-23,2026-09-23,CM,NSE,STK,760709,INF174KA1YO3,NEXT50ETF,EQ,,,,,KOTAKMAMC - NEXT50ETF,72.87,73.33,72.52,73.20,73.05,72.61,,73.20,,,8198,596573.43,64,F1,1,,,,,
2026-09-23,2026-09-23,CM,NSE,STK,29944,INF174KA1UW4,NIFTY100EW,EQ,,,,,KOTAKMAMC - NIFTY100EW,34.53,34.55,34.40,34.48,34.47,34.53,,34.48,,,25323,873159.70,173,F1,1,,,,,
2026-09-23,2026-09-23,CM,NSE,STK,764195,INF174KA1A94,PVTBANK,EQ,,,,,KOTAKMAMC - PVTBANK,27.47,27.58,27.39,27.39,27.39,27.30,,27.39,,,6185,169419.18,6,F1,1,,,,,
2026-09-23,2026-09-23,CM,NSE,STK,757946,INF174KA1WT6,QUALITY30,EQ,,,,,KOTAKMAMC - QUALITY30,20.05,20.05,19.90,19.95,19.95,19.96,,19.95,,,10142,201995.86,24,F1,1,,,,,
2026-09-23,2026-09-23,CM,NSE,STK,5851,INF174KA1ZB7,BANKNIFTY1,EQ,,,,,KOTAKMAMC-KOTAKBKETF,58.66,58.89,58.50,58.68,58.68,58.40,,58.68,,,600339,35274889.89,594,F1,1,,,,,
2026-09-23,2026-09-23,CM,NSE,STK,762752,INE972A01020,KOTIC,EQ,,,,,KOTHARI INDUSTRIAL CORP L,147.78,152.67,147.00,147.11,147.06,146.89,,147.14,,,31010,4630491.36,1239,F1,1,,,,,
2026-09-23,2026-09-23,CM,NSE,STK,4594,INE720A01015,KOTHARIPET,EQ,,,,,KOTHARI PETROCHEM LTD,134.16,139.00,134.06,136.81,137.99,134.16,,136.81,,,76642,10491399.12,1432,F1,1,,,,,
2026-09-23,2026-09-23,CM,NSE,STK,5528,INE823A01017,KOTHARIPRO,EQ,,,,,KOTHARI PRODUCTS LTD,65.60,76.40,65.60,69.64,69.55,63.67,,69.65,,,132714,9495556.51,1997,F1,1,,,,,
2026-09-23,2026-09-23,CM,NSE,STK,11648,INE419A01022,KOTARISUG,BE,,,,,KOTHARI SUG & CHEM LTD.,26.06,27.50,26.06,27.35,27.35,26.65,,27.35,,,39993,1074572.69,212,F1,1,,,,,
2026-09-23,2026-09-23,CM,NSE,STK,761337,INE0J0B01017,KOTYARK,BE,,,,,KOTYARK INDUSTRIES LTD,31.27,32.89,31.27,32.05,32.00,31.84,,32.07,,,110776,3563404.21,219,F1,1,,,,,
2026-09-23,2026-09-23,CM,NSE,STK,5192,INE177F01017,KOVAI,EQ,,,,,KOVAI MEDICAL CENTER & HO,6182.50,6197.00,6102.00,6160.50,6186.50,6153.50,,6160.71,,,1680,10328641.00,649,F1,1,,,,,
2026-09-23,2026-09-23,CM,NSE,STK,5108,INE542W01025,KPIGREEN,EQ,,,,,KPI GREEN ENERGY LIMITED,346.45,355.00,335.55,350.05,347.15,346.45,,350.04,,,3884369,1346263565.05,68295,F1,1,,,,,
2026-09-23,2026-09-23,CM,NSE,STK,9683,INE04I401011,KPITTECH,EQ,,,,,KPIT TECHNOLOGIES LIMITED,532.00,533.35,525.00,527.00,527.00,529.05,,527.00,,,1154889,610108113.40,25229,F1,1,,,,,
2026-09-23,2026-09-23,CM,NSE,STK,14912,INE930H01031,KPRMILL,EQ,,,,,KPR MILL LTD.,1120.80,1145.50,1117.00,1136.70,1135.00,1120.80,,1136.70,,,130890,148853920.80,11505,F1,1,,,,,
2026-09-23,2026-09-23,CM,NSE,STK,10577,INE001B01026,KRBL,EQ,,,,,KRBL LIMITED,388.00,409.60,387.85,404.85,404.75,389.90,,404.85,,,597218,241304152.85,17920,F1,1,,,,,
2026-09-23,2026-09-23,CM,NSE,STK,1937,INE268B01013,KREBSBIO,EQ,,,,,KREBS BIOCHEMICALS & IND,56.30,59.60,56.30,57.54,56.90,56.86,,57.54,,,3816,218215.85,85,F1,1,,,,,
2026-09-23,2026-09-23,CM,NSE,STK,11480,INE524L01026,KRIDHANINF,EQ,,,,,KRIDHAN INFRA LIMITED,1.86,1.86,1.83,1.84,1.85,1.85,,1.84,,,19835,36743.52,44,F1,1,,,,,
2026-09-23,2026-09-23,CM,NSE,STK,12847,INE506W01020,KRISHANA,EQ,,,,,KRISHANA PHOSCHEM LIMITED,192.00,193.00,186.21,188.15,189.31,189.55,,188.15,,,526685,99410974.97,7318,F1,1,,,,,
2026-09-23,2026-09-23,CM,NSE,STK,16133,INE0NR701018,KRISHCA,SM,,,,,KRISHCA STRAPPING SLTN L,167.00,192.35,162.00,192.35,192.35,160.30,,192.35,,,147000,26726800.00,200,F1,500,,,,,
2026-09-23,2026-09-23,CM,NSE,STK,756782,INE0GGO01015,KRISHIVAL,EQ,,,,,KRISHIVAL FOODS LIMITED,416.80,417.50,413.05,417.35,417.50,415.70,,417.34,,,7240,3010885.70,266,F1,1,,,,,
2026-09-23,2026-09-23,CM,NSE,STK,761192,INE0J5601015,KRISHNADEF,EQ,,,,,KRISHNA DEF AND ALD IND L,1027.60,1048.30,1025.60,1032.90,1034.00,1025.60,,1032.90,,,66368,68761091.20,5885,F1,1,,,,,
2026-09-23,2026-09-23,CM,NSE,STK,4847,INE967H01025,KIMS,EQ,,,,,KRISHNA INST OF MED SCI L,791.70,802.45,791.25,798.05,799.35,789.80,,798.05,,,323371,257917582.55,15548,F1,1,,,,,
2026-09-23,2026-09-23,CM,NSE,STK,6417,INE479D01038,KRITI,EQ,,,,,KRITI INDUSTRIES IND LTD,62.89,66.00,60.11,63.19,65.01,59.75,,63.22,,,45222,2840431.43,304,F1,1,,,,,
2026-09-23,2026-09-23,CM,NSE,STK,11432,INE798K01010,KRITINUT,EQ,,,,,KRITI NUTRIENTS LIMITED,81.99,81.99,79.53,80.21,80.49,80.66,,80.21,,,10008,801868.94,194,F1,1,,,,,
2026-09-23,2026-09-23,CM,NSE,STK,9288,INE00Z501029,KRITIKA,EQ,,,,,KRITIKA WIRES LIMITED,5.15,5.15,4.90,5.00,5.10,5.04,,5.00,,,110757,560181.96,481,F1,1,,,,,
2026-09-23,2026-09-23,CM,NSE,STK,760624,INE1MTV01019,KRMAYURVED,SM,,,,,KRM AYURVEDA LIMITED,307.00,307.00,299.55,302.95,305.55,301.60,,302.95,,,64000,19406650.00,58,F1,1000,,,,,
2026-09-23,2026-09-23,CM,NSE,STK,25643,INE0Q3J01015,KRN,EQ,,,,,KRN HEAT EXCHANGE N REF L,1440.00,1458.00,1407.00,1412.60,1412.00,1420.10,,1412.61,,,159649,228004543.50,19340,F1,1,,,,,
2026-09-23,2026-09-23,CM,NSE,STK,24026,INE0ATZ01017,KRONOX,BE,,,,,KRONOX LAB SCIENCES LTD,180.00,189.00,176.10,187.39,187.00,182.27,,187.25,,,87597,16196640.19,650,F1,1,,,,,
2026-09-23,2026-09-23,CM,NSE,STK,25252,INE0O6601022,KROSS,EQ,,,,,KROSS LIMITED,260.85,283.00,257.50,278.56,279.41,256.13,,278.54,,,6104799,1676737685.74,113352,F1,1,,,,,
2026-09-23,2026-09-23,CM,NSE,STK,5359,INE08LI01020,KRSNAA,EQ,,,,,KRSNAA DIAGNOSTICS LTD,558.00,567.90,557.10,560.05,562.00,557.85,,560.02,,,67117,37789267.80,3194,F1,1,,,,,
2026-09-23,2026-09-23,CM,NSE,STK,23175,INE0QN801017,KRYSTAL,EQ,,,,,KRYSTAL INTEGRATED SER L,638.00,652.40,628.30,643.65,650.00,638.80,,643.65,,,13836,8853646.40,682,F1,1,,,,,
2026-09-23,2026-09-23,CM,NSE,STK,1949,INE999A01023,KSB,EQ,,,,,KSB LIMITED,820.00,825.05,808.05,823.20,823.00,820.15,,823.18,,,111806,91659961.10,10825,F1,1,,,,,
2026-09-23,2026-09-23,CM,NSE,STK,764753,INE953E01022,KSE,EQ,,,,,KSE LTD.,180.02,180.82,175.81,178.79,178.20,179.96,,178.80,,,6217,1112704.51,277,F1,1,,,,,
2026-09-23,2026-09-23,CM,NSE,STK,760433,INE987S01020,KSHINTL,EQ,,,,,KSH INTERNATIONAL LIMITED,1044.95,1083.00,1040.00,1046.80,1051.80,1040.95,,1046.77,,,224075,236918506.50,17672,F1,1,,,,,
2026-09-23,2026-09-23,CM,NSE,STK,10407,INE013801027,KSHITIJPOL,EQ,,,,,KSHITIJ POLYLINE LIMITED,4.83,4.84,4.83,4.83,4.84,4.61,,4.83,,,9790833,47372611.68,5248,F1,1,,,,,
2026-09-23,2026-09-23,CM,NSE,STK,11060,INE0D6I01023,KSOLVES,EQ,,,,,KSOLVES INDIA LIMITED,251.95,260.00,250.75,259.05,259.90,250.75,,259.02,,,28863,7357852.55,1254,F1,1,,,,,
2026-09-23,2026-09-23,CM,NSE,STK,759989,INE1SPP01016,KSR,BE,,,,,KSR FOOTWEAR LIMITED,37.12,39.50,37.11,39.28,38.50,39.06,,39.28,,,70916,2658755.16,170,F1,1,,,,,
2026-09-23,2026-09-23,CM,NSE,STK,13870,INE529I01021,KUANTUM,EQ,,,,,KUANTUM PAPERS LIMITED,85.00,86.50,81.65,82.87,82.61,84.95,,82.86,,,160358,13465935.19,3024,F1,1,,,,,
2026-09-23,2026-09-23,CM,NSE,STK,764116,INE0ISX01025,KUSUMGAR,EQ,,,,,KUSUMGAR LIMITED,616.25,652.00,616.25,635.10,637.00,616.15,,635.09,,,1299181,828941115.50,60360,F1,1,,,,,
2026-09-23,2026-09-23,CM,NSE,STK,762757,INE552U01010,KPL,EQ,,,,,KWALITY PHARMACEUTICALS L,3773.00,3840.00,3705.00,3724.50,3716.00,3752.80,,3724.51,,,40372,151808553.40,6969,F1,1,,,,,
2026-09-23,2026-09-23,CM,NSE,STK,760946,INE2KCE01013,KWIL,EQ,,,,,KWALITY WALL'S (INDIA) L,42.10,43.33,41.78,41.92,41.90,41.99,,41.92,,,8406785,356930693.58,26053,F1,1,,,,,
2026-09-23,2026-09-23,CM,NSE,STK,765100,INE341H01023,LKPSEC,EQ,,,,,L K P SECURITIES LTD.,15.16,15.66,15.00,15.27,15.11,15.31,,15.28,,,2723,41291.99,65,F1,1,,,,,
2026-09-23,2026-09-23,CM,NSE,STK,24948,INE498L01015,LTF,EQ,,,,,L&T FINANCE LIMITED,308.90,312.70,307.75,310.00,310.00,304.90,,310.00,,,5926308,1836451004.35,52706,F1,1,,,,,
2026-09-23,2026-09-23,CM,NSE,STK,18564,INE010V01017,LTTS,EQ,,,,,L&T TECHNOLOGY SER. LTD.,3285.00,3300.00,3198.20,3231.30,3229.90,3293.60,,3231.59,,,48247,156909223.20,9557,F1,1,,,,,
2026-09-23,2026-09-23,CM,NSE,STK,14423,INE059D01020,LAOPALA,EQ,,,,,LA OPALA RG LIMITED,160.00,163.83,160.00,163.06,163.83,160.61,,163.04,,,76706,12452522.52,1862,F1,1,,,,,
2026-09-23,2026-09-23,CM,NSE,STK,764761,INE519D01015,LADDERUP,BE,,,,,LADDERUP FINANCE LTD.,55.01,56.73,55.01,55.95,55.99,57.89,,55.60,,,1452,80778.94,52,F1,1,,,,,
2026-09-23,2026-09-23,CM,NSE,STK,5865,INE548Z01017,LAGNAM,EQ,,,,,LAGNAM SPINTEX LIMITED,74.50,75.00,73.34,75.00,75.00,74.01,,75.00,,,2578,192549.55,41,F1,1,,,,,
2026-09-23,2026-09-23,CM,NSE,STK,762762,INE515C01023,LAHOTIOV,EQ,,,,,LAHOTI OVERSEAS LTD.,40.67,42.00,40.67,40.77,40.77,40.68,,40.77,,,2957,121744.32,44,F1,1,,,,,
2026-09-23,2026-09-23,CM,NSE,STK,7902,INE850E01012,LFIC,EQ,,,,,LAKSHMI FIN IND CORP LTD,138.50,138.69,133.12,136.14,136.99,135.30,,136.14,,,881,120215.07,55,F1,1,,,,,
2026-09-23,2026-09-23,CM,NSE,STK,764763,INE938C01019,LAKSHMIMIL,EQ,,,,,LAKSHMI MILLS CO. LTD.,7943.00,7943.00,7716.00,7716.50,7716.00,7700.00,,7716.50,,,19,148147.00,10,F1,1,,,,,
2026-09-23,2026-09-23,CM,NSE,STK,4774,INE651C01018,LAKPRE,BZ,,,,,LAKSHMI PRE SCRE LTD,4.88,5.05,4.64,5.05,5.05,4.88,,5.05,,,1567,7601.16,12,F1,1,,,,,
2026-09-23,2026-09-23,CM,NSE,STK,25860,INE0VZS01015,LAKSHYA,SM,,,,,LAKSHYA POWERTECH LIMITED,91.00,98.00,90.00,98.00,98.00,89.10,,98.00,,,26400,2518560.00,31,F1,800,,,,,
2026-09-23,2026-09-23,CM,NSE,STK,765361,INE0K9O01026,LALITHAA,EQ,,,,,LALITHAA JEWELLERY MART L,340.00,352.90,340.00,352.90,352.90,336.10,,352.90,,,9509619,3339259655.25,26949,F1,1,,,,,
2026-09-23,2026-09-23,CM,NSE,STK,6407,INE112F01022,LAMBODHARA,EQ,,,,,LAMBODHARA TEXTILES LTD.,117.24,121.00,116.86,119.93,120.49,116.08,,119.93,,,10636,1271103.12,333,F1,1,,,,,
2026-09-23,2026-09-23,CM,NSE,STK,27225,INE0R0201012,LAMOSAIC,ST,,,,,LAMOSAIC INDIA LIMITED,52.05,52.05,49.50,50.15,51.50,51.80,,50.15,,,201600,10219170.00,72,F1,600,,,,,
2026-09-23,2026-09-23,CM,NSE,STK,9392,INE359U01028,LANCER,EQ,,,,,LANCER CONTAINER LINES L,11.90,11.95,11.70,11.78,11.85,11.69,,11.78,,,237499,2802620.43,807,F1,1,,,,,
2026-09-23,2026-09-23,CM,NSE,STK,23030,INE572G01025,LANCORHOL,BE,,,,,LANCOR HOLDINGS LIMITED,33.50,35.99,33.50,34.97,35.78,34.50,,34.99,,,108327,3818348.21,263,F1,1,,,,,
2026-09-23,2026-09-23,CM,NSE,STK,13276,INE559R01029,LANDMARK,EQ,,,,,LANDMARK CARS LIMITED,514.80,518.00,500.65,506.40,509.05,510.50,,506.35,,,57410,29111585.45,3355,F1,1,,,,,
2026-09-23,2026-09-23,CM,NSE,STK,16863,INE197J01017,LPDC,EQ,,,,,LANDMARK PR.DEV.CO.LTD,6.55,6.80,6.35,6.66,6.57,6.58,,6.66,,,19317,128291.27,278,F1,1,,,,,
2026-09-23,2026-09-23,CM,NSE,STK,17376,INE688J01023,LANDSMILL,EQ,,,,,LANDSMILL GREEN LIMITED,0.55,0.55,0.54,0.54,0.55,0.54,,0.54,,,1546188,842207.82,678,F1,1,,,,,
2026-09-23,2026-09-23,CM,NSE,STK,11483,INE018A01030,LT,EQ,,,,,LARSEN & TOUBRO LTD.,3870.00,3945.00,3870.00,3929.90,3929.90,3866.40,,3929.90,,,945462,3705549356.40,63470,F1,1,,,,,
2026-09-23,2026-09-23,CM,NSE,STK,764126,INE17IR01028,LASERPOWER,EQ,,,,,LASER POWER & INFRA LTD,277.00,291.75,275.65,287.40,287.00,275.05,,287.40,,,1452647,414278520.65,20768,F1,1,,,,,
2026-09-23,2026-09-23,CM,NSE,STK,6818,INE0I7C01011,LATENTVIEW,EQ,,,,,LATENT VIEW ANALYTICS LTD,250.55,255.00,250.30,253.40,253.70,250.55,,253.40,,,235148,59504452.75,6695,F1,1,,,,,
2026-09-23,2026-09-23,CM,NSE,STK,15840,INE262Z01023,LATTEYS,EQ,,,,,LATTEYS INDUSTRIES LTD,20.80,20.90,19.70,20.35,20.40,20.48,,20.35,,,53669,1079978.08,315,F1,1,,,,,
2026-09-23,2026-09-23,CM,NSE,STK,19234,INE947Q01028,LAURUSLABS,EQ,,,,,LAURUS LABS LIMITED,2009.50,2037.20,1999.70,2034.00,2034.00,2006.50,,2034.00,,,1363988,2761427475.80,38551,F1,1,,,,,
2026-09-23,2026-09-23,CM,NSE,STK,6568,INE801V01019,LAXMICOT,EQ,,,,,LAXMI COTSPIN LIMITED,13.50,13.50,12.36,13.40,13.20,13.05,,13.40,,,22247,290275.07,214,F1,1,,,,,
2026-09-23,2026-09-23,CM,NSE,STK,29171,INE0WO601020,LAXMIDENTL,EQ,,,,,LAXMI DENTAL LIMITED,194.76,196.60,192.03,195.09,195.20,193.18,,195.10,,,128908,25119628.30,4785,F1,1,,,,,
2026-09-23,2026-09-23,CM,NSE,STK,19876,INE258Y01016,LGHL,EQ,,,,,LAXMI GOLDORNA HOUSE LTD,180.93,182.94,174.10,176.62,177.24,177.38,,176.62,,,7259,1306455.65,290,F1,1,,,,,
2026-09-23,2026-09-23,CM,NSE,STK,758863,INE06WU01026,LAXMIINDIA,EQ,,,,,LAXMI INDIA FINANCE LTD,124.57,126.45,123.42,126.12,126.00,123.73,,126.11,,,97062,12182525.14,1576,F1,1,,,,,
2026-09-23,2026-09-23,CM,NSE,STK,2841,INE576O01020,LXCHEM,EQ,,,,,LAXMI ORGANIC INDUS LTD,178.00,189.00,177.60,188.44,188.35,178.01,,188.43,,,3615692,674315569.93,36027,F1,1,,,,,
2026-09-23,2026-09-23,CM,NSE,STK,7529,INE938A01021,LCCINFOTEC,EQ,,,,,LCC INFOTECH LTD,3.84,3.84,3.66,3.84,3.84,3.66,,3.74,,,67198,257316.84,134,F1,1,,,,,
2026-09-23,2026-09-23,CM,NSE,STK,766044,INE1FPN01026,LCCPROJECT,EQ,,,,,LCC PROJECTS LIMITED,146.90,148.25,142.11,146.59,146.90,147.56,,146.60,,,2358279,342814949.24,29285,F1,1,,,,,
2026-09-23,2026-09-23,CM,NSE,STK,760300,INE0G1L01025,LEMERITE,EQ,,,,,LE MERITE EXPORTS LIMITED,19.26,19.88,19.02,19.88,19.88,18.94,,19.88,,,198181,3890001.57,418,F1,1,,,,,
2026-09-23,2026-09-23,CM,NSE,STK,24067,INE0HV901016,IXIGO,EQ,,,,,LE TRAVENUES TECHNOLOGY L,163.25,169.40,162.44,163.90,164.00,163.28,,163.90,,,2055136,337875403.46,42380,F1,1,,,,,
2026-09-23,2026-09-23,CM,NSE,STK,14204,INE0H4B01011,LRRPL,SM,,,,,LEAD REC AND RUB PROD LTD,95.55,95.55,95.50,95.55,95.55,91.00,,95.55,,,9000,859875.00,6,F1,1500,,,,,
2026-09-23,2026-09-23,CM,NSE,STK,764523,INE00GO01025,LEAPIND,EQ,,,,,LEAP INDIA LIMITED,147.80,150.86,146.25,148.62,148.10,148.44,,148.60,,,1571060,233094090.95,22046,F1,1,,,,,
2026-09-23,2026-09-23,CM,NSE,STK,765098,INE791B01014,LEENEE,BE,,,,,LEE & NEE SOFTWARES (E) L,7.59,8.05,7.46,7.90,7.90,7.74,,7.65,,,7529,57810.61,40,F1,1,,,,,
2026-09-23,2026-09-23,CM,NSE,STK,757014,INE0AQ201015,THELEELA,EQ,,,,,LEELA PALACES HOTEL LTD,540.00,547.00,537.30,544.95,543.50,537.05,,544.95,,,114049,62032957.45,11965,F1,1,,,,,
2026-09-23,2026-09-23,CM,NSE,STK,2606,INE970X01018,LEMONTREE,EQ,,,,,LEMON TREE HOTELS LTD,108.20,108.49,107.50,107.92,108.02,107.51,,107.92,,,1411299,152283896.84,17816,F1,1,,,,,
2026-09-23,2026-09-23,CM,NSE,STK,759605,INE956O01016,LENSKART,EQ,,,,,LENSKART SOLUTIONS LTD,691.20,692.40,681.25,686.70,686.20,691.45,,686.70,,,4785213,3283801808.05,108244,F1,1,,,,,
2026-09-23,2026-09-23,CM,NSE,STK,14459,INE500X01013,LEXUS,EQ,,,,,LEXUS GRANITO (INDIA) LTD,12.89,13.38,12.40,12.50,12.41,12.47,,12.50,,,52072,657839.41,416,F1,1,,,,,
2026-09-23,2026-09-23,CM,NSE,STK,18321,INE337A01034,LGBBROSLTD,EQ,,,,,LG BALAKRISHNAN & BROS,1745.50,1745.50,1719.10,1734.50,1730.00,1730.20,,1734.35,,,14459,25039151.50,2237,F1,1,,,,,
2026-09-23,2026-09-23,CM,NSE,STK,760213,INE324D01010,LGEINDIA,EQ,,,,,LG ELECTRONICS INDIA LTD,1673.90,1715.00,1664.40,1694.20,1688.80,1663.70,,1694.10,,,786043,1332843588.10,56590,F1,1,,,,,
2026-09-23,2026-09-23,CM,NSE,STK,11082,INE908V01012,LIBAS,EQ,,,,,LIBAS CONSU PRODUCTS LTD,12.85,12.85,12.01,12.09,12.35,12.58,,12.09,,,222387,2714432.68,291,F1,1,,,,,
2026-09-23,2026-09-23,CM,NSE,STK,1994,INE557B01019,LIBERTSHOE,EQ,,,,,LIBERTY SHOES LTD,221.54,239.40,218.70,235.48,238.00,218.54,,235.49,,,132090,30772413.56,4314,F1,1,,,,,
2026-09-23,2026-09-23,CM,NSE,STK,1997,INE115A01026,LICHSGFIN,EQ,,,,,LIC HOUSING FINANCE LTD,565.10,576.70,564.05,572.50,572.50,565.00,,572.50,,,3008551,1725543847.60,38561,F1,1,,,,,
2026-09-23,2026-09-23,CM,NSE,STK,25640,INF767K01SM1,LICMFGOLD,EQ,,,,,LIC MF - LIC GOLD ETF,136.55,136.90,135.60,135.90,136.00,135.80,,135.90,,,39754,5418142.55,629,F1,1,,,,,
2026-09-23,2026-09-23,CM,NSE,STK,11319,INF767K01OS7,LICNETFN50,EQ,,,,,LICNAMC - LICNFENGP,263.72,264.37,262.79,263.90,263.90,263.27,,264.45,,,131,34600.95,18,F1,1,,,,,
2026-09-23,2026-09-23,CM,NSE,STK,11441,INF767K01OT5,LICNETFSEN,EQ,,,,,LICNAMC - LICNFESGP,844.27,844.27,844.27,844.27,844.27,843.34,,844.27,,,1,844.27,1,F1,1,,,,,
2026-09-23,2026-09-23,CM,NSE,STK,15229,INF767K01PC8,LICNFNHGP,EQ,,,,,LICNAMC - LICNFNHGP,270.71,275.00,269.66,274.19,274.19,272.55,,274.19,,,276,75012.98,35,F1,1,,,,,
2026-09-23,2026-09-23,CM,NSE,STK,6062,INF767K01MV5,LICNETFGSC,EQ,,,,,LICNAMC - LICNMFET,29.18,29.40,29.18,29.27,29.26,29.21,,29.27,,,3719,109013.03,51,F1,1,,,,,
2026-09-23,2026-09-23,CM,NSE,STK,22722,INF767K01RN1,LICNMID100,EQ,,,,,LICNAMC - LICNMID100,62.49,63.32,62.03,62.75,63.00,61.89,,62.75,,,14881,933748.80,140,F1,1,,,,,
2026-09-23,2026-09-23,CM,NSE,STK,9480,INE0J1Y01017,LICI,EQ,,,,,LIFE INSURA CORP OF INDIA,404.40,407.50,401.65,407.50,407.50,404.55,,407.50,,,3944345,1595724607.85,49033,F1,1,,,,,
2026-09-23,2026-09-23,CM,NSE,STK,578,INE060901027,LIKHITHA,EQ,,,,,LIKHITHA INFRASTRUC LTD,229.90,245.99,226.52,229.21,229.00,227.96,,229.22,,,184606,43498059.16,3065,F1,1,,,,,
2026-09-23,2026-09-23,CM,NSE,STK,6951,INE802B01027,LINC,EQ,,,,,LINC LIMITED,92.37,95.00,90.50,93.85,95.00,92.37,,93.77,,,19605,1807661.20,444,F1,1,,,,,
2026-09-23,2026-09-23,CM,NSE,STK,11596,INE405C01035,LINCOLN,EQ,,,,,LINCOLN PHARMA LTD,595.80,608.25,595.80,603.55,606.50,594.35,,603.53,,,15739,9491310.25,1204,F1,1,,,,,
2026-09-23,2026-09-23,CM,NSE,STK,1627,INE473A01011,LINDEINDIA,EQ,,,,,LINDE INDIA LIMITED,6327.00,6390.00,6250.50,6286.00,6300.00,6320.00,,6286.08,,,13113,82700813.50,3297,F1,1,,,,,
2026-09-23,2026-09-23,CM,NSE,STK,17801,INE093R01011,LLOYDSENGG,EQ,,,,,LLOYDS ENGG WORK LIMITED,86.01,92.75,85.85,91.52,91.63,85.73,,91.52,,,20150065,1820347775.94,80281,F1,1,,,,,
2026-09-23,2026-09-23,CM,NSE,STK,25807,INE080I01025,LLOYDSENT,EQ,,,,,LLOYDS ENTERPRISES LTD,70.70,74.50,70.44,74.15,74.42,70.41,,74.15,,,4441245,325531477.32,23232,F1,1,,,,,
2026-09-23,2026-09-23,CM,NSE,STK,11472,INE0DTQ01028,LLOYDS,SM,,,,,LLOYDS LUXURIES LIMITED,62.00,62.00,62.00,62.00,62.00,60.50,,62.00,,,1000,62000.00,1,F1,1000,,,,,
2026-09-23,2026-09-23,CM,NSE,STK,17313,INE281B01032,LLOYDSME,EQ,,,,,LLOYDS METALS N ENERGY L,1861.10,1911.00,1861.10,1890.90,1895.00,1857.40,,1890.98,,,739451,1400985604.60,43609,F1,1,,,,,
2026-09-23,2026-09-23,CM,NSE,STK,1979,INE269B01029,LMW,EQ,,,,,LMW LIMITED,17077.00,17318.00,17010.00,17126.00,17192.00,17077.00,,17124.49,,,1936,33217348.00,1062,F1,1,,,,,
2026-09-23,2026-09-23,CM,NSE,STK,3220,INE670K01029,LODHA,EQ,,,,,LODHA DEVELOPERS LIMITED,1143.30,1177.50,1143.00,1162.50,1162.50,1144.00,,1162.50,,,1327880,1546283283.70,28472,F1,1,,,,,
2026-09-23,2026-09-23,CM,NSE,STK,764296,INE0QJW01029,LCL,EQ,,,,,LOHIA CORP LIMITED,586.05,598.00,571.30,577.55,575.30,580.30,,577.60,,,359664,209610432.80,23349,F1,1,,,,,
2026-09-23,2026-09-23,CM,NSE,STK,13436,INE397H01017,LOKESHMACH,EQ,,,,,LOKESH MACHINES LTD,335.05,364.00,335.05,359.25,360.00,337.15,,359.25,,,76824,27359585.90,2850,F1,1,,,,,
2026-09-23,2026-09-23,CM,NSE,STK,18232,INE846D01012,LORDSCHLO,EQ,,,,,LORDS CHLORO ALKALI LTD,138.61,142.58,136.00,137.38,138.33,138.30,,137.29,,,11249,1545660.14,344,F1,1,,,,,
2026-09-23,2026-09-23,CM,NSE,STK,14924,INE740X01023,LAL,EQ,,,,,LORENZINI APPARELS LTD,8.74,8.89,8.52,8.57,8.56,8.66,,8.57,,,17230,149015.74,151,F1,1,,,,,
2026-09-23,2026-09-23,CM,NSE,STK,764768,INE026D01011,LOTUSCHO,EQ,,,,,LOTUS CHOCOLATE CO. LTD.,589.95,589.95,533.70,562.40,569.00,586.40,,561.02,,,6277,3519979.60,611,F1,1,,,,,
2026-09-23,2026-09-23,CM,NSE,STK,16807,INE947I01017,LOTUSEYE,EQ,,,,,LOTUS EYE HOSP & INST L,113.11,116.59,113.11,115.24,115.20,114.97,,115.43,,,5314,611674.41,147,F1,1,,,,,
2026-09-23,2026-09-23,CM,NSE,STK,22415,INE597L01014,LOVABLE,EQ,,,,,LOVABLE LINGERIE LTD,72.00,72.40,70.81,71.38,71.48,71.27,,71.38,,,8273,590616.93,260,F1,1,,,,,
2026-09-23,2026-09-23,CM,NSE,STK,10590,INE970D01010,LOYALTEX,EQ,,,,,LOYAL TEXTILE MILLS LTD,222.55,257.94,219.25,231.23,234.85,214.95,,231.07,,,52037,12677097.86,1475,F1,1,,,,,
2026-09-23,2026-09-23,CM,NSE,STK,13816,INE818H01020,LTFOODS,EQ,,,,,LT FOODS LIMITED,421.05,431.75,421.05,430.00,429.90,421.35,,430.00,,,440150,188573047.45,18332,F1,1,,,,,
2026-09-23,2026-09-23,CM,NSE,STK,17818,INE214T01019,LTM,EQ,,,,,LTM LIMITED,4160.00,4190.60,4057.80,4085.00,4085.00,4158.30,,4084.99,,,305311,1253844308.90,26662,F1,1,,,,,
2026-09-23,2026-09-23,CM,NSE,STK,14014,INE872H01027,LUMAXTECH,EQ,,,,,LUMAX AUTO TECH LTD,2135.00,2190.00,2040.00,2044.90,2049.00,2116.40,,2044.92,,,280450,591527589.00,33794,F1,1,,,,,
2026-09-23,2026-09-23,CM,NSE,STK,2018,INE162B01018,LUMAXIND,EQ,,,,,LUMAX INDUSTRIES LTD,5920.00,5964.00,5748.00,5788.00,5765.00,5846.00,,5787.26,,,11965,70132681.50,3462,F1,1,,,,,
2026-09-23,2026-09-23,CM,NSE,STK,765524,INE185Q01025,LUMINO,EQ,,,,,LUMINO INDUSTRIES LIMITED,109.10,111.96,106.60,109.90,109.69,108.27,,109.90,,,13801506,1509710540.53,63166,F1,1,,,,,
2026-09-23,2026-09-23,CM,NSE,STK,10440,INE326A01037,LUPIN,EQ,,,,,LUPIN LIMITED,2125.00,2125.00,2090.10,2102.80,2102.80,2135.00,,2102.80,,,648814,1363111487.80,41407,F1,1,,,,,
2026-09-23,2026-09-23,CM,NSE,STK,11301,INE150G01020,LUXIND,EQ,,,,,LUX INDUSTRIES LIMITED,1167.00,1202.00,1161.20,1186.50,1185.00,1157.50,,1186.50,,,55135,65222332.50,4083,F1,1,,,,,
2026-09-23,2026-09-23,CM,NSE,STK,7248,INE933A01014,LYKALABS,BE,,,,,LYKA LABS LTD.,85.99,87.10,85.99,87.10,87.10,86.70,,86.20,,,13706,1188624.16,58,F1,1,,,,,
2026-09-23,2026-09-23,CM,NSE,STK,758150,INE08N601015,MBEL,EQ,,,,,M AND B ENGINEERING LTD,261.70,266.60,258.10,261.00,260.75,259.25,,260.99,,,118607,31136103.80,4179,F1,1,,,,,
2026-09-23,2026-09-23,CM,NSE,STK,765120,INE227F01010,MKEXIM,EQ,,,,,M K EXIM (INDIA) LTD.,70.00,70.38,66.02,68.13,68.90,68.04,,68.62,,,8695,590792.49,165,F1,1,,,,,
2026-09-23,2026-09-23,CM,NSE,STK,16736,INE964W01021,MKPL,EQ,,,,,M K PROTEINS LIMITED,4.10,4.10,3.98,4.04,4.07,4.03,,4.04,,,45612,183861.63,242,F1,1,,,,,
2026-09-23,2026-09-23,CM,NSE,STK,22360,INE813V01022,MCL,EQ,,,,,M TEK COPPER LIMITED,57.21,63.73,56.51,60.75,60.63,56.35,,60.75,,,247844,15052953.62,3420,F1,1,,,,,
2026-09-23,2026-09-23,CM,NSE,STK,13285,INE774D01024,M&MFIN,EQ,,,,,M&M FIN. SERVICES LTD,351.85,357.00,347.85,348.60,348.20,352.40,,348.60,,,672466,236661484.40,31421,F1,1,,,,,
2026-09-23,2026-09-23,CM,NSE,STK,22976,INE0SGC01015,MVKAGRO,SM,,,,,M.V.K. AGRO FOOD PROD LTD,209.50,209.50,209.50,209.50,209.50,220.50,,209.50,,,16200,3393900.00,28,F1,300,,,,,
2026-09-23,2026-09-23,CM,NSE,STK,15017,INE215I01027,MAANALU,EQ,,,,,MAAN ALUMINIUM LIMITED,105.00,108.45,101.90,103.93,103.90,104.81,,103.93,,,177522,18551068.18,2258,F1,1,,,,,
2026-09-23,2026-09-23,CM,NSE,STK,762782,INE435D01014,MCCHRLS-B,EQ,,,,,MAC CHARLES (INDIA) LTD.,679.65,679.65,610.50,657.10,645.00,654.80,,658.68,,,3649,2360860.00,212,F1,1,,,,,
2026-09-23,2026-09-23,CM,NSE,STK,24545,INE0R0J01010,MACOBSTECH,SM,,,,,MACOBS TECHNOLOGIES LTD,202.00,202.00,202.00,202.00,202.00,193.00,,202.00,,,40000,8080000.00,2,F1,800,,,,,
2026-09-23,2026-09-23,CM,NSE,STK,22347,INE155Z01011,MACPOWER,EQ,,,,,MACPOWER CNC MACHINES LTD,2139.00,2141.90,2030.60,2059.50,2077.00,2096.50,,2059.50,,,43775,90987327.00,5886,F1,1,,,,,
2026-09-23,2026-09-23,CM,NSE,STK,762767,INE631R01026,MADHAVIPL,EQ,,,,,MADHAV INFRA PROJECTS L,7.65,7.78,7.50,7.67,7.74,7.39,,7.70,,,56608,432595.55,248,F1,1,,,,,
2026-09-23,2026-09-23,CM,NSE,STK,15151,INE925C01016,MADHAV,EQ,,,,,MADHAV MARBLE & GRANITE,36.40,36.40,34.17,34.57,34.50,34.46,,34.57,,,2394,82818.40,48,F1,1,,,,,
2026-09-23,2026-09-23,CM,NSE,STK,13671,INE378D01032,MADHUCON,EQ,,,,,MADHUCON PROJECTS LTD.,4.15,4.20,4.05,4.14,4.09,4.07,,4.14,,,13373,55681.60,48,F1,1,,,,,
2026-09-23,2026-09-23,CM,NSE,STK,765476,INE1P5601010,MADHURKNIT,SM,,,,,MADHUR KNIT CRAFTS LTD,44.50,47.90,43.35,45.55,45.00,47.35,,45.55,,,165600,7563120.00,70,F1,1200,,,,,
2026-09-23,2026-09-23,CM,NSE,STK,18738,INE0P6701019,MADHUSUDAN,ST,,,,,MADHUSUDAN MASALA LIMITED,226.15,226.15,225.50,225.55,225.55,229.30,,225.55,,,11000,2483850.00,11,F1,1000,,,,,
2026-09-23,2026-09-23,CM,NSE,STK,12686,INE900L01028,MBAPL,EQ,,,,,MADHYA BHARAT AGRO P. LTD,169.00,170.50,165.09,167.51,167.10,165.68,,167.51,,,806244,135744761.02,8158,F1,1,,,,,
2026-09-23,2026-09-23,CM,NSE,STK,4911,INE414A01015,MADRASFERT,EQ,,,,,MADRAS FERTILISERS LTD,61.35,62.49,60.00,61.47,61.42,61.35,,61.48,,,49965,3078597.24,1062,F1,1,,,,,
2026-09-23,2026-09-23,CM,NSE,STK,762772,INE270B01035,MAFATIND,EQ,,,,,MAFATLAL INDUSTRIES LTD.,120.80,121.85,120.08,121.05,120.80,120.32,,120.96,,,24203,2925039.40,510,F1,1,,,,,
2026-09-23,2026-09-23,CM,NSE,STK,21392,INE347W01011,MAGADSUGAR,EQ,,,,,MAGADH SUGAR & ENERGY LTD,500.00,518.00,500.00,509.20,512.00,500.75,,509.58,,,16374,8378135.10,1555,F1,1,,,,,
2026-09-23,2026-09-23,CM,NSE,STK,29482,INE613C01026,MCLOUD,EQ,,,,,MAGELLANIC CLOUD LIMITED,25.80,25.80,25.00,25.41,25.42,25.18,,25.41,,,930478,23585444.72,2916,F1,1,,,,,
2026-09-23,2026-09-23,CM,NSE,STK,14957,INE387I01016,MAGNUM,EQ,,,,,MAGNUM VENTURES LTD.,19.21,19.29,18.55,19.00,19.03,19.02,,19.00,,,21394,406547.40,153,F1,1,,,,,
2026-09-23,2026-09-23,CM,NSE,STK,17088,INE0O1S01012,MAGSON,SM,,,,,MAGSON RETAIL AND DIST L,180.00,184.00,177.05,180.00,180.00,180.00,,180.00,,,296000,53291050.00,108,F1,1000,,,,,
2026-09-23,2026-09-23,CM,NSE,STK,5239,INE843B01013,MAHAPEXLTD,EQ,,,,,MAHA RASHTRA APEX COPR. L,53.35,54.98,52.67,53.00,53.00,53.79,,53.20,,,9557,510355.85,124,F1,1,,,,,
2026-09-23,2026-09-23,CM,NSE,STK,24937,INE0US801024,MFML,EQ,,,,,MAHALAXMI FABRIC MILLS LT,19.00,19.87,18.00,18.22,18.79,19.26,,18.23,,,22464,413625.08,218,F1,1,,,,,
2026-09-23,2026-09-23,CM,NSE,STK,7889,INE112D01035,MHLXMIRU,BE,,,,,MAHALAXMI RUBTECH LIMITED,164.00,168.00,155.10,156.97,159.90,163.26,,156.98,,,19609,3120456.16,168,F1,1,,,,,
2026-09-23,2026-09-23,CM,NSE,STK,17531,INE451L01014,MAHASTEEL,BE,,,,,MAHAMAYA STEEL INDS LTD,1100.90,1156.80,1065.30,1156.80,1156.80,1101.80,,1156.95,,,4078,4578547.20,361,F1,1,,,,,
2026-09-23,2026-09-23,CM,NSE,STK,17534,INE002S01010,MGL,EQ,,,,,MAHANAGAR GAS LTD.,1068.00,1112.00,1068.00,1092.80,1095.00,1067.30,,1092.76,,,289762,318304410.50,27195,F1,1,,,,,
2026-09-23,2026-09-23,CM,NSE,STK,2294,INE153A01019,MTNL,EQ,,,,,MAHANAGAR TELEPHONE NIGAM,23.89,24.63,23.76,24.36,24.39,23.67,,24.36,,,828289,20092491.12,3569,F1,1,,,,,
2026-09-23,2026-09-23,CM,NSE,STK,2085,INE288A01013,MAHSCOOTER,EQ,,,,,MAHARASHTRA SCOOTERS LTD,13313.00,13485.00,13200.00,13269.00,13200.00,13313.00,,13269.47,,,2712,35996599.00,705,F1,1,,,,,
2026-09-23,2026-09-23,CM,NSE,STK,2088,INE271B01025,MAHSEAMLES,EQ,,,,,MAHARASHTRA SEAMLESS LTD,700.00,729.35,696.65,702.75,703.15,697.35,,702.76,,,439951,311264773.60,19092,F1,1,,,,,
2026-09-23,2026-09-23,CM,NSE,STK,758688,INE632Q01018,MRIL,ST,,,,,MAHENDRA REALTO & INFRA L,76.05,82.00,75.95,80.85,76.05,79.90,,80.85,,,43200,3375040.00,24,F1,1600,,,,,
2026-09-23,2026-09-23,CM,NSE,STK,9576,INE263W01010,MAHESHWARI,EQ,,,,,MAHESHWARI LOGISTICS LTD.,71.70,73.00,71.70,72.83,72.80,71.53,,72.83,,,6431,466867.47,78,F1,1,,,,,
2026-09-23,2026-09-23,CM,NSE,STK,2839,INE961Y01015,MAHICKRA,SM,,,,,MAHICKRA CHEMICAL LIMITED,301.00,301.00,297.00,297.00,297.00,314.50,,297.00,,,2250,671325.00,3,F1,750,,,,,
2026-09-23,2026-09-23,CM,NSE,STK,2031,INE101A01026,M&M,EQ,,,,,MAHINDRA & MAHINDRA LTD,3048.40,3052.00,3022.40,3035.00,3035.00,3044.50,,3035.00,,,2600352,7895250420.50,101519,F1,1,,,,,
2026-09-23,2026-09-23,CM,NSE,STK,17603,INE215D01010,MAHEPC,EQ,,,,,MAHINDRA EPC IRRIG LTD,99.00,101.98,98.00,100.45,100.75,98.75,,100.41,,,18962,1898246.04,648,F1,1,,,,,
2026-09-23,2026-09-23,CM,NSE,STK,17333,INE998I01010,MHRIL,EQ,,,,,MAHINDRA HOLIDAYS LTD,198.90,204.89,198.90,201.39,202.15,199.07,,201.41,,,137743,27835352.53,3314,F1,1,,,,,
2026-09-23,2026-09-23,CM,NSE,STK,8050,INE813A01018,MAHLIFE,EQ,,,,,MAHINDRA LIFESPACE DEVLTD,358.10,361.65,352.15,356.60,356.55,359.05,,356.59,,,86955,30939218.15,8705,F1,1,,,,,
2026-09-23,2026-09-23,CM,NSE,STK,385,INE766P01016,MAHLOG,EQ,,,,,MAHINDRA LOGISTIC LIMITED,401.90,425.00,400.15,416.55,417.75,400.30,,416.65,,,418086,174124687.15,14582,F1,1,,,,,
2026-09-23,2026-09-23,CM,NSE,STK,24538,INE683C01011,MAITHANALL,EQ,,,,,MAITHAN ALLOYS LTD,1000.40,1020.85,995.05,1009.90,1009.00,994.95,,1010.00,,,111790,112687190.35,5450,F1,1,,,,,
2026-09-23,2026-09-23,CM,NSE,STK,19809,INE0PLQ01011,MAITREYA,SM,,,,,MAITREYA MEDICARE LIMITED,113.15,116.60,110.60,116.60,116.60,112.60,,116.60,,,2000,226660.00,3,F1,400,,,,,
2026-09-23,2026-09-23,CM,NSE,STK,762780,INE201B01022,MAJESAUT,BE,,,,,MAJESTIC AUTO LTD.,365.00,373.30,365.00,371.50,372.80,362.25,,371.50,,,1683,621254.50,92,F1,1,,,,,
2026-09-23,2026-09-23,CM,NSE,STK,764773,INE987A01010,MAKERSL,EQ,,,,,MAKERS LABORATORIES LTD.,182.00,187.89,180.10,182.88,182.89,181.26,,183.25,,,1736,316936.65,40,F1,1,,,,,
2026-09-23,2026-09-23,CM,NSE,STK,7965,INE389C01015,MALLCOM,EQ,,,,,MALLCOM (INDIA) LIMITED,951.40,980.00,950.50,975.35,970.10,951.70,,975.28,,,3973,3835230.70,407,F1,1,,,,,
2026-09-23,2026-09-23,CM,NSE,STK,13352,INE383H01017,MALUPAPER,EQ,,,,,MALU PAPER MILLS LIMITED,32.15,32.48,31.90,31.99,31.96,31.98,,31.99,,,9660,309764.20,224,F1,1,,,,,
2026-09-23,2026-09-23,CM,NSE,STK,28687,INE0TO701015,MAMATA,EQ,,,,,MAMATA MACHINERY LIMITED,403.55,427.00,403.55,423.35,422.85,403.55,,423.33,,,178742,75309307.00,6929,F1,1,,,,,
2026-09-23,2026-09-23,CM,NSE,STK,7413,INE830Q01018,MANAKCOAT,EQ,,,,,MAN COAT METAL & IND LTD,132.50,134.99,131.01,131.99,131.10,132.67,,131.96,,,181350,24101455.05,2871,F1,1,,,,,
2026-09-23,2026-09-23,CM,NSE,STK,11884,INE993A01026,MANINDS,EQ,,,,,MAN INDUSTRIES (I) LTD.,875.00,1005.00,866.25,986.70,1000.30,849.90,,986.80,,,10691371,10186758471.70,314119,F1,1,,,,,
2026-09-23,2026-09-23,CM,NSE,STK,18226,INE949H01023,MANINFRA,EQ,,,,,MAN INFRA LTD,123.90,125.47,122.90,124.75,125.00,124.04,,124.76,,,1822660,227041849.03,9400,F1,1,,,,,
2026-09-23,2026-09-23,CM,NSE,STK,7420,INE859Q01017,MANAKALUCO,EQ,,,,,MANAK ALUMINIUM CO. LTD.,35.99,36.39,35.31,35.96,36.00,35.36,,35.96,,,42954,1545735.41,430,F1,1,,,,,
2026-09-23,2026-09-23,CM,NSE,STK,15199,INE015D01022,MANAKSIA,EQ,,,,,MANAKSIA LTD.,65.34,67.90,64.51,66.80,67.40,65.34,,66.80,,,71359,4754339.03,811,F1,1,,,,,
2026-09-23,2026-09-23,CM,NSE,STK,7482,INE824Q01011,MANAKSTEEL,BE,,,,,MANAKSIA STEELS LTD,105.11,108.98,105.10,106.62,106.55,107.25,,106.62,,,17828,1894392.74,148,F1,1,,,,,
2026-09-23,2026-09-23,CM,NSE,STK,13796,INE201A01024,MANALIPETC,EQ,,,,,MANALI PETROCHEMICALS LT,85.69,88.80,84.94,87.69,87.61,84.87,,87.69,,,2077751,181853758.38,14013,F1,1,,,,,
2026-09-23,2026-09-23,CM,NSE,STK,19061,INE522D01027,MANAPPURAM,EQ,,,,,MANAPPURAM FINANCE LTD,320.00,323.00,317.50,320.40,320.40,319.30,,320.40,,,3801599,1217635397.40,48118,F1,1,,,,,
2026-09-23,2026-09-23,CM,NSE,STK,759351,INE0U4H01011,MPEL,SM,,,,,MANAS POLYMER N ENERGIE L,21.50,23.10,20.90,23.10,23.10,22.00,,23.10,,,32000,697840.00,17,F1,1600,,,,,
2026-09-23,2026-09-23,CM,NSE,STK,25597,INE939X01013,MANBA,EQ,,,,,MANBA FINANCE LIMITED,139.48,151.00,137.03,139.19,139.00,136.41,,139.19,,,789795,112634412.41,11060,F1,1,,,,,
2026-09-23,2026-09-23,CM,NSE,STK,23779,INE0R3T01013,MANDEEP,SM,,,,,MANDEEP AUTO INDUSTRIES L,18.40,18.40,18.40,18.40,18.40,18.35,,18.40,,,4000,73600.00,2,F1,2000,,,,,
2026-09-23,2026-09-23,CM,NSE,STK,24823,INE545L01039,MANCREDIT,EQ,,,,,MANGAL CREDIT N FINCORP L,219.30,227.48,219.30,225.17,224.00,222.53,,225.18,,,143066,32326589.21,1594,F1,1,,,,,
2026-09-23,2026-09-23,CM,NSE,STK,758748,INE0PKD01011,MEIL,EQ,,,,,MANGAL ELECTRICAL IND L,274.45,284.00,266.00,274.25,276.00,271.75,,274.31,,,56811,15710471.90,2050,F1,1,,,,,
2026-09-23,2026-09-23,CM,NSE,STK,19137,INE00C401011,MAL,ST,,,,,MANGALAM ALLOYS LIMITED,42.25,43.55,42.25,43.55,43.55,42.55,,43.55,,,9600,410800.00,6,F1,1600,,,,,
2026-09-23,2026-09-23,CM,NSE,STK,2106,INE347A01017,MANGLMCEM,EQ,,,,,MANGALAM CEMENT LTD,1014.60,1052.40,1014.60,1033.30,1039.00,1006.30,,1033.12,,,69168,71799015.20,3263,F1,1,,,,,
2026-09-23,2026-09-23,CM,NSE,STK,11817,INE584F01014,MANGALAM,EQ,,,,,MANGALAM DRUG & CHEM LTD,32.95,34.30,32.06,32.32,32.20,32.24,,32.32,,,39080,1284832.08,405,F1,1,,,,,
2026-09-23,2026-09-23,CM,NSE,STK,1593,INE0APB01032,MGEL,EQ,,,,,MANGALAM GLOBAL ENT LTD,15.41,15.76,15.33,15.49,15.49,15.52,,15.49,,,2068588,32040811.66,635,F1,1,,,,,
2026-09-23,2026-09-23,CM,NSE,STK,6422,INE370D01013,MANORG,EQ,,,,,MANGALAM ORGANICS LIMITED,457.40,460.00,456.00,458.15,460.00,459.50,,458.19,,,1281,586529.05,116,F1,1,,,,,
2026-09-23,2026-09-23,CM,NSE,STK,764783,INE829S01016,MSL,EQ,,,,,MANGALAM SEEDS LTD.,137.00,143.00,131.30,136.00,136.00,138.00,,137.10,,,633,86310.00,30,F1,1,,,,,
2026-09-23,2026-09-23,CM,NSE,STK,759169,INE0JYY01029,MWL,EQ,,,,,MANGALAM WORLDWIDE LTD,42.40,45.00,41.58,44.63,44.31,42.03,,44.66,,,3370765,149326398.26,11859,F1,1,,,,,
2026-09-23,2026-09-23,CM,NSE,STK,24629,INE0R3101011,MIEL,SM,,,,,MANGLAM INFRA & ENG LTD,12.30,12.30,12.30,12.30,12.30,12.30,,12.30,,,2000,24600.00,1,F1,2000,,,,,
2026-09-23,2026-09-23,CM,NSE,STK,766140,INE0KWF01020,MANIKA,BE,,,,,MANIKA PLASTECH LIMITED,40.20,42.97,39.71,42.58,42.70,41.79,,42.58,,,2991728,124405298.69,6716,F1,1,,,,,
2026-09-23,2026-09-23,CM,NSE,STK,760174,INE1ERK01013,MANILAM,SM,,,,,MANILAM INDUSTRIES IND L,40.00,40.00,39.00,39.00,39.00,40.00,,39.00,,,12000,470100.00,5,F1,2000,,,,,
2026-09-23,2026-09-23,CM,NSE,STK,764357,INE459N01021,MANIPALHOS,EQ,,,,,MANIPAL HEALTH ENTERPRI L,751.70,767.00,746.00,760.95,760.60,746.10,,760.96,,,1201772,909685943.00,34868,F1,1,,,,,
2026-09-23,2026-09-23,CM,NSE,STK,766051,INE241U01028,MPIMANIPAL,EQ,,,,,MANIPAL PAYMENT & IDE S L,338.65,406.30,338.05,372.60,371.95,338.60,,372.62,,,8835559,3369123833.35,142988,F1,1,,,,,
2026-09-23,2026-09-23,CM,NSE,STK,15380,INE634S01028,MANKIND,EQ,,,,,MANKIND PHARMA LIMITED,2475.10,2493.00,2458.10,2465.00,2465.00,2480.00,,2465.00,,,352575,871447766.80,25765,F1,1,,,,,
2026-09-23,2026-09-23,CM,NSE,STK,19015,INE0KNT01012,MVGJL,EQ,,,,,MANOJ VAIBHAV GEM N JEW L,213.26,225.00,212.40,221.29,221.50,213.26,,221.28,,,764238,167356800.74,16638,F1,1,,,,,
2026-09-23,2026-09-23,CM,NSE,STK,13753,INE784W01015,MANOMAY,EQ,,,,,MANOMAY TEX INDIA LTD,229.95,229.95,221.43,224.48,223.30,227.35,,224.46,,,146401,33049134.69,5608,F1,1,,,,,
2026-09-23,2026-09-23,CM,NSE,STK,10227,INE00VM01036,MANORAMA,EQ,,,,,MANORAMA INDUSTRIES LTD,1925.30,1955.00,1914.30,1929.40,1920.10,1911.00,,1929.36,,,141711,274159050.50,23747,F1,1,,,,,
2026-09-23,2026-09-23,CM,NSE,STK,13572,INE867A01022,MANUGRAPH,EQ,,,,,MANUGRAPH INDIA LIMITED,20.99,24.26,20.99,23.52,23.20,20.22,,23.52,,,1740711,41339289.58,4082,F1,1,,,,,
2026-09-23,2026-09-23,CM,NSE,STK,2112,INE882A01013,MARALOVER,EQ,,,,,MARAL OVERSEAS LTD,62.50,62.50,60.30,61.11,61.25,61.11,,61.25,,,10749,663673.31,153,F1,1,,,,,
2026-09-23,2026-09-23,CM,NSE,STK,18659,INE182D01020,MARATHON,EQ,,,,,MARATHON NXTGEN REALT LTD,416.00,422.20,416.00,419.40,418.75,417.80,,419.39,,,23856,10013855.05,1471,F1,1,,,,,
2026-09-23,2026-09-23,CM,NSE,STK,760456,INE0TD401015,MARC,ST,,,,,MARC TECHNOCRATS LIMITED,156.95,156.95,148.05,148.05,148.05,150.45,,148.05,,,4800,732000.00,3,F1,1200,,,,,
2026-09-23,2026-09-23,CM,NSE,STK,18773,INE0QP001012,MARCO,SM,,,,,MARCO CABLE & CONDUCTOR L,28.00,29.35,28.00,29.35,29.35,28.50,,29.35,,,9000,261525.00,6,F1,1500,,,,,
2026-09-23,2026-09-23,CM,NSE,STK,4067,INE196A01026,MARICO,EQ,,,,,MARICO LIMITED,830.50,833.20,828.00,832.30,832.30,830.00,,832.30,,,836702,695162409.45,37543,F1,1,,,,,
2026-09-23,2026-09-23,CM,NSE,STK,1328,INE01JE01028,MARINE,EQ,,,,,MARINE ELECTRICAL (I) LTD,404.00,446.90,382.55,425.80,428.50,411.45,,425.80,,,19063839,7788053856.60,186671,F1,1,,,,,
2026-09-23,2026-09-23,CM,NSE,STK,760204,INE0FW001016,MARKOLINES,EQ,,,,,MARKOLINES PAVEMENT TEC L,169.50,171.85,169.27,169.90,169.55,169.24,,169.88,,,92158,15731764.17,715,F1,1,,,,,
2026-09-23,2026-09-23,CM,NSE,STK,10579,INE750C01026,MARKSANS,EQ,,,,,MARKSANS PHARMA LIMITED,332.95,348.95,331.00,347.60,347.15,332.95,,347.60,,,3317178,1134954568.40,58912,F1,1,,,,,
2026-09-23,2026-09-23,CM,NSE,STK,761386,INE415B01044,MARSONS,EQ,,,,,MARSONS LIMITED,128.70,132.10,127.10,128.05,128.52,127.88,,128.04,,,906853,117266334.53,9263,F1,1,,,,,
2026-09-23,2026-09-23,CM,NSE,STK,761042,INE0X7G01013,MARUSHIKA,SM,,,,,MARUSHIKA TECHNOLOGY LTD,116.00,117.00,115.00,116.65,115.00,115.00,,116.65,,,14400,1680000.00,4,F1,1200,,,,,
2026-09-23,2026-09-23,CM,NSE,STK,10999,INE585B01010,MARUTI,EQ,,,,,MARUTI SUZUKI INDIA LTD.,12240.00,12255.00,12106.00,12230.00,12230.00,12190.00,,12229.81,,,220483,2687914221.00,34559,F1,1,,,,,
2026-09-23,2026-09-23,CM,NSE,STK,199,INE348L01012,MASFIN,EQ,,,,,MAS FINANCIAL SERV LTD,289.50,290.05,283.10,284.50,284.90,289.35,,284.51,,,188916,53857527.10,6623,F1,1,,,,,
2026-09-23,2026-09-23,CM,NSE,STK,18727,INE885F01015,MASKINVEST,EQ,,,,,MASK INVESTMENTS LIMITED,148.00,148.00,137.22,146.67,137.22,144.31,,146.67,,,23,3382.74,8,F1,1,,,,,
2026-09-23,2026-09-23,CM,NSE,STK,24278,INE0SH001010,MASON,SM,,,,,MASON INFRATECH LIMITED,111.00,111.15,109.00,111.00,111.00,110.75,,111.00,,,18000,1989850.00,23,F1,500,,,,,
2026-09-23,2026-09-23,CM,NSE,STK,2124,INE759A01021,MASTEK,EQ,,,,,MASTEK LTD,1573.00,1585.00,1557.00,1573.30,1575.10,1567.90,,1573.26,,,54954,86188763.90,6117,F1,1,,,,,
2026-09-23,2026-09-23,CM,NSE,STK,27047,INE677D01037,MASTERTR,EQ,,,,,MASTER TRUST LIMITED,86.46,88.94,86.46,88.14,88.00,86.46,,88.13,,,128635,11312338.04,1346,F1,1,,,,,
2026-09-23,2026-09-23,CM,NSE,STK,21726,INE866R01028,MATRIMONY,EQ,,,,,MATRIMONY.COM LIMITED,555.00,555.00,535.10,544.95,544.00,550.75,,544.95,,,15296,8320949.25,969,F1,1,,,,,
2026-09-23,2026-09-23,CM,NSE,STK,759945,INE132901013,MGSL,SM,,,,,MATRIX GEO SOLUTIONS LTD,70.00,72.00,66.30,69.45,66.30,68.95,,69.45,,,9600,674100.00,7,F1,1200,,,,,
2026-09-23,2026-09-23,CM,NSE,STK,17022,INE636A01039,MAWANASUG,EQ,,,,,MAWANA SUGARS LIMITED,132.53,137.66,131.33,133.07,133.51,131.43,,133.06,,,134159,18031170.32,2832,F1,1,,,,,
2026-09-23,2026-09-23,CM,NSE,STK,19646,INE03EI01018,MAXESTATES,EQ,,,,,MAX ESTATES LIMITED,597.00,605.75,593.00,603.20,602.00,595.05,,603.17,,,56043,33650116.75,3128,F1,1,,,,,
2026-09-23,2026-09-23,CM,NSE,STK,2142,INE180A01020,MFSL,EQ,,,,,MAX FINANCIAL SERV LTD,1562.40,1563.50,1548.10,1562.90,1562.90,1554.20,,1562.90,,,324133,504908081.40,17491,F1,1,,,,,
2026-09-23,2026-09-23,CM,NSE,STK,22377,INE027H01010,MAXHEALTH,EQ,,,,,MAX HEALTHCARE INS LTD,1056.50,1067.30,1053.20,1059.90,1059.90,1056.50,,1059.86,,,1122755,1190505746.40,30582,F1,1,,,,,
2026-09-23,2026-09-23,CM,NSE,STK,22428,INE0CG601016,MAXIND,EQ,,,,,MAX INDIA LIMITED,151.86,152.94,148.53,149.82,149.16,151.86,,149.82,,,28760,4319468.07,652,F1,1,,,,,
2026-09-23,2026-09-23,CM,NSE,STK,21691,INE0ECC01022,MAXPOSURE,SM,,,,,MAXPOSURE LIMITED,39.00,39.00,37.00,37.05,37.05,39.00,,37.05,,,6000,227350.00,6,F1,1000,,,,,
2026-09-23,2026-09-23,CM,NSE,STK,29645,INE10A501018,MAXVOLT,SM,,,,,MAXVOLT ENERGY INDUS L,397.70,411.85,397.70,411.85,411.85,392.25,,411.85,,,67200,27480020.00,141,F1,400,,,,,
2026-09-23,2026-09-23,CM,NSE,STK,757587,INE0ZTO01018,MAYASHEEL,SM,,,,,MAYASHEEL VENTURES LTD,39.80,39.80,33.40,34.50,34.50,35.35,,34.50,,,18000,635100.00,6,F1,3000,,,,,
2026-09-23,2026-09-23,CM,NSE,STK,28906,INE040D01038,MAYURUNIQ,EQ,,,,,MAYUR UNIQUOTERS LTD,730.45,734.10,711.40,722.90,722.00,726.15,,722.91,,,95827,69202809.70,5634,F1,1,,,,,
2026-09-23,2026-09-23,CM,NSE,STK,509,INE249Z01020,MAZDOCK,EQ,,,,,MAZAGON DOCK SHIPBUIL LTD,2210.60,2225.00,2203.50,2211.50,2211.50,2204.00,,2211.57,,,373859,827133402.20,18409,F1,1,,,,,
2026-09-23,2026-09-23,CM,NSE,STK,18870,INE885E01042,MAZDA,BE,,,,,MAZDA LIMITED,243.90,254.85,243.90,254.85,254.85,242.75,,254.85,,,153749,38950685.20,316,F1,1,,,,,
2026-09-23,2026-09-23,CM,NSE,STK,18029,INE912H01013,MBLINFRA,EQ,,,,,MBL INFRASTRUCTURE LTD,22.20,22.49,21.31,21.72,21.78,21.76,,21.72,,,58613,1276784.64,418,F1,1,,,,,
2026-09-23,2026-09-23,CM,NSE,STK,11943,INE942G01012,MCLEODRUSS,EQ,,,,,MCLEOD RUSSEL INDIA LTD.,45.69,47.20,44.96,47.20,47.20,44.96,,47.21,,,128566,5916206.22,735,F1,1,,,,,
2026-09-23,2026-09-23,CM,NSE,STK,13687,INE748A01024,MBECL,BE,,,,,MCNALLY BHARAT ENGIN CO L,438.69,438.69,438.69,438.69,438.69,430.09,,438.69,,,2485,1090144.65,62,F1,1,,,,,
2026-09-23,2026-09-23,CM,NSE,STK,21705,INE456Z01021,MEDIASSIST,EQ,,,,,MEDI ASSIST HEALTH SER L,331.25,337.40,324.50,334.60,334.00,328.60,,334.62,,,516290,169064389.85,9642,F1,1,,,,,
2026-09-23,2026-09-23,CM,NSE,STK,765113,INE442D01010,MEDICAPQ,BE,,,,,MEDI CAPS LTD.,25.34,25.34,24.36,25.09,25.09,25.34,,25.14,,,1800,44825.80,25,F1,1,,,,,
2026-09-23,2026-09-23,CM,NSE,STK,762802,INE200D01020,MMWL,EQ,,,,,MEDIA MATRIX WORLDWIDE L,13.35,13.85,13.28,13.70,13.71,13.29,,13.66,,,35980,486666.68,127,F1,1,,,,,
2026-09-23,2026-09-23,CM,NSE,STK,6281,INE646B01010,MEDICAMEQ,BE,,,,,MEDICAMEN BIOTECH LIMITED,320.95,327.40,315.40,319.95,320.00,319.50,,320.05,,,9512,3067215.30,169,F1,1,,,,,
2026-09-23,2026-09-23,CM,NSE,STK,24239,INE0PE401018,MEDIORG,SM,,,,,MEDICAMEN ORGANICS LTD,23.00,23.00,23.00,23.00,23.00,22.00,,23.00,,,2000,46000.00,1,F1,2000,,,,,
2026-09-23,2026-09-23,CM,NSE,STK,9667,INE630Y01024,MEDICO,EQ,,,,,MEDICO REMEDIES LIMITED,34.15,34.74,31.82,32.65,32.50,33.96,,32.65,,,586464,19272301.19,4274,F1,1,,,,,
2026-09-23,2026-09-23,CM,NSE,STK,758423,INE0UOY01019,MEDISTEP,SM,,,,,MEDISTEP HEALTHCARE LTD,19.00,19.00,18.30,18.30,18.30,19.50,,18.30,,,15000,282900.00,5,F1,3000,,,,,
2026-09-23,2026-09-23,CM,NSE,STK,7254,INE804L01022,MEDPLUS,EQ,,,,,MEDPLUS HEALTH SERV LTD,659.30,677.25,655.20,662.00,662.00,655.55,,661.96,,,113333,75557306.95,9757,F1,1,,,,,
2026-09-23,2026-09-23,CM,NSE,STK,760229,INE0VDM01015,MEESHO,EQ,,,,,MEESHO LIMITED,243.00,244.37,230.94,236.37,237.00,240.19,,236.37,,,29256339,6905214550.36,209262,F1,1,,,,,
2026-09-23,2026-09-23,CM,NSE,STK,8153,INE00EM01016,MEGASTAR,EQ,,,,,MEGASTAR FOODS LIMITED,265.65,281.90,265.65,277.60,278.40,276.10,,278.63,,,1586,441343.90,132,F1,1,,,,,
2026-09-23,2026-09-23,CM,NSE,STK,22560,INE531R01010,MEGATHERM,SM,,,,,MEGATHERM INDUCTION LTD,254.45,266.00,246.00,263.05,262.05,259.90,,263.05,,,26800,6857400.00,58,F1,400,,,,,
2026-09-23,2026-09-23,CM,NSE,STK,5394,INE0CT101020,MOL,EQ,,,,,MEGHMANI ORGANICS LIMITED,61.53,62.45,61.31,61.63,61.61,61.45,,61.63,,,430151,26577135.47,3574,F1,1,,,,,
2026-09-23,2026-09-23,CM,NSE,STK,764778,INE898Q01015,MIIL,EQ,,,,,MEGHNA INFRACON INFRA L,716.75,717.80,686.50,698.10,700.00,710.45,,698.05,,,118649,83283398.25,2580,F1,1,,,,,
2026-09-23,2026-09-23,CM,NSE,STK,6971,INE071D01033,MENONBE,BE,,,,,MENON BEARINGS LIMITED,308.80,310.90,293.70,301.25,300.00,306.70,,301.24,,,43163,13110394.40,592,F1,1,,,,,
2026-09-23,2026-09-23,CM,NSE,STK,762790,INE650G01029,MENNPIS,BE,,,,,MENON PISTONS LTD.,74.18,74.25,72.85,73.99,74.10,73.35,,73.97,,,18142,1335074.72,128,F1,1,,,,,
2026-09-23,2026-09-23,CM,NSE,STK,25882,INE776I01010,MEP,BZ,,,,,MEP INFRA. DEVELOPERS LTD,0.64,0.64,0.64,0.64,0.64,0.63,,0.66,,,19912,12743.68,10,F1,1,,,,,
2026-09-23,2026-09-23,CM,NSE,STK,762792,INE689O01013,MERCANTILE,EQ,,,,,MERCANTILE VENTURES LTD.,21.90,24.50,21.90,22.01,22.00,22.10,,22.01,,,8946,199156.11,81,F1,1,,,,,
2026-09-23,2026-09-23,CM,NSE,STK,763663,INE763M01028,MERCURYEV,EQ,,,,,MERCURY EV-TECH LIMITED,40.22,40.24,38.01,38.72,38.84,39.93,,38.73,,,664358,26215863.43,2864,F1,1,,,,,
2026-09-23,2026-09-23,CM,NSE,STK,764278,INE1II801013,METALIC,ST,,,,,METALIC TECHNOFORGE LTD,163.00,163.55,161.10,163.55,163.55,155.80,,163.55,,,44800,7309760.00,27,F1,1600,,,,,
2026-09-23,2026-09-23,CM,NSE,STK,7242,INE317I01021,METROBRAND,EQ,,,,,METRO BRANDS LIMITED,920.00,920.80,906.00,911.10,907.35,920.30,,911.94,,,27326,24943288.05,5719,F1,1,,,,,
2026-09-23,2026-09-23,CM,NSE,STK,762797,INE085D01033,METROGLOBL,EQ,,,,,METROGLOBAL LTD.,129.07,132.90,129.07,130.38,130.37,132.97,,130.38,,,247,32447.35,16,F1,1,,,,,
2026-09-23,2026-09-23,CM,NSE,STK,9581,INE112L01020,METROPOLIS,EQ,,,,,METROPOLIS HEALTHCARE LTD,591.30,595.45,581.00,585.50,585.00,592.40,,585.50,,,218722,128232061.75,14186,F1,1,,,,,
2026-09-23,2026-09-23,CM,NSE,STK,7165,INE287C01037,MICEL,BE,,,,,MIC ELECTRONICS LTD,34.71,34.71,34.71,34.71,34.71,34.03,,34.85,,,30107,1045013.97,81,F1,1,,,,,
2026-09-23,2026-09-23,CM,NSE,STK,759517,INE0XAD01024,MIDWESTLTD,EQ,,,,,MIDWEST LIMITED,1020.00,1085.00,982.80,993.40,999.00,1018.30,,993.42,,,29595,29716779.10,3035,F1,1,,,,,
2026-09-23,2026-09-23,CM,NSE,STK,765125,INE588G01021,MLKFOOD,EQ,,,,,MILKFOOD LTD.,83.50,87.00,82.00,82.88,82.49,82.45,,82.96,,,2130,177049.64,95,F1,1,,,,,
2026-09-23,2026-09-23,CM,NSE,STK,765272,INE00IT01020,MILKYMIST,EQ,,,,,MILKY MIST DAIRY FOOD L,307.00,317.25,306.15,317.25,317.25,302.15,,317.27,,,4163501,1314268870.61,20627,F1,1,,,,,
2026-09-23,2026-09-23,CM,NSE,STK,765118,INE097E01028,MINALIND,BE,,,,,MINAL INDUSTRIES LTD.,4.86,4.86,4.86,4.86,4.86,4.95,,4.87,,,7003,34034.58,45,F1,1,,,,,
2026-09-23,2026-09-23,CM,NSE,STK,25897,INE842C01021,MINDACORP,EQ,,,,,MINDA CORPORATION LTD,687.05,695.55,682.80,689.05,686.90,685.40,,689.05,,,152854,105474125.80,11419,F1,1,,,,,
2026-09-23,2026-09-23,CM,NSE,STK,22308,INE0CCU25019,MINDSPACE,RR,,,,,MINDSPACE BUSINESS P REIT,506.40,507.00,501.50,502.25,502.41,504.76,,502.26,,,2321405,1172199425.61,10673,F1,1,,,,,
2026-09-23,2026-09-23,CM,NSE,STK,18049,INE110B01017,MINDTECK,EQ,,,,,MINDTECK (INDIA) LIMITED,160.40,161.60,158.11,159.65,159.15,157.94,,159.65,,,14739,2359353.89,795,F1,1,,,,,
2026-09-23,2026-09-23,CM,NSE,STK,19640,INF769K01KU7,ALPHAETF,EQ,,,,,MIRAEAMC - ALPHAETF,26.42,26.52,26.22,26.50,26.52,26.13,,26.50,,,140875,3724783.32,490,F1,1,,,,,
2026-09-23,2026-09-23,CM,NSE,STK,17419,INF769K01KR3,BANKETF,EQ,,,,,MIRAEAMC - BANKETF,574.91,578.08,574.13,576.92,576.11,573.85,,576.72,,,56995,32838745.54,1745,F1,1,,,,,
2026-09-23,2026-09-23,CM,NSE,STK,25725,INF769K01LZ4,BANKPSU,EQ,,,,,MIRAEAMC - BANKPSU,83.59,84.45,83.59,84.16,84.14,83.55,,84.16,,,10850,913929.54,59,F1,1,,,,,
2026-09-23,2026-09-23,CM,NSE,STK,28969,INF769K01NS5,CONSUMER,EQ,,,,,MIRAEAMC - CONSUMER,12.37,12.37,11.83,11.91,11.88,11.84,,11.91,,,116323,1384220.23,244,F1,1,,,,,
2026-09-23,2026-09-23,CM,NSE,STK,761046,INF769K01QC2,DEFENCE,EQ,,,,,MIRAEAMC - DEFENCE,79.51,79.57,78.87,79.10,79.10,79.24,,79.10,,,188347,14897780.73,714,F1,1,,,,,
2026-09-23,2026-09-23,CM,NSE,STK,760412,INF769K01PY8,DIVIDEND,EQ,,,,,MIRAEAMC - DIVIDEND,35.00,35.07,34.92,35.00,35.02,34.86,,35.00,,,1526,53361.16,21,F1,1,,,,,
2026-09-23,2026-09-23,CM,NSE,STK,759780,INF769K01PR2,ENERGY,EQ,,,,,MIRAEAMC - ENERGY,39.16,39.16,37.88,38.13,38.08,38.02,,38.12,,,432395,16465769.28,791,F1,1,,,,,
2026-09-23,2026-09-23,CM,NSE,STK,30121,INF769K01OA1,EQUAL200,EQ,,,,,MIRAEAMC - EQUAL200,13.58,13.65,13.58,13.64,13.65,13.57,,13.64,,,6344,86540.53,28,F1,1,,,,,
2026-09-23,2026-09-23,CM,NSE,STK,757142,INF769K01OO2,EQUAL50,EQ,,,,,MIRAEAMC - EQUAL50,323.66,325.17,323.63,325.16,325.17,323.49,,325.16,,,757,245896.50,21,F1,1,,,,,
2026-09-23,2026-09-23,CM,NSE,STK,24461,INF769K01LQ3,EVINDIA,EQ,,,,,MIRAEAMC - EVINDIA,31.69,31.83,31.65,31.72,31.75,31.64,,31.72,,,68944,2189212.64,1019,F1,1,,,,,
2026-09-23,2026-09-23,CM,NSE,STK,760986,INF769K01QA6,HEALTHCARE,EQ,,,,,MIRAEAMC - HEALTHCARE,21.35,23.80,21.35,22.09,22.09,21.90,,22.10,,,31580,694759.31,170,F1,1,,,,,
2026-09-23,2026-09-23,CM,NSE,STK,764333,INF769K01RJ5,HYBRIDETF,EQ,,,,,MIRAEAMC - HYBRIDETF,9.98,10.08,9.97,10.02,10.02,9.98,,10.02,,,50404,504041.80,35,F1,1,,,,,
2026-09-23,2026-09-23,CM,NSE,STK,761030,INF769K01QB4,INFRA,EQ,,,,,MIRAEAMC - INFRA,11.82,11.89,11.81,11.87,11.88,11.78,,11.87,,,8414,99832.25,102,F1,1,,,,,
2026-09-23,2026-09-23,CM,NSE,STK,758595,INF769K01PB6,INTERNET,EQ,,,,,MIRAEAMC - INTERNET,15.34,15.34,14.94,15.03,15.05,14.97,,15.03,,,155530,2332779.35,209,F1,1,,,,,
2026-09-23,2026-09-23,CM,NSE,STK,19633,INF769K01KV5,ITETF,EQ,,,,,MIRAEAMC - ITETF,30.34,30.34,29.97,30.00,30.04,30.33,,30.00,,,405623,12195711.23,1280,F1,1,,,,,
2026-09-23,2026-09-23,CM,NSE,STK,765313,INF769K01RK3,LARGEMID50,EQ,,,,,MIRAEAMC - LARGEMID50,35.48,35.62,35.48,35.61,35.61,35.46,,35.62,,,584,20752.08,9,F1,1,,,,,
2026-09-23,2026-09-23,CM,NSE,STK,17572,INF769K01KS1,LIQUID,EQ,,,,,MIRAEAMC - LIQUID,1000.00,1000.00,999.99,999.99,1000.00,999.99,,999.99,,,409623,409622273.41,182,F1,1,,,,,
2026-09-23,2026-09-23,CM,NSE,STK,27075,INF769K01MY5,LIQUIDPLUS,EQ,,,,,MIRAEAMC - LIQUIDPLUS,1104.21,1104.37,1104.21,1104.36,1104.37,1104.21,,1104.36,,,136057,150255926.64,305,F1,1,,,,,
2026-09-23,2026-09-23,CM,NSE,STK,1200,INF769K01GS9,ESG,EQ,,,,,MIRAEAMC - MAESGETF,40.22,40.36,40.11,40.29,40.29,40.09,,40.34,,,3312,133364.91,30,F1,1,,,,,
2026-09-23,2026-09-23,CM,NSE,STK,3507,INF769K01HF4,MAFANG,EQ,,,,,MIRAEAMC - MAFANG,242.95,242.95,233.00,234.14,235.90,238.18,,234.15,,,597087,140592810.50,13999,F1,1,,,,,
2026-09-23,2026-09-23,CM,NSE,STK,5220,INF769K01HI8,BFSI,EQ,,,,,MIRAEAMC - MAFSETF,26.99,26.99,26.46,26.58,26.61,26.46,,26.57,,,89631,2383069.69,456,F1,1,,,,,
2026-09-23,2026-09-23,CM,NSE,STK,14286,INF769K01JP9,GOLDETF,EQ,,,,,MIRAEAMC - MAGOLDETF,147.37,147.48,146.59,146.79,146.81,146.96,,146.79,,,1184368,174194299.47,3330,F1,1,,,,,
2026-09-23,2026-09-23,CM,NSE,STK,14938,INF769K01KF8,GSEC10YEAR,EQ,,,,,MIRAEAMC - MAGS813ETF,30.13,30.50,30.13,30.44,30.44,30.12,,30.44,,,727,22061.42,12,F1,1,,,,,
2026-09-23,2026-09-23,CM,NSE,STK,7074,INF769K01HS7,MAHKTECH,EQ,,,,,MIRAEAMC - MAHKTECH,22.35,22.35,21.45,21.86,21.87,22.01,,21.86,,,777289,17014131.17,4674,F1,1,,,,,
2026-09-23,2026-09-23,CM,NSE,STK,8413,INF769K01IC9,MIDCAPETF,EQ,,,,,MIRAEAMC - MAM150ETF,23.43,23.49,23.28,23.43,23.43,23.32,,23.43,,,1114590,26114412.91,3364,F1,1,,,,,
2026-09-23,2026-09-23,CM,NSE,STK,7979,INF769K01IB1,MAKEINDIA,EQ,,,,,MIRAEAMC - MAMFGETF,161.92,163.13,161.75,163.01,163.00,161.65,,163.01,,,19962,3248520.45,264,F1,1,,,,,
2026-09-23,2026-09-23,CM,NSE,STK,6353,INF769K01EG9,NIFTYETF,EQ,,,,,MIRAEAMC - MAN50ETF,254.53,255.80,254.27,255.42,255.14,254.53,,255.42,,,69341,17695349.62,716,F1,1,,,,,
2026-09-23,2026-09-23,CM,NSE,STK,14786,INF769K01JU9,LOWVOL,EQ,,,,,MIRAEAMC - MANV30F,199.91,200.17,199.67,200.09,200.09,199.77,,200.09,,,1760,351889.39,14,F1,1,,,,,
2026-09-23,2026-09-23,CM,NSE,STK,17181,INF769K01FN2,NEXT50,EQ,,,,,MIRAEAMC - MANXT50,745.98,749.15,744.44,748.46,746.99,742.39,,748.47,,,21450,16035892.45,3037,F1,1,,,,,
2026-09-23,2026-09-23,CM,NSE,STK,16777,INF769K01KG6,SILVERAG,EQ,,,,,MIRAEAMC - MASILVER,225.00,227.63,223.87,224.40,224.26,224.07,,224.40,,,165251,37236132.10,1915,F1,1,,,,,
2026-09-23,2026-09-23,CM,NSE,STK,5782,INF769K01HP3,MASPTOP50,EQ,,,,,MIRAEAMC - MASPTOP50,102.00,102.94,93.02,97.56,99.79,98.01,,97.53,,,2051032,201999165.73,22622,F1,1,,,,,
2026-09-23,2026-09-23,CM,NSE,STK,25744,INF769K01LY7,METAL,EQ,,,,,MIRAEAMC - METAL,13.43,13.43,12.78,13.40,13.43,13.11,,13.40,,,2189340,29196622.30,4251,F1,1,,,,,
2026-09-23,2026-09-23,CM,NSE,STK,23855,INF769K01LJ8,MIDSMALL,EQ,,,,,MIRAEAMC - MIDSMALL,51.15,51.60,51.15,51.56,51.60,51.14,,51.55,,,69229,3563086.05,445,F1,1,,,,,
2026-09-23,2026-09-23,CM,NSE,STK,764198,INF769K01RC0,MOMMIDCAP,EQ,,,,,MIRAEAMC - MOMMIDCAP,12.89,13.00,12.85,12.98,13.00,12.82,,12.98,,,747696,9686532.81,522,F1,1,,,,,
2026-09-23,2026-09-23,CM,NSE,STK,25080,INF769K01LX9,MULTICAP,EQ,,,,,MIRAEAMC - MULTICAP,16.52,16.57,16.47,16.53,16.53,16.45,,16.56,,,50466,834320.35,332,F1,1,,,,,
2026-09-23,2026-09-23,CM,NSE,STK,30109,INF769K01ON4,SELECTIPO,EQ,,,,,MIRAEAMC - SELECTIPO,48.85,49.11,48.72,48.93,49.07,48.84,,48.93,,,141493,6922328.25,157,F1,1,,,,,
2026-09-23,2026-09-23,CM,NSE,STK,19224,INF769K01KT9,SENSEXETF,EQ,,,,,MIRAEAMC - SENSEXETF,77.40,77.45,77.04,77.37,77.40,77.12,,77.37,,,9610,742716.33,140,F1,1,,,,,
2026-09-23,2026-09-23,CM,NSE,STK,759814,INF769K01PQ4,SMALL250,EQ,,,,,MIRAEAMC - SMALL250,18.35,18.70,18.34,18.50,18.49,18.35,,18.50,,,145765,2691845.49,502,F1,1,,,,,
2026-09-23,2026-09-23,CM,NSE,STK,22832,INF769K01LC3,SMALLCAP,EQ,,,,,MIRAEAMC - SMALLCAP,48.80,49.27,48.76,49.12,49.16,48.74,,49.12,,,1366686,67145837.33,2530,F1,1,,,,,
2026-09-23,2026-09-23,CM,NSE,STK,760415,INF769K01PZ5,TOP20,EQ,,,,,MIRAEAMC - TOP20,8.64,8.67,8.62,8.65,8.65,8.64,,8.65,,,29905,258560.88,125,F1,1,,,,,
2026-09-23,2026-09-23,CM,NSE,STK,761511,INF769K01QV2,VALUE,EQ,,,,,MIRAEAMC - VALUE,15.83,15.95,15.82,15.94,15.94,15.79,,15.94,,,5761,91504.34,51,F1,1,,,,,
2026-09-23,2026-09-23,CM,NSE,STK,4394,INE771A01026,MIRZAINT,EQ,,,,,MIRZA INTERNATIONAL LIMIT,29.00,29.70,29.00,29.35,29.30,29.12,,29.35,,,148475,4360926.27,1353,F1,1,,,,,
2026-09-23,2026-09-23,CM,NSE,STK,2463,INE099Z01011,MIDHANI,EQ,,,,,MISHRA DHATU NIGAM LTD,415.00,421.90,414.50,416.20,417.00,415.20,,416.20,,,337218,140850068.40,11749,F1,1,,,,,
2026-09-23,2026-09-23,CM,NSE,STK,8469,INE828O01033,MITCON,EQ,,,,,MITCON CON & ENG SER LTD,80.12,92.84,79.10,82.62,90.99,80.12,,82.62,,,102341,8437427.92,181,F1,1,,,,,
2026-09-23,2026-09-23,CM,NSE,STK,18562,INE997Y01027,MITTAL,EQ,,,,,MITTAL LIFE STYLE LIMITED,0.77,0.77,0.74,0.74,0.75,0.76,,0.74,,,2465145,1855951.24,476,F1,1,,,,,
2026-09-23,2026-09-23,CM,NSE,STK,13844,INE227C01017,MMFL,EQ,,,,,MM FORGINGS LTD,599.50,624.50,599.50,614.65,615.00,603.40,,614.66,,,52247,32127786.00,4295,F1,1,,,,,
2026-09-23,2026-09-23,CM,NSE,STK,16395,INE511Y01018,MMP,EQ,,,,,MMP INDUSTRIES LIMITED,463.00,483.95,460.00,464.80,470.00,461.30,,464.80,,,96752,45590876.65,4166,F1,1,,,,,
2026-09-23,2026-09-23,CM,NSE,STK,17957,INE123F01029,MMTC,EQ,,,,,MMTC LIMITED,59.75,60.99,59.75,60.47,60.48,59.67,,60.46,,,861890,52148510.01,6406,F1,1,,,,,
2026-09-23,2026-09-23,CM,NSE,STK,2241,INE794W01014,MODTHREAD,EQ,,,,,MODERN THREADS INDIA LTD,46.10,47.90,45.00,45.92,45.50,46.37,,45.92,,,17661,806450.24,194,F1,1,,,,,
2026-09-23,2026-09-23,CM,NSE,STK,760277,INE537F01012,MODINATUR,EQ,,,,,MODI NATURALS LIMITED,354.25,360.00,351.25,352.65,355.70,355.75,,352.59,,,1006,358432.10,111,F1,1,,,,,
2026-09-23,2026-09-23,CM,NSE,STK,2229,INE832A01018,MODIRUBBER,EQ,,,,,MODI RUBBER LTD,121.81,124.00,118.40,121.51,121.50,122.04,,121.54,,,870,106035.79,62,F1,1,,,,,
2026-09-23,2026-09-23,CM,NSE,STK,759752,INE0L0L01012,MODIS,EQ,,,,,MODIS NAVNIRMAN LTD,347.00,370.00,341.00,356.35,358.35,347.30,,356.38,,,39231,14150619.55,1278,F1,1,,,,,
2026-09-23,2026-09-23,CM,NSE,STK,3325,INE737D01021,MODISONLTD,BE,,,,,MODISON LIMITED,471.60,476.50,465.00,472.80,472.15,468.25,,472.81,,,51232,24172623.35,958,F1,1,,,,,
2026-09-23,2026-09-23,CM,NSE,STK,29423,INE954E01012,MOHITIND,EQ,,,,,MOHIT INDUSTRIES LTD,23.00,23.90,22.90,23.50,23.90,22.87,,23.50,,,18667,438471.53,119,F1,1,,,,,
2026-09-23,2026-09-23,CM,NSE,STK,765130,INE154B01023,MOHITE,EQ,,,,,MOHITE INDUSTRIES LTD.,2.52,2.53,2.42,2.45,2.48,2.47,,2.44,,,31356,76648.37,84,F1,1,,,,,
2026-09-23,2026-09-23,CM,NSE,STK,20830,INE490G01020,MOIL,EQ,,,,,MOIL LIMITED,243.00,251.79,242.55,248.70,249.10,243.20,,248.70,,,633513,157384953.47,9933,F1,1,,,,,
2026-09-23,2026-09-23,CM,NSE,STK,3586,INE514Y01020,MOKSH,EQ,,,,,MOKSH ORNAMENTS LIMITED,10.19,10.25,9.95,10.13,10.13,10.06,,10.13,,,55566,559689.87,188,F1,1,,,,,
2026-09-23,2026-09-23,CM,NSE,STK,764548,INE869T01028,MOLBIO,EQ,,,,,MOLBIO DIAGNOSTICS LTD,1274.70,1338.30,1260.20,1313.20,1309.00,1263.80,,1313.03,,,2192517,2878830943.60,104608,F1,1,,,,,
2026-09-23,2026-09-23,CM,NSE,STK,6713,INE893J01029,MOLDTKPAC,EQ,,,,,MOLD-TEK PACKAGING LTD,641.50,685.80,641.50,679.95,685.80,639.95,,680.02,,,78593,52859436.60,5961,F1,1,,,,,
2026-09-23,2026-09-23,CM,NSE,STK,17629,INE835B01035,MOLDTECH,BE,,,,,MOLD-TEK TECHNOLOGIES LTD,194.44,201.03,191.60,199.88,201.00,194.44,,199.64,,,49478,9733460.02,392,F1,1,,,,,
2026-09-23,2026-09-23,CM,NSE,STK,7679,INE903D01011,MONARCH,EQ,,,,,MONARCH NETWORTH CAP LTD,370.55,370.60,361.00,363.45,367.90,366.90,,363.45,,,42773,15609621.85,1147,F1,1,,,,,
2026-09-23,2026-09-23,CM,NSE,STK,759381,INE296Q01012,MONEYBOXX,EQ,,,,,MONEYBOXX FINANCE LIMITED,57.40,58.40,54.53,54.96,54.53,57.40,,54.95,,,70488,3955341.09,471,F1,1,,,,,
2026-09-23,2026-09-23,CM,NSE,STK,18392,INE0OIP01012,MONOPHARMA,SM,,,,,MONO PHARMACARE LIMITED,8.20,8.20,8.20,8.20,8.20,8.25,,8.20,,,4000,32800.00,2,F1,2000,,,,,
2026-09-23,2026-09-23,CM,NSE,STK,756958,INE1DV401010,MONOLITH,SM,,,,,MONOLITHISCH INDIA LTD,1261.10,1270.00,1196.00,1208.20,1205.00,1282.55,,1208.20,,,44000,54180925.00,172,F1,250,,,,,
2026-09-23,2026-09-23,CM,NSE,STK,5938,INE950M01013,MONTECARLO,EQ,,,,,MONTE CARLO FASHIONS LTD.,528.20,529.90,523.00,527.60,526.85,524.35,,527.62,,,27432,14430552.65,1256,F1,1,,,,,
2026-09-23,2026-09-23,CM,NSE,STK,2259,INE083A01026,MOREPENLAB,EQ,,,,,MOREPEN LAB. LTD,119.48,124.47,118.01,122.35,122.45,119.04,,122.35,,,11266057,1378432759.81,45449,F1,1,,,,,
2026-09-23,2026-09-23,CM,NSE,STK,15051,INE0N7S01028,MOS,SM,,,,,MOS UTILITY LIMITED,7.20,7.30,6.50,7.30,7.30,6.65,,7.30,,,7456000,54246000.00,334,F1,4000,,,,,
2026-09-23,2026-09-23,CM,NSE,STK,29459,INE935B01025,MOSCHIP,EQ,,,,,MOSCHIP TECHNOLOGIES LTD,207.61,210.25,207.00,207.32,207.40,207.37,,207.31,,,808871,168584116.47,11412,F1,1,,,,,
2026-09-23,2026-09-23,CM,NSE,STK,8596,INE0FS801015,MSUMI,EQ,,,,,MOTHERSON SUMI WRNG IND L,35.35,35.51,34.88,34.98,35.01,35.15,,34.98,,,15183566,532595955.70,40826,F1,1,,,,,
2026-09-23,2026-09-23,CM,NSE,STK,21423,INF247L01023,MOM100,EQ,,,,,MOTILAL OS MIDCAP100 ETF,68.54,68.54,65.19,67.29,67.12,66.87,,67.29,,,183430,12328751.86,1758,F1,1,,,,,
2026-09-23,2026-09-23,CM,NSE,STK,22739,INF247L01AP3,MON100,EQ,,,,,MOTILAL OS NASDAQ100 ETF,333.07,333.07,320.55,327.37,328.40,324.95,,327.38,,,780598,254333092.46,15346,F1,1,,,,,
2026-09-23,2026-09-23,CM,NSE,STK,14947,INE338I01027,MOTILALOFS,EQ,,,,,MOTILAL OSWAL FIN LTD,1016.00,1058.00,1009.20,1042.50,1042.50,1007.00,,1042.37,,,2096581,2193339722.90,56550,F1,1,,,,,
2026-09-23,2026-09-23,CM,NSE,STK,19289,INF247L01536,MOM50,EQ,,,,,MOTILAL OSWAL M50 ETF,245.63,246.06,244.50,244.51,244.50,243.74,,244.51,,,8638,2118833.51,114,F1,1,,,,,
2026-09-23,2026-09-23,CM,NSE,STK,1507,INF247L01AK4,MOGSEC,EQ,,,,,MOTILALAMC - G5,65.25,65.49,64.95,65.44,65.44,65.03,,65.46,,,1851,121050.40,41,F1,1,,,,,
2026-09-23,2026-09-23,CM,NSE,STK,757669,INF247L01FR8,MOALPHA50,EQ,,,,,MOTILALAMC - MOALPHA50,56.50,56.83,54.89,55.69,55.42,55.44,,55.69,,,39162,2183157.32,149,F1,1,,,,,
2026-09-23,2026-09-23,CM,NSE,STK,761693,INF247L01GV8,MOBANK10,EQ,,,,,MOTILALAMC - MOBANK10,16.93,16.93,16.59,16.70,16.71,16.77,,16.70,,,2791,46472.43,52,F1,1,,,,,
2026-09-23,2026-09-23,CM,NSE,STK,30065,INF247L01EV3,MOCAPITAL,EQ,,,,,MOTILALAMC - MOCAPITAL,53.18,53.99,52.85,53.88,53.85,52.94,,53.88,,,575974,30875725.64,2127,F1,1,,,,,
2026-09-23,2026-09-23,CM,NSE,STK,24944,INF247L01DJ0,MODEFENCE,EQ,,,,,MOTILALAMC - MODEFENCE,104.40,104.46,103.50,103.76,103.70,103.81,,103.76,,,1076465,112045772.57,5346,F1,1,,,,,
2026-09-23,2026-09-23,CM,NSE,STK,759374,INF247L01GH7,MOENERGY,EQ,,,,,MOTILALAMC - MOENERGY,38.10,38.29,37.86,38.02,38.00,37.91,,38.02,,,136700,5186812.69,424,F1,1,,,,,
2026-09-23,2026-09-23,CM,NSE,STK,757791,INF247L01FY4,MOGOLD,EQ,,,,,MOTILALAMC - MOGOLD,150.70,150.70,148.90,149.10,149.55,149.70,,149.07,,,10597,1585464.45,281,F1,1,,,,,
2026-09-23,2026-09-23,CM,NSE,STK,10508,INF247L01BB1,MOHEALTH,EQ,,,,,MOTILALAMC - MOHEALTH,53.17,53.17,52.60,52.80,52.68,52.65,,52.79,,,54326,2874730.77,413,F1,1,,,,,
2026-09-23,2026-09-23,CM,NSE,STK,757031,INF247L01FL1,MOINFRA,EQ,,,,,MOTILALAMC - MOINFRA,58.14,59.00,58.14,58.32,58.72,57.56,,58.32,,,2057,119990.88,44,F1,1,,,,,
2026-09-23,2026-09-23,CM,NSE,STK,759891,INF247L01GI5,MOIPO,EQ,,,,,MOTILALAMC - MOIPO,49.23,49.84,48.70,48.97,48.97,48.98,,48.97,,,1650,81046.54,45,F1,1,,,,,
2026-09-23,2026-09-23,CM,NSE,STK,8654,INF247L01BL0,MOLOWVOL,EQ,,,,,MOTILALAMC - MOLOWVOL,34.55,37.00,34.55,35.25,35.47,35.25,,35.25,,,736337,25803671.61,84,F1,1,,,,,
2026-09-23,2026-09-23,CM,NSE,STK,25606,INF247L01DK8,MOMENTUM50,EQ,,,,,MOTILALAMC - MOMENTUM50,53.89,54.07,53.65,54.00,54.01,53.53,,54.00,,,290112,15625492.68,8483,F1,1,,,,,
2026-09-23,2026-09-23,CM,NSE,STK,764402,INF247L01HG7,MOMETAL,EQ,,,,,MOTILALAMC - MOMETAL,13.28,13.36,12.82,13.36,13.36,13.02,,13.36,,,15114,198274.00,40,F1,1,,,,,
2026-09-23,2026-09-23,CM,NSE,STK,757099,INF247L01FK3,MOMGF,EQ,,,,,MOTILALAMC - MOMGF,159.40,160.04,158.49,159.93,159.97,159.42,,159.93,,,673,107024.32,22,F1,1,,,,,
2026-09-23,2026-09-23,CM,NSE,STK,757817,INF247L01FQ0,MOMIDMTM,EQ,,,,,MOTILALAMC - MOMIDMTM,63.64,64.40,63.62,64.22,64.04,63.64,,64.22,,,29211,1870449.37,189,F1,1,,,,,
2026-09-23,2026-09-23,CM,NSE,STK,760054,INF247L01GK1,MOMNC,EQ,,,,,MOTILALAMC - MOMNC,31.53,31.63,31.38,31.61,31.61,31.41,,31.61,,,247,7792.42,10,F1,1,,,,,
2026-09-23,2026-09-23,CM,NSE,STK,8182,INF247L01BK2,MOMOMENTUM,EQ,,,,,MOTILALAMC - MOMOMENTUM,60.09,61.97,60.09,61.77,61.69,61.32,,61.77,,,74495,4596665.39,248,F1,1,,,,,
2026-09-23,2026-09-23,CM,NSE,STK,756900,INF247L01FC0,MON50EQUAL,EQ,,,,,MOTILALAMC - MON50EQUAL,32.95,34.00,32.40,33.90,32.73,32.63,,33.90,,,6530,213345.91,61,F1,1,,,,,
2026-09-23,2026-09-23,CM,NSE,STK,757167,INF247L01FD8,MONEXT50,EQ,,,,,MOTILALAMC - MONEXT50,71.00,72.70,70.54,72.69,72.70,71.54,,72.69,,,4257,307543.06,48,F1,1,,,,,
2026-09-23,2026-09-23,CM,NSE,STK,759371,INF247L01GG9,MONIFTY100,EQ,,,,,MOTILALAMC - MONIFTY100,24.74,24.90,24.66,24.67,24.66,24.72,,24.67,,,5815,143774.63,52,F1,1,,,,,
2026-09-23,2026-09-23,CM,NSE,STK,19237,INF247L01BU1,MONIFTY500,EQ,,,,,MOTILALAMC - MONIFTY500,24.02,24.02,23.38,23.52,23.46,23.44,,23.52,,,342348,8048810.24,841,F1,1,,,,,
2026-09-23,2026-09-23,CM,NSE,STK,7422,INF247L01AU3,MONQ50,EQ,,,,,MOTILALAMC - MONQ50,228.28,228.28,202.92,202.92,202.92,253.64,,202.88,,,2862484,602076898.14,27786,F1,1,,,,,
2026-09-23,2026-09-23,CM,NSE,STK,764405,INF247L01HH5,MOOILGAS,EQ,,,,,MOTILALAMC - MOOILGAS,11.37,11.37,10.95,11.06,11.06,11.51,,11.06,,,444509,4921015.58,276,F1,1,,,,,
2026-09-23,2026-09-23,CM,NSE,STK,757431,INF247L01FO5,MOPSE,EQ,,,,,MOTILALAMC - MOPSE,98.42,98.42,98.12,98.42,98.42,98.42,,98.42,,,38,3739.53,11,F1,1,,,,,
2026-09-23,2026-09-23,CM,NSE,STK,10822,INF247L01BH8,MOQUALITY,EQ,,,,,MOTILALAMC - MOQUALITY,193.46,195.28,193.46,195.28,195.28,193.97,,195.28,,,396,77021.48,17,F1,1,,,,,
2026-09-23,2026-09-23,CM,NSE,STK,23184,INF247L01CI4,MOREALTY,EQ,,,,,MOTILALAMC - MOREALTY,86.54,87.85,86.41,87.24,87.69,86.08,,87.24,,,568354,49614239.03,1414,F1,1,,,,,
2026-09-23,2026-09-23,CM,NSE,STK,760001,INF247L01GJ3,MOSERVICE,EQ,,,,,MOTILALAMC - MOSERVICE,30.32,30.38,30.15,30.38,30.38,30.20,,30.38,,,1424,43007.84,26,F1,1,,,,,
2026-09-23,2026-09-23,CM,NSE,STK,758457,INF247L01FZ1,MOSILVER,EQ,,,,,MOTILALAMC - MOSILVER,231.20,231.20,227.32,227.74,227.32,227.71,,227.73,,,21615,4962598.43,516,F1,1,,,,,
2026-09-23,2026-09-23,CM,NSE,STK,23181,INF247L01CH6,MOSMALL250,EQ,,,,,MOTILALAMC - MOSMALL250,18.35,18.53,18.31,18.48,18.48,18.30,,18.48,,,1739141,32103121.33,1720,F1,1,,,,,
2026-09-23,2026-09-23,CM,NSE,STK,757443,INF247L01FP2,MOTOUR,EQ,,,,,MOTILALAMC - MOTOUR,78.45,79.98,78.15,78.33,78.15,78.52,,78.33,,,13409,1051732.86,102,F1,1,,,,,
2026-09-23,2026-09-23,CM,NSE,STK,10825,INF247L01BE5,MOVALUE,EQ,,,,,MOTILALAMC - MOVALUE,110.44,112.23,110.40,111.73,111.90,110.44,,111.74,,,45664,5088816.10,501,F1,1,,,,,
2026-09-23,2026-09-23,CM,NSE,STK,20788,INE0FRK01020,MOTISONS,EQ,,,,,MOTISONS JEWELLERS LTD,18.40,19.15,17.40,18.89,18.90,18.04,,18.89,,,144251390,2668863071.31,158019,F1,1,,,,,
2026-09-23,2026-09-23,CM,NSE,STK,2268,INE861B01023,MOTOGENFIN,EQ,,,,,MOTOR & GENERAL FINANCE L,26.30,26.90,25.72,26.09,26.00,26.28,,26.09,,,16794,439847.31,128,F1,1,,,,,
2026-09-23,2026-09-23,CM,NSE,STK,757810,INE0XM301010,MMEL,SM,,,,,MOVING MEDIA ENTER LTD,28.25,29.35,28.25,29.35,29.35,26.70,,29.35,,,20000,584800.00,9,F1,2000,,,,,
2026-09-23,2026-09-23,CM,NSE,STK,13502,INE0N6D01014,MOXSH,SM,,,,,MOXSH OVERSEAS EDUCON LTD,90.00,94.00,89.10,94.00,94.00,93.50,,94.00,,,4800,436960.00,3,F1,1600,,,,,
2026-09-23,2026-09-23,CM,NSE,STK,765138,INE493H01014,MPDL,BE,,,,,MPDL LTD.,29.24,29.30,28.51,28.51,28.51,30.00,,28.96,,,777,22650.30,10,F1,1,,,,,
2026-09-23,2026-09-23,CM,NSE,STK,4503,INE356A01018,MPHASIS,EQ,,,,,MPHASIS LIMITED,2265.00,2274.30,2229.90,2259.00,2259.00,2265.00,,2258.97,,,219169,492786192.60,16849,F1,1,,,,,
2026-09-23,2026-09-23,CM,NSE,STK,10578,INE943D01017,MPSLTD,EQ,,,,,MPS LIMITED,2619.00,2710.00,2606.00,2691.20,2695.00,2603.20,,2691.12,,,8951,23942494.40,1898,F1,1,,,,,
2026-09-23,2026-09-23,CM,NSE,STK,2277,INE883A01011,MRF,EQ,,,,,MRF LTD,124940.00,125250.00,124415.00,124580.00,124760.00,124770.00,,124579.59,,,2354,293397675.00,1980,F1,1,,,,,
2026-09-23,2026-09-23,CM,NSE,STK,2283,INE103A01014,MRPL,EQ,,,,,MRPL,164.40,169.95,164.30,166.32,166.55,164.44,,166.33,,,5593160,937308619.39,44960,F1,1,,,,,
2026-09-23,2026-09-23,CM,NSE,STK,1628,INE495P01020,BECTORFOOD,EQ,,,,,MRS BECTORS FOOD SPE LTD,218.62,222.50,217.05,219.30,219.50,217.81,,219.29,,,649769,142835029.22,15273,F1,1,,,,,
2026-09-23,2026-09-23,CM,NSE,STK,11919,INE752G01015,MSPL,EQ,,,,,MSP STEEL & POWER LTD.,33.61,36.23,33.61,35.57,35.50,33.39,,35.57,,,1132883,39752043.27,4469,F1,1,,,,,
2026-09-23,2026-09-23,CM,NSE,STK,9356,INE255X01014,MSTCLTD,EQ,,,,,MSTC LIMITED,745.65,760.90,743.55,752.25,753.00,746.95,,752.25,,,143600,108018249.25,5697,F1,1,,,,,
2026-09-23,2026-09-23,CM,NSE,STK,31413,INE472M01018,MTEDUCARE,BE,,,,,MT EDUCARE LTD,1.70,1.73,1.60,1.66,1.68,1.67,,1.66,,,34836,57834.88,40,F1,1,,,,,
2026-09-23,2026-09-23,CM,NSE,STK,2715,INE864I01014,MTARTECH,BE,,,,,MTAR TECHNOLOGIES LIMITED,7173.00,7350.00,7146.00,7286.50,7288.50,7176.00,,7285.09,,,73700,534313005.00,12120,F1,1,,,,,
2026-09-23,2026-09-23,CM,NSE,STK,19783,INE08KJ01020,MUFIN,EQ,,,,,MUFIN GREEN FINANCE LTD,132.60,135.32,132.12,133.11,132.76,132.69,,133.12,,,928541,124290946.57,4883,F1,1,,,,,
2026-09-23,2026-09-23,CM,NSE,STK,11325,INE304A01026,MUKANDLTD,EQ,,,,,MUKAND LTD.,141.41,158.80,141.41,157.11,158.00,141.41,,157.14,,,2525436,387070744.08,17901,F1,1,,,,,
2026-09-23,2026-09-23,CM,NSE,STK,764788,INE596B01017,MUKESHB,EQ,,,,,MUKESH BABU FINANC SER L,130.50,133.00,125.00,132.98,133.00,130.50,,132.98,,,217,27971.10,6,F1,1,,,,,
2026-09-23,2026-09-23,CM,NSE,STK,22981,INE0CG401037,MUKKA,BE,,,,,MUKKA PROTEINS LIMITED,27.41,28.15,26.51,27.10,27.18,27.37,,27.05,,,384790,10497422.26,1238,F1,1,,,,,
2026-09-23,2026-09-23,CM,NSE,STK,8691,INE374B01019,MUKTAARTS,BE,,,,,MUKTA ARTS LIMITED,58.65,58.80,55.00,57.89,57.89,56.00,,57.89,,,27193,1558732.44,104,F1,1,,,,,
2026-09-23,2026-09-23,CM,NSE,STK,31181,INE745G01043,MCX,EQ,,,,,MULTI COMMODITY EXCHANGE,3269.00,3374.00,3237.50,3374.00,3374.00,3262.60,,3373.78,,,2249890,7454687224.80,125537,F1,1,,,,,
2026-09-23,2026-09-23,CM,NSE,STK,759416,INE1K8Y01018,MUNISH,SM,,,,,MUNISH FORGE LIMITED,94.50,94.95,90.00,94.95,94.95,94.50,,94.95,,,19200,1764960.00,16,F1,1200,,,,,
2026-09-23,2026-09-23,CM,NSE,STK,13511,INE672B01032,MUNJALAU,EQ,,,,,MUNJAL AUTO IND. LTD.,104.80,108.97,104.66,107.27,107.40,104.80,,107.26,,,361795,38801319.07,8883,F1,1,,,,,
2026-09-23,2026-09-23,CM,NSE,STK,2307,INE577A01027,MUNJALSHOW,EQ,,,,,MUNJAL SHOWA LTD,133.65,135.87,132.00,133.44,133.70,133.32,,133.42,,,54209,7279545.85,845,F1,1,,,,,
2026-09-23,2026-09-23,CM,NSE,STK,2313,INE692B01014,MURUDCERA,EQ,,,,,MURUDESHWAR CERAMICS LTD,29.00,29.97,28.95,29.06,29.06,29.23,,29.06,,,14709,429250.91,335,F1,1,,,,,
2026-09-23,2026-09-23,CM,NSE,STK,19877,INE919I01024,RADIOCITY,EQ,,,,,MUSIC BROADCAST LIMITED,6.12,6.17,5.90,6.04,6.02,6.09,,6.03,,,138537,833829.04,154,F1,1,,,,,
2026-09-23,2026-09-23,CM,NSE,STK,10415,INE296G01013,MUTHOOTCAP,EQ,,,,,MUTHOOT CAP SERV LTD,225.51,231.12,225.01,227.71,227.25,229.85,,227.89,,,4428,1013063.27,257,F1,1,,,,,
2026-09-23,2026-09-23,CM,NSE,STK,23650,INE414G01012,MUTHOOTFIN,EQ,,,,,MUTHOOT FINANCE LIMITED,2831.00,2856.50,2814.10,2856.50,2856.50,2831.50,,2856.44,,,711064,2019839160.30,91069,F1,1,,,,,
2026-09-23,2026-09-23,CM,NSE,STK,20831,INE046W01019,MUTHOOTMF,EQ,,,,,MUTHOOT MICROFIN LIMITED,188.60,190.87,187.50,189.19,189.99,188.32,,189.17,,,102096,19348373.37,2779,F1,1,,,,,
2026-09-23,2026-09-23,CM,NSE,STK,764397,INE0OWZ01020,MVELECTRO,EQ,,,,,MV ELECTROSYSTEMS LIMITED,875.00,903.75,855.50,871.60,866.05,877.35,,871.64,,,1374608,1202532413.95,37105,F1,1,,,,,
2026-09-23,2026-09-23,CM,NSE,STK,763206,INE0JYY07026,10MWL29,N0,,,,,MWL 10% 2029,100200.00,100200.00,100200.00,100200.00,100200.00,100070.00,,100200.00,,,1,100200.00,1,F1,1,,,,,
2026-09-23,2026-09-23,CM,NSE,STK,25208,INE0RVQ01016,MYMUDRA,SM,,,,,MY MUDRA FINCORP LIMITED,66.95,71.95,66.95,71.30,71.30,64.65,,71.30,,,12000,830280.00,9,F1,1200,,,,,
2026-09-23,2026-09-23,CM,NSE,STK,8220,INE741A01011,MYSORPETRO,BE,,,,,MYSORE PETRO CHEMICALS L,127.76,131.95,126.00,129.89,131.95,127.13,,129.90,,,4335,559681.22,40,F1,1,,,,,
2026-09-23,2026-09-23,CM,NSE,STK,20314,INE740D01017,NRAIL,EQ,,,,,N R AGARWAL INDS LTD,669.85,677.00,650.20,657.90,653.00,652.10,,658.62,,,19435,12933463.10,1778,F1,1,,,,,
2026-09-23,2026-09-23,CM,NSE,STK,764798,INE920C01017,NTCIND,EQ,,,,,N T C INDUSTRIES LTD.,133.81,143.00,131.49,141.63,141.80,133.81,,141.62,,,4487,623367.70,64,F1,1,,,,,
2026-09-23,2026-09-23,CM,NSE,STK,19111,INE365I01020,NBIFIN,EQ,,,,,N.B.I. IND. FIN. CO. LTD,1941.30,1982.30,1937.00,1948.90,1948.50,1948.00,,1948.90,,,5488,10644152.90,81,F1,1,,,,,
2026-09-23,2026-09-23,CM,NSE,STK,20425,INE295D01020,NACLIND,EQ,,,,,NACL INDUSTRIES LIMITED,139.91,145.58,138.13,139.23,139.49,138.62,,139.24,,,1336755,188108163.71,20510,F1,1,,,,,
2026-09-23,2026-09-23,CM,NSE,STK,18371,INE756C01015,NDGL,EQ,,,,,NAGA DHUNSERI GROUP LTD,2590.00,2625.00,2565.00,2579.00,2579.00,2590.00,,2579.00,,,56,145102.20,19,F1,1,,,,,
2026-09-23,2026-09-23,CM,NSE,STK,14942,INE245I01016,NAGREEKCAP,EQ,,,,,NAGREEKA CAP & INFR.LTD,29.04,31.00,28.21,30.20,29.75,28.46,,30.20,,,74186,2202125.59,540,F1,1,,,,,
2026-09-23,2026-09-23,CM,NSE,STK,14702,INE123B01028,NAGREEKEXP,EQ,,,,,NAGREEKA EXPORTS LTD.,22.25,25.40,21.00,24.21,25.00,21.66,,24.22,,,97332,2299903.51,610,F1,1,,,,,
2026-09-23,2026-09-23,CM,NSE,STK,15360,INE049I01012,NAHARCAP,EQ,,,,,NAHAR CAP & FIN.,248.10,256.20,248.10,252.30,253.00,249.95,,252.35,,,2275,571562.55,72,F1,1,,,,,
2026-09-23,2026-09-23,CM,NSE,STK,13106,INE289A01011,NAHARINDUS,EQ,,,,,NAHAR INDS ENT LTD,132.93,133.30,130.55,131.86,131.50,131.71,,131.86,,,8358,1102552.64,396,F1,1,,,,,
2026-09-23,2026-09-23,CM,NSE,STK,14445,INE308A01027,NAHARPOLY,EQ,,,,,NAHAR POLY FILMS LIMITED,235.99,236.00,228.00,228.81,228.05,232.84,,228.73,,,3369,777817.64,156,F1,1,,,,,
2026-09-23,2026-09-23,CM,NSE,STK,14440,INE290A01027,NAHARSPING,EQ,,,,,NAHAR SPINNING MILLS LTD.,278.95,283.00,271.70,277.45,283.00,277.85,,277.41,,,15456,4289227.55,271,F1,1,,,,,
2026-09-23,2026-09-23,CM,NSE,STK,5401,INE236Y01012,NGIL,EQ,,,,,NAKODA GROUP OF IND. LTD,40.90,40.90,38.65,39.78,39.79,39.04,,39.93,,,1886,74438.72,50,F1,1,,,,,
2026-09-23,2026-09-23,CM,NSE,STK,11239,INE023A01030,NSIL,EQ,,,,,NALWA SONS INVESTMENT LTD,5515.00,5648.00,5476.00,5624.00,5638.00,5524.00,,5624.34,,,3677,20530419.00,549,F1,1,,,,,
2026-09-23,2026-09-23,CM,NSE,STK,23379,INE0RJM01010,NAMAN,SM,,,,,NAMAN INDUSTRE PRXIMA LTD,44.10,44.10,44.05,44.10,44.10,42.00,,44.10,,,8000,352760.00,8,F1,800,,,,,
2026-09-23,2026-09-23,CM,NSE,STK,25167,INE08NZ01012,NAMOEWASTE,SM,,,,,NAMO EWASTE MANAGEMENT L,320.10,330.40,307.25,311.75,310.00,316.55,,311.75,,,124800,39564400.00,140,F1,800,,,,,
2026-09-23,2026-09-23,CM,NSE,STK,31258,INE875G01048,NDL,EQ,,,,,NANDAN DENIM LIMITED,2.79,2.82,2.75,2.76,2.77,2.76,,2.76,,,666203,1852186.66,820,F1,1,,,,,
2026-09-23,2026-09-23,CM,NSE,STK,5516,INE696V01013,JAIPURKURT,EQ,,,,,NANDANI CREATION LIMITED,24.79,25.01,24.23,24.95,24.96,24.79,,24.95,,,2305,57026.35,82,F1,1,,,,,
2026-09-23,2026-09-23,CM,NSE,STK,11840,INE410P01011,NH,EQ,,,,,NARAYANA HRUDAYALAYA LTD.,1892.80,1927.20,1872.00,1919.30,1907.00,1883.30,,1919.58,,,104223,198522330.60,14840,F1,1,,,,,
2026-09-23,2026-09-23,CM,NSE,STK,11627,INE117Z01029,NARMADA,EQ,,,,,NARMADA AGROBASE LIMITED,13.46,13.52,13.27,13.34,13.42,13.42,,13.34,,,505348,6766877.57,658,F1,1,,,,,
2026-09-23,2026-09-23,CM,NSE,STK,3918,INE987B01026,NATCOPHARM,EQ,,,,,NATCO PHARMA LTD.,815.15,840.00,811.00,837.60,840.00,815.05,,837.61,,,650820,541716017.30,40793,F1,1,,,,,
2026-09-23,2026-09-23,CM,NSE,STK,11065,INE448G01010,NATHBIOGEN,EQ,,,,,NATH BIO-GENES (I) LTD,148.38,151.90,147.13,148.02,150.00,148.38,,148.01,,,97539,14451032.70,156,F1,1,,,,,
2026-09-23,2026-09-23,CM,NSE,STK,6364,INE139A01034,NATIONALUM,EQ,,,,,NATIONAL ALUMINIUM CO LTD,352.50,363.95,352.50,363.45,363.45,352.20,,363.45,,,6249209,2248029572.80,82761,F1,1,,,,,
2026-09-23,2026-09-23,CM,NSE,STK,13925,INE870D01012,NFL,EQ,,,,,NATIONAL FERT. LTD,66.51,68.00,66.50,67.84,67.60,66.71,,67.84,,,671132,45288550.69,4449,F1,1,,,,,
2026-09-23,2026-09-23,CM,NSE,STK,6531,INE0H7R23014,NHIT,IV,,,,,NATIONAL HIGHW INFRA TRUS,170.00,170.00,170.00,170.00,170.00,170.00,,170.00,,,25000,4250000.00,1,F1,25000,,,,,
2026-09-23,2026-09-23,CM,NSE,STK,762807,INE166R01015,NATIONSTD,EQ,,,,,NATIONAL STAND (INDIA) L,114.00,115.49,112.00,113.38,112.00,114.98,,113.46,,,6340,720928.31,299,F1,1,,,,,
2026-09-23,2026-09-23,CM,NSE,STK,29588,INE936B01015,NATCAPSUQ,BE,,,,,NATURAL CAPSULES LIMITED,173.20,173.86,170.31,172.67,173.00,169.00,,172.67,,,3392,583861.26,55,F1,1,,,,,
2026-09-23,2026-09-23,CM,NSE,STK,4014,INE725A01030,NAVA,EQ,,,,,NAVA LIMITED,551.10,555.25,548.70,553.65,552.10,550.90,,553.65,,,210862,116463323.60,20318,F1,1,,,,,
2026-09-23,2026-09-23,CM,NSE,STK,14672,INE048G01026,NAVINFLUOR,EQ,,,,,NAVIN FLUORINE INT. LTD,8490.00,8495.00,8360.00,8457.50,8463.00,8438.00,,8457.31,,,173778,1461410339.00,22657,F1,1,,,,,
2026-09-23,2026-09-23,CM,NSE,STK,10557,INE278M01019,NAVKARCORP,EQ,,,,,NAVKAR CORPORATION LTD.,89.38,96.06,87.30,87.94,87.91,89.38,,87.94,,,2483269,223595847.97,15071,F1,1,,,,,
2026-09-23,2026-09-23,CM,NSE,STK,29146,INE268H01044,NAVKARURB,EQ,,,,,NAVKAR URBANSTRUCTURE LTD,0.94,0.95,0.92,0.93,0.92,0.91,,0.93,,,1070470,1009990.77,409,F1,1,,,,,
2026-09-23,2026-09-23,CM,NSE,STK,2385,INE060A01024,NAVNETEDUL,EQ,,,,,NAVNEET EDUCATION LTD,123.00,125.90,123.00,123.75,123.50,123.12,,123.75,,,78660,9776486.98,2415,F1,1,,,,,
2026-09-23,2026-09-23,CM,NSE,STK,2987,INE418L01047,NAZARA,EQ,,,,,NAZARA TECHNOLOGIES LTD,370.45,376.15,368.90,372.70,369.00,370.45,,372.70,,,1327663,495907602.55,12973,F1,1,,,,,
2026-09-23,2026-09-23,CM,NSE,STK,31415,INE095N01031,NBCC,EQ,,,,,NBCC (INDIA) LIMITED,81.75,84.28,81.65,83.99,83.99,81.90,,83.99,,,5625306,468431304.23,31851,F1,1,,,,,
2026-09-23,2026-09-23,CM,NSE,STK,2319,INE868B01028,NCC,EQ,,,,,NCC LIMITED,134.55,136.50,134.00,136.05,136.50,134.41,,136.05,,,2256139,305308366.55,24316,F1,1,,,,,
2026-09-23,2026-09-23,CM,NSE,STK,14490,INE732C01016,NCLIND,EQ,,,,,NCL INDUSTRIES LIMITED,175.20,178.00,175.20,176.22,176.00,175.51,,176.22,,,24946,4408257.69,562,F1,1,,,,,
2026-09-23,2026-09-23,CM,NSE,STK,14547,INE353A01023,NDLVENTURE,EQ,,,,,NDL VENTURES LIMITED,125.25,125.25,121.17,124.06,124.88,124.01,,124.06,,,7042,867042.05,217,F1,1,,,,,
2026-09-23,2026-09-23,CM,NSE,STK,22255,INE07OG01012,NDRAUTO,EQ,,,,,NDR AUTO COMPONENTS LTD,769.40,769.40,746.10,763.15,760.00,753.20,,763.25,,,17294,13097115.05,1310,F1,1,,,,,
2026-09-23,2026-09-23,CM,NSE,STK,11427,INE155G01029,NDTV,EQ,,,,,NDTV LTD,72.30,72.31,70.10,71.11,71.05,72.31,,71.11,,,142777,10169568.48,1308,F1,1,,,,,
2026-09-23,2026-09-23,CM,NSE,STK,11927,INE023H01027,NECLIFE,EQ,,,,,NECTAR LIFESCIENCES LTD.,10.98,11.20,10.83,11.06,11.07,10.83,,11.05,,,92820,1023488.11,319,F1,1,,,,,
2026-09-23,2026-09-23,CM,NSE,STK,762812,INE605D01012,NEAGI,EQ,,,,,NEELAMALAI AGRO INDS. L,3468.80,3468.80,3468.80,3468.80,3468.80,3468.80,,3424.43,,,1,3468.80,1,F1,1,,,,,
2026-09-23,2026-09-23,CM,NSE,STK,14761,INE189I01024,NELCAST,EQ,,,,,NELCAST LIMITED,108.81,110.66,106.80,106.98,107.60,108.90,,106.98,,,85930,9286964.56,1754,F1,1,,,,,
2026-09-23,2026-09-23,CM,NSE,STK,2388,INE045B01015,NELCO,EQ,,,,,NELCO LTD,1012.10,1058.80,1012.10,1020.75,1022.00,1011.75,,1020.73,,,511625,530183401.10,20300,F1,1,,,,,
2026-09-23,2026-09-23,CM,NSE,STK,760928,INE21UM01018,NEOCHEM,SM,,,,,NEOCHEM BIO SOLUTIONS LTD,107.70,107.70,102.95,105.85,105.85,105.00,,105.85,,,10800,1137600.00,9,F1,1200,,,,,
2026-09-23,2026-09-23,CM,NSE,STK,9917,INE136S01016,NEOGEN,EQ,,,,,NEOGEN CHEMICALS LIMITED,2405.00,2423.90,2356.00,2392.10,2396.00,2379.20,,2391.61,,,171733,411343482.50,27292,F1,1,,,,,
2026-09-23,2026-09-23,CM,NSE,STK,24350,INE0SUN01013,NEPHROCARE,SM,,,,,NEPHRO CARE INDIA LIMITED,97.60,99.60,96.35,98.45,99.00,96.15,,98.45,,,18400,1811920.00,43,F1,400,,,,,
2026-09-23,2026-09-23,CM,NSE,STK,760346,INE428V01029,NEPHROPLUS,EQ,,,,,NEPHROCARE HEALTH SERV L,755.10,758.40,740.00,741.90,740.10,749.45,,741.96,,,122493,91396228.95,16721,F1,1,,,,,
2026-09-23,2026-09-23,CM,NSE,STK,757493,INE156901014,NEPTUNE,SM,,,,,NEPTUNE PETROCHEMICALS L,181.00,184.90,180.00,184.90,184.90,179.00,,184.90,,,7000,1281425.00,14,F1,500,,,,,
2026-09-23,2026-09-23,CM,NSE,STK,15409,INE317F01035,NESCO,EQ,,,,,NESCO LTD.,1069.00,1094.00,1069.00,1078.50,1074.10,1069.00,,1078.50,,,47959,51768295.60,6316,F1,1,,,,,
2026-09-23,2026-09-23,CM,NSE,STK,17963,INE239A01024,NESTLEIND,EQ,,,,,NESTLE INDIA LIMITED,1370.00,1387.20,1361.60,1387.20,1387.20,1363.90,,1387.17,,,685984,946745679.80,47104,F1,1,,,,,
2026-09-23,2026-09-23,CM,NSE,STK,20406,INE518X01015,CBAZAAR,SM,,,,,NET AVENUE TECHNOLOGIES L,5.00,5.00,5.00,5.00,5.00,4.80,,5.00,,,16000,80000.00,2,F1,8000,,,,,
2026-09-23,2026-09-23,CM,NSE,STK,17433,INE0NT901020,NETWEB,EQ,,,,,NETWEB TECH INDIA LTD,4839.50,4845.00,4700.00,4736.00,4726.50,4817.00,,4735.99,,,549732,2621897763.50,43870,F1,1,,,,,
2026-09-23,2026-09-23,CM,NSE,STK,756324,INE0FFK01017,NPST,EQ,,,,,NETWORK PEOPLE SRV TECH L,1905.30,1905.30,1837.60,1844.70,1846.00,1888.80,,1844.64,,,46146,85879034.70,5937,F1,1,,,,,
2026-09-23,2026-09-23,CM,NSE,STK,14111,INE870H01013,NETWORK18,EQ,,,,,NETWORK18 MEDIA & INV LTD,26.91,27.28,26.82,27.14,27.11,26.91,,27.14,,,2785721,75442956.97,6226,F1,1,,,,,
2026-09-23,2026-09-23,CM,NSE,STK,30554,INE333I01044,NEUEON,BE,,,,,NEUEON CORPORATION LTD,13.06,13.06,13.06,13.06,13.06,12.44,,13.29,,,15468,202012.08,19,F1,1,,,,,
2026-09-23,2026-09-23,CM,NSE,STK,2406,INE794A01010,NEULANDLAB,EQ,,,,,NEULAND LAB LTD.,22605.00,22945.00,22285.00,22490.00,22490.00,22550.00,,22490.05,,,27009,607772035.00,11958,F1,1,,,,,
2026-09-23,2026-09-23,CM,NSE,STK,1164,INE619B01017,NEWGEN,EQ,,,,,NEWGEN SOFTWARE TECH LTD,496.00,514.05,494.45,504.15,506.00,495.70,,504.15,,,688103,347791235.60,21896,F1,1,,,,,
2026-09-23,2026-09-23,CM,NSE,STK,19161,INE0PW501021,NEWJAISA,ST,,,,,NEWJAISA TECHNOLOGIES LTD,18.10,18.10,17.10,17.15,17.15,18.00,,17.15,,,42000,724050.00,23,F1,1500,,,,,
2026-09-23,2026-09-23,CM,NSE,STK,9867,INE747B01016,NEXTMEDIA,EQ,,,,,NEXT MEDIAWORKS LIMITED,3.72,3.84,3.65,3.79,3.82,3.74,,3.79,,,22067,83179.55,106,F1,1,,,,,
2026-09-23,2026-09-23,CM,NSE,STK,15815,INE0NDH25011,NXST,RR,,,,,NEXUS SELECT TRUST,166.78,167.20,165.60,166.21,166.36,166.38,,166.21,,,193889,32261670.62,4327,F1,1,,,,,
2026-09-23,2026-09-23,CM,NSE,STK,763536,INE0T1501010,NFPSAMPOOR,SM,,,,,NFP SAMPOORNA FOODS LTD,21.05,22.95,21.05,22.75,22.95,22.55,,22.75,,,12000,268700.00,6,F1,2000,,,,,
2026-09-23,2026-09-23,CM,NSE,STK,10277,INE887E01022,NGLFINE,EQ,,,,,NGL FINE CHEM LIMITED,2838.10,2858.50,2788.10,2830.40,2839.70,2859.40,,2832.57,,,3251,9214117.10,879,F1,1,,,,,
2026-09-23,2026-09-23,CM,NSE,STK,1765,INE557F07181,893NHB29,N6,,,,,NHB 8.93 NCD TR II SR 2 B,5567.05,5605.00,5565.46,5571.00,5571.00,5580.00,,5571.00,,,207,1152278.91,6,F1,1,,,,,
2026-09-23,2026-09-23,CM,NSE,STK,17400,INE848E01016,NHPC,EQ,,,,,NHPC LTD,76.02,76.85,76.02,76.74,76.74,76.01,,76.74,,,6985170,534911798.17,28664,F1,1,,,,,
2026-09-23,2026-09-23,CM,NSE,STK,29487,INE149O01018,NIBE,EQ,,,,,NIBE LIMITED,1360.00,1383.30,1333.10,1346.90,1345.00,1369.90,,1347.02,,,70122,95280098.00,4823,F1,1,,,,,
2026-09-23,2026-09-23,CM,NSE,STK,764793,INE653C01022,NICCOPAR,EQ,,,,,NICCO PARKS & RESORTS LTD,80.00,83.99,80.00,80.00,80.00,81.50,,80.02,,,485,39558.43,42,F1,1,,,,,
2026-09-23,2026-09-23,CM,NSE,STK,17747,INE342G01023,NIITMTS,EQ,,,,,NIIT LEARNING SYSTEMS LTD,219.45,221.50,216.81,220.27,219.30,217.81,,220.27,,,81817,17945389.17,4535,F1,1,,,,,
2026-09-23,2026-09-23,CM,NSE,STK,11522,INE161A01038,NIITLTD,EQ,,,,,NIIT LIMITED,89.99,92.80,89.75,91.67,92.00,89.52,,91.66,,,166415,15237346.53,2329,F1,1,,,,,
2026-09-23,2026-09-23,CM,NSE,STK,9253,INE937C01029,NILAINFRA,EQ,,,,,NILA INFRASTRUCTURES LTD,6.66,6.88,6.66,6.82,6.83,6.66,,6.83,,,173728,1183182.86,509,F1,1,,,,,
2026-09-23,2026-09-23,CM,NSE,STK,7411,INE00S901012,NILASPACES,EQ,,,,,NILA SPACES LIMITED,12.27,12.27,11.67,11.81,11.86,12.02,,11.81,,,1683147,19940426.78,3221,F1,1,,,,,
2026-09-23,2026-09-23,CM,NSE,STK,762817,INE445D01013,NILE,EQ,,,,,NILE LTD.,1444.00,1464.60,1424.20,1436.60,1432.10,1444.90,,1435.17,,,1589,2289055.90,291,F1,1,,,,,
2026-09-23,2026-09-23,CM,NSE,STK,2421,INE310A01015,NILKAMAL,EQ,,,,,NILKAMAL LIMITED,1859.60,1915.00,1859.60,1880.20,1873.00,1864.80,,1880.16,,,11814,22362870.80,2586,F1,1,,,,,
2026-09-23,2026-09-23,CM,NSE,STK,761720,INE875B01015,NIMBSPROJ,EQ,,,,,NIMBUS PROJECTS LIMITED,188.01,197.00,186.00,194.79,196.80,188.54,,194.79,,,30579,5870934.64,480,F1,1,,,,,
2026-09-23,2026-09-23,CM,NSE,STK,14194,INE395U01014,NINSYS,EQ,,,,,NINTEC SYSTEMS LIMITED,711.05,714.55,705.25,710.30,711.90,711.05,,710.65,,,1759,1251888.25,248,F1,1,,,,,
2026-09-23,2026-09-23,CM,NSE,STK,11439,INF204KB15I9,BANKBEES,EQ,,,,,NIP IND ETF BANK BEES,583.52,586.70,581.01,585.57,586.00,583.52,,585.61,,,251472,147309007.54,4262,F1,1,,,,,
2026-09-23,2026-09-23,CM,NSE,STK,2435,INF204KA1LD7,CONSUMBEES,EQ,,,,,NIP IND ETF CONSUMPTION,128.92,128.96,128.18,128.81,128.90,128.23,,128.81,,,44163,5682372.29,665,F1,1,,,,,
2026-09-23,2026-09-23,CM,NSE,STK,2636,INF204KA1MS3,DIVOPPBEES,EQ,,,,,NIP IND ETF DIV OPP,74.83,74.98,74.48,74.86,74.90,74.58,,74.86,,,16726,1251239.83,438,F1,1,,,,,
2026-09-23,2026-09-23,CM,NSE,STK,9847,INF204KB18I3,NV20BEES,EQ,,,,,NIP IND ETF ETF NV20,135.99,136.04,135.08,135.55,135.37,135.70,,135.55,,,7939,1075406.51,189,F1,1,,,,,
2026-09-23,2026-09-23,CM,NSE,STK,14428,INF204KB17I5,GOLDBEES,EQ,,,,,NIP IND ETF GOLD BEES,125.29,125.51,124.59,124.73,124.75,125.00,,124.74,,,14210476,1776871178.40,68827,F1,1,,,,,
2026-09-23,2026-09-23,CM,NSE,STK,18284,INF204KB19I1,HNGSNGBEES,EQ,,,,,NIP IND ETF HANGSENG BEES,462.58,464.20,460.33,461.52,461.39,462.58,,461.52,,,51605,23841841.07,3150,F1,1,,,,,
2026-09-23,2026-09-23,CM,NSE,STK,20072,INF732E01268,INFRABEES,EQ,,,,,NIP IND ETF INFRA BEES,933.17,940.00,933.15,937.79,935.40,931.64,,937.79,,,10040,9426796.44,345,F1,1,,,,,
2026-09-23,2026-09-23,CM,NSE,STK,19084,INF204KB15V2,ITBEES,EQ,,,,,NIP IND ETF IT,31.86,31.90,31.43,31.47,31.59,31.77,,31.47,,,13779436,435393643.38,25098,F1,1,,,,,
2026-09-23,2026-09-23,CM,NSE,STK,10939,INF732E01045,JUNIORBEES,EQ,,,,,NIP IND ETF JUNIOR BEES,782.44,785.00,778.21,784.54,784.99,778.55,,784.57,,,258317,202527621.33,5289,F1,1,,,,,
2026-09-23,2026-09-23,CM,NSE,STK,11006,INF732E01037,LIQUIDBEES,EQ,,,,,NIP IND ETF LIQUID BEES,1000.00,1000.01,999.99,1000.00,1000.00,1000.00,,1000.00,,,3252975,3252973944.41,3709,F1,1,,,,,
2026-09-23,2026-09-23,CM,NSE,STK,17700,INF204KB1882,LTGILTBEES,EQ,,,,,NIP IND ETF LONGTERM GILT,29.78,29.82,29.77,29.79,29.79,29.74,,29.79,,,969453,28890613.63,483,F1,1,,,,,
2026-09-23,2026-09-23,CM,NSE,STK,8506,INF204KB1V68,MID150BEES,EQ,,,,,NIP IND ETF MIDCAP 150,237.19,237.68,236.25,237.36,237.68,236.21,,237.36,,,309171,73284998.73,4223,F1,1,,,,,
2026-09-23,2026-09-23,CM,NSE,STK,29577,INF204K014N5,NIF100BEES,EQ,,,,,NIP IND ETF NIFTY 100,261.31,261.34,260.03,261.00,261.00,259.98,,260.92,,,5826,1519370.51,413,F1,1,,,,,
2026-09-23,2026-09-23,CM,NSE,STK,10576,INF204KB14I2,NIFTYBEES,EQ,,,,,NIP IND ETF NIFTY BEES,266.64,267.90,265.88,267.59,267.68,266.64,,267.59,,,3169237,847713199.83,25197,F1,1,,,,,
2026-09-23,2026-09-23,CM,NSE,STK,15032,INF204KB16I7,PSUBNKBEES,EQ,,,,,NIP IND ETF PSU BANK BEES,92.15,93.40,92.01,93.19,93.39,92.15,,93.19,,,1081518,100637619.48,3186,F1,1,,,,,
2026-09-23,2026-09-23,CM,NSE,STK,17044,INF732E01128,SHARIABEES,EQ,,,,,NIP IND ETF SHARIAH BEES,435.94,438.46,435.94,437.41,438.46,435.76,,437.42,,,4657,2036317.88,290,F1,1,,,,,
2026-09-23,2026-09-23,CM,NSE,STK,357,INE298J01013,NAM-INDIA,EQ,,,,,NIPPON L I A M LTD,1153.30,1175.80,1153.30,1165.00,1165.00,1159.00,,1165.02,,,494842,578064265.50,17539,F1,1,,,,,
2026-09-23,2026-09-23,CM,NSE,STK,757725,INF204KC1FU1,LIQGRWBEES,EQ,,,,,NIPPONAMC - LIQGRWBEES,1056.45,1056.59,1056.45,1056.58,1056.59,1056.45,,1056.58,,,181780,192066413.61,274,F1,1,,,,,
2026-09-23,2026-09-23,CM,NSE,STK,758667,INF204KC1GH6,MANUFGBEES,EQ,,,,,NIPPONAMC - MANUFGBEES,158.84,161.22,158.84,160.41,161.00,160.44,,160.48,,,6899,1107105.08,71,F1,1,,,,,
2026-09-23,2026-09-23,CM,NSE,STK,7880,INF204KC1337,AUTOBEES,EQ,,,,,NIPPONAMC - NETFAUTO,280.69,281.26,279.30,280.54,280.79,280.12,,280.54,,,88750,24884467.05,1542,F1,1,,,,,
2026-09-23,2026-09-23,CM,NSE,STK,4973,INF204KC1089,PHARMABEES,EQ,,,,,NIPPONAMC - NETFPHARMA,28.37,28.37,27.61,27.89,27.92,27.68,,27.89,,,3305177,91891393.82,7883,F1,1,,,,,
2026-09-23,2026-09-23,CM,NSE,STK,8080,INF204KC1402,SILVERBEES,EQ,,,,,NIPPONAMC - NETFSILVER,222.62,223.63,219.86,220.26,220.29,220.27,,220.26,,,16219218,3598861684.21,45400,F1,1,,,,,
2026-09-23,2026-09-23,CM,NSE,STK,757455,INF204KC1EZ3,SNXT30BEES,EQ,,,,,NIPPONAMC - SNXT30BEES,41.00,42.28,41.00,42.28,42.28,42.06,,42.28,,,1972,83072.48,50,F1,1,,,,,
2026-09-23,2026-09-23,CM,NSE,STK,255,INE368I01016,NIRAJ,EQ,,,,,NIRAJ CEMENT STRUC LTD,28.16,28.87,27.98,27.99,28.00,28.16,,27.99,,,15392,431375.92,55,F1,1,,,,,
2026-09-23,2026-09-23,CM,NSE,STK,18844,INE326T01011,NIRAJISPAT,BE,,,,,NIRAJ ISPAT IND LTD,264.70,275.00,249.00,274.80,274.80,262.10,,274.80,,,1230,310023.65,31,F1,1,,,,,
2026-09-23,2026-09-23,CM,NSE,STK,2433,INE910A01012,NIRLON,EQ,,,,,NIRLON LTD,604.30,615.00,597.00,610.05,612.30,601.35,,609.84,,,5520,3340084.25,627,F1,1,,,,,
2026-09-23,2026-09-23,CM,NSE,STK,14722,INE0OK701014,NIRMAN,SM,,,,,NIRMAN AGRI GENTICS LTD,27.00,27.40,26.75,27.10,27.05,27.00,,27.10,,,4200,113745.00,10,F1,300,,,,,
2026-09-23,2026-09-23,CM,NSE,STK,13300,INE858F01012,NITCO,EQ,,,,,NITCO LIMITED,91.90,93.00,91.44,92.38,93.00,91.89,,92.39,,,561111,51585081.06,2944,F1,1,,,,,
2026-09-23,2026-09-23,CM,NSE,STK,13175,INE229H01012,NITINSPIN,EQ,,,,,NITIN SPINNERS LIMITED,613.75,619.90,610.70,617.80,617.00,608.40,,617.79,,,46585,28695172.30,2906,F1,1,,,,,
2026-09-23,2026-09-23,CM,NSE,STK,3247,INE439T01012,NITIRAJ,EQ,,,,,NITIRAJ ENGINEERS LTD,225.05,230.95,225.05,228.34,228.39,229.33,,228.34,,,827,187895.56,36,F1,1,,,,,
2026-09-23,2026-09-23,CM,NSE,STK,762824,INE265B01019,NITTAGELA,EQ,,,,,NITTA GELATIN INDIA LTD.,1691.60,1737.70,1691.60,1730.20,1734.00,1700.10,,1730.20,,,2246,3849052.80,311,F1,1,,,,,
2026-09-23,2026-09-23,CM,NSE,STK,27097,INE995S01015,NIVABUPA,EQ,,,,,NIVA BUPA HEALTH INS CO L,80.83,80.83,79.92,80.23,80.42,80.83,,80.22,,,390877,31390174.74,7339,F1,1,,,,,
2026-09-23,2026-09-23,CM,NSE,STK,2439,INE542C01019,NKIND,EQ,,,,,NK INDUSTRIES LTD,56.56,57.99,56.51,56.78,56.78,56.55,,56.78,,,485,27495.99,28,F1,1,,,,,
2026-09-23,2026-09-23,CM,NSE,STK,8585,INE589A01014,NLCINDIA,EQ,,,,,NLC INDIA LIMITED,267.00,269.15,265.30,267.10,267.50,267.00,,267.10,,,758960,202767478.20,21151,F1,1,,,,,
2026-09-23,2026-09-23,CM,NSE,STK,15332,INE584A01023,NMDC,EQ,,,,,NMDC LTD.,80.07,82.32,80.07,82.00,82.00,80.20,,82.00,,,11699092,953427489.49,45844,F1,1,,,,,
2026-09-23,2026-09-23,CM,NSE,STK,14180,INE0NNS01018,NSLNISP,EQ,,,,,NMDC STEEL LIMITED,42.61,44.62,42.41,43.95,44.01,42.51,,43.95,,,8502115,373384678.28,26715,F1,1,,,,,
2026-09-23,2026-09-23,CM,NSE,STK,2442,INE163A01018,NOCIL,EQ,,,,,NOCIL LIMITED,194.40,211.20,194.00,206.30,206.19,193.89,,206.33,,,7384798,1519063059.96,58153,F1,1,,,,,
2026-09-23,2026-09-23,CM,NSE,STK,10786,INE781B01015,NOIDATOLL,EQ,,,,,NOIDA TOLL BRIDGE CO LTD,4.00,4.01,3.92,3.93,3.99,4.00,,3.94,,,120653,479217.57,269,F1,1,,,,,
2026-09-23,2026-09-23,CM,NSE,STK,4160,INE369C01017,NORBTEAEXP,EQ,,,,,NORBEN TEA & EXPORTS LTD,65.93,67.39,64.00,65.55,65.55,66.26,,65.55,,,996,65250.83,32,F1,1,,,,,
2026-09-23,2026-09-23,CM,NSE,STK,13533,INE553C01016,NECCLTD,BE,,,,,NORTH EAST CARRY CORP LTD,19.74,19.99,18.71,19.54,19.70,19.66,,19.51,,,72855,1409286.44,187,F1,1,,,,,
2026-09-23,2026-09-23,CM,NSE,STK,25426,INE850M01015,NORTHARC,EQ,,,,,NORTHERN ARC CAPITAL LTD,317.70,317.75,311.40,313.80,314.90,315.90,,313.74,,,587471,184703006.20,14867,F1,1,,,,,
2026-09-23,2026-09-23,CM,NSE,STK,22477,INE02H701025,NOVAAGRI,EQ,,,,,NOVA AGRITECH LIMITED,22.90,23.40,22.90,23.11,23.20,23.08,,23.11,,,29754,689409.28,239,F1,1,,,,,
2026-09-23,2026-09-23,CM,NSE,STK,9007,INE234A01025,NOVARTIND,EQ,,,,,NOVARTIS INDIA LIMITED,1998.00,2099.00,1959.90,2027.40,2035.00,1973.30,,2027.38,,,77712,157580925.70,10817,F1,1,,,,,
2026-09-23,2026-09-23,CM,NSE,STK,7553,INE349A01021,NRBBEARING,EQ,,,,,NRB BEARING LIMITED,519.85,548.80,518.10,541.05,539.55,520.50,,541.04,,,1530829,830016458.15,45852,F1,1,,,,,
2026-09-23,2026-09-23,CM,NSE,STK,29733,INE047O01014,NIBL,EQ,,,,,NRB INDUS. BEARINGS LTD.,34.00,34.30,33.00,33.52,33.50,33.08,,33.52,,,37193,1258979.04,419,F1,1,,,,,
2026-09-23,2026-09-23,CM,NSE,STK,27176,INE0ONG01011,NTPCGREEN,EQ,,,,,NTPC GREEN ENERGY LIMITED,93.78,95.80,93.77,95.42,95.63,93.31,,95.42,,,5223366,497487132.54,41016,F1,1,,,,,
2026-09-23,2026-09-23,CM,NSE,STK,11630,INE733E01010,NTPC,EQ,,,,,NTPC LTD,326.50,329.40,325.00,326.00,326.00,327.80,,326.00,,,10525477,3439123287.90,88503,F1,1,,,,,
2026-09-23,2026-09-23,CM,NSE,STK,10791,INE096B01018,NUCLEUS,EQ,,,,,NUCLEUS SOFTWARE EXPORTS,685.95,695.10,681.05,685.00,684.05,685.95,,685.02,,,9840,6735755.55,1006,F1,1,,,,,
2026-09-23,2026-09-23,CM,NSE,STK,13680,INE0JM501013,NRL,BE,,,,,NUPUR RECYCLERS LIMITED,163.90,166.26,163.69,166.26,166.26,158.35,,166.26,,,78481,12998983.92,599,F1,1,,,,,
2026-09-23,2026-09-23,CM,NSE,STK,2353,INE0DSF01015,NURECA,BE,,,,,NURECA LIMITED,342.40,345.00,333.20,335.60,335.20,336.00,,335.60,,,3503,1178473.45,118,F1,1,,,,,
2026-09-23,2026-09-23,CM,NSE,STK,18721,INE531F01023,NUVAMA,EQ,,,,,NUVAMA WEALTH MANAGE LTD,1669.70,1696.80,1669.60,1688.20,1685.00,1675.70,,1688.19,,,82852,140077897.80,11882,F1,1,,,,,
2026-09-23,2026-09-23,CM,NSE,STK,5426,INE118D01016,NUVOCO,EQ,,,,,NUVOCO VISTAS CORP LTD,338.40,348.75,337.00,344.75,348.10,338.85,,344.74,,,312009,107482281.45,12094,F1,1,,,,,
2026-09-23,2026-09-23,CM,NSE,STK,24298,INE0SF023016,NXT-INFRA,IV,,,,,NXT-INFRA TRUST,99.80,99.80,99.80,99.80,99.80,99.80,,99.80,,,50000,4990000.00,1,F1,25000,,,,,
2026-09-23,2026-09-23,CM,NSE,STK,8797,INE426Z01016,OBCL,EQ,,,,,OBCL LIMITED,59.60,61.00,59.60,60.27,60.11,58.16,,60.27,,,45135,2715647.50,251,F1,1,,,,,
2026-09-23,2026-09-23,CM,NSE,STK,20242,INE093I01010,OBEROIRLTY,EQ,,,,,OBEROI REALTY LIMITED,1842.10,1878.10,1831.00,1850.00,1850.00,1845.60,,1850.00,,,389012,721537386.80,41428,F1,1,,,,,
2026-09-23,2026-09-23,CM,NSE,STK,25923,INE0YHV01011,OBSCP,SM,,,,,OBSC PERFECTION LIMITED,923.00,958.95,921.00,952.60,958.00,916.75,,952.60,,,53600,50469900.00,128,F1,400,,,,,
2026-09-23,2026-09-23,CM,NSE,STK,25920,INE0PK601023,OCCLLTD,BE,,,,,OCCL LIMITED,153.85,157.98,150.00,155.17,156.78,151.34,,155.17,,,50473,7760878.27,274,F1,1,,,,,
2026-09-23,2026-09-23,CM,NSE,STK,27571,INE054301028,ODIGMA,EQ,,,,,ODIGMA CONSULTANCY SOL L,21.00,21.41,20.70,21.10,21.33,20.92,,21.10,,,29650,627592.07,1000,F1,1,,,,,
2026-09-23,2026-09-23,CM,NSE,STK,764803,INE839E01023,ODYCORP,EQ,,,,,ODYSSEY CORPORATION LTD.,7.39,7.39,6.99,7.13,7.14,7.02,,7.13,,,9889,70303.60,178,F1,1,,,,,
2026-09-23,2026-09-23,CM,NSE,STK,2475,INE213A01029,ONGC,EQ,,,,,OIL AND NATURAL GAS CORP.,235.50,236.90,234.20,236.90,236.90,236.13,,236.90,,,8913385,2102898780.13,77058,F1,1,,,,,
2026-09-23,2026-09-23,CM,NSE,STK,8109,INE591A01010,OILCOUNTUB,BE,,,,,OIL COUNTRY TUBULAR LTD.,69.54,69.54,69.45,69.50,69.50,68.18,,69.31,,,48531,3374014.59,83,F1,1,,,,,
2026-09-23,2026-09-23,CM,NSE,STK,17438,INE274J01014,OIL,EQ,,,,,OIL INDIA LTD,467.00,471.45,466.60,470.00,470.00,467.00,,470.00,,,711993,334317655.20,16091,F1,1,,,,,
2026-09-23,2026-09-23,CM,NSE,STK,24777,INE0LXG01040,OLAELEC,EQ,,,,,OLA ELECTRIC MOBILITY LTD,38.25,42.49,38.25,41.87,41.82,37.78,,41.87,,,390177989,16179970183.07,572669,F1,1,,,,,
2026-09-23,2026-09-23,CM,NSE,STK,10637,INE260D01016,OLECTRA,EQ,,,,,OLECTRA GREENTECH LIMITED,1229.00,1295.20,1226.50,1275.90,1278.90,1217.20,,1275.76,,,1782067,2271924604.40,76890,F1,1,,,,,
2026-09-23,2026-09-23,CM,NSE,STK,759412,INE1BZC01019,OMFREIGHT,BE,,,,,OM FREIGHT FORWARDERS LTD,89.90,94.00,86.50,92.26,92.50,90.29,,92.27,,,18987,1737292.50,161,F1,1,,,,,
2026-09-23,2026-09-23,CM,NSE,STK,24231,INE239D01028,OMINFRAL,EQ,,,,,OM INFRA LIMITED,80.58,81.40,77.25,78.34,78.89,78.93,,78.36,,,99989,7925395.12,1527,F1,1,,,,,
2026-09-23,2026-09-23,CM,NSE,STK,762432,INE25E901019,OMPOWER,EQ,,,,,OM POWER TRANSMISSION LTD,170.24,171.53,168.67,170.39,170.75,170.34,,170.39,,,18985,3236320.29,686,F1,1,,,,,
2026-09-23,2026-09-23,CM,NSE,STK,10922,INE090B01011,OMAXAUTO,EQ,,,,,OMAX AUTOS LTD,193.80,209.94,192.21,209.94,209.94,190.86,,209.94,,,199826,40668321.52,1942,F1,1,,,,,
2026-09-23,2026-09-23,CM,NSE,STK,14853,INE800H01010,OMAXE,EQ,,,,,OMAXE LIMITED,117.00,124.90,114.30,123.13,123.09,116.50,,123.12,,,873922,106211165.27,12111,F1,1,,,,,
2026-09-23,2026-09-23,CM,NSE,STK,117,INE338Y01016,OMFURN,SM,,,,,OMFURN INDIA LIMITED,54.10,54.10,53.95,53.95,53.95,56.75,,53.95,,,3600,194400.00,3,F1,1200,,,,,
2026-09-23,2026-09-23,CM,NSE,STK,760865,INE0UH301010,OMNI,EQ,,,,,OMNITECH ENGINEERING LTD,556.00,570.45,551.15,553.70,553.80,562.50,,553.70,,,487489,272326374.40,20213,F1,1,,,,,
2026-09-23,2026-09-23,CM,NSE,STK,19692,INE00ER01015,ONDOOR,SM,,,,,ON DOOR CONCEPTS LIMITED,267.00,268.00,265.10,268.00,268.00,271.75,,268.00,,,5700,1524915.00,10,F1,300,,,,,
2026-09-23,2026-09-23,CM,NSE,STK,6705,INE982J01020,PAYTM,EQ,,,,,ONE 97 COMMUNICATIONS LTD,1814.40,1819.90,1763.30,1775.00,1775.00,1814.40,,1775.00,,,2410487,4285997459.20,96696,F1,1,,,,,
2026-09-23,2026-09-23,CM,NSE,STK,765242,INE670O01013,ONEGLOBAL,EQ,,,,,ONE GLOBAL SERVICE PROV L,547.90,556.95,534.05,543.35,546.00,547.90,,542.56,,,9969,5395984.40,362,F1,1,,,,,
2026-09-23,2026-09-23,CM,NSE,STK,28046,INE0HLU01028,MOBIKWIK,EQ,,,,,ONE MOBIKWIK SYSTEMS LTD,208.48,209.69,202.00,202.93,203.90,209.02,,202.92,,,1411387,288524592.78,18961,F1,1,,,,,
2026-09-23,2026-09-23,CM,NSE,STK,9939,INE840Y01029,ONEPOINT,EQ,,,,,ONE POINT ONE SOL LTD,63.90,70.50,63.60,68.41,68.16,63.20,,68.42,,,21831475,1495649727.33,116383,F1,1,,,,,
2026-09-23,2026-09-23,CM,NSE,STK,19386,INE0OPS01011,OLIL,SM,,,,,ONECLICK LOGISTICS IND L,435.00,439.00,430.00,434.60,434.60,435.85,,434.60,,,4000,1729080.00,10,F1,400,,,,,
2026-09-23,2026-09-23,CM,NSE,STK,25496,INE912L01015,ONELIFECAP,BE,,,,,ONELIFE CAP ADVISORS LTD,34.98,36.00,33.51,35.09,35.00,35.19,,35.09,,,114937,4019587.27,114,F1,1,,,,,
2026-09-23,2026-09-23,CM,NSE,STK,763294,INE12F801023,KISSHT,EQ,,,,,ONEMI TECHNOLOGY SOL LTD,352.70,357.80,347.20,355.15,354.25,352.55,,355.15,,,925450,326513114.35,41041,F1,1,,,,,
2026-09-23,2026-09-23,CM,NSE,STK,29224,INE013P01021,ONESOURCE,EQ,,,,,ONESOURCE SPECL PHARMA L,1595.00,1609.50,1587.90,1596.70,1592.00,1587.90,,1596.72,,,158650,253813818.90,12741,F1,1,,,,,
2026-09-23,2026-09-23,CM,NSE,STK,2202,INE831A01028,ONIDA,EQ,,,,,ONIDA ELECTRONICS LIMITED,35.09,35.75,34.15,34.30,34.34,34.73,,34.30,,,965764,33593258.04,2756,F1,1,,,,,
2026-09-23,2026-09-23,CM,NSE,STK,764808,INE173M01012,ONIXSOLAR,EQ,,,,,ONIX SOLAR ENERGY LTD.,306.50,306.50,306.50,306.50,306.50,322.60,,306.03,,,17334,5312871.00,147,F1,1,,,,,
2026-09-23,2026-09-23,CM,NSE,STK,15282,INE809I01019,ONMOBILE,BE,,,,,ONMOBILE GLOBAL LTD.,53.80,54.70,51.40,52.09,52.74,53.29,,52.00,,,52548,2775068.08,438,F1,1,,,,,
2026-09-23,2026-09-23,CM,NSE,STK,2481,INE229A01017,ONWARDTEC,EQ,,,,,ONWARD TECHNOLOGIES LTD,287.20,296.00,287.00,294.00,293.95,286.60,,294.01,,,33949,9940831.30,1187,F1,1,,,,,
2026-09-23,2026-09-23,CM,NSE,STK,27143,INE0WVU01018,ONYX,ST,,,,,ONYX BIOTEC LIMITED,35.50,36.50,35.50,36.10,35.50,37.00,,36.10,,,22000,793300.00,7,F1,2000,,,,,
2026-09-23,2026-09-23,CM,NSE,STK,21469,INE350C01017,OPTIEMUS,EQ,,,,,OPTIEMUS INFRACOM LTD,800.00,850.65,781.20,828.35,830.80,708.90,,828.35,,,10628491,8699377465.40,203601,F1,1,,,,,
2026-09-23,2026-09-23,CM,NSE,STK,764813,INE031G01022,OPTIFIN,EQ,,,,,OPTIMUS FINANCE LTD.,15.88,17.00,14.69,15.46,15.29,16.70,,15.46,,,1281812,20341110.49,3030,F1,1,,,,,
2026-09-23,2026-09-23,CM,NSE,STK,764528,INE1JZB01022,OPTIMYSTIX,SM,,,,,OPTIMYSTIX ENT INDIA LTD,137.60,137.60,133.00,136.65,137.60,137.60,,136.65,,,8000,1088280.00,8,F1,800,,,,,
2026-09-23,2026-09-23,CM,NSE,STK,758903,INE15B101011,OPTIVALUE,ST,,,,,OPTIVALUE TEK CONSULT LTD,223.45,223.45,223.45,223.45,223.45,212.85,,223.45,,,38400,8580480.00,17,F1,1600,,,,,
2026-09-23,2026-09-23,CM,NSE,STK,10738,INE881D01027,OFSS,EQ,,,,,ORACLE FIN SERV SOFT LTD.,10989.00,11072.00,10801.00,10849.00,10849.00,10989.00,,10849.00,,,174209,1897645510.00,34574,F1,1,,,,,
2026-09-23,2026-09-23,CM,NSE,STK,31479,INE231G01010,ORBTEXP,BE,,,,,ORBIT EXPORTS LIMITED,227.10,234.80,225.10,228.36,228.00,228.32,,228.36,,,3671,835161.65,48,F1,1,,,,,
2026-09-23,2026-09-23,CM,NSE,STK,29492,INE215B01022,ORCHASP,EQ,,,,,ORCHASP LIMITED,1.38,1.43,1.34,1.37,1.39,1.37,,1.37,,,279036,383273.37,374,F1,1,,,,,
2026-09-23,2026-09-23,CM,NSE,STK,926,INE191A01027,ORCHPHARMA,EQ,,,,,ORCHID PHARMA LIMITED,1105.00,1129.20,1090.00,1102.05,1094.00,1107.20,,1102.28,,,134909,149383672.60,11866,F1,1,,,,,
2026-09-23,2026-09-23,CM,NSE,STK,17882,INE0OUT01027,ORIANA,SM,,,,,ORIANA POWER LIMITED,281.00,314.90,275.90,308.30,308.80,275.90,,308.30,,,1024875,306060393.75,2045,F1,375,,,,,
2026-09-23,2026-09-23,CM,NSE,STK,10159,INE730A01022,ORICONENT,EQ,,,,,ORICON ENTERPRISES LTD,55.78,55.80,52.31,53.84,53.52,55.78,,53.90,,,37842,2046121.40,701,F1,1,,,,,
2026-09-23,2026-09-23,CM,NSE,STK,14278,INE607D01018,ORIENTBELL,EQ,,,,,ORIENT BELL LIMITED,386.90,397.95,382.40,391.50,395.80,392.80,,391.57,,,28548,11113514.35,1985,F1,1,,,,,
2026-09-23,2026-09-23,CM,NSE,STK,30089,INE876N01018,ORIENTCEM,EQ,,,,,ORIENT CEMENT LTD.,124.43,125.50,123.31,124.89,125.00,123.19,,124.89,,,144462,18015683.33,1578,F1,1,,,,,
2026-09-23,2026-09-23,CM,NSE,STK,13111,INE569C01020,ORIENTCER,EQ,,,,,ORIENT CERATECH LIMITED,48.60,48.84,47.69,47.70,47.70,48.08,,47.70,,,42804,2049229.84,575,F1,1,,,,,
2026-09-23,2026-09-23,CM,NSE,STK,2972,INE142Z01019,ORIENTELEC,EQ,,,,,ORIENT ELECTRIC LIMITED,165.81,171.90,165.80,168.08,169.20,166.54,,168.09,,,197695,33235830.00,6761,F1,1,,,,,
2026-09-23,2026-09-23,CM,NSE,STK,20110,INE999K01014,GREENPOWER,EQ,,,,,ORIENT GREEN POWER CO LTD,9.18,9.18,9.03,9.08,9.07,9.00,,9.08,,,2257309,20499778.09,3049,F1,1,,,,,
2026-09-23,2026-09-23,CM,NSE,STK,2493,INE750A01020,ORIENTHOT,EQ,,,,,ORIENT HOTELS LTD,144.12,144.38,142.46,143.58,144.00,142.88,,143.58,,,295043,42322754.33,2237,F1,1,,,,,
2026-09-23,2026-09-23,CM,NSE,STK,2496,INE592A01026,ORIENTPPR,EQ,,,,,ORIENT PAPER AND INDS LTD,17.01,17.10,16.75,16.90,16.96,16.99,,16.90,,,185833,3147481.86,987,F1,1,,,,,
2026-09-23,2026-09-23,CM,NSE,STK,18211,INE609C01024,ORIENTLTD,BE,,,,,ORIENT PRESS LIMITED,80.00,81.19,80.00,80.19,80.00,81.89,,80.19,,,3366,269559.85,16,F1,1,,,,,
2026-09-23,2026-09-23,CM,NSE,STK,24961,INE0PPK01015,ORIENTTECH,EQ,,,,,ORIENT TECHNOLOGIES LTD,235.08,239.80,233.50,238.06,238.20,235.08,,238.08,,,76929,18179234.23,2239,F1,1,,,,,
2026-09-23,2026-09-23,CM,NSE,STK,10768,INE959C01023,OAL,EQ,,,,,ORIENTAL AROMATICS LTD,562.00,568.35,548.00,558.35,555.00,556.90,,558.66,,,23735,13327943.60,1299,F1,1,,,,,
2026-09-23,2026-09-23,CM,NSE,STK,764818,INE457G01029,ORIRAIL,EQ,,,,,ORIENTAL RAIL INFRA L,127.00,128.22,124.37,126.81,127.75,126.96,,126.68,,,72334,9154976.26,1964,F1,1,,,,,
2026-09-23,2026-09-23,CM,NSE,STK,14346,INE998H01012,ORIENTALTL,EQ,,,,,ORIENTAL TRIMEX LTD,5.07,5.10,4.90,4.96,4.96,4.98,,4.96,,,140278,695943.07,356,F1,1,,,,,
2026-09-23,2026-09-23,CM,NSE,STK,19931,INE725E01024,ORISSAMINE,EQ,,,,,ORISSA MIN DEV CO LTD,3880.60,3932.80,3825.30,3841.20,3856.00,3879.70,,3841.04,,,8069,31279072.00,1528,F1,1,,,,,
2026-09-23,2026-09-23,CM,NSE,STK,759569,INE16NZ01023,ORKLAINDIA,EQ,,,,,ORKLA INDIA LIMITED,573.00,578.55,556.00,557.45,556.90,569.25,,557.44,,,164395,93223298.20,10962,F1,1,,,,,
2026-09-23,2026-09-23,CM,NSE,STK,2979,INE749B01020,ORTINGLOBE,EQ,,,,,ORTIN GLOBAL LIMITED,14.70,15.19,14.70,15.10,15.19,14.74,,15.10,,,7046,106165.09,65,F1,1,,,,,
2026-09-23,2026-09-23,CM,NSE,STK,25386,INE0RMF01018,OSELDEVICE,SM,,,,,OSEL DEVICES LIMITED,364.95,411.00,364.00,404.65,409.90,361.25,,404.65,,,83800,32499080.00,295,F1,200,,,,,
2026-09-23,2026-09-23,CM,NSE,STK,12643,INE06IR01021,OSIAHYPER,BE,,,,,OSIA HYPER RETAIL LIMITED,2.25,2.30,2.18,2.20,2.20,2.25,,2.20,,,195590,432515.57,317,F1,1,,,,,
2026-09-23,2026-09-23,CM,NSE,STK,2514,INE142A01012,OSWALAGRO,EQ,,,,,OSWAL AGRO MILLS LTD,35.20,35.20,34.21,34.96,34.98,35.12,,34.96,,,13284,462112.17,326,F1,1,,,,,
2026-09-23,2026-09-23,CM,NSE,STK,471,INE143A01010,OSWALGREEN,EQ,,,,,OSWAL GREENTECH LIMITED,19.75,20.30,19.75,20.20,20.06,20.06,,20.15,,,70616,1417569.35,658,F1,1,,,,,
2026-09-23,2026-09-23,CM,NSE,STK,756802,INE0BYP01024,OSWALPUMPS,EQ,,,,,OSWAL PUMPS LIMITED,290.10,296.35,282.30,284.25,284.10,273.60,,284.26,,,2158898,625498637.45,32058,F1,1,,,,,
2026-09-23,2026-09-23,CM,NSE,STK,22914,INE0R8M01017,OWAIS,ST,,,,,OWAIS METAL & MINERAL,77.05,78.60,75.60,75.60,75.60,77.10,,75.60,,,7300,570920.00,38,F1,100,,,,,
2026-09-23,2026-09-23,CM,NSE,STK,765145,INE501F01018,PBMPOLY,EQ,,,,,P B M POLYTEX LTD.,64.00,64.00,63.68,63.68,63.68,65.01,,64.00,,,134,8575.68,7,F1,1,,,,,
2026-09-23,2026-09-23,CM,NSE,STK,25312,INE953R01016,PNGJL,EQ,,,,,P N GADGIL JEWELLERS LTD,598.40,611.00,593.70,605.00,602.60,598.40,,604.99,,,438608,264752443.80,21379,F1,1,,,,,
2026-09-23,2026-09-23,CM,NSE,STK,764845,INE035S01028,POEL,EQ,,,,,P O C L ENTERPRISES LTD.,138.05,143.99,137.41,140.57,142.95,138.05,,140.81,,,17106,2384406.59,446,F1,1,,,,,
2026-09-23,2026-09-23,CM,NSE,STK,2535,INE179A01014,PGHH,EQ,,,,,P&G HYGIENE & HEALTH CARE,7325.00,7325.00,7170.00,7193.50,7190.00,7282.00,,7191.84,,,31383,226645577.50,10293,F1,1,,,,,
2026-09-23,2026-09-23,CM,NSE,STK,759342,INE0S3G01027,PACEDIGITK,EQ,,,,,PACE DIGITEK LIMITED,168.57,172.35,167.54,169.39,169.00,167.74,,169.38,,,1797594,305290278.35,20430,F1,1,,,,,
2026-09-23,2026-09-23,CM,NSE,STK,764823,INE883C01025,PACIFICI,EQ,,,,,PACIFIC INDUSTRIES LTD.,140.00,144.79,138.60,142.34,144.79,140.00,,142.34,,,225,31490.35,15,F1,1,,,,,
2026-09-23,2026-09-23,CM,NSE,STK,14413,INE761H01022,PAGEIND,EQ,,,,,PAGE INDUSTRIES LTD,37480.00,37545.00,37055.00,37340.00,37340.00,37150.00,,37339.89,,,17565,655322400.00,7672,F1,1,,,,,
2026-09-23,2026-09-23,CM,NSE,STK,25468,INE420C01059,PAISALO,EQ,,,,,PAISALO DIGITAL LIMITED,93.88,93.89,89.10,90.39,90.49,93.43,,90.39,,,16379793,1501166468.39,37775,F1,1,,,,,
2026-09-23,2026-09-23,CM,NSE,STK,17197,INE551D01018,PAKKA,EQ,,,,,PAKKA LIMITED,77.02,79.00,76.50,77.15,77.15,77.02,,77.17,,,58981,4585833.60,722,F1,1,,,,,
2026-09-23,2026-09-23,CM,NSE,STK,21383,INE471W01019,PALASHSECU,EQ,,,,,PALASH SECURITIES LTD,87.11,88.90,85.00,85.69,85.69,86.70,,85.69,,,2003,172491.96,169,F1,1,,,,,
2026-09-23,2026-09-23,CM,NSE,STK,17062,INE218G01033,PALREDTEC,EQ,,,,,PALRED TECHNOLOGIES LTD,45.00,49.29,45.00,46.73,46.73,46.95,,46.73,,,1460,71863.04,40,F1,1,,,,,
2026-09-23,2026-09-23,CM,NSE,STK,4055,INE922B01023,PANACEABIO,EQ,,,,,PANACEA BIOTEC LTD,382.60,386.70,378.00,381.75,382.40,382.65,,381.72,,,34025,13019164.55,1698,F1,1,,,,,
2026-09-23,2026-09-23,CM,NSE,STK,16355,INE895W01019,PANACHE,BE,,,,,PANACHE DIGILIFE LIMITED,502.00,519.75,502.00,519.75,519.75,509.60,,519.75,,,6678,3413356.35,53,F1,1,,,,,
2026-09-23,2026-09-23,CM,NSE,STK,25392,INE305C01029,PANAMAPET,EQ,,,,,PANAMA PETROCHEM LTD,481.10,490.90,474.05,480.70,480.50,481.25,,480.70,,,164568,79717266.05,5329,F1,1,,,,,
2026-09-23,2026-09-23,CM,NSE,STK,764828,INE798F01010,PANCHMAHQ,EQ,,,,,PANCHMAHAL STEEL LTD.,291.00,291.00,290.95,290.95,290.95,301.00,,299.00,,,40,11639.85,4,F1,1,,,,,
2026-09-23,2026-09-23,CM,NSE,STK,765140,INE258R01028,PANORAMA,EQ,,,,,PANORAMA STUDIOS INTL. L,56.48,56.99,55.34,56.87,56.57,55.32,,56.82,,,371956,21071455.23,2788,F1,1,,,,,
2026-09-23,2026-09-23,CM,NSE,STK,6141,INE697V01011,PANSARI,EQ,,,,,PANSARI DEVELOPERS LTD,271.65,289.05,271.65,277.00,276.00,278.10,,277.00,,,201,55484.10,12,F1,1,,,,,
2026-09-23,2026-09-23,CM,NSE,STK,5637,INE04LG01015,PAR,BE,,,,,PAR DRUGS AND CHEM LTD,136.79,136.79,131.30,131.92,132.00,137.82,,131.92,,,15475,2052749.75,265,F1,1,,,,,
2026-09-23,2026-09-23,CM,NSE,STK,9741,INE088F01024,PARADEEP,EQ,,,,,PARADEEP PHOSPHATES LTD,154.50,156.34,153.33,154.26,154.30,154.17,,154.19,,,1182398,183038441.22,16160,F1,1,,,,,
2026-09-23,2026-09-23,CM,NSE,STK,17130,INE883N01014,PARAGMILK,EQ,,,,,PARAG MILK FOODS LTD.,281.95,286.20,263.20,268.90,268.00,279.40,,268.81,,,2858071,784656846.50,47549,F1,1,,,,,
2026-09-23,2026-09-23,CM,NSE,STK,19779,INE0N4G01012,PARAGON,SM,,,,,PARAGON FINE S.C. LTD.,55.00,55.50,53.20,53.20,53.20,54.50,,53.20,,,12000,651480.00,10,F1,1200,,,,,
2026-09-23,2026-09-23,CM,NSE,STK,25069,INE0S2W01018,PARAMATRIX,SM,,,,,PARAMATRIX TECHNOLOGIES L,57.20,63.00,57.20,60.00,60.00,55.10,,60.00,,,20400,1247040.00,10,F1,1200,,,,,
2026-09-23,2026-09-23,CM,NSE,STK,13951,INE074B01023,PARACABLES,EQ,,,,,PARAMOUNT COMM LTD,61.49,63.35,61.49,62.29,62.55,61.75,,62.29,,,1209778,75594918.93,7097,F1,1,,,,,
2026-09-23,2026-09-23,CM,NSE,STK,25431,INE0Q6001012,PSFL,SM,,,,,PARAMOUNT SPECIALI FORG L,32.95,33.50,32.50,32.50,32.50,32.35,,32.50,,,12000,395900.00,4,F1,2000,,,,,
2026-09-23,2026-09-23,CM,NSE,STK,5911,INE045601023,PARAS,EQ,,,,,PARAS DEF AND SPCE TECH L,1383.80,1411.00,1362.10,1381.20,1380.00,1375.50,,1381.19,,,526157,727617974.60,28546,F1,1,,,,,
2026-09-23,2026-09-23,CM,NSE,STK,3972,INE162C01024,PARASPETRO,EQ,,,,,PARAS PETROFILS LTD.,2.07,2.12,2.05,2.08,2.08,2.09,,2.08,,,103163,215016.65,260,F1,1,,,,,
2026-09-23,2026-09-23,CM,NSE,STK,5460,INE00U801010,PARIN,SM,,,,,PARIN ENTERPRISES LIMITED,712.00,712.00,685.25,701.20,707.00,697.70,,701.20,,,26500,18407062.50,60,F1,250,,,,,
2026-09-23,2026-09-23,CM,NSE,STK,760351,INE119201023,PARKHOSPS,EQ,,,,,PARK MEDI WORLD LIMITED,286.40,291.45,284.90,286.55,286.90,285.10,,286.54,,,582522,167501268.45,11144,F1,1,,,,,
2026-09-23,2026-09-23,CM,NSE,STK,22649,INE988S01028,PARKHOTELS,EQ,,,,,PARKHOTELS,108.00,108.67,105.51,106.29,107.58,107.75,,106.29,,,186387,19847987.61,2785,F1,1,,,,,
2026-09-23,2026-09-23,CM,NSE,STK,764833,INE383L01019,PARNAXLAB,EQ,,,,,PARNAX LAB LTD.,134.98,134.98,125.00,128.73,128.99,129.22,,128.67,,,44059,5512166.95,83,F1,1,,,,,
2026-09-23,2026-09-23,CM,NSE,STK,13795,INE561H01026,PARSVNATH,BE,,,,,PARSVNATH DEVELOPER LTD,1.93,1.93,1.93,1.93,1.93,1.90,,1.93,,,79427,153294.11,41,F1,1,,,,,
2026-09-23,2026-09-23,CM,NSE,STK,758217,INE1H7V01011,PARTH,SM,,,,,PARTH ELEC & ENG LTD,530.05,547.00,520.05,524.00,523.00,542.00,,524.00,,,10800,5704180.00,27,F1,400,,,,,
2026-09-23,2026-09-23,CM,NSE,STK,2599,INE06ZX01015,PARTYCRUS,SM,,,,,PARTY CRUISERS LIMITED,99.00,99.00,98.00,98.90,98.90,97.10,,98.90,,,16000,1582350.00,16,F1,1000,,,,,
2026-09-23,2026-09-23,CM,NSE,STK,757955,INE124Y01028,PASHUPATI,EQ,,,,,PASHUPATI COTSPIN LIMITED,80.76,82.21,80.20,80.39,80.27,80.20,,80.39,,,198559,15994003.24,4333,F1,1,,,,,
2026-09-23,2026-09-23,CM,NSE,STK,6045,INE818B01023,PASUPTAC,EQ,,,,,PASUPATI ACRYLON LIMITED,77.00,81.29,75.02,79.82,79.26,76.37,,79.83,,,1040321,82046717.78,8039,F1,1,,,,,
2026-09-23,2026-09-23,CM,NSE,STK,17029,INE619A01035,PATANJALI,EQ,,,,,PATANJALI FOODS LIMITED,404.00,412.90,402.05,409.45,409.45,404.00,,409.42,,,4117507,1683762998.45,48169,F1,1,,,,,
2026-09-23,2026-09-23,CM,NSE,STK,758732,INE244B07243,1025PATE28,N0,,,,,PATE 10.25% 2028,99000.00,99000.00,98500.00,98500.00,98500.00,100000.00,,98500.00,,,2,197500.00,2,F1,1,,,,,
2026-09-23,2026-09-23,CM,NSE,STK,11699,INE244B01030,PATELENG,EQ,,,,,PATEL ENGINEERING LTD.,27.00,27.64,26.95,27.27,27.30,26.85,,27.27,,,3111930,84979943.84,9203,F1,1,,,,,
2026-09-23,2026-09-23,CM,NSE,STK,15219,INE529D01014,PATINTLOG,EQ,,,,,PATEL INT. LOG. LTD,14.29,14.53,14.06,14.42,14.31,14.19,,14.41,,,75782,1093928.66,233,F1,1,,,,,
2026-09-23,2026-09-23,CM,NSE,STK,759439,INE0R8B01010,PATELRMART,EQ,,,,,PATEL RETAIL LIMITED,204.34,211.28,204.05,210.33,211.28,205.36,,210.34,,,55309,11542309.01,1295,F1,1,,,,,
2026-09-23,2026-09-23,CM,NSE,STK,756963,INE17GV01016,PATILAUTOM,SM,,,,,PATIL AUTOMATION LIMITED,361.00,370.00,345.10,350.15,353.00,359.80,,350.15,,,64800,23048010.00,104,F1,600,,,,,
2026-09-23,2026-09-23,CM,NSE,STK,762834,INE291E01019,PML,EQ,,,,,PAUL MERCHANTS LTD.,498.85,498.85,474.10,486.00,497.05,498.85,,485.99,,,1239,601395.45,43,F1,1,,,,,
2026-09-23,2026-09-23,CM,NSE,STK,759969,INE111F01024,PAUSHAKLTD,EQ,,,,,PAUSHAK LIMITED,700.95,711.60,680.00,687.20,688.00,700.95,,687.21,,,46827,32486891.10,3100,F1,1,,,,,
2026-09-23,2026-09-23,CM,NSE,STK,16192,INE07S101038,PAVNAIND,EQ,,,,,PAVNA INDUSTRIES LIMITED,15.33,15.83,15.02,15.50,15.40,15.46,,15.50,,,23798,368044.67,239,F1,1,,,,,
2026-09-23,2026-09-23,CM,NSE,STK,6656,INE417T01026,POLICYBZR,EQ,,,,,PB FINTECH LIMITED,1800.00,1904.90,1793.00,1886.30,1886.30,1805.00,,1886.31,,,2477939,4635926186.60,83218,F1,1,,,,,
2026-09-23,2026-09-23,CM,NSE,STK,29124,INE785M01021,PCJEWELLER,EQ,,,,,PC JEWELLER LTD,13.80,14.86,13.64,14.47,14.48,13.58,,14.47,,,867441415,12483313464.52,328550,F1,1,,,,,
2026-09-23,2026-09-23,CM,NSE,STK,2649,INE602A01031,PCBL,EQ,,,,,PCBL CHEMICAL LIMITED,346.55,356.00,344.05,345.45,346.35,347.75,,345.45,,,1432331,501850936.05,27688,F1,1,,,,,
2026-09-23,2026-09-23,CM,NSE,STK,761819,INE389Z07104,9PCPL28A,N0,,,,,PCPL 9% 2028,9451.00,9460.01,9451.00,9460.01,9460.01,9451.00,,9460.01,,,10,94560.06,4,F1,1,,,,,
2026-09-23,2026-09-23,CM,NSE,STK,5264,INE111Q01021,PDSL,EQ,,,,,PDS LIMITED,362.40,364.00,359.05,361.40,361.50,361.45,,361.40,,,67691,24512101.45,3337,F1,1,,,,,
2026-09-23,2026-09-23,CM,NSE,STK,14260,INE940H01022,PGIL,EQ,,,,,PEARL GLOBAL IND LIMITED,1195.00,1309.80,1190.00,1300.80,1309.80,1194.90,,1300.77,,,767765,983196204.50,54667,F1,1,,,,,
2026-09-23,2026-09-23,CM,NSE,STK,2610,INE844A01013,PEARLPOLY,EQ,,,,,PEARL POLYMERS LTD,19.06,19.77,19.06,19.70,19.50,18.83,,19.70,,,47273,926989.44,192,F1,1,,,,,
2026-09-23,2026-09-23,CM,NSE,STK,25408,INE0VG601013,PELATRO,SM,,,,,PELATRO LIMITED,404.50,404.50,392.00,394.50,392.00,394.20,,394.50,,,11400,4534335.00,29,F1,300,,,,,
2026-09-23,2026-09-23,CM,NSE,STK,2256,INE138A01028,PENINLAND,EQ,,,,,PENINSULA LAND LIMITED,17.36,17.70,16.47,17.38,17.50,17.03,,17.38,,,304151,5226415.37,797,F1,1,,,,,
2026-09-23,2026-09-23,CM,NSE,STK,20621,INE932A01024,PENIND,EQ,,,,,PENNAR INDUSTRIES LTD,174.87,185.40,174.15,183.31,183.90,174.14,,183.32,,,1703156,310426994.63,20833,F1,1,,,,,
2026-09-23,2026-09-23,CM,NSE,STK,17139,INE0ORS01017,PENTAGON,ST,,,,,PENTAGON RUBBER LIMITED,92.30,95.75,92.30,95.00,95.00,91.20,,95.00,,,7000,663800.00,5,F1,1000,,,,,
2026-09-23,2026-09-23,CM,NSE,STK,758121,INE925S01012,PERFECT,SZ,,,,,PERFECT INFRAENGINEER LTD,1.60,1.60,1.60,1.60,1.60,1.60,,1.60,,,18000,28800.00,6,F1,3000,,,,,
2026-09-23,2026-09-23,CM,NSE,STK,764838,INE418E01018,PERMAGN,EQ,,,,,PERMANENT MAGNETS LTD.,837.85,839.85,827.20,832.50,830.00,837.85,,831.94,,,3174,2644893.10,235,F1,1,,,,,
2026-09-23,2026-09-23,CM,NSE,STK,18365,INE262H01021,PERSISTENT,EQ,,,,,PERSISTENT SYSTEMS LTD,5400.00,5413.00,5213.50,5240.00,5240.00,5366.00,,5239.93,,,388889,2049237120.00,33273,F1,1,,,,,
2026-09-23,2026-09-23,CM,NSE,STK,24290,INE998U01015,PCCL,SM,,,,,PETRO CARBON AND CHEMI L,449.95,454.00,442.00,453.05,453.90,450.90,,453.05,,,19600,8840440.00,30,F1,400,,,,,
2026-09-23,2026-09-23,CM,NSE,STK,11351,INE347G01014,PETRONET,EQ,,,,,PETRONET LNG LIMITED,282.05,286.90,282.05,285.85,285.85,281.75,,285.84,,,1300396,371383649.25,27193,F1,1,,,,,
2026-09-23,2026-09-23,CM,NSE,STK,760801,INE134E07DP0,7PFCL31,N3,,,,,PFCL 7.00% 2031 SR I,995.05,995.05,995.05,995.05,995.05,1000.05,,995.05,,,70,69653.50,1,F1,1,,,,,
2026-09-23,2026-09-23,CM,NSE,STK,2643,INE182A01018,PFIZER,EQ,,,,,PFIZER LTD,4021.00,4050.00,3991.00,4025.50,4045.00,3998.90,,4025.41,,,17586,70778476.40,4299,F1,1,,,,,
2026-09-23,2026-09-23,CM,NSE,STK,25358,INE457L01029,PGEL,EQ,,,,,PG ELECTROPLAST LTD,522.85,527.50,519.00,521.15,521.15,520.20,,521.16,,,546381,285922489.00,10696,F1,1,,,,,
2026-09-23,2026-09-23,CM,NSE,STK,11612,INE0MLZ01019,PHANTOMFX,SM,,,,,PHANTOM DIGITAL EFF LTD,91.00,96.40,91.00,91.65,92.00,92.95,,91.65,,,28200,2637750.00,58,F1,300,,,,,
2026-09-23,2026-09-23,CM,NSE,STK,2658,INE245B01011,PHOENXINTL,EQ,,,,,PHOENIX INTERNATIONAL LTD,29.00,29.00,27.80,28.16,28.10,28.35,,28.19,,,1955,54979.77,38,F1,1,,,,,
2026-09-23,2026-09-23,CM,NSE,STK,25513,INE0FPO01018,PHOGLOBAL,SM,,,,,PHOENIX OVERSEAS LIMITED,15.30,17.70,15.30,16.30,16.15,14.90,,16.30,,,58000,967400.00,24,F1,2000,,,,,
2026-09-23,2026-09-23,CM,NSE,STK,759723,INE0LP301011,PWL,EQ,,,,,PHYSICSWALLAH LIMITED,137.00,140.00,134.33,136.11,136.30,136.35,,136.11,,,8529874,1168011830.27,57643,F1,1,,,,,
2026-09-23,2026-09-23,CM,NSE,STK,24184,INE603J01030,PIIND,EQ,,,,,PI INDUSTRIES LTD,2407.20,2417.10,2381.00,2386.00,2386.00,2410.00,,2386.06,,,102874,246455288.60,13718,F1,1,,,,,
2026-09-23,2026-09-23,CM,NSE,STK,757754,INE546C01010,PICCADIL,EQ,,,,,PICCADILY AGRO INDUSTRI L,618.80,628.40,611.85,621.60,620.20,614.80,,621.59,,,110953,69005997.25,8741,F1,1,,,,,
2026-09-23,2026-09-23,CM,NSE,STK,2664,INE318A01026,PIDILITIND,EQ,,,,,PIDILITE INDUSTRIES LTD,1575.10,1591.70,1575.10,1588.10,1588.10,1572.70,,1588.10,,,536262,848787339.40,25089,F1,1,,,,,
2026-09-23,2026-09-23,CM,NSE,STK,30835,INE600A01035,PILITA,EQ,,,,,PIL ITALICA LIFESTYLE LTD,7.38,7.73,7.31,7.43,7.40,7.38,,7.43,,,31307,235746.53,154,F1,1,,,,,
2026-09-23,2026-09-23,CM,NSE,STK,11445,INE417C01014,PILANIINVS,EQ,,,,,PILANI INV & IND COR LTD,4008.30,4070.00,4000.00,4041.80,4027.30,4008.30,,4040.07,,,736,2977342.80,190,F1,1,,,,,
2026-09-23,2026-09-23,CM,NSE,STK,759820,INE15B701018,PINELABS,EQ,,,,,PINE LABS LIMITED,196.99,200.70,187.11,188.30,189.10,197.58,,188.30,,,37096342,7157228173.36,212669,F1,1,,,,,
2026-09-23,2026-09-23,CM,NSE,STK,13463,INE156C01018,PIONEEREMB,EQ,,,,,PIONEER EMBROIDERIES LTD,22.06,23.40,21.71,22.24,22.35,22.28,,22.24,,,8501,190387.29,118,F1,1,,,,,
2026-09-23,2026-09-23,CM,NSE,STK,759551,INE202B01038,PIRAMALFIN,EQ,,,,,PIRAMAL FINANCE LIMITED,2200.00,2250.30,2199.90,2226.50,2218.80,2206.70,,2227.26,,,387676,859165914.40,34297,F1,1,,,,,
2026-09-23,2026-09-23,CM,NSE,STK,11571,INE0DK501011,PPLPHARMA,EQ,,,,,PIRAMAL PHARMA LIMITED,210.60,214.47,209.00,210.74,211.00,210.12,,210.74,,,2879998,608583767.33,46852,F1,1,,,,,
2026-09-23,2026-09-23,CM,NSE,STK,14134,INE450D01021,PITTIENG,EQ,,,,,PITTI ENGINEERING LIMITED,1121.90,1175.00,1121.90,1167.10,1159.00,1121.90,,1167.13,,,162348,187583127.00,17388,F1,1,,,,,
2026-09-23,2026-09-23,CM,NSE,STK,9087,INE751B01018,PIXTRANS,EQ,,,,,PIX TRANSMISSIONS LIMITED,1736.00,1818.00,1736.00,1758.70,1756.50,1733.00,,1758.76,,,19427,34571370.00,3179,F1,1,,,,,
2026-09-23,2026-09-23,CM,NSE,STK,13920,INE083C01022,PLASTIBLEN,EQ,,,,,PLASTIBLENDS INDIA LTD,183.70,189.50,183.70,187.50,187.30,185.94,,187.51,,,11036,2069217.89,521,F1,1,,,,,
2026-09-23,2026-09-23,CM,NSE,STK,22930,INE0PT501018,PLATIND,EQ,,,,,PLATINUM INDUSTRIES LTD,216.07,218.17,214.82,216.58,215.50,216.07,,216.53,,,35738,7730539.02,1240,F1,1,,,,,
2026-09-23,2026-09-23,CM,NSE,STK,19458,INE0INJ01017,PLAZACABLE,EQ,,,,,PLAZA WIRES LIMITED,62.35,63.99,61.55,62.84,62.53,62.27,,62.85,,,103082,6477362.73,1358,F1,1,,,,,
2026-09-23,2026-09-23,CM,NSE,STK,8736,INE859A01011,PNBGILTS,EQ,,,,,PNB GILTS LIMITED,76.26,77.79,76.00,76.33,76.19,76.23,,76.33,,,165650,12689406.50,2239,F1,1,,,,,
2026-09-23,2026-09-23,CM,NSE,STK,18908,INE572E01012,PNBHOUSING,EQ,,,,,PNB HOUSING FIN LTD.,1125.10,1149.00,1125.10,1138.50,1138.50,1125.60,,1138.51,,,896182,1019612353.80,33077,F1,1,,,,,
2026-09-23,2026-09-23,CM,NSE,STK,9385,INE195J01029,PNCINFRA,EQ,,,,,PNC INFRATECH LTD.,138.81,142.24,138.01,139.17,139.01,139.62,,139.17,,,1243417,173842624.38,27261,F1,1,,,,,
2026-09-23,2026-09-23,CM,NSE,STK,9342,INE392B01011,PNC,EQ,,,,,PNC MEDIA AND ENT LTD,16.10,17.50,16.10,17.33,17.38,16.42,,17.30,,,24978,425707.69,225,F1,1,,,,,
2026-09-23,2026-09-23,CM,NSE,STK,760242,INE1RDG01013,PNGSREVA,EQ,,,,,PNGS REVA DIAMOND JEWEL L,515.50,527.80,510.65,525.95,522.00,511.70,,525.95,,,91990,47900948.90,4717,F1,1,,,,,
2026-09-23,2026-09-23,CM,NSE,STK,19036,INE371C01013,PODDARMENT,EQ,,,,,PODDAR PIGMENTS LIMITED,288.70,291.00,277.70,281.80,278.50,288.70,,281.80,,,7794,2197180.25,397,F1,1,,,,,
2026-09-23,2026-09-23,CM,NSE,STK,17651,INE637C01025,POKARNA,EQ,,,,,POKARNA LIMITED,737.00,750.00,736.05,741.05,743.00,732.55,,741.06,,,57910,43012105.95,3635,F1,1,,,,,
2026-09-23,2026-09-23,CM,NSE,STK,25718,INE205C01021,POLYMED,EQ,,,,,POLY MEDICURE LIMITED,1699.90,1734.00,1699.90,1726.60,1728.00,1699.00,,1726.63,,,66841,114922219.40,8210,F1,1,,,,,
2026-09-23,2026-09-23,CM,NSE,STK,9590,INE455K01017,POLYCAB,EQ,,,,,POLYCAB INDIA LIMITED,8398.50,8454.00,8367.00,8417.00,8417.00,8350.00,,8416.95,,,226275,1906155544.00,26269,F1,1,,,,,
2026-09-23,2026-09-23,CM,NSE,STK,2687,INE633B01018,POLYPLEX,EQ,,,,,POLYPLEX CORPORATION LTD,1090.00,1128.60,1090.00,1117.10,1120.00,1091.60,,1117.22,,,27586,30803154.60,3815,F1,1,,,,,
2026-09-23,2026-09-23,CM,NSE,STK,22711,INE517M01028,POLYSIL,SM,,,,,POLYSIL IRRIGATION SYST L,56.80,56.80,56.80,56.80,56.80,59.75,,56.80,,,6000,340800.00,7,F1,500,,,,,
2026-09-23,2026-09-23,CM,NSE,STK,765150,INE914G01029,POLYSPIN,EQ,,,,,POLYSPIN EXPORTS LTD.,28.65,32.00,28.65,30.78,30.80,28.51,,30.78,,,1253,38618.06,30,F1,1,,,,,
2026-09-23,2026-09-23,CM,NSE,STK,14385,INE063E01061,POCL,EQ,,,,,PONDY OXIDES & CHEM LTD,476.45,489.00,476.40,487.40,488.70,472.95,,487.40,,,365156,177043280.35,12465,F1,1,,,,,
2026-09-23,2026-09-23,CM,NSE,STK,10661,INE838E01017,PONNIERODE,EQ,,,,,PONNIE SUGARS (ERODE) LTD,362.80,392.80,362.00,375.25,375.80,362.80,,375.29,,,109319,41361963.55,3595,F1,1,,,,,
2026-09-23,2026-09-23,CM,NSE,STK,11403,INE511C01022,POONAWALLA,EQ,,,,,POONAWALLA FINCORP LTD,473.10,483.95,469.00,478.85,479.00,471.90,,478.83,,,1880797,895944570.00,52831,F1,1,,,,,
2026-09-23,2026-09-23,CM,NSE,STK,23142,INE772T01024,PVSL,EQ,,,,,POPULAR VEHICLES N SER L,98.92,100.37,97.60,98.71,98.90,99.92,,98.70,,,56036,5530333.41,800,F1,1,,,,,
2026-09-23,2026-09-23,CM,NSE,STK,24864,INE0S3H01017,POSITRON,SM,,,,,POSITRON ENERGY LIMITED,228.45,234.00,225.00,233.10,234.00,223.45,,233.10,,,19500,4508175.00,64,F1,300,,,,,
2026-09-23,2026-09-23,CM,NSE,STK,14299,INE134E01011,PFC,EQ,,,,,POWER FIN CORP LTD.,345.55,349.95,344.55,346.00,346.00,345.80,,346.00,,,11150266,3874930625.55,119040,F1,1,,,,,
2026-09-23,2026-09-23,CM,NSE,STK,14977,INE752E01010,POWERGRID,EQ,,,,,POWER GRID CORP. LTD.,265.95,270.85,265.95,270.20,270.20,265.95,,270.20,,,6114433,1646182461.50,59995,F1,1,,,,,
2026-09-23,2026-09-23,CM,NSE,STK,15716,INE557Z01018,PIGL,EQ,,,,,POWER INSTRUMENT (G) LTD,100.05,101.75,99.32,99.92,99.56,101.06,,100.11,,,19603,1964259.20,494,F1,1,,,,,
2026-09-23,2026-09-23,CM,NSE,STK,10473,INE211R01019,POWERMECH,EQ,,,,,POWER MECH PROJECTS LTD.,2430.00,2465.00,2414.20,2453.50,2446.90,2443.10,,2453.02,,,21384,52354311.60,4215,F1,1,,,,,
2026-09-23,2026-09-23,CM,NSE,STK,3494,INE0GGX23010,PGINVIT,IV,,,,,POWERGRID INFRA. INVITS,101.15,101.60,101.01,101.47,101.60,101.01,,101.47,,,1003749,101744465.79,4206,F1,1,,,,,
2026-09-23,2026-09-23,CM,NSE,STK,761680,INE921L01032,POWERICA,EQ,,,,,POWERICA LIMITED,553.00,576.20,553.00,570.85,571.00,559.30,,570.76,,,82043,46401636.10,3479,F1,1,,,,,
2026-09-23,2026-09-23,CM,NSE,STK,15213,INE095I01015,PPAP,BE,,,,,PPAP AUTOMOTIVE LIMITED,236.80,244.20,231.00,244.20,244.20,232.60,,244.93,,,12484,3004254.15,193,F1,1,,,,,
2026-09-23,2026-09-23,CM,NSE,STK,30134,INE0I0M01023,PRABHA,EQ,,,,,PRABHA ENERGY LIMITED,235.80,238.83,233.02,234.80,235.00,235.72,,234.80,,,84663,19953507.86,1542,F1,1,,,,,
2026-09-23,2026-09-23,CM,NSE,STK,762842,INE770A01010,PRADPME,BE,,,,,PRADEEP METALS LTD.,517.00,523.75,499.00,509.30,507.30,498.85,,509.30,,,38994,20026174.20,216,F1,1,,,,,
2026-09-23,2026-09-23,CM,NSE,STK,2705,INE074A01025,PRAJIND,EQ,,,,,PRAJ INDUSTRIES LTD,318.00,324.80,318.00,320.15,321.00,317.55,,320.14,,,289121,93021448.00,9034,F1,1,,,,,
2026-09-23,2026-09-23,CM,NSE,STK,13941,INE505C01016,PRAENG,EQ,,,,,PRAJAY ENG. SYN. LTD.,21.55,22.00,20.99,21.38,21.22,21.56,,21.38,,,29712,635365.23,228,F1,1,,,,,
2026-09-23,2026-09-23,CM,NSE,STK,2708,INE603A01013,PRAKASH,EQ,,,,,PRAKASH INDUSTRIES LTD,119.30,120.40,118.51,119.79,119.98,119.12,,119.79,,,429269,51338591.03,5285,F1,1,,,,,
2026-09-23,2026-09-23,CM,NSE,STK,10299,INE050001010,PPL,BE,,,,,PRAKASH PIPES LIMITED,269.05,278.50,269.05,272.25,273.00,273.40,,272.27,,,13404,3668603.45,176,F1,1,,,,,
2026-09-23,2026-09-23,CM,NSE,STK,19599,INE696K01024,PRAKASHSTL,EQ,,,,,PRAKASH STEELAGE LTD,3.72,3.82,3.70,3.72,3.74,3.72,,3.72,,,65249,242922.47,399,F1,1,,,,,
2026-09-23,2026-09-23,CM,NSE,STK,18514,INE0O7A01017,PRAMARA,SM,,,,,PRAMARA PROMOTIONS LTD,91.80,93.10,89.50,93.10,93.10,88.70,,93.10,,,23000,2112775.00,35,F1,500,,,,,
2026-09-23,2026-09-23,CM,NSE,STK,765287,INE2JG601017,PRAMODINI,SM,,,,,PRAMODINI MEDICARE LTD,114.85,117.00,114.00,116.20,116.40,115.10,,116.20,,,56400,6533940.00,47,F1,1200,,,,,
2026-09-23,2026-09-23,CM,NSE,STK,766000,INE0H4201019,PRANAV,EQ,,,,,PRANAV CONSTRUCTIONS LTD,104.00,109.39,103.13,105.85,105.65,102.87,,105.85,,,5998749,638991785.47,48490,F1,1,,,,,
2026-09-23,2026-09-23,CM,NSE,STK,25818,INE0VJG01014,PRANIK,SM,,,,,PRANIK LOGISTICS LIMITED,41.65,41.65,41.65,41.65,41.65,42.15,,41.65,,,1600,66640.00,1,F1,1600,,,,,
2026-09-23,2026-09-23,CM,NSE,STK,766016,INE455U01024,PRASOLCHEM,EQ,,,,,PRASOL CHEMICALS LIMITED,710.00,747.50,707.25,740.90,744.35,704.75,,740.93,,,713648,523541873.20,48926,F1,1,,,,,
2026-09-23,2026-09-23,CM,NSE,STK,21840,INE393P01035,DIAMONDYD,EQ,,,,,PRATAAP SNACKS LIMITED,1113.30,1114.30,1080.30,1088.00,1085.00,1090.30,,1088.05,,,4080,4464823.00,559,F1,1,,,,,
2026-09-23,2026-09-23,CM,NSE,STK,23113,INE0QA601016,PRATHAM,SM,,,,,PRATHAM EPC PROJECTS LTD,121.00,126.00,121.00,125.10,125.40,120.15,,125.10,,,6400,784560.00,9,F1,400,,,,,
2026-09-23,2026-09-23,CM,NSE,STK,762844,INE722B01019,PRAVEG,EQ,,,,,PRAVEG LTD.,253.10,263.70,253.10,261.05,262.75,255.85,,261.24,,,18266,4761938.25,1002,F1,1,,,,,
2026-09-23,2026-09-23,CM,NSE,STK,1204,INE546Y01022,PRAXIS,EQ,,,,,PRAXIS HOME RETAIL LTD,4.44,4.44,4.20,4.28,4.31,4.35,,4.28,,,30589,132031.87,139,F1,1,,,,,
2026-09-23,2026-09-23,CM,NSE,STK,12603,INE484I01029,PRECAM,EQ,,,,,PRECISION CAMSHAFTS LTD.,117.60,127.88,117.60,122.11,122.30,118.87,,122.12,,,1402615,173973170.90,16508,F1,1,,,,,
2026-09-23,2026-09-23,CM,NSE,STK,7963,INE0HKW01018,PRECISION,ST,,,,,PRECISION METALIKS LTD,6.80,6.80,6.80,6.80,6.80,6.55,,6.80,,,2000,13600.00,1,F1,2000,,,,,
2026-09-23,2026-09-23,CM,NSE,STK,2717,INE372C01037,PRECWIRE,EQ,,,,,PRECISION WIRES INDIA LTD,495.00,505.00,488.25,498.85,497.50,491.10,,498.87,,,715914,357238268.10,30566,F1,1,,,,,
2026-09-23,2026-09-23,CM,NSE,STK,2711,INE283A01014,PRECOT,EQ,,,,,PRECOT LIMITED,659.00,697.95,640.00,646.90,643.40,674.60,,646.90,,,14779,9744476.15,359,F1,1,,,,,
2026-09-23,2026-09-23,CM,NSE,STK,762849,INE001E01012,PREMCO,EQ,,,,,PREMCO GLOBAL LTD.,402.05,409.00,400.05,400.75,400.10,402.00,,400.89,,,672,271052.05,93,F1,1,,,,,
2026-09-23,2026-09-23,CM,NSE,STK,25049,INE0BS701011,PREMIERENE,EQ,,,,,PREMIER ENERGIES LIMITED,909.80,919.70,903.50,915.00,915.00,907.20,,914.20,,,930143,850162385.10,18967,F1,1,,,,,
2026-09-23,2026-09-23,CM,NSE,STK,17397,INE863B01029,PREMEXPLN,EQ,,,,,PREMIER EXPLOSIVES LTD,675.90,676.85,668.60,675.15,675.00,674.25,,675.15,,,180909,121785323.30,3355,F1,1,,,,,
2026-09-23,2026-09-23,CM,NSE,STK,6248,INE342A01018,PREMIER,BE,,,,,PREMIER LIMITED,2.89,2.95,2.69,2.85,2.85,2.83,,2.85,,,70271,196202.23,139,F1,1,,,,,
2026-09-23,2026-09-23,CM,NSE,STK,3908,INE309M01020,PREMIERPOL,EQ,,,,,PREMIER POLYFILM LTD,81.70,97.22,81.14,96.72,97.22,81.02,,96.73,,,6517058,613963551.47,41084,F1,1,,,,,
2026-09-23,2026-09-23,CM,NSE,STK,23764,INE0CFG01012,PRLIND,SM,,,,,PREMIER ROADLINES LIMITED,46.15,47.95,44.60,47.90,47.95,46.00,,47.90,,,26000,1235350.00,11,F1,1000,,,,,
2026-09-23,2026-09-23,CM,NSE,STK,25898,INE0M1F01011,PREMIUM,SM,,,,,PREMIUM PLAST LIMITED,42.00,42.00,41.15,41.95,41.95,42.00,,41.95,,,24000,1003950.00,8,F1,3000,,,,,
2026-09-23,2026-09-23,CM,NSE,STK,20498,INE0R1601012,PRESSTONIC,SM,,,,,PRESSTONIC ENGINEERING L,41.95,42.45,39.70,39.85,39.80,41.05,,39.85,,,66400,2695800.00,63,F1,800,,,,,
2026-09-23,2026-09-23,CM,NSE,STK,20302,INE811K01011,PRESTIGE,EQ,,,,,PRESTIGE ESTATE LTD,1479.60,1507.40,1479.10,1490.00,1490.00,1479.60,,1490.00,,,141420,211084068.10,10592,F1,1,,,,,
2026-09-23,2026-09-23,CM,NSE,STK,19631,INE726V01018,PRICOLLTD,EQ,,,,,PRICOL LIMITED,776.30,786.00,760.05,763.65,760.05,768.10,,763.65,,,240689,185259802.20,13316,F1,1,,,,,
2026-09-23,2026-09-23,CM,NSE,STK,759075,INE0CQA01020,PRIMECAB,ST,,,,,PRIME CABLE INDUSTRIES L,168.00,173.70,168.00,169.10,168.05,166.20,,169.10,,,48000,8216400.00,30,F1,1600,,,,,
2026-09-23,2026-09-23,CM,NSE,STK,13496,INE367G01038,PFOCUS,EQ,,,,,PRIME FOCUS LIMITED,362.55,362.80,333.15,337.15,334.20,357.45,,337.11,,,6885605,2359720143.20,95266,F1,1,,,,,
2026-09-23,2026-09-23,CM,NSE,STK,11864,INE032B01021,PRIMESECU,EQ,,,,,PRIME SECURITIES LIMITED,287.05,300.00,286.55,296.35,299.00,290.20,,296.33,,,41199,12129864.65,837,F1,1,,,,,
2026-09-23,2026-09-23,CM,NSE,STK,756925,INE607A01022,PRIMO,EQ,,,,,PRIMO CHEMICALS LIMITED,23.15,23.27,22.60,22.92,23.05,22.69,,22.92,,,45589,1045394.96,423,F1,1,,,,,
2026-09-23,2026-09-23,CM,NSE,STK,16045,INE689W01016,PRINCEPIPE,EQ,,,,,PRINCE PIPES FITTINGS LTD,265.50,268.15,264.55,265.75,266.00,265.25,,265.72,,,67525,17968743.80,2741,F1,1,,,,,
2026-09-23,2026-09-23,CM,NSE,STK,765558,INE15EH01014,PRIORITY,EQ,,,,,PRIORITY JEWELS LIMITED,224.00,268.20,223.80,263.35,266.50,223.50,,263.32,,,1265732,320887910.47,15632,F1,1,,,,,
2026-09-23,2026-09-23,CM,NSE,STK,2739,INE010A01011,PRSMJOHNSN,EQ,,,,,PRISM JOHNSON LIMITED,116.05,116.90,115.65,116.43,116.50,116.08,,116.44,,,181974,21170694.63,2674,F1,1,,,,,
2026-09-23,2026-09-23,CM,NSE,STK,765155,INE286N01028,PRISMX,EQ,,,,,PRISMX GLOBAL VENTURES L,0.55,0.55,0.53,0.53,0.53,0.55,,0.52,,,233005,124556.59,116,F1,1,,,,,
2026-09-23,2026-09-23,CM,NSE,STK,8304,INE974Z01015,PRITI,EQ,,,,,PRITI INTERNATIONAL LTD,33.80,33.80,32.60,33.17,33.01,32.90,,33.17,,,4115,137251.00,119,F1,1,,,,,
2026-09-23,2026-09-23,CM,NSE,STK,5296,INE583R01029,PRITIKAUTO,BE,,,,,PRITIKA AUTO INDUS LTD,15.60,16.37,15.05,16.33,16.36,15.60,,16.33,,,212879,3391199.78,466,F1,1,,,,,
2026-09-23,2026-09-23,CM,NSE,STK,12971,INE0MJQ01020,PRITIKA,SM,,,,,PRITIKA ENG COMPO LTD,63.00,63.00,63.00,63.00,63.00,63.00,,63.00,,,4000,252000.00,2,F1,2000,,,,,
2026-09-23,2026-09-23,CM,NSE,STK,8825,INE959A01019,PRIVISCL,EQ,,,,,PRIVI SPECIALITY CHE LTD,3485.00,3497.00,3402.60,3483.80,3463.30,3515.20,,3483.61,,,235188,812025851.90,44282,F1,1,,,,,
2026-09-23,2026-09-23,CM,NSE,STK,24511,INE0V9N01017,PRIZOR,ST,,,,,PRIZOR VIZTECH LIMITED,1123.80,1128.55,1123.80,1128.55,1128.55,1106.45,,1128.55,,,9600,10807840.00,22,F1,400,,,,,
2026-09-23,2026-09-23,CM,NSE,STK,757806,INE0VJT01017,PROFX,SM,,,,,PRO FX TECH LIMITED,70.00,70.00,70.00,70.00,70.00,70.50,,70.00,,,1600,112000.00,1,F1,1600,,,,,
2026-09-23,2026-09-23,CM,NSE,STK,940,INE199A01012,PGHL,EQ,,,,,PROCTER & GAMBLE HEALTH L,5480.00,5515.50,5410.00,5452.00,5419.50,5459.00,,5451.82,,,17583,95844406.50,3618,F1,1,,,,,
2026-09-23,2026-09-23,CM,NSE,STK,19352,INE994V01012,PROLIFE,SM,,,,,PROLIFE INDUSTRIES LTD,79.00,79.00,79.00,79.00,79.00,80.00,,79.00,,,500,39500.00,1,F1,500,,,,,
2026-09-23,2026-09-23,CM,NSE,STK,764345,INE1FFX01018,PROPSHOP,SM,,,,,PROPSHOP EVENTS AND EXH L,72.40,73.90,71.05,73.00,72.95,70.25,,73.00,,,34000,2472700.00,12,F1,2000,,,,,
2026-09-23,2026-09-23,CM,NSE,STK,758173,INE0BX301013,PROSTARM,EQ,,,,,PROSTARM INFO SYSTEMS LTD,139.40,141.60,131.42,138.08,138.25,127.84,,138.08,,,1923182,264378636.91,19995,F1,1,,,,,
2026-09-23,2026-09-23,CM,NSE,STK,29472,INE004A01022,PROTEAN,EQ,,,,,PROTEAN EGOV TECHNO LTD,629.20,645.00,605.20,636.20,640.00,620.65,,636.15,,,1881519,1171175235.80,52949,F1,1,,,,,
2026-09-23,2026-09-23,CM,NSE,STK,16483,INE0ONE01016,PROV,SM,,,,,PROVENTUS AGROCOM LIMITED,2050.00,2050.00,1890.00,1940.00,1940.00,1887.70,,1940.00,,,1600,3120388.00,20,F1,80,,,,,
2026-09-23,2026-09-23,CM,NSE,STK,28859,INE195N01013,PROZONER,EQ,,,,,PROZONE REALTY LIMITED,51.50,52.99,50.76,52.19,51.72,52.23,,52.17,,,291649,14997843.57,2483,F1,1,,,,,
2026-09-23,2026-09-23,CM,NSE,STK,9553,INE00F201020,PRUDENT,EQ,,,,,PRUDENT CORP ADV SER LTD,3400.00,3498.00,3338.30,3352.70,3342.00,3403.70,,3352.82,,,24467,83204152.90,4159,F1,1,,,,,
2026-09-23,2026-09-23,CM,NSE,STK,20527,INE024D01016,PRUDMOULI,EQ,,,,,PRUDENTIAL SUGAR CORPORAT,14.00,14.00,13.70,13.80,13.96,13.71,,13.86,,,2692,37635.54,28,F1,1,,,,,
2026-09-23,2026-09-23,CM,NSE,STK,20877,INE488V01015,PSPPROJECT,EQ,,,,,PSP PROJECTS LIMITED,834.00,848.25,827.10,832.55,835.10,828.70,,832.56,,,139703,117023815.20,4079,F1,1,,,,,
2026-09-23,2026-09-23,CM,NSE,STK,22602,INE560K01014,PFS,EQ,,,,,PTC INDIA FIN SERV LTD,26.50,27.14,26.43,26.72,26.95,26.43,,26.73,,,485229,13065175.81,4322,F1,1,,,,,
2026-09-23,2026-09-23,CM,NSE,STK,11355,INE877F01012,PTC,EQ,,,,,PTC INDIA LIMITED,156.05,157.40,155.68,157.08,157.24,155.63,,157.08,,,724814,113632284.71,11934,F1,1,,,,,
2026-09-23,2026-09-23,CM,NSE,STK,16682,INE596F01018,PTCIL,EQ,,,,,PTC INDUSTRIES LIMITED,22130.00,22500.00,22130.00,22355.00,22305.00,22130.00,,22354.41,,,7635,170910920.00,3137,F1,1,,,,,
2026-09-23,2026-09-23,CM,NSE,STK,14101,INE034D01049,PTL,EQ,,,,,PTL ENTERPRISES LTD,38.35,38.50,38.11,38.18,38.32,38.35,,38.18,,,37612,1443488.55,385,F1,1,,,,,
2026-09-23,2026-09-23,CM,NSE,STK,15377,INE865T01018,PDMJEPAPER,EQ,,,,,PUDUMJEE PAPER PRO. LTD,99.25,101.45,98.00,98.27,98.00,97.36,,98.28,,,130398,12911397.85,2549,F1,1,,,,,
2026-09-23,2026-09-23,CM,NSE,STK,507,INE335X01014,PULZ,SM,,,,,PULZ ELECTRONICS LIMITED,22.50,22.50,20.45,20.45,20.45,21.50,,20.45,,,18000,373800.00,9,F1,2000,,,,,
2026-09-23,2026-09-23,CM,NSE,STK,21001,INE608A01012,PSB,EQ,,,,,PUNJAB & SIND BANK,21.92,22.24,21.92,22.10,22.11,21.93,,22.10,,,807656,17828207.50,3801,F1,1,,,,,
2026-09-23,2026-09-23,CM,NSE,STK,4344,INE277B01014,PUNJABCHEM,EQ,,,,,PUNJAB CHEM & CROP PROT L,1051.00,1087.00,1051.00,1064.90,1067.80,1066.20,,1064.87,,,4369,4679204.30,631,F1,1,,,,,
2026-09-23,2026-09-23,CM,NSE,STK,10666,INE160A01022,PNB,EQ,,,,,PUNJAB NATIONAL BANK,116.61,118.90,116.61,118.30,118.30,117.00,,118.30,,,12840968,1517447775.85,36389,F1,1,,,,,
2026-09-23,2026-09-23,CM,NSE,STK,14922,INE323I01011,PURVA,EQ,,,,,PURAVANKARA LIMITED,218.79,218.79,215.92,216.82,216.70,216.69,,216.84,,,94686,20534459.15,2677,F1,1,,,,,
2026-09-23,2026-09-23,CM,NSE,STK,765568,INE0I1B01016,PERNIASPOP,EQ,,,,,PURPLE STYLE LABS LIMITED,545.00,559.85,538.05,549.05,546.60,545.75,,549.03,,,129229,71172526.45,5180,F1,1,,,,,
2026-09-23,2026-09-23,CM,NSE,STK,28044,INE0P5R01014,PURPLEUTED,ST,,,,,PURPLE UNITED SALES LTD,472.10,485.85,471.50,483.50,483.50,462.75,,483.50,,,29250,14142425.00,97,F1,250,,,,,
2026-09-23,2026-09-23,CM,NSE,STK,757683,INE154801018,PUSHPA,SM,,,,,PUSHPA JEWELLERS LIMITED,101.20,106.90,92.80,103.00,103.00,106.00,,103.00,,,236000,23573650.00,199,F1,1000,,,,,
2026-09-23,2026-09-23,CM,NSE,STK,4010,INE362A01016,PVP,EQ,,,,,PVP VENTURES LIMITED,66.99,68.61,66.50,68.61,68.61,65.35,,68.66,,,709084,48272411.76,2407,F1,1,,,,,
2026-09-23,2026-09-23,CM,NSE,STK,13147,INE191H01014,PVRINOX,EQ,,,,,PVR INOX LIMITED,1329.30,1329.30,1292.40,1317.50,1308.00,1334.80,,1317.39,,,481134,632309490.50,33903,F1,1,,,,,
2026-09-23,2026-09-23,CM,NSE,STK,18250,INE0MIS01010,PYRAMID,EQ,,,,,PYRAMID TECHNOPLAST LTD,159.60,160.88,155.11,159.33,159.97,157.79,,159.33,,,50286,8027732.84,815,F1,1,,,,,
2026-09-23,2026-09-23,CM,NSE,STK,763594,INE1G2W01011,QLINE,SM,,,,,Q-LINE BIOTECH LIMITED,685.00,710.00,665.00,699.55,702.50,683.25,,699.55,,,72400,49972400.00,172,F1,400,,,,,
2026-09-23,2026-09-23,CM,NSE,STK,751653,INE0FMW01018,QMSMEDI,BE,,,,,QMS MEDICAL ALLIED S LTD,192.80,197.00,184.00,195.10,195.69,192.80,,195.10,,,107134,20747785.88,535,F1,1,,,,,
2026-09-23,2026-09-23,CM,NSE,STK,5875,INE0GOJ01027,QUADPRO,ST,,,,,QUADPRO ITES LIMITED,3.70,3.70,3.70,3.70,3.70,3.55,,3.70,,,24000,88800.00,2,F1,12000,,,,,
2026-09-23,2026-09-23,CM,NSE,STK,29087,INE0LRY01011,QUADFUTURE,EQ,,,,,QUADRANT FUTURE TEK LTD,525.00,537.05,524.80,526.55,526.70,522.40,,526.54,,,298871,158315000.20,10538,F1,1,,,,,
2026-09-23,2026-09-23,CM,NSE,STK,765988,INE1XJ401012,QUALIANCE,ST,,,,,QUALIANCE INTERNATIONAL L,177.00,182.50,177.00,182.50,182.50,173.85,,182.50,,,97000,17669050.00,74,F1,1000,,,,,
2026-09-23,2026-09-23,CM,NSE,STK,14613,INE0O1M01015,QFIL,SM,,,,,QUALITY FOILS (INDIA) LTD,57.00,58.00,57.00,58.00,58.00,60.00,,58.00,,,2000,115000.00,2,F1,1000,,,,,
2026-09-23,2026-09-23,CM,NSE,STK,29711,INE0SII01026,QPOWER,EQ,,,,,QUALITY POWER ELEC EQUP L,1509.00,1566.00,1509.00,1555.60,1557.10,1491.60,,1555.52,,,326604,506047334.30,19343,F1,1,,,,,
2026-09-23,2026-09-23,CM,NSE,STK,15330,INF082J01408,QGOLDHALF,EQ,,,,,QUANTUM GOLD ETF,125.39,125.72,124.95,124.98,124.98,125.20,,124.98,,,61667,7720713.06,524,F1,1,,,,,
2026-09-23,2026-09-23,CM,NSE,STK,16819,INF082J01499,QNIFTY,EQ,,,,,QUANTUM NIFTY 50 ETF,257.80,259.00,257.40,258.62,258.99,257.60,,258.29,,,3050,786545.38,117,F1,1,,,,,
2026-09-23,2026-09-23,CM,NSE,STK,765392,INF966L01EI5,SILVER001,EQ,,,,,QUANT_AMC - SILVER001,23.70,23.94,23.06,23.19,23.20,23.34,,23.19,,,550189,12799071.31,113,F1,1,,,,,
2026-09-23,2026-09-23,CM,NSE,STK,17704,INE615P01015,QUESS,EQ,,,,,QUESS CORP LIMITED,361.00,364.55,356.55,359.00,358.55,360.45,,359.00,,,220486,79513664.05,14936,F1,1,,,,,
2026-09-23,2026-09-23,CM,NSE,STK,23793,INE0TNW01017,QUESTLAB,SM,,,,,QUEST LABORATORIES LTD,72.30,75.90,72.30,75.10,75.10,75.00,,75.10,,,8400,619080.00,7,F1,1200,,,,,
2026-09-23,2026-09-23,CM,NSE,STK,13116,INE306L01010,QUICKHEAL,EQ,,,,,QUICK HEAL TECH LTD,152.48,154.00,150.25,151.57,152.90,152.32,,151.56,,,82002,12459906.78,2330,F1,1,,,,,
2026-09-23,2026-09-23,CM,NSE,STK,15285,INE0K4D01020,QUICKTOUCH,SM,,,,,QUICKTOUCH TECHNOLOGIES L,16.35,16.70,16.15,16.25,16.15,17.00,,16.25,,,6500,105725.00,11,F1,500,,,,,
2026-09-23,2026-09-23,CM,NSE,STK,762857,INE641R01017,QUINT,BE,,,,,QUINT DIGITAL LTD.,82.00,84.58,78.00,84.58,84.58,80.56,,84.58,,,108560,9060998.25,448,F1,1,,,,,
2026-09-23,2026-09-23,CM,NSE,STK,24957,INE0KZF01015,QVCEL,SM,,,,,QVC EXPORTS LIMITED,24.40,24.40,22.45,24.40,24.40,23.25,,24.40,,,14400,344720.00,9,F1,1600,,,,,
2026-09-23,2026-09-23,CM,NSE,STK,23043,INE0NQ801033,RKSWAMY,EQ,,,,,R K SWAMY LIMITED,89.94,94.00,88.00,92.45,92.30,87.80,,92.45,,,39564,3595145.72,514,F1,1,,,,,
2026-09-23,2026-09-23,CM,NSE,STK,757836,INE219Y01026,RMDRIP,BE,,,,,R M DRIP & SPRINK SYS LTD,24.00,24.19,23.50,23.61,23.51,23.72,,23.61,,,298267,7061386.72,529,F1,1,,,,,
2026-09-23,2026-09-23,CM,NSE,STK,762864,INE951M01037,RRIL,EQ,,,,,R R I L LTD.,16.19,16.24,15.80,16.04,16.10,16.11,,16.04,,,28739,457089.62,138,F1,1,,,,,
2026-09-23,2026-09-23,CM,NSE,STK,18566,INE777K01022,RRKABEL,EQ,,,,,R R KABEL LIMITED,2475.00,2519.60,2460.00,2476.70,2480.00,2472.50,,2476.69,,,268514,668139217.30,28557,F1,1,,,,,
2026-09-23,2026-09-23,CM,NSE,STK,762872,INE616F01022,RSDFIN,BE,,,,,R S D FINANCE LTD.,95.00,95.00,87.51,88.07,92.98,91.00,,90.12,,,724,66417.25,21,F1,1,,,,,
2026-09-23,2026-09-23,CM,NSE,STK,13414,INE411H01032,RSYSTEMS,EQ,,,,,R SYS INTERNATIONAL LTD,242.04,246.79,239.12,239.60,239.19,239.45,,239.60,,,320943,77518406.46,4814,F1,1,,,,,
2026-09-23,2026-09-23,CM,NSE,STK,764855,INE005C01017,RTSPOWR,EQ,,,,,R T S POWER CORPN. LTD.,85.51,90.89,85.51,89.00,89.00,90.06,,89.00,,,8753,780389.07,49,F1,1,,,,,
2026-09-23,2026-09-23,CM,NSE,STK,758984,INE012Q01039,RNBDENIMS,BE,,,,,R&B DENIMS LIMITED,9.01,9.17,8.97,9.13,9.14,8.96,,9.13,,,118204,1070079.60,362,F1,1,,,,,
2026-09-23,2026-09-23,CM,NSE,STK,6429,INE165B01029,RSSOFTWARE,EQ,,,,,R. S. SOFTWARE (INDIA) LI,31.05,32.90,31.05,32.39,32.44,31.60,,32.39,,,22923,738754.04,349,F1,1,,,,,
2026-09-23,2026-09-23,CM,NSE,STK,20760,INE324L01013,RPPINFRA,EQ,,,,,R.P.P INFRA PROJECTS LTD,53.94,55.60,53.94,55.05,55.30,54.98,,55.04,,,25033,1379089.24,496,F1,1,,,,,
2026-09-23,2026-09-23,CM,NSE,STK,762244,INE2PB023011,RIIT,IV,,,,,RAAJMARG INFRA INVEST T,119.38,120.45,119.00,119.62,119.80,119.38,,119.62,,,349331,41750588.88,1191,F1,1,,,,,
2026-09-23,2026-09-23,CM,NSE,STK,15391,INE084Q01012,RACE,EQ,,,,,RACE ECO CHAIN LIMITED,143.97,143.97,122.00,122.91,122.11,119.98,,122.92,,,685875,92232749.95,8038,F1,1,,,,,
2026-09-23,2026-09-23,CM,NSE,STK,9854,INE02OY01016,RILINFRA,SM,,,,,RACHANA INFRA LTD,34.45,34.45,33.00,33.05,33.10,33.35,,33.05,,,5100,170550.00,29,F1,100,,,,,
2026-09-23,2026-09-23,CM,NSE,STK,27171,INE704B01017,RACLGEAR,EQ,,,,,RACL GEARTECH LIMITED,1758.00,1795.00,1640.00,1689.60,1690.00,1758.00,,1689.73,,,68163,115907294.60,9768,F1,1,,,,,
2026-09-23,2026-09-23,CM,NSE,STK,10932,INE874F01027,RADAAN,EQ,,,,,RADAAN MEDIAWORKS (I) LTD,2.87,3.44,2.52,3.13,3.11,2.87,,3.13,,,566770,1795861.18,613,F1,1,,,,,
2026-09-23,2026-09-23,CM,NSE,STK,10347,INE583V01021,RADHIKAJWE,BE,,,,,RADHIKA JEWELTECH LIMITED,71.90,73.00,69.21,71.92,72.16,72.15,,71.94,,,222369,15852889.83,1506,F1,1,,,,,
2026-09-23,2026-09-23,CM,NSE,STK,13580,INE855R01021,RADIANTCMS,EQ,,,,,RADIANT CASH MGMT SER LTD,35.24,35.99,33.62,35.54,35.60,35.24,,35.54,,,455125,15958020.40,1944,F1,1,,,,,
2026-09-23,2026-09-23,CM,NSE,STK,10990,INE944F01028,RADICO,EQ,,,,,RADICO KHAITAN LTD,4450.40,4614.10,4450.40,4601.90,4601.90,4448.80,,4601.91,,,528324,2424785946.30,63981,F1,1,,,,,
2026-09-23,2026-09-23,CM,NSE,STK,23445,INE430U01019,RADIOWALLA,ST,,,,,RADIOWALLA NETWORK LTD,27.75,27.75,27.75,27.75,27.75,26.45,,27.75,,,20800,577200.00,5,F1,1600,,,,,
2026-09-23,2026-09-23,CM,NSE,STK,24735,INE912T01018,RPEL,EQ,,,,,RAGHAV PRODUCTIVITY ENH L,1742.00,1783.30,1701.00,1711.70,1715.00,1742.30,,1711.75,,,57548,100126660.00,8525,F1,1,,,,,
2026-09-23,2026-09-23,CM,NSE,STK,9552,INE415G01027,RVNL,EQ,,,,,RAIL VIKAS NIGAM LIMITED,211.80,213.86,210.45,211.77,211.77,211.15,,211.76,,,2894169,613856764.01,26498,F1,1,,,,,
2026-09-23,2026-09-23,CM,NSE,STK,2431,INE0DD101019,RAILTEL,EQ,,,,,RAILTEL CORP OF IND LTD,264.10,270.00,263.30,268.75,269.20,263.90,,268.74,,,570785,152347675.85,13275,F1,1,,,,,
2026-09-23,2026-09-23,CM,NSE,STK,15337,INE855B01025,RAIN,EQ,,,,,RAIN INDUSTRIES LIMITED,219.80,224.70,218.15,221.86,221.30,219.54,,221.85,,,2970299,657765529.83,26373,F1,1,,,,,
2026-09-23,2026-09-23,CM,NSE,STK,9408,INE961O01016,RAINBOW,EQ,,,,,RAINBOW CHILDRENS MED LTD,1429.80,1443.40,1400.60,1406.50,1405.00,1430.90,,1406.52,,,93353,132151414.60,12653,F1,1,,,,,
2026-09-23,2026-09-23,CM,NSE,STK,359,INE294G01026,ROML,EQ,,,,,RAJ OIL MILLS LIMITED,42.00,42.25,41.14,41.87,42.25,41.14,,41.87,,,2617,109611.92,26,F1,1,,,,,
2026-09-23,2026-09-23,CM,NSE,STK,8428,INE533D01032,RAJRILTD,BE,,,,,RAJ RAYON INDUSTRIES LTD,20.15,20.55,19.75,20.17,20.55,20.15,,20.17,,,22653,455140.14,145,F1,1,,,,,
2026-09-23,2026-09-23,CM,NSE,STK,14403,INE952H01027,RAJTV,EQ,,,,,RAJ TV NETWORK LTD,9.55,9.77,9.35,9.77,9.77,9.31,,9.77,,,82629,800879.41,118,F1,1,,,,,
2026-09-23,2026-09-23,CM,NSE,STK,762859,INE296E01026,RAJPALAYAM,EQ,,,,,RAJAPALAYAM MILLS LTD.,769.00,794.95,769.00,790.45,789.95,758.50,,789.87,,,1133,883794.50,30,F1,1,,,,,
2026-09-23,2026-09-23,CM,NSE,STK,181,INE610C01014,ARENTERP,EQ,,,,,RAJDARSHAN INDUSTRIES LTD,34.77,35.75,34.00,34.98,34.98,34.77,,34.98,,,1317,45464.97,56,F1,1,,,,,
2026-09-23,2026-09-23,CM,NSE,STK,760461,INE343B01030,RAJESHEXPO,BZ,,,,,RAJESH EXPORTS LTD,69.00,69.70,66.61,68.53,68.40,68.74,,68.75,,,258109,17631244.87,3452,F1,1,,,,,
2026-09-23,2026-09-23,CM,NSE,STK,765445,INE0BZQ20011,RCDL-RE,ST,,,,,RAJGOR CAST DERIVATI LTD,3.60,4.05,3.60,4.05,4.05,3.40,,4.05,,,486000,1963800.00,59,F1,3000,,,,,
2026-09-23,2026-09-23,CM,NSE,STK,19681,INE0BZQ01011,RCDL,SM,,,,,RAJGOR CASTOR DERIVATI L,15.35,15.50,15.00,15.50,15.50,14.80,,15.50,,,168000,2593800.00,31,F1,3000,,,,,
2026-09-23,2026-09-23,CM,NSE,STK,2168,INE00KV01022,RAJMET,EQ,,,,,RAJNANDINI METAL LIMITED,3.17,3.17,3.11,3.12,3.14,3.14,,3.12,,,293642,920920.28,634,F1,1,,,,,
2026-09-23,2026-09-23,CM,NSE,STK,757052,INE535F01024,RAJOOENG,BE,,,,,RAJOO ENGINEERS LIMITED,55.30,55.80,54.20,55.25,55.32,54.31,,55.25,,,236357,13049014.49,811,F1,1,,,,,
2026-09-23,2026-09-23,CM,NSE,STK,27269,INE0VHU01019,RAJPUTANA,SM,,,,,RAJPUTANA BIODIESEL LTD,198.00,198.00,192.10,198.00,198.00,194.55,,198.00,,,7000,1376200.00,13,F1,500,,,,,
2026-09-23,2026-09-23,CM,NSE,STK,24707,INE0PCU01012,RAJINDLTD,SM,,,,,RAJPUTANA INDUSTRIES LTD,66.00,67.00,66.00,67.00,67.00,64.30,,67.00,,,6000,399750.00,4,F1,1500,,,,,
2026-09-23,2026-09-23,CM,NSE,STK,761439,INE313L01016,RSL,EQ,,,,,RAJPUTANA STAINLESS LTD,187.00,192.65,183.33,184.02,185.36,187.27,,184.03,,,251660,46910355.23,7482,F1,1,,,,,
2026-09-23,2026-09-23,CM,NSE,STK,18962,INE451D01029,RAJRATAN,EQ,,,,,RAJRATAN GLOBAL WIRE LTD,452.00,500.00,452.00,483.20,482.20,450.20,,483.22,,,618194,300306487.75,26203,F1,1,,,,,
2026-09-23,2026-09-23,CM,NSE,STK,6915,INE760W01023,RPPL,BE,,,,,RAJSHREE POLYPACK LTD,19.54,20.51,19.32,20.46,20.50,19.54,,20.46,,,31463,635998.38,92,F1,1,,,,,
2026-09-23,2026-09-23,CM,NSE,STK,2809,INE562B01019,RAJSREESUG,EQ,,,,,RAJSHREE SUGAR & CHEMICAL,32.49,32.88,31.55,32.00,31.90,32.16,,32.00,,,18445,592726.11,303,F1,1,,,,,
2026-09-23,2026-09-23,CM,NSE,STK,2816,INE613A01020,RALLIS,EQ,,,,,RALLIS INDIA LTD,201.52,203.53,201.49,202.62,202.50,201.95,,202.61,,,285026,57712799.48,11890,F1,1,,,,,
2026-09-23,2026-09-23,CM,NSE,STK,10485,INE207E01023,RAMRAT,EQ,,,,,RAM RATNA WIRES LIMITED,569.80,578.20,550.65,558.65,558.30,562.75,,558.65,,,243033,136521415.80,13149,F1,1,,,,,
2026-09-23,2026-09-23,CM,NSE,STK,10568,INE809A01032,RAMAPHO,EQ,,,,,RAMA PHOSPHATES LIMITED,121.20,124.99,120.00,123.21,123.69,120.16,,123.20,,,22878,2805929.65,621,F1,1,,,,,
2026-09-23,2026-09-23,CM,NSE,STK,10304,INE230R01035,RAMASTEEL,BE,,,,,RAMA STEEL TUBES LIMITED,4.60,4.72,4.48,4.66,4.65,4.54,,4.66,,,4512972,20824837.79,4350,F1,1,,,,,
2026-09-23,2026-09-23,CM,NSE,STK,4587,INE614A01028,RAMCOIND,EQ,,,,,RAMCO INDUSTRIES LIMITED,319.15,326.90,319.15,325.95,325.00,320.85,,325.96,,,78432,25384412.60,3778,F1,1,,,,,
2026-09-23,2026-09-23,CM,NSE,STK,7851,INE246B01019,RAMCOSYS,EQ,,,,,RAMCO SYSTEMS LTD.,598.00,612.00,592.40,598.00,595.00,592.40,,597.99,,,99924,60305933.00,3937,F1,1,,,,,
2026-09-23,2026-09-23,CM,NSE,STK,11411,INE399G01023,RKFORGE,EQ,,,,,RAMKRISHNA FORGINGS LTD,714.00,723.05,705.50,710.20,712.50,716.25,,710.19,,,373182,266307922.90,13176,F1,1,,,,,
2026-09-23,2026-09-23,CM,NSE,STK,20134,INE874I01013,RAMKY,EQ,,,,,RAMKY INFRA LTD,319.20,327.70,317.40,325.15,326.55,316.55,,325.13,,,35578,11466353.30,1447,F1,1,,,,,
2026-09-23,2026-09-23,CM,NSE,STK,2837,INE625B01014,RANASUG,EQ,,,,,RANA SUGARS LTD.,14.11,14.39,14.01,14.06,14.06,14.11,,14.06,,,358493,5083238.08,1155,F1,1,,,,,
2026-09-23,2026-09-23,CM,NSE,STK,11975,INE050H01012,RML,EQ,,,,,RANE (MADRAS) LIMITED,1338.10,1380.00,1338.10,1356.70,1350.00,1347.90,,1356.76,,,25789,34983352.00,3508,F1,1,,,,,
2026-09-23,2026-09-23,CM,NSE,STK,2844,INE384A01010,RANEHOLDIN,EQ,,,,,RANE HOLDINGS LIMITED,1575.10,1600.00,1570.00,1591.90,1592.00,1585.60,,1591.88,,,5363,8512761.80,653,F1,1,,,,,
2026-09-23,2026-09-23,CM,NSE,STK,30460,INE0QX901013,RAPIDFLEET,SM,,,,,RAPID FLEET MGT SERVICE L,195.35,205.20,195.35,200.00,200.00,211.00,,200.00,,,9000,1826100.00,15,F1,600,,,,,
2026-09-23,2026-09-23,CM,NSE,STK,25610,INE0MVO01012,RAPPID,SM,,,,,RAPPID VALVES (INDIA) LTD,358.95,362.00,352.55,361.70,361.70,346.10,,361.70,,,38400,13822650.00,60,F1,600,,,,,
2026-09-23,2026-09-23,CM,NSE,STK,22670,INE0J1F01024,RPTECH,EQ,,,,,RASHI PERIPHERALS LIMITED,900.00,900.95,877.60,898.70,894.70,883.55,,898.70,,,382200,341849405.70,19884,F1,1,,,,,
2026-09-23,2026-09-23,CM,NSE,STK,2866,INE027A01015,RCF,EQ,,,,,RASHTRIYA CHEMICALS & FER,107.95,109.98,107.60,109.63,109.80,107.63,,109.63,,,1218290,133017921.99,10373,F1,1,,,,,
2026-09-23,2026-09-23,CM,NSE,STK,7177,INE0CLI01024,RATEGAIN,EQ,,,,,RATEGAIN TRAVEL TECHN LTD,841.30,853.95,828.30,851.80,852.20,837.50,,851.81,,,259610,218973394.20,20181,F1,1,,,,,
2026-09-23,2026-09-23,CM,NSE,STK,13451,INE703B01027,RATNAMANI,EQ,,,,,RATNAMANI MET & TUB LTD.,2771.00,2841.00,2771.00,2800.80,2814.00,2781.70,,2801.43,,,28051,79017269.20,7549,F1,1,,,,,
2026-09-23,2026-09-23,CM,NSE,STK,18423,INE05CZ01011,RATNAVEER,EQ,,,,,RATNAVEER PRECISION ENG L,334.00,343.75,322.10,331.40,331.50,332.30,,331.40,,,7495098,2481203520.65,46856,F1,1,,,,,
2026-09-23,2026-09-23,CM,NSE,STK,27297,INE834M01019,RTNINDIA,EQ,,,,,RATTANINDIA ENT LIMITED,27.47,27.94,27.25,27.45,27.25,27.22,,27.45,,,900767,24875837.84,4626,F1,1,,,,,
2026-09-23,2026-09-23,CM,NSE,STK,17520,INE399K01017,RTNPOWER,EQ,,,,,RATTANINDIA POWER LIMITED,7.09,7.16,7.03,7.11,7.11,7.06,,7.11,,,11771033,83680474.55,9088,F1,1,,,,,
2026-09-23,2026-09-23,CM,NSE,STK,20950,INE722J01012,RKDL,EQ,,,,,RAVI KUMAR DIST. LTD.,19.00,19.00,18.25,18.49,18.42,18.85,,18.51,,,5843,108852.20,94,F1,1,,,,,
2026-09-23,2026-09-23,CM,NSE,STK,1565,INE09E501017,RVHL,EQ,,,,,RAVINDER HEIGHTS LIMITED,40.79,40.79,39.07,39.48,40.05,39.65,,39.50,,,5411,215060.58,128,F1,1,,,,,
2026-09-23,2026-09-23,CM,NSE,STK,24596,INE206N01018,RELTD,EQ,,,,,RAVINDRA ENERGY LIMITED,150.51,151.39,147.40,149.36,148.60,151.26,,149.45,,,76395,11384146.49,1791,F1,1,,,,,
2026-09-23,2026-09-23,CM,NSE,STK,25073,INE02ID01020,RAYMONDLSL,EQ,,,,,RAYMOND LIFESTYLE LIMITED,657.70,685.00,653.10,677.45,678.50,652.80,,677.45,,,513403,346555865.20,25108,F1,1,,,,,
2026-09-23,2026-09-23,CM,NSE,STK,2859,INE301A01014,RAYMOND,EQ,,,,,RAYMOND LTD,1130.05,1137.00,1074.40,1114.65,1125.00,1116.95,,1114.66,,,4461009,4945420515.40,145537,F1,1,,,,,
2026-09-23,2026-09-23,CM,NSE,STK,758551,INE1SY401010,RAYMONDREL,EQ,,,,,RAYMOND REALTY LIMITED,591.00,679.00,591.00,671.45,669.25,589.50,,671.43,,,12802316,8475401662.40,290981,F1,1,,,,,
2026-09-23,2026-09-23,CM,NSE,STK,765936,INE1FCO01014,MOMSBELIEF,EQ,,,,,RAYS OF BELIEF LIMITED,228.85,239.00,224.02,227.70,226.00,228.33,,227.68,,,252520,58996723.27,3654,F1,1,,,,,
2026-09-23,2026-09-23,CM,NSE,STK,18391,INE976G01028,RBLBANK,EQ,,,,,RBL BANK LIMITED,423.20,429.60,422.05,428.00,428.00,423.20,,427.98,,,3651779,1558494240.75,62406,F1,1,,,,,
2026-09-23,2026-09-23,CM,NSE,STK,13570,INE0NA301016,RBMINFRA,SM,,,,,RBM INFRACON LIMITED,269.00,273.35,268.00,270.90,270.90,271.10,,270.90,,,11800,3202720.00,47,F1,200,,,,,
2026-09-23,2026-09-23,CM,NSE,STK,20893,INE0PEQ01016,RBZJEWEL,BE,,,,,RBZ JEWELLERS LIMITED,177.80,183.62,171.30,178.05,181.00,177.78,,178.00,,,106045,18933231.45,891,F1,1,,,,,
2026-09-23,2026-09-23,CM,NSE,STK,764850,INE0AK901016,RRECL,EQ,,,,,RDB REAL ESTATE CONS L,133.00,137.00,133.00,137.00,137.00,137.00,,132.28,,,1120,149229.00,14,F1,1,,,,,
2026-09-23,2026-09-23,CM,NSE,STK,29561,INE10QL01011,READYMIX,SM,,,,,READYMIX CONSTRU MACHI L,70.00,70.00,66.50,67.90,67.90,69.95,,67.90,,,19000,1308250.00,17,F1,1000,,,,,
2026-09-23,2026-09-23,CM,NSE,STK,15355,INE020B01018,RECLTD,EQ,,,,,REC LIMITED,308.00,313.40,307.65,311.50,311.50,307.10,,311.50,,,5448840,1694569051.70,38232,F1,1,,,,,
2026-09-23,2026-09-23,CM,NSE,STK,14255,INE891D01026,REDINGTON,EQ,,,,,REDINGTON LIMITED,412.95,419.50,397.10,400.75,397.95,410.35,,400.76,,,4661529,1905503820.10,81549,F1,1,,,,,
2026-09-23,2026-09-23,CM,NSE,STK,17859,INE0LXT01019,REDTAPE,EQ,,,,,REDTAPE LIMITED,119.30,123.75,117.51,121.10,120.55,118.80,,121.10,,,932477,112573647.46,15429,F1,1,,,,,
2026-09-23,2026-09-23,CM,NSE,STK,17764,INE056I01025,REFEX,EQ,,,,,REFEX INDUSTRIES LIMITED,291.95,292.80,285.05,286.65,286.00,291.00,,286.64,,,232580,67134663.10,4005,F1,1,,,,,
2026-09-23,2026-09-23,CM,NSE,STK,23718,INE0TNX01015,REFRACTORY,SM,,,,,REFRACTORY SHAPES LIMITED,36.55,36.55,36.55,36.55,36.55,34.85,,36.55,,,37000,1352350.00,20,F1,1000,,,,,
2026-09-23,2026-09-23,CM,NSE,STK,758680,INE0MHO01029,REGAAL,EQ,,,,,REGAAL RESOURCES LIMITED,100.00,103.00,93.30,94.56,96.01,97.21,,94.56,,,3705161,367492108.01,34190,F1,1,,,,,
2026-09-23,2026-09-23,CM,NSE,STK,4130,INE277C01012,REGENCERAM,EQ,,,,,REGENCY CERAMICS LTD.,36.75,36.75,30.40,34.89,35.00,33.30,,34.88,,,5232,176605.79,203,F1,1,,,,,
2026-09-23,2026-09-23,CM,NSE,STK,24225,INE131B01039,RELAXO,EQ,,,,,RELAXO FOOT LTD.,293.70,300.95,293.60,298.30,299.20,292.65,,298.30,,,258882,77200270.60,10613,F1,1,,,,,
2026-09-23,2026-09-23,CM,NSE,STK,3172,INF204KC1030,GILT5YBEES,EQ,,,,,RELCAPAMC - NETFGILT5Y,65.90,66.31,65.90,66.05,66.10,65.92,,66.05,,,107350,7092645.67,319,F1,1,,,,,
2026-09-23,2026-09-23,CM,NSE,STK,24378,INE375Y01018,RELIABLE,EQ,,,,,RELIABLE DATA SERVICE LTD,143.98,147.00,142.02,145.70,147.00,142.05,,145.70,,,10930,1574135.62,314,F1,1,,,,,
2026-09-23,2026-09-23,CM,NSE,STK,9652,INE750D01016,RELCHEMQ,EQ,,,,,RELIANCE CHEMOTEX IND LTD,117.03,120.00,117.03,117.71,120.00,117.61,,117.82,,,2158,255809.44,90,F1,1,,,,,
2026-09-23,2026-09-23,CM,NSE,STK,13188,INE330H01018,RCOM,BE,,,,,RELIANCE COMMUNICATIONS L,0.90,0.93,0.89,0.93,0.93,0.89,,0.93,,,2901999,2668004.74,1913,F1,1,,,,,
2026-09-23,2026-09-23,CM,NSE,STK,759204,INE217K01011,RHFL,BZ,,,,,RELIANCE HOME FINANCE LTD,1.73,1.73,1.67,1.69,1.70,1.70,,1.69,,,845626,1425468.89,985,F1,1,,,,,
2026-09-23,2026-09-23,CM,NSE,STK,2912,INE046A01015,RIIL,EQ,,,,,RELIANCE INDUSTRIAL INFRA,711.95,731.00,707.05,719.95,717.05,709.70,,719.94,,,86618,62527815.90,3976,F1,1,,,,,
2026-09-23,2026-09-23,CM,NSE,STK,2885,INE002A01018,RELIANCE,EQ,,,,,RELIANCE INDUSTRIES LTD,1242.00,1252.80,1238.90,1248.00,1248.00,1240.40,,1248.00,,,8352048,10417522387.90,147001,F1,1,,,,,
2026-09-23,2026-09-23,CM,NSE,STK,4791,INE036A01016,RELINFRA,BE,,,,,RELIANCE INFRASTRUCTU LTD,47.06,47.06,47.06,47.06,47.06,48.02,,47.06,,,46344,2180948.64,439,F1,1,,,,,
2026-09-23,2026-09-23,CM,NSE,STK,15259,INE614G01033,RPOWER,EQ,,,,,RELIANCE POWER LTD.,20.81,21.30,20.81,21.03,21.09,20.89,,21.03,,,18429284,387630542.24,29088,F1,1,,,,,
2026-09-23,2026-09-23,CM,NSE,STK,765330,INF205KA1CB9,IVZBANKNF,EQ,,,,,RELIGARAMC - IVZBANKNF,56.46,56.53,56.38,56.53,56.53,56.24,,56.53,,,216,12193.30,5,F1,1,,,,,
2026-09-23,2026-09-23,CM,NSE,STK,765327,INF205KA1CA1,IVZSENSEX,EQ,,,,,RELIGARAMC - IVZSENSEX,74.60,75.11,73.80,75.11,75.11,74.60,,74.80,,,620,46430.79,13,F1,1,,,,,
2026-09-23,2026-09-23,CM,NSE,STK,15068,INE621H01010,RELIGARE,EQ,,,,,RELIGARE ENTER. LTD.,248.55,254.02,248.00,251.77,251.10,249.17,,251.77,,,447019,112248083.42,5460,F1,1,,,,,
2026-09-23,2026-09-23,CM,NSE,STK,3965,INE474C01023,REMSONSIND,EQ,,,,,REMSONS INDUSTRIES LTD,98.20,103.50,96.28,99.87,99.30,97.82,,99.87,,,332855,33193266.95,4515,F1,1,,,,,
2026-09-23,2026-09-23,CM,NSE,STK,16154,INE0O5T01011,REMUS,SM,,,,,REMUS PHARMACEUTICALS L,955.00,989.90,955.00,977.25,983.50,951.15,,977.25,,,13300,12882640.00,54,F1,100,,,,,
2026-09-23,2026-09-23,CM,NSE,STK,15129,INE722H01024,RGL,EQ,,,,,RENAISSANCE GLOBAL LTD,156.78,173.80,155.99,170.48,170.20,156.78,,170.49,,,4184608,703259718.83,42898,F1,1,,,,,
2026-09-23,2026-09-23,CM,NSE,STK,758157,INE0VZX01015,RNPL,SM,,,,,RENOL POLYCHEM LIMITED,54.00,55.10,54.00,54.15,54.15,52.60,,54.15,,,7200,392820.00,6,F1,1200,,,,,
2026-09-23,2026-09-23,CM,NSE,STK,766077,INE08T701025,RENTOMOJO,EQ,,,,,RENTOMOJO LIMITED,527.90,563.00,515.20,521.35,517.60,524.90,,521.36,,,7882264,4256505849.10,150570,F1,1,,,,,
2026-09-23,2026-09-23,CM,NSE,STK,29598,INE612J01015,REPCOHOME,EQ,,,,,REPCO HOME FINANCE LTD,356.00,361.20,354.20,355.85,355.50,357.25,,355.75,,,47082,16773868.95,2061,F1,1,,,,,
2026-09-23,2026-09-23,CM,NSE,STK,13126,INE461B01014,REPRO,EQ,,,,,REPRO INDIA LIMITED,295.00,323.95,295.00,301.35,301.05,298.20,,301.37,,,15927,4921166.80,842,F1,1,,,,,
2026-09-23,2026-09-23,CM,NSE,STK,20323,INE688D01026,RESPONIND,EQ,,,,,RESPONSIVE INDUSTRIES LTD,157.38,167.70,157.38,162.24,161.30,157.38,,162.25,,,1012730,164976554.10,8336,F1,1,,,,,
2026-09-23,2026-09-23,CM,NSE,STK,1494,INE07T201019,RBA,EQ,,,,,RESTAURANT BRAND ASIA LTD,94.11,95.86,93.12,94.86,94.51,93.64,,94.86,,,1931704,182639310.79,16228,F1,1,,,,,
2026-09-23,2026-09-23,CM,NSE,STK,25157,INE0DAB01012,RVTH,EQ,,,,,REVATHI EQUIPMENT INDIA L,718.75,719.00,620.00,641.15,670.00,671.55,,644.40,,,1230,820699.65,96,F1,1,,,,,
2026-09-23,2026-09-23,CM,NSE,STK,29270,INE113601012,REXPRO,SM,,,,,REXPRO ENTERPRISES LTD,34.70,36.60,34.70,36.00,36.00,36.10,,36.00,,,5000,177350.00,5,F1,1000,,,,,
2026-09-23,2026-09-23,CM,NSE,STK,763468,INE0V2V01015,RFBL,ST,,,,,RFBL FLEXI PACK LIMITED,97.50,97.50,97.45,97.50,97.50,92.90,,97.50,,,252000,24569700.00,21,F1,3000,,,,,
2026-09-23,2026-09-23,CM,NSE,STK,759062,INE0KKN01029,RHETAN,EQ,,,,,RHETAN TMT LIMITED,16.79,16.79,16.79,16.79,16.79,17.67,,16.79,,,828372,13908365.88,1415,F1,1,,,,,
2026-09-23,2026-09-23,CM,NSE,STK,31163,INE743M01012,RHIM,EQ,,,,,RHI MAGNESITA INDIA LTD,386.80,401.00,384.05,388.85,388.90,379.20,,388.85,,,4858870,1909842390.65,77573,F1,1,,,,,
2026-09-23,2026-09-23,CM,NSE,STK,2909,INE209B01025,RICOAUTO,EQ,,,,,RICO AUTO INDUSTRIES LTD,128.14,131.24,128.14,129.23,129.03,128.14,,129.23,,,654611,84935535.86,8596,F1,1,,,,,
2026-09-23,2026-09-23,CM,NSE,STK,764121,INE302D01024,RIR,EQ,,,,,RIR POWER ELECTRONICS L,191.37,193.00,188.00,189.75,188.46,191.56,,189.80,,,501113,95226522.68,10222,F1,1,,,,,
2026-09-23,2026-09-23,CM,NSE,STK,18417,INE0N2P01017,RISHABH,EQ,,,,,RISHABH INSTRUMENTS LTD,734.40,752.00,725.75,738.95,739.00,736.55,,738.90,,,96353,70795784.40,5511,F1,1,,,,,
2026-09-23,2026-09-23,CM,NSE,STK,8944,INE01EG01016,RITCO,EQ,,,,,RITCO LOGISTICS LIMITED,287.20,293.40,284.00,289.75,290.00,287.20,,289.83,,,112853,32574800.00,2811,F1,1,,,,,
2026-09-23,2026-09-23,CM,NSE,STK,3761,INE320J01015,RITES,EQ,,,,,RITES LIMITED,205.90,206.18,202.40,204.05,204.17,203.60,,204.06,,,433416,88359627.34,16349,F1,1,,,,,
2026-09-23,2026-09-23,CM,NSE,STK,1547,INE786W01010,RKEC,EQ,,,,,RKEC PROJECTS LIMITED,18.97,19.19,18.50,19.04,19.02,18.43,,19.04,,,36623,693542.78,201,F1,1,,,,,
2026-09-23,2026-09-23,CM,NSE,STK,762346,INE655V01019,RMC,EQ,,,,,RMC SWITCHGEARS LIMITED,226.00,229.85,219.24,221.94,225.90,225.20,,221.87,,,25030,5616847.01,1149,F1,1,,,,,
2026-09-23,2026-09-23,CM,NSE,STK,24589,INE0SA001017,RNFI,SM,,,,,RNFI SERVICES LIMITED,311.25,317.80,309.35,311.00,310.50,316.50,,311.00,,,31800,9918930.00,46,F1,600,,,,,
2026-09-23,2026-09-23,CM,NSE,STK,15157,INE508K01013,RHL,EQ,,,,,ROBUST HOTELS LIMITED,174.00,179.69,173.10,173.10,173.10,174.82,,173.10,,,467,81486.16,19,F1,1,,,,,
2026-09-23,2026-09-23,CM,NSE,STK,20289,INE0PTR01012,ROCKINGDCE,SM,,,,,ROCKINGDEALS CIRCU ECO L,216.20,224.00,213.35,217.00,217.00,218.75,,217.00,,,2250,488837.50,9,F1,250,,,,,
2026-09-23,2026-09-23,CM,NSE,STK,5279,INE645S01024,ROLEXRINGS,EQ,,,,,ROLEX RINGS LIMITED,173.50,187.65,173.42,183.58,182.66,172.50,,183.58,,,7085323,1292243349.75,72741,F1,1,,,,,
2026-09-23,2026-09-23,CM,NSE,STK,19108,INE927A01040,ROLLT,BE,,,,,ROLLATAINERS LIMITED,6.55,6.57,6.02,6.41,6.40,6.26,,6.41,,,874650,5636464.54,1150,F1,1,,,,,
2026-09-23,2026-09-23,CM,NSE,STK,19410,INE02A801020,ROSSARI,EQ,,,,,ROSSARI BIOTECH LIMITED,442.25,474.20,440.95,454.80,453.00,442.25,,454.79,,,128013,57927296.90,5324,F1,1,,,,,
2026-09-23,2026-09-23,CM,NSE,STK,28913,INE847C01020,ROSSELLIND,EQ,,,,,ROSSELL INDIA LIMITED,52.00,52.45,51.68,52.03,51.85,51.92,,52.05,,,27087,1412186.62,511,F1,1,,,,,
2026-09-23,2026-09-23,CM,NSE,STK,27353,INE0OJW01016,ROSSTECH,EQ,,,,,ROSSELL TECHSYS LIMITED,1494.50,1499.80,1425.00,1449.80,1449.60,1494.10,,1449.73,,,276498,402119517.40,24268,F1,1,,,,,
2026-09-23,2026-09-23,CM,NSE,STK,9049,INE535D01037,ROTO,EQ,,,,,ROTO PUMPS LIMITED,62.85,63.63,62.50,63.13,63.43,62.80,,63.14,,,177737,11212775.49,1844,F1,1,,,,,
2026-09-23,2026-09-23,CM,NSE,STK,128,INE450U01017,ROUTE,EQ,,,,,ROUTE MOBILE LIMITED,467.30,497.25,467.30,473.25,473.00,463.95,,473.27,,,1039348,501615377.00,27642,F1,1,,,,,
2026-09-23,2026-09-23,CM,NSE,STK,20167,INE0PDJ01013,ROXHITECH,SM,,,,,ROX HI TECH LIMITED,44.25,47.00,44.25,46.65,47.00,44.05,,46.65,,,9600,439920.00,6,F1,1600,,,,,
2026-09-23,2026-09-23,CM,NSE,STK,13182,INE283H01019,ROHLTD,EQ,,,,,ROYAL ORCHID HOTELS LTD,313.00,313.00,302.35,309.75,310.50,306.00,,309.75,,,25196,7735732.25,769,F1,1,,,,,
2026-09-23,2026-09-23,CM,NSE,STK,16725,INE105J01010,RPGLIFE,EQ,,,,,RPG LIFE SCIENCES LTD,2771.60,3047.20,2727.10,3025.40,3040.00,2746.90,,3025.66,,,143445,424235521.90,14001,F1,1,,,,,
2026-09-23,2026-09-23,CM,NSE,STK,8119,INE425Y01011,RPSGVENT,EQ,,,,,RPSG VENTURES LIMITED,840.00,859.95,828.30,851.75,859.95,841.65,,851.66,,,15423,13062977.70,944,F1,1,,,,,
2026-09-23,2026-09-23,CM,NSE,STK,2794,INE611A01016,RSWM,EQ,,,,,RSWM LIMITED,228.99,229.00,222.00,225.28,226.39,227.01,,225.25,,,71503,16087273.51,1501,F1,1,,,,,
2026-09-23,2026-09-23,CM,NSE,STK,24730,INE642C01025,RUBFILA,EQ,,,,,RUBFILA INTERNATIONAL LTD,66.53,67.19,65.76,66.04,66.30,66.97,,66.06,,,46712,3112044.22,909,F1,1,,,,,
2026-09-23,2026-09-23,CM,NSE,STK,759316,INE506V01022,RUBICON,EQ,,,,,RUBICON RESEARCH LIMITED,1670.00,1682.50,1632.20,1674.80,1679.00,1671.20,,1674.78,,,600567,999251077.50,45681,F1,1,,,,,
2026-09-23,2026-09-23,CM,NSE,STK,4566,INE413B01023,RUCHINFRA,EQ,,,,,RUCHI INFRASTRUCTURE LTD,5.20,5.38,5.06,5.25,5.28,5.01,,5.25,,,117662,619158.66,280,F1,1,,,,,
2026-09-23,2026-09-23,CM,NSE,STK,13821,INE803H01014,RUCHIRA,EQ,,,,,RUCHIRA PAPERS LIMITED,105.10,106.50,105.10,105.77,105.76,105.93,,105.77,,,20838,2199885.37,629,F1,1,,,,,
2026-09-23,2026-09-23,CM,NSE,STK,760392,INE027T01023,RUDRA,EQ,,,,,RUDRA GLOBAL INFRA PROD L,20.47,20.47,19.74,19.81,19.75,20.10,,19.75,,,39703,790723.86,167,F1,1,,,,,
2026-09-23,2026-09-23,CM,NSE,STK,1480,INE364Z01019,REPL,EQ,,,,,RUDRABHISHEK ENTERP LTD,57.10,59.20,57.10,58.23,57.50,57.67,,58.23,,,1861,107949.46,57,F1,1,,,,,
2026-09-23,2026-09-23,CM,NSE,STK,23830,INE0R7301013,RULKA,SM,,,,,RULKA ELECTRICALS LIMITED,106.60,107.50,103.95,105.20,105.20,106.50,,105.20,,,6900,732540.00,18,F1,300,,,,,
2026-09-23,2026-09-23,CM,NSE,STK,25724,INE895B01021,RUPA,EQ,,,,,RUPA & COMPANY LTD,140.00,141.37,137.97,140.63,140.50,138.52,,140.65,,,127805,17890536.75,3529,F1,1,,,,,
2026-09-23,2026-09-23,CM,NSE,STK,24595,INE573K01025,RUSHIL,EQ,,,,,RUSHIL DECOR LIMITED,16.67,17.28,16.67,16.78,16.87,16.70,,16.78,,,180245,3052528.94,545,F1,1,,,,,
2026-09-23,2026-09-23,CM,NSE,STK,764860,INE137M01017,SAB,EQ,,,,,S A B INDUSTRIES LTD.,174.15,174.15,170.00,170.00,170.00,174.15,,170.00,,,2001,340174.15,3,F1,1,,,,,
2026-09-23,2026-09-23,CM,NSE,STK,24674,INE0BSN01013,SATECH,SM,,,,,S A TECH SOFTWARE INDIA L,37.50,37.50,37.50,37.50,37.50,38.00,,37.50,,,1000,37500.00,1,F1,1000,,,,,
2026-09-23,2026-09-23,CM,NSE,STK,20698,INE807K01035,SCHAND,EQ,,,,,S CHAND AND COMPANY LTD,135.37,142.78,133.92,137.86,137.10,133.75,,137.94,,,58188,7998809.09,1870,F1,1,,,,,
2026-09-23,2026-09-23,CM,NSE,STK,25528,INE0X6F01017,SDREAMS,SM,,,,,S D RETAIL LIMITED,83.95,83.95,81.00,81.50,81.50,81.00,,81.50,,,7000,570650.00,7,F1,1000,,,,,
2026-09-23,2026-09-23,CM,NSE,STK,11212,INE500L01026,SHK,EQ,,,,,S H KELKAR AND CO. LTD.,138.88,146.65,138.88,144.45,144.62,138.28,,144.45,,,536940,76877425.57,8886,F1,1,,,,,
2026-09-23,2026-09-23,CM,NSE,STK,20542,INE0F3301020,SJLOGISTIC,SM,,,,,S J LOGISTICS (INDIA) LTD,313.00,323.30,313.00,321.90,321.00,313.95,,321.90,,,14750,4698187.50,51,F1,250,,,,,
2026-09-23,2026-09-23,CM,NSE,STK,764940,INE159L01013,SVGLOBAL,EQ,,,,,S V GLOBAL MILL LTD.,161.90,163.00,146.55,151.93,163.00,155.60,,151.89,,,4466,691697.39,143,F1,1,,,,,
2026-09-23,2026-09-23,CM,NSE,STK,2951,INE902B01017,S&SPOWER,EQ,,,,,S&S POWER SWITCHGEARS LTD,338.00,338.00,314.10,318.05,318.00,325.45,,318.05,,,1967,628823.95,193,F1,1,,,,,
2026-09-23,2026-09-23,CM,NSE,STK,18252,INE212I01016,SPAL,EQ,,,,,S. P. APPARELS LIMITED,984.50,999.00,976.60,989.50,992.90,979.70,,989.38,,,26317,26093605.70,2687,F1,1,,,,,
2026-09-23,2026-09-23,CM,NSE,STK,11634,INE658G01014,SALSTEEL,EQ,,,,,S.A.L. STEEL LTD.,82.95,85.02,81.72,85.02,85.02,80.98,,85.02,,,359860,30248022.69,2037,F1,1,,,,,
2026-09-23,2026-09-23,CM,NSE,STK,19112,INE0PSK01027,SAAKSHI,ST,,,,,SAAKSHI MEDTEC N PANELS L,372.00,381.45,372.00,380.75,380.75,372.00,,380.75,,,7200,2724990.00,11,F1,600,,,,,
2026-09-23,2026-09-23,CM,NSE,STK,759057,INE13B501022,SAATVIKGL,EQ,,,,,SAATVIK GREEN ENERGY LTD,451.70,457.45,445.00,447.60,446.00,446.75,,447.56,,,130510,58836190.75,5582,F1,1,,,,,
2026-09-23,2026-09-23,CM,NSE,STK,757409,INE1ARD01016,SACHEEROME,SM,,,,,SACHEEROME LIMITED,508.40,513.50,491.00,498.55,491.00,508.40,,498.55,,,15900,8045415.00,46,F1,300,,,,,
2026-09-23,2026-09-23,CM,NSE,STK,13236,INE226H01026,SADBHAV,EQ,,,,,SADBHAV ENGINEERING LTD,7.68,7.80,7.55,7.71,7.70,7.68,,7.71,,,84305,645416.81,230,F1,1,,,,,
2026-09-23,2026-09-23,CM,NSE,STK,10618,INE764L01010,SADBHIN,EQ,,,,,SADBHAV INFRA PROJ LTD.,2.59,2.61,2.55,2.59,2.60,2.58,,2.59,,,110108,284251.31,181,F1,1,,,,,
2026-09-23,2026-09-23,CM,NSE,STK,15349,INE888C01040,SADHNANIQ,BE,,,,,SADHANA NITROCHEM LIMITED,2.85,2.92,2.71,2.75,2.80,2.85,,2.75,,,2339394,6468783.87,1281,F1,1,,,,,
2026-09-23,2026-09-23,CM,NSE,STK,22897,INE0K5H01010,SADHAV,SM,,,,,SADHAV SHIPPING LIMITED,107.10,107.10,104.40,105.00,105.00,107.10,,105.00,,,7200,761610.00,11,F1,600,,,,,
2026-09-23,2026-09-23,CM,NSE,STK,13035,INE429E01023,SAFARI,EQ,,,,,SAFARI IND (INDIA) LTD,1498.00,1506.40,1472.10,1491.60,1482.00,1498.50,,1491.49,,,42901,63883924.90,6066,F1,1,,,,,
2026-09-23,2026-09-23,CM,NSE,STK,757583,INE17D601016,SAFEENTP,SM,,,,,SAFE ENTER RETAIL FIX LTD,254.00,255.00,248.40,250.05,249.05,248.10,,250.05,,,87500,21912075.00,159,F1,500,,,,,
2026-09-23,2026-09-23,CM,NSE,STK,14068,INE229C01021,SAGCEM,EQ,,,,,SAGAR CEMENTS LIMITED,153.98,154.88,150.55,152.68,153.20,151.32,,152.71,,,67000,10218587.54,1180,F1,1,,,,,
2026-09-23,2026-09-23,CM,NSE,STK,8175,INE976T01013,SAGARDEEP,EQ,,,,,SAGARDEEP ALLOYS LIMITED,23.10,24.39,23.10,24.36,24.34,23.39,,24.36,,,8632,205922.08,143,F1,1,,,,,
2026-09-23,2026-09-23,CM,NSE,STK,27052,INE0W2G01015,SAGILITY,EQ,,,,,SAGILITY LIMITED,45.70,46.09,45.64,45.99,45.99,45.61,,45.99,,,5919241,271803586.62,12984,F1,1,,,,,
2026-09-23,2026-09-23,CM,NSE,STK,24478,INE0P4701011,SAHAJSOLAR,SM,,,,,SAHAJ SOLAR LIMITED,93.80,93.80,88.00,89.85,89.90,90.20,,89.85,,,28000,2518020.00,53,F1,400,,,,,
2026-09-23,2026-09-23,CM,NSE,STK,16711,INE0LEX01011,SAHANA,SM,,,,,SAHANA SYSTEM LIMITED,840.00,889.00,824.05,863.05,860.00,841.70,,863.05,,,17700,15148867.50,91,F1,150,,,,,
2026-09-23,2026-09-23,CM,NSE,STK,25668,INE0RBQ01018,SAHASRA,SM,,,,,SAHASRA ELECTRONIC SOLU L,389.00,389.00,389.00,389.00,389.00,370.50,,389.00,,,9600,3734400.00,19,F1,400,,,,,
2026-09-23,2026-09-23,CM,NSE,STK,14900,INE280H01015,SAHYADRI,EQ,,,,,SAHYADRI INDUSTRIES LTD,360.25,371.00,354.10,369.60,370.00,360.25,,369.31,,,6499,2358786.35,642,F1,1,,,,,
2026-09-23,2026-09-23,CM,NSE,STK,764865,INE531X01018,SAICAPI,EQ,,,,,SAI CAPITAL LTD.,153.00,159.80,152.00,155.69,158.00,152.52,,155.69,,,578,90739.40,38,F1,1,,,,,
2026-09-23,2026-09-23,CM,NSE,STK,27839,INE570L01029,SAILIFE,EQ,,,,,SAI LIFE SCIENCES LIMITED,1606.90,1633.40,1600.20,1609.60,1610.00,1600.50,,1609.61,,,265789,429000386.80,21694,F1,1,,,,,
2026-09-23,2026-09-23,CM,NSE,STK,761675,INE0H9F01037,SAIPARENT,EQ,,,,,SAI PARENTERALS LIMITED,509.20,514.20,501.65,509.30,508.00,506.65,,509.23,,,62456,31832962.85,2620,F1,1,,,,,
2026-09-23,2026-09-23,CM,NSE,STK,18755,INE438K01021,KALAMANDIR,EQ,,,,,SAI SILKS (KALAMANDIR) L,78.00,81.90,78.00,79.99,80.25,78.08,,79.98,,,913575,73551739.41,9328,F1,1,,,,,
2026-09-23,2026-09-23,CM,NSE,STK,764880,INE068B01017,SEKURITIND,EQ,,,,,SAINT GOBAIN SEKUR IND L,114.20,117.35,113.65,113.82,113.85,114.35,,113.83,,,21432,2457214.68,425,F1,1,,,,,
2026-09-23,2026-09-23,CM,NSE,STK,9539,INE732S01012,SAKAR,EQ,,,,,SAKAR HEALTHCARE LIMITED,1198.00,1229.85,1151.00,1162.65,1163.45,1188.40,,1162.65,,,228348,271680296.45,16465,F1,1,,,,,
2026-09-23,2026-09-23,CM,NSE,STK,11794,INE667G01023,SAKSOFT,EQ,,,,,SAKSOFT LIMITED,145.00,149.01,144.36,147.79,147.90,144.36,,147.80,,,212364,31242939.72,3771,F1,1,,,,,
2026-09-23,2026-09-23,CM,NSE,STK,2969,INE623A01011,SAKHTISUG,EQ,,,,,SAKTHI SUGARS LTD,18.30,18.95,18.10,18.23,18.32,18.30,,18.24,,,228906,4217672.34,687,F1,1,,,,,
2026-09-23,2026-09-23,CM,NSE,STK,13251,INE190H01024,SAKUMA,EQ,,,,,SAKUMA EXPORTS LIMITED,1.53,1.67,1.52,1.67,1.67,1.52,,1.68,,,2655959,4367278.35,1128,F1,1,,,,,
2026-09-23,2026-09-23,CM,NSE,STK,21362,INE170V01027,SALASAR,EQ,,,,,SALASAR TECHNO ENGG. LTD.,4.96,5.03,4.91,4.94,4.94,4.96,,4.94,,,2776406,13757816.54,3189,F1,1,,,,,
2026-09-23,2026-09-23,CM,NSE,STK,17351,INE498E01010,SALONA,EQ,,,,,SALONA COTSPIN LTD.,271.55,278.90,260.10,270.65,274.95,271.50,,270.71,,,807,215325.70,69,F1,1,,,,,
2026-09-23,2026-09-23,CM,NSE,STK,11399,INE457F01013,SALZERELEC,EQ,,,,,SALZER ELECTRONICS LTD,551.45,555.00,545.05,549.05,554.00,545.95,,549.03,,,29178,16039125.10,1382,F1,1,,,,,
2026-09-23,2026-09-23,CM,NSE,STK,756851,INE124101010,SAMAY,ST,,,,,SAMAY PROJECT SERVICES L,47.80,47.80,47.80,47.80,47.80,47.80,,47.80,,,8000,382400.00,2,F1,4000,,,,,
2026-09-23,2026-09-23,CM,NSE,STK,764870,INE304D01012,SAMBANDAM,EQ,,,,,SAMBANDAM SPINNING MILL L,102.50,102.50,102.50,102.50,102.50,101.00,,103.70,,,1229,125972.50,3,F1,1,,,,,
2026-09-23,2026-09-23,CM,NSE,STK,4127,INE699B01027,SAMBHAAV,EQ,,,,,SAMBHAAV MEDIA LTD,5.96,6.15,5.92,5.98,5.99,5.96,,5.98,,,21203,127349.00,128,F1,1,,,,,
2026-09-23,2026-09-23,CM,NSE,STK,757767,INE12NJ01018,SAMBHV,EQ,,,,,SAMBHV STEEL TUBES LTD,152.80,161.00,151.02,158.22,157.59,151.94,,158.23,,,7438082,1167250005.51,65323,F1,1,,,,,
2026-09-23,2026-09-23,CM,NSE,STK,21096,INE0PZA01015,SAIFL,SM,,,,,SAMEERA AGRO AND INFRA L,4.30,4.35,4.25,4.25,4.25,4.30,,4.25,,,144000,614400.00,30,F1,4000,,,,,
2026-09-23,2026-09-23,CM,NSE,STK,18614,INE08U801020,SAMHI,EQ,,,,,SAMHI HOTELS LIMITED,159.63,161.71,159.40,160.01,160.70,159.52,,160.02,,,402854,64581553.99,7195,F1,1,,,,,
2026-09-23,2026-09-23,CM,NSE,STK,30125,INE148I01020,SAMMAANCAP,EQ,,,,,SAMMAAN CAPITAL LIMITED,142.25,145.94,142.25,144.48,144.20,142.36,,144.48,,,3230314,467458063.43,19793,F1,1,,,,,
2026-09-23,2026-09-23,CM,NSE,STK,27303,INE735M01018,SAMPANN,EQ,,,,,SAMPANN UTPADAN INDIA LTD,24.80,24.80,23.87,24.34,24.35,24.10,,24.34,,,21633,522265.57,214,F1,1,,,,,
2026-09-23,2026-09-23,CM,NSE,STK,4204,INE775A01035,MOTHERSON,EQ,,,,,SAMVRDHNA MTHRSN INTL LTD,162.99,165.20,162.33,164.40,164.40,161.77,,164.40,,,7287266,1195810659.81,53501,F1,1,,,,,
2026-09-23,2026-09-23,CM,NSE,STK,28805,INE0JPD01013,SANATHAN,EQ,,,,,SANATHAN TEXTILES LIMITED,474.70,510.00,472.45,506.35,505.00,471.30,,506.39,,,484976,244063793.20,14137,F1,1,,,,,
2026-09-23,2026-09-23,CM,NSE,STK,2988,INE583B01015,SANDESH,EQ,,,,,SANDESH LTD,1021.50,1050.00,1021.40,1027.00,1026.00,1038.70,,1026.99,,,644,668008.70,186,F1,1,,,,,
2026-09-23,2026-09-23,CM,NSE,STK,2397,INE278H01035,SANDHAR,EQ,,,,,SANDHAR TECHNOLOGIES LTD,589.20,595.00,584.60,591.75,592.00,586.30,,591.77,,,78228,46257916.40,3871,F1,1,,,,,
2026-09-23,2026-09-23,CM,NSE,STK,18359,INE149K01016,SANDUMA,EQ,,,,,SANDUR MANG & IRON ORES L,183.99,190.09,183.24,188.06,188.49,183.24,,188.07,,,548326,102907610.78,10758,F1,1,,,,,
2026-09-23,2026-09-23,CM,NSE,STK,4184,INE495C01010,SANGAMIND,EQ,,,,,SANGAM (INDIA) LTD,574.30,576.75,563.10,570.85,568.70,569.30,,570.85,,,8865,5050486.30,665,F1,1,,,,,
2026-09-23,2026-09-23,CM,NSE,STK,18035,INE0OVI01010,SANGANI,SM,,,,,SANGANI HOSPITALS LIMITED,49.50,51.95,49.50,51.10,51.95,49.50,,51.10,,,4500,230025.00,3,F1,1500,,,,,
2026-09-23,2026-09-23,CM,NSE,STK,14058,INE989A01032,SANGHVIMOV,EQ,,,,,SANGHVI MOVERS LTD,438.20,444.20,435.00,441.75,441.10,438.80,,441.78,,,154318,67776162.30,5943,F1,1,,,,,
2026-09-23,2026-09-23,CM,NSE,STK,11033,INE753W01010,SANGINITA,BE,,,,,SANGINITA CHEMICALS LTD,75.39,75.39,75.39,75.39,75.39,73.92,,75.39,,,46946,3539258.94,59,F1,1,,,,,
2026-09-23,2026-09-23,CM,NSE,STK,25222,INE0UOS01011,SANOFICONR,EQ,,,,,SANOFI CONS HEALTHC IND L,3994.00,4035.20,3955.00,4005.40,4006.90,3993.00,,4005.42,,,2377,9485790.10,893,F1,1,,,,,
2026-09-23,2026-09-23,CM,NSE,STK,1442,INE058A01010,SANOFI,EQ,,,,,SANOFI INDIA LIMITED,3061.00,3076.90,3049.00,3052.40,3060.00,3058.80,,3052.45,,,11216,34293761.20,2154,F1,1,,,,,
2026-09-23,2026-09-23,CM,NSE,STK,5751,INE953O01021,SANSERA,EQ,,,,,SANSERA ENGINEERING LTD,4589.10,4743.50,4530.00,4621.40,4619.00,4586.50,,4621.15,,,546223,2535170527.50,95001,F1,1,,,,,
2026-09-23,2026-09-23,CM,NSE,STK,24582,INE08NE01025,SANSTAR,EQ,,,,,SANSTAR LIMITED,111.50,114.76,110.91,111.15,110.95,112.61,,111.15,,,184575,20733005.41,2657,F1,1,,,,,
2026-09-23,2026-09-23,CM,NSE,STK,46,INE890C01046,SANWARIA,BZ,,,,,SANWARIA CONSUMER LIMITED,0.19,0.20,0.19,0.19,0.20,0.19,,0.20,,,419407,81914.10,152,F1,1,,,,,
2026-09-23,2026-09-23,CM,NSE,STK,6718,INE806T01020,SAPPHIRE,EQ,,,,,SAPPHIRE FOODS INDIA LTD,235.19,237.24,230.41,231.48,231.20,237.24,,231.49,,,716679,167100888.92,14311,F1,1,,,,,
2026-09-23,2026-09-23,CM,NSE,STK,19863,INE0PUC01020,SARTELE,SM,,,,,SAR TELEVENTURE LIMITED,75.85,84.00,75.85,83.05,84.00,75.85,,83.05,,,79000,6336550.00,132,F1,500,,,,,
2026-09-23,2026-09-23,CM,NSE,STK,762985,INE967G01019,ZSARACOM,EQ,,,,,SARASWATI COMM (INDIA) L,10400.00,10400.00,10186.00,10294.00,10188.00,10485.00,,10275.20,,,13,133963.00,12,F1,1,,,,,
2026-09-23,2026-09-23,CM,NSE,STK,24856,INE0PQ101010,SSDL,EQ,,,,,SARASWATI SAREE DEPOT LTD,65.95,67.95,65.00,65.62,65.80,65.71,,65.61,,,125706,8339336.92,1569,F1,1,,,,,
2026-09-23,2026-09-23,CM,NSE,STK,17758,INE385C01021,SARDAEN,EQ,,,,,SARDA ENERGY & MIN LTD,507.85,511.00,504.05,505.95,506.00,503.35,,505.95,,,159141,80765448.85,8618,F1,1,,,,,
2026-09-23,2026-09-23,CM,NSE,STK,4892,INE979A01025,SAREGAMA,EQ,,,,,SAREGAMA INDIA LIMITED,505.00,517.20,500.00,507.00,507.20,503.35,,506.99,,,438443,224017732.85,18860,F1,1,,,,,
2026-09-23,2026-09-23,CM,NSE,STK,14043,INE453D01025,SARLAPOLY,EQ,,,,,SARLA PERF. FIBERS LTD,98.40,101.70,97.60,100.03,101.00,99.26,,100.03,,,66846,6649908.90,673,F1,1,,,,,
2026-09-23,2026-09-23,CM,NSE,STK,6843,INE017W01010,SMLT,EQ,,,,,SARTHAK METALS LIMITED,60.16,62.00,59.50,60.61,61.40,60.77,,60.61,,,6155,377593.32,196,F1,1,,,,,
2026-09-23,2026-09-23,CM,NSE,STK,12913,INE324X01026,SARVESHWAR,EQ,,,,,SARVESHWAR FOODS LIMITED,3.70,3.72,3.64,3.66,3.68,3.67,,3.66,,,1124278,4128163.28,1481,F1,1,,,,,
2026-09-23,2026-09-23,CM,NSE,STK,11983,INE231F01020,SASKEN,EQ,,,,,SASKEN TECHNOLOGIES LTD,1789.00,1810.00,1764.10,1780.60,1793.00,1755.60,,1780.76,,,15461,27683932.40,2060,F1,1,,,,,
2026-09-23,2026-09-23,CM,NSE,STK,29151,INE0NB801022,SATKARTAR,SM,,,,,SAT KARTAR LIFE LIMITED,161.05,168.95,157.10,164.55,164.00,160.20,,164.55,,,80000,13248240.00,92,F1,800,,,,,
2026-09-23,2026-09-23,CM,NSE,STK,24697,INE0RFP01011,SSEGL,SM,,,,,SATHLOKHAR SYN E&C GLOB L,388.20,401.95,380.00,386.05,382.80,386.85,,386.05,,,28400,11135430.00,135,F1,200,,,,,
2026-09-23,2026-09-23,CM,NSE,STK,24504,INE0RPM01017,SATIPOLY,SM,,,,,SATI POLY PLAST LIMITED,33.85,34.40,33.85,34.40,34.40,32.80,,34.40,,,2500,85725.00,5,F1,500,,,,,
2026-09-23,2026-09-23,CM,NSE,STK,11045,INE170E01023,SATIA,EQ,,,,,SATIA INDUSTRIES LIMITED,67.60,68.38,66.81,67.24,66.85,67.41,,67.24,,,37855,2557172.68,712,F1,1,,,,,
2026-09-23,2026-09-23,CM,NSE,STK,10453,INE836B01017,SATIN,EQ,,,,,SATIN CREDIT NET LTD,222.64,226.70,221.87,225.30,225.00,223.20,,225.29,,,90821,20377559.61,1995,F1,1,,,,,
2026-09-23,2026-09-23,CM,NSE,STK,758960,INE14DW01018,SATTVAENGG,SM,,,,,SATTVA ENGINEERING CSTN L,61.70,61.70,57.00,58.00,58.00,59.00,,58.00,,,22400,1330160.00,14,F1,1600,,,,,
2026-09-23,2026-09-23,CM,NSE,STK,3018,INE626A01014,SAURASHCEM,EQ,,,,,SAURASHTRA CEMENT LIMITED,52.98,54.00,52.90,53.86,53.80,53.15,,53.85,,,78627,4232754.90,706,F1,1,,,,,
2026-09-23,2026-09-23,CM,NSE,STK,3021,INE035D01020,SOTL,EQ,,,,,SAVITA OIL TECHNOLO. LTD,720.00,748.90,713.10,715.60,717.75,724.35,,715.59,,,247265,180909220.45,10937,F1,1,,,,,
2026-09-23,2026-09-23,CM,NSE,STK,757704,INE0UCN01017,SAVY,SM,,,,,SAVY INFRA AND LOGI LTD,136.05,136.05,136.05,136.05,136.05,136.90,,136.05,,,3600,489780.00,3,F1,1200,,,,,
2026-09-23,2026-09-23,CM,NSE,STK,758444,INE10VS01016,SAWALIYA,SM,,,,,SAWALIYA FOOD PRODUCTS L,158.20,160.00,158.20,159.60,159.60,155.00,,159.60,,,52800,8425920.00,21,F1,600,,,,,
2026-09-23,2026-09-23,CM,NSE,STK,762879,INE318C01014,SAYAJIHOTL,EQ,,,,,SAYAJI HOTELS LTD.,311.00,327.00,311.00,327.00,327.00,309.15,,305.00,,,2,638.00,2,F1,1,,,,,
2026-09-23,2026-09-23,CM,NSE,STK,764875,INE327G01032,SAYAJIIND,EQ,,,,,SAYAJI INDUSTRIES LTD.,121.00,124.00,115.50,122.00,122.00,121.00,,121.98,,,4423,529961.78,35,F1,1,,,,,
2026-09-23,2026-09-23,CM,NSE,STK,6792,INE04AK01028,SBC,EQ,,,,,SBC EXPORTS LIMITED,49.39,49.72,48.62,48.78,48.70,49.23,,48.76,,,9405721,462554959.96,5746,F1,1,,,,,
2026-09-23,2026-09-23,CM,NSE,STK,18026,INE423Y01016,SBFC,EQ,,,,,SBFC FINANCE LIMITED,90.84,92.40,90.56,91.21,91.30,90.41,,91.21,,,1300327,118821571.77,11606,F1,1,,,,,
2026-09-23,2026-09-23,CM,NSE,STK,17971,INE018E01016,SBICARD,EQ,,,,,SBI CARDS & PAY SER LTD,636.00,639.85,633.35,635.00,635.00,634.95,,635.00,,,461549,293528004.05,28416,F1,1,,,,,
2026-09-23,2026-09-23,CM,NSE,STK,764173,INE640G01020,SBIFUNDS,EQ,,,,,SBI FUNDS MANAGEMENT LTD,546.20,556.15,544.60,551.35,552.10,546.00,,551.40,,,674153,370134781.55,25375,F1,1,,,,,
2026-09-23,2026-09-23,CM,NSE,STK,21808,INE123W01016,SBILIFE,EQ,,,,,SBI LIFE INSURANCE CO LTD,1758.00,1770.10,1744.40,1760.00,1760.00,1756.30,,1760.00,,,513341,902994370.20,21435,F1,1,,,,,
2026-09-23,2026-09-23,CM,NSE,STK,17272,INF200KA16D8,SETFGOLD,EQ,,,,,SBI-ETF GOLD,129.21,129.41,128.30,128.64,128.67,128.91,,128.64,,,3518011,453193847.59,7565,F1,1,,,,,
2026-09-23,2026-09-23,CM,NSE,STK,10176,INF200KA1FS1,SETFNIF50,EQ,,,,,SBI-ETF NIFTY 50,252.53,254.25,250.96,252.66,253.03,251.73,,252.67,,,565701,143017918.48,2775,F1,1,,,,,
2026-09-23,2026-09-23,CM,NSE,STK,7361,INF200KA1580,SETFNIFBK,EQ,,,,,SBI-ETF NIFTY BANK,579.08,581.75,578.63,580.67,580.62,578.21,,580.67,,,67220,39045754.12,1447,F1,1,,,,,
2026-09-23,2026-09-23,CM,NSE,STK,7353,INF200KA1598,SETFNN50,EQ,,,,,SBI-ETF NIFTY NEXT 50,771.51,777.50,771.50,776.31,775.75,772.86,,776.31,,,15326,11890929.86,814,F1,1,,,,,
2026-09-23,2026-09-23,CM,NSE,STK,19705,INF200KA13Z8,LIQUIDSBI,EQ,,,,,SBIAMC - LIQUIDSBI,999.99,1000.01,999.99,999.99,1000.01,1000.01,,999.99,,,5571,5570957.68,44,F1,1,,,,,
2026-09-23,2026-09-23,CM,NSE,STK,30290,INF200KB1712,SBIBPB,EQ,,,,,SBIAMC - SBIBPB,48.24,48.66,48.14,48.41,48.53,47.86,,48.43,,,23829,1154916.08,200,F1,1,,,,,
2026-09-23,2026-09-23,CM,NSE,STK,5168,INF200KA1X17,SBIETFCON,EQ,,,,,SBIAMC - SBIETFCON,120.47,120.47,118.81,119.33,119.00,118.93,,119.33,,,1411,168361.55,61,F1,1,,,,,
2026-09-23,2026-09-23,CM,NSE,STK,740,INF200KA1S14,SBIETFIT,EQ,,,,,SBIAMC - SBIETFIT,317.37,319.90,313.75,314.58,315.29,317.37,,314.58,,,5373,1691466.37,250,F1,1,,,,,
2026-09-23,2026-09-23,CM,NSE,STK,722,INF200KA1S22,SBIETFPB,EQ,,,,,SBIAMC - SBIETFPB,276.39,284.19,276.39,280.47,278.66,279.18,,280.47,,,1540989,433223414.96,696,F1,1,,,,,
2026-09-23,2026-09-23,CM,NSE,STK,7218,INF200KA1WX6,SBIETFQLTY,EQ,,,,,SBIAMC - SBIETFQLTY,214.45,214.94,213.86,214.20,214.10,214.19,,214.20,,,41166,8824683.84,77,F1,1,,,,,
2026-09-23,2026-09-23,CM,NSE,STK,758496,INF200KB1969,SBILIQETF,EQ,,,,,SBIAMC - SBILIQETF,1057.04,1057.06,1057.04,1057.04,1057.04,1056.90,,1057.04,,,140951,148991036.80,92,F1,1,,,,,
2026-09-23,2026-09-23,CM,NSE,STK,761095,INF200KB1AJ0,SBIMIDMOM,EQ,,,,,SBIAMC - SBIMIDMOM,63.64,63.69,63.04,63.65,63.61,63.01,,63.65,,,45297,2877266.34,109,F1,1,,,,,
2026-09-23,2026-09-23,CM,NSE,STK,24524,INF200KB1282,SBINEQWETF,EQ,,,,,SBIAMC - SBINEQWETF,32.04,32.84,32.04,32.64,32.75,32.43,,32.64,,,15611,509790.25,182,F1,1,,,,,
2026-09-23,2026-09-23,CM,NSE,STK,761741,INF200KB1AK8,SBINMID150,EQ,,,,,SBIAMC - SBINMID150,23.39,23.39,22.51,23.01,23.00,22.93,,23.01,,,14740,337737.97,110,F1,1,,,,,
2026-09-23,2026-09-23,CM,NSE,STK,24366,INF200KB1217,SBISILVER,EQ,,,,,SBIAMC - SBISILVER,227.50,229.11,225.29,225.79,225.76,225.60,,225.80,,,736321,167450100.66,4314,F1,1,,,,,
2026-09-23,2026-09-23,CM,NSE,STK,763543,INF200KB1AY9,SBISMLETF,EQ,,,,,SBIAMC - SBISMLETF,18.19,18.48,18.19,18.40,18.47,18.28,,18.40,,,54877,1011309.86,182,F1,1,,,,,
2026-09-23,2026-09-23,CM,NSE,STK,763546,INF200KB1AX1,SBIVALETF,EQ,,,,,SBIAMC - SBIVALETF,14.46,14.58,14.46,14.58,14.58,14.46,,14.58,,,2471,35911.32,33,F1,1,,,,,
2026-09-23,2026-09-23,CM,NSE,STK,17395,INF200KA1JT1,SETF10GILT,EQ,,,,,SBIAMC - SETF10GILT,263.10,263.89,263.01,263.59,263.59,262.53,,263.59,,,1501,395524.60,29,F1,1,,,,,
2026-09-23,2026-09-23,CM,NSE,STK,762887,INE099G01011,SCANSTL,BE,,,,,SCAN STEELS LTD.,54.20,54.20,50.75,51.79,51.50,52.82,,51.34,,,40519,2095284.43,163,F1,1,,,,,
2026-09-23,2026-09-23,CM,NSE,STK,1011,INE513A01022,SCHAEFFLER,EQ,,,,,SCHAEFFLER INDIA LIMITED,4054.20,4098.70,4035.30,4085.70,4088.00,4054.20,,4085.62,,,45556,185817327.50,17468,F1,1,,,,,
2026-09-23,2026-09-23,CM,NSE,STK,31234,INE839M01018,SCHNEIDER,EQ,,,,,SCHNEIDER ELECTRIC INFRA,1220.00,1253.60,1205.10,1243.40,1241.00,1214.20,,1243.53,,,298693,367587402.80,19484,F1,1,,,,,
2026-09-23,2026-09-23,CM,NSE,STK,757462,INE148I07XX3,SCL01825,N6,,,,,SCL 0% 2027 SR III,1092.00,1092.00,1092.00,1092.00,1092.00,1089.90,,1092.00,,,9,9828.00,1,F1,1,,,,,
2026-09-23,2026-09-23,CM,NSE,STK,28931,INE148I07VE7,1075SCL34T,N1,,,,,SCL 10.75% 2034 SR XI,1080.00,1089.00,1080.00,1089.00,1089.00,1081.45,,1089.00,,,5429,5875020.00,19,F1,1,,,,,
2026-09-23,2026-09-23,CM,NSE,STK,757458,INE148I07YA9,9SCL27,N2,,,,,SCL 9.00% 2027 SR I,1001.00,1001.00,1001.00,1001.00,1001.00,1004.00,,1001.00,,,25,25025.00,1,F1,1,,,,,
2026-09-23,2026-09-23,CM,NSE,STK,30238,INE148I07WU1,902SCL28,N1,,,,,SCL 9.02% SR V,990.00,1010.00,990.00,1010.00,1010.00,1010.00,,1010.00,,,56,56540.00,3,F1,1,,,,,
2026-09-23,2026-09-23,CM,NSE,STK,30220,INE148I07WH8,925SCL27B,N1,,,,,SCL 9.25% SR II,1003.00,1003.00,1003.00,1003.00,1003.00,1025.37,,1003.00,,,50,50150.00,1,F1,1,,,,,
2026-09-23,2026-09-23,CM,NSE,STK,757612,INE148I07XB9,945SCL29,N0,,,,,SCL 9.45% 2029 SR IV,101918.33,101918.33,101918.33,101918.33,101918.33,100538.70,,101918.33,,,7,713428.31,2,F1,1,,,,,
2026-09-23,2026-09-23,CM,NSE,STK,30230,INE148I07WP1,971SCL30,N1,,,,,SCL 9.71% SR VIII,1011.01,1011.01,1011.00,1011.00,1011.00,1019.34,,1011.00,,,194,196134.50,2,F1,1,,,,,
2026-09-23,2026-09-23,CM,NSE,STK,757478,INE090501011,SCODATUBES,EQ,,,,,SCODA TUBES LIMITED,139.95,145.76,130.72,137.74,138.50,128.85,,137.74,,,2930843,409213532.97,31715,F1,1,,,,,
2026-09-23,2026-09-23,CM,NSE,STK,20171,IN1420230162,77GA33B,SG,,,,,SDL GA 7.7% 2033,100.00,100.00,100.00,100.00,100.00,100.00,,100.00,,,100,10000.00,1,F1,100,,,,,
2026-09-23,2026-09-23,CM,NSE,STK,760004,IN1520250193,707GJ33,SG,,,,,SDL GJ 7.07% 2033,95.95,95.95,95.94,95.94,95.94,95.00,,95.94,,,1000,95944.00,2,F1,100,,,,,
2026-09-23,2026-09-23,CM,NSE,STK,23547,IN1620240011,748HR34,SG,,,,,SDL HR 7.48% 2034,98.91,98.91,98.91,98.91,98.91,98.91,,98.91,,,100,9891.00,1,F1,100,,,,,
2026-09-23,2026-09-23,CM,NSE,STK,25470,IN1920240018,695KA28,SG,,,,,SDL KA 6.95% 2028,95.80,95.80,95.80,95.80,95.80,97.76,,95.80,,,100,9580.00,1,F1,100,,,,,
2026-09-23,2026-09-23,CM,NSE,STK,759165,IN2720250074,677OR29,SG,,,,,SDL OR 6.77% 2029,96.23,96.23,96.23,96.23,96.23,96.23,,96.23,,,200,19246.00,2,F1,100,,,,,
2026-09-23,2026-09-23,CM,NSE,STK,760012,IN2820250131,729PN33,SG,,,,,SDL PN 7.29% 2033,97.19,97.19,97.19,97.19,97.19,97.70,,97.19,,,1000,97190.00,2,F1,100,,,,,
2026-09-23,2026-09-23,CM,NSE,STK,19162,IN3120230245,752TN33,SG,,,,,SDL TN 7.52% 2033,99.66,99.66,99.66,99.66,99.66,99.66,,99.66,,,100,9966.00,1,F1,100,,,,,
2026-09-23,2026-09-23,CM,NSE,STK,19745,IN3120230302,768TN30A,SG,,,,,SDL TN 7.68% 2030,101.03,101.03,101.03,101.03,101.03,98.70,,101.03,,,500,50515.00,2,F1,100,,,,,
2026-09-23,2026-09-23,CM,NSE,STK,2616,INE497B01018,SEAMECLTD,EQ,,,,,SEAMEC LIMITED,1745.00,1764.70,1722.20,1752.70,1748.00,1734.70,,1752.69,,,26431,46106500.50,3527,F1,1,,,,,
2026-09-23,2026-09-23,CM,NSE,STK,6207,INE530B07187,IIFLZC26,NN,,,,,SEC RE NCD 0% SR.VII,1500.00,1500.00,1500.00,1500.00,1500.00,1509.99,,1500.00,,,142,213000.00,2,F1,1,,,,,
2026-09-23,2026-09-23,CM,NSE,STK,13858,INE530B07278,IIFLZC28A,NU,,,,,SEC RE NCD 0% SR.VII,1350.00,1350.00,1350.00,1350.00,1350.00,1350.00,,1350.00,,,40,54000.00,1,F1,1,,,,,
2026-09-23,2026-09-23,CM,NSE,STK,7674,INE477L07AS8,IIFLHF29,NE,,,,,SEC RE NCD 0% SR.VIII,1404.30,1525.00,1404.30,1458.40,1414.00,1435.62,,1458.40,,,146,207808.04,15,F1,1,,,,,
2026-09-23,2026-09-23,CM,NSE,STK,20771,INE413U07277,10ISFL26,N3,,,,,SEC RE NCD 10% SR 4,1070.80,1070.80,1070.80,1070.80,1070.80,1069.80,,1070.80,,,25,26770.00,1,F1,1,,,,,
2026-09-23,2026-09-23,CM,NSE,STK,20779,INE413U07269,1003ISFL28,N4,,,,,SEC RE NCD 10.03% SR 5,1005.00,1005.00,1005.00,1005.00,1005.00,1009.77,,1005.00,,,5,5025.00,1,F1,1,,,,,
2026-09-23,2026-09-23,CM,NSE,STK,15253,INE244L07523,890SFIL23A,NZ,,,,,SEC RE NCD 10.03% SR.VIII,400.00,439.90,309.00,439.90,439.90,383.73,,419.95,,,486,186121.80,3,F1,1,,,,,
2026-09-23,2026-09-23,CM,NSE,STK,17542,INE148I07OW4,1015SCL28B,AZ,,,,,SEC RE NCD 10.15% SR VII,840.80,840.80,840.80,840.80,840.80,1028.69,,840.80,,,8,6726.40,2,F1,1,,,,,
2026-09-23,2026-09-23,CM,NSE,STK,23952,INE148I07TR3,1015SCL29,ZL,,,,,SEC RE NCD 10.15% SR VII,1024.90,1024.90,1024.90,1024.90,1024.90,950.20,,1025.95,,,30,30747.00,2,F1,1,,,,,
2026-09-23,2026-09-23,CM,NSE,STK,21056,INE148I07RZ0,835SCL23B,YM,,,,,SEC RE NCD 10.25% SR XII,1009.00,1009.00,1009.00,1009.00,1009.00,1005.00,,1009.00,,,80,80720.00,3,F1,1,,,,,
2026-09-23,2026-09-23,CM,NSE,STK,18906,INE148I07PV3,888SCL25E,N4,,,,,SEC RE NCD 10.25% SR XII,1060.00,1060.00,864.00,864.00,864.00,1080.00,,972.00,,,138,122520.00,5,F1,1,,,,,
2026-09-23,2026-09-23,CM,NSE,STK,20130,INE148I07RB1,965SCL25F,NZ,,,,,SEC RE NCD 10.25% SR XII,840.00,840.00,820.00,820.00,820.00,840.00,,820.00,,,10,8220.00,2,F1,1,,,,,
2026-09-23,2026-09-23,CM,NSE,STK,15249,INE244L07556,1003SFIL28,NX,,,,,SEC RE NCD 10.50% SR.VII,450.00,450.00,382.00,415.00,415.00,400.50,,474.54,,,239,98210.30,5,F1,1,,,,,
2026-09-23,2026-09-23,CM,NSE,STK,23123,INE342T07460,1065NFL27,NC,,,,,SEC RE NCD 10.65% SR.IV,1009.05,1015.99,1009.00,1015.99,1015.99,1014.99,,1015.99,,,47,47667.83,6,F1,1,,,,,
2026-09-23,2026-09-23,CM,NSE,STK,3451,INE219X07249,769IGT28,NH,,,,,SEC RE NCD 7.69% SR.IV,1014.00,1014.00,1014.00,1014.00,1014.00,1012.00,,1014.00,,,10,10140.00,1,F1,1,,,,,
2026-09-23,2026-09-23,CM,NSE,STK,11658,INE0H7R07017,79NHIT35,N1,,,,,SEC RE NCD 7.90% STRPP A,310.10,310.10,310.10,310.10,310.10,309.86,,310.10,,,540,167454.00,3,F1,1,,,,,
2026-09-23,2026-09-23,CM,NSE,STK,11665,INE0H7R07025,79NHIT40,N2,,,,,SEC RE NCD 7.90% STRPP B,310.00,310.00,310.00,310.00,310.00,311.00,,310.00,,,77,23870.00,1,F1,1,,,,,
2026-09-23,2026-09-23,CM,NSE,STK,11669,INE0H7R07033,79NHIT47,N3,,,,,SEC RE NCD 7.90% STRPP C,421.75,422.00,421.75,421.85,422.00,421.82,,421.85,,,417,175911.50,3,F1,1,,,,,
2026-09-23,2026-09-23,CM,NSE,STK,7648,INE477L07AN9,820IIFL27,N9,,,,,SEC RE NCD 8.20% SR.III,992.66,992.66,992.01,992.01,992.01,992.55,,992.01,,,1120,1111752.11,25,F1,1,,,,,
2026-09-23,2026-09-23,CM,NSE,STK,3464,INE219X07264,82IGT31,NJ,,,,,SEC RE NCD 8.20% SR.V,1035.06,1035.12,1035.06,1035.11,1035.11,1042.90,,1035.11,,,240,248416.14,13,F1,1,,,,,
2026-09-23,2026-09-23,CM,NSE,STK,6197,INE530B07161,842IIFL26,NL,,,,,SEC RE NCD 8.42% SR.V,996.81,997.00,995.20,996.99,997.00,996.80,,996.99,,,612,609833.60,23,F1,1,,,,,
2026-09-23,2026-09-23,CM,NSE,STK,7668,INE477L07AQ2,843IHFL29,NC,,,,,SEC RE NCD 8.43% SR.VI,984.01,984.01,984.01,984.01,984.01,985.37,,984.01,,,50,49200.50,1,F1,1,,,,,
2026-09-23,2026-09-23,CM,NSE,STK,17039,INE530B07385,865IFL28,NZ,,,,,SEC RE NCD 8.65% SR.V,982.02,982.02,982.02,982.02,982.02,981.01,,982.02,,,300,294606.00,1,F1,1,,,,,
2026-09-23,2026-09-23,CM,NSE,STK,13852,INE530B07310,865IIFL28,NS,,,,,SEC RE NCD 8.65% SR.V,988.00,988.50,985.00,988.50,988.50,988.50,,988.50,,,399,393478.00,8,F1,1,,,,,
2026-09-23,2026-09-23,CM,NSE,STK,5160,INE516Y07428,9PFL31A,NA,,,,,SEC RE NCD 9% SR.V,1040.00,1045.00,1040.00,1045.00,1045.00,1037.00,,1042.25,,,200,208559.00,4,F1,1,,,,,
2026-09-23,2026-09-23,CM,NSE,STK,13854,INE530B07260,9IIFL28A,NT,,,,,SEC RE NCD 9% SR.VI,1049.80,1049.80,1049.80,1049.80,1049.80,1041.50,,1049.80,,,1,1049.80,1,F1,1,,,,,
2026-09-23,2026-09-23,CM,NSE,STK,28872,INE477L07BH9,925IHFL29,N1,,,,,SEC RE NCD 9.25% SR VII,1044.80,1044.80,1044.80,1044.80,1044.80,1000.00,,1044.80,,,180,188064.00,1,F1,1,,,,,
2026-09-23,2026-09-23,CM,NSE,STK,9262,INE148I07LT6,925SCL27,YR,,,,,SEC RE NCD 9.25% SR.VII,1024.00,1024.00,1024.00,1024.00,1024.00,1024.95,,1024.00,,,45,46080.00,7,F1,1,,,,,
2026-09-23,2026-09-23,CM,NSE,STK,23708,INE338I07107,935MOFSL29,N5,,,,,SEC RE NCD 9.35% SR VI,1050.00,1050.00,1049.98,1049.99,1050.00,1040.00,,1049.99,,,233,244648.34,3,F1,1,,,,,
2026-09-23,2026-09-23,CM,NSE,STK,25552,INE148I07UC3,948SCL27D,N1,,,,,SEC RE NCD 9.48% SR V,990.50,990.50,990.50,990.50,990.50,1015.00,,990.50,,,1,990.50,1,F1,1,,,,,
2026-09-23,2026-09-23,CM,NSE,STK,24137,INE413U07327,957IIFLS27,NA,,,,,SEC RE NCD 9.57% SR III,1000.00,1000.00,1000.00,1000.00,1000.00,1003.00,,1000.00,,,50,50000.00,5,F1,1,,,,,
2026-09-23,2026-09-23,CM,NSE,STK,25287,INE423A07328,965AEL27,N4,,,,,SEC RE NCD 9.65% SR IV,1014.90,1014.90,1011.55,1011.55,1011.55,1014.50,,1011.55,,,4,4056.25,2,F1,1,,,,,
2026-09-23,2026-09-23,CM,NSE,STK,18487,INE741K07579,970CAGL28,ND,,,,,SEC RE NCD 9.70% SR VII,1020.00,1020.00,1012.00,1015.00,1015.00,1025.00,,1015.00,,,196,198601.10,8,F1,1,,,,,
2026-09-23,2026-09-23,CM,NSE,STK,13487,INE148I07NG9,894SCL27,ZY,,,,,SEC RE NCD 9.80% SR.VII,695.00,695.00,695.00,695.00,695.00,690.00,,695.00,,,10,6950.00,1,F1,1,,,,,
2026-09-23,2026-09-23,CM,NSE,STK,14038,INE244L07416,985SFIL28,NO,,,,,SEC RE NCD 9.85% SR.VIII,381.01,381.01,381.01,381.01,381.01,415.00,,381.01,,,25,9525.25,1,F1,1,,,,,
2026-09-23,2026-09-23,CM,NSE,STK,25296,INE423A07344,99AEL29,N7,,,,,SEC RE NCD 9.90% SR VII,1068.00,1068.00,1067.99,1067.99,1067.99,1054.00,,1067.99,,,2,2135.99,2,F1,1,,,,,
2026-09-23,2026-09-23,CM,NSE,STK,17964,INE121A07RI0,CIFC28,NB,,,,,SEC RE NCD SR 6,1300.00,1300.00,1300.00,1300.00,1300.00,1281.00,,1300.00,,,295,383500.00,2,F1,1,,,,,
2026-09-23,2026-09-23,CM,NSE,STK,23704,INE338I07099,0MOFSL27,N3,,,,,SEC RE NCD SR IV,1223.00,1223.00,1214.00,1223.00,1223.00,1223.00,,1223.00,,,90,109710.00,6,F1,1,,,,,
2026-09-23,2026-09-23,CM,NSE,STK,18498,INE741K07546,CAGL28,NE,,,,,SEC RE NCD SR VIII,1365.00,1365.00,1365.00,1365.00,1365.00,1365.00,,1365.00,,,34,46410.00,1,F1,1,,,,,
2026-09-23,2026-09-23,CM,NSE,STK,14219,INE00QS24043,IMC1,N1,,,,,SEC RE NCGB 8.25% STRPP B,250.30,251.70,250.01,251.67,251.00,251.40,,251.67,,,1553,389919.46,18,F1,1,,,,,
2026-09-23,2026-09-23,CM,NSE,STK,14224,INE00QS24027,IMC1,N2,,,,,SEC RE NCGB 8.25% STRPP C,250.00,250.30,250.00,250.30,250.30,250.00,,250.30,,,93,23277.60,7,F1,1,,,,,
2026-09-23,2026-09-23,CM,NSE,STK,14228,INE00QS24035,IMC1,N3,,,,,SEC RE NCGB 8.25% STRPP D,251.00,251.70,251.00,251.70,251.70,251.70,,251.70,,,641,161276.70,10,F1,1,,,,,
2026-09-23,2026-09-23,CM,NSE,STK,7975,INE804IA7014,1015ECL29,NR,,,,,SEC RED NCD 10.15% SR. VI,1020.00,1020.00,1018.50,1019.40,1019.50,1020.48,,1019.40,,,302,307632.00,6,F1,1,,,,,
2026-09-23,2026-09-23,CM,NSE,STK,7986,INE804IA7022,1060ECL29,NS,,,,,SEC RED NCD 10.6% SR. VII,1074.12,1081.24,1074.00,1080.00,1080.00,1132.00,,1077.50,,,345,370945.24,9,F1,1,,,,,
2026-09-23,2026-09-23,CM,NSE,STK,16870,INE033L07GS6,81TCHF28,N8,,,,,SEC RED NCD 8.10% SR.IV,1015.00,1015.00,1015.00,1015.00,1015.00,1019.98,,1015.00,,,8,8120.00,3,F1,1,,,,,
2026-09-23,2026-09-23,CM,NSE,STK,498,INE721A07NU1,903SFL28,YI,,,,,SEC RED NCD 9.03% SR. II,1034.00,1035.00,1027.01,1027.01,1027.01,1027.00,,1027.01,,,430,444680.20,7,F1,1,,,,,
2026-09-23,2026-09-23,CM,NSE,STK,6149,INE721A07OC7,930SFL28,YP,,,,,SEC RED NCD 9.30% SR. II,1040.00,1040.00,1040.00,1040.00,1040.00,1033.01,,1040.00,,,250,260000.00,2,F1,1,,,,,
2026-09-23,2026-09-23,CM,NSE,STK,8625,INE721A07ON4,957ICCL25,YW,,,,,SEC RED NCD 9.30% SR. II,1045.00,1045.00,1036.00,1036.00,1036.00,1045.00,,1036.00,,,266,276570.00,3,F1,1,,,,,
2026-09-23,2026-09-23,CM,NSE,STK,1001,INE721A07NX5,94SFL28,YL,,,,,SEC RED NCD 9.40% SR. V,1040.00,1040.01,1040.00,1040.01,1040.01,1038.60,,1040.98,,,57,59280.05,5,F1,1,,,,,
2026-09-23,2026-09-23,CM,NSE,STK,4288,INE804I078Y8,943ECL28,NJ,,,,,SEC RED NCD 9.43% SR. VI,1006.00,1006.00,1006.00,1006.00,1006.00,1005.00,,1006.00,,,60,60360.00,1,F1,1,,,,,
2026-09-23,2026-09-23,CM,NSE,STK,8642,INE721A07OQ7,97SFL29,YZ,,,,,SEC RED NCD 9.70% SR. V,1091.51,1096.00,1090.00,1095.05,1095.05,1091.00,,1095.05,,,402,439128.90,11,F1,1,,,,,
2026-09-23,2026-09-23,CM,NSE,STK,4292,INE804I079Y6,985ECL28,NK,,,,,SEC RED NCD 9.85% SR. VII,1010.00,1010.00,1005.05,1008.84,1009.99,1009.99,,1008.84,,,168,169486.34,4,F1,1,,,,,
2026-09-23,2026-09-23,CM,NSE,STK,19496,INE0BTM01013,SECMARK,EQ,,,,,SECMARK CONSULTANCY LTD,143.80,143.80,137.47,141.03,141.07,136.11,,141.03,,,1930,272178.75,48,F1,1,,,,,
2026-09-23,2026-09-23,CM,NSE,STK,11058,INE650K01021,SECURKLOUD,EQ,,,,,SECUREKLOUD TECH LIMITED,16.90,17.29,16.51,16.61,16.96,16.85,,16.61,,,10593,177032.28,125,F1,1,,,,,
2026-09-23,2026-09-23,CM,NSE,STK,761153,INE00XB01019,SEDEMAC,EQ,,,,,SEDEMAC MECHATRONICS LTD,3028.20,3080.00,2980.00,3035.20,3075.00,3034.30,,3035.67,,,63985,193706281.70,9647,F1,1,,,,,
2026-09-23,2026-09-23,CM,NSE,STK,7091,INE955I01044,SEJALLTD,EQ,,,,,SEJAL GLASS LIMITED,666.30,699.60,651.00,699.60,699.60,666.30,,702.11,,,7610,5218330.40,465,F1,1,,,,,
2026-09-23,2026-09-23,CM,NSE,STK,757982,INE0IJF01013,SELLOWRAP,SM,,,,,SELLOWRAP INDUSTRIES LTD,67.50,67.50,67.50,67.50,67.50,67.50,,67.50,,,1600,108000.00,1,F1,1600,,,,,
2026-09-23,2026-09-23,CM,NSE,STK,11961,INE617A01013,SEMAC,EQ,,,,,SEMAC CONSTRUCTION LTD,288.40,288.40,265.05,265.65,265.60,279.00,,265.63,,,970,261473.15,78,F1,1,,,,,
2026-09-23,2026-09-23,CM,NSE,STK,17271,INE602W01027,SENCO,EQ,,,,,SENCO GOLD LIMITED,338.35,346.35,337.10,342.25,342.00,337.35,,342.24,,,1218885,414917249.25,27960,F1,1,,,,,
2026-09-23,2026-09-23,CM,NSE,STK,28888,INE0RB801010,SENORES,EQ,,,,,SENORES PHARMACEUTICALS L,1377.10,1417.90,1377.00,1383.40,1382.90,1379.90,,1383.44,,,134952,188345362.00,11858,F1,1,,,,,
2026-09-23,2026-09-23,CM,NSE,STK,15308,INE964H01014,SEPC,EQ,,,,,SEPC LIMITED,5.18,5.35,5.15,5.22,5.23,5.16,,5.22,,,12308628,64324003.24,5840,F1,1,,,,,
2026-09-23,2026-09-23,CM,NSE,STK,20715,INE027E07BC8,865LTF26,NN,,,,,SERENCD 8.65% SR.VI OP12,1060.10,1067.00,1050.12,1059.33,1060.00,1060.01,,1059.63,,,480,506893.27,14,F1,1,,,,,
2026-09-23,2026-09-23,CM,NSE,STK,20691,INE027E07AN7,87LTF27,NH,,,,,SERENCD 8.70% SR.VII OPII,1006.00,1006.10,1006.00,1006.10,1006.10,1049.00,,1006.10,,,34,34204.90,3,F1,1,,,,,
2026-09-23,2026-09-23,CM,NSE,STK,20655,INE027E07998,898LTF29,N7,,,,,SERENCD 8.98% SR.VI OP2,1092.00,1092.00,1066.00,1066.50,1066.00,1069.00,,1067.20,,,56,59950.00,7,F1,1,,,,,
2026-09-23,2026-09-23,CM,NSE,STK,21197,INE306N07LM5,865TCAPS27,N8,,,,,SERENCD8.65%SR.IIICIII&IV,1014.05,1020.00,1000.00,1010.69,1020.00,1014.00,,1010.70,,,2329,2349523.65,93,F1,1,,,,,
2026-09-23,2026-09-23,CM,NSE,STK,5507,INE782X01033,SERVOTECH,EQ,,,,,SERVOTECH REN POW SYS LTD,70.65,71.90,70.50,71.67,71.43,70.64,,71.67,,,406657,29034459.44,4343,F1,1,,,,,
2026-09-23,2026-09-23,CM,NSE,STK,759934,INE04VU01023,STYL,EQ,,,,,SESHAASAI TECHNOLOGIES L,360.05,366.20,358.05,359.80,360.00,361.25,,359.84,,,39184,14167746.40,2134,F1,1,,,,,
2026-09-23,2026-09-23,CM,NSE,STK,3066,INE630A01024,SESHAPAPER,EQ,,,,,SESHASAYEE PAPER & BOARDS,246.69,250.99,246.69,247.95,247.01,246.94,,247.95,,,20258,5032061.45,608,F1,1,,,,,
2026-09-23,2026-09-23,CM,NSE,STK,17518,INE878E01021,SETCO,BE,,,,,SETCO AUTOMOTIVE LTD,17.12,17.79,16.75,17.04,17.28,17.04,,17.12,,,33370,572158.29,178,F1,1,,,,,
2026-09-23,2026-09-23,CM,NSE,STK,18024,INE023M01027,SETUINFRA,BZ,,,,,SETUBANDHAN INFRA LTD,0.57,0.57,0.57,0.57,0.57,0.58,,0.61,,,10596,6039.72,19,F1,1,,,,,
2026-09-23,2026-09-23,CM,NSE,STK,10836,INE573R01012,SEYAIND,BE,,,,,SEYA INDUSTRIES LIMITED,13.91,13.91,13.66,13.90,13.91,13.64,,13.90,,,16218,225317.80,131,F1,1,,,,,
2026-09-23,2026-09-23,CM,NSE,STK,758853,INE618R01015,SGFIN,EQ,,,,,SG FINSERVE LIMITED,629.00,637.65,620.00,622.15,622.10,624.60,,622.19,,,128081,80260006.15,6208,F1,1,,,,,
2026-09-23,2026-09-23,CM,NSE,STK,758889,INE385F01024,SGMART,EQ,,,,,SG MART LIMITED,721.00,742.95,720.15,731.45,730.15,721.80,,731.46,,,166323,121741028.75,9908,F1,1,,,,,
2026-09-23,2026-09-23,CM,NSE,STK,765247,INE967B01028,SGLRES,EQ,,,,,SGL RESOURCES LIMITED,2.46,2.52,2.28,2.44,2.45,2.40,,2.46,,,93094,224715.61,238,F1,1,,,,,
2026-09-23,2026-09-23,CM,NSE,STK,761469,INE12UN01015,SHADOWFAX,EQ,,,,,SHADOWFAX TECHNOLOGIES L,285.00,290.45,282.50,285.75,284.40,283.05,,285.72,,,5096655,1457585421.50,105413,F1,1,,,,,
2026-09-23,2026-09-23,CM,NSE,STK,11859,INE640C01011,SHAHALLOYS,BE,,,,,SHAH ALLOYS LIMITED,89.98,92.90,89.98,91.45,90.50,89.98,,91.45,,,35746,3279722.86,166,F1,1,,,,,
2026-09-23,2026-09-23,CM,NSE,STK,20296,INE482J01021,SHAH,EQ,,,,,SHAH METACORP LIMITED,3.24,3.29,3.22,3.25,3.25,3.25,,3.25,,,1707745,5564185.36,660,F1,1,,,,,
2026-09-23,2026-09-23,CM,NSE,STK,8727,INE151G01028,SHAILY,EQ,,,,,SHAILY ENG PLASTICS LTD,3172.20,3229.00,3151.00,3211.00,3220.00,3168.80,,3210.81,,,181675,580163949.40,18971,F1,1,,,,,
2026-09-23,2026-09-23,CM,NSE,STK,25574,INE908D01010,SHAKTIPUMP,EQ,,,,,SHAKTI PUMPS (I) LTD,470.00,479.75,470.00,476.80,476.20,469.10,,476.80,,,331661,157990412.45,14792,F1,1,,,,,
2026-09-23,2026-09-23,CM,NSE,STK,714,INE597J01018,SHALBY,EQ,,,,,SHALBY LIMITED,136.35,150.62,136.00,145.67,148.00,136.70,,145.66,,,224182,32229090.56,4584,F1,1,,,,,
2026-09-23,2026-09-23,CM,NSE,STK,761688,INE861D01011,SAHLIBHFI,EQ,,,,,SHALIBHADRA FINANCE LTD,78.50,78.50,75.50,76.03,76.99,77.36,,76.00,,,29319,2242658.55,631,F1,1,,,,,
2026-09-23,2026-09-23,CM,NSE,STK,15346,INE849C01026,SHALPAINTS,BE,,,,,SHALIM PAINTS LTD,77.78,81.00,77.78,79.09,79.60,77.64,,79.34,,,34505,2741746.34,243,F1,1,,,,,
2026-09-23,2026-09-23,CM,NSE,STK,25737,INE01NE01012,SRD,EQ,,,,,SHANKAR LAL RAMPAL LTD,40.50,40.90,39.40,40.88,40.90,40.32,,40.87,,,99577,4003513.10,353,F1,1,,,,,
2026-09-23,2026-09-23,CM,NSE,STK,20321,INE274V01019,SHANKARA,EQ,,,,,SHANKARA BLDG PRODUCT LTD,141.39,144.38,141.39,143.39,142.40,141.39,,143.39,,,32951,4713799.85,497,F1,1,,,,,
2026-09-23,2026-09-23,CM,NSE,STK,760594,INE24OJ01011,BUILDPRO,EQ,,,,,SHANKARA BUILDPRO LIMITED,1314.80,1332.80,1280.60,1292.30,1286.40,1310.80,,1292.29,,,27400,35600218.60,3142,F1,1,,,,,
2026-09-23,2026-09-23,CM,NSE,STK,765382,INE1WFC01025,SHANKESH,EQ,,,,,SHANKESH JEWELLERS LTD,91.46,96.90,91.42,94.32,94.34,91.09,,94.32,,,4538664,430820765.03,29803,F1,1,,,,,
2026-09-23,2026-09-23,CM,NSE,STK,3078,INE631A01022,SHANTIGEAR,EQ,,,,,SHANTHI GEARS LTD,664.30,680.55,655.50,668.05,669.90,673.70,,668.05,,,42582,28446217.75,2309,F1,1,,,,,
2026-09-23,2026-09-23,CM,NSE,STK,762889,INE440T01028,SEIL,EQ,,,,,SHANTI EDU INITIATIVES L,194.54,198.88,192.00,197.86,197.50,191.74,,197.86,,,309195,60658281.75,3012,F1,1,,,,,
2026-09-23,2026-09-23,CM,NSE,STK,758002,INE06ZD01017,SHANTIGOLD,EQ,,,,,SHANTI GOLD INTERNATION L,258.95,293.70,256.00,288.07,284.50,258.04,,288.11,,,12582362,3554933403.78,178570,F1,1,,,,,
2026-09-23,2026-09-23,CM,NSE,STK,765577,INE1ZEE01019,SHANTIINOR,SM,,,,,SHANTI INORGANICS LIMITED,174.90,188.00,174.90,181.10,180.00,173.95,,181.10,,,225600,41093360.00,128,F1,1600,,,,,
2026-09-23,2026-09-23,CM,NSE,STK,5650,INE933X01016,SHANTI,EQ,,,,,SHANTI OVERSEAS INDIA LTD,5.84,5.84,5.40,5.70,5.70,5.56,,5.70,,,15934,90012.13,80,F1,1,,,,,
2026-09-23,2026-09-23,CM,NSE,STK,762904,INE220Z01013,SHINDL,EQ,,,,,SHARAT INDUSTRIES LTD.,163.42,166.00,160.68,164.13,166.00,162.53,,164.09,,,129807,21140506.42,820,F1,1,,,,,
2026-09-23,2026-09-23,CM,NSE,STK,4992,INE221J01015,SHARDACROP,EQ,,,,,SHARDA CROPCHEM LTD.,750.50,765.70,748.05,758.05,762.00,747.35,,758.08,,,82837,62848759.60,6020,F1,1,,,,,
2026-09-23,2026-09-23,CM,NSE,STK,10530,INE597I01028,SHARDAMOTR,EQ,,,,,SHARDA MOTOR INDS LTD,990.00,1024.95,968.20,971.85,971.70,985.75,,971.86,,,161127,160065205.60,14923,F1,1,,,,,
2026-09-23,2026-09-23,CM,NSE,STK,762897,INE037B01020,SHARDUL,BE,,,,,SHARDUL SECURITIES LTD.,54.80,55.20,54.20,54.80,55.09,55.20,,54.77,,,11430,625897.86,49,F1,1,,,,,
2026-09-23,2026-09-23,CM,NSE,STK,104,INE932X01026,SHAREINDIA,EQ,,,,,SHARE IND. SECURITIES LTD,223.32,223.67,217.00,219.98,218.50,223.32,,219.94,,,1845463,405435198.90,20963,F1,1,,,,,
2026-09-23,2026-09-23,CM,NSE,STK,19469,INE460Q01014,SCML,SM,,,,,SHARP CHUCKS N MACHINES L,77.00,77.00,75.00,77.00,77.00,79.00,,77.00,,,5000,382000.00,4,F1,1000,,,,,
2026-09-23,2026-09-23,CM,NSE,STK,19184,INE916U01025,SFL,EQ,,,,,SHEELA FOAM LIMITED,654.90,654.90,638.00,643.10,643.00,648.25,,643.07,,,164118,105468020.95,12918,F1,1,,,,,
2026-09-23,2026-09-23,CM,NSE,STK,12081,INE501Y01019,SCPL,BE,,,,,SHEETAL COOL PRODUCTS LTD,658.00,663.00,645.00,650.00,657.80,659.50,,654.81,,,2320,1526809.00,88,F1,1,,,,,
2026-09-23,2026-09-23,CM,NSE,STK,20415,INE04VX01019,SHEETAL,SM,,,,,SHEETAL UNIVERSAL LIMITED,347.00,355.00,340.00,354.95,355.00,355.00,,354.95,,,4500,1575950.00,8,F1,500,,,,,
2026-09-23,2026-09-23,CM,NSE,STK,21099,INE268L01046,SHEKHAWATI,BE,,,,,SHEKHAWATI INDUSTRIES LTD,24.82,24.85,24.82,24.85,24.85,23.67,,25.28,,,45108,1120698.93,119,F1,1,,,,,
2026-09-23,2026-09-23,CM,NSE,STK,5072,INE363M01019,SHEMAROO,BE,,,,,SHEMAROO ENTER. LTD.,120.66,123.95,119.56,123.79,123.75,121.25,,123.79,,,18085,2231423.26,47,F1,1,,,,,
2026-09-23,2026-09-23,CM,NSE,STK,14172,INE0MM001019,SHERA,SM,,,,,SHERA ENERGY LIMITED,180.00,184.90,180.00,181.65,182.00,182.05,,181.65,,,29000,5291300.00,29,F1,1000,,,,,
2026-09-23,2026-09-23,CM,NSE,STK,764890,INE011D01013,SHERVANI,EQ,,,,,SHERVANI INDUSTRIAL SYN L,340.00,340.00,308.10,320.10,320.10,343.00,,320.10,,,389,124422.65,30,F1,1,,,,,
2026-09-23,2026-09-23,CM,NSE,STK,8394,INE03KJ01013,SHIGAN,SM,,,,,SHIGAN QUANTUM TECH LTD,62.00,62.00,62.00,62.00,62.00,65.00,,62.00,,,1500,93000.00,1,F1,1500,,,,,
2026-09-23,2026-09-23,CM,NSE,STK,759847,INE024F01011,SHILCTECH,EQ,,,,,SHILCHAR TECHNOLOGIES LTD,4009.00,4200.00,3984.10,4147.60,4141.00,3989.00,,4147.59,,,19084,78245403.30,5397,F1,1,,,,,
2026-09-23,2026-09-23,CM,NSE,STK,764895,INE960A01017,SHILGRAVQ,EQ,,,,,SHILP GRAVURES LTD.,154.57,160.00,144.00,147.67,149.10,154.57,,147.67,,,32843,4914681.98,493,F1,1,,,,,
2026-09-23,2026-09-23,CM,NSE,STK,17752,INE790G01031,SHILPAMED,EQ,,,,,SHILPA MEDICARE LTD,1040.00,1054.00,1010.00,1037.70,1039.95,1033.15,,1037.68,,,613628,634908215.50,37996,F1,1,,,,,
2026-09-23,2026-09-23,CM,NSE,STK,23127,INE0PB301013,SCILAL,EQ,,,,,SHIPPING CORP OF ILA LTD,38.06,38.79,37.92,38.20,38.25,38.27,,38.20,,,353501,13512764.38,1673,F1,1,,,,,
2026-09-23,2026-09-23,CM,NSE,STK,3048,INE109A01011,SCI,EQ,,,,,SHIPPING CORP OF INDIA LT,281.65,282.20,278.70,279.05,278.90,281.10,,279.05,,,888953,248788370.00,11733,F1,1,,,,,
2026-09-23,2026-09-23,CM,NSE,STK,765282,INE0FOO01011,SHIPROCKET,EQ,,,,,SHIPROCKET LIMITED,127.00,128.28,123.97,127.23,128.00,126.19,,127.23,,,3066223,386798601.24,34328,F1,1,,,,,
2026-09-23,2026-09-23,CM,NSE,STK,759747,INE719F01016,SHIVAUM,EQ,,,,,SHIV AUM STEELS LIMITED,519.00,519.00,512.00,513.20,512.00,515.05,,513.20,,,9201,4728736.55,330,F1,1,,,,,
2026-09-23,2026-09-23,CM,NSE,STK,765160,INE555C01029,SHIVACEM,EQ,,,,,SHIVA CEMENT LTD.,15.79,15.82,15.50,15.60,15.61,15.50,,15.63,,,20634,323731.32,149,F1,1,,,,,
2026-09-23,2026-09-23,CM,NSE,STK,764900,INE960E01019,SHIVAAGRO,EQ,,,,,SHIVA GLOBAL AGRO INDS. L,41.20,42.78,38.12,39.74,41.25,40.03,,40.37,,,5592,228492.60,137,F1,1,,,,,
2026-09-23,2026-09-23,CM,NSE,STK,1497,INE644Y01017,SHIVAMILLS,EQ,,,,,SHIVA MILLS LIMITED,61.24,61.24,59.30,59.92,59.90,61.24,,59.92,,,876,52531.26,24,F1,1,,,,,
2026-09-23,2026-09-23,CM,NSE,STK,804,INE705C01020,SHIVATEX,EQ,,,,,SHIVA TEXYARN LIMITED,172.52,173.28,170.75,172.00,172.00,172.07,,172.00,,,436,75152.85,26,F1,1,,,,,
2026-09-23,2026-09-23,CM,NSE,STK,24249,INE0T7B01010,SPCL,SM,,,,,SHIVALIC POWER CONTROL L,68.95,68.95,67.00,67.60,68.00,66.70,,67.60,,,13800,936000.00,20,F1,600,,,,,
2026-09-23,2026-09-23,CM,NSE,STK,4656,INE386D01027,SBCL,EQ,,,,,SHIVALIK BIMETAL CON. LTD,1143.30,1177.80,1130.10,1156.00,1150.10,1126.90,,1155.98,,,358667,413755653.60,22165,F1,1,,,,,
2026-09-23,2026-09-23,CM,NSE,STK,7016,INE788J01021,SHIVALIK,EQ,,,,,SHIVALIK RASAYAN LIMITED,425.00,436.90,423.35,431.65,433.00,416.90,,431.63,,,143393,61864296.20,5541,F1,1,,,,,
2026-09-23,2026-09-23,CM,NSE,STK,13756,INE637H01024,SHIVAMAUTO,EQ,,,,,SHIVAM AUTO.LTD,17.80,18.50,17.60,18.21,18.29,17.75,,18.21,,,94746,1704317.25,503,F1,1,,,,,
2026-09-23,2026-09-23,CM,NSE,STK,758744,INE1DLF01018,SHIVASHRIT,SM,,,,,SHIVASHRIT FOODS LIMITED,114.00,116.90,112.60,113.65,113.50,113.65,,113.65,,,51000,5826500.00,29,F1,1000,,,,,
2026-09-23,2026-09-23,CM,NSE,STK,11813,INE498B01024,SHOPERSTOP,EQ,,,,,SHOPPERS STOP LIMITED,391.35,400.00,388.65,391.10,393.85,392.50,,391.09,,,20604,8112742.50,1947,F1,1,,,,,
2026-09-23,2026-09-23,CM,NSE,STK,764905,INE311M01018,SHRADDHA,EQ,,,,,SHRADDHA PRIME PROJECTS L,142.10,153.30,142.10,149.58,152.49,144.78,,149.58,,,4858,722576.79,102,F1,1,,,,,
2026-09-23,2026-09-23,CM,NSE,STK,708,INE715Y01031,SHRADHA,EQ,,,,,SHRADHA REALTY LIMITED,30.50,30.96,30.01,30.45,30.45,30.78,,30.45,,,2406,73186.92,48,F1,1,,,,,
2026-09-23,2026-09-23,CM,NSE,STK,10588,INE712K01011,SHREEPUSHK,EQ,,,,,SHRE PUSH CHEM & FERT LTD,503.05,517.00,492.20,495.80,499.00,505.85,,495.80,,,50695,25502281.35,2532,F1,1,,,,,
2026-09-23,2026-09-23,CM,NSE,STK,762874,INE185C01017,SAPPL,EQ,,,,,SHREE AJIT PULP & PAPER L,298.70,298.70,271.00,273.10,271.45,272.15,,271.45,,,524,148504.00,48,F1,1,,,,,
2026-09-23,2026-09-23,CM,NSE,STK,3103,INE070A01015,SHREECEM,EQ,,,,,SHREE CEMENT LIMITED,22210.00,22500.00,22210.00,22500.00,22500.00,22200.00,,22500.00,,,10207,228188485.00,5645,F1,1,,,,,
2026-09-23,2026-09-23,CM,NSE,STK,3099,INE232A01011,SHREDIGCEM,EQ,,,,,SHREE DIGVIJAY CEM CO LTD,66.19,69.15,66.19,68.80,68.90,66.92,,68.79,,,133898,9064310.24,1413,F1,1,,,,,
2026-09-23,2026-09-23,CM,NSE,STK,764885,INE414Y01015,SGRL,EQ,,,,,SHREE GANESH REMEDIES LTD,705.10,749.85,705.10,735.55,740.00,704.80,,735.54,,,26491,19371306.00,1259,F1,1,,,,,
2026-09-23,2026-09-23,CM,NSE,STK,23074,INE0S4Y01010,SHREEKARNI,SM,,,,,SHREE KARNI FABCOM LTD,373.00,387.90,373.00,387.90,387.90,377.70,,387.90,,,1350,519120.00,6,F1,150,,,,,
2026-09-23,2026-09-23,CM,NSE,STK,20603,INE02S501018,SHREEOSFM,SM,,,,,SHREE OSFM E-MOBILITY LTD,51.80,51.95,50.10,51.80,51.80,49.95,,51.80,,,9000,464250.00,8,F1,1000,,,,,
2026-09-23,2026-09-23,CM,NSE,STK,760188,INE19GK01015,SRTL,EQ,,,,,SHREE RAM TWISTEX LIMITED,38.50,39.61,38.50,38.90,38.99,38.84,,38.90,,,54296,2116105.42,643,F1,1,,,,,
2026-09-23,2026-09-23,CM,NSE,STK,7627,INE879A01019,SHREERAMA,EQ,,,,,SHREE RAMA MULTI TECH LTD,43.75,46.29,43.72,45.79,45.93,43.69,,45.79,,,86110,3879439.41,1056,F1,1,,,,,
2026-09-23,2026-09-23,CM,NSE,STK,13565,INE278B01020,RAMANEWS,EQ,,,,,SHREE RAMA NEWSPRINT LTD,31.47,32.75,31.30,31.81,31.63,32.11,,31.84,,,32276,1030312.86,280,F1,1,,,,,
2026-09-23,2026-09-23,CM,NSE,STK,12026,INE087H01022,RENUKA,EQ,,,,,SHREE RENUKA SUGARS LTD,22.75,23.74,22.75,23.04,23.10,22.82,,23.04,,,8743486,203656777.47,14071,F1,1,,,,,
2026-09-23,2026-09-23,CM,NSE,STK,21868,INE238Y01018,TIRUPATI,SM,,,,,SHREE TIRUPATI BALAJEE,307.00,307.00,307.00,307.00,307.00,293.00,,307.00,,,125,38375.00,1,F1,125,,,,,
2026-09-23,2026-09-23,CM,NSE,STK,25203,INE0S2G01011,BALAJEE,EQ,,,,,SHREE TIRUPATI BALAJEE L,25.01,25.90,24.90,25.68,25.90,25.19,,25.68,,,26960,687746.00,252,F1,1,,,,,
2026-09-23,2026-09-23,CM,NSE,STK,15121,INE00CE01017,SVLL,EQ,,,,,SHREE VASU LOGISTICS LTD,895.00,895.00,840.00,861.30,855.25,867.65,,861.30,,,4492,3851607.25,144,F1,1,,,,,
2026-09-23,2026-09-23,CM,NSE,STK,762159,INE0K3301012,SHREEDHAR,ST,,,,,SHREEDHAR SPINNERS LTD,184.90,185.90,169.55,172.10,172.10,177.50,,172.10,,,38000,6722000.00,18,F1,2000,,,,,
2026-09-23,2026-09-23,CM,NSE,STK,759802,INE1FL101016,SHETHJI,SM,,,,,SHREEJI GLOBAL FMCG LTD,189.90,190.20,187.00,189.25,189.00,184.40,,189.25,,,39000,7380200.00,9,F1,1000,,,,,
2026-09-23,2026-09-23,CM,NSE,STK,759448,INE1B6101010,SHREEJISPG,EQ,,,,,SHREEJI SHIPPING GLOBAL L,721.25,728.90,720.05,723.75,723.25,719.35,,723.76,,,321372,233008461.40,5292,F1,1,,,,,
2026-09-23,2026-09-23,CM,NSE,STK,14305,INE00IK01029,OSWALSEEDS,EQ,,,,,SHREEOSWAL S AND CHE LTD,14.00,14.30,13.47,13.57,13.55,13.81,,13.57,,,121958,1685400.74,575,F1,1,,,,,
2026-09-23,2026-09-23,CM,NSE,STK,5718,INE0GTI23014,SHREMINVIT,IV,,,,,SHREM INVIT,102.00,102.00,102.00,102.00,102.00,102.00,,102.00,,,200000,20400000.00,5,F1,25000,,,,,
2026-09-23,2026-09-23,CM,NSE,STK,760252,INE632X01030,SHRENIK,BZ,,,,,SHRENIK LIMITED,0.28,0.29,0.28,0.28,0.29,0.28,,0.28,,,145003,41386.71,132,F1,1,,,,,
2026-09-23,2026-09-23,CM,NSE,STK,3126,INE231C01019,SHREYANIND,EQ,,,,,SHREYANS INDUSTRIES LTD,128.00,130.80,127.02,129.10,129.03,127.31,,129.11,,,15638,2019028.76,122,F1,1,,,,,
2026-09-23,2026-09-23,CM,NSE,STK,756406,INE0DM401012,SHRIAHIMSA,SM,,,,,SHRI AHIMSA NATURALS LTD,485.00,485.00,465.50,466.10,466.10,473.95,,466.10,,,7800,3676260.00,13,F1,600,,,,,
2026-09-23,2026-09-23,CM,NSE,STK,762899,INE402H01015,SHBAJRG,EQ,,,,,SHRI BAJRANG ALLIANCE L,154.00,162.84,150.00,161.24,162.73,153.79,,161.54,,,2653,416971.39,128,F1,1,,,,,
2026-09-23,2026-09-23,CM,NSE,STK,758568,INE0NON01025,SHKSIL,SM,,,,,SHRI HARE-KRI SPO IRON L,32.70,33.90,32.00,33.90,33.90,32.85,,33.90,,,10000,330000.00,5,F1,2000,,,,,
2026-09-23,2026-09-23,CM,NSE,STK,764910,INE564J01026,SHRJAGP,EQ,,,,,SHRI JAGDAMBA POLYMERS L,634.00,639.95,625.00,632.25,635.00,630.50,,631.70,,,231,146129.80,30,F1,1,,,,,
2026-09-23,2026-09-23,CM,NSE,STK,760202,INE1V4601019,SHRIKANHA,SM,,,,,SHRI KANHA STAINLESS LTD,20.50,21.10,20.45,21.05,21.05,21.50,,21.05,,,8000,166240.00,5,F1,1600,,,,,
2026-09-23,2026-09-23,CM,NSE,STK,762909,INE997I01012,SHRIKRISH,EQ,,,,,SHRI KRISHNA DEVCON LTD.,35.45,37.71,35.45,35.45,35.45,34.75,,35.45,,,157,5694.01,7,F1,1,,,,,
2026-09-23,2026-09-23,CM,NSE,STK,17684,INE0OMF01015,SHRITECH,SM,,,,,SHRI TECHTEX LIMITED,61.00,61.20,60.85,61.10,60.85,60.70,,61.10,,,12000,732900.00,6,F1,2000,,,,,
2026-09-23,2026-09-23,CM,NSE,STK,765210,INE574G01013,VASUPRADA,EQ,,,,,SHRI VASUPRADA PLANTATI L,100.00,100.00,95.05,95.05,95.05,100.00,,95.05,,,31,2951.50,2,F1,1,,,,,
2026-09-23,2026-09-23,CM,NSE,STK,759093,INE1B3L01017,SHRINGARMS,EQ,,,,,SHRINGAR HOU OF MANGALS L,211.43,212.85,209.60,210.22,210.50,208.56,,210.23,,,381776,80372200.70,1869,F1,1,,,,,
2026-09-23,2026-09-23,CM,NSE,STK,24374,INF680P01422,LIQUIDSHRI,EQ,,,,,SHRIRAM - LIQUIDSHRI,1122.56,1122.58,1122.56,1122.57,1122.58,1122.43,,1122.57,,,11401,12798327.30,25,F1,1,,,,,
2026-09-23,2026-09-23,CM,NSE,STK,4306,INE721A01047,SHRIRAMFIN,EQ,,,,,SHRIRAM FINANCE LIMITED,1012.00,1018.00,1005.50,1010.80,1010.80,1006.00,,1010.80,,,2916356,2944723451.50,72500,F1,1,,,,,
2026-09-23,2026-09-23,CM,NSE,STK,7200,INE217L01019,SHRIRAMPPS,EQ,,,,,SHRIRAM PROPERTIES LTD,71.00,73.48,71.00,72.69,72.10,71.03,,72.69,,,285463,20594574.92,2634,F1,1,,,,,
2026-09-23,2026-09-23,CM,NSE,STK,6451,INE01Z401013,SHUBHLAXMI,SM,,,,,SHUBHLAXMI JEWEL ART LTD,17.50,19.20,17.50,19.20,19.20,18.40,,19.20,,,20000,381200.00,6,F1,1000,,,,,
2026-09-23,2026-09-23,CM,NSE,STK,25240,INE0UL701015,SHUBHSHREE,SM,,,,,SHUBHSHREE BIOFUELS ENE L,350.00,350.00,350.00,350.00,350.00,352.00,,350.00,,,600,210000.00,2,F1,300,,,,,
2026-09-23,2026-09-23,CM,NSE,STK,764537,INE551C01044,SHUKRAPHAR,EQ,,,,,SHUKRA PHARMACEUTICALS L,59.00,59.80,56.00,56.79,56.05,58.59,,56.81,,,3431554,198656767.18,18761,F1,1,,,,,
2026-09-23,2026-09-23,CM,NSE,STK,10192,INE979R01011,SHYAMCENT,BE,,,,,SHYAM CENTURY FERROUS LTD,5.02,5.10,5.00,5.02,5.07,5.04,,5.02,,,84647,424908.88,110,F1,1,,,,,
2026-09-23,2026-09-23,CM,NSE,STK,761210,INE1CRP01016,SHYAMDHANI,SM,,,,,SHYAM DHANI INDUSTRIES L,54.00,55.00,54.00,54.50,55.00,54.00,,54.50,,,12000,650000.00,5,F1,2000,,,,,
2026-09-23,2026-09-23,CM,NSE,STK,4693,INE810G01011,SHYAMMETL,EQ,,,,,SHYAM METALICS AND ENGY L,1099.50,1124.80,1095.60,1105.80,1101.60,1094.10,,1105.83,,,418859,465336086.40,22017,F1,1,,,,,
2026-09-23,2026-09-23,CM,NSE,STK,13740,INE635A01023,SHYAMTEL,EQ,,,,,SHYAM TELECOM LIMITED,10.30,11.25,10.30,11.14,11.14,11.05,,11.14,,,1339,14664.67,27,F1,1,,,,,
2026-09-23,2026-09-23,CM,NSE,STK,16875,INE176J01011,SICAGEN,EQ,,,,,SICAGEN INDIA LIMITED,53.00,53.45,51.25,52.98,53.00,52.05,,52.98,,,22378,1172598.43,134,F1,1,,,,,
2026-09-23,2026-09-23,CM,NSE,STK,19440,INE075B01020,SICALLOG,BE,,,,,SICAL LOGISTICS LIMITED,94.00,96.00,91.52,94.36,93.96,93.76,,94.36,,,51458,4857894.11,148,F1,1,,,,,
2026-09-23,2026-09-23,CM,NSE,STK,759053,INE0SVO01019,SIDDHICOTS,SM,,,,,SIDDHI COTSPIN LIMITED,27.95,28.00,26.50,26.50,26.50,27.55,,26.50,,,4800,131880.00,4,F1,1200,,,,,
2026-09-23,2026-09-23,CM,NSE,STK,756871,INE1NPP01017,ENRIN,EQ,,,,,SIEMENS ENERGY INDIA LTD,3235.00,3276.70,3206.00,3214.40,3207.00,3235.00,,3214.46,,,170478,551672579.00,25945,F1,1,,,,,
2026-09-23,2026-09-23,CM,NSE,STK,3150,INE003A01024,SIEMENS,EQ,,,,,SIEMENS LTD,3878.30,3903.00,3828.00,3886.00,3886.00,3858.00,,3885.71,,,133100,516348475.40,16216,F1,1,,,,,
2026-09-23,2026-09-23,CM,NSE,STK,6663,INE0D0K01022,SIGACHI,EQ,,,,,SIGACHI INDUSTRIES LTD,30.51,31.94,30.51,31.34,31.35,30.61,,31.34,,,2943639,91896038.24,8754,F1,1,,,,,
2026-09-23,2026-09-23,CM,NSE,STK,14797,INE933B01012,SIGMAADV,BE,,,,,SIGMA ADVANCED SYSTEM LTD,959.00,966.60,924.10,936.70,935.00,948.00,,937.14,,,252649,239051021.05,4650,F1,1,,,,,
2026-09-23,2026-09-23,CM,NSE,STK,16658,INE0A0S01028,SIGMA,EQ,,,,,SIGMA SOLVE LIMITED,46.46,46.50,45.85,46.04,45.85,46.46,,46.04,,,78069,3602268.55,591,F1,1,,,,,
2026-09-23,2026-09-23,CM,NSE,STK,18743,INE903U01023,SIGNATURE,EQ,,,,,SIGNATUREGLOBAL INDIA LTD,767.30,780.95,766.00,768.75,766.20,763.10,,768.82,,,183486,141949766.45,5580,F1,1,,,,,
2026-09-23,2026-09-23,CM,NSE,STK,4517,INE529F01035,SIGIND,BE,,,,,SIGNET INDUSTRIES LIMITED,71.00,72.20,70.50,71.80,71.97,71.30,,71.80,,,32161,2302190.84,338,F1,1,,,,,
2026-09-23,2026-09-23,CM,NSE,STK,22656,INE0KGZ01021,SIGNPOST,EQ,,,,,SIGNPOST INDIA LIMITED,268.85,275.60,267.25,273.90,275.60,267.05,,273.83,,,21965,5963054.30,896,F1,1,,,,,
2026-09-23,2026-09-23,CM,NSE,STK,762914,INE438E01032,SIKA,EQ,,,,,SIKA INTERPLANT SYSTEMS L,1089.90,1089.90,1044.20,1059.75,1056.40,1062.80,,1059.65,,,33001,35040455.50,2941,F1,1,,,,,
2026-09-23,2026-09-23,CM,NSE,STK,6226,INE112X01025,SIKKO,BE,,,,,SIKKO INDUSTRIES LIMITED,5.98,6.21,5.88,6.12,6.15,5.99,,6.12,,,735192,4459807.26,640,F1,1,,,,,
2026-09-23,2026-09-23,CM,NSE,STK,4105,INE923A01015,SILINV,EQ,,,,,SIL INVESTMENTS LIMITED,440.80,460.00,440.80,452.80,455.50,440.80,,452.77,,,2531,1128916.65,71,F1,1,,,,,
2026-09-23,2026-09-23,CM,NSE,STK,2492,INE01II01013,SILGO,EQ,,,,,SILGO RETAIL LIMITED,71.00,71.30,69.64,70.43,70.41,70.92,,70.43,,,20664,1453894.66,276,F1,1,,,,,
2026-09-23,2026-09-23,CM,NSE,STK,23736,INE0STN01015,SILKFLEX,SM,,,,,SILKFLEX POLYMERS INDIA L,298.00,298.00,286.35,286.35,286.35,301.40,,286.35,,,19000,5465050.00,19,F1,1000,,,,,
2026-09-23,2026-09-23,CM,NSE,STK,757679,INE0SN801015,SILKY,SM,,,,,SILKY OVERSEAS LIMITED,67.30,69.90,66.10,67.85,66.10,71.35,,67.85,,,4800,326960.00,6,F1,800,,,,,
2026-09-23,2026-09-23,CM,NSE,STK,9422,INE625X01026,SILVERTUC,EQ,,,,,SILVER TOUCH TECHNO LTD,158.00,158.61,151.00,152.99,154.00,155.89,,153.03,,,260207,40372391.83,4690,F1,1,,,,,
2026-09-23,2026-09-23,CM,NSE,STK,758836,INE748T01016,SIMBHALS,BZ,,,,,SIMBHAOLI SUGARS LTD.,6.52,6.52,6.31,6.31,6.31,6.41,,6.31,,,12824,81330.45,40,F1,1,,,,,
2026-09-23,2026-09-23,CM,NSE,STK,763378,INE1K4J01018,SIMCA,ST,,,,,SIMCA ADVERTISING LIMITED,268.60,277.50,268.50,277.25,277.50,271.00,,277.25,,,84000,22995600.00,27,F1,600,,,,,
2026-09-23,2026-09-23,CM,NSE,STK,3162,INE059B01024,SIMPLEXINF,EQ,,,,,SIMPLEX INFRASTRUCTURES L,256.80,265.00,255.00,256.40,255.50,256.30,,256.40,,,161513,41776928.60,2956,F1,1,,,,,
2026-09-23,2026-09-23,CM,NSE,STK,764915,INE167H01014,SIMPLXREA,EQ,,,,,SIMPLEX REALTY LTD.,120.15,126.00,114.17,126.00,126.00,120.17,,134.75,,,423,49079.20,11,F1,1,,,,,
2026-09-23,2026-09-23,CM,NSE,STK,23480,INE985A01022,SINCLAIR,EQ,,,,,SINCLAIRS HOTELS LIMITED,81.79,83.97,81.30,82.04,82.54,81.79,,82.03,,,26798,2193372.80,313,F1,1,,,,,
2026-09-23,2026-09-23,CM,NSE,STK,16859,INE325D01025,SINDHUTRAD,EQ,,,,,SINDHU TRADE LINKS LTD,24.01,24.27,23.77,23.96,24.05,24.11,,23.96,,,211935,5084836.86,790,F1,1,,,,,
2026-09-23,2026-09-23,CM,NSE,STK,761420,INE638A01035,SINGERIND,EQ,,,,,SINGER INDIA LIMITED,76.38,79.85,76.38,79.13,79.50,77.26,,79.12,,,45095,3549548.27,621,F1,1,,,,,
2026-09-23,2026-09-23,CM,NSE,STK,381,INE129Z01016,SINTERCOM,EQ,,,,,SINTERCOM INDIA LIMITED,84.98,84.98,77.52,78.75,77.67,80.49,,78.75,,,9120,740075.53,170,F1,1,,,,,
2026-09-23,2026-09-23,CM,NSE,STK,11050,INE792Z01011,SIRCA,EQ,,,,,SIRCA PAINT INDIA LIMITED,405.90,416.30,405.00,414.40,413.00,404.60,,414.40,,,289848,119547832.40,4416,F1,1,,,,,
2026-09-23,2026-09-23,CM,NSE,STK,21501,INE285J01028,SIS,EQ,,,,,SIS LIMITED,423.95,430.50,419.00,421.45,423.00,424.05,,421.44,,,98041,41724490.75,5465,F1,1,,,,,
2026-09-23,2026-09-23,CM,NSE,STK,29210,INE965H01011,SITINET,BZ,,,,,SITI NETWORKS LIMITED,0.28,0.29,0.27,0.28,0.28,0.28,,0.28,,,1132958,317493.85,233,F1,1,,,,,
2026-09-23,2026-09-23,CM,NSE,STK,14096,INE076B01028,SIYSIL,EQ,,,,,SIYARAM SILK MILLS LTD,539.00,543.40,532.65,540.55,542.90,535.75,,540.47,,,18844,10160782.15,2035,F1,1,,,,,
2026-09-23,2026-09-23,CM,NSE,STK,6643,INE284S01014,SJS,EQ,,,,,SJS ENTERPRISES LIMITED,2310.80,2347.00,2310.40,2334.10,2334.90,2310.80,,2334.09,,,43229,100858523.70,9587,F1,1,,,,,
2026-09-23,2026-09-23,CM,NSE,STK,18883,INE002L01015,SJVN,EQ,,,,,SJVN LTD,63.59,63.59,63.06,63.25,63.27,63.11,,63.25,,,1763204,111508313.99,18492,F1,1,,,,,
2026-09-23,2026-09-23,CM,NSE,STK,760101,INE2J8701016,SKFINDUS,EQ,,,,,SKF IND (INDUSTRIAL) LTD,2813.10,2928.00,2782.00,2885.90,2919.00,2790.80,,2866.33,,,38160,108667934.30,12399,F1,1,,,,,
2026-09-23,2026-09-23,CM,NSE,STK,3186,INE640A01023,SKFINDIA,EQ,,,,,SKF INDIA LTD,1507.20,1534.70,1502.10,1519.80,1523.00,1507.20,,1519.81,,,36312,55141539.30,6831,F1,1,,,,,
2026-09-23,2026-09-23,CM,NSE,STK,9428,INE439E01022,SKIPPER,EQ,,,,,SKIPPER LIMITED,568.00,580.00,562.55,567.50,565.50,561.55,,567.51,,,1071979,613144246.05,38417,F1,1,,,,,
2026-09-23,2026-09-23,CM,NSE,STK,4732,INE411D01023,SKMEGGPROD,EQ,,,,,SKM EGG PROD EXPORT(I) LT,220.95,229.90,220.50,229.75,229.85,221.25,,229.72,,,176443,40220694.55,2882,F1,1,,,,,
2026-09-23,2026-09-23,CM,NSE,STK,10325,INE0KZA01016,SKP,SM,,,,,SKP BEARING INDUSTRI. LTD,163.50,164.90,157.20,163.90,163.90,160.05,,163.90,,,14500,2347375.00,23,F1,500,,,,,
2026-09-23,2026-09-23,CM,NSE,STK,13631,INE01IU01018,SKYGOLD,EQ,,,,,SKY GOLD AND DIAMONDS LTD,814.00,834.45,782.55,794.10,792.00,802.55,,794.10,,,1325607,1068557258.75,55959,F1,1,,,,,
2026-09-23,2026-09-23,CM,NSE,STK,765333,INE0VFE01017,SKYTECH,SM,,,,,SKYTECH INFINITE PLATFM L,29.10,29.10,29.10,29.10,29.10,27.75,,29.10,,,24000,698400.00,13,F1,1600,,,,,
2026-09-23,2026-09-23,CM,NSE,STK,765480,INE0PX301025,SKYWAYS,EQ,,,,,SKYWAYS AIR SERVICES LTD,132.00,132.00,126.81,129.57,130.75,130.32,,129.59,,,4900366,630930552.96,33566,F1,1,,,,,
2026-09-23,2026-09-23,CM,NSE,STK,23692,INE0SMA01017,SLONE,ST,,,,,SLONE INFOSYSTEMS LIMITED,173.25,173.25,161.00,169.65,173.00,169.25,,169.65,,,6800,1139980.00,16,F1,400,,,,,
2026-09-23,2026-09-23,CM,NSE,STK,757619,INE14GK01016,SMARTEN,SM,,,,,SMARTEN POWER SYSTEMS LTD,62.25,62.25,60.00,62.25,62.25,59.30,,62.25,,,96000,5957940.00,45,F1,1200,,,,,
2026-09-23,2026-09-23,CM,NSE,STK,9893,INE178C01020,SMARTLINK,BE,,,,,SMARTLINK HOLDINGS LTD,225.10,225.10,217.05,218.48,218.05,223.97,,218.56,,,2587,570313.15,53,F1,1,,,,,
2026-09-23,2026-09-23,CM,NSE,STK,757965,INE0NAZ01010,SMARTWORKS,EQ,,,,,SMARTWORKS COWORKING SP L,540.80,554.10,539.20,541.05,539.20,543.90,,541.10,,,27592,15029552.50,1195,F1,1,,,,,
2026-09-23,2026-09-23,CM,NSE,STK,2320,INE103C01036,SMCGLOBAL,EQ,,,,,SMC GLOBAL SECURITIES LTD,82.43,89.80,82.35,87.14,87.00,82.43,,87.15,,,2330867,203268469.57,20311,F1,1,,,,,
2026-09-23,2026-09-23,CM,NSE,STK,3387,INE294B01019,SMLMAH,EQ,,,,,SML MAHINDRA LIMITED,6790.00,6898.50,6720.00,6794.00,6808.50,6719.50,,6794.28,,,53537,363254414.50,12367,F1,1,,,,,
2026-09-23,2026-09-23,CM,NSE,STK,14329,INE812G01025,SMSPHARMA,EQ,,,,,SMS PHARMACEUTICALS LTD.,485.80,491.90,477.30,482.95,481.00,483.35,,482.95,,,801318,388589408.95,21604,F1,1,,,,,
2026-09-23,2026-09-23,CM,NSE,STK,847,INE702Y01013,SMVD,SM,,,,,SMVD POLY PACK LIMITED,14.60,14.60,14.60,14.60,14.60,15.35,,14.60,,,8080,117968.00,2,F1,4040,,,,,
2026-09-23,2026-09-23,CM,NSE,STK,758946,INE1OIC01018,SNEHAA,SM,,,,,SNEHAA ORGANICS LIMITED,44.10,44.10,41.75,43.50,43.50,44.00,,43.50,,,4000,171650.00,4,F1,1000,,,,,
2026-09-23,2026-09-23,CM,NSE,STK,4843,INE734N01019,SNOWMAN,EQ,,,,,SNOWMAN LOGISTICS LTD.,34.76,35.50,34.62,35.18,35.50,34.85,,35.20,,,154134,5398641.28,1406,F1,1,,,,,
2026-09-23,2026-09-23,CM,NSE,STK,13826,INE671H01015,SOBHA,EQ,,,,,SOBHA LIMITED,1230.00,1251.00,1222.10,1243.80,1248.10,1230.90,,1243.87,,,43906,54359369.40,7162,F1,1,,,,,
2026-09-23,2026-09-23,CM,NSE,STK,8266,INE728Z01015,SOFTTECH,EQ,,,,,SOFTTECH ENGINEERS LTD,475.00,503.35,475.00,491.85,487.00,498.25,,491.85,,,3096,1522572.45,179,F1,1,,,,,
2026-09-23,2026-09-23,CM,NSE,STK,13332,INE343H01029,SOLARINDS,EQ,,,,,SOLAR INDUSTRIES (I) LTD,20050.00,20370.00,19625.00,19730.00,19730.00,19890.00,,19729.71,,,316329,6334557700.00,54574,F1,1,,,,,
2026-09-23,2026-09-23,CM,NSE,STK,3672,INE624Z01016,SOLARA,EQ,,,,,SOLARA ACTIVE PHA SCI LTD,744.55,759.50,715.00,722.90,728.00,744.55,,722.93,,,491844,360971331.00,20826,F1,1,,,,,
2026-09-23,2026-09-23,CM,NSE,STK,759929,INE0TY101024,SOLARWORLD,EQ,,,,,SOLARWORLD ENERGY SOL LTD,139.39,142.55,137.80,138.52,138.08,139.46,,138.52,,,278134,38837280.48,3850,F1,1,,,,,
2026-09-23,2026-09-23,CM,NSE,STK,759397,INE880Y01017,SOLEX,EQ,,,,,SOLEX ENERGY LIMITED,698.95,770.00,694.25,735.20,731.10,678.95,,735.20,,,1119045,832711711.70,53324,F1,1,,,,,
2026-09-23,2026-09-23,CM,NSE,STK,24879,INE0U0201016,BALCO,SM,,,,,SOLVE PLASTIC PRODUCTS L,19.90,19.90,19.90,19.90,19.90,20.90,,19.90,,,2400,47760.00,2,F1,1200,,,,,
2026-09-23,2026-09-23,CM,NSE,STK,1338,INE480C01038,SDBL,EQ,,,,,SOM DIST & BREW LTD,67.31,68.25,67.31,67.89,68.19,67.45,,67.89,,,158194,10746199.05,1952,F1,1,,,,,
2026-09-23,2026-09-23,CM,NSE,STK,4201,INE314C01013,SOMATEX,EQ,,,,,SOMA TEXTILES & INDUST LT,81.62,83.70,80.02,82.35,83.45,80.02,,82.33,,,6703,547198.71,130,F1,1,,,,,
2026-09-23,2026-09-23,CM,NSE,STK,3880,INE355A01028,SOMANYCERA,EQ,,,,,SOMANY CERAMICS LIMITED,595.00,602.00,581.20,596.30,597.00,594.75,,596.29,,,108719,64371745.25,5255,F1,1,,,,,
2026-09-23,2026-09-23,CM,NSE,STK,17794,INE323J01019,SOMICONVEY,EQ,,,,,SOMI CONVEYOR BELT. LTD.,92.01,93.12,91.00,91.51,92.95,92.66,,91.51,,,11638,1070162.02,156,F1,1,,,,,
2026-09-23,2026-09-23,CM,NSE,STK,4684,INE073K01018,SONACOMS,EQ,,,,,SONA BLW PRECISION FRGS L,808.55,833.00,804.75,833.00,833.00,809.00,,833.00,,,3183807,2620927288.10,81203,F1,1,,,,,
2026-09-23,2026-09-23,CM,NSE,STK,23052,INE0Q6H01012,SONAMAC,SM,,,,,SONA MACHINERY LIMITED,32.00,32.00,31.50,31.50,31.50,32.90,,31.50,,,2000,63500.00,2,F1,1000,,,,,
2026-09-23,2026-09-23,CM,NSE,STK,762919,INE321M01017,SONAL,EQ,,,,,SONAL MERCANTILE LTD.,83.50,83.55,83.50,83.55,83.55,84.01,,83.55,,,201,16783.55,6,F1,1,,,,,
2026-09-23,2026-09-23,CM,NSE,STK,8817,INE00LM01029,SONAMLTD,BE,,,,,SONAM LIMITED,70.00,70.00,66.50,68.02,67.54,67.21,,68.02,,,26033,1758877.80,149,F1,1,,,,,
2026-09-23,2026-09-23,CM,NSE,STK,6596,INE269A01021,SONATSOFTW,EQ,,,,,SONATA SOFTWARE LTD,284.25,286.70,281.50,282.00,282.00,284.45,,282.00,,,317370,89850662.85,7709,F1,1,,,,,
2026-09-23,2026-09-23,CM,NSE,STK,9463,INE0JZA01018,SONUINFRA,ST,,,,,SONU INFRATECH LIMITED,47.30,47.30,45.00,45.00,45.00,47.30,,45.00,,,7500,341625.00,5,F1,1500,,,,,
2026-09-23,2026-09-23,CM,NSE,STK,9678,INE980Y01015,SOUTHWEST,EQ,,,,,SOUTH WEST PINNACLE LTD,190.00,198.00,190.00,194.64,194.22,190.79,,194.64,,,87484,17062080.91,2418,F1,1,,,,,
2026-09-23,2026-09-23,CM,NSE,STK,8521,INE0JW501011,SPRL,SM,,,,,SP REFRACTORIES LIMITED,114.65,114.65,114.65,114.65,114.65,109.20,,114.65,,,800,91720.00,1,F1,800,,,,,
2026-09-23,2026-09-23,CM,NSE,STK,19372,INE970N01027,SPCENET,EQ,,,,,SPACENET ENTERS IND LTD,3.35,3.44,3.28,3.39,3.40,3.29,,3.39,,,460845,1554626.33,548,F1,1,,,,,
2026-09-23,2026-09-23,CM,NSE,STK,11435,INE572J01011,SPANDANA,EQ,,,,,SPANDANA SPHOORTY FIN LTD,227.25,233.32,227.20,232.18,233.00,227.38,,232.13,,,78579,18190597.24,1983,F1,1,,,,,
2026-09-23,2026-09-23,CM,NSE,STK,27111,INE247M01014,SPECIALITY,BE,,,,,SPECIALITY REST LTD,150.00,155.80,148.01,152.45,150.52,149.53,,152.45,,,36639,5602526.33,227,F1,1,,,,,
2026-09-23,2026-09-23,CM,NSE,STK,30457,INE01EO01010,SPECTRUM,BE,,,,,SPECTRUM ELECTRIC IND LTD,3398.90,3398.90,3177.30,3241.60,3241.00,3344.50,,3240.09,,,11852,38103681.70,943,F1,1,,,,,
2026-09-23,2026-09-23,CM,NSE,STK,8163,INE020801028,SPENCERS,EQ,,,,,SPENCER S RETAIL LIMITED,28.35,29.86,28.01,29.44,29.26,28.47,,29.44,,,32720,955876.24,515,F1,1,,,,,
2026-09-23,2026-09-23,CM,NSE,STK,3252,INE147A01011,SPIC,EQ,,,,,SPIC LTD,66.01,67.60,65.75,67.00,67.08,66.09,,67.00,,,356978,23761252.46,2975,F1,1,,,,,
2026-09-23,2026-09-23,CM,NSE,STK,11935,INE978G01016,SPLIL,EQ,,,,,SPL INDUSTRIES LIMITED,30.22,31.40,29.62,30.19,29.76,30.52,,30.19,,,9157,278423.96,118,F1,1,,,,,
2026-09-23,2026-09-23,CM,NSE,STK,3321,INE937A01023,SPMLINFRA,EQ,,,,,SPML INFRA LIMITED,166.90,171.00,166.60,168.58,168.10,166.44,,168.58,,,133400,22572904.53,2035,F1,1,,,,,
2026-09-23,2026-09-23,CM,NSE,STK,10733,INE885H01029,SPORTKING,EQ,,,,,SPORTKING INDIA LIMITED,215.01,221.50,210.00,211.26,210.00,214.49,,211.26,,,203482,43978126.30,5807,F1,1,,,,,
2026-09-23,2026-09-23,CM,NSE,STK,17186,INE526E01018,SHRIPISTON,EQ,,,,,SPR AUTO TECHNOLOGIES LTD,4512.60,4550.60,4469.30,4489.80,4494.00,4512.60,,4489.79,,,22138,99512083.50,5866,F1,1,,,,,
2026-09-23,2026-09-23,CM,NSE,STK,757865,INE19QH01010,SPUNWEB,SM,,,,,SPUNWEB NONWOVEN LIMITED,100.05,101.05,100.00,101.05,101.05,100.00,,101.05,,,15600,1562520.00,7,F1,1200,,,,,
2026-09-23,2026-09-23,CM,NSE,STK,14582,INE917H01012,SRHHYPOLTD,EQ,,,,,SREE RAYALSEEMA HHP LTD.,603.80,620.90,585.05,587.50,590.95,599.25,,587.51,,,48715,29244059.65,3372,F1,1,,,,,
2026-09-23,2026-09-23,CM,NSE,STK,31841,INE099F01013,SREEL,BE,,,,,SREELEATHERS LIMITED,279.90,293.89,276.25,293.89,293.89,279.90,,293.89,,,23728,6932878.66,255,F1,1,,,,,
2026-09-23,2026-09-23,CM,NSE,STK,3273,INE647A01010,SRF,EQ,,,,,SRF LTD,2545.00,2562.00,2540.00,2550.00,2550.00,2538.30,,2549.59,,,73197,186900289.30,9414,F1,1,,,,,
2026-09-23,2026-09-23,CM,NSE,STK,18119,INE559N01010,SRGHFL,EQ,,,,,SRG HOUSING FINANCE L,150.00,158.10,147.85,158.10,158.10,143.75,,158.10,,,46174,7119875.25,603,F1,1,,,,,
2026-09-23,2026-09-23,CM,NSE,STK,7457,INE293B01029,HAVISHA,EQ,,,,,SRI HAVISHA HOSP & INFR L,1.34,1.40,1.34,1.38,1.38,1.36,,1.38,,,25254,34642.81,69,F1,1,,,,,
2026-09-23,2026-09-23,CM,NSE,STK,765168,INE009C01019,SRIKPRIND,BE,,,,,SRI KPR INDUSTRIES LTD.,27.40,28.95,27.40,28.58,28.00,28.78,,28.40,,,4125,114466.10,53,F1,1,,,,,
2026-09-23,2026-09-23,CM,NSE,STK,758147,INE0V9Q01010,LOTUSDEV,BE,,,,,SRI LOTUS DEVLPRS N RTY L,213.84,224.53,213.50,224.46,224.53,213.84,,224.55,,,1269546,281782003.13,6503,F1,1,,,,,
2026-09-23,2026-09-23,CM,NSE,STK,761393,INE0TPJ01019,SPCON,SM,,,,,SRINIBAS PRADHAN CONST L,170.00,185.00,165.00,165.00,165.00,165.00,,165.00,,,37200,6243780.00,9,F1,1200,,,,,
2026-09-23,2026-09-23,CM,NSE,STK,18059,INE0ON201012,SSFL,ST,,,,,SRIVARI SPICES N FOODS L,279.00,280.20,279.00,280.20,280.20,289.95,,280.20,,,1000,279600.00,2,F1,500,,,,,
2026-09-23,2026-09-23,CM,NSE,STK,14416,INE0NPI01014,SRIVASAVI,ST,,,,,SRIVASAVI ADHESIVE TAPE L,81.50,81.55,79.90,81.55,81.55,77.70,,81.55,,,16000,1303050.00,9,F1,1000,,,,,
2026-09-23,2026-09-23,CM,NSE,STK,23402,INE0R6Z01013,SRM,EQ,,,,,SRM CONTRACTORS LIMITED,423.30,425.40,418.95,422.45,424.00,419.80,,422.35,,,33857,14306610.00,1986,F1,1,,,,,
2026-09-23,2026-09-23,CM,NSE,STK,766176,INE1EQW01028,SSRETAIL,EQ,,,,,SS RETAIL LIMITED,624.00,748.80,603.05,748.80,748.80,424.00,,763.96,,,45735525,30745720416.60,729664,F1,1,,,,,
2026-09-23,2026-09-23,CM,NSE,STK,29205,INE0RYC01010,STALLION,BE,,,,,STALLION IND FLUOROCHEM L,226.90,227.00,220.00,224.26,225.00,226.23,,224.30,,,215192,48045007.32,1952,F1,1,,,,,
2026-09-23,2026-09-23,CM,NSE,STK,29075,INE0M4D01010,SETL,EQ,,,,,STANDARD ENGNG TCNLGY LTD,402.50,415.55,402.00,407.00,408.00,402.55,,407.00,,,437953,178897385.00,8742,F1,1,,,,,
2026-09-23,2026-09-23,CM,NSE,STK,11297,INE173A01025,SIL,EQ,,,,,STANDARD INDUSTRIES LTD.,16.25,17.48,16.25,17.13,17.01,16.01,,17.13,,,136655,2317484.76,1398,F1,1,,,,,
2026-09-23,2026-09-23,CM,NSE,STK,24226,INE01A001028,STANLEY,EQ,,,,,STANLEY LIFESTYLES LTD,136.43,137.95,135.00,137.43,137.85,135.43,,137.45,,,34505,4727816.52,850,F1,1,,,,,
2026-09-23,2026-09-23,CM,NSE,STK,21091,INE460H01021,STARCEMENT,EQ,,,,,STAR CEMENT LIMITED,189.35,190.99,187.71,189.23,189.01,189.51,,189.23,,,84627,16030886.25,2114,F1,1,,,,,
2026-09-23,2026-09-23,CM,NSE,STK,7083,INE575P01011,STARHEALTH,EQ,,,,,STAR HEALTH & AL INS CO L,544.60,551.90,542.00,549.20,547.30,544.60,,549.20,,,664468,364434952.80,42077,F1,1,,,,,
2026-09-23,2026-09-23,CM,NSE,STK,3291,INE733A01018,STARPAPER,EQ,,,,,STAR PAPER MILLS LTD,157.71,158.00,155.30,156.27,157.50,156.79,,156.27,,,2666,417752.52,79,F1,1,,,,,
2026-09-23,2026-09-23,CM,NSE,STK,9305,INE992I01013,STARTECK,EQ,,,,,STARTECK FINANCE LIMITED,268.00,268.00,250.10,253.85,258.95,242.00,,253.85,,,621,160049.25,53,F1,1,,,,,
2026-09-23,2026-09-23,CM,NSE,STK,3045,INE062A01020,SBIN,EQ,,,,,STATE BANK OF INDIA,987.00,996.40,986.40,994.10,994.10,987.00,,994.10,,,4522248,4486927140.60,90482,F1,1,,,,,
2026-09-23,2026-09-23,CM,NSE,STK,766065,INE0FRO01022,STEAMHOUSE,EQ,,,,,STEAMHOUSE INDIA LIMITED,112.31,113.55,109.55,110.73,109.78,112.02,,110.74,,,7268558,811863282.73,44953,F1,1,,,,,
2026-09-23,2026-09-23,CM,NSE,STK,2963,INE114A01011,SAIL,EQ,,,,,STEEL AUTHORITY OF INDIA,174.50,185.70,174.50,185.44,185.44,174.01,,185.44,,,41615771,7591795622.91,146880,F1,1,,,,,
2026-09-23,2026-09-23,CM,NSE,STK,10406,INE395H01011,STEELCITY,EQ,,,,,STEEL CITY SECURITIES LTD,84.23,86.00,83.10,84.82,85.80,85.59,,84.82,,,8558,723475.00,211,F1,1,,,,,
2026-09-23,2026-09-23,CM,NSE,STK,21339,INE503B01021,STEELXIND,EQ,,,,,STEEL EXCHANGE INDIA LTD,11.21,12.84,11.21,12.01,12.01,11.18,,12.01,,,43409817,533168765.46,54619,F1,1,,,,,
2026-09-23,2026-09-23,CM,NSE,STK,765170,INE205F01016,STLSTRINF,EQ,,,,,STEEL STRIPS INFRA L,25.40,25.40,23.65,24.01,23.65,23.16,,23.92,,,14638,350030.57,115,F1,1,,,,,
2026-09-23,2026-09-23,CM,NSE,STK,11829,INE802C01033,SSWL,EQ,,,,,STEEL STRIPS WHEELS LTD.,369.50,380.00,367.80,371.95,370.70,364.80,,371.95,,,1061277,396673649.85,33894,F1,1,,,,,
2026-09-23,2026-09-23,CM,NSE,STK,6803,INE124E01038,STEELCAS,EQ,,,,,STEELCAST LIMITED,350.85,361.00,346.55,359.70,359.70,350.15,,359.65,,,268681,95413529.10,11312,F1,1,,,,,
2026-09-23,2026-09-23,CM,NSE,STK,21484,INE577L01016,STEL,EQ,,,,,STEL HOLDINGS LIMITED,684.00,684.00,617.95,640.60,668.05,663.55,,640.07,,,11945,7765136.75,864,F1,1,,,,,
2026-09-23,2026-09-23,CM,NSE,STK,6188,INE334A01023,STERTOOLS,BE,,,,,STERLING TOOLS LIMITED,225.00,228.88,220.10,221.96,222.00,223.02,,222.03,,,16156,3596687.63,214,F1,1,,,,,
2026-09-23,2026-09-23,CM,NSE,STK,9313,INE089C01029,STLTECH,BE,,,,,STERLITE TECHNOLOGIES LTD,839.50,870.95,821.25,867.10,863.00,839.55,,867.10,,,1292464,1102208769.10,38987,F1,1,,,,,
2026-09-23,2026-09-23,CM,NSE,STK,13367,INE353H01010,SGL,EQ,,,,,STL GLOBAL LIMITED,9.07,9.64,8.56,8.93,8.92,9.07,,8.94,,,16455,146808.31,158,F1,1,,,,,
2026-09-23,2026-09-23,CM,NSE,STK,758958,INE1VXE01018,STLNETWORK,EQ,,,,,STL NETWORKS LIMITED,49.65,49.70,48.50,49.70,49.70,47.34,,49.70,,,3086717,153054015.65,2131,F1,1,,,,,
2026-09-23,2026-09-23,CM,NSE,STK,2107,INE00IN01015,STOVEKRAFT,EQ,,,,,STOVE KRAFT LIMITED,834.85,842.90,818.40,829.10,832.00,827.80,,829.10,,,130160,108064721.00,10773,F1,1,,,,,
2026-09-23,2026-09-23,CM,NSE,STK,761091,INE1XWN01017,STRIDERS,SM,,,,,STRIDERS IMPEX LIMITED,54.90,62.75,50.00,51.35,51.95,53.25,,51.35,,,212800,11643920.00,102,F1,1600,,,,,
2026-09-23,2026-09-23,CM,NSE,STK,7374,INE939A01011,STAR,EQ,,,,,STRIDES PHARMA SCI LTD,1217.00,1242.20,1217.00,1223.30,1226.00,1217.40,,1223.36,,,153250,188454250.10,12742,F1,1,,,,,
2026-09-23,2026-09-23,CM,NSE,STK,12489,INE00M201021,SWSOLAR,EQ,,,,,STRLNG & WIL REN ENE LTD,179.26,181.80,178.22,180.76,180.50,178.42,,180.75,,,1333410,240749382.66,13979,F1,1,,,,,
2026-09-23,2026-09-23,CM,NSE,STK,759587,INE00Q601028,STUDDS,EQ,,,,,STUDDS ACCESSORIES LTD,422.00,424.80,412.70,415.75,418.00,421.45,,415.45,,,54012,22511427.45,4191,F1,1,,,,,
2026-09-23,2026-09-23,CM,NSE,STK,758527,INE17VO01028,STUDIOLSD,SM,,,,,STUDIO LSD LIMITED,9.10,9.10,8.70,8.80,8.70,8.85,,8.80,,,48000,424900.00,24,F1,2000,,,,,
2026-09-23,2026-09-23,CM,NSE,STK,5186,INE239C01020,STYLAMIND,EQ,,,,,STYLAM INDUSTRIES LIMITED,3400.00,3423.30,3325.10,3355.60,3360.20,3309.40,,3355.35,,,88259,297955485.00,15697,F1,1,,,,,
2026-09-23,2026-09-23,CM,NSE,STK,19,INE189B01011,STYRENIX,EQ,,,,,STYRENIX PERFORMANCE LTD,2078.30,2154.10,2077.60,2130.10,2136.00,2078.30,,2130.16,,,28464,60569465.60,4536,F1,1,,,,,
2026-09-23,2026-09-23,CM,NSE,STK,760112,INE0RYR01018,SUBAHOTELS,SM,,,,,SUBA HOTELS LIMITED,91.00,92.00,90.25,92.00,92.00,90.05,,92.00,,,9600,874740.00,8,F1,1200,,,,,
2026-09-23,2026-09-23,CM,NSE,STK,967,INE754A01055,SUBEXLTD,EQ,,,,,SUBEX LTD,19.50,22.80,19.48,22.08,22.25,19.37,,22.08,,,70960363,1544937833.90,258222,F1,1,,,,,
2026-09-23,2026-09-23,CM,NSE,STK,3324,INE287B01021,SUBROS,EQ,,,,,SUBROS LIMITED,725.00,742.00,721.60,731.50,731.70,720.65,,731.31,,,52234,38304575.35,3810,F1,1,,,,,
2026-09-23,2026-09-23,CM,NSE,STK,3327,INE659A01023,SUDARSCHEM,EQ,,,,,SUDARSHAN CHEMICAL INDS L,1234.20,1257.50,1229.10,1236.90,1231.00,1230.30,,1237.02,,,71876,89487320.80,6017,F1,1,,,,,
2026-09-23,2026-09-23,CM,NSE,STK,715,INE492A01029,SUDARCOLOR,EQ,,,,,SUDARSHAN COLORNT IND LTD,392.05,394.95,386.70,390.70,386.70,390.20,,390.61,,,2976,1165129.70,192,F1,1,,,,,
2026-09-23,2026-09-23,CM,NSE,STK,760039,INE0QPI01025,SUDEEPPHRM,EQ,,,,,SUDEEP PHARMA LIMITED,1197.00,1210.00,1172.30,1199.60,1195.10,1197.10,,1199.59,,,209732,249935576.10,13259,F1,1,,,,,
2026-09-23,2026-09-23,CM,NSE,STK,11804,INE450E01029,SUKHJITS,EQ,,,,,SUKHJIT STARCH & CHEM LTD,163.30,163.98,160.69,162.58,163.45,161.00,,162.54,,,9597,1556641.16,471,F1,1,,,,,
2026-09-23,2026-09-23,CM,NSE,STK,13218,INE142Q01026,SULA,EQ,,,,,SULA VINEYARDS LIMITED,135.48,138.38,135.48,137.76,138.20,135.48,,137.74,,,171641,23563407.14,3669,F1,1,,,,,
2026-09-23,2026-09-23,CM,NSE,STK,765507,INE11Z001019,SUMAX,SM,,,,,SUMAX ENGINEERING LIMITED,109.85,111.00,105.30,106.60,106.50,108.00,,106.60,,,93600,10049280.00,69,F1,1200,,,,,
2026-09-23,2026-09-23,CM,NSE,STK,765175,INE886B01012,SUMEDHA,EQ,,,,,SUMEDHA FISCAL SERVICES L,44.85,45.00,44.00,44.08,44.08,44.04,,44.09,,,2063,90954.51,19,F1,1,,,,,
2026-09-23,2026-09-23,CM,NSE,STK,20790,INE235C01036,SUMEETINDS,EQ,,,,,SUMEET IND LIMITED,11.05,11.05,11.05,11.05,11.05,10.53,,10.96,,,175844,1943076.20,75,F1,1,,,,,
2026-09-23,2026-09-23,CM,NSE,STK,11140,INE748Z01013,SUMIT,EQ,,,,,SUMIT WOODS LIMITED,51.80,51.80,48.25,49.91,50.26,50.06,,49.91,,,9795,487793.60,217,F1,1,,,,,
2026-09-23,2026-09-23,CM,NSE,STK,17105,INE258G01013,SUMICHEM,EQ,,,,,SUMITOMO CHEM INDIA LTD,459.95,468.00,455.40,464.20,465.00,457.50,,464.20,,,370058,171370457.70,17778,F1,1,,,,,
2026-09-23,2026-09-23,CM,NSE,STK,21275,INE519C01017,SUMMITSEC,EQ,,,,,SUMMIT SECURITIES LTD,1410.00,1410.00,1385.00,1403.70,1400.50,1404.00,,1401.42,,,1357,1899036.30,290,F1,1,,,,,
2026-09-23,2026-09-23,CM,NSE,STK,14788,INE232I01014,SPARC,EQ,,,,,SUN PHARMA ADV.RES.CO.LTD,197.96,208.70,197.07,205.65,205.66,197.96,,205.65,,,1935408,396872505.05,27962,F1,1,,,,,
2026-09-23,2026-09-23,CM,NSE,STK,3351,INE044A01036,SUNPHARMA,EQ,,,,,SUN PHARMACEUTICAL IND L,1846.40,1869.60,1844.00,1865.00,1865.00,1846.40,,1865.00,,,902514,1677514370.20,66824,F1,1,,,,,
2026-09-23,2026-09-23,CM,NSE,STK,13404,INE424H01027,SUNTV,EQ,,,,,SUN TV NETWORK LIMITED,490.10,503.30,485.60,490.20,489.00,490.10,,490.21,,,1771617,871676957.70,42628,F1,1,,,,,
2026-09-23,2026-09-23,CM,NSE,STK,20956,INE0Q3R01026,SUNCLAY,EQ,,,,,SUNDARAM CLAYTON LIMITED,1276.70,1276.70,1250.10,1253.90,1251.00,1252.50,,1253.90,,,1684,2119428.10,180,F1,1,,,,,
2026-09-23,2026-09-23,CM,NSE,STK,3339,INE660A01013,SUNDARMFIN,EQ,,,,,SUNDARAM FINANCE LTD,4729.20,4741.50,4640.00,4654.90,4679.00,4751.90,,4654.91,,,52156,243975362.70,13913,F1,1,,,,,
2026-09-23,2026-09-23,CM,NSE,STK,18931,INE108E01023,SUNDARAM,EQ,,,,,SUNDARAM MULTI PAP LTD,1.19,1.19,1.17,1.17,1.17,1.17,,1.17,,,203956,240206.25,252,F1,1,,,,,
2026-09-23,2026-09-23,CM,NSE,STK,9848,INE073D01013,SUNDRMBRAK,BE,,,,,SUNDARAMBRAKE LININGS LTD,676.90,686.50,672.00,676.55,679.95,690.85,,675.81,,,2007,1358943.50,77,F1,1,,,,,
2026-09-23,2026-09-23,CM,NSE,STK,3345,INE387A01021,SUNDRMFAST,EQ,,,,,SUNDRAM FASTENERS LTD,1190.90,1199.80,1179.80,1185.40,1183.00,1190.90,,1185.39,,,277085,328626240.90,11183,F1,1,,,,,
2026-09-23,2026-09-23,CM,NSE,STK,761202,INE0CTB01014,SOCL,SM,,,,,SUNDREX OIL COMPANY LTD,26.30,28.20,26.30,28.20,28.20,27.40,,28.20,,,8000,222560.00,3,F1,1600,,,,,
2026-09-23,2026-09-23,CM,NSE,STK,1663,INE209A01019,SUNDROP,EQ,,,,,SUNDROP BRANDS LIMITED,748.90,756.65,725.00,744.30,747.00,742.35,,744.30,,,36238,26861795.85,1751,F1,1,,,,,
2026-09-23,2026-09-23,CM,NSE,STK,3348,INE947A01014,SUNFLAG,EQ,,,,,SUNFLAG IRON AND STEEL CO,356.90,390.55,356.55,390.55,390.55,355.05,,390.56,,,912957,347354154.90,13926,F1,1,,,,,
2026-09-23,2026-09-23,CM,NSE,STK,18264,INE0O3O01017,SEL,SM,,,,,SUNGARNER ENERGIES LTD,385.40,385.40,353.55,353.75,353.55,372.15,,353.75,,,3000,1092080.00,12,F1,200,,,,,
2026-09-23,2026-09-23,CM,NSE,STK,24868,INE0U2N01013,SUNLITE,SM,,,,,SUNLITE RECYCLING IND LTD,635.00,649.45,600.00,613.95,618.00,634.15,,613.95,,,37800,23723415.00,95,F1,300,,,,,
2026-09-23,2026-09-23,CM,NSE,STK,764925,INE671K01027,SUNRAKSHAK,EQ,,,,,SUNRAKSHAKK INDUS IND L,363.10,370.00,362.50,366.60,369.30,364.85,,366.68,,,9864,3610870.55,230,F1,1,,,,,
2026-09-23,2026-09-23,CM,NSE,STK,20213,INE0PLZ01012,SUNREST,SM,,,,,SUNREST LIFESCIENCE LTD,38.45,38.45,38.45,38.45,38.45,38.45,,38.45,,,1600,61520.00,1,F1,1600,,,,,
2026-09-23,2026-09-23,CM,NSE,STK,764930,INE199E01014,SUNSHIEL,EQ,,,,,SUNSHIELD CHEMICALS LTD.,1191.80,1215.00,1160.00,1164.30,1167.00,1192.00,,1164.81,,,2201,2594141.30,328,F1,1,,,,,
2026-09-23,2026-09-23,CM,NSE,STK,765387,INE1B3O01011,SUNSHINE,EQ,,,,,SUNSHINE PICTURES LIMITED,441.00,456.00,437.35,441.45,443.00,440.40,,441.44,,,585436,260009353.00,7992,F1,1,,,,,
2026-09-23,2026-09-23,CM,NSE,STK,757763,INE0SGZ01016,SUNTECH,SM,,,,,SUNTECH INFRA SOLUTIONS L,38.00,38.00,37.90,37.90,37.90,37.60,,37.90,,,12800,485920.00,7,F1,1600,,,,,
2026-09-23,2026-09-23,CM,NSE,STK,17641,INE805D01034,SUNTECK,EQ,,,,,SUNTECK REALTY LIMITED,289.20,294.85,288.00,290.10,290.00,287.90,,290.09,,,90649,26406686.35,3525,F1,1,,,,,
2026-09-23,2026-09-23,CM,NSE,STK,8931,INE662A01027,SUPERSPIN,BE,,,,,SUPER SPINNING MILLS LTD,7.42,7.71,7.16,7.57,7.59,7.40,,7.58,,,8199,61452.38,44,F1,1,,,,,
2026-09-23,2026-09-23,CM,NSE,STK,764938,INE460D01038,SUPTANERY,BE,,,,,SUPER TANNERY LTD.,10.30,10.65,10.20,10.65,10.65,10.15,,10.87,,,334986,3535881.59,658,F1,1,,,,,
2026-09-23,2026-09-23,CM,NSE,STK,20616,INE712B01010,SUPERHOUSE,EQ,,,,,SUPERHOUSE LIMITED,172.00,173.00,167.50,168.47,170.00,169.17,,168.40,,,7485,1270999.26,209,F1,1,,,,,
2026-09-23,2026-09-23,CM,NSE,STK,3147,INE843L01012,SIEL,EQ,,,,,SUPERIOR INDUSTRIAL ENT L,30.48,30.48,30.00,30.48,30.48,30.48,,31.14,,,194,5823.95,8,F1,1,,,,,
2026-09-23,2026-09-23,CM,NSE,STK,11689,INE399C01030,SUPRAJIT,EQ,,,,,SUPRAJIT ENGINEERING LTD,483.45,491.55,481.60,485.05,485.60,483.45,,485.10,,,28891,14069796.90,2722,F1,1,,,,,
2026-09-23,2026-09-23,CM,NSE,STK,758997,INE319Z01021,SUPREMEENG,BZ,,,,,SUPREME ENGINEERING LTD,3.79,3.79,3.79,3.79,3.79,3.72,,3.79,,,257823,977149.17,112,F1,1,,,,,
2026-09-23,2026-09-23,CM,NSE,STK,28069,INE0U6N01014,SFML,SM,,,,,SUPREME FACILITY MGMT LTD,20.60,20.80,20.20,20.80,20.80,20.70,,20.80,,,24000,491520.00,13,F1,1600,,,,,
2026-09-23,2026-09-23,CM,NSE,STK,29439,INE822E01011,SUPREME,EQ,,,,,SUPREME HOLDIN N HOSP I L,32.60,33.53,31.21,31.97,32.47,32.19,,32.04,,,71938,2358293.07,443,F1,1,,,,,
2026-09-23,2026-09-23,CM,NSE,STK,3363,INE195A01028,SUPREMEIND,EQ,,,,,SUPREME INDUSTRIES LTD,3477.80,3513.00,3465.10,3497.10,3497.10,3460.50,,3497.02,,,78063,272208715.10,12744,F1,1,,,,,
2026-09-23,2026-09-23,CM,NSE,STK,15002,INE550H01011,SUPREMEINF,EQ,,,,,SUPREME INFRA. LTD.,84.89,84.89,80.61,81.00,80.65,80.50,,80.92,,,12781,1042642.76,221,F1,1,,,,,
2026-09-23,2026-09-23,CM,NSE,STK,9617,INE663A01033,SPLPETRO,EQ,,,,,SUPREME PETROCHEM LIMITED,868.25,899.00,860.55,882.20,881.80,864.75,,882.21,,,387021,342841322.25,27420,F1,1,,,,,
2026-09-23,2026-09-23,CM,NSE,STK,21067,INE0QHG01026,SUPREMEPWR,SM,,,,,SUPREME POWER EQUIPMENT L,203.00,207.55,201.05,205.35,205.00,203.45,,205.35,,,47500,9703800.00,94,F1,500,,,,,
2026-09-23,2026-09-23,CM,NSE,STK,7390,INE07RO01027,SUPRIYA,EQ,,,,,SUPRIYA LIFESCIENCE LTD,945.05,1005.00,945.05,1000.90,1002.00,939.10,,1000.90,,,1007970,999248624.75,55390,F1,1,,,,,
2026-09-23,2026-09-23,CM,NSE,STK,20822,INE843S01025,SURAJEST,EQ,,,,,SURAJ ESTATE DEVELOPERS L,216.50,222.20,213.90,220.41,221.00,217.00,,220.43,,,208291,45593601.73,3809,F1,1,,,,,
2026-09-23,2026-09-23,CM,NSE,STK,24966,INE713C01016,SURAJLTD,EQ,,,,,SURAJ LIMITED,203.43,203.43,197.01,197.01,197.01,202.41,,197.01,,,430,85975.19,30,F1,1,,,,,
2026-09-23,2026-09-23,CM,NSE,STK,27334,INE877V01027,SURAKSHA,EQ,,,,,SURAKSHA DIAGNOSTIC LTD,359.00,359.00,346.00,355.35,355.00,353.40,,354.92,,,72845,25740389.65,3142,F1,1,,,,,
2026-09-23,2026-09-23,CM,NSE,STK,21077,INE272L01022,SURANASOL,EQ,,,,,SURANA SOLAR LIMITED,25.74,25.90,25.11,25.86,25.88,25.53,,25.83,,,25081,639551.70,344,F1,1,,,,,
2026-09-23,2026-09-23,CM,NSE,STK,10700,INE130B01031,SURANAT&P,EQ,,,,,SURANA TELECOM AND POW LT,16.05,16.40,15.90,16.04,16.00,16.19,,16.05,,,67954,1088411.86,676,F1,1,,,,,
2026-09-23,2026-09-23,CM,NSE,STK,8513,INE01ZJ01015,SURANI,SM,,,,,SURANI STEEL TUBES LTD.,100.00,100.00,96.05,96.05,96.05,100.00,,96.05,,,5000,486920.00,15,F1,200,,,,,
2026-09-23,2026-09-23,CM,NSE,STK,14139,INE05ST01028,SBGLP,EQ,,,,,SURATWWALA BUS GROUP LTD,23.81,28.00,23.34,24.31,24.20,23.34,,24.30,,,1163972,30421935.14,8273,F1,1,,,,,
2026-09-23,2026-09-23,CM,NSE,STK,3375,INE335A01020,SURYAROSNI,EQ,,,,,SURYA ROSHNI LTD,212.70,215.50,212.05,214.64,214.80,212.05,,214.65,,,307551,65869431.56,7698,F1,1,,,,,
2026-09-23,2026-09-23,CM,NSE,STK,11852,INE713B01026,SURYALAXMI,EQ,,,,,SURYALAKSHMI COT MIL LTD,57.22,60.00,57.22,58.82,58.80,57.40,,58.72,,,5497,323629.75,113,F1,1,,,,,
2026-09-23,2026-09-23,CM,NSE,STK,762924,INE132C01027,SURYALA,EQ,,,,,SURYALATA SPINNING MILL L,394.75,409.90,382.15,400.05,400.00,390.80,,399.93,,,933,371542.75,34,F1,1,,,,,
2026-09-23,2026-09-23,CM,NSE,STK,2970,INE428Q01011,SURYODAY,EQ,,,,,SURYODAY SMALL FIN BK LTD,146.95,149.90,146.60,149.30,149.85,146.40,,149.30,,,157818,23448089.87,2629,F1,1,,,,,
2026-09-23,2026-09-23,CM,NSE,STK,13804,INE645H01027,SUTLEJTEX,BE,,,,,SUTLEJ TEXT & INDUS LTD,38.86,39.00,38.12,38.95,38.52,38.92,,38.95,,,9324,361003.78,46,F1,1,,,,,
2026-09-23,2026-09-23,CM,NSE,STK,11233,INE495B01038,SUVEN,EQ,,,,,SUVEN LIFE SCIENCES LTD,337.00,343.95,336.80,341.85,342.00,335.45,,341.87,,,276928,94654935.90,7196,F1,1,,,,,
2026-09-23,2026-09-23,CM,NSE,STK,2998,INE018401013,SUVIDHAA,EQ,,,,,SUVIDHAA INFOSERVE LTD,2.24,2.40,2.16,2.19,2.17,2.22,,2.19,,,155367,348962.21,233,F1,1,,,,,
2026-09-23,2026-09-23,CM,NSE,STK,24851,INE442P01014,SUYOG,EQ,,,,,SUYOG TELEMATICS LIMITED,650.60,676.00,649.05,671.55,670.05,644.65,,671.55,,,15611,10435940.75,1133,F1,1,,,,,
2026-09-23,2026-09-23,CM,NSE,STK,12018,INE040H01021,SUZLON,EQ,,,,,SUZLON ENERGY LIMITED,43.00,43.21,41.62,42.39,42.39,43.00,,42.39,,,99322778,4187685145.88,146954,F1,1,,,,,
2026-09-23,2026-09-23,CM,NSE,STK,5020,INE308E01029,SVPGLOB,EQ,,,,,SVP GLOBAL TEXTILES LTD,3.35,3.47,3.21,3.35,3.38,3.34,,3.35,,,40480,134058.89,69,F1,1,,,,,
2026-09-23,2026-09-23,CM,NSE,STK,27095,INE665A01038,SWANCORP,EQ,,,,,SWAN CORP LIMITED,302.15,304.95,299.10,300.05,300.50,302.75,,300.05,,,775263,233757008.60,14508,F1,1,,,,,
2026-09-23,2026-09-23,CM,NSE,STK,29164,INE542F01020,SWANDEF,BE,,,,,SWAN DEFENCE N HEVY IND L,2769.90,2804.90,2720.00,2776.20,2750.00,2722.00,,2775.40,,,36316,100815434.20,1170,F1,1,,,,,
2026-09-23,2026-09-23,CM,NSE,STK,3384,INE277A01016,SWARAJENG,EQ,,,,,SWARAJ ENGINES LTD,3557.00,3581.90,3550.00,3559.30,3558.00,3556.00,,3559.41,,,4678,16642769.80,864,F1,1,,,,,
2026-09-23,2026-09-23,CM,NSE,STK,764496,INE0GMR01016,SWARAJ,BE,,,,,SWARAJ SUITING LIMITED,290.05,307.15,290.05,307.15,307.15,292.55,,311.22,,,102638,31366289.75,549,F1,1,,,,,
2026-09-23,2026-09-23,CM,NSE,STK,765185,INE967A01012,SWARNSAR,EQ,,,,,SWARNSARITA JEWELS IND L,38.21,44.50,38.21,42.04,44.50,39.69,,41.81,,,36942,1536995.39,194,F1,1,,,,,
2026-09-23,2026-09-23,CM,NSE,STK,11909,INE409B01013,SWELECTES,EQ,,,,,SWELECT ENERGY SYS LTD,560.05,589.00,560.00,581.85,579.10,564.95,,581.66,,,10914,6316082.85,887,F1,1,,,,,
2026-09-23,2026-09-23,CM,NSE,STK,27066,INE00H001014,SWIGGY,EQ,,,,,SWIGGY LIMITED,284.30,289.65,276.65,278.50,278.50,284.05,,278.50,,,18748823,5264520235.15,152490,F1,1,,,,,
2026-09-23,2026-09-23,CM,NSE,STK,765193,INE010C01025,SWISSMLTRY,BE,,,,,SWISS MILITARY CON GOOD L,14.50,14.60,13.90,14.03,14.09,14.39,,14.02,,,120242,1696366.76,388,F1,1,,,,,
2026-09-23,2026-09-23,CM,NSE,STK,765485,INE899I01028,SYMBIOTEC,EQ,,,,,SYMBIOTEC PHARMALAB LTD,1127.00,1128.20,1051.65,1062.00,1062.00,1120.90,,1062.01,,,1444410,1557485743.00,72182,F1,1,,,,,
2026-09-23,2026-09-23,CM,NSE,STK,24190,INE225D01027,SYMPHONY,EQ,,,,,SYMPHONY LIMITED,594.00,596.00,586.00,592.60,591.00,590.55,,592.64,,,39027,23067401.75,2150,F1,1,,,,,
2026-09-23,2026-09-23,CM,NSE,STK,11992,INE312C01025,SYNCOMF,EQ,,,,,SYNCOM FORMU (I) LTD,20.57,20.67,19.80,20.01,20.00,20.40,,20.01,,,5293142,106669968.29,9863,F1,1,,,,,
2026-09-23,2026-09-23,CM,NSE,STK,5114,INE00QT01015,SGIL,EQ,,,,,SYNERGY GREEN IND. LTD,660.00,697.95,632.05,668.50,658.60,636.80,,668.53,,,84520,56468118.65,4128,F1,1,,,,,
2026-09-23,2026-09-23,CM,NSE,STK,10243,INE398R01022,SYNGENE,EQ,,,,,SYNGENE INTERNATIONAL LTD,379.40,386.85,375.15,381.85,382.35,377.50,,381.84,,,369046,141113494.35,12673,F1,1,,,,,
2026-09-23,2026-09-23,CM,NSE,STK,17206,INE0BTR01012,SYNOPTICS,ST,,,,,SYNOPTICS TECHNOLOGIES L,44.90,44.90,44.90,44.90,44.90,47.25,,44.90,,,600,26940.00,1,F1,600,,,,,
2026-09-23,2026-09-23,CM,NSE,STK,10793,INE0DYJ01015,SYRMA,EQ,,,,,SYRMA SGS TECHNOLOGY LTD,1750.30,1750.30,1702.10,1719.40,1719.00,1741.80,,1719.45,,,1400218,2416294215.80,88776,F1,1,,,,,
2026-09-23,2026-09-23,CM,NSE,STK,14506,INE0O7R01011,SYSTANGO,SM,,,,,SYSTANGO TECHNOLOGIES LTD,224.10,224.10,221.00,221.10,221.05,226.00,,221.10,,,15200,3373540.00,35,F1,400,,,,,
2026-09-23,2026-09-23,CM,NSE,STK,759358,INE356B01024,SYSTMTXC,BE,,,,,SYSTEMATIX CORP SERVICE L,77.00,77.79,77.00,77.50,77.50,76.30,,77.75,,,2857,221280.88,52,F1,1,,,,,
2026-09-23,2026-09-23,CM,NSE,STK,764955,INE284B01028,TGVSL,EQ,,,,,T G V SRAAC LTD.,106.92,109.35,106.10,108.55,109.35,107.45,,108.46,,,171548,18541624.26,2684,F1,1,,,,,
2026-09-23,2026-09-23,CM,NSE,STK,14314,INE592B01024,TTL,EQ,,,,,T T LIMITED,7.02,7.50,7.02,7.26,7.33,7.29,,7.26,,,413643,2995658.50,458,F1,1,,,,,
2026-09-23,2026-09-23,CM,NSE,STK,762929,INE524T01029,TAALTECH,EQ,,,,,TAAL TECH LTD.,1151.40,1174.70,1080.30,1094.80,1084.00,1185.40,,1094.53,,,101517,113905711.10,10298,F1,1,,,,,
2026-09-23,2026-09-23,CM,NSE,STK,23441,INE0SOY01013,TAC,ST,,,,,TAC INFOSEC LIMITED,513.00,513.00,491.05,494.20,492.20,500.25,,494.20,,,23800,11805140.00,83,F1,200,,,,,
2026-09-23,2026-09-23,CM,NSE,STK,3396,INE123C01018,TAINWALCHM,EQ,,,,,TAINWALA CHEMICAL AND PLA,218.02,222.00,212.29,214.31,214.55,219.29,,213.67,,,2583,561261.00,83,F1,1,,,,,
2026-09-23,2026-09-23,CM,NSE,STK,9354,INE586B01026,TAJGVK,EQ,,,,,TAJ GVK HOTELS & RESORTS,327.65,333.00,327.30,329.90,328.30,328.85,,329.92,,,47479,15680912.40,2051,F1,1,,,,,
2026-09-23,2026-09-23,CM,NSE,STK,14917,INE142I01023,TAKE,EQ,,,,,TAKE LIMITED,16.11,16.39,15.75,15.86,15.90,15.84,,15.86,,,271857,4341305.88,649,F1,1,,,,,
2026-09-23,2026-09-23,CM,NSE,STK,13648,INE187D01029,TALBROAUTO,EQ,,,,,TALBROS AUTO. COMP. LTD,474.70,482.60,465.15,466.90,468.50,475.30,,466.94,,,206297,97333394.20,8726,F1,1,,,,,
2026-09-23,2026-09-23,CM,NSE,STK,762937,INE864J01012,TAMBOLIIN,BE,,,,,TAMBOLI INDUSTRIES LTD.,284.20,304.40,284.20,296.60,295.00,289.95,,296.43,,,4428,1328998.60,35,F1,1,,,,,
2026-09-23,2026-09-23,CM,NSE,STK,10945,INE668A01016,TMB,EQ,,,,,TAMILNAD MERCA BANK LTD,893.00,931.10,886.00,921.40,922.00,883.75,,921.40,,,237718,216566836.05,15922,F1,1,,,,,
2026-09-23,2026-09-23,CM,NSE,STK,3980,INE107A01015,TNPL,EQ,,,,,TAMILNADU NEWSPRT & PAPER,142.05,147.70,142.05,144.37,144.00,142.56,,144.38,,,310131,44940627.12,3775,F1,1,,,,,
2026-09-23,2026-09-23,CM,NSE,STK,3509,INE148A01019,TNPETRO,EQ,,,,,TAMILNADU PETROPRODUCTS L,129.00,130.39,127.83,128.98,128.35,129.00,,128.98,,,486120,62822104.45,11139,F1,1,,,,,
2026-09-23,2026-09-23,CM,NSE,STK,3512,INE141D01018,TNTELE,EQ,,,,,TAMILNADU TELECOMMUNICATI,9.15,9.60,8.42,9.06,9.13,9.11,,9.06,,,44578,398510.27,259,F1,1,,,,,
2026-09-23,2026-09-23,CM,NSE,STK,764945,INE692C01020,TANAA,EQ,,,,,TANEJA AEROSPACE & AVIA L,366.70,375.00,347.10,352.45,349.60,367.05,,352.45,,,183283,66412481.20,8466,F1,1,,,,,
2026-09-23,2026-09-23,CM,NSE,STK,756338,INE0Z7N01017,TANKUP,ST,,,,,TANKUP ENGINEERS LIMITED,1629.00,1629.00,1614.00,1614.00,1614.00,1638.00,,1614.00,,,2500,4054250.00,9,F1,250,,,,,
2026-09-23,2026-09-23,CM,NSE,STK,13976,INE483C01032,TANLA,EQ,,,,,TANLA PLATFORMS LIMITED,489.45,502.70,487.30,500.40,500.00,485.35,,500.37,,,473046,235468720.05,16573,F1,1,,,,,
2026-09-23,2026-09-23,CM,NSE,STK,23512,INE555Z01020,TARACHAND,EQ,,,,,TARA CHAND INFRA SOLN LTD,47.90,47.90,45.16,45.97,46.25,47.08,,45.97,,,78744,3654829.95,731,F1,1,,,,,
2026-09-23,2026-09-23,CM,NSE,STK,18827,INE747K01017,TARAPUR,EQ,,,,,TARAPUR TRANSFORMERS LTD,12.08,12.22,11.88,12.16,12.22,12.08,,12.16,,,25949,315845.88,197,F1,1,,,,,
2026-09-23,2026-09-23,CM,NSE,STK,1581,INE0EK901012,TARC,EQ,,,,,TARC LIMITED,130.66,131.00,128.70,129.65,129.88,130.66,,129.65,,,322713,41847067.86,3024,F1,1,,,,,
2026-09-23,2026-09-23,CM,NSE,STK,14771,INE924H01018,TARMAT,EQ,,,,,TARMAT LIMITED,54.27,55.96,54.25,54.73,55.00,54.22,,54.78,,,5172,283909.50,180,F1,1,,,,,
2026-09-23,2026-09-23,CM,NSE,STK,6943,INE144Z01023,TARSONS,EQ,,,,,TARSONS PRODUCTS LIMITED,326.10,339.25,326.10,335.45,335.00,331.50,,335.49,,,123431,41346633.80,4243,F1,1,,,,,
2026-09-23,2026-09-23,CM,NSE,STK,20092,INE488B01017,TASTYBITE,EQ,,,,,TASTY BITE EATABLES LTD,9823.00,10229.00,9791.00,10180.00,10228.00,9829.00,,10179.17,,,3654,36860429.00,1233,F1,1,,,,,
2026-09-23,2026-09-23,CM,NSE,STK,759265,INE976I01016,TATACAP,EQ,,,,,TATA CAPITAL LIMITED,349.35,352.00,343.00,350.05,350.00,341.10,,350.05,,,3331010,1154488747.10,69021,F1,1,,,,,
2026-09-23,2026-09-23,CM,NSE,STK,3405,INE092A01019,TATACHEM,EQ,,,,,TATA CHEMICALS LTD,677.00,677.90,667.10,669.90,669.35,674.00,,669.96,,,1179765,791449308.55,22552,F1,1,,,,,
2026-09-23,2026-09-23,CM,NSE,STK,3721,INE151A01013,TATACOMM,EQ,,,,,TATA COMMUNICATIONS LTD,1692.90,1708.70,1681.20,1700.60,1699.00,1692.40,,1700.60,,,157911,267826094.30,19438,F1,1,,,,,
2026-09-23,2026-09-23,CM,NSE,STK,11536,INE467B01029,TCS,EQ,,,,,TATA CONSULTANCY SERV LT,2099.00,2104.20,2077.60,2089.60,2089.60,2105.00,,2089.50,,,2228402,4652482720.10,112320,F1,1,,,,,
2026-09-23,2026-09-23,CM,NSE,STK,3432,INE192A01025,TATACONSUM,EQ,,,,,TATA CONSUMER PRODUCT LTD,988.40,997.10,985.00,994.30,994.30,984.10,,994.31,,,850774,844932672.80,34856,F1,1,,,,,
2026-09-23,2026-09-23,CM,NSE,STK,3411,INE670A01012,TATAELXSI,EQ,,,,,TATA ELXSI LIMITED,3220.00,3253.00,3210.00,3212.00,3212.00,3220.00,,3211.98,,,159930,516263057.00,14498,F1,1,,,,,
2026-09-23,2026-09-23,CM,NSE,STK,1621,INE672A01026,TATAINVEST,EQ,,,,,TATA INVESTMENT CORP LTD,681.05,685.95,672.00,674.30,674.00,682.25,,674.31,,,375242,253990005.30,13432,F1,1,,,,,
2026-09-23,2026-09-23,CM,NSE,STK,759782,INE1TAE01010,TMCV,EQ,,,,,TATA MOTORS LIMITED,442.70,452.00,438.50,450.20,450.30,440.10,,450.19,,,11532732,5124844860.75,134651,F1,1,,,,,
2026-09-23,2026-09-23,CM,NSE,STK,3456,INE155A01022,TMPV,EQ,,,,,TATA MOTORS PASS VEH LTD,300.10,302.65,298.70,300.50,300.50,300.05,,300.51,,,4683895,1410775307.00,56675,F1,1,,,,,
2026-09-23,2026-09-23,CM,NSE,STK,3426,INE245A01021,TATAPOWER,EQ,,,,,TATA POWER CO LTD,367.00,369.90,367.00,369.00,369.00,367.00,,368.97,,,1418458,522925011.30,30207,F1,1,,,,,
2026-09-23,2026-09-23,CM,NSE,STK,3499,INE081A01020,TATASTEEL,EQ,,,,,TATA STEEL LIMITED,184.88,191.50,184.87,190.82,190.82,184.97,,190.82,,,39798327,7544119648.53,179963,F1,1,,,,,
2026-09-23,2026-09-23,CM,NSE,STK,20293,INE142M01025,TATATECH,EQ,,,,,TATA TECHNOLOGIES LIMITED,715.55,721.25,709.00,716.45,715.05,715.55,,716.40,,,625279,447817275.20,42263,F1,1,,,,,
2026-09-23,2026-09-23,CM,NSE,STK,8954,INE517B01013,TTML,EQ,,,,,TATA TELESERV(MAHARASTRA),35.64,36.09,35.50,35.63,35.70,35.62,,35.63,,,1081213,38635481.38,6041,F1,1,,,,,
2026-09-23,2026-09-23,CM,NSE,STK,7838,INF277K015R5,NETF,EQ,,,,,TATAAML - NETF,255.90,256.00,254.01,255.17,254.62,254.99,,254.61,,,1481,376912.74,98,F1,1,,,,,
2026-09-23,2026-09-23,CM,NSE,STK,12978,INF277K010X4,NPBET,EQ,,,,,TATAAML - NPBET,285.11,285.64,284.00,284.00,284.00,284.26,,284.00,,,14232,4041996.79,17,F1,1,,,,,
2026-09-23,2026-09-23,CM,NSE,STK,8882,INF277KA1364,TNIDETF,EQ,,,,,TATAAML - TNIDETF,88.58,88.98,88.00,88.80,88.00,88.60,,88.80,,,67844,6014675.77,317,F1,1,,,,,
2026-09-23,2026-09-23,CM,NSE,STK,21401,INF277KA1976,TATAGOLD,EQ,,,,,TATAAML-TATAGOLD,14.71,14.75,14.65,14.67,14.67,14.69,,14.67,,,35154842,516967554.31,50412,F1,1,,,,,
2026-09-23,2026-09-23,CM,NSE,STK,21428,INF277KA1984,TATSILV,EQ,,,,,TATAAML-TATSILV,22.60,22.70,22.32,22.37,22.36,22.36,,22.37,,,33492729,754425805.64,34703,F1,1,,,,,
2026-09-23,2026-09-23,CM,NSE,STK,5162,INE0GK401011,TATVA,EQ,,,,,TATVA CHIN PHARM CHEM LTD,1742.90,1822.00,1713.00,1778.10,1779.10,1744.20,,1778.10,,,100979,181431932.10,10583,F1,1,,,,,
2026-09-23,2026-09-23,CM,NSE,STK,759759,INE0XWS01018,TAURIAN,ST,,,,,TAURIAN MPS LIMITED,582.00,587.60,572.00,582.00,582.00,559.65,,582.00,,,40000,23418440.00,48,F1,800,,,,,
2026-09-23,2026-09-23,CM,NSE,STK,11754,INE053F07835,753IRFC30,NJ,,,,,TAX FREE  7.53% SR. 103 A,1140.00,1140.01,1140.00,1140.00,1140.00,1138.11,,1140.00,,,870,991805.00,11,F1,1,,,,,
2026-09-23,2026-09-23,CM,NSE,STK,15168,INE053F07900,764IRFC31,NO,,,,,TAX FREE  7.64% SR. 108A,1153.90,1154.00,1152.35,1152.50,1153.00,1152.00,,1152.50,,,115,132595.75,7,F1,1,,,,,
2026-09-23,2026-09-23,CM,NSE,STK,14529,INE906B07EP5,769NHAI31,NE,,,,,TAX FREE 7.69% SR. IIB,1083.00,1089.89,1080.50,1085.44,1086.00,1081.00,,1085.44,,,1344,1457967.12,15,F1,1,,,,,
2026-09-23,2026-09-23,CM,NSE,STK,11757,INE053F07843,750IRFC35,NK,,,,,TAX FREE7.50% SR.104 A,1234.00,1234.00,1220.00,1233.99,1233.99,1213.00,,1233.99,,,550,678349.75,4,F1,1,,,,,
2026-09-23,2026-09-23,CM,NSE,STK,12003,INE906B07EJ8,76NHAI31,NA,,,,,TAX FREE7.60% SR.IIB,1142.87,1142.87,1113.12,1119.73,1120.00,1115.00,,1119.73,,,2124,2371310.14,47,F1,1,,,,,
2026-09-23,2026-09-23,CM,NSE,STK,29111,INE020B07GX4,738REC27TF,N2,,,,,TAXFREE SEC NCD TR1 S2,1075.26,1075.26,1075.25,1075.25,1075.25,1079.99,,1075.25,,,1000,1075252.50,2,F1,1,,,,,
2026-09-23,2026-09-23,CM,NSE,STK,24019,INE0N2D01013,TBI,SM,,,,,TBI CORN LIMITED,77.00,77.00,74.00,74.00,74.00,77.05,,74.00,,,36000,2695440.00,50,F1,600,,,,,
2026-09-23,2026-09-23,CM,NSE,STK,23740,INE673O01025,TBOTEK,EQ,,,,,TBO TEK LIMITED,1700.00,1721.80,1700.00,1704.50,1700.50,1703.70,,1704.46,,,137694,235208566.70,10362,F1,1,,,,,
2026-09-23,2026-09-23,CM,NSE,STK,761814,INE887D01024,TCC,EQ,,,,,TCC CONCEPT LIMITED,53.55,55.00,52.50,53.89,53.90,52.62,,53.89,,,1667565,89941654.77,10420,F1,1,,,,,
2026-09-23,2026-09-23,CM,NSE,STK,19223,INE586V01016,TCIEXP,EQ,,,,,TCI EXPRESS LIMITED,488.55,512.45,488.55,505.60,507.00,486.15,,505.62,,,22609,11364264.75,1888,F1,1,,,,,
2026-09-23,2026-09-23,CM,NSE,STK,4771,INE911B01018,TCIFINANCE,EQ,,,,,TCI FINANCE LTD,15.60,15.60,14.85,15.19,15.20,15.26,,15.19,,,9089,138379.76,127,F1,1,,,,,
2026-09-23,2026-09-23,CM,NSE,STK,184,INE822C01015,TCPLPACK,EQ,,,,,TCPL PACKAGING LIMITED,3814.00,4079.10,3814.00,4003.00,3970.00,3833.80,,4002.89,,,13166,52563568.40,3732,F1,1,,,,,
2026-09-23,2026-09-23,CM,NSE,STK,25178,INE419M01035,TDPOWERSYS,EQ,,,,,TD POWER SYSTEMS LTD.,760.00,783.35,752.15,765.50,763.00,756.40,,765.48,,,1842284,1408665114.30,71833,F1,1,,,,,
2026-09-23,2026-09-23,CM,NSE,STK,10717,INE289C01025,TEAMGTY,EQ,,,,,TEAM INDIA GUARANTY LTD,240.99,241.00,235.00,239.95,241.00,240.77,,240.02,,,186,44429.57,67,F1,1,,,,,
2026-09-23,2026-09-23,CM,NSE,STK,12716,INE985S01024,TEAMLEASE,EQ,,,,,TEAMLEASE SERVICES LTD.,1210.50,1211.00,1186.60,1196.00,1198.90,1201.00,,1195.77,,,7971,9523082.30,2185,F1,1,,,,,
2026-09-23,2026-09-23,CM,NSE,STK,17000,INE065J01024,TPHQ,BE,,,,,TEAMO PRODUCTIONS HQ LTD,0.54,0.54,0.51,0.52,0.52,0.53,,0.52,,,1868199,966944.58,395,F1,1,,,,,
2026-09-23,2026-09-23,CM,NSE,STK,763571,INE2OL601013,TEAMTECH,ST,,,,,TEAMTECH FORMWORK SOL LTD,129.00,136.50,123.50,136.00,136.00,130.00,,136.00,,,94000,12341200.00,40,F1,2000,,,,,
2026-09-23,2026-09-23,CM,NSE,STK,13538,INE669C01036,TECHM,EQ,,,,,TECH MAHINDRA LIMITED,1540.00,1558.00,1539.30,1557.00,1557.00,1551.60,,1556.99,,,851068,1320342921.10,49591,F1,1,,,,,
2026-09-23,2026-09-23,CM,NSE,STK,759138,INE0Y5H01014,TECHD,SM,,,,,TECHD CYBERSECURITY LTD,570.00,574.90,561.00,565.00,565.00,556.80,,565.00,,,11700,6651360.00,38,F1,300,,,,,
2026-09-23,2026-09-23,CM,NSE,STK,25652,INE0JQS01019,TECHERA,SM,,,,,TECHERA ENGINEER (IND) L,153.00,158.70,153.00,158.70,158.70,151.15,,158.70,,,43200,6820480.00,48,F1,800,,,,,
2026-09-23,2026-09-23,CM,NSE,STK,6445,INE285K01026,TECHNOE,EQ,,,,,TECHNO ELEC & ENG CO. LTD,1005.65,1021.80,1005.65,1012.05,1011.00,1005.65,,1012.19,,,71021,72046356.60,7276,F1,1,,,,,
2026-09-23,2026-09-23,CM,NSE,STK,14223,INE545H01011,TIIL,EQ,,,,,TECHNOCRAFT IND LTD,3004.60,3155.30,3000.00,3019.90,3025.00,2983.00,,3019.94,,,47403,145283374.30,9122,F1,1,,,,,
2026-09-23,2026-09-23,CM,NSE,STK,764532,INE1D0W01018,TECHNOCRAF,EQ,,,,,TECHNOCRAFT VENTURES LTD,464.00,482.55,463.05,475.65,474.00,457.50,,475.65,,,2956605,1402920565.20,64973,F1,1,,,,,
2026-09-23,2026-09-23,CM,NSE,STK,762939,INE314H01012,TECHNVISN,EQ,,,,,TECHNVISION VENTURES LTD.,3982.50,4181.50,3982.50,4181.50,4181.50,3982.50,,4181.50,,,550,2275608.50,125,F1,1,,,,,
2026-09-23,2026-09-23,CM,NSE,STK,3453,INE014B01011,TECILCHEM,EQ,,,,,TECIL CHEMICALS,9.48,9.60,8.90,9.50,9.60,9.31,,9.50,,,11556,107694.91,100,F1,1,,,,,
2026-09-23,2026-09-23,CM,NSE,STK,23530,INE0K6601012,TGL,ST,,,,,TEERTH GOPICON LIMITED,14.70,14.80,14.45,14.70,14.70,14.70,,14.70,,,26200,379860.00,66,F1,200,,,,,
2026-09-23,2026-09-23,CM,NSE,STK,7105,INE011K01018,TEGA,EQ,,,,,TEGA INDUSTRIES LIMITED,2067.00,2125.00,2061.50,2078.80,2079.00,2069.00,,2078.76,,,671454,1406496644.90,38882,F1,1,,,,,
2026-09-23,2026-09-23,CM,NSE,STK,763825,INE0R1301019,TEJA,SM,,,,,TEJA ENGINEERING IND L,225.00,225.00,206.05,208.15,206.25,218.80,,208.15,,,22800,4845660.00,34,F1,600,,,,,
2026-09-23,2026-09-23,CM,NSE,STK,21131,INE010J01012,TEJASNET,EQ,,,,,TEJAS NETWORKS LIMITED,517.90,525.40,511.95,521.55,521.50,516.30,,521.57,,,890300,462925498.80,23141,F1,1,,,,,
2026-09-23,2026-09-23,CM,NSE,STK,3275,INE869Y01028,TEMBO,EQ,,,,,TEMBO GLOBAL IND LTD,57.63,61.48,57.30,59.31,59.70,57.36,,59.31,,,1389438,81210118.62,4377,F1,1,,,,,
2026-09-23,2026-09-23,CM,NSE,STK,765426,INE1KZI01025,TEMPSENS,EQ,,,,,TEMPSENS INST (INDIA) LTD,538.00,574.45,538.00,565.65,568.00,537.10,,565.69,,,3639393,2054492087.50,80978,F1,1,,,,,
2026-09-23,2026-09-23,CM,NSE,STK,759880,INE19RI01016,TENNIND,EQ,,,,,TENNECO CLEAN AIR INDIA L,531.00,541.70,516.30,518.60,519.70,532.75,,518.31,,,986500,519352309.35,39546,F1,1,,,,,
2026-09-23,2026-09-23,CM,NSE,STK,19292,INE482B01010,TERASOFT,EQ,,,,,TERA SOFTWARE LIMITED,240.30,246.95,228.60,230.80,231.80,240.80,,230.89,,,37055,8720528.25,1778,F1,1,,,,,
2026-09-23,2026-09-23,CM,NSE,STK,764950,INE390D01011,TERAI,EQ,,,,,TERAI TEA CO. LTD.,115.00,115.00,110.70,111.36,113.00,118.00,,114.41,,,10,1113.60,3,F1,1,,,,,
2026-09-23,2026-09-23,CM,NSE,STK,12827,INE435C01024,TEXINFRA,BL,,,,,TEXMACO INFRA & HOLDG LTD,115.02,115.02,115.02,115.02,115.02,71.00,,115.02,,,12810900,1473509718.00,1,F1,999999999,,,,,
2026-09-23,2026-09-23,CM,NSE,STK,11549,INE435C01024,TEXINFRA,EQ,,,,,TEXMACO INFRA & HOLDG LTD,118.05,126.59,117.69,123.47,123.32,115.02,,123.47,,,2791859,342216930.76,21573,F1,1,,,,,
2026-09-23,2026-09-23,CM,NSE,STK,21828,INE621L01012,TEXRAIL,EQ,,,,,TEXMACO RAIL & ENG. LTD.,119.75,126.70,118.00,124.75,124.80,119.20,,124.75,,,6899587,849451112.93,51627,F1,1,,,,,
2026-09-23,2026-09-23,CM,NSE,STK,18214,INE141K01013,TEXMOPIPES,EQ,,,,,TEXMO PIPE & PRODUCTS LTD,59.25,61.29,59.15,59.63,59.99,59.38,,59.62,,,126916,7586635.09,1390,F1,1,,,,,
2026-09-23,2026-09-23,CM,NSE,STK,10751,INE733E07JW2,762NTPC35F,ND,,,,,TFB 7.62% 2035 SR. 3B,1138.01,1138.01,1138.01,1138.01,1138.01,1169.99,,1138.01,,,156,177529.56,1,F1,1,,,,,
2026-09-23,2026-09-23,CM,NSE,STK,14607,INE797H01018,TGBHOTELS,EQ,,,,,TGB BANQUETS&HOTELS LTD,9.84,10.15,9.36,9.43,9.40,9.64,,9.43,,,72038,708707.15,183,F1,1,,,,,
2026-09-23,2026-09-23,CM,NSE,STK,22777,INE0QJL01014,TCL,SM,,,,,THAAI CASTING LIMITED,131.00,131.00,125.55,130.10,130.00,131.55,,130.10,,,28800,3702880.00,36,F1,800,,,,,
2026-09-23,2026-09-23,CM,NSE,STK,762944,INE077P01034,THACKER,EQ,,,,,THACKER & CO. LTD.,1000.00,1050.00,980.00,1008.00,1050.00,1008.75,,1019.00,,,18,18040.00,8,F1,1,,,,,
2026-09-23,2026-09-23,CM,NSE,STK,762949,INE403F01017,THAKDEV,EQ,,,,,THAKKERS DEVELOPERS LTD.,129.15,137.90,129.15,133.78,137.88,126.36,,133.78,,,1517,203538.67,63,F1,1,,,,,
2026-09-23,2026-09-23,CM,NSE,STK,18118,INE085J01014,THANGAMAYL,EQ,,,,,THANGAMAYIL JEWELLERY LTD,5174.00,5349.50,5173.50,5317.00,5310.00,5119.50,,5316.51,,,85826,454562127.50,17190,F1,1,,,,,
2026-09-23,2026-09-23,CM,NSE,STK,9014,INE294Z01018,ANUP,EQ,,,,,THE ANUP ENGINEERING LTD,1673.00,1728.00,1664.40,1698.40,1700.00,1663.00,,1698.40,,,56184,95405427.40,7109,F1,1,,,,,
2026-09-23,2026-09-23,CM,NSE,STK,7919,INE319B01014,BYKE,EQ,,,,,THE BYKE HOSPITALITY LTD,30.30,30.85,28.75,30.35,30.43,30.31,,30.34,,,75426,2251413.60,500,F1,1,,,,,
2026-09-23,2026-09-23,CM,NSE,STK,13776,INE017A01032,GESHIP,EQ,,,,,THE GE SHPG.LTD,1462.90,1489.10,1459.00,1483.80,1483.20,1462.00,,1483.85,,,411769,608627788.50,36278,F1,1,,,,,
2026-09-23,2026-09-23,CM,NSE,STK,17770,INE646C01018,GROBTEA,EQ,,,,,THE GROB TEA COMPANY LTD,920.00,920.00,900.00,919.35,920.00,904.20,,919.35,,,65,59037.85,12,F1,1,,,,,
2026-09-23,2026-09-23,CM,NSE,STK,8568,INE127B01011,HITECHGEAR,BE,,,,,THE HI-TECH GEARS LIMITED,540.00,560.95,540.00,560.95,560.95,534.25,,560.97,,,2423,1348129.00,43,F1,1,,,,,
2026-09-23,2026-09-23,CM,NSE,STK,1515,INE383A01012,INDIACEM,EQ,,,,,THE INDIA CEMENTS LIMITED,345.00,347.20,339.00,340.05,340.00,340.65,,340.07,,,112453,38438418.55,5574,F1,1,,,,,
2026-09-23,2026-09-23,CM,NSE,STK,1512,INE053A01029,INDHOTEL,EQ,,,,,THE INDIAN HOTELS CO. LTD,738.25,744.00,736.15,743.70,743.70,736.25,,743.69,,,1295095,959830635.95,35781,F1,1,,,,,
2026-09-23,2026-09-23,CM,NSE,STK,21427,INE924D01017,THEINVEST,EQ,,,,,THE INVEST TRUST OF IND L,95.00,95.04,93.00,94.06,94.00,95.25,,94.05,,,10403,976199.61,282,F1,1,,,,,
2026-09-23,2026-09-23,CM,NSE,STK,399,INE470Y01017,NIACL,EQ,,,,,THE NEW INDIA ASSU CO LTD,188.34,193.20,187.50,191.16,191.55,187.41,,191.16,,,2811596,536796505.36,27210,F1,1,,,,,
2026-09-23,2026-09-23,CM,NSE,STK,10318,INE431F01018,PKTEA,BE,,,,,THE P K TEA PROD CO LTD,1046.80,1046.80,956.00,988.15,999.00,997.90,,988.15,,,1354,1354806.30,130,F1,1,,,,,
2026-09-23,2026-09-23,CM,NSE,STK,14552,INE211B01039,PHOENIXLTD,EQ,,,,,THE PHOENIX MILLS LTD,1960.00,2015.30,1954.20,1993.20,1993.20,1953.40,,1993.20,,,639296,1274288056.30,36185,F1,1,,,,,
2026-09-23,2026-09-23,CM,NSE,STK,2043,INE331A01037,RAMCOCEM,EQ,,,,,THE RAMCO CEMENTS LIMITED,883.75,889.65,878.00,885.05,885.90,883.50,,885.07,,,237490,210101710.85,7545,F1,1,,,,,
2026-09-23,2026-09-23,CM,NSE,STK,2939,INE301D01026,RUBYMILLS,EQ,,,,,THE RUBY MILLS LTD,432.00,515.00,432.00,490.20,488.05,459.95,,489.90,,,111992,55539368.90,6017,F1,1,,,,,
2026-09-23,2026-09-23,CM,NSE,STK,5948,INE683A01023,SOUTHBANK,EQ,,,,,THE SOUTH INDIAN BANK LTD,45.26,47.20,45.26,47.08,47.14,45.23,,47.08,,,14551891,677523712.09,43144,F1,1,,,,,
2026-09-23,2026-09-23,CM,NSE,STK,10948,INE655A01013,STCINDIA,EQ,,,,,THE STATE TRADING CORPN,111.85,113.00,111.25,111.98,111.75,111.06,,111.98,,,15098,1692870.43,296,F1,1,,,,,
2026-09-23,2026-09-23,CM,NSE,STK,19578,INE071E01023,UGARSUGAR,EQ,,,,,THE UGAR SUGAR WORKS LTD,55.36,58.64,55.36,57.22,57.11,55.35,,57.22,,,915900,52608548.44,9712,F1,1,,,,,
2026-09-23,2026-09-23,CM,NSE,STK,20481,INE215F01023,WIPL,EQ,,,,,THE WESTERN INDIA PLY LTD,164.90,164.90,160.02,160.91,160.25,159.40,,160.91,,,1666,269521.08,37,F1,1,,,,,
2026-09-23,2026-09-23,CM,NSE,STK,19279,INE121N01019,THEJO,EQ,,,,,THEJO ENGINEERING LIMITED,2194.30,2194.30,2151.20,2173.50,2170.00,2167.90,,2173.50,,,3114,6768029.10,399,F1,1,,,,,
2026-09-23,2026-09-23,CM,NSE,STK,14485,INE083B01024,THEMISMED,EQ,,,,,THEMIS MEDICARE LTD.,125.85,125.85,121.50,121.97,122.10,122.60,,121.97,,,35037,4312531.03,1022,F1,1,,,,,
2026-09-23,2026-09-23,CM,NSE,STK,3475,INE152A01029,THERMAX,EQ,,,,,THERMAX LTD,3460.10,3507.90,3445.10,3464.90,3460.60,3472.20,,3464.86,,,153000,532319173.70,34598,F1,1,,,,,
2026-09-23,2026-09-23,CM,NSE,STK,25651,INE0SHE01019,THESL,ST,,,,,THINKING HATS ENTER SOL L,14.55,14.55,14.55,14.55,14.55,13.90,,14.55,,,6000,87300.00,2,F1,3000,,,,,
2026-09-23,2026-09-23,CM,NSE,STK,3496,INE338A01024,TIRUMALCHM,EQ,,,,,THIRUMALAI CHEMICALS LTD,159.20,171.43,157.37,165.22,165.20,157.32,,165.17,,,2671402,443945461.28,30145,F1,1,,,,,
2026-09-23,2026-09-23,CM,NSE,STK,3481,INE332A01027,THOMASCOOK,EQ,,,,,THOMAS COOK (INDIA) LTD,104.60,106.16,104.60,105.12,105.20,104.85,,105.12,,,237088,24963300.22,2985,F1,1,,,,,
2026-09-23,2026-09-23,CM,NSE,STK,31017,INE480M01011,THOMASCOTT,EQ,,,,,THOMAS SCOTT (INDIA) LTD,236.00,239.40,232.55,235.15,235.00,236.90,,235.13,,,38180,8997573.90,1010,F1,1,,,,,
2026-09-23,2026-09-23,CM,NSE,STK,17032,INE594H01019,THYROCARE,EQ,,,,,THYROCARE TECH LTD,580.00,584.75,572.35,573.75,572.95,577.50,,573.75,,,146553,84556741.10,9605,F1,1,,,,,
2026-09-23,2026-09-23,CM,NSE,STK,759176,INE906O01029,TIGERLOGS,EQ,,,,,TIGER LOGISTICS (INDIA) L,26.95,27.50,26.12,26.87,26.75,26.57,,26.87,,,123476,3292411.57,973,F1,1,,,,,
2026-09-23,2026-09-23,CM,NSE,STK,25486,INE440L01017,TIJARIA,BE,,,,,TIJARIA POLYPIPES LTD,7.15,7.15,6.53,6.53,6.53,6.87,,6.53,,,51070,335365.25,154,F1,1,,,,,
2026-09-23,2026-09-23,CM,NSE,STK,9802,INE806C01018,TIL,BE,,,,,TIL LTD,245.50,260.05,245.50,259.09,257.35,248.07,,259.09,,,96021,24737736.27,583,F1,1,,,,,
2026-09-23,2026-09-23,CM,NSE,STK,19196,INE133E01013,TI,EQ,,,,,TILAKNAGAR INDUSTRIES LTD,573.50,607.80,572.10,601.50,602.40,574.65,,601.50,,,1593921,947028075.05,41974,F1,1,,,,,
2026-09-23,2026-09-23,CM,NSE,STK,14707,INE508G01029,TIMETECHNO,EQ,,,,,TIME TECHNOPLAST LTD.,181.25,183.25,180.01,181.96,182.25,180.59,,181.96,,,3467558,631668893.71,21330,F1,1,,,,,
2026-09-23,2026-09-23,CM,NSE,STK,762954,INE064A01026,TIMEX,EQ,,,,,TIMEX GROUP INDIA LTD.,705.00,748.00,705.00,725.75,725.00,703.80,,725.99,,,1193305,872713812.90,61723,F1,1,,,,,
2026-09-23,2026-09-23,CM,NSE,STK,14198,INE325A01013,TIMKEN,EQ,,,,,TIMKEN INDIA LTD.,3152.00,3299.00,3133.60,3287.90,3295.00,3178.50,,3287.63,,,55180,178670862.90,10700,F1,1,,,,,
2026-09-23,2026-09-23,CM,NSE,STK,756020,INE015C01016,TINNARUBR,EQ,,,,,TINNA RUBBER AND INFR LTD,1016.50,1026.55,1000.00,1007.25,1010.00,1008.10,,1007.25,,,27984,28267071.95,2994,F1,1,,,,,
2026-09-23,2026-09-23,CM,NSE,STK,11374,INE0LQS01015,TIPSFILMS,EQ,,,,,TIPS FILMS LIMITED,327.00,327.00,313.00,314.75,314.95,316.35,,314.85,,,2164,683932.80,207,F1,1,,,,,
2026-09-23,2026-09-23,CM,NSE,STK,9117,INE716B01029,TIPSMUSIC,EQ,,,,,TIPS MUSIC LIMITED,665.00,682.50,660.00,670.50,669.00,661.80,,670.49,,,326612,219869792.65,14381,F1,1,,,,,
2026-09-23,2026-09-23,CM,NSE,STK,22284,INE319Y01024,TIRUPATIFL,BE,,,,,TIRUPATI FORGE LIMITED,78.34,78.34,76.00,78.34,78.34,74.61,,78.34,,,1107996,86664884.09,1217,F1,1,,,,,
2026-09-23,2026-09-23,CM,NSE,STK,15414,INE615H01020,TITAGARH,EQ,,,,,TITAGARH RAIL SYSTEMS LTD,834.95,845.70,827.10,842.05,842.50,834.85,,842.02,,,367272,307280238.00,15707,F1,1,,,,,
2026-09-23,2026-09-23,CM,NSE,STK,3506,INE280A01028,TITAN,EQ,,,,,TITAN COMPANY LIMITED,4928.50,4951.00,4852.50,4880.00,4880.00,4928.50,,4880.00,,,769737,3762125682.50,68371,F1,1,,,,,
2026-09-23,2026-09-23,CM,NSE,STK,3837,INE932C01012,TOKYOPLAST,EQ,,,,,TOKYO PLAST INTL LTD,79.00,79.50,78.00,79.40,79.48,78.40,,79.50,,,2420,189996.76,37,F1,1,,,,,
2026-09-23,2026-09-23,CM,NSE,STK,25262,INE0RWQ01014,TOLINS,EQ,,,,,TOLINS TYRES LIMITED,89.70,93.00,89.48,91.58,91.30,89.60,,91.58,,,34684,3167566.31,739,F1,1,,,,,
2026-09-23,2026-09-23,CM,NSE,STK,3518,INE685A01028,TORNTPHARM,EQ,,,,,TORRENT PHARMACEUTICALS L,4924.00,4992.00,4884.00,4985.00,4985.00,4935.00,,4984.98,,,309574,1533831017.00,23927,F1,1,,,,,
2026-09-23,2026-09-23,CM,NSE,STK,13786,INE813H01021,TORNTPOWER,EQ,,,,,TORRENT POWER LTD,1247.10,1268.00,1247.10,1259.40,1263.40,1246.30,,1259.37,,,156538,197342643.30,14623,F1,1,,,,,
2026-09-23,2026-09-23,CM,NSE,STK,22425,INE336X01012,TOTAL,BE,,,,,TOTAL TRANSPORT SYS LTD,71.99,72.00,69.01,71.50,71.50,72.19,,71.50,,,5650,398219.42,31,F1,1,,,,,
2026-09-23,2026-09-23,CM,NSE,STK,16908,INE486Y01013,TOUCHWOOD,EQ,,,,,TOUCHWOOD ENTERTAIN LTD.,61.97,61.97,61.07,61.85,61.85,61.67,,61.85,,,245,15121.69,9,F1,1,,,,,
2026-09-23,2026-09-23,CM,NSE,STK,3466,INE305A01023,TFCILTD,EQ,,,,,TOURISM FINANCE CORP. OF,141.80,142.99,140.86,141.55,141.00,140.80,,141.55,,,11104195,1571273009.92,32258,F1,1,,,,,
2026-09-23,2026-09-23,CM,NSE,STK,765195,INE457P01020,TOYAMSL,EQ,,,,,TOYAM SPORTS LTD.,0.88,0.88,0.86,0.88,0.88,0.84,,0.89,,,1227535,1080051.07,291,F1,1,,,,,
2026-09-23,2026-09-23,CM,NSE,STK,9219,INE413G01022,TPLPLASTEH,EQ,,,,,TPL PLASTECH LIMITED,65.48,67.38,65.42,67.15,67.17,65.09,,67.16,,,108318,7198628.42,1067,F1,1,,,,,
2026-09-23,2026-09-23,CM,NSE,STK,11582,INE0HMF01019,TRACXN,EQ,,,,,TRACXN TECHNOLOGIES LTD,32.80,33.32,32.69,32.95,32.99,32.69,,32.95,,,164668,5429911.36,3869,F1,1,,,,,
2026-09-23,2026-09-23,CM,NSE,STK,15174,INE763I01026,TARIL,EQ,,,,,TRANS & RECTI. LTD,280.95,289.95,280.95,289.00,289.85,280.75,,289.02,,,1257349,360700324.05,25962,F1,1,,,,,
2026-09-23,2026-09-23,CM,NSE,STK,765200,INE330E01023,TRANSCOR,EQ,,,,,TRANSCORP INTERNATIONAL L,25.00,25.70,24.20,24.28,24.25,24.92,,24.26,,,3261,80818.87,91,F1,1,,,,,
2026-09-23,2026-09-23,CM,NSE,STK,17795,INE0O3901029,TREL,EQ,,,,,TRANSINDIA REAL ESTATE L,27.31,28.39,27.11,27.78,28.19,27.31,,27.77,,,137169,3825202.94,3670,F1,1,,,,,
2026-09-23,2026-09-23,CM,NSE,STK,7669,INE687A01016,TRANSPEK,BE,,,,,TRANSPEK INDUSTRIES LTD,1315.00,1397.00,1301.00,1350.90,1333.00,1338.60,,1350.90,,,1174,1586013.40,108,F1,1,,,,,
2026-09-23,2026-09-23,CM,NSE,STK,10580,INE688A01022,TCI,EQ,,,,,TRANSPORT CORPN OF INDIA,813.45,834.95,813.45,829.75,827.00,813.45,,829.75,,,42256,35027654.90,6432,F1,1,,,,,
2026-09-23,2026-09-23,CM,NSE,STK,28714,INE454P01035,TRANSRAILL,EQ,,,,,TRANSRAIL LIGHTING LTD,478.00,496.00,468.65,488.90,491.50,477.15,,488.88,,,10396978,5035332361.15,171198,F1,1,,,,,
2026-09-23,2026-09-23,CM,NSE,STK,19801,INE0NVI01020,TRANSTEEL,SM,,,,,TRANSTEEL SEATING TECH L,87.95,89.00,85.15,86.65,87.00,86.30,,86.65,,,21000,1830550.00,21,F1,1000,,,,,
2026-09-23,2026-09-23,CM,NSE,STK,14319,INE804H01012,TFL,EQ,,,,,TRANSWARRANTY FIN. LTD.,11.75,12.19,11.65,11.77,11.80,11.75,,11.77,,,1112,13238.96,37,F1,1,,,,,
2026-09-23,2026-09-23,CM,NSE,STK,8619,INE757B01015,TRANSWORLD,BE,,,,,TRANSWORLD SHIP LINES LTD,166.51,166.70,166.51,166.70,166.70,166.51,,166.85,,,6992,1164570.28,22,F1,1,,,,,
2026-09-23,2026-09-23,CM,NSE,STK,757545,INE103V01028,TRAVELFOOD,EQ,,,,,TRAVEL FOOD SERVICES LTD,1230.00,1233.90,1204.60,1214.50,1213.50,1230.30,,1214.50,,,22319,27172493.20,4385,F1,1,,,,,
2026-09-23,2026-09-23,CM,NSE,STK,25082,INE040M01013,TREEHOUSE,EQ,,,,,TREE HOUSE EDU LTD,6.05,6.14,5.84,5.93,5.90,6.05,,5.93,,,10437,61878.64,72,F1,1,,,,,
2026-09-23,2026-09-23,CM,NSE,STK,7518,INE00CA01015,TREJHARA,EQ,,,,,TREJHARA SOLUTIONS LTD,136.97,138.97,132.10,135.22,135.00,136.21,,135.45,,,12151,1634629.06,484,F1,1,,,,,
2026-09-23,2026-09-23,CM,NSE,STK,1964,INE849A01020,TRENT,EQ,,,,,TRENT LTD,2782.90,2794.40,2764.50,2774.00,2774.00,2782.90,,2774.00,,,839769,2332333175.70,36016,F1,1,,,,,
2026-09-23,2026-09-23,CM,NSE,STK,17987,INE391D01019,TRF,EQ,,,,,TRF LIMITED,215.00,221.40,214.00,216.31,215.60,216.06,,216.31,,,9874,2148854.80,612,F1,1,,,,,
2026-09-23,2026-09-23,CM,NSE,STK,27041,INE760L01018,TBZ,BE,,,,,TRIB BHIMJI ZAVERI LTD,685.00,698.60,641.50,692.45,695.00,665.35,,692.47,,,835442,574648383.60,11006,F1,1,,,,,
2026-09-23,2026-09-23,CM,NSE,STK,9685,INE064C01022,TRIDENT,EQ,,,,,TRIDENT LIMITED,22.93,23.54,22.92,23.42,23.41,22.93,,23.42,,,5005602,116703386.91,14034,F1,1,,,,,
2026-09-23,2026-09-23,CM,NSE,STK,21078,INE0QD201012,TECHLABS,SM,,,,,TRIDENT TECHLABS LIMITED,117.95,121.00,115.00,115.95,117.00,120.50,,115.95,,,40125,4688787.50,179,F1,125,,,,,
2026-09-23,2026-09-23,CM,NSE,STK,17210,INE0LWY01029,TRIDHYA,SM,,,,,TRIDHYA TECH LIMITED,6.75,7.05,6.75,7.05,7.05,6.95,,7.05,,,6000,41400.00,2,F1,3000,,,,,
2026-09-23,2026-09-23,CM,NSE,STK,5428,INE948A01012,TRIGYN,EQ,,,,,TRIGYN TECHNOLOGIES LTD,55.98,58.10,55.51,56.14,56.04,55.76,,56.14,,,14943,843002.31,346,F1,1,,,,,
2026-09-23,2026-09-23,CM,NSE,STK,764960,INE440G01017,TRITONV,EQ,,,,,TRITON VALVES LTD.,1062.10,1160.00,1062.10,1133.80,1133.10,1080.10,,1132.86,,,4857,5485357.10,667,F1,1,,,,,
2026-09-23,2026-09-23,CM,NSE,STK,13081,INE256C01024,TRIVENI,EQ,,,,,TRIVENI ENGG. & INDS. LTD,239.50,246.90,238.80,242.35,242.30,239.55,,242.38,,,289387,70403024.10,6540,F1,1,,,,,
2026-09-23,2026-09-23,CM,NSE,STK,25584,INE152M01016,TRITURBINE,EQ,,,,,TRIVENI TURBINE LIMITED,553.90,563.85,552.85,562.10,561.50,550.30,,562.10,,,304911,170319663.95,41226,F1,1,,,,,
2026-09-23,2026-09-23,CM,NSE,STK,24642,INE0SYV01018,TROM,SM,,,,,TROM INDUSTRIES LIMITED,56.95,56.95,53.75,54.10,54.10,54.90,,54.10,,,4800,261120.00,8,F1,600,,,,,
2026-09-23,2026-09-23,CM,NSE,STK,759210,INE0MWH01014,TRUALT,EQ,,,,,TRUALT BIOENERGY LIMITED,418.70,445.00,415.20,438.90,436.05,414.45,,438.81,,,864019,367001713.15,11442,F1,1,,,,,
2026-09-23,2026-09-23,CM,NSE,STK,9378,INE615R01029,TRU,EQ,,,,,TRUCAP FINANCE LIMITED,4.17,4.26,4.15,4.23,4.24,4.17,,4.24,,,26307,110480.39,142,F1,1,,,,,
2026-09-23,2026-09-23,CM,NSE,STK,23417,INE0SWN01019,TRUST,SM,,,,,TRUST FINTECH LIMITED,27.00,27.30,26.20,26.50,26.50,26.20,,26.50,,,6600,176100.00,10,F1,600,,,,,
2026-09-23,2026-09-23,CM,NSE,STK,757861,INE16VK01010,TSC,ST,,,,,TSC INDIA LIMITED,51.30,52.05,51.30,52.05,52.05,54.00,,52.05,,,12000,617200.00,6,F1,2000,,,,,
2026-09-23,2026-09-23,CM,NSE,STK,2183,INE202Z01029,TSFINV,EQ,,,,,TSF INVESTMENTS LIMITED,465.00,465.70,458.00,462.05,462.70,461.35,,462.05,,,66149,30535772.25,6364,F1,1,,,,,
2026-09-23,2026-09-23,CM,NSE,STK,27408,INE1C3207073,935TSI29,N0,,,,,TSI 9.35% 29 SR I-C,101850.01,101850.01,101850.01,101850.01,101850.01,102750.00,,101850.01,,,1,101850.01,1,F1,1,,,,,
2026-09-23,2026-09-23,CM,NSE,STK,27448,INE1C3207065,935TSI30,N0,,,,,TSI 9.35% 30 SR I-D,104520.68,104526.30,104520.68,104526.30,104526.30,104520.68,,104526.30,,,19,1985988.46,7,F1,1,,,,,
2026-09-23,2026-09-23,CM,NSE,STK,27421,INE1C3207081,935TSIIC28,N0,,,,,TSIIC 9.35% 2028 SR I- B,102184.30,102184.30,100910.01,100910.01,100910.01,102000.00,,100910.01,,,6,610743.51,3,F1,1,,,,,
2026-09-23,2026-09-23,CM,NSE,STK,11369,INE910C01018,TTKHLTCARE,EQ,,,,,TTK HEALTHCARE LIMITED,1054.10,1070.30,1046.70,1051.20,1059.90,1050.20,,1051.22,,,24101,25473233.30,2397,F1,1,,,,,
2026-09-23,2026-09-23,CM,NSE,STK,3546,INE690A01028,TTKPRESTIG,EQ,,,,,TTK PRESTIGE LTD,519.15,528.00,517.15,525.80,525.45,517.15,,525.79,,,43374,22697231.35,4762,F1,1,,,,,
2026-09-23,2026-09-23,CM,NSE,STK,312,INE974X01010,TIINDIA,EQ,,,,,TUBE INVEST OF INDIA LTD,2574.00,2603.00,2565.00,2578.60,2578.60,2574.00,,2578.60,,,135053,349462958.40,10701,F1,1,,,,,
2026-09-23,2026-09-23,CM,NSE,STK,24520,INE0OXV01027,TUNWAL,SM,,,,,TUNWAL E-MOTORS LIMITED,25.35,25.90,25.35,25.65,25.70,25.20,,25.65,,,70000,1792900.00,27,F1,2000,,,,,
2026-09-23,2026-09-23,CM,NSE,STK,756090,INE0OC301013,TURTLEMINT,EQ,,,,,TURTLEMINT FINTECH SOLS L,141.36,143.37,135.00,136.30,135.99,140.23,,136.30,,,1014985,141489825.01,14169,F1,1,,,,,
2026-09-23,2026-09-23,CM,NSE,STK,765205,INE400A01014,TUTIALKA,EQ,,,,,TUTICORIN ALKAL CH & FE L,55.34,57.49,55.00,55.64,55.65,55.34,,55.57,,,5587,313696.39,106,F1,1,,,,,
2026-09-23,2026-09-23,CM,NSE,STK,11275,INE038F01029,TVTODAY,EQ,,,,,TV TODAY NETWORK LTD,109.85,110.70,107.15,107.70,107.15,107.67,,107.72,,,57092,6166916.10,584,F1,1,,,,,
2026-09-23,2026-09-23,CM,NSE,STK,18508,INE871L01013,TVVISION,BE,,,,,TV VISION LIMITED,2.91,2.91,2.84,2.91,2.91,2.78,,2.91,,,92299,268439.88,93,F1,1,,,,,
2026-09-23,2026-09-23,CM,NSE,STK,11265,INE236G01019,TVSELECT,EQ,,,,,TVS ELECTRONICS LTD,390.00,400.00,390.00,391.80,390.50,391.15,,391.82,,,46174,18266894.80,2239,F1,1,,,,,
2026-09-23,2026-09-23,CM,NSE,STK,29008,INE105A01035,TVSHLTD,EQ,,,,,TVS HOLDINGS LIMITED,12545.00,12668.00,12361.00,12591.00,12588.00,12543.00,,12590.19,,,4611,57795849.00,2066,F1,1,,,,,
2026-09-23,2026-09-23,CM,NSE,STK,8479,INE494B01023,TVSMOTOR,EQ,,,,,TVS MOTOR COMPANY  LTD,4130.20,4164.80,4100.40,4135.00,4135.00,4140.00,,4135.00,,,862827,3565242737.80,48904,F1,1,,,,,
2026-09-23,2026-09-23,CM,NSE,STK,14245,INE421C01016,TVSSRICHAK,EQ,,,,,TVS SRICHAKRA LIMITED,4651.50,4730.00,4620.50,4651.00,4625.00,4650.00,,4651.55,,,5138,24072666.00,1243,F1,1,,,,,
2026-09-23,2026-09-23,CM,NSE,STK,18151,INE395N01027,TVSSCS,EQ,,,,,TVS SUPPLY CHAIN SOL L,132.02,134.45,131.72,132.48,132.70,132.31,,132.48,,,614308,81580085.78,8695,F1,1,,,,,
2026-09-23,2026-09-23,CM,NSE,STK,19503,INE388G01026,TICL,BE,,,,,TWAMEV CONS AND INFRA LTD,5.56,5.83,5.33,5.83,5.83,5.56,,5.83,,,12226780,69179564.17,923,F1,1,,,,,
2026-09-23,2026-09-23,CM,NSE,STK,764970,INE726E01014,UPHOT,EQ,,,,,U P HOTELS LTD.,1475.00,1500.00,1475.00,1500.00,1500.00,1507.80,,1510.00,,,29,43400.00,4,F1,1,,,,,
2026-09-23,2026-09-23,CM,NSE,STK,25629,INE152C01025,UYFINCORP,BE,,,,,U. Y. FINCORP LIMITED,19.15,19.75,19.15,19.51,19.51,19.15,,19.46,,,74519,1449650.12,165,F1,1,,,,,
2026-09-23,2026-09-23,CM,NSE,STK,7739,INE139B01016,UCAL,BE,,,,,UCAL LIMITED,144.00,145.90,141.20,143.56,144.00,145.12,,143.58,,,9052,1289315.60,111,F1,1,,,,,
2026-09-23,2026-09-23,CM,NSE,STK,755996,INE583D07562,10UCL26,ND,,,,,UCL 10.00% SR I,1010.00,1010.00,1010.00,1010.00,1010.00,995.00,,1010.00,,,1,1010.00,1,F1,1,,,,,
2026-09-23,2026-09-23,CM,NSE,STK,756000,INE583D07604,1015UCL27,NF,,,,,UCL 10.15% SR III,994.01,994.01,994.01,994.01,994.01,999.00,,994.01,,,13,12922.13,1,F1,1,,,,,
2026-09-23,2026-09-23,CM,NSE,STK,755998,INE583D07570,1039UCL26,NE,,,,,UCL 10.39% SR II,1036.30,1036.30,1036.30,1036.30,1036.30,1047.80,,1036.30,,,20,20726.00,4,F1,1,,,,,
2026-09-23,2026-09-23,CM,NSE,STK,756004,INE583D07596,1050UCL28,NH,,,,,UCL 10.50% SR V,1009.01,1009.01,1009.00,1009.00,1009.00,1025.00,,1009.00,,,278,280502.80,7,F1,1,,,,,
2026-09-23,2026-09-23,CM,NSE,STK,11223,INE691A01018,UCOBANK,EQ,,,,,UCO BANK,23.70,24.12,23.70,24.04,24.08,23.72,,24.04,,,3219016,77125696.18,13572,F1,1,,,,,
2026-09-23,2026-09-23,CM,NSE,STK,764965,INE551B01012,UDAYJEW,EQ,,,,,UDAY JEWELLERY INDS. LTD.,148.87,156.50,148.87,153.87,156.00,148.87,,153.87,,,102864,15842937.11,886,F1,1,,,,,
2026-09-23,2026-09-23,CM,NSE,STK,14871,INE0N0Y01013,USK,EQ,,,,,UDAYSHIVAKUMAR INFRA LTD,19.97,20.50,19.70,19.85,19.80,19.97,,19.85,,,26310,525109.13,1857,F1,1,,,,,
2026-09-23,2026-09-23,CM,NSE,STK,1053,INE516A01017,UFLEX,EQ,,,,,UFLEX LIMITED,651.40,675.00,650.00,670.45,672.80,648.15,,670.46,,,150879,100762063.90,5920,F1,1,,,,,
2026-09-23,2026-09-23,CM,NSE,STK,9039,INE527H01019,UFO,EQ,,,,,UFO MOVIEZ INDIA LTD.,61.20,61.50,60.11,60.64,60.60,60.64,,60.64,,,36229,2207926.22,356,F1,1,,,,,
2026-09-23,2026-09-23,CM,NSE,STK,5313,INE583D01011,UGROCAP,EQ,,,,,UGRO CAPITAL LIMITED,82.64,85.70,82.64,84.29,83.60,82.74,,84.29,,,156479,13206538.45,2142,F1,1,,,,,
2026-09-23,2026-09-23,CM,NSE,STK,23507,INE899L01030,UEL,EQ,,,,,UJAAS ENERGY LIMITED,190.10,198.00,186.40,191.86,198.00,191.30,,191.80,,,24169,4638692.33,912,F1,1,,,,,
2026-09-23,2026-09-23,CM,NSE,STK,15228,INE551W01018,UJJIVANSFB,EQ,,,,,UJJIVAN SMALL FINANC BANK,64.50,66.34,64.50,66.01,66.00,64.74,,66.01,,,6091985,400291514.52,30239,F1,1,,,,,
2026-09-23,2026-09-23,CM,NSE,STK,762961,INE405A01021,ULTRAMAR,EQ,,,,,ULTRAMARINE & PIGMENTS L,427.40,441.30,422.60,439.15,436.75,423.90,,439.08,,,52370,22777411.50,2634,F1,1,,,,,
2026-09-23,2026-09-23,CM,NSE,STK,11532,INE481G01011,ULTRACEMCO,EQ,,,,,ULTRATECH CEMENT LIMITED,11050.00,11198.00,11044.00,11155.00,11155.00,11000.00,,11155.02,,,218031,2427923282.00,22558,F1,1,,,,,
2026-09-23,2026-09-23,CM,NSE,STK,8845,INE0GIU01018,UMAEXPORTS,BE,,,,,UMA EXPORTS LIMITED,20.41,20.41,20.41,20.41,20.41,20.01,,21.21,,,1774,36207.34,9,F1,1,,,,,
2026-09-23,2026-09-23,CM,NSE,STK,8998,INE398B01018,UMIYA-MRO,EQ,,,,,UMIYA BUILDCON LIMITED,97.50,97.50,94.50,95.10,94.50,97.29,,95.10,,,11302,1084230.59,386,F1,1,,,,,
2026-09-23,2026-09-23,CM,NSE,STK,3579,INE351A01035,UNICHEMLAB,EQ,,,,,UNICHEM LABORATORIES LTD,539.00,576.00,539.00,573.20,574.00,538.75,,573.19,,,294887,167157646.35,12643,F1,1,,,,,
2026-09-23,2026-09-23,CM,NSE,STK,24809,INE00U401027,UNIECOM,EQ,,,,,UNICOMMERCE ESOLUTIONS L,85.24,86.30,82.97,83.26,83.15,86.32,,83.27,,,516602,43433379.52,6381,F1,1,,,,,
2026-09-23,2026-09-23,CM,NSE,STK,18582,INE0PRF01011,UNIHEALTH,SM,,,,,UNIHEALTH HOSPITALS LTD,649.00,649.00,612.00,626.85,638.40,651.85,,626.85,,,30500,19182550.00,55,F1,500,,,,,
2026-09-23,2026-09-23,CM,NSE,STK,7791,INE481Z01011,UNIINFO,EQ,,,,,UNIINFO TELECOM SERVI LTD,11.40,11.40,11.40,11.40,11.40,11.45,,11.40,,,1,11.40,1,F1,1,,,,,
2026-09-23,2026-09-23,CM,NSE,STK,25633,INE0B2801011,UNILEX,SM,,,,,UNILEX COLOURS AND CHEM L,28.00,30.50,28.00,30.30,30.50,27.00,,30.30,,,22400,664320.00,14,F1,1600,,,,,
2026-09-23,2026-09-23,CM,NSE,STK,28960,INE0U3I01011,UNIMECH,EQ,,,,,UNIMECH AEROSPACE N MFG L,1765.40,1777.00,1710.20,1716.10,1721.00,1732.50,,1716.08,,,221674,385833532.20,23318,F1,1,,,,,
2026-09-23,2026-09-23,CM,NSE,STK,10753,INE692A01016,UNIONBANK,EQ,,,,,UNION BANK OF INDIA,178.00,180.55,178.00,180.00,180.00,178.00,,179.99,,,5681838,1019377216.02,37745,F1,1,,,,,
2026-09-23,2026-09-23,CM,NSE,STK,29687,INF582M01KS4,UNIONGOLD,EQ,,,,,UNIONAMC - UNIONGOLD,147.90,150.00,147.40,147.40,147.40,147.90,,147.40,,,1434,212450.80,46,F1,1,,,,,
2026-09-23,2026-09-23,CM,NSE,STK,13057,INE244O01017,UNIPARTS,EQ,,,,,UNIPARTS INDIA LIMITED,860.10,872.65,849.55,861.20,858.00,851.70,,861.24,,,120514,103760182.55,8708,F1,1,,,,,
2026-09-23,2026-09-23,CM,NSE,STK,11293,INE037A01022,UNIENTER,EQ,,,,,UNIPHOS ENTERPRISES LTD,91.10,91.15,89.50,91.09,91.09,91.15,,91.09,,,5224,473204.67,71,F1,1,,,,,
2026-09-23,2026-09-23,CM,NSE,STK,3594,INE694A01020,UNITECH,EQ,,,,,UNITECH LTD,4.10,4.23,4.09,4.17,4.14,4.09,,4.17,,,2708184,11293913.60,1636,F1,1,,,,,
2026-09-23,2026-09-23,CM,NSE,STK,16713,INE686F01025,UBL,EQ,,,,,UNITED BREWERIES LTD,1215.00,1248.10,1215.00,1242.30,1244.30,1215.20,,1242.14,,,61203,75646163.00,6502,F1,1,,,,,
2026-09-23,2026-09-23,CM,NSE,STK,201,INE961D01019,UNIDT,EQ,,,,,UNITED DRILLING TOOLS LTD,211.00,254.90,211.00,235.24,236.95,212.42,,235.31,,,330560,79064742.39,4432,F1,1,,,,,
2026-09-23,2026-09-23,CM,NSE,STK,3133,INE382M01027,UFBL,BE,,,,,UNITED FOODBRANDS LIMITED,711.00,730.00,711.00,722.10,721.00,720.30,,721.95,,,12015,8651945.00,874,F1,1,,,,,
2026-09-23,2026-09-23,CM,NSE,STK,25938,INE0SMR01011,UHTL,ST,,,,,UNITED HEAT TRANSFER LTD,199.70,199.70,199.70,199.70,199.70,195.80,,199.70,,,12000,2396400.00,6,F1,2000,,,,,
2026-09-23,2026-09-23,CM,NSE,STK,17999,INE458F01011,UNITEDTEA,EQ,,,,,UNITED NILGIRI TEA LTD,427.40,432.35,424.05,428.00,428.00,427.35,,428.00,,,840,359077.85,53,F1,1,,,,,
2026-09-23,2026-09-23,CM,NSE,STK,7560,INE368U01029,UNITEDPOLY,EQ,,,,,UNITED POLYFAB GUJ. LTD.,46.74,46.75,45.05,45.94,45.66,45.57,,45.96,,,112261,5165409.91,670,F1,1,,,,,
2026-09-23,2026-09-23,CM,NSE,STK,10447,INE854D01024,UNITDSPR,EQ,,,,,UNITED SPIRITS LIMITED,1398.00,1442.00,1397.10,1441.00,1441.00,1398.00,,1441.00,,,767514,1097199604.20,34554,F1,1,,,,,
2026-09-23,2026-09-23,CM,NSE,STK,18979,INE562X01013,UNIVASTU,BE,,,,,UNIVASTU INDIA LIMITED,148.17,152.00,145.00,145.71,147.01,148.17,,145.71,,,36599,5412996.23,311,F1,1,,,,,
2026-09-23,2026-09-23,CM,NSE,STK,3607,INE279A01012,UNIVCABLES,EQ,,,,,UNIVERSAL CABLES LTD,1482.00,1519.90,1470.40,1508.80,1513.00,1478.20,,1508.72,,,62316,93282636.30,5404,F1,1,,,,,
2026-09-23,2026-09-23,CM,NSE,STK,17661,INE03V001013,UNIVPHOTO,BE,,,,,UNIVERSUS IMAGINGS LTD,585.00,595.00,575.05,577.05,575.20,589.65,,577.06,,,1036,607160.50,60,F1,1,,,,,
2026-09-23,2026-09-23,CM,NSE,STK,14154,INE405E01023,UNOMINDA,EQ,,,,,UNO MINDA LIMITED,1235.00,1244.90,1220.30,1223.10,1223.10,1226.00,,1223.11,,,742953,918524683.90,28216,F1,1,,,,,
2026-09-23,2026-09-23,CM,NSE,STK,2883,INE530B08110,IIFLZC28,NG,,,,,UNSE RE NCD 0% SR.III,1665.90,1671.80,1665.90,1671.80,1671.80,1671.80,,1671.80,,,156,260470.40,2,F1,1,,,,,
2026-09-23,2026-09-23,CM,NSE,STK,2871,INE530B08094,10IIFL28A,NE,,,,,UNSE RE NCD 10% SR.I,1049.98,1049.98,1048.96,1048.96,1048.96,1042.00,,1049.95,,,25,26225.02,3,F1,1,,,,,
2026-09-23,2026-09-23,CM,NSE,STK,2877,INE530B08102,96IIFL28A,NF,,,,,UNSE RE NCD 9.6% SR.II,999.25,1000.00,999.14,999.95,1000.00,1001.00,,999.93,,,413,412888.34,11,F1,1,,,,,
2026-09-23,2026-09-23,CM,NSE,STK,5217,INE477L08162,IIFLZC28C,N6,,,,,UNSEC RE NCD 0% SR.III,1615.00,1615.00,1615.00,1615.00,1615.00,1621.00,,1615.00,,,7,11305.00,1,F1,1,,,,,
2026-09-23,2026-09-23,CM,NSE,STK,5212,INE477L08147,10IIFL28,N4,,,,,UNSEC RE NCD 10% SR.I,1007.50,1007.50,1000.00,1000.00,1000.00,1006.00,,1005.00,,,20,20075.00,2,F1,1,,,,,
2026-09-23,2026-09-23,CM,NSE,STK,5214,INE477L08154,96IIFL28,N5,,,,,UNSEC RE NCD 9.60% SR.II,1000.87,1000.87,1000.79,1000.79,1000.80,998.99,,1000.79,,,236,236188.60,5,F1,1,,,,,
2026-09-23,2026-09-23,CM,NSE,STK,21225,INE306N08292,910TCAP28,NA,,,,,UNSERENCD9.1%SRIIICIII&IV,1042.90,1043.00,1026.50,1042.00,1042.00,1039.80,,1031.00,,,217,223663.90,10,F1,1,,,,,
2026-09-23,2026-09-23,CM,NSE,STK,19113,INE851I01011,UDS,EQ,,,,,UPDATER SERVICES LIMITED,198.10,208.70,198.10,205.27,206.00,198.14,,205.16,,,135877,27855651.33,3161,F1,1,,,,,
2026-09-23,2026-09-23,CM,NSE,STK,11287,INE628A01036,UPL,EQ,,,,,UPL LIMITED,557.60,560.45,550.10,553.15,553.15,559.90,,553.15,,,3211815,1780111443.40,40208,F1,1,,,,,
2026-09-23,2026-09-23,CM,NSE,STK,17081,INE568Z01015,URAVIDEF,BE,,,,,URAVI DEFENCE &TECH LTD,104.90,104.90,104.15,104.15,104.15,104.90,,103.00,,,1912,199204.30,33,F1,1,,,,,
2026-09-23,2026-09-23,CM,NSE,STK,759084,INE0CAZ01013,URBANCO,EQ,,,,,URBAN COMPANY LIMITED,174.35,177.77,171.90,172.73,173.00,174.21,,172.72,,,5282197,919875838.28,42602,F1,1,,,,,
2026-09-23,2026-09-23,CM,NSE,STK,16888,INE0O0201019,URBAN,SM,,,,,URBAN ENVIRO WASTE MGMT L,117.20,119.00,117.05,117.05,117.05,116.60,,117.05,,,14400,1697000.00,18,F1,800,,,,,
2026-09-23,2026-09-23,CM,NSE,STK,20203,INE550C01020,URJA,EQ,,,,,URJA GLOBAL LIMITED,9.05,9.15,9.00,9.05,9.07,9.04,,9.05,,,485177,4394038.77,1892,F1,1,,,,,
2026-09-23,2026-09-23,CM,NSE,STK,25952,INE0LS001014,USHAFIN,SM,,,,,USHA FINANCIAL SERVICES L,51.00,54.50,51.00,54.15,54.15,51.00,,54.15,,,43200,2325280.00,21,F1,1600,,,,,
2026-09-23,2026-09-23,CM,NSE,STK,19142,INE240C01028,UMESLTD,EQ,,,,,USHA MARTIN EDU & SOL LTD,4.30,4.67,4.30,4.60,4.64,4.57,,4.60,,,40679,186265.16,129,F1,1,,,,,
2026-09-23,2026-09-23,CM,NSE,STK,8840,INE228A01035,USHAMART,EQ,,,,,USHA MARTIN LTD.,533.10,536.50,523.65,535.05,535.50,531.30,,535.04,,,1681147,893582230.15,28494,F1,1,,,,,
2026-09-23,2026-09-23,CM,NSE,STK,4214,INE00NI01015,UCL,ST,,,,,USHANTI COLOUR CHEM LTD,221.40,221.40,221.40,221.40,221.40,225.90,,221.40,,,44000,9741600.00,6,F1,2000,,,,,
2026-09-23,2026-09-23,CM,NSE,STK,527,INE094J01016,UTIAMC,EQ,,,,,UTI ASSET MNGMT CO LTD,921.55,926.35,907.50,909.95,909.00,919.95,,909.95,,,46356,42358757.25,5460,F1,1,,,,,
2026-09-23,2026-09-23,CM,NSE,STK,764180,INF789F1AG68,LIQUIDBETA,EQ,,,,,UTIAMC - LIQUIDBETA,1004.00,1009.10,1003.79,1009.10,1009.10,1008.83,,1009.10,,,61,61543.63,7,F1,1,,,,,
2026-09-23,2026-09-23,CM,NSE,STK,765431,INF789F1AG76,NIF500BETA,EQ,,,,,UTIAMC - NIF500BETA,37.63,37.67,36.78,36.78,36.78,36.72,,36.78,,,24328,896333.36,17,F1,1,,,,,
2026-09-23,2026-09-23,CM,NSE,STK,766104,INF789F1AH42,SECLEDBETA,EQ,,,,,UTIAMC - SECLEDBETA,14.92,14.92,14.30,14.36,14.36,14.31,,14.36,,,21005,301659.31,18,F1,1,,,,,
2026-09-23,2026-09-23,CM,NSE,STK,22440,INF789F1AUV1,BANKBETA,EQ,,,,,UTIAMC-BANKBETA,58.39,58.59,58.23,58.42,58.43,58.21,,58.42,,,197155,11526900.63,208,F1,1,,,,,
2026-09-23,2026-09-23,CM,NSE,STK,22524,INF789F1AZF3,GILT10BETA,EQ,,,,,UTIAMC-GILT10BETA,26.50,26.75,26.36,26.58,26.41,26.60,,26.58,,,183,4852.73,15,F1,1,,,,,
2026-09-23,2026-09-23,CM,NSE,STK,22521,INF789F1AZE6,GILT5BETA,EQ,,,,,UTIAMC-GILT5BETA,65.55,66.59,65.55,66.25,66.25,66.59,,66.25,,,603,39716.77,13,F1,1,,,,,
2026-09-23,2026-09-23,CM,NSE,STK,22488,INF789F1AZD8,ITBETA,EQ,,,,,UTIAMC-ITBETA,300.00,304.90,297.83,299.00,304.89,309.00,,298.95,,,2466,736651.18,107,F1,1,,,,,
2026-09-23,2026-09-23,CM,NSE,STK,18347,INF789F1AYX9,MIDCAPBETA,EQ,,,,,UTIAMC-MIDCAPBETA,232.00,232.00,230.67,230.80,230.80,232.00,,230.80,,,480,111250.02,19,F1,1,,,,,
2026-09-23,2026-09-23,CM,NSE,STK,21478,INF789F1AUW9,NEXT50BETA,EQ,,,,,UTIAMC-NEXT50BETA,77.65,78.41,77.30,78.10,77.91,77.27,,78.05,,,54728,4270729.42,399,F1,1,,,,,
2026-09-23,2026-09-23,CM,NSE,STK,10511,INF789F1AZC0,NIFTYBETA,EQ,,,,,UTIAMC-NIFTYBETA,260.23,260.80,259.21,259.97,260.60,259.33,,259.98,,,23982,6242325.12,299,F1,1,,,,,
2026-09-23,2026-09-23,CM,NSE,STK,10515,INF789FB1X58,SENSEXBETA,EQ,,,,,UTIAMC-SENSEXBETA,828.01,836.00,824.23,828.72,831.00,828.37,,828.72,,,1606,1329909.59,103,F1,1,,,,,
2026-09-23,2026-09-23,CM,NSE,STK,15085,INF789F1AYK6,SILVERBETA,EQ,,,,,UTIAMC-SILVERBETA,223.66,225.70,222.01,222.41,222.10,222.29,,222.41,,,522179,117003943.67,2667,F1,1,,,,,
2026-09-23,2026-09-23,CM,NSE,STK,9168,INF789F1AUU3,SNXT50BETA,EQ,,,,,UTIAMC-SNXT50BETA,92.66,94.35,92.52,93.45,93.01,92.66,,93.45,,,731,68534.20,80,F1,1,,,,,
2026-09-23,2026-09-23,CM,NSE,STK,14535,INF789F1AUX7,GOLDBETA,EQ,,,,,UTIAMC-UTIGOLDBETA,126.40,127.75,126.40,127.10,126.75,127.25,,127.10,,,606078,77106850.90,2193,F1,1,,,,,
2026-09-23,2026-09-23,CM,NSE,STK,751580,INE1V1R01014,UTKAL,SM,,,,,UTKAL SPEC INDUS INDIA L,50.00,50.50,50.00,50.25,50.25,49.95,,50.25,,,10000,502000.00,4,F1,2000,,,,,
2026-09-23,2026-09-23,CM,NSE,STK,17358,INE735W01017,UTKARSHBNK,EQ,,,,,UTKARSH SMALL FIN BANK L,13.81,14.17,13.81,14.07,14.15,13.88,,14.07,,,4419587,61826201.34,4439,F1,1,,,,,
2026-09-23,2026-09-23,CM,NSE,STK,24726,INE06IJ01010,UTSSAV,SM,,,,,UTSSAV CZ GOLD JEWELS LTD,650.50,659.50,640.00,653.25,649.00,652.35,,653.25,,,58200,37850130.00,71,F1,600,,,,,
2026-09-23,2026-09-23,CM,NSE,STK,13376,INE786F01031,UTTAMSUGAR,EQ,,,,,UTTAM SUGAR MILLS LTD.,260.00,272.35,256.35,266.35,265.30,258.25,,266.35,,,222196,59245965.50,5183,F1,1,,,,,
2026-09-23,2026-09-23,CM,NSE,STK,3188,INE0GXK01018,VMARCIND,SM,,,,,V MARC INDIA LIMITED,333.00,342.00,333.00,338.40,338.00,331.70,,338.40,,,100500,34057050.00,66,F1,1500,,,,,
2026-09-23,2026-09-23,CM,NSE,STK,23018,INE0QQM01017,VR,SM,,,,,V R INFRASPACE LIMITED,100.00,100.50,100.00,100.50,100.50,101.00,,100.50,,,800,80200.00,2,F1,400,,,,,
2026-09-23,2026-09-23,CM,NSE,STK,765220,INE222F01029,VTMLTD,EQ,,,,,V T M LTD.,45.89,46.75,41.35,44.50,45.35,45.40,,44.77,,,45862,2089973.40,1135,F1,1,,,,,
2026-09-23,2026-09-23,CM,NSE,STK,15362,INE951I01027,VGUARD,EQ,,,,,V-GUARD IND LTD.,320.50,320.50,314.30,316.40,317.00,320.50,,316.40,,,338894,107192837.50,14775,F1,1,,,,,
2026-09-23,2026-09-23,CM,NSE,STK,14766,INE945H01021,V2RETAIL,EQ,,,,,V2 RETAIL LIMITED,213.18,216.90,212.49,215.63,216.00,213.18,,215.63,,,622820,133798942.77,11931,F1,1,,,,,
2026-09-23,2026-09-23,CM,NSE,STK,20188,INE956G01038,WABAG,EQ,,,,,VA TECH WABAG LTD,2075.00,2075.30,2027.00,2048.70,2053.00,2072.10,,2048.70,,,380343,777147017.50,24327,F1,1,,,,,
2026-09-23,2026-09-23,CM,NSE,STK,764975,INE693D01018,VADILENT,EQ,,,,,VADILAL ENTERPRISES LTD.,10380.00,10380.00,10370.00,10370.00,10370.00,10350.00,,10370.00,,,76,788130.00,2,F1,1,,,,,
2026-09-23,2026-09-23,CM,NSE,STK,24196,INE694D01016,VADILALIND,EQ,,,,,VADILAL INDUSTRIES LTD,7680.00,7680.00,7452.50,7492.00,7490.00,7598.00,,7492.37,,,12252,92241128.50,4471,F1,1,,,,,
2026-09-23,2026-09-23,CM,NSE,STK,11364,INE884A01027,VAIBHAVGBL,EQ,,,,,VAIBHAV GLOBAL LIMITED,208.05,212.00,208.00,209.49,210.00,208.18,,209.50,,,196618,41281134.27,5476,F1,1,,,,,
2026-09-23,2026-09-23,CM,NSE,STK,8262,INE0JR301013,MADHAVBAUG,ST,,,,,VAIDYA SANE AYUR LAB LTD,173.20,176.25,170.00,171.50,171.50,167.90,,171.50,,,6800,1175880.00,14,F1,400,,,,,
2026-09-23,2026-09-23,CM,NSE,STK,16589,INE972X01022,VAISHALI,EQ,,,,,VAISHALI PHARMA LIMITED,8.41,8.97,8.35,8.45,8.40,8.58,,8.45,,,200416,1690724.87,415,F1,1,,,,,
2026-09-23,2026-09-23,CM,NSE,STK,13342,INE051B01021,VAKRANGEE,EQ,,,,,VAKRANGEE LIMITED,5.32,5.37,5.25,5.35,5.34,5.26,,5.35,,,809142,4310486.99,1425,F1,1,,,,,
2026-09-23,2026-09-23,CM,NSE,STK,19220,INE0JWS01017,VALIANTLAB,BE,,,,,VALIANT LABORATORIES LTD,128.65,129.00,120.24,121.24,122.99,126.56,,121.33,,,100822,12598660.56,603,F1,1,,,,,
2026-09-23,2026-09-23,CM,NSE,STK,330,INE565V01010,VALIANTORG,EQ,,,,,VALIANT ORGANICS LIMITED,410.10,428.00,410.10,420.80,421.45,418.35,,420.80,,,71996,30309332.55,2063,F1,1,,,,,
2026-09-23,2026-09-23,CM,NSE,STK,18124,INE879I01012,DBREALTY,EQ,,,,,VALOR ESTATE LIMITED,96.65,101.48,96.40,101.48,101.48,96.65,,101.48,,,1033102,103544099.29,7465,F1,1,,,,,
2026-09-23,2026-09-23,CM,NSE,STK,763304,INE1E7Y01018,VALUE360,SM,,,,,VALUE 360 COMMUNICATION L,62.00,62.10,61.95,62.05,62.10,61.25,,62.05,,,9600,595200.00,8,F1,1200,,,,,
2026-09-23,2026-09-23,CM,NSE,STK,13403,INE116G01013,VARDHACRLC,BE,,,,,VARDHAMAN ACRYLICS LTD,44.00,44.94,43.55,44.48,44.26,44.38,,44.48,,,13023,575550.06,104,F1,1,,,,,
2026-09-23,2026-09-23,CM,NSE,STK,11892,INE701A01023,VHL,EQ,,,,,VARDHMAN HOLDINGS LIMITED,3340.00,3438.00,3336.00,3383.80,3360.00,3342.80,,3383.80,,,409,1382821.10,99,F1,1,,,,,
2026-09-23,2026-09-23,CM,NSE,STK,3646,INE835A01029,VARDMNPOLY,EQ,,,,,VARDHMAN POLYTEX LTD.,5.93,5.95,5.77,5.91,5.95,5.80,,5.91,,,142333,834210.00,353,F1,1,,,,,
2026-09-23,2026-09-23,CM,NSE,STK,27067,INE050M01012,VSSL,EQ,,,,,VARDHMAN SPC STEEL LTD,413.75,416.65,406.85,413.60,413.90,407.80,,413.59,,,103560,42700886.80,4076,F1,1,,,,,
2026-09-23,2026-09-23,CM,NSE,STK,2073,INE825A01020,VTL,EQ,,,,,VARDHMAN TEXTILES LIMITED,554.90,565.00,554.90,561.45,562.40,551.20,,561.47,,,125583,70569402.55,7860,F1,1,,,,,
2026-09-23,2026-09-23,CM,NSE,STK,3857,INE665L01035,VARROC,EQ,,,,,VARROC ENGINEERING LTD.,866.55,877.85,832.25,836.50,836.60,864.50,,836.50,,,317228,269299490.10,21530,F1,1,,,,,
2026-09-23,2026-09-23,CM,NSE,STK,18921,INE200M01039,VBL,EQ,,,,,VARUN BEVERAGES LIMITED,430.10,438.60,429.75,436.15,436.15,430.00,,436.12,,,4205329,1832950310.85,44329,F1,1,,,,,
2026-09-23,2026-09-23,CM,NSE,STK,13771,INE273D01027,VGL,EQ,,,,,VARVEE GLOBAL LIMITED,69.60,72.50,69.17,70.63,70.20,68.34,,70.63,,,345260,24294068.35,1636,F1,1,,,,,
2026-09-23,2026-09-23,CM,NSE,STK,16454,INE0N5801013,DENTALKART,SM,,,,,VASA DENTICITY LIMITED,401.15,415.30,401.10,413.80,415.00,404.50,,413.80,,,79750,32633575.00,112,F1,250,,,,,
2026-09-23,2026-09-23,CM,NSE,STK,18110,INE893I01013,VASCONEQ,EQ,,,,,VASCON ENGINEERS LTD,31.44,33.46,31.40,32.99,32.92,31.44,,32.99,,,942948,30816617.78,3874,F1,1,,,,,
2026-09-23,2026-09-23,CM,NSE,STK,25340,INE590L01019,VASWANI,EQ,,,,,VASWANI IND LTD,46.39,49.50,44.60,45.68,44.65,45.61,,45.71,,,300339,14110141.78,3517,F1,1,,,,,
2026-09-23,2026-09-23,CM,NSE,STK,9027,INE098201036,VCL,BE,,,,,VAXTEX COTFAB LIMITED,1.60,1.64,1.52,1.52,1.52,1.60,,1.52,,,770755,1182344.89,362,F1,1,,,,,
2026-09-23,2026-09-23,CM,NSE,STK,757413,INE04HY07294,1025VCCL28,N0,,,,,VCCL 10.25% 2028,81090.00,84110.56,81090.00,84110.56,84110.56,96000.00,,84110.56,,,3,249311.12,3,F1,1,,,,,
2026-09-23,2026-09-23,CM,NSE,STK,757719,INE04HY07286,115VCCL27,N0,,,,,VCCL 11.5% 2027 SR II,99995.55,99995.55,99995.55,99995.55,99995.55,95110.55,,99995.55,,,1,99995.55,1,F1,1,,,,,
2026-09-23,2026-09-23,CM,NSE,STK,756916,INE04HY07229,12VCCL29B,N0,,,,,VCCL 12% 2029,99500.00,99500.00,99500.00,99500.00,99500.00,98600.00,,99500.00,,,2,199000.00,2,F1,1,,,,,
2026-09-23,2026-09-23,CM,NSE,STK,760558,INE04HY08011,125VCCL31,N0,,,,,VCCL 12.5% 2031,97000.00,97000.00,97000.00,97000.00,97000.00,97000.00,,97000.00,,,4,388000.00,3,F1,1,,,,,
2026-09-23,2026-09-23,CM,NSE,STK,763380,INE04HY07401,115VCCL31A,N0,,,,,VCCL31A 11.5% 2031,9999.00,9999.00,9999.00,9999.00,9999.00,9100.00,,9999.00,,,5,49995.00,3,F1,1,,,,,
2026-09-23,2026-09-23,CM,NSE,STK,25054,INE0U2M01015,VDEAL,SM,,,,,VDEAL SYSTEM LIMITED,122.60,125.00,118.70,121.60,121.60,122.60,,121.60,,,13800,1673430.00,23,F1,600,,,,,
2026-09-23,2026-09-23,CM,NSE,STK,8167,INE825V01034,MANYAVAR,EQ,,,,,VEDANT FASHIONS LIMITED,532.00,542.95,529.05,531.15,531.00,535.35,,531.19,,,87124,46701887.35,5653,F1,1,,,,,
2026-09-23,2026-09-23,CM,NSE,STK,750174,INE1CDF01017,VAML,EQ,,,,,VEDANTA ALUMINIUM METAL L,425.75,440.95,425.75,436.30,438.00,425.35,,436.28,,,11194115,4889622718.55,128985,F1,1,,,,,
2026-09-23,2026-09-23,CM,NSE,STK,750290,INE1CLE01013,VISL,EQ,,,,,VEDANTA IRON AND STEEL L,32.55,33.82,32.47,33.82,33.82,32.21,,33.82,,,10439050,348162135.60,15226,F1,1,,,,,
2026-09-23,2026-09-23,CM,NSE,STK,3063,INE205A01025,VEDL,EQ,,,,,VEDANTA LIMITED,262.80,271.35,262.20,271.00,271.00,263.00,,270.99,,,11735115,3154082776.75,79925,F1,1,,,,,
2026-09-23,2026-09-23,CM,NSE,STK,750368,INE704J01044,VOGL,EQ,,,,,VEDANTA OIL AND GAS LTD,35.29,36.39,34.92,35.86,35.88,35.01,,35.86,,,33407800,1199103022.31,60659,F1,1,,,,,
2026-09-23,2026-09-23,CM,NSE,STK,750518,INE694L01019,VEDPOWER,EQ,,,,,VEDANTA POWER LIMITED,31.29,33.44,31.28,32.98,33.30,31.07,,32.98,,,28255830,927133035.65,79057,F1,1,,,,,
2026-09-23,2026-09-23,CM,NSE,STK,764980,INE359B01010,VEDAVAAG,EQ,,,,,VEDAVAAG SYSTEMS LTD.,22.75,22.75,21.23,22.16,22.30,21.80,,22.26,,,14206,313000.20,123,F1,1,,,,,
2026-09-23,2026-09-23,CM,NSE,STK,14019,INE484C01030,VEEDOL,EQ,,,,,VEEDOL CORPORATION LTD,1376.40,1384.00,1360.00,1365.80,1362.00,1369.90,,1365.70,,,11106,15213825.30,1636,F1,1,,,,,
2026-09-23,2026-09-23,CM,NSE,STK,766098,INE1JTV01015,VEEGALAND,BE,,,,,VEEGALAND DEVELOPERS LTD,139.99,144.00,139.99,142.87,142.98,139.84,,142.86,,,939901,133852655.96,4641,F1,1,,,,,
2026-09-23,2026-09-23,CM,NSE,STK,10710,INE0KTW01013,VEEKAYEM,SM,,,,,VEEKAYEM FASH & APP LTD,102.50,102.55,102.00,102.25,102.55,100.85,,102.25,,,2500,256050.00,4,F1,500,,,,,
2026-09-23,2026-09-23,CM,NSE,STK,762969,INE232E01013,VELJAN,BE,,,,,VELJAN DENISON LTD.,2055.00,2065.30,2005.00,2051.20,2055.00,1996.70,,2066.42,,,608,1244403.80,83,F1,1,,,,,
2026-09-23,2026-09-23,CM,NSE,STK,3757,INE398A01010,VENKEYS,EQ,,,,,VENKY S (INDIA) LIMITED,1675.10,1741.90,1672.10,1692.20,1690.00,1675.90,,1692.26,,,64935,111143360.20,7419,F1,1,,,,,
2026-09-23,2026-09-23,CM,NSE,STK,28847,INE781S01027,VENTIVE,EQ,,,,,VENTIVE HOSPITALITY LTD,579.60,582.00,572.10,578.35,580.00,579.60,,578.35,,,11148,6423014.05,880,F1,1,,,,,
2026-09-23,2026-09-23,CM,NSE,STK,9592,INE0JA001018,VENUSPIPES,EQ,,,,,VENUS PIPES & TUBES LTD,2224.00,2297.80,2204.00,2235.50,2238.00,2223.30,,2235.65,,,156866,352287950.10,17260,F1,1,,,,,
2026-09-23,2026-09-23,CM,NSE,STK,13859,INE411B01019,VENUSREM,EQ,,,,,VENUS REMEDIES LIMITED,1603.40,1679.30,1603.40,1643.70,1644.00,1611.50,,1643.79,,,33367,54924524.70,2409,F1,1,,,,,
2026-09-23,2026-09-23,CM,NSE,STK,8890,INE0IQ001011,VERANDA,EQ,,,,,VERANDA LEARNING SOL LTD,230.00,237.00,227.04,231.50,230.50,230.13,,231.50,,,333658,77807066.09,6095,F1,1,,,,,
2026-09-23,2026-09-23,CM,NSE,STK,10757,INE0KXY23015,VERTIS,IV,,,,,VERTIS INFRASTRUCTURE TST,115.75,115.75,115.75,115.75,115.75,114.50,,115.75,,,375000,43406250.00,15,F1,25000,,,,,
2026-09-23,2026-09-23,CM,NSE,STK,18863,INE188Y01031,VERTOZ,EQ,,,,,VERTOZ LIMITED,36.50,37.95,36.50,36.84,37.00,36.89,,36.84,,,20416,755652.55,259,F1,1,,,,,
2026-09-23,2026-09-23,CM,NSE,STK,3676,INE386A01023,VESUVIUS,EQ,,,,,VESUVIUS INDIA LTD,391.00,399.45,391.00,396.10,396.00,392.75,,396.09,,,91924,36444714.75,7564,F1,1,,,,,
2026-09-23,2026-09-23,CM,NSE,STK,8652,INE918N01018,VETO,EQ,,,,,VETO SWITCHGEAR CABLE LTD,141.44,150.00,137.05,145.57,145.90,139.57,,145.58,,,239302,34575477.19,3428,F1,1,,,,,
2026-09-23,2026-09-23,CM,NSE,STK,14316,INE0MO401019,VIAZ,SM,,,,,VIAZ TYRES LIMITED,76.00,79.00,74.00,79.00,79.00,76.50,,79.00,,,30000,2310100.00,11,F1,2000,,,,,
2026-09-23,2026-09-23,CM,NSE,STK,22730,INE0QTF01015,VSTL,EQ,,,,,VIBHOR STEEL TUBES LTD,114.95,115.08,112.50,113.48,113.65,114.19,,113.47,,,4457,505490.82,320,F1,1,,,,,
2026-09-23,2026-09-23,CM,NSE,STK,765252,INE761Q01015,VGCL,EQ,,,,,VIBRANT GLOBAL CAPITAL L,47.00,48.99,46.25,47.18,47.49,46.90,,46.61,,,3369,159742.30,223,F1,1,,,,,
2026-09-23,2026-09-23,CM,NSE,STK,23386,INE048C01025,VHLTD,BE,,,,,VICEROY HOTELS LIMITED,127.94,127.94,125.00,126.49,126.00,126.18,,126.71,,,53448,6708766.10,145,F1,1,,,,,
2026-09-23,2026-09-23,CM,NSE,STK,760691,INE0F8901022,VICTORYEV,SM,,,,,VICTORY ELEC VEHICL INT L,13.75,13.80,13.75,13.75,13.75,14.15,,13.75,,,18000,247800.00,6,F1,3000,,,,,
2026-09-23,2026-09-23,CM,NSE,STK,13536,INE632C01026,VIDHIING,EQ,,,,,VIDHI SPCLTY F INGRDNTS L,362.95,364.00,354.85,359.85,360.00,359.95,,359.87,,,48059,17243846.80,2453,F1,1,,,,,
2026-09-23,2026-09-23,CM,NSE,STK,760224,INE14UN01029,VIDYAWIRES,EQ,,,,,VIDYA WIRES LIMITED,84.90,89.00,84.90,88.71,89.00,84.77,,88.71,,,1131104,98862710.53,8501,F1,1,,,,,
2026-09-23,2026-09-23,CM,NSE,STK,758898,INE1DM601016,VIGOR,SM,,,,,VIGOR PLAST INDIA LIMITED,101.40,103.70,100.00,102.85,103.70,101.20,,102.85,,,20800,2110800.00,13,F1,1600,,,,,
2026-09-23,2026-09-23,CM,NSE,STK,764985,INE362D01010,VIJSOLX,EQ,,,,,VIJAY SOLVEX LTD.,638.00,638.00,632.00,632.30,632.00,638.00,,632.30,,,52,33040.45,17,F1,1,,,,,
2026-09-23,2026-09-23,CM,NSE,STK,5585,INE043W01024,VIJAYA,EQ,,,,,VIJAYA DIAGNOSTIC CEN LTD,1510.00,1593.60,1505.70,1570.70,1580.00,1516.00,,1570.64,,,209302,327142395.50,24150,F1,1,,,,,
2026-09-23,2026-09-23,CM,NSE,STK,760121,INE0WL901019,VIJAYPD,SM,,,,,VIJAYPD CEUTICAL LIMITED,63.00,65.00,63.00,65.00,65.00,65.00,,65.00,,,16000,1025100.00,8,F1,2000,,,,,
2026-09-23,2026-09-23,CM,NSE,STK,17695,INE159N01027,VIJIFIN,BE,,,,,VIJI FINANCE LIMITED,15.91,15.91,15.91,15.91,15.91,15.60,,16.01,,,95183,1514361.53,64,F1,1,,,,,
2026-09-23,2026-09-23,CM,NSE,STK,25756,INE806A01020,VIKASECO,EQ,,,,,VIKAS ECOTECH LIMITED,1.04,1.06,1.04,1.04,1.04,1.04,,1.04,,,2459356,2577460.88,933,F1,1,,,,,
2026-09-23,2026-09-23,CM,NSE,STK,9931,INE161L01027,VIKASLIFE,EQ,,,,,VIKAS LIFECARE LIMITED,1.27,1.29,1.26,1.28,1.29,1.26,,1.28,,,1508572,1922082.66,7721,F1,1,,,,,
2026-09-23,2026-09-23,CM,NSE,STK,759453,INE078V01014,VIKRAMSOLR,EQ,,,,,VIKRAM SOLAR LIMITED,163.96,164.45,162.61,163.34,163.59,162.35,,163.34,,,1102920,180279655.38,11642,F1,1,,,,,
2026-09-23,2026-09-23,CM,NSE,STK,758973,INE01R501028,VIKRAN,EQ,,,,,VIKRAN ENGINEERING LTD,55.95,56.43,55.51,56.14,56.00,55.38,,56.13,,,1212167,67838246.66,4729,F1,1,,,,,
2026-09-23,2026-09-23,CM,NSE,STK,23909,INE0AZY01017,VILAS,SM,,,,,VILAS TRANSCORE LIMITED,419.95,422.05,401.50,403.85,405.00,419.95,,403.85,,,38750,15944350.00,132,F1,250,,,,,
2026-09-23,2026-09-23,CM,NSE,STK,16960,INE0L4V01013,VILINBIO,ST,,,,,VILIN BIO MED LIMITED,52.30,52.30,52.30,52.30,52.30,55.00,,52.30,,,12000,627600.00,3,F1,4000,,,,,
2026-09-23,2026-09-23,CM,NSE,STK,13101,INE579C01029,VIMTALABS,EQ,,,,,VIMTA LABS LIMITED,612.50,619.00,605.15,610.70,612.00,610.15,,610.66,,,134851,82489621.45,7129,F1,1,,,,,
2026-09-23,2026-09-23,CM,NSE,STK,17364,INE410B01037,VINATIORGA,EQ,,,,,VINATI ORGANICS LTD,1202.00,1241.30,1199.80,1222.80,1224.00,1202.70,,1222.83,,,111759,136472044.30,15566,F1,1,,,,,
2026-09-23,2026-09-23,CM,NSE,STK,3694,INE707A01012,VINDHYATEL,EQ,,,,,VINDHYA TELELINKS LTD,2865.00,2917.00,2850.00,2864.60,2861.40,2865.40,,2864.57,,,39450,113668450.00,5168,F1,1,,,,,
2026-09-23,2026-09-23,CM,NSE,STK,3807,INE505Y01010,VINEETLAB,EQ,,,,,VINEET LABORATORIES LTD,35.60,35.89,34.25,34.82,35.30,34.81,,34.82,,,48043,1681210.38,561,F1,1,,,,,
2026-09-23,2026-09-23,CM,NSE,STK,763821,INE27V201011,VMOBILE,SM,,,,,VINIT MOBILE LIMITED,57.00,59.10,56.60,56.60,56.60,57.20,,56.60,,,7200,421360.00,9,F1,800,,,,,
2026-09-23,2026-09-23,CM,NSE,STK,12490,INE01KI01027,VINNY,EQ,,,,,VINNY OVERSEAS LIMITED,0.93,0.93,0.91,0.92,0.93,0.92,,0.92,,,238328,219887.36,213,F1,1,,,,,
2026-09-23,2026-09-23,CM,NSE,STK,766064,INE1A5U01014,VINOD,ST,,,,,VINOD TEXWORLD LIMITED,72.85,72.85,72.85,72.85,72.85,76.65,,72.85,,,1200,87420.00,1,F1,1200,,,,,
2026-09-23,2026-09-23,CM,NSE,STK,17905,INE0OSJ01014,VINSYS,ST,,,,,VINSYS IT SERVICES IND LT,585.00,600.00,580.00,587.65,600.00,582.90,,587.65,,,7500,4384575.00,27,F1,250,,,,,
2026-09-23,2026-09-23,CM,NSE,STK,25835,INE498Q01014,VINCOFE,EQ,,,,,VINTAGE COFFEE N BVRGS L,174.20,185.00,171.70,183.79,184.70,174.20,,183.77,,,2596563,469399143.96,33539,F1,1,,,,,
2026-09-23,2026-09-23,CM,NSE,STK,19206,INE0OLS01010,VINYAS,SM,,,,,VINYAS INNOVATIVE TECH L,1605.00,1624.00,1588.00,1599.30,1605.00,1589.00,,1599.30,,,17400,27760220.00,53,F1,100,,,,,
2026-09-23,2026-09-23,CM,NSE,STK,16821,INE250B01029,VINYLINDIA,EQ,,,,,VINYL CHEMICALS (I) LTD.,221.88,223.00,219.00,221.54,221.25,220.20,,221.71,,,4415,975638.35,378,F1,1,,,,,
2026-09-23,2026-09-23,CM,NSE,STK,14843,INE450G01024,VIPCLOTHNG,EQ,,,,,VIP CLOTHING LIMITED,21.79,21.98,21.27,21.72,21.98,21.66,,21.72,,,52932,1148534.84,184,F1,1,,,,,
2026-09-23,2026-09-23,CM,NSE,STK,3703,INE054A01027,VIPIND,EQ,,,,,VIP INDUSTRIES LTD,297.30,300.00,296.85,298.90,298.00,297.20,,298.89,,,158141,47211880.25,6688,F1,1,,,,,
2026-09-23,2026-09-23,CM,NSE,STK,8437,INE946H01037,VIPULLTD,BE,,,,,VIPUL LIMITED,11.22,11.36,10.96,11.09,11.00,11.45,,11.10,,,177740,1968873.57,292,F1,1,,,,,
2026-09-23,2026-09-23,CM,NSE,STK,764990,INE467D01017,VIRAT,EQ,,,,,VIRAT INDUSTRIES LTD.,365.00,387.45,364.00,371.20,370.00,376.55,,371.20,,,4658,1744072.45,306,F1,1,,,,,
2026-09-23,2026-09-23,CM,NSE,STK,15295,INE539B01017,VIRINCHI,EQ,,,,,VIRINCHI LIMITED,14.00,14.19,13.81,14.03,14.01,14.00,,14.03,,,59083,825878.40,281,F1,1,,,,,
2026-09-23,2026-09-23,CM,NSE,STK,757060,INE0VRH01015,VGINFOTECH,SM,,,,,VIRTUAL GALAXY INFOTECH L,140.95,140.95,139.00,140.05,140.05,138.70,,140.05,,,17000,2383100.00,16,F1,1000,,,,,
2026-09-23,2026-09-23,CM,NSE,STK,765218,INE247C01023,VIRTUALG,BE,,,,,VIRTUAL GLOBAL EDU LTD,0.47,0.47,0.44,0.45,0.46,0.46,,0.46,,,359982,161670.13,155,F1,1,,,,,
2026-09-23,2026-09-23,CM,NSE,STK,761916,INE0I0T01010,VOEPL,EQ,,,,,VIRTUOSO OPTOELECTRONIC L,494.95,521.00,494.95,515.10,519.00,493.05,,514.65,,,79459,40686429.15,3146,F1,1,,,,,
2026-09-23,2026-09-23,CM,NSE,STK,13295,INE286H01012,VISACHROME,EQ,,,,,VISA CHROME LIMITED,34.81,34.81,34.81,34.81,34.81,33.16,,35.72,,,15590,542687.90,42,F1,1,,,,,
2026-09-23,2026-09-23,CM,NSE,STK,29877,INE370E01029,VIVIDHA,EQ,,,,,VISAGAR POLYTEX LTD,0.52,0.54,0.52,0.52,0.53,0.52,,0.52,,,139801,73964.35,149,F1,1,,,,,
2026-09-23,2026-09-23,CM,NSE,STK,4221,INE392A01021,VISAKAIND,EQ,,,,,VISAKA INDUSTRIES LIMITED,95.00,97.55,94.38,96.08,96.60,94.47,,96.08,,,149545,14347601.91,2129,F1,1,,,,,
2026-09-23,2026-09-23,CM,NSE,STK,24274,INE0BHK01012,VISAMAN,SM,,,,,VISAMAN GLOBAL SALES LTD,33.40,33.40,33.40,33.40,33.40,35.15,,33.40,,,4000,133600.00,4,F1,1000,,,,,
2026-09-23,2026-09-23,CM,NSE,STK,18708,INE0OWX01025,VISDEM,SM,,,,,VISDEM TECHNOSYS LIMITED,85.00,88.40,85.00,88.40,88.40,85.00,,88.40,,,2400,208080.00,2,F1,1200,,,,,
2026-09-23,2026-09-23,CM,NSE,STK,11773,INE755Q01025,VISHAL,EQ,,,,,VISHAL FABRICS LTD.,18.08,18.40,18.05,18.18,18.12,18.19,,18.19,,,175136,3185282.88,391,F1,1,,,,,
2026-09-23,2026-09-23,CM,NSE,STK,27969,INE01EA01019,VMM,EQ,,,,,VISHAL MEGA MART LIMITED,105.00,107.45,104.04,106.00,106.00,104.03,,106.00,,,19978362,2122224741.85,96170,F1,1,,,,,
2026-09-23,2026-09-23,CM,NSE,STK,6908,INE270I01022,VISHNU,EQ,,,,,VISHNU CHEMICALS LIMITED,721.90,730.00,716.15,723.95,725.00,720.90,,723.90,,,33418,24196499.35,2491,F1,1,,,,,
2026-09-23,2026-09-23,CM,NSE,STK,18341,INE0AE001013,VPRPL,EQ,,,,,VISHNU PRAKASH R PUNGLI L,33.90,33.93,32.20,32.83,32.70,33.56,,32.84,,,356561,11819663.54,1907,F1,1,,,,,
2026-09-23,2026-09-23,CM,NSE,STK,19300,INE0PQ001012,VISHNUINFR,SM,,,,,VISHNUSURYA PROJ N INFR L,150.50,150.50,150.50,150.50,150.50,150.50,,150.50,,,1000,150500.00,2,F1,500,,,,,
2026-09-23,2026-09-23,CM,NSE,STK,13702,INE430N01022,VISHWARAJ,EQ,,,,,VISHWARAJ SUGAR IND LTD,5.36,5.46,5.31,5.35,5.37,5.32,,5.35,,,244083,1316388.27,699,F1,1,,,,,
2026-09-23,2026-09-23,CM,NSE,STK,23373,INE0S2E01016,VISHWAS,ST,,,,,VISHWAS AGRI SEEDS LTD,37.05,38.50,36.55,38.50,38.50,38.45,,38.50,,,4800,179360.00,3,F1,1600,,,,,
2026-09-23,2026-09-23,CM,NSE,STK,25231,INE0TR001017,VIESL,SM,,,,,VISION INFRA EQUIP SOL L,375.80,378.70,368.05,370.40,372.95,374.80,,370.40,,,39200,14642240.00,38,F1,800,,,,,
2026-09-23,2026-09-23,CM,NSE,STK,761148,INE0L4K01016,VITAL,EQ,,,,,VITAL CHEMTECH LIMITED,55.49,55.67,53.09,55.66,55.67,53.02,,55.66,,,13392,732990.80,81,F1,1,,,,,
2026-09-23,2026-09-23,CM,NSE,STK,763636,INE0MEG01014,VIVIANA,EQ,,,,,VIVIANA POWER TECH LTD,747.00,747.00,720.00,724.55,724.50,734.00,,724.55,,,17172,12473695.45,1486,F1,1,,,,,
2026-09-23,2026-09-23,CM,NSE,STK,761768,INE24H301028,VIVIDEL,SM,,,,,VIVID ELECTROMECH LIMITED,1753.00,1825.00,1744.25,1763.00,1756.00,1763.50,,1763.00,,,13200,23447916.00,55,F1,240,,,,,
2026-09-23,2026-09-23,CM,NSE,STK,11968,INE526G01021,VIVIMEDLAB,BE,,,,,VIVIMED LABS LIMITED,5.48,5.48,5.28,5.36,5.28,5.38,,5.36,,,23979,127934.35,76,F1,1,,,,,
2026-09-23,2026-09-23,CM,NSE,STK,764995,INE380K01017,VIVOBIOT,EQ,,,,,VIVO BIO TECH LTD.,16.07,16.95,16.07,16.67,16.80,16.71,,16.67,,,8460,140372.17,77,F1,1,,,,,
2026-09-23,2026-09-23,CM,NSE,STK,14296,INE807F01027,VIYASH,EQ,,,,,VIYASH SCIENTIFIC LIMITED,252.90,257.45,251.50,253.75,254.20,251.50,,253.74,,,1936724,493063770.95,31967,F1,1,,,,,
2026-09-23,2026-09-23,CM,NSE,STK,18012,INE03HW01020,VLEGOV,EQ,,,,,VL E GOV AND IT SOL LTD,10.35,10.79,9.88,10.42,10.40,10.29,,10.47,,,137354,1432112.59,471,F1,1,,,,,
2026-09-23,2026-09-23,CM,NSE,STK,3715,INE709A01018,VLSFINANCE,EQ,,,,,VLS FINANCE LTD,240.75,242.40,235.35,241.15,241.00,236.46,,241.22,,,1965,471458.18,97,F1,1,,,,,
2026-09-23,2026-09-23,CM,NSE,STK,29284,INE665J01013,VMART,EQ,,,,,VMART RETAIL LTD,790.30,797.50,781.35,786.60,783.00,795.60,,786.64,,,56513,44668351.75,5159,F1,1,,,,,
2026-09-23,2026-09-23,CM,NSE,STK,759152,INE0SJA01013,VMSTMT,EQ,,,,,VMS TMT LIMITED,47.27,47.51,45.50,45.92,46.20,47.23,,45.97,,,67791,3153842.15,823,F1,1,,,,,
2026-09-23,2026-09-23,CM,NSE,STK,14366,INE669E01016,IDEA,EQ,,,,,VODAFONE IDEA LIMITED,14.26,14.55,14.17,14.52,14.52,14.27,,14.52,,,272140999,3916932401.25,463863,F1,1,,,,,
2026-09-23,2026-09-23,CM,NSE,STK,765000,INE285C01015,VOITHPAPR,EQ,,,,,VOITH PAPER FABRICS IND L,1458.90,1458.90,1430.40,1440.00,1440.00,1440.00,,1441.20,,,619,890905.10,57,F1,1,,,,,
2026-09-23,2026-09-23,CM,NSE,STK,29658,INE241X01014,VOLERCAR,SM,,,,,VOLER CAR LIMITED,222.10,235.00,216.00,226.90,235.00,220.05,,226.90,,,17600,3947560.00,17,F1,800,,,,,
2026-09-23,2026-09-23,CM,NSE,STK,13577,INE540H01012,VOLTAMP,EQ,,,,,VOLTAMP TRANSFORMERS LTD,10797.00,10860.00,10730.00,10799.00,10770.00,10747.00,,10799.03,,,8987,96970675.00,3988,F1,1,,,,,
2026-09-23,2026-09-23,CM,NSE,STK,3718,INE226A01021,VOLTAS,EQ,,,,,VOLTAS LTD,1092.90,1131.40,1090.80,1130.00,1130.00,1100.80,,1130.00,,,791314,881993224.30,27964,F1,1,,,,,
2026-09-23,2026-09-23,CM,NSE,STK,754402,INE0MEG07011,12VPT28A,N0,,,,,VPT 12% 2028,6501.00,6501.00,6501.00,6501.00,6501.00,8110.00,,6501.00,,,1,6501.00,1,F1,1,,,,,
2026-09-23,2026-09-23,CM,NSE,STK,24321,INE0S2V01010,VRAJ,EQ,,,,,VRAJ IRON AND STEEL LTD,126.70,128.99,125.10,127.90,128.97,125.88,,127.90,,,16413,2086161.78,529,F1,1,,,,,
2026-09-23,2026-09-23,CM,NSE,STK,8696,INE366I01010,VRLLOG,EQ,,,,,VRL LOGISTICS LIMITED,291.75,295.20,291.45,291.75,291.45,291.75,,291.75,,,69734,20411998.30,2423,F1,1,,,,,
2026-09-23,2026-09-23,CM,NSE,STK,3724,INE710A01016,VSTIND,EQ,,,,,VST INDUSTRIES LTD,205.69,210.44,205.00,208.80,209.40,205.69,,208.70,,,162276,33662510.37,3708,F1,1,,,,,
2026-09-23,2026-09-23,CM,NSE,STK,24292,INE764D01017,VSTTILLERS,EQ,,,,,VST TILLERS TRACTORS LTD,4326.90,4432.90,4320.00,4425.00,4417.00,4305.40,,4424.85,,,8792,38581061.30,1778,F1,1,,,,,
2026-09-23,2026-09-23,CM,NSE,STK,765005,INE855A01019,WHBRADY,EQ,,,,,W H BRADY & CO. LTD.,462.00,503.60,451.30,502.60,502.80,464.40,,499.72,,,232,113090.20,43,F1,1,,,,,
2026-09-23,2026-09-23,CM,NSE,STK,762978,INE765D01022,WPIL,EQ,,,,,W P I L LTD.,439.35,444.05,434.10,440.00,440.00,439.35,,439.93,,,23281,10199777.25,1370,F1,1,,,,,
2026-09-23,2026-09-23,CM,NSE,STK,14828,INE100D01014,WSI,EQ,,,,,W.S.INDUSTRIES (I) LTD.,58.00,59.75,57.45,58.13,57.62,58.32,,58.13,,,34947,2038604.01,400,F1,1,,,,,
2026-09-23,2026-09-23,CM,NSE,STK,25907,INE377N01017,WAAREEENER,EQ,,,,,WAAREE ENERGIES LIMITED,2505.10,2534.40,2500.00,2512.00,2512.00,2494.80,,2511.80,,,364884,916998391.60,23367,F1,1,,,,,
2026-09-23,2026-09-23,CM,NSE,STK,756038,INE299N01021,WAAREERTL,EQ,,,,,WAAREE RENEWABLE TECH LTD,815.00,860.15,810.00,848.00,853.90,816.95,,848.03,,,453569,383603307.55,24262,F1,1,,,,,
2026-09-23,2026-09-23,CM,NSE,STK,760259,INE0E7301029,WAKEFIT,EQ,,,,,WAKEFIT INNOVATIONS LTD,148.00,150.80,146.00,146.78,147.00,146.86,,146.81,,,148579,21988144.49,2715,F1,1,,,,,
2026-09-23,2026-09-23,CM,NSE,STK,3736,INE711A01022,WALCHANNAG,EQ,,,,,WALCHANDNAGAR INDUSTRIES,199.95,216.00,199.95,212.63,213.38,199.05,,212.63,,,1487437,315065822.26,21672,F1,1,,,,,
2026-09-23,2026-09-23,CM,NSE,STK,5013,INE0G2G01015,WALPAR,SM,,,,,WALPAR NUTRITIONS LIMITED,25.40,25.40,25.40,25.40,25.40,24.20,,25.40,,,2000,50800.00,1,F1,2000,,,,,
2026-09-23,2026-09-23,CM,NSE,STK,14063,INE107F01022,WANBURY,EQ,,,,,WANBURY LIMITED,222.70,241.75,222.65,233.10,233.40,222.70,,233.10,,,256087,59689057.50,5920,F1,1,,,,,
2026-09-23,2026-09-23,CM,NSE,STK,765225,INE945P01024,WARDINMOBI,EQ,,,,,WARDWIZARD INNO & MOB L,5.73,5.73,5.60,5.66,5.69,5.63,,5.66,,,311648,1760939.72,806,F1,1,,,,,
2026-09-23,2026-09-23,CM,NSE,STK,3745,INE054C01015,WATERBASE,EQ,,,,,WATERBASE LTD.,45.06,47.50,45.06,46.66,46.00,45.52,,46.81,,,21745,1004625.75,276,F1,1,,,,,
2026-09-23,2026-09-23,CM,NSE,STK,762163,INE0LZF01039,CORDELIA,EQ,,,,,WATERWAYS LEISURE TOUR L,112.50,115.08,110.26,112.97,112.69,112.18,,112.91,,,1248838,140950495.96,11639,F1,1,,,,,
2026-09-23,2026-09-23,CM,NSE,STK,9862,INE082W01014,WEWIN,EQ,,,,,WE WIN LIMITED,43.99,47.30,43.05,46.76,47.30,43.00,,46.76,,,8968,409971.22,154,F1,1,,,,,
2026-09-23,2026-09-23,CM,NSE,STK,760482,INF2F0001370,TWCGOLDETF,EQ,,,,,WEALTH - TWCGOLDETF,151.00,151.68,149.82,150.51,150.53,150.57,,150.51,,,32309,4862841.48,312,F1,1,,,,,
2026-09-23,2026-09-23,CM,NSE,STK,1923,INE658T01017,WEALTH,EQ,,,,,WEALTH FRST PORT. MG. LTD,826.45,844.95,826.45,840.45,840.65,836.40,,840.45,,,582,488523.20,117,F1,1,,,,,
2026-09-23,2026-09-23,CM,NSE,STK,14602,INE855C01023,WEBELSOLAR,EQ,,,,,WEBSOL ENERGY SYSTEM LTD,72.50,74.32,72.20,73.93,74.01,71.80,,73.93,,,1555207,114320754.44,9962,F1,1,,,,,
2026-09-23,2026-09-23,CM,NSE,STK,3748,INE080A01014,WEIZMANIND,EQ,,,,,WEIZMANN LTD,72.85,73.00,71.10,71.57,71.57,72.80,,71.57,,,171,12322.38,22,F1,1,,,,,
2026-09-23,2026-09-23,CM,NSE,STK,11821,INE191B01025,WELCORP,EQ,,,,,WELSPUN CORP LIMITED,2740.50,2836.00,2736.00,2796.80,2796.50,2731.50,,2796.77,,,1740034,4892677350.00,93912,F1,1,,,,,
2026-09-23,2026-09-23,CM,NSE,STK,11626,INE625G01013,WELENT,EQ,,,,,WELSPUN ENTERPRISES LTD.,783.40,789.85,770.40,774.00,773.35,783.75,,774.01,,,310123,241650381.20,8495,F1,1,,,,,
2026-09-23,2026-09-23,CM,NSE,STK,19804,INE389K01018,WELINV,BE,,,,,WELSPUN INV & COMM LTD,2454.80,2457.00,2408.70,2457.00,2457.00,2408.90,,2363.50,,,128,313345.20,22,F1,1,,,,,
2026-09-23,2026-09-23,CM,NSE,STK,12891,INE192B01031,WELSPUNLIV,BL,,,,,WELSPUN LIVING LIMITED,214.90,214.90,214.90,214.90,214.90,205.21,,214.90,,,24471102,5258839819.80,2,F1,999999999,,,,,
2026-09-23,2026-09-23,CM,NSE,STK,11253,INE192B01031,WELSPUNLIV,EQ,,,,,WELSPUN LIVING LIMITED,229.20,233.00,221.01,223.77,223.50,221.51,,223.77,,,12078998,2735956409.94,95811,F1,1,,,,,
2026-09-23,2026-09-23,CM,NSE,STK,762971,INE731F01037,WELSPLSOL,EQ,,,,,WELSPUN SPECIALTY SOL L,53.18,54.28,53.00,53.59,53.60,53.06,,53.55,,,468338,25125367.51,3903,F1,1,,,,,
2026-09-23,2026-09-23,CM,NSE,STK,4235,INE274C01019,WENDT,EQ,,,,,WENDT (INDIA) LIMITED,8680.00,8815.00,8588.00,8678.50,8689.50,8627.00,,8678.38,,,8377,72780531.00,2450,F1,1,,,,,
2026-09-23,2026-09-23,CM,NSE,STK,3799,INE976A01021,WSTCSTPAPR,EQ,,,,,WEST COAST PAPER MILLS LT,751.00,757.75,742.00,747.25,748.00,749.75,,747.22,,,83716,62654681.75,6437,F1,1,,,,,
2026-09-23,2026-09-23,CM,NSE,STK,25403,INE0CJF01024,WCIL,EQ,,,,,WESTERN CARRIERS (IND) L,95.98,98.18,94.54,97.33,97.77,95.14,,97.33,,,183868,17879797.63,2372,F1,1,,,,,
2026-09-23,2026-09-23,CM,NSE,STK,11580,INE274F01020,WESTLIFE,EQ,,,,,WESTLIFE FOODWORLD LTD,572.05,612.00,559.00,598.70,602.05,574.00,,599.17,,,991841,592332723.60,6811,F1,1,,,,,
2026-09-23,2026-09-23,CM,NSE,STK,759434,INE085001019,WEWORK,EQ,,,,,WEWORK INDIA MANAGEMENT L,671.15,679.90,664.85,668.50,670.00,671.15,,668.50,,,104857,70209254.40,5063,F1,1,,,,,
2026-09-23,2026-09-23,CM,NSE,STK,3766,INE715A01015,WHEELS,EQ,,,,,WHEELS INDIA LTD,2185.30,2320.50,2185.30,2240.30,2243.00,2174.00,,2240.31,,,510095,1150811068.80,27725,F1,1,,,,,
2026-09-23,2026-09-23,CM,NSE,STK,18011,INE716A01013,WHIRLPOOL,EQ,,,,,WHIRLPOOL OF INDIA LTD,723.45,865.25,722.20,865.25,865.25,721.05,,865.27,,,10753329,8795184012.95,216194,F1,1,,,,,
2026-09-23,2026-09-23,CM,NSE,STK,3772,INE210A01017,WILLAMAGOR,EQ,,,,,WILLIAMSON MAGOR,24.00,24.00,22.50,22.78,23.39,23.60,,22.84,,,10733,247150.92,143,F1,1,,,,,
2026-09-23,2026-09-23,CM,NSE,STK,5366,INE0H5O01029,WINDLAS,EQ,,,,,WINDLAS BIOTECH LIMITED,1105.00,1107.65,1070.00,1077.45,1074.05,1102.30,,1077.45,,,95358,103083742.65,9256,F1,1,,,,,
2026-09-23,2026-09-23,CM,NSE,STK,24969,INE052A01021,WINDMACHIN,EQ,,,,,WINDSOR MACHINES LIMITED,300.00,300.50,293.60,295.40,293.60,300.00,,295.75,,,27943,8285037.05,880,F1,1,,,,,
2026-09-23,2026-09-23,CM,NSE,STK,23714,INE0S3D01016,WINSOL,SM,,,,,WINSOL ENGINEERS LIMITED,107.55,111.80,105.20,111.70,111.70,110.90,,111.70,,,5600,605860.00,13,F1,400,,,,,
2026-09-23,2026-09-23,CM,NSE,STK,3787,INE075A01022,WIPRO,EQ,,,,,WIPRO LTD,164.70,165.70,164.10,164.90,164.90,166.00,,164.90,,,10856986,1789715037.09,75493,F1,1,,,,,
2026-09-23,2026-09-23,CM,NSE,STK,22725,INE623Y01011,WTICAB,SM,,,,,WISE TRAVEL INDIA LIMITED,99.70,102.15,98.00,98.00,98.00,99.70,,98.00,,,7500,749050.00,15,F1,500,,,,,
2026-09-23,2026-09-23,CM,NSE,STK,7506,INE049B01025,WOCKPHARMA,EQ,,,,,WOCKHARDT LIMITED,2199.00,2360.00,2182.10,2329.70,2333.00,2185.40,,2329.71,,,3834525,8867277491.90,171824,F1,1,,,,,
2026-09-23,2026-09-23,CM,NSE,STK,25602,INE0OO201011,WOL3D,SM,,,,,WOL 3D INDIA LIMITED,133.05,133.05,132.00,132.00,132.00,138.90,,132.00,,,15000,1982050.00,7,F1,1000,,,,,
2026-09-23,2026-09-23,CM,NSE,STK,19632,INE0Q9601016,WOMANCART,ST,,,,,WOMANCART LIMITED,101.40,105.70,99.20,102.50,104.90,104.35,,102.50,,,28000,2855660.00,62,F1,400,,,,,
2026-09-23,2026-09-23,CM,NSE,STK,7835,INE02WG01024,WEL,EQ,,,,,WONDER ELECTRICALS LTD,81.00,81.79,76.38,76.93,77.02,80.40,,76.93,,,1221695,95670607.05,6867,F1,1,,,,,
2026-09-23,2026-09-23,CM,NSE,STK,3002,INE066O01014,WONDERLA,EQ,,,,,WONDERLA HOLIDAYS LTD.,515.40,515.40,510.00,510.75,512.25,511.15,,510.75,,,26910,13773791.35,2622,F1,1,,,,,
2026-09-23,2026-09-23,CM,NSE,STK,22277,INE196Y01018,WORTHPERI,EQ,,,,,WORTH PERIPHERALS LIMITED,149.99,149.99,144.71,149.21,149.85,148.82,,149.21,,,1746,258926.05,61,F1,1,,,,,
2026-09-23,2026-09-23,CM,NSE,STK,11705,INE692G01013,XCHANGING,EQ,,,,,XCHANGING SOLUTIONS LTD,60.10,61.88,60.10,61.79,61.85,60.32,,61.78,,,60220,3680324.96,1053,F1,1,,,,,
2026-09-23,2026-09-23,CM,NSE,STK,8477,INE01P501012,XELPMOC,EQ,,,,,XELPMOC DESIGN & TECH LTD,73.02,75.29,73.00,74.03,74.00,73.32,,74.05,,,10523,782948.93,141,F1,1,,,,,
2026-09-23,2026-09-23,CM,NSE,STK,11407,INE445C01015,XPROINDIA,EQ,,,,,XPRO INDIA LIMITED,1205.00,1244.00,1202.40,1223.50,1219.00,1201.00,,1223.35,,,80425,98374572.10,10031,F1,1,,,,,
2026-09-23,2026-09-23,CM,NSE,STK,25235,INE547B01028,XTGLOBAL,EQ,,,,,XTGLOBAL INFOTECH LIMITED,30.77,30.99,29.14,29.93,30.20,30.14,,29.94,,,23704,709943.95,275,F1,1,,,,,
2026-09-23,2026-09-23,CM,NSE,STK,764312,INE0NG701011,XTRANET,EQ,,,,,XTRANET TECHNOLOGIES LTD,336.35,337.70,317.65,317.65,317.65,334.36,,317.67,,,1030477,334845240.03,15830,F1,1,,,,,
2026-09-23,2026-09-23,CM,NSE,STK,760870,INE0U0J01015,YAAP,SM,,,,,YAAP DIGITAL LIMITED,124.00,130.00,124.00,126.60,128.30,121.15,,126.60,,,37000,4714000.00,33,F1,1000,,,,,
2026-09-23,2026-09-23,CM,NSE,STK,23451,INE0TO601017,YASHOPTICS,SM,,,,,YASH OPTICS & LENS LTD,133.95,137.00,132.00,134.65,136.00,130.00,,134.65,,,43200,5833560.00,44,F1,800,,,,,
2026-09-23,2026-09-23,CM,NSE,STK,18131,INE616Z01012,YASHO,EQ,,,,,YASHO INDUSTRIES LIMITED,3993.50,4180.00,3902.00,4144.70,4115.50,3959.40,,4144.63,,,59622,244465523.20,13270,F1,1,,,,,
2026-09-23,2026-09-23,CM,NSE,STK,17627,INE08S201019,YCCL,SM,,,,,YASONS CHEMEX CARE LTD,8.25,8.25,8.25,8.25,8.25,8.30,,8.25,,,9000,74250.00,3,F1,3000,,,,,
2026-09-23,2026-09-23,CM,NSE,STK,17738,INE0JO301016,YATHARTH,EQ,,,,,YATHARTH HOSP & TRA C S L,1132.00,1170.00,1123.90,1162.20,1164.00,1129.10,,1162.19,,,551293,633022601.40,31501,F1,1,,,,,
2026-09-23,2026-09-23,CM,NSE,STK,18760,INE0JR601024,YATRA,EQ,,,,,YATRA ONLINE LIMITED,110.01,111.45,107.35,108.74,108.51,108.82,,108.74,,,774397,84609541.39,7660,F1,1,,,,,
2026-09-23,2026-09-23,CM,NSE,STK,11915,INE528G01035,YESBANK,EQ,,,,,YES BANK LIMITED,23.20,23.38,23.17,23.24,23.24,23.20,,23.24,,,46135166,1072689608.95,91522,F1,1,,,,,
2026-09-23,2026-09-23,CM,NSE,STK,765010,INE290E01011,YOGI,EQ,,,,,YOGI LTD.,163.10,163.10,156.00,161.95,162.00,161.00,,161.95,,,2971,475715.20,26,F1,1,,,,,
2026-09-23,2026-09-23,CM,NSE,STK,5501,INE384C01016,YUKEN,EQ,,,,,YUKEN INDIA LIMITED,1141.90,1148.00,1110.05,1138.90,1137.00,1137.95,,1138.87,,,11505,13002533.90,1315,F1,1,,,,,
2026-09-23,2026-09-23,CM,NSE,STK,4229,INE116C01012,ZFSTEERING,EQ,,,,,Z F STEERING GEAR (I) LTD,700.00,709.90,691.00,703.65,709.00,689.70,,703.52,,,3509,2461463.70,279,F1,1,,,,,
2026-09-23,2026-09-23,CM,NSE,STK,23976,INE0ISZ01012,ZTECH,SM,,,,,Z-TECH (INDIA) LIMITED,426.90,445.00,426.90,429.55,433.00,429.50,,429.55,,,40200,17479770.00,92,F1,300,,,,,
2026-09-23,2026-09-23,CM,NSE,STK,18608,INE07K301024,ZAGGLE,EQ,,,,,ZAGGLE PREPA OCEAN SER L,180.87,185.02,178.97,179.86,179.20,179.95,,179.86,,,907401,164560005.04,11610,F1,1,,,,,
2026-09-23,2026-09-23,CM,NSE,STK,17766,INE0PPS01018,ZEAL,SM,,,,,ZEAL GLOBAL SERVICES LTD,75.95,76.00,75.90,76.00,76.00,73.55,,76.00,,,3000,227850.00,5,F1,600,,,,,
2026-09-23,2026-09-23,CM,NSE,STK,3812,INE256A01028,ZEEL,EQ,,,,,ZEE ENTERTAINMENT ENT LTD,78.30,79.04,76.80,77.28,77.39,78.21,,77.28,,,13400743,1041057850.98,40654,F1,1,,,,,
2026-09-23,2026-09-23,CM,NSE,STK,20852,INE565L01011,ZEELEARN,EQ,,,,,ZEE LEARN LIMITED,6.94,6.99,6.11,6.84,6.82,6.81,,6.84,,,308015,2063146.80,690,F1,1,,,,,
2026-09-23,2026-09-23,CM,NSE,STK,14003,INE966H01019,ZEEMEDIA,EQ,,,,,ZEE MEDIA CORPORATION LTD,7.65,7.84,7.42,7.51,7.52,7.56,,7.51,,,1052962,7968891.72,1488,F1,1,,,,,
2026-09-23,2026-09-23,CM,NSE,STK,7508,INE251B01027,ZENTEC,EQ,,,,,ZEN TECHNOLOGIES LIMITED,1673.00,1685.00,1661.10,1672.30,1675.00,1673.80,,1672.31,,,136927,228782071.00,13124,F1,1,,,,,
2026-09-23,2026-09-23,CM,NSE,STK,22803,INE0QWN01013,ZENITHDRUG,SM,,,,,ZENITH DRUGS LIMITED,41.50,49.50,41.00,48.95,49.50,41.35,,48.95,,,28800,1318440.00,31,F1,800,,,,,
2026-09-23,2026-09-23,CM,NSE,STK,4176,INE058B01018,ZENITHEXPO,EQ,,,,,ZENITH EXPORTS LTD,197.00,197.00,197.00,197.00,197.00,197.62,,197.00,,,51,10047.00,1,F1,1,,,,,
2026-09-23,2026-09-23,CM,NSE,STK,14562,INE318D01020,ZENITHSTL,EQ,,,,,ZENITH STEEL PIP IND LTD,5.33,5.44,5.20,5.34,5.33,5.31,,5.34,,,65372,350255.75,213,F1,1,,,,,
2026-09-23,2026-09-23,CM,NSE,STK,1076,INE520A01027,ZENSARTECH,EQ,,,,,ZENSAR TECHNOLOGIES  LTD,435.60,435.60,426.60,430.75,430.65,432.60,,430.75,,,1009826,434199109.70,23001,F1,1,,,,,
2026-09-23,2026-09-23,CM,NSE,STK,22901,INF0R8F01042,GOLDCASE,EQ,,,,,ZERODHAAMC - GOLDCASE,23.87,23.90,23.74,23.76,23.79,23.79,,23.76,,,10005755,238157971.76,6919,F1,1,,,,,
2026-09-23,2026-09-23,CM,NSE,STK,21750,INF0R8F01034,LIQUIDCASE,EQ,,,,,ZERODHAAMC - LIQUIDCASE,116.03,116.05,116.03,116.04,116.04,116.03,,116.04,,,16887025,1959610938.51,10150,F1,1,,,,,
2026-09-23,2026-09-23,CM,NSE,STK,758705,INF0R8F01133,LTGILTCASE,EQ,,,,,ZERODHAAMC - LTGILTCASE,30.50,30.50,30.30,30.37,30.37,30.35,,30.37,,,146167,4442119.75,129,F1,1,,,,,
2026-09-23,2026-09-23,CM,NSE,STK,24077,INF0R8F01059,MID150CASE,EQ,,,,,ZERODHAAMC - MID150CASE,11.75,11.75,11.31,11.56,11.60,11.47,,11.56,,,796587,9187931.80,2626,F1,1,,,,,
2026-09-23,2026-09-23,CM,NSE,STK,759302,INF0R8F01166,NIFTYCASE,EQ,,,,,ZERODHAAMC - NIFTYCASE,9.62,9.62,9.30,9.40,9.42,9.39,,9.40,,,412050,3878915.58,1352,F1,1,,,,,
2026-09-23,2026-09-23,CM,NSE,STK,30274,INF0R8F01091,SILVERCASE,EQ,,,,,ZERODHAAMC - SILVERCASE,23.62,23.70,23.32,23.37,23.37,23.36,,23.37,,,3994735,94087521.99,4515,F1,1,,,,,
2026-09-23,2026-09-23,CM,NSE,STK,758955,INF0R8F01141,SML100CASE,EQ,,,,,ZERODHAAMC - SML100CASE,11.30,11.43,11.29,11.38,11.42,11.29,,11.38,,,1159997,13182845.98,1050,F1,1,,,,,
2026-09-23,2026-09-23,CM,NSE,STK,24081,INF0R8F01067,TOP100CASE,EQ,,,,,ZERODHAAMC - TOP100CASE,10.55,10.55,10.23,10.35,10.35,10.30,,10.35,,,794199,8219473.02,874,F1,1,,,,,
2026-09-23,2026-09-23,CM,NSE,STK,16915,INE342J01019,ZFCVINDIA,EQ,,,,,ZF COM VE CTR SYS IND LTD,2355.10,2365.00,2320.10,2357.20,2356.10,2362.20,,2357.18,,,114999,268991596.20,23302,F1,1,,,,,
2026-09-23,2026-09-23,CM,NSE,STK,12384,INE518E01015,ZIMLAB,EQ,,,,,ZIM LABORATORIES LIMITED,133.70,135.80,130.75,133.56,135.06,133.80,,133.61,,,118261,15773703.37,1634,F1,1,,,,,
2026-09-23,2026-09-23,CM,NSE,STK,3821,INE206B01013,ZODIACLOTH,EQ,,,,,ZODIAC CLOTHING CO. LTD.,70.90,70.90,69.59,69.71,69.67,69.89,,69.62,,,5230,365583.40,96,F1,1,,,,,
2026-09-23,2026-09-23,CM,NSE,STK,7129,INE761Y01019,ZODIAC,EQ,,,,,ZODIAC ENERGY LIMITED,227.72,231.21,226.00,229.94,230.95,227.72,,229.98,,,8604,1969012.29,548,F1,1,,,,,
2026-09-23,2026-09-23,CM,NSE,STK,11394,INE358U01012,ZOTA,EQ,,,,,ZOTA HEALTH CARE LIMITED,1365.00,1396.00,1334.50,1390.60,1395.00,1356.00,,1390.60,,,109803,150647703.00,11088,F1,1,,,,,
2026-09-23,2026-09-23,CM,NSE,STK,29050,INE840M01016,ZUARI,EQ,,,,,ZUARI AGRO CHEMICALS LTD,227.80,227.80,222.61,224.09,223.49,225.72,,224.08,,,77398,17373102.07,2438,F1,1,,,,,
2026-09-23,2026-09-23,CM,NSE,STK,3827,INE217A01012,ZUARIIND,EQ,,,,,ZUARI INDUSTRIES LIMITED,274.95,280.55,271.20,278.90,280.55,275.10,,278.90,,,40853,11343209.25,1246,F1,1,,,,,
2026-09-23,2026-09-23,CM,NSE,STK,7929,INE010B01027,ZYDUSLIFE,EQ,,,,,ZYDUS LIFESCIENCES LTD,1156.00,1175.00,1156.00,1170.10,1170.10,1162.30,,1169.91,,,1088359,1269326263.40,24324,F1,1,,,,,
2026-09-23,2026-09-23,CM,NSE,STK,17635,INE768C01028,ZYDUSWELL,EQ,,,,,ZYDUS WELLNESS LIMITED,519.00,533.15,519.00,531.00,532.00,520.55,,530.92,,,120286,63379468.85,6827,F1,1,,,,,
